scenario,initialization,h,dt,t,J_red,Q_outer_red,bulk_balance_residual,bulk_balance_normalized,robin_flux_mismatch,M_red,mass_red,energy_red
constant,prepared,0.08,0.0005,0.0,0.7246376811594197,0.7246376811594203,0.0,0.0,0.0,0.0,0.36231884057971037,0.08751662815934971
constant,prepared,0.08,0.0005,0.0005,0.7200303729566689,0.7246376811601611,1.4355842903324145e-12,9.90553160327372e-13,-1.4406253967536031e-12,0.0003600151864783345,0.362316536925611,0.08751499549673208
constant,prepared,0.08,0.0005,0.001,0.7160540132678405,0.7246376811601541,1.4228895839352163e-12,9.81793812913341e-13,-1.4361845046551025e-12,0.0007180421931122547,0.3623122450916627,0.08751197300707833
constant,prepared,0.08,0.0005,0.0015,0.7124601447082477,0.7246376811601563,1.4199318804086758e-12,9.797529974800313e-13,-1.4344081478157023e-12,0.0010742722654663785,0.36230615632343194,0.08750770801225437
constant,prepared,0.08,0.0005,0.002,0.7091399086272694,0.7246376811601607,1.4226935601824309e-12,9.816585565239107e-13,-1.439071084519128e-12,0.0014288422197800132,0.3622984074371673,0.08750230597506521
constant,prepared,0.08,0.0005,0.0025,0.7060314114387073,0.7246376811601515,1.4172586715321955e-12,9.779084833552717e-13,-1.4366285938649526e-12,0.0017818579254993668,0.3622891043023042,0.08749584855329826
constant,prepared,0.08,0.0005,0.003,0.7030945863285268,0.724637681160151,1.4104273304837989e-12,9.731948580318926e-13,-1.4268586312482512e-12,0.0021334052186636303,0.36227833275488786,0.08748840199105658
constant,prepared,0.08,0.0005,0.0035,0.700301384600073,0.7246376811601508,1.407207683712386e-12,9.709733017596247e-13,-1.4260814751310136e-12,0.0024835559109636666,0.36226616460660654,0.0874800217395929
constant,prepared,0.08,0.0005,0.004,0.6976311007609675,0.7246376811601467,1.4233197953572585e-12,9.820906587945593e-13,-1.432409746371377e-12,0.0028323714613441506,0.36225266131641026,0.0874707552809891
constant,prepared,0.08,0.0005,0.0045000000000000005,0.6950678484218322,0.7246376811601389,1.4157806871306633e-12,9.768886741182345e-13,-1.4231948952669882e-12,0.003179905385555067,0.36223787640003935,0.08746064398146033
constant,prepared,0.08,0.0005,0.005,0.6925990742307347,0.7246376811601305,1.4055909214327755e-12,9.69857735786724e-13,-1.4028778139163478e-12,0.003526204922670434,0.3622218570965755,0.08744972437329038
constant,prepared,0.08,0.0005,0.0055,0.6902146249502175,0.7246376811601232,1.4143686222212182e-12,9.759143493307415e-13,-1.4165335571192372e-12,0.003871312235145543,0.3622046455684633,0.08743802907807674
constant,prepared,0.08,0.0005,0.006,0.6879061319375281,0.7246376811601025,1.415055572717705e-12,9.763883451733439e-13,-1.4201972931005002e-12,0.004215265301114307,0.362186279793856,0.08742558749328798
constant,prepared,0.08,0.0005,0.006500000000000001,0.6856665885801199,0.7246376811600448,1.4093240463530776e-12,9.724335919818398e-13,-1.4032108808237354e-12,0.004558098595404367,0.36216679424756515,0.08741242631631681
constant,prepared,0.08,0.0005,0.007,0.6834900506046315,0.7246376811599383,1.4188789032587579e-12,9.790264432468846e-13,-1.4247492075014634e-12,0.004899843620706683,0.36214622043228334,0.08739856995328937
constant,prepared,0.08,0.0005,0.0075,0.6813714176775253,0.7246376811596738,1.43772493910177e-12,9.920302079788902e-13,-1.4382939284018903e-12,0.0052405293295454455,0.36212458730054553,0.0873840408438595
constant,prepared,0.08,0.0005,0.008,0.6793062705372209,0.7246376811590975,1.412356342989085e-12,9.745258766619532e-13,-1.4126477765330492e-12,0.005580182464814056,0.36210192159523386,0.08736885972337068
constant,prepared,0.08,0.0005,0.0085,0.6772907471086335,0.7246376811579375,1.4159853845008286e-12,9.770299153066164e-13,-1.4127587988355117e-12,0.005918827838368373,0.36207824812820616,0.087353045837354
constant,prepared,0.08,0.0005,0.009000000000000001,0.6753214466334501,0.7246376811556602,1.42051648222008e-12,9.801563727359805e-13,-1.4189760477734126e-12,0.006256488561685098,0.3620535900109454,0.08733661711914387
constant,prepared,0.08,0.0005,0.0095,0.6733953543511715,0.7246376811513406,1.421793238698399e-12,9.810373347118713e-13,-1.421862627637438e-12,0.006593186238860684,0.36202796884754557,0.08731959033851429
constant,prepared,0.08,0.0005,0.01,0.6715097815290156,0.7246376811434713,1.411912253779235e-12,9.742194551281653e-13,-1.414757200279837e-12,0.006928941129625192,0.3620014048977367,0.08730198122724937
constant,prepared,0.08,0.0005,0.0105,0.6696623171400741,0.7246376811295211,1.4101844691971621e-12,9.730272837852431e-13,-1.4073187060148484e-12,0.007263772288195229,0.3619739172157421,0.08728380458610412
constant,prepared,0.08,0.0005,0.011,0.667850788508353,0.7246376811055869,1.4114195923120576e-12,9.738795187667207e-13,-1.4112044866010365e-12,0.007597697682449406,0.3619455237694414,0.087265074376626
constant,prepared,0.08,0.0005,0.0115,0.6660732289456353,0.7246376810656331,1.437197583165073e-12,9.916663325112647e-13,-1.4410694859634532e-12,0.007930734296922223,0.3619162415433819,0.08724580380052736
constant,prepared,0.08,0.0005,0.012,0.6643278509036842,0.7246376810005724,1.429273366326811e-12,9.861986229807118e-13,-1.428746010390114e-12,0.008262898222374065,0.3618860866283312,0.08722600536871028
constant,prepared,0.08,0.0005,0.0125,0.6626130235231755,0.7246376808972104,1.4290582606157898e-12,9.860502001807246e-13,-1.4298562334147391e-12,0.008594204734135653,0.3618550742996446,0.08720569096165742
constant,prepared,0.08,0.0005,0.013000000000000001,0.6609272537214277,0.7246376807365833,1.406375016443917e-12,9.703987619116032e-13,-1.4065415498976108e-12,0.008924668360996367,0.36182321908613424,0.08718487188254061
constant,prepared,0.08,0.0005,0.0135,0.6592691701536391,0.724637680492183,1.4359485822623697e-12,9.908045226723737e-13,-1.4368506384698776e-12,0.009254302946073186,0.36179053483096646,0.08716355890415046
constant,prepared,0.08,0.0005,0.014,0.6576375095263782,0.7246376801274248,1.4067219611391124e-12,9.706381545673833e-13,-1.4036549700335854e-12,0.009583121700836375,0.36175703474566456,0.08714176231055804
constant,prepared,0.08,0.0005,0.0145,0.6560311048510967,0.7246376795929853,1.4054452046607935e-12,9.697571933113122e-13,-1.4095391520640987e-12,0.009911137253261924,0.3617227314582941,0.08711949193425458
constant,prepared,0.08,0.0005,0.015,0.6544488753087816,0.7246376788231833,1.4157425232141918e-12,9.768623441662492e-13,-1.4166445794216997e-12,0.010238361690916315,0.36168763705653545,0.08709675718938241
constant,prepared,0.08,0.0005,0.0155,0.6528898174612744,0.7246376777320666,1.4063888942317249e-12,9.704083416087355e-13,-1.407873817527161e-12,0.010564806599646953,0.3616517631264004,0.08707356710158859
constant,prepared,0.08,0.0005,0.016,0.6513529975949677,0.7246376762087197,1.4105105972106458e-12,9.73252318723626e-13,-1.4088730182493236e-12,0.010890483098444438,0.3616151207870919,0.08704993033491937
constant,prepared,0.08,0.0005,0.0165,0.6498375450219996,0.7246376741119599,1.426192497433476e-12,9.84072832798726e-13,-1.4228618283596006e-12,0.011215401870955438,0.36157772072254635,0.0870258552161406
constant,prepared,0.08,0.0005,0.017,0.6483426461953672,0.7246376712643305,1.4234446954475288e-12,9.82176853269675e-13,-1.4203083154029628e-12,0.011539573194053122,0.3615395732100105,0.08700134975679152
constant,prepared,0.08,0.0005,0.0175,0.6468675395192849,0.7246376674454752,1.4088036293102846e-12,9.720745226198992e-13,-1.410649375088724e-12,0.011863006963812765,0.3615006881460457,0.08697642167323083
constant,prepared,0.08,0.0005,0.018000000000000002,0.6454115107561922,0.7246376623847961,1.4077905508003141e-12,9.71375505218623e-13,-1.4150902671872245e-12,0.012185712719190861,0.36146107507023256,0.08695107840492403
constant,prepared,0.08,0.0005,0.0185,0.6439738889480043,0.7246376557534776,1.414313111069987e-12,9.758760808517501e-13,-1.414313111069987e-12,0.012507699663664863,0.3614207431868284,0.08692532713114819
constant,prepared,0.08,0.0005,0.019,0.6425540427824347,0.724637647155997,1.3945788968072748e-12,9.622594839498546e-13,-1.3972156764907595e-12,0.01282897668505608,0.3613797013846416,0.08689917478630337
constant,prepared,0.08,0.0005,0.0195,0.6411513773459676,0.7246376361210407,1.4200862707980377e-12,9.798595877508633e-13,-1.4175327578413999e-12,0.013149552373729063,0.36133795825525117,0.08687262807396715
constant,prepared,0.08,0.0005,0.02,0.63976533121403,0.7246376220918261,1.4279549764850685e-12,9.852890140878656e-13,-1.4208634269152753e-12,0.013469435039336078,0.36129552210981464,0.08684569347983344
constant,prepared,0.08,0.0005,0.0205,0.63839537383621,0.7246376044162471,1.413855144072329e-12,9.75560152726218e-13,-1.4137579995576743e-12,0.013788632726254182,0.36125240099452277,0.08681837728363491
constant,prepared,0.08,0.0005,0.021,0.637041003180512,0.7246375823364497,1.419614426012572e-12,9.795340875323613e-13,-1.4191980923783376e-12,0.014107153227844439,0.3612086027049442,0.08679068557016532
constant,prepared,0.08,0.0005,0.021500000000000002,0.6357017436057539,0.7246375549782936,1.4141743331919088e-12,9.757804598140722e-13,-1.4176437801438624e-12,0.014425004099647315,0.36116413479925674,0.0867626242394768
constant,prepared,0.08,0.0005,0.022,0.6343771439354744,0.724637521340615,1.4139661663747916e-12,9.756368699743185e-13,-1.414313111069987e-12,0.014742192671615051,0.36111900461055463,0.08673419901633296
constant,prepared,0.08,0.0005,0.0225,0.6330667757103887,0.7246374802844289,1.410496719422838e-12,9.7324300619106e-13,-1.4163115125143122e-12,0.015058726059470246,0.3610732192582652,0.08670541545899242
constant,prepared,0.08,0.0005,0.023,0.6317702315994012,0.7246374305220901,1.4188789032587579e-12,9.790267818728935e-13,-1.4241940959891508e-12,0.015374611175269946,0.3610267856588028,0.08667627896737536
constant,prepared,0.08,0.0005,0.0235,0.6304871239518491,0.7246373706066909,1.4100942635764113e-12,9.72965458843546e-13,-1.4075407506197735e-12,0.01568985473724587,0.3609797105354753,0.08664679479067405
constant,prepared,0.08,0.0005,0.024,0.6292170834758457,0.7246372989215346,1.4025169914333446e-12,9.677372345581228e-13,-1.4004353232621725e-12,0.016004463278983794,0.36093200042775175,0.08661696803445322
constant,prepared,0.08,0.0005,0.0245,0.6279597580294637,0.7246372136700241,1.4216544608203208e-12,9.809422108055721e-13,-1.4229728506620631e-12,0.016318443157998526,0.3608836616999305,0.0865868036672799
constant,prepared,0.08,0.0005,0.025,0.6267148115131221,0.7246371128657632,1.4244577739574993e-12,9.828766348460377e-13,-1.4246381851990009e-12,0.016631800563755086,0.36083470054925393,0.08655630652693326
constant,prepared,0.08,0.0005,0.025500000000000002,0.6254819228529741,0.7246369943233202,1.4136192216795962e-12,9.753981874733582e-13,-1.4148682225822995e-12,0.016944541525181572,0.36078512301351706,0.08652548132621478
constant,prepared,0.08,0.0005,0.026000000000000002,0.6242607850662475,0.7246368556493182,1.417227446509628e-12,9.778880521046097e-13,-1.4193091146808001e-12,0.017256671917714697,0.3607349349782264,0.0864943326584019
constant,prepared,0.08,0.0005,0.0265,0.6230511044005705,0.7246366942342516,1.4065415498976108e-12,9.705149912278362e-13,-1.4063195052926858e-12,0.017568197469914983,0.3606841421833082,0.08646286500236992
constant,prepared,0.08,0.0005,0.027,0.6218525995402144,0.7246365072448487,1.4174356133267452e-12,9.780321576086555e-13,-1.422306716847288e-12,0.01787912376968509,0.36063275022945585,0.08643108272740141
constant,prepared,0.08,0.0005,0.0275,0.6206650008729472,0.7246362916171619,1.4071799281367703e-12,9.709560122879147e-13,-1.4024337247064977e-12,0.018189456270121564,0.3605807645840812,0.08639899009772277
constant,prepared,0.08,0.0005,0.028,0.6194880498119282,0.7246360440504342,1.4381967838872356e-12,9.923580228267743e-13,-1.4348522370255523e-12,0.018499200295027527,0.3605281905869625,0.08636659127676766
constant,prepared,0.08,0.0005,0.0285,0.618321498167641,0.7246357610016174,1.4243467516550368e-12,9.828018628868482e-13,-1.4240830736866883e-12,0.01880836104411135,0.36047503345554577,0.08633389033120668
constant,prepared,0.08,0.0005,0.029,0.6171651075653805,0.7246354386807734,1.403835381275087e-12,9.686494106812271e-13,-1.404654170755748e-12,0.01911694359789404,0.3604212982899869,0.08630089123474773
constant,prepared,0.08,0.0005,0.029500000000000002,0.6160186489043539,0.724635073047278,1.4133139103478243e-12,9.75190108038171e-13,-1.4165335571192372e-12,0.01942495292234622,0.360366990077913,0.08626759787172711
constant,prepared,0.08,0.0005,0.03,0.614881901854726,0.724634659806751,1.4189621699856048e-12,9.790879795638199e-13,-1.4239720513842258e-12,0.019732393873273583,0.36031211369893634,0.08623401404051045
constant,prepared,0.08,0.0005,0.0305,0.6137546543894529,0.7246341944088925,1.4020729022234946e-12,9.674349575552768e-13,-1.4049872376631356e-12,0.02003927120046831,0.3602566739289253,0.08620014345670741
constant,prepared,0.08,0.0005,0.031,0.6126367023479651,0.7246336720461344,1.4024059691308821e-12,9.676654723824646e-13,-1.4017675908917226e-12,0.02034558955164229,0.3602006754440774,0.0861659897562185
constant,prepared,0.08,0.0005,0.0315,0.6115278490290696,0.7246330876530257,1.4079154508905845e-12,9.714678192857827e-13,-1.4094281297616362e-12,0.020651353476156827,0.3601441228247627,0.08613155649813325
constant,prepared,0.08,0.0005,0.032,0.6104279048107305,0.7246324359064281,1.4041823259702824e-12,9.688928181999323e-13,-1.404654170755748e-12,0.02095656742856219,0.3600870205592166,0.08609684716746699
constant,prepared,0.08,0.0005,0.0325,0.6093366867945538,0.7246317112265768,1.4106910084521473e-12,9.733848150689623e-13,-1.414757200279837e-12,0.02126123577195947,0.36002937304699945,0.08606186517777098
constant,prepared,0.08,0.0005,0.033,0.608254018473052,0.7246309077787502,1.419545037073533e-12,9.794952311815885e-13,-1.4209744492177379e-12,0.021565362781195994,0.35997118460234473,0.0860266138736112
constant,prepared,0.08,0.0005,0.0335,0.6071797294179039,0.7246300194757745,1.4143408666456025e-12,9.75905516353995e-13,-1.4158674233044621e-12,0.021868952645904945,0.3599124594573181,0.08599109653292497
constant,prepared,0.08,0.0005,0.034,0.6061136549876304,0.7246290399811258,1.4215295607300504e-12,9.808670935722381e-13,-1.4184209362611e-12,0.02217200947339876,0.359853201764819,0.08595531636926629
constant,prepared,0.08,0.0005,0.0345,0.6050556360531884,0.7246279627127837,1.414451888948065e-12,9.75984892752008e-13,-1.4140910664650619e-12,0.022474537291425355,0.35979341560148875,0.08591927653394353
constant,prepared,0.08,0.0005,0.035,0.604005518740186,0.7246267808476191,1.4091089406420565e-12,9.722997947939535e-13,-1.4103163081813364e-12,0.02277654005079545,0.3597331049704351,0.0858829801180596
constant,prepared,0.08,0.0005,0.035500000000000004,0.6029631541864807,0.7246254873264077,1.4046264151801324e-12,9.692085358198674e-13,-1.4063195052926858e-12,0.02307802162788869,0.3596722738038629,0.08584643015445509
constant,prepared,0.08,0.0005,0.036000000000000004,0.6019283983140434,0.7246240748594006,1.4304807338660908e-12,9.870502399069727e-13,-1.4299672557172016e-12,0.02337898582704571,0.35961092596559024,0.08580962961956799
constant,prepared,0.08,0.0005,0.0365,0.6009011116140893,0.7246225359323765,1.418046235990289e-12,9.784723533089487e-13,-1.418642980866025e-12,0.023679436382852755,0.35954906525342967,0.08577258143520533
constant,prepared,0.08,0.0005,0.037,0.5998811589445289,0.7246208628131703,1.4138273884967134e-12,9.75563540226044e-13,-1.4096501743665613e-12,0.02397937696232502,0.3594866954014936,0.08573528847023938
constant,prepared,0.08,0.0005,0.0375,0.5988684093388812,0.724619047558621,1.3839762669221045e-12,9.549681805796172e-13,-1.3851142455223453e-12,0.024278811166994457,0.3594238200823845,0.08569775354222799
constant,prepared,0.08,0.0005,0.038,0.5978627358258732,0.7246170820219608,1.418948292197797e-12,9.791021543661345e-13,-1.4176437801438624e-12,0.024577742534907392,0.3593604429092852,0.08565997941896823
constant,prepared,0.08,0.0005,0.0385,0.5968640152589857,0.7246149578604076,1.405625615902295e-12,9.69912089622994e-13,-1.4056533714779107e-12,0.024876174542536884,0.359296567437984,0.08562196881998138
constant,prepared,0.08,0.0005,0.039,0.5958721281552987,0.7246126665432173,1.3883894034449895e-12,9.580217594504698e-13,-1.389777182225771e-12,0.025174110606614532,0.3592321971687892,0.0855837244179336
constant,prepared,0.08,0.0005,0.0395,0.5948869585430054,0.7246101993599928,1.3991585667838535e-12,9.65456025886953e-13,-1.4022116801015727e-12,0.025471554085886035,0.35916733554837815,0.08554524884000524
constant,prepared,0.08,0.0005,0.04,0.5939083938170419,0.7246075474290681,1.3945233856560435e-12,9.62261151296669e-13,-1.390221271435621e-12,0.025768508282794554,0.359101985971573,0.08550654466919586
constant,prepared,0.08,0.0005,0.0405,0.5929363246022966,0.7246047017062974,1.404210081545898e-12,9.689490547314328e-13,-1.404432126150823e-12,0.026064976445095703,0.3590361517830226,0.08546761444557789
constant,prepared,0.08,0.0005,0.041,0.5919706446239273,0.7246016529938798,1.3925527397873338e-12,9.609091657687384e-13,-1.3946621635341216e-12,0.026360961767407667,0.35896983627883583,0.08542846066750738
constant,prepared,0.08,0.0005,0.0415,0.5910112505843313,0.7245983919493134,1.418115624929328e-12,9.785528374641628e-13,-1.41886502547095e-12,0.026656467392699834,0.35890304270815293,0.08538908579277553
constant,prepared,0.08,0.0005,0.042,0.5900580420463595,0.7245949090944943,1.397854054729919e-12,9.645762323084971e-13,-1.40121247937941e-12,0.026951496413723013,0.3588357742746289,0.08534949223972614
constant,prepared,0.08,0.0005,0.0425,0.5891109213223836,0.7245911948248823,1.412064909445121e-12,9.743872955736165e-13,-1.411093464298574e-12,0.027246051874384204,0.3587680341378748,0.08530968238832153
constant,prepared,0.08,0.0005,0.043000000000000003,0.5881697933688622,0.7245872394186533,1.3972711876419908e-12,9.641842359532125e-13,-1.4015455462867976e-12,0.027540136771068636,0.3586998254148494,0.08526965858117133
constant,prepared,0.08,0.0005,0.043500000000000004,0.5872345656860894,0.7245830330458889,1.4260259639797823e-12,9.840321253341208e-13,-1.4247492075014634e-12,0.02783375405391168,0.35863115118116834,0.08522942312452489
constant,prepared,0.08,0.0005,0.044,0.5863051482227863,0.7245785657777577,1.3970213874614501e-12,9.640234016310916e-13,-1.3939960297193466e-12,0.02812690662802307,0.35856201447239144,0.08518897828922058
constant,prepared,0.08,0.0005,0.0445,0.5853814532852855,0.724573827595713,1.40915057400548e-12,9.723995818893742e-13,-1.408095862132086e-12,0.028419597354665715,0.35849241828523654,0.08514832631160421
constant,prepared,0.08,0.0005,0.045,0.5844633954510107,0.7245688084004286,1.3998802117498599e-12,9.660091598746216e-13,-1.40032430095971e-12,0.02871182905239122,0.3584223655787581,0.08510746939441502
constant,prepared,0.08,0.0005,0.0455,0.5835508914860247,0.7245634980209763,1.4075962617710047e-12,9.713408594376137e-13,-1.4100942635764113e-12,0.029003604498134234,0.35835185927549057,0.08506640970763481
constant,prepared,0.08,0.0005,0.046,0.5826438602664155,0.7245578862235502,1.4182544028074062e-12,9.787033098197758e-13,-1.419087070075875e-12,0.02929492642826744,0.3582809022625111,0.08502514938931056
constant,prepared,0.08,0.0005,0.0465,0.5817422227032711,0.7245519627203657,1.406375016443917e-12,9.70513564798202e-13,-1.4059864383852982e-12,0.029585797539619076,0.35820949739250174,0.08498369054634893
constant,prepared,0.08,0.0005,0.047,0.5808459016710982,0.7245457171782571,1.4090117961274018e-12,9.723415394776105e-13,-1.4120926650207366e-12,0.029876220490454623,0.3581376474847478,0.08494203525527594
constant,prepared,0.08,0.0005,0.0475,0.5799548219394368,0.7245391392271819,1.4073742171660797e-12,9.712202840179662e-13,-1.4064305275951483e-12,0.03016619790142434,0.35806535532610406,0.08490018556298067
constant,prepared,0.08,0.0005,0.048,0.5790689101075362,0.724532218468529,1.4045986596045168e-12,9.693141476662751e-13,-1.4049872376631356e-12,0.030455732356478107,0.35799262367192364,0.08485814348742454
constant,prepared,0.08,0.0005,0.0485,0.5781880945419189,0.724524944483338,1.4070966614099234e-12,9.710477686948129e-13,-1.4085399513419361e-12,0.030744826403749065,0.3579194552469513,0.08481591101833122
constant,prepared,0.08,0.0005,0.049,0.57731230531665,0.7245173068402398,1.3777867735598193e-12,9.508308225011932e-13,-1.3803402865164571e-12,0.03103348255640739,0.3578458527461887,0.08477349011784985
constant,prepared,0.08,0.0005,0.0495,0.5764414741562165,0.7245092951032515,1.4021006577991102e-12,9.67620889941748e-13,-1.4087619959468611e-12,0.0313217032934855,0.35777181883571485,0.08473088272120272
constant,prepared,0.08,0.0005,0.05,0.5755755343808333,0.7245008988393487,1.39194211712379e-12,9.606213873249473e-13,-1.3896661599233084e-12,0.03160949106067592,0.3576973561534844,0.08468809073730288
constant,prepared,0.08,0.0005,0.0505,0.5747144208540775,0.724492107625916,1.3977152768518408e-12,9.646173244251463e-13,-1.3995471448424723e-12,0.03189684827110296,0.3576224673100967,0.08464511604935733
constant,prepared,0.08,0.0005,0.051000000000000004,0.5738580699327296,0.7244829110578337,1.4022116801015727e-12,9.677327502817252e-13,-1.4038770146385104e-12,0.03218377730606932,0.3575471548895352,0.08460196051545045
constant,prepared,0.08,0.0005,0.051500000000000004,0.5730064194186829,0.7244732987544511,1.3918588503969431e-12,9.606005168089398e-13,-1.3949952304415092e-12,0.03247028051577866,0.35747142144986627,0.08455862596910718
constant,prepared,0.08,0.0005,0.052000000000000005,0.5721594085128632,0.724463260366379,1.421557316305666e-12,9.811107022772656e-13,-1.4174217355389374e-12,0.03275636022003509,0.35739526952394,0.08451511421983451
constant,prepared,0.08,0.0005,0.0525,0.5713169777710037,0.724452785581897,1.4018508576185695e-12,9.675239612000489e-13,-1.4058754160828357e-12,0.033042018708920595,0.3573187016200332,0.08447142705365614
constant,prepared,0.08,0.0005,0.053,0.5704790690612246,0.7244418641333036,1.386030179517661e-12,9.566193287121336e-13,-1.386779580059283e-12,0.03332725824345121,0.3572417202224974,0.08442756623362255
constant,prepared,0.08,0.0005,0.0535,0.5696456255233154,0.724430485802964,1.380201508638379e-12,9.526114207543591e-13,-1.3795631303992195e-12,0.03361208105621287,0.3571643277923548,0.08438353350030378
constant,prepared,0.08,0.0005,0.054,0.56881659152963,0.7244186404291335,1.417144179782781e-12,9.781251480096526e-13,-1.4138690218601369e-12,0.033896489351977685,0.35708652676790353,0.08433933057227386
constant,prepared,0.08,0.0005,0.0545,0.5679919126475211,0.7244063179114765,1.377509217803663e-12,9.50784928114533e-13,-1.3808953980287697e-12,0.03418048530830144,0.3570083195652721,0.08429495914657711
constant,prepared,0.08,0.0005,0.055,0.5671715356032442,0.7243935082165495,1.3826162437169387e-12,9.543267768368109e-13,-1.3823386879607824e-12,0.03446407107610307,0.3569297085789652,0.084250420899178
constant,prepared,0.08,0.0005,0.0555,0.5663554082472653,0.7243802013828856,1.387084891391055e-12,9.574287706522749e-13,-1.3880008253863707e-12,0.0347472487802267,0.3568506961823961,0.08420571748540306
constant,prepared,0.08,0.0005,0.056,0.5655434795208762,0.7243663875259029,1.3934686737826496e-12,9.618534886335266e-13,-1.3876677584789832e-12,0.03503002051998714,0.35677128472839437,0.08416085054036399
constant,prepared,0.08,0.0005,0.0565,0.5647356994241101,0.7243520568426078,1.3720136138317685e-12,9.470626892473845e-13,-1.375566327510569e-12,0.035312388369699195,0.3566914765496816,0.08411582167937294
constant,prepared,0.08,0.0005,0.057,0.5639320189848461,0.7243371996160546,1.394634407958506e-12,9.626969377635234e-13,-1.3965495426759844e-12,0.03559435437919162,0.35661127395936676,0.08407063249834411
constant,prepared,0.08,0.0005,0.0575,0.5631323902290734,0.7243218062196197,1.3974654766713002e-12,9.646716864452857e-13,-1.3997691894473974e-12,0.03587592057430616,0.3565306792513705,0.08402528457418065
constant,prepared,0.08,0.0005,0.058,0.5623367661522608,0.7243058671210203,1.396049942314903e-12,9.637157488883763e-13,-1.397104654188297e-12,0.03615708895738229,0.3564496947008864,0.08397977946515739
constant,prepared,0.08,0.0005,0.0585,0.5615451006917739,0.7242893728861485,1.4065415498976108e-12,9.709803861207143e-13,-1.4093171074591737e-12,0.036437861507728174,0.3563683225647888,0.08393411871128618
constant,prepared,0.08,0.0005,0.059000000000000004,0.5607573487003044,0.7242723141826628,1.3916645613676337e-12,9.607329550742128e-13,-1.389555137620846e-12,0.036718240182078324,0.35628656508204504,0.08388830383467391
constant,prepared,0.08,0.0005,0.059500000000000004,0.5599734659202507,0.7242546817834751,1.3907208717967023e-12,9.601048545317796e-13,-1.3916645613676337e-12,0.03699822691503845,0.3562044244741132,0.08384233633986977
constant,prepared,0.08,0.0005,0.06,0.559193408959031,0.7242364665698716,1.3869461135129768e-12,9.575229759421685e-13,-1.3855583347321954e-12,0.037277823619517966,0.35612190294530627,0.08379621771420508
constant,prepared,0.08,0.0005,0.0605,0.5584171352652542,0.7242176595346006,1.3752332606031814e-12,9.494612859106702e-13,-1.379230063491832e-12,0.03755703218715059,0.35603900268317107,0.08374994942811999
constant,prepared,0.08,0.0005,0.061,0.5576446031057546,0.7241982517846546,1.4069856391074609e-12,9.714091656800017e-13,-1.4038770146385104e-12,0.03783585448870347,0.35595572585883273,0.08370353293548495
constant,prepared,0.08,0.0005,0.0615,0.5568757715434118,0.7241782345439274,1.3957723865587468e-12,9.636939637080025e-13,-1.3917755836700962e-12,0.038114292374475174,0.35587207462733067,0.0836569696739107
constant,prepared,0.08,0.0005,0.062,0.55611060041575,0.7241575991557223,1.3936074516607277e-12,9.622266294548037e-13,-1.3909984275528586e-12,0.038392347674683046,0.35578805112795947,0.08361026106504905
constant,prepared,0.08,0.0005,0.0625,0.5553490503142792,0.7241363370849504,1.3931078512996464e-12,9.619099194126458e-13,-1.394107052021809e-12,0.038670022199840184,0.35570365748457616,0.08356340851489408
constant,prepared,0.08,0.0005,0.063,0.5545910825645198,0.7241144399202876,1.3841428003757983e-12,9.557486524691081e-13,-1.3848922009174203e-12,0.03894731774112244,0.3556188958058964,0.08351641341406257
constant,prepared,0.08,0.0005,0.0635,0.5538366592067404,0.7240918993761365,1.3867240689080518e-12,9.575608221149129e-13,-1.3851142455223453e-12,0.03922423607072582,0.35553376818581106,0.08346927713807609
constant,prepared,0.08,0.0005,0.064,0.5530857429773107,0.7240687072943786,1.387612247327752e-12,9.582048176833254e-13,-1.3868906023617456e-12,0.03950077894221447,0.35544827670365187,0.0834220010476337
constant,prepared,0.08,0.0005,0.0645,0.5523382972906985,0.7240448556459979,1.3812839760873885e-12,9.538663007650816e-13,-1.38355993328787e-12,0.039776948090859826,0.3553624234244722,0.08337458648887673
constant,prepared,0.08,0.0005,0.065,0.5515942862220513,0.7240203365325852,1.3812007093605416e-12,9.538411006339612e-13,-1.3778977958622818e-12,0.04005274523397085,0.3552762103993171,0.08332703479364595
constant,prepared,0.08,0.0005,0.0655,0.5508536744903592,0.7239951421876396,1.3797296638529133e-12,9.528583711781387e-13,-1.383337888682945e-12,0.04032817207121603,0.35518963966546807,0.08327934727973638
constant,prepared,0.08,0.0005,0.066,0.5501164274421599,0.7239692649777463,1.390970671977243e-12,9.606558864198905e-13,-1.3864465131518955e-12,0.040603230284937106,0.3551027132467001,0.08323152525113946
constant,prepared,0.08,0.0005,0.0665,0.5493825110357824,0.7239426974036512,1.3963830092222906e-12,9.644292388257614e-13,-1.3974377210956845e-12,0.040877921540455,0.35501543315351514,0.0831835699982832
constant,prepared,0.08,0.0005,0.067,0.5486518918260858,0.723915432101161,1.38775102520583e-12,9.585035514276572e-13,-1.3896661599233084e-12,0.04115224748636804,0.35492780138337704,0.08313548279826785
constant,prepared,0.08,0.0005,0.0675,0.5479245369496898,0.7238874618418981,1.3890000261085333e-12,9.59403290791192e-13,-1.3882228699912957e-12,0.04142620975484288,0.35483981992092845,0.08308726491509076
constant,prepared,0.08,0.0005,0.068,0.5472004141106837,0.7238587795340482,1.3844481117075702e-12,9.562971057679393e-13,-1.3874457138740581e-12,0.041699809961898225,0.354751490738218,0.08303891759986977
constant,prepared,0.08,0.0005,0.0685,0.546479491566763,0.7238293782228047,1.39238620633364e-12,9.618193515100082e-13,-1.392996828997184e-12,0.041973049707681606,0.3546628157948899,0.08299044209106073
constant,prepared,0.08,0.0005,0.069,0.5457617381158202,0.7237992510908665,1.3710976798364527e-12,9.471532871640295e-13,-1.368682944757893e-12,0.04224593057673952,0.3545737970384012,0.08294183961466521
constant,prepared,0.08,0.0005,0.0695,0.5450471230829474,0.72376839145877,1.3840040224977201e-12,9.56109743689489e-13,-1.3864465131518955e-12,0.042518454138280995,0.354484436404212,0.08289311138444233
constant,prepared,0.08,0.0005,0.07,0.5443356163078251,0.7237367927850282,1.3839207557708733e-12,9.560939623119427e-13,-1.3814505095410823e-12,0.04279062194643491,0.3543947358159719,0.08284425860210488
constant,prepared,0.08,0.0005,0.07050000000000001,0.5436271881325145,0.723704448666354,1.3864742687275111e-12,9.579008884643342e-13,-1.386113446244508e-12,0.04306243554050117,0.3543046971857051,0.0827952824575195
constant,prepared,0.08,0.0005,0.07100000000000001,0.5429218093896098,0.7236713528375888,1.3778700402866662e-12,9.519998510944134e-13,-1.3770096174425817e-12,0.043333896445195974,0.3542143224139801,0.08274618412889755
constant,prepared,0.08,0.0005,0.07150000000000001,0.5422194513907588,0.7236374991717086,1.3968270984321407e-12,9.651428374217972e-13,-1.3951062527439717e-12,0.04360500617089135,0.3541236133900908,0.08269696478298069
constant,prepared,0.08,0.0005,0.07200000000000001,0.5415200859155117,0.7236028816795705,1.3827272660194012e-12,9.554462129895071e-13,-1.3836709555903326e-12,0.04387576621384911,0.35403257199220567,0.08264762557522902
constant,prepared,0.08,0.0005,0.0725,0.5408236852005123,0.7235674945097987,1.3761214390228815e-12,9.50928178409856e-13,-1.3750112159982564e-12,0.04414617805644937,0.3539412000875507,0.08259816764999518
constant,prepared,0.08,0.0005,0.073,0.5401302219290114,0.7235313319483654,1.3739009929736312e-12,9.494412558973843e-13,-1.3742340598810188e-12,0.044416243167413876,0.35384949953254,0.0825485921407008
constant,prepared,0.08,0.0005,0.0735,0.5394396692206732,0.723494388418225,1.4036272144579698e-12,9.700332420859246e-13,-1.4014345239843351e-12,0.04468596300202421,0.3537574721729407,0.08249890017000663
constant,prepared,0.08,0.0005,0.074,0.5387520006217016,0.7234566584788157,1.368599678031046e-12,9.458753762163537e-13,-1.3704593015972932e-12,0.04495533900233506,0.3536651198440125,0.08244909284998306
constant,prepared,0.08,0.0005,0.0745,0.5380671900952264,0.7234181368255918,1.3832268663804825e-12,9.560355180261684e-13,-1.3830048217755575e-12,0.04522437259738267,0.35357244437064606,0.08239917128226737
constant,prepared,0.08,0.0005,0.075,0.5373852120119919,0.7233788182893318,1.3910539387040899e-12,9.614975608439564e-13,-1.392996828997184e-12,0.045493065203388666,0.3534794475675075,0.08234913655822981
constant,prepared,0.08,0.0005,0.0755,0.5367060411412862,0.7233386978355273,1.3815337762679292e-12,9.54970182295392e-13,-1.3813394872386198e-12,0.04576141822395931,0.3533861312391593,0.08229898975912417
constant,prepared,0.08,0.0005,0.076,0.5360296526421497,0.7232977705636414,1.3722356584366935e-12,9.485966321768523e-13,-1.376454505930269e-12,0.046029433050280386,0.35329249718019856,0.08224873195624378
constant,prepared,0.08,0.0005,0.0765,0.5353560220548201,0.7232560317063182,1.3863632464250486e-12,9.58418032928801e-13,-1.3813394872386198e-12,0.046297111061307794,0.3531985471753702,0.0821983642110685
constant,prepared,0.08,0.0005,0.077,0.5346851252924149,0.7232134766285773,1.3720136138317685e-12,9.485536830884416e-13,-1.3751222383007189e-12,0.046564453623954,0.35310428299969976,0.08214788757541368
constant,prepared,0.08,0.0005,0.0775,0.5340169386328617,0.7231701008268697,1.397326698793222e-12,9.661120510887926e-13,-1.396660564978447e-12,0.04683146209327043,0.3530097064186042,0.08209730309156942
constant,prepared,0.08,0.0005,0.078,0.5333514387110251,0.7231258999282439,1.3900269824063116e-12,9.611237701089869e-13,-1.3888890038060708e-12,0.047098137812625944,0.3529148191879958,0.0820466117924434
constant,prepared,0.08,0.0005,0.0785,0.5326886025110735,0.7230808696892587,1.38311584407802e-12,9.564046720466315e-13,-1.386335490849433e-12,0.04736448211388148,0.3528196230544059,0.08199581470169627
constant,prepared,0.08,0.0005,0.079,0.5320284073590485,0.7230350059950602,1.377287173198738e-12,9.524346413227714e-13,-1.3771206397450442e-12,0.04763049631756101,0.3527241197550873,0.08194491283387473
constant,prepared,0.08,0.0005,0.0795,0.5313708309156262,0.7229883048582811,1.3788414854332132e-12,9.535710855669904e-13,-1.3751222383007189e-12,0.04789618173301882,0.35262831101811526,0.08189390719454424
constant,prepared,0.08,0.0005,0.08,0.5307158511690824,0.722940762417969,1.3844758672831858e-12,9.575306437634678e-13,-1.3860024239420454e-12,0.04816153965860336,0.35253219856249074,0.08184279878041652
constant,prepared,0.08,0.0005,0.0805,0.5300634464284519,0.7228923749384201,1.3863077352738173e-12,9.588617775852052e-13,-1.3871126469666706e-12,0.048426571381817586,0.35243578409823406,0.08179158857947566
constant,prepared,0.08,0.0005,0.081,0.529413595316851,0.7228431388080914,1.372874036675853e-12,9.49634825986109e-13,-1.3749001936957939e-12,0.048691278179476015,0.35233906932648795,0.08174027757109917
constant,prepared,0.08,0.0005,0.0815,0.5287662767649981,0.7227930505383954,1.3756495942374158e-12,9.516206562939491e-13,-1.3737899706711687e-12,0.048955661317858515,0.3522420559396003,0.0816888667261809
constant,prepared,0.08,0.0005,0.082,0.5281214700048924,0.7227421067624309,1.3748724381201782e-12,9.51150088845452e-13,-1.3732348591588561e-12,0.04921972205286096,0.3521447456212209,0.08163735700724946
constant,prepared,0.08,0.0005,0.0825,0.5274791545636579,0.7226903042338216,1.3800072196090696e-12,9.547708136687966e-13,-1.3782308627696693e-12,0.04948346163014279,0.35204714004638515,0.0815857493685795
constant,prepared,0.08,0.0005,0.083,0.5268393102575571,0.7226376398254273,1.388056336537602e-12,9.604096576477746e-13,-1.3894441153183834e-12,0.04974688128527157,0.3519492408816017,0.08153404475630972
constant,prepared,0.08,0.0005,0.0835,0.5262019171861435,0.7225841105280298,1.3835321777122545e-12,9.57350263832892e-13,-1.382449710263245e-12,0.050009982243864645,0.351851049784928,0.08148224410855143
constant,prepared,0.08,0.0005,0.084,0.5255669557265831,0.7225297134491074,1.3765655282327316e-12,9.52601327397438e-13,-1.376454505930269e-12,0.05027276572172794,0.351752568406066,0.08143034835549683
constant,prepared,0.08,0.0005,0.0845,0.5249344065281032,0.7224744458114564,1.3713197244413777e-12,9.490437567655843e-13,-1.3715695246219184e-12,0.05053523292499199,0.351653798386425,0.0813783584195292
constant,prepared,0.08,0.0005,0.085,0.5243042505065969,0.7224183049518844,1.3754275496324908e-12,9.519606163099576e-13,-1.373012814553931e-12,0.05079738505024529,0.35155474135919956,0.081326275215322
constant,prepared,0.08,0.0005,0.0855,0.5236764688393494,0.7223612883198566,1.3851142455223453e-12,9.5874063845715e-13,-1.3840040224977201e-12,0.05105922328466496,0.3514553989494609,0.08127409964994359
constant,prepared,0.08,0.0005,0.08600000000000001,0.5230510429599136,0.7223033934761333,1.3738732373980156e-12,9.51036122635983e-13,-1.3758993944179565e-12,0.051320748806144914,0.35135577277420044,0.08122183262295973
constant,prepared,0.08,0.0005,0.08650000000000001,0.5224279545530962,0.7222446180914136,1.3576639812384883e-12,9.398920720412862e-13,-1.3593570713510417e-12,0.05158196278342146,0.3512558644424328,0.081169475026528
constant,prepared,0.08,0.0005,0.08700000000000001,0.5218071855500785,0.7221849599449393,1.358441137355726e-12,9.405077734227658e-13,-1.3545831123451535e-12,0.0518428663761965,0.3511556755552349,0.08111702774549948
constant,prepared,0.08,0.0005,0.08750000000000001,0.5211887181236593,0.7221244169231287,1.3783696406477475e-12,9.543851504976612e-13,-1.3771206397450442e-12,0.05210346073525833,0.35105520770583337,0.08106449165750544
constant,prepared,0.08,0.0005,0.088,0.5205725346836031,0.7220629870181441,1.3607170945562075e-12,9.422426568173707e-13,-1.361799562005217e-12,0.05236374700260013,0.35095446247966583,0.08101186763305994
constant,prepared,0.08,0.0005,0.0885,0.5199586178721148,0.7220006683265506,1.3710976798364527e-12,9.495127497686906e-13,-1.371902591529306e-12,0.05262372631153619,0.35085344145443803,0.0809591565356415
constant,prepared,0.08,0.0005,0.089,0.5193469505594148,0.7219374590478269,1.3636036744202329e-12,9.444056803877587e-13,-1.358579915233804e-12,0.052883399786815895,0.3507521462001903,0.08090635922179028
constant,prepared,0.08,0.0005,0.0895,0.5187375158394291,0.721873357483083,1.3789525077356757e-12,9.55120793308038e-13,-1.379230063491832e-12,0.05314276854473561,0.350650578279371,0.08085347654118936
constant,prepared,0.08,0.0005,0.09,0.5181302970255705,0.7218083620334795,1.3636869411470798e-12,9.446322686703234e-13,-1.3623546735175296e-12,0.0534018336932484,0.3505487392468629,0.08080050933675495
constant,prepared,0.08,0.0005,0.0905,0.5175252776466365,0.721742471198964,1.3609668947367481e-12,9.428341472510386e-13,-1.3592460490485792e-12,0.053660596332071715,0.35044663065008913,0.08074745844471859
constant,prepared,0.08,0.0005,0.091,0.5169224414427864,0.7216756835768259,1.3843648449807233e-12,9.591322504577801e-13,-1.380118241911532e-12,0.05391905755279311,0.3503442540290212,0.0806943246947106
constant,prepared,0.08,0.0005,0.0915,0.5163217723616336,0.7216079978602169,1.3715695246219184e-12,9.50356376791643e-13,-1.3712364577145308e-12,0.054177218438973926,0.350241610916271,0.0806411089098412
constant,prepared,0.08,0.0005,0.092,0.51572325455441,0.7215394128368023,1.3657130981670207e-12,9.463884258216017e-13,-1.368904989362818e-12,0.05443508006625113,0.3501387028371283,0.08058781190678103
constant,prepared,0.08,0.0005,0.0925,0.5151268723722335,0.7214699273873423,1.3548051569500785e-12,9.389200474751318e-13,-1.354694134647616e-12,0.05469264350243725,0.3500355313096198,0.08053443449583737
constant,prepared,0.08,0.0005,0.093,0.5145326103624537,0.7213995404843072,1.3547496457988473e-12,9.389731832155536e-13,-1.3529177778082158e-12,0.05494990980761848,0.349932097844559,0.08048097748103357
constant,prepared,0.08,0.0005,0.0935,0.5139404532650922,0.7213282511904254,1.3719581026805372e-12,9.50994294494259e-13,-1.368904989362818e-12,0.055206880034251025,0.34982840394559817,0.08042744166018197
constant,prepared,0.08,0.0005,0.094,0.513350386009354,0.7212560586573414,1.3645196084155486e-12,9.45932857017789e-13,-1.3695711231775931e-12,0.055463555227255705,0.3497244511092714,0.08037382782496046
constant,prepared,0.08,0.0005,0.0945,0.5127623937102201,0.7211829621241697,1.369127033967743e-12,9.492230861457277e-13,-1.3671286325234178e-12,0.055719936424110814,0.34962024082506377,0.08032013676098361
constant,prepared,0.08,0.0005,0.095,0.5121764616651271,0.7211089609161775,1.3833101331073294e-12,9.591547242378535e-13,-1.3847811786149578e-12,0.05597602465494338,0.34951577457543626,0.08026636924787278
constant,prepared,0.08,0.0005,0.0955,0.5115925753507121,0.7210340544433405,1.350364264851578e-12,9.364081048105518e-13,-1.3538059562279159e-12,0.056231820942618735,0.34941105383588933,0.08021252605933098
constant,prepared,0.08,0.0005,0.096,0.5110107204196309,0.7209582421990662,1.3597178938340448e-12,9.429935149124256e-13,-1.3603562720732043e-12,0.05648732630282855,0.3493060800749992,0.08015860796320651
constant,prepared,0.08,0.0005,0.0965,0.5104308826974552,0.7208815237587011,1.3652967645327863e-12,9.469633494091991e-13,-1.3606893389805919e-12,0.056742541744177276,0.34920085475446816,0.08010461572156469
constant,prepared,0.08,0.0005,0.097,0.509853048179638,0.7208038987782742,1.3514189767249718e-12,9.37438725716031e-13,-1.354472090042691e-12,0.05699746826826709,0.34909537932916757,0.08005055009075089
constant,prepared,0.08,0.0005,0.0975,0.509277203028531,0.7207253669931232,1.3619105843076795e-12,9.448193768926878e-13,-1.361133428190442e-12,0.057252106869781355,0.3489896552471846,0.07999641182145863
constant,prepared,0.08,0.0005,0.098,0.508703333570493,0.7206459282165403,1.362104873336989e-12,9.45058328926279e-13,-1.3609113835855169e-12,0.0575064585365666,0.3488836839498611,0.07994220165879407
constant,prepared,0.08,0.0005,0.0985,0.5081314262930379,0.7205655823384842,1.3716250357731496e-12,9.517697412915887e-13,-1.3687939670603555e-12,0.05776052424971312,0.3487774668718375,0.07988792034233601
constant,prepared,0.08,0.0005,0.099,0.5075614678420608,0.7204843293242231,1.3545553567695379e-12,9.400311024382496e-13,-1.3536949339254534e-12,0.05801430498363415,0.3486710054410973,0.07983356860619994
constant,prepared,0.08,0.0005,0.0995,0.506993445019118,0.7204021692130457,1.3444800828210646e-12,9.331454986375844e-13,-1.3410383914447266e-12,0.05826780170614371,0.3485643010789994,0.0797791471791001
constant,prepared,0.08,0.0005,0.1,0.5064273447787689,0.720319102116973,1.3661016762256395e-12,9.482614526044473e-13,-1.3637979634495423e-12,0.05852101537853309,0.34845735520033033,0.07972465678440761
constant,prepared,0.08,0.0005,0.1005,0.5058631542259735,0.7202351282194387,1.3614109839465982e-12,9.45115650850705e-13,-1.3629097850298422e-12,0.05877394695564608,0.3483501692133323,0.0796700981402105
constant,prepared,0.08,0.0005,0.101,0.5053008606135405,0.7201502477740468,1.3646028751423955e-12,9.47443175475556e-13,-1.3629097850298422e-12,0.059026597385952846,0.3482427445197507,0.0796154719593701
constant,prepared,0.08,0.0005,0.1015,0.5047404513396405,0.7200644611033096,1.3481438188023276e-12,9.361271744583738e-13,-1.3464784842653899e-12,0.059278967611622664,0.34813508251486786,0.0795607789495788
constant,prepared,0.08,0.0005,0.10200000000000001,0.504181913945364,0.7199777685973686,1.3432310819183613e-12,9.328281653292826e-13,-1.3355982986240633e-12,0.05953105856859535,0.3480271845875422,0.0795060198134182
constant,prepared,0.08,0.0005,0.10250000000000001,0.5036252361123384,0.7198901707128098,1.3594403380778886e-12,9.441998192102938e-13,-1.3610224058879794e-12,0.059782871186651515,0.34791905212024077,0.07945119524841017
constant,prepared,0.08,0.0005,0.10300000000000001,0.5030704056603819,0.7198016679713355,1.3549716904037723e-12,9.41211830073486e-13,-1.3564704914870163e-12,0.06003440638948171,0.3478106864890854,0.0793963059470741
constant,prepared,0.08,0.0005,0.10350000000000001,0.5025174105452233,0.7197122609586546,1.3611056726148263e-12,9.455901659925527e-13,-1.361133428190442e-12,0.06028566509475432,0.34770208906387706,0.07934135259697798
constant,prepared,0.08,0.0005,0.10400000000000001,0.5019662388562532,0.7196219503232281,1.3593570713510417e-12,9.444938906735571e-13,-1.3603562720732043e-12,0.06053664821418244,0.347593261208142,0.07928633588079363
constant,prepared,0.08,0.0005,0.1045,0.5014168788143427,0.7195307367750811,1.3542222898621503e-12,9.41045476340918e-13,-1.3564704914870163e-12,0.060787356653589614,0.3474842042791605,0.07923125647634469
constant,prepared,0.08,0.0005,0.105,0.5008693187696797,0.7194386210846365,1.3460621506311554e-12,9.354947810562023e-13,-1.3454792835432272e-12,0.06103779131297445,0.34737491962800443,0.0791761150566605
constant,prepared,0.08,0.0005,0.1055,0.5003235471996735,0.719345604081557,1.3452294833626866e-12,9.350369806450578e-13,-1.351474487876203e-12,0.06128795308657429,0.34726540859955995,0.07912091229002295
constant,prepared,0.08,0.0005,0.106,0.4997795527068957,0.7192516866535666,1.3636869411470798e-12,9.479900891790455e-13,-1.3663514764061802e-12,0.06153784286292774,0.3471556725325875,0.07906564884001799
constant,prepared,0.08,0.0005,0.1065,0.4992373240170483,0.7191568697453236,1.35619293573086e-12,9.429048047680143e-13,-1.3604672943756668e-12,0.06178746152493626,0.34704571275972346,0.07901032536558322
constant,prepared,0.08,0.0005,0.107,0.4986968499770021,0.7190611543573172,1.34736666268509e-12,9.368929572395533e-13,-1.3479772853486338e-12,0.06203680994992476,0.3469355306075333,0.0789549425210557
constant,prepared,0.08,0.0005,0.1075,0.4981581195528496,0.7189645415447234,1.3468115511727774e-12,9.366328054773317e-13,-1.349087508373259e-12,0.06228588900970119,0.34682512739653554,0.07889950095621684
constant,prepared,0.08,0.0005,0.108,0.4976211218280024,0.7188670324163353,1.3470891069289337e-12,9.369529037934085e-13,-1.3499201756417278e-12,0.0625346995706152,0.3467145044412415,0.07884400131634003
constant,prepared,0.08,0.0005,0.1085,0.4970858460013402,0.7187686281334417,1.3350709426873664e-12,9.287209335729843e-13,-1.3370970997073073e-12,0.06278324249361586,0.34660366305017243,0.0787884442422364
constant,prepared,0.08,0.0005,0.109,0.4965522813853821,0.7186693299088077,1.3582746039020321e-12,9.449927437929629e-13,-1.3583023594776478e-12,0.06303151863430854,0.3464926045259119,0.07873283037029734
constant,prepared,0.08,0.0005,0.1095,0.496020417404496,0.7185691390055489,1.3510859098175843e-12,9.401224158374834e-13,-1.349087508373259e-12,0.06327952884301079,0.34638133016511097,0.07867716033254213
constant,prepared,0.08,0.0005,0.11,0.4954902435931558,0.718468056736145,1.3604950499512825e-12,9.468027403545594e-13,-1.3594680936535042e-12,0.06352727396480737,0.3462698412585381,0.07862143475665574
constant,prepared,0.08,0.0005,0.1105,0.49496174959421596,0.7183660844613603,1.343397615372055e-12,9.350369153201984e-13,-1.3431478151915144e-12,0.06377475483960447,0.3461581390911045,0.07856565426603494
constant,prepared,0.08,0.0005,0.111,0.4944349251572314,0.7182632235892892,1.346089906206771e-12,9.37044987128019e-13,-1.3444245716698333e-12,0.0640219723021831,0.3460462249418875,0.07850981947983189
constant,prepared,0.08,0.0005,0.1115,0.4939097601368079,0.7181594755742755,1.3450629499089928e-12,9.364653643483259e-13,-1.3476997295924775e-12,0.0642689271822515,0.3459341000841677,0.07845393101298945
constant,prepared,0.08,0.0005,0.112,0.4933862444909816,0.718054841915965,1.3437861934306738e-12,9.357127861180008e-13,-1.3464229731141586e-12,0.06451562030449699,0.34582176578545565,0.0783979894762883
constant,prepared,0.08,0.0005,0.1125,0.49286436827963853,0.7179493241583236,1.351335709998125e-12,9.411080033963887e-13,-1.3511969321200468e-12,0.06476205248863681,0.3457092233075137,0.0783419954763827
constant,prepared,0.08,0.0005,0.113,0.49234412166295144,0.7178429238886552,1.3521128661153625e-12,9.417888100014312e-13,-1.3520851105397469e-12,0.0650082245494683,0.34559647390640175,0.07828594961583957
constant,prepared,0.08,0.0005,0.1135,0.4918254948998556,0.7177356427366746,1.3702927681435995e-12,9.545943426450603e-13,-1.3670731213721865e-12,0.06525413729691822,0.34548351883248096,0.0782298524931818
constant,prepared,0.08,0.0005,0.114,0.49130847834655483,0.7176274823735264,1.3521128661153625e-12,9.420715477910805e-13,-1.3509748875151217e-12,0.06549979153609149,0.345370359330467,0.078173704702921
constant,prepared,0.08,0.0005,0.1145,0.4907930624550563,0.7175184445109313,1.3337941862090474e-12,9.294494074761639e-13,-1.3340994975408194e-12,0.06574518806731902,0.3452569966394394,0.07811750683559951
constant,prepared,0.08,0.0005,0.115,0.4902792377717212,0.7174085309001942,1.3511691765444311e-12,9.417013586719762e-13,-1.3518075547835906e-12,0.06599032768620489,0.3451434319928736,0.07806125947782366
constant,prepared,0.08,0.0005,0.1155,0.48976699493586284,0.7172977433313364,1.3428980150109737e-12,9.360813047960483e-13,-1.3466450177190836e-12,0.06623521118367282,0.34502966661867573,0.07800496321230399
constant,prepared,0.08,0.0005,0.116,0.48925632467835894,0.7171860836322324,1.3498924200661122e-12,9.411033279035685e-13,-1.3511969321200468e-12,0.066479839346012,0.34491570173920005,0.0779486186178875
constant,prepared,0.08,0.0005,0.1165,0.48874721782028346,0.7170735536677109,1.3425927036792018e-12,9.361610791604353e-13,-1.3462009285092336e-12,0.06672421295492213,0.34480153857127477,0.07789222626959706
constant,prepared,0.08,0.0005,0.117,0.488239665271584,0.7169601553386779,1.3244405572265805e-12,9.23650043425159e-13,-1.3247181129827368e-12,0.06696833278755793,0.34468717832624235,0.07783578673866322
constant,prepared,0.08,0.0005,0.11750000000000001,0.48773365802977114,0.716845890581317,1.3403722576299515e-12,9.349096334651096e-13,-1.3400947018737952e-12,0.06721219961657281,0.3445726222099628,0.07777930059255958
constant,prepared,0.08,0.0005,0.11800000000000001,0.48722918717862784,0.7167307613661893,1.3437861934306738e-12,9.374414116592187e-13,-1.3429812817378206e-12,0.06745581421016213,0.34445787142286827,0.0777227683950382
constant,prepared,0.08,0.0005,0.11850000000000001,0.486726243886953,0.7166147696974752,1.3565537582138631e-12,9.46501394874445e-13,-1.3574141810579476e-12,0.0676991773321056,0.34434292715996323,0.07766619070616015
constant,prepared,0.08,0.0005,0.11900000000000001,0.48622481940732637,0.7164979176121146,1.344674371850374e-12,9.383658617812404e-13,-1.3437584378550582e-12,0.06794228974180927,0.3442277906108612,0.07760956808233153
constant,prepared,0.08,0.0005,0.11950000000000001,0.4857249050748924,0.7163802071790407,1.341149413747189e-12,9.360597908107391e-13,-1.340927369142264e-12,0.06818515219434672,0.34411246295980796,0.07755290107633353
constant,prepared,0.08,0.0005,0.12,0.4852264923061702,0.7162616404983579,1.3421763700449674e-12,9.369316281616417e-13,-1.3377632335220824e-12,0.0684277654404998,0.3439969453857106,0.0774961902373561
constant,prepared,0.08,0.0005,0.1205,0.48472957259787874,0.7161422197006114,1.3492540418269527e-12,9.420293935398386e-13,-1.3495871087343403e-12,0.06867013022679874,0.3438812390621582,0.07743943611102921
constant,prepared,0.08,0.0005,0.121,0.4842341375257957,0.7160219469459888,1.3477829963193244e-12,9.411603946406146e-13,-1.3462564396604648e-12,0.06891224729556164,0.34376534515744833,0.07738263923945415
constant,prepared,0.08,0.0005,0.1215,0.4837401787436236,0.715900824423575,1.3322121183989566e-12,9.30444604160346e-13,-1.330990873071869e-12,0.06915411738493345,0.3436492648346071,0.07732580016123122
constant,prepared,0.08,0.0005,0.122,0.48324768798189044,0.715778854350634,1.3497258866124184e-12,9.42837217394218e-13,-1.350808354061428e-12,0.06939574122892439,0.3435329992514221,0.07726891941149644
constant,prepared,0.08,0.0005,0.1225,0.48275665704685505,0.7156560389718527,1.3482825966804057e-12,9.419906514141528e-13,-1.345201727787071e-12,0.06963711955744782,0.34341654956045903,0.07721199752194473
constant,prepared,0.08,0.0005,0.123,0.4822670778194431,0.715532380558677,1.3440359936112145e-12,9.391860034066865e-13,-1.345423772391996e-12,0.06987825309635755,0.3432999169090864,0.0771550350208637
constant,prepared,0.08,0.0005,0.1235,0.4817789422542011,0.7154078814085046,1.3436474155525957e-12,9.390778676535845e-13,-1.3429257705865894e-12,0.07011914256748465,0.3431831024395116,0.07709803243316142
constant,prepared,0.08,0.0005,0.124,0.48129224237826135,0.715282543844129,1.3459233727530773e-12,9.408333702081147e-13,-1.3454792835432272e-12,0.07035978868867378,0.3430661072887778,0.07704099028039309
constant,prepared,0.08,0.0005,0.1245,0.48080697029034325,0.715156370212942,1.3341827642676662e-12,9.32790939042577e-13,-1.3324896741551129e-12,0.07060019217381895,0.3429489325888151,0.07698390908079396
constant,prepared,0.08,0.0005,0.125,0.4803231181597457,0.7150293628863292,1.3296863610179344e-12,9.298124175273085e-13,-1.333599897179738e-12,0.07084035373289882,0.34283157946645165,0.07692678934930278
constant,prepared,0.08,0.0005,0.1255,0.4798406782253818,0.7149015242589687,1.3153367284246542e-12,9.199425961406759e-13,-1.3173351298689795e-12,0.0710802740720115,0.34271404904343483,0.07686963159758967
constant,prepared,0.08,0.0005,0.126,0.4793596427948202,0.714772856748242,1.335848098804604e-12,9.34456370433964e-13,-1.3388179453954763e-12,0.07131995389340892,0.3425963424364558,0.07681243633408791
constant,prepared,0.08,0.0005,0.1265,0.4788800042433401,0.7146433627935047,1.3423984146498924e-12,9.39208621067482e-13,-1.3457568392993835e-12,0.07155939389553059,0.342478460757181,0.07675520406401373
constant,prepared,0.08,0.0005,0.127,0.4784017550130128,0.7145130448555322,1.3276046928467622e-12,9.290276100655083e-13,-1.3281042932078435e-12,0.0717985947730371,0.34236040511225785,0.07669793528939901
constant,prepared,0.08,0.0005,0.1275,0.4779248876117869,0.7143819054159217,1.3412881916252672e-12,9.387753115352874e-13,-1.341537991805808e-12,0.07203755721684299,0.3422421766033579,0.07664063050911328
constant,prepared,0.08,0.0005,0.128,0.47744939461260133,0.7142499469763788,1.3308520951937908e-12,9.316431179494116e-13,-1.3319345626428003e-12,0.0722762819141493,0.3421237763271746,0.07658329021889108
constant,prepared,0.08,0.0005,0.1285,0.47697526865251094,0.7141171720582121,1.3352929872922914e-12,9.3492569534667e-13,-1.333599897179738e-12,0.07251476954847555,0.342005205375471,0.07652591491135756
constant,prepared,0.08,0.0005,0.129,0.47650250243181735,0.7139835832017349,1.3321288516721097e-12,9.328847910600178e-13,-1.3294365608373937e-12,0.07275302079969145,0.34188646483508356,0.07646850507605278
constant,prepared,0.08,0.0005,0.1295,0.47603108871323113,0.7138491829656759,1.3126999487411695e-12,9.19451881478921e-13,-1.314226505400029e-12,0.07299103634404806,0.3417675557879577,0.07641106119945608
constant,prepared,0.08,0.0005,0.13,0.47556102032103537,0.7137139739265949,1.3410661470203422e-12,9.394983116562956e-13,-1.339817146117639e-12,0.07322881685420858,0.3416484793111546,0.07635358376501328
constant,prepared,0.08,0.0005,0.1305,0.47509229014026966,0.7135779586783348,1.3203882431866987e-12,9.25188500518609e-13,-1.3225531780847177e-12,0.07346636299927872,0.34152923647688477,0.0762960732531557
constant,prepared,0.08,0.0005,0.131,0.47462489111592615,0.7134411398315108,1.3406498133861078e-12,9.395658159700893e-13,-1.341149413747189e-12,0.07370367544483669,0.34140982835252737,0.0762385301413298
constant,prepared,0.08,0.0005,0.1315,0.4741588162521626,0.7133035200129194,1.3348211425068257e-12,9.356614015317071e-13,-1.3324896741551129e-12,0.07394075485296277,0.3412902560006444,0.07618095490401564
constant,prepared,0.08,0.0005,0.132,0.47369405861152125,0.7131651018650523,1.3272161147881434e-12,9.30511119596293e-13,-1.3256618025536682e-12,0.07417760188226853,0.3411705204790166,0.07612334801275415
constant,prepared,0.08,0.0005,0.1325,0.4732306113141752,0.7130258880455519,1.322608689235949e-12,9.274618996373852e-13,-1.3237189122605741e-12,0.07441421718792562,0.34105062284065063,0.07606570993616606
constant,prepared,0.08,0.0005,0.133,0.4727684675371714,0.7128858812267005,1.3281875599346904e-12,9.31556925806954e-13,-1.3278822486029185e-12,0.0746506014216942,0.34093056413380524,0.07600804113997817
constant,prepared,0.08,0.0005,0.1335,0.47230762051369374,0.7127450840949269,1.3264112030952901e-12,9.304948099209885e-13,-1.3251066910413556e-12,0.07488675523195105,0.34081034540201277,0.07595034208704399
constant,prepared,0.08,0.0005,0.134,0.47184806353234293,0.7126034993503371,1.3359313655314509e-12,9.373595321578789e-13,-1.3351542094142133e-12,0.07512267926371723,0.34068996768410426,0.07589261323736475
constant,prepared,0.08,0.0005,0.1345,0.47138978993642294,0.7124611297061766,1.3146428390342635e-12,9.226067108918752e-13,-1.3154477507271167e-12,0.07535837415868543,0.3405694320142175,0.07583485504811417
constant,prepared,0.08,0.0005,0.135,0.47093279312323677,0.712317977888408,1.3092582573648315e-12,9.1901250425041e-13,-1.3179457525325233e-12,0.07559384055524705,0.34044873942183695,0.07577706797365695
constant,prepared,0.08,0.0005,0.1355,0.470477066543403,0.712174046635192,1.3185841307716828e-12,9.25745705702402e-13,-1.3106182805699973e-12,0.07582907908851876,0.34032789093178983,0.07571925246557094
constant,prepared,0.08,0.0005,0.136,0.4700226037001804,0.7120293386965263,1.3260781361879026e-12,9.31196275292706e-13,-1.327549181695531e-12,0.07606409039036885,0.34020688756429074,0.07566140897266863
constant,prepared,0.08,0.0005,0.1365,0.46956939814879406,0.7118838568336524,1.3234691120800335e-12,9.295540974656918e-13,-1.32044375433793e-12,0.07629887508944325,0.34008573033494643,0.07560353794101943
constant,prepared,0.08,0.0005,0.137,0.4691174434957857,0.711737603818741,1.3244405572265805e-12,9.304275551265133e-13,-1.3229972672945678e-12,0.07653343381119114,0.3399644202547853,0.0755456398139657
constant,prepared,0.08,0.0005,0.1375,0.4686667333983733,0.7115905824343713,1.3174739077470576e-12,9.257246654661468e-13,-1.317890241381292e-12,0.07676776717789033,0.339842958330266,0.07548771503214763
constant,prepared,0.08,0.0005,0.138,0.4682172615638126,0.7114427954731977,1.327243870363759e-12,9.327832671913834e-13,-1.3330447856674255e-12,0.07700187580867224,0.33972134556331024,0.07542976403352018
constant,prepared,0.08,0.0005,0.1385,0.46776902174877555,0.7112942457374072,1.3180567748349858e-12,9.265200602510987e-13,-1.3165579737517419e-12,0.07723576031954663,0.3395995829513155,0.07537178725337526
constant,prepared,0.08,0.0005,0.139,0.46732200775874355,0.7111449360384268,1.3113399255360036e-12,9.219920293884623e-13,-1.3095080575453721e-12,0.07746942132342599,0.33947767148717384,0.07531378512435916
constant,prepared,0.08,0.0005,0.1395,0.46687621344739555,0.7109948691964829,1.32088784354778e-12,9.28901107992051e-13,-1.321553977362555e-12,0.07770285943014969,0.33935561215930055,0.07525575807649204
constant,prepared,0.08,0.0005,0.14,0.4664316327160234,0.7108440480401477,1.316474707024895e-12,9.259940423312955e-13,-1.316169395693123e-12,0.07793607524650771,0.33923340595163753,0.07519770653718873
constant,prepared,0.08,0.0005,0.1405,0.46598825951294603,0.7106924754060241,1.3186118863472984e-12,9.276951226989859e-13,-1.3123391262581663e-12,0.07816906937626418,0.33911105384369195,0.07513963093127682
constant,prepared,0.08,0.0005,0.14100000000000001,0.4655460878329348,0.7105401541383647,1.333599897179738e-12,9.384409096454753e-13,-1.3337664306334318e-12,0.07840184242018065,0.3389885568105365,0.0750815316810135
constant,prepared,0.08,0.0005,0.14150000000000001,0.4651051117166572,0.7103870870886356,1.3253564912218962e-12,9.328410632098764e-13,-1.3241630014704242e-12,0.07863439497603898,0.33886591582284925,0.07502340920610717
constant,prepared,0.08,0.0005,0.14200000000000002,0.46466532525010645,0.7102332771152085,1.3212486660307832e-12,9.301511972208195e-13,-1.3234968676556491e-12,0.07886672763866404,0.3387431318469183,0.07496526392373205
constant,prepared,0.08,0.0005,0.14250000000000002,0.46422672256407493,0.7100787270829969,1.3266332477002152e-12,9.341451849633524e-13,-1.3271050924856809e-12,0.07909884099994607,0.33862020584465674,0.07490709624855034
constant,prepared,0.08,0.0005,0.14300000000000002,0.4637892978336028,0.7099234398630433,1.329936161198475e-12,9.366757642583244e-13,-1.3268275367295246e-12,0.07933073564886288,0.3384971387736425,0.07484890659272517
constant,prepared,0.08,0.0005,0.14350000000000002,0.463353045277456,0.7097674183322626,1.315725306483273e-12,9.268707413856832e-13,-1.3156697953320418e-12,0.0795624121715016,0.33837393158711293,0.07479069536594295
constant,prepared,0.08,0.0005,0.14400000000000002,0.4629179591576054,0.7096106653730461,1.3233025786263397e-12,9.324145219332623e-13,-1.3225531780847177e-12,0.0797938711510804,0.33825058523400486,0.0747324629754283
constant,prepared,0.08,0.0005,0.1445,0.46248403377871156,0.709453183872936,1.2944922911373169e-12,9.123169227808985e-13,-1.2971290708208016e-12,0.08002511316796976,0.3381271006589569,0.07467420982596008
constant,prepared,0.08,0.0005,0.145,0.46205126348762615,0.7092949767243143,1.3080092564621282e-12,9.220488649881652e-13,-1.3100631690576847e-12,0.08025613879971358,0.33800347880233866,0.07461593631989044
constant,prepared,0.08,0.0005,0.1455,0.46161964267289474,0.7091360468240636,1.314753861336726e-12,9.27011020821578e-13,-1.3133938381315602e-12,0.08048694862105002,0.3378797206002613,0.07455764285716301
constant,prepared,0.08,0.0005,0.146,0.4611891657642721,0.7089763970732651,1.3248846464364306e-12,9.34364424474825e-13,-1.3253287356462806e-12,0.08071754320393215,0.3377558269846077,0.07449932983532495
constant,prepared,0.08,0.0005,0.1465,0.46075982723223474,0.7088160303768833,1.3026801859439274e-12,9.189127574118805e-13,-1.3034018309099338e-12,0.08094792311754827,0.33763179888303335,0.07444099764954833
constant,prepared,0.08,0.0005,0.147,0.46033162158751534,0.7086549496435053,1.3107015472968442e-12,9.247811984908814e-13,-1.312727704316785e-12,0.08117808892834202,0.33750763721900573,0.07438264669264197
constant,prepared,0.08,0.0005,0.1475,0.45990454338063674,0.7084931577849487,1.3205270210647768e-12,9.319264459744933e-13,-1.3179457525325233e-12,0.08140804120003234,0.3373833429118031,0.0743242773550709
constant,prepared,0.08,0.0005,0.148,0.4594785872014485,0.7083306577160933,1.3082590566426688e-12,9.234804694602285e-13,-1.3077317007059719e-12,0.08163778049363306,0.33725891687654586,0.07426589002497135
constant,prepared,0.08,0.0005,0.1485,0.45905374767868956,0.7081674523545015,1.313477104858407e-12,9.273774871255136e-13,-1.3120060593507787e-12,0.0818673073674724,0.3371343600242066,0.07420748508816616
constant,prepared,0.08,0.0005,0.149,0.4586300194795316,0.7080035446201928,1.3020695632803836e-12,9.195360483524692e-13,-1.3055112546567216e-12,0.08209662237721217,0.3370096732616362,0.07414906292817938
constant,prepared,0.08,0.0005,0.1495,0.458207397309149,0.7078389374353212,1.3158918399369668e-12,9.295136014299744e-13,-1.312727704316785e-12,0.08232572607586675,0.3368848574915721,0.07409062392625392
constant,prepared,0.08,0.0005,0.15,0.4577858759102896,0.7076736337239982,1.2966017148841047e-12,9.16101471846419e-13,-1.2989609388114332e-12,0.08255461901382188,0.33675991361266344,0.07403216846136579
constant,prepared,0.08,0.0005,0.1505,0.45736545006284685,0.7075076364119224,1.308175789915822e-12,9.244958800366724e-13,-1.3090084571842908e-12,0.0827833017388533,0.3366348425194888,0.0739736969102381
constant,prepared,0.08,0.0005,0.151,0.4569461145834502,0.707340948426187,1.3095635686966034e-12,9.256947244529896e-13,-1.3095635686966034e-12,0.08301177479614502,0.3365096451025688,0.07391520964735764
constant,prepared,0.08,0.0005,0.1515,0.45652786432504705,0.7071735726950394,1.3220535777236364e-12,9.347447562866729e-13,-1.3173906410202108e-12,0.08324003872830754,0.33638432224838194,0.07385670704498916
constant,prepared,0.08,0.0005,0.152,0.4561106941765069,0.707005512147562,1.3059553438665716e-12,9.23582151360083e-13,-1.3117285035946225e-12,0.0834680940753958,0.3362588748393948,0.07379818947318939
constant,prepared,0.08,0.0005,0.1525,0.4556945990622226,0.7068367697135151,1.3082868122182845e-12,9.25451864047289e-13,-1.307121078042428e-12,0.0836959413749269,0.33613330375406675,0.07373965729982179
constant,prepared,0.08,0.0005,0.153,0.45527957394171176,0.7066673483230596,1.3114509478384662e-12,9.279125114166921e-13,-1.3104517471163035e-12,0.08392358116189776,0.3360076098668781,0.0736811108905729
constant,prepared,0.08,0.0005,0.1535,0.45486561380923934,0.7064972509065279,1.3055667658079528e-12,9.239715824311661e-13,-1.3060663661690342e-12,0.08415101396880238,0.33588179404832874,0.07362255060896142
constant,prepared,0.08,0.0005,0.154,0.4544527136934334,0.7063264803941831,1.3096190798478347e-12,9.270635578576602e-13,-1.3090084571842908e-12,0.0843782403256491,0.3357558571649776,0.0735639768163592
constant,prepared,0.08,0.0005,0.1545,0.45404086865691423,0.7061550397160425,1.3000711618360583e-12,9.205281338483708e-13,-1.2997380949286708e-12,0.08460526075997755,0.335629800079447,0.07350538987199821
constant,prepared,0.08,0.0005,0.155,0.4536300737959222,0.7059829318016255,1.3033463197587025e-12,9.230721176441468e-13,-1.304290009329634e-12,0.08483207579687552,0.3355036236504447,0.07344679013298953
constant,prepared,0.08,0.0005,0.1555,0.453220324239962,0.7058101595797099,1.3010148514069897e-12,9.21646446815464e-13,-1.3018475186754586e-12,0.0850586859589955,0.3353773287327738,0.07338817795433498
constant,prepared,0.08,0.0005,0.156,0.4528116151514368,0.7056367259782161,1.3109513474773848e-12,9.28913773343366e-13,-1.3081202787645907e-12,0.08528509176657122,0.33525091617735825,0.07332955368894016
constant,prepared,0.08,0.0005,0.1565,0.45240394172530374,0.705462633923916,1.3021805855828461e-12,9.229266887876616e-13,-1.3005152510459084e-12,0.08551129373743387,0.33512438683125917,0.07327091768762717
constant,prepared,0.08,0.0005,0.157,0.45199729918872156,0.705287886342271,1.3014589406168398e-12,9.226437642118034e-13,-1.3070655668911968e-12,0.08573729238702822,0.33499774153768275,0.07321227029915223
constant,prepared,0.08,0.0005,0.1575,0.45159168280071754,0.7051124861572278,1.2970735596695704e-12,9.197635732826553e-13,-1.2977396934843455e-12,0.08596308822842857,0.33487098113599995,0.07315361187021206
constant,prepared,0.08,0.0005,0.158,0.451187087851838,0.7049364362910351,1.2908007995804383e-12,9.155441066223633e-13,-1.2940204463518512e-12,0.08618868177235449,0.3347441064617815,0.073094942745462
constant,prepared,0.08,0.0005,0.1585,0.4507835096638334,0.704759739664051,1.2955192474350952e-12,9.191212086344916e-13,-1.2955192474350952e-12,0.0864140735271864,0.3346171183467806,0.07303626326752688
constant,prepared,0.08,0.0005,0.159,0.45038094358931535,0.7045823991945778,1.2996270726262082e-12,9.22267625554257e-13,-1.2943535132592388e-12,0.08663926399898106,0.33449001761897684,0.07297757377701422
constant,prepared,0.08,0.0005,0.1595,0.4499793850114518,0.7044044177986368,1.3084533456719782e-12,9.287657151270176e-13,-1.3085088568232095e-12,0.08686425369148679,0.3343628051025838,0.0729188746125262
constant,prepared,0.08,0.0005,0.16,0.44957882934363386,0.704225798389843,1.2986833830552769e-12,9.220646176435293e-13,-1.2981837826941955e-12,0.0870890431061586,0.3342354816180604,0.07286016611067275
constant,prepared,0.08,0.0005,0.1605,0.449179272029174,0.7040465438792223,1.2989054276602019e-12,9.224570725837043e-13,-1.2990719611138957e-12,0.08731363274217319,0.3341080479821328,0.07280144860608431
constant,prepared,0.08,0.0005,0.161,0.44878070854099916,0.7038666571750132,1.2961853812498703e-12,9.20760607165958e-13,-1.2981282715429643e-12,0.08753802309644368,0.3339805050078178,0.07274272243142306
constant,prepared,0.08,0.0005,0.1615,0.44838313438134325,0.7036861411825476,1.3130607712241726e-12,9.329875170032078e-13,-1.31250565971186e-12,0.08776221466363435,0.33385285350441507,0.0726839879173941
constant,prepared,0.08,0.0005,0.162,0.44798654508144686,0.703504998804041,1.3075651672522781e-12,9.293218736710645e-13,-1.3075651672522781e-12,0.08798620793617506,0.33372509427755415,0.07262524539276137
constant,prepared,0.08,0.0005,0.1625,0.4475909362012686,0.703323232938501,1.2833067941642184e-12,9.123165097229633e-13,-1.281252881568662e-12,0.0882100034042757,0.33359722812918363,0.07256649518435551
constant,prepared,0.08,0.0005,0.163,0.44719630332919164,0.7031408464815351,1.2856937736671625e-12,9.142505232767402e-13,-1.2870260412967127e-12,0.0884336015559403,0.3334692558576079,0.07250773761708738
constant,prepared,0.08,0.0005,0.1635,0.4468026420817387,0.7029578423251757,1.289246487345963e-12,9.170155091238022e-13,-1.2882472866238004e-12,0.08865700287698117,0.3333411782574846,0.07244897301396057
constant,prepared,0.08,0.0005,0.164,0.4464099481032918,0.7027742233577908,1.28513866215485e-12,9.14332526322181e-13,-1.284305994886381e-12,0.08888020785103282,0.33321299611985733,0.07239020169607993
constant,prepared,0.08,0.0005,0.1645,0.44601821706580924,0.7025899924639016,1.2795875470317242e-12,9.10621814113231e-13,-1.2829182161055996e-12,0.08910321695956572,0.33308471023215747,0.07233142398266743
constant,prepared,0.08,0.0005,0.165,0.44562744466856197,0.7024051525240672,1.2987944053577394e-12,9.245336546075784e-13,-1.2949641359227826e-12,0.0893260306819,0.3329563213782295,0.07227264019106885
constant,prepared,0.08,0.0005,0.1655,0.44523762663785177,0.7022197064147155,1.2869705301454815e-12,9.16358881976637e-13,-1.2865819520868627e-12,0.08954864949521892,0.33282783033833974,0.07221385063676944
constant,prepared,0.08,0.0005,0.166,0.44484875872675533,0.702033657008056,1.2996825837774395e-12,9.25655465946786e-13,-1.3006817844996021e-12,0.08977107387458229,0.33269923788919953,0.0721550556334021
constant,prepared,0.08,0.0005,0.1665,0.4444608367148572,0.7018470071719065,1.2903567103705882e-12,9.19257827691605e-13,-1.2888579092873442e-12,0.08999330429293971,0.33257054480397014,0.07209625549275914
constant,prepared,0.08,0.0005,0.167,0.4440738564079912,0.7016597597695999,1.3023471190365399e-12,9.280474623932941e-13,-1.2987388942065081e-12,0.0902153412211437,0.3324417518522883,0.0720374505248043
constant,prepared,0.08,0.0005,0.1675,0.44368781363798787,0.7014719176598353,1.2987388942065081e-12,9.257240821115116e-13,-1.2984058272991206e-12,0.0904371851279627,0.3323128598002776,0.07197864103768202
constant,prepared,0.08,0.0005,0.168,0.44330270426242235,0.7012834836965983,1.2958523143424827e-12,9.239147537815963e-13,-1.296573959308489e-12,0.09065883648009392,0.3321838694105574,0.07191982733772959
constant,prepared,0.08,0.0005,0.1685,0.4429185241643662,0.7010944607289545,1.301070362558221e-12,9.27885210506614e-13,-1.3004042287434459e-12,0.0908802957421761,0.3320547814422761,0.07186100972948692
constant,prepared,0.08,0.0005,0.169,0.4425352692521456,0.7009048516010621,1.2960188477961765e-12,9.245326557766792e-13,-1.2976841823331142e-12,0.09110156337680217,0.3319255966511003,0.07180218851570863
constant,prepared,0.08,0.0005,0.1695,0.44215293545909484,0.700714659151943,1.288802398136113e-12,9.1963424862178e-13,-1.288358308926263e-12,0.09132263984453172,0.3317963157892532,0.07174336399737154
constant,prepared,0.08,0.0005,0.17,0.4417715187433283,0.700523886215444,1.289246487345963e-12,9.202016610096522e-13,-1.2881362643213379e-12,0.09154352560390339,0.33166693960551635,0.07168453647368803
constant,prepared,0.08,0.0005,0.1705,0.44139101508749684,0.7003325356201151,1.3010148514069897e-12,9.288550690093152e-13,-1.300237695289752e-12,0.09176422111144714,0.3315374688452507,0.07162570624211588
constant,prepared,0.08,0.0005,0.171,0.4410114204985645,0.7001406101890549,1.2781442570997115e-12,9.12776832608963e-13,-1.2779222124947864e-12,0.09198472682169642,0.331407904250406,0.07156687359836655
constant,prepared,0.08,0.0005,0.1715,0.44063273100757416,0.6999481127399263,1.2864709297844001e-12,9.189759257635294e-13,-1.2872480859016378e-12,0.09220504318720021,0.33127824655953814,0.07150803883641813
constant,prepared,0.08,0.0005,0.17200000000000001,0.4402549426694294,0.6997550460847033,1.2901901769168944e-12,9.218870118440927e-13,-1.2898571100095069e-12,0.09242517065853492,0.33114849650783,0.07144920224852319
constant,prepared,0.08,0.0005,0.17250000000000001,0.43987805156266996,0.6995614130297134,1.2823075934420558e-12,9.165082361299531e-13,-1.2828627049543684e-12,0.09264510968431626,0.3310186548270955,0.07139036412521951
constant,prepared,0.08,0.0005,0.17300000000000001,0.4395020537892533,0.6993672163754641,1.298072760391733e-12,9.28033749650085e-13,-1.2970180485183391e-12,0.09286486071121089,0.3308887222458004,0.07133152475533998
constant,prepared,0.08,0.0005,0.17350000000000002,0.43912694547433595,0.6991724589165726,1.2820300376858995e-12,9.168196067614984e-13,-1.2827516826519059e-12,0.09308442418394806,0.3307586994890795,0.07127268442602354
constant,prepared,0.08,0.0005,0.17400000000000002,0.43875272276607136,0.6989771434416772,1.2740364319085984e-12,9.11357720249792e-13,-1.2759793222016924e-12,0.0933038005453311,0.3306285872787406,0.07121384342272224
constant,prepared,0.08,0.0005,0.17450000000000002,0.43837938183539027,0.698781272733364,1.2657097592239097e-12,9.056551803912782e-13,-1.2617684674864904e-12,0.0935229902362488,0.33049838633329026,0.07115500202921386
constant,prepared,0.08,0.0005,0.17500000000000002,0.43800691887579807,0.6985848495680668,1.2856937736671625e-12,9.202130381591589e-13,-1.2855272402134688e-12,0.0937419936956867,0.330368097367944,0.07109616052760984
constant,prepared,0.08,0.0005,0.17550000000000002,0.43763533010316724,0.6983878767159595,1.2729262088839732e-12,9.113318338718267e-13,-1.2738698984549046e-12,0.09396081136073828,0.33023772109463756,0.0710373191983645
constant,prepared,0.08,0.0005,0.176,0.4372646117555455,0.6981903569409449,1.2793099912755679e-12,9.161613151458949e-13,-1.2796985693341867e-12,0.09417944366661606,0.33010725822204484,0.07097847832028514
constant,prepared,0.08,0.0005,0.1765,0.43689476009294226,0.6979922930005023,1.2714274078007293e-12,9.107746751285808e-13,-1.2692624729027102e-12,0.09439789104666253,0.32997670945558993,0.07091963817054231
constant,prepared,0.08,0.0005,0.177,0.4365257713971494,0.6977936876456864,1.292244089512451e-12,9.259499708797939e-13,-1.2886358646824192e-12,0.09461615393236111,0.3298460754974649,0.0708607990246775
constant,prepared,0.08,0.0005,0.1775,0.4361576419715383,0.6975945436209604,1.2749801214795298e-12,9.138403770049613e-13,-1.2712053631958042e-12,0.09483423275334689,0.32971535704664084,0.07080196115661218
constant,prepared,0.08,0.0005,0.178,0.4357903681408684,0.6973948636642241,1.290523243824282e-12,9.252457331292005e-13,-1.2897460877070444e-12,0.09505212793741732,0.3295845547988762,0.07074312483865862
constant,prepared,0.08,0.0005,0.1785,0.4354239462511034,0.697194650506655,1.2749246103282985e-12,9.143247222283179e-13,-1.2732037646401295e-12,0.09526983991054287,0.3294536694467495,0.07068429034152798
constant,prepared,0.08,0.0005,0.179,0.4350583726692262,0.6969939068727365,1.281696970778512e-12,9.194463238050639e-13,-1.2848611063986937e-12,0.09548736909687748,0.3293227016796454,0.07062545793433873
constant,prepared,0.08,0.0005,0.1795,0.4346936437830512,0.6967926354800871,1.2845835506425374e-12,9.217832431281946e-13,-1.2864154186331689e-12,0.095704715918769,0.3291916521837973,0.07056662788462635
constant,prepared,0.08,0.0005,0.18,0.43432975600104456,0.6965908390394796,1.2687073613903976e-12,9.106546413520505e-13,-1.2667644710973036e-12,0.09592188079676953,0.3290605216422782,0.07050780045835207
constant,prepared,0.08,0.0005,0.1805,0.43396670575215046,0.696388520254755,1.2847500840962311e-12,9.224377245801345e-13,-1.2852496844573125e-12,0.0961388641496456,0.32892931073502457,0.07044897591991198
constant,prepared,0.08,0.0005,0.181,0.43360448948560826,0.6961856818227281,1.2611023336717153e-12,9.057226876375859e-13,-1.2642109581406658e-12,0.0963556663943884,0.3287980201388572,0.07039015453214513
constant,prepared,0.08,0.0005,0.1815,0.43324310367078656,0.6959823264331892,1.2891354650435005e-12,9.261265811510926e-13,-1.287525641657794e-12,0.0965722879462238,0.3286666505274743,0.07033133655634136
constant,prepared,0.08,0.0005,0.182,0.4328825447970035,0.6957784567687848,1.2790324355194116e-12,9.191377104848141e-13,-1.2783663017046365e-12,0.0967887292186223,0.328535202571487,0.07027252225225314
constant,prepared,0.08,0.0005,0.1825,0.43252280937336024,0.6955740755050163,1.2687628725416289e-12,9.12025704537145e-13,-1.2690959394490164e-12,0.09700499062330899,0.3284036769384219,0.07021371187809952
constant,prepared,0.08,0.0005,0.183,0.4321638939285794,0.6953691853101761,1.2772560786800113e-12,9.184014086769647e-13,-1.2761458556553862e-12,0.09722107257027328,0.3282720742927292,0.0701549056905776
constant,prepared,0.08,0.0005,0.1835,0.4318057950108314,0.6951637888452539,1.2952416916789389e-12,9.31609005288722e-13,-1.2953527139814014e-12,0.0974369754677787,0.32814039529581085,0.07009610394487098
constant,prepared,0.08,0.0005,0.184,0.43144850918757593,0.6949578887639377,1.2702061624736416e-12,9.13872756183607e-13,-1.2703171847761041e-12,0.09765269972237249,0.32800864060602336,0.07003730689465756
constant,prepared,0.08,0.0005,0.1845,0.4310920330454032,0.6947514877125478,1.2729262088839732e-12,9.161018230229959e-13,-1.2732592757913608e-12,0.09786824573889519,0.32787681087868975,0.06997851479211557
constant,prepared,0.08,0.0005,0.185,0.4307363631898698,0.6945445883299881,1.2763679002603112e-12,9.188523830616312e-13,-1.2775891455873989e-12,0.09808361392049013,0.32774490676611806,0.06991972788793627
constant,prepared,0.08,0.0005,0.1855,0.43038149624534916,0.6943371932476937,1.263600335477122e-12,9.099327731282881e-13,-1.2627121570574218e-12,0.09829880466861281,0.327612928917618,0.06986094643132733
constant,prepared,0.08,0.0005,0.186,0.4300274288548655,0.6941293050896252,1.2721490527667356e-12,9.163631642099531e-13,-1.2760348333529237e-12,0.09851381838304024,0.3274808779794974,0.0698021706700248
constant,prepared,0.08,0.0005,0.1865,0.4296741576799564,0.6939209264721581,1.2699286067174853e-12,9.150384130743434e-13,-1.2702061624736416e-12,0.09872865546188021,0.327348754595102,0.06974340085029963
constant,prepared,0.08,0.0005,0.187,0.4293216794005072,0.6937120600041121,1.2727041642790482e-12,9.173144288931179e-13,-1.2745360322696797e-12,0.09894331630158047,0.3272165594048008,0.0696846372169649
constant,prepared,0.08,0.0005,0.1875,0.4289699907146098,0.6935027082866764,1.2670975380046912e-12,9.135490913466972e-13,-1.2667089599460724e-12,0.09915780129693778,0.3270842930460132,0.06962588001338349
constant,prepared,0.08,0.0005,0.188,0.42861908833841456,0.6932928739133783,1.2856937736671625e-12,9.272371187148593e-13,-1.283861905676531e-12,0.09937211084110699,0.32695195615322376,0.069567129481479
constant,prepared,0.08,0.0005,0.1885,0.4282689690059869,0.693082559470044,1.2732592757913608e-12,9.185480563554876e-13,-1.274147454211061e-12,0.09958624532560999,0.3268195493579917,0.06950838586173946
constant,prepared,0.08,0.0005,0.189,0.42791962946915557,0.6928717675347813,1.2714274078007293e-12,9.175055669559655e-13,-1.2780887459484802e-12,0.09980020514034456,0.32668707328895913,0.0694496493932279
constant,prepared,0.08,0.0005,0.1895,0.42757106649738086,0.6926605006778892,1.2643219804431283e-12,9.126563296193552e-13,-1.2657097592239097e-12,0.10001399067359325,0.32655452857186734,0.06939092031358947
constant,prepared,0.08,0.0005,0.19,0.4272232768776102,0.6924487614619321,1.2624901124524968e-12,9.116126583762776e-13,-1.2683187833317788e-12,0.10022760231203205,0.32642191582957425,0.06933219885905777
constant,prepared,0.08,0.0005,0.1905,0.42687625741413887,0.692236552441595,1.2568279750269085e-12,9.078023766534692e-13,-1.2572720642367585e-12,0.10044104044073912,0.3262892356820603,0.06927348526446357
constant,prepared,0.08,0.0005,0.191,0.42653000492847076,0.6920238761637441,1.2718714970105793e-12,9.189505888583424e-13,-1.2693734952051727e-12,0.10065430544320336,0.3261564887464412,0.06921477976324272
constant,prepared,0.08,0.0005,0.1915,0.4261845162591933,0.691810735167321,1.2701506513224103e-12,9.179899839325609e-13,-1.2673750937608474e-12,0.10086739770133296,0.3260236756369866,0.06915608258744337
constant,prepared,0.08,0.0005,0.192,0.4258397882618363,0.6915971319833724,1.266209359584991e-12,9.15424096650443e-13,-1.2649326031066721e-12,0.10108031759546388,0.32589079696512585,0.06909739396773176
constant,prepared,0.08,0.0005,0.1925,0.4254958178087404,0.691383069135015,1.2575496199929148e-12,9.094449055319532e-13,-1.2592704656810838e-12,0.10129306550436824,0.32575785333946244,0.06903871413340229
constant,prepared,0.08,0.0005,0.193,0.4251526017889274,0.6911685491373726,1.2639889135357407e-12,9.143854383363744e-13,-1.25954802143724e-12,0.10150564180526271,0.32562484536578645,0.06898004331238246
constant,prepared,0.08,0.0005,0.1935,0.42481013710797333,0.6909535744976014,1.2652101588628284e-12,9.15553667828997e-13,-1.2633227797209656e-12,0.10171804687381669,0.3254917736470905,0.06892138173124168
constant,prepared,0.08,0.0005,0.194,0.4244684206878818,0.6907381477148501,1.242284053404319e-12,8.99243843352952e-13,-1.2462253451417382e-12,0.10193028108416063,0.32535863878357857,0.06886272961519874
constant,prepared,0.08,0.0005,0.1945,0.424127449466955,0.690522271280215,1.2472245458639009e-12,9.031023311894373e-13,-1.247058012410207e-12,0.10214234480889411,0.32522544137267084,0.06880408718812614
constant,prepared,0.08,0.0005,0.195,0.42378722039967615,0.6903059476767704,1.2520540160210203e-12,9.068834045495924e-13,-1.2513878822062452e-12,0.10235423841909395,0.3250921820090324,0.06874545467256175
constant,prepared,0.08,0.0005,0.1955,0.42344773045657935,0.6900891793794729,1.2663203818874536e-12,9.175048817784427e-13,-1.2707612739859542e-12,0.10256596228432224,0.32495886128457047,0.06868683228971151
constant,prepared,0.08,0.0005,0.196,0.4231089766241327,0.6898719688552273,1.2632117574185031e-12,9.155407194711205e-13,-1.265321181165291e-12,0.1027775167726343,0.3248254797884525,0.06862822025946018
constant,prepared,0.08,0.0005,0.1965,0.42277095590461594,0.689654318562794,1.2567724638756772e-12,9.111611644030481e-13,-1.253719350557958e-12,0.10298890225058661,0.3246920381071219,0.06856961880037485
constant,prepared,0.08,0.0005,0.197,0.4224336653160075,0.6894362309528642,1.2632672685697344e-12,9.161596184339092e-13,-1.2628231793598843e-12,0.10320011908324461,0.3245585368243053,0.06851102812971455
constant,prepared,0.08,0.0005,0.1975,0.4220971018918615,0.6892177084679373,1.2630452239648093e-12,9.16289010312341e-13,-1.2623790901500342e-12,0.10341116763419055,0.32442497652101565,0.068452448463436
constant,prepared,0.08,0.0005,0.198,0.42176126268119407,0.6889987535423622,1.2462253451417382e-12,9.043741652168232e-13,-1.244448988302338e-12,0.10362204826553115,0.3242913577755835,0.06839388001620067
constant,prepared,0.08,0.0005,0.1985,0.4214261447483723,0.6887793686023644,1.2566059304219834e-12,9.121977135949042e-13,-1.255218151641202e-12,0.10383276133790534,0.32415768116365756,0.06833532300138166
constant,prepared,0.08,0.0005,0.199,0.4210917451729959,0.6885595560659344,1.2473355681663634e-12,9.057572124130047e-13,-1.2500001034254637e-12,0.10404330721049183,0.3240239472582109,0.06827677763106979
constant,prepared,0.08,0.0005,0.1995,0.42075806104978997,0.6883393183429013,1.2576606422953773e-12,9.13547002749969e-13,-1.25910393222739e-12,0.10425368624101673,0.32389015662956344,0.06821824411608138
constant,prepared,0.08,0.0005,0.2,0.4204250894884911,0.6881186578348738,1.2638778912332782e-12,9.18357522239578e-13,-1.265543225770216e-12,0.10446389878576098,0.3237563098453887,0.06815972266596457
constant,prepared,0.08,0.0005,0.2005,0.4200928276137437,0.6878975769352603,1.269651050961329e-12,9.228489047866258e-13,-1.2705392293810291e-12,0.10467394519956785,0.3236224074707284,0.06810121348900583
constant,prepared,0.08,0.0005,0.201,0.4197612725649848,0.6876760780292338,1.265321181165291e-12,9.199979624057365e-13,-1.2665979376436098e-12,0.10488382583585035,0.32348845006799487,0.06804271679223614
constant,prepared,0.08,0.0005,0.2015,0.41943042149634296,0.6874541634937509,1.2546630401288894e-12,9.12543051416947e-13,-1.2579937092027649e-12,0.10509354104659852,0.3233544381969952,0.06798423278143773
constant,prepared,0.08,0.0005,0.202,0.4191002715765281,0.6872318356975154,1.254163439767808e-12,9.1247478261374e-13,-1.2518319714160953e-12,0.10530309118238677,0.3232203724149347,0.06792576166115163
constant,prepared,0.08,0.0005,0.2025,0.41877081998873755,0.6870090970009941,1.2496670365180762e-12,9.094981725657786e-13,-1.2479461908299072e-12,0.10551247659238114,0.3230862532764268,0.06786730363468228
constant,prepared,0.08,0.0005,0.203,0.4184420639305347,0.6867859497564154,1.2445600106048005e-12,9.06075620100473e-13,-1.246391878595432e-12,0.10572169762434641,0.3229520813335147,0.06780885890410668
constant,prepared,0.08,0.0005,0.20350000000000001,0.41811400061376697,0.6865623963077122,1.2528866832894892e-12,9.124346818485026e-13,-1.255218151641202e-12,0.10593075462465329,0.32281785713566413,0.06775042767027621
constant,prepared,0.08,0.0005,0.20400000000000001,0.41778662726445054,0.6863384389905897,1.2602141552520152e-12,9.180705054960043e-13,-1.2568279750269085e-12,0.10613964793828551,0.3226835812298023,0.06769201013282886
constant,prepared,0.08,0.0005,0.20450000000000002,0.41745994112267687,0.6861140801324623,1.2524981052308704e-12,9.127477058829035e-13,-1.24938948076192e-12,0.10634837790884685,0.32254925416029656,0.06763360649019078
constant,prepared,0.08,0.0005,0.20500000000000002,0.41713393944251626,0.6858893220525142,1.2562173523633646e-12,9.157580618130936e-13,-1.2594925102860088e-12,0.10655694487856811,0.32241487646898953,0.06757521693958435
constant,prepared,0.08,0.0005,0.20550000000000002,0.41680861949191167,0.6856641670616052,1.2566614415732147e-12,9.163826126115436e-13,-1.2553846850948958e-12,0.10676534918831407,0.32228044869520317,0.06751684167703466
constant,prepared,0.08,0.0005,0.20600000000000002,0.41648397855259206,0.6854386174623821,1.2524981052308704e-12,9.13647169360475e-13,-1.252442594079639e-12,0.10697359117759037,0.3221459713757501,0.06745848089737534
constant,prepared,0.08,0.0005,0.20650000000000002,0.4161600139199701,0.6852126755491736,1.2492784584594574e-12,9.11599057516753e-13,-1.25027765918162e-12,0.10718167118455035,0.32201144504493545,0.06740013479425479
constant,prepared,0.08,0.0005,0.20700000000000002,0.41583672290305157,0.6849863436080467,1.2554957073973583e-12,9.164384948049487e-13,-1.2577161534466086e-12,0.10738958954600188,0.32187687023458306,0.0673418035601419
constant,prepared,0.08,0.0005,0.20750000000000002,0.41551410282433654,0.6847596239168005,1.2457257447806569e-12,9.096080589959562e-13,-1.2447820552097255e-12,0.10759734659741405,0.3217422474740367,0.06728348738633289
constant,prepared,0.08,0.0005,0.20800000000000002,0.41519215101973644,0.6845325187449581,1.245115122117113e-12,9.094638224045302e-13,-1.25072174839147e-12,0.10780494267292391,0.3216075772901724,0.06722518646295632
constant,prepared,0.08,0.0005,0.2085,0.41487086483847574,0.68430503035377,1.2488343692496073e-12,9.124836979518102e-13,-1.252220549474714e-12,0.10801237810534314,0.3214728602074133,0.06716690097898104
constant,prepared,0.08,0.0005,0.209,0.41455024164300125,0.6840771609962034,1.2517209491136327e-12,9.148974856064772e-13,-1.2475021016200571e-12,0.10821965322616464,0.32133809674773806,0.06710863112221895
constant,prepared,0.08,0.0005,0.2095,0.4142302788088942,0.6838489129169915,1.243172231824019e-12,9.089524077183044e-13,-1.2473910793175946e-12,0.10842676836556908,0.3212032874306824,0.06705037707933394
constant,prepared,0.08,0.0005,0.21,0.413910973724783,0.6836202883525696,1.247058012410207e-12,9.120984511842874e-13,-1.2471135235614383e-12,0.10863372385243147,0.3210684327733682,0.06699213903584601
constant,prepared,0.08,0.0005,0.2105,0.4135923237922558,0.6833912895311334,1.243394276428944e-12,9.09723532824724e-13,-1.243616321033869e-12,0.1088405200143276,0.3209335332904967,0.06693391717613906
constant,prepared,0.08,0.0005,0.211,0.4132743264257692,0.6831619186726176,1.2512213487525514e-12,9.157575345992108e-13,-1.2490564138545324e-12,0.10904715717754049,0.3207985894943733,0.06687571168346398
constant,prepared,0.08,0.0005,0.2115,0.4129569790525683,0.6829321779887012,1.240785252321075e-12,9.084249449002211e-13,-1.2426726314629377e-12,0.10925363566706678,0.3206636018949052,0.06681752273994587
constant,prepared,0.08,0.0005,0.212,0.4126402791125958,0.682702069682817,1.2352341371979492e-12,9.046655869746527e-13,-1.2341794253245553e-12,0.10945995580662307,0.32052857099961835,0.0667593505265908
constant,prepared,0.08,0.0005,0.2125,0.41232422405841546,0.6824715959501795,1.2443379659998755e-12,9.116408458481677e-13,-1.242728142614169e-12,0.10966611791865227,0.3203934973136719,0.06670119522329038
constant,prepared,0.08,0.0005,0.213,0.4120088113551231,0.6822407589777276,1.2521650383234828e-12,9.176855984085317e-13,-1.2494449919131512e-12,0.10987212232432983,0.32025838133986084,0.06664305700882664
constant,prepared,0.08,0.0005,0.2135,0.4116940384802675,0.6820095609442125,1.239286451237831e-12,9.085550424842776e-13,-1.2396750292964498e-12,0.11007796934356996,0.3201232235786286,0.06658493606088008
constant,prepared,0.08,0.0005,0.214,0.411379902923765,0.6817780040201559,1.2523315717771766e-12,9.184306067308992e-13,-1.2526091275333329e-12,0.11028365929503184,0.31998802452808023,0.0665268325560315
constant,prepared,0.08,0.0005,0.2145,0.4110664021878198,0.6815460903678408,1.2349565814417929e-12,9.059963800644423e-13,-1.2337908472659365e-12,0.11048919249612575,0.31985278468398826,0.06646874666977343
constant,prepared,0.08,0.0005,0.215,0.4107535337868516,0.6813138221414033,1.250499703786545e-12,9.177119729165443e-13,-1.24983356997177e-12,0.11069456926301918,0.31971750453981057,0.06641067857650877
constant,prepared,0.08,0.0005,0.2155,0.4104412952474052,0.6810812014867217,1.242506098009244e-12,9.12157093233423e-13,-1.2443934771511067e-12,0.11089978991064288,0.31958218458668936,0.06635262844956233
constant,prepared,0.08,0.0005,0.216,0.41012968410808126,0.680848230541529,1.2382872505156683e-12,9.093709838458717e-13,-1.2409517857747687e-12,0.11110485475269692,0.3194468253134721,0.06629459646118227
constant,prepared,0.08,0.0005,0.2165,0.40981869791945297,0.6806149114353641,1.224631507312779e-12,8.996508060108647e-13,-1.2269629756644918e-12,0.11130976410165665,0.3193114272067145,0.06623658278254743
constant,prepared,0.08,0.0005,0.217,0.4095083342439913,0.6803812462896145,1.2383982728181309e-12,9.100767250497238e-13,-1.239286451237831e-12,0.11151451826877865,0.31917599075069103,0.06617858758377265
constant,prepared,0.08,0.0005,0.2175,0.409198590655995,0.6801472372175055,1.2495005030643824e-12,9.185514802463682e-13,-1.247668635073751e-12,0.11171911756410664,0.3190405164274087,0.06612061103391374
constant,prepared,0.08,0.0005,0.218,0.40888946474150173,0.6799128863241048,1.2437828544875629e-12,9.146633925493298e-13,-1.2460033005368132e-12,0.11192356229647739,0.3189050047166183,0.066062653300973
constant,prepared,0.08,0.0005,0.2185,0.4085809540982266,0.6796781957063537,1.2365664048274994e-12,9.096704974780574e-13,-1.2360112933151868e-12,0.1121278527735265,0.3187694560958132,0.0660047145519046
constant,prepared,0.08,0.0005,0.219,0.40827305633548283,0.6794431674530858,1.2291279105625108e-12,9.045112008181818e-13,-1.2286283102014295e-12,0.11233198930169425,0.3186338710402525,0.06594679495261935
constant,prepared,0.08,0.0005,0.2195,0.40796576907411164,0.6792078036450082,1.2361223156176493e-12,9.099735817100468e-13,-1.2382872505156683e-12,0.1125359721862313,0.3184982500229675,0.06588889466799157
constant,prepared,0.08,0.0005,0.22,0.4076590899464046,0.6789721063547227,1.2232992396832287e-12,9.008464620511415e-13,-1.2232437285319975e-12,0.11273980173120451,0.3183625935147623,0.06583101386186256
constant,prepared,0.08,0.0005,0.2205,0.407353016596037,0.6787360776467753,1.2466694343515883e-12,9.183756952133234e-13,-1.2454481890245006e-12,0.11294347823950253,0.3182269019842374,0.0657731526970464
constant,prepared,0.08,0.0005,0.221,0.40704754667799686,0.6784997195776037,1.2266854199083355e-12,9.039689955000225e-13,-1.2295719997723609e-12,0.11314700201284153,0.31809117589778707,0.06571531133533588
constant,prepared,0.08,0.0005,0.2215,0.4067426778585098,0.6782630341956031,1.2243539515566226e-12,9.025657376474599e-13,-1.2227441281709162e-12,0.11335037335177078,0.31795541571961583,0.06565748993750672
constant,prepared,0.08,0.0005,0.222,0.4064384078149747,0.6780260235411301,1.2447820552097255e-12,9.179456333456444e-13,-1.248112724283601e-12,0.11355359255567828,0.31781962191175345,0.06559968866332291
constant,prepared,0.08,0.0005,0.2225,0.40613473423589735,0.6777886896464779,1.2320144904265362e-12,9.088485166874152e-13,-1.2296830220748234e-12,0.11375665992279622,0.3176837949340468,0.06554190767154243
constant,prepared,0.08,0.0005,0.223,0.40583165482080935,0.6775510345359619,1.2376211167008933e-12,9.133047206896964e-13,-1.2393974735402935e-12,0.11395957575020663,0.317547935244189,0.06548414711992112
constant,prepared,0.08,0.0005,0.2235,0.405529167280216,0.6773130602258617,1.2254641745812478e-12,9.046512215278169e-13,-1.2203016375167408e-12,0.11416234033384673,0.31741204329771594,0.065426407165219
constant,prepared,0.08,0.0005,0.224,0.4052272693355186,0.6770747687245129,1.2432277429752503e-12,9.180874848697482e-13,-1.2397860515989123e-12,0.11436495396851448,0.31727611954802104,0.0653686879632045
constant,prepared,0.08,0.0005,0.2245,0.4049259587189561,0.6768361620322025,1.2261303083960229e-12,9.057807318638623e-13,-1.228295243294042e-12,0.11456741694787397,0.3171401644463636,0.06531098966866038
constant,prepared,0.08,0.0005,0.225,0.40462523317353083,0.6765972421413307,1.2189693698871906e-12,9.008087041769738e-13,-1.2139178551251462e-12,0.11476972956446073,0.3170041784418795,0.06525331243538654
constant,prepared,0.08,0.0005,0.2255,0.40432509045294973,0.6763580110363077,1.2349010702905616e-12,9.129048892296947e-13,-1.2342349364757865e-12,0.11497189210968721,0.31686816198158557,0.06519565641620775
constant,prepared,0.08,0.0005,0.226,0.40402552832156,0.6761184706936704,1.2512768599037827e-12,9.2533846813774e-13,-1.2519429937185578e-12,0.11517390487384799,0.3167321155104001,0.06513802176297775
constant,prepared,0.08,0.0005,0.2265,0.40372654455427887,0.6758786230819607,1.2222445278098348e-12,9.041893663061703e-13,-1.223576795439385e-12,0.11537576814612513,0.3165960394711353,0.06508040862658154
constant,prepared,0.08,0.0005,0.227,0.40342813693653734,0.6756384701619164,1.2290168882600483e-12,9.095225794087755e-13,-1.2257972414886353e-12,0.1155774822145934,0.3164599343045236,0.0650228171569451
constant,prepared,0.08,0.0005,0.2275,0.40313030326421506,0.6753980138863318,1.225741730337404e-12,9.074217758527358e-13,-1.2241874181029289e-12,0.1157790473662255,0.3163238004492108,0.06496524750303465
constant,prepared,0.08,0.0005,0.228,0.4028330413435762,0.6751572562001901,1.2289058659575858e-12,9.100886161490693e-13,-1.233679824963474e-12,0.1159804638868973,0.31618763834178115,0.06490769981286632
constant,prepared,0.08,0.0005,0.2285,0.4025363489912106,0.674916199040577,1.2315704012166862e-12,9.123876438039967e-13,-1.231126312006836e-12,0.1161817320613929,0.3160514484167562,0.06485017423350849
constant,prepared,0.08,0.0005,0.229,0.40224022403396903,0.6746748443367946,1.2247425296152414e-12,9.076539164714611e-13,-1.2235212842881538e-12,0.11638285217340988,0.31591523110660324,0.06479267091108598
constant,prepared,0.08,0.0005,0.2295,0.4019446643089085,0.6744331940103302,1.2204126598192033e-12,9.047691236557123e-13,-1.221189815936441e-12,0.11658382450556433,0.3157789868417531,0.06473518999078717
constant,prepared,0.08,0.0005,0.23,0.40164966766322696,0.6741912499748665,1.2223555501122974e-12,9.065347185659545e-13,-1.224853551917704e-12,0.11678464933939595,0.3156427160505971,0.06467773161686684
constant,prepared,0.08,0.0005,0.2305,0.4013552319542042,0.6739490141363199,1.2235212842881538e-12,9.07725405500453e-13,-1.22291066162461e-12,0.11698532695537305,0.3155064191595039,0.06462029593265031
constant,prepared,0.08,0.0005,0.231,0.40106135504914725,0.6737064883928462,1.2128631432517523e-12,9.001420975950476e-13,-1.2143619443349962e-12,0.11718585763289761,0.31537009659283116,0.06456288308054063
constant,prepared,0.08,0.0005,0.2315,0.40076803482532974,0.6734636746348747,1.2361778267688805e-12,9.177761721431766e-13,-1.2322365350314612e-12,0.11738624165031028,0.31523374877292765,0.06450549320202048
constant,prepared,0.08,0.0005,0.232,0.4004752691699297,0.6732205747451044,1.2170819907453279e-12,9.039251297429826e-13,-1.2214673716925972e-12,0.11758647928489524,0.31509737612013816,0.06444812643765933
constant,prepared,0.08,0.0005,0.2325,0.4001830559799784,0.6729771905985487,1.2090883849680267e-12,8.983130497272668e-13,-1.2121970094369772e-12,0.11778657081288522,0.31496097905282905,0.06439078292711471
constant,prepared,0.08,0.0005,0.233,0.3998913931622999,0.6727335240625522,1.2326806242413113e-12,9.161730314821987e-13,-1.2297385332260546e-12,0.11798651650946637,0.3148245579873786,0.0643334628091407
constant,prepared,0.08,0.0005,0.2335,0.39960027863345465,0.6724895769967495,1.2207457267265909e-12,9.076317079717233e-13,-1.223132706229535e-12,0.1181863166487831,0.3146881133381962,0.06427616622158977
constant,prepared,0.08,0.0005,0.234,0.399309710319688,0.6722453512531698,1.2161938123256277e-12,9.045758442638193e-13,-1.2180811914674905e-12,0.11838597150394294,0.3145516455177277,0.06421889330141714
constant,prepared,0.08,0.0005,0.23450000000000001,0.3990196861568696,0.6720008486762288,1.2105316749000394e-12,9.006920729963136e-13,-1.2062018051040013e-12,0.11858548134702138,0.31441515493646754,0.06416164418468735
constant,prepared,0.08,0.0005,0.23500000000000001,0.39873020409043836,0.6717560711027274,1.2226331058684536e-12,9.100275817830096e-13,-1.2221890166586036e-12,0.11878484644906659,0.31427864200296074,0.06410441900657811
constant,prepared,0.08,0.0005,0.23550000000000001,0.39844126207535047,0.6715110203618602,1.2049805597769137e-12,8.972157740065823e-13,-1.2043699371133698e-12,0.11898406708010427,0.3141421071238163,0.06404721790138228
constant,prepared,0.08,0.0005,0.23600000000000002,0.39815285807602513,0.6712656982753071,1.2185807918285718e-12,9.07673962008176e-13,-1.2180256803162592e-12,0.11918314350914228,0.31400555070371766,0.06399004100251489
constant,prepared,0.08,0.0005,0.23650000000000002,0.39786499006629106,0.671020106657161,1.2200795929118158e-12,9.091229762017191e-13,-1.217748124560103e-12,0.11938207600417543,0.31386897314542145,0.06393288844251754
constant,prepared,0.08,0.0005,0.23700000000000002,0.3975776560293343,0.670774247314005,1.2227441281709162e-12,9.11442361618727e-13,-1.2261303083960229e-12,0.11958086483219009,0.313732374849778,0.0638757603530619
constant,prepared,0.08,0.0005,0.23750000000000002,0.3972908539576394,0.6705281220449281,1.218636302979803e-12,9.087137906029853e-13,-1.2183032360724155e-12,0.11977951025916891,0.3135957562157346,0.06381865686495344
constant,prepared,0.08,0.0005,0.23800000000000002,0.39700458185294213,0.6702817326415423,1.2209122601802846e-12,9.107455870590614e-13,-1.2251311076738602e-12,0.11997801255009538,0.31345911764034057,0.06376157810813686
constant,prepared,0.08,0.0005,0.23850000000000002,0.39671883772618166,0.6700350808879628,1.220579193272897e-12,9.108323042236945e-13,-1.2196355037019657e-12,0.12017637196895847,0.31332245951875903,0.06370452421170099
constant,prepared,0.08,0.0005,0.23900000000000002,0.39643361959743784,0.6697881685609093,1.2222445278098348e-12,9.12411255662223e-13,-1.2251866188250915e-12,0.12037458877875719,0.3131857822442755,0.06364749530388045
constant,prepared,0.08,0.0005,0.23950000000000002,0.3961489254958939,0.669540997429657,1.2273515537231106e-12,9.165619121411106e-13,-1.2253531522787853e-12,0.12057266324150513,0.31304908620830835,0.0635904915120632
constant,prepared,0.08,0.0005,0.24,0.39586475345977434,0.6692935692560871,1.203981359054751e-12,8.994418999064051e-13,-1.2060352716503075e-12,0.12077059561823501,0.3129123718004084,0.06353351296279265
constant,prepared,0.08,0.0005,0.2405,0.3955811015362999,0.6690458857946883,1.1994849558050191e-12,8.964145668269102e-13,-1.2003731342247193e-12,0.12096838616900317,0.31277563940827935,0.06347655978177148
constant,prepared,0.08,0.0005,0.241,0.3952979677816409,0.6687979487926324,1.2135292770665274e-12,9.072465602325684e-13,-1.2131406990079086e-12,0.121166035152894,0.31263888941777085,0.06341963209386876
constant,prepared,0.08,0.0005,0.2415,0.39501535026086076,0.6685497599897018,1.2173595465014841e-12,9.104479721293503e-13,-1.2105871860512707e-12,0.12136354282802443,0.3125021222129074,0.06336273002312036
constant,prepared,0.08,0.0005,0.242,0.3947332470478715,0.6683013211184063,1.2114753644709708e-12,9.063840861802138e-13,-1.214750522393615e-12,0.12156090945154836,0.312365338175873,0.0633058536927366
constant,prepared,0.08,0.0005,0.2425,0.39445165622538203,0.6680526339039434,1.225075596522629e-12,9.169005062987705e-13,-1.22379884004431e-12,0.12175813527966105,0.31222853768703224,0.06324900322510246
constant,prepared,0.08,0.0005,0.243,0.39417057588485493,0.6678037000642402,1.1988743331414753e-12,8.976248057813037e-13,-1.2027601137276633e-12,0.12195522056760348,0.3120917211249411,0.06319217874178559
constant,prepared,0.08,0.0005,0.2435,0.3938900041264549,0.6675545213099777,1.2109202529586582e-12,9.069822870657117e-13,-1.2092549184217205e-12,0.12215216556966671,0.31195488886635026,0.06313538036353869
constant,prepared,0.08,0.0005,0.244,0.3936099390590046,0.6673050993446159,1.2075895838847828e-12,9.048256824874461e-13,-1.2063128274064638e-12,0.12234897053919622,0.3118180412862052,0.06307860821030278
constant,prepared,0.08,0.0005,0.2445,0.39333037879993027,0.6670554358644,1.211308831017277e-12,9.079521475201754e-13,-1.2107537195049645e-12,0.12254563572859618,0.3116811787576724,0.06302186240121298
constant,prepared,0.08,0.0005,0.245,0.39305132147522426,0.6668055325583906,1.2163603457793215e-12,9.120802740727847e-13,-1.2206902155753596e-12,0.12274216138933379,0.3115443016521314,0.06296514305460112
constant,prepared,0.08,0.0005,0.2455,0.3927727652193926,0.6665553911084791,1.2207457267265909e-12,9.157121396133168e-13,-1.217526079955178e-12,0.12293854777194349,0.3114074103391854,0.0629084502880001
constant,prepared,0.08,0.0005,0.246,0.39249470817540844,0.6663050131894247,1.202038468761657e-12,9.020181785866616e-13,-1.2028156248788946e-12,0.12313479512603119,0.3112705051866783,0.06285178421814866
constant,prepared,0.08,0.0005,0.2465,0.39221714849467604,0.6660544004688869,1.2221890166586036e-12,9.174843795019518e-13,-1.2188583475847281e-12,0.12333090370027854,0.31113358656069146,0.06279514496099442
constant,prepared,0.08,0.0005,0.247,0.39194008433697014,0.6658035546073919,1.1983192216291627e-12,8.999044938523224e-13,-1.2010392680394943e-12,0.12352687374244702,0.31099665482555505,0.06273853263169839
constant,prepared,0.08,0.0005,0.2475,0.3916635138704055,0.665552477258406,1.202704602576432e-12,9.035385215074377e-13,-1.2013168237956506e-12,0.12372270549938222,0.3108597103438595,0.0626819473446382
constant,prepared,0.08,0.0005,0.248,0.3913874352713838,0.6653011700683663,1.2180256803162592e-12,9.15394211759751e-13,-1.2174150576527154e-12,0.12391839921701792,0.31072275347646255,0.06262538921341311
constant,prepared,0.08,0.0005,0.2485,0.3911118467245494,0.6650496346766456,1.1986522885365503e-12,9.011750597519445e-13,-1.1963763313360687e-12,0.12411395514038019,0.31058578458248454,0.06256885835084648
constant,prepared,0.08,0.0005,0.249,0.39083674642275196,0.6647978727156301,1.1869394356267549e-12,8.927070048954663e-13,-1.1866618798705986e-12,0.12430937351359157,0.3104488040193375,0.06251235486899169
constant,prepared,0.08,0.0005,0.2495,0.39056213256699335,0.6645458858107259,1.2008172234345693e-12,9.034870646806606e-13,-1.203315225239976e-12,0.12450465457987507,0.3103118121427153,0.06245587887913331
constant,prepared,0.08,0.0005,0.25,0.39028800336639635,0.6642936755803583,1.200761712283338e-12,9.037883066049143e-13,-1.2020939799128882e-12,0.12469979858155827,0.3101748093066076,0.06239943049179366
constant,prepared,0.08,0.0005,0.2505,0.3900143570381499,0.664041243636015,1.2044809594158323e-12,9.069323411445807e-13,-1.2077561173384765e-12,0.12489480576007735,0.3100377958633084,0.06234300981673401
constant,prepared,0.08,0.0005,0.251,0.3897411918074708,0.6637885915822849,1.2005951788296443e-12,9.043505673746803e-13,-1.2011502903419569e-12,0.1250896763559811,0.30990077216342155,0.06228661696296127
constant,prepared,0.08,0.0005,0.2515,0.38946850590757087,0.6635357210168427,1.2200795929118158e-12,9.193774760467827e-13,-1.2190803921896531e-12,0.1252844106089349,0.30976373855586453,0.0622302520387286
constant,prepared,0.08,0.0005,0.252,0.3891962975795936,0.6632826335305044,1.204203403659676e-12,9.077603896010957e-13,-1.2034262475424384e-12,0.1254790087577247,0.30962669538788956,0.06217391515154213
constant,prepared,0.08,0.0005,0.2525,0.3889245650725931,0.6630293307072226,1.2068679389187764e-12,9.10116553690293e-13,-1.2029821583325884e-12,0.125673471040261,0.30948964300507054,0.062117606408162294
constant,prepared,0.08,0.0005,0.253,0.3886533066434849,0.6627758141241435,1.1939893518331246e-12,9.007490363916666e-13,-1.195377130613906e-12,0.12586779769358275,0.30935258175133007,0.06206132591460942
constant,prepared,0.08,0.0005,0.2535,0.38838252055700306,0.6625220853515961,1.203537269844901e-12,9.082997355515316e-13,-1.2048140263232199e-12,0.12606198895386125,0.3092155119689311,0.062005073776166195
constant,prepared,0.08,0.0005,0.254,0.38811220508566,0.6622681459531238,1.2060352716503075e-12,9.105339574452176e-13,-1.2058132270453825e-12,0.1262560450564041,0.30907843399849827,0.0619488500973812
constant,prepared,0.08,0.0005,0.2545,0.3878423585097097,0.6620139974855062,1.1953216194626748e-12,9.027918019873633e-13,-1.195155086008981e-12,0.12644996623565893,0.30894134817901076,0.061892654982074746
constant,prepared,0.08,0.0005,0.255,0.38757297911710553,0.6617596414988127,1.1972089986045376e-12,9.045648325515197e-13,-1.195377130613906e-12,0.1266437527252175,0.308804254847818,0.0618364885333388
constant,prepared,0.08,0.0005,0.2555,0.38730406520345545,0.6615050795363807,1.206756916616314e-12,9.121297431767078e-13,-1.199873533863638e-12,0.1268374047578192,0.30866715434064973,0.06178035085354466
constant,prepared,0.08,0.0005,0.256,0.38703561507199,0.6612503131348781,1.2034262475424384e-12,9.099627052243641e-13,-1.2032042029375134e-12,0.1270309225653552,0.30853004699161796,0.06172424204434402
constant,prepared,0.08,0.0005,0.2565,0.3867676270335197,0.6609953438242563,1.1902701047006303e-12,9.00361943408806e-13,-1.1920464615400306e-12,0.12722430637887197,0.30839293313322225,0.06166816220667207
constant,prepared,0.08,0.0005,0.257,0.3865000994063973,0.6607401731278754,1.1922129949937244e-12,9.0217989118842e-13,-1.1924905507498806e-12,0.12741755642857516,0.30825581309636224,0.06161211144075457
constant,prepared,0.08,0.0005,0.2575,0.38623303051647484,0.6604848025624487,1.1964873536385312e-12,9.057644846599781e-13,-1.1986522885365503e-12,0.1276106729438334,0.30811868721033797,0.0615560898461061
constant,prepared,0.08,0.0005,0.258,0.38596641869706866,0.6602292336380988,1.2029266471813571e-12,9.109916570580386e-13,-1.203981359054751e-12,0.12780365615318195,0.30798155580286585,0.06150009752153868
constant,prepared,0.08,0.0005,0.2585,0.38570026228892235,0.6599734678583588,1.198152688175469e-12,9.077279212923789e-13,-1.1948775302528247e-12,0.1279965062843264,0.3078444192000802,0.06144413456516296
constant,prepared,0.08,0.0005,0.259,0.3854345596401642,0.6597175067202319,1.195155086008981e-12,9.058082238484018e-13,-1.1948775302528247e-12,0.1281892235641465,0.3077072777265411,0.06138820107439106
constant,prepared,0.08,0.0005,0.2595,0.3851693091062756,0.6594613517141713,1.1926570842035744e-12,9.042660961877159e-13,-1.1933232180183495e-12,0.12838180821869963,0.30757013170523595,0.06133229714594097
constant,prepared,0.08,0.0005,0.26,0.3849045090500483,0.659205004324128,1.195599175218831e-12,9.068492861667328e-13,-1.1916023723301805e-12,0.12857426047322465,0.30743298145759795,0.06127642287584136
constant,prepared,0.08,0.0005,0.2605,0.3846401578415493,0.6589484660275722,1.1796119636642288e-12,8.950714847053115e-13,-1.17966747481546e-12,0.12876658055214543,0.3072958273035045,0.06122057835943202
constant,prepared,0.08,0.0005,0.261,0.38437625385808294,0.6586917382955189,1.1879941475001488e-12,9.017830939956998e-13,-1.1869949467779861e-12,0.12895876867907446,0.3071586695612855,0.061164763691369695
constant,prepared,0.08,0.0005,0.2615,0.3841127954841584,0.6584348225925255,1.1915468611789493e-12,9.048328097884212e-13,-1.1943779298917434e-12,0.12915082507681655,0.3070215085477305,0.061108978965631146
constant,prepared,0.08,0.0005,0.262,0.3838497811114469,0.6581777203767399,1.1820544543184042e-12,8.979751347711501e-13,-1.1821654766208667e-12,0.12934274996737227,0.30688434457809793,0.06105322427551446
constant,prepared,0.08,0.0005,0.2625,0.38358720913874794,0.6579204330999476,1.1832756996454918e-12,8.992544083705872e-13,-1.1858292126021297e-12,0.12953454357194163,0.30674717796611756,0.06099749971364675
constant,prepared,0.08,0.0005,0.263,0.38332507797195536,0.6576629622075166,1.2007062011321068e-12,9.128583105096195e-13,-1.1994294446537879e-12,0.1297262061109276,0.30661000902399765,0.06094180537198276
constant,prepared,0.08,0.0005,0.2635,0.38306338602402307,0.6574053091384862,1.1919909503887993e-12,9.065875600775069e-13,-1.191269305422793e-12,0.12991773780393961,0.3064728380624401,0.060886141341811834
constant,prepared,0.08,0.0005,0.264,0.38280213171492006,0.657147475325589,1.193434240320812e-12,9.080414101328105e-13,-1.1906586827592491e-12,0.13010913886979708,0.30633566539063367,0.06083050771375832
constant,prepared,0.08,0.0005,0.2645,0.3825413134716102,0.6568894621952429,1.1976530878143876e-12,9.116093016707015e-13,-1.1976530878143876e-12,0.13030040952653288,0.30619849131627197,0.06077490457778792
constant,prepared,0.08,0.0005,0.265,0.3822809297280004,0.656631271167575,1.193656284925737e-12,9.089243364865774e-13,-1.1918244169351055e-12,0.13049154999139687,0.3060613161455523,0.0607193320232089
constant,prepared,0.08,0.0005,0.2655,0.3820209789249214,0.6563729036564676,1.1983192216291627e-12,9.128341640495606e-13,-1.1963763313360687e-12,0.13068256048085933,0.30592414018318503,0.060663790138675504
constant,prepared,0.08,0.0005,0.266,0.3817614595100824,0.6561143610695784,1.1885492590124613e-12,9.057485474588961e-13,-1.1886602813149239e-12,0.13087344121061437,0.3057869637324054,0.06060827901219193
constant,prepared,0.08,0.0005,0.2665,0.3815023699380433,0.6558556448083424,1.1913248165740242e-12,9.082218213743343e-13,-1.1874945471390674e-12,0.1310641923955834,0.3056497870949684,0.06055279873111633
constant,prepared,0.08,0.0005,0.267,0.38124370867017354,0.6555967562680242,1.1814993428060916e-12,9.010869345439538e-13,-1.182220987772098e-12,0.13125481424991847,0.3055126105711695,0.06049734938216147
constant,prepared,0.08,0.0005,0.2675,0.3809854741746284,0.6553376968376968,1.1939893518331246e-12,9.109725852744164e-13,-1.1986522885365503e-12,0.1314453069870058,0.30537543445983734,0.060441931051401075
constant,prepared,0.08,0.0005,0.268,0.380727664926303,0.6550784679003043,1.1975975766631564e-12,9.140871173041842e-13,-1.1973755320582313e-12,0.13163567081946895,0.3052382590583501,0.06038654382427037
constant,prepared,0.08,0.0005,0.2685,0.3804702794068134,0.6548190708326679,1.1874945471390674e-12,9.067348524440291e-13,-1.185662679148436e-12,0.13182590595917235,0.3051010846626373,0.060331187785570686
constant,prepared,0.08,0.0005,0.269,0.38021331610444925,0.6545595070055303,1.180944231293779e-12,9.020908096616616e-13,-1.1814438316548603e-12,0.13201601261722457,0.304963911567184,0.060275863019473255
constant,prepared,0.08,0.0005,0.2695,0.3799567735141479,0.6542997777835435,1.1780021402785223e-12,9.002006268961094e-13,-1.1821099654696354e-12,0.13220599100398164,0.3048267400650503,0.06022056960952076
constant,prepared,0.08,0.0005,0.27,0.3797006501374617,0.6540398845252966,1.1909362385154054e-12,9.10446187374876e-13,-1.1876610805927612e-12,0.13239584132905038,0.30468957044785594,0.0601653076386313
constant,prepared,0.08,0.0005,0.2705,0.3794449444825274,0.6537798285833815,1.183331210796723e-12,9.049921388364869e-13,-1.1844414338213483e-12,0.13258556380129166,0.304552403005805,0.060110077189102405
constant,prepared,0.08,0.0005,0.271,0.37918965506402513,0.6535196113043529,1.185662679148436e-12,9.071362654143681e-13,-1.1844414338213483e-12,0.13277515862882366,0.3044152380276825,0.06005487834261172
constant,prepared,0.08,0.0005,0.2715,0.3789347804031572,0.653259234028794,1.1685652445692085e-12,8.944115778979221e-13,-1.1713408021307714e-12,0.13296462601902526,0.30427807580087,0.05999971118022304
constant,prepared,0.08,0.0005,0.272,0.3786803190276088,0.6529986980913425,1.1820544543184042e-12,9.050970987938988e-13,-1.1782241848834474e-12,0.13315396617853906,0.3041409166113375,0.05994457578238682
constant,prepared,0.08,0.0005,0.2725,0.37842626947151786,0.6527380048206636,1.181166275898704e-12,9.047782319815704e-13,-1.180944231293779e-12,0.13334317931327483,0.304003760743662,0.05988947222894587
constant,prepared,0.08,0.0005,0.273,0.3781726302754461,0.652477155539531,1.1783907183371412e-12,9.030130084490621e-13,-1.177724584522366e-12,0.13353226562841256,0.3038666084810301,0.05983440059913555
constant,prepared,0.08,0.0005,0.2735,0.3779193999863428,0.6522161515648164,1.1856071679972047e-12,9.089066294598677e-13,-1.1849965453336608e-12,0.13372122532840572,0.3037294601052411,0.05977936097158981
constant,prepared,0.08,0.0005,0.274,0.3776665771575186,0.6519549942075186,1.1783907183371412e-12,9.037362462177812e-13,-1.1790568521519162e-12,0.1339100586169845,0.30359231589671554,0.0597243534243413
constant,prepared,0.08,0.0005,0.2745,0.37741416034860936,0.6516936847727912,1.1837753000065732e-12,9.08229838392721e-13,-1.1829981438893356e-12,0.13409876569715878,0.3034551761345025,0.059669378034826505
constant,prepared,0.08,0.0005,0.275,0.3771621481255558,0.651432224559953,1.1833867219479544e-12,9.082961184076099e-13,-1.1771139618588222e-12,0.13428734677122156,0.30331804109628585,0.059614434879888156
constant,prepared,0.08,0.0005,0.2755,0.37691053906055727,0.651170614862535,1.1926015730523432e-12,9.157366332501156e-13,-1.1928236176572682e-12,0.13447580204075185,0.30318091105838335,0.059559524035777175
constant,prepared,0.08,0.0005,0.276,0.3766593317320539,0.6509088569682535,1.183719788855342e-12,9.092822875138713e-13,-1.184385922670117e-12,0.13466413170661787,0.3030437862957623,0.059504645578158356
constant,prepared,0.08,0.0005,0.2765,0.3764085247246916,0.6506469521591016,1.1816658762597854e-12,9.080699389565122e-13,-1.1824985435282542e-12,0.13485233596898022,0.30290666708204605,0.05944979958210937
constant,prepared,0.08,0.0005,0.277,0.3761581166292936,0.6503849017112971,1.1777800956735973e-12,9.054485217703761e-13,-1.180944231293779e-12,0.13504041502729486,0.30276955368950387,0.059394986122127943
constant,prepared,0.08,0.0005,0.2775,0.37590810604282615,0.6501227068953664,1.1840528557627295e-12,9.106379789563462e-13,-1.1808887201425478e-12,0.13522836908031627,0.30263244638907705,0.059340205272131456
constant,prepared,0.08,0.0005,0.278,0.375658491568377,0.649860368976157,1.1625145290850014e-12,8.944340850600583e-13,-1.1624590179337702e-12,0.13541619832610047,0.30249534545037265,0.05928545710546192
constant,prepared,0.08,0.0005,0.2785,0.37540927181511713,0.6495978892127916,1.1690093337790586e-12,8.997945907695747e-13,-1.169730978745065e-12,0.13560390296200803,0.30235825114167336,0.0592307416948872
constant,prepared,0.08,0.0005,0.279,0.37516044539827836,0.6493352688587832,1.1685652445692085e-12,8.9981655133405e-13,-1.168898311476596e-12,0.13579148318470716,0.30222116372994223,0.059176059112605664
constant,prepared,0.08,0.0005,0.2795,0.37491201093912196,0.6490725091620102,1.175337605019422e-12,9.053977702243052e-13,-1.1758372053805033e-12,0.13597893919017673,0.30208408348083043,0.05912140943024832
constant,prepared,0.08,0.0005,0.28,0.37466396706490623,0.6488096113647361,1.182220987772098e-12,9.110692621247416e-13,-1.180500142083929e-12,0.1361662711737092,0.30194701065868096,0.05906679271888133
constant,prepared,0.08,0.0005,0.2805,0.3744163124088622,0.6485465767036404,1.1705636460135338e-12,9.024514877266695e-13,-1.1682876888130522e-12,0.13635347932991362,0.30180994552653256,0.05901220904900867
constant,prepared,0.08,0.0005,0.281,0.37416904561016434,0.6482834064098454,1.1614598172116075e-12,8.957963490401998e-13,-1.1607936833968324e-12,0.1365405638527187,0.3016728883461326,0.05895765849057669
constant,prepared,0.08,0.0005,0.28150000000000003,0.3739221653139013,0.6480201017089332,1.172340002852934e-12,9.045552751837672e-13,-1.1761147611366596e-12,0.13672752493537565,0.3015358393779337,0.05890314111297478
constant,prepared,0.08,0.0005,0.28200000000000003,0.3736756701710475,0.6477566638209544,1.180722186688854e-12,9.113933152945066e-13,-1.1817768985622479e-12,0.13691436277046118,0.3013987988811086,0.058848656985038626
constant,prepared,0.08,0.0005,0.28250000000000003,0.37342955883843126,0.6474930939604574,1.172340002852934e-12,9.05291511050053e-13,-1.1710632463746151e-12,0.1371010775498804,0.3012617671135458,0.05879420617505505
constant,prepared,0.08,0.0005,0.28300000000000003,0.3731838299787184,0.64722939333655,1.1767253838002034e-12,9.090481643092291e-13,-1.1763368057415846e-12,0.13728766946486975,0.30112474433186726,0.05873978875076181
constant,prepared,0.08,0.0005,0.28350000000000003,0.37293848226037285,0.6469655631528419,1.177946629127291e-12,9.10362696420625e-13,-1.178557251790835e-12,0.13747413870599995,0.3009877307914205,0.05868540477935279
constant,prepared,0.08,0.0005,0.28400000000000003,0.37269351435763204,0.6467016046075281,1.1771694730100535e-12,9.101334097689348e-13,-1.1768919172538972e-12,0.13766048546317877,0.3008507267462939,0.05863105432747917
constant,prepared,0.08,0.0005,0.28450000000000003,0.3724489249504788,0.6464375188933934,1.1636802632608578e-12,9.000717232903351e-13,-1.163513729807164e-12,0.137846709925654,0.3007137324493221,0.05857673746125316
constant,prepared,0.08,0.0005,0.28500000000000003,0.372204712724623,0.6461733071978326,1.1594614157672822e-12,8.971752646316454e-13,-1.1592948823135885e-12,0.13803281228201633,0.3005767481520865,0.058522454246250015
constant,prepared,0.08,0.0005,0.28550000000000003,0.37196087637146136,0.6459089707028703,1.172340002852934e-12,9.075117826403185e-13,-1.172340002852934e-12,0.13821879272020207,0.3004397741049206,0.05846820474751142
constant,prepared,0.08,0.0005,0.28600000000000003,0.3717174145880581,0.6456445105851677,1.1559087020884817e-12,8.95158777885226e-13,-1.1607936833968324e-12,0.1384046514274961,0.30030281055692004,0.058413989029547496
constant,prepared,0.08,0.0005,0.28650000000000003,0.37147432607711395,0.6453799280160779,1.168232177661821e-12,9.05073218849518e-13,-1.1641243524707079e-12,0.13859038859053466,0.30016585775594856,0.058359807156340864
constant,prepared,0.08,0.0005,0.28700000000000003,0.37123160954695017,0.6451152241616405,1.1693424006864461e-12,9.063050730239745e-13,-1.1717293801893902e-12,0.13877600439530813,0.300028915948642,0.058305659191346976
constant,prepared,0.08,0.0005,0.28750000000000003,0.37098926371146124,0.6448504001826175,1.1603495941869824e-12,8.997044848365876e-13,-1.160904705699295e-12,0.13896149902716387,0.29989198538040546,0.05825154519749914
constant,prepared,0.08,0.0005,0.28800000000000003,0.3707472872901119,0.6445854572344831,1.1822764989233292e-12,9.170828209456207e-13,-1.1801670751765414e-12,0.1391468726708089,0.299755066295432,0.05819746523720996
constant,prepared,0.08,0.0005,0.2885,0.3705056790078936,0.6443203964675023,1.1665668431248832e-12,9.052692181712315e-13,-1.1653455977977956e-12,0.13933212551031285,0.29961815893670335,0.05814341937237406
constant,prepared,0.08,0.0005,0.289,0.3702644375953084,0.6440552190267049,1.166511331973652e-12,9.055988504645809e-13,-1.168898311476596e-12,0.1395172577291105,0.29948126354598703,0.058089407664371
constant,prepared,0.08,0.0005,0.2895,0.37002356178833923,0.6437899260518962,1.1509126984776685e-12,8.938573375438809e-13,-1.1468603844377867e-12,0.13970226951000467,0.29934438036385513,0.058035430174068404
constant,prepared,0.08,0.0005,0.29,0.36978305032842324,0.6435245186777464,1.1702860902573775e-12,9.092785560532387e-13,-1.1707301794672276e-12,0.13988716103516888,0.2992075096296788,0.05798148696182237
constant,prepared,0.08,0.0005,0.2905,0.36954290196242706,0.6432589980337334,1.1476375405550243e-12,8.920493487553334e-13,-1.1486922524284182e-12,0.1400719324861501,0.2990706515816423,0.0579275780874835
constant,prepared,0.08,0.0005,0.291,0.3693031154426244,0.6429933652442106,1.1539103006441565e-12,8.972956511027628e-13,-1.1524670107121437e-12,0.14025658404387142,0.2989338064567413,0.05787370361039623
constant,prepared,0.08,0.0005,0.2915,0.36906368952666585,0.6427276214283985,1.160072038430826e-12,9.024600777632941e-13,-1.16112675030422e-12,0.14044111588863475,0.2987969744907903,0.05781986358940415
constant,prepared,0.08,0.0005,0.292,0.36882462297755814,0.6424617677004422,1.1442513603299176e-12,8.905209756095741e-13,-1.1448064718422302e-12,0.14062552820012353,0.2986601559184298,0.05776605808284943
constant,prepared,0.08,0.0005,0.2925,0.3685859145636337,0.6421958051693902,1.1353695761329163e-12,8.839746125657418e-13,-1.1401990462900358e-12,0.14080982115740534,0.29852335097312416,0.0577122871485791
constant,prepared,0.08,0.0005,0.293,0.36834756305853195,0.641929734939256,1.162625551387464e-12,9.05570725350826e-13,-1.1611822614554512e-12,0.1409939949389346,0.29838655988718393,0.05765855084394426
constant,prepared,0.08,0.0005,0.2935,0.36810956724116917,0.64166355810899,1.1540768340978502e-12,8.992850065367013e-13,-1.1525780330146063e-12,0.14117804972255518,0.29824978289174825,0.05760484922580449
constant,prepared,0.08,0.0005,0.294,0.3678719258957193,0.6413972757725565,1.156408302449563e-12,9.014758451036752e-13,-1.1592393711623572e-12,0.14136198568550304,0.29811302021680763,0.05755118235053019
constant,prepared,0.08,0.0005,0.2945,0.36763463781158123,0.6411308890188995,1.1564638136007943e-12,9.018936955053342e-13,-1.1554091017274004e-12,0.14154580300440883,0.2979762720912057,0.05749755027400388
constant,prepared,0.08,0.0005,0.295,0.3673977017833664,0.6408643989319962,1.1604606164894449e-12,9.053870197988122e-13,-1.1585177261963508e-12,0.1417295018553005,0.29783953874263064,0.05744395305162513
constant,prepared,0.08,0.0005,0.2955,0.3671611166108619,0.6405978065908822,1.1469714067402492e-12,8.952351966697692e-13,-1.1483036743697994e-12,0.14191308241360592,0.29770282039764007,0.05739039073830941
constant,prepared,0.08,0.0005,0.296,0.3669248810990164,0.6403311130696488,1.1640688413194766e-12,9.089585197086953e-13,-1.1655121312514893e-12,0.14209654485415543,0.29756611728165483,0.05733686338849425
constant,prepared,0.08,0.0005,0.2965,0.3666889940579084,0.6400643194374707,1.147137940193943e-12,8.961114573618891e-13,-1.1515233211412124e-12,0.14227988935118438,0.29742942961896285,0.05728337105613929
constant,prepared,0.08,0.0005,0.297,0.3664534543027307,0.639797426758621,1.1529110999219938e-12,9.009969809990487e-13,-1.1518008768973687e-12,0.14246311607833576,0.29729275763273594,0.05722991379473004
constant,prepared,0.08,0.0005,0.2975,0.3662182606537582,0.6395304360925238,1.1536882560392314e-12,9.019807275218418e-13,-1.1532441668293814e-12,0.14264622520866263,0.2971561015450148,0.057176491657279394
constant,prepared,0.08,0.0005,0.298,0.3659834119363293,0.6392633484937194,1.1624590179337702e-12,9.092176336026358e-13,-1.1599610161283636e-12,0.1428292169146308,0.2970194615767354,0.05712310469633092
constant,prepared,0.08,0.0005,0.2985,0.36574890698082196,0.6389961650119345,1.1610712391529887e-12,9.08511899386946e-13,-1.1619594175726888e-12,0.1430120913681212,0.29688283794771975,0.05706975296395957
constant,prepared,0.08,0.0005,0.299,0.365514744622631,0.6387288866920661,1.1406431354998858e-12,8.929008529786255e-13,-1.1397549570801857e-12,0.14319484874043253,0.2967462308766847,0.05701643651177637
constant,prepared,0.08,0.0005,0.2995,0.36528092370213894,0.6384615145742407,1.1507461650239748e-12,9.011867894577131e-13,-1.1509126984776685e-12,0.1433774892022836,0.2966096405812465,0.056963155390930276
constant,prepared,0.08,0.0005,0.3,0.3650474430647038,0.6381940496937697,1.144140338027455e-12,8.96389067381177e-13,-1.1433076707589862e-12,0.14356001292381596,0.29647306727793327,0.05690990965210827
constant,prepared,0.08,0.0005,0.3005,0.3648143015606257,0.6379264930812386,1.1442513603299176e-12,8.968520454465382e-13,-1.1458056725643928e-12,0.14374242007459626,0.2963365111821716,0.05685669934554073
constant,prepared,0.08,0.0005,0.301,0.3645814980451314,0.6376588457624877,1.1540768340978502e-12,9.049328193015228e-13,-1.151245765385056e-12,0.14392471082361882,0.29619997250831237,0.056803524521002784
constant,prepared,0.08,0.0005,0.3015,0.36434903137834623,0.6373911087586613,1.1601275495820573e-12,9.100594075122771e-13,-1.1560752355421755e-12,0.144106885339308,0.296063451469622,0.056750385227814865
constant,prepared,0.08,0.0005,0.302,0.3641169004252756,0.637123283086162,1.133371174688591e-12,8.8944416628258e-13,-1.137034910669854e-12,0.14428894378952062,0.29592694827829175,0.05669728151484765
constant,prepared,0.08,0.0005,0.3025,0.3638851040557793,0.6368553697567476,1.1457501614131615e-12,8.995371758031655e-13,-1.1440848268762238e-12,0.1444708863415485,0.29579046314543966,0.056644213430523525
constant,prepared,0.08,0.0005,0.303,0.363653641144554,0.6365873697775148,1.1408096689535796e-12,8.960354250754822e-13,-1.1456946502619303e-12,0.14465271316212078,0.29565399628112365,0.05659118102281824
constant,prepared,0.08,0.0005,0.3035,0.3634225105711041,0.6363192841509017,1.147137940193943e-12,9.013854905589091e-13,-1.1462497617742429e-12,0.14483442441740632,0.2955175478943338,0.056538184339263074
constant,prepared,0.08,0.0005,0.304,0.36319171121972343,0.6360511138747552,1.1479150963111806e-12,9.023764531416109e-13,-1.1485812301259557e-12,0.1450160202730162,0.2953811181930056,0.056485223426948644
constant,prepared,0.08,0.0005,0.3045,0.362961241979479,0.6357828599422862,1.1523559884096812e-12,9.062496498515572e-13,-1.1532441668293814e-12,0.14519750089400593,0.2952447073840226,0.056432298332525825
constant,prepared,0.08,0.0005,0.305,0.3627311017441754,0.6355145233421527,1.1425860257929799e-12,8.989456446904829e-13,-1.145639139110699e-12,0.14537886644487802,0.29510831567322243,0.05637940910220841
constant,prepared,0.08,0.0005,0.3055,0.36250128941234394,0.6352461050584447,1.1435852265151425e-12,9.001119545698745e-13,-1.1456946502619303e-12,0.1455601170895842,0.29497194326539866,0.056326555781775006
constant,prepared,0.08,0.0005,0.306,0.36227180388722086,0.6349776060706809,1.1349254869230663e-12,8.936736320081506e-13,-1.1350365092255288e-12,0.1457412529915278,0.2948355903643066,0.05627373841657209
constant,prepared,0.08,0.0005,0.3065,0.362042644076721,0.6347090273539091,1.156186257844638e-12,9.10800231299455e-13,-1.1567413693569506e-12,0.14592227431356616,0.2946992571726659,0.05622095705151584
constant,prepared,0.08,0.0005,0.307,0.3618138088934148,0.6344403698786001,1.1341483308058287e-12,8.938179099651507e-13,-1.1309286840344157e-12,0.14610318121801288,0.2945629438921752,0.05616821173109402
constant,prepared,0.08,0.0005,0.3075,0.36158529725451755,0.6341716346108107,1.1459166948668553e-12,9.034752047598799e-13,-1.1468048732865554e-12,0.14628397386664013,0.29442665072349566,0.05611550249936849
constant,prepared,0.08,0.0005,0.308,0.36135710808185545,0.6339028225120504,1.140476602046192e-12,8.995673796857765e-13,-1.1409762024072734e-12,0.14646465242068105,0.2942903778662796,0.056062829399977455
constant,prepared,0.08,0.0005,0.3085,0.361129240301854,0.6336339345394566,1.150801676175206e-12,9.080966260200353e-13,-1.1496914531505809e-12,0.14664521704083197,0.2941541255191604,0.05601019247613774
constant,prepared,0.08,0.0005,0.309,0.36090169284550955,0.6333649716456698,1.1323719739664284e-12,8.939332175437319e-13,-1.1374789998797041e-12,0.14682566788725473,0.2940178938797601,0.05595759177064649
constant,prepared,0.08,0.0005,0.3095,0.3606744646483772,0.6330959347789578,1.1349809980742975e-12,8.963736265891147e-13,-1.1388667786604856e-12,0.14700600511957893,0.29388168314469587,0.055905027325884156
constant,prepared,0.08,0.0005,0.31,0.3604475546505419,0.6328268248831822,1.1357026430403039e-12,8.973249855905933e-13,-1.1375345110309354e-12,0.1471862288969042,0.29374549350957774,0.05585249918381567
constant,prepared,0.08,0.0005,0.3105,0.3602209617966013,0.6325576428978132,1.1340373085033661e-12,8.963904880725219e-13,-1.1319278847565784e-12,0.1473663393778025,0.2936093251690269,0.055800007385993944
constant,prepared,0.08,0.0005,0.311,0.35999468503564475,0.6322883897579823,1.1241563235842023e-12,8.889585367948084e-13,-1.1238232566768147e-12,0.14754633672032033,0.2934731783166651,0.055747551973560155
constant,prepared,0.08,0.0005,0.3115,0.35976872332123555,0.632019066394474,1.1381451336944792e-12,9.004041129536766e-13,-1.1371459329723166e-12,0.14772622108198094,0.2933370531451271,0.055695132987247396
constant,prepared,0.08,0.0005,0.312,0.35954307561138305,0.6317496737337447,1.1366463326112353e-12,8.996018358762622e-13,-1.1351475315279913e-12,0.14790599261978662,0.2932009498460656,0.05564275046738234
constant,prepared,0.08,0.0005,0.3125,0.3593177408685334,0.631480212697958,1.1365353103087728e-12,8.998978015890452e-13,-1.1391998455678731e-12,0.1480856514902209,0.2930648686101518,0.05559040445388745
constant,prepared,0.08,0.0005,0.313,0.35909271805953935,0.6312106842049743,1.1262102361797588e-12,8.921032742001541e-13,-1.1263212584822213e-12,0.14826519784925069,0.29292880962707635,0.055538094986282385
constant,prepared,0.08,0.0005,0.3135,0.3588680061556465,0.6309410891684063,1.1210476991152518e-12,8.883933209927891e-13,-1.1267653476920714e-12,0.1484446318523285,0.29279277308557056,0.05548582210368779
constant,prepared,0.08,0.0005,0.314,0.35864360413247187,0.630671428497594,1.1278200595654653e-12,8.941423446525764e-13,-1.1293743717999405e-12,0.14862395365439474,0.2926567591733868,0.05543358584482433
constant,prepared,0.08,0.0005,0.3145,0.3584195109699801,0.6304017030976772,1.1323719739664284e-12,8.9813524329102e-13,-1.1332046412348973e-12,0.14880316340987973,0.29252076807732447,0.05538138624801874
constant,prepared,0.08,0.0005,0.315,0.3581957256524713,0.6301319138695527,1.1482481632185682e-12,9.111172898435577e-13,-1.1461387394717804e-12,0.14898226127270597,0.29238479998321226,0.055329223351202945
constant,prepared,0.08,0.0005,0.3155,0.35797224716855414,0.6298620617099192,1.123878767828046e-12,8.921626147604377e-13,-1.1251555243063649e-12,0.14916124739629025,0.2922488550759415,0.055277097191916424
constant,prepared,0.08,0.0005,0.316,0.3577490745111315,0.6295921475113165,1.1274314815068465e-12,8.953665368623203e-13,-1.1259881915748338e-12,0.14934012193354582,0.2921129335394407,0.05522500780730976
constant,prepared,0.08,0.0005,0.3165,0.3575262066773789,0.6293221721621185,1.1335377081422848e-12,9.006020749649159e-13,-1.1327605520250472e-12,0.1495188850368845,0.29197703555669746,0.055172955234145137
constant,prepared,0.08,0.0005,0.317,0.3573036426687234,0.6290521365465417,1.1396439347777232e-12,9.058421938070724e-13,-1.1365353103087728e-12,0.14969753685821888,0.29184116130975896,0.05512093950879937
constant,prepared,0.08,0.0005,0.3175,0.3570813814908283,0.6287820415446922,1.1382006448457105e-12,9.050836137499483e-13,-1.1397549570801857e-12,0.1498760775489643,0.29170531097973157,0.055068960667265215
constant,prepared,0.08,0.0005,0.318,0.35685942215357336,0.6285118880325404,1.1287637491363967e-12,8.979653134873899e-13,-1.1267098365408401e-12,0.15005450726004108,0.2915694847467909,0.05501701874515414
constant,prepared,0.08,0.0005,0.3185,0.3566377636710303,0.6282416768819991,1.1367018437624665e-12,9.046692424187435e-13,-1.1358691764939977e-12,0.15023282614187658,0.2914336827901855,0.05496511377769705
constant,prepared,0.08,0.0005,0.319,0.35641640506145117,0.6279714089608883,1.1349254869230663e-12,9.036442350138323e-13,-1.1347589534693725e-12,0.1504110343444073,0.2912979052882361,0.0549132457997477
constant,prepared,0.08,0.0005,0.3195,0.3561953453472443,0.6277010851329784,1.1240453012817397e-12,8.953667023234509e-13,-1.1234901897694272e-12,0.15058913201708093,0.2911621524183417,0.05486141484578423
constant,prepared,0.08,0.0005,0.32,0.3559745835549622,0.6274307062579927,1.12626574733099e-12,8.975220180464606e-13,-1.1287637491363967e-12,0.15076711930885842,0.29102642435699005,0.05480962094991003
constant,prepared,0.08,0.0005,0.3205,0.35575411871527163,0.6271602731916186,1.132927085478741e-12,9.032197461362243e-13,-1.1275980149605402e-12,0.15094499636821604,0.29089072127974974,0.05475786414585757
constant,prepared,0.08,0.0005,0.321,0.3555339498629452,0.6268897867855692,1.114830450177351e-12,8.891757958705531e-13,-1.1136647160014945e-12,0.1511227633431475,0.29075504336128977,0.05470614446698898
constant,prepared,0.08,0.0005,0.3215,0.3553140760368417,0.6266192478875487,1.1405876243486546e-12,9.101121839081323e-13,-1.1405321131974233e-12,0.15130042038116592,0.2906193907753632,0.054654461946298485
constant,prepared,0.08,0.0005,0.322,0.3550944962798826,0.6263486573412862,1.1183831638561514e-12,8.927800441071002e-13,-1.1197154314857016e-12,0.15147796762930588,0.2904837636948321,0.054602816616414585
constant,prepared,0.08,0.0005,0.3225,0.35487520963903646,0.6260780159865659,1.1375900221821666e-12,9.085050050739548e-13,-1.1345924200156787e-12,0.1516554052341254,0.2903481622916591,0.054551208509600595
constant,prepared,0.08,0.0005,0.323,0.3546562151653021,0.6258073246592285,1.109223823902994e-12,8.862342930438036e-13,-1.1119438703133255e-12,0.15183273334170805,0.29021258673690986,0.05449963765775921
constant,prepared,0.08,0.0005,0.3235,0.3544375119136883,0.6255365841912005,1.1195488980320079e-12,8.948708407507038e-13,-1.1186052084610765e-12,0.15200995209766488,0.290077037200771,0.05444810409243143
constant,prepared,0.08,0.0005,0.324,0.3542190989431982,0.6252657954104842,1.120881165661558e-12,8.963237505457178e-13,-1.118938275368464e-12,0.15218706164713647,0.28994151385253747,0.05439660784480107
constant,prepared,0.08,0.0005,0.3245,0.35400097531680963,0.6249949591412195,1.1236012120718897e-12,8.988882195264222e-13,-1.124100812432971e-12,0.15236406213479486,0.28980601686062496,0.05434514894569355
constant,prepared,0.08,0.0005,0.325,0.35378314010145484,0.6247240762036493,1.1262102361797588e-12,9.01366122322792e-13,-1.1225465001984958e-12,0.1525409537048456,0.28967054639257167,0.05429372742558182
constant,prepared,0.08,0.0005,0.3255,0.35356559236801083,0.6244531474141831,1.1181056080999952e-12,8.952678137094764e-13,-1.1191048088221578e-12,0.1527177365010296,0.2895351026150483,0.05424234331458506
constant,prepared,0.08,0.0005,0.326,0.35334833119127246,0.6241821735853629,1.1161627178069011e-12,8.941001241629157e-13,-1.1171619185290638e-12,0.15289441066662524,0.28939968569385005,0.054190996642471366
constant,prepared,0.08,0.0005,0.3265,0.3531313556499403,0.6239111555259499,1.1232681451645021e-12,9.001827705874155e-13,-1.1246559239452836e-12,0.15307097634445022,0.28926429579391283,0.05413968743865976
constant,prepared,0.08,0.0005,0.327,0.3529146648266004,0.6236400940408527,1.1147749390261197e-12,8.93764648614861e-13,-1.1176060077389138e-12,0.15324743367686353,0.2891289330793039,0.054088415732222665
constant,prepared,0.08,0.0005,0.3275,0.352698257807709,0.6233689899312295,1.1249334797014399e-12,9.023014441450867e-13,-1.1239342789792772e-12,0.15342378280576738,0.28899359771324146,0.054037181551886415
constant,prepared,0.08,0.0005,0.328,0.35248213368357517,0.6230978439944295,1.1151635170847385e-12,8.948542575070362e-13,-1.118272141553689e-12,0.15360002387260915,0.28885828985808815,0.05398598492603437
constant,prepared,0.08,0.0005,0.3285,0.3522662915483412,0.6228266570240638,1.1143863609675009e-12,8.946199945030998e-13,-1.115274539387201e-12,0.15377615701838332,0.2887230096753495,0.053934825882707114
constant,prepared,0.08,0.0005,0.329,0.35205073049996854,0.6225554298100139,1.1123879595231756e-12,8.934047526190969e-13,-1.113553693699032e-12,0.1539521823836333,0.28858775732569125,0.053883704449606926
constant,prepared,0.08,0.0005,0.3295,0.351835449640216,0.6222841631384068,1.1173839631339888e-12,8.978084525706144e-13,-1.1181056080999952e-12,0.15412810010845343,0.28845253296894346,0.0538326206540967
constant,prepared,0.08,0.0005,0.33,0.351620448074632,0.6220128577916757,1.1201040095443204e-12,9.003865398538568e-13,-1.1210476991152518e-12,0.15430391033249075,0.28831733676408416,0.053781574523203236
constant,prepared,0.08,0.0005,0.3305,0.35140572491252486,0.6217415145485636,1.1205480987541705e-12,9.011366239286535e-13,-1.122157922139877e-12,0.15447961319494702,0.2881821688692648,0.053730566083618835
constant,prepared,0.08,0.0005,0.331,0.3511912792669599,0.6214701341841073,1.1133871602453382e-12,8.957688382773562e-13,-1.108835245844375e-12,0.1546552088345805,0.28804702944180566,0.05367959536170344
constant,prepared,0.08,0.0005,0.3315,0.35097711025472905,0.6211987174697324,1.1175504965876826e-12,8.995112716416139e-13,-1.1216583217787957e-12,0.15483069738970787,0.28791191863819726,0.05362866238348501
constant,prepared,0.08,0.0005,0.332,0.35076321699634067,0.6209272651731633,1.100841640067074e-12,8.864497516944252e-13,-1.0991763055301362e-12,0.15500607899820604,0.28777683661410897,0.05357776717466329
constant,prepared,0.08,0.0005,0.3325,0.35054959861601076,0.6206557780585357,1.107947067424675e-12,8.925616312551212e-13,-1.106892355551281e-12,0.15518135379751405,0.28764178352438563,0.05352690976060951
constant,prepared,0.08,0.0005,0.333,0.3503362542416312,0.6203842568863427,1.123878767828046e-12,9.057924627775715e-13,-1.1251555243063649e-12,0.15535652192463487,0.2875067595230628,0.053476090166370636
constant,prepared,0.08,0.0005,0.3335,0.3501231830047625,0.6201127024134718,1.123878767828046e-12,9.061891196978417e-13,-1.1218803663837207e-12,0.15553158351613725,0.2873717647633591,0.05342530841666735
constant,prepared,0.08,0.0005,0.334,0.3499103840406178,0.619841115393256,1.1096124019616127e-12,8.950780888878514e-13,-1.1105005803813128e-12,0.15570653870815757,0.28723679939768254,0.05337456453590003
constant,prepared,0.08,0.0005,0.3345,0.34969785648804114,0.6195694965754354,1.1065592886438935e-12,8.930065914794249e-13,-1.1056711102241934e-12,0.15588138763640158,0.28710186357763795,0.0533238585481473
constant,prepared,0.08,0.0005,0.335,0.34948559948950025,0.6192978467062046,1.1149414724798135e-12,9.001657913140937e-13,-1.1145528944211947e-12,0.15605613043614633,0.28696695745402917,0.053273190477169226
constant,prepared,0.08,0.0005,0.3355,0.3492736121910591,0.6190261665282241,1.119382364578314e-12,9.04147857638474e-13,-1.1186607196123077e-12,0.15623076724224186,0.28683208117685904,0.05322256034640948
constant,prepared,0.08,0.0005,0.336,0.34906189374237095,0.6187544567806024,1.1174949854364513e-12,9.030197465160909e-13,-1.1160516955044386e-12,0.15640529818911306,0.28669723489534016,0.05317196817899445
constant,prepared,0.08,0.0005,0.3365,0.348850443296659,0.6184827181989954,1.1171064073778325e-12,9.031023620432004e-13,-1.1162737401093636e-12,0.15657972341076137,0.2865624187578883,0.05312141399773849
constant,prepared,0.08,0.0005,0.337,0.3486392600106979,0.6182109515154874,1.0949019468853294e-12,8.855407237612891e-13,-1.0969003483296547e-12,0.15675404304076673,0.2864276329121364,0.05307089782514242
constant,prepared,0.08,0.0005,0.3375,0.3484283430448057,0.6179391574587667,1.110112002322694e-12,8.982373012959381e-13,-1.1089462681468376e-12,0.15692825721228915,0.2862928775049284,0.05302041968339784
constant,prepared,0.08,0.0005,0.338,0.34821769156281945,0.6176673367539967,1.103006574965093e-12,8.928807703841812e-13,-1.1023959523015492e-12,0.15710236605807057,0.28615815268233313,0.05296997959438681
constant,prepared,0.08,0.0005,0.3385,0.34800730473208374,0.6173954901229269,1.1127765375817944e-12,9.011861565098505e-13,-1.111832848010863e-12,0.1572763697104366,0.2860234585896353,0.05291957757968412
constant,prepared,0.08,0.0005,0.339,0.347797181723436,0.6171236182838588,1.1093348462054564e-12,8.987946768990763e-13,-1.109223823902994e-12,0.15745026830129832,0.2858887953713563,0.05286921366055926
constant,prepared,0.08,0.0005,0.3395,0.347587321711187,0.6168517219516637,1.102562485755243e-12,8.937013925047081e-13,-1.101507773881849e-12,0.15762406196215392,0.2857541631712342,0.052818887857978454
constant,prepared,0.08,0.0005,0.34,0.3473777238731111,0.6165798018378402,1.1127765375817944e-12,9.023783574031584e-13,-1.1129430710354882e-12,0.15779775082409048,0.2856195621322511,0.052768600192603966
constant,prepared,0.08,0.0005,0.3405,0.3471683873904264,0.6163078586504652,1.1126100041281006e-12,9.02641422229621e-13,-1.1111112030448567e-12,0.15797133501778568,0.28548499239661923,0.05271835068479955
constant,prepared,0.08,0.0005,0.341,0.3469593114477799,0.6160358930942661,1.106670310946356e-12,8.982190188518925e-13,-1.106670310946356e-12,0.15814481467350958,0.2853504541057971,0.05266813935462867
constant,prepared,0.08,0.0005,0.3415,0.34675049523323487,0.6157639058705934,1.1105005803813128e-12,9.017259454418965e-13,-1.110334046927619e-12,0.1583181899211262,0.28521594740047884,0.05261796622185785
constant,prepared,0.08,0.0005,0.342,0.3465419379382559,0.6154918976774523,1.1011191958232303e-12,8.945034044942744e-13,-1.09889874977398e-12,0.15849146089009533,0.2850814724206077,0.052567831305956984
constant,prepared,0.08,0.0005,0.3425,0.3463336387576861,0.6152198692095215,1.0987322163202862e-12,8.929589820717547e-13,-1.0986211940178237e-12,0.15866462770947418,0.2849470293053815,0.052517734626103235
constant,prepared,0.08,0.0005,0.343,0.3461255968897435,0.6149478211581708,1.1173284519827575e-12,9.084741936945202e-13,-1.1145528944211947e-12,0.15883769050791904,0.2848126181932471,0.05246767620118033
constant,prepared,0.08,0.0005,0.3435,0.3459178115359991,0.6146757542114507,1.1092793350542252e-12,9.023288517995034e-13,-1.1106116026837753e-12,0.15901064941368703,0.28467823922190816,0.05241765604977971
constant,prepared,0.08,0.0005,0.34400000000000003,0.34571028190136377,0.6144036690541281,1.0964007479685733e-12,8.92247884567079e-13,-1.095235013792717e-12,0.15918350455463773,0.28454389252833007,0.05236767419020582
constant,prepared,0.08,0.0005,0.34450000000000003,0.34550300719407423,0.6141315663677082,1.1153855616896635e-12,9.080998460033719e-13,-1.1153300505384323e-12,0.15935625605823475,0.2844095782487443,0.052317730640473424
constant,prepared,0.08,0.0005,0.34500000000000003,0.3452959866256735,0.6138594468304185,1.0968448371784234e-12,8.934006333541464e-13,-1.097177904085811e-12,0.1595289040515476,0.2842752965186413,0.05226782541831135
constant,prepared,0.08,0.0005,0.34550000000000003,0.3450892194110027,0.6135873111172506,1.1011191958232303e-12,8.972799598945984e-13,-1.0999534616473738e-12,0.1597014486612531,0.28414104747278746,0.05221795854116355
constant,prepared,0.08,0.0005,0.34600000000000003,0.3448827047681868,0.6133151598999509,1.0819678486484463e-12,8.8206514316717e-13,-1.0830225605218402e-12,0.1598738900136372,0.28400683124521975,0.052168130026191396
constant,prepared,0.08,0.0005,0.34650000000000003,0.34467644191861224,0.6130429938470844,1.092903545441004e-12,8.913759364425919e-13,-1.0934031458020854e-12,0.1600462282345965,0.28387264796925615,0.05211833989027321
constant,prepared,0.08,0.0005,0.34700000000000003,0.3444704300869215,0.6127708136239597,1.100841640067074e-12,8.982490807253436e-13,-1.1052270210143433e-12,0.16021846344963994,0.2837384977774864,0.05206858815000816
constant,prepared,0.08,0.0005,0.34750000000000003,0.34426466850099247,0.6124986198927276,1.0992318166813675e-12,8.973341171551534e-13,-1.0989542609252112e-12,0.16039059578389045,0.2836043808017903,0.05201887482171646
constant,prepared,0.08,0.0005,0.34800000000000003,0.3440591563919258,0.6122264133123678,1.0967338148759609e-12,8.956929912099425e-13,-1.097177904085811e-12,0.1605626253620864,0.2834702971733294,0.05196919992144015
constant,prepared,0.08,0.0005,0.34850000000000003,0.34385389299403224,0.6119541945386717,1.0954015472464107e-12,8.950028915736174e-13,-1.0969003483296547e-12,0.1607345523085834,0.2833362470225557,0.05191956346494762
constant,prepared,0.08,0.0005,0.34900000000000003,0.34364887754481854,0.6116819642243025,1.0979550602030486e-12,8.974885025377707e-13,-1.0953460360951794e-12,0.16090637674735583,0.2832022304792161,0.051869965467731254
constant,prepared,0.08,0.0005,0.34950000000000003,0.3434441092849724,0.6114097230187826,1.0988432386227487e-12,8.986144619980181e-13,-1.0986211940178237e-12,0.16107809880199833,0.28306824767234934,0.051820405945011486
constant,prepared,0.08,0.0005,0.35000000000000003,0.34323958745834615,0.6111374715685098,1.0976775044468923e-12,8.980610382379854e-13,-1.103228619570018e-12,0.1612497185957275,0.2829342987302938,0.051770884911736946
constant,prepared,0.08,0.0005,0.35050000000000003,0.34303531131194426,0.6108652105167681,1.0995093724375238e-12,8.999607061485728e-13,-1.0983991494128986e-12,0.1614212362513835,0.2828003837806898,0.05172140238258717
constant,prepared,0.08,0.0005,0.35100000000000003,0.3428312800959159,0.6105929405037614,1.098066082505511e-12,8.991801326744616e-13,-1.0978995490518173e-12,0.16159265189143146,0.28266650295048745,0.05167195837197387
constant,prepared,0.08,0.0005,0.35150000000000003,0.34262749306352575,0.6103206621666011,1.0847434062100092e-12,8.88666788994389e-13,-1.0851874954198593e-12,0.16176396563796322,0.2825326563659337,0.051622552894039775
constant,prepared,0.08,0.0005,0.352,0.34242394947116,0.6100483761393458,1.1008971512183052e-12,9.023031568285394e-13,-1.1032841307212493e-12,0.1619351776126988,0.2823988441525983,0.05157318596266512
constant,prepared,0.08,0.0005,0.3525,0.3422206485782953,0.609776083052959,1.0844103393026217e-12,8.891873340393677e-13,-1.0842993170001591e-12,0.16210628793698795,0.28226506643536065,0.05152385759146399
constant,prepared,0.08,0.0005,0.353,0.34201758964749607,0.6095037835354206,1.1012302181256928e-12,9.03382594064489e-13,-1.0982326159592048e-12,0.16227729673181168,0.2821313233384166,0.051474567793789526
constant,prepared,0.08,0.0005,0.3535,0.3418147719443926,0.6092314782116443,1.0874079414691096e-12,8.924423477428875e-13,-1.0871303857129533e-12,0.16244820411778388,0.2819976149852824,0.05142531658273225
constant,prepared,0.08,0.0005,0.354,0.3416121947376767,0.6089591677035372,1.0891842983085098e-12,8.942999433073558e-13,-1.0892953206109723e-12,0.1626190102151527,0.2818639414987999,0.05137610397112407
constant,prepared,0.08,0.0005,0.3545,0.3414098572990822,0.6086868526300044,1.0864642518981782e-12,8.924656801792507e-13,-1.0869083411080283e-12,0.16278971514380225,0.2817303030011322,0.051326929971538926
constant,prepared,0.08,0.0005,0.355,0.3412077589033716,0.6084145336069586,1.088573675644966e-12,8.945986786265866e-13,-1.0900169655769787e-12,0.16296031902325395,0.28159669961378103,0.051277794596293155
constant,prepared,0.08,0.0005,0.3555,0.34100589882832205,0.6081422112473478,1.077582467701177e-12,8.859625658034947e-13,-1.0798584249016585e-12,0.1631308219726681,0.28146313145757085,0.05122869785744855
constant,prepared,0.08,0.0005,0.356,0.3408042763547208,0.607869886161155,1.1141643163625758e-12,9.164496726411069e-13,-1.1112777364985504e-12,0.16330122411084547,0.281329598652666,0.051179639766812245
constant,prepared,0.08,0.0005,0.3565,0.3406028907663369,0.607597558955384,1.0811906925312087e-12,8.897260008656806e-13,-1.0792478022381147e-12,0.16347152555622863,0.28119610131857226,0.051130620335939035
constant,prepared,0.08,0.0005,0.357,0.3404017413499227,0.6073252302341543,1.0876854972252659e-12,8.954720165379386e-13,-1.0894063429134349e-12,0.16364172642690358,0.2810626395741307,0.051081639576132314
constant,prepared,0.08,0.0005,0.3575,0.3402008273951908,0.6070529005986196,1.084687895058778e-12,8.934047543370518e-13,-1.0910161662991413e-12,0.16381182684060117,0.2809292135375272,0.051032697498446244
constant,prepared,0.08,0.0005,0.358,0.3400001481948059,0.6067805706470337,1.0927370119873103e-12,9.004383667238211e-13,-1.0891287871572786e-12,0.16398182691469856,0.28079582332630076,0.050983794113685595
constant,prepared,0.08,0.0005,0.3585,0.3397997030443691,0.6065082409747574,1.0860201626883281e-12,8.953053638166109e-13,-1.0850209619661655e-12,0.16415172676622075,0.28066246905733594,0.05093492943240887
constant,prepared,0.08,0.0005,0.359,0.3395994912424087,0.6062359121742548,1.0841882946976966e-12,8.941966921823423e-13,-1.0867973188055657e-12,0.16432152651184195,0.28052915084686897,0.05088610346492904
constant,prepared,0.08,0.0005,0.3595,0.3393995120903633,0.6059635848351238,1.0823564267070651e-12,8.930870218881189e-13,-1.08213438210214e-12,0.16449122626788715,0.28039586881049516,0.05083731622131326
constant,prepared,0.08,0.0005,0.36,0.33919976489257053,0.6056912595441016,1.0847434062100092e-12,8.954590223288962e-13,-1.0840772723952341e-12,0.16466082615033342,0.2802626230631693,0.05078856771138699
constant,prepared,0.08,0.0005,0.3605,0.33900024895625647,0.6054189368850627,1.0832446051267652e-12,8.946239860774686e-13,-1.0836886943366153e-12,0.16483032627481156,0.2801294137192044,0.05073985794473395
constant,prepared,0.08,0.0005,0.361,0.33880096359151646,0.6051466174390798,1.0871858968641845e-12,8.982830487131122e-13,-1.0902390101819037e-12,0.16499972675660732,0.27999624089228015,0.050691186930696526
constant,prepared,0.08,0.0005,0.3615,0.3386019081113134,0.6048743017843459,1.0813572259849025e-12,8.938693731854632e-13,-1.0789147353307271e-12,0.16516902771066297,0.27986310469544334,0.05064255467837975
constant,prepared,0.08,0.0005,0.362,0.3384030818314541,0.6046019904962933,1.0624834345662748e-12,8.786635268047924e-13,-1.065536547883994e-12,0.1653382292515787,0.27973000524111014,0.05059396119664865
constant,prepared,0.08,0.0005,0.3625,0.3382044840705825,0.6043296841475443,1.0692557950164883e-12,8.846626461215567e-13,-1.0694778396214133e-12,0.165507331493614,0.27959694264107127,0.05054540649413431
constant,prepared,0.08,0.0005,0.363,0.33800611415016696,0.6040573833079081,1.0806910921701274e-12,8.945268463164339e-13,-1.0811351813799774e-12,0.16567633455068909,0.2794639170064917,0.0504968905792305
constant,prepared,0.08,0.0005,0.3635,0.33780797139448454,0.6037850885444395,1.0779710457597957e-12,8.926777641673185e-13,-1.076527755827783e-12,0.16584523853638633,0.27933092844791585,0.050448413460099345
constant,prepared,0.08,0.0005,0.364,0.33761005513061626,0.6035128004214267,1.0759171331642392e-12,8.913788841031858e-13,-1.0723644194854387e-12,0.16601404356395164,0.27919797707527033,0.050399975144669006
constant,prepared,0.08,0.0005,0.3645,0.33741236468842434,0.6032405195004179,1.078248601515952e-12,8.937136736172457e-13,-1.0768053115839393e-12,0.16618274974629585,0.2790650629978638,0.05035157564063684
constant,prepared,0.08,0.0005,0.365,0.3372148994005492,0.6029682463401984,1.0794698468430397e-12,8.951299288097418e-13,-1.077582467701177e-12,0.1663513571959961,0.27893218632439243,0.050303214955470237
constant,prepared,0.08,0.0005,0.3655,0.33701765860239197,0.6026959814968427,1.0884626533425035e-12,9.029947824093984e-13,-1.0859646515370969e-12,0.1665198660252973,0.27879934716294535,0.0502548930964079
constant,prepared,0.08,0.0005,0.366,0.3368206416321012,0.6024237255237096,1.0811351813799774e-12,8.973212172537991e-13,-1.0825229601607589e-12,0.16668827634611336,0.2786665456209977,0.050206610070462426
constant,prepared,0.08,0.0005,0.3665,0.3366238478305683,0.6021514789714513,1.0684786388992507e-12,8.872174828196018e-13,-1.0693668173189508e-12,0.16685658827002864,0.27853378180542726,0.050158365884417744
constant,prepared,0.08,0.0005,0.367,0.3364272765414079,0.6018792423880435,1.0865197630494094e-12,9.026061097717073e-13,-1.0884626533425035e-12,0.16702480190829935,0.2784010558225037,0.05011016054483571
constant,prepared,0.08,0.0005,0.3675,0.33623092711094954,0.6016070163187361,1.0766942892814768e-12,8.948485141254339e-13,-1.0768053115839393e-12,0.16719291737185482,0.278268367777901,0.05006199405805261
constant,prepared,0.08,0.0005,0.368,0.33603479888822413,0.6013348013061752,1.0710321518558885e-12,8.905456241086641e-13,-1.070699084948501e-12,0.16736093477129893,0.2781357177766904,0.05001386643018371
constant,prepared,0.08,0.0005,0.3685,0.33583889122495475,0.6010625978903015,1.0759726443154705e-12,8.950587244083357e-13,-1.0772494007937894e-12,0.1675288542169114,0.2780031059233558,0.04996577766712205
constant,prepared,0.08,0.0005,0.369,0.33564320347553944,0.6007904066084409,1.078692690725802e-12,8.977279587520619e-13,-1.080191491809046e-12,0.1676966758186492,0.2778705323217908,0.049917727774541946
constant,prepared,0.08,0.0005,0.3695,0.33544773499704744,0.6005182279952536,1.0724754417879012e-12,8.929582748614088e-13,-1.0722533971829762e-12,0.16786439968614772,0.2777379970752913,0.049869716757897836
constant,prepared,0.08,0.0005,0.37,0.33525248514920103,0.6002460625828269,1.0821898932533713e-12,9.014552203772819e-13,-1.0823009155558339e-12,0.16803202592872232,0.27760550028657305,0.049821744622428485
constant,prepared,0.08,0.0005,0.3705,0.33505745329436376,0.5999739109005845,1.0730305533002138e-12,8.942310105522697e-13,-1.0741962874760702e-12,0.1681995546553695,0.27747304205776985,0.04977381137315424
constant,prepared,0.08,0.0005,0.371,0.33486263879753625,0.5997017734753951,1.0787482018770334e-12,8.994038783848307e-13,-1.076749800432708e-12,0.1683669859747683,0.27734062249042923,0.04972591701488255
constant,prepared,0.08,0.0005,0.3715,0.3346680410263336,0.5994296508315186,1.0768608227351706e-12,8.982378676466876e-13,-1.077360423096252e-12,0.16853431999528146,0.2772082416855267,0.049678061552206595
constant,prepared,0.08,0.0005,0.372,0.3344736593509842,0.5991575434906296,1.0714207299145073e-12,8.941060173185534e-13,-1.0757505997105454e-12,0.16870155682495694,0.2770758997434567,0.0496302449895054
constant,prepared,0.08,0.0005,0.3725,0.33427949314431277,0.5988854519718515,1.0753620216519266e-12,8.978027585327827e-13,-1.0761391777691642e-12,0.1688686965715291,0.2769435967640428,0.04958246733094898
constant,prepared,0.08,0.0005,0.373,0.33408554178172933,0.5986133767917767,1.0764722446765518e-12,8.991381469328799e-13,-1.0776379788524082e-12,0.16903573934241994,0.27681133284653725,0.04953472858049565
constant,prepared,0.08,0.0005,0.3735,0.33389180464121965,0.5983413184644002,1.0751954881982329e-12,8.984800606422087e-13,-1.0753065105006954e-12,0.16920268524474055,0.27667910808962437,0.049487028741895214
constant,prepared,0.08,0.0005,0.374,0.33369828110333355,0.5980692775012435,1.0743073097785327e-12,8.981462099725848e-13,-1.0732525979051388e-12,0.16936953438529223,0.27654692259142527,0.049439367818689524
constant,prepared,0.08,0.0005,0.3745,0.3335049705511698,0.5977972544112701,1.0654810367327627e-12,8.911725747060624e-13,-1.0662581928500003e-12,0.16953628687056782,0.2764147764494956,0.0493917458142142
constant,prepared,0.08,0.0005,0.375,0.3333118723703735,0.5975252497009396,1.0580425424677742e-12,8.853538348349179e-13,-1.0551004514525175e-12,0.16970294280675302,0.276282669760828,0.04934416273159879
constant,prepared,0.08,0.0005,0.3755,0.3331189859491164,0.5972532638742507,1.0693668173189508e-12,8.952373155579308e-13,-1.0673129047233942e-12,0.16986950229972758,0.2761506026218653,0.04929661857376876
constant,prepared,0.08,0.0005,0.376,0.33292631067809014,0.5969812974326592,1.0798584249016585e-12,9.044323746360684e-13,-1.0796918914479647e-12,0.17003596545506663,0.2760185751284888,0.04924911334344712
constant,prepared,0.08,0.0005,0.3765,0.3327338459504944,0.5967093508751712,1.068534150050482e-12,8.953556270589242e-13,-1.0704215291923447e-12,0.1702023323780419,0.27588658737602506,0.04920164704315317
constant,prepared,0.08,0.0005,0.377,0.33254159116202575,0.5964374246983369,1.0718648191243574e-12,8.985559714546053e-13,-1.0669798378160067e-12,0.1703686031736229,0.2757546394592557,0.04915421967520728
constant,prepared,0.08,0.0005,0.3775,0.33234954571086545,0.5961655193962329,1.0511591597150982e-12,8.816000972169053e-13,-1.052602449647111e-12,0.17053477794647834,0.27562273147241156,0.04910683124172862
constant,prepared,0.08,0.0005,0.378,0.3321577089976744,0.5958936354605157,1.0668688155135442e-12,8.951839321862337e-13,-1.0662581928500003e-12,0.17070085680097719,0.27549086350917995,0.049059481744638755
constant,prepared,0.08,0.0005,0.3785,0.33196608042557146,0.5956217733803842,1.0675349493283193e-12,8.961517166075783e-13,-1.0663692151524629e-12,0.17086683984118997,0.27535903566270276,0.04901217118566078
constant,prepared,0.08,0.0005,0.379,0.33177465940013706,0.595349933642629,1.069422328470182e-12,8.981460045909437e-13,-1.0688672169578695e-12,0.17103272717089005,0.27522724802558035,0.048964899566323196
constant,prepared,0.08,0.0005,0.3795,0.33158344532938755,0.595078116731621,1.0661471705475378e-12,8.95804383130604e-13,-1.0617617896002685e-12,0.17119851889355475,0.27509550068987965,0.04891766688795699
constant,prepared,0.08,0.0005,0.38,0.3313924376237739,0.594806323129345,1.0649814363716814e-12,8.952337886790924e-13,-1.0659251259426128e-12,0.17136421511236663,0.2749637937471275,0.04887047315170036
constant,prepared,0.08,0.0005,0.3805,0.3312016356961695,0.5945345533153846,1.0719203302755886e-12,9.014785804265925e-13,-1.073918731719914e-12,0.1715298159302147,0.27483212728831574,0.04882331835849908
constant,prepared,0.08,0.0005,0.381,0.3310110389618587,0.5942628077669261,1.0644263248593688e-12,8.955855144782094e-13,-1.0639822356495188e-12,0.17169532144969565,0.2747005014039126,0.048776202509105415
constant,prepared,0.08,0.0005,0.3815,0.33082064683852475,0.5939910869588151,1.0569878305943803e-12,8.897337466839186e-13,-1.0593192989460931e-12,0.17186073177311492,0.274568916183854,0.04872912560408187
constant,prepared,0.08,0.0005,0.382,0.33063045874624447,0.5937193913635427,1.0690337504115632e-12,9.002853586737715e-13,-1.0705325514948072e-12,0.17202604700248805,0.2744373717175426,0.04868208764380141
constant,prepared,0.08,0.0005,0.3825,0.3304404741074714,0.5934477214512125,1.0663137040012316e-12,8.984057613303478e-13,-1.0658696147913815e-12,0.17219126723954178,0.27430586809387075,0.048635088628447634
constant,prepared,0.08,0.0005,0.383,0.3302506923470277,0.5931760776896259,1.0525469384958797e-12,8.872129019384372e-13,-1.0533796057643485e-12,0.1723563925857153,0.2741744054011976,0.04858812855801682
constant,prepared,0.08,0.0005,0.3835,0.3300611128920972,0.5929044605442426,1.0648704140692189e-12,8.980118087581851e-13,-1.0648704140692189e-12,0.17252142314216135,0.27404298372737285,0.04854120743231876
constant,prepared,0.08,0.0005,0.384,0.3298717351722105,0.5926328704781901,1.061872811902731e-12,8.958942920639585e-13,-1.0589862320387056e-12,0.17268635900974746,0.27391160315972096,0.04849432525097851
constant,prepared,0.08,0.0005,0.3845,0.3296825586192371,0.5923613079523226,1.0548228956963612e-12,8.90354317149561e-13,-1.0536571615205048e-12,0.1728512002890571,0.2737802637850517,0.048447482013435746
constant,prepared,0.08,0.0005,0.385,0.32949358266737583,0.5920897734251747,1.0585421428288555e-12,8.939034166257919e-13,-1.057376408652999e-12,0.17301594708039078,0.27364896568967323,0.04840067771894735
constant,prepared,0.08,0.0005,0.3855,0.3293048067531384,0.5918182673529863,1.0610401446342621e-12,8.964239557685537e-13,-1.0615952561465747e-12,0.17318059948376735,0.2735177089593724,0.04835391236658785
constant,prepared,0.08,0.0005,0.386,0.3291162303153523,0.5915467901897343,1.0628720126248936e-12,8.983837206546504e-13,-1.065980637093844e-12,0.17334515759892502,0.27338649367943485,0.04830718595525108
constant,prepared,0.08,0.0005,0.3865,0.32892785279513687,0.5912753423871246,1.062760990322431e-12,8.987022746719383e-13,-1.0644263248593688e-12,0.1735096215253226,0.2732553199346381,0.04826049848364998
constant,prepared,0.08,0.0005,0.387,0.3287396736359028,0.5910039243945953,1.0522693827397234e-12,8.902389132328489e-13,-1.051547737773717e-12,0.17367399136214054,0.2731241878092576,0.048213849950318556
constant,prepared,0.08,0.0005,0.3875,0.32855169228333597,0.590732536659362,1.060596055424412e-12,8.976956487120315e-13,-1.0598744104584057e-12,0.17383826720828222,0.27299309738707006,0.04816724035361332
constant,prepared,0.08,0.0005,0.388,0.32836390818539085,0.5904611796263751,1.0566547636869927e-12,8.947707318833936e-13,-1.0542677841840487e-12,0.17400244916237492,0.2728620487513487,0.048120669691713344
constant,prepared,0.08,0.0005,0.3885,0.32817632079228115,0.5901898537383735,1.0458300891968975e-12,8.860115796395739e-13,-1.0462741784067475e-12,0.17416653732277107,0.272731041984876,0.04807413796262108
constant,prepared,0.08,0.0005,0.389,0.3279889295564678,0.5899185594358732,1.0479950240949165e-12,8.882539863605593e-13,-1.0529355165544985e-12,0.17433053178754931,0.2726000771699342,0.048027645164165154
constant,prepared,0.08,0.0005,0.3895,0.3278017339326501,0.5896472971571806,1.0592082766436306e-12,8.981710606911585e-13,-1.056932319443149e-12,0.17449443265451564,0.27246915438832064,0.0479811912939994
constant,prepared,0.08,0.0005,0.39,0.32761473337775726,0.5893760673384019,1.0544898287889737e-12,8.945814796570067e-13,-1.051325693168792e-12,0.17465824002120453,0.272338273721342,0.04793477634960482
constant,prepared,0.08,0.0005,0.3905,0.32742792735093573,0.5891048704134677,1.0489942248170792e-12,8.903289358988838e-13,-1.0497158697830855e-12,0.17482195398487999,0.2722074352498096,0.047888400328290864
constant,prepared,0.08,0.0005,0.391,0.3272413153135412,0.588833706814126,1.0677569939332443e-12,9.066710869095418e-13,-1.0658141036401503e-12,0.17498557464253675,0.27207663905405993,0.047842063227195496
constant,prepared,0.08,0.0005,0.3915,0.3270548967291317,0.5885625769699215,1.057987031316543e-12,8.987889076828447e-13,-1.0593192989460931e-12,0.17514910209090132,0.2719458852139355,0.04779576504328639
constant,prepared,0.08,0.0005,0.392,0.32686867106345074,0.5882914813082843,1.055433518359905e-12,8.970328076243858e-13,-1.050881603958942e-12,0.17531253642643305,0.2718151738088145,0.047749505773363225
constant,prepared,0.08,0.0005,0.3925,0.3266826377844259,0.5880204202544924,1.0626499680199686e-12,9.035825384763838e-13,-1.0640932579519813e-12,0.17547587774532525,0.2716845049175787,0.047703285414057404
constant,prepared,0.08,0.0005,0.393,0.3264967963621555,0.5877493942316282,1.0540457395791236e-12,8.966795626868702e-13,-1.0531575611594235e-12,0.17563912614350632,0.27155387861864233,0.047657103961832564
constant,prepared,0.08,0.0005,0.3935,0.32631114626889757,0.5874784036607233,1.063371612985975e-12,9.050303861034557e-13,-1.057154364048074e-12,0.17580228171664078,0.27142329498994705,0.04761096141298676
constant,prepared,0.08,0.0005,0.394,0.3261256869790628,0.5872074489606182,1.04594111149936e-12,8.906061336158014e-13,-1.0486056467584604e-12,0.1759653445601303,0.271292754108956,0.04756485776365363
constant,prepared,0.08,0.0005,0.3945,0.32594041796920636,0.5869365305480755,1.0538792061254298e-12,8.977795308978142e-13,-1.0548784068475925e-12,0.1761283147691149,0.2711622560526661,0.04751879300980139
constant,prepared,0.08,0.0005,0.395,0.32575533871801676,0.5866656488377443,1.0533796057643485e-12,8.977682670276293e-13,-1.054989429150055e-12,0.1762911924384739,0.2710318008976052,0.04747276714723591
constant,prepared,0.08,0.0005,0.3955,0.3255704487063034,0.5863948042421799,1.0440537323574972e-12,8.902310566221998e-13,-1.0455525334407412e-12,0.17645397766282706,0.2709013887198358,0.04742678017160104
constant,prepared,0.08,0.0005,0.396,0.32538574741699394,0.586123997171858,1.0595413435510181e-12,9.038542600733949e-13,-1.0592637877948619e-12,0.17661667053653554,0.27077101959495903,0.04738083207837863
constant,prepared,0.08,0.0005,0.3965,0.32520123433512094,0.5858532280351761,1.0551004514525175e-12,9.004818962849656e-13,-1.056044141023449e-12,0.1767792711537031,0.2706406935981087,0.04733492286289109
constant,prepared,0.08,0.0005,0.397,0.3250169089478136,0.5855824972384623,1.0546563622426675e-12,9.005190278187551e-13,-1.0527134719495734e-12,0.176941779608177,0.2705104108039633,0.04728905252030101
constant,prepared,0.08,0.0005,0.3975,0.32483277074428785,0.5853118051859794,1.0430545316353346e-12,8.910246832480857e-13,-1.043776176601341e-12,0.17710419599354915,0.2703801712867407,0.04724322104561272
constant,prepared,0.08,0.0005,0.398,0.3246488192158385,0.5850411522799646,1.039057728746684e-12,8.880210603104141e-13,-1.0359491042777336e-12,0.17726652040315707,0.2702499751202085,0.04719742843367273
constant,prepared,0.08,0.0005,0.3985,0.32446505385582936,0.5847705389206033,1.0521583604372609e-12,8.996335232435251e-13,-1.0499934255392418e-12,0.17742875293008498,0.27011982237767707,0.04715167467917119
constant,prepared,0.08,0.0005,0.399,0.32428147415968417,0.5844999655060364,1.042499420123022e-12,8.91787409447953e-13,-1.0417222640057844e-12,0.17759089366716482,0.2699897131320015,0.04710595977664266
constant,prepared,0.08,0.0005,0.3995,0.32409807962488024,0.5842294324324105,1.0505485370515544e-12,8.990890211373832e-13,-1.0499934255392418e-12,0.17775294270697725,0.2698596474555984,0.04706028372046779
constant,prepared,0.08,0.0005,0.4,0.32391486975093575,0.5839589400938263,1.0472733791289102e-12,8.967012123829312e-13,-1.0467737787678288e-12,0.1779149001418527,0.2697296254204266,0.047014646504871305
constant,prepared,0.08,0.0005,0.4005,0.3237318440393994,0.5836884888824317,1.0415557305520906e-12,8.922188379501814e-13,-1.0423328866693282e-12,0.1780767660638724,0.26959964709800266,0.046969048123927416
constant,prepared,0.08,0.0005,0.401,0.32354900199385045,0.5834180791883206,1.0426659535767158e-12,8.935838558743254e-13,-1.0455525334407412e-12,0.17823854056486932,0.2694697125594063,0.04692348857155672
constant,prepared,0.08,0.0005,0.4015,0.32336634311988105,0.5831477113996376,1.0438871989038034e-12,8.950452676881738e-13,-1.0442757769624222e-12,0.17840022373642925,0.2693398218752659,0.0468779678415298
constant,prepared,0.08,0.0005,0.402,0.3231838669250898,0.5828773859025449,1.041444708249628e-12,8.933651685903832e-13,-1.0419443086107094e-12,0.1785618156698918,0.2692099751157769,0.046832485927466166
constant,prepared,0.08,0.0005,0.4025,0.3230015729190752,0.5826071030812261,1.0526579607983422e-12,9.034029582116435e-13,-1.0548228956963612e-12,0.17872331645635134,0.2690801723506943,0.046787042822837056
constant,prepared,0.08,0.0005,0.403,0.3228194606134224,0.5823368633179088,1.0387246618392965e-12,8.918589284560803e-13,-1.0355605262191148e-12,0.17888472618665804,0.26895041364934125,0.04674163852096416
constant,prepared,0.08,0.0005,0.4035,0.3226375295217057,0.5820666669928941,1.0408895967373155e-12,8.94132627550971e-13,-1.043998221206266e-12,0.1790460449514189,0.2688206990806056,0.04669627301502235
constant,prepared,0.08,0.0005,0.404,0.3224557791594599,0.581796514484507,1.0427769758791783e-12,8.961698376641036e-13,-1.0434986208451846e-12,0.17920727284099863,0.26869102871294387,0.04665094629803984
constant,prepared,0.08,0.0005,0.4045,0.3222742090441926,0.5815264061691419,1.038835684141759e-12,8.931973450563112e-13,-1.0386691506880652e-12,0.17936840994552072,0.26856140261437944,0.046605658362899184
constant,prepared,0.08,0.0005,0.405,0.32209281869536593,0.5812563424212845,1.0488276913633854e-12,9.022075243028205e-13,-1.0507150705052481e-12,0.17952945635486842,0.26843182085251605,0.04656040920233762
constant,prepared,0.08,0.0005,0.4055,0.3219116076343856,0.5809863236134841,1.0275669204418136e-12,8.843296982017429e-13,-1.0313971898767704e-12,0.17969041215868561,0.26830228349452595,0.04651519880894853
constant,prepared,0.08,0.0005,0.406,0.3217305753845975,0.5807163501164238,1.0397793737126904e-12,8.952558107786196e-13,-1.039501817956534e-12,0.1798512774463779,0.26817279060716015,0.04647002717518288
constant,prepared,0.08,0.0005,0.40650000000000003,0.32154972147127675,0.5804464222988348,1.0408340855860843e-12,8.965806710143628e-13,-1.0424439089717907e-12,0.18001205230711356,0.2680433422567448,0.04642489429334742
constant,prepared,0.08,0.0005,0.40700000000000003,0.3213690454216216,0.5801765405275744,1.0335621247747895e-12,8.907307108919084e-13,-1.033451102472327e-12,0.18017273682982438,0.26791393850919193,0.04637980015560981
constant,prepared,0.08,0.0005,0.40750000000000003,0.32118854676474273,0.5799067051676254,1.0394463068053028e-12,8.962185620046532e-13,-1.039057728746684e-12,0.18033333110320673,0.2677845794299902,0.04633474475399584
constant,prepared,0.08,0.0005,0.40800000000000003,0.32100822503165666,0.5796369165821131,1.0410561301910093e-12,8.980243497332483e-13,-1.0408895967373155e-12,0.18049383521572257,0.2676552650842135,0.04628972808039121
constant,prepared,0.08,0.0005,0.40850000000000003,0.32082807975527355,0.5793671751322422,1.0441092435087285e-12,9.01077320500136e-13,-1.0415557305520906e-12,0.1806542492556002,0.2675259955365253,0.046244750126543964
constant,prepared,0.08,0.0005,0.40900000000000003,0.3206481104703949,0.5790974811774108,1.0363376823363524e-12,8.947869020500327e-13,-1.0336176359260207e-12,0.1808145733108354,0.26739677085117153,0.04619981088406289
constant,prepared,0.08,0.0005,0.40950000000000003,0.3204683167137023,0.5788278350751428,1.038391594931909e-12,8.969779371409935e-13,-1.0385581283856027e-12,0.18097480746919226,0.26726759109198983,0.046154910344420576
constant,prepared,0.08,0.0005,0.41000000000000003,0.3202886980237496,0.5785582371811294,1.0295098107349077e-12,8.897201219967097e-13,-1.0323408794477018e-12,0.18113495181820413,0.26713845632241195,0.046110048498951985
constant,prepared,0.08,0.0005,0.41050000000000003,0.3201092539409509,0.5782886878492169,1.0370593273023587e-12,8.96662297820904e-13,-1.0357270596728085e-12,0.1812950064451746,0.2670093666054559,0.04606522533885753
constant,prepared,0.08,0.0005,0.41100000000000003,0.31992998400758293,0.5780191874314397,1.0468292899190601e-12,9.055316092273141e-13,-1.0429990204841033e-12,0.1814549714371784,0.26688032200374345,0.0460204408552028
constant,prepared,0.08,0.0005,0.41150000000000003,0.3197508877677644,0.5777497362780019,1.0365597269412774e-12,8.970663782714175e-13,-1.0354495039166522e-12,0.18161484688106228,0.26675132257948836,0.045975695038918456
constant,prepared,0.08,0.0005,0.41200000000000003,0.3195719647674551,0.5774803347373114,1.0305645226083016e-12,8.922940406933277e-13,-1.0281220319541262e-12,0.181774632863446,0.26662236839450276,0.045930987880803215
constant,prepared,0.08,0.0005,0.41250000000000003,0.31939321455445,0.5772109831559711,1.0338396805309458e-12,8.955474780446623e-13,-1.0302869668521453e-12,0.18193432947072322,0.26649345951020115,0.04588631937152347
constant,prepared,0.08,0.0005,0.41300000000000003,0.31921463667836253,0.5769416818787808,1.0244582959728632e-12,8.878352250749662e-13,-1.023126028343313e-12,0.1820939367890624,0.2663645959876002,0.045841689501613145
constant,prepared,0.08,0.0005,0.41350000000000003,0.3190362306906278,0.5766724312487683,1.0380030168732901e-12,8.999936191024329e-13,-1.0353384816141897e-12,0.18225345490440772,0.2662357778873211,0.04579709826147599
constant,prepared,0.08,0.0005,0.41400000000000003,0.3188579961444835,0.5764032316071664,1.03667074924374e-12,8.992582730255452e-13,-1.0358935931265023e-12,0.18241288390247998,0.26610700526958875,0.045752545641385804
constant,prepared,0.08,0.0005,0.41450000000000004,0.31867993259497224,0.5761340832934547,1.0303979891546078e-12,8.942345358769999e-13,-1.0300649222472202e-12,0.18257222386877747,0.2659782781942394,0.04570803163148745
constant,prepared,0.08,0.0005,0.41500000000000004,0.31850203959892576,0.5758649866453495,1.0411116413422405e-12,9.039546295445076e-13,-1.0402234629225404e-12,0.18273147488857694,0.26584959672071656,0.04566355622179753
constant,prepared,0.08,0.0005,0.41550000000000004,0.31832431671496336,0.5755959419987964,1.0286216323152075e-12,8.935275227465376e-13,-1.0288991880713638e-12,0.18289063704693442,0.26572096090807285,0.045619119402204734
constant,prepared,0.08,0.0005,0.41600000000000004,0.31814676350347754,0.5753269496880222,1.0329515021112456e-12,8.977082532553433e-13,-1.0307865672132266e-12,0.18304971042868617,0.2655923708149799,0.04557472116247126
constant,prepared,0.08,0.0005,0.4165,0.31796937952663323,0.5750580100454916,1.0305645226083016e-12,8.960526630399013e-13,-1.0264011862659572e-12,0.18320869511844948,0.2654638264997212,0.04553036149223303
constant,prepared,0.08,0.0005,0.417,0.3177921643483548,0.5747891234019483,1.0266787420221135e-12,8.930916576367116e-13,-1.024846874031482e-12,0.18336759120062365,0.2653353280201934,0.04548604038100164
constant,prepared,0.08,0.0005,0.4175,0.3176151175343233,0.5745202900864055,1.024624829426557e-12,8.917220567367116e-13,-1.0238476733093194e-12,0.1835263987593908,0.2652068754339166,0.04544175781816266
constant,prepared,0.08,0.0005,0.418,0.31743823865196247,0.574251510426186,1.0224043833773067e-12,8.90206089852171e-13,-1.0217382495625316e-12,0.18368511787871677,0.265078468798029,0.045397513792979245
constant,prepared,0.08,0.0005,0.4185,0.3172615272704373,0.5739827847468698,1.0210721157477565e-12,8.894623174083066e-13,-1.0203504707817501e-12,0.183843748642352,0.2649501081692903,0.04535330829459198
constant,prepared,0.08,0.0005,0.419,0.31708498296064336,0.5737141133723564,1.0259570970561072e-12,8.941361848538971e-13,-1.0260126082073384e-12,0.18400229113383232,0.2648217936040832,0.045309141312018346
constant,prepared,0.08,0.0005,0.4195,0.3169086052951998,0.573445496624848,1.0305645226083016e-12,8.985723391961503e-13,-1.0305090114570703e-12,0.18416074543647992,0.2646935251584178,0.0452650128341544
constant,prepared,0.08,0.0005,0.42,0.31673239384844026,0.5731769348248582,1.0261791416610322e-12,8.951678611890378e-13,-1.0257905636024134e-12,0.18431911163340414,0.2645653028879297,0.04522092284977648
constant,prepared,0.08,0.0005,0.4205,0.3165563481964119,0.5729084282912327,1.0188516696985062e-12,8.891924253378906e-13,-1.0200729150255938e-12,0.18447738980750236,0.2644371268478827,0.045176871347540046
constant,prepared,0.08,0.0005,0.421,0.316380467916858,0.5726399773411393,1.0203504707817501e-12,8.909179512042581e-13,-1.0191847366058937e-12,0.1846355800414608,0.26430899709316935,0.04513285831598229
constant,prepared,0.08,0.0005,0.4215,0.3162047525892181,0.5723715822900984,1.0340062139846395e-12,9.032648073185036e-13,-1.0370593273023587e-12,0.1847936824177554,0.2641809136783179,0.04508888374352152
constant,prepared,0.08,0.0005,0.422,0.3160292017946197,0.5721032434519264,1.0173528686152622e-12,8.891339808492497e-13,-1.0167977571029496e-12,0.18495169701865272,0.2640528766574898,0.045044947618458106
constant,prepared,0.08,0.0005,0.4225,0.3158538151158669,0.5718349611388592,1.0291767438275201e-12,8.9988966552246e-13,-1.0287881657689013e-12,0.18510962392621064,0.263924886084476,0.04500104992897654
constant,prepared,0.08,0.0005,0.423,0.3156785921374372,0.5715667356614385,1.0219602941674566e-12,8.939990996710929e-13,-1.024402784821632e-12,0.18526746322227935,0.26379694201271503,0.04495719066314378
constant,prepared,0.08,0.0005,0.4235,0.3155035324454749,0.5712985673286062,1.017075312859106e-12,8.901434127640542e-13,-1.0166312236492558e-12,0.1854252149885021,0.26366904449527223,0.04491336980891216
constant,prepared,0.08,0.0005,0.424,0.31532863562777724,0.5710304564476567,1.0267342531733448e-12,8.990188190308347e-13,-1.0215162049576065e-12,0.18558287930631598,0.2635411935848616,0.04486958735411912
constant,prepared,0.08,0.0005,0.4245,0.3151539012737961,0.5707624033242789,1.018407580488656e-12,8.921466923506689e-13,-1.0220713164699191e-12,0.18574045625695287,0.2634133893338364,0.04482584328648814
constant,prepared,0.08,0.0005,0.425,0.31497932897462594,0.5704944082625353,1.0190182031522e-12,8.931009562869798e-13,-1.0220713164699191e-12,0.18589794592144018,0.2632856317941911,0.044782137593629104
constant,prepared,0.08,0.0005,0.4255,0.31480491832299623,0.5702264715648939,1.0179079801275748e-12,8.92547111442567e-13,-1.0161871344394058e-12,0.18605534838060167,0.26315792101757,0.044738470263039454
constant,prepared,0.08,0.0005,0.426,0.31463066891326374,0.5699585935322367,1.0144662887512368e-12,8.899473578100863e-13,-1.018796158547275e-12,0.1862126637150583,0.2630302570552604,0.04469484128210497
constant,prepared,0.08,0.0005,0.4265,0.3144565803414125,0.5696907744638239,1.0222378499236129e-12,8.971865929238506e-13,-1.0215717161088378e-12,0.186369892005229,0.2629026399581989,0.04465125063809986
constant,prepared,0.08,0.0005,0.427,0.31428265220503576,0.5694230146573641,1.0203504707817501e-12,8.959512036888832e-13,-1.0213496715039128e-12,0.1865270333313315,0.26277506977697196,0.044607698318187984
constant,prepared,0.08,0.0005,0.4275,0.3141088841033396,0.5691553144089574,1.008915173628111e-12,8.86326761856674e-13,-1.0103029524088925e-12,0.18668408777338316,0.2626475465618186,0.04456418430942328
constant,prepared,0.08,0.0005,0.428,0.31393527563712914,0.568887674013172,1.0068612610325545e-12,8.84938545010865e-13,-1.0090817070818048e-12,0.18684105541120172,0.26252007036263114,0.04452070859875101
constant,prepared,0.08,0.0005,0.4285,0.31376182640880235,0.5686200937629874,1.0149103779610869e-12,8.924327412031421e-13,-1.015354467170937e-12,0.18699793632440612,0.26239264122895206,0.0444772711730075
constant,prepared,0.08,0.0005,0.429,0.31358853602234527,0.5683525739498271,1.0141887329950805e-12,8.922179466400253e-13,-1.0156875340783245e-12,0.1871547305924173,0.2622652592099881,0.04443387201892228
constant,prepared,0.08,0.0005,0.4295,0.31341540408332696,0.5680851148635858,1.0177969578251123e-12,8.958137884572139e-13,-1.018185535883731e-12,0.18731143829445895,0.262137924354598,0.04439051112311653
constant,prepared,0.08,0.0005,0.43,0.3132424301988851,0.5678177167925905,1.0125233984581428e-12,8.915919392024617e-13,-1.0152989560197057e-12,0.1874680595095584,0.2620106367113002,0.04434718847210592
constant,prepared,0.08,0.0005,0.4305,0.31306961397772914,0.5675503800236548,1.009359262837961e-12,8.892243740502778e-13,-1.0078049506034858e-12,0.18762459431654727,0.26188339632827734,0.04430390405230067
constant,prepared,0.08,0.0005,0.431,0.3128969550301239,0.5672831048420564,1.0118572646433677e-12,8.918450558510708e-13,-1.0115241977359801e-12,0.18778104279406233,0.2617562032533714,0.04426065785000547
constant,prepared,0.08,0.0005,0.4315,0.31272445296789014,0.5670158915315482,1.0152434448684744e-12,8.952513148487994e-13,-1.011302153131055e-12,0.18793740502054626,0.2616290575340886,0.04421744985142046
constant,prepared,0.08,0.0005,0.432,0.3125521074043956,0.5667487403743842,1.0262346528122634e-12,9.053700341119612e-13,-1.0227374502846942e-12,0.18809368107424845,0.26150195921760333,0.04417428004264296
constant,prepared,0.08,0.0005,0.4325,0.31237991795454445,0.5664816516512751,1.0266787420221135e-12,9.06188875693016e-13,-1.022681939133463e-12,0.1882498710332257,0.26137490835075305,0.04413114840966654
constant,prepared,0.08,0.0005,0.433,0.3122078842347771,0.566214625641477,1.0182410470349623e-12,8.991652643027891e-13,-1.0174083797664935e-12,0.1884059749753431,0.2612479049800503,0.04408805493838309
constant,prepared,0.08,0.0005,0.4335,0.3120360058630588,0.5659476626227057,1.0111911308285926e-12,8.933609921999177e-13,-1.0084155732670297e-12,0.1885619929782746,0.2611209491516686,0.04404499961458212
constant,prepared,0.08,0.0005,0.434,0.3118642824588761,0.565680762871236,1.0142442441463118e-12,8.964811168382189e-13,-1.0154099783221682e-12,0.18871792511950405,0.2609940409114629,0.04400198242395276
constant,prepared,0.08,0.0005,0.4345,0.31169271364322876,0.5654139266618248,1.012578909609374e-12,8.954315253487671e-13,-1.0109135750724363e-12,0.18887377147632567,0.2608671803049528,0.04395900335208339
constant,prepared,0.08,0.0005,0.435,0.3115212990386213,0.5651471542677665,1.0111911308285926e-12,8.946264023374928e-13,-1.0116907311896739e-12,0.18902953212584497,0.26074036737733897,0.043916062384462516
constant,prepared,0.08,0.0005,0.4355,0.3113500382690588,0.5648804459608942,1.009137218233036e-12,8.93230793743917e-13,-1.005251437646848e-12,0.1891852071449795,0.26061360217349105,0.04387315950648026
constant,prepared,0.08,0.0005,0.436,0.3111789309600432,0.5646138020115773,1.009581307442886e-12,8.940458981387797e-13,-1.0127454430630678e-12,0.18934079661045952,0.26048688473796505,0.043830294703427516
constant,prepared,0.08,0.0005,0.4365,0.31100797673855984,0.5643472226887194,1.0076939283010233e-12,8.927960374281348e-13,-1.0072498390911733e-12,0.1894963005988288,0.2603602151149893,0.04378746796049808
constant,prepared,0.08,0.0005,0.437,0.3108371752330761,0.5640807082597834,1.0102474412576612e-12,8.954812905882027e-13,-1.0098588631990424e-12,0.18965171918644533,0.2602335933484765,0.043744679262788126
constant,prepared,0.08,0.0005,0.4375,0.31066652607353534,0.5638142589907895,9.91484672141496e-13,8.792653398970008e-13,-9.910960940828772e-13,0.1898070524494821,0.260107019482017,0.043701928595297604
constant,prepared,0.08,0.0005,0.438,0.31049602889134753,0.5635478751463365,1.0019207685729725e-12,8.889402416005145e-13,-1.002475880085285e-12,0.18996230046392776,0.25998049355888936,0.04365921594292943
constant,prepared,0.08,0.0005,0.4385,0.310325683319386,0.5632815569895634,1.0051404153443855e-12,8.922184677192547e-13,-1.0053069487980792e-12,0.19011746330558746,0.25985401562205296,0.04361654129049335
constant,prepared,0.08,0.0005,0.439,0.3101554889919762,0.5630153047822106,9.952039192739903e-13,8.838160444484562e-13,-9.973133430207781e-13,0.19027254105008345,0.25972758571415694,0.04357390462270286
constant,prepared,0.08,0.0005,0.4395,0.3099854455448968,0.5627491187846041,1.0047518372857667e-12,8.927173795090784e-13,-1.0097478408965799e-12,0.1904275337728559,0.2596012038775375,0.043531305924178074
constant,prepared,0.08,0.0005,0.44,0.30981555261536575,0.562482999255628,1.0038636588660665e-12,8.923502223121871e-13,-1.0046963261345354e-12,0.1905824415491636,0.2594748701542167,0.04348874517944502
constant,prepared,0.08,0.0005,0.4405,0.3096458098420393,0.5622169464528074,9.982015214404782e-13,8.877369561141301e-13,-9.992007221626409e-13,0.19073726445408462,0.2593485845859107,0.04344622237293781
constant,prepared,0.08,0.0005,0.441,0.3094762168650043,0.5619509606322411,1.0105805081650487e-12,8.991714392899638e-13,-1.0099143743502736e-12,0.19089200256251712,0.25922234721402726,0.043403737488997444
constant,prepared,0.08,0.0005,0.4415,0.30930677332577206,0.5616850420486399,1.009969885501505e-12,8.99053570856118e-13,-1.0086376178719547e-12,0.19104665594918,0.25909615807966385,0.04336129051187457
constant,prepared,0.08,0.0005,0.442,0.30913747886726933,0.5614191909553383,1.0080269952084109e-12,8.977489649865709e-13,-1.010413974711355e-12,0.19120122468861364,0.25897001722361895,0.04331888142572768
constant,prepared,0.08,0.0005,0.4425,0.3089683331338384,0.5611534076042831,1.0060285937640856e-12,8.963935531089387e-13,-1.0066947275788607e-12,0.19135570885518055,0.2588439246863853,0.04327651021462534
constant,prepared,0.08,0.0005,0.443,0.30879933577122554,0.5608876922460451,1.003308547353754e-12,8.943934420589269e-13,-1.0061396160665481e-12,0.19151010852306616,0.25871788050814626,0.0432341768625462
constant,prepared,0.08,0.0005,0.4435,0.30863048642657726,0.560622045129839,9.939271627956714e-13,8.864503023285487e-13,-9.941492074005964e-13,0.19166442376627946,0.25859188472879474,0.04319188135338024
constant,prepared,0.08,0.0005,0.444,0.30846178474843267,0.5603564665035247,1.0044742815296104e-12,8.962815114781869e-13,-1.0045297926808416e-12,0.19181865465865366,0.25846593738791784,0.04314962367092804
constant,prepared,0.08,0.0005,0.4445,0.3082932303867213,0.5600909566135894,1.0006995232458848e-12,8.933366191943179e-13,-9.999778782798785e-13,0.19197280127384703,0.25834003852480214,0.04310740379890267
constant,prepared,0.08,0.0005,0.445,0.30812482299275096,0.5598255157051797,1.0109690862236675e-12,9.029323046746946e-13,-1.0098588631990424e-12,0.1921268636853434,0.25821418817844466,0.04306522172092988
constant,prepared,0.08,0.0005,0.4455,0.3079565622192077,0.5595601440220938,1.0034750808074477e-12,8.966641848306182e-13,-1.0017542351192787e-12,0.192280841966453,0.2580883863875433,0.04302307742054813
constant,prepared,0.08,0.0005,0.446,0.30778844772014635,0.5592948418068184,9.929279620735088e-13,8.876605752924024e-13,-9.938161404932089e-13,0.1924347361903131,0.25796263319049906,0.04298097088121016
constant,prepared,0.08,0.0005,0.4465,0.30762047915098467,0.5590296093004733,9.955369861813779e-13,8.904152567394686e-13,-9.939826739469027e-13,0.1925885464298886,0.257836928625424,0.042938902086282864
constant,prepared,0.08,0.0005,0.447,0.3074526561685013,0.5587644467428778,9.939826739469027e-13,8.894469572465584e-13,-9.935940958882838e-13,0.19274227275797284,0.257711272730137,0.04289687101904716
constant,prepared,0.08,0.0005,0.4475,0.3072849784308247,0.5584993543725301,1.002864458143904e-12,8.978206064980276e-13,-1.003308547353754e-12,0.19289591524718824,0.25758566554216683,0.04285487766270116
constant,prepared,0.08,0.0005,0.448,0.30711744559742954,0.5582343324265967,9.967027203572343e-13,8.927278944164571e-13,-9.973133430207781e-13,0.19304947396998695,0.25746010709875017,0.042812922000357835
constant,prepared,0.08,0.0005,0.4485,0.3069500573291318,0.5579693811409681,9.94926363517834e-13,8.915600005527759e-13,-9.945932966104465e-13,0.1932029489986515,0.25733459743684284,0.042771004015046195
constant,prepared,0.08,0.0005,0.449,0.3067828132880822,0.5577045007502173,1.0078049506034858e-12,9.03529511817538e-13,-1.0064726829739357e-12,0.19335634040529556,0.25720913659311245,0.04272912368971416
constant,prepared,0.08,0.0005,0.4495,0.30661571313776037,0.5574396914876069,9.917622278976523e-13,8.89569080782633e-13,-9.952039192739903e-13,0.19350964826186445,0.25708372460393664,0.042687281007226
constant,prepared,0.08,0.0005,0.45,0.3064487565429684,0.5571749535851392,9.956480084838404e-13,8.934787916043777e-13,-9.945377854592152e-13,0.19366287264013593,0.2569583615054147,0.042645475950364824
constant,prepared,0.08,0.0005,0.4505,0.3062819431698262,0.5569102872735103,9.919287613513461e-13,8.905642291208977e-13,-9.935940958882838e-13,0.19381601361172085,0.25683304733336276,0.04260370850183216
constant,prepared,0.08,0.0005,0.451,0.3061152726857668,0.5566456927821554,9.846568005400513e-13,8.844556001303042e-13,-9.853229343548264e-13,0.19396907124806373,0.25670778212331474,0.04256197864424974
constant,prepared,0.08,0.0005,0.4515,0.3059487447595274,0.5563811703392262,9.97701921079397e-13,8.965992868434086e-13,-1.0008660566995786e-12,0.1941220456204435,0.2565825659105235,0.04252028636015797
constant,prepared,0.08,0.0005,0.452,0.30578235906114676,0.5561167201716029,9.978684545330907e-13,8.971753755437165e-13,-9.988676552552533e-13,0.19427493679997407,0.25645739872996853,0.04247863163201874
constant,prepared,0.08,0.0005,0.4525,0.30561611526195687,0.5558523425049181,9.862111127745266e-13,8.871160894360411e-13,-9.85878045867139e-13,0.19442774485760506,0.25633228061634605,0.042437014442215426
constant,prepared,0.08,0.0005,0.453,0.3054500130345814,0.555588037563545,9.862111127745266e-13,8.875381092603655e-13,-9.85878045867139e-13,0.19458046986412234,0.25620721160408133,0.042395434773051306
constant,prepared,0.08,0.0005,0.4535,0.30528405205292686,0.5553238055706111,9.98812144104022e-13,8.99306075197709e-13,-9.984235660454033e-13,0.1947331118901488,0.25608219172732277,0.04235389260675313
constant,prepared,0.08,0.0005,0.454,0.3051182319921789,0.5550596467479785,1.0002831896116504e-12,9.010591883874795e-13,-1.001143612455735e-12,0.1948856710061449,0.25595722101994395,0.04231238792546982
constant,prepared,0.08,0.0005,0.4545,0.304952552528793,0.5547955613162957,9.899303599070208e-13,8.921577865163977e-13,-9.891532037897832e-13,0.19503814728240929,0.25583229951555,0.042270920711273516
constant,prepared,0.08,0.0005,0.455,0.30478701334049607,0.5545315494949709,1.0039469255929134e-12,9.052207457865386e-13,-1.003530591958679e-12,0.19519054078907952,0.2557074272474724,0.042229490946159964
constant,prepared,0.08,0.0005,0.4555,0.3046216141062714,0.5542676115021696,9.898193376045583e-13,8.929074305109382e-13,-9.902634268144084e-13,0.19534285159613266,0.25558260424877366,0.04218809861204963
constant,prepared,0.08,0.0005,0.456,0.3044563545063629,0.5540037475548593,9.885148255506238e-13,8.921553598803552e-13,-9.868772465893016e-13,0.19549507977338584,0.2554578305522496,0.04214674369078713
constant,prepared,0.08,0.0005,0.4565,0.30429123422226506,0.5537399578687842,9.900413822094833e-13,8.939587690393848e-13,-9.891532037897832e-13,0.19564722539049698,0.25533310619042465,0.04210542616414234
constant,prepared,0.08,0.0005,0.457,0.30412625293671536,0.5534762426584688,9.920675392294243e-13,8.962151062378173e-13,-9.947598300641403e-13,0.19579928851696535,0.2552084311955631,0.042064146013811414
constant,prepared,0.08,0.0005,0.4575,0.30396141033369206,0.5532126021372279,9.833522884861168e-13,8.887652637397043e-13,-9.862666239257578e-13,0.19595126922213219,0.25508380559966076,0.042022903221416705
constant,prepared,0.08,0.0005,0.458,0.3037967060984103,0.5529490365171896,9.869605133161485e-13,8.924516077754174e-13,-9.84379244783895e-13,0.1961031675751814,0.2549592294344508,0.041981697768507555
constant,prepared,0.08,0.0005,0.4585,0.3036321399173119,0.5526855460092897,9.943712520055215e-13,8.995813796692934e-13,-9.939271627956714e-13,0.19625498364514005,0.2548347027314043,0.041940529636559636
constant,prepared,0.08,0.0005,0.459,0.30346771147806567,0.5524221308232535,9.902634268144084e-13,8.962923202748676e-13,-9.883760476725456e-13,0.19640671750087907,0.2547102255217315,0.04189939880697773
constant,prepared,0.08,0.0005,0.4595,0.30330342046955683,0.5521587911676414,9.837686221203512e-13,8.908385032131018e-13,-9.852674232035952e-13,0.19655836921111386,0.2545857978363822,0.04185830526109438
constant,prepared,0.08,0.0005,0.46,0.303139266581885,0.5518955272498205,9.83185755032423e-13,8.9073538965872e-13,-9.816036872223322e-13,0.1967099388444048,0.2544614197060474,0.041817248980170925
constant,prepared,0.08,0.0005,0.4605,0.30297524950635807,0.5516323392760093,9.793277300218506e-13,8.87663449269763e-13,-9.796052857780069e-13,0.19686142646915797,0.25433709116116293,0.041776229945398674
constant,prepared,0.08,0.0005,0.461,0.30281136893548916,0.551369227451237,9.945100298835996e-13,9.018548554839842e-13,-9.959255642399967e-13,0.19701283215362572,0.2542128122319043,0.04173524813789797
constant,prepared,0.08,0.0005,0.4615,0.30264762456298483,0.5511061919793474,9.871825579210736e-13,8.956373311417846e-13,-9.88653603428702e-13,0.19716415596590722,0.2540885829481963,0.041694303538719946
constant,prepared,0.08,0.0005,0.462,0.3024840160837483,0.550843233063078,9.823808433395698e-13,8.917063734049715e-13,-9.865441796819141e-13,0.1973153979739491,0.2539644033397057,0.0416533961288466
constant,prepared,0.08,0.0005,0.4625,0.30232054319387036,0.5505803509039798,9.926504063173525e-13,9.014582564440025e-13,-9.956480084838404e-13,0.19746655824554601,0.2538402734358499,0.04161252588919091
constant,prepared,0.08,0.0005,0.463,0.30215720559062137,0.5503175457024612,9.846568005400513e-13,8.946260283981046e-13,-9.843237336326638e-13,0.19761763684834133,0.2537161932657928,0.04157169280059872
constant,prepared,0.08,0.0005,0.4635,0.3019940029724508,0.5500548176577917,9.794665078999287e-13,8.90335359728107e-13,-9.801603972903195e-13,0.19776863384982754,0.25359216285844977,0.04153089684384682
constant,prepared,0.08,0.0005,0.464,0.3018309350389825,0.5497921669681134,9.887091145799332e-13,8.99166243156377e-13,-9.87376846950383e-13,0.19791954931734704,0.2534681822424845,0.04149013799964535
constant,prepared,0.08,0.0005,0.4645,0.301668001491004,0.5495295938304042,9.81159598012482e-13,8.927268058236838e-13,-9.788281296607693e-13,0.19807038331809254,0.2533442514463141,0.04144941624863814
constant,prepared,0.08,0.0005,0.465,0.3015052020304688,0.549267098440549,9.757195051918188e-13,8.882013031193431e-13,-9.776068843336816e-13,0.19822113591910778,0.25322037049810964,0.04140873157140263
constant,prepared,0.08,0.0005,0.4655,0.30134253636048564,0.5490046809933035,9.849898674474389e-13,8.970687332432506e-13,-9.832135106080386e-13,0.19837180718728803,0.2530965394257923,0.04136808394845006
constant,prepared,0.08,0.0005,0.466,0.3011800041853148,0.5487423416822856,9.703349235223868e-13,8.841443878257709e-13,-9.70168390068693e-13,0.1985223971893807,0.2529727582570443,0.041327473360226484
constant,prepared,0.08,0.0005,0.4665,0.3010176052103664,0.5484800807000224,9.776346399092972e-13,8.912216453336607e-13,-9.804379530464757e-13,0.19867290599198587,0.2528490270192979,0.04128689978711367
constant,prepared,0.08,0.0005,0.467,0.3008553391421895,0.5482178982379236,9.86849491013686e-13,9.000522366970502e-13,-9.831579994568074e-13,0.19882333366155697,0.2527253457397498,0.04124636320942865
constant,prepared,0.08,0.0005,0.4675,0.30069320568847385,0.5479557944862985,9.815481760711009e-13,8.956454023726591e-13,-9.810485757100196e-13,0.1989736802644012,0.25260171444534957,0.04120586360742423
constant,prepared,0.08,0.0005,0.468,0.3005312045580406,0.5476937696343694,9.831302438811917e-13,8.975181920880985e-13,-9.827694213981886e-13,0.19912394586668022,0.2524781331628111,0.04116540096129069
constant,prepared,0.08,0.0005,0.4685,0.30036933546083916,0.5474318238702478,9.760525720992064e-13,8.914832217807637e-13,-9.768852393676752e-13,0.19927413053441065,0.25235460191860726,0.041124975251154564
constant,prepared,0.08,0.0005,0.46900000000000003,0.30020759810793896,0.5471699573809723,9.781619958459942e-13,8.938374472596138e-13,-9.78772618509538e-13,0.19942423433346462,0.2522311207389689,0.04108458645708033
constant,prepared,0.08,0.0005,0.46950000000000003,0.3000459922115315,0.546908170352495,9.822698210371072e-13,8.980207960717879e-13,-9.822698210371072e-13,0.19957425732957038,0.25210768964989794,0.041044234559070095
constant,prepared,0.08,0.0005,0.47000000000000003,0.2998845174849194,0.5466464629696832,9.836853553935043e-13,8.997454680751991e-13,-9.82436354490801e-13,0.19972419958831283,0.2519843086771558,0.041003919537064566
constant,prepared,0.08,0.0005,0.47050000000000003,0.2997231736425141,0.5463848354163402,9.815204204954853e-13,8.98195151908539e-13,-9.799938638366257e-13,0.1998740611751341,0.25186097784626776,0.0409636413709436
constant,prepared,0.08,0.0005,0.47100000000000003,0.29956196039982963,0.5461232878752075,9.797995748073163e-13,8.970498022694901e-13,-9.818257318272572e-13,0.200023842155334,0.2517376971825304,0.04092340004052593
constant,prepared,0.08,0.0005,0.47150000000000003,0.29940087747348243,0.5458618205279291,9.809930645587883e-13,8.985727043605482e-13,-9.812151091637134e-13,0.20017354259407075,0.2516144667110025,0.04088319552557036
constant,prepared,0.08,0.0005,0.47200000000000003,0.29923992458117754,0.5456004335551394,9.74137437381728e-13,8.927205492060978e-13,-9.739986595036498e-13,0.20032316255636134,0.2514912864565145,0.04084302780577543
constant,prepared,0.08,0.0005,0.47250000000000003,0.2990791014417136,0.5453391271363905,9.695300118295336e-13,8.889239407043227e-13,-9.71667191151937e-13,0.2004727021070822,0.2513681564436678,0.04080289686078105
constant,prepared,0.08,0.0005,0.47300000000000003,0.29891840777497247,0.5450779014501921,9.748590823477343e-13,8.942383095638513e-13,-9.739986595036498e-13,0.2006221613109697,0.25124507669682866,0.040762802670167624
constant,prepared,0.08,0.0005,0.47350000000000003,0.2987578433019165,0.5448167566739979,9.66587920814277e-13,8.870761673284922e-13,-9.683920332292928e-13,0.20077154023262064,0.2511220472401421,0.04072274521345772
constant,prepared,0.08,0.0005,0.47400000000000003,0.2985974077445842,0.5445556929842379,9.844070003595107e-13,9.038625553283072e-13,-9.808820422563258e-13,0.20092083893649293,0.250999068097523,0.04068272447011535
constant,prepared,0.08,0.0005,0.47450000000000003,0.29843710082608504,0.5442947105563047,9.702239012199243e-13,8.912670676400909e-13,-9.731104810839497e-13,0.20107005748690598,0.25087613929265623,0.040642740419546956
constant,prepared,0.08,0.0005,0.47500000000000003,0.29827692227059044,0.5440338095645458,9.693357228002242e-13,8.908782007272984e-13,-9.676148771120552e-13,0.20121919594804127,0.25075326084900906,0.04060279304110207
constant,prepared,0.08,0.0005,0.47550000000000003,0.29811687180333957,0.5437729901823148,9.764411501578252e-13,8.978389583395544e-13,-9.782730181484567e-13,0.20136825438394296,0.25063043278981995,0.04056288231407343
constant,prepared,0.08,0.0005,0.47600000000000003,0.297956949150625,0.5435122525819011,9.707790127322369e-13,8.930608354455492e-13,-9.712786130933182e-13,0.20151723285851827,0.2505076551381018,0.040523008217697484
constant,prepared,0.08,0.0005,0.47650000000000003,0.2977971540397927,0.5432515969346107,9.749978602258125e-13,8.973722909665875e-13,-9.748313267721187e-13,0.20166613143553816,0.2503849279166557,0.04048317073115478
constant,prepared,0.08,0.0005,0.47700000000000004,0.29763748619923713,0.5429910234107318,9.805767309245539e-13,9.029400935252074e-13,-9.81992265280951e-13,0.2018149501786378,0.2502622511480481,0.04044336983357017
constant,prepared,0.08,0.0005,0.47750000000000004,0.2974779453583939,0.5427305321795222,9.69418989527071e-13,8.930942079425382e-13,-9.691136781952991e-13,0.201963689151317,0.25013962485463753,0.040403605504014214
constant,prepared,0.08,0.0005,0.47800000000000004,0.29731853124774316,0.5424701234092746,9.673373213558989e-13,8.916042373684925e-13,-9.653944310628049e-13,0.20211234841694087,0.2500170490585562,0.04036387772150214
constant,prepared,0.08,0.0005,0.47850000000000004,0.29715924359879325,0.542209797267263,9.76524416884672e-13,9.00504216085245e-13,-9.764411501578252e-13,0.20226092803874027,0.24989452378172183,0.04032418646499498
constant,prepared,0.08,0.0005,0.47900000000000004,0.2970000821440859,0.5419495539197576,9.762191055529001e-13,9.006549580964895e-13,-9.778844400898379e-13,0.2024094280798123,0.24977204904583306,0.04028453171340061
constant,prepared,0.08,0.0005,0.47950000000000004,0.29684104661718713,0.5416893935320516,9.574840920123506e-13,8.83794387931698e-13,-9.54458734270247e-13,0.2025578486031209,0.24964962487237552,0.040244913445573294
constant,prepared,0.08,0.0005,0.48,0.2966821367526847,0.5414293162684631,9.658107646970393e-13,8.919084501671948e-13,-9.646727860967985e-13,0.20270618967149723,0.2495272512826161,0.04020533164031344
constant,prepared,0.08,0.0005,0.4805,0.2965233522861851,0.541169322292313,9.7025165679554e-13,8.964400020725752e-13,-9.691691893465304e-13,0.20285445134764032,0.24940492829761401,0.04016578627637034
constant,prepared,0.08,0.0005,0.481,0.2963646929543042,0.5409094117659519,9.775513731824503e-13,9.036183803772928e-13,-9.784950627533817e-13,0.20300263369411747,0.24928265593820692,0.04012627733244053
constant,prepared,0.08,0.0005,0.4815,0.2962061584946671,0.5406495848507484,9.711120796396244e-13,8.980974986846952e-13,-9.69502256253918e-13,0.20315073677336482,0.24916043422502815,0.040086804787168896
constant,prepared,0.08,0.0005,0.482,0.29604774864590244,0.5403898417071341,9.621192731401607e-13,8.902085114145499e-13,-9.649503418529548e-13,0.20329876064768776,0.24903826317849706,0.040047368619148246
constant,prepared,0.08,0.0005,0.4825,0.2958894631476418,0.5401301824945347,9.726108807228684e-13,9.003485754398051e-13,-9.707235015810056e-13,0.20344670537926157,0.24891614281882415,0.04000796880692162
constant,prepared,0.08,0.0005,0.483,0.2957313017405062,0.5398706073714606,9.582890037052039e-13,8.875172963852411e-13,-9.590661598224415e-13,0.20359457103013182,0.248794073166007,0.03996860532898114
constant,prepared,0.08,0.0005,0.4835,0.2955732641661119,0.5396111164954325,9.648948307017235e-13,8.940650045976472e-13,-9.668377209948176e-13,0.20374235766221488,0.24867205423984248,0.03992927816376838
constant,prepared,0.08,0.0005,0.484,0.29541535016705883,0.5393517100230386,9.56928980500038e-13,8.87110361120681e-13,-9.575118475879663e-13,0.20389006533729842,0.24855008605991444,0.039889987289675376
constant,prepared,0.08,0.0005,0.4845,0.2952575594869306,0.5390923881099309,9.671430323265895e-13,8.970104695009195e-13,-9.663936317849675e-13,0.2040376941170419,0.2484281686456019,0.039850732685045485
constant,prepared,0.08,0.0005,0.485,0.2950998918702906,0.5388331509107978,9.642286968869485e-13,8.94737726563627e-13,-9.665601652386613e-13,0.20418524406297703,0.24830630201608153,0.03981151432817201
constant,prepared,0.08,0.0005,0.4855,0.29494234706267447,0.538573998579392,9.568179581975755e-13,8.882882953136843e-13,-9.592882044273665e-13,0.20433271523650837,0.2481844861903226,0.03977233219730019
constant,prepared,0.08,0.0005,0.486,0.29478492481058743,0.5383149312685549,9.653944310628049e-13,8.966818259963168e-13,-9.632294961647858e-13,0.20448010769891367,0.24806272118709338,0.039733186270627135
constant,prepared,0.08,0.0005,0.4865,0.29462762486149985,0.5380559491301783,9.553469126899472e-13,8.877765539378513e-13,-9.563461134121098e-13,0.20462742151134442,0.247941007024958,0.03969407652630243
constant,prepared,0.08,0.0005,0.487,0.29447044696384655,0.5377970523152483,9.690859226196835e-13,9.009773467954479e-13,-9.71667191151937e-13,0.20477465673482634,0.24781934372228256,0.03965500294242763
constant,prepared,0.08,0.0005,0.4875,0.29431339086701647,0.537538240973805,9.64117674584486e-13,8.967898477669463e-13,-9.65005853004186e-13,0.20492181343025984,0.24769773129722844,0.03961596549705766
constant,prepared,0.08,0.0005,0.488,0.2941564563213534,0.5372795152549837,9.548473123288659e-13,8.885945631808268e-13,-9.539036227579345e-13,0.20506889165842052,0.24757616976776034,0.039576964168200675
constant,prepared,0.08,0.0005,0.4885,0.2939996430781493,0.5370208753070277,9.666156763898925e-13,8.999796105099129e-13,-9.676703882632864e-13,0.20521589147995958,0.2474546591516457,0.03953799893381865
constant,prepared,0.08,0.0005,0.489,0.2938429508896432,0.5367623212772369,9.559020242022598e-13,8.904332386137129e-13,-9.58733092915054e-13,0.2053628129554044,0.24733319946645219,0.03949906977182749
constant,prepared,0.08,0.0005,0.4895,0.2936863795090135,0.5365038533120353,9.637568521014828e-13,8.981826003215e-13,-9.607314943593792e-13,0.2055096561451589,0.2472117907295497,0.03946017666009743
constant,prepared,0.08,0.0005,0.49,0.29352992869037403,0.5362454715569434,9.587886040662852e-13,8.939829377781657e-13,-9.577338921928913e-13,0.20565642110950408,0.2470904329581173,0.03942131957645391
constant,prepared,0.08,0.0005,0.4905,0.2933735981887751,0.5359871761565584,9.537648448798564e-13,8.897272988117341e-13,-9.543477119677846e-13,0.20580310790859846,0.24696912616913205,0.039382498498677455
constant,prepared,0.08,0.0005,0.491,0.2932173877601923,0.5357289672546178,9.572620474074256e-13,8.934200929176273e-13,-9.577338921928913e-13,0.20594971660247854,0.24684787037938322,0.039343713404504266
constant,prepared,0.08,0.0005,0.4915,0.2930612971615309,0.5354708449939544,9.527656441576937e-13,8.896522126873248e-13,-9.521272659185342e-13,0.20609624725105932,0.24672666560546627,0.039304964271625956
constant,prepared,0.08,0.0005,0.492,0.2929053261506123,0.5352128095165367,9.610090501155355e-13,8.977821840463442e-13,-9.584000260076664e-13,0.20624269991413463,0.24660551186378296,0.03926625107769094
constant,prepared,0.08,0.0005,0.4925,0.2927494744861778,0.5349548609634237,9.418854585163672e-13,8.803410598225569e-13,-9.423017921506016e-13,0.2063890746513777,0.24648440917054418,0.03922757380030441
constant,prepared,0.08,0.0005,0.493,0.29259374192788007,0.5346969994748275,9.527933997333093e-13,8.909657251380519e-13,-9.536260670017782e-13,0.20653537152234164,0.24636335754177097,0.03918893241702787
constant,prepared,0.08,0.0005,0.4935,0.29243812823628385,0.534439225190058,9.6231356216947e-13,9.003021455118534e-13,-9.578449144953538e-13,0.20668159058645977,0.24624235699329347,0.03915032690538109
constant,prepared,0.08,0.0005,0.494,0.29228263317285574,0.5341815382475893,9.502398867766715e-13,8.894353499122587e-13,-9.506839759865215e-13,0.2068277319030462,0.24612140754075545,0.03911175724284066
constant,prepared,0.08,0.0005,0.4945,0.29212725649996607,0.5339239387850023,9.517386878599154e-13,8.912680428085361e-13,-9.522382882209968e-13,0.2069737955312962,0.24600050919961297,0.03907322340684203
constant,prepared,0.08,0.0005,0.495,0.2919719979808805,0.5336664269390474,9.575951143148131e-13,8.971850822679966e-13,-9.569012249244224e-13,0.20711978153028662,0.24587966198513295,0.03903472537477921
constant,prepared,0.08,0.0005,0.4955,0.29181685737976176,0.5334090028455937,9.539036227579345e-13,8.941577829285428e-13,-9.546807788751721e-13,0.2072656899589765,0.24575886591239948,0.03899626312400355
constant,prepared,0.08,0.0005,0.496,0.2916618344616577,0.5331516666396684,9.519329768892248e-13,8.927412558683239e-13,-9.512945986500654e-13,0.20741152087620734,0.24563812099630947,0.038957836631827114
constant,prepared,0.08,0.0005,0.4965,0.2915069289925068,0.5328944184554483,9.53792600455472e-13,8.949170486895975e-13,-9.508505094402153e-13,0.2075572743407036,0.24551742725157732,0.03891944587552117
constant,prepared,0.08,0.0005,0.497,0.29135214073912763,0.5326372584262701,9.501843756254402e-13,8.919619878188838e-13,-9.498513087180527e-13,0.20770295041107315,0.24539678469273438,0.03888109083231597
constant,prepared,0.08,0.0005,0.4975,0.2911974694692173,0.5323801866846206,9.494627306594339e-13,8.917149383144157e-13,-9.506284648352903e-13,0.20784854914580775,0.24527619333412687,0.03884277147940296
constant,prepared,0.08,0.0005,0.498,0.2910429149513466,0.5321232033621641,9.565404024414192e-13,8.987959897226434e-13,-9.541256673628595e-13,0.20799407060328343,0.2451556531899207,0.03880448779393341
constant,prepared,0.08,0.0005,0.4985,0.2908884769549611,0.5318663085897098,9.535983114261626e-13,8.964642956552908e-13,-9.547918011776346e-13,0.2081395148417609,0.24503516427410163,0.03876623975301943
constant,prepared,0.08,0.0005,0.499,0.2907341552503674,0.5316095024972598,9.542922008165533e-13,8.975499839006505e-13,-9.51849710162378e-13,0.2082848819193861,0.24491472660047864,0.03872802733373485
constant,prepared,0.08,0.0005,0.4995,0.29057994960874134,0.5313527852139796,9.557632463241816e-13,8.993678709507745e-13,-9.556244684461035e-13,0.20843017189419047,0.2447943401826747,0.03868985051311428
constant,prepared,0.08,0.0005,0.5,0.2904258598021155,0.5310961568682014,9.403033907062763e-13,8.852477828593972e-13,-9.441891712924644e-13,0.20857538482409152,0.24467400503414158,0.03865170926815526
constant,prepared,0.08,0.0005,0.5005000000000001,0.2902718856033799,0.5308396175874657,9.409417689454358e-13,8.862768883198174e-13,-9.431344594190705e-13,0.2087205207668932,0.24455372116814858,0.038613603575816266
constant,prepared,0.08,0.0005,0.501,0.29011802678627596,0.5305831674984774,9.497680419912058e-13,8.950227788681981e-13,-9.489631302983526e-13,0.20886557978028636,0.24443348859779296,0.03857553341301932
constant,prepared,0.08,0.0005,0.5015000000000001,0.2899642831253934,0.5303268067271408,9.455214389220146e-13,8.914516736918912e-13,-9.461875727367897e-13,0.20901056192184905,0.24431330733599158,0.03853749875664837
constant,prepared,0.08,0.0005,0.502,0.28981065439616965,0.5300705353985412,9.457712391025552e-13,8.921182898711959e-13,-9.456879723757083e-13,0.20915546724904713,0.2441931773954891,0.03849949958355154
constant,prepared,0.08,0.0005,0.5025000000000001,0.2896571403748785,0.5298143536369809,9.370837439348634e-13,8.843510349439372e-13,-9.358069874565444e-13,0.20930029581923457,0.24407309878885783,0.03846153587053936
constant,prepared,0.08,0.0005,0.503,0.28950374083863933,0.5295582615659398,9.475475959419555e-13,8.946584962522773e-13,-9.457434835269396e-13,0.20944504768965388,0.24395307152849413,0.03842360759438692
constant,prepared,0.08,0.0005,0.5035000000000001,0.2893504555653991,0.5293022593081134,9.521272659185342e-13,8.99417345357894e-13,-9.514056209525279e-13,0.20958972291743658,0.2438330956266219,0.03838571473183379
constant,prepared,0.08,0.0005,0.504,0.289197284333938,0.5290463469853944,9.367506770274758e-13,8.85320050279553e-13,-9.3913765653042e-13,0.20973432155960356,0.24371317109529492,0.03834785725958292
constant,prepared,0.08,0.0005,0.5045000000000001,0.28904422692386406,0.5287905247189127,9.392486788328824e-13,8.881103527066047e-13,-9.42579347906758e-13,0.2098788436730655,0.24359329794639756,0.038310035154302674
constant,prepared,0.08,0.0005,0.505,0.28889128311560797,0.5285347926289867,9.41080546823514e-13,8.902730340056178e-13,-9.383605004131823e-13,0.2100232893146233,0.24347347619164064,0.03827224839262676
constant,prepared,0.08,0.0005,0.5055000000000001,0.28873845269042003,0.5282791508351385,9.387490784718011e-13,8.884971865602973e-13,-9.364176101200883e-13,0.2101676585409685,0.24335370584256777,0.038234496951153746
constant,prepared,0.08,0.0005,0.506,0.28858573543037014,0.5280235994561611,9.40109101676967e-13,8.902150421348565e-13,-9.407474799161264e-13,0.2103119514086837,0.24323398691055464,0.03819678080644797
constant,prepared,0.08,0.0005,0.5065000000000001,0.28843313111833746,0.5277681386100385,9.450495941365489e-13,8.953264937749383e-13,-9.46687173097871e-13,0.21045616797424285,0.24311431940680847,0.038159099935040276
constant,prepared,0.08,0.0005,0.507,0.2882806395380113,0.5275127684139815,9.361955655151633e-13,8.873676824251056e-13,-9.358069874565444e-13,0.21060030829401186,0.24299470334237028,0.03812145431342777
constant,prepared,0.08,0.0005,0.5075000000000001,0.2881282604738898,0.5272574889844486,9.34113897343991e-13,8.858232617448088e-13,-9.345302309782255e-13,0.2107443724242488,0.24287513872811406,0.03808384391807341
constant,prepared,0.08,0.0005,0.508,0.2879759937112721,0.5270023004371226,9.461043060099428e-13,8.976282506018914e-13,-9.461320615855584e-13,0.21088836042110443,0.24275562557475033,0.03804626872540843
constant,prepared,0.08,0.0005,0.5085000000000001,0.2878238390362548,0.5267472028869268,9.41302591428439e-13,8.935050687204702e-13,-9.411360579747452e-13,0.21103227234062255,0.24263616389282552,0.038008728711830364
constant,prepared,0.08,0.0005,0.509,0.2876717962357345,0.5264921964480322,9.37555588720329e-13,8.90379377932562e-13,-9.37860900052101e-13,0.21117610823874042,0.24251675369271875,0.03797122385370414
constant,prepared,0.08,0.0005,0.5095000000000001,0.28751986509739613,0.5262372812338514,9.396372568915012e-13,8.927885674381768e-13,-9.409695245210514e-13,0.21131986817128912,0.24239739498465016,0.03793375412736355
constant,prepared,0.08,0.0005,0.51,0.2873680454097172,0.5259824573570495,9.298117831235686e-13,8.838809832126855e-13,-9.332534744999066e-13,0.211463552193994,0.2422780877786758,0.03789631950910985
constant,prepared,0.08,0.0005,0.5105000000000001,0.28721633696195853,0.5257277249295328,9.368339437543227e-13,8.909877673648074e-13,-9.363065878176258e-13,0.21160716036247496,0.24215883208469105,0.037858919975212915
constant,prepared,0.08,0.0005,0.511,0.28706473954416306,0.5254730840624835,9.346690088563037e-13,8.893595478092382e-13,-9.333644968023691e-13,0.21175069273224703,0.24203962791243183,0.03782155550191181
constant,prepared,0.08,0.0005,0.5115000000000001,0.2869132529471542,0.525218534866338,9.411638135503608e-13,8.95973533939575e-13,-9.424683256042954e-13,0.2118941493587206,0.24192047527147198,0.037784226065413436
constant,prepared,0.08,0.0005,0.512,0.2867618769625289,0.5249640774507681,9.345579865538411e-13,8.901161305086189e-13,-9.359735209102382e-13,0.21203753029720188,0.2418013741712265,0.037746931641895305
constant,prepared,0.08,0.0005,0.5125,0.28661061138266086,0.5247097119247484,9.322265182021283e-13,8.88325961017276e-13,-9.318656957191251e-13,0.21218083560289322,0.2416823246209558,0.037709672207504485
constant,prepared,0.08,0.0005,0.513,0.2864594560006859,0.5244554383965147,9.396927680427325e-13,8.958747485915436e-13,-9.373057885397884e-13,0.21232406533089357,0.24156332662975694,0.03767244773835739
constant,prepared,0.08,0.0005,0.5135,0.2863084106105113,0.5242012569735589,9.363065878176258e-13,8.930793043329325e-13,-9.37860900052101e-13,0.21246721953619882,0.2414443802065756,0.037635258210540784
constant,prepared,0.08,0.0005,0.514,0.2861574750068031,0.523947167762668,9.467149286734866e-13,9.034450293101538e-13,-9.459100169806334e-13,0.21261029827370223,0.24132548536019732,0.03759810360011229
constant,prepared,0.08,0.0005,0.5145,0.28600664898499173,0.5236931708698856,9.419132140919828e-13,8.992987368219464e-13,-9.43023437116608e-13,0.21275330159819472,0.2412066420992533,0.037560983883099947
constant,prepared,0.08,0.0005,0.515,0.28585593234125634,0.5234392664005602,9.290623825819466e-13,8.874595795705555e-13,-9.265366252009244e-13,0.21289622956436535,0.24108785043222392,0.03752389903550347
constant,prepared,0.08,0.0005,0.5155,0.28570532487253514,0.5231854544593262,9.339473638902973e-13,8.925586098858863e-13,-9.316436511142001e-13,0.21303908222680162,0.24096911036742907,0.03748684903329369
constant,prepared,0.08,0.0005,0.516,0.2855548263765108,0.5229317351500952,9.320599847484345e-13,8.911870537748855e-13,-9.345302309782255e-13,0.21318185963998987,0.24085042191304223,0.03744983385241257
constant,prepared,0.08,0.0005,0.5165,0.2854044366516155,0.5226781085760625,9.289236047038685e-13,8.886191993325678e-13,-9.313105842068126e-13,0.21332456185831566,0.2407317850770795,0.037412853468774314
constant,prepared,0.08,0.0005,0.517,0.2852541554970251,0.522424574839748,9.374723219934822e-13,8.972322198665784e-13,-9.363065878176258e-13,0.21346718893606417,0.24061319986740762,0.037375907858266035
constant,prepared,0.08,0.0005,0.5175,0.28510398271265097,0.5221711340429459,9.327816297144409e-13,8.931761724278799e-13,-9.328093852900565e-13,0.2136097409274205,0.24049466629174257,0.037338996996746296
constant,prepared,0.08,0.0005,0.518,0.28495391809914555,0.5219177862867619,9.33975119465913e-13,8.947531048040535e-13,-9.318656957191251e-13,0.21375221788647006,0.2403761843576468,0.03730212086004729
constant,prepared,0.08,0.0005,0.5185,0.28480396145789433,0.5216645316716094,9.260092692642274e-13,8.875524528149569e-13,-9.276468482255495e-13,0.21389461986719902,0.24025775407253938,0.037265279423973646
constant,prepared,0.08,0.0005,0.519,0.2846541125910098,0.5214113702972043,9.2192919964873e-13,8.840708624386304e-13,-9.203748874142548e-13,0.2140369469234945,0.24013937544368594,0.037228472664303396
constant,prepared,0.08,0.0005,0.5195,0.284504371301336,0.5211583022625677,9.18709552877317e-13,8.814112227398106e-13,-9.202638651117923e-13,0.21417919910914518,0.24002104847820618,0.03719170055678851
constant,prepared,0.08,0.0005,0.52,0.28435473739243916,0.520905327666066,9.287570712501747e-13,8.914835594124889e-13,-9.301448500309561e-13,0.21432137647784139,0.23990277318306924,0.03715496307715479
constant,prepared,0.08,0.0005,0.5205,0.2842052106686063,0.5206524466053392,9.322820293533596e-13,8.953016887090572e-13,-9.329759187437503e-13,0.2144634790831757,0.23978454956509998,0.03711826020110174
constant,prepared,0.08,0.0005,0.521,0.28405579093484384,0.5203996591773702,9.303668946358812e-13,8.938965257065516e-13,-9.29478716216181e-13,0.2146055069786431,0.23966637763097834,0.03708159190430345
constant,prepared,0.08,0.0005,0.5215,0.28390647799687246,0.5201469654784803,9.294232050649498e-13,8.934236540331906e-13,-9.280909374353996e-13,0.21474746021764154,0.23954825738723656,0.037044958162409214
constant,prepared,0.08,0.0005,0.522,0.2837572716611242,0.5198943656042985,9.241496456979803e-13,8.887859792661677e-13,-9.233169784295114e-13,0.2148893388534721,0.23943018884026548,0.037008358951042264
constant,prepared,0.08,0.0005,0.5225,0.28360817173474184,0.5196418596497829,9.222622665561175e-13,8.874018224560138e-13,-9.218736884974987e-13,0.21503114293933948,0.23931217199630697,0.036971794245801895
constant,prepared,0.08,0.0005,0.523,0.2834591780255717,0.5193894477092396,9.306999615432687e-13,8.959557858243702e-13,-9.33975119465913e-13,0.21517287252835227,0.23919420686146492,0.036935264022261945
constant,prepared,0.08,0.0005,0.5235,0.2833102903421643,0.5191371298762876,9.3031138348465e-13,8.960169962274836e-13,-9.29478716216181e-13,0.21531452767352335,0.23907629344169679,0.03689876825597359
constant,prepared,0.08,0.0005,0.524,0.28316150849376803,0.5188849062439131,9.237888232149771e-13,8.901673686186468e-13,-9.252598687226055e-13,0.21545610842777024,0.2389584317428217,0.036862306922461924
constant,prepared,0.08,0.0005,0.5245,0.2830128322903322,0.5186327769044164,9.277023593767808e-13,8.943730522713625e-13,-9.261480471423056e-13,0.2155976148439154,0.23884062177051413,0.03682587999722982
constant,prepared,0.08,0.0005,0.525,0.2828642615424967,0.5183807419494767,9.318934512947408e-13,8.988503776098311e-13,-9.311440507531188e-13,0.21573904697468665,0.23872286353031008,0.03678948745575582
constant,prepared,0.08,0.0005,0.5255,0.2827157960615928,0.5181288014700769,9.242606680004428e-13,8.919217242674326e-13,-9.20430398565486e-13,0.21588040487271745,0.2386051570276051,0.036753129273495416
constant,prepared,0.08,0.0005,0.526,0.2825674356596407,0.5178769555566011,9.230116670977395e-13,8.911495840791828e-13,-9.24926801815218e-13,0.21602168859054727,0.23848750226765678,0.036716805425881585
constant,prepared,0.08,0.0005,0.5265,0.2824191801493424,0.5176252042987424,9.088285679581531e-13,8.778828391756921e-13,-9.082734564458406e-13,0.21616289818062193,0.23836989925558114,0.036680515888323925
constant,prepared,0.08,0.0005,0.527,0.28227102934408893,0.5173735477855885,9.172385073696887e-13,8.864373829071372e-13,-9.16544617979298e-13,0.21630403369529397,0.2382523479963601,0.036644260636209514
constant,prepared,0.08,0.0005,0.5275,0.2821229830579443,0.517121986105557,9.124645483638005e-13,8.822527110428636e-13,-9.1265883739311e-13,0.21644509518682295,0.23813484849483588,0.03660803964490354
constant,prepared,0.08,0.0005,0.528,0.28197504110564964,0.5168705193464487,9.18043419062542e-13,8.880787205880274e-13,-9.209299989265674e-13,0.21658608270737578,0.23801740075571495,0.03657185288974896
constant,prepared,0.08,0.0005,0.5285,0.28182720330262373,0.5166191475954123,9.265921363521556e-13,8.96784546860215e-13,-9.23205956127049e-13,0.2167269963090271,0.2379000047835686,0.03653570034606704
constant,prepared,0.08,0.0005,0.529,0.2816794694649478,0.5163678709389827,9.170442183403793e-13,8.879756758219459e-13,-9.162115510719104e-13,0.21686783604375956,0.23778266058283135,0.03649958198915768
constant,prepared,0.08,0.0005,0.5295,0.2815318394093813,0.5161166894630608,9.202916206874079e-13,8.915538283057731e-13,-9.198752870531735e-13,0.21700860196346425,0.23766536815780326,0.036463497794299415
constant,prepared,0.08,0.0005,0.53,0.2813843129533392,0.5158656032529193,9.193201755408609e-13,8.910462044213055e-13,-9.16100528769448e-13,0.2171492941199409,0.2375481275126526,0.03642744773674971
constant,prepared,0.08,0.0005,0.5305,0.2812368899149034,0.515614612393205,9.100220577096252e-13,8.82463409526924e-13,-9.125478150906474e-13,0.21728991256489835,0.23743093865141301,0.03639143179174519
constant,prepared,0.08,0.0005,0.531,0.2810895701128133,0.5153637169679465,9.15045816896054e-13,8.877670146035463e-13,-9.16988707189148e-13,0.21743045734995475,0.23731380157798562,0.03635544993450209
constant,prepared,0.08,0.0005,0.5315,0.28094235336646556,0.5151129170605734,9.182099525162357e-13,8.912705565170703e-13,-9.183764859699295e-13,0.21757092852663798,0.23719671629613884,0.0363195021402159
constant,prepared,0.08,0.0005,0.532,0.2807952394959088,0.5148622127538736,9.201528428093297e-13,8.935913531960641e-13,-9.20874487775336e-13,0.21771132614638594,0.2370796828095089,0.03628358838406259
constant,prepared,0.08,0.0005,0.5325,0.2806482283218461,0.5146116041300205,9.019174296298615e-13,8.76308872935165e-13,-9.038325643473399e-13,0.21785165026054687,0.2369627011216041,0.03624770864119839
constant,prepared,0.08,0.0005,0.533,0.2805013196656228,0.5143610912706239,9.043321647084213e-13,8.790829828065518e-13,-9.058864769428965e-13,0.21799190092037968,0.23684577123580075,0.036211862886759504
constant,prepared,0.08,0.0005,0.5335,0.28035451334923606,0.5141106742566481,9.2148511043888e-13,8.961933262428641e-13,-9.190426197847046e-13,0.2181320781770543,0.23672889315534687,0.03617605109586263
constant,prepared,0.08,0.0005,0.534,0.28020780919531935,0.5138603531684507,9.077738560847592e-13,8.832884756399725e-13,-9.084955010507656e-13,0.21827218208165194,0.23661206688335965,0.036140273243606136
constant,prepared,0.08,0.0005,0.5345,0.28006120702714965,0.5136101280858244,9.182099525162357e-13,8.93878354713813e-13,-9.192646643896296e-13,0.21841221268516553,0.2364952924228303,0.03610452930506855
constant,prepared,0.08,0.0005,0.535,0.2799147066686401,0.5133599990879201,9.164335956768355e-13,8.925837592568889e-13,-9.151013280472853e-13,0.21855217003849986,0.2363785697766193,0.03606881925531039
constant,prepared,0.08,0.0005,0.5355,0.2797683079443387,0.5131099662533333,9.190426197847046e-13,8.955610689991262e-13,-9.20430398565486e-13,0.21869205419247204,0.23626189894746552,0.036033143069373545
constant,prepared,0.08,0.0005,0.536,0.2796220106794229,0.5128600296600385,9.085510122019969e-13,8.857689814543031e-13,-9.07496300328603e-13,0.21883186519781175,0.23614527993797346,0.03599750072228162
constant,prepared,0.08,0.0005,0.5365,0.2794758146997023,0.5126101893854383,9.103273690413971e-13,8.879333535409904e-13,-9.116596366709473e-13,0.21897160310516162,0.2360287127506303,0.03596189218903994
constant,prepared,0.08,0.0005,0.537,0.2793297198316096,0.5123604455063506,9.18043419062542e-13,8.958960699575906e-13,-9.180989302137732e-13,0.21911126796507743,0.2359121973877932,0.035926317444637125
constant,prepared,0.08,0.0005,0.5375,0.2791837259022032,0.512110798098982,9.12353526061338e-13,8.907774737881855e-13,-9.105494136463221e-13,0.21925085982802853,0.23579573385169442,0.03589077646404294
constant,prepared,0.08,0.0005,0.538,0.27903783273916166,0.5118612472390002,9.102163467389346e-13,8.891241050654531e-13,-9.078848783872218e-13,0.2193903787443981,0.23567932214444362,0.03585526922221065
constant,prepared,0.08,0.0005,0.5385,0.2788920401707804,0.5116117930014642,9.19236908814014e-13,8.983734556042157e-13,-9.207079543216423e-13,0.2195298247644835,0.23556296226802745,0.03581979569407652
constant,prepared,0.08,0.0005,0.539,0.2787463480259738,0.5113624354608491,9.070799666943685e-13,8.869247169828647e-13,-9.066081219089028e-13,0.21966919793849649,0.23544665422431088,0.035784355854558914
constant,prepared,0.08,0.0005,0.5395,0.27860075613426655,0.5111131746910882,9.082457008702249e-13,8.884976418562805e-13,-9.076628337822967e-13,0.21980849831656363,0.23533039801503142,0.03574894967856081
constant,prepared,0.08,0.0005,0.54,0.2784552643257944,0.5108640107655253,9.08911834685e-13,8.895829570399711e-13,-9.09661235226622e-13,0.21994772594872652,0.23521419364181098,0.03571357714096839
constant,prepared,0.08,0.0005,0.5405,0.2783098724313016,0.5106149437569413,9.13408237934732e-13,8.944198060610503e-13,-9.132139489054225e-13,0.2200868808849422,0.2350980411061472,0.03567823821665113
constant,prepared,0.08,0.0005,0.541,0.2781645802821367,0.5103659737375346,9.16239306647526e-13,8.976296949587565e-13,-9.162115510719104e-13,0.22022596317508325,0.2349819404094193,0.03564293288046258
constant,prepared,0.08,0.0005,0.5415,0.2780193877102504,0.5101171007789727,9.030276526544867e-13,8.851179967057779e-13,-9.0427665355719e-13,0.22036497286893839,0.23486589155288606,0.03560766110724143
constant,prepared,0.08,0.0005,0.542,0.2778742945481952,0.5098683249523235,9.035550085911837e-13,8.860670141402413e-13,-9.033329639862586e-13,0.22050391001621247,0.23474989453768264,0.03557242287180959
constant,prepared,0.08,0.0005,0.5425,0.2777293006291207,0.5096196463281516,9.06746899786981e-13,8.896310280808001e-13,-9.067191442113653e-13,0.22064277466652704,0.2346339493648324,0.035537218148974155
constant,prepared,0.08,0.0005,0.543,0.2775844057867697,0.5093710649764054,9.070244555431373e-13,8.90337631942584e-13,-9.074407891773717e-13,0.22078156686942044,0.2345180560352372,0.03550204691352725
constant,prepared,0.08,0.0005,0.5435,0.27743960985547833,0.509122580966521,9.1265883739311e-13,8.963055966401015e-13,-9.136580381152726e-13,0.22092028667434818,0.2344022145496808,0.0354669091402458
constant,prepared,0.08,0.0005,0.544,0.27729491267017586,0.5088741943673566,9.03527253015568e-13,8.877707525904812e-13,-9.039435866498025e-13,0.22105893413068328,0.23428642490883253,0.03543180480389194
constant,prepared,0.08,0.0005,0.5445,0.27715031406637364,0.5086259052472606,9.046652316158088e-13,8.893228031466618e-13,-9.044431870108838e-13,0.22119750928771648,0.23417068711324132,0.03539673387921371
constant,prepared,0.08,0.0005,0.545,0.27700581388017137,0.5083777136739988,8.996969835806112e-13,8.84870598553375e-13,-9.001133172148457e-13,0.22133601219465657,0.23405500116334355,0.035361696340944
constant,prepared,0.08,0.0005,0.5455,0.2768614119482503,0.5081296197148197,9.070244555431373e-13,8.925128750134482e-13,-9.082734564458406e-13,0.2214744429006307,0.23393936705945956,0.035326692163802666
constant,prepared,0.08,0.0005,0.546,0.27671710810787226,0.5078816234364116,9.040823645278806e-13,8.900522511622926e-13,-9.058864769428965e-13,0.22161280145468465,0.23382378480179544,0.03529172132249449
constant,prepared,0.08,0.0005,0.5465,0.2765729021968745,0.5076337249049393,9.13852327144582e-13,9.001099437541208e-13,-9.138245715689663e-13,0.22175108790578307,0.23370825439044124,0.03525678379171161
constant,prepared,0.08,0.0005,0.547,0.27642879405367193,0.5073859241860239,9.023892744153272e-13,8.892533586364134e-13,-9.015010959956271e-13,0.2218893023028099,0.23359277582537394,0.03522187954613217
constant,prepared,0.08,0.0005,0.5475,0.27628478351725005,0.5071382213447622,9.055534100355089e-13,8.928072978146604e-13,-9.042211424059587e-13,0.22202744469456853,0.23347734910645948,0.03518700856042094
constant,prepared,0.08,0.0005,0.548,0.2761408704271652,0.5068906164457266,9.032496972594117e-13,8.909710181578385e-13,-9.036660308936462e-13,0.2221655151297821,0.23336197423345065,0.0351521708092296
constant,prepared,0.08,0.0005,0.5485,0.27599705462354285,0.5066431095529358,8.976153154094391e-13,8.858457743565326e-13,-8.98670027282833e-13,0.2223035136570939,0.23324665120598465,0.0351173662671969
constant,prepared,0.08,0.0005,0.549,0.27585333594707145,0.5063957007299068,9.019174296298615e-13,8.905263495810251e-13,-9.000022949123831e-13,0.22244144032506744,0.233131380023593,0.03508259490894933
constant,prepared,0.08,0.0005,0.5495,0.2757097142390038,0.5061483900396326,9.05248098703737e-13,8.942516824285901e-13,-9.055534100355089e-13,0.22257929518218694,0.23301616068569264,0.035047856709100364
constant,prepared,0.08,0.0005,0.55,0.2755661893411534,0.5059011775445573,9.100220577096252e-13,8.994069376609192e-13,-9.11604125519716e-13,0.22271707827685752,0.23290099319159002,0.03501315164225121
constant,prepared,0.08,0.0005,0.5505,0.2754227610958908,0.505654063306648,8.950895580284168e-13,8.850809505755006e-13,-8.933964679158635e-13,0.22285478965740546,0.23278587754048422,0.03497847968299149
constant,prepared,0.08,0.0005,0.551,0.27527942934614225,0.5054070473873327,8.922584893156227e-13,8.827127499777701e-13,-8.925082894961633e-13,0.22299242937207853,0.23267081373146314,0.034943840805898074
constant,prepared,0.08,0.0005,0.5515,0.2751361939353885,0.5051601298475324,8.999190281855363e-13,8.907264993937155e-13,-8.982814492242142e-13,0.22312999746904622,0.23255580176350724,0.0349092349855366
constant,prepared,0.08,0.0005,0.552,0.27499305470766056,0.5049133107476478,9.024170299909429e-13,8.936356110852842e-13,-9.000578060636144e-13,0.22326749399640006,0.2324408416354859,0.03487466219646102
constant,prepared,0.08,0.0005,0.5525,0.2748500115075399,0.5046665901475771,8.944511797892574e-13,8.86180299281259e-13,-8.957279362675763e-13,0.22340491900215384,0.23232593334616608,0.0348401224132141
constant,prepared,0.08,0.0005,0.553,0.2747070641801514,0.5044199681067231,8.983092047998298e-13,8.904377915199518e-13,-9.022227409616335e-13,0.2235422725342439,0.2322110768942025,0.03480561561032728
constant,prepared,0.08,0.0005,0.5535,0.27456421257116703,0.504173444683962,8.911482662909975e-13,8.83771523159873e-13,-8.917311333789257e-13,0.2236795546405295,0.23209627227814533,0.034771141762320795
constant,prepared,0.08,0.0005,0.554,0.27442145652679734,0.5039270199376867,8.852363286848686e-13,8.78337828356133e-13,-8.845146837188622e-13,0.22381676536879289,0.23198151949643953,0.03473670084370487
constant,prepared,0.08,0.0005,0.5545,0.2742787958937953,0.5036806939257992,9.009737400589302e-13,8.943897899239843e-13,-9.008904733320833e-13,0.2239539047667398,0.2318668185474237,0.03470229282897784
constant,prepared,0.08,0.0005,0.555,0.2741362305194482,0.5034344667056563,8.909262216860725e-13,8.848482579224986e-13,-8.921197114375445e-13,0.22409097288199953,0.2317521694293297,0.03466791769262921
constant,prepared,0.08,0.0005,0.5555,0.2739937602515834,0.5031883383341826,8.971989817752046e-13,8.915140847109098e-13,-8.97171226199589e-13,0.2242279697621253,0.2316375721402881,0.0346335754091369
constant,prepared,0.08,0.0005,0.556,0.27385138493855365,0.5029423088677683,8.897327319346005e-13,8.845276249842591e-13,-8.88122908548894e-13,0.2243648954545946,0.2315230266783232,0.034599265952969534
constant,prepared,0.08,0.0005,0.5565,0.2737091044292479,0.5026963783623277,8.984202271022923e-13,8.936012529355608e-13,-8.973377596532828e-13,0.22450175000680922,0.23140853304135603,0.03456498929858538
constant,prepared,0.08,0.0005,0.557,0.2735669185730801,0.5024505468732949,8.965050923848139e-13,8.921326665508531e-13,-8.973377596532828e-13,0.22463853346609575,0.23129409122720535,0.03453074542043347
constant,prepared,0.08,0.0005,0.5575,0.27342482721999106,0.502204814455594,8.91564599925232e-13,8.876503910968328e-13,-8.913425553203069e-13,0.22477524587970574,0.23117970123358736,0.03449653429295316
constant,prepared,0.08,0.0005,0.558,0.2732828302204458,0.5019591811636924,9.029166303520242e-13,8.993924847215461e-13,-9.01057006785777e-13,0.22491188729481595,0.23106536305811434,0.03446235589057457
constant,prepared,0.08,0.0005,0.5585,0.2731409274254303,0.5017136470515575,8.887612867880534e-13,8.857256445088634e-13,-8.897882430858317e-13,0.22504845775852866,0.23095107669830045,0.03442821018771788
constant,prepared,0.08,0.0005,0.559,0.2729991186864492,0.5014682121726929,8.938683127013292e-13,8.912512209175755e-13,-8.930078898572447e-13,0.2251849573178719,0.23083684215155806,0.03439409715879541
constant,prepared,0.08,0.0005,0.5595,0.2728574038555242,0.5012228765801089,8.840428389333965e-13,8.818859635503121e-13,-8.850697952311748e-13,0.22532138601979965,0.2307226594151958,0.03436001677821037
constant,prepared,0.08,0.0005,0.56,0.2727157827851923,0.5009776403263657,8.923140004668539e-13,8.905726809331796e-13,-8.960054920237326e-13,0.22545774391119225,0.23060852848642352,0.03432596902035647
constant,prepared,0.08,0.0005,0.5605,0.27257425532850377,0.5007325034635137,8.955614028138825e-13,8.942513184370679e-13,-8.963940700823514e-13,0.2255940310388565,0.23049444936235577,0.03429195385962038
constant,prepared,0.08,0.0005,0.561,0.27243282133901714,0.500487466043162,8.929246231303978e-13,8.920549301554292e-13,-8.902323322956818e-13,0.22573024744952602,0.2303804220400031,0.034257971270379384
constant,prepared,0.08,0.0005,0.5615,0.2722914806708029,0.5002425281164495,8.894274206028285e-13,8.889962074505902e-13,-8.888445535149003e-13,0.22586639318986143,0.23026644651628023,0.034224021227003625
constant,prepared,0.08,0.0005,0.562,0.2721502331784323,0.49999768973404235,8.898715098126786e-13,8.898756215105966e-13,-8.902323322956818e-13,0.22600246830645065,0.23015252278800194,0.03419010370385389
constant,prepared,0.08,0.0005,0.5625,0.2720090787169873,0.4997529509461417,8.887612867880534e-13,8.892006391404429e-13,-8.893441538759816e-13,0.22613847284580915,0.23003865085188668,0.03415621867528451
constant,prepared,0.08,0.0005,0.5630000000000001,0.27186801714204517,0.4995083118024886,8.881784197001252e-13,8.890526931316928e-13,-8.887890423636691e-13,0.22627440685438016,0.2299248307045561,0.03412236611564191
constant,prepared,0.08,0.0005,0.5635,0.2717270483096885,0.499263772352378,8.933132011890166e-13,8.946305046120201e-13,-8.90065798841988e-13,0.226410270378535,0.22981106234253398,0.034088545999264454
constant,prepared,0.08,0.0005,0.5640000000000001,0.27158617207649355,0.49901933264462106,8.916756222276945e-13,8.934279334443228e-13,-8.912870441690757e-13,0.22654606346457326,0.2296973457622503,0.03405475830048432
constant,prepared,0.08,0.0005,0.5645,0.2714453882995329,0.49877499272759773,8.914258220471538e-13,8.936151922648645e-13,-8.938960682769448e-13,0.22668178615872303,0.229583680960036,0.0340210029936254
constant,prepared,0.08,0.0005,0.5650000000000001,0.2713046968363747,0.49853075264921526,8.92980134281629e-13,8.9561188505974e-13,-8.933964679158635e-13,0.22681743850714123,0.22947006793212857,0.033987280053005546
constant,prepared,0.08,0.0005,0.5655,0.2711640975450757,0.4982866124569528,8.935352457939416e-13,8.966077187858758e-13,-8.928413564035509e-13,0.22695302055591376,0.22935650667467253,0.03395358945293518
constant,prepared,0.08,0.0005,0.5660000000000001,0.2710235902841824,0.49804257219781817,8.920364447106977e-13,8.955423637515768e-13,-8.926748229498571e-13,0.22708853235105586,0.22924299718371535,0.0339199311677194
constant,prepared,0.08,0.0005,0.5665,0.2708831749127312,0.4977986319183815,8.861522626801843e-13,8.900710105051957e-13,-8.845701948700935e-13,0.22722397393851224,0.2291295394552116,0.033886305171654876
constant,prepared,0.08,0.0005,0.5670000000000001,0.27074285129024067,0.4975547916647819,8.938960682769448e-13,8.982890761490116e-13,-8.891776204222879e-13,0.22735934536415736,0.22901613348502442,0.0338527114390337
constant,prepared,0.08,0.0005,0.5675,0.27060261927671087,0.4973110514826933,8.829326159087714e-13,8.877066106570469e-13,-8.846257060213247e-13,0.2274946466737957,0.22890277926892103,0.033819149944140696
constant,prepared,0.08,0.0005,0.5680000000000001,0.27046247873262963,0.4970674114173526,8.865408407388031e-13,8.917712370341319e-13,-8.845146837188622e-13,0.22762987791316203,0.22878947680257722,0.033785620661255886
constant,prepared,0.08,0.0005,0.5685,0.27032242951895746,0.4968238715135772,8.884282198806659e-13,8.941078225300136e-13,-8.88344953153819e-13,0.2277650391279215,0.22867622608157995,0.03375212356465235
constant,prepared,0.08,0.0005,0.5690000000000001,0.2701824714971317,0.4965804318157267,8.852640842604842e-13,8.913602183464642e-13,-8.834599718454683e-13,0.22790013036367007,0.22856302710142062,0.03371865862859819
constant,prepared,0.08,0.0005,0.5695,0.27004260452907003,0.49633709236772916,8.827938380306932e-13,8.893087496429328e-13,-8.828493491819245e-13,0.2280351516659346,0.2284498798575007,0.03368522582735567
constant,prepared,0.08,0.0005,0.5700000000000001,0.26990282847715885,0.4960938532130938,8.767708781221017e-13,8.836744019732047e-13,-8.774092563612612e-13,0.2281701030801732,0.22833678434513197,0.03365182513518217
constant,prepared,0.08,0.0005,0.5705,0.2697631432042543,0.495850714394898,8.87595552612197e-13,8.950229644163798e-13,-8.889555758173628e-13,0.22830498465177532,0.22822374055953643,0.03361845652632965
constant,prepared,0.08,0.0005,0.5710000000000001,0.269623548573687,0.49560767595576377,8.831269049380808e-13,8.909536189428579e-13,-8.838485499040871e-13,0.22843979642606216,0.2281107484958444,0.03358511997504505
constant,prepared,0.08,0.0005,0.5715,0.26948404444924756,0.49536473793792424,8.809897256156773e-13,8.892333851640583e-13,-8.800737916203616e-13,0.2285745384482868,0.2279978081491001,0.03355181545557019
constant,prepared,0.08,0.0005,0.5720000000000001,0.26934463069519676,0.4951219003831588,8.809897256156773e-13,8.896695186913811e-13,-8.813505480986805e-13,0.2287092107636344,0.22788491951425577,0.033518542942142494
constant,prepared,0.08,0.0005,0.5725,0.26920530717625685,0.49487916333283866,8.752720770388578e-13,8.843290866637336e-13,-8.765765890927923e-13,0.22884381341722254,0.22777208258617715,0.03348530240899492
constant,prepared,0.08,0.0005,0.5730000000000001,0.26906607375761155,0.494636526827918,8.827105713038463e-13,8.922820327926875e-13,-8.830713937868495e-13,0.22897834645410134,0.22765929735964116,0.03345209383035556
constant,prepared,0.08,0.0005,0.5735,0.26892693030490217,0.49439399090890435,8.727185640822199e-13,8.82614453380618e-13,-8.712475185745916e-13,0.22911280991925378,0.2275465638293389,0.0334189171804487
constant,prepared,0.08,0.0005,0.5740000000000001,0.26878787668422693,0.4941515556159436,8.809064588888305e-13,8.913322733447885e-13,-8.825717934257682e-13,0.2292472038575959,0.2274338819898726,0.03338577243349459
constant,prepared,0.08,0.0005,0.5745,0.2686489127621437,0.4939092209887009,8.7735374521003e-13,8.881730770818327e-13,-8.728573419602981e-13,0.22938152831397696,0.22732125183575844,0.0333526595637091
constant,prepared,0.08,0.0005,0.5750000000000001,0.2685100384056579,0.4936669870664808,8.765488335171767e-13,8.877936508628194e-13,-8.762990333366361e-13,0.2295157833331798,0.22720867336142797,0.033319578545304436
constant,prepared,0.08,0.0005,0.5755,0.2683712534822292,0.49342485388815105,8.730516309896075e-13,8.846855038910721e-13,-8.745781876484671e-13,0.2296499689599209,0.22709614656122384,0.033286529352489
constant,prepared,0.08,0.0005,0.5760000000000001,0.2682325578597678,0.49318282149216996,8.676948048957911e-13,8.796887960024007e-13,-8.697487174913476e-13,0.2297840852388508,0.22698367142940792,0.03325351195946806
constant,prepared,0.08,0.0005,0.5765,0.2680939514066295,0.4929408899166131,8.739953205605389e-13,8.865112820196463e-13,-8.733014311701481e-13,0.22991813221455412,0.22687124796015354,0.033220526340443396
constant,prepared,0.08,0.0005,0.577,0.2679554339916168,0.49269905919911633,8.723022304479855e-13,8.852282282263162e-13,-8.732459200189169e-13,0.23005210993154993,0.22675887614754817,0.0331875724696132
constant,prepared,0.08,0.0005,0.5775,0.26781700548397397,0.49245732937694625,8.913703108959226e-13,9.050228900267072e-13,-8.916201110764632e-13,0.2301860184342919,0.22664655598560118,0.03315465032117289
constant,prepared,0.08,0.0005,0.578,0.2676786657533916,0.49221570048691954,8.853473509873311e-13,8.993489542396898e-13,-8.830158826356183e-13,0.2303198577671686,0.2265342874682343,0.033121759869315016
constant,prepared,0.08,0.0005,0.5785,0.2675404146699952,0.4919741725655162,8.762990333366361e-13,8.905945496754293e-13,-8.764655667903298e-13,0.23045362797450358,0.22642207058928573,0.03308890108822896
constant,prepared,0.08,0.0005,0.579,0.2674022521043518,0.491732745648769,8.829326159087714e-13,8.977769161407779e-13,-8.819056596109931e-13,0.23058732910055577,0.22630990534251363,0.03305607395210194
constant,prepared,0.08,0.0005,0.5795,0.26726417792746493,0.4914914197723358,8.713585408770541e-13,8.864432885521222e-13,-8.695821840376539e-13,0.23072096118951949,0.22619779172159016,0.033023278435118375
constant,prepared,0.08,0.0005,0.58,0.2671261920107713,0.4912501949714911,8.648637361829969e-13,8.802680844049605e-13,-8.6852747216426e-13,0.23085452428552486,0.2260857297201093,0.032990514511460164
constant,prepared,0.08,0.0005,0.5805,0.2669882942261408,0.4910090712810848,8.688050279204163e-13,8.847138258086158e-13,-8.675282714420973e-13,0.23098801843263794,0.2259737193315813,0.03295778215530701
constant,prepared,0.08,0.0005,0.581,0.2668504844458739,0.4907680487356094,8.72940608687145e-13,8.89361696360806e-13,-8.736344980775357e-13,0.23112144367486087,0.22586176054943594,0.03292508134083681
constant,prepared,0.08,0.0005,0.5815,0.2667127625427001,0.49052712736914617,8.667233597492441e-13,8.834611904106026e-13,-8.657519146026971e-13,0.23125480005613222,0.22574985336702352,0.032892412042225504
constant,prepared,0.08,0.0005,0.582,0.2665751283897787,0.49028630721540667,8.765210779415611e-13,8.938869646584675e-13,-8.762435221854048e-13,0.23138808762032712,0.22563799777760926,0.03285977423364652
constant,prepared,0.08,0.0005,0.5825,0.2664375818606885,0.49004558830769934,8.711364962721291e-13,8.888320975194338e-13,-8.715805854819791e-13,0.23152130641125745,0.22552619377438513,0.032827167889272174
constant,prepared,0.08,0.0005,0.583,0.26630012282943927,0.48980497067897216,8.798239914398209e-13,8.981370587352457e-13,-8.800737916203616e-13,0.2316544564726722,0.22541444135046076,0.032794592983273106
constant,prepared,0.08,0.0005,0.5835,0.2661627511704574,0.48956445436176,8.673339824127879e-13,8.858220553846723e-13,-8.675837825933286e-13,0.23178753784825742,0.22530274049886448,0.032762049489818916
constant,prepared,0.08,0.0005,0.584,0.26602546675859096,0.4893240393882586,8.75854944126786e-13,8.949641481143818e-13,-8.753553437657047e-13,0.23192055058163671,0.22519109121254935,0.0327295373830771
constant,prepared,0.08,0.0005,0.5845,0.2658882694691057,0.4890837257902628,8.780753901760363e-13,8.976738990409582e-13,-8.810729923425242e-13,0.23205349471637127,0.22507949348438863,0.03269705663721439
constant,prepared,0.08,0.0005,0.585,0.26575115917768544,0.4888435135991738,8.691658504034194e-13,8.890021307670633e-13,-8.666400930223972e-13,0.23218637029596012,0.22496794730717756,0.03266460722639677
constant,prepared,0.08,0.0005,0.5855,0.26561413576042825,0.4886034028460583,8.722189637211386e-13,8.925633332062217e-13,-8.712475185745916e-13,0.23231917736384033,0.22485645267363394,0.032632189124788956
constant,prepared,0.08,0.0005,0.586,0.2654771990938446,0.48836339356158764,8.63809024309603e-13,8.843916596708471e-13,-8.65085780787922e-13,0.23245191596338727,0.22474500957640003,0.03259980230655489
constant,prepared,0.08,0.0005,0.5865,0.265340349054857,0.4881234857760636,8.755218772193984e-13,8.968241671742428e-13,-8.774647675124925e-13,0.2325845861379147,0.22463361800803797,0.032567446745858195
constant,prepared,0.08,0.0005,0.587,0.2652035855207977,0.48788367951942035,8.813227925230649e-13,9.032099550761747e-13,-8.796297024105115e-13,0.23271718793067508,0.2245222779610384,0.03253512241686164
constant,prepared,0.08,0.0005,0.5875,0.2650669083694034,0.4876439748212196,8.647804694561501e-13,8.866924581324211e-13,-8.653633365440783e-13,0.2328497213848598,0.2244109894278118,0.03250282929372775
constant,prepared,0.08,0.0005,0.588,0.26493031747882495,0.487404371710674,8.691658504034194e-13,8.916270563516674e-13,-8.677503160470224e-13,0.2329821865435992,0.22429975240069547,0.0324705673506188
constant,prepared,0.08,0.0005,0.5885,0.26479381272760943,0.4871648702166205,8.672784712615567e-13,8.901282956580434e-13,-8.648637361829969e-13,0.233114583449963,0.22418856687195143,0.032438336561696854
constant,prepared,0.08,0.0005,0.589,0.26465739399470933,0.4869254703675379,8.725797862041418e-13,8.960095941836078e-13,-8.719136523893667e-13,0.23324691214696036,0.22407743283376402,0.03240613690112415
constant,prepared,0.08,0.0005,0.5895,0.2645210611594799,0.48668617219153154,8.731348977164544e-13,8.970204493215556e-13,-8.728018308090668e-13,0.2333791726775401,0.22396635027824752,0.03237396834306279
constant,prepared,0.08,0.0005,0.59,0.2643848141016737,0.48644697571637097,8.726075417797574e-13,8.969194848975272e-13,-8.719691635405979e-13,0.23351136508459094,0.22385531919743962,0.032341830861675566
constant,prepared,0.08,0.0005,0.5905,0.26424865270144104,0.48620788096944745,8.701650511255821e-13,8.948487726996379e-13,-8.70692407062279e-13,0.23364348941094165,0.22374433958330395,0.0323097244311249
constant,prepared,0.08,0.0005,0.591,0.26411257683933165,0.4859688879778116,8.776590565418019e-13,9.029992230501406e-13,-8.759104552780173e-13,0.23377554569936132,0.22363341142773502,0.0322776490255747
constant,prepared,0.08,0.0005,0.5915,0.26397658639628513,0.48572999676814943,8.621992009238966e-13,8.875292926727353e-13,-8.623657343775903e-13,0.23390753399255945,0.22352253472254943,0.032245604619188364
constant,prepared,0.08,0.0005,0.592,0.26384068125363486,0.48549120736680706,8.663902928418565e-13,8.922821666948261e-13,-8.665845818711659e-13,0.23403945433318626,0.2234117094594921,0.03221359118613098
constant,prepared,0.08,0.0005,0.5925,0.2637048612931053,0.48525251979976985,8.622269564995122e-13,8.884311995479462e-13,-8.613110225041964e-13,0.23417130676383283,0.2233009356302384,0.0321816087005677
constant,prepared,0.08,0.0005,0.593,0.26356912639681374,0.48501393409268057,8.535949724830516e-13,8.799695353898723e-13,-8.555378627761456e-13,0.23430309132703123,0.2231902132263898,0.03214965713666554
constant,prepared,0.08,0.0005,0.5935,0.2634334764472601,0.4847754502708334,8.648082250317657e-13,8.919678425834527e-13,-8.63586979704678e-13,0.23443480806525485,0.22307954223947704,0.032117736468591625
constant,prepared,0.08,0.0005,0.594,0.26329791132733416,0.48453706835916727,8.536782392098985e-13,8.809214969868416e-13,-8.552603070199893e-13,0.23456645702091852,0.2229689226609617,0.03208584667051537
constant,prepared,0.08,0.0005,0.5945,0.2631624309203073,0.4842987883822976,8.583411759133242e-13,8.861690308783128e-13,-8.589795541524836e-13,0.23469803823637866,0.22285835448222985,0.03205398771660646
constant,prepared,0.08,0.0005,0.595,0.263027035109837,0.4840606103644852,8.541223284197486e-13,8.822472952053079e-13,-8.56259507742152e-13,0.23482955175393358,0.2227478376946027,0.03202215958103671
constant,prepared,0.08,0.0005,0.5955,0.2628917237799562,0.48382253432965505,8.661682482369315e-13,8.951301218702515e-13,-8.664180484174722e-13,0.23496099761582356,0.22263737228932737,0.031990362237979304
constant,prepared,0.08,0.0005,0.596,0.2627564968150857,0.4835845603013731,8.554268404736831e-13,8.844645907841008e-13,-8.559819519859957e-13,0.2350923758642311,0.22252695825758406,0.031958595661608975
constant,prepared,0.08,0.0005,0.5965,0.26262135410001924,0.48334668830290073,8.566758413763864e-13,8.861919012867746e-13,-8.572031973130834e-13,0.23522368654128112,0.2224165955904814,0.03192685982610251
constant,prepared,0.08,0.0005,0.597,0.2624862955199264,0.4831089183571383,8.586742428207117e-13,8.88696327258829e-13,-8.575917753717022e-13,0.2353549296890411,0.22230628427906277,0.03189515470563833
constant,prepared,0.08,0.0005,0.5975,0.2623513209603535,0.4828712504866718,8.613110225041964e-13,8.918640544817466e-13,-8.629208458899029e-13,0.23548610534952127,0.22219602431429872,0.031863480274397206
constant,prepared,0.08,0.0005,0.598,0.26221643030722125,0.48263368471373713,8.665845818711659e-13,8.977663695234847e-13,-8.661404926613159e-13,0.23561721356467488,0.22208581568709568,0.03183183650656175
constant,prepared,0.08,0.0005,0.5985,0.2620816234468182,0.4823962210602419,8.582579091864773e-13,8.895777700117328e-13,-8.57980353430321e-13,0.2357482543763983,0.22197565838828878,0.031800223376316786
constant,prepared,0.08,0.0005,0.599,0.2619469002658097,0.48215885954777327,8.636147352802936e-13,8.95570742067793e-13,-8.628653347386717e-13,0.2358792278265312,0.2218655524086462,0.03176864085785004
constant,prepared,0.08,0.0005,0.5995,0.2618122606512212,0.48192160019758434,8.607003998406526e-13,8.92987987555448e-13,-8.598677325721837e-13,0.2360101339568568,0.22175549773887346,0.031737088925350716
constant,prepared,0.08,0.0005,0.6,0.26167770449045313,0.4816844430306099,8.633094239485217e-13,8.961358794526054e-13,-8.630873793435967e-13,0.236140972809102,0.2216454943696019,0.03170556755301196
constant,prepared,0.08,0.0005,0.6005,0.2615432316712675,0.4814473880674436,8.539557949660548e-13,8.868630468566079e-13,-8.530953721219703e-13,0.23627174442493765,0.22153554229140424,0.03167407671502819
constant,prepared,0.08,0.0005,0.601,0.2614088420817896,0.481210435328364,8.539280393904392e-13,8.872709075884711e-13,-8.537615059367454e-13,0.23640244884597855,0.22142564149478017,0.03164261638559776
constant,prepared,0.08,0.0005,0.6015,0.2612745356105089,0.48097358483334585,8.494316361407073e-13,8.830335624712941e-13,-8.535394613318203e-13,0.23653308611378382,0.22131579197016857,0.03161118653892097
constant,prepared,0.08,0.0005,0.602,0.2611403121462774,0.4807368366020011,8.475165014232289e-13,8.814765552531761e-13,-8.489875469308572e-13,0.23666365626985697,0.22120599370794086,0.031579787149202114
constant,prepared,0.08,0.0005,0.6025,0.2610061715783025,0.4805001906536781,8.613665336554277e-13,8.963227803123684e-13,-8.615330671091215e-13,0.23679415935564613,0.22109624669840225,0.03154841819064769
constant,prepared,0.08,0.0005,0.603,0.26087211379615144,0.48026364700735336,8.51624326614342e-13,8.866216836525913e-13,-8.519851490973451e-13,0.2369245954125442,0.22098655093179648,0.031517079637468165
constant,prepared,0.08,0.0005,0.6035,0.2607381386897502,0.48002720568172325,8.456568778569817e-13,8.808426562565917e-13,-8.464895451254506e-13,0.2370549644818891,0.2208769063982998,0.03148577146387677
constant,prepared,0.08,0.0005,0.604,0.26060424614937794,0.4797908666951681,8.578415755522428e-13,8.939744741915855e-13,-8.578138199766272e-13,0.23718526660496378,0.2207673130880254,0.03145449364409077
constant,prepared,0.08,0.0005,0.6045,0.2604704360656646,0.479554630065732,8.496259251700167e-13,8.858489438969724e-13,-8.510414595264137e-13,0.2373155018229966,0.22065777099102674,0.031423246152330386
constant,prepared,0.08,0.0005,0.605,0.2603367083295968,0.4793184958111799,8.572587084643146e-13,8.94247474231885e-13,-8.6014528832834e-13,0.2374456701771614,0.22054828009728453,0.0313920289628199
constant,prepared,0.08,0.0005,0.6055,0.26020306283250866,0.4790824639489284,8.411049634560186e-13,8.778290030930297e-13,-8.412159857584811e-13,0.23757577170857766,0.2204388403967267,0.03136084204978718
constant,prepared,0.08,0.0005,0.606,0.260069499466084,0.4788465344961245,8.525680161852733e-13,8.902309558130618e-13,-8.502643034091761e-13,0.23770580645831071,0.22032945187921094,0.03132968538746382
constant,prepared,0.08,0.0005,0.6065,0.2599360181223548,0.47861070746958606,8.521794381266545e-13,8.902636577348709e-13,-8.494316361407073e-13,0.2378357744673719,0.22022011453453672,0.031298558950085674
constant,prepared,0.08,0.0005,0.607,0.2598026186937005,0.478374982885828,8.504030812872543e-13,8.888456877033857e-13,-8.510414595264137e-13,0.23796567577671873,0.2201108283524402,0.03126746271189249
constant,prepared,0.08,0.0005,0.6075,0.25966930107284253,0.4781393607610738,8.510414595264137e-13,8.899512666882509e-13,-8.5131901528257e-13,0.23809551042725516,0.2200015933225962,0.03123639664712808
constant,prepared,0.08,0.0005,0.608,0.25953606515284383,0.4779038411112204,8.369693826892899e-13,8.756671433550718e-13,-8.393286066166183e-13,0.23822527845983157,0.2198924094346153,0.0312053607300408
constant,prepared,0.08,0.0005,0.6085,0.25940291082711575,0.47766842395189074,8.461564782180631e-13,8.857153160939688e-13,-8.453793221008254e-13,0.23835497991524512,0.2197832766780533,0.03117435493488312
constant,prepared,0.08,0.0005,0.609,0.25926983798940534,0.47743310929839267,8.512079929801075e-13,8.914421480217757e-13,-8.522627048535014e-13,0.23848461483423983,0.21967419504239816,0.03114337923591214
constant,prepared,0.08,0.0005,0.6095,0.2591368465337974,0.4771978971657304,8.44962988466591e-13,8.853381306627888e-13,-8.437139875638877e-13,0.23861418325750672,0.2195651645170813,0.0311124336073892
constant,prepared,0.08,0.0005,0.61,0.2590039363547192,0.47696278756863614,8.506251258921793e-13,8.917101585928376e-13,-8.536504836342829e-13,0.23874368522568407,0.21945618509147474,0.03108151802358071
constant,prepared,0.08,0.0005,0.6105,0.2588711073469289,0.47672778052150405,8.43769498715119e-13,8.849594393170799e-13,-8.425482533880313e-13,0.23887312077935752,0.2193472567548881,0.031050632458757773
constant,prepared,0.08,0.0005,0.611,0.25873835940552375,0.47649287603848567,8.492095915357822e-13,8.911041845948144e-13,-8.490985692333197e-13,0.2390024899590603,0.2192383794965704,0.031019776887195896
constant,prepared,0.08,0.0005,0.6115,0.25860569242593173,0.47625807413340776,8.512357485557231e-13,8.936706743542968e-13,-8.538725282392079e-13,0.23913179280527325,0.21912955330571557,0.030988951283176098
constant,prepared,0.08,0.0005,0.612,0.2584731063039137,0.4760233748197968,8.427147868417251e-13,8.851611406267568e-13,-8.416045638170999e-13,0.2392610293584252,0.21902077817145715,0.030958155620984036
constant,prepared,0.08,0.0005,0.6125,0.2583406009355583,0.47578877811092973,8.419376307244875e-13,8.84780883301377e-13,-8.422151864806438e-13,0.23939019965889297,0.2189120540828687,0.030927389874911036
constant,prepared,0.08,0.0005,0.613,0.25820817621728887,0.47555428401976035,8.492373471113979e-13,8.92892121517879e-13,-8.492095915357822e-13,0.23951930374700162,0.21880338102896704,0.030896654019252717
constant,prepared,0.08,0.0005,0.6135,0.25807583204585177,0.47531989255896173,8.521794381266545e-13,8.964272813599747e-13,-8.548717289613705e-13,0.23964834166302454,0.21869475899870977,0.0308659480283111
constant,prepared,0.08,0.0005,0.614,0.2579435683183223,0.4750856037409259,8.413547636365593e-13,8.854770140484225e-13,-8.404388296412435e-13,0.2397773134471837,0.2185861879809983,0.030835271876392924
constant,prepared,0.08,0.0005,0.6145,0.2578113849321011,0.4748514175777628,8.406331186705529e-13,8.851538476581938e-13,-8.40771896548631e-13,0.23990621913964974,0.21847766796467544,0.030804625537810576
constant,prepared,0.08,0.0005,0.615,0.2576792817849081,0.4746173340812994,8.353040481523522e-13,8.799763390105491e-13,-8.362199821476679e-13,0.24003505878054218,0.21836919893852783,0.030774008986882255
constant,prepared,0.08,0.0005,0.6155,0.25754725877479084,0.47438335326307757,8.494038805650916e-13,8.952715928179708e-13,-8.45934433613138e-13,0.24016383240992958,0.21826078089128206,0.03074342219793168
constant,prepared,0.08,0.0005,0.616,0.25741531580011756,0.47414947513436345,8.439082765931971e-13,8.899179698061473e-13,-8.453793221008254e-13,0.24029254006782963,0.21815241381161446,0.030712865145288402
constant,prepared,0.08,0.0005,0.6165,0.2572834527595724,0.47391569970612873,8.429090758710345e-13,8.893027561578629e-13,-8.419931418757187e-13,0.2404211817942094,0.21804409768814065,0.03068233780328776
constant,prepared,0.08,0.0005,0.617,0.25715166955216,0.4736820269890912,8.397726958264684e-13,8.864308206537292e-13,-8.417710972707937e-13,0.24054975762898548,0.21793583250942258,0.03065184014627103
constant,prepared,0.08,0.0005,0.6175,0.25701996607720184,0.47344845699367244,8.483769242673134e-13,8.959548940698012e-13,-8.479883462086946e-13,0.24067826761202407,0.217827618263963,0.030621372148585898
constant,prepared,0.08,0.0005,0.618,0.256888342234336,0.4732149897300339,8.338330026447238e-13,8.810297863976007e-13,-8.348322033668865e-13,0.24080671178314125,0.2177194549402153,0.030590933784586022
constant,prepared,0.08,0.0005,0.6185,0.25675679792351436,0.4729816252080505,8.460454559156005e-13,8.943745494792675e-13,-8.433809206565002e-13,0.24093509018210302,0.21761134252657277,0.03056052502863097
constant,prepared,0.08,0.0005,0.619,0.2566253330450017,0.47274836343733634,8.301692666634608e-13,8.780244744017738e-13,-8.338330026447238e-13,0.2410634028486255,0.21750328101137587,0.03053014585508693
constant,prepared,0.08,0.0005,0.6195,0.2564939474993722,0.47251520442722644,8.46905878759685e-13,8.961678595988551e-13,-8.444911436811253e-13,0.2411916498223752,0.21739527038291193,0.0304997962383265
constant,prepared,0.08,0.0005,0.62,0.25636264118751567,0.472282148186789,8.349987368205802e-13,8.840041276444749e-13,-8.341105584008801e-13,0.24131983114296895,0.21728731062941214,0.03046947615272883
constant,prepared,0.08,0.0005,0.6205,0.2562314140106261,0.47204919472482204,8.33000335376255e-13,8.823236483446519e-13,-8.327782907713299e-13,0.24144794684997425,0.21717940173905492,0.03043918557267949
constant,prepared,0.08,0.0005,0.621,0.2561002658702095,0.47181634404986567,8.438250098663502e-13,8.942303721640606e-13,-8.4204865302695e-13,0.24157599698290935,0.2170715436999646,0.03040892447257059
constant,prepared,0.08,0.0005,0.6215,0.2559691966680735,0.47158359617017814,8.36136715420821e-13,8.865201442655218e-13,-8.36664071357518e-13,0.2417039815812434,0.2169637365002122,0.03037869282680138
constant,prepared,0.08,0.0005,0.622,0.2558382063063362,0.4713509510937672,8.363587600257461e-13,8.871932453771849e-13,-8.356093594841241e-13,0.24183190068439656,0.21685598012781918,0.030348490609777554
constant,prepared,0.08,0.0005,0.6225,0.2557072946874163,0.4711184088283754,8.383294058944557e-13,8.897226155719022e-13,-8.404943407924748e-13,0.24195975433174027,0.2167482745707474,0.030318317795912427
constant,prepared,0.08,0.0005,0.623,0.25557646171403764,0.4708859693814657,8.320566458053236e-13,8.835012082623103e-13,-8.328893130737924e-13,0.2420875425625973,0.21664061981691354,0.030288174359625233
constant,prepared,0.08,0.0005,0.6235,0.2554457072892234,0.4706536327602664,8.371636717185993e-13,8.89362806792862e-13,-8.392175843141558e-13,0.24221526541624191,0.2165330158541777,0.03025806027534315
constant,prepared,0.08,0.0005,0.624,0.25531503131629746,0.4704213989717266,8.430756093247282e-13,8.960855215842803e-13,-8.413825192121749e-13,0.24234292293190007,0.21642546267034854,0.030227975517500054
constant,prepared,0.08,0.0005,0.6245,0.25518443369888305,0.47018926802254984,8.355816039085084e-13,8.885587791294421e-13,-8.356093594841241e-13,0.2424705151487495,0.21631796025318675,0.030197920060537554
constant,prepared,0.08,0.0005,0.625,0.25505391434090424,0.4699572399191721,8.331946244055644e-13,8.864579089664911e-13,-8.322786904102486e-13,0.24259804210591995,0.2162105085903974,0.030167893878904044
constant,prepared,0.08,0.0005,0.6255000000000001,0.2549234731465744,0.4697253146677942,8.311407118100078e-13,8.847093033479403e-13,-8.327782907713299e-13,0.24272550384249325,0.21610310766963553,0.03013789694705567
constant,prepared,0.08,0.0005,0.626,0.25479311002040905,0.4694934922743203,8.280875984922886e-13,8.818946504243717e-13,-8.257838857161914e-13,0.24285290039750346,0.21599575747850908,0.030107929239456037
constant,prepared,0.08,0.0005,0.6265000000000001,0.25466282486721437,0.4692617727444457,8.346934254888083e-13,8.893686572916626e-13,-8.352762925767365e-13,0.24298023180993705,0.21588845800456988,0.030077990730576064
constant,prepared,0.08,0.0005,0.627,0.25453261759209195,0.46903015608359055,8.181233468462779e-13,8.721436524219547e-13,-8.184009026024341e-13,0.2431074981187331,0.21578120923532357,0.03004808139489499
constant,prepared,0.08,0.0005,0.6275000000000001,0.2544024881004317,0.4687986422969381,8.30002733209767e-13,8.85244386739613e-13,-8.287814878826794e-13,0.24323469936278333,0.2156740111582251,0.03001820120689884
constant,prepared,0.08,0.0005,0.628,0.2542724362979164,0.4685672313894091,8.326117573176361e-13,8.884656262112184e-13,-8.335554468885675e-13,0.2433618355809323,0.21556686376067927,0.029988350141082358
constant,prepared,0.08,0.0005,0.6285000000000001,0.254142462090515,0.4683359233656728,8.385236949237651e-13,8.952160757784772e-13,-8.379963389870682e-13,0.24348890681197755,0.21545976703004158,0.02995852817194748
constant,prepared,0.08,0.0005,0.629,0.25401256538448913,0.4681047182301568,8.26866353165201e-13,8.832065998936575e-13,-8.28059842916673e-13,0.2436159130946698,0.21535272095361815,0.029928735274004484
constant,prepared,0.08,0.0005,0.6295000000000001,0.25388274608638356,0.4678736159870544,8.263945083797353e-13,8.831386085274266e-13,-8.253397965063414e-13,0.243742854467713,0.2152457255186664,0.02989897142177166
constant,prepared,0.08,0.0005,0.63,0.2537530041030291,0.4676426166403012,8.346101587619614e-13,8.923589607351564e-13,-8.336109580397988e-13,0.2438697309697645,0.21513878071239737,0.029869236589775132
constant,prepared,0.08,0.0005,0.6305000000000001,0.25362333934154285,0.46741172019358873,8.402722961875497e-13,8.988566823257848e-13,-8.382183835919932e-13,0.24399654263943527,0.21503188652197106,0.029839530752549585
constant,prepared,0.08,0.0005,0.631,0.2534937517093245,0.46718092665036237,8.289480213363731e-13,8.871809336043608e-13,-8.280043317654417e-13,0.24412328951528992,0.2149250429345004,0.029809853884637905
constant,prepared,0.08,0.0005,0.6315000000000001,0.25336424111405387,0.46695023601384106,8.322231792590173e-13,8.911262004733278e-13,-8.327227796200987e-13,0.24424997163584694,0.21481824993705065,0.02978020596059123
constant,prepared,0.08,0.0005,0.632,0.25323480746369365,0.46671964828699114,8.318901123516298e-13,8.912096538084357e-13,-8.302247778146921e-13,0.2443765890395788,0.21471150751663812,0.029750586954969117
constant,prepared,0.08,0.0005,0.6325000000000001,0.2531054506664863,0.46648916347255104,8.318346012003985e-13,8.915904873410883e-13,-8.331668688299487e-13,0.24450314176491203,0.21460481566023523,0.029720996842339628
constant,prepared,0.08,0.0005,0.633,0.25297617063095174,0.4662587815729969,8.325562461664049e-13,8.92804896196167e-13,-8.314460231417797e-13,0.24462962985022751,0.21449817435476334,0.029691435597279325
constant,prepared,0.08,0.0005,0.6335000000000001,0.25284696726588685,0.46602850259059797,8.23868750998713e-13,8.839252818424138e-13,-8.245626403891038e-13,0.24475605333386047,0.21439158358710067,0.029661903194373628
constant,prepared,0.08,0.0005,0.634,0.2527178404803681,0.46579832652737485,8.224809722179316e-13,8.828723992515981e-13,-8.212874824664596e-13,0.24488241225410065,0.2142850433440774,0.029632399608216325
constant,prepared,0.08,0.0005,0.6345000000000001,0.2525887901837425,0.4655682533851204,8.334721801617206e-13,8.951127725106314e-13,-8.345546476107302e-13,0.24500870664919253,0.21417855361247606,0.029602924813410324
constant,prepared,0.08,0.0005,0.635,0.25245981628563646,0.4653382831653624,8.304190668440015e-13,8.922746063299536e-13,-8.287259767314481e-13,0.24513493655733534,0.21407211437903578,0.029573478784567335
constant,prepared,0.08,0.0005,0.6355000000000001,0.25233091869594193,0.46510841586944074,8.192613254465186e-13,8.807208142152491e-13,-8.200107259881406e-13,0.2452611020166833,0.21396572563044808,0.029544061496307894
constant,prepared,0.08,0.0005,0.636,0.2522020973248296,0.46487865149844737,8.274214646775135e-13,8.899327405224379e-13,-8.255063299600351e-13,0.24538720306534573,0.21385938735336138,0.029514672923261473
constant,prepared,0.08,0.0005,0.6365000000000001,0.25207335208273784,0.4646489900532349,8.250899963258007e-13,8.87863757360731e-13,-8.258393968674227e-13,0.24551323974138708,0.21375309953437552,0.02948531304006681
constant,prepared,0.08,0.0005,0.637,0.25194468288037397,0.46441943153443044,8.276990204336698e-13,8.911115300432574e-13,-8.266720641358916e-13,0.24563921208282727,0.213646862160048,0.02945598182137145
constant,prepared,0.08,0.0005,0.6375000000000001,0.2518160896287129,0.46418997594244565,8.185951916317435e-13,8.817458735176548e-13,-8.189005029635155e-13,0.24576512012764162,0.21354067521688957,0.02942667924183283
constant,prepared,0.08,0.0005,0.638,0.2516875722390007,0.46396062327745363,8.159584119482588e-13,8.793401541100064e-13,-8.180678356950466e-13,0.2458909639137611,0.21343453869137075,0.029397405276116697
constant,prepared,0.08,0.0005,0.6385000000000001,0.25155913062274554,0.4637313735394066,8.291978215169138e-13,8.940497331325261e-13,-8.29558643999917e-13,0.24601674347907249,0.2133284525699121,0.029368159898899012
constant,prepared,0.08,0.0005,0.639,0.25143076469172243,0.46350222672802777,8.29558643999917e-13,8.948809694564209e-13,-8.28281887521598e-13,0.24614245886141833,0.2132224168388932,0.02933894308486451
constant,prepared,0.08,0.0005,0.6395000000000001,0.25130247435796954,0.4632731828428241,8.284206653996762e-13,8.940952078376572e-13,-8.292810882437607e-13,0.2462681100985973,0.2131164314846501,0.029309754808708073
constant,prepared,0.08,0.0005,0.64,0.2511742595337895,0.46304424188307425,8.289757769119888e-13,8.951366866587402e-13,-8.320011346540923e-13,0.2463936972283642,0.21301049649347553,0.02928059504513345
constant,prepared,0.08,0.0005,0.6405,0.251046120131745,0.46281540384783476,8.29558643999917e-13,8.962089821365552e-13,-8.297251774536107e-13,0.2465192202884301,0.2129046118516165,0.02925146376885435
constant,prepared,0.08,0.0005,0.641,0.25091805606465833,0.4625866687359509,8.22675261247241e-13,8.89212029709508e-13,-8.263945083797353e-13,0.24664467931646242,0.2127987775452819,0.02922236095459409
constant,prepared,0.08,0.0005,0.6415,0.2507900672456155,0.4623580365460427,8.262279749260415e-13,8.934936884600097e-13,-8.253953076575726e-13,0.24677007435008522,0.2126929935606307,0.02919328657708601
constant,prepared,0.08,0.0005,0.642,0.25066215358795674,0.4621295072765135,8.233413950620161e-13,8.908124044204771e-13,-8.231748616083223e-13,0.24689540542687918,0.2125872598837853,0.0291642406110727
constant,prepared,0.08,0.0005,0.6425,0.250534315005283,0.4619010809255442,8.180123245438153e-13,8.854843150658808e-13,-8.216205493738471e-13,0.24702067258438182,0.2124815765008243,0.029135223031307257
constant,prepared,0.08,0.0005,0.643,0.2504065514114485,0.46167275749111303,8.22897305852166e-13,8.912127610943916e-13,-8.245071292378725e-13,0.24714587586008754,0.21237594339778507,0.0291062338125521
constant,prepared,0.08,0.0005,0.6435,0.25027886272056693,0.4614445369709629,8.258671524430383e-13,8.948715243910973e-13,-8.244516180866412e-13,0.24727101529144782,0.21227036056065962,0.02907727292958036
constant,prepared,0.08,0.0005,0.644,0.2501512488470008,0.4612164193626552,8.159861675238744e-13,8.846022531577974e-13,-8.198997036856781e-13,0.2473960909158713,0.21216482797540112,0.029048340357174542
constant,prepared,0.08,0.0005,0.6445,0.2500237097053717,0.46098840466349783,8.163469900068776e-13,8.854311537424177e-13,-8.1556983388964e-13,0.247521102770724,0.21205934562792156,0.029019436070127407
constant,prepared,0.08,0.0005,0.645,0.2498962452105491,0.4607604928706154,8.146261443187086e-13,8.840017285799944e-13,-8.132938766891584e-13,0.24764605089332928,0.2119539135040909,0.0289905600432428
constant,prepared,0.08,0.0005,0.6455,0.24976885527765494,0.4605326839809335,8.187339695098217e-13,8.888988751371557e-13,-8.21481771495769e-13,0.2477709353209681,0.211848531589739,0.028961712251333337
constant,prepared,0.08,0.0005,0.646,0.2496415398220619,0.4603049779911229,8.169298570948058e-13,8.873789076313613e-13,-8.186229472073592e-13,0.24789575609087913,0.2117431998706537,0.028932892669223324
constant,prepared,0.08,0.0005,0.6465,0.24951429875939235,0.4600773748976786,8.189560141147467e-13,8.900198736094705e-13,-8.190947919928249e-13,0.24802051324025884,0.21163791833258486,0.02890410127174654
constant,prepared,0.08,0.0005,0.647,0.24938713200551313,0.4598498746968938,8.243683513597944e-13,8.96345086428947e-13,-8.222866831886222e-13,0.2481452068062616,0.21153268696123897,0.028875338033747578
constant,prepared,0.08,0.0005,0.6475,0.2492600394765415,0.4596224773848219,8.114897642741425e-13,8.827785891702606e-13,-8.122669203913802e-13,0.24826983682599987,0.21142750574228328,0.02884660293008169
constant,prepared,0.08,0.0005,0.648,0.2491330210888419,0.45939518295735815,8.26116952623579e-13,8.991354102852204e-13,-8.259781747455008e-13,0.2483944033365443,0.2113223746613494,0.0288178959356142
constant,prepared,0.08,0.0005,0.6485,0.24900607675902087,0.4591679914101486,8.182898802999716e-13,8.910571899689658e-13,-8.174572130315028e-13,0.24851890637492383,0.2112172937040234,0.0287892170252217
constant,prepared,0.08,0.0005,0.649,0.24887920640392724,0.45894090273865945,8.193445921733655e-13,8.926471657715852e-13,-8.173184351534246e-13,0.2486433459781258,0.2111122628558557,0.028760566173790716
constant,prepared,0.08,0.0005,0.6495,0.24875240994065817,0.45871391693815583,8.19455614475828e-13,8.932098898860919e-13,-8.204825707736063e-13,0.24876772218309612,0.21100728210235647,0.028731943356219508
constant,prepared,0.08,0.0005,0.65,0.2486256872865478,0.45848703400368424,8.116562977278363e-13,8.851464027667527e-13,-8.127387651768458e-13,0.2488920350267394,0.21090235142899807,0.028703348547415988
constant,prepared,0.08,0.0005,0.6505,0.24849903835917647,0.4582602539301111,8.100742299177455e-13,8.838582693673595e-13,-8.099076964640517e-13,0.24901628454591898,0.21079747082121117,0.028674781722299855
constant,prepared,0.08,0.0005,0.651,0.2483724630763575,0.4580335767120933,8.092970738005079e-13,8.834473223657286e-13,-8.107681193081362e-13,0.24914047077745716,0.2106926402643933,0.028646242855801245
constant,prepared,0.08,0.0005,0.6515,0.24824596135615057,0.4578070023440749,8.088529845906578e-13,8.833995334807396e-13,-8.104628079763643e-13,0.24926459375813523,0.21058785974389876,0.02861773192286134
constant,prepared,0.08,0.0005,0.652,0.24811953311684812,0.4575805308203382,8.107403637325206e-13,8.858991031352761e-13,-8.099909631908986e-13,0.24938865352469367,0.21048312924504695,0.028589248898432555
constant,prepared,0.08,0.0005,0.6525,0.24799317827698258,0.4573541621349426,8.134604101428522e-13,8.893112575436853e-13,-8.140987883820117e-13,0.24951265011383217,0.21037844875311718,0.028560793757478335
constant,prepared,0.08,0.0005,0.653,0.24786689675531953,0.45712789628175027,8.179568133925841e-13,8.946695443934421e-13,-8.20954415559072e-13,0.24963658356220983,0.21027381825335412,0.02853236647497294
constant,prepared,0.08,0.0005,0.6535,0.2477406884708658,0.45690173325443223,8.161249454019526e-13,8.931077363048138e-13,-8.16541279036187e-13,0.24976045390644527,0.21016923773096108,0.0285039670259023
constant,prepared,0.08,0.0005,0.654,0.24761455334285346,0.456675673046476,8.188727473878998e-13,8.965583188660772e-13,-8.18040080119431e-13,0.2498842611831167,0.21006470717110992,0.028475595385263442
constant,prepared,0.08,0.0005,0.6545,0.24748849129075434,0.4564497156511817,8.188449918122842e-13,8.969717405162216e-13,-8.198441925344468e-13,0.2500080054287621,0.2099602265589289,0.028447251528064373
constant,prepared,0.08,0.0005,0.655,0.2473625022342695,0.4562238610616261,8.101019854933611e-13,8.87833862533567e-13,-8.123779426938427e-13,0.25013168667987923,0.20985579587951525,0.028418935429325224
constant,prepared,0.08,0.0005,0.6555,0.24723658609333266,0.45599810927071915,8.102407633714392e-13,8.884255733719411e-13,-8.1093465276183e-13,0.2502553049729259,0.20975141511792647,0.028390647064076707
constant,prepared,0.08,0.0005,0.656,0.2471107427881085,0.45577246027118495,8.105183191275955e-13,8.891699145716437e-13,-8.108236304593675e-13,0.25037886034432,0.20964708425918419,0.028362386407361637
constant,prepared,0.08,0.0005,0.6565,0.24698497223898871,0.4555469140555468,8.107403637325206e-13,8.898538643518745e-13,-8.084921621076546e-13,0.2505023528304395,0.2095428032882749,0.028334153434234028
constant,prepared,0.08,0.0005,0.657,0.24685927436659366,0.45532147061614,8.090472736199672e-13,8.884352329404185e-13,-8.07492961385492e-13,0.2506257824676228,0.20943857219015058,0.02830594811975957
constant,prepared,0.08,0.0005,0.6575,0.24673364909177456,0.45509612994512255,8.074096946586451e-13,8.870759840951512e-13,-8.082701175027296e-13,0.2507491492921687,0.20933439094972267,0.028277770439015606
constant,prepared,0.08,0.0005,0.658,0.24660809633560607,0.45487089203445147,8.062162049071731e-13,8.862033370618455e-13,-8.035516696480727e-13,0.2508724533403365,0.2092302595518729,0.028249620367091326
constant,prepared,0.08,0.0005,0.6585,0.2464826160193884,0.45464575687591563,8.074096946586451e-13,8.879547234818808e-13,-8.058831379997855e-13,0.25099569464834615,0.20912617798144517,0.028221497879087176
constant,prepared,0.08,0.0005,0.659,0.24635720806464853,0.45442072446111476,8.152090114066368e-13,8.969760483224438e-13,-8.164580123093401e-13,0.25111887325237847,0.20902214622324602,0.02819340295011604
constant,prepared,0.08,0.0005,0.6595,0.24623187239313343,0.454195794781442,8.061051826047105e-13,8.873983333464053e-13,-8.032186027406851e-13,0.25124198918857504,0.20891816426205115,0.028165335555302463
constant,prepared,0.08,0.0005,0.66,0.24610660892681654,0.45397096782815083,8.059108935754011e-13,8.876238247461681e-13,-8.087142067125797e-13,0.2513650424930384,0.2088142320825999,0.02813729566978232
constant,prepared,0.08,0.0005,0.6605,0.24598141758789385,0.4537462435922714,8.086586955613484e-13,8.91091339025249e-13,-8.064382495120981e-13,0.2514880332018324,0.20871034966959714,0.028109283268704238
constant,prepared,0.08,0.0005,0.661,0.24585629829877845,0.4535216220646831,8.021638908672912e-13,8.843722678697047e-13,-8.019418462623662e-13,0.25161096135098177,0.20860651700771404,0.02808129832722829
constant,prepared,0.08,0.0005,0.6615,0.24573125098210696,0.45329710323607575,8.115175198497582e-13,8.951276260708816e-13,-8.122669203913802e-13,0.25173382697647284,0.20850273408158604,0.02805334082052716
constant,prepared,0.08,0.0005,0.662,0.2456062755607328,0.45307268709695603,8.049394484288541e-13,8.88311601374334e-13,-8.061329381803262e-13,0.2518566301142532,0.20839900087581806,0.02802541072378486
constant,prepared,0.08,0.0005,0.6625,0.2454813719577302,0.45284837363764735,8.071321389024888e-13,8.911726152599667e-13,-8.0674356084387e-13,0.251979370800232,0.2082953173749777,0.02799750801219823
constant,prepared,0.08,0.0005,0.663,0.24535654009638785,0.45262416284831525,8.093248293761235e-13,8.940362620970186e-13,-8.10185252220208e-13,0.2521020490702802,0.20819168356360185,0.027969632660975963
constant,prepared,0.08,0.0005,0.6635,0.2452317799002137,0.4524000547189276,8.054390487899354e-13,8.901845174285302e-13,-8.051614930337792e-13,0.2522246649602303,0.2080880994261925,0.027941784645339092
constant,prepared,0.08,0.0005,0.664,0.24510709129293137,0.45217604923929866,8.059386491510168e-13,8.9117794994465e-13,-8.058831379997855e-13,0.25234721850587677,0.2079845649472175,0.02791396394052102
constant,prepared,0.08,0.0005,0.6645,0.244982474198476,0.45195214639905107,8.062439604827887e-13,8.919572203670834e-13,-8.060219158778636e-13,0.252469709742976,0.2078810801111167,0.027886170521767464
constant,prepared,0.08,0.0005,0.665,0.2448579285409987,0.4517283461876412,8.06965605448795e-13,8.931978834829116e-13,-8.056055822436292e-13,0.2525921387072465,0.20777764490229347,0.027858404364336373
constant,prepared,0.08,0.0005,0.6655,0.24473345424486526,0.45150464859434825,7.97695243193175e-13,8.83374341411438e-13,-7.997491557887315e-13,0.25271450543436896,0.20767425930511846,0.027830665443498475
constant,prepared,0.08,0.0005,0.666,0.24460905123465107,0.45128105360828236,8.057166045460917e-13,8.926993478932363e-13,-8.063549827852512e-13,0.2528368099599863,0.20757092330393226,0.02780295373453652
constant,prepared,0.08,0.0005,0.6665,0.24448471943514508,0.45105756121838875,8.021638908672912e-13,8.892034629679935e-13,-8.022471575941381e-13,0.2529590523197039,0.2074676368830395,0.02777526921274608
constant,prepared,0.08,0.0005,0.667,0.24436045877134385,0.4508341714134324,8.066325385414075e-13,8.946000433061368e-13,-8.069933610244107e-13,0.25308123254908954,0.20736440002671802,0.027747611853435526
constant,prepared,0.08,0.0005,0.6675,0.244236269168455,0.45061088418201234,8.021361352916756e-13,8.900541059356214e-13,-8.01581023779363e-13,0.2532033506836738,0.20726121271920983,0.02771998163192542
constant,prepared,0.08,0.0005,0.668,0.2441121505518943,0.45038769951256635,8.017198016574412e-13,8.90032967734678e-13,-8.019696018379818e-13,0.2533254067589497,0.2071580749447303,0.02769237852354908
constant,prepared,0.08,0.0005,0.6685,0.2439881028472871,0.4501646173933508,8.027190023796038e-13,8.915838466236872e-13,-8.019973574135975e-13,0.25344740081037337,0.20705498668745728,0.027664802503653062
constant,prepared,0.08,0.0005,0.669,0.24386412598046256,0.44994163781246294,7.960021530806216e-13,8.845615588612114e-13,-7.955303082951559e-13,0.2535693328733636,0.20695194793153984,0.027637253547596077
constant,prepared,0.08,0.0005,0.6695,0.2437402198774604,0.4497187607578453,8.045786259458509e-13,8.945353142364936e-13,-8.052170041850104e-13,0.25369120298330233,0.20684895866109923,0.027609731630749652
constant,prepared,0.08,0.0005,0.67,0.24361638446452188,0.44949598621724773,7.999712003936565e-13,8.898535525590959e-13,-7.982781102811032e-13,0.2538130111755346,0.20674601886022326,0.02758223672849872
constant,prepared,0.08,0.0005,0.6705,0.24349261966809446,0.44927331417828287,7.936706847289088e-13,8.832826919397881e-13,-7.954192859926934e-13,0.25393475748536865,0.20664312851296746,0.027554768816240145
constant,prepared,0.08,0.0005,0.671,0.24336892541482716,0.4490507446283858,7.936429291532932e-13,8.83689581462976e-13,-7.936429291532932e-13,0.2540564419480761,0.20654028760336002,0.02752732786938511
constant,prepared,0.08,0.0005,0.6715,0.2432453016315771,0.4488282775548383,8.071598944781044e-13,8.991856516646938e-13,-8.084366509564234e-13,0.25417806459889186,0.2064374961153986,0.027499913863356616
constant,prepared,0.08,0.0005,0.672,0.24312174824539584,0.44860591294473867,7.925049505530524e-13,8.832974863730526e-13,-7.915890165577366e-13,0.25429962547301455,0.20633475403304843,0.027472526773591046
constant,prepared,0.08,0.0005,0.6725,0.24299826518354223,0.448383650785061,7.978617766468687e-13,8.897088188309358e-13,-7.963629755636248e-13,0.25442112460560634,0.20623206134024624,0.02744516657553812
constant,prepared,0.08,0.0005,0.673,0.2428748523734714,0.44816149106258235,7.984723993104126e-13,8.908311124819521e-13,-7.980838212517938e-13,0.2545425620317931,0.20612941802090146,0.027417833244660315
constant,prepared,0.08,0.0005,0.6735,0.24275150974284276,0.4479394337639445,7.979450433737156e-13,8.906840782782106e-13,-7.973621762857874e-13,0.2546639377866645,0.20602682405889,0.027390526756433373
constant,prepared,0.08,0.0005,0.674,0.2426282372195083,0.44771747887561636,7.848721672587544e-13,8.765261624687625e-13,-7.861489237370733e-13,0.2547852519052743,0.20592427943806232,0.02736324708634649
constant,prepared,0.08,0.0005,0.6745,0.24250503473152288,0.44749562638392437,7.868428131274641e-13,8.791625735931868e-13,-7.877032359715486e-13,0.25490650442264007,0.20582178414223692,0.027335994209901595
constant,prepared,0.08,0.0005,0.675,0.2423819022071361,0.44727387627502924,7.97695243193175e-13,8.917301965361821e-13,-7.992495554276502e-13,0.25502769537374365,0.2057193381552013,0.027308768102614303
constant,prepared,0.08,0.0005,0.6755,0.24225883957479558,0.4470522285349223,7.993328221544971e-13,8.940038446663745e-13,-7.988054662178001e-13,0.25514882479353107,0.20561694146072115,0.02728156874001356
constant,prepared,0.08,0.0005,0.676,0.2421358467631396,0.4468306831494609,7.951694858121527e-13,8.897883648082735e-13,-7.950584635096902e-13,0.25526989271691264,0.2055145940425282,0.02725439609764143
constant,prepared,0.08,0.0005,0.6765,0.24201292370100883,0.4466092401043378,7.943645741192995e-13,8.893284137303249e-13,-7.946421298754558e-13,0.2553908991787631,0.20541229588432555,0.027227250151053605
constant,prepared,0.08,0.0005,0.677,0.2418900703174328,0.44638789938510115,7.99638133486269e-13,8.956763104320855e-13,-8.023581798966006e-13,0.2555118442139218,0.20531004696979133,0.027200130875818837
constant,prepared,0.08,0.0005,0.6775,0.2417672865416343,0.446166660977129,7.916445277089679e-13,8.87162350918961e-13,-7.921996392212804e-13,0.25563272785719265,0.20520784728257396,0.027173038247520008
constant,prepared,0.08,0.0005,0.678,0.24164457230302988,0.44594552486566136,7.946143742998402e-13,8.909321094078761e-13,-7.94253551816837e-13,0.25575355014334417,0.20510569680629104,0.027145972241753025
constant,prepared,0.08,0.0005,0.6785,0.24152192753122706,0.44572449103577666,8.007483565108942e-13,8.982548329904332e-13,-8.012202012963598e-13,0.2558743111071098,0.2050035955245378,0.02711893283412761
constant,prepared,0.08,0.0005,0.679,0.24139935215602268,0.445503559472412,7.969180870759374e-13,8.944014813472821e-13,-7.939482404850651e-13,0.2559950107831878,0.20490154342088007,0.027091920000266424
constant,prepared,0.08,0.0005,0.6795,0.24127684610740813,0.44528273016034975,7.95447041568309e-13,8.931932317262247e-13,-7.933653733971369e-13,0.2561156492062415,0.20479954047885207,0.02706493371580708
constant,prepared,0.08,0.0005,0.68,0.2411544093155579,0.44506200308422983,7.802092305553288e-13,8.765174572844708e-13,-7.803480084334069e-13,0.2562362264108993,0.20469758668196872,0.0270379739563995
constant,prepared,0.08,0.0005,0.6805,0.24103204171083956,0.4448413782285292,7.811806757018758e-13,8.780440781071769e-13,-7.819023206678821e-13,0.25635674243175477,0.2045956820137097,0.027011040697708273
constant,prepared,0.08,0.0005,0.681,0.2409097432238072,0.4446208555775944,7.942813073924526e-13,8.932119326250617e-13,-7.925882172798993e-13,0.25647719730336666,0.20449382645753164,0.026984133915411428
constant,prepared,0.08,0.0005,0.6815,0.24078751378520014,0.444400435115611,7.931433287922118e-13,8.923746087075358e-13,-7.940870183631432e-13,0.25659759106025926,0.20439201999686576,0.02695725358520059
constant,prepared,0.08,0.0005,0.682,0.24066535332594544,0.4441801168266261,7.903122600794177e-13,8.896303888217399e-13,-7.912281940747334e-13,0.2567179237369222,0.20429026261511563,0.026930399682781363
constant,prepared,0.08,0.0005,0.6825,0.2405432617771563,0.44395990069452956,7.842615445952106e-13,8.832571853534761e-13,-7.843448113220575e-13,0.2568381953678108,0.20418855429565683,0.026903572183873313
constant,prepared,0.08,0.0005,0.683,0.24042123907012838,0.44373978670309966,7.930323064897493e-13,8.935780949248619e-13,-7.931988399434431e-13,0.2569584059873458,0.20408689502183933,0.02687677106420985
constant,prepared,0.08,0.0005,0.6835,0.2402992851363442,0.4435197748359243,7.945866187242245e-13,8.957736089867268e-13,-7.935874180020619e-13,0.257078555629914,0.2039852847769889,0.026849996299538284
constant,prepared,0.08,0.0005,0.684,0.24017739990746484,0.443299865076479,7.853162564686045e-13,8.857618943019805e-13,-7.86620768522539e-13,0.2571986443298677,0.20388372354440495,0.02682324786561989
constant,prepared,0.08,0.0005,0.6845,0.24005558331533966,0.44308005740809125,7.922273947968961e-13,8.940002845428457e-13,-7.92532706128668e-13,0.25731867212152537,0.2037822113073584,0.026796525738230083
constant,prepared,0.08,0.0005,0.685,0.23993383529199533,0.4428603518139484,7.882583474838611e-13,8.899626532996993e-13,-7.876754803959329e-13,0.25743863903917136,0.2036807480490974,0.02676982989315802
constant,prepared,0.08,0.0005,0.6855,0.2398121557696417,0.4426407482770838,7.839562332634387e-13,8.855445825019304e-13,-7.826239656338885e-13,0.25755854511705617,0.20357933375284334,0.026743160306207388
constant,prepared,0.08,0.0005,0.686,0.23969054468066636,0.4424212467804049,7.860934125858421e-13,8.883992555801913e-13,-7.853440120442201e-13,0.2576783903893965,0.20347796840179244,0.02671651695319565
constant,prepared,0.08,0.0005,0.6865,0.23956900195764072,0.4422018473066808,7.865652573713078e-13,8.89373554363626e-13,-7.883138586350924e-13,0.2577981748903753,0.2033766519791167,0.026689899809954558
constant,prepared,0.08,0.0005,0.687,0.23944752753330964,0.4419825498385222,7.873424134885454e-13,8.906940033893859e-13,-7.880640584545517e-13,0.257917898654142,0.2032753844679647,0.02666330885233
constant,prepared,0.08,0.0005,0.6875,0.23932612134060094,0.4417633543584204,7.887301922693268e-13,8.927066771010324e-13,-7.883138586350924e-13,0.2580375617148123,0.2031741658514542,0.02663674405618217
constant,prepared,0.08,0.0005,0.6880000000000001,0.2392047833126164,0.4415442608487289,7.810696533994133e-13,8.844749243228341e-13,-7.814304758824164e-13,0.2581571641064686,0.20307299611268573,0.026610205397385265
constant,prepared,0.08,0.0005,0.6885,0.23908351338263553,0.4413252692916526,7.842893001708262e-13,8.885615154429632e-13,-7.835398996292042e-13,0.2582767058631599,0.20297187523473176,0.026583692851828128
constant,prepared,0.08,0.0005,0.6890000000000001,0.2389623114841147,0.4411063796692767,7.873424134885454e-13,8.924631900338412e-13,-7.870093465811578e-13,0.258396187018902,0.2028708032006381,0.026557206395413865
constant,prepared,0.08,0.0005,0.6895,0.23884117755068446,0.4408875919635312,7.829292769656604e-13,8.879012374538844e-13,-7.840117444146699e-13,0.25851560760767733,0.2027697799934317,0.026530746004059406
constant,prepared,0.08,0.0005,0.6900000000000001,0.23872011151614742,0.4406689061562239,7.795986078917849e-13,8.845627601584348e-13,-7.78321851413466e-13,0.2586349676634354,0.20266880559611217,0.026504311653696717
constant,prepared,0.08,0.0005,0.6905,0.2385991133144858,0.44045032222903674,7.879252805764736e-13,8.944541992706763e-13,-7.868705687030797e-13,0.25875426722009265,0.20256787999165374,0.026477903320272084
constant,prepared,0.08,0.0005,0.6910000000000001,0.23847818287985045,0.440231840163497,7.799316747991725e-13,8.858192475455933e-13,-7.778500066280003e-13,0.25887350631153255,0.20246700316301108,0.02645152097974604
constant,prepared,0.08,0.0005,0.6915,0.23835732014656522,0.4400134599410156,7.831235659949698e-13,8.898859208752974e-13,-7.83928477687823e-13,0.2589926849716058,0.2023661750931147,0.026425164608093705
constant,prepared,0.08,0.0005,0.6920000000000001,0.23823652504912599,0.4397951815428626,7.832900994486636e-13,8.905169182391625e-13,-7.843448113220575e-13,0.2591118032341304,0.20226539576486646,0.026398834181304457
constant,prepared,0.08,0.0005,0.6925,0.23811579752220138,0.43957700495018587,7.892853037816394e-13,8.977781991466716e-13,-7.85427278771067e-13,0.2592308611328915,0.20216466516115214,0.02637252967538269
constant,prepared,0.08,0.0005,0.6930000000000001,0.23799513750062645,0.4393589301440077,7.845946115025981e-13,8.928856996769507e-13,-7.87148124459236e-13,0.25934985870164184,0.20206398326482994,0.026346251066347057
constant,prepared,0.08,0.0005,0.6935,0.23787454491940876,0.43914095710518675,7.732425810758059e-13,8.804036250368598e-13,-7.749634267639749e-13,0.25946879597410155,0.20196335005873717,0.026319998330230902
constant,prepared,0.08,0.0005,0.6940000000000001,0.2377540197137267,0.4389230858144969,7.796541190430162e-13,8.88144351755322e-13,-7.811806757018758e-13,0.2595876729839584,0.2018627655256858,0.026293771443082436
constant,prepared,0.08,0.0005,0.6945,0.2376335618189218,0.4387053162525529,7.748524044615124e-13,8.831126222491031e-13,-7.732980922270372e-13,0.2597064897648679,0.20176222964846835,0.026267570380963945
constant,prepared,0.08,0.0005,0.6950000000000001,0.23751317117050638,0.43848764839985643,7.753242492469781e-13,8.840890411344896e-13,-7.771283616619939e-13,0.2598252463504531,0.20166174240985418,0.02624139511995303
constant,prepared,0.08,0.0005,0.6955,0.23739284770416008,0.4382700822367824,7.830125436925073e-13,8.932991041683434e-13,-7.79293296560013e-13,0.2599439427743052,0.20156130379258735,0.026215245636141853
constant,prepared,0.08,0.0005,0.6960000000000001,0.23727259135572523,0.43805261774356796,7.688572001285365e-13,8.775854417767044e-13,-7.686073999479959e-13,0.2600625790699831,0.20146091377939251,0.026189121905637137
constant,prepared,0.08,0.0005,0.6965,0.2371524020612142,0.43783525490033665,7.747691377346655e-13,8.847724447296264e-13,-7.757405828812125e-13,0.2601811552710137,0.20136057235297242,0.02616302390456045
constant,prepared,0.08,0.0005,0.6970000000000001,0.2370322797568022,0.43761799368707316,7.806810753407945e-13,8.919663800414233e-13,-7.786826738964692e-13,0.2602996714108921,0.20126027949600744,0.026136951609048435
constant,prepared,0.08,0.0005,0.6975,0.23691222437882875,0.43740083408365843,7.823741654533478e-13,8.943446199544846e-13,-7.854550343466826e-13,0.2604181275230815,0.2011600351911543,0.0261109049952521
constant,prepared,0.08,0.0005,0.6980000000000001,0.23679223586379677,0.437183776069814,7.789324740770098e-13,8.908524477723619e-13,-7.787104294720848e-13,0.26053652364101343,0.20105983942105113,0.026084884039338355
constant,prepared,0.08,0.0005,0.6985,0.23667231414837125,0.4369668196251942,7.786826738964692e-13,8.910089266774147e-13,-7.791822742575505e-13,0.2606548597980876,0.2009596921683126,0.02605888871748753
constant,prepared,0.08,0.0005,0.6990000000000001,0.2365524591693817,0.43674996472927186,7.80486786311485e-13,8.935167136127737e-13,-7.820410985459603e-13,0.2607731360276723,0.20085959341553195,0.02603291900589603
constant,prepared,0.08,0.0005,0.6995,0.23643267086381795,0.4365332113614327,7.714107130851744e-13,8.835647472029275e-13,-7.72409913807337e-13,0.26089135236310423,0.2007595431452829,0.02600697488077483
constant,prepared,0.08,0.0005,0.7000000000000001,0.23631294916883158,0.43631655950093273,7.769895837839158e-13,8.903966247258179e-13,-7.753242492469781e-13,0.26100950883768864,0.20065954134011643,0.025981056318349963
constant,prepared,0.08,0.0005,0.7005,0.23619329402173192,0.436100009126908,7.777112287499222e-13,8.91666145921714e-13,-7.762124276666782e-13,0.2611276054846995,0.20055958798256307,0.025955163294862433
constant,prepared,0.08,0.0005,0.7010000000000001,0.23607370535998826,0.43588356021836505,7.661371537182049e-13,8.788323575838912e-13,-7.660816425669736e-13,0.26124564233737946,0.20045968305513412,0.025929295786568277
constant,prepared,0.08,0.0005,0.7015,0.23595418312123573,0.435667212754219,7.828182546631979e-13,8.984130911684194e-13,-7.821243652728072e-13,0.2613636194289401,0.2003598265403172,0.025903453769738544
constant,prepared,0.08,0.0005,0.7020000000000001,0.23583472724325927,0.43545096671321826,7.695788450945429e-13,8.836572931536243e-13,-7.678579994063739e-13,0.26148153679256175,0.2002600184205816,0.02587763722065964
constant,prepared,0.08,0.0005,0.7025,0.23571533766400676,0.4352348220740465,7.725486916854152e-13,8.875079066551525e-13,-7.747691377346655e-13,0.26159939446139374,0.20016025867837595,0.025851846115633008
constant,prepared,0.08,0.0005,0.7030000000000001,0.23559601432157792,0.435018778815233,7.805978086139476e-13,8.97200128623405e-13,-7.77572450871844e-13,0.2617171924685545,0.20006054729612927,0.02582608043097486
constant,prepared,0.08,0.0005,0.7035,0.23547675715423513,0.43480283691519955,7.687184222504584e-13,8.839850582664247e-13,-7.684686220699177e-13,0.2618349308471316,0.19996088425624806,0.02580034014301719
constant,prepared,0.08,0.0005,0.704,0.23535756610039424,0.4345869963522637,7.639167076689546e-13,8.78899638139511e-13,-7.638334409421077e-13,0.2619526096301818,0.19986126954112168,0.025774625228106886
constant,prepared,0.08,0.0005,0.7045,0.23523844109862405,0.4343712571046136,7.759903830617532e-13,8.932340369774642e-13,-7.753797603982093e-13,0.2620702288507311,0.19976170313311922,0.02574893566260578
constant,prepared,0.08,0.0005,0.705,0.23511938208765124,0.43415561915032563,7.711331573290181e-13,8.880838152429045e-13,-7.72409913807337e-13,0.26218778854177494,0.19966218501458663,0.025723271422891526
constant,prepared,0.08,0.0005,0.7055,0.2350003890063549,0.4339400824673599,7.73381358953884e-13,8.911153753713994e-13,-7.742140262223529e-13,0.2623052887362781,0.19956271516785556,0.025697632485356947
constant,prepared,0.08,0.0005,0.706,0.23488146179376831,0.4337246470335618,7.65609797781508e-13,8.825989058002381e-13,-7.654432643278142e-13,0.262422729467175,0.19946329357523565,0.025672018826409904
constant,prepared,0.08,0.0005,0.7065,0.23476260038907604,0.433509312826679,7.642220190007265e-13,8.814366801222514e-13,-7.6216810640517e-13,0.26254011076736955,0.19936392021901655,0.025646430422473547
constant,prepared,0.08,0.0005,0.707,0.23464380473161847,0.4332940798243306,7.638056853664921e-13,8.81394093447442e-13,-7.63583640761567e-13,0.26265743266973535,0.19926459508146976,0.025620867249986773
constant,prepared,0.08,0.0005,0.7075,0.23452507476088033,0.4330789480040209,7.677469771039114e-13,8.863822412075578e-13,-7.653877531765829e-13,0.26277469520711577,0.19916531814484734,0.025595329285403687
constant,prepared,0.08,0.0005,0.708,0.23440641041650767,0.43286391734315954,7.741585150711217e-13,8.942285139196568e-13,-7.738254481637341e-13,0.262891898412324,0.19906608939138395,0.025569816505193542
constant,prepared,0.08,0.0005,0.7085,0.23428781163828558,0.43264898781902883,7.674416657721395e-13,8.869102752789396e-13,-7.668310431085956e-13,0.26300904231814315,0.1989669088032924,0.025544328885841447
constant,prepared,0.08,0.0005,0.709,0.2341692783661578,0.43243415940880675,7.684963776455334e-13,8.885703880279533e-13,-7.70467023514243e-13,0.26312612695732623,0.19886777636277025,0.025518866403847613
constant,prepared,0.08,0.0005,0.7095,0.23405081054021235,0.4322194320895588,7.702172233337023e-13,8.910025396236948e-13,-7.703837567873961e-13,0.2632431523625963,0.19876869205199676,0.025493429035728137
constant,prepared,0.08,0.0005,0.71,0.23393240810068866,0.43200480583824935,7.7143846866079e-13,8.928586652678838e-13,-7.694400672164647e-13,0.26336011856664665,0.19866965585312724,0.02546801675801406
constant,prepared,0.08,0.0005,0.7105,0.23381407098797172,0.43179028063173264,7.69273533762771e-13,8.907953331378797e-13,-7.698008896994679e-13,0.26347702560214065,0.19857066774830442,0.02544262954725241
constant,prepared,0.08,0.0005,0.711,0.23369579914259486,0.4315758564467437,7.739364704661966e-13,8.966401374227548e-13,-7.73159314348959e-13,0.26359387350171193,0.19847172771965219,0.025417267380005586
constant,prepared,0.08,0.0005,0.7115,0.23357759250524,0.4313615332599235,7.594480599948383e-13,8.802918218678446e-13,-7.601697049608447e-13,0.2637106622979645,0.19837283574927517,0.025391930232851488
constant,prepared,0.08,0.0005,0.712,0.23345945101673216,0.4311473110477984,7.613631947123167e-13,8.82950183385508e-13,-7.583933481214444e-13,0.2638273920234729,0.19827399181925826,0.02536661808238392
constant,prepared,0.08,0.0005,0.7125,0.2333413746180439,0.4309331897868008,7.663869538987456e-13,8.892178324408305e-13,-7.672196211672144e-13,0.2639440627107819,0.19817519591167435,0.025341330905211602
constant,prepared,0.08,0.0005,0.713,0.23322336325029344,0.43071916945322813,7.716050021144838e-13,8.95717043535929e-13,-7.696898673970054e-13,0.26406067439240705,0.19807644800857266,0.025316068677959963
constant,prepared,0.08,0.0005,0.7135,0.23310541685473996,0.4305052500233124,7.632783294297951e-13,8.864913138548089e-13,-7.638611965177233e-13,0.2641772271008344,0.19797774809198695,0.02529083137726912
constant,prepared,0.08,0.0005,0.714,0.23298753537279,0.43029143147314736,7.668587986842113e-13,8.910923418322639e-13,-7.654710199034298e-13,0.2642937208685208,0.1978790961439381,0.02526561897979533
constant,prepared,0.08,0.0005,0.7145,0.2328697187459944,0.4300777137787423,7.644440636056515e-13,8.887278265228223e-13,-7.654710199034298e-13,0.26441015572789384,0.1977804921464202,0.025240431462210538
constant,prepared,0.08,0.0005,0.715,0.23275196691604055,0.4298640969159953,7.57754969882285e-13,8.813889963339957e-13,-7.586709038776007e-13,0.2645265317113519,0.19768193608142037,0.02521526880120227
constant,prepared,0.08,0.0005,0.7155,0.2326342798247666,0.4296505808607056,7.645550859081141e-13,8.897405472789359e-13,-7.620015729514762e-13,0.26464284885126427,0.1975834279309026,0.025190130973473716
constant,prepared,0.08,0.0005,0.716,0.23251665741414557,0.42943716558856987,7.591149930874508e-13,8.838487372726187e-13,-7.595313267216852e-13,0.26475910717997136,0.19748496767681406,0.025165017955744367
constant,prepared,0.08,0.0005,0.7165,0.23239909962629376,0.42922385107517785,7.587819261800632e-13,8.839000026194875e-13,-7.602529716876916e-13,0.2648753067297845,0.19738655530108978,0.02513992972474907
constant,prepared,0.08,0.0005,0.717,0.23228160640346937,0.42901063729602096,7.583655925458288e-13,8.838540663292224e-13,-7.602252161120759e-13,0.2649914475329862,0.1972881907856429,0.025114866257238074
constant,prepared,0.08,0.0005,0.7175,0.23216417768806977,0.4287975242264862,7.577272143066693e-13,8.83548961334227e-13,-7.589762152093726e-13,0.26510752962183026,0.1971898741123737,0.025089827529978386
constant,prepared,0.08,0.0005,0.718,0.23204681342262948,0.4285845118418786,7.6261219561502e-13,8.896870681781644e-13,-7.628342402199451e-13,0.26522355302854156,0.19709160526316252,0.025064813519752274
constant,prepared,0.08,0.0005,0.7185,0.2319295135498239,0.4283716001173761,7.633060850054108e-13,8.909391808368959e-13,-7.640832411226484e-13,0.26533951778531645,0.19699338421987855,0.025039824203357923
constant,prepared,0.08,0.0005,0.719,0.23181227801246868,0.4281587890280743,7.581435479409038e-13,8.853532467022663e-13,-7.567557691601223e-13,0.2654554239243227,0.1968952109643708,0.02501485955760934
constant,prepared,0.08,0.0005,0.7195,0.23169510675351185,0.4279460785489687,7.571998583699724e-13,8.846907312911131e-13,-7.560618797697316e-13,0.26557127147769943,0.19679708547847172,0.024989919559336913
constant,prepared,0.08,0.0005,0.72,0.23157799971604287,0.42773346865496,7.605860385950791e-13,8.890887600941339e-13,-7.590872375118352e-13,0.26568706047755747,0.19669900774400356,0.0249650041853863
constant,prepared,0.08,0.0005,0.7205,0.23146095684328657,0.4275209593208423,7.536471446911719e-13,8.814154350324108e-13,-7.548961455938752e-13,0.2658027909559791,0.1966009777427631,0.02494011341261961
constant,prepared,0.08,0.0005,0.721,0.2313439780786069,0.42730855052131694,7.578382366091319e-13,8.867576317907707e-13,-7.585598815751382e-13,0.26591846294501836,0.1965029954565423,0.024915247217914684
constant,prepared,0.08,0.0005,0.7215,0.2312270633654964,0.42709624223098897,7.576161920042068e-13,8.869384896083784e-13,-7.563671911015035e-13,0.26603407647670113,0.19640506086710965,0.024890405578165558
constant,prepared,0.08,0.0005,0.722,0.2311102126475898,0.4268840344243754,7.570333249162786e-13,8.866966949659012e-13,-7.588929484825258e-13,0.2661496315830249,0.19630717395622047,0.02486558847028172
constant,prepared,0.08,0.0005,0.7225,0.23099342586865101,0.42667192707587326,7.569223026138161e-13,8.870073873861222e-13,-7.561173909209629e-13,0.2662651282959592,0.19620933470561583,0.024840795871189314
constant,prepared,0.08,0.0005,0.723,0.23087670297258342,0.42645992015982054,7.649436639667329e-13,8.968529371756386e-13,-7.640277299714171e-13,0.2663805666474455,0.1961115430970216,0.02481602775783021
constant,prepared,0.08,0.0005,0.7235,0.230760043903417,0.4262480136504349,7.662481760206674e-13,8.988290285012064e-13,-7.673583990452926e-13,0.26649594666939724,0.1960137991121477,0.02479128410716237
constant,prepared,0.08,0.0005,0.724,0.23064344860531988,0.426036207521839,7.562284132234254e-13,8.875166005508924e-13,-7.568112803113536e-13,0.2666112683936999,0.1959161027326898,0.02476656489616023
constant,prepared,0.08,0.0005,0.7245,0.23052691702259134,0.42582450174807834,7.490119635633619e-13,8.794843421267306e-13,-7.515654765199997e-13,0.26672653185221123,0.19581845394032607,0.024741870101813328
constant,prepared,0.08,0.0005,0.725,0.23041044909966293,0.42561289630310806,7.579492589115944e-13,8.904209264974105e-13,-7.569778137650474e-13,0.26684173707676107,0.19572085271672418,0.0247171997011283
constant,prepared,0.08,0.0005,0.7255,0.23029404478109444,0.42540139116076664,7.565614801308129e-13,8.892324941225007e-13,-7.557843240135753e-13,0.26695688409915164,0.19562329904353323,0.024692553671127476
constant,prepared,0.08,0.0005,0.726,0.23017770401157997,0.4251899862948222,7.475409180557335e-13,8.790669373111007e-13,-7.495948306512901e-13,0.2670719729511574,0.19552579290239192,0.02466793198884942
constant,prepared,0.08,0.0005,0.7265,0.23006142673594346,0.4249786816789398,7.619183062246293e-13,8.964194429869725e-13,-7.613076835610855e-13,0.2671870036645254,0.1954283342749204,0.02464333463134872
constant,prepared,0.08,0.0005,0.727,0.22994521289913744,0.4247674772867024,7.502887200416808e-13,8.831758081311401e-13,-7.493450304707494e-13,0.26730197627097496,0.19533092314272613,0.02461876157569646
constant,prepared,0.08,0.0005,0.7275,0.22982906244624396,0.42455637309159727,7.538969448717125e-13,8.878643598978448e-13,-7.538414337204813e-13,0.2674168908021981,0.1952335594874029,0.024594212798979605
constant,prepared,0.08,0.0005,0.728,0.22971297532247711,0.42434536906702963,7.509270982808403e-13,8.848065196648339e-13,-7.525369216665467e-13,0.26753174728985935,0.19513624329052984,0.024569688278301378
constant,prepared,0.08,0.0005,0.7285,0.22959695147317116,0.4241344651862994,7.573663918236662e-13,8.928375951366269e-13,-7.54091233901022e-13,0.26764654576559593,0.19503897453367353,0.024545187990781377
constant,prepared,0.08,0.0005,0.729,0.22948099084379625,0.4239236614226388,7.588374373312945e-13,8.950166107549229e-13,-7.567280135845067e-13,0.2677612862610178,0.19494175319838317,0.024520711913555284
constant,prepared,0.08,0.0005,0.7295,0.2293650933799468,0.4237129577491704,7.550349234719533e-13,8.909745497071229e-13,-7.557843240135753e-13,0.26787596880770775,0.1948445792661989,0.024496260023775262
constant,prepared,0.08,0.0005,0.73,0.22924925902734358,0.4235023541389487,7.457368056407176e-13,8.80439976722525e-13,-7.478462293875054e-13,0.2679905934372214,0.1947474527186411,0.02447183229860936
constant,prepared,0.08,0.0005,0.7305,0.22913348773183403,0.4232918505649181,7.408795799079826e-13,8.751403776361026e-13,-7.42572670020536e-13,0.2681051601810873,0.19465037353722608,0.024447428715242567
constant,prepared,0.08,0.0005,0.731,0.22901777943939375,0.42308144699997485,7.48928696836515e-13,8.850880866396117e-13,-7.513989430663059e-13,0.268219669070807,0.19455334170344482,0.02442304925087538
constant,prepared,0.08,0.0005,0.7315,0.22890213409611804,0.42287114341687737,7.663869538987456e-13,9.061707872822702e-13,-7.65304486449736e-13,0.26833412013785507,0.1944563571987843,0.024398693882725295
constant,prepared,0.08,0.0005,0.732,0.22878655164822984,0.4226609397883319,7.501499421636026e-13,8.874133750549685e-13,-7.505385202222215e-13,0.2684485134136792,0.19435942000471357,0.024374362588025604
constant,prepared,0.08,0.0005,0.7325,0.22867103204207964,0.4224508360869662,7.544243008084095e-13,8.929137267140232e-13,-7.561173909209629e-13,0.2685628489297002,0.19426253010269054,0.024350055344026476
constant,prepared,0.08,0.0005,0.733,0.22855557522413816,0.4222408322852881,7.419065362057609e-13,8.785348070077672e-13,-7.415179581471421e-13,0.2686771267173123,0.19416568747416016,0.024325772127994024
constant,prepared,0.08,0.0005,0.7335,0.22844018114099765,0.4220309283557516,7.487066522315899e-13,8.870281796027546e-13,-7.471245844214991e-13,0.2687913468078828,0.1940688921005516,0.024301512917210905
constant,prepared,0.08,0.0005,0.734,0.2283248497393781,0.42182112427072255,7.44737604918555e-13,8.827647100479598e-13,-7.467082507872647e-13,0.26890550923275247,0.19397214396328602,0.024277277688976064
constant,prepared,0.08,0.0005,0.7345,0.22820958096611918,0.4216114200024723,7.475131624801179e-13,8.864953924576709e-13,-7.497058529537526e-13,0.26901961402323554,0.1938754430437677,0.024253066420605467
constant,prepared,0.08,0.0005,0.735,0.22809437476818353,0.42140181552319694,7.571165916431255e-13,8.983309560525237e-13,-7.59697860175379e-13,0.26913366121061966,0.19377878932338954,0.02422887908943027
constant,prepared,0.08,0.0005,0.7355,0.22797923109265256,0.42119231080499353,7.509826094320715e-13,8.914961054204727e-13,-7.502332088904495e-13,0.269247650826166,0.19368218278353255,0.02420471567279925
constant,prepared,0.08,0.0005,0.736,0.2278641498867307,0.4209829058199125,7.416012248739889e-13,8.807973134075151e-13,-7.437939153476236e-13,0.26936158290110934,0.19358562340556676,0.02418057614807705
constant,prepared,0.08,0.0005,0.7365,0.22774913109774164,0.42077360053988877,7.410461133616764e-13,8.805758160804264e-13,-7.404632462737482e-13,0.2694754574666582,0.19348911117084405,0.024156460492644933
constant,prepared,0.08,0.0005,0.737,0.22763417467313418,0.4205643949367949,7.463196727286459e-13,8.872834715836385e-13,-7.466527396360334e-13,0.26958927455399473,0.19339264606071288,0.02413236868390067
constant,prepared,0.08,0.0005,0.7375,0.22751928056046797,0.42035528898241153,7.450151606747113e-13,8.86173173266798e-13,-7.450429162503269e-13,0.26970303419427494,0.19329622805650115,0.02410830069925843
constant,prepared,0.08,0.0005,0.738,0.22740444870742854,0.42014628264844855,7.50344231192912e-13,8.929559324699321e-13,-7.500111642855245e-13,0.26981673641862863,0.19319985713953056,0.02408425651614878
constant,prepared,0.08,0.0005,0.7385,0.2272896790618153,0.4199373759065268,7.392975120978917e-13,8.802473350952691e-13,-7.392975120978917e-13,0.26993038125815955,0.19310353329110796,0.024060236112019205
constant,prepared,0.08,0.0005,0.739,0.22717497157155192,0.41972856872819975,7.483735853242024e-13,8.914970782083617e-13,-7.483458297485868e-13,0.2700439687439453,0.19300725649252892,0.024036239464333423
constant,prepared,0.08,0.0005,0.7395,0.22706032618467328,0.4195198610849229,7.534528556618625e-13,8.979942614786781e-13,-7.538691892960969e-13,0.27015749890703766,0.19291102672507834,0.024012266550571582
constant,prepared,0.08,0.0005,0.74,0.22694574284933366,0.4193112529480976,7.567280135845067e-13,9.023464172060888e-13,-7.558953463160378e-13,0.2702709717784623,0.19281484397002793,0.023988317348230353
constant,prepared,0.08,0.0005,0.7405,0.22683122151380566,0.41910274428902455,7.435163595914673e-13,8.870335135267676e-13,-7.440992266793955e-13,0.2703843873892192,0.192718708208641,0.02396439183482381
constant,prepared,0.08,0.0005,0.741,0.2267167621264763,0.4188943350789446,7.43544115167083e-13,8.875079619139457e-13,-7.429612480791548e-13,0.27049774577028246,0.19262261942216366,0.02394048998788145
constant,prepared,0.08,0.0005,0.7415,0.22660236463584937,0.4186860252890086,7.498168752562151e-13,8.954405329601862e-13,-7.480682739924305e-13,0.2706110469526004,0.19252657759183658,0.023916611784949998
constant,prepared,0.08,0.0005,0.742,0.22648802899054496,0.41847781489029845,7.397138457321262e-13,8.838148874455676e-13,-7.391587342198136e-13,0.27072429096709566,0.19243058269888594,0.023892757203592893
constant,prepared,0.08,0.0005,0.7425,0.22637375513929492,0.418269703853824,7.448486272210175e-13,8.903927541936703e-13,-7.450151606747113e-13,0.27083747784466533,0.1923346347245296,0.02386892622138958
constant,prepared,0.08,0.0005,0.743,0.22625954303094997,0.4180616921504942,7.397971124589731e-13,8.847941898871778e-13,-7.411016245129076e-13,0.2709506076161808,0.19223873364996827,0.023845118815936654
constant,prepared,0.08,0.0005,0.7435,0.22614539261447086,0.4178537797511839,7.464306950311084e-13,8.931721228834079e-13,-7.492340081682869e-13,0.271063680312488,0.19214287945639938,0.023821334964847375
constant,prepared,0.08,0.0005,0.744,0.2260313038389351,0.41764596662664766,7.472911178751929e-13,8.946466356546443e-13,-7.452927164308676e-13,0.27117669596440747,0.19204707212500613,0.023797574645751395
constant,prepared,0.08,0.0005,0.7445,0.22591727665352837,0.41743825274760443,7.459310946700271e-13,8.93462793310862e-13,-7.459866058212583e-13,0.27128965460273424,0.1919513116369586,0.023773837836294998
constant,prepared,0.08,0.0005,0.745,0.22580331100755724,0.4172306380846751,7.485678743535118e-13,8.97067240542534e-13,-7.47429895753271e-13,0.271402556258238,0.19185559797341908,0.02375012451414131
constant,prepared,0.08,0.0005,0.7455,0.22568940685043232,0.41702312260841595,7.345235530920036e-13,8.806748514291294e-13,-7.343292640626942e-13,0.2715154009616632,0.19175993111553982,0.023726434656970226
constant,prepared,0.08,0.0005,0.746,0.22557556413168245,0.4168157062893111,7.42794714625461e-13,8.910349387232862e-13,-7.424894032936891e-13,0.27162818874372907,0.19166431104446138,0.02370276824247809
constant,prepared,0.08,0.0005,0.7465,0.22546178280094162,0.4166083890977657,7.463751838798771e-13,8.957755093405672e-13,-7.440714711037799e-13,0.27174091963512953,0.1915687377413114,0.023679125248378105
constant,prepared,0.08,0.0005,0.747,0.22534806280796266,0.4164011710041135,7.415457137227577e-13,8.904222242386201e-13,-7.419898029326077e-13,0.2718535936665335,0.1914732111872141,0.023655505652400134
constant,prepared,0.08,0.0005,0.7475,0.2252344041026013,0.4161940519786217,7.399914014882825e-13,8.889980502720341e-13,-7.399636459126668e-13,0.2719662108685848,0.1913777313632754,0.023631909432290706
constant,prepared,0.08,0.0005,0.748,0.22512080663482653,0.41598703199148607,7.402689572444388e-13,8.897740798551277e-13,-7.384926004050385e-13,0.2720787712719022,0.1912822982505976,0.023608336565813324
constant,prepared,0.08,0.0005,0.7485,0.2250072703547186,0.4157801110128274,7.370493104730258e-13,8.863450787448002e-13,-7.392420009466605e-13,0.27219127490707956,0.19118691183026681,0.02358478703074792
constant,prepared,0.08,0.0005,0.749,0.22489379521246466,0.41557328901268686,7.404354906981325e-13,8.908603010272738e-13,-7.410461133616764e-13,0.2723037218046858,0.19109157208336652,0.023561260804891536
constant,prepared,0.08,0.0005,0.7495,0.22478038115836282,0.4153665659610517,7.40102423790745e-13,8.909027404236045e-13,-7.369382881705633e-13,0.272416111995265,0.19099627899096477,0.023537757866057545
constant,prepared,0.08,0.0005,0.75,0.2246670281428172,0.4151599418278296,7.295830606324216e-13,8.78677091797003e-13,-7.28805904515184e-13,0.2725284455093364,0.19090103253412258,0.023514278192076455
constant,prepared,0.08,0.0005,0.7505000000000001,0.2245537361163409,0.41495341658287116,7.346900865456973e-13,8.852681496096569e-13,-7.339406860040754e-13,0.27264072237739456,0.19080583269388893,0.023490821760795318
constant,prepared,0.08,0.0005,0.751,0.22444050502955784,0.41474699019593186,7.375766664097227e-13,8.891886907493001e-13,-7.350509090287005e-13,0.27275294262990935,0.1907106794513048,0.02346738855007824
constant,prepared,0.08,0.0005,0.7515000000000001,0.2243273348331915,0.4145406626367291,7.34717842121313e-13,8.86183079661489e-13,-7.343847752139254e-13,0.27286510629732597,0.19061557278740313,0.023443978537806182
constant,prepared,0.08,0.0005,0.752,0.22421422547808,0.4143344338748887,7.374656441072602e-13,8.899400868155783e-13,-7.373546218047977e-13,0.272977213410065,0.19052051268320447,0.023420591701876253
constant,prepared,0.08,0.0005,0.7525000000000001,0.2241011769151626,0.41412830387998006,7.341349750333848e-13,8.863617484661181e-13,-7.345235530920036e-13,0.27308926399852257,0.19042549911972168,0.023397228020202995
constant,prepared,0.08,0.0005,0.753,0.22398818909548804,0.41392227262149817,7.380762667708041e-13,8.915638461487951e-13,-7.378264665902634e-13,0.27320125809307033,0.19033053207795733,0.023373887470717856
constant,prepared,0.08,0.0005,0.7535000000000001,0.22387526197020788,0.41371634006888,7.347733532725442e-13,8.880158723602247e-13,-7.366052212631757e-13,0.27331319572405544,0.19023561153890833,0.02335057003136877
constant,prepared,0.08,0.0005,0.754,0.22376239549058224,0.41351050619148355,7.30526750203353e-13,8.833230828050884e-13,-7.297495940861154e-13,0.27342507692180074,0.1901407374835572,0.023327275680120663
constant,prepared,0.08,0.0005,0.7545000000000001,0.22364958960796869,0.4133047709586224,7.350231534530849e-13,8.892023575576115e-13,-7.353007092092412e-13,0.2735369017166047,0.19004590989288184,0.02330400439495527
constant,prepared,0.08,0.0005,0.755,0.2235368442738394,0.4130991343395119,7.32469640496447e-13,8.865543154271128e-13,-7.327194406769877e-13,0.2736486701387416,0.18995112874784872,0.023280756153871252
constant,prepared,0.08,0.0005,0.7555000000000001,0.22342415943976077,0.4128935963033276,7.315537065011313e-13,8.858864766251491e-13,-7.330525075843752e-13,0.2737603822184615,0.18985639402941595,0.023257530934884144
constant,prepared,0.08,0.0005,0.756,0.22331153505741172,0.4126881568191757,7.296385717836529e-13,8.84007161008388e-13,-7.295830606324216e-13,0.2738720379859902,0.18976170571853532,0.023234328716026244
constant,prepared,0.08,0.0005,0.7565000000000001,0.2231989710785635,0.41248281585608687,7.319422845597501e-13,8.872397302660864e-13,-7.339961971553066e-13,0.2739836374715295,0.18966706379614598,0.02321114947534691
constant,prepared,0.08,0.0005,0.757,0.2230864674551027,0.41227757338303384,7.345513086676192e-13,8.908455808539904e-13,-7.326639295257564e-13,0.274095180705257,0.18957246824318189,0.023187993190912262
constant,prepared,0.08,0.0005,0.7575000000000001,0.22297402413900702,0.4120724293689201,7.249756350802272e-13,8.796701543341226e-13,-7.235601007238301e-13,0.2742066677173265,0.18947791904056666,0.02316485984080537
constant,prepared,0.08,0.0005,0.758,0.2228616410823641,0.41186738378260856,7.353562203604724e-13,8.927099465928466e-13,-7.344402863651567e-13,0.27431809853786765,0.18938341616921534,0.023141749403126223
constant,prepared,0.08,0.0005,0.7585000000000001,0.22274931823735758,0.41166243659286633,7.362443987801726e-13,8.942331548064696e-13,-7.376599331365696e-13,0.27442947319698635,0.18928895961003794,0.02311866185599179
constant,prepared,0.08,0.0005,0.759,0.22263705555627492,0.4114575877684172,7.335521079454566e-13,8.914067084329378e-13,-7.344402863651567e-13,0.2745407917247645,0.18919454934393098,0.023095597177535745
constant,prepared,0.08,0.0005,0.7595000000000001,0.22252485299150468,0.41125283727790934,7.384093336781916e-13,8.977559140565141e-13,-7.38381578102576e-13,0.2746520541512602,0.18910018535178752,0.023072555345909154
constant,prepared,0.08,0.0005,0.76,0.2224127104955339,0.41104818508994545,7.30304705598428e-13,8.883443986475383e-13,-7.306100169301999e-13,0.27476326050650796,0.18900586761449023,0.02304953633927927
constant,prepared,0.08,0.0005,0.7605000000000001,0.22230062802095188,0.4108436311730576,7.31720239954825e-13,8.90509410922272e-13,-7.314426841986688e-13,0.27487441082051844,0.188911596112914,0.02302654013583115
constant,prepared,0.08,0.0005,0.761,0.22218860552044628,0.4106391754957126,7.346900865456973e-13,8.945689188788939e-13,-7.325806627989095e-13,0.2749855051232787,0.1888173708279258,0.023003566713766053
constant,prepared,0.08,0.0005,0.7615000000000001,0.222076642946803,0.4104348180263258,7.306655280814311e-13,8.901115304914446e-13,-7.340239527309222e-13,0.2750965434447521,0.18872319174038465,0.02298061605130281
constant,prepared,0.08,0.0005,0.762,0.22196474025290952,0.41023055873323566,7.340239527309222e-13,8.946480669271471e-13,-7.328582185550658e-13,0.27520752581487856,0.18862905883114492,0.022957688126676753
constant,prepared,0.08,0.0005,0.7625000000000001,0.22185289739174652,0.41002639758474646,7.344680419407723e-13,8.956350691888205e-13,-7.323863737696001e-13,0.27531845226357443,0.18853497208104758,0.022934782918140585
constant,prepared,0.08,0.0005,0.763,0.22174111431640062,0.4098223345490751,7.315537065011313e-13,8.925254248348888e-13,-7.320810624378282e-13,0.2754293228207326,0.18844093147093066,0.022911900403963393
constant,prepared,0.08,0.0005,0.7635000000000001,0.22162939098005094,0.4096183695943947,7.330525075843752e-13,8.947993571547952e-13,-7.326639295257564e-13,0.27554013751622264,0.18834693698162505,0.02288904056243214
constant,prepared,0.08,0.0005,0.764,0.22151772733597588,0.4094145026888159,7.35467242662935e-13,8.981939303958678e-13,-7.365219545363288e-13,0.27565089637989065,0.18825298859394746,0.022866203371849858
constant,prepared,0.08,0.0005,0.7645000000000001,0.22140612333754456,0.40921073380037826,7.218392550356612e-13,8.819896393372139e-13,-7.203126983768016e-13,0.2757615994415594,0.1881590862887153,0.022843388810537178
constant,prepared,0.08,0.0005,0.765,0.22129457893823604,0.40900706289709843,7.311096172912812e-13,8.937616041542133e-13,-7.306377725058155e-13,0.27587224673102856,0.18806523004673573,0.022820596856831545
constant,prepared,0.08,0.0005,0.7655000000000001,0.22118309409161213,0.4088034899468895,7.247813460509178e-13,8.864666812707943e-13,-7.263911694366243e-13,0.27598283827807435,0.1879714198488075,0.022797827489087603
constant,prepared,0.08,0.0005,0.766,0.2210716687513368,0.4086000149176407,7.260581025292367e-13,8.884704797122186e-13,-7.260858581048524e-13,0.27609337411245,0.18787765567572348,0.022775080685676234
constant,prepared,0.08,0.0005,0.7665000000000001,0.2209603028711687,0.4083966377771534,7.267519919196275e-13,8.897624572457204e-13,-7.254197242900773e-13,0.2762038542638856,0.18778393750827072,0.02275235642498659
constant,prepared,0.08,0.0005,0.767,0.22084899640496503,0.408193358493214,7.22449877699205e-13,8.849358553571078e-13,-7.225053888504362e-13,0.2763142787620881,0.18769026532722605,0.022729654685423664
constant,prepared,0.08,0.0005,0.7675000000000001,0.2207377493066689,0.40799017703351464,7.26113613680468e-13,8.898665391399542e-13,-7.278899705198683e-13,0.2764246476367414,0.1875966391133634,0.02270697544541042
constant,prepared,0.08,0.0005,0.768,0.22062656153032784,0.4077870933656993,7.225609000016675e-13,8.859536161840244e-13,-7.241984789629896e-13,0.27653496091750657,0.1875030588474442,0.02268431868338618
constant,prepared,0.08,0.0005,0.7685,0.22051543303007554,0.40758410745736917,7.264189250122399e-13,8.911276368737851e-13,-7.258360579243117e-13,0.2766452186340216,0.1874095245102304,0.022661684377807495
constant,prepared,0.08,0.0005,0.769,0.22040436376014555,0.4073812192760575,7.223943665479737e-13,8.866318970607852e-13,-7.261968804073149e-13,0.27675542081590165,0.18731603608247094,0.022639072507148434
constant,prepared,0.08,0.0005,0.7695,0.22029335367486189,0.4071784287892441,7.259470802267742e-13,8.914360743332475e-13,-7.261691248316993e-13,0.2768655674927391,0.1872225935449152,0.022616483049899258
constant,prepared,0.08,0.0005,0.77,0.22018240272863926,0.40697573596436054,7.247813460509178e-13,8.904478596652045e-13,-7.267242363440118e-13,0.2769756586941034,0.18712919687829727,0.022593915984568114
constant,prepared,0.08,0.0005,0.7705,0.220071510875988,0.40677314076877746,7.304434834765061e-13,8.978511733780589e-13,-7.297495940861154e-13,0.2770856944495414,0.18703584606334872,0.022571371289679457
constant,prepared,0.08,0.0005,0.771,0.21996067807151148,0.4065706431698024,7.180644967519356e-13,8.830746990891384e-13,-7.195632978351796e-13,0.27719567478857715,0.1869425410808,0.02254884894377536
constant,prepared,0.08,0.0005,0.7715,0.2198499042699036,0.4063682431347119,7.240874566605271e-13,8.909252493185664e-13,-7.246980793240709e-13,0.2773055997407121,0.1868492819113673,0.02252634892541471
constant,prepared,0.08,0.0005,0.772,0.21973918942594878,0.4061659406307018,7.171763183322355e-13,8.828612231960637e-13,-7.163714066393823e-13,0.2774154693354251,0.18675606853576432,0.022503871213173703
constant,prepared,0.08,0.0005,0.7725,0.2196285334945255,0.40596373562494825,7.251699241095366e-13,8.931461858194657e-13,-7.231715226652113e-13,0.2775252836021724,0.18666290093469903,0.022481415785645234
constant,prepared,0.08,0.0005,0.773,0.21951793643060002,0.4057616280845372,7.262801471341618e-13,8.949591297753235e-13,-7.260581025292367e-13,0.2776350425703877,0.18656977908887087,0.022458982621439638
constant,prepared,0.08,0.0005,0.7735,0.2194073981892317,0.40555961797652557,7.242817456898365e-13,8.929411528974174e-13,-7.240597010849115e-13,0.2777447462694823,0.18647670297897753,0.02243657169918409
constant,prepared,0.08,0.0005,0.774,0.2192969187255664,0.40535770526790627,7.177869409957793e-13,8.853747340521737e-13,-7.163991622149979e-13,0.2778543947288451,0.18638367258570626,0.02241418299752293
constant,prepared,0.08,0.0005,0.7745,0.21918649799484716,0.4051558899256333,7.203126983768016e-13,8.889327741334024e-13,-7.219780329137393e-13,0.2779639879778425,0.1862906878897404,0.02239181649511767
constant,prepared,0.08,0.0005,0.775,0.21907613595239572,0.4049541719165951,7.144840274975195e-13,8.821788699142544e-13,-7.12874204111813e-13,0.2780735260458187,0.186197748871758,0.022369472170646776
constant,prepared,0.08,0.0005,0.7755,0.2189658325536348,0.40475255120763554,7.183975636593232e-13,8.874527924719024e-13,-7.185363415374013e-13,0.2781830089620955,0.1861048555124301,0.022347150002806026
constant,prepared,0.08,0.0005,0.776,0.21885558775406738,0.4045510277655469,7.183698080837075e-13,8.878605648968873e-13,-7.183420525080919e-13,0.27829243675597254,0.18601200779242386,0.022324849970307932
constant,prepared,0.08,0.0005,0.7765,0.21874540150928848,0.4043496015570716,7.147060721024445e-13,8.837724451188018e-13,-7.165934512443073e-13,0.27840180945672716,0.18591920569240028,0.022302572051882658
constant,prepared,0.08,0.0005,0.777,0.21863527377498074,0.40414827254889085,7.212841435233486e-13,8.923508926237577e-13,-7.187306305667107e-13,0.27851112709361464,0.18582644919301258,0.022280316226276818
constant,prepared,0.08,0.0005,0.7775,0.21852520450691593,0.40394704070766296,7.173983629371605e-13,8.879856647541399e-13,-7.165101845174604e-13,0.2786203896958681,0.18573373827491135,0.022258082472254775
constant,prepared,0.08,0.0005,0.778,0.21841519366094891,0.4037459059999635,7.225331444260519e-13,8.947869609177791e-13,-7.238376564799864e-13,0.2787295972926986,0.18564107291874213,0.022235870768597264
constant,prepared,0.08,0.0005,0.7785,0.2183052411930288,0.403544868392338,7.150668945854477e-13,8.859818951899116e-13,-7.139844271364382e-13,0.2788387499132951,0.18554845310514195,0.022213681094103058
constant,prepared,0.08,0.0005,0.779,0.21819534705918425,0.40334392785127693,7.149836278586008e-13,8.863200589964002e-13,-7.162048731856885e-13,0.27894784758682467,0.18545587881474657,0.022191513427587278
constant,prepared,0.08,0.0005,0.7795,0.21808551121553624,0.4031430843432277,7.21700477157583e-13,8.950922205855031e-13,-7.223666109723581e-13,0.2790568903424324,0.185363350028182,0.022169367747882706
constant,prepared,0.08,0.0005,0.78,0.2179757336182881,0.40294233783457667,7.140954494389007e-13,8.861012884322813e-13,-7.131240042923537e-13,0.27916587820924155,0.1852708667260726,0.022147244033838727
constant,prepared,0.08,0.0005,0.7805,0.21786601422373122,0.4027416882916784,7.230882559383645e-13,8.977072363738414e-13,-7.208678098891141e-13,0.2792748112163534,0.18517842888903874,0.022125142264322366
constant,prepared,0.08,0.0005,0.781,0.2177563529882412,0.4025411356808291,7.183975636593232e-13,8.923281374009592e-13,-7.19230230927792e-13,0.2793836893928475,0.185086036497692,0.022103062418217214
constant,prepared,0.08,0.0005,0.7815,0.21764674986828134,0.40234067996827194,7.104317134576377e-13,8.828733320143443e-13,-7.100986465502501e-13,0.27949251276778164,0.18499368953264178,0.02208100447442478
constant,prepared,0.08,0.0005,0.782,0.21753720482039612,0.4021403211202223,7.170930516053886e-13,8.915955624732914e-13,-7.183975636593232e-13,0.27960128137019186,0.18490138797449146,0.02205896841186296
constant,prepared,0.08,0.0005,0.7825,0.21742771780121942,0.4019400591028183,7.070177776569153e-13,8.795064856616278e-13,-7.057965323298276e-13,0.27970999522909246,0.18480913180384057,0.022036954209466882
constant,prepared,0.08,0.0005,0.783,0.2173182887674632,0.4017398938821956,7.198130980157202e-13,8.958695775258881e-13,-7.210065877671923e-13,0.2798186543734762,0.1847169210012822,0.02201496184618942
constant,prepared,0.08,0.0005,0.7835,0.21720891767592826,0.4015398254243971,7.118194922384191e-13,8.863622574491199e-13,-7.148448499805227e-13,0.2799272588323142,0.18462475554740848,0.021992991300999888
constant,prepared,0.08,0.0005,0.784,0.21709960448349774,0.40133985369544245,7.129574708386599e-13,8.882216209943803e-13,-7.12652159506888e-13,0.2800358086345559,0.18453263542280057,0.021971042552885296
constant,prepared,0.08,0.0005,0.7845,0.2169903491471381,0.40113997866130746,7.186196082642482e-13,8.957217511226337e-13,-7.16537940093076e-13,0.28014430380912947,0.18444056060804406,0.02194911558084918
constant,prepared,0.08,0.0005,0.785,0.21688115162389707,0.400940200287916,7.166767179711542e-13,8.937451488474673e-13,-7.175648963908543e-13,0.2802527443849414,0.1843485310837123,0.021927210363912937
constant,prepared,0.08,0.0005,0.7855,0.21677201187091047,0.4007405185411491,7.125966483556567e-13,8.890998231837791e-13,-7.126244039312724e-13,0.28036113039087684,0.18425654683037607,0.021905326881114406
constant,prepared,0.08,0.0005,0.786,0.21666292984538782,0.40054093338683777,7.066847107495278e-13,8.821629100094952e-13,-7.062406215396777e-13,0.2804694618557995,0.1841646078286049,0.021883465111509102
constant,prepared,0.08,0.0005,0.7865,0.2165539055046315,0.4003414447907801,7.156497616733759e-13,8.937992443509532e-13,-7.17814696571395e-13,0.28057773880855186,0.18407271405896164,0.021861625034169274
constant,prepared,0.08,0.0005,0.787,0.21644493880601498,0.40014205271871345,7.084055564376968e-13,8.851925855129443e-13,-7.090716902524719e-13,0.28068596127795487,0.18398086550200488,0.021839806628185018
constant,prepared,0.08,0.0005,0.7875,0.21633602970700128,0.39994275713634636,7.116529587847253e-13,8.896935199922613e-13,-7.138178936827444e-13,0.2807941292928084,0.1838890621382903,0.021818009872662553
constant,prepared,0.08,0.0005,0.788,0.21622717816513054,0.3997435580093366,7.090439346768562e-13,8.868734973581071e-13,-7.079059560766154e-13,0.280902242881891,0.18379730394836732,0.02179623474672628
constant,prepared,0.08,0.0005,0.7885,0.2161183841380239,0.3995444553033005,7.111811139992597e-13,8.899899680234053e-13,-7.124023593263473e-13,0.28101030207396,0.1837055909127849,0.021774481229516918
constant,prepared,0.08,0.0005,0.789,0.2160096475833867,0.39934544898380864,7.233935672701364e-13,9.057240656056793e-13,-7.223388553967425e-13,0.2811183068977517,0.18361392301208382,0.021752749300192966
constant,prepared,0.08,0.0005,0.7895,0.2159009684589998,0.3991465390163864,7.066014440226809e-13,8.851403869908627e-13,-7.069345109300684e-13,0.2812262573819812,0.18352230022680568,0.021731038937929572
constant,prepared,0.08,0.0005,0.79,0.21579234672272574,0.39894772536652334,7.105427357601002e-13,8.905211016138442e-13,-7.103762023064064e-13,0.2813341535553426,0.18343072253748352,0.021709350121919546
constant,prepared,0.08,0.0005,0.7905,0.21568378233251034,0.3987490079996622,7.15122405736679e-13,8.967074417607625e-13,-7.169820293029261e-13,0.28144199544650883,0.18333918992464834,0.021687682831372353
constant,prepared,0.08,0.0005,0.791,0.21557527524637085,0.3985503868812037,7.084333120133124e-13,8.887625446263162e-13,-7.104317134576377e-13,0.28154978308413203,0.18324770236883106,0.021666037045515084
constant,prepared,0.08,0.0005,0.7915,0.21546682542241175,0.39835186197651284,7.146505609512133e-13,8.970091885659475e-13,-7.115419364822628e-13,0.28165751649684323,0.18315625985055384,0.02164441274359169
constant,prepared,0.08,0.0005,0.792,0.21535843281881228,0.3981534332509045,7.105427357601002e-13,8.922976375689107e-13,-7.097655796428626e-13,0.28176519571325265,0.18306486235033717,0.02162280990486318
constant,prepared,0.08,0.0005,0.7925,0.2152500973938306,0.39795510066965667,7.057410211785964e-13,8.867093548875098e-13,-7.061018436615996e-13,0.2818728207619496,0.1829735098486995,0.021601228508608128
constant,prepared,0.08,0.0005,0.793,0.21514181910580327,0.3977568641980029,7.091549569793187e-13,8.914427641727261e-13,-7.098766019453251e-13,0.28198039167150246,0.18288220232615332,0.021579668534121972
constant,prepared,0.08,0.0005,0.7935,0.2150335979131479,0.3975587238011453,7.058797990566745e-13,8.877679658327929e-13,-7.071010443837622e-13,0.28208790847045906,0.18279093976320787,0.02155812996071722
constant,prepared,0.08,0.0005,0.794,0.21492543377435283,0.3973606794442285,7.072953334130716e-13,8.89991599573599e-13,-7.05990821359137e-13,0.2821953711873462,0.18269972214037244,0.021536612767723978
constant,prepared,0.08,0.0005,0.7945,0.21481732664798817,0.39716273109238487,7.046030425783556e-13,8.870457716912912e-13,-7.051026429394369e-13,0.2823027798506702,0.18260854943814966,0.02151511693448882
constant,prepared,0.08,0.0005,0.795,0.21470927649270316,0.39696487871067193,7.065736884470653e-13,8.899700280052016e-13,-7.058797990566745e-13,0.28241013448891655,0.1825174216370419,0.021493642440376267
constant,prepared,0.08,0.0005,0.7955,0.21460128326721858,0.39676712226414024,7.09959868672172e-13,8.946808200994214e-13,-7.096545573404001e-13,0.28251743513055017,0.18242633871754213,0.02147218926476716
constant,prepared,0.08,0.0005,0.796,0.214493346930337,0.3965694617177689,7.009948177483238e-13,8.838234980465909e-13,-7.021327963485646e-13,0.28262468180401534,0.18233530066014791,0.02145075738706051
constant,prepared,0.08,0.0005,0.7965,0.21438546744093595,0.3963718970365266,7.069345109300684e-13,8.917566005749045e-13,-7.029099524658022e-13,0.2827318745377358,0.18224430744535008,0.021429346786671608
constant,prepared,0.08,0.0005,0.797,0.21427764475796335,0.3961744281853361,7.005507285384738e-13,8.841443045008027e-13,-7.016887071387146e-13,0.2828390133601148,0.18215335905363525,0.02140795744303324
constant,prepared,0.08,0.0005,0.7975,0.21416987884044994,0.395977055129069,7.060740880859839e-13,8.915593453454128e-13,-7.071565555349935e-13,0.28294609829953504,0.18206245546549113,0.021386589335595205
constant,prepared,0.08,0.0005,0.798,0.21406216964749822,0.39577977783257257,7.038536420367336e-13,8.891985915635389e-13,-7.048805983345119e-13,0.2830531293843588,0.18197159666139887,0.021365242443824903
constant,prepared,0.08,0.0005,0.7985,0.21395451713828695,0.3955825962606431,6.93500812332104e-13,8.765562728075117e-13,-6.950551245665793e-13,0.2831601066429279,0.18188078262183688,0.02134391674720641
constant,prepared,0.08,0.0005,0.799,0.21384692127207067,0.3953855103780531,7.075451335936123e-13,8.94753493769221e-13,-7.051581540906682e-13,0.2832670301035639,0.18179001332728292,0.02132261222524111
constant,prepared,0.08,0.0005,0.7995,0.21373938200817363,0.395188520149528,7.00162150479855e-13,8.858584128586447e-13,-7.021327963485646e-13,0.283373899794568,0.18169928875821187,0.021301328857447274
constant,prepared,0.08,0.0005,0.8,0.213631899306003,0.39499162553976347,7.067124663251434e-13,8.945917085694859e-13,-7.073508445643029e-13,0.283480715744221,0.1816086088950947,0.021280066623361172
constant,prepared,0.08,0.0005,0.8005,0.21352447312503003,0.39479482651340514,6.973310817670608e-13,8.831563066882885e-13,-6.986078382453798e-13,0.28358747798078354,0.1815179737184003,0.02125882550253518
constant,prepared,0.08,0.0005,0.801,0.2134171034248096,0.39459812303507963,7.040201754904274e-13,8.920723824973848e-13,-7.026046411340303e-13,0.28369418653249595,0.18142738320859494,0.021237605474539498
constant,prepared,0.08,0.0005,0.8015,0.21330979016496052,0.3944015150693676,7.019662628948709e-13,8.899132433236012e-13,-7.012723735044801e-13,0.28380084142757844,0.18133683734614228,0.021216406518961232
constant,prepared,0.08,0.0005,0.802,0.21320253330518155,0.3942050025808094,7.112366251504909e-13,9.021151691296084e-13,-7.104872246088689e-13,0.283907442694231,0.1812463361115051,0.021195228615404665
constant,prepared,0.08,0.0005,0.8025,0.21309533280524223,0.3940085855339078,7.03298530524421e-13,8.924913775302347e-13,-7.02105040772949e-13,0.28401399036063363,0.1811558794851392,0.02117407174349133
constant,prepared,0.08,0.0005,0.803,0.21298818862498514,0.39381226389315155,7.008282842946301e-13,8.89799973933968e-13,-7.025491299827991e-13,0.28412048445494614,0.18106546744750485,0.021152935882859644
constant,prepared,0.08,0.0005,0.8035,0.21288110072432265,0.39361603762297004,6.983857936404547e-13,8.871409278155387e-13,-6.987188605478423e-13,0.28422692500530833,0.18097509997905603,0.021131821013165464
constant,prepared,0.08,0.0005,0.804,0.21277406906324542,0.3934199066877671,7.070177776569153e-13,8.985536390478024e-13,-7.059353102079058e-13,0.28433331203983997,0.18088477706024292,0.021110727114081747
constant,prepared,0.08,0.0005,0.8045,0.212667093601808,0.3932238710519069,6.979417044306047e-13,8.874610060713412e-13,-6.989409051527673e-13,0.28443964558664087,0.18079449867151762,0.021089654165298326
constant,prepared,0.08,0.0005,0.805,0.21256017430014268,0.39302793067973585,7.026046411340303e-13,8.938355092451805e-13,-7.037981308855024e-13,0.28454592567379094,0.1807042647933279,0.021068602146522404
constant,prepared,0.08,0.0005,0.8055,0.21245331111845162,0.3928320855355392,7.013833958069426e-13,8.927267166200747e-13,-7.033262861000367e-13,0.28465215232935015,0.18061407540611854,0.021047571037478358
constant,prepared,0.08,0.0005,0.806,0.21234650401700564,0.3926363355835844,7.044087535490462e-13,8.970244087336382e-13,-7.029932191926491e-13,0.28475832558135866,0.1805239304903357,0.021026560817907373
constant,prepared,0.08,0.0005,0.8065,0.21223975295615038,0.39244068078809846,6.94777568810423e-13,8.852007485749913e-13,-6.964151477717451e-13,0.28486444545783673,0.18043383002641894,0.021005571467568207
constant,prepared,0.08,0.0005,0.807,0.21213305789629783,0.39224512111328935,6.950828801421949e-13,8.860312630132412e-13,-6.931955010003321e-13,0.28497051198678486,0.1803437739948102,0.02098460296623686
constant,prepared,0.08,0.0005,0.8075,0.21202641879793455,0.39204965652330936,6.90808521497388e-13,8.810217149823052e-13,-6.908362770730037e-13,0.2850765251961838,0.18025376237594623,0.02096365529370562
constant,prepared,0.08,0.0005,0.808,0.2119198356216126,0.39185428698229624,6.863121182476561e-13,8.757236312666172e-13,-6.878664304821314e-13,0.28518248511399463,0.18016379515026595,0.02094272842978477
constant,prepared,0.08,0.0005,0.8085,0.211813308327958,0.39165901245434415,6.986911049722266e-13,8.919635228016745e-13,-6.962208587424357e-13,0.2852883917681586,0.18007387229820282,0.02092182235430116
constant,prepared,0.08,0.0005,0.809,0.2117068368776653,0.3914638329035185,6.91779966643935e-13,8.83580944773795e-13,-6.913636330097006e-13,0.28539424518659745,0.17998399380018942,0.020900937047099277
constant,prepared,0.08,0.0005,0.8095,0.21160042123149622,0.3912687482938519,6.959988141375106e-13,8.894127337946505e-13,-6.959155474106637e-13,0.2855000453972132,0.179894159636658,0.020880072488040243
constant,prepared,0.08,0.0005,0.81,0.21149406135028215,0.39107375858934107,6.956379916545075e-13,8.893948729303067e-13,-6.972478150402139e-13,0.2856057924278883,0.1798043697880379,0.020859228657002467
constant,prepared,0.08,0.0005,0.8105,0.21138775719492583,0.39087886375395337,6.888933867799096e-13,8.812108438957965e-13,-6.892542092629128e-13,0.2857114863064858,0.17971462423475806,0.020838405533881672
constant,prepared,0.08,0.0005,0.811,0.2112815087263962,0.39068406375162856,6.911138328291599e-13,8.844919680009187e-13,-6.93056723122254e-13,0.285817127060849,0.17962492295724486,0.020817603098590338
constant,prepared,0.08,0.0005,0.8115,0.21117531590573124,0.3904893585462658,6.938616348151072e-13,8.88451400311695e-13,-6.9574901395697e-13,0.2859227147188019,0.17953526593592464,0.020796821331058493
constant,prepared,0.08,0.0005,0.812,0.21106917869403788,0.39029474810174364,6.958045251082012e-13,8.913834076575838e-13,-6.953326803227355e-13,0.2860282493081489,0.17944565315122046,0.020776060211232638
constant,prepared,0.08,0.0005,0.8125,0.21096309705248661,0.3901002323818976,6.910028105266974e-13,8.856734156589944e-13,-6.906142324680786e-13,0.28613373085667515,0.17935608458355565,0.020755319719077098
constant,prepared,0.08,0.0005,0.8130000000000001,0.21085707094232045,0.3899058113505464,7.017442182899458e-13,8.99889406442327e-13,-6.978029265525265e-13,0.28623915939214634,0.17926656021334988,0.0207345998345729
constant,prepared,0.08,0.0005,0.8135,0.21075110032485064,0.38971148497146585,6.931122342734852e-13,8.892632896405628e-13,-6.934175456052571e-13,0.28634453494230877,0.1791770800210276,0.020713900537718103
constant,prepared,0.08,0.0005,0.8140000000000001,0.21064518516144795,0.38951725320840414,6.951939024446574e-13,8.923788313839928e-13,-6.942779684493416e-13,0.2864498575348895,0.17908764398700341,0.02069322180852814
constant,prepared,0.08,0.0005,0.8145,0.21053932541355797,0.38932311602508674,6.925016116099414e-13,8.893661628413337e-13,-6.94777568810423e-13,0.2865551271975963,0.17899825209169729,0.020672563627035435
constant,prepared,0.08,0.0005,0.8150000000000001,0.2104335210426899,0.3891290733851926,6.91779966643935e-13,8.88882396559635e-13,-6.924738560343258e-13,0.2866603439581176,0.17890890431552614,0.02065192597328942
constant,prepared,0.08,0.0005,0.8155,0.21032777201041708,0.38893512525239277,6.918909889463976e-13,8.894683766306673e-13,-6.910028105266974e-13,0.28676550784412286,0.17881960063890456,0.02063130882735643
constant,prepared,0.08,0.0005,0.8160000000000001,0.2102220782783837,0.38874127159031263,6.876166303015907e-13,8.844142371197073e-13,-6.870615187892781e-13,0.28687061888326204,0.17873034104224805,0.02061071216932052
constant,prepared,0.08,0.0005,0.8165,0.21011643980829697,0.3885475123625556,6.926959006392508e-13,8.913915011663688e-13,-6.928901896685602e-13,0.2869756771031662,0.17864112550597092,0.020590135979281998
constant,prepared,0.08,0.0005,0.8170000000000001,0.21001085656192775,0.3883538475326934,6.903366767119223e-13,8.88798554587763e-13,-6.901146321069973e-13,0.28708068253144714,0.1785519540104848,0.02056958023735892
constant,prepared,0.08,0.0005,0.8175,0.2099053285011158,0.3881602770642629,6.854794509791873e-13,8.829850598868668e-13,-6.850631173449528e-13,0.2871856351956977,0.17846282653620368,0.02054904492368617
constant,prepared,0.08,0.0005,0.8180000000000001,0.20979985558776557,0.3879668009207926,6.866174295794281e-13,8.848919906925239e-13,-6.869782520624312e-13,0.28729053512349156,0.17837374306353632,0.02052853001841569
constant,prepared,0.08,0.0005,0.8185,0.20969443778384428,0.38777341906575347,6.853406731011091e-13,8.836870185064084e-13,-6.853961842523404e-13,0.2873953823423835,0.17828470357289392,0.020508035501716395
constant,prepared,0.08,0.0005,0.8190000000000001,0.20958907505138563,0.3875801314626158,6.988576384259204e-13,9.015653560310263e-13,-6.987466161234579e-13,0.2875001768799092,0.17819570804468893,0.020487561353774452
constant,prepared,0.08,0.0005,0.8195,0.20948376735248944,0.3873869380747947,6.848688283156434e-13,8.839596292516284e-13,-6.839251387447121e-13,0.28760491876358546,0.17810675645932747,0.02046710755479291
constant,prepared,0.08,0.0005,0.8200000000000001,0.20937851464931306,0.3871938388657114,6.829814491737807e-13,8.819632192159617e-13,-6.843414723789465e-13,0.2877096080209101,0.1780178487972187,0.020446674084992136
constant,prepared,0.08,0.0005,0.8205,0.20927331690408832,0.3870008337987322,6.93806123663876e-13,8.963884093646195e-13,-6.942224572981104e-13,0.2878142446793622,0.17792898503877128,0.020426260924609186
constant,prepared,0.08,0.0005,0.8210000000000001,0.20916817407910057,0.3868079228371973,6.89392987140991e-13,8.911309030122087e-13,-6.889488979311409e-13,0.28791882876640174,0.177840165164392,0.0204058680538985
constant,prepared,0.08,0.0005,0.8215,0.2090630861367033,0.3866151059444353,6.931399898491009e-13,8.964212458218049e-13,-6.910028105266974e-13,0.28802336030947007,0.17775138915448757,0.02038549545313134
constant,prepared,0.08,0.0005,0.8220000000000001,0.20895805303931717,0.38642238308373744,6.845357614082559e-13,8.857351325574108e-13,-6.842582056520996e-13,0.28812783933598973,0.1776626569894646,0.020365143102596087
constant,prepared,0.08,0.0005,0.8225,0.20885307474941647,0.38622975421837147,6.881717418139033e-13,8.908839030358637e-13,-6.856182288572654e-13,0.2882322658733644,0.17757396864972963,0.020344810982598216
constant,prepared,0.08,0.0005,0.8230000000000001,0.20874815122954973,0.38603721931158275,6.933342788784103e-13,8.980148081501123e-13,-6.927791673660977e-13,0.2883366399489792,0.17748532411568888,0.0203244990734602
constant,prepared,0.08,0.0005,0.8235,0.2086432824423167,0.38584477832657244,6.887823644774471e-13,8.925640609471443e-13,-6.898093207752254e-13,0.28844096159020033,0.17739672336774617,0.020304207355521346
constant,prepared,0.08,0.0005,0.8240000000000001,0.2085384683503893,0.3856524312265337,6.931955010003321e-13,8.987308841734274e-13,-6.938338792394916e-13,0.2885452308243755,0.17730816638630756,0.02028393580913836
constant,prepared,0.08,0.0005,0.8245,0.20843370891649515,0.38546017797463417,6.871725410917406e-13,8.913664502281589e-13,-6.893652315653753e-13,0.28864944767883377,0.17721965315177898,0.020263684414684506
constant,prepared,0.08,0.0005,0.8250000000000001,0.20832900410342678,0.3852680185340022,6.849520950424903e-13,8.889293454050747e-13,-6.868949853355844e-13,0.28875361218088547,0.17713118364456354,0.020243453152550685
constant,prepared,0.08,0.0005,0.8255,0.2082243538740391,0.38507595286775426,6.88116230662672e-13,8.934811762945574e-13,-6.879219416333626e-13,0.2888577243578225,0.17704275784506557,0.020223242003144147
constant,prepared,0.08,0.0005,0.8260000000000001,0.20811975819124542,0.38488398093897297,6.852296507986466e-13,8.901768906130266e-13,-6.840084054715589e-13,0.2889617842369181,0.1769543757336915,0.02020305094688977
constant,prepared,0.08,0.0005,0.8265,0.2080152170180225,0.38469210271072024,6.873113189698188e-13,8.933265254551474e-13,-6.871170299405094e-13,0.28906579184542713,0.1768660372908448,0.02018287996422881
constant,prepared,0.08,0.0005,0.8270000000000001,0.20791073031741023,0.38450031814603414,6.838141164422495e-13,8.892243831407277e-13,-6.847855615887966e-13,0.28916974721058586,0.1767777424969307,0.020162729035619907
constant,prepared,0.08,0.0005,0.8275,0.2078062980525053,0.38430862720791964,6.80039358158524e-13,8.847568204473402e-13,-6.802891583390647e-13,0.2892736503596121,0.17668949133235165,0.020142598141538612
constant,prepared,0.08,0.0005,0.8280000000000001,0.20770192018646563,0.3841170298593716,6.857014955841123e-13,8.925684651817459e-13,-6.845912725594872e-13,0.28937750131970535,0.1766012837775153,0.020122487262477527
constant,prepared,0.08,0.0005,0.8285,0.20759759668251432,0.3839255260633466,6.777078898068112e-13,8.826033225183277e-13,-6.785683126508957e-13,0.2894813001180466,0.17651311981282358,0.0201023963789461
constant,prepared,0.08,0.0005,0.8290000000000001,0.20749332750392924,0.38373411578278616,6.824263376614681e-13,8.891916428498512e-13,-6.807054919732991e-13,0.2895850467817986,0.1764249994186851,0.02008232547147102
constant,prepared,0.08,0.0005,0.8295,0.20738911261405266,0.38354279898060645,6.90586476892463e-13,9.002730317546129e-13,-6.899203430776879e-13,0.2896887413381056,0.1763369225755016,0.020062274520595363
constant,prepared,0.08,0.0005,0.8300000000000001,0.20728495197628058,0.383351575619686,6.902534099850755e-13,9.002876913557257e-13,-6.906974991949255e-13,0.2897923838140938,0.1762488892636789,0.020042243506879998
constant,prepared,0.08,0.0005,0.8305,0.20718084555407396,0.3831604456629059,6.803169139146803e-13,8.877702821556386e-13,-6.790124018607457e-13,0.2898959742368708,0.17616089946362423,0.02002223241090228
constant,prepared,0.08,0.0005,0.8310000000000001,0.20707679331095138,0.38296940907310284,6.836475829885558e-13,8.925616077829443e-13,-6.8228755978339e-13,0.2899995126335263,0.1760729531557431,0.020002241213256236
constant,prepared,0.08,0.0005,0.8315,0.2069727952104936,0.382778465813109,6.83703094139787e-13,8.930793594760283e-13,-6.829814491737807e-13,0.29010299903113157,0.17598505032044093,0.019982269894553574
constant,prepared,0.08,0.0005,0.8320000000000001,0.20686885121633541,0.3825876158457081,6.762368442991828e-13,8.837672944585084e-13,-6.762645998747985e-13,0.29020643345673974,0.17589719093812606,0.019962318435422368
constant,prepared,0.08,0.0005,0.8325,0.2067649612921728,0.38239685913369303,6.929457008197915e-13,9.060556909240943e-13,-6.935285679077197e-13,0.2903098159373858,0.17580937498920518,0.019942386816507965
constant,prepared,0.08,0.0005,0.833,0.20666112540175835,0.38220619563979313,6.763478666016454e-13,8.847944830785331e-13,-6.768474669627267e-13,0.2904131465000867,0.17572160245408572,0.019922475018472278
constant,prepared,0.08,0.0005,0.8335,0.2065573435089079,0.382015625326762,6.859235401890373e-13,8.977689585363268e-13,-6.861455847939624e-13,0.2905164251718412,0.17563387331317604,0.01990258302199471
constant,prepared,0.08,0.0005,0.834,0.20645361557749112,0.38182514815729046,6.767086890846485e-13,8.86149972506896e-13,-6.747380432159389e-13,0.2906196519796299,0.17554618754688683,0.019882710807771143
constant,prepared,0.08,0.0005,0.8345,0.20634994157143552,0.3816347640940819,6.722955525617635e-13,8.808101564817542e-13,-6.715739075957572e-13,0.2907228269504156,0.17545854513562498,0.01986285835651456
constant,prepared,0.08,0.0005,0.835,0.20624632145473137,0.3814444730997925,6.726008638935355e-13,8.81649769922054e-13,-6.74654776489092e-13,0.290825950111143,0.17537094605980186,0.019843025648954613
constant,prepared,0.08,0.0005,0.8355,0.20614275519141717,0.3812542751370637,6.644407246625406e-13,8.71387900402022e-13,-6.631917237598373e-13,0.29092902148873867,0.17528339029982887,0.019823212665838304
constant,prepared,0.08,0.0005,0.836,0.20603924274560087,0.3810641701685231,6.797062912511365e-13,8.918527960132471e-13,-6.810940700319179e-13,0.2910320411101115,0.17519587783611604,0.01980341938792935
constant,prepared,0.08,0.0005,0.8365,0.20593578408143684,0.38087415815677644,6.875056079991282e-13,9.025364326706497e-13,-6.876443858772063e-13,0.2911350090021522,0.17510840864907837,0.01978364579600826
constant,prepared,0.08,0.0005,0.837,0.20583237916314082,0.3806842390643846,6.710465516590602e-13,8.813689703935649e-13,-6.724343304398417e-13,0.2912379251917338,0.17502098271912728,0.019763891870872397
constant,prepared,0.08,0.0005,0.8375,0.20572902795498663,0.380494412853927,6.748213099427858e-13,8.867690130856841e-13,-6.754319326063296e-13,0.2913407897057113,0.17493360002667785,0.01974415759333627
constant,prepared,0.08,0.0005,0.838,0.20562573042130405,0.3803046794879299,6.681322162194192e-13,8.784170327833653e-13,-6.686318165805005e-13,0.29144360257092194,0.17484626055214433,0.019724442944231195
constant,prepared,0.08,0.0005,0.8385,0.20552248652647445,0.38011503892891746,6.748213099427858e-13,8.876540531567604e-13,-6.74876821094017e-13,0.2915463638141852,0.17475896427594212,0.019704747904405025
constant,prepared,0.08,0.0005,0.839,0.20541929623494415,0.379925491139393,6.840361610471746e-13,9.002240926176613e-13,-6.82509604388315e-13,0.2916490734623027,0.17467171117849076,0.01968507245472302
constant,prepared,0.08,0.0005,0.8395,0.20531615951120644,0.37973603608182305,6.807332475489147e-13,8.963242658929854e-13,-6.804279362171428e-13,0.2917517315420583,0.17458450124020428,0.01966541657606713
constant,prepared,0.08,0.0005,0.84,0.20521307631981603,0.3795466737186675,6.746270209134764e-13,8.887273524269278e-13,-6.74876821094017e-13,0.2918543380802182,0.17449733444150436,0.019645780249335706
constant,prepared,0.08,0.0005,0.8405,0.20511004662538243,0.3793574040123781,6.81538159241768e-13,8.982797647188109e-13,-6.816214259686149e-13,0.2919568931035309,0.1744102107628108,0.019626163455444733
constant,prepared,0.08,0.0005,0.841,0.20500707039256816,0.3791682269253525,6.691314169415818e-13,8.823674683489823e-13,-6.691869280928131e-13,0.2920593966387272,0.17432313018454457,0.019606566175326513
constant,prepared,0.08,0.0005,0.8415,0.20490414758609424,0.3789791424200106,6.742939540060888e-13,8.896188187293305e-13,-6.75848266240564e-13,0.29216184871252027,0.1742360926871264,0.019586988389930254
constant,prepared,0.08,0.0005,0.842,0.20480127817073454,0.3787901504587136,6.729894419521543e-13,8.883407358092185e-13,-6.72933930800923e-13,0.2922642493516056,0.17414909825098182,0.01956743008022212
constant,prepared,0.08,0.0005,0.8425,0.204698462111317,0.3786012510038378,6.750433545477108e-13,8.914964659483736e-13,-6.762645998747985e-13,0.2923665985826613,0.17406214685653634,0.019547891227184925
constant,prepared,0.08,0.0005,0.843,0.2045956993727254,0.3784124440177234,6.789013795582832e-13,8.970389191612804e-13,-6.801226248853709e-13,0.29246889643234764,0.17397523848421334,0.019528371811818778
constant,prepared,0.08,0.0005,0.8435,0.20449298991989873,0.37822372946268507,6.752653991526358e-13,8.926798433711885e-13,-6.771527782944986e-13,0.29257114292730757,0.1738883731144414,0.019508871815140036
constant,prepared,0.08,0.0005,0.844,0.20439033371782905,0.3780351073010323,6.732114865570793e-13,8.904086863292254e-13,-6.733780200107731e-13,0.29267333809416646,0.17380155072764958,0.019489391218182155
constant,prepared,0.08,0.0005,0.8445,0.20428773073156248,0.3778465774950579,6.662725926531721e-13,8.816708054756686e-13,-6.699363286344351e-13,0.29277548195953224,0.17371477130426716,0.01946993000199524
constant,prepared,0.08,0.0005,0.845,0.20418518092619983,0.3776581400070237,6.682432385218817e-13,8.847197607191289e-13,-6.672717933753347e-13,0.29287757454999536,0.1736280348247273,0.019450488147646463
constant,prepared,0.08,0.0005,0.8455,0.20408268426689657,0.37746979479918447,6.68520794278038e-13,8.855288601742319e-13,-6.686595721561162e-13,0.2929796158921288,0.1735413412694613,0.019431065636219644
constant,prepared,0.08,0.0005,0.846,0.2039802407188561,0.37728154183377727,6.767642002358798e-13,8.968954549775478e-13,-6.783462680459706e-13,0.2930816060124882,0.17345469061890206,0.019411662448815287
constant,prepared,0.08,0.0005,0.8465,0.2038778502473432,0.3770933810730045,6.764311333284923e-13,8.969013608819216e-13,-6.769584892651892e-13,0.2931835449376119,0.17336808285348893,0.019392278566550743
constant,prepared,0.08,0.0005,0.847,0.20377551281766965,0.37690531247907716,6.682432385218817e-13,8.864868925910735e-13,-6.687983500341943e-13,0.29328543269402074,0.17328151795365818,0.019372913970560082
constant,prepared,0.08,0.0005,0.8475,0.20367322839520396,0.3767173360141686,6.757094883624859e-13,8.968388547115679e-13,-6.723788192886104e-13,0.29338726930821835,0.1731949958998482,0.0193535686419945
constant,prepared,0.08,0.0005,0.848,0.20357099694536343,0.3765294516404427,6.711020628102915e-13,8.911680877629532e-13,-6.712408406883696e-13,0.293489054806691,0.1731085166725003,0.01933424256202157
constant,prepared,0.08,0.0005,0.8485,0.20346881843362133,0.3763416593200494,6.657452367164751e-13,8.844958035189528e-13,-6.653011475066251e-13,0.2935907892159078,0.17302208025205676,0.01931493571182556
constant,prepared,0.08,0.0005,0.849,0.2033666928255031,0.3761539590151196,6.760147996942578e-13,8.98587909939395e-13,-6.767364446602642e-13,0.29369247256232056,0.17293568661896155,0.019295648072607748
constant,prepared,0.08,0.0005,0.8495,0.20326462008658414,0.37596635068775863,6.723510637129948e-13,8.941638825954181e-13,-6.711020628102915e-13,0.29379410487236385,0.17284933575366113,0.019276379625586215
constant,prepared,0.08,0.0005,0.85,0.20316260018249518,0.37577883430007203,6.742106872792419e-13,8.970844360279445e-13,-6.723233081373792e-13,0.2938956861724551,0.17276302763660153,0.01925713035199524
constant,prepared,0.08,0.0005,0.8505,0.20306063307891367,0.3755914098141355,6.712963518396009e-13,8.936524296058814e-13,-6.712408406883696e-13,0.2939972164889946,0.17267676224823403,0.019237900233086618
constant,prepared,0.08,0.0005,0.851,0.20295871874157634,0.3754040771920161,6.703804178442851e-13,8.928784456179368e-13,-6.714906408689103e-13,0.29409869584836534,0.1725905395690083,0.019218689250128134
constant,prepared,0.08,0.0005,0.8515,0.20285685713626495,0.3752168363957552,6.652733919310094e-13,8.865185772590586e-13,-6.679656827657254e-13,0.2942001242769335,0.17250435957937768,0.01919949738440469
constant,prepared,0.08,0.0005,0.852,0.20275504822881235,0.37502968738739617,6.659672813214002e-13,8.878860843793435e-13,-6.6463501369185e-13,0.2943015018010479,0.17241822225979878,0.019180324617217852
constant,prepared,0.08,0.0005,0.8525,0.2026532919851091,0.37484263012894625,6.711853295371384e-13,8.95289483623633e-13,-6.701583732393601e-13,0.29440282844704047,0.17233212759072694,0.01916117092988592
constant,prepared,0.08,0.0005,0.853,0.20255158837109055,0.37465566458241323,6.736000646156981e-13,8.989588684931259e-13,-6.739886426743169e-13,0.29450410424122603,0.17224607555262106,0.019142036303743733
constant,prepared,0.08,0.0005,0.8535,0.20244993735274375,0.3744687907097777,6.63358257213531e-13,8.857323676501816e-13,-6.633860127891467e-13,0.2946053292099024,0.172160066125941,0.019122920720142687
constant,prepared,0.08,0.0005,0.854,0.20234833889611012,0.37428200847301646,6.796230245242896e-13,9.079023425362823e-13,-6.787903572558207e-13,0.29470650337935045,0.17207409929115258,0.019103824160451387
constant,prepared,0.08,0.0005,0.8545,0.2022467929672787,0.37409531783407257,6.692424392440444e-13,8.944811754370629e-13,-6.700473509368976e-13,0.2948076267758341,0.17198817502871877,0.01908474660605455
constant,prepared,0.08,0.0005,0.855,0.20214529953238614,0.3739087187549023,6.64329702360078e-13,8.883581326635994e-13,-6.648293027211594e-13,0.29490869942560033,0.1719022933191082,0.019065688038353873
constant,prepared,0.08,0.0005,0.8555,0.20204385855762536,0.3737222111974274,6.63663568545303e-13,8.879102561476044e-13,-6.629696791549122e-13,0.29500972135487913,0.17181645414278632,0.019046648438767716
constant,prepared,0.08,0.0005,0.856,0.20194247000923538,0.3735357951235477,6.64329702360078e-13,8.892450349233051e-13,-6.630807014573747e-13,0.29511069258988376,0.17173065748023034,0.01902762778873087
constant,prepared,0.08,0.0005,0.8565,0.20184113385350427,0.37334947049518047,6.591671652955711e-13,8.827750102614627e-13,-6.597500323834993e-13,0.2952116131568105,0.17164490331190868,0.01900862606969492
constant,prepared,0.08,0.0005,0.857,0.20173985005677178,0.37316323727419276,6.653844142334719e-13,8.915460417446853e-13,-6.649125694480063e-13,0.2953124830818389,0.17155919161829927,0.018989643263128124
constant,prepared,0.08,0.0005,0.8575,0.2016386185854264,0.37297709542245816,6.621092563108277e-13,8.876004243106295e-13,-6.603606550470431e-13,0.2954133023911316,0.17147352237988012,0.018970679350515135
constant,prepared,0.08,0.0005,0.858,0.20153743940590765,0.3727910449018361,6.68298749673113e-13,8.963449616238653e-13,-6.701583732393601e-13,0.29551407111083455,0.17138789557713222,0.018951734313357574
constant,prepared,0.08,0.0005,0.8585,0.2014363124847002,0.3726050856741581,6.62386812066984e-13,8.888590595428026e-13,-6.612210778911276e-13,0.2956147892670769,0.17130231119053804,0.018932808133173485
constant,prepared,0.08,0.0005,0.859,0.20133523778834128,0.3724192177012588,6.596667656566524e-13,8.856508127156169e-13,-6.613598557692058e-13,0.29571545688597106,0.17121676920057935,0.018913900791497438
constant,prepared,0.08,0.0005,0.8595,0.20123421528341429,0.37223344094494776,6.579181643928678e-13,8.837440326722156e-13,-6.572520305780927e-13,0.29581607399361276,0.17113126958774844,0.018895012269880704
constant,prepared,0.08,0.0005,0.86,0.201133244936554,0.372047755367031,6.64329702360078e-13,8.928016535190667e-13,-6.617761894034402e-13,0.29591664061608103,0.17104581233253327,0.018876142549891207
constant,prepared,0.08,0.0005,0.8605,0.2010323267144413,0.37186216092929025,6.543654507140673e-13,8.798494704035233e-13,-6.567246746413957e-13,0.29601715677943824,0.17096039741542482,0.018857291613113294
constant,prepared,0.08,0.0005,0.861,0.2009314605838044,0.3716766575935057,6.615263892228995e-13,8.899218927353343e-13,-6.636913241209186e-13,0.2961176225097301,0.17087502481692055,0.018838459441148012
constant,prepared,0.08,0.0005,0.8615,0.2008306465114264,0.3714912453214288,6.649403250236219e-13,8.949609626031622e-13,-6.646905248430812e-13,0.29621803783298584,0.17078969451751505,0.01881964601561292
constant,prepared,0.08,0.0005,0.862,0.20072988446412895,0.3713059240748176,6.575573419098646e-13,8.854657295701878e-13,-6.576406086367115e-13,0.2963184027752179,0.17070440649770913,0.018800851318142246
constant,prepared,0.08,0.0005,0.8625,0.20062917440878603,0.37112069381540264,6.551981179825361e-13,8.827291618341508e-13,-6.54837295499533e-13,0.2964187173624223,0.17061916073800654,0.018782075330386484
constant,prepared,0.08,0.0005,0.863,0.20052851631232188,0.37093555450490945,6.556699627680018e-13,8.83805764646301e-13,-6.564193633096238e-13,0.2965189816205785,0.1705339572189096,0.018763318034013085
constant,prepared,0.08,0.0005,0.8635,0.20042791014170486,0.3707505061050527,6.619149672815183e-13,8.926690002863716e-13,-6.615541447985152e-13,0.29661919557564936,0.1704487959209271,0.01874457941070558
constant,prepared,0.08,0.0005,0.864,0.2003273558639499,0.3705655485775238,6.570854971243989e-13,8.8659820056957e-13,-6.557809850704643e-13,0.29671935925358134,0.17036367682457018,0.018725859442164552
constant,prepared,0.08,0.0005,0.8645,0.20022685344612226,0.3703806818840155,6.552536291337674e-13,8.845677720016456e-13,-6.549205622263798e-13,0.2968194726803044,0.17027859991035083,0.018707158110106557
constant,prepared,0.08,0.0005,0.865,0.20012640285533212,0.3701959059862019,6.606937219544307e-13,8.92356872766803e-13,-6.603051438958119e-13,0.2969195358817321,0.17019356515878425,0.018688475396264923
constant,prepared,0.08,0.0005,0.8655,0.20002600405873622,0.3700112208457456,6.573075417293239e-13,8.882264978698656e-13,-6.600553437152712e-13,0.2970195488837615,0.17010857255039163,0.018669811282389644
constant,prepared,0.08,0.0005,0.866,0.19992565702353882,0.36982662642429087,6.616651671009777e-13,8.945612887554469e-13,-6.602496327445806e-13,0.29711951171227324,0.17002362206569124,0.018651165750246935
constant,prepared,0.08,0.0005,0.8665,0.19982536171698853,0.369642122683492,6.533662499919046e-13,8.837821907959005e-13,-6.549760733776111e-13,0.29721942439313176,0.16993871368520697,0.018632538781619638
constant,prepared,0.08,0.0005,0.867,0.19972511810638763,0.36945770958496793,6.561973187046988e-13,8.880547105665469e-13,-6.551703624069205e-13,0.29731928695218496,0.16985384738946765,0.01861393035830714
constant,prepared,0.08,0.0005,0.8675,0.1996249261590749,0.36927338709033514,6.574463196074021e-13,8.901891425037708e-13,-6.569744748219364e-13,0.2974190994152645,0.16976902315900227,0.018595340462125104
constant,prepared,0.08,0.0005,0.868,0.19952478584244454,0.369089155161208,6.576961197879427e-13,8.909718838800522e-13,-6.561973187046988e-13,0.2975188618081857,0.16968424097434215,0.01857676907490593
constant,prepared,0.08,0.0005,0.8685,0.1994246971239259,0.3689050137591792,6.499245586155666e-13,8.808833363257894e-13,-6.499245586155666e-13,0.2976185741567477,0.16959950081602335,0.018558216178497972
constant,prepared,0.08,0.0005,0.869,0.19932465997100215,0.3687209628458332,6.529499163576702e-13,8.854255414684661e-13,-6.543654507140673e-13,0.2977182364867332,0.16951480266458654,0.01853968175476665
constant,prepared,0.08,0.0005,0.8695,0.19922467435120234,0.36853700238274417,6.59916565837193e-13,8.95319278077871e-13,-6.613321001935901e-13,0.29781784882390877,0.16943014650057026,0.018521165785593388
constant,prepared,0.08,0.0005,0.87,0.19912474023209728,0.36835313233147154,6.5161764872812e-13,8.845012998846574e-13,-6.544764730165298e-13,0.2979174111940248,0.16934553230452054,0.018502668252876418
constant,prepared,0.08,0.0005,0.8705,0.19902485758130342,0.36816935265357487,6.580291866953303e-13,8.936501394697944e-13,-6.595557433541899e-13,0.29801692362281546,0.16926096005698368,0.018484189138529998
constant,prepared,0.08,0.0005,0.871,0.19892502636648382,0.36798566331058913,6.605549440763525e-13,8.975280967919594e-13,-6.609435221349713e-13,0.2981163861359987,0.16917642973851107,0.018465728424485007
constant,prepared,0.08,0.0005,0.8715,0.1988252465553478,0.3678020642640571,6.575850974854802e-13,8.939388347380109e-13,-6.57002230397552e-13,0.2982157987592764,0.1690919413296567,0.018447286092688735
constant,prepared,0.08,0.0005,0.872,0.19872551811564645,0.3676185554754929,6.558642517973112e-13,8.920445418599784e-13,-6.576683642123271e-13,0.2983151615183342,0.16900749481097677,0.01842886212510476
constant,prepared,0.08,0.0005,0.8725,0.1986258410151787,0.36743513690641555,6.536160501724453e-13,8.894305205470016e-13,-6.540046282310641e-13,0.2984144744388418,0.16892309016303048,0.018410456503713264
constant,prepared,0.08,0.0005,0.873,0.19852621522178307,0.3672518085183323,6.543654507140673e-13,8.908947968881412e-13,-6.535327834455984e-13,0.29851373754645266,0.16883872736638122,0.018392069210510436
constant,prepared,0.08,0.0005,0.8735,0.19842664070334884,0.3670685702727236,6.490918913470978e-13,8.841561821327597e-13,-6.485367798347852e-13,0.29861295086680434,0.1687544064015974,0.01837370022750934
constant,prepared,0.08,0.0005,0.874,0.19832711742780554,0.3668854221310857,6.47731868141932e-13,8.827440790355658e-13,-6.494527138301009e-13,0.29871211442551826,0.16867012724924482,0.018355349536738945
constant,prepared,0.08,0.0005,0.8745,0.19822764536312928,0.3667023640548898,6.554479181630768e-13,8.937056076142182e-13,-6.551703624069205e-13,0.29881122824819983,0.1685858898898993,0.01833701712024497
constant,prepared,0.08,0.0005,0.875,0.19812822447733697,0.3665193960055989,6.478428904443945e-13,8.837770899768775e-13,-6.482869796542445e-13,0.2989102923604385,0.1685016943041339,0.018318702960088945
constant,prepared,0.08,0.0005,0.8755000000000001,0.19802885473849158,0.3663365179446735,6.459277557269161e-13,8.816043775137629e-13,-6.452061107609097e-13,0.29900930678780774,0.16841754047253116,0.018300407038349453
constant,prepared,0.08,0.0005,0.876,0.19792953611470251,0.36615372983356426,6.459000001513004e-13,8.820065829239616e-13,-6.46455111663613e-13,0.2991082715558651,0.16833342837567097,0.018282129337120912
constant,prepared,0.08,0.0005,0.8765000000000001,0.19783026857411581,0.36597103163370587,6.566691634901645e-13,8.971600300687518e-13,-6.564471188852394e-13,0.29920718669015217,0.1682493579941414,0.018263869838514114
constant,prepared,0.08,0.0005,0.877,0.19773105208492517,0.36578842330652395,6.45483666517066e-13,8.823183367610203e-13,-6.454281553658348e-13,0.2993060522161946,0.16816532930852973,0.018245628524656263
constant,prepared,0.08,0.0005,0.8775000000000001,0.19763188661536843,0.36560590481345406,6.569189636707051e-13,8.983976393998611e-13,-6.561140519778519e-13,0.2994048681595023,0.16808134229942998,0.01822740537769088
constant,prepared,0.08,0.0005,0.878,0.19753277213372494,0.36542347611589154,6.530886942357483e-13,8.936052784250268e-13,-6.52367049269742e-13,0.29950363454556916,0.1679973969474388,0.018209200379777694
constant,prepared,0.08,0.0005,0.8785000000000001,0.19743370860831688,0.365241137175256,6.4742655681016e-13,8.863001602403392e-13,-6.497580251618729e-13,0.29960235139987335,0.16791349323315496,0.018191013513092668
constant,prepared,0.08,0.0005,0.879,0.19733469600751272,0.36505888795293623,6.474543123857757e-13,8.867806451937038e-13,-6.463718449367661e-13,0.2997010187478771,0.1678296311371828,0.01817284475982839
constant,prepared,0.08,0.0005,0.8795000000000001,0.19723573429971653,0.3648767284103278,6.474543123857757e-13,8.87223357880331e-13,-6.478428904443945e-13,0.29979963661502695,0.16774581064012595,0.01815469410219326
constant,prepared,0.08,0.0005,0.88,0.19713682345338207,0.3646946585088109,6.525058271478201e-13,8.945919715622488e-13,-6.518674489086607e-13,0.29989820502675363,0.1676620317225981,0.01813656152241217
constant,prepared,0.08,0.0005,0.8805000000000001,0.19703796343700156,0.3645126782097485,6.517286710305825e-13,8.939725693916482e-13,-6.517564266061981e-13,0.2999967240084721,0.16757829436521202,0.01811844700272632
constant,prepared,0.08,0.0005,0.881,0.19693915421911137,0.3643307874745144,6.509515149133449e-13,8.933523288342721e-13,-6.50424158976648e-13,0.3000951935855817,0.16749459854858306,0.018100350525392953
constant,prepared,0.08,0.0005,0.8815000000000001,0.19684039576828866,0.36414898626446346,6.431244425897376e-13,8.830512604010108e-13,-6.413203301747217e-13,0.3001936137834658,0.16741094425333475,0.01808227207268579
constant,prepared,0.08,0.0005,0.882,0.19674168805315426,0.36396727454095695,6.448730438535222e-13,8.858942670962355e-13,-6.475375791126226e-13,0.3002919846274924,0.16732733146009046,0.01806421162689463
constant,prepared,0.08,0.0005,0.8825000000000001,0.1966430310423678,0.36378565226531906,6.439571098582064e-13,8.850776629694846e-13,-6.435962873752032e-13,0.3003903061430136,0.1672437601494793,0.018046169170325473
constant,prepared,0.08,0.0005,0.883,0.1965444247046353,0.36360411939890214,6.521172490892013e-13,8.967407329799706e-13,-6.498690474643354e-13,0.3004885783553659,0.16716023030213145,0.018028144685300604
constant,prepared,0.08,0.0005,0.8835000000000001,0.1964458690087003,0.36342267590302346,6.436240429508189e-13,8.855034174064514e-13,-6.44512221370519e-13,0.30058680128987025,0.1670767418986845,0.0180101381541584
constant,prepared,0.08,0.0005,0.884,0.1963473639233516,0.3632413217390131,6.429579091360438e-13,8.850285893374164e-13,-6.446787548242128e-13,0.30068497497183194,0.16699329491977602,0.017992149559253632
constant,prepared,0.08,0.0005,0.8845000000000001,0.19624890941741455,0.36306005686818527,6.508127370352668e-13,8.962879897181465e-13,-6.515898931525044e-13,0.30078309942654063,0.1669098893460506,0.017974178882956965
constant,prepared,0.08,0.0005,0.885,0.1961505054597593,0.36287888125184153,6.487310688640946e-13,8.938672135252878e-13,-6.473155345076975e-13,0.3008811746792705,0.16682652515815408,0.01795622610765537
constant,prepared,0.08,0.0005,0.8855000000000001,0.19605215201929757,0.36269779485128856,6.514511152744262e-13,8.980632423488346e-13,-6.545597397433767e-13,0.3009792007552802,0.16674320233673884,0.017938291215752123
constant,prepared,0.08,0.0005,0.886,0.19595384906497798,0.36251679762781747,6.372402605592242e-13,8.78911356285475e-13,-6.384059947350806e-13,0.3010771776798127,0.16665992086245568,0.017920374189666462
constant,prepared,0.08,0.0005,0.8865000000000001,0.1958555965657952,0.3623358895427189,6.369071936518367e-13,8.788905709217448e-13,-6.372402605592242e-13,0.30117510547809556,0.1665766807159674,0.017902475011833813
constant,prepared,0.08,0.0005,0.887,0.19575739449078158,0.3621550705572801,6.405709296330997e-13,8.843876307555629e-13,-6.414868636284154e-13,0.30127298417534093,0.16649348187793464,0.017884593664705708
constant,prepared,0.08,0.0005,0.8875000000000001,0.19565924280900798,0.3619743406327799,6.399603069695559e-13,8.839857348040933e-13,-6.417644193845717e-13,0.3013708137967454,0.1664103243290215,0.017866730130750116
constant,prepared,0.08,0.0005,0.888,0.19556114148959264,0.36179369973047737,6.480649350493195e-13,8.956277231078415e-13,-6.495914917081791e-13,0.3014685943674902,0.1663272080499005,0.01784888439245052
constant,prepared,0.08,0.0005,0.8885000000000001,0.1954630905016854,0.36161314781163767,6.52145004664817e-13,9.017163903065932e-13,-6.506184480059574e-13,0.301566325912741,0.16624413302124486,0.01783105643230689
constant,prepared,0.08,0.0005,0.889,0.19536508981448267,0.36143268483752583,6.405154184818684e-13,8.860784391555935e-13,-6.41070529994181e-13,0.30166400845764824,0.16616109922373348,0.01781324623283538
constant,prepared,0.08,0.0005,0.8895000000000001,0.1952671393972173,0.3612523107693964,6.444844657949034e-13,8.920143160077001e-13,-6.459000001513004e-13,0.30176164202734684,0.16607810663804698,0.017795453776568073
constant,prepared,0.08,0.0005,0.89,0.19516923921916682,0.36107202556849066,6.490918913470978e-13,8.988399064210944e-13,-6.486755577128633e-13,0.3018592266469564,0.16599515524487254,0.017777679046053135
constant,prepared,0.08,0.0005,0.8905000000000001,0.19507138924964146,0.3608918291960519,6.379341499496149e-13,8.83830137371298e-13,-6.387390616424682e-13,0.30195676234158125,0.16591224502489868,0.01775992202385472
constant,prepared,0.08,0.0005,0.891,0.19497358945799856,0.3607117216133149,6.395994844865527e-13,8.865798450149065e-13,-6.401823515744809e-13,0.30205424913631024,0.1658293759588202,0.017742182692553402
constant,prepared,0.08,0.0005,0.8915000000000001,0.19487583981362858,0.36053170278152324,6.455114220926816e-13,8.952214425415924e-13,-6.433742427702782e-13,0.30215168705621703,0.16574654802733696,0.017724461034745325
constant,prepared,0.08,0.0005,0.892,0.19477814028596582,0.36035177266188534,6.343814362708144e-13,8.802252193518279e-13,-6.353806369929771e-13,0.30224907612636004,0.16566376121114806,0.017706757033042902
constant,prepared,0.08,0.0005,0.8925000000000001,0.19468049084448233,0.36017193121563185,6.362410598370616e-13,8.832463119614775e-13,-6.350753256612052e-13,0.3023464163717823,0.16558101549096305,0.01768907067007464
constant,prepared,0.08,0.0005,0.893,0.19458289145868932,0.3599921784039824,6.47204512205235e-13,8.989146862496021e-13,-6.47953912746857e-13,0.3024437078175116,0.16549831084748978,0.01767140192848506
constant,prepared,0.08,0.0005,0.8935000000000001,0.19448534209813462,0.3598125141881377,6.376010830422274e-13,8.860184928257881e-13,-6.381284389789244e-13,0.30254095048856067,0.1654156472614439,0.017653750790934494
constant,prepared,0.08,0.0005,0.894,0.19438784273241058,0.3596329385293127,6.404043961794059e-13,8.903583731758736e-13,-6.40626440784331e-13,0.30263814440992687,0.16533302471354555,0.017636117240099503
constant,prepared,0.08,0.0005,0.8945000000000001,0.19429039333114326,0.3594534513887026,6.415423747796467e-13,8.92385887937029e-13,-6.403488850281747e-13,0.30273528960659246,0.16525044318451676,0.017618501258672686
constant,prepared,0.08,0.0005,0.895,0.1941929938639999,0.359274052727518,6.364908600176022e-13,8.858013196123688e-13,-6.394607066084745e-13,0.3028323861035245,0.16516790265508322,0.01760090282936221
constant,prepared,0.08,0.0005,0.8955000000000001,0.1940956443006877,0.35909474250693385,6.396827512133996e-13,8.906879932953599e-13,-6.416811526577249e-13,0.30292943392567484,0.16508540310598088,0.01758332193489271
constant,prepared,0.08,0.0005,0.896,0.19399834461094584,0.35891552068815236,6.371292382567617e-13,8.875754899573887e-13,-6.382394612813869e-13,0.30302643309798033,0.16500294451794248,0.01756575855800452
constant,prepared,0.08,0.0005,0.8965,0.19390109476455938,0.35873638723235407,6.376565941934587e-13,8.887537156634754e-13,-6.371292382567617e-13,0.3031233836453626,0.16492052687170697,0.017548212681453935
constant,prepared,0.08,0.0005,0.897,0.19380389473134815,0.3585573421007199,6.36657393471296e-13,8.878041511305768e-13,-6.380174166764618e-13,0.3032202855927283,0.16483815014802233,0.01753068428801338
constant,prepared,0.08,0.0005,0.8975,0.193706744481169,0.35837838525442695,6.348532810562801e-13,8.857304279177026e-13,-6.348532810562801e-13,0.30331713896496887,0.16475581432763556,0.01751317336047097
constant,prepared,0.08,0.0005,0.898,0.1936096439839203,0.3581995166546503,6.371569938323773e-13,8.893884053535878e-13,-6.397660179402465e-13,0.30341394378696085,0.16467351939129932,0.017495679881630942
constant,prepared,0.08,0.0005,0.8985,0.1935125932095334,0.3580207362625479,6.346034808757395e-13,8.862663759366753e-13,-6.332434576705737e-13,0.3035107000835656,0.1645912653197732,0.017478203834313467
constant,prepared,0.08,0.0005,0.899,0.1934155921279829,0.3578420440393021,6.336875468804237e-13,8.854291403643226e-13,-6.361300375345991e-13,0.3036074078796296,0.16450905209381744,0.017460745201354214
constant,prepared,0.08,0.0005,0.8995,0.19331864070927735,0.35766343994606337,6.382117057057712e-13,8.921958948354435e-13,-6.375455718909961e-13,0.3037040671999842,0.16442687969419814,0.017443303965605353
constant,prepared,0.08,0.0005,0.9,0.1932217389234607,0.3574849239439982,6.395994844865527e-13,8.94582458792272e-13,-6.420142195651124e-13,0.30380067806944594,0.1643447481016878,0.017425880109934472
constant,prepared,0.08,0.0005,0.9005,0.19312488674062137,0.357306495994249,6.420697307163437e-13,8.984859468187518e-13,-6.406541963599466e-13,0.30389724051281625,0.1642626572970603,0.017408473617225282
constant,prepared,0.08,0.0005,0.901,0.19302808413087674,0.3571281560579838,6.324385459777204e-13,8.854504121966749e-13,-6.34492458573277e-13,0.3039937545548817,0.16418060726109607,0.017391084470377335
constant,prepared,0.08,0.0005,0.9015,0.19293133106438698,0.35694990409633187,6.343259251195832e-13,8.885363433909633e-13,-6.344091918464301e-13,0.3040902202204139,0.1640985979745808,0.017373712652305914
constant,prepared,0.08,0.0005,0.902,0.19283462751134817,0.3567717400704587,6.336597913048081e-13,8.880465016358978e-13,-6.346589920269707e-13,0.3041866375341695,0.1640166294183009,0.01735635814594238
constant,prepared,0.08,0.0005,0.9025,0.1927379734419946,0.3565936639415002,6.463718449367661e-13,9.063142594735204e-13,-6.474543123857757e-13,0.3042830065208905,0.16393470157305065,0.017339020934233635
constant,prepared,0.08,0.0005,0.903,0.19264136882659103,0.35641567567058735,6.385725281887744e-13,8.958255371158183e-13,-6.383504835838494e-13,0.3043793272053038,0.1638528144196282,0.017321701000142565
constant,prepared,0.08,0.0005,0.9035,0.192544813635448,0.35623777521887123,6.345202141488926e-13,8.905852471126631e-13,-6.372402605592242e-13,0.3044755996121215,0.1637709679388357,0.017304398326648006
constant,prepared,0.08,0.0005,0.904,0.19244830783890324,0.356059962547473,6.34936547783127e-13,8.916146359728744e-13,-6.357692150515959e-13,0.30457182376604097,0.1636891621114815,0.01728711289674425
constant,prepared,0.08,0.0005,0.9045,0.1923518514073387,0.35588223761753385,6.379896611008462e-13,8.963494010986872e-13,-6.359912596565209e-13,0.30466799969174463,0.16360739691837645,0.01726984469344184
constant,prepared,0.08,0.0005,0.905,0.1922554443111682,0.35570460039017854,6.20281603858075e-13,8.719055125757954e-13,-6.198375146482249e-13,0.3047641274139002,0.16352567234033577,0.017252593699766682
constant,prepared,0.08,0.0005,0.9055,0.1921590865208455,0.35552705082654207,6.327438573094923e-13,8.898673896091783e-13,-6.336597913048081e-13,0.3048602069571606,0.16344398835818338,0.017235359898760808
constant,prepared,0.08,0.0005,0.906,0.19206277800685495,0.3553495888877352,6.251943407420413e-13,8.796891290888865e-13,-6.256384299518913e-13,0.30495623834616403,0.163362344952743,0.01721814327348181
constant,prepared,0.08,0.0005,0.9065,0.19196651873972265,0.35517221453489733,6.331601909437268e-13,8.913425164357155e-13,-6.317724121629453e-13,0.3050522216055339,0.16328074210484445,0.017200943807003016
constant,prepared,0.08,0.0005,0.907,0.19187030869000737,0.35499492772913604,6.257216966787382e-13,8.813107565801862e-13,-6.241118732930317e-13,0.30514815675987894,0.1631991797953249,0.017183761482413674
constant,prepared,0.08,0.0005,0.9075,0.19177414782830443,0.35481772843157605,6.259437412836633e-13,8.820637909639e-13,-6.259714968592789e-13,0.3052440438337931,0.1631176580050226,0.017166596282818566
constant,prepared,0.08,0.0005,0.908,0.1916780361252438,0.35464061660333246,6.296352328405419e-13,8.877088570261448e-13,-6.309675004700921e-13,0.30533988285185576,0.16303617671478288,0.017149448191338297
constant,prepared,0.08,0.0005,0.9085,0.19158197355149387,0.35446359220552304,6.326605905826455e-13,8.924197075439771e-13,-6.304123889577795e-13,0.3054356738386315,0.16295473590545603,0.01713231719110938
constant,prepared,0.08,0.0005,0.909,0.1914859600777539,0.35428665519925717,6.331879465193424e-13,8.936096480442657e-13,-6.331324353681111e-13,0.3055314168186704,0.16287333555789504,0.017115203265283752
constant,prepared,0.08,0.0005,0.9095,0.19138999567476478,0.35410980554565064,6.328826351875705e-13,8.936248379394509e-13,-6.309952560457077e-13,0.3056271118165078,0.16279197565295947,0.017098106397029026
constant,prepared,0.08,0.0005,0.91,0.19129408031329542,0.3539330432058116,6.285250098159167e-13,8.879151323685144e-13,-6.30301366655317e-13,0.30572275885666444,0.1627106561715121,0.017081026569528843
constant,prepared,0.08,0.0005,0.9105,0.19119821396415437,0.3537563681408426,6.303568778065483e-13,8.909477462113416e-13,-6.287192988452261e-13,0.30581835796364654,0.1626293770944247,0.017063963765982196
constant,prepared,0.08,0.0005,0.911,0.1911023965981834,0.35357978031186144,6.241118732930317e-13,8.825616000185404e-13,-6.250278072883475e-13,0.3059139091619456,0.16254813840256635,0.017046917969603913
constant,prepared,0.08,0.0005,0.9115,0.19100662818626335,0.35340327967997065,6.211142711265438e-13,8.787613285429282e-13,-6.248612738346537e-13,0.30600941247603874,0.16246694007681936,0.017029889163624395
constant,prepared,0.08,0.0005,0.912,0.19091090869930347,0.3532268662062737,6.301903443528545e-13,8.920475827909991e-13,-6.293854326600012e-13,0.3061048679303884,0.16238578209806565,0.017012877331289693
constant,prepared,0.08,0.0005,0.9125,0.1908152381082529,0.3530505398518749,6.253331186201194e-13,8.856141657252938e-13,-6.254441409225819e-13,0.3062002755494425,0.16230466444719271,0.016995882455861606
constant,prepared,0.08,0.0005,0.913,0.19071961638409102,0.35287430057788066,6.259714968592789e-13,8.869610167609378e-13,-6.265266083715915e-13,0.30629563535763454,0.1622235871050965,0.016978904520617396
constant,prepared,0.08,0.0005,0.9135,0.1906240434978353,0.35269814834539004,6.256106743762757e-13,8.868924848494996e-13,-6.254441409225819e-13,0.30639094737938344,0.16214255005267167,0.016961943508849987
constant,prepared,0.08,0.0005,0.914,0.19052851942053664,0.35252208311551075,6.257772078299695e-13,8.875716413266029e-13,-6.253053630445038e-13,0.30648621163909373,0.1620615532708248,0.01694499940386799
constant,prepared,0.08,0.0005,0.9145,0.1904330441232789,0.3523461048493266,6.213918268827001e-13,8.817918210673527e-13,-6.217248937900877e-13,0.30658142816115536,0.16198059674046142,0.016928072188995676
constant,prepared,0.08,0.0005,0.915,0.19033761757718176,0.35217021350795824,6.258604745568164e-13,8.885766747875701e-13,-6.254718964981976e-13,0.3066765969699439,0.1618996804424951,0.01691116184757249
constant,prepared,0.08,0.0005,0.9155,0.19024223975339807,0.3519944090524967,6.214195824583157e-13,8.827122909856905e-13,-6.22446538756094e-13,0.3067717180898206,0.16181880435784574,0.01689426836295415
constant,prepared,0.08,0.0005,0.916,0.19014691062311392,0.35181869144403577,6.235290062051035e-13,8.861510507660684e-13,-6.223910276048628e-13,0.3068667915451322,0.16173796846743477,0.016877391718511277
constant,prepared,0.08,0.0005,0.9165,0.1900516301575505,0.35164306064368817,6.192268919846811e-13,8.804764849484465e-13,-6.213085601558532e-13,0.30696181736021094,0.16165717275219088,0.016860531897630385
constant,prepared,0.08,0.0005,0.917,0.1899563983279632,0.3514675166125361,6.277756092742948e-13,8.930777093204389e-13,-6.273037644888291e-13,0.30705679555937493,0.16157641719304833,0.016843688883713393
constant,prepared,0.08,0.0005,0.9175,0.18986121510563958,0.35129205931168983,6.22446538756094e-13,8.859388111065534e-13,-6.224187831804784e-13,0.30715172616692776,0.16149570177094552,0.016826862660177962
constant,prepared,0.08,0.0005,0.918,0.18976608046190285,0.3511166887022428,6.174782907208964e-13,8.793063824488176e-13,-6.177280909014371e-13,0.30724660920715874,0.16141502646682487,0.016810053210457
constant,prepared,0.08,0.0005,0.9185,0.18967099436810642,0.35094140474529734,6.236955396587973e-13,8.886035264361332e-13,-6.236122729319504e-13,0.30734144470434277,0.16133439126163657,0.016793260517999016
constant,prepared,0.08,0.0005,0.919,0.1895759567956414,0.3507662074019462,6.263045637666664e-13,8.927663933265087e-13,-6.265266083715915e-13,0.3074362326827406,0.16125379613633292,0.016776484566268384
constant,prepared,0.08,0.0005,0.9195,0.18948096771592648,0.35059109663329213,6.280809206060667e-13,8.957456801341109e-13,-6.250833184395788e-13,0.30753097316659855,0.1611732410718736,0.01675972533874434
constant,prepared,0.08,0.0005,0.92,0.1893860271004178,0.35041607240043043,6.182832024137497e-13,8.822129621193208e-13,-6.192546475602967e-13,0.30762566618014875,0.16109272604922337,0.016742982818921823
constant,prepared,0.08,0.0005,0.9205,0.18929113492060645,0.3502411346644712,6.257772078299695e-13,8.933519593992022e-13,-6.265266083715915e-13,0.30772031174760905,0.1610122510493512,0.016726256990311668
constant,prepared,0.08,0.0005,0.921,0.18919629114801148,0.35006628338649803,6.283307207866073e-13,8.974453562160422e-13,-6.275535646693697e-13,0.30781490989318305,0.16093181605323229,0.01670954783643973
constant,prepared,0.08,0.0005,0.9215,0.18910149575418497,0.3498915185276223,6.244449402004193e-13,8.923407786899027e-13,-6.250555628639631e-13,0.3079094606410602,0.16085142104184488,0.016692855340847332
constant,prepared,0.08,0.0005,0.922,0.189006748710716,0.3497168400489447,6.193379142871436e-13,8.854848313851793e-13,-6.218359160925502e-13,0.3080039640154155,0.160771065996175,0.01667617948709133
constant,prepared,0.08,0.0005,0.9225,0.18891204998922556,0.3495422479115594,6.271094754595197e-13,8.970438898385001e-13,-6.264710972203602e-13,0.30809842004041016,0.16069075089721266,0.016659520258744114
constant,prepared,0.08,0.0005,0.923,0.18881739956136137,0.3493677420765724,6.176170685989746e-13,8.839068325647863e-13,-6.171174682378933e-13,0.3081928287401908,0.16061047572595608,0.016642877639393226
constant,prepared,0.08,0.0005,0.9235,0.18872279739881126,0.3491933225050905,6.294686993868481e-13,9.013183512080252e-13,-6.292744103575387e-13,0.3082871901388902,0.16053024046340209,0.01662625161264198
constant,prepared,0.08,0.0005,0.924,0.1886282434732913,0.3490189891582095,6.24389429049188e-13,8.944920598082348e-13,-6.250000517127319e-13,0.3083815042606269,0.1604500450905596,0.01660964216210867
constant,prepared,0.08,0.0005,0.9245,0.18853373775654975,0.34884474199704263,6.163680676962713e-13,8.834418202309497e-13,-6.174782907208964e-13,0.30847577112950514,0.16036988958843865,0.01659304927142732
constant,prepared,0.08,0.0005,0.925,0.1884392802203678,0.34867058098269016,6.201150704043812e-13,8.892563700902193e-13,-6.203371150093062e-13,0.30856999076961533,0.1602897739380571,0.016576472924247264
constant,prepared,0.08,0.0005,0.9255,0.18834487083656137,0.3484965060762667,6.184497358674435e-13,8.873112428443546e-13,-6.184219802918278e-13,0.3086641632050336,0.1602096981204372,0.016559913104232906
constant,prepared,0.08,0.0005,0.926,0.18825050957697329,0.3483225172388708,6.147304887349492e-13,8.824156612201445e-13,-6.163958232718869e-13,0.30875828845982206,0.16012966211660587,0.016543369795064385
constant,prepared,0.08,0.0005,0.9265,0.18815619641348258,0.34814861443161976,6.233069616001785e-13,8.95173692730644e-13,-6.210587599753126e-13,0.3088523665580288,0.1600496659075969,0.016526842980437172
constant,prepared,0.08,0.0005,0.927,0.1880619313179988,0.3479747976156205,6.226963389366347e-13,8.9474344579391e-13,-6.236400285075661e-13,0.3089463975236878,0.1599697094744481,0.016510332644061643
constant,prepared,0.08,0.0005,0.9275,0.18796771426246223,0.347801066751985,6.255551632250445e-13,8.993002365782876e-13,-6.226963389366347e-13,0.309040381380819,0.15988979279820237,0.016493838769663996
constant,prepared,0.08,0.0005,0.928,0.18787354521884303,0.34762742180183304,6.182832024137497e-13,8.892900324268085e-13,-6.190603585309873e-13,0.30913431815342846,0.15980991585991108,0.016477361340985475
constant,prepared,0.08,0.0005,0.9285,0.1877794241591486,0.3474538627262785,6.175615574477433e-13,8.886957718667022e-13,-6.170897126622776e-13,0.30922820786550803,0.15973007864062636,0.016460900341782735
constant,prepared,0.08,0.0005,0.929,0.1876853510554135,0.3472803894864322,6.251943407420413e-13,9.001290594986275e-13,-6.229183835415597e-13,0.30932205054103573,0.15965028112141091,0.01644445575582755
constant,prepared,0.08,0.0005,0.9295,0.1875913258797031,0.3471070020434229,6.186995360479841e-13,8.912230701269947e-13,-6.186162693211372e-13,0.3094158462039756,0.15957052328332935,0.016428027566907286
constant,prepared,0.08,0.0005,0.93,0.18749734860411704,0.34693370035836685,6.162570453938088e-13,8.881481458225242e-13,-6.166733790280432e-13,0.30950959487827767,0.15949080510745187,0.016411615758824154
constant,prepared,0.08,0.0005,0.9305,0.18740341920078463,0.3467604843923834,6.163680676962713e-13,8.887518841366315e-13,-6.162848009694244e-13,0.30960329658787805,0.15941112657485496,0.016395220315396194
constant,prepared,0.08,0.0005,0.931,0.1873095376418652,0.3465873541066064,6.167288901792745e-13,8.897163772297168e-13,-6.167844013305057e-13,0.309696951356699,0.15933148766662253,0.01637884122045606
constant,prepared,0.08,0.0005,0.9315,0.18721570389955106,0.3464143094621509,6.163680676962713e-13,8.896400218754056e-13,-6.155354004278024e-13,0.3097905592086488,0.15925188836384085,0.016362478457852086
constant,prepared,0.08,0.0005,0.932,0.18712191794606434,0.3462413504201618,6.093181514899015e-13,8.799037878490849e-13,-6.090405957337452e-13,0.3098841201676218,0.15917232864760458,0.016346132011447592
constant,prepared,0.08,0.0005,0.9325,0.1870281797536577,0.34606847694175996,6.109834860268393e-13,8.827494076109144e-13,-6.122324869295426e-13,0.30997763425749864,0.15909280849900848,0.016329801865121285
constant,prepared,0.08,0.0005,0.933,0.18693448929461504,0.3458956889880853,6.213363157314689e-13,8.981556225066357e-13,-6.22668583361019e-13,0.31007110150214595,0.1590133278991618,0.016313488002766954
constant,prepared,0.08,0.0005,0.9335,0.1868408465412519,0.34572298652026034,6.122047313539269e-13,8.853977826514986e-13,-6.133149543785521e-13,0.3101645219254166,0.15893388682917095,0.016297190408293975
constant,prepared,0.08,0.0005,0.934,0.18674725146591167,0.34555036949944223,6.153688669741086e-13,8.904184762773838e-13,-6.158129561839587e-13,0.3102578955511496,0.15885448527015505,0.016280909065626046
constant,prepared,0.08,0.0005,0.9345,0.18665370404096937,0.3453778378867612,6.206424263410781e-13,8.984977584809741e-13,-6.200873148287656e-13,0.31035122240317004,0.15877512320323145,0.016264643958702932
constant,prepared,0.08,0.0005,0.935,0.18656020423883324,0.3452053916433594,6.074307723480388e-13,8.798106678690824e-13,-6.074030167724231e-13,0.31044450250528943,0.1586958006095289,0.016248395071479054
constant,prepared,0.08,0.0005,0.9355,0.1864667520319366,0.3450330307303927,6.133704655297834e-13,8.888576033297564e-13,-6.123157536563895e-13,0.3105377358813054,0.1586165174701798,0.016232162387924104
constant,prepared,0.08,0.0005,0.936,0.18637334739274702,0.344860755109007,6.164235788475025e-13,8.937282217747657e-13,-6.157852006083431e-13,0.3106309225550018,0.15853727376632126,0.016215945892022937
constant,prepared,0.08,0.0005,0.9365,0.18627999029376116,0.34468856474034876,6.117883977196925e-13,8.874509634225972e-13,-6.125377982613145e-13,0.31072406255014867,0.15845806947909755,0.01619974556777554
constant,prepared,0.08,0.0005,0.937,0.1861866807075044,0.3445164595855761,6.134814878322459e-13,8.903514923055716e-13,-6.148692666130273e-13,0.3108171558905024,0.15837890458965953,0.016183561399197043
constant,prepared,0.08,0.0005,0.9375,0.18609341860653342,0.34434443960584726,6.174782907208964e-13,8.965997700255263e-13,-6.153966225497243e-13,0.3109102025998057,0.15829977907915854,0.01616739337031769
constant,prepared,0.08,0.0005,0.9380000000000001,0.186000203963434,0.3441725047623226,6.133149543785521e-13,8.909993475532661e-13,-6.138423103152491e-13,0.3110032027017874,0.15822069292875957,0.016151241465182667
constant,prepared,0.08,0.0005,0.9385,0.18590703675082382,0.34400065501616744,6.096789739729047e-13,8.861596120270623e-13,-6.10178574333986e-13,0.3110961562201628,0.1581416461196263,0.01613510566785252
constant,prepared,0.08,0.0005,0.9390000000000001,0.18581391694134447,0.3438288903285475,6.117883977196925e-13,8.89669854581665e-13,-6.115385975391519e-13,0.3111890631786335,0.1580626386329324,0.016118985962402556
constant,prepared,0.08,0.0005,0.9395,0.18572084450767562,0.34365721066063515,6.131484209248583e-13,8.920930536356494e-13,-6.122602425051582e-13,0.3112819236008873,0.1579836704498557,0.016102882332923372
constant,prepared,0.08,0.0005,0.9400000000000001,0.18562781942251944,0.34348561597359983,6.143141551007147e-13,8.942356339419194e-13,-6.139533326177116e-13,0.3113747375105986,0.15790474155157977,0.01608679476352059
constant,prepared,0.08,0.0005,0.9405,0.18553484165861062,0.34331410622862346,6.135925101347084e-13,8.936313699349567e-13,-6.148137554617961e-13,0.3114675049314279,0.15782585191929402,0.016070723238314783
constant,prepared,0.08,0.0005,0.9410000000000001,0.1854419111887127,0.3431426813868784,6.058487045379479e-13,8.827941515301401e-13,-6.063760604746449e-13,0.31156022588702226,0.15774700153419532,0.01605466774144161
constant,prepared,0.08,0.0005,0.9415,0.18534902798561684,0.34297134140956204,6.121214646270801e-13,8.923799028087948e-13,-6.112610417829956e-13,0.31165290040101506,0.1576681903774832,0.016038628257051837
constant,prepared,0.08,0.0005,0.9420000000000001,0.18525619202214774,0.34280008625785013,6.016298570443723e-13,8.775229079016415e-13,-6.029898802495381e-13,0.31174552849702614,0.15758941843036395,0.01602260476931088
constant,prepared,0.08,0.0005,0.9425,0.18516340327115394,0.3426289158929407,6.106504191194517e-13,8.911250492788442e-13,-6.10483885665758e-13,0.3118381101986617,0.15751068567405271,0.01600659726239984
constant,prepared,0.08,0.0005,0.9430000000000001,0.18507066170551462,0.34245783027602017,6.10178574333986e-13,8.908813295955885e-13,-6.091793736118234e-13,0.31193064552951444,0.15743199208976777,0.015990605720514056
constant,prepared,0.08,0.0005,0.9435,0.18497796729814286,0.34228682936830046,6.062095270209511e-13,8.85528561147372e-13,-6.094014182167484e-13,0.3120231345131635,0.15735333765873205,0.01597463012786435
constant,prepared,0.08,0.0005,0.9440000000000001,0.18488532002197183,0.3421159131309736,6.165068455743494e-13,9.010204172200755e-13,-6.162292898181931e-13,0.31211557717317445,0.15727472236217738,0.015958670468676234
constant,prepared,0.08,0.0005,0.9445,0.184792719849972,0.34194508152524494,6.069866831381887e-13,8.875499545573047e-13,-6.05765437811101e-13,0.3122079735330994,0.15719614618134017,0.01594272672719041
constant,prepared,0.08,0.0005,0.9450000000000001,0.1847001667551337,0.34177433451233524,6.078471059822732e-13,8.892521242840639e-13,-6.056266599330229e-13,0.31230032361647697,0.15711760909746103,0.015926798887662227
constant,prepared,0.08,0.0005,0.9455,0.18460766071048437,0.3416036720534521,6.070144387138043e-13,8.884776253492424e-13,-6.096789739729047e-13,0.3123926274468322,0.157039111091789,0.015910886934362302
constant,prepared,0.08,0.0005,0.9460000000000001,0.1845152016890744,0.3414330941098072,6.080969061628139e-13,8.905066858672819e-13,-6.074030167724231e-13,0.31248488504767674,0.15696065214557753,0.01589499085157599
constant,prepared,0.08,0.0005,0.9465,0.18442278966398729,0.34126260064263697,6.113165529342268e-13,8.956688365242768e-13,-6.115663531147675e-13,0.31257709644250875,0.15688223224008818,0.015879110623603428
constant,prepared,0.08,0.0005,0.9470000000000001,0.1843304246083296,0.3410921916131575,6.070144387138043e-13,8.898099306267567e-13,-6.075417946505013e-13,0.3126692616548129,0.1568038513565858,0.015863246234759848
constant,prepared,0.08,0.0005,0.9475,0.18423810649523936,0.34092186698260607,6.044609257571665e-13,8.865094678533343e-13,-6.039058142448539e-13,0.31276138070806053,0.15672550947634173,0.015847397669375454
constant,prepared,0.08,0.0005,0.9480000000000001,0.1841458352978802,0.34075162671222103,6.032951915813101e-13,8.852418364099021e-13,-6.044886813327821e-13,0.3128534536257095,0.15664720658063447,0.01583156491179509
constant,prepared,0.08,0.0005,0.9485,0.18405361098944978,0.3405814707632338,6.0285110237146e-13,8.850321496057222e-13,-6.016021014687567e-13,0.31294548043120424,0.15656894265074714,0.015815747946378456
constant,prepared,0.08,0.0005,0.9490000000000001,0.18396143354316616,0.34041139909689455,6.037670363667758e-13,8.868196511163017e-13,-6.029898802495381e-13,0.3130374611479758,0.156490717667969,0.01579994675750051
constant,prepared,0.08,0.0005,0.9495,0.18386930293228076,0.3402414116744548,6.090961068849765e-13,8.95094021457944e-13,-6.080969061628139e-13,0.31312939579944193,0.15641253161359883,0.015784161329550517
constant,prepared,0.08,0.0005,0.9500000000000001,0.18377721913007022,0.3400715084571593,6.000755448098971e-13,8.82278476564823e-13,-6.033229471569257e-13,0.313221284409007,0.15633438446893497,0.015768391646932924
constant,prepared,0.08,0.0005,0.9505,0.18368518210984147,0.33990168940627075,6.010747455320598e-13,8.841891115361418e-13,-6.014355680150629e-13,0.3133131270000619,0.15625627621528615,0.015752637694066863
constant,prepared,0.08,0.0005,0.9510000000000001,0.18359319184492734,0.33973195448305626,6.088740622800515e-13,8.961094978627816e-13,-6.085965065238952e-13,0.3134049235959844,0.15617820683396705,0.015736899455386408
constant,prepared,0.08,0.0005,0.9515,0.18350124830868833,0.3395623036487816,6.132594432273208e-13,9.030146112170887e-13,-6.13398221105399e-13,0.3134966742201387,0.1561001763062968,0.01572117691534031
constant,prepared,0.08,0.0005,0.9520000000000001,0.18340935147451076,0.3393927368647101,6.049050149670165e-13,8.911578670695106e-13,-6.040168365473164e-13,0.313588378895876,0.1560221846136005,0.01570547005839208
constant,prepared,0.08,0.0005,0.9525,0.18331750131581273,0.3392232540921369,6.053768597524822e-13,8.922985857383392e-13,-6.036560140643132e-13,0.3136800376465339,0.1559442317372127,0.015689778869020055
constant,prepared,0.08,0.0005,0.9530000000000001,0.18322569780603865,0.33905385529233123,6.037947919423914e-13,8.904113351273704e-13,-6.046552147864759e-13,0.3137716504954369,0.15586631765846906,0.015674103331717464
constant,prepared,0.08,0.0005,0.9535,0.18313394091865742,0.3388845404265879,6.005473895953628e-13,8.860648951983198e-13,-6.013800568638317e-13,0.31386321746589624,0.15578844235871536,0.01565844343099205
constant,prepared,0.08,0.0005,0.9540000000000001,0.1830422306271661,0.3387153094561949,6.054046153280979e-13,8.936776673890675e-13,-6.026013021909193e-13,0.3139547385812098,0.15571060581930046,0.01564279915136645
constant,prepared,0.08,0.0005,0.9545,0.18295056690509054,0.33854616234245327,6.04044592122932e-13,8.92115550716799e-13,-6.047107259377071e-13,0.31404621386466236,0.1556328080215813,0.015627170477378126
constant,prepared,0.08,0.0005,0.9550000000000001,0.18285894972598485,0.33837709904665997,6.009637232295972e-13,8.880088589360987e-13,-5.996592111756627e-13,0.3141376433395254,0.15555504894691988,0.015611557393579122
constant,prepared,0.08,0.0005,0.9555,0.18276737906342605,0.338208119530138,6.057931933867167e-13,8.955923267421605e-13,-6.055989043574073e-13,0.3142290270290571,0.15547732857668628,0.01559595988453613
constant,prepared,0.08,0.0005,0.9560000000000001,0.18267585489102126,0.33803922375418616,5.993816554195064e-13,8.865563717168376e-13,-6.00380856141669e-13,0.3143203649565026,0.15539964689225533,0.015580377934830648
constant,prepared,0.08,0.0005,0.9565,0.18258437718240442,0.33787041168012716,6.06514838352723e-13,8.975554197483056e-13,-6.071532165918825e-13,0.31441165714509384,0.15532200387500558,0.015564811529058982
constant,prepared,0.08,0.0005,0.9570000000000001,0.18249294591123497,0.33770168326928834,6.013245457126004e-13,8.903191418690085e-13,-6.01879657224913e-13,0.31450290361804945,0.15524439950632635,0.015549260651831764
constant,prepared,0.08,0.0005,0.9575,0.18240156105120112,0.3375330384830016,6.007971897759035e-13,8.899827887598408e-13,-6.017131237712192e-13,0.31459410439857505,0.15516683376761006,0.015533725287774766
constant,prepared,0.08,0.0005,0.9580000000000001,0.18231022257601362,0.33736447728259267,5.985489881510375e-13,8.870954538126034e-13,-5.975497874288749e-13,0.31468525950986304,0.15508930664025652,0.015518205421527995
constant,prepared,0.08,0.0005,0.9585,0.18221893045941467,0.33719599962942226,6.084299730702014e-13,9.021903785013995e-13,-6.070699498650356e-13,0.31477636897509276,0.15501181810567116,0.01550270103774626
constant,prepared,0.08,0.0005,0.9590000000000001,0.18212768467516935,0.3370276054848197,6.058487045379479e-13,8.988116917987774e-13,-6.075695502261169e-13,0.31486743281743035,0.15493436814526632,0.015487212121099077
constant,prepared,0.08,0.0005,0.9595,0.1820364851970739,0.3368592948101429,5.97688565306953e-13,8.871486916269978e-13,-6.002698338392065e-13,0.3149584510600289,0.15485695674045954,0.015471738656270557
constant,prepared,0.08,0.0005,0.96,0.18194533199894433,0.3366910675667494,5.996037000244314e-13,8.904360076392959e-13,-5.981604100924187e-13,0.31504942372602834,0.15477958387267535,0.015456280627959177
constant,prepared,0.08,0.0005,0.9605,0.18185422505462742,0.3365229237160062,5.935529845402243e-13,8.81890864945361e-13,-5.933031843596837e-13,0.3151403508385557,0.15470224952334416,0.015440838020878525
constant,prepared,0.08,0.0005,0.961,0.18176316433799655,0.3363548632192906,6.062650381721824e-13,9.012282925969978e-13,-6.083467063433545e-13,0.3152312324207247,0.15462495367390364,0.015425410819756163
constant,prepared,0.08,0.0005,0.9615,0.18167214982294907,0.33618688603796276,6.005473895953628e-13,8.931749192724484e-13,-6.002975894148221e-13,0.31532206849563615,0.15454769630579526,0.015409999009334683
constant,prepared,0.08,0.0005,0.962,0.18158118148341085,0.3360189921334172,6.004641228685159e-13,8.934972976610256e-13,-6.019629239517599e-13,0.31541285908637784,0.15447047740047037,0.01539460257437114
constant,prepared,0.08,0.0005,0.9625,0.18149025929333004,0.3358511814670326,5.977163208825687e-13,8.898529376480832e-13,-5.963007865261716e-13,0.3155036042160245,0.15439329693938322,0.015379221499637113
constant,prepared,0.08,0.0005,0.963,0.18139938322668545,0.3356834540002151,6.03822547518007e-13,8.993927766202575e-13,-6.032951915813101e-13,0.3155943039076379,0.15431615490399583,0.015363855769918507
constant,prepared,0.08,0.0005,0.9635,0.18130855325747777,0.3355158096943597,5.931088953303743e-13,8.838762260862558e-13,-5.949407633210058e-13,0.3156849581842666,0.1542390512757766,0.01534850537001621
constant,prepared,0.08,0.0005,0.964,0.1812177693597372,0.3353482485108728,6.016021014687567e-13,8.969811295267756e-13,-6.026013021909193e-13,0.3157755670689465,0.15416198603620082,0.015333170284745335
constant,prepared,0.08,0.0005,0.9645,0.1811270315075133,0.33518077041116445,5.903055821931957e-13,8.805779363006882e-13,-5.917766277008241e-13,0.31586613058470026,0.15408495916674902,0.015317850498935399
constant,prepared,0.08,0.0005,0.965,0.1810363396748931,0.3350133753566568,5.948297410185432e-13,8.877701381097944e-13,-5.931644064816055e-13,0.3159566487545377,0.15400797064890845,0.015302545997430661
constant,prepared,0.08,0.0005,0.9655,0.18094569383597484,0.3348460633087874,6.009637232295972e-13,8.9737313512159e-13,-6.004641228685159e-13,0.3160471216014557,0.15393102046417137,0.015287256765089815
constant,prepared,0.08,0.0005,0.966,0.18085509396489474,0.334678834228966,5.961342530724778e-13,8.906064443025246e-13,-5.965783422823279e-13,0.31613754914843817,0.15385410859403886,0.015271982786785982
constant,prepared,0.08,0.0005,0.9665,0.18076454003580475,0.33451168807865,5.958566973163215e-13,8.906365884227245e-13,-5.957734305894746e-13,0.31622793141845607,0.15377723502001683,0.015256724047406689
constant,prepared,0.08,0.0005,0.967,0.18067403202289078,0.3343446248192805,6.032119248544632e-13,9.02081086513603e-13,-6.034062138837726e-13,0.31631826843446753,0.15370039972361854,0.015241480531854115
constant,prepared,0.08,0.0005,0.9675,0.18058356990035587,0.33417764441230696,5.974110095507967e-13,8.938524457566341e-13,-5.971056982190248e-13,0.3164085602194177,0.1536236026863625,0.015226252225044576
constant,prepared,0.08,0.0005,0.968,0.18049315364243645,0.3340107468191845,5.94552185262387e-13,8.900195441671169e-13,-5.970501870677936e-13,0.31649880679623893,0.15354684388977352,0.015211039111909195
constant,prepared,0.08,0.0005,0.9685,0.18040278322338646,0.3338439320013869,5.899725152858082e-13,8.836052699062326e-13,-5.906941602518145e-13,0.31658900818785063,0.15347012331538412,0.015195841177393216
constant,prepared,0.08,0.0005,0.969,0.18031245861749387,0.3336771999203814,5.984657214241906e-13,8.967734708371647e-13,-5.97466520702028e-13,0.3166791644171594,0.15339344094473234,0.015180658406456294
constant,prepared,0.08,0.0005,0.9695,0.1802221797990612,0.3335105505376488,5.92081939032596e-13,8.876509874688844e-13,-5.925815393936773e-13,0.3167692755070589,0.15331679675936313,0.015165490784072734
constant,prepared,0.08,0.0005,0.97,0.18013194674242503,0.3333439838146768,5.994649221463533e-13,8.991686534818158e-13,-5.983824546973437e-13,0.3168593414804301,0.15324019074082706,0.015150338295230981
constant,prepared,0.08,0.0005,0.9705,0.1800417594219424,0.3331774997129511,5.915823386715147e-13,8.877885499180872e-13,-5.924150059399835e-13,0.3169493623601411,0.15316362287068067,0.015135200924933936
constant,prepared,0.08,0.0005,0.971,0.17995161781199653,0.33301109819398245,6.014910791662942e-13,9.031096597498023e-13,-5.995759444488158e-13,0.3170393381690471,0.1530870931304903,0.01512007865819899
constant,prepared,0.08,0.0005,0.9715,0.17986152188699261,0.3328447792192668,5.823952431427415e-13,8.748751362546831e-13,-5.859202012459264e-13,0.3171292689299906,0.15301060150182352,0.015104971480057567
constant,prepared,0.08,0.0005,0.972,0.17977147162136697,0.3326785427503236,5.974110095507967e-13,8.978802849912376e-13,-5.973832539751811e-13,0.3172191546658013,0.15293414796625882,0.015089879375555735
constant,prepared,0.08,0.0005,0.9725,0.17968146698957324,0.3325123887486769,5.93053384179143e-13,8.91776373220882e-13,-5.943023850818463e-13,0.3173089953992961,0.15285773250537887,0.015074802329753832
constant,prepared,0.08,0.0005,0.973,0.17959150796609744,0.3323463171758479,5.940525849013056e-13,8.937252411111499e-13,-5.939693181744587e-13,0.3173987911532791,0.1527813551007735,0.015059740327726287
constant,prepared,0.08,0.0005,0.9735,0.17950159452544098,0.33218032799337843,5.968558980384842e-13,8.983913972922645e-13,-5.964673199798654e-13,0.3174885419505418,0.1527050157340391,0.015044693354562183
constant,prepared,0.08,0.0005,0.974,0.17941172664213903,0.33201442116280816,5.94996274472237e-13,8.960398051203004e-13,-5.956624082870121e-13,0.3175782478138629,0.1526287143867785,0.015029661395364708
constant,prepared,0.08,0.0005,0.9745,0.17932190429074255,0.3318485966456829,5.894729149247269e-13,8.881654478617363e-13,-5.907774269786614e-13,0.31766790876600826,0.15255245104060078,0.015014644435251316
constant,prepared,0.08,0.0005,0.975,0.17923212744583622,0.33168285440356776,5.966060978579435e-13,8.993622822774851e-13,-5.966616090091748e-13,0.3177575248297312,0.1524762256771219,0.014999642459353745
constant,prepared,0.08,0.0005,0.9755,0.17914239608202145,0.33151719439802185,5.883071807488705e-13,8.872951247922646e-13,-5.889733145636455e-13,0.31784709602777217,0.15240003827796372,0.014984655452818059
constant,prepared,0.08,0.0005,0.976,0.17905271017392765,0.33135161659061746,5.886680032318736e-13,8.882829806118703e-13,-5.872802244510922e-13,0.31793662238285914,0.15232388882475478,0.014969683400804472
constant,prepared,0.08,0.0005,0.9765,0.17896306969620465,0.33118612094294175,5.8475446707007e-13,8.828184970503306e-13,-5.8475446707007e-13,0.31802610391770725,0.15224777729913094,0.014954726288487572
constant,prepared,0.08,0.0005,0.977,0.17887347462353165,0.33102070741657436,5.936917624183025e-13,8.967592496723118e-13,-5.931644064816055e-13,0.318115540655019,0.1521717036827336,0.014939784101056128
constant,prepared,0.08,0.0005,0.9775,0.1787839249306105,0.33085537597311665,5.980493877899562e-13,9.037927614602364e-13,-5.969946759165623e-13,0.31820493261748434,0.15209566795721335,0.014924856823712966
constant,prepared,0.08,0.0005,0.978,0.17869442059216145,0.3306901265741625,5.923317392131366e-13,8.955993717577267e-13,-5.936917624183025e-13,0.3182942798277804,0.15201967010422127,0.014909944441675304
constant,prepared,0.08,0.0005,0.9785,0.17860496158293793,0.33052495918132857,5.94774229867312e-13,8.997417794710006e-13,-5.967726313116373e-13,0.3183835823085719,0.15194371010542151,0.014895046940174649
constant,prepared,0.08,0.0005,0.979,0.178515547877711,0.3303598737562281,5.890565812904924e-13,8.91537726105064e-13,-5.889178034124143e-13,0.31847284008251076,0.15186778794248237,0.014880164304456281
constant,prepared,0.08,0.0005,0.9795,0.1784261794512737,0.3301948702604872,5.875300246316328e-13,8.896716417302516e-13,-5.853373341579982e-13,0.3185620531722364,0.1517919035970775,0.01486529651978002
constant,prepared,0.08,0.0005,0.98,0.17833685627845283,0.3300299486557498,5.905276267981208e-13,8.946576351674748e-13,-5.897504706808832e-13,0.3186512216003756,0.1517160570508883,0.014850443571419668
constant,prepared,0.08,0.0005,0.9805,0.17824757833408514,0.32986510890364595,5.858369345190795e-13,8.87994696477103e-13,-5.869471575437046e-13,0.31874034538954266,0.151640248285604,0.014835605444663407
constant,prepared,0.08,0.0005,0.981,0.17815834559304253,0.3297003509658262,5.859202012459264e-13,8.885647217678228e-13,-5.860867346996201e-13,0.3188294245623392,0.15156447728291725,0.014820782124813112
constant,prepared,0.08,0.0005,0.9815,0.17806915803021633,0.3295356748039526,5.877798248121735e-13,8.918303384926856e-13,-5.891953591685706e-13,0.3189184591413543,0.15148874402452922,0.014805973597185345
constant,prepared,0.08,0.0005,0.982,0.17798001562051877,0.32937108037969265,5.905276267981208e-13,8.96447292999802e-13,-5.910549827348177e-13,0.31900744914916457,0.15141304849215018,0.014791179847110245
constant,prepared,0.08,0.0005,0.9825,0.17789091833888881,0.329206567654709,5.875022690560172e-13,8.923003469233631e-13,-5.869749131193203e-13,0.319096394608334,0.15133739066749113,0.014776400859932507
constant,prepared,0.08,0.0005,0.983,0.1778018661602879,0.3290421365906908,5.888900478367987e-13,8.948550692290461e-13,-5.895839372271894e-13,0.31918529554141417,0.15126177053227655,0.014761636621010519
constant,prepared,0.08,0.0005,0.9835,0.17771285905970105,0.3288777871493271,5.864753127582389e-13,8.916310794979696e-13,-5.863920460313921e-13,0.319274151970944,0.15118618806823084,0.014746887115717026
constant,prepared,0.08,0.0005,0.984,0.17762389701213901,0.3287135192923139,5.896672039540363e-13,8.969317800238331e-13,-5.887790255343361e-13,0.31936296391945007,0.15111064325709073,0.014732152329438758
constant,prepared,0.08,0.0005,0.9845,0.17753497999262718,0.3285493329813606,5.863087793045452e-13,8.922690147985855e-13,-5.855038676116919e-13,0.3194517314094464,0.15103513608059493,0.014717432247576472
constant,prepared,0.08,0.0005,0.985,0.17744610797622562,0.32838522817817684,5.863365348801608e-13,8.927571714058649e-13,-5.868083796656265e-13,0.3195404544634345,0.15095966652049467,0.014702726855544992
constant,prepared,0.08,0.0005,0.9855,0.17735728093800915,0.32822120484449263,5.855316231873076e-13,8.919771400269573e-13,-5.8475446707007e-13,0.3196291331039035,0.1508842345585409,0.014688036138773322
constant,prepared,0.08,0.0005,0.986,0.1772684988530792,0.3280572629420284,5.838662886503698e-13,8.898847161829584e-13,-5.814515535718101e-13,0.3197177673533301,0.15080884017649557,0.014673360082704038
constant,prepared,0.08,0.0005,0.9865,0.17717976169655889,0.32789340243253623,5.783984402540909e-13,8.81991580133403e-13,-5.793143742494067e-13,0.31980635723417833,0.1507334833561283,0.014658698672794282
constant,prepared,0.08,0.0005,0.987,0.17709106944359557,0.3277296232777566,5.802580638203381e-13,8.852694761255156e-13,-5.810629755131913e-13,0.31989490276890015,0.15065816407921057,0.014644051894514822
constant,prepared,0.08,0.0005,0.9875,0.17700242206935726,0.32756592543944424,5.816180870255039e-13,8.877878342271422e-13,-5.818956427816602e-13,0.3199834039799348,0.15058288232752481,0.014629419733350553
constant,prepared,0.08,0.0005,0.988,0.1769138195490391,0.3274023088793674,5.890010701392612e-13,8.995065919888657e-13,-5.874745134804016e-13,0.3200718608897093,0.1505076380828603,0.014614802174800458
constant,prepared,0.08,0.0005,0.9885,0.17682526185785294,0.32723877355929354,5.771494393513876e-13,8.818475773414164e-13,-5.753175713607561e-13,0.3201602735206382,0.15043243132700848,0.014600199204377171
constant,prepared,0.08,0.0005,0.989,0.17673674897103958,0.327075319441022,5.758449272974531e-13,8.802940684749252e-13,-5.78093128922319e-13,0.3202486418951237,0.1503572620417734,0.01458561080760753
constant,prepared,0.08,0.0005,0.9895,0.17664828086385684,0.3269119464863279,5.855316231873076e-13,8.955494430229874e-13,-5.842826222846043e-13,0.3203369660355556,0.15028213020896145,0.014571036970032418
constant,prepared,0.08,0.0005,0.99,0.17655985751158984,0.32674865465701297,5.848377337969168e-13,8.949351825339507e-13,-5.8475446707007e-13,0.32042524596431143,0.15020703581038847,0.014556477677206199
constant,prepared,0.08,0.0005,0.9905,0.176471478889542,0.32658544391488603,5.86170001426467e-13,8.974221177761789e-13,-5.852818230067669e-13,0.3205134817037562,0.15013197882787555,0.014541932914697698
constant,prepared,0.08,0.0005,0.991,0.176383144973045,0.32642231422176726,5.820344206597383e-13,8.91535895833078e-13,-5.826172877476665e-13,0.3206016732762427,0.15005695924325144,0.014527402668089169
constant,prepared,0.08,0.0005,0.9915,0.17629485573744508,0.32625926553947593,5.760669719023781e-13,8.828361869651912e-13,-5.779821066198565e-13,0.32068982070411145,0.14998197703834962,0.014512886922977164
constant,prepared,0.08,0.0005,0.992,0.1762066111581173,0.3260962978298536,5.797307078836411e-13,8.888949548663847e-13,-5.793143742494067e-13,0.3207779240096905,0.14990703219501378,0.014498385664971854
constant,prepared,0.08,0.0005,0.9925,0.17611841121045566,0.3259334110547422,5.802858193959537e-13,8.901907563228844e-13,-5.800915303666443e-13,0.32086598321529575,0.14983212469509144,0.014483898879697473
constant,prepared,0.08,0.0005,0.993,0.17603025586987914,0.32577060517599665,5.796474411567942e-13,8.896558374920378e-13,-5.795086632787161e-13,0.3209539983432307,0.14975725452043825,0.01446942655279192
constant,prepared,0.08,0.0005,0.9935,0.17594214511182737,0.32560788015547587,5.801192859422599e-13,8.908250096169964e-13,-5.807576641814194e-13,0.3210419694157866,0.14968242165291612,0.014454968669906965
constant,prepared,0.08,0.0005,0.994,0.17585407891176189,0.32544523595504826,5.875577802072485e-13,9.026983886896932e-13,-5.891676035929549e-13,0.3211298964552425,0.14960762607439396,0.014440525216708553
constant,prepared,0.08,0.0005,0.9945,0.1757660572451641,0.32528267253659593,5.840605776796792e-13,8.977738855939907e-13,-5.845324224651449e-13,0.32121777948386504,0.14953286776674737,0.014426096178876044
constant,prepared,0.08,0.0005,0.995,0.1756780800875434,0.3251201898620021,5.722922136186526e-13,8.801240763624361e-13,-5.711542350184118e-13,0.3213056185239088,0.14945814671186022,0.014411681542102667
constant,prepared,0.08,0.0005,0.9955,0.1755901474144266,0.3249577878931755,5.798972413373349e-13,8.922654925375249e-13,-5.786482404346316e-13,0.32139341359761603,0.14938346289162083,0.01439728129209571
constant,prepared,0.08,0.0005,0.996,0.17550225920136314,0.32479546659201725,5.819233983572758e-13,8.958305429301471e-13,-5.821176873865852e-13,0.3214811647272167,0.14930881628792478,0.014382895414576186
constant,prepared,0.08,0.0005,0.9965,0.17541441542392464,0.32463322592044164,5.768718835952313e-13,8.884979070751274e-13,-5.7637228323415e-13,0.32156887193492867,0.14923420688267655,0.014368523895278576
constant,prepared,0.08,0.0005,0.997,0.17532661605770658,0.32447106584037727,5.730416141602745e-13,8.83039621230318e-13,-5.731803920383527e-13,0.3216565352429575,0.1491596346577849,0.01435416671995154
constant,prepared,0.08,0.0005,0.9975,0.17523886107832193,0.32430898631375576,5.779543510442409e-13,8.910550978143088e-13,-5.76899639170847e-13,0.32174415467349665,0.14908509959516633,0.014339823874357312
constant,prepared,0.08,0.0005,0.998,0.1751511504614091,0.32414698730252883,5.712652573208743e-13,8.811824260257658e-13,-5.720979245893432e-13,0.32183173024872735,0.14901060167674637,0.014325495344271848
constant,prepared,0.08,0.0005,0.9985,0.1750634841826259,0.3239850687686385,5.799249969129505e-13,8.949872275233813e-13,-5.777045508637002e-13,0.32191926199081866,0.14893614088445314,0.014311181115484885
constant,prepared,0.08,0.0005,0.999,0.1749758622176544,0.3238232306740617,5.742628594873622e-13,8.866918816965092e-13,-5.760392163267625e-13,0.3220067499219275,0.14886171720022445,0.01429688117379992
constant,prepared,0.08,0.0005,0.9995,0.17488828454219602,0.3236614729807542,5.748734821509061e-13,8.88078332054954e-13,-5.735412145213559e-13,0.3220941940641986,0.14878733060600471,0.014282595505034208
constant,prepared,0.08,0.0005,1.0,0.17480075113197305,0.32349979565071285,5.758726828730687e-13,8.900665326761655e-13,-5.752898157851405e-13,0.3221815944397646,0.1487129810837446,0.01426832409501845
