x,y,c_red
0.0,1.0,0.28159232310075194
0.0,0.9921875,0.28159337822215563
0.0078125,1.0,0.28017229027973933
0.0,0.984375,0.2815935709071817
0.0078125,0.9921875,0.2801725414449773
0.015625,1.0,0.2787346319228465
0.0,0.9765625,0.281593625359955
0.0078125,0.984375,0.2801726903025065
0.015625,0.9921875,0.27873469831150754
0.0234375,1.0,0.2772798052489304
0.0,0.96875,0.2815936480845998
0.0078125,0.9765625,0.2801727648323418
0.015625,0.984375,0.2787347753533367
0.0234375,0.9921875,0.2772798237091546
0.03125,1.0,0.27580799482723345
0.0,0.9609375,0.28159365990159624
0.0078125,0.96875,0.28017280374967113
0.015625,0.9765625,0.27873483124074644
0.0234375,0.984375,0.2772798607384791
0.03125,0.9921875,0.27580799860999544
0.0390625,1.0,0.2743193197625495
0.0,0.953125,0.2815936667766151
0.0078125,0.9609375,0.28017282559471895
0.015625,0.96875,0.2787348678082119
0.0234375,0.9765625,0.27727989614575915
0.03125,0.984375,0.2758080158157735
0.0390625,0.9921875,0.2743193180829175
0.046875,1.0,0.27281388176012555
0.0,0.9453125,0.2815936710478569
0.0078125,0.953125,0.28017283867854403
0.015625,0.9609375,0.27873489136892005
0.0234375,0.96875,0.2772799240480227
0.03125,0.9765625,0.2758080366238221
0.0390625,0.984375,0.27431932528484915
0.046875,0.9921875,0.2728138776212344
0.0546875,1.0,0.27129177754335765
0.0,0.9375,0.2815936738190585
0.0078125,0.9453125,0.28017284692252964
0.015625,0.953125,0.2787349067393611
0.0234375,0.9609375,0.2772799445064941
0.03125,0.96875,0.27580805579801493
0.0390625,0.9765625,0.2743193367285566
0.046875,0.984375,0.27281387945865837
0.0546875,0.9921875,0.27129177210530514
0.0625,1.0,0.2697531025339438
0.0,0.9296875,0.28159367567094373
0.0078125,0.9375,0.2801728523160435
0.015625,0.9453125,0.2787349169662118
0.0234375,0.953125,0.27727995911594705
0.03125,0.9609375,0.2758080715582602
0.0390625,0.96875,0.27431934895363413
0.046875,0.9765625,0.2728138849977424
0.0546875,0.984375,0.2712917708527544
0.0625,0.9921875,0.2697530963185018
0.0703125,1.0,0.268197952122689
0.0,0.921875,0.28159367693221427
0.0078125,0.9296875,0.2801728559399539
0.015625,0.9375,0.2787349239008337
0.0234375,0.9453125,0.2772799694736793
0.03125,0.953125,0.2758080838085525
0.0390625,0.9609375,0.27431936011072094
0.046875,0.96875,0.2728138921223366
0.0546875,0.9765625,0.2712917726030289
0.0625,0.984375,0.2697530931587221
0.0703125,0.9921875,0.26819794539486536
0.078125,1.0,0.2666264221771861
0.0,0.9140625,0.2815936777995152
0.0078125,0.921875,0.2801728584171092
0.015625,0.9296875,0.2787349286736951
0.0234375,0.9375,0.2772799768185176
0.03125,0.9453125,0.27580809305771536
0.0390625,0.953125,0.2743193694922975
0.046875,0.9609375,0.2728138993831193
0.0546875,0.96875,0.271291776076035
0.0625,0.9765625,0.26975309240017337
0.0703125,0.984375,0.2681979409824759
0.078125,0.9921875,0.26662641508463464
0.0859375,1.0,0.2650386092706522
0.0,0.90625,0.28159367839584665
0.0078125,0.9140625,0.28017286012454384
0.015625,0.921875,0.2787349319895463
0.0234375,0.9296875,0.2772799820352873
0.03125,0.9375,0.2758080999275007
0.0390625,0.9453125,0.27431937701058373
0.046875,0.953125,0.2728139059831999
0.0546875,0.9609375,0.27129178023697026
0.0625,0.96875,0.2697530932561854
0.0703125,0.9765625,0.26819793850181933
0.078125,0.984375,0.2666264098036029
0.0859375,0.9921875,0.2650386019016731
0.09375,1.0,0.26343461079471975
0.0,0.8984375,0.2815936788010335
0.0078125,0.90625,0.2801728613000968
0.015625,0.9140625,0.27873493429916923
0.0234375,0.921875,0.2772799857388487
0.03125,0.9296875,0.2758081049730014
0.0390625,0.9375,0.27431938284981006
0.046875,0.9453125,0.27281391158592927
0.0546875,0.953125,0.2712917843918104
0.0625,0.9609375,0.2697530950110496
0.0703125,0.96875,0.26819793745649556
0.078125,0.9765625,0.26662640609738936
0.0859375,0.984375,0.26503859598902135
0.09375,0.9921875,0.2634346032051401
0.1015625,1.0,0.2618145250184182
0.0,0.890625,0.2815936790685149
0.0078125,0.8984375,0.28017286209910924
0.015625,0.90625,0.278734935898529
0.0234375,0.9140625,0.27727998835455325
0.03125,0.921875,0.27580810863869615
0.0390625,0.9296875,0.2743193872792581
0.046875,0.9375,0.2728139161249646
0.0546875,0.9453125,0.2712917881449908
0.0625,0.953125,0.269753097115966
0.0703125,0.9609375,0.26819793735398456
0.078125,0.96875,0.2666264036433145
0.0859375,0.9765625,0.26503859138015584
0.09375,0.984375,0.26343459681377
0.1015625,0.9921875,0.2618145172451689
0.109375,1.0,0.26017845111994914
0.0,0.8828125,0.28159367923502604
0.0078125,0.890625,0.28017286262609
0.015625,0.8984375,0.2787349369868082
0.0234375,0.90625,0.27727999017843835
0.03125,0.9140625,0.27580811126428567
0.0390625,0.921875,0.27431939056716415
0.046875,0.9296875,0.272813919669857
0.0546875,0.9375,0.27129179131401226
0.0625,0.9453125,0.2697530992018733
0.0703125,0.953125,0.26819793777791456
0.078125,0.9609375,0.2666264020998084
0.0859375,0.96875,0.26503858785905093
0.09375,0.9765625,0.2634345915185598
0.1015625,0.984375,0.2618145104775205
0.109375,0.9921875,0.2601784431884058
0.1171875,1.0,0.2585264892037241
0.0,0.875,0.28159367932640134
0.0078125,0.8828125,0.28017286295316174
0.015625,0.890625,0.2787349377011327
0.0234375,0.8984375,0.27727999141879184
0.03125,0.90625,0.27580811310429704
0.0390625,0.9140625,0.27431939294795227
0.046875,0.921875,0.2728139223453524
0.0546875,0.9296875,0.27129179384939067
0.0625,0.9375,0.2697531010501761
0.0703125,0.9453125,0.26819793841502115
0.078125,0.953125,0.2666264011559941
0.0859375,0.9609375,0.2650385851855223
0.09375,0.96875,0.2634345871708247
0.1015625,0.9765625,0.2618145046449741
0.109375,0.984375,0.2601784361153917
0.1171875,0.9921875,0.25852648113190124
0.125,1.0,0.2568587403089571
0.0,0.8671875,0.2815936793611731
0.0078125,0.875,0.28017286313120665
0.015625,0.8828125,0.27873493813786276
0.0234375,0.890625,0.2772799922240558
0.03125,0.8984375,0.27580811434820673
0.0390625,0.90625,0.27431939461450194
0.046875,0.9140625,0.2728139242883166
0.0546875,0.921875,0.27129179577544954
0.0625,0.9296875,0.269753102551566
0.0703125,0.9375,0.2681979390518048
0.078125,0.9453125,0.2666264005577635
0.0859375,0.953125,0.26503858312813167
0.09375,0.9609375,0.2634345835988764
0.1015625,0.96875,0.26181449964256315
0.109375,0.9765625,0.2601784298508323
0.1171875,0.984375,0.2585264738040287
0.125,0.9921875,0.2568587321100162
0.1328125,1.0,0.2551753064131864
0.0,0.859375,0.281593679352867
0.0078125,0.8671875,0.28017286319681806
0.015625,0.875,0.2787349383659721
0.0234375,0.8828125,0.27727999270144316
0.03125,0.890625,0.27580811513714815
0.0390625,0.8984375,0.2743193957207593
0.046875,0.90625,0.27281392562735785
0.0546875,0.9140625,0.2712917971518651
0.0625,0.921875,0.2697531036683975
0.0703125,0.9296875,0.26819793955676274
0.078125,0.9375,0.2666264001144951
0.0859375,0.9453125,0.2650385814852244
0.09375,0.953125,0.2634345806296912
0.1015625,0.9609375,0.2618144953454387
0.109375,0.96875,0.26017842431890076
0.1171875,0.9765625,0.25852646718366673
0.125,0.984375,0.25685872456417314
0.1328125,0.9921875,0.2551752980969934
0.140625,1.0,0.25347629043262204
0.0,0.8515625,0.2815936793115063
0.0078125,0.859375,0.2801728631767613
0.015625,0.8671875,0.2787349384356537
0.0234375,0.875,0.27727999292940975
0.03125,0.8828125,0.27580811557670815
0.0390625,0.890625,0.2743193963877433
0.046875,0.8984375,0.27281392647487696
0.0546875,0.90625,0.271291798050917
0.0625,0.9140625,0.26975310440590294
0.0703125,0.921875,0.2681979398590694
0.078125,0.9296875,0.2666263996938185
0.0859375,0.9375,0.26503858009430414
0.09375,0.9453125,0.2634345781047064
0.1015625,0.953125,0.2618144916232043
0.109375,0.9609375,0.2601784194272605
0.1171875,0.96875,0.2585264612148899
0.125,0.9765625,0.25685871764433954
0.1328125,0.984375,0.25517529036073006
0.140625,0.9921875,0.2534762820067474
0.1484375,1.0,0.2517617962204367
0.0,0.84375,0.28159367924461853
0.0078125,0.8515625,0.2801728630909055
0.015625,0.859375,0.2787349383839781
0.0234375,0.8671875,0.2772799929660871
0.03125,0.875,0.27580811574638614
0.0390625,0.8828125,0.2743193967099501
0.046875,0.890625,0.27281392692536777
0.0546875,0.8984375,0.2712917985451538
0.0625,0.90625,0.26975310479236414
0.0703125,0.9140625,0.2681979399293402
0.078125,0.921875,0.2666263992109692
0.0859375,0.9296875,0.2650385788327856
0.09375,0.9375,0.26343457588880653
0.1015625,0.9453125,0.2618144883514132
0.109375,0.953125,0.2601784150766522
0.1171875,0.9609375,0.25852645582829287
0.125,0.96875,0.25685871130848825
0.1328125,0.9765625,0.2551752831838758
0.140625,0.984375,0.2534762741010581
0.1484375,0.9921875,0.2517617876908161
0.15625,1.0,0.2500319285636784
0.0,0.8359375,0.2815936791579242
0.0078125,0.84375,0.28017286295419536
0.015625,0.8515625,0.2787349382386877
0.0234375,0.859375,0.27727999285505295
0.03125,0.8671875,0.2758081157064796
0.0390625,0.875,0.274319396761032
0.046875,0.8828125,0.2728139270565499
0.0546875,0.890625,0.27129179870140524
0.0625,0.8984375,0.2697531048664602
0.0703125,0.90625,0.26819793976451006
0.078125,0.9140625,0.2666263986170684
0.0859375,0.921875,0.2650385776136908
0.09375,0.9296875,0.26343457387350333
0.1015625,0.9375,0.26181448541915947
0.109375,0.9453125,0.2601784111691621
0.1171875,0.953125,0.25852645094749144
0.125,0.9609375,0.2568587055036489
0.1328125,0.96875,0.25517527653430866
0.140625,0.9765625,0.25347626669974466
0.1484375,0.984375,0.2517617796319947
0.15625,0.9921875,0.25003191993506013
0.1640625,1.0,0.2482867931792324
0.0,0.828125,0.2815936790558163
0.0078125,0.8359375,0.2801728627780025
0.015625,0.84375,0.27873493802079163
0.0234375,0.8515625,0.27727999262932784
0.03125,0.859375,0.2758081155030733
0.0390625,0.8671875,0.27431939659845933
0.046875,0.875,0.27281392693156276
0.0546875,0.8828125,0.27129179857841595
0.0625,0.890625,0.2697531046697194
0.0703125,0.8984375,0.26819793937693376
0.078125,0.90625,0.26662639788860415
0.0859375,0.9140625,0.2650385763791685
0.09375,0.921875,0.2634345719760908
0.1015625,0.9296875,0.26181448273290236
0.109375,0.9375,0.26017840761427596
0.1171875,0.9453125,0.2585264464950568
0.125,0.953125,0.2568587001703827
0.1328125,0.9609375,0.25517527037102167
0.140625,0.96875,0.25347625977787613
0.1484375,0.9765625,0.2517617720316063
0.15625,0.984375,0.25003191173596606
0.1640625,0.9921875,0.24828678445548708
0.171875,1.0,0.24652649670910598
0.0,0.8203125,0.2815936789416997
0.0078125,0.828125,0.2801728625710693
0.015625,0.8359375,0.2787349377463688
0.0234375,0.84375,0.2772799923141805
0.03125,0.8515625,0.2758081151716583
0.0390625,0.859375,0.2743193962672026
0.046875,0.8671875,0.27281392660136394
0.0546875,0.875,0.2712917982264108
0.0625,0.8828125,0.2697531042423423
0.0703125,0.890625,0.26819793878701365
0.078125,0.8984375,0.2666263970189783
0.0859375,0.90625,0.2650385750937148
0.09375,0.9140625,0.26343457013652816
0.1015625,0.921875,0.26181448021733056
0.109375,0.9296875,0.26017840433254213
0.1171875,0.9375,0.2585264423972085
0.125,0.9453125,0.256858695247057
0.1328125,0.953125,0.2551752646472501
0.140625,0.9609375,0.2534762533032837
0.1484375,0.96875,0.25176176487002927
0.15625,0.9765625,0.2500319039565903
0.1640625,0.984375,0.24828677612642844
0.171875,0.9921875,0.2465264878934452
0.1796875,1.0,0.24475114671522047
0.0,0.8125,0.2815936788182348
0.0078125,0.8203125,0.28017286234017785
0.015625,0.828125,0.2787349374278408
0.0234375,0.8359375,0.2772799919291225
0.03125,0.84375,0.2758081147397678
0.0390625,0.8515625,0.274319395802585
0.046875,0.859375,0.27281392610695454
0.0546875,0.8671875,0.27129179768760525
0.0625,0.875,0.2697531036211259
0.0703125,0.8828125,0.2681979380184788
0.078125,0.890625,0.26662639601218724
0.0859375,0.8984375,0.2650385737380975
0.09375,0.90625,0.2634345683133971
0.1015625,0.9140625,0.26181447781425976
0.109375,0.921875,0.26017840125715064
0.1171875,0.9296875,0.25852643858701024
0.125,0.9375,0.2568586906734349
0.1328125,0.9453125,0.25517525931357216
0.140625,0.953125,0.2534762472387796
0.1484375,0.9609375,0.2517617581217159
0.15625,0.96875,0.25003189658129116
0.1640625,0.9765625,0.24828676818418324
0.171875,0.984375,0.24652647944280534
0.1796875,0.9921875,0.24475113781035415
0.1875,1.0,0.24296085167383194
0.0,0.8046875,0.28159367868751517
0.0078125,0.8125,0.28017286209063147
0.015625,0.8203125,0.2787349370748849
0.0234375,0.828125,0.2772799914893419
0.03125,0.8359375,0.27580811422891
0.0390625,0.84375,0.27431939523246984
0.046875,0.8515625,0.2728139254812993
0.0546875,0.859375,0.2712917969971093
0.0625,0.8671875,0.26975310283863707
0.0703125,0.875,0.2681979370955238
0.078125,0.8828125,0.26662639487834816
0.0859375,0.890625,0.2650385723043817
0.09375,0.8984375,0.26343456647980745
0.1015625,0.90625,0.261814475480455
0.109375,0.9140625,0.2601783983339552
0.1171875,0.921875,0.25852643500613426
0.125,0.9296875,0.2568586863933339
0.1328125,0.9375,0.25517525432063953
0.140625,0.9453125,0.2534762415444249
0.1484375,0.953125,0.25176175175678983
0.15625,0.9609375,0.25003188958954653
0.1640625,0.96875,0.24828676061613597
0.171875,0.9765625,0.24652647135079253
0.1796875,0.984375,0.24475112924504439
0.1875,0.9921875,0.24296084268208315
0.1953125,1.0,0.24115572096966756
0.0,0.796875,0.28159367855119805
0.0078125,0.8046875,0.2801728618266067
0.015625,0.8125,0.2787349366950961
0.0234375,0.8203125,0.27727999100674827
0.03125,0.828125,0.2758081136559943
0.0390625,0.8359375,0.27431939457893406
0.046875,0.84375,0.27281392475091765
0.0546875,0.8515625,0.2712917961839355
0.0625,0.859375,0.269753101923085
0.0703125,0.8671875,0.2681979360411911
0.078125,0.875,0.2666263936306696
0.0859375,0.8828125,0.26503857079209986
0.09375,0.890625,0.2634345646197235
0.1015625,0.8984375,0.2618144731850422
0.109375,0.90625,0.26017839552049465
0.1171875,0.9140625,0.2585264316054556
0.125,0.921875,0.25685868235631876
0.1328125,0.9296875,0.25517524962133403
0.140625,0.9375,0.25347623617960624
0.1484375,0.9453125,0.25176174574272053
0.15625,0.953125,0.2500318829571191
0.1640625,0.9609375,0.2482867534056259
0.171875,0.96875,0.24652646360712194
0.1796875,0.9765625,0.2447511210140443
0.1875,0.984375,0.24296083400787521
0.1953125,0.9921875,0.24115571189305787
0.203125,1.0,0.2393358648898353
0.0,0.7890625,0.28159367841060284
0.0078125,0.796875,0.28017286155141197
0.015625,0.8046875,0.2787349362944739
0.0234375,0.8125,0.2772799904907408
0.03125,0.8203125,0.2758081130343933
0.0390625,0.828125,0.2743193938595458
0.046875,0.8359375,0.2728139239371755
0.0546875,0.84375,0.27129179527196645
0.0625,0.8515625,0.2697531008985603
0.0703125,0.859375,0.26819793487654864
0.078125,0.8671875,0.2666263922834902
0.0859375,0.875,0.26503856920543634
0.09375,0.8828125,0.2634345627249084
0.1015625,0.890625,0.2618144709069417
0.109375,0.8984375,0.26017839278448046
0.1171875,0.90625,0.25852642834480105
0.125,0.9140625,0.2568586785185387
0.1328125,0.921875,0.2551752451722781
0.140625,0.9296875,0.2534762311047617
0.1484375,0.9375,0.25176174004590707
0.15625,0.9453125,0.25003187665730475
0.1640625,0.953125,0.24828674653280747
0.171875,0.9609375,0.24652645619813313
0.1796875,0.96875,0.24475111310888537
0.1875,0.9765625,0.24296082564686056
0.1953125,0.984375,0.24115570311483067
0.203125,0.9921875,0.2393358557301486
0.2109375,1.0,0.23750139461755176
0.0,0.78125,0.28159367826678405
0.0078125,0.7890625,0.28017286126768187
0.015625,0.796875,0.27873493587778375
0.0234375,0.8046875,0.27727998994878
0.03125,0.8125,0.2758081123747384
0.0390625,0.8203125,0.27431939308834424
0.046875,0.828125,0.2728139230573206
0.0546875,0.8359375,0.27129179428082123
0.0625,0.84375,0.2697530997854409
0.0703125,0.8515625,0.2681979336203584
0.078125,0.859375,0.2666263908510675
0.0859375,0.8671875,0.26503856755123617
0.09375,0.875,0.2634345607925129
0.1015625,0.8828125,0.26181446863255936
0.109375,0.890625,0.26017839010209753
0.1171875,0.8984375,0.25852642519216873
0.125,0.90625,0.2568586748428929
0.1328125,0.9140625,0.2551752409347336
0.140625,0.921875,0.2534762262826767
0.1484375,0.9296875,0.25176173463304924
0.15625,0.9375,0.25003187066214605
0.1640625,0.9453125,0.24828673997559148
0.171875,0.953125,0.24652644910743438
0.1796875,0.9609375,0.24475110551826343
0.1875,0.96875,0.2429608175920015
0.1953125,0.9765625,0.24115569463135114
0.203125,0.984375,0.2393358468520745
0.2109375,0.9921875,0.23750138537638324
0.21875,1.0,0.23565242222571767
0.0,0.7734375,0.2815936781205871
0.0078125,0.78125,0.2801728609775232
0.015625,0.7890625,0.27873493544882944
0.0234375,0.796875,0.27727998938681647
0.03125,0.8046875,0.27580811168552155
0.0390625,0.8125,0.27431939227659063
0.046875,0.8203125,0.2728139221253044
0.0546875,0.828125,0.27129179322660146
0.0625,0.8359375,0.2697530986008523
0.0703125,0.84375,0.2681979322890319
0.078125,0.8515625,0.26662638934687755
0.0859375,0.859375,0.2650385658376456
0.09375,0.8671875,0.2634345588232473
0.1015625,0.875,0.2618144663538407
0.109375,0.8828125,0.2601783874563427
0.1171875,0.890625,0.25852642212267196
0.125,0.8984375,0.25685867129872275
0.1328125,0.90625,0.25517523687498095
0.140625,0.9140625,0.2534762216793471
0.1484375,0.921875,0.25176172947223513
0.15625,0.9296875,0.250031864943519
0.1640625,0.9375,0.24828673371057913
0.171875,0.9453125,0.2465264423166173
0.1796875,0.953125,0.24475109822852692
0.1875,0.9609375,0.24296080983386303
0.1953125,0.96875,0.24115568643672028
0.203125,0.9765625,0.23933583825254873
0.2109375,0.984375,0.23750137640207014
0.21875,0.9921875,0.23565241290451083
0.2265625,1.0,0.23378906067036473
0.0,0.765625,0.2815936779726917
0.0078125,0.7734375,0.280172860682626
0.015625,0.78125,0.27873493501065844
0.0234375,0.7890625,0.27727998880961674
0.03125,0.796875,0.2758081109735528
0.0390625,0.8046875,0.2743193914333497
0.046875,0.8125,0.27281392115243736
0.0546875,0.8203125,0.2712917921225177
0.0625,0.828125,0.2697530973591217
0.0703125,0.8359375,0.26819793089674515
0.078125,0.84375,0.26662638778325
0.0859375,0.8515625,0.2650385640732189
0.09375,0.859375,0.2634345568200409
0.1015625,0.8671875,0.26181446406670184
0.109375,0.875,0.26017838483552536
0.1171875,0.8828125,0.258526419117398
0.125,0.890625,0.25685866786121386
0.1328125,0.8984375,0.25517523296430544
0.140625,0.90625,0.25347621726445185
0.1484375,0.9140625,0.2517617245337238
0.15625,0.921875,0.25003185947403284
0.1640625,0.9296875,0.24828672771392385
0.171875,0.9375,0.2465264358059819
0.1796875,0.9453125,0.24475109122422498
0.1875,0.953125,0.2429608023609862
0.1953125,0.9609375,0.24115567852299924
0.203125,0.96875,0.2393358299265867
0.2109375,0.9765625,0.2375013676920091
0.21875,0.984375,0.23565240383711183
0.2265625,0.9921875,0.2337890512704409
0.234375,1.0,0.2319114237839905
0.0,0.7578125,0.28159367782364525
0.0078125,0.765625,0.2801728603843494
0.015625,0.7734375,0.27873493456571974
0.0234375,0.78125,0.2772799882210112
0.03125,0.7890625,0.2758081102443125
0.0390625,0.796875,0.27431939056593907
0.046875,0.8046875,0.27281392014790606
0.0546875,0.8125,0.2712917909794102
0.0625,0.8203125,0.26975309607219805
0.0703125,0.828125,0.26819792945563137
0.078125,0.8359375,0.2666263861712173
0.0859375,0.84375,0.2650385622663539
0.09375,0.8515625,0.2634345547870879
0.1015625,0.859375,0.26181446176980877
0.109375,0.8671875,0.26017838223198797
0.1171875,0.875,0.2585264161623009
0.125,0.8828125,0.25685866451065154
0.1328125,0.890625,0.2551752291787099
0.140625,0.8984375,0.2534762130115082
0.1484375,0.90625,0.2517617197904396
0.15625,0.9140625,0.2500318542277185
0.1640625,0.921875,0.24828672196207033
0.171875,0.9296875,0.24652642955522064
0.1796875,0.9375,0.24475108448867303
0.1875,0.9453125,0.24296079516031285
0.1953125,0.953125,0.2411556708804983
0.203125,0.9609375,0.2393358218674578
0.2109375,0.96875,0.2375013592419566
0.21875,0.9765625,0.23565239502129248
0.2265625,0.984375,0.23378904211273935
0.234375,0.9921875,0.23191141430657147
0.2421875,1.0,0.23001962626879455
0.0,0.75,0.2815936776738889
0.0078125,0.7578125,0.2801728600837881
0.015625,0.765625,0.27873493411598577
0.0234375,0.7734375,0.277279987624086
0.03125,0.78125,0.27580810950222234
0.0390625,0.7890625,0.2743193896802814
0.046875,0.796875,0.27281391911918484
0.0546875,0.8046875,0.2712917898061759
0.0625,0.8125,0.26975309475002335
0.0703125,0.8203125,0.2681979279760048
0.078125,0.828125,0.26662638452049464
0.0859375,0.8359375,0.2650385604249595
0.09375,0.84375,0.26343455272918775
0.1015625,0.8515625,0.2618144594636549
0.109375,0.859375,0.26017837964105534
0.1171875,0.8671875,0.2585264132471997
0.125,0.875,0.2568586612316368
0.1328125,0.8828125,0.25517522549846366
0.140625,0.890625,0.25347620889778905
0.1484375,0.8984375,0.2517617152182156
0.15625,0.90625,0.25003184918050286
0.1640625,0.9140625,0.2482867164323477
0.171875,0.921875,0.24652642354402385
0.1796875,0.9296875,0.24475107800449836
0.1875,0.9375,0.2429607882176297
0.1953125,0.9453125,0.2411556634981078
0.203125,0.953125,0.23933581406691026
0.2109375,0.9609375,0.2375013510461651
0.21875,0.96875,0.23565238645341438
0.2265625,0.9765625,0.23378903319533997
0.234375,0.984375,0.23191140506104824
0.2421875,0.9921875,0.23001961671502072
0.25,1.0,0.2281137836898257
0.0,0.7421875,0.2815936775237772
0.0078125,0.75,0.28017285978182416
0.015625,0.7578125,0.27873493366304625
0.0234375,0.765625,0.2772799870213318
0.03125,0.7734375,0.2758081087508567
0.0390625,0.78125,0.27431938878117773
0.046875,0.7890625,0.2728139180723626
0.0546875,0.796875,0.27129178861011805
0.0625,0.8046875,0.26975309340085474
0.0703125,0.8125,0.2681979264665869
0.078125,0.8203125,0.2666263828395348
0.0859375,0.828125,0.2650385585562765
0.09375,0.8359375,0.26343455065130394
0.1015625,0.84375,0.26181445714988266
0.109375,0.8515625,0.2601783770602005
0.1171875,0.859375,0.2585264103649141
0.125,0.8671875,0.2568586580123314
0.1328125,0.875,0.25517522190757147
0.140625,0.8828125,0.25347620490408
0.1484375,0.890625,0.25176171079584003
0.15625,0.8984375,0.25003184431049136
0.1640625,0.90625,0.24828671110340447
0.171875,0.9140625,0.24652641775258294
0.1796875,0.921875,0.24475107175413519
0.1875,0.9296875,0.24296078151800507
0.1953125,0.9375,0.24115565636365038
0.203125,0.9453125,0.23933580651543224
0.2109375,0.953125,0.2375013430975605
0.21875,0.9609375,0.23565237812853632
0.2265625,0.96875,0.23378902451510206
0.234375,0.9765625,0.23191139604575534
0.2421875,0.984375,0.2300196073839074
0.25,0.9921875,0.2281137740607705
0.2578125,1.0,0.22619401246804813
0.0,0.734375,0.2815936773735946
0.0078125,0.7421875,0.28017285947916704
0.015625,0.75,0.2787349332081835
0.0234375,0.7578125,0.27727998641476
0.03125,0.765625,0.2758081079931079
0.0390625,0.7734375,0.274319387872525
0.046875,0.78125,0.2728139170124036
0.0546875,0.7890625,0.27129178739723137
0.0625,0.796875,0.26975309203153897
0.0703125,0.8046875,0.2681979249347203
0.078125,0.8125,0.26662638113562404
0.0859375,0.8203125,0.2650385566668003
0.09375,0.828125,0.2634345485582798
0.1015625,0.8359375,0.2618144548307937
0.109375,0.84375,0.26017837448839676
0.1171875,0.8515625,0.25852640751054373
0.125,0.859375,0.25685865484377035
0.1328125,0.8671875,0.2551752183932243
0.140625,0.875,0.25347620101434
0.1484375,0.8828125,0.25176170650495455
0.15625,0.890625,0.25003183959808845
0.1640625,0.8984375,0.2482867059554996
0.171875,0.90625,0.24652641216198048
0.1796875,0.9140625,0.24475106572024846
0.1875,0.921875,0.24296077504619337
0.1953125,0.9296875,0.2411556494642315
0.203125,0.9375,0.23933579920253212
0.2109375,0.9453125,0.2375013353879491
0.21875,0.953125,0.235652370040555
0.2265625,0.9609375,0.23378901606775057
0.234375,0.96875,0.23191138725796465
0.2421875,0.9765625,0.23001959827400104
0.25,0.984375,0.22811376464609204
0.2578125,0.9921875,0.2261940027647296
0.265625,1.0,0.22426042987333186
0.0,0.7265625,0.281593677223569
0.0078125,0.734375,0.28017285917638624
0.015625,0.7421875,0.27873493275242983
0.0234375,0.75,0.2772799858059942
0.03125,0.7578125,0.2758081072313171
0.0390625,0.765625,0.27431938695748714
0.046875,0.7734375,0.2728139159433557
0.0546875,0.78125,0.27129178617243416
0.0625,0.7890625,0.2697530906477437
0.0703125,0.796875,0.2681979233865627
0.078125,0.8046875,0.266626379414995
0.0859375,0.8125,0.2650385547622684
0.09375,0.8203125,0.26343454645466596
0.1015625,0.828125,0.2618144525090062
0.109375,0.8359375,0.26017837192562654
0.1171875,0.84375,0.2585264046808838
0.125,0.8515625,0.2568586517192643
0.1328125,0.859375,0.2551752149452716
0.140625,0.8671875,0.25347619721531695
0.1484375,0.875,0.25176170232985695
0.15625,0.8828125,0.2500318350259918
0.1640625,0.890625,0.24828670097066066
0.171875,0.8984375,0.246526406754469
0.1796875,0.90625,0.24475105988607665
0.1875,0.9140625,0.2429607687869918
0.1953125,0.921875,0.2411556427865707
0.203125,0.9296875,0.2393357921170217
0.2109375,0.9375,0.2375013279082424
0.21875,0.9453125,0.23565236218237084
0.2265625,0.953125,0.23378900784798728
0.234375,0.9609375,0.2319113786939542
0.2421875,0.96875,0.23001958938291764
0.25,0.9765625,0.22811375544451415
0.2578125,0.984375,0.2261939932683385
0.265625,0.9921875,0.22426042009672234
0.2734375,1.0,0.22231315401737417
0.0,0.71875,0.2815936770738813
0.0078125,0.7265625,0.2801728588739373
0.015625,0.734375,0.278734932296614
0.0234375,0.7421875,0.277279985196343
0.03125,0.75,0.2758081064673771
0.0390625,0.7578125,0.27431938603863143
0.046875,0.765625,0.27281391486851764
0.0546875,0.7734375,0.27129178493975803
0.0625,0.78125,0.26975308925415203
0.0703125,0.7890625,0.268197921827261
0.078125,0.796875,0.2666263776829444
0.0859375,0.8046875,0.26503855284768607
0.09375,0.8125,0.2634345443446247
0.1015625,0.8203125,0.2618144501872219
0.109375,0.828125,0.2601783693725168
0.1171875,0.8359375,0.2585264018739624
0.125,0.84375,0.2568586486338936
0.1328125,0.8515625,0.2551752115557412
0.140625,0.859375,0.2534761934961566
0.1484375,0.8671875,0.25176169825724554
0.15625,0.875,0.2500318305790946
0.1640625,0.8828125,0.2482866961327402
0.171875,0.890625,0.24652640151364777
0.1796875,0.8984375,0.24475105423569068
0.1875,0.90625,0.24296076272553727
0.1953125,0.9140625,0.2411556363173009
0.203125,0.921875,0.23933578524728824
0.2109375,0.9296875,0.23750132064868693
0.21875,0.9375,0.23565235454606914
0.2265625,0.9453125,0.23378899984962634
0.234375,0.953125,0.23191137034909892
0.2421875,0.9609375,0.23001958070739778
0.25,0.96875,0.2281137464539413
0.2578125,0.9765625,0.22619398397774806
0.265625,0.984375,0.2242604105203266
0.2734375,0.9921875,0.22231314416840764
0.28125,1.0,0.2203523038465528
0.0,0.7109375,0.28159367692467335
0.0078125,0.71875,0.280172858572182
0.015625,0.7265625,0.27873493184139864
0.0234375,0.734375,0.27727998458685754
0.03125,0.7421875,0.2758081057028146
0.0390625,0.75,0.27431938511803694
0.046875,0.7578125,0.27281391379057374
0.0546875,0.765625,0.2712917837025013
0.0625,0.7734375,0.26975308785462415
0.0703125,0.78125,0.2681979202610999
0.078125,0.7890625,0.26662637594394634
0.0859375,0.796875,0.2650385509273744
0.09375,0.8046875,0.26343454223188534
0.1015625,0.8125,0.2618144478680712
0.109375,0.8203125,0.2601783668300737
0.1171875,0.828125,0.25852639908868125
0.125,0.8359375,0.2568586455840922
0.1328125,0.84375,0.25517520821841544
0.140625,0.8515625,0.25347618984802706
0.1484375,0.859375,0.25176169427593764
0.15625,0.8671875,0.25003182624432707
0.1640625,0.875,0.24828669142738571
0.171875,0.8828125,0.24652639642455237
0.1796875,0.890625,0.24475104875417278
0.1875,0.8984375,0.24296075684754093
0.1953125,0.90625,0.24115563004322382
0.203125,0.9140625,0.23933577858154492
0.2109375,0.921875,0.2375013135990886
0.21875,0.9296875,0.23565234712310762
0.2265625,0.9375,0.23378899206573955
0.234375,0.9453125,0.2319113622179788
0.2421875,0.953125,0.23001957224338118
0.25,0.9609375,0.22811373767150359
0.2578125,0.96875,0.22619397489110607
0.265625,0.9765625,0.22426040114314455
0.2734375,0.984375,0.22231313451359344
0.28125,0.9921875,0.22035229392613123
0.2890625,1.0,0.21837799913471775
0.0,0.703125,0.28159367677605573
0.0078125,0.7109375,0.2801728582714045
0.015625,0.71875,0.2787349313873098
0.0234375,0.7265625,0.2772799839783777
0.03125,0.734375,0.2758081049388566
0.0390625,0.7421875,0.2743193841973831
0.046875,0.75,0.2728139127117021
0.0546875,0.7578125,0.27129178246335683
0.0625,0.765625,0.2697530864523326
0.0703125,0.7734375,0.26819791869163384
0.078125,0.78125,0.26662637420175817
0.0859375,0.7890625,0.2650385490050295
0.09375,0.796875,0.26343454011973433
0.1015625,0.8046875,0.2618144455540179
0.109375,0.8125,0.2601783642994926
0.1171875,0.8203125,0.2585263963245399
0.125,0.828125,0.2568586425673105
0.1328125,0.8359375,0.25517520492847057
0.140625,0.84375,0.253476186263775
0.1484375,0.8515625,0.25176169037658597
0.15625,0.859375,0.2500318220104632
0.1640625,0.8671875,0.2482866868419539
0.171875,0.875,0.24652639147367264
0.1796875,0.8828125,0.24475104342772436
0.1875,0.890625,0.24296075113946075
0.1953125,0.8984375,0.24115562395151927
0.203125,0.90625,0.23933577210804974
0.2109375,0.9140625,0.2375013067490217
0.21875,0.921875,0.2356523399045015
0.2265625,0.9296875,0.23378898448881086
0.234375,0.9375,0.2319113542944993
0.2421875,0.9453125,0.2300195639860944
0.25,0.953125,0.2281137290936172
0.2578125,0.9609375,0.22619396600587177
0.265625,0.96875,0.2242603919635302
0.2734375,0.9765625,0.22231312505203935
0.28125,0.984375,0.22035228419438202
0.2890625,0.9921875,0.21837798914371664
0.296875,1.0,0.21639036047592144
0.0,0.6953125,0.2815936766281122
0.0078125,0.703125,0.2801728579718254
0.015625,0.7109375,0.2787349309347605
0.0234375,0.71875,0.2772799833715699
0.03125,0.7265625,0.27580810417648344
0.0390625,0.734375,0.27431938327801925
0.046875,0.7421875,0.27281391163366364
0.0546875,0.75,0.2712917812245133
0.0625,0.7578125,0.26975308504987433
0.0703125,0.765625,0.26819791712179614
0.078125,0.7734375,0.2666263724595161
0.0859375,0.78125,0.26503854708378477
0.09375,0.7890625,0.26343453801102673
0.1015625,0.796875,0.26181444324730196
0.109375,0.8046875,0.2601783617820266
0.1171875,0.8125,0.25852639358143037
0.125,0.8203125,0.25685863958174854
0.1328125,0.828125,0.25517520168217317
0.140625,0.8359375,0.25347618273762146
0.1484375,0.84375,0.2517616865514064
0.15625,0.8515625,0.25003181786791245
0.1640625,0.859375,0.24828668236538426
0.171875,0.8671875,0.24652638664891766
0.1796875,0.875,0.2447510382437142
0.1875,0.8828125,0.24296074558861705
0.1953125,0.890625,0.24115561802990612
0.203125,0.8984375,0.23933576581529065
0.2109375,0.90625,0.2375013000880171
0.21875,0.9140625,0.23565233288099974
0.2265625,0.921875,0.23378897711089025
0.234375,0.9296875,0.23191134657201765
0.2421875,0.9375,0.2300195559301499
0.25,0.9453125,0.22811372071605693
0.2578125,0.953125,0.2261939573188659
0.265625,0.9609375,0.22426038297922282
0.2734375,0.96875,0.22231311578227544
0.28125,0.9765625,0.22035227465050486
0.2890625,0.984375,0.2183779793364283
0.296875,0.9921875,0.21639035041519392
0.3046875,1.0,0.21438950927709113
0.0,0.6875,0.28159367648090494
0.0078125,0.6953125,0.28017285767361255
0.015625,0.703125,0.27873493048407066
0.0234375,0.7109375,0.2772799827669566
0.03125,0.71875,0.27580810341647133
0.0390625,0.7265625,0.2743193823610232
0.046875,0.734375,0.27281391055787335
0.0546875,0.7421875,0.2712917799877414
0.0625,0.75,0.2697530836493644
0.0703125,0.7578125,0.2681979155539952
0.078125,0.765625,0.2666263707198205
0.0859375,0.7734375,0.26503854516627345
0.09375,0.78125,0.26343453590821014
0.1015625,0.7890625,0.26181444094991346
0.109375,0.796875,0.26017835927889743
0.1171875,0.8046875,0.2585263908594842
0.125,0.8125,0.25685863662614716
0.1328125,0.8203125,0.2551751984766327
0.140625,0.828125,0.2534761792648983
0.1484375,0.8359375,0.2517616827939286
0.15625,0.84375,0.2500318138085101
0.1640625,0.8515625,0.24828667798805265
0.171875,0.859375,0.2465263819395408
0.1796875,0.8671875,0.24475103319067815
0.1875,0.875,0.2429607401832579
0.1953125,0.8828125,0.24115561226675897
0.203125,0.890625,0.23933575969213303
0.2109375,0.8984375,0.23750129360572372
0.21875,0.90625,0.23565232604324465
0.2265625,0.9140625,0.2337889699237412
0.234375,0.921875,0.23191133904347094
0.2421875,0.9296875,0.2300195480696507
0.25,0.9375,0.22811371253403753
0.2578125,0.9453125,0.22619394882633004
0.265625,0.953125,0.22426037418738765
0.2734375,0.9609375,0.22231310670227972
0.28125,0.96875,0.22035226529318053
0.2890625,0.9765625,0.2183779697121314
0.296875,0.984375,0.21639034053368775
0.3046875,0.9921875,0.21438949914747157
0.3125,1.0,0.21237556775064434
0.0,0.6796875,0.2815936763344773
0.0078125,0.6875,0.28017285737688935
0.015625,0.6953125,0.278734930035483
0.0234375,0.703125,0.2772799821649412
0.03125,0.7109375,0.2758081026594276
0.0390625,0.71875,0.27431938144724605
0.046875,0.7265625,0.272813909485459
0.0546875,0.734375,0.27129177875446275
0.0625,0.7421875,0.26975308225251327
0.0703125,0.75,0.26819791399019394
0.078125,0.7578125,0.26662636898481
0.0859375,0.765625,0.26503854325468745
0.09375,0.7734375,0.26343453381335574
0.1015625,0.78125,0.26181443866358284
0.109375,0.7890625,0.2601783567912383
0.1171875,0.796875,0.25852638815896223
0.125,0.8046875,0.25685863369962725
0.1328125,0.8125,0.2551751953096001
0.140625,0.8203125,0.253476175841825
0.1484375,0.828125,0.251761679098773
0.15625,0.8359375,0.25003180982531825
0.1640625,0.84375,0.24828667370161456
0.171875,0.8515625,0.2465263773360413
0.1796875,0.859375,0.24475102825828335
0.1875,0.8671875,0.24296073491258338
0.1953125,0.875,0.24115560665118208
0.203125,0.8828125,0.2393357537279312
0.2109375,0.890625,0.23750128729204212
0.21875,0.8984375,0.23565231938191347
0.2265625,0.90625,0.23378896291897722
0.234375,0.9140625,0.23191133170150102
0.2421875,0.921875,0.23001954039829745
0.25,0.9296875,0.2281137045423014
0.2578125,0.9375,0.2261939405239944
0.265625,0.9453125,0.22426036558466553
0.2734375,0.953125,0.22231309780951244
0.28125,0.9609375,0.22035225612059198
0.2890625,0.96875,0.21837796026963616
0.296875,0.9765625,0.21639033083074977
0.3046875,0.984375,0.21438948919300524
0.3125,0.9921875,0.21237555755295132
0.3203125,1.0,0.21034865890705012
0.0,0.671875,0.28159367618885756
0.0078125,0.6796875,0.2801728570817428
0.015625,0.6875,0.2787349295891753
0.0234375,0.6953125,0.27727998156582806
0.03125,0.703125,0.27580810190581895
0.0390625,0.7109375,0.27431938053735133
0.046875,0.71875,0.27281390841730896
0.0546875,0.7265625,0.27129177752580746
0.0625,0.734375,0.26975308086069166
0.0703125,0.7421875,0.26819791243197827
0.078125,0.75,0.26662636725622757
0.0859375,0.7578125,0.26503854135083066
0.09375,0.765625,0.2634345317281919
0.1015625,0.7734375,0.26181443638978535
0.109375,0.78125,0.2601783543200588
0.1171875,0.7890625,0.2585263854801754
0.125,0.796875,0.2568586308015666
0.1328125,0.8046875,0.2551751921793075
0.140625,0.8125,0.2534761724653229
0.1484375,0.8203125,0.2517616754614554
0.15625,0.828125,0.2500318059124407
0.1640625,0.8359375,0.2482866694988491
0.171875,0.84375,0.24652637283005105
0.1796875,0.8515625,0.24475102343726618
0.1875,0.859375,0.2429607297667365
0.1953125,0.8671875,0.24115560117304904
0.203125,0.875,0.239335747912607
0.2109375,0.8828125,0.23750128113722918
0.21875,0.890625,0.2356523128878375
0.2265625,0.8984375,0.233788956088185
0.234375,0.90625,0.2319113245385705
0.2421875,0.9140625,0.23001953290949337
0.25,0.921875,0.22811369673520776
0.2578125,0.9296875,0.22619393240715122
0.265625,0.9375,0.2242603571672297
0.2734375,0.9453125,0.2223130891009575
0.28125,0.953125,0.220352247130453
0.2890625,0.9609375,0.21837795100730217
0.296875,0.96875,0.2163903213053021
0.3046875,0.9765625,0.21438947941309786
0.3125,0.984375,0.21237554752672771
0.3203125,0.9921875,0.21034864864208935
0.328125,1.0,0.20830890654733691
0.0,0.6640625,0.28159367604406116
0.0078125,0.671875,0.28017285678822895
0.015625,0.6796875,0.2787349291452718
0.0234375,0.6875,0.2772799809698391
0.03125,0.6953125,0.27580810115599547
0.0390625,0.703125,0.2743193796318458
0.046875,0.7109375,0.27281390735411176
0.0546875,0.71875,0.2712917763026613
0.0625,0.7265625,0.2697530794749847
0.0703125,0.734375,0.2681979108806141
0.078125,0.7421875,0.2666263655354768
0.0859375,0.75,0.26503853945616956
0.09375,0.7578125,0.26343452965413927
0.1015625,0.765625,0.26181443412975114
0.109375,0.7734375,0.26017835186622607
0.1171875,0.78125,0.2585263828234314
0.125,0.7890625,0.25685862793150915
0.1328125,0.796875,0.2551751890843423
0.140625,0.8046875,0.2534761691328622
0.1484375,0.8125,0.25176167187822046
0.15625,0.8203125,0.2500318020648569
0.1640625,0.828125,0.24828666537350977
0.171875,0.8359375,0.24652636841421588
0.1796875,0.84375,0.24475101871935395
0.1875,0.8515625,0.24296072473676952
0.1953125,0.859375,0.24115559582301274
0.203125,0.8671875,0.23933574223669787
0.2109375,0.875,0.23750127513197639
0.21875,0.8828125,0.235652306552099
0.2265625,0.890625,0.2337889494230299
0.234375,0.8984375,0.23191131754706973
0.2421875,0.90625,0.23001952559644437
0.25,0.9140625,0.22811368910682217
0.2578125,0.921875,0.22619392447072975
0.265625,0.9296875,0.22426034893084684
0.2734375,0.9375,0.22231308057316992
0.28125,0.9453125,0.22035223832004328
0.2890625,0.953125,0.2183779419230622
0.296875,0.9609375,0.21639031195585678
0.3046875,0.96875,0.21438946980676862
0.3125,0.9765625,0.21237553767143072
0.3203125,0.984375,0.2103486385452647
0.328125,0.9921875,0.2083088962159029
0.3359375,1.0,0.2062564352555468
0.0,0.65625,0.28159367590009265
0.0078125,0.6640625,0.2801728564963781
0.015625,0.671875,0.2787349287038515
0.0234375,0.6796875,0.27727998037712687
0.03125,0.6875,0.27580810041020903
0.0390625,0.6953125,0.2743193787311056
0.046875,0.703125,0.27281390629638885
0.0546875,0.7109375,0.27129177508570546
0.0625,0.71875,0.26975307809623633
0.0703125,0.7265625,0.26819790933709625
0.078125,0.734375,0.26662636382367016
0.0859375,0.7421875,0.26503853757187656
0.09375,0.75,0.2634345275923432
0.1015625,0.7578125,0.2618144318844838
0.109375,0.765625,0.26017834943045726
0.1171875,0.7734375,0.2585263801889967
0.125,0.78125,0.2568586250890961
0.1328125,0.7890625,0.25517518602354855
0.140625,0.796875,0.25347616584233806
0.1484375,0.8046875,0.2517616683459008
0.15625,0.8125,0.25003179827827626
0.1640625,0.8203125,0.24828666132018612
0.171875,0.828125,0.2465263640820777
0.1796875,0.8359375,0.2447510140971776
0.1875,0.84375,0.24296071981459338
0.1953125,0.8515625,0.24115559059249325
0.203125,0.859375,0.23933573669138009
0.2109375,0.8671875,0.23750126926746248
0.21875,0.875,0.23565230036610643
0.2265625,0.8828125,0.23378894291534524
0.234375,0.890625,0.2319113107194106
0.2421875,0.8984375,0.2300195184522513
0.25,0.90625,0.2281136816510016
0.2578125,0.9140625,0.22619391670937233
0.265625,0.921875,0.22426034087094093
0.2734375,0.9296875,0.22231307222232718
0.28125,0.9375,0.22035222968624799
0.2890625,0.9453125,0.2183779330144516
0.296875,0.953125,0.2163903027805361
0.3046875,0.9609375,0.21438946037266168
0.3125,0.96875,0.21237552798616344
0.3203125,0.9765625,0.21034862861607817
0.328125,0.984375,0.20830888604959286
0.3359375,0.9921875,0.2062564248584252
0.34375,1.0,0.2041913703911409
0.0,0.6484375,0.2815936757569475
0.0078125,0.65625,0.2801728562061989
0.015625,0.6640625,0.27873492826495544
0.0234375,0.671875,0.27727997978778607
0.03125,0.6796875,0.2758080996686298
0.0390625,0.6875,0.2743193778353975
0.046875,0.6953125,0.27281390524452126
0.0546875,0.703125,0.2712917738754488
0.0625,0.7109375,0.2697530767250877
0.0703125,0.71875,0.2681979078021893
0.078125,0.7265625,0.26662636212167135
0.0859375,0.734375,0.26503853569886876
0.09375,0.7421875,0.26343452554370594
0.1015625,0.75,0.26181442965477686
0.109375,0.7578125,0.2601783470133195
0.1171875,0.765625,0.25852637757707503
0.125,0.7734375,0.2568586222740177
0.1328125,0.78125,0.25517518299595104
0.140625,0.7890625,0.25347616259197076
0.1484375,0.796875,0.251761664861799
0.15625,0.8046875,0.2500317945490112
0.1640625,0.8125,0.2482866573341792
0.171875,0.8203125,0.24652635982796184
0.1796875,0.828125,0.24475100956418075
0.1875,0.8359375,0.24296071499291547
0.1953125,0.84375,0.24115558547364732
0.203125,0.8515625,0.2393357312684713
0.2109375,0.859375,0.2375012635353851
0.21875,0.8671875,0.2356522943216492
0.2265625,0.875,0.2337889365572022
0.234375,0.8828125,0.23191130404810645
0.2421875,0.890625,0.23001951146999264
0.25,0.8984375,0.22811367436147503
0.2578125,0.90625,0.2261939091175076
0.265625,0.9140625,0.2242603329826581
0.2734375,0.921875,0.2223130640442842
0.28125,0.9296875,0.22035222122560183
0.2890625,0.9375,0.21837792427864225
0.296875,0.9453125,0.2163902937770975
0.3046875,0.953125,0.21438945110906418
0.3125,0.9609375,0.2123755184696852
0.3203125,0.96875,0.21034861885370587
0.328125,0.9765625,0.20830887604794784
0.3359375,0.984375,0.20625641462371078
0.34375,0.9921875,0.20419135992910978
0.3515625,1.0,0.20211383808135353
0.0,0.640625,0.28159367561461324
0.0078125,0.6484375,0.2801728559176817
0.015625,0.65625,0.27873492782859305
0.0234375,0.6640625,0.2772799792018625
0.03125,0.671875,0.27580809893135855
0.0390625,0.6796875,0.27431937694489567
0.046875,0.6875,0.2728139041987722
0.0546875,0.6953125,0.27129177267225496
0.0625,0.703125,0.26975307536200754
0.0703125,0.7109375,0.2681979062764626
0.078125,0.71875,0.2666263604301306
0.0859375,0.7265625,0.26503853383784265
0.09375,0.734375,0.2634345235089153
0.1015625,0.7421875,0.2618144274412334
0.109375,0.75,0.26017834461523515
0.1171875,0.7578125,0.25852637498779274
0.125,0.765625,0.2568586194859767
0.1328125,0.7734375,0.25517518000069783
0.140625,0.78125,0.2534761593802265
0.1484375,0.7890625,0.25176166142359113
0.15625,0.796875,0.2500317908738693
0.1640625,0.8046875,0.24828665341138997
0.171875,0.8125,0.24652635564687198
0.1796875,0.8203125,0.24475100511452944
0.1875,0.828125,0.24296071026517146
0.1953125,0.8359375,0.24115558045932758
0.203125,0.84375,0.2393357259604168
0.2109375,0.8515625,0.23750125792797383
0.21875,0.859375,0.2356522884109336
0.2265625,0.8671875,0.23378893034096548
0.234375,0.875,0.23191129752583836
0.2421875,0.8828125,0.2300195046427965
0.25,0.890625,0.22811366723191603
0.2578125,0.8984375,0.22619390168942033
0.265625,0.90625,0.22426032526092937
0.2734375,0.9140625,0.2223130560346277
0.28125,0.921875,0.22035221293433532
0.2890625,0.9296875,0.21837791571247994
0.296875,0.9375,0.21639028494296278
0.3046875,0.9453125,0.2143894420139269
0.3125,0.953125,0.2123755091204265
0.3203125,0.9609375,0.2103486092570078
0.328125,0.96875,0.20830886621020797
0.3359375,0.9765625,0.20625640455097866
0.34375,0.984375,0.20419134962704197
0.3515625,0.9921875,0.2021138275551848
0.359375,1.0,0.20002396521349697
0.0,0.6328125,0.28159367547307146
0.0078125,0.640625,0.2801728556308015
0.015625,0.6484375,0.27873492739474665
0.0234375,0.65625,0.27727997861936104
0.03125,0.6640625,0.2758080981984384
0.0390625,0.671875,0.27431937605969603
0.046875,0.6796875,0.2728139031593054
0.0546875,0.6875,0.27129177147636524
0.0625,0.6953125,0.2697530740073198
0.0703125,0.703125,0.2681979047603187
0.078125,0.7109375,0.2666263587495162
0.0859375,0.71875,0.26503853198930377
0.09375,0.7265625,0.2634345214884704
0.1015625,0.734375,0.2618144252442851
0.109375,0.7421875,0.2601783422364891
0.1171875,0.75,0.25852637242119275
0.125,0.7578125,0.25685861672466576
0.1328125,0.765625,0.255175177037016
0.140625,0.7734375,0.25347615620575464
0.1484375,0.78125,0.2517616580292474
0.15625,0.7890625,0.25003178725006153
0.1640625,0.796875,0.24828664954822172
0.171875,0.8046875,0.24652635153439484
0.1796875,0.8125,0.24475100074302616
0.1875,0.8203125,0.24296070562545494
0.1953125,0.828125,0.2411555755430324
0.203125,0.8359375,0.23933572076026394
0.2109375,0.84375,0.2375012524379884
0.21875,0.8515625,0.23565228262660343
0.2265625,0.859375,0.23378892425932982
0.234375,0.8671875,0.2319112911455071
0.2421875,0.875,0.23001949796390161
0.25,0.8828125,0.2281136602560071
0.2578125,0.890625,0.22619389441931462
0.265625,0.8984375,0.22426031770053134
0.2734375,0.90625,0.22231304818873096
0.28125,0.9140625,0.22035220480842196
0.2890625,0.921875,0.21837790731252377
0.296875,0.9296875,0.21639027627524943
0.3046875,0.9375,0.21438943308488967
0.3125,0.9453125,0.21237549993650737
0.3203125,0.953125,0.21034859982453993
0.328125,0.9609375,0.2083088565353211
0.3359375,0.96875,0.20625639463952533
0.34375,0.9765625,0.20419133948454246
0.3515625,0.984375,0.20211381718678864
0.359375,0.9921875,0.20002395462395775
0.3671875,1.0,0.19792187942721912
0.0,0.625,0.2815936753322977
0.0078125,0.6328125,0.28017285534552006
0.015625,0.640625,0.2787349269633761
0.0234375,0.6484375,0.2772799780402522
0.03125,0.65625,0.2758080974698634
0.0390625,0.6640625,0.27431937517983
0.046875,0.671875,0.2728139021262007
0.0546875,0.6796875,0.2712917702879175
0.0625,0.6875,0.2697530726612248
0.0703125,0.6953125,0.2681979032540194
0.078125,0.703125,0.26662635708014004
0.0859375,0.7109375,0.26503853015359274
0.09375,0.71875,0.2634345194827058
0.1015625,0.7265625,0.2618144230642107
0.109375,0.734375,0.26017833987723915
0.1171875,0.7421875,0.2585263698772322
0.125,0.75,0.2568586139897501
0.1328125,0.7578125,0.25517517410418017
0.140625,0.765625,0.25347615306733895
0.1484375,0.7734375,0.2517616546769675
0.15625,0.78125,0.2500317836751262
0.1640625,0.7890625,0.24828664574149764
0.171875,0.796875,0.24652634748661442
0.1796875,0.8046875,0.24475099644502898
0.1875,0.8125,0.24296070106844778
0.1953125,0.8203125,0.2411555707188528
0.203125,0.828125,0.2393357156616276
0.2109375,0.8359375,0.23750124705870548
0.21875,0.84375,0.2356522769617466
0.2265625,0.8515625,0.23378891830534695
0.234375,0.859375,0.23191128490027246
0.2421875,0.8671875,0.2300194914267066
0.25,0.875,0.2281136534274956
0.2578125,0.8828125,0.22619388730137263
0.265625,0.890625,0.22426031029614205
0.2734375,0.8984375,0.22231304050180659
0.28125,0.90625,0.22035219684362492
0.2890625,0.9140625,0.21837789907508726
0.296875,0.921875,0.21639026777080472
0.3046875,0.9296875,0.21438942431930794
0.3125,0.9375,0.21237549091575833
0.3203125,0.9453125,0.21034859055457028
0.328125,0.953125,0.20830884702195318
0.3359375,0.9609375,0.20625638488837547
0.34375,0.96875,0.20419132950095695
0.3515625,0.9765625,0.20211380697579626
0.359375,0.984375,0.200023944190236
0.3671875,0.9921875,0.19792186877507248
0.375,1.0,0.1958077091067125
0.0,0.6171875,0.2815936751922632
0.0078125,0.625,0.28017285506178824
0.015625,0.6328125,0.2787349265344214
0.0234375,0.640625,0.2772799774644767
0.03125,0.6484375,0.27580809674558654
0.0390625,0.65625,0.2743193743052733
0.046875,0.6640625,0.272813901099467
0.0546875,0.671875,0.2712917691069619
0.0625,0.6796875,0.2697530713238187
0.0703125,0.6875,0.2681979017577056
0.078125,0.6953125,0.26662635542218044
0.0859375,0.703125,0.2650385283309082
0.09375,0.7109375,0.2634345174918122
0.1015625,0.71875,0.2618144209011524
0.109375,0.7265625,0.26017833753752617
0.1171875,0.734375,0.2585263673557842
0.125,0.7421875,0.2568586112808578
0.1328125,0.75,0.2551751712014883
0.140625,0.7578125,0.2534761499638597
0.1484375,0.765625,0.25176165136512985
0.15625,0.7734375,0.2500317801468655
0.1640625,0.78125,0.2482866419883876
0.171875,0.7890625,0.24652634350003713
0.1796875,0.796875,0.24475099221637797
0.1875,0.8046875,0.24296069658935365
0.1953125,0.8125,0.24115556598141716
0.203125,0.8203125,0.23933571065865164
0.2109375,0.828125,0.2375012417838967
0.21875,0.8359375,0.23565227140989137
0.2265625,0.84375,0.23378891247243724
0.234375,0.8515625,0.23191127878358098
0.2421875,0.859375,0.23001948502480887
0.25,0.8671875,0.22811364674023965
0.2578125,0.875,0.22619388032980428
0.265625,0.8828125,0.2242603030423929
0.2734375,0.890625,0.22231303296895563
0.28125,0.8984375,0.22035218903554368
0.2890625,0.90625,0.21837789099627816
0.296875,0.9140625,0.21639025942624115
0.3046875,0.921875,0.21438941571428266
0.3125,0.9296875,0.2123754820557438
0.3203125,0.9375,0.2103485814450967
0.328125,0.9453125,0.208308837668502
0.3359375,0.953125,0.20625637529629165
0.34375,0.9609375,0.20419131967537804
0.3515625,0.96875,0.20211379692159673
0.359375,0.9765625,0.20002393391198617
0.3671875,0.984375,0.19792185827700864
0.375,0.9921875,0.1958076983927184
0.3828125,1.0,0.19368158337287736
0.0,0.609375,0.2815936750529351
0.0078125,0.6171875,0.2801728547795479
0.015625,0.625,0.27873492610780737
0.0234375,0.6328125,0.277279976891951
0.03125,0.640625,0.27580809602552525
0.0390625,0.6484375,0.2743193734359548
0.046875,0.65625,0.27281390007905293
0.0546875,0.6640625,0.27129176793347437
0.0625,0.671875,0.2697530699951086
0.0703125,0.6796875,0.2681979002714158
0.078125,0.6875,0.26662635377570093
0.0859375,0.6953125,0.2650385265213257
0.09375,0.703125,0.26343451551585495
0.1015625,0.7109375,0.26181441875513284
0.109375,0.71875,0.2601783352172848
0.1171875,0.7265625,0.25852636485664116
0.125,0.734375,0.25685860859757365
0.1328125,0.7421875,0.2551751683282452
0.140625,0.75,0.25347614689426473
0.1484375,0.7578125,0.25176164809224943
0.15625,0.765625,0.2500317766632934
0.1640625,0.7734375,0.24828663828634837
0.171875,0.78125,0.2465263395715256
0.1796875,0.7890625,0.2447509880533289
0.1875,0.796875,0.2429606921838353
0.1953125,0.8046875,0.2411555613258376
0.203125,0.8125,0.2393357057459657
0.2109375,0.8203125,0.2375012366078011
0.21875,0.828125,0.2356522659649941
0.2265625,0.8359375,0.2337889067543931
0.234375,0.84375,0.23191127278918275
0.2421875,0.8515625,0.23001947875203316
0.25,0.859375,0.22811364018824584
0.2578125,0.8671875,0.22619387349889022
0.265625,0.875,0.2242602959339136
0.2734375,0.8828125,0.2223130255852133
0.28125,0.890625,0.22035218137965662
0.2890625,0.8984375,0.21837788307203918
0.296875,0.90625,0.21639025123797145
0.3046875,0.9140625,0.21438940726668998
0.3125,0.921875,0.21237547335378795
0.3203125,0.9296875,0.2103485724938677
0.328125,0.9375,0.20830882847311272
0.3359375,0.9453125,0.20625636586178572
0.34375,0.953125,0.20419131000665297
0.3515625,0.9609375,0.20211378702334226
0.359375,0.96875,0.20002392378863543
0.3671875,0.9765625,0.19792184793270262
0.375,0.984375,0.19580768783127955
0.3828125,0.9921875,0.1936815725977935
0.390625,1.0,0.1915436320754383
0.0,0.6015625,0.2815936749142773
0.0078125,0.609375,0.2801728544987324
0.015625,0.6171875,0.27873492568344466
0.0234375,0.625,0.2772799763225705
0.03125,0.6328125,0.2758080953095681
0.0390625,0.640625,0.2743193725717638
0.046875,0.6484375,0.2728138990648568
0.0546875,0.65625,0.2712917667673677
0.0625,0.6640625,0.2697530686750263
0.0703125,0.671875,0.268197898795101
0.078125,0.6796875,0.2666263521406676
0.0859375,0.6875,0.2650385247248156
0.09375,0.6953125,0.2634345135547904
0.1015625,0.703125,0.26181441662606747
0.109375,0.7109375,0.2601783329163545
0.1171875,0.71875,0.2585263623795194
0.125,0.7265625,0.2568586059394369
0.1328125,0.734375,0.25517516548375024
0.140625,0.7421875,0.2534761438575472
0.1484375,0.75,0.25176164485694613
0.15625,0.7578125,0.2500317732225926
0.1640625,0.765625,0.2482866346330721
0.171875,0.7734375,0.24652633569824212
0.1796875,0.78125,0.24475098395249392
0.1875,0.7890625,0.24296068784795716
0.1953125,0.796875,0.24115555674765718
0.203125,0.8046875,0.23933570091864245
0.2109375,0.8125,0.23750123152509298
0.21875,0.8203125,0.23565226062142122
0.2265625,0.828125,0.23378890114537457
0.234375,0.8359375,0.23191126691113972
0.2421875,0.84375,0.23001947260245129
0.25,0.8515625,0.22811363376569788
0.2578125,0.859375,0.22619386680301745
0.265625,0.8671875,0.22426028896537228
0.2734375,0.875,0.22231301834559014
0.28125,0.8828125,0.22035217387136227
0.2890625,0.890625,0.218377875298186
0.296875,0.8984375,0.21639024320224365
0.3046875,0.90625,0.21438939897321263
0.3125,0.9140625,0.2123754648070001
0.3203125,0.921875,0.21034856369840382
0.328125,0.9296875,0.20830881943369595
0.3359375,0.9375,0.20625635658313277
0.34375,0.9453125,0.2041913004933944
0.3515625,0.953125,0.20211377727995483
0.359375,0.9609375,0.20002391381938844
0.3671875,0.96875,0.19792183774161512
0.375,0.9765625,0.1958076774220889
0.3828125,0.984375,0.1936815619739325
0.390625,0.9921875,0.19154362124002075
0.3984375,1.0,0.1893939857850162
0.0,0.59375,0.28159367477625075
0.0078125,0.6015625,0.28017285421926885
0.015625,0.609375,0.27873492526123206
0.0234375,0.6171875,0.2772799757562125
0.03125,0.625,0.27580809459757827
0.0390625,0.6328125,0.274319371712556
0.046875,0.640625,0.27281389805673323
0.0546875,0.6484375,0.2712917656085012
0.0625,0.65625,0.2697530673634389
0.0703125,0.6640625,0.26819789732863725
0.078125,0.671875,0.26662635051696204
0.0859375,0.6796875,0.26503852294125696
0.09375,0.6875,0.26343451160848036
0.1015625,0.6953125,0.2618144145137789
0.109375,0.703125,0.26017833063448853
0.1171875,0.7109375,0.25852635992406564
0.125,0.71875,0.2568586033059402
0.1328125,0.7265625,0.2551751626672897
0.140625,0.734375,0.25347614085272924
0.1484375,0.7421875,0.25176164165791814
0.15625,0.75,0.2500317698230806
0.1640625,0.7578125,0.24828663102644438
0.171875,0.765625,0.24652633187760006
0.1796875,0.7734375,0.24475097991078978
0.1875,0.78125,0.242960683578133
0.1953125,0.7890625,0.24115555224280158
0.203125,0.796875,0.23933569617215486
0.2109375,0.8046875,0.23750122653084865
0.21875,0.8125,0.23565225537392573
0.2265625,0.8203125,0.23378889563989838
0.234375,0.828125,0.23191126114382668
0.2421875,0.8359375,0.2300194665703941
0.25,0.84375,0.22811362746697791
0.2578125,0.8515625,0.22619386023670807
0.265625,0.859375,0.22426028213150845
0.2734375,0.8671875,0.22231301124510838
0.28125,0.875,0.22035216650601608
0.2890625,0.8828125,0.2183778676704438
0.296875,0.890625,0.216390235315175
0.3046875,0.8984375,0.21438939083037048
0.3125,0.90625,0.21237545641230263
0.3203125,0.9140625,0.2103485550560213
0.328125,0.921875,0.20830881054794606
0.3359375,0.9296875,0.20625634745838622
0.34375,0.9375,0.2041912911339917
0.3515625,0.9453125,0.20211376769013578
0.359375,0.953125,0.2000239040032333
0.3671875,0.9609375,0.19792182770299713
0.375,0.96875,0.19580766716463693
0.3828125,0.9765625,0.19368155150100316
0.390625,0.984375,0.19154361055467842
0.3984375,0.9921875,0.18939397489002002
0.40625,1.0,0.18723277578515463
0.0,0.5859375,0.281593674638814
0.0078125,0.59375,0.2801728539410783
0.015625,0.6015625,0.2787349248410586
0.0234375,0.609375,0.27727997519273945
0.03125,0.6171875,0.27580809388939725
0.0390625,0.625,0.2743193708581586
0.046875,0.6328125,0.2728138970545002
0.0546875,0.640625,0.2712917644566886
0.0625,0.6484375,0.26975306606015914
0.0703125,0.65625,0.26819789587183684
0.078125,0.6640625,0.26662634890439424
0.0859375,0.671875,0.2650385211704504
0.09375,0.6796875,0.2634345096767049
0.1015625,0.6875,0.26181441241800835
0.109375,0.6953125,0.2601783283713646
0.1171875,0.703125,0.2585263574898615
0.125,0.7109375,0.25685860069653116
0.1328125,0.71875,0.25517515987813155
0.140625,0.7265625,0.2534761378788493
0.1484375,0.734375,0.25176163849392247
0.15625,0.7421875,0.2500317664631811
0.1640625,0.75,0.24828662746450816
0.171875,0.7578125,0.24652632810722297
0.1796875,0.765625,0.24475097592539266
0.1875,0.7734375,0.24296067937107965
0.1953125,0.78125,0.241155547807533
0.203125,0.7890625,0.23933569150233508
0.2109375,0.796875,0.2375012216205123
0.21875,0.8046875,0.23565225021762223
0.2265625,0.8125,0.2337888902328221
0.234375,0.8203125,0.23191125548192645
0.2421875,0.828125,0.23001946065045686
0.25,0.8359375,0.228113621286681
0.2578125,0.84375,0.22619385379464052
0.265625,0.8515625,0.2242602754271608
0.2734375,0.859375,0.22231300427883294
0.28125,0.8671875,0.22035215927896343
0.2890625,0.875,0.21837786018447963
0.296875,0.8828125,0.21639022757278398
0.3046875,0.890625,0.21438938283455033
0.3125,0.8984375,0.21237544816645748
0.3203125,0.90625,0.2103485465638552
0.328125,0.9140625,0.20830880181336245
0.3359375,0.921875,0.20625633848539476
0.34375,0.9296875,0.20419128192662495
0.3515625,0.9375,0.20211375825237582
0.359375,0.9453125,0.20002389433894957
0.3671875,0.953125,0.19792181781589493
0.375,0.9609375,0.19580765705821532
0.3828125,0.96875,0.19368154117852207
0.390625,0.9765625,0.191543600019134
0.3984375,0.984375,0.18939396414412682
0.40625,0.9921875,0.18723276483133425
0.4140625,1.0,0.18506013406430297
0.0,0.578125,0.2815936745019237
0.0078125,0.5859375,0.28017285366407746
0.015625,0.59375,0.2787349244228049
0.0234375,0.6015625,0.2772799746320012
0.03125,0.609375,0.27580809318484867
0.0390625,0.6171875,0.27431937000837414
0.046875,0.625,0.2728138960579446
0.0546875,0.6328125,0.27129176331170485
0.0625,0.640625,0.26975306476495325
0.0703125,0.6484375,0.26819789442445796
0.078125,0.65625,0.26662634730271234
0.0859375,0.6640625,0.2650385194121291
0.09375,0.671875,0.2634345077591725
0.1015625,0.6796875,0.2618144103384256
0.109375,0.6875,0.2601783261265925
0.1171875,0.6953125,0.2585263550764308
0.125,0.703125,0.2568585981106143
0.1328125,0.7109375,0.25517515711552274
0.140625,0.71875,0.25347613493495375
0.1484375,0.7265625,0.251761635363759
0.15625,0.734375,0.2500317631414015
0.1640625,0.7421875,0.24828662394543527
0.171875,0.75,0.2465263243849089
0.1796875,0.7578125,0.24475097199369883
0.1875,0.765625,0.242960675223775
0.1953125,0.7734375,0.24115554343840986
0.203125,0.78125,0.23933568690533544
0.2109375,0.7890625,0.2375012167898615
0.21875,0.796875,0.23565224514795982
0.2265625,0.8046875,0.23378888491932573
0.234375,0.8125,0.2319112499204202
0.2421875,0.8203125,0.23001945483749814
0.25,0.828125,0.22811361521962284
0.2578125,0.8359375,0.22619384747166615
0.265625,0.84375,0.22426026884728897
0.2734375,0.8515625,0.2223129974418977
0.28125,0.859375,0.22035215218556867
0.2890625,0.8671875,0.21837785283593383
0.296875,0.875,0.2163902199710201
0.3046875,0.8828125,0.21438937498203448
0.3125,0.890625,0.21237544006609255
0.3203125,0.8984375,0.21034853821888347
0.328125,0.90625,0.2083087932272694
0.3359375,0.9140625,0.20625632966182
0.34375,0.921875,0.20419127286927907
0.3515625,0.9296875,0.20211374896496664
0.359375,0.9375,0.20002388482511735
0.3671875,0.9453125,0.1979218080791573
0.375,0.953125,0.19580764710192183
0.3828125,0.9609375,0.19368153100581692
0.390625,0.96875,0.19154358963292717
0.3984375,0.9765625,0.18939395354707167
0.40625,0.984375,0.18723275402581213
0.4140625,0.9921875,0.18506012305241284
0.421875,1.0,0.1828761933077558
0.0,0.5703125,0.2815936743655347
0.0078125,0.578125,0.28017285338817843
0.015625,0.5859375,0.2787349240063445
0.0234375,0.59375,0.27727997407383637
0.03125,0.6015625,0.2758080924837413
0.0390625,0.609375,0.2743193691629849
0.046875,0.6171875,0.27281389506682663
0.0546875,0.625,0.2712917621732918
0.0625,0.6328125,0.26975306347754696
0.0703125,0.640625,0.2681978929862117
0.078125,0.6484375,0.2666263457116114
0.0859375,0.65625,0.26503851766596825
0.09375,0.6640625,0.2634345058555303
0.1015625,0.671875,0.26181440827463764
0.109375,0.6796875,0.26017832389972234
0.1171875,0.6875,0.2585263526832442
0.125,0.6953125,0.2568585955475535
0.1328125,0.703125,0.25517515437868743
0.140625,0.7109375,0.25347613202008995
0.1484375,0.71875,0.25176163226625864
0.15625,0.7265625,0.25003175985631526
0.1640625,0.734375,0.24828662046750172
0.171875,0.7421875,0.24652632070860167
0.1796875,0.75,0.24475096811329103
0.1875,0.7578125,0.24296067113342232
0.1953125,0.765625,0.2411555391322486
0.203125,0.7734375,0.23933568237759328
0.2109375,0.78125,0.23750121203497518
0.21875,0.7890625,0.2356522401606949
0.2265625,0.796875,0.23378887969489137
0.234375,0.8046875,0.23191124445457445
0.2421875,0.8125,0.23001944912663572
0.25,0.8203125,0.2281136092608435
0.2578125,0.828125,0.22619384126281847
0.265625,0.8359375,0.22426026238699004
0.2734375,0.84375,0.222312990729527
0.28125,0.8515625,0.22035214522123983
0.2890625,0.859375,0.21837784562044574
0.296875,0.8671875,0.21639021250579155
0.3046875,0.875,0.2143893672690277
0.3125,0.8828125,0.21237543210772755
0.3203125,0.890625,0.21034853001794973
0.328125,0.8984375,0.20830878478683731
0.3359375,0.90625,0.20625632098515465
0.34375,0.9140625,0.20419126395976012
0.3515625,0.921875,0.2021137398260145
0.359375,0.9296875,0.20002387546012776
0.3671875,0.9375,0.1979217984914435
0.375,0.9453125,0.1958076372946664
0.3828125,0.953125,0.19368152098203098
0.390625,0.9609375,0.1915435793954173
0.3984375,0.96875,0.18939394309841445
0.40625,0.9765625,0.18723274336833404
0.4140625,0.984375,0.18506011218817653
0.421875,0.9921875,0.1828761822385507
0.4296875,1.0,0.18068108688954956
0.0,0.5625,0.2815936742296001
0.0078125,0.5703125,0.28017285311329015
0.015625,0.578125,0.27873492359154484
0.0234375,0.5859375,0.27727997351807443
0.03125,0.59375,0.27580809178586985
0.0390625,0.6015625,0.2743193683217558
0.046875,0.609375,0.27281389408088386
0.0546875,0.6171875,0.27129176104116315
0.0625,0.625,0.26975306219763245
0.0703125,0.6328125,0.26819789155676943
0.078125,0.640625,0.26662634413074143
0.0859375,0.6484375,0.2650385159315928
0.09375,0.65625,0.26343450396537227
0.1015625,0.6640625,0.26181440622619706
0.109375,0.671875,0.2601783216902521
0.1171875,0.6796875,0.25852635030972565
0.125,0.6875,0.25685859300667524
0.1328125,0.6953125,0.255175151666827
0.140625,0.703125,0.2534761291333025
0.1484375,0.7109375,0.25176162920027406
0.15625,0.71875,0.25003175660654703
0.1640625,0.7265625,0.24828661702906893
0.171875,0.734375,0.2465263170763659
0.1796875,0.7421875,0.24475096428190984
0.1875,0.75,0.24296066709741768
0.1953125,0.7578125,0.24115553488609104
0.203125,0.765625,0.23933567791579716
0.2109375,0.7734375,0.23750120735220256
0.21875,0.78125,0.23565223525186357
0.2265625,0.7890625,0.23378887455528113
0.234375,0.796875,0.23191123907992586
0.2421875,0.8046875,0.23001944351323816
0.25,0.8125,0.22811360340560585
0.2578125,0.8203125,0.2261938351633202
0.265625,0.828125,0.2242602560415103
0.2734375,0.8359375,0.22231298413705244
0.28125,0.84375,0.22035213838144935
0.2890625,0.8515625,0.21837783853367693
0.296875,0.859375,0.21639020517298968
0.3046875,0.8671875,0.2143893596916819
0.3125,0.875,0.21237542428779768
0.3203125,0.8828125,0.2103485219577871
0.328125,0.890625,0.20830877648910356
0.3359375,0.8984375,0.20625631245274106
0.34375,0.90625,0.20419125519571063
0.3515625,0.9140625,0.20211373083345346
0.359375,0.921875,0.20002386624219404
0.3671875,0.9296875,0.19792178905123242
0.375,0.9375,0.19580762763517828
0.3828125,0.9453125,0.19368151110612808
0.390625,0.953125,0.19154356930578767
0.3984375,0.9609375,0.18939393279754252
0.40625,0.96875,0.18723273285847766
0.4140625,0.9765625,0.18506010147134921
0.421875,0.984375,0.18287617131650896
0.4296875,0.9921875,0.18068107576378498
0.4375,1.0,0.17847494886431675
0.0,0.5546875,0.2815936740940723
0.0078125,0.5625,0.2801728528393186
0.015625,0.5703125,0.27873492317826826
0.0234375,0.578125,0.2772799729645371
0.03125,0.5859375,0.27580809109101884
0.0390625,0.59375,0.27431936748443664
0.046875,0.6015625,0.27281389309983495
0.0546875,0.609375,0.27129175991500887
0.0625,0.6171875,0.2697530609248728
0.0703125,0.625,0.26819789013576856
0.078125,0.6328125,0.26662634255971346
0.0859375,0.640625,0.26503851420858476
0.09375,0.6484375,0.2634345020882463
0.1015625,0.65625,0.2618144041926095
0.109375,0.6640625,0.2601783194976329
0.1171875,0.671875,0.2585263479552567
0.125,0.6796875,0.25685859048727167
0.1328125,0.6875,0.2551751489791203
0.140625,0.6953125,0.2534761262736295
0.1484375,0.703125,0.2517616261646727
0.15625,0.7109375,0.25003175339076167
0.1640625,0.71875,0.24828661362856694
0.171875,0.7265625,0.24652631348636694
0.1796875,0.734375,0.24475096049742892
0.1875,0.7421875,0.24296066311332315
0.1953125,0.75,0.24115553069717463
0.203125,0.7578125,0.23933567351685714
0.2109375,0.765625,0.23750120273813435
0.21875,0.7734375,0.23565223041775632
0.2265625,0.78125,0.23378886949651495
0.234375,0.7890625,0.23191123379226464
0.2421875,0.796875,0.23001943799291422
0.25,0.8046875,0.2281135976493916
0.2578125,0.8125,0.22619382916858405
0.265625,0.8203125,0.22426024980625334
0.2734375,0.828125,0.22231297765992553
0.28125,0.8359375,0.22035213166175086
0.2890625,0.84375,0.2183778315713314
0.296875,0.8515625,0.2163901979685103
0.3046875,0.859375,0.21438935224611885
0.3125,0.8671875,0.2123754166026764
0.3203125,0.875,0.21034851403503899
0.328125,0.8828125,0.20830876833099282
0.3359375,0.890625,0.2062563040617901
0.34375,0.8984375,0.2041912465746267
0.3515625,0.90625,0.20211372198505986
0.359375,0.9140625,0.20002385716936447
0.3671875,0.921875,0.19792177975683287
0.375,0.9296875,0.19580761812201428
0.3828125,0.9375,0.1936815013768994
0.390625,0.9453125,0.19154355936304993
0.3984375,0.953125,0.18939392264367438
0.40625,0.9609375,0.18723272249565492
0.4140625,0.96875,0.18506009090152398
0.421875,0.9765625,0.18287616054139402
0.4296875,0.984375,0.18068106478484192
0.4375,0.9921875,0.17847493768274916
0.4453125,1.0,0.176257913959099
0.0,0.546875,0.2815936739589025
0.0078125,0.5546875,0.2801728525661672
0.015625,0.5625,0.27873492276637285
0.0234375,0.5703125,0.2772799724130395
0.03125,0.578125,0.2758080903989625
0.0390625,0.5859375,0.27431936665076406
0.046875,0.59375,0.27281389212338175
0.0546875,0.6015625,0.2712917587944981
0.0625,0.609375,0.2697530596589064
0.0703125,0.6171875,0.26819788872281747
0.078125,0.625,0.26662634099810495
0.0859375,0.6328125,0.26503851249648946
0.09375,0.640625,0.2634345002236607
0.1015625,0.6484375,0.26181440217333957
0.109375,0.65625,0.26017831732127594
0.1171875,0.6640625,0.258526345619182
0.125,0.671875,0.2568585879886039
0.1328125,0.6796875,0.25517514631472493
0.140625,0.6875,0.2534761234401013
0.1484375,0.6953125,0.2517616231583316
0.15625,0.703125,0.25003175020765506
0.1640625,0.7109375,0.24828661026448182
0.171875,0.71875,0.24652630993685323
0.1796875,0.7265625,0.24475095675783481
0.1875,0.734375,0.24296065917884244
0.1953125,0.7421875,0.24115552656290692
0.203125,0.75,0.23933566917787813
0.2109375,0.7578125,0.2375011981895763
0.21875,0.765625,0.23565222565489288
0.2265625,0.7734375,0.23378886451484956
0.234375,0.78125,0.23191122858761656
0.2421875,0.7890625,0.23001943256149962
0.25,0.796875,0.22811359198789394
0.2578125,0.8046875,0.2261938232742121
0.265625,0.8125,0.22426024367678354
0.2734375,0.8203125,0.22231297129372687
0.28125,0.828125,0.22035212505779245
0.2890625,0.8359375,0.2183778247291722
0.296875,0.84375,0.21639019088827283
0.3046875,0.8515625,0.21438934492845005
0.3125,0.859375,0.212375409048696
0.3203125,0.8671875,0.21034850624628007
0.328125,0.875,0.20830876030933665
0.3359375,0.8828125,0.20625629580939872
0.34375,0.890625,0.2041912380938744
0.3515625,0.8984375,0.20211371327846686
0.359375,0.90625,0.20002384823953445
0.3671875,0.9140625,0.19792177060639418
0.375,0.921875,0.1958076087535676
0.3828125,0.9296875,0.19368149179297073
0.390625,0.9375,0.19154354956604985
0.3984375,0.9453125,0.18939391263586372
0.40625,0.953125,0.18723271227911523
0.4140625,0.9609375,0.18506008047813452
0.421875,0.96875,0.1828761499128126
0.4296875,0.9765625,0.180681053952491
0.4375,0.984375,0.17847492664780532
0.4453125,0.9921875,0.17625790272248623
0.453125,1.0,0.1740301175651187
0.0,0.5390625,0.2815936738240407
0.0078125,0.546875,0.28017285229373745
0.015625,0.5546875,0.27873492235571307
0.0234375,0.5625,0.27727997186339104
0.03125,0.5703125,0.27580808970946813
0.0390625,0.578125,0.27431936582046446
0.046875,0.5859375,0.27281389115121235
0.0546875,0.59375,0.27129175767928265
0.0625,0.6015625,0.2697530583993504
0.0703125,0.609375,0.2681978873174992
0.078125,0.6171875,0.2666263394454654
0.0859375,0.625,0.26503851079481994
0.09375,0.6328125,0.26343449837108956
0.1015625,0.640625,0.26181440016781643
0.109375,0.6484375,0.26017831516055695
0.1171875,0.65625,0.2585263433008128
0.125,0.6640625,0.2568585855099051
0.1328125,0.671875,0.25517514367277805
0.140625,0.6796875,0.25347612063173963
0.1484375,0.6875,0.2517616201801339
0.15625,0.6953125,0.2500317470559471
0.1640625,0.703125,0.2482866069353449
0.171875,0.7109375,0.24652630642614284
0.1796875,0.71875,0.24475095306120875
0.1875,0.7265625,0.2429606552918008
0.1953125,0.734375,0.24115552248084193
0.203125,0.7421875,0.23933566489613572
0.2109375,0.75,0.23750119370352465
0.21875,0.7578125,0.23565222095999863
0.2265625,0.765625,0.2337888596067566
0.234375,0.7734375,0.23191122346222573
0.2421875,0.78125,0.23001942721504418
0.25,0.7890625,0.22811358641700863
0.2578125,0.796875,0.22619381747599132
0.265625,0.8046875,0.2242602376488274
0.2734375,0.8125,0.22231296503417183
0.28125,0.8203125,0.22035211856532635
0.2890625,0.828125,0.2183778180030339
0.296875,0.8359375,0.21639018392823636
0.3046875,0.84375,0.2143893377347948
0.3125,0.8515625,0.21237540162216623
0.3203125,0.859375,0.21034849858803453
0.328125,0.8671875,0.20830875242089186
0.3359375,0.875,0.20625628769256818
0.34375,0.8828125,0.20419122975070578
0.3515625,0.890625,0.20211370471117962
0.359375,0.8984375,0.20002383945045973
0.3671875,0.90625,0.19792176159791786
0.375,0.9140625,0.19580759952807775
0.3828125,0.921875,0.1936814823528102
0.390625,0.9296875,0.19154353991347406
0.3984375,0.9375,0.18939390277300447
0.40625,0.9453125,0.1872327022079492
0.4140625,0.953125,0.185060070200457
0.421875,0.9609375,0.18287613943021688
0.4296875,0.96875,0.18068104326635073
0.4375,0.9765625,0.17847491575926186
0.4453125,0.984375,0.17625789163243938
0.453125,0.9921875,0.17403010627422008
0.4609375,1.0,0.17179169572950972
0.0,0.53125,0.281593673689437
0.0078125,0.5390625,0.2801728520219291
0.015625,0.546875,0.2787349219461403
0.0234375,0.5546875,0.2772799713153966
0.03125,0.5625,0.2758080890222954
0.0390625,0.5703125,0.2743193649932555
0.046875,0.578125,0.27281389018300317
0.0546875,0.5859375,0.27129175656899956
0.0625,0.59375,0.26975305714580383
0.0703125,0.6015625,0.2681978859193758
0.078125,0.609375,0.2666263379013193
0.0859375,0.6171875,0.2650385091030623
0.09375,0.625,0.2634344965299769
0.1015625,0.6328125,0.26181439817543856
0.109375,0.640625,0.26017831301482075
0.1171875,0.6484375,0.2585263409994319
0.125,0.65625,0.25685858305038306
0.1328125,0.6640625,0.2551751410523988
0.140625,0.671875,0.2534761178475566
0.1484375,0.6796875,0.25176161722896556
0.15625,0.6875,0.250031743934376
0.1640625,0.6953125,0.24828660363972443
0.171875,0.703125,0.2465263029526112
0.1796875,0.7109375,0.24475094940571232
0.1875,0.71875,0.24296065145012696
0.1953125,0.7265625,0.2411555184486615
0.203125,0.734375,0.2393356606690547
0.2109375,0.7421875,0.23750118927714475
0.21875,0.75,0.23565221632998354
0.2265625,0.7578125,0.23378885476890343
0.234375,0.765625,0.2319112184125365
0.2421875,0.7734375,0.23001942194979713
0.25,0.78125,0.22811358093282372
0.2578125,0.7890625,0.226193811769888
0.265625,0.796875,0.2242602317182721
0.2734375,0.8046875,0.22231295887711314
0.28125,0.8125,0.2203521121802161
0.2890625,0.8203125,0.21837781138883414
0.296875,0.828125,0.21639017708441238
0.3046875,0.8359375,0.2143893306612952
0.3125,0.84375,0.212375394319391
0.3203125,0.8515625,0.21034849105679404
0.328125,0.859375,0.20830874466235796
0.3359375,0.8671875,0.20625627970822052
0.34375,0.875,0.2041912215422751
0.3515625,0.8828125,0.2021136962805895
0.359375,0.890625,0.20002383079976993
0.3671875,0.8984375,0.19792175272926918
0.375,0.90625,0.19580759044364063
0.3828125,0.9140625,0.19368147305473732
0.390625,0.921875,0.19154353040385727
0.3984375,0.9296875,0.1893938930538371
0.40625,0.9375,0.1872326922810933
0.4140625,0.9453125,0.18506006006761472
0.421875,0.953125,0.18287612909290688
0.4296875,0.9609375,0.1806810327258893
0.4375,0.96875,0.1784749050167473
0.4453125,0.9765625,0.17625788068874
0.453125,0.984375,0.17403009512996592
0.4609375,0.9921875,0.1717916843850865
0.46875,1.0,0.169542785147009
0.0,0.5234375,0.28159367355504
0.0078125,0.53125,0.2801728517506406
0.015625,0.5390625,0.27873492153750357
0.0234375,0.546875,0.27727997076885696
0.03125,0.5546875,0.2758080883371989
0.0390625,0.5625,0.27431936416884606
0.046875,0.5703125,0.27281388921842054
0.0546875,0.578125,0.2712917554632738
0.0625,0.5859375,0.2697530558978508
0.0703125,0.59375,0.26819788452799115
0.078125,0.6015625,0.2666263363651703
0.0859375,0.609375,0.2650385074206791
0.09375,0.6171875,0.2634344946997423
0.1015625,0.625,0.26181439619557645
0.109375,0.6328125,0.260178310883386
0.1171875,0.640625,0.2585263387142958
0.125,0.6484375,0.2568585806092236
0.1328125,0.65625,0.25517513845268863
0.140625,0.6640625,0.25347611508655543
0.1484375,0.671875,0.25176161430371374
0.15625,0.6796875,0.2500317408416944
0.1640625,0.6875,0.24828660037621844
0.171875,0.6953125,0.2465262995146818
0.1796875,0.703125,0.24475094578957501
0.1875,0.7109375,0.24296064765183897
0.1953125,0.71875,0.24115551446415726
0.203125,0.7265625,0.2393356564941906
0.2109375,0.734375,0.23750118490775096
0.21875,0.7421875,0.2356522117619227
0.2265625,0.75,0.2337888499981333
0.234375,0.7578125,0.2319112134351767
0.2421875,0.765625,0.23001941676219287
0.25,0.7734375,0.2281135755316085
0.2578125,0.78125,0.2261938061520399
0.265625,0.7890625,0.224260225881162
0.2734375,0.796875,0.22231295281854185
0.28125,0.8046875,0.22035210589844056
0.2890625,0.8125,0.21837780488258035
0.296875,0.8203125,0.21639017035287594
0.3046875,0.828125,0.21438932370412922
0.3125,0.8359375,0.21237538713668305
0.3203125,0.84375,0.2103484836490328
0.328125,0.8515625,0.20830873703039296
0.3359375,0.859375,0.20625627185321466
0.34375,0.8671875,0.2041912134656541
0.3515625,0.875,0.20211368798398885
0.359375,0.8828125,0.20002382228498156
0.3671875,0.890625,0.19792174399818918
0.375,0.8984375,0.19580758149821917
0.3828125,0.90625,0.1936814638969318
0.390625,0.9140625,0.19154352103558972
0.3984375,0.921875,0.1893938834769549
0.40625,0.9296875,0.1872326824973352
0.4140625,0.9375,0.18506005007858112
0.421875,0.9453125,0.18287611890003375
0.4296875,0.953125,0.18068102233042732
0.4375,0.9609375,0.17847489441974382
0.4453125,0.96875,0.17625786989102532
0.453125,0.9765625,0.1740300841321422
0.4609375,0.984375,0.1717916731875199
0.46875,0.9921875,0.1695427737498244
0.4765625,1.0,0.1672835231516084
0.0,0.515625,0.2815936734207986
0.0078125,0.5234375,0.28017285147976917
0.015625,0.53125,0.27873492112964954
0.0234375,0.5390625,0.2772799702235698
0.03125,0.546875,0.27580808765392817
0.0390625,0.5546875,0.27431936334693974
0.046875,0.5625,0.272813888257122
0.0546875,0.5703125,0.2712917543617187
0.0625,0.578125,0.269753054655062
0.0703125,0.5859375,0.2681978831428737
0.078125,0.59375,0.26662633483650433
0.0859375,0.6015625,0.2650385057471126
0.09375,0.609375,0.26343449287978243
0.1015625,0.6171875,0.2618143942275795
0.109375,0.625,0.2601783087655474
0.1171875,0.6328125,0.25852633644463974
0.125,0.640625,0.2568585781855927
0.1328125,0.6484375,0.25517513587273416
0.140625,0.65625,0.2534761123477299
0.1484375,0.6640625,0.2517616114032655
0.15625,0.671875,0.25003173777666576
0.1640625,0.6796875,0.2482865971434494
0.171875,0.6875,0.24652629611081808
0.1796875,0.6953125,0.24475094221108362
0.1875,0.703125,0.24296064389503033
0.1953125,0.7109375,0.2411555105252161
0.203125,0.71875,0.23933565236921284
0.2109375,0.7265625,0.23750118059278919
0.21875,0.734375,0.23565220725303754
0.2265625,0.7421875,0.23378884529144925
0.234375,0.75,0.23191120852694122
0.2421875,0.7578125,0.2300194116488361
0.25,0.765625,0.22811357020980133
0.2578125,0.7734375,0.22619380061874822
0.265625,0.78125,0.22426022013369343
0.2734375,0.7890625,0.22231294685458566
0.28125,0.796875,0.2203520997160963
0.2890625,0.8046875,0.21837779848037572
0.296875,0.8125,0.21639016372977352
0.3046875,0.8203125,0.21438931685952134
0.3125,0.828125,0.21237538007037604
0.3203125,0.8359375,0.2103484763612218
0.328125,0.84375,0.20830872952162793
0.3359375,0.8515625,0.20625626412436068
0.34375,0.859375,0.2041912055178464
0.3515625,0.8671875,0.2021136798185848
0.359375,0.875,0.20002381390351126
0.3671875,0.8828125,0.19792173540230662
0.375,0.890625,0.19580757268965396
0.3828125,0.8984375,0.19368145487744376
0.390625,0.90625,0.1915435118069259
0.3984375,0.9140625,0.1893938740408109
0.40625,0.921875,0.1872326728553199
0.4140625,0.9296875,0.1850600402321854
0.421875,0.9375,0.1828761088506036
0.4296875,0.9453125,0.18068101207914025
0.4375,0.953125,0.17847488396758937
0.4453125,0.9609375,0.17625785923878923
0.453125,0.96875,0.1740300732803931
0.4609375,0.9765625,0.1717916621365995
0.46875,0.984375,0.16954276249983996
0.4765625,0.9921875,0.1672835117024279
0.484375,1.0,0.1650140477081673
0.0,0.5078125,0.28159367328666135
0.0078125,0.515625,0.2801728512092113
0.015625,0.5234375,0.2787349207224239
0.0234375,0.53125,0.2772799696793303
0.03125,0.5390625,0.2758080869722291
0.0390625,0.546875,0.27431936252723393
0.046875,0.5546875,0.2728138872987584
0.0546875,0.5625,0.27129175326393906
0.0625,0.5703125,0.26975305341699707
0.0703125,0.578125,0.26819788176353815
0.078125,0.5859375,0.2666263333147918
0.0859375,0.59375,0.26503850408178814
0.09375,0.6015625,0.26343449106947553
0.1015625,0.609375,0.2618143922707762
0.109375,0.6171875,0.26017830666058
0.1171875,0.625,0.25852633418967913
0.125,0.6328125,0.256858575778639
0.1328125,0.640625,0.255175133311608
0.140625,0.6484375,0.2534761096300658
0.1484375,0.65625,0.2517616085265064
0.15625,0.6640625,0.25003173473806206
0.1640625,0.671875,0.2482865939400597
0.171875,0.6796875,0.24652629273951704
0.1796875,0.6875,0.24475093866857361
0.1875,0.6953125,0.24296064017786037
0.1953125,0.703125,0.2411555066298072
0.203125,0.7109375,0.2393356482918904
0.2109375,0.71875,0.23750117632982123
0.21875,0.7265625,0.2356522028006803
0.2265625,0.734375,0.23378884064599648
0.234375,0.7421875,0.23191120368477666
0.2421875,0.75,0.23001940660648873
0.25,0.7578125,0.22811356496399873
0.2578125,0.765625,0.22619379516646776
0.265625,0.7734375,0.22426021447220879
0.2734375,0.78125,0.22231294098150584
0.28125,0.7890625,0.2203520936293974
0.2890625,0.796875,0.21837779217842226
0.296875,0.8046875,0.21639015721132931
0.3046875,0.8125,0.21438931012375112
0.3125,0.8203125,0.2123753731168358
0.3203125,0.828125,0.21034846918984038
0.328125,0.8359375,0.20830872213268015
0.3359375,0.84375,0.20625625651843388
0.34375,0.8515625,0.204191197695801
0.3515625,0.859375,0.20211367178151218
0.359375,0.8671875,0.20002380565268826
0.3671875,0.875,0.19792172693914983
0.375,0.8828125,0.19580756401567434
0.3828125,0.890625,0.1936814459942025
0.390625,0.8984375,0.1915435027159929
0.3984375,0.90625,0.18939386474372555
0.40625,0.9140625,0.18723266335355568
0.4140625,0.921875,0.18506003052711772
0.421875,0.9296875,0.18287609894348195
0.4296875,0.9375,0.1806810019710622
0.4375,0.9453125,0.1784748736594806
0.4453125,0.953125,0.17625784873138456
0.453125,0.9609375,0.17403006257422243
0.4609375,0.96875,0.17179165123197523
0.46875,0.9765625,0.16954275139684793
0.4765625,0.984375,0.16728350040092058
0.484375,0.9921875,0.1650140362077589
0.4921875,1.0,0.1627344974039874
0.0,0.5,0.2815936731525754
0.0078125,0.5078125,0.2801728509388629
0.015625,0.515625,0.27873492031567015
0.0234375,0.5234375,0.2772799691359312
0.03125,0.53125,0.2758080862918443
0.0390625,0.5390625,0.27431936170942195
0.046875,0.546875,0.2728138863429745
0.0546875,0.5546875,0.2712917521695321
0.0625,0.5625,0.26975305218320633
0.0703125,0.5703125,0.268197880389489
0.078125,0.578125,0.26662633179949025
0.0859375,0.5859375,0.26503850242411625
0.09375,0.59375,0.263434489268184
0.1015625,0.6015625,0.2618143903244775
0.109375,0.609375,0.260178304567741
0.1171875,0.6171875,0.25852633194861246
0.125,0.625,0.2568585733874958
0.1328125,0.6328125,0.25517513076837056
0.140625,0.640625,0.2534761069325407
0.1484375,0.6484375,0.2517616056723209
0.15625,0.65625,0.2500317317246612
0.1640625,0.6640625,0.24828659076470805
0.171875,0.671875,0.2465262893993035
0.1796875,0.6796875,0.24475093516042182
0.1875,0.6875,0.2429606364985439
0.1953125,0.6953125,0.24115550277597123
0.203125,0.703125,0.23933564426007886
0.2109375,0.7109375,0.23750117211651095
0.21875,0.71875,0.23565219840231919
0.2265625,0.7265625,0.23378883605904796
0.234375,0.734375,0.231911198905767
0.2421875,0.7421875,0.230019401632056
0.25,0.75,0.2281135597909427
0.2578125,0.7578125,0.22619378979179805
0.265625,0.765625,0.224260208893189
0.2734375,0.7734375,0.2223129351956934
0.28125,0.78125,0.2203520876346748
0.2890625,0.7890625,0.2183777859730221
0.296875,0.796875,0.21639015079384952
0.3046875,0.8046875,0.2143893034931598
0.3125,0.8125,0.21237536627246836
0.3203125,0.8203125,0.21034846213138672
0.328125,0.828125,0.20830871486016447
0.3359375,0.8359375,0.20625624903218634
0.34375,0.84375,0.20419118999642505
0.3515625,0.8515625,0.20211366386984658
0.359375,0.859375,0.2000237975297666
0.3671875,0.8671875,0.19792171860615826
0.375,0.875,0.19580755547390902
0.3828125,0.8828125,0.19368143724502743
0.390625,0.890625,0.19154349376079957
0.3984375,0.8984375,0.18939385558389454
0.40625,0.90625,0.1872326539904213
0.4140625,0.9140625,0.18506002096193536
0.421875,0.921875,0.18287608917739814
0.4296875,0.9296875,0.18068099200509002
0.4375,0.9375,0.17847486349447553
0.4453125,0.9453125,0.17625783836802572
0.453125,0.953125,0.17403005201299535
0.4609375,0.9609375,0.17179164047315879
0.46875,0.96875,0.16954274044050288
0.4765625,0.9765625,0.1672834892468807
0.484375,0.984375,0.16501402485562464
0.4921875,0.9921875,0.16273448585312159
0.5,1.0,0.16044501144034917
0.0,0.4921875,0.28159367301848975
0.0078125,0.5,0.2801728506686193
0.015625,0.5078125,0.27873491990923227
0.0234375,0.515625,0.277279968593164
0.03125,0.5234375,0.27580808561251385
0.0390625,0.53125,0.27431936089319336
0.046875,0.5390625,0.27281388538941004
0.0546875,0.546875,0.2712917510780888
0.0625,0.5546875,0.2697530509532322
0.0703125,0.5625,0.26819787902022013
0.078125,0.5703125,0.26662633029004623
0.0859375,0.578125,0.26503850077349494
0.09375,0.5859375,0.2634344874752561
0.1015625,0.59375,0.2618143883879807
0.109375,0.6015625,0.26017830248627277
0.1171875,0.609375,0.25852632972062367
0.125,0.6171875,0.2568585710112831
0.1328125,0.625,0.255175128242071
0.140625,0.6328125,0.2534761042541254
0.1484375,0.640625,0.25176160283959126
0.15625,0.6484375,0.2500317287352467
0.1640625,0.65625,0.24828658761606662
0.171875,0.6640625,0.24652628608872607
0.1796875,0.671875,0.24475093168504022
0.1875,0.6796875,0.2429606328553439
0.1953125,0.6875,0.2411554989618104
0.203125,0.6953125,0.2393356402717102
0.2109375,0.703125,0.2375011679506118
0.21875,0.7109375,0.23565219405552523
0.2265625,0.71875,0.23378883152799168
0.234375,0.7265625,0.23191119418712014
0.2421875,0.734375,0.23001939672257393
0.25,0.7421875,0.22811355468750993
0.2578125,0.75,0.22619378449147318
0.265625,0.7578125,0.22426020339324682
0.2734375,0.765625,0.22231292949366316
0.28125,0.7734375,0.22035208172837334
0.2890625,0.78125,0.21837777986057866
0.296875,0.7890625,0.2163901444737249
0.3046875,0.796875,0.21438929696415546
0.3125,0.8046875,0.21237535953372746
0.3203125,0.8125,0.21034845518238718
0.328125,0.8203125,0.2083087077007034
0.3359375,0.828125,0.20625624166235862
0.34375,0.8359375,0.20419118241659504
0.3515625,0.84375,0.2021136560806157
0.359375,0.8515625,0.20002378953193678
0.3671875,0.859375,0.19792171040069367
0.375,0.8671875,0.19580754706189654
0.3828125,0.875,0.19368142862763707
0.390625,0.8828125,0.19154348493924517
0.3984375,0.890625,0.18939384655939712
0.40625,0.8984375,0.18723264476417317
0.4140625,0.90625,0.18506001153506788
0.421875,0.9140625,0.18287607955095192
0.4296875,0.921875,0.18068098217998765
0.4375,0.9296875,0.178474853471498
0.4453125,0.9375,0.17625782814779095
0.453125,0.9453125,0.17403004159594088
0.4609375,0.953125,0.17179162985952545
0.46875,0.9609375,0.1695427296303227
0.4765625,0.96875,0.16728347823996606
0.484375,0.9765625,0.16501401365156024
0.4921875,0.984375,0.1627344744512581
0.5,0.9921875,0.16044499983979935
0.5078125,1.0,0.1581457296240119
0.0,0.484375,0.28159367288435216
0.0078125,0.4921875,0.28017285039837564
0.015625,0.5,0.2787349195029518
0.0234375,0.5078125,0.2772799680508182
0.03125,0.515625,0.2758080849339755
0.0390625,0.5234375,0.27431936007823504
0.046875,0.53125,0.272813884437701
0.0546875,0.5390625,0.2712917499891945
0.0625,0.546875,0.26975304972661046
0.0703125,0.5546875,0.2681978776552183
0.078125,0.5625,0.2666263287858966
0.0859375,0.5703125,0.2650384991293114
0.09375,0.578125,0.26343448569002875
0.1015625,0.5859375,0.2618143864605702
0.109375,0.59375,0.2601783004154051
0.1171875,0.6015625,0.25852632750488386
0.125,0.609375,0.25685856864910955
0.1328125,0.6171875,0.2551751257317495
0.140625,0.625,0.2534761015937842
0.1484375,0.6328125,0.251761600027198
0.15625,0.640625,0.2500317257686054
0.1640625,0.6484375,0.24828658449281885
0.171875,0.65625,0.2465262828063532
0.1796875,0.6640625,0.244750928240871
0.1875,0.671875,0.24296062924656478
0.1953125,0.6796875,0.24115549518548077
0.203125,0.6875,0.23933563632478255
0.2109375,0.6953125,0.2375011638299566
0.21875,0.703125,0.23565218975796062
0.2265625,0.7109375,0.2337888270503178
0.234375,0.71875,0.23191118952615575
0.2421875,0.7265625,0.2300193918751976
0.25,0.734375,0.2281135496507008
0.2578125,0.7421875,0.22619377926235248
0.265625,0.75,0.22426019796911809
0.2734375,0.7578125,0.22231292387204898
0.28125,0.765625,0.2203520759070477
0.2890625,0.7734375,0.21837777383759424
0.296875,0.78125,0.2163901382474321
0.3046875,0.7890625,0.21438929053321623
0.3125,0.796875,0.2123753528971197
0.3203125,0.8046875,0.21034844833940214
0.328125,0.8125,0.2083087006509356
0.3359375,0.8203125,0.20625623440568894
0.34375,0.828125,0.20419117495316766
0.3515625,0.8359375,0.20211364841081017
0.359375,0.84375,0.20002378165633644
0.3671875,0.8515625,0.19792170232005082
0.375,0.859375,0.1958075387770959
0.3828125,0.8671875,0.19368142013965908
0.390625,0.875,0.19154347624912874
0.3984375,0.8828125,0.18939383766820372
0.40625,0.890625,0.18723263567295242
0.4140625,0.8984375,0.18506000224482502
0.421875,0.90625,0.18287607006261786
0.4296875,0.9140625,0.18068097249439122
0.4375,0.921875,0.17847484358934115
0.4453125,0.9296875,0.17625781806962698
0.453125,0.9375,0.17403003132215444
0.4609375,0.9453125,0.1717916193903162
0.46875,0.953125,0.1695427189656905
0.4765625,0.9609375,0.16728346737969932
0.484375,0.96875,0.16501400259522575
0.4921875,0.9765625,0.16273446319819335
0.5,0.984375,0.16044498838910665
0.5078125,0.9921875,0.15814571797455435
0.515625,1.0,0.15583679235867595
0.0,0.4765625,0.28159367275011077
0.0078125,0.484375,0.28017285012802723
0.015625,0.4921875,0.2787349190966715
0.0234375,0.5,0.27727996750868367
0.03125,0.5078125,0.27580808425596637
0.0390625,0.515625,0.27431935926423073
0.046875,0.5234375,0.2728138834874798
0.0546875,0.53125,0.27129174890243046
0.0625,0.5390625,0.2697530485028716
0.0703125,0.546875,0.26819787629396274
0.078125,0.5546875,0.2666263272864706
0.0859375,0.5625,0.26503849749094394
0.09375,0.5703125,0.2634344839118282
0.1015625,0.578125,0.2618143845415192
0.109375,0.5859375,0.26017829835435613
0.1171875,0.59375,0.25852632530055336
0.125,0.6015625,0.2568585663000733
0.1328125,0.609375,0.25517512323643715
0.140625,0.6171875,0.25347609895047574
0.1484375,0.625,0.25176159723401936
0.15625,0.6328125,0.25003172282352765
0.1640625,0.640625,0.2482865813936572
0.171875,0.6484375,0.24652627955077047
0.1796875,0.65625,0.24475092482638214
0.1875,0.6640625,0.2429606256705466
0.1953125,0.671875,0.24115549144518467
0.203125,0.6796875,0.23933563241735167
0.2109375,0.6875,0.23750115975244737
0.21875,0.6953125,0.23565218550736866
0.2265625,0.703125,0.2337888226236073
0.234375,0.7109375,0.23191118492029425
0.2421875,0.71875,0.23001938708719
0.25,0.7265625,0.2281135446776284
0.2578125,0.734375,0.2261937741014108
0.265625,0.7421875,0.22426019261765423
0.2734375,0.75,0.22231291832759673
0.28125,0.7578125,0.2203520701673595
0.2890625,0.765625,0.21837776790066815
0.296875,0.7734375,0.21639013211153355
0.3046875,0.78125,0.21438928419689254
0.3125,0.7890625,0.2123753463592087
0.3203125,0.796875,0.21034844159903313
0.328125,0.8046875,0.20830869370752356
0.3359375,0.8125,0.20625622725892181
0.34375,0.8203125,0.2041911676029886
0.3515625,0.828125,0.20211364085739358
0.359375,0.8359375,0.20002377390006085
0.3671875,0.84375,0.19792169436146745
0.375,0.8515625,0.19580753061689618
0.3828125,0.859375,0.19368141177863976
0.390625,0.8671875,0.1915434676881577
0.3984375,0.875,0.18939382890818496
0.40625,0.8828125,0.187232626714793
0.4140625,0.890625,0.1850599930894029
0.421875,0.8984375,0.1828760607107522
0.4296875,0.90625,0.1806809629468142
0.4375,0.9140625,0.17847483384667276
0.4453125,0.921875,0.1762578081323519
0.453125,0.9296875,0.1740300211906015
0.4609375,0.9375,0.1717916090646403
0.46875,0.9453125,0.16954270844585673
0.4765625,0.953125,0.16728345666546926
0.484375,0.9609375,0.16501399168614683
0.4921875,0.96875,0.16273445209358853
0.5,0.9765625,0.1604449770880675
0.5078125,0.984375,0.1581457064759352
0.515625,0.9921875,0.1558367806610901
0.5234375,1.0,0.1535183406364097
0.0,0.46875,0.2815936726157139
0.0078125,0.4765625,0.28017284985746943
0.015625,0.484375,0.27873491869023337
0.0234375,0.4921875,0.2772799669665492
0.03125,0.5,0.2758080835782219
0.0390625,0.5078125,0.27431935845086375
0.046875,0.515625,0.27281388253837685
0.0546875,0.5234375,0.2712917478173746
0.0625,0.53125,0.2697530472815413
0.0703125,0.5390625,0.2681978749359281
0.078125,0.546875,0.2666263257911907
0.0859375,0.5546875,0.26503849585776307
0.09375,0.5625,0.26343448213997245
0.1015625,0.5703125,0.2618143826300922
0.109375,0.578125,0.26017829630233463
0.1171875,0.5859375,0.25852632310678314
0.125,0.59375,0.256858563963264
0.1328125,0.6015625,0.2551751207551584
0.140625,0.609375,0.2534760963231533
0.1484375,0.6171875,0.25176159445893215
0.15625,0.625,0.25003171989880585
0.1640625,0.6328125,0.24828657831728249
0.171875,0.640625,0.24652627632057758
0.1796875,0.6484375,0.24475092144006366
0.1875,0.65625,0.2429606221256605
0.1953125,0.6640625,0.24115548773916523
0.203125,0.671875,0.23933562854752438
0.2109375,0.6796875,0.23750115571604755
0.21875,0.6875,0.23565218130156398
0.2265625,0.6953125,0.23378881824552394
0.234375,0.703125,0.2319111803670461
0.2421875,0.7109375,0.23001938235591193
0.25,0.71875,0.22811353976550966
0.2578125,0.7265625,0.22619376900572993
0.265625,0.734375,0.22426018733581413
0.2734375,0.7421875,0.22231291285715807
0.28125,0.75,0.2203520645060711
0.2890625,0.7578125,0.2183777620464943
0.296875,0.765625,0.21639012606267624
0.3046875,0.7734375,0.2143892779518079
0.3125,0.78125,0.21237533991661794
0.3203125,0.7890625,0.21034843495792677
0.328125,0.796875,0.20830868686715895
0.3359375,0.8046875,0.20625622021881537
0.34375,0.8125,0.20419116036290108
0.3515625,0.8203125,0.20211363341731126
0.359375,0.828125,0.20002376626017165
0.3671875,0.8359375,0.19792168652213407
0.375,0.84375,0.19580752257862583
0.3828125,0.8515625,0.19368140354205332
0.390625,0.859375,0.1915434592539567
0.3984375,0.8671875,0.18939382027711926
0.40625,0.875,0.1872326178876286
0.4140625,0.8828125,0.18505998406689098
0.421875,0.890625,0.18287605149359873
0.4296875,0.8984375,0.18068095353565314
0.4375,0.90625,0.17847482424203961
0.4453125,0.9140625,0.17625779833466013
0.453125,0.921875,0.17403001120012107
0.4609375,0.9296875,0.1717915988814785
0.46875,0.9375,0.16954269806994132
0.4765625,0.9453125,0.16728344609653345
0.484375,0.953125,0.1650139809237162
0.4921875,0.9609375,0.16273444113697086
0.5,0.96875,0.16044496593634316
0.5078125,0.9765625,0.1581456951279503
0.515625,0.984375,0.15583676911545066
0.5234375,0.9921875,0.1535183288914782
0.53125,1.0,0.15119051602904032
0.0,0.4609375,0.28159367248111017
0.0078125,0.46875,0.2801728495865982
0.015625,0.4765625,0.27873491828348
0.0234375,0.484375,0.2772799664242037
0.03125,0.4921875,0.2758080829004776
0.0390625,0.5,0.2743193576378157
0.046875,0.5078125,0.2728138815900201
0.0546875,0.515625,0.2712917467336024
0.0625,0.5234375,0.2697530460621421
0.0703125,0.53125,0.26819787358058406
0.078125,0.5390625,0.2666263242994739
0.0859375,0.546875,0.26503849422913306
0.09375,0.5546875,0.2634344803737724
0.1015625,0.5625,0.2618143807255457
0.109375,0.5703125,0.2601782942585416
0.1171875,0.578125,0.25852632092271605
0.125,0.5859375,0.2568585616377639
0.1328125,0.59375,0.255175118286931
0.140625,0.6015625,0.25347609371076596
0.1484375,0.609375,0.2517615917008112
0.15625,0.6171875,0.25003171699323473
0.1640625,0.625,0.24828657526240192
0.171875,0.6328125,0.2465262731143869
0.1796875,0.640625,0.24475091808042482
0.1875,0.6484375,0.2429606186103042
0.1953125,0.65625,0.2411554840657008
0.203125,0.6640625,0.23933562471345207
0.2109375,0.671875,0.23750115171877462
0.21875,0.6796875,0.23565217713842482
0.2265625,0.6875,0.23378881391380293
0.234375,0.6953125,0.23191117586400328
0.2421875,0.703125,0.2300193776788127
0.25,0.7109375,0.22811353491165529
0.2578125,0.71875,0.2261937639724895
0.265625,0.7265625,0.2242601821206566
0.2734375,0.734375,0.22231290745768378
0.28125,0.7421875,0.2203520589200413
0.2890625,0.75,0.2183777562718574
0.296875,0.7578125,0.2163901200975904
0.3046875,0.765625,0.21438927179465916
0.3125,0.7734375,0.21237533356603247
0.3203125,0.78125,0.21034842841277787
0.328125,0.7890625,0.20830868012656817
0.3359375,0.796875,0.2062562132821472
0.34375,0.8046875,0.204191153229753
0.3515625,0.8125,0.2021136260874981
0.359375,0.8203125,0.20002375873370595
0.3671875,0.828125,0.19792167879920228
0.375,0.8359375,0.19580751465956195
0.3828125,0.84375,0.19368139542731033
0.390625,0.8515625,0.19154345094407638
0.3984375,0.859375,0.1893938117727016
0.40625,0.8671875,0.18723260918930115
0.4140625,0.875,0.18505997517527872
0.421875,0.8828125,0.1828760424092956
0.4296875,0.890625,0.18068094425919348
0.4375,0.8984375,0.17847481477387286
0.4453125,0.90625,0.17625778867512645
0.453125,0.9140625,0.1740300013494295
0.4609375,0.921875,0.17179158883968654
0.46875,0.9296875,0.1695426878369371
0.4765625,0.9375,0.16728343567201964
0.484375,0.9453125,0.16501397030719578
0.4921875,0.953125,0.16273443032773516
0.5,0.9609375,0.1604449549334612
0.5078125,0.96875,0.15814568393026007
0.515625,0.9765625,0.15583675772155245
0.5234375,0.984375,0.1535183172997287
0.53125,0.9921875,0.15119050423754926
0.5390625,1.0,0.1488534606795097
0.0,0.453125,0.28159367234624866
0.0078125,0.4609375,0.28017284931531
0.015625,0.46875,0.27873491787625454
0.0234375,0.4765625,0.2772799658814365
0.03125,0.484375,0.2758080822224685
0.0390625,0.4921875,0.2743193568247675
0.046875,0.5,0.2728138806420368
0.0546875,0.5078125,0.27129174565068687
0.0625,0.515625,0.26975304484419366
0.0703125,0.5234375,0.26819787222739655
0.078125,0.53125,0.2666263228107327
0.0859375,0.5390625,0.2650384926044127
0.09375,0.546875,0.2634344786125329
0.1015625,0.5546875,0.2618143788271297
0.109375,0.5625,0.26017829222217087
0.1171875,0.5703125,0.2585263187474881
0.125,0.578125,0.2568585593226486
0.1328125,0.5859375,0.25517511583076746
0.140625,0.59375,0.25347609111225905
0.1484375,0.6015625,0.2517615889585299
0.15625,0.609375,0.2500317141056105
0.1640625,0.6171875,0.2482865722277284
0.171875,0.625,0.2465262699308214
0.1796875,0.6328125,0.2447509147459914
0.1875,0.640625,0.24296061512289907
0.1953125,0.6484375,0.24115548042310067
0.203125,0.65625,0.23933562091332478
0.2109375,0.6640625,0.2375011477586936
0.21875,0.671875,0.23565217301588567
0.2265625,0.6796875,0.23378880962624451
0.234375,0.6875,0.23191117140883014
0.2421875,0.6953125,0.2300193730534214
0.25,0.703125,0.22811353011346194
0.2578125,0.7109375,0.2261937589989592
0.265625,0.71875,0.22426017696933273
0.2734375,0.7265625,0.2223129021262175
0.28125,0.734375,0.22035205340621952
0.2890625,0.7421875,0.21837775057362857
0.296875,0.75,0.21639011421308665
0.3046875,0.7578125,0.21438926572221528
0.3125,0.765625,0.2123753273041997
0.3203125,0.7734375,0.21034842196033252
0.328125,0.78125,0.20830867348251558
0.3359375,0.7890625,0.20625620644571974
0.34375,0.796875,0.204191146200403
0.3515625,0.8046875,0.20211361886488602
0.359375,0.8125,0.20002375131768357
0.3671875,0.8203125,0.19792167118979345
0.375,0.828125,0.1958075068569386
0.3828125,0.8359375,0.19368138743176638
0.390625,0.84375,0.19154344275600124
0.3984375,0.8515625,0.18939380339255077
0.40625,0.859375,0.1872326006175675
0.4140625,0.8671875,0.18505996641246406
0.421875,0.875,0.18287603345588163
0.4296875,0.8828125,0.1806809351156155
0.4375,0.890625,0.17847480544049352
0.4453125,0.8984375,0.17625777915221155
0.453125,0.90625,0.17402999163712501
0.4609375,0.9140625,0.17179157893799865
0.46875,0.921875,0.16954267774571263
0.4765625,0.9296875,0.16728342539092927
0.484375,0.9375,0.16501395983571865
0.4921875,0.9453125,0.16273441966514546
0.5,0.953125,0.16044494407881635
0.5078125,0.9609375,0.1581456728823908
0.515625,0.96875,0.15583674647905402
0.5234375,0.9765625,0.15351830586095425
0.53125,0.984375,0.1511904926006044
0.5390625,0.9921875,0.14885344884224871
0.546875,1.0,0.14650731729319538
0.0,0.4453125,0.28159367221107884
0.0078125,0.453125,0.2801728490435019
0.015625,0.4609375,0.27873491746840107
0.0234375,0.46875,0.2772799653380377
0.03125,0.4765625,0.2758080815439306
0.0390625,0.484375,0.2743193560114007
0.046875,0.4921875,0.27281387969405363
0.0546875,0.5,0.2712917445681999
0.0625,0.5078125,0.2697530436272133
0.0703125,0.515625,0.26819787087582875
0.078125,0.5234375,0.2666263213243761
0.0859375,0.53125,0.2650384909829565
0.09375,0.5390625,0.26343447685555377
0.1015625,0.546875,0.2618143769340886
0.109375,0.5546875,0.2601782901924105
0.1171875,0.5625,0.25852631658022956
0.125,0.5703125,0.2568585570169887
0.1328125,0.578125,0.2551751133856753
0.140625,0.5859375,0.25347608852657444
0.1484375,0.59375,0.2517615862309604
0.15625,0.6015625,0.2500317112347308
0.1640625,0.609375,0.24828656921197984
0.171875,0.6171875,0.24652626676851325
0.1796875,0.625,0.24475091143530342
0.1875,0.6328125,0.24296061166188662
0.1953125,0.640625,0.2411554768097009
0.203125,0.6484375,0.2393356171453672
0.2109375,0.65625,0.23750114383391138
0.21875,0.6640625,0.2356521689319311
0.2265625,0.671875,0.2337888053807067
0.234375,0.6796875,0.2319111669992564
0.2421875,0.6875,0.23001936847733903
0.25,0.6953125,0.228113525368404
0.2578125,0.703125,0.22619375408249073
0.265625,0.7109375,0.22426017187907868
0.2734375,0.71875,0.22231289685988895
0.28125,0.7265625,0.2203520479616408
0.2890625,0.734375,0.21837774494876158
0.296875,0.7421875,0.21639010840605338
0.3046875,0.75,0.2143892597313163
0.3125,0.7578125,0.21237532112792923
0.3203125,0.765625,0.21034841559738887
0.328125,0.7734375,0.2083086669318067
0.3359375,0.78125,0.20625619970636414
0.34375,0.7890625,0.20419113927172558
0.3515625,0.796875,0.2021136117464092
0.359375,0.8046875,0.20002374400911424
0.3671875,0.8125,0.19792166369100564
0.375,0.8203125,0.1958074991679537
0.3828125,0.828125,0.19368137955272993
0.390625,0.8359375,0.19154343468715762
0.3984375,0.84375,0.18939379513421747
0.40625,0.8515625,0.18723259217010754
0.4140625,0.859375,0.18505995777625847
0.421875,0.8671875,0.18287602463130304
0.4296875,0.875,0.18068092610300063
0.4375,0.8828125,0.1784747962401181
0.4453125,0.890625,0.1762577697642662
0.453125,0.8984375,0.17402998206169246
0.4609375,0.90625,0.17179156917503202
0.46875,0.9140625,0.1695426677950162
0.4765625,0.921875,0.16728341525214055
0.484375,0.9296875,0.16501394950829193
0.4921875,0.9375,0.16273440914833742
0.5,0.9453125,0.16044493337167287
0.5078125,0.953125,0.15814566198373556
0.515625,0.9609375,0.15583673538747878
0.5234375,0.96875,0.1535182945748105
0.53125,0.9765625,0.15119048111799638
0.5390625,0.984375,0.14885343716102822
0.546875,0.9921875,0.14650730541095788
0.5546875,1.0,0.14415222912919787
0.0,0.4375,0.2815936720755514
0.0078125,0.4453125,0.28017284877107246
0.015625,0.453125,0.27873491705976466
0.0234375,0.4609375,0.27727996479379846
0.03125,0.46875,0.2758080808646004
0.0390625,0.4765625,0.2743193551973969
0.046875,0.484375,0.27281387874569707
0.0546875,0.4921875,0.2712917434857129
0.0625,0.5,0.2697530424107175
0.0703125,0.5078125,0.26819786952534186
0.078125,0.515625,0.2666263198398105
0.0859375,0.5234375,0.2650384893641156
0.09375,0.53125,0.2634344751021308
0.1015625,0.5390625,0.2618143750456624
0.109375,0.546875,0.26017828816844374
0.1171875,0.5546875,0.2585263144200657
0.125,0.5625,0.25685855471984953
0.1328125,0.5703125,0.25517511095065853
0.140625,0.578125,0.2534760859526512
0.1484375,0.5859375,0.2517615835169738
0.15625,0.59375,0.2500317083793945
0.1640625,0.6015625,0.24828656621387832
0.171875,0.609375,0.2465262636261026
0.1796875,0.6171875,0.24475090814691372
0.1875,0.625,0.24296060822572596
0.1953125,0.6328125,0.24115547322386163
0.203125,0.640625,0.2393356134078339
0.2109375,0.6484375,0.2375011399425721
0.21875,0.65625,0.23565216488458976
0.2265625,0.6640625,0.23378880117509973
0.234375,0.671875,0.2319111626330703
0.2421875,0.6796875,0.23001936394823158
0.25,0.6875,0.22811352067402627
0.2578125,0.6953125,0.22619374922051147
0.265625,0.703125,0.22426016684720895
0.2734375,0.7109375,0.22231289165590787
0.28125,0.71875,0.22035204258341987
0.2890625,0.7265625,0.21837773939428845
0.296875,0.734375,0.2163901026734533
0.3046875,0.7421875,0.21438925381887103
0.3125,0.75,0.2123753150340925
0.3203125,0.7578125,0.210348409320798
0.328125,0.765625,0.20830866047128999
0.3359375,0.7734375,0.2062561930609436
0.34375,0.78125,0.20419113244061576
0.3515625,0.7890625,0.20211360472901047
0.359375,0.796875,0.2000237368050032
0.3671875,0.8046875,0.19792165629992048
0.375,0.8125,0.19580749158977723
0.3828125,0.8203125,0.19368137178746908
0.390625,0.828125,0.19154342673492117
0.3984375,0.8359375,0.18939378699519166
0.40625,0.84375,0.1872325838445309
0.4140625,0.8515625,0.18505994926439598
0.421875,0.859375,0.18287601593341993
0.4296875,0.8671875,0.18068091721933724
0.4375,0.875,0.17847478717086432
0.4453125,0.8828125,0.17625776050953773
0.453125,0.890625,0.1740299726215077
0.4609375,0.8984375,0.1717915595492908
0.46875,0.90625,0.16954265798347948
0.4765625,0.9140625,0.1672834052544117
0.484375,0.921875,0.1650139393238
0.4921875,0.9296875,0.16273439877632095
0.5,0.9375,0.1604449228111663
0.5078125,0.9453125,0.15814565123355634
0.515625,0.953125,0.1558367244462165
0.5234375,0.9609375,0.15351828344081686
0.53125,0.96875,0.15119046978937695
0.5390625,0.9765625,0.14885342563563586
0.546875,0.984375,0.14650729368638715
0.5546875,0.9921875,0.14415221720278115
0.5625,1.0,0.14178833999159393
0.0,0.4296875,0.28159367193961704
0.0078125,0.4375,0.28017284849792146
0.015625,0.4453125,0.2787349166501923
0.0234375,0.453125,0.27727996424851176
0.03125,0.4609375,0.27580808018421604
0.0390625,0.46875,0.2743193543824387
0.046875,0.4765625,0.27281387779659433
0.0546875,0.484375,0.27129174240279746
0.0625,0.4921875,0.2697530411942216
0.0703125,0.5,0.2681978681753959
0.078125,0.5078125,0.26662631835643996
0.0859375,0.515625,0.2650384877472389
0.09375,0.5234375,0.2634344733515564
0.1015625,0.53125,0.26181437316108735
0.109375,0.5390625,0.2601782861494498
0.1171875,0.546875,0.25852631226611783
0.125,0.5546875,0.2568585524302932
0.1328125,0.5625,0.2551751085247177
0.140625,0.5703125,0.25347608338942623
0.1484375,0.578125,0.2517615808154401
0.15625,0.5859375,0.2500317055384016
0.1640625,0.59375,0.24828656323214993
0.171875,0.6015625,0.24652626050223686
0.1796875,0.609375,0.24475090487938606
0.1875,0.6171875,0.24296060481289222
0.1953125,0.625,0.24115546966396365
0.203125,0.6328125,0.23933560969900647
0.2109375,0.640625,0.23750113608285248
0.21875,0.6484375,0.2356521608719298
0.2265625,0.65625,0.23378879700737865
0.234375,0.6640625,0.23191115830811243
0.2421875,0.671875,0.23001935946382338
0.25,0.6796875,0.22811351602793753
0.2578125,0.6875,0.2261937444105166
0.265625,0.6953125,0.2242601618711101
0.2734375,0.703125,0.22231288651155803
0.28125,0.7109375,0.2203520372687463
0.2890625,0.71875,0.21837773390731455
0.296875,0.7265625,0.21639009701231993
0.3046875,0.734375,0.21438924798185477
0.3125,0.7421875,0.21237530901962143
0.3203125,0.75,0.21034840312746422
0.328125,0.7578125,0.20830865409785823
0.3359375,0.765625,0.20625618650635608
0.34375,0.7734375,0.20419112570399225
0.3515625,0.78125,0.20211359780964533
0.359375,0.7890625,0.2000237297023569
0.3671875,0.796875,0.19792164901360912
0.375,0.8046875,0.195807484119557
0.3828125,0.8125,0.19368136413321932
0.390625,0.8203125,0.19154341889662377
0.3984375,0.828125,0.18939377897290946
0.40625,0.8359375,0.18723257563838422
0.4140625,0.84375,0.18505994087453817
0.421875,0.8515625,0.18287600736001314
0.4296875,0.859375,0.18068090846252735
0.4375,0.8671875,0.178474778230757
0.4453125,0.875,0.1762577513861744
0.453125,0.8828125,0.17402996331484308
0.4609375,0.890625,0.17179155005917096
0.46875,0.8984375,0.16954264830962162
0.4765625,0.90625,0.16728339539638493
0.484375,0.9140625,0.16501392928100733
0.4921875,0.921875,0.16273438854798303
0.5,0.9296875,0.16044491239630637
0.5078125,0.9375,0.15814564063098638
0.515625,0.9453125,0.15583671365452498
0.5234375,0.953125,0.15351827245835775
0.53125,0.9609375,0.1511904586142601
0.5390625,0.96875,0.1488534142657184
0.546875,0.9765625,0.14650728211926714
0.5546875,0.984375,0.1441522054357918
0.5625,0.9921875,0.14178832802179936
0.5703125,1.0,0.1394157942206574
0.0,0.421875,0.2815936718032282
0.0078125,0.4296875,0.2801728482239502
0.015625,0.4375,0.278734916239533
0.0234375,0.4453125,0.2772799637019727
0.03125,0.453125,0.2758080795025174
0.0390625,0.4609375,0.2743193535662106
0.046875,0.46875,0.2728138768463736
0.0546875,0.4765625,0.27129174131902556
0.0625,0.484375,0.26975303997724154
0.0703125,0.4921875,0.26819786682545
0.078125,0.5,0.26662631687366717
0.0859375,0.5078125,0.26503848613167236
0.09375,0.515625,0.2634344716031206
0.1015625,0.5234375,0.26181437127959656
0.109375,0.53125,0.2601782841346046
0.1171875,0.5390625,0.25852631011750365
0.125,0.546875,0.2568585501473782
0.1328125,0.5546875,0.2551751061068504
0.140625,0.5625,0.2534760808358343
0.1484375,0.5703125,0.2517615781252288
0.15625,0.578125,0.25003170271055325
0.1640625,0.5859375,0.2482865602655236
0.171875,0.59375,0.24652625739556935
0.1796875,0.6015625,0.24475090163129362
0.1875,0.609375,0.24296060142187395
0.1953125,0.6171875,0.24115546612840594
0.203125,0.625,0.23933560601718962
0.2109375,0.6328125,0.2375011322529588
0.21875,0.640625,0.235652156892054
0.2265625,0.6484375,0.23378879287554044
0.234375,0.65625,0.2319111540222702
0.2421875,0.6640625,0.23001935502189166
0.25,0.671875,0.2281135114278045
0.2578125,0.6796875,0.2261937396500642
0.265625,0.6875,0.2242601569482345
0.2734375,0.6953125,0.22231288142419162
0.28125,0.703125,0.22035203201487882
0.2890625,0.7109375,0.2183777284850146
0.296875,0.71875,0.21639009141975413
0.3046875,0.7265625,0.2143892422173066
0.3125,0.734375,0.2123753030815067
0.3203125,0.7421875,0.2103483970143443
0.328125,0.75,0.2083086478084492
0.3359375,0.7578125,0.20625618003953536
0.34375,0.765625,0.2041911190588006
0.3515625,0.7734375,0.20211359098528528
0.359375,0.78125,0.20002372269818755
0.3671875,0.7890625,0.19792164182913724
0.375,0.796875,0.19580747675442475
0.3828125,0.8046875,0.1936813565871889
0.390625,0.8125,0.19154341116956003
0.3984375,0.8203125,0.18939377106475985
0.40625,0.828125,0.18723256754915749
0.4140625,0.8359375,0.18505993260428197
0.421875,0.84375,0.18287599890879014
0.4296875,0.8515625,0.1806808998303926
0.4375,0.859375,0.17847476941773383
0.4453125,0.8671875,0.17625774239223152
0.453125,0.875,0.17402995413987218
0.4609375,0.8828125,0.17179154070296498
0.46875,0.890625,0.16954263877185397
0.4765625,0.8984375,0.16728338567659026
0.484375,0.90625,0.16501391937856266
0.4921875,0.9140625,0.16273437846209118
0.5,0.921875,0.16044490212597973
0.5078125,0.9296875,0.15814563017503233
0.515625,0.9375,0.15583670301153235
0.5234375,0.9453125,0.1535182616266847
0.53125,0.953125,0.15119044759202324
0.5390625,0.9609375,0.14885340305078298
0.546875,0.96875,0.14650727070923883
0.5546875,0.9765625,0.14415219382800948
0.5625,0.984375,0.1417883162133297
0.5703125,0.9921875,0.1394157822082905
0.578125,1.0,0.13703473668404656
0.0,0.4140625,0.2815936716663381
0.0078125,0.421875,0.28017284794906233
0.015625,0.4296875,0.2787349158276382
0.0234375,0.4375,0.27727996315397885
0.03125,0.4453125,0.27580807881924735
0.0390625,0.453125,0.27431935274839925
0.046875,0.4609375,0.272813875894665
0.0546875,0.46875,0.2712917402339703
0.0625,0.4765625,0.2697530387592935
0.0703125,0.484375,0.2681978654749633
0.078125,0.4921875,0.26662631539089443
0.0859375,0.5,0.26503848451676126
0.09375,0.5078125,0.26343446985611174
0.1015625,0.515625,0.2618143694004205
0.109375,0.5234375,0.26017828212308136
0.1171875,0.53125,0.25852630797333825
0.125,0.5390625,0.25685854787016016
0.1328125,0.546875,0.2551751036960519
0.140625,0.5546875,0.2534760782908085
0.1484375,0.5625,0.2517615754452089
0.15625,0.5703125,0.2500316998946514
0.1640625,0.578125,0.2482865573127315
0.171875,0.5859375,0.24652625430475905
0.1796875,0.59375,0.24475089840121825
0.1875,0.6015625,0.24296059805117173
0.1953125,0.609375,0.2411554626156038
0.203125,0.6171875,0.23933560236070903
0.2109375,0.625,0.23750112845112276
0.21875,0.6328125,0.23565215294309658
0.2265625,0.640625,0.2337887887776177
0.234375,0.6484375,0.23191114977347324
0.2421875,0.65625,0.23001935062026077
0.25,0.6640625,0.22811350687134618
0.2578125,0.671875,0.22619373493676853
0.265625,0.6796875,0.2242601520760948
0.2734375,0.6875,0.22231287639122363
0.28125,0.6953125,0.22035202681914084
0.2890625,0.703125,0.21837772312462744
0.296875,0.7109375,0.21639008589292005
0.3046875,0.71875,0.2143892365223265
0.3125,0.7265625,0.21237529721679618
0.3203125,0.734375,0.21034839097844646
0.328125,0.7421875,0.20830864160004572
0.3359375,0.75,0.20625617365745286
0.34375,0.7578125,0.20419111250201485
0.3515625,0.765625,0.2021135842529215
0.359375,0.7734375,0.2000237157895168
0.3671875,0.78125,0.19792163474357008
0.375,0.7890625,0.19580746949150116
0.3828125,0.796875,0.19368134914656515
0.390625,0.8046875,0.1915434035509934
0.3984375,0.8125,0.189393763268091
0.40625,0.8203125,0.18723255957429089
0.4140625,0.828125,0.18505992445116504
0.421875,0.8359375,0.18287599057739157
0.4296875,0.84375,0.1806808913206801
0.4375,0.8515625,0.1784747607296513
0.4453125,0.859375,0.176257733525677
0.453125,0.8671875,0.1740299450946756
0.4609375,0.875,0.17179153147886672
0.46875,0.8828125,0.16954262936848435
0.4765625,0.890625,0.16728337609344943
0.484375,0.8984375,0.16501390961500254
0.4921875,0.90625,0.1627343685172968
0.5,0.9140625,0.16044489199895318
0.5078125,0.921875,0.15814561986457729
0.515625,0.9296875,0.1558366925162395
0.5234375,0.9375,0.15351825094491825
0.53125,0.9453125,0.15119043672190932
0.5390625,0.953125,0.14885339199019842
0.546875,0.9609375,0.1465072594558008
0.5546875,0.96875,0.14415218237906802
0.5625,0.9765625,0.14178830456595978
0.5703125,0.984375,0.13941577035928643
0.578125,0.9921875,0.13703472462991753
0.5859375,1.0,0.13464531276796082
0.0,0.40625,0.2815936715289016
0.0078125,0.4140625,0.28017284767316364
0.015625,0.421875,0.2787349154143621
0.0234375,0.4296875,0.2772799626043312
0.03125,0.4375,0.2758080781341515
0.0390625,0.4453125,0.2743193519286941
0.046875,0.453125,0.2728138749411014
0.0546875,0.4609375,0.271291739147207
0.0625,0.46875,0.26975303753989477
0.0703125,0.4765625,0.26819786412339597
0.078125,0.484375,0.26662631390752406
0.0859375,0.4921875,0.2650384829018502
0.09375,0.5,0.26343446810981647
0.1015625,0.5078125,0.26181436752278914
0.109375,0.515625,0.26017828011405103
0.1171875,0.5234375,0.25852630583273417
0.125,0.53125,0.2568585455976928
0.1328125,0.5390625,0.2551751012913157
0.140625,0.546875,0.2534760757532807
0.1484375,0.5546875,0.25176157277424843
0.15625,0.5625,0.2500316970894989
0.1640625,0.5703125,0.24828655437250846
0.171875,0.578125,0.24652625122846905
0.1796875,0.5859375,0.24475089518774906
0.1875,0.59375,0.24296059469929684
0.1953125,0.6015625,0.24115545912398678
0.203125,0.609375,0.23933559872790838
0.2109375,0.6171875,0.2375011246755989
0.21875,0.625,0.23565214902321935
0.2265625,0.6328125,0.2337887847116764
0.234375,0.640625,0.23191114555968867
0.2421875,0.6484375,0.23001934625679785
0.25,0.65625,0.22811350235632868
0.2578125,0.6640625,0.22619373026829584
0.265625,0.671875,0.2242601472522588
0.2734375,0.6796875,0.22231287141012684
0.28125,0.6875,0.2203520216789153
0.2890625,0.6953125,0.21837771782345272
0.296875,0.703125,0.21639008042904156
0.3046875,0.7109375,0.21438923089407227
0.3125,0.71875,0.21237529142259215
0.3203125,0.7265625,0.21034838501682965
0.328125,0.734375,0.20830863546967518
0.3359375,0.7421875,0.20625616735711785
0.34375,0.75,0.20419110603063959
0.3515625,0.7578125,0.20211357760956689
0.359375,0.765625,0.20002370897337943
0.3671875,0.7734375,0.19792162775397648
0.375,0.78125,0.19580746232790075
0.3828125,0.7890625,0.19368134180851931
0.390625,0.796875,0.1915433960381617
0.3984375,0.8046875,0.1893937555802159
0.40625,0.8125,0.18723255171118028
0.4140625,0.8203125,0.18505991641267275
0.421875,0.828125,0.1828759823633975
0.4296875,0.8359375,0.18068088293106857
0.4375,0.84375,0.1784747521642904
0.4453125,0.8515625,0.1762577247843965
0.453125,0.859375,0.1740299361772456
0.4609375,0.8671875,0.17179152238497644
0.46875,0.875,0.16954262009772178
0.4765625,0.8828125,0.16728336664528137
0.484375,0.890625,0.1650138999887554
0.4921875,0.8984375,0.16273435871213895
0.5,0.90625,0.16044488201387724
0.5078125,0.9140625,0.1581456096983841
0.515625,0.921875,0.1558366821675228
0.5234375,0.9296875,0.15351824041205075
0.53125,0.9375,0.15119042600302898
0.5390625,0.9453125,0.14885338108319654
0.546875,0.953125,0.1465072483583112
0.5546875,0.9609375,0.14415217108845627
0.5625,0.96875,0.1417882930793152
0.5703125,0.9765625,0.1394157586734143
0.578125,0.984375,0.13703471274133297
0.5859375,0.9921875,0.1346453006728843
0.59375,1.0,0.1322476683682642
0.0,0.3984375,0.2815936713908753
0.0078125,0.40625,0.2801728473961633
0.015625,0.4140625,0.27873491499956315
0.0234375,0.421875,0.2772799620528343
0.03125,0.4296875,0.2758080774469797
0.0390625,0.4375,0.2743193511067886
0.046875,0.4453125,0.2728138739853183
0.0546875,0.453125,0.2712917380583134
0.0625,0.4609375,0.26975303631856523
0.0703125,0.46875,0.26819786277020885
0.078125,0.4765625,0.2666263124229588
0.0859375,0.484375,0.2650384812862839
0.09375,0.4921875,0.26343446636352136
0.1015625,0.5,0.2618143656459303
0.109375,0.5078125,0.26017827810668376
0.1171875,0.515625,0.25852630369480273
0.125,0.5234375,0.2568585433290278
0.1328125,0.53125,0.25517509889163364
0.140625,0.5390625,0.25347607322218146
0.1484375,0.546875,0.25176157011121575
0.15625,0.5546875,0.25003169429389915
0.1640625,0.5625,0.2482865514435912
0.171875,0.5703125,0.24652624816536756
0.1796875,0.578125,0.2447508919894818
0.1875,0.5859375,0.24296059136476975
0.1953125,0.59375,0.24115545565199678
0.203125,0.6015625,0.23933559511714794
0.2109375,0.609375,0.23750112092466183
0.21875,0.6171875,0.2356521451306084
0.2265625,0.625,0.23378878067581144
0.234375,0.6328125,0.23191114137891744
0.2421875,0.640625,0.23001934192940807
0.25,0.6484375,0.22811349788056118
0.2578125,0.65625,0.22619372564235896
0.265625,0.6640625,0.22426014247434448
0.2734375,0.671875,0.22231286647842735
0.28125,0.6796875,0.22035201659164014
0.2890625,0.6875,0.21837771257884595
0.296875,0.6953125,0.2163900750253987
0.3046875,0.703125,0.2143892253297566
0.3125,0.7109375,0.21237528569604944
0.3203125,0.71875,0.21034837912660115
0.328125,0.7265625,0.2083086294144092
0.3359375,0.734375,0.20625616113557793
0.34375,0.7421875,0.20419109964171087
0.3515625,0.75,0.20211357105225852
0.359375,0.7578125,0.20002370224682542
0.3671875,0.765625,0.19792162085743192
0.375,0.7734375,0.19580745526073592
0.3828125,0.78125,0.1936813345702111
0.390625,0.7890625,0.19154338862828216
0.3984375,0.796875,0.18939374799841818
0.40625,0.8046875,0.18723254395718325
0.4140625,0.8125,0.18505990848624343
0.421875,0.8203125,0.1828759742643325
0.4296875,0.828125,0.1806808746591742
0.4375,0.8359375,0.1784747437193624
0.4453125,0.84375,0.1762577161661994
0.453125,0.8515625,0.17402992738549192
0.4609375,0.859375,0.17179151341930604
0.46875,0.8671875,0.16954261095768153
0.4765625,0.875,0.1672833573303055
0.484375,0.8828125,0.1650138904981463
0.4921875,0.890625,0.16273434904504858
0.5,0.8984375,0.16044487216928963
0.5078125,0.90625,0.15814559967509853
0.515625,0.9140625,0.15583667196413784
0.5234375,0.921875,0.153518230026949
0.53125,0.9296875,0.151190415434363
0.5390625,0.9375,0.14885337032887583
0.546875,0.9453125,0.14650723741598914
0.5546875,0.953125,0.14415215995551958
0.5625,0.9609375,0.14178828175287334
0.5703125,0.96875,0.13941574715029018
0.578125,0.9765625,0.13703470101805557
0.5859375,0.984375,0.1346452887456818
0.59375,0.9921875,0.13224765623305976
0.6015625,1.0,0.12984194988157943
0.0,0.390625,0.2815936712522178
0.0078125,0.3984375,0.28017284711797347
0.015625,0.40625,0.2787349145831034
0.0234375,0.4140625,0.27727996149929784
0.03125,0.421875,0.27580807675748614
0.0390625,0.4296875,0.2743193502823804
0.046875,0.4375,0.27281387302695564
0.0546875,0.4453125,0.271291736966871
0.0625,0.453125,0.2697530350948272
0.0703125,0.4609375,0.26819786141486557
0.078125,0.46875,0.26662631093660294
0.0859375,0.4765625,0.2650384796694074
0.09375,0.484375,0.26343446461651265
0.1015625,0.4921875,0.26181436376907147
0.109375,0.5,0.2601782761001483
0.1171875,0.5078125,0.2585263015586537
0.125,0.515625,0.25685854106321604
0.1328125,0.5234375,0.2551750964959963
0.140625,0.53125,0.2534760706964407
0.1484375,0.5390625,0.2517615674549785
0.15625,0.546875,0.2500316915066566
0.1640625,0.5546875,0.24828654852471888
0.171875,0.5625,0.24652624511412588
0.1796875,0.5703125,0.24475088880501783
0.1875,0.578125,0.24296058804611914
0.1953125,0.5859375,0.24115545219808696
0.203125,0.59375,0.2393355915268021
0.2109375,0.6015625,0.23750111719660436
0.21875,0.609375,0.2356521412634715
0.2265625,0.6171875,0.23378877666814327
0.234375,0.625,0.23191113722919068
0.2421875,0.6328125,0.2300193376360314
0.25,0.640625,0.22811349344189102
0.2578125,0.6484375,0.2261937210567131
0.265625,0.65625,0.2242601377400157
0.2734375,0.6640625,0.2223128615936997
0.28125,0.671875,0.22035201155480397
0.2890625,0.6796875,0.21837770738821455
0.296875,0.6875,0.21639006967932375
0.3046875,0.6953125,0.21438921982664366
0.3125,0.703125,0.2123752800343724
0.3203125,0.7109375,0.21034837330491538
0.328125,0.71875,0.20830862343136206
0.3359375,0.7265625,0.2062561549899185
0.34375,0.734375,0.20419109333229635
0.3515625,0.7421875,0.20211356457805868
0.359375,0.75,0.2000236956069228
0.3671875,0.7578125,0.19792161405102157
0.375,0.765625,0.19580744828712035
0.3828125,0.7734375,0.1936813274287933
0.390625,0.78125,0.19154338131855592
0.3984375,0.7890625,0.18939374051995655
0.40625,0.796875,0.187232536309624
0.4140625,0.8046875,0.1850599006692739
0.421875,0.8125,0.182875966277672
0.4296875,0.8203125,0.18068086650255594
0.4375,0.828125,0.17847473539251418
0.4453125,0.8359375,0.17625770766882393
0.453125,0.84375,0.17402991871724677
0.4609375,0.8515625,0.17179150457978393
0.46875,0.859375,0.1695426019463899
0.4765625,0.8671875,0.16728334814664733
0.484375,0.875,0.1650138811414007
0.4921875,0.8828125,0.16273433951435243
0.5,0.890625,0.16044486246361944
0.5078125,0.8984375,0.1581455897932533
0.515625,0.90625,0.15583666190472206
0.5234375,0.9140625,0.1535182197883576
0.53125,0.921875,0.1511904050147656
0.5390625,0.9296875,0.14885335972620264
0.546875,0.9375,0.14650722662791776
0.5546875,0.9453125,0.14415214897946213
0.5625,0.953125,0.141788270585965
0.5703125,0.9609375,0.1394157357893785
0.578125,0.96875,0.13703468945969083
0.5859375,0.9765625,0.13464527698610904
0.59375,0.984375,0.13224764426821162
0.6015625,0.9921875,0.1298419377070717
0.609375,1.0,0.1274283041963505
0.0,0.3828125,0.2815936711128901
0.0078125,0.390625,0.28017284683851046
0.015625,0.3984375,0.2787349141648506
0.0234375,0.40625,0.2772799609435368
0.03125,0.4140625,0.27580807606543106
0.0390625,0.421875,0.27431934945517217
0.046875,0.4296875,0.27281387206565827
0.0546875,0.4375,0.2712917358724651
0.0625,0.4453125,0.2697530338682065
0.0703125,0.453125,0.2681978600568318
0.078125,0.4609375,0.26662630944786253
0.0859375,0.46875,0.2650384780505673
0.09375,0.4765625,0.2634344628680775
0.1015625,0.484375,0.26181436189144025
0.109375,0.4921875,0.260178274093613
0.1171875,0.5,0.25852629942339606
0.125,0.5078125,0.2568585387993068
0.1328125,0.515625,0.2551750941033929
0.140625,0.5234375,0.25347606817498736
0.1484375,0.53125,0.2517615648044043
0.15625,0.5390625,0.2500316887265762
0.1640625,0.546875,0.24828654561463206
0.171875,0.5546875,0.24652624207341872
0.1796875,0.5625,0.2447508856329637
0.1875,0.5703125,0.242960584741881
0.1953125,0.578125,0.24115544876072006
0.203125,0.5859375,0.23933558795525786
0.2109375,0.59375,0.23750111348973507
0.21875,0.6015625,0.23565213742003632
0.2265625,0.609375,0.2337887726868157
0.234375,0.6171875,0.23191113310856643
0.2421875,0.625,0.23001933337463856
0.25,0.6328125,0.22811348903820072
0.2578125,0.640625,0.2261937165091516
0.265625,0.6484375,0.22426013304697812
0.2734375,0.65625,0.222312856753563
0.28125,0.6640625,0.22035200656594248
0.2890625,0.671875,0.21837770224901418
0.296875,0.6796875,0.21639006438819777
0.3046875,0.6875,0.21438921438204633
0.3125,0.6953125,0.2123752744348131
0.3203125,0.703125,0.21034836754897143
0.328125,0.7109375,0.20830861751768978
0.3359375,0.71875,0.20625614891726232
0.34375,0.7265625,0.20419108709949643
0.3515625,0.734375,0.20211355818405505
0.359375,0.7421875,0.20002368905075904
0.3671875,0.75,0.19792160733184308
0.375,0.7578125,0.19580744140417228
0.3828125,0.765625,0.19368132038141472
0.390625,0.7734375,0.1915433741061725
0.3984375,0.78125,0.18939373314206956
0.40625,0.7890625,0.18723252876579854
0.4140625,0.796875,0.1850598929591245
0.421875,0.8046875,0.18287595840084722
0.4296875,0.8125,0.18068085845872112
0.4375,0.8203125,0.1784747271813337
0.4453125,0.828125,0.17625769928994248
0.453125,0.8359375,0.17402991017027034
0.4609375,0.84375,0.17179149586426018
0.46875,0.8515625,0.1695425930617891
0.4765625,0.859375,0.16728333909234266
0.484375,0.8671875,0.16501387191664957
0.4921875,0.875,0.16273433011827765
0.5,0.8828125,0.16044485289519123
0.5078125,0.890625,0.1581455800512714
0.515625,0.8984375,0.15583665198779917
0.5234375,0.90625,0.15351820969490235
0.53125,0.9140625,0.15119039474296708
0.5390625,0.921875,0.14885334927401517
0.546875,0.9296875,0.1465072159930465
0.5546875,0.9375,0.14415213815934924
0.5625,0.9453125,0.14178825957777683
0.5703125,0.953125,0.1394157245899935
0.578125,0.9609375,0.13703467806568834
0.5859375,0.96875,0.1346452653937594
0.59375,0.9765625,0.13224763247346738
0.6015625,0.984375,0.1298419257055604
0.609375,0.9921875,0.12742829198336936
0.6171875,1.0,0.12500687868387547
0.0,0.375,0.2815936709728559
0.0078125,0.3828125,0.28017284655769553
0.015625,0.390625,0.278734913744678
0.0234375,0.3984375,0.277279960385373
0.03125,0.40625,0.275808075370581
0.0390625,0.4140625,0.274319348624874
0.046875,0.421875,0.27281387110107663
0.0546875,0.4296875,0.2712917347746866
0.0625,0.4375,0.2697530326382335
0.0703125,0.4453125,0.26819785869557755
0.078125,0.453125,0.26662630795614667
0.0859375,0.4609375,0.26503847642911194
0.09375,0.46875,0.2634344611175037
0.1015625,0.4765625,0.261814360012265
0.109375,0.484375,0.260178272086246
0.1171875,0.4921875,0.2585262972881385
0.125,0.5,0.25685853653634894
0.1328125,0.5078125,0.25517509171281283
0.140625,0.515625,0.25347606565675
0.1484375,0.5234375,0.25176156215836065
0.15625,0.53125,0.2500316859524633
0.1640625,0.5390625,0.248286542712073
0.171875,0.546875,0.2465262390419234
0.1796875,0.5546875,0.2447508824719302
0.1875,0.5625,0.24296058145059754
0.1953125,0.5703125,0.24115544533836758
0.203125,0.578125,0.23933558440091343
0.2109375,0.5859375,0.23750110980237663
0.21875,0.59375,0.2356521335985476
0.2265625,0.6015625,0.23378876872999307
0.234375,0.609375,0.23191112901512706
0.2421875,0.6171875,0.23001932914322795
0.25,0.625,0.22811348466740378
0.2578125,0.6328125,0.22619371199750316
0.265625,0.640625,0.22426012839297507
0.2734375,0.6484375,0.2223128519556771
0.28125,0.65625,0.22035200162263396
0.2890625,0.6640625,0.21837769715874558
0.296875,0.671875,0.21639005914944734
0.3046875,0.6796875,0.2143892089933227
0.3125,0.6875,0.21237526889466793
0.3203125,0.6953125,0.21034836185601166
0.328125,0.703125,0.20830861167058856
0.3359375,0.7109375,0.2062561429147689
0.34375,0.71875,0.20419108094044308
0.3515625,0.7265625,0.20211355186736346
0.359375,0.734375,0.20002368257544237
0.3671875,0.7421875,0.19792160069700807
0.375,0.75,0.1958074346090168
0.3828125,0.7578125,0.19368131342522416
0.390625,0.765625,0.19154336698831315
0.3984375,0.7734375,0.18939372586198
0.40625,0.78125,0.18723252132297888
0.4140625,0.7890625,0.18505988535312412
0.421875,0.796875,0.18287595063124998
0.4296875,0.8046875,0.18068085052513033
0.4375,0.8125,0.17847471908335527
0.4453125,0.8203125,0.17625769102716718
0.453125,0.828125,0.17402990174225566
0.4609375,0.8359375,0.1717914872705119
0.46875,0.84375,0.16954258430174216
0.4765625,0.8515625,0.1672833301653427
0.484375,0.859375,0.16501386282193364
0.4921875,0.8671875,0.16273432085495607
0.5,0.875,0.16044484346222923
0.5078125,0.8828125,0.15814557044747124
0.515625,0.890625,0.1558366422117826
0.5234375,0.8984375,0.15351819974509393
0.53125,0.90625,0.15119038461757778
0.5390625,0.9140625,0.14885333897102618
0.546875,0.921875,0.14650720551019417
0.5546875,0.9296875,0.14415212749411016
0.5625,0.9375,0.14178824872735363
0.5703125,0.9453125,0.1394157135513017
0.578125,0.953125,0.13703466683534363
0.5859375,0.9609375,0.13464525396806595
0.59375,0.96875,0.13224762084840722
0.6015625,0.9765625,0.12984191387678418
0.609375,0.984375,0.12742827994618852
0.6171875,0.9921875,0.1250068664332566
0.625,1.0,0.12257782118930996
0.0,0.3671875,0.2815936708320826
0.0078125,0.375,0.28017284627545586
0.015625,0.3828125,0.27873491332246625
0.0234375,0.390625,0.2772799598246358
0.03125,0.3984375,0.27580807467271096
0.0390625,0.40625,0.27431934779120287
0.046875,0.4140625,0.27281387013286884
0.0546875,0.421875,0.2712917336731328
0.0625,0.4296875,0.26975303140444407
0.0703125,0.4375,0.2681978573305769
0.078125,0.4453125,0.2666263064608678
0.0859375,0.453125,0.26503847480439263
0.09375,0.4609375,0.26343445936408144
0.1015625,0.46875,0.2618143581307745
0.109375,0.4765625,0.2601782700772164
0.1171875,0.484375,0.2585262951519899
0.125,0.4921875,0.25685853427339134
0.1328125,0.5,0.2551750893232446
0.140625,0.5078125,0.253476063140657
0.1484375,0.515625,0.2517615595157152
0.15625,0.5234375,0.2500316831831238
0.1640625,0.53125,0.24828653981578513
0.171875,0.5390625,0.2465262360183197
0.1796875,0.546875,0.244750879320532
0.1875,0.5546875,0.24296057817081645
0.1953125,0.5625,0.24115544192950827
0.203125,0.5703125,0.2393355808621769
0.2109375,0.578125,0.23750110613286396
0.21875,0.5859375,0.23565212979726524
0.2265625,0.59375,0.2337887647958587
0.234375,0.6015625,0.23191112494697635
0.2421875,0.609375,0.23001932493982313
0.25,0.6171875,0.2281134803274422
0.2578125,0.625,0.22619370751962753
0.265625,0.6328125,0.22426012377578455
0.2734375,0.640625,0.22231284719773908
0.28125,0.6484375,0.22035199672249617
0.2890625,0.65625,0.21837769211494965
0.296875,0.6640625,0.21639005396054117
0.3046875,0.671875,0.2143892036578737
0.3125,0.6796875,0.21237526341127538
0.3203125,0.6875,0.21034835622331882
0.328125,0.6953125,0.20830860588729327
0.3359375,0.703125,0.20625613697963302
0.34375,0.7109375,0.2041910748523003
0.3515625,0.71875,0.20211354562512562
0.359375,0.7265625,0.20002367617810282
0.3671875,0.734375,0.19792159414364394
0.375,0.7421875,0.19580742789878855
0.3828125,0.75,0.19368130655737262
0.390625,0.7578125,0.1915433599621543
0.3984375,0.765625,0.18939371867689833
0.40625,0.7734375,0.18723251397841753
0.4140625,0.78125,0.18505987784857408
0.421875,0.7890625,0.18287594296623771
0.4296875,0.796875,0.18068084269920265
0.4375,0.8046875,0.17847471109606441
0.4453125,0.8125,0.17625768287805443
0.453125,0.8203125,0.17402989343083386
0.4609375,0.828125,0.17179147879624776
0.46875,0.8359375,0.16954257566403816
0.4765625,0.84375,0.16728332136351864
0.484375,0.8515625,0.1650138538552084
0.4921875,0.859375,0.16273431172242886
0.5,0.8671875,0.16044483416286173
0.5078125,0.875,0.15814556098006952
0.515625,0.8828125,0.15583663257497968
0.5234375,0.890625,0.153518189937332
0.53125,0.8984375,0.1511903746370918
0.5390625,0.90625,0.14885332881582694
0.546875,0.9140625,0.1465071951780525
0.5546875,0.921875,0.1441521169825411
0.5625,0.9296875,0.1417882380336013
0.5703125,0.9375,0.13941570267232445
0.578125,0.9453125,0.13703465576780052
0.5859375,0.953125,0.13464524270830305
0.59375,0.9609375,0.13224760939244556
0.6015625,0.96875,0.12984190222030825
0.609375,0.9765625,0.1274282680845366
0.6171875,0.984375,0.12500685436141187
0.625,0.9921875,0.12257780890189482
0.6328125,1.0,0.12014128002264153
0.0,0.359375,0.2815936706905411
0.0078125,0.3671875,0.2801728459917249
0.015625,0.375,0.2787349128981045
0.0234375,0.3828125,0.277279959261164
0.03125,0.390625,0.2758080739716047
0.0390625,0.3984375,0.27431934695388505
0.046875,0.40625,0.2728138691607011
0.0546875,0.4140625,0.2712917325674084
0.0625,0.421875,0.2697530301663805
0.0703125,0.4296875,0.2681978559613094
0.078125,0.4375,0.2666263049614432
0.0859375,0.4453125,0.26503847317576384
0.09375,0.453125,0.26343445760710327
0.1015625,0.4609375,0.2618143562462003
0.109375,0.46875,0.2601782680656937
0.1171875,0.4765625,0.25852629301405894
0.125,0.484375,0.25685853200948233
0.1328125,0.4921875,0.2551750869336766
0.140625,0.5,0.2534760606256362
0.1484375,0.5078125,0.2517615568753351
0.15625,0.515625,0.25003168041736434
0.1640625,0.5234375,0.24828653692451297
0.171875,0.53125,0.2465262330012894
0.1796875,0.5390625,0.24475087617738672
0.1875,0.546875,0.24296057490109013
0.1953125,0.5546875,0.24115543853262775
0.203125,0.5625,0.2393355773374649
0.2109375,0.5703125,0.23750110247954315
0.21875,0.578125,0.23565212601446278
0.2265625,0.5859375,0.23378876088261144
0.234375,0.59375,0.23191112090223753
0.2421875,0.6015625,0.23001932076246978
0.25,0.609375,0.22811347601628318
0.2578125,0.6171875,0.22619370307341297
0.265625,0.625,0.22426011919321576
0.2734375,0.6328125,0.22231284247747962
0.28125,0.640625,0.22035199186318324
0.2890625,0.6484375,0.21837768711520583
0.296875,0.65625,0.21639004881898705
0.3046875,0.6640625,0.21438919837313958
0.3125,0.671875,0.21237525798201354
0.3203125,0.6796875,0.2103483506482146
0.328125,0.6875,0.20830860016507569
0.3359375,0.6953125,0.20625613110908417
0.34375,0.703125,0.20419106883226326
0.3515625,0.7109375,0.2021135394545107
0.359375,0.71875,0.20002366985589262
0.3671875,0.7265625,0.1979215876688952
0.375,0.734375,0.19580742127063316
0.3828125,0.7421875,0.19368129977501572
0.390625,0.75,0.19154335302487058
0.3984375,0.7578125,0.1893937115840261
0.40625,0.765625,0.187232506729351
0.4140625,0.7734375,0.18505987044275343
0.421875,0.78125,0.18287593540313757
0.4296875,0.7890625,0.18068083497831963
0.4375,0.796875,0.1784747032169026
0.4453125,0.8046875,0.17625767484011
0.453125,0.8125,0.17402988523357885
0.4609375,0.8203125,0.17179147043911316
0.46875,0.828125,0.16954256714639682
0.4765625,0.8359375,0.16728331268466695
0.484375,0.84375,0.16501384501434863
0.4921875,0.8515625,0.1627343027186512
0.5,0.859375,0.16044482499512583
0.5078125,0.8671875,0.158145551647187
0.515625,0.875,0.15583662307559598
0.5234375,0.8828125,0.15351818026990915
0.53125,0.890625,0.1511903647998907
0.5390625,0.8984375,0.14885331880689096
0.546875,0.90625,0.1465071849951899
0.5546875,0.9140625,0.14415210662330918
0.5625,0.921875,0.14178822749529008
0.5703125,0.9296875,0.1394156919519411
0.578125,0.9375,0.13703464486205383
0.5859375,0.9453125,0.13464523161358902
0.59375,0.953125,0.13224759810483325
0.6015625,0.9609375,0.12984189073552657
0.609375,0.96875,0.12742825639796238
0.6171875,0.9765625,0.12500684246805896
0.625,0.984375,0.12257779679640506
0.6328125,0.9921875,0.12014126769927794
0.640625,1.0,0.11769740394963536
0.0,0.3515625,0.2815936705482073
0.0078125,0.359375,0.28017284570644424
0.015625,0.3671875,0.2787349124714916
0.0234375,0.375,0.27727995869480726
0.03125,0.3828125,0.27580807326705764
0.0390625,0.390625,0.2743193461126573
0.046875,0.3984375,0.2728138681842496
0.0546875,0.40625,0.27129173145712715
0.0625,0.4140625,0.2697530289235933
0.0703125,0.421875,0.26819785458726164
0.078125,0.4296875,0.26662630345729504
0.0859375,0.4375,0.26503847154258425
0.09375,0.4453125,0.2634344558458651
0.1015625,0.453125,0.26181435435777495
0.109375,0.4609375,0.26017826605084937
0.1171875,0.46875,0.2585262908734557
0.125,0.4765625,0.25685852974367107
0.1328125,0.484375,0.2551750845430969
0.140625,0.4921875,0.25347605811061563
0.1484375,0.5,0.2517615542360877
0.15625,0.5078125,0.2500316776539912
0.1640625,0.515625,0.24828653403700185
0.171875,0.5234375,0.24652622998951593
0.1796875,0.53125,0.24475087304111504
0.1875,0.5390625,0.24296057163997503
0.1953125,0.546875,0.24115543514621685
0.203125,0.5546875,0.23933557382520151
0.2109375,0.5625,0.23750109884076984
0.21875,0.5703125,0.2356521222484256
0.2265625,0.578125,0.23378875698846496
0.234375,0.5859375,0.23191111687905092
0.2421875,0.59375,0.23001931660923366
0.25,0.6015625,0.22811347173191687
0.2578125,0.609375,0.22619369865677325
0.265625,0.6171875,0.22426011464310613
0.2734375,0.625,0.22231283779266028
0.28125,0.6328125,0.22035198704238176
0.2890625,0.640625,0.21837768215712802
0.296875,0.6484375,0.21639004372232878
0.3046875,0.65625,0.21438919313659763
0.3125,0.6640625,0.21237525260429732
0.3203125,0.671875,0.21034834512805672
0.328125,0.6796875,0.20830859450124253
0.3359375,0.6875,0.20625612530038465
0.34375,0.6953125,0.20419106287755706
0.3515625,0.703125,0.20211353335271504
0.359375,0.7109375,0.20002366360598675
0.3671875,0.71875,0.19792158126992412
0.375,0.7265625,0.19580741472170868
0.3828125,0.734375,0.1936812930753159
0.390625,0.7421875,0.19154334617363694
0.3984375,0.75,0.1893937045805591
0.40625,0.7578125,0.18723249957300314
0.4140625,0.765625,0.18505986313292094
0.421875,0.7734375,0.18287592793925067
0.4296875,0.78125,0.18068082735983032
0.4375,0.7890625,0.1784746954432718
0.4453125,0.796875,0.17625766691079345
0.453125,0.8046875,0.17402987714801202
0.4609375,0.8125,0.17179146219669506
0.46875,0.8203125,0.16954255874647314
0.4765625,0.828125,0.1672833041265134
0.484375,0.8359375,0.16501383629715335
0.4921875,0.84375,0.16273429384149674
0.5,0.8515625,0.16044481595697185
0.5078125,0.859375,0.15814554244685192
0.515625,0.8671875,0.1558366137117398
0.5234375,0.875,0.1535181707410152
0.53125,0.8828125,0.15119035510424825
0.5390625,0.890625,0.14885330894257767
0.546875,0.8984375,0.14650717496005514
0.5546875,0.90625,0.14415209641495585
0.5625,0.9140625,0.14178821711105863
0.5703125,0.921875,0.13941568138889238
0.578125,0.9296875,0.13703463411695302
0.5859375,0.9375,0.13464522068288906
0.59375,0.9453125,0.13224758698466002
0.6015625,0.953125,0.12984187942166367
0.609375,0.9609375,0.12742824488583682
0.6171875,0.96875,0.12500683075272845
0.625,0.9765625,0.12257778487254611
0.6328125,0.984375,0.12014125556117615
0.640625,0.9921875,0.11769739159117779
0.6484375,1.0,0.11524634218275218
0.0,0.34375,0.2815936704050625
0.0078125,0.3515625,0.2801728454195646
0.015625,0.359375,0.2787349120425382
0.0234375,0.3671875,0.27727995812542805
0.03125,0.375,0.2758080725588781
0.0390625,0.3828125,0.2743193452672699
0.046875,0.390625,0.27281386720320233
0.0546875,0.3984375,0.27129173034191356
0.0625,0.40625,0.2697530276756421
0.0703125,0.4140625,0.26819785320792794
0.078125,0.421875,0.2666263019478526
0.0859375,0.4296875,0.26503846990421825
0.09375,0.4375,0.2634344540796665
0.1015625,0.4453125,0.2618143524647354
0.109375,0.453125,0.2601782640318563
0.1171875,0.4609375,0.2585262887292911
0.125,0.46875,0.2568585274750069
0.1328125,0.4765625,0.2551750821504943
0.140625,0.484375,0.25347605559452296
0.1484375,0.4921875,0.25176155159684044
0.15625,0.5,0.2500316748918112
0.1640625,0.5078125,0.24828653115199775
0.171875,0.515625,0.24652622698168367
0.1796875,0.5234375,0.2447508699103396
0.1875,0.53125,0.242960568386031
0.1953125,0.5390625,0.2411554317687715
0.203125,0.546875,0.2393355703238174
0.2109375,0.5546875,0.2375010952149079
0.21875,0.5625,0.2356521184974495
0.2265625,0.5703125,0.23378875311164574
0.234375,0.578125,0.23191111287557228
0.2421875,0.5859375,0.23001931247819832
0.25,0.59375,0.22811346747235375
0.2578125,0.6015625,0.22619369426764538
0.265625,0.609375,0.22426011012331887
0.2734375,0.6171875,0.22231283314107073
0.28125,0.625,0.22035198225780875
0.2890625,0.6328125,0.21837767723836235
0.296875,0.640625,0.2163900386681434
0.3046875,0.6484375,0.2143891879457592
0.3125,0.65625,0.21237524727557613
0.3203125,0.6640625,0.21034833966023758
0.328125,0.671875,0.20830858889313406
0.3359375,0.6796875,0.2062561195508286
0.34375,0.6875,0.20419105698543663
0.3515625,0.6953125,0.2021135273169607
0.359375,0.703125,0.2000236574255828
0.3671875,0.7109375,0.1979215749439114
0.375,0.71875,0.19580740824918702
0.3828125,0.7265625,0.1936812864554441
0.390625,0.734375,0.19154333940563134
0.3984375,0.7421875,0.1893936976636897
0.40625,0.75,0.1872324925065883
0.4140625,0.7578125,0.1850598559163203
0.421875,0.765625,0.18287592057185567
0.4296875,0.7734375,0.18068081984105458
0.4375,0.78125,0.17847468777253858
0.4453125,0.7890625,0.17625765908752294
0.453125,0.796875,0.1740298691716071
0.4609375,0.8046875,0.17179145406652613
0.46875,0.8125,0.16954255046186245
0.4765625,0.8203125,0.16728329568671832
0.484375,0.828125,0.16501382770135006
0.4921875,0.8359375,0.16273428508876253
0.5,0.84375,0.1604448070462678
0.5078125,0.8515625,0.15814553337700543
0.515625,0.859375,0.15583660448142644
0.5234375,0.8671875,0.15351816134874166
0.53125,0.875,0.15119034554833416
0.5390625,0.8828125,0.1488532992211377
0.546875,0.890625,0.1465071650709817
0.5546875,0.8984375,0.14415208635590135
0.5625,0.90625,0.14178820687941765
0.5703125,0.9140625,0.13941567098178453
0.578125,0.921875,0.13703462353120516
0.5859375,0.9296875,0.13464520991501888
0.59375,0.9375,0.13224757603085813
0.6015625,0.9453125,0.12984186827777772
0.609375,0.953125,0.1274282335473554
0.6171875,0.9609375,0.12500681921476592
0.625,0.96875,0.12257777312982839
0.6328125,0.9765625,0.1201412436080281
0.640625,0.984375,0.11769737942151234
0.6484375,0.9921875,0.11524632979006212
0.65625,1.0,0.11278824437203817
0.0,0.3359375,0.28159367026109433
0.0078125,0.34375,0.28017284513104823
0.015625,0.3515625,0.2787349116111686
0.0234375,0.359375,0.2772799575529038
0.03125,0.3671875,0.2758080718468899
0.0390625,0.375,0.2743193444174873
0.046875,0.3828125,0.27281386621726156
0.0546875,0.390625,0.2712917292214047
0.0625,0.3984375,0.26975302642209753
0.0703125,0.40625,0.26819785182281225
0.078125,0.4140625,0.2666263004325529
0.0859375,0.421875,0.2650384682600365
0.09375,0.4296875,0.2634344523078123
0.1015625,0.4375,0.26181435056632074
0.109375,0.4453125,0.2601782620078908
0.1171875,0.453125,0.258526286580678
0.125,0.4609375,0.25685852520254043
0.1328125,0.46875,0.2551750797548574
0.140625,0.4765625,0.25347605307628623
0.1484375,0.484375,0.25176154895646063
0.15625,0.4921875,0.25003167212963134
0.1640625,0.5,0.24828652826824718
0.171875,0.5078125,0.24652622397647872
0.1796875,0.515625,0.24475086678368468
0.1875,0.5234375,0.2429605651378206
0.1953125,0.53125,0.24115542839879153
0.203125,0.5390625,0.23933556683174848
0.2109375,0.546875,0.23750109160032853
0.21875,0.5546875,0.23565211475983958
0.2265625,0.5625,0.23378874925039123
0.234375,0.5703125,0.23191110888997038
0.2421875,0.578125,0.23001930836746298
0.25,0.5859375,0.2281134632356226
0.2578125,0.59375,0.22619368990398697
0.265625,0.6015625,0.22426010563174012
0.2734375,0.609375,0.22231282852052603
0.28125,0.6171875,0.22035197750720872
0.2890625,0.625,0.21837767235658373
0.296875,0.6328125,0.21639003365403892
0.3046875,0.640625,0.2143891827981674
0.3125,0.6484375,0.21237524199333177
0.3203125,0.65625,0.21034833424218125
0.328125,0.6640625,0.20830858333812186
0.3359375,0.671875,0.2062561138577406
0.34375,0.6796875,0.2041910511531848
0.3515625,0.6875,0.20211352134449637
0.359375,0.6953125,0.20002365131190122
0.3671875,0.703125,0.19792156868805674
0.375,0.7109375,0.19580740185025453
0.3828125,0.71875,0.19368127991258097
0.390625,0.7265625,0.1915433327180361
0.3984375,0.734375,0.18939369083060936
0.40625,0.7421875,0.18723248552731425
0.4140625,0.75,0.18505984879018186
0.421875,0.7578125,0.1828759132982125
0.4296875,0.765625,0.18068081241928732
0.4375,0.7734375,0.17847468020203833
0.4453125,0.78125,0.17625765136767912
0.453125,0.7890625,0.17402986130179432
0.4609375,0.796875,0.17179144604608992
0.46875,0.8046875,0.16954254229010463
0.4765625,0.8125,0.16728328736288123
0.484375,0.8203125,0.16501381922459987
0.4921875,0.828125,0.16273427645817345
0.5,0.8359375,0.16044479826080432
0.5078125,0.84375,0.15814552443550525
0.515625,0.8515625,0.15583659538258313
0.5234375,0.859375,0.15351815209108657
0.53125,0.8671875,0.15119033613021896
0.5390625,0.875,0.14885328964071642
0.546875,0.8828125,0.14650715532619238
0.5546875,0.890625,0.14415207644444866
0.5625,0.8984375,0.14178819679875435
0.5703125,0.90625,0.13941566072909323
0.578125,0.9140625,0.13703461310338028
0.5859375,0.921875,0.13464519930864843
0.59375,0.9296875,0.13224756524220554
0.6015625,0.9375,0.12984185730276407
0.609375,0.9453125,0.12742822238154122
0.6171875,0.953125,0.12500680785333465
0.625,0.9609375,0.1225777615675695
0.6328125,0.96875,0.12014123183932186
0.640625,0.9765625,0.11769736744031618
0.6484375,0.984375,0.1152463175898982
0.65625,0.9921875,0.11278823194598468
0.6640625,1.0,0.11032326059598817
0.0,0.328125,0.2815936701162985
0.0078125,0.3359375,0.28017284484086996
0.015625,0.34375,0.2787349111773233
0.0234375,0.3515625,0.2772799569771299
0.03125,0.359375,0.2758080711309345
0.0390625,0.3671875,0.2743193435630916
0.046875,0.375,0.2728138652261456
0.0546875,0.3828125,0.2712917280952525
0.0625,0.390625,0.26975302516254374
0.0703125,0.3984375,0.26819785043142985
0.078125,0.40625,0.26662629891084255
0.0859375,0.4140625,0.2650384666094171
0.09375,0.421875,0.26343445052961345
0.1015625,0.4296875,0.26181434866177583
0.109375,0.4375,0.26017825997813193
0.1171875,0.4453125,0.25852628442673126
0.125,0.453125,0.2568585229253235
0.1328125,0.4609375,0.2551750773551763
0.140625,0.46875,0.2534760505548336
0.1484375,0.4765625,0.2517615463138157
0.15625,0.484375,0.2500316693662585
0.1640625,0.4921875,0.2482865253844967
0.171875,0.5,0.24652622097258722
0.1796875,0.5078125,0.24475086365977625
0.1875,0.515625,0.24296056189390836
0.1953125,0.5234375,0.24115542503478007
0.203125,0.53125,0.23933556334743547
0.2109375,0.5390625,0.23750108799540884
0.21875,0.546875,0.23565211103390862
0.2265625,0.5546875,0.23378874540294914
0.234375,0.5625,0.23191110492042616
0.2421875,0.5703125,0.23001930427514122
0.25,0.578125,0.2281134590197688
0.2578125,0.5859375,0.2261936855637742
0.265625,0.59375,0.22426010116627693
0.2734375,0.6015625,0.22231282392886395
0.28125,0.609375,0.22035197278835095
0.2890625,0.6171875,0.21837766750949417
0.296875,0.625,0.21639002867765117
0.3046875,0.6328125,0.21438917769139468
0.3125,0.640625,0.21237523675507586
0.3203125,0.6484375,0.21034832887134228
0.328125,0.65625,0.20830857783360723
0.3359375,0.6640625,0.20625610821847357
0.34375,0.671875,0.20419104537811208
0.3515625,0.6796875,0.20211351543259504
0.359375,0.6875,0.2000236452621846
0.3671875,0.6953125,0.1979215624995787
0.375,0.703125,0.1958073955221126
0.3828125,0.7109375,0.19368127344391806
0.390625,0.71875,0.19154332610803976
0.3984375,0.7265625,0.18939368407851073
0.40625,0.734375,0.18723247863238424
0.4140625,0.7421875,0.18505984175172627
0.421875,0.75,0.18287590611556515
0.4296875,0.7578125,0.18068080509180193
0.4375,0.765625,0.17847467272907908
0.4453125,0.7734375,0.1762576437486092
0.453125,0.78125,0.1740298535359644
0.4609375,0.7890625,0.1717914381328247
0.46875,0.796875,0.16954253422868873
0.4765625,0.8046875,0.16728327915254462
0.484375,0.8125,0.16501381086450176
0.4921875,0.8203125,0.16273426794738685
0.5,0.828125,0.16044478959829905
0.5078125,0.8359375,0.15814551562013138
0.515625,0.84375,0.1558365864130532
0.5234375,0.8515625,0.15351814296595864
0.53125,0.859375,0.15119032684787848
0.5390625,0.8671875,0.1488532801993586
0.546875,0.875,0.1465071457238035
0.5546875,0.8828125,0.14415206667878838
0.5625,0.890625,0.14178818686733674
0.5703125,0.8984375,0.13941565062916822
0.578125,0.90625,0.13703460283191457
0.5859375,0.9140625,0.1346451888623066
0.59375,0.921875,0.13224755461733093
0.6015625,0.9296875,0.12984184649535913
0.609375,0.9375,0.12742821138724889
0.6171875,0.9453125,0.12500679666741887
0.625,0.953125,0.12257775018489706
0.6328125,0.9609375,0.12014122025434419
0.640625,0.96875,0.11769735564705266
0.6484375,0.9765625,0.11524630558192112
0.65625,0.984375,0.11278821971640568
0.6640625,0.9921875,0.11032324813744837
0.671875,1.0,0.10785154135238183
0.0,0.3203125,0.28159366997067914
0.0078125,0.328125,0.28017284454902014
0.015625,0.3359375,0.2787349107409622
0.0234375,0.34375,0.2772799563980226
0.03125,0.3515625,0.27580807041087524
0.0390625,0.359375,0.27431934270388586
0.046875,0.3671875,0.2728138642295921
0.0546875,0.375,0.27129172696312615
0.0625,0.3828125,0.26975302389657957
0.0703125,0.390625,0.26819784903330873
0.078125,0.3984375,0.26662629738217875
0.0859375,0.40625,0.2650384649517474
0.09375,0.4140625,0.263434448744388
0.1015625,0.421875,0.2618143467503506
0.109375,0.4296875,0.2601782579417629
0.1171875,0.4375,0.25852628226656904
0.125,0.4453125,0.2568585206424098
0.1328125,0.453125,0.25517507495044106
0.140625,0.4609375,0.25347604802909374
0.1484375,0.46875,0.2517615436677728
0.15625,0.4765625,0.25003166660049947
0.1640625,0.484375,0.2482865224994929
0.171875,0.4921875,0.24652621796869587
0.1796875,0.5,0.24475086053724085
0.1875,0.5078125,0.24296055865286081
0.1953125,0.515625,0.24115542167524237
0.203125,0.5234375,0.23933555986932276
0.2109375,0.53125,0.23750108439853138
0.21875,0.5390625,0.23565210731797614
0.2265625,0.546875,0.23378874156757481
0.234375,0.5546875,0.2319111009651309
0.2421875,0.5625,0.2300193001993587
0.25,0.5703125,0.2281134548228516
0.2578125,0.578125,0.2261936812449998
0.265625,0.5859375,0.22426009672485495
0.2734375,0.59375,0.2223128193639432
0.28125,0.6015625,0.2203519680990276
0.2890625,0.609375,0.21837766269481973
0.296875,0.6171875,0.21639002373664215
0.3046875,0.625,0.21438917262304025
0.3125,0.6328125,0.21237523155834773
0.3203125,0.640625,0.21034832354520314
0.328125,0.6484375,0.2083085723770195
0.3359375,0.65625,0.20625610263040792
0.34375,0.6640625,0.2041910396575546
0.3515625,0.671875,0.2021135095785543
0.359375,0.6796875,0.20002363927369748
0.3671875,0.6875,0.19792155637571512
0.375,0.6953125,0.19580738926197871
0.3828125,0.703125,0.19368126704665847
0.390625,0.7109375,0.19154331957283835
0.3984375,0.71875,0.18939367740458907
0.40625,0.7265625,0.1872324718189995
0.4140625,0.734375,0.18505983479816662
0.421875,0.7421875,0.18287589902114484
0.4296875,0.75,0.18068079785585336
0.4375,0.7578125,0.17847466535094436
0.4453125,0.765625,0.17625763622763055
0.453125,0.7734375,0.17402984587147274
0.4609375,0.78125,0.17179143032412766
0.46875,0.7890625,0.16954252627505728
0.4765625,0.796875,0.16728327105319893
0.484375,0.8046875,0.16501380261859708
0.4921875,0.8125,0.16273425955399703
0.5,0.8203125,0.16044478105640136
0.5078125,0.828125,0.1581455069285896
0.515625,0.8359375,0.15583657757060104
0.5234375,0.84375,0.15351813397118208
0.53125,0.8515625,0.15119031769919872
0.5390625,0.859375,0.1488532708950135
0.546875,0.8671875,0.14650713626182993
0.5546875,0.875,0.14415205705700332
0.5625,0.8828125,0.1417881770833187
0.5703125,0.890625,0.1394156406802379
0.578125,0.8984375,0.1370345927151157
0.5859375,0.90625,0.13464517857438565
0.59375,0.9140625,0.13224754415471743
0.6015625,0.921875,0.1298418358541452
0.609375,0.9296875,0.12742820056316867
0.6171875,0.9375,0.12500678565582823
0.625,0.9453125,0.12257773898075258
0.6328125,0.953125,0.1201412088521834
0.640625,0.9609375,0.11769734404097444
0.6484375,0.96875,0.11524629376556712
0.65625,0.9765625,0.11278820768294369
0.6640625,0.984375,0.11032323587955752
0.671875,0.9921875,0.10785152886224143
0.6796875,1.0,0.10537323754909353
0.0,0.3125,0.2815936698242521
0.0078125,0.3203125,0.2801728442555072
0.015625,0.328125,0.2787349103020676
0.0234375,0.3359375,0.2772799558155229
0.03125,0.34375,0.27580806968660027
0.0390625,0.3515625,0.2743193418396971
0.046875,0.359375,0.27281386322736134
0.0546875,0.3671875,0.2712917258247154
0.0625,0.375,0.26975302262382234
0.0703125,0.3828125,0.2681978476279928
0.078125,0.390625,0.2666262958460321
0.0859375,0.3984375,0.2650384632864253
0.09375,0.40625,0.26343444695146245
0.1015625,0.4140625,0.2618143448313017
0.109375,0.421875,0.2601782558979718
0.1171875,0.4296875,0.2585262800993123
0.125,0.4375,0.25685851835285495
0.1328125,0.4453125,0.25517507253964394
0.140625,0.453125,0.2534760454979956
0.1484375,0.4609375,0.25176154101719955
0.15625,0.46875,0.2500316638311608
0.1640625,0.4765625,0.2482865196119824
0.171875,0.484375,0.24652621496349117
0.1796875,0.4921875,0.24475085741470556
0.1875,0.5,0.24296055541324546
0.1953125,0.5078125,0.24115541831868656
0.203125,0.515625,0.23933555639585763
0.2109375,0.5234375,0.2375010808080827
0.21875,0.53125,0.23565210361036754
0.2265625,0.5390625,0.23378873774253137
0.234375,0.546875,0.23191109702228466
0.2421875,0.5546875,0.23001929613825198
0.25,0.5625,0.22811345064294336
0.2578125,0.5703125,0.2261936769456714
0.265625,0.578125,0.22426009230541663
0.2734375,0.5859375,0.22231281482364115
0.28125,0.59375,0.22035196343705107
0.2890625,0.6015625,0.2183776579103093
0.296875,0.609375,0.21639001882869716
0.3046875,0.6171875,0.21438916759072826
0.3125,0.625,0.2123752264007122
0.3203125,0.6328125,0.2103483182612722
0.328125,0.640625,0.20830856696581407
0.3359375,0.6484375,0.20625609709094966
0.34375,0.65625,0.2041910339888734
0.3515625,0.6640625,0.20211350377969495
0.359375,0.671875,0.2000236333437258
0.3671875,0.6796875,0.19792155031372244
0.375,0.6875,0.19580738306708587
0.3828125,0.6953125,0.19368126071801822
0.390625,0.703125,0.19154331310963646
0.3984375,0.7109375,0.189393670806044
0.40625,0.71875,0.18723246508436076
0.4140625,0.7265625,0.18505982792671125
0.421875,0.734375,0.18287589201217258
0.4296875,0.7421875,0.18068079070868082
0.4375,0.75,0.17847465806489715
0.4453125,0.7578125,0.17625762880203427
0.453125,0.765625,0.174029838305643
0.4609375,0.7734375,0.17179142261735889
0.46875,0.78125,0.16954251842661006
0.4765625,0.7890625,0.1672832630622872
0.484375,0.796875,0.16501379448437387
0.4921875,0.8046875,0.16273425127553992
0.5,0.8125,0.16044477263269674
0.5078125,0.8203125,0.15814549835851693
0.515625,0.828125,0.15583656885291655
0.5234375,0.8359375,0.1535181251045015
0.53125,0.84375,0.15119030868198025
0.5390625,0.8515625,0.1488532617255398
0.546875,0.859375,0.1465071269381898
0.5546875,0.8671875,0.14415204757707353
0.5625,0.875,0.14178816744474482
0.5703125,0.8828125,0.13941563088041478
0.578125,0.890625,0.13703458275116764
0.5859375,0.8984375,0.13464516844314622
0.59375,0.90625,0.13224753385270832
0.6015625,0.9140625,0.12984182537755515
0.609375,0.921875,0.12742818990783192
0.6171875,0.9296875,0.1250067748172021
0.625,0.9375,0.1225777279538959
0.6328125,0.9453125,0.12014119763173386
0.640625,0.953125,0.11769733262112655
0.6484375,0.9609375,0.11524628214005112
0.65625,0.96875,0.11278819584500498
0.6640625,0.9765625,0.11032322382193815
0.671875,0.984375,0.10785151657716374
0.6796875,0.9921875,0.10537322502824759
0.6875,1.0,0.10288850049487658
0.0,0.3046875,0.28159366967704524
0.0078125,0.3125,0.2801728439603617
0.015625,0.3203125,0.2787349098606487
0.0234375,0.328125,0.277279955229601
0.03125,0.3359375,0.27580806895802745
0.0390625,0.34375,0.27431934097038096
0.046875,0.3515625,0.2728138622192402
0.0546875,0.359375,0.2712917246797342
0.0625,0.3671875,0.2697530213439105
0.0703125,0.375,0.26819784621504433
0.078125,0.3828125,0.26662629430188856
0.0859375,0.390625,0.2650384616128614
0.09375,0.3984375,0.26343444515017345
0.1015625,0.40625,0.26181434290389366
0.109375,0.4140625,0.2601782538459526
0.1171875,0.421875,0.25852627792408633
0.125,0.4296875,0.2568585160557178
0.1328125,0.4375,0.2551750701217781
0.140625,0.4453125,0.2534760429604691
0.1484375,0.453125,0.25176153836096354
0.15625,0.4609375,0.25003166105704894
0.1640625,0.46875,0.24828651672071098
0.171875,0.4765625,0.24652621195565966
0.1796875,0.484375,0.24475085429079746
0.1875,0.4921875,0.24296055217363022
0.1953125,0.5,0.24115541496362128
0.203125,0.5078125,0.2393355529254898
0.2109375,0.515625,0.2375010772224529
0.21875,0.5234375,0.23565209990941258
0.2265625,0.53125,0.23378873392608854
0.234375,0.5390625,0.2319110930900953
0.2421875,0.546875,0.23001929208996696
0.25,0.5546875,0.22811344647812756
0.2578125,0.5625,0.22619367266380944
0.265625,0.5703125,0.2242600879059193
0.2734375,0.578125,0.2223128103058517
0.28125,0.5859375,0.22035195880025243
0.2890625,0.59375,0.21837765315373084
0.296875,0.6015625,0.21639001395152335
0.3046875,0.609375,0.21438916259210566
0.3125,0.6171875,0.21237522127975808
0.3203125,0.625,0.2103483130170822
0.328125,0.6328125,0.20830856159747063
0.3359375,0.640625,0.2062560915975288
0.34375,0.6484375,0.20419102836945294
0.3515625,0.65625,0.2021134980333601
0.359375,0.6640625,0.200023627469576
0.3671875,0.671875,0.19792154431087566
0.375,0.6796875,0.195807376934683
0.3828125,0.6875,0.19368125445522572
0.390625,0.6953125,0.191543306715648
0.3984375,0.703125,0.18939366428008073
0.40625,0.7109375,0.18723245842567016
0.4140625,0.71875,0.1850598211345647
0.421875,0.7265625,0.18287588508586147
0.4296875,0.734375,0.180680783647511
0.4375,0.7421875,0.1784746508681825
0.4453125,0.75,0.17625762146908855
0.453125,0.7578125,0.17402983083577062
0.4609375,0.765625,0.1717914150098447
0.46875,0.7734375,0.16954251068070816
0.4765625,0.78125,0.16728325517720796
0.484375,0.7890625,0.16501378645927117
0.4921875,0.796875,0.16273424310949688
0.5,0.8046875,0.16044476432471122
0.5078125,0.8125,0.15814548990748584
0.515625,0.8203125,0.15583656025762
0.5234375,0.828125,0.15351811636358656
0.53125,0.8359375,0.15119029979394327
0.5390625,0.84375,0.14885325268870972
0.546875,0.8515625,0.14650711775070938
0.5546875,0.859375,0.1441520382368811
0.5625,0.8671875,0.14178815794955532
0.5703125,0.875,0.13941562122770004
0.578125,0.8828125,0.13703457293813626
0.5859375,0.890625,0.13464515846672284
0.59375,0.8984375,0.13224752370951207
0.6015625,0.90625,0.12984181506387799
0.609375,0.9140625,0.1274281794196156
0.6171875,0.921875,0.12500676415001533
0.625,0.9296875,0.12257771710291035
0.6328125,0.9375,0.12014118659170049
0.640625,0.9453125,0.11769732138635124
0.6484375,0.953125,0.11524627070437046
0.65625,0.9609375,0.1127881842017629
0.6640625,0.96875,0.11032321196396339
0.671875,0.9765625,0.10785150449674911
0.6796875,0.984375,0.10537321271713183
0.6875,0.9921875,0.10288848794423015
0.6953125,1.0,0.10039748189012192
0.0,0.296875,0.2815936695291025
0.0078125,0.3046875,0.2801728436636396
0.015625,0.3125,0.2787349094167466
0.0234375,0.3203125,0.2772799546402621
0.03125,0.328125,0.27580806822510934
0.0390625,0.3359375,0.2743193400958267
0.046875,0.34375,0.2728138612050467
0.0546875,0.3515625,0.2712917235279244
0.0625,0.359375,0.2697530200565069
0.0703125,0.3671875,0.26819784479404635
0.078125,0.375,0.2666262927492517
0.0859375,0.3828125,0.2650384599304808
0.09375,0.390625,0.26343444333986926
0.1015625,0.3984375,0.2618143409673995
0.109375,0.40625,0.26017825178490606
0.1171875,0.4140625,0.2585262757400215
0.125,0.421875,0.25685851375005986
0.1328125,0.4296875,0.25517506769583925
0.140625,0.4375,0.2534760404154449
0.1484375,0.4453125,0.2517615356979323
0.15625,0.453125,0.25003165827696955
0.1640625,0.4609375,0.248286513824424
0.171875,0.46875,0.24652620894388677
0.1796875,0.4765625,0.24475085116414316
0.1875,0.484375,0.24296054893258304
0.1953125,0.4921875,0.24115541160855622
0.203125,0.5,0.23933554945667032
0.2109375,0.5078125,0.23750107364003423
0.21875,0.515625,0.23565209621344477
0.2265625,0.5234375,0.2337887301165201
0.234375,0.53125,0.23191108916677727
0.2421875,0.5390625,0.23001928805265767
0.25,0.546875,0.22811344232649727
0.2578125,0.5546875,0.22619366839744603
0.265625,0.5625,0.2242600835243335
0.2734375,0.5703125,0.2223128058084839
0.28125,0.578125,0.22035195418647896
0.2890625,0.5859375,0.21837764842287113
0.296875,0.59375,0.21639000910284714
0.3046875,0.6015625,0.21438915762484018
0.3125,0.609375,0.2123752161930957
0.3203125,0.6171875,0.2103483078101886
0.328125,0.625,0.20830855626949157
0.3359375,0.6328125,0.20625608614759836
0.34375,0.640625,0.20419102279669962
0.3515625,0.6484375,0.2021134923369142
0.359375,0.65625,0.2000236216485744
0.3671875,0.6640625,0.19792153836446785
0.375,0.671875,0.19580737086203487
0.3828125,0.6796875,0.1936812482555226
0.390625,0.6875,0.19154330038809686
0.3984375,0.6953125,0.18939365782391082
0.40625,0.703125,0.1872324518401325
0.4140625,0.7109375,0.1850598144189307
0.421875,0.71875,0.18287587823941875
0.4296875,0.7265625,0.18068077666956006
0.4375,0.734375,0.1784746437580302
0.4453125,0.7421875,0.1762576142260414
0.453125,0.75,0.17402982345912607
0.4609375,0.7578125,0.17179140749888203
0.46875,0.765625,0.16954250303467774
0.4765625,0.7734375,0.16728324739532005
0.484375,0.78125,0.16501377854068286
0.4921875,0.7890625,0.16273423505329937
0.5,0.796875,0.1604447561299156
0.5078125,0.8046875,0.15814548157300834
0.515625,0.8125,0.1558365517822663
0.5234375,0.8203125,0.15351810774603605
0.53125,0.828125,0.1511902910327323
0.5390625,0.8359375,0.14885324378221423
0.546875,0.84375,0.1465071086971281
0.5546875,0.8515625,0.14415202903421545
0.5625,0.859375,0.1417881485955914
0.5703125,0.8671875,0.1394156117199892
0.578125,0.875,0.1370345632739743
0.5859375,0.8828125,0.13464514864312924
0.59375,0.890625,0.13224751372320823
0.6015625,0.8984375,0.12984180491126437
0.609375,0.90625,0.1274281690967488
0.6171875,0.9140625,0.1250067536525835
0.625,0.921875,0.12257770642620855
0.6328125,0.9296875,0.12014117573060491
0.640625,0.9375,0.1176973103352932
0.6484375,0.9453125,0.11524625945730993
0.65625,0.953125,0.11278817275216205
0.6640625,0.9609375,0.11032320030476064
0.671875,0.96875,0.10785149262033399
0.6796875,0.9765625,0.10537320061532209
0.6875,0.984375,0.10288847560825128
0.6953125,0.9921875,0.10039746931059104
0.703125,1.0,0.09790033381759143
0.0,0.2890625,0.2815936693804854
0.0078125,0.296875,0.2801728433654278
0.015625,0.3046875,0.2787349089704406
0.0234375,0.3125,0.27727995404755185
0.03125,0.3203125,0.27580806748784037
0.0390625,0.328125,0.27431933921596313
0.046875,0.3359375,0.27281386018463555
0.0546875,0.34375,0.2712917223690608
0.0625,0.3515625,0.2697530187613038
0.0703125,0.359375,0.26819784336460706
0.078125,0.3671875,0.26662629118764636
0.0859375,0.375,0.265038458238726
0.09375,0.3828125,0.26343444151991224
0.1015625,0.390625,0.2618143390211035
0.109375,0.3984375,0.26017824971404113
0.1171875,0.40625,0.2585262735462538
0.125,0.4140625,0.2568585114349469
0.1328125,0.421875,0.2551750652608246
0.140625,0.4296875,0.2534760378618548
0.1484375,0.4375,0.25176153302697346
0.15625,0.4453125,0.2500316554897285
0.1640625,0.453125,0.248286510921866
0.171875,0.4609375,0.24652620592685742
0.1796875,0.46875,0.24475084803336836
0.1875,0.4765625,0.24296054568867143
0.1953125,0.484375,0.2411554082520006
0.203125,0.4921875,0.23933554598785087
0.2109375,0.5,0.23750107005922072
0.21875,0.5078125,0.23565209252080024
0.2265625,0.515625,0.233788726312104
0.234375,0.5234375,0.23191108525055013
0.2421875,0.53125,0.2300192840244848
0.25,0.5390625,0.228113438186154
0.2578125,0.546875,0.22619366414462283
0.265625,0.5546875,0.22426007915864124
0.2734375,0.5625,0.22231280132946002
0.28125,0.5703125,0.22035194959359353
0.2890625,0.578125,0.21837764371553361
0.296875,0.5859375,0.2163900042804129
0.3046875,0.59375,0.21438915268661826
0.3125,0.6015625,0.2123752111383555
0.3203125,0.609375,0.210348302638167
0.328125,0.6171875,0.2083085509794007
0.3359375,0.625,0.2062560807386323
0.34375,0.6328125,0.20419101726804126
0.3515625,0.640625,0.2021134866877416
0.359375,0.6484375,0.2000236158780665
0.3671875,0.65625,0.19792153247180974
0.375,0.6640625,0.19580736484642183
0.3828125,0.671875,0.19368124211616378
0.390625,0.6796875,0.19154329412421742
0.3984375,0.6875,0.18939365143475329
0.40625,0.6953125,0.18723244532495664
0.4140625,0.703125,0.18505980777701236
0.421875,0.7109375,0.1828758714700478
0.4296875,0.71875,0.18068076977203607
0.4375,0.7265625,0.17847463673165773
0.4453125,0.734375,0.17625760707012375
0.453125,0.7421875,0.174029816172958
0.4609375,0.75,0.17179140008174074
0.46875,0.7578125,0.1695424954858136
0.4765625,0.765625,0.16728323971394554
0.484375,0.7734375,0.1650137707259616
0.4921875,0.78125,0.16273422710433277
0.5,0.7890625,0.1604447480457299
0.5078125,0.796875,0.15814547335254056
0.515625,0.8046875,0.15583654342434936
0.5234375,0.8125,0.15351809924938317
0.53125,0.8203125,0.15119028239592078
0.5390625,0.828125,0.14885323500366895
0.546875,0.8359375,0.14650709977510343
0.5546875,0.84375,0.14415201996677804
0.5625,0.8515625,0.14178813938060045
0.5703125,0.859375,0.13941560235507727
0.578125,0.8671875,0.13703455375652718
0.5859375,0.875,0.13464513897026437
0.59375,0.8828125,0.13224750389175302
0.6015625,0.890625,0.12984179491773312
0.609375,0.8984375,0.12742815893731868
0.6171875,0.90625,0.1250067433230698
0.625,0.9140625,0.12257769592203864
0.6328125,0.921875,0.12014116504679127
0.640625,0.9296875,0.11769729946640586
0.6484375,0.9375,0.1152462483974478
0.65625,0.9453125,0.11278816149492406
0.6640625,0.953125,0.11032318884321632
0.671875,0.9609375,0.10785148094699505
0.6796875,0.96875,0.10537318872211421
0.6875,0.9765625,0.10288846348648842
0.6953125,0.984375,0.1003974569509526
0.703125,0.9921875,0.09790032121010392
0.7109375,1.0,0.09539720873312661
0.0,0.28125,0.2815936692312781
0.0078125,0.2890625,0.2801728430658499
0.015625,0.296875,0.2787349085218545
0.0234375,0.3046875,0.27727995345156503
0.03125,0.3125,0.2758080667462635
0.0390625,0.3203125,0.2743193383307662
0.046875,0.328125,0.2728138591579046
0.0546875,0.3359375,0.2712917212029572
0.0625,0.34375,0.2697530174580273
0.0703125,0.3515625,0.2681978419263639
0.078125,0.359375,0.2666262896166215
0.0859375,0.3671875,0.26503845653705965
0.09375,0.375,0.26343443968968044
0.1015625,0.3828125,0.2618143370643029
0.109375,0.390625,0.2601782476325756
0.1171875,0.3984375,0.2585262713419259
0.125,0.40625,0.25685850910944924
0.1328125,0.4140625,0.2551750628157348
0.140625,0.421875,0.25347603529863194
0.1484375,0.4296875,0.25176153034695525
0.15625,0.4375,0.2500316526941304
0.1640625,0.4453125,0.24828650801178062
0.171875,0.453125,0.24652620290325472
0.1796875,0.4609375,0.24475084489709756
0.1875,0.46875,0.2429605424404616
0.1953125,0.4765625,0.24115540489246362
0.203125,0.484375,0.23933554251748335
0.2109375,0.4921875,0.23750106647840732
0.21875,0.5,0.2356520888298169
0.2265625,0.5078125,0.23378872251112137
0.234375,0.515625,0.23191108133963745
0.2421875,0.5234375,0.23001928000361463
0.25,0.53125,0.22811343405520634
0.2578125,0.5390625,0.22619365990339024
0.265625,0.546875,0.22426007480683474
0.2734375,0.5546875,0.22231279686671376
0.28125,0.5625,0.22035194501947147
0.2890625,0.5703125,0.2183776390295357
0.296875,0.578125,0.21638999948198112
0.3046875,0.5859375,0.21438914777514384
0.3125,0.59375,0.21237520611318586
0.3203125,0.6015625,0.21034829749861234
0.328125,0.609375,0.20830854572474108
0.3359375,0.6171875,0.20625607536812435
0.34375,0.625,0.20419101178092497
0.3515625,0.6328125,0.20211348108324598
0.359375,0.640625,0.20002361015541606
0.3671875,0.6484375,0.1979215266302289
0.375,0.65625,0.19580735888513962
0.3828125,0.6640625,0.19368123603441745
0.390625,0.671875,0.1915432879212549
0.3984375,0.6796875,0.18939364510983503
0.40625,0.6875,0.18723243887735605
0.4140625,0.6953125,0.18505980120601492
0.421875,0.703125,0.1828758647749497
0.4296875,0.7109375,0.1806807629521407
0.4375,0.71875,0.17847462978627196
0.4453125,0.7265625,0.176257599998552
0.453125,0.734375,0.17402980897449585
0.4609375,0.7421875,0.17179139275566718
0.46875,0.75,0.1695424880313822
0.4765625,0.7578125,0.16728323213037452
0.484375,0.765625,0.16501376301242277
0.4921875,0.7734375,0.16273421925994025
0.5,0.78125,0.16044474006952722
0.5078125,0.7890625,0.15814546524348727
0.515625,0.796875,0.15583653518130683
0.5234375,0.8046875,0.15351809087109963
0.53125,0.8125,0.15119027388101577
0.5390625,0.8203125,0.14885322635061665
0.546875,0.828125,0.14650709098221626
0.5546875,0.8359375,0.14415201103218805
0.5625,0.84375,0.14178813030224138
0.5703125,0.8515625,0.1394155931306647
0.578125,0.859375,0.13703454438353865
0.5859375,0.8671875,0.13464512944591808
0.59375,0.875,0.13224749421298576
0.6015625,0.8828125,0.129841785081177
0.609375,0.890625,0.12742814893927698
0.6171875,0.8984375,0.12500673315949132
0.625,0.90625,0.12257768558849107
0.6328125,0.9140625,0.12014115453843338
0.640625,0.921875,0.1176972887779582
0.6484375,0.9296875,0.1152462375231626
0.65625,0.9375,0.1127881504285539
0.6640625,0.9453125,0.11032317757798235
0.671875,0.953125,0.10785146947555452
0.6796875,0.9609375,0.10537317703652867
0.6875,0.96875,0.10288845157819246
0.6953125,0.9765625,0.10039744481072485
0.703125,0.984375,0.09790030882804122
0.7109375,0.9921875,0.09539719609862327
0.71875,1.0,0.09288825945633268
0.0,0.2734375,0.281593669081591
0.0078125,0.28125,0.2801728427650737
0.015625,0.2890625,0.2787349080711666
0.0234375,0.296875,0.27727995285245416
0.03125,0.3046875,0.27580806600047975
0.0390625,0.3125,0.274319337440267
0.046875,0.3203125,0.27281385812480297
0.0546875,0.328125,0.2712917200294728
0.0625,0.3359375,0.2697530161464433
0.0703125,0.34375,0.2681978404789883
0.078125,0.3515625,0.2666262880357549
0.0859375,0.359375,0.26503845482496763
0.09375,0.3671875,0.26343443784857123
0.1015625,0.375,0.261814335096309
0.109375,0.3828125,0.26017824553973945
0.1171875,0.390625,0.2585262691261889
0.125,0.3984375,0.2568585067726426
0.1328125,0.40625,0.2551750603595737
0.140625,0.4140625,0.253476032724711
0.1484375,0.421875,0.2517615276567461
0.15625,0.4296875,0.25003164988897963
0.1640625,0.4375,0.24828650509290984
0.171875,0.4453125,0.24652619987176078
0.1796875,0.453125,0.24475084175395342
0.1875,0.4609375,0.24296053918651855
0.1953125,0.46875,0.24115540152845272
0.203125,0.4765625,0.2393355390440188
0.2109375,0.484375,0.23750106289598893
0.21875,0.4921875,0.23565208513883354
0.2265625,0.5,0.23378871871185491
0.234375,0.5078125,0.2319110774322661
0.2421875,0.515625,0.23001927598821753
0.25,0.5234375,0.22811342993176834
0.2578125,0.53125,0.2261936556718061
0.265625,0.5390625,0.22426007046691473
0.2734375,0.546875,0.22231279241818916
0.28125,0.5546875,0.22035194046200007
0.2890625,0.5625,0.21837763436270796
0.296875,0.5703125,0.2163899947053263
0.3046875,0.578125,0.21438914288813643
0.3125,0.5859375,0.21237520111525207
0.3203125,0.59375,0.21034829238913694
0.328125,0.6015625,0.2083085405030739
0.3359375,0.609375,0.20625607003358673
0.34375,0.6171875,0.20419100633281614
0.3515625,0.625,0.20211347552084935
0.359375,0.6328125,0.20002360447800416
0.3671875,0.640625,0.19792152083706926
0.375,0.6484375,0.1958073529754988
0.3828125,0.65625,0.19368123000756488
0.390625,0.6640625,0.19154328177646565
0.3984375,0.671875,0.18939363884639168
0.40625,0.6796875,0.18723243249455004
0.4140625,0.6875,0.18505979470314596
0.421875,0.6953125,0.18287585815132468
0.4296875,0.703125,0.18068075620707155
0.4375,0.7109375,0.17847462291907165
0.4453125,0.71875,0.1762575930085302
0.453125,0.7265625,0.17402980186095285
0.4609375,0.734375,0.17179138551788714
0.46875,0.7421875,0.16954248066862496
0.4765625,0.75,0.1672832246418669
0.484375,0.7578125,0.16501375539734764
0.4921875,0.765625,0.16273421151742662
0.5,0.7734375,0.16044473219863764
0.5078125,0.78125,0.1581454572432055
0.515625,0.7890625,0.1558365270505241
0.5234375,0.796875,0.15351808260860028
0.53125,0.8046875,0.1511902654854624
0.5390625,0.8125,0.14885321782053415
0.546875,0.8203125,0.1465070823159751
0.5546875,0.828125,0.14415200222798719
0.5625,0.8359375,0.14178812135808977
0.5703125,0.84375,0.1394155840443624
0.578125,0.8515625,0.13703453515265648
0.5859375,0.859375,0.13464512006777707
0.59375,0.8671875,0.13224748468463476
0.6015625,0.875,0.12984177539936947
0.609375,0.8828125,0.12742813910044665
0.6171875,0.890625,0.12500672315972614
0.625,0.8984375,0.12257767542350616
0.6328125,0.90625,0.12014114420354219
0.640625,0.9140625,0.1176972782680425
0.6484375,0.921875,0.1152462268326407
0.65625,0.9296875,0.11278813955134767
0.6640625,0.9375,0.11032316650748299
0.671875,0.9453125,0.10785145820458714
0.6796875,0.953125,0.10537316555731667
0.6875,0.9609375,0.10288843988232167
0.6953125,0.96875,0.10039743288910866
0.703125,0.9765625,0.09790029667088787
0.7109375,0.984375,0.09539718369540658
0.71875,0.9921875,0.09288824679576849
0.7265625,1.0,0.09037363916123863
0.0,0.265625,0.2815936689315662
0.0078125,0.2734375,0.2801728424633197
0.015625,0.28125,0.27873490761861913
0.0234375,0.2890625,0.27727995225044116
0.03125,0.296875,0.27580806525065904
0.0390625,0.3046875,0.2743193365445621
0.046875,0.3125,0.27281385708533945
0.0546875,0.3203125,0.2712917188485207
0.0625,0.328125,0.26975301482636455
0.0703125,0.3359375,0.2681978390221918
0.078125,0.34375,0.2666262864446576
0.0859375,0.3515625,0.2650384531019632
0.09375,0.359375,0.26343443599600336
0.1015625,0.3671875,0.26181433311645064
0.109375,0.375,0.2601782434347752
0.1171875,0.3828125,0.258526266898203
0.125,0.390625,0.2568585044236091
0.1328125,0.3984375,0.2551750578913489
0.140625,0.40625,0.2534760301390288
0.1484375,0.4140625,0.25176152495521464
0.15625,0.421875,0.25003164707307973
0.1640625,0.4296875,0.24828650216399448
0.171875,0.4375,0.24652619683105512
0.1796875,0.4453125,0.24475083860255642
0.1875,0.453125,0.24296053592540443
0.1953125,0.4609375,0.24115539815847353
0.203125,0.46875,0.2393355355659067
0.2109375,0.4765625,0.23750105931035956
0.21875,0.484375,0.23565208144618924
0.2265625,0.4921875,0.2337887149125886
0.234375,0.5,0.23191107352666498
0.2421875,0.5078125,0.23001927197646754
0.25,0.515625,0.22811342581395858
0.2578125,0.5234375,0.22619365144793374
0.265625,0.53125,0.22426006613688929
0.2734375,0.5390625,0.22231278798183882
0.28125,0.546875,0.22035193591907665
0.2890625,0.5546875,0.21837762971289262
0.296875,0.5625,0.2163899899482359
0.3046875,0.5703125,0.2143891380233292
0.3125,0.578125,0.2123751961422343
0.3203125,0.5859375,0.210348287307369
0.328125,0.59375,0.20830853531197685
0.3359375,0.6015625,0.20625606473254843
0.34375,0.609375,0.20419100092119738
0.3515625,0.6171875,0.20211346999798993
0.359375,0.625,0.2000235988432283
0.3671875,0.6328125,0.1979215150896904
0.375,0.640625,0.19580734711482448
0.3828125,0.6484375,0.19368122403290025
0.390625,0.65625,0.19154327568711674
0.3984375,0.6640625,0.1893936326416676
0.40625,0.671875,0.1872324261737641
0.4140625,0.6796875,0.1850597882656165
0.421875,0.6875,0.18287585159637357
0.4296875,0.6953125,0.1806807495340229
0.4375,0.703125,0.17847461612724894
0.4453125,0.7109375,0.17625758609725206
0.453125,0.71875,0.174029794829528
0.4609375,0.7265625,0.17179137836560832
0.46875,0.734375,0.1695424733947614
0.4765625,0.7421875,0.16728321724565626
0.484375,0.75,0.16501374787798712
0.4921875,0.7578125,0.1627342038740618
0.5,0.765625,0.16044472443035215
0.5078125,0.7734375,0.15814544934900868
0.515625,0.78125,0.1558365190293383
0.5234375,0.7890625,0.15351807445924726
0.53125,0.796875,0.15119025720664858
0.5390625,0.8046875,0.14885320941083563
0.546875,0.8125,0.14650707377382144
0.5546875,0.8203125,0.14415199355164462
0.5625,0.828125,0.14178811254564339
0.5703125,0.8359375,0.1394155750936973
0.578125,0.84375,0.13703452606143837
0.5859375,0.8515625,0.1346451108334311
0.59375,0.859375,0.1322474753043239
0.6015625,0.8671875,0.1298417658699714
0.609375,0.875,0.12742812941852893
0.6171875,0.8828125,0.1250067133215206
0.625,0.890625,0.12257766542488119
0.6328125,0.8984375,0.12014113403997355
0.640625,0.90625,0.11769726793458223
0.6484375,0.9140625,0.11524621632388472
0.65625,0.921875,0.11278812886140098
0.6640625,0.9296875,0.11032315562992362
0.671875,0.9375,0.10785144713242831
0.6796875,0.9453125,0.10537315428296783
0.6875,0.953125,0.10288842839754851
0.6953125,0.9609375,0.10039742118499319
0.703125,0.96875,0.0979002847377891
0.7109375,0.9765625,0.09539717152292355
0.71875,0.984375,0.092888234372707
0.7265625,0.9921875,0.09037362647558417
0.734375,1.0,0.0878535013669327
0.0,0.2578125,0.28159366878138475
0.0078125,0.265625,0.28017284216087224
0.015625,0.2734375,0.27873490716453225
0.0234375,0.28125,0.27727995164583036
0.03125,0.2890625,0.2758080644970534
0.0390625,0.296875,0.27431933564382527
0.046875,0.3046875,0.2728138560395939
0.0546875,0.3125,0.2712917176600766
0.0625,0.3203125,0.26975301349765823
0.0703125,0.328125,0.26819783755573173
0.078125,0.3359375,0.26662628484297934
0.0859375,0.34375,0.2650384513675915
0.09375,0.3515625,0.2634344341314215
0.1015625,0.359375,0.2618143311240757
0.109375,0.3671875,0.26017824131694
0.1171875,0.375,0.25852626465713957
0.125,0.3828125,0.2568585020614384
0.1328125,0.390625,0.25517505541007296
0.140625,0.3984375,0.25347602754052456
0.1484375,0.40625,0.25176152224123044
0.15625,0.4140625,0.2500316442452336
0.1640625,0.421875,0.24828649922377324
0.171875,0.4296875,0.24652619377981522
0.1796875,0.4375,0.24475083544152448
0.1875,0.4453125,0.24296053265567935
0.1953125,0.453125,0.2411553947810292
0.203125,0.4609375,0.2393355320815945
0.2109375,0.46875,0.23750105571991156
0.21875,0.4765625,0.2356520777502218
0.2265625,0.484375,0.23378871111160598
0.234375,0.4921875,0.23191106962106392
0.2421875,0.5,0.23001926796654068
0.25,0.5078125,0.2281134216998993
0.2578125,0.515625,0.2261936472298409
0.265625,0.5234375,0.22426006181477248
0.2734375,0.53125,0.22231278355562273
0.28125,0.5390625,0.22035193138860712
0.2890625,0.546875,0.218377625077942
0.296875,0.5546875,0.2163899852085087
0.3046875,0.5625,0.21438913317846817
0.3125,0.5703125,0.21237519119182624
0.3203125,0.578125,0.21034828225095115
0.328125,0.5859375,0.20830853014904277
0.3359375,0.59375,0.2062560594625541
0.34375,0.6015625,0.20419099554356726
0.3515625,0.609375,0.20211346451212225
0.359375,0.6171875,0.20002359324850144
0.3671875,0.625,0.1979215093854667
0.375,0.6328125,0.1958073413004555
0.3828125,0.640625,0.19368121810773029
0.390625,0.6484375,0.1915432696504865
0.3984375,0.65625,0.1893936264929162
0.40625,0.6640625,0.18723241991223089
0.4140625,0.671875,0.1850597818906417
0.421875,0.6796875,0.18287584510729848
0.4296875,0.6875,0.18068074293018782
0.4375,0.6953125,0.17847460940799134
0.4453125,0.703125,0.17625757926190316
0.453125,0.7109375,0.17402978787740853
0.4609375,0.71875,0.17179137129602268
0.46875,0.7265625,0.1695424662069914
0.4765625,0.734375,0.16728320993895343
0.484375,0.7421875,0.16501374045156447
0.4921875,0.75,0.1627341963270842
0.5,0.7578125,0.16044471676192593
0.5078125,0.765625,0.15814544155817037
0.515625,0.7734375,0.15583651111504265
0.5234375,0.78125,0.15351806642035407
0.53125,0.7890625,0.1511902490419091
0.5390625,0.796875,0.14885320111887787
0.546875,0.8046875,0.14650706535313435
0.5546875,0.8125,0.14415198500056223
0.5625,0.8203125,0.14178810386232724
0.5703125,0.828125,0.13941556627611829
0.578125,0.8359375,0.13703451710735745
0.5859375,0.84375,0.13464510174037878
0.59375,0.8515625,0.1322474660695789
0.6015625,0.859375,0.1298417564905374
0.609375,0.8671875,0.12742811989111044
0.6171875,0.875,0.12500670364249689
0.625,0.8828125,0.12257765559027868
0.6328125,0.890625,0.12014112404543635
0.640625,0.8984375,0.11769725777534083
0.6484375,0.90625,0.11524620599472231
0.65625,0.9140625,0.11278811835661802
0.6640625,0.921875,0.11032314494329988
0.671875,0.9296875,0.10785143625718348
0.6796875,0.9375,0.10537314321171935
0.6875,0.9453125,0.10288841712226851
0.6953125,0.953125,0.10039740969696367
0.703125,0.9609375,0.09790027302755727
0.7109375,0.96875,0.09539715958025738
0.71875,0.9765625,0.09288822218655315
0.7265625,0.984375,0.09037361403403024
0.734375,0.9921875,0.08785348865717588
0.7421875,1.0,0.08532799992817432
0.0,0.25,0.2815936686312735
0.0078125,0.2578125,0.28017284185809316
0.015625,0.265625,0.27873490670931883
0.0234375,0.2734375,0.27727995103902514
0.03125,0.28125,0.27580806374001265
0.0390625,0.2890625,0.2743193347383233
0.046875,0.296875,0.2728138549877301
0.0546875,0.3046875,0.2712917164641908
0.0625,0.3125,0.26975301216025604
0.0703125,0.3203125,0.2681978360794209
0.078125,0.328125,0.2666262832304156
0.0859375,0.3359375,0.2650384496214346
0.09375,0.34375,0.2634344322542994
0.1015625,0.3515625,0.2618143291185564
0.109375,0.359375,0.2601782391855087
0.1171875,0.3671875,0.25852626240218246
0.125,0.375,0.25685849968522906
0.1328125,0.3828125,0.25517505291476367
0.140625,0.390625,0.25347602492814003
0.1484375,0.3984375,0.2517615195136636
0.15625,0.40625,0.2500316414042432
0.1640625,0.4140625,0.2482864962709834
0.171875,0.421875,0.24652619071671572
0.1796875,0.4296875,0.24475083226947209
0.1875,0.4375,0.24296052937589976
0.1953125,0.4453125,0.24115539139461958
0.203125,0.453125,0.23933552858952653
0.2109375,0.4609375,0.23750105212303488
0.21875,0.46875,0.23565207404926744
0.2265625,0.4765625,0.23378870730719037
0.234375,0.484375,0.23191106571369277
0.2421875,0.4921875,0.2300192639566138
0.25,0.5,0.2281134175877146
0.2578125,0.5078125,0.2261936430155994
0.265625,0.515625,0.22426005749858297
0.2734375,0.5234375,0.2223127791375069
0.28125,0.53125,0.22035192686850497
0.2890625,0.5390625,0.2183776204557169
0.296875,0.546875,0.21638998048395336
0.3046875,0.5546875,0.21438912835131008
0.3125,0.5625,0.21237518626173368
0.3203125,0.5703125,0.21034827721753907
0.328125,0.578125,0.20830852501187813
0.3359375,0.5859375,0.2062560542211627
0.34375,0.59375,0.20419099019743875
0.3515625,0.6015625,0.2021134590607159
0.359375,0.609375,0.20002358769125111
0.3671875,0.6171875,0.1979215037217867
0.375,0.625,0.19580733552974405
0.3828125,0.6328125,0.19368121222937423
0.390625,0.640625,0.19154326366386398
0.3984375,0.6484375,0.18939362039740001
0.40625,0.65625,0.18723241370718996
0.4140625,0.6640625,0.18505977557544226
0.421875,0.671875,0.18287583868130408
0.4296875,0.6796875,0.1806807363927589
0.4375,0.6875,0.178474602758483
0.4453125,0.6953125,0.17625757249966292
0.453125,0.703125,0.17402978100177194
0.4609375,0.7109375,0.17179136430630915
0.46875,0.71875,0.16954245910249796
0.4765625,0.7265625,0.16728320271894834
0.484375,0.734375,0.1650137331152788
0.4921875,0.7421875,0.162734188873704
0.5,0.75,0.16044470919058199
0.5078125,0.7578125,0.15814543386792795
0.515625,0.765625,0.1558365033048899
0.5234375,0.7734375,0.15351805848919006
0.53125,0.78125,0.15119024098853015
0.5390625,0.7890625,0.1488531929419643
0.546875,0.796875,0.14650705705123515
0.5546875,0.8046875,0.14415197657207926
0.5625,0.8125,0.14178809530549877
0.5703125,0.8203125,0.13941555758900115
0.578125,0.828125,0.13703450828780817
0.5859375,0.8359375,0.13464509278603393
0.59375,0.84375,0.1322474569778336
0.6015625,0.8515625,0.12984174725852293
0.609375,0.859375,0.12742811051567013
0.6171875,0.8671875,0.12500669412016027
0.625,0.875,0.12257764591723407
0.6328125,0.8828125,0.12014111421750134
0.640625,0.890625,0.11769724778793056
0.6484375,0.8984375,0.11524619584281565
0.65625,0.90625,0.11278810803472127
0.6640625,0.9140625,0.11032313444540802
0.671875,0.921875,0.10785142557673841
0.6796875,0.9296875,0.10537313234156645
0.6875,0.9375,0.10288840605461032
0.6953125,0.9453125,0.10039739842331132
0.703125,0.953125,0.09790026153868071
0.7109375,0.9609375,0.09539714786613483
0.71875,0.96875,0.09288821023632085
0.7265625,0.9765625,0.0903736018359346
0.734375,0.984375,0.08785347619853003
0.7421875,0.9921875,0.08532798719532227
0.75,1.0,0.08279728902598203
0.0,0.2421875,0.281593668481518
0.0078125,0.25,0.28017284155543765
0.015625,0.2578125,0.2787349062535058
0.0234375,0.265625,0.27727995043054837
0.03125,0.2734375,0.2758080629800038
0.0390625,0.28125,0.27431933382843215
0.046875,0.2890625,0.2728138539300111
0.0546875,0.296875,0.27129171526100104
0.0625,0.3046875,0.2697530108141654
0.0703125,0.3125,0.26819783459313534
0.078125,0.3203125,0.2666262816067143
0.0859375,0.328125,0.26503844786311753
0.09375,0.3359375,0.2634344303641455
0.1015625,0.34375,0.2618143270992907
0.109375,0.3515625,0.2601782370397765
0.1171875,0.359375,0.2585262601325301
0.125,0.3671875,0.2568584972940894
0.1328125,0.375,0.2551750504044453
0.140625,0.3828125,0.25347602230082067
0.1484375,0.390625,0.25176151677138514
0.15625,0.3984375,0.25003163854890964
0.1640625,0.40625,0.2482864933043595
0.171875,0.4140625,0.24652618764042805
0.1796875,0.421875,0.24475082908501003
0.1875,0.4296875,0.24296052608461796
0.1953125,0.4375,0.24115538799774044
0.203125,0.4453125,0.2393355250881436
0.2109375,0.453125,0.23750104851811618
0.21875,0.4609375,0.23565207034165955
0.2265625,0.46875,0.23378870349762237
0.234375,0.4765625,0.23191106180278048
0.2421875,0.484375,0.23001925994486405
0.25,0.4921875,0.2281134134755301
0.2578125,0.5,0.22619363880328303
0.265625,0.5078125,0.22426005318634312
0.2734375,0.515625,0.22231277472546226
0.28125,0.5234375,0.22035192235668952
0.2890625,0.53125,0.21837761584408552
0.296875,0.5390625,0.21638997577238706
0.3046875,0.546875,0.2143891235396216
0.3125,0.5546875,0.2123751813496733
0.3203125,0.5625,0.21034827220479982
0.328125,0.5703125,0.2083085198981022
0.3359375,0.578125,0.20625604900594635
0.34375,0.5859375,0.20419098488033857
0.3515625,0.59375,0.20211345364125327
0.359375,0.6015625,0.20002358216891866
0.3671875,0.609375,0.19792149809605214
0.375,0.6171875,0.19580732980005514
0.3828125,0.625,0.1936812063951628
0.390625,0.6328125,0.1915432577245491
0.3984375,0.640625,0.18939361435239102
0.40625,0.6484375,0.18723240755588852
0.4140625,0.65625,0.1850597693172438
0.421875,0.6640625,0.18287583231559837
0.4296875,0.671875,0.1806807299189295
0.4375,0.6796875,0.17847459617590625
0.4453125,0.6875,0.17625756580770538
0.453125,0.6953125,0.1740297741997877
0.4609375,0.703125,0.17179135739363524
0.46875,0.7109375,0.1695424520784497
0.4765625,0.71875,0.1672831955828124
0.484375,0.7265625,0.16501372586630755
0.4921875,0.734375,0.1627341815111061
0.5,0.7421875,0.16044470171351446
0.5078125,0.75,0.15814542627548592
0.515625,0.7578125,0.15583649559609622
0.5234375,0.765625,0.15351805066298355
0.53125,0.7734375,0.1511902330437533
0.5390625,0.78125,0.1488531848773498
0.546875,0.7890625,0.146507048865392
0.5546875,0.796875,0.14415196826347734
0.5625,0.8046875,0.14178808687245287
0.5703125,0.8125,0.13941554902965395
0.578125,0.8203125,0.13703449960011194
0.5859375,0.828125,0.13464508396773128
0.59375,0.8359375,0.13224744802643654
0.6015625,0.84375,0.12984173817129102
0.609375,0.8515625,0.12742810128958665
0.6171875,0.859375,0.12500668475190704
0.625,0.8671875,0.12257763640316402
0.6328125,0.875,0.12014110455360931
0.640625,0.8828125,0.11769723796982169
0.6484375,0.890625,0.11524618586567122
0.65625,0.8984375,0.11278809789326219
0.6640625,0.90625,0.11032312413385516
0.671875,0.9140625,0.10785141508877046
0.6796875,0.921875,0.10537312167027399
0.6875,0.9296875,0.10288839519244751
0.6953125,0.9375,0.1003973873620447
0.703125,0.9453125,0.0979002502693348
0.7109375,0.953125,0.0953971363789363
0.71875,0.9609375,0.0928881985206413
0.7265625,0.96875,0.09037358988023346
0.734375,0.9765625,0.08785346399029993
0.7421875,0.984375,0.08532797472103903
0.75,0.9921875,0.0827972762710632
0.7578125,1.0,0.08026152315819739
0.0,0.234375,0.2815936683324725
0.0078125,0.2421875,0.28017284125347547
0.015625,0.25,0.27873490579775456
0.0234375,0.2578125,0.27727994982106596
0.03125,0.265625,0.27580806221763426
0.0390625,0.2734375,0.27431933291465865
0.046875,0.28125,0.272813852866818
0.0546875,0.2890625,0.27129171405074876
0.0625,0.296875,0.26975300945948205
0.0703125,0.3046875,0.26819783309682615
0.078125,0.3125,0.26662627997168536
0.0859375,0.3203125,0.26503844609231536
0.09375,0.328125,0.2634344284605077
0.1015625,0.3359375,0.2618143250657075
0.109375,0.34375,0.2601782348790615
0.1171875,0.3515625,0.2585262578473981
0.125,0.359375,0.25685849488713935
0.1328125,0.3671875,0.2551750478781493
0.140625,0.375,0.2534760196575153
0.1484375,0.3828125,0.2517615140132671
0.15625,0.390625,0.2500316356780326
0.1640625,0.3984375,0.2482864903226337
0.171875,0.40625,0.2465261845496199
0.1796875,0.4140625,0.24475082588674488
0.1875,0.421875,0.24296052278038166
0.1953125,0.4296875,0.2411553845888829
0.203125,0.4375,0.23933552157588162
0.2109375,0.4453125,0.23750104490353788
0.21875,0.453125,0.23565206662572807
0.2265625,0.4609375,0.23378869968118018
0.234375,0.46875,0.23191105788655383
0.2421875,0.4765625,0.23001925592946745
0.25,0.484375,0.22811340936147098
0.2578125,0.4921875,0.22619363459096686
0.265625,0.5,0.2242600488760776
0.2734375,0.5078125,0.22231277031746305
0.28125,0.515625,0.2203519178510849
0.2890625,0.5234375,0.21837761124092198
0.296875,0.53125,0.21638997107163407
0.3046875,0.5390625,0.2143891187411776
0.3125,0.546875,0.2123751764533708
0.3203125,0.5546875,0.2103482672104112
0.328125,0.5625,0.20830851480534499
0.3359375,0.5703125,0.20625604381448884
0.34375,0.578125,0.204190979589805
0.3515625,0.5859375,0.20211344825122995
0.359375,0.59375,0.20002357667895768
0.3671875,0.6015625,0.19792149250567725
0.375,0.609375,0.1958073241087658
0.3828125,0.6171875,0.19368120060243824
0.390625,0.625,0.19154325182985193
0.3984375,0.6328125,0.18939360835517008
0.40625,0.640625,0.18723240145558134
0.4140625,0.6484375,0.18505976311327826
0.421875,0.65625,0.18287582600739313
0.4296875,0.6640625,0.18068072350589476
0.4375,0.671875,0.17847458965744237
0.4453125,0.6796875,0.17625755918320152
0.453125,0.6875,0.17402976746861898
0.4609375,0.6953125,0.17179135055515937
0.46875,0.703125,0.1695424451320024
0.4765625,0.7109375,0.16728318852770238
0.484375,0.71875,0.165013718701809
0.4921875,0.7265625,0.16273417423645306
0.5,0.734375,0.16044469432789146
0.5078125,0.7421875,0.15814541877801952
0.515625,0.75,0.15583648798584473
0.5234375,0.7578125,0.15351804293892635
0.53125,0.765625,0.15119022520477934
0.5390625,0.7734375,0.1488531769222446
0.546875,0.78125,0.1465070407928243
0.5546875,0.7890625,0.14415196007198497
0.5625,0.796875,0.14178807856042688
0.5703125,0.8046875,0.13941554059532257
0.578125,0.8125,0.13703449104152274
0.5859375,0.8203125,0.13464507528273245
0.59375,0.828125,0.13224743921265703
0.6015625,0.8359375,0.1298417292261187
0.609375,0.84375,0.12742809221014548
0.6171875,0.8515625,0.12500667553503206
0.625,0.859375,0.12257762704537463
0.6328125,0.8671875,0.12014109505108028
0.640625,0.875,0.11769722831835185
0.6484375,0.8828125,0.1152461760606497
0.65625,0.890625,0.11278808792963146
0.6640625,0.8984375,0.11032311400607146
0.671875,0.90625,0.10785140479076048
0.6796875,0.9140625,0.10537311119538866
0.6875,0.921875,0.10288838453341151
0.6953125,0.9296875,0.10039737651090291
0.703125,0.9375,0.09790023921739498
0.7109375,0.9453125,0.09539712511670842
0.71875,0.953125,0.0928881870377745
0.7265625,0.9609375,0.09037357816545105
0.734375,0.96875,0.08785345203133457
0.7421875,0.9765625,0.08532796250456974
0.75,0.984375,0.08279726378265778
0.7578125,0.9921875,0.08026151038226426
0.765625,1.0,0.07772085713002477
0.0,0.2265625,0.2815936681845781
0.0078125,0.234375,0.28017284095291617
0.015625,0.2421875,0.2787349053428945
0.0234375,0.25,0.27727994921141796
0.03125,0.2578125,0.27580806145368014
0.0390625,0.265625,0.27431933199766684
0.046875,0.2734375,0.27281385179867224
0.0546875,0.28125,0.2712917128337976
0.0625,0.2890625,0.2697530080964068
0.0703125,0.296875,0.2681978315905315
0.078125,0.3046875,0.2666262783252107
0.0859375,0.3125,0.26503844430876133
0.09375,0.3203125,0.26343442654297977
0.1015625,0.328125,0.2618143230172714
0.109375,0.3359375,0.26017823270270884
0.1171875,0.34375,0.25852625554602104
0.125,0.3515625,0.2568584924635123
0.1328125,0.359375,0.2551750453349155
0.140625,0.3671875,0.2534760169971776
0.1484375,0.375,0.251761511238183
0.15625,0.3828125,0.2500316327904113
0.1640625,0.390625,0.24828648732453484
0.171875,0.3984375,0.24652618144295493
0.1796875,0.40625,0.24475082267327788
0.1875,0.4140625,0.2429605194617331
0.1953125,0.421875,0.2411553811665321
0.203125,0.4296875,0.23933551805117123
0.2109375,0.4375,0.2375010412776773
0.21875,0.4453125,0.23565206289979823
0.2265625,0.453125,0.2337886958561378
0.234375,0.4609375,0.23191105396323647
0.2421875,0.46875,0.23001925190859773
0.25,0.4765625,0.2281134052436617
0.2578125,0.484375,0.22619363037672552
0.265625,0.4921875,0.2242600445658121
0.2734375,0.5,0.22231276591148597
0.28125,0.5078125,0.220351913349619
0.2890625,0.515625,0.21837760664410508
0.296875,0.5234375,0.21638996637952473
0.3046875,0.53125,0.21438911395376006
0.3125,0.5390625,0.21237517157056046
0.3203125,0.546875,0.21034826223205996
0.328125,0.5546875,0.20830850973124673
0.3359375,0.5625,0.20625603864438471
0.34375,0.5703125,0.2041909743233887
0.3515625,0.578125,0.20211344288815283
0.359375,0.5859375,0.20002357121883374
0.3671875,0.59375,0.1979214869480879
0.375,0.6015625,0.19580731845326427
0.3828125,0.609375,0.19368119484855348
0.390625,0.6171875,0.19154324597709257
0.3984375,0.625,0.18939360240302708
0.40625,0.6328125,0.18723239540353087
0.4140625,0.640625,0.1850597569607831
0.421875,0.6484375,0.1828758197539045
0.4296875,0.65625,0.1806807171508519
0.4375,0.6640625,0.17847458320027287
0.4453125,0.671875,0.1762575526233198
0.453125,0.6796875,0.17402976080542415
0.4609375,0.6875,0.17179134378803235
0.46875,0.6953125,0.16954243826030188
0.4765625,0.703125,0.1672831815507603
0.484375,0.7109375,0.1650137116189252
0.4921875,0.71875,0.16273416704688753
0.5,0.7265625,0.16044468703085815
0.5078125,0.734375,0.15814541137267732
0.515625,0.7421875,0.15583648047128854
0.5234375,0.75,0.1535180353141768
0.53125,0.7578125,0.15119021746877195
0.5390625,0.765625,0.14885316907381782
0.546875,0.7734375,0.14650703283070687
0.5546875,0.78125,0.14415195199478195
0.5625,0.7890625,0.14178807036660532
0.5703125,0.796875,0.13941553228319534
0.578125,0.8046875,0.13703448260923218
0.5859375,0.8125,0.1346450667282318
0.59375,0.8203125,0.1322474305336913
0.6015625,0.828125,0.12984172042020384
0.609375,0.8359375,0.12742808327454583
0.6171875,0.84375,0.12500666646673633
0.625,0.8515625,0.12257761784106948
0.6328125,0.859375,0.12014108570712201
0.640625,0.8671875,0.11769721883073568
0.6484375,0.875,0.11524616642497622
0.65625,0.8828125,0.11278807814107018
0.6640625,0.890625,0.11032310405932101
0.671875,0.8984375,0.10785139468000554
0.6796875,0.90625,0.10537310091425256
0.6875,0.9140625,0.10288837407490543
0.6953125,0.921875,0.10039736586737023
0.703125,0.9296875,0.09790022838045162
0.7109375,0.9375,0.09539711407717887
0.71875,0.9453125,0.09288817578562364
0.7265625,0.953125,0.09037356668971278
0.734375,0.9609375,0.08785344032003801
0.7421875,0.96875,0.08532795054466495
0.75,0.9765625,0.0827972515599433
0.7578125,0.984375,0.08026149788132021
0.765625,0.9921875,0.0777208443341568
0.7734375,1.0,0.07517544604454682
0.0,0.21875,0.2815936680383822
0.0078125,0.2265625,0.2801728406546416
0.015625,0.234375,0.27873490488995806
0.0234375,0.2421875,0.27727994860265576
0.03125,0.25,0.27580806068912167
0.0390625,0.2578125,0.27431933107830764
0.046875,0.265625,0.2728138507262628
0.0546875,0.2734375,0.27129171161065646
0.0625,0.28125,0.2697530067252631
0.0703125,0.2890625,0.26819783007439285
0.078125,0.296875,0.26662627666725613
0.0859375,0.3046875,0.26503844251225617
0.09375,0.3125,0.26343442461120903
0.1015625,0.3203125,0.2618143209534878
0.109375,0.328125,0.2601782305100941
0.1171875,0.3359375,0.25852625322765616
0.125,0.34375,0.25685849002235694
0.1328125,0.3515625,0.2551750427737931
0.140625,0.359375,0.253476014318766
0.1484375,0.3671875,0.2517615084450078
0.15625,0.375,0.25003162988484323
0.1640625,0.3828125,0.24828648430878905
0.171875,0.390625,0.2465261783190918
0.1796875,0.3984375,0.24475081944320487
0.1875,0.40625,0.24296051612720818
0.1953125,0.4140625,0.2411553777291672
0.203125,0.421875,0.23933551451243643
0.2109375,0.4296875,0.23750103763890545
0.21875,0.4375,0.23565205916218954
0.2265625,0.4453125,0.23378869202076458
0.234375,0.453125,0.231911050031048
0.2421875,0.4609375,0.2300192478804254
0.25,0.46875,0.22811340112022413
0.2578125,0.4765625,0.2261936261586332
0.265625,0.484375,0.22426004025357246
0.2734375,0.4921875,0.2223127615055089
0.28125,0.5,0.22035190885022177
0.2890625,0.5078125,0.2183776020515175
0.296875,0.515625,0.21638996169389405
0.3046875,0.5234375,0.21438910917515666
0.3125,0.53125,0.21237516669898307
0.3203125,0.5390625,0.21034825726744072
0.328125,0.546875,0.20830850467345635
0.3359375,0.5546875,0.20625603349323804
0.34375,0.5625,0.2041909690786496
0.3515625,0.5703125,0.20211343754953945
0.359375,0.578125,0.2000235657860231
0.3671875,0.5859375,0.19792148142072077
0.375,0.59375,0.19580731283094946
0.3828125,0.6015625,0.19368118913087184
0.390625,0.609375,0.19154324016360075
0.3984375,0.6171875,0.18939359649326076
0.40625,0.625,0.18723238939700707
0.4140625,0.6328125,0.18505975085700263
0.421875,0.640625,0.1828758135523531
0.4296875,0.6484375,0.1806807108510013
0.4375,0.65625,0.1784745768015803
0.4453125,0.6640625,0.1762575461252275
0.453125,0.671875,0.17402975420735792
0.4609375,0.6796875,0.1717913370893988
0.46875,0.6875,0.16954243146048503
0.4765625,0.6953125,0.16728317464911785
0.484375,0.703125,0.16501370461478337
0.4921875,0.7109375,0.16273415993953502
0.5,0.71875,0.16044467981953922
0.5078125,0.7265625,0.15814540405658456
0.515625,0.734375,0.1558364730495541
0.5234375,0.7421875,0.15351802778586318
0.53125,0.75,0.15119020983286158
0.5390625,0.7578125,0.14885316132920204
0.546875,0.765625,0.14650702497617396
0.5546875,0.7734375,0.14415194402900403
0.5625,0.78125,0.14178806228812443
0.5703125,0.7890625,0.1394155240904085
0.578125,0.796875,0.13703447430037508
0.5859375,0.8046875,0.13464505830136186
0.59375,0.8125,0.13224742198666867
0.6015625,0.8203125,0.12984171175067158
0.609375,0.828125,0.12742807447990795
0.6171875,0.8359375,0.12500665754413454
0.625,0.84375,0.12257760878735777
0.6328125,0.8515625,0.12014107651883894
0.640625,0.859375,0.11769720950407414
0.6484375,0.8671875,0.11524615695575069
0.65625,0.875,0.11278806852468092
0.6640625,0.8828125,0.1103230942907145
0.671875,0.890625,0.10785138475363151
0.6796875,0.8984375,0.10537309082401702
0.6875,0.90625,0.10288836381411891
0.6953125,0.9140625,0.1003973554286915
0.703125,0.921875,0.0979002177558264
0.7109375,0.9296875,0.09539710325777306
0.71875,0.9375,0.09288816476175195
0.7265625,0.9453125,0.09037355545076163
0.734375,0.953125,0.08785342885438478
0.7421875,0.9609375,0.08532793883959361
0.75,0.96875,0.08279723960155919
0.7578125,0.9765625,0.08026148565446611
0.765625,0.984375,0.07772083182233516
0.7734375,0.9921875,0.075175433229854
0.78125,1.0,0.07262544529321491
0.0,0.2109375,0.2815936678945644
0.0078125,0.21875,0.2801728403597465
0.015625,0.2265625,0.27873490444022697
0.0234375,0.234375,0.27727994799608774
0.03125,0.2421875,0.275808059925186
0.0390625,0.25,0.2743193301576586
0.046875,0.2578125,0.2728138496504775
0.0546875,0.265625,0.27129171038200633
0.0625,0.2734375,0.2697530053465203
0.0703125,0.28125,0.26819782854867136
0.078125,0.2890625,0.2666262749978853
0.0859375,0.296875,0.26503844070267907
0.09375,0.3046875,0.26343442266490424
0.1015625,0.3125,0.26181431887390977
0.109375,0.3203125,0.26017822830062837
0.1171875,0.328125,0.2585262508915858
0.125,0.3359375,0.25685848756283924
0.1328125,0.34375,0.25517504019384274
0.140625,0.3515625,0.25347601162124483
0.1484375,0.359375,0.2517615056326181
0.15625,0.3671875,0.2500316269601249
0.1640625,0.375,0.2482864812741187
0.171875,0.3828125,0.24652617517668396
0.1796875,0.390625,0.2447508161951151
0.1875,0.3984375,0.24296051277533554
0.1953125,0.40625,0.2411553742752594
0.203125,0.4140625,0.23933551095809394
0.2109375,0.421875,0.23750103398558642
0.21875,0.4296875,0.23565205541121498
0.2265625,0.4375,0.23378868817332346
0.234375,0.4453125,0.23191104608820276
0.2421875,0.453125,0.23001924384311703
0.25,0.4609375,0.22811339698927713
0.2578125,0.46875,0.22619362193476114
0.265625,0.4765625,0.22426003593738333
0.2734375,0.484375,0.22231275709750992
0.28125,0.4921875,0.22035190435082466
0.2890625,0.5,0.21837759746104382
0.296875,0.5078125,0.21638995701258065
0.3046875,0.515625,0.21438910440316017
0.3125,0.5234375,0.21237516183638544
0.3203125,0.53125,0.21034825231425458
0.328125,0.5390625,0.20830849962963027
0.3359375,0.546875,0.20625602835866114
0.34375,0.5546875,0.20419096385315688
0.3515625,0.5625,0.20211343223291678
0.359375,0.5703125,0.20002356037801183
0.3671875,0.578125,0.1979214759210225
0.375,0.5859375,0.1958073072392302
0.3828125,0.59375,0.1936811834467662
0.390625,0.6015625,0.1915432343867155
0.3984375,0.609375,0.18939359062317818
0.40625,0.6171875,0.18723238343328763
0.4140625,0.625,0.18505974479918735
0.421875,0.6328125,0.18287580739996506
0.4296875,0.640625,0.18068070460354668
0.4375,0.6484375,0.17847457045854884
0.4453125,0.65625,0.1762575396860919
0.453125,0.6640625,0.17402974767157278
0.4609375,0.671875,0.17179133045639863
0.46875,0.6796875,0.16954242472968178
0.4765625,0.6875,0.16728316781989663
0.484375,0.6953125,0.16501369768649893
0.4921875,0.703125,0.16273415291150584
0.5,0.7109375,0.16044467269104165
0.5078125,0.71875,0.15814539682684567
0.515625,0.7265625,0.15583646571774415
0.5234375,0.734375,0.15351802035108691
0.53125,0.7421875,0.1511902022941487
0.5390625,0.75,0.14885315368549656
0.546875,0.7578125,0.14650701722632334
0.5546875,0.765625,0.14415193617174674
0.5625,0.7734375,0.1417880543220768
0.5703125,0.78125,0.1394155160140503
0.578125,0.7890625,0.13703446611203457
0.5859375,0.796875,0.134645049999199
0.59375,0.8046875,0.13224741356865738
0.6015625,0.8125,0.12984170321458036
0.609375,0.8203125,0.1274280658232795
0.6171875,0.828125,0.12500664876426246
0.625,0.8359375,0.12257759988126249
0.6328125,0.84375,0.12014106748324072
0.640625,0.8515625,0.11769720033536396
0.6484375,0.859375,0.11524614764995805
0.65625,0.8671875,0.11278805907743879
0.6640625,0.875,0.11032308469722081
0.671875,0.8828125,0.10785137500860653
0.6796875,0.890625,0.10537308092165672
0.6875,0.8984375,0.10288835374804346
0.6953125,0.90625,0.10039734519188874
0.703125,0.9140625,0.09790020734058956
0.7109375,0.921875,0.0953970926556328
0.71875,0.9296875,0.09288815396340176
0.7265625,0.9375,0.09037354444597763
0.734375,0.9453125,0.0878534176319386
0.7421875,0.953125,0.0853279273871606
0.75,0.9609375,0.08279722790562172
0.7578125,0.96875,0.08026147370021526
0.765625,0.9765625,0.07772081959357337
0.7734375,0.984375,0.07517542070890389
0.78125,0.9921875,0.07262543246084198
0.7890625,1.0,0.07007101054631401
0.0,0.203125,0.2815936677539706
0.0078125,0.2109375,0.28017284006959015
0.015625,0.21875,0.27873490399529155
0.0234375,0.2265625,0.27727994739333767
0.03125,0.234375,0.2758080591633999
0.0390625,0.2421875,0.27431932923706925
0.046875,0.25,0.2728138485724445
0.0546875,0.2578125,0.2712917091487332
0.0625,0.265625,0.2697530039608188
0.0703125,0.2734375,0.2681978270137702
0.078125,0.28125,0.2666262733172765
0.0859375,0.2890625,0.2650384388800001
0.09375,0.296875,0.2634344207038451
0.1015625,0.3046875,0.2618143167781448
0.109375,0.3125,0.26017822607376323
0.1171875,0.3203125,0.25852624853712164
0.125,0.328125,0.2568584850841448
0.1328125,0.3359375,0.2551750375941369
0.140625,0.34375,0.2534760089035846
0.1484375,0.3515625,0.25176150279989223
0.15625,0.359375,0.2500316240150505
0.1640625,0.3671875,0.24828647821924132
0.171875,0.375,0.24652617201437876
0.1796875,0.3828125,0.24475081292759013
0.1875,0.390625,0.24296050940463587
0.1953125,0.3984375,0.24115537080327176
0.203125,0.40625,0.23933550738655174
0.2109375,0.4140625,0.23750103031607564
0.21875,0.421875,0.23565205164517936
0.2265625,0.4296875,0.23378868431207042
0.234375,0.4375,0.23191104213290864
0.2421875,0.4453125,0.230019239794833
0.25,0.453125,0.22811339284893464
0.2578125,0.4609375,0.22619361770317764
0.265625,0.46875,0.224260031615267
0.2734375,0.4765625,0.22231275268546552
0.28125,0.484375,0.2203518998493589
0.2890625,0.4921875,0.21837759287057035
0.296875,0.5,0.2163899523334252
0.3046875,0.5078125,0.2143890996355662
0.3125,0.515625,0.21237515698051868
0.3203125,0.5234375,0.21034824737020863
0.328125,0.53125,0.20830849459743137
0.3359375,0.5390625,0.20625602323827358
0.34375,0.546875,0.20419095864448755
0.3515625,0.5546875,0.2021134269358203
0.359375,0.5625,0.20002355499229493
0.3671875,0.5703125,0.19792147044644884
0.375,0.578125,0.19580730167552457
0.3828125,0.5859375,0.19368117779361854
0.390625,0.59375,0.19154322864378448
0.3984375,0.6015625,0.1893935847900947
0.40625,0.609375,0.18723237750965763
0.4140625,0.6171875,0.18505973878459422
0.421875,0.625,0.18287580129397144
0.4296875,0.6328125,0.18068069840569573
0.4375,0.640625,0.17847456416836488
0.4453125,0.6484375,0.17625753330308055
0.453125,0.65625,0.17402974119521972
0.4609375,0.6640625,0.17179132388616863
0.46875,0.671875,0.16954241806501624
0.4765625,0.6796875,0.16728316106021063
0.484375,0.6875,0.16501369083117684
0.4921875,0.6953125,0.16273414595989757
0.5,0.703125,0.16044466564245674
0.5078125,0.7109375,0.15814538968054692
0.515625,0.71875,0.1558364584729405
0.5234375,0.7265625,0.15351801300692575
0.53125,0.734375,0.1511901948497069
0.5390625,0.7421875,0.14885314613977096
0.546875,0.75,0.1465070095782199
0.5546875,0.7578125,0.14415192842006952
0.5625,0.765625,0.14178804646551527
0.5703125,0.7734375,0.13941550805116615
0.578125,0.78125,0.13703445804124673
0.5859375,0.7890625,0.13464504181876844
0.59375,0.796875,0.13224740527667003
0.6015625,0.8046875,0.12984169480892876
0.609375,0.8125,0.12742805730164242
0.6171875,0.8203125,0.12500664012408402
0.625,0.828125,0.12257759111972794
0.6328125,0.8359375,0.12014105859725097
0.640625,0.84375,0.11769719132150697
0.6484375,0.8515625,0.11524613850447828
0.65625,0.859375,0.11278804979620269
0.6640625,0.8671875,0.11032307527567946
0.671875,0.875,0.10785136544175404
0.6796875,0.8828125,0.10537307120398416
0.6875,0.890625,0.10288834387348819
0.6953125,0.8984375,0.10039733515377815
0.703125,0.90625,0.09790019713157856
0.7109375,0.9140625,0.09539708226763545
0.71875,0.921875,0.09288814338751523
0.7265625,0.9296875,0.09037353367239913
0.734375,0.9375,0.08785340664987457
0.7421875,0.9453125,0.08532791618472838
0.75,0.953125,0.08279721646974444
0.7578125,0.9609375,0.080261462016511
0.765625,0.96875,0.07772080764624105
0.7734375,0.9765625,0.07517540848060991
0.78125,0.984375,0.07262541993261303
0.7890625,0.9921875,0.07007099769744538
0.796875,1.0,0.06751229774340087
0.0,0.1953125,0.28159366761765503
0.0078125,0.203125,0.28017283978586266
0.015625,0.2109375,0.2787349035571242
0.0234375,0.21875,0.2772799467964168
0.03125,0.2265625,0.27580805840565625
0.0390625,0.234375,0.2743193283182189
0.046875,0.2421875,0.2728138474935787
0.0546875,0.25,0.2712917079119672
0.0625,0.2578125,0.26975300256900314
0.0703125,0.265625,0.2681978254702583
0.078125,0.2734375,0.2666262716257418
0.0859375,0.28125,0.26503843704429497
0.09375,0.2890625,0.26343441872789364
0.1015625,0.296875,0.26181431466586175
0.109375,0.3046875,0.2601782238289965
0.1171875,0.3125,0.25852624616360803
0.125,0.3203125,0.2568584825854818
0.1328125,0.328125,0.255175034973762
0.140625,0.3359375,0.2534760061647632
0.1484375,0.34375,0.2517614999457107
0.15625,0.3515625,0.25003162104841303
0.1640625,0.359375,0.24828647514287
0.171875,0.3671875,0.24652616883081632
0.1796875,0.375,0.24475080963920337
0.1875,0.3828125,0.24296050601362026
0.1953125,0.390625,0.24115536731165702
0.203125,0.3984375,0.23933550379620813
0.2109375,0.40625,0.23750102662871914
0.21875,0.4140625,0.23565204786237862
0.2265625,0.421875,0.2337886804352526
0.234375,0.4296875,0.23191103816336572
0.2421875,0.4375,0.23001923573372743
0.25,0.4453125,0.22811338869730535
0.2578125,0.453125,0.2261936134619459
0.265625,0.4609375,0.22426002728524236
0.2734375,0.46875,0.22231274826735023
0.28125,0.4765625,0.22035189534375468
0.2890625,0.484375,0.21837758827798293
0.296875,0.4921875,0.21638994765426986
0.3046875,0.5,0.2143890948701729
0.3125,0.5078125,0.21237515212913732
0.3203125,0.515625,0.2103482424330139
0.328125,0.5234375,0.20830848957452797
0.3359375,0.53125,0.20625601812970118
0.34375,0.5390625,0.2041909534502257
0.3515625,0.546875,0.2021134216557928
0.359375,0.5546875,0.2000235496263753
0.3671875,0.5625,0.1979214649944638
0.375,0.5703125,0.195807296137259
0.3828125,0.578125,0.19368117216881894
0.390625,0.5859375,0.19154322293216336
0.3984375,0.59375,0.18939357899133333
0.40625,0.6015625,0.1872323716234093
0.4140625,0.609375,0.1850597328104864
0.421875,0.6171875,0.18287579523160874
0.4296875,0.625,0.18068069225466024
0.4375,0.6328125,0.17847455792821784
0.4453125,0.640625,0.17625752697336222
0.453125,0.6484375,0.1740297347754494
0.4609375,0.65625,0.17179131737584313
0.46875,0.6640625,0.16954241146360843
0.4765625,0.671875,0.16728315436716684
0.484375,0.6796875,0.16501368404591338
0.4921875,0.6875,0.16273413908179696
0.5,0.6953125,0.1604446586708627
0.5078125,0.703125,0.1581453826147586
0.515625,0.7109375,0.15583645131220644
0.5234375,0.71875,0.1535180057504363
0.53125,0.7265625,0.15119018749658625
0.5390625,0.734375,0.14885313868906813
0.546875,0.7421875,0.14650700202889919
0.5546875,0.75,0.14415192077099956
0.5625,0.7578125,0.1417880387154575
0.5703125,0.765625,0.1394155001987624
0.578125,0.7734375,0.13703445008500545
0.5859375,0.78125,0.13464503375704961
0.59375,0.7890625,0.13224739710766942
0.6015625,0.796875,0.12984168653066028
0.609375,0.8046875,0.12742804891191947
0.6171875,0.8125,0.1250066316204984
0.625,0.8203125,0.12257758249962761
0.6328125,0.828125,0.12014104985771511
0.640625,0.8359375,0.11769718245931919
0.6484375,0.84375,0.1152461295160964
0.65625,0.8515625,0.11278804067772613
0.6640625,0.859375,0.11032306602281261
0.671875,0.8671875,0.10785135604976609
0.6796875,0.875,0.10537306166766429
0.6875,0.8828125,0.1028883341870958
0.6953125,0.890625,0.10039732531098738
0.703125,0.8984375,0.09790018712541698
0.7109375,0.90625,0.0953970720904151
0.71875,0.9140625,0.09288813303075666
0.7265625,0.921875,0.09037352312674683
0.734375,0.9296875,0.08785339590500388
0.7421875,0.9375,0.08532790522924263
0.75,0.9453125,0.08279720529106342
0.7578125,0.953125,0.08026145060075045
0.765625,0.9609375,0.07772079597808491
0.7734375,0.96875,0.07517539654317763
0.78125,0.9765625,0.07262540770732649
0.7890625,0.984375,0.07007098516390264
0.796875,0.9921875,0.0675122848792666
0.8046875,1.0,0.06494946308371417
0.0,0.1875,0.2815936674869368
0.0078125,0.1953125,0.2801728395106708
0.015625,0.203125,0.2787349031281738
0.0234375,0.2109375,0.2772799462078161
0.03125,0.21875,0.275808057654296
0.0390625,0.2265625,0.2743193274031871
0.046875,0.234375,0.272813846415641
0.0546875,0.2421875,0.27129170667313024
0.0625,0.25,0.26975300117215845
0.0703125,0.2578125,0.2681978239189005
0.078125,0.265625,0.2666262699237493
0.0859375,0.2734375,0.2650384351957623
0.09375,0.28125,0.2634344167370061
0.1015625,0.2890625,0.2618143125368023
0.109375,0.296875,0.2601782215658781
0.1171875,0.3046875,0.25852624377042677
0.125,0.3125,0.2568584800660831
0.1328125,0.3203125,0.2551750323318199
0.140625,0.328125,0.2534760034037663
0.1484375,0.3359375,0.25176149706895573
0.15625,0.34375,0.25003161805900226
0.1640625,0.3515625,0.24828647204371207
0.171875,0.359375,0.24652616562462895
0.1796875,0.3671875,0.2447508063285184
0.1875,0.375,0.24296050260078933
0.1953125,0.3828125,0.24115536379885744
0.203125,0.390625,0.23933550018544988
0.2109375,0.3984375,0.23750102292185196
0.21875,0.40625,0.23565204406109821
0.2265625,0.4140625,0.2337886765411079
0.234375,0.421875,0.23191103417776524
0.2421875,0.4296875,0.2300192316579461
0.25,0.4375,0.22811338453249058
0.2578125,0.4453125,0.22619360920912365
0.265625,0.453125,0.22426002294532296
0.2734375,0.4609375,0.22231274384113472
0.28125,0.46875,0.22035189083193962
0.2890625,0.4765625,0.21837758368116636
0.296875,0.484375,0.21638994297295666
0.3046875,0.4921875,0.21438909010477974
0.3125,0.5,0.21237514727999812
0.3203125,0.5078125,0.21034823750038495
0.328125,0.515625,0.20830848455859263
0.3359375,0.5234375,0.206256013030575
0.34375,0.53125,0.20419094826796114
0.3515625,0.5390625,0.20211341639038422
0.359375,0.546875,0.200023544277763
0.3671875,0.5546875,0.19792145956253895
0.375,0.5625,0.19580729062186747
0.3828125,0.5703125,0.19368116656976572
0.390625,0.578125,0.19154321724921564
0.3984375,0.5859375,0.18939357322422443
0.40625,0.59375,0.1872323657718414
0.4140625,0.6015625,0.18505972687413375
0.421875,0.609375,0.1828757892101188
0.4296875,0.6171875,0.18068068614765648
0.4375,0.625,0.17847455173530014
0.4453125,0.6328125,0.17625752069410777
0.453125,0.640625,0.1740297284094127
0.4609375,0.6484375,0.17179131092255512
0.46875,0.65625,0.16954240492257514
0.4765625,0.6640625,0.16728314773786748
0.484375,0.671875,0.16501367732779773
0.4921875,0.6796875,0.16273413227428132
0.5,0.6875,0.16044465177332606
0.5078125,0.6953125,0.1581453756265377
0.515625,0.703125,0.15583644423258952
0.5234375,0.7109375,0.1535179985786569
0.53125,0.71875,0.15119018023181582
0.5390625,0.7265625,0.14885313133040784
0.546875,0.734375,0.1465069945753706
0.5546875,0.7421875,0.1441519132215351
0.5625,0.75,0.1417880310688895
0.5703125,0.7578125,0.13941549245381124
0.578125,0.765625,0.1370344422402668
0.5859375,0.7734375,0.13464502581098067
0.59375,0.78125,0.13224738905857336
0.6015625,0.7890625,0.12984167837667018
0.609375,0.796875,0.12742804065098004
0.6171875,0.8046875,0.12500662325034664
0.625,0.8125,0.12257757401777124
0.6328125,0.8203125,0.12014104126140895
0.640625,0.828125,0.11769717374553958
0.6484375,0.8359375,0.11524612068151231
0.65625,0.84375,0.1127880317186678
0.6640625,0.8515625,0.11032305693523659
0.671875,0.859375,0.10785134682921634
0.6796875,0.8671875,0.10537305230922882
0.6875,0.875,0.10288832468535841
0.6953125,0.8828125,0.10039731565997367
0.703125,0.890625,0.09790017731853398
0.7109375,0.8984375,0.09539706212038358
0.71875,0.90625,0.09288812288953564
0.7265625,0.9140625,0.09037351280544884
0.734375,0.921875,0.08785338539380075
0.7421875,0.9296875,0.0853278945172605
0.75,0.9375,0.08279719436626655
0.7578125,0.9453125,0.08026143944981405
0.765625,0.953125,0.07772078458625654
0.7734375,0.9609375,0.07517538489412921
0.78125,0.96875,0.07262539578299954
0.7890625,0.9765625,0.07007097294435145
0.796875,0.984375,0.06751227234250819
0.8046875,0.9921875,0.06494945020559706
0.8125,1.0,0.06238266301655494
0.0,0.1796875,0.28159366736347363
0.0078125,0.1875,0.2801728392466493
0.015625,0.1953125,0.2787349027114882
0.0234375,0.203125,0.27727994563062164
0.03125,0.2109375,0.27580805691221194
0.0390625,0.21875,0.2743193264945408
0.046875,0.2265625,0.27281384534080977
0.0546875,0.234375,0.27129170543399267
0.0625,0.2421875,0.2697529997716555
0.0703125,0.25,0.2681978223606916
0.078125,0.2578125,0.2666262682119494
0.0859375,0.265625,0.2650384333347427
0.09375,0.2734375,0.2634344147312479
0.1015625,0.28125,0.2618143103907888
0.109375,0.2890625,0.26017821928401813
0.1171875,0.296875,0.2585262413570015
0.125,0.3046875,0.25685847752520996
0.1328125,0.3125,0.2551750296674293
0.140625,0.3203125,0.2534760006195878
0.1484375,0.328125,0.2517614941685116
0.15625,0.3359375,0.25003161504560545
0.1640625,0.34375,0.2482864689204679
0.171875,0.3515625,0.24652616239443959
0.1796875,0.359375,0.24475080299408805
0.1875,0.3671875,0.24296049916463164
0.1953125,0.375,0.24115536026330237
0.203125,0.3828125,0.23933549655265163
0.2109375,0.390625,0.23750101919379668
0.21875,0.3984375,0.23565204023961148
0.2265625,0.40625,0.2337886726278625
0.234375,0.4140625,0.2319110301742881
0.2421875,0.421875,0.2300192275656257
0.25,0.4296875,0.22811338035258352
0.2578125,0.4375,0.22619360494276117
0.265625,0.4453125,0.22426001859351732
0.2734375,0.453125,0.22231273940478516
0.28125,0.4609375,0.220351886311838
0.2890625,0.46875,0.2183775790780032
0.296875,0.4765625,0.2163899382873264
0.3046875,0.484375,0.21438908533718593
0.3125,0.4921875,0.21237514243085898
0.3203125,0.5,0.2103482325700382
0.328125,0.5078125,0.20830847954730078
0.3359375,0.515625,0.20625600793852975
0.34375,0.5234375,0.20419094309528857
0.3515625,0.53125,0.20211341113714937
0.359375,0.5390625,0.2000235389439742
0.3671875,0.546875,0.1979214541481524
0.375,0.5546875,0.19580728512679113
0.3828125,0.5625,0.19368116099386376
0.390625,0.5703125,0.19154321159231166
0.3984375,0.578125,0.1893935674861052
0.40625,0.5859375,0.18723235995225979
0.4140625,0.59375,0.1850597209728114
0.421875,0.6015625,0.18287578322674883
0.4296875,0.609375,0.180680680081905
0.4375,0.6171875,0.1784745455868077
0.4453125,0.625,0.1762575144624902
0.453125,0.6328125,0.17402972209426143
0.4609375,0.640625,0.1717913045234369
0.46875,0.6484375,0.16954239843903104
0.4765625,0.65625,0.16728314116941118
0.484375,0.6640625,0.16501367067391343
0.4921875,0.671875,0.16273412553442057
0.5,0.6796875,0.16044464494690414
0.5078125,0.6875,0.15814536871292914
0.515625,0.6953125,0.15583643723112325
0.5234375,0.703125,0.15351799148860992
0.53125,0.7109375,0.15119017305240665
0.5390625,0.71875,0.1488531240607891
0.546875,0.7265625,0.14650698721462074
0.5546875,0.734375,0.14415190576864922
0.5625,0.7421875,0.14178802352276923
0.5703125,0.75,0.13941548481325397
0.578125,0.7578125,0.13703443450395364
0.5859375,0.765625,0.1346450179774633
0.59375,0.7734375,0.13224738112626008
0.6015625,0.78125,0.12984167034380997
0.609375,0.7890625,0.12742803251564636
0.6171875,0.796875,0.12500661501041815
0.625,0.8046875,0.12257756567091205
0.6328125,0.8125,0.12014103280504612
0.640625,0.8203125,0.11769716517683859
0.6484375,0.828125,0.11524611199735005
0.65625,0.8359375,0.11278802291560235
0.6640625,0.84375,0.11032304800947382
0.671875,0.8515625,0.10785133777657294
0.6796875,0.859375,0.1053730431250905
0.6875,0.8671875,0.10288831536463348
0.6953125,0.875,0.10039730619704079
0.703125,0.8828125,0.09790016770718366
0.7109375,0.890625,0.09539705235375215
0.71875,0.8984375,0.09288811296003094
0.7265625,0.90625,0.09037350270466676
0.734375,0.9140625,0.08785337511243108
0.7421875,0.921875,0.08532788404498141
0.75,0.9296875,0.08279718369162639
0.7578125,0.9375,0.08026142856009945
0.765625,0.9453125,0.07772077346734674
0.7734375,0.953125,0.07517537353033649
0.78125,0.9609375,0.07262538415689705
0.7890625,0.96875,0.07007096103659152
0.796875,0.9765625,0.0675122601316372
0.8046875,0.984375,0.06494943766787542
0.8125,0.9921875,0.062382650125799285
0.8203125,1.0,0.059812054231634756
0.0,0.171875,0.28159366724935886
0.0078125,0.1796875,0.2801728389971065
0.015625,0.1875,0.27873490231087084
0.0234375,0.1953125,0.27727994506866416
0.03125,0.203125,0.2758080561829782
0.0390625,0.2109375,0.27431932559544453
0.046875,0.21875,0.27281384427176936
0.0546875,0.2265625,0.2712917041967437
0.0625,0.234375,0.2697529983692048
0.0703125,0.2421875,0.268197820796898
0.078125,0.25,0.2666262664912058
0.0859375,0.2578125,0.26503843146174183
0.09375,0.265625,0.2634344127108096
0.1015625,0.2734375,0.2618143082277373
0.109375,0.28125,0.26017821698309385
0.1171875,0.2890625,0.2585262389228032
0.125,0.296875,0.2568584749621546
0.1328125,0.3046875,0.25517502697972766
0.140625,0.3125,0.2534759978112309
0.1484375,0.3203125,0.2517614912432642
0.15625,0.328125,0.2500316120070057
0.1640625,0.3359375,0.24828646577183033
0.171875,0.34375,0.2465261591388603
0.1796875,0.3515625,0.24475079963445248
0.1875,0.359375,0.2429604957036221
0.1953125,0.3671875,0.24115535670340724
0.203125,0.375,0.23933549289617354
0.2109375,0.3828125,0.23750101544286192
0.21875,0.390625,0.23565203639617843
0.2265625,0.3984375,0.2337886686937299
0.234375,0.40625,0.23191102615110332
0.2421875,0.4140625,0.23001922345489187
0.25,0.421875,0.2281133761556676
0.2578125,0.4296875,0.2261936006609005
0.265625,0.4375,0.2242600142278261
0.2734375,0.4453125,0.2223127349562614
0.28125,0.453125,0.2203518817813692
0.2890625,0.4609375,0.21837757446637235
0.296875,0.46875,0.21638993359521752
0.3046875,0.4765625,0.2143890805651897
0.3125,0.484375,0.21237513757947782
0.3203125,0.4921875,0.21034822763969166
0.328125,0.5,0.20830847453833018
0.3359375,0.5078125,0.20625600285120355
0.34375,0.515625,0.20419093792980672
0.3515625,0.5234375,0.20211340589364807
0.359375,0.53125,0.20002353362253034
0.3671875,0.5390625,0.19792144874878786
0.375,0.546875,0.19580727964947728
0.3828125,0.5546875,0.19368115543852465
0.390625,0.5625,0.1915432059588284
0.3984375,0.5703125,0.18939356177431918
0.40625,0.578125,0.187232354161976
0.4140625,0.5859375,0.1850597151038009
0.421875,0.59375,0.1828757772787512
0.4296875,0.6015625,0.18068067405463092
0.4375,0.609375,0.17847453947993996
0.4453125,0.6171875,0.1762575082756851
0.453125,0.625,0.17402971582714896
0.4609375,0.6328125,0.17179129817562122
0.46875,0.640625,0.16954239201008958
0.4765625,0.6484375,0.16728313465889375
0.484375,0.65625,0.16501366408133963
0.4921875,0.6640625,0.16273411885927838
0.5,0.671875,0.16044463818864604
0.5078125,0.6796875,0.15814536187096856
0.515625,0.6875,0.15583643030482966
0.5234375,0.6953125,0.1535179844773039
0.53125,0.703125,0.15119016595535376
0.5390625,0.7109375,0.14885311687719321
0.546875,0.71875,0.1465069799436162
0.5546875,0.7265625,0.14415189840929257
0.5625,0.734375,0.14178801607403022
0.5703125,0.7421875,0.13941547727400505
0.578125,0.75,0.13703442687295905
0.5859375,0.7578125,0.1346450102533671
0.59375,0.765625,0.13224737330757244
0.6015625,0.7734375,0.12984166242889336
0.609375,0.78125,0.12742802450269883
0.6171875,0.7890625,0.12500660689745682
0.625,0.796875,0.12257755745575337
0.6328125,0.8046875,0.1201410244852854
0.640625,0.8125,0.11769715674982636
0.6484375,0.8203125,0.11524610346016678
0.65625,0.828125,0.11278801426502988
0.6640625,0.8359375,0.1103230392419637
0.671875,0.84375,0.10785132888821078
0.6796875,0.8515625,0.10537303411155687
0.6875,0.859375,0.1028883062211591
0.6953125,0.8671875,0.10039729691835664
0.703125,0.875,0.09790015828746446
0.7109375,0.8828125,0.09539704278655285
0.71875,0.890625,0.0928881032382144
0.7265625,0.8984375,0.0903734928203224
0.734375,0.90625,0.08785336505678185
0.7421875,0.9140625,0.08532787380827977
0.75,0.921875,0.08279717326303544
0.7578125,0.9296875,0.08026141792755948
0.765625,0.9375,0.07772076261742528
0.7734375,0.9453125,0.07517536244806117
0.78125,0.953125,0.07262537282557081
0.7890625,0.9609375,0.0700709494375918
0.796875,0.96875,0.06751224824420135
0.8046875,0.9765625,0.06494942546888086
0.8125,0.984375,0.062382637589546854
0.8203125,0.9921875,0.059812041329656826
0.828125,1.0,0.057237793649388094
0.0,0.1640625,0.2815936671472531
0.0078125,0.171875,0.2801728387662189
0.015625,0.1796875,0.2787349019310875
0.0234375,0.1875,0.27727994452671
0.03125,0.1953125,0.2758080554710169
0.0390625,0.203125,0.2743193247097945
0.046875,0.2109375,0.27281384321181873
0.0546875,0.21875,0.2712917029640756
0.0625,0.2265625,0.2697529969669214
0.0703125,0.234375,0.26819781922910507
0.078125,0.2421875,0.26662626476263124
0.0859375,0.25,0.26503842957745616
0.09375,0.2578125,0.26343441067602597
0.1015625,0.265625,0.26181430604766925
0.109375,0.2734375,0.2601782146628589
0.1171875,0.28125,0.25852623646735534
0.125,0.2890625,0.25685847237624343
0.1328125,0.296875,0.2551750242678724
0.140625,0.3046875,0.25347599497770773
0.1484375,0.3125,0.25176148829210043
0.15625,0.3203125,0.25003160894198134
0.1640625,0.328125,0.24828646259648252
0.171875,0.3359375,0.24652615585649124
0.1796875,0.34375,0.24475079624813742
0.1875,0.3515625,0.2429604922162201
0.1953125,0.359375,0.24115535311757083
0.203125,0.3671875,0.23933548921435935
0.2109375,0.375,0.23750101166734036
0.21875,0.3828125,0.23565203252904382
0.2265625,0.390625,0.2337886647369094
0.234375,0.3984375,0.23191102210636644
0.2421875,0.40625,0.23001921932385813
0.25,0.4140625,0.22811337193981512
0.2578125,0.421875,0.22619359636157327
0.265625,0.4296875,0.2242600098462414
0.2734375,0.4375,0.22231273049351616
0.28125,0.4453125,0.22035187723844654
0.2890625,0.453125,0.21837756984414783
0.296875,0.4609375,0.21638992889446515
0.3046875,0.46875,0.2143890757865869
0.3125,0.4765625,0.21237513272361142
0.3203125,0.484375,0.21034822270706283
0.328125,0.4921875,0.2083084695293597
0.3359375,0.5,0.20625599776623635
0.34375,0.5078125,0.20419093276911707
0.3515625,0.515625,0.20211340065744365
0.359375,0.5234375,0.20002352831095718
0.3671875,0.53125,0.19792144336193432
0.375,0.5390625,0.19580727418737826
0.3828125,0.546875,0.19368114990116547
0.390625,0.5546875,0.19154320034614872
0.3984375,0.5625,0.18939355608621605
0.40625,0.5703125,0.18723234839830746
0.4140625,0.578125,0.18505970926438875
0.421875,0.5859375,0.1828757713633834
0.4296875,0.59375,0.18068066806306388
0.4375,0.6015625,0.17847453341190037
0.4453125,0.609375,0.17625750213087088
0.453125,0.6171875,0.1740297096052306
0.4609375,0.625,0.1717912918762415
0.46875,0.6328125,0.1695423856328638
0.4765625,0.640625,0.16728312820340854
0.484375,0.6484375,0.16501365754715225
0.4921875,0.65625,0.16273411224591378
0.5,0.6640625,0.16044463149559468
0.5078125,0.671875,0.15814535509768307
0.515625,0.6796875,0.15583642345072077
0.5234375,0.6875,0.1535179775417359
0.53125,0.6953125,0.15119015893763904
0.5390625,0.703125,0.14885310977658606
0.546875,0.7109375,0.1465069727593063
0.5546875,0.71875,0.1441518911403967
0.5625,0.7265625,0.14178800871958458
0.5703125,0.734375,0.13941546983295539
0.578125,0.7421875,0.13703441934415067
0.5859375,0.75,0.13464500263553345
0.59375,0.7578125,0.13224736559932312
0.6015625,0.765625,0.1298416546287002
0.609375,0.7734375,0.12742801660888176
0.6171875,0.78125,0.12500659890816673
0.625,0.7890625,0.12257754936895518
0.6328125,0.796875,0.12014101629873787
0.640625,0.8046875,0.1176971484610605
0.6484375,0.8125,0.11524609506646172
0.65625,0.8203125,0.11278800576338609
0.6640625,0.828125,0.11032303062907316
0.671875,0.8359375,0.10785132016042369
0.6796875,0.84375,0.10537302526484375
0.6875,0.8515625,0.10288829725106916
0.6953125,0.859375,0.10039728781996997
0.703125,0.8671875,0.0979001490553381
0.7109375,0.875,0.09539703341466003
0.71875,0.8828125,0.09288809371987514
0.7265625,0.890625,0.09037348314812445
0.734375,0.8984375,0.08785335522249138
0.7421875,0.90625,0.08532786380273824
0.75,0.9140625,0.08279716307604323
0.7578125,0.921875,0.08026140754774279
0.765625,0.9296875,0.0777207520320849
0.7734375,0.9375,0.07517535164300145
0.78125,0.9453125,0.07262536178490718
0.7890625,0.953125,0.07007093814353624
0.796875,0.9609375,0.06751223667682683
0.8046875,0.96875,0.06494941360586748
0.8125,0.9765625,0.06238262540591786
0.8203125,0.984375,0.05981202879751719
0.828125,0.9921875,0.05723778073768912
0.8359375,1.0,0.0546600384112453
0.0,0.15625,0.2815936670605611
0.0078125,0.1640625,0.2801728385592902
0.015625,0.171875,0.27873490157813774
0.0234375,0.1796875,0.27727994401071004
0.03125,0.1875,0.2758080547818083
0.0390625,0.1953125,0.27431932384239277
0.046875,0.203125,0.27281384216500537
0.0546875,0.2109375,0.2712917017392875
0.0625,0.21875,0.2697529955674025
0.0703125,0.2265625,0.26819781765927597
0.078125,0.234375,0.266626263027629
0.0859375,0.2421875,0.265038427682803
0.09375,0.25,0.26343440862739625
0.1015625,0.2578125,0.261814303850728
0.109375,0.265625,0.2601782123231525
0.1171875,0.2734375,0.25852623399024
0.125,0.28125,0.25685846976684035
0.1328125,0.2890625,0.25517502153104266
0.140625,0.296875,0.2534759921180398
0.1484375,0.3046875,0.25176148531390746
0.15625,0.3125,0.2500316058493042
0.1640625,0.3203125,0.248286459393097
0.171875,0.328125,0.24652615254591748
0.1796875,0.3359375,0.2447507928336521
0.1875,0.34375,0.24296048870086703
0.1953125,0.3515625,0.24115534950417414
0.203125,0.359375,0.23933548550553463
0.2109375,0.3671875,0.2375010078655068
0.21875,0.375,0.235652028636435
0.2265625,0.3828125,0.23378866075558388
0.234375,0.390625,0.23191101803821756
0.2421875,0.3984375,0.2300192151706237
0.25,0.40625,0.22811336770308557
0.2578125,0.4140625,0.22619359204280026
0.265625,0.421875,0.2242600054467453
0.2734375,0.4296875,0.2223127260144933
0.28125,0.4375,0.22035187268097614
0.2890625,0.4453125,0.21837756520919793
0.296875,0.453125,0.21638992418289932
0.3046875,0.4609375,0.21438907099916993
0.3125,0.46875,0.2123751278610143
0.3203125,0.4765625,0.2103482177698684
0.328125,0.484375,0.208308464518068
0.3359375,0.4921875,0.2062559926812692
0.34375,0.5,0.20419092761082294
0.3515625,0.5078125,0.2021133954261023
0.359375,0.515625,0.200023523006784
0.3671875,0.5234375,0.19792143798508452
0.375,0.53125,0.19580726873795123
0.3828125,0.5390625,0.19368114437920844
0.390625,0.546875,0.1915431947516605
0.3984375,0.5546875,0.18939355041915057
0.40625,0.5625,0.1872323426585771
0.4140625,0.5703125,0.185059703451867
0.421875,0.578125,0.18287576547790785
0.4296875,0.5859375,0.18068066210443798
0.4375,0.59375,0.17847452737989597
0.4453125,0.6015625,0.1762574960252293
0.453125,0.609375,0.17402970342566368
0.4609375,0.6171875,0.17179128562243237
0.46875,0.625,0.16954237930446692
0.4765625,0.6328125,0.16728312180004898
0.484375,0.640625,0.16501365106842503
0.4921875,0.6484375,0.16273410569138208
0.5,0.65625,0.1604446248647878
0.5078125,0.6640625,0.15814534839009348
0.515625,0.671875,0.1558364166658007
0.5234375,0.6796875,0.15351797067889328
0.53125,0.6875,0.15119015199623279
0.5390625,0.6953125,0.14885310275592067
0.546875,0.703125,0.1465069656586254
0.5546875,0.7109375,0.1441518839588767
0.5625,0.71875,0.14178800145632617
0.5703125,0.7265625,0.13941546248697576
0.578125,0.734375,0.13703441191437377
0.5859375,0.7421875,0.1346449951207797
0.59375,0.75,0.1322473579982981
0.6015625,0.7578125,0.12984164693998215
0.609375,0.765625,0.12742800883090774
0.6171875,0.7734375,0.12500659103921802
0.625,0.78125,0.12257754140714003
0.6328125,0.7890625,0.12014100824197374
0.640625,0.796875,0.11769714030705344
0.6484375,0.8046875,0.11524608681268397
0.65625,0.8125,0.112787997407051
0.6640625,0.8203125,0.11032302216710735
0.671875,0.828125,0.1078513115894354
0.6796875,0.8359375,0.10537301658108801
0.6875,0.84375,0.10288828845040776
0.6953125,0.8515625,0.10039727889782672
0.703125,0.859375,0.09790014000664797
0.7109375,0.8671875,0.09539702423381105
0.71875,0.875,0.09288808440064275
0.7265625,0.8828125,0.09037347368359586
0.734375,0.890625,0.08785334560497919
0.7421875,0.8984375,0.08532785402368168
0.75,0.90625,0.08279715312589445
0.7578125,0.9140625,0.08026139741583632
0.765625,0.921875,0.07772074170648821
0.7734375,0.9296875,0.07517534111034324
0.78125,0.9375,0.07262535103018183
0.7890625,0.9453125,0.07007092714988146
0.796875,0.953125,0.06751222542527377
0.8046875,0.9609375,0.06494940207506292
0.8125,0.96875,0.06238261357182225
0.8203125,0.9765625,0.05981201663308628
0.828125,0.984375,0.05723776821255545
0.8359375,0.9921875,0.05466002549142759
0.84375,1.0,0.052078945869859845
0.0,0.1484375,0.2815936669936761
0.0078125,0.15625,0.28017283838310253
0.015625,0.1640625,0.27873490125961675
0.0234375,0.171875,0.2772799435281248
0.03125,0.1796875,0.27580805412216275
0.0390625,0.1875,0.27431932299916156
0.046875,0.1953125,0.27281384113629414
0.0546875,0.203125,0.2712917005264108
0.0625,0.2109375,0.2697529941738206
0.0703125,0.21875,0.2681978160898193
0.078125,0.2265625,0.26662626128794226
0.0859375,0.234375,0.26503842577895476
0.09375,0.2421875,0.2634344065656082
0.1015625,0.25,0.261814301637192
0.109375,0.2578125,0.26017820996390956
0.1171875,0.265625,0.2585262314911034
0.125,0.2734375,0.25685846713334987
0.1328125,0.28125,0.2551750187684396
0.140625,0.2890625,0.2534759892312576
0.1484375,0.296875,0.25176148230757134
0.15625,0.3046875,0.25003160272773767
0.1640625,0.3125,0.24828645616033207
0.171875,0.3203125,0.2465261492057078
0.1796875,0.328125,0.2447507893894864
0.1875,0.3359375,0.24296048515598417
0.1953125,0.34375,0.24115534586157686
0.203125,0.3515625,0.23933548176800423
0.2109375,0.359375,0.23750100403561578
0.21875,0.3671875,0.2356520247165601
0.2265625,0.375,0.2337886567479178
0.234375,0.3828125,0.2319110139447801
0.2421875,0.390625,0.23001921099327216
0.25,0.3984375,0.22811336344352418
0.2578125,0.40625,0.2261935877025889
0.265625,0.4140625,0.22426000102730828
0.2734375,0.421875,0.22231272151712675
0.28125,0.4296875,0.22035186810685514
0.2890625,0.4375,0.2183775605593837
0.296875,0.4453125,0.21638991945834465
0.3046875,0.453125,0.21438906620072654
0.3125,0.4609375,0.21237512298943764
0.3203125,0.46875,0.2103482128258229
0.328125,0.4765625,0.20830845950213295
0.3359375,0.484375,0.20625598759394317
0.34375,0.4921875,0.2041909224525289
0.3515625,0.5,0.2021133901971921
0.359375,0.5078125,0.20002351770754276
0.3671875,0.515625,0.19792143261573486
0.375,0.5234375,0.1958072632986573
0.3828125,0.53125,0.19368113887007996
0.390625,0.5390625,0.19154318917275642
0.3984375,0.546875,0.18939354477048256
0.40625,0.5546875,0.18723233694011254
0.4140625,0.5625,0.18505969766353236
0.421875,0.5703125,0.1828757596195913
0.4296875,0.578125,0.18068065617599155
0.4375,0.5859375,0.1784745213811377
0.4453125,0.59375,0.17625748995594503
0.453125,0.6015625,0.1740296972856082
0.4609375,0.609375,0.17179127941133024
0.46875,0.6171875,0.1695423730220127
0.4765625,0.625,0.16728311544590752
0.484375,0.6328125,0.16501364464223017
0.4921875,0.640625,0.16273409919273607
0.5,0.6484375,0.16044461829325934
0.5078125,0.65625,0.15814534174521525
0.515625,0.6640625,0.15583640994706688
0.5234375,0.671875,0.15351796388575545
0.53125,0.6796875,0.15119014512809612
0.5390625,0.6875,0.148853095812139
0.546875,0.6953125,0.14650695863849597
0.5546875,0.703125,0.14415187686163353
0.5625,0.7109375,0.14178799428113342
0.5703125,0.71875,0.1394154552329199
0.578125,0.7265625,0.137034404580455
0.5859375,0.734375,0.13464498770590252
0.59375,0.7421875,0.132247350501261
0.6015625,0.75,0.12984163935946605
0.609375,0.7578125,0.12742800116546316
0.6171875,0.765625,0.12500658328725162
0.625,0.7734375,0.12257753356689882
0.6328125,0.78125,0.12014100031152843
0.640625,0.7890625,0.11769713228427944
0.6484375,0.796875,0.11524607869524055
0.65625,0.8046875,0.11278798919235791
0.6640625,0.8125,0.11032301385231881
0.671875,0.8203125,0.10785130317141108
0.6796875,0.828125,0.10537300805635981
0.6875,0.8359375,0.10288827981514291
0.6953125,0.84375,0.10039727014778572
0.703125,0.8515625,0.09790013113713675
0.7109375,0.859375,0.09539701523962654
0.71875,0.8671875,0.09288807527601053
0.7265625,0.875,0.0903734644220989
0.734375,0.8828125,0.08785333619947584
0.7421875,0.890625,0.08532784446621097
0.75,0.8984375,0.08279714340756712
0.7578125,0.90625,0.08026138752670876
0.765625,0.9140625,0.07772073163541651
0.7734375,0.921875,0.07517533084481463
0.78125,0.9296875,0.07262534055611973
0.7890625,0.9375,0.07007091645142102
0.796875,0.9453125,0.06751221448450437
0.8046875,0.953125,0.06494939087173582
0.8125,0.9609375,0.0623826020830217
0.8203125,0.96875,0.059812004832867874
0.828125,0.9765625,0.05723775607156008
0.8359375,0.984375,0.054660012976490015
0.84375,0.9921875,0.052078932943646926
0.8515625,1.0,0.04949467357928277
0.0,0.140625,0.2815936669523185
0.0078125,0.1484375,0.28017283824639827
0.015625,0.15625,0.2787349009852019
0.0234375,0.1640625,0.27727994308835374
0.03125,0.171875,0.2758080535005723
0.0390625,0.1796875,0.274319322187419
0.046875,0.1875,0.2728138401317739
0.0546875,0.1953125,0.27129169933036396
0.0625,0.203125,0.2697529927900361
0.0703125,0.2109375,0.2681978145236687
0.078125,0.21875,0.26662625954571
0.0859375,0.2265625,0.26503842386737775
0.09375,0.234375,0.263434404491564
0.1015625,0.2421875,0.26181429940749307
0.109375,0.25,0.26017820758517085
0.1171875,0.2578125,0.2585262289696622
0.125,0.265625,0.2568584644752193
0.1328125,0.2734375,0.25517501597928754
0.140625,0.28125,0.25347598631639934
0.1484375,0.2890625,0.251761479271975
0.15625,0.296875,0.25003159957603416
0.1640625,0.3046875,0.24828645289683035
0.171875,0.3125,0.24652614583441063
0.1796875,0.3203125,0.24475078591410845
0.1875,0.328125,0.24296048157996933
0.1953125,0.3359375,0.2411553421881155
0.203125,0.34375,0.23933547800004942
0.2109375,0.3515625,0.2375010001758989
0.21875,0.359375,0.23565202076760516
0.2265625,0.3671875,0.23378865271205515
0.234375,0.375,0.2319110098241579
0.2421875,0.3828125,0.23001920678986917
0.25,0.390625,0.22811335915915948
0.2578125,0.3984375,0.22619358333893202
0.265625,0.40625,0.22425999658588766
0.2734375,0.4140625,0.22231271699933855
0.28125,0.421875,0.22035186351397074
0.2890625,0.4296875,0.21837755589255695
0.296875,0.4375,0.21638991471861835
0.3046875,0.4453125,0.21438906138903874
0.3125,0.453125,0.21237511810662776
0.3203125,0.4609375,0.21034820787263747
0.328125,0.46875,0.20830845447922994
0.3359375,0.4765625,0.20625598250189828
0.34375,0.484375,0.20419091729183939
0.3515625,0.4921875,0.202113384968282
0.359375,0.5,0.20002351241076705
0.3671875,0.5078125,0.19792142725138384
0.375,0.515625,0.19580725786696046
0.3828125,0.5234375,0.19368113337121012
0.390625,0.53125,0.19154318360683303
0.3984375,0.5390625,0.1893935391375757
0.40625,0.546875,0.18723233124024577
0.4140625,0.5546875,0.18505969189668606
0.421875,0.5625,0.18287575378570495
0.4296875,0.5703125,0.18068065027496685
0.4375,0.578125,0.17847451541284015
0.4453125,0.5859375,0.17625748392020615
0.453125,0.59375,0.17402969118222672
0.4609375,0.6015625,0.17179127324007326
0.46875,0.609375,0.1695423667826163
0.4765625,0.6171875,0.16728310913807684
0.484375,0.625,0.16501363826563917
0.4921875,0.6328125,0.16273409274702674
0.5,0.640625,0.16044461177804029
0.5078125,0.6484375,0.1581453351600602
0.515625,0.65625,0.15583640329151155
0.5234375,0.6640625,0.15351795715929534
0.53125,0.671875,0.1511901383301823
0.5390625,0.6796875,0.1488530889421743
0.546875,0.6875,0.14650695169582972
0.5546875,0.6953125,0.14415186984555664
0.5625,0.703125,0.14178798719087163
0.5703125,0.7109375,0.13941544806762712
0.578125,0.71875,0.13703439733920508
0.5859375,0.7265625,0.1346449803876814
0.59375,0.734375,0.1322473431049566
0.6015625,0.7421875,0.1298416318838582
0.609375,0.75,0.12742799360921198
0.6171875,0.7578125,0.12500657564888437
0.625,0.765625,0.12257752584479623
0.6328125,0.7734375,0.12014099250390872
0.640625,0.78125,0.11769712438918124
0.6484375,0.7890625,0.11524607071050355
0.65625,0.796875,0.11278798111560126
0.6640625,0.8046875,0.1103230056809171
0.671875,0.8125,0.10785129490246698
0.6796875,0.8203125,0.10537299968667413
0.6875,0.828125,0.10288827134117973
0.6953125,0.8359375,0.10039726156563344
0.703125,0.84375,0.09790012244246339
0.7109375,0.8515625,0.09539700642762927
0.71875,0.859375,0.09288806634135714
0.7265625,0.8671875,0.09037345535886109
0.734375,0.875,0.08785332700105165
0.7421875,0.8828125,0.08532783512523598
0.75,0.890625,0.08279713391581064
0.7578125,0.8984375,0.08026137787495377
0.765625,0.90625,0.07772072181331932
0.7734375,0.9140625,0.07517532084074205
0.78125,0.921875,0.07262533035695842
0.7890625,0.9296875,0.07007090604235576
0.796875,0.9375,0.06751220384875982
0.8046875,0.9453125,0.06494937999027743
0.8125,0.953125,0.06238259093421199
0.8203125,0.9609375,0.059811993392075574
0.828125,0.96875,0.05723774431072429
0.8359375,0.9765625,0.054660000863648694
0.84375,0.984375,0.05207892044245193
0.8515625,0.9921875,0.04949466064854496
0.859375,1.0,0.04690737928507386
0.0,0.1328125,0.28159366694401616
0.0078125,0.140625,0.28017283816054944
0.015625,0.1484375,0.27873490076731533
0.0234375,0.15625,0.2772799427033068
0.03125,0.1640625,0.27580805292766875
0.0390625,0.171875,0.27431932141622994
0.046875,0.1796875,0.2728138391589194
0.0546875,0.1875,0.27129169815714194
0.0625,0.1953125,0.2697529914207322
0.0703125,0.203125,0.2681978129643781
0.078125,0.2109375,0.2666262578035325
0.0859375,0.21875,0.2650384219498764
0.09375,0.2265625,0.2634344024064094
0.1015625,0.234375,0.2618142971622343
0.109375,0.2421875,0.2601782051870943
0.1171875,0.25,0.25852622642570877
0.125,0.2578125,0.25685846179194183
0.1328125,0.265625,0.255175013162833
0.140625,0.2734375,0.25347598337250965
0.1484375,0.28125,0.2517614762059956
0.15625,0.2890625,0.2500315963929324
0.1640625,0.296875,0.24828644960121413
0.171875,0.3046875,0.24652614243055093
0.1796875,0.3125,0.24475078240596027
0.1875,0.3203125,0.24296047797119355
0.1953125,0.328125,0.24115533848209916
0.203125,0.3359375,0.23933547419992499
0.2109375,0.34375,0.2375009962845622
0.21875,0.3515625,0.23565201678773193
0.2265625,0.359375,0.23378864864611604
0.234375,0.3671875,0.23191100567443323
0.2421875,0.375,0.2300192025584605
0.25,0.3828125,0.22811335484800221
0.2578125,0.390625,0.22619357894980563
0.265625,0.3984375,0.22425999212042588
0.2734375,0.40625,0.22231271245903775
0.28125,0.4140625,0.22035185890019865
0.2890625,0.421875,0.21837755120655986
0.296875,0.4296875,0.21638990996152885
0.3046875,0.4375,0.21438905656188148
0.3125,0.4453125,0.21237511321032598
0.3203125,0.453125,0.21034820290801873
0.328125,0.4609375,0.20830844944703164
0.3359375,0.46875,0.20625597740277232
0.34375,0.4765625,0.20419091212635784
0.3515625,0.484375,0.20211337973694077
0.359375,0.4921875,0.20002350711399144
0.3671875,0.5,0.19792142188953174
0.375,0.5078125,0.19580725244032712
0.3828125,0.515625,0.19368112788003156
0.390625,0.5234375,0.19154317805129026
0.3984375,0.53125,0.18939353351779756
0.40625,0.5390625,0.1872323255563127
0.4140625,0.546875,0.18505968614863294
0.421875,0.5546875,0.182875747973524
0.4296875,0.5625,0.18068064439860995
0.4375,0.5703125,0.17847450947222154
0.4453125,0.578125,0.1762574779152039
0.453125,0.5859375,0.17402968511268468
0.4609375,0.59375,0.1717912671058021
0.46875,0.6015625,0.16954236058339436
0.4765625,0.609375,0.16728310287365067
0.484375,0.6171875,0.16501363193572352
0.4921875,0.625,0.16273408635130415
0.5,0.6328125,0.16044460531616
0.5078125,0.640625,0.15814532863163677
0.515625,0.6484375,0.15583639669612318
0.5234375,0.65625,0.15351795049648084
0.53125,0.6640625,0.15119013159943856
0.5390625,0.671875,0.14885308214295223
0.546875,0.6796875,0.14650694482753038
0.5546875,0.6875,0.1441518629075261
0.5625,0.6953125,0.14178798018239566
0.5703125,0.703125,0.1394154409879247
0.578125,0.7109375,0.13703439018742194
0.5859375,0.71875,0.13464497316288157
0.59375,0.7265625,0.13224733580611447
0.6015625,0.734375,0.1298416245098486
0.609375,0.7421875,0.1274279861588
0.6171875,0.75,0.1250065681207134
0.625,0.7578125,0.12257751823737527
0.6328125,0.765625,0.12014098481559783
0.640625,0.7734375,0.11769711661817595
0.6484375,0.78125,0.11524606285481696
0.65625,0.7890625,0.1127879731730444
0.6640625,0.796875,0.11032299764907653
0.671875,0.8046875,0.10785128677868037
0.6796875,0.8125,0.10537299146800164
0.6875,0.8203125,0.10288826302437254
0.6953125,0.828125,0.10039725314709763
0.703125,0.8359375,0.09790011391821894
0.7109375,0.84375,0.09539699779326268
0.71875,0.8515625,0.09288805759196771
0.7265625,0.859375,0.09037344648899853
0.734375,0.8671875,0.08785331800464448
0.7421875,0.875,0.08532782599550756
0.75,0.8828125,0.08279712464518264
0.7578125,0.890625,0.08026136845493251
0.765625,0.8984375,0.07772071223436357
0.7734375,0.90625,0.07517531109210696
0.78125,0.9140625,0.07262532042651319
0.7890625,0.921875,0.07007089591636823
0.796875,0.9296875,0.0675121935116434
0.8046875,0.9375,0.06494936942429363
0.8125,0.9453125,0.062382580119121865
0.8203125,0.953125,0.059811982304733995
0.828125,0.9609375,0.05723773292461284
0.8359375,0.96875,0.054659989148347396
0.84375,0.9765625,0.052078908363058916
0.8515625,0.984375,0.04949464816507019
0.859375,0.9921875,0.046907366351860935
0.8671875,1.0,0.04431722091433597
0.0,0.125,0.2815936669787923
0.0078125,0.1328125,0.28017283814050087
0.015625,0.140625,0.278734900622036
0.0234375,0.1484375,0.27727994238817244
0.03125,0.15625,0.2758080524168249
0.0390625,0.1640625,0.2743193206968563
0.046875,0.171875,0.2728138382269175
0.0546875,0.1796875,0.2712916970140483
0.0625,0.1875,0.2697529900715768
0.0703125,0.1953125,0.2681978114162331
0.078125,0.203125,0.26662625606454604
0.0859375,0.2109375,0.2650384200286425
0.09375,0.21875,0.26343440031156484
0.1015625,0.2265625,0.26181429490220937
0.109375,0.234375,0.26017820276996495
0.1171875,0.2421875,0.2585262238591163
0.125,0.25,0.2568584590830563
0.1328125,0.2578125,0.2551750103183443
0.140625,0.265625,0.2534759803986353
0.1484375,0.2734375,0.2517614731085006
0.15625,0.28125,0.25003159317715185
0.1640625,0.2890625,0.24828644627208182
0.171875,0.296875,0.2465261389926256
0.1796875,0.3046875,0.24475077886345395
0.1875,0.3125,0.24296047432799692
0.1953125,0.3203125,0.24115533474180623
0.203125,0.328125,0.23933547036585545
0.2109375,0.3359375,0.23750099235978256
0.21875,0.34375,0.2356520127750743
0.2265625,0.3515625,0.23378864454819573
0.234375,0.359375,0.23191100149366406
0.2421875,0.3671875,0.23001919829706957
0.25,0.375,0.22811335050804232
0.2578125,0.3828125,0.22619357453316757
0.265625,0.390625,0.2242599876288485
0.2734375,0.3984375,0.2223127078941183
0.28125,0.40625,0.2203518542634011
0.2890625,0.4140625,0.21837754649922336
0.296875,0.421875,0.216389905184875
0.3046875,0.4296875,0.21438905171702122
0.3125,0.4375,0.21237510829826628
0.3203125,0.4453125,0.21034819792966816
0.328125,0.453125,0.20830844440320617
0.3359375,0.4609375,0.20625597229420045
0.34375,0.46875,0.20419090695368566
0.3515625,0.4765625,0.20211337450073683
0.359375,0.484375,0.20002350181475034
0.3671875,0.4921875,0.19792141652767967
0.375,0.5,0.19580724701622507
0.3828125,0.5078125,0.19368112239397953
0.390625,0.515625,0.19154317250353053
0.3984375,0.5234375,0.1893935279085187
0.40625,0.53125,0.1872323198856526
0.4140625,0.5390625,0.1850596804166816
0.421875,0.546875,0.18287574218032707
0.4296875,0.5546875,0.18068063854417069
0.4375,0.5625,0.17847450355650343
0.4453125,0.5703125,0.17625747193813268
0.453125,0.578125,0.17402967907415012
0.4609375,0.5859375,0.1717912610056594
0.46875,0.59375,0.16954235442146523
0.4765625,0.6015625,0.16728309664972388
0.484375,0.609375,0.16501362564955538
0.4921875,0.6171875,0.16273408000261816
0.5,0.625,0.16044459890464657
0.5078125,0.6328125,0.15814532215695196
0.515625,0.640625,0.1558363901578873
0.5234375,0.6484375,0.15351794389427637
0.53125,0.65625,0.1511901249328075
0.5390625,0.6640625,0.14885307541139317
0.546875,0.671875,0.14650693803049494
0.5546875,0.6796875,0.14415185604441452
0.5625,0.6875,0.1417879732525518
0.5703125,0.6953125,0.13941543399063097
0.578125,0.703125,0.13703438312189295
0.5859375,0.7109375,0.13464496602825707
0.59375,0.71875,0.13224732860145172
0.6015625,0.7265625,0.12984161723411392
0.609375,0.734375,0.12742797881085882
0.6171875,0.7421875,0.12500656069932042
0.625,0.75,0.12257751074116228
0.6328125,0.7578125,0.12014097724306093
0.640625,0.765625,0.11769710896766085
0.6484375,0.7734375,0.11524605512450296
0.65625,0.78125,0.1127879653609265
0.6640625,0.7890625,0.11032298975294509
0.671875,0.796875,0.10785127879609821
0.6796875,0.8046875,0.10537298339627862
0.6875,0.8125,0.1028882548605365
0.6953125,0.8203125,0.10039724488786102
0.703125,0.828125,0.09790010555994147
0.7109375,0.8359375,0.09539698933190789
0.71875,0.84375,0.09288804902305337
0.7265625,0.8515625,0.09037343780753931
0.734375,0.859375,0.08785330920508569
0.7421875,0.8671875,0.085327817071648
0.75,0.875,0.0827971155900843
0.7578125,0.8828125,0.08026135926081542
0.765625,0.890625,0.07772070289248159
0.7734375,0.8984375,0.07517530159260194
0.78125,0.90625,0.07262531075824187
0.7890625,0.9140625,0.07007088606669762
0.796875,0.921875,0.06751218346620737
0.8046875,0.9296875,0.06494935916670369
0.8125,0.9375,0.06238256963062348
0.8203125,0.9453125,0.059811971563799034
0.828125,0.953125,0.057237721906459094
0.8359375,0.9609375,0.05465997782437727
0.84375,0.96875,0.05207889670021482
0.8515625,0.9765625,0.0494946361251146
0.859375,0.984375,0.04690735389061086
0.8671875,0.9921875,0.04431720798091965
0.875,1.0,0.04172435656565363
0.0,0.1171875,0.2815936670701728
0.0078125,0.125,0.2801728382061221
0.015625,0.1328125,0.2787349005703734
0.0234375,0.140625,0.2772799421624623
0.03125,0.1484375,0.27580805198495056
0.0390625,0.15625,0.274319320043337
0.046875,0.1640625,0.27281383734707876
0.0546875,0.171875,0.27129169590998015
0.0625,0.1796875,0.2697529887494169
0.0703125,0.1875,0.26819780988438013
0.078125,0.1953125,0.2666262543325082
0.0859375,0.203125,0.2650384181063093
0.09375,0.2109375,0.263434398208759
0.1015625,0.21875,0.26181429262842115
0.109375,0.2265625,0.2601782003342049
0.1171875,0.234375,0.25852622126984215
0.125,0.2421875,0.25685845634814797
0.1328125,0.25,0.2551750074451075
0.140625,0.2578125,0.2534759773938231
0.1484375,0.265625,0.2517614699783425
0.15625,0.2734375,0.2500315899273887
0.1640625,0.28125,0.24828644290800111
0.171875,0.2890625,0.24652613551909808
0.1796875,0.296875,0.24475077528496622
0.1875,0.3046875,0.24296047064868384
0.1953125,0.3125,0.2411553309654796
0.203125,0.3203125,0.23933546649603102
0.2109375,0.328125,0.23750098839970402
0.21875,0.3359375,0.23565200872773528
0.2265625,0.34375,0.23378864041635972
0.234375,0.3515625,0.23191099727988163
0.2421875,0.359375,0.23001919400369483
0.25,0.3671875,0.22811334613724718
0.2578125,0.375,0.22619357008695454
0.265625,0.3828125,0.22425998310906264
0.2734375,0.390625,0.22231270330245745
0.28125,0.3984375,0.22035184960142581
0.2890625,0.40625,0.21837754176836505
0.296875,0.4140625,0.21638990038644423
0.3046875,0.421875,0.214389046852215
0.3125,0.4296875,0.21237510336817458
0.3203125,0.4375,0.21034819293528031
0.328125,0.4453125,0.20830843934541649
0.3359375,0.453125,0.20625596717381361
0.34375,0.4609375,0.20419090177142163
0.3515625,0.46875,0.20211336925723586
0.359375,0.4765625,0.2000234965105775
0.3671875,0.484375,0.19792141116332884
0.375,0.4921875,0.1958072415921231
0.3828125,0.5,0.1936811169104903
0.390625,0.5078125,0.19154316696095852
0.3984375,0.515625,0.18939352230711223
0.40625,0.5234375,0.1872323142256074
0.4140625,0.53125,0.18505967469814386
0.421875,0.5390625,0.1828757364033961
0.4296875,0.546875,0.18068063270890194
0.4375,0.5546875,0.17847449766291054
0.4453125,0.5625,0.1762574659861899
0.453125,0.5703125,0.174029673063794
0.4609375,0.578125,0.1717912549367905
0.46875,0.5859375,0.1695423482939494
0.4765625,0.59375,0.1672830904633928
0.484375,0.6015625,0.16501361940420758
0.4921875,0.609375,0.16273407369801893
0.5,0.6171875,0.16044459254052781
0.5078125,0.625,0.15814531573301147
0.515625,0.6328125,0.1558363836737877
0.5234375,0.640625,0.15351793734964345
0.53125,0.6484375,0.1511901183272283
0.5390625,0.65625,0.14885306874441337
0.546875,0.6640625,0.14650693130161552
0.5546875,0.671875,0.14415184925308852
0.5625,0.6796875,0.14178796639818003
0.5703125,0.6875,0.139415427072557
0.578125,0.6953125,0.13703437613939787
0.5859375,0.703125,0.13464495898055326
0.59375,0.7109375,0.1322473214876761
0.6015625,0.71875,0.12984161005332004
0.609375,0.7265625,0.127427971562009
0.6171875,0.734375,0.12500655338127542
0.625,0.7421875,0.12257750335267119
0.6328125,0.75,0.12014096978274953
0.640625,0.7578125,0.1176971014340185
0.6484375,0.765625,0.11524604751586782
0.65625,0.7734375,0.11278795767546926
0.6640625,0.78125,0.11032298198865081
0.671875,0.7890625,0.10785127095074562
0.6796875,0.796875,0.10537297546741671
0.6875,0.8046875,0.10288824684545807
0.6953125,0.8125,0.1003972367835729
0.703125,0.8203125,0.0979000973631299
0.7109375,0.828125,0.09539698103889946
0.71875,0.8359375,0.09288804062976956
0.7265625,0.84375,0.09037342930944418
0.734375,0.8515625,0.08785330059712523
0.7421875,0.859375,0.08532780834817964
0.75,0.8671875,0.08279710674479403
0.7578125,0.875,0.08026135028662078
0.765625,0.8828125,0.07772069378141747
0.7734375,0.890625,0.07517529233568473
0.78125,0.8984375,0.0726253013453089
0.7890625,0.90625,0.07007087648621499
0.796875,0.9140625,0.06751217370504072
0.8046875,0.921875,0.06494934920984247
0.8125,0.9296875,0.062382559460850306
0.8203125,0.9375,0.059811961161291706
0.828125,0.9453125,0.0572377112483128
0.8359375,0.953125,0.054659966884033
0.84375,0.9609375,0.05207888544678138
0.8515625,0.96875,0.049494624522576615
0.859375,0.9765625,0.046907341896927884
0.8671875,0.984375,0.044317195547049264
0.875,0.9921875,0.04172434363458334
0.8828125,1.0,0.039128944498909655
0.0,0.109375,0.2815936672366901
0.0078125,0.1171875,0.2801728383841786
0.015625,0.125,0.27873490064007067
0.0234375,0.1328125,0.2772799420514461
0.03125,0.140625,0.27580805165355454
0.0390625,0.1484375,0.27431931947324084
0.046875,0.15625,0.2728138365333555
0.0546875,0.1640625,0.27129169485577803
0.0625,0.171875,0.2697529874625098
0.0703125,0.1796875,0.26819780837497764
0.078125,0.1875,0.26662625261189327
0.0859375,0.1953125,0.2650384161860103
0.09375,0.203125,0.26343439610006303
0.1015625,0.2109375,0.26181429034210096
0.109375,0.21875,0.2601781978803815
0.1171875,0.2265625,0.25852621865792885
0.125,0.234375,0.2568584535868445
0.1328125,0.2421875,0.2551750045424225
0.140625,0.25,0.2534759743571116
0.1484375,0.2578125,0.2517614668143522
0.15625,0.265625,0.25003158664230724
0.1640625,0.2734375,0.24828643950750365
0.171875,0.28125,0.24652613200839174
0.1796875,0.2890625,0.24475077166883263
0.1875,0.296875,0.2429604669315172
0.1953125,0.3046875,0.24115532715132182
0.203125,0.3125,0.23933546258860292
0.2109375,0.3203125,0.23750098440243358
0.21875,0.328125,0.23565200464378303
0.2265625,0.3359375,0.23378863624864088
0.234375,0.34375,0.2319109930310867
0.2421875,0.3515625,0.23001918967630697
0.25,0.359375,0.22811334173355852
0.2578125,0.3671875,0.22619356560908058
0.265625,0.375,0.22425997855895452
0.2734375,0.3828125,0.222312698681914
0.28125,0.390625,0.22035184491210355
0.2890625,0.3984375,0.2183775370117878
0.296875,0.40625,0.21638989556401117
0.3046875,0.4140625,0.21438904196520853
0.3125,0.421875,0.21237509841776744
0.3203125,0.4296875,0.21034818792254198
0.328125,0.4375,0.20830843427131898
0.3359375,0.4453125,0.2062559620392374
0.34375,0.453125,0.20419089657716039
0.3515625,0.4609375,0.20211336400400165
0.359375,0.46875,0.20002349119900473
0.3671875,0.4765625,0.1979214057939794
0.375,0.484375,0.1958072361654899
0.3828125,0.4921875,0.19368111142700117
0.390625,0.5,0.19154316142097993
0.3984375,0.5078125,0.18939351671095295
0.40625,0.515625,0.18723230857352138
0.4140625,0.5234375,0.18505966899033374
0.421875,0.53125,0.18287573064001578
0.4296875,0.5390625,0.18068062689005948
0.4375,0.546875,0.1784744917886706
0.4453125,0.5546875,0.1762574600565758
0.453125,0.5625,0.17402966707878986
0.4609375,0.5703125,0.171791248896343
0.46875,0.578125,0.16954234219796907
0.4765625,0.5859375,0.1672830843117554
0.484375,0.59375,0.1650136131967543
0.4921875,0.6015625,0.1627340674345573
0.5,0.609375,0.16044458622083163
0.5078125,0.6171875,0.15814530935682056
0.515625,0.625,0.15583637724080707
0.5234375,0.6328125,0.15351793085954224
0.53125,0.640625,0.151190111779638
0.5390625,0.6484375,0.14885306213892593
0.546875,0.65625,0.1465069246377807
0.5546875,0.6640625,0.1441518425304109
0.5625,0.671875,0.14178795961611546
0.5703125,0.6796875,0.13941542023050843
0.578125,0.6875,0.1370343692367103
0.5859375,0.6953125,0.13464495201650908
0.59375,0.703125,0.13224731446148852
0.6015625,0.7109375,0.1298416029641265
0.609375,0.71875,0.12742796440886336
0.6171875,0.7265625,0.12500654616314003
0.625,0.734375,0.12257749606840711
0.6328125,0.7421875,0.12014096243110607
0.640625,0.75,0.11769709401362156
0.6484375,0.7578125,0.11524604002520697
0.65625,0.765625,0.1127879501128827
0.6640625,0.7734375,0.11032297435230921
0.671875,0.78125,0.10785126323863328
0.6796875,0.7890625,0.10537296767731086
0.6875,0.796875,0.10288823897490489
0.6953125,0.8046875,0.10039722882986032
0.703125,0.8125,0.09790008932325692
0.7109375,0.8203125,0.0953969729095403
0.71875,0.828125,0.09288803240723302
0.7265625,0.8359375,0.09037342098962634
0.734375,0.84375,0.08785329217545419
0.7421875,0.8515625,0.08532779981955173
0.75,0.859375,0.0827970981034987
0.7578125,0.8671875,0.08026134152625221
0.765625,0.875,0.07772068489477019
0.7734375,0.8828125,0.07517528331462985
0.78125,0.890625,0.07262529218064616
0.7890625,0.8984375,0.07007086716749585
0.796875,0.90625,0.06751216422035533
0.8046875,0.9140625,0.06494933954556273
0.8125,0.921875,0.06238254960131791
0.8203125,0.9296875,0.05981195108843945
0.828125,0.9375,0.05723770094120301
0.8359375,0.9453125,0.05465995631829579
0.84375,0.953125,0.05207887459393201
0.8515625,0.9609375,0.049494613349192154
0.859375,0.96875,0.04690733036366704
0.8671875,0.9765625,0.0443171836075147
0.875,0.984375,0.041724331234060386
0.8828125,0.9921875,0.039128931573087306
0.890625,1.0,0.03653114312494256
0.0,0.1015625,0.28159366750417925
0.0078125,0.109375,0.2801728387112647
0.015625,0.1171875,0.27873490086819885
0.0234375,0.125,0.277279942088145
0.03125,0.1328125,0.27580805145017073
0.0390625,0.140625,0.27431931900864565
0.046875,0.1484375,0.2728138358029954
0.0546875,0.15625,0.27129169386465324
0.0625,0.1640625,0.269752986220798
0.0703125,0.171875,0.26819780689536826
0.078125,0.1796875,0.2666262509079979
0.0859375,0.1875,0.26503841427144204
0.09375,0.1953125,0.26343439398792445
0.1015625,0.203125,0.2618142880447236
0.109375,0.2109375,0.26017819540921205
0.1171875,0.21875,0.2585262160235031
0.125,0.2265625,0.2568584507988115
0.1328125,0.234375,0.2551750016095936
0.140625,0.2421875,0.2534759712875229
0.1484375,0.25,0.2517614636153297
0.15625,0.2578125,0.2500315833205326
0.1640625,0.265625,0.24828643606907524
0.171875,0.2734375,0.24652612845888222
0.1796875,0.28125,0.24475076801333992
0.1875,0.2890625,0.24296046317471204
0.1953125,0.296875,0.2411553232974888
0.203125,0.3046875,0.23933545864167788
0.2109375,0.3125,0.23750098036603634
0.21875,0.3203125,0.23565200052124616
0.2265625,0.328125,0.23378863204303585
0.234375,0.3359375,0.23191098874524646
0.2421875,0.34375,0.23001918531284576
0.25,0.3515625,0.22811333729489008
0.2578125,0.359375,0.22619356109743363
0.265625,0.3671875,0.22425997397638717
0.2734375,0.375,0.22231269403032583
0.28125,0.3828125,0.22035184019324697
0.2890625,0.390625,0.21837753222727826
0.296875,0.3984375,0.21638989071533618
0.3046875,0.40625,0.2143890370537352
0.3125,0.4140625,0.2123750934447506
0.3203125,0.421875,0.2103481828891306
0.328125,0.4296875,0.2083084291785626
0.3359375,0.4375,0.2062559568880915
0.34375,0.4453125,0.20419089136849183
0.3515625,0.453125,0.20211335873859348
0.359375,0.4609375,0.20002348587756127
0.3671875,0.46875,0.19792140041713008
0.375,0.4765625,0.19580723073379336
0.3828125,0.484375,0.19368110594094923
0.390625,0.4921875,0.19154315588100143
0.3984375,0.5,0.18939351111741698
0.40625,0.5078125,0.1872323029267407
0.4140625,0.515625,0.18505966329056758
0.421875,0.5234375,0.18287572488747314
0.4296875,0.53125,0.18068062108490168
0.4375,0.5390625,0.17847448593101373
0.4453125,0.546875,0.17625745414649313
0.453125,0.5546875,0.17402966111631377
0.4609375,0.5625,0.171791242881467
0.46875,0.5703125,0.16954233613064906
0.4765625,0.578125,0.1672830781919114
0.484375,0.5859375,0.16501360702427134
0.4921875,0.59375,0.16273406120928519
0.5,0.6015625,0.16044457994258668
0.5078125,0.609375,0.15814530302538474
0.515625,0.6171875,0.1558363708559279
0.5234375,0.625,0.15351792442093187
0.53125,0.6328125,0.15119010528697222
0.5390625,0.640625,0.14885305559184234
0.546875,0.6484375,0.1465069180358767
0.5546875,0.65625,0.14415183587324165
0.5625,0.6640625,0.14178795290319016
0.5703125,0.671875,0.13941541346128716
0.578125,0.6796875,0.1370343624106003
0.5859375,0.6875,0.1346449451328595
0.59375,0.6953125,0.13224730751958555
0.6015625,0.703125,0.12984159596318753
0.609375,0.7109375,0.1274279573480301
0.6171875,0.71875,0.12500653904147105
0.625,0.7265625,0.12257748888486997
0.6328125,0.734375,0.12014095518456744
0.640625,0.7421875,0.11769708670283728
0.6484375,0.75,0.11524603264881011
0.65625,0.7578125,0.11278794266937064
0.6640625,0.765625,0.11032296684002882
0.671875,0.7734375,0.10785125565576445
0.6796875,0.78125,0.1053729600218477
0.6875,0.7890625,0.1028882312446344
0.6953125,0.796875,0.10039722102233833
0.703125,0.8046875,0.0979000814357802
0.7109375,0.8125,0.09539696493911488
0.71875,0.8203125,0.09288802435053752
0.7265625,0.828125,0.09037341284296953
0.734375,0.8359375,0.08785328393472587
0.7421875,0.84375,0.08532779148016495
0.75,0.8515625,0.0827970896603226
0.7578125,0.859375,0.08026133297353236
0.765625,0.8671875,0.07772067622603457
0.7734375,0.875,0.07517527452257688
0.78125,0.8828125,0.07262528325701086
0.7890625,0.890625,0.07007085810288897
0.796875,0.8984375,0.06751215500406908
0.8046875,0.90625,0.06494933016533479
0.8125,0.9140625,0.0623825400430437
0.8203125,0.921875,0.059811941335819345
0.828125,0.9296875,0.05723769097530834
0.8359375,0.9375,0.054659946117033
0.84375,0.9453125,0.05207886413138034
0.8515625,0.953125,0.0494946025947854
0.859375,0.9609375,0.04690731928118817
0.8671875,0.96875,0.04431717215387386
0.875,0.9765625,0.04172431935784389
0.8828125,0.984375,0.03912891921290834
0.890625,0.9921875,0.03653113020772439
0.8984375,1.0,0.03393111099499136
0.0,0.09375,0.2815936679093756
0.0078125,0.1015625,0.2801728392382632
0.015625,0.109375,0.2787349013049519
0.0234375,0.1171875,0.2772799423161375
0.03125,0.125,0.2758080514102909
0.0390625,0.1328125,0.2743193186774152
0.046875,0.140625,0.27281383517736507
0.0546875,0.1484375,0.27129169295270744
0.0625,0.15625,0.2697529850362306
0.0703125,0.1640625,0.2681978054542737
0.078125,0.171875,0.26662624922705536
0.0859375,0.1796875,0.26503841236692555
0.09375,0.1875,0.2634343918751987
0.1015625,0.1953125,0.2618142857380197
0.109375,0.203125,0.2601781929215636
0.1171875,0.2109375,0.25852621336676845
0.125,0.21875,0.2568584479837412
0.1328125,0.2265625,0.2551749986459191
0.140625,0.234375,0.25347596818405005
0.1484375,0.2421875,0.251761460380032
0.15625,0.25,0.2500315799606379
0.1640625,0.2578125,0.2482864325911462
0.171875,0.265625,0.24652612486888706
0.1796875,0.2734375,0.2447507643167175
0.1875,0.28125,0.24296045937642718
0.1953125,0.2890625,0.24115531940208285
0.203125,0.296875,0.23933545465331185
0.2109375,0.3046875,0.23750097628852948
0.21875,0.3125,0.23565199635810916
0.2265625,0.3203125,0.2337886277975002
0.234375,0.328125,0.23191098442029032
0.2421875,0.3359375,0.23001918091121673
0.25,0.34375,0.22811333281912413
0.2578125,0.3515625,0.22619355654987375
0.265625,0.359375,0.22425996935919804
0.2734375,0.3671875,0.22231268934550782
0.28125,0.375,0.22035183544264814
0.2890625,0.3828125,0.21837752741260505
0.296875,0.390625,0.2163898858381633
0.3046875,0.3984375,0.21438903211551436
0.3125,0.40625,0.21237508844681782
0.3203125,0.4140625,0.21034817783271367
0.328125,0.421875,0.20830842406478742
0.3359375,0.4296875,0.20625595171798822
0.34375,0.4375,0.20419088614299982
0.3515625,0.4453125,0.20211335345856682
0.359375,0.453125,0.2000234805437731
0.3671875,0.4609375,0.19792139503027692
0.375,0.46875,0.1958072252944998
0.3828125,0.4765625,0.19368110044977113
0.390625,0.484375,0.1915431503384296
0.3984375,0.4921875,0.1893935055238811
0.40625,0.5,0.18723229728261226
0.4140625,0.5078125,0.18505965759616327
0.421875,0.515625,0.18287571914305714
0.4296875,0.5234375,0.18068061529068896
0.4375,0.53125,0.17847448008717257
0.4453125,0.5390625,0.1762574482531471
0.453125,0.546875,0.17402965517354427
0.4609375,0.5546875,0.17179123688931472
0.46875,0.5625,0.1695423300891162
0.4765625,0.5703125,0.1672830721009626
0.484375,0.578125,0.1650136008838354
0.4921875,0.5859375,0.16273405501925595
0.5,0.59375,0.16044457370282256
0.5078125,0.6015625,0.15814529673571023
0.515625,0.609375,0.15583636451613286
0.5234375,0.6171875,0.1535179180307715
0.53125,0.625,0.15119009884616608
0.5390625,0.6328125,0.1488530491000731
0.546875,0.640625,0.146506911492789
0.5546875,0.6484375,0.14415182927843917
0.5625,0.65625,0.14178794625623434
0.5703125,0.6640625,0.13941540676169362
0.578125,0.671875,0.1370343556578355
0.5859375,0.6796875,0.134644938326337
0.59375,0.6875,0.13224730065866136
0.6015625,0.6953125,0.12984158904715523
0.609375,0.703125,0.12742795037611473
0.6171875,0.7109375,0.12500653201282313
0.625,0.71875,0.12257748179855765
0.6328125,0.7265625,0.1201409480395689
0.640625,0.734375,0.11769707949803117
0.6484375,0.7421875,0.11524602538296554
0.65625,0.75,0.1127879353411356
0.6640625,0.7578125,0.11032295944791708
0.671875,0.765625,0.10785124819814106
0.6796875,0.7734375,0.10537295249691225
0.6875,0.78125,0.10288822365040225
0.6953125,0.7890625,0.10039721335661918
0.703125,0.796875,0.09790007369615343
0.7109375,0.8046875,0.0953969571229015
0.71875,0.8125,0.09288801645476755
0.7265625,0.8203125,0.09037340486434448
0.734375,0.828125,0.08785327586957489
0.7421875,0.8359375,0.08532778332439389
0.75,0.84375,0.08279708140935398
0.7578125,0.8515625,0.08026132462223465
0.765625,0.859375,0.07772066776863829
0.7734375,0.8671875,0.07517526595257498
0.78125,0.875,0.07262527456703895
0.7890625,0.8828125,0.07007084928458124
0.796875,0.890625,0.06751214604788376
0.8046875,0.8984375,0.06494932106034135
0.8125,0.90625,0.062382530776662184
0.8203125,0.9140625,0.05981193189349866
0.828125,0.921875,0.05723768134012765
0.8359375,0.9296875,0.054659936269204415
0.84375,0.9375,0.05207885404762643
0.8515625,0.9453125,0.04949459224755669
0.859375,0.953125,0.04690730863767909
0.8671875,0.9609375,0.04431716117478812
0.875,0.96875,0.041724307995859605
0.8828125,0.9765625,0.03912890741080783
0.890625,0.984375,0.0365311178962075
0.8984375,0.9921875,0.03393109809032952
0.90625,1.0,0.03132900678984857
0.0,0.0859375,0.28159366850571904
0.0078125,0.09375,0.2801728400372979
0.015625,0.1015625,0.2787349020193051
0.0234375,0.109375,0.27727994279355656
0.03125,0.1171875,0.2758080515800012
0.0390625,0.125,0.27431931851487384
0.046875,0.1328125,0.2728138346829849
0.0546875,0.140625,0.2712916921395604
0.0625,0.1484375,0.26975298392313546
0.0703125,0.15625,0.26819780406200855
0.078125,0.1640625,0.26662624757635195
0.0859375,0.171875,0.2650384104774664
0.09375,0.1796875,0.26343438976517225
0.1015625,0.1875,0.26181428342397933
0.109375,0.1953125,0.26017819041844575
0.1171875,0.203125,0.25852621068799164
0.125,0.2109375,0.25685844514133693
0.1328125,0.21875,0.25517499565067336
0.140625,0.2265625,0.25347596504564096
0.1484375,0.234375,0.2517614571071574
0.15625,0.2421875,0.25003157656113095
0.1640625,0.25,0.2482864290720774
0.171875,0.2578125,0.24652612123665518
0.1796875,0.265625,0.24475076057712675
0.1875,0.2734375,0.24296045553475656
0.1953125,0.28125,0.24115531546314434
0.203125,0.2890625,0.2393354506215029
0.2109375,0.296875,0.23750097216787636
0.21875,0.3046875,0.23565199215230645
0.2265625,0.3125,0.23378862350994356
0.234375,0.3203125,0.23191098005410588
0.2421875,0.328125,0.2300191764692865
0.25,0.3359375,0.2281133283041081
0.2578125,0.34375,0.2261935519642292
0.265625,0.3515625,0.22425996470519638
0.2734375,0.359375,0.22231268462524964
0.28125,0.3671875,0.22035183065807631
0.2890625,0.375,0.21837752256551662
0.296875,0.3828125,0.21638988093021938
0.3046875,0.390625,0.2143890271482498
0.3125,0.3984375,0.21237508342164924
0.3203125,0.40625,0.2103481727509466
0.328125,0.4140625,0.2083084189276237
0.3359375,0.421875,0.2062559465265315
0.34375,0.4296875,0.20419088089826157
0.3515625,0.4375,0.20211334816147097
0.359375,0.4453125,0.2000234751951615
0.3671875,0.453125,0.1979213896309131
0.375,0.4609375,0.19580721984507335
0.3828125,0.46875,0.19368109495090158
0.390625,0.4765625,0.1915431447906703
0.3984375,0.484375,0.18939349992772203
0.40625,0.4921875,0.18723229163848396
0.4140625,0.5,0.18505965190443951
0.421875,0.5078125,0.18287571340405812
0.4296875,0.515625,0.1806806095046837
0.4375,0.5234375,0.1784744742543815
0.4453125,0.53125,0.17625744237374508
0.453125,0.5390625,0.17402964924766173
0.4609375,0.546875,0.17179123091704063
0.46875,0.5546875,0.16954232407049927
0.4765625,0.5625,0.16728306603601317
0.484375,0.5703125,0.16501359477252622
0.4921875,0.578125,0.1627340488615243
0.5,0.5859375,0.16044456749857025
0.5078125,0.59375,0.1581452904848041
0.515625,0.6015625,0.15583635821840552
0.5234375,0.609375,0.15351791168602083
0.53125,0.6171875,0.1511900924541551
0.5390625,0.625,0.14885304266052907
0.546875,0.6328125,0.1465069050054022
0.5546875,0.640625,0.14415182274286165
0.5625,0.6484375,0.14178793967207792
0.5703125,0.65625,0.13941540012852724
0.578125,0.6640625,0.13703434897518307
0.5859375,0.671875,0.13464493159367366
0.59375,0.6796875,0.13224729387540987
0.6015625,0.6875,0.1298415822126814
0.609375,0.6953125,0.12742794348972328
0.6171875,0.703125,0.12500652507375115
0.625,0.7109375,0.12257747480596909
0.6328125,0.71875,0.12014094099254687
0.640625,0.7265625,0.11769707239557067
0.6484375,0.734375,0.11524601822396406
0.65625,0.7421875,0.11278792812438329
0.6640625,0.75,0.11032295217208525
0.671875,0.7578125,0.10785124086176942
0.6796875,0.765625,0.10537294509839445
0.6875,0.7734375,0.10288821618796928
0.6953125,0.78125,0.10039720582832044
0.703125,0.7890625,0.0979000660998355
0.7109375,0.796875,0.09539694945618313
0.71875,0.8046875,0.0928880087150112
0.7265625,0.8125,0.09037339704862334
0.734375,0.8203125,0.08785326797463457
0.7421875,0.828125,0.0853277753466073
0.75,0.8359375,0.0827970733446688
0.7578125,0.84375,0.08026131646611116
0.765625,0.8515625,0.07772065951597576
0.7734375,0.859375,0.0751752575976234
0.78125,0.8671875,0.0726252661032939
0.7890625,0.875,0.07007084070465663
0.796875,0.8828125,0.06751213734335715
0.8046875,0.890625,0.06494931222156565
0.8125,0.8984375,0.06238252179253331
0.8203125,0.90625,0.05981192275116834
0.828125,0.9140625,0.05723767202464502
0.8359375,0.921875,0.05465992676306617
0.84375,0.9296875,0.052078844330207937
0.8515625,0.9375,0.04949458229438846
0.859375,0.9453125,0.0469072984195214
0.8671875,0.953125,0.04431715065644362
0.875,0.9609375,0.04172429713464986
0.8828125,0.96875,0.039128896154630145
0.890625,0.9765625,0.036531106181097825
0.8984375,0.984375,0.03393108583751906
0.90625,0.9921875,0.03132899390249298
0.9140625,1.0,0.02872498930860181
0.0,0.078125,0.28159366937303537
0.0078125,0.0859375,0.2801728412128794
0.015625,0.09375,0.2787349031076206
0.0234375,0.1015625,0.27727994359885977
0.03125,0.109375,0.27580805201960046
0.0390625,0.1171875,0.2743193185659931
0.046875,0.125,0.27281383435282053
0.0546875,0.1328125,0.2712916914490956
0.0625,0.140625,0.2697529828986384
0.0703125,0.1484375,0.2681978027307066
0.078125,0.15625,0.26662624596434065
0.0859375,0.1640625,0.265038408608802
0.09375,0.171875,0.2634343876615748
0.1015625,0.1796875,0.2618142811048429
0.109375,0.1875,0.26017818790099184
0.1171875,0.1953125,0.2585262079874801
0.125,0.203125,0.25685844227128857
0.1328125,0.2109375,0.25517499262308385
0.140625,0.21875,0.25347596187117577
0.1484375,0.2265625,0.25176145379532544
0.15625,0.234375,0.25003157312043517
0.1640625,0.2421875,0.24828642551014568
0.171875,0.25,0.2465261175603516
0.1796875,0.2578125,0.2447507567926492
0.1875,0.265625,0.24296045164771762
0.1953125,0.2734375,0.24115531147864266
0.203125,0.28125,0.23933544654418262
0.2109375,0.2890625,0.23750096800197926
0.21875,0.296875,0.23565198790171615
0.2265625,0.3046875,0.23378861917822405
0.234375,0.3125,0.2319109756445337
0.2421875,0.3203125,0.2300191719848797
0.25,0.328125,0.2281133237476512
0.2578125,0.3359375,0.22619354733829358
0.265625,0.34375,0.22425996001216
0.2734375,0.3515625,0.22231267986731276
0.28125,0.359375,0.220351825837276
0.2890625,0.3671875,0.21837751768373925
0.296875,0.375,0.2163898759892114
0.3046875,0.3828125,0.21438902214962818
0.3125,0.390625,0.2123750783669098
0.3203125,0.3984375,0.21034816764147224
0.328125,0.40625,0.2083084137646905
0.3359375,0.4140625,0.20625594131131592
0.34375,0.421875,0.20419087563184604
0.3515625,0.4296875,0.202113342844849
0.359375,0.4375,0.20002346982924263
0.3671875,0.4453125,0.1979213842165272
0.375,0.453125,0.19580721438297488
0.3828125,0.4609375,0.19368108944177356
0.390625,0.46875,0.19154313923512792
0.3984375,0.4765625,0.1893934943263159
0.40625,0.484375,0.1872322859917035
0.4140625,0.4921875,0.18505964621271587
0.421875,0.5,0.1828757076677674
0.4296875,0.5078125,0.18068060372414926
0.4375,0.515625,0.1784744684298769
0.4453125,0.5234375,0.1762574365054961
0.453125,0.53125,0.1740296433358489
0.4609375,0.5390625,0.1717912249618011
0.46875,0.546875,0.16954231807192902
0.4765625,0.5546875,0.1672830599941684
0.484375,0.5625,0.16501358868742474
0.4921875,0.5703125,0.162734042733147
0.5,0.578125,0.16044456132686222
0.5078125,0.5859375,0.15814528426967514
0.515625,0.59375,0.1558363519597306
0.5234375,0.6015625,0.15351790538364057
0.53125,0.609375,0.15119008610787552
0.5390625,0.6171875,0.1488530362701214
0.546875,0.625,0.14650689857060192
0.5546875,0.6328125,0.14415181626336768
0.5625,0.640625,0.14178793314755092
0.5703125,0.6484375,0.1394153935585883
0.578125,0.65625,0.1370343423594109
0.5859375,0.6640625,0.13464492493160243
0.59375,0.671875,0.13224728716652595
0.6015625,0.6796875,0.1298415754564199
0.609375,0.6875,0.12742793668546362
0.6171875,0.6953125,0.1250065182208129
0.625,0.703125,0.12257746790360621
0.6328125,0.7109375,0.12014093403994211
0.640625,0.71875,0.11769706539182827
0.6484375,0.7265625,0.1152460111681025
0.65625,0.734375,0.11278792101532645
0.6640625,0.7421875,0.1103229450086527
0.671875,0.75,0.10785123364266527
0.6796875,0.7578125,0.10537293782219478
0.6875,0.765625,0.1028882088531079
0.6953125,0.7734375,0.10039719843307263
0.703125,0.78125,0.09790005864229898
0.7109375,0.7890625,0.0953969419342571
0.71875,0.796875,0.09288800112637131
0.7265625,0.8046875,0.09037338939069312
0.734375,0.8125,0.08785326024455199
0.7421875,0.8203125,0.085327767541186
0.75,0.828125,0.08279706546035216
0.7578125,0.8359375,0.08026130849891855
0.765625,0.84375,0.07772065146143828
0.7734375,0.8515625,0.07517524945070782
0.78125,0.859375,0.07262525785831064
0.7890625,0.8671875,0.07007083235514934
0.796875,0.875,0.06751212888196832
0.8046875,0.8828125,0.06494930363987166
0.8125,0.890625,0.062382513080841875
0.8203125,0.8984375,0.05981191389826673
0.828125,0.90625,0.05723766301748464
0.8359375,0.9140625,0.05465991758636504
0.84375,0.921875,0.05207883496594454
0.8515625,0.9296875,0.04949457272115247
0.859375,0.9375,0.04690728861167359
0.8671875,0.9453125,0.044317140583021095
0.875,0.953125,0.04172428675793015
0.8828125,0.9609375,0.03912888542824269
0.890625,0.96875,0.0365310950475452
0.8984375,0.9765625,0.033931074224964275
0.90625,0.984375,0.03132898172073143
0.9140625,0.9921875,0.02872497644439592
0.921875,1.0,0.02611921745677671
0.0,0.0703125,0.28159367063432617
0.0078125,0.078125,0.28017284292035133
0.015625,0.0859375,0.2787349047070267
0.0234375,0.09375,0.2772799448392625
0.03125,0.1015625,0.27580805280859
0.0390625,0.109375,0.27431931888824473
0.046875,0.1171875,0.27281383422787425
0.0546875,0.125,0.27129169091032623
0.0625,0.1328125,0.26975298198311815
0.0703125,0.140625,0.26819780147454386
0.078125,0.1484375,0.26662624440073707
0.0859375,0.15625,0.2650384067674282
0.09375,0.1640625,0.2634343855685684
0.1015625,0.171875,0.2618142787830738
0.109375,0.1796875,0.26017818537042375
0.1171875,0.1875,0.2585262052655451
0.125,0.1953125,0.25685843937323755
0.1328125,0.203125,0.2551749895622981
0.140625,0.2109375,0.2534759586594384
0.1484375,0.21875,0.25176145044305154
0.15625,0.2265625,0.25003156963686807
0.1640625,0.234375,0.24828642190352201
0.171875,0.2421875,0.24652611383804118
0.1796875,0.25,0.24475075296127097
0.1875,0.2578125,0.24296044771323963
0.1953125,0.265625,0.2411553074464646
0.203125,0.2734375,0.23933544241920704
0.2109375,0.28125,0.2375009637886708
0.21875,0.2890625,0.23565198360415318
0.2265625,0.296875,0.2337886148001417
0.234375,0.3046875,0.23191097118936185
0.2421875,0.3125,0.23001916745577347
0.25,0.3203125,0.2281133191475193
0.2578125,0.328125,0.22619354266982206
0.265625,0.3359375,0.22425995527783232
0.2734375,0.34375,0.222312675069428
0.28125,0.3515625,0.22035182097796407
0.2890625,0.359375,0.2183775127649744
0.296875,0.3671875,0.2163898710128247
0.3046875,0.375,0.21438901711731723
0.3125,0.3828125,0.21237507328024832
0.3203125,0.390625,0.2103481625019184
0.328125,0.3984375,0.20830840857359437
0.3359375,0.40625,0.2062559360699254
0.34375,0.4140625,0.20419087034131353
0.3515625,0.421875,0.20211333750623647
0.359375,0.4296875,0.2000234644435265
0.3671875,0.4375,0.1979213787846031
0.375,0.4453125,0.19580720890566158
0.3828125,0.453125,0.19368108391981714
0.390625,0.4609375,0.19154313366920508
0.3984375,0.46875,0.1893934887170375
0.40625,0.4765625,0.1872322803396179
0.4140625,0.484375,0.18505964051831178
0.421875,0.4921875,0.18287570193147673
0.4296875,0.5,0.1806805979463501
0.4375,0.5078125,0.17847446261089578
0.4453125,0.515625,0.17625743064561047
0.453125,0.5234375,0.17402963743528965
0.4609375,0.53125,0.17179121902075437
0.46875,0.5390625,0.1695423120905381
0.4765625,0.546875,0.1672830539725358
0.484375,0.5546875,0.16501358262561358
0.4921875,0.5625,0.16273403663118244
0.5,0.5703125,0.1604445551847328
0.5078125,0.578125,0.15814527808733342
0.515625,0.5859375,0.15583634573709432
0.5234375,0.59375,0.15351789912059274
0.53125,0.6015625,0.151190079804265
0.5390625,0.609375,0.1488530299257627
0.546875,0.6171875,0.14650689218527502
0.5546875,0.625,0.14415180983681722
0.5625,0.6328125,0.14178792667948537
0.5703125,0.640625,0.13941538704867854
0.578125,0.6484375,0.13703433580728872
0.5859375,0.65625,0.1346449183368585
0.59375,0.6640625,0.13224728052870738
0.6015625,0.671875,0.12984156877502726
0.609375,0.6796875,0.12742792995994762
0.6171875,0.6875,0.12500651145057076
0.625,0.6953125,0.122577461087977
0.6328125,0.703125,0.12014092717820189
0.640625,0.7109375,0.11769705848318426
0.6484375,0.71875,0.11524600421168675
0.65625,0.7265625,0.11278791401018842
0.6640625,0.734375,0.11032293795375092
0.671875,0.7421875,0.10785122653685804
0.6796875,0.75,0.10537293066422929
0.6875,0.7578125,0.10288820164160808
0.6953125,0.765625,0.10039719116652521
0.703125,0.7734375,0.09790005131903763
0.7109375,0.78125,0.09539693455244387
0.71875,0.7890625,0.09288799368397554
0.7265625,0.796875,0.09037338188546687
0.734375,0.8046875,0.08785325267400168
0.7421875,0.8125,0.08532775990253877
0.75,0.8203125,0.08279705775051693
0.7578125,0.828125,0.08026130071443967
0.765625,0.8359375,0.0777206435984409
0.7734375,0.84375,0.07517524150483237
0.78125,0.8515625,0.07262524982463446
0.7890625,0.859375,0.07007082422809174
0.796875,0.8671875,0.06751212065517563
0.8046875,0.875,0.06494929530607593
0.8125,0.8828125,0.0623825046316869
0.8203125,0.890625,0.05981190532409151
0.828125,0.8984375,0.05723765430705203
0.8359375,0.90625,0.05465990872651799
0.84375,0.9140625,0.05207882594116719
0.8515625,0.921875,0.04949456351300364
0.859375,0.9296875,0.0469072791980485
0.8671875,0.9375,0.04431713093717855
0.875,0.9453125,0.04172427684719853
0.8828125,0.953125,0.039128875212282
0.890625,0.9609375,0.036531084475997185
0.8984375,0.96875,0.033931063234267686
0.90625,0.9765625,0.031328970229836696
0.9140625,0.984375,0.028724964349152976
0.921875,0.9921875,0.026119204623105317
0.9296875,1.0,0.023511850233577682
0.0,0.0625,0.28159367248623873
0.0078125,0.0703125,0.2801728453975565
0.015625,0.078125,0.2787349070167105
0.0234375,0.0859375,0.2772799466632103
0.03125,0.09375,0.2758080540525594
0.0390625,0.1015625,0.2743193195552834
0.046875,0.109375,0.2728138343591047
0.0546875,0.1171875,0.2712916905583635
0.0625,0.125,0.26975298120066593
0.0703125,0.1328125,0.26819780030993295
0.078125,0.140625,0.26662624289657394
0.0859375,0.1484375,0.2650384049605859
0.09375,0.15625,0.2634343834907039
0.1015625,0.1640625,0.26181427646130273
0.109375,0.171875,0.2601781828279945
0.1171875,0.1796875,0.2585262025224472
0.125,0.1875,0.2568584364467273
0.1328125,0.1953125,0.2551749864673413
0.140625,0.203125,0.253475955409078
0.1484375,0.2109375,0.25176144704871356
0.15625,0.21875,0.25003156610861227
0.1640625,0.2265625,0.24828641825025002
0.171875,0.234375,0.24652611006766742
0.1796875,0.2421875,0.24475074908086605
0.1875,0.25,0.2429604437291474
0.1953125,0.2578125,0.24115530336440183
0.203125,0.265625,0.2393354382443446
0.2109375,0.2734375,0.2375009595257044
0.21875,0.28125,0.23565197925736067
0.2265625,0.2890625,0.2337886103734326
0.234375,0.296875,0.23191096668631997
0.2421875,0.3046875,0.23001916287969212
0.25,0.3125,0.2281133145014316
0.2578125,0.3203125,0.2261935379565274
0.265625,0.328125,0.2242599504999189
0.2734375,0.3359375,0.2223126702292922
0.28125,0.34375,0.22035181607782728
0.2890625,0.3515625,0.2183775078068976
0.296875,0.359375,0.2163898659987211
0.3046875,0.3671875,0.21438901204896374
0.3125,0.375,0.21237506815929516
0.3203125,0.3828125,0.21034815732989776
0.328125,0.390625,0.20830840335192796
0.3359375,0.3984375,0.2062559307999318
0.34375,0.40625,0.20419086502421394
0.3515625,0.4140625,0.2021133321431603
0.359375,0.421875,0.20002345903551602
0.3671875,0.4296875,0.19792137333261894
0.375,0.4375,0.19580720341058605
0.3828125,0.4453125,0.19368107838245865
0.390625,0.453125,0.19154312809030152
0.3984375,0.4609375,0.18939348309725992
0.40625,0.46875,0.1872322746795731
0.4140625,0.4765625,0.18505963481854595
0.421875,0.484375,0.1828756961924779
0.4296875,0.4921875,0.18068059216855098
0.4375,0.5,0.17847445679467622
0.4453125,0.5078125,0.17625742479129997
0.453125,0.515625,0.17402963154316953
0.4609375,0.5234375,0.17179121309105988
0.46875,0.53125,0.16954230612346066
0.4765625,0.5390625,0.1672830479682244
0.484375,0.546875,0.16501357658417717
0.4921875,0.5546875,0.1627340305526907
0.5,0.5625,0.16044454906921773
0.5078125,0.5703125,0.1581452719347909
0.515625,0.578125,0.1558363395474844
0.5234375,0.5859375,0.1535178928938411
0.53125,0.59375,0.15119007354026287
0.5390625,0.6015625,0.1488530236243675
0.546875,0.609375,0.14650688584631025
0.5546875,0.6171875,0.14415180346007228
0.5625,0.625,0.14178792026471507
0.5703125,0.6328125,0.13941538059560227
0.578125,0.640625,0.1370343293155892
0.5859375,0.6484375,0.13464491180618035
0.59375,0.65625,0.13224727395865563
0.6015625,0.6640625,0.12984156216516482
0.609375,0.671875,0.12742792330979255
0.6171875,0.6796875,0.1250065047595935
0.625,0.6875,0.1225774543555967
0.6328125,0.6953125,0.1201409204037823
0.640625,0.703125,0.11769705166602924
0.6484375,0.7109375,0.11524599735103454
0.65625,0.71875,0.11278790710520605
0.6640625,0.7265625,0.11032293100352697
0.671875,0.734375,0.10785121954039475
0.6796875,0.7421875,0.10537292362043381
0.6875,0.75,0.10288819454928198
0.6953125,0.7578125,0.10039718402435291
0.703125,0.765625,0.09790004412557289
0.7109375,0.7734375,0.0953969273060943
0.71875,0.78125,0.0928879863829849
0.7265625,0.7890625,0.09037337452789422
0.734375,0.796875,0.08785324525769733
0.7421875,0.8046875,0.08532775242511637
0.75,0.8125,0.08279705020932013
0.7578125,0.8203125,0.08026129310650354
0.765625,0.828125,0.07772063592044548
0.7734375,0.8359375,0.07517523375304774
0.78125,0.84375,0.07262524199485479
0.7890625,0.8515625,0.07007081631555526
0.796875,0.859375,0.06751211265446774
0.8046875,0.8671875,0.06494928721101065
0.8125,0.875,0.06238249643516012
0.8203125,0.8828125,0.05981189701789875
0.828125,0.890625,0.05723764588165959
0.8359375,0.8984375,0.05465990017077284
0.84375,0.90625,0.05207881724192554
0.8515625,0.9140625,0.0494945546546503
0.859375,0.921875,0.046907270161867076
0.8671875,0.9296875,0.04431712170051697
0.875,0.9375,0.04172426738234806
0.8828125,0.9453125,0.039128865484952174
0.890625,0.953125,0.03653107444321392
0.8984375,0.9609375,0.03393105284144315
0.90625,0.96875,0.03132895940665209
0.9140625,0.9765625,0.028724953003775342
0.921875,0.984375,0.02611919263421594
0.9296875,0.9921875,0.02351183744007271
0.9375,1.0,0.020903046717711607
0.0,0.0546875,0.2815936752574779
0.0078125,0.0625,0.28017284902153544
0.015625,0.0703125,0.27873491033264247
0.0234375,0.078125,0.27727994927899585
0.03125,0.0859375,0.27580805589264573
0.0390625,0.09375,0.2743193206616071
0.046875,0.1015625,0.2728138348096534
0.0546875,0.109375,0.27129169043542384
0.0625,0.1171875,0.269752980579492
0.0703125,0.125,0.268197799255636
0.078125,0.1328125,0.2666262414641815
0.0859375,0.140625,0.26503840319618466
0.09375,0.1484375,0.263434381432825
0.1015625,0.15625,0.26181427414223146
0.109375,0.1640625,0.26017818027489964
0.1171875,0.171875,0.2585261997583182
0.125,0.1796875,0.2568584334911362
0.1328125,0.1875,0.2551749833370572
0.140625,0.1953125,0.25347595211856094
0.1484375,0.203125,0.25176144361051156
0.15625,0.2109375,0.25003156253368175
0.1640625,0.21875,0.2482864145482146
0.171875,0.2265625,0.24652610624702864
0.1796875,0.234375,0.2447507451491748
0.1875,0.2421875,0.2429604396931449
0.1953125,0.25,0.2411552992301357
0.203125,0.2578125,0.23933543401726506
0.2109375,0.265625,0.23750095521074385
0.21875,0.2734375,0.23565197485900063
0.2265625,0.28125,0.2337886058957598
0.234375,0.2890625,0.23191096213307263
0.2421875,0.296875,0.23001915825430147
0.25,0.3046875,0.22811330980705455
0.2578125,0.3125,0.2261935331960756
0.265625,0.3203125,0.2242599456760836
0.2734375,0.328125,0.22231266534456526
0.28125,0.3359375,0.22035181113451957
0.2890625,0.34375,0.2183775028071545
0.296875,0.3515625,0.21638986094453655
0.3046875,0.359375,0.21438900694219176
0.3125,0.3671875,0.21237506300166054
0.3203125,0.375,0.21034815212300495
0.328125,0.3828125,0.20830839809726923
0.3359375,0.390625,0.20625592549889438
0.34375,0.3984375,0.20419085967808612
0.3515625,0.40625,0.20211332675313776
0.359375,0.4140625,0.2000234536027062
0.3671875,0.421875,0.19792136785804604
0.375,0.4296875,0.1958071978951955
0.3828125,0.4375,0.19368107282712024
0.390625,0.4453125,0.19154312249581398
0.3984375,0.453125,0.1893934774643536
0.40625,0.4609375,0.18723226900891354
0.4140625,0.46875,0.18505962911073623
0.421875,0.4765625,0.18287569044806226
0.4296875,0.484375,0.1806805863880167
0.4375,0.4921875,0.1784744509784567
0.4453125,0.5,0.17625741893977676
0.453125,0.5078125,0.17402962565667487
0.4609375,0.515625,0.17179120716987864
0.46875,0.5234375,0.1695423001678323
0.4765625,0.53125,0.16728304197834518
0.484375,0.5390625,0.1650135705602016
0.4921875,0.546875,0.16273402449473337
0.5,0.5546875,0.16044454297735475
0.5078125,0.5625,0.1581452658090611
0.515625,0.5703125,0.15583633338789074
0.5234375,0.578125,0.15351788670035132
0.53125,0.5859375,0.1511900673128105
0.5390625,0.59375,0.14885301736285217
0.546875,0.6015625,0.14650687955059857
0.5546875,0.609375,0.14415179712999743
0.5625,0.6171875,0.1417879139000769
0.5703125,0.625,0.139415374196167
0.578125,0.6328125,0.13703432288108866
0.5859375,0.640625,0.1346449053363111
0.59375,0.6484375,0.13224726745307747
0.6015625,0.65625,0.1298415556234996
0.609375,0.6640625,0.12742791673162246
0.6171875,0.671875,0.1250064981444578
0.625,0.6796875,0.12257744770298978
0.6328125,0.6875,0.12014091371315022
0.640625,0.6953125,0.11769704493676596
0.6484375,0.703125,0.11524599058247785
0.65625,0.7109375,0.11278790029663237
0.6640625,0.71875,0.11032292415414621
0.671875,0.7265625,0.10785121264934344
0.6796875,0.734375,0.10537291668676786
0.6875,0.7421875,0.10288818757196841
0.6953125,0.75,0.10039717700226003
0.703125,0.7578125,0.09790003705745937
0.7109375,0.765625,0.09539692019059627
0.71875,0.7734375,0.09288797921860122
0.7265625,0.78125,0.09037336731296959
0.734375,0.7890625,0.08785323799040197
0.7421875,0.796875,0.08532774510342311
0.75,0.8046875,0.08279704283097705
0.7578125,0.8125,0.08026128566900168
0.765625,0.8203125,0.07772062842098068
0.7734375,0.828125,0.07517522618847519
0.78125,0.8359375,0.07262523436163441
0.7890625,0.84375,0.07007080860968588
0.796875,0.8515625,0.06751210487140714
0.8046875,0.859375,0.06494927934557762
0.8125,0.8671875,0.06238248848141374
0.8203125,0.875,0.0598118889689882
0.828125,0.8828125,0.057237637729635485
0.8359375,0.890625,0.05465989190634842
0.84375,0.8984375,0.05207880885417035
0.8515625,0.90625,0.04949454613059344
0.859375,0.9140625,0.04690726148597642
0.8671875,0.921875,0.04431711285400644
0.875,0.9296875,0.04172425834224273
0.8828125,0.9375,0.0391288562228065
0.890625,0.9453125,0.03653106492332531
0.8984375,0.953125,0.03393104301831879
0.90625,0.9609375,0.031328949221356255
0.9140625,0.96875,0.02872494237858373
0.921875,0.9765625,0.02611918146472625
0.9296875,0.984375,0.023511825583650163
0.9375,0.9921875,0.020903033977419733
0.9453125,1.0,0.018292966050871336
0.0,0.046875,0.2815936795287736
0.0078125,0.0546875,0.2801728544151467
0.015625,0.0625,0.2787349151056142
0.0234375,0.0703125,0.27727995298266334
0.03125,0.078125,0.2758080585183302
0.0390625,0.0859375,0.2743193223282387
0.046875,0.09375,0.2728138356572419
0.0546875,0.1015625,0.27129169059173364
0.0625,0.109375,0.2697529801521636
0.0703125,0.1171875,0.26819779833272184
0.078125,0.125,0.26662624011703595
0.0859375,0.1328125,0.26503840148262225
0.09375,0.140625,0.26343437939989517
0.1015625,0.1484375,0.26181427182847844
0.109375,0.15625,0.2601781777121451
0.1171875,0.1640625,0.25852619697304996
0.125,0.171875,0.2568584305055848
0.1328125,0.1796875,0.25517498017003315
0.140625,0.1875,0.25347594878610735
0.1484375,0.1953125,0.2517614401264155
0.15625,0.203125,0.25003155890987855
0.1640625,0.2109375,0.2482864107951082
0.171875,0.21875,0.246526102373748
0.1796875,0.2265625,0.24475074116377984
0.1875,0.234375,0.24296043560279393
0.1953125,0.2421875,0.2411552950412208
0.203125,0.25,0.23933542973552377
0.2109375,0.2578125,0.23750095084135092
0.21875,0.265625,0.23565197040664407
0.2265625,0.2734375,0.23378860136470409
0.234375,0.28125,0.23191095752721164
0.2421875,0.2890625,0.23001915357720262
0.25,0.296875,0.22811330506199695
0.2578125,0.3046875,0.22619352838608123
0.265625,0.3125,0.22425994080394435
0.2734375,0.3203125,0.2223126604128662
0.28125,0.328125,0.22035180614565858
0.2890625,0.3359375,0.2183774977633593
0.296875,0.34375,0.21638985584787887
0.3046875,0.3515625,0.21438900179460066
0.3125,0.359375,0.21237505780493304
0.3203125,0.3671875,0.21034814687881578
0.328125,0.375,0.20830839280717917
0.3359375,0.3828125,0.20625592016435756
0.34375,0.390625,0.20419085430045675
0.3515625,0.3984375,0.20211332133367585
0.359375,0.40625,0.2000234481425831
0.3671875,0.4140625,0.19792136235834856
0.375,0.421875,0.19580719235693067
0.3828125,0.4296875,0.1936810672512192
0.390625,0.4375,0.191543116883135
0.3984375,0.4453125,0.18939347181568617
0.40625,0.453125,0.18723226332498097
0.4140625,0.4609375,0.18505962339219909
0.421875,0.46875,0.18287568469552007
0.4296875,0.4765625,0.18068058060201178
0.4375,0.484375,0.17847444515947578
0.4453125,0.4921875,0.17625741308825368
0.453125,0.5,0.17402961977299286
0.4609375,0.5078125,0.17179120125437233
0.46875,0.515625,0.1695422942207898
0.4765625,0.5234375,0.16728303600001004
0.484375,0.53125,0.16501356455077434
0.4921875,0.5390625,0.16273401845437385
0.5,0.546875,0.16044453690618318
0.5078125,0.5546875,0.15814525970715967
0.515625,0.5625,0.15583632725530494
0.5234375,0.5703125,0.1535178805370911
0.53125,0.578125,0.15119006111885125
0.5390625,0.5859375,0.1488530111381357
0.546875,0.59375,0.1465068732950336
0.5546875,0.6015625,0.14415179084346008
0.5625,0.609375,0.14178790758241094
0.5703125,0.6171875,0.139415367847184
0.578125,0.625,0.13703431650056772
0.5859375,0.6328125,0.1346448989239984
0.59375,0.640625,0.13224726100868542
0.6015625,0.6484375,0.12984154914670615
0.609375,0.65625,0.1274279102220693
0.6171875,0.6640625,0.12500649160174956
0.625,0.671875,0.12257744112669132
0.6328125,0.6796875,0.12014090710278455
0.640625,0.6875,0.11769703829181132
0.6484375,0.6953125,0.1152459839023646
0.65625,0.703125,0.112787893580739
0.6640625,0.7109375,0.1103229174017951
0.671875,0.71875,0.1078512058597958
0.6796875,0.7265625,0.10537290985921785
0.6875,0.734375,0.10288818070553642
0.6953125,0.7421875,0.10039717009598491
0.703125,0.75,0.09790003011028972
0.7109375,0.7578125,0.09539691320138001
0.71875,0.765625,0.09288797218607368
0.7265625,0.7734375,0.09037336023573976
0.734375,0.78125,0.0878532308669365
0.7421875,0.7890625,0.08532773793202734
0.75,0.796875,0.08279703560977317
0.7578125,0.8046875,0.0802612783959025
0.765625,0.8125,0.07772062109365883
0.7734375,0.8203125,0.07517521880432657
0.78125,0.828125,0.07262522691773383
0.7890625,0.8359375,0.0700708011027344
0.796875,0.84375,0.06751209729766702
0.8046875,0.8515625,0.0649492717007941
0.8125,0.859375,0.062382480760717736
0.8203125,0.8671875,0.059811881166775584
0.828125,0.875,0.05723762983941591
0.8359375,0.8828125,0.05465988392055359
0.84375,0.890625,0.052078800763908736
0.8515625,0.8984375,0.049494537925332295
0.859375,0.90625,0.04690725315312464
0.8671875,0.9140625,0.04431710437835908
0.875,0.921875,0.04172424970523
0.8828125,0.9296875,0.039128847401460734
0.890625,0.9375,0.03653105588883307
0.8984375,0.9453125,0.033931033733949775
0.90625,0.953125,0.031328939639434256
0.9140625,0.9609375,0.02872493243595222
0.921875,0.96875,0.02611917107580123
0.9296875,0.9765625,0.02351181462956438
0.9375,0.984375,0.020903022288932725
0.9453125,0.9921875,0.018292953382309667
0.953125,1.0,0.015681767417103937
0.0,0.0390625,0.28159368640387317
0.0078125,0.046875,0.28017286265927666
0.015625,0.0546875,0.27873492204039085
0.0234375,0.0625,0.2772799581995742
0.03125,0.0703125,0.2758080621841461
0.0390625,0.078125,0.27431932470912807
0.046875,0.0859375,0.2728138369963665
0.0546875,0.09375,0.2712916910860389
0.0625,0.1015625,0.269752979955479
0.0703125,0.109375,0.26819779756423284
0.078125,0.1171875,0.266626238869395
0.0859375,0.125,0.26503839982845295
0.09375,0.1328125,0.26343437739671405
0.1015625,0.140625,0.2618142695223451
0.109375,0.1484375,0.26017817514035807
0.1171875,0.15625,0.25852619416614214
0.125,0.1640625,0.256858427488814
0.1328125,0.171875,0.25517497696450137
0.140625,0.1796875,0.2534759454096121
0.1484375,0.1875,0.25176143659410116
0.15625,0.1953125,0.2500315552347409
0.1640625,0.203125,0.24828640698838741
0.171875,0.2109375,0.2465260984452389
0.1796875,0.21875,0.24475073712207757
0.1875,0.2265625,0.24296043145549068
0.1953125,0.234375,0.24115529079506412
0.203125,0.2421875,0.2393354253965454
0.2109375,0.25,0.23750094641497146
0.21875,0.2578125,0.2356519658977592
0.2265625,0.265625,0.23378859677775576
0.234375,0.2734375,0.2319109528662474
0.2421875,0.28125,0.23001914884592467
0.25,0.2890625,0.2281133002638037
0.2578125,0.296875,0.22619352352410196
0.265625,0.3046875,0.22425993588106885
0.2734375,0.3125,0.22231265543176967
0.28125,0.3203125,0.2203518011088228
0.2890625,0.328125,0.21837749267309084
0.296875,0.3359375,0.2163898507063253
0.3046875,0.34375,0.21438899660376276
0.3125,0.3515625,0.21237505256667777
0.3203125,0.359375,0.2103481415948855
0.328125,0.3671875,0.20830838747920088
0.3359375,0.375,0.20625591479385041
0.34375,0.3828125,0.20419084888883884
0.3515625,0.390625,0.20211331588227005
0.359375,0.3984375,0.2000234426526229
0.3671875,0.40625,0.19792135683098225
0.375,0.4140625,0.19580718679322584
0.3828125,0.421875,0.19368106165216672
0.390625,0.4296875,0.1915431112496526
0.3984375,0.4375,0.18939346614862151
0.40625,0.4453125,0.1872322576251149
0.4140625,0.453125,0.18505961766024837
0.421875,0.4609375,0.18287567893214035
0.4296875,0.46875,0.18068057480779962
0.4375,0.4765625,0.17847443933497145
0.4453125,0.484375,0.17625740723394343
0.453125,0.4921875,0.17402961388931096
0.4609375,0.5,0.1717911953417034
0.46875,0.5078125,0.1695422882794707
0.4765625,0.515625,0.1672830300303318
0.484375,0.5234375,0.16501355855298427
0.4921875,0.53125,0.16273401242867686
0.5,0.5390625,0.16044453085274388
0.5078125,0.546875,0.15814525362610368
0.515625,0.5546875,0.15583632114672044
0.5234375,0.5625,0.15351787440103018
0.53125,0.5703125,0.15119005495533103
0.5390625,0.578125,0.14885300494713952
0.546875,0.5859375,0.14650686707651173
0.5546875,0.59375,0.14415178459733083
0.5625,0.6015625,0.14178790130856098
0.5703125,0.609375,0.1394153615454688
0.578125,0.6171875,0.13703431017081194
0.5859375,0.625,0.13464489256599568
0.59375,0.6328125,0.13224725462219838
0.6015625,0.640625,0.1298415427314656
0.609375,0.6484375,0.12742790377777397
0.6171875,0.65625,0.12500648512806486
0.625,0.6640625,0.12257743462324819
0.6328125,0.671875,0.12014090056917778
0.640625,0.6796875,0.11769703172759773
0.6484375,0.6875,0.11524597730706047
0.65625,0.6953125,0.11278788695381757
0.6640625,0.703125,0.11032291074268304
0.671875,0.7109375,0.1078511991678697
0.6796875,0.71875,0.10537290313379968
0.6875,0.7265625,0.10288817394588833
0.6953125,0.734375,0.10039716330130338
0.703125,0.7421875,0.0979000232796986
0.7109375,0.75,0.09539690633392266
0.71875,0.7578125,0.0928879652807037
0.7265625,0.765625,0.09037335329130998
0.734375,0.7734375,0.0878532238821868
0.7421875,0.78125,0.08532773090556948
0.75,0.7890625,0.08279702854007387
0.7578125,0.796875,0.08026127128126276
0.765625,0.8046875,0.07772061393219008
0.7734375,0.8125,0.07517521159392143
0.78125,0.8203125,0.07262521965603198
0.7890625,0.828125,0.0700707937870808
0.796875,0.8359375,0.06751208992506183
0.8046875,0.84375,0.0649492642678305
0.8125,0.8515625,0.06238247326350689
0.8203125,0.859375,0.05981187360085233
0.828125,0.8671875,0.057237622199621176
0.8359375,0.875,0.05465987620088554
0.84375,0.8828125,0.05207879295733264
0.8515625,0.890625,0.04949453002353443
0.859375,0.8984375,0.04690724514618985
0.8671875,0.90625,0.04431709625434194
0.875,0.9140625,0.04172424144957534
0.8828125,0.921875,0.03912883899620665
0.890625,0.9296875,0.036531047311492544
0.8984375,0.9375,0.033931024955906074
0.90625,0.9453125,0.03132893062358064
0.9140625,0.953125,0.028724923133122013
0.921875,0.9609375,0.02611916141919881
0.9296875,0.96875,0.023511804525781346
0.9375,0.9765625,0.020903011602952846
0.9453125,0.984375,0.01829294191176899
0.953125,0.9921875,0.015681754848183994
0.9609375,1.0,0.013069610014328296
0.0,0.03125,0.2815936982209985
0.0078125,0.0390625,0.2801728757433268
0.015625,0.046875,0.27873493226746426
0.0234375,0.0546875,0.2772799655446031
0.03125,0.0625,0.2758080672298022
0.0390625,0.0703125,0.2743193279971592
0.046875,0.078125,0.272813838939431
0.0546875,0.0859375,0.27129169198517117
0.0625,0.09375,0.26975298002963943
0.0703125,0.1015625,0.2681977969743647
0.078125,0.109375,0.2666262377355977
0.0859375,0.1171875,0.2650383982418232
0.09375,0.125,0.26343437542747566
0.1015625,0.1328125,0.2618142672254738
0.109375,0.140625,0.2601781725595208
0.1171875,0.1484375,0.2585261913364962
0.125,0.15625,0.25685842443902357
0.1328125,0.1640625,0.25517497371821274
0.140625,0.171875,0.2534759419865455
0.1484375,0.1796875,0.2517614330108715
0.15625,0.1875,0.25003155150547973
0.1640625,0.1953125,0.24828640312522224
0.171875,0.203125,0.24652609445866355
0.1796875,0.2109375,0.24475073302124384
0.1875,0.21875,0.2429604272484381
0.1953125,0.2265625,0.24115528648890322
0.203125,0.234375,0.23933542099760552
0.2109375,0.2421875,0.2375009419289198
0.21875,0.25,0.23565196132969804
0.2265625,0.2578125,0.23378859213230263
0.234375,0.265625,0.23191094814760022
0.2421875,0.2734375,0.23001914405791676
0.25,0.28125,0.22811329540994896
0.2578125,0.2890625,0.22619351860763334
0.265625,0.296875,0.22425993090496987
0.2734375,0.3046875,0.22231265039880158
0.28125,0.3125,0.22035179602154753
0.2890625,0.3203125,0.2183774875338907
0.296875,0.328125,0.2163898455174192
0.3046875,0.3359375,0.214388991367221
0.3125,0.34375,0.21237504728443382
0.3203125,0.3515625,0.2103481362687468
0.328125,0.359375,0.20830838211085798
0.3359375,0.3671875,0.20625590938488506
0.34375,0.375,0.20419084344073077
0.3515625,0.3828125,0.20211331039640332
0.359375,0.390625,0.2000234371302912
0.3671875,0.3984375,0.1979213512733937
0.375,0.40625,0.19580718120150736
0.3828125,0.4140625,0.19368105602736804
0.390625,0.421875,0.19154310559274948
0.3984375,0.4296875,0.18939346046051928
0.40625,0.4375,0.18723225190665113
0.4140625,0.4453125,0.18505961191219594
0.421875,0.453125,0.18287567315521008
0.4296875,0.4609375,0.18068056900264248
0.4375,0.46875,0.178474433502181
0.4453125,0.4765625,0.17625740137405818
0.453125,0.484375,0.17402960800281658
0.4609375,0.4921875,0.17179118942903457
0.46875,0.5,0.16954228234101315
0.4765625,0.5078125,0.16728302406642453
0.484375,0.515625,0.16501355256392114
0.4921875,0.5234375,0.16273400641470834
0.5,0.53125,0.16044452481407911
0.5078125,0.5390625,0.15814524756291196
0.515625,0.546875,0.15583631505913265
0.5234375,0.5546875,0.15351786828914032
0.53125,0.5625,0.15119004881919784
0.5390625,0.5703125,0.14885299878678754
0.546875,0.578125,0.14650686089193246
0.5546875,0.5859375,0.14415177838848384
0.5625,0.59375,0.14178789507537473
0.5703125,0.6015625,0.13941535528784157
0.578125,0.609375,0.13703430388861218
0.5859375,0.6171875,0.1346448862590627
0.59375,0.625,0.13224724829034237
0.6015625,0.6328125,0.1298415363744679
0.609375,0.640625,0.12742789739538676
0.6171875,0.6484375,0.12500647872001075
0.625,0.65625,0.12257742818921998
0.6328125,0.6640625,0.12014089410883716
0.640625,0.671875,0.1176970252405743
0.6484375,0.6796875,0.11524597079295044
0.65625,0.6875,0.11278788041218157
0.6640625,0.6953125,0.11032290417304426
0.671875,0.703125,0.10785119256971112
0.6796875,0.7109375,0.105372896506561
0.6875,0.71875,0.10288816728896225
0.6953125,0.7265625,0.10039715661403145
0.703125,0.734375,0.09790001656136593
0.7109375,0.7421875,0.09539689958375229
0.71875,0.75,0.09288795849784959
0.7265625,0.7578125,0.09037334647484911
0.734375,0.765625,0.0878532170311096
0.7421875,0.7734375,0.08532772401876901
0.75,0.78125,0.08279702161633262
0.7578125,0.7890625,0.0802612643192375
0.765625,0.796875,0.0777206069303935
0.7734375,0.8046875,0.07517520455070062
0.78125,0.8125,0.07262521256954234
0.7890625,0.8203125,0.07007078665525492
0.796875,0.828125,0.06751208274557148
0.8046875,0.8359375,0.06494925703804072
0.8125,0.84375,0.0623824659804189
0.8203125,0.8515625,0.0598118662610334
0.828125,0.859375,0.05723761479911683
0.8359375,0.8671875,0.05465986873510867
0.84375,0.875,0.05207878542092213
0.8515625,0.8828125,0.04949452241017272
0.859375,0.890625,0.04690723744836442
0.8671875,0.8984375,0.04431708846302908
0.875,0.90625,0.04172423355381376
0.8828125,0.9140625,0.039128830982512665
0.890625,0.921875,0.03653103916304087
0.8984375,0.9296875,0.03393101665135634
0.90625,0.9375,0.03132892213535167
0.9140625,0.9453125,0.02872491442477687
0.921875,0.953125,0.026119152441343614
0.9296875,0.9609375,0.023511795209372004
0.9375,0.96875,0.02090300184785688
0.9453125,0.9765625,0.01829293156617005
0.953125,0.984375,0.015681743669369055
0.9609375,0.9921875,0.013069597590693947
0.96875,1.0,0.01045665300917579
0.0,0.0234375,0.28159372094586854
0.0078125,0.03125,0.28017289758874947
0.015625,0.0390625,0.2787349476382355
0.0234375,0.046875,0.27727997590259534
0.03125,0.0546875,0.2758080740997879
0.0390625,0.0625,0.27431933242676126
0.046875,0.0703125,0.2728138416150461
0.0546875,0.078125,0.2712916933616801
0.0625,0.0859375,0.2697529804161742
0.0703125,0.09375,0.2681977965868464
0.078125,0.1015625,0.2666262367288529
0.0859375,0.109375,0.2650383967295781
0.09375,0.1171875,0.26343437349510934
0.1015625,0.125,0.26181426493835797
0.109375,0.1328125,0.26017816996860643
0.1171875,0.140625,0.25852618848214
0.125,0.1484375,0.25685842135366405
0.1328125,0.15625,0.25517497042827636
0.140625,0.1640625,0.2534759385138289
0.1484375,0.171875,0.25176142937355855
0.15625,0.1796875,0.25003154771890246
0.1640625,0.1875,0.24828639920243506
0.171875,0.1953125,0.2465260904108847
0.1796875,0.203125,0.2447507288581956
0.1875,0.2109375,0.24296042297861425
0.1953125,0.21875,0.24115528211977988
0.203125,0.2265625,0.23933541653580884
0.2109375,0.234375,0.237500937380361
0.21875,0.2421875,0.23565195669968228
0.2265625,0.25,0.2337885874256177
0.234375,0.2578125,0.23191094336858975
0.2421875,0.265625,0.23001913921053962
0.25,0.2734375,0.22811329049782933
0.2578125,0.28125,0.22619351363410228
0.265625,0.2890625,0.22425992587309967
0.2734375,0.296875,0.2223126453114347
0.28125,0.3046875,0.22035179088132162
0.2890625,0.3125,0.21837748234325915
0.296875,0.3203125,0.21638984027866873
0.3046875,0.328125,0.21438898608248702
0.3125,0.3359375,0.2123750419557129
0.3203125,0.34375,0.21034813089790824
0.328125,0.3515625,0.20830837669965296
0.3359375,0.359375,0.2062559039349552
0.34375,0.3671875,0.2041908379536151
0.3515625,0.375,0.20211330487354473
0.359375,0.3828125,0.20002343157304173
0.3671875,0.390625,0.19792134568301967
0.375,0.3984375,0.19580717557919336
0.3828125,0.40625,0.19368105037422115
0.390625,0.4140625,0.19154309990980267
0.3984375,0.421875,0.18939345474873423
0.40625,0.4296875,0.18723224616692163
0.4140625,0.4375,0.1850596061453504
0.421875,0.4453125,0.18287566736201394
0.4296875,0.453125,0.18068056318380077
0.4375,0.4609375,0.1784744276583405
0.4453125,0.46875,0.1762573955058096
0.453125,0.4765625,0.17402960211069687
0.4609375,0.484375,0.17179118351352848
0.46875,0.4921875,0.16954227640255579
0.4765625,0.5,0.16728301810540253
0.484375,0.5078125,0.1650135465806755
0.4921875,0.515625,0.16273400040953537
0.5,0.5234375,0.16044451878723245
0.5078125,0.53125,0.15814524151460466
0.515625,0.5390625,0.15583630898953849
0.5234375,0.546875,0.15351786219839533
0.53125,0.5546875,0.15119004270740208
0.5390625,0.5625,0.14885299265400648
0.546875,0.5703125,0.14650685473819822
0.5546875,0.578125,0.1441517722137966
0.5625,0.5859375,0.14178788887970395
0.5703125,0.59375,0.13941534907112707
0.578125,0.6015625,0.13703429765076486
0.5859375,0.609375,0.1346448799999655
0.59375,0.6171875,0.1322472420098511
0.6015625,0.625,0.12984153007241156
0.609375,0.6328125,0.127427891071568
0.6171875,0.640625,0.125006472374206
0.625,0.6484375,0.1225774218211795
0.6328125,0.65625,0.12014088771828513
0.640625,0.6640625,0.11769701882720787
0.6484375,0.671875,0.11524596435643937
0.65625,0.6796875,0.11278787395216751
0.6640625,0.6875,0.11032289768913903
0.671875,0.6953125,0.10785118606149557
0.6796875,0.703125,0.10537288997358288
0.6875,0.7109375,0.10288816073073415
0.6953125,0.71875,0.1003971500300277
0.703125,0.7265625,0.09790000995101947
0.7109375,0.734375,0.09539689294645054
0.71875,0.7421875,0.09288795183292997
0.7265625,0.75,0.09037333978159336
0.734375,0.7578125,0.08785321030873731
0.7421875,0.765625,0.0853277172664299
0.75,0.7734375,0.08279701483309736
0.7578125,0.78125,0.08026125750408712
0.765625,0.7890625,0.07772060008220628
0.7734375,0.796875,0.07517519766823687
0.78125,0.8046875,0.07262520565142606
0.7890625,0.8125,0.07007077969995164
0.796875,0.8203125,0.06751207575136142
0.8046875,0.828125,0.06494925000298615
0.8125,0.8359375,0.062382458902324
0.8203125,0.84375,0.059811859137394674
0.828125,0.8515625,0.057237607627061274
0.8359375,0.859375,0.054659861511315876
0.84375,0.8671875,0.05207877814152525
0.8515625,0.875,0.04949451507063098
0.859375,0.8828125,0.046907230043297166
0.8671875,0.890625,0.0443170809859963
0.875,0.8984375,0.04172422599702168
0.8828125,0.90625,0.03912882333641134
0.890625,0.9140625,0.036531031415763256
0.8984375,0.921875,0.033931008787918285
0.90625,0.9296875,0.031328914136480965
0.9140625,0.9375,0.028724906265146198
0.921875,0.9453125,0.02611914408680813
0.9296875,0.953125,0.023511786612466445
0.9375,0.9609375,0.020902992940078413
0.9453125,0.96875,0.018292922243922413
0.953125,0.9765625,0.015681733766372753
0.9609375,0.984375,0.013069586818573965
0.96875,0.9921875,0.010456640814547448
0.9765625,1.0,0.007843055451144052
0.0,0.015625,0.2815937753991125
0.0078125,0.0234375,0.2801729365067518
0.015625,0.03125,0.2787349711994431
0.0234375,0.0390625,0.2772799905124033
0.03125,0.046875,0.27580808334920653
0.0390625,0.0546875,0.274319338266176
0.046875,0.0625,0.27281384516007967
0.0546875,0.0703125,0.27129169528784647
0.0625,0.078125,0.26975298115376234
0.0703125,0.0859375,0.2681977964220806
0.078125,0.09375,0.2666262358592772
0.0859375,0.1015625,0.26503839529590156
0.09375,0.109375,0.2634343716003249
0.1015625,0.1171875,0.26181426265966345
0.109375,0.125,0.2601781673650877
0.1171875,0.1328125,0.25852618559986895
0.125,0.140625,0.25685841822916894
0.1328125,0.1484375,0.2551749670909589
0.140625,0.15625,0.25347593498768123
0.1484375,0.1640625,0.25176142567840715
0.15625,0.171875,0.2500315438713214
0.1640625,0.1796875,0.24828639521642984
0.171875,0.1875,0.2465260862984083
0.1796875,0.1953125,0.2447507246295447
0.1875,0.203125,0.24296041864273563
0.1953125,0.2109375,0.24115527768451056
0.203125,0.21875,0.23933541200806563
0.2109375,0.2265625,0.2375009327662915
0.21875,0.234375,0.2356519520047867
0.2265625,0.2421875,0.23378858265484642
0.234375,0.25,0.2319109385264239
0.2421875,0.2578125,0.23001913430105625
0.25,0.265625,0.22811328552475588
0.2578125,0.2734375,0.22619350860086074
0.265625,0.28125,0.22425992078284462
0.2734375,0.2890625,0.22231264016708405
0.28125,0.296875,0.22035178568558292
0.2890625,0.3046875,0.2183774770986518
0.296875,0.3125,0.21638983498754238
0.3046875,0.3203125,0.21438898074703788
0.3125,0.328125,0.2123750365779967
0.3203125,0.3359375,0.21034812547985213
0.328125,0.34375,0.20830837124306556
0.3359375,0.3515625,0.20625589844153483
0.34375,0.359375,0.2041908324249574
0.3515625,0.3671875,0.2021132993111487
0.359375,0.375,0.20002342597831577
0.3671875,0.3828125,0.19792134005728598
0.375,0.390625,0.1958071699236927
0.3828125,0.3984375,0.1936810446901165
0.390625,0.40625,0.19154309419818252
0.3984375,0.4140625,0.18939344901061592
0.40625,0.421875,0.18723224040325412
0.4140625,0.4296875,0.18505960035701674
0.421875,0.4375,0.1828756615498339
0.4296875,0.4453125,0.18068055734853283
0.4375,0.453125,0.17847442180068457
0.4453125,0.4609375,0.1762573896264083
0.453125,0.46875,0.17402959621013825
0.4609375,0.4765625,0.17179117759234766
0.46875,0.484375,0.1695422704612369
0.4765625,0.4921875,0.16728301214438082
0.484375,0.5,0.16501354060033857
0.4921875,0.5078125,0.16273399441022554
0.5,0.515625,0.16044451276924868
0.5078125,0.5234375,0.15814523547820342
0.515625,0.53125,0.15583630293493655
0.5234375,0.5390625,0.15351785612577076
0.53125,0.546875,0.15119003661689626
0.5390625,0.5546875,0.14885298654572543
0.546875,0.5625,0.1465068486122144
0.5546875,0.5703125,0.14415176607015034
0.5625,0.578125,0.14178788271840465
0.5703125,0.5859375,0.13941534289215493
0.578125,0.59375,0.13703429145407192
0.5859375,0.6015625,0.1346448737854768
0.59375,0.609375,0.13224723577746578
0.6015625,0.6171875,0.129841523822004
0.609375,0.625,0.1274278848029884
0.6171875,0.6328125,0.1250064660872813
0.625,0.640625,0.1225774155157138
0.6328125,0.6484375,0.12014088139406015
0.640625,0.65625,0.11769701248398351
0.6484375,0.6640625,0.11524595799395339
0.65625,0.671875,0.11278786757013563
0.6640625,0.6796875,0.11032289128725473
0.671875,0.6875,0.10785117963942928
0.6796875,0.6953125,0.10537288353098127
0.6875,0.703125,0.10288815426721916
0.6953125,0.7109375,0.10039714354519504
0.703125,0.71875,0.09790000344443676
0.7109375,0.7265625,0.09539688641765515
0.71875,0.734375,0.09288794528142627
0.7265625,0.7421875,0.09037333320684955
0.734375,0.75,0.0878532037101813
0.7421875,0.7578125,0.08532771064344474
0.75,0.765625,0.08279700818501551
0.7578125,0.7734375,0.0802612508301835
0.765625,0.78125,0.0777205933816905
0.7734375,0.7890625,0.07517519094024314
0.78125,0.796875,0.07262519889500182
0.7890625,0.8046875,0.07007077291404303
0.796875,0.8125,0.06751206893479642
0.8046875,0.8203125,0.06494924315445341
0.8125,0.828125,0.062382452020347284
0.8203125,0.8359375,0.05981185222030094
0.828125,0.84375,0.057237600672941216
0.8359375,0.8515625,0.054659854517974095
0.84375,0.859375,0.05207877110641728
0.8515625,0.8671875,0.04949450799078234
0.859375,0.875,0.04690722291519832
0.8671875,0.8828125,0.04431707380546446
0.875,0.890625,0.04172421875901635
0.8828125,0.8984375,0.03912881603478334
0.890625,0.90625,0.03653102404290743
0.8984375,0.9140625,0.03393100133428129
0.90625,0.921875,0.03132890658984628
0.9140625,0.9296875,0.028724898609564207
0.921875,0.9375,0.026119136300938758
0.9296875,0.9453125,0.02351177866690331
0.9375,0.953125,0.020902984792807826
0.9453125,0.9609375,0.01829291383212744
0.953125,0.96875,0.015681724990440665
0.9609375,0.9765625,0.013069577507539247
0.96875,0.984375,0.01045663064021032
0.9765625,0.9921875,0.007843043665772565
0.984375,1.0,0.005228976069849008
0.0,0.0078125,0.281593968085527
0.0078125,0.015625,0.2801730110378724
0.015625,0.0234375,0.2787350077676623
0.0234375,0.03125,0.27728001097135063
0.03125,0.0390625,0.2758080955998186
0.0390625,0.046875,0.2743193457846871
0.046875,0.0546875,0.27281384969927813
0.0546875,0.0625,0.271291697823346
0.0625,0.0703125,0.26975298227068545
0.0703125,0.078125,0.26819779649242126
0.078125,0.0859375,0.26662623513086675
0.0859375,0.09375,0.26503839394032586
0.09375,0.1015625,0.263434369740273
0.1015625,0.109375,0.2618142603853058
0.109375,0.1171875,0.26017816474428934
0.1171875,0.125,0.2585261826847821
0.125,0.1328125,0.25685841506061846
0.1328125,0.140625,0.25517496370143605
0.140625,0.1484375,0.25347593140343466
0.1484375,0.15625,0.2517614219209329
0.15625,0.1640625,0.2500315399584458
0.1640625,0.171875,0.2482863911631071
0.171875,0.1796875,0.24652608211731844
0.1796875,0.1875,0.24475072033154688
0.1875,0.1953125,0.24296041423721604
0.1953125,0.203125,0.24115527317965327
0.203125,0.2109375,0.2393354074110642
0.2109375,0.21875,0.23750092808351694
0.21875,0.2265625,0.23565194724192104
0.2265625,0.234375,0.23378857781699114
0.234375,0.2421875,0.23191093361818635
0.2421875,0.25,0.2300191293266216
0.25,0.2578125,0.22811328048794496
0.2578125,0.265625,0.22619350350517825
0.265625,0.2734375,0.22425991563151926
0.2734375,0.28125,0.22231263496310177
0.28125,0.2890625,0.22035178043171444
0.2890625,0.296875,0.21837747179747619
0.296875,0.3046875,0.2163898296414668
0.3046875,0.3125,0.21438897535831392
0.3125,0.3203125,0.2123750311487345
0.3203125,0.328125,0.2103481200120329
0.328125,0.3359375,0.20830836573855113
0.3359375,0.34375,0.20625589290207674
0.34375,0.3515625,0.20419082685220452
0.3515625,0.359375,0.20211329370665373
0.359375,0.3671875,0.2000234203435405
0.3671875,0.375,0.19792133439360676
0.375,0.3828125,0.19580716423240435
0.3828125,0.390625,0.19368103897243585
0.390625,0.3984375,0.19154308845525245
0.3984375,0.40625,0.18939344324350801
0.40625,0.4140625,0.18723223461297128
0.4140625,0.421875,0.18505959454449603
0.421875,0.4296875,0.1828756557159485
0.4296875,0.4375,0.1806805514940946
0.4375,0.4453125,0.17847441592644542
0.4453125,0.453125,0.17625738373306316
0.453125,0.4609375,0.17402959029832601
0.4609375,0.46875,0.17179117166265387
0.46875,0.4765625,0.1695422645141948
0.4765625,0.484375,0.1672830061804739
0.484375,0.4921875,0.1650135346200017
0.4921875,0.5,0.16273398841384734
0.5,0.5078125,0.1604445067571727
0.5078125,0.515625,0.15814522945073076
0.515625,0.5234375,0.15583629689232664
0.5234375,0.53125,0.1535178500682439
0.53125,0.5390625,0.15119003054463478
0.5390625,0.546875,0.14885298045887607
0.546875,0.5546875,0.14650684251088947
0.5546875,0.5625,0.14415175995442955
0.5625,0.5703125,0.14178787658833694
0.5703125,0.578125,0.1394153367477597
0.578125,0.5859375,0.13703428529534112
0.5859375,0.59375,0.13464486761237598
0.59375,0.6015625,0.13224722958993568
0.6015625,0.609375,0.12984151761996188
0.609375,0.6171875,0.12742787858632945
0.6171875,0.625,0.12500645985587966
0.625,0.6328125,0.12257740926942375
0.6328125,0.640625,0.12014087513271716
0.640625,0.6484375,0.1176970062074051
0.6484375,0.65625,0.1152459517019399
0.65625,0.6640625,0.11278786126247095
0.6640625,0.671875,0.11032288496370665
0.671875,0.6796875,0.10785117329975014
0.6796875,0.6875,0.10537287717490786
0.6875,0.6953125,0.10288814789447294
0.6953125,0.703125,0.10039713715548192
0.703125,0.7109375,0.0978999970374467
0.7109375,0.71875,0.09539687999306148
0.71875,0.7265625,0.09288793883888484
0.7265625,0.734375,0.09037332674599727
0.734375,0.7421875,0.08785319723063473
0.7421875,0.75,0.08532770414479783
0.75,0.7578125,0.08279700166683708
0.7578125,0.765625,0.08026124429201402
0.765625,0.7734375,0.07772058682303801
0.7734375,0.78125,0.07517518436057853
0.78125,0.7890625,0.07262519229375271
0.7890625,0.796875,0.07007076629058692
0.796875,0.8046875,0.06751206228845132
0.8046875,0.8125,0.06494923648446732
0.8125,0.8203125,0.062382445325884474
0.8203125,0.828125,0.05981184550042573
0.828125,0.8359375,0.05723759392659669
0.8359375,0.84375,0.05465984774395641
0.84375,0.8515625,0.052078764303342386
0.8515625,0.859375,0.049494501157043784
0.859375,0.8671875,0.04690721604891236
0.8671875,0.875,0.0443170669043983
0.875,0.8828125,0.041724211820492706
0.8828125,0.890625,0.039128809055551404
0.890625,0.8984375,0.03653101701896557
0.8984375,0.90625,0.03393099426062796
0.90625,0.9140625,0.03132889946012141
0.9140625,0.921875,0.028724891415518806
0.921875,0.9296875,0.026119129031623955
0.9296875,0.9375,0.023511771307381125
0.9375,0.9453125,0.02090297732200261
0.9453125,0.953125,0.018292906219030867
0.953125,0.9609375,0.015681717186896236
0.9609375,0.96875,0.013069569433134556
0.96875,0.9765625,0.010456622146161124
0.9765625,0.984375,0.007843034429844957
0.984375,0.9921875,0.00522896516901924
0.9921875,1.0,0.0026145726752867067
0.0,0.0,0.2815950232135055
0.0078125,0.0078125,0.28017315989768754
0.015625,0.015625,0.2787350636561249
0.0234375,0.0234375,0.2772800388742117
0.03125,0.03125,0.2758081113604426
0.0390625,0.0390625,0.2743193551665202
0.046875,0.046875,0.2728138553021889
0.0546875,0.0546875,0.27129170099249955
0.0625,0.0625,0.2697529837721734
0.0703125,0.0703125,0.2681977967948019
0.078125,0.078125,0.2666262345370219
0.0859375,0.0859375,0.26503839265491463
0.09375,0.09375,0.263434367906716
0.1015625,0.1015625,0.26181425810722997
0.109375,0.109375,0.260178162098553
0.1171875,0.1171875,0.25852617972969855
0.125,0.125,0.256858411841323
0.1328125,0.1328125,0.2551749602534901
0.140625,0.140625,0.25347592775530947
0.1484375,0.1484375,0.25176141809575575
0.15625,0.15625,0.25003153597525507
0.1640625,0.1640625,0.24828638703776756
0.171875,0.171875,0.2465260778632015
0.1796875,0.1796875,0.2447507159600418
0.1875,0.1875,0.24296040975811983
0.1953125,0.1953125,0.24115526860147032
0.203125,0.203125,0.23933540274124157
0.2109375,0.2109375,0.2375009233286277
0.21875,0.21875,0.2356519424078111
0.2265625,0.2265625,0.23378857290889535
0.234375,0.234375,0.23191092864082383
0.2421875,0.2421875,0.23001912428427165
0.25,0.25,0.22811327538450973
0.2578125,0.2578125,0.2261934983442344
0.265625,0.265625,0.22425991041635976
0.2734375,0.2734375,0.2223126296967714
0.28125,0.28125,0.22035177511703938
0.2890625,0.2890625,0.2183774664370878
0.296875,0.296875,0.21638982423782294
0.3046875,0.3046875,0.21438896991371564
0.3125,0.3125,0.21237502566534158
0.3203125,0.3203125,0.21034811449187477
0.328125,0.328125,0.20830836018353882
0.3359375,0.3359375,0.20625588731401115
0.34375,0.34375,0.20419082123278426
0.3515625,0.3515625,0.20211328805748158
0.359375,0.359375,0.20002341466612922
0.3671875,0.3671875,0.19792132868938378
0.375,0.375,0.1958071585027163
0.3828125,0.3828125,0.19368103321855207
0.390625,0.390625,0.19154308267836823
0.3984375,0.3984375,0.18939343744474765
0.40625,0.40625,0.18723222879339083
0.4140625,0.4140625,0.18505958870508502
0.421875,0.421875,0.182875649857633
0.4296875,0.4296875,0.18068054561773872
0.4375,0.4375,0.1784744100328537
0.4453125,0.4453125,0.17625737782298143
0.453125,0.453125,0.17402958437244445
0.4609375,0.4609375,0.17179116572160782
0.46875,0.46875,0.1695422585585672
0.4765625,0.4765625,0.16728300021079615
0.484375,0.484375,0.16501352863675642
0.4921875,0.4921875,0.16273398241746923
0.5,0.5,0.16044450074805083
0.5078125,0.5078125,0.15814522342921003
0.515625,0.515625,0.15583629085870984
0.5234375,0.5234375,0.1535178440227933
0.53125,0.53125,0.1511900244875742
0.5390625,0.5390625,0.14885297439039225
0.546875,0.546875,0.14650683643113438
0.5546875,0.5546875,0.144151753863522
0.5625,0.5625,0.14178787048636463
0.5703125,0.5703125,0.13941533063478065
0.578125,0.578125,0.13703427917138578
0.5859375,0.5859375,0.13464486147744906
0.59375,0.59375,0.13224722344401774
0.6015625,0.6015625,0.12984151146301104
0.609375,0.609375,0.12742787241828327
0.6171875,0.6171875,0.12500645367665658
0.625,0.625,0.12257740307892488
0.6328125,0.6328125,0.1201408689308276
0.640625,0.640625,0.11769699999399554
0.6484375,0.6484375,0.11524594547686812
0.65625,0.65625,0.11278785502558303
0.6640625,0.6640625,0.1103228787148384
0.671875,0.671875,0.10785116703872813
0.6796875,0.6796875,0.10537287090155067
0.6875,0.6875,0.10288814160859219
0.6953125,0.6953125,0.10039713085688315
0.703125,0.703125,0.0978999907259304
0.7109375,0.7109375,0.09539687366842374
0.71875,0.71875,0.09288793250091795
0.7265625,0.7265625,0.09037332039449032
0.734375,0.734375,0.08785319086537405
0.7421875,0.7421875,0.08532769776556713
0.75,0.75,0.08279699527341762
0.7578125,0.7578125,0.0802612378841844
0.765625,0.765625,0.0777205804005739
0.7734375,0.7734375,0.07517517792325207
0.78125,0.78125,0.07262518584133146
0.7890625,0.7890625,0.0700707598228325
0.796875,0.796875,0.06751205580511796
0.8046875,0.8046875,0.06494922998529915
0.8125,0.8125,0.06238243881061264
0.8203125,0.8203125,0.05981183896876416
0.828125,0.828125,0.057237587378237406
0.8359375,0.8359375,0.05465984117856259
0.84375,0.84375,0.0520787577205401
0.8515625,0.8515625,0.04949449455641085
0.859375,0.859375,0.04690720942996412
0.8671875,0.8671875,0.044317060266568654
0.875,0.875,0.04172420516310896
0.8828125,0.8828125,0.03912880237780044
0.890625,0.890625,0.03653101031984729
0.8984375,0.8984375,0.03393098753889058
0.90625,0.90625,0.031328892714169214
0.9140625,0.9140625,0.02872488464327751
0.921875,0.921875,0.026119122230338555
0.9296875,0.9296875,0.023511764473301524
0.9375,0.9375,0.02090297044987434
0.9453125,0.9453125,0.018292899301227152
0.953125,0.953125,0.015681710211843104
0.9609375,0.9609375,0.013069562382212704
0.96875,0.96875,0.010456614986923492
0.9765625,0.9765625,0.007843027098776535
0.984375,0.984375,0.005228957516652954
0.9921875,0.9921875,0.0026145642083890645
1.0,1.0,0.0
0.0078125,0.0,0.28017341106332205
0.015625,0.0078125,0.27873514069898886
0.0234375,0.015625,0.27728007428211554
0.03125,0.0234375,0.27580813053503306
0.0390625,0.03125,0.27431936632387516
0.046875,0.0390625,0.2728138619024581
0.0546875,0.046875,0.27129170474581626
0.0625,0.0546875,0.26975298562057637
0.0703125,0.0625,0.2681977972998347
0.078125,0.0703125,0.2666262340542288
0.0859375,0.078125,0.2650383914204346
0.09375,0.0859375,0.26343436608361676
0.1015625,0.09375,0.261814255811841
0.109375,0.1015625,0.26017815941618744
0.1171875,0.109375,0.25852617672443695
0.125,0.1171875,0.25685840856231684
0.1328125,0.125,0.2551749567391485
0.140625,0.1328125,0.25347592403615216
0.1484375,0.140625,0.25176141419640524
0.15625,0.1484375,0.2500315319158524
0.1640625,0.15625,0.24828638283500074
0.171875,0.1640625,0.24652607353106112
0.1796875,0.171875,0.24475071151038766
0.1875,0.1796875,0.24296040520110923
0.1953125,0.1875,0.24115526394588713
0.203125,0.1953125,0.23933539799475018
0.2109375,0.203125,0.23750091849797308
0.21875,0.2109375,0.23565193749897592
0.2265625,0.21875,0.23378856792722616
0.234375,0.2265625,0.23191092359113108
0.2421875,0.234375,0.2300191191709116
0.25,0.2421875,0.22811327021145067
0.2578125,0.25,0.2261934931151108
0.265625,0.2578125,0.22425990513451702
0.2734375,0.265625,0.22231262436530277
0.28125,0.2734375,0.22035176973881634
0.2890625,0.28125,0.21837746101478603
0.296875,0.2890625,0.21638981877394298
0.3046875,0.296875,0.21438896441060157
0.3125,0.3046875,0.21237502012519544
0.3203125,0.3125,0.21034810891676986
0.328125,0.3203125,0.20830835457542995
0.3359375,0.328125,0.20625588167474396
0.34375,0.3359375,0.20419081556410307
0.3515625,0.34375,0.20211328236103585
0.359375,0.3515625,0.20002340894347925
0.3671875,0.359375,0.1979213229420056
0.375,0.3671875,0.19580715273200563
0.3828125,0.375,0.19368102742582843
0.390625,0.3828125,0.19154307686487743
0.3984375,0.390625,0.1893934316116652
0.40625,0.3984375,0.18723222294182404
0.4140625,0.40625,0.1850595828360756
0.421875,0.4140625,0.18287564397215852
0.4296875,0.421875,0.18068053971671505
0.4375,0.4296875,0.1784744041171365
0.4453125,0.4375,0.17625737189336824
0.453125,0.4453125,0.1740295784296759
0.4609375,0.453125,0.17179115976636924
0.46875,0.4609375,0.16954225259149056
0.4765625,0.46875,0.1672829942324616
0.484375,0.4765625,0.16501352264769376
0.4921875,0.484375,0.16273397641815981
0.5,0.4921875,0.16044449473892905
0.5078125,0.5,0.1581452174106653
0.515625,0.5078125,0.15583628483108797
0.5234375,0.515625,0.15351783798639898
0.53125,0.5234375,0.15119001844267219
0.5390625,0.53125,0.14885296833720976
0.546875,0.5390625,0.14650683036986278
0.5546875,0.546875,0.1441517477943188
0.5625,0.5546875,0.14178786440935548
0.5703125,0.5625,0.13941532455006148
0.578125,0.5703125,0.1370342730790248
0.5859375,0.578125,0.13464485537748863
0.59375,0.5859375,0.13224721733647662
0.6015625,0.59375,0.12984150534788635
0.609375,0.6015625,0.12742786629555258
0.6171875,0.609375,0.12500644754628001
0.625,0.6171875,0.12257739694084692
0.6328125,0.625,0.12014086278497946
0.640625,0.6328125,0.11769699384029682
0.6484375,0.640625,0.11524593931522918
0.65625,0.6484375,0.11278784885590666
0.6640625,0.65625,0.11032287253702197
0.671875,0.6640625,0.10785116085266556
0.6796875,0.671875,0.10537286470713439
0.6875,0.6796875,0.10288813540571497
0.6953125,0.6875,0.10039712464544033
0.703125,0.6953125,0.09789998450582178
0.7109375,0.703125,0.09539686743955543
0.71875,0.7109375,0.09288792626320473
0.7265625,0.71875,0.09037331414785765
0.734375,0.7265625,0.08785318460976013
0.7421875,0.734375,0.08532769150092544
0.75,0.7421875,0.0827969889997191
0.7578125,0.75,0.08026123160142025
0.765625,0.7578125,0.07772057410875824
0.7734375,0.765625,0.07517517162242494
0.78125,0.7734375,0.07262517953156228
0.7890625,0.78125,0.07007075350422358
0.796875,0.7890625,0.06751204947780881
0.8046875,0.796875,0.06494922364947132
0.8125,0.8046875,0.06238243246649513
0.8203125,0.8125,0.05981183261664008
0.828125,0.8203125,0.05723758101845137
0.8359375,0.828125,0.054659834811530306
0.84375,0.8359375,0.05207875134675948
0.8515625,0.84375,0.04949448817647602
0.859375,0.8515625,0.04690720304458287
0.8671875,0.859375,0.04431705387658473
0.875,0.8671875,0.04172419876953079
0.8828125,0.875,0.03912879598183909
0.890625,0.8828125,0.036531003922967244
0.8984375,0.890625,0.03393098114287944
0.90625,0.8984375,0.03132888632123549
0.9140625,0.90625,0.028724878256191567
0.921875,0.9140625,0.026119115852642125
0.9296875,0.921875,0.023511758109630843
0.9375,0.9296875,0.020902964106479873
0.9453125,0.9375,0.018292892986854464
0.953125,0.9453125,0.01568170393932409
0.9609375,0.953125,0.013069556171585069
0.96875,0.9609375,0.010456608872242399
0.9765625,0.96875,0.007843021145397295
0.984375,0.9765625,0.005228951876182506
0.9921875,0.984375,0.002614559376620251
1.0,0.9921875,0.0
0.015625,0.0,0.2787352070871434
0.0234375,0.0078125,0.27728011131176244
0.03125,0.015625,0.2758081513433881
0.0390625,0.0234375,0.2743193785491857
0.046875,0.03125,0.27281386916341294
0.0546875,0.0390625,0.27129170890078375
0.0625,0.046875,0.2697529877065785
0.0703125,0.0546875,0.268197797936689
0.078125,0.0625,0.26662623363360527
0.0859375,0.0703125,0.2650383902013794
0.09375,0.078125,0.2634343642440834
0.1015625,0.0859375,0.2618142534780576
0.109375,0.09375,0.26017815668018845
0.1171875,0.1015625,0.2585261736549506
0.125,0.109375,0.256858405211761
0.1328125,0.1171875,0.25517495314826
0.140625,0.125,0.25347592023713067
0.1484375,0.1328125,0.2517614102150969
0.15625,0.140625,0.25003152777329973
0.1640625,0.1484375,0.24828637854855976
0.171875,0.15625,0.24652606911522226
0.1796875,0.1640625,0.2447507069773866
0.1875,0.171875,0.24296040056138815
0.1953125,0.1796875,0.24115525920844674
0.203125,0.1875,0.23933539316742206
0.2109375,0.1953125,0.23750091358763176
0.21875,0.203125,0.23565193251170616
0.2265625,0.2109375,0.23378856286845534
0.234375,0.21875,0.23191091846573578
0.2421875,0.2265625,0.2300191139833031
0.25,0.234375,0.22811326496564419
0.2578125,0.2421875,0.22619348781478232
0.265625,0.25,0.22425989978304986
0.2734375,0.2578125,0.22231261896582558
0.28125,0.265625,0.22035176429423498
0.2890625,0.2734375,0.2183774555278098
0.296875,0.28125,0.2163898132471069
0.3046875,0.2890625,0.2143889588462842
0.3125,0.296875,0.21237501452563473
0.3203125,0.3046875,0.21034810328407602
0.328125,0.3125,0.20830834891159608
0.3359375,0.3203125,0.20625587598165548
0.34375,0.328125,0.20419080984354543
0.3515625,0.3359375,0.20211327661470113
0.359375,0.34375,0.20002340317297165
0.3671875,0.3515625,0.19792131714884645
0.375,0.359375,0.1958071469176373
0.3828125,0.3671875,0.1936810215916178
0.390625,0.375,0.191543071012119
0.3984375,0.3828125,0.18939342574158366
0.40625,0.390625,0.18723221705557674
0.4140625,0.3984375,0.18505957693475447
0.421875,0.40625,0.18287563805679205
0.4296875,0.4140625,0.18068053378826976
0.4375,0.421875,0.17847439817651903
0.4453125,0.4296875,0.17625736594142674
0.453125,0.4375,0.17402957246720097
0.4609375,0.4453125,0.17179115379409626
0.46875,0.453125,0.1695422466101006
0.4765625,0.4609375,0.16728298824258325
0.484375,0.46875,0.16501351664990435
0.4921875,0.4765625,0.16273397041298732
0.5,0.484375,0.1604444887268536
0.5078125,0.4921875,0.15814521139212057
0.515625,0.5,0.15583627880646353
0.5234375,0.5078125,0.15351783195604157
0.53125,0.515625,0.1511900124068881
0.5390625,0.5234375,0.14885296229626627
0.546875,0.53125,0.14650682432399045
0.5546875,0.5390625,0.14415174174371362
0.5625,0.546875,0.14178785835418087
0.5703125,0.5546875,0.13941531849045044
0.578125,0.5625,0.13703426701508215
0.5859375,0.5703125,0.13464484930929355
0.59375,0.578125,0.13224721126408462
0.6015625,0.5859375,0.12984149927133162
0.609375,0.59375,0.12742786021485064
0.6171875,0.6015625,0.12500644146142997
0.625,0.609375,0.12257739085183399
0.6328125,0.6171875,0.12014085669177718
0.640625,0.625,0.11769698774286995
0.6484375,0.6328125,0.11524593321353589
0.65625,0.640625,0.1127878427499014
0.6640625,0.6484375,0.11032286642665783
0.671875,0.65625,0.10785115473789711
0.6796875,0.6640625,0.10537285858792032
0.6875,0.671875,0.10288812928202098
0.6953125,0.6796875,0.10039711851724199
0.703125,0.6875,0.09789997837310747
0.7109375,0.6953125,0.09539686130232963
0.71875,0.703125,0.09288792012149129
0.7265625,0.7109375,0.09037330800170335
0.734375,0.71875,0.08785317845923846
0.7421875,0.7265625,0.08532768534614057
0.75,0.734375,0.08279698284081052
0.7578125,0.7421875,0.08026122543856751
0.765625,0.75,0.07772056794218657
0.7734375,0.7578125,0.07517516545241126
0.78125,0.765625,0.07262517335844222
0.7890625,0.7734375,0.0700707473283993
0.796875,0.78125,0.06751204329975824
0.8046875,0.7890625,0.06494921746975876
0.8125,0.796875,0.06238242628578409
0.8203125,0.8046875,0.05981182643570792
0.828125,0.8125,0.05723757483820765
0.8359375,0.8203125,0.05465982863303836
0.84375,0.828125,0.05207874517126343
0.8515625,0.8359375,0.049494482005434146
0.859375,0.84375,0.04690719687970944
0.8671875,0.8515625,0.044317047719903434
0.875,0.859375,0.04172419262344361
0.8828125,0.8671875,0.03912878984921653
0.890625,0.875,0.036530997807268734
0.8984375,0.8828125,0.033930975048316686
0.90625,0.890625,0.031328880252999
0.9140625,0.8984375,0.028724872220772215
0.921875,0.90625,0.026119109858300238
0.9296875,0.9140625,0.023511752167102176
0.9375,0.921875,0.02090295823007839
0.9453125,0.9296875,0.018292887196272343
0.953125,0.9375,0.015681698262732
0.9609375,0.9453125,0.013069550651339867
0.96875,0.953125,0.010456603576330086
0.9765625,0.9609375,0.007843016193116776
0.984375,0.96875,0.005228947505613898
0.9921875,0.9765625,0.002614556169082741
1.0,0.984375,0.0
0.0234375,0.0,0.2772801297714603
0.03125,0.0078125,0.2758081685491835
0.0390625,0.015625,0.2743193899930083
0.046875,0.0234375,0.2728138762881235
0.0546875,0.03125,0.2712917130618166
0.0625,0.0390625,0.26975298981157203
0.0703125,0.046875,0.26819779857385495
0.078125,0.0546875,0.2666262331903818
0.0859375,0.0625,0.26503838893989445
0.09375,0.0703125,0.2634343623466953
0.1015625,0.078125,0.2618142510750043
0.109375,0.0859375,0.2601781538667398
0.1171875,0.09375,0.2585261705023258
0.125,0.1015625,0.25685840177425595
0.1328125,0.109375,0.25517494946801494
0.140625,0.1171875,0.25347591634738953
0.1484375,0.125,0.25176140614248305
0.15625,0.1328125,0.25003152353943203
0.1640625,0.140625,0.24828637417122348
0.171875,0.1484375,0.24652606460922669
0.1796875,0.15625,0.24475070235520446
0.1875,0.1640625,0.24296039583363813
0.1953125,0.171875,0.24115525438426097
0.203125,0.1796875,0.2393353882547299
0.2109375,0.1875,0.2375009085933813
0.21875,0.1953125,0.2356519274420378
0.2265625,0.203125,0.2337885577288393
0.234375,0.2109375,0.23191091326108232
0.2421875,0.21875,0.23001910871805092
0.25,0.2265625,0.22811325964383236
0.2578125,0.234375,0.22619348244010826
0.265625,0.2421875,0.2242598943589171
0.2734375,0.25,0.22231261349538334
0.28125,0.2578125,0.22035175878040994
0.2890625,0.265625,0.21837744997333383
0.296875,0.2734375,0.2163898076545385
0.3046875,0.28125,0.2143889532180278
0.3125,0.2890625,0.21237500886395602
0.3203125,0.296875,0.21034809759111475
0.328125,0.3046875,0.20830834318937738
0.3359375,0.3125,0.20625587023209882
0.34375,0.3203125,0.20419080406847204
0.3515625,0.328125,0.20211327081584166
0.359375,0.3359375,0.20002339735197022
0.3671875,0.34375,0.197921311307266
0.375,0.3515625,0.1958071410569633
0.3828125,0.359375,0.1936810157132624
0.390625,0.3671875,0.19154306511742272
0.3984375,0.375,0.18939341983181837
0.40625,0.3828125,0.18723221113194782
0.4140625,0.390625,0.18505957099840295
0.421875,0.3984375,0.18287563210879573
0.4296875,0.40625,0.18068052782964533
0.4375,0.4140625,0.17847439220822273
0.4453125,0.421875,0.17625735996435685
0.453125,0.4296875,0.17402956648219817
0.4609375,0.4375,0.1717911478019452
0.46875,0.4453125,0.1695422406115315
0.4765625,0.453125,0.16728298223827306
0.484375,0.4609375,0.16501351064047803
0.4921875,0.46875,0.1627339643990196
0.5,0.4765625,0.1604444827088703
0.5078125,0.484375,0.15814520537060026
0.515625,0.4921875,0.15583627278183923
0.5234375,0.5,0.1535178259287026
0.53125,0.5078125,0.1511900063771819
0.5390625,0.515625,0.14885295626450068
0.546875,0.5234375,0.14650681829043527
0.5546875,0.53125,0.14415173570860285
0.5625,0.5390625,0.1417878523177152
0.5703125,0.546875,0.13941531245279964
0.578125,0.5546875,0.13703426097638696
0.5859375,0.5625,0.13464484326966858
0.59375,0.5703125,0.1322472052236211
0.6015625,0.578125,0.1298414932300993
0.609375,0.5859375,0.12742785417290087
0.6171875,0.59375,0.12500643541879858
0.625,0.6015625,0.12257738480854401
0.6328125,0.609375,0.12014085064784154
0.640625,0.6171875,0.1176969816982946
0.6484375,0.625,0.1152459271683227
0.65625,0.6328125,0.11278783670405154
0.6640625,0.640625,0.11032286038017461
0.671875,0.6484375,0.10785114869078945
0.6796875,0.65625,0.10537285254020624
0.6875,0.6640625,0.10288812323373106
0.6953125,0.671875,0.10039711246842306
0.703125,0.6796875,0.09789997232382672
0.7109375,0.6875,0.09539685525267863
0.71875,0.6953125,0.09288791407159044
0.7265625,0.703125,0.09037330195170663
0.734375,0.7109375,0.08785317240933876
0.7421875,0.71875,0.08532767929657523
0.75,0.7265625,0.08279697679186737
0.7578125,0.734375,0.08026121939059205
0.765625,0.7421875,0.07772056189558953
0.7734375,0.75,0.07517515940767747
0.78125,0.7578125,0.07262516731614037
0.7890625,0.765625,0.07007074128919362
0.796875,0.7734375,0.06751203726442147
0.8046875,0.78125,0.06494921143918789
0.8125,0.7890625,0.06238242026101853
0.8203125,0.796875,0.05981182041795138
0.828125,0.8046875,0.05723756882885408
0.8359375,0.8125,0.05465982263370386
0.84375,0.8203125,0.052078739183824996
0.8515625,0.828125,0.049494476032077676
0.859375,0.8359375,0.046907190922989915
0.8671875,0.84375,0.044317041782821025
0.875,0.8515625,0.04172418670954123
0.8828125,0.859375,0.03912878396270677
0.890625,0.8671875,0.03653099195320145
0.8984375,0.875,0.03393096923280393
0.90625,0.8828125,0.03132887448352317
0.9140625,0.890625,0.028724866506616552
0.921875,0.8984375,0.02611910421116578
0.9296875,0.90625,0.023511746602016527
0.9375,0.9140625,0.020902952766778365
0.9453125,0.921875,0.018292881861389356
0.953125,0.9296875,0.015681693093406165
0.9609375,0.9375,0.013069545701534551
0.96875,0.9453125,0.010456598928637106
0.9765625,0.953125,0.007843011982791128
0.984375,0.9609375,0.0052289439751781845
0.9921875,0.96875,0.0026145538113569147
1.0,0.9765625,0.0
0.03125,0.0,0.2758081723315086
0.0390625,0.0078125,0.27431939719483706
0.046875,0.015625,0.2728138818272153
0.0546875,0.0234375,0.2712917165348615
0.0625,0.03125,0.26975299156647886
0.0703125,0.0390625,0.26819779899782276
0.078125,0.046875,0.2666262325921815
0.0859375,0.0546875,0.2650383875489973
0.09375,0.0625,0.26343436033140877
0.1015625,0.0703125,0.26181424855944374
0.109375,0.078125,0.2601781509435512
0.1171875,0.0859375,0.2585261672416744
0.125,0.09375,0.2568583982300862
0.1328125,0.1015625,0.2551749456824174
0.140625,0.109375,0.25347591235367684
0.1484375,0.1171875,0.25176140196738045
0.15625,0.125,0.25003151920465855
0.1640625,0.1328125,0.24828636969464704
0.171875,0.140625,0.24652606000571983
0.1796875,0.1484375,0.24475069763728466
0.1875,0.15625,0.24296039101195244
0.1953125,0.1640625,0.24115524946795813
0.203125,0.171875,0.23933538325174628
0.2109375,0.1796875,0.2375009035106656
0.21875,0.1875,0.235651922285727
0.2265625,0.1953125,0.23378855250439817
0.234375,0.203125,0.23191090797341446
0.2421875,0.2109375,0.23001910337158932
0.25,0.21875,0.22811325424261128
0.2578125,0.2265625,0.2261934769878226
0.265625,0.234375,0.22425988885897002
0.2734375,0.2421875,0.22231260795092658
0.28125,0.25,0.2203517531943762
0.2890625,0.2578125,0.21837744434846343
0.296875,0.265625,0.21638980199340205
0.3046875,0.2734375,0.21438894752304494
0.3125,0.28125,0.21237500313741098
0.3203125,0.2890625,0.21034809183516895
0.328125,0.296875,0.20830833740608054
0.3359375,0.3046875,0.20625586442339822
0.34375,0.3125,0.20419079823621974
0.3515625,0.3203125,0.20211326496180054
0.359375,0.328125,0.2000233914778203
0.3671875,0.3359375,0.1979213054146081
0.375,0.34375,0.19580713514732315
0.3828125,0.3515625,0.1936810097880932
0.390625,0.359375,0.19154305917810868
0.3984375,0.3671875,0.18939341387967648
0.40625,0.375,0.18723220516822964
0.4140625,0.3828125,0.18505956502429657
0.421875,0.390625,0.18287562612542707
0.4296875,0.3984375,0.18068052183807967
0.4375,0.40625,0.178474386209466
0.4453125,0.4140625,0.176257353959356
0.453125,0.421875,0.17402956047184345
0.4609375,0.4296875,0.17179114178707064
0.46875,0.4375,0.16954223459291592
0.4765625,0.4453125,0.16728297621664176
0.484375,0.453125,0.16501350461650363
0.4921875,0.4609375,0.1627339583733235
0.5,0.46875,0.16044447668202444
0.5078125,0.4765625,0.15814519934312823
0.515625,0.484375,0.15583626675421783
0.5234375,0.4921875,0.1535178199013639
0.53125,0.5,0.15119000035051483
0.5390625,0.5078125,0.14885295023885312
0.546875,0.515625,0.14650681226611637
0.5546875,0.5234375,0.1441517296858849
0.5625,0.53125,0.14178784629683594
0.5703125,0.5390625,0.13941530643396463
0.578125,0.546875,0.13703425495977273
0.5859375,0.5546875,0.13464483725542448
0.59375,0.5625,0.13224719921187214
0.6015625,0.5703125,0.12984148722094974
0.609375,0.578125,0.12742784816643632
0.6171875,0.5859375,0.12500642941508935
0.625,0.59375,0.12257737880764838
0.6328125,0.6015625,0.12014084464980886
0.640625,0.609375,0.11769697570316866
0.6484375,0.6171875,0.11524592117614522
0.65625,0.625,0.11278783071486553
0.6640625,0.6328125,0.11032285439402859
0.671875,0.640625,0.10785114270774085
0.6796875,0.6484375,0.1053728465603258
0.6875,0.65625,0.10288811725710671
0.6953125,0.6640625,0.10039710649516467
0.703125,0.671875,0.09789996635407076
0.7109375,0.6796875,0.09539684928659335
0.71875,0.6875,0.09288790810938093
0.7265625,0.6953125,0.09037329599362101
0.734375,0.703125,0.08785316645567441
0.7421875,0.7109375,0.08532767334768583
0.75,0.71875,0.08279697084817075
0.7578125,0.7265625,0.08026121345257846
0.765625,0.734375,0.07772055596383144
0.7734375,0.7421875,0.07517515348284058
0.78125,0.75,0.07262516139899594
0.7890625,0.7578125,0.07007073538063288
0.796875,0.765625,0.06751203136547197
0.8046875,0.7734375,0.06494920555103317
0.8125,0.78125,0.062382414385020575
0.8203125,0.7890625,0.05981181455567801
0.828125,0.796875,0.05723756298211119
0.8359375,0.8046875,0.05465981680457463
0.84375,0.8125,0.052078733374717606
0.8515625,0.8203125,0.0494944702457842
0.859375,0.828125,0.04690718516275943
0.8671875,0.8359375,0.04431703605245168
0.875,0.84375,0.04172418101349736
0.8828125,0.8515625,0.03912877830626988
0.890625,0.859375,0.03653098634266768
0.8984375,0.8671875,0.03393096367574623
0.90625,0.875,0.03132886898914545
0.9140625,0.8828125,0.02872486108624165
0.921875,0.890625,0.0261190988789219
0.9296875,0.8984375,0.02351174137582773
0.9375,0.90625,0.020902947669833995
0.9453125,0.9140625,0.018292876924396434
0.953125,0.921875,0.015681688358175464
0.9609375,0.9296875,0.013069541226950683
0.96875,0.9375,0.01045659480113804
0.9765625,0.9453125,0.007843008335958163
0.984375,0.953125,0.005228941029156571
0.9921875,0.9609375,0.002614551958697295
1.0,0.96875,0.0
0.0390625,0.0,0.27431939551484585
0.046875,0.0078125,0.2728138836644918
0.0546875,0.015625,0.2712917182850848
0.0625,0.0234375,0.26975299242247947
0.0703125,0.03125,0.26819779889531514
0.078125,0.0390625,0.26662623164837485
0.0859375,0.046875,0.2650383859060972
0.09375,0.0546875,0.26343435811551397
0.1015625,0.0625,0.261814245873189
0.109375,0.0703125,0.26017814786815935
0.1171875,0.078125,0.2585261638409932
0.125,0.0859375,0.25685839455443604
0.1328125,0.09375,0.2551749417717359
0.140625,0.1015625,0.25347590823995036
0.1484375,0.109375,0.25176139767648664
0.15625,0.1171875,0.25003151475775254
0.1640625,0.125,0.24828636510920576
0.171875,0.1328125,0.24652605529633329
0.1796875,0.140625,0.24475069281625772
0.1875,0.1484375,0.24296038608976664
0.1953125,0.15625,0.24115524445362874
0.203125,0.1640625,0.23933537815310071
0.2109375,0.171875,0.23750089833456106
0.21875,0.1796875,0.2356519170382228
0.2265625,0.1875,0.23378854719089354
0.234375,0.1953125,0.23191090259875824
0.2421875,0.203125,0.23001909794016734
0.25,0.2109375,0.22811324875841954
0.2578125,0.21875,0.22619347145452448
0.265625,0.2265625,0.22425988327994448
0.2734375,0.234375,0.2223126023293072
0.28125,0.2421875,0.22035174753308304
0.2890625,0.25,0.2183774386502303
0.296875,0.2578125,0.21638979626079818
0.3046875,0.265625,0.21438894175849363
0.3125,0.2734375,0.21237499734320409
0.3203125,0.28125,0.21034808601348085
0.328125,0.2890625,0.2083083315589775
0.3359375,0.296875,0.20625585855284762
0.34375,0.3046875,0.2041907923440982
0.3515625,0.3125,0.20211325904989852
0.359375,0.3203125,0.20002338554784818
0.3671875,0.328125,0.1979212994682004
0.375,0.3359375,0.19580712918604126
0.3828125,0.34375,0.19368100381342904
0.390625,0.3515625,0.191543053191487
0.3984375,0.359375,0.18939340788245657
0.40625,0.3671875,0.187232199161707
0.4140625,0.375,0.18505955900970464
0.421875,0.3828125,0.18287562010393846
0.4296875,0.390625,0.18068051581080705
0.4375,0.3984375,0.17847438017746317
0.4453125,0.40625,0.17625734792361877
0.453125,0.4140625,0.17402955443331047
0.4609375,0.421875,0.1717911357466247
0.46875,0.4296875,0.16954222855138462
0.4765625,0.4375,0.16728297017479832
0.484375,0.4453125,0.16501349857506856
0.4921875,0.453125,0.16273395233296523
0.5,0.4609375,0.16044447064336073
0.5078125,0.46875,0.15814519330672777
0.515625,0.4765625,0.1558362607206017
0.5234375,0.484375,0.153517813871007
0.53125,0.4921875,0.15118999432384791
0.5390625,0.5,0.1488529442162646
0.546875,0.5078125,0.14650680624795448
0.5546875,0.515625,0.14415172367246007
0.5625,0.5234375,0.14178784028842278
0.5703125,0.53125,0.13941530043080477
0.578125,0.5390625,0.13703424896207697
0.5859375,0.546875,0.13464483126337645
0.59375,0.5546875,0.13224719322563042
0.6015625,0.5625,0.12984148124065126
0.609375,0.5703125,0.1274278421921994
0.6171875,0.578125,0.12500642344701696
0.625,0.5859375,0.12257737284583166
0.6328125,0.59375,0.12014083869433086
0.640625,0.6015625,0.11769696975410787
0.6484375,0.609375,0.1152459152335792
0.65625,0.6171875,0.11278782477887551
0.6640625,0.625,0.11032284846470312
0.671875,0.6328125,0.10785113678518053
0.6796875,0.640625,0.10537284064464772
0.6875,0.6484375,0.10288811134844944
0.6953125,0.65625,0.10039710059369322
0.703125,0.6640625,0.09789996045998205
0.7109375,0.671875,0.09539684340012222
0.71875,0.6796875,0.09288790223080644
0.7265625,0.6875,0.09037329012327294
0.734375,0.6953125,0.08785316059394088
0.7421875,0.703125,0.08532766749502153
0.75,0.7109375,0.08279696500510565
0.7578125,0.71875,0.08026120761972814
0.765625,0.7265625,0.07772055014190814
0.7734375,0.734375,0.07517514767266577
0.78125,0.7421875,0.07262515560151525
0.7890625,0.75,0.07007072959693227
0.796875,0.7578125,0.06751202559679723
0.8046875,0.765625,0.06494919979881204
0.8125,0.7734375,0.062382408650889294
0.8203125,0.78125,0.05981180884151213
0.828125,0.7890625,0.05723755729006304
0.8359375,0.796875,0.054659811137117716
0.84375,0.8046875,0.05207872773470088
0.8515625,0.8125,0.049494464636498314
0.859375,0.8203125,0.046907179588018884
0.8671875,0.828125,0.04431703051669728
0.875,0.8359375,0.041724175521925526
0.8828125,0.84375,0.03912877286499812
0.890625,0.8515625,0.03653098095894868
0.8984375,0.859375,0.03393095835824904
0.90625,0.8671875,0.031328863748330354
0.9140625,0.875,0.028724855934869124
0.921875,0.8828125,0.026119093832756415
0.9296875,0.890625,0.023511736454632573
0.9375,0.8984375,0.02090294289881232
0.9453125,0.90625,0.018292872336336616
0.953125,0.9140625,0.015681683996747128
0.9609375,0.921875,0.013069537151953164
0.96875,0.9296875,0.010456591097203321
0.9765625,0.9375,0.007843005127645608
0.984375,0.9453125,0.005228938508376874
0.9921875,0.953125,0.002614550436329323
1.0,0.9609375,0.0
0.046875,0.0,0.2728138795252975
0.0546875,0.0078125,0.2712917170323724
0.0625,0.015625,0.2697529916638474
0.0703125,0.0234375,0.2681977978499476
0.078125,0.03125,0.2666262301048445
0.0859375,0.0390625,0.2650383838486914
0.09375,0.046875,0.26343435559051803
0.1015625,0.0546875,0.26181424294092553
0.109375,0.0625,0.26017814458641586
0.1171875,0.0703125,0.2585261602601071
0.125,0.078125,0.2568583907166454
0.1328125,0.0859375,0.2551749377119721
0.140625,0.09375,0.25347590398699504
0.1484375,0.1015625,0.251761393254099
0.15625,0.109375,0.2500315101856437
0.1640625,0.1171875,0.24828636040383897
0.171875,0.125,0.24652605047156592
0.1796875,0.1328125,0.2447506878838507
0.1875,0.140625,0.24296038105978768
0.1953125,0.1484375,0.24115523933477123
0.203125,0.15625,0.23933537295293655
0.2109375,0.1640625,0.2375008930597417
0.21875,0.171875,0.23565191169463964
0.2265625,0.1796875,0.23378854178380745
0.234375,0.1875,0.2319108971329031
0.2421875,0.1953125,0.2300190924198348
0.25,0.203125,0.22811324318752615
0.2578125,0.2109375,0.22619346583666905
0.265625,0.21875,0.22425987761845304
0.2734375,0.2265625,0.22231259662727082
0.28125,0.234375,0.22035174179338926
0.2890625,0.2421875,0.21837743287558822
0.296875,0.25,0.21638979045376047
0.3046875,0.2578125,0.21438893592147343
0.3125,0.265625,0.21237499147849012
0.3203125,0.2734375,0.2103480801232494
0.328125,0.28125,0.20830832564530286
0.3359375,0.2890625,0.20625585261771
0.34375,0.296875,0.20419078638939056
0.3515625,0.3046875,0.2021132530774331
0.359375,0.3125,0.20002337955936048
0.3671875,0.3203125,0.19792129346535328
0.375,0.328125,0.19580712317042837
0.3828125,0.3359375,0.19368099778657683
0.390625,0.34375,0.19154304715485734
0.3984375,0.3515625,0.18939340183744838
0.40625,0.359375,0.18723219310965755
0.4140625,0.3671875,0.18505955295189058
0.421875,0.375,0.18287561404157723
0.4296875,0.3828125,0.18068050974505723
0.4375,0.390625,0.17847437410942515
0.4453125,0.3984375,0.17625734185433614
0.453125,0.40625,0.17402954836377005
0.4609375,0.4140625,0.17179112967775742
0.46875,0.421875,0.16954222248406628
0.4765625,0.4296875,0.16728296410985033
0.484375,0.4375,0.16501349251325886
0.4921875,0.4453125,0.1627339462750094
0.5,0.453125,0.16044446458992268
0.5078125,0.4609375,0.15814518725842153
0.515625,0.46875,0.15583625467799267
0.5234375,0.4765625,0.15351780783461336
0.53125,0.484375,0.15118998829414232
0.5390625,0.4921875,0.14885293819367626
0.546875,0.5,0.146506800232871
0.5546875,0.5078125,0.1441517176652298
0.5625,0.515625,0.1417878342893574
0.5703125,0.5234375,0.1394152944401814
0.578125,0.53125,0.1370342429801412
0.5859375,0.5390625,0.1346448252903449
0.59375,0.546875,0.13224718726169427
0.6015625,0.5546875,0.12984147528597914
0.609375,0.5625,0.12742783624694093
0.6171875,0.5703125,0.12500641751130623
0.625,0.578125,0.1225773669197906
0.6328125,0.5859375,0.12014083277807366
0.640625,0.59375,0.11769696384774464
0.6484375,0.6015625,0.11524590933722055
0.65625,0.609375,0.11278781889263634
0.6640625,0.6171875,0.11032284258870789
0.671875,0.625,0.10785113091956777
0.6796875,0.6328125,0.10537283478957521
0.6875,0.640625,0.1028881055040997
0.6953125,0.6484375,0.10039709476027914
0.703125,0.65625,0.09789995463775295
0.7109375,0.6640625,0.09539683758937045
0.71875,0.671875,0.09288789643187428
0.7265625,0.6796875,0.09037328433656056
0.734375,0.6875,0.08785315481991424
0.7421875,0.6953125,0.08532766173422168
0.75,0.703125,0.0827969592581588
0.7578125,0.7109375,0.0802612018873569
0.765625,0.71875,0.07772054442494393
0.7734375,0.7265625,0.07517514197206329
0.78125,0.734375,0.07262514991836799
0.7890625,0.7421875,0.0700707239324916
0.796875,0.75,0.0675120199524934
0.8046875,0.7578125,0.06494919417627887
0.8125,0.765625,0.06238240305199293
0.8203125,0.7734375,0.05981180326838546
0.828125,0.78125,0.05723755174514591
0.8359375,0.7890625,0.054659805623205535
0.84375,0.796875,0.05207872225500303
0.8515625,0.8046875,0.049494459194709586
0.859375,0.8125,0.046907174188406855
0.8671875,0.8203125,0.04431702516421096
0.875,0.828125,0.0417241702223314
0.8828125,0.8359375,0.03912876762505269
0.890625,0.84375,0.0365309757866193
0.8984375,0.8515625,0.03393095326300104
0.90625,0.859375,0.031328858741504914
0.9140625,0.8671875,0.028724851030188837
0.921875,0.875,0.026119089047012982
0.9296875,0.8828125,0.02351173180864009
0.9375,0.890625,0.020902938418756484
0.9453125,0.8984375,0.018292868055729376
0.953125,0.90625,0.015681679959331604
0.9609375,0.9140625,0.013069533416144306
0.96875,0.921875,0.010456587743084432
0.9765625,0.9296875,0.007843002268333512
0.984375,0.9375,0.005228936308965199
0.9921875,0.9453125,0.0026145491456287242
1.0,0.953125,0.0
0.0546875,0.0,0.2712917115940572
0.0625,0.0078125,0.26975298850390445
0.0703125,0.015625,0.2681977953691904
0.078125,0.0234375,0.2666262276507054
0.0859375,0.03125,0.2650383811751192
0.09375,0.0390625,0.2634343526213009
0.1015625,0.046875,0.26181423966910905
0.109375,0.0546875,0.26017814103150816
0.1171875,0.0625,0.2585261564498893
0.125,0.0703125,0.25685838667961186
0.1328125,0.078125,0.25517493347441006
0.140625,0.0859375,0.25347589957208283
0.1484375,0.09375,0.2517613886818584
0.15625,0.1015625,0.2500315054732245
0.1640625,0.109375,0.24828635556590273
0.171875,0.1171875,0.24652604552067087
0.1796875,0.125,0.24475068283079962
0.1875,0.1328125,0.24296037591392622
0.1953125,0.140625,0.24115523410423775
0.203125,0.1484375,0.2393353676448687
0.2109375,0.15625,0.237500887680446
0.21875,0.1640625,0.23565190624973048
0.2265625,0.171875,0.2337885362783199
0.234375,0.1796875,0.23191089157138617
0.2421875,0.1875,0.23001908680642724
0.25,0.1953125,0.2281132375260191
0.2578125,0.203125,0.22619346013055705
0.265625,0.2109375,0.22425987187097657
0.2734375,0.21875,0.22231259084145097
0.28125,0.2265625,0.2203517359720572
0.2890625,0.234375,0.21837742702140858
0.296875,0.2421875,0.21638978456925154
0.3046875,0.25,0.21438893000902343
0.3125,0.2578125,0.21237498554037146
0.3203125,0.265625,0.21034807416162907
0.328125,0.2734375,0.20830831966225277
0.3359375,0.28125,0.20625584661521418
0.34375,0.2890625,0.2041907803693515
0.3515625,0.296875,0.20211324704167746
0.359375,0.3046875,0.2000233735096429
0.3671875,0.3125,0.1979212874033599
0.375,0.3203125,0.19580711709778004
0.3828125,0.328125,0.19368099170483066
0.390625,0.3359375,0.19154304106550887
0.3984375,0.34375,0.18939339574193292
0.40625,0.3515625,0.18723218700935138
0.4140625,0.359375,0.18505954684811135
0.421875,0.3671875,0.182875607935585
0.4296875,0.375,0.18068050363805485
0.4375,0.3828125,0.17847436800255911
0.4453125,0.390625,0.17625733574869626
0.453125,0.3984375,0.17402954226039033
0.4609375,0.40625,0.1717911235776165
0.46875,0.4140625,0.16954221638808775
0.4765625,0.421875,0.16728295801890342
0.484375,0.4296875,0.16501348642815905
0.4921875,0.4375,0.16273394019651913
0.5,0.4453125,0.16044445851875258
0.5078125,0.453125,0.15814518119523108
0.515625,0.4609375,0.1558362486233918
0.5234375,0.46875,0.15351780178916366
0.53125,0.4765625,0.1511899822583589
0.5390625,0.484375,0.1488529321680292
0.546875,0.4921875,0.14650679421778767
0.5546875,0.5,0.14415171166109675
0.5625,0.5078125,0.14178782829652306
0.5703125,0.515625,0.13941528845895845
0.578125,0.5234375,0.13703423701080947
0.5859375,0.53125,0.13464481933315398
0.59375,0.5390625,0.13224718131686722
0.6015625,0.546875,0.12984146935371538
0.609375,0.5546875,0.12742783032742006
0.6171875,0.5625,0.12500641160469173
0.625,0.5703125,0.12257736102623368
0.6328125,0.578125,0.12014082689771727
0.640625,0.5859375,0.11769695798072807
0.6484375,0.59375,0.11524590348368377
0.65625,0.6015625,0.11278781305272494
0.6640625,0.609375,0.11032283676257786
0.671875,0.6171875,0.10785112510739091
0.6796875,0.625,0.1053728289915447
0.6875,0.6328125,0.10288809972043593
0.6953125,0.640625,0.10039708899123598
0.703125,0.6484375,0.09789994888362445
0.7109375,0.65625,0.09539683185049784
0.71875,0.6640625,0.09288789070865384
0.7265625,0.671875,0.09037327862945178
0.734375,0.6796875,0.087853149129449
0.7421875,0.6875,0.08532765606101403
0.75,0.6953125,0.08279695360291617
0.7578125,0.703125,0.08026119625089209
0.765625,0.7109375,0.07772053880818883
0.7734375,0.71875,0.07517513637608404
0.78125,0.7265625,0.0726251443443827
0.7890625,0.734375,0.07007071838188982
0.796875,0.7421875,0.06751201442685921
0.8046875,0.75,0.06494918867741717
0.8125,0.7578125,0.06238239758196036
0.8203125,0.765625,0.059811797829526364
0.828125,0.7734375,0.0572375463401352
0.8359375,0.78125,0.05465980025509965
0.84375,0.7890625,0.05207871692730119
0.8515625,0.796875,0.04949445391142769
0.859375,0.8046875,0.046907168954168084
0.8671875,0.8125,0.04431701998435697
0.875,0.8203125,0.041724165103061026
0.8828125,0.828125,0.039128762573595745
0.890625,0.8359375,0.0365309708114574
0.8984375,0.84375,0.03393094837415133
0.90625,0.8515625,0.03132885395088919
0.9140625,0.859375,0.028724846352120068
0.921875,0.8671875,0.02611908449884695
0.9296875,0.875,0.023511727411661885
0.9375,0.8828125,0.020902934199408276
0.9453125,0.890625,0.0182928640473438
0.953125,0.8984375,0.01568167620463024
0.9609375,0.90625,0.013069529970917341
0.96875,0.9140625,0.010456584681728947
0.9765625,0.921875,0.007842999692349388
0.984375,0.9296875,0.005228934360121497
0.9921875,0.9375,0.0026145480260506616
1.0,0.9453125,0.0
0.0625,0.0,0.26975298228822936
0.0703125,0.0078125,0.268197790956641
0.078125,0.015625,0.26662622394438223
0.0859375,0.0234375,0.26503837765393695
0.09375,0.03125,0.2634343490492955
0.1015625,0.0390625,0.26181423594683023
0.109375,0.046875,0.26017813712398175
0.1171875,0.0546875,0.25852615235201
0.125,0.0625,0.2568583823994834
0.1328125,0.0703125,0.25517492902532907
0.140625,0.078125,0.2534758949687298
0.1484375,0.0859375,0.251761383938552
0.15625,0.09375,0.250031500603192
0.1640625,0.1015625,0.24828635058104395
0.171875,0.109375,0.24652604043155646
0.1796875,0.1171875,0.2447506776467712
0.1875,0.125,0.2429603706432344
0.1953125,0.1328125,0.241155228754185
0.203125,0.140625,0.23933536222194418
0.2109375,0.1484375,0.23750088219044568
0.21875,0.15625,0.23565190069786118
0.2265625,0.1640625,0.23378853066928823
0.234375,0.171875,0.2319108859094736
0.2421875,0.1796875,0.23001908109555327
0.25,0.1875,0.22811323176979417
0.2578125,0.1953125,0.22619345433232638
0.265625,0.203125,0.22425986603385728
0.2734375,0.2109375,0.22231258496836284
0.28125,0.21875,0.22035173006574799
0.2890625,0.2265625,0.2183774210844757
0.296875,0.234375,0.2163897786041595
0.3046875,0.2421875,0.214388924018119
0.3125,0.25,0.21237497952589554
0.3203125,0.2578125,0.21034806812572707
0.328125,0.265625,0.20830831360698318
0.3359375,0.2734375,0.2062558405425551
0.34375,0.28125,0.2041907742812065
0.3515625,0.2890625,0.20211324093987987
0.359375,0.296875,0.2000233673959599
0.3671875,0.3046875,0.19792128127949538
0.375,0.3125,0.19580711096537662
0.3828125,0.3203125,0.19368098556547184
0.390625,0.328125,0.19154303492071983
0.3984375,0.3359375,0.18939338959318208
0.40625,0.34375,0.18723218085805082
0.4140625,0.3515625,0.18505954069561728
0.421875,0.359375,0.18287560178319828
0.4296875,0.3671875,0.1806804974870209
0.4375,0.375,0.17847436185406826
0.4453125,0.3828125,0.17625732960388388
0.453125,0.390625,0.17402953612033667
0.4609375,0.3984375,0.1717911174433471
0.46875,0.40625,0.1695422102605737
0.4765625,0.4140625,0.16728295189906134
0.484375,0.421875,0.16501348031685176
0.4921875,0.4296875,0.1627339340945564
0.5,0.4375,0.16044445242689126
0.5078125,0.4453125,0.15814517511417664
0.515625,0.453125,0.15583624255379894
0.5234375,0.4609375,0.1535177957316379
0.53125,0.46875,0.15118997621345787
0.5390625,0.4765625,0.14885292613626439
0.546875,0.484375,0.14650678819962626
0.5546875,0.4921875,0.144151705656964
0.5625,0.5,0.14178782230680412
0.5703125,0.5078125,0.1394152824840016
0.578125,0.515625,0.13703423105092852
0.5859375,0.5234375,0.13464481338863143
0.59375,0.53125,0.1322471753879572
0.6015625,0.5390625,0.12984146344064756
0.609375,0.546875,0.12742782443040304
0.6171875,0.5546875,0.12500640572391708
0.625,0.5625,0.12257735516188004
0.6328125,0.5703125,0.12014082104995462
0.640625,0.578125,0.11769695214972226
0.6484375,0.5859375,0.11524589766960168
0.65625,0.59375,0.11278780725573917
0.6640625,0.6015625,0.11032283098287227
0.671875,0.609375,0.10785111934516625
0.6796875,0.6171875,0.10537282324702453
0.6875,0.625,0.102888093993873
0.6953125,0.6328125,0.10039708328291887
0.703125,0.640625,0.09789994319388473
0.7109375,0.6484375,0.09539682617971776
0.71875,0.65625,0.09288788505727459
0.7265625,0.6640625,0.09037327299798233
0.734375,0.671875,0.08785314351847594
0.7421875,0.6796875,0.08532765047121214
0.75,0.6875,0.0827969480350601
0.7578125,0.6953125,0.08026119070586933
0.765625,0.703125,0.07772053328701424
0.7734375,0.7109375,0.07517513087991608
0.78125,0.71875,0.07262513887454179
0.7890625,0.7265625,0.07007071293987924
0.796875,0.734375,0.06751200901438904
0.8046875,0.7421875,0.06494918329643198
0.8125,0.75,0.06238239223467121
0.8203125,0.7578125,0.05981179251844829
0.828125,0.765625,0.05723754106813141
0.8359375,0.7734375,0.054659795025433854
0.84375,0.78125,0.052078711743700073
0.8515625,0.7890625,0.04949444877815618
0.859375,0.796875,0.04690716387612059
0.8671875,0.8046875,0.04431701496716904
0.875,0.8125,0.041724160153247127
0.8828125,0.8203125,0.03912875769872062
0.890625,0.828125,0.036530966020352024
0.8984375,0.8359375,0.03393094367718699
0.90625,0.84375,0.03132884936032998
0.9140625,0.8515625,0.02872484188258162
0.921875,0.859375,0.02611908016790097
0.9296875,0.8671875,0.023511723240644444
0.9375,0.875,0.02090293021451656
0.9453125,0.8828125,0.018292860281147835
0.953125,0.890625,0.01568167269819094
0.9609375,0.8984375,0.013069526776802367
0.96875,0.90625,0.010456581868369926
0.9765625,0.9140625,0.007842997350400168
0.984375,0.921875,0.005228932611721389
0.9921875,0.9296875,0.002614547037917399
1.0,0.9375,0.0
0.0703125,0.0,0.2681977842286069
0.078125,0.0078125,0.2666262186631958
0.0859375,0.015625,0.26503837304495775
0.09375,0.0234375,0.2634343447014749
0.1015625,0.03125,0.26181423164963946
0.109375,0.0390625,0.2601781327733199
0.1171875,0.046875,0.25852614789953066
0.125,0.0546875,0.2568583778258228
0.1328125,0.0625,0.2551749243259893
0.140625,0.0703125,0.2534758901466139
0.1484375,0.078125,0.2517613790000124
0.15625,0.0859375,0.25003149555594995
0.1640625,0.09375,0.2482863454331142
0.171875,0.1015625,0.2465260351907121
0.1796875,0.109375,0.244750672320301
0.1875,0.1171875,0.24296036523785466
0.1953125,0.125,0.24115522327603245
0.203125,0.1328125,0.23933535667660802
0.2109375,0.140625,0.23750087658301705
0.21875,0.1484375,0.23565189503298808
0.2265625,0.15625,0.2337885249512289
0.234375,0.1640625,0.23191088014214636
0.2421875,0.171875,0.23001907528258128
0.25,0.1796875,0.2281132259145443
0.2578125,0.1875,0.22619344843794303
0.265625,0.1953125,0.22425986010329152
0.2734375,0.203125,0.22231257900439705
0.28125,0.2109375,0.22035172407101672
0.2890625,0.21875,0.21837741506148334
0.296875,0.2265625,0.21638977255529515
0.3046875,0.234375,0.21438891794566886
0.3125,0.2421875,0.21237497343205322
0.3203125,0.25,0.2103480620126024
0.328125,0.2578125,0.20830830747660858
0.3359375,0.265625,0.2062558343968922
0.34375,0.2734375,0.2041907681221503
0.3515625,0.28125,0.20211323476926263
0.359375,0.2890625,0.20002336121555428
0.3671875,0.296875,0.197921275091016
0.375,0.3046875,0.19580710477048296
0.3828125,0.3125,0.19368097936576834
0.390625,0.3203125,0.1915430287177574
0.3984375,0.328125,0.18939338338845835
0.40625,0.3359375,0.18723217465301065
0.4140625,0.34375,0.18505953449165266
0.421875,0.3515625,0.18287559558164818
0.4296875,0.359375,0.18068049128917138
0.4375,0.3671875,0.17847435566115222
0.4453125,0.375,0.17625732341708053
0.453125,0.3828125,0.17402952994077162
0.4609375,0.390625,0.1717911112720921
0.46875,0.3984375,0.16954220409864648
0.4765625,0.40625,0.16728294574742586
0.484375,0.4140625,0.16501347417641804
0.4921875,0.421875,0.16273392796618102
0.5,0.4296875,0.16044444631137808
0.5078125,0.4375,0.15814516901227693
0.515625,0.4453125,0.15583623646621267
0.5234375,0.453125,0.15351778965901478
0.53125,0.4609375,0.15118997015639843
0.5390625,0.46875,0.14885292009532183
0.546875,0.4765625,0.1465067821753082
0.5546875,0.484375,0.14415169964973423
0.5625,0.4921875,0.14178781631708534
0.5703125,0.5,0.1394152765121776
0.578125,0.5078125,0.13703422509734706
0.5859375,0.515625,0.13464480745360752
0.59375,0.5234375,0.13224716947177614
0.6015625,0.53125,0.12984145754356843
0.609375,0.5390625,0.12742781855266275
0.6171875,0.546875,0.12500639986573403
0.625,0.5546875,0.12257734932345893
0.6328125,0.5625,0.12014081523149059
0.640625,0.5703125,0.11769694635140585
0.6484375,0.578125,0.11524589189162386
0.65625,0.5859375,0.11278780149829673
0.6640625,0.59375,0.1103228252461735
0.671875,0.6015625,0.10785111362943685
0.6796875,0.609375,0.10537281755251385
0.6875,0.6171875,0.10288808832086095
0.6953125,0.625,0.10039707763172291
0.703125,0.6328125,0.09789993756486744
0.7109375,0.640625,0.09539682057329493
0.71875,0.6484375,0.09288787947392409
0.7265625,0.65625,0.09037326743825352
0.734375,0.6640625,0.08785313798299978
0.7421875,0.671875,0.08532764496071243
0.75,0.6796875,0.08279694255036607
0.7578125,0.6875,0.08026118524792887
0.765625,0.6953125,0.07772052785690922
0.7734375,0.703125,0.07517512547887939
0.78125,0.7109375,0.07262513350397619
0.7890625,0.71875,0.07007070760137926
0.796875,0.7265625,0.0675120037097656
0.8046875,0.734375,0.06494917802774075
0.8125,0.7421875,0.0623823870042456
0.8203125,0.75,0.059811787328937514
0.828125,0.7578125,0.05723753592254537
0.8359375,0.765625,0.054659789927195994
0.84375,0.7734375,0.05207870669671013
0.8515625,0.78125,0.04949444378686533
0.859375,0.7890625,0.046907158945622
0.8671875,0.796875,0.04431701010330785
0.875,0.8046875,0.041724155362755186
0.8828125,0.8125,0.039128752989382835
0.890625,0.8203125,0.03653096140121369
0.8984375,0.828125,0.03393093915881458
0.90625,0.8359375,0.031328844955142716
0.9140625,0.84375,0.028724837605277116
0.921875,0.8515625,0.0261190760360084
0.9296875,0.859375,0.023511719275251645
0.9375,0.8671875,0.020902926441237837
0.9453125,0.875,0.018292856731428737
0.953125,0.8828125,0.015681669411089193
0.9609375,0.890625,0.013069523801447177
0.96875,0.8984375,0.01045657926738774
0.9765625,0.90625,0.00784299520469961
0.984375,0.9140625,0.005228931027106684
0.9921875,0.921875,0.002614546153865136
1.0,0.9296875,0.0
0.078125,0.0,0.2666262115704516
0.0859375,0.0078125,0.26503836713215717
0.09375,0.015625,0.2634343394061497
0.1015625,0.0234375,0.2618142266471381
0.109375,0.03125,0.2601781278816069
0.1171875,0.0390625,0.25852614301866916
0.125,0.046875,0.256858372902446
0.1328125,0.0546875,0.2551749193330123
0.140625,0.0625,0.25347588507173
0.1484375,0.0703125,0.2517613738391628
0.15625,0.078125,0.2500314903096032
0.1640625,0.0859375,0.24828634010414113
0.171875,0.09375,0.24652602978317284
0.1796875,0.1015625,0.24475066683875732
0.1875,0.109375,0.2429603596869868
0.1953125,0.1171875,0.241155217660433
0.203125,0.125,0.23933535100067774
0.2109375,0.1328125,0.23750087085091975
0.21875,0.140625,0.23565188924863925
0.2265625,0.1484375,0.23378851911830165
0.234375,0.15625,0.23191087426408707
0.2421875,0.1640625,0.23001906936262886
0.25,0.171875,0.22811321995575096
0.2578125,0.1796875,0.22619344244319395
0.265625,0.1875,0.2242598540753236
0.2734375,0.1953125,0.22231257294581494
0.28125,0.203125,0.22035171798430792
0.2890625,0.2109375,0.21837740894903093
0.296875,0.21875,0.21638976641938845
0.3046875,0.2265625,0.2143889117885129
0.3125,0.234375,0.21237496725577631
0.3203125,0.2421875,0.210348055819263
0.328125,0.25,0.20830830126820019
0.3359375,0.2578125,0.20625582817534838
0.34375,0.265625,0.20419076188934693
0.3515625,0.2734375,0.2021132285270219
0.359375,0.28125,0.20002335496564602
0.3671875,0.2890625,0.19792126883515973
0.375,0.296875,0.1958070985103479
0.3828125,0.3046875,0.1936809731029751
0.390625,0.3125,0.19154302245387783
0.3984375,0.3203125,0.18939337712501533
0.40625,0.328125,0.18723216839147802
0.4140625,0.3359375,0.1850595282334552
0.421875,0.34375,0.1828755893281606
0.4296875,0.3515625,0.18068048504171821
0.4375,0.359375,0.1784743494210068
0.4453125,0.3671875,0.17625731718546472
0.453125,0.375,0.17402952371885516
0.4609375,0.3828125,0.17179110506099196
0.46875,0.390625,0.1695421978994266
0.4765625,0.3984375,0.16728293956109683
0.484375,0.40625,0.16501346800393699
0.4921875,0.4140625,0.16273392180845164
0.5,0.421875,0.16044444016925064
0.5078125,0.4296875,0.15814516288654917
0.515625,0.4375,0.15583623035763003
0.5234375,0.4453125,0.15351778356827137
0.53125,0.453125,0.15118996408413848
0.5390625,0.4609375,0.14885291404214063
0.546875,0.46875,0.14650677614175392
0.5546875,0.4765625,0.14415169363631014
0.5625,0.484375,0.1417878103242515
0.5703125,0.4921875,0.13941527054035374
0.578125,0.5,0.13703421914691524
0.5859375,0.5078125,0.13464480152491512
0.59375,0.515625,0.13224716356513905
0.6015625,0.5234375,0.12984145165927508
0.609375,0.53125,0.1274278126909774
0.6171875,0.5390625,0.1250063940269015
0.625,0.546875,0.12257734350770853
0.6328125,0.5546875,0.12014080943904115
0.640625,0.5625,0.11769694058247061
0.6484375,0.5703125,0.11524588614641577
0.65625,0.578125,0.11278779577703406
0.6640625,0.5859375,0.11032281954908571
0.671875,0.59375,0.10785110795677096
0.6796875,0.6015625,0.10537281190454102
0.6875,0.609375,0.10288808269788338
0.6953125,0.6171875,0.10039707203408156
0.703125,0.625,0.09789993199294975
0.7109375,0.6328125,0.09539681502754362
0.71875,0.640625,0.09288787395484602
0.7265625,0.6484375,0.0903732619464297
0.734375,0.65625,0.08785313251909613
0.7421875,0.6640625,0.08532763952549147
0.75,0.671875,0.08279693714469948
0.7578125,0.6796875,0.08026117987281187
0.765625,0.6875,0.07772052251347614
0.7734375,0.6953125,0.07517512016842105
0.78125,0.703125,0.07262512822795962
0.7890625,0.7109375,0.0700707023614698
0.796875,0.71875,0.06751199850785213
0.8046875,0.7265625,0.06494917286596458
0.8125,0.734375,0.062382381885033485
0.8203125,0.7421875,0.05981178225504039
0.828125,0.75,0.057237530897083014
0.8359375,0.7578125,0.05465978495370978
0.84375,0.765625,0.05207870177922524
0.8515625,0.7734375,0.04949443892996495
0.859375,0.78125,0.0469071541545358
0.8671875,0.7890625,0.044317005384019156
0.875,0.796875,0.041724150722130926
0.8828125,0.8046875,0.039128748435333066
0.890625,0.8125,0.036530956942888285
0.8984375,0.8203125,0.03393093480684851
0.90625,0.828125,0.031328840721964166
0.9140625,0.8359375,0.02872483350549849
0.921875,0.84375,0.026119072086927198
0.9296875,0.8515625,0.023511715497498635
0.9375,0.859375,0.020902922859624477
0.9453125,0.8671875,0.01829285337606605
0.953125,0.875,0.015681666318879163
0.9609375,0.8828125,0.013069521018085454
0.96875,0.890625,0.010456576850063909
0.9765625,0.8984375,0.007842993225726708
0.984375,0.90625,0.005228929578715771
0.9921875,0.9140625,0.0026145453542423666
1.0,0.921875,0.0
0.0859375,0.0,0.2650383597629995
0.09375,0.0078125,0.2634343330146364
0.1015625,0.015625,0.26181422081447703
0.109375,0.0234375,0.2601781223495822
0.1171875,0.03125,0.2585261376319951
0.125,0.0390625,0.2568583675691149
0.1328125,0.046875,0.25517491399927866
0.140625,0.0546875,0.25347587970686253
0.1484375,0.0625,0.25176136842626146
0.15625,0.0703125,0.25003148484007787
0.1640625,0.078125,0.24828633457438262
0.171875,0.0859375,0.2465260241925375
0.1796875,0.09375,0.24475066118834096
0.1875,0.1015625,0.24296035397887847
0.1953125,0.109375,0.2411552118972597
0.203125,0.1171875,0.23933534518532917
0.2109375,0.125,0.2375008649863833
0.21875,0.1328125,0.23565188333790246
0.2265625,0.140625,0.23378851316429902
0.234375,0.1484375,0.23191086826967036
0.2421875,0.15625,0.23001906333055472
0.25,0.1640625,0.22811321388867706
0.2578125,0.171875,0.22619343634368103
0.265625,0.1796875,0.2242598479458404
0.2734375,0.1875,0.222312566788744
0.28125,0.1953125,0.22035171180195234
0.2890625,0.203125,0.21837740274362077
0.296875,0.2109375,0.2163897601930865
0.3046875,0.21875,0.21438890554341997
0.3125,0.2265625,0.21237496099393616
0.3203125,0.234375,0.21034804954266567
0.328125,0.2421875,0.20830829497878556
0.3359375,0.25,0.2062558218750083
0.34375,0.2578125,0.2041907555799284
0.3515625,0.265625,0.2021132222103268
0.359375,0.2734375,0.20002334864343305
0.3671875,0.28125,0.19792126250914488
0.375,0.2890625,0.19580709218220446
0.3828125,0.296875,0.19368096677433383
0.390625,0.3046875,0.1915430161263262
0.3984375,0.3125,0.18939337080009705
0.40625,0.3203125,0.18723216207069263
0.4140625,0.328125,0.18505952191825648
0.421875,0.3359375,0.18287558301995638
0.4296875,0.34375,0.1806804787418689
0.4375,0.3515625,0.17847434313082444
0.4453125,0.359375,0.17625731090621213
0.453125,0.3671875,0.17402951745174472
0.4609375,0.375,0.17179109880718493
0.46875,0.3828125,0.16954219166003237
0.4765625,0.390625,0.16728293333717226
0.484375,0.3984375,0.1650134617964859
0.4921875,0.40625,0.16273391561842446
0.5,0.4140625,0.16044443399754485
0.5078125,0.421875,0.15814515673400872
0.515625,0.4296875,0.15583622422504625
0.5234375,0.4375,0.15351777745638345
0.53125,0.4453125,0.15118995799363436
0.5390625,0.453125,0.1488529079736583
0.546875,0.4609375,0.14650677009588292
0.5546875,0.46875,0.14415168761359315
0.5625,0.4765625,0.14178780432518692
0.5703125,0.484375,0.13941526456539738
0.578125,0.4921875,0.1370342131964836
0.5859375,0.5,0.13464479559938802
0.59375,0.5078125,0.1322471576648634
0.6015625,0.515625,0.12984144578456797
0.609375,0.5234375,0.12742780684213037
0.6171875,0.53125,0.12500638820418458
0.625,0.5390625,0.12257733771137501
0.6328125,0.546875,0.12014080366933214
0.640625,0.5546875,0.11769693483962053
0.6484375,0.5625,0.11524588043065742
0.65625,0.5703125,0.11278779008860484
0.6640625,0.578125,0.11032281388823355
0.671875,0.5859375,0.10785110232376081
0.6796875,0.59375,0.10537280629966198
0.6875,0.6015625,0.10288807712145574
0.6953125,0.609375,0.10039706648646474
0.703125,0.6171875,0.09789992647455066
0.7109375,0.625,0.09539680953882525
0.71875,0.6328125,0.09288786849633753
0.7265625,0.640625,0.09037325651873586
0.734375,0.6484375,0.08785312712290905
0.7421875,0.65625,0.08532763416160237
0.75,0.6640625,0.08279693181401195
0.7578125,0.671875,0.08026117457635638
0.765625,0.6796875,0.07772051725242594
0.7734375,0.6875,0.07517511494411015
0.78125,0.6953125,0.07262512304190268
0.7890625,0.703125,0.07007069721538452
0.796875,0.7109375,0.06751199340368477
0.8046875,0.71875,0.06494916780591879
0.8125,0.7265625,0.0623823768716039
0.8203125,0.734375,0.059811777291050534
0.828125,0.7421875,0.05723752598573005
0.8359375,0.75,0.05465978009861636
0.84375,0.7578125,0.052078696984500725
0.8515625,0.765625,0.04949443420027752
0.859375,0.7734375,0.04690714949519852
0.8671875,0.78125,0.0443170008010931
0.875,0.7890625,0.04172414622254953
0.8828125,0.796875,0.03912874402705337
0.890625,0.8046875,0.0365309526350761
0.8984375,0.8125,0.033930930610106866
0.90625,0.8203125,0.03132883664861742
0.9140625,0.828125,0.02872482956994859
0.921875,0.8359375,0.02611906830610408
0.9296875,0.84375,0.0235117118914345
0.9375,0.8515625,0.020902919452192005
0.9453125,0.859375,0.018292850195934653
0.953125,0.8671875,0.01568166340076189
0.9609375,0.875,0.013069518404371622
0.96875,0.8828125,0.010456574592957044
0.9765625,0.890625,0.007842991390022506
0.984375,0.8984375,0.0052289282453311745
0.9921875,0.90625,0.002614544624466192
1.0,0.9140625,0.0
0.09375,0.0,0.2634343254248901
0.1015625,0.0078125,0.2618142140466907
0.109375,0.015625,0.2601781160849095
0.1171875,0.0234375,0.25852613166312394
0.125,0.03125,0.2568583617641959
0.1328125,0.0390625,0.2551749082754389
0.140625,0.046875,0.25347587401244837
0.1484375,0.0546875,0.2517613627293957
0.15625,0.0625,0.250031479121404
0.1640625,0.0703125,0.24828632882248694
0.171875,0.078125,0.246526018401058
0.1796875,0.0859375,0.24475065535413387
0.1875,0.09375,0.24296034810084952
0.1953125,0.1015625,0.24115520597561652
0.203125,0.109375,0.23933533922109945
0.2109375,0.1171875,0.23750085898110446
0.21875,0.125,0.23565187729342124
0.2265625,0.1328125,0.23378850708264107
0.234375,0.140625,0.23191086215295817
0.2421875,0.1484375,0.23001905718095353
0.25,0.15625,0.22811320770836227
0.2578125,0.1640625,0.226193430134817
0.265625,0.171875,0.22425984171056826
0.2734375,0.1796875,0.22231256052917509
0.28125,0.1875,0.2203517055201642
0.2890625,0.1953125,0.21837739644165569
0.296875,0.203125,0.21638975387295156
0.3046875,0.2109375,0.21438889920708704
0.3125,0.21875,0.21237495464334236
0.3203125,0.2265625,0.21034804317971453
0.328125,0.234375,0.20830828860534728
0.3359375,0.2421875,0.20625581549292019
0.34375,0.25,0.20419074919099475
0.3515625,0.2578125,0.2021132158163194
0.359375,0.265625,0.20002334224609022
0.3671875,0.2734375,0.19792125611017108
0.375,0.28125,0.19580708578326997
0.3828125,0.2890625,0.19368096037707294
0.390625,0.296875,0.19154300973233693
0.3984375,0.3046875,0.1893933644109393
0.40625,0.3125,0.18723215568788673
0.4140625,0.3203125,0.18505951554328243
0.421875,0.328125,0.1828755766542517
0.4296875,0.3359375,0.18068047238682725
0.4375,0.34375,0.17847433678779448
0.4453125,0.3515625,0.17625730457649563
0.453125,0.359375,0.1740295111365955
0.4609375,0.3671875,0.1717910925078074
0.46875,0.375,0.16954218537758045
0.4765625,0.3828125,0.16728292707274847
0.484375,0.390625,0.16501345555114044
0.4921875,0.3984375,0.1627339093931548
0.5,0.40625,0.16044442779329493
0.5078125,0.4140625,0.15814515055166928
0.515625,0.421875,0.15583621806545483
0.5234375,0.4296875,0.15351777132032463
0.53125,0.4375,0.15118995188184056
0.5390625,0.4453125,0.14885290188681075
0.546875,0.453125,0.1465067640346129
0.5546875,0.4609375,0.1441516815784837
0.5625,0.46875,0.14178779831677477
0.5703125,0.4765625,0.13941525858417528
0.578125,0.484375,0.1370342072429027
0.5859375,0.4921875,0.13464478967386112
0.59375,0.5,0.13224715176776813
0.6015625,0.5078125,0.12984143991625027
0.609375,0.515625,0.12742780100290862
0.6171875,0.5234375,0.1250063823943538
0.625,0.53125,0.12257733193121141
0.6328125,0.5390625,0.12014079791909828
0.640625,0.546875,0.11769692911957039
0.6484375,0.5546875,0.11524587474104218
0.65625,0.5625,0.11278778442967885
0.6640625,0.5703125,0.11032280826026061
0.671875,0.578125,0.10785109672702099
0.6796875,0.5859375,0.10537280073445869
0.6875,0.59375,0.10288807158812352
0.6953125,0.6015625,0.100397060985377
0.703125,0.609375,0.09789992100612854
0.7109375,0.6171875,0.0953968041035467
0.71875,0.625,0.09288786309474682
0.7265625,0.6328125,0.09037325115145482
0.734375,0.640625,0.08785312179064773
0.7421875,0.6484375,0.08532762886517192
0.75,0.65625,0.08279692655433783
0.7578125,0.6640625,0.08026116935449318
0.765625,0.671875,0.07772051206957377
0.7734375,0.6796875,0.07517510980163251
0.78125,0.6875,0.07262511794134681
0.7890625,0.6953125,0.07007069215850377
0.796875,0.703125,0.06751198839246417
0.8046875,0.7109375,0.06494916284260399
0.8125,0.71875,0.062382371958733945
0.8203125,0.7265625,0.059811772431496095
0.828125,0.734375,0.05723752118273695
0.8359375,0.7421875,0.05465977535585649
0.84375,0.75,0.05207869230613158
0.8515625,0.7578125,0.049494429591011996
0.859375,0.765625,0.04690714496038783
0.8671875,0.7734375,0.04431699634682523
0.875,0.78125,0.04172414185576737
0.8828125,0.7890625,0.0391287397556971
0.890625,0.796875,0.036530948468256226
0.8984375,0.8046875,0.033930926558315665
0.90625,0.8125,0.031328832723989196
0.9140625,0.8203125,0.028724825786582576
0.921875,0.828125,0.02611906468046737
0.9296875,0.8359375,0.02351170844286883
0.9375,0.84375,0.020902916203554927
0.9453125,0.8515625,0.01829284717441563
0.953125,0.859375,0.01568166063892492
0.9609375,0.8671875,0.013069515941489739
0.96875,0.875,0.010456572476714315
0.9765625,0.8828125,0.007842989678660497
0.984375,0.890625,0.005228927010284515
0.9921875,0.8984375,0.002614543953418987
1.0,0.90625,0.0
0.1015625,0.0,0.2618142062732847
0.109375,0.0078125,0.260178109011763
0.1171875,0.015625,0.25852612504265055
0.125,0.0234375,0.25685835542825003
0.1328125,0.03125,0.2551749021120706
0.140625,0.0390625,0.2534758679478738
0.1484375,0.046875,0.2517613567152644
0.15625,0.0546875,0.2500314731261903
0.1640625,0.0625,0.2482863228257822
0.171875,0.0703125,0.24652601238981658
0.1796875,0.078125,0.24475064932020624
0.1875,0.0859375,0.24296034203935765
0.1953125,0.09375,0.24115519988387743
0.203125,0.1015625,0.2393353330979102
0.2109375,0.109375,0.2375008528262621
0.21875,0.1171875,0.23565187110740154
0.2265625,0.125,0.2337885008663791
0.234375,0.1328125,0.2319108559077003
0.2421875,0.140625,0.23001905090815628
0.25,0.1484375,0.2281132014096224
0.2578125,0.15625,0.2261934238118241
0.265625,0.1640625,0.2242598353650716
0.2734375,0.171875,0.2223125541629609
0.28125,0.1796875,0.2203516991350398
0.2890625,0.1875,0.21837739003943818
0.296875,0.1953125,0.21638974745546016
0.3046875,0.203125,0.2143888927761373
0.3125,0.2109375,0.21237494820074224
0.3203125,0.21875,0.2103480367272608
0.328125,0.2265625,0.20830828214482305
0.3359375,0.234375,0.20625580902609297
0.34375,0.2421875,0.204190742719614
0.3515625,0.25,0.20211320934211469
0.359375,0.2578125,0.20002333577076972
0.3671875,0.265625,0.19792124963541927
0.375,0.2734375,0.1958070793107458
0.3828125,0.28125,0.19368095390840828
0.390625,0.2890625,0.1915430032691339
0.3984375,0.296875,0.1893933579547688
0.40625,0.3046875,0.18723214924028606
0.4140625,0.3125,0.18505950910575333
0.421875,0.3203125,0.18287557022825823
0.4296875,0.328125,0.18068046597379367
0.4375,0.3359375,0.17847433038910343
0.4453125,0.34375,0.17625729819348598
0.453125,0.3515625,0.17402950477056076
0.4609375,0.359375,0.171791086159994
0.46875,0.3671875,0.1695421790491859
0.4765625,0.375,0.16728292076492018
0.484375,0.3828125,0.16501344926497477
0.4921875,0.390625,0.16273390312969566
0.5,0.3984375,0.16044442155353336
0.5078125,0.40625,0.15814514433654284
0.515625,0.4140625,0.15583621187584745
0.5234375,0.421875,0.15351776515706672
0.53125,0.4296875,0.1511899457457096
0.5390625,0.4375,0.14885289577853175
0.546875,0.4453125,0.14650675795485973
0.5546875,0.453125,0.1441516755278802
0.5625,0.4609375,0.1417877922958968
0.5703125,0.46875,0.13941525259355295
0.578125,0.4765625,0.13703420128302252
0.5859375,0.484375,0.1346447837451692
0.59375,0.4921875,0.13224714587067304
0.6015625,0.5,0.12984143405112694
0.609375,0.5078125,0.1274277951701022
0.6171875,0.515625,0.12500637659418387
0.625,0.5234375,0.12257732616397676
0.6328125,0.53125,0.12014079218508192
0.640625,0.5390625,0.11769692341904484
0.6484375,0.546875,0.11524586907427549
0.65625,0.5546875,0.11278777879694041
0.6640625,0.5625,0.11032280266182798
0.671875,0.5703125,0.10785109116318671
0.6796875,0.578125,0.10537279520553752
0.6875,0.5859375,0.10288806609446048
0.6953125,0.59375,0.1003970555273555
0.703125,0.6015625,0.09789991558417926
0.7109375,0.609375,0.09539679871815707
0.71875,0.6171875,0.09288785774647096
0.7265625,0.625,0.09037324584092439
0.734375,0.6328125,0.08785311651858374
0.7421875,0.640625,0.08532762363239697
0.75,0.6484375,0.08279692136179023
0.7578125,0.65625,0.08026116420324168
0.765625,0.6640625,0.07772050696083403
0.7734375,0.671875,0.07517510473678535
0.78125,0.6796875,0.07262511292195824
0.7890625,0.6875,0.07007068718634774
0.796875,0.6953125,0.06751198346954783
0.8046875,0.703125,0.06494915797119621
0.8125,0.7109375,0.06238236714139808
0.8203125,0.71875,0.05981176767112704
0.828125,0.7265625,0.05723751648260397
0.8359375,0.734375,0.05465977071965274
0.84375,0.7421875,0.05207868773803143
0.8515625,0.75,0.04949442509573859
0.859375,0.7578125,0.04690714054329207
0.8671875,0.765625,0.04431699201397937
0.875,0.7734375,0.041724137614076576
0.8828125,0.78125,0.0391287356130328
0.890625,0.7890625,0.03653094443361683
0.8984375,0.796875,0.033930922642021355
0.90625,0.8046875,0.031328828937919356
0.9140625,0.8125,0.02872482214446704
0.921875,0.8203125,0.026119061198245946
0.9296875,0.828125,0.023511705139137265
0.9375,0.8359375,0.020902913100121066
0.9453125,0.84375,0.018292844296995625
0.953125,0.8515625,0.01568165801801659
0.9609375,0.859375,0.013069513613466952
0.96875,0.8671875,0.010456570485190468
0.9765625,0.875,0.007842988076162736
0.984375,0.8828125,0.0052289258602491815
0.9921875,0.890625,0.0026145433324312644
1.0,0.8984375,0.0
0.109375,0.0,0.26017810108007144
0.1171875,0.0078125,0.25852611771465056
0.125,0.015625,0.2568583485083072
0.1328125,0.0234375,0.25517489546240923
0.140625,0.03125,0.2534758614731994
0.1484375,0.0390625,0.2517613503502665
0.15625,0.046875,0.25003146682631217
0.1640625,0.0546875,0.24828631656071296
0.171875,0.0625,0.24652600613900397
0.1796875,0.0703125,0.2447506430697966
0.1875,0.078125,0.24296033578011364
0.1953125,0.0859375,0.2411551936097614
0.203125,0.09375,0.23933532680511527
0.2109375,0.1015625,0.23750084651254771
0.21875,0.109375,0.2356518647716324
0.2265625,0.1171875,0.23378849450820804
0.234375,0.125,0.23191084952734298
0.2421875,0.1328125,0.2300190445062346
0.25,0.140625,0.2281131949870522
0.2578125,0.1484375,0.22619341736973617
0.265625,0.15625,0.22425982890475382
0.2734375,0.1640625,0.22231254768581668
0.28125,0.171875,0.22035169264255794
0.2890625,0.1796875,0.21837738353317002
0.296875,0.1875,0.2163897409370029
0.3046875,0.1953125,0.21438888624712127
0.3125,0.203125,0.21237494166282073
0.3203125,0.2109375,0.21034803018210266
0.328125,0.21875,0.20830827559410584
0.3359375,0.2265625,0.20625580247149786
0.34375,0.234375,0.20419073616282185
0.3515625,0.2421875,0.20211320278480102
0.359375,0.25,0.20002332921460148
0.3671875,0.2578125,0.19792124308205158
0.375,0.265625,0.19580707276181847
0.3828125,0.2734375,0.1936809473655429
0.390625,0.28125,0.1915429967339309
0.3984375,0.2890625,0.18939335142880445
0.40625,0.296875,0.18723214272510974
0.4140625,0.3046875,0.18505950260288448
0.421875,0.3125,0.18287556373918376
0.4296875,0.3203125,0.18068045949996547
0.4375,0.328125,0.17847432393193535
0.4453125,0.3359375,0.17625729175435206
0.453125,0.34375,0.1740294983507924
0.4609375,0.3515625,0.17179107976087804
0.46875,0.359375,0.16954217267196253
0.4765625,0.3671875,0.1672829144107812
0.484375,0.375,0.16501344293506182
0.4921875,0.3828125,0.16273389682509914
0.5,0.390625,0.16044441527529107
0.5078125,0.3984375,0.15814513808563946
0.515625,0.40625,0.15583620565321377
0.5234375,0.4140625,0.15351775896357955
0.53125,0.421875,0.15118993958219185
0.5390625,0.4296875,0.14885288964575297
0.546875,0.4375,0.14650675185353684
0.5546875,0.4453125,0.14415166945867897
0.5625,0.453125,0.14178778625943292
0.5703125,0.4609375,0.1394152465903944
0.578125,0.46875,0.13703419531369188
0.5859375,0.4765625,0.13464477781014617
0.59375,0.484375,0.1322471399703979
0.6015625,0.4921875,0.12984142818600383
0.609375,0.5,0.127427789340503
0.6171875,0.5078125,0.12500637080045285
0.625,0.515625,0.12257732040643464
0.6328125,0.5234375,0.12014078646403172
0.640625,0.53125,0.11769691773477682
0.6484375,0.5390625,0.11524586342707323
0.65625,0.546875,0.11278777318708695
0.6640625,0.5546875,0.11032279708961264
0.671875,0.5625,0.10785108562891209
0.6796875,0.5703125,0.10537278970952717
0.6875,0.578125,0.10288806063706661
0.6953125,0.5859375,0.10039705010896784
0.703125,0.59375,0.09789991020523389
0.7109375,0.6015625,0.09539679337914606
0.71875,0.609375,0.09288785244795271
0.7265625,0.6171875,0.09037324058353469
0.734375,0.625,0.08785311130304747
0.7421875,0.6328125,0.08532761845954111
0.75,0.640625,0.08279691623255739
0.7578125,0.6484375,0.08026115911870552
0.765625,0.65625,0.0777205019222157
0.7734375,0.6640625,0.07517509974547167
0.78125,0.671875,0.07262510797952183
0.7890625,0.6796875,0.07007068229456946
0.796875,0.6875,0.06751197863044181
0.8046875,0.6953125,0.0649491531870383
0.8125,0.703125,0.06238236241475742
0.8203125,0.7109375,0.05981176300490275
0.828125,0.71875,0.05723751188006663
0.8359375,0.7265625,0.054659766184492246
0.84375,0.734375,0.05207868327441236
0.8515625,0.7421875,0.04949442070836457
0.859375,0.75,0.04690713623748116
0.8671875,0.7578125,0.04431698779575261
0.875,0.765625,0.04172413349026254
0.8828125,0.7734375,0.039128731591392185
0.890625,0.78125,0.03653094052299113
0.8984375,0.7890625,0.03393091885251147
0.90625,0.796875,0.03132882528110168
0.9140625,0.8046875,0.028724818633655384
0.921875,0.8125,0.026119057848811553
0.9296875,0.8203125,0.023511701968900792
0.9375,0.828125,0.020902910129834838
0.9453125,0.8359375,0.01829284155093808
0.953125,0.84375,0.015681655524725387
0.9609375,0.8515625,0.013069511406640309
0.96875,0.859375,0.010456568604786394
0.9765625,0.8671875,0.00784298656971708
0.984375,0.875,0.005228924784405841
0.9921875,0.8828125,0.002614542754611598
1.0,0.890625,0.0
0.1171875,0.0,0.25852610964268696
0.125,0.0078125,0.2568583409623414
0.1328125,0.015625,0.25517488828544815
0.140625,0.0234375,0.25347585455123756
0.1484375,0.03125,0.25176134360187097
0.15625,0.0390625,0.25003146019381206
0.1640625,0.046875,0.2482863100034321
0.171875,0.0546875,0.24652599962831032
0.1796875,0.0625,0.24475063658556928
0.1875,0.0703125,0.24296032930825415
0.1953125,0.078125,0.24115518714044784
0.203125,0.0859375,0.23933532033157998
0.2109375,0.09375,0.23750084003021735
0.21875,0.1015625,0.23565185827752236
0.2265625,0.109375,0.23378848800049187
0.234375,0.1171875,0.23191084300504589
0.2421875,0.125,0.23001903796901282
0.25,0.1328125,0.22811318843503367
0.2578125,0.140625,0.2261934108034041
0.265625,0.1484375,0.22425982232486116
0.2734375,0.15625,0.22231254109332294
0.28125,0.1640625,0.2203516860385821
0.2890625,0.171875,0.21837737691895429
0.296875,0.1796875,0.21638973431388595
0.3046875,0.1875,0.21438887961651681
0.3125,0.1953125,0.2123749350262012
0.3203125,0.203125,0.2103480235409857
0.328125,0.2109375,0.208308268950044
0.3359375,0.21875,0.20625579582606918
0.34375,0.2265625,0.20419072951762282
0.3515625,0.234375,0.20211319614144027
0.359375,0.2421875,0.20002332257469366
0.3671875,0.25,0.19792123644721216
0.375,0.2578125,0.19580706613365959
0.3828125,0.265625,0.19368094074566838
0.390625,0.2734375,0.19154299012393258
0.3984375,0.28125,0.18939334483025813
0.40625,0.2890625,0.1872321361395714
0.4140625,0.296875,0.185059496031887
0.421875,0.3046875,0.182875557184233
0.4296875,0.3125,0.18068045296253737
0.4375,0.3203125,0.17847431741347272
0.4453125,0.328125,0.17625728525626147
0.453125,0.3359375,0.17402949187444128
0.4609375,0.34375,0.17179107330759216
0.46875,0.3515625,0.16954216624302357
0.4765625,0.359375,0.16728290800742418
0.484375,0.3671875,0.1650134365584736
0.4921875,0.375,0.16273389047641595
0.5,0.3828125,0.1604444089555977
0.5078125,0.390625,0.15814513179596784
0.515625,0.3984375,0.1558361993945417
0.5234375,0.40625,0.15351775273683074
0.53125,0.4140625,0.15118993338823536
0.5390625,0.421875,0.1488528834854036
0.546875,0.4296875,0.14650674572755545
0.5546875,0.4375,0.1441516633677736
0.5625,0.4453125,0.14178778020426033
0.5703125,0.453125,0.13941524057156127
0.578125,0.4609375,0.13703418933175746
0.5859375,0.46875,0.13464477186562468
0.59375,0.4765625,0.13224713406376165
0.6015625,0.484375,0.12984142231768667
0.609375,0.4921875,0.12742778351090403
0.6171875,0.5,0.12500636500994064
0.625,0.5078125,0.12257731465535233
0.6328125,0.515625,0.12014078075270164
0.640625,0.5234375,0.11769691206350634
0.6484375,0.53125,0.11524585779616046
0.65625,0.5390625,0.11278776759682745
0.6640625,0.546875,0.11032279154030576
0.671875,0.5546875,0.10785108012086865
0.6796875,0.5625,0.10537278424307683
0.6875,0.5703125,0.1028880552125662
0.6953125,0.578125,0.10039704472681
0.703125,0.5859375,0.09789990486585627
0.7109375,0.59375,0.09539678808304111
0.71875,0.6015625,0.09288784719567826
0.7265625,0.609375,0.09037323537572498
0.734375,0.6171875,0.08785310614042532
0.7421875,0.625,0.08532761334293076
0.75,0.6328125,0.08279691116289854
0.7578125,0.640625,0.08026115409706833
0.765625,0.6484375,0.0777204969498175
0.7734375,0.65625,0.07517509482369514
0.78125,0.6640625,0.07262510310993502
0.7890625,0.671875,0.07007067747894782
0.796875,0.6796875,0.06751197387079319
0.8046875,0.6875,0.06494914848563044
0.8125,0.6953125,0.062382357774149334
0.8203125,0.703125,0.05981175842798001
0.828125,0.7109375,0.057237507370081674
0.8359375,0.71875,0.054659761745110495
0.84375,0.7265625,0.05207867890976537
0.8515625,0.734375,0.04949441642311129
0.859375,0.7421875,0.046907132036879386
0.8671875,0.75,0.044316983685742405
0.875,0.7578125,0.04172412947756431
0.8828125,0.765625,0.03912872768362221
0.890625,0.7734375,0.03653093672879881
0.8984375,0.78125,0.033930915181742904
0.90625,0.7890625,0.03132882174499539
0.9140625,0.796875,0.0287248152450779
0.921875,0.8046875,0.026119054622541674
0.9296875,0.8125,0.023511698921974054
0.9375,0.8203125,0.02090290728196176
0.9453125,0.828125,0.01829283892501255
0.953125,0.8359375,0.015681653147441788
0.9609375,0.84375,0.013069509309239164
0.96875,0.8515625,0.01045656682394634
0.9765625,0.859375,0.007842985148601801
0.984375,0.8671875,0.005228923773851582
0.9921875,0.875,0.0026145422143907856
1.0,0.8828125,0.0
0.125,0.0,0.2568583327632662
0.1328125,0.0078125,0.25517488054906634
0.140625,0.015625,0.2534758471498198
0.1484375,0.0234375,0.25176133644020177
0.15625,0.03125,0.25003145320198555
0.1640625,0.0390625,0.2482863031305407
0.171875,0.046875,0.24652599283742777
0.1796875,0.0546875,0.2447506298499582
0.1875,0.0625,0.24296032260857575
0.1953125,0.0703125,0.2411551804627382
0.203125,0.078125,0.23933531366579183
0.2109375,0.0859375,0.23750083336917166
0.21875,0.09375,0.23565185161615348
0.2265625,0.1015625,0.233788481335302
0.234375,0.109375,0.23191083633370965
0.2421875,0.1171875,0.23001903129008833
0.25,0.125,0.22811318174775055
0.2578125,0.1328125,0.22619340410750624
0.265625,0.140625,0.2242598156204904
0.2734375,0.1484375,0.22231253438093104
0.28125,0.15625,0.22035167931886415
0.2890625,0.1640625,0.21837737019279843
0.296875,0.171875,0.21638972758233338
0.3046875,0.1796875,0.21438887288073202
0.3125,0.1875,0.2123749282874472
0.3203125,0.1953125,0.21034801680060497
0.328125,0.203125,0.20830826220944273
0.3359375,0.2109375,0.2062557890867044
0.34375,0.21875,0.20419072278099124
0.3515625,0.2265625,0.20211318940906933
0.359375,0.234375,0.20002331584813357
0.3671875,0.2421875,0.1979212297280286
0.375,0.25,0.19580705942342724
0.3828125,0.2578125,0.19368093404596534
0.390625,0.265625,0.19154298343633483
0.3984375,0.2734375,0.18939333815633477
0.40625,0.28125,0.18723212948087983
0.4140625,0.2890625,0.1850594893899683
0.421875,0.296875,0.1828755505606082
0.4296875,0.3046875,0.180680446358703
0.4375,0.3125,0.17847431083089713
0.4453125,0.3203125,0.17625727869638128
0.453125,0.328125,0.17402948533865803
0.4609375,0.3359375,0.17179106679726877
0.46875,0.34375,0.16954215975948192
0.4765625,0.3515625,0.16728290155194184
0.484375,0.359375,0.16501343013228148
0.4921875,0.3671875,0.16273388408069636
0.5,0.375,0.16044440259148202
0.5078125,0.3828125,0.15814512546453507
0.515625,0.390625,0.15583619309681745
0.5234375,0.3984375,0.15351774647378594
0.53125,0.40625,0.15118992716078591
0.5390625,0.4140625,0.1488528772944102
0.546875,0.421875,0.14650673957382382
0.5546875,0.4296875,0.14415165725205528
0.5625,0.4375,0.14178777412725346
0.5703125,0.4453125,0.1394152345339125
0.578125,0.453125,0.1370341833340636
0.5859375,0.4609375,0.1346447659084353
0.59375,0.46875,0.13224712814758183
0.6015625,0.4765625,0.12984141644298045
0.609375,0.484375,0.12742777767809813
0.6171875,0.4921875,0.12500635921942865
0.625,0.5,0.12257730890749942
0.6328125,0.5078125,0.12014077504784954
0.640625,0.515625,0.11769690640197901
0.6484375,0.5234375,0.11524585217827014
0.65625,0.53125,0.11278776202288081
0.6640625,0.5390625,0.1103227860106112
0.671875,0.546875,0.10785107463574327
0.6796875,0.5546875,0.10537277880285453
0.6875,0.5625,0.1028880498176058
0.6953125,0.5703125,0.10039703937750413
0.703125,0.578125,0.09789989956264071
0.7109375,0.5859375,0.09539678282640489
0.71875,0.59375,0.09288784198617413
0.7265625,0.6015625,0.09037323021398089
0.734375,0.609375,0.0878531010271563
0.7421875,0.6171875,0.08532760827895222
0.75,0.625,0.08279690614914013
0.7578125,0.6328125,0.08026114913458929
0.765625,0.640625,0.07772049203982304
0.7734375,0.6484375,0.07517508996755462
0.78125,0.65625,0.07262509830920166
0.7890625,0.6640625,0.07007067273538087
0.796875,0.671875,0.067511969186382
0.8046875,0.6796875,0.06494914386262163
0.8125,0.6875,0.06238235321507737
0.8203125,0.6953125,0.05981175393570124
0.828125,0.703125,0.057237502947813476
0.8359375,0.7109375,0.05465975739647545
0.84375,0.71875,0.05207867463884198
0.8515625,0.7265625,0.04949441223449236
0.859375,0.734375,0.04690712793573946
0.8671875,0.7421875,0.04431697967791616
0.875,0.75,0.04172412556963802
0.8828125,0.7578125,0.039128723883041
0.890625,0.765625,0.03653093304399292
0.8984375,0.7734375,0.03393091162227708
0.90625,0.78125,0.03132881832174615
0.9140625,0.7890625,0.028724811970444963
0.921875,0.796875,0.026119051510700434
0.9296875,0.8046875,0.02351169598917834
0.9375,0.8125,0.02090290454690694
0.9453125,0.8203125,0.01829283640927115
0.953125,0.828125,0.015681650875984682
0.9609375,0.8359375,0.013069507311055287
0.96875,0.84375,0.010456565132771089
0.9765625,0.8515625,0.007842983803755815
0.984375,0.859375,0.005228922821172487
0.9921875,0.8671875,0.002614541707203093
1.0,0.875,0.0
0.1328125,0.0,0.2551748722327449
0.140625,0.0078125,0.2534758392440162
0.1484375,0.015625,0.25176132883971175
0.15625,0.0234375,0.25003144582659576
0.1640625,0.03125,0.24828629591994938
0.171875,0.0390625,0.24652598574665607
0.1796875,0.046875,0.24475062284559057
0.1875,0.0546875,0.24296031566583295
0.1953125,0.0625,0.24115517356326505
0.203125,0.0703125,0.23933530679600892
0.2109375,0.078125,0.23750082651905927
0.21875,0.0859375,0.23565184477835677
0.2265625,0.09375,0.23378847450447132
0.234375,0.1015625,0.23191082950601513
0.2421875,0.109375,0.2300190244628596
0.25,0.1171875,0.22811317491920904
0.2578125,0.125,0.22619339727656457
0.265625,0.1328125,0.22425980878660123
0.2734375,0.140625,0.22231252754397257
0.28125,0.1484375,0.22035167247905227
0.2890625,0.15625,0.21837736335061958
0.296875,0.1640625,0.21638972073849166
0.3046875,0.171875,0.21438886603610802
0.3125,0.1796875,0.21237492144306527
0.3203125,0.1875,0.21034800995760694
0.328125,0.1953125,0.2083082553690666
0.3359375,0.203125,0.20625578225026658
0.34375,0.2109375,0.20419071594987237
0.3515625,0.21875,0.2021131825847013
0.359375,0.2265625,0.20002330903198928
0.3671875,0.234375,0.19792122292161252
0.375,0.2421875,0.19580705262826706
0.3828125,0.25,0.19368092726360456
0.390625,0.2578125,0.1915429766683262
0.3984375,0.265625,0.18939333140423392
0.40625,0.2734375,0.18723212274623965
0.4140625,0.28125,0.18505948267433345
0.421875,0.2890625,0.18287554386550994
0.4296875,0.296875,0.1806804396856548
0.4375,0.3046875,0.1784743041813899
0.4453125,0.3125,0.17625727207187886
0.453125,0.3203125,0.17402947874059368
0.4609375,0.328125,0.17179106022704102
0.46875,0.3359375,0.16954215321845112
0.4765625,0.34375,0.167282895041427
0.484375,0.3515625,0.16501342365355706
0.4921875,0.359375,0.16273387763499012
0.5,0.3671875,0.1604443961799718
0.5078125,0.375,0.15814511908834744
0.515625,0.3828125,0.15583618675702565
0.5234375,0.390625,0.15351774017140887
0.53125,0.3984375,0.15118992089678698
0.5390625,0.40625,0.14885287106969683
0.546875,0.4140625,0.14650673338924747
0.5546875,0.421875,0.14415165110841177
0.5625,0.4296875,0.1417877680252837
0.5703125,0.4375,0.13941522847430382
0.578125,0.4453125,0.1370341773174515
0.5859375,0.453125,0.13464475993540553
0.59375,0.4609375,0.13224712221867332
0.6015625,0.46875,0.12984141055868828
0.609375,0.4765625,0.1274277718388773
0.6171875,0.484375,0.12500635342569805
0.625,0.4921875,0.12257730315964666
0.6328125,0.5,0.12014076934623583
0.640625,0.5078125,0.1176969007469448
0.6484375,0.515625,0.11524584657014109
0.65625,0.5234375,0.11278775646197443
0.6640625,0.53125,0.1103227804972435
0.671875,0.5390625,0.10785106917023647
0.6796875,0.546875,0.10537277338554482
0.6875,0.5546875,0.10288804444885195
0.6953125,0.5625,0.10039703405769619
0.703125,0.5703125,0.0978998942922097
0.7109375,0.578125,0.09539677760583277
0.71875,0.5859375,0.09288783681600474
0.7265625,0.59375,0.09037322509483113
0.734375,0.6015625,0.08785309595972861
0.7421875,0.609375,0.08532760326404754
0.75,0.6171875,0.08279690118767197
0.7578125,0.625,0.0802611442275989
0.765625,0.6328125,0.07772048718849599
0.7734375,0.640625,0.07517508517323862
0.78125,0.6484375,0.07262509357342632
0.7890625,0.65625,0.07007066805987909
0.796875,0.6640625,0.06751196457311384
0.8046875,0.671875,0.064949139313801
0.8125,0.6796875,0.062382348733201295
0.8203125,0.6875,0.059811749523583306
0.828125,0.6953125,0.057237498608621096
0.8359375,0.703125,0.05465975313377237
0.84375,0.7109375,0.05207867045663666
0.8515625,0.71875,0.04949440813729321
0.859375,0.7265625,0.0469071239286185
0.8671875,0.734375,0.04431697576658247
0.875,0.7421875,0.04172412176052298
0.8828125,0.75,0.03912872018339748
0.890625,0.7578125,0.03653092946201142
0.8984375,0.765625,0.033930908167221864
0.90625,0.7734375,0.0313288150041158
0.9140625,0.78125,0.028724808802161824
0.921875,0.7890625,0.026119048505335064
0.9296875,0.796875,0.02351169316221567
0.9375,0.8046875,0.020902901916061985
0.9453125,0.8125,0.01829283399486319
0.953125,0.8203125,0.015681648701378843
0.9609375,0.828125,0.013069505403180103
0.96875,0.8359375,0.01045656352271707
0.9765625,0.84375,0.007842982527452863
0.984375,0.8515625,0.005228921920128528
0.9921875,0.859375,0.002614541229257984
1.0,0.8671875,0.0
0.140625,0.0,0.2534758308180184
0.1484375,0.0078125,0.2517613207807797
0.15625,0.015625,0.2500314380471207
0.1640625,0.0234375,0.24828628835181313
0.171875,0.03125,0.246525978337587
0.1796875,0.0390625,0.24475061555578162
0.1875,0.046875,0.2429603084650939
0.1953125,0.0546875,0.2411551664287478
0.203125,0.0625,0.23933529971044382
0.2109375,0.0703125,0.237500819469411
0.21875,0.078125,0.23565183775480913
0.2265625,0.0859375,0.23378846749966528
0.234375,0.09375,0.2319108225144756
0.2421875,0.1015625,0.23001901748056522
0.25,0.109375,0.22811316794326725
0.2578125,0.1171875,0.22619339030496594
0.265625,0.125,0.22425980181803204
0.2734375,0.1328125,0.22231252057767165
0.28125,0.140625,0.22035166551470003
0.2890625,0.1484375,0.2183773563882526
0.296875,0.15625,0.21638971377843566
0.3046875,0.1640625,0.21438885907892438
0.3125,0.171875,0.212374914489509
0.3203125,0.1796875,0.21034800300859285
0.328125,0.1875,0.2083082484256416
0.3359375,0.1953125,0.20625577531358708
0.34375,0.203125,0.20419070902118483
0.3515625,0.2109375,0.20211317566532722
0.359375,0.21875,0.2000233021233108
0.3671875,0.2265625,0.19792121602506135
0.375,0.234375,0.1958070457453134
0.3828125,0.2421875,0.19368092039574852
0.390625,0.25,0.19154296981708907
0.3984375,0.2578125,0.18939332457115093
0.40625,0.265625,0.187232115932853
0.4140625,0.2734375,0.18505947588218583
0.421875,0.28125,0.18287553709613855
0.4296875,0.2890625,0.18068043294058583
0.4375,0.296875,0.17847429746213306
0.4453125,0.3046875,0.17625726537992267
0.453125,0.3125,0.17402947207740058
0.4609375,0.3203125,0.17179105359404306
0.46875,0.328125,0.1695421466170457
0.4765625,0.3359375,0.1672828884729735
0.484375,0.34375,0.16501341711937276
0.4921875,0.3515625,0.16273387113634724
0.5,0.359375,0.16044438971809485
0.5078125,0.3671875,0.15814511266441034
0.515625,0.375,0.15583618037214994
0.5234375,0.3828125,0.1535177338266617
0.53125,0.390625,0.15118991459317985
0.5390625,0.3984375,0.14885286480818488
0.546875,0.40625,0.14650672717072888
0.5546875,0.4140625,0.14415164493372767
0.5625,0.421875,0.14178776189521874
0.5703125,0.4296875,0.13941522238958734
0.578125,0.4375,0.13703417127875878
0.5859375,0.4453125,0.13464475394335976
0.59375,0.453125,0.13224711627384808
0.6015625,0.4609375,0.1298414046616107
0.609375,0.46875,0.12742776599003144
0.6171875,0.4765625,0.125006347625529
0.625,0.484375,0.12257729740856489
0.6328125,0.4921875,0.12014076364462231
0.640625,0.5,0.11769689509515657
0.6484375,0.5078125,0.11524584096851717
0.65625,0.515625,0.11278775091084232
0.6640625,0.5234375,0.11032277499692643
0.671875,0.53125,0.10785106372106046
0.6796875,0.5390625,0.10537276798784712
0.6875,0.546875,0.10288803910298921
0.6953125,0.5546875,0.10039702876405383
0.703125,0.5625,0.0978998890512112
0.7109375,0.5703125,0.09539677241795018
0.71875,0.578125,0.0928878316817692
0.7265625,0.5859375,0.09037322001484477
0.734375,0.59375,0.08785309093467664
0.7421875,0.6015625,0.08532759829471126
0.75,0.609375,0.08279689627494313
0.7578125,0.6171875,0.08026113937249468
0.765625,0.625,0.07772048239217544
0.7734375,0.6328125,0.07517508043702044
0.78125,0.640625,0.07262508889880812
0.7890625,0.6484375,0.07007066344855867
0.796875,0.65625,0.06751196002701249
0.8046875,0.6640625,0.06494913483508925
0.8125,0.671875,0.06238234432432777
0.8203125,0.6796875,0.0598117451873066
0.828125,0.6875,0.05723749434804582
0.8359375,0.6953125,0.05465974895238967
0.84375,0.703125,0.05207866635837025
0.8515625,0.7109375,0.04949440412655175
0.859375,0.71875,0.04690712001035545
0.8671875,0.7265625,0.04431697194636484
0.875,0.734375,0.04172411804461049
0.8828125,0.7421875,0.03912871657883448
0.890625,0.75,0.03653092597673331
0.8984375,0.7578125,0.03393090481017931
0.90625,0.765625,0.031328811785419776
0.9140625,0.7734375,0.028724805733253648
0.921875,0.78125,0.02611904559918588
0.9296875,0.7890625,0.023511690433560665
0.9375,0.796875,0.020902899381675454
0.9453125,0.8046875,0.01829283167388068
0.953125,0.8125,0.015681646615672715
0.9609375,0.8203125,0.013069503577793731
0.96875,0.828125,0.01045656198635976
0.9765625,0.8359375,0.007842981313051136
0.984375,0.84375,0.005228921065417239
0.9921875,0.8515625,0.0026145407773731652
1.0,0.859375,0.0
0.1484375,0.0,0.2517613122510409
0.15625,0.0078125,0.2500314298479197
0.1640625,0.015625,0.2482862804094712
0.171875,0.0234375,0.2465259705938291
0.1796875,0.03125,0.2447506079650804
0.1875,0.0390625,0.24296030099214527
0.1953125,0.046875,0.24115515904629195
0.203125,0.0546875,0.239335292397484
0.2109375,0.0625,0.2375008122098009
0.21875,0.0703125,0.235651830536153
0.2265625,0.078125,0.23378846031247016
0.234375,0.0859375,0.23191081535150276
0.2421875,0.09375,0.23001901033633312
0.25,0.1015625,0.2281131608136722
0.2578125,0.109375,0.22619338318699106
0.265625,0.1171875,0.2242597947095224
0.2734375,0.125,0.22231251347716194
0.28125,0.1328125,0.22035165842127974
0.2890625,0.140625,0.21837734930146033
0.296875,0.1484375,0.21638970669817686
0.3046875,0.15625,0.2143888520054053
0.3125,0.1640625,0.21237490742318443
0.3203125,0.171875,0.21034799595012346
0.328125,0.1796875,0.20830824137585957
0.3359375,0.1875,0.20625576827346798
0.34375,0.1953125,0.20419070199182357
0.3515625,0.203125,0.20211316864791865
0.359375,0.2109375,0.20002329511913283
0.3671875,0.21875,0.19792120903546026
0.375,0.2265625,0.19580703877169167
0.3828125,0.234375,0.19368091343955282
0.390625,0.2421875,0.1915429628798012
0.3984375,0.25,0.18939331765427822
0.40625,0.2578125,0.1872321090379207
0.4140625,0.265625,0.18505946901072884
0.421875,0.2734375,0.18287553024969513
0.4296875,0.28125,0.1806804261206904
0.4375,0.2890625,0.17847429067031087
0.4453125,0.296875,0.17625725861768354
0.453125,0.3046875,0.17402946534623354
0.4609375,0.3125,0.17179104689541147
0.46875,0.3203125,0.16954213995238254
0.4765625,0.328125,0.16728288184367693
0.484375,0.3359375,0.16501341052680205
0.4921875,0.34375,0.16273386458181874
0.5,0.3515625,0.1604443832028793
0.5078125,0.359375,0.1581451061897291
0.515625,0.3671875,0.15583617393917296
0.5234375,0.375,0.15351772743650507
0.53125,0.3828125,0.15118990824690384
0.5390625,0.390625,0.14885285850679328
0.546875,0.3984375,0.14650672091516742
0.5546875,0.40625,0.1441516387248839
0.5625,0.4140625,0.14178775573392263
0.5703125,0.421875,0.13941521627661121
0.578125,0.4296875,0.13703416521481893
0.5859375,0.4375,0.13464474792911807
0.59375,0.4453125,0.1322471103099142
0.6015625,0.453125,0.1298413987485448
0.609375,0.4609375,0.12742776012834775
0.6171875,0.46875,0.12500634181569947
0.625,0.4765625,0.12257729165102371
0.6328125,0.484375,0.12014075793977073
0.640625,0.4921875,0.1176968894433685
0.6484375,0.5,0.11524583537014507
0.65625,0.5078125,0.11278774536622367
0.6640625,0.515625,0.1103227695063909
0.671875,0.5234375,0.10785105828493738
0.6796875,0.53125,0.1053727626064733
0.6875,0.5390625,0.10288803377671803
0.6953125,0.546875,0.1003970234932639
0.703125,0.5546875,0.09789988383631645
0.7109375,0.5625,0.09539676725940979
0.71875,0.5703125,0.09288782658009877
0.7265625,0.578125,0.09037321497062788
0.734375,0.5859375,0.08785308594857719
0.7421875,0.59375,0.08532759336748656
0.75,0.6015625,0.08279689140745813
0.7578125,0.609375,0.08026113456573679
0.765625,0.6171875,0.07772047764727111
0.7734375,0.625,0.07517507575525256
0.78125,0.6328125,0.0726250842816351
0.7890625,0.640625,0.07007065889763525
0.796875,0.6484375,0.06751195554421255
0.8046875,0.65625,0.06494913042253087
0.8125,0.6640625,0.06238233998440113
0.8203125,0.671875,0.05981174092270479
0.828125,0.6796875,0.057237490161799284
0.8359375,0.6875,0.05465974484790516
0.84375,0.6953125,0.052078662339474315
0.8515625,0.703125,0.0494944001975403
0.859375,0.7109375,0.04690711617605006
0.8671875,0.71875,0.04431696821217697
0.875,0.7265625,0.04172411441661521
0.8828125,0.734375,0.03912871306385504
0.890625,0.7421875,0.03653092258243902
0.8984375,0.75,0.033930901545198615
0.90625,0.7578125,0.03132880865947151
0.9140625,0.765625,0.028724802757299484
0.921875,0.7734375,0.02611904278560782
0.9296875,0.78125,0.023511687796367493
0.9375,0.7890625,0.02090289693674282
0.9453125,0.796875,0.01829282943922915
0.953125,0.8046875,0.015681644611788417
0.9609375,0.8125,0.013069501827994273
0.96875,0.8203125,0.010456560517205843
0.9765625,0.828125,0.007842980154798463
0.984375,0.8359375,0.005228920252493773
0.9921875,0.84375,0.002614540348850241
1.0,0.8515625,0.0
0.15625,0.0,0.2500314212191877
0.1640625,0.0078125,0.2482862720803089
0.171875,0.015625,0.2465259625017221
0.1796875,0.0234375,0.24475060005983584
0.1875,0.03125,0.24296029323392881
0.1953125,0.0390625,0.24115515140372
0.203125,0.046875,0.23933528484594102
0.2109375,0.0546875,0.23750080473003488
0.21875,0.0625,0.2356518231131369
0.2265625,0.0703125,0.23378845293449949
0.234375,0.078125,0.2319108080094868
0.2421875,0.0859375,0.23001900302324182
0.25,0.09375,0.22811315352410677
0.2578125,0.1015625,0.22619337591684954
0.265625,0.109375,0.22425978745574027
0.2734375,0.1171875,0.22231250623750817
0.28125,0.125,0.22035165119419917
0.2890625,0.1328125,0.2183773420859465
0.296875,0.140625,0.21638969949367415
0.3046875,0.1484375,0.21438884481172873
0.3125,0.15625,0.2123749002404571
0.3203125,0.1640625,0.21034798877872457
0.328125,0.171875,0.20830823421638275
0.3359375,0.1796875,0.20625576112668678
0.34375,0.1875,0.20419069485866306
0.3515625,0.1953125,0.2021131615294308
0.359375,0.203125,0.20002328801647695
0.3671875,0.2109375,0.1979212019498848
0.375,0.21875,0.19580703170451969
0.3828125,0.2265625,0.19368090639216848
0.390625,0.234375,0.19154295585363765
0.3984375,0.2421875,0.18939331065080747
0.40625,0.25,0.1872321020586437
0.4140625,0.2578125,0.1850594620571673
0.421875,0.265625,0.1828755233233828
0.4296875,0.2734375,0.1806804192231662
0.4375,0.28125,0.17847428380311078
0.4453125,0.2890625,0.17625725178233553
0.453125,0.296875,0.17402945854425078
0.4609375,0.3046875,0.17179104012828636
0.46875,0.3125,0.16954213322158168
0.4765625,0.3203125,0.16728287515063578
0.484375,0.328125,0.16501340387292077
0.4921875,0.3359375,0.16273385796845746
0.5,0.34375,0.16044437663135425
0.5078125,0.3515625,0.1581450996613094
0.515625,0.359375,0.15583616745507714
0.5234375,0.3671875,0.15351772099789843
0.53125,0.375,0.15118990185489678
0.5390625,0.3828125,0.14885285216243846
0.546875,0.390625,0.1465067146194595
0.5546875,0.3984375,0.1441516324787584
0.5625,0.40625,0.14178774953825543
0.5703125,0.4140625,0.13941521013221927
0.578125,0.421875,0.13703415912246097
0.5859375,0.4296875,0.1346447418894961
0.59375,0.4375,0.13224710432367506
0.6015625,0.4453125,0.1298413928162833
0.609375,0.453125,0.1274277542506093
0.6171875,0.4609375,0.12500633599298422
0.625,0.46875,0.12257728588379029
0.6328125,0.4765625,0.12014075222844155
0.640625,0.484375,0.11769688378833483
0.6484375,0.4921875,0.11524582977177311
0.65625,0.5,0.11278773982486105
0.6640625,0.5078125,0.11032276402237343
0.671875,0.515625,0.107851052858597
0.6796875,0.5234375,0.10537275723814601
0.6875,0.53125,0.10288802846675228
0.6953125,0.5390625,0.10039701824203025
0.703125,0.546875,0.09789987864421712
0.7109375,0.5546875,0.0953967621268891
0.71875,0.5625,0.09288782150765382
0.7265625,0.5703125,0.09037320995882052
0.734375,0.578125,0.08785308099804655
0.7421875,0.5859375,0.08532758847896191
0.75,0.59375,0.08279688658177285
0.7578125,0.6015625,0.08026112980384391
0.765625,0.609375,0.07772047295025879
0.7734375,0.6171875,0.07517507112436177
0.78125,0.625,0.07262507971827861
0.7890625,0.6328125,0.07007065440341768
0.796875,0.640625,0.06751195112095264
0.8046875,0.6484375,0.06494912607228621
0.8125,0.65625,0.06238233570949459
0.8203125,0.6640625,0.059811736725754724
0.828125,0.671875,0.0572374860457523
0.8359375,0.6796875,0.054659740816073256
0.84375,0.6875,0.05207865839557634
0.8515625,0.6953125,0.04949439634574859
0.859375,0.703125,0.04690711242104335
0.8671875,0.7109375,0.044316964559200374
0.875,0.71875,0.04172411087154873
0.8828125,0.7265625,0.03912870963329166
0.890625,0.734375,0.036530919273774345
0.8984375,0.7421875,0.033930898366734095
0.90625,0.75,0.03132880562053293
0.9140625,0.7578125,0.02872479986837406
0.921875,0.765625,0.026119040058502116
0.9296875,0.7734375,0.023511685244389728
0.9375,0.78125,0.020902894574912775
0.9453125,0.7890625,0.01829282728451907
0.953125,0.796875,0.015681642683397504
0.9609375,0.8046875,0.01306950014765863
0.96875,0.8125,0.010456559109542652
0.9765625,0.8203125,0.007842979047679029
0.984375,0.828125,0.005228919477431957
0.9921875,0.8359375,0.0026145399413805377
1.0,0.84375,0.0
0.1640625,0.0,0.248286263356454
0.171875,0.0078125,0.24652595405098182
0.1796875,0.015625,0.24475059182874404
0.1875,0.0234375,0.24296028517898596
0.1953125,0.03125,0.24115514348992237
0.203125,0.0390625,0.2393352770453234
0.2109375,0.046875,0.23750079702035914
0.21875,0.0546875,0.23565181547677622
0.2265625,0.0625,0.2337884453575168
0.234375,0.0703125,0.23191080048089036
0.2421875,0.078125,0.23001899553439198
0.25,0.0859375,0.228113146068244
0.2578125,0.09375,0.22619336848872326
0.265625,0.1015625,0.2242597800513154
0.2734375,0.109375,0.22231249885373303
0.28125,0.1171875,0.22035164382882264
0.2890625,0.125,0.21837733473737317
0.296875,0.1328125,0.21638969216084686
0.3046875,0.140625,0.214388837494037
0.3125,0.1484375,0.21237489293766082
0.3203125,0.15625,0.21034798149089448
0.328125,0.1640625,0.20830822694384984
0.3359375,0.171875,0.2062557538700017
0.34375,0.1796875,0.20419068761856182
0.3515625,0.1875,0.20211315430680654
0.359375,0.1953125,0.2000232808123552
0.3671875,0.203125,0.19792119476540368
0.375,0.2109375,0.19580702454091128
0.3828125,0.21875,0.19368089925074386
0.390625,0.2265625,0.19154294873577274
0.3984375,0.234375,0.18939330355793094
0.40625,0.2421875,0.1872320949922255
0.4140625,0.25,0.1850594550187092
0.421875,0.2578125,0.18287551631440893
0.4296875,0.265625,0.18068041224521447
0.4375,0.2734375,0.17847427685772513
0.4453125,0.28125,0.17625724487105812
0.453125,0.2890625,0.17402945166861553
0.4609375,0.296875,0.17179103328981254
0.46875,0.3046875,0.16954212642176722
0.4765625,0.3125,0.1672828683909524
0.484375,0.3203125,0.16501339715480823
0.4921875,0.328125,0.16273385129331863
0.5,0.3359375,0.16044437000055098
0.5078125,0.34375,0.15814509307615807
0.515625,0.3515625,0.15583616091684524
0.5234375,0.359375,0.15351771450780125
0.53125,0.3671875,0.15118989541409467
0.5390625,0.375,0.14885284577203478
0.546875,0.3828125,0.1465067082804988
0.5546875,0.390625,0.14415162619222488
0.5625,0.3984375,0.14178774330507293
0.5703125,0.40625,0.13941520395325077
0.578125,0.4140625,0.13703415299850907
0.5859375,0.421875,0.13464473582130404
0.59375,0.4296875,0.1322470983119291
0.6015625,0.4375,0.1298413868616138
0.609375,0.4453125,0.12742774835359463
0.6171875,0.453125,0.12500633015415355
0.625,0.4609375,0.12257728010362835
0.6328125,0.46875,0.12014074650739265
0.640625,0.4765625,0.11769687812680842
0.6484375,0.484375,0.11524582417014965
0.65625,0.4921875,0.11278773428349854
0.6640625,0.5,0.11032275854161418
0.671875,0.5078125,0.10785104743877522
0.6796875,0.515625,0.10537275187959608
0.6875,0.5234375,0.10288802316981728
0.6953125,0.53125,0.10039701300707131
0.703125,0.5390625,0.09789987347162311
0.7109375,0.546875,0.09539675701708732
0.71875,0.5546875,0.09288781646112088
0.7265625,0.5625,0.0903732049760939
0.734375,0.5703125,0.08785307607973711
0.7421875,0.578125,0.08532758362576723
0.75,0.5859375,0.08279688179449116
0.7578125,0.59375,0.08026112508338884
0.765625,0.6015625,0.07772046829767558
0.7734375,0.609375,0.07517506654084438
0.78125,0.6171875,0.07262507520518786
0.7890625,0.625,0.07007064996230178
0.796875,0.6328125,0.06751194675356868
0.8046875,0.640625,0.06494912178062373
0.8125,0.6484375,0.06238233149580182
0.8203125,0.65625,0.05981173259256699
0.828125,0.6640625,0.05723748199592407
0.8359375,0.671875,0.05465973685281295
0.84375,0.6796875,0.05207865452248604
0.8515625,0.6875,0.049494392566868
0.859375,0.6953125,0.04690710874089936
0.8671875,0.703125,0.04431696098286328
0.875,0.7109375,0.041724107404695454
0.8828125,0.71875,0.03912870628227823
0.890625,0.7265625,0.03653091604571798
0.8984375,0.734375,0.03393089526960716
0.90625,0.7421875,0.03132880266327038
0.9140625,0.75,0.02872479706099644
0.921875,0.7578125,0.026119037412256504
0.9296875,0.765625,0.023511682771910895
0.9375,0.7734375,0.02090289229040721
0.9453125,0.78125,0.018292825203974135
0.953125,0.7890625,0.01568164082481748
0.9609375,0.796875,0.013069498531328229
0.96875,0.8046875,0.010456557758316488
0.9765625,0.8125,0.007842977987291435
0.984375,0.8203125,0.0052289187368156735
0.9921875,0.828125,0.002614539552972733
1.0,0.8359375,0.0
0.171875,0.0,0.2465259452352152
0.1796875,0.0078125,0.244750583263337
0.1875,0.015625,0.24296027681788196
0.1953125,0.0234375,0.24115513529520957
0.203125,0.03125,0.23933526898611937
0.2109375,0.0390625,0.23750078907168568
0.21875,0.046875,0.2356518076185287
0.2265625,0.0546875,0.23378843757357165
0.234375,0.0625,0.2319107927583551
0.2421875,0.0703125,0.23001898786298933
0.25,0.078125,0.22811313843981293
0.2578125,0.0859375,0.22619336089681666
0.265625,0.09375,0.22425977249087856
0.2734375,0.1015625,0.2223124913208466
0.28125,0.109375,0.22035163632049568
0.2890625,0.1171875,0.21837732725137915
0.296875,0.125,0.2163896846955909
0.3046875,0.1328125,0.21438883004844883
0.3125,0.140625,0.2123748855111082
0.3203125,0.1484375,0.2103479740831125
0.328125,0.15625,0.2083082195548834
0.3359375,0.1640625,0.20625574650015713
0.34375,0.171875,0.20419068026836767
0.3515625,0.1796875,0.20211314697698005
0.359375,0.1875,0.2000232735037741
0.3671875,0.1953125,0.19792118747908208
0.375,0.203125,0.1958070172779788
0.3828125,0.2109375,0.1936808920124281
0.390625,0.21875,0.191542941523383
0.3984375,0.2265625,0.18939329637284402
0.40625,0.234375,0.18723208783587364
0.4140625,0.2421875,0.1850594478925678
0.421875,0.25,0.18287550921998666
0.4296875,0.2578125,0.1806804051840435
0.4375,0.265625,0.1784742698313523
0.4453125,0.2734375,0.17625723788103667
0.453125,0.28125,0.1740294447164971
0.4609375,0.2890625,0.17179102637714025
0.46875,0.296875,0.169542119550069
0.4765625,0.3046875,0.16728286156173397
0.484375,0.3125,0.1650133903695478
0.4921875,0.3203125,0.16273384455346127
0.5,0.328125,0.16044436330750328
0.5078125,0.3359375,0.15814508643128375
0.515625,0.34375,0.15583615432146083
0.5234375,0.3515625,0.1535177079631726
0.53125,0.359375,0.15118988892143306
0.5390625,0.3671875,0.1488528393324949
0.546875,0.375,0.1465067018951761
0.5546875,0.3828125,0.14415161986215425
0.5625,0.390625,0.14178773703122705
0.5703125,0.3984375,0.13941519773654013
0.578125,0.40625,0.13703414683978193
0.5859375,0.4140625,0.13464472972134717
0.59375,0.421875,0.1322470922714687
0.6015625,0.4296875,0.12984138088131827
0.609375,0.4375,0.12742774243407645
0.6171875,0.4453125,0.12500632429597294
0.625,0.453125,0.12257727430729681
0.6328125,0.4609375,0.12014074077337789
0.640625,0.46875,0.11769687245553921
0.6484375,0.4765625,0.11524581856202164
0.65625,0.484375,0.11278772873888045
0.6640625,0.4921875,0.1103227530608551
0.671875,0.5,0.1078510420222118
0.6796875,0.5078125,0.10537274652756089
0.6875,0.515625,0.10288801788264733
0.6953125,0.5234375,0.10039700778511747
0.703125,0.53125,0.09789986831525986
0.7109375,0.5390625,0.0953967519267232
0.71875,0.546875,0.0928878114372098
0.7265625,0.5546875,0.09037320001914671
0.734375,0.5625,0.08785307119033388
0.7421875,0.5703125,0.0853275788045707
0.75,0.578125,0.0827968770422605
0.7578125,0.5859375,0.08026112040099466
0.765625,0.59375,0.07772046368611565
0.7734375,0.6015625,0.07517506200126067
0.78125,0.609375,0.0726250707388844
0.7890625,0.6171875,0.0700706455707647
0.796875,0.625,0.06751194243848721
0.8046875,0.6328125,0.06494911754391322
0.8125,0.640625,0.06238232733962883
0.8203125,0.6484375,0.059811728519377036
0.828125,0.65625,0.05723747800847187
0.8359375,0.6640625,0.05465973295419614
0.84375,0.671875,0.05207865071618221
0.8515625,0.6796875,0.049494388856776664
0.859375,0.6875,0.04690710513138838
0.8671875,0.6953125,0.04431695747882116
0.875,0.703125,0.041724104011590366
0.8828125,0.7109375,0.03912870300622461
0.890625,0.71875,0.03653091289355206
0.8984375,0.7265625,0.033930892248972506
0.90625,0.734375,0.0313287997827153
0.9140625,0.7421875,0.028724794330084638
0.921875,0.75,0.026119034841692878
0.9296875,0.7578125,0.023511680373684393
0.9375,0.765625,0.020902890077952454
0.9453125,0.7734375,0.01829282319235359
0.953125,0.78125,0.015681639030925124
0.9609375,0.7890625,0.013069496974114633
0.96875,0.796875,0.010456556459033428
0.9765625,0.8046875,0.007842976969750875
0.984375,0.8125,0.005228918027652976
0.9921875,0.8203125,0.0026145391818965164
1.0,0.828125,0.0
0.1796875,0.0,0.24475057435836844
0.1875,0.0078125,0.2429602681435797
0.1953125,0.015625,0.24115512681164306
0.203125,0.0234375,0.2393352606600774
0.2109375,0.03125,0.23750078087582044
0.21875,0.0390625,0.23565179953047966
0.2265625,0.046875,0.23378842957514825
0.234375,0.0546875,0.23191078483481803
0.2421875,0.0625,0.23001898000243728
0.25,0.0703125,0.22811313063267039
0.2578125,0.078125,0.22619335313541414
0.265625,0.0859375,0.22425976476910828
0.2734375,0.09375,0.222312483633884
0.28125,0.1015625,0.22035162866457356
0.2890625,0.109375,0.21837731962360457
0.296875,0.1171875,0.21638967709379733
0.3046875,0.125,0.2143888224710758
0.3125,0.1328125,0.21237487795710303
0.3203125,0.140625,0.2103479665518495
0.328125,0.1484375,0.20830821204609803
0.3359375,0.15625,0.20625573901389122
0.34375,0.1640625,0.20419067280492384
0.3515625,0.171875,0.20211313953688312
0.359375,0.1796875,0.20002326608773888
0.3671875,0.1875,0.19792118008798554
0.375,0.1953125,0.19580700991283673
0.3828125,0.203125,0.19368088467437375
0.390625,0.2109375,0.19154293421364965
0.3984375,0.21875,0.18939328909274866
0.40625,0.2265625,0.1872320805868024
0.4140625,0.234375,0.18505944067596358
0.421875,0.2421875,0.18287550203733677
0.4296875,0.25,0.18068039803686933
0.4375,0.2578125,0.17847426272119934
0.4453125,0.265625,0.17625723080946504
0.453125,0.2734375,0.17402943768507306
0.4609375,0.28125,0.1717910193874282
0.46875,0.2890625,0.16954211260362387
0.4765625,0.296875,0.16728285466009427
0.484375,0.3046875,0.16501338351422876
0.4921875,0.3125,0.16273383774594896
0.5,0.3203125,0.1604443565492489
0.5078125,0.328125,0.15814507972369812
0.515625,0.3359375,0.1558361476659097
0.5234375,0.34375,0.15351770136097234
0.53125,0.3515625,0.1511898823738472
0.5390625,0.359375,0.14885283284073014
0.546875,0.3671875,0.1465066954603802
0.5546875,0.375,0.1441516134854137
0.5625,0.3828125,0.14178773071356546
0.5703125,0.390625,0.13941519147891712
0.578125,0.3984375,0.13703414064309297
0.5859375,0.40625,0.13464472358642404
0.59375,0.4140625,0.13224708619908024
0.6015625,0.421875,0.12984137487217198
0.609375,0.4296875,0.12742773648882103
0.6171875,0.4375,0.12500631841520102
0.625,0.4453125,0.12257726849154879
0.6328125,0.453125,0.12014073502314608
0.640625,0.4609375,0.11769686677127288
0.6484375,0.46875,0.11524581294413257
0.65625,0.4765625,0.11278772318774932
0.6640625,0.484375,0.11032274757683815
0.671875,0.4921875,0.10785103660564861
0.6796875,0.5,0.10537274117878209
0.6875,0.5078125,0.10288801260198373
0.6953125,0.515625,0.10039700257290897
0.703125,0.5234375,0.09789986317186562
0.7109375,0.53125,0.09539674685253187
0.71875,0.5390625,0.092887806432651
0.7265625,0.546875,0.09037319508470251
0.734375,0.5546875,0.08785306632655128
0.7421875,0.5625,0.08532757401207476
0.75,0.5703125,0.08279687232176845
0.7578125,0.578125,0.08026111575333039
0.765625,0.5859375,0.07772045911222564
0.7734375,0.59375,0.07517505750223046
0.78125,0.6015625,0.07262506631595696
0.7890625,0.609375,0.07007064122535893
0.796875,0.6171875,0.06751193817221919
0.8046875,0.625,0.06494911335861836
0.8125,0.6328125,0.06238232323738636
0.8203125,0.640625,0.0598117245025363
0.828125,0.6484375,0.05723747407968168
0.8359375,0.65625,0.05465972911643666
0.84375,0.6640625,0.0520786469728005
0.8515625,0.671875,0.04949438521152571
0.859375,0.6796875,0.046907101588471084
0.8671875,0.6875,0.044316954042939095
0.875,0.6953125,0.04172410068799862
0.8828125,0.703125,0.03912869980079324
0.890625,0.7109375,0.0365309098128354
0.8984375,0.71875,0.03393088930028734
0.90625,0.7265625,0.0313287969742292
0.9140625,0.734375,0.02872479167091545
0.921875,0.7421875,0.026119032342021443
0.9296875,0.75,0.02351167804488121
0.9375,0.7578125,0.020902887932720174
0.9453125,0.765625,0.018292821244886005
0.953125,0.7734375,0.01568163729708355
0.9609375,0.78125,0.013069495471620975
0.96875,0.7890625,0.010456555207677918
0.9765625,0.796875,0.007842975991609767
0.984375,0.8046875,0.005228917347307453
0.9921875,0.8125,0.0026145388266381833
1.0,0.8203125,0.0
0.1875,0.0,0.24296025915173203
0.1953125,0.0078125,0.24115511803332423
0.203125,0.015625,0.23933525206046688
0.2109375,0.0234375,0.23750077242568987
0.21875,0.03125,0.2356517912055294
0.2265625,0.0390625,0.2337884213553186
0.234375,0.046875,0.2319107767036365
0.2421875,0.0546875,0.23001897194643595
0.25,0.0625,0.22811312264088202
0.2578125,0.0703125,0.22619334519894438
0.265625,0.078125,0.22425975688078092
0.2734375,0.0859375,0.22231247578794625
0.28125,0.09375,0.22035162085645446
0.2890625,0.1015625,0.21837731184971676
0.296875,0.109375,0.21638966935137444
0.3046875,0.1171875,0.21438881475803978
0.3125,0.125,0.21237487027195515
0.3203125,0.1328125,0.21034795889357968
0.328125,0.140625,0.20830820441411094
0.3359375,0.1484375,0.20625573140794445
0.34375,0.15625,0.204190665225076
0.3515625,0.1640625,0.20211313198345057
0.359375,0.171875,0.20002325856125905
0.3671875,0.1796875,0.19792117258918532
0.375,0.1875,0.19580700244260565
0.3828125,0.1953125,0.1936808772337407
0.390625,0.203125,0.19154292680376214
0.3984375,0.2109375,0.1893932817148551
0.40625,0.21875,0.1872320732422358
0.4140625,0.2265625,0.18505943336612704
0.421875,0.234375,0.18287549476369053
0.4296875,0.2421875,0.18068039080091863
0.4375,0.25,0.17847425552448357
0.4453125,0.2578125,0.17625722365354723
0.453125,0.265625,0.17402943057153059
0.4609375,0.2734375,0.17179101231784386
0.46875,0.28125,0.16954210557957744
0.4765625,0.2890625,0.16728284768315482
0.484375,0.296875,0.16501337658594736
0.4921875,0.3046875,0.16273383086785184
0.5,0.3125,0.16044434972283073
0.5078125,0.3203125,0.15814507295041666
0.515625,0.328125,0.15583614094718015
0.5234375,0.3359375,0.15351769469816234
0.53125,0.34375,0.1511898757682726
0.5390625,0.3515625,0.1488528262936511
0.546875,0.359375,0.146506688972998
0.5546875,0.3671875,0.14415160705886793
0.5625,0.375,0.14178772434893192
0.5703125,0.3828125,0.13941518517720647
0.578125,0.390625,0.13703413440525
0.5859375,0.3984375,0.13464471741332734
0.59375,0.40625,0.132247080091543
0.6015625,0.4140625,0.12984136883094322
0.609375,0.421875,0.1274277305145874
0.6171875,0.4296875,0.1250063125085896
0.625,0.4375,0.12257726265313044
0.6328125,0.4453125,0.1201407292534395
0.640625,0.453125,0.11769686107074938
0.6484375,0.4609375,0.11524580731322155
0.65625,0.46875,0.11278771762684425
0.6640625,0.4765625,0.11032274208630348
0.671875,0.484375,0.10785103118582735
0.6796875,0.4921875,0.10537273583000355
0.6875,0.5,0.10288800732457225
0.6953125,0.5078125,0.10039699736719342
0.703125,0.515625,0.09789985803818906
0.7109375,0.5234375,0.09539674179126234
0.71875,0.53125,0.0928878014441924
0.7265625,0.5390625,0.09037319016950653
0.734375,0.546875,0.08785306148512978
0.7421875,0.5546875,0.08532756924501299
0.75,0.5625,0.08279686762973872
0.7578125,0.5703125,0.08026111113710704
0.765625,0.578125,0.07772045457270031
0.7734375,0.5859375,0.0751750530404288
0.78125,0.59375,0.0726250619330562
0.7890625,0.6015625,0.07007063692270679
0.796875,0.609375,0.0675119339513538
0.8046875,0.6171875,0.06494910922129034
0.8125,0.625,0.062382319185582256
0.8203125,0.6328125,0.05981172053850413
0.828125,0.640625,0.05723747020595882
0.8359375,0.6484375,0.05465972533588049
0.84375,0.65625,0.052078643288621905
0.8515625,0.6640625,0.04949438162732629
0.859375,0.671875,0.0469070981082841
0.8671875,0.6796875,0.04431695067127523
0.875,0.6875,0.0417240974298969
0.8828125,0.6953125,0.03912869666187784
0.890625,0.703125,0.036530906799379384
0.8984375,0.7109375,0.033930886419284004
0.90625,0.71875,0.03132879423347222
0.9140625,0.7265625,0.02872478907908884
0.921875,0.734375,0.02611902990880024
0.9296875,0.7421875,0.023511675781044388
0.9375,0.75,0.020902885850276304
0.9453125,0.7578125,0.018292819357212668
0.953125,0.765625,0.01568163561908045
0.9609375,0.7734375,0.01306949401987626
0.96875,0.78125,0.01045655400064542
0.9765625,0.7890625,0.007842975049793026
0.984375,0.796875,0.005228916693442868
0.9921875,0.8046875,0.0026145384858652565
1.0,0.8125,0.0
0.1953125,0.0,0.24115510895661882
0.203125,0.0078125,0.23933524318230393
0.2109375,0.015625,0.23750076371554643
0.21875,0.0234375,0.23565178263757505
0.2265625,0.03125,0.23378841290789631
0.234375,0.0390625,0.23191076835871605
0.2421875,0.046875,0.23001896368908897
0.25,0.0546875,0.22811311445880694
0.2578125,0.0625,0.2261933370820497
0.265625,0.0703125,0.22425974882082753
0.2734375,0.078125,0.22231246777824595
0.28125,0.0859375,0.22035161289161706
0.2890625,0.09375,0.2183773039254405
0.296875,0.1015625,0.21638966146427163
0.3046875,0.109375,0.2143888069054926
0.3125,0.1171875,0.21237486245199658
0.3203125,0.125,0.21034795110479454
0.328125,0.1328125,0.2083081966555533
0.3359375,0.140625,0.20625572367906894
0.34375,0.1484375,0.2041906575256807
0.3515625,0.15625,0.2021131243136278
0.359375,0.1640625,0.2000232509213543
0.3671875,0.171875,0.19792116497976298
0.375,0.1796875,0.19580699486441733
0.3828125,0.1875,0.1936808696877
0.390625,0.1953125,0.19154291929092165
0.3984375,0.203125,0.189393274236386
0.40625,0.2109375,0.18723206579941012
0.4140625,0.21875,0.18505942596030148
0.421875,0.2265625,0.18287548739629197
0.4296875,0.234375,0.18068038347343074
0.4375,0.2421875,0.17847424823843483
0.4453125,0.25,0.17625721641049952
0.453125,0.2578125,0.17402942337306876
0.4609375,0.265625,0.171791005165566
0.46875,0.2734375,0.16954209847508575
0.4765625,0.28125,0.16728284062804702
0.484375,0.2890625,0.16501336958180848
0.4921875,0.296875,0.16273382391624705
0.5,0.3046875,0.160444342825298
0.5078125,0.3125,0.15814506610846013
0.515625,0.3203125,0.15583613416226444
0.5234375,0.328125,0.15351768797170678
0.53125,0.3359375,0.15118986910164633
0.5390625,0.34375,0.1488528196881686
0.546875,0.3515625,0.14650668242991502
0.5546875,0.359375,0.14415160057937876
0.5625,0.3671875,0.1417877179341665
0.5703125,0.375,0.13941517882822826
0.578125,0.3828125,0.1370341281230549
0.5859375,0.390625,0.13464471119884308
0.59375,0.3984375,0.1322470739456293
0.6015625,0.40625,0.1298413627543925
0.609375,0.4140625,0.1274277245081265
0.6171875,0.421875,0.12500630657288223
0.625,0.4296875,0.12257725678877994
0.6328125,0.4375,0.12014072346099285
0.640625,0.4453125,0.11769685535070168
0.6484375,0.453125,0.1152458016660213
0.65625,0.4609375,0.11278771205289934
0.6640625,0.46875,0.11032273658598776
0.671875,0.4765625,0.10785102575948786
0.6796875,0.484375,0.10537273047796886
0.6875,0.4921875,0.10288800204716095
0.6953125,0.5,0.10039699216472314
0.703125,0.5078125,0.09789985291098671
0.7109375,0.515625,0.0953967367396745
0.71875,0.5234375,0.09288779646859645
0.7265625,0.53125,0.09037318527032248
0.734375,0.5390625,0.08785305666283273
0.7421875,0.546875,0.0853275645001463
0.75,0.5546875,0.08279686296292764
0.7578125,0.5625,0.08026110654907351
0.765625,0.5703125,0.0777204500642783
0.7734375,0.578125,0.07517504861258067
0.78125,0.5859375,0.07262505758689006
0.7890625,0.59375,0.070070632659495
0.796875,0.6015625,0.06751192977255265
0.8046875,0.609375,0.06494910512856122
0.8125,0.6171875,0.06238231518081457
0.8203125,0.625,0.05981171662383989
0.828125,0.6328125,0.05723746638381936
0.8359375,0.640625,0.05465972160899571
0.84375,0.6484375,0.05207863966006219
0.8515625,0.65625,0.04949437810053755
0.859375,0.6640625,0.046907094687126394
0.8671875,0.671875,0.04431694736006543
0.875,0.6796875,0.041724094233456153
0.8828125,0.6875,0.039128693585584094
0.890625,0.6953125,0.036530903849226
0.8984375,0.703125,0.03393088360194504
0.90625,0.7109375,0.031328791556375246
0.9140625,0.71875,0.02872478655049624
0.921875,0.7265625,0.026119027537899606
0.9296875,0.734375,0.023511673578049095
0.9375,0.7421875,0.02090288382653683
0.9453125,0.75,0.018292817525339004
0.953125,0.7578125,0.01568163399307561
0.9609375,0.765625,0.013069492615280042
0.96875,0.7734375,0.010456552834686366
0.9765625,0.78125,0.007842974141544709
0.984375,0.7890625,0.005228916063978105
0.9921875,0.796875,0.0026145381583980256
1.0,0.8046875,0.0
0.203125,0.0,0.23933523402252457
0.2109375,0.0078125,0.23750075474114704
0.21875,0.015625,0.23565177382167557
0.2265625,0.0234375,0.2337884042275841
0.234375,0.03125,0.23191075979463657
0.2421875,0.0390625,0.23001895522500881
0.25,0.046875,0.2281131060811876
0.2578125,0.0546875,0.2261933287796594
0.265625,0.0625,0.22425974058439405
0.2734375,0.0703125,0.2223124596001563
0.28125,0.078125,0.22035160476566054
0.2890625,0.0859375,0.21837729584659166
0.296875,0.09375,0.2163896534285073
0.3046875,0.1015625,0.21438879890963888
0.3125,0.109375,0.21237485449360088
0.3203125,0.1171875,0.21034794318201838
0.328125,0.125,0.20830818876708293
0.3359375,0.1328125,0.20625571582403995
0.34375,0.140625,0.2041906497036144
0.3515625,0.1484375,0.2021131165243781
0.359375,0.15625,0.200023243165062
0.3671875,0.1640625,0.19792115725681642
0.375,0.171875,0.1958069871754194
0.3828125,0.1796875,0.19368086203343884
0.390625,0.1875,0.19154291167234527
0.3984375,0.1953125,0.18939326665458
0.40625,0.203125,0.18723205825557782
0.4140625,0.2109375,0.1850594184557461
0.421875,0.21875,0.18287547993240083
0.4296875,0.2265625,0.1806803760516605
0.4375,0.234375,0.17847424086029812
0.4453125,0.2421875,0.1762572090775528
0.453125,0.25,0.1740294160869006
0.4609375,0.2578125,0.1717909979277867
0.46875,0.265625,0.16954209128731723
0.4765625,0.2734375,0.16728283349191345
0.484375,0.28125,0.16501336249892748
0.4921875,0.2890625,0.1627338168882213
0.5,0.296875,0.16044433585370774
0.5078125,0.3046875,0.15814505919485586
0.515625,0.3125,0.15583612730816004
0.5234375,0.3203125,0.15351768117857373
0.53125,0.328125,0.1511898623709075
0.5390625,0.3359375,0.14885281302119388
0.546875,0.34375,0.14650667582801633
0.5546875,0.3515625,0.14415159404380634
0.5625,0.359375,0.141787711466106
0.5703125,0.3671875,0.13941517242879803
0.578125,0.375,0.13703412179330404
0.5859375,0.3828125,0.13464470493975064
0.59375,0.390625,0.13224706775810374
0.6015625,0.3984375,0.12984135663927224
0.609375,0.40625,0.12742771846618084
0.6171875,0.4140625,0.1250063006048136
0.625,0.421875,0.12257725089522646
0.6328125,0.4296875,0.120140717642532
0.640625,0.4375,0.11769684960785436
0.6484375,0.4453125,0.11524579599925702
0.65625,0.453125,0.11278770646264187
0.6640625,0.4609375,0.11032273107262179
0.671875,0.46875,0.10785102032336603
0.6796875,0.4765625,0.10537272511941984
0.6875,0.484375,0.10288799676649787
0.6953125,0.4921875,0.10039698696225302
0.703125,0.5,0.09789984778702028
0.7109375,0.5078125,0.0953967316945366
0.71875,0.515625,0.0928877915026373
0.7265625,0.5234375,0.09037318038392952
0.734375,0.53125,0.08785305185644306
0.7421875,0.5390625,0.08532755977425961
0.75,0.546875,0.08279685831812027
0.7578125,0.5546875,0.08026110198601276
0.765625,0.5625,0.07772044558373788
0.7734375,0.5703125,0.07517504421545679
0.78125,0.578125,0.07262505327421856
0.7890625,0.5859375,0.07007062843246949
0.796875,0.59375,0.06751192563254392
0.8046875,0.6015625,0.06494910107713774
0.8125,0.609375,0.06238231121976463
0.8203125,0.6171875,0.05981171275519547
0.828125,0.625,0.05723746260988177
0.8359375,0.6328125,0.05465971793236354
0.84375,0.640625,0.05207863608366156
0.8515625,0.6484375,0.04949437462765536
0.859375,0.65625,0.04690709132144665
0.8671875,0.6640625,0.04431694410570927
0.875,0.671875,0.04172409109502584
0.8828125,0.6796875,0.03912869056821185
0.890625,0.6875,0.0365309009586279
0.8984375,0.6953125,0.033930880844480836
0.90625,0.703125,0.03132878893911466
0.9140625,0.7109375,0.02872478408129246
0.921875,0.71875,0.026119025225470684
0.9296875,0.7265625,0.023511671432067765
0.9375,0.734375,0.02090288185772926
0.9453125,0.7421875,0.018292815745592668
0.953125,0.75,0.01568163241555607
0.9609375,0.7578125,0.013069491254555681
0.96875,0.765625,0.0104565517068592
0.9765625,0.7734375,0.007842973264383832
0.984375,0.78125,0.005228915457050203
0.9921875,0.7890625,0.002614537843186442
1.0,0.796875,0.0
0.2109375,0.0,0.2375007454998887
0.21875,0.0078125,0.2356517647541928
0.2265625,0.015625,0.2337883953101067
0.234375,0.0234375,0.23191075100677336
0.2421875,0.03125,0.23001894654942143
0.25,0.0390625,0.22811309750323894
0.2578125,0.046875,0.2261933202870657
0.265625,0.0546875,0.22425973216690465
0.2734375,0.0625,0.22231245124926405
0.28125,0.0703125,0.22035159647434835
0.2890625,0.078125,0.21837728760911285
0.296875,0.0859375,0.2163896452401987
0.3046875,0.09375,0.21438879076676098
0.3125,0.1015625,0.21237484639320323
0.3203125,0.109375,0.21034793512182579
0.328125,0.1171875,0.20830818074539936
0.3359375,0.125,0.20625570783966735
0.34375,0.1328125,0.20419064175578416
0.3515625,0.140625,0.20211310861269222
0.359375,0.1484375,0.20002323528944357
0.3671875,0.15625,0.19792114941746672
0.375,0.1640625,0.19580697937278174
0.3828125,0.171875,0.19368085426816564
0.390625,0.1796875,0.19154290394527082
0.3984375,0.1875,0.18939325896669587
0.40625,0.1953125,0.1872320506080109
0.4140625,0.203125,0.1850594108497395
0.421875,0.2109375,0.18287547236929586
0.4296875,0.21875,0.18068036853288108
0.4375,0.2265625,0.17847423338733634
0.4453125,0.234375,0.1762572016519551
0.453125,0.2421875,0.17402940871025566
0.4609375,0.25,0.17179099060171366
0.46875,0.2578125,0.16954208401345497
0.4765625,0.265625,0.16728282627191027
0.484375,0.2734375,0.1650133553344317
0.4921875,0.28125,0.16273380978087199
0.5,0.2890625,0.1604443288051267
0.5078125,0.296875,0.1581450522066392
0.515625,0.3046875,0.15583612038187103
0.5234375,0.3125,0.15351767431573593
0.53125,0.3203125,0.1511898555729988
0.5390625,0.328125,0.14885280628964015
0.546875,0.3359375,0.14650666916418698
0.5546875,0.34375,0.14415158744900933
0.5625,0.3515625,0.14178770494158446
0.5703125,0.359375,0.13941516597572703
0.578125,0.3671875,0.13703411541278834
0.5859375,0.375,0.13464469863282277
0.59375,0.3828125,0.13224706152572338
0.6015625,0.390625,0.12984135048232606
0.609375,0.3984375,0.12742771238548342
0.6171875,0.40625,0.12500629460110854
0.625,0.4140625,0.12257724496918926
0.6328125,0.421875,0.12014071179477286
0.640625,0.4296875,0.11769684383892233
0.6484375,0.4375,0.11524579030964463
0.65625,0.4453125,0.11278770085279084
0.6640625,0.453125,0.1103227255429293
0.671875,0.4609375,0.10785101487419174
0.6796875,0.46875,0.10537271975109372
0.6875,0.4765625,0.10288799147932888
0.6953125,0.484375,0.10039698175653802
0.703125,0.4921875,0.09789984266305404
0.7109375,0.5,0.09539672665262232
0.71875,0.5078125,0.09288778654309787
0.7265625,0.515625,0.09037317550711915
0.734375,0.5234375,0.0878530470627598
0.7421875,0.53125,0.08532755506415839
0.75,0.5390625,0.08279685369212679
0.7578125,0.546875,0.08026109744473785
0.765625,0.5546875,0.07772044112789278
0.7734375,0.5625,0.07517503984586907
0.78125,0.5703125,0.07262504899184907
0.7890625,0.578125,0.07007062423843026
0.796875,0.5859375,0.06751192152811696
0.8046875,0.59375,0.06494909706379526
0.8125,0.6015625,0.06238230729919048
0.8203125,0.609375,0.05981170892930818
0.828125,0.6171875,0.057237458880859224
0.8359375,0.625,0.05465971430266963
0.84375,0.6328125,0.05207863255607518
0.8515625,0.640625,0.049494371205301764
0.859375,0.6484375,0.04690708800783173
0.8671875,0.65625,0.04431694090475698
0.875,0.6640625,0.04172408801111942
0.8828125,0.671875,0.03912868760623893
0.890625,0.6796875,0.036530898124030306
0.8984375,0.6875,0.03393087814330938
0.90625,0.6953125,0.03132878637808972
0.9140625,0.703125,0.02872478166787047
0.921875,0.7109375,0.026119022967917578
0.9296875,0.71875,0.023511669339539354
0.9375,0.7265625,0.020902879940359047
0.9453125,0.734375,0.0182928140145873
0.953125,0.7421875,0.015681630883297652
0.9609375,0.75,0.013069489934710512
0.96875,0.7578125,0.010456550614490816
0.9765625,0.765625,0.007842972416067462
0.984375,0.7734375,0.005228914870983803
0.9921875,0.78125,0.0026145375392911886
1.0,0.7890625,0.0
0.21875,0.0,0.23565175543289887
0.2265625,0.0078125,0.23378838615232386
0.234375,0.015625,0.23191074199140468
0.2421875,0.0234375,0.23001893765826725
0.25,0.03125,0.2281130887207355
0.2578125,0.0390625,0.22619331159999895
0.265625,0.046875,0.224259723564126
0.2734375,0.0546875,0.22231244272142395
0.28125,0.0625,0.22035158801365373
0.2890625,0.0703125,0.21837727920911199
0.296875,0.078125,0.2163896368955938
0.3046875,0.0859375,0.21438878247324564
0.3125,0.09375,0.21237483814732303
0.3203125,0.1015625,0.21034792692086007
0.328125,0.109375,0.20830817258725937
0.3359375,0.1171875,0.20625569972281008
0.34375,0.125,0.20419063367913895
0.3515625,0.1328125,0.20211310057559778
0.359375,0.140625,0.20002322729159416
0.3671875,0.1484375,0.19792114145886594
0.375,0.15625,0.1958069714537024
0.3828125,0.1640625,0.19368084638911556
0.390625,0.171875,0.19154289610696165
0.3984375,0.1796875,0.18939325117001693
0.40625,0.1875,0.18723204285400538
0.4140625,0.1953125,0.18505940313958313
0.421875,0.203125,0.18287546470427804
0.4296875,0.2109375,0.18068036091438747
0.4375,0.21875,0.17847422581683312
0.4453125,0.2265625,0.17625719413097463
0.453125,0.234375,0.1740294012403825
0.4609375,0.2421875,0.17179098318457248
0.46875,0.25,0.16954207665069881
0.4765625,0.2578125,0.1672828189652093
0.484375,0.265625,0.165013348085463
0.4921875,0.2734375,0.16273380259130973
0.5,0.28125,0.16044432167663286
0.5078125,0.2890625,0.15814504514085523
0.515625,0.296875,0.15583611338040948
0.5234375,0.3046875,0.15351766738017297
0.53125,0.3125,0.15118984870486737
0.5390625,0.3203125,0.14885279949042357
0.546875,0.328125,0.14650666243531316
0.5546875,0.3359375,0.1441515807918458
0.5625,0.34375,0.14178769835743363
0.5703125,0.3515625,0.1394151594658229
0.578125,0.359375,0.1370341089782933
0.5859375,0.3671875,0.13464469227482556
0.59375,0.375,0.13224705524523736
0.6015625,0.3828125,0.12984134428028898
0.609375,0.390625,0.12742770626275757
0.6171875,0.3984375,0.12500628855848178
0.625,0.40625,0.1225772390073768
0.6328125,0.4140625,0.12014070591442036
0.640625,0.421875,0.11769683804060949
0.6484375,0.4296875,0.11524578459388952
0.65625,0.4375,0.11278769522005523
0.6640625,0.4453125,0.11032271999362488
0.671875,0.453125,0.10785100940868704
0.6796875,0.4609375,0.1053727143697216
0.6875,0.46875,0.10288798618239511
0.6953125,0.4765625,0.10039697654433044
0.703125,0.484375,0.09789983753585224
0.7109375,0.4921875,0.09539672161070825
0.71875,0.5,0.09288778158676693
0.7265625,0.5078125,0.09037317063669206
0.734375,0.515625,0.08785304227859497
0.7421875,0.5234375,0.0853275503666651
0.75,0.53125,0.0827968490817789
0.7578125,0.5390625,0.08026109292208812
0.765625,0.546875,0.07772043669358811
0.7734375,0.5546875,0.0751750355006663
0.78125,0.5625,0.07262504473663182
0.7890625,0.5703125,0.07007062007422625
0.796875,0.578125,0.06751191745611683
0.8046875,0.5859375,0.06494909308537214
0.8125,0.59375,0.06238230341592079
0.8203125,0.6015625,0.05981170514299395
0.828125,0.609375,0.05723745519355204
0.8359375,0.6171875,0.054659710716696015
0.84375,0.625,0.052078629074064284
0.8515625,0.6328125,0.049494367830215096
0.859375,0.640625,0.046907084742995514
0.8671875,0.6484375,0.044316937753897424
0.875,0.65625,0.04172408497840091
0.8828125,0.6640625,0.03912868469630623
0.890625,0.671875,0.03653089534205443
0.8984375,0.6796875,0.03393087549503801
0.90625,0.6875,0.0313287838699023
0.9140625,0.6953125,0.028724779306838994
0.921875,0.703125,0.02611902076187258
0.9296875,0.7109375,0.023511667297142203
0.9375,0.71875,0.02090287807118027
0.9453125,0.7265625,0.01829281232919102
0.953125,0.734375,0.01568162939333182
0.9609375,0.7421875,0.013069488653001882
0.96875,0.75,0.010456549555143043
0.9765625,0.7578125,0.007842971594559722
0.984375,0.765625,0.00522891430426571
0.9921875,0.7734375,0.0026145372458680747
1.0,0.78125,0.0
0.2265625,0.0,0.23378837675231554
0.234375,0.0078125,0.2319107327458026
0.2421875,0.015625,0.2300189285482872
0.25,0.0234375,0.22811307973009387
0.2578125,0.03125,0.22619330271470076
0.265625,0.0390625,0.2242597147722314
0.2734375,0.046875,0.22231243401281384
0.28125,0.0546875,0.22035157937980723
0.2890625,0.0625,0.2183772706429025
0.296875,0.0703125,0.21638962839110543
0.3046875,0.078125,0.2143887740256125
0.3125,0.0859375,0.21237482975258837
0.3203125,0.09375,0.2103479185758541
0.328125,0.1015625,0.20830816428949453
0.3359375,0.109375,0.20625569147039025
0.34375,0.1171875,0.20419062547068237
0.3515625,0.125,0.20211309241017023
0.359375,0.1328125,0.2000232191686515
0.3671875,0.140625,0.19792113337820416
0.375,0.1484375,0.1958069634154154
0.3828125,0.15625,0.19368083839355688
0.390625,0.1640625,0.19154288815471235
0.3984375,0.171875,0.1893932432618564
0.40625,0.1796875,0.1872320349908855
0.4140625,0.1875,0.18505939532260576
0.421875,0.1953125,0.18287545693467452
0.4296875,0.203125,0.18068035319349965
0.4375,0.2109375,0.17847421814609632
0.4453125,0.21875,0.17625718651190223
0.453125,0.2265625,0.17402939367455159
0.4609375,0.234375,0.17179097567360974
0.46875,0.2421875,0.16954206919626819
0.4765625,0.25,0.16728281156900043
0.484375,0.2578125,0.16501334074917978
0.4921875,0.265625,0.16273379531665985
0.5,0.2734375,0.16044431446531765
0.5078125,0.28125,0.1581450379945607
0.515625,0.2890625,0.15583610630079733
0.5234375,0.296875,0.15351766036887207
0.53125,0.3046875,0.1511898417634666
0.5390625,0.3125,0.14885279262046447
0.546875,0.3203125,0.1465066556382836
0.5546875,0.328125,0.14415157406917417
0.5625,0.3359375,0.14178769171048386
0.5703125,0.34375,0.13941515289588993
0.578125,0.3515625,0.1370341024865996
0.5859375,0.359375,0.1346446858625185
0.59375,0.3671875,0.132247048913387
0.6015625,0.375,0.12984133802988687
0.609375,0.3828125,0.1274277000947166
0.6171875,0.390625,0.12500628247363668
0.625,0.3984375,0.12257723300648585
0.6328125,0.40625,0.12014069999816751
0.640625,0.4140625,0.11769683220960767
0.6484375,0.421875,0.115245778848685
0.65625,0.4296875,0.11278768956113248
0.6640625,0.4375,0.11032271442141238
0.671875,0.4453125,0.10785100392356411
0.6796875,0.453125,0.10537270897202596
0.6875,0.4609375,0.102887980872431
0.6953125,0.46875,0.10039697132237783
0.703125,0.4765625,0.0978998324021766
0.7109375,0.484375,0.09539671656557085
0.71875,0.4921875,0.09288777663043614
0.7265625,0.5,0.09037316576945516
0.734375,0.5078125,0.08785303750077048
0.7421875,0.515625,0.08532754567861597
0.75,0.5234375,0.08279684448392613
0.7578125,0.53125,0.08026108841492527
0.765625,0.5390625,0.07772043227769632
0.7734375,0.546875,0.07517503117672995
0.78125,0.5546875,0.07262504050545511
0.7890625,0.5625,0.07007061593675064
0.796875,0.5703125,0.06751191341343914
0.8046875,0.578125,0.06494908913876388
0.8125,0.5859375,0.06238229956684852
0.8203125,0.59375,0.0598117013931408
0.828125,0.6015625,0.05723745154484068
0.8359375,0.609375,0.05465970717131338
0.84375,0.6171875,0.0520786256344877
0.8515625,0.625,0.04949436449924074
0.859375,0.6328125,0.04690708152376898
0.8671875,0.640625,0.04431693464994674
0.875,0.6484375,0.04172408199367258
0.8828125,0.65625,0.03912868183520416
0.890625,0.6640625,0.03653089260948251
0.8984375,0.671875,0.03393087289644655
0.90625,0.6796875,0.031328781411338616
0.9140625,0.6875,0.02872477699500232
0.921875,0.6953125,0.02611901860417416
0.9296875,0.703125,0.023511665301770162
0.9375,0.7109375,0.020902876247169685
0.9453125,0.71875,0.01829281068649895
0.953125,0.7265625,0.015681627942916995
0.9609375,0.734375,0.013069487406907932
0.96875,0.7421875,0.0104565485265841
0.9765625,0.75,0.00784297079800562
0.984375,0.7578125,0.005228913755523581
0.9921875,0.765625,0.002614536962155049
1.0,0.7734375,0.0
0.234375,0.0,0.2319107232683017
0.2421875,0.0078125,0.23001891921709727
0.25,0.015625,0.22811307052844434
0.2578125,0.0234375,0.2261932936279919
0.265625,0.03125,0.22425970578786183
0.2734375,0.0390625,0.22231242511998878
0.28125,0.046875,0.22035157056934362
0.2890625,0.0546875,0.21837726190704315
0.296875,0.0625,0.21638961972334578
0.3046875,0.0703125,0.2143887654205445
0.3125,0.078125,0.21237482120576118
0.3203125,0.0859375,0.2103479100836518
0.328125,0.09375,0.2083081558490291
0.3359375,0.1015625,0.20625568307940878
0.34375,0.109375,0.20419061712748607
0.3515625,0.1171875,0.20211308411354453
0.359375,0.125,0.20002321091780584
0.3671875,0.1328125,0.19792112517271948
0.375,0.140625,0.1958069552551976
0.3828125,0.1484375,0.19368083027879798
0.390625,0.15625,0.1915428800858548
0.3984375,0.1640625,0.18939323523956203
0.40625,0.171875,0.18723202701600858
0.4140625,0.1796875,0.18505938739616784
0.421875,0.1875,0.18287544905784264
0.4296875,0.1953125,0.18068034536756644
0.4375,0.203125,0.17847421037246133
0.4453125,0.2109375,0.17625717879205555
0.453125,0.21875,0.17402938601005818
0.4609375,0.2265625,0.17179096806609503
0.46875,0.234375,0.1695420616474045
0.4765625,0.2421875,0.16728280408049412
0.484375,0.25,0.1650133333227594
0.4921875,0.2578125,0.16273378795406496
0.5,0.265625,0.16044430716828798
0.5078125,0.2734375,0.15814503076482603
0.515625,0.28125,0.15583609914006805
0.5234375,0.2890625,0.1535176532788303
0.53125,0.296875,0.1511898347457574
0.5390625,0.3046875,0.1488527856766887
0.546875,0.3125,0.14650664876999028
0.5546875,0.3203125,0.14415156727785447
0.5625,0.328125,0.1417876849975648
0.5703125,0.3359375,0.1394151462627299
0.578125,0.34375,0.13703409593448376
0.5859375,0.3515625,0.13464467939265534
0.59375,0.359375,0.1322470425269059
0.6015625,0.3671875,0.12984133172783632
0.609375,0.375,0.1274276938780632
0.6171875,0.3828125,0.12500627634326542
0.625,0.390625,0.12257722696320089
0.6328125,0.3984375,0.1201406940426942
0.640625,0.40625,0.11769682634259548
0.6484375,0.4140625,0.11524577307071125
0.65625,0.421875,0.11278768387270688
0.6640625,0.4296875,0.11032270882298298
0.671875,0.4375,0.10785099841552352
0.6796875,0.4453125,0.10537270355471878
0.6875,0.453125,0.10288797554616183
0.6953125,0.4609375,0.10039696608742049
0.703125,0.46875,0.09789982725878353
0.7109375,0.4765625,0.09539671151398392
0.71875,0.484375,0.09288777167089722
0.7265625,0.4921875,0.09037316090221839
0.734375,0.5,0.0878530327261146
0.7421875,0.5078125,0.08532754099685727
0.75,0.515625,0.08279683989543227
0.7578125,0.5234375,0.08026108392012969
0.765625,0.53125,0.07772042787711311
0.7734375,0.5390625,0.07517502687096975
0.78125,0.546875,0.07262503629524106
0.7890625,0.5546875,0.07007061182293596
0.796875,0.5625,0.06751190939702498
0.8046875,0.5703125,0.06494908522091805
0.8125,0.578125,0.06238229574892541
0.8203125,0.5859375,0.05981169767670247
0.828125,0.59375,0.057237447931678974
0.8359375,0.6015625,0.05465970366347359
0.84375,0.609375,0.05207862223429384
0.8515625,0.6171875,0.04949436120932246
0.859375,0.625,0.04690707834709052
0.8671875,0.6328125,0.04431693158983821
0.875,0.640625,0.041724079053863494
0.8828125,0.6484375,0.039128679019859995
0.890625,0.65625,0.036530889923244006
0.8984375,0.6640625,0.0339308703444726
0.90625,0.671875,0.031328778999352554
0.9140625,0.6796875,0.028724774729342286
0.921875,0.6875,0.02611901649184733
0.9296875,0.6953125,0.023511663350511334
0.9375,0.703125,0.020902874465504116
0.9453125,0.7109375,0.018292809083809237
0.953125,0.71875,0.015681626529513586
0.9609375,0.7265625,0.013069486194102468
0.96875,0.734375,0.01045654752676415
0.9765625,0.7421875,0.007842970024708816
0.984375,0.75,0.005228913223507959
0.9921875,0.7578125,0.0026145366874613476
1.0,0.765625,0.0
0.2421875,0.0,0.2300189096632441
0.25,0.0078125,0.2281130611136915
0.2578125,0.015625,0.22619328433733174
0.265625,0.0234375,0.2242596966081825
0.2734375,0.03125,0.22231241603993243
0.28125,0.0390625,0.2203515615791483
0.2890625,0.046875,0.21837725299838
0.296875,0.0546875,0.21638961088916242
0.3046875,0.0625,0.2143887566549178
0.3125,0.0703125,0.21237481250376367
0.3203125,0.078125,0.21034790144123103
0.328125,0.0859375,0.20830814726290084
0.3359375,0.09375,0.20625567454696309
0.34375,0.1015625,0.20419060864670432
0.3515625,0.109375,0.20211307568292775
0.359375,0.1171875,0.20002320253631142
0.3671875,0.125,0.19792111683970615
0.375,0.1328125,0.19580694697037757
0.3828125,0.140625,0.1936808220421943
0.390625,0.1484375,0.19154287189776456
0.3984375,0.15625,0.18939322710052306
0.40625,0.1640625,0.18723201892677063
0.4140625,0.171875,0.18505937935766612
0.421875,0.1796875,0.18287544107117432
0.4296875,0.1875,0.18068033743396936
0.4375,0.1953125,0.17847420249329465
0.4453125,0.203125,0.17625717096878163
0.453125,0.2109375,0.17402937824422607
0.4609375,0.21875,0.17179096035932515
0.46875,0.2265625,0.16954205400137426
0.4765625,0.234375,0.16728279649692404
0.484375,0.2421875,0.16501332580340083
0.4921875,0.25,0.16273378050068754
0.5,0.2578125,0.1604442997826685
0.5078125,0.265625,0.15814502344873752
0.515625,0.2734375,0.1558360918952692
0.5234375,0.28125,0.15351764610705615
0.53125,0.2890625,0.15118982764871028
0.5390625,0.296875,0.14885277865602928
0.546875,0.3046875,0.14650664182733034
0.5546875,0.3125,0.1441515604147492
0.5625,0.3203125,0.14178767821550678
0.5703125,0.328125,0.13941513956314294
0.578125,0.3359375,0.13703408931871822
0.5859375,0.34375,0.13464467286198376
0.59375,0.3515625,0.13224703608252011
0.6015625,0.359375,0.12984132537084478
0.609375,0.3671875,0.12742768760948953
0.6171875,0.375,0.12500627016404803
0.625,0.3828125,0.12257722087419334
0.6328125,0.390625,0.12014068804466667
0.640625,0.3984375,0.1176968204362371
0.6484375,0.40625,0.1152457672566335
0.65625,0.4140625,0.11278767815144819
0.6640625,0.421875,0.11032270319501367
0.671875,0.4296875,0.10785099288125213
0.6796875,0.4375,0.10537269811449924
0.6875,0.4453125,0.10288797020030156
0.6953125,0.453125,0.10039696083618886
0.703125,0.4609375,0.09789982210242186
0.7109375,0.46875,0.09539670645271554
0.71875,0.4765625,0.09288776670493892
0.7265625,0.484375,0.0903731560317918
0.734375,0.4921875,0.0878530279514589
0.7421875,0.5,0.08532753631824214
0.75,0.5078125,0.08279683531317182
0.7578125,0.515625,0.08026107943459662
0.765625,0.5234375,0.0777204234887537
0.7734375,0.53125,0.0751750225803195
0.78125,0.5390625,0.07262503210294106
0.7890625,0.546875,0.07007060772974964
0.796875,0.5546875,0.06751190540385596
0.8046875,0.5625,0.06494908132882869
0.8125,0.5703125,0.06238229195915624
0.8203125,0.578125,0.059811693990692597
0.828125,0.5859375,0.057237444351087644
0.8359375,0.59375,0.05465970019020298
0.84375,0.6015625,0.052078618870513266
0.8515625,0.609375,0.04949435795749421
0.859375,0.6171875,0.046907075209997214
0.8671875,0.625,0.04431692857061231
0.875,0.6328125,0.041724076156019
0.8828125,0.640625,0.039128676247326376
0.890625,0.6484375,0.03653088728040293
0.8984375,0.65625,0.03393086783619735
0.90625,0.6640625,0.03132877663105081
0.9140625,0.671875,0.02872477250700195
0.921875,0.6796875,0.02611901442208599
0.9296875,0.6875,0.023511661440629144
0.9375,0.6953125,0.020902872723540345
0.9453125,0.703125,0.01829280751860194
0.953125,0.7109375,0.015681625150762348
0.9609375,0.71875,0.013069485012433091
0.96875,0.7265625,0.010456546553794292
0.9765625,0.734375,0.007842969273112637
0.984375,0.7421875,0.0052289127070770346
0.9921875,0.75,0.002614536421158353
1.0,0.7578125,0.0
0.25,0.0,0.2281130514845593
0.2578125,0.0078125,0.22619327484086837
0.265625,0.015625,0.22425968723093267
0.2734375,0.0234375,0.2223124067701053
0.28125,0.03125,0.22035155240650078
0.2890625,0.0390625,0.21837724391408514
0.296875,0.046875,0.2163896018856728
0.3046875,0.0546875,0.21438874772583327
0.3125,0.0625,0.21237480364370545
0.3203125,0.0703125,0.21034789264572684
0.328125,0.078125,0.2083081385282801
0.3359375,0.0859375,0.20625566587026367
0.34375,0.09375,0.2041906000255892
0.3515625,0.1015625,0.20211306711561214
0.359375,0.109375,0.2000231940214973
0.3671875,0.1171875,0.19792110837652607
0.375,0.125,0.19580693855834427
0.3828125,0.1328125,0.1936808136811565
0.390625,0.140625,0.19154286358786785
0.3984375,0.1484375,0.18939321884217558
0.40625,0.15625,0.18723201072061155
0.4140625,0.1640625,0.18505937120453878
0.421875,0.171875,0.18287543297210054
0.4296875,0.1796875,0.18068032939012743
0.4375,0.1875,0.17847419450599827
0.4453125,0.1953125,0.17625716303946096
0.453125,0.203125,0.17402937037441055
0.4609375,0.2109375,0.17179095255062665
0.46875,0.21875,0.16954204625547198
0.4765625,0.2265625,0.16728278881555042
0.484375,0.234375,0.16501331818832748
0.4921875,0.2421875,0.16273377295371258
0.5,0.25,0.16044429230560445
0.5078125,0.2578125,0.15814501604339948
0.515625,0.265625,0.155836084563464
0.5234375,0.2734375,0.15351763885057212
0.53125,0.28125,0.15118982046930682
0.5390625,0.2890625,0.1488527715554283
0.546875,0.296875,0.1465066348072073
0.5546875,0.3046875,0.14415155347672529
0.5625,0.3125,0.1417876713611418
0.5703125,0.3203125,0.13941513279392861
0.578125,0.328125,0.1370340826360727
0.5859375,0.3359375,0.13464466626724675
0.59375,0.34375,0.13224702957694875
0.6015625,0.3515625,0.12984131895561074
0.609375,0.359375,0.12742768128567702
0.6171875,0.3671875,0.12500626393265243
0.625,0.375,0.12257721473612122
0.6328125,0.3828125,0.1201406820007365
0.640625,0.390625,0.1176968144871814
0.6484375,0.3984375,0.1152457614031016
0.65625,0.40625,0.11278767239401023
0.6640625,0.4140625,0.11032269753416556
0.671875,0.421875,0.10785098731742142
0.6796875,0.4296875,0.10537269264805214
0.6875,0.4375,0.1028879648315505
0.6953125,0.4453125,0.10039695556540132
0.703125,0.453125,0.09789981692982982
0.7109375,0.4609375,0.09539670137852584
0.71875,0.46875,0.09288776172934417
0.7265625,0.4765625,0.09037315115498225
0.734375,0.484375,0.08785302317363487
0.7421875,0.4921875,0.0853275316396272
0.75,0.5,0.0827968307340264
0.7578125,0.5078125,0.08026107495523242
0.765625,0.515625,0.07772041910954867
0.7734375,0.5234375,0.07517501830173337
0.78125,0.53125,0.07262502792553155
0.7890625,0.5390625,0.07007060365418925
0.796875,0.546875,0.06751190143094948
0.8046875,0.5546875,0.06494907745953153
0.8125,0.5625,0.06238228819459345
0.8203125,0.5703125,0.05981169033217883
0.828125,0.578125,0.05723744080014812
0.8359375,0.5859375,0.05465969674859555
0.84375,0.59375,0.05207861554025159
0.8515625,0.6015625,0.04949435474087248
0.859375,0.609375,0.04690707210961639
0.8671875,0.6171875,0.04431692558940794
0.875,0.625,0.041724073297290984
0.8828125,0.6328125,0.03912867351477082
0.890625,0.640625,0.03653088467814639
0.8984375,0.6484375,0.03393086536883337
0.90625,0.65625,0.031328774303679224
0.9140625,0.6640625,0.028724770325270963
0.921875,0.671875,0.0261190123922372
0.9296875,0.6796875,0.02351165956954558
0.9375,0.6875,0.020902871018797252
0.9453125,0.6953125,0.018292805988520466
0.953125,0.703125,0.015681623804465285
0.9609375,0.7109375,0.013069483859902297
0.96875,0.71875,0.010456545605928432
0.9765625,0.7265625,0.007842968541783768
0.984375,0.734375,0.005228912205183681
0.9921875,0.7421875,0.002614536162671849
1.0,0.75,0.0
0.2578125,0.0,0.22619326513747529
0.265625,0.0078125,0.22425967765446686
0.2734375,0.015625,0.2223123973084855
0.28125,0.0234375,0.22035154304911508
0.2890625,0.03125,0.21837723465169384
0.296875,0.0390625,0.21638959271029873
0.3046875,0.046875,0.21438873863064647
0.3125,0.0546875,0.21237479462291045
0.3203125,0.0625,0.2103478836944553
0.328125,0.0703125,0.20830812964249115
0.3359375,0.078125,0.20625565704665288
0.34375,0.0859375,0.2041905912615067
0.3515625,0.09375,0.20211305840898894
0.359375,0.1015625,0.2000231853707801
0.3671875,0.109375,0.1979210997806187
0.375,0.1171875,0.19580693001655666
0.3828125,0.125,0.19368080519315864
0.390625,0.1328125,0.19154285515364936
0.3984375,0.140625,0.18939321046200924
0.40625,0.1484375,0.18723200239502155
0.4140625,0.15625,0.18505936293427097
0.421875,0.1640625,0.18287542475809673
0.4296875,0.171875,0.18068032123350125
0.4375,0.1796875,0.1784741864080136
0.4453125,0.1875,0.17625715500151182
0.453125,0.1953125,0.1740293623980024
0.4609375,0.203125,0.1717909446373595
0.46875,0.2109375,0.16954203840702403
0.4765625,0.21875,0.1672827810336629
0.484375,0.2265625,0.16501331047479018
0.4921875,0.234375,0.1627337653103502
0.5,0.2421875,0.16044428473426384
0.5078125,0.25,0.1581450085459371
0.515625,0.2578125,0.1558360771417344
0.5234375,0.265625,0.1535176315064163
0.53125,0.2734375,0.15118981320454233
0.5390625,0.28125,0.1488527643718387
0.546875,0.2890625,0.14650662770653308
0.5546875,0.296875,0.14415154646065534
0.5625,0.3046875,0.14178766443130497
0.5703125,0.3125,0.1394151259518871
0.578125,0.3203125,0.13703407588331515
0.5859375,0.328125,0.13464465960518268
0.59375,0.3359375,0.13224702300690425
0.6015625,0.34375,0.1298413124788242
0.609375,0.3515625,0.12742767490329657
0.6171875,0.359375,0.12500625764573417
0.625,0.3671875,0.12257720854562852
0.6328125,0.375,0.12014067590754021
0.640625,0.3828125,0.1176968084920611
0.6484375,0.390625,0.11524575550674816
0.65625,0.3984375,0.11278766659702934
0.6640625,0.40625,0.11032269183708222
0.671875,0.4140625,0.10785098172068563
0.6796875,0.421875,0.10537268715204534
0.6875,0.4296875,0.10288795943659326
0.6953125,0.4375,0.10039695027176174
0.703125,0.4453125,0.09789981173773292
0.7109375,0.453125,0.09539669628816363
0.71875,0.4609375,0.09288775674088709
0.7265625,0.46875,0.09037314626859046
0.734375,0.4765625,0.0878530183894709
0.7421875,0.484375,0.08532752695786895
0.75,0.4921875,0.08279682615488113
0.7578125,0.5,0.08026107047895088
0.765625,0.5078125,0.07772041473644022
0.7734375,0.515625,0.07517501403218137
0.78125,0.5234375,0.07262502376000968
0.7890625,0.53125,0.0700705995932781
0.796875,0.5390625,0.06751189747535395
0.8046875,0.546875,0.06494907361009883
0.8125,0.5546875,0.06238228445233188
0.8203125,0.5625,0.05981168669827736
0.828125,0.5703125,0.05723743727599675
0.8359375,0.578125,0.054659693335806676
0.84375,0.5859375,0.05207861224068253
0.8515625,0.59375,0.04949435155664904
0.859375,0.6015625,0.046907069043157924
0.8671875,0.609375,0.04431692264345378
0.875,0.6171875,0.041724070474928605
0.8828125,0.625,0.03912867081946572
0.890625,0.6328125,0.036530882113773984
0.8984375,0.640625,0.033930862939712994
0.90625,0.6484375,0.031328772014610456
0.9140625,0.65625,0.028724768181572255
0.921875,0.6640625,0.026119010399787024
0.9296875,0.671875,0.023511657734826035
0.9375,0.6796875,0.020902869348940072
0.9453125,0.6875,0.018292804491355147
0.953125,0.6953125,0.015681622488569004
0.9609375,0.703125,0.013069482734650898
0.96875,0.7109375,0.010456544681547464
0.9765625,0.71875,0.00784296782939821
0.984375,0.7265625,0.0052289117168643
0.9921875,0.734375,0.0026145359114754345
1.0,0.7421875,0.0
0.265625,0.0,0.22425966787778498
0.2734375,0.0078125,0.22231238765360337
0.28125,0.015625,0.22035153350517417
0.2890625,0.0234375,0.21837722520913913
0.296875,0.03125,0.21638958336079783
0.3046875,0.0390625,0.21438872936699715
0.3125,0.046875,0.21237478543894323
0.3203125,0.0546875,0.2103478745849372
0.328125,0.0625,0.20830812060303305
0.3359375,0.0703125,0.2062556480736236
0.34375,0.078125,0.2041905823519529
0.3515625,0.0859375,0.2021130495605634
0.359375,0.09375,0.2000231765816763
0.3671875,0.1015625,0.19792109104951255
0.375,0.109375,0.19580692134255331
0.3828125,0.1171875,0.19368079657574697
0.390625,0.125,0.19154284659265935
0.3984375,0.1328125,0.18939320195757492
0.40625,0.140625,0.18723199394754708
0.4140625,0.1484375,0.18505935454440076
0.421875,0.15625,0.18287541642668775
0.4296875,0.1640625,0.1806803129615982
0.4375,0.171875,0.17847417819682615
0.4453125,0.1796875,0.17625714685239366
0.453125,0.1875,0.17402935431243174
0.4609375,0.1953125,0.17179093661692094
0.46875,0.203125,0.16954203045339147
0.4765625,0.2109375,0.16728277314858372
0.484375,0.21875,0.16501330266007005
0.4921875,0.2265625,0.1627337575678388
0.5,0.234375,0.16044427706584075
0.5078125,0.2421875,0.15814500095349912
0.515625,0.25,0.15583606962718294
0.5234375,0.2578125,0.1535176240716455
0.53125,0.265625,0.15118980585142758
0.5390625,0.2734375,0.14885275710222637
0.546875,0.28125,0.14650662052222987
0.5546875,0.2890625,0.1441515393634192
0.5625,0.296875,0.14178765742283625
0.5703125,0.3046875,0.13941511903382053
0.578125,0.3125,0.13703406905721258
0.5859375,0.3203125,0.13464465287252694
0.59375,0.328125,0.13224701636909314
0.6015625,0.3359375,0.12984130593716653
0.609375,0.34375,0.12742766845900844
0.6171875,0.3515625,0.1250062512999363
0.625,0.359375,0.12257720229934509
0.6328125,0.3671875,0.12014066976169836
0.640625,0.375,0.11769680244749177
0.6484375,0.3828125,0.11524574956418784
0.65625,0.390625,0.11278766075712324
0.6640625,0.3984375,0.11032268610038837
0.671875,0.40625,0.10785097608768002
0.6796875,0.4140625,0.10537268162312824
0.6875,0.421875,0.10288795401209645
0.6953125,0.4296875,0.10039694495195695
0.703125,0.4375,0.09789980652284083
0.7109375,0.4453125,0.0953966911783642
0.71875,0.453125,0.09288775173633018
0.7265625,0.4609375,0.09037314136940791
0.734375,0.46875,0.08785301359578868
0.7421875,0.4765625,0.08532752226982057
0.75,0.484375,0.08279682157262114
0.7578125,0.4921875,0.08026106600266948
0.765625,0.5,0.07772041036637814
0.7734375,0.5078125,0.07517500976864554
0.78125,0.515625,0.07262501960338918
0.7890625,0.5234375,0.0700705955440609
0.796875,0.53125,0.06751189353414418
0.8046875,0.5390625,0.06494906977763462
0.8125,0.546875,0.062382280729503733
0.8203125,0.5546875,0.05981168308614747
0.828125,0.5625,0.057237433775818955
0.8359375,0.5703125,0.05465968994904719
0.84375,0.578125,0.05207860896904168
0.8515625,0.5859375,0.04949434840208402
0.859375,0.59375,0.046907066007906756
0.8671875,0.6015625,0.04431691973006055
0.875,0.609375,0.04172406768627003
0.8828125,0.6171875,0.03912866815877931
0.890625,0.625,0.03653087958468792
0.8984375,0.6328125,0.03393086054627787
0.90625,0.640625,0.03132876976133272
0.9140625,0.6484375,0.02872476607345004
0.921875,0.65625,0.02611900844234767
0.9296875,0.6640625,0.023511655934165904
0.9375,0.671875,0.020902867711766214
0.9453125,0.6796875,0.018292803025028708
0.953125,0.6875,0.015681621201149968
0.9609375,0.6953125,0.013069481634943533
0.96875,0.703125,0.010456543779145617
0.9765625,0.7109375,0.007842967134729123
0.984375,0.71875,0.005228911241229258
0.9921875,0.7265625,0.0026145356670848664
1.0,0.734375,0.0
0.2734375,0.0,0.22231237780456664
0.28125,0.0078125,0.22035152377335906
0.2890625,0.015625,0.2183772155847805
0.296875,0.0234375,0.21638957383529245
0.3046875,0.03125,0.21438871993283634
0.3125,0.0390625,0.21237477608963437
0.3203125,0.046875,0.2103478653149209
0.328125,0.0546875,0.20830811140760067
0.3359375,0.0625,0.20625563894883722
0.34375,0.0703125,0.2041905732945705
0.3515625,0.078125,0.20211304056796872
0.359375,0.0859375,0.20002316765181555
0.3671875,0.09375,0.19792108218083573
0.375,0.1015625,0.19580691253396293
0.3828125,0.109375,0.19368078782654924
0.390625,0.1171875,0.1915428379025227
0.3984375,0.125,0.1893931933264915
0.40625,0.1328125,0.18723198537579785
0.4140625,0.140625,0.18505934603252472
0.421875,0.1484375,0.18287540797545335
0.4296875,0.15625,0.180680304571977
0.4375,0.1640625,0.1784741698699701
0.4453125,0.171875,0.17625713858961226
0.453125,0.1796875,0.17402934611517212
0.4609375,0.1875,0.1717909284867491
0.46875,0.1953125,0.16954202239197402
0.4765625,0.203125,0.16728276515767168
0.484375,0.2109375,0.16501329474148266
0.4921875,0.21875,0.16273374972344817
0.5,0.2265625,0.16044426929755817
0.5078125,0.234375,0.15814499326326054
0.515625,0.2421875,0.1558360620169361
0.5234375,0.25,0.1535176165433373
0.53125,0.2578125,0.15118979840699176
0.5390625,0.265625,0.14885274974357257
0.546875,0.2734375,0.1465066132512323
0.5546875,0.28125,0.14415153218190632
0.5625,0.2890625,0.141787650332582
0.5703125,0.296875,0.13941511203653462
0.578125,0.3046875,0.13703406215453287
0.5859375,0.3125,0.13464464606601226
0.59375,0.3203125,0.13224700966021713
0.6015625,0.328125,0.12984129932731187
0.609375,0.3359375,0.12742766194946295
0.6171875,0.34375,0.12500624489188977
0.625,0.3515625,0.12257719599388643
0.6328125,0.359375,0.12014066355981552
0.640625,0.3671875,0.11769679635007133
0.6484375,0.375,0.11524574357201647
0.65625,0.3828125,0.11278765487088979
0.6640625,0.390625,0.1103226803206881
0.671875,0.3984375,0.10785097041501905
0.6796875,0.40625,0.10537267605792947
0.6875,0.4140625,0.10288794855470665
0.6953125,0.421875,0.1003969396026546
0.703125,0.4296875,0.09789980128184547
0.7109375,0.4375,0.09539668604584609
0.71875,0.4453125,0.09288774671242132
0.7265625,0.453125,0.09037313645421376
0.734375,0.4609375,0.08785300878940044
0.7421875,0.46875,0.08532751757232833
0.75,0.4765625,0.08279681698412804
0.7578125,0.484375,0.0802610615233057
0.765625,0.4921875,0.07772040599631624
0.7734375,0.5,0.07517500550811583
0.78125,0.5078125,0.07262501545269612
0.7890625,0.515625,0.07007059150359936
0.796875,0.5234375,0.06751188960441695
0.8046875,0.53125,0.06494906595926987
0.8125,0.5390625,0.06238227702327351
0.8203125,0.546875,0.05981167949298641
0.828125,0.5546875,0.05723743029684387
0.8359375,0.5625,0.05465968658557743
0.84375,0.5703125,0.05207860572262024
0.8515625,0.578125,0.049494345274499446
0.859375,0.5859375,0.04690706300121612
0.8671875,0.59375,0.044316916846613555
0.875,0.6015625,0.04172406492873442
0.8828125,0.609375,0.03912866553016721
0.890625,0.6171875,0.03653087708838407
0.8984375,0.625,0.033930858186069196
0.90625,0.6328125,0.03132876754143952
0.9140625,0.640625,0.02872476399855884
0.921875,0.6484375,0.026119006517645964
0.9296875,0.65625,0.023511654165378384
0.9375,0.6640625,0.02090286610519268
0.9453125,0.671875,0.01829280158758332
0.953125,0.6796875,0.015681619940401473
0.9609375,0.6875,0.013069480559155917
0.96875,0.6953125,0.010456542897318438
0.9765625,0.703125,0.007842966456636239
0.984375,0.7109375,0.005228910777454615
0.9921875,0.71875,0.0026145354290532195
1.0,0.7265625,0.0
0.28125,0.0,0.22035151385286958
0.2890625,0.0078125,0.21837720577742817
0.296875,0.015625,0.21638956413229468
0.3046875,0.0234375,0.2143887103264512
0.3125,0.03125,0.21237476657310383
0.3203125,0.0390625,0.21034785588240443
0.328125,0.046875,0.20830810205410433
0.3359375,0.0546875,0.20625562967014247
0.34375,0.0625,0.20419056408716518
0.3515625,0.0703125,0.20211303142898118
0.359375,0.078125,0.20002315857895356
0.3671875,0.0859375,0.19792107317232993
0.375,0.09375,0.19580690358851469
0.3828125,0.1015625,0.19368077894328403
0.390625,0.109375,0.19154282908094675
0.3984375,0.1171875,0.18939318456645354
0.40625,0.125,0.18723197667745362
0.4140625,0.1328125,0.1850593373963047
0.421875,0.140625,0.18287539940203407
0.4296875,0.1484375,0.18068029606225416
0.4375,0.15625,0.1784741614250335
0.4453125,0.1640625,0.1762571302107241
0.453125,0.171875,0.1740293378037451
0.4609375,0.1796875,0.17179092024432727
0.46875,0.1875,0.16954201422021414
0.4765625,0.1953125,0.1672827570583254
0.484375,0.203125,0.16501328671638046
0.4921875,0.2109375,0.16273374177448346
0.5,0.21875,0.16044426142667137
0.5078125,0.2265625,0.15814498547242592
0.515625,0.234375,0.15583605430814698
0.5234375,0.2421875,0.15351760891859303
0.53125,0.25,0.15118979086828488
0.5390625,0.2578125,0.14885274229287646
0.546875,0.265625,0.14650660589048953
0.5546875,0.2734375,0.14415152491301803
0.5625,0.28125,0.14178764315739703
0.5703125,0.2890625,0.13941510495684026
0.578125,0.296875,0.13703405517204592
0.5859375,0.3046875,0.1346446391823708
0.59375,0.3125,0.13224700287697372
0.6015625,0.3203125,0.12984129264592728
0.609375,0.328125,0.12742765537130088
0.6171875,0.3359375,0.12500623841821293
0.625,0.34375,0.12257718962585365
0.6328125,0.3515625,0.12014065729847977
0.640625,0.359375,0.11769679019637946
0.6484375,0.3671875,0.11524573752680985
0.65625,0.375,0.11278764893490593
0.6640625,0.3828125,0.11032267449456382
0.671875,0.390625,0.10785096469929496
0.6796875,0.3984375,0.10537267045305533
0.6875,0.40625,0.10288794306104801
0.6953125,0.4140625,0.10039693422050078
0.703125,0.421875,0.0978997960114179
0.7109375,0.4296875,0.09539668088730878
0.71875,0.4375,0.092887741665891
0.7265625,0.4453125,0.09037313151977172
0.734375,0.453125,0.08785300396710521
0.7421875,0.4609375,0.08532751286222863
0.75,0.46875,0.0827968123862763
0.7578125,0.4765625,0.08026105703777334
0.765625,0.484375,0.07772040162320817
0.7734375,0.4921875,0.07517500124758628
0.78125,0.5,0.07262501130496471
0.7890625,0.5078125,0.07007058746896794
0.796875,0.515625,0.06751188568328642
0.8046875,0.5234375,0.06494906215215814
0.8125,0.53125,0.06238227333083332
0.8203125,0.5390625,0.0598116759160242
0.828125,0.546875,0.057237426836338964
0.8359375,0.5546875,0.05465968324270184
0.84375,0.5625,0.0520786024987593
0.8515625,0.5703125,0.049494342171273034
0.859375,0.578125,0.046907060020500865
0.8671875,0.5859375,0.04431691399056585
0.875,0.59375,0.0417240621998145
0.8828125,0.6015625,0.03912866293116459
0.890625,0.609375,0.03653087462244356
0.8984375,0.6171875,0.033930855856719004
0.90625,0.625,0.03132876535262013
0.9140625,0.6328125,0.028724761954653587
0.921875,0.640625,0.026119004623512885
0.9296875,0.6484375,0.02351165242638355
0.9375,0.65625,0.020902864527244727
0.9453125,0.6640625,0.018292800177169034
0.953125,0.671875,0.015681618704622077
0.9609375,0.6796875,0.013069479505763596
0.96875,0.6875,0.010456542034752258
0.9765625,0.6953125,0.007842965794056626
0.984375,0.703125,0.005228910324774906
0.9921875,0.7109375,0.002614535196966689
1.0,0.71875,0.0
0.2890625,0.0,0.2183771957863612
0.296875,0.0078125,0.21638955425072656
0.3046875,0.015625,0.21438870054648596
0.3125,0.0234375,0.21237475688778235
0.3203125,0.03125,0.2103478462856557
0.328125,0.0390625,0.2083080925406893
0.3359375,0.046875,0.206255620235593
0.34375,0.0546875,0.20419055472772218
0.3515625,0.0625,0.20211302214153498
0.359375,0.0703125,0.20002314936098592
0.3671875,0.078125,0.19792106402186002
0.375,0.0859375,0.19580689450404923
0.3828125,0.09375,0.1936807699237703
0.390625,0.1015625,0.19154282012573048
0.3984375,0.109375,0.18939317567523967
0.40625,0.1171875,0.1872319678502713
0.4140625,0.125,0.1850593286334742
0.421875,0.1328125,0.18287539070413744
0.4296875,0.140625,0.180680287430108
0.4375,0.1484375,0.17847415285966325
0.4453125,0.15625,0.17625712171334093
0.453125,0.1640625,0.17402932937572463
0.4609375,0.171875,0.1717909118871883
0.46875,0.1796875,0.16954200593560076
0.4765625,0.1875,0.16728274884798755
0.484375,0.1953125,0.16501327858215745
0.4921875,0.203125,0.16273373371828728
0.5,0.2109375,0.16044425345047128
0.5078125,0.21875,0.15814497757823262
0.515625,0.2265625,0.15583604649799876
0.5234375,0.234375,0.15351760119454108
0.53125,0.2421875,0.15118978323238053
0.5390625,0.25,0.1488527347471574
0.546875,0.2578125,0.14650659843696823
0.5546875,0.265625,0.1441515175536691
0.5625,0.2734375,0.1417876358941467
0.5703125,0.28125,0.13941509779155561
0.578125,0.2890625,0.13703404810652545
0.5859375,0.296875,0.13464463221833523
0.59375,0.3046875,0.1322469960160581
0.6015625,0.3125,0.12984128588967422
0.609375,0.3203125,0.12742764872115414
0.6171875,0.328125,0.125006231875513
0.625,0.3359375,0.1225771831918335
0.6328125,0.34375,0.12014065097426258
0.640625,0.3515625,0.11769678398297721
0.6484375,0.359375,0.11524573142512348
0.65625,0.3671875,0.11278764294572657
0.6640625,0.375,0.1103226686185748
0.671875,0.3828125,0.10785095893707608
0.6796875,0.390625,0.10537266480508786
0.6875,0.3984375,0.10288793752772069
0.6953125,0.40625,0.1003969288021175
0.703125,0.4140625,0.09789979070820627
0.7109375,0.421875,0.09539667569942949
0.71875,0.4296875,0.092887736593449
0.7265625,0.4375,0.09037312656282706
0.734375,0.4453125,0.08785299912568585
0.7421875,0.453125,0.08532750813634364
0.75,0.4609375,0.08279680777592978
0.7578125,0.46875,0.08026105254297879
0.765625,0.4765625,0.0777203972440039
0.7734375,0.484375,0.07517499698405086
0.78125,0.4921875,0.07262500715723348
0.7890625,0.5,0.07007058343724952
0.796875,0.5078125,0.06751188176787985
0.8046875,0.515625,0.06494905835347056
0.8125,0.5234375,0.062382269649398026
0.8203125,0.53125,0.059811672352518865
0.828125,0.5390625,0.057237423391604945
0.8359375,0.546875,0.05465967991776349
0.84375,0.5546875,0.05207859929484406
0.8515625,0.5625,0.0494943390898323
0.859375,0.5703125,0.04690705706323128
0.8671875,0.578125,0.044316911159431406
0.875,0.5859375,0.04172405949706982
0.8828125,0.59375,0.03912866035937868
0.890625,0.6015625,0.03653087218452502
0.8984375,0.609375,0.03393085355594182
0.90625,0.6171875,0.03132876319265108
0.9140625,0.625,0.028724759939580447
0.921875,0.6328125,0.026119002757874023
0.9296875,0.640625,0.02351165071519847
0.9375,0.6484375,0.020902862976045704
0.9453125,0.65625,0.01829279879203348
0.953125,0.6640625,0.015681617492205376
0.9609375,0.671875,0.01306947847333194
0.96875,0.6796875,0.01045654119021492
0.9765625,0.6875,0.007842965145996585
0.984375,0.6953125,0.005228909882476889
0.9921875,0.703125,0.0026145349704409463
1.0,0.7109375,0.0
0.296875,0.0,0.21638954418993522
0.3046875,0.0078125,0.21438869059195956
0.3125,0.015625,0.21237474703242923
0.3203125,0.0234375,0.21034783652323097
0.328125,0.03125,0.20830808286575356
0.3359375,0.0390625,0.2062556106434637
0.34375,0.046875,0.2041905452144215
0.3515625,0.0546875,0.20211301270373608
0.359375,0.0625,0.20002313999596052
0.3671875,0.0703125,0.19792105472742783
0.375,0.078125,0.19580688527852955
0.3828125,0.0859375,0.19368076076593782
0.390625,0.09375,0.19154281103477316
0.3984375,0.1015625,0.18939316665072053
0.40625,0.109375,0.18723195889209254
0.4140625,0.1171875,0.18505931974184522
0.421875,0.125,0.18287538187954425
0.4296875,0.1328125,0.18068027867328573
0.4375,0.140625,0.1784741441715704
0.4453125,0.1484375,0.17625711309513548
0.453125,0.15625,0.17402932082874162
0.4609375,0.1640625,0.17179090341291958
0.46875,0.171875,0.16954199753567378
0.4765625,0.1796875,0.16728274052414865
0.484375,0.1875,0.16501327033625243
0.4921875,0.1953125,0.16273372555224527
0.5,0.203125,0.16044424536628785
0.5078125,0.2109375,0.15814496957795418
0.515625,0.21875,0.15583603858370734
0.5234375,0.2265625,0.1535175933683399
0.53125,0.234375,0.15118977549637913
0.5390625,0.2421875,0.1488527271034586
0.546875,0.25,0.14650659088765475
0.5546875,0.2578125,0.14415151010079108
0.5625,0.265625,0.14178762853970933
0.5703125,0.2734375,0.13941509053750828
0.578125,0.28125,0.137034040954751
0.5859375,0.2890625,0.13464462517064038
0.59375,0.296875,0.1322469890741641
0.6015625,0.3046875,0.12984127905520945
0.609375,0.3125,0.12742764199564705
0.6171875,0.3203125,0.125006225260386
0.625,0.328125,0.12257717668839889
0.6328125,0.3359375,0.12014064458371879
0.640625,0.34375,0.11769677770640674
0.6484375,0.3515625,0.115245725263492
0.65625,0.359375,0.11278763689988379
0.6640625,0.3671875,0.11032266268925602
0.671875,0.375,0.10785095312490546
0.6796875,0.3828125,0.10537265911058297
0.6875,0.390625,0.10288793195129838
0.6953125,0.3984375,0.10039692334410086
0.703125,0.40625,0.09789978536883301
0.7109375,0.4140625,0.09539667047886134
0.71875,0.421875,0.09288773149178194
0.7265625,0.4296875,0.09037312158010329
0.734375,0.4375,0.08785299426190572
0.7421875,0.4453125,0.08532750339147903
0.75,0.453125,0.08279680314993797
0.7578125,0.4609375,0.08026104803581728
0.765625,0.46875,0.07772039285564541
0.7734375,0.4765625,0.07517499271449957
0.78125,0.484375,0.07262500300654078
0.7890625,0.4921875,0.0700705794055312
0.796875,0.5,0.06751187785533322
0.8046875,0.5078125,0.06494905456039188
0.8125,0.515625,0.06238226597620062
0.8203125,0.5234375,0.05981166879975158
0.828125,0.53125,0.057237419959970726
0.8359375,0.5390625,0.054659676608138814
0.84375,0.546875,0.05207859610829852
0.8515625,0.5546875,0.049494336027648855
0.859375,0.5625,0.046907054126927035
0.8671875,0.5703125,0.04431690835077918
0.875,0.578125,0.04172405681811994
0.8828125,0.5859375,0.03912865781248222
0.890625,0.59375,0.03653086977235736
0.8984375,0.6015625,0.033930851281527175
0.90625,0.609375,0.03132876105938806
0.9140625,0.6171875,0.02872475795126853
0.921875,0.625,0.02611900091874087
0.9296875,0.6328125,0.023511649029928215
0.9375,0.640625,0.020902861449807863
0.9453125,0.6484375,0.018292797430512577
0.953125,0.65625,0.015681616301630716
0.9609375,0.6640625,0.013069477460507326
0.96875,0.671875,0.010456540362547546
0.9765625,0.6796875,0.007842964511524544
0.984375,0.6875,0.00522890944989403
0.9921875,0.6953125,0.0026145347491179686
1.0,0.703125,0.0
0.3046875,0.0,0.21438868046227816
0.3125,0.0078125,0.2123747370061476
0.3203125,0.015625,0.21034782659398998
0.328125,0.0234375,0.208308073027963
0.3359375,0.03125,0.2062556008922666
0.34375,0.0390625,0.20419053554565267
0.3515625,0.046875,0.20211300311387653
0.359375,0.0546875,0.2000231304820909
0.3671875,0.0625,0.1979210452871824
0.375,0.0703125,0.19580687591005153
0.3828125,0.078125,0.19368075146783637
0.390625,0.0859375,0.19154280180608363
0.3984375,0.09375,0.1893931574908664
0.40625,0.1015625,0.18723194980085134
0.4140625,0.109375,0.18505931071931508
0.421875,0.1171875,0.18287537292611464
0.4296875,0.125,0.1806802697896088
0.4375,0.1328125,0.17847413535853593
0.4453125,0.140625,0.17625710435384573
0.453125,0.1484375,0.17402931216048922
0.4609375,0.15625,0.17179089481916568
0.46875,0.1640625,0.16954198901802864
0.4765625,0.171875,0.16728273208435143
0.484375,0.1796875,0.1650132619761536
0.4921875,0.1875,0.16273371727378874
0.5,0.1953125,0.16044423717149414
0.5078125,0.203125,0.15814496146890408
0.515625,0.2109375,0.15583603056252576
0.5234375,0.21875,0.1535175854371809
0.53125,0.2265625,0.1511897676574111
0.5390625,0.234375,0.1488527193588496
0.546875,0.2421875,0.1465065832395587
0.5546875,0.25,0.14415150255133458
0.5625,0.2578125,0.14178762109097873
0.5703125,0.265625,0.1394150831915375
0.578125,0.2734375,0.1370340337135101
0.5859375,0.28125,0.1346446180360251
0.59375,0.2890625,0.13224698204798585
0.6015625,0.296875,0.12984127213918648
0.609375,0.3046875,0.1274276351913967
0.6171875,0.3125,0.12500621856941782
0.625,0.3203125,0.12257717011210942
0.6328125,0.328125,0.12014063812338689
0.640625,0.3359375,0.1176967713631908
0.6484375,0.34375,0.11524571903842828
0.65625,0.3515625,0.11278763079388612
0.6640625,0.359375,0.11032265670311715
0.671875,0.3671875,0.10785094725929945
0.6796875,0.375,0.10537265336606902
0.6875,0.3828125,0.10288792632832659
0.6953125,0.390625,0.10039691784301845
0.703125,0.3984375,0.09789977998989245
0.7109375,0.40625,0.09539666522222945
0.71875,0.4140625,0.09288772635755026
0.7265625,0.421875,0.09037311656829931
0.734375,0.4296875,0.08785298937250532
0.7421875,0.4375,0.08532749862441964
0.75,0.4453125,0.08279679850513262
0.7578125,0.453125,0.08026104351316914
0.765625,0.4609375,0.07772038845506347
0.7734375,0.46875,0.07517498843591434
0.78125,0.4765625,0.07262499884992088
0.7890625,0.484375,0.07007057537090013
0.796875,0.4921875,0.06751187394278668
0.8046875,0.5,0.06494905077011542
0.8125,0.5078125,0.0623822623084877
0.8203125,0.515625,0.05981166525502184
0.828125,0.5234375,0.05723741653878863
0.8359375,0.53125,0.05465967331123273
0.84375,0.5390625,0.05207859293658017
0.8515625,0.546875,0.049494332982232984
0.859375,0.5546875,0.04690705120915183
0.8671875,0.5625,0.04431690556222695
0.875,0.5703125,0.0417240541606385
0.8828125,0.578125,0.03912865528820672
0.890625,0.5859375,0.036530867383732984
0.8984375,0.59375,0.03393084903133237
0.90625,0.6015625,0.031328758950758595
0.9140625,0.609375,0.02872475598772219
0.921875,0.6171875,0.02611899910420296
0.9296875,0.625,0.023511647368757684
0.9375,0.6328125,0.020902859946824046
0.9453125,0.640625,0.018292796091022186
0.953125,0.6484375,0.01568161513145506
0.9609375,0.65625,0.013069476466009186
0.96875,0.6640625,0.010456539550657288
0.9765625,0.671875,0.007842963889764736
0.984375,0.6796875,0.005228909026401688
0.9921875,0.6875,0.002614534532663261
1.0,0.6953125,0.0
0.3125,0.0,0.2123747268083947
0.3203125,0.0078125,0.21034781649710918
0.328125,0.015625,0.20830806302626537
0.3359375,0.0234375,0.20625559098076424
0.34375,0.03125,0.20419052572002808
0.3515625,0.0390625,0.20211299337044694
0.359375,0.046875,0.20002312081776816
0.3671875,0.0546875,0.19792103569943276
0.375,0.0625,0.19580686639685463
0.3828125,0.0703125,0.19368074202764585
0.390625,0.078125,0.1915427924377889
0.3984375,0.0859375,0.1893931481937567
0.40625,0.09375,0.1872319405745814
0.4140625,0.1015625,0.18505930156387362
0.421875,0.109375,0.18287536384179467
0.4296875,0.1171875,0.18068026077697943
0.4375,0.125,0.17847412641841628
0.4453125,0.1328125,0.176257095487281
0.453125,0.140625,0.17402930336872738
0.4609375,0.1484375,0.17179088610363574
0.46875,0.15625,0.16954198038032023
0.4765625,0.1640625,0.16728272352619522
0.484375,0.171875,0.16501325349940227
0.4921875,0.1796875,0.1627337088803992
0.5,0.1875,0.16044422886351023
0.5078125,0.1953125,0.15814495324843922
0.515625,0.203125,0.155836022431747
0.5234375,0.2109375,0.15351757739829275
0.53125,0.21875,0.15118975971264018
0.5390625,0.2265625,0.14885271151042953
0.546875,0.234375,0.14650657548971557
0.5546875,0.2421875,0.14415149490227264
0.5625,0.25,0.14178761354486707
0.5703125,0.2578125,0.13941507575049691
0.578125,0.265625,0.1370340263796007
0.5859375,0.2734375,0.1346446108112348
0.59375,0.28125,0.13224697493421994
0.6015625,0.2890625,0.12984126513825725
0.609375,0.296875,0.12742762830501497
0.6171875,0.3046875,0.1250062117991853
0.625,0.3125,0.12257716345951193
0.6328125,0.3203125,0.1201406315897894
0.640625,0.328125,0.11769676494983332
0.6484375,0.3359375,0.11524571274642337
0.65625,0.34375,0.11278762462421787
0.6640625,0.3515625,0.11032265065664157
0.671875,0.359375,0.10785094133674633
0.6796875,0.3671875,0.10537264756804525
0.6875,0.375,0.1028879206553208
0.6953125,0.3828125,0.10039691229540741
0.703125,0.390625,0.09789977456794846
0.7109375,0.3984375,0.09539665992612924
0.71875,0.40625,0.09288772118738511
0.7265625,0.4140625,0.09037311152408617
0.734375,0.421875,0.08785298445419912
0.7421875,0.4296875,0.08532749383192645
0.75,0.4375,0.08279679383832385
0.7578125,0.4453125,0.08026103897189615
0.765625,0.453125,0.0777203840391732
0.7734375,0.4609375,0.07517498414526533
0.78125,0.46875,0.0726249946843999
0.7890625,0.4765625,0.07007057133043919
0.796875,0.484375,0.06751187002738047
0.8046875,0.4921875,0.06494904697983908
0.8125,0.5,0.06238225864351483
0.8203125,0.5078125,0.05981166171564289
0.828125,0.515625,0.05723741312542949
0.8359375,0.5234375,0.05465967002447367
0.84375,0.53125,0.05207858977717497
0.8515625,0.5390625,0.04949432995112845
0.859375,0.546875,0.04690704830750765
0.8671875,0.5546875,0.044316902791435936
0.875,0.5625,0.04172405152234716
0.8828125,0.5703125,0.03912865278433641
0.890625,0.578125,0.03653086501650151
0.8984375,0.5859375,0.03393084680327611
0.90625,0.59375,0.03132875686475524
0.9140625,0.6015625,0.028724754047013978
0.921875,0.609375,0.026118997312420476
0.9296875,0.6171875,0.02351164572994419
0.9375,0.625,0.020902858465460108
0.9453125,0.6328125,0.018292794772050553
0.953125,0.640625,0.01568161398030551
0.9609375,0.6484375,0.013069475488622983
0.96875,0.65625,0.010456538753510807
0.9765625,0.6640625,0.00784296327989163
0.984375,0.671875,0.0052289086114128336
0.9921875,0.6796875,0.002614534320763415
1.0,0.6875,0.0
0.3203125,0.0,0.21034780623209043
0.328125,0.0078125,0.20830805285990114
0.3359375,0.015625,0.20625558090798135
0.34375,0.0234375,0.20419051573639532
0.3515625,0.03125,0.20211298347214843
0.359375,0.0390625,0.20002311100157244
0.3671875,0.046875,0.19792102596265768
0.375,0.0546875,0.1958068567373322
0.3828125,0.0625,0.19368073244368578
0.390625,0.0703125,0.19154278292814358
0.3984375,0.078125,0.18939313875758693
0.40625,0.0859375,0.18723193121142406
0.4140625,0.09375,0.18505929227361056
0.421875,0.1015625,0.18287535462462334
0.4296875,0.109375,0.1806802516333859
0.4375,0.1171875,0.17847411734914928
0.4453125,0.125,0.17625708649332716
0.453125,0.1328125,0.17402929445128842
0.4609375,0.140625,0.17179087726410655
0.46875,0.1484375,0.1695419716202682
0.4765625,0.15625,0.1672827148473401
0.484375,0.1640625,0.1650132449035973
0.4921875,0.171875,0.16273370036961252
0.5,0.1796875,0.16044422043980686
0.5078125,0.1875,0.15814494491396425
0.515625,0.1953125,0.15583601418870835
0.5234375,0.203125,0.1535175692489446
0.53125,0.2109375,0.1511897516592672
0.5390625,0.21875,0.148852703555331
0.546875,0.2265625,0.14650656763519015
0.5546875,0.234375,0.1441514871506037
0.5625,0.2421875,0.14178760589830786
0.5703125,0.25,0.13941506821125724
0.578125,0.2578125,0.13703401894983347
0.5859375,0.265625,0.13464460349302354
0.59375,0.2734375,0.1322469677295672
0.6015625,0.28125,0.1298412580490738
0.609375,0.2890625,0.12742762133310978
0.6171875,0.296875,0.12500620494625708
0.625,0.3046875,0.12257715672714155
0.6328125,0.3125,0.12014062497943341
0.640625,0.3203125,0.11769675846281938
0.6484375,0.328125,0.1152457063839465
0.65625,0.3359375,0.11278761838733868
0.6640625,0.34375,0.11032264454628572
0.671875,0.3515625,0.10785093535370548
0.6796875,0.359375,0.10537264171298003
0.6875,0.3671875,0.10288791492876467
0.6953125,0.375,0.10039690669777229
0.703125,0.3828125,0.09789976909953207
0.7109375,0.390625,0.09539665458712346
0.71875,0.3984375,0.0928877159778857
0.7265625,0.40625,0.09037310644410398
0.734375,0.4140625,0.08785297950367216
0.7421875,0.421875,0.08532748901073307
0.75,0.4296875,0.08279678914629682
0.7578125,0.4375,0.08026103440883764
0.765625,0.4453125,0.07772037960487034
0.7734375,0.453125,0.0751749798395065
0.78125,0.4609375,0.07262499050699152
0.7890625,0.46875,0.0700705672812228
0.796875,0.4765625,0.06751186610625051
0.8046875,0.484375,0.06494904318676069
0.8125,0.4921875,0.062382254978542065
0.8203125,0.5,0.05981165817893707
0.828125,0.5078125,0.05723740971727802
0.8359375,0.515625,0.05465966674530865
0.84375,0.5234375,0.05207858662759236
0.8515625,0.53125,0.04949432693190735
0.859375,0.5390625,0.04690704541962974
0.8671875,0.546875,0.044316900036105236
0.875,0.5546875,0.041724048901010224
0.8828125,0.5625,0.03912865029870259
0.890625,0.5703125,0.03653086266856377
0.8984375,0.578125,0.033930844595332195
0.90625,0.5859375,0.03132875479942916
0.9140625,0.59375,0.028724752127278055
0.921875,0.6015625,0.02611899554161765
0.9296875,0.609375,0.023511644111810604
0.9375,0.6171875,0.020902857004148078
0.9453125,0.625,0.01829279347215149
0.953125,0.6328125,0.015681612846872663
0.9609375,0.640625,0.01306947452719384
0.96875,0.6484375,0.010456537970128498
0.9765625,0.65625,0.00784296268112498
0.984375,0.6640625,0.005228908204374285
0.9921875,0.671875,0.0026145341131239563
1.0,0.6796875,0.0
0.328125,0.0,0.2083080425284112
0.3359375,0.0078125,0.20625557067321457
0.34375,0.015625,0.20419050559384685
0.3515625,0.0234375,0.20211297341790338
0.359375,0.03125,0.2000231010322832
0.3671875,0.0390625,0.19792101607551665
0.375,0.046875,0.1958068469300409
0.3828125,0.0546875,0.19368072271442435
0.390625,0.0625,0.19154277327553795
0.3984375,0.0703125,0.18939312918067763
0.40625,0.078125,0.18723192170963548
0.4140625,0.0859375,0.1850592828467215
0.421875,0.09375,0.18287534527273855
0.4296875,0.1015625,0.18068024235690977
0.4375,0.109375,0.1784741081487596
0.4453125,0.1171875,0.1762570773699518
0.453125,0.125,0.17402928540608195
0.4609375,0.1328125,0.17179086829842846
0.46875,0.140625,0.1695419627356616
0.4765625,0.1484375,0.16728270604551215
0.484375,0.15625,0.16501323618639974
0.4921875,0.1640625,0.16273369173902277
0.5,0.171875,0.16044421189791014
0.5078125,0.1796875,0.1581449364629354
0.515625,0.1875,0.155836005830795
0.5234375,0.1953125,0.15351756098645003
0.53125,0.203125,0.15118974349453362
0.5390625,0.2109375,0.14885269549072339
0.546875,0.21875,0.14650655967308032
0.5546875,0.2265625,0.14415147929335473
0.5625,0.234375,0.1417875981482591
0.5703125,0.2421875,0.13941506057070943
0.578125,0.25,0.13703401142103494
0.5859375,0.2578125,0.13464459607815668
0.59375,0.265625,0.13224696043073553
0.6015625,0.2734375,0.12984125086829057
0.609375,0.28125,0.12742761427228705
0.6171875,0.2890625,0.12500619800719573
0.625,0.296875,0.12257714991152276
0.6328125,0.3046875,0.1201406182888115
0.640625,0.3125,0.11769675189861573
0.6484375,0.3203125,0.11524569994744513
0.65625,0.328125,0.11278761207968323
0.6640625,0.3359375,0.11032263836847812
0.671875,0.34375,0.10785092930660622
0.6796875,0.3515625,0.10537263579730984
0.6875,0.359375,0.10288790914510818
0.6953125,0.3671875,0.10039690104658308
0.703125,0.375,0.0978997635811392
0.7109375,0.3828125,0.09539664920173949
0.71875,0.390625,0.09288771072561634
0.7265625,0.3984375,0.09037310132495883
0.734375,0.40625,0.08785297451757673
0.7421875,0.4140625,0.08532748415754202
0.75,0.421875,0.0827967844258078
0.7578125,0.4296875,0.0802610298208067
0.765625,0.4375,0.07772037514902738
0.7734375,0.4453125,0.07517497551557185
0.78125,0.453125,0.07262498631469286
0.7890625,0.4609375,0.0700705632203127
0.796875,0.46875,0.06751186217652404
0.8046875,0.4765625,0.06494903938807373
0.8125,0.484375,0.062382251310829424
0.8203125,0.4921875,0.059811654642231364
0.828125,0.5,0.0572374063117281
0.8359375,0.5078125,0.05465966347119864
0.84375,0.515625,0.052078583485360486
0.8515625,0.5234375,0.04949432392216517
0.859375,0.53125,0.04690704254318135
0.8671875,0.5390625,0.04431689729396673
0.875,0.546875,0.0417240462944292
0.8828125,0.5546875,0.03912864782917809
0.890625,0.5625,0.03653086033786623
0.8984375,0.5703125,0.03393084240552378
0.90625,0.578125,0.03132875275288427
0.9140625,0.5859375,0.0287247502267042
0.921875,0.59375,0.02611899379007647
0.9296875,0.6015625,0.023511642512739097
0.9375,0.609375,0.020902855561379868
0.9453125,0.6171875,0.01829279218993811
0.953125,0.625,0.01568161172990457
0.9609375,0.6328125,0.013069473580620824
0.96875,0.640625,0.010456537199579279
0.9765625,0.6484375,0.007842962092725368
0.984375,0.65625,0.0052289078047633485
0.9921875,0.6640625,0.0026145339094674385
1.0,0.671875,0.0
0.3359375,0.0,0.20625556027603903
0.34375,0.0078125,0.20419049529172853
0.3515625,0.015625,0.20211296320686387
0.359375,0.0234375,0.20002309090888867
0.3671875,0.03125,0.19792100603685814
0.375,0.0390625,0.19580683697371024
0.3828125,0.046875,0.1936807128384872
0.390625,0.0546875,0.19154276347850663
0.3984375,0.0625,0.18939311946148196
0.40625,0.0703125,0.18723191206759449
0.4140625,0.078125,0.18505927328151617
0.421875,0.0859375,0.1828753357843843
0.4296875,0.09375,0.18068023294573093
0.4375,0.1015625,0.17847409881536502
0.4453125,0.109375,0.17625706811521039
0.453125,0.1171875,0.1740292762311004
0.4609375,0.125,0.17179085920452958
0.46875,0.1328125,0.1695419537243634
0.4765625,0.140625,0.16728269711850757
0.484375,0.1484375,0.16501322734553728
0.4921875,0.15625,0.16273368298628746
0.5,0.1640625,0.16044420323540542
0.5078125,0.171875,0.15814492789286486
0.515625,0.1796875,0.1558359973554446
0.5234375,0.1875,0.15351755260817107
0.53125,0.1953125,0.15118973521572546
0.5390625,0.203125,0.14885268731381668
0.546875,0.2109375,0.1465065516005203
0.5546875,0.21875,0.1441514713275852
0.5625,0.2265625,0.14178759029170676
0.5703125,0.234375,0.139415052825768
0.578125,0.2421875,0.13703400379005062
0.5859375,0.25,0.1346445885634134
0.59375,0.2578125,0.13224695303444203
0.6015625,0.265625,0.1298412435925667
0.609375,0.2734375,0.1274276071191525
0.6171875,0.28125,0.12500619097855878
0.625,0.2890625,0.12257714300917093
0.6328125,0.296875,0.1201406115144027
0.640625,0.3046875,0.11769674525367158
0.6484375,0.3125,0.11524569343334524
0.65625,0.3203125,0.11278760569766122
0.6640625,0.328125,0.11032263211961925
0.671875,0.3359375,0.1078509231918467
0.6796875,0.34375,0.10537262981743775
0.6875,0.3515625,0.10288790330076632
0.6953125,0.359375,0.1003968953382733
0.703125,0.3671875,0.09789975800922829
0.7109375,0.375,0.09539664376646702
0.71875,0.3828125,0.09288770542710371
0.7265625,0.390625,0.09037309616321977
0.734375,0.3984375,0.0878529694925292
0.7421875,0.40625,0.08532747926902122
0.75,0.4140625,0.0827967796735806
0.7578125,0.421875,0.08026102520458626
0.765625,0.4296875,0.07772037066848941
0.7734375,0.4375,0.07517497117037117
0.78125,0.4453125,0.07262498210448044
0.7890625,0.453125,0.07007055914475357
0.796875,0.4609375,0.06751185823531526
0.8046875,0.46875,0.06494903558096264
0.8125,0.4765625,0.06238224763763251
0.8203125,0.484375,0.05981165110285266
0.828125,0.4921875,0.057237402906178264
0.8359375,0.5,0.05465966019961385
0.84375,0.5078125,0.05207858034802142
0.8515625,0.515625,0.049494320919516055
0.859375,0.5234375,0.04690703967584907
0.8671875,0.53125,0.04431689456277997
0.875,0.5390625,0.04172404370043776
0.8828125,0.546875,0.039128645373672076
0.890625,0.5546875,0.03653085802239562
0.8984375,0.5625,0.03393084023191791
0.90625,0.5703125,0.03132875072327161
0.9140625,0.578125,0.028724748343532083
0.921875,0.5859375,0.026118992056131066
0.9296875,0.59375,0.023511640931165367
0.9375,0.6015625,0.020902854135701476
0.9453125,0.609375,0.018292790924077217
0.953125,0.6171875,0.01568161062820123
0.9609375,0.625,0.013069472647851788
0.96875,0.6328125,0.010456536440975928
0.9765625,0.640625,0.007842961513990249
0.984375,0.6484375,0.00522890741208482
0.9921875,0.65625,0.0026145337095317502
1.0,0.6640625,0.0
0.34375,0.0,0.20419048482964536
0.3515625,0.0078125,0.20211295283841899
0.359375,0.015625,0.20002308063059349
0.3671875,0.0234375,0.19792099584572853
0.375,0.03125,0.1958068268672497
0.3828125,0.0390625,0.19368070281466557
0.390625,0.046875,0.19154275353573616
0.3984375,0.0546875,0.18939310959859298
0.40625,0.0625,0.18723190228380956
0.4140625,0.0703125,0.1850592635764244
0.421875,0.078125,0.18287532615791663
0.4296875,0.0859375,0.18068022339813516
0.4375,0.09375,0.17847408934718192
0.4453125,0.1015625,0.17625705872725117
0.453125,0.109375,0.17402926692442408
0.4609375,0.1171875,0.17179084998042185
0.46875,0.125,0.16954194458431585
0.4765625,0.1328125,0.16728268806419752
0.484375,0.140625,0.1650132183788086
0.4921875,0.1484375,0.16273367410913148
0.5,0.15625,0.16044419444994196
0.5078125,0.1640625,0.15814491920132473
0.515625,0.171875,0.15583598876015117
0.5234375,0.1796875,0.15351754411152263
0.53125,0.1875,0.1511897268201777
0.5390625,0.1953125,0.14885267902186552
0.546875,0.203125,0.1465065434146849
0.5546875,0.2109375,0.1441514632503908
0.5625,0.21875,0.1417875823256683
0.5703125,0.2265625,0.13941504497337415
0.578125,0.234375,0.13703399605374783
0.5859375,0.2421875,0.13464458094559076
0.59375,0.25,0.13224694553741612
0.6015625,0.2578125,0.12984123621856858
0.609375,0.265625,0.12742759987031413
0.6171875,0.2734375,0.12500618385690132
0.625,0.28125,0.12257713601659366
0.6328125,0.2890625,0.1201406046526738
0.640625,0.296875,0.11769673852441934
0.6484375,0.3046875,0.11524568683805184
0.65625,0.3125,0.1127875992376575
0.6640625,0.3203125,0.11032262579608118
0.671875,0.328125,0.10785091700579362
0.6796875,0.3359375,0.10537262376973262
0.6875,0.34375,0.10288789739211746
0.6953125,0.3515625,0.10039688956923802
0.703125,0.359375,0.09789975238021828
0.7109375,0.3671875,0.09539663827775544
0.71875,0.375,0.09288770007883393
0.7265625,0.3828125,0.09037309095541564
0.734375,0.390625,0.08785296442510648
0.7421875,0.3984375,0.08532747434180088
0.75,0.40625,0.0827967748863027
0.7578125,0.4140625,0.08026102055692533
0.765625,0.421875,0.07772036616007023
0.7734375,0.4296875,0.07517496680078577
0.78125,0.4375,0.07262497787330566
0.7890625,0.4453125,0.07007055505156878
0.796875,0.453125,0.06751185427972091
0.8046875,0.4609375,0.0649490317625988
0.8125,0.46875,0.06238224395619783
0.8203125,0.4765625,0.05981164755812334
0.828125,0.484375,0.057237399498026996
0.8359375,0.4921875,0.054659656928029106
0.84375,0.5,0.052078577213126476
0.8515625,0.5078125,0.04949431792158798
0.859375,0.515625,0.04690703681533786
0.8671875,0.5234375,0.044316891840327485
0.875,0.53125,0.04172404111689671
0.8828125,0.5390625,0.039128642930125045
0.890625,0.546875,0.03653085572017385
0.8984375,0.5546875,0.03393083807262044
0.90625,0.5625,0.031328748708784146
0.9140625,0.5703125,0.028724746476045997
0.921875,0.578125,0.02611899033816227
0.9296875,0.5859375,0.023511639365573295
0.9375,0.59375,0.02090285272570774
0.9453125,0.6015625,0.018292789673284054
0.953125,0.609375,0.01568160954060958
0.9609375,0.6171875,0.013069471727878664
0.96875,0.625,0.010456535693470858
0.9765625,0.6328125,0.007842960944250393
0.984375,0.640625,0.0052289070258682985
0.9921875,0.6484375,0.002614533513068607
1.0,0.65625,0.0
0.3515625,0.0,0.20211294231220017
0.359375,0.0078125,0.2000230701968249
0.3671875,0.015625,0.19792098550137896
0.375,0.0234375,0.19580681660975743
0.3828125,0.03125,0.19368069264192334
0.390625,0.0390625,0.1915427434460725
0.3984375,0.046875,0.1893930995907512
0.40625,0.0546875,0.18723189235692547
0.4140625,0.0625,0.18505925373000334
0.421875,0.0703125,0.18287531639181026
0.4296875,0.078125,0.18068021371251872
0.4375,0.0859375,0.17847407974253143
0.4453125,0.09375,0.17625704920432125
0.453125,0.1015625,0.1740292574842268
0.4609375,0.109375,0.17179084062420558
0.46875,0.1171875,0.16954193531354517
0.4765625,0.125,0.16728267888053333
0.484375,0.1328125,0.16501320928408866
0.4921875,0.140625,0.1627336651053516
0.5,0.1484375,0.1604441855392375
0.5078125,0.15625,0.15814491038595202
0.515625,0.1640625,0.15583598004246957
0.5234375,0.171875,0.1535175354939763
0.53125,0.1796875,0.15118971830527814
0.5390625,0.1875,0.14885267061217355
0.546875,0.1953125,0.14650653511279338
0.5546875,0.203125,0.14415145505890697
0.5625,0.2109375,0.14178757424719682
0.5703125,0.21875,0.13941503701050006
0.578125,0.2265625,0.1370339882090199
0.5859375,0.234375,0.13464457322150564
0.59375,0.2421875,0.1322469379364026
0.6015625,0.25,0.1298412287429726
0.609375,0.2578125,0.12742759252238484
0.6171875,0.265625,0.12500617663877786
0.625,0.2734375,0.12257712893029327
0.6328125,0.28125,0.12014059770008077
0.640625,0.2890625,0.11769673170727589
0.6484375,0.296875,0.11524568015794985
0.65625,0.3046875,0.11278759269603245
0.6640625,0.3125,0.11032261939420741
0.671875,0.3203125,0.10785091074478173
0.6796875,0.328125,0.10537261765052815
0.6875,0.3359375,0.10288789141550214
0.6953125,0.34375,0.10039688373583235
0.703125,0.3515625,0.09789974669048643
0.7109375,0.359375,0.0953966327320114
0.71875,0.3671875,0.09288769467724986
0.7265625,0.375,0.09037308569803186
0.734375,0.3828125,0.08785295931184285
0.7421875,0.390625,0.08532746937246939
0.75,0.3984375,0.08279677006062171
0.7578125,0.40625,0.08026101587453482
0.765625,0.4140625,0.07772036162054809
0.7734375,0.421875,0.07517496240366456
0.78125,0.4296875,0.07262497361809059
0.7890625,0.4375,0.07007055093775594
0.796875,0.4453125,0.06751185030681585
0.8046875,0.453125,0.06494902793013567
0.8125,0.4609375,0.06238224026375843
0.8203125,0.46875,0.05981164400535657
0.828125,0.4765625,0.05723739608466823
0.8359375,0.484375,0.05465965365391926
0.84375,0.4921875,0.05207857407823157
0.8515625,0.5,0.049494314926018156
0.859375,0.5078125,0.04690703395936645
0.8671875,0.515625,0.04431688912440997
0.875,0.5234375,0.04172403854168942
0.8828125,0.53125,0.039128640496503976
0.890625,0.5390625,0.036530853429253225
0.8984375,0.546875,0.03393083592577106
0.90625,0.5546875,0.03132874670765183
0.9140625,0.5625,0.02872474462256983
0.921875,0.5703125,0.026118988634592687
0.9296875,0.578125,0.023511637814489984
0.9375,0.5859375,0.020902851330037362
0.9453125,0.59375,0.018292788436317545
0.953125,0.6015625,0.015681608466018973
0.9609375,0.609375,0.01306947081973323
0.96875,0.6171875,0.01045653495625228
0.9765625,0.625,0.007842960382866632
0.984375,0.6328125,0.005228906645665797
0.9921875,0.640625,0.002614533319842197
1.0,0.6484375,0.0
0.359375,0.0,0.20002305960723746
0.3671875,0.0078125,0.19792097500327013
0.375,0.015625,0.19580680620052496
0.3828125,0.0234375,0.19368068231940364
0.390625,0.03125,0.1915427332085272
0.3984375,0.0390625,0.18939308943685074
0.40625,0.046875,0.18723188228572993
0.4140625,0.0546875,0.18505924374094307
0.421875,0.0625,0.18287530648466468
0.4296875,0.0703125,0.18068020388739528
0.4375,0.078125,0.17847406999984455
0.4453125,0.0859375,0.17625703954477168
0.453125,0.09375,0.17402924790878072
0.4609375,0.1015625,0.1717908311340747
0.46875,0.109375,0.16954192591016656
0.4765625,0.1171875,0.16728266956555074
0.484375,0.125,0.16501320005933273
0.4921875,0.1328125,0.16273365597282166
0.5,0.140625,0.16044417650108253
0.5078125,0.1484375,0.15814490144445267
0.515625,0.15625,0.15583597120001974
0.5234375,0.1640625,0.1535175267530652
0.53125,0.171875,0.15118970966847192
0.5390625,0.1796875,0.14885266208209758
0.546875,0.1875,0.14650652669211386
0.5546875,0.1953125,0.14415144675031377
0.5625,0.203125,0.1417875660533848
0.5703125,0.2109375,0.13941502893415217
0.578125,0.21875,0.1370339802527895
0.5859375,0.2265625,0.13464456538799974
0.59375,0.234375,0.1322469302281651
0.6015625,0.2421875,0.1298412211624686
0.609375,0.25,0.12742758507198523
0.6171875,0.2578125,0.12500616932074526
0.625,0.265625,0.12257712174676852
0.6328125,0.2734375,0.12014059065307109
0.640625,0.28125,0.11769672479864404
0.6484375,0.2890625,0.11524567338940502
0.65625,0.296875,0.11278758606912255
0.6640625,0.3046875,0.11032261291031333
0.671875,0.3125,0.10785090440511325
0.6796875,0.3203125,0.10537261145612209
0.6875,0.328125,0.10288788536722182
0.6953125,0.3359375,0.10039687783436987
0.703125,0.34375,0.0978997409363663
0.7109375,0.3515625,0.09539662712559645
0.71875,0.359375,0.0928876892187485
0.7265625,0.3671875,0.09037308038750792
0.734375,0.375,0.0878529541492266
0.7421875,0.3828125,0.08532746435756998
0.75,0.390625,0.08279676519314129
0.7578125,0.3984375,0.08026101115408384
0.765625,0.40625,0.07772035704666158
0.7734375,0.4140625,0.07517495797581951
0.78125,0.421875,0.07262496933572364
0.7890625,0.4296875,0.0700705468002824
0.796875,0.4375,0.06751184631364851
0.8046875,0.4453125,0.06494902408070427
0.8125,0.453125,0.06238223655752921
0.8203125,0.4609375,0.05981164044185197
0.828125,0.46875,0.05723739266348662
0.8359375,0.4765625,0.05465965037475456
0.84375,0.484375,0.052078570940892646
0.8515625,0.4921875,0.049494311930448384
0.859375,0.5,0.04690703110566266
0.8671875,0.5078125,0.044316886412841566
0.875,0.515625,0.041724035972716976
0.8828125,0.5234375,0.039128638070797805
0.890625,0.53125,0.03653085114771168
0.8984375,0.5390625,0.03393083378953862
0.90625,0.546875,0.03132874471813691
0.9140625,0.5546875,0.02872474278146248
0.921875,0.5625,0.026118986943881987
0.9296875,0.5703125,0.023511636276481125
0.9375,0.578125,0.02090284994736843
0.9453125,0.5859375,0.01829278721197588
0.953125,0.59375,0.015681607403356914
0.9609375,0.6015625,0.013069469922483175
0.96875,0.609375,0.010456534228540721
0.9765625,0.6171875,0.007842959829226986
0.984375,0.625,0.005228906271049541
0.9921875,0.6328125,0.002614533129627969
1.0,0.640625,0.0
0.3671875,0.0,0.1979209643510771
0.375,0.0078125,0.195806795639043
0.3828125,0.015625,0.19368067184643425
0.390625,0.0234375,0.1915427228222835
0.3984375,0.03125,0.18939307913594505
0.40625,0.0390625,0.18723187206915953
0.4140625,0.046875,0.1850592336080728
0.421875,0.0546875,0.18287529643520944
0.4296875,0.0625,0.18068019392140078
0.4375,0.0703125,0.17847406011766823
0.4453125,0.078125,0.1762570297470629
0.453125,0.0859375,0.17402923819646182
0.4609375,0.09375,0.17179082150832137
0.46875,0.1015625,0.16954191637238916
0.4765625,0.109375,0.16728266011737505
0.484375,0.1171875,0.1650131907025817
0.4921875,0.125,0.1627336467094966
0.5,0.1328125,0.16044416733334513
0.5078125,0.140625,0.1581448923746064
0.515625,0.1484375,0.15583596223049181
0.5234375,0.15625,0.1535175178863883
0.53125,0.1640625,0.15118970090726608
0.5390625,0.171875,0.1488526534290517
0.546875,0.1796875,0.14650651814996782
0.5546875,0.1875,0.1441514383218394
0.5625,0.1953125,0.14178755774136848
0.5703125,0.203125,0.13941502074137577
0.578125,0.2109375,0.13703397218201283
0.5859375,0.21875,0.13464455744194248
0.59375,0.2265625,0.1322469224094898
0.6015625,0.234375,0.1298412134737631
0.609375,0.2421875,0.12742757751574688
0.6171875,0.25,0.1250061618993652
0.625,0.2578125,0.12257711446251737
0.6328125,0.265625,0.12014058350808543
0.640625,0.2734375,0.1176967177949144
0.6484375,0.28125,0.11524566652876538
0.65625,0.2890625,0.1127875793532413
0.6640625,0.296875,0.11032260634068634
0.671875,0.3046875,0.10785089798305829
0.6796875,0.3125,0.10537260518277568
0.6875,0.3203125,0.10288787924353811
0.6953125,0.328125,0.10039687186112117
0.703125,0.3359375,0.0978997351141462
0.7109375,0.34375,0.09539662145482466
0.71875,0.3515625,0.09288768369967815
0.7265625,0.359375,0.09037307502023391
0.734375,0.3671875,0.08785294893369672
0.7421875,0.375,0.08532745929359713
0.75,0.3828125,0.08279676028041753
0.7578125,0.390625,0.08026100639219538
0.765625,0.3984375,0.07772035243510556
0.7734375,0.40625,0.07517495351402119
0.78125,0.4140625,0.07262496502305497
0.7890625,0.421875,0.07007054263608077
0.796875,0.4296875,0.0675118422972363
0.8046875,0.4375,0.06494902021140864
0.8125,0.4453125,0.06238223283470224
0.8203125,0.453125,0.05981163686489067
0.828125,0.4609375,0.057237389231853064
0.8359375,0.46875,0.054659647087995915
0.84375,0.4765625,0.052078567798661025
0.8515625,0.484375,0.049494308932520416
0.859375,0.4921875,0.04690702825195893
0.8671875,0.5,0.04431688370344549
0.875,0.5078125,0.04172403340789377
0.8828125,0.515625,0.039128635651012746
0.890625,0.5234375,0.036530848873648346
0.8984375,0.53125,0.033930831662116606
0.90625,0.5390625,0.0313287427385294
0.9140625,0.546875,0.028724740951113308
0.921875,0.5546875,0.026118985264522516
0.9296875,0.5625,0.023511634750146632
0.9375,0.5703125,0.02090284857641415
0.9453125,0.578125,0.018292785999092436
0.953125,0.5859375,0.01568160635158523
0.9609375,0.59375,0.013069469035228534
0.96875,0.6015625,0.010456533509585864
0.9765625,0.609375,0.00784295928274398
0.984375,0.6171875,0.005228905901610033
0.9921875,0.625,0.0026145329422115385
1.0,0.6328125,0.0
0.375,0.0,0.1958067849250043
0.3828125,0.0078125,0.19368066122253183
0.390625,0.015625,0.19154271228670078
0.3984375,0.0234375,0.18939306868725264
0.40625,0.03125,0.18723186170630465
0.4140625,0.0390625,0.1850592233303662
0.421875,0.046875,0.18287528624231003
0.4296875,0.0546875,0.18068018381329923
0.4375,0.0625,0.17847405009466985
0.4453125,0.0703125,0.1762570198097698
0.453125,0.078125,0.17402922834575468
0.4609375,0.0859375,0.17179081174534172
0.46875,0.09375,0.16954190669852073
0.4765625,0.1015625,0.16728265053422595
0.484375,0.109375,0.16501318121196643
0.4921875,0.1171875,0.16273363731341772
0.5,0.125,0.1604441580339756
0.5078125,0.1328125,0.1581448831742712
0.515625,0.140625,0.15583595313165002
0.5234375,0.1484375,0.153517508891615
0.53125,0.15625,0.15118969201923393
0.5390625,0.1640625,0.1488526446505126
0.546875,0.171875,0.14650650948373414
0.5546875,0.1796875,0.14415142977076567
0.5625,0.1875,0.14178754930833223
0.5703125,0.1953125,0.13941501242925916
0.578125,0.203125,0.13703396399368362
0.5859375,0.2109375,0.13464454938023562
0.59375,0.21875,0.13224691447718895
0.6015625,0.2265625,0.129841205673583
0.609375,0.234375,0.12742756985031553
0.6171875,0.2421875,0.1250061543712077
0.625,0.25,0.12257710707403978
0.6328125,0.2578125,0.12014057626156027
0.640625,0.265625,0.11769671069246723
0.6484375,0.2734375,0.1152456595723628
0.65625,0.28125,0.11278757254468057
0.6640625,0.2890625,0.11032259968158675
0.671875,0.296875,0.10785089147485467
0.6796875,0.3046875,0.10537259882671378
0.6875,0.3125,0.10288787304067183
0.6953125,0.3203125,0.10039686581231257
0.703125,0.328125,0.09789972922006715
0.7109375,0.3359375,0.09539661571596103
0.71875,0.34375,0.09288767811633598
0.7265625,0.3515625,0.09037306959254764
0.734375,0.359375,0.08785294366163958
0.7421875,0.3671875,0.08532745417699306
0.75,0.375,0.08279675531895493
0.7578125,0.3828125,0.0802610015854424
0.765625,0.390625,0.07772034778252664
0.7734375,0.3984375,0.0751749490149948
0.78125,0.40625,0.0726249606768921
0.7890625,0.4140625,0.07007053844204425
0.796875,0.421875,0.06751183825456084
0.8046875,0.4296875,0.06494901631932107
0.8125,0.4375,0.06238222909244208
0.8203125,0.4453125,0.05981163327173066
0.828125,0.453125,0.05723738578711983
0.8359375,0.4609375,0.05465964379109044
0.84375,0.46875,0.05207856464907881
0.8515625,0.4765625,0.0494943059298715
0.859375,0.484375,0.0469070253959876
0.8671875,0.4921875,0.04431688099404945
0.875,0.5,0.04172403084514298
0.8828125,0.5078125,0.039128633235167964
0.890625,0.515625,0.03653084660517911
0.8984375,0.5234375,0.03393082954171891
0.90625,0.53125,0.03132874076714285
0.9140625,0.5390625,0.02872473912993794
0.921875,0.546875,0.026118983595035113
0.9296875,0.5546875,0.02351163323411661
0.9375,0.5625,0.020902847215918854
0.9453125,0.5703125,0.018292784796531972
0.953125,0.578125,0.01568160530969647
0.9609375,0.5859375,0.013069468157098417
0.96875,0.59375,0.010456532798663635
0.9765625,0.6015625,0.00784295874285223
0.984375,0.609375,0.005228905536954243
0.9921875,0.6171875,0.002614532757387699
1.0,0.625,0.0
0.3828125,0.0,0.19368065044740532
0.390625,0.0078125,0.1915427016013189
0.3984375,0.015625,0.18939305809016094
0.40625,0.0234375,0.18723185119641478
0.4140625,0.03125,0.18505921290694627
0.421875,0.0390625,0.1828752759049725
0.4296875,0.046875,0.1806801735619874
0.4375,0.0546875,0.1784740399296429
0.4453125,0.0625,0.17625700973158662
0.453125,0.0703125,0.17402921835525778
0.4609375,0.078125,0.17179080184363982
0.46875,0.0859375,0.1695418968869725
0.4765625,0.09375,0.16728264081442204
0.484375,0.1015625,0.16501317158571252
0.4921875,0.109375,0.1627336277827169
0.5,0.1171875,0.16044414860101086
0.5078125,0.125,0.15814487384138792
0.515625,0.1328125,0.1558359439013379
0.5234375,0.140625,0.1535174997664899
0.53125,0.1484375,0.15118968300202
0.5390625,0.15625,0.14885263574402344
0.546875,0.1640625,0.14650650069085436
0.5546875,0.171875,0.14415142109443171
0.5625,0.1796875,0.14178754075151345
0.5703125,0.1875,0.13941500399493847
0.578125,0.1953125,0.13703395568483814
0.5859375,0.203125,0.13464454119981736
0.59375,0.2109375,0.13224690642810574
0.6015625,0.21875,0.12984119775867964
0.609375,0.2265625,0.12742756207235523
0.6171875,0.234375,0.12500614673285432
0.625,0.2421875,0.12257709957784085
0.6328125,0.25,0.12014056890993081
0.640625,0.2578125,0.11769670348767507
0.6484375,0.265625,0.11524565251651499
0.65625,0.2734375,0.11278756563971172
0.6640625,0.28125,0.11032259292924877
0.671875,0.2890625,0.10785088487670878
0.6796875,0.296875,0.10537259238412432
0.6875,0.3046875,0.10288786675480266
0.6953125,0.3125,0.10039685968412518
0.703125,0.3203125,0.0978997232503216
0.7109375,0.328125,0.09539660990521885
0.71875,0.3359375,0.09288767246496564
0.7265625,0.34375,0.09037306410073209
0.734375,0.3515625,0.08785293832938573
0.7421875,0.359375,0.0853274490041439
0.75,0.3671875,0.08279675030520259
0.7578125,0.375,0.08026099673034358
0.765625,0.3828125,0.07772034308551903
0.7734375,0.390625,0.07517494447541512
0.78125,0.3984375,0.07262495629399496
0.7890625,0.40625,0.07007053421502177
0.796875,0.4140625,0.06751183418256324
0.8046875,0.421875,0.06494901240147728
0.8125,0.4296875,0.062382225327880916
0.8203125,0.4375,0.059811629659602045
0.828125,0.4453125,0.057237382326615883
0.8359375,0.453125,0.05465964048146646
0.84375,0.4609375,0.05207856148967409
0.8515625,0.46875,0.04949430292012967
0.859375,0.4765625,0.04690702253547655
0.8671875,0.484375,0.04431687828248109
0.875,0.4921875,0.04172402828239221
0.8828125,0.5,0.03912863082129118
0.890625,0.5078125,0.03653084434043238
0.8984375,0.515625,0.03393082742657545
0.90625,0.5234375,0.03132873880231015
0.9140625,0.53125,0.028724737316374167
0.921875,0.5390625,0.02611898193396514
0.9296875,0.546875,0.023511631727047417
0.9375,0.5546875,0.020902845864654344
0.9453125,0.5625,0.01829278360318706
0.953125,0.5703125,0.015681604276710566
0.9609375,0.578125,0.013069467287247918
0.96875,0.5859375,0.0104565320950735
0.9765625,0.59375,0.007842958209006264
0.984375,0.6015625,0.0052289051767039916
0.9921875,0.609375,0.002614532574959517
1.0,0.6171875,0.0
0.390625,0.0,0.19154269076586045
0.3984375,0.0078125,0.18939304734422993
0.40625,0.015625,0.1872318405389019
0.4140625,0.0234375,0.1850592023370894
0.421875,0.03125,0.18287526542234803
0.4296875,0.0390625,0.18068016316649962
0.4375,0.046875,0.17847402962151104
0.4453125,0.0546875,0.1762569995113316
0.453125,0.0625,0.17402920822368725
0.4609375,0.0703125,0.17179079180183293
0.46875,0.078125,0.16954188693626362
0.4765625,0.0859375,0.16728263095638524
0.484375,0.09375,0.1650131618221446
0.4921875,0.1015625,0.16273361811562106
0.5,0.109375,0.16044413903257934
0.5078125,0.1171875,0.15814486437398498
0.515625,0.125,0.15583593453748232
0.5234375,0.1328125,0.1535174905088373
0.53125,0.140625,0.15118967385334434
0.5390625,0.1484375,0.14885262670719912
0.546875,0.15625,0.146506491768837
0.5546875,0.1640625,0.14415141229023948
0.5625,0.171875,0.14178753206820702
0.5703125,0.1796875,0.1394149954356021
0.578125,0.1875,0.1370339472525593
0.5859375,0.1953125,0.13464453289766704
0.59375,0.203125,0.13224689825911826
0.6015625,0.2109375,0.12984118972583314
0.609375,0.21875,0.12742755417855225
0.6171875,0.2265625,0.1250061389809023
0.625,0.234375,0.12257709197043441
0.6328125,0.2421875,0.12014056144963403
0.640625,0.25,0.11769669617690533
0.6484375,0.2578125,0.11524564535752796
0.65625,0.265625,0.11278755863458784
0.6640625,0.2734375,0.11032258607988184
0.671875,0.28125,0.10785087818479609
0.6796875,0.2890625,0.10537258585115909
0.6875,0.296875,0.10288786038206872
0.6953125,0.3046875,0.10039685347269409
0.703125,0.3125,0.09789971720105187
0.7109375,0.3203125,0.09539660401875813
0.71875,0.328125,0.0928876667417548
0.7265625,0.3359375,0.09037305854101217
0.734375,0.34375,0.0878529329332068
0.7421875,0.3515625,0.08532744377137633
0.75,0.359375,0.08279674523555035
0.7578125,0.3671875,0.0802609918233591
0.765625,0.375,0.07772033834061993
0.7734375,0.3828125,0.07517493989190219
0.78125,0.390625,0.07262495187107139
0.7890625,0.3984375,0.07007052995181333
0.796875,0.40625,0.06751183007813907
0.8046875,0.4140625,0.06494900845487141
0.8125,0.421875,0.06238222153811364
0.8203125,0.4296875,0.059811626025702044
0.828125,0.4375,0.05723737884764192
0.8359375,0.4453125,0.05465963715652894
0.84375,0.453125,0.052078558317956346
0.8515625,0.4609375,0.04949429990090897
0.859375,0.46875,0.04690701966814453
0.8671875,0.4765625,0.04431687556656368
0.875,0.484375,0.04172402571756903
0.8828125,0.4921875,0.039128628407414406
0.890625,0.5,0.036530842077544826
0.8984375,0.5078125,0.03393082531492823
0.90625,0.515625,0.031328736842379544
0.9140625,0.5234375,0.028724735508878056
0.921875,0.53125,0.026118980279878683
0.9296875,0.5390625,0.02351163022761809
0.9375,0.546875,0.02090284452141628
0.9453125,0.5546875,0.01829278241797477
0.953125,0.5625,0.015681603251671727
0.9609375,0.5703125,0.013069466424855332
0.96875,0.578125,0.01045653139813601
0.9765625,0.5859375,0.007842957680678449
0.984375,0.59375,0.005228904820494466
0.9921875,0.6015625,0.0026145323947375275
1.0,0.609375,0.0
0.3984375,0.0,0.1893930364491947
0.40625,0.0078125,0.1872318297333438
0.4140625,0.015625,0.185059191620229
0.421875,0.0234375,0.1828752547937366
0.4296875,0.03125,0.1806801526260111
0.4375,0.0390625,0.17847401916933245
0.4453125,0.046875,0.17625698914795127
0.453125,0.0546875,0.1740291979498822
0.4609375,0.0625,0.17179078161865513
0.46875,0.0703125,0.16954187684502575
0.4765625,0.078125,0.16728262095864552
0.484375,0.0859375,0.1650131519196914
0.4921875,0.09375,0.16273360831045702
0.5,0.1015625,0.16044412932690516
0.5078125,0.109375,0.15814485477018284
0.515625,0.1171875,0.15583592503809876
0.5234375,0.125,0.15351748111656588
0.53125,0.1328125,0.15118966457100771
0.5390625,0.140625,0.14885261753773074
0.546875,0.1484375,0.14650648271526268
0.5546875,0.15625,0.1441514033556579
0.5625,0.1640625,0.14178752325577038
0.5703125,0.171875,0.1394149867484957
0.578125,0.1796875,0.13703393869398195
0.5859375,0.1875,0.13464452447080985
0.59375,0.1953125,0.13224688996714443
0.6015625,0.203125,0.12984118157185703
0.609375,0.2109375,0.12742754616561924
0.6171875,0.21875,0.1250061311119685
0.625,0.2265625,0.12257708424834682
0.6328125,0.234375,0.12014055387711232
0.640625,0.2421875,0.1176966887565236
0.6484375,0.25,0.11524563809169841
0.65625,0.2578125,0.11278755152554581
0.6640625,0.265625,0.11032257912967237
0.671875,0.2734375,0.1078508713952626
0.6796875,0.28125,0.105372579223934
0.6875,0.2890625,0.1028878539185668
0.6953125,0.296875,0.10039684717410773
0.703125,0.3046875,0.09789971106834931
0.7109375,0.3125,0.09539659805268384
0.71875,0.3203125,0.09288766094283296
0.7265625,0.328125,0.09037305290955225
0.734375,0.3359375,0.08785292746931195
0.7421875,0.34375,0.08532743847495382
0.75,0.3515625,0.08279674010632468
0.7578125,0.359375,0.08026098686088651
0.765625,0.3671875,0.0777203335443051
0.7734375,0.375,0.07517493526101642
0.78125,0.3828125,0.07262494740477224
0.7890625,0.390625,0.0700705256491649
0.796875,0.3984375,0.06751182593813351
0.8046875,0.40625,0.06494900447645081
0.8125,0.4140625,0.06238221772019268
0.8203125,0.421875,0.05981162236719001
0.828125,0.4296875,0.05723737534746546
0.8359375,0.4375,0.054659633813654365
0.84375,0.4453125,0.052078555131411526
0.8515625,0.453125,0.04949429686980494
0.859375,0.4609375,0.04690701679169649
0.8671875,0.46875,0.044316872844111385
0.875,0.4765625,0.04172402314859666
0.8828125,0.484375,0.03912862599156965
0.890625,0.4921875,0.03653083981465728
0.8984375,0.5,0.0339308232050271
0.90625,0.5078125,0.031328734885710675
0.9140625,0.515625,0.028724733705920158
0.921875,0.5234375,0.026118978631358866
0.9296875,0.53125,0.023511628734526682
0.9375,0.5390625,0.020902843185020916
0.9453125,0.546875,0.018292781239833505
0.953125,0.5546875,0.015681602233645543
0.9609375,0.5625,0.013069465569119502
0.96875,0.5703125,0.010456530707190497
0.9765625,0.578125,0.007842957157357113
0.984375,0.5859375,0.005228904467972835
0.9921875,0.59375,0.0026145322165389722
1.0,0.6015625,0.0
0.40625,0.0,0.18723181877948614
0.4140625,0.0078125,0.18505918075595842
0.421875,0.015625,0.18287524401859037
0.4296875,0.0234375,0.1806801419398425
0.4375,0.03125,0.17847400857230358
0.4453125,0.0390625,0.17625697864052417
0.453125,0.046875,0.1740291875328079
0.4609375,0.0546875,0.17179077129296225
0.46875,0.0625,0.16954186661200715
0.4765625,0.0703125,0.16728261081984497
0.484375,0.078125,0.16501314187688945
0.4921875,0.0859375,0.16273359836565562
0.5,0.09375,0.1604441194823129
0.5078125,0.1015625,0.15814484502819845
0.515625,0.109375,0.15583591540129532
0.5234375,0.1171875,0.1535174715876734
0.53125,0.125,0.15118965515289584
0.5390625,0.1328125,0.14885260823339086
0.546875,0.140625,0.14650647352778895
0.5546875,0.1484375,0.14415139428822865
0.5625,0.15625,0.14178751431162837
0.5703125,0.1640625,0.13941497793092747
0.578125,0.171875,0.13703393000629774
0.5859375,0.1796875,0.13464451591632215
0.59375,0.1875,0.13224688154914682
0.6015625,0.1953125,0.12984117329360287
0.609375,0.203125,0.1274275380303005
0.6171875,0.2109375,0.12500612312269377
0.625,0.21875,0.12257707640812132
0.6328125,0.2265625,0.12014054618881723
0.640625,0.234375,0.117696681222897
0.6484375,0.2421875,0.11524563071531722
0.65625,0.25,0.112787544308809
0.6640625,0.2578125,0.11032257207478581
0.671875,0.265625,0.1078508645042261
0.6796875,0.2734375,0.10537257249853027
0.6875,0.28125,0.10288784736035249
0.6953125,0.2890625,0.10039684078440773
0.703125,0.296875,0.09789970484825312
0.7109375,0.3046875,0.09539659200304464
0.71875,0.3125,0.09288765506426946
0.7265625,0.3203125,0.09037304720245369
0.734375,0.328125,0.0878529219338452
0.7421875,0.3359375,0.08532743311107337
0.75,0.34375,0.08279673491378486
0.7578125,0.3515625,0.08026098183925637
0.765625,0.359375,0.07772032869298427
0.7734375,0.3671875,0.07517493057925412
0.78125,0.375,0.07262494289168624
0.7890625,0.3828125,0.0700705213037632
0.796875,0.390625,0.06751182175933583
0.8046875,0.3984375,0.06494900046311135
0.8125,0.40625,0.06238221387112279
0.8203125,0.4140625,0.059811618681182066
0.828125,0.421875,0.05723737182331561
0.8359375,0.4296875,0.05465963045018573
0.84375,0.4375,0.052078551927497156
0.8515625,0.4453125,0.049494293824389676
0.859375,0.453125,0.04690701390381896
0.8671875,0.4609375,0.044316870112924935
0.875,0.46875,0.041724020573389496
0.8828125,0.4765625,0.03912862357178463
0.890625,0.484375,0.03653083754991055
0.8984375,0.4921875,0.03393082109512599
0.90625,0.5,0.03132873293067079
0.9140625,0.5078125,0.02872473190598178
0.921875,0.515625,0.026118976987002315
0.9296875,0.5234375,0.023511627246487046
0.9375,0.53125,0.020902841854301805
0.9453125,0.5390625,0.018292780067720008
0.953125,0.546875,0.015681601221716177
0.9609375,0.5546875,0.013069464719257315
0.96875,0.5625,0.01045653002159294
0.9765625,0.5703125,0.007842956638544826
0.984375,0.578125,0.0052289041187969934
0.9921875,0.5859375,0.002614532040187112
1.0,0.59375,0.0
0.4140625,0.0,0.18505916974403278
0.421875,0.0078125,0.1828752330965162
0.4296875,0.015625,0.1806801311074621
0.4375,0.0234375,0.1784739978297624
0.4453125,0.03125,0.17625696798826443
0.453125,0.0390625,0.17402917697156006
0.4609375,0.046875,0.1717907608237349
0.46875,0.0546875,0.16954185623607634
0.4765625,0.0625,0.16728260053874192
0.484375,0.0703125,0.16501313169238732
0.4921875,0.078125,0.16273358827975615
0.5,0.0859375,0.16044410949723154
0.5078125,0.09375,0.15814483514635003
0.515625,0.1015625,0.15583590562527766
0.5234375,0.109375,0.15351746192025145
0.53125,0.1171875,0.15118964559698467
0.5390625,0.125,0.14885259879203772
0.546875,0.1328125,0.14650646420415528
0.5546875,0.140625,0.144151385085571
0.5625,0.1484375,0.14178750523327877
0.5703125,0.15625,0.13941496898027336
0.578125,0.1640625,0.13703392118676053
0.5859375,0.171875,0.13464450723133634
0.59375,0.1796875,0.1322468730021382
0.6015625,0.1875,0.12984116488796602
0.609375,0.1953125,0.12742752976937638
0.6171875,0.203125,0.12500611500974831
0.625,0.2109375,0.12257706844632237
0.6328125,0.21875,0.12014053838121382
0.640625,0.2265625,0.11769667357239831
0.6484375,0.234375,0.11524562322467273
0.65625,0.2421875,0.11278753698059014
0.6640625,0.25,0.11032256491136919
0.671875,0.2578125,0.1078508575077784
0.6796875,0.265625,0.10537256567099536
0.6875,0.2734375,0.10288784070344101
0.6953125,0.28125,0.10039683429958907
0.703125,0.2890625,0.09789969853675011
0.7109375,0.296875,0.09539658586583134
0.71875,0.3046875,0.09288764910207167
0.7265625,0.3125,0.09037304141575221
0.734375,0.3203125,0.08785291632288228
0.7421875,0.328125,0.08532742767586167
0.75,0.3359375,0.08279672965411917
0.7578125,0.34375,0.08026097675472772
0.765625,0.3515625,0.07772032378299662
0.7734375,0.359375,0.07517492584304185
0.78125,0.3671875,0.07262493832833503
0.7890625,0.375,0.07007051691223067
0.796875,0.3828125,0.06751181753847432
0.8046875,0.390625,0.06494899641169112
0.8125,0.3984375,0.0623822099878558
0.8203125,0.40625,0.05981161496474593
0.828125,0.4140625,0.057237368272377846
0.8359375,0.421875,0.0546596270634276
0.84375,0.4296875,0.052078548703637206
0.8515625,0.4375,0.04949429076220696
0.859375,0.4453125,0.046907011002175286
0.8671875,0.453125,0.044316867370786696
0.875,0.4609375,0.041724017989848664
0.8828125,0.46875,0.039128621146078554
0.890625,0.4765625,0.036530835281441326
0.8984375,0.484375,0.03393081898347871
0.90625,0.4921875,0.031328730975630895
0.9140625,0.5,0.028724730107551354
0.921875,0.5078125,0.026118975345415733
0.9296875,0.515625,0.023511625762225447
0.9375,0.5234375,0.02090284052810683
0.9453125,0.53125,0.018292778900606484
0.953125,0.5390625,0.015681600214983812
0.9609375,0.546875,0.013069463874501386
0.96875,0.5546875,0.010456529340713935
0.9765625,0.5625,0.007842956123756736
0.984375,0.5703125,0.005228903772634387
0.9921875,0.578125,0.002614531865510595
1.0,0.5859375,0.0
0.421875,0.0,0.18287522202727743
0.4296875,0.0078125,0.18068012012848836
0.4375,0.015625,0.17847398694119113
0.4453125,0.0234375,0.17625695719052492
0.453125,0.03125,0.1740291662653674
0.4609375,0.0390625,0.1717907502100825
0.46875,0.046875,0.16954184571622613
0.4765625,0.0546875,0.16728259011421437
0.484375,0.0625,0.16501312136494944
0.4921875,0.0703125,0.16273357805140962
0.5,0.078125,0.1604440993701989
0.5078125,0.0859375,0.15814482512306066
0.515625,0.09375,0.15583589570835318
0.5234375,0.1015625,0.15351745211249007
0.53125,0.109375,0.15118963590134468
0.5390625,0.1171875,0.14885258921162073
0.546875,0.125,0.14650645474218796
0.5546875,0.1328125,0.14415137574538653
0.5625,0.140625,0.1417874960182972
0.5703125,0.1484375,0.1394149598939818
0.578125,0.15625,0.1370339122326916
0.5859375,0.1640625,0.134644498413047
0.59375,0.171875,0.13224686432318664
0.6015625,0.1796875,0.12984115635188992
0.609375,0.1875,0.12742752137966912
0.6171875,0.1953125,0.12500610676983606
0.625,0.203125,0.12257706035954088
0.6328125,0.2109375,0.1201405304507855
0.640625,0.21875,0.11769666580141006
0.6484375,0.2265625,0.11524561561605458
0.65625,0.234375,0.11278752953709498
0.6640625,0.2421875,0.11032255763555403
0.671875,0.25,0.10785085040198746
0.6796875,0.2578125,0.10537255873734529
0.6875,0.265625,0.10288783394380828
0.6953125,0.2734375,0.10039682771560006
0.703125,0.28125,0.09789969212977409
0.7109375,0.2890625,0.09539657963697643
0.71875,0.296875,0.09288764305218335
0.7265625,0.3046875,0.09037303554541579
0.734375,0.3125,0.0878529106324278
0.7421875,0.3203125,0.085327422165372
0.75,0.328125,0.08279672432344075
0.7578125,0.3359375,0.08026097160348444
0.765625,0.34375,0.07772031881060576
0.7734375,0.3515625,0.07517492104873243
0.78125,0.359375,0.07262493371116775
0.7890625,0.3671875,0.07007051247111978
0.796875,0.375,0.06751181327221056
0.8046875,0.3828125,0.06494899231896561
0.8125,0.390625,0.06238220606728471
0.8203125,0.3984375,0.05981161121489523
0.828125,0.40625,0.057237364691788466
0.8359375,0.4140625,0.05465962365064031
0.84375,0.421875,0.052078545457216956
0.8515625,0.4296875,0.04949428768076707
0.859375,0.4375,0.04690700808440068
0.8671875,0.4453125,0.04431686461545639
0.875,0.453125,0.04172401539585742
0.8828125,0.4609375,0.03912861871245761
0.890625,0.46875,0.03653083300737802
0.8984375,0.4765625,0.03393081686833525
0.90625,0.484375,0.03132872901896199
0.9140625,0.4921875,0.028724728309120914
0.921875,0.5,0.02611897370521244
0.9296875,0.5078125,0.02351162428047743
0.9375,0.515625,0.02090283920529517
0.9453125,0.5234375,0.01829277773747789
0.953125,0.53125,0.015681599212562094
0.9609375,0.5390625,0.013069463034097886
0.96875,0.546875,0.010456528663936822
0.9765625,0.5546875,0.007842955612519095
0.984375,0.5625,0.005228903429160918
0.9921875,0.5703125,0.0026145316923428634
1.0,0.578125,0.0
0.4296875,0.0,0.18068010900269188
0.4375,0.0078125,0.17847397590621839
0.4453125,0.015625,0.17625694624679952
0.453125,0.0234375,0.17402915541359523
0.4609375,0.03125,0.1717907394512458
0.46875,0.0390625,0.16954183505157658
0.4765625,0.046875,0.16728257954526377
0.484375,0.0546875,0.16501311089346019
0.4921875,0.0625,0.16273356767938363
0.5,0.0703125,0.16044408909986532
0.5078125,0.078125,0.15814481495686292
0.515625,0.0859375,0.15583588564893525
0.5234375,0.09375,0.1535174421626816
0.53125,0.1015625,0.15118962606414574
0.5390625,0.109375,0.14885257949018477
0.546875,0.1171875,0.146506445139805
0.5546875,0.125,0.1441513662654644
0.5625,0.1328125,0.1417874866643426
0.5703125,0.140625,0.13941495066957998
0.578125,0.1484375,0.13703390314148553
0.5859375,0.15625,0.1346444894587153
0.59375,0.1640625,0.13224685550942145
0.6015625,0.171875,0.1298411476823729
0.609375,0.1796875,0.12742751285804815
0.6171875,0.1875,0.12500609839970092
0.625,0.1953125,0.1225770521443994
0.6328125,0.203125,0.12014052239403887
0.640625,0.2109375,0.11769665790632954
0.6484375,0.21875,0.11524560788575833
0.65625,0.2265625,0.11278752197452604
0.6640625,0.234375,0.11032255024345976
0.671875,0.2421875,0.10785084318290045
0.6796875,0.25,0.10537255169356646
0.6875,0.2578125,0.10288782707739248
0.6953125,0.265625,0.1003968210283437
0.703125,0.2734375,0.09789968562320626
0.7109375,0.28125,0.09539657331235273
0.71875,0.2890625,0.09288763691048324
0.7265625,0.296875,0.09037302958734265
0.734375,0.3046875,0.08785290485841271
0.7421875,0.3125,0.08532741657558075
0.75,0.3203125,0.08279671891778392
0.7578125,0.328125,0.08026096638163012
0.765625,0.3359375,0.07772031377199544
0.7734375,0.34375,0.07517491619259901
0.78125,0.3515625,0.07262492903655586
0.7890625,0.359375,0.07007050797690764
0.796875,0.3671875,0.06751180895713382
0.8046875,0.375,0.06494898818164162
0.8125,0.3828125,0.0623822021062381
0.8203125,0.390625,0.059811607428583775
0.828125,0.3984375,0.05723736107862898
0.8359375,0.40625,0.05465962020903461
0.84375,0.4140625,0.052078542185577434
0.8515625,0.421875,0.04949428457754166
0.859375,0.4296875,0.046907005148097175
0.8671875,0.4375,0.04431686184466583
0.875,0.4453125,0.04172401278927667
0.8828125,0.453125,0.0391286162689107
0.890625,0.4609375,0.03653083072583652
0.8984375,0.46875,0.03393081474793753
0.90625,0.4765625,0.03132872705903133
0.9140625,0.484375,0.028724726509182476
0.921875,0.4921875,0.026118972065009138
0.9296875,0.5,0.023511622799984637
0.9375,0.5078125,0.020902837884734408
0.9453125,0.515625,0.018292776577329268
0.953125,0.5234375,0.01568159821357578
0.9609375,0.53125,0.013069462197304343
0.96875,0.5390625,0.010456527990655879
0.9765625,0.546875,0.007842955104367777
0.984375,0.5546875,0.005228903088059929
0.9921875,0.5625,0.0026145315205216074
1.0,0.5703125,0.0
0.4375,0.0,0.17847396472462068
0.4453125,0.0078125,0.1762569351567254
0.453125,0.015625,0.17402914441574732
0.4609375,0.0234375,0.1717907285466002
0.46875,0.03125,0.1695418242413779
0.4765625,0.0390625,0.16728256883101814
0.484375,0.046875,0.16501310027692678
0.4921875,0.0546875,0.16273355716256505
0.5,0.0625,0.1604440786849976
0.5078125,0.0703125,0.15814480464640257
0.515625,0.078125,0.1558358754455473
0.5234375,0.0859375,0.15351743206922572
0.53125,0.09375,0.15118961608366124
0.5390625,0.1015625,0.1488525696258752
0.546875,0.109375,0.14650643539502117
0.5546875,0.1171875,0.1441513566436867
0.5625,0.125,0.14178747716916218
0.5703125,0.1328125,0.13941494130467877
0.578125,0.140625,0.13703389391061543
0.5859375,0.1484375,0.13464448036567633
0.59375,0.15625,0.1322468465580389
0.6015625,0.1640625,0.1298411388764735
0.609375,0.171875,0.12742750420143603
0.6171875,0.1796875,0.1250060898961324
0.625,0.1875,0.12257704379755778
0.6328125,0.1953125,0.12014051420750939
0.640625,0.203125,0.11769664988357385
0.6484375,0.2109375,0.11524560003009016
0.65625,0.21875,0.1127875142890872
0.6640625,0.2265625,0.1103225427311976
0.671875,0.234375,0.10785083584654676
0.6796875,0.2421875,0.10537254453561846
0.6875,0.25,0.10288782010009591
0.6953125,0.2578125,0.1003968142336786
0.703125,0.265625,0.09789967901287551
0.7109375,0.2734375,0.09539656688777401
0.71875,0.28125,0.09288763067278419
0.7265625,0.2890625,0.09037302353735926
0.734375,0.296875,0.08785289899669159
0.7421875,0.3046875,0.08532741090238458
0.75,0.3125,0.08279671343310041
0.7578125,0.3203125,0.0802609610851842
0.765625,0.328125,0.0777203086632643
0.7734375,0.3359375,0.07517491127083022
0.78125,0.34375,0.0726249243007873
0.7890625,0.3515625,0.07007050342599017
0.796875,0.359375,0.06751180458975503
0.8046875,0.3671875,0.0649489839963512
0.8125,0.375,0.06238219810147418
0.8203125,0.3828125,0.059811603602699596
0.828125,0.390625,0.05723735742992013
0.8359375,0.3984375,0.05465961673576598
0.84375,0.40625,0.05207853888600991
0.8515625,0.4140625,0.04949428144995822
0.859375,0.421875,0.04690700219082836
0.8671875,0.4296875,0.04431685905611416
0.875,0.4375,0.04172401016794007
0.8828125,0.4453125,0.039128613813404836
0.890625,0.453125,0.036530828434915945
0.8984375,0.4609375,0.03393081262051551
0.90625,0.46875,0.03132872509419857
0.9140625,0.4765625,0.028724724706224492
0.921875,0.484375,0.02611897042342248
0.9296875,0.4921875,0.02351162131949183
0.9375,0.5,0.020902836565297678
0.9453125,0.5078125,0.018292775419163142
0.953125,0.515625,0.01568159721715841
0.9609375,0.5234375,0.01306946136338769
0.96875,0.53125,0.010456527320274614
0.9765625,0.5390625,0.007842954598846943
0.984375,0.546875,0.005228902749021225
0.9921875,0.5546875,0.0026145313498882506
1.0,0.5625,0.0
0.4453125,0.0,0.17625692392008424
0.453125,0.0078125,0.17402913327146777
0.4609375,0.015625,0.17179071749565736
0.46875,0.0234375,0.16954181328501325
0.4765625,0.03125,0.16728255797073463
0.484375,0.0390625,0.16501308951448226
0.4921875,0.046875,0.1627335464999642
0.5,0.0546875,0.1604440681244823
0.5078125,0.0625,0.15814479419044244
0.515625,0.0703125,0.15583586509682706
0.5234375,0.078125,0.15351742183063305
0.53125,0.0859375,0.15118960595827294
0.5390625,0.09375,0.14885255961694227
0.546875,0.1015625,0.14650642550595291
0.5546875,0.109375,0.14415134687803347
0.5625,0.1171875,0.14178746753059712
0.5703125,0.125,0.13941493179697842
0.578125,0.1328125,0.13703388453763898
0.5859375,0.140625,0.13464447113134373
0.59375,0.1484375,0.13224683746630822
0.6015625,0.15625,0.129841129931317
0.609375,0.1640625,0.12742749540681486
0.6171875,0.171875,0.1250060812559714
0.625,0.1796875,0.12257703531571952
0.6328125,0.1875,0.12014050588776719
0.640625,0.1953125,0.11769664172958573
0.6484375,0.203125,0.11524559204537221
0.65625,0.2109375,0.11278750647698842
0.6640625,0.21875,0.11032253509487494
0.671875,0.2265625,0.10785082838894211
0.6796875,0.234375,0.10537253725943721
0.6875,0.2421875,0.1028878130077877
0.6953125,0.25,0.10039680732742082
0.703125,0.2578125,0.09789967229455952
0.7109375,0.265625,0.09539656035899449
0.71875,0.2734375,0.09288762433483232
0.7265625,0.28125,0.09037301739121914
0.734375,0.2890625,0.08785289304304049
0.7421875,0.296875,0.08532740514159698
0.75,0.3046875,0.08279670786525563
0.7578125,0.3125,0.08026095571007749
0.765625,0.3203125,0.07772030348042146
0.7734375,0.328125,0.07517490627952489
0.78125,0.3359375,0.07262491950006142
0.7890625,0.34375,0.0700704988146763
0.796875,0.3515625,0.06751180016650084
0.8046875,0.359375,0.06494897975964554
0.8125,0.3671875,0.06238219404967421
0.8203125,0.375,0.05981159973405863
0.828125,0.3828125,0.057237353742615765
0.8359375,0.390625,0.05465961322792844
0.84375,0.3984375,0.05207853555574997
0.8515625,0.40625,0.04949427829539453
0.859375,0.4140625,0.04690699921011404
0.8671875,0.421875,0.04431685624746257
0.875,0.4296875,0.04172400752964916
0.8828125,0.4375,0.039128611343880564
0.890625,0.4453125,0.03653082613269425
0.8984375,0.453125,0.033930810484283036
0.90625,0.4609375,0.031328723122811944
0.9140625,0.46875,0.028724722898728284
0.921875,0.4765625,0.026118968779065832
0.9296875,0.484375,0.023511619837743726
0.9375,0.4921875,0.02090283524586092
0.9453125,0.5,0.01829277426198701
0.953125,0.5078125,0.015681596222450057
0.9609375,0.515625,0.013069460531622274
0.96875,0.5234375,0.010456526652204125
0.9765625,0.53125,0.007842954095507736
0.984375,0.5390625,0.005228902411740171
0.9921875,0.546875,0.0026145311802874614
1.0,0.5546875,0.0
0.453125,0.0,0.1740291219805426
0.4609375,0.0078125,0.1717907062980672
0.46875,0.015625,0.1695418021820006
0.4765625,0.0234375,0.1672825469638022
0.484375,0.03125,0.16501307860538833
0.4921875,0.0390625,0.16273353569071639
0.5,0.046875,0.16044405741732926
0.5078125,0.0546875,0.15814478358786552
0.515625,0.0625,0.15583585460152974
0.5234375,0.0703125,0.15351741144552936
0.53125,0.078125,0.15118959568647478
0.5390625,0.0859375,0.14885254946174567
0.546875,0.09375,0.14650641547082288
0.5546875,0.1015625,0.14415133696658752
0.5625,0.109375,0.1417874577465877
0.5703125,0.1171875,0.139414922144274
0.578125,0.125,0.13703387502020378
0.5859375,0.1328125,0.1346444617532162
0.59375,0.140625,0.132246828231578
0.6015625,0.1484375,0.129841120844101
0.609375,0.15625,0.12742748647123217
0.6171875,0.1640625,0.12500607247611728
0.625,0.171875,0.12257702669563772
0.6328125,0.1796875,0.12014049743142347
0.640625,0.1875,0.11769663344083935
0.6484375,0.1953125,0.11524558392794859
0.65625,0.203125,0.11278749853445137
0.6640625,0.2109375,0.11032252733060044
0.671875,0.21875,0.10785082080609283
0.6796875,0.2265625,0.1053725298609387
0.6875,0.234375,0.10288780579630669
0.6953125,0.2421875,0.10039680030534616
0.703125,0.25,0.09789966546398594
0.7109375,0.2578125,0.09539655372170956
0.71875,0.265625,0.0928876178923068
0.7265625,0.2734375,0.0903730111446015
0.734375,0.28125,0.08785288699315495
0.7421875,0.2890625,0.08532739928894582
0.75,0.296875,0.08279670221002514
0.7578125,0.3046875,0.08026095025214812
0.765625,0.3125,0.07772029821938131
0.7734375,0.3203125,0.07517490121468677
0.78125,0.328125,0.07262491463048265
0.7890625,0.3359375,0.07007049413918161
0.796875,0.34375,0.06751179568370705
0.8046875,0.3515625,0.06494897546798847
0.8125,0.359375,0.06238218994743627
0.8203125,0.3671875,0.0598115958193982
0.828125,0.375,0.05723735001359637
0.8359375,0.3828125,0.054659609682548335
0.84375,0.390625,0.05207853219197141
0.8515625,0.3984375,0.049494275111172596
0.859375,0.40625,0.04690699620342451
0.8671875,0.4140625,0.044316853416328884
0.875,0.421875,0.04172400487216819
0.8828125,0.4296875,0.03912860885824702
0.890625,0.4375,0.03653082381722374
0.8984375,0.4453125,0.03393080833743365
0.90625,0.453125,0.031328721143204355
0.9140625,0.4609375,0.028724721085164388
0.921875,0.46875,0.026118967130545883
0.9296875,0.4765625,0.02351161835348202
0.9375,0.484375,0.020902833925300075
0.9453125,0.4921875,0.01829277310481085
0.953125,0.5,0.015681595228595115
0.9609375,0.5078125,0.013069459701287955
0.96875,0.515625,0.010456525985861515
0.9765625,0.5234375,0.007842953593907048
0.984375,0.53125,0.0052289020759168255
0.9921875,0.5390625,0.0026145310115667005
1.0,0.546875,0.0
0.4609375,0.0,0.17179069495361923
0.46875,0.0078125,0.16954179093199442
0.4765625,0.015625,0.16728253580974345
0.484375,0.0234375,0.16501306754903777
0.4921875,0.03125,0.1627335247340854
0.5,0.0390625,0.16044404656267405
0.5078125,0.046875,0.1581447728376786
0.515625,0.0546875,0.1558358439585319
0.5234375,0.0625,0.15351740091265909
0.53125,0.0703125,0.151189585266877
0.5390625,0.078125,0.14885253915875876
0.546875,0.0859375,0.14650640528796452
0.5546875,0.09375,0.14415132690753935
0.5625,0.1015625,0.14178744781517832
0.5703125,0.109375,0.13941491234446102
0.578125,0.1171875,0.13703386535605366
0.5859375,0.125,0.13464445222888333
0.59375,0.1328125,0.13224681885128192
0.6015625,0.140625,0.12984111161210268
0.609375,0.1484375,0.12742747739180824
0.6171875,0.15625,0.1250060635535336
0.625,0.1640625,0.12257701793412225
0.6328125,0.171875,0.12014048883513698
0.640625,0.1796875,0.11769662501384723
0.6484375,0.1875,0.11524557567419126
0.65625,0.1953125,0.11278749045771526
0.6640625,0.203125,0.11032251943448954
0.671875,0.2109375,0.10785081309400091
0.6796875,0.21875,0.10537252233602333
0.6875,0.2265625,0.10288779846146508
0.6953125,0.234375,0.10039679316319305
0.703125,0.2421875,0.09789965851683483
0.7109375,0.25,0.09539654697155693
0.71875,0.2578125,0.09288761134082005
0.7265625,0.265625,0.09037300479311056
0.734375,0.2734375,0.0878528808426483
0.7421875,0.28125,0.0853273933400705
0.75,0.2890625,0.0827966964630913
0.7578125,0.296875,0.08026094470713728
0.765625,0.3046875,0.07772029287595907
0.7734375,0.3125,0.07517489607221892
0.78125,0.3203125,0.072624909688055
0.7890625,0.328125,0.07007048939562245
0.796875,0.3359375,0.06751179113761246
0.8046875,0.34375,0.06494897111774955
0.8125,0.3515625,0.062382185791268335
0.8203125,0.359375,0.059811591855370244
0.828125,0.3671875,0.057237346239662305
0.8359375,0.375,0.05465960609657757
0.84375,0.3828125,0.052078528791779814
0.8515625,0.390625,0.04949427189455259
0.859375,0.3984375,0.04690699316817463
0.8671875,0.40625,0.04431685056028204
0.875,0.4140625,0.04172400219321893
0.8828125,0.421875,0.03912860635437706
0.890625,0.4296875,0.03653082148652633
0.8984375,0.4375,0.03393080617813618
0.90625,0.4453125,0.03132871915368934
0.9140625,0.453125,0.028724719263988875
0.921875,0.4609375,0.026118965476459265
0.9296875,0.46875,0.023511616865442238
0.9375,0.4765625,0.020902832602488285
0.9453125,0.484375,0.01829277194664464
0.953125,0.4921875,0.015681594234740148
0.9609375,0.5,0.013069458871668263
0.96875,0.5078125,0.010456525320668347
0.9765625,0.515625,0.00784295309360631
0.984375,0.5234375,0.0052289017412550905
0.9921875,0.53125,0.0026145308435757816
1.0,0.5390625,0.0
0.46875,0.0,0.16954177953478694
0.4765625,0.0078125,0.16728252450821604
0.484375,0.015625,0.16501305634495636
0.4921875,0.0234375,0.16273351362946645
0.5,0.03125,0.1604440355597806
0.5078125,0.0390625,0.15814476193901467
0.515625,0.046875,0.15583583316683433
0.5234375,0.0546875,0.1535173902308892
0.53125,0.0625,0.15118957469821012
0.5390625,0.0703125,0.14885252870657262
0.546875,0.078125,0.14650639495582657
0.5546875,0.0859375,0.14415131669919198
0.5625,0.09375,0.14178743773452301
0.5703125,0.1015625,0.13941490239554066
0.578125,0.109375,0.13703385554303393
0.5859375,0.1171875,0.13464444255603175
0.59375,0.125,0.13224680932294583
0.6015625,0.1328125,0.12984110223268489
0.609375,0.140625,0.12742746816574219
0.6171875,0.1484375,0.1250060544852563
0.625,0.15625,0.12257700902804627
0.6328125,0.1640625,0.1201404800956213
0.640625,0.171875,0.11769661644516693
0.6484375,0.1796875,0.11524556728050721
0.65625,0.1875,0.11278748224304348
0.6640625,0.1953125,0.11032251140267033
0.671875,0.203125,0.10785080524866958
0.6796875,0.2109375,0.10537251468058118
0.6875,0.21875,0.10288779099905267
0.6953125,0.2265625,0.10039678589666581
0.703125,0.234375,0.0978996514487408
0.7109375,0.2421875,0.0953965401041184
0.71875,0.25,0.09288760467591836
0.7265625,0.2578125,0.09037299833227525
0.734375,0.265625,0.08785287458705038
0.7421875,0.2734375,0.08532738729052007
0.75,0.28125,0.0827966906200401
0.7578125,0.2890625,0.08026093907068527
0.765625,0.296875,0.07772028744586575
0.7734375,0.3046875,0.07517489084791862
0.78125,0.3125,0.0726249046686759
0.7890625,0.3203125,0.07007048458000927
0.796875,0.328125,0.06751178652435172
0.8046875,0.3359375,0.06494896670519759
0.8125,0.34375,0.06238218157758102
0.8203125,0.3515625,0.05981158783853417
0.828125,0.359375,0.057237342417526725
0.8359375,0.3671875,0.05465960246688684
0.84375,0.375,0.052078525352205744
0.8515625,0.3828125,0.04949426864272631
0.859375,0.390625,0.046906990101717616
0.8671875,0.3984375,0.04431684767683613
0.875,0.40625,0.04172399949047491
0.8828125,0.4140625,0.03912860383010199
0.890625,0.421875,0.0365308191385888
0.8984375,0.4296875,0.03393080400453031
0.90625,0.4375,0.031328717152556924
0.9140625,0.4453125,0.028724717433639545
0.921875,0.453125,0.0261189638153891
0.9296875,0.4609375,0.023511615372350646
0.9375,0.46875,0.020902831276293152
0.9453125,0.4765625,0.01829277078649588
0.953125,0.484375,0.01568159324003171
0.9609375,0.4921875,0.013069458042048544
0.96875,0.5,0.010456524656049156
0.9765625,0.5078125,0.007842952594170336
0.984375,0.515625,0.005228901407461923
0.9921875,0.5234375,0.0026145306761664513
1.0,0.53125,0.0
0.4765625,0.0,0.16728251305901462
0.484375,0.0078125,0.165013044992804
0.4921875,0.015625,0.1627335023763864
0.5,0.0234375,0.16044402440804395
0.5078125,0.03125,0.15814475089113572
0.515625,0.0390625,0.1558358222255652
0.5234375,0.046875,0.15351737939921187
0.53125,0.0546875,0.15118956397932806
0.5390625,0.0625,0.14885251810390027
0.546875,0.0703125,0.1465063844729773
0.5546875,0.078125,0.14415130633996545
0.5625,0.0859375,0.1417874275028896
0.5703125,0.09375,0.1394148922956252
0.578125,0.1015625,0.1370338455790974
0.5859375,0.109375,0.13464443273245147
0.59375,0.1171875,0.13224679964419336
0.6015625,0.125,0.1298410927033031
0.609375,0.1328125,0.12742745879031953
0.6171875,0.140625,0.12500604526840012
0.625,0.1484375,0.12257699997435428
0.6328125,0.15625,0.12014047120965203
0.640625,0.1640625,0.11769660773140858
0.6484375,0.171875,0.11524555874334569
0.65625,0.1796875,0.11278747388673045
0.6640625,0.1875,0.11032250323129071
0.671875,0.1953125,0.10785079726610955
0.6796875,0.203125,0.10537250689049726
0.6875,0.2109375,0.10288778340484209
0.6953125,0.21875,0.10039677850143902
0.703125,0.2265625,0.09789964425529661
0.7109375,0.234375,0.09539653311492188
0.71875,0.2421875,0.0928875978930832
0.7265625,0.25,0.09037299175754945
0.734375,0.2578125,0.0878528682218067
0.7421875,0.265625,0.08532738113575118
0.75,0.2734375,0.08279668467635831
0.7578125,0.28125,0.08026093333832778
0.765625,0.2890625,0.07772028192470375
0.7734375,0.296875,0.07517488553747165
0.78125,0.3046875,0.07262489956813029
0.7890625,0.3125,0.0700704796882401
0.796875,0.3203125,0.06751178183994862
0.8046875,0.328125,0.06494896222649288
0.8125,0.3359375,0.0623821773026805
0.8203125,0.34375,0.059811583765349355
0.828125,0.3515625,0.057237338543808185
0.8359375,0.359375,0.054659598790258224
0.84375,0.3671875,0.05207852187019769
0.8515625,0.375,0.04949426535281025
0.859375,0.3828125,0.046906987001338496
0.8671875,0.390625,0.04431684476344412
0.875,0.3984375,0.04172399676155584
0.8828125,0.40625,0.03912860128320602
0.890625,0.4140625,0.03653081677135757
0.8984375,0.421875,0.03393080181472195
0.90625,0.4296875,0.03132871513806937
0.9140625,0.4375,0.028724715592532014
0.921875,0.4453125,0.02611896214590148
0.9296875,0.453125,0.023511613872921062
0.9375,0.4609375,0.020902829945573836
0.9453125,0.46875,0.018292769623367112
0.953125,0.4765625,0.015681592243614203
0.9609375,0.484375,0.013069457211714144
0.96875,0.4921875,0.01045652399142994
0.9765625,0.5,0.007842952095166172
0.984375,0.5078125,0.005228901074246544
0.9921875,0.515625,0.0026145305091919845
1.0,0.5234375,0.0
0.484375,0.0,0.16501303349237637
0.4921875,0.0078125,0.16273349097450665
0.5,0.015625,0.1604440131069913
0.5078125,0.0234375,0.15814473969343495
0.515625,0.03125,0.15583581113398212
0.5234375,0.0390625,0.15351736841674768
0.53125,0.046875,0.15118955310921164
0.5390625,0.0546875,0.1488525073495795
0.546875,0.0625,0.14650637383810858
0.5546875,0.0703125,0.14415129582840122
0.5625,0.078125,0.14178741711866527
0.5703125,0.0859375,0.1394148820429431
0.578125,0.09375,0.1370338354623097
0.5859375,0.1015625,0.1346444227560411
0.59375,0.109375,0.13224678981275304
0.6015625,0.1171875,0.12984108302151193
0.609375,0.125,0.1274274492629187
0.6171875,0.1328125,0.12500603590016593
0.625,0.140625,0.1225769907700692
0.6328125,0.1484375,0.12014046217407483
0.640625,0.15625,0.11769659886924248
0.6484375,0.1640625,0.1152455500592058
0.65625,0.171875,0.11278746538510936
0.6640625,0.1796875,0.11032249491652515
0.671875,0.1875,0.10785078914234586
0.6796875,0.1953125,0.10537249896165815
0.6875,0.203125,0.10288777567459416
0.6953125,0.2109375,0.10039677097316238
0.703125,0.21875,0.09789963693205675
0.7109375,0.2265625,0.0953965259994447
0.71875,0.234375,0.09288759098773322
0.7265625,0.2421875,0.0903729850643128
0.734375,0.25,0.08785286174227816
0.7421875,0.2578125,0.08532737487112645
0.75,0.265625,0.08279667862743102
0.7578125,0.2734375,0.0802609275054921
0.765625,0.28125,0.07772027630796212
0.7734375,0.2890625,0.07517488013644726
0.78125,0.296875,0.07262489438208442
0.7890625,0.3046875,0.07007047471609398
0.796875,0.3125,0.06751177708030874
0.8046875,0.3203125,0.06494895767767994
0.8125,0.328125,0.06238217296276048
0.8203125,0.3359375,0.0598115796321673
0.828125,0.34375,0.057237334615022735
0.8359375,0.3515625,0.05465959506337737
0.84375,0.359375,0.0520785183426145
0.8515625,0.3671875,0.049494262021838396
0.859375,0.375,0.04690698386424709
0.8671875,0.3828125,0.04431684181749136
0.875,0.390625,0.041723994004021166
0.8828125,0.3984375,0.03912859871142073
0.890625,0.40625,0.0365308143827335
0.8984375,0.4140625,0.033930799606778125
0.90625,0.421875,0.03132871310845663
0.9140625,0.4296875,0.02872471373905567
0.921875,0.4375,0.026118960466541753
0.9296875,0.4453125,0.023511612365851614
0.9375,0.453125,0.020902828609178196
0.9453125,0.4609375,0.018292768456253366
0.953125,0.46875,0.015681591244627712
0.9609375,0.4765625,0.013069456379948595
0.96875,0.484375,0.010456523326236701
0.9765625,0.4921875,0.00784295159616199
0.984375,0.5,0.005228900741319677
0.9921875,0.5078125,0.0026145303425067967
1.0,0.515625,0.0
0.4921875,0.0,0.16273347942362343
0.5,0.0078125,0.1604440016562841
0.5078125,0.015625,0.15814472834543844
0.515625,0.0234375,0.15583579989147486
0.5234375,0.03125,0.15351735728274804
0.53125,0.0390625,0.15118954208697144
0.5390625,0.046875,0.14885249644257698
0.546875,0.0546875,0.14650636305003906
0.5546875,0.0625,0.1441512851631663
0.5625,0.0703125,0.14178740658036065
0.5703125,0.078125,0.139414871635844
0.578125,0.0859375,0.13703382519085489
0.5859375,0.09375,0.1346444126248145
0.59375,0.1015625,0.13224677982646385
0.6015625,0.109375,0.12984107318497218
0.609375,0.1171875,0.1274274395810189
0.6171875,0.125,0.12500602637784844
0.625,0.1328125,0.1225769814123002
0.6328125,0.140625,0.12014045298581309
0.640625,0.1484375,0.11769658985540775
0.6484375,0.15625,0.11524554122464455
0.65625,0.1640625,0.11278745673456032
0.6640625,0.171875,0.11032248645458302
0.671875,0.1796875,0.1078507808734256
0.6796875,0.1875,0.10537249088995891
0.6875,0.1953125,0.10288776780406443
0.6953125,0.203125,0.10039676330746634
0.703125,0.2109375,0.0978996294745428
0.7109375,0.21875,0.09539651875311705
0.71875,0.2265625,0.0928875839552268
0.7265625,0.234375,0.09037297824787213
0.734375,0.2421875,0.08785285514374139
0.7421875,0.25,0.08532736849191377
0.75,0.2578125,0.08279667246853929
0.7578125,0.265625,0.0802609215674942
0.765625,0.2734375,0.07772027059101241
0.7734375,0.28125,0.07517487464029252
0.78125,0.2890625,0.07262488910607982
0.7890625,0.296875,0.07007046965922395
0.796875,0.3046875,0.06751177224121228
0.8046875,0.3125,0.06494895305467951
0.8125,0.3203125,0.062382168553894224
0.8203125,0.328125,0.05981157543522342
0.828125,0.3359375,0.05723733062757577
0.8359375,0.34375,0.05465959128282554
0.84375,0.3515625,0.05207851476621741
0.8515625,0.359375,0.04949425864675456
0.859375,0.3671875,0.04690698068757081
0.8671875,0.375,0.044316838836288584
0.875,0.3828125,0.041723991215363694
0.8828125,0.390625,0.03912859611241879
0.890625,0.3984375,0.03653081197056622
0.8984375,0.40625,0.03393079737872199
0.90625,0.4140625,0.03132871106191168
0.9140625,0.421875,0.028724711871569376
0.921875,0.4296875,0.02611895877583078
0.9296875,0.4375,0.023511610849821275
0.9375,0.4453125,0.02090282726593982
0.9453125,0.453125,0.018292767284139578
0.953125,0.4609375,0.015681590242205765
0.9609375,0.46875,0.01306945554603177
0.96875,0.4765625,0.010456522659893974
0.9765625,0.484375,0.007842951096725956
0.984375,0.4921875,0.005228900408392796
0.9921875,0.5,0.002614530175966057
1.0,0.5078125,0.0
0.5,0.0,0.16044399005571872
0.5078125,0.0078125,0.15814471684680662
0.515625,0.015625,0.1558357884975669
0.5234375,0.0234375,0.1535173459965974
0.53125,0.03125,0.15118953091185036
0.5390625,0.0390625,0.14885248538199078
0.546875,0.046875,0.14650635210771815
0.5546875,0.0546875,0.14415127434305708
0.5625,0.0625,0.1417873958866143
0.5703125,0.0703125,0.13941486107280363
0.578125,0.078125,0.13703381476304055
0.5859375,0.0859375,0.1346444023369061
0.59375,0.09375,0.13224676968328208
0.6015625,0.1015625,0.12984106319145722
0.609375,0.109375,0.12742742974220647
0.6171875,0.1171875,0.12500601669884412
0.625,0.125,0.1225769718982508
0.6328125,0.1328125,0.12014044364187657
0.640625,0.140625,0.11769658068672026
0.6484375,0.1484375,0.11524553223628614
0.65625,0.15625,0.11278744793151889
0.6640625,0.1640625,0.11032247784171696
0.671875,0.171875,0.10785077245542593
0.6796875,0.1796875,0.1053724826713111
0.6875,0.1875,0.10288775978901055
0.6953125,0.1953125,0.10039675549996854
0.703125,0.203125,0.0978996218782485
0.7109375,0.2109375,0.09539651137132682
0.71875,0.21875,0.09288757679086539
0.7265625,0.2265625,0.09037297130346368
0.734375,0.234375,0.0878528484213894
0.7421875,0.2421875,0.0853273619932861
0.75,0.25,0.08279666619485879
0.7578125,0.2578125,0.08026091551953549
0.765625,0.265625,0.07772026476910454
0.7734375,0.2734375,0.0751748690443275
0.78125,0.28125,0.0726248837355271
0.7890625,0.2890625,0.07007046451315023
0.796875,0.296875,0.06751176731830624
0.8046875,0.3046875,0.06494894835328076
0.8125,0.3125,0.0623821640720261
0.8203125,0.3203125,0.0598115711706284
0.828125,0.328125,0.05723732657775329
0.8359375,0.3359375,0.05465958744507089
0.84375,0.34375,0.05207851113766165
0.8515625,0.3515625,0.049494255224404114
0.859375,0.359375,0.046906977468346725
0.8671875,0.3671875,0.04431683581706453
0.875,0.375,0.04172398839300262
0.8828125,0.3828125,0.03912859348380753
0.890625,0.390625,0.03653080953264816
0.8984375,0.3984375,0.0339307951285274
0.90625,0.40625,0.031328708996585575
0.9140625,0.4140625,0.02872470998839706
0.921875,0.421875,0.026118957072260907
0.9296875,0.4296875,0.023511609323486445
0.9375,0.4375,0.020902825914674957
0.9453125,0.4453125,0.018292766105997983
0.953125,0.453125,0.01568158923547311
0.9609375,0.4609375,0.013069454709238012
0.96875,0.46875,0.010456521991823326
0.9765625,0.4765625,0.007842950596425124
0.984375,0.484375,0.005228900075177374
0.9921875,0.4921875,0.00261453000942531
1.0,0.5,0.0
0.5078125,0.0,0.1581447051973353
0.515625,0.0078125,0.15583577695191675
0.5234375,0.015625,0.153517334557815
0.53125,0.0234375,0.1511895195832259
0.5390625,0.03125,0.14885247416705308
0.546875,0.0390625,0.14650634101022877
0.5546875,0.046875,0.14415126336700265
0.5625,0.0546875,0.14178738503619653
0.5703125,0.0625,0.13941485035242812
0.578125,0.0703125,0.137033804177303
0.5859375,0.078125,0.13464439189057656
0.59375,0.0859375,0.13224675938128722
0.6015625,0.09375,0.12984105303885982
0.609375,0.1015625,0.12742741974418276
0.6171875,0.109375,0.12500600686065813
0.625,0.1171875,0.12257696222522707
0.6328125,0.125,0.12014043413936962
0.640625,0.1328125,0.11769657136008187
0.6484375,0.140625,0.11524552309083039
0.65625,0.1484375,0.11278743897248529
0.6640625,0.15625,0.11032246907423197
0.671875,0.1640625,0.10785076388446319
0.6796875,0.171875,0.105372474301651
0.6875,0.1796875,0.10288775162520004
0.6953125,0.1875,0.10039674754628118
0.703125,0.1953125,0.09789961413864653
0.7109375,0.203125,0.09539650384942494
0.71875,0.2109375,0.09288756948989813
0.7265625,0.21875,0.0903729642262564
0.734375,0.2265625,0.08785284157033371
0.7421875,0.234375,0.08532735537032135
0.75,0.2421875,0.08279665980145852
0.7578125,0.25,0.08026090935670067
0.765625,0.2578125,0.07772025883736304
0.7734375,0.265625,0.07517486334374016
0.78125,0.2734375,0.07262487826570008
0.7890625,0.28125,0.07007045927325332
0.796875,0.2890625,0.06751176230709682
0.8046875,0.296875,0.0649489435691327
0.8125,0.3046875,0.062382159512962776
0.8203125,0.3125,0.059811566834359176
0.828125,0.3203125,0.057237322461712696
0.8359375,0.328125,0.054659583546459355
0.84375,0.3359375,0.05207850745348745
0.8515625,0.34375,0.049494251751525456
0.859375,0.3515625,0.04690697420351328
0.8671875,0.359375,0.04431683275695809
0.875,0.3671875,0.04172398553427607
0.8828125,0.375,0.03912859082312212
0.890625,0.3828125,0.03653080706670826
0.8984375,0.390625,0.03393079285411302
0.90625,0.3984375,0.031328706910582246
0.9140625,0.40625,0.02872470808782307
0.921875,0.4140625,0.026118955354291828
0.9296875,0.421875,0.023511607785477222
0.9375,0.4296875,0.020902824554179286
0.9453125,0.4375,0.018292764920785326
0.953125,0.4453125,0.015681588223543416
0.9609375,0.453125,0.013069453868834228
0.96875,0.4609375,0.01045652132144186
0.9765625,0.46875,0.007842950094824299
0.984375,0.4765625,0.005228899741384135
0.9921875,0.484375,0.0026145298427400995
1.0,0.4921875,0.0
0.515625,0.0,0.15583576525431897
0.5234375,0.0078125,0.15351732296605658
0.53125,0.015625,0.15118950810061185
0.5390625,0.0234375,0.14885246279713246
0.546875,0.03125,0.14650632975679032
0.5546875,0.0390625,0.14415125223406824
0.5625,0.046875,0.14178737402801317
0.5703125,0.0546875,0.13941483947345815
0.578125,0.0625,0.13703379343221167
0.5859375,0.0703125,0.1346443812842181
0.59375,0.078125,0.1322467489186877
0.6015625,0.0859375,0.12984104272519859
0.609375,0.09375,0.12742740958477042
0.6171875,0.1015625,0.1250059968609125
0.625,0.109375,0.12257695239064563
0.6328125,0.1171875,0.1201404244755
0.640625,0.125,0.11769656187248921
0.6484375,0.1328125,0.11524551378506229
0.65625,0.140625,0.11278742985403398
0.6640625,0.1484375,0.11032246014849509
0.671875,0.15625,0.10785075515670227
0.6796875,0.1640625,0.10537246577694932
0.6875,0.171875,0.10288774330841935
0.6953125,0.1796875,0.10039673944201938
0.703125,0.1875,0.09789960625119573
0.7109375,0.1953125,0.09539649618273187
0.71875,0.203125,0.09288756204752698
0.7265625,0.2109375,0.09037295701135548
0.734375,0.21875,0.08785283458560673
0.7421875,0.2265625,0.08532734861800388
0.75,0.234375,0.08279665328330055
0.7578125,0.2421875,0.08026090307395564
0.765625,0.25,0.07772025279078376
0.7734375,0.2578125,0.07517485753358175
0.78125,0.265625,0.07262487269172968
0.7890625,0.2734375,0.07007045393476685
0.796875,0.28125,0.06751175720294153
0.8046875,0.2890625,0.06494893869773571
0.8125,0.296875,0.06238215487236412
0.8203125,0.3046875,0.05981156242224941
0.828125,0.3125,0.05723731827547314
0.8359375,0.3203125,0.054659579583204936
0.84375,0.328125,0.05207850371011057
0.8515625,0.3359375,0.049494248224740654
0.859375,0.34375,0.04690697088990145
0.8671875,0.3515625,0.04431682965300982
0.875,0.359375,0.04172398263643334
0.8828125,0.3671875,0.03912858812781819
0.890625,0.375,0.03653080457040515
0.8984375,0.3828125,0.03393079055333622
0.90625,0.390625,0.03132870480195287
0.9140625,0.3984375,0.028724706168087023
0.921875,0.40625,0.02611895362034615
0.9296875,0.4140625,0.02351160623439355
0.9375,0.421875,0.020902823183224586
0.9453125,0.4296875,0.018292763727440008
0.953125,0.4375,0.015681587205516854
0.9609375,0.4453125,0.013069453024077986
0.96875,0.453125,0.010456520648160666
0.9765625,0.4609375,0.007842949591484918
0.984375,0.46875,0.0052288994067222995
0.9921875,0.4765625,0.002614529675765593
1.0,0.484375,0.0
0.5234375,0.0,0.15351731122111503
0.53125,0.0078125,0.15118949646365992
0.5390625,0.015625,0.14885245127173594
0.546875,0.0234375,0.1465063183467607
0.5546875,0.03125,0.1441512409434578
0.5625,0.0390625,0.14178736286110896
0.5703125,0.046875,0.139414828434773
0.578125,0.0546875,0.13703378252647405
0.5859375,0.0625,0.13464437051635933
0.59375,0.0703125,0.13224673829382672
0.6015625,0.078125,0.12984103224862428
0.609375,0.0859375,0.12742739926192134
0.6171875,0.09375,0.12500598669735352
0.625,0.1015625,0.12257694239204188
0.6328125,0.109375,0.12014041464758761
0.640625,0.1171875,0.11769655222104328
0.6484375,0.125,0.11524550431586172
0.65625,0.1328125,0.11278742057282375
0.6640625,0.140625,0.11032245106094568
0.671875,0.1484375,0.10785074626836719
0.6796875,0.15625,0.10537245709322088
0.6875,0.1640625,0.10288773483448363
0.6953125,0.171875,0.10039673118281014
0.703125,0.1796875,0.09789959821134978
0.7109375,0.1875,0.095396488366545
0.71875,0.1953125,0.0928875544589129
0.7265625,0.203125,0.09037294965380781
0.734375,0.2109375,0.08785282746216527
0.7421875,0.21875,0.08532734173122625
0.75,0.2265625,0.08279664663524036
0.7578125,0.234375,0.08026089666614639
0.765625,0.2421875,0.07772024662423109
0.7734375,0.25,0.07517485160876237
0.78125,0.2578125,0.07262486700859845
0.7890625,0.265625,0.07007044849277085
0.796875,0.2734375,0.0675117520010412
0.8046875,0.28125,0.06494893373443247
0.8125,0.2890625,0.062382150145733714
0.8203125,0.296875,0.059811557929979595
0.828125,0.3046875,0.05723731401490552
0.8359375,0.3125,0.05465957555137953
0.84375,0.3203125,0.05207849990381215
0.8515625,0.328125,0.049494244640545616
0.859375,0.3359375,0.046906967524225206
0.8671875,0.34375,0.044316826502152906
0.875,0.3515625,0.041723979696626265
0.8828125,0.359375,0.039128585395264044
0.890625,0.3671875,0.03653080204131999
0.8984375,0.375,0.03393078822398652
0.90625,0.3828125,0.03132870266869
0.9140625,0.390625,0.028724704227378717
0.921875,0.3984375,0.026118951868804717
0.9296875,0.40625,0.023511604668801093
0.9375,0.4140625,0.020902821800555228
0.9453125,0.421875,0.018292762524879092
0.953125,0.4296875,0.015681586180477596
0.9609375,0.4375,0.01306945217421543
0.96875,0.4453125,0.010456519971383258
0.9765625,0.453125,0.007842949085963872
0.984375,0.4609375,0.005228899070898823
0.9921875,0.46875,0.0026145295083562065
1.0,0.4765625,0.0
0.53125,0.0,0.15118948467216067
0.5390625,0.0078125,0.14885243959051023
0.546875,0.015625,0.14650630677963847
0.5546875,0.0234375,0.14415122949451695
0.5625,0.03125,0.14178735153467034
0.5703125,0.0390625,0.13941481723539398
0.578125,0.046875,0.13703377145893944
0.5859375,0.0546875,0.13464435958567036
0.59375,0.0625,0.13224672750518754
0.6015625,0.0703125,0.1298410216074258
0.609375,0.078125,0.1274273887737225
0.6171875,0.0859375,0.12500597636785926
0.625,0.09375,0.12257693222707816
0.6328125,0.1015625,0.12014040465307328
0.640625,0.109375,0.1176965424029586
0.6484375,0.1171875,0.11524549468021364
0.65625,0.125,0.11278741112560808
0.6640625,0.1328125,0.11032244180810603
0.671875,0.140625,0.10785073721575157
0.6796875,0.1484375,0.10537244824653591
0.6875,0.15625,0.10288772619924712
0.6953125,0.1640625,0.10039672276430277
0.703125,0.171875,0.09789959001456643
0.7109375,0.1796875,0.09539648039614736
0.71875,0.1875,0.09288754671918367
0.7265625,0.1953125,0.09037294214860787
0.734375,0.203125,0.08785282019489525
0.7421875,0.2109375,0.08532733470479262
0.75,0.21875,0.08279663985202808
0.7578125,0.2265625,0.08026089012799857
0.765625,0.234375,0.07772024033243564
0.7734375,0.2421875,0.07517484556404738
0.78125,0.25,0.07262486121113504
0.7890625,0.2578125,0.07007044294218476
0.796875,0.265625,0.06751174669643192
0.8046875,0.2734375,0.06494892867439939
0.8125,0.28125,0.06238214532840901
0.8203125,0.2890625,0.0598115533530666
0.828125,0.296875,0.05723730967572154
0.8359375,0.3046875,0.05465957144690215
0.84375,0.3125,0.05207849603072779
0.8515625,0.3203125,0.04949424099529954
0.859375,0.328125,0.046906964103071394
0.8671875,0.3359375,0.04431682330120362
0.875,0.34375,0.0417239767119002
0.8828125,0.3515625,0.039128582622732055
0.890625,0.359375,0.03653079947694864
0.8984375,0.3671875,0.03393078586377846
0.90625,0.375,0.031328700508721205
0.9140625,0.3828125,0.02872470226383234
0.921875,0.390625,0.026118950098001643
0.9296875,0.3984375,0.02351160308722699
0.9375,0.40625,0.02090282040488439
0.9453125,0.4140625,0.018292761311995174
0.953125,0.421875,0.015681585147491225
0.9609375,0.4296875,0.01306945131847918
0.96875,0.4375,0.010456519290503922
0.9765625,0.4453125,0.007842948577812306
0.984375,0.453125,0.005228898733617614
0.9921875,0.4609375,0.002614529340365217
1.0,0.46875,0.0
0.5390625,0.0,0.14885242775324295
0.546875,0.0078125,0.1465062950550644
0.5546875,0.015625,0.1441512178867343
0.5625,0.0234375,0.14178734004802826
0.5703125,0.03125,0.13941480587448749
0.578125,0.0390625,0.13703376022860259
0.5859375,0.046875,0.1346443484909667
0.59375,0.0546875,0.1322467165513985
0.6015625,0.0625,0.1298410108000361
0.609375,0.0703125,0.12742737811840302
0.6171875,0.078125,0.12500596587044674
0.625,0.0859375,0.12257692189355184
0.6328125,0.09375,0.12014039448952757
0.640625,0.1015625,0.11769653241557279
0.6484375,0.109375,0.1152454848752179
0.65625,0.1171875,0.11278740150924574
0.6640625,0.125,0.11032243238659256
0.671875,0.1328125,0.1078507279952304
0.6796875,0.140625,0.10537243923303127
0.6875,0.1484375,0.10288771739861499
0.6953125,0.15625,0.10039671418217976
0.703125,0.1640625,0.09789958165631826
0.7109375,0.171875,0.09539647226681715
0.71875,0.1796875,0.09288753882344207
0.7265625,0.1875,0.09037293449070526
0.734375,0.1953125,0.08785281277861758
0.7421875,0.203125,0.08532732753342248
0.75,0.2109375,0.0827966329283112
0.7578125,0.21875,0.08026088345411796
0.765625,0.2265625,0.07772023390999312
0.7734375,0.234375,0.07517483939405378
0.78125,0.2421875,0.07262485529400912
0.7890625,0.25,0.07007043727776102
0.796875,0.2578125,0.06751174128397706
0.8046875,0.265625,0.06494892351263692
0.8125,0.2734375,0.06238214041555121
0.8203125,0.28125,0.05981154868685295
0.828125,0.2890625,0.05723730525346258
0.8359375,0.296875,0.0546595672655273
0.84375,0.3046875,0.05207849208683642
0.8515625,0.3125,0.04949423728521363
0.859375,0.3203125,0.04690696062288879
0.8671875,0.328125,0.0443168200468509
0.875,0.3359375,0.04172397367918429
0.8828125,0.34375,0.03912857980738976
0.890625,0.3515625,0.03653079687469337
0.8984375,0.359375,0.03393078347034409
0.90625,0.3671875,0.03132869831990217
0.9140625,0.375,0.028724700275520453
0.921875,0.3828125,0.026118948306218956
0.9296875,0.390625,0.023511601488155117
0.9375,0.3984375,0.020902818994890184
0.9453125,0.40625,0.018292760087652998
0.953125,0.4140625,0.015681584105601967
0.9609375,0.421875,0.013069450456086148
0.96875,0.4296875,0.010456518604905988
0.9765625,0.4375,0.007842948066574382
0.984375,0.4453125,0.005228898394578729
0.9921875,0.453125,0.00261452917164437
1.0,0.4609375,0.0
0.546875,0.0,0.14650628317282255
0.5546875,0.0078125,0.1441512061197435
0.5625,0.015625,0.1417873284006599
0.5703125,0.0234375,0.13941479435136778
0.578125,0.03125,0.13703374883460726
0.5859375,0.0390625,0.1346443372312136
0.59375,0.046875,0.13224670543123765
0.6015625,0.0546875,0.12984099982503716
0.609375,0.0625,0.12742736729433993
0.6171875,0.0703125,0.12500595520327912
0.625,0.078125,0.122576911389403
0.6328125,0.0859375,0.12014038415465933
0.640625,0.09375,0.11769652225635605
0.6484375,0.1015625,0.11524547489809966
0.65625,0.109375,0.11278739172071182
0.6640625,0.1171875,0.11032242279312732
0.671875,0.125,0.1078507186032717
0.6796875,0.1328125,0.10537243004892288
0.6875,0.140625,0.1028877084285553
0.6953125,0.1484375,0.10039670543216916
0.703125,0.15625,0.0978995731321041
0.7109375,0.1640625,0.09539646397383894
0.71875,0.171875,0.09288753076677622
0.7265625,0.1796875,0.09037292667501311
0.734375,0.1875,0.08785280520809532
0.7421875,0.1953125,0.08532732021175628
0.75,0.203125,0.0827966258586377
0.7578125,0.2109375,0.08026087663899202
0.765625,0.21875,0.07772022735136362
0.7734375,0.2265625,0.07517483309324811
0.78125,0.234375,0.0726248492517271
0.7890625,0.2421875,0.07007043149407861
0.796875,0.25,0.06751173575835935
0.8046875,0.2578125,0.06494891824396054
0.8125,0.265625,0.0623821354021348
0.8203125,0.2734375,0.05981154392649547
0.828125,0.28125,0.05723730074348765
0.8359375,0.2890625,0.05465956300283286
0.84375,0.296875,0.052078488067947744
0.8515625,0.3046875,0.04949423350633904
0.859375,0.3125,0.04690695707997635
0.8671875,0.3203125,0.044316816735644984
0.875,0.328125,0.041723970595280824
0.8828125,0.3359375,0.03912857694628985
0.890625,0.34375,0.036530794231853785
0.8984375,0.3515625,0.03393078104122468
0.90625,0.359375,0.031328696100009434
0.9140625,0.3671875,0.02872469826044742
0.921875,0.375,0.026118946491680877
0.9296875,0.3828125,0.023511599870021185
0.9375,0.390625,0.020902817569211335
0.9453125,0.3984375,0.018292758850685965
0.953125,0.40625,0.015681583053829756
0.9609375,0.4140625,0.013069449586235165
0.96875,0.421875,0.010456517913960062
0.9765625,0.4296875,0.007842947551785977
0.984375,0.4375,0.005228898053477528
0.9921875,0.4453125,0.0026145290020434804
1.0,0.453125,0.0
0.5546875,0.0,0.1441511941933244
0.5625,0.0078125,0.14178731659219085
0.5703125,0.015625,0.13941478266549914
0.578125,0.0234375,0.1370337372762489
0.5859375,0.03125,0.13464432580552926
0.59375,0.0390625,0.13224669414363704
0.6015625,0.046875,0.1298409886811655
0.609375,0.0546875,0.12742735630006424
0.6171875,0.0625,0.12500594436467194
0.625,0.0703125,0.1225769007127222
0.6328125,0.078125,0.12014037364632445
0.640625,0.0859375,0.11769651192292055
0.6484375,0.09375,0.11524546474621931
0.65625,0.1015625,0.11278738175710887
0.6640625,0.109375,0.11032241302454969
0.671875,0.1171875,0.10785070903644912
0.6796875,0.125,0.10537242069051804
0.6875,0.1328125,0.10288769928511209
0.6953125,0.140625,0.10039669651005732
0.703125,0.1484375,0.09789956443746216
0.7109375,0.15625,0.09539645551251534
0.71875,0.1640625,0.09288752254427068
0.7265625,0.171875,0.09037291869641832
0.734375,0.1796875,0.08785279747804219
0.7421875,0.1875,0.08532731273436224
0.75,0.1953125,0.08279661863746104
0.7578125,0.203125,0.08026086967699265
0.765625,0.2109375,0.07772022065087227
0.7734375,0.21875,0.07517482665594445
0.78125,0.2265625,0.07262484307862827
0.7890625,0.234375,0.07007042558553729
0.796875,0.2421875,0.06751173011407327
0.8046875,0.25,0.06494891286299134
0.8125,0.2578125,0.062382130282937
0.8203125,0.265625,0.059811539066953634
0.828125,0.2734375,0.0572372961409613
0.8359375,0.28125,0.05465955865420725
0.84375,0.2890625,0.05207848396968936
0.8515625,0.296875,0.049494229654554016
0.859375,0.3046875,0.0469069534704708
0.8671875,0.3125,0.04431681336398544
0.875,0.3203125,0.04172396745685386
0.8828125,0.328125,0.039128574036359665
0.890625,0.3359375,0.03653079154561702
0.8984375,0.34375,0.033930778573861786
0.90625,0.3515625,0.031328693846732314
0.9140625,0.359375,0.028724696216542372
0.921875,0.3671875,0.026118944652547632
0.9296875,0.375,0.023511598231207367
0.9375,0.3828125,0.02090281612644266
0.9453125,0.390625,0.018292757599892264
0.953125,0.3984375,0.01568158199116715
0.9609375,0.40625,0.013069448708104522
0.96875,0.4140625,0.010456517217022118
0.9765625,0.421875,0.007842947032973337
0.984375,0.4296875,0.005228897710003823
0.9921875,0.4375,0.0026145288314100065
1.0,0.4453125,0.0
0.5625,0.0,0.14178730462239583
0.5703125,0.0078125,0.1394147708164976
0.578125,0.015625,0.13703372555297694
0.5859375,0.0234375,0.13464431421318795
0.59375,0.03125,0.1322466826876864
0.6015625,0.0390625,0.12984097736731628
0.609375,0.046875,0.12742734513426626
0.6171875,0.0546875,0.12500593335309987
0.625,0.0625,0.12257688986175752
0.6328125,0.0703125,0.1201403629625337
0.640625,0.078125,0.11769650141302965
0.6484375,0.0859375,0.1152454544170834
0.65625,0.09375,0.1127873716156778
0.6640625,0.1015625,0.11032240307782865
0.671875,0.109375,0.10785069929145465
0.6796875,0.1171875,0.10537241115422956
0.6875,0.125,0.10288768996441915
0.6953125,0.1328125,0.10039668741170305
0.703125,0.140625,0.09789955556798347
0.7109375,0.1484375,0.09539644687818119
0.71875,0.15625,0.092887514151019
0.7265625,0.1640625,0.09037291054979317
0.734375,0.171875,0.08785278958313272
0.7421875,0.1796875,0.08532730509574495
0.75,0.1875,0.08279661125914675
0.7578125,0.1953125,0.08026086256238041
0.765625,0.203125,0.07772021380271096
0.7734375,0.2109375,0.07517482007630416
0.78125,0.21875,0.07262483676888169
0.7890625,0.2265625,0.07007041954635249
0.796875,0.234375,0.06751172434541759
0.8046875,0.2421875,0.06494890736414698
0.8125,0.25,0.062382125052526854
0.8203125,0.2578125,0.059811534102977494
0.828125,0.265625,0.057237291440840304
0.8359375,0.2734375,0.05465955421483588
0.84375,0.28125,0.05207847978749283
0.8515625,0.2890625,0.04949422572554994
0.859375,0.296875,0.046906949790332886
0.8671875,0.3046875,0.04431680992810826
0.875,0.3125,0.04172396426041691
0.8828125,0.3203125,0.03912857107438959
0.890625,0.328125,0.03653078881304715
0.8984375,0.3359375,0.0339307760655879
0.90625,0.34375,0.031328691557664344
0.9140625,0.3515625,0.028724694141651498
0.921875,0.359375,0.02611894278690874
0.9296875,0.3671875,0.023511596570036566
0.9375,0.375,0.020902814665130186
0.9453125,0.3828125,0.01829275633403083
0.953125,0.390625,0.015681580916575965
0.9609375,0.3984375,0.013069447820849338
0.96875,0.40625,0.010456516513431498
0.9765625,0.4140625,0.00784294650965162
0.984375,0.421875,0.005228897363840953
0.9921875,0.4296875,0.002614528659588619
1.0,0.4375,0.0
0.5703125,0.0,0.13941475880413226
0.578125,0.0078125,0.13703371366439687
0.5859375,0.015625,0.13464430245362258
0.59375,0.0234375,0.13224667106263654
0.6015625,0.03125,0.12984096588254765
0.609375,0.0390625,0.12742733379580054
0.6171875,0.046875,0.12500592216720233
0.625,0.0546875,0.1225768788349214
0.6328125,0.0625,0.12014035210146085
0.640625,0.0703125,0.1176964907246068
0.6484375,0.078125,0.115245443908354
0.65625,0.0859375,0.11278736129380935
0.6640625,0.09375,0.1103223929500747
0.671875,0.1015625,0.1078506893651117
0.6796875,0.109375,0.10537240143658907
0.6875,0.1171875,0.1028876804627146
0.6953125,0.125,0.10039667813305223
0.703125,0.1328125,0.09789954651932696
0.7109375,0.140625,0.09539643806621756
0.71875,0.1484375,0.09288750558213806
0.7265625,0.15625,0.09037290223000836
0.734375,0.1640625,0.08785278151801412
0.7421875,0.171875,0.08532729729035501
0.75,0.1796875,0.08279660371798024
0.7578125,0.1875,0.08026085528931022
0.765625,0.1953125,0.07772020680094194
0.7734375,0.203125,0.07517481334833635
0.78125,0.2109375,0.07262483031648459
0.7890625,0.21875,0.07007041337055059
0.796875,0.2265625,0.0675117184464886
0.8046875,0.234375,0.06494890174163237
0.8125,0.2421875,0.06238211970525444
0.8203125,0.25,0.05981152902909523
0.828125,0.2578125,0.05723728663786028
0.8359375,0.265625,0.0546595496796867
0.84375,0.2734375,0.052078475516579126
0.8515625,0.28125,0.049494221714816634
0.859375,0.2890625,0.04690694603533292
0.8671875,0.296875,0.04431680642407156
0.875,0.3046875,0.04172396100231946
0.8828125,0.3125,0.03912856805702061
0.890625,0.3203125,0.03653078603107365
0.8984375,0.328125,0.03393077351361553
0.90625,0.3359375,0.03132868923029373
0.9140625,0.34375,0.02872469203352975
0.921875,0.3515625,0.026118940892775732
0.9296875,0.359375,0.023511594884766084
0.9375,0.3671875,0.020902813183765825
0.9453125,0.375,0.01829275505181692
0.953125,0.3828125,0.015681579828983737
0.9609375,0.390625,0.013069446923598706
0.96875,0.3984375,0.010456515802508757
0.9765625,0.40625,0.007842945981323388
0.984375,0.4140625,0.005228897014664824
0.9921875,0.421875,0.0026145284864207427
1.0,0.4296875,0.0
0.578125,0.0,0.13703370161027137
0.5859375,0.0078125,0.13464429052642662
0.59375,0.015625,0.13224665926790174
0.6015625,0.0234375,0.12984095422608408
0.609375,0.03125,0.12742732228369005
0.6171875,0.0390625,0.12500591080578877
0.625,0.046875,0.1225768676307971
0.6328125,0.0546875,0.12014034106145001
0.640625,0.0625,0.11769647985574411
0.6484375,0.0703125,0.11524543321785885
0.65625,0.078125,0.1127873507890548
0.6640625,0.0859375,0.11032238263855196
0.671875,0.09375,0.10785067925438817
0.6796875,0.1015625,0.10537239153426146
0.6875,0.109375,0.10288767077635579
0.6953125,0.1171875,0.10039666867015362
0.703125,0.125,0.09789953728723527
0.7109375,0.1328125,0.09539642907206784
0.71875,0.140625,0.09288749683278333
0.7265625,0.1484375,0.09037289373194758
0.734375,0.15625,0.08785277327731959
0.7421875,0.1640625,0.0853272893126014
0.75,0.171875,0.08279659600817686
0.7578125,0.1796875,0.08026084785183897
0.765625,0.1875,0.07772019963950236
0.7734375,0.1953125,0.0751748064659002
0.78125,0.203125,0.07262482371526137
0.7890625,0.2109375,0.07007040705196561
0.796875,0.21875,0.06751171241117389
0.8046875,0.2265625,0.06494889598943134
0.8125,0.234375,0.06238211423523996
0.8203125,0.2421875,0.05981152383960057
0.828125,0.25,0.05723728172652152
0.8359375,0.2578125,0.0546595450434953
0.84375,0.265625,0.05207847115194275
0.8515625,0.2734375,0.04949421761762648
0.859375,0.28125,0.04690694220103499
0.8671875,0.2890625,0.044316802847740505
0.875,0.296875,0.04172395767873252
0.8828125,0.3046875,0.039128564980730564
0.890625,0.3125,0.03653078319647879
0.8984375,0.3203125,0.033930770915026005
0.90625,0.328125,0.03132868686199319
0.9140625,0.3359375,0.028724689889831678
0.921875,0.34375,0.026118938968074216
0.9296875,0.3515625,0.023511593173580866
0.9375,0.359375,0.02090281168078162
0.9453125,0.3671875,0.01829275375191732
0.953125,0.375,0.015681578727279797
0.9609375,0.3828125,0.013069446015452681
0.96875,0.390625,0.010456515083553367
0.9765625,0.3984375,0.007842945447476985
0.984375,0.40625,0.005228896662142883
0.9921875,0.4140625,0.002614528311744066
1.0,0.421875,0.0
0.5859375,0.0,0.13464427843135565
0.59375,0.0078125,0.13224664730306218
0.6015625,0.015625,0.12984094239731928
0.609375,0.0234375,0.1274273105971302
0.6171875,0.03125,0.1250058992678433
0.625,0.0390625,0.12257685624814439
0.6328125,0.046875,0.12014032984102263
0.640625,0.0546875,0.11769646880471056
0.6484375,0.0625,0.11524542234360025
0.65625,0.0703125,0.1127873400991367
0.6640625,0.078125,0.11032237214069035
0.671875,0.0859375,0.1078506689564101
0.6796875,0.09375,0.10537238144405912
0.6875,0.1015625,0.10288766090183483
0.6953125,0.109375,0.10039665901917506
0.703125,0.1171875,0.0978995278675518
0.7109375,0.125,0.09539641989125487
0.71875,0.1328125,0.09288748789816595
0.7265625,0.140625,0.09037288505052413
0.734375,0.1484375,0.08785276485568384
0.7421875,0.15625,0.08532728115686487
0.75,0.1640625,0.08279658812389375
0.7578125,0.171875,0.08026084024393508
0.765625,0.1796875,0.0777201923122114
0.7734375,0.1875,0.07517479942270865
0.78125,0.1953125,0.0726248169588646
0.7890625,0.203125,0.07007040058423684
0.796875,0.2109375,0.06751170623314694
0.8046875,0.21875,0.06494889010129816
0.8125,0.2265625,0.06238210863636314
0.8203125,0.234375,0.05981151852854001
0.828125,0.2421875,0.05723727670107461
0.8359375,0.25,0.054659540300748946
0.84375,0.2578125,0.05207846668833532
0.8515625,0.265625,0.04949421342901743
0.859375,0.2734375,0.046906938282780204
0.8671875,0.28125,0.04431679919477068
0.875,0.2890625,0.04172395428563282
0.8828125,0.296875,0.039128561841819336
0.890625,0.3046875,0.03653078030588383
0.8984375,0.3125,0.03393076826675683
0.90625,0.3203125,0.0313286844500086
0.9140625,0.328125,0.028724687708101514
0.921875,0.3359375,0.02611893701063518
0.9296875,0.34375,0.023511591434585963
0.9375,0.3515625,0.02090281015454344
0.9453125,0.359375,0.018292752432945175
0.953125,0.3671875,0.015681577610311106
0.9609375,0.375,0.01306944509547896
0.96875,0.3828125,0.010456514355841249
0.9765625,0.390625,0.007842944907584777
0.984375,0.3984375,0.005228896305933028
0.9921875,0.40625,0.002614528135392033
1.0,0.4140625,0.0
0.59375,0.0,0.13224663516786528
0.6015625,0.0078125,0.1298409303958186
0.609375,0.015625,0.1274272987354918
0.6171875,0.0234375,0.1250058875525292
0.625,0.03125,0.1225768446859046
0.6328125,0.0390625,0.12014031843888362
0.640625,0.046875,0.11769645756995943
0.6484375,0.0546875,0.11524541128376463
0.65625,0.0625,0.11278732922195911
0.6640625,0.0703125,0.11032236145409711
0.671875,0.078125,0.10785065846847432
0.6796875,0.0859375,0.10537237116295675
0.6875,0.09375,0.10288765083579432
0.6953125,0.1015625,0.10039664917642024
0.703125,0.109375,0.0978995182562381
0.7109375,0.1171875,0.09539641051939916
0.71875,0.125,0.09288747877357098
0.7265625,0.1328125,0.09037287618069872
0.734375,0.140625,0.08785275624776012
0.7421875,0.1484375,0.08532727281751422
0.75,0.15625,0.08279658005924374
0.7578125,0.1640625,0.08026083245949021
0.765625,0.171875,0.07772018481277918
0.7734375,0.1796875,0.07517479221233457
0.78125,0.1875,0.0726248100407776
0.7890625,0.1953125,0.07007039396080811
0.796875,0.203125,0.06751169990586314
0.8046875,0.2109375,0.06494888407075053
0.8125,0.21875,0.0623821029022529
0.8203125,0.2265625,0.05981151308969984
0.828125,0.234375,0.0572372715555054
0.8359375,0.2421875,0.05465953544567029
0.84375,0.25,0.052078462120247936
0.8515625,0.2578125,0.04949420914377501
0.859375,0.265625,0.04690693427566838
0.8671875,0.2734375,0.04431679546059038
0.875,0.28125,0.041723950818785625
0.8828125,0.2890625,0.039128558636392675
0.890625,0.296875,0.03653077735573401
0.8984375,0.3046875,0.033930765565587974
0.90625,0.3125,0.03132868199144663
0.9140625,0.3203125,0.028724685485762222
0.921875,0.328125,0.026118935018185473
0.9296875,0.3359375,0.023511589665798485
0.9375,0.34375,0.020902808603344158
0.9453125,0.3515625,0.018292751093454292
0.953125,0.359375,0.015681576476877672
0.9609375,0.3671875,0.0130694441627093
0.96875,0.375,0.01045651361862209
0.9765625,0.3828125,0.007842944361101282
0.984375,0.390625,0.005228895945682428
0.9921875,0.3984375,0.0026145279571932944
1.0,0.40625,0.0
0.6015625,0.0,0.12984091822132035
0.609375,0.0078125,0.12742728669832362
0.6171875,0.015625,0.1250058756591919
0.625,0.0234375,0.12257683294320539
0.6328125,0.03125,0.12014030685392715
0.640625,0.0390625,0.11769644615013537
0.6484375,0.046875,0.11524540003673037
0.65625,0.0546875,0.1127873181556175
0.6640625,0.0625,0.11032235057656839
0.671875,0.0703125,0.10785064778806167
0.6796875,0.078125,0.10537236068810546
0.6875,0.0859375,0.10288764057504332
0.6953125,0.09375,0.10039663913834626
0.703125,0.1015625,0.0978995084493926
0.7109375,0.109375,0.09539640095223796
0.71875,0.1171875,0.09288746945437706
0.7265625,0.125,0.09037286711749934
0.734375,0.1328125,0.08785274744823958
0.7421875,0.140625,0.08532726428892397
0.75,0.1484375,0.08279657180831197
0.7578125,0.15625,0.08026082449233332
0.765625,0.1640625,0.07772017713481816
0.7734375,0.171875,0.07517478482821877
0.78125,0.1796875,0.07262480295431906
0.7890625,0.1875,0.07007038717492868
0.796875,0.1953125,0.06751169342255692
0.8046875,0.203125,0.06494887789106295
0.8125,0.2109375,0.06238209702627768
0.8203125,0.21875,0.059811507516593636
0.828125,0.2265625,0.05723726628351991
0.8359375,0.234375,0.05465953047220013
0.84375,0.2421875,0.052078457441892746
0.8515625,0.25,0.049494204756412974
0.859375,0.2578125,0.04690693017453855
0.8671875,0.265625,0.044316791640381076
0.875,0.2734375,0.04172394727372592
0.8828125,0.28125,0.03912855536034444
0.890625,0.2890625,0.03653077434228206
0.8984375,0.296875,0.03393076280812674
0.90625,0.3046875,0.03132867948326128
0.9140625,0.3125,0.028724683220103468
0.921875,0.3203125,0.02611893298833734
0.9296875,0.328125,0.02351158786513852
0.9375,0.3359375,0.02090280702539602
0.9453125,0.34375,0.01829274973193298
0.953125,0.3515625,0.015681575325727552
0.9609375,0.359375,0.013069443216135665
0.96875,0.3671875,0.010456512871116428
0.9765625,0.375,0.007842943807461127
0.984375,0.3828125,0.005228895581026269
0.9921875,0.390625,0.0026145277769711096
1.0,0.3984375,0.0
0.609375,0.0,0.12742727448535418
0.6171875,0.0078125,0.125005863587362
0.625,0.015625,0.1225768210193642
0.6328125,0.0234375,0.12014029508524157
0.640625,0.03125,0.11769643454408052
0.6484375,0.0390625,0.11524538860107567
0.65625,0.046875,0.11278730689840785
0.6640625,0.0546875,0.11032233950609961
0.671875,0.0625,0.10785063691284945
0.6796875,0.0703125,0.10537235001684737
0.6875,0.078125,0.10288763011657322
0.6953125,0.0859375,0.1003966289015808
0.703125,0.09375,0.09789949844326942
0.7109375,0.1015625,0.09539639118564566
0.71875,0.109375,0.09288745993607739
0.7265625,0.1171875,0.09037285785604218
0.734375,0.125,0.08785273845187201
0.7421875,0.1328125,0.08532725556549485
0.75,0.140625,0.0827965633651744
0.7578125,0.1484375,0.08026081633624742
0.765625,0.15625,0.07772016927185703
0.7734375,0.1640625,0.07517477726368091
0.78125,0.171875,0.07262479569265021
0.7890625,0.1796875,0.07007038021965646
0.796875,0.1875,0.0675116867762408
0.8046875,0.1953125,0.06494887155526188
0.8125,0.203125,0.06238209100153662
0.8203125,0.2109375,0.05981150180244991
0.828125,0.21875,0.057237260878528956
0.8359375,0.2265625,0.05465952537397983
0.84375,0.234375,0.0520784526471835
0.8515625,0.2421875,0.049494200261152706
0.859375,0.25,0.046906925973947876
0.8671875,0.2578125,0.04431678772905666
0.875,0.265625,0.04172394364573819
0.8828125,0.2734375,0.039128552009337035
0.890625,0.28125,0.036530771261570026
0.8984375,0.2890625,0.0339307599907912
0.90625,0.296875,0.03132867692223874
0.9140625,0.3046875,0.028724680908268355
0.921875,0.3125,0.026118930918576862
0.9296875,0.3203125,0.0235115860304193
0.9375,0.328125,0.020902805418822393
0.9453125,0.3359375,0.018292748346797057
0.953125,0.34375,0.015681574155551357
0.9609375,0.3515625,0.013069442254705903
0.96875,0.359375,0.010456512112512476
0.9765625,0.3671875,0.007842943246076846
0.984375,0.375,0.0052288952115863725
0.9921875,0.3828125,0.0026145275945427216
1.0,0.390625,0.0
0.6171875,0.0,0.1250058513367569
0.625,0.0078125,0.12257680891389136
0.6328125,0.015625,0.12014028313211342
0.640625,0.0234375,0.11769642275083986
0.6484375,0.03125,0.11524537697558516
0.65625,0.0390625,0.11278729544883513
0.6640625,0.046875,0.11032232824089609
0.671875,0.0546875,0.10785062584072333
0.6796875,0.0625,0.10537233914672912
0.6875,0.0703125,0.10288761945757358
0.6953125,0.078125,0.10039661846293997
0.703125,0.0859375,0.09789948823429753
0.7109375,0.09375,0.0953963812156542
0.71875,0.1015625,0.09288745021430163
0.7265625,0.109375,0.09037284839155467
0.734375,0.1171875,0.08785272925348894
0.7421875,0.125,0.08532724664167604
0.75,0.1328125,0.08279655472391925
0.7578125,0.140625,0.08026080798498894
0.765625,0.1484375,0.0777201612173577
0.7734375,0.15625,0.07517476951193292
0.78125,0.1640625,0.07262478824878457
0.7890625,0.171875,0.0700703730878636
0.796875,0.1796875,0.0675116799597067
0.8046875,0.1875,0.06494886505612237
0.8125,0.1953125,0.0623820848208519
0.8203125,0.203125,0.05981149594020044
0.828125,0.2109375,0.05723725533363327
0.8359375,0.21875,0.054659520144333014
0.84375,0.2265625,0.05207844772971531
0.8515625,0.234375,0.04949419565190158
0.859375,0.2421875,0.046906921668149235
0.8671875,0.25,0.04431678372124064
0.875,0.2578125,0.04172393992983411
0.8828125,0.265625,0.03912854857878037
0.890625,0.2734375,0.036530768109409355
0.8984375,0.28125,0.0339307571097918
0.90625,0.2890625,0.03132867430498095
0.9140625,0.296875,0.02872467854723875
0.921875,0.3046875,0.02611892880625113
0.9296875,0.3125,0.023511584159336203
0.9375,0.3203125,0.020902803781648566
0.9453125,0.328125,0.018292746936382467
0.953125,0.3359375,0.015681572964976197
0.9609375,0.34375,0.013069441277319101
0.96875,0.3515625,0.010456511341962653
0.9765625,0.359375,0.007842942676336454
0.984375,0.3671875,0.005228894836969715
0.9921875,0.375,0.0026145274097186615
1.0,0.3828125,0.0
0.625,0.0,0.12257679662649215
0.6328125,0.0078125,0.1201402709940307
0.640625,0.015625,0.11769641076966568
0.6484375,0.0234375,0.11524536515925612
0.65625,0.03125,0.11278728380562067
0.6640625,0.0390625,0.11032231677938208
0.671875,0.046875,0.10785061456978855
0.6796875,0.0546875,0.10537232807551546
0.6875,0.0625,0.10288760859544746
0.6953125,0.0703125,0.10039660781944564
0.703125,0.078125,0.0978994778191005
0.7109375,0.0859375,0.09539637103847481
0.71875,0.09375,0.09288744028483865
0.7265625,0.1015625,0.09037283871939909
0.734375,0.109375,0.08785271984802806
0.7421875,0.1171875,0.08532723751198998
0.75,0.125,0.08279654587867089
0.7578125,0.1328125,0.08026079943231021
0.765625,0.140625,0.07772015296473515
0.7734375,0.1484375,0.07517476156609612
0.78125,0.15625,0.07262478061560111
0.7890625,0.1640625,0.07007036577224508
0.796875,0.171875,0.0675116729655296
0.8046875,0.1796875,0.06494885838616694
0.8125,0.1875,0.062382078476762665
0.8203125,0.1953125,0.05981148992246965
0.828125,0.203125,0.05723724964160834
0.8359375,0.2109375,0.05465951477624783
0.84375,0.21875,0.052078442682743545
0.8515625,0.2265625,0.04949419092222991
0.859375,0.234375,0.04690691725106694
0.8671875,0.2421875,0.04431677961124178
0.875,0.25,0.0417239361207284
0.8828125,0.2578125,0.03912854506380847
0.890625,0.265625,0.03653076488135893
0.8984375,0.2734375,0.03393075416111115
0.90625,0.28125,0.03132867162788725
0.9140625,0.2890625,0.02872467613381899
0.921875,0.296875,0.026118926648554086
0.9296875,0.3046875,0.023511582249454707
0.9375,0.3125,0.020902802111791543
0.9453125,0.3203125,0.018292745498936863
0.953125,0.328125,0.015681571752559034
0.9609375,0.3359375,0.013069440282820371
0.96875,0.34375,0.010456510558579728
0.9765625,0.3515625,0.00784294209760079
0.984375,0.359375,0.005228894456766799
0.9921875,0.3671875,0.0026145272223020025
1.0,0.375,0.0
0.6328125,0.0,0.12014025867068523
0.640625,0.0078125,0.11769639860002151
0.6484375,0.015625,0.11524535315130331
0.65625,0.0234375,0.11278727196770913
0.6640625,0.03125,0.11032230512020916
0.671875,0.0390625,0.1078506030983804
0.6796875,0.046875,0.1053723168012014
0.6875,0.0546875,0.10288759752782616
0.6953125,0.0625,0.10039659696834262
0.703125,0.0703125,0.09789946719451559
0.7109375,0.078125,0.09539636065051914
0.71875,0.0859375,0.09288743014366033
0.7265625,0.09375,0.09037282883509808
0.734375,0.1015625,0.0878527102305597
0.7421875,0.109375,0.08532722817105885
0.75,0.1171875,0.08279653682361611
0.7578125,0.125,0.08026079067198455
0.765625,0.1328125,0.07772014450738082
0.7734375,0.140625,0.07517475341922117
0.78125,0.1484375,0.07262477278586048
0.7890625,0.15625,0.07007035826533069
0.796875,0.1640625,0.06751166578607437
0.8046875,0.171875,0.064948851537667
0.8125,0.1796875,0.06238207196152109
0.8203125,0.1875,0.05981148374156526
0.828125,0.1953125,0.05723724379489056
0.8359375,0.203125,0.05465950926235807
0.84375,0.2109375,0.052078437499162265
0.8515625,0.21875,0.049494186065346814
0.859375,0.2265625,0.046906912716271065
0.8671875,0.234375,0.044316775393027516
0.875,0.2421875,0.041723932212812495
0.8828125,0.25,0.039128541459253895
0.890625,0.2578125,0.036530761572700944
0.8984375,0.265625,0.03393075114048161
0.90625,0.2734375,0.03132866888713406
0.9140625,0.28125,0.028724673664617825
0.921875,0.2890625,0.026118924442510755
0.9296875,0.296875,0.023511580298196787
0.9375,0.3046875,0.02090280040704878
0.9453125,0.3125,0.018292744032610317
0.953125,0.3203125,0.015681570516779257
0.9609375,0.328125,0.0130694392699952
0.96875,0.3359375,0.010456509761432647
0.9765625,0.34375,0.007842941509200623
0.984375,0.3515625,0.0052288940705498554
0.9921875,0.359375,0.002614527032087539
1.0,0.3671875,0.0
0.640625,0.0,0.11769638624158428
0.6484375,0.0078125,0.11524534095116284
0.65625,0.015625,0.11278725993427365
0.6640625,0.0234375,0.11032229326226377
0.671875,0.03125,0.10785059142507357
0.6796875,0.0390625,0.10537230532202399
0.6875,0.046875,0.1028875862525831
0.6953125,0.0546875,0.10039658590711498
0.703125,0.0625,0.09789945635761307
0.7109375,0.0703125,0.09539635004842115
0.71875,0.078125,0.09288741978694534
0.7265625,0.0859375,0.09037281873436045
0.734375,0.09375,0.0878527003963143
0.7421875,0.1015625,0.08532721861363347
0.75,0.109375,0.08279652755303332
0.7578125,0.1171875,0.08026078169783468
0.765625,0.125,0.07772013583868904
0.7734375,0.1328125,0.07517474506431228
0.78125,0.140625,0.07262476475222546
0.7890625,0.1484375,0.07007035055950063
0.796875,0.15625,0.06751165841350636
0.8046875,0.1640625,0.0649488445026474
0.8125,0.171875,0.06238206526709081
0.8203125,0.1796875,0.05981147738947097
0.828125,0.1875,0.05723723778556409
0.8359375,0.1953125,0.0546595035949255
0.84375,0.203125,0.05207843217148197
0.8515625,0.2109375,0.049494181074074835
0.859375,0.21875,0.046906908056950074
0.8671875,0.2265625,0.04431677106019546
0.875,0.234375,0.04172392820012578
0.8828125,0.2421875,0.039128537759619775
0.890625,0.25,0.03653075817841414
0.8984375,0.2578125,0.033930748043360506
0.90625,0.265625,0.03132866607865227
0.9140625,0.2734375,0.028724671136028293
0.921875,0.28125,0.026118922184959665
0.9296875,0.2890625,0.023511578302825933
0.9375,0.296875,0.0209027986650855
0.9453125,0.3046875,0.018292742535445022
0.953125,0.3125,0.01568156925603044
0.9609375,0.3203125,0.013069438237563045
0.96875,0.328125,0.010456508949541803
0.9765625,0.3359375,0.007842940910433418
0.984375,0.34375,0.0052288936778708914
0.9921875,0.3515625,0.002614526838860885
1.0,0.359375,0.0
0.6484375,0.0,0.1152453285584954
0.65625,0.0078125,0.11278724770472037
0.6640625,0.015625,0.11032228120467318
0.671875,0.0234375,0.10785057954869018
0.6796875,0.03125,0.10537229363647277
0.6875,0.0390625,0.10288757476784682
0.6953125,0.046875,0.1003965746335018
0.703125,0.0546875,0.09789944530571443
0.7109375,0.0625,0.09539633922905828
0.71875,0.0703125,0.09288740921110317
0.7265625,0.078125,0.09037280841310798
0.734375,0.0859375,0.08785269034071137
0.7421875,0.09375,0.08532720883462364
0.75,0.1015625,0.08279651806132364
0.7578125,0.109375,0.08026077250376407
0.765625,0.1171875,0.07772012695208759
0.7734375,0.125,0.0751747364943551
0.78125,0.1328125,0.0726247565072856
0.7890625,0.140625,0.0700703426470057
0.796875,0.1484375,0.06751165083980577
0.8046875,0.15625,0.06494883727289487
0.8125,0.1640625,0.06238205838514882
0.8203125,0.171875,0.059811470857841456
0.828125,0.1796875,0.0572372316053496
0.8359375,0.1875,0.054659497765822594
0.84375,0.1953125,0.05207842669180758
0.8515625,0.203125,0.04949417594082391
0.859375,0.2109375,0.04690690326588171
0.8671875,0.21875,0.04431676660594284
0.875,0.2265625,0.041723924076324484
0.8828125,0.234375,0.03912853395904903
0.890625,0.2421875,0.03653075469314443
0.8984375,0.25,0.03393074486490252
0.90625,0.2578125,0.03132866319810216
0.9140625,0.265625,0.028724668544205238
0.921875,0.2734375,0.026118919872533158
0.9296875,0.28125,0.02351157626043023
0.9375,0.2890625,0.02090279688342066
0.9453125,0.296875,0.018292741005363707
0.953125,0.3046875,0.015681567968611178
0.9609375,0.3125,0.013069437184170281
0.96875,0.3203125,0.010456508121873875
0.9765625,0.328125,0.007842940300559764
0.984375,0.3359375,0.005228893278259516
0.9921875,0.34375,0.002614526642397492
1.0,0.3515625,0.0
0.65625,0.0,0.11278723527869175
0.6640625,0.0078125,0.11032226894681038
0.671875,0.015625,0.10785056746830661
0.6796875,0.0234375,0.10537228174329892
0.6875,0.03125,0.10288756307201265
0.6953125,0.0390625,0.10039656314551146
0.703125,0.046875,0.09789943403640985
0.7109375,0.0546875,0.09539632818957207
0.71875,0.0625,0.09288739841279796
0.7265625,0.0703125,0.09037279786750209
0.734375,0.078125,0.0878526800593891
0.7421875,0.0859375,0.08532719882913015
0.75,0.09375,0.08279650834304464
0.7578125,0.1015625,0.08026076308379113
0.765625,0.109375,0.07772011784107118
0.7734375,0.1171875,0.07517472770234898
0.78125,0.125,0.07262474804358605
0.7890625,0.1328125,0.07007033451999205
0.796875,0.140625,0.06751164305678706
0.8046875,0.1484375,0.06494882983997086
0.8125,0.15625,0.062382051307091
0.8203125,0.1640625,0.05981146413800057
0.828125,0.171875,0.05723722524559505
0.8359375,0.1796875,0.054659491766516625
0.84375,0.1875,0.05207842105181632
0.8515625,0.1953125,0.049494170657564514
0.859375,0.203125,0.046906898335402666
0.8671875,0.2109375,0.044316762023033494
0.875,0.21875,0.04172391983464778
0.8828125,0.2265625,0.03912853005129068
0.890625,0.234375,0.03653075111117232
0.8984375,0.2421875,0.03393074159992924
0.90625,0.25,0.03132866024084523
0.9140625,0.2578125,0.028724665885040166
0.921875,0.265625,0.02611891750163536
0.9296875,0.2734375,0.023511574167903608
0.9375,0.28125,0.020902795059411027
0.9453125,0.2890625,0.018292739440156747
0.953125,0.296875,0.015681566652714782
0.9609375,0.3046875,0.013069436108382267
0.96875,0.3125,0.01045650727733601
0.9765625,0.3203125,0.007842939678799423
0.984375,0.328125,0.005228892871220527
0.9921875,0.3359375,0.002614526442461549
1.0,0.34375,0.0
0.6640625,0.0,0.11032225648829772
0.671875,0.0078125,0.10785055518325931
0.6796875,0.015625,0.1053722696415226
0.6875,0.0234375,0.102887551163753
0.6953125,0.03125,0.10039655144143492
0.703125,0.0390625,0.09789942254757478
0.7109375,0.046875,0.09539631692738787
0.71875,0.0546875,0.09288738738897184
0.7265625,0.0625,0.09037278709397069
0.734375,0.0703125,0.08785266954823433
0.7421875,0.078125,0.08532718859247779
0.75,0.0859375,0.0827964983929456
0.7578125,0.09375,0.08026075343208591
0.765625,0.1015625,0.07772010849923883
0.7734375,0.109375,0.07517471868134293
0.78125,0.1171875,0.07262473935366189
0.7890625,0.125,0.07007032617053106
0.796875,0.1328125,0.06751163505612352
0.8046875,0.140625,0.06494882219522942
0.8125,0.1484375,0.06238204402404258
0.8203125,0.15625,0.05981145722094368
0.828125,0.1640625,0.05723721869726963
0.8359375,0.171875,0.05465948558805543
0.84375,0.1796875,0.05207841524273656
0.8515625,0.1875,0.049494165215800245
0.859375,0.1953125,0.046906893257376556
0.8671875,0.203125,0.04431675730376319
0.875,0.2109375,0.041723915467881165
0.8828125,0.21875,0.039128526029662984
0.890625,0.2265625,0.03653074742637691
0.8984375,0.234375,0.03393073824289499
0.90625,0.2421875,0.03132865720191305
0.9140625,0.25,0.028724663154133113
0.921875,0.2578125,0.026118915068417486
0.9296875,0.265625,0.023511572021924436
0.9375,0.2734375,0.020902793190233467
0.9453125,0.28125,0.018292737837467554
0.953125,0.2890625,0.015681565306417736
0.9609375,0.296875,0.013069435008674583
0.96875,0.3046875,0.010456506414769348
0.9765625,0.3125,0.00784293904432686
0.984375,0.3203125,0.005228892456231237
0.9921875,0.328125,0.0026145262388047727
1.0,0.3359375,0.0
0.671875,0.0,0.10785054269314844
0.6796875,0.0078125,0.10537225733043962
0.6875,0.015625,0.10288753904202598
0.6953125,0.0234375,0.1003965395198574
0.703125,0.03125,0.09789941083738429
0.7109375,0.0390625,0.09539630544023314
0.71875,0.046875,0.09288737613686689
0.7265625,0.0546875,0.09037277608923439
0.734375,0.0625,0.08785265880341285
0.7421875,0.0703125,0.08532717812024915
0.75,0.078125,0.08279648820600455
0.7578125,0.0859375,0.08026074354300983
0.765625,0.09375,0.07772009892033445
0.7734375,0.1015625,0.07517470942447668
0.78125,0.109375,0.07262473043007654
0.7890625,0.1171875,0.07007031759065498
0.796875,0.125,0.06751162682937767
0.8046875,0.1328125,0.0649488143298411
0.8125,0.140625,0.06238203652687389
0.8203125,0.1484375,0.05981145009734434
0.828125,0.15625,0.0572372119509615
0.8359375,0.1640625,0.054659479221056365
0.84375,0.171875,0.05207840925532807
0.8515625,0.1796875,0.04949415960654102
0.859375,0.1875,0.04690688802316116
0.8671875,0.1953125,0.044316752439922204
0.875,0.203125,0.041723910968316937
0.8828125,0.2109375,0.039128521887013004
0.890625,0.21875,0.03653074363219631
0.8984375,0.2265625,0.03393073478784913
0.90625,0.234375,0.03132865407597203
0.9140625,0.2421875,0.028724660346760918
0.921875,0.25,0.026118912568749923
0.9296875,0.2578125,0.02351156981893174
0.9375,0.265625,0.02090279127286482
0.9453125,0.2734375,0.01829273619477624
0.953125,0.28125,0.015681563927666658
0.9609375,0.2890625,0.013069433883422956
0.96875,0.296875,0.01045650553294173
0.9765625,0.3046875,0.007842938396266323
0.984375,0.3125,0.00522889203273846
0.9921875,0.3203125,0.0026145260311650543
1.0,0.328125,0.0
0.6796875,0.0,0.1053722448096256
0.6875,0.0078125,0.1028875267060823
0.6953125,0.015625,0.10039652737966791
0.703125,0.0234375,0.09789939890432667
0.7109375,0.03125,0.09539629372615432
0.71875,0.0390625,0.09288736465404626
0.7265625,0.046875,0.09037276485033151
0.734375,0.0546875,0.0878526478213988
0.7421875,0.0625,0.0853271674083183
0.75,0.0703125,0.08279647777746599
0.7578125,0.078125,0.08026073341115637
0.765625,0.0859375,0.07772008909829042
0.7734375,0.09375,0.07517469992502454
0.78125,0.1015625,0.07262472126546596
0.7890625,0.109375,0.0700703087723982
0.796875,0.1171875,0.06751161836803815
0.8046875,0.125,0.06494880623482309
0.8125,0.1328125,0.06238202880622274
0.8203125,0.140625,0.0598114427575675
0.828125,0.1484375,0.05723720499688048
0.8359375,0.15625,0.05465947265569837
0.84375,0.1640625,0.05207840307986447
0.8515625,0.171875,0.04949415382027651
0.859375,0.1796875,0.04690688262357465
0.8671875,0.1875,0.044316747422756445
0.875,0.1953125,0.04172390632771162
0.8828125,0.203125,0.03912851761567262
0.890625,0.2109375,0.03653073972158364
0.8984375,0.21875,0.03393073122839376
0.90625,0.2265625,0.031328650857284195
0.9140625,0.234375,0.028724657457841685
0.921875,0.2421875,0.026118909998190797
0.9296875,0.25,0.02351156755509797
0.9375,0.2578125,0.020902789304059165
0.9453125,0.265625,0.01829273450938096
0.953125,0.2734375,0.015681562514263597
0.9609375,0.28125,0.013069432730892045
0.96875,0.2890625,0.010456504630539508
0.9765625,0.296875,0.00784293773368624
0.984375,0.3046875,0.00522889160015518
0.9921875,0.3125,0.002614525819264948
1.0,0.3203125,0.0
0.6875,0.0,0.10288751415547027
0.6953125,0.0078125,0.10039651502006715
0.703125,0.015625,0.09789938674721406
0.7109375,0.0234375,0.09539628178353177
0.71875,0.03125,0.09288735293841287
0.7265625,0.0390625,0.09037275337464176
0.734375,0.046875,0.0878526365990032
0.7421875,0.0546875,0.08532715645288474
0.75,0.0625,0.08279646710287934
0.7578125,0.0703125,0.08026072303139405
0.765625,0.078125,0.07772007902727353
0.7734375,0.0859375,0.07517469017644426
0.78125,0.09375,0.07262471185258729
0.7890625,0.1015625,0.07007029970784466
0.796875,0.109375,0.0675116096635634
0.8046875,0.1171875,0.06494879790107731
0.8125,0.125,0.062382020852523985
0.8203125,0.1328125,0.05981143519168914
0.828125,0.140625,0.05723719782486677
0.8359375,0.1484375,0.054659465881719244
0.84375,0.15625,0.05207839670611893
0.8515625,0.1640625,0.04949414784695151
0.859375,0.171875,0.04690687704886198
0.8671875,0.1796875,0.044316742242926775
0.875,0.1875,0.04172390153724051
0.8828125,0.1953125,0.0391285132074105
0.890625,0.203125,0.03653073568695878
0.8984375,0.2109375,0.0339307275576369
0.90625,0.21875,0.031328647539663086
0.9140625,0.2265625,0.028724654481894558
0.921875,0.234375,0.02611890735195034
0.9296875,0.2421875,0.023511565226298395
0.9375,0.25,0.020902787280322004
0.9453125,0.2578125,0.0182927327783769
0.953125,0.265625,0.01568156106384931
0.9609375,0.2734375,0.013069431549222693
0.96875,0.28125,0.010456503706158237
0.9765625,0.2890625,0.007842937055592924
0.984375,0.296875,0.005228891157856752
0.9921875,0.3046875,0.002614525602809982
1.0,0.3125,0.0
0.6953125,0.0,0.10039650244057315
0.703125,0.0078125,0.09789937436519154
0.7109375,0.015625,0.09539626961109203
0.71875,0.0234375,0.0928873409882267
0.7265625,0.03125,0.09037274165990808
0.734375,0.0390625,0.08785262513340097
0.7421875,0.046875,0.08532714525050553
0.75,0.0546875,0.08279645617813697
0.7578125,0.0625,0.08026071239890975
0.765625,0.0703125,0.07772006870173324
0.7734375,0.078125,0.07517468017242827
0.78125,0.0859375,0.07262470218437239
0.7890625,0.09375,0.0700702903891812
0.796875,0.1015625,0.06751160070743249
0.8046875,0.109375,0.06494878931943596
0.8125,0.1171875,0.062382012656047627
0.8203125,0.125,0.059811427389524344
0.828125,0.1328125,0.05723719042440722
0.8359375,0.140625,0.054659458888418916
0.84375,0.1484375,0.05207839012335452
0.8515625,0.15625,0.04949414167594381
0.859375,0.1640625,0.046906871288661875
0.8671875,0.171875,0.04431673689046703
0.875,0.1796875,0.04172389658744953
0.8828125,0.1875,0.03912850865338016
0.890625,0.1953125,0.03653073152015506
0.8984375,0.203125,0.03393072376814017
0.90625,0.2109375,0.03132864411642425
0.9140625,0.21875,0.028724651412994403
0.921875,0.2265625,0.026118904624850565
0.9296875,0.234375,0.023511562828076073
0.9375,0.2421875,0.020902785197880906
0.9453125,0.25,0.018292730998632194
0.953125,0.2578125,0.015681559573884268
0.9609375,0.265625,0.013069430336417404
0.96875,0.2734375,0.010456502758292168
0.9765625,0.28125,0.00784293636092345
0.984375,0.2890625,0.005228890705176653
0.9921875,0.296875,0.0026145253814867505
1.0,0.3046875,0.0
0.703125,0.0,0.09789936175774347
0.7109375,0.0078125,0.09539625720791811
0.71875,0.015625,0.09288732880211872
0.7265625,0.0234375,0.09037272970425562
0.734375,0.03125,0.08785261342215567
0.7421875,0.0390625,0.085327133798126
0.75,0.046875,0.08279644499951128
0.7578125,0.0546875,0.08026070150925192
0.765625,0.0625,0.07772005811645068
0.7734375,0.0703125,0.07517466990695805
0.78125,0.078125,0.07262469225398553
0.7890625,0.0859375,0.07007028080875653
0.796875,0.09375,0.06751159149120319
0.8046875,0.1015625,0.06494878048071566
0.8125,0.109375,0.06238200420694599
0.8203125,0.1171875,0.05981141934066457
0.828125,0.125,0.057237182784660286
0.8359375,0.1328125,0.054659451664670615
0.84375,0.140625,0.052078383320320505
0.8515625,0.1484375,0.04949413529604603
0.859375,0.15625,0.04690686533197543
0.8671875,0.1640625,0.044316731354741755
0.875,0.171875,0.041723891468204384
0.8828125,0.1796875,0.03912850394406383
0.890625,0.1875,0.03653072721236081
0.8984375,0.1953125,0.033930719851860525
0.90625,0.203125,0.03132864058032964
0.9140625,0.2109375,0.028724648244720326
0.921875,0.21875,0.026118901811279294
0.9296875,0.2265625,0.0235115603556021
0.9375,0.234375,0.020902783052651894
0.9453125,0.2421875,0.01829272916676054
0.953125,0.25,0.015681558041626895
0.9609375,0.2578125,0.013069429090323818
0.96875,0.265625,0.010456501785322224
0.9765625,0.2734375,0.00784293564853757
0.984375,0.28125,0.005228890241401641
0.9921875,0.2890625,0.0026145251549607594
1.0,0.296875,0.0
0.7109375,0.0,0.09539624457345681
0.71875,0.0078125,0.09288731637910261
0.7265625,0.015625,0.09037271750620851
0.734375,0.0234375,0.08785260146324159
0.7421875,0.03125,0.0853271220931085
0.75,0.0390625,0.08279643356368999
0.7578125,0.046875,0.08026069035837329
0.765625,0.0546875,0.07772004726658831
0.7734375,0.0625,0.0751746593743598
0.78125,0.0703125,0.07262468205488457
0.7890625,0.078125,0.0700702709591461
0.796875,0.0859375,0.06751158200657724
0.8046875,0.09375,0.06494877137578034
0.8125,0.1015625,0.062381995495310844
0.8203125,0.109375,0.05981141103452567
0.828125,0.1171875,0.05723717489449169
0.8359375,0.125,0.05465944419894142
0.84375,0.1328125,0.05207837628525655
0.8515625,0.140625,0.049494128695453186
0.859375,0.1484375,0.04690685916713802
0.8671875,0.15625,0.04431672562440424
0.875,0.1640625,0.041723886168637966
0.8828125,0.171875,0.0391284990692124
0.890625,0.1796875,0.03653072275405529
0.8984375,0.1875,0.03393071580008566
0.90625,0.1953125,0.031328636923525076
0.9140625,0.203125,0.028724644970097628
0.921875,0.2109375,0.02611889890513784
0.9296875,0.21875,0.023511557803629943
0.9375,0.2265625,0.020902780840200988
0.9453125,0.234375,0.01829272727908964
0.953125,0.2421875,0.015681556464108695
0.9609375,0.25,0.013069427808615747
0.96875,0.2578125,0.010456500785502311
0.9765625,0.265625,0.007842934917208446
0.984375,0.2734375,0.005228889765766265
0.9921875,0.28125,0.0026145249228739877
1.0,0.2890625,0.0
0.71875,0.0,0.09288730371858311
0.7265625,0.0078125,0.09037270506470255
0.734375,0.015625,0.08785258925506266
0.7421875,0.0234375,0.08532711013325765
0.75,0.03125,0.08279642186780896
0.7578125,0.0390625,0.08026067894267129
0.765625,0.046875,0.0777200361477387
0.7734375,0.0546875,0.07517464856936151
0.78125,0.0625,0.07262467158088456
0.7890625,0.0703125,0.07007026083322078
0.796875,0.078125,0.06751157224547241
0.8046875,0.0859375,0.06494876199561324
0.8125,0.09375,0.06238198651124113
0.8203125,0.1015625,0.059811402460407455
0.828125,0.109375,0.05723716674252183
0.8359375,0.1171875,0.05465943647932436
0.84375,0.125,0.05207836900590699
0.8515625,0.1328125,0.04949412186175797
0.859375,0.140625,0.046906852781795884
0.8671875,0.1484375,0.044316719687356586
0.875,0.15625,0.04172388067709652
0.8828125,0.1640625,0.039128494017781554
0.890625,0.171875,0.03653071813493897
0.8984375,0.1796875,0.033930711603362224
0.90625,0.1875,0.03132863313746993
0.9140625,0.1953125,0.02872464158153171
0.921875,0.203125,0.026118895899781287
0.9296875,0.2109375,0.023511555166443234
0.9375,0.21875,0.02090277855569991
0.9453125,0.2265625,0.01829272533162497
0.953125,0.234375,0.01568155483810554
0.9609375,0.2421875,0.013069426488771359
0.96875,0.25,0.01045649975694355
0.9765625,0.2578125,0.007842934165612098
0.984375,0.265625,0.005228889277446586
0.9921875,0.2734375,0.0026145246848421123
1.0,0.28125,0.0
0.7265625,0.0,0.09037269237909555
0.734375,0.0078125,0.08785257679646757
0.7421875,0.015625,0.08532709791684223
0.75,0.0234375,0.08279640990948155
0.7578125,0.03125,0.08026066725902613
0.765625,0.0390625,0.07772002475597148
0.7734375,0.046875,0.07517463748714885
0.78125,0.0546875,0.07262466082622294
0.7890625,0.0625,0.07007025042421977
0.796875,0.0703125,0.06751156220010052
0.8046875,0.078125,0.06494875233139691
0.8125,0.0859375,0.06238197724492171
0.8203125,0.09375,0.05981139360756597
0.828125,0.1015625,0.05723715831718694
0.8359375,0.109375,0.054659428493583954
0.84375,0.1171875,0.05207836146954727
0.8515625,0.125,0.04949411478195609
0.859375,0.1328125,0.04690684616289007
0.8671875,0.140625,0.044316713530713224
0.875,0.1484375,0.04172387498108598
0.8828125,0.15625,0.0391284887778649
0.890625,0.1640625,0.036530713343858
0.8984375,0.171875,0.03393070725141642
0.90625,0.1796875,0.031328629212858186
0.9140625,0.1875,0.02872463807073308
0.921875,0.1953125,0.026118892787950047
0.9296875,0.203125,0.02351155243779562
0.9375,0.2109375,0.020902776193875094
0.9453125,0.21875,0.018292723320007875
0.953125,0.2265625,0.01568155316010452
0.9609375,0.234375,0.013069425128048042
0.96875,0.2421875,0.010456498697596127
0.9765625,0.25,0.007842933392315224
0.984375,0.2578125,0.005228888775552984
0.9921875,0.265625,0.0026145244404513312
1.0,0.2734375,0.0
0.734375,0.0,0.087852564086761
0.7421875,0.0078125,0.08532708544261258
0.75,0.015625,0.08279639768682376
0.7578125,0.0234375,0.08026065530483471
0.765625,0.03125,0.07772001308787715
0.7734375,0.0390625,0.07517462612341987
0.78125,0.046875,0.0726246497856245
0.7890625,0.0546875,0.07007023972582535
0.796875,0.0625,0.06751155186305044
0.8046875,0.0703125,0.06494874237460169
0.8125,0.078125,0.062381967686712496
0.8203125,0.0859375,0.05981138446529892
0.828125,0.09375,0.05723714960681528
0.8359375,0.1015625,0.05465942022921749
0.84375,0.109375,0.052078353663025594
0.8515625,0.1171875,0.04949410744246474
0.859375,0.125,0.046906839296650085
0.8671875,0.1328125,0.04431670714077059
0.875,0.140625,0.041723869067220094
0.8828125,0.1484375,0.03912848333662484
0.890625,0.15625,0.03653070836872308
0.8984375,0.1640625,0.03393070273306657
0.90625,0.171875,0.03132862513952984
0.9140625,0.1796875,0.028724634428632188
0.921875,0.1875,0.026118889561691495
0.9296875,0.1953125,0.023511549610841412
0.9375,0.203125,0.0209027737489485
0.9453125,0.2109375,0.018292721239467014
0.953125,0.21875,0.015681551426265455
0.9609375,0.2265625,0.013069423723453178
0.96875,0.234375,0.010456497605228278
0.9765625,0.2421875,0.007842932595761161
0.984375,0.25,0.005228888259121871
0.9921875,0.2578125,0.0026145241892547213
1.0,0.265625,0.0
0.7421875,0.0,0.0853270727098136
0.75,0.0078125,0.08279638519847479
0.7578125,0.015625,0.08026064307804016
0.765625,0.0234375,0.07772000114060712
0.7734375,0.03125,0.07517461447443605
0.78125,0.0390625,0.07262463845436469
0.7890625,0.046875,0.07007022873223828
0.796875,0.0546875,0.06751154122737425
0.8046875,0.0625,0.06494873211708017
0.8125,0.0703125,0.062381957827247904
0.8203125,0.078125,0.05981137502304465
0.828125,0.0859375,0.057237140599719245
0.8359375,0.09375,0.05465941167353389
0.84375,0.1015625,0.052078345572822114
0.8515625,0.109375,0.04949409982915719
0.859375,0.1171875,0.04690683216860095
0.8671875,0.125,0.04431670050298585
0.875,0.1328125,0.04172386292117283
0.8828125,0.140625,0.039128477680222803
0.890625,0.1484375,0.03653070319642358
0.8984375,0.15625,0.03393069803612728
0.90625,0.1640625,0.03132862090637187
0.9140625,0.171875,0.02872463064528264
0.921875,0.1796875,0.02611888621226992
0.9296875,0.1875,0.023511546678055335
0.9375,0.1953125,0.02090277121456893
0.9453125,0.203125,0.018292719084761693
0.953125,0.2109375,0.01568154963237612
0.9609375,0.21875,0.01306942227171015
0.96875,0.2265625,0.010456496477401867
0.9765625,0.234375,0.007842931774253587
0.984375,0.2421875,0.005228887727106119
0.9921875,0.25,0.0026145239307680482
1.0,0.2578125,0.0
0.75,0.0,0.08279637244361196
0.7578125,0.0078125,0.08026063057715553
0.765625,0.015625,0.07771998891190779
0.7734375,0.0234375,0.07517460253706895
0.78125,0.03125,0.07262462682832956
0.7890625,0.0390625,0.07007021743825184
0.796875,0.046875,0.06751153028667509
0.8046875,0.0546875,0.06494872155116706
0.8125,0.0625,0.06238194765754515
0.8203125,0.0703125,0.059811365270494035
0.828125,0.078125,0.057237131284304334
0.8359375,0.0859375,0.0546594028137521
0.84375,0.09375,0.052078337185128956
0.8515625,0.1015625,0.04949409192741748
0.859375,0.109375,0.04690682476358738
0.8671875,0.1171875,0.04431669360196851
0.875,0.125,0.0417238565276383
0.8828125,0.1328125,0.039128471793751354
0.890625,0.140625,0.036530697812737566
0.8984375,0.1484375,0.03393069314730543
0.90625,0.15625,0.031328616501207586
0.9140625,0.1640625,0.028724626709751233
0.921875,0.171875,0.026118882730062985
0.9296875,0.1796875,0.02351154363113958
0.9375,0.1875,0.020902768583731978
0.9453125,0.1953125,0.018292716850115708
0.953125,0.203125,0.015681547773799685
0.9609375,0.2109375,0.013069420769218583
0.96875,0.21875,0.010456495311443832
0.9765625,0.2265625,0.007842930925937535
0.984375,0.234375,0.00522888717836394
0.9921875,0.2421875,0.0026145236644649116
1.0,0.25,0.0
0.7578125,0.0,0.08026061780128141
0.765625,0.0078125,0.07771997640014862
0.7734375,0.015625,0.07517459030884044
0.78125,0.0234375,0.07262461490407073
0.7890625,0.03125,0.07007020583932227
0.796875,0.0390625,0.06751151903519385
0.8046875,0.046875,0.06494871066978145
0.8125,0.0546875,0.06238193716911971
0.8203125,0.0625,0.0598113551977142
0.828125,0.0703125,0.05723712164919474
0.8359375,0.078125,0.054659393637119885
0.84375,0.0859375,0.05207832848595328
0.8515625,0.09375,0.04949408372221856
0.859375,0.1015625,0.04690681706581981
0.8671875,0.109375,0.044316686421489615
0.875,0.1171875,0.041723849870302164
0.8828125,0.125,0.039128465661170855
0.890625,0.1328125,0.03653069220224023
0.8984375,0.140625,0.033930688052088334
0.90625,0.1484375,0.03132861191067403
0.9140625,0.15625,0.028724622609993394
0.921875,0.1640625,0.026118879104442636
0.9296875,0.171875,0.0235115404609156
0.9375,0.1796875,0.020902765848686337
0.9453125,0.1875,0.018292714529139626
0.953125,0.1953125,0.015681545845413005
0.9609375,0.203125,0.013069419212007535
0.96875,0.2109375,0.010456494104412645
0.9765625,0.21875,0.00784293004877715
0.984375,0.2265625,0.005228886611645883
0.9921875,0.234375,0.0026145233897711
1.0,0.2421875,0.0
0.765625,0.0,0.07771996360434275
0.7734375,0.0078125,0.07517457778795586
0.78125,0.015625,0.07262460267885275
0.7890625,0.0234375,0.07007019393163355
0.796875,0.03125,0.0675115074678925
0.8046875,0.0390625,0.06494869946652895
0.8125,0.046875,0.06238192635410489
0.8203125,0.0546875,0.0598113447952821
0.828125,0.0625,0.0572371116833744
0.8359375,0.0703125,0.05465938413105421
0.84375,0.078125,0.05207831946124585
0.8515625,0.0859375,0.049494075198228175
0.859375,0.09375,0.04690680905894725
0.8671875,0.1015625,0.044316678944514167
0.875,0.109375,0.0417238429318304
0.8828125,0.1171875,0.03912845926525562
0.890625,0.125,0.036530686348213125
0.8984375,0.1328125,0.03393068273462542
0.90625,0.140625,0.03132860712008692
0.9140625,0.1484375,0.028724618332712205
0.921875,0.15625,0.026118875323638
0.9296875,0.1640625,0.023511537157198226
0.9375,0.171875,0.020902763000823766
0.9453125,0.1796875,0.0182927121147391
0.953125,0.1875,0.01568154384153367
0.9609375,0.1953125,0.013069417595680184
0.96875,0.203125,0.010456492853058776
0.9765625,0.2109375,0.007842929140529526
0.984375,0.21875,0.005228886025579621
0.9921875,0.2265625,0.002614523106058001
1.0,0.234375,0.0
0.7734375,0.0,0.07517456497332833
0.78125,0.0078125,0.07262459015069252
0.7890625,0.015625,0.0700701817121541
0.796875,0.0234375,0.06751149558053096
0.8046875,0.03125,0.06494868793580051
0.8125,0.0390625,0.06238191520537258
0.8203125,0.046875,0.05981133405442497
0.828125,0.0546875,0.05723710137634205
0.8359375,0.0625,0.05465937428330177
0.84375,0.0703125,0.0520783100970564
0.8515625,0.078125,0.049494066339945596
0.859375,0.0859375,0.046906800726162184
0.8671875,0.09375,0.0443166711532632
0.875,0.1015625,0.04172383569388149
0.8828125,0.109375,0.03912845258755516
0.890625,0.1171875,0.036530680232558926
0.8984375,0.125,0.03393067717760573
0.90625,0.1328125,0.03132860211329339
0.9140625,0.140625,0.0287246138631999
0.921875,0.1484375,0.026118871374577645
0.9296875,0.15625,0.02351153370864866
0.9375,0.1640625,0.020902760030549555
0.9453125,0.171875,0.018292709599006283
0.953125,0.1796875,0.015681541755833337
0.9609375,0.1875,0.013069415915348166
0.96875,0.1953125,0.010456491553777742
0.9765625,0.203125,0.007842928198713702
0.984375,0.2109375,0.005228885418651978
0.9921875,0.21875,0.0026145228126348567
1.0,0.2265625,0.0
0.78125,0.0,0.07262457731838813
0.7890625,0.0078125,0.07007016917868333
0.796875,0.015625,0.06751148336973489
0.8046875,0.0234375,0.06494867607286457
0.8125,0.03125,0.0623819037166512
0.8203125,0.0390625,0.059811322967163606
0.828125,0.046875,0.05723709071827612
0.8359375,0.0546875,0.0546593640821186
0.84375,0.0625,0.05207830037971575
0.8515625,0.0703125,0.04949405713187187
0.859375,0.078125,0.04690679205034293
0.8671875,0.0859375,0.04431666302931278
0.875,0.09375,0.04172382813715071
0.8828125,0.1015625,0.039128445608378436
0.890625,0.109375,0.03653067383572764
0.8984375,0.1171875,0.03393067136213516
0.90625,0.125,0.03132859687251389
0.9140625,0.1328125,0.028724609185160437
0.921875,0.140625,0.026118867242708576
0.9296875,0.1484375,0.023511530102602818
0.9375,0.15625,0.020902756927129413
0.9453125,0.1640625,0.018292706973090628
0.953125,0.171875,0.015681539581234243
0.9609375,0.1796875,0.013069414165553003
0.96875,0.1875,0.010456490202554037
0.9765625,0.1953125,0.007842927220573781
0.984375,0.203125,0.005228884789187608
0.9921875,0.2109375,0.002614522508739628
1.0,0.21875,0.0
0.7890625,0.0,0.0700701563298866
0.796875,0.0078125,0.06751147083305185
0.8046875,0.015625,0.06494866387394826
0.8125,0.0234375,0.06238189188263622
0.8203125,0.03125,0.05981131152645353
0.828125,0.0390625,0.05723707970020539
0.8359375,0.046875,0.05465935351646423
0.84375,0.0546875,0.05207829029604352
0.8515625,0.0625,0.04949404755871531
0.859375,0.0703125,0.04690678301423758
0.8671875,0.078125,0.04431665455373711
0.875,0.0859375,0.041723820241455524
0.8828125,0.09375,0.0391284383068107
0.890625,0.1015625,0.03653066713666299
0.8984375,0.109375,0.033930665267619065
0.90625,0.1171875,0.03132859137817585
0.9140625,0.125,0.028724604280513034
0.921875,0.1328125,0.026118862911789092
0.9296875,0.140625,0.023511526324870552
0.9375,0.1484375,0.02090275367850801
0.9453125,0.15625,0.018292704227044456
0.953125,0.1640625,0.01568153730978497
0.9609375,0.171875,0.01306941234017169
0.96875,0.1796875,0.010456488794893805
0.9765625,0.1875,0.007842926203034702
0.984375,0.1953125,0.005228884135323576
0.9921875,0.203125,0.002614522193528127
1.0,0.2109375,0.0
0.796875,0.0,0.06751145796899297
0.8046875,0.0078125,0.06494865133630545
0.8125,0.015625,0.062381879699088955
0.8203125,0.0234375,0.05981129972631907
0.828125,0.03125,0.05723706831417931
0.8359375,0.0390625,0.054659342576205826
0.84375,0.046875,0.05207827983357715
0.8515625,0.0546875,0.04949403760563072
0.859375,0.0625,0.04690677360069328
0.8671875,0.0703125,0.04431664570730337
0.875,0.078125,0.04172381198587256
0.8828125,0.0859375,0.039128430660775045
0.890625,0.09375,0.03653066011277999
0.8984375,0.1015625,0.03393065887165954
0.90625,0.109375,0.0313285856087442
0.9140625,0.1171875,0.028724599129177356
0.921875,0.125,0.026118858363652946
0.9296875,0.1328125,0.02351152235950124
0.9375,0.140625,0.02090275027109341
0.9453125,0.1484375,0.01829270134963751
0.953125,0.15625,0.015681534932510444
0.9609375,0.1640625,0.013069410432302414
0.96875,0.171875,0.010456487325743417
0.9765625,0.1796875,0.007842925142648945
0.984375,0.1875,0.005228883454978788
0.9921875,0.1953125,0.0026145218660610496
1.0,0.203125,0.0
0.8046875,0.0,0.06494863845826736
0.8125,0.0078125,0.06238186716291893
0.8203125,0.015625,0.059811287561973396
0.828125,0.0234375,0.05723705655343086
0.8359375,0.03125,0.054659331252324216
0.84375,0.0390625,0.05207826898081649
0.8515625,0.046875,0.049494027258489705
0.859375,0.0546875,0.04690676379293095
0.8671875,0.0625,0.04431663647072375
0.875,0.0703125,0.04172380334893706
0.8828125,0.078125,0.0391284226471524
0.890625,0.0859375,0.036530652739988685
0.8984375,0.09375,0.033930652149979174
0.90625,0.1015625,0.031328579540556865
0.9140625,0.109375,0.028724593708843733
0.921875,0.1171875,0.026118853577943225
0.9296875,0.125,0.02351151818851047
0.9375,0.1328125,0.020902746689500436
0.9453125,0.140625,0.018292698328133464
0.953125,0.1484375,0.015681532439229744
0.9609375,0.15625,0.01306940843412545
0.96875,0.1640625,0.010456485789390296
0.9765625,0.171875,0.00784292403553174
0.984375,0.1796875,0.005228882745817038
0.9921875,0.1875,0.0026145215252883556
1.0,0.1953125,0.0
0.8125,0.0,0.062381854272246004
0.8203125,0.0078125,0.05981127502991991
0.828125,0.015625,0.05723704441252438
0.8359375,0.0234375,0.05465931953711373
0.84375,0.03125,0.05207825772747475
0.8515625,0.0390625,0.04949401650417448
0.859375,0.046875,0.04690675357486324
0.8671875,0.0546875,0.04431662682496831
0.875,0.0625,0.041723794308914555
0.8828125,0.0703125,0.03912841424197559
0.890625,0.078125,0.03653064499278159
0.8984375,0.0859375,0.03393064507638873
0.90625,0.09375,0.03132857314767782
0.9140625,0.1015625,0.028724587994734326
0.921875,0.109375,0.026118848531815737
0.9296875,0.1171875,0.02351151379156255
0.9375,0.125,0.020902742916244985
0.9453125,0.1328125,0.01829269514801927
0.953125,0.140625,0.01568152981833355
0.9609375,0.1484375,0.013069406336732382
0.96875,0.15625,0.010456484179341224
0.9765625,0.1640625,0.007842922877281758
0.984375,0.171875,0.0052288820052019454
0.9921875,0.1796875,0.00261452117003035
1.0,0.1875,0.0
0.8203125,0.0,0.05981126212802856
0.828125,0.0078125,0.05723703188748069
0.8359375,0.015625,0.05465930742436504
0.84375,0.0234375,0.052078246064725
0.8515625,0.03125,0.049494005330884945
0.859375,0.0390625,0.04690674293144841
0.8671875,0.046875,0.04431661675163795
0.875,0.0546875,0.04172378484415261
0.8828125,0.0625,0.039128405420713226
0.890625,0.0703125,0.0365306368444068
0.8984375,0.078125,0.03393063762282095
0.90625,0.0859375,0.031328566401786336
0.9140625,0.09375,0.028724581959366766
0.921875,0.1015625,0.026118843199614744
0.9296875,0.109375,0.023511509145604428
0.9375,0.1171875,0.020902738931379866
0.9453125,0.125,0.018292691792676362
0.953125,0.1328125,0.015681527056510623
0.9609375,0.140625,0.013069404129915136
0.96875,0.1484375,0.010456482488171808
0.9765625,0.15625,0.007842921662883254
0.984375,0.1640625,0.005228881230141597
0.9921875,0.171875,0.00261452079895457
1.0,0.1796875,0.0
0.828125,0.0,0.057237018975872314
0.8359375,0.0078125,0.05465929490952144
0.84375,0.015625,0.05207823398542847
0.8515625,0.0234375,0.049493993728444916
0.859375,0.03125,0.04690673184906774
0.8671875,0.0390625,0.04431660623339043
0.875,0.046875,0.04172377493351514
0.8828125,0.0546875,0.0391283961586572
0.890625,0.0625,0.036530628267149846
0.8984375,0.0703125,0.03393062975945893
0.90625,0.078125,0.03132855927212879
0.9140625,0.0859375,0.028724575572338786
0.921875,0.09375,0.02611883755252866
0.9296875,0.1015625,0.02351150422444832
0.9375,0.109375,0.020902734712062058
0.9453125,0.1171875,0.018292688242979995
0.953125,0.125,0.01568152413840957
0.9609375,0.1328125,0.0130694018019033
0.96875,0.140625,0.0104564807073386
0.9765625,0.1484375,0.00784292038658415
0.984375,0.15625,0.005228880417219924
0.9921875,0.1640625,0.002614520410547327
1.0,0.171875,0.0
0.8359375,0.0,0.054659281989798504
0.84375,0.0078125,0.05207822148433157
0.8515625,0.015625,0.049493981688589796
0.859375,0.0234375,0.046906720315908555
0.8671875,0.03125,0.0443165952544061
0.875,0.0390625,0.041723764556895
0.8828125,0.046875,0.03912838643142327
0.890625,0.0546875,0.036530619232748
0.8984375,0.0625,0.03393062145499238
0.90625,0.0703125,0.03132855172556862
0.9140625,0.078125,0.028724568800162296
0.921875,0.0859375,0.026118831558241348
0.9296875,0.09375,0.02351149899830392
0.9375,0.1015625,0.020902730232041027
0.9453125,0.109375,0.018292684476810216
0.953125,0.1171875,0.015681521046218345
0.9609375,0.125,0.013069399339034166
0.96875,0.1328125,0.01045647882694257
0.9765625,0.140625,0.007842919041742728
0.984375,0.1484375,0.005228879562510811
0.9921875,0.15625,0.0026145200030783296
1.0,0.1640625,0.0
0.84375,0.0,0.052078208558217785
0.8515625,0.0078125,0.04949396920521739
0.859375,0.015625,0.04690670832233017
0.8671875,0.0234375,0.04431658380087069
0.875,0.03125,0.041723753695789866
0.8828125,0.0390625,0.03912837621556458
0.890625,0.046875,0.03653060971295674
0.8984375,0.0546875,0.03393061267703937
0.90625,0.0625,0.03132854372678017
0.9140625,0.0703125,0.02872456160618922
0.921875,0.078125,0.026118825180606466
0.9296875,0.0859375,0.02351149343326879
0.9375,0.09375,0.020902725461059247
0.9453125,0.1015625,0.018292680468454843
0.953125,0.109375,0.015681517759138393
0.9609375,0.1171875,0.013069396725335209
0.96875,0.125,0.010456476835428156
0.9765625,0.1328125,0.007842917620632852
0.984375,0.140625,0.00522887866146947
0.9921875,0.1484375,0.002614519574556285
1.0,0.15625,0.0
0.8515625,0.0,0.04949395627458326
0.859375,0.0078125,0.04690669586118695
0.8671875,0.015625,0.04431657186144498
0.875,0.0234375,0.04172374233391482
0.8828125,0.03125,0.03912836548928491
0.890625,0.0390625,0.0365305996802777
0.8984375,0.046875,0.033930603392768766
0.90625,0.0546875,0.031328535238641604
0.9140625,0.0625,0.028724553950687768
0.921875,0.0703125,0.0261188183793904
0.9296875,0.078125,0.023511487490797626
0.9375,0.0859375,0.02090272036416067
0.9453125,0.09375,0.018292676187882505
0.953125,0.1015625,0.01568151425272443
0.9609375,0.109375,0.013069393941990854
0.96875,0.1171875,0.010456474719196517
0.9765625,0.125,0.007842916114193594
0.984375,0.1328125,0.005228877708793512
0.9921875,0.140625,0.002614519122672544
1.0,0.1484375,0.0
0.859375,0.0,0.04690668292808249
0.8671875,0.0078125,0.04431655942768614
0.875,0.015625,0.04172373045781155
0.8828125,0.0234375,0.0391283542332203
0.890625,0.03125,0.036530589108840494
0.8984375,0.0390625,0.03393059356975055
0.90625,0.046875,0.03132852622288691
0.9140625,0.0546875,0.028724545791146503
0.921875,0.0625,0.026118811110153583
0.9296875,0.0703125,0.023511481127192382
0.9375,0.078125,0.020902714900913284
0.9453125,0.0859375,0.018292671599863107
0.953125,0.09375,0.015681510498052588
0.9609375,0.1015625,0.01306939096665601
0.96875,0.109375,0.010456472462102696
0.9765625,0.1171875,0.007842914511703413
0.984375,0.125,0.005228876698243002
0.9921875,0.1328125,0.0026145186447287454
1.0,0.140625,0.0
0.8671875,0.0,0.04431654649438328
0.875,0.0078125,0.041723718057405046
0.8828125,0.015625,0.03912834243123754
0.890625,0.0234375,0.03653057797540482
0.8984375,0.03125,0.033930583177039675
0.90625,0.0390625,0.03132851664107256
0.9140625,0.046875,0.02872453708290014
0.921875,0.0546875,0.026118803324371706
0.9296875,0.0625,0.023511474293187194
0.9375,0.0703125,0.020902709024572336
0.9453125,0.078125,0.01829266666291713
0.953125,0.0859375,0.015681506460671565
0.9609375,0.09375,0.01306938777256493
0.96875,0.1015625,0.01045647004479426
0.9765625,0.109375,0.007842912800350387
0.984375,0.1171875,0.005228875622404142
0.9921875,0.125,0.0026145181375426428
1.0,0.1328125,0.0
0.875,0.0,0.04172370512645349
0.8828125,0.0078125,0.039128330071180106
0.890625,0.015625,0.03653056626041752
0.8984375,0.0234375,0.033930572186463864
0.90625,0.03125,0.031328506455892954
0.9140625,0.0390625,0.028724527780178498
0.921875,0.046875,0.026118794969934
0.9296875,0.0546875,0.023511466933749513
0.9375,0.0625,0.020902702681247578
0.9453125,0.0703125,0.018292661328088756
0.953125,0.078125,0.015681502099283706
0.9609375,0.0859375,0.013069384327366151
0.96875,0.09375,0.010456467443830293
0.9765625,0.1015625,0.007842910964656865
0.984375,0.109375,0.005228874472374162
0.9921875,0.1171875,0.0026145175973237484
1.0,0.125,0.0
0.8828125,0.0,0.03912831714548208
0.890625,0.0078125,0.036530553949027524
0.8984375,0.015625,0.03393056057403619
0.90625,0.0234375,0.03132849563283284
0.9140625,0.03125,0.028724517837665386
0.921875,0.0390625,0.0261187859921875
0.9296875,0.046875,0.023511458988282028
0.9375,0.0546875,0.02090269580919949
0.9453125,0.0625,0.01829265553757032
0.953125,0.0703125,0.01568149736410068
0.9609375,0.078125,0.013069380591590695
0.96875,0.0859375,0.010456464630492953
0.9765625,0.09375,0.0078429089856967
0.984375,0.1015625,0.005228873237333913
0.9921875,0.109375,0.0026145170195063985
1.0,0.1171875,0.0
0.890625,0.0,0.0365305410319396
0.8984375,0.0078125,0.03393054832135823
0.90625,0.015625,0.03132848414207008
0.9140625,0.0234375,0.02872450721260179
0.921875,0.03125,0.02611877633570505
0.9296875,0.0390625,0.02351145039148428
0.9375,0.046875,0.02090268833848641
0.9453125,0.0546875,0.01829264922327201
0.953125,0.0625,0.015681492194831188
0.9609375,0.0703125,0.013069376516632973
0.96875,0.078125,0.010456461569163408
0.9765625,0.0859375,0.007842906840011418
0.984375,0.09375,0.00522887190395702
0.9921875,0.1015625,0.0026145163985214705
1.0,0.109375,0.0
0.8984375,0.0,0.03393053541683296
0.90625,0.0078125,0.03132847196044691
0.9140625,0.015625,0.028724495867361026
0.921875,0.0234375,0.026118765946911208
0.9296875,0.03125,0.023511441075195587
0.9375,0.0390625,0.020902680191321334
0.9453125,0.046875,0.018292642305555176
0.953125,0.0546875,0.015681486518305948
0.9609375,0.0625,0.013069372042096806
0.96875,0.0703125,0.010456458215075778
0.9765625,0.078125,0.007842904498080632
0.984375,0.0859375,0.00522887045557541
0.9921875,0.09375,0.002614515727477645
1.0,0.1015625,0.0
0.90625,0.0,0.031328459073234644
0.9140625,0.0078125,0.028724483772262648
0.921875,0.015625,0.026118754777563254
0.9296875,0.0234375,0.02351143097154632
0.9375,0.03125,0.020902671283662928
0.9453125,0.0390625,0.01829263469255994
0.953125,0.046875,0.015681480245866485
0.9609375,0.0546875,0.013069367092349038
0.96875,0.0625,0.01045645451117903
0.9765625,0.0703125,0.007842901922118945
0.984375,0.078125,0.005228868870972013
0.9921875,0.0859375,0.002614514997705579
1.0,0.09375,0.0
0.9140625,0.0,0.028724470908207338
0.921875,0.0078125,0.02611874278882493
0.9296875,0.015625,0.023511420017606973
0.9375,0.0234375,0.02090266152870237
0.9453125,0.03125,0.01829262628088267
0.953125,0.0390625,0.015681473270908144
0.9609375,0.046875,0.013069361572173697
0.96875,0.0546875,0.010456450383726534
0.9765625,0.0625,0.007842899062834427
0.984375,0.0703125,0.005228867122585777
0.9921875,0.078125,0.002614514198087832
1.0,0.0859375,0.0
0.921875,0.0,0.026118729955311983
0.9296875,0.0078125,0.02351140816134225
0.9375,0.015625,0.020902650842873214
0.9453125,0.0234375,0.018292616958770633
0.953125,0.03125,0.015681465467476525
0.9609375,0.0390625,0.013069355361631342
0.96875,0.046875,0.010456445736091276
0.9765625,0.0546875,0.007842895854556223
0.984375,0.0625,0.005228865173759296
0.9921875,0.0703125,0.002614513314041764
1.0,0.078125,0.0
0.9296875,0.0,0.023511395368004284
0.9375,0.0078125,0.020902639154551032
0.9453125,0.015625,0.018292606613325855
0.953125,0.0234375,0.01568145669167791
0.9609375,0.03125,0.013069348310813942
0.96875,0.0390625,0.010456440440251298
0.9765625,0.046875,0.00784289220776669
0.984375,0.0546875,0.0052288629743693265
0.9921875,0.0625,0.0026145123259162387
1.0,0.0703125,0.0
0.9375,0.0,0.020902626414435563
0.9453125,0.0078125,0.01829259514295707
0.953125,0.015625,0.015681446788837653
0.9609375,0.0234375,0.013069340236537058
0.96875,0.03125,0.0104564343256618
0.9765625,0.0390625,0.007842887997496936
0.984375,0.046875,0.00522886045361752
0.9921875,0.0546875,0.0026145112063479946
1.0,0.0625,0.0
0.9453125,0.0,0.018292582474582205
0.953125,0.0078125,0.01568143561020139
0.9609375,0.015625,0.013069330925657412
0.96875,0.0234375,0.010456427166540983
0.9765625,0.03125,0.007842883045289795
0.984375,0.0390625,0.0052288575076326485
0.9921875,0.046875,0.0026145099156601264
1.0,0.0546875,0.0
0.953125,0.0,0.015681423041479844
0.9609375,0.0078125,0.01306932015372179
0.96875,0.015625,0.010456418672640723
0.9765625,0.0234375,0.007842877092008864
0.984375,0.03125,0.005228853977246871
0.9921875,0.0390625,0.0026145083933091597
1.0,0.046875,0.0
0.9609375,0.0,0.013069307730298815
0.96875,0.0078125,0.010456408498490664
0.9765625,0.015625,0.007842869761074268
0.984375,0.0234375,0.005228849606748835
0.9921875,0.03125,0.002614506540673206
1.0,0.0390625,0.0
0.96875,0.0,0.010456396304088044
0.9765625,0.0078125,0.007842860525329082
0.984375,0.015625,0.005228843966382665
0.9921875,0.0234375,0.0026145041829823312
1.0,0.03125,0.0
0.9765625,0.0,0.00784284874019793
0.984375,0.0078125,0.00522883631417692
0.9921875,0.015625,0.0026145009755010953
1.0,0.0234375,0.0
0.984375,0.0,0.0052288254135960015
0.9921875,0.0078125,0.0026144961438347974
1.0,0.015625,0.0
0.9921875,0.0,0.002614487677157091
1.0,0.0078125,0.0
1.0,0.0,0.0
