x,y,c_full
0.0,1.0,0.28201285623789274
0.0,0.9921875,0.28201328854131213
0.0078125,1.0,0.2805896407536071
0.0,0.984375,0.2820134113527871
0.0078125,0.9921875,0.2805897450505141
0.015625,1.0,0.27914907925244825
0.0,0.9765625,0.2820134567816834
0.0078125,0.984375,0.28058982230551593
0.015625,0.9921875,0.27914910575636726
0.0234375,1.0,0.27769141516918844
0.0,0.96875,0.28201347595819926
0.0078125,0.9765625,0.280589866585682
0.015625,0.984375,0.2791491433829182
0.0234375,0.9921875,0.2776914205210773
0.03125,1.0,0.27621677969929515
0.0,0.9609375,0.28201348490111744
0.0078125,0.96875,0.2805898910020823
0.015625,0.9765625,0.27914917340033707
0.0234375,0.984375,0.27769143724844136
0.03125,0.9921875,0.276216778157298
0.0390625,1.0,0.2747252765571403
0.0,0.953125,0.28201348944180676
0.0078125,0.9609375,0.2805899046445573
0.015625,0.96875,0.27914919396508325
0.0234375,0.9765625,0.27769145484463115
0.03125,0.984375,0.27621678449094633
0.0390625,0.9921875,0.27472527226372034
0.046875,1.0,0.2732170022010722
0.0,0.9453125,0.2820134919135053
0.0078125,0.953125,0.2805899124885028
0.015625,0.9609375,0.279149207330733
0.0234375,0.96875,0.27769146930272554
0.03125,0.9765625,0.276216793671606
0.0390625,0.984375,0.27472527323179236
0.046875,0.9921875,0.27321699658101367
0.0546875,1.0,0.27169205126285156
0.0,0.9375,0.2820134933298252
0.0078125,0.9453125,0.28058991713315584
0.015625,0.953125,0.2791492158781105
0.0234375,0.9609375,0.27769148000977634
0.03125,0.96875,0.2762168026349818
0.0390625,0.9765625,0.27472527706054634
0.046875,0.984375,0.273216994584187
0.0546875,0.9921875,0.2716920448958669
0.0625,1.0,0.2701505182319846
0.0,0.9296875,0.28201349416700017
0.0078125,0.9375,0.28058991994593746
0.015625,0.9453125,0.2791492213279381
0.0234375,0.953125,0.2776914875392384
0.03125,0.9609375,0.27621681010921173
0.0390625,0.96875,0.274725281800414
0.046875,0.9765625,0.2732169950102897
0.0546875,0.984375,0.2716920411345173
0.0625,0.9921875,0.27015051139046836
0.0703125,1.0,0.26859249806456464
0.0,0.921875,0.28201349466589826
0.0078125,0.9296875,0.2805899216669265
0.015625,0.9375,0.27914922479687854
0.0234375,0.9453125,0.27769149267716803
0.03125,0.953125,0.2762168158341503
0.0390625,0.9609375,0.2747252863014191
0.046875,0.96875,0.27321699667625593
0.0546875,0.9765625,0.27169203934094965
0.0625,0.984375,0.27015050650264505
0.0703125,0.9921875,0.2685924908917395
0.078125,1.0,0.2670180864357956
0.0,0.9140625,0.2820134949567678
0.0078125,0.921875,0.28058992271176264
0.015625,0.9296875,0.2791492269858988
0.0234375,0.9375,0.2776914961010299
0.03125,0.9453125,0.27621681998232944
0.0390625,0.953125,0.27472529004887264
0.046875,0.9609375,0.27321699871837524
0.0546875,0.96875,0.2716920387965622
0.0625,0.9765625,0.2701505032080764
0.0703125,0.984375,0.2685924852381558
0.078125,0.9921875,0.26701807901368374
0.0859375,1.0,0.26542737985653725
0.0,0.90625,0.2820134951142834
0.0078125,0.9140625,0.2805899233232073
0.015625,0.921875,0.27914922833382133
0.0234375,0.9296875,0.2776914983190825
0.03125,0.9375,0.2762168228525876
0.0390625,0.9453125,0.27472529290814307
0.046875,0.953125,0.27321700062267873
0.0546875,0.9609375,0.2716920388935796
0.0625,0.96875,0.27015050106109684
0.0703125,0.9765625,0.26859248088842164
0.078125,0.984375,0.2670180728100596
0.0859375,0.9921875,0.2654273722353173
0.09375,1.0,0.26382047573108286
0.0,0.8984375,0.2820134951834562
0.0078125,0.90625,0.280589923648532
0.015625,0.9140625,0.27914922911851286
0.0234375,0.921875,0.2776914996921097
0.03125,0.9296875,0.27621682473870784
0.0390625,0.9375,0.2747252949307841
0.046875,0.9453125,0.2732170021412534
0.0546875,0.953125,0.27169203920247353
0.0625,0.9609375,0.2701504996424864
0.0703125,0.96875,0.26859247755816473
0.078125,0.9765625,0.26701806768977404
0.0859375,0.984375,0.2654273656171685
0.09375,0.9921875,0.263820467943117
0.1015625,1.0,0.26219747238683305
0.0,0.890625,0.28201349519258245
0.0078125,0.8984375,0.2805899237802582
0.015625,0.90625,0.27914922951909066
0.0234375,0.9140625,0.2776915004708576
0.03125,0.921875,0.276216825885974
0.0390625,0.9296875,0.27472529623952796
0.046875,0.9375,0.2732170031933713
0.0546875,0.9453125,0.27169203946093673
0.0625,0.953125,0.27015049861821283
0.0703125,0.9609375,0.26859247495800687
0.078125,0.96875,0.2670180634657936
0.0859375,0.9765625,0.2654273599136598
0.09375,0.984375,0.2638204609992696
0.1015625,0.9921875,0.26219746445392567
0.109375,1.0,0.2605584690893961
0.0,0.8828125,0.2820134951600888
0.0078125,0.890625,0.28058992377835745
0.015625,0.8984375,0.27914922965337957
0.0234375,0.90625,0.2776915008288206
0.03125,0.9140625,0.27621682648520823
0.0390625,0.921875,0.27472529697010484
0.046875,0.9296875,0.27321700378888564
0.0546875,0.9375,0.2716920395325688
0.0625,0.9453125,0.27015049775290606
0.0703125,0.953125,0.2685924728359602
0.078125,0.9609375,0.26701805993620453
0.0859375,0.96875,0.26542735499810527
0.09375,0.9765625,0.26382045483955796
0.1015625,0.984375,0.26219745724477916
0.109375,0.9921875,0.26055846102679625
0.1171875,1.0,0.2589035660496259
0.0,0.875,0.282013495098332
0.0078125,0.8828125,0.28058992368278673
0.015625,0.890625,0.2791492296004873
0.0234375,0.8984375,0.2776915008865415
0.03125,0.90625,0.2762168266799698
0.0390625,0.9140625,0.2747252972461999
0.046875,0.921875,0.2732170039790088
0.0546875,0.9296875,0.2716920393635665
0.0625,0.9375,0.2701504968978116
0.0703125,0.9453125,0.2685924709956546
0.078125,0.953125,0.2670180569128536
0.0859375,0.9609375,0.2654273507274296
0.09375,0.96875,0.26382044937578786
0.1015625,0.9765625,0.26219745071742456
0.109375,0.984375,0.26055845359475444
0.1171875,0.9921875,0.25890355786835234
0.125,1.0,0.25723286442595455
0.0,0.8671875,0.28201349501580647
0.0078125,0.875,0.2805899235208112
0.015625,0.8828125,0.2791492294145736
0.0234375,0.890625,0.2776915007284898
0.03125,0.8984375,0.2762168265766322
0.0390625,0.90625,0.274725297171351
0.046875,0.9140625,0.2732170038283805
0.0546875,0.921875,0.27169203894855115
0.0625,0.9296875,0.27015049596964663
0.0703125,0.9375,0.2685924692971345
0.078125,0.9453125,0.2670180542375856
0.0859375,0.953125,0.26542734696108833
0.09375,0.9609375,0.2638204445048111
0.1015625,0.96875,0.26219744480890683
0.109375,0.9765625,0.2605584467631023
0.1171875,0.984375,0.2589035502440331
0.125,0.9921875,0.2572328561342042
0.1328125,1.0,0.25554646632384936
0.0,0.859375,0.2820134949184723
0.0078125,0.8671875,0.280589923311425
0.015625,0.875,0.2791492291333905
0.0234375,0.8828125,0.2776915004144833
0.03125,0.890625,0.2762168262535989
0.0390625,0.8984375,0.2747252968285385
0.046875,0.90625,0.2732170034009213
0.0546875,0.9140625,0.2716920383072598
0.0625,0.921875,0.27015049492975024
0.0703125,0.9296875,0.26859246764849326
0.078125,0.9375,0.26701805178762145
0.0859375,0.9453125,0.2654273435737748
0.09375,0.953125,0.26382044012099476
0.1015625,0.9609375,0.2621974394435429
0.109375,0.96875,0.26055844048586957
0.1171875,0.9765625,0.25890354315446384
0.125,0.984375,0.25723284834027477
0.1328125,0.9921875,0.25554645792788344
0.140625,1.0,0.2538444747934415
0.0,0.8515625,0.28201349481058613
0.0078125,0.859375,0.28058992306809705
0.015625,0.8671875,0.2791492287836843
0.0234375,0.875,0.2776914999873572
0.03125,0.8828125,0.2762168257686723
0.0390625,0.890625,0.2747252962827251
0.046875,0.8984375,0.27321700275367145
0.0546875,0.90625,0.2716920374701515
0.0625,0.9140625,0.27015049376734857
0.0703125,0.921875,0.268592465994525
0.078125,0.9296875,0.2670180494737823
0.0859375,0.9375,0.2654273404616694
0.09375,0.9453125,0.26382043612564027
0.1015625,0.953125,0.26219743454120037
0.109375,0.9609375,0.2605584347065656
0.1171875,0.96875,0.2589035365653816
0.125,0.9765625,0.2572328410274784
0.1328125,0.984375,0.2555464499815056
0.140625,0.9921875,0.25384446629816027
0.1484375,1.0,0.2521269938259468
0.0,0.84375,0.28201349469523007
0.0078125,0.8515625,0.2805899228005248
0.015625,0.859375,0.27914922838467754
0.0234375,0.8671875,0.2776914994781236
0.03125,0.875,0.27621682516460794
0.0390625,0.8828125,0.2747252955841393
0.046875,0.890625,0.27321700193486564
0.0546875,0.8984375,0.2716920364702495
0.0625,0.90625,0.27015049248759626
0.0703125,0.9140625,0.26859246430590455
0.078125,0.921875,0.26701804723514355
0.0859375,0.9296875,0.26542733754367454
0.09375,0.9375,0.2638204324326597
0.1015625,0.9453125,0.26219743002411866
0.109375,0.953125,0.26055842936374196
0.1171875,0.9609375,0.25890353043392766
0.125,0.96875,0.25723283416980075
0.1328125,0.9765625,0.25554644247193864
0.140625,0.984375,0.2538444582125947
0.1484375,0.9921875,0.2521269852352727
0.15625,1.0,0.2503941283492641
0.0,0.8359375,0.2820134945746649
0.0078125,0.84375,0.28058992251577997
0.015625,0.8515625,0.27914922795036157
0.0234375,0.859375,0.2776914989094667
0.03125,0.8671875,0.27621682447318624
0.0390625,0.875,0.27472529477138297
0.046875,0.8828125,0.27321700098404744
0.0546875,0.890625,0.2716920353389398
0.0625,0.8984375,0.2701504911036963
0.0703125,0.90625,0.2685924625703609
0.078125,0.9140625,0.2670180450326552
0.0859375,0.921875,0.26542733475952934
0.09375,0.9296875,0.2638204289709273
0.1015625,0.9375,0.2621974258215958
0.109375,0.9453125,0.26055842439589577
0.1171875,0.953125,0.25890352471244044
0.125,0.9609375,0.25723282773422357
0.1328125,0.96875,0.2555464353790967
0.140625,0.9765625,0.25384445052679766
0.1484375,0.984375,0.25212697702095893
0.15625,0.9921875,0.25039411966640374
0.1640625,1.0,0.2486459842229935
0.0,0.828125,0.28201349445056456
0.0078125,0.8359375,0.2805899222190763
0.015625,0.84375,0.27914922749103055
0.0234375,0.8515625,0.27769149829813583
0.03125,0.859375,0.2762168237181589
0.0390625,0.8671875,0.27472529387405437
0.046875,0.875,0.27321699993303844
0.0546875,0.8828125,0.2716920341041109
0.0625,0.890625,0.2701504896320466
0.0703125,0.8984375,0.2685924607861306
0.078125,0.90625,0.26701804284316966
0.0859375,0.9140625,0.2654273320664345
0.09375,0.921875,0.2638204256842248
0.1015625,0.9296875,0.2621974218725368
0.109375,0.9375,0.260558419745166
0.1171875,0.9453125,0.2589035193519807
0.125,0.953125,0.2572328216833513
0.1328125,0.9609375,0.2555464286771769
0.140625,0.96875,0.25384444322502286
0.1484375,0.9765625,0.25212696917514466
0.15625,0.984375,0.2503941113317033
0.1640625,0.9921875,0.2486459754506203
0.171875,1.0,0.24688266823303148
0.0,0.8203125,0.2820134943241789
0.0078125,0.828125,0.28058992191429133
0.015625,0.8359375,0.2791492270143281
0.0234375,0.84375,0.2776914976566
0.03125,0.8515625,0.2762168229173766
0.0390625,0.859375,0.2747252929148452
0.046875,0.8671875,0.2732169988071559
0.0546875,0.875,0.2716920327895837
0.0625,0.8828125,0.27015048808944625
0.0703125,0.890625,0.2685924589574143
0.078125,0.8984375,0.2670180406544982
0.0859375,0.90625,0.26542732943531017
0.09375,0.9140625,0.263820422529749
0.1015625,0.921875,0.26219741812626374
0.109375,0.9296875,0.2605584153596831
0.1171875,0.9375,0.2589035143051839
0.125,0.9453125,0.2572328159779586
0.1328125,0.953125,0.2555464223365062
0.140625,0.9609375,0.25384443628683645
0.1484375,0.96875,0.25212696168531284
0.15625,0.9765625,0.2503941033388655
0.1640625,0.984375,0.24864596700233854
0.171875,0.9921875,0.2468826593734158
0.1796875,1.0,0.24510428808585133
0.0,0.8125,0.2820134941964449
0.0078125,0.8203125,0.28058992160432916
0.015625,0.828125,0.2791492265259727
0.0234375,0.8359375,0.27769149699420753
0.03125,0.84375,0.27621682208432313
0.0390625,0.8515625,0.27472529191117057
0.046875,0.859375,0.27321699762640067
0.0546875,0.8671875,0.27169203141520426
0.0625,0.875,0.2701504864916221
0.0703125,0.8828125,0.2685924570913951
0.078125,0.890625,0.2670180384616279
0.0859375,0.8984375,0.26542732684732673
0.09375,0.90625,0.26382041947595897
0.1015625,0.9140625,0.2621974145421237
0.109375,0.921875,0.2605584111947061
0.1171875,0.9296875,0.2589035095282725
0.125,0.9375,0.2572328105791689
0.1328125,0.9453125,0.255546416325396
0.140625,0.953125,0.25384442968843557
0.1484375,0.9609375,0.2521269545350808
0.15625,0.96875,0.25039409567781334
0.1640625,0.9765625,0.2486459588730408
0.171875,0.984375,0.24688265081717534
0.1796875,0.9921875,0.24510427914095456
0.1875,1.0,0.24331095240253808
0.0,0.8046875,0.28201349406806925
0.0078125,0.8125,0.2805899212913752
0.015625,0.8203125,0.27914922603026715
0.0234375,0.828125,0.2776914963180071
0.03125,0.8359375,0.2762168212292291
0.0390625,0.84375,0.2747252908764144
0.046875,0.8515625,0.27321699640650404
0.0546875,0.859375,0.2716920299972348
0.0625,0.8671875,0.27015048485255666
0.0703125,0.875,0.26859245519637626
0.078125,0.8828125,0.2670180362639861
0.0859375,0.890625,0.26542732429099397
0.09375,0.8984375,0.263820416500296
0.1015625,0.90625,0.26219741108839706
0.109375,0.9140625,0.26055840721282525
0.1171875,0.921875,0.2589035049822413
0.125,0.9296875,0.2572328054501135
0.1328125,0.9375,0.2555464106118016
0.140625,0.9453125,0.25384442340401153
0.1484375,0.953125,0.2521269477051556
0.15625,0.9609375,0.25039408833526094
0.1640625,0.96875,0.24864595105451884
0.171875,0.9765625,0.24688264256012052
0.1796875,0.984375,0.245104270481467
0.1875,0.9921875,0.243310943374082
0.1953125,1.0,0.241502770712631
0.0,0.796875,0.282013493939585
0.0078125,0.8046875,0.28058992097707974
0.015625,0.8125,0.27914922553046195
0.0234375,0.8203125,0.27769149563333656
0.03125,0.828125,0.27621682035988465
0.0390625,0.8359375,0.2747252898208767
0.046875,0.84375,0.273216995159802
0.0546875,0.8515625,0.2716920285488468
0.0625,0.859375,0.2701504831842783
0.0703125,0.8671875,0.26859245328068493
0.078125,0.875,0.2670180340635482
0.0859375,0.8828125,0.26542732175987416
0.09375,0.890625,0.2638204135870798
0.1015625,0.8984375,0.26219740774090183
0.109375,0.90625,0.2605584033835407
0.1171875,0.9140625,0.2589035006333493
0.125,0.921875,0.257232800557035
0.1328125,0.9296875,0.2555464051646624
0.140625,0.9375,0.2538444174070137
0.1484375,0.9453125,0.2521269411743445
0.15625,0.953125,0.25039408129541557
0.1640625,0.9609375,0.24864594353588346
0.171875,0.96875,0.24688263459549328
0.1796875,0.9765625,0.24510426210391598
0.1875,0.984375,0.2433109346153486
0.1953125,0.9921875,0.24150276160214953
0.203125,1.0,0.23967985344780623
0.0,0.7890625,0.2820134938113925
0.0078125,0.796875,0.28058992066268856
0.015625,0.8046875,0.2791492250290186
0.0234375,0.8125,0.27769149494424866
0.03125,0.8203125,0.27621681948223575
0.0390625,0.828125,0.27472528875249214
0.046875,0.8359375,0.2732169938959461
0.0546875,0.84375,0.27169202708061707
0.0625,0.8515625,0.27015048149690224
0.0703125,0.859375,0.2685924513520746
0.078125,0.8671875,0.26701803186358297
0.0859375,0.875,0.2654273192508702
0.09375,0.8828125,0.26382041072572043
0.1015625,0.890625,0.2621974044815566
0.109375,0.8984375,0.2605583996824858
0.1171875,0.90625,0.25890349645309446
0.125,0.9140625,0.25723279586988773
0.1328125,0.921875,0.25554639995487033
0.140625,0.9296875,0.2538444116712211
0.1484375,0.9375,0.25212693492052307
0.15625,0.9453125,0.2503940745407347
0.1640625,0.953125,0.24864593630408563
0.171875,0.9609375,0.24688262691427973
0.1796875,0.96875,0.24510425400268193
0.1875,0.9765625,0.24331092612343153
0.1953125,0.984375,0.24150275274761132
0.203125,0.9921875,0.23967984425668448
0.2109375,1.0,0.237842311935428
0.0,0.78125,0.28201349368379475
0.0078125,0.7890625,0.28058992034914293
0.015625,0.796875,0.27914922452780033
0.0234375,0.8046875,0.27769149425382417
0.03125,0.8125,0.2762168186008254
0.0390625,0.8203125,0.2747252876773729
0.046875,0.828125,0.27321699262247007
0.0546875,0.8359375,0.2716920256009802
0.0625,0.84375,0.27015047979879275
0.0703125,0.8515625,0.26859244941744054
0.078125,0.859375,0.2670180296678535
0.0859375,0.8671875,0.26542731676299175
0.09375,0.875,0.26382040790928174
0.1015625,0.8828125,0.2621974012970561
0.109375,0.890625,0.2605583960905032
0.1171875,0.8984375,0.2589034924178508
0.125,0.90625,0.2572327913625317
0.1328125,0.9140625,0.2555463949558831
0.140625,0.921875,0.25384440617156706
0.1484375,0.9296875,0.2521269289214859
0.15625,0.9375,0.2503940680526703
0.1640625,0.9453125,0.24864592934449026
0.171875,0.953125,0.24688261950560245
0.1796875,0.9609375,0.24510424617023394
0.1875,0.96875,0.24331091789361461
0.1953125,0.9765625,0.2415027441465622
0.203125,0.984375,0.23967983530933623
0.2109375,0.9921875,0.23784230266493223
0.21875,1.0,0.2359902583919846
0.0,0.7734375,0.28201349355701566
0.0078125,0.78125,0.28058992003714917
0.015625,0.7890625,0.27914922402821474
0.0234375,0.796875,0.2776914935644013
0.03125,0.8046875,0.276216817719122
0.0390625,0.8125,0.2747252866002227
0.046875,0.8203125,0.2732169913452391
0.0546875,0.828125,0.2716920241166208
0.0625,0.8359375,0.2701504780967747
0.0703125,0.84375,0.2685924474827227
0.078125,0.8515625,0.2670180274801308
0.0859375,0.859375,0.26542731429649574
0.09375,0.8671875,0.2638204051333744
0.1015625,0.875,0.26219739817773224
0.109375,0.8828125,0.2605583925927114
0.1171875,0.890625,0.25890348850832007
0.125,0.8984375,0.2572327870126336
0.1328125,0.90625,0.25554639014402414
0.140625,0.9140625,0.25384440088471255
0.1484375,0.921875,0.2521269231556366
0.15625,0.9296875,0.25039406181234436
0.1640625,0.9375,0.24864592264145116
0.171875,0.9453125,0.24688261235715875
0.1796875,0.953125,0.24510423859742872
0.1875,0.9609375,0.2433109099195513
0.1953125,0.96875,0.24150273579500983
0.203125,0.9765625,0.2396798266036719
0.2109375,0.984375,0.23784229362741002
0.21875,0.9921875,0.2359902490432854
0.2265625,1.0,0.23412380591642548
0.0,0.765625,0.2820134934312201
0.0078125,0.7734375,0.2805899197272327
0.015625,0.78125,0.27914922353131894
0.0234375,0.7890625,0.27769149287774886
0.03125,0.796875,0.2762168168397668
0.0390625,0.8046875,0.27472528552465103
0.046875,0.8125,0.273216990068802
0.0546875,0.8203125,0.2716920226328031
0.0625,0.828125,0.27015047639635276
0.0703125,0.8359375,0.2685924455529165
0.078125,0.84375,0.26701802530391977
0.0859375,0.8515625,0.26542731185230467
0.09375,0.859375,0.2638204023953303
0.1015625,0.8671875,0.2621973951166235
0.109375,0.875,0.2605583891776447
0.1171875,0.8828125,0.2589034847089057
0.125,0.890625,0.25723278280137857
0.1328125,0.8984375,0.25554638549854203
0.140625,0.90625,0.25384439578938645
0.1484375,0.9140625,0.25212691760250017
0.15625,0.921875,0.25039405580111923
0.1640625,0.9296875,0.24864591617884912
0.171875,0.9375,0.24688260545566887
0.1796875,0.9453125,0.2451042312738488
0.1875,0.953125,0.24331090219349513
0.1953125,0.9609375,0.24150272768756245
0.203125,0.96875,0.23967981813628458
0.2109375,0.9765625,0.23784228482106823
0.21875,0.984375,0.23599023991793439
0.2265625,0.9921875,0.23412379649061582
0.234375,1.0,0.23224306848340776
0.0,0.7578125,0.2820134933065271
0.0078125,0.765625,0.2805899194197794
0.015625,0.7734375,0.27914922303789913
0.0234375,0.78125,0.27769149219519523
0.03125,0.7890625,0.27621681596476005
0.0390625,0.796875,0.27472528445341526
0.046875,0.8046875,0.2732169887966682
0.0546875,0.8125,0.27169202115364416
0.0625,0.8203125,0.2701504747019176
0.0703125,0.828125,0.268592443632139
0.078125,0.8359375,0.26701802314231865
0.0859375,0.84375,0.26542730943162685
0.09375,0.8515625,0.26382039969360277
0.1015625,0.859375,0.2621973921087357
0.109375,0.8671875,0.2605583858365052
0.1171875,0.875,0.2589034810070922
0.125,0.8828125,0.2572327787130791
0.1328125,0.890625,0.2555463810014977
0.140625,0.8984375,0.25384439086653343
0.1484375,0.90625,0.2521269122430649
0.15625,0.9140625,0.25039405000104425
0.1640625,0.921875,0.2486459099405593
0.171875,0.9296875,0.2468825987873044
0.1796875,0.9375,0.2451042241881537
0.1875,0.9453125,0.24331089470656303
0.1953125,0.953125,0.2415027198176079
0.203125,0.9609375,0.23967980990255872
0.2109375,0.96875,0.23784227624297768
0.21875,0.9765625,0.2359902310143815
0.2265625,0.984375,0.23412378727954347
0.234375,0.9921875,0.23224305898151743
0.2421875,1.0,0.230348160936462
0.0,0.75,0.28201349318301877
0.0078125,0.7578125,0.28058991911506587
0.015625,0.765625,0.2791492225485308
0.0234375,0.7734375,0.2776914915177268
0.03125,0.78125,0.2762168150956036
0.0390625,0.7890625,0.27472528338860513
0.046875,0.796875,0.2732169875315253
0.0546875,0.8046875,0.27169201968233553
0.0625,0.8125,0.27015047301693124
0.0703125,0.8203125,0.2685924417237227
0.078125,0.828125,0.2670180209979651
0.0859375,0.8359375,0.26542730703571826
0.09375,0.84375,0.26382039702734256
0.1015625,0.8515625,0.2621973891504774
0.109375,0.859375,0.26055838256253977
0.1171875,0.8671875,0.2589034773928699
0.125,0.875,0.2572327747347454
0.1328125,0.8828125,0.255546376637543
0.140625,0.890625,0.2538443860993138
0.1484375,0.8984375,0.2521269070599729
0.15625,0.90625,0.25039404439517743
0.1640625,0.9140625,0.24864590391083505
0.171875,0.921875,0.2468825923380717
0.1796875,0.9296875,0.24510421732842283
0.1875,0.9375,0.24331088744901225
0.1953125,0.9453125,0.24150271217752028
0.203125,0.953125,0.23967980189681012
0.2109375,0.9609375,0.23784226788915863
0.21875,0.96875,0.2359902223300904
0.2265625,0.9765625,0.2341237782818592
0.234375,0.984375,0.2322430496866355
0.2421875,0.9921875,0.23034815135946893
0.25,1.0,0.228439198981082
0.0,0.7421875,0.282013493060749
0.0078125,0.75,0.2805899188132833
0.015625,0.7578125,0.27914922206362486
0.0234375,0.765625,0.27769149084606276
0.03125,0.7734375,0.27621681423340844
0.0390625,0.78125,0.2747252823317861
0.046875,0.7890625,0.2732169862754092
0.0546875,0.796875,0.2716920182213242
0.0625,0.8046875,0.2701504713440871
0.0703125,0.8125,0.26859243983031417
0.078125,0.8203125,0.2670180188730321
0.0859375,0.828125,0.26542730466574016
0.09375,0.8359375,0.2638203943961047
0.1015625,0.84375,0.26219738623923455
0.109375,0.8515625,0.2605583793505368
0.1171875,0.859375,0.2589034738582294
0.125,0.8671875,0.2572327708556608
0.1328125,0.875,0.25554637239363975
0.140625,0.8828125,0.2538443814729999
0.1484375,0.890625,0.2521269020375887
0.15625,0.8984375,0.2503940389677912
0.1640625,0.90625,0.24864589807459986
0.171875,0.9140625,0.24688258609413732
0.1796875,0.921875,0.2451042106824693
0.1875,0.9296875,0.24331088041051604
0.1953125,0.9375,0.24150270475888036
0.203125,0.9453125,0.2396797941124499
0.2109375,0.953125,0.2378422597546918
0.21875,0.9609375,0.23599021386160612
0.2265625,0.96875,0.23412376949535194
0.234375,0.9765625,0.23224304059757997
0.2421875,0.984375,0.23034814198252712
0.25,0.9921875,0.2284391893299213
0.2578125,1.0,0.2265162991777453
0.0,0.734375,0.28201349293974953
0.0078125,0.7421875,0.28058991851455595
0.015625,0.75,0.2791492215834631
0.0234375,0.7578125,0.2776914901807126
0.03125,0.765625,0.2762168133789797
0.0390625,0.7734375,0.27472528128411117
0.046875,0.78125,0.27321698502983843
0.0546875,0.7890625,0.27169201677245797
0.0625,0.796875,0.2701504696854458
0.0703125,0.8046875,0.26859243795397203
0.078125,0.8125,0.2670180167692536
0.0859375,0.8203125,0.265427302322681
0.09375,0.828125,0.26382039179965144
0.1015625,0.8359375,0.2621973833730595
0.109375,0.84375,0.26055837619643024
0.1171875,0.8515625,0.258903470396736
0.125,0.859375,0.257232767066988
0.1328125,0.8671875,0.25554636825875904
0.140625,0.875,0.25384437697480733
0.1484375,0.8828125,0.2521268971619748
0.15625,0.890625,0.25039403370447877
0.1640625,0.8984375,0.2486458924176506
0.171875,0.90625,0.246882580042087
0.1796875,0.9140625,0.24510420423811488
0.1875,0.921875,0.24331087358042122
0.1953125,0.9296875,0.241502697552698
0.203125,0.9375,0.23967978654216104
0.2109375,0.9453125,0.23784225183384902
0.21875,0.953125,0.23599020560464412
0.2265625,0.9609375,0.23412376091700302
0.234375,0.96875,0.23224303171241098
0.2421875,0.9765625,0.23034813280459482
0.25,0.984375,0.2284391798725345
0.2578125,0.9921875,0.2265162894533169
0.265625,1.0,0.224579578934866
0.0,0.7265625,0.2820134928200351
0.0078125,0.734375,0.2805899182189547
0.015625,0.7421875,0.27914922110822554
0.0234375,0.75,0.2776914895220211
0.03125,0.7578125,0.27621681253288116
0.0390625,0.765625,0.2747252802464054
0.046875,0.7734375,0.27321698379592013
0.0546875,0.78125,0.2716920153371026
0.0625,0.7890625,0.2701504680425497
0.0703125,0.796875,0.2685924360962565
0.078125,0.8046875,0.2670180146879637
0.0859375,0.8125,0.2654273000073222
0.09375,0.8203125,0.2638203892378227
0.1015625,0.828125,0.2621973805504429
0.109375,0.8359375,0.26055837309699387
0.1171875,0.84375,0.2589034670031773
0.125,0.8515625,0.25723276336142015
0.1328125,0.859375,0.2555463642235842
0.140625,0.8671875,0.25384437259369125
0.1484375,0.875,0.2521268924208043
0.15625,0.8828125,0.2503940285921823
0.1640625,0.890625,0.24864588692678244
0.171875,0.8984375,0.24688257416911802
0.1796875,0.90625,0.24510419798341607
0.1875,0.9140625,0.24331086694797896
0.1953125,0.921875,0.24150269054962356
0.203125,0.9296875,0.23967977917807834
0.2109375,0.9375,0.23784224412023575
0.21875,0.9453125,0.23599019755419498
0.2265625,0.953125,0.23412375254305778
0.234375,0.9609375,0.23224302302847494
0.2421875,0.96875,0.23034812382395956
0.25,0.9765625,0.22843917060799757
0.2578125,0.984375,0.22651627991698664
0.265625,0.9921875,0.2245795691380404
0.2734375,1.0,0.22262915650168516
0.0,0.71875,0.2820134927016049
0.0078125,0.7265625,0.2805899179265098
0.015625,0.734375,0.27914922063801206
0.0234375,0.7421875,0.2776914888702031
0.03125,0.75,0.2762168116954858
0.0390625,0.7578125,0.2747252792192367
0.046875,0.765625,0.273216982574433
0.0546875,0.7734375,0.2716920139162357
0.0625,0.78125,0.27015046641651724
0.0703125,0.7890625,0.26859243425830964
0.078125,0.796875,0.267018012630142
0.0859375,0.8046875,0.2654272977202273
0.09375,0.8125,0.26382038671045577
0.1015625,0.8203125,0.26219737777015756
0.109375,0.828125,0.2605583700496081
0.1171875,0.8359375,0.25890346367328104
0.125,0.84375,0.2572327597328815
0.1328125,0.8515625,0.2555463602802361
0.140625,0.859375,0.2538443683201325
0.1484375,0.8671875,0.2521268878032325
0.15625,0.875,0.25039402361916097
0.1640625,0.8828125,0.24864588158984938
0.171875,0.890625,0.2468825684631699
0.1796875,0.8984375,0.24510419190684082
0.1875,0.90625,0.2433108605025407
0.1953125,0.9140625,0.24150268374014244
0.203125,0.921875,0.2396797720119632
0.2109375,0.9296875,0.23784223660693765
0.21875,0.9375,0.2359901897046401
0.2265625,0.9453125,0.2341237443691105
0.234375,0.953125,0.23224301454246218
0.2421875,0.9609375,0.23034811503827532
0.25,0.96875,0.2284391615347906
0.2578125,0.9765625,0.22651627056793053
0.265625,0.984375,0.22457955952417305
0.2734375,0.9921875,0.2226291466333087
0.28125,1.0,0.22066515096110043
0.0,0.7109375,0.2820134925844486
0.0078125,0.71875,0.2805899176372175
0.015625,0.7265625,0.2791492201728591
0.0234375,0.734375,0.27769148822537015
0.03125,0.7421875,0.27621681086701566
0.0390625,0.75,0.2747252782029664
0.046875,0.7578125,0.2732169813658945
0.0546875,0.765625,0.27169201251052305
0.0625,0.7734375,0.27015046480812094
0.0703125,0.78125,0.268592432440924
0.078125,0.7890625,0.2670180105964605
0.0859375,0.796875,0.2654272954617495
0.09375,0.8046875,0.2638203842173379
0.1015625,0.8125,0.26219737503114504
0.109375,0.8203125,0.2605583670520885
0.1171875,0.828125,0.25890346040349077
0.125,0.8359375,0.257232756176278
0.1328125,0.84375,0.2555463564220268
0.140625,0.8515625,0.25384436414592626
0.1484375,0.859375,0.2521268832997484
0.15625,0.8671875,0.2503940187749198
0.1640625,0.875,0.2486458763957694
0.171875,0.8828125,0.24688256291300129
0.1796875,0.890625,0.24510418599739683
0.1875,0.8984375,0.24331085423371743
0.1953125,0.90625,0.24150267711474283
0.203125,0.9140625,0.2396797650353665
0.2109375,0.921875,0.23784222928666524
0.21875,0.9296875,0.23599018204987213
0.2265625,0.9375,0.23412373639019862
0.234375,0.9453125,0.23224300625047664
0.2421875,0.953125,0.23034810644460815
0.25,0.9609375,0.22843915265082718
0.2578125,0.96875,0.2265162614047919
0.265625,0.9765625,0.2245795500925252
0.2734375,0.984375,0.22262913694323014
0.28125,0.9921875,0.22066514102199908
0.2890625,1.0,0.21868768222243729
0.0,0.703125,0.2820134924685464
0.0078125,0.7109375,0.2805899173510483
0.015625,0.71875,0.2791492197127528
0.0234375,0.7265625,0.2776914875875521
0.03125,0.734375,0.27621681004757265
0.0390625,0.7421875,0.27472527719779266
0.046875,0.75,0.2732169801706126
0.0546875,0.7578125,0.2716920111203794
0.0625,0.765625,0.2701504632178523
0.0703125,0.7734375,0.26859243064460286
0.078125,0.78125,0.26701800858732644
0.0859375,0.7890625,0.26542729323204656
0.09375,0.796875,0.26382038175818007
0.1015625,0.8046875,0.2621973723324407
0.109375,0.8125,0.2605583641025565
0.1171875,0.8203125,0.2589034571907931
0.125,0.828125,0.2572327526872908
0.1328125,0.8359375,0.25554635264324543
0.140625,0.84375,0.25384436006398614
0.1484375,0.8515625,0.2521268789020188
0.15625,0.859375,0.2503940140501119
0.1640625,0.8671875,0.2486458713344953
0.171875,0.875,0.24688255750822174
0.1796875,0.8828125,0.2451041802447164
0.1875,0.890625,0.2433108481315009
0.1953125,0.8984375,0.2415026706640579
0.203125,0.90625,0.23967975823977303
0.2109375,0.9140625,0.23784222215189066
0.21875,0.921875,0.23599017458341448
0.2265625,0.9296875,0.23412372860090186
0.234375,0.9375,0.23224299814811303
0.2421875,0.9453125,0.2303480980394945
0.25,0.953125,0.22843914395349296
0.2578125,0.9609375,0.2265162524257053
0.265625,0.96875,0.2245795408418792
0.2734375,0.9765625,0.22262912743078375
0.28125,0.984375,0.22066513125696693
0.2890625,0.9921875,0.21868767221342034
0.296875,1.0,0.21669687101416324
0.0,0.6953125,0.2820134923538722
0.0078125,0.703125,0.2805899170679518
0.015625,0.7109375,0.27914921925763936
0.0234375,0.71875,0.27769148695671425
0.03125,0.7265625,0.2762168092371636
0.0390625,0.734375,0.27472527620378284
0.046875,0.7421875,0.27321697898872804
0.0546875,0.75,0.2716920097460171
0.0625,0.7578125,0.27015046164597434
0.0703125,0.765625,0.26859242886961043
0.078125,0.7734375,0.2670180066029232
0.0859375,0.78125,0.26542729103110047
0.09375,0.7890625,0.2638203793326062
0.1015625,0.796875,0.2621973696731246
0.109375,0.8046875,0.26055836119934633
0.1171875,0.8125,0.2589034540325822
0.125,0.8203125,0.25723274926221157
0.1328125,0.828125,0.2555463489389769
0.140625,0.8359375,0.25384435606816674
0.1484375,0.84375,0.25212687460273636
0.15625,0.8515625,0.25039400943642853
0.1640625,0.859375,0.24864586639695493
0.171875,0.8671875,0.24688255223928937
0.1796875,0.875,0.2451041746391036
0.1875,0.8828125,0.24331084218635055
0.1953125,0.890625,0.2415026643789773
0.203125,0.8984375,0.23967975161672608
0.2109375,0.90625,0.23784221519497128
0.21875,0.9140625,0.2359901672985369
0.2265625,0.921875,0.23412372099544265
0.234375,0.9296875,0.2322429902305389
0.2421875,0.9375,0.23034808981900443
0.25,0.9453125,0.22843913543969296
0.2578125,0.953125,0.22651624362832892
0.265625,0.9609375,0.2245795317705588
0.2734375,0.96875,0.2226291180948712
0.28125,0.9765625,0.22066512166540087
0.2890625,0.984375,0.21868766237463397
0.296875,0.9921875,0.21669686093602586
0.3046875,1.0,0.2146928388765476
0.0,0.6875,0.2820134922403934
0.0078125,0.6953125,0.2805899167878613
0.015625,0.703125,0.2791492188074334
0.0234375,0.7109375,0.2776914863327704
0.03125,0.71875,0.2762168084357192
0.0390625,0.7265625,0.27472527522090123
0.046875,0.734375,0.2732169778202479
0.0546875,0.7421875,0.2716920083874863
0.0625,0.75,0.2701504600925644
0.0703125,0.7578125,0.26859242711601494
0.078125,0.765625,0.2670180046432453
0.0859375,0.7734375,0.26542728885873873
0.09375,0.78125,0.2638203769401518
0.1015625,0.7890625,0.26219736705228885
0.109375,0.796875,0.26055835834093827
0.1171875,0.8046875,0.2589034509265579
0.125,0.8125,0.2572327458978096
0.1328125,0.8203125,0.2555463453049504
0.140625,0.828125,0.25384435215310786
0.1484375,0.8359375,0.2521268703954769
0.15625,0.84375,0.2503940049264845
0.1640625,0.8515625,0.24864586157497845
0.171875,0.859375,0.24688254709748225
0.1796875,0.8671875,0.24510416917155128
0.1875,0.875,0.24331083638924883
0.1953125,0.8828125,0.2415026582507326
0.203125,0.890625,0.23967974515792942
0.2109375,0.8984375,0.2378422084082589
0.21875,0.90625,0.23599016018836108
0.2265625,0.9140625,0.23412371356778208
0.234375,0.921875,0.23224298249257846
0.2421875,0.9296875,0.2303480817788101
0.25,0.9375,0.22843912710590447
0.2578125,0.9453125,0.2265162350098837
0.265625,0.953125,0.22457952287645586
0.2734375,0.9609375,0.2226291089339786
0.28125,0.96875,0.2206651122463054
0.2890625,0.9765625,0.21868765270552923
0.296875,0.984375,0.21669685102463496
0.3046875,0.9921875,0.21469282873007342
0.3125,1.0,0.2126757081542669
0.0,0.6796875,0.2820134921280738
0.0078125,0.6875,0.280589916510697
0.015625,0.6953125,0.2791492183620246
0.0234375,0.703125,0.2776914857155937
0.03125,0.7109375,0.2762168076431106
0.0390625,0.71875,0.27472527424902854
0.046875,0.7265625,0.27321697666507205
0.0546875,0.734375,0.2716920070447065
0.0625,0.7421875,0.27015045855754977
0.0703125,0.75,0.26859242538372335
0.078125,0.7578125,0.26701800270813036
0.0859375,0.765625,0.2654272867146553
0.09375,0.7734375,0.2638203745802675
0.1015625,0.78125,0.262197364469018
0.109375,0.7890625,0.2605583555259118
0.1171875,0.796875,0.25890344787064895
0.125,0.8046875,0.2572327425912276
0.1328125,0.8125,0.25554634173741486
0.140625,0.8203125,0.2538443483141017
0.1484375,0.828125,0.25212686627456954
0.15625,0.8359375,0.25039400051370697
0.1640625,0.84375,0.2486458568612157
0.171875,0.8515625,0.24688254207485247
0.1796875,0.859375,0.2451041638337338
0.1875,0.8671875,0.24331083073173093
0.1953125,0.875,0.2415026522709561
0.203125,0.8828125,0.23967973885532803
0.2109375,0.890625,0.23784220178419171
0.21875,0.8984375,0.23599015324595596
0.2265625,0.90625,0.234123706311712
0.234375,0.9140625,0.23224297492879434
0.2421875,0.921875,0.23034807391425602
0.25,0.9296875,0.22843911894823446
0.2578125,0.9375,0.2265162265671973
0.265625,0.9453125,0.2245795141570627
0.2734375,0.953125,0.22262909994619878
0.28125,0.9609375,0.22066510299830652
0.2890625,0.96875,0.21868764320519943
0.296875,0.9765625,0.21669684127948854
0.3046875,0.984375,0.21469281874718507
0.3125,0.9921875,0.21267569794022992
0.3203125,1.0,0.21064560198895835
0.0,0.671875,0.2820134920168734
0.0078125,0.6796875,0.2805899162363688
0.015625,0.6875,0.27914921792128267
0.0234375,0.6953125,0.27769148510502467
0.03125,0.703125,0.2762168068591605
0.0390625,0.7109375,0.27472527328798063
0.046875,0.71875,0.2732169755230152
0.0546875,0.7265625,0.2716920057174921
0.0625,0.734375,0.27015045704073676
0.0703125,0.7421875,0.2685924236725115
0.078125,0.75,0.2670180007972853
0.0859375,0.7578125,0.26542728459842985
0.09375,0.765625,0.2638203722523267
0.1015625,0.7734375,0.26219736192237897
0.109375,0.78125,0.26055835275291167
0.1171875,0.7890625,0.2589034448629548
0.125,0.796875,0.25723273933990015
0.1328125,0.8046875,0.2555463382330379
0.140625,0.8125,0.2538443445469781
0.1484375,0.8203125,0.25212686223498243
0.15625,0.828125,0.2503939961922294
0.1640625,0.8359375,0.2486458522490503
0.171875,0.84375,0.24688253716416952
0.1796875,0.8515625,0.24510415861798265
0.1875,0.859375,0.24331082520589248
0.1953125,0.8671875,0.2415026464317177
0.203125,0.875,0.2396797327011674
0.2109375,0.8828125,0.2378421953153689
0.21875,0.890625,0.2359901464644197
0.2265625,0.8984375,0.23412369922093645
0.234375,0.90625,0.23224296753356546
0.2421875,0.9140625,0.23034806622042855
0.25,0.921875,0.22843911096247851
0.2578125,0.9296875,0.2265162182967525
0.265625,0.9375,0.22457950560950962
0.2734375,0.9453125,0.2226290911292587
0.28125,0.953125,0.2206650939196709
0.2890625,0.9609375,0.2186876338723919
0.296875,0.96875,0.2166968316997569
0.3046875,0.9765625,0.21469280892742154
0.3125,0.984375,0.21267568788691482
0.3203125,0.9921875,0.21064559170812466
0.328125,1.0,0.20860264431172165
0.0,0.6640625,0.2820134919067502
0.0078125,0.671875,0.2805899159647786
0.015625,0.6796875,0.2791492174850616
0.0234375,0.6875,0.27769148450087844
0.03125,0.6953125,0.27621680608365407
0.0390625,0.703125,0.27472527233752037
0.046875,0.7109375,0.2732169743938239
0.0546875,0.71875,0.2716920044055739
0.0625,0.7265625,0.27015045554183353
0.0703125,0.734375,0.2685924219820484
0.078125,0.7421875,0.26701799891031
0.0859375,0.75,0.2654272825095465
0.09375,0.7578125,0.26382036995563374
0.1015625,0.765625,0.26219735941141564
0.109375,0.7734375,0.2605583500206262
0.1171875,0.78125,0.25890344190170317
0.125,0.7890625,0.2572327361414903
0.1328125,0.796875,0.2555463347888233
0.140625,0.8046875,0.2538443408480112
0.1484375,0.8125,0.25212685827222203
0.15625,0.8203125,0.2503939919567966
0.1640625,0.828125,0.24864584773251694
0.171875,0.8359375,0.24688253235885754
0.1796875,0.84375,0.2451041535172501
0.1875,0.8515625,0.2433108198043812
0.1953125,0.859375,0.24150264072554312
0.203125,0.8671875,0.23967972668803456
0.2109375,0.875,0.23784218899460877
0.21875,0.8828125,0.23599013983694847
0.2265625,0.890625,0.23412369228914567
0.234375,0.8984375,0.23224296030115935
0.2421875,0.90625,0.23034805869222252
0.25,0.9140625,0.2284391031441802
0.2578125,0.921875,0.2265162101947368
0.265625,0.9296875,0.2245794972306054
0.2734375,0.9375,0.22262908248055077
0.28125,0.9453125,0.2206650850083287
0.2890625,0.953125,0.21868762470552378
0.296875,0.9609375,0.21669682228429263
0.3046875,0.96875,0.21469279927001997
0.3125,0.9765625,0.21267567799389608
0.3203125,0.984375,0.2106455815854221
0.328125,0.9921875,0.20860263396485101
0.3359375,1.0,0.20654695983557067
0.0,0.65625,0.28201349179765967
0.0078125,0.6640625,0.2805899156958222
0.015625,0.671875,0.27914921705320356
0.0234375,0.6796875,0.2776914839029504
0.03125,0.6875,0.27621680531634635
0.0390625,0.6953125,0.2747252713973693
0.046875,0.703125,0.27321697327719
0.0546875,0.7109375,0.27169200310861535
0.0625,0.71875,0.27015045406046995
0.0703125,0.7265625,0.26859242031191705
0.078125,0.734375,0.26701799704671597
0.0859375,0.7421875,0.26542728044740926
0.09375,0.75,0.2638203676894335
0.1015625,0.7578125,0.262197356935148
0.109375,0.765625,0.2605583473277709
0.1171875,0.7734375,0.2589034389852185
0.125,0.78125,0.25723273299384
0.1328125,0.7890625,0.2555463314020467
0.140625,0.796875,0.2538443372138404
0.1484375,0.8046875,0.2521268543822476
0.15625,0.8125,0.25039398780267746
0.1640625,0.8203125,0.2486458433062234
0.171875,0.828125,0.24688252765293198
0.1796875,0.8359375,0.24510414852506537
0.1875,0.84375,0.2433108145203766
0.1953125,0.8515625,0.24150263514541762
0.203125,0.859375,0.23967972080888297
0.2109375,0.8671875,0.23784218281499117
0.21875,0.875,0.23599013335689117
0.2265625,0.8828125,0.23412368551007828
0.234375,0.890625,0.23224295322579616
0.2421875,0.8984375,0.23034805132440436
0.25,0.90625,0.228439095488688
0.2578125,0.9140625,0.22651620225709393
0.265625,0.921875,0.2245794890168797
0.2734375,0.9296875,0.22262907399716753
0.28125,0.9375,0.22066507626190035
0.2890625,0.9453125,0.2186876157027021
0.296875,0.953125,0.216696813031644
0.3046875,0.9609375,0.21469278977392475
0.3125,0.96875,0.2126756682604696
0.3203125,0.9765625,0.21064557162045636
0.328125,0.984375,0.2086026237737734
0.3359375,0.9921875,0.2065469494234176
0.34375,1.0,0.2044786740478347
0.0,0.6484375,0.2820134916895557
0.0078125,0.65625,0.2805899154293905
0.015625,0.6640625,0.2791492166255406
0.0234375,0.671875,0.27769148331101917
0.03125,0.6796875,0.27621680455696873
0.0390625,0.6875,0.2747252704672156
0.046875,0.6953125,0.2732169721727628
0.0546875,0.703125,0.2716920018262268
0.0625,0.7109375,0.2701504525962129
0.0703125,0.71875,0.2685924186616307
0.078125,0.7265625,0.267017995205944
0.0859375,0.734375,0.2654272784113562
0.09375,0.7421875,0.2638203654529203
0.1015625,0.75,0.26219735449257275
0.109375,0.7578125,0.2605583446730803
0.1171875,0.765625,0.2589034361118987
0.125,0.7734375,0.2572327298949333
0.1328125,0.78125,0.25554632807020233
0.140625,0.7890625,0.2538443336414054
0.1484375,0.796875,0.252126850561398
0.15625,0.8046875,0.25039398372558946
0.1640625,0.8125,0.24864583896527695
0.171875,0.8203125,0.24688252304093578
0.1796875,0.828125,0.24510414363548672
0.1875,0.8359375,0.2433108093475608
0.1953125,0.84375,0.24150262968477695
0.203125,0.8515625,0.23967971505704389
0.2109375,0.859375,0.2378421767698861
0.21875,0.8671875,0.23599012701779212
0.2265625,0.875,0.23412367887757152
0.234375,0.8828125,0.2322429463017052
0.2421875,0.890625,0.23034804411166845
0.25,0.8984375,0.2284390879912106
0.2578125,0.90625,0.2265161944795722
0.265625,0.9140625,0.22457948096462665
0.2734375,0.921875,0.22262906567593757
0.28125,0.9296875,0.22066506767772595
0.2890625,0.9375,0.21868760686174607
0.296875,0.9453125,0.2166968039400723
0.3046875,0.953125,0.21469278043779888
0.3125,0.9609375,0.21267565868565982
0.3203125,0.96875,0.21064556181257432
0.328125,0.9765625,0.20860261373812164
0.3359375,0.984375,0.20654693916495395
0.34375,0.9921875,0.20447866357114955
0.3515625,1.0,0.20239791320251224
0.0,0.640625,0.2820134915823909
0.0078125,0.6484375,0.28058991516537046
0.015625,0.65625,0.2791492162018979
0.0234375,0.6640625,0.2776914827248517
0.03125,0.671875,0.2762168038052343
0.0390625,0.6796875,0.2747252695467224
0.046875,0.6875,0.27321697108015747
0.0546875,0.6953125,0.27169200055797593
0.0625,0.703125,0.2701504511485797
0.0703125,0.7109375,0.2685924170306471
0.078125,0.71875,0.2670179933873768
0.0859375,0.7265625,0.2654272764006715
0.09375,0.734375,0.2638203632452463
0.1015625,0.7421875,0.26219735208266604
0.109375,0.75,0.26055834205530076
0.1171875,0.7578125,0.2589034332801983
0.125,0.765625,0.25723272684286635
0.1328125,0.7734375,0.2555463247909626
0.140625,0.78125,0.2538443301278945
0.1484375,0.7890625,0.2521268468063308
0.15625,0.796875,0.25039397972163274
0.1640625,0.8046875,0.24864583470521978
0.171875,0.8125,0.2468825185178807
0.1796875,0.8203125,0.2451041388430533
0.1875,0.828125,0.24331080428008448
0.1953125,0.8359375,0.24150262433749076
0.203125,0.84375,0.23967970942622693
0.2109375,0.8515625,0.2378421708529709
0.21875,0.859375,0.23599012081342152
0.2265625,0.8671875,0.2341236723856044
0.234375,0.875,0.23224293952317243
0.2421875,0.8828125,0.23034803704868786
0.25,0.890625,0.22843908064686652
0.2578125,0.8984375,0.2265161868577726
0.265625,0.90625,0.22457947306994724
0.2734375,0.9140625,0.22262905751346307
0.28125,0.921875,0.22066505925289603
0.2890625,0.9296875,0.21868759818021252
0.296875,0.9375,0.21669679500757075
0.3046875,0.9453125,0.21469277126003822
0.3125,0.953125,0.2126756492682299
0.3203125,0.9609375,0.2106455521608708
0.328125,0.96875,0.2086026038572877
0.3359375,0.9765625,0.20654692905983674
0.34375,0.984375,0.20447865324626918
0.3515625,0.9921875,0.20239790266204225
0.359375,1.0,0.20030480431257572
0.0,0.6328125,0.2820134914761177
0.0078125,0.640625,0.2805899149036463
0.015625,0.6484375,0.2791492157820948
0.0234375,0.65625,0.2776914821442055
0.03125,0.6640625,0.27621680306084145
0.0390625,0.671875,0.2747252686355324
0.046875,0.6796875,0.2732169699989625
0.0546875,0.6875,0.27169199930339705
0.0625,0.6953125,0.2701504497170477
0.0703125,0.703125,0.26859241541837936
0.078125,0.7109375,0.26701799159035156
0.0859375,0.71875,0.26542727441459646
0.09375,0.7265625,0.26382036106552936
0.1015625,0.734375,0.2621973497043863
0.109375,0.7421875,0.26055833947318685
0.1171875,0.75,0.25890343048861675
0.125,0.7578125,0.2572327238358268
0.1328125,0.765625,0.2555463215621446
0.140625,0.7734375,0.25384432667070117
0.1484375,0.78125,0.25212684311397066
0.15625,0.7890625,0.25039397578723394
0.1640625,0.796875,0.24864583052197006
0.171875,0.8046875,0.2468825140791918
0.1796875,0.8125,0.24510413414273652
0.1875,0.8203125,0.24331079931253055
0.1953125,0.828125,0.24150261909783904
0.203125,0.8359375,0.23967970391051227
0.2109375,0.84375,0.23784216505823727
0.21875,0.8515625,0.23599011473779608
0.2265625,0.859375,0.23412366602832685
0.234375,0.8671875,0.23224293288457953
0.2421875,0.875,0.23034803013015806
0.25,0.8828125,0.22843907345072934
0.2578125,0.890625,0.22651617938719257
0.265625,0.8984375,0.22457946532879072
0.2734375,0.90625,0.22262904950615656
0.28125,0.9140625,0.22066505098428413
0.2890625,0.921875,0.21868758965542234
0.296875,0.9296875,0.21669678623188604
0.3046875,0.9375,0.21469276223878864
0.3125,0.9453125,0.21267564000669423
0.3203125,0.953125,0.21064554266419697
0.328125,0.9609375,0.20860259413042812
0.3359375,0.96875,0.20654691910749723
0.34375,0.9765625,0.2044786430728717
0.3515625,0.984375,0.2023978922716973
0.359375,0.9921875,0.20030479370906565
0.3671875,1.0,0.1981994751422296
0.0,0.625,0.2820134913706868
0.0078125,0.6328125,0.2805899146441003
0.015625,0.640625,0.279149215365946
0.0234375,0.6484375,0.27769148156883067
0.03125,0.65625,0.2762168023234778
0.0390625,0.6640625,0.27472526773327266
0.046875,0.671875,0.2732169689287459
0.0546875,0.6796875,0.27169199806199856
0.0625,0.6875,0.2701504483010633
0.0703125,0.6953125,0.2685924138242067
0.078125,0.703125,0.2670179898141686
0.0859375,0.7109375,0.26542727245233766
0.09375,0.71875,0.26382035891285965
0.1015625,0.7265625,0.2621973473566778
0.109375,0.734375,0.26055833692550023
0.1171875,0.7421875,0.2589034277356896
0.125,0.75,0.2572327208720757
0.1328125,0.7578125,0.2555463183816855
0.140625,0.765625,0.25384432326738926
0.1484375,0.7734375,0.25212683948146714
0.15625,0.78125,0.2503939719190969
0.1640625,0.7890625,0.24864582641177185
0.171875,0.796875,0.24688250972065692
0.1796875,0.8046875,0.2451041295298948
0.1875,0.8125,0.2433107944398764
0.1953125,0.8203125,0.24150261396048672
0.203125,0.828125,0.23967969850433657
0.2109375,0.8359375,0.23784215937999015
0.21875,0.84375,0.2359901087851906
0.2265625,0.8515625,0.23412365980008362
0.234375,0.859375,0.23224292638043503
0.2421875,0.8671875,0.23034802335083338
0.25,0.875,0.22843906639786749
0.2578125,0.8828125,0.22651617206326694
0.265625,0.890625,0.22457945773699386
0.2734375,0.8984375,0.22262904165027703
0.28125,0.90625,0.22066504286857858
0.2890625,0.9140625,0.21868758128448795
0.296875,0.921875,0.2166967776105419
0.3046875,0.9296875,0.21469275337196395
0.3125,0.9375,0.21267563089933234
0.3203125,0.9453125,0.21064553332117106
0.328125,0.953125,0.20860258455647132
0.3359375,0.9609375,0.20654690930714648
0.34375,0.96875,0.20447863305042321
0.3515625,0.9765625,0.20239788203117418
0.359375,0.984375,0.2003047832541936
0.3671875,0.9921875,0.19819946447642256
0.375,1.0,0.1960820541991217
0.0,0.6171875,0.2820134912660492
0.0078125,0.625,0.2805899143866126
0.015625,0.6328125,0.27914921495326334
0.0234375,0.640625,0.27769148099847163
0.03125,0.6484375,0.27621680159282236
0.0390625,0.65625,0.2747252668395579
0.046875,0.6640625,0.27321696786905936
0.0546875,0.671875,0.2716919968332689
0.0625,0.6796875,0.27015044690004886
0.0703125,0.6875,0.2685924122474803
0.078125,0.6953125,0.26701798805810045
0.0859375,0.703125,0.26542727051307474
0.09375,0.7109375,0.26382035678630605
0.1015625,0.71875,0.2621973450384745
0.109375,0.7265625,0.26055833441100856
0.1171875,0.734375,0.25890342501998204
0.125,0.7421875,0.2572327179499355
0.1328125,0.75,0.255546315247621
0.140625,0.7578125,0.25384431991566586
0.1484375,0.765625,0.2521268359061592
0.15625,0.7734375,0.25039396811416265
0.1640625,0.78125,0.24864582237114974
0.171875,0.7890625,0.2468825054383821
0.1796875,0.796875,0.24510412500023115
0.1875,0.8046875,0.2433107896574569
0.1953125,0.8125,0.24150260892045392
0.203125,0.8203125,0.23967969320247517
0.2109375,0.828125,0.2378421538128416
0.21875,0.8359375,0.23599010295014247
0.2265625,0.84375,0.23412365369542895
0.234375,0.8515625,0.23224292000539715
0.2421875,0.859375,0.2303480167055573
0.25,0.8671875,0.22843905948337867
0.2578125,0.875,0.22651616488140347
0.265625,0.8828125,0.22457945029031665
0.2734375,0.890625,0.22262903394196468
0.28125,0.8984375,0.2206650349023139
0.2890625,0.90625,0.21868757306434256
0.296875,0.9140625,0.21669676914086233
0.3046875,0.921875,0.21469274465726665
0.3125,0.9296875,0.2126756219442056
0.3203125,0.9375,0.21064552413019075
0.328125,0.9453125,0.20860257513412706
0.3359375,0.953125,0.2065468996577808
0.34375,0.9609375,0.2044786231781824
0.3515625,0.96875,0.2023978719399695
0.359375,0.9765625,0.2003047729476728
0.3671875,0.984375,0.1981994539579485
0.375,0.9921875,0.19608204347175978
0.3828125,1.0,0.19395267072650862
0.0,0.609375,0.28201349116215474
0.0078125,0.6171875,0.28058991413106316
0.015625,0.625,0.2791492145438563
0.0234375,0.6328125,0.2776914804328691
0.03125,0.640625,0.2762168008685481
0.0390625,0.6484375,0.2747252659539942
0.046875,0.65625,0.27321696681944235
0.0546875,0.6640625,0.2716919956166807
0.0625,0.671875,0.2701504455134082
0.0703125,0.6796875,0.2685924106875313
0.078125,0.6875,0.26701798632139734
0.0859375,0.6953125,0.26542726859596716
0.09375,0.703125,0.2638203546849213
0.1015625,0.7109375,0.2621973427487022
0.109375,0.71875,0.26055833192848554
0.1171875,0.7265625,0.25890342234008495
0.125,0.734375,0.25723271506777967
0.1328125,0.7421875,0.25554631215807017
0.140625,0.75,0.2538443166133576
0.1484375,0.7578125,0.25212683238554645
0.15625,0.765625,0.2503939643695743
0.1640625,0.7734375,0.2486458183968706
0.171875,0.78125,0.24688250122875083
0.1796875,0.7890625,0.2451041205497538
0.1875,0.796875,0.24331078496092906
0.1953125,0.8046875,0.2415026039730877
0.203125,0.8125,0.23967968800002085
0.2109375,0.8203125,0.23784214835169848
0.21875,0.828125,0.23599009722745018
0.2265625,0.8359375,0.234123647709134
0.234375,0.84375,0.23224291375429132
0.2421875,0.8515625,0.2303480101892855
0.25,0.859375,0.22843905270241796
0.2578125,0.8671875,0.22651615783701481
0.265625,0.875,0.22457944298447505
0.2734375,0.8828125,0.22262902637727222
0.28125,0.890625,0.22066502708190142
0.2890625,0.8984375,0.21868756499176578
0.296875,0.90625,0.21669676081999695
0.3046875,0.9140625,0.21469273609220807
0.3125,0.921875,0.21267561313917457
0.3203125,0.9296875,0.2106455150894476
0.328125,0.9375,0.20860256586189724
0.3359375,0.9453125,0.20654689015819078
0.34375,0.953125,0.20447861345520585
0.3515625,0.9609375,0.20239786199738422
0.359375,0.96875,0.20030476278902684
0.3671875,0.9765625,0.19819944358653482
0.375,0.984375,0.19608203289059792
0.3828125,0.9921875,0.1939526599383331
0.390625,1.0,0.1918114546953763
0.0,0.6015625,0.2820134910589547
0.0078125,0.609375,0.2805899138773303
0.015625,0.6171875,0.2791492141375329
0.0234375,0.625,0.2776914798717608
0.03125,0.6328125,0.27621680015032324
0.0390625,0.640625,0.2747252650761813
0.046875,0.6484375,0.27321696577942567
0.0546875,0.65625,0.27169199441169517
0.0625,0.6640625,0.27015044414053146
0.0703125,0.671875,0.2685924091436743
0.078125,0.6796875,0.2670179846032933
0.0859375,0.6875,0.26542726670015854
0.09375,0.6953125,0.26382035260774644
0.1015625,0.703125,0.2621973404862817
0.109375,0.7109375,0.26055832947671115
0.1171875,0.71875,0.25890341969461195
0.125,0.7265625,0.2572327122240255
0.1328125,0.734375,0.2555463091112223
0.140625,0.7421875,0.2538443133583929
0.1484375,0.75,0.2521268289172649
0.15625,0.7578125,0.2503939606826482
0.1640625,0.765625,0.2486458144859109
0.171875,0.7734375,0.24688249708838964
0.1796875,0.78125,0.24510411617474084
0.1875,0.7890625,0.24331078034623912
0.1953125,0.796875,0.24150259911403257
0.203125,0.8046875,0.23967968289236144
0.2109375,0.8125,0.2378421429917486
0.21875,0.8203125,0.23599009161216733
0.2265625,0.828125,0.2341236418361902
0.234375,0.8359375,0.23224290762212027
0.2421875,0.84375,0.23034800379710413
0.25,0.8515625,0.22843904605022108
0.2578125,0.859375,0.22651615092554486
0.265625,0.8671875,0.22457943581516995
0.2734375,0.875,0.2226290189521953
0.28125,0.8828125,0.22066501940365807
0.2890625,0.890625,0.21868755706341186
0.296875,0.8984375,0.21669675264494453
0.3046875,0.90625,0.2146927276741303
0.3125,0.9140625,0.21267560448191633
0.3203125,0.921875,0.2106455061969414
0.328125,0.9296875,0.20860255673808822
0.3359375,0.9375,0.2065468808069703
0.34375,0.9453125,0.2044786038803553
0.3515625,0.953125,0.20239785220252793
0.359375,0.9609375,0.20030475277759383
0.3671875,0.96875,0.19819943336172935
0.375,0.9765625,0.19608202245537654
0.3828125,0.984375,0.1939526492953891
0.390625,0.9921875,0.19181144384712853
0.3984375,1.0,0.18965853679651506
0.0,0.59375,0.2820134909563984
0.0078125,0.6015625,0.28058991362529273
0.015625,0.609375,0.2791492137340998
0.0234375,0.6171875,0.27769147931488225
0.03125,0.625,0.2762167994378128
0.0390625,0.6328125,0.27472526420571347
0.046875,0.640625,0.2732169647485334
0.0546875,0.6484375,0.271691993217765
0.0625,0.65625,0.27015044278079814
0.0703125,0.6640625,0.26859240761521286
0.078125,0.671875,0.2670179829030104
0.0859375,0.6796875,0.26542726482478196
0.09375,0.6875,0.26382035055381453
0.1015625,0.6953125,0.26219733825013225
0.109375,0.703125,0.2605583270544728
0.1171875,0.7109375,0.2589034170821966
0.125,0.71875,0.25723270941712845
0.1328125,0.7265625,0.2555463061053271
0.140625,0.734375,0.2538443101487871
0.1484375,0.7421875,0.2521268254990673
0.15625,0.75,0.25039395705084944
0.1640625,0.7578125,0.24864581063542826
0.171875,0.765625,0.24688249301413648
0.1796875,0.7734375,0.24510411187170886
0.1875,0.78125,0.2433107758095917
0.1953125,0.7890625,0.24150259433920376
0.203125,0.796875,0.23967967787515737
0.2109375,0.8046875,0.23784213772844412
0.21875,0.8125,0.23599008609959377
0.2265625,0.8203125,0.23412363607180747
0.234375,0.828125,0.23224290160407038
0.2421875,0.8359375,0.23034799752424198
0.25,0.84375,0.22843903952212263
0.2578125,0.8515625,0.22651614414249155
0.265625,0.859375,0.22457942877811227
0.2734375,0.8671875,0.22262901166269822
0.28125,0.875,0.22066501186383244
0.2890625,0.8828125,0.21868754927583542
0.296875,0.890625,0.21669674461257707
0.3046875,0.8984375,0.21469271940022744
0.3125,0.90625,0.21267559596994454
0.3203125,0.9140625,0.21064549745049718
0.328125,0.921875,0.20860254776082396
0.3359375,0.9296875,0.20654687160252735
0.34375,0.9375,0.2044785944523061
0.3515625,0.9453125,0.20239784255432525
0.359375,0.953125,0.20030474291253025
0.3671875,0.9609375,0.19819942328290283
0.375,0.96875,0.19608201216566437
0.3828125,0.9765625,0.19395263879742797
0.390625,0.984375,0.1918114331433002
0.3984375,0.9921875,0.18965852588893675
0.40625,1.0,0.1874940484325513
0.0,0.5859375,0.28201349085443606
0.0078125,0.59375,0.2805899133748283
0.015625,0.6015625,0.2791492133333631
0.0234375,0.609375,0.2776914787619681
0.03125,0.6171875,0.2762167987306796
0.0390625,0.625,0.2747252633421821
0.046875,0.6328125,0.27321696372628496
0.0546875,0.640625,0.27169199203433725
0.0625,0.6484375,0.27015044143358086
0.0703125,0.65625,0.26859240610144236
0.078125,0.6640625,0.26701798121976217
0.0859375,0.671875,0.2654272629689628
0.09375,0.6796875,0.2638203485221536
0.1015625,0.6875,0.26219733603917306
0.109375,0.6953125,0.26055832466056517
0.1171875,0.703125,0.25890341450149174
0.125,0.7109375,0.25723270664557746
0.1328125,0.71875,0.25554630313868637
0.140625,0.7265625,0.2538443069826302
0.1484375,0.734375,0.2521268221288071
0.15625,0.7421875,0.2503939534717718
0.1640625,0.75,0.24864580684273774
0.171875,0.7578125,0.24688248900301463
0.1796875,0.765625,0.2451041076373847
0.1875,0.7734375,0.24331077134742182
0.1953125,0.78125,0.2415025896447605
0.203125,0.7890625,0.23967967294431877
0.2109375,0.796875,0.23784213255748382
0.21875,0.8046875,0.2359900806852635
0.2265625,0.8125,0.23412363041140935
0.234375,0.8203125,0.232242895695513
0.2421875,0.828125,0.230347991366079
0.25,0.8359375,0.2284390331135698
0.2578125,0.84375,0.22651613748342472
0.265625,0.8515625,0.22457942186904414
0.2734375,0.859375,0.2226290045047377
0.28125,0.8671875,0.22066500445862952
0.2890625,0.875,0.21868754162551454
0.296875,0.8828125,0.21669673671966294
0.3046875,0.890625,0.2146927112675668
0.3125,0.8984375,0.21267558760062763
0.3203125,0.90625,0.210645488847781
0.328125,0.9140625,0.20860253892806027
0.3359375,0.921875,0.20654686254309623
0.34375,0.9296875,0.2044785851695565
0.3515625,0.9375,0.20239783305152384
0.359375,0.9453125,0.2003047331928166
0.3671875,0.953125,0.19819941334925306
0.375,0.9609375,0.1960820020208612
0.3828125,0.96875,0.19395262844403696
0.390625,0.9765625,0.19181142258365244
0.3984375,0.984375,0.18965851512511575
0.40625,0.9921875,0.1874940374663846
0.4140625,1.0,0.18531812170993556
0.0,0.578125,0.28201349075301774
0.0078125,0.5859375,0.2805899131258149
0.015625,0.59375,0.2791492129351287
0.0234375,0.6015625,0.27769147821275186
0.03125,0.609375,0.27621679802858506
0.0390625,0.6171875,0.2747252624851763
0.046875,0.625,0.27321696271219675
0.0546875,0.6328125,0.27169199086085444
0.0625,0.640625,0.2701504400982471
0.0703125,0.6484375,0.2685924046016525
0.078125,0.65625,0.26701797955275663
0.0859375,0.6640625,0.2654272611318218
0.09375,0.671875,0.2638203465117898
0.1015625,0.6796875,0.26219733385232513
0.109375,0.6875,0.26055832229379167
0.1171875,0.6953125,0.2589034119511674
0.125,0.703125,0.25723270390789177
0.1328125,0.7109375,0.25554630020964814
0.140625,0.71875,0.25384430385807716
0.1484375,0.7265625,0.2521268188044245
0.15625,0.734375,0.2503939499431201
0.1640625,0.7421875,0.24864580310529094
0.171875,0.75,0.2468824850522094
0.1796875,0.7578125,0.2451041034686803
0.1875,0.765625,0.24331076695636997
0.1953125,0.7734375,0.24150258502708197
0.203125,0.78125,0.2396796680959839
0.2109375,0.7890625,0.23784212747479494
0.21875,0.796875,0.23599007536493194
0.2265625,0.8046875,0.23412362485062527
0.234375,0.8125,0.23224288989200326
0.2421875,0.8203125,0.23034798531814962
0.25,0.828125,0.2284390268201317
0.2578125,0.8359375,0.2265161309440005
0.265625,0.84375,0.22457941508375673
0.2734375,0.8515625,0.22262899747428266
0.28125,0.859375,0.22066499718423163
0.2890625,0.8671875,0.21868753410887323
0.296875,0.875,0.2166967289628879
0.3046875,0.8828125,0.21469270327310924
0.3125,0.890625,0.21267557937120785
0.3203125,0.8984375,0.21064548038631734
0.328125,0.90625,0.20860253023759937
0.3359375,0.9140625,0.20654685362674885
0.34375,0.921875,0.204478576030438
0.3515625,0.9296875,0.20239782369270162
0.359375,0.9375,0.20030472361726398
0.3671875,0.9453125,0.19819940355980983
0.375,0.953125,0.19608199202020124
0.3828125,0.9609375,0.19395261823464138
0.390625,0.96875,0.1918114121677888
0.3984375,0.9765625,0.18965850450482194
0.40625,0.984375,0.18749402664345768
0.4140625,0.9921875,0.18531811068592383
0.421875,1.0,0.1831308894308876
0.0,0.5703125,0.2820134906520941
0.0078125,0.578125,0.2805899128781306
0.015625,0.5859375,0.27914921253920244
0.0234375,0.59375,0.27769147766696695
0.03125,0.6015625,0.2762167973311901
0.0390625,0.609375,0.27472526163428435
0.046875,0.6171875,0.27321696170578347
0.0546875,0.625,0.271691989696757
0.0625,0.6328125,0.27015043877416145
0.0703125,0.640625,0.26859240311512966
0.078125,0.6484375,0.2670179779011991
0.0859375,0.65625,0.26542725931247774
0.09375,0.6640625,0.2638203445217491
0.1015625,0.671875,0.26219733168851284
0.109375,0.6796875,0.2605583199529647
0.1171875,0.6875,0.2589034094299106
0.125,0.6953125,0.25723270120261793
0.1328125,0.703125,0.2555462973166007
0.140625,0.7109375,0.25384430077333997
0.1484375,0.71875,0.2521268155239358
0.15625,0.7265625,0.2503939464626964
0.1640625,0.734375,0.24864579942065884
0.171875,0.7421875,0.24688248115904796
0.1796875,0.75,0.24510409936267144
0.1875,0.7578125,0.243310762633259
0.1953125,0.765625,0.2415025804827444
0.203125,0.7734375,0.2396796633264985
0.2109375,0.78125,0.23784212247651573
0.21875,0.7890625,0.23599007013456175
0.2265625,0.796875,0.2341236193852814
0.234375,0.8046875,0.23224288418927558
0.2421875,0.8125,0.23034797937614504
0.25,0.8203125,0.22843902063750568
0.2578125,0.828125,0.22651612451997144
0.265625,0.8359375,0.22457940841810475
0.2734375,0.84375,0.22262899056733176
0.28125,0.8515625,0.22066499003681794
0.2890625,0.859375,0.21868752672230082
0.296875,0.8671875,0.21669672133887533
0.3046875,0.875,0.21469269541372835
0.3125,0.8828125,0.21267557127881942
0.3203125,0.890625,0.21064547206350512
0.328125,0.8984375,0.2086025216871048
0.3359375,0.90625,0.20654684485140884
0.34375,0.9140625,0.20447856703312656
0.3515625,0.921875,0.2023978144762769
0.359375,0.9296875,0.20030471418452137
0.3671875,0.9375,0.19819939391344069
0.375,0.9453125,0.19608198216275782
0.3828125,0.953125,0.19395260816850776
0.390625,0.9609375,0.19181140189515697
0.3984375,0.96875,0.18965849402767318
0.40625,0.9765625,0.18749401596354795
0.4140625,0.984375,0.18531809980477376
0.421875,0.9921875,0.1831308783497754
0.4296875,1.0,0.1809324850852992
0.0,0.5625,0.28201349055161473
0.0078125,0.5703125,0.28058991263165384
0.015625,0.578125,0.27914921214539
0.0234375,0.5859375,0.2776914771243469
0.03125,0.59375,0.27621679663815546
0.0390625,0.6015625,0.2747252607890932
0.046875,0.609375,0.27321696070655865
0.0546875,0.6171875,0.271691988541484
0.0625,0.625,0.270150437460687
0.0703125,0.6328125,0.2685924016411589
0.078125,0.640625,0.26701797626429297
0.0859375,0.6484375,0.26542725751004914
0.09375,0.65625,0.26382034255105863
0.1015625,0.6640625,0.2621973295466656
0.109375,0.671875,0.26055831763690596
0.1171875,0.6796875,0.25890340693642455
0.125,0.6875,0.25723269852832714
0.1328125,0.6953125,0.25554629445796945
0.140625,0.703125,0.2538442977266808
0.1484375,0.7109375,0.25212681228542366
0.15625,0.71875,0.25039394302838724
0.1640625,0.7265625,0.2486457957865173
0.171875,0.734375,0.2468824773209824
0.1796875,0.7421875,0.2451040953165783
0.1875,0.75,0.24331075837507424
0.1953125,0.7578125,0.24150257600850242
0.203125,0.765625,0.23967965863239576
0.2109375,0.7734375,0.2378421175589779
0.21875,0.78125,0.23599006499030858
0.2265625,0.7890625,0.23412361401139048
0.234375,0.796875,0.2322428785832376
0.2421875,0.8046875,0.2303479735359109
0.25,0.8125,0.22843901456152033
0.2578125,0.8203125,0.22651611820719458
0.265625,0.828125,0.22457940186801736
0.2734375,0.8359375,0.22262898377992726
0.28125,0.84375,0.22066498301258047
0.2890625,0.8515625,0.21868751946217058
0.296875,0.859375,0.21669671384420436
0.3046875,0.8671875,0.2146926876862288
0.3125,0.875,0.21267556332050583
0.3203125,0.8828125,0.21064546387663458
0.328125,0.890625,0.20860251327411639
0.3359375,0.8984375,0.20654683621486422
0.34375,0.90625,0.2044785581756537
0.3515625,0.9140625,0.2023978054005177
0.359375,0.921875,0.2003047048930839
0.3671875,0.9296875,0.19819938440885743
0.375,0.9375,0.19608197244744835
0.3828125,0.9453125,0.19395259824474784
0.390625,0.953125,0.19181139176505188
0.3984375,0.9609375,0.1896584836931368
0.40625,0.96875,0.18749400542628558
0.4140625,0.9765625,0.18531808906626923
0.421875,0.984375,0.18313086741128184
0.4296875,0.9921875,0.1809324739478327
0.4375,1.0,0.1787230428425952
0.0,0.5546875,0.28201349045153024
0.0078125,0.5625,0.28058991238626263
0.015625,0.5703125,0.2791492117534979
0.0234375,0.578125,0.2776914765846252
0.03125,0.5859375,0.27621679594914195
0.0390625,0.59375,0.27472525994919095
0.046875,0.6015625,0.2732169597140362
0.0546875,0.609375,0.2716919873944744
0.0625,0.6171875,0.2701504361571865
0.0703125,0.625,0.26859240017902486
0.078125,0.6328125,0.2670179746412423
0.0859375,0.640625,0.26542725572365544
0.09375,0.6484375,0.2638203405987491
0.1015625,0.65625,0.262197327425718
0.109375,0.6640625,0.2605583153444471
0.1171875,0.671875,0.2589034044694282
0.125,0.6796875,0.2572326958836144
0.1328125,0.6875,0.25554629163221193
0.140625,0.6953125,0.25384429471640707
0.1484375,0.703125,0.25212680908703
0.15625,0.7109375,0.25039393963815443
0.1640625,0.71875,0.24864579220063385
0.171875,0.7265625,0.246882473535575
0.1796875,0.734375,0.2451040913277491
0.1875,0.7421875,0.24331075417894568
0.1953125,0.75,0.24150257160126892
0.203125,0.7578125,0.23967965401038
0.2109375,0.765625,0.23784211271869005
0.21875,0.7734375,0.23599005992850697
0.2265625,0.78125,0.23412360872514004
0.234375,0.7890625,0.2322428730699634
0.2421875,0.796875,0.23034796779344452
0.25,0.8046875,0.22843900858813646
0.2578125,0.8125,0.2265161120016358
0.265625,0.8203125,0.22457939542950667
0.2734375,0.828125,0.22262897710816684
0.28125,0.8359375,0.22066497610773803
0.2890625,0.84375,0.21868751232485414
0.296875,0.8515625,0.21669670647542663
0.3046875,0.859375,0.21469268008736314
0.3125,0.8671875,0.21267555549323658
0.3203125,0.875,0.21064545582290287
0.328125,0.8828125,0.20860250499606486
0.3359375,0.890625,0.20654682771478106
0.34375,0.8984375,0.204478549455919
0.3515625,0.90625,0.20239779646355205
0.359375,0.9140625,0.20030469574130172
0.3671875,0.921875,0.19819937504462345
0.375,0.9296875,0.19608196287304028
0.3828125,0.9375,0.1939525884623229
0.390625,0.9453125,0.1918113817766189
0.3984375,0.953125,0.18965847350053236
0.40625,0.9609375,0.18749399503115505
0.4140625,0.96875,0.18531807847005125
0.421875,0.9765625,0.1831308566151965
0.4296875,0.984375,0.18093246295287324
0.4375,0.9921875,0.17872303164952222
0.4453125,1.0,0.17650269754355333
0.0,0.546875,0.28201349035179113
0.0078125,0.5546875,0.28058991214183565
0.015625,0.5625,0.2791492113633324
0.0234375,0.5703125,0.277691476047536
0.03125,0.578125,0.27621679526381054
0.0390625,0.5859375,0.27472525911416534
0.046875,0.59375,0.27321695872773
0.0546875,0.6015625,0.2716919862551674
0.0625,0.609375,0.27015043486302287
0.0703125,0.6171875,0.2685923987280131
0.078125,0.625,0.26701797303125263
0.0859375,0.6328125,0.2654272539524186
0.09375,0.640625,0.2638203386638545
0.1015625,0.6484375,0.2621973253246119
0.109375,0.65625,0.26055831307442995
0.1171875,0.6640625,0.25890340202765527
0.125,0.671875,0.2572326932670961
0.1328125,0.6796875,0.25554628883781627
0.140625,0.6875,0.25384429174086587
0.1484375,0.6953125,0.2521268059269485
0.15625,0.703125,0.2503939362900255
0.1640625,0.7109375,0.24864578866085765
0.171875,0.71875,0.24688246980048512
0.1796875,0.7265625,0.24510408739364517
0.1875,0.734375,0.24331075004213215
0.1953125,0.7421875,0.24150256725809985
0.203125,0.75,0.23967964945730857
0.2109375,0.7578125,0.23784210795232236
0.21875,0.765625,0.23599005494565653
0.2265625,0.7734375,0.23412360352288158
0.234375,0.78125,0.23224286764568414
0.2421875,0.7890625,0.23034796214488956
0.25,0.796875,0.22843900271344567
0.2578125,0.8046875,0.22651610589937246
0.265625,0.8125,0.22457938909867345
0.2734375,0.8203125,0.22262897054821182
0.28125,0.828125,0.2206649693185476
0.2890625,0.8359375,0.2186875053067356
0.296875,0.84375,0.2166966992290806
0.3046875,0.8515625,0.21469267261384714
0.3125,0.859375,0.2126755477939224
0.3203125,0.8671875,0.21064544789942904
0.328125,0.875,0.20860249685028595
0.3359375,0.8828125,0.20654681934871638
0.34375,0.890625,0.20447854087170145
0.3515625,0.8984375,0.2023977876633792
0.359375,0.90625,0.20030468672738877
0.3671875,0.9140625,0.19819936581916164
0.375,0.921875,0.19608195343815743
0.3828125,0.9296875,0.19395257882004957
0.390625,0.9375,0.19181137192885822
0.3984375,0.9453125,0.18965846344903503
0.40625,0.953125,0.18749398477749774
0.4140625,0.9609375,0.18531806801561915
0.421875,0.96875,0.18313084596116946
0.4296875,0.9765625,0.18093245210021514
0.4375,0.984375,0.17872302059897294
0.4453125,0.9921875,0.17650268629562368
0.453125,1.0,0.17427158469208295
0.0,0.5390625,0.282013490252347
0.0078125,0.546875,0.28058991189825194
0.015625,0.5546875,0.2791492109747002
0.0234375,0.5625,0.2776914755128138
0.03125,0.5703125,0.2762167945818234
0.0390625,0.578125,0.2747252582836049
0.046875,0.5859375,0.27321695774715493
0.0546875,0.59375,0.27169198512300313
0.0625,0.6015625,0.27015043357756086
0.0703125,0.609375,0.26859239728741047
0.078125,0.6171875,0.26701797143353123
0.0859375,0.625,0.26542725219546387
0.09375,0.6328125,0.2638203367454143
0.1015625,0.640625,0.262197323242295
0.109375,0.6484375,0.2605583108257063
0.1171875,0.65625,0.2589033996098542
0.125,0.6640625,0.2572326906774086
0.1328125,0.671875,0.2555462860732977
0.140625,0.6796875,0.2538442887984411
0.1484375,0.6875,0.25212680280342015
0.15625,0.6953125,0.25039393298208684
0.1640625,0.703125,0.24864578516510955
0.171875,0.7109375,0.2468824661134584
0.1796875,0.71875,0.2451040835118289
0.1875,0.7265625,0.24331074596200736
0.1953125,0.734375,0.24150256297617845
0.203125,0.7421875,0.23967964497017782
0.2109375,0.75,0.23784210325669194
0.21875,0.7578125,0.23599005003840814
0.2265625,0.765625,0.23412359840111874
0.234375,0.7734375,0.23224286230677985
0.2421875,0.78125,0.23034795658652996
0.25,0.7890625,0.2284389969336679
0.2578125,0.796875,0.22651609989659358
0.265625,0.8046875,0.22457938287171125
0.2734375,0.8125,0.22262896409629468
0.28125,0.8203125,0.2206649626413139
0.2890625,0.828125,0.21868749840422277
0.296875,0.8359375,0.2166966921017046
0.3046875,0.84375,0.21469266526237346
0.3125,0.8515625,0.2126755402194298
0.3203125,0.859375,0.21064544010326813
0.328125,0.8671875,0.2086024888340344
0.3359375,0.875,0.20654681111413128
0.34375,0.8828125,0.20447853242067182
0.3515625,0.890625,0.20239777899787909
0.359375,0.8984375,0.20030467784943307
0.3671875,0.90625,0.19819935673076272
0.375,0.9140625,0.19608194414128746
0.3828125,0.921875,0.19395256931660512
0.390625,0.9296875,0.19181136222062975
0.3984375,0.9375,0.18965845353767904
0.40625,0.9453125,0.18749397466451456
0.4140625,0.953125,0.18531805770233312
0.421875,0.9609375,0.18313083544871306
0.4296875,0.96875,0.1809324413895164
0.4375,0.9765625,0.17872300969074575
0.4453125,0.984375,0.17650267519036011
0.453125,0.9921875,0.1742715733900488
0.4609375,1.0,0.17202984044696468
0.0,0.53125,0.2820134901531493
0.0078125,0.5390625,0.28058991165539027
0.015625,0.546875,0.2791492105874088
0.0234375,0.5546875,0.277691474980194
0.03125,0.5625,0.27621679390284304
0.0390625,0.5703125,0.2747252574570994
0.046875,0.578125,0.27321695677182734
0.0546875,0.5859375,0.2716919839974231
0.0625,0.59375,0.2701504323001663
0.0703125,0.6015625,0.26859239585650607
0.078125,0.609375,0.26701796984728826
0.0859375,0.6171875,0.26542725045191995
0.09375,0.625,0.2638203348424725
0.1015625,0.6328125,0.26219732117772343
0.109375,0.640625,0.26055830859713797
0.1171875,0.6484375,0.25890339721478733
0.125,0.65625,0.2572326881132078
0.1328125,0.6640625,0.2555462833371971
0.140625,0.671875,0.2538442858875492
0.1484375,0.6796875,0.25212679971472773
0.15625,0.6875,0.25039392971247737
0.1640625,0.6953125,0.24864578171137472
0.171875,0.703125,0.24688246247231727
0.1796875,0.7109375,0.24510407967995232
0.1875,0.71875,0.24331074193604751
0.1953125,0.7265625,0.24150255875280321
0.203125,0.734375,0.23967964054610952
0.2109375,0.7421875,0.2378420986287495
0.21875,0.75,0.23599004520355213
0.2265625,0.7578125,0.2341235933564964
0.234375,0.765625,0.23224285704976982
0.2421875,0.7734375,0.23034795111478368
0.25,0.78125,0.22843899124514674
0.2578125,0.7890625,0.22651609398959924
0.265625,0.796875,0.22457937674490802
0.2734375,0.8046875,0.22262895774872338
0.28125,0.8125,0.22066495607239636
0.2890625,0.8203125,0.2186874916137564
0.296875,0.828125,0.2166966850898479
0.3046875,0.8359375,0.21469265802962378
0.3125,0.84375,0.2126755327665934
0.3203125,0.8515625,0.21064543243142467
0.328125,0.859375,0.20860248094449668
0.3359375,0.8671875,0.20654680300840317
0.34375,0.875,0.20447852410040399
0.3515625,0.8828125,0.20239777046482496
0.359375,0.890625,0.20030466910540548
0.3671875,0.8984375,0.19819934777759363
0.375,0.90625,0.196081934980789
0.3828125,0.9140625,0.19395255995053462
0.390625,0.921875,0.191811352650658
0.3984375,0.9296875,0.18965844376536223
0.40625,0.9375,0.18749396469126944
0.4140625,0.9453125,0.18531804752941644
0.421875,0.953125,0.18313082507720363
0.4296875,0.9609375,0.18093243082030042
0.4375,0.96875,0.17872299892450527
0.4453125,0.9765625,0.17650266422756417
0.453125,0.984375,0.1742715622309464
0.4609375,0.9921875,0.17202982909158046
0.46875,1.0,0.16977760161354896
0.0,0.5234375,0.28201349005414844
0.0078125,0.53125,0.28058991141312983
0.015625,0.5390625,0.2791492102012657
0.0234375,0.546875,0.27769147444941195
0.03125,0.5546875,0.2762167932265329
0.0390625,0.5625,0.2747252566342397
0.046875,0.5703125,0.2732169558012641
0.0546875,0.578125,0.27169198287787094
0.0625,0.5859375,0.27015043103020747
0.0703125,0.59375,0.2685923944345914
0.078125,0.6015625,0.26701796827173735
0.0859375,0.609375,0.2654272487209202
0.09375,0.6171875,0.2638203329540793
0.1015625,0.625,0.26219731912986055
0.109375,0.6328125,0.26055830638759747
0.1171875,0.640625,0.25890339484123076
0.125,0.6484375,0.25723268557316714
0.1328125,0.65625,0.2555462806280785
0.140625,0.6640625,0.2538442830066372
0.1484375,0.671875,0.2521267966591922
0.15625,0.6796875,0.25039392647938347
0.1640625,0.6875,0.248645778297696
0.171875,0.6953125,0.24688245887495264
0.1796875,0.703125,0.24510407589574756
0.1875,0.7109375,0.24331073796182082
0.1953125,0.71875,0.24150255458537526
0.203125,0.7265625,0.23967963618233812
0.2109375,0.734375,0.23784209406556714
0.21875,0.7421875,0.23599004043800595
0.2265625,0.75,0.2341235883857898
0.234375,0.7578125,0.2322428518713036
0.2421875,0.765625,0.23034794572619527
0.25,0.7734375,0.2284389856443457
0.2578125,0.78125,0.22651608817479807
0.265625,0.7890625,0.2245793707146465
0.2734375,0.796875,0.22262895150188441
0.28125,0.8046875,0.2206649496082146
0.2890625,0.8125,0.21868748493181747
0.296875,0.8203125,0.2166966781900798
0.3046875,0.828125,0.21469265091227974
0.3125,0.8359375,0.21267552543222798
0.3203125,0.84375,0.21064542488086394
0.328125,0.8515625,0.20860247317880323
0.3359375,0.859375,0.20654679502883816
0.34375,0.8671875,0.2044785159083867
0.3515625,0.875,0.20239776206189217
0.359375,0.8828125,0.20030466049317053
0.3671875,0.890625,0.19819933895770664
0.375,0.8984375,0.19608192595489973
0.3828125,0.90625,0.19395255072025708
0.390625,0.9140625,0.19181134321753862
0.3984375,0.921875,0.18965843413085087
0.40625,0.9296875,0.1874939548566936
0.4140625,0.9375,0.18531803749595913
0.421875,0.9453125,0.1831308148458838
0.4296875,0.953125,0.18093242039195706
0.4375,0.9609375,0.1787229882997839
0.4453125,0.96875,0.17650265340690596
0.453125,0.9765625,0.17427155121457988
0.4609375,0.984375,0.17202981787951518
0.46875,0.9921875,0.16977759020557157
0.4765625,1.0,0.16751500563541694
0.0,0.515625,0.2820134899552951
0.0078125,0.5234375,0.2805899111713503
0.015625,0.53125,0.2791492098160789
0.0234375,0.5390625,0.27769147392020394
0.03125,0.546875,0.27621679255255704
0.0390625,0.5546875,0.274725255814617
0.046875,0.5625,0.273216954834984
0.0546875,0.5703125,0.27169198176379106
0.0625,0.578125,0.27015042976705433
0.0703125,0.5859375,0.26859239302096083
0.078125,0.59375,0.2670179667060953
0.0859375,0.6015625,0.26542724700160203
0.09375,0.609375,0.2638203310792905
0.1015625,0.6171875,0.2621973170976773
0.109375,0.625,0.26055830419596715
0.1171875,0.6328125,0.25890339248797334
0.125,0.640625,0.25723268305597724
0.1328125,0.6484375,0.2555462779445279
0.140625,0.65625,0.25384428015417926
0.1484375,0.6640625,0.25212679363516893
0.15625,0.671875,0.2503939232810339
0.1640625,0.6796875,0.2486457749221677
0.171875,0.6875,0.24688245531931702
0.1796875,0.6953125,0.24510407215701852
0.1875,0.703125,0.2433107340369774
0.1953125,0.7109375,0.24150255047138844
0.203125,0.71875,0.23967963187620045
0.2109375,0.7265625,0.23784208956432704
0.21875,0.734375,0.2359900357388035
0.2265625,0.7421875,0.23412358348589452
0.234375,0.75,0.232242846768152
0.2421875,0.7578125,0.23034794041742795
0.25,0.765625,0.22843898012784158
0.2578125,0.7734375,0.22651608244870455
0.265625,0.78125,0.22457936477740367
0.2734375,0.7890625,0.22262894535224442
0.28125,0.796875,0.22066494324525215
0.2890625,0.8046875,0.21868747835493385
0.296875,0.8125,0.21669667139899748
0.3046875,0.8203125,0.21469264390703174
0.3125,0.828125,0.21267551821313857
0.3203125,0.8359375,0.2106454174485237
0.328125,0.84375,0.20860246553403955
0.3359375,0.8515625,0.20654678717268146
0.34375,0.859375,0.2044785078420342
0.3515625,0.8671875,0.20239775378666994
0.359375,0.875,0.20030465201049522
0.3671875,0.8828125,0.19819933026904812
0.375,0.890625,0.19608191706174408
0.3828125,0.8984375,0.19395254162407286
0.390625,0.90625,0.191811333919744
0.3984375,0.9140625,0.18965842463278498
0.40625,0.921875,0.18749394515958967
0.4140625,0.9296875,0.18531802760092098
0.421875,0.9375,0.18313080475386567
0.4296875,0.9453125,0.1809324101037455
0.4375,0.953125,0.1787229778159831
0.4453125,0.9609375,0.17650264272792524
0.453125,0.96875,0.1742715403406237
0.4609375,0.9765625,0.17202980681057525
0.46875,0.984375,0.1697775789414208
0.4765625,0.9921875,0.16751499417560597
0.484375,1.0,0.16524219058600173
0.0,0.5078125,0.2820134898565407
0.0078125,0.515625,0.2805899109299312
0.015625,0.5234375,0.2791492094316568
0.0234375,0.53125,0.2776914733923069
0.03125,0.5390625,0.27621679188058057
0.0390625,0.546875,0.2747252549978244
0.046875,0.5546875,0.27321695387250694
0.0546875,0.5625,0.27169198065463
0.0625,0.5703125,0.27015042851007953
0.0703125,0.578125,0.26859239161491216
0.078125,0.5859375,0.26701796514958254
0.0859375,0.59375,0.26542724529310757
0.09375,0.6015625,0.2638203292171675
0.1015625,0.609375,0.26219731508015187
0.109375,0.6171875,0.2605583020211389
0.1171875,0.625,0.25890339015381675
0.125,0.6328125,0.25723268056034443
0.1328125,0.640625,0.255546275285151
0.140625,0.6484375,0.25384427732867515
0.1484375,0.65625,0.252126790641045
0.15625,0.6640625,0.25039392011569583
0.1640625,0.671875,0.24864577158293055
0.171875,0.6796875,0.24688245180341795
0.1796875,0.6875,0.24510406846163368
0.1875,0.6953125,0.24331073015924187
0.1953125,0.703125,0.24150254640841964
0.203125,0.7109375,0.23967962762512526
0.2109375,0.71875,0.23784208512231136
0.21875,0.7265625,0.23599003110308495
0.2265625,0.734375,0.23412357865381633
0.234375,0.7421875,0.2322428417371981
0.2421875,0.75,0.23034793518525715
0.25,0.7578125,0.22843897469231966
0.2578125,0.765625,0.22651607680793395
0.265625,0.7734375,0.22457935892974887
0.2734375,0.78125,0.2226289392963506
0.28125,0.7890625,0.2206649369800595
0.2890625,0.796875,0.2186874718796837
0.296875,0.8046875,0.21669666471323237
0.3046875,0.8125,0.214692637010587
0.3125,0.8203125,0.21267551110612903
0.3203125,0.828125,0.21064541013132332
0.328125,0.8359375,0.2086024580072566
0.3359375,0.84375,0.20654677943712865
0.34375,0.8515625,0.20447849989869663
0.3515625,0.859375,0.2023977456366706
0.359375,0.8671875,0.2003046436550591
0.3671875,0.875,0.19819932170946705
0.375,0.8828125,0.19608190829934166
0.3828125,0.890625,0.19395253266017057
0.390625,0.8984375,0.19181132475562987
0.3984375,0.90625,0.1896584152696839
0.40625,0.9140625,0.18749393559863656
0.4140625,0.921875,0.18531801784313626
0.421875,0.9296875,0.18313079480013403
0.4296875,0.9375,0.18093239995479676
0.4375,0.9453125,0.17872296747237595
0.4453125,0.953125,0.1765026321900331
0.453125,0.9609375,0.17427152960862363
0.4609375,0.96875,0.17202979588443817
0.46875,0.9765625,0.16977756782090433
0.4765625,0.984375,0.16751498286024877
0.484375,0.9921875,0.1652421790751197
0.4921875,1.0,0.16295929516017232
0.0,0.5,0.2820134897578352
0.0078125,0.5078125,0.2805899106887525
0.015625,0.515625,0.2791492090478079
0.0234375,0.5234375,0.27769147286545776
0.03125,0.53125,0.2762167912102689
0.0390625,0.5390625,0.27472525418345545
0.046875,0.546875,0.2732169529133541
0.0546875,0.5546875,0.27169197954983626
0.0625,0.5625,0.27015042725865734
0.0703125,0.5703125,0.26859239021574477
0.078125,0.578125,0.26701796360142394
0.0859375,0.5859375,0.2654272435945838
0.09375,0.59375,0.26382032736677813
0.1015625,0.6015625,0.2621973130762702
0.109375,0.609375,0.26055829986201373
0.1171875,0.6171875,0.2589033878375743
0.125,0.625,0.2572326780849901
0.1328125,0.6328125,0.25554627264857277
0.140625,0.640625,0.253844274528648
0.1484375,0.6484375,0.25212678767523594
0.15625,0.65625,0.25039391698167174
0.1640625,0.6640625,0.2486457682781673
0.171875,0.671875,0.2468824483253127
0.1796875,0.6796875,0.24510406480751942
0.1875,0.6875,0.24331072632640513
0.1953125,0.6953125,0.24150254239412144
0.203125,0.703125,0.23967962342662483
0.2109375,0.7109375,0.23784208073689314
0.21875,0.71875,0.23599002652808726
0.2265625,0.7265625,0.2341235738866629
0.234375,0.734375,0.23224283677542942
0.2421875,0.7421875,0.2303479300265623
0.25,0.75,0.22843896933456706
0.2578125,0.7578125,0.2265160712491995
0.265625,0.765625,0.2245793531683408
0.2734375,0.7734375,0.2226289333308299
0.28125,0.78125,0.22066493080925492
0.2890625,0.7890625,0.21868746550270024
0.296875,0.796875,0.21669665812945488
0.3046875,0.8046875,0.21469263021967588
0.3125,0.8125,0.21267550410801025
0.3203125,0.8203125,0.21064540292617306
0.328125,0.828125,0.20860245059547997
0.3359375,0.8359375,0.2065467718193349
0.34375,0.84375,0.20447849207567
0.3515625,0.8515625,0.20239773760933935
0.359375,0.859375,0.20030463542446336
0.3671875,0.8671875,0.1981993132767245
0.375,0.875,0.1960818996656151
0.3828125,0.8828125,0.19395252382663514
0.390625,0.890625,0.1918113157234421
0.3984375,0.8984375,0.18965840603995232
0.40625,0.90625,0.18749392617239474
0.4140625,0.9140625,0.1853180082213178
0.421875,0.921875,0.18313078498355037
0.4296875,0.9296875,0.18093238994411687
0.4375,0.9375,0.17872295726810916
0.4453125,0.9453125,0.17650262179251386
0.453125,0.953125,0.17427151901799826
0.4609375,0.9609375,0.1720297851006544
0.46875,0.96875,0.1697775568437022
0.4765625,0.9765625,0.16751497168915364
0.484375,0.984375,0.16524216770943723
0.4921875,0.9921875,0.16295928359898465
0.5,1.0,0.16066645866577967
0.0,0.4921875,0.28201348965912976
0.0078125,0.5,0.2805899104476941
0.015625,0.5078125,0.27914920866434106
0.0234375,0.515625,0.2776914723393945
0.03125,0.5234375,0.2762167905412883
0.0390625,0.53125,0.27472525337110437
0.046875,0.5390625,0.2732169519570482
0.0546875,0.546875,0.27169197844885995
0.0625,0.5546875,0.2701504260121648
0.0703125,0.5625,0.2685923888227613
0.078125,0.5703125,0.2670179620608466
0.0859375,0.578125,0.2654272419051818
0.09375,0.5859375,0.2638203255271956
0.1015625,0.59375,0.26219731108502525
0.109375,0.6015625,0.2605582977175022
0.1171875,0.609375,0.25890338553807063
0.125,0.6171875,0.2572326756286498
0.1328125,0.625,0.25554627003343566
0.140625,0.6328125,0.2538442717526423
0.1484375,0.640625,0.2521267847361836
0.15625,0.6484375,0.2503939138772955
0.1640625,0.65625,0.24864576500609883
0.171875,0.6640625,0.2468824448831036
0.1796875,0.671875,0.2451040611926546
0.1875,0.6796875,0.24331072253631836
0.1953125,0.6875,0.241502538426214
0.203125,0.6953125,0.23967961927828693
0.2109375,0.703125,0.23784207640552762
0.21875,0.7109375,0.23599002201113614
0.2265625,0.71875,0.23412356918163482
0.234375,0.7265625,0.2322428318799293
0.2421875,0.734375,0.23034792493832015
0.25,0.7421875,0.22843896405146705
0.2578125,0.75,0.22651606576930672
0.265625,0.7578125,0.22457934748992547
0.2734375,0.765625,0.22262892745238838
0.28125,0.7734375,0.22066492472952495
0.2890625,0.78125,0.21868745922067268
0.296875,0.7890625,0.21669665164437854
0.3046875,0.796875,0.2146926235310572
0.3125,0.8046875,0.2126754972156067
0.3203125,0.8125,0.21064539582998112
0.328125,0.8203125,0.2086024432957186
0.3359375,0.828125,0.20654676431642377
0.34375,0.8359375,0.2044784843702049
0.3515625,0.84375,0.20239772970206396
0.359375,0.8515625,0.20030462731623955
0.3671875,0.859375,0.19819930496850158
0.375,0.8671875,0.19608189115839836
0.3828125,0.875,0.19395251512145484
0.390625,0.8828125,0.19181130682132339
0.3984375,0.890625,0.18965839694188638
0.40625,0.8984375,0.1874939168793118
0.4140625,0.90625,0.18531799873406202
0.421875,0.9140625,0.1831307753028566
0.4296875,0.921875,0.18093238007059034
0.4375,0.9296875,0.1787229472022065
0.4453125,0.9375,0.1765026115345272
0.453125,0.9453125,0.1742715085680407
0.4609375,0.953125,0.17202977445864795
0.46875,0.9609375,0.16977754600936762
0.4765625,0.96875,0.16751496066200194
0.484375,0.9765625,0.16524215648876295
0.4921875,0.984375,0.16295927218386094
0.5,0.9921875,0.16066644705505478
0.5078125,1.0,0.15836382101516586
0.0,0.484375,0.2820134895603747
0.0078125,0.4921875,0.2805899102066356
0.015625,0.5,0.2791492082810652
0.0234375,0.5078125,0.2776914718138549
0.03125,0.515625,0.27621678987330556
0.0390625,0.5234375,0.2747252525603671
0.046875,0.53125,0.273216951003113
0.0546875,0.5390625,0.27169197735115247
0.0625,0.546875,0.2701504247699809
0.0703125,0.5546875,0.26859238743526753
0.078125,0.5625,0.26701796052708154
0.0859375,0.5703125,0.26542724022405734
0.09375,0.578125,0.2638203236974977
0.1015625,0.5859375,0.2621973091054168
0.109375,0.59375,0.2605582955865232
0.1171875,0.6015625,0.25890338325414103
0.125,0.609375,0.2572326731900721
0.1328125,0.6171875,0.2555462674383981
0.140625,0.625,0.25384426899922263
0.1484375,0.6328125,0.2521267818223544
0.15625,0.640625,0.2503939108009304
0.1640625,0.6484375,0.24864576176498057
0.171875,0.65625,0.2468824414749337
0.1796875,0.6640625,0.24510405761506535
0.1875,0.671875,0.24331071878688684
0.1953125,0.6796875,0.241502534502479
0.203125,0.6875,0.23967961517776754
0.2109375,0.6953125,0.23784207212574518
0.21875,0.703125,0.2359900175496377
0.2265625,0.7109375,0.2341235645360183
0.234375,0.71875,0.23224282704786986
0.2421875,0.7265625,0.2303479199175977
0.25,0.734375,0.2284389588399928
0.2578125,0.7421875,0.22651606036514857
0.265625,0.75,0.22457934189133158
0.2734375,0.7578125,0.2226289216578077
0.28125,0.765625,0.22066491873762395
0.2890625,0.7734375,0.2186874530303477
0.296875,0.78125,0.21669664525476254
0.3046875,0.7890625,0.21469261694152253
0.3125,0.796875,0.21267549042576142
0.3203125,0.8046875,0.21064538883966055
0.328125,0.8125,0.20860243610497167
0.3359375,0.8203125,0.20654675692549562
0.34375,0.828125,0.20447847677951522
0.3515625,0.8359375,0.20239772191218222
0.359375,0.84375,0.20030461932785826
0.3671875,0.8515625,0.19819929678240777
0.375,0.859375,0.1960818827754443
0.3828125,0.8671875,0.19395250654252863
0.390625,0.875,0.19181129804732017
0.3984375,0.8828125,0.18965838797367993
0.40625,0.890625,0.1874939077177279
0.4140625,0.8984375,0.18531798937985355
0.421875,0.90625,0.18313076575667983
0.4296875,0.9140625,0.18093237033298395
0.4375,0.921875,0.17872293727357189
0.4453125,0.9296875,0.17650260141511148
0.453125,0.9375,0.17427149825792107
0.4609375,0.9453125,0.17202976395771885
0.46875,0.953125,0.16977753531732873
0.4765625,0.9609375,0.16751494977834877
0.484375,0.96875,0.1652421454127786
0.4921875,0.9765625,0.1629592609146097
0.5,0.984375,0.16066643559137728
0.5078125,0.9921875,0.1583638093556757
0.515625,1.0,0.15605152271663722
0.0,0.4765625,0.2820134894615219
0.0078125,0.484375,0.2805899099654568
0.015625,0.4921875,0.2791492078977895
0.0234375,0.5,0.2776914712885772
0.03125,0.5078125,0.2762167892059879
0.0390625,0.515625,0.2747252517508394
0.046875,0.5234375,0.27321695005107294
0.0546875,0.53125,0.2716919762561669
0.0625,0.5390625,0.2701504235314863
0.0703125,0.546875,0.2685923860525713
0.078125,0.5546875,0.2670179589993633
0.0859375,0.5625,0.26542723855037004
0.09375,0.5703125,0.26382032187676907
0.1015625,0.578125,0.2621973071364513
0.109375,0.5859375,0.2605582934680036
0.1171875,0.59375,0.2589033809846307
0.125,0.6015625,0.25723267076801803
0.1328125,0.609375,0.2555462648621336
0.140625,0.6171875,0.25384426626697165
0.1484375,0.625,0.25212677893223645
0.15625,0.6328125,0.25039390775096604
0.1640625,0.640625,0.24864575855309953
0.171875,0.6484375,0.24688243809898303
0.1796875,0.65625,0.24510405407282057
0.1875,0.6640625,0.24331071507606516
0.1953125,0.671875,0.24150253062075336
0.203125,0.6796875,0.23967961112278463
0.2109375,0.6875,0.23784206789514423
0.21875,0.6953125,0.23599001314107176
0.2265625,0.703125,0.23412355994717732
0.234375,0.7109375,0.23224282227650506
0.2421875,0.71875,0.23034791496154583
0.25,0.7265625,0.22843895369720163
0.2578125,0.734375,0.22651605503370073
0.265625,0.7421875,0.22457933636946714
0.2734375,0.75,0.22262891594394413
0.28125,0.7578125,0.22066491283037326
0.2890625,0.765625,0.21868744692852968
0.296875,0.7734375,0.21669663895741337
0.3046875,0.78125,0.21469261044789936
0.3125,0.7890625,0.21267548373534112
0.3203125,0.796875,0.21064538195213445
0.328125,0.8046875,0.20860242902023543
0.3359375,0.8125,0.20654674964363454
0.34375,0.8203125,0.20447846930078575
0.3515625,0.828125,0.2023977142369908
0.359375,0.8359375,0.20030461145673717
0.3671875,0.84375,0.19819928871598902
0.375,0.8515625,0.19608187451443268
0.3828125,0.859375,0.19395249808767392
0.390625,0.8671875,0.19181128939938955
0.3984375,0.875,0.18965837913343084
0.40625,0.8828125,0.18749389868588184
0.4140625,0.890625,0.18531798015707085
0.421875,0.8984375,0.18313075634353695
0.4296875,0.90625,0.18093236072995086
0.4375,0.9140625,0.17872292748099272
0.4453125,0.921875,0.17650259143318597
0.453125,0.9296875,0.17427148808668905
0.4609375,0.9375,0.17202975359704484
0.46875,0.9453125,0.16977752476689015
0.4765625,0.953125,0.16751493903762446
0.484375,0.9609375,0.16524213448103972
0.4921875,0.96875,0.16295924979091195
0.5,0.9765625,0.1606664242745545
0.5078125,0.984375,0.15836379784433538
0.515625,0.9921875,0.15605151100915682
0.5234375,1.0,0.15372970486590065
0.0,0.46875,0.2820134893625212
0.0078125,0.4765625,0.280589909724038
0.015625,0.484375,0.2791492075143227
0.0234375,0.4921875,0.2776914707632994
0.03125,0.5,0.27621678853900283
0.0390625,0.5078125,0.2747252509421177
0.046875,0.515625,0.2732169491004536
0.0546875,0.5234375,0.27169197516335725
0.0625,0.53125,0.2701504222960634
0.0703125,0.5390625,0.26859238467398294
0.078125,0.546875,0.2670179574769293
0.0859375,0.5546875,0.26542723688328346
0.09375,0.5625,0.2638203200640981
0.1015625,0.5703125,0.2621973051771409
0.109375,0.578125,0.2605582913608777
0.1171875,0.5859375,0.25890337872839436
0.125,0.59375,0.25723266836125985
0.1328125,0.6015625,0.2555462623033299
0.140625,0.609375,0.2538442635544894
0.1484375,0.6171875,0.2521267760643384
0.15625,0.625,0.25039390472581663
0.1640625,0.6328125,0.24864575536877115
0.171875,0.640625,0.24688243475346508
0.1796875,0.6484375,0.24510405056402848
0.1875,0.65625,0.24331071140185237
0.1953125,0.6640625,0.24150252677892506
0.203125,0.671875,0.23967960711111277
0.2109375,0.6796875,0.23784206371138508
0.21875,0.6875,0.23599000878298534
0.2265625,0.6953125,0.23412355541254806
0.234375,0.703125,0.23224281756316378
0.2421875,0.7109375,0.2303479100673928
0.25,0.71875,0.22843894862022934
0.2578125,0.7265625,0.2265160497720168
0.265625,0.734375,0.22457933092131552
0.2734375,0.7421875,0.22262891030772483
0.28125,0.75,0.22066490700465938
0.2890625,0.7578125,0.21868744091208084
0.296875,0.765625,0.21669663274918655
0.3046875,0.7734375,0.21469260404705345
0.3125,0.78125,0.21267547714123936
0.3203125,0.7890625,0.21064537516434131
0.328125,0.796875,0.2086024220385088
0.3359375,0.8046875,0.20654674246791432
0.34375,0.8125,0.20447846193117886
0.3515625,0.8203125,0.20239770667375218
0.359375,0.828125,0.20030460370024833
0.3671875,0.8359375,0.1981992807667352
0.375,0.84375,0.1960818663729773
0.3828125,0.8515625,0.19395248975463328
0.390625,0.859375,0.19181128087540614
0.3984375,0.8671875,0.18965837041914757
0.40625,0.875,0.18749388978191672
0.4140625,0.8828125,0.18531797106399203
0.421875,0.890625,0.18313074706183954
0.4296875,0.8984375,0.18093235126003526
0.4375,0.90625,0.1787229178231441
0.4453125,0.9140625,0.17650258158755544
0.453125,0.921875,0.1742714780532765
0.4609375,0.9296875,0.17202974337568408
0.46875,0.9375,0.16977751435723487
0.4765625,0.9453125,0.16751492843913612
0.484375,0.953125,0.16524212369297728
0.4921875,0.9609375,0.16295923881232258
0.5,0.96875,0.16066641310426624
0.5078125,0.9765625,0.15836378648095098
0.515625,0.984375,0.15605149945104893
0.5234375,0.9921875,0.1537296931112087
0.53125,1.0,0.15139850913746528
0.0,0.4609375,0.28201348926332365
0.0078125,0.46875,0.2805899094822586
0.015625,0.4765625,0.279149207130474
0.0234375,0.484375,0.2776914702377599
0.03125,0.4921875,0.27621678787201775
0.0390625,0.5,0.2747252501337991
0.046875,0.5078125,0.27321694815078096
0.0546875,0.515625,0.27169197407217865
0.0625,0.5234375,0.2701504210630962
0.0703125,0.53125,0.2685923832988147
0.078125,0.5390625,0.26701795595901934
0.0859375,0.546875,0.2654272352219646
0.09375,0.5546875,0.26382031825857793
0.1015625,0.5625,0.262197303226504
0.109375,0.5703125,0.26055828926408714
0.1171875,0.578125,0.258903376484295
0.125,0.5859375,0.2572326659685804
0.1328125,0.59375,0.2555462597606872
0.140625,0.6015625,0.2538442608603911
0.1484375,0.609375,0.2521267732171878
0.15625,0.6171875,0.2503939017239184
0.1640625,0.625,0.24864575221033763
0.171875,0.6328125,0.24688243143662417
0.1796875,0.640625,0.24510404708683248
0.1875,0.6484375,0.24331070776228847
0.1953125,0.65625,0.24150252297492736
0.203125,0.6640625,0.23967960314057726
0.2109375,0.671875,0.23784205957218446
0.21875,0.6796875,0.23599000447298676
0.2265625,0.6875,0.23412355092963216
0.234375,0.6953125,0.2322428129052444
0.2421875,0.703125,0.23034790523243867
0.25,0.7109375,0.2284389436062849
0.2578125,0.71875,0.22651604457722316
0.265625,0.7265625,0.22457932554393142
0.2734375,0.734375,0.22262890474614522
0.28125,0.7421875,0.22066490125743196
0.2890625,0.75,0.2186874349779205
0.296875,0.7578125,0.21669662662698594
0.3046875,0.765625,0.2146925977358902
0.3125,0.7734375,0.21267547064037956
0.3203125,0.78125,0.2106453684732381
0.328125,0.7890625,0.20860241515679798
0.3359375,0.796875,0.20654673539540505
0.34375,0.8046875,0.2044784546678411
0.3515625,0.8125,0.2023976992197012
0.359375,0.8203125,0.20030459605572537
0.3671875,0.828125,0.19819927293208714
0.375,0.8359375,0.19608185834863356
0.3828125,0.84375,0.19395248154108158
0.390625,0.8515625,0.19181127247316868
0.3984375,0.859375,0.18965836182875564
0.40625,0.8671875,0.18749388100388603
0.4140625,0.875,0.18531796209879947
0.421875,0.8828125,0.1831307379098991
0.4296875,0.890625,0.18093234192167698
0.4375,0.8984375,0.178722908298593
0.4453125,0.90625,0.1765025718769126
0.453125,0.9140625,0.17427146815650138
0.4609375,0.921875,0.172029733292578
0.46875,0.9296875,0.16977750408742692
0.4765625,0.9375,0.16751491798206994
0.484375,0.9453125,0.16524211304789904
0.4921875,0.953125,0.16295922797827153
0.5,0.9609375,0.16066640208006538
0.5078125,0.96875,0.15836377526519987
0.515625,0.9765625,0.15605148804211774
0.5234375,0.984375,0.15372968150723326
0.53125,0.9921875,0.15139849733634406
0.5390625,1.0,0.1490580777760092
0.0,0.453125,0.2820134891638797
0.0078125,0.4609375,0.2805899092399983
0.015625,0.46875,0.2791492067460519
0.0234375,0.4765625,0.2776914697116967
0.03125,0.484375,0.2762167872047002
0.0390625,0.4921875,0.2747252493254805
0.046875,0.5,0.2732169472015817
0.0546875,0.5078125,0.271691972982087
0.0625,0.515625,0.27015041983196947
0.0703125,0.5234375,0.26859238192638035
0.078125,0.53125,0.2670179544448758
0.0859375,0.5390625,0.2654272335655835
0.09375,0.546875,0.2638203164593056
0.1015625,0.5546875,0.2621973012835631
0.109375,0.5625,0.2605582871765797
0.1171875,0.5703125,0.25890337425120385
0.125,0.578125,0.2572326635887732
0.1328125,0.5859375,0.255546257232918
0.140625,0.59375,0.25384425818330625
0.1484375,0.6015625,0.2521267703893289
0.15625,0.609375,0.2503938987437278
0.1640625,0.6171875,0.24864574907616482
0.171875,0.625,0.24688242814673253
0.1796875,0.6328125,0.2451040436394081
0.1875,0.640625,0.24331070415544948
0.1953125,0.6484375,0.2415025192067357
0.203125,0.65625,0.23967959920905016
0.2109375,0.6640625,0.2378420554753104
0.21875,0.671875,0.23599000020874017
0.2265625,0.6796875,0.23412354649599112
0.234375,0.6875,0.2322428083002089
0.2421875,0.6953125,0.23034790045404974
0.25,0.703125,0.22843893865264464
0.2578125,0.7109375,0.22651603944651447
0.265625,0.71875,0.22457932023443677
0.2734375,0.7265625,0.22262889925626522
0.28125,0.734375,0.22066489558570157
0.2890625,0.7421875,0.21868742912302308
0.296875,0.75,0.21669662058776462
0.3046875,0.7578125,0.21469259151135622
0.3125,0.765625,0.21267546422971675
0.3203125,0.7734375,0.21064536187580407
0.328125,0.78125,0.20860240837212068
0.3359375,0.7890625,0.20654672842317695
0.34375,0.796875,0.20447844750790853
0.3515625,0.8046875,0.2023976918720513
0.359375,0.8125,0.20030458852046984
0.3671875,0.8203125,0.1981992652094433
0.375,0.828125,0.19608185043890416
0.3828125,0.8359375,0.19395247344463287
0.390625,0.84375,0.19181126419040656
0.3984375,0.8515625,0.1896583533601033
0.40625,0.859375,0.18749387234975992
0.4140625,0.8671875,0.1853179532595859
0.421875,0.875,0.18313072888593196
0.4296875,0.8828125,0.18093233271321582
0.4375,0.890625,0.17872289890580254
0.4453125,0.8984375,0.1765025622998431
0.453125,0.90625,0.17427145839507044
0.4609375,0.9140625,0.1720297233465542
0.46875,0.921875,0.1697774939564139
0.4765625,0.9296875,0.16751490766549287
0.484375,0.9375,0.16524210254499172
0.4921875,0.9453125,0.16295921728806526
0.5,0.953125,0.16066639120137927
0.5078125,0.9609375,0.15836376419663184
0.515625,0.96875,0.15605147678203748
0.5234375,0.9765625,0.15372967005377605
0.53125,0.984375,0.15139848568740627
0.5390625,0.9921875,0.14905806592924475
0.546875,1.0,0.14670855358771137
0.0,0.4453125,0.2820134890641404
0.0078125,0.453125,0.28058990899713654
0.015625,0.4609375,0.2791492063608653
0.0234375,0.46875,0.2776914691848479
0.03125,0.4765625,0.27621678653671766
0.0390625,0.484375,0.27472524851675895
0.046875,0.4921875,0.2732169462523824
0.0546875,0.5,0.27169197189253885
0.0625,0.5078125,0.2701504186020694
0.0703125,0.515625,0.2685923805559951
0.078125,0.5234375,0.267017952933743
0.0859375,0.53125,0.265427231913313
0.09375,0.5390625,0.26382031466538175
0.1015625,0.546875,0.2621972993473465
0.109375,0.5546875,0.2605582850973091
0.1171875,0.5625,0.2589033720279995
0.125,0.5703125,0.25723266122063915
0.1328125,0.578125,0.2555462547187456
0.140625,0.5859375,0.25384425552187784
0.1484375,0.59375,0.2521267675793218
0.15625,0.6015625,0.25039389578372
0.1640625,0.609375,0.24864574596464004
0.171875,0.6171875,0.24688242488208773
0.1796875,0.625,0.24510404021996046
0.1875,0.6328125,0.2433107005794458
0.1953125,0.640625,0.24150251547236254
0.203125,0.6484375,0.23967959531444596
0.2109375,0.65625,0.23784205141857784
0.21875,0.6640625,0.23598999598796105
0.2265625,0.671875,0.23412354210924174
0.234375,0.6796875,0.23224280374557754
0.2421875,0.6875,0.23034789572965356
0.25,0.6953125,0.22843893375664837
0.2578125,0.703125,0.22651603437714887
0.265625,0.7109375,0.22457931499001663
0.2734375,0.71875,0.22262889383520648
0.28125,0.7265625,0.22066488998653713
0.2890625,0.734375,0.21868742334441704
0.296875,0.7421875,0.21669661462852385
0.3046875,0.75,0.21469258537043925
0.3125,0.7578125,0.21267545790623957
0.3203125,0.765625,0.2106453553690425
0.328125,0.7734375,0.20860240168150956
0.3359375,0.78125,0.20654672154830517
0.34375,0.7890625,0.20447844044851168
0.3515625,0.796875,0.20239768462800015
0.359375,0.8046875,0.20030458109175703
0.3671875,0.8125,0.19819925759616622
0.375,0.8203125,0.19608184264124684
0.3828125,0.828125,0.19395246546284603
0.390625,0.8359375,0.19181125602478627
0.3984375,0.84375,0.1896583450109684
0.40625,0.8515625,0.1874938638174304
0.4140625,0.859375,0.18531794454436004
0.421875,0.8671875,0.1831307199880647
0.4296875,0.875,0.1809323236328969
0.4375,0.8828125,0.1787228896431363
0.4453125,0.890625,0.17650255285482871
0.453125,0.8984375,0.17427144876758371
0.4609375,0.90625,0.17202971353632984
0.46875,0.9140625,0.16977748396302997
0.4765625,0.921875,0.16751489748835569
0.484375,0.9296875,0.16524209218332295
0.4921875,0.9375,0.1629592067408889
0.5,0.9453125,0.16066638046751128
0.5078125,0.953125,0.15836375327467
0.515625,0.9609375,0.1560514656703534
0.5234375,0.96875,0.1537296587505073
0.53125,0.9765625,0.15139847419045066
0.5390625,0.984375,0.1490580542362555
0.546875,0.9921875,0.14670854169609365
0.5546875,1.0,0.14435007993154989
0.0,0.4375,0.2820134889640559
0.0078125,0.4453125,0.28058990875355294
0.015625,0.453125,0.27914920597472237
0.0234375,0.4609375,0.277691468656951
0.03125,0.46875,0.27621678586773735
0.0390625,0.4765625,0.2747252477072315
0.046875,0.484375,0.27321694530270996
0.0546875,0.4921875,0.27169197080299073
0.0625,0.5,0.27015041737278256
0.0703125,0.5078125,0.2685923791869754
0.078125,0.515625,0.2670179514248668
0.0859375,0.5234375,0.2654272302643282
0.09375,0.53125,0.2638203128759101
0.1015625,0.5390625,0.2621972974168855
0.109375,0.546875,0.2605582830252342
0.1171875,0.5546875,0.2589033698135668
0.125,0.5625,0.25723265886298824
0.1328125,0.5703125,0.2555462522169029
0.140625,0.578125,0.2538442528747601
0.1484375,0.5859375,0.2521267647857408
0.15625,0.59375,0.25039389284238706
0.1640625,0.6015625,0.24864574287417124
0.171875,0.609375,0.24688242164101043
0.1796875,0.6171875,0.24510403682672116
0.1875,0.625,0.24331069703241784
0.1953125,0.6328125,0.24150251176985602
0.203125,0.640625,0.23967959145471793
0.2109375,0.6484375,0.23784204739984452
0.21875,0.65625,0.23598999180841143
0.2265625,0.6640625,0.23412353776705142
0.234375,0.671875,0.23224279923892435
0.2421875,0.6796875,0.23034789105673395
0.25,0.6875,0.22843892891569403
0.2578125,0.6953125,0.22651602936644435
0.265625,0.703125,0.22457930980791566
0.2734375,0.7109375,0.22262888848014867
0.28125,0.71875,0.22066488445706336
0.2890625,0.7265625,0.2186874176391831
0.296875,0.734375,0.21669660874631214
0.3046875,0.7421875,0.21469257931016833
0.3125,0.75,0.2126754516669706
0.3203125,0.7578125,0.21064534894998327
0.328125,0.765625,0.20860239508201459
0.3359375,0.7734375,0.20654671476787317
0.34375,0.78125,0.20447843348677966
0.3515625,0.7890625,0.2023976774847344
0.359375,0.796875,0.20030457376684127
0.3671875,0.8046875,0.19819925008958764
0.375,0.8125,0.1960818349530793
0.3828125,0.8203125,0.1939524575932318
0.390625,0.828125,0.1918112479739169
0.3984375,0.8359375,0.18965833677906388
0.40625,0.84375,0.1874938554047178
0.4140625,0.8515625,0.18531793595105242
0.421875,0.859375,0.18313071121433952
0.4296875,0.8671875,0.18093231467887558
0.4375,0.875,0.17872288050886329
0.4453125,0.8828125,0.17650254354025247
0.453125,0.890625,0.1742714392725378
0.4609375,0.8984375,0.17202970386051547
0.46875,0.90625,0.16977747410599917
0.4765625,0.9140625,0.16751488744949636
0.484375,0.921875,0.16524208196184412
0.4921875,0.9296875,0.16295919633580824
0.5,0.9375,0.16066636987764257
0.5078125,0.9453125,0.15836374249861282
0.515625,0.953125,0.15605145470648302
0.5234375,0.9609375,0.1537296475969666
0.53125,0.96875,0.1513984628451424
0.5390625,0.9765625,0.1490580426968366
0.546875,0.984375,0.14670852995996997
0.5546875,0.9921875,0.14435006799587297
0.5625,1.0,0.14198280071056724
0.0,0.4296875,0.28201348886357663
0.0078125,0.4375,0.28058990850912624
0.015625,0.4453125,0.2791492055874311
0.0234375,0.453125,0.27769146812774304
0.03125,0.4609375,0.2762167851974258
0.0390625,0.46875,0.27472524689649436
0.046875,0.4765625,0.2732169443520908
0.0546875,0.484375,0.2716919697128993
0.0625,0.4921875,0.2701504161434959
0.0703125,0.5,0.26859237781863843
0.078125,0.5078125,0.26701794991749433
0.0859375,0.515625,0.2654272286178062
0.09375,0.5234375,0.26382031108999726
0.1015625,0.53125,0.2621972954912155
0.109375,0.5390625,0.2605582809593185
0.1171875,0.546875,0.2589033676067965
0.125,0.5546875,0.25723265651463745
0.1328125,0.5625,0.2555462497261318
0.140625,0.5703125,0.25384425024061885
0.1484375,0.578125,0.25212676200717354
0.15625,0.5859375,0.2503938899182363
0.1640625,0.59375,0.24864573980318375
0.171875,0.6015625,0.2468824184218425
0.1796875,0.609375,0.24510403345794618
0.1875,0.6171875,0.24331069351253407
0.1953125,0.625,0.24150250809729473
0.203125,0.6328125,0.23967958762785416
0.2109375,0.640625,0.2378420434170073
0.21875,0.6484375,0.23598998766789603
0.2265625,0.65625,0.23412353346713352
0.234375,0.6640625,0.23224279477787277
0.2421875,0.671875,0.2303478864328268
0.25,0.6796875,0.22843892412723374
0.2578125,0.6875,0.22651602441177357
0.265625,0.6953125,0.22457930468543377
0.2734375,0.703125,0.22262888318832644
0.28125,0.7109375,0.22066487899445814
0.2890625,0.71875,0.2186874120044522
0.296875,0.7265625,0.21669660293822418
0.3046875,0.734375,0.21469257332761343
0.3125,0.7421875,0.21267544550896753
0.3203125,0.75,0.2106453426156838
0.328125,0.7578125,0.20860238857070584
0.3359375,0.765625,0.20654670807897588
0.34375,0.7734375,0.20447842661984408
0.3515625,0.78125,0.2023976704394336
0.359375,0.7890625,0.20030456654296103
0.3671875,0.796875,0.19819924268701417
0.375,0.8046875,0.19608182737178476
0.3828125,0.8125,0.19395244983325796
0.390625,0.8203125,0.19181124003535693
0.3984375,0.828125,0.18965832866204382
0.40625,0.8359375,0.18749384710937617
0.4140625,0.84375,0.1853179274775201
0.421875,0.8515625,0.1831307025627195
0.4296875,0.859375,0.18093230584922215
0.4375,0.8671875,0.17872287150116248
0.4453125,0.875,0.1765025343544026
0.453125,0.8828125,0.1742714299083306
0.4609375,0.890625,0.17202969431761855
0.46875,0.8984375,0.16977746438393893
0.4765625,0.90625,0.16751487754764208
0.484375,0.9140625,0.1652420718793933
0.4921875,0.921875,0.16295918607177237
0.5,0.9296875,0.16066635943083465
0.5078125,0.9375,0.15836373186763542
0.515625,0.9453125,0.15605144388971767
0.5234375,0.953125,0.15372963659256406
0.53125,0.9609375,0.15139845165101415
0.5390625,0.96875,0.1490580313106473
0.546875,0.9765625,0.14670851837913132
0.5546875,0.984375,0.14435005621753863
0.5625,0.9921875,0.14198278873162934
0.5703125,1.0,0.1396068603631022
0.0,0.421875,0.282013488762653
0.0078125,0.4296875,0.28058990826373537
0.015625,0.4375,0.27914920519879916
0.0234375,0.4453125,0.2776914675969612
0.03125,0.453125,0.2762167845254494
0.0390625,0.4609375,0.2747252460841437
0.046875,0.46875,0.2732169434000509
0.0546875,0.4765625,0.27169196862172085
0.0625,0.484375,0.2701504149135959
0.0703125,0.4921875,0.26859237645030165
0.078125,0.5,0.2670179484108736
0.0859375,0.5078125,0.26542722697292515
0.09375,0.515625,0.26382030930675143
0.1015625,0.5234375,0.2621972935693749
0.109375,0.53125,0.2605582788985294
0.1171875,0.5390625,0.2589033654065846
0.125,0.546875,0.2572326541744103
0.1328125,0.5546875,0.25554624724518243
0.140625,0.5625,0.2538442476181293
0.1484375,0.5703125,0.2521267592422189
0.15625,0.578125,0.25039388700978904
0.1640625,0.5859375,0.24864573675011936
0.171875,0.59375,0.24688241522294485
0.1796875,0.6015625,0.24510403011191373
0.1875,0.609375,0.2433106900179879
0.1953125,0.6171875,0.2415025044527865
0.203125,0.625,0.2396795838318749
0.2109375,0.6328125,0.23784203946799812
0.21875,0.640625,0.23598998356425904
0.2265625,0.6484375,0.2341235292072436
0.234375,0.65625,0.23224279036009163
0.2421875,0.6640625,0.23034788185551588
0.25,0.671875,0.22843891938876928
0.2578125,0.6796875,0.22651601951056105
0.265625,0.6875,0.22457929961992293
0.2734375,0.6953125,0.22262887795702596
0.28125,0.703125,0.22066487359594958
0.2890625,0.7109375,0.21868740643740298
0.296875,0.71875,0.21669659720139917
0.3046875,0.7265625,0.21469256741988477
0.3125,0.734375,0.21267543942932246
0.3203125,0.7421875,0.2106453363632301
0.328125,0.75,0.20860238214467464
0.3359375,0.7578125,0.20654670147872167
0.34375,0.765625,0.20447841984484216
0.3515625,0.7734375,0.20239766348927465
0.359375,0.78125,0.20030455941734296
0.3671875,0.7890625,0.1981992353857319
0.375,0.796875,0.19608181989471746
0.3828125,0.8046875,0.19395244218035435
0.390625,0.8125,0.19181123220661872
0.3984375,0.8203125,0.1896583206575086
0.40625,0.828125,0.18749383892909857
0.4140625,0.8359375,0.18531791912155302
0.421875,0.84375,0.18313069403109358
0.4296875,0.8515625,0.18093229714192727
0.4375,0.859375,0.17872286261812773
0.4453125,0.8671875,0.17650252529547703
0.453125,0.875,0.1742714206732651
0.4609375,0.8828125,0.1720296849060476
0.46875,0.890625,0.1697774547953636
0.4765625,0.8984375,0.1675148677814136
0.484375,0.90625,0.16524206193469798
0.4921875,0.9140625,0.16295917594761658
0.5,0.921875,0.16066634912603162
0.5078125,0.9296875,0.1583637213807925
0.515625,0.9375,0.15605143321922457
0.5234375,0.9453125,0.15372962573658233
0.53125,0.953125,0.15139844060746727
0.5390625,0.9609375,0.14905802007721203
0.546875,0.96875,0.1467085069532301
0.5546875,0.9765625,0.14435004459633324
0.5625,0.984375,0.1419827769120155
0.5703125,0.9921875,0.13960684834170595
0.578125,1.0,0.1372224038539898
0.0,0.4140625,0.28201348866123477
0.0078125,0.421875,0.2805899080172586
0.015625,0.4296875,0.2791492048086339
0.0234375,0.4375,0.27769146706434145
0.03125,0.4453125,0.27621678385147375
0.0390625,0.453125,0.27472524526977476
0.046875,0.4609375,0.27321694244611583
0.0546875,0.46875,0.27169196752891145
0.0625,0.4765625,0.27015041368246956
0.0703125,0.484375,0.2685923750812821
0.078125,0.4921875,0.26701794690425296
0.0859375,0.5,0.2654272253288644
0.09375,0.5078125,0.2638203075252829
0.1015625,0.515625,0.2621972916504041
0.109375,0.5234375,0.26055827684183763
0.1171875,0.53125,0.25890336321183116
0.125,0.5390625,0.25723265184113586
0.1328125,0.546875,0.2555462447728118
0.140625,0.5546875,0.25384424500597513
0.1484375,0.5625,0.2521267564894863
0.15625,0.5703125,0.25039388411557933
0.1640625,0.578125,0.248645733713435
0.171875,0.5859375,0.24688241204269554
0.1796875,0.59375,0.24510402678692192
0.1875,0.6015625,0.243310686546996
0.1953125,0.609375,0.24150250083446478
0.203125,0.6171875,0.23967958006482984
0.2109375,0.625,0.23784203555078176
0.21875,0.6328125,0.23598997949537953
0.2265625,0.640625,0.23412352498517622
0.234375,0.6484375,0.2322427859832912
0.2421875,0.65625,0.2303478773224292
0.25,0.6640625,0.22843891469784888
0.2578125,0.671875,0.22651601466027868
0.265625,0.6796875,0.22457929460878362
0.2734375,0.6875,0.2226288727835819
0.28125,0.6953125,0.22066486825881337
0.2890625,0.703125,0.21868740093525996
0.296875,0.7109375,0.21669659153301923
0.3046875,0.71875,0.21469256158413158
0.3125,0.7265625,0.2126754334251623
0.3203125,0.734375,0.21064533018973716
0.328125,0.7421875,0.20860237580103513
0.3359375,0.75,0.2065466949642349
0.34375,0.7578125,0.20447841315891924
0.3515625,0.765625,0.20239765663143433
0.359375,0.7734375,0.20030455238720585
0.3671875,0.78125,0.1981992281830109
0.375,0.7890625,0.19608181251920723
0.3828125,0.796875,0.19395243463191814
0.390625,0.8046875,0.191811224485174
0.3984375,0.8125,0.18965831276301043
0.40625,0.8203125,0.18749383086152283
0.4140625,0.828125,0.18531791088087793
0.421875,0.8359375,0.18313068561728196
0.4296875,0.84375,0.18093228855490678
0.4375,0.8515625,0.17872285385777226
0.4453125,0.859375,0.1765025163615882
0.453125,0.8671875,0.1742714115655538
0.4609375,0.875,0.1720296756241162
0.46875,0.8828125,0.16977744533868844
0.4765625,0.890625,0.16751485814932854
0.484375,0.8984375,0.1652420521263786
0.4921875,0.90625,0.1629591659620653
0.5,0.9140625,0.16066633896206303
0.5078125,0.921875,0.15836371103702027
0.515625,0.9296875,0.15605142269404892
0.5234375,0.9375,0.15372961502817814
0.53125,0.9453125,0.15139842971377343
0.5390625,0.953125,0.14905800899592153
0.546875,0.9609375,0.14670849568178118
0.5546875,0.96875,0.14435003313190123
0.5625,0.9765625,0.14198276525150658
0.5703125,0.984375,0.13960683648175154
0.578125,0.9921875,0.13722239179094242
0.5859375,1.0,0.1348295766657293
0.0,0.40625,0.28201348855927266
0.0078125,0.4140625,0.28058990776957476
0.015625,0.421875,0.2791492044167421
0.0234375,0.4296875,0.27769146652961973
0.03125,0.4375,0.27621678317516396
0.0390625,0.4453125,0.2747252444529824
0.046875,0.453125,0.27321694148981024
0.0546875,0.4609375,0.2716919664339262
0.0625,0.46875,0.2701504124495025
0.0703125,0.4765625,0.26859237371089717
0.078125,0.484375,0.26701794539688056
0.0859375,0.4921875,0.26542722368480365
0.09375,0.5,0.2638203057447028
0.1015625,0.5078125,0.2621972897333458
0.109375,0.515625,0.2605582747882166
0.1171875,0.5234375,0.2589033610214401
0.125,0.53125,0.2572326495136479
0.1328125,0.5390625,0.2555462423077829
0.140625,0.546875,0.2538442424028482
0.1484375,0.5546875,0.2521267537475948
0.15625,0.5625,0.2503938812341523
0.1640625,0.5703125,0.248645730691601
0.171875,0.578125,0.24688240887948842
0.1796875,0.5859375,0.24510402348128688
0.1875,0.59375,0.2433106830977957
0.1953125,0.6015625,0.2415024972404868
0.203125,0.609375,0.23967957632479495
0.2109375,0.6171875,0.2378420316633524
0.21875,0.625,0.2359899754591695
0.2265625,0.6328125,0.2341235207987612
0.234375,0.640625,0.23224278164521983
0.2421875,0.6484375,0.23034787283123526
0.25,0.65625,0.22843891005206315
0.2578125,0.6640625,0.22651600985844253
0.265625,0.671875,0.22457928964946136
0.2734375,0.6796875,0.22262886766537426
0.28125,0.6875,0.2206648629803699
0.2890625,0.6953125,0.21868739549529123
0.296875,0.703125,0.21669658593030766
0.3046875,0.7109375,0.21469255581754154
0.3125,0.71875,0.21267542749364785
0.3203125,0.7265625,0.21064532409234918
0.328125,0.734375,0.20860236953692496
0.3359375,0.7421875,0.20654668853265712
0.34375,0.75,0.204478406559231
0.3515625,0.7578125,0.20239764986309305
0.359375,0.765625,0.20030454544976384
0.3671875,0.7734375,0.1981992210761086
0.375,0.78125,0.19608180524256355
0.3828125,0.7890625,0.19395242718531885
0.390625,0.796875,0.1918112168684588
0.3984375,0.8046875,0.1896583049760582
0.40625,0.8125,0.18749382290423605
0.4140625,0.8203125,0.18531790275316523
0.421875,0.828125,0.18313067731904117
0.4296875,0.8359375,0.1809322800860066
0.4375,0.84375,0.17872284521803386
0.4453125,0.8515625,0.17650250755076768
0.453125,0.859375,0.17427140258332346
0.4609375,0.8671875,0.17202966647004717
0.46875,0.875,0.16977743601223344
0.4765625,0.8828125,0.16751484864980495
0.484375,0.890625,0.16524204245295226
0.4921875,0.8984375,0.16295915611373535
0.5,0.90625,0.16066632893764698
0.5078125,0.9140625,0.15836370083513981
0.515625,0.921875,0.1560514123131166
0.5234375,0.9296875,0.15372960446638492
0.53125,0.9375,0.15139841896907694
0.5390625,0.9453125,0.14905799806603487
0.546875,0.953125,0.14670848456416294
0.5546875,0.9609375,0.14435002182374637
0.5625,0.96875,0.14198275374973812
0.5703125,0.9765625,0.1396068247830137
0.578125,0.984375,0.13722237989159478
0.5859375,0.9921875,0.1348295645618427
0.59375,1.0,0.13242852478962075
0.0,0.3984375,0.2820134884567164
0.0078125,0.40625,0.2805899075205615
0.015625,0.4140625,0.27914920402293014
0.0234375,0.421875,0.27769146599253103
0.03125,0.4296875,0.27621678249618403
0.0390625,0.4375,0.27472524363336026
0.046875,0.4453125,0.2732169405306578
0.0546875,0.453125,0.2716919653362189
0.0625,0.4609375,0.27015041121407996
0.0703125,0.46875,0.268592372338463
0.078125,0.4765625,0.26701794388800465
0.0859375,0.484375,0.26542722203992264
0.09375,0.4921875,0.2638203039641226
0.1015625,0.5,0.26219728781724333
0.109375,0.5078125,0.26055827273664156
0.1171875,0.515625,0.2589033588343187
0.125,0.5234375,0.25723264719078437
0.1328125,0.53125,0.2555462398488642
0.140625,0.5390625,0.2538442398074465
0.1484375,0.546875,0.2521267510151718
0.15625,0.5546875,0.250393878364063
0.1640625,0.5625,0.24864572768309948
0.171875,0.5703125,0.24688240573173162
0.1796875,0.578125,0.24510402019334132
0.1875,0.5859375,0.2433106796686432
0.1953125,0.59375,0.24150249366903132
0.203125,0.6015625,0.23967957260987055
0.2109375,0.609375,0.23784202780373126
0.21875,0.6171875,0.23598997145357065
0.2265625,0.625,0.23412351664586079
0.234375,0.6328125,0.23224277734366108
0.2421875,0.640625,0.2303478683796397
0.25,0.6484375,0.22843890544904236
0.2578125,0.65625,0.22651600510260958
0.265625,0.6640625,0.22457928473944377
0.2734375,0.671875,0.22262886259982567
0.28125,0.6796875,0.22066485775798214
0.2890625,0.6875,0.218687390114806
0.296875,0.6953125,0.21669658039052742
0.3046875,0.703125,0.21469255011733873
0.3125,0.7109375,0.21267542163197348
0.3203125,0.71875,0.21064531806823936
0.328125,0.7265625,0.20860236334950608
0.3359375,0.734375,0.2065466821811484
0.34375,0.7421875,0.20447840004294562
0.3515625,0.75,0.20239764318143627
0.359375,0.7578125,0.20030453860222971
0.3671875,0.765625,0.19819921406227384
0.375,0.7734375,0.1960817980620795
0.3828125,0.78125,0.19395241983790174
0.390625,0.7890625,0.19181120935387783
0.3984375,0.796875,0.1896582972941225
0.40625,0.8046875,0.18749381505477983
0.4140625,0.8125,0.1853178947360324
0.421875,0.8203125,0.18313066913406867
0.4296875,0.828125,0.18093227173300724
0.4375,0.8359375,0.17872283669677944
0.4453125,0.84375,0.17650249886097044
0.453125,0.8515625,0.17427139372461906
0.4609375,0.859375,0.17202965744197699
0.46875,0.8671875,0.16977742681422753
0.4765625,0.875,0.16751483928116526
0.484375,0.8828125,0.1652420329128361
0.4921875,0.890625,0.1629591464011397
0.5,0.8984375,0.1606663190513934
0.5078125,0.90625,0.15836369077385962
0.515625,0.9140625,0.15605140207523693
0.5234375,0.921875,0.15372959405011535
0.53125,0.9296875,0.15139840837239682
0.5390625,0.9375,0.14905798728668132
0.546875,0.9453125,0.14670847359961972
0.5546875,0.953125,0.1443500106712333
0.5625,0.9609375,0.1419827424062015
0.5703125,0.96875,0.1396068132451179
0.578125,0.9765625,0.13722236815571492
0.5859375,0.984375,0.13482955262405838
0.59375,0.9921875,0.13242851264571182
0.6015625,1.0,0.1300193947168712
0.0,0.390625,0.28201348835351603
0.0078125,0.3984375,0.28058990727009725
0.015625,0.40625,0.2791492036270042
0.0234375,0.4140625,0.2776914654528099
0.03125,0.421875,0.2762167818141974
0.0390625,0.4296875,0.2747252428105008
0.046875,0.4375,0.2732169395681812
0.0546875,0.4453125,0.27169196423524294
0.0625,0.453125,0.27015040997558554
0.0703125,0.4609375,0.26859237096329514
0.078125,0.46875,0.2670179423768721
0.0859375,0.4765625,0.2654272203934008
0.09375,0.484375,0.2638203021826542
0.1015625,0.4921875,0.2621972859011406
0.109375,0.5,0.2605582706860893
0.1171875,0.5078125,0.2589033566493754
0.125,0.515625,0.2572326448713864
0.1328125,0.5234375,0.2555462373948284
0.140625,0.53125,0.253844237218474
0.1484375,0.5390625,0.2521267482908513
0.15625,0.546875,0.25039387550387565
0.1640625,0.5546875,0.2486457246864229
0.171875,0.5625,0.24688240259784566
0.1796875,0.5703125,0.24510401692143247
0.1875,0.578125,0.24331067625781141
0.1953125,0.5859375,0.2415024901182964
0.203125,0.59375,0.23967956891817874
0.2109375,0.6015625,0.23784202396996382
0.21875,0.609375,0.2359899674765518
0.2265625,0.6171875,0.23412351252436686
0.234375,0.625,0.2322427730764304
0.2421875,0.6328125,0.2303478639653828
0.25,0.640625,0.2284389008864527
0.2578125,0.6484375,0.2265160003903749
0.265625,0.65625,0.2245792798762574
0.2734375,0.6640625,0.22262885758439807
0.28125,0.671875,0.2206648525890524
0.2890625,0.6796875,0.21868738479115268
0.296875,0.6875,0.21669657491097893
0.3046875,0.6953125,0.21469254448078293
0.3125,0.703125,0.21267541583736585
0.3203125,0.7109375,0.2106453121146099
0.328125,0.71875,0.20860235723596457
0.3359375,0.7265625,0.20654667590688822
0.34375,0.734375,0.20447839360724474
0.3515625,0.7421875,0.2023976365836574
0.359375,0.75,0.2003045318418172
0.3671875,0.7578125,0.19819920713874944
0.375,0.765625,0.19608179097503536
0.3828125,0.7734375,0.1939524125869921
0.390625,0.78125,0.19181120193880868
0.3984375,0.7890625,0.18965828971463933
0.40625,0.796875,0.1874938073106545
0.4140625,0.8046875,0.18531788682704903
0.421875,0.8125,0.18313066106000772
0.4296875,0.8203125,0.18093226349362954
0.4375,0.828125,0.17872282829180955
0.4453125,0.8359375,0.17650249029007972
0.453125,0.84375,0.17427138498740852
0.4609375,0.8515625,0.17202964853795988
0.46875,0.859375,0.1697774177428128
0.4765625,0.8671875,0.16751483004164047
0.484375,0.875,0.16524202350435105
0.4921875,0.8828125,0.1629591368226907
0.5,0.890625,0.16066630930180734
0.5078125,0.8984375,0.15836368085177918
0.515625,0.90625,0.1560513919791057
0.5234375,0.9140625,0.15372958377816406
0.53125,0.921875,0.15139839792262957
0.5390625,0.9296875,0.1490579766568631
0.546875,0.9375,0.14670846278726352
0.5546875,0.9453125,0.1443499996735892
0.5625,0.953125,0.14198273122024532
0.5703125,0.9609375,0.13960680186754146
0.578125,0.96875,0.13722235658291698
0.5859375,0.9765625,0.1348295408521369
0.59375,0.984375,0.13242850067045725
0.6015625,0.9921875,0.13001938253376202
0.609375,1.0,0.12760233342966998
0.0,0.3828125,0.2820134882496223
0.0078125,0.390625,0.28058990701805975
0.015625,0.3984375,0.27914920322877024
0.0234375,0.40625,0.27769146491019037
0.03125,0.4140625,0.2762167811288668
0.0390625,0.421875,0.27472524198399567
0.046875,0.4296875,0.27321693860190155
0.0546875,0.4375,0.2716919631304497
0.0625,0.4453125,0.270150408733402
0.0703125,0.453125,0.26859236958470695
0.078125,0.4609375,0.26701794086272884
0.0859375,0.46875,0.26542721874441627
0.09375,0.4765625,0.26382030039940857
0.1015625,0.484375,0.2621972839840822
0.109375,0.4921875,0.26055826863553705
0.1171875,0.5,0.258903354465521
0.125,0.5078125,0.25723264255429756
0.1328125,0.515625,0.2555462349444518
0.140625,0.5234375,0.25384423463463907
0.1484375,0.53125,0.25212674557327375
0.15625,0.5390625,0.2503938726521616
0.1640625,0.546875,0.2486457217000736
0.171875,0.5546875,0.24688239947626212
0.1796875,0.5625,0.24510401366392096
0.1875,0.5703125,0.24331067286358893
0.1953125,0.578125,0.24150248658649737
0.203125,0.5859375,0.2396795652478615
0.2109375,0.59375,0.23784202016011782
0.21875,0.6015625,0.23598996352610627
0.2265625,0.609375,0.2341235084321984
0.234375,0.6171875,0.2322427688413727
0.2421875,0.625,0.23034785958623613
0.25,0.6328125,0.228438896361994
0.2578125,0.640625,0.22651599571936828
0.265625,0.6484375,0.22457927505746494
0.2734375,0.65625,0.22262885261659054
0.28125,0.6640625,0.22066484747102016
0.2890625,0.671875,0.2186873795217161
0.296875,0.6796875,0.21669656948899826
0.3046875,0.6875,0.21469253890516776
0.3125,0.6953125,0.21267541010708316
0.3203125,0.703125,0.2106453062286911
0.328125,0.7109375,0.20860235119351123
0.3359375,0.71875,0.20654666970707566
0.34375,0.7265625,0.204478387249325
0.3515625,0.734375,0.20239763006695874
0.359375,0.7421875,0.20030452516574326
0.3671875,0.75,0.19819920030277507
0.375,0.7578125,0.1960817839787017
0.3828125,0.765625,0.1939524054298989
0.390625,0.7734375,0.1918111946206056
0.3984375,0.78125,0.18965828223501474
0.40625,0.7890625,0.1874937996693239
0.4140625,0.796875,0.1853178790237415
0.421875,0.8046875,0.18313065309445198
0.4296875,0.8125,0.18093225536553809
0.4375,0.8203125,0.17872282000086337
0.4453125,0.828125,0.17650248183591175
0.453125,0.8359375,0.1742713763695872
0.4609375,0.84375,0.17202963975597246
0.46875,0.8515625,0.16977740879604844
0.4765625,0.859375,0.16751482092937395
0.484375,0.8671875,0.1652420142257262
0.4921875,0.875,0.1629591273767042
0.5,0.8828125,0.16066629968729287
0.5078125,0.890625,0.15836367106739238
0.515625,0.8984375,0.15605138202330865
0.5234375,0.90625,0.1537295736492109
0.53125,0.9140625,0.1513983876185523
0.5390625,0.921875,0.14905796617545752
0.546875,0.9296875,0.14670845212607664
0.5546875,0.9375,0.14434998882990635
0.5625,0.9453125,0.14198272019107774
0.5703125,0.953125,0.13960679064961523
0.578125,0.9609375,0.1372223451726627
0.5859375,0.96875,0.1348295292456798
0.59375,0.9765625,0.1324284888636092
0.6015625,0.984375,0.1300193705220142
0.609375,0.9921875,0.12760232120818804
0.6171875,1.0,0.1251774883922348
0.0,0.375,0.2820134881449848
0.0078125,0.3828125,0.2805899067643275
0.015625,0.390625,0.279149202828034
0.0234375,0.3984375,0.2776914643644061
0.03125,0.40625,0.2762167804398538
0.0390625,0.4140625,0.27472524115343633
0.046875,0.421875,0.27321693763133886
0.0546875,0.4296875,0.2716919620212892
0.0625,0.4375,0.27015040748691005
0.0703125,0.4453125,0.2685923682020113
0.078125,0.453125,0.2670179393448194
0.0859375,0.4609375,0.2654272170921463
0.09375,0.46875,0.2638202986134959
0.1015625,0.4765625,0.2621972820651118
0.109375,0.484375,0.2605582665839621
0.1171875,0.4921875,0.2589033522816666
0.125,0.5,0.2572326402383628
0.1328125,0.5078125,0.2555462324965133
0.140625,0.515625,0.2538442320546542
0.1484375,0.5234375,0.25212674286108466
0.15625,0.53125,0.25039386980749895
0.1640625,0.5390625,0.24864571872256158
0.171875,0.546875,0.2468823963654223
0.1796875,0.5546875,0.24510401041917865
0.1875,0.5625,0.24331066948427768
0.1953125,0.5703125,0.24150248307186536
0.203125,0.578125,0.23967956159707846
0.2109375,0.5859375,0.23784201637228125
0.21875,0.59375,0.23598995960024968
0.2265625,0.6015625,0.23412350436729895
0.234375,0.609375,0.23224276463635962
0.2421875,0.6171875,0.23034785524000015
0.25,0.625,0.2284388918733967
0.2578125,0.6328125,0.22651599108725198
0.265625,0.640625,0.22457927028066269
0.2734375,0.6484375,0.22262884769393645
0.28125,0.65625,0.22066484240135967
0.2890625,0.6640625,0.21868737430391566
0.296875,0.671875,0.2166965641219552
0.3046875,0.6796875,0.21469253338781916
0.3125,0.6875,0.21267540443841385
0.3203125,0.6953125,0.2106453004077409
0.328125,0.703125,0.20860234521938067
0.3359375,0.7109375,0.20654666357893045
0.34375,0.71875,0.20447838096639853
0.3515625,0.7265625,0.20239762362855357
0.359375,0.734375,0.20030451857122977
0.3671875,0.7421875,0.19819919355158971
0.375,0.75,0.196081777070342
0.3828125,0.7578125,0.1939523983639177
0.390625,0.765625,0.1918111873966028
0.3984375,0.7734375,0.18965827485262862
0.40625,0.78125,0.1874937921282189
0.4140625,0.7890625,0.1853178713235974
0.421875,0.796875,0.18313064523494968
0.4296875,0.8046875,0.18093224734634616
0.4375,0.8125,0.17872281182162256
0.4453125,0.8203125,0.1765024734962197
0.453125,0.828125,0.17427136786898229
0.4609375,0.8359375,0.17202963109391783
0.46875,0.84375,0.1697773999719155
0.4765625,0.8515625,0.16751481194242607
0.484375,0.859375,0.16524200507510253
0.4921875,0.8671875,0.1629591180614032
0.5,0.875,0.1606662902061568
0.5078125,0.8828125,0.15836366141909108
0.515625,0.890625,0.15605137220632484
0.5234375,0.8984375,0.15372956366182436
0.53125,0.90625,0.15139837745882534
0.5390625,0.9140625,0.14905795584122097
0.546875,0.921875,0.14670844161491498
0.5546875,0.9296875,0.14434997813914469
0.5625,0.9375,0.14198270931776852
0.5703125,0.9453125,0.1396067795905258
0.578125,0.953125,0.13722233392426295
0.5859375,0.9609375,0.13482951780413147
0.59375,0.96875,0.13242847722475534
0.6015625,0.9765625,0.13001935868137066
0.609375,0.984375,0.12760230916093546
0.6171875,0.9921875,0.1251774761332133
0.625,1.0,0.12274500754182786
0.0,0.3671875,0.28201348803955406
0.0078125,0.375,0.28058990650877846
0.015625,0.3828125,0.2791492024246014
0.0234375,0.390625,0.27769146381519044
0.03125,0.3984375,0.27621677974681996
0.0390625,0.40625,0.2747252403184116
0.046875,0.4140625,0.273216936656012
0.0546875,0.421875,0.2716919609072099
0.0625,0.4296875,0.27015040623548847
0.0703125,0.4375,0.268592366814518
0.078125,0.4453125,0.26701793782238586
0.0859375,0.453125,0.2654272154357656
0.09375,0.4609375,0.26382029682402464
0.1015625,0.46875,0.26219728014327137
0.109375,0.4765625,0.2605582645303412
0.1171875,0.484375,0.2589033500967235
0.125,0.4921875,0.25723263792242806
0.1328125,0.5,0.2555462300497933
0.140625,0.5078125,0.2538442294772344
0.1484375,0.515625,0.2521267401529333
0.15625,0.5234375,0.25039386696847105
0.1640625,0.53125,0.2486457157524033
0.171875,0.5390625,0.24688239326377623
0.1796875,0.546875,0.2451040071855877
0.1875,0.5546875,0.24331066611819158
0.1953125,0.5625,0.24150247957264584
0.203125,0.5703125,0.2396795579640055
0.2109375,0.578125,0.23784201260456028
0.21875,0.5859375,0.23598995569701806
0.2265625,0.59375,0.23412350032763415
0.234375,0.6015625,0.23224276045928705
0.2421875,0.609375,0.23034785092450163
0.25,0.6171875,0.2284388874184193
0.2578125,0.625,0.22651598649171795
0.265625,0.6328125,0.22457926554347807
0.2734375,0.640625,0.22262884281400136
0.28125,0.6484375,0.22066483737757756
0.2890625,0.65625,0.21868736913520329
0.296875,0.6640625,0.21669655880725147
0.3046875,0.671875,0.21469252792609375
0.3125,0.6796875,0.21267539882867548
0.3203125,0.6875,0.2106452946490441
0.328125,0.6953125,0.20860233931083183
0.3359375,0.703125,0.20654665751969245
0.34375,0.7109375,0.20447837475569394
0.3515625,0.71875,0.2023976172656663
0.359375,0.7265625,0.2003045120555055
0.3671875,0.734375,0.19819918688243346
0.375,0.7421875,0.19608177024721543
0.3828125,0.75,0.19395239138633358
0.390625,0.7578125,0.19181118026411845
0.3984375,0.765625,0.18965826756483753
0.40625,0.7734375,0.1874937846847415
0.4140625,0.78125,0.18531786372406858
0.421875,0.7890625,0.18313063747900804
0.4296875,0.796875,0.18093223943362002
0.4375,0.8046875,0.17872280375171617
0.4453125,0.8125,0.17650246526869828
0.453125,0.8203125,0.17427135948335704
0.4609375,0.828125,0.17202962254963003
0.46875,0.8359375,0.16977739126832064
0.4765625,0.84375,0.167514803078778
0.484375,0.8515625,0.16524199605053708
0.4921875,0.859375,0.16295910887492224
0.5,0.8671875,0.16066628085661233
0.5078125,0.875,0.1583636519051693
0.515625,0.8828125,0.1560513625265304
0.5234375,0.890625,0.15372955381446501
0.53125,0.8984375,0.15139836744199672
0.5390625,0.90625,0.1490579456527911
0.546875,0.9140625,0.14670843125251026
0.5546875,0.921875,0.14434996760013458
0.5625,0.9296875,0.14198269859925222
0.5703125,0.9375,0.1396067686893178
0.578125,0.9453125,0.13722232283688018
0.5859375,0.953125,0.13482950652678052
0.59375,0.9609375,0.1324284657533207
0.6015625,0.96875,0.13001934701140364
0.609375,0.9765625,0.12760229728764477
0.6171875,0.984375,0.12517746405145672
0.625,0.9921875,0.12274499524610602
0.6328125,1.0,0.12030503927974395
0.0,0.359375,0.2820134879332806
0.0078125,0.3671875,0.28058990625129127
0.015625,0.375,0.2791492020182784
0.0234375,0.3828125,0.27769146326227684
0.03125,0.390625,0.27621677904942565
0.0390625,0.3984375,0.27472523947851013
0.046875,0.40625,0.2732169356754379
0.0546875,0.4140625,0.2716919597876585
0.0625,0.421875,0.2701504049785143
0.0703125,0.4296875,0.2685923654215353
0.078125,0.4375,0.2670179362946682
0.0859375,0.4453125,0.2654272137744473
0.09375,0.453125,0.2638202950301013
0.1015625,0.4609375,0.26219727821760186
0.109375,0.46875,0.2605582624736497
0.1171875,0.4765625,0.25890334790960207
0.125,0.484375,0.2572326356053393
0.1328125,0.4921875,0.25554622760307355
0.140625,0.5,0.25384422690109687
0.1484375,0.5078125,0.2521267374474721
0.15625,0.515625,0.25039386413366566
0.1640625,0.5234375,0.2486457127881219
0.171875,0.53125,0.24688239016978072
0.1796875,0.5390625,0.2451040039615392
0.1875,0.546875,0.243310662763655
0.1953125,0.5546875,0.24150247608709602
0.203125,0.5625,0.23967955434683264
0.2109375,0.5703125,0.23784200885507692
0.21875,0.578125,0.2359899518144656
0.2265625,0.5859375,0.23412349631119023
0.234375,0.59375,0.23224275630807326
0.2421875,0.6015625,0.23034784663759134
0.25,0.609375,0.22843888299484652
0.2578125,0.6171875,0.22651598193048547
0.265625,0.625,0.22457926084356697
0.2734375,0.6328125,0.22262883797438004
0.28125,0.640625,0.22066483239721071
0.2890625,0.6484375,0.21868736401306124
0.296875,0.65625,0.21669655354231873
0.3046875,0.6640625,0.21469252251737755
0.3125,0.671875,0.2126753932752134
0.3203125,0.6796875,0.21064528894991127
0.328125,0.6875,0.20860233346514664
0.3359375,0.6953125,0.20654665152662166
0.34375,0.703125,0.20447836861445629
0.3515625,0.7109375,0.20239761097553446
0.359375,0.71875,0.2003045056158069
0.3671875,0.7265625,0.19819918029254946
0.375,0.734375,0.19608176350657855
0.3828125,0.7421875,0.19395238449442367
0.390625,0.75,0.19181117322045677
0.3984375,0.7578125,0.18965826036897943
0.40625,0.765625,0.18749377733626788
0.4140625,0.7734375,0.18531785622257615
0.421875,0.78125,0.18313062982409686
0.4296875,0.7890625,0.1809322316248829
0.4375,0.796875,0.17872279578872438
0.4453125,0.8046875,0.17650245715098828
0.453125,0.8125,0.17427135121041518
0.4609375,0.8203125,0.17202961412087825
0.46875,0.828125,0.16977738268310077
0.4765625,0.8359375,0.16751479433633581
0.484375,0.84375,0.16524198715000704
0.4921875,0.8515625,0.16295909981531112
0.5,0.859375,0.16066627163678346
0.5078125,0.8671875,0.15836364252382662
0.515625,0.875,0.15605135298220246
0.5234375,0.8828125,0.15372954410548964
0.53125,0.890625,0.15139835756650483
0.5390625,0.8984375,0.14905793560869166
0.546875,0.90625,0.14670842103747445
0.5546875,0.9140625,0.1443499572115808
0.5625,0.921875,0.14198268803433103
0.5703125,0.9296875,0.1396067579448973
0.578125,0.9375,0.1372223119095311
0.5859375,0.9453125,0.1348294954127627
0.59375,0.953125,0.1324284544485694
0.6015625,0.9609375,0.13001933551151684
0.609375,0.96875,0.1276022855878714
0.6171875,0.9765625,0.1251774521466862
0.625,0.984375,0.12274498313085955
0.6328125,0.9921875,0.12030502694816737
0.640625,1.0,0.11785773246226935
0.0,0.3515625,0.2820134878261164
0.0078125,0.359375,0.2805899059917453
0.015625,0.3671875,0.2791492016088721
0.0234375,0.375,0.2776914627053989
0.03125,0.3828125,0.27621677834733194
0.0390625,0.390625,0.2747252386333196
0.046875,0.3984375,0.27321693468913266
0.0546875,0.40625,0.27169195866207946
0.0625,0.4140625,0.270150403715362
0.0703125,0.421875,0.26859236402236836
0.078125,0.4296875,0.26701793476090385
0.0859375,0.4375,0.2654272121073613
0.09375,0.4453125,0.2638202932308295
0.1015625,0.453125,0.2621972762871413
0.109375,0.4609375,0.26055826041286106
0.1171875,0.46875,0.2589033457192115
0.125,0.4765625,0.25723263328594165
0.1328125,0.484375,0.25554622515513514
0.140625,0.4921875,0.25384422432495923
0.1484375,0.5,0.2521267347433557
0.15625,0.5078125,0.25039386130167335
0.1640625,0.515625,0.24864570982824377
0.171875,0.5234375,0.24688238708189877
0.1796875,0.53125,0.24510400074543157
0.1875,0.5390625,0.24331065941900173
0.1953125,0.546875,0.24150247261348415
0.203125,0.5546875,0.23967955074376252
0.2109375,0.5625,0.23784200512196788
0.21875,0.5703125,0.23598994795066286
0.2265625,0.578125,0.23412349231597157
0.234375,0.5859375,0.2322427521806566
0.2421875,0.59375,0.2303478423771422
0.25,0.6015625,0.22843887860048612
0.2578125,0.609375,0.22651597740129875
0.265625,0.6171875,0.22457925617861169
0.2734375,0.625,0.22262883317269477
0.28125,0.6328125,0.22066482745782406
0.2890625,0.640625,0.21868735893500016
0.296875,0.6484375,0.21669654832461707
0.3046875,0.65625,0.2146925171590841
0.3125,0.6640625,0.21267538777539957
0.3203125,0.671875,0.21064528330767787
0.328125,0.6796875,0.20860232767962986
0.3359375,0.6875,0.2065466455969984
0.34375,0.6953125,0.20447836253994744
0.3515625,0.703125,0.20239760475540824
0.359375,0.7109375,0.20030449924937957
0.3671875,0.71875,0.1981991737791852
0.375,0.7265625,0.1960817568456877
0.3828125,0.734375,0.19395237768545964
0.390625,0.7421875,0.19181116626291092
0.3984375,0.75,0.1896582532623752
0.40625,0.7578125,0.18749377008015267
0.4140625,0.765625,0.18531784881651236
0.421875,0.7734375,0.18313062226765262
0.4296875,0.78125,0.18093222391761854
0.4375,0.7890625,0.17872278793018273
0.4453125,0.796875,0.17650244914067975
0.453125,0.8046875,0.17427134304780484
0.4609375,0.8125,0.17202960580537108
0.46875,0.8203125,0.16977737421402686
0.4765625,0.828125,0.16751478571293527
0.484375,0.8359375,0.16524197837141422
0.4921875,0.84375,0.16295909088053934
0.5,0.8515625,0.16066626254470884
0.5078125,0.859375,0.15836363327317238
0.515625,0.8671875,0.15605134357152306
0.5234375,0.875,0.15372953453315458
0.53125,0.8828125,0.15139834783068304
0.5390625,0.890625,0.14905792570733523
0.546875,0.8984375,0.14670841096830292
0.5546875,0.90625,0.14434994697206532
0.5625,0.9140625,0.14198267762167852
0.5703125,0.921875,0.1396067473560346
0.578125,0.9296875,0.1372223011410899
0.5859375,0.9375,0.13482948446106366
0.59375,0.9453125,0.13242844330960762
0.6015625,0.953125,0.13001932418094714
0.609375,0.9609375,0.12760227406099553
0.6171875,0.96875,0.12517744041843848
0.625,0.9765625,0.12274497119579711
0.6328125,0.984375,0.12030501480045949
0.640625,0.9921875,0.11785772009569022
0.6484375,1.0,0.11540323639161335
0.0,0.34375,0.2820134877180126
0.0078125,0.3515625,0.2805899057300215
0.015625,0.359375,0.2791492011961899
0.0234375,0.3671875,0.2776914621442913
0.03125,0.375,0.2762167776401994
0.0390625,0.3828125,0.27472523778242863
0.046875,0.390625,0.27321693369661104
0.0546875,0.3984375,0.27169195752991615
0.0625,0.40625,0.27015040244540406
0.0703125,0.4140625,0.26859236261632025
0.078125,0.421875,0.267017933220327
0.0859375,0.4296875,0.26542721043367473
0.09375,0.4375,0.2638202914253099
0.1015625,0.4453125,0.2621972743509251
0.109375,0.453125,0.2605582583469458
0.1171875,0.4609375,0.2589033435244585
0.125,0.46875,0.2572326309630784
0.1328125,0.4765625,0.2555462227047588
0.140625,0.484375,0.25384422174753957
0.1484375,0.4921875,0.25212673203923924
0.15625,0.5,0.25039385847108714
0.1640625,0.5078125,0.24864570687129955
0.171875,0.515625,0.24688238399859783
0.1796875,0.5234375,0.2451039975356692
0.1875,0.53125,0.24331065608257274
0.1953125,0.5390625,0.24150246915008786
0.203125,0.546875,0.23967954715300877
0.2109375,0.5546875,0.23784200140338263
0.21875,0.5625,0.23598994410369487
0.2265625,0.5703125,0.23412348833999896
0.234375,0.578125,0.23224274807499354
0.2421875,0.5859375,0.2303478381410469
0.25,0.59375,0.22843887423316758
0.2578125,0.6015625,0.2265159729019254
0.265625,0.609375,0.2245792515463189
0.2734375,0.6171875,0.22262882840659332
0.28125,0.625,0.2206648225570086
0.2890625,0.6328125,0.2186873538985571
0.296875,0.640625,0.21669654315163284
0.3046875,0.6484375,0.21469251184865312
0.3125,0.65625,0.21267538232663116
0.3203125,0.6640625,0.21064527771970323
0.328125,0.671875,0.20860232195160844
0.3359375,0.6796875,0.20654663972812232
0.34375,0.6875,0.20447835652944632
0.3515625,0.6953125,0.20239759860255155
0.359375,0.703125,0.2003044929534788
0.3671875,0.7109375,0.19819916733959386
0.375,0.71875,0.19608175026180033
0.3828125,0.7265625,0.1939523709567094
0.390625,0.734375,0.19181115938876564
0.3984375,0.7421875,0.1896582462423318
0.40625,0.75,0.1874937629137308
0.4140625,0.7578125,0.18531784150324618
0.421875,0.765625,0.18313061480708084
0.4296875,0.7734375,0.18093221630927567
0.4375,0.78125,0.1787227801735856
0.4453125,0.7890625,0.17650244123531694
0.453125,0.796875,0.17427133499312278
0.4609375,0.8046875,0.17202959760076042
0.46875,0.8125,0.16977736585880843
0.4765625,0.8203125,0.16751477720634506
0.484375,0.828125,0.16524196971258878
0.4921875,0.8359375,0.16295908206849988
0.5,0.84375,0.1606662535783459
0.5078125,0.8515625,0.15836362415123015
0.515625,0.859375,0.15605133429258317
0.5234375,0.8671875,0.1537295250956203
0.53125,0.875,0.15139833823276314
0.5390625,0.8828125,0.14905791594702766
0.546875,0.890625,0.1467084010433787
0.5546875,0.8984375,0.14434993688005182
0.5625,0.90625,0.14198266735984322
0.5703125,0.9140625,0.13960673692136866
0.578125,0.921875,0.13722229053029164
0.5859375,0.9296875,0.1348294736705222
0.59375,0.9375,0.1324284323353864
0.6015625,0.9453125,0.13001931301876835
0.609375,0.953125,0.12760226270622396
0.6171875,0.9609375,0.12517742886606792
0.625,0.96875,0.12274495944043491
0.6328125,0.9765625,0.12030500283631539
0.640625,0.984375,0.11785770791656508
0.6484375,0.9921875,0.11540322399089108
0.65625,1.0,0.11294170080681215
0.0,0.3359375,0.28201348760892203
0.0078125,0.34375,0.2805899054660019
0.015625,0.3515625,0.2791492007800416
0.0234375,0.359375,0.2776914615786894
0.03125,0.3671875,0.2762167769276898
0.0390625,0.375,0.27472523692542367
0.046875,0.3828125,0.2732169326973873
0.0546875,0.390625,0.27169195639061006
0.0625,0.3984375,0.27015040116801065
0.0703125,0.40625,0.26859236120269075
0.078125,0.4140625,0.2670179316721691
0.0859375,0.421875,0.265427208752551
0.09375,0.4296875,0.26382028961263965
0.1015625,0.4375,0.26219727240798496
0.109375,0.4453125,0.2605582562748714
0.1171875,0.453125,0.25890334132424686
0.125,0.4609375,0.2572326286355908
0.1328125,0.46875,0.2555462202507234
0.140625,0.4765625,0.2538442191675549
0.1484375,0.484375,0.25212672933377817
0.15625,0.4921875,0.2503938556405009
0.1640625,0.5,0.2486457039158218
0.171875,0.5078125,0.24688238091834894
0.1796875,0.515625,0.24510399433066177
0.1875,0.5234375,0.24331065275271585
0.1953125,0.53125,0.2415024656951928
0.203125,0.5390625,0.2396795435727946
0.2109375,0.546875,0.237841997697482
0.21875,0.5546875,0.2359899402716598
0.2265625,0.5625,0.23412348438130762
0.234375,0.5703125,0.23224274398905706
0.2421875,0.578125,0.23034783392721594
0.25,0.5859375,0.22843886989074016
0.2578125,0.59375,0.22651596843015365
0.265625,0.6015625,0.22457924694441736
0.2734375,0.609375,0.22262882367374676
0.28125,0.6171875,0.22066481769237942
0.2890625,0.625,0.21868734890129368
0.296875,0.6328125,0.2166965380208774
0.3046875,0.640625,0.21469250658354863
0.3125,0.6484375,0.21267537692632904
0.3203125,0.65625,0.21064527218336965
0.328125,0.6640625,0.20860231627843026
0.3359375,0.671875,0.20654663391731265
0.34375,0.6796875,0.20447835058024838
0.3515625,0.6875,0.20239759251424216
0.359375,0.6953125,0.20030448672537032
0.3671875,0.703125,0.1981991609710352
0.375,0.7109375,0.19608174375217638
0.3828125,0.71875,0.193952364305439
0.390625,0.7265625,0.19181115259529885
0.3984375,0.734375,0.1896582393061451
0.40625,0.7421875,0.187493755834321
0.4140625,0.75,0.18531783428012377
0.421875,0.7578125,0.1831306074397615
0.4296875,0.765625,0.1809322087972704
0.4375,0.7734375,0.17872277251639046
0.4453125,0.78125,0.1765024334324015
0.453125,0.7890625,0.1742713270439181
0.4609375,0.796875,0.17202958950464559
0.46875,0.8046875,0.16977735761509727
0.4765625,0.8125,0.1675147688142719
0.484375,0.8203125,0.16524196117129353
0.4921875,0.828125,0.16295907337701362
0.5,0.8359375,0.16066624473557514
0.5078125,0.84375,0.15836361515594127
0.515625,0.8515625,0.15605132514338696
0.5234375,0.859375,0.15372951579095534
0.53125,0.8671875,0.15139832877088003
0.5390625,0.875,0.14905790632597254
0.546875,0.8828125,0.1467083912609764
0.5546875,0.890625,0.14434992693388943
0.5625,0.8984375,0.14198265724725287
0.5703125,0.90625,0.13960672663941046
0.578125,0.9140625,0.13722228007573642
0.5859375,0.921875,0.13482946303983412
0.59375,0.9296875,0.1324284215247055
0.6015625,0.9375,0.13001930202389328
0.609375,0.9453125,0.1276022515225943
0.6171875,0.953125,0.1251774174887484
0.625,0.9609375,0.12274494786409856
0.6328125,0.96875,0.12030499105522857
0.640625,0.9765625,0.11785769592457399
0.6484375,0.984375,0.11540321178140976
0.65625,0.9921875,0.11294168837281368
0.6640625,1.0,0.11047327587460609
0.0,0.328125,0.28201348749879895
0.0078125,0.3359375,0.2805899051995705
0.015625,0.34375,0.27914920036023894
0.0234375,0.3515625,0.2776914610083311
0.03125,0.359375,0.2762167762094657
0.0390625,0.3671875,0.2747252360618932
0.046875,0.375,0.2732169316909749
0.0546875,0.3828125,0.27169195524360146
0.0625,0.390625,0.2701503998825496
0.0703125,0.3984375,0.2685923597807773
0.078125,0.40625,0.26701793011565744
0.0859375,0.4140625,0.2654272070631499
0.09375,0.421875,0.26382028779191186
0.1015625,0.4296875,0.26219727045734853
0.109375,0.4375,0.2605582541956014
0.1171875,0.4453125,0.25890333911747715
0.125,0.453125,0.25723262630231675
0.1328125,0.4609375,0.25554621779180503
0.140625,0.46875,0.25384421658372036
0.1484375,0.4765625,0.25212672662562696
0.15625,0.484375,0.25039385280850857
0.1640625,0.4921875,0.24864570096034402
0.171875,0.5,0.24688237783962558
0.1796875,0.5078125,0.2451039911288221
0.1875,0.515625,0.24331064942778355
0.1953125,0.5234375,0.2415024622470909
0.203125,0.53125,0.23967954000135133
0.2109375,0.5390625,0.23784199400243614
0.21875,0.546875,0.2359899364526669
0.2265625,0.5546875,0.23412348043794612
0.234375,0.5625,0.23224273992083458
0.2421875,0.5703125,0.23034782973357637
0.25,0.578125,0.2284388655710704
0.2578125,0.5859375,0.22651596398379104
0.265625,0.59375,0.22457924237065646
0.2734375,0.6015625,0.2226288189718473
0.28125,0.609375,0.220664812861574
0.2890625,0.6171875,0.21868734394079478
0.296875,0.625,0.2166965329298851
0.3046875,0.6328125,0.21469250136125795
0.3125,0.640625,0.21267537157193683
0.3203125,0.6484375,0.21064526669608089
0.328125,0.65625,0.20860231065746382
0.3359375,0.6640625,0.20654662816190703
0.34375,0.671875,0.2044783446896657
0.3515625,0.6796875,0.20239758648777179
0.359375,0.6875,0.20030448056233102
0.3671875,0.6953125,0.19819915467077678
0.375,0.703125,0.19608173731407955
0.3828125,0.7109375,0.19395235772891434
0.390625,0.71875,0.19181114587978398
0.3984375,0.7265625,0.18965823245110125
0.40625,0.734375,0.18749374883922798
0.4140625,0.7421875,0.18531782714447337
0.421875,0.75,0.18313060016305005
0.4296875,0.7578125,0.18093220137899044
0.4375,0.765625,0.17872276495602077
0.4453125,0.7734375,0.1765024257293964
0.453125,0.78125,0.17427131919769612
0.4609375,0.7890625,0.17202958151457715
0.46875,0.796875,0.16977734948049164
0.4765625,0.8046875,0.16751476053436357
0.484375,0.8125,0.16524195274522818
0.4921875,0.8203125,0.16295906480383346
0.5,0.828125,0.16066623601420424
0.5078125,0.8359375,0.15836360628516982
0.515625,0.84375,0.1560513161218559
0.5234375,0.8515625,0.15372950661714052
0.53125,0.859375,0.15139831944307555
0.5390625,0.8671875,0.14905789684227455
0.546875,0.875,0.1467083816192665
0.5546875,0.8828125,0.14434991713181713
0.5625,0.890625,0.14198264728221863
0.5703125,0.8984375,0.13960671650854767
0.578125,0.90625,0.1372222697758936
0.5859375,0.9140625,0.13482945256755674
0.59375,0.921875,0.13242841087621754
0.6015625,0.9296875,0.13001929119507846
0.609375,0.9375,0.12760224050897773
0.6171875,0.9453125,0.12517740628547758
0.625,0.953125,0.12274493646592585
0.6328125,0.9609375,0.12030497945649316
0.640625,0.96875,0.11785768411918537
0.6484375,0.9765625,0.11540319976283292
0.65625,0.984375,0.11294167613405576
0.6640625,0.9921875,0.11047326340820651
0.671875,1.0,0.1079981121802898
0.0,0.3203125,0.28201348738759907
0.0078125,0.328125,0.28058990493061453
0.015625,0.3359375,0.27914919993659687
0.0234375,0.34375,0.2776914604329569
0.03125,0.3515625,0.27621677548519225
0.0390625,0.359375,0.2747252351914263
0.046875,0.3671875,0.2732169306768876
0.0546875,0.375,0.2716919540883295
0.0625,0.3828125,0.27015039858838713
0.0703125,0.390625,0.268592358349874
0.078125,0.3984375,0.26701792855001655
0.0859375,0.40625,0.265427205364627
0.09375,0.4140625,0.26382028596221513
0.1015625,0.421875,0.2621972684980389
0.109375,0.4296875,0.26055825210809463
0.1171875,0.4375,0.258903336903045
0.125,0.4453125,0.2572326239620901
0.1328125,0.453125,0.25554621532677657
0.140625,0.4609375,0.25384421399474827
0.1484375,0.46875,0.2521267239134381
0.15625,0.4765625,0.25039384997370323
0.1640625,0.484375,0.24864569800339958
0.171875,0.4921875,0.24688237476090216
0.1796875,0.5,0.2451039879285658
0.1875,0.5078125,0.2433106461061323
0.1953125,0.515625,0.24150245880407958
0.203125,0.5234375,0.23967953643691697
0.2109375,0.53125,0.23784199031642375
0.21875,0.5390625,0.23598993264483528
0.2265625,0.546875,0.23412347650797394
0.234375,0.5546875,0.23224273586832647
0.2421875,0.5625,0.23034782555806946
0.25,0.5703125,0.2284388612720412
0.2578125,0.578125,0.22651595956066212
0.265625,0.5859375,0.22457923782280376
0.2734375,0.59375,0.22262881429860726
0.28125,0.6015625,0.22066480806225017
0.2890625,0.609375,0.21868733901466597
0.296875,0.6171875,0.21669652787621185
0.3046875,0.625,0.21469249617928995
0.3125,0.6328125,0.21267536626091935
0.3203125,0.640625,0.21064526125526115
0.328125,0.6484375,0.20860230508609703
0.3359375,0.65625,0.20654662245926117
0.34375,0.6640625,0.20447833885502645
0.3515625,0.671875,0.20239758052044568
0.359375,0.6796875,0.20030447446164867
0.3671875,0.6875,0.19819914843609404
0.375,0.6953125,0.19608173094477838
0.3828125,0.703125,0.19395235122440202
0.390625,0.7109375,0.19181113923949136
0.3984375,0.71875,0.18965822567447962
0.40625,0.7265625,0.1874937419257446
0.4140625,0.734375,0.18531782009360623
0.421875,0.7421875,0.1831305929742812
0.4296875,0.75,0.18093219405179775
0.4375,0.7578125,0.17872275748986954
0.4453125,0.765625,0.17650241812372916
0.453125,0.7734375,0.17427131145192215
0.4609375,0.78125,0.17202957362806082
0.46875,0.7890625,0.16977734145253998
0.4765625,0.796875,0.16751475236421356
0.484375,0.8046875,0.16524194443203297
0.4921875,0.8125,0.1629590563466483
0.5,0.8203125,0.16066622741197203
0.5078125,0.828125,0.15836359753670604
0.515625,0.8359375,0.15605130722583324
0.5234375,0.84375,0.15372949757207316
0.53125,0.8515625,0.15139831024730294
0.5390625,0.859375,0.149057887493945
0.546875,0.8671875,0.14670837211631993
0.5546875,0.875,0.1443499074719685
0.5625,0.8828125,0.14198263746293963
0.5703125,0.890625,0.1396067065270489
0.578125,0.8984375,0.1372222596291062
0.5859375,0.90625,0.1348294422521131
0.59375,0.9140625,0.13242840038843237
0.6015625,0.921875,0.1300192805309288
0.609375,0.9296875,0.1276022296640833
0.6171875,0.9375,0.12517739525508056
0.625,0.9453125,0.12274492524487077
0.6328125,0.953125,0.12030496803920702
0.640625,0.9609375,0.11785767249965882
0.6484375,0.96875,0.11540318793460147
0.65625,0.9765625,0.11294166409018351
0.6640625,0.984375,0.11047325114127154
0.671875,0.9921875,0.10799809968237287
0.6796875,1.0,0.10551636071853665
0.0,0.3125,0.2820134872752794
0.0078125,0.3203125,0.28058990465902484
0.015625,0.328125,0.2791491995089345
0.0234375,0.3359375,0.2776914598523114
0.03125,0.34375,0.27621677475453765
0.0390625,0.3515625,0.2747252343136143
0.046875,0.359375,0.2732169296546402
0.0546875,0.3671875,0.2716919529242331
0.0625,0.375,0.2701503972848876
0.0703125,0.3828125,0.2685923569092724
0.078125,0.390625,0.2670179269744667
0.0859375,0.3984375,0.2654272036561336
0.09375,0.40625,0.26382028412263314
0.1015625,0.4140625,0.2621972665290743
0.109375,0.421875,0.2605582500113047
0.1171875,0.4296875,0.2589033346798412
0.125,0.4375,0.25723262161373983
0.1328125,0.4453125,0.25554621285440626
0.140625,0.453125,0.2538442113993468
0.1484375,0.4609375,0.2521267211958609
0.15625,0.46875,0.25039384713467566
0.1640625,0.4765625,0.2486456950435218
0.171875,0.484375,0.24688237168065336
0.1796875,0.4921875,0.24510398472830947
0.1875,0.5,0.24331064278612083
0.1953125,0.5078125,0.24150245536445972
0.203125,0.515625,0.23967953287773455
0.2109375,0.5234375,0.23784198663763012
0.21875,0.53125,0.23598992884629233
0.2265625,0.5390625,0.23412347258946056
0.234375,0.546875,0.23224273182954425
0.2421875,0.5546875,0.23034782139864918
0.25,0.5625,0.22843885699154934
0.2578125,0.5703125,0.2265159551586074
0.265625,0.578125,0.22457923329864413
0.2734375,0.5859375,0.22262880965175624
0.28125,0.59375,0.22066480329208468
0.2890625,0.6015625,0.21868733412053246
0.296875,0.609375,0.21669652285743352
0.3046875,0.6171875,0.21469249103517352
0.3125,0.625,0.21267536099076143
0.3203125,0.6328125,0.21064525585835467
0.328125,0.640625,0.2086022995617365
0.3359375,0.6484375,0.2065466168067483
0.34375,0.65625,0.20447833307367444
0.3515625,0.6640625,0.20239757460958321
0.359375,0.671875,0.20030446842062238
0.3671875,0.6796875,0.19819914226427107
0.375,0.6875,0.1960817246415469
0.3828125,0.6953125,0.19395234478917106
0.390625,0.703125,0.19181113267169
0.3984375,0.7109375,0.1896582189735539
0.40625,0.71875,0.18749373509115438
0.4140625,0.7265625,0.18531781312482026
0.421875,0.734375,0.1831305858707711
0.4296875,0.7421875,0.18093218681303128
0.4375,0.75,0.17872275011530211
0.4453125,0.7578125,0.17650241061279515
0.453125,0.765625,0.1742713038040245
0.4609375,0.7734375,0.1720295658425606
0.46875,0.78125,0.1697773335287448
0.4765625,0.7890625,0.1675147443013647
0.484375,0.796875,0.16524193622929292
0.4921875,0.8046875,0.162959048003087
0.5,0.8125,0.16066621892655278
0.5078125,0.8203125,0.1583635889082709
0.515625,0.828125,0.15605129845308796
0.5234375,0.8359375,0.15372948865357164
0.53125,0.84375,0.15139830118143138
0.5390625,0.8515625,0.14905787827890504
0.546875,0.859375,0.1467083627501126
0.5546875,0.8671875,0.1443498979523759
0.5625,0.875,0.14198262778750767
0.5703125,0.8828125,0.13960669669306905
0.578125,0.890625,0.1372222496335959
0.5859375,0.8984375,0.134829432091797
0.59375,0.90625,0.132428390059722
0.6015625,0.9140625,0.13001927002990205
0.609375,0.921875,0.12760221898646334
0.6171875,0.9296875,0.12517738439621443
0.625,0.9375,0.1227449141997075
0.6328125,0.9453125,0.12030495680227615
0.640625,0.953125,0.11785766106504832
0.6484375,0.9609375,0.11540317629593684
0.65625,0.96875,0.11294165224060763
0.6640625,0.9765625,0.11047323907342609
0.671875,0.984375,0.10799808738838228
0.6796875,0.9921875,0.10551634818999546
0.6875,1.0,0.10302817288419716
0.0,0.3046875,0.2820134871618006
0.0078125,0.3125,0.28058990438469694
0.015625,0.3203125,0.2791491990770771
0.0234375,0.328125,0.2776914592661448
0.03125,0.3359375,0.27621677401717487
0.0390625,0.34375,0.27472523342805166
0.046875,0.3515625,0.27321692862374897
0.0546875,0.359375,0.27169195175075145
0.0625,0.3671875,0.27015039597141427
0.0703125,0.375,0.2685923554582617
0.078125,0.3828125,0.2670179253882249
0.0859375,0.390625,0.26542720193681635
0.09375,0.3984375,0.26382028227224463
0.1015625,0.40625,0.26219726454946685
0.109375,0.4140625,0.26055824790417964
0.1171875,0.421875,0.25890333244675084
0.125,0.4296875,0.2572326192560896
0.1328125,0.4375,0.25554621037345737
0.140625,0.4453125,0.2538442087962203
0.1484375,0.453125,0.2521267184715408
0.15625,0.4609375,0.2503938442900132
0.1640625,0.46875,0.2486456920792405
0.171875,0.4765625,0.24688236859735258
0.1796875,0.484375,0.24510398152647
0.1875,0.4921875,0.2433106394661095
0.1953125,0.5,0.2415024519265348
0.203125,0.5078125,0.23967952932205133
0.2109375,0.515625,0.23784198296424583
0.21875,0.5234375,0.23598992505517222
0.2265625,0.53125,0.23412346868048364
0.234375,0.5390625,0.2322427278025094
0.2421875,0.546875,0.23034781725328093
0.25,0.5546875,0.2284388527275044
0.2578125,0.5625,0.2265159507754811
0.265625,0.5703125,0.2245792287959771
0.2734375,0.578125,0.2226288050290407
0.28125,0.5859375,0.22066479854877138
0.2890625,0.59375,0.21868732925603737
0.296875,0.6015625,0.21669651787114436
0.3046875,0.609375,0.2146924859264562
0.3125,0.6171875,0.21267535575896662
0.3203125,0.625,0.21064525050282346
0.328125,0.6328125,0.20860229408180653
0.3359375,0.640625,0.20654661120175827
0.34375,0.6484375,0.20447832734296897
0.3515625,0.65625,0.20239756875251713
0.359375,0.6640625,0.20030446243656305
0.3671875,0.671875,0.19819913615260107
0.375,0.6796875,0.19608171840166527
0.3828125,0.6875,0.19395233842049364
0.390625,0.6953125,0.19181112617364837
0.3984375,0.703125,0.1896582123455939
0.40625,0.7109375,0.1874937283327329
0.4140625,0.71875,0.18531780623540117
0.421875,0.7265625,0.18313057884982026
0.4296875,0.734375,0.18093217966000977
0.4375,0.7421875,0.17872274282965941
0.4453125,0.75,0.17650240319396054
0.453125,0.7578125,0.17427129625139812
0.4609375,0.765625,0.17202955815550297
0.46875,0.7734375,0.16977732570656598
0.4765625,0.78125,0.16751473634331274
0.484375,0.7890625,0.16524192813454158
0.4921875,0.796875,0.16295903977072249
0.5,0.8046875,0.1606662105555602
0.5078125,0.8125,0.15836358039752024
0.515625,0.8203125,0.1560512898013192
0.5234375,0.828125,0.15372947985937963
0.53125,0.8359375,0.1513982922432502
0.5390625,0.84375,0.14905786919499184
0.546875,0.8515625,0.1467083535185298
0.5546875,0.859375,0.14434988857097547
0.5625,0.8671875,0.14198261825391228
0.5703125,0.875,0.13960668700465334
0.578125,0.8828125,0.1372222397874681
0.5859375,0.890625,0.13482942208477822
0.59375,0.8984375,0.132428379888326
0.6015625,0.90625,0.1300192596903141
0.609375,0.9140625,0.1276022084745182
0.6171875,0.921875,0.1251773737073735
0.625,0.9296875,0.122744903329036
0.6328125,0.9375,0.12030494574441908
0.640625,0.9453125,0.11785764981420689
0.6484375,0.953125,0.11540316484584473
0.65625,0.9609375,0.1129416405845075
0.6640625,0.96875,0.11047322720404737
0.671875,0.9765625,0.10799807529792065
0.6796875,0.984375,0.10551633587009462
0.6875,0.9921875,0.10302816032593487
0.6953125,1.0,0.1005337004630725
0.0,0.296875,0.28201348704712587
0.0078125,0.3046875,0.2805899041075328
0.015625,0.3125,0.2791491986408568
0.0234375,0.3203125,0.27769145867421424
0.03125,0.328125,0.2762167732727829
0.0390625,0.3359375,0.2747252325343378
0.046875,0.34375,0.27321692758373345
0.0546875,0.3515625,0.2716919505673248
0.0625,0.359375,0.2701503946473297
0.0703125,0.3671875,0.2685923539961289
0.078125,0.375,0.26701792379050454
0.0859375,0.3828125,0.26542720020581767
0.09375,0.390625,0.26382028041012284
0.1015625,0.3984375,0.2621972625582229
0.109375,0.40625,0.26055824578566084
0.1171875,0.4140625,0.2589033302026523
0.125,0.421875,0.2572326168879562
0.1328125,0.4296875,0.255546207882687
0.140625,0.4375,0.2538442061840668
0.1484375,0.4453125,0.2521267157391182
0.15625,0.453125,0.25039384143829974
0.1640625,0.4609375,0.24864568910908288
0.171875,0.46875,0.24688236550947082
0.1796875,0.4765625,0.24510397832146263
0.1875,0.484375,0.24331063614445828
0.1953125,0.4921875,0.2415024484886101
0.203125,0.5,0.23967952576811705
0.2109375,0.5078125,0.23784197929446566
0.21875,0.515625,0.23598992126961474
0.2265625,0.5234375,0.23412346477912793
0.234375,0.53125,0.23224272378525151
0.2421875,0.5390625,0.23034781311993954
0.25,0.546875,0.22843884847782686
0.2578125,0.5546875,0.22651594640915002
0.265625,0.5625,0.22457922431261598
0.2734375,0.5703125,0.22262880042822147
0.28125,0.578125,0.22066479383001988
0.2890625,0.5859375,0.21868732441884034
0.296875,0.59375,0.2166965129149556
0.3046875,0.6015625,0.21469248085070303
0.3125,0.609375,0.2126753505630557
0.3203125,0.6171875,0.2106452451861472
0.328125,0.625,0.20860228864374794
0.3359375,0.6328125,0.20654660564169666
0.34375,0.640625,0.2044783216602842
0.3515625,0.6484375,0.2023975629465935
0.359375,0.65625,0.20030445650679257
0.3671875,0.6640625,0.19819913009838627
0.375,0.671875,0.1960817122224205
0.3828125,0.6796875,0.19395233211564564
0.390625,0.6875,0.19181111974263604
0.3984375,0.6953125,0.18965820578786702
0.40625,0.703125,0.18749372164774983
0.4140625,0.7109375,0.18531779942262513
0.421875,0.71875,0.18313057190871512
0.4296875,0.7265625,0.1809321725900342
0.4375,0.734375,0.1787227356302604
0.4453125,0.7421875,0.1765023958645657
0.453125,0.75,0.17427128879140738
0.4609375,0.7578125,0.17202955056427907
0.46875,0.765625,0.1697773179834242
0.4765625,0.7734375,0.1675147284875102
0.484375,0.78125,0.1652419201452646
0.4921875,0.7890625,0.16295903164707537
0.5,0.796875,0.1606662022965513
0.5078125,0.8046875,0.15836357200204862
0.515625,0.8125,0.15605128126816026
0.5234375,0.8203125,0.15372947118717026
0.53125,0.828125,0.1513982834304734
0.5390625,0.8359375,0.14905786023996057
0.546875,0.84375,0.1467083444193712
0.5546875,0.8515625,0.1443498793256119
0.5625,0.859375,0.14198260886004507
0.5703125,0.8671875,0.1396066774597435
0.578125,0.875,0.13722223008871692
0.5859375,0.8828125,0.13482941222910744
0.59375,0.890625,0.13242836987235668
0.6015625,0.8984375,0.13001924951034483
0.609375,0.90625,0.1276021981265022
0.6171875,0.9140625,0.12517736318689543
0.625,0.921875,0.12274489263128718
0.6328125,0.9296875,0.12030493486417271
0.640625,0.9375,0.11785763874579194
0.6484375,0.9453125,0.11540315358312005
0.65625,0.953125,0.11294162912083555
0.6640625,0.9609375,0.11047321553226849
0.671875,0.96875,0.1079980634103282
0.6796875,0.9765625,0.10551632375841206
0.6875,0.984375,0.10302814798129545
0.6953125,0.9921875,0.10053368787600324
0.703125,1.0,0.09803309562266256
0.0,0.2890625,0.28201348693122436
0.0078125,0.296875,0.2805899038274426
0.015625,0.3046875,0.27914919820011524
0.0234375,0.3125,0.2776914580762867
0.03125,0.3203125,0.2762167725210494
0.0390625,0.328125,0.27472523163207857
0.046875,0.3359375,0.27321692653411755
0.0546875,0.34375,0.2716919493733958
0.0625,0.3515625,0.27015039331199714
0.0703125,0.359375,0.26859235252215935
0.078125,0.3671875,0.26701792218051595
0.0859375,0.375,0.26542719846227497
0.09375,0.3828125,0.2638202785353351
0.1015625,0.390625,0.2621972605543422
0.109375,0.3984375,0.2605582436546827
0.1171875,0.40625,0.25890332794641674
0.125,0.4140625,0.25723261450814944
0.1328125,0.421875,0.2555462053808449
0.140625,0.4296875,0.2538442035615778
0.1484375,0.4375,0.25212671299722733
0.15625,0.4453125,0.25039383857811287
0.1640625,0.453125,0.24864568613157095
0.171875,0.4609375,0.24688236241547565
0.1796875,0.46875,0.24510397511170054
0.1875,0.4765625,0.24331063281952608
0.1953125,0.484375,0.24150244504899018
0.203125,0.4921875,0.23967952221418284
0.2109375,0.5,0.23784197562648685
0.21875,0.5078125,0.23598991748776327
0.2265625,0.515625,0.23412346088348338
0.234375,0.5234375,0.23224271977580727
0.2421875,0.53125,0.23034780899660817
0.25,0.5390625,0.2284388442404469
0.2578125,0.546875,0.22651594205749118
0.265625,0.5546875,0.22457921984638626
0.2734375,0.5625,0.22262879584707254
0.28125,0.5703125,0.22066478913355383
0.2890625,0.578125,0.21868731960661578
0.296875,0.5859375,0.21669650798649406
0.3046875,0.59375,0.2146924758054947
0.3125,0.6015625,0.21267534540056576
0.3203125,0.609375,0.2106452399058211
0.328125,0.6171875,0.20860228324501745
0.3359375,0.625,0.20654660012398424
0.34375,0.6328125,0.204478316023008
0.3515625,0.640625,0.20239755718917088
0.359375,0.6484375,0.20030445062864427
0.3671875,0.65625,0.19819912409893842
0.375,0.6640625,0.19608170610110662
0.3828125,0.671875,0.1939523258719074
0.390625,0.6796875,0.19181111337592413
0.3984375,0.6875,0.18965819929763936
0.40625,0.6953125,0.1874937150334702
0.4140625,0.703125,0.18531779268376036
0.421875,0.7109375,0.18313056504473071
0.4296875,0.71875,0.18093216560039008
0.4375,0.7265625,0.17872272851440446
0.4453125,0.734375,0.17650238862192735
0.453125,0.7421875,0.1742712814213893
0.4609375,0.75,0.1720295430662489
0.46875,0.7578125,0.16977731035670465
0.4765625,0.765625,0.167514720731369
0.484375,0.7734375,0.16524191225890356
0.4921875,0.78125,0.1629590236296179
0.5,0.7890625,0.16066619414703037
0.5078125,0.796875,0.15836356371939356
0.515625,0.8046875,0.15605127285118295
0.5234375,0.8125,0.15372946263455053
0.53125,0.8203125,0.15139827474074422
0.5390625,0.828125,0.14905785141149225
0.546875,0.8359375,0.14670833545035505
0.5546875,0.84375,0.14434987021404336
0.5625,0.8515625,0.1419825996037054
0.5703125,0.859375,0.13960666805618194
0.578125,0.8671875,0.13722222053523092
0.5859375,0.875,0.13482940252272252
0.59375,0.8828125,0.13242836000980515
0.6015625,0.890625,0.13001923948804353
0.609375,0.8984375,0.12760218794052963
0.6171875,0.90625,0.12517735283296685
0.625,0.9140625,0.12274488210472964
0.6328125,0.921875,0.1203049241598985
0.640625,0.9296875,0.11785762785827135
0.6484375,0.9375,0.11540314250635289
0.65625,0.9453125,0.11294161784832282
0.6640625,0.953125,0.11047320405698324
0.671875,0.9609375,0.10799805172468697
0.6796875,0.96875,0.10551631185424723
0.6875,0.9765625,0.10302813584982942
0.6953125,0.984375,0.10053367550782571
0.703125,0.9921875,0.09803308300771232
0.7109375,1.0,0.09552651090288954
0.0,0.28125,0.2820134868140685
0.0078125,0.2890625,0.2805899035443466
0.015625,0.296875,0.2791491977547069
0.0234375,0.3046875,0.2776914574721416
0.03125,0.3125,0.27621677176167275
0.0390625,0.3203125,0.2747252307208899
0.046875,0.328125,0.2732169254744319
0.0546875,0.3359375,0.27169194816841147
0.0625,0.34375,0.27015039196478097
0.0703125,0.3515625,0.2685923510356377
0.078125,0.359375,0.2670179205574667
0.0859375,0.3671875,0.26542719670532133
0.09375,0.375,0.26382027664694296
0.1015625,0.3828125,0.26219725853681786
0.109375,0.390625,0.2605582415101723
0.1171875,0.3984375,0.25890332567690727
0.125,0.40625,0.2572326121154711
0.1328125,0.4140625,0.2555462028666731
0.140625,0.421875,0.25384420092743715
0.1484375,0.4296875,0.25212671024449534
0.15625,0.4375,0.25039383570802415
0.1640625,0.4453125,0.24864568314522223
0.171875,0.453125,0.24688235931382987
0.1796875,0.4609375,0.2451039718955931
0.1875,0.46875,0.2433106294896694
0.1953125,0.4765625,0.2415024416059789
0.203125,0.484375,0.23967951865849974
0.2109375,0.4921875,0.23784197195850812
0.21875,0.5,0.2359899137077642
0.2265625,0.5078125,0.2341234569916441
0.234375,0.515625,0.23224271577221828
0.2421875,0.5234375,0.23034780488127687
0.25,0.53125,0.22843884001330259
0.2578125,0.5390625,0.2265159377183918
0.265625,0.546875,0.22457921539512377
0.2734375,0.5546875,0.2226287912833796
0.28125,0.5625,0.22066478445710955
0.2890625,0.5703125,0.21868731481705175
0.296875,0.578125,0.21669650308340066
0.3046875,0.5859375,0.2146924707884269
0.3125,0.59375,0.2126753402690487
0.3203125,0.6015625,0.21064523465935592
0.328125,0.609375,0.20860227788308647
0.3359375,0.6171875,0.20654659464605596
0.34375,0.625,0.20447831042854184
0.3515625,0.6328125,0.2023975514776208
0.359375,0.640625,0.2003044447994627
0.3671875,0.6484375,0.19819911815157837
0.375,0.65625,0.19608170003502484
0.3828125,0.6640625,0.19395231968656484
0.390625,0.671875,0.19181110707078633
0.3984375,0.6796875,0.18965819287217658
0.40625,0.6875,0.18749370848715582
0.4140625,0.6953125,0.18531778601606805
0.421875,0.703125,0.18313055825513208
0.4296875,0.7109375,0.18093215868834944
0.4375,0.71875,0.17872272147937415
0.4453125,0.7265625,0.17650238146334135
0.453125,0.734375,0.1742712741386561
0.4609375,0.7421875,0.17202953565874352
0.46875,0.75,0.16977730282375977
0.4765625,0.7578125,0.16751471307226531
0.484375,0.765625,0.16524190447285922
0.4921875,0.7734375,0.16295901571577737
0.5,0.78125,0.1606661861044527
0.5078125,0.7890625,0.1583635555470394
0.515625,0.796875,0.1560512645479014
0.5234375,0.8046875,0.15372945419906542
0.53125,0.8125,0.15139826617163915
0.5390625,0.8203125,0.14905784270719552
0.546875,0.828125,0.14670832660912353
0.5546875,0.8359375,0.14434986123394597
0.5625,0.84375,0.14198259048260506
0.5703125,0.8515625,0.13960665879171763
0.578125,0.859375,0.13722221112479835
0.5859375,0.8671875,0.1348293929634536
0.59375,0.875,0.13242835029854697
0.6015625,0.8828125,0.13001922962133583
0.609375,0.890625,0.12760217791458098
0.6171875,0.8984375,0.12517734264363026
0.625,0.90625,0.12274487174747603
0.6328125,0.9140625,0.12030491362978939
0.640625,0.921875,0.11785761714993019
0.6484375,0.9296875,0.11540313161393526
0.65625,0.9375,0.11294160676548542
0.6640625,0.9453125,0.1104731927768522
0.671875,0.953125,0.10799804023982597
0.6796875,0.9609375,0.10551630015662554
0.6875,0.96875,0.10302812393079093
0.6953125,0.9765625,0.10053366335806008
0.703125,0.984375,0.09803307061722898
0.7109375,0.9921875,0.09552649826099731
0.71875,1.0,0.09301409920679708
0.0,0.2734375,0.2820134866956388
0.0078125,0.28125,0.28058990325817806
0.015625,0.2890625,0.2791491973045018
0.0234375,0.296875,0.27769145686157337
0.03125,0.3046875,0.27621677099436603
0.0390625,0.3125,0.274725229800398
0.046875,0.3203125,0.2732169244042164
0.0546875,0.328125,0.27169194695182436
0.0625,0.3359375,0.2701503906050488
0.0703125,0.34375,0.26859234953584904
0.078125,0.3515625,0.2670179189205618
0.0859375,0.359375,0.26542719493408573
0.09375,0.3671875,0.2638202747440024
0.1015625,0.375,0.26219725650463555
0.109375,0.3828125,0.2605582393510483
0.1171875,0.390625,0.25890332339297856
0.125,0.3984375,0.25723260970871376
0.1328125,0.40625,0.2555462003389047
0.140625,0.4140625,0.2538441982803201
0.1484375,0.421875,0.2521267074795412
0.15625,0.4296875,0.25039383282659755
0.1640625,0.4375,0.24864568014854607
0.171875,0.4453125,0.24688235620299054
0.1796875,0.453125,0.24510396867154494
0.1875,0.4609375,0.24331062615324078
0.1953125,0.46875,0.2415024381578772
0.203125,0.4765625,0.23967951509931745
0.2109375,0.484375,0.237841968288728
0.21875,0.4921875,0.23598990992776506
0.2265625,0.5,0.2341234531017068
0.234375,0.5078125,0.23224271177253072
0.2421875,0.515625,0.2303478007719409
0.25,0.5234375,0.2284388357943389
0.2578125,0.53125,0.2265159333897464
0.265625,0.5390625,0.22457921095667363
0.2734375,0.546875,0.22262878673493863
0.28125,0.5546875,0.22066477979843455
0.2890625,0.5625,0.21868731004784855
0.296875,0.5703125,0.21669649820332948
0.3046875,0.578125,0.21469246579710866
0.3125,0.5859375,0.21267533516607048
0.3203125,0.59375,0.21064522944427605
0.328125,0.6015625,0.20860227255544025
0.3359375,0.609375,0.20654658920536054
0.34375,0.6171875,0.20447830487430022
0.3515625,0.625,0.2023975458093264
0.359375,0.6328125,0.20030443901660266
0.3671875,0.640625,0.19819911225363673
0.375,0.6484375,0.19608169402148432
0.3828125,0.65625,0.19395231355690898
0.390625,0.6640625,0.19181110082449976
0.3984375,0.671875,0.18965818650874544
0.40625,0.6796875,0.18749370200606633
0.4140625,0.6875,0.18531777941680516
0.421875,0.6953125,0.18313055153717606
0.4296875,0.703125,0.1809321518511729
0.4375,0.7109375,0.178722714522437
0.4453125,0.71875,0.1765023743860851
0.453125,0.7265625,0.17427126694049783
0.4609375,0.734375,0.1720295283390682
0.46875,0.7421875,0.16977729538191227
0.4765625,0.75,0.16751470550754113
0.484375,0.7578125,0.16524189678449497
0.4921875,0.765625,0.16295900790294
0.5,0.7734375,0.1606661781662282
0.5078125,0.78125,0.15836354748242093
0.515625,0.7890625,0.15605125635577632
0.5234375,0.796875,0.15372944587820198
0.53125,0.8046875,0.1513982577206724
0.5390625,0.8125,0.1490578341246123
0.546875,0.8203125,0.14670831789324695
0.5546875,0.828125,0.14434985238291898
0.5625,0.8359375,0.14198258149437346
0.5703125,0.84375,0.13960664966401123
0.578125,0.8515625,0.13722220185511255
0.5859375,0.859375,0.13482938354902912
0.59375,0.8671875,0.13242834073634838
0.6015625,0.875,0.13001921990802906
0.609375,0.8828125,0.1276021680465098
0.6171875,0.890625,0.12517733261679082
0.625,0.8984375,0.12274486155749034
0.6328125,0.90625,0.12030490327187698
0.640625,0.9140625,0.1178576066188786
0.6484375,0.921875,0.11540312090406875
0.65625,0.9296875,0.11294159587063209
0.6640625,0.9375,0.11047318169031016
0.671875,0.9453125,0.10799802895432824
0.6796875,0.953125,0.10551628866430454
0.6875,0.9609375,0.10302811222314288
0.6953125,0.96875,0.10053365142591016
0.703125,0.9765625,0.09803305845069882
0.7109375,0.984375,0.09552648584947555
0.71875,0.9921875,0.09301408653891605
0.7265625,1.0,0.09049601379122553
0.0,0.265625,0.28201348657592423
0.0078125,0.2734375,0.2805899029688864
0.015625,0.28125,0.27914919684938905
0.0234375,0.2890625,0.2776914562443976
0.03125,0.296875,0.27621677021886065
0.0390625,0.3046875,0.27472522887024553
0.046875,0.3125,0.27321692332302283
0.0546875,0.3203125,0.27169194572309596
0.0625,0.328125,0.2701503892321733
0.0703125,0.3359375,0.26859234802207976
0.078125,0.34375,0.2670179172690054
0.0859375,0.3515625,0.2654271931476933
0.09375,0.359375,0.26382027282556325
0.1015625,0.3671875,0.2621972544567737
0.109375,0.375,0.26055823717622095
0.1171875,0.3828125,0.25890332109347586
0.125,0.390625,0.2572326072866605
0.1328125,0.3984375,0.25554619779626275
0.140625,0.40625,0.2538441956188922
0.1484375,0.4140625,0.25212670470097437
0.15625,0.421875,0.2503938299323884
0.1640625,0.4296875,0.24864567714004496
0.171875,0.4375,0.24688235308140732
0.1796875,0.4453125,0.24510396543795435
0.1875,0.453125,0.2433106228085876
0.1953125,0.4609375,0.2415024347029824
0.203125,0.46875,0.23967951153488315
0.2109375,0.4765625,0.23784196461534388
0.21875,0.484375,0.2359899061459136
0.2265625,0.4921875,0.23412344921176928
0.234375,0.5,0.23224270777479336
0.2421875,0.5078125,0.23034779666659955
0.25,0.515625,0.2284388315815061
0.2578125,0.5234375,0.2265159290694565
0.265625,0.53125,0.22457920652888877
0.2734375,0.5390625,0.22262878219955456
0.28125,0.546875,0.2206647751552866
0.2890625,0.5546875,0.21868730529671704
0.296875,0.5625,0.21669649334394603
0.3046875,0.5703125,0.21469246082916124
0.3125,0.578125,0.21267533008920922
0.3203125,0.5859375,0.21064522425811877
0.328125,0.59375,0.20860226725957706
0.3359375,0.6015625,0.20654658379935886
0.34375,0.609375,0.20447829935770953
0.3515625,0.6171875,0.20239754018168218
0.359375,0.625,0.2003044332774297
0.3671875,0.6328125,0.19819910640245259
0.375,0.640625,0.1960816880578013
0.3828125,0.6484375,0.19395230748023673
0.390625,0.65625,0.19181109463434518
0.3984375,0.6640625,0.18965818020461378
0.40625,0.671875,0.18749369558746048
0.4140625,0.6796875,0.18531777288322418
0.421875,0.6875,0.18313054488811287
0.4296875,0.6953125,0.18093214508611127
0.4375,0.703125,0.1787227076408474
0.4453125,0.7109375,0.17650236738741984
0.453125,0.71875,0.17427125982418487
0.4609375,0.7265625,0.17202952110450503
0.46875,0.734375,0.16977728802845798
0.4765625,0.7421875,0.1675146980345082
0.484375,0.75,0.1652418891911399
0.4921875,0.7578125,0.16295900018845366
0.5,0.765625,0.1606661703297249
0.5078125,0.7734375,0.1583635395229272
0.515625,0.78125,0.15605124827221845
0.5234375,0.7890625,0.15372943766939343
0.53125,0.796875,0.15139824938529997
0.5390625,0.8046875,0.14905782566122192
0.546875,0.8125,0.14670830930022835
0.5546875,0.8203125,0.14434984365848982
0.5625,0.828125,0.14198257263656236
0.5703125,0.8359375,0.1396066406706403
0.578125,0.84375,0.1372221927237779
0.5859375,0.8515625,0.13482937427708164
0.59375,0.859375,0.13242833132087228
0.6015625,0.8671875,0.1300192103458197
0.609375,0.875,0.12760215833404936
0.6171875,0.8828125,0.12517732275022353
0.625,0.890625,0.12274485153259528
0.6328125,0.8984375,0.1203048930840395
0.640625,0.90625,0.11785759626305958
0.6484375,0.9140625,0.1154031103747726
0.65625,0.921875,0.11294158516187248
0.6640625,0.9296875,0.11047317079557421
0.671875,0.9375,0.1079980178665388
0.6796875,0.9453125,0.10551627737578159
0.6875,0.953125,0.10302810072556369
0.6953125,0.9609375,0.10053363971026952
0.703125,0.96875,0.09803304650726985
0.7109375,0.9765625,0.09552647366777285
0.71875,0.984375,0.09301407410766228
0.7265625,0.9921875,0.09049600109832459
0.734375,1.0,0.08797240825746275
0.0,0.2578125,0.28201348645492536
0.0078125,0.265625,0.2805899026764419
0.015625,0.2734375,0.27914919638928354
0.0234375,0.28125,0.2776914556204547
0.03125,0.2890625,0.2762167694349117
0.0390625,0.296875,0.2747252279300954
0.046875,0.3046875,0.2732169222304187
0.0546875,0.3125,0.2716919444816988
0.0625,0.3203125,0.2701503878455341
0.0703125,0.328125,0.26859234649361957
0.078125,0.3359375,0.26701791560200105
0.0859375,0.34375,0.2654271913452659
0.09375,0.3515625,0.26382027089066995
0.1015625,0.359375,0.2621972523922035
0.109375,0.3671875,0.26055823498459163
0.1171875,0.375,0.2589033187772344
0.125,0.3828125,0.2572326048480837
0.1328125,0.390625,0.2555461952374598
0.140625,0.3984375,0.25384419294180804
0.1484375,0.40625,0.25212670190739406
0.15625,0.4140625,0.2503938270239417
0.1640625,0.421875,0.2486456741182116
0.171875,0.4296875,0.24688234994752178
0.1796875,0.4375,0.24510396219321234
0.1875,0.4453125,0.2433106194540513
0.1953125,0.453125,0.2415024312395864
0.203125,0.4609375,0.23967950796344006
0.2109375,0.46875,0.23784196093655036
0.21875,0.4765625,0.23598990236035616
0.2265625,0.484375,0.23412344531992985
0.234375,0.4921875,0.23224270377705586
0.2421875,0.5,0.23034779256325494
0.25,0.5078125,0.2284388273727584
0.2578125,0.515625,0.2265159247554286
0.265625,0.5234375,0.22457920210962853
0.2734375,0.53125,0.2226287776750398
0.28125,0.5390625,0.22066477052543168
0.2890625,0.546875,0.21868730056137786
0.296875,0.5546875,0.21669648850292605
0.3046875,0.5625,0.21469245588221686
0.3125,0.5703125,0.21267532503605505
0.3203125,0.578125,0.2106452190984331
0.328125,0.5859375,0.20860226199300677
0.3359375,0.59375,0.20654657842552399
0.34375,0.6015625,0.20447829387620792
0.3515625,0.609375,0.2023975345920935
0.359375,0.6171875,0.20030442757931932
0.3671875,0.625,0.19819910059537427
0.375,0.6328125,0.1960816821413001
0.3828125,0.640625,0.1939523014538507
0.390625,0.6484375,0.1918110884976074
0.3984375,0.65625,0.18965817395705167
0.40625,0.6640625,0.1874936892285967
0.4140625,0.671875,0.18531776641257522
0.421875,0.6796875,0.18313053830518733
0.4296875,0.6875,0.1809321383904072
0.4375,0.6953125,0.17872270083184877
0.4453125,0.703125,0.17650236046459217
0.453125,0.7109375,0.1742712527869701
0.4609375,0.71875,0.17202951395231522
0.46875,0.7265625,0.1697772807606687
0.4765625,0.734375,0.1675146906504505
0.484375,0.7421875,0.16524188169009202
0.4921875,0.75,0.16295899256963162
0.5,0.7578125,0.16066616259227245
0.5078125,0.765625,0.15836353166590503
0.515625,0.7734375,0.15605124029459275
0.5234375,0.78125,0.1537294295700231
0.53125,0.7890625,0.15139824116292408
0.5390625,0.796875,0.14905781731444562
0.546875,0.8046875,0.14670830082750813
0.5546875,0.8125,0.1443498350581183
0.5625,0.8203125,0.14198256390665162
0.5703125,0.828125,0.1396066318091045
0.578125,0.8359375,0.13722218372831507
0.5859375,0.84375,0.13482936514515376
0.59375,0.8515625,0.13242832204968477
0.6015625,0.859375,0.13001920093229896
0.609375,0.8671875,0.12760214877481948
0.6171875,0.875,0.12517731304158045
0.625,0.8828125,0.12274484167048015
0.6328125,0.890625,0.12030488306400952
0.640625,0.8984375,0.11785758608025737
0.6484375,0.90625,0.11540310002389267
0.65625,0.9140625,0.11294157463712647
0.6640625,0.921875,0.11047316009065328
0.671875,0.9296875,0.10799800697457412
0.6796875,0.9375,0.10551626628930293
0.6875,0.9453125,0.10302808943645606
0.6953125,0.953125,0.10053362820972893
0.703125,0.9609375,0.09803303478575855
0.7109375,0.96875,0.09552646171497502
0.71875,0.9765625,0.09301406191244214
0.7265625,0.984375,0.09049598864868848
0.734375,0.9921875,0.08797239554052809
0.7421875,1.0,0.0854434365418716
0.0,0.25,0.2820134863326558
0.0078125,0.2578125,0.28058990238084147
0.015625,0.265625,0.2791491959241314
0.0234375,0.2734375,0.27769145498961784
0.03125,0.28125,0.27621676864230416
0.0390625,0.2890625,0.27472522697963647
0.046875,0.296875,0.2732169211259928
0.0546875,0.3046875,0.2716919432271213
0.0625,0.3125,0.2701503864445209
0.0703125,0.3203125,0.2685923449497639
0.078125,0.328125,0.26701791391875407
0.0859375,0.3359375,0.26542718952592315
0.09375,0.34375,0.2638202689383614
0.1015625,0.3515625,0.2621972503098878
0.109375,0.359375,0.2605582327750523
0.1171875,0.3671875,0.25890331644307885
0.125,0.375,0.2572326023917442
0.1328125,0.3828125,0.25554619266119616
0.140625,0.390625,0.2538441902477104
0.1484375,0.3984375,0.25212669909738755
0.15625,0.40625,0.2503938240997914
0.1640625,0.4140625,0.24864567108152769
0.171875,0.421875,0.24688234679976548
0.1796875,0.4296875,0.24510395893570108
0.1875,0.4375,0.24331061608796548
0.1953125,0.4453125,0.2415024277659747
0.203125,0.453125,0.23967950438322608
0.2109375,0.4609375,0.23784195725053803
0.21875,0.46875,0.23598989856923622
0.2265625,0.4765625,0.2341234414242855
0.234375,0.484375,0.2322426997773684
0.2421875,0.4921875,0.2303477884599103
0.25,0.5,0.22843882316605252
0.2578125,0.5078125,0.2265159204455733
0.265625,0.515625,0.22457919769675713
0.2734375,0.5234375,0.22262877315921303
0.28125,0.53125,0.22066476590664325
0.2890625,0.5390625,0.2186872958395598
0.296875,0.546875,0.21669648367795455
0.3046875,0.5546875,0.21469245095391748
0.3125,0.5625,0.21267532000420822
0.3203125,0.5703125,0.210645213962779
0.328125,0.578125,0.20860225675325023
0.3359375,0.5859375,0.20654657308133956
0.34375,0.59375,0.20447828842724397
0.3515625,0.6015625,0.20239752903797628
0.359375,0.609375,0.20030442191965667
0.3671875,0.6171875,0.19819909482975884
0.375,0.625,0.19608167626931228
0.3828125,0.6328125,0.19395229547506038
0.390625,0.640625,0.19181108241157557
0.3984375,0.6484375,0.18965816776333178
0.40625,0.65625,0.187493682926734
0.4140625,0.6640625,0.18531776000210679
0.421875,0.671875,0.18313053178564018
0.4296875,0.6796875,0.18093213176129655
0.4375,0.6875,0.17872269409267488
0.4453125,0.6953125,0.17650235361483657
0.453125,0.703125,0.17427124582609083
0.4609375,0.7109375,0.1720295068797414
0.46875,0.71875,0.16977727357579422
0.4765625,0.7265625,0.16751468335262695
0.484375,0.734375,0.1652418742786209
0.4921875,0.7421875,0.16295898504375536
0.5,0.75,0.16066615495116532
0.5078125,0.7578125,0.15836352390866273
0.515625,0.765625,0.15605123242022154
0.5234375,0.7734375,0.1537294215774282
0.53125,0.78125,0.15139823305089678
0.5390625,0.7890625,0.1490578090816505
0.546875,0.796875,0.14670829247246853
0.5546875,0.8046875,0.1443498265792015
0.5625,0.8125,0.14198255530205317
0.5703125,0.8203125,0.13960662307683108
0.578125,0.828125,0.13722217486616647
0.5859375,0.8359375,0.13482935615070385
0.59375,0.84375,0.13242831292026092
0.6015625,0.8515625,0.13001919166496037
0.609375,0.859375,0.1276021393663337
0.6171875,0.8671875,0.12517730348839823
0.625,0.875,0.12274483196870854
0.6328125,0.8828125,0.12030487320938298
0.640625,0.890625,0.11785757606810646
0.6484375,0.8984375,0.11540308984911075
0.65625,0.90625,0.1129415642941337
0.6640625,0.9140625,0.11047314957335813
0.671875,0.921875,0.10799799627633244
0.6796875,0.9296875,0.10551625540287408
0.6875,0.9375,0.10302807835395708
0.6953125,0.9453125,0.10053361692258621
0.703125,0.953125,0.09803302328465828
0.7109375,0.9609375,0.09552644998981258
0.71875,0.96875,0.09301404995227198
0.7265625,0.9765625,0.09049597644167637
0.734375,0.984375,0.08797238307390765
0.7421875,0.9921875,0.0854434238019086
0.75,1.0,0.08290925290649326
0.0,0.2421875,0.2820134862091476
0.0078125,0.25,0.28058990208211443
0.015625,0.2578125,0.27914919545391864
0.0234375,0.265625,0.2776914543518008
0.03125,0.2734375,0.27621676784086086
0.0390625,0.28125,0.2747252260185896
0.046875,0.2890625,0.27321692000936015
0.0546875,0.296875,0.2716919419588716
0.0625,0.3046875,0.2701503850285378
0.0703125,0.3125,0.268592343389816
0.078125,0.3203125,0.26701791221847243
0.0859375,0.328125,0.2654271876887832
0.09375,0.3359375,0.263820266967672
0.1015625,0.34375,0.2621972482087826
0.109375,0.3515625,0.260558230546485
0.1171875,0.359375,0.2589033140898225
0.125,0.3671875,0.2572325999163908
0.1328125,0.375,0.25554619006615936
0.140625,0.3828125,0.25384418753522875
0.1484375,0.390625,0.25212669626952916
0.15625,0.3984375,0.25039382115845893
0.1640625,0.40625,0.24864566802846375
0.171875,0.4140625,0.24688234363655878
0.1796875,0.421875,0.24510395566379267
0.1875,0.4296875,0.24331061270865448
0.1953125,0.4375,0.24150242428042507
0.203125,0.4453125,0.23967950079247252
0.2109375,0.453125,0.23784195355549234
0.21875,0.4609375,0.23598989477069338
0.2265625,0.46875,0.2341234375229299
0.234375,0.4765625,0.2322426957737795
0.2421875,0.484375,0.230347784354569
0.25,0.4921875,0.22843881895934665
0.2578125,0.5,0.2265159161378036
0.265625,0.5078125,0.22457919328814296
0.2734375,0.515625,0.22262876864989808
0.28125,0.5234375,0.22066476129670087
0.2890625,0.53125,0.2186872911289986
0.296875,0.5390625,0.2166964788667243
0.3046875,0.546875,0.2146924460419139
0.3125,0.5546875,0.21267531499127817
0.3203125,0.5625,0.21064520884872578
0.328125,0.5703125,0.2086022515378385
0.3359375,0.578125,0.2065465677642996
0.34375,0.5859375,0.20447828300827628
0.3515625,0.59375,0.20239752351675572
0.359375,0.6015625,0.20030441629583584
0.3671875,0.609375,0.1981990891029718
0.375,0.6171875,0.19608167043917682
0.3828125,0.625,0.1939522895411808
0.390625,0.6328125,0.19181107637354416
0.3984375,0.640625,0.18965816162072993
0.40625,0.6484375,0.1874936766791327
0.4140625,0.65625,0.1853177536490662
0.421875,0.6640625,0.18313052532670898
0.4296875,0.671875,0.18093212519600976
0.4375,0.6796875,0.1787226874205516
0.4453125,0.6875,0.17650234683537672
0.453125,0.6953125,0.17427123893877106
0.4609375,0.703125,0.17202949988400984
0.46875,0.7109375,0.16977726647106509
0.4765625,0.71875,0.1675146761382742
0.484375,0.7265625,0.16524186695397042
0.4921875,0.734375,0.16295897760807754
0.5,0.7421875,0.16066614740366578
0.5078125,0.75,0.1583635162484729
0.515625,0.7578125,0.1560512246463885
0.5234375,0.765625,0.15372941368890336
0.53125,0.7734375,0.15139822504652414
0.5390625,0.78125,0.14905780096015364
0.546875,0.7890625,0.1467082842324377
0.5546875,0.796875,0.14434981821907863
0.5625,0.8046875,0.14198254682011677
0.5703125,0.8125,0.13960661447117984
0.578125,0.8203125,0.137222166134702
0.5859375,0.828125,0.13482934729111185
0.59375,0.8359375,0.1324283039299912
0.6015625,0.84375,0.13001918254120562
0.609375,0.8515625,0.12760213010600624
0.6171875,0.859375,0.12517729408810557
0.625,0.8671875,0.12274482242472656
0.6328125,0.875,0.12030486351762712
0.640625,0.8828125,0.11785756622410076
0.6484375,0.890625,0.11540307984795417
0.65625,0.8984375,0.11294155413046385
0.6640625,0.90625,0.11047313924131207
0.671875,0.9140625,0.10799798576950477
0.6796875,0.921875,0.10551624471427137
0.6875,0.9296875,0.10302806747594996
0.6953125,0.9375,0.10053360584685785
0.703125,0.9453125,0.09803301200215069
0.7109375,0.953125,0.09552643849067062
0.71875,0.9609375,0.09301403822578638
0.7265625,0.96875,0.09049596447622665
0.734375,0.9765625,0.08797237085690748
0.7421875,0.984375,0.08544341131975587
0.75,0.9921875,0.08290924014452873
0.7578125,1.0,0.08037001192962703
0.0,0.234375,0.2820134860844543
0.0078125,0.2421875,0.2805899017803321
0.015625,0.25,0.2791491949786819
0.0234375,0.2578125,0.2776914537069687
0.03125,0.265625,0.27621676703045295
0.0390625,0.2734375,0.2747252250467184
0.046875,0.28125,0.27321691888017
0.0546875,0.2890625,0.2716919406764843
0.0625,0.296875,0.2701503835970071
0.0703125,0.3046875,0.2685923418130911
0.078125,0.3125,0.26701791050036966
0.0859375,0.3203125,0.26542718583296526
0.09375,0.328125,0.2638202649776324
0.1015625,0.3359375,0.262197246087836
0.109375,0.34375,0.2605582282977623
0.1171875,0.3515625,0.2589033117162667
0.125,0.359375,0.2572325974207589
0.1328125,0.3671875,0.25554618745102303
0.140625,0.375,0.25384418480297855
0.1484375,0.3828125,0.25212669342237903
0.15625,0.390625,0.25039381819845147
0.1640625,0.3984375,0.24864566495747648
0.171875,0.40625,0.24688234045630972
0.1796875,0.4140625,0.2451039523758474
0.1875,0.421875,0.24331060931443227
0.1953125,0.4296875,0.2415024207812057
0.203125,0.4375,0.2396794971894025
0.2109375,0.4453125,0.2378419498495917
0.21875,0.453125,0.23598989096286185
0.2265625,0.4609375,0.23412343361395316
0.234375,0.46875,0.23224269176433524
0.2421875,0.4765625,0.230347780245233
0.25,0.484375,0.22843881475059896
0.2578125,0.4921875,0.22651591183003394
0.265625,0.5,0.22457918888165673
0.2734375,0.5078125,0.22262876414492216
0.28125,0.515625,0.2206647566933886
0.2890625,0.5234375,0.21868728642743626
0.296875,0.53125,0.21669647406693499
0.3046875,0.5390625,0.21469244114386424
0.3125,0.546875,0.21267530999488263
0.3203125,0.5546875,0.21064520375385196
0.328125,0.5625,0.20860224634431146
0.3359375,0.5703125,0.20654656247190714
0.34375,0.578125,0.20447827761677273
0.3515625,0.5859375,0.20239751802586614
0.359375,0.59375,0.20030441070525967
0.3671875,0.6015625,0.1981990834123863
0.375,0.609375,0.19608166464823987
0.3828125,0.6171875,0.1939522836495333
0.390625,0.625,0.19181107038081208
0.3984375,0.6328125,0.18965815552652543
0.40625,0.640625,0.18749367048305482
0.4140625,0.6484375,0.18531774735070114
0.421875,0.65625,0.18313051892562918
0.4296875,0.6640625,0.18093211869177286
0.4375,0.671875,0.1787226808126981
0.4453125,0.6796875,0.1765023401234273
0.453125,0.6875,0.17427123212222279
0.4609375,0.6953125,0.17202949296233236
0.46875,0.703125,0.1697772594436947
0.4765625,0.7109375,0.16751466900460854
0.484375,0.71875,0.1652418597133616
0.4921875,0.7265625,0.16295897025982467
0.5,0.734375,0.16066613994700696
0.5078125,0.7421875,0.15836350868257604
0.515625,0.75,0.1560512169703416
0.5234375,0.7578125,0.15372940590170445
0.53125,0.765625,0.1513982171470697
0.5390625,0.7734375,0.14905779294722674
0.546875,0.78125,0.14670827610469417
0.5546875,0.7890625,0.14434980997503488
0.5625,0.796875,0.1419825384581338
0.5703125,0.8046875,0.1396066059894481
0.578125,0.8125,0.1372221575312242
0.5859375,0.8203125,0.1348293385636851
0.59375,0.828125,0.13242829507618747
0.6015625,0.8359375,0.1300191735583512
0.609375,0.84375,0.12760212099115895
0.6171875,0.8515625,0.12517728483803073
0.625,0.859375,0.12274481303587062
0.6328125,0.8671875,0.1203048539860895
0.640625,0.875,0.11785755654560275
0.6484375,0.8828125,0.11540307001780577
0.65625,0.890625,0.11294154414352717
0.6640625,0.8984375,0.1104731290919623
0.671875,0.90625,0.10799797545158688
0.6796875,0.9140625,0.10551623422105443
0.6875,0.921875,0.10302805680007683
0.6953125,0.9296875,0.10053359498029198
0.703125,0.9375,0.09803300093611854
0.7109375,0.9453125,0.09552642721560166
0.71875,0.953125,0.09301402673124981
0.7265625,0.9609375,0.09049595275086673
0.734375,0.96875,0.08797235888837861
0.7421875,0.9765625,0.08544339909465974
0.75,0.984375,0.0829092276483566
0.7578125,0.9921875,0.08036999914671183
0.765625,1.0,0.07782586849638597
0.0,0.2265625,0.28201348595865944
0.0078125,0.234375,0.280589901475619
0.015625,0.2421875,0.27914919449852066
0.0234375,0.25,0.2776914530551515
0.03125,0.2578125,0.27621676621101093
0.0390625,0.265625,0.274725224063838
0.046875,0.2734375,0.2732169177381146
0.0546875,0.28125,0.27169193937952707
0.0625,0.2890625,0.2701503821493752
0.0703125,0.296875,0.2685923402189197
0.078125,0.3046875,0.2670179087636679
0.0859375,0.3125,0.26542718395758974
0.09375,0.3203125,0.26382026296726985
0.1015625,0.328125,0.2621972439459897
0.109375,0.3359375,0.2605582260277461
0.1171875,0.34375,0.2589033093212007
0.125,0.3515625,0.25723259490356976
0.1328125,0.359375,0.25554618481444563
0.140625,0.3671875,0.2538441820495595
0.1484375,0.375,0.25212669055448167
0.15625,0.3828125,0.2503938152182613
0.1640625,0.390625,0.24864566186700776
0.171875,0.3984375,0.24688233725741218
0.1796875,0.40625,0.2451039490702126
0.1875,0.4140625,0.24331060590360082
0.1953125,0.421875,0.24150241726657398
0.203125,0.4296875,0.23967949357222978
0.2109375,0.4375,0.23784194613100662
0.21875,0.4453125,0.23598988714386906
0.2265625,0.453125,0.23412342969543976
0.234375,0.4609375,0.2322426877470775
0.2421875,0.46875,0.23034777612990176
0.25,0.4765625,0.22843881053776624
0.2578125,0.484375,0.22651590752017858
0.265625,0.4921875,0.22457918447517056
0.2734375,0.5,0.22262875964211506
0.28125,0.5078125,0.2206647520944946
0.2890625,0.515625,0.21868728173261873
0.296875,0.5234375,0.21669646927629171
0.3046875,0.53125,0.21469243625743314
0.3125,0.5390625,0.21267530501264642
0.3203125,0.546875,0.2106451986757431
0.328125,0.5546875,0.2086022411702173
0.3359375,0.5625,0.20654655720167364
0.34375,0.5703125,0.20447827225020954
0.3515625,0.578125,0.20239751256275015
0.359375,0.5859375,0.200304405145339
0.3671875,0.59375,0.1981990777553833
0.375,0.6015625,0.19608165889385448
0.3828125,0.609375,0.19395227779744528
0.390625,0.6171875,0.19181106443068324
0.3984375,0.625,0.18965814947800103
0.40625,0.6328125,0.18749366433576464
0.4140625,0.640625,0.18531774110425944
0.421875,0.6484375,0.1831305125796351
0.4296875,0.65625,0.18093211224580866
0.4375,0.6640625,0.17872267426632815
0.4453125,0.671875,0.176502333476195
0.453125,0.6796875,0.17427122537364828
0.4609375,0.6875,0.17202948611190808
0.46875,0.6953125,0.16977725249088113
0.4765625,0.703125,0.16751466194882844
0.484375,0.7109375,0.1652418525539946
0.4921875,0.71875,0.16295896299619986
0.5,0.7265625,0.1606661325783955
0.5078125,0.734375,0.15836350120818282
0.515625,0.7421875,0.15605120938929648
0.5234375,0.75,0.15372939821305184
0.53125,0.7578125,0.1513982093497583
0.5390625,0.765625,0.14905778504009812
0.546875,0.7734375,0.14670826808647094
0.5546875,0.78125,0.1443498018443062
0.5625,0.7890625,0.14198253021334267
0.5703125,0.796875,0.1396065976288756
0.578125,0.8046875,0.13722214905297345
0.5859375,0.8125,0.1348293299656637
0.59375,0.8203125,0.13242828635608916
0.6015625,0.828125,0.13001916471363506
0.609375,0.8359375,0.12760211201902835
0.6171875,0.84375,0.125177275735409
0.625,0.8515625,0.1227448037993759
0.6328125,0.859375,0.12030484461200654
0.640625,0.8671875,0.11785754702985297
0.6484375,0.875,0.115403060355914
0.65625,0.8828125,0.11294153433058564
0.6640625,0.890625,0.11047311912259124
0.671875,0.8984375,0.10799796531989189
0.6796875,0.90625,0.10551622392057929
0.6875,0.9140625,0.10302804632375288
0.6953125,0.921875,0.1005335843203828
0.703125,0.9296875,0.09803299008416055
0.7109375,0.9375,0.09552641616234007
0.71875,0.9453125,0.09301401546657082
0.7265625,0.953125,0.09049594126372605
0.734375,0.9609375,0.08797234716672804
0.7421875,0.96875,0.08544338712537258
0.75,0.9765625,0.08290921541715547
0.7578125,0.984375,0.08036998663810165
0.765625,0.9921875,0.07782585569359791
0.7734375,1.0,0.07527697778922803
0.0,0.21875,0.28201348583188046
0.0078125,0.2265625,0.28058990116816634
0.015625,0.234375,0.27914919401361543
0.0234375,0.2421875,0.277691452396461
0.03125,0.25,0.27621676538254175
0.0390625,0.2578125,0.27472522306982955
0.046875,0.265625,0.27321691658294006
0.0546875,0.2734375,0.2716919380676102
0.0625,0.28125,0.2701503806851196
0.0703125,0.2890625,0.26859233860665344
0.078125,0.296875,0.267017907007601
0.0859375,0.3046875,0.26542718206178245
0.09375,0.3125,0.26382026093561006
0.1015625,0.3203125,0.2621972417821787
0.109375,0.328125,0.26055822373528803
0.1171875,0.3359375,0.2589033069034003
0.125,0.34375,0.2572325923635298
0.1328125,0.3515625,0.25554618215506947
0.140625,0.359375,0.25384417927355446
0.1484375,0.3671875,0.25212668766436436
0.15625,0.375,0.2503938122163636
0.1640625,0.3828125,0.2486456587554833
0.171875,0.390625,0.2468823340382445
0.1796875,0.3984375,0.2451039457452209
0.1875,0.40625,0.2433106024744484
0.1953125,0.4140625,0.2415024137347751
0.203125,0.421875,0.23967948993915694
0.2109375,0.4296875,0.2378419423978977
0.21875,0.4375,0.23598988331183401
0.2265625,0.4453125,0.23412342576546769
0.234375,0.453125,0.23224268372004261
0.2421875,0.4609375,0.23034777200657053
0.25,0.46875,0.22843880631880253
0.2578125,0.4765625,0.22651590320615078
0.265625,0.484375,0.22457918006655633
0.2734375,0.4921875,0.22262875513930794
0.28125,0.5,0.2206647474978091
0.2890625,0.5078125,0.21868727704229582
0.296875,0.515625,0.2166964644925042
0.3046875,0.5234375,0.21469243138029054
0.3125,0.53125,0.2126753000422004
0.3203125,0.5390625,0.21064519361199216
0.328125,0.546875,0.20860223601311112
0.3359375,0.5546875,0.20654655195111815
0.34375,0.5625,0.2044782669060707
0.3515625,0.5703125,0.20239750712485832
0.359375,0.578125,0.20030439961349217
0.3671875,0.5859375,0.19819907212935098
0.375,0.59375,0.19608165317338028
0.3828125,0.6015625,0.1939522719822499
0.390625,0.609375,0.1918110585204665
0.3984375,0.6171875,0.1896581434724435
0.40625,0.625,0.1874936582345288
0.4140625,0.6328125,0.1853177349069904
0.421875,0.640625,0.18313050628596034
0.4296875,0.6484375,0.18093210585533764
0.4375,0.65625,0.17872266777865098
0.4453125,0.6640625,0.17650232689088052
0.453125,0.671875,0.174271218690241
0.4609375,0.6796875,0.17202947932992538
0.46875,0.6875,0.169777245609809
0.4765625,0.6953125,0.16751465496811674
0.484375,0.703125,0.16524184547305126
0.4921875,0.7109375,0.16295895581438508
0.5,0.71875,0.1606661252950143
0.5078125,0.7265625,0.15836349382247789
0.515625,0.734375,0.1560512019004391
0.5234375,0.7421875,0.15372939062013335
0.53125,0.75,0.15139820165177958
0.5390625,0.7578125,0.14905777723595903
0.546875,0.765625,0.14670826017495892
0.5546875,0.7734375,0.14434979382408336
0.5625,0.78125,0.14198252208293272
0.5703125,0.7890625,0.1396065893866493
0.578125,0.796875,0.137222140697133
0.5859375,0.8046875,0.1348293214942263
0.59375,0.8125,0.13242827776686875
0.6015625,0.8203125,0.13001915600422306
0.609375,0.828125,0.12760210318677234
0.6171875,0.8359375,0.12517726677739016
0.625,0.84375,0.12274479471238381
0.6328125,0.8515625,0.12030483539251224
0.640625,0.859375,0.1178575376739793
0.6484375,0.8671875,0.11540305085940311
0.65625,0.875,0.11294152468876362
0.6640625,0.8828125,0.11047310933032914
0.671875,0.890625,0.107997955371563
0.6796875,0.8984375,0.10551621381001235
0.6875,0.90625,0.10302803604418079
0.6953125,0.9140625,0.10053357386438642
0.703125,0.921875,0.09803297944360775
0.7109375,0.9296875,0.0955264053283191
0.71875,0.9375,0.09301400442931891
0.7265625,0.9453125,0.09049593001255266
0.734375,0.953125,0.08797233568993397
0.7421875,0.9609375,0.08544337541016603
0.75,0.96875,0.0829092034495664
0.7578125,0.9765625,0.08036997440289818
0.765625,0.984375,0.0778258431742085
0.7734375,0.9921875,0.07527696496767558
0.78125,1.0,0.07272349527846284
0.0,0.2109375,0.282013485704283
0.0078125,0.21875,0.2805899008582504
0.015625,0.2265625,0.2791491935242479
0.0234375,0.234375,0.2776914517311118
0.03125,0.2421875,0.2762167645451475
0.0390625,0.25,0.27472522206465666
0.046875,0.2578125,0.27321691541446114
0.0546875,0.265625,0.27169193674039727
0.0625,0.2734375,0.27015037920375745
0.0703125,0.28125,0.26859233697567114
0.078125,0.2890625,0.2670179052314194
0.0859375,0.296875,0.26542718014467603
0.09375,0.3046875,0.26382025888167926
0.1015625,0.3125,0.2621972395953316
0.109375,0.3203125,0.26055822141923035
0.1171875,0.328125,0.2589033044616283
0.125,0.3359375,0.2572325897993295
0.1328125,0.34375,0.2555461794715193
0.140625,0.3515625,0.25384417647352775
0.1484375,0.359375,0.25212668475053557
0.15625,0.3671875,0.25039380919121473
0.1640625,0.375,0.24864565562131097
0.171875,0.3828125,0.24688233079716748
0.1796875,0.390625,0.24510394239918873
0.1875,0.3984375,0.24331059902524832
0.1953125,0.40625,0.24150241018404023
0.203125,0.4140625,0.23967948628837402
0.2109375,0.421875,0.23784193864841435
0.21875,0.4296875,0.23598987946486613
0.2265625,0.4375,0.23412342182210608
0.234375,0.4453125,0.2322426796812604
0.2421875,0.453125,0.2303477678732291
0.25,0.4609375,0.22843880209165837
0.2578125,0.46875,0.22651589888586082
0.265625,0.4765625,0.224579175653685
0.2734375,0.484375,0.22262875063433193
0.28125,0.4921875,0.22066474290112353
0.2890625,0.5,0.21868727235421961
0.296875,0.5078125,0.21669645971328522
0.3046875,0.515625,0.21469242651011053
0.3125,0.5234375,0.2126752950811805
0.3203125,0.53125,0.21064518856019718
0.328125,0.5390625,0.20860223087055454
0.3359375,0.546875,0.2065465467177664
0.34375,0.5546875,0.20447826158184726
0.3515625,0.5625,0.20239750170964788
0.359375,0.5703125,0.20030439410714457
0.3671875,0.578125,0.19819906653168393
0.375,0.5859375,0.19608164748418327
0.3828125,0.59375,0.19395226620128608
0.390625,0.6015625,0.19181105264747564
0.3984375,0.609375,0.18965813750714344
0.40625,0.6171875,0.18749365217661693
0.4140625,0.625,0.1853177287561443
0.421875,0.6328125,0.18313050004183845
0.4296875,0.640625,0.18093209951757863
0.4375,0.6484375,0.17872266134687267
0.4453125,0.65625,0.1765023203646786
0.453125,0.6640625,0.17427121206918697
0.4609375,0.671875,0.17202947261356308
0.46875,0.6796875,0.1697772387976516
0.4765625,0.6875,0.16751464805964195
0.484375,0.6953125,0.16524183846769713
0.4921875,0.703125,0.16295894871154346
0.5,0.7109375,0.16066611809402517
0.5078125,0.71875,0.1583634865226216
0.515625,0.7265625,0.1560511945009293
0.5234375,0.734375,0.15372938312010767
0.53125,0.7421875,0.15139819405029095
0.5390625,0.75,0.14905776953196495
0.546875,0.7578125,0.14670825236731122
0.5546875,0.765625,0.14434978591151595
0.5625,0.7734375,0.14198251406404871
0.5703125,0.78125,0.13960658125990785
0.578125,0.7890625,0.13722213246083417
0.5859375,0.796875,0.13482931314649507
0.59375,0.8046875,0.13242826930563792
0.6015625,0.8125,0.1300191474272146
0.609375,0.8203125,0.12760209449147702
0.6171875,0.828125,0.12517725796104556
0.625,0.8359375,0.1227447857719503
0.6328125,0.84375,0.12030482632464673
0.640625,0.8515625,0.11785752847500626
0.6484375,0.859375,0.11540304152528327
0.65625,0.8671875,0.11294151521505913
0.6640625,0.875,0.1104730997121654
0.671875,0.8828125,0.10799794560358651
0.6796875,0.890625,0.1055162038863444
0.6875,0.8984375,0.1030280259583661
0.6953125,0.90625,0.10053356360933705
0.703125,0.9140625,0.09803296901154082
0.7109375,0.921875,0.09552639471068913
0.71875,0.9296875,0.09301399361674358
0.7265625,0.9375,0.09049591899473221
0.734375,0.9453125,0.0879723244555647
0.7421875,0.953125,0.08544336394684826
0.75,0.9609375,0.08290919174370807
0.7578125,0.96875,0.08036996243961629
0.765625,0.9765625,0.07782583093723192
0.7734375,0.984375,0.07527695243925397
0.78125,0.9921875,0.07272348243928911
0.7890625,1.0,0.07016557671273257
0.0,0.203125,0.28201348557609107
0.0078125,0.2109375,0.2805899005462572
0.015625,0.21875,0.27914919303082886
0.0234375,0.2265625,0.27769145105944876
0.03125,0.234375,0.27621676369905007
0.0390625,0.2421875,0.2747252210483873
0.046875,0.25,0.2732169142325779
0.0546875,0.2578125,0.27169193539761877
0.0625,0.265625,0.27015037770485545
0.0703125,0.2734375,0.2685923353253861
0.078125,0.28125,0.2670179034343953
0.0859375,0.2890625,0.2654271782054144
0.09375,0.296875,0.26382025680450555
0.1015625,0.3046875,0.26219723738437367
0.109375,0.3125,0.2605582190784042
0.1171875,0.3203125,0.25890330199463274
0.125,0.328125,0.2572325872096429
0.1328125,0.3359375,0.25554617676240127
0.140625,0.34375,0.2538441736480242
0.1484375,0.3515625,0.25212668181148373
0.15625,0.359375,0.25039380614125073
0.1640625,0.3671875,0.248645652462878
0.171875,0.375,0.24688232753252295
0.1796875,0.3828125,0.245103939030414
0.1875,0.390625,0.24331059555425655
0.1953125,0.3984375,0.24150240661258493
0.203125,0.40625,0.23967948261805677
0.2109375,0.4140625,0.23784193488069327
0.21875,0.421875,0.2359898756010633
0.2265625,0.4296875,0.23412341786341484
0.234375,0.4375,0.23224267562875217
0.2421875,0.4453125,0.2303477637278607
0.25,0.453125,0.22843879785427826
0.2578125,0.4609375,0.22651589455721546
0.265625,0.46875,0.2245791712344246
0.2734375,0.4765625,0.22262874612501687
0.28125,0.484375,0.2206647383022295
0.2890625,0.4921875,0.2186872676661433
0.296875,0.5,0.21669645493634984
0.3046875,0.5078125,0.21469242164457056
0.3125,0.515625,0.21267529012722663
0.3203125,0.5234375,0.21064518351796144
0.328125,0.53125,0.20860222574011456
0.3359375,0.5390625,0.20654654149914983
0.34375,0.546875,0.20447825627503624
0.3515625,0.5546875,0.2023974963145828
0.359375,0.5625,0.20030438862372776
0.3671875,0.5703125,0.19819906095978337
0.375,0.578125,0.19608164182363516
0.3828125,0.5859375,0.19395226045189826
0.390625,0.59375,0.1918110468090292
0.3984375,0.6015625,0.1896581315793954
0.40625,0.609375,0.18749364615930145
0.4140625,0.6171875,0.18531772264897375
0.421875,0.625,0.18313049384450364
0.4296875,0.6328125,0.18093209322974932
0.4375,0.640625,0.17872265496819656
0.4453125,0.6484375,0.1765023138947805
0.453125,0.65625,0.1742712055076662
0.4609375,0.6640625,0.172029465959992
0.46875,0.671875,0.16977723205157175
0.4765625,0.6796875,0.16751464122056092
0.484375,0.6875,0.1652418315350833
0.4921875,0.6953125,0.1629589416848217
0.5,0.703125,0.1606661109725706
0.5078125,0.7109375,0.15836347930575326
0.515625,0.71875,0.15605118718790276
0.5234375,0.7265625,0.1537293757101072
0.53125,0.734375,0.1513981865424207
0.5390625,0.7421875,0.14905776192523998
0.546875,0.75,0.1467082446606465
0.5546875,0.7578125,0.14434977810371596
0.5625,0.765625,0.14198250615379507
0.5703125,0.7734375,0.1396065732457463
0.578125,0.78125,0.1372221243411607
0.5859375,0.7890625,0.13482930491954084
0.59375,0.796875,0.13242826096945273
0.6015625,0.8046875,0.130019138979649
0.609375,0.8125,0.12760208593016295
0.6171875,0.8203125,0.1251772492833753
0.625,0.828125,0.12274477697505337
0.6328125,0.8359375,0.12030481740536457
0.640625,0.84375,0.11785751942986429
0.6484375,0.8515625,0.11540303235046061
0.65625,0.859375,0.11294150590635481
0.6640625,0.8671875,0.11047309026496102
0.671875,0.875,0.10799793601280515
0.6796875,0.8828125,0.10551619414640505
0.6875,0.890625,0.1030280160631331
0.6953125,0.8984375,0.10053355355206398
0.703125,0.90625,0.09803295878480855
0.7109375,0.9140625,0.09552638430633735
0.71875,0.921875,0.093013983025795
0.7265625,0.9296875,0.09049590820730981
0.734375,0.9375,0.08797231346080066
0.7421875,0.9453125,0.08544335273278598
0.75,0.953125,0.08290918029719707
0.7578125,0.9609375,0.08036995074620144
0.765625,0.96875,0.07782581898103925
0.7734375,0.9765625,0.07527694020287733
0.78125,0.984375,0.07272346990368303
0.7890625,0.9921875,0.0701655638571205
0.796875,1.0,0.06760337810946652
0.0,0.1953125,0.2820134854476069
0.0078125,0.203125,0.2805899002327122
0.015625,0.2109375,0.27914919253393394
0.0234375,0.21875,0.2776914503819813
0.03125,0.2265625,0.2762167628446226
0.0390625,0.234375,0.27472522002121996
0.046875,0.2421875,0.2732169130372972
0.0546875,0.25,0.27169193403908926
0.0625,0.2578125,0.27015037618804366
0.0703125,0.265625,0.268592333655256
0.078125,0.2734375,0.2670179016158294
0.0859375,0.28125,0.26542717624315665
0.09375,0.2890625,0.2638202547031219
0.1015625,0.296875,0.2621972351482252
0.109375,0.3046875,0.2605582167116316
0.1171875,0.3125,0.2589032995011475
0.125,0.3203125,0.2572325845931253
0.1328125,0.328125,0.25554617402630125
0.140625,0.3359375,0.25384417079556665
0.1484375,0.34375,0.252126678845675
0.15625,0.3515625,0.2503938030648859
0.1640625,0.359375,0.2486456492785499
0.171875,0.3671875,0.2468823242426316
0.1796875,0.375,0.24510393563717484
0.1875,0.3828125,0.24331059205971048
0.1953125,0.390625,0.24150240301860693
0.203125,0.3984375,0.23967947892636499
0.2109375,0.40625,0.23784193109285678
0.21875,0.4140625,0.2359898717185108
0.2265625,0.421875,0.2341234138874421
0.234375,0.4296875,0.2322426715605297
0.2421875,0.4375,0.2303477595684404
0.25,0.4453125,0.22843879360460057
0.2578125,0.453125,0.226515890218116
0.265625,0.4609375,0.2245791668066397
0.2734375,0.46875,0.22262874160919008
0.28125,0.4765625,0.22066473369891726
0.2890625,0.484375,0.2186872629758202
0.296875,0.4921875,0.21669645015941447
0.3046875,0.5,0.21469241678135
0.3125,0.5078125,0.21267528517798184
0.3203125,0.515625,0.2106451784828917
0.328125,0.5234375,0.20860222061936248
0.3359375,0.53125,0.206546536292805
0.34375,0.5390625,0.20447825098314015
0.3515625,0.546875,0.2023974909371324
0.359375,0.5546875,0.20030438316067936
0.3671875,0.5625,0.19819905541105595
0.375,0.5703125,0.19608163618911348
0.3828125,0.578125,0.19395225473143568
0.390625,0.5859375,0.19181104100245022
0.3984375,0.59375,0.1896581256864979
0.40625,0.6015625,0.18749364017985795
0.4140625,0.609375,0.18531771658273294
0.421875,0.6171875,0.183130487691191
0.4296875,0.625,0.18093208698906735
0.4375,0.6328125,0.17872264863982454
0.4453125,0.640625,0.17650230747837345
0.453125,0.6484375,0.17427119900285387
0.4609375,0.65625,0.17202945936637612
0.46875,0.6640625,0.169777225368724
0.4765625,0.671875,0.16751463444801923
0.484375,0.6796875,0.16524182467234827
0.4921875,0.6875,0.16295893473135165
0.5,0.6953125,0.16066610392777655
0.5078125,0.703125,0.1583634721689929
0.515625,0.7109375,0.15605117995847395
0.5234375,0.71875,0.15372936838724052
0.53125,0.7265625,0.15139817912527154
0.5390625,0.734375,0.14905775441287922
0.546875,0.7421875,0.14670823705205224
0.5546875,0.75,0.1443497703977618
0.5625,0.7578125,0.14198249834923932
0.5703125,0.765625,0.13960656534121973
0.578125,0.7734375,0.13722211633515366
0.5859375,0.78125,0.1348292968103883
0.59375,0.7890625,0.13242825275531905
0.6015625,0.796875,0.13001913065851103
0.609375,0.8046875,0.12760207749979155
0.6171875,0.8125,0.125177240741315
0.625,0.8203125,0.12274476831860051
0.6328125,0.828125,0.12030480863154289
0.640625,0.8359375,0.11785751053539877
0.6484375,0.84375,0.11540302333174718
0.65625,0.8515625,0.1129414967594287
0.6640625,0.859375,0.11047308098546045
0.671875,0.8671875,0.10799792659593112
0.6796875,0.875,0.10551618458687728
0.6875,0.8828125,0.10302800635514038
0.6953125,0.890625,0.10053354368920907
0.703125,0.8984375,0.09803294876004684
0.7109375,0.90625,0.09552637411190838
0.71875,0.9140625,0.09301397265314655
0.7265625,0.921875,0.09049589764701357
0.734375,0.9296875,0.08797230270245908
0.7421875,0.9375,0.08544334176492965
0.75,0.9453125,0.08290916910717325
0.7578125,0.953125,0.0803699393200535
0.765625,0.9609375,0.07782580730337905
0.7734375,0.96875,0.07527692825675232
0.78125,0.9765625,0.0727234576704436
0.7890625,0.984375,0.07016555131629315
0.796875,0.9921875,0.06760336523864464
0.8046875,1.0,0.0650370557453075
0.0,0.1875,0.2820134853192314
0.0078125,0.1953125,0.280589899918322
0.015625,0.203125,0.2791491920343491
0.0234375,0.2109375,0.27769144969942877
0.03125,0.21875,0.2762167619824286
0.0390625,0.2265625,0.2747252189835159
0.046875,0.234375,0.27321691182876007
0.0546875,0.2421875,0.27169193266472824
0.0625,0.25,0.2701503746530304
0.0703125,0.2578125,0.26859233196479404
0.078125,0.265625,0.26701789977505846
0.0859375,0.2734375,0.2654271742570826
0.09375,0.28125,0.2638202525765693
0.1015625,0.2890625,0.2621972328858057
0.109375,0.296875,0.2605582143177248
0.1171875,0.3046875,0.2589032969798914
0.125,0.3125,0.2572325819484131
0.1328125,0.3203125,0.25554617126178325
0.140625,0.328125,0.25384416791465503
0.1484375,0.3359375,0.2521266758515512
0.15625,0.34375,0.2503937999605099
0.1640625,0.3515625,0.24864564606666903
0.171875,0.359375,0.24688232092579082
0.1796875,0.3671875,0.24510393221772717
0.1875,0.375,0.24331058853982665
0.1953125,0.3828125,0.24150239940028517
0.203125,0.390625,0.23967947521144048
0.2109375,0.3984375,0.2378419272830107
0.21875,0.40625,0.2359898678152791
0.2265625,0.4140625,0.23412340989222333
0.234375,0.421875,0.23224266747459313
0.2421875,0.4296875,0.23034775539293334
0.25,0.4375,0.22843878934055553
0.2578125,0.4453125,0.22651588586645705
0.265625,0.453125,0.22457916236818948
0.2734375,0.4609375,0.2226287370846753
0.28125,0.46875,0.22066472908897464
0.2890625,0.4765625,0.2186872582810025
0.296875,0.484375,0.2166964453801953
0.3046875,0.4921875,0.21469241191812943
0.3125,0.5,0.212675280231091
0.3203125,0.5078125,0.21064517345259767
0.328125,0.515625,0.2086022155058728
0.3359375,0.5234375,0.20654653109627255
0.34375,0.53125,0.2044782457036661
0.3515625,0.5390625,0.20239748557477116
0.359375,0.546875,0.20030437771544204
0.3671875,0.5546875,0.19819904988291354
0.375,0.5625,0.19608163057800057
0.3828125,0.5703125,0.19395224903725272
0.390625,0.578125,0.19181103522506648
0.3984375,0.5859375,0.1896581198257532
0.40625,0.59375,0.187493634235565
0.4140625,0.6015625,0.1853177105546786
0.421875,0.609375,0.18313048157913678
0.4296875,0.6171875,0.1809320807927502
0.4375,0.625,0.1787226423589569
0.4453125,0.6328125,0.17650230111264267
0.453125,0.640625,0.17427119255192083
0.4609375,0.6484375,0.17202945282987392
0.46875,0.65625,0.16977721874625537
0.4765625,0.6640625,0.16751462773915402
0.484375,0.671875,0.1652418178766197
0.4921875,0.6796875,0.16295892784825242
0.5,0.6875,0.16066609695675405
0.5078125,0.6953125,0.15836346510944393
0.515625,0.703125,0.15605117280973851
0.5234375,0.7109375,0.15372936114859528
0.53125,0.71875,0.1513981717959224
0.5390625,0.7265625,0.14905774699195343
0.546875,0.734375,0.14670822953858828
0.5546875,0.7421875,0.14434976279070147
0.5625,0.75,0.1419824906474163
0.5703125,0.7578125,0.1396065575433481
0.578125,0.765625,0.13722210843981542
0.5859375,0.7734375,0.1348292888160203
0.59375,0.78125,0.1324282446601977
0.6015625,0.7890625,0.13001912246073674
0.609375,0.796875,0.12760206919727107
0.6171875,0.8046875,0.12517723233174233
0.625,0.8125,0.12274475979943583
0.6328125,0.8203125,0.12030479999998973
0.640625,0.828125,0.11785750178837824
0.6484375,0.8359375,0.1154030144658704
0.65625,0.84375,0.11294148777096498
0.6640625,0.8515625,0.11047307187030313
0.671875,0.859375,0.10799791734955906
0.6796875,0.8671875,0.1055161752043117
0.6875,0.875,0.10302799683089703
0.6953125,0.8828125,0.10053353401724444
0.703125,0.890625,0.09803293893369797
0.7109375,0.8984375,0.09552636412382548
0.71875,0.90625,0.09301396249521765
0.7265625,0.9140625,0.09049588731027997
0.734375,0.921875,0.08797229217702111
0.7421875,0.9296875,0.08544333103984203
0.75,0.9375,0.08290915817032889
0.7578125,0.9453125,0.08036992815805627
0.765625,0.953125,0.07782579590140527
0.7734375,0.9609375,0.07527691659840288
0.78125,0.96875,0.07272344573758888
0.7890625,0.9765625,0.07016553908891664
0.796875,0.984375,0.06760335269469243
0.8046875,0.9921875,0.06503704286055724
0.8125,1.0,0.06246676614650875
0.0,0.1796875,0.2820134851914977
0.0078125,0.1875,0.28058989960402675
0.015625,0.1953125,0.2791491915331317
0.0234375,0.203125,0.27769144901277737
0.03125,0.2109375,0.27621676111327326
0.0390625,0.21875,0.27472521793584204
0.046875,0.2265625,0.2732169106072744
0.0546875,0.234375,0.271691931274586
0.0625,0.2421875,0.27015037309962164
0.0703125,0.25,0.26859233025358326
0.078125,0.2578125,0.2670178979114655
0.0859375,0.265625,0.26542717224639906
0.09375,0.2734375,0.2638202504239005
0.1015625,0.28125,0.2621972305960339
0.109375,0.2890625,0.2605582118954871
0.1171875,0.296875,0.25890329442956767
0.125,0.3046875,0.2572325792741229
0.1328125,0.3125,0.2555461684673879
0.140625,0.3203125,0.2538441650037636
0.1484375,0.328125,0.25212667282752826
0.15625,0.3359375,0.25039379682648577
0.1640625,0.34375,0.24864564282555082
0.171875,0.3515625,0.2468823175802729
0.1796875,0.359375,0.2451039287703028
0.1875,0.3671875,0.24331058499279867
0.1953125,0.375,0.24150239575577673
0.203125,0.3828125,0.23967947147140548
0.2109375,0.390625,0.23784192344924318
0.21875,0.3984375,0.2359898638894223
0.2265625,0.40625,0.23412340587577932
0.234375,0.4140625,0.23224266336892999
0.2421875,0.421875,0.2303477511992937
0.25,0.4296875,0.22843878506006354
0.2578125,0.4375,0.22651588150012567
0.265625,0.4453125,0.2245791579169268
0.2734375,0.453125,0.2226287325492911
0.28125,0.4609375,0.2206647244701861
0.2890625,0.46875,0.21868725357943983
0.296875,0.4765625,0.2166964405964076
0.3046875,0.484375,0.21469240705258943
0.3125,0.4921875,0.21267527528420016
0.3203125,0.5,0.2106451684246911
0.328125,0.5078125,0.20860221039722365
0.3359375,0.515625,0.20654652590709624
0.34375,0.5234375,0.204478240434125
0.3515625,0.53125,0.20239748022497764
0.359375,0.5390625,0.20030437228546277
0.3671875,0.546875,0.1981990443727729
0.375,0.5546875,0.19608162498768356
0.3828125,0.5625,0.1939522433667082
0.390625,0.5703125,0.1918110294742095
0.3984375,0.578125,0.18965811399446753
0.40625,0.5859375,0.18749362832370464
0.4140625,0.59375,0.18531770456206972
0.421875,0.6015625,0.1831304755055788
0.4296875,0.609375,0.1809320746380161
0.4375,0.6171875,0.17872263612279382
0.4453125,0.625,0.17650229479477128
0.453125,0.6328125,0.17427118615203505
0.4609375,0.640625,0.17202944634763914
0.46875,0.6484375,0.16977721218130687
0.4765625,0.65625,0.16751462109109427
0.484375,0.6640625,0.16524181114501565
0.4921875,0.671875,0.16295892103263182
0.5,0.6796875,0.1606660900566012
0.5078125,0.6875,0.15836345812419475
0.515625,0.6953125,0.15605116573877534
0.5234375,0.703125,0.15372935399124055
0.53125,0.7109375,0.15139816455143196
0.5390625,0.71875,0.14905773965950903
0.546875,0.7265625,0.1467082221172894
0.5546875,0.734375,0.14434975527955612
0.5625,0.7421875,0.1419824830453315
0.5703125,0.75,0.13960654984911916
0.578125,0.7578125,0.13722210065211418
0.5859375,0.765625,0.13482928093338242
0.59375,0.7734375,0.13242823668100928
0.6015625,0.78125,0.13001911438321845
0.609375,0.7890625,0.12760206101946248
0.6171875,0.796875,0.12517722405148343
0.625,0.8046875,0.12274475141434736
0.6328125,0.8125,0.1203047915074511
0.640625,0.8203125,0.11785749318550376
0.6484375,0.828125,0.1154030057494824
0.65625,0.8359375,0.11294147893756407
0.6640625,0.84375,0.11047306291603533
0.671875,0.8515625,0.10799790827017884
0.6796875,0.859375,0.10551616599514083
0.6875,0.8671875,0.10302798748677823
0.6953125,0.875,0.1005335245324897
0.703125,0.8828125,0.09803292930203006
0.7109375,0.890625,0.09552635433831218
0.71875,0.8984375,0.09301395254819761
0.7265625,0.90625,0.09049587719327953
0.734375,0.9140625,0.0879722818806603
0.7421875,0.921875,0.08544332055372894
0.75,0.9296875,0.08290914748294168
0.7578125,0.9375,0.08036991725661136
0.765625,0.9453125,0.07782578477171176
0.7734375,0.953125,0.07527690522470282
0.78125,0.9609375,0.07272343410238519
0.7890625,0.96875,0.07016552717279148
0.796875,0.9765625,0.0676033404761217
0.8046875,0.984375,0.06503703031573094
0.8125,0.9921875,0.06246675324917289
0.8203125,1.0,0.059892666079298496
0.0,0.171875,0.2820134850651119
0.0078125,0.1796875,0.2805898992910735
0.015625,0.1875,0.2791491910316891
0.0234375,0.1953125,0.2776914483233557
0.03125,0.203125,0.2762167602382679
0.0390625,0.2109375,0.2747252168790246
0.046875,0.21875,0.27321690937335746
0.0546875,0.2265625,0.27169192986887486
0.0625,0.234375,0.27015037152774507
0.0703125,0.2421875,0.268592328521293
0.078125,0.25,0.2670178960244912
0.0859375,0.2578125,0.2654271702103469
0.09375,0.265625,0.26382024824418426
0.1015625,0.2734375,0.2621972282778314
0.109375,0.28125,0.2605582094437134
0.1171875,0.2890625,0.2589032918488632
0.125,0.296875,0.2572325765688494
0.1328125,0.3046875,0.2555461656416308
0.140625,0.3125,0.2538441620613389
0.1484375,0.3203125,0.25212666977199283
0.15625,0.328125,0.2503937936611477
0.1640625,0.3359375,0.24864563955348218
0.171875,0.34375,0.24688231420432205
0.1796875,0.3515625,0.24510392529310657
0.1875,0.359375,0.24331058141679476
0.1953125,0.3671875,0.24150239208321536
0.203125,0.375,0.23967946770436013
0.2109375,0.3828125,0.2378419195896217
0.21875,0.390625,0.23598985993897648
0.2265625,0.3984375,0.2341234018361143
0.234375,0.40625,0.23224265924151308
0.2421875,0.4140625,0.23034774698546268
0.25,0.421875,0.22843878076103416
0.2578125,0.4296875,0.22651587711699928
0.265625,0.4375,0.22457915345069687
0.2734375,0.4453125,0.22262872800084993
0.28125,0.453125,0.22066471984033106
0.2890625,0.4609375,0.21868724886887875
0.296875,0.46875,0.21669643580576417
0.3046875,0.4765625,0.21469240218240931
0.3125,0.484375,0.2126752703349553
0.3203125,0.4921875,0.21064516339678457
0.328125,0.5,0.20860220529099416
0.3359375,0.5078125,0.20654652072282287
0.34375,0.515625,0.2044782351720308
0.3515625,0.5234375,0.20239747488523394
0.359375,0.53125,0.20030436686819264
0.3671875,0.5390625,0.19819903887805448
0.375,0.546875,0.1960816194155536
0.3828125,0.5546875,0.19395223771716494
0.390625,0.5625,0.19181102374721504
0.3984375,0.5703125,0.18965810818995033
0.40625,0.578125,0.18749362244156167
0.4140625,0.5859375,0.18531769860216796
0.421875,0.59375,0.18313046946775657
0.4296875,0.6015625,0.18093206852208402
0.4375,0.609375,0.17872262992853494
0.4453125,0.6171875,0.17650228852194141
0.453125,0.625,0.17427117980036197
0.4609375,0.6328125,0.17202943991682193
0.46875,0.640625,0.1697772056710142
0.4765625,0.6484375,0.16751461450096264
0.484375,0.65625,0.16524180447464634
0.4921875,0.6640625,0.16295891428158815
0.5,0.671875,0.16066608322440473
0.5078125,0.6796875,0.158363451210321
0.515625,0.6875,0.1560511587426486
0.5234375,0.6953125,0.1537293469122289
0.53125,0.703125,0.15139815738884047
0.5390625,0.7109375,0.14905773241257356
0.546875,0.71875,0.14670821478516835
0.5546875,0.7265625,0.1443497478613228
0.5625,0.734375,0.14198247553996443
0.5703125,0.7421875,0.13960654225549274
0.578125,0.75,0.13722209296898752
0.5859375,0.7578125,0.13482927315938764
0.59375,0.765625,0.13242822881463848
0.6015625,0.7734375,0.13001910642280995
0.609375,0.78125,0.1276020529631848
0.6171875,0.7890625,0.12517721589731887
0.625,0.796875,0.12274474316007307
0.6328125,0.8046875,0.12030478315061871
0.640625,0.8125,0.11785748472341617
0.6484375,0.8203125,0.11540299717916912
0.65625,0.828125,0.11294147025575288
0.6640625,0.8359375,0.11047305411912084
0.671875,0.84375,0.10799789935418787
0.6796875,0.8515625,0.10551615695569257
0.6875,0.859375,0.10302797831904065
0.6953125,0.8671875,0.10053351523112941
0.703125,0.875,0.09803291986115634
0.7109375,0.8828125,0.09552634475141356
0.71875,0.890625,0.0930139428080698
0.7265625,0.8984375,0.09049586729194402
0.734375,0.90625,0.08797227180927202
0.7421875,0.9140625,0.08544331030247172
0.75,0.921875,0.08290913704090982
0.7578125,0.9296875,0.08036990661167619
0.765625,0.9375,0.07782577391037176
0.7734375,0.9453125,0.07527689413191646
0.78125,0.953125,0.0727234227613861
0.7890625,0.9609375,0.07016551556488752
0.796875,0.96875,0.06760332858048082
0.8046875,0.9765625,0.06503701810916043
0.8125,0.984375,0.062466740705903474
0.8203125,0.9921875,0.059892653170791954
0.828125,1.0,0.057314912540209234
0.0,0.1640625,0.2820134849410122
0.0078125,0.171875,0.28058989898111164
0.015625,0.1796875,0.27914919053188514
0.0234375,0.1875,0.2776914476329324
0.03125,0.1953125,0.2762167593589143
0.0390625,0.203125,0.27472521581421566
0.046875,0.2109375,0.27321690812778826
0.0546875,0.21875,0.2716919284480095
0.0625,0.2265625,0.27015036993747793
0.0703125,0.234375,0.2685923267676987
0.078125,0.2421875,0.26701789411364735
0.0859375,0.25,0.2654271681482105
0.09375,0.2578125,0.263820246036511
0.1015625,0.265625,0.26219722593012346
0.109375,0.2734375,0.2605582069611908
0.1171875,0.28125,0.25890328923644834
0.125,0.2890625,0.25723257383116394
0.1328125,0.296875,0.25554616278299946
0.140625,0.3046875,0.25384415908579777
0.1484375,0.3125,0.2521266666833003
0.15625,0.3203125,0.25039379046279797
0.1640625,0.328125,0.2486456362487186
0.171875,0.3359375,0.2468823107961518
0.1796875,0.34375,0.2451039217843141
0.1875,0.3515625,0.24331057780995552
0.1953125,0.359375,0.24150238838070842
0.203125,0.3671875,0.23967946390838052
0.2109375,0.375,0.23784191570219193
0.21875,0.3828125,0.23598985596195726
0.2265625,0.390625,0.2341233977712143
0.234375,0.3984375,0.23224265509029896
0.2421875,0.40625,0.23034774274936698
0.25,0.4140625,0.22843877644136426
0.2578125,0.421875,0.22651587271494436
0.265625,0.4296875,0.22457914896733558
0.2734375,0.4375,0.2226287234371568
0.28125,0.4453125,0.22066471519718284
0.2890625,0.453125,0.2186872441470606
0.296875,0.4609375,0.21669643100597474
0.3046875,0.46875,0.2146923973052666
0.3125,0.4765625,0.2126752653810014
0.3203125,0.484375,0.2106451583664906
0.328125,0.4921875,0.20860220018476475
0.3359375,0.5,0.20654651554100054
0.34375,0.5078125,0.20447822991490003
0.3515625,0.515625,0.20239746955302526
0.359375,0.5234375,0.20030436146108593
0.3671875,0.53125,0.19819903339618258
0.375,0.5390625,0.19608161385900572
0.3828125,0.546875,0.19395223208598936
0.390625,0.5546875,0.1918110180414222
0.3984375,0.5625,0.1896581024095146
0.40625,0.5703125,0.1874936165864241
0.4140625,0.578125,0.18531769267223727
0.421875,0.5859375,0.1831304634629117
0.4296875,0.59375,0.18093206244217402
0.4375,0.6015625,0.17872262377338033
0.4453125,0.609375,0.1765022822913341
0.453125,0.6171875,0.17427117349406518
0.4609375,0.625,0.17202943353456945
0.46875,0.6328125,0.16977719921250925
0.4765625,0.640625,0.16751460796587614
0.484375,0.6484375,0.165241797862615
0.4921875,0.65625,0.1629589075922115
0.5,0.6640625,0.1606660764572418
0.5078125,0.671875,0.15836344436488686
0.515625,0.6796875,0.1560511518184098
0.5234375,0.6875,0.15372933990859852
0.53125,0.6953125,0.15139815030517254
0.5390625,0.703125,0.14905772524815628
0.546875,0.7109375,0.14670820753921882
0.5546875,0.71875,0.1443497405329774
0.5625,0.7265625,0.14198246812827175
0.5703125,0.734375,0.1396065347594038
0.578125,0.7421875,0.13722208538734623
0.5859375,0.75,0.1348292654909197
0.59375,0.7578125,0.13242822105793914
0.6015625,0.765625,0.13001909857633107
0.609375,0.7734375,0.12760204502522046
0.6171875,0.78125,0.1251772078659895
0.625,0.7890625,0.12274473503330781
0.6328125,0.796875,0.1203047749261364
0.640625,0.8046875,0.11785747639870404
0.6484375,0.8125,0.1154029887514587
0.65625,0.8203125,0.11294146172199399
0.6640625,0.828125,0.1104730454759519
0.671875,0.8359375,0.10799789059790287
0.6796875,0.84375,0.10551614808220389
0.6875,0.8515625,0.10302796932383727
0.6953125,0.859375,0.1005335061092296
0.703125,0.8671875,0.0980329106070541
0.7109375,0.875,0.0955263353590178
0.71875,0.8828125,0.09301393327063542
0.7265625,0.890625,0.09049585760199287
0.734375,0.8984375,0.08797226195850368
0.7421875,0.90625,0.08544330028166072
0.75,0.9140625,0.08290912683978927
0.7578125,0.921875,0.08036989621880464
0.765625,0.9296875,0.07782576331298213
0.7734375,0.9375,0.07527688331574506
0.78125,0.9453125,0.0727234117104801
0.7890625,0.953125,0.07016550426139036
0.796875,0.9609375,0.06760331700439667
0.8046875,0.96875,0.06503700623810027
0.8125,0.9765625,0.06246672851482084
0.8203125,0.984375,0.05989264063172171
0.828125,0.9921875,0.057314899622031915
0.8359375,1.0,0.05473366274636717
0.0,0.15625,0.2820134848204473
0.0078125,0.1640625,0.2805898986763278
0.015625,0.171875,0.2791491900361808
0.0234375,0.1796875,0.2776914469438461
0.03125,0.1875,0.2762167584772125
0.0390625,0.1953125,0.2747252147429817
0.046875,0.203125,0.27321690687167377
0.0546875,0.2109375,0.2716919270126557
0.0625,0.21875,0.27015036832908307
0.0703125,0.2265625,0.26859232499270774
0.078125,0.234375,0.26701789217853344
0.0859375,0.2421875,0.26542716605932803
0.09375,0.25,0.2638202437999985
0.1015625,0.2578125,0.2621972235518442
0.109375,0.265625,0.2605582044466994
0.1171875,0.2734375,0.2589032865909755
0.125,0.28125,0.2572325710596131
0.1328125,0.2890625,0.2555461598899521
0.140625,0.296875,0.25384415607552385
0.1484375,0.3046875,0.25212666355977165
0.15625,0.3125,0.25039378722970373
0.1640625,0.3203125,0.24864563290948097
0.171875,0.328125,0.24688230735394226
0.1796875,0.3359375,0.24510391824206884
0.1875,0.34375,0.24331057417039087
0.1953125,0.3515625,0.2415023846463349
0.203125,0.359375,0.2396794600815162
0.2109375,0.3671875,0.23784191178497502
0.21875,0.375,0.23598985195635794
0.2265625,0.3828125,0.23412339367904533
0.234375,0.390625,0.23224265091322585
0.2421875,0.3984375,0.23034773848891743
0.25,0.40625,0.22843877209893643
0.2578125,0.4140625,0.22651586829181522
0.265625,0.421875,0.2245791444646683
0.2734375,0.4296875,0.2226287188560075
0.28125,0.4375,0.22066471053850767
0.2890625,0.4453125,0.2186872394117211
0.296875,0.453125,0.21669642619474444
0.3046875,0.4609375,0.2146923924188353
0.3125,0.46875,0.2126752604199814
0.3203125,0.4765625,0.21064515333142073
0.328125,0.484375,0.2086021950761156
0.3359375,0.4921875,0.20654651035917815
0.34375,0.5,0.2044782246602506
0.3515625,0.5078125,0.20239746422583854
0.359375,0.515625,0.20030435606159924
0.3671875,0.5234375,0.1981990279245843
0.375,0.53125,0.19608160831543794
0.3828125,0.5390625,0.19395222647055152
0.390625,0.546875,0.19181101235417342
0.3984375,0.5546875,0.18965809665047645
0.40625,0.5625,0.18749361075558238
0.4140625,0.5703125,0.18531768676954444
0.421875,0.578125,0.18313045748828735
0.4296875,0.5859375,0.18093205639550752
0.4375,0.59375,0.1787226176545306
0.4453125,0.6015625,0.17650227610013042
0.453125,0.609375,0.1742711672303072
0.4609375,0.6171875,0.17202942719802666
0.46875,0.625,0.16977719280292042
0.4765625,0.6328125,0.16751460148294756
0.484375,0.640625,0.1652417913060193
0.4921875,0.6484375,0.1629589009615848
0.5,0.65625,0.16066606975218123
0.5078125,0.6640625,0.15836343758494717
0.515625,0.671875,0.1560511449630995
0.5234375,0.6796875,0.15372933297737532
0.53125,0.6875,0.15139814329743842
0.5390625,0.6953125,0.1490577181632523
0.546875,0.703125,0.14670820037641755
0.5546875,0.7109375,0.14434973329147766
0.5625,0.71875,0.14198246080718996
0.5703125,0.7265625,0.13960652735776583
0.578125,0.734375,0.137222077904078
0.5859375,0.7421875,0.1348292579248373
0.59375,0.75,0.13242821340773767
0.6015625,0.7578125,0.13001909084057248
0.609375,0.765625,0.12760203720232016
0.6171875,0.7734375,0.12517719995420148
0.625,0.78125,0.12274472703070882
0.6328125,0.7890625,0.12030476683060749
0.640625,0.796875,0.11785746820791092
0.6484375,0.8046875,0.11540298046282955
0.65625,0.8125,0.11294145333269487
0.6640625,0.8203125,0.11047303698285896
0.671875,0.828125,0.1079978819975713
0.6796875,0.8359375,0.10551613937083332
0.6875,0.84375,0.10302796049723205
0.6953125,0.8515625,0.10053349716275431
0.703125,0.859375,0.09803290153558294
0.7109375,0.8671875,0.09552632615687684
0.71875,0.875,0.09301392393153693
0.7265625,0.8828125,0.09049584811896016
0.734375,0.890625,0.08797225232378458
0.7421875,0.8984375,0.08544329048662921
0.75,0.90625,0.08290911687483166
0.7578125,0.9140625,0.0803698860731894
0.765625,0.921875,0.07782575297471012
0.7734375,0.9296875,0.07527687277137815
0.78125,0.9375,0.07272340094494552
0.7890625,0.9453125,0.0701654932577584
0.796875,0.953125,0.06760330574363053
0.8046875,0.9609375,0.06503699469877851
0.8125,0.96875,0.06246671667283504
0.8203125,0.9765625,0.05989262845995811
0.828125,0.984375,0.057314887090052793
0.8359375,0.9921875,0.0547336498201201
0.84375,1.0,0.05214907412573626
0.0,0.1484375,0.2820134847050914
0.0078125,0.15625,0.28058989837962506
0.015625,0.1640625,0.2791491895478269
0.0234375,0.171875,0.27769144625917724
0.03125,0.1796875,0.27621675759580405
0.0390625,0.1875,0.2747252136674121
0.046875,0.1953125,0.2732169056065328
0.0546875,0.203125,0.27169192556379124
0.0625,0.2109375,0.2701503667030521
0.0703125,0.21875,0.26859232319638776
0.078125,0.2265625,0.26701789021885675
0.0859375,0.234375,0.26542716394310356
0.09375,0.2421875,0.26382024153379885
0.1015625,0.25,0.26219722114193783
0.109375,0.2578125,0.260558201899013
0.1171875,0.265625,0.2589032839110785
0.125,0.2734375,0.257232568252716
0.1328125,0.28125,0.25554615696091354
0.140625,0.2890625,0.25384415302886437
0.1484375,0.296875,0.2521266603996897
0.15625,0.3046875,0.25039378396009376
0.1640625,0.3125,0.24864562953395203
0.171875,0.3203125,0.24688230387583637
0.1796875,0.328125,0.24510391466447898
0.1875,0.3359375,0.24331057049617738
0.1953125,0.34375,0.2415023808781423
0.203125,0.3515625,0.2396794562217874
0.2109375,0.359375,0.23784190783596515
0.21875,0.3671875,0.23598984792014727
0.2265625,0.375,0.23412338955755085
0.234375,0.3828125,0.23224264670821207
0.2421875,0.390625,0.23034773420200655
0.25,0.3984375,0.22843876773161753
0.2578125,0.40625,0.22651586384545216
0.265625,0.4140625,0.22457913994050827
0.2734375,0.421875,0.22262871425518804
0.28125,0.4296875,0.2206647058620631
0.2890625,0.4375,0.2186872346605893
0.296875,0.4453125,0.21669642136977274
0.3046875,0.453125,0.21469238752078554
0.3125,0.4609375,0.2126752554495352
0.3203125,0.46875,0.21064514828918487
0.328125,0.4765625,0.20860218996262608
0.3359375,0.484375,0.20654650517490483
0.34375,0.4921875,0.20447821940560115
0.3515625,0.5,0.20239745890116256
0.359375,0.5078125,0.20030435066719168
0.3671875,0.515625,0.1981990224606891
0.375,0.5234375,0.19608160278225095
0.3828125,0.53125,0.1939522208682239
0.390625,0.5390625,0.19181100668281414
0.3984375,0.546875,0.18965809091015465
0.40625,0.5546875,0.18749360494632988
0.4140625,0.5625,0.18531768089135758
0.421875,0.5703125,0.1831304515411289
0.4296875,0.578125,0.18093205037930732
0.4375,0.5859375,0.17872261156918723
0.4453125,0.59375,0.17650226994551146
0.453125,0.6015625,0.1742711610062497
0.4609375,0.609375,0.17202942090433695
0.46875,0.6171875,0.16977718643937342
0.4765625,0.625,0.16751459504928606
0.484375,0.6328125,0.16524178480195215
0.4921875,0.640625,0.1629588943867854
0.5,0.6484375,0.16066606310628492
0.5078125,0.65625,0.1583634308675485
0.515625,0.6640625,0.15605113817374872
0.5234375,0.671875,0.15372932611557447
0.53125,0.6796875,0.15139813636263702
0.5390625,0.6875,0.14905771115484193
0.546875,0.6953125,0.14670819329372692
0.5546875,0.703125,0.14434972613376548
0.5625,0.7109375,0.1419824535736386
0.5703125,0.71875,0.13960652004747343
0.578125,0.7265625,0.13722207051605007
0.5859375,0.734375,0.13482925045797733
0.59375,0.7421875,0.13242820586083723
0.6015625,0.75,0.13001908321229963
0.609375,0.7578125,0.12760202949120736
0.6171875,0.765625,0.12517719215863202
0.625,0.7734375,0.12274471914890145
0.6328125,0.78125,0.12030475886060024
0.640625,0.7890625,0.11785746014754234
0.6484375,0.796875,0.11540297230971824
0.65625,0.8046875,0.11294144508421645
0.6640625,0.8125,0.11047302863612049
0.671875,0.8203125,0.10799787354938233
0.6796875,0.828125,0.10551613081767328
0.6875,0.8359375,0.10302795183521343
0.6953125,0.84375,0.10053348838758093
0.703125,0.8515625,0.09803289264250244
0.7109375,0.859375,0.0955263171406264
0.71875,0.8671875,0.0930139147862812
0.7265625,0.875,0.09049583883822014
0.734375,0.8828125,0.0879722429003558
0.7421875,0.890625,0.08544328091248708
0.75,0.8984375,0.08290910714102277
0.7578125,0.90625,0.08036987616970545
0.765625,0.9140625,0.07782574289034212
0.7734375,0.921875,0.07527686249354779
0.78125,0.9296875,0.07272339045951035
0.7890625,0.9375,0.0701654825487872
0.796875,0.9453125,0.06760329479314595
0.8046875,0.953125,0.06503698348646444
0.8125,0.9609375,0.062466705175707876
0.8203125,0.96875,0.059892616652004765
0.828125,0.9765625,0.057314874941844604
0.8359375,0.984375,0.05473363729842122
0.84375,0.9921875,0.05214906119314175
0.8515625,1.0,0.04956130430730951
0.0,0.140625,0.2820134845972052
0.0078125,0.1484375,0.28058989809488116
0.015625,0.15625,0.2791491890711262
0.0234375,0.1640625,0.2776914455829791
0.03125,0.171875,0.27621675671815743
0.0390625,0.1796875,0.2747252125902643
0.046875,0.1875,0.2732169043344012
0.0546875,0.1953125,0.27169192410278187
0.0625,0.203125,0.2701503650601577
0.0703125,0.2109375,0.26859232137900335
0.078125,0.21875,0.26701788823445455
0.0859375,0.2265625,0.2654271617990208
0.09375,0.234375,0.26382023923710646
0.1015625,0.2421875,0.26219721869936286
0.109375,0.25,0.2605581993168992
0.1171875,0.2578125,0.2589032811953707
0.125,0.265625,0.2572325654089614
0.1328125,0.2734375,0.25554615399427233
0.140625,0.28125,0.25384414994412646
0.1484375,0.2890625,0.25212665720129523
0.15625,0.296875,0.25039378065215423
0.1640625,0.3046875,0.24864562612027255
0.171875,0.3125,0.2468823003599364
0.1796875,0.3203125,0.24510391104961327
0.1875,0.328125,0.24331056678535481
0.1953125,0.3359375,0.24150237707414385
0.203125,0.34375,0.2396794523271824
0.2109375,0.3515625,0.23784190385312703
0.21875,0.359375,0.23598984385126684
0.2265625,0.3671875,0.2341233854046497
0.234375,0.375,0.23224264247315365
0.2421875,0.3828125,0.23034772988650726
0.25,0.390625,0.22843876333725627
0.2578125,0.3984375,0.22651585937368007
0.265625,0.40625,0.22457913539265523
0.2734375,0.4140625,0.2226287096324721
0.28125,0.421875,0.2206647011655967
0.2890625,0.4296875,0.21868722989138586
0.296875,0.4375,0.21669641652875246
0.3046875,0.4453125,0.21469238260878168
0.3125,0.453125,0.21267525046729877
0.3203125,0.4609375,0.2106451432373899
0.328125,0.46875,0.2086021848418738
0.3359375,0.4765625,0.20654649998572863
0.34375,0.484375,0.20447821414847045
0.3515625,0.4921875,0.2023974535764867
0.359375,0.5,0.2003043452753234
0.3671875,0.5078125,0.1981990170019283
0.375,0.515625,0.19608159725684787
0.3828125,0.5234375,0.19395221527638173
0.390625,0.53125,0.1918110010246921
0.3984375,0.5390625,0.18965808518587068
0.40625,0.546875,0.1874935991559625
0.4140625,0.5546875,0.18531767503494817
0.421875,0.5625,0.18313044561868333
0.4296875,0.5703125,0.18093204439079763
0.4375,0.578125,0.1787226055145524
0.4453125,0.5859375,0.17650226382465867
0.453125,0.59375,0.1742711548190542
0.4609375,0.6015625,0.17202941465064256
0.46875,0.609375,0.16977718011899226
0.4765625,0.6171875,0.1675145886619978
0.484375,0.625,0.16524177834750278
0.4921875,0.6328125,0.16295888786488585
0.5,0.640625,0.1606660565166091
0.5078125,0.6484375,0.1583634242097307
0.515625,0.65625,0.1560511314473806
0.5234375,0.6640625,0.15372931932020212
0.53125,0.671875,0.1513981294977567
0.5390625,0.6796875,0.14905770421989564
0.546875,0.6875,0.1467081862880967
0.5546875,0.6953125,0.14434971905676913
0.5625,0.703125,0.14198244642452243
0.5703125,0.7109375,0.13960651282540562
0.578125,0.71875,0.13722206322011274
0.5859375,0.7265625,0.13482924308715846
0.59375,0.734375,0.13242819841402115
0.6015625,0.7421875,0.13001907568825677
0.609375,0.75,0.12760202188858286
0.6171875,0.7578125,0.12517718447593326
0.625,0.765625,0.12274471138448446
0.6328125,0.7734375,0.12030475101265413
0.640625,0.78125,0.11785745221407218
0.6484375,0.7890625,0.11540296428852638
0.65625,0.796875,0.11294143697288112
0.6640625,0.8046875,0.1104730204319721
0.671875,0.8125,0.10799786524947666
0.6796875,0.8203125,0.10551612241876143
0.6875,0.828125,0.1030279433337074
0.6953125,0.8359375,0.10053347977951514
0.703125,0.84375,0.09803288392348904
0.7109375,0.8515625,0.09552630830580516
0.71875,0.859375,0.09301390583026113
0.7265625,0.8671875,0.09049582975501291
0.734375,0.875,0.08797223368329866
0.7421875,0.8828125,0.08544327155415386
0.75,0.890625,0.08290909763312027
0.7578125,0.8984375,0.08036986650295347
0.765625,0.90625,0.07782573305433342
0.7734375,0.9140625,0.07527685247658501
0.78125,0.921875,0.07272338024841561
0.7890625,0.9296875,0.0701654721286802
0.796875,0.9375,0.06760328414718571
0.8046875,0.9453125,0.0650369725955503
0.8125,0.953125,0.06246669401813545
0.8203125,0.9609375,0.05989260520307509
0.828125,0.96875,0.057314863173428154
0.8359375,0.9765625,0.054733625178486164
0.84375,0.984375,0.052149048685268776
0.8515625,0.9921875,0.049561291370236744
0.859375,1.0,0.04697051111123698
0.0,0.1328125,0.282013484499872
0.0078125,0.140625,0.2805898978273101
0.015625,0.1484375,0.2791491886117971
0.0234375,0.15625,0.2776914449205891
0.03125,0.1640625,0.27621675584881583
0.0390625,0.171875,0.27472521151514756
0.046875,0.1796875,0.2732169030579667
0.0546875,0.1875,0.2716919226314754
0.0625,0.1953125,0.2701503634015184
0.0703125,0.203125,0.268592319541058
0.078125,0.2109375,0.2670178862253216
0.0859375,0.21875,0.26542715962665986
0.09375,0.2265625,0.2638202369091661
0.1015625,0.234375,0.26219721622309533
0.109375,0.2421875,0.2605581966991195
0.1171875,0.25,0.2589032784424431
0.125,0.2578125,0.25723256252680493
0.1328125,0.265625,0.25554615098837635
0.140625,0.2734375,0.2538441468195725
0.1484375,0.28125,0.2521266539627822
0.15625,0.2890625,0.2503937773040242
0.1640625,0.296875,0.24864562266653664
0.171875,0.3046875,0.24688229680429963
0.1796875,0.3125,0.24510390739549787
0.1875,0.3203125,0.2433105630359222
0.1953125,0.328125,0.2415023732323143
0.203125,0.3359375,0.2396794483956543
0.2109375,0.34375,0.23784189983439274
0.21875,0.3515625,0.23598983974762877
0.2265625,0.359375,0.2341233812182336
0.234375,0.3671875,0.2322426382059221
0.2421875,0.375,0.23034772554027041
0.25,0.3828125,0.22843875891368257
0.2578125,0.390625,0.22651585487430573
0.265625,0.3984375,0.2245791308188936
0.2734375,0.40625,0.22262870498562068
0.28125,0.4140625,0.22066469644684483
0.2890625,0.421875,0.21868722510182145
0.296875,0.4296875,0.21669641166936865
0.3046875,0.4375,0.21469237768048202
0.3125,0.4453125,0.21267524547090302
0.3203125,0.453125,0.21064513817363859
0.328125,0.4609375,0.2086021797114336
0.3359375,0.46875,0.20654649478919607
0.34375,0.4765625,0.20447820888637633
0.3515625,0.484375,0.2023974482492999
0.359375,0.4921875,0.20030433988345514
0.3671875,0.5,0.1981990115457344
0.375,0.5078125,0.19608159173663303
0.3828125,0.515625,0.1939522096924018
0.390625,0.5234375,0.19181099537715726
0.3984375,0.53125,0.18965807947494803
0.40625,0.5390625,0.18749359338177807
0.4140625,0.546875,0.18531766919758902
0.421875,0.5546875,0.1831304397181997
0.4296875,0.5625,0.1809320384272042
0.4375,0.5703125,0.17872259948782973
0.4453125,0.578125,0.17650225773475378
0.453125,0.5859375,0.17427114866588186
0.4609375,0.59375,0.172029408434085
0.46875,0.6015625,0.1697771738388994
0.4765625,0.609375,0.1675145823181868
0.484375,0.6171875,0.16524177193975728
0.4921875,0.625,0.16295888139295475
0.5,0.6328125,0.1606660499802049
0.5078125,0.640625,0.1583634176085275
0.515625,0.6484375,0.15605112478101174
0.5234375,0.65625,0.15372931258825692
0.53125,0.6640625,0.15139812269977734
0.5390625,0.671875,0.14905769735537305
0.546875,0.6796875,0.1467081793564664
0.5546875,0.6875,0.14434971205740554
0.5625,0.6953125,0.14198243935673385
0.5703125,0.703125,0.13960650568842772
0.578125,0.7109375,0.13722205601310203
0.5859375,0.71875,0.13482923580918393
0.59375,0.7265625,0.1324281910640564
0.6015625,0.734375,0.13001906826517046
0.609375,0.7421875,0.12760201439112845
0.6171875,0.75,0.12517717690273752
0.625,0.7578125,0.12274470373403487
0.6328125,0.765625,0.12030474328328482
0.640625,0.7734375,0.11785744440394862
0.6484375,0.78125,0.11540295639562759
0.65625,0.7890625,0.11294142899498023
0.6640625,0.796875,0.11047301236661469
0.671875,0.8046875,0.10799785709395623
0.6796875,0.8125,0.1055161141700914
0.6875,0.8203125,0.10302793498858974
0.6953125,0.828125,0.10053347133430439
0.703125,0.8359375,0.09803287537415185
0.7109375,0.84375,0.09552629964787292
0.71875,0.8515625,0.0930138970587766
0.7265625,0.859375,0.09049582086446802
0.734375,0.8671875,0.0879722246675628
0.7421875,0.875,0.08544326240639064
0.75,0.8828125,0.08290908834569058
0.7578125,0.890625,0.08036985706730225
0.765625,0.8984375,0.07782572346085723
0.7734375,0.90625,0.07527684271447642
0.78125,0.9140625,0.07272337030548055
0.7890625,0.921875,0.07016546199112282
0.796875,0.9296875,0.06760327379935509
0.8046875,0.9375,0.06503696201964304
0.8125,0.9453125,0.06246668319384686
0.8203125,0.953125,0.059892594107193525
0.828125,0.9609375,0.057314851779367654
0.8359375,0.96875,0.05473361345575789
0.84375,0.9765625,0.05214903659890065
0.8515625,0.984375,0.049561278880166704
0.859375,0.9921875,0.046970498171734695
0.8671875,1.0,0.04437685253887711
0.0,0.125,0.282013484417347
0.0078125,0.1328125,0.28058989758398395
0.015625,0.140625,0.27914918817748346
0.0234375,0.1484375,0.2776914442790563
0.03125,0.15625,0.276216754993725
0.0390625,0.1640625,0.27472521044676634
0.046875,0.171875,0.2732169017807387
0.0546875,0.1796875,0.27169192115231894
0.0625,0.1875,0.27015036172867635
0.0703125,0.1953125,0.2685923176833444
0.078125,0.203125,0.2670178841916413
0.0859375,0.2109375,0.2654271574257145
0.09375,0.21875,0.2638202345492823
0.1015625,0.2265625,0.26219721371213217
0.109375,0.234375,0.2605581940444286
0.1171875,0.2421875,0.2589032756508611
0.125,0.25,0.2572325596046639
0.1328125,0.2578125,0.2555461479415276
0.140625,0.265625,0.25384414365341446
0.1484375,0.2734375,0.2521266506822923
0.15625,0.28125,0.25039377391379003
0.1640625,0.2890625,0.24864561917078692
0.171875,0.296875,0.24688229320693358
0.1796875,0.3046875,0.2451039037001116
0.1875,0.3125,0.24331055924583395
0.1953125,0.3203125,0.2415023693505874
0.203125,0.328125,0.23967944442511743
0.2109375,0.3359375,0.23784189577765896
0.21875,0.34375,0.23598983560711226
0.2265625,0.3515625,0.2341233769961651
0.234375,0.359375,0.23224263390436228
0.2421875,0.3671875,0.23034772116112273
0.25,0.375,0.22843875445870432
0.2578125,0.3828125,0.22651585034511812
0.265625,0.390625,0.22457912621699136
0.2734375,0.3984375,0.22262870031237977
0.28125,0.40625,0.22066469170353095
0.2890625,0.4140625,0.21868722028959656
0.296875,0.421875,0.21669640678929714
0.3046875,0.4296875,0.21469237273353722
0.3125,0.4375,0.21267524045797268
0.3203125,0.4453125,0.21064513309552954
0.328125,0.453125,0.2086021745688768
0.3359375,0.4609375,0.20654648958285104
0.34375,0.46875,0.20447820361683514
0.3515625,0.4765625,0.20239744291709122
0.359375,0.484375,0.20030433448904758
0.3671875,0.4921875,0.19819900608954055
0.375,0.5,0.196081586219012
0.3828125,0.5078125,0.19395220411366268
0.390625,0.515625,0.1918109897375615
0.3984375,0.5234375,0.18965807377471217
0.40625,0.53125,0.18749358762107632
0.4140625,0.5390625,0.18531766337655506
0.421875,0.546875,0.1831304338369287
0.4296875,0.5546875,0.18093203248575432
0.4375,0.5625,0.1787225934862236
0.4453125,0.5703125,0.17650225167297967
0.453125,0.578125,0.1742711425438943
0.4609375,0.5859375,0.17202940225180563
0.46875,0.59375,0.16977716759621647
0.4765625,0.6015625,0.1675145760149556
0.484375,0.609375,0.1652417655757996
0.4921875,0.6171875,0.16295887496805775
0.5,0.625,0.16066604349411992
0.5078125,0.6328125,0.15836341106096846
0.515625,0.640625,0.1560511181716532
0.5234375,0.6484375,0.15372930591673123
0.53125,0.65625,0.15139811596567193
0.5390625,0.6640625,0.14905769055822715
0.546875,0.671875,0.1467081724957667
0.5546875,0.6796875,0.14434970513258208
0.5625,0.6875,0.14198243236715496
0.5703125,0.6953125,0.13960649863339444
0.578125,0.703125,0.13722204889184195
0.5859375,0.7109375,0.13482922862084432
0.59375,0.71875,0.1324281838076965
0.6015625,0.7265625,0.13001906093975324
0.609375,0.734375,0.12760200699551086
0.6171875,0.7421875,0.12517716943566076
0.625,0.75,0.12274469619411242
0.6328125,0.7578125,0.1203047356689899
0.640625,0.765625,0.1178574367135999
0.6484375,0.7734375,0.11540294862737355
0.65625,0.78125,0.11294142114678106
0.6640625,0.7890625,0.1104730044362227
0.671875,0.796875,0.10799784907889308
0.6796875,0.8046875,0.10551610606762298
0.6875,0.8125,0.10302792679569728
0.6953125,0.8203125,0.10053346304765157
0.703125,0.828125,0.09803286699004737
0.7109375,0.8359375,0.09552629116222765
0.71875,0.84375,0.09301388846705402
0.7265625,0.8515625,0.09049581216162715
0.734375,0.859375,0.08797221584799197
0.7421875,0.8671875,0.08544325346383057
0.75,0.875,0.08290907927314438
0.7578125,0.8828125,0.08036984785693022
0.765625,0.890625,0.07782571410385275
0.7734375,0.8984375,0.07527683320092017
0.78125,0.90625,0.07272336062416751
0.7890625,0.9140625,0.07016545212935762
0.796875,0.921875,0.06760326374270875
0.8046875,0.9296875,0.06503695175166334
0.8125,0.9375,0.06246667269571488
0.8203125,0.9453125,0.05989258335731586
0.828125,0.953125,0.05731484075289574
0.8359375,0.9609375,0.054733602124026566
0.84375,0.96875,0.05214902492878313
0.8515625,0.9765625,0.04956126683335455
0.859375,0.984375,0.04697048570397176
0.8671875,0.9921875,0.04437683959921605
0.875,1.0,0.04178048676275215
0.0,0.1171875,0.28201348435559115
0.0078125,0.125,0.28058989737459983
0.015625,0.1328125,0.27914918777847975
0.0234375,0.140625,0.277691443667729
0.03125,0.1484375,0.27621675416067537
0.0390625,0.15625,0.2747252093912325
0.046875,0.1640625,0.27321690050726627
0.0546875,0.171875,0.27169191966850437
0.0625,0.1796875,0.2701503600436924
0.0703125,0.1875,0.26859231580700416
0.078125,0.1953125,0.26701788213382105
0.0859375,0.203125,0.26542715519601245
0.09375,0.2109375,0.26382023215682815
0.1015625,0.21875,0.262197211165493
0.109375,0.2265625,0.260558191351573
0.1171875,0.234375,0.25890327281916
0.125,0.2421875,0.2572325566409118
0.1328125,0.25,0.2555461448519754
0.140625,0.2578125,0.25384414044380726
0.1484375,0.265625,0.2521266473579081
0.15625,0.2734375,0.25039377047947925
0.1640625,0.28125,0.24864561563100898
0.171875,0.2890625,0.24688228956579064
0.1796875,0.296875,0.24510389996138077
0.1875,0.3046875,0.24331055541299557
0.1953125,0.3125,0.24150236542685058
0.203125,0.3203125,0.2396794404134438
0.2109375,0.328125,0.23784189168078337
0.21875,0.3359375,0.23598983142756128
0.2265625,0.34375,0.23412337273627382
0.234375,0.3515625,0.23224262956628972
0.2421875,0.359375,0.2303477167468647
0.25,0.3671875,0.2284387499701059
0.2578125,0.375,0.2265158457838845
0.265625,0.3828125,0.22457912158469756
0.2734375,0.390625,0.22262869561047963
0.28125,0.3984375,0.22066468693336475
0.2890625,0.40625,0.2186872154523989
0.296875,0.4140625,0.21669640188620337
0.3046875,0.421875,0.2146923677655895
0.3125,0.4296875,0.2126752354261255
0.3203125,0.4375,0.2106451280006553
0.328125,0.4453125,0.20860216941177037
0.3359375,0.453125,0.20654648436423426
0.34375,0.4609375,0.20447819833736097
0.3515625,0.46875,0.2023974375773475
0.359375,0.4765625,0.200304329089561
0.3671875,0.484375,0.1981990006307798
0.375,0.4921875,0.19608158070139098
0.3828125,0.5,0.19395219853754364
0.390625,0.5078125,0.19181098410325764
0.3984375,0.515625,0.18965806808249017
0.40625,0.5234375,0.18749358187115883
0.4140625,0.53125,0.18531765756912283
0.421875,0.5390625,0.1831304279721225
0.4296875,0.546875,0.18093202656367657
0.4375,0.5546875,0.17872258750693984
0.4453125,0.5625,0.1765022456365199
0.453125,0.5703125,0.17427113645025374
0.4609375,0.578125,0.17202939610094548
0.46875,0.5859375,0.16977716138806445
0.4765625,0.59375,0.16751456974940565
0.484375,0.6015625,0.1652417592527118
0.4921875,0.609375,0.162958868587258
0.5,0.6171875,0.16066603705539861
0.5078125,0.625,0.1583634045640794
0.515625,0.6328125,0.15605111161631174
0.5234375,0.640625,0.15372929930261237
0.53125,0.6484375,0.1513981092924077
0.5390625,0.65625,0.14905768382540374
0.546875,0.6640625,0.14670816570292133
0.5546875,0.671875,0.14434969827919855
0.5625,0.6796875,0.14198242545265968
0.5703125,0.6875,0.13960649165715142
0.578125,0.6953125,0.13722204185314735
0.5859375,0.703125,0.1348292215189204
0.59375,0.7109375,0.1324281766416845
0.6015625,0.71875,0.13001905370870626
0.609375,0.7265625,0.1276019996983853
0.6171875,0.734375,0.1251771620713067
0.625,0.7421875,0.12274468876126375
0.6328125,0.75,0.12030472816625261
0.640625,0.7578125,0.11785742913943928
0.6484375,0.765625,0.1154029409800997
0.65625,0.7734375,0.11294141342453332
0.6640625,0.78125,0.11047299663695079
0.671875,0.7890625,0.1079978412003374
0.6796875,0.796875,0.10551609810729128
0.6875,0.8046875,0.10302791875083858
0.6953125,0.8125,0.10053345491522636
0.703125,0.8203125,0.0980328587666936
0.7109375,0.828125,0.09552628284422142
0.71875,0.8359375,0.09301388005026479
0.7265625,0.84375,0.09049580364146541
0.734375,0.8515625,0.08797220721934888
0.7421875,0.859375,0.08544324472100744
0.75,0.8671875,0.0829090704097701
0.7578125,0.875,0.08036983886586435
0.765625,0.8828125,0.07782570497707134
0.7734375,0.890625,0.07527682392938008
0.78125,0.8984375,0.0727233511976458
0.7890625,0.90625,0.07016544253625953
0.796875,0.9140625,0.06760325396983834
0.8046875,0.921875,0.0650369417839478
0.8125,0.9296875,0.06246666251587381
0.8203125,0.9375,0.05989257294546312
0.828125,0.9453125,0.05731483008606152
0.8359375,0.953125,0.0547335911755856
0.84375,0.9609375,0.05214901366777644
0.8515625,0.96875,0.049561255223697046
0.859375,0.9765625,0.04697047370355112
0.8671875,0.984375,0.044376827158915236
0.875,0.9921875,0.04178047382548097
0.8828125,1.0,0.03918157211638185
0.0,0.109375,0.28201348432309836
0.0078125,0.1171875,0.28058989721262684
0.015625,0.125,0.2791491874287772
0.0234375,0.1328125,0.2776914430990767
0.03125,0.140625,0.27621675335989776
0.0390625,0.1484375,0.27472520835648095
0.046875,0.15625,0.2732168992434144
0.0546875,0.1640625,0.2716919181841485
0.0625,0.171875,0.2701503583492602
0.0703125,0.1796875,0.26859231391359784
0.078125,0.1875,0.26701788005253263
0.0859375,0.1953125,0.2654271529375356
0.09375,0.203125,0.2638202297312545
0.1015625,0.2109375,0.2621972085822217
0.109375,0.21875,0.26055818861928676
0.1171875,0.2265625,0.25890326994583907
0.125,0.234375,0.25723255363387104
0.1328125,0.2421875,0.2555461417179095
0.140625,0.25,0.25384413718884086
0.1484375,0.2578125,0.25212664398764595
0.15625,0.265625,0.2503937669990535
0.1640625,0.2734375,0.24864561204512334
0.171875,0.28125,0.24688228587876182
0.1796875,0.2890625,0.24510389617717385
0.1875,0.296875,0.24331055153525796
0.1953125,0.3046875,0.24150236145894113
0.203125,0.3125,0.239679436358459
0.2109375,0.3203125,0.23784188754158084
0.21875,0.328125,0.23598982720678033
0.2265625,0.3359375,0.23412336843635428
0.234375,0.34375,0.23224262518948768
0.2421875,0.3515625,0.23034771229526776
0.25,0.359375,0.2284387454456459
0.2578125,0.3671875,0.22651584118834933
0.265625,0.375,0.22457911691974117
0.2734375,0.3828125,0.22262869087763204
0.28125,0.390625,0.22066468213404003
0.2890625,0.3984375,0.21868721058790308
0.296875,0.40625,0.2166963969577412
0.3046875,0.4140625,0.21469236277427084
0.3125,0.421875,0.21267523037297098
0.3203125,0.4296875,0.21064512288660198
0.328125,0.4375,0.20860216423767589
0.3359375,0.4453125,0.20654647913088223
0.34375,0.453125,0.20447819304546463
0.3515625,0.4609375,0.2023974322275539
0.359375,0.46875,0.20030432368245413
0.3671875,0.4765625,0.19819899516688458
0.375,0.484375,0.1960815751811761
0.3828125,0.4921875,0.19395219296142463
0.390625,0.5,0.19181097847159945
0.3984375,0.5078125,0.18965806239561
0.40625,0.515625,0.18749357612932832
0.4140625,0.5234375,0.18531765177257042
0.421875,0.53125,0.18313042212103472
0.4296875,0.5390625,0.18093202065820083
0.4375,0.546875,0.1787225815471853
0.4453125,0.5546875,0.17650223962255887
0.453125,0.5625,0.17427113038212275
0.4609375,0.5703125,0.1720293899786461
0.46875,0.578125,0.16977715521156408
0.4765625,0.5859375,0.16751456351863755
0.484375,0.59375,0.16524175296757496
0.4921875,0.6015625,0.162958862247617
0.5,0.609375,0.16066603066108318
0.5078125,0.6171875,0.15836339811488306
0.515625,0.625,0.1560511051119906
0.5234375,0.6328125,0.15372929274288358
0.53125,0.640625,0.15139810267694728
0.5390625,0.6484375,0.14905767715384402
0.546875,0.65625,0.1467081589748484
0.5546875,0.6640625,0.14434969149414859
0.5625,0.671875,0.14198241861011526
0.5703125,0.6796875,0.13960648475653734
0.578125,0.6875,0.13722203489382565
0.5859375,0.6953125,0.13482921450018506
0.59375,0.703125,0.1324281695627555
0.6015625,0.7109375,0.13001904656872268
0.609375,0.71875,0.127601992496398
0.6171875,0.7265625,0.12517715480627006
0.625,0.734375,0.12274468143202627
0.6328125,0.7421875,0.12030472077154672
0.640625,0.75,0.11785742167786976
0.6484375,0.7578125,0.11540293345013097
0.65625,0.765625,0.1129414058244748
0.6640625,0.7734375,0.11047298896494098
0.671875,0.78125,0.10799783345432507
0.6796875,0.7890625,0.10551609028501512
0.6875,0.796875,0.10302791084980353
0.6953125,0.8046875,0.10053344693267677
0.703125,0.8125,0.09803285069958233
0.7109375,0.8203125,0.09552627468917488
0.71875,0.828125,0.093013871803542
0.7265625,0.8359375,0.09049579529891096
0.734375,0.84375,0.08797219877633802
0.7421875,0.8515625,0.08544323617238243
0.75,0.859375,0.08290906174976516
0.7578125,0.8671875,0.0803698300880174
0.765625,0.875,0.07782569607411988
0.7734375,0.8828125,0.07527681489313726
0.78125,0.890625,0.07272334201885268
0.7890625,0.8984375,0.07016543320440817
0.796875,0.90625,0.06760324447295885
0.8046875,0.9140625,0.06503693210835124
0.8125,0.921875,0.06246665264584028
0.8203125,0.9296875,0.059892562862862916
0.828125,0.9375,0.05731481976989342
0.8359375,0.9453125,0.05473358060141491
0.84375,0.953125,0.05214900280705213
0.8515625,0.9609375,0.049561244042928
0.859375,0.96875,0.046970462163325635
0.8671875,0.9765625,0.04437681521276279
0.875,0.984375,0.041780461418610415
0.8828125,0.9921875,0.039181559184401804
0.890625,1.0,0.03658026708395779
0.0,0.1015625,0.2820134843322261
0.0078125,0.109375,0.2805898971170594
0.015625,0.1171875,0.27914918714759923
0.0234375,0.125,0.2776914425898486
0.03125,0.1328125,0.27621675260487644
0.0390625,0.140625,0.2747252073528119
0.046875,0.1484375,0.2732168979967175
0.0546875,0.15625,0.2716919167045159
0.0625,0.1640625,0.2701503566488415
0.0703125,0.171875,0.268592312005184
0.078125,0.1796875,0.2670178779487558
0.0859375,0.1875,0.2654271506504416
0.09375,0.1953125,0.2638202272720969
0.1015625,0.203125,0.2621972059613855
0.109375,0.2109375,0.26055818584628593
0.1171875,0.21875,0.2589032670293532
0.125,0.2265625,0.2572325505818026
0.1328125,0.234375,0.25554613853744834
0.140625,0.2421875,0.25384413388653054
0.1484375,0.25,0.2521266405694461
0.15625,0.2578125,0.25039376347039954
0.1640625,0.265625,0.24864560841097946
0.171875,0.2734375,0.2468822821436694
0.1796875,0.28125,0.24510389234529484
0.1875,0.2890625,0.24331054761041218
0.1953125,0.296875,0.24150235744464058
0.203125,0.3046875,0.23967943225793734
0.2109375,0.3125,0.23784188335781947
0.21875,0.3203125,0.23598982294253174
0.2265625,0.328125,0.23412336409416198
0.234375,0.3359375,0.23224262077170474
0.2421875,0.34375,0.23034770780407213
0.25,0.3515625,0.22843874088305477
0.2578125,0.359375,0.22651583655623161
0.265625,0.3671875,0.2245791122198287
0.2734375,0.375,0.22262868611152944
0.28125,0.3828125,0.22066467730323364
0.2890625,0.390625,0.21868720569376862
0.296875,0.3984375,0.21669639200155166
0.3046875,0.40625,0.2146923577572024
0.3125,0.4140625,0.21267522529610927
0.3203125,0.421875,0.2106451177509473
0.328125,0.4296875,0.2086021590441485
0.3359375,0.4375,0.20654647388032643
0.34375,0.4453125,0.20447818773865337
0.3515625,0.453125,0.20239742686519252
0.359375,0.4609375,0.20030431826518397
0.3671875,0.46875,0.19819898969528627
0.375,0.4765625,0.19608156965577295
0.3828125,0.484375,0.19395218738268544
0.390625,0.4921875,0.19181097283994133
0.3984375,0.5,0.18965805671140062
0.40625,0.5078125,0.18749357039288866
0.4140625,0.515625,0.18531764598417638
0.421875,0.5234375,0.1831304162809204
0.4296875,0.53125,0.18093201476655826
0.4375,0.5390625,0.17872257560416782
0.4453125,0.546875,0.1765022336282817
0.453125,0.5546875,0.1742711243366645
0.4609375,0.5625,0.17202938388204933
0.46875,0.5703125,0.16977714906383629
0.4765625,0.578125,0.16751455731975146
0.484375,0.5859375,0.16524174671746908
0.4921875,0.59375,0.16295885594619502
0.5,0.6015625,0.16066602430821408
0.5078125,0.609375,0.15836339171040004
0.515625,0.6171875,0.1560510986556905
0.5234375,0.625,0.15372928623452517
0.53125,0.6328125,0.1513980961162498
0.5390625,0.640625,0.1490576705404851
0.546875,0.6484375,0.1467081523084618
0.5546875,0.65625,0.14434968477432128
0.5625,0.6640625,0.14198241183638421
0.5703125,0.671875,0.1396064779283857
0.578125,0.6796875,0.13722202801067881
0.5859375,0.6875,0.1348292075614058
0.59375,0.6953125,0.13242816256763879
0.6015625,0.703125,0.1300190395164896
0.609375,0.7109375,0.12760198538618972
0.6171875,0.71875,0.12517714763713977
0.625,0.7265625,0.12274467420293148
0.6328125,0.734375,0.12030471348133998
0.640625,0.7421875,0.11785741432528847
0.6484375,0.75,0.11540292603378588
0.65625,0.7578125,0.11294139834283726
0.6640625,0.765625,0.1104729814163284
0.671875,0.7734375,0.10799782583688464
0.6796875,0.78125,0.10551608259670499
0.6875,0.7890625,0.10302790308837219
0.6953125,0.796875,0.10053343909563879
0.703125,0.8046875,0.09803284278419105
0.7109375,0.8125,0.09552626669239071
0.71875,0.8203125,0.09301386372199599
0.7265625,0.828125,0.09049578712886269
0.734375,0.8359375,0.08797219051362654
0.7421875,0.84375,0.08544322781236867
0.75,0.8515625,0.08290905328726493
0.7578125,0.859375,0.08036982151722183
0.765625,0.8671875,0.07782568738850155
0.7734375,0.875,0.07527680608533839
0.78125,0.8828125,0.07272333308055125
0.7890625,0.890625,0.07016542412615714
0.796875,0.8984375,0.06760323524399174
0.8046875,0.90625,0.06503692271634641
0.8125,0.9140625,0.062466643076633084
0.8203125,0.921875,0.059892553100092706
0.828125,0.9296875,0.05731480979456953
0.8359375,0.9375,0.054733570391380514
0.84375,0.9453125,0.052148992336321774
0.8515625,0.953125,0.04956123328086908
0.859375,0.9609375,0.04697045107365234
0.8671875,0.96875,0.04437680375231386
0.875,0.9765625,0.041780449535897386
0.8828125,0.984375,0.039181546817958976
0.890625,0.9921875,0.03658025416062466
0.8984375,1.0,0.03397673028980505
0.0,0.09375,0.2820134844014004
0.0078125,0.1015625,0.2805898971151632
0.015625,0.109375,0.2791491869616919
0.0234375,0.1171875,0.27769144216272995
0.03125,0.125,0.27621675191346207
0.0390625,0.1328125,0.27472520639360987
0.046875,0.140625,0.27321689677682687
0.0546875,0.1484375,0.2716919152362914
0.0625,0.15625,0.27015035494682754
0.0703125,0.1640625,0.2685923100844095
0.078125,0.171875,0.2670178758238248
0.0859375,0.1796875,0.2654271483350837
0.09375,0.1875,0.2638202247789792
0.1015625,0.1953125,0.26219720330206914
0.109375,0.203125,0.2605581830312582
0.1171875,0.2109375,0.2589032640681001
0.125,0.21875,0.25723254748289376
0.1328125,0.2265625,0.2555461353086283
0.140625,0.234375,0.2538441305348046
0.1484375,0.2421875,0.2521266371011618
0.15625,0.25,0.25039375989131907
0.1640625,0.2578125,0.24864560472634473
0.171875,0.265625,0.2468822783582591
0.1796875,0.2734375,0.2451038884634756
0.1875,0.28125,0.2433105436361825
0.1953125,0.2890625,0.24150235338166912
0.203125,0.296875,0.23967942810959678
0.2109375,0.3046875,0.23784187912721597
0.21875,0.3125,0.23598981863253063
0.2265625,0.3203125,0.23412335970741044
0.234375,0.328125,0.23224261631065102
0.2421875,0.3359375,0.23034770327098336
0.25,0.34375,0.22843873628003214
0.2578125,0.3515625,0.2265158318852234
0.265625,0.359375,0.22457910748264262
0.2734375,0.3671875,0.22262868130984284
0.28125,0.375,0.22066467243860316
0.2890625,0.3828125,0.21868720076763884
0.296875,0.390625,0.21669638701526153
0.3046875,0.3984375,0.2146923527119933
0.3125,0.40625,0.21267522019313034
0.3203125,0.4140625,0.21064511259126115
0.328125,0.421875,0.2086021538287364
0.3359375,0.4296875,0.20654646861009265
0.34375,0.4375,0.20447818241442967
0.3515625,0.4453125,0.20239742148774192
0.359375,0.453125,0.20030431283520453
0.3671875,0.4609375,0.19819898421341434
0.375,0.46875,0.19608156412258604
0.3828125,0.4765625,0.19395218179870552
0.390625,0.484375,0.19181096720563748
0.3984375,0.4921875,0.18965805102719122
0.40625,0.5,0.18749356465914413
0.4140625,0.5078125,0.1853176402012213
0.421875,0.515625,0.18313041044903489
0.4296875,0.5234375,0.180932008885981
0.4375,0.53125,0.17872256967509628
0.4453125,0.5390625,0.17650222765087475
0.453125,0.546875,0.17427111831104292
0.4609375,0.5546875,0.17202937780829736
0.46875,0.5625,0.169777142942002
0.4765625,0.5703125,0.16751455114984784
0.484375,0.578125,0.16524174049947393
0.4921875,0.5859375,0.16295884968005153
0.5,0.59375,0.16066601799383065
0.5078125,0.6015625,0.15836338534764968
0.515625,0.609375,0.1560510922444101
0.5234375,0.6171875,0.15372927977451498
0.53125,0.625,0.1513980896072717
0.5390625,0.6328125,0.1490576639822612
0.546875,0.640625,0.14670814570067223
0.5546875,0.6484375,0.1443496781166023
0.5625,0.65625,0.14198240512832538
0.5703125,0.6640625,0.13960647116952649
0.578125,0.671875,0.13722202120050525
0.5859375,0.6796875,0.13482920069934637
0.59375,0.6875,0.1324281556530601
0.6015625,0.6953125,0.13001903254869107
0.609375,0.703125,0.12760197836439777
0.6171875,0.7109375,0.12517714056050167
0.625,0.71875,0.1227446670705082
0.6328125,0.7265625,0.12030470629209777
0.640625,0.734375,0.1178574070780904
0.6484375,0.7421875,0.11540291872738132
0.65625,0.75,0.11294139097585082
0.6640625,0.7578125,0.11047297398724697
0.671875,0.765625,0.10799781834404318
0.6796875,0.7734375,0.10551607503826989
0.6875,0.78125,0.10302789546232276
0.6953125,0.7890625,0.100533431399746
0.703125,0.796875,0.09803283501599327
0.7109375,0.8046875,0.09552625884916564
0.71875,0.8125,0.09301385580072839
0.7265625,0.8203125,0.09049577912620704
0.734375,0.828125,0.08797218242586335
0.7421875,0.8359375,0.08544321963535362
0.75,0.84375,0.08290904501636913
0.7578125,0.8515625,0.08036981314726119
0.765625,0.859375,0.07782567891365298
0.7734375,0.8671875,0.07527679749904026
0.78125,0.875,0.07272332437538376
0.7890625,0.8828125,0.07016541529369823
0.796875,0.890625,0.06760322627464264
0.8046875,0.8984375,0.06503691359911884
0.8125,0.90625,0.062466633798888414
0.8203125,0.9140625,0.05989254364722043
0.828125,0.921875,0.057314800149588306
0.8359375,0.9296875,0.0547335605344409
0.84375,0.9375,0.052148982244083326
0.8515625,0.9453125,0.04956122292571764
0.859375,0.953125,0.046970440422715594
0.8671875,0.9609375,0.04437679276622613
0.875,0.96875,0.04178043816726405
0.8828125,0.9765625,0.03918153500948558
0.890625,0.984375,0.03658024184292916
0.8984375,0.9921875,0.03397671737907083
0.90625,1.0,0.0313711204875521
0.0,0.0859375,0.2820134845589181
0.0078125,0.09375,0.28058989724689526
0.015625,0.1015625,0.27914918690880813
0.0234375,0.109375,0.2776914418487329
0.03125,0.1171875,0.27621675130940726
0.0390625,0.125,0.27472520549628976
0.046875,0.1328125,0.27321689559607915
0.0546875,0.140625,0.27169191378790947
0.0625,0.1484375,0.27015035324872294
0.0703125,0.15625,0.26859230815460666
0.078125,0.1640625,0.2670178736794734
0.0859375,0.171875,0.2654271459920257
0.09375,0.1796875,0.26382022225161256
0.1015625,0.1875,0.2621972006033641
0.109375,0.1953125,0.2605581801728488
0.1171875,0.203125,0.2589032610604039
0.125,0.2109375,0.2572325443352412
0.1328125,0.21875,0.25554613202938564
0.140625,0.2265625,0.25384412713148985
0.1484375,0.234375,0.252126633580546
0.15625,0.2421875,0.2503937562595171
0.1640625,0.25,0.2486456009888946
0.171875,0.2578125,0.24688227452019026
0.1796875,0.265625,0.2451038845293684
0.1875,0.2734375,0.24331053961021934
0.1953125,0.28125,0.24150234926767894
0.203125,0.2890625,0.23967942391109331
0.2109375,0.296875,0.2378418748474306
0.21875,0.3046875,0.23598981427444143
0.2265625,0.3125,0.23412335527376668
0.234375,0.3203125,0.23224261180399539
0.2421875,0.328125,0.23034769869367028
0.25,0.3359375,0.2284387316342443
0.2578125,0.34375,0.2265158271729868
0.265625,0.3515625,0.2245791027058387
0.2734375,0.359375,0.22262867647021983
0.28125,0.3671875,0.22066466753778624
0.2890625,0.375,0.2186871958071385
0.296875,0.3828125,0.21669638199648214
0.3046875,0.390625,0.2146923476362391
0.3125,0.3984375,0.2126752150616125
0.3203125,0.40625,0.2106451074051032
0.328125,0.4140625,0.20860214858897935
0.3359375,0.421875,0.20654646331769977
0.34375,0.4296875,0.2044781770702906
0.3515625,0.4375,0.20239741609267667
0.359375,0.4453125,0.20030430738996702
0.3671875,0.453125,0.19819897871869582
0.375,0.4609375,0.19608155857901827
0.3828125,0.46875,0.19395217620686328
0.390625,0.4765625,0.1918109615660416
0.3984375,0.484375,0.18965804534031117
0.40625,0.4921875,0.1874935589253997
0.4140625,0.5,0.1853176344209854
0.421875,0.5078125,0.18313040462263513
0.4296875,0.515625,0.1809320030137018
0.4375,0.5234375,0.17872256375718049
0.4453125,0.53125,0.17650222168752483
0.453125,0.5390625,0.17427111230242273
0.4609375,0.546875,0.17202937175453287
0.46875,0.5546875,0.16977713684318252
0.4765625,0.5625,0.16751454500602672
0.484375,0.5703125,0.1652417343106691
0.4921875,0.578125,0.16295884344624575
0.5,0.5859375,0.1606660117149715
0.5078125,0.59375,0.15836337902364991
0.515625,0.6015625,0.15605108587514704
0.5234375,0.609375,0.1537292733598295
0.53125,0.6171875,0.1513980831469677
0.5390625,0.625,0.1490576574761044
0.546875,0.6328125,0.14670813914838826
0.5546875,0.640625,0.14434967151787528
0.5625,0.6484375,0.14198239848279537
0.5703125,0.65625,0.1396064644767873
0.578125,0.6640625,0.1372220144601011
0.5859375,0.671875,0.13482919391076867
0.59375,0.6796875,0.13242814881574355
0.6015625,0.6875,0.13001902566200932
0.609375,0.6953125,0.12760197142765853
0.6171875,0.703125,0.12517713357294133
0.625,0.7109375,0.12274466003128529
0.6328125,0.71875,0.1203046992002863
0.640625,0.7265625,0.11785739993267191
0.6484375,0.734375,0.11540291152723625
0.65625,0.7421875,0.11294138371974839
0.6640625,0.75,0.1104729666738342
0.671875,0.7578125,0.10799781097183223
0.6796875,0.765625,0.10551606760562374
0.6875,0.7734375,0.10302788796743885
0.6953125,0.78125,0.10053342384063746
0.703125,0.7890625,0.09803282739046801
0.7109375,0.796875,0.09552625115480146
0.71875,0.8046875,0.09301384803484478
0.7265625,0.8125,0.09049577128583224
0.734375,0.8203125,0.08797217450769644
0.7421875,0.828125,0.0854432116357194
0.75,0.8359375,0.08290903693116577
0.7578125,0.84375,0.08036980497189826
0.765625,0.8515625,0.07782567064297786
0.7734375,0.859375,0.0752767891272502
0.78125,0.8671875,0.07272331589592056
0.7890625,0.875,0.07016540669912105
0.796875,0.8828125,0.06760321755647376
0.8046875,0.890625,0.06503690474765493
0.8125,0.8984375,0.0624666248029683
0.8203125,0.90625,0.05989253449393796
0.828125,0.9140625,0.05731479082393375
0.8359375,0.921875,0.05473355101885104
0.84375,0.9296875,0.052148972517872295
0.8515625,0.9375,0.04956121296435316
0.859375,0.9453125,0.0469704301968932
0.8671875,0.953125,0.0443767822406813
0.875,0.9609375,0.041780427299248024
0.8828125,0.96875,0.03918152374682143
0.890625,0.9765625,0.03658023012157357
0.8984375,0.984375,0.03397670512016934
0.90625,0.9921875,0.03137110759416692
0.9140625,1.0,0.02876359654888918
0.0,0.078125,0.2820134848497901
0.0078125,0.0859375,0.28058989757222813
0.015625,0.09375,0.2791491870431085
0.0234375,0.1015625,0.27769144169069376
0.03125,0.109375,0.2762167508244927
0.0390625,0.1171875,0.2747252046835444
0.046875,0.125,0.27321689447020575
0.0546875,0.1328125,0.2716919123699474
0.0625,0.140625,0.27015035156135253
0.0703125,0.1484375,0.26859230621989294
0.078125,0.15625,0.2670178715178749
0.0859375,0.1640625,0.2654271436220488
0.09375,0.171875,0.2638202196897839
0.1015625,0.1796875,0.262197197864351
0.109375,0.1875,0.2605581772696369
0.1171875,0.1953125,0.25890325800449254
0.125,0.203125,0.25723254113682836
0.1328125,0.2109375,0.25554612869753807
0.140625,0.21875,0.25384412367429293
0.1484375,0.2265625,0.2521266300052344
0.15625,0.234375,0.2503937525725871
0.1640625,0.2421875,0.24864559719620022
0.171875,0.25,0.24688227062702492
0.1796875,0.2578125,0.24510388054053522
0.1875,0.265625,0.2433105355300907
0.1953125,0.2734375,0.2415023451002473
0.203125,0.28125,0.2396794196600145
0.2109375,0.2890625,0.23784187051606176
0.21875,0.296875,0.23598980986587223
0.2265625,0.3046875,0.2341233507908478
0.234375,0.3125,0.23224260724936113
0.2421875,0.3203125,0.23034769406976047
0.25,0.328125,0.22843872694332146
0.2578125,0.3359375,0.2265158224171518
0.265625,0.34375,0.22457909788704428
0.2734375,0.3515625,0.22262867159028288
0.28125,0.359375,0.22066466259839798
0.2890625,0.3671875,0.21868719080987378
0.296875,0.375,0.21669637694280763
0.3046875,0.3828125,0.2146923425275207
0.3125,0.390625,0.2126752098991216
0.3203125,0.3984375,0.2106451021900226
0.328125,0.40625,0.2086021433224084
0.3359375,0.4140625,0.2065464580006593
0.34375,0.421875,0.20447817170372704
0.3515625,0.4296875,0.20239741067746606
0.359375,0.4375,0.20030430192691845
0.3671875,0.4453125,0.198198973208555
0.375,0.453125,0.19608155302247032
0.3828125,0.4609375,0.19395217060453573
0.390625,0.46875,0.19181095591850691
0.3984375,0.4765625,0.1896580396480892
0.40625,0.484375,0.18749355318896005
0.4140625,0.4921875,0.18531762864074952
0.421875,0.5,0.18313039879897805
0.4296875,0.5078125,0.1809319971469544
0.4375,0.515625,0.17872255784763086
0.4453125,0.5234375,0.1765022157354198
0.453125,0.53125,0.17427110630796913
0.4609375,0.5390625,0.17202936571789929
0.46875,0.546875,0.16977713076449968
0.4765625,0.5546875,0.16751453888538875
0.484375,0.5625,0.16524172814813412
0.4921875,0.5703125,0.1629588372418363
0.5,0.578125,0.1606660054686749
0.5078125,0.5859375,0.1583633727354185
0.515625,0.59375,0.15605107954489786
0.5234375,0.6015625,0.15372926698744419
0.53125,0.609375,0.15139807673229158
0.5390625,0.6171875,0.14905765101894572
0.546875,0.625,0.1467081326485172
0.5546875,0.6328125,0.14434966497502238
0.5625,0.640625,0.14198239189664974
0.5703125,0.6484375,0.13960645784699488
0.578125,0.65625,0.13722200778626176
0.5859375,0.6640625,0.13482918719243395
0.59375,0.671875,0.13242814205241304
0.6015625,0.6796875,0.1300190188531274
0.609375,0.6875,0.1276019645726096
0.6171875,0.6953125,0.12517712667104586
0.625,0.703125,0.12274465308179419
0.6328125,0.7109375,0.12030469220237514
0.640625,0.71875,0.11785739288543388
0.6484375,0.7265625,0.11540290442967509
0.65625,0.734375,0.11294137657076961
0.6640625,0.7421875,0.11047295947223551
0.671875,0.75,0.10799780371629247
0.6796875,0.7578125,0.10551606029469089
0.6875,0.765625,0.10302788059951552
0.6953125,0.7734375,0.10053341641396518
0.703125,0.78125,0.09803281990310814
0.7109375,0.7890625,0.09552624360461451
0.71875,0.796875,0.09301384041946562
0.7265625,0.8046875,0.0904957636026417
0.734375,0.8125,0.08797216675378793
0.7421875,0.8203125,0.0854432038078605
0.75,0.828125,0.08290902902575233
0.7578125,0.8359375,0.08036979698490077
0.765625,0.84375,0.07782566256987744
0.7734375,0.8515625,0.07527678096296239
0.78125,0.859375,0.07272330763470382
0.7890625,0.8671875,0.07016539833446613
0.796875,0.875,0.06760320908096908
0.8046875,0.8828125,0.06503689615282225
0.8125,0.890625,0.062466616079060046
0.8203125,0.8984375,0.059892525629684966
0.828125,0.90625,0.05731478180623025
0.8359375,0.9140625,0.05473354183235679
0.84375,0.921875,0.05214896314450635
0.8515625,0.9296875,0.049561203382644324
0.859375,0.9375,0.04697042038113961
0.8671875,0.9453125,0.04437677215985514
0.875,0.953125,0.04178041691555918
0.8828125,0.9609375,0.039181513013827954
0.890625,0.96875,0.03658021898170189
0.8984375,0.9765625,0.03397669350150014
0.90625,0.984375,0.031371095406405314
0.9140625,0.9921875,0.02876358367869717
0.921875,1.0,0.02615431745172762
0.0,0.0703125,0.2820134853486932
0.0078125,0.078125,0.28058989818368407
0.015625,0.0859375,0.27914918744370193
0.0234375,0.09375,0.2776914417484314
0.03125,0.1015625,0.27621675050147526
0.0390625,0.109375,0.2747252039849725
0.046875,0.1171875,0.2732168934192084
0.0546875,0.125,0.2716919109955772
0.0625,0.1328125,0.2701503498930812
0.0703125,0.140625,0.26859230428526376
0.078125,0.1484375,0.2670178693416669
0.0859375,0.15625,0.26542714122614175
0.09375,0.1640625,0.26382021709333053
0.1015625,0.171875,0.26219719508406447
0.109375,0.1796875,0.260558174320103
0.1171875,0.1875,0.25890325489846555
0.125,0.1953125,0.2572325378854976
0.1328125,0.203125,0.2555461253107577
0.140625,0.2109375,0.25384412016077795
0.1484375,0.21875,0.25212662637272654
0.15625,0.2265625,0.2503937488279943
0.1640625,0.234375,0.24864559334571312
0.171875,0.2421875,0.24688226667621518
0.1796875,0.25,0.24510387649443766
0.1875,0.2578125,0.2433105313932728
0.1953125,0.265625,0.24150234087686775
0.203125,0.2734375,0.2396794153538726
0.2109375,0.28125,0.23784186613063948
0.21875,0.2890625,0.23598980540437006
0.2265625,0.296875,0.23412334625621492
0.234375,0.3046875,0.2322426026443224
0.2421875,0.3125,0.23034768939683778
0.25,0.3203125,0.22843872220485417
0.2578125,0.328125,0.22651581761531295
0.265625,0.3359375,0.22457909302385548
0.2734375,0.34375,0.22262866666762682
0.28125,0.3515625,0.2206646576180292
0.2890625,0.359375,0.21868718577342902
0.296875,0.3671875,0.21669637185181392
0.3046875,0.375,0.21469233738340301
0.3125,0.3828125,0.2126752047032096
0.3203125,0.390625,0.2106450969435565
0.328125,0.3984375,0.20860213802654445
0.3359375,0.40625,0.2065464526564743
0.34375,0.4140625,0.20447816631222293
0.3515625,0.421875,0.2023974052395739
0.359375,0.4296875,0.2003042964435015
0.3671875,0.4375,0.1981989676804125
0.375,0.4453125,0.1960815474503404
0.3828125,0.453125,0.19395216498909787
0.390625,0.4609375,0.19181095026038497
0.3984375,0.46875,0.18965803394785344
0.40625,0.4765625,0.1874935474471297
0.4140625,0.484375,0.18531762285779432
0.421875,0.4921875,0.1831303929753211
0.4296875,0.5,0.18093199128297285
0.4375,0.5078125,0.17872255194365838
0.4453125,0.515625,0.17650220979174772
0.453125,0.5234375,0.17427110032484816
0.4609375,0.53125,0.1720293596955405
0.46875,0.5390625,0.1697771247030757
0.4765625,0.546875,0.1675145327850348
0.484375,0.5546875,0.16524172200894877
0.4921875,0.5625,0.16295883106388206
0.5,0.5703125,0.16066599925197897
0.5078125,0.578125,0.15836336647997268
0.515625,0.5859375,0.156051073250659
0.5234375,0.59375,0.15372926065433404
0.53125,0.6015625,0.15139807036019642
0.5390625,0.609375,0.14905764460771567
0.546875,0.6171875,0.14670812619796586
0.5546875,0.625,0.14434965848492534
0.5625,0.6328125,0.14198238536674368
0.5703125,0.640625,0.13960645127697574
0.578125,0.6484375,0.13722200117578306
0.5859375,0.65625,0.13482918054110443
0.59375,0.6640625,0.13242813535979406
0.6015625,0.671875,0.13001901211872988
0.609375,0.6796875,0.12760195779589123
0.6171875,0.6875,0.12517711985140623
0.625,0.6953125,0.12274464621857117
0.6328125,0.703125,0.12030468529483962
0.640625,0.7109375,0.11785738593278437
0.6484375,0.71875,0.11540289743103099
0.65625,0.7265625,0.11294136952516426
0.6640625,0.734375,0.11047295237860794
0.671875,0.7421875,0.10799779657347815
0.6796875,0.75,0.10551605310141117
0.6875,0.7578125,0.10302787335436556
0.6953125,0.765625,0.10053340911540022
0.703125,0.7734375,0.0980328125494278
0.7109375,0.78125,0.09552623619394443
0.71875,0.7890625,0.09301383294973654
0.7265625,0.796875,0.09049575607156507
0.734375,0.8046875,0.08797215915882779
0.7421875,0.8125,0.08544319614619984
0.75,0.8203125,0.0829090212942545
0.7578125,0.828125,0.0803697891800631
0.765625,0.8359375,0.07782565468777689
0.7734375,0.84375,0.07527677299919004
0.78125,0.8515625,0.07272329958428655
0.7890625,0.859375,0.07016539019177202
0.796875,0.8671875,0.06760320083959219
0.8046875,0.875,0.06503688780544159
0.8125,0.8828125,0.062466607617265475
0.8203125,0.890625,0.05989251704376084
0.828125,0.8984375,0.0573147730848838
0.8359375,0.90625,0.054733532962374445
0.84375,0.9140625,0.05214895411031458
0.8515625,0.921875,0.04956119416574303
0.859375,0.9296875,0.0469704109593635
0.8671875,0.9375,0.04437676250640049
0.875,0.9453125,0.041780406997689326
0.8828125,0.953125,0.03918150279113456
0.890625,0.9609375,0.03658020840375409
0.8984375,0.96875,0.033976682504658316
0.90625,0.9765625,0.0313710839095339
0.9140625,0.984375,0.028763571577549957
0.921875,0.9921875,0.026154304612114997
0.9296875,1.0,0.02354344226745684
0.0,0.0625,0.28201348618587435
0.0078125,0.0703125,0.28058989922853705
0.015625,0.078125,0.2791491882284151
0.0234375,0.0859375,0.27769144210641716
0.03125,0.09375,0.2762167503981586
0.0390625,0.1015625,0.274725203439177
0.046875,0.109375,0.27321689246840475
0.0546875,0.1171875,0.2716919096810613
0.0625,0.125,0.270150348254024
0.0703125,0.1328125,0.2685923023566593
0.078125,0.140625,0.26701786715394776
0.0859375,0.1484375,0.26542713880546576
0.09375,0.15625,0.2638202144620929
0.1015625,0.1640625,0.2621971922614466
0.109375,0.171875,0.26055817132258113
0.1171875,0.1796875,0.2589032517402516
0.125,0.1875,0.25723253457891176
0.1328125,0.1953125,0.2555461218665389
0.140625,0.203125,0.25384411658833816
0.1484375,0.2109375,0.2521266226803614
0.15625,0.21875,0.25039374502305484
0.1640625,0.2265625,0.24864558943474807
0.171875,0.234375,0.24688226266508814
0.1796875,0.2421875,0.24510387238842365
0.1875,0.25,0.24331052719713928
0.1953125,0.2578125,0.24150233659494155
0.203125,0.265625,0.2396794109900966
0.2109375,0.2734375,0.23784186168861932
0.21875,0.28125,0.23598980088741456
0.2265625,0.2890625,0.23412334166736998
0.234375,0.296875,0.2322425979863992
0.2421875,0.3046875,0.2303476846724381
0.25,0.3125,0.2284387174163906
0.2578125,0.3203125,0.22651581276502758
0.265625,0.328125,0.22457908811383517
0.2734375,0.3359375,0.22262866169981702
0.28125,0.34375,0.22066465259424498
0.2890625,0.3515625,0.21868718069536586
0.296875,0.359375,0.21669636672105677
0.3046875,0.3671875,0.21469233220143355
0.3125,0.375,0.21267519947141347
0.3203125,0.3828125,0.21064509166322942
0.328125,0.390625,0.20860213269889735
0.3359375,0.3984375,0.20654644728263866
0.34375,0.40625,0.20447816089325468
0.3515625,0.4140625,0.20239739977645746
0.359375,0.421875,0.20030429093715363
0.3671875,0.4296875,0.19819896213168495
0.375,0.4375,0.1960815418600233
0.3828125,0.4453125,0.19395215935792248
0.390625,0.453125,0.1918109445890257
0.3984375,0.4609375,0.18965802823693081
0.40625,0.46875,0.18749354169721227
0.4140625,0.4765625,0.1853176170694007
0.421875,0.484375,0.18313038714892135
0.4296875,0.4921875,0.18093198541899128
0.4375,0.5,0.17872254604247437
0.4453125,0.5078125,0.1765022038536976
0.453125,0.515625,0.1742710943502263
0.4609375,0.5234375,0.1720293536846009
0.46875,0.53125,0.1697771186560333
0.4765625,0.5390625,0.167514526702066
0.484375,0.546875,0.16524171589019307
0.4921875,0.5546875,0.16295882490944227
0.5,0.5625,0.1606659930619219
0.5078125,0.5703125,0.15836336025432993
0.515625,0.578125,0.15605106698942686
0.5234375,0.5859375,0.153729254357474
0.53125,0.59375,0.1513980640276352
0.5390625,0.6015625,0.14905763823934481
0.546875,0.609375,0.1467081197936411
0.5546875,0.6171875,0.14434965204446643
0.5625,0.625,0.14198237888993304
0.5703125,0.6328125,0.1396064447635577
0.578125,0.640625,0.1372219946254623
0.5859375,0.6484375,0.1348291739535443
0.59375,0.65625,0.13242812873461457
0.6015625,0.6640625,0.1300190054555055
0.609375,0.671875,0.12760195109414793
0.6171875,0.6796875,0.12517711311061877
0.625,0.6875,0.12274463943815904
0.6328125,0.6953125,0.12030467847416351
0.640625,0.703125,0.11785737907114102
0.6484375,0.7109375,0.11540289052764835
0.65625,0.71875,0.11294136257919526
0.6640625,0.7265625,0.11047294538912385
0.671875,0.734375,0.10799778953946079
0.6796875,0.7421875,0.10551604602174401
0.6875,0.75,0.10302786622782373
0.6953125,0.7578125,0.10053340194063891
0.703125,0.765625,0.09803280532496889
0.7109375,0.7734375,0.09552622891816136
0.71875,0.78125,0.09301382562083665
0.7265625,0.7890625,0.09049574868756893
0.734375,0.796875,0.0879721517175453
0.7421875,0.8046875,0.08544318864520256
0.75,0.8125,0.08290901373084245
0.7578125,0.8203125,0.0803697815512262
0.765625,0.828125,0.07782564699014878
0.7734375,0.8359375,0.07527676522899322
0.78125,0.84375,0.07272329173726635
0.7890625,0.8515625,0.07016538226311711
0.796875,0.859375,0.06760319282383745
0.8046875,0.8671875,0.06503687969634951
0.8125,0.875,0.06246659940767965
0.8203125,0.8828125,0.059892508725423725
0.828125,0.890625,0.05731476464820772
0.8359375,0.8984375,0.054733524396151464
0.84375,0.90625,0.052148945401345154
0.8515625,0.9140625,0.04956118529835482
0.859375,0.921875,0.04697040191478173
0.8671875,0.9296875,0.044376753261912934
0.875,0.9375,0.041780397525524864
0.8828125,0.9453125,0.03918149305693754
0.890625,0.953125,0.036580198364481405
0.8984375,0.9609375,0.03397667210564809
0.90625,0.96875,0.03137107308038638
0.9140625,0.9765625,0.028763560226341772
0.921875,0.984375,0.02615429261742394
0.9296875,0.9921875,0.02354342946805793
0.9375,1.0,0.020931130146783515
0.0,0.0546875,0.28201348760220374
0.0078125,0.0625,0.28058990094955083
0.015625,0.0703125,0.27914918957636864
0.0234375,0.078125,0.27769144288519576
0.03125,0.0859375,0.2762167505929477
0.0390625,0.09375,0.27472520309638726
0.046875,0.1015625,0.2732168916496171
0.0546875,0.109375,0.2716919084462463
0.0625,0.1171875,0.27015034665620996
0.0703125,0.125,0.2685923004409748
0.078125,0.1328125,0.26701786495822233
0.0859375,0.140625,0.26542713636127646
0.09375,0.1484375,0.26382021179583276
0.1015625,0.15625,0.2621971893952697
0.109375,0.1640625,0.2605581682751927
0.1171875,0.171875,0.2589032485275502
0.125,0.1796875,0.25723253121450534
0.1328125,0.1875,0.25554611836215685
0.140625,0.1953125,0.25384411295416187
0.1484375,0.203125,0.2521266189252884
0.15625,0.2109375,0.2503937411549119
0.1640625,0.21875,0.24864558546046292
0.171875,0.2265625,0.24688225859082896
0.1796875,0.234375,0.2451038682197134
0.1875,0.2421875,0.24331052293894884
0.1953125,0.25,0.24150233225176695
0.203125,0.2578125,0.23967940656602293
0.2109375,0.265625,0.23784185718737413
0.21875,0.2734375,0.23598979631241201
0.2265625,0.28125,0.23412333702174876
0.234375,0.2890625,0.23224259327305363
0.2421875,0.296875,0.23034767989404514
0.25,0.3046875,0.22843871257543263
0.2578125,0.3125,0.22651580786381162
0.265625,0.3203125,0.22457908315450986
0.2734375,0.328125,0.2226286566843865
0.28125,0.3359375,0.22066464752458198
0.2890625,0.34375,0.21868717557322173
0.296875,0.3515625,0.2166963615480705
0.3046875,0.359375,0.21469232697914123
0.3125,0.3671875,0.2126751942012541
0.3203125,0.375,0.21064508634655177
0.328125,0.3828125,0.20860212733696532
0.3359375,0.390625,0.20654644187663615
0.34375,0.3984375,0.20447815544429002
0.3515625,0.40625,0.20239739428556736
0.359375,0.4140625,0.20030428540530637
0.3671875,0.421875,0.19819895655978412
0.375,0.4296875,0.19608153624891028
0.3828125,0.4375,0.19395215370837915
0.390625,0.4453125,0.19181093890177703
0.3984375,0.453125,0.18965802251264696
0.40625,0.4609375,0.18749353593651072
0.4140625,0.46875,0.1853176112728482
0.421875,0.4765625,0.18313038131703607
0.4296875,0.484375,0.18093197955224402
0.4375,0.4921875,0.17872254014129035
0.4453125,0.5,0.1765021979184582
0.453125,0.5078125,0.17427108838127015
0.4609375,0.515625,0.1720293476822253
0.46875,0.5234375,0.16977711262049547
0.4765625,0.53125,0.1675145206335844
0.484375,0.5390625,0.16524170978894762
0.4921875,0.546875,0.16295881877557633
0.5,0.5546875,0.16066598689554223
0.5078125,0.5625,0.15836335405550758
0.515625,0.5703125,0.15605106075819788
0.5234375,0.578125,0.15372924809383942
0.53125,0.5859375,0.15139805773156154
0.5390625,0.59375,0.1490576319107639
0.546875,0.6015625,0.1467081134324506
0.5546875,0.609375,0.1443496456505286
0.5625,0.6171875,0.1419823724630749
0.5703125,0.625,0.13960643830357003
0.578125,0.6328125,0.13722198813209888
0.5859375,0.640625,0.13482916742652054
0.59375,0.6484375,0.1324281221736063
0.6015625,0.65625,0.1300189988601471
0.609375,0.6640625,0.12760194446403017
0.6171875,0.671875,0.12517710644528673
0.625,0.6796875,0.12274463273710909
0.6328125,0.6875,0.12030467173684
0.640625,0.6953125,0.11785737229693302
0.6484375,0.703125,0.11540288371588503
0.65625,0.7109375,0.11294135572914134
0.6640625,0.71875,0.11047293849997364
0.671875,0.7265625,0.10799778261033265
0.6796875,0.734375,0.10551603905167238
0.6875,0.7421875,0.10302785921575133
0.6953125,0.75,0.10053339488540704
0.703125,0.7578125,0.09803279822530654
0.7109375,0.765625,0.09552622177267263
0.71875,0.7734375,0.09301381842798614
0.7265625,0.78125,0.09049574144566475
0.734375,0.7890625,0.08797214442471946
0.7421875,0.796875,0.08544318129938777
0.75,0.8046875,0.08290900632974497
0.7578125,0.8125,0.08036977409229389
0.765625,0.8203125,0.07782563947053278
0.7734375,0.828125,0.07527675764550289
0.78125,0.8359375,0.07272328408631468
0.7890625,0.84375,0.07016537454065484
0.796875,0.8515625,0.06760318502527353
0.8046875,0.859375,0.06503687181645283
0.8125,0.8671875,0.06246659144045858
0.8203125,0.875,0.05989250066397588
0.828125,0.8828125,0.05731475648453148
0.8359375,0.890625,0.054733516120906836
0.84375,0.8984375,0.05214893700354756
0.8515625,0.90625,0.049561176764978246
0.859375,0.9140625,0.04697039323023757
0.8671875,0.921875,0.04437674440735728
0.875,0.9296875,0.04178038847792305
0.8828125,0.9375,0.03918148378778185
0.890625,0.9453125,0.03658018883800394
0.8984375,0.953125,0.03397666227628637
0.90625,0.9609375,0.031371062889129074
0.9140625,0.96875,0.028763549595380748
0.921875,0.9765625,0.026154281442261174
0.9296875,0.984375,0.02354341760594594
0.9375,0.9921875,0.020931117400648937
0.9453125,1.0,0.018317540303229657
0.0,0.046875,0.2820134900739171
0.0078125,0.0546875,0.28058990376237064
0.015625,0.0625,0.2791491917654339
0.0234375,0.0703125,0.27769144425826536
0.03125,0.078125,0.2762167511922182
0.0390625,0.0859375,0.27472520302156783
0.046875,0.09375,0.27321689100239027
0.0546875,0.1015625,0.2716919073149538
0.0625,0.109375,0.27015034511362185
0.0703125,0.1171875,0.26859229854596406
0.078125,0.125,0.26701786275826195
0.0859375,0.1328125,0.26542713389478245
0.09375,0.140625,0.26382020909410503
0.1015625,0.1484375,0.2621971864840253
0.109375,0.15625,0.2605581651757528
0.1171875,0.1640625,0.2589032452577557
0.125,0.171875,0.25723252778942085
0.1328125,0.1796875,0.25554611479461553
0.140625,0.1875,0.2538441092551888
0.1484375,0.1953125,0.25212661510443235
0.15625,0.203125,0.25039373722050645
0.1640625,0.2109375,0.24864558141983406
0.171875,0.21875,0.24688225445046091
0.1796875,0.2265625,0.24510386398538253
0.1875,0.234375,0.24331051861583125
0.1953125,0.2421875,0.24150232784452721
0.203125,0.25,0.23967940207888624
0.2109375,0.2578125,0.23784185262418597
0.21875,0.265625,0.23598979167668802
0.2265625,0.2734375,0.2341233323167155
0.234375,0.28125,0.2322425885016839
0.2421875,0.2890625,0.23034767505908646
0.25,0.296875,0.22843870767943217
0.2578125,0.3046875,0.22651580290913706
0.265625,0.3125,0.22457907814336703
0.2734375,0.3203125,0.22262865161883463
0.28125,0.328125,0.22066464240654687
0.2890625,0.3359375,0.21868717040450675
0.296875,0.34375,0.21669635633036655
0.3046875,0.3515625,0.21469232171403474
0.3125,0.359375,0.21267518889023493
0.3203125,0.3671875,0.2106450809910191
0.328125,0.375,0.20860212193823355
0.3359375,0.3828125,0.20654643643593962
0.34375,0.390625,0.2044781499627876
0.3515625,0.3984375,0.202397388764346
0.359375,0.40625,0.20030427984538515
0.3671875,0.4140625,0.19819895096211682
0.375,0.421875,0.1960815306143884
0.3828125,0.4296875,0.19395214803783453
0.390625,0.4375,0.1918109331959842
0.3984375,0.4453125,0.18965801677232527
0.40625,0.453125,0.1874935301623263
0.4140625,0.4609375,0.18531760546541612
0.421875,0.46875,0.18313037547692168
0.4296875,0.4765625,0.180931973679965
0.4375,0.484375,0.17872253423731793
0.4453125,0.4921875,0.17650219198321876
0.453125,0.5,0.17427108241514683
0.4609375,0.5078125,0.17202934168555892
0.46875,0.515625,0.16977710659358589
0.4765625,0.5234375,0.16751451457669178
0.484375,0.53125,0.16524170370229344
0.4921875,0.5390625,0.16295881265934412
0.5,0.546875,0.16066598074987895
0.5078125,0.5546875,0.15836334788052395
0.515625,0.5625,0.15605105455396914
0.5234375,0.5703125,0.153729241860406
0.53125,0.578125,0.1513980514689294
0.5390625,0.5859375,0.149057625618905
0.546875,0.59375,0.14670810711130305
0.5546875,0.6015625,0.14434963929999653
0.5625,0.609375,0.14198236608302825
0.5703125,0.6171875,0.1396064318938445
0.578125,0.625,0.13722198169249525
0.5859375,0.6328125,0.13482916095680408
0.59375,0.640625,0.13242811567350565
0.6015625,0.6484375,0.13001899232935332
0.609375,0.65625,0.12760193790219518
0.6171875,0.6640625,0.1251770998520216
0.625,0.671875,0.12274462611198209
0.6328125,0.6796875,0.12030466507937407
0.640625,0.6875,0.11785736560660301
0.6484375,0.6953125,0.1154028769921145
0.65625,0.703125,0.11294134897129876
0.6640625,0.7109375,0.1104729317073684
0.671875,0.71875,0.10799777578220929
0.6796875,0.7265625,0.10551603218720582
0.6875,0.734375,0.10302785231403973
0.6953125,0.7421875,0.10053338794546436
0.703125,0.75,0.09803279124605385
0.7109375,0.7578125,0.09552621475292783
0.71875,0.765625,0.09301381136645231
0.7265625,0.7734375,0.09049573434091666
0.734375,0.78125,0.08797213727518724
0.7421875,0.7890625,0.08544317410333867
0.75,0.796875,0.0829089990852613
0.7578125,0.8046875,0.08036976679724707
0.765625,0.8125,0.07782563212255271
0.7734375,0.8203125,0.07527675024194122
0.78125,0.828125,0.0727232766242011
0.7890625,0.8359375,0.07016536701664389
0.796875,0.84375,0.0676031774355802
0.8046875,0.8515625,0.06503686415677419
0.8125,0.859375,0.06246658370587638
0.8203125,0.8671875,0.059892492848836076
0.828125,0.875,0.057314748582292956
0.8359375,0.8828125,0.054733508123949795
0.84375,0.890625,0.052148928902928035
0.8515625,0.8984375,0.04956116855011024
0.859375,0.90625,0.04697038488847552
0.8671875,0.9140625,0.04437673592344059
0.875,0.921875,0.0417803798332247
0.8828125,0.9296875,0.03918147495927493
0.890625,0.9375,0.03658017979681316
0.8984375,0.9453125,0.03397665298561613
0.90625,0.953125,0.031371053301232944
0.9140625,0.9609375,0.028763539647025087
0.921875,0.96875,0.026154271047774968
0.9296875,0.9765625,0.023543406646360055
0.9375,0.984375,0.020931105706598573
0.9453125,0.9921875,0.01831752762888291
0.953125,1.0,0.015702831992513606
0.0,0.0390625,0.28201349461463115
0.0078125,0.046875,0.28058990840708464
0.015625,0.0546875,0.27914919523444054
0.0234375,0.0625,0.27769144647637695
0.03125,0.0703125,0.27621675233953275
0.0390625,0.078125,0.27472520329770067
0.046875,0.0859375,0.27321689057495957
0.0546875,0.09375,0.27169190631507256
0.0625,0.1015625,0.27015034364198665
0.0703125,0.109375,0.2685922966799544
0.078125,0.1171875,0.26701786055782933
0.0859375,0.125,0.26542713140690627
0.09375,0.1328125,0.2638202063560606
0.1015625,0.140625,0.2621971835257646
0.109375,0.1484375,0.2605581620216424
0.1171875,0.15625,0.2589032419278542
0.125,0.1640625,0.25723252430042765
0.1328125,0.171875,0.2555461111605823
0.140625,0.1796875,0.2538441054880581
0.1484375,0.1875,0.25212661121445046
0.15625,0.1953125,0.25039373321654224
0.1640625,0.203125,0.24864557730962822
0.171875,0.2109375,0.2468822502408221
0.1796875,0.21875,0.24510385968234308
0.1875,0.2265625,0.24331051422477207
0.1953125,0.234375,0.24150232337027813
0.203125,0.2421875,0.23967939752580794
0.2109375,0.25,0.23784184799623712
0.21875,0.2578125,0.23598978697747952
0.2265625,0.265625,0.2341233275495562
0.234375,0.2734375,0.2322425836696189
0.2421875,0.28125,0.23034767016492827
0.25,0.2890625,0.22843870272578723
0.2578125,0.296875,0.2265157978984281
0.265625,0.3046875,0.2245790730778522
0.2734375,0.3125,0.2226286465006234
0.28125,0.3203125,0.22066463723761384
0.2890625,0.328125,0.21868716518670328
0.296875,0.3359375,0.2166963510654312
0.3046875,0.34375,0.21469231640360137
0.3125,0.3515625,0.21267518353584067
0.3203125,0.359375,0.2106450755941108
0.328125,0.3671875,0.20860211650017346
0.3359375,0.375,0.2065464309580102
0.34375,0.3828125,0.20447814444619597
0.3515625,0.390625,0.2023973832102279
0.359375,0.3984375,0.20030427425480832
0.3671875,0.40625,0.19819894533608398
0.375,0.4140625,0.1960815249538401
0.3828125,0.421875,0.19395214234365146
0.390625,0.4296875,0.19181092746898962
0.3984375,0.4375,0.1896580110132872
0.40625,0.4453125,0.18749352437195901
0.4140625,0.453125,0.18531759964438238
0.421875,0.4609375,0.18313036962583404
0.4296875,0.46875,0.1809319677993878
0.4375,0.4765625,0.17872252832776844
0.4453125,0.484375,0.17650218604516862
0.453125,0.4921875,0.17427107644902354
0.4609375,0.5,0.172029335691747
0.46875,0.5078125,0.16977710057242823
0.4765625,0.515625,0.16751450852849056
0.484375,0.5234375,0.1652416976273116
0.4921875,0.53125,0.162958806557806
0.5,0.5390625,0.16066597462197144
0.5078125,0.546875,0.1583633417263974
0.515625,0.5546875,0.1560510483737382
0.5234375,0.5625,0.15372923565415023
0.53125,0.5703125,0.15139804523669395
0.5390625,0.578125,0.14905761936070128
0.546875,0.5859375,0.14670810082710864
0.5546875,0.59375,0.14434963298975642
0.5625,0.6015625,0.1419823597466543
0.5703125,0.609375,0.13960642553121555
0.578125,0.6171875,0.1372219753034574
0.5859375,0.625,0.13482915454116992
0.59375,0.6328125,0.13242810923105428
0.6015625,0.640625,0.1300189858598292
0.609375,0.6484375,0.12760193140530782
0.6171875,0.65625,0.1251770933274441
0.625,0.6640625,0.12274461955934983
0.6328125,0.671875,0.1203046584982832
0.640625,0.6796875,0.11785735899660835
0.6484375,0.6875,0.11540287035272732
0.65625,0.6953125,0.11294134230198397
0.6640625,0.703125,0.11047292500754131
0.671875,0.7109375,0.10799776905123216
0.6796875,0.71875,0.1055160254243831
0.6875,0.7265625,0.10302784551861338
0.6953125,0.734375,0.10053338111660796
0.703125,0.7421875,0.09803278438286583
0.7109375,0.75,0.09552620785442363
0.71875,0.7578125,0.0930138044315552
0.7265625,0.765625,0.09049572736844719
0.734375,0.7734375,0.08797213026385087
0.7421875,0.78125,0.08544316705171094
0.75,0.7890625,0.08290899199177093
0.7578125,0.796875,0.08036975966015551
0.765625,0.8046875,0.0778256249399303
0.7734375,0.8125,0.07527674301163835
0.78125,0.8203125,0.0727232693438138
0.7890625,0.828125,0.07016535968347247
0.796875,0.8359375,0.06760317004657891
0.8046875,0.84375,0.0650368567084898
0.8125,0.8515625,0.06246657619437248
0.8203125,0.859375,0.05989248526959911
0.828125,0.8671875,0.05731474093011469
0.8359375,0.875,0.054733500392778495
0.84375,0.8828125,0.052148921085678236
0.8515625,0.890625,0.049561160638416625
0.859375,0.8984375,0.04697037687237056
0.8671875,0.90625,0.04437672779092519
0.875,0.9140625,0.04178037156968887
0.8828125,0.921875,0.039181466546700315
0.890625,0.9296875,0.03658017121265421
0.8984375,0.9375,0.03397664420119477
0.90625,0.9453125,0.03137104427937735
0.9140625,0.953125,0.028763530338498104
0.921875,0.9609375,0.026154261385702583
0.9296875,0.96875,0.02354339653724362
0.9375,0.9765625,0.020931095015313032
0.9453125,0.984375,0.018317516152925366
0.953125,0.9921875,0.01570281941787683
0.9609375,1.0,0.013087164484076862
0.0,0.03125,0.28201350355759447
0.0078125,0.0390625,0.28058991625113117
0.015625,0.046875,0.27914920068436794
0.0234375,0.0546875,0.27769144990032113
0.03125,0.0625,0.2762167542257167
0.0390625,0.0703125,0.27472520402832573
0.046875,0.078125,0.27321689042436637
0.0546875,0.0859375,0.2716919054779893
0.0625,0.09375,0.27015034225810386
0.0703125,0.1015625,0.268592294851249
0.078125,0.109375,0.26701785836019365
0.0859375,0.1171875,0.2654271288979044
0.09375,0.125,0.2638202035801527
0.1015625,0.1328125,0.26219718051787394
0.109375,0.140625,0.2605581588096347
0.1171875,0.1484375,0.2589032385342894
0.125,0.15625,0.2572325207438171
0.1328125,0.1640625,0.25554610745630596
0.140625,0.171875,0.2538441016490436
0.1484375,0.1796875,0.2521266072516815
0.15625,0.1875,0.2503937291394455
0.1640625,0.1953125,0.24864557312636998
0.171875,0.203125,0.24688224595853875
0.1796875,0.2109375,0.24510385530732168
0.1875,0.21875,0.24331050976259402
0.1953125,0.2265625,0.24150231882593276
0.203125,0.234375,0.2396793929037846
0.2109375,0.2421875,0.23784184330059935
0.21875,0.25,0.23598978221192637
0.2265625,0.2578125,0.23412332271747163
0.234375,0.265625,0.23224257877411264
0.2421875,0.2734375,0.23034766520887062
0.25,0.28125,0.2284386977118373
0.2578125,0.2890625,0.22651579282905765
0.265625,0.296875,0.22457906795536578
0.2734375,0.3046875,0.22262864132717522
0.28125,0.3125,0.22066463201522235
0.2890625,0.3203125,0.2186871599172634
0.296875,0.328125,0.21669634575072438
0.3046875,0.3359375,0.21469231104530523
0.3125,0.34375,0.2126751781355362
0.3203125,0.3515625,0.21064507015328918
0.328125,0.359375,0.20860211102024173
0.3359375,0.3671875,0.2065464254402963
0.34375,0.375,0.20447813889195315
0.3515625,0.3828125,0.20239737762063845
0.359375,0.390625,0.2003042686309868
0.3671875,0.3984375,0.1981989396790804
0.375,0.40625,0.19608151926464268
0.3828125,0.4140625,0.19395213662318872
0.390625,0.421875,0.1918109217181326
0.3984375,0.4296875,0.1896580052328515
0.40625,0.4375,0.18749351856270674
0.4140625,0.4453125,0.18531759380702337
0.421875,0.453125,0.18313036376102818
0.4296875,0.4609375,0.1809319619077454
0.4375,0.46875,0.17872252240985279
0.4453125,0.4765625,0.17650218010149674
0.453125,0.484375,0.17427107048006743
0.4609375,0.4921875,0.17202932969793516
0.46875,0.5,0.1697770945541465
0.4765625,0.5078125,0.16751450248608357
0.484375,0.515625,0.16524169156108373
0.4921875,0.5234375,0.16295880046802252
0.5,0.53125,0.16066596850885953
0.5078125,0.5390625,0.15836333559014712
0.515625,0.546875,0.15605104221450336
0.5234375,0.5546875,0.1537292294720494
0.53125,0.5625,0.15139803903181107
0.5390625,0.5703125,0.14905761313308658
0.546875,0.578125,0.1467080945767792
0.5546875,0.5859375,0.14434962671669674
0.5625,0.59375,0.1419823534508168
0.5703125,0.6015625,0.1396064192125211
0.578125,0.609375,0.13722196896179523
0.5859375,0.6171875,0.13482914817639818
0.59375,0.625,0.1324281028429996
0.6015625,0.6328125,0.130018979448287
0.609375,0.640625,0.1276019249700415
0.6171875,0.6484375,0.12517708686818477
0.625,0.65625,0.12274461307579577
0.6328125,0.6640625,0.12030465199009865
0.640625,0.671875,0.11785735246342244
0.6484375,0.6796875,0.11540286379413248
0.65625,0.6875,0.11294133571753424
0.6640625,0.6953125,0.11047291839675032
0.671875,0.703125,0.10799776241357016
0.6796875,0.7109375,0.10551601875927437
0.6875,0.71875,0.10302783882543227
0.6953125,0.7265625,0.10053337439467504
0.703125,0.734375,0.09803277763144273
0.7109375,0.7421875,0.09552620107270743
0.71875,0.75,0.0930137976186716
0.7265625,0.7578125,0.09049572052344267
0.734375,0.765625,0.0879721233856835
0.7421875,0.7734375,0.08544316013923936
0.75,0.78125,0.08290898504374154
0.7578125,0.7890625,0.08036975267518733
0.765625,0.796875,0.07782561791649678
0.7734375,0.8046875,0.07527673594804594
0.78125,0.8125,0.07272326223817606
0.7890625,0.8203125,0.07016535253367892
0.796875,0.828125,0.06760316285025729
0.8046875,0.8359375,0.0650368494629599
0.8125,0.84375,0.062466568896589615
0.8203125,0.8515625,0.05989247791608381
0.828125,0.859375,0.05731473351686489
0.8359375,0.8671875,0.05473349291515873
0.84375,0.875,0.052148913538278295
0.8515625,0.8828125,0.04956115301486909
0.859375,0.890625,0.04697036916511226
0.8671875,0.8984375,0.044376719990880886
0.875,0.90625,0.04178036366584466
0.8828125,0.9140625,0.03918145852551858
0.890625,0.921875,0.03658016305725418
0.8984375,0.9296875,0.0339766358901785
0.90625,0.9375,0.03137103578510322
0.9140625,0.9453125,0.028763521624464716
0.921875,0.953125,0.026154252402445812
0.9296875,0.9609375,0.023543387215640282
0.9375,0.96875,0.020931085255137642
0.9453125,0.9765625,0.01831750580224544
0.953125,0.984375,0.01570280823382254
0.9609375,0.9921875,0.013087152054812461
0.96875,1.0,0.01047069701592661
0.0,0.0234375,0.28201352273419733
0.0078125,0.03125,0.2805899298937811
0.015625,0.0390625,0.2791492092318964
0.0234375,0.046875,0.27769145503836523
0.03125,0.0546875,0.2762167570960584
0.0390625,0.0625,0.2747252053371295
0.046875,0.0703125,0.2732168906145322
0.0546875,0.078125,0.27169190483672734
0.0625,0.0859375,0.27015034097837115
0.0703125,0.09375,0.2685922930670308
0.078125,0.1015625,0.26701785616733
0.0859375,0.109375,0.2654271263667868
0.09375,0.1171875,0.26382020076371265
0.1015625,0.125,0.2621971774567615
0.109375,0.1328125,0.2605581555356637
0.1171875,0.140625,0.25890323507278895
0.125,0.1484375,0.25723251711527045
0.1328125,0.15625,0.25554610367751573
0.140625,0.1640625,0.2538440977339755
0.1484375,0.171875,0.25212660321208474
0.15625,0.1796875,0.2503937249853166
0.1640625,0.1875,0.24864556886630293
0.171875,0.1953125,0.2468822415999943
0.1796875,0.203125,0.24510385085683487
0.1875,0.2109375,0.24331050522593742
0.1953125,0.21875,0.24150231420824517
0.203125,0.2265625,0.2396793882096735
0.2109375,0.234375,0.23784183853422355
0.21875,0.2421875,0.2359897773770626
0.2265625,0.25,0.23412331781756887
0.234375,0.2578125,0.2322425738123371
0.2421875,0.265625,0.23034766018814173
0.25,0.2734375,0.22843869263485891
0.2578125,0.28125,0.22651578769834343
0.265625,0.2890625,0.22457906277325967
0.2734375,0.296875,0.22262863609587016
0.28125,0.3046875,0.2206646267367748
0.2890625,0.3125,0.21868715459360624
0.296875,0.3203125,0.2166963403836779
0.3046875,0.328125,0.214692305636586
0.3125,0.3359375,0.212675172686765
0.3203125,0.34375,0.21064506466599806
0.328125,0.3515625,0.20860210549587932
0.3359375,0.359375,0.20654641988023303
0.34375,0.3671875,0.20447813329748563
0.3515625,0.375,0.20239737199299307
0.359375,0.3828125,0.2003042629713233
0.3671875,0.390625,0.1981989339884943
0.375,0.3984375,0.196081513544168
0.3828125,0.40625,0.19395213087380056
0.390625,0.4140625,0.19181091594074878
0.3984375,0.421875,0.18965799942833433
0.40625,0.4296875,0.18749351273186518
0.4140625,0.4375,0.1853175879506142
0.421875,0.4453125,0.18313035787975748
0.4296875,0.453125,0.18093195600227008
0.4375,0.4609375,0.1787225164807815
0.4453125,0.46875,0.1765021741493919
0.453125,0.4765625,0.17427106450544572
0.4609375,0.484375,0.1720293237012689
0.46875,0.4921875,0.16977708853586482
0.4765625,0.5,0.16751449644657368
0.484375,0.5078125,0.16524168550069174
0.4921875,0.515625,0.16295879438705477
0.5,0.5234375,0.16066596240758355
0.5078125,0.53125,0.15836332946879272
0.515625,0.5390625,0.15605103607326362
0.5234375,0.546875,0.15372922331108166
0.53125,0.5546875,0.15139803285123787
0.5390625,0.5625,0.14905760693299663
0.546875,0.5703125,0.14670808835722818
0.5546875,0.578125,0.14434962047770789
0.5625,0.5859375,0.1419823471923824
0.5703125,0.59375,0.1396064129346023
0.578125,0.6015625,0.1372219626643231
0.5859375,0.609375,0.13482914185927408
0.59375,0.6171875,0.13242809650609558
0.6015625,0.625,0.1300189730914464
0.609375,0.6328125,0.12760191859307857
0.6171875,0.640625,0.1251770804708851
0.625,0.6484375,0.12274460665791596
0.6328125,0.65625,0.12030464555136629
0.640625,0.6640625,0.11785734600353548
0.6484375,0.671875,0.11540285731275846
0.65625,0.6796875,0.11294132921430951
0.6640625,0.6875,0.11047291187127863
0.671875,0.6953125,0.10799775586542154
0.6796875,0.703125,0.10551601218798287
0.6875,0.7109375,0.1030278322304939
0.6953125,0.71875,0.10053336777554506
0.703125,0.7265625,0.09803277098753241
0.7109375,0.734375,0.09552619440338019
0.71875,0.7421875,0.09301379092323851
0.7265625,0.75,0.0904957138011569
0.734375,0.7578125,0.08797211663573407
0.7421875,0.765625,0.08544315336074346
0.75,0.7734375,0.0829089782357356
0.7578125,0.78125,0.08036974583661641
0.765625,0.7890625,0.0778256110462016
0.7734375,0.796875,0.07527672904474798
0.78125,0.8046875,0.0727232553004591
0.7890625,0.8125,0.07016534555996709
0.796875,0.8203125,0.06760315583878831
0.8046875,0.828125,0.0650368424117525
0.8125,0.8359375,0.06246656180340356
0.8203125,0.84375,0.05989247077837039
0.828125,0.8515625,0.05731472633170506
0.8359375,0.859375,0.05473348567918528
0.84375,0.8671875,0.052148906247576836
0.8515625,0.875,0.04956114566485068
0.859375,0.8828125,0.04697036175034734
0.8671875,0.890625,0.04437671250487978
0.875,0.8984375,0.04178035610076306
0.8828125,0.90625,0.03918145087175499
0.890625,0.9140625,0.036580155302888814
0.8984375,0.921875,0.033976628020173025
0.90625,0.9296875,0.031371027780129124
0.9140625,0.9375,0.0287635134591356
0.921875,0.9453125,0.02615424404255373
0.9296875,0.953125,0.02354337861365088
0.9375,0.9609375,0.020931076342469452
0.9453125,0.96875,0.018317496475207883
0.953125,0.9765625,0.015702798326013644
0.9609375,0.984375,0.013087141277680134
0.96875,0.9921875,0.010470684815790554
0.9765625,1.0,0.00785358870877313
0.0,0.015625,0.28201356816328227
0.0078125,0.0234375,0.28058995431049033
0.015625,0.03125,0.27914922259777275
0.0234375,0.0390625,0.2776914625679831
0.03125,0.046875,0.27621676124434436
0.0390625,0.0546875,0.27472520735984374
0.046875,0.0625,0.2732168912100968
0.0546875,0.0703125,0.2716919044217457
0.0625,0.078125,0.2701503398159914
0.0703125,0.0859375,0.2685922913315003
0.078125,0.09375,0.26701785397866507
0.0859375,0.1015625,0.26542712381045563
0.09375,0.109375,0.2638201979023514
0.1015625,0.1171875,0.26219717433743295
0.109375,0.125,0.26055815219451745
0.1171875,0.1328125,0.25890323153814015
0.125,0.140625,0.25723251340969316
0.1328125,0.1484375,0.2555460998192963
0.140625,0.15625,0.25384409373814537
0.1484375,0.1640625,0.2521265990911665
0.15625,0.171875,0.25039372074987276
0.1640625,0.1796875,0.24864556452534545
0.171875,0.1875,0.24688223716129454
0.1796875,0.1953125,0.24510384632716065
0.1875,0.203125,0.24331050061123716
0.1953125,0.2109375,0.2415023095137919
0.203125,0.21875,0.23967938344017845
0.2109375,0.2265625,0.2378418336939266
0.21875,0.234375,0.23598977246980557
0.2265625,0.2421875,0.23412331284685411
0.234375,0.25,0.2322425687813756
0.2421875,0.2578125,0.23034765509989238
0.25,0.265625,0.22843868749206123
0.2578125,0.2734375,0.2265157825035435
0.265625,0.28125,0.22457905752883395
0.2734375,0.2890625,0.22262863080404272
0.28125,0.296875,0.22066462139963391
0.2890625,0.3046875,0.21868714921311694
0.296875,0.3125,0.21669633496169347
0.3046875,0.3203125,0.2146923001748572
0.3125,0.328125,0.21267516718694832
0.3203125,0.3359375,0.21064505912966175
0.328125,0.34375,0.20860209992451031
0.3359375,0.3515625,0.2065464142752411
0.34375,0.359375,0.20447812766020781
0.3515625,0.3671875,0.20239736632469738
0.359375,0.375,0.20030425727321197
0.3671875,0.3828125,0.19819892826170646
0.375,0.390625,0.19608150778978206
0.3828125,0.3984375,0.19395212509283638
0.390625,0.40625,0.1918109101341697
0.3984375,0.4140625,0.1896579935970486
0.40625,0.421875,0.18749350687672753
0.4140625,0.4296875,0.18531758207242774
0.421875,0.4375,0.18313035197927416
0.4296875,0.4453125,0.18093195008019267
0.4375,0.453125,0.17872251053776456
0.4453125,0.4609375,0.17650216818604236
0.453125,0.46875,0.17427105852232513
0.4609375,0.4765625,0.1720293176988935
0.46875,0.484375,0.16977708251470736
0.4765625,0.4921875,0.16751449040706376
0.484375,0.5,0.16524167944321766
0.4921875,0.5078125,0.16295878831196403
0.5,0.515625,0.16066595631518424
0.5078125,0.5234375,0.1583633233593544
0.515625,0.53125,0.1560510299470187
0.5234375,0.5390625,0.1537292171682261
0.53125,0.546875,0.1513980266919327
0.5390625,0.5546875,0.14905760075736854
0.546875,0.5625,0.14670808216537096
0.5546875,0.5703125,0.14434961426968307
0.5625,0.578125,0.1419823409682206
0.5703125,0.5859375,0.1396064066943041
0.578125,0.59375,0.1372219564078597
0.5859375,0.6015625,0.13482913558658835
0.59375,0.609375,0.1324280902171029
0.6015625,0.6171875,0.13001896678603497
0.609375,0.625,0.12760191227111073
0.6171875,0.6328125,0.12517707413219725
0.625,0.640625,0.12274460030231937
0.6328125,0.6484375,0.12030463917864714
0.640625,0.65625,0.1178573396134553
0.6484375,0.6640625,0.11540285090505398
0.65625,0.671875,0.11294132278869273
0.6640625,0.6796875,0.11047290542743633
0.671875,0.6875,0.10799774940301475
0.6796875,0.6953125,0.10551600570664628
0.6875,0.703125,0.10302782572983478
0.6953125,0.7109375,0.10053336125514156
0.703125,0.71875,0.09803276444693246
0.7109375,0.7265625,0.09552618784209886
0.71875,0.734375,0.09301378434075572
0.7265625,0.7421875,0.09049570719691415
0.734375,0.75,0.08797211000913055
0.7421875,0.7578125,0.08544314671113146
0.75,0.765625,0.08290897156241502
0.7578125,0.7734375,0.0803697391388281
0.765625,0.78125,0.07782560432311943
0.7734375,0.7890625,0.07527672229546889
0.78125,0.796875,0.07272324852399195
0.7890625,0.8046875,0.0701653387552183
0.796875,0.8125,0.06760314900454498
0.8046875,0.8203125,0.06503683554666129
0.8125,0.828125,0.062466554905945326
0.8203125,0.8359375,0.0598924638468284
0.828125,0.84375,0.05731471936412543
0.8359375,0.8515625,0.05473347867332741
0.84375,0.859375,0.05214889920085031
0.8515625,0.8671875,0.04956113857423434
0.859375,0.875,0.04697035461228439
0.8671875,0.8828125,0.04437670531513956
0.875,0.890625,0.04178034885425643
0.8828125,0.8984375,0.039181443562283515
0.890625,0.90625,0.03658014792279709
0.8984375,0.9140625,0.03397662055985641
0.90625,0.921875,0.03137102022731848
0.9140625,0.9296875,0.02876350579782688
0.921875,0.9375,0.026154236251349876
0.9296875,0.9453125,0.0235433706630848
0.9375,0.953125,0.020931068190461054
0.9453125,0.9609375,0.018317488058864333
0.953125,0.96875,0.015702789545629817
0.9609375,0.9765625,0.01308713196216606
0.96875,0.984375,0.01047067463675162
0.9765625,0.9921875,0.007853576918094947
0.984375,1.0,0.0052359983632132975
0.0,0.0078125,0.2820136909752223
0.0078125,0.015625,0.2805899985911895
0.015625,0.0234375,0.2791492431628416
0.0234375,0.03125,0.27769147327523486
0.03125,0.0390625,0.2762167669694125
0.0390625,0.046875,0.27472521021919954
0.046875,0.0546875,0.2732168922622708
0.0546875,0.0625,0.27169190425278
0.0625,0.0703125,0.27015033877611777
0.0703125,0.078125,0.2685922896428929
0.078125,0.0859375,0.2670178517891854
0.0859375,0.09375,0.2654271212224729
0.09375,0.1015625,0.2638201949891317
0.1015625,0.109375,0.26219717115292596
0.109375,0.1171875,0.2605581487794423
0.1171875,0.125,0.25890322792390785
0.125,0.1328125,0.25723250962100924
0.1328125,0.140625,0.2555460958759366
0.140625,0.1484375,0.25384408965619304
0.1484375,0.15625,0.2521265948838946
0.15625,0.1640625,0.25039371642838276
0.1640625,0.171875,0.24864556009903943
0.171875,0.1796875,0.24688223263822723
0.1796875,0.1875,0.2451038417143071
0.1875,0.1953125,0.2433104959146978
0.1953125,0.203125,0.241502304738952
0.203125,0.2109375,0.23967937859183291
0.2109375,0.21875,0.23784182877637863
0.21875,0.2265625,0.23598976748694536
0.2265625,0.234375,0.2341233078022227
0.234375,0.2421875,0.23224256367821539
0.2421875,0.25,0.23034764994118953
0.25,0.2578125,0.22843868228057948
0.2578125,0.265625,0.22651577724185268
0.265625,0.2734375,0.22457905221933294
0.2734375,0.28125,0.22262862544897913
0.28125,0.2890625,0.22066461600111992
0.2890625,0.296875,0.2186871437731435
0.296875,0.3046875,0.21669632948214085
0.3046875,0.3125,0.21469229465750478
0.3125,0.3203125,0.21267516163348282
0.3203125,0.328125,0.2106450535416842
0.328125,0.3359375,0.20860209430354135
0.3359375,0.34375,0.2065464086227261
0.34375,0.3515625,0.2044781219775211
0.3515625,0.359375,0.2023973606131458
0.359375,0.3671875,0.20030425153403789
0.3671875,0.375,0.1981989224960902
0.375,0.3828125,0.19608150199884447
0.3828125,0.390625,0.19395211927764064
0.390625,0.3984375,0.191810904295723
0.3984375,0.40625,0.18965798773630393
0.40625,0.4140625,0.1874935009945847
0.4140625,0.421875,0.18531757616973488
0.421875,0.4296875,0.183130346056829
0.4296875,0.4375,0.18093194413874322
0.4375,0.4453125,0.17872250457801045
0.4453125,0.453125,0.1765021622086359
0.453125,0.4609375,0.17427105252787206
0.4609375,0.46875,0.17202931168795435
0.46875,0.4765625,0.16977707648779797
0.4765625,0.484375,0.167514484364657
0.484375,0.4921875,0.16524167338574364
0.4921875,0.5,0.16295878223981183
0.5,0.5078125,0.16066595022870245
0.5078125,0.515625,0.15836331725885272
0.515625,0.5234375,0.1560510238327687
0.5234375,0.53125,0.1537292110404626
0.53125,0.5390625,0.15139802055085477
0.5390625,0.546875,0.1490575946031408
0.546875,0.5546875,0.14670807599812477
0.5546875,0.5625,0.1443496080895176
0.5625,0.5703125,0.14198233477520417
0.5703125,0.578125,0.13960640048847517
0.578125,0.5859375,0.13722195018922845
0.5859375,0.59375,0.13482912935513736
0.59375,0.6015625,0.13242808397278857
0.6015625,0.609375,0.1300189605287885
0.609375,0.6171875,0.12760190600083937
0.6171875,0.625,0.12517706784878507
0.625,0.6328125,0.12274459400562826
0.6328125,0.640625,0.12030463286851771
0.640625,0.6484375,0.1178573332897077
0.6484375,0.65625,0.11540284456748863
0.65625,0.6640625,0.11294131643709081
0.6640625,0.671875,0.11047289906156053
0.671875,0.6796875,0.10799774302260944
0.6796875,0.6875,0.10551599931143771
0.6875,0.6953125,0.10302781931953124
0.6953125,0.703125,0.10053335482943342
0.703125,0.7109375,0.09803275800549145
0.7109375,0.71875,0.09552618138457797
0.71875,0.7265625,0.09301377786678788
0.7265625,0.734375,0.09049570070611147
0.734375,0.7421875,0.08797210350108259
0.7421875,0.75,0.08544314018540335
0.75,0.7578125,0.08290896501854478
0.7578125,0.765625,0.08036973257632363
0.765625,0.7734375,0.07782559774145482
0.7734375,0.78125,0.07527671569407951
0.78125,0.7890625,0.07272324190226849
0.7890625,0.796875,0.07016533211250003
0.796875,0.8046875,0.06760314234011064
0.8046875,0.8125,0.0650368288597185
0.8125,0.8203125,0.06246654819561707
0.8203125,0.828125,0.05989245711213652
0.828125,0.8359375,0.05731471260397014
0.8359375,0.84375,0.05473347188646103
0.84375,0.8515625,0.052148892385844366
0.8515625,0.859375,0.04956113172943731
0.859375,0.8671875,0.04697034773576684
0.8671875,0.875,0.04437669840462246
0.875,0.8828125,0.04178034190701569
0.8828125,0.890625,0.039181436575020975
0.890625,0.8984375,0.03658014089146319
0.8984375,0.90625,0.0339766134794009
0.90625,0.9140625,0.03137101309133182
0.9140625,0.921875,0.028763498598009578
0.921875,0.9296875,0.02615422897670117
0.9296875,0.9375,0.02354336329861286
0.9375,0.9453125,0.020931060715033492
0.9453125,0.953125,0.01831748044141152
0.953125,0.9609375,0.01570278173792608
0.9609375,0.96875,0.01308712388371526
0.96875,0.9765625,0.01047066613865501
0.9765625,0.984375,0.007853567677926429
0.984375,0.9921875,0.005235987457488296
0.9921875,1.0,0.0026180838597465723
0.0,0.0,0.2820141232801258
0.0078125,0.0078125,0.2805900758469356
0.015625,0.015625,0.27914927318064964
0.0234375,0.0234375,0.2776914877335578
0.03125,0.03125,0.2762167744437846
0.0390625,0.0390625,0.27472521396674393
0.046875,0.046875,0.27321689378090397
0.0546875,0.0546875,0.27169190432444895
0.0625,0.0625,0.27015033784797476
0.0703125,0.0703125,0.2685922879889363
0.078125,0.078125,0.2670178495867013
0.0859375,0.0859375,0.26542711859134727
0.09375,0.09375,0.2638201920134636
0.1015625,0.1015625,0.2621971678935724
0.109375,0.109375,0.2605581452816401
0.1171875,0.1171875,0.2589032242220825
0.125,0.125,0.2572325057419118
0.1328125,0.1328125,0.25554609184074817
0.140625,0.140625,0.25384408548197296
0.1484375,0.1484375,0.252126590584598
0.15625,0.15625,0.25039371201559113
0.1640625,0.1640625,0.2486455555824922
0.171875,0.171875,0.2468822280262173
0.1796875,0.1796875,0.2451038370139769
0.1875,0.1875,0.2433104911322654
0.1953125,0.1953125,0.24150229987988456
0.203125,0.203125,0.2396793736609824
0.2109375,0.2109375,0.2378418237780881
0.21875,0.21875,0.23598976242513325
0.2265625,0.2265625,0.23412330268044967
0.234375,0.234375,0.23224255849973965
0.2421875,0.2421875,0.2303476447090098
0.25,0.25,0.22843867699747122
0.2578125,0.2578125,0.22651577191039718
0.265625,0.265625,0.22457904684194177
0.2734375,0.2734375,0.22262862002791384
0.28125,0.28125,0.22066461053850883
0.2890625,0.2890625,0.21868713827099515
0.296875,0.296875,0.2166963239423559
0.3046875,0.3046875,0.21469228908188537
0.3125,0.3125,0.21267515602374062
0.3203125,0.3203125,0.2106450478994475
0.328125,0.328125,0.20860208863036026
0.3359375,0.3359375,0.2065464029200778
0.34375,0.34375,0.20447811624681375
0.3515625,0.3515625,0.20239735485572163
0.359375,0.359375,0.20030424575117645
0.3671875,0.3671875,0.19819891668901085
0.375,0.375,0.19608149616870832
0.3828125,0.3828125,0.19395211342555213
0.390625,0.390625,0.19181089842273188
0.3984375,0.3984375,0.18965798184340635
0.40625,0.40625,0.18749349508272456
0.4140625,0.4140625,0.1853175702398045
0.421875,0.421875,0.18313034010967086
0.4296875,0.4296875,0.18093193817515016
0.4375,0.4375,0.1787224985987271
0.4453125,0.4453125,0.17650215621435925
0.453125,0.453125,0.17427104651925232
0.4609375,0.4609375,0.17202930566559602
0.46875,0.46875,0.1697770704522607
0.4765625,0.4765625,0.1675144783164561
0.484375,0.484375,0.16524166732535187
0.4921875,0.4921875,0.1629587761676596
0.5,0.5,0.1606659441451795
0.5078125,0.5078125,0.15836331116430863
0.515625,0.515625,0.15605101772751445
0.5234375,0.5234375,0.15372920492477177
0.53125,0.53125,0.15139801442496464
0.5390625,0.5390625,0.14905758846725342
0.546875,0.546875,0.14670806985240867
0.5546875,0.5546875,0.14434960193410906
0.5625,0.5625,0.1419823286102083
0.5703125,0.5703125,0.13960639431396785
0.578125,0.578125,0.13722194400525714
0.5859375,0.5859375,0.13482912316172294
0.59375,0.59375,0.13242807776992677
0.6015625,0.6015625,0.13001895431645102
0.609375,0.609375,0.12760189977897574
0.6171875,0.6171875,0.1251770616173238
0.625,0.625,0.1227445877644784
0.6328125,0.6328125,0.12030462661757026
0.640625,0.640625,0.11785732702883672
0.6484375,0.6484375,0.11540283829655289
0.65625,0.65625,0.11294131015593499
0.6640625,0.6640625,0.1104728927700162
0.671875,0.671875,0.10799773672049667
0.6796875,0.6796875,0.10551599299856602
0.6875,0.6875,0.10302781299570071
0.6953125,0.6953125,0.10053334849443546
0.703125,0.703125,0.09803275165911009
0.7109375,0.7109375,0.09552617502659043
0.71875,0.71875,0.09301377149696555
0.7265625,0.7265625,0.09049569432422015
0.734375,0.734375,0.08797209710688338
0.7421875,0.7421875,0.08544313377865276
0.75,0.75,0.08290895859899514
0.7578125,0.7578125,0.08036972614372268
0.765625,0.765625,0.07782559129554588
0.7734375,0.7734375,0.07527670923460075
0.78125,0.78125,0.07272323542895227
0.7890625,0.7890625,0.07016532562507141
0.796875,0.796875,0.067603135838286
0.8046875,0.8046875,0.06503682234320313
0.8125,0.8125,0.06246654166410228
0.8203125,0.8203125,0.059892450565295526
0.828125,0.828125,0.05731470604145329
0.8359375,0.8359375,0.05473346530788923
0.84375,0.84375,0.052148885790800695
0.8515625,0.8515625,0.049561125117455966
0.859375,0.859375,0.046970341106318994
0.8671875,0.8671875,0.04437669175709738
0.875,0.875,0.0417803352406956
0.8828125,0.8828125,0.039181429889047166
0.890625,0.890625,0.03658013418478962
0.8984375,0.8984375,0.03397660675072942
0.90625,0.90625,0.03137100633901993
0.9140625,0.9140625,0.028763491819935774
0.921875,0.921875,0.026154222170062694
0.9296875,0.9296875,0.023543356459611215
0.9375,0.9375,0.020931053838364928
0.9453125,0.9453125,0.01831747351939874
0.953125,0.953125,0.015702774758942634
0.9609375,0.9609375,0.013087116829085978
0.96875,0.96875,0.010470658975870578
0.9765625,0.9765625,0.007853560343395405
0.984375,0.984375,0.005235979801628453
0.9921875,0.9921875,0.002618075389055249
1.0,1.0,0.0
0.0078125,0.0,0.2805901801433906
0.015625,0.0078125,0.27914931080743044
0.0234375,0.015625,0.27769150532992876
0.03125,0.0234375,0.2762167834072831
0.0390625,0.03125,0.27472521846782966
0.046875,0.0390625,0.27321689568525925
0.0546875,0.046875,0.271691904582944
0.0625,0.0546875,0.27015033699289814
0.0703125,0.0625,0.2685922863403027
0.078125,0.0703125,0.26701784734806305
0.0859375,0.078125,0.26542711589824797
0.09375,0.0859375,0.26382018895966514
0.1015625,0.09375,0.26219716454606623
0.109375,0.1015625,0.2605581416896445
0.1171875,0.109375,0.25890322042265373
0.125,0.1171875,0.2572325017635629
0.1328125,0.125,0.25554608770585174
0.140625,0.1328125,0.2538440812083981
0.1484375,0.140625,0.25212658618685235
0.15625,0.1484375,0.2503937075056311
0.1640625,0.15625,0.24864555097031105
0.171875,0.1640625,0.24688222332027626
0.1796875,0.171875,0.24510383222152854
0.1875,0.1796875,0.24331048625959686
0.1953125,0.1875,0.24150229493250447
0.203125,0.1953125,0.23967936864376518
0.2109375,0.203125,0.23784181869538665
0.21875,0.2109375,0.23598975728086816
0.2265625,0.21875,0.23412329747817995
0.234375,0.2265625,0.23224255324271906
0.2421875,0.234375,0.23034763940023273
0.25,0.2421875,0.22843867163970938
0.2578125,0.25,0.22651576650623048
0.265625,0.2578125,0.22457904139378226
0.2734375,0.265625,0.22262861453802665
0.28125,0.2734375,0.2206646050090285
0.2890625,0.28125,0.21868713270393986
0.296875,0.2890625,0.21669631833963904
0.3046875,0.296875,0.21469228344532487
0.3125,0.3046875,0.21267515035506712
0.3203125,0.3125,0.21064504220031083
0.328125,0.3203125,0.20860208290233548
0.3359375,0.328125,0.20654639716466933
0.34375,0.3359375,0.20447811046545938
0.3515625,0.34375,0.20239734904979592
0.359375,0.3515625,0.2003042399219932
0.3671875,0.359375,0.1981989108378254
0.375,0.3671875,0.19608149029671954
0.3828125,0.375,0.19395210753390407
0.390625,0.3828125,0.19181089251251476
0.3984375,0.390625,0.1896579759156581
0.40625,0.3984375,0.1874934891384317
0.4140625,0.40625,0.18531756427990304
0.421875,0.4140625,0.1831303341350469
0.4296875,0.421875,0.1809319321866409
0.4375,0.4296875,0.1787224925971215
0.4453125,0.4375,0.17650215020039864
0.453125,0.4453125,0.1742710404936314
0.4609375,0.453125,0.17202929962896302
0.46875,0.4609375,0.16977706440521875
0.4765625,0.46875,0.16751447225956395
0.484375,0.4765625,0.16524166125912434
0.4921875,0.484375,0.1629587700925691
0.5,0.4921875,0.16066593806165655
0.5078125,0.5,0.1583633050727433
0.515625,0.5078125,0.1560510116282572
0.5234375,0.515625,0.15372919881813488
0.53125,0.5234375,0.15139800831122335
0.5390625,0.53125,0.14905758234664757
0.546875,0.5390625,0.1467080637251435
0.5546875,0.546875,0.14434959580035744
0.5625,0.5546875,0.14198232247011175
0.5703125,0.5625,0.1396063881676381
0.578125,0.5703125,0.13722193785277834
0.5859375,0.578125,0.1348291170031527
0.59375,0.5859375,0.13242807160529824
0.6015625,0.59375,0.1300189481457746
0.609375,0.6015625,0.12760189360224067
0.6171875,0.609375,0.1251770554345003
0.625,0.6171875,0.12274458157551923
0.6328125,0.625,0.12030462042241288
0.640625,0.6328125,0.11785732082740483
0.6484375,0.640625,0.11540283208875864
0.65625,0.6484375,0.11294130394168059
0.6640625,0.65625,0.11047288654919622
0.671875,0.6640625,0.10799773049299961
0.6796875,0.671875,0.10551598676427647
0.6875,0.6796875,0.10302780675450134
0.6953125,0.6875,0.10053334224620906
0.703125,0.6953125,0.09803274540374148
0.7109375,0.703125,0.09552616876396859
0.71875,0.7109375,0.09301376522698579
0.7265625,0.71875,0.09049568804678644
0.734375,0.7265625,0.08797209082191032
0.7421875,0.734375,0.08544312748606832
0.75,0.7421875,0.08290895229874289
0.7578125,0.75,0.0803697198357648
0.765625,0.7578125,0.07782558497986565
0.7734375,0.765625,0.07527670291120601
0.78125,0.7734375,0.0727232290978787
0.7890625,0.78125,0.07016531928638634
0.796875,0.7890625,0.0676031294920927
0.8046875,0.796875,0.06503681598964578
0.8125,0.8046875,0.06246653530337149
0.8203125,0.8125,0.05989244419763515
0.828125,0.8203125,0.0573146996671678
0.8359375,0.828125,0.05473345892735342
0.84375,0.8359375,0.052148879404470896
0.8515625,0.84375,0.04956111872588416
0.859375,0.8515625,0.04697033471017027
0.8671875,0.859375,0.0443766853571723
0.875,0.8671875,0.04178032883795905
0.8828125,0.875,0.03918142348466635
0.890625,0.8828125,0.03658012778018484
0.8984375,0.890625,0.03397660034764395
0.90625,0.8984375,0.03137099993961782
0.9140625,0.90625,0.02876348542694285
0.921875,0.9140625,0.02615421578697629
0.9296875,0.921875,0.02354335009102338
0.9375,0.9296875,0.02093104749048244
0.9453125,0.9375,0.018317467200924337
0.953125,0.9453125,0.015702768482666975
0.9609375,0.953125,0.013087110615008526
0.96875,0.9609375,0.010470652858014252
0.9765625,0.96875,0.007853554387096935
0.984375,0.9765625,0.005235974158514352
0.9921875,0.984375,0.0026180705550911468
1.0,0.9921875,0.0
0.015625,0.0,0.2791493373107721
0.0234375,0.0078125,0.27769152205725145
0.03125,0.015625,0.2762167925879797
0.0390625,0.0234375,0.27472522320773757
0.046875,0.03125,0.273216897727408
0.0546875,0.0390625,0.2716919048918558
0.0625,0.046875,0.27015033612759953
0.0703125,0.0546875,0.26859228464178303
0.078125,0.0625,0.2670178450342187
0.0859375,0.0703125,0.2654271131140932
0.09375,0.078125,0.2638201858051768
0.1015625,0.0859375,0.2621971610923248
0.109375,0.09375,0.2605581379885732
0.1171875,0.1015625,0.2589032165131054
0.125,0.109375,0.2572324976752453
0.1328125,0.1171875,0.25554608346193003
0.140625,0.125,0.25384407682726357
0.1484375,0.1328125,0.2521265816833499
0.15625,0.140625,0.2503937028919297
0.1640625,0.1484375,0.24864554625653046
0.171875,0.15625,0.24688221851494727
0.1796875,0.1640625,0.24510382733193337
0.1875,0.171875,0.24331048129202693
0.1953125,0.1796875,0.24150228989245637
0.203125,0.1875,0.2396793635360912
0.2109375,0.1953125,0.23784181352441233
0.21875,0.203125,0.23598975205048472
0.2265625,0.2109375,0.2341232921919172
0.234375,0.21875,0.23224254790380305
0.2421875,0.2265625,0.23034763401163327
0.25,0.234375,0.22843866620417735
0.2578125,0.2421875,0.2265157610263282
0.265625,0.25,0.22457903587190908
0.2734375,0.2578125,0.22262860897643896
0.28125,0.265625,0.22066459940985683
0.2890625,0.2734375,0.21868712706920226
0.296875,0.28125,0.216696312671253
0.3046875,0.2890625,0.21469227774511676
0.3125,0.296875,0.21267514462477974
0.3203125,0.3046875,0.21064503644160987
0.328125,0.3125,0.20860207711681508
0.3359375,0.3203125,0.2065463913538564
0.34375,0.328125,0.20447810463081728
0.3515625,0.3359375,0.20239734319272754
0.359375,0.34375,0.20030423404384307
0.3671875,0.3515625,0.19819890493988218
0.375,0.359375,0.19608148438021725
0.3828125,0.3671875,0.19395210160002369
0.390625,0.375,0.19181088656238546
0.3984375,0.3828125,0.18965796995035777
0.40625,0.390625,0.18749348315898814
0.4140625,0.3984375,0.18531755828729443
0.421875,0.40625,0.18313032813020233
0.4296875,0.4140625,0.18093192617044113
0.4375,0.421875,0.17872248657039938
0.4453125,0.4296875,0.17650214416393956
0.453125,0.4375,0.17427103444817377
0.4609375,0.4453125,0.17202929357519914
0.46875,0.453125,0.16977705834379545
0.4765625,0.4609375,0.16751446619108282
0.484375,0.46875,0.16524165518414302
0.4921875,0.4765625,0.1629587640116017
0.5,0.484375,0.160665931975175
0.5078125,0.4921875,0.15836329898117804
0.515625,0.5,0.15605100553199852
0.5234375,0.5078125,0.15372919271753369
0.53125,0.515625,0.15139800220659316
0.5390625,0.5234375,0.14905757623826546
0.546875,0.53125,0.14670805761325162
0.5546875,0.5390625,0.14434958968516462
0.5625,0.546875,0.14198231635179537
0.5703125,0.5546875,0.13960638204634554
0.578125,0.5625,0.1372219317286288
0.5859375,0.5703125,0.13482911087623956
0.59375,0.578125,0.1324280654756905
0.6015625,0.5859375,0.13001894201351918
0.609375,0.59375,0.12760188746736456
0.6171875,0.6015625,0.12517704929701262
0.625,0.609375,0.12274457543541353
0.6328125,0.6171875,0.12030461427966928
0.640625,0.625,0.1178573146819927
0.6484375,0.6328125,0.11540282594063864
0.65625,0.640625,0.11294129779080751
0.6640625,0.6484375,0.11047288039552121
0.671875,0.65625,0.10799772433647302
0.6796875,0.6640625,0.10551598060485037
0.6875,0.671875,0.10302780059213261
0.6953125,0.6796875,0.10053333608086215
0.703125,0.6875,0.09803273923539131
0.7109375,0.6953125,0.09552616259260394
0.71875,0.703125,0.09301375905261272
0.7265625,0.7109375,0.09049568186943173
0.734375,0.71875,0.08797208464162548
0.7421875,0.7265625,0.08544312130293362
0.75,0.734375,0.0829089461128721
0.7578125,0.7421875,0.08036971364731005
0.765625,0.75,0.07782557878902299
0.7734375,0.7578125,0.07527669671822174
0.78125,0.765625,0.0727232229030562
0.7890625,0.7734375,0.0701653130900944
0.796875,0.78125,0.0676031232947745
0.8046875,0.7890625,0.0650368097918298
0.8125,0.796875,0.06246652910568426
0.8203125,0.8046875,0.05989243800081624
0.828125,0.8125,0.057314693472088
0.8359375,0.8203125,0.05473345273503656
0.84375,0.828125,0.05214887321612097
0.8515625,0.8359375,0.04956111254291863
0.859375,0.84375,0.04697032853426214
0.8671875,0.8515625,0.04437667919030348
0.875,0.859375,0.041780322682489435
0.8828125,0.8671875,0.0391814173434241
0.890625,0.875,0.036580121656586896
0.8984375,0.8828125,0.0339765942458594
0.90625,0.890625,0.03137099386479468
0.9140625,0.8984375,0.02876347938552978
0.921875,0.90625,0.026154209787191834
0.9296875,0.9140625,0.02354334414356236
0.9375,0.921875,0.02093104160961918
0.9453125,0.9296875,0.018317461406313542
0.953125,0.9375,0.015702762802445345
0.9609375,0.9453125,0.01308710509150501
0.96875,0.953125,0.01047064755919809
0.9765625,0.9609375,0.007853549432272898
0.984375,0.96875,0.005235969785821086
0.9921875,0.9765625,0.0026180673460592207
1.0,0.984375,0.0
0.0234375,0.0,0.2776915274086691
0.03125,0.0078125,0.2762167989214832
0.0390625,0.015625,0.2747252270364458
0.046875,0.0234375,0.27321689939335786
0.0546875,0.03125,0.271691904988864
0.0625,0.0390625,0.27015033510331643
0.0703125,0.046875,0.26859228280146563
0.078125,0.0546875,0.26701784258424
0.0859375,0.0625,0.2654271101960818
0.09375,0.0703125,0.26382018251845607
0.1015625,0.078125,0.26219715750816514
0.109375,0.0859375,0.2605581341592681
0.1171875,0.09375,0.25890321247784076
0.125,0.1015625,0.2572324934639688
0.1328125,0.109375,0.2555460790979539
0.140625,0.1171875,0.2538440723290496
0.1484375,0.125,0.2521265770657572
0.15625,0.1328125,0.2503936981671016
0.1640625,0.140625,0.2486455414345344
0.171875,0.1484375,0.24688221360424506
0.1796875,0.15625,0.2451038223397302
0.1875,0.1640625,0.24331047622453292
0.1953125,0.171875,0.24150228475508706
0.203125,0.1796875,0.2396793583336206
0.2109375,0.1875,0.2378418082610926
0.21875,0.1953125,0.2359897467301386
0.2265625,0.203125,0.23412328681801256
0.234375,0.2109375,0.23224254247951095
0.2421875,0.21875,0.23034762853987503
0.25,0.2265625,0.228438660687662
0.2578125,0.234375,0.22651575546758349
0.265625,0.2421875,0.22457903027330556
0.2734375,0.25,0.22262860334021087
0.28125,0.2578125,0.22066459373811825
0.2890625,0.265625,0.218687121363961
0.296875,0.2734375,0.2166963069344212
0.3046875,0.28125,0.21469227197852067
0.3125,0.2890625,0.21267513883016687
0.3203125,0.296875,0.2106450306206551
0.328125,0.3046875,0.20860207127112582
0.3359375,0.3125,0.2065463854849768
0.34375,0.3203125,0.2044780987402314
0.3515625,0.328125,0.20239733728186243
0.359375,0.3359375,0.2003042281140705
0.3671875,0.34375,0.1981988989925205
0.375,0.3515625,0.196081478416533
0.3828125,0.359375,0.19395209562123245
0.390625,0.3671875,0.19181088056965276
0.3984375,0.375,0.18965796394479986
0.40625,0.3828125,0.18749347714167253
0.4140625,0.390625,0.18531755225924018
0.421875,0.3984375,0.18313032209238042
0.4296875,0.40625,0.18093192012377501
0.4375,0.4140625,0.17872248051576523
0.4453125,0.421875,0.17650213810216614
0.453125,0.4296875,0.1742710283800434
0.4609375,0.4375,0.17202928750144778
0.46875,0.4453125,0.16977705226511328
0.4765625,0.453125,0.16751446010811483
0.484375,0.4609375,0.16524164909748942
0.4921875,0.46875,0.1629587579218188
0.5,0.4765625,0.16066592588277603
0.5078125,0.484375,0.15836329288663425
0.515625,0.4921875,0.1560509994357398
0.5234375,0.5,0.1537291866199503
0.53125,0.5078125,0.1513979961080367
0.5390625,0.515625,0.14905757013905038
0.546875,0.5234375,0.14670805151365668
0.5546875,0.53125,0.14434958358543457
0.5625,0.5390625,0.1419823102521427
0.5703125,0.546875,0.13960637594695277
0.578125,0.5546875,0.13722192562964955
0.5859375,0.5625,0.13482910477780147
0.59375,0.5703125,0.13242805937789737
0.6015625,0.578125,0.13001893591645278
0.609375,0.5859375,0.12760188137108724
0.6171875,0.59375,0.12517704320157014
0.625,0.6015625,0.12274456934083715
0.6328125,0.609375,0.12030460818597877
0.640625,0.6171875,0.11785730858919892
0.6484375,0.625,0.11540281984874673
0.65625,0.6328125,0.11294129169981945
0.6640625,0.640625,0.11047287430543942
0.671875,0.6484375,0.10799771824730316
0.6796875,0.65625,0.10551597451660515
0.6875,0.6640625,0.1030277945048347
0.6953125,0.671875,0.10053332999454877
0.703125,0.6796875,0.09803273315011748
0.7109375,0.6875,0.09552615650844704
0.71875,0.6953125,0.09301375296967676
0.7265625,0.703125,0.09049567578785234
0.734375,0.7109375,0.0879720785615751
0.7421875,0.71875,0.08544311522462719
0.75,0.7265625,0.08290894003657323
0.7578125,0.734375,0.08036970757333849
0.765625,0.7421875,0.07782557271776193
0.7734375,0.75,0.07527669065012675
0.78125,0.7578125,0.07272321683866546
0.7890625,0.765625,0.07016530703004012
0.796875,0.7734375,0.06760311723979631
0.8046875,0.78125,0.06503680374279028
0.8125,0.7890625,0.0624665230635873
0.8203125,0.796875,0.05989243196682912
0.828125,0.8046875,0.057314687447567396
0.8359375,0.8125,0.05473344672156042
0.84375,0.8203125,0.05214886721552742
0.8515625,0.828125,0.04956110655735422
0.859375,0.8359375,0.04697032256624185
0.8671875,0.84375,0.044376673242787094
0.875,0.8515625,0.04178031675897917
0.8828125,0.859375,0.03918141144809163
0.890625,0.8671875,0.036580115794441
0.8984375,0.875,0.03397658842297122
0.90625,0.8828125,0.03137098808860572
0.9140625,0.890625,0.02876347366528294
0.921875,0.8984375,0.02615420413454853
0.9296875,0.90625,0.023543338573511714
0.9375,0.9140625,0.020931036141861318
0.9453125,0.921875,0.018317456067445954
0.953125,0.9296875,0.015702757629578633
0.9609375,0.9375,0.013087100138580218
0.96875,0.9453125,0.0104706429087972
0.9765625,0.953125,0.00785354521966426
0.984375,0.9609375,0.005235966253588207
0.9921875,0.96875,0.002618064987194339
1.0,0.9765625,0.0
0.03125,0.0,0.27621679737911176
0.0390625,0.0078125,0.2747252280043413
0.046875,0.015625,0.2732168998193712
0.0546875,0.0234375,0.2716919044444239
0.0625,0.03125,0.2701503336846692
0.0703125,0.0390625,0.2685922806793886
0.078125,0.046875,0.2670178399089444
0.0859375,0.0546875,0.2654271070839497
0.09375,0.0625,0.2638201790566972
0.1015625,0.0703125,0.26219715376186603
0.109375,0.078125,0.26055813017736124
0.1171875,0.0859375,0.25890320829756014
0.125,0.09375,0.2572324891140453
0.1328125,0.1015625,0.25554607460088447
0.140625,0.109375,0.2538440677027112
0.1484375,0.1171875,0.2521265723245629
0.15625,0.125,0.25039369332283723
0.1640625,0.1328125,0.24864553649697177
0.171875,0.140625,0.24688220858159382
0.1796875,0.1484375,0.24510381723897698
0.1875,0.15625,0.24331047105169737
0.1953125,0.1640625,0.24150227951541667
0.203125,0.171875,0.23967935303174134
0.2109375,0.1796875,0.23784180290112586
0.21875,0.1875,0.2359897413157924
0.2265625,0.1953125,0.23412328135265373
0.234375,0.203125,0.23224253696622257
0.2421875,0.2109375,0.23034762298150233
0.25,0.21875,0.2284386550868486
0.2578125,0.2265625,0.2265157498268015
0.265625,0.234375,0.22457902459487963
0.2734375,0.2421875,0.2226285976263375
0.28125,0.25,0.22066458799088193
0.2890625,0.2578125,0.21868711558534687
0.296875,0.265625,0.21669630112632582
0.3046875,0.2734375,0.2146922661427607
0.3125,0.28125,0.2126751329684865
0.3203125,0.2890625,0.21064502473473104
0.328125,0.296875,0.2086020653625724
0.3359375,0.3046875,0.20654637955534955
0.34375,0.3125,0.2044780927910301
0.3515625,0.3203125,0.20239733131453336
0.359375,0.328125,0.20030422213000865
0.3671875,0.3359375,0.19819889299307072
0.375,0.34375,0.19608147240299081
0.3828125,0.3515625,0.19395208959484542
0.390625,0.359375,0.19181087453162057
0.3984375,0.3671875,0.18965795789627501
0.40625,0.375,0.1874934710837604
0.4140625,0.3828125,0.1853175461929994
0.421875,0.390625,0.18313031601882268
0.4296875,0.3984375,0.1809319140438655
0.4375,0.40625,0.17872247443042227
0.4453125,0.4140625,0.17650213201226198
0.453125,0.421875,0.17427102228640365
0.4609375,0.4296875,0.1720292814048519
0.46875,0.4375,0.1697770461662947
0.4765625,0.4453125,0.1675144540077616
0.484375,0.453125,0.16524164299624475
0.4921875,0.4609375,0.16295875182028152
0.5,0.46875,0.16066591978150066
0.5078125,0.4765625,0.15836328678613312
0.515625,0.484375,0.1560509933364829
0.5234375,0.4921875,0.15372918052236714
0.53125,0.5,0.15139799001251714
0.5390625,0.5078125,0.14905756404594642
0.546875,0.515625,0.14670804542328336
0.5546875,0.5234375,0.14434957749807278
0.5625,0.53125,0.14198230416803984
0.5703125,0.5390625,0.13960636986632546
0.578125,0.546875,0.13722191955268537
0.5859375,0.5546875,0.1348290987046616
0.59375,0.5625,0.13242805330871862
0.6015625,0.5703125,0.1300189298513505
0.609375,0.578125,0.12760187531015746
0.6171875,0.5859375,0.12517703714489262
0.625,0.59375,0.12274456328847869
0.6328125,0.6015625,0.12030460213799543
0.640625,0.609375,0.11785730254563981
0.6484375,0.6171875,0.11540281380965688
0.65625,0.625,0.11294128566524395
0.6640625,0.6328125,0.11047286827542623
0.671875,0.640625,0.10799771222190753
0.6796875,0.6484375,0.10551596849589324
0.6875,0.65625,0.10302778848888819
0.6953125,0.6640625,0.10053332398346874
0.703125,0.671875,0.09803272714402964
0.7109375,0.6796875,0.0955261505075067
0.71875,0.6875,0.09301374697407414
0.7265625,0.6953125,0.09049566979781858
0.734375,0.703125,0.08797207257738872
0.7421875,0.7109375,0.08544310924662117
0.75,0.71875,0.08290893406514253
0.7578125,0.7265625,0.08036970160894888
0.765625,0.734375,0.07782556676096006
0.7734375,0.7421875,0.07527668470155072
0.78125,0.75,0.07272321089905742
0.7890625,0.7578125,0.07016530110026074
0.796875,0.765625,0.0676031113208415
0.8046875,0.7734375,0.06503679783581058
0.8125,0.78125,0.062466517169910786
0.8203125,0.7890625,0.05989242608798845
0.828125,0.796875,0.05731468158533253
0.8359375,0.8046875,0.0547334408779778
0.84375,0.8125,0.052148861392967705
0.8515625,0.8203125,0.04956110075857136
0.859375,0.828125,0.046970316794446264
0.8671875,0.8359375,0.04437666750173794
0.875,0.84375,0.04178031105310129
0.8828125,0.8515625,0.03918140578262694
0.890625,0.859375,0.03658011017564598
0.8984375,0.8671875,0.03397658285837919
0.90625,0.875,0.03137098258738133
0.9140625,0.8828125,0.028763468238710194
0.921875,0.890625,0.02615419879671771
0.9296875,0.8984375,0.023543333342310284
0.9375,0.90625,0.020931031040444022
0.9453125,0.9140625,0.018317451126488225
0.953125,0.921875,0.015702752890864275
0.9609375,0.9296875,0.013087095660974178
0.96875,0.9375,0.010470638778729752
0.9765625,0.9453125,0.007853541570729717
0.984375,0.953125,0.0052359633059831405
0.9921875,0.9609375,0.002618063133597322
1.0,0.96875,0.0
0.0390625,0.0,0.27472522371061425
0.046875,0.0078125,0.27321689782236364
0.0546875,0.015625,0.27169190265074544
0.0625,0.0234375,0.27015033153761475
0.0703125,0.03125,0.268592278079175
0.078125,0.0390625,0.2670178368855476
0.0859375,0.046875,0.26542710369659606
0.09375,0.0546875,0.26382017536368
0.1015625,0.0625,0.2621971498127725
0.109375,0.0703125,0.26055812601235134
0.1171875,0.078125,0.25890320394863664
0.125,0.0859375,0.25723248460665893
0.1328125,0.09375,0.25554606995537305
0.140625,0.1015625,0.25384406293546335
0.1484375,0.109375,0.2521265674489216
0.15625,0.1171875,0.25039368834978976
0.1640625,0.125,0.24864553143567258
0.171875,0.1328125,0.24688220343976264
0.1796875,0.140625,0.24510381202320294
0.1875,0.1484375,0.24331046576767087
0.1953125,0.15625,0.24150227416810957
0.203125,0.1640625,0.23967934762554602
0.2109375,0.171875,0.23784179743996392
0.21875,0.1796875,0.23598973580320123
0.2265625,0.1875,0.2341232757918531
0.234375,0.1953125,0.23224253136016912
0.2421875,0.203125,0.2303476173329326
0.25,0.2109375,0.22843864939831401
0.2578125,0.21875,0.2265157441006953
0.265625,0.2265625,0.22457901883346007
0.2734375,0.234375,0.2226285918317461
0.28125,0.2421875,0.22066458216515816
0.2890625,0.25,0.2186871097304404
0.296875,0.2578125,0.216696295244106
0.3046875,0.265625,0.2146922602350247
0.3125,0.2734375,0.21267512703696545
0.3203125,0.28125,0.21064501878109573
0.328125,0.2890625,0.20860205938843673
0.3359375,0.296875,0.20654637356227434
0.34375,0.3046875,0.2044780867805252
0.3515625,0.3125,0.20239732528805962
0.359375,0.3203125,0.20030421608897966
0.3671875,0.328125,0.19819888693885362
0.375,0.3359375,0.1960814663369073
0.3828125,0.34375,0.19395208351817161
0.390625,0.3515625,0.191810868445588
0.3984375,0.359375,0.18965795180206996
0.40625,0.3671875,0.18749346498252425
0.4140625,0.375,0.18531754008582868
0.421875,0.3828125,0.18313030990676862
0.4296875,0.390625,0.18093190792793384
0.4375,0.3984375,0.17872246831157312
0.4453125,0.40625,0.17650212589140984
0.453125,0.4140625,0.174271016164417
0.4609375,0.421875,0.17202927528255355
0.46875,0.4296875,0.1697770400444613
0.4765625,0.4375,0.16751444788712463
0.484375,0.4453125,0.1652416368774901
0.4921875,0.453125,0.16295874570404997
0.5,0.4609375,0.16066591366838956
0.5078125,0.46875,0.1583632806766953
0.515625,0.4765625,0.1560509872312293
0.5234375,0.484375,0.15372917442176634
0.53125,0.4921875,0.15139798391699763
0.5390625,0.5,0.14905755795589756
0.546875,0.5078125,0.1467080393390574
0.5546875,0.515625,0.14434957141998572
0.5625,0.5234375,0.14198229809637422
0.5703125,0.53125,0.13960636380133157
0.578125,0.5390625,0.13722191349458443
0.5859375,0.546875,0.13482909265364712
0.59375,0.5546875,0.13242804726495977
0.6015625,0.5625,0.13001892381499447
0.609375,0.5703125,0.1276018692813324
0.6171875,0.578125,0.12517703112371076
0.625,0.5859375,0.12274455727503904
0.6328125,0.59375,0.120304596132388
0.640625,0.6015625,0.11785729654794853
0.6484375,0.609375,0.11540280781996336
0.65625,0.6171875,0.11294127968363125
0.6640625,0.625,0.11047286230198353
0.671875,0.6328125,0.10799770625673384
0.6796875,0.640625,0.10551596253910227
0.6875,0.6484375,0.10302778254061289
0.6953125,0.65625,0.1005333180438666
0.703125,0.6640625,0.09803272121328817
0.7109375,0.671875,0.0955261445858491
0.71875,0.6796875,0.09301374106176578
0.7265625,0.6875,0.09049566389517377
0.734375,0.6953125,0.08797206668477801
0.7421875,0.703125,0.08544310336447991
0.75,0.7109375,0.08290892819397967
0.7578125,0.71875,0.08036969574935698
0.765625,0.7265625,0.07782556091362668
0.7734375,0.734375,0.07527667886727142
0.78125,0.7421875,0.07272320507875016
0.7890625,0.75,0.07016529529498251
0.796875,0.7578125,0.06760310553180765
0.8046875,0.765625,0.06503679206441748
0.8125,0.7734375,0.06246651141776195
0.8203125,0.78125,0.05989242035692587
0.828125,0.7890625,0.05731467587747384
0.8359375,0.796875,0.05473343519576109
0.84375,0.8046875,0.05214885573920574
0.8515625,0.8125,0.04956109513651796
0.859375,0.8203125,0.046970311207878576
0.8671875,0.828125,0.04437666195505887
0.875,0.8359375,0.04178030555146919
0.8828125,0.84375,0.03918140033212092
0.890625,0.8515625,0.03658010478348031
0.8984375,0.859375,0.03397657753318454
0.90625,0.8671875,0.03137097733958006
0.9140625,0.875,0.0287634630810253
0.921875,0.8828125,0.026154193744877097
0.9296875,0.890625,0.023543328416042078
0.9375,0.8984375,0.020931026264918266
0.9453125,0.90625,0.01831744653446316
0.953125,0.9140625,0.015702748525983915
0.9609375,0.921875,0.013087091583019074
0.96875,0.9296875,0.010470635072323839
0.9765625,0.9375,0.007853538360441788
0.984375,0.9453125,0.005235960783763023
0.9921875,0.953125,0.0026180616104157883
1.0,0.9609375,0.0
0.046875,0.0,0.2732168922020437
0.0546875,0.0078125,0.2716918988892198
0.0625,0.015625,0.2701503282429251
0.0703125,0.0234375,0.26859227474882985
0.078125,0.03125,0.26701783335588974
0.0859375,0.0390625,0.2654270999301976
0.09375,0.046875,0.26382017136827596
0.1015625,0.0546875,0.26219714561020496
0.109375,0.0625,0.2605581216268275
0.1171875,0.0703125,0.2589031994025672
0.125,0.078125,0.25723247991947557
0.1328125,0.0859375,0.25554606514347994
0.140625,0.09375,0.2538440580125778
0.1484375,0.1015625,0.25212656242650633
0.15625,0.109375,0.2503936832374635
0.1640625,0.1171875,0.24864552624156455
0.171875,0.125,0.24688219817080348
0.1796875,0.1328125,0.24510380668535986
0.1875,0.140625,0.24331046036613543
0.1953125,0.1484375,0.2415022687074459
0.203125,0.15625,0.23967934210980948
0.2109375,0.1640625,0.2378417918727947
0.21875,0.171875,0.23598973018789904
0.2265625,0.1796875,0.2341232701314368
0.234375,0.1875,0.23224252565742443
0.2421875,0.1953125,0.23034761159045045
0.25,0.203125,0.22843864361852131
0.2578125,0.2109375,0.2265157382858804
0.265625,0.21875,0.22457901298579244
0.2734375,0.2265625,0.2226285859532928
0.28125,0.234375,0.22066457625789668
0.2890625,0.2421875,0.21868710379627004
0.296875,0.25,0.21669628928485626
0.3046875,0.2578125,0.21469225425246177
0.3125,0.265625,0.21267512103279793
0.3203125,0.2734375,0.2106450127569794
0.328125,0.28125,0.2086020533459776
0.3359375,0.2890625,0.2065463675030313
0.34375,0.296875,0.20447808070601203
0.3515625,0.3046875,0.2023973191997466
0.359375,0.3125,0.20030420998829412
0.3671875,0.3203125,0.1981988808271811
0.375,0.328125,0.1960814602155912
0.3828125,0.3359375,0.193952077388514
0.390625,0.34375,0.1918108623088488
0.3984375,0.3515625,0.18965794565946736
0.40625,0.359375,0.1874934588352336
0.4140625,0.3671875,0.18531753393498246
0.421875,0.375,0.18313030375345604
0.4296875,0.3828125,0.18093190177320018
0.4375,0.390625,0.1787224621564191
0.4453125,0.3984375,0.17650211973679159
0.453125,0.40625,0.17427101001124548
0.4609375,0.4140625,0.17202926913169442
0.46875,0.421875,0.16977703389673457
0.4765625,0.4296875,0.1675144417433046
0.484375,0.4375,0.16524163073830564
0.4921875,0.4453125,0.1629587395701851
0.5,0.453125,0.16066590754048293
0.5078125,0.4609375,0.1583632745553417
0.515625,0.46875,0.15605098111697985
0.5234375,0.4765625,0.15372916831513003
0.53125,0.484375,0.15139797781844158
0.5390625,0.4921875,0.14905755186584896
0.546875,0.5,0.14670803325790513
0.5546875,0.5078125,0.1443495653480816
0.5625,0.515625,0.14198229203403523
0.5703125,0.5234375,0.13960635774884195
0.578125,0.53125,0.13722190745219792
0.5859375,0.5390625,0.1348290866215896
0.59375,0.546875,0.13242804124343147
0.6015625,0.5546875,0.13001891780417346
0.609375,0.5625,0.12760186328137743
0.6171875,0.5703125,0.12517702513476428
0.625,0.578125,0.12274455129723094
0.6328125,0.5859375,0.12030459016583911
0.640625,0.59375,0.11785729059277457
0.6484375,0.6015625,0.11540280187627901
0.65625,0.609375,0.11294127375155415
0.6640625,0.6171875,0.11047285638163892
0.671875,0.625,0.10799770034825955
0.6796875,0.6328125,0.10551595664265344
0.6875,0.640625,0.10302777665636739
0.6953125,0.6484375,0.10053331217203086
0.703125,0.65625,0.09803271535410311
0.7109375,0.6640625,0.09552613873959667
0.71875,0.671875,0.09301373522877607
0.7265625,0.6796875,0.09049565807583258
0.734375,0.6875,0.08797206087953523
0.7421875,0.6953125,0.08544309757385853
0.75,0.703125,0.08290892241858631
0.7578125,0.7109375,0.08036968998989266
0.765625,0.71875,0.07782555517089979
0.7734375,0.7265625,0.07527667314221177
0.78125,0.734375,0.07272319937242533
0.7890625,0.7421875,0.07016528960861625
0.796875,0.75,0.0676030998668013
0.8046875,0.7578125,0.06503678642237466
0.8125,0.765625,0.06246650580051767
0.8203125,0.7734375,0.059892414766580644
0.828125,0.78125,0.05731467031643428
0.8359375,0.7890625,0.05473342966678842
0.84375,0.796875,0.05214885024547452
0.8515625,0.8046875,0.04956108968168731
0.859375,0.8125,0.04697030579617998
0.8671875,0.8203125,0.04437665659140472
0.875,0.828125,0.041780300241589026
0.8828125,0.8359375,0.03918139508273406
0.890625,0.84375,0.036580099602516854
0.8984375,0.8515625,0.03397657243007267
0.90625,0.859375,0.031370972325624066
0.9140625,0.8671875,0.028763458169911514
0.921875,0.875,0.02615418895336182
0.9296875,0.8828125,0.02354332376490534
0.9375,0.890625,0.02093102178031368
0.9453125,0.8984375,0.018317442249873465
0.953125,0.90625,0.015702744485127176
0.9609375,0.9140625,0.013087087844291374
0.96875,0.921875,0.010470631715798876
0.9765625,0.9296875,0.00785353549924117
0.984375,0.9375,0.005235958583007993
0.9921875,0.9453125,0.0026180603189816347
1.0,0.953125,0.0
0.0546875,0.0,0.2716918925220058
0.0625,0.0078125,0.2701503233549336
0.0703125,0.015625,0.2685922703989709
0.078125,0.0234375,0.2670178291318131
0.0859375,0.03125,0.2654270956594445
0.09375,0.0390625,0.2638201669843945
0.1015625,0.046875,0.2621971410930666
0.109375,0.0546875,0.2605581169760469
0.1171875,0.0625,0.2589031946256096
0.125,0.0703125,0.25723247502635427
0.1328125,0.078125,0.25554606014445286
0.140625,0.0859375,0.25384405291721435
0.1484375,0.09375,0.2521265572433792
0.15625,0.1015625,0.2503936779741176
0.1640625,0.109375,0.24864552090459965
0.171875,0.1171875,0.24688219276599413
0.1796875,0.125,0.2451038012177792
0.1875,0.1328125,0.2433104548402701
0.1953125,0.140625,0.24150226312729506
0.203125,0.1484375,0.23967933647896858
0.2109375,0.15625,0.23784178619452523
0.21875,0.1640625,0.2359897244651855
0.2265625,0.171875,0.2341232643670342
0.234375,0.1796875,0.23224251985389605
0.2421875,0.1875,0.23034760575019889
0.25,0.1953125,0.22843863774381432
0.2578125,0.203125,0.22651573237887096
0.265625,0.2109375,0.22457900704853567
0.2734375,0.21875,0.22262857998775923
0.28125,0.2265625,0.22066457026598385
0.2890625,0.234375,0.2186870977798105
0.296875,0.2421875,0.216696283245625
0.3046875,0.25,0.21469224819218188
0.3125,0.2578125,0.21267511495314478
0.3203125,0.265625,0.21064500665958413
0.328125,0.2734375,0.20860204723242975
0.3359375,0.28125,0.2065463613748804
0.34375,0.2890625,0.2044780745647695
0.3515625,0.296875,0.20239731304688577
0.359375,0.3046875,0.20030420382525124
0.3671875,0.3125,0.19819887465535507
0.375,0.3203125,0.19608145403634392
0.3828125,0.328125,0.19395207120316946
0.390625,0.3359375,0.1918108561186927
0.3984375,0.34375,0.1896579394657465
0.40625,0.3515625,0.1874934526391551
0.4140625,0.359375,0.18531752773771318
0.421875,0.3671875,0.18313029755612126
0.4296875,0.375,0.18093189557688324
0.4375,0.3828125,0.17872245596216077
0.4453125,0.390625,0.17650211354558865
0.453125,0.3984375,0.17427100382405072
0.4609375,0.40625,0.1720292629494158
0.46875,0.4140625,0.1697770277202353
0.4765625,0.421875,0.16751443557340204
0.484375,0.4296875,0.16524162457577177
0.4921875,0.4375,0.16295873341574638
0.5,0.4453125,0.16066590139482068
0.5078125,0.453125,0.1583632684190924
0.515625,0.4609375,0.15605097499073567
0.5234375,0.46875,0.1537291621994398
0.53125,0.4765625,0.15139797171381192
0.5390625,0.484375,0.14905754577274521
0.546875,0.4921875,0.1467080271767529
0.5546875,0.5,0.14434955927926868
0.5625,0.5078125,0.14198228597791332
0.5703125,0.515625,0.13960635170572883
0.578125,0.5234375,0.13722190142237983
0.5859375,0.53125,0.1348290806053238
0.59375,0.5390625,0.13242803524094895
0.6015625,0.546875,0.13001891181568204
0.609375,0.5546875,0.12760185730706503
0.6171875,0.5625,0.12517701917480226
0.625,0.5703125,0.12274454535177788
0.6328125,0.578125,0.1203045842350446
0.640625,0.5859375,0.11785728467678333
0.6484375,0.59375,0.11540279597523533
0.65625,0.6015625,0.11294126786560663
0.6640625,0.609375,0.11047285051094488
0.671875,0.6171875,0.10799769449299051
0.6796875,0.625,0.1055159508030007
0.6875,0.6328125,0.10302777083254774
0.6953125,0.640625,0.10053330636429263
0.703125,0.6484375,0.0980327095627329
0.7109375,0.65625,0.09552613296492653
0.71875,0.6640625,0.09301372947119108
0.7265625,0.671875,0.09049565233577928
0.734375,0.6796875,0.08797205515753065
0.7421875,0.6875,0.08544309187050014
0.75,0.6953125,0.08290891673456315
0.7578125,0.703125,0.08036968432599746
0.765625,0.7109375,0.07782554952804267
0.7734375,0.71875,0.07527666752143566
0.78125,0.7265625,0.0727231937749235
0.7890625,0.734375,0.07016528403575215
0.796875,0.7421875,0.06760309432013153
0.8046875,0.75,0.06503678090367536
0.8125,0.7578125,0.062466500311815554
0.8203125,0.765625,0.05989240931018907
0.828125,0.7734375,0.05731466489499621
0.8359375,0.78125,0.05473342428332749
0.84375,0.7890625,0.052148844903456254
0.8515625,0.796875,0.04956108438509329
0.859375,0.8046875,0.04697030054959839
0.8671875,0.8125,0.04437665140014186
0.875,0.8203125,0.041780295111807926
0.8828125,0.828125,0.03918139002162843
0.890625,0.8359375,0.03658009461853219
0.8984375,0.84375,0.03397656753319008
0.90625,0.8515625,0.031370967527729506
0.9140625,0.859375,0.028763453485282676
0.921875,0.8671875,0.02615418439932007
0.9296875,0.875,0.023543319362702587
0.9375,0.8828125,0.02093101755636077
0.9453125,0.890625,0.018317438237474348
0.953125,0.8984375,0.01570274072697849
0.9609375,0.90625,0.013087084396163799
0.96875,0.9140625,0.010470628652077882
0.9765625,0.921875,0.007853532921426716
0.984375,0.9296875,0.005235956632886818
0.9921875,0.9375,0.002618059198723203
1.0,0.9453125,0.0
0.0625,0.0,0.2701503165132115
0.0703125,0.0078125,0.268592264745227
0.078125,0.015625,0.2670178240114024
0.0859375,0.0234375,0.2654270907437897
0.09375,0.03125,0.2638201621133346
0.1015625,0.0390625,0.2621971361906532
0.109375,0.046875,0.26055811200813866
0.1171875,0.0546875,0.25890318957875724
0.125,0.0625,0.25723246989724846
0.1328125,0.0703125,0.25554605493461435
0.140625,0.078125,0.2538440476303167
0.1484375,0.0859375,0.2521265518839038
0.15625,0.09375,0.2503936725466937
0.1640625,0.1015625,0.24864551541369626
0.171875,0.109375,0.24688218721579214
0.1796875,0.1171875,0.245103795612135
0.1875,0.125,0.2433104491827226
0.1953125,0.1328125,0.24150225742109263
0.203125,0.140625,0.23967933072710315
0.2109375,0.1484375,0.23784178039976686
0.21875,0.15625,0.2359897186301142
0.2265625,0.1640625,0.23412325849406865
0.234375,0.171875,0.23224251394531828
0.2421875,0.1796875,0.23034759980817524
0.25,0.1875,0.22843863177041274
0.2578125,0.1953125,0.22651572637607553
0.265625,0.203125,0.22457900101825887
0.2734375,0.2109375,0.22262857393185134
0.28125,0.21875,0.22066456418624092
0.2890625,0.2265625,0.21868709167798053
0.296875,0.234375,0.2166962771234135
0.3046875,0.2421875,0.21469224205125514
0.3125,0.25,0.21267510879513282
0.3203125,0.2578125,0.2106450004860832
0.328125,0.265625,0.2086020410450037
0.3359375,0.2734375,0.20654635517506167
0.34375,0.28125,0.20447806835405943
0.3515625,0.2890625,0.20239730682675486
0.359375,0.296875,0.20030419759713883
0.3671875,0.3046875,0.19819886842066897
0.375,0.3125,0.19608144779645953
0.3828125,0.3203125,0.19395206495942907
0.390625,0.328125,0.1918108498724044
0.3984375,0.3359375,0.18965793321818314
0.40625,0.34375,0.1874934463915531
0.4140625,0.3515625,0.18531752149127115
0.421875,0.359375,0.18313029131199937
0.4296875,0.3671875,0.18093188933620144
0.4375,0.375,0.1787224497259981
0.4453125,0.3828125,0.1765021073149821
0.453125,0.390625,0.17427099759999412
0.4609375,0.3984375,0.17202925673285926
0.46875,0.40625,0.16977702151208435
0.4765625,0.4140625,0.16751442937451722
0.484375,0.421875,0.1652416183869681
0.4921875,0.4296875,0.16295872723779334
0.5,0.4375,0.16066589522844224
0.5078125,0.4453125,0.158363262264967
0.515625,0.453125,0.15605096884949698
0.5234375,0.4609375,0.1537291560716772
0.53125,0.46875,0.15139796560007143
0.5390625,0.4765625,0.1490575396735307
0.546875,0.484375,0.1467080210925273
0.5546875,0.4921875,0.14434955321045587
0.5625,0.5,0.14198227992489987
0.5703125,0.5078125,0.13960634566886593
0.578125,0.515625,0.1372218954019862
0.5859375,0.5234375,0.13482907460168772
0.59375,0.53125,0.13242802925433148
0.6015625,0.5390625,0.13001890584632006
0.609375,0.546875,0.12760185135517463
0.6171875,0.5546875,0.12517701324058225
0.625,0.5625,0.12274453943541375
0.6328125,0.5703125,0.1203045783367126
0.640625,0.578125,0.11785727879665474
0.6484375,0.5859375,0.11540279011348133
0.65625,0.59375,0.112941262022403
0.6640625,0.6015625,0.11047284468647744
0.671875,0.609375,0.10799768868746018
0.6796875,0.6171875,0.10551594501662978
0.6875,0.625,0.10302776506558607
0.6953125,0.6328125,0.1005333006170241
0.703125,0.640625,0.09803270383548267
0.7109375,0.6484375,0.0955261272580687
0.71875,0.65625,0.0930137237851568
0.7265625,0.6640625,0.0904956466710657
0.734375,0.671875,0.08797204951471084
0.7421875,0.6796875,0.08544308625023346
0.75,0.6875,0.08290891113760716
0.7578125,0.6953125,0.080369678753221
0.765625,0.703125,0.07782554398044023
0.7734375,0.7109375,0.07527666200014381
0.78125,0.71875,0.0727231882812392
0.7890625,0.7265625,0.07016527857115383
0.796875,0.734375,0.06760308888630331
0.8046875,0.7421875,0.06503677550253431
0.8125,0.75,0.062466494945544127
0.8203125,0.7578125,0.05989240398127269
0.828125,0.765625,0.05731465960626743
0.8359375,0.7734375,0.05473341903801837
0.84375,0.78125,0.05214883970526109
0.8515625,0.7890625,0.04956107923824391
0.859375,0.796875,0.04697029545895543
0.8671875,0.8046875,0.044376646371306595
0.875,0.8125,0.041780290151260085
0.8828125,0.8203125,0.039181385136897874
0.890625,0.828125,0.03658008981841478
0.8984375,0.8359375,0.033976562828022035
0.90625,0.84375,0.031370962929740114
0.9140625,0.8515625,0.028763449009053203
0.921875,0.859375,0.0261541800623886
0.9296875,0.8671875,0.023543315186372784
0.9375,0.875,0.02093101356679903
0.9453125,0.8828125,0.018317434467222293
0.953125,0.890625,0.015702737217071973
0.9609375,0.8984375,0.013087081199150098
0.96875,0.90625,0.010470625836374894
0.9765625,0.9140625,0.007853530577684047
0.984375,0.921875,0.005235954883253192
0.9921875,0.9296875,0.0026180582099452586
1.0,0.9375,0.0
0.0703125,0.0,0.26859225757221417
0.078125,0.0078125,0.267017817807626
0.0859375,0.015625,0.26542708504015716
0.09375,0.0234375,0.26382015664946223
0.1015625,0.03125,0.26219713082520285
0.109375,0.0390625,0.26055810666524043
0.1171875,0.046875,0.25890318421823166
0.125,0.0546875,0.2572324644983998
0.1328125,0.0625,0.25554604948742143
0.140625,0.0703125,0.2538440421306134
0.1484375,0.078125,0.25212654633072185
0.15625,0.0859375,0.25039366694078463
0.1640625,0.09375,0.24864550975670724
0.171875,0.1015625,0.2468821815098071
0.1796875,0.109375,0.24510378985941972
0.1875,0.1171875,0.2433104433855882
0.1953125,0.125,0.24150225158182342
0.203125,0.1328125,0.23967932484792276
0.2109375,0.140625,0.23784177448282456
0.21875,0.1484375,0.2359897126774834
0.2265625,0.15625,0.23412325250774993
0.234375,0.1640625,0.23224250792724613
0.2421875,0.171875,0.23034759376022515
0.25,0.1796875,0.22843862569440807
0.2578125,0.1875,0.2265157202737942
0.265625,0.1953125,0.22457899489143898
0.2734375,0.203125,0.22262856778219597
0.28125,0.2109375,0.22066455801542217
0.2890625,0.21875,0.21868708548764262
0.296875,0.2265625,0.2166962709151747
0.3046875,0.234375,0.21469223582671026
0.3125,0.2421875,0.21267510255585426
0.3203125,0.25,0.2106449942336208
0.328125,0.2578125,0.20860203478088576
0.3359375,0.265625,0.20654634890079457
0.34375,0.2734375,0.20447806207112693
0.3515625,0.28125,0.20239730053661772
0.359375,0.2890625,0.20030419130123361
0.3671875,0.296875,0.19819886212040672
0.375,0.3046875,0.1960814414932249
0.3828125,0.3125,0.1939520586545784
0.390625,0.3203125,0.1918108435672646
0.3984375,0.328125,0.1896579269140499
0.40625,0.3359375,0.18749344008968943
0.4140625,0.34375,0.18531751519290554
0.421875,0.3515625,0.1831302850183244
0.4296875,0.359375,0.1809318830483723
0.4375,0.3671875,0.17872244344513097
0.4453125,0.375,0.17650210104215286
0.453125,0.3828125,0.17427099133623705
0.4609375,0.390625,0.1720292504791659
0.46875,0.3984375,0.16977701526940256
0.4765625,0.40625,0.16751442314375037
0.484375,0.4140625,0.16524161216897434
0.4921875,0.421875,0.16295872103338518
0.5,0.4296875,0.1606658890383865
0.5078125,0.4375,0.1583632560899846
0.515625,0.4453125,0.15605096269026345
0.5234375,0.453125,0.15372914992882275
0.53125,0.4609375,0.1513979594741821
0.5390625,0.46875,0.1490575335651493
0.546875,0.4765625,0.14670801500215463
0.5546875,0.484375,0.14434954713855205
0.5625,0.4921875,0.1419822738718865
0.5703125,0.5,0.13960633963512808
0.578125,0.5078125,0.13722188938787463
0.5859375,0.515625,0.13482906860752178
0.59375,0.5234375,0.13242802328040193
0.6015625,0.53125,0.13001889989289214
0.609375,0.5390625,0.12760184542249156
0.6171875,0.546875,0.1251770073288693
0.625,0.5546875,0.12274453354488181
0.6328125,0.5625,0.1203045724675627
0.640625,0.5703125,0.11785727294908264
0.6484375,0.578125,0.11540278428768236
0.65625,0.5859375,0.11294125621857727
0.6640625,0.59375,0.11047283890483528
0.671875,0.6015625,0.10799768292822814
0.6796875,0.609375,0.10551593928005641
0.6875,0.6171875,0.10302775935194915
0.6953125,0.625,0.10053329492663714
0.703125,0.6328125,0.09803269816870276
0.7109375,0.640625,0.09552612161530438
0.71875,0.6484375,0.09301371816687701
0.7265625,0.65625,0.09049564107780908
0.734375,0.6640625,0.08797204394709594
0.7421875,0.671875,0.08544308070897005
0.75,0.6796875,0.0829089056235085
0.7578125,0.6875,0.08036967326721764
0.765625,0.6953125,0.077825538523595
0.7734375,0.703125,0.07527665657366894
0.78125,0.7109375,0.07272318288651547
0.7890625,0.71875,0.07016527320975235
0.796875,0.7265625,0.06760308356001002
0.8046875,0.734375,0.06503677021337893
0.8125,0.7421875,0.062466489695832704
0.8203125,0.75,0.05989239877362611
0.828125,0.7578125,0.05731465444366618
0.8359375,0.765625,0.054733413923855556
0.84375,0.7734375,0.05214883464340525
0.8515625,0.78125,0.0495610742331143
0.859375,0.7890625,0.04697029051561263
0.8671875,0.796875,0.044376641495562585
0.875,0.8046875,0.04178028534981312
0.8828125,0.8125,0.039181380417498954
0.890625,0.8203125,0.036580085190075114
0.8984375,0.828125,0.03397655830127404
0.90625,0.8359375,0.031370958516969076
0.9140625,0.84375,0.028763444724923214
0.921875,0.8515625,0.026154175924395978
0.9296875,0.859375,0.02354331121557356
0.9375,0.8671875,0.020931009788777183
0.9453125,0.875,0.01831743091339512
0.953125,0.8828125,0.01570273392647188
0.9609375,0.890625,0.013087078220884953
0.96875,0.8984375,0.010470623233055401
0.9765625,0.90625,0.007853528430210789
0.984375,0.9140625,0.005235953297433019
0.9921875,0.921875,0.0026180573252720086
1.0,0.9296875,0.0
0.078125,0.0,0.2670178103853405
0.0859375,0.0078125,0.26542707842186314
0.09375,0.015625,0.2638201504896291
0.1015625,0.0234375,0.2621971249165823
0.109375,0.03125,0.260558100885848
0.1171875,0.0390625,0.2589031784966673
0.125,0.046875,0.2572324587929385
0.1328125,0.0546875,0.2555460437737654
0.140625,0.0625,0.2538440363947646
0.1484375,0.0703125,0.252126540564821
0.15625,0.078125,0.250393661140662
0.1640625,0.0859375,0.24864550392042783
0.171875,0.09375,0.24688217563679685
0.1796875,0.1015625,0.24510378394993743
0.1875,0.109375,0.24331043744040184
0.1953125,0.1171875,0.24150224560201317
0.203125,0.125,0.23967931883475832
0.2109375,0.1328125,0.23784176843768998
0.21875,0.140625,0.23598970660183025
0.2265625,0.1484375,0.2341232464030693
0.234375,0.15625,0.23224250179505096
0.2421875,0.1640625,0.23034758760203952
0.25,0.171875,0.22843861951176098
0.2578125,0.1796875,0.226515714068216
0.265625,0.1875,0.22457898866445866
0.2734375,0.1953125,0.22262856153534033
0.28125,0.203125,0.22066455175021418
0.2890625,0.2109375,0.218687079205601
0.296875,0.21875,0.21669626461781277
0.3046875,0.2265625,0.21469222951553532
0.3125,0.234375,0.21267509623236638
0.3203125,0.2421875,0.21064498789931183
0.328125,0.25,0.20860202843723757
0.3359375,0.2578125,0.20654634254927817
0.34375,0.265625,0.2044780557132005
0.3515625,0.2734375,0.20239729417372473
0.359375,0.28125,0.20030418493480123
0.3671875,0.2890625,0.198198855751844
0.375,0.296875,0.19608143512392018
0.3828125,0.3046875,0.19395205228589804
0.390625,0.3125,0.19181083720055034
0.3984375,0.3203125,0.189657920550617
0.40625,0.328125,0.18749343373082442
0.4140625,0.3359375,0.18531750883986425
0.421875,0.34375,0.18313027867233006
0.4296875,0.3515625,0.1809318767106134
0.4375,0.359375,0.17872243711675925
0.4453125,0.3671875,0.17650209472428216
0.453125,0.375,0.17427098502994118
0.4609375,0.3828125,0.1720292441854773
0.46875,0.390625,0.16977700898931097
0.4765625,0.3984375,0.1675144168782017
0.484375,0.40625,0.16524160591886988
0.4921875,0.4140625,0.1629587147995809
0.5,0.421875,0.16066588282169203
0.5078125,0.4296875,0.1583632498911638
0.515625,0.4375,0.15605095651003387
0.5234375,0.4453125,0.15372914376785637
0.53125,0.453125,0.15139795333310535
0.5390625,0.4609375,0.1490575274445444
0.546875,0.46875,0.14670800890256044
0.5546875,0.4765625,0.14434954106046577
0.5625,0.484375,0.14198226781576498
0.5703125,0.4921875,0.13960633360139035
0.578125,0.5,0.13722188337690394
0.5859375,0.5078125,0.13482906261966837
0.59375,0.515625,0.13242801731598583
0.6015625,0.5234375,0.1300188939522066
0.609375,0.53125,0.12760183950580653
0.6171875,0.5390625,0.12517700143643518
0.625,0.546875,0.12274452767693377
0.6328125,0.5546875,0.12030456662432501
0.640625,0.5625,0.11785726713077357
0.6484375,0.5703125,0.11540277849451909
0.65625,0.578125,0.11294125045078136
0.6640625,0.5859375,0.11047283316263862
0.671875,0.59375,0.10799767721187879
0.6796875,0.6015625,0.10551593358982529
0.6875,0.609375,0.1030277536881369
0.6953125,0.6171875,0.10053328928958158
0.703125,0.625,0.09803269255878663
0.7109375,0.6328125,0.09552611603296401
0.71875,0.640625,0.09301371261261127
0.7265625,0.6484375,0.09049563555218941
0.734375,0.65625,0.08797203845077693
0.7421875,0.6640625,0.08544307524270124
0.75,0.671875,0.08290890018814698
0.7578125,0.6796875,0.08036966786374242
0.765625,0.6875,0.0778255331531226
0.7734375,0.6953125,0.07527665123747097
0.78125,0.703125,0.07272317758603815
0.7890625,0.7109375,0.07016526794663888
0.796875,0.71875,0.06760307833612571
0.8046875,0.7265625,0.0650367650308403
0.8125,0.734375,0.06246648455704053
0.8203125,0.7421875,0.05989239368130416
0.828125,0.75,0.05731464940090609
0.8359375,0.7578125,0.05473340893416963
0.84375,0.765625,0.05214882971078871
0.8515625,0.7734375,0.0495610693621195
0.859375,0.78125,0.04697028571143779
0.8671875,0.7890625,0.044376636764159
0.875,0.796875,0.04178028069801521
0.8828125,0.8046875,0.03918137585318388
0.890625,0.8125,0.03658008072235968
0.8984375,0.8203125,0.033976553940760046
0.90625,0.828125,0.031370954276051646
0.9140625,0.8359375,0.028763440618182028
0.921875,0.84375,0.0261541719690964
0.9296875,0.8515625,0.023543307432315065
0.9375,0.859375,0.02093100620234125
0.9453125,0.8671875,0.018317427553864656
0.953125,0.875,0.015702730830723207
0.9609375,0.8828125,0.013087075434591507
0.96875,0.890625,0.010470620813389177
0.9765625,0.8984375,0.007853526449473514
0.984375,0.90625,0.005235951847852876
0.9921875,0.9140625,0.0026180565250434108
1.0,0.921875,0.0
0.0859375,0.0,0.26542707080048106
0.09375,0.0078125,0.26382014354564287
0.1015625,0.015625,0.2621971183891091
0.109375,0.0234375,0.26055809460851315
0.1171875,0.03125,0.25890317236512395
0.125,0.0390625,0.2572324527419874
0.1328125,0.046875,0.2555460377625847
0.140625,0.0546875,0.2538440303977033
0.1484375,0.0625,0.2521265345657258
0.15625,0.0703125,0.25039365512938366
0.1640625,0.078125,0.24864549789065452
0.171875,0.0859375,0.24688216958470094
0.1796875,0.09375,0.24510377787331972
0.1875,0.1015625,0.24331043133814576
0.1953125,0.109375,0.24150223947373162
0.203125,0.1171875,0.2396793126805631
0.2109375,0.125,0.23784176225804002
0.21875,0.1328125,0.23598970039742945
0.2265625,0.140625,0.234123240174798
0.234375,0.1484375,0.23224249554391888
0.2421875,0.15625,0.23034758132915284
0.25,0.1640625,0.22843861321830006
0.2578125,0.171875,0.22651570775541796
0.265625,0.1796875,0.22457898233360588
0.2734375,0.1875,0.22262855518775085
0.28125,0.1953125,0.220664545387235
0.2890625,0.203125,0.21868707282860234
0.296875,0.2109375,0.2166962582281828
0.3046875,0.21875,0.21469222311467656
0.3125,0.2265625,0.21267508982169203
0.3203125,0.234375,0.21064498148024216
0.328125,0.2421875,0.20860202201119696
0.3359375,0.25,0.20654633611769194
0.34375,0.2578125,0.20447804927749225
0.3515625,0.265625,0.20239728773531301
0.359375,0.2734375,0.2003041784950971
0.3671875,0.28125,0.19819884931224777
0.375,0.2890625,0.19608142868581946
0.3828125,0.296875,0.19395204585066386
0.390625,0.3046875,0.1918108307695353
0.3984375,0.3125,0.18965791412515215
0.40625,0.3203125,0.18749342731221702
0.4140625,0.328125,0.1853175024293948
0.421875,0.3359375,0.1831302722712499
0.4296875,0.34375,0.18093187032014232
0.4375,0.3515625,0.17872243073808344
0.4453125,0.359375,0.17650208835855208
0.453125,0.3671875,0.17427097867826902
0.4609375,0.375,0.17202923784893567
0.46875,0.3828125,0.1697770026689311
0.4765625,0.390625,0.167514410574972
0.484375,0.3984375,0.16524159963373458
0.4921875,0.40625,0.16295870853343902
0.5,0.4140625,0.16066587657539713
0.5078125,0.421875,0.15836324366552257
0.515625,0.4296875,0.15605095030580662
0.5234375,0.4375,0.15372913758575701
0.53125,0.4453125,0.15139794717380153
0.5390625,0.453125,0.14905752130865818
0.546875,0.4609375,0.14670800279066962
0.5546875,0.46875,0.1443495349731047
0.5625,0.4765625,0.14198226175342665
0.5703125,0.484375,0.13960632756452793
0.578125,0.4921875,0.1372218773659334
0.5859375,0.5,0.13482905663497088
0.59375,0.5078125,0.13242801135791085
0.6015625,0.515625,0.13001888802107509
0.609375,0.5234375,0.1276018336019145
0.6171875,0.53125,0.12517699556005754
0.625,0.5390625,0.12274452182832901
0.6328125,0.546875,0.12030456080373926
0.640625,0.5546875,0.11785726133844576
0.6484375,0.5625,0.11540277273068625
0.65625,0.5703125,0.11294124471568422
0.6640625,0.578125,0.11047282745652752
0.671875,0.5859375,0.10799767153502017
0.6796875,0.59375,0.1055159279425084
0.6875,0.6015625,0.10302774807068084
0.6953125,0.609375,0.10053328370234334
0.703125,0.6171875,0.09803268700216913
0.7109375,0.625,0.09552611050742486
0.71875,0.6328125,0.09301370711867242
0.7265625,0.640625,0.09049563009044706
0.734375,0.6484375,0.08797203302191291
0.7421875,0.65625,0.08544306984749488
0.75,0.6640625,0.08290889482748855
0.7578125,0.671875,0.08036966253864722
0.765625,0.6796875,0.0778255278647474
0.7734375,0.6875,0.07527664598713169
0.78125,0.6953125,0.07272317237522996
0.7890625,0.703125,0.07016526277705855
0.796875,0.7109375,0.06760307320969725
0.8046875,0.71875,0.06503675994974387
0.8125,0.7265625,0.062466479523746024
0.8203125,0.734375,0.059892388698609154
0.828125,0.7421875,0.05731464447198084
0.8359375,0.75,0.0547334040626089
0.84375,0.7578125,0.05214882490067303
0.8515625,0.765625,0.049561064618087444
0.859375,0.7734375,0.046970281038772106
0.8671875,0.78125,0.04437663216888974
0.875,0.7890625,0.04178027618704442
0.8828125,0.796875,0.03918137143443672
0.890625,0.8046875,0.036580076404969825
0.8984375,0.8125,0.03397654973529824
0.90625,0.8203125,0.031370950194810045
0.9140625,0.828125,0.02876343667553062
0.921875,0.8359375,0.026154168181933612
0.9296875,0.84375,0.023543303820642337
0.9375,0.8515625,0.020931002790001606
0.9453125,0.859375,0.01831742436949945
0.953125,0.8671875,0.01570272790901955
0.9609375,0.875,0.013087072817915673
0.96875,0.8828125,0.010470618553925492
0.9765625,0.890625,0.00785352461200361
0.984375,0.8984375,0.005235950513286333
0.9921875,0.90625,0.0026180557946703024
1.0,0.9140625,0.0
0.09375,0.0,0.26382013575752455
0.1015625,0.0078125,0.2621971111798296
0.109375,0.015625,0.2605580877767452
0.1171875,0.0234375,0.2589031657759405
0.125,0.03125,0.25723244630632086
0.1328125,0.0390625,0.25554603142183446
0.140625,0.046875,0.25384402411320756
0.1484375,0.0546875,0.2521265283118395
0.15625,0.0625,0.25039364888899845
0.1640625,0.0703125,0.24864549165231026
0.171875,0.078125,0.2468821633407162
0.1796875,0.0859375,0.24510377161857444
0.1875,0.09375,0.2433104250692792
0.1953125,0.1015625,0.2415022331886106
0.203125,0.109375,0.2396793063779241
0.2109375,0.1171875,0.23784175593724466
0.21875,0.125,0.23598969405829756
0.2265625,0.1328125,0.23412323381748973
0.234375,0.140625,0.2322424891688525
0.2421875,0.1484375,0.23034757493694497
0.25,0.15625,0.22843860680972247
0.2578125,0.1640625,0.226515701331366
0.265625,0.171875,0.22457897589507386
0.2734375,0.1796875,0.22262854873581409
0.28125,0.1875,0.22066453892303511
0.2890625,0.1953125,0.21868706635333562
0.296875,0.203125,0.21669625174309132
0.3046875,0.2109375,0.2146922166210396
0.3125,0.21875,0.2126750833208195
0.3203125,0.2265625,0.21064497497346915
0.328125,0.234375,0.20860201549987795
0.3359375,0.2421875,0.2065463296031959
0.34375,0.25,0.20447804276119863
0.3515625,0.2578125,0.20239728121860726
0.359375,0.265625,0.2003041719793666
0.3671875,0.2734375,0.19819884279887828
0.375,0.28125,0.19608142217619098
0.3828125,0.2890625,0.19395203934614785
0.390625,0.296875,0.19181082427149068
0.3984375,0.3046875,0.18965790763492213
0.40625,0.3125,0.18749342083112577
0.4140625,0.3203125,0.18531749595874455
0.421875,0.328125,0.18313026581231795
0.4296875,0.3359375,0.180931863874178
0.4375,0.34375,0.17872242430630542
0.4453125,0.3515625,0.17650208194214564
0.453125,0.359375,0.17427097227838417
0.4609375,0.3671875,0.17202923146668428
0.46875,0.375,0.1697769963053855
0.4765625,0.3828125,0.16751440423116257
0.484375,0.390625,0.16524159331064842
0.4921875,0.3984375,0.16295870223201883
0.5,0.40625,0.16066587029653973
0.5078125,0.4140625,0.15836323741007857
0.515625,0.421875,0.15605094407457942
0.5234375,0.4296875,0.15372913137950284
0.53125,0.4375,0.15139794099322998
0.5390625,0.4453125,0.14905751515443189
0.546875,0.453125,0.14670799666340578
0.5546875,0.4609375,0.1443495288733757
0.5625,0.46875,0.1419822556817619
0.5703125,0.4765625,0.13960632152141553
0.578125,0.484375,0.1372218713518222
0.5859375,0.4921875,0.1348290506502735
0.59375,0.5,0.1324280054030062
0.6015625,0.5078125,0.13001888209631168
0.609375,0.515625,0.12760182770761405
0.6171875,0.5234375,0.12517698969651922
0.625,0.53125,0.12274451599583341
0.6328125,0.5390625,0.12030455500255346
0.640625,0.546875,0.11785725556882798
0.6484375,0.5546875,0.11540276699289159
0.65625,0.5625,0.11294123900997027
0.6640625,0.5703125,0.11047282178316062
0.671875,0.578125,0.10799766589428204
0.6796875,0.5859375,0.10551592233470306
0.6875,0.59375,0.10302774249614206
0.6953125,0.6015625,0.10053327816144265
0.703125,0.609375,0.09803268149532436
0.7109375,0.6171875,0.09552610503510918
0.71875,0.625,0.09301370168142405
0.7265625,0.6328125,0.09049562468887995
0.734375,0.640625,0.08797202765672796
0.7421875,0.6484375,0.0854430645194924
0.75,0.65625,0.08290888953758156
0.7578125,0.6640625,0.08036965728787657
0.765625,0.671875,0.07782552265429774
0.7734375,0.6796875,0.0752766408183497
0.78125,0.6875,0.07272316724964449
0.7890625,0.6953125,0.07016525769640332
0.796875,0.703125,0.06760306817593624
0.8046875,0.7109375,0.06503675496510043
0.8125,0.71875,0.06246647459073573
0.8203125,0.7265625,0.05989238382007802
0.828125,0.734375,0.05731463965114895
0.8359375,0.7421875,0.05473339930312142
0.84375,0.75,0.05214882020665977
0.8515625,0.7578125,0.049561059994232846
0.859375,0.765625,0.04697027649039813
0.8671875,0.7734375,0.04437662770205454
0.875,0.78125,0.04178027180866039
0.8828125,0.7890625,0.0391813671524132
0.890625,0.796875,0.036580072228386176
0.8984375,0.8046875,0.03397654567461531
0.90625,0.8125,0.03137094626213078
0.9140625,0.8203125,0.02876343288492297
0.921875,0.828125,0.02615416454983379
0.9296875,0.8359375,0.02354330036636183
0.9375,0.84375,0.020930999536368667
0.9453125,0.8515625,0.018317421343675495
0.953125,0.859375,0.015702725143542425
0.9609375,0.8671875,0.013087070352034628
0.96875,0.875,0.010470616435304057
0.9765625,0.8828125,0.007853522898866963
0.984375,0.890625,0.005235949277058106
0.9921875,0.8984375,0.0026180551230303526
1.0,0.90625,0.0
0.1015625,0.0,0.26219710324677786
0.109375,0.0078125,0.2605580803445758
0.1171875,0.015625,0.2589031586862586
0.125,0.0234375,0.2572324394485435
0.1328125,0.03125,0.2555460247198258
0.140625,0.0390625,0.25384401751472707
0.1484375,0.046875,0.25212652178095624
0.15625,0.0546875,0.25039364240086837
0.1640625,0.0625,0.24864548518964796
0.171875,0.0703125,0.24688215689142817
0.1796875,0.078125,0.24510376517416876
0.1875,0.0859375,0.2433104186237936
0.1953125,0.09375,0.2415022267378817
0.203125,0.1015625,0.23967929991908649
0.2109375,0.109375,0.2378417494683837
0.21875,0.1171875,0.23598968757820468
0.2265625,0.125,0.23412322732548932
0.234375,0.1328125,0.23224248266467706
0.2421875,0.140625,0.23034756842064447
0.25,0.1484375,0.22843860028159735
0.2578125,0.15625,0.22651569479191688
0.265625,0.1640625,0.22457896934496344
0.2734375,0.171875,0.22262854217583777
0.28125,0.1796875,0.22066453235409791
0.2890625,0.1875,0.21868705977643377
0.296875,0.1953125,0.21669624515929736
0.3046875,0.203125,0.21469221003148986
0.3125,0.2109375,0.21267507672670408
0.3203125,0.21875,0.2106449683760226
0.328125,0.2265625,0.2086020089003718
0.3359375,0.234375,0.20654632300293174
0.34375,0.2421875,0.20447803616150143
0.3515625,0.25,0.20239727462082047
0.359375,0.2578125,0.20030416538484624
0.3671875,0.265625,0.19819883620898832
0.375,0.2734375,0.19608141559229864
0.3828125,0.28125,0.19395203276961903
0.390625,0.2890625,0.1918108177036859
0.3984375,0.296875,0.18965790107719255
0.40625,0.3046875,0.18749341428480937
0.4140625,0.3125,0.18531748942516219
0.421875,0.3203125,0.18313025929276988
0.4296875,0.328125,0.18093185736994077
0.4375,0.3359375,0.17872241781862838
0.4453125,0.34375,0.17650207547224792
0.453125,0.3515625,0.17427096582745202
0.4609375,0.359375,0.1720292250358683
0.46875,0.3671875,0.16977698989579795
0.4765625,0.375,0.16751439784387584
0.484375,0.3828125,0.1652415869466925
0.4921875,0.390625,0.1629586958923797
0.5,0.3984375,0.1606658639821582
0.5078125,0.40625,0.15836323112184905
0.515625,0.4140625,0.15605093781334914
0.5234375,0.421875,0.15372912514607132
0.53125,0.4296875,0.15139793478834893
0.5390625,0.4375,0.14905750897880554
0.546875,0.4453125,0.14670799051769132
0.5546875,0.453125,0.1443495227581843
0.5625,0.4609375,0.14198224959766007
0.5703125,0.46875,0.13960631546892682
0.578125,0.4765625,0.13722186533142922
0.5859375,0.484375,0.13482904466242046
0.59375,0.4921875,0.13242799944810169
0.6015625,0.5,0.13001887617473185
0.609375,0.5078125,0.12760182181970658
0.6171875,0.515625,0.12517698384260675
0.625,0.5234375,0.12274451017621847
0.6328125,0.53125,0.12030454921752289
0.640625,0.5390625,0.11785724981865833
0.6484375,0.546875,0.11540276127785441
0.65625,0.5546875,0.1129412333303382
0.6640625,0.5625,0.11047281613921373
0.671875,0.5703125,0.10799766028631458
0.6796875,0.578125,0.10551591676303068
0.6875,0.5859375,0.1030277369611095
0.6953125,0.59375,0.10053327266343191
0.703125,0.6015625,0.09803267603476344
0.7109375,0.609375,0.09552609961248143
0.71875,0.6171875,0.09301369629727822
0.7265625,0.625,0.09049561934384087
0.734375,0.6328125,0.08797202235150824
0.7421875,0.640625,0.08544305925490495
0.75,0.6484375,0.0829088843145533
0.7578125,0.65625,0.08036965210746344
0.765625,0.6640625,0.07782551751770116
0.7734375,0.671875,0.07527663572693469
0.78125,0.6796875,0.07272316220496007
0.7890625,0.6875,0.07016525270020486
0.796875,0.6953125,0.06760306323021109
0.8046875,0.703125,0.06503675007209639
0.8125,0.7109375,0.062466469752993824
0.8203125,0.71875,0.05989237904046969
0.828125,0.7265625,0.05731463493291886
0.8359375,0.734375,0.05473339464993718
0.84375,0.7421875,0.052148815622669334
0.8515625,0.75,0.049561055484131915
0.859375,0.7578125,0.04697027205950947
0.8671875,0.765625,0.04437662335642159
0.875,0.7734375,0.04178026755515892
0.8828125,0.78125,0.03918136299888476
0.890625,0.7890625,0.036580068183798886
0.8984375,0.796875,0.03397654174925885
0.90625,0.8046875,0.03137094246785392
0.9140625,0.8125,0.02876342923542504
0.921875,0.8203125,0.02615416106102435
0.9296875,0.828125,0.02354329705680684
0.9375,0.8359375,0.020930996427846977
0.9453125,0.84375,0.018317418461875373
0.953125,0.8515625,0.01570272251893528
0.9609375,0.859375,0.013087068020969999
0.96875,0.8671875,0.010470614441373632
0.9765625,0.875,0.007853521294579611
0.984375,0.8828125,0.005235948125836202
0.9921875,0.890625,0.0026180545014504765
1.0,0.8984375,0.0
0.109375,0.0,0.26055807228183875
0.1171875,0.0078125,0.2589031510618167
0.125,0.015625,0.25723243213563757
0.1328125,0.0234375,0.255546017626886
0.140625,0.03125,0.2538440105764525
0.1484375,0.0390625,0.25212651495095156
0.15625,0.046875,0.2503936356461151
0.1640625,0.0546875,0.24864547848654286
0.171875,0.0625,0.24688215022300297
0.1796875,0.0703125,0.24510375852815938
0.1875,0.078125,0.2433104119912996
0.1953125,0.0859375,0.24150222011243425
0.203125,0.09375,0.23967929329599505
0.2109375,0.1015625,0.2378417428442753
0.21875,0.109375,0.2359896809506949
0.2265625,0.1171875,0.2341232206929468
0.234375,0.125,0.23224247602605072
0.2421875,0.1328125,0.23034756177533738
0.25,0.140625,0.22843859362937163
0.2578125,0.1484375,0.22651568813282327
0.265625,0.15625,0.22457896267928668
0.2734375,0.1640625,0.22262853550405431
0.28125,0.171875,0.22066452567684303
0.2890625,0.1796875,0.21868705309447525
0.296875,0.1875,0.2166962384735142
0.3046875,0.1953125,0.21469220334285488
0.3125,0.203125,0.2126750700362689
0.3203125,0.2109375,0.21064496168490587
0.328125,0.21875,0.20860200220974842
0.3359375,0.2265625,0.2065463163140235
0.34375,0.234375,0.20447802947556867
0.3515625,0.2421875,0.2023972679391551
0.359375,0.25,0.20030415870876467
0.3671875,0.2578125,0.19819882953982557
0.375,0.265625,0.19608140893140222
0.3828125,0.2734375,0.19395202611834406
0.390625,0.28125,0.19181081106338954
0.3984375,0.2890625,0.1896578944492296
0.40625,0.296875,0.1874934076705274
0.4140625,0.3046875,0.18531748282589752
0.421875,0.3125,0.18313025270984326
0.4296875,0.3203125,0.18093185080465346
0.4375,0.328125,0.17872241127225835
0.4453125,0.3359375,0.17650206894604648
0.453125,0.34375,0.17427095932264036
0.4609375,0.3515625,0.1720292185536348
0.46875,0.359375,0.16977698343729442
0.4765625,0.3671875,0.1675143914102159
0.484375,0.375,0.1652415805389488
0.4921875,0.3828125,0.162958689511582
0.5,0.390625,0.16066585762929114
0.5078125,0.3984375,0.15836322479785145
0.515625,0.40625,0.15605093151911237
0.5234375,0.4140625,0.1537291188824389
0.53125,0.421875,0.15139792855611545
0.5390625,0.4296875,0.14905750277871752
0.546875,0.4375,0.14670798435044685
0.5546875,0.4453125,0.14434951662443432
0.5625,0.453125,0.1419822434980089
0.5703125,0.4609375,0.13960630940393426
0.578125,0.46875,0.13722185930161218
0.5859375,0.4765625,0.13482903866825516
0.59375,0.484375,0.13242799349002715
0.6015625,0.4921875,0.13001887025315223
0.609375,0.5,0.12760181593499512
0.6171875,0.5078125,0.12517697799511
0.625,0.515625,0.12274450436626014
0.6328125,0.5234375,0.12030454344540913
0.640625,0.53125,0.11785724408468293
0.6484375,0.5390625,0.11540275558230424
0.65625,0.546875,0.11294122767349937
0.6640625,0.5546875,0.11047281052137804
0.671875,0.5625,0.10799765470778647
0.6796875,0.5703125,0.10551591122413473
0.6875,0.578125,0.10302773146219806
0.6953125,0.5859375,0.1005332672048937
0.703125,0.59375,0.09803267061703236
0.7109375,0.6015625,0.09552609423604623
0.71875,0.609375,0.09301369096269257
0.7265625,0.6171875,0.09049561405173455
0.734375,0.625,0.08797201710259865
0.7421875,0.6328125,0.08544305405001013
0.75,0.640625,0.0829088791546057
0.7578125,0.6484375,0.08036964699352489
0.765625,0.65625,0.0778255124509796
0.7734375,0.6640625,0.07527663070880242
0.78125,0.671875,0.07272315723697358
0.7890625,0.6796875,0.07016524778412776
0.796875,0.6875,0.06760305836803884
0.8046875,0.6953125,0.06503674526608486
0.8125,0.703125,0.062466465005691085
0.8203125,0.7109375,0.05989237435475258
0.828125,0.71875,0.05731463031203455
0.8359375,0.7265625,0.05473339009755109
0.84375,0.734375,0.052148811142920685
0.8515625,0.7421875,0.04956105108169812
0.859375,0.75,0.046970267739681514
0.8671875,0.7578125,0.0443766191251927
0.875,0.765625,0.041780263419329305
0.8828125,0.7734375,0.0391813589661862
0.890625,0.78125,0.036580064263043485
0.8984375,0.7890625,0.033976537950517964
0.90625,0.796875,0.03137093880267404
0.9140625,0.8046875,0.028763425717090223
0.921875,0.8125,0.026154157704876176
0.9296875,0.8203125,0.0235432938806367
0.9375,0.828125,0.020930993452378536
0.9453125,0.8359375,0.0183174157113593
0.953125,0.84375,0.015702720021882745
0.9609375,0.8515625,0.013087065811054385
0.96875,0.859375,0.010470612558530318
0.9765625,0.8671875,0.007853519786324602
0.984375,0.875,0.005235947048797053
0.9921875,0.8828125,0.0026180539230364554
1.0,0.890625,0.0
0.1171875,0.0,0.25890314288041216
0.125,0.0078125,0.25723242434159005
0.1328125,0.015625,0.25554601011721234
0.140625,0.0234375,0.25384400327458184
0.1484375,0.03125,0.2521265078006325
0.15625,0.0390625,0.2503936286061908
0.1640625,0.046875,0.2486454715268751
0.171875,0.0546875,0.2468821433214471
0.1796875,0.0625,0.2451037516683674
0.1875,0.0703125,0.24331040516114863
0.1953125,0.078125,0.2415022133029011
0.203125,0.0859375,0.23967928650035342
0.2109375,0.09375,0.23784173605751802
0.21875,0.1015625,0.23598967416911712
0.2265625,0.109375,0.23412321391384058
0.234375,0.1171875,0.23224246924748193
0.2421875,0.125,0.23034755499597917
0.25,0.1328125,0.2284385868483798
0.2578125,0.140625,0.22651568134974112
0.265625,0.1484375,0.22457895589397253
0.2734375,0.15625,0.22262852871662508
0.28125,0.1640625,0.22066451888762975
0.2890625,0.171875,0.21868704630398775
0.296875,0.1796875,0.21669623168241248
0.3046875,0.1875,0.21469219655192595
0.3125,0.1953125,0.21267506324640753
0.3203125,0.203125,0.2106449548970981
0.328125,0.2109375,0.2086019954250579
0.3359375,0.21875,0.2065463095335796
0.34375,0.2265625,0.20447802270055612
0.3515625,0.234375,0.20239726117080434
0.359375,0.2421875,0.20030415194834386
0.3671875,0.25,0.19819882278863293
0.375,0.2578125,0.19608140219075923
0.3828125,0.265625,0.1939520193895886
0.390625,0.2734375,0.19181080434787043
0.3984375,0.28125,0.18965788774830036
0.40625,0.2890625,0.18749340098554165
0.4140625,0.296875,0.18531747615820335
0.421875,0.3046875,0.18313024606077877
0.4296875,0.3125,0.18093184417554198
0.4375,0.3203125,0.17872240466440467
0.4453125,0.328125,0.17650206236073213
0.453125,0.3359375,0.17427095276112034
0.4609375,0.34375,0.17202921201713353
0.46875,0.3515625,0.16977697692700325
0.4765625,0.359375,0.167514384927289
0.484375,0.3671875,0.16524157408450127
0.4921875,0.375,0.16295868308668687
0.5,0.3828125,0.1606658512349778
0.5078125,0.390625,0.1583632184351033
0.515625,0.3984375,0.1560509251888655
0.5234375,0.40625,0.15372911258558108
0.53125,0.4140625,0.15139792229348564
0.5390625,0.421875,0.14905749655110498
0.546875,0.4296875,0.1467079781585916
0.5546875,0.4375,0.14434951046902764
0.5625,0.4453125,0.14198223737969423
0.5703125,0.453125,0.1396063033233083
0.578125,0.4609375,0.13722185325922703
0.5859375,0.46875,0.1348290326646202
0.59375,0.4765625,0.1324279875256118
0.6015625,0.484375,0.1300188643283892
0.609375,0.4921875,0.12760181005028387
0.6171875,0.5,0.12517697215082055
0.625,0.5078125,0.1227444985627377
0.6328125,0.515625,0.12030453768297872
0.640625,0.5234375,0.11785723836365476
0.6484375,0.53125,0.11540274990297958
0.65625,0.5390625,0.11294122203617643
0.6640625,0.546875,0.11047280492635873
0.671875,0.5546875,0.10799764915538343
0.6796875,0.5625,0.10551590571467881
0.6875,0.5703125,0.10302772599604655
0.6953125,0.578125,0.10053326178243858
0.703125,0.5859375,0.09803266523870967
0.7109375,0.59375,0.09552608890234561
0.71875,0.6015625,0.09301368567416778
0.7265625,0.609375,0.09049560880901465
0.734375,0.6171875,0.08797201190639978
0.7421875,0.625,0.0854430489011485
0.75,0.6328125,0.08290887405401162
0.7578125,0.640625,0.08036964194225782
0.765625,0.6484375,0.07782550745024475
0.7734375,0.65625,0.07527662575996885
0.78125,0.6640625,0.07272315234159447
0.7890625,0.671875,0.07016524294396237
0.796875,0.6796875,0.06760305358507747
0.8046875,0.6875,0.06503674054257644
0.8125,0.6953125,0.06246646034417466
0.8203125,0.703125,0.05989236975809256
0.828125,0.7109375,0.05731462578346113
0.8359375,0.71875,0.05473338564070642
0.84375,0.7265625,0.05214880676191201
0.8515625,0.734375,0.04956104678115922
0.859375,0.7421875,0.046970263524844194
0.8671875,0.75,0.04437661500197033
0.875,0.7578125,0.041780259394414834
0.8828125,0.765625,0.03918135504716795
0.890625,0.7734375,0.036580060458542445
0.8984375,0.78125,0.03397653427035143
0.90625,0.7890625,0.03137093525805156
0.9140625,0.796875,0.028763422320849222
0.921875,0.8046875,0.02615415447176643
0.9296875,0.8125,0.02354329082766497
0.9375,0.8203125,0.020930990599227053
0.9453125,0.828125,0.01831741308089438
0.953125,0.8359375,0.015702717640772218
0.9609375,0.84375,0.013087063710513602
0.96875,0.8515625,0.010470610775214521
0.9765625,0.859375,0.007853518363376388
0.984375,0.8671875,0.0052359460370343825
0.9921875,0.875,0.0026180533822168944
1.0,0.8828125,0.0
0.125,0.0,0.25723241604971425
0.1328125,0.0078125,0.2555460021707203
0.140625,0.015625,0.25384399558868115
0.1484375,0.0234375,0.2521265003107066
0.15625,0.03125,0.25039362126355263
0.1640625,0.0390625,0.24864546429499929
0.171875,0.046875,0.2468821361729315
0.1796875,0.0546875,0.24510374458260653
0.1875,0.0625,0.24331039812259153
0.1953125,0.0703125,0.24150220629977057
0.203125,0.078125,0.23967927952370466
0.2109375,0.0859375,0.23784172910055032
0.21875,0.09375,0.2359896672266671
0.2265625,0.1015625,0.23412320698200834
0.234375,0.109375,0.23224246232335222
0.2421875,0.1171875,0.23034754807741334
0.25,0.125,0.22843857993385752
0.2578125,0.1328125,0.22651567443824014
0.265625,0.140625,0.2245789489848756
0.2734375,0.1484375,0.22262852180964765
0.28125,0.15625,0.22066451198276274
0.2890625,0.1640625,0.21868703940145223
0.296875,0.171875,0.21669622478262354
0.3046875,0.1796875,0.21469218965546202
0.3125,0.1875,0.2126750563539865
0.3203125,0.1953125,0.2106449480095563
0.328125,0.203125,0.20860198854333276
0.3359375,0.2109375,0.2065463026586949
0.34375,0.21875,0.204478015833609
0.3515625,0.2265625,0.2023972543129537
0.359375,0.234375,0.20030414510080072
0.3671875,0.2421875,0.19819881595265065
0.375,0.25,0.19608139536762578
0.3828125,0.2578125,0.19395201258061884
0.390625,0.265625,0.19181079755439884
0.3984375,0.2734375,0.18965788097167488
0.40625,0.28125,0.1874933942271171
0.4140625,0.2890625,0.18531746941933622
0.421875,0.296875,0.18313023934282113
0.4296875,0.3046875,0.18093183747983696
0.4375,0.3125,0.17872239799228104
0.4453125,0.3203125,0.17650205571350003
0.453125,0.328125,0.17427094614006686
0.4609375,0.3359375,0.17202920542351868
0.46875,0.34375,0.16977697036205602
0.4765625,0.3515625,0.1675143783922042
0.484375,0.359375,0.165241567580436
0.4921875,0.3671875,0.16295867661475785
0.5,0.375,0.16066584479625878
0.5078125,0.3828125,0.15836321203062267
0.515625,0.390625,0.15605091881960487
0.5234375,0.3984375,0.1537291062524734
0.53125,0.40625,0.15139791599741437
0.5390625,0.4140625,0.14905749029290352
0.546875,0.421875,0.1467079719390428
0.5546875,0.4296875,0.1443495042888643
0.5625,0.4375,0.14198223123959958
0.5703125,0.4453125,0.13960629722391724
0.578125,0.453125,0.13722184720112757
0.5859375,0.4609375,0.13482902664835578
0.59375,0.46875,0.13242798155168325
0.6015625,0.4765625,0.13001885839725846
0.609375,0.484375,0.1276018041623768
0.6171875,0.4921875,0.12517696630653125
0.625,0.5,0.12274449276243268
0.6328125,0.5078125,0.12030453192700183
0.640625,0.515625,0.11785723265233233
0.6484375,0.5234375,0.1154027442366263
0.65625,0.53125,0.11294121641510178
0.6640625,0.5390625,0.11047279935087327
0.671875,0.546875,0.10799764362580629
0.6796875,0.5546875,0.10551590023134513
0.6875,0.5625,0.10302772055931574
0.6953125,0.5703125,0.10053325639270305
0.703125,0.578125,0.09803265989640404
0.7109375,0.5859375,0.0955260836079566
0.71875,0.59375,0.09301368042824482
0.7265625,0.6015625,0.09049560361218087
0.734375,0.609375,0.08797200675936458
0.7421875,0.6171875,0.08544304380472001
0.75,0.625,0.08290886900911106
0.7578125,0.6328125,0.08036963694993458
0.765625,0.640625,0.0778255025116929
0.7734375,0.6484375,0.07527662087654523
0.78125,0.65625,0.07272314751483859
0.7890625,0.6640625,0.07016523817561818
0.796875,0.671875,0.06760304887711792
0.8046875,0.6796875,0.0650367358972305
0.8125,0.6875,0.062466455763957866
0.8203125,0.6953125,0.05989236524584129
0.828125,0.703125,0.057314621342371606
0.8359375,0.7109375,0.05473338127437901
0.84375,0.71875,0.05214880247440204
0.8515625,0.7265625,0.04956104257703543
0.859375,0.734375,0.04697025940925617
0.8671875,0.7421875,0.044376610980727024
0.875,0.75,0.04178025547407613
0.8828125,0.7578125,0.03918135123515195
0.890625,0.765625,0.03658005676325184
0.8984375,0.7734375,0.03397653070132306
0.90625,0.78125,0.03137093182613377
0.9140625,0.7890625,0.028763419038413292
0.921875,0.796875,0.0261541513529594
0.9296875,0.8046875,0.023543287888712426
0.9375,0.8125,0.020930987858796456
0.9453125,0.8203125,0.018317410560530923
0.953125,0.828125,0.015702715365420235
0.9609375,0.8359375,0.013087061709136621
0.96875,0.84375,0.010470609081523988
0.9765625,0.8515625,0.007853517016670827
0.984375,0.859375,0.00523594508313161
0.9921875,0.8671875,0.0026180528744243316
1.0,0.875,0.0
0.1328125,0.0,0.25554599377463405
0.140625,0.0078125,0.2538439875030053
0.1484375,0.015625,0.2521264924647916
0.15625,0.0234375,0.2503936136024084
0.1640625,0.03125,0.2486454567762796
0.171875,0.0390625,0.24688212876417695
0.1796875,0.046875,0.2451037372589556
0.1875,0.0546875,0.24331039086497533
0.1953125,0.0625,0.24150219909352758
0.203125,0.0703125,0.23967927235753364
0.2109375,0.078125,0.23784172196572378
0.21875,0.0859375,0.23598966011644304
0.2265625,0.09375,0.23412319989118802
0.234375,0.1015625,0.23224245524794748
0.2421875,0.109375,0.23034754101439403
0.25,0.1171875,0.2284385728809598
0.2578125,0.125,0.22651566739381812
0.265625,0.1328125,0.224578941947787
0.2734375,0.140625,0.22262851477916398
0.28125,0.1484375,0.22066450495849887
0.2890625,0.15625,0.21868703238330953
0.296875,0.1640625,0.21669621777074446
0.3046875,0.171875,0.2146921826501935
0.3125,0.1796875,0.212675049355849
0.3203125,0.1875,0.21064494101921863
0.328125,0.1953125,0.2086019815615907
0.3359375,0.203125,0.2065462956864528
0.34375,0.2109375,0.20447800887186446
0.3515625,0.21875,0.2023972473627835
0.359375,0.2265625,0.2003041381633489
0.3671875,0.234375,0.19819880902911766
0.375,0.2421875,0.19608138845925868
0.3828125,0.25,0.19395200568870255
0.390625,0.2578125,0.1918107906802482
0.3984375,0.265625,0.18965787411662666
0.40625,0.2734375,0.1874933873925234
0.4140625,0.28125,0.1853174626065576
0.421875,0.2890625,0.1831302325532206
0.4296875,0.296875,0.18093183071477417
0.4375,0.3046875,0.17872239125310663
0.4453125,0.3125,0.17650204900155064
0.453125,0.3203125,0.17427093945666006
0.4609375,0.328125,0.1720291987699485
0.46875,0.3359375,0.16977696373958875
0.4765625,0.34375,0.16751437180207424
0.484375,0.3515625,0.16524156102384224
0.4921875,0.359375,0.1629586700928605
0.5,0.3671875,0.16066583831017617
0.5078125,0.375,0.15836320558142877
0.515625,0.3828125,0.15605091240832714
0.5234375,0.390625,0.15372909988009067
0.53125,0.3984375,0.1513979096648558
0.5390625,0.40625,0.1490574840010473
0.546875,0.4140625,0.14670796568871586
0.5546875,0.421875,0.1443494980808419
0.5625,0.4296875,0.14198222507460603
0.5703125,0.4375,0.13960629110262668
0.578125,0.4453125,0.13722184112416524
0.5859375,0.453125,0.13482902061629976
0.59375,0.4609375,0.13242797556506716
0.6015625,0.46875,0.130018852456574
0.609375,0.4765625,0.1276017982680771
0.6171875,0.484375,0.12517696045903487
0.625,0.4921875,0.12274448696212785
0.6328125,0.5,0.12030452617425108
0.640625,0.5078125,0.11785722694747812
0.6484375,0.515625,0.11540273857999646
0.65625,0.5234375,0.112941210807016
0.6640625,0.53125,0.11047279379164984
0.671875,0.5390625,0.1079976381157692
0.6796875,0.546875,0.1055158947708321
0.6875,0.5546875,0.10302771514868621
0.6953125,0.5625,0.10053325103234717
0.703125,0.5703125,0.09803265458675203
0.7109375,0.578125,0.09552607834948865
0.71875,0.5859375,0.09301367522150192
0.7265625,0.59375,0.09049559845777606
0.734375,0.6015625,0.087972001657995
0.7421875,0.609375,0.08544303875718033
0.75,0.6171875,0.08290886401630707
0.7578125,0.625,0.08036963201289872
0.765625,0.6328125,0.07782549763160047
0.7734375,0.640625,0.07527661605473246
0.78125,0.6484375,0.07272314275282221
0.7890625,0.65625,0.07016523347511702
0.796875,0.6640625,0.06760304424007672
0.8046875,0.671875,0.06503673132584648
0.8125,0.6796875,0.062466451260710334
0.8203125,0.6875,0.05989236081352485
0.828125,0.6953125,0.057314616984133655
0.8359375,0.703125,0.05473337699376217
0.84375,0.7109375,0.052148798275392656
0.8515625,0.71875,0.0495610384641189
0.859375,0.7265625,0.046970255387480626
0.8671875,0.734375,0.0443766070557768
0.875,0.7421875,0.04178025165235719
0.8828125,0.75,0.0391813475238911
0.890625,0.7578125,0.03658005317061297
0.8984375,0.765625,0.03397652723654337
0.90625,0.7734375,0.03137092849968442
0.9140625,0.78125,0.02876341586218897
0.921875,0.7890625,0.026154148340502913
0.9296875,0.796875,0.023543285055481013
0.9375,0.8046875,0.02093098522247767
0.9453125,0.8125,0.018317408141416972
0.953125,0.8203125,0.015702713186849817
0.9609375,0.828125,0.013087059798012718
0.96875,0.8359375,0.010470607468912737
0.9765625,0.84375,0.007853515738479243
0.984375,0.8515625,0.005235944180846576
0.9921875,0.859375,0.002618052395866852
1.0,0.8671875,0.0
0.140625,0.0,0.2538439790076081
0.1484375,0.0078125,0.2521264842503711
0.15625,0.015625,0.25039360560947266
0.1640625,0.0234375,0.24864544895766774
0.171875,0.03125,0.2468821210828807
0.1796875,0.0390625,0.24510372968607425
0.1875,0.046875,0.24331038337797295
0.1953125,0.0546875,0.24150219167482279
0.203125,0.0625,0.23967926499339084
0.2109375,0.0703125,0.23784171464539586
0.21875,0.078125,0.23598965283151382
0.2265625,0.0859375,0.23412319263506984
0.234375,0.09375,0.23224244801549684
0.2421875,0.1015625,0.2303475338016167
0.25,0.109375,0.22843856568478413
0.2578125,0.1171875,0.22651566021191902
0.265625,0.125,0.22457893477844887
0.2734375,0.1328125,0.2226285076211729
0.28125,0.140625,0.2206644978110569
0.2890625,0.1484375,0.21868702524596706
0.296875,0.15625,0.21669621064334454
0.3046875,0.1640625,0.21469217553282752
0.3125,0.171875,0.2126750422488193
0.3203125,0.1796875,0.21064493392300832
0.328125,0.1875,0.20860197447683781
0.3359375,0.1953125,0.20654628861392849
0.34375,0.203125,0.204478001812454
0.3515625,0.2109375,0.2023972403174706
0.359375,0.21875,0.2003041311332009
0.3671875,0.2265625,0.1981988020152735
0.375,0.234375,0.19608138146291682
0.3828125,0.2421875,0.19395199871111143
0.390625,0.25,0.19181078372269644
0.3984375,0.2578125,0.18965786718043504
0.40625,0.265625,0.18749338047903613
0.4140625,0.2734375,0.18531745571713545
0.421875,0.28125,0.18313022568923398
0.4296875,0.2890625,0.18093182387759615
0.4375,0.296875,0.1787223844441072
0.4453125,0.3046875,0.17650204222209065
0.453125,0.3125,0.17427093270808594
0.4609375,0.3203125,0.17202919205358708
0.46875,0.328125,0.16977695705674234
0.4765625,0.3359375,0.16751436515401613
0.484375,0.34375,0.16524155441181293
0.4921875,0.3515625,0.16295866351806326
0.5,0.359375,0.16066583177377444
0.5078125,0.3671875,0.1583631990845423
0.515625,0.375,0.15605090595202975
0.5234375,0.3828125,0.1537290934654081
0.53125,0.390625,0.15139790329276342
0.5390625,0.3984375,0.14905747767246935
0.546875,0.40625,0.1467079594045242
0.5546875,0.4140625,0.14434949184185586
0.5625,0.421875,0.14198221888159204
0.5703125,0.4296875,0.13960628495629931
0.578125,0.4375,0.1372218350251881
0.5859375,0.4453125,0.1348290145652873
0.59375,0.453125,0.13242796956258632
0.6015625,0.4609375,0.13001884650314746
0.609375,0.46875,0.12760179236418617
0.6171875,0.4765625,0.12517695460512318
0.625,0.484375,0.12274448115860584
0.6328125,0.4921875,0.12030452042150051
0.640625,0.5,0.11785722124585733
0.6484375,0.5078125,0.11540273292984633
0.65625,0.515625,0.11294120520866606
0.6640625,0.5234375,0.11047278824542525
0.671875,0.53125,0.10799763262199788
0.6796875,0.5390625,0.10551588932985263
0.6875,0.546875,0.10302770976085629
0.6953125,0.5546875,0.1005332456980524
0.703125,0.5625,0.0980326493064155
0.7109375,0.5703125,0.09552607312358104
0.71875,0.578125,0.09301367005055207
0.7265625,0.5859375,0.09049559334238275
0.734375,0.59375,0.08797199659883892
0.7421875,0.6015625,0.08544303375503724
0.75,0.609375,0.0829088590720619
0.7578125,0.6171875,0.08036962712756052
0.765625,0.625,0.07782549280631902
0.7734375,0.6328125,0.07527661129081586
0.78125,0.640625,0.07272313805175623
0.7890625,0.6484375,0.07016522883858642
0.796875,0.65625,0.06760303966998839
0.8046875,0.6640625,0.0650367268243555
0.8125,0.671875,0.06246644683024856
0.8203125,0.6796875,0.05989235645683296
0.828125,0.6875,0.05731461270429725
0.8359375,0.6953125,0.054733372794252444
0.84375,0.703125,0.05214879416011224
0.8515625,0.7109375,0.04956103443745445
0.859375,0.71875,0.04697025145436271
0.8671875,0.7265625,0.04437660322174873
0.875,0.734375,0.04178024792365428
0.8828125,0.7421875,0.03918134390753254
0.890625,0.75,0.03658004967450846
0.8984375,0.7578125,0.03397652386961734
0.90625,0.765625,0.03137092527202122
0.9140625,0.7734375,0.028763412785203023
0.921875,0.78125,0.026154145427138266
0.9296875,0.7890625,0.02354328232044573
0.9375,0.796875,0.020930982682519018
0.9453125,0.8046875,0.018317405815643763
0.953125,0.8125,0.015702711097108163
0.9609375,0.8203125,0.013087057969320389
0.96875,0.828125,0.010470605929954387
0.9765625,0.8359375,0.007853514522157922
0.984375,0.84375,0.0052359433248751345
0.9921875,0.8515625,0.0026180519433610795
1.0,0.859375,0.0
0.1484375,0.0,0.25212647565958535
0.15625,0.0078125,0.2503935972746689
0.1640625,0.015625,0.2486454408282746
0.171875,0.0234375,0.24688211311816574
0.1796875,0.03125,0.2451037218535451
0.1875,0.0390625,0.24331037565184196
0.1953125,0.046875,0.24150218403466592
0.203125,0.0546875,0.23967925742303778
0.2109375,0.0625,0.23784170713203837
0.21875,0.0703125,0.23598964536500114
0.2265625,0.078125,0.23412318520735814
0.234375,0.0859375,0.23224244062022043
0.2421875,0.09375,0.23034752643375442
0.25,0.1015625,0.22843855834039908
0.2578125,0.109375,0.22651565288795536
0.265625,0.1171875,0.22457892747257197
0.2734375,0.125,0.22262850033164297
0.28125,0.1328125,0.2206644905366289
0.2890625,0.140625,0.21868701798580883
0.296875,0.1484375,0.21669620339697282
0.3046875,0.15625,0.21469216830005416
0.3125,0.1640625,0.21267503502970828
0.3203125,0.171875,0.21064492671783838
0.328125,0.1796875,0.20860196728607303
0.3359375,0.1875,0.20654628143819204
0.34375,0.1953125,0.20447799465250688
0.3515625,0.203125,0.20239723317419175
0.359375,0.2109375,0.20030412400757117
0.3671875,0.21875,0.19819879490836076
0.375,0.2265625,0.1960813743758638
0.3828125,0.234375,0.19395199164512247
0.390625,0.2421875,0.19181077667902832
0.3984375,0.25,0.18965786016038616
0.40625,0.2578125,0.1874933734839387
0.4140625,0.265625,0.18531744874834594
0.421875,0.2734375,0.18313021874812632
0.4296875,0.28125,0.18093181696555372
0.4375,0.2890625,0.17872237756251663
0.4453125,0.296875,0.17650203537233472
0.453125,0.3046875,0.17427092589153798
0.4609375,0.3125,0.1720291852716051
0.46875,0.3203125,0.1697769503106638
0.4765625,0.328125,0.16751435844515256
0.484375,0.3359375,0.1652415477414456
0.4921875,0.34375,0.16295865688743907
0.5,0.3515625,0.1606658251841011
0.5078125,0.359375,0.15836319253698608
0.515625,0.3671875,0.1560508994477115
0.5234375,0.375,0.1537290870054009
0.53125,0.3828125,0.1513978968780903
0.5390625,0.390625,0.14905747130410144
0.546875,0.3984375,0.14670795308337975
0.5546875,0.40625,0.1443494855687989
0.5625,0.4140625,0.14198221265743316
0.5703125,0.421875,0.13960627878179457
0.578125,0.4296875,0.137221828901041
0.5859375,0.4375,0.13482900849214957
0.59375,0.4453125,0.13242796354106004
0.6015625,0.453125,0.1300188405337872
0.609375,0.4609375,0.12760178644750264
0.6171875,0.46875,0.125176948741586
0.625,0.4765625,0.12274447534864832
0.6328125,0.484375,0.12030451466552405
0.640625,0.4921875,0.11785721554423675
0.6484375,0.5,0.11540272728293548
0.65625,0.5078125,0.11294119961680406
0.6640625,0.515625,0.11047278270894355
0.671875,0.5234375,0.10799762714122754
0.6796875,0.53125,0.10551588390513204
0.6875,0.5390625,0.1030277043925398
0.6953125,0.546875,0.10053324038651919
0.703125,0.5546875,0.0980326440520792
0.7109375,0.5625,0.09552606792690002
0.71875,0.5703125,0.09301366491204008
0.7265625,0.578125,0.09049558826262055
0.734375,0.5859375,0.0879719915784866
0.7421875,0.59375,0.08544302879484714
0.75,0.6015625,0.08290885417289294
0.7578125,0.609375,0.0803696222903929
0.765625,0.6171875,0.07782548803227073
0.7734375,0.625,0.07527660658116002
0.78125,0.6328125,0.07272313340794044
0.7890625,0.640625,0.07016522426225329
0.796875,0.6484375,0.06760303516299848
0.8046875,0.65625,0.06503672238881232
0.8125,0.6640625,0.06246644246852667
0.8203125,0.671875,0.05989235217160854
0.828125,0.6796875,0.05731460849858289
0.8359375,0.6875,0.054733368671435786
0.84375,0.6953125,0.052148790123999915
0.8515625,0.703125,0.04956103049232139
0.859375,0.7109375,0.04697024760500864
0.8671875,0.71875,0.04437659947356235
0.875,0.7265625,0.041780244282687166
0.8828125,0.734375,0.03918134038058378
0.890625,0.7421875,0.03658004626922256
0.8984375,0.75,0.033976520594597354
0.90625,0.7578125,0.03137092213696017
0.9140625,0.765625,0.028763409801036432
0.921875,0.7734375,0.026154142606221703
0.9296875,0.78125,0.023543279676761463
0.9375,0.7890625,0.02093098023191614
0.9453125,0.796875,0.018317403576116505
0.953125,0.8046875,0.015702709089116588
0.9609375,0.8125,0.01308705621615659
0.96875,0.8203125,0.010470604458154219
0.9765625,0.828125,0.007853513361953212
0.984375,0.8359375,0.005235942510671118
0.9921875,0.84375,0.0026180515142077538
1.0,0.8515625,0.0
0.15625,0.0,0.2503935885917008
0.1640625,0.0078125,0.2486454323798927
0.171875,0.015625,0.2468821048610181
0.1796875,0.0234375,0.24510371375222528
0.1875,0.03125,0.24331036767769926
0.1953125,0.0390625,0.24150217616463787
0.203125,0.046875,0.23967924963860948
0.2109375,0.0546875,0.23784169941836197
0.21875,0.0625,0.23598963771017448
0.2265625,0.0703125,0.2341231776018444
0.234375,0.078125,0.23224243305638564
0.2421875,0.0859375,0.23034751890550145
0.25,0.09375,0.22843855084287798
0.2578125,0.1015625,0.22651564541733474
0.265625,0.109375,0.22457892002585705
0.2734375,0.1171875,0.22262849290653108
0.28125,0.125,0.22066448313139356
0.2890625,0.1328125,0.21868701059920675
0.296875,0.140625,0.2166961960281676
0.3046875,0.1484375,0.21469216094855528
0.3125,0.15625,0.21267502769531957
0.3203125,0.1640625,0.21064491940061694
0.328125,0.171875,0.20860195998629244
0.3359375,0.1796875,0.20654627415631363
0.34375,0.1875,0.2044779873891534
0.3515625,0.1953125,0.2023972259301266
0.359375,0.203125,0.2003041167836783
0.3671875,0.2109375,0.19819878770562865
0.375,0.21875,0.19608136719536987
0.3828125,0.2265625,0.19395198448802076
0.390625,0.234375,0.19181076954653675
0.3984375,0.2421875,0.18965785305377603
0.40625,0.25,0.18749336640452394
0.4140625,0.2578125,0.18531744169747488
0.421875,0.265625,0.18313021172717228
0.4296875,0.2734375,0.18093180997590766
0.4375,0.28125,0.178722370605578
0.4453125,0.2890625,0.17650202844950658
0.453125,0.296875,0.17427091900421823
0.4609375,0.3046875,0.17202917842118148
0.46875,0.3125,0.1697769434985074
0.4765625,0.3203125,0.16751435167261264
0.484375,0.328125,0.16524154100984353
0.4921875,0.3359375,0.16295865019806446
0.5,0.34375,0.16066581853820744
0.5078125,0.3515625,0.15836318593578583
0.515625,0.359375,0.15605089289237298
0.5234375,0.3671875,0.15372908049704553
0.53125,0.375,0.1513978904177895
0.5390625,0.3828125,0.14905746489287458
0.546875,0.390625,0.14670794672219248
0.5546875,0.3984375,0.14434947925856212
0.5625,0.40625,0.14198220639900178
0.5703125,0.4140625,0.13960627257596847
0.578125,0.421875,0.13722182274856493
0.5859375,0.4296875,0.13482900239371406
0.59375,0.4375,0.1324279574973035
0.6015625,0.4453125,0.1300188345452978
0.609375,0.453125,0.12760178051482132
0.6171875,0.4609375,0.12517694286521003
0.625,0.46875,0.12274446952903455
0.6328125,0.4765625,0.12030450890309445
0.640625,0.484375,0.117857209839383
0.6484375,0.4921875,0.1154027216360247
0.65625,0.5,0.1129411940281853
0.6640625,0.5078125,0.11047277717895422
0.671875,0.515625,0.10799762167020123
0.6796875,0.5234375,0.10551587849340616
0.6875,0.53125,0.10302769904046392
0.6953125,0.5390625,0.10053323509446474
0.703125,0.546875,0.09803263882044834
0.7109375,0.5546875,0.09552606275613641
0.71875,0.5625,0.09301365980263965
0.7265625,0.5703125,0.09049558321514285
0.734375,0.578125,0.08797198659356743
0.7421875,0.5859375,0.08544302387321152
0.75,0.59375,0.08290884931536893
0.7578125,0.6015625,0.08036961749792701
0.765625,0.609375,0.0778254833059435
0.7734375,0.6171875,0.07527660192220381
0.78125,0.625,0.07272312881775778
0.7890625,0.6328125,0.07016521974243765
0.796875,0.640625,0.06760303071535634
0.8046875,0.6484375,0.0650367180153877
0.8125,0.65625,0.06246643817162767
0.8203125,0.6640625,0.0598923479538378
0.828125,0.671875,0.057314604362870114
0.8359375,0.6796875,0.05473336462107499
0.84375,0.6875,0.0521487861626909
0.8515625,0.6953125,0.04956102662421656
0.859375,0.703125,0.04697024383476586
0.8671875,0.7109375,0.04437659580640507
0.875,0.71875,0.04178024072447275
0.8828125,0.7265625,0.03918133693788196
0.890625,0.734375,0.0365800429494051
0.8984375,0.7421875,0.03397651740594116
0.90625,0.75,0.03137091908876603
0.9140625,0.7578125,0.02876340690376613
0.921875,0.765625,0.026154139871656084
0.9296875,0.7734375,0.023543277118182823
0.9375,0.78125,0.020930977864318277
0.9453125,0.7890625,0.018317401416445674
0.953125,0.796875,0.01570270715654624
0.9609375,0.8046875,0.013087054532397424
0.96875,0.8125,0.010470603047798555
0.9765625,0.8203125,0.007853512252848178
0.984375,0.828125,0.005235941734307324
0.9921875,0.8359375,0.002618051106097523
1.0,0.84375,0.0
0.1640625,0.0,0.24864542360741534
0.171875,0.0078125,0.24688209630468064
0.1796875,0.015625,0.2451037053745841
0.1875,0.0234375,0.24331035944779866
0.1953125,0.03125,0.24150216805711286
0.203125,0.0390625,0.2396792416327888
0.2109375,0.046875,0.23784169149745227
0.21875,0.0546875,0.23598962986055744
0.2265625,0.0625,0.23412316981248996
0.234375,0.0703125,0.23224242531837136
0.2421875,0.078125,0.23034751121162408
0.25,0.0859375,0.2284385431873394
0.2578125,0.09375,0.22651563779549191
0.265625,0.1015625,0.22457891243402023
0.2734375,0.109375,0.2226284853418016
0.28125,0.1171875,0.2206644755915335
0.2890625,0.125,0.2186870030825335
0.296875,0.1328125,0.21669618853346737
0.3046875,0.140625,0.2146921534750123
0.3125,0.1484375,0.2126750202424584
0.3203125,0.15625,0.21064491196825388
0.328125,0.1640625,0.20860195257449532
0.3359375,0.171875,0.20654626676536683
0.34375,0.1796875,0.20447798001952974
0.3515625,0.1875,0.20239721858246154
0.359375,0.1953125,0.20030410945874894
0.3671875,0.203125,0.19819878040433428
0.375,0.2109375,0.19608135991871553
0.3828125,0.21875,0.193951977237102
0.390625,0.2265625,0.19181076232252614
0.3984375,0.234375,0.18965784585791123
0.40625,0.2421875,0.18749335923809668
0.4140625,0.25,0.18531743456182004
0.421875,0.2578125,0.1831302046236586
0.4296875,0.265625,0.18093180290592925
0.4375,0.2734375,0.17872236357054602
0.4453125,0.28125,0.17650202145084024
0.453125,0.2890625,0.17427091204333892
0.4609375,0.296875,0.1720291714995044
0.46875,0.3046875,0.16977693661743634
0.4765625,0.3125,0.167514344833533
0.484375,0.3203125,0.16524153421411694
0.4921875,0.328125,0.16295864344702318
0.5,0.3359375,0.16066581183314954
0.5078125,0.34375,0.15836317927797075
0.515625,0.3515625,0.15605088628301758
0.5234375,0.359375,0.15372907393732
0.53125,0.3671875,0.15139788390881478
0.5390625,0.375,0.14905745843571933
0.546875,0.3828125,0.14670794031787115
0.5546875,0.390625,0.1443494729080334
0.5625,0.3984375,0.14198220010316767
0.5703125,0.40625,0.13960626633567358
0.578125,0.4140625,0.1372218165645967
0.5859375,0.421875,0.13482899626680375
0.59375,0.4296875,0.1324279514281274
0.6015625,0.4375,0.1300188285344792
0.609375,0.4453125,0.127601774562933
0.6171875,0.453125,0.12517693697277768
0.625,0.4609375,0.1227444636965405
0.6328125,0.46875,0.12030450313098195
0.640625,0.4765625,0.11785720412806146
0.6484375,0.484375,0.11540271598587513
0.65625,0.4921875,0.11294118843956669
0.6640625,0.5,0.11047277165221032
0.671875,0.5078125,0.10799761620566777
0.6796875,0.515625,0.10551587309141887
0.6875,0.5234375,0.1030276937013672
0.6953125,0.53125,0.10053322981862048
0.703125,0.5390625,0.09803263360824596
0.7109375,0.546875,0.09552605760800284
0.71875,0.5546875,0.09301365471905045
0.7265625,0.5625,0.0904955781966338
0.734375,0.5703125,0.08797198164074675
0.7421875,0.578125,0.08544301898677308
0.75,0.5859375,0.08290884449610629
0.7578125,0.59375,0.08036961274674806
0.765625,0.6015625,0.07782547862388667
0.7734375,0.609375,0.07527659731045497
0.78125,0.6171875,0.07272312427766885
0.7890625,0.625,0.07016521527554645
0.796875,0.6328125,0.06760302632340855
0.8046875,0.640625,0.0650367137003603
0.8125,0.6484375,0.06246643393575514
0.8203125,0.65625,0.059892343799640695
0.828125,0.6640625,0.05731460029318691
0.8359375,0.671875,0.054733360639097256
0.84375,0.6796875,0.05214878227200264
0.8515625,0.6875,0.04956102282883854
0.859375,0.6953125,0.046970240139205116
0.8671875,0.703125,0.044376592215711066
0.875,0.7109375,0.041780237244300904
0.8828125,0.71875,0.039181333574565935
0.890625,0.7265625,0.036580039710039036
0.8984375,0.734375,0.033976514298473835
0.90625,0.7421875,0.0313709161221082
0.9140625,0.75,0.028763404087913662
0.921875,0.7578125,0.026154137217831046
0.9296875,0.765625,0.023543274638994686
0.9375,0.7734375,0.020930975573948102
0.9453125,0.78125,0.01831739933085531
0.953125,0.7890625,0.015702705293714547
0.9609375,0.796875,0.013087052912583908
0.96875,0.8046875,0.010470601693832998
0.9765625,0.8125,0.007853511190440617
0.984375,0.8203125,0.005235940992366862
0.9921875,0.828125,0.0026180507170385408
1.0,0.8359375,0.0
0.171875,0.0,0.24688208744496415
0.1796875,0.0078125,0.24510369671500243
0.1875,0.015625,0.2433103509557938
0.1953125,0.0234375,0.2415021597054788
0.203125,0.03125,0.23967923339898695
0.2109375,0.0390625,0.23784168336291484
0.21875,0.046875,0.23598962181004254
0.2265625,0.0546875,0.23412316183351692
0.234375,0.0625,0.23224241740074045
0.2421875,0.0703125,0.23034750334701704
0.25,0.078125,0.2284385353689918
0.2578125,0.0859375,0.2265156300179244
0.265625,0.09375,0.22457890469282124
0.2734375,0.1015625,0.2226284776334499
0.28125,0.109375,0.22066446791325356
0.2890625,0.1171875,0.2186869954321787
0.296875,0.125,0.2166961809094235
0.3046875,0.1328125,0.21469214587611798
0.3125,0.140625,0.2126750126679394
0.3203125,0.1484375,0.2106449044176689
0.328125,0.15625,0.20860194504769006
0.3359375,0.1640625,0.2065462592624357
0.34375,0.171875,0.20447797254078212
0.3515625,0.1796875,0.2023972111283942
0.359375,0.1875,0.20030410203002155
0.3671875,0.1953125,0.19819877300174785
0.375,0.203125,0.19608135254319375
0.3828125,0.2109375,0.19395196988967484
0.390625,0.21875,0.19181075500431427
0.3984375,0.2265625,0.18965783857011312
0.40625,0.234375,0.1874933519819754
0.4140625,0.2421875,0.1853174273386929
0.421875,0.25,0.18313019743488598
0.4296875,0.2578125,0.18093179575290477
0.4375,0.265625,0.17872235645468804
0.4453125,0.2734375,0.17650201437358276
0.453125,0.28125,0.17427090500612355
0.4609375,0.2890625,0.17202916450377317
0.46875,0.296875,0.16977692966462368
0.4765625,0.3046875,0.16751433792505974
0.484375,0.3125,0.16524152735138395
0.4921875,0.3203125,0.16295863663140508
0.5,0.328125,0.16066580506598932
0.5078125,0.3359375,0.15836317256057506
0.515625,0.34375,0.15605087961665196
0.5234375,0.3515625,0.15372906732320452
0.53125,0.359375,0.1513978773481208
0.5390625,0.3671875,0.14905745192956613
0.546875,0.375,0.14670793386732336
0.5546875,0.3828125,0.1443494665140993
0.5625,0.390625,0.14198219376679727
0.5703125,0.3984375,0.13960626005775828
0.578125,0.40625,0.13722181034596873
0.5859375,0.4140625,0.1348289901082368
0.59375,0.421875,0.1324279453303372
0.6015625,0.4296875,0.13001882249812594
0.609375,0.4375,0.1276017685886231
0.6171875,0.4453125,0.12517693106106692
0.625,0.453125,0.12274445784793758
0.6328125,0.4609375,0.12030449734595297
0.640625,0.46875,0.11785719840703446
0.6484375,0.4765625,0.1154027103292461
0.65625,0.484375,0.11294118284770518
0.6640625,0.4921875,0.11047276612546658
0.671875,0.5,0.10799761074437973
0.6796875,0.5078125,0.10551586769592063
0.6875,0.515625,0.10302768837199702
0.6953125,0.5234375,0.10053322455573009
0.703125,0.53125,0.09803262841221051
0.7109375,0.5390625,0.09552605247923103
0.71875,0.546875,0.09301364965799544
0.7265625,0.5546875,0.09049557320380505
0.734375,0.5625,0.0879719767167223
0.7421875,0.5703125,0.0854430141322126
0.75,0.578125,0.0829088397117649
0.7578125,0.5859375,0.08036960803349137
0.765625,0.59375,0.07782547398270631
0.7734375,0.6015625,0.07527659274248572
0.78125,0.609375,0.07272311978420655
0.7890625,0.6171875,0.07016521085806784
0.796875,0.625,0.06760302198359229
0.8046875,0.6328125,0.0650367094401101
0.8125,0.640625,0.06246642975722485
0.8203125,0.6484375,0.059892339705261935
0.828125,0.65625,0.05731459628569945
0.8359375,0.6640625,0.054733356721582714
0.84375,0.671875,0.052148778447921706
0.8515625,0.6796875,0.049561019102072695
0.859375,0.6875,0.04697023651410329
0.8671875,0.6953125,0.04437658869714201
0.875,0.703125,0.041780233837712136
0.8828125,0.7109375,0.03918133028605048
0.890625,0.71875,0.03658003654641094
0.8984375,0.7265625,0.03397651126735388
0.90625,0.734375,0.03137091323202133
0.9140625,0.7421875,0.028763401348399727
0.921875,0.75,0.026154134639570628
0.9296875,0.7578125,0.023543272233952087
0.9375,0.765625,0.02093097335553305
0.9453125,0.7734375,0.018317397314105286
0.953125,0.78125,0.015702703495498488
0.9609375,0.7890625,0.013087051351827465
0.96875,0.796875,0.010470600391763233
0.9765625,0.8046875,0.007853510170845146
0.984375,0.8125,0.005235940281857211
0.9921875,0.8203125,0.002618050345300097
1.0,0.828125,0.0
0.1796875,0.0,0.2451036877700081
0.1875,0.0078125,0.2433103421969691
0.1953125,0.015625,0.24150215110434434
0.203125,0.0234375,0.23967922493152005
0.2109375,0.03125,0.23784167500902145
0.21875,0.0390625,0.23598961355301146
0.2265625,0.046875,0.23412315365950523
0.234375,0.0546875,0.23224240929831688
0.2421875,0.0625,0.2303474953067668
0.25,0.0703125,0.22843852738318393
0.2578125,0.078125,0.2265156220802332
0.265625,0.0859375,0.22457889679809676
0.2734375,0.09375,0.2226284697775286
0.28125,0.1015625,0.2206644600928024
0.2890625,0.109375,0.21868698764456637
0.296875,0.1171875,0.21669617315261522
0.3046875,0.125,0.21469213814858767
0.3125,0.1328125,0.2126750049685971
0.3203125,0.140625,0.21064489674579953
0.328125,0.1484375,0.2086019374029027
0.3359375,0.15625,0.20654625164462032
0.34375,0.1640625,0.20447796495007306
0.3515625,0.171875,0.20239720356513802
0.359375,0.1796875,0.20030409449475037
0.3671875,0.1875,0.1981987654951552
0.375,0.1953125,0.19608134506611413
0.3828125,0.203125,0.1939519624430646
0.390625,0.2109375,0.1918107475892356
0.3984375,0.21875,0.1896578311877187
0.40625,0.2265625,0.1874933446334952
0.4140625,0.234375,0.18531742002542118
0.421875,0.2421875,0.18313019015817028
0.4296875,0.25,0.1809317885141349
0.4375,0.2578125,0.17872234925528657
0.4453125,0.265625,0.17650200721499526
0.453125,0.2734375,0.17427089788980996
0.4609375,0.28125,0.17202915743119943
0.46875,0.2890625,0.16977692263725416
0.4765625,0.296875,0.16751433094434942
0.484375,0.3046875,0.16524152041877205
0.4921875,0.3125,0.16295862974830821
0.5,0.3203125,0.16066579823379562
0.5078125,0.328125,0.1583631657806385
0.515625,0.3359375,0.15605087289028718
0.5234375,0.34375,0.15372906065168243
0.53125,0.3515625,0.1513978707326642
0.5390625,0.359375,0.1490574453713459
0.546875,0.3671875,0.14670792736745614
0.5546875,0.375,0.14434946007364416
0.5625,0.3828125,0.14198218738675444
0.5703125,0.390625,0.1396062537390676
0.578125,0.3984375,0.13722180408950896
0.5859375,0.40625,0.13482898391482578
0.59375,0.4140625,0.13242793920073273
0.6015625,0.421875,0.1300188164330267
0.609375,0.4296875,0.1276017625886709
0.6171875,0.4375,0.12517692512684936
0.625,0.4453125,0.12274445197999176
0.6328125,0.453125,0.12030449154476902
0.640625,0.4609375,0.11785719267306066
0.6484375,0.46875,0.11540270466289407
0.65625,0.4765625,0.1129411772493561
0.6640625,0.484375,0.11047276059547775
0.671875,0.4921875,0.10799760528309192
0.6796875,0.5,0.10551586230366586
0.6875,0.5078125,0.10302768304910742
0.6953125,0.515625,0.10053321930254672
0.703125,0.5234375,0.09803262322909324
0.7109375,0.53125,0.09552604736656889
0.71875,0.5390625,0.09301364461621778
0.7265625,0.546875,0.09049556823339303
0.734375,0.5546875,0.08797197181822121
0.7421875,0.5625,0.08544300930624506
0.75,0.5703125,0.08290883495904465
0.7578125,0.578125,0.08036960335483805
0.765625,0.5859375,0.07782546937906096
0.7734375,0.59375,0.07527658821492754
0.78125,0.6015625,0.07272311533397093
0.7890625,0.609375,0.07016520648656524
0.796875,0.6171875,0.06760301769242912
0.8046875,0.625,0.06503670523111103
0.8125,0.6328125,0.062466425632457266
0.8203125,0.640625,0.05989233566706229
0.828125,0.6484375,0.057314592336702566
0.8359375,0.65625,0.054733352864753726
0.84375,0.6640625,0.05214877468659158
0.8515625,0.671875,0.0495610154399775
0.859375,0.6796875,0.046970232955427946
0.8671875,0.6875,0.04437658524656923
0.875,0.6953125,0.04178023050047731
0.8828125,0.703125,0.039181327068003126
0.890625,0.7109375,0.03658003345408417
0.8984375,0.71875,0.03397650830804253
0.90625,0.7265625,0.0313709104138704
0.9140625,0.734375,0.02876339868050401
0.921875,0.7421875,0.02615413213208737
0.9296875,0.75,0.023543269898227834
0.9375,0.7578125,0.020930971204246154
0.9453125,0.765625,0.018317395361425067
0.953125,0.7734375,0.015702701757261663
0.9609375,0.78125,0.013087049845731337
0.96875,0.7890625,0.01047059913757354
0.9765625,0.796875,0.00785350919061386
0.984375,0.8046875,0.005235939600141568
0.9921875,0.8125,0.002618049989368192
1.0,0.8203125,0.0
0.1875,0.0,0.2433103331684185
0.1953125,0.0078125,0.24150214224971742
0.203125,0.015625,0.23967921622577268
0.2109375,0.0234375,0.23784166643085336
0.21875,0.03125,0.23598960508445468
0.2265625,0.0390625,0.23412314528549247
0.234375,0.046875,0.23224240100626833
0.2421875,0.0546875,0.23034748708621797
0.25,0.0625,0.2284385192254591
0.2578125,0.0703125,0.22651561397816666
0.265625,0.078125,0.2245788887457962
0.2734375,0.0859375,0.2226284617701779
0.28125,0.09375,0.22066445212649666
0.2890625,0.1015625,0.21868697971617454
0.296875,0.109375,0.21669616525966592
0.3046875,0.1171875,0.21469213028917422
0.3125,0.125,0.21267499714129792
0.3203125,0.1328125,0.21064488894961125
0.328125,0.140625,0.2086019296371841
0.3359375,0.1484375,0.20654624390904455
0.34375,0.15625,0.2044779572445871
0.3515625,0.1640625,0.2023971958899278
0.359375,0.171875,0.2003040868502105
0.3671875,0.1796875,0.19819875788186306
0.375,0.1875,0.19608133748480613
0.3828125,0.1953125,0.19395195489461664
0.390625,0.203125,0.19181074007464435
0.3984375,0.2109375,0.1896578237080852
0.40625,0.21875,0.18749333719001018
0.4140625,0.2265625,0.1853174126193515
0.421875,0.234375,0.18313018279084609
0.4296875,0.2421875,0.18093178118693848
0.4375,0.25,0.17872234196964104
0.4453125,0.2578125,0.17650199997235502
0.453125,0.265625,0.17427089069165075
0.4609375,0.2734375,0.17202915027900947
0.46875,0.28125,0.1697769155325256
0.4765625,0.2890625,0.16751432388857068
0.484375,0.296875,0.16524151341341978
0.4921875,0.3046875,0.1629586227948407
0.5,0.3125,0.16066579133364559
0.5078125,0.3203125,0.15836315893520758
0.515625,0.328125,0.1560508661009399
0.5234375,0.3359375,0.15372905391974095
0.53125,0.34375,0.1513978640594038
0.5390625,0.3515625,0.14905743875799088
0.546875,0.359375,0.14670792081517622
0.5546875,0.3671875,0.14434945358355125
0.5625,0.375,0.14198218095990042
0.5703125,0.3828125,0.13960624737644275
0.578125,0.390625,0.13722179779204075
0.5859375,0.3984375,0.1348289776833785
0.59375,0.40625,0.13242793303610778
0.6015625,0.4140625,0.1300188103359636
0.609375,0.421875,0.12760175655984898
0.6171875,0.4296875,0.12517691916689028
0.625,0.4375,0.12274444608946233
0.6328125,0.4453125,0.12030448572418546
0.640625,0.453125,0.11785718692289289
0.6484375,0.4609375,0.11540269898357103
0.65625,0.46875,0.11294117164127158
0.6640625,0.4765625,0.11047275505899691
0.671875,0.484375,0.10799759981855891
0.6796875,0.4921875,0.1055158569114113
0.6875,0.5,0.1030276777294571
0.6953125,0.5078125,0.10053321405583068
0.703125,0.515625,0.09803261805565561
0.7109375,0.5234375,0.09552604226677819
0.71875,0.53125,0.09301363959047806
0.7265625,0.5390625,0.09049556328215545
0.734375,0.546875,0.08797196694199642
0.7421875,0.5546875,0.08544300450561633
0.75,0.5625,0.08290883023468153
0.7578125,0.5703125,0.08036959870751102
0.765625,0.578125,0.0778254648096571
0.7734375,0.5859375,0.07527658372446683
0.78125,0.59375,0.07272311092362392
0.7890625,0.6015625,0.07016520215767177
0.796875,0.609375,0.06760301344651871
0.8046875,0.6171875,0.0650367010699244
0.8125,0.625,0.06246642155796997
0.8203125,0.6328125,0.05989233168151039
0.828125,0.640625,0.05731458844261039
0.8359375,0.6484375,0.05473334906496454
0.84375,0.65625,0.052148770984301256
0.8515625,0.6640625,0.04956101183877148
0.859375,0.671875,0.04697022945932251
0.8671875,0.6796875,0.044376581860057183
0.875,0.6875,0.04178022722857887
0.8828125,0.6953125,0.03918132391632289
0.890625,0.703125,0.03658003042887481
0.8984375,0.7109375,0.033976505416276274
0.90625,0.71875,0.03137090766331921
0.9140625,0.7265625,0.028763396079829546
0.921875,0.734375,0.02615412969094188
0.9296875,0.7421875,0.023543267627367
0.9375,0.75,0.02093096911565491
0.9453125,0.7578125,0.018317393468457042
0.953125,0.765625,0.01570270007479246
0.9609375,0.7734375,0.01308704839032487
0.96875,0.78125,0.010470597927659434
0.9765625,0.7890625,0.007853508246671515
0.984375,0.796875,0.005235938944883448
0.9921875,0.8046875,0.002618049647910146
1.0,0.8125,0.0
0.1953125,0.0,0.2415021331391444
0.203125,0.0078125,0.2396792072783383
0.2109375,0.015625,0.23784165762443074
0.21875,0.0234375,0.23598959640008796
0.2265625,0.03125,0.23412313670707283
0.234375,0.0390625,0.23224239252018955
0.2421875,0.046875,0.23034747868104266
0.25,0.0546875,0.22843851089161313
0.2578125,0.0625,0.2265156057076681
0.265625,0.0703125,0.22457888053202057
0.2734375,0.078125,0.22262845360765687
0.28125,0.0859375,0.22066444401074778
0.2890625,0.09375,0.2186869716435575
0.296875,0.1015625,0.2166961572272613
0.3046875,0.109375,0.21469212229468226
0.3125,0.1171875,0.21267498918295258
0.3203125,0.125,0.21064488102610832
0.328125,0.1328125,0.2086019217476197
0.3359375,0.140625,0.20654623605286349
0.34375,0.1484375,0.2044779494215382
0.3515625,0.15625,0.20239718810002605
0.359375,0.1640625,0.2003040790937037
0.3671875,0.171875,0.19819875015920305
0.375,0.1796875,0.19608132979662418
0.3828125,0.1875,0.1939519472417003
0.390625,0.1953125,0.19181073245791808
0.3984375,0.203125,0.18965781612859234
0.40625,0.2109375,0.18749332964889692
0.4140625,0.21875,0.18531740511785205
0.421875,0.2265625,0.183130175330269
0.4296875,0.234375,0.18093177376865427
0.4375,0.2421875,0.1787223345950705
0.4453125,0.25,0.176501992642958
0.453125,0.2578125,0.1742708834089163
0.4609375,0.265625,0.17202914304444594
0.46875,0.2734375,0.16977690834765155
0.4765625,0.28125,0.16751431675490616
0.484375,0.2890625,0.16524150633247825
0.4921875,0.296875,0.16295861576812123
0.5,0.3046875,0.16066578436262594
0.5078125,0.3125,0.158363152021337
0.515625,0.3203125,0.15605085924563314
0.5234375,0.328125,0.1537290471243725
0.53125,0.3359375,0.1513978573253025
0.5390625,0.34375,0.1490574320864356
0.546875,0.3515625,0.14670791420739096
0.5546875,0.359375,0.14434944704070257
0.5625,0.3671875,0.1419821744830942
0.5703125,0.375,0.13960624096672153
0.578125,0.3828125,0.13722179145038285
0.5859375,0.390625,0.13482897141069686
0.59375,0.3984375,0.13242792683324983
0.6015625,0.40625,0.13001880420371195
0.609375,0.4140625,0.12760175049892264
0.6171875,0.421875,0.1251769131779469
0.625,0.4296875,0.12274444017310111
0.6328125,0.4375,0.12030447988095039
0.640625,0.4453125,0.1178571811532774
0.6484375,0.453125,0.11540269328802277
0.65625,0.4609375,0.11294116602019856
0.6640625,0.46875,0.11047274951277358
0.671875,0.4765625,0.10799759434753338
0.6796875,0.484375,0.10551585151591353
0.6875,0.4921875,0.10302767240980694
0.6953125,0.5,0.10053320881234724
0.703125,0.5078125,0.09803261288866684
0.7109375,0.515625,0.09552603717663155
0.71875,0.5234375,0.09301363457755132
0.7265625,0.53125,0.09049555834686852
0.734375,0.5390625,0.08797196208482368
0.7421875,0.546875,0.0854429997270995
0.75,0.5546875,0.08290882553544375
0.7578125,0.5625,0.08036959408827106
0.765625,0.5703125,0.07782546027124498
0.7734375,0.578125,0.07527657926783993
0.78125,0.5859375,0.07272310654988443
0.7890625,0.59375,0.07016519786808507
0.796875,0.6015625,0.0676030092425331
0.8046875,0.609375,0.06503669695319228
0.8125,0.6171875,0.062466417530370695
0.8203125,0.625,0.05989232774517482
0.828125,0.6328125,0.057314584599947795
0.8359375,0.640625,0.054733345318691666
0.84375,0.6484375,0.05214876733747429
0.8515625,0.65625,0.049561008294821206
0.859375,0.6640625,0.0469702260220929
0.8671875,0.671875,0.04437657853384813
0.875,0.6796875,0.04178022401819365
0.8828125,0.6875,0.03918132082712078
0.890625,0.6953125,0.03658002746682967
0.8984375,0.703125,0.033976502588041926
0.90625,0.7109375,0.031370904976302356
0.9140625,0.71875,0.028763393542271032
0.921875,0.7265625,0.026154127312007208
0.9296875,0.734375,0.02354326541724698
0.9375,0.7421875,0.020930967085677037
0.9453125,0.75,0.018317391631207956
0.953125,0.7578125,0.01570269844425157
0.9609375,0.765625,0.013087046982008172
0.96875,0.7734375,0.010470596758771588
0.9765625,0.78125,0.007853507336262189
0.984375,0.7890625,0.0052359383140016275
0.9921875,0.796875,0.002618049319746123
1.0,0.8046875,0.0
0.203125,0.0,0.23967919808712768
0.2109375,0.0078125,0.23784164858682483
0.21875,0.015625,0.2359895874964565
0.2265625,0.0234375,0.23412312792049186
0.234375,0.03125,0.23224238383618453
0.2421875,0.0390625,0.23034747008731105
0.25,0.046875,0.2284385023777528
0.2578125,0.0546875,0.22651559726492546
0.265625,0.0625,0.22457887215306385
0.2734375,0.0703125,0.22262844528637812
0.28125,0.078125,0.22066443574209052
0.2890625,0.0859375,0.2186869634233696
0.296875,0.09375,0.2166961490521696
0.3046875,0.1015625,0.2146921141619854
0.3125,0.109375,0.21267498109053062
0.3203125,0.1171875,0.21064487297234571
0.328125,0.125,0.2086019137313398
0.3359375,0.1328125,0.20654622807327258
0.34375,0.140625,0.20447794147817702
0.3515625,0.1484375,0.20239718019272915
0.359375,0.15625,0.2003040712225633
0.3671875,0.1640625,0.19819874232453774
0.375,0.171875,0.19608132199895148
0.3828125,0.1796875,0.19395193948171277
0.390625,0.1875,0.19181072473646135
0.3984375,0.1953125,0.1896578084466462
0.40625,0.203125,0.18749332200755742
0.4140625,0.2109375,0.18531739751831572
0.421875,0.21875,0.1831301677738185
0.4296875,0.2265625,0.18093176625664426
0.4375,0.234375,0.17872232712891553
0.4453125,0.2421875,0.1765019852241209
0.453125,0.25,0.17427087603889663
0.4609375,0.2578125,0.17202913572477005
0.46875,0.265625,0.1697769010798624
0.4765625,0.2734375,0.16751430954055438
0.484375,0.28125,0.16524149917311295
0.4921875,0.2890625,0.16295860866528206
0.5,0.296875,0.16066577731783477
0.5078125,0.3046875,0.1583631450360911
0.515625,0.3125,0.15605085232139804
0.5234375,0.3203125,0.15372904026257564
0.53125,0.328125,0.1513978505273274
0.5390625,0.3359375,0.1490574253536168
0.546875,0.34375,0.14670790754100896
0.5546875,0.3515625,0.14434944044198006
0.5625,0.359375,0.14198216795319274
0.5703125,0.3671875,0.13960623450673854
0.578125,0.375,0.13722178506134952
0.5859375,0.3828125,0.1348289650935772
0.59375,0.390625,0.1324279205889397
0.6015625,0.3984375,0.13001879803303948
0.609375,0.40625,0.12760174440264915
0.6171875,0.4140625,0.12517690715676863
0.625,0.421875,0.12274443422765133
0.6328125,0.4296875,0.12030447401180343
0.640625,0.4375,0.11785717536095217
0.6484375,0.4453125,0.11540268757298788
0.65625,0.453125,0.11294116038287758
0.6640625,0.4609375,0.11047274395355174
0.671875,0.46875,0.10799758886676435
0.6796875,0.4765625,0.10551584611392713
0.6875,0.484375,0.10302766708691787
0.6953125,0.4921875,0.10053320356886396
0.703125,0.5,0.09803260772490134
0.7109375,0.5078125,0.09552603209290976
0.71875,0.515625,0.09301362957422424
0.7265625,0.5234375,0.09049555342432376
0.734375,0.53125,0.08797195724349799
0.7421875,0.5390625,0.08544299496749175
0.75,0.546875,0.08290882085812833
0.7578125,0.5546875,0.08036958949391286
0.765625,0.5625,0.07782545576061432
0.7734375,0.5703125,0.07527657484182877
0.78125,0.578125,0.07272310220952338
0.7890625,0.5859375,0.07016519361456165
0.796875,0.59375,0.06760300507721075
0.8046875,0.6015625,0.06503669287763138
0.8125,0.609375,0.06246641354635034
0.8203125,0.6171875,0.059892323854716746
0.828125,0.625,0.057314580805342075
0.8359375,0.6328125,0.054733341622524634
0.84375,0.640625,0.05214876374265882
0.8515625,0.6484375,0.04956100480462998
0.859375,0.65625,0.04697022264019477
0.8671875,0.6640625,0.044376575264348135
0.875,0.671875,0.04178022086567711
0.8828125,0.6796875,0.0391813177967021
0.890625,0.6875,0.03658002456420633
0.8984375,0.6953125,0.03397649981955433
0.90625,0.703125,0.031370902349000106
0.9140625,0.7109375,0.028763391063986624
0.921875,0.71875,0.02615412499143738
0.9296875,0.7265625,0.023543263264042623
0.9375,0.734375,0.02093096511054197
0.9453125,0.7421875,0.018317389846006938
0.953125,0.75,0.015702696862127087
0.9609375,0.7578125,0.013087045617505308
0.96875,0.765625,0.01047059562796884
0.9765625,0.7734375,0.00785350645690506
0.984375,0.78125,0.00523593770563314
0.9921875,0.7890625,0.0026180490038260123
1.0,0.796875,0.0
0.2109375,0.0,0.23784163931624286
0.21875,0.0078125,0.2359895783710242
0.2265625,0.015625,0.23412311892273108
0.234375,0.0234375,0.23224237495094383
0.2421875,0.03125,0.23034746130155945
0.25,0.0390625,0.22843849368035563
0.2578125,0.046875,0.22651558864642132
0.265625,0.0546875,0.22457886360545587
0.2734375,0.0625,0.22262843680294359
0.28125,0.0703125,0.220664427317213
0.2890625,0.078125,0.2186869550523911
0.296875,0.0859375,0.2166961407312629
0.3046875,0.09375,0.21469210588804435
0.3125,0.1015625,0.21267497286107553
0.3203125,0.109375,0.21064486478544264
0.328125,0.1171875,0.208601905585531
0.3359375,0.125,0.20654621996751701
0.34375,0.1328125,0.20447793341179943
0.3515625,0.140625,0.20239717216537528
0.359375,0.1484375,0.20030406323416147
0.3671875,0.15625,0.19819873437526542
0.375,0.1640625,0.19608131408920562
0.3828125,0.171875,0.19395193161208396
0.390625,0.1796875,0.19181071690771034
0.3984375,0.1875,0.1896578006596828
0.40625,0.1953125,0.18749331426342247
0.4140625,0.203125,0.18531738981816334
0.421875,0.2109375,0.18313016011890054
0.4296875,0.21875,0.1809317586482959
0.4375,0.2265625,0.17872231956854176
0.4453125,0.234375,0.17650197771318382
0.453125,0.2421875,0.17427086857890398
0.4609375,0.25,0.1720291283172637
0.46875,0.2578125,0.16977689372640814
0.4765625,0.265625,0.16751430224273162
0.484375,0.2734375,0.16524149193250567
0.4921875,0.28125,0.16295860148346944
0.5,0.2890625,0.16066577019638312
0.5078125,0.296875,0.15836313797654542
0.515625,0.3046875,0.15605084532527502
0.5234375,0.3125,0.15372903333135654
0.53125,0.3203125,0.1513978436624514
0.5390625,0.328125,0.1490574185564755
0.546875,0.3359375,0.14670790081294086
0.5546875,0.34375,0.14434943378426604
0.5625,0.3515625,0.1419821613670521
0.5703125,0.359375,0.1396062279933254
0.578125,0.3671875,0.13722177862175075
0.5859375,0.375,0.13482895872881015
0.59375,0.3828125,0.1324279142999515
0.6015625,0.390625,0.13001879182070636
0.609375,0.3984375,0.12760173826777724
0.6171875,0.40625,0.12517690110009505
0.625,0.4140625,0.12274442824984687
0.6328125,0.421875,0.12030446811347473
0.640625,0.4296875,0.11785716954264609
0.6484375,0.4375,0.11540268183519584
0.65625,0.4453125,0.11294115472604105
0.6640625,0.453125,0.11047273837806829
0.671875,0.4609375,0.10799758337299462
0.6796875,0.46875,0.1055158407022024
0.6875,0.4765625,0.10302766175754846
0.6953125,0.484375,0.10053319832214844
0.703125,0.4921875,0.09803260256113601
0.7109375,0.5,0.09552602701239912
0.71875,0.5078125,0.09301362457729212
0.7265625,0.515625,0.09049554851132503
0.734375,0.5234375,0.08797195241483068
0.7421875,0.53125,0.08544299022361022
0.75,0.5390625,0.08290881619955734
0.7578125,0.546875,0.08036958492126116
0.765625,0.5546875,0.07782545127459031
0.7734375,0.5625,0.07527657044325646
0.78125,0.5703125,0.07272309789935912
0.7890625,0.578125,0.07016518939391199
0.796875,0.5859375,0.06760300094735136
0.8046875,0.59375,0.06503668884002703
0.8125,0.6015625,0.0624664096026766
0.8203125,0.609375,0.05989232000688265
0.828125,0.6171875,0.057314577055515153
0.8359375,0.625,0.05473333797315745
0.84375,0.6328125,0.05214876019651793
0.8515625,0.640625,0.04956100136482731
0.859375,0.6484375,0.046970219310221904
0.8671875,0.65625,0.044376572048113905
0.875,0.6640625,0.04178021776754866
0.8828125,0.671875,0.03918131482155018
0.890625,0.6796875,0.03658002171745501
0.8984375,0.6875,0.03397649710723593
0.90625,0.6953125,0.031370899777815736
0.9140625,0.703125,0.028763388641372817
0.921875,0.7109375,0.02615412272563951
0.9296875,0.71875,0.023543261164195365
0.9375,0.7265625,0.020930963186757252
0.9453125,0.734375,0.018317388109469257
0.953125,0.7421875,0.01570269532519609
0.9609375,0.75,0.01308704429382447
0.96875,0.7578125,0.010470594532578642
0.9765625,0.765625,0.007853505606357464
0.984375,0.7734375,0.005235937118102725
0.9921875,0.78125,0.0026180486992104924
1.0,0.7890625,0.0
0.21875,0.0,0.2359895690222413
0.2265625,0.0078125,0.23412310971157974
0.234375,0.015625,0.2322423658618139
0.2421875,0.0234375,0.23034745232085452
0.25,0.03125,0.22843848479632672
0.2578125,0.0390625,0.22651557984898374
0.265625,0.046875,0.22457885488600535
0.2734375,0.0546875,0.22262842815418216
0.28125,0.0625,0.22066441873298856
0.2890625,0.0703125,0.21868694652755438
0.296875,0.078125,0.2166961322615402
0.3046875,0.0859375,0.21469209746992632
0.3125,0.09375,0.21267496449172152
0.3203125,0.1015625,0.21064485646259604
0.328125,0.109375,0.20860189730744783
0.3359375,0.1171875,0.20654621173290288
0.34375,0.125,0.20447792521975566
0.3515625,0.1328125,0.20239716401535174
0.359375,0.140625,0.20030405512591573
0.3671875,0.1484375,0.198198726308827
0.375,0.15625,0.19608130606484422
0.3828125,0.1640625,0.19395192363028158
0.390625,0.171875,0.19181070896913652
0.3984375,0.1796875,0.1896577927651727
0.40625,0.1875,0.18749330641395578
0.4140625,0.1953125,0.1853173820148471
0.421875,0.203125,0.18313015236295152
0.4296875,0.2109375,0.18093175094102557
0.4375,0.21875,0.17872231191134202
0.4453125,0.2265625,0.17650197010751315
0.453125,0.234375,0.17427086102627531
0.4609375,0.2421875,0.17202912081923225
0.46875,0.25,0.16977688628456036
0.4765625,0.2578125,0.1675142948586745
0.484375,0.265625,0.16524148460785662
0.4921875,0.2734375,0.16295859421984665
0.5,0.28125,0.16066576299539667
0.5078125,0.2890625,0.1583631308397884
0.515625,0.296875,0.15605083825431568
0.5234375,0.3046875,0.1537290263277303
0.53125,0.3125,0.15139783672765453
0.5390625,0.3203125,0.14905741169195777
0.546875,0.328125,0.14670789402010045
0.5546875,0.3359375,0.1443494270644439
0.5625,0.34375,0.14198215472152717
0.5703125,0.3515625,0.13960622142331156
0.578125,0.359375,0.13722177212839248
0.5859375,0.3671875,0.134828952313181
0.59375,0.375,0.13242790796305243
0.6015625,0.3828125,0.1300187855634647
0.609375,0.390625,0.12760173209104667
0.6171875,0.3984375,0.1251768950046568
0.625,0.40625,0.12274442223641127
0.6328125,0.4140625,0.12030446218268391
0.640625,0.421875,0.11785716369507737
0.6484375,0.4296875,0.11540267607136602
0.65625,0.4375,0.11294114904641162
0.6640625,0.4453125,0.11047273278305134
0.671875,0.453125,0.1079975778629595
0.6796875,0.4609375,0.1055158352774834
0.6875,0.46875,0.103027656418453
0.6953125,0.4765625,0.10053319306896592
0.703125,0.484375,0.09803259739414777
0.7109375,0.4921875,0.09552602193188867
0.71875,0.5,0.09301361958355617
0.7265625,0.5078125,0.09049554360468519
0.734375,0.515625,0.0879719475956459
0.7421875,0.5234375,0.08544298549228968
0.75,0.53125,0.08290881155657409
0.7578125,0.5390625,0.08036958036716672
0.765625,0.546875,0.07782544681002934
0.7734375,0.5546875,0.07527656606898285
0.78125,0.5625,0.07272309361625261
0.7890625,0.5703125,0.07016518520299564
0.796875,0.578125,0.06760299684981011
0.8046875,0.5859375,0.06503668483722745
0.8125,0.59375,0.062466405696187464
0.8203125,0.6015625,0.05989231619849758
0.828125,0.609375,0.057314573347276146
0.8359375,0.6171875,0.054733334367380516
0.84375,0.625,0.052148756695820746
0.8515625,0.6328125,0.04956099797215896
0.859375,0.640625,0.04697021602889525
0.8671875,0.6484375,0.04437656888184083
0.875,0.65625,0.04178021472047844
0.8828125,0.6640625,0.039181311898311505
0.890625,0.671875,0.03658001892320203
0.8984375,0.6796875,0.03397649444769863
0.90625,0.6875,0.03137089725935524
0.9140625,0.6953125,0.02876338627104194
0.921875,0.703125,0.02615412051124903
0.9296875,0.7109375,0.023543259114386275
0.9375,0.71875,0.020930961311079115
0.9453125,0.7265625,0.018317386418464806
0.953125,0.734375,0.015702693830491395
0.9609375,0.7421875,0.013087043008224011
0.96875,0.75,0.010470593470163483
0.9765625,0.7578125,0.007853504782583929
0.984375,0.765625,0.0052359365498973656
0.9921875,0.7734375,0.0026180484050554167
1.0,0.78125,0.0
0.2265625,0.0,0.2341231002856889
0.234375,0.0078125,0.23224235656685527
0.2421875,0.015625,0.23034744314284994
0.25,0.0234375,0.22843847572305184
0.2578125,0.03125,0.22651557086983345
0.265625,0.0390625,0.22457884599184275
0.2734375,0.046875,0.22262841933718622
0.28125,0.0546875,0.22066440998650808
0.2890625,0.0625,0.21868693784597226
0.296875,0.0703125,0.21669612364015076
0.3046875,0.078125,0.21469208890482575
0.3125,0.0859375,0.21267495597971067
0.3203125,0.09375,0.21064484800109629
0.328125,0.1015625,0.20860188889442619
0.3359375,0.109375,0.2065462033668076
0.34375,0.1171875,0.20447791689945988
0.3515625,0.125,0.20239715574010392
0.359375,0.1328125,0.20030404689529677
0.3671875,0.140625,0.1981987181227122
0.375,0.1484375,0.19608129792337012
0.3828125,0.15625,0.19395191553381597
0.390625,0.1640625,0.1918107009182525
0.3984375,0.171875,0.18965778476062445
0.40625,0.1796875,0.18749329845665783
0.4140625,0.1875,0.1853173741058541
0.421875,0.1953125,0.18313014450344126
0.4296875,0.203125,0.18093174313228189
0.4375,0.2109375,0.17872230415473975
0.4453125,0.21875,0.17650196240450422
0.453125,0.2265625,0.17427085337837506
0.4609375,0.234375,0.17202911322800682
0.46875,0.2421875,0.16977687875161496
0.4765625,0.25,0.16751428738564197
0.484375,0.2578125,0.16524147719638668
0.4921875,0.265625,0.16295858687159578
0.5,0.2734375,0.16066575571201822
0.5078125,0.28125,0.15836312362292343
0.515625,0.2890625,0.15605083110558404
0.5234375,0.296875,0.153729019248723
0.53125,0.3046875,0.1513978297199251
0.5390625,0.3125,0.14905740475701618
0.546875,0.3203125,0.14670788715940591
0.5546875,0.328125,0.14434942027939926
0.5625,0.3359375,0.14198214801347375
0.5703125,0.34375,0.13960621479352447
0.578125,0.3515625,0.13722176557807722
0.5859375,0.359375,0.13482894584346988
0.59375,0.3671875,0.13242790157500306
0.6015625,0.375,0.13001877925805833
0.609375,0.3828125,0.12760172586918792
0.6171875,0.390625,0.12517688886717376
0.625,0.3984375,0.1227444161840572
0.6328125,0.40625,0.12030445621613914
0.640625,0.4140625,0.11785715781495258
0.6484375,0.421875,0.1154026702782062
0.65625,0.4296875,0.11294114334070074
0.6640625,0.4375,0.11047272716521835
0.671875,0.4453125,0.10799757233338471
0.6796875,0.453125,0.1055158298365059
0.6875,0.4609375,0.10302765106637875
0.6953125,0.46875,0.10053318780607678
0.703125,0.4765625,0.09803259222071103
0.7109375,0.484375,0.09552601684816742
0.71875,0.4921875,0.09301361458982037
0.7265625,0.5,0.09049553870122337
0.734375,0.5078125,0.08797194278277747
0.7421875,0.515625,0.08544298077037799
0.75,0.5234375,0.08290880692603986
0.7578125,0.53125,0.08036957582850267
0.765625,0.5390625,0.07782544236381506
0.7734375,0.546875,0.07527656171590029
0.78125,0.5546875,0.07272308935710294
0.7890625,0.5625,0.07016518103871618
0.796875,0.5703125,0.06760299278149282
0.8046875,0.578125,0.06503668086613794
0.8125,0.5859375,0.06246640182378555
0.8203125,0.59375,0.05989231242645865
0.828125,0.6015625,0.0573145696775142
0.8359375,0.609375,0.054733330802072794
0.84375,0.6171875,0.052148753237433974
0.8515625,0.625,0.0495609946234778
0.859375,0.6328125,0.04697021279305279
0.8671875,0.640625,0.044376565762351675
0.875,0.6484375,0.04178021172127479
0.8828125,0.65625,0.039181309023782085
0.890625,0.6640625,0.03658001617823477
0.8984375,0.671875,0.03397649183772702
0.90625,0.6796875,0.03137089479040898
0.9140625,0.6875,0.028763383949802
0.921875,0.6953125,0.026154118345107655
0.9296875,0.703125,0.023543257111511944
0.9375,0.7109375,0.0209309594804867
0.9453125,0.71875,0.018317384770090622
0.953125,0.7265625,0.015702692375272907
0.9609375,0.734375,0.013087041758183185
0.96875,0.7421875,0.010470592438492363
0.9765625,0.75,0.007853503983729946
0.984375,0.7578125,0.005235935999644974
0.9921875,0.765625,0.00261804812059882
1.0,0.7734375,0.0
0.234375,0.0,0.23224234706488614
0.2421875,0.0078125,0.23034743376583372
0.25,0.015625,0.22843846645844476
0.2578125,0.0234375,0.22651556170662876
0.265625,0.03125,0.22457883692046046
0.2734375,0.0390625,0.22262841034934844
0.28125,0.046875,0.22066440107511157
0.2890625,0.0546875,0.21868692900496559
0.296875,0.0625,0.21669611486441884
0.3046875,0.0703125,0.21469208019008454
0.3125,0.078125,0.2126749473224116
0.3203125,0.0859375,0.21064483939834228
0.328125,0.09375,0.20860188034389665
0.3359375,0.1015625,0.20654619486669232
0.34375,0.109375,0.20447790844840072
0.3515625,0.1171875,0.20239714733714417
0.359375,0.125,0.20030403853983608
0.3671875,0.1328125,0.19819870981446705
0.375,0.140625,0.19608128966233845
0.3828125,0.1484375,0.1939519073202464
0.390625,0.15625,0.19181069275261628
0.3984375,0.1640625,0.1896577766435905
0.40625,0.171875,0.18749329038907
0.4140625,0.1796875,0.18531736608871086
0.421875,0.1875,0.18313013653787671
0.4296875,0.1953125,0.1809317352195486
0.4375,0.203125,0.17872229629619227
0.4453125,0.2109375,0.17650195460158447
0.453125,0.21875,0.17427084563259795
0.4609375,0.2265625,0.17202910554094722
0.46875,0.234375,0.16977687112489454
0.4765625,0.2421875,0.16751427982091796
0.484375,0.25,0.16524146969533987
0.4921875,0.2578125,0.1629585794359199
0.5,0.265625,0.16066574834340935
0.5078125,0.2734375,0.15836311632307046
0.515625,0.28125,0.15605082387615915
0.5234375,0.2890625,0.15372901209137266
0.53125,0.296875,0.1513978226362619
0.5390625,0.3046875,0.14905739774861101
0.546875,0.3125,0.146707880227781
0.5546875,0.3203125,0.1443494134260214
0.5625,0.328125,0.14198214123974837
0.5703125,0.3359375,0.139606208100791
0.578125,0.34375,0.13722175896760427
0.5859375,0.3515625,0.13482893931645193
0.59375,0.359375,0.13242789513255723
0.6015625,0.3671875,0.1300187729012231
0.609375,0.375,0.12760171959892178
0.6171875,0.3828125,0.12517688268435528
0.625,0.390625,0.12274441008948551
0.6328125,0.3984375,0.1203044502105362
0.640625,0.40625,0.11785715189896552
0.6484375,0.4140625,0.11540266445241107
0.65625,0.421875,0.11294113760560706
0.6640625,0.4296875,0.11047272152127449
0.671875,0.4375,0.1079975667809844
0.6796875,0.4453125,0.10551582437599522
0.6875,0.453125,0.10302764569806419
0.6953125,0.4609375,0.10053318253023413
0.703125,0.46875,0.09803258703759495
0.7109375,0.4765625,0.0955260117580217
0.71875,0.484375,0.09301360959288875
0.7265625,0.4921875,0.0904955337977617
0.734375,0.5,0.08797193797306567
0.7421875,0.5078125,0.08544297605473321
0.75,0.515625,0.08290880230483004
0.7578125,0.5234375,0.08036957130216081
0.765625,0.53125,0.07782543793285433
0.7734375,0.5390625,0.07527655738092952
0.78125,0.546875,0.07272308511884278
0.7890625,0.5546875,0.07016517689801655
0.796875,0.5625,0.06760298873935057
0.8046875,0.5703125,0.06503667692371583
0.8125,0.578125,0.06246639798243195
0.8203125,0.5859375,0.059892308687728664
0.828125,0.59375,0.0573145660431918
0.8359375,0.6015625,0.05473332727419452
0.84375,0.609375,0.05214874981831397
0.8515625,0.6171875,0.04956099131573505
0.859375,0.625,0.04697020959963994
0.8671875,0.6328125,0.04437656268658628
0.875,0.640625,0.04178020876687292
0.8828125,0.6484375,0.03918130619489489
0.890625,0.65625,0.03658001347948788
0.8984375,0.6640625,0.033976489274263326
0.90625,0.671875,0.03137089236793514
0.9140625,0.6796875,0.028763381674638617
0.921875,0.6875,0.0261541162242437
0.9296875,0.6953125,0.023543255152663364
0.9375,0.703125,0.020930957692159264
0.9453125,0.7109375,0.01831738316164685
0.953125,0.71875,0.015702690957002646
0.9609375,0.7265625,0.013087040541377007
0.96875,0.734375,0.010470591435516315
0.9765625,0.7421875,0.00785350320809975
0.984375,0.75,0.0052359354660964095
0.9921875,0.7578125,0.0026180478451500663
1.0,0.765625,0.0
0.2421875,0.0,0.23034742418876414
0.25,0.0078125,0.22843845700098564
0.2578125,0.015625,0.22651555235750445
0.265625,0.0234375,0.22457882766975043
0.2734375,0.03125,0.2226284011883955
0.28125,0.0390625,0.2206643919964195
0.2890625,0.046875,0.21868692000209114
0.296875,0.0546875,0.21669610593186805
0.3046875,0.0625,0.21469207132321397
0.3125,0.0703125,0.21267493851733774
0.3203125,0.078125,0.21064483065185843
0.328125,0.0859375,0.20860187165339902
0.3359375,0.09375,0.2065461862301139
0.34375,0.1015625,0.20447789986415213
0.3515625,0.109375,0.20239713880406152
0.359375,0.1171875,0.2003040300571349
0.3671875,0.125,0.19819870138170098
0.375,0.1328125,0.1960812812793632
0.3828125,0.140625,0.19395189898718676
0.390625,0.1484375,0.1918106844698373
0.3984375,0.15625,0.18965776841167112
0.40625,0.1640625,0.18749328220877948
0.4140625,0.171875,0.18531735796098706
0.421875,0.1796875,0.18313012846380625
0.4296875,0.1875,0.18093172720034884
0.4375,0.1953125,0.17872228833319412
0.4453125,0.203125,0.1765019466962168
0.453125,0.2109375,0.17427083778637248
0.4609375,0.21875,0.17202909775544475
0.46875,0.2265625,0.16977686340175166
0.4765625,0.234375,0.16751427216181417
0.484375,0.2421875,0.16524146210198573
0.4921875,0.25,0.16295857191004534
0.5,0.2578125,0.16066574088675306
0.5078125,0.265625,0.1583631089373688
0.515625,0.2734375,0.1560508165631365
0.5234375,0.28125,0.15372900485273178
0.53125,0.2890625,0.15139781547367534
0.5390625,0.296875,0.1490573906637121
0.546875,0.3046875,0.14670787322215637
0.5546875,0.3125,0.1443494065012037
0.5625,0.3203125,0.14198213439720994
0.5703125,0.328125,0.1396062013419378
0.578125,0.3359375,0.13722175229377104
0.5859375,0.34375,0.13482893272889782
0.59375,0.3515625,0.1324278886324625
0.6015625,0.359375,0.13001876648968666
0.609375,0.3671875,0.12760171327695952
0.6171875,0.375,0.12517687645289935
0.625,0.3828125,0.1227444039493849
0.6328125,0.390625,0.12030444416255773
0.640625,0.3984375,0.11785714594379618
0.6484375,0.40625,0.1154026585906613
0.65625,0.4140625,0.11294113183781501
0.6640625,0.421875,0.11047271584791109
0.671875,0.4296875,0.1079975612024594
0.6796875,0.4375,0.1055158188926642
0.6875,0.4453125,0.10302764031023658
0.6953125,0.453125,0.10053317723818157
0.703125,0.4609375,0.09803258184156104
0.7109375,0.46875,0.09552600665823216
0.71875,0.4765625,0.09301360458956251
0.7265625,0.484375,0.09049552889112233
0.734375,0.4921875,0.08797193316335404
0.7421875,0.5,0.08544297134222026
0.75,0.5078125,0.0829087976898306
0.7578125,0.515625,0.08036956678504775
0.765625,0.5234375,0.07782543351407346
0.7734375,0.53125,0.07527655306101522
0.78125,0.5390625,0.07272308089843417
0.7890625,0.546875,0.0701651727778744
0.796875,0.5546875,0.06760298472037501
0.8046875,0.5625,0.06503667300696482
0.8125,0.5703125,0.06246639416914078
0.8203125,0.578125,0.05989230497933027
0.828125,0.5859375,0.05731456244133836
0.8359375,0.59375,0.05473332378078016
0.84375,0.6015625,0.05214874643549917
0.8515625,0.609375,0.04956098804597217
0.859375,0.6171875,0.04697020644570083
0.8671875,0.625,0.044376559651591756
0.875,0.6328125,0.04178020585432438
0.8828125,0.640625,0.039181303408708346
0.890625,0.6484375,0.03658001082403066
0.8984375,0.65625,0.033976486754393666
0.90625,0.6640625,0.03137088998904475
0.9140625,0.671875,0.028763379442698734
0.921875,0.6796875,0.0261541141458545
0.9296875,0.6875,0.02354325323510693
0.9375,0.6953125,0.02093095594345608
0.9453125,0.703125,0.01831738159061564
0.953125,0.7109375,0.01570268957332305
0.9609375,0.71875,0.013087039355654386
0.96875,0.7265625,0.010470590459347404
0.9765625,0.734375,0.007853502454137306
0.984375,0.7421875,0.005235934948110244
0.9921875,0.75,0.002618047578080693
1.0,0.7578125,0.0
0.25,0.0,0.2284384473497507
0.2578125,0.0078125,0.22651554282110387
0.265625,0.015625,0.22457881823803624
0.2734375,0.0234375,0.22262839185242075
0.28125,0.03125,0.22066438274836211
0.2890625,0.0390625,0.21868691083516822
0.296875,0.046875,0.21669609684024518
0.3046875,0.0546875,0.21469206230191656
0.3125,0.0625,0.2126749295621666
0.3203125,0.0703125,0.21064482175931087
0.328125,0.078125,0.208601862820597
0.3359375,0.0859375,0.20654617745473838
0.34375,0.09375,0.20447789114438475
0.3515625,0.1015625,0.2023971301385316
0.359375,0.109375,0.20030402144487258
0.3671875,0.1171875,0.1981986928220951
0.375,0.125,0.19608127277212398
0.3828125,0.1328125,0.19395189053231188
0.390625,0.140625,0.19181067606758181
0.3984375,0.1484375,0.1896577600625203
0.40625,0.15625,0.18749327391342394
0.4140625,0.1640625,0.1853173497203001
0.421875,0.171875,0.18313012027882347
0.4296875,0.1796875,0.1809317190722488
0.4375,0.1875,0.17872228026328082
0.4453125,0.1953125,0.1765019386859028
0.453125,0.203125,0.17427082983716372
0.4609375,0.2109375,0.17202908986892565
0.46875,0.21875,0.16977685557957128
0.4765625,0.2265625,0.16751426440567266
0.484375,0.234375,0.1652414544136221
0.4921875,0.2421875,0.1629585642912249
0.5,0.25,0.16066573333925588
0.5078125,0.2578125,0.1583631014629788
0.515625,0.265625,0.15605080916363054
0.5234375,0.2734375,0.15372899752986957
0.53125,0.28125,0.15139780822918986
0.5390625,0.2890625,0.14905738349930048
0.546875,0.296875,0.14670786613947145
0.5546875,0.3046875,0.14434939950184608
0.5625,0.3125,0.14198212748272085
0.5703125,0.3203125,0.13960619451379247
0.578125,0.328125,0.13722174555337321
0.5859375,0.3359375,0.1348289260775747
0.59375,0.34375,0.1324278820714606
0.6015625,0.3515625,0.13001876002016866
0.609375,0.359375,0.12760170690000253
0.6171875,0.3671875,0.12517687016949297
0.625,0.375,0.12274439776043128
0.6328125,0.3828125,0.12030443806887241
0.640625,0.390625,0.11785713994610976
0.6484375,0.3984375,0.11540265268962231
0.65625,0.40625,0.1129411260339936
0.6640625,0.4140625,0.11047271014180386
0.671875,0.421875,0.1079975555944954
0.6796875,0.4296875,0.10551581338321146
0.6875,0.4375,0.10302763489960975
0.6953125,0.4453125,0.10053317192665062
0.703125,0.453125,0.09803257662936057
0.7109375,0.4609375,0.09552600154557155
0.71875,0.46875,0.09301359957663696
0.7265625,0.4765625,0.09049552397812437
0.734375,0.484375,0.08797192835048609
0.7421875,0.4921875,0.08544296662970746
0.75,0.5,0.08290879307793468
0.7578125,0.5078125,0.08036956227408107
0.765625,0.515625,0.07782542910441403
0.7734375,0.5234375,0.07527654875312227
0.78125,0.53125,0.07272307669286403
0.7890625,0.5390625,0.07016516867529755
0.796875,0.546875,0.06760298072159344
0.8046875,0.5546875,0.0650366691129303
0.8125,0.5625,0.06246639038097379
0.8203125,0.5703125,0.059892301298340105
0.828125,0.578125,0.057314558869043915
0.8359375,0.5859375,0.05473332031893207
0.84375,0.59375,0.05214874308610302
0.8515625,0.6015625,0.04956098481131309
0.859375,0.609375,0.04697020332836985
0.8671875,0.6171875,0.04437655665451355
0.875,0.625,0.041780202980787155
0.8828125,0.6328125,0.039181300662395634
0.890625,0.640625,0.03658000820905553
0.8984375,0.6484375,0.033976484275335374
0.90625,0.65625,0.031370887650988034
0.9140625,0.6640625,0.028763377251275934
0.921875,0.671875,0.026154112107290628
0.9296875,0.6796875,0.02354325135626766
0.9375,0.6875,0.020930954231898675
0.9453125,0.6953125,0.018317380054642597
0.953125,0.703125,0.01570268822203793
0.9609375,0.7109375,0.013087038199019225
0.96875,0.71875,0.010470589508240551
0.9765625,0.7265625,0.00785350172041002
0.984375,0.734375,0.005235934444639762
0.9921875,0.7421875,0.002618047318816671
1.0,0.75,0.0
0.2578125,0.0,0.22651553309660347
0.265625,0.0078125,0.22457880862410073
0.2734375,0.015625,0.22262838233991006
0.28125,0.0234375,0.22066437332920613
0.2890625,0.03125,0.21868690150230385
0.296875,0.0390625,0.21669608758754344
0.3046875,0.046875,0.2146920531241063
0.3125,0.0546875,0.21267492045475847
0.3203125,0.0625,0.2106448127185245
0.328125,0.0703125,0.20860185384329274
0.3359375,0.078125,0.20654616853835395
0.34375,0.0859375,0.20447788228687772
0.3515625,0.09375,0.20239712133832724
0.359375,0.1015625,0.2003040127008163
0.3671875,0.109375,0.19819868413341044
0.375,0.1171875,0.19608126413837373
0.3828125,0.125,0.19395188195336438
0.390625,0.1328125,0.1918106675435794
0.3984375,0.140625,0.18965775159385106
0.40625,0.1484375,0.18749326550069648
0.4140625,0.15625,0.18531734136431996
0.421875,0.1640625,0.18313011198057172
0.4296875,0.171875,0.18093171083286183
0.4375,0.1796875,0.1787222720840325
0.4453125,0.1875,0.1765019305681867
0.453125,0.1953125,0.17427082178247705
0.4609375,0.203125,0.1720290818788541
0.46875,0.2109375,0.1697768476557742
0.4765625,0.21875,0.1675142565498693
0.484375,0.2265625,0.16524144662757814
0.4921875,0.234375,0.16295855657674005
0.5,0.2421875,0.1606657256981511
0.5078125,0.25,0.15836309389708503
0.515625,0.2578125,0.15605080167477717
0.5234375,0.265625,0.1537289901198736
0.53125,0.2734375,0.15139780089984578
0.5390625,0.28125,0.14905737625237048
0.546875,0.2890625,0.14670785897667615
0.5546875,0.296875,0.14434939242485598
0.5625,0.3046875,0.14198212049314843
0.5703125,0.3125,0.139606187613185
0.578125,0.3203125,0.1372217387432063
0.5859375,0.328125,0.1348289193592467
0.59375,0.3359375,0.13242787544628778
0.6015625,0.34375,0.13001875348938152
0.609375,0.3515625,0.1276017004647426
0.6171875,0.359375,0.12517686383081122
0.625,0.3671875,0.1227443915192874
0.6328125,0.375,0.1203044319261345
0.640625,0.3828125,0.11785713390255596
0.6484375,0.390625,0.11540264674594293
0.65625,0.3984375,0.11294112019079472
0.6640625,0.40625,0.11047270439961154
0.671875,0.4140625,0.10799754995376121
0.6796875,0.421875,0.10551580784431897
0.6875,0.4296875,0.10302762946288203
0.6953125,0.4375,0.10053316659235852
0.703125,0.4453125,0.09803257139773196
0.7109375,0.453125,0.09552599641680154
0.71875,0.4609375,0.09301359455089875
0.7265625,0.46875,0.0904955190555808
0.734375,0.4765625,0.08797192353130212
0.7421875,0.484375,0.08544296191406316
0.75,0.4921875,0.08290878846603889
0.7578125,0.5,0.08036955776618579
0.765625,0.5078125,0.07782542470082922
0.7734375,0.515625,0.07527654445423132
0.78125,0.5234375,0.07272307249913997
0.7890625,0.53125,0.07016516458731954
0.796875,0.5390625,0.06760297674006419
0.8046875,0.546875,0.06503666523869404
0.8125,0.5546875,0.06246638661503511
0.8203125,0.5625,0.05989229764188325
0.828125,0.5703125,0.057314555323453385
0.8359375,0.578125,0.05473331688581384
0.84375,0.5859375,0.05214873976730708
0.8515625,0.59375,0.04956098160895703
0.859375,0.6015625,0.04697020024486387
0.8671875,0.609375,0.044376553692587035
0.875,0.6171875,0.04178020014351668
0.8828125,0.625,0.03918129795323493
0.890625,0.6328125,0.0365800056318674
0.8984375,0.640625,0.03397648183442569
0.90625,0.6484375,0.031370885351142096
0.9140625,0.65625,0.028763375097797157
0.921875,0.6640625,0.026154110106041663
0.9296875,0.671875,0.02354324951371406
0.9375,0.6796875,0.02093095255515494
0.9453125,0.6875,0.0183173785515203
0.953125,0.6953125,0.015702686901095726
0.9609375,0.703125,0.013087037069613805
0.96875,0.7109375,0.010470588580577778
0.9765625,0.71875,0.007853501005594657
0.984375,0.7265625,0.0052359339547218475
0.9921875,0.734375,0.002618047066831809
1.0,0.7421875,0.0
0.265625,0.0,0.22457879882720524
0.2734375,0.0078125,0.22262837264976537
0.28125,0.015625,0.22066436373757772
0.2890625,0.0234375,0.21868689200191538
0.296875,0.03125,0.216696078172024
0.3046875,0.0390625,0.2146920437879289
0.3125,0.046875,0.21267491119317458
0.3203125,0.0546875,0.21064480352749945
0.328125,0.0625,0.20860184471944196
0.3359375,0.0703125,0.20654615947888405
0.34375,0.078125,0.20447787328953043
0.3515625,0.0859375,0.20239711240132882
0.359375,0.09375,0.20030400382283034
0.3671875,0.1015625,0.19819867531349597
0.375,0.109375,0.19608125537594637
0.3828125,0.1171875,0.19395187324816146
0.390625,0.125,0.19181065889562854
0.3984375,0.1328125,0.18965774300344115
0.40625,0.140625,0.1874932569683511
0.4140625,0.1484375,0.18531733289077387
0.421875,0.15625,0.1831301035667482
0.4296875,0.1640625,0.18093170247985257
0.4375,0.171875,0.178722263793078
0.4453125,0.1796875,0.1765019223406587
0.453125,0.1875,0.17427081361986166
0.4609375,0.1953125,0.17202907378273566
0.46875,0.203125,0.16977683962782028
0.4765625,0.2109375,0.16751424859181635
0.484375,0.21875,0.16524143874121727
0.4921875,0.2265625,0.1629585487639038
0.5,0.234375,0.1606657179607009
0.5078125,0.2421875,0.15836308623689832
0.515625,0.25,0.15605079409373582
0.5234375,0.2578125,0.15372898261985246
0.53125,0.265625,0.15139779348270163
0.5390625,0.2734375,0.1490573689199317
0.546875,0.28125,0.1467078517307327
0.5546875,0.2890625,0.1443493852671503
0.5625,0.296875,0.1419821134253665
0.5703125,0.3046875,0.13960618063694885
0.578125,0.3125,0.1372217318600665
0.5859375,0.3203125,0.13482891257067597
0.59375,0.328125,0.1324278687536758
0.6015625,0.3359375,0.1300187468940301
0.609375,0.34375,0.12760169396786203
0.6171875,0.3515625,0.12517685743351809
0.625,0.359375,0.12274438522260259
0.6328125,0.3671875,0.12030442573098316
0.640625,0.375,0.11785712780976794
0.6484375,0.3828125,0.11540264075625477
0.65625,0.390625,0.11294111430485222
0.6640625,0.3984375,0.11047269861797415
0.671875,0.40625,0.10799754427690689
0.6796875,0.4140625,0.10551580227265052
0.6875,0.421875,0.103027623996734
0.6953125,0.4296875,0.10053316123200572
0.703125,0.4375,0.09803256614339832
0.7109375,0.4453125,0.09552599126867024
0.71875,0.453125,0.09301358950912292
0.7265625,0.4609375,0.09049551412029537
0.734375,0.46875,0.0879719187026359
0.7421875,0.4765625,0.08544295719215221
0.75,0.484375,0.0829087838510399
0.7578125,0.4921875,0.08036955325829068
0.765625,0.5,0.07782542030027988
0.7734375,0.5078125,0.07527654016133523
0.78125,0.515625,0.07272306831428613
0.7890625,0.5234375,0.07016516051099518
0.796875,0.53125,0.06760297277287193
0.8046875,0.5390625,0.0650366613813697
0.8125,0.546875,0.06246638286846611
0.8203125,0.5546875,0.05989229400712791
0.828125,0.5625,0.05731455180176072
0.8359375,0.5703125,0.05473331347864445
0.84375,0.578125,0.05214873647635473
0.8515625,0.5859375,0.049560978436171535
0.859375,0.59375,0.04697019719247498
0.8671875,0.6015625,0.044376550763129595
0.875,0.609375,0.04178019733985731
0.8828125,0.6171875,0.03918129527860026
0.890625,0.625,0.036580003089873823
0.8984375,0.6328125,0.03397647942911117
0.90625,0.640625,0.031370883086999646
0.9140625,0.6484375,0.028763372979810655
0.921875,0.65625,0.02615410813972343
0.9296875,0.6640625,0.023543247705144703
0.9375,0.671875,0.020930950911025027
0.9453125,0.6796875,0.01831737707917381
0.953125,0.6875,0.015702685608574816
0.9609375,0.6953125,0.013087035965704295
0.96875,0.703125,0.010470587674854473
0.9765625,0.7109375,0.0078535003084652
0.984375,0.71875,0.005235933477467377
0.9921875,0.7265625,0.0026180468216420983
1.0,0.734375,0.0
0.2734375,0.0,0.2226283627813211
0.28125,0.0078125,0.22066435397248144
0.2890625,0.015625,0.21868688233275016
0.296875,0.0234375,0.21669606859223553
0.3046875,0.03125,0.21469203429178021
0.3125,0.0390625,0.21267490177569476
0.3203125,0.046875,0.21064479418442694
0.328125,0.0546875,0.2086018354471688
0.3359375,0.0625,0.20654615027440093
0.34375,0.0703125,0.2044778641503747
0.3515625,0.078125,0.2023971033255351
0.359375,0.0859375,0.20030399480888594
0.3671875,0.09375,0.19819866636029795
0.375,0.1015625,0.1960812464827645
0.3828125,0.109375,0.19395186441460233
0.390625,0.1171875,0.19181065012160387
0.3984375,0.125,0.18965773428913887
0.40625,0.1328125,0.18749324831420802
0.4140625,0.140625,0.18531732429745146
0.421875,0.1484375,0.18313009503510952
0.4296875,0.15625,0.1809316940109414
0.4375,0.1640625,0.17872225538809913
0.4453125,0.171875,0.17650191400095944
0.453125,0.1796875,0.17427080534691416
0.4609375,0.1875,0.1720290655781209
0.46875,0.1953125,0.16977683149321196
0.4765625,0.203125,0.1675142405289661
0.484375,0.2109375,0.16524143075194023
0.4921875,0.21875,0.1629585408500643
0.5,0.2265625,0.16066571012419972
0.5078125,0.234375,0.15836307847965897
0.515625,0.2421875,0.15605078641769274
0.5234375,0.25,0.15372897502693855
0.53125,0.2578125,0.15139778597483664
0.5390625,0.265625,0.14905736149901136
0.546875,0.2734375,0.14670784439861786
0.5546875,0.28125,0.14434937802565714
0.5625,0.2890625,0.1419821062762573
0.5703125,0.296875,0.1396061735819228
0.578125,0.3046875,0.13722172490075205
0.5859375,0.3125,0.134828905708624
0.59375,0.3203125,0.13242786199035267
0.6015625,0.328125,0.130018740230813
0.609375,0.3359375,0.1276016874060343
0.6171875,0.34375,0.12517685097426584
0.625,0.3515625,0.12274437886701274
0.6328125,0.359375,0.12030441948004218
0.640625,0.3671875,0.117857121664362
0.6484375,0.375,0.11540263471717077
0.65625,0.3828125,0.11294110837278062
0.6640625,0.390625,0.1104726927935118
0.671875,0.3984375,0.10799753856056234
0.6796875,0.40625,0.10551579666484943
0.6875,0.4140625,0.10302761849782646
0.6953125,0.421875,0.10053315584227365
0.703125,0.4296875,0.0980325608630648
0.7109375,0.4375,0.09552598609790924
0.71875,0.4453125,0.0930135844480701
0.7265625,0.453125,0.09049550916905956
0.734375,0.4609375,0.08797191386131165
0.7421875,0.46875,0.08544295246083268
0.75,0.4765625,0.0829087792298308
0.7578125,0.484375,0.08036954874732442
0.765625,0.4921875,0.07782541589973069
0.7734375,0.5,0.07527653587143461
0.78125,0.5078125,0.07272306413533895
0.7890625,0.515625,0.0701651564433963
0.796875,0.5234375,0.06760296881712322
0.8046875,0.53125,0.0650366575380977
0.8125,0.5390625,0.06246637913844051
0.8203125,0.546875,0.05989229039128012
0.828125,0.5546875,0.05731454830120355
0.8359375,0.5625,0.054733310094692386
0.84375,0.5703125,0.052148733210544994
0.8515625,0.578125,0.04956097529028604
0.859375,0.5859375,0.046970194168563316
0.8671875,0.59375,0.04437654786353311
0.875,0.6015625,0.041780194567234426
0.8828125,0.609375,0.03918129263595303
0.890625,0.6171875,0.03658000058057608
0.8984375,0.625,0.03397647705693797
0.90625,0.6328125,0.03137088085615868
0.9140625,0.640625,0.028763370894975028
0.921875,0.6484375,0.026154106206066407
0.9296875,0.65625,0.023543245928376002
0.9375,0.6640625,0.02093094929742874
0.9453125,0.671875,0.01831737563564767
0.953125,0.6796875,0.015702684342670473
0.9609375,0.6875,0.013087034885668014
0.96875,0.6953125,0.010470586789667405
0.9765625,0.703125,0.007853499627882248
0.984375,0.7109375,0.005235933012052951
0.9921875,0.71875,0.0026180465828008694
1.0,0.7265625,0.0
0.28125,0.0,0.22066434403331436
0.2890625,0.0078125,0.2186868724939016
0.296875,0.015625,0.21669605884703044
0.3046875,0.0234375,0.21469202463432357
0.3125,0.03125,0.2126748922008333
0.3203125,0.0390625,0.21064478468770484
0.328125,0.046875,0.20860182602477956
0.3359375,0.0546875,0.20654614092313858
0.34375,0.0625,0.20447785486758627
0.3515625,0.0703125,0.20239709410907444
0.359375,0.078125,0.20030398565707055
0.3671875,0.0859375,0.19819865727186883
0.375,0.09375,0.19608123745684752
0.3828125,0.1015625,0.19395185545067506
0.390625,0.109375,0.19181064121946262
0.3984375,0.1171875,0.1896577254488696
0.40625,0.125,0.18749323953615954
0.4140625,0.1328125,0.18531731558220987
0.421875,0.140625,0.18313008638347586
0.4296875,0.1484375,0.1809316854239093
0.4375,0.15625,0.17872224686683494
0.4453125,0.1640625,0.1765019055467835
0.453125,0.171875,0.17427079696128275
0.4609375,0.1796875,0.17202905726260911
0.46875,0.1875,0.16977682324949767
0.4765625,0.1953125,0.1675142323588142
0.484375,0.203125,0.1652414226571884
0.4921875,0.2109375,0.16295853283260767
0.5,0.21875,0.16066570218597695
0.5078125,0.2265625,0.15836307062263966
0.515625,0.234375,0.1560507786438634
0.5234375,0.2421875,0.15372896733829053
0.53125,0.25,0.15139777837335328
0.5390625,0.2578125,0.14905735398665668
0.546875,0.265625,0.14670783697732526
0.5546875,0.2734375,0.1443493706973185
0.5625,0.28125,0.14198209904271314
0.5703125,0.2890625,0.1396061664449524
0.578125,0.296875,0.1372217178620651
0.5859375,0.3046875,0.13482889876985235
0.59375,0.3125,0.13242785515304395
0.6015625,0.3203125,0.1300187334964233
0.609375,0.328125,0.12760168077592418
0.6171875,0.3359375,0.1251768444496959
0.625,0.34375,0.12274437244914016
0.6328125,0.3515625,0.12030441316991969
0.640625,0.359375,0.11785711546293676
0.6484375,0.3671875,0.11540262862528516
0.65625,0.375,0.11294110239117382
0.6640625,0.3828125,0.11047268692282326
0.671875,0.390625,0.10799753280133538
0.6796875,0.3984375,0.10551579101753729
0.6875,0.40625,0.10302761296279818
0.6953125,0.4140625,0.10053315041982237
0.703125,0.421875,0.09803255555341625
0.7109375,0.4296875,0.09552598090123121
0.71875,0.4375,0.09301357936448347
0.7265625,0.4453125,0.09049550419864967
0.734375,0.453125,0.08797190900414062
0.7421875,0.4609375,0.08544294771695268
0.75,0.46875,0.08290877459929762
0.7578125,0.4765625,0.08036954423021204
0.765625,0.484375,0.07782541149614629
0.7734375,0.4921875,0.07527653158153412
0.78125,0.5,0.07272305995934317
0.7890625,0.5078125,0.07016515238160738
0.796875,0.515625,0.06760296486994202
0.8046875,0.5234375,0.06503665370604116
0.8125,0.53125,0.06246637542215954
0.8203125,0.5390625,0.05989228679157878
0.828125,0.546875,0.05731454481905785
0.8359375,0.5546875,0.05473330673127018
0.84375,0.5625,0.052148729967226685
0.8515625,0.5703125,0.049560972168685644
0.859375,0.578125,0.04697019117055075
0.8671875,0.5859375,0.044376544991257205
0.875,0.59375,0.041780191823147024
0.8828125,0.6015625,0.039181290022834235
0.890625,0.609375,0.03657999810156066
0.8984375,0.6171875,0.03397647471554313
0.90625,0.625,0.03137087865631307
0.9140625,0.6328125,0.02876336884104933
0.921875,0.640625,0.026154104302905275
0.9296875,0.6484375,0.023543244181331302
0.9375,0.65625,0.020930947712394173
0.9453125,0.6640625,0.018317374219094375
0.953125,0.671875,0.01570268310168331
0.9609375,0.6796875,0.013087033827982113
0.96875,0.6875,0.010470585923704171
0.9765625,0.6953125,0.007853498962783777
0.984375,0.703125,0.0052359325577136856
0.9921875,0.7109375,0.002618046349894588
1.0,0.71875,0.0
0.2890625,0.0,0.21868686248482086
0.296875,0.0078125,0.21669604893557926
0.3046875,0.015625,0.21469201481450317
0.3125,0.0234375,0.21267488246735344
0.3203125,0.03125,0.21064477503595133
0.328125,0.0390625,0.20860181645077608
0.3359375,0.046875,0.20654613142350514
0.34375,0.0546875,0.20447784543949674
0.3515625,0.0625,0.2023970847502149
0.359375,0.0703125,0.20030397636559855
0.3671875,0.078125,0.19819864804637524
0.375,0.0859375,0.19608122829632016
0.3828125,0.09375,0.1939518463544644
0.390625,0.1015625,0.19181063218725108
0.3984375,0.109375,0.1896577164806418
0.40625,0.1171875,0.18749323063217543
0.4140625,0.125,0.1853173067429796
0.421875,0.1328125,0.18313007760973615
0.4296875,0.140625,0.18093167671660193
0.4375,0.1484375,0.17872223822708605
0.4453125,0.15625,0.17650189697588411
0.453125,0.1640625,0.17427078846067107
0.4609375,0.171875,0.17202904883385206
0.46875,0.1796875,0.1697768148942756
0.4765625,0.1875,0.16751422407890387
0.484375,0.1953125,0.1652414144544477
0.4921875,0.203125,0.16295852470896094
0.5,0.2109375,0.16066569414340093
0.5078125,0.21875,0.15836306266314865
0.515625,0.2265625,0.15605077076949586
0.5234375,0.234375,0.1537289595510961
0.53125,0.2421875,0.15139777067537993
0.5390625,0.25,0.14905734637993767
0.546875,0.2578125,0.14670782946386765
0.5546875,0.265625,0.14434936327909229
0.5625,0.2734375,0.14198209172163873
0.5703125,0.28125,0.13960615922289224
0.578125,0.2890625,0.13722171074081302
0.5859375,0.296875,0.13482889175112522
0.59375,0.3046875,0.1324278482384734
0.6015625,0.3125,0.13001872668754944
0.609375,0.3203125,0.12760167407418896
0.6171875,0.328125,0.12517683785643866
0.625,0.3359375,0.12274436596559388
0.6328125,0.34375,0.12030440679720797
0.640625,0.3515625,0.11785710920207289
0.6484375,0.359375,0.11540262247717192
0.65625,0.3671875,0.11294109635660465
0.6640625,0.375,0.11047268100248467
0.671875,0.3828125,0.10799752699581062
0.6796875,0.390625,0.10551578532731135
0.6875,0.3984375,0.10302760738826415
0.6953125,0.40625,0.10053314496128847
0.703125,0.4140625,0.0980325502111145
0.7109375,0.421875,0.09552597567532704
0.71875,0.4296875,0.09301357425508595
0.7265625,0.4375,0.09049549920582345
0.734375,0.4453125,0.08797190412791793
0.7421875,0.453125,0.08544294295734652
0.75,0.4609375,0.08290876995631573
0.7578125,0.46875,0.08036953970387119
0.765625,0.4765625,0.07782540708648757
0.7734375,0.484375,0.0752765272886384
0.78125,0.4921875,0.07272305578334748
0.7890625,0.5,0.07016514832272149
0.796875,0.5078125,0.06760296092846532
0.8046875,0.515625,0.06503664988238055
0.8125,0.5234375,0.062466371716847234
0.8203125,0.53125,0.0598922832052907
0.828125,0.5390625,0.05731454135263273
0.8359375,0.546875,0.05473330338572908
0.84375,0.5546875,0.05214872674379275
0.8515625,0.5625,0.04956096906880523
0.859375,0.5703125,0.04697018819591457
0.8671875,0.578125,0.0443765421438225
0.875,0.5859375,0.04178018910516077
0.8828125,0.59375,0.039181287436857
0.890625,0.6015625,0.036579995650491595
0.8984375,0.609375,0.03397647240264611
0.90625,0.6171875,0.03137087648524386
0.9140625,0.625,0.028763366815883887
0.921875,0.6328125,0.026154102428169335
0.9296875,0.640625,0.023543242462030985
0.9375,0.6484375,0.020930946154047583
0.9453125,0.65625,0.018317372827764022
0.953125,0.6640625,0.015702681884008963
0.9609375,0.671875,0.013087032791213671
0.96875,0.6796875,0.010470585075733901
0.9765625,0.6875,0.007853498312177036
0.984375,0.6953125,0.005235932113736935
0.9921875,0.703125,0.002618046122539211
1.0,0.7109375,0.0
0.296875,0.0,0.2166960388573801
0.3046875,0.0078125,0.2146920048315565
0.3125,0.015625,0.21267487257427978
0.3203125,0.0234375,0.2106447652280177
0.328125,0.03125,0.20860180672386822
0.3359375,0.0390625,0.2065461217740945
0.34375,0.046875,0.2044778358646043
0.3515625,0.0546875,0.20239707524737463
0.359375,0.0625,0.20030396693282007
0.3671875,0.0703125,0.19819863868210816
0.375,0.078125,0.19608121899941988
0.3828125,0.0859375,0.19395183712415937
0.390625,0.09375,0.191810623023112
0.3984375,0.1015625,0.18965770738255347
0.40625,0.109375,0.18749322160030935
0.4140625,0.1171875,0.18531729777776923
0.421875,0.125,0.1831300687118534
0.4296875,0.1328125,0.18093166788693518
0.4375,0.140625,0.1787222294667192
0.4453125,0.1484375,0.17650188828607746
0.453125,0.15625,0.17427077984284206
0.4609375,0.1640625,0.17202904028955854
0.46875,0.171875,0.16977680642519752
0.4765625,0.1796875,0.167514215686828
0.484375,0.1875,0.1652414061412512
0.4921875,0.1953125,0.16295851647659668
0.5,0.203125,0.16066568599388142
0.5078125,0.2109375,0.1583630545985327
0.515625,0.21875,0.15605076279187374
0.5234375,0.2265625,0.15372895166257575
0.53125,0.234375,0.15139776287807394
0.5390625,0.2421875,0.14905733867594975
0.546875,0.25,0.14670782185528028
0.5546875,0.2578125,0.14434935576795402
0.5625,0.265625,0.14198208430995368
0.5703125,0.2734375,0.13960615191260786
0.578125,0.28125,0.1372217035338105
0.5859375,0.2890625,0.13482888464920967
0.59375,0.296875,0.13242784124336515
0.6015625,0.3046875,0.1300187198008762
0.609375,0.3125,0.12760166729747902
0.6171875,0.3203125,0.125176831191115
0.625,0.328125,0.12274435941296978
0.6328125,0.3359375,0.12030440035848354
0.640625,0.34375,0.1178571028783329
0.6484375,0.3515625,0.11540261626938496
0.65625,0.359375,0.11294109026562349
0.6640625,0.3671875,0.11047267502904844
0.671875,0.375,0.10799752114054764
0.6796875,0.3828125,0.10551577959074365
0.6875,0.390625,0.10302760177081323
0.6953125,0.3984375,0.10053313946328242
0.703125,0.40625,0.098032544832796
0.7109375,0.4140625,0.09552597041686282
0.71875,0.421875,0.09301356911657731
0.7265625,0.4296875,0.09049549418731724
0.734375,0.4375,0.08797189922941925
0.7421875,0.4453125,0.08544293817883176
0.75,0.453125,0.08290876529774632
0.7578125,0.4609375,0.08036953516520844
0.765625,0.46875,0.07782540266770761
0.7734375,0.4765625,0.0752765229897481
0.78125,0.484375,0.07272305160440065
0.7890625,0.4921875,0.07016514426383566
0.796875,0.5,0.06760295698983877
0.8046875,0.5078125,0.06503664606430996
0.8125,0.515625,0.06246636801974562
0.8203125,0.5234375,0.05989227962970576
0.828125,0.53125,0.05731453789926561
0.8359375,0.5390625,0.05473330005545352
0.84375,0.546875,0.05214872353767492
0.8515625,0.5546875,0.04956096598812377
0.859375,0.5625,0.04697018524218147
0.8671875,0.5703125,0.044376539318804524
0.875,0.578125,0.04178018641090148
0.8828125,0.5859375,0.039181284875699766
0.890625,0.59375,0.03657999322510321
0.8984375,0.6015625,0.033976470116041456
0.90625,0.609375,0.031370874340811344
0.9140625,0.6171875,0.028763364817411968
0.921875,0.625,0.026154100579873846
0.9296875,0.6328125,0.023543240768583447
0.9375,0.640625,0.02093094462060414
0.9453125,0.6484375,0.01831737145999505
0.953125,0.65625,0.01570268068812892
0.9609375,0.6640625,0.013087031774010755
0.96875,0.671875,0.010470584244599063
0.9765625,0.6796875,0.007853497675131419
0.984375,0.6875,0.005235931679456795
0.9921875,0.6953125,0.002618045900377018
1.0,0.703125,0.0
0.3046875,0.0,0.2146919946850225
0.3125,0.0078125,0.21267486252090828
0.3203125,0.015625,0.21064475526299872
0.328125,0.0234375,0.2086017968429844
0.3359375,0.03125,0.20654611197369704
0.34375,0.0390625,0.20447782614158436
0.3515625,0.046875,0.20239706559913181
0.359375,0.0546875,0.20030395735723017
0.3671875,0.0625,0.19819862917749043
0.375,0.0703125,0.1960812095645054
0.3828125,0.078125,0.19395182775806
0.390625,0.0859375,0.19181061372529123
0.3984375,0.09375,0.1896576981527982
0.40625,0.1015625,0.1874932124387044
0.4140625,0.109375,0.1853172886846716
0.421875,0.1171875,0.18313005968786977
0.4296875,0.125,0.1809316589328995
0.4375,0.1328125,0.1787222205836722
0.4453125,0.140625,0.17650187947524673
0.453125,0.1484375,0.17427077110562325
0.4609375,0.15625,0.17202903162749741
0.46875,0.1640625,0.1697767978399729
0.4765625,0.171875,0.16751420718023483
0.484375,0.1796875,0.16524139771518426
0.4921875,0.1875,0.16295850813303517
0.5,0.1953125,0.16066567773487372
0.5078125,0.203125,0.1583630464261809
0.515625,0.2109375,0.1560507547083194
0.5234375,0.21875,0.1537289436699853
0.53125,0.2265625,0.1513977549786248
0.5390625,0.234375,0.14905733087181688
0.546875,0.2421875,0.1467078141486225
0.5546875,0.25,0.1443493481609011
0.5625,0.2578125,0.1419820768045945
0.5703125,0.265625,0.13960614451097808
0.578125,0.2734375,0.13722169623788172
0.5859375,0.28125,0.13482887746087885
0.59375,0.2890625,0.132427834164445
0.6015625,0.296875,0.1300187128330866
0.609375,0.3046875,0.12760166044243895
0.6171875,0.3125,0.12517682445033632
0.625,0.3203125,0.12274435278785145
0.6328125,0.328125,0.12030439385030743
0.640625,0.3359375,0.11785709648826082
0.6484375,0.34375,0.11540260999845699
0.65625,0.3515625,0.11294108411475776
0.6640625,0.359375,0.11047266899904218
0.671875,0.3671875,0.10799751523207989
0.6796875,0.375,0.10551577380437879
0.6875,0.3828125,0.10302759610700664
0.6953125,0.390625,0.10053313392238689
0.703125,0.3984375,0.09803253941506958
0.7109375,0.40625,0.095525965122478
0.71875,0.4140625,0.09301356394563118
0.7265625,0.421875,0.09049548913984282
0.734375,0.4296875,0.08797189430539765
0.7421875,0.4375,0.08544293337820537
0.75,0.4453125,0.08290876062043287
0.7578125,0.453125,0.08036953061111553
0.765625,0.4609375,0.07782539823674811
0.7734375,0.46875,0.075276518681856
0.78125,0.4765625,0.07272304741954741
0.7890625,0.484375,0.0701651402020471
0.796875,0.4921875,0.06760295305121233
0.8046875,0.5,0.06503664224903222
0.8125,0.5078125,0.06246636432811036
0.8203125,0.515625,0.05989227606213221
0.828125,0.5234375,0.057314534456317116
0.8359375,0.53125,0.05473329673785651
0.84375,0.5390625,0.05214872034633839
0.8515625,0.546875,0.0495609629241589
0.859375,0.5546875,0.04697018230692206
0.8671875,0.5625,0.044376536513827704
0.875,0.5703125,0.04178018373804896
0.8828125,0.578125,0.03918128233709984
0.890625,0.5859375,0.03657999082319334
0.8984375,0.59375,0.033976467853591485
0.90625,0.6015625,0.031370872220947685
0.9140625,0.609375,0.02876336284364212
0.921875,0.6171875,0.02615409875611211
0.9296875,0.625,0.023543239099176955
0.9375,0.6328125,0.02093094311035963
0.9453125,0.640625,0.01831737011420587
0.953125,0.6484375,0.01570267951260226
0.9609375,0.65625,0.01308703077509458
0.96875,0.6640625,0.010470583429208178
0.9765625,0.671875,0.007853497050772155
0.984375,0.6796875,0.005235931254249267
0.9921875,0.6875,0.0026180456830738248
1.0,0.6953125,0.0
0.3125,0.0,0.21267485230681343
0.3203125,0.0078125,0.21064474514024162
0.328125,0.015625,0.2086017868072813
0.3359375,0.0234375,0.20654610202130952
0.34375,0.03125,0.20447781626929856
0.3515625,0.0390625,0.20239705580423373
0.359375,0.046875,0.20030394763747783
0.3671875,0.0546875,0.1981986195310856
0.375,0.0625,0.19608119999006435
0.3828125,0.0703125,0.1939518182545855
0.390625,0.078125,0.19181060429214444
0.3984375,0.0859375,0.18965768878967237
0.40625,0.09375,0.18749320314559909
0.4140625,0.1015625,0.1853172794618693
0.421875,0.109375,0.1831300505359118
0.4296875,0.1171875,0.18093164985256552
0.4375,0.125,0.1787222115759585
0.4453125,0.1328125,0.176501870541347
0.453125,0.140625,0.17427076224690985
0.4609375,0.1484375,0.17202902284550295
0.46875,0.15625,0.16977678913637284
0.4765625,0.1640625,0.16751419855683064
0.484375,0.171875,0.16524138917388706
0.4921875,0.1796875,0.16295849967584958
0.5,0.1875,0.16066566936388205
0.5078125,0.1953125,0.158363038143528
0.515625,0.203125,0.15605074651619757
0.5234375,0.2109375,0.1537289355706194
0.53125,0.21875,0.15139774697425748
0.5390625,0.2265625,0.14905732296469465
0.546875,0.234375,0.14670780634098177
0.5546875,0.2421875,0.1443493404549545
0.5625,0.25,0.14198206920251777
0.5703125,0.2578125,0.13960613701489769
0.578125,0.265625,0.1372216888498626
0.5859375,0.2734375,0.1348288701829134
0.59375,0.28125,0.13242782699844238
0.6015625,0.2890625,0.130018705780863
0.609375,0.296875,0.1276016535057091
0.6171875,0.3046875,0.12517681763070593
0.625,0.3125,0.12274434608681054
0.6328125,0.3203125,0.12030438726922546
0.640625,0.328125,0.11785709002838246
0.6484375,0.3359375,0.11540260366089987
0.65625,0.34375,0.11294107790051132
0.6640625,0.3515625,0.11047266290896783
0.671875,0.359375,0.10799750926691326
0.6796875,0.3671875,0.10551576796473265
0.6875,0.375,0.10302759039337583
0.6953125,0.3828125,0.1005331283351543
0.703125,0.390625,0.09803253395451375
0.7109375,0.3984375,0.09552595978878202
0.71875,0.40625,0.09301355873889237
0.7265625,0.4140625,0.09049548406008427
0.734375,0.421875,0.08797188935258013
0.7421875,0.4296875,0.08544292855224053
0.75,0.4375,0.08290875592119738
0.7578125,0.4453125,0.08036952603846567
0.765625,0.453125,0.07782539379053531
0.7734375,0.4609375,0.07527651436194287
0.78125,0.46875,0.07272304322582422
0.7890625,0.4765625,0.07016513613444877
0.796875,0.484375,0.06760294910973592
0.8046875,0.4921875,0.06503663843375457
0.8125,0.5,0.062466360639206096
0.8203125,0.5078125,0.05989227249989204
0.828125,0.515625,0.057314531021166494
0.8359375,0.5234375,0.054733293430374495
0.84375,0.53125,0.052148717167276745
0.8515625,0.5390625,0.04956095987446167
0.859375,0.546875,0.046970179387745316
0.8671875,0.5546875,0.04437653372655979
0.875,0.5625,0.041780181084331125
0.8828125,0.5703125,0.03918127981884732
0.890625,0.578125,0.036579988442616986
0.8984375,0.5859375,0.03397646561321992
0.90625,0.59375,0.03137087012364995
0.9140625,0.6015625,0.02876336089265108
0.921875,0.609375,0.026154096955048108
0.9296875,0.6171875,0.02354323745207222
0.9375,0.625,0.02093094162168289
0.9453125,0.6328125,0.018317368788887303
0.953125,0.640625,0.015702678356058278
0.9609375,0.6484375,0.013087029793252365
0.96875,0.65625,0.010470582628529297
0.9765625,0.6640625,0.00785349643827475
0.984375,0.671875,0.005235930837527989
0.9921875,0.6796875,0.002618045470316546
1.0,0.6875,0.0
0.3203125,0.0,0.21064473485935203
0.328125,0.0078125,0.20860177661615095
0.3359375,0.015625,0.20654609191614273
0.34375,0.0234375,0.20447780624680367
0.3515625,0.03125,0.20239704586160512
0.359375,0.0390625,0.20030393777237412
0.3671875,0.046875,0.19819860974160528
0.375,0.0546875,0.19608119027472073
0.3828125,0.0625,0.19395180861228067
0.390625,0.0703125,0.1918105947221441
0.3984375,0.078125,0.18965767929158056
0.40625,0.0859375,0.18749319371933396
0.4140625,0.09375,0.1853172701076399
0.421875,0.1015625,0.18313004125419596
0.4296875,0.109375,0.18093164064408818
0.4375,0.1171875,0.1787222024416717
0.4453125,0.125,0.17650186148240973
0.453125,0.1328125,0.1742707532646698
0.4609375,0.140625,0.17202901394147815
0.46875,0.1484375,0.16977678031223406
0.4765625,0.15625,0.16751418981438448
0.484375,0.1640625,0.1652413805150591
0.4921875,0.171875,0.16295849110266855
0.5,0.1796875,0.16066566087846335
0.5078125,0.1875,0.15836302974805833
0.515625,0.1953125,0.1560507382129192
0.5234375,0.203125,0.15372892736181512
0.53125,0.2109375,0.1513977388622355
0.5390625,0.21875,0.1490573149517737
0.546875,0.2265625,0.1467077984294768
0.5546875,0.234375,0.14434933264716218
0.5625,0.2421875,0.14198206150070308
0.5703125,0.25,0.13960612942128003
0.578125,0.2578125,0.1372216813666035
0.5859375,0.265625,0.13482886281210396
0.59375,0.2734375,0.13242781974209214
0.6015625,0.28125,0.13001869864088916
0.609375,0.2890625,0.12760164648392694
0.6171875,0.296875,0.12517681072882014
0.625,0.3046875,0.12274433930640806
0.6328125,0.3125,0.12030438061176892
0.640625,0.3203125,0.11785708349520573
0.6484375,0.328125,0.11540259725320423
0.65625,0.3359375,0.11294107161936391
0.6640625,0.34375,0.11047265675530088
0.671875,0.3515625,0.10799750324152521
0.6796875,0.359375,0.10551576206829091
0.6875,0.3671875,0.10302758462642075
0.6953125,0.375,0.10053312269810484
0.703125,0.3828125,0.09803252844767457
0.7109375,0.390625,0.09552595441235184
0.71875,0.3984375,0.09301355349297391
0.7265625,0.40625,0.09049547894469501
0.734375,0.4140625,0.08797188436766451
0.7421875,0.421875,0.08544292369768318
0.75,0.4296875,0.08290875119683684
0.7578125,0.4375,0.08036952144410968
0.765625,0.4453125,0.07782538932597612
0.7734375,0.453125,0.07527651002697348
0.78125,0.4609375,0.07272303902025516
0.7890625,0.46875,0.07016513205812522
0.796875,0.4765625,0.06760294516255524
0.8046875,0.484375,0.06503663461568426
0.8125,0.4921875,0.0624663569503019
0.8203125,0.5,0.059892268940316316
0.828125,0.5078125,0.05731452759120683
0.8359375,0.515625,0.05473329013046249
0.84375,0.5234375,0.05214871399800715
0.8515625,0.53125,0.049560956836611506
0.859375,0.5390625,0.04697017648229336
0.8671875,0.546875,0.04437653095470644
0.875,0.5546875,0.04178017844751843
0.8828125,0.5625,0.03918127731877928
0.890625,0.5703125,0.03657998608128043
0.8984375,0.578125,0.03397646339290555
0.90625,0.5859375,0.03137086804697401
0.9140625,0.59375,0.028763358962577264
0.921875,0.6015625,0.026154095174909874
0.9296875,0.609375,0.0235432358255955
0.9375,0.6171875,0.02093094015300897
0.9453125,0.625,0.018317367482595742
0.953125,0.6328125,0.015702677217189775
0.9609375,0.640625,0.013087028827331055
0.96875,0.6484375,0.010470581841584241
0.9765625,0.65625,0.007853495836859986
0.984375,0.6640625,0.00523593042874046
0.9921875,0.671875,0.0026180452618110384
1.0,0.6796875,0.0
0.328125,0.0,0.2086017662692262
0.3359375,0.0078125,0.20654608165762817
0.34375,0.015625,0.2044777960733584
0.3515625,0.0234375,0.20239703577035578
0.359375,0.03125,0.20030392776089956
0.3671875,0.0390625,0.19819859980791704
0.375,0.046875,0.19608118041724182
0.3828125,0.0546875,0.1939517988298231
0.390625,0.0625,0.19181058501388562
0.3984375,0.0703125,0.18965766965704206
0.40625,0.078125,0.18749318415835634
0.4140625,0.0859375,0.1853172606203621
0.421875,0.09375,0.1831300318410337
0.4296875,0.1015625,0.18093163130571285
0.4375,0.109375,0.17872219317899068
0.4453125,0.1171875,0.17650185229654736
0.453125,0.125,0.17427074415694813
0.4609375,0.1328125,0.17202900491339954
0.46875,0.140625,0.1697767713654633
0.4765625,0.1484375,0.16751418095073178
0.484375,0.15625,0.16524137173646344
0.4921875,0.1640625,0.16295848241118105
0.5,0.171875,0.16066565227623136
0.5078125,0.1796875,0.15836302123730928
0.515625,0.1875,0.15605072979594484
0.5234375,0.1953125,0.1537289190409558
0.53125,0.203125,0.15139773063986484
0.5390625,0.2109375,0.14905730683028312
0.546875,0.21875,0.14670779041126053
0.5546875,0.2265625,0.1443493247346026
0.5625,0.234375,0.14198205369615574
0.5703125,0.2421875,0.13960612172706013
0.578125,0.25,0.13722167378497171
0.5859375,0.2578125,0.13482885534525385
0.59375,0.265625,0.1324278123921374
0.6015625,0.2734375,0.1300186914098524
0.609375,0.28125,0.12760163937372884
0.6171875,0.2890625,0.12517680374127
0.625,0.296875,0.12274433244319513
0.6328125,0.3046875,0.12030437387445538
0.640625,0.3125,0.11785707688522072
0.6484375,0.3203125,0.11540259077183962
0.65625,0.328125,0.11294106526777102
0.6640625,0.3359375,0.11047265053448947
0.671875,0.34375,0.1079974971523635
0.6796875,0.3515625,0.10551575611150758
0.6875,0.359375,0.10302757880260822
0.6953125,0.3671875,0.10053311700772449
0.703125,0.375,0.09803252289106316
0.7109375,0.3828125,0.09552594898972964
0.71875,0.390625,0.09301354820445415
0.7265625,0.3984375,0.09049547379029461
0.734375,0.40625,0.08797187934731614
0.7421875,0.4140625,0.08544291881124827
0.75,0.421875,0.08290874644411961
0.7578125,0.4296875,0.08036951682487226
0.765625,0.4375,0.07782538483995419
0.7734375,0.4453125,0.07527650567389266
0.78125,0.453125,0.07272303479984789
0.7890625,0.4609375,0.07016512797014822
0.796875,0.46875,0.06760294120680725
0.8046875,0.4765625,0.06503663079202415
0.8125,0.484375,0.062466353258666917
0.8203125,0.4921875,0.05989226538074067
0.828125,0.5,0.05731452416384037
0.8359375,0.5078125,0.054733286835589534
0.84375,0.515625,0.0521487108360654
0.8515625,0.5234375,0.04956095380821118
0.859375,0.53125,0.04697017358823646
0.8671875,0.5390625,0.04437652819600612
0.875,0.546875,0.04178017582541856
0.8828125,0.5546875,0.03918127483477434
0.890625,0.5625,0.03657998373713549
0.8984375,0.5703125,0.03397646119067658
0.90625,0.578125,0.03137086598902838
0.9140625,0.5859375,0.028763357051614657
0.921875,0.59375,0.026154093413983275
0.9296875,0.6015625,0.023543234218132408
0.9375,0.609375,0.020930938702832774
0.9453125,0.6171875,0.018317366193946943
0.953125,0.625,0.015702676094747008
0.9609375,0.6328125,0.013087027876231535
0.96875,0.640625,0.010470581067443373
0.9765625,0.6484375,0.007853495245789517
0.984375,0.65625,0.005235930027364681
0.9921875,0.6640625,0.002618045057280196
1.0,0.671875,0.0
0.3359375,0.0,0.20654607124542285
0.34375,0.0078125,0.204477785748429
0.3515625,0.015625,0.20239702552978656
0.359375,0.0234375,0.20030391760221072
0.3671875,0.03125,0.1981985897290506
0.375,0.0390625,0.19608117041654496
0.3828125,0.046875,0.19395178890602918
0.390625,0.0546875,0.19181057516609382
0.3984375,0.0625,0.18965765988469677
0.40625,0.0703125,0.18749317446122676
0.4140625,0.078125,0.18531725099852067
0.421875,0.0859375,0.18313002229483646
0.4296875,0.09375,0.18093162183577918
0.4375,0.1015625,0.17872218378618454
0.4453125,0.109375,0.17650184298195776
0.453125,0.1171875,0.17427073492187145
0.4609375,0.125,0.1720289957593214
0.46875,0.1328125,0.1697767622940414
0.4765625,0.140625,0.1675141719637787
0.484375,0.1484375,0.16524136283593005
0.4921875,0.15625,0.1629584735991398
0.5,0.1640625,0.1606656435548603
0.5078125,0.171875,0.15836301260887553
0.515625,0.1796875,0.1560507212627887
0.5234375,0.1875,0.1537289106054746
0.53125,0.1953125,0.1513977223044976
0.5390625,0.203125,0.1490572985974942
0.546875,0.2109375,0.14670778228352413
0.5546875,0.21875,0.14434931671438778
0.5625,0.2265625,0.14198204578591067
0.5703125,0.234375,0.13960611392919772
0.578125,0.2421875,0.13722166610185485
0.5859375,0.25,0.13482884777918155
0.59375,0.2578125,0.13242780494533177
0.6015625,0.265625,0.1300186840844457
0.609375,0.2734375,0.12760163217175227
0.6171875,0.28125,0.12517679666464263
0.625,0.2890625,0.12274432549371471
0.6328125,0.296875,0.12030436705378965
0.640625,0.3046875,0.11785707019490091
0.6484375,0.3125,0.1154025842132547
0.65625,0.3203125,0.11294105884216381
0.6640625,0.328125,0.11047264424295433
0.671875,0.3359375,0.10799749099584556
0.6796875,0.34375,0.10551575009080388
0.6875,0.3515625,0.10302757291837046
0.6953125,0.359375,0.10053311126046313
0.703125,0.3671875,0.09803251728115364
0.7109375,0.375,0.09552594351741996
0.71875,0.3828125,0.09301354286987397
0.7265625,0.390625,0.09049546859346579
0.734375,0.3984375,0.08797187428816446
0.7421875,0.40625,0.0854429138896164
0.75,0.4140625,0.0829087416597816
0.7578125,0.421875,0.0803695121775481
0.765625,0.4296875,0.07782538032932595
0.7734375,0.4375,0.07527650129962106
0.78125,0.4453125,0.07272303056158931
0.7890625,0.453125,0.07016512386757265
0.796875,0.4609375,0.06760293723961597
0.8046875,0.46875,0.06503662695996815
0.8125,0.4765625,0.062466349561565736
0.8203125,0.484375,0.05989226181850074
0.828125,0.4921875,0.057314520736473994
0.8359375,0.5,0.054733283543233806
0.84375,0.5078125,0.052148707679001184
0.8515625,0.515625,0.049560950786882114
0.859375,0.5234375,0.04697017070326806
0.8671875,0.53125,0.04437652544822491
0.875,0.5390625,0.041780173215871345
0.8828125,0.546875,0.03918127236474748
0.890625,0.5546875,0.03657998140817433
0.8984375,0.5625,0.033976459004605074
0.90625,0.5703125,0.03137086394796873
0.9140625,0.578125,0.028763355158007146
0.921875,0.5859375,0.02615409167060621
0.9296875,0.59375,0.02354323262812207
0.9375,0.6015625,0.02093093726970335
0.9453125,0.609375,0.018317364921610343
0.953125,0.6171875,0.015702674987532212
0.9609375,0.625,0.013087026938903512
0.96875,0.6328125,0.01047058030522093
0.9765625,0.640625,0.007853494664361877
0.984375,0.6484375,0.0052359296329061505
0.9921875,0.65625,0.0026180448564622556
1.0,0.6640625,0.0
0.34375,0.0,0.20447777527169342
0.3515625,0.0078125,0.20239701513939437
0.359375,0.015625,0.20030390729564557
0.3671875,0.0234375,0.19819857950420394
0.375,0.03125,0.19608116027170355
0.3828125,0.0390625,0.19395177883986028
0.390625,0.046875,0.19181056517762846
0.3984375,0.0546875,0.18965764997331128
0.40625,0.0625,0.18749316462662408
0.4140625,0.0703125,0.1853172412407119
0.421875,0.078125,0.18313001261412112
0.4296875,0.0859375,0.18093161223272713
0.4375,0.09375,0.1787221742616168
0.4453125,0.1015625,0.17650183353692922
0.453125,0.109375,0.17427072555765227
0.4609375,0.1171875,0.17202898647738007
0.46875,0.125,0.1697767530960277
0.4765625,0.1328125,0.1675141628515064
0.484375,0.140625,0.16524135381136065
0.4921875,0.1484375,0.1629584646643658
0.5,0.15625,0.16066563471208903
0.5078125,0.1640625,0.15836300386041274
0.515625,0.171875,0.1560507126110224
0.5234375,0.1796875,0.15372890205285877
0.53125,0.1875,0.15139771385353587
0.5390625,0.1953125,0.14905729025072403
0.546875,0.203125,0.1467077740435005
0.5546875,0.2109375,0.14434930858366715
0.5625,0.21875,0.14198203776703555
0.5703125,0.2265625,0.1396061060246808
0.578125,0.234375,0.13722165831416366
0.5859375,0.2421875,0.13482884011072407
0.59375,0.25,0.13242779739844207
0.6015625,0.2578125,0.13001867666137037
0.609375,0.265625,0.1276016248746378
0.6171875,0.2734375,0.12517678949552347
0.625,0.28125,0.12274431845450283
0.6328125,0.2890625,0.12030436014626517
0.640625,0.296875,0.11785706342070369
0.6484375,0.3046875,0.11540257757387798
0.65625,0.3125,0.11294105233894917
0.6640625,0.3203125,0.11047263787708825
0.671875,0.328125,0.10799748476835778
0.6796875,0.3359375,0.10551574400256741
0.6875,0.34375,0.1030275669701034
0.6953125,0.3515625,0.1005331054527327
0.703125,0.359375,0.09803251161438085
0.7109375,0.3671875,0.0955259379918874
0.71875,0.375,0.09301353748573414
0.7265625,0.3828125,0.09049546335075123
0.734375,0.390625,0.08797186918679971
0.7421875,0.3984375,0.08544290892943059
0.75,0.40625,0.0829087368405227
0.7578125,0.4140625,0.080369507498898
0.765625,0.421875,0.07782537579091658
0.7734375,0.4296875,0.07527649690105105
0.78125,0.4375,0.07272302630244155
0.7890625,0.4453125,0.070165119747432
0.796875,0.453125,0.06760293325808787
0.8046875,0.4609375,0.0650366231166971
0.8125,0.46875,0.062466345856254005
0.8203125,0.4765625,0.05989225825092763
0.828125,0.484375,0.05731451730651453
0.8359375,0.4921875,0.05473328025087814
0.84375,0.5,0.05214870452437345
0.8515625,0.5078125,0.04956094777025957
0.859375,0.515625,0.046970167825100044
0.8671875,0.5234375,0.04437652270915187
0.875,0.53125,0.04178017061674382
0.8828125,0.5390625,0.03918126990664495
0.890625,0.546875,0.036579979092424296
0.8984375,0.5546875,0.0339764568328019
0.90625,0.5625,0.03137086192199265
0.9140625,0.5703125,0.02876335328004326
0.921875,0.578125,0.026154089943163372
0.9296875,0.5859375,0.023543231054051823
0.9375,0.59375,0.02093093585221858
0.9453125,0.6015625,0.01831736366430382
0.953125,0.609375,0.01570267389439461
0.9609375,0.6171875,0.013087026014340782
0.96875,0.625,0.01047057955407079
0.9765625,0.6328125,0.007853494091908924
0.984375,0.640625,0.005235929244895194
0.9921875,0.6484375,0.002618044659109284
1.0,0.65625,0.0
0.3515625,0.0,0.20239700459887575
0.359375,0.0078125,0.20030389684072808
0.3671875,0.015625,0.19819856913274778
0.375,0.0234375,0.19608114998195186
0.3828125,0.03125,0.19395176863042823
0.390625,0.0390625,0.19181055504748978
0.3984375,0.046875,0.18965763992178322
0.40625,0.0546875,0.1874931546533511
0.4140625,0.0625,0.18531723134564854
0.421875,0.0703125,0.18313000279751498
0.4296875,0.078125,0.1809316024951006
0.4375,0.0859375,0.17872216460375065
0.4453125,0.09375,0.1765018239598444
0.453125,0.1015625,0.1742707160625936
0.4609375,0.109375,0.17202897706579856
0.46875,0.1171875,0.16977674376956417
0.4765625,0.125,0.16751415361197505
0.484375,0.1328125,0.16524134466073243
0.4921875,0.140625,0.1629584556047521
0.5,0.1484375,0.16066562574572518
0.5078125,0.15625,0.15836299498964204
0.515625,0.1640625,0.15605070383827946
0.5234375,0.171875,0.15372889338065304
0.53125,0.1796875,0.1513977052844357
0.5390625,0.1875,0.1490572817873397
0.546875,0.1953125,0.14670776568846808
0.5546875,0.203125,0.14434930033963156
0.5625,0.2109375,0.14198202963663456
0.5703125,0.21875,0.13960609801052873
0.578125,0.2265625,0.13722165041883583
0.5859375,0.234375,0.1348288323367401
0.59375,0.2421875,0.13242778974825173
0.6015625,0.25,0.13001866913733887
0.609375,0.2578125,0.12760161747903181
0.6171875,0.265625,0.12517678223049847
0.625,0.2734375,0.12274431132209115
0.6328125,0.28125,0.12030435314836548
0.640625,0.2890625,0.11785705655907168
0.6484375,0.296875,0.11540257085011851
0.65625,0.3046875,0.11294104575451026
0.6640625,0.3125,0.11047263143325628
0.671875,0.3203125,0.10799747846625493
0.6796875,0.328125,0.1055157378431507
0.6875,0.3359375,0.10302756095416565
0.6953125,0.34375,0.10053309958090517
0.703125,0.3515625,0.09803250588713834
0.7109375,0.359375,0.09552593240955412
0.71875,0.3671875,0.09301353204849229
0.7265625,0.375,0.09049545805865082
0.734375,0.3828125,0.08797186403976977
0.7421875,0.390625,0.08544290392729222
0.75,0.3984375,0.08290873198300287
0.7578125,0.40625,0.08036950278564495
0.765625,0.4140625,0.07782537122151581
0.7734375,0.421875,0.07527649247504252
0.78125,0.4296875,0.07272302201933725
0.7890625,0.4375,0.07016511560673416
0.796875,0.4453125,0.06760292925930775
0.8046875,0.453125,0.06503661925937382
0.8125,0.4609375,0.06246634213997385
0.8203125,0.46875,0.05989225467534321
0.828125,0.4765625,0.05731451387136424
0.8359375,0.484375,0.05473327695600536
0.84375,0.4921875,0.05214870136974577
0.8515625,0.5,0.049560944755988004
0.859375,0.5078125,0.046970164951458046
0.8671875,0.515625,0.044376519976594204
0.875,0.5234375,0.04178016802592542
0.8828125,0.53125,0.039181267458439584
0.890625,0.5390625,0.03657997678794304
0.8984375,0.546875,0.03397645467341175
0.90625,0.5546875,0.03137085990933473
0.9140625,0.5625,0.028763351416051155
0.921875,0.5703125,0.02615408823008122
0.9296875,0.578125,0.023543229494452173
0.9375,0.5859375,0.020930934449020232
0.9453125,0.59375,0.018317362420788953
0.953125,0.6015625,0.015702672814225795
0.9609375,0.609375,0.01308702510157699
0.96875,0.6171875,0.010470578813182654
0.9765625,0.625,0.007853493527792597
0.984375,0.6328125,0.005235928862884542
0.9921875,0.640625,0.0026180444649858284
1.0,0.6484375,0.0
0.359375,0.0,0.20030388623717124
0.3671875,0.0078125,0.19819855861422994
0.375,0.015625,0.19608113954668982
0.3828125,0.0234375,0.19395175827699945
0.390625,0.03125,0.19181054477482315
0.3984375,0.0390625,0.18965762972914696
0.40625,0.046875,0.18749314454033872
0.4140625,0.0546875,0.18531722131216485
0.421875,0.0625,0.1831299928437597
0.4296875,0.0703125,0.18093159262155306
0.4375,0.078125,0.1787221548111529
0.4453125,0.0859375,0.17650181424918554
0.453125,0.09375,0.17427070643509307
0.4609375,0.1015625,0.17202896752289035
0.46875,0.109375,0.16977673431287976
0.4765625,0.1171875,0.1675141442433282
0.484375,0.125,0.16524133538210242
0.4921875,0.1328125,0.16295844641826795
0.5,0.140625,0.1606656166536492
0.5078125,0.1484375,0.15836298599435356
0.515625,0.15625,0.15605069494225868
0.5234375,0.1640625,0.15372888458646458
0.53125,0.171875,0.15139769659471136
0.5390625,0.1796875,0.1490572732047625
0.546875,0.1875,0.14670775721575496
0.5546875,0.1953125,0.14434929197951682
0.5625,0.203125,0.1419820213918525
0.5703125,0.2109375,0.13960608988379714
0.578125,0.21875,0.13722164241283913
0.5859375,0.2265625,0.13482882445411343
0.59375,0.234375,0.13242778199156388
0.6015625,0.2421875,0.13001866150907784
0.609375,0.25,0.1276016099815894
0.6171875,0.2578125,0.12517677486615658
0.625,0.265625,0.12274430409300849
0.6328125,0.2734375,0.12030434605656606
0.640625,0.28125,0.11785704960643405
0.6484375,0.2890625,0.11540256403836692
0.65625,0.296875,0.11294103908520677
0.6640625,0.3046875,0.1104726249077956
0.671875,0.3125,0.1079974720858601
0.6796875,0.3203125,0.10551573160887122
0.6875,0.328125,0.10302755486687724
0.6953125,0.3359375,0.1005330936413119
0.703125,0.34375,0.09803250009577641
0.7109375,0.3515625,0.09552592676679753
0.71875,0.359375,0.09301352655456045
0.7265625,0.3671875,0.09049545271361817
0.734375,0.375,0.08797185884357667
0.7421875,0.3828125,0.08544289887975771
0.75,0.390625,0.08290872708383848
0.7578125,0.3984375,0.08036949803447005
0.765625,0.40625,0.07782536661787395
0.7734375,0.4140625,0.07527648801841859
0.78125,0.421875,0.0727230177091755
0.7890625,0.4296875,0.07016511144245675
0.796875,0.4375,0.06760292524033383
0.8046875,0.4453125,0.06503661538513891
0.8125,0.453125,0.06246633840994924
0.8203125,0.4609375,0.05989225108905584
0.828125,0.46875,0.057314510428416274
0.8359375,0.4765625,0.0547332736560937
0.84375,0.484375,0.052148698212681706
0.8515625,0.4921875,0.049560941741716484
0.859375,0.5,0.046970162080076774
0.8671875,0.5078125,0.04437651724837267
0.875,0.515625,0.04178016544132344
0.8828125,0.5234375,0.039181265018126014
0.890625,0.53125,0.03657997449281395
0.8984375,0.5390625,0.033976452524608486
0.90625,0.546875,0.031370857908261836
0.9140625,0.5546875,0.02876334956439396
0.921875,0.5625,0.02615408652982325
0.9296875,0.5703125,0.023543227947892324
0.9375,0.578125,0.020930933058789427
0.9453125,0.5859375,0.018317361189866627
0.953125,0.59375,0.01570267174595554
0.9609375,0.6015625,0.013087024199681715
0.96875,0.609375,0.010470578081778549
0.9765625,0.6171875,0.007853492971402023
0.984375,0.625,0.005235928486447164
0.9921875,0.6328125,0.0026180442738677014
1.0,0.640625,0.0
0.3671875,0.0,0.198198547948378
0.375,0.0078125,0.19608112896548605
0.3828125,0.015625,0.19395174777899932
0.390625,0.0234375,0.19181053435892345
0.3984375,0.03125,0.1896576193945773
0.40625,0.0390625,0.18749313428665115
0.4140625,0.046875,0.18531721113922073
0.421875,0.0546875,0.1831299827517168
0.4296875,0.0625,0.18093158261085113
0.4375,0.0703125,0.1787221448824987
0.4453125,0.078125,0.17650180440353794
0.453125,0.0859375,0.17427069667364756
0.4609375,0.09375,0.17202895784706365
0.46875,0.1015625,0.1697767247242945
0.4765625,0.109375,0.16751413474379673
0.484375,0.1171875,0.16524132597361166
0.4921875,0.125,0.1629584371029632
0.5,0.1328125,0.16066560743381847
0.5078125,0.140625,0.15836297687241122
0.515625,0.1484375,0.1560506859207292
0.5234375,0.15625,0.15372887566796625
0.53125,0.1640625,0.15139768778193924
0.5390625,0.171875,0.14905726450047174
0.546875,0.1796875,0.14670774862274355
0.5546875,0.1875,0.14434928350060827
0.5625,0.1953125,0.14198201302987876
0.5703125,0.203125,0.1396060816415808
0.578125,0.2109375,0.13722163429317635
0.5859375,0.21875,0.1348288164597566
0.59375,0.2265625,0.13242777412520496
0.6015625,0.234375,0.1300186537733314
0.609375,0.2421875,0.12760160237897733
0.6171875,0.25,0.12517676739909242
0.625,0.2578125,0.12274429676378368
0.6328125,0.265625,0.1203043388673365
0.640625,0.2734375,0.11785704255920852
0.6484375,0.28125,0.11540255713499645
0.65625,0.2890625,0.11294103232737623
0.6640625,0.296875,0.11047261829701618
0.671875,0.3046875,0.10799746562346446
0.6796875,0.3125,0.10551572529601017
0.6875,0.3203125,0.10302754870451865
0.6953125,0.328125,0.10053308763024131
0.703125,0.3359375,0.09803249423660025
0.7109375,0.34375,0.09552592105994792
0.71875,0.3515625,0.0930135210003023
0.7265625,0.359375,0.09049544731205802
0.734375,0.3671875,0.08797185359467341
0.7421875,0.375,0.08544289378333488
0.75,0.3828125,0.08290872213959832
0.7578125,0.390625,0.08036949324200857
0.765625,0.3984375,0.07782536197669748
0.7734375,0.40625,0.07527648352796121
0.78125,0.4140625,0.0727230133688173
0.7890625,0.421875,0.07016510725154276
0.796875,0.4296875,0.0676029211981935
0.8046875,0.4375,0.06503661149110589
0.8125,0.4453125,0.062466334663381425
0.8203125,0.453125,0.0598922474893554
0.828125,0.4609375,0.057314506975049785
0.8359375,0.46875,0.05473327034861211
0.84375,0.4765625,0.052148695050740226
0.8515625,0.484375,0.04956093872509407
0.859375,0.4921875,0.046970159208695544
0.8671875,0.5,0.044376514522316904
0.875,0.5078125,0.0417801628608584
0.8828125,0.515625,0.03918126258371628
0.890625,0.5234375,0.036579972205141524
0.8984375,0.53125,0.03397645038459065
0.90625,0.5390625,0.03137085591706862
0.9140625,0.546875,0.028763347723465265
0.921875,0.5546875,0.026154084840885692
0.9296875,0.5625,0.023543226412975626
0.9375,0.5703125,0.020930931680242463
0.9453125,0.578125,0.018317359970372874
0.953125,0.5859375,0.015702670688547974
0.9609375,0.59375,0.013087023307756875
0.96875,0.6015625,0.010470577359109667
0.9765625,0.609375,0.007853492422150849
0.984375,0.6171875,0.005235928115174297
0.9921875,0.625,0.0026180440855408846
1.0,0.6328125,0.0
0.375,0.0,0.19608111823808091
0.3828125,0.0078125,0.193951737136015
0.390625,0.015625,0.19181052379923838
0.3984375,0.0234375,0.18965760891739417
0.40625,0.03125,0.18749312389148912
0.4140625,0.0390625,0.18531720082590603
0.421875,0.046875,0.1831299725203711
0.4296875,0.0546875,0.18093157246187927
0.4375,0.0625,0.17872213481657562
0.4453125,0.0703125,0.17650179442159453
0.453125,0.078125,0.17427068677685692
0.4609375,0.0859375,0.1720289480368262
0.46875,0.09375,0.1697767150022235
0.4765625,0.1015625,0.16751412511170313
0.484375,0.109375,0.16524131643348905
0.4921875,0.1171875,0.16295842765697238
0.5,0.125,0.16066559808427164
0.5078125,0.1328125,0.1583629676217565
0.515625,0.140625,0.15605067677153422
0.5234375,0.1484375,0.15372886662290172
0.53125,0.15625,0.15139767884376246
0.5390625,0.1640625,0.1490572556720093
0.546875,0.171875,0.14670773990687405
0.5546875,0.1796875,0.14434927490024504
0.5625,0.1875,0.14198200454795162
0.5703125,0.1953125,0.13960607328101846
0.578125,0.203125,0.1372216260568884
0.5859375,0.2109375,0.13482880835061561
0.59375,0.21875,0.13242776614602866
0.6015625,0.2265625,0.1300186459268651
0.609375,0.234375,0.12760159466787743
0.6171875,0.2421875,0.12517675982590978
0.625,0.25,0.12274428933094822
0.6328125,0.2578125,0.12030433157714296
0.640625,0.265625,0.1178570354138031
0.6484375,0.2734375,0.11540255013636525
0.65625,0.28125,0.1129410254773348
0.6640625,0.2890625,0.11047261159720134
0.671875,0.296875,0.10799745907532764
0.6796875,0.3046875,0.10551571890081288
0.6875,0.3125,0.10302754246333007
0.6953125,0.3203125,0.10053308154393806
0.703125,0.328125,0.09803248830586829
0.7109375,0.3359375,0.09552591528528663
0.71875,0.34375,0.09301351538203073
0.7265625,0.3515625,0.09049544185032316
0.734375,0.359375,0.0879718482894605
0.7421875,0.3671875,0.08544288863447944
0.75,0.375,0.08290871714679986
0.7578125,0.3828125,0.0803694884048458
0.765625,0.390625,0.07782535729464492
0.7734375,0.3984375,0.07527647900040675
0.78125,0.40625,0.07272300899508093
0.7890625,0.4140625,0.07016510303089576
0.796875,0.421875,0.06760291712987837
0.8046875,0.4296875,0.0650366075743567
0.8125,0.4375,0.06246633089744415
0.8203125,0.4453125,0.05989224387350867
0.828125,0.453125,0.057314503508625464
0.8359375,0.4609375,0.054733267031015685
0.84375,0.46875,0.052148691881471004
0.8515625,0.4765625,0.04956093570376525
0.859375,0.484375,0.04697015633505364
0.8671875,0.4921875,0.04437651179626119
0.875,0.5,0.04178016028245967
0.8828125,0.5078125,0.03918126015323528
0.890625,0.515625,0.03657996992304704
0.8984375,0.5234375,0.033976448251577085
0.90625,0.53125,0.031370853934073246
0.9140625,0.5390625,0.028763345891684933
0.921875,0.546875,0.02615408316179322
0.9296875,0.5546875,0.02354322488833565
0.9375,0.5625,0.020930930312126755
0.9453125,0.5703125,0.018317358761175146
0.953125,0.578125,0.01570266964099793
0.9609375,0.5859375,0.01308702242493349
0.96875,0.59375,0.010470576644453437
0.9765625,0.6015625,0.007853491879474839
0.984375,0.609375,0.00523592774867366
0.9921875,0.6171875,0.0026180438998005423
1.0,0.625,0.0
0.3828125,0.0,0.19395172634779806
0.390625,0.0078125,0.19181051309537156
0.3984375,0.015625,0.1896575982970648
0.40625,0.0234375,0.18749311335419397
0.4140625,0.03125,0.18531719037144406
0.421875,0.0390625,0.18312996214883462
0.4296875,0.046875,0.1809315621736435
0.4375,0.0546875,0.17872212461228731
0.4453125,0.0625,0.1765017843021598
0.453125,0.0703125,0.17427067674342803
0.4609375,0.078125,0.1720289380907884
0.46875,0.0859375,0.16977670514518117
0.4765625,0.09375,0.16751411534546556
0.484375,0.1015625,0.16524130676005575
0.4921875,0.109375,0.1629584180785184
0.5,0.1171875,0.16066558860313268
0.5078125,0.125,0.1583629582404128
0.515625,0.1328125,0.1560506674925952
0.5234375,0.140625,0.15372885744908943
0.53125,0.1484375,0.15139766977789504
0.5390625,0.15625,0.14905724671698398
0.546875,0.1640625,0.14670773106564958
0.5546875,0.171875,0.14434926617582414
0.5625,0.1796875,0.14198199594336264
0.5703125,0.1875,0.13960606479929705
0.578125,0.1953125,0.13722161770105917
0.5859375,0.203125,0.13482880012367324
0.59375,0.2109375,0.1324277580509198
0.6015625,0.21875,0.13001863796646967
0.609375,0.2265625,0.1276015868449905
0.6171875,0.234375,0.12517675214322463
0.625,0.2421875,0.12274428179103954
0.6328125,0.25,0.12030432418245081
0.640625,0.2578125,0.1178570281666187
0.6484375,0.265625,0.11540254303881761
0.65625,0.2734375,0.11294101853137904
0.6640625,0.28125,0.11047260480460888
0.671875,0.2890625,0.10799745243767814
0.6796875,0.296875,0.10551571241948826
0.6875,0.3046875,0.10302753613951096
0.6953125,0.3125,0.10053307537860195
0.703125,0.3203125,0.0980324822997906
0.7109375,0.328125,0.09552590943904375
0.71875,0.3359375,0.09301350969600528
0.7265625,0.34375,0.09049543632471162
0.734375,0.3515625,0.08797184292428298
0.7421875,0.359375,0.08544288342959132
0.75,0.3671875,0.08290871210190533
0.7578125,0.375,0.08036948351951295
0.765625,0.3828125,0.07782535256832239
0.7734375,0.390625,0.07527647443244158
0.78125,0.3984375,0.07272300458473742
0.7890625,0.40625,0.0701650987773753
0.796875,0.4140625,0.06760291303233962
0.8046875,0.421875,0.06503660363193657
0.8125,0.4296875,0.06246632710927882
0.8203125,0.4375,0.059892240238754606
0.828125,0.4453125,0.057314500026480725
0.8359375,0.453125,0.05473326370074083
0.84375,0.4609375,0.052148688702409844
0.8515625,0.46875,0.049560932675365196
0.859375,0.4765625,0.04697015345688581
0.8671875,0.484375,0.04437650906803969
0.875,0.4921875,0.04178015770406095
0.8828125,0.5,0.039181257724716506
0.890625,0.5078125,0.036579967644664285
0.8984375,0.515625,0.03397644612380279
0.90625,0.5234375,0.03137085195761324
0.9140625,0.53125,0.028763344067495016
0.921875,0.5390625,0.026154081491095063
0.9296875,0.546875,0.023543223372632233
0.9375,0.5546875,0.020930928953217163
0.9453125,0.5625,0.01831735756116871
0.953125,0.5703125,0.015702668602327653
0.9609375,0.578125,0.013087021550368574
0.96875,0.5859375,0.010470575937110854
0.9765625,0.59375,0.007853491342829635
0.984375,0.6015625,0.005235927386567828
0.9921875,0.609375,0.0026180437164501163
1.0,0.6171875,0.0
0.390625,0.0,0.19181050224708412
0.3984375,0.0078125,0.18965758753320705
0.40625,0.015625,0.1874931026742504
0.4140625,0.0234375,0.1853171797751951
0.421875,0.03125,0.18312995163635012
0.4296875,0.0390625,0.1809315517452749
0.4375,0.046875,0.17872211426865756
0.4453125,0.0546875,0.17650177404415324
0.453125,0.0625,0.1742706665721786
0.4609375,0.0703125,0.1720289280076675
0.46875,0.078125,0.1697766951517849
0.4765625,0.0859375,0.16751410544360135
0.484375,0.09375,0.1652412969517287
0.4921875,0.1015625,0.1629584083659172
0.5,0.109375,0.1606655789886148
0.5078125,0.1171875,0.15836294872648957
0.515625,0.125,0.1560506580819162
0.5234375,0.1328125,0.1537288481444267
0.53125,0.140625,0.15139766058212634
0.5390625,0.1484375,0.14905723763307588
0.546875,0.15625,0.14670772209664043
0.5546875,0.1640625,0.1443492573248054
0.5625,0.171875,0.14198198721346122
0.5703125,0.1796875,0.13960605619365632
0.578125,0.1875,0.13722160922281976
0.5859375,0.1953125,0.13482879177595414
0.59375,0.203125,0.13242774983679895
0.6015625,0.2109375,0.1300186298889648
0.609375,0.21875,0.12760157890704002
0.6171875,0.2265625,0.12517674434766923
0.625,0.234375,0.12274427414060422
0.6328125,0.2421875,0.12030431667972788
0.640625,0.25,0.11785702081405176
0.6484375,0.2578125,0.1154025358386867
0.65625,0.265625,0.11294101148578761
0.6640625,0.2734375,0.1104725979154723
0.671875,0.28125,0.1079974457067141
0.6796875,0.2890625,0.10551570584820945
0.6875,0.296875,0.10302752972921957
0.6953125,0.3046875,0.10053306913038715
0.703125,0.3125,0.09803247621452767
0.7109375,0.3203125,0.09552590351739636
0.71875,0.328125,0.09301350393842975
0.7265625,0.3359375,0.09049543073146374
0.734375,0.34375,0.08797183749542693
0.7421875,0.3515625,0.0854428781650111
0.75,0.359375,0.08290870700131779
0.7578125,0.3671875,0.08036947858248293
0.765625,0.375,0.07782534779427923
0.7734375,0.3828125,0.07527646982069724
0.78125,0.390625,0.07272300013450567
0.7890625,0.3984375,0.07016509448779189
0.796875,0.40625,0.06760290890248302
0.8046875,0.4140625,0.06503659966084938
0.8125,0.421875,0.06246632329598952
0.8203125,0.4296875,0.05989223658229924
0.828125,0.4375,0.057314496525924685
0.8359375,0.4453125,0.054733260355200514
0.84375,0.453125,0.05214868551107388
0.8515625,0.4609375,0.0495609296375154
0.859375,0.46875,0.04697015057191762
0.8671875,0.4765625,0.04437650633548216
0.875,0.484375,0.041780155123595966
0.8828125,0.4921875,0.039181255296197745
0.890625,0.5,0.03657996536813533
0.8984375,0.5078125,0.03397644399951468
0.90625,0.515625,0.03137084998604145
0.9140625,0.5234375,0.028763342249355808
0.921875,0.53125,0.026154079827361155
0.9296875,0.5390625,0.023543221864547863
0.9375,0.546875,0.020930927602312445
0.9453125,0.5546875,0.01831735636927332
0.953125,0.5625,0.015702667571583645
0.9609375,0.5703125,0.013087020683242329
0.96875,0.578125,0.010470575236403995
0.9765625,0.5859375,0.007853490811688743
0.984375,0.59375,0.005235927028492742
0.9921875,0.6015625,0.0026180435353005153
1.0,0.609375,0.0
0.3984375,0.0,0.18965757662559082
0.40625,0.0078125,0.18749309185128854
0.4140625,0.015625,0.1853171690366584
0.421875,0.0234375,0.18312994098229393
0.4296875,0.03125,0.1809315411760324
0.4375,0.0390625,0.1787221037848332
0.4453125,0.046875,0.1765017636466131
0.453125,0.0546875,0.17427065626204072
0.4609375,0.0625,0.17202891778629115
0.46875,0.0703125,0.16977668502075863
0.4765625,0.078125,0.1675140954047312
0.484375,0.0859375,0.16524128700702498
0.4921875,0.09375,0.16295839851758118
0.5,0.1015625,0.16066556923902484
0.5078125,0.109375,0.1583629390781864
0.515625,0.1171875,0.1560506485375883
0.5234375,0.125,0.15372883870689422
0.53125,0.1328125,0.15139765125432544
0.5390625,0.140625,0.1490572284180413
0.546875,0.1484375,0.14670771299748847
0.5546875,0.15625,0.14434924834471613
0.5625,0.1640625,0.1419819783556596
0.5703125,0.171875,0.13960604746139355
0.578125,0.1796875,0.13722160061935354
0.5859375,0.1875,0.13482878330452913
0.59375,0.1953125,0.1324277415006268
0.6015625,0.203125,0.1300186216912043
0.609375,0.2109375,0.12760157085077664
0.6171875,0.21875,0.12517673643589594
0.625,0.2265625,0.1227442663762021
0.6328125,0.234375,0.12030430906544791
0.640625,0.2421875,0.11785701335249722
0.6484375,0.25,0.11540252853229702
0.65625,0.2578125,0.11294100433682341
0.6640625,0.265625,0.11047259092600253
0.671875,0.2734375,0.10799743887860463
0.6796875,0.28125,0.10551569918311404
0.6875,0.2890625,0.10302752322857323
0.6953125,0.296875,0.10053306279540143
0.703125,0.3046875,0.0980324700461891
0.7109375,0.3125,0.0955258975164669
0.71875,0.3203125,0.09301349810545019
0.7265625,0.328125,0.09049542506675959
0.734375,0.3359375,0.08797183199911661
0.7421875,0.34375,0.08544287283701639
0.75,0.3515625,0.08290870184137727
0.7578125,0.359375,0.08036947359016607
0.765625,0.3671875,0.07782534296900345
0.7734375,0.375,0.07527646516174594
0.78125,0.3828125,0.07272299564104764
0.7890625,0.390625,0.07016509015890214
0.796875,0.3984375,0.06760290473716386
0.8046875,0.40625,0.06503659565805234
0.8125,0.4140625,0.06246631945463805
0.8203125,0.421875,0.059892232901310766
0.828125,0.4296875,0.057314493004233365
0.8359375,0.4375,0.054733256991779326
0.84375,0.4453125,0.05214868230495676
0.8515625,0.453125,0.04956092658781867
0.859375,0.4609375,0.04697014767786103
0.8671875,0.46875,0.044376503596409295
0.875,0.4765625,0.04178015253899408
0.8828125,0.484375,0.039181252865716776
0.890625,0.4921875,0.03657996309160636
0.8984375,0.5,0.033976441876967675
0.90625,0.5078125,0.03137084801772218
0.9140625,0.515625,0.028763340435742087
0.921875,0.5234375,0.02615407816917847
0.9296875,0.53125,0.023543220362784077
0.9375,0.5390625,0.020930926258231914
0.9453125,0.546875,0.018317355184430076
0.953125,0.5546875,0.015702666547833796
0.9609375,0.5625,0.01308701982275551
0.96875,0.5703125,0.010470574541673723
0.9765625,0.578125,0.007853490285541647
0.984375,0.5859375,0.005235926674096329
0.9921875,0.59375,0.0026180433561693588
1.0,0.6015625,0.0
0.40625,0.0,0.18749308088508576
0.4140625,0.0078125,0.18531715815547503
0.421875,0.015625,0.18312993018617812
0.4296875,0.0234375,0.1809315304653063
0.4375,0.03125,0.1787220931600871
0.4453125,0.0390625,0.17650175310869906
0.453125,0.046875,0.174270645812064
0.4609375,0.0546875,0.17202890742560062
0.46875,0.0625,0.16977667475093663
0.4765625,0.0703125,0.16751408522758252
0.484375,0.078125,0.16524127692456494
0.4921875,0.0859375,0.16295838853202302
0.5,0.09375,0.16066555935276652
0.5078125,0.1015625,0.15836292929379714
0.515625,0.109375,0.1560506388577934
0.5234375,0.1171875,0.15372882913456068
0.53125,0.125,0.15139764179244553
0.5390625,0.1328125,0.1490572190697167
0.546875,0.140625,0.14670770376591222
0.5546875,0.1484375,0.14434923923315543
0.5625,0.15625,0.1419819693674373
0.5703125,0.1640625,0.1396060385998684
0.578125,0.171875,0.13722159188790087
0.5859375,0.1796875,0.13482877470652047
0.59375,0.1875,0.1324277330394095
0.6015625,0.1953125,0.13001861337008042
0.609375,0.203125,0.1276015626729827
0.6171875,0.2109375,0.1251767284045816
0.625,0.21875,0.1227442584944101
0.6328125,0.2265625,0.12030430133609425
0.640625,0.234375,0.11785700577835218
0.6484375,0.2421875,0.11540252111596742
0.65625,0.25,0.11294099708073632
0.6640625,0.2578125,0.11047258383239
0.671875,0.265625,0.1079974319494911
0.6796875,0.2734375,0.10551569242030549
0.6875,0.28125,0.10302751663364845
0.6953125,0.2890625,0.10053305636970625
0.703125,0.296875,0.09803246379083282
0.7109375,0.3046875,0.09552589143232157
0.71875,0.3125,0.09301349219315273
0.7265625,0.3203125,0.09049541932671634
0.734375,0.328125,0.087971826431511
0.7421875,0.3359375,0.08544286744181862
0.75,0.34375,0.08290869661835665
0.7578125,0.3515625,0.08036946853890588
0.765625,0.359375,0.07782533808891719
0.7734375,0.3671875,0.07527646045209559
0.78125,0.375,0.07272299110096347
0.7890625,0.3828125,0.0701650857874036
0.796875,0.390625,0.06760290053318169
0.8046875,0.3984375,0.06503659162045099
0.8125,0.40625,0.06246631558223849
0.8203125,0.4140625,0.0598922291929143
0.828125,0.421875,0.05731448945864433
0.8359375,0.4296875,0.05473325360782844
0.84375,0.4375,0.0521486790815237
0.8515625,0.4453125,0.04956092352385436
0.859375,0.453125,0.04697014477240948
0.8671875,0.4609375,0.044376500848628354
0.875,0.46875,0.041780149948175804
0.8828125,0.4765625,0.03918125043130708
0.890625,0.484375,0.0365799608132236
0.8984375,0.4921875,0.03397643975442066
0.90625,0.5,0.03137084605102725
0.9140625,0.5078125,0.028763338625139405
0.921875,0.515625,0.026154076515147482
0.9296875,0.5234375,0.023543218866058178
0.9375,0.53125,0.020930924919812233
0.9453125,0.5390625,0.018317354005598405
0.953125,0.546875,0.01570266553016458
0.9609375,0.5546875,0.01308701896812691
0.96875,0.5625,0.010470573852277542
0.9765625,0.5703125,0.00785348976389205
0.984375,0.578125,0.005235926323037247
0.9921875,0.5859375,0.0026180431788802886
1.0,0.59375,0.0
0.4140625,0.0,0.185317147131429
0.421875,0.0078125,0.1831299192476531
0.4296875,0.015625,0.18093151961261955
0.4375,0.0234375,0.17872208239382087
0.4453125,0.03125,0.17650174242969538
0.453125,0.0390625,0.17427063522141836
0.4609375,0.046875,0.17202889692465395
0.46875,0.0546875,0.16977666434126645
0.4765625,0.0625,0.16751407491099296
0.484375,0.0703125,0.16524126670307615
0.4921875,0.078125,0.16295837840785968
0.5,0.0859375,0.1606655493283452
0.5078125,0.09375,0.1583629193717136
0.515625,0.1015625,0.15605062904080869
0.5234375,0.109375,0.15372881942558642
0.53125,0.1171875,0.15139763219452862
0.5390625,0.125,0.1490572095860234
0.546875,0.1328125,0.14670769439971124
0.5546875,0.140625,0.14434922998779987
0.5625,0.1484375,0.14198196024634627
0.5703125,0.15625,0.139606029606508
0.578125,0.1640625,0.1372215830257643
0.5859375,0.171875,0.13482876597910662
0.59375,0.1796875,0.13242772445020287
0.6015625,0.1875,0.13001860492252929
0.609375,0.1953125,0.1276015543704774
0.6171875,0.203125,0.12517672025043253
0.625,0.2109375,0.12274425049182697
0.6328125,0.21875,0.12030429348816418
0.640625,0.2265625,0.11785699808801972
0.6484375,0.234375,0.11540251358601489
0.65625,0.2421875,0.11294098971376593
0.6640625,0.25,0.11047257663080702
0.671875,0.2578125,0.10799742491548918
0.6796875,0.265625,0.1055156855558539
0.6875,0.2734375,0.10302750994048177
0.6953125,0.28125,0.10053304984931655
0.703125,0.2890625,0.09803245744446457
0.7109375,0.296875,0.0955258852609693
0.71875,0.3046875,0.09301348619756171
0.7265625,0.3125,0.09049541350738598
0.734375,0.3203125,0.08797182078870118
0.7421875,0.328125,0.08544286197555903
0.75,0.3359375,0.08290869132845806
0.7578125,0.34375,0.08036946342497486
0.765625,0.3515625,0.07782533315037204
0.7734375,0.359375,0.07527645568818489
0.78125,0.3671875,0.072722986510786
0.7890625,0.375,0.0701650813699295
0.796875,0.3828125,0.06760289628727514
0.8046875,0.390625,0.06503658754489333
0.8125,0.3984375,0.0624663116757521
0.8203125,0.40625,0.05989222545418649
0.828125,0.4140625,0.05731448588635162
0.8359375,0.421875,0.054733250200660374
0.84375,0.4296875,0.05214867583820639
0.8515625,0.4375,0.04956092044317365
0.859375,0.4453125,0.046970141853233234
0.8671875,0.453125,0.04437649808992831
0.875,0.4609375,0.041780147349048426
0.8828125,0.46875,0.039181247990993574
0.890625,0.4765625,0.0365799585311291
0.8984375,0.484375,0.033976437630132535
0.90625,0.4921875,0.031370844084332314
0.9140625,0.5,0.02876333681604046
0.921875,0.5078125,0.026154074863878756
0.9296875,0.515625,0.023543217373099907
0.9375,0.5234375,0.020930923585904357
0.9453125,0.53125,0.018317352831753217
0.953125,0.5390625,0.015702664517678495
0.9609375,0.546875,0.013087018118591098
0.96875,0.5546875,0.01047057316758759
0.9765625,0.5625,0.007853489246256265
0.984375,0.5703125,0.0052359259749837055
0.9921875,0.578125,0.0026180430032623314
1.0,0.5859375,0.0
0.421875,0.0,0.18312990816650837
0.4296875,0.0078125,0.18093150861763035
0.4375,0.015625,0.17872207148556682
0.4453125,0.0234375,0.17650173160901314
0.453125,0.03125,0.1742706244893971
0.4609375,0.0390625,0.17202888628262905
0.46875,0.046875,0.169776653790812
0.4765625,0.0546875,0.1675140644539134
0.484375,0.0625,0.16524125634139658
0.4921875,0.0703125,0.16295836814381537
0.5,0.078125,0.16066553916437062
0.5078125,0.0859375,0.15836290931042965
0.515625,0.09375,0.15605061908501008
0.5234375,0.1015625,0.15372880957822768
0.53125,0.109375,0.15139762245870939
0.5390625,0.1171875,0.14905719996497255
0.546875,0.125,0.14670768489677083
0.5546875,0.1328125,0.1443492206064073
0.5625,0.140625,0.14198195099001587
0.5703125,0.1484375,0.1396060204788122
0.578125,0.15625,0.13722157403031318
0.5859375,0.1640625,0.1348287571195278
0.59375,0.171875,0.13242771573011855
0.6015625,0.1796875,0.13001859634553564
0.609375,0.1875,0.1276015459401214
0.6171875,0.1953125,0.1251767119701897
0.625,0.203125,0.12274424236507815
0.6328125,0.2109375,0.12030428551817358
0.640625,0.21875,0.11785699027791298
0.6484375,0.2265625,0.11540250593875799
0.65625,0.234375,0.11294098223214516
0.6640625,0.2421875,0.11047256931741076
0.671875,0.25,0.10799741777269102
0.6796875,0.2578125,0.10551567858579804
0.6875,0.265625,0.10302750314507061
0.6953125,0.2734375,0.10053304323020115
0.703125,0.28125,0.0980324510030375
0.7109375,0.2890625,0.0955258789983607
0.71875,0.296875,0.09301348011463814
0.7265625,0.3046875,0.09049540760475273
0.734375,0.3125,0.0879718150667073
0.7421875,0.3203125,0.08544285643430546
0.75,0.328125,0.08290868596780862
0.7578125,0.3359375,0.08036945824456984
0.765625,0.34375,0.07782532814964448
0.7734375,0.3515625,0.07527645086637866
0.78125,0.359375,0.07272298186697591
0.7890625,0.3671875,0.07016507690304327
0.796875,0.375,0.06760289199611619
0.8046875,0.3828125,0.06503658342816478
0.8125,0.390625,0.062466307732081304
0.8203125,0.3984375,0.05989222168215
0.828125,0.40625,0.05731448228450014
0.8359375,0.4140625,0.054733246767543695
0.84375,0.421875,0.05214867257239782
0.8515625,0.4296875,0.049560917343294084
0.859375,0.4375,0.046970138917974406
0.8671875,0.4453125,0.04437649531807536
0.875,0.453125,0.04178014473950143
0.8828125,0.4609375,0.0391812455427883
0.890625,0.46875,0.03657995624345671
0.8984375,0.4765625,0.03397643550235822
0.90625,0.484375,0.031370842116012994
0.9140625,0.4921875,0.0287633350069415
0.921875,0.5,0.026154073213989472
0.9296875,0.5078125,0.023543215882648277
0.9375,0.515625,0.020930922255370535
0.9453125,0.5234375,0.018317351661882173
0.953125,0.53125,0.015702663509491486
0.9609375,0.5390625,0.013087017273396152
0.96875,0.546875,0.010470572486988738
0.9765625,0.5546875,0.007853488732161682
0.984375,0.5625,0.005235925629612373
0.9921875,0.5703125,0.0026180428291493127
1.0,0.578125,0.0
0.4296875,0.0,0.18093149748013307
0.4375,0.0078125,0.1787220604349896
0.4453125,0.015625,0.17650172064619202
0.453125,0.0234375,0.17427061361541857
0.4609375,0.03125,0.1720288754988257
0.46875,0.0390625,0.16977664309875637
0.4765625,0.046875,0.167514053855411
0.484375,0.0546875,0.16524124583847766
0.4921875,0.0625,0.16295835773872558
0.5,0.0703125,0.1606655288595609
0.5078125,0.078125,0.15836289910854479
0.515625,0.0859375,0.15605060898887674
0.5234375,0.09375,0.15372879959084115
0.53125,0.1015625,0.1513976125832197
0.5390625,0.109375,0.14905719020466918
0.546875,0.1171875,0.14670767525506684
0.5546875,0.125,0.14434921108682225
0.5625,0.1328125,0.1419819415961579
0.5703125,0.140625,0.13960601121435853
0.578125,0.1484375,0.13722156489899043
0.5859375,0.15625,0.1348287481250909
0.59375,0.1640625,0.13242770687632918
0.6015625,0.171875,0.13001858763613877
0.609375,0.1796875,0.12760153737882318
0.6171875,0.1875,0.12517670356063354
0.625,0.1953125,0.12274423411082087
0.6328125,0.203125,0.12030427742266196
0.640625,0.2109375,0.11785698234446028
0.6484375,0.21875,0.11540249817052144
0.65625,0.2265625,0.11294097463210413
0.6640625,0.234375,0.11047256188834668
0.671875,0.2421875,0.10799741051716827
0.6796875,0.25,0.10551567150614743
0.6875,0.2578125,0.10302749624337507
0.6953125,0.265625,0.10053303650828369
0.703125,0.2734375,0.09803244446245227
0.7109375,0.28125,0.09552587264038716
0.71875,0.2890625,0.09301347394027827
0.7265625,0.296875,0.09049540161473137
0.734375,0.3046875,0.08797180926147596
0.7421875,0.3125,0.08544285081404937
0.75,0.3203125,0.08290868053245679
0.7578125,0.328125,0.08036945299380803
0.765625,0.3359375,0.07782532308293084
0.7734375,0.34375,0.07527644598296207
0.78125,0.3515625,0.07272297716591619
0.7890625,0.359375,0.07016507238323304
0.796875,0.3671875,0.06760288765630461
0.8046875,0.375,0.0650365792669821
0.8125,0.3828125,0.062466303748064285
0.8203125,0.390625,0.05989221787376769
0.828125,0.3984375,0.05731447865017997
0.8359375,0.40625,0.054733243305697316
0.84375,0.4140625,0.0521486692814468
0.8515625,0.421875,0.049560914221694674
0.859375,0.4296875,0.046970135964242
0.8671875,0.4375,0.04437649253080789
0.875,0.4453125,0.04178014211740183
0.8828125,0.453125,0.0391812430846859
0.890625,0.4609375,0.03657995394832766
0.8984375,0.46875,0.03397643336934461
0.90625,0.4765625,0.03137084014444115
0.9140625,0.484375,0.028763333196338763
0.921875,0.4921875,0.026154071564100163
0.9296875,0.5,0.023543214393448402
0.9375,0.5078125,0.020930920927081435
0.9453125,0.515625,0.018317350494982995
0.953125,0.5234375,0.01570266250473064
0.9609375,0.53125,0.013087016431801527
0.96875,0.5390625,0.010470571809876813
0.9765625,0.546875,0.00785348822114533
0.984375,0.5546875,0.005235925286607358
0.9921875,0.5625,0.002618042656379306
1.0,0.5703125,0.0
0.4375,0.0,0.17872204924188764
0.4453125,0.0078125,0.17650170954090227
0.453125,0.015625,0.1742706025990287
0.4609375,0.0234375,0.17202886457266803
0.46875,0.03125,0.16977663226440395
0.4765625,0.0390625,0.1675140431146716
0.484375,0.046875,0.16524123519338693
0.4921875,0.0546875,0.16295834719153937
0.5,0.0625,0.1606655184127455
0.5078125,0.0703125,0.1583628887647675
0.515625,0.078125,0.15605059875099428
0.5234375,0.0859375,0.15372878946188748
0.53125,0.09375,0.15139760256639262
0.5390625,0.1015625,0.14905718030331638
0.546875,0.109375,0.14670766547267008
0.5546875,0.1171875,0.14434920142698104
0.5625,0.125,0.1419819320625715
0.5703125,0.1328125,0.13960600181080757
0.578125,0.140625,0.13722155562931662
0.5859375,0.1484375,0.13482873899317627
0.59375,0.15625,0.13242769788607384
0.6015625,0.1640625,0.1300185787914382
0.609375,0.171875,0.12760152868354413
0.6171875,0.1796875,0.12517669501859016
0.625,0.1875,0.1227442257257498
0.6328125,0.1953125,0.12030426919819755
0.640625,0.203125,0.11785697428410977
0.6484375,0.2109375,0.11540249027764082
0.65625,0.21875,0.1129409669098746
0.6640625,0.2265625,0.11047255433975217
0.671875,0.234375,0.10799740314497511
0.6796875,0.2421875,0.10551566431288509
0.6875,0.25,0.10302748923131957
0.6953125,0.2578125,0.10053302967944361
0.703125,0.265625,0.0980324378185576
0.7109375,0.2734375,0.09552586618288111
0.71875,0.28125,0.09301346767031264
0.7265625,0.2890625,0.09049539553316517
0.734375,0.296875,0.08797180336887764
0.7421875,0.3046875,0.08544284511070238
0.75,0.3125,0.08290867501836859
0.7578125,0.3203125,0.08036944766872235
0.765625,0.328125,0.07782531794634284
0.7734375,0.3359375,0.07527644103413617
0.78125,0.34375,0.07272297240390657
0.7890625,0.3515625,0.07016506780690582
0.796875,0.359375,0.06760288326436192
0.8046875,0.3671875,0.06503657505798742
0.8125,0.375,0.06246629972046869
0.8203125,0.3828125,0.05989221402593666
0.828125,0.390625,0.05731447498042051
0.8359375,0.3984375,0.054733239812284985
0.84375,0.40625,0.052148665962652344
0.8515625,0.4140625,0.04956091107581029
0.859375,0.421875,0.0469701329896066
0.8671875,0.4296875,0.044376489725831615
0.875,0.4375,0.041780139480589444
0.8828125,0.4453125,0.0391812406146592
0.890625,0.453125,0.03657995164384646
0.8984375,0.4609375,0.033976431229326746
0.90625,0.46875,0.03137083816798107
0.9140625,0.4765625,0.028763331382724973
0.921875,0.484375,0.026154069912831365
0.9296875,0.4921875,0.02354321290424852
0.9375,0.5,0.020930919599913285
0.9453125,0.5078125,0.018317349330060916
0.953125,0.515625,0.01570266150253179
0.9609375,0.5234375,0.013087015593076082
0.96875,0.53125,0.010470571135656859
0.9765625,0.5390625,0.007853487712752528
0.984375,0.546875,0.005235924945659236
0.9921875,0.5546875,0.002618042484794117
1.0,0.5625,0.0
0.4453125,0.0,0.1765016982929455
0.453125,0.0078125,0.17427059143990187
0.4609375,0.015625,0.17202885350370642
0.46875,0.0234375,0.1697766212871829
0.4765625,0.03125,0.16751403223100234
0.484375,0.0390625,0.16524122440531114
0.4921875,0.046875,0.16295833650132238
0.5,0.0546875,0.16066550782286865
0.5078125,0.0625,0.15836287827791884
0.515625,0.0703125,0.15605058837005856
0.5234375,0.078125,0.15372877918993497
0.53125,0.0859375,0.15139759240666684
0.5390625,0.09375,0.14905717025922013
0.546875,0.1015625,0.14670765554775111
0.5546875,0.109375,0.14434919162491583
0.5625,0.1171875,0.14198192238714846
0.5703125,0.125,0.1396059922659082
0.578125,0.1328125,0.13722154621889604
0.5859375,0.140625,0.13482872972124207
0.59375,0.1484375,0.13242768875666452
0.6015625,0.15625,0.1300185698085994
0.609375,0.1640625,0.1276015198513047
0.6171875,0.171875,0.12517668634093726
0.625,0.1796875,0.12274421720660313
0.6328125,0.1875,0.12030426084138353
0.640625,0.1953125,0.11785696609333539
0.6484375,0.203125,0.11540248225646785
0.65625,0.2109375,0.11294095906169437
0.6640625,0.21875,0.11047254666776123
0.671875,0.2265625,0.10799739565215229
0.6796875,0.234375,0.1055156570019705
0.6875,0.2421875,0.10302748210479552
0.6953125,0.25,0.10053302273951814
0.703125,0.2578125,0.09803243106715101
0.7109375,0.265625,0.09552585962161556
0.71875,0.2734375,0.09301346130050525
0.7265625,0.28125,0.09049538935582456
0.734375,0.2890625,0.08797179738470444
0.7421875,0.296875,0.08544283932009321
0.75,0.3046875,0.08290866942142387
0.7578125,0.3125,0.08036944226525737
0.765625,0.3203125,0.07782531273590244
0.7734375,0.328125,0.0752764360160122
0.78125,0.3359375,0.07272296757715807
0.7890625,0.34375,0.07016506317038174
0.796875,0.3515625,0.0676028788167254
0.8046875,0.359375,0.06503657079774205
0.8125,0.3671875,0.06246629564598549
0.8203125,0.375,0.059892210135482
0.828125,0.3828125,0.0573144712721843
0.8359375,0.390625,0.054733236284408925
0.84375,0.3984375,0.052148662613257915
0.8515625,0.40625,0.04956090790302609
0.859375,0.4140625,0.046970129991594965
0.8671875,0.421875,0.04437648690081425
0.875,0.4296875,0.041780136826872
0.8828125,0.4375,0.03918123813065448
0.890625,0.4453125,0.03657994932809649
0.8984375,0.453125,0.03397642908052346
0.90625,0.4609375,0.031370836184985616
0.9140625,0.46875,0.028763329564585646
0.921875,0.4765625,0.026154068258800265
0.9296875,0.484375,0.023543211413796818
0.9375,0.4921875,0.02093091827274512
0.9453125,0.5,0.018317348166126138
0.953125,0.5078125,0.015702660502037332
0.9609375,0.515625,0.013087014756496087
0.96875,0.5234375,0.010470570463741512
0.9765625,0.53125,0.00785348720653557
0.984375,0.5390625,0.005235924606464141
0.9921875,0.546875,0.0026180423142388005
1.0,0.5546875,0.0
0.453125,0.0,0.17427058013784227
0.4609375,0.0078125,0.1720288422916185
0.46875,0.015625,0.16977661016664658
0.4765625,0.0234375,0.16751402120383352
0.484375,0.03125,0.1652412134735579
0.4921875,0.0390625,0.16295832566725968
0.5,0.046875,0.16066549708899155
0.5078125,0.0546875,0.15836286764693502
0.515625,0.0625,0.15605057784487888
0.5234375,0.0703125,0.1537287687736638
0.53125,0.078125,0.15139758210259
0.5390625,0.0859375,0.14905716007079314
0.546875,0.09375,0.14670764547858442
0.5546875,0.1015625,0.14434918167876015
0.5625,0.109375,0.14198191256787812
0.5703125,0.1171875,0.13960598257750295
0.578125,0.125,0.13722153666542197
0.5859375,0.1328125,0.13482872030683105
0.59375,0.140625,0.13242767948549167
0.6015625,0.1484375,0.13001856068486042
0.609375,0.15625,0.12760151087919103
0.6171875,0.1640625,0.1251766775246105
0.625,0.171875,0.12274420855016872
0.6328125,0.1796875,0.12030425234886392
0.640625,0.1875,0.11785695776864258
0.6484375,0.1953125,0.11540247410337612
0.65625,0.203125,0.11294095108381313
0.6640625,0.2109375,0.11047253886850894
0.671875,0.21875,0.10799738803473126
0.6796875,0.2265625,0.10551564956934352
0.6875,0.234375,0.10302747485966424
0.6953125,0.2421875,0.10053301568430438
0.703125,0.25,0.09803242420398048
0.7109375,0.2578125,0.09552585295230508
0.71875,0.265625,0.0930134548265533
0.7265625,0.2734375,0.09049538307840584
0.734375,0.28125,0.08797179130466806
0.7421875,0.2890625,0.08544283343796508
0.75,0.296875,0.08290866373741276
0.7578125,0.3046875,0.08036943677926506
0.765625,0.3125,0.07782530744753725
0.7734375,0.3203125,0.07527643092460624
0.78125,0.328125,0.07272296268178702
0.7890625,0.3359375,0.07016505846988763
0.796875,0.34375,0.06760287430974167
0.8046875,0.3515625,0.06503656648271995
0.8125,0.359375,0.06246629152122245
0.8203125,0.3671875,0.059892206199150234
0.828125,0.375,0.05731446752236051
0.8359375,0.3828125,0.0547332327191037
0.84375,0.390625,0.05214865923044511
0.8515625,0.3984375,0.049560904700671524
0.859375,0.40625,0.04697012696768438
0.8671875,0.4140625,0.044376484053380294
0.875,0.421875,0.04178013415401996
0.8828125,0.4296875,0.03918123563058669
0.890625,0.4375,0.03657994699913543
0.8984375,0.4453125,0.03397642692113329
0.90625,0.453125,0.0313708341937923
0.9140625,0.4609375,0.028763327740395594
0.921875,0.46875,0.026154066600617455
0.9296875,0.4765625,0.023543209920838446
0.9375,0.484375,0.02093091694445595
0.9453125,0.4921875,0.018317347002191325
0.953125,0.5,0.01570265950239398
0.9609375,0.5078125,0.013087013921343343
0.96875,0.515625,0.010470569793549413
0.9765625,0.5234375,0.007853486702052503
0.984375,0.53125,0.005235924268722898
0.9921875,0.5390625,0.0026180421445612
1.0,0.546875,0.0
0.4609375,0.0,0.1720288309362106
0.46875,0.0078125,0.16977659890247496
0.4765625,0.015625,0.1675140100327203
0.484375,0.0234375,0.16524120239755824
0.4921875,0.03125,0.16295831468865768
0.5,0.0390625,0.16066548621029553
0.5078125,0.046875,0.15836285687087046
0.515625,0.0546875,0.156050567174381
0.5234375,0.0625,0.15372875821186818
0.53125,0.0703125,0.15139757165282278
0.5390625,0.078125,0.1490571497365587
0.546875,0.0859375,0.146707635263553
0.5546875,0.09375,0.1443491715867531
0.5625,0.1015625,0.14198190260285223
0.5703125,0.109375,0.1396059727435332
0.578125,0.1171875,0.1372215269666827
0.5859375,0.125,0.13482871074757552
0.59375,0.1328125,0.13242767007003042
0.6015625,0.140625,0.1300185514175379
0.609375,0.1484375,0.12760150176436091
0.6171875,0.15625,0.1251766685666097
0.625,0.1640625,0.12274419975329076
0.6328125,0.171875,0.12030424371733031
0.640625,0.1796875,0.117856949306575
0.6484375,0.1875,0.11540246581476728
0.65625,0.1953125,0.11294094297249821
0.6640625,0.203125,0.11047253093813732
0.671875,0.2109375,0.10799738028873926
0.6796875,0.21875,0.10551564201092838
0.6875,0.2265625,0.10302746749176062
0.6953125,0.234375,0.1005330085095621
0.703125,0.2421875,0.09803241722474622
0.7109375,0.25,0.09552584617060651
0.71875,0.2578125,0.0930134482440874
0.7265625,0.265625,0.09049537669653047
0.734375,0.2734375,0.08797178512439821
0.7421875,0.28125,0.0854428274599729
0.75,0.2890625,0.08290865796203233
0.7578125,0.296875,0.08036943120650046
0.765625,0.3046875,0.07782530207707569
0.7734375,0.3125,0.07527642575583393
0.78125,0.3203125,0.07272295771380925
0.7890625,0.328125,0.0701650537015512
0.796875,0.3359375,0.06760286973966013
0.8046875,0.34375,0.06503656210930113
0.8125,0.3515625,0.062466287342697144
0.8203125,0.359375,0.05989220221360255
0.828125,0.3671875,0.05731446372775827
0.8359375,0.375,0.05473322911332959
0.84375,0.3828125,0.052148655811327334
0.8515625,0.390625,0.04956090146601417
0.859375,0.3984375,0.04697012391529672
0.8671875,0.40625,0.044376481181105244
0.875,0.4140625,0.041780131459761255
0.8828125,0.421875,0.03918123311233449
0.890625,0.4296875,0.036579944654990634
0.8984375,0.4375,0.033976424749330096
0.90625,0.4453125,0.03137083219271931
0.9140625,0.453125,0.02876332590861512
0.921875,0.4609375,0.026154064936883374
0.9296875,0.46875,0.02354320842411239
0.9375,0.4765625,0.02093091561392202
0.9453125,0.484375,0.018317345837269166
0.953125,0.4921875,0.0157026585027506
0.9609375,0.5,0.0130870130869033
0.96875,0.5078125,0.010470569124503679
0.9765625,0.515625,0.00785348619886592
0.984375,0.5234375,0.005235923932140184
0.9921875,0.53125,0.0026180419756115137
1.0,0.5390625,0.0
0.46875,0.0,0.16977658749447563
0.4765625,0.0078125,0.16751399871734388
0.484375,0.015625,0.16524119117686764
0.4921875,0.0234375,0.1629583035649464
0.5,0.03125,0.16066547518608384
0.5078125,0.0390625,0.15836284594890052
0.515625,0.046875,0.15605055635761017
0.5234375,0.0546875,0.15372874750346105
0.53125,0.0625,0.15139756105614205
0.5390625,0.0703125,0.14905713925515487
0.546875,0.078125,0.1467076249011522
0.5546875,0.0859375,0.14434916134724377
0.5625,0.09375,0.14198189249026996
0.5703125,0.1015625,0.13960596276204448
0.578125,0.109375,0.1372215171205666
0.5859375,0.1171875,0.134828701041204
0.59375,0.125,0.13242766050784666
0.6015625,0.1328125,0.13001854200403343
0.609375,0.140625,0.12760149250405084
0.6171875,0.1484375,0.1251766594640065
0.625,0.15625,0.12274419081287653
0.6328125,0.1640625,0.12030423494352875
0.640625,0.171875,0.11785694070372119
0.6484375,0.1796875,0.11540245738707783
0.65625,0.1875,0.11294093472404101
0.6640625,0.1953125,0.11047252287280124
0.671875,0.203125,0.1079973724102047
0.6796875,0.2109375,0.10551563432263916
0.6875,0.21875,0.10302745999689715
0.6953125,0.2265625,0.10053300121101723
0.703125,0.234375,0.09803241012510325
0.7109375,0.2421875,0.095525839272121
0.71875,0.25,0.09301344154867211
0.7265625,0.2578125,0.09049537020574475
0.734375,0.265625,0.08797177883944113
0.7421875,0.2734375,0.08544282138168137
0.75,0.28125,0.08290865209088323
0.7578125,0.2890625,0.08036942554261796
0.765625,0.296875,0.0778252966202421
0.7734375,0.3046875,0.07527642050550519
0.78125,0.3125,0.07272295266913428
0.7890625,0.3203125,0.0701650488613942
0.796875,0.328125,0.06760286510262632
0.8046875,0.3359375,0.06503655767376443
0.8125,0.34375,0.06246628310683009
0.8203125,0.3515625,0.05989219817540758
0.828125,0.359375,0.05731445988509955
0.8359375,0.3671875,0.05473322546396558
0.84375,0.375,0.052148652352943116
0.8515625,0.3828125,0.04956089819625325
0.859375,0.390625,0.046970120831792236
0.8671875,0.3984375,0.044376478281509806
0.875,0.40625,0.041780128741775675
0.8828125,0.4140625,0.039181230573734994
0.890625,0.421875,0.03657994229365424
0.8984375,0.4296875,0.0339764225632586
0.90625,0.4375,0.031370830180061295
0.9140625,0.4453125,0.02876332406768627
0.921875,0.453125,0.026154063266185013
0.9296875,0.4609375,0.023543206922348393
0.9375,0.46875,0.02093091428001395
0.9453125,0.4765625,0.018317344670369846
0.953125,0.484375,0.015702657502256058
0.9609375,0.4921875,0.013087012252463224
0.96875,0.5,0.010470568456030378
0.9765625,0.5078125,0.007853485696541786
0.984375,0.515625,0.005235923596423723
0.9921875,0.5234375,0.002618041807241874
1.0,0.53125,0.0
0.4765625,0.0,0.16751398725751276
0.484375,0.0078125,0.1652411798111678
0.4921875,0.015625,0.1629582922956806
0.5,0.0234375,0.16066546401578383
0.5078125,0.03125,0.15836283488032346
0.515625,0.0390625,0.1560505453937334
0.5234375,0.046875,0.15372873664747552
0.53125,0.0546875,0.15139755031144433
0.5390625,0.0625,0.1490571286253377
0.546875,0.0703125,0.14670761438999388
0.5546875,0.078125,0.14434915095869555
0.5625,0.0859375,0.14198188222844238
0.5703125,0.09375,0.13960595263119138
0.578125,0.1015625,0.13722150712506795
0.5859375,0.109375,0.13482869118554652
0.59375,0.1171875,0.13242765079660337
0.6015625,0.125,0.13001853244184028
0.609375,0.1328125,0.12760148309558267
0.6171875,0.140625,0.12517665021395033
0.625,0.1484375,0.12274418172590419
0.6328125,0.15625,0.12030422602426705
0.640625,0.1640625,0.1178569319567219
0.6484375,0.171875,0.11540244881678624
0.65625,0.1796875,0.11294092633476382
0.6640625,0.1875,0.11047251466867487
0.671875,0.1953125,0.1079973643951636
0.6796875,0.203125,0.10551562650038489
0.6875,0.2109375,0.10302745237086926
0.6953125,0.21875,0.10053299378436593
0.703125,0.2265625,0.09803240290066473
0.7109375,0.234375,0.09552583225239591
0.71875,0.2421875,0.0930134347358074
0.7265625,0.25,0.09049536360151994
0.734375,0.2578125,0.0879717724452589
0.7421875,0.265625,0.08544281519856262
0.75,0.2734375,0.08290864611946727
0.7578125,0.28125,0.0803694197831673
0.765625,0.2890625,0.0778252910726522
0.7734375,0.296875,0.07527641516931861
0.78125,0.3046875,0.07272294754355904
0.7890625,0.3125,0.07016504394532623
0.796875,0.3203125,0.06760286039467482
0.8046875,0.328125,0.06503655317228049
0.8125,0.3359375,0.06246627880993718
0.8203125,0.34375,0.05989219408103392
0.828125,0.3515625,0.05731445599101167
0.8359375,0.359375,0.05473322176780207
0.84375,0.3671875,0.052148648852248757
0.8515625,0.375,0.049560894888512744
0.859375,0.3828125,0.046970117714462946
0.8671875,0.390625,0.04437647535205357
0.875,0.3984375,0.041780125997689085
0.8828125,0.40625,0.03918122801257824
0.890625,0.4140625,0.036579939913078126
0.8984375,0.421875,0.03397642036102967
0.90625,0.4296875,0.03137082815408512
0.9140625,0.4375,0.028763322216028876
0.921875,0.4453125,0.026154061587092325
0.9296875,0.453125,0.023543205414263767
0.9375,0.4609375,0.020930912941594042
0.9453125,0.46875,0.018317343500498625
0.953125,0.4765625,0.015702656500057078
0.9609375,0.484375,0.013087011417310394
0.96875,0.4921875,0.010470567787557051
0.9765625,0.5,0.00785348519464831
0.984375,0.5078125,0.005235923261283508
0.9921875,0.515625,0.002618041639305942
1.0,0.5234375,0.0
0.484375,0.0,0.16524116830026736
0.4921875,0.0078125,0.16295828088054135
0.5,0.015625,0.16066545269894833
0.5078125,0.0234375,0.1583628236645624
0.515625,0.03125,0.15605053428204207
0.5234375,0.0390625,0.15372872564306841
0.53125,0.046875,0.15139753941774847
0.5390625,0.0546875,0.1490571178459847
0.546875,0.0625,0.14670760372881003
0.5546875,0.0703125,0.1443491404196908
0.5625,0.078125,0.14198187181579724
0.5703125,0.0859375,0.13960594234924262
0.578125,0.09375,0.13722149697829186
0.5859375,0.1015625,0.13482868117854097
0.59375,0.109375,0.1324276409340667
0.6015625,0.1171875,0.13001852272855
0.609375,0.125,0.12760147353637055
0.6171875,0.1328125,0.12517664081367672
0.625,0.140625,0.12274417248942948
0.6328125,0.1484375,0.1203042169564225
0.640625,0.15625,0.11785692306227802
0.6484375,0.1640625,0.11540244010042061
0.65625,0.171875,0.11294091780102762
0.6640625,0.1796875,0.11047250632195928
0.671875,0.1875,0.10799735623966605
0.6796875,0.1953125,0.10551561854007595
0.6875,0.203125,0.10302744460946038
0.6953125,0.2109375,0.10053298622527947
0.703125,0.21875,0.0980323955470059
0.7109375,0.2265625,0.09552582510692792
0.71875,0.234375,0.09301342780093026
0.7265625,0.2421875,0.09049535687925321
0.734375,0.25,0.087971765937229
0.7421875,0.2578125,0.08544280890599514
0.75,0.265625,0.08290864004318425
0.7578125,0.2734375,0.08036941392358998
0.765625,0.28125,0.07782528542980849
0.7734375,0.2890625,0.075276409742856
0.78125,0.296875,0.0727229423327619
0.7890625,0.3046875,0.07016503894913767
0.796875,0.3125,0.06760285561172219
0.8046875,0.3203125,0.06503654860090416
0.8125,0.328125,0.06246627444822191
0.8203125,0.3359375,0.05989218992684247
0.828125,0.34375,0.057314452042019515
0.8359375,0.3515625,0.05473321802153311
0.84375,0.359375,0.05214864530611103
0.8515625,0.3671875,0.04956089153983408
0.859375,0.375,0.046970114560525744
0.8671875,0.3828125,0.044376472390128485
0.875,0.390625,0.04178012322506717
0.8828125,0.3984375,0.03918122542660158
0.890625,0.40625,0.03657993751116856
0.8984375,0.4140625,0.03397641814071539
0.90625,0.421875,0.0313708261130254
0.9140625,0.4296875,0.028763320352036586
0.921875,0.4375,0.026154059898154506
0.9296875,0.4453125,0.023543203898560086
0.9375,0.453125,0.020930911597513247
0.9453125,0.4609375,0.018317342326653212
0.953125,0.46875,0.015702655495296036
0.9609375,0.4765625,0.013087010580730269
0.96875,0.484375,0.010470567118511244
0.9765625,0.4921875,0.007853484692754813
0.984375,0.5,0.0052359229264310365
0.9921875,0.5078125,0.002618041471658519
1.0,0.515625,0.0
0.4921875,0.0,0.1629582693193371
0.5,0.0078125,0.16066544123525708
0.5078125,0.015625,0.15836281230116706
0.515625,0.0234375,0.15605052302195366
0.5234375,0.03125,0.1537287144895222
0.53125,0.0390625,0.15139752837419873
0.5390625,0.046875,0.1490571069160978
0.546875,0.0546875,0.1467075929164561
0.5546875,0.0625,0.1443491297289338
0.5625,0.0703125,0.14198186125088302
0.5703125,0.078125,0.13960593191458578
0.578125,0.0859375,0.13722148667846015
0.5859375,0.09375,0.1348286710182378
0.59375,0.1015625,0.13242763091811216
0.6015625,0.109375,0.13001851286185867
0.609375,0.1171875,0.12760146382392804
0.6171875,0.125,0.12517663126051373
0.625,0.1328125,0.12274416310059401
0.6328125,0.140625,0.12030420773694962
0.640625,0.1484375,0.11785691401715831
0.6484375,0.15625,0.11540243123456666
0.65625,0.1640625,0.11294090911923979
0.6640625,0.171875,0.11047249782888999
0.671875,0.1796875,0.10799734793978416
0.6796875,0.1875,0.10551561043763122
0.6875,0.1953125,0.1030274367084488
0.6953125,0.203125,0.10053297852940979
0.703125,0.2109375,0.09803238805966856
0.7109375,0.21875,0.09552581783116675
0.71875,0.2265625,0.09301342073941754
0.7265625,0.234375,0.09049535003426887
0.734375,0.2421875,0.08797175931064459
0.7421875,0.25,0.08544280249926263
0.75,0.2578125,0.0829086338573304
0.7578125,0.265625,0.08036940795921609
0.765625,0.2734375,0.07782527968709599
0.7734375,0.28125,0.07527640422157732
0.78125,0.2890625,0.07272293703229651
0.7890625,0.296875,0.07016503386849315
0.796875,0.3046875,0.06760285074955946
0.8046875,0.3125,0.06503654395556656
0.8125,0.3203125,0.062466270017767375
0.8203125,0.328125,0.059892185709077915
0.828125,0.3359375,0.05731444803453732
0.8359375,0.34375,0.054733214221748275
0.84375,0.3515625,0.05214864171129907
0.8515625,0.359375,0.049560888147168546
0.859375,0.3671875,0.04697011136711508
0.8671875,0.375,0.04437646939305187
0.875,0.3828125,0.04178012042140894
0.8828125,0.390625,0.039181222813483504
0.890625,0.3984375,0.03657993508578057
0.8984375,0.40625,0.03397641590034397
0.90625,0.4140625,0.03137082405507972
0.9140625,0.421875,0.028763318474072524
0.921875,0.4296875,0.026154058197896273
0.9296875,0.4375,0.0235432023739198
0.9375,0.4453125,0.020930910246608214
0.9453125,0.453125,0.018317341147821256
0.953125,0.4609375,0.015702654487108798
0.9609375,0.46875,0.013087009742004642
0.96875,0.4765625,0.01047056644831903
0.9765625,0.484375,0.007853484190430615
0.984375,0.4921875,0.005235922591578552
0.9921875,0.5,0.0026180413041551583
1.0,0.5078125,0.0
0.5,0.0,0.16066542962451744
0.5078125,0.0078125,0.15836280078981488
0.515625,0.015625,0.1560505116130133
0.5234375,0.0234375,0.1537287031862471
0.53125,0.03125,0.15139751718006683
0.5390625,0.0390625,0.1490570958348063
0.546875,0.046875,0.14670758195191444
0.5546875,0.0546875,0.14434911888525495
0.5625,0.0625,0.14198185053237314
0.5703125,0.0703125,0.13960592132573188
0.578125,0.078125,0.13722147622391576
0.5859375,0.0859375,0.13482866070280708
0.59375,0.09375,0.13242762074673087
0.6015625,0.1015625,0.13001850283957384
0.609375,0.109375,0.1276014539558749
0.6171875,0.1171875,0.12517662155189013
0.625,0.125,0.12274415355663275
0.6328125,0.1328125,0.12030419836288848
0.640625,0.140625,0.11785690481820799
0.6484375,0.1484375,0.11540242221587671
0.65625,0.15625,0.11294090028586297
0.6640625,0.1640625,0.11047248918574548
0.671875,0.171875,0.10799733949161983
0.6796875,0.1796875,0.10551560218898583
0.6875,0.1875,0.10302742866361454
0.6953125,0.1953125,0.10053297069239597
0.703125,0.203125,0.09803238043416694
0.7109375,0.2109375,0.09552581042051962
0.71875,0.21875,0.09301341354658915
0.7265625,0.2265625,0.09049534306182071
0.734375,0.234375,0.08797175256071542
0.7421875,0.2421875,0.08544279597355364
0.75,0.25,0.08290862755709619
0.7578125,0.2578125,0.0803694018852613
0.765625,0.265625,0.07782527383977808
0.7734375,0.2734375,0.07527639860081534
0.78125,0.28125,0.07272293163758564
0.7890625,0.2890625,0.07016502869892442
0.796875,0.296875,0.06760284580384464
0.8046875,0.3046875,0.06503653923206726
0.8125,0.3125,0.062466265514527775
0.8203125,0.3203125,0.05989218142386032
0.828125,0.328125,0.05731444396485987
0.8359375,0.3359375,0.054733210364924116
0.84375,0.34375,0.052148638064476074
0.8515625,0.3515625,0.049560884707369
0.859375,0.359375,0.04697010813127506
0.8671875,0.3671875,0.04437646635805918
0.875,0.375,0.04178011758413977
0.8828125,0.3828125,0.03918122017083716
0.890625,0.390625,0.03657993263471201
0.8984375,0.3984375,0.033976413637894214
0.90625,0.40625,0.03137082197840376
0.9140625,0.4140625,0.02876331658046483
0.921875,0.421875,0.02615405648481384
0.9296875,0.4296875,0.023543200839002767
0.9375,0.4375,0.020930908887698278
0.9453125,0.4453125,0.018317339962977675
0.953125,0.453125,0.01570265347462242
0.9609375,0.4609375,0.013087008900409798
0.96875,0.46875,0.010470565776403519
0.9765625,0.4765625,0.007853483687243938
0.984375,0.484375,0.005235922256438291
0.9921875,0.4921875,0.0026180411366517903
1.0,0.5,0.0
0.5078125,0.0,0.15836278913031154
0.515625,0.0078125,0.15605050005489532
0.5234375,0.015625,0.1537286917327826
0.53125,0.0234375,0.1513975058347541
0.5390625,0.03125,0.1490570846013692
0.546875,0.0390625,0.14670757083429709
0.5546875,0.046875,0.1443491078876142
0.5625,0.0546875,0.1419818396590698
0.5703125,0.0625,0.13960591058131946
0.578125,0.0703125,0.13722146561312792
0.5859375,0.078125,0.1348286502305422
0.59375,0.0859375,0.13242761041803508
0.6015625,0.09375,0.13001849265962093
0.609375,0.1015625,0.12760144392994424
0.6171875,0.109375,0.12517661168534247
0.625,0.1171875,0.12274414385488215
0.6328125,0.125,0.12030418883137306
0.640625,0.1328125,0.11785689546235747
0.6484375,0.140625,0.11540241304107808
0.65625,0.1484375,0.11294089129742395
0.6640625,0.15625,0.11047248038885622
0.671875,0.1640625,0.10799733089131383
0.6796875,0.171875,0.1055155937900995
0.6875,0.1796875,0.10302742047074755
0.6953125,0.1875,0.10053296270987151
0.703125,0.1953125,0.09803237266599393
0.7109375,0.203125,0.09552580287035681
0.71875,0.2109375,0.09301340621771267
0.7265625,0.21875,0.09049533595709511
0.734375,0.2265625,0.08797174568256956
0.7421875,0.234375,0.085442789323962
0.75,0.2421875,0.08290862113756566
0.7578125,0.25,0.08036939569682447
0.765625,0.2578125,0.07782526788299282
0.7734375,0.265625,0.07527639287577094
0.78125,0.2734375,0.07272292614391519
0.7890625,0.28125,0.07016502343582341
0.796875,0.2890625,0.06760284077009485
0.8046875,0.296875,0.0650365344260656
0.8125,0.3046875,0.06246626093431963
0.8203125,0.3125,0.05989217706717589
0.828125,0.3203125,0.05731443982915344
0.8359375,0.328125,0.05473320644741491
0.84375,0.3359375,0.052148634362190124
0.8515625,0.34375,0.049560881217181316
0.859375,0.3515625,0.04697010484995121
0.8671875,0.359375,0.04437646328229589
0.875,0.3671875,0.041780114710604055
0.8828125,0.375,0.039181217496203506
0.890625,0.3828125,0.036579930155697216
0.8984375,0.390625,0.03397641135128984
0.90625,0.3984375,0.03137081988110609
0.9140625,0.40625,0.028763314669502067
0.921875,0.4140625,0.026154054757370725
0.9296875,0.421875,0.02354319929244256
0.9375,0.4296875,0.02093090751958219
0.9453125,0.4375,0.018317338771081923
0.953125,0.4453125,0.01570265245695288
0.9609375,0.453125,0.013087008055214566
0.96875,0.4609375,0.010470565102183357
0.9765625,0.46875,0.007853483182760735
0.984375,0.4765625,0.005235921920721758
0.9921875,0.484375,0.002618040969004342
1.0,0.4921875,0.0
0.515625,0.0,0.1560504883474038
0.5234375,0.0078125,0.15372868012879887
0.53125,0.015625,0.15139749433779304
0.5390625,0.0234375,0.14905707321517725
0.546875,0.03125,0.14670755956284812
0.5546875,0.0390625,0.14434909673510382
0.5625,0.046875,0.14198182862990738
0.5703125,0.0546875,0.13960589968011913
0.578125,0.0625,0.13722145484469667
0.5859375,0.0703125,0.13482863959986638
0.59375,0.078125,0.13242759993026418
0.6015625,0.0859375,0.13001848232004928
0.609375,0.09375,0.12760143374398977
0.6171875,0.1015625,0.1251766016585228
0.625,0.109375,0.1227441339927882
0.6328125,0.1171875,0.12030417913963973
0.640625,0.125,0.11785688594663134
0.6484375,0.1328125,0.11540240370698283
0.65625,0.140625,0.11294088215052318
0.6640625,0.1484375,0.11047247143461433
0.671875,0.15625,0.10799732213505506
0.6796875,0.1640625,0.10551558523696593
0.6875,0.171875,0.10302741212565633
0.6953125,0.1796875,0.10053295457747258
0.703125,0.1875,0.09803236475062853
0.7109375,0.1953125,0.09552579517601796
0.71875,0.203125,0.09301339874800815
0.7265625,0.2109375,0.09049532871521465
0.734375,0.21875,0.0879717386712559
0.7421875,0.2265625,0.08544278254548772
0.75,0.234375,0.08290861459371579
0.7578125,0.2421875,0.08036938938888567
0.765625,0.25,0.07782526181174948
0.7734375,0.2578125,0.07527638704150803
0.78125,0.265625,0.07272292054642832
0.7890625,0.2734375,0.07016501807443534
0.796875,0.28125,0.06760283564367849
0.8046875,0.2890625,0.06503652953307233
0.8125,0.296875,0.06246625627281264
0.8203125,0.3046875,0.05989217263486764
0.828125,0.3125,0.05731443562344606
0.8359375,0.3203125,0.05473320246544303
0.84375,0.328125,0.05214863060086489
0.8515625,0.3359375,0.04956087767323498
0.859375,0.34375,0.04697010151998145
0.8671875,0.3515625,0.04437646016280913
0.875,0.359375,0.041780111798057254
0.8828125,0.3671875,0.039181214787044
0.890625,0.375,0.0365799276464002
0.8984375,0.3828125,0.033976409038393225
0.90625,0.390625,0.0313708177612425
0.9140625,0.3984375,0.02876331273942813
0.921875,0.40625,0.026154053013993383
0.9296875,0.4140625,0.02354319773284257
0.9375,0.421875,0.020930906141034822
0.9453125,0.4296875,0.018317337571075072
0.953125,0.4375,0.015702651433202656
0.9609375,0.4453125,0.01308700720567844
0.96875,0.453125,0.010470564425071181
0.9765625,0.4609375,0.007853482676543604
0.984375,0.46875,0.005235921584138942
0.9921875,0.4765625,0.0026180408010683704
1.0,0.484375,0.0
0.5234375,0.0,0.15372866837409765
0.53125,0.0078125,0.1513974826888488
0.5390625,0.015625,0.14905706167575472
0.546875,0.0234375,0.14670754813694611
0.5546875,0.03125,0.14434908542695082
0.5625,0.0390625,0.14198181744395572
0.5703125,0.046875,0.1396058886210367
0.578125,0.0546875,0.1372214439173571
0.5859375,0.0625,0.1348286288093366
0.59375,0.0703125,0.1324275892817902
0.6015625,0.078125,0.13001847181903858
0.609375,0.0859375,0.12760142339599181
0.6171875,0.09375,0.12517659146920593
0.625,0.1015625,0.12274412396791451
0.6328125,0.109375,0.12030416928503593
0.640625,0.1171875,0.11785687626815741
0.6484375,0.125,0.11540239421049699
0.65625,0.1328125,0.11294087284184484
0.6640625,0.140625,0.1104724623194837
0.671875,0.1484375,0.10799731321909112
0.6796875,0.15625,0.10551557652562271
0.6875,0.1640625,0.1030274036241777
0.6953125,0.171875,0.10053294629084707
0.703125,0.1796875,0.09803235668354428
0.7109375,0.1875,0.0955257873328194
0.71875,0.1953125,0.09301339113265479
0.7265625,0.203125,0.09049532133124347
0.734375,0.2109375,0.08797173152174771
0.7421875,0.21875,0.0854427756330391
0.75,0.2265625,0.0829086079204169
0.7578125,0.234375,0.08036938295630504
0.765625,0.2421875,0.07782525562092579
0.7734375,0.25,0.07527638109294951
0.78125,0.2578125,0.07272291484011953
0.7890625,0.265625,0.0701650126098517
0.796875,0.2734375,0.06760283041980729
0.8046875,0.28125,0.06503652454844058
0.8125,0.2890625,0.06246625152552018
0.8203125,0.296875,0.059892168122625294
0.828125,0.3046875,0.057314431343617356
0.8359375,0.3125,0.0547331984150887
0.84375,0.3203125,0.052148626776789345
0.8515625,0.328125,0.04956087407203336
0.859375,0.3359375,0.04697009813808683
0.8671875,0.34375,0.04437645699653878
0.875,0.3515625,0.0417801088436574
0.8828125,0.359375,0.039181212040732695
0.890625,0.3671875,0.03657992510440754
0.8984375,0.375,0.033976406696998855
0.90625,0.3828125,0.031370815616810155
0.9140625,0.390625,0.02876331078843701
0.921875,0.3984375,0.02615405125306651
0.9296875,0.40625,0.02354319615877193
0.9375,0.4140625,0.020930904750803614
0.9453125,0.421875,0.018317336361876903
0.953125,0.4296875,0.01570265040245823
0.9609375,0.4375,0.013087006351049493
0.96875,0.4453125,0.010470563744472042
0.9765625,0.453125,0.00785348216815059
0.984375,0.4609375,0.005235921246397573
0.9921875,0.46875,0.002618040632698674
1.0,0.4765625,0.0
0.53125,0.0,0.15139747088772018
0.5390625,0.0078125,0.1490570499827609
0.546875,0.015625,0.14670753655610577
0.5546875,0.0234375,0.14434907396251992
0.5625,0.03125,0.14198180610042285
0.5703125,0.0390625,0.13960587740311692
0.578125,0.046875,0.13722143282998328
0.5859375,0.0546875,0.13482861785764896
0.59375,0.0625,0.13242757847112296
0.6015625,0.0703125,0.13001846115490476
0.609375,0.078125,0.1276014128840645
0.6171875,0.0859375,0.1251765811152971
0.625,0.09375,0.12274411377795025
0.6328125,0.1015625,0.120304159265029
0.640625,0.109375,0.11785686642417606
0.6484375,0.1171875,0.11540238454863072
0.65625,0.125,0.11294086336816683
0.6640625,0.1328125,0.11047245304001031
0.671875,0.140625,0.1079973041397388
0.6796875,0.1484375,0.10551556765216231
0.6875,0.15625,0.10302739496218755
0.6953125,0.1640625,0.10053293784566478
0.703125,0.171875,0.09803234846021865
0.7109375,0.1796875,0.09552577933606295
0.71875,0.1875,0.09301338336679829
0.7265625,0.1953125,0.09049531380019314
0.734375,0.203125,0.08797172422894721
0.7421875,0.2109375,0.08544276858143561
0.75,0.21875,0.08290860111243399
0.7578125,0.2265625,0.08036937639382224
0.765625,0.234375,0.07782524930526583
0.7734375,0.2421875,0.07527637502487322
0.78125,0.25,0.07272290901982952
0.7890625,0.2578125,0.0701650070370033
0.796875,0.265625,0.06760282509352813
0.8046875,0.2734375,0.06503651946735686
0.8125,0.28125,0.062466246687789474
0.8203125,0.2890625,0.059892163525975047
0.828125,0.296875,0.0573144269853878
0.8359375,0.3046875,0.05473319429227921
0.84375,0.3125,0.05214862288610706
0.8515625,0.3203125,0.04956087040994307
0.859375,0.328125,0.046970094700861116
0.8671875,0.3359375,0.04437645378030761
0.875,0.34375,0.041780105844456045
0.8828125,0.3515625,0.039181209254547766
0.890625,0.359375,0.03657992252722048
0.8984375,0.3671875,0.033976404324826265
0.90625,0.375,0.031370813445741184
0.9140625,0.3828125,0.02876330881466712
0.921875,0.390625,0.026154049472928053
0.9296875,0.3984375,0.023543194568761205
0.9375,0.40625,0.02093090334760479
0.9453125,0.4140625,0.01831733514238269
0.953125,0.421875,0.01570264936378749
0.9609375,0.4296875,0.013087005490562255
0.96875,0.4375,0.010470563059781756
0.9765625,0.4453125,0.007853481657133994
0.984375,0.453125,0.005235920907202322
0.9921875,0.4609375,0.0026180404637489176
1.0,0.46875,0.0
0.5390625,0.0,0.14905703813599092
0.546875,0.0078125,0.14670752481997945
0.5546875,0.015625,0.1443490623413147
0.5625,0.0234375,0.1419817945986574
0.5703125,0.03125,0.13960586602554617
0.578125,0.0390625,0.13722142158159184
0.5859375,0.046875,0.13482860674364203
0.59375,0.0546875,0.13242756749691495
0.6015625,0.0625,0.13001845032610546
0.609375,0.0703125,0.12760140220646218
0.6171875,0.078125,0.1251765705948386
0.625,0.0859375,0.12274410342071813
0.6328125,0.09375,0.12030414907721462
0.640625,0.1015625,0.11785685641204978
0.6484375,0.109375,0.11540237471850831
0.65625,0.1171875,0.11294085372637187
0.6640625,0.125,0.1104724435928339
0.671875,0.1328125,0.10799729489339542
0.6796875,0.140625,0.10551555861274323
0.6875,0.1484375,0.10302738613561174
0.6953125,0.15625,0.10053292923762837
0.703125,0.1640625,0.0980323400761435
0.7109375,0.171875,0.09552577118104541
0.71875,0.1796875,0.0930133754455591
0.7265625,0.1875,0.09049530611703019
0.734375,0.1953125,0.08797171678769145
0.7421875,0.203125,0.08544276138541214
0.75,0.2109375,0.08290859416442901
0.7578125,0.21875,0.08036936969605706
0.765625,0.2265625,0.07782524285937846
0.7734375,0.234375,0.07527636883190904
0.78125,0.2421875,0.07272290308023995
0.7890625,0.25,0.07016500135065394
0.796875,0.2578125,0.06760281965971522
0.8046875,0.265625,0.06503651428483188
0.8125,0.2734375,0.062466241754791374
0.8203125,0.28125,0.05989215884026858
0.828125,0.2890625,0.057314422544307485
0.8359375,0.296875,0.05473319009277733
0.84375,0.3046875,0.05214861892480466
0.8515625,0.3125,0.04956086668318269
0.859375,0.3203125,0.04697009120476009
0.8671875,0.328125,0.044376450510811065
0.875,0.3359375,0.041780102797388446
0.8828125,0.34375,0.0391812064256625
0.890625,0.3515625,0.036579919912246656
0.8984375,0.359375,0.03397640191951253
0.90625,0.3671875,0.03137081124589592
0.9140625,0.375,0.028763306816195246
0.921875,0.3828125,0.02615404767186387
0.9296875,0.390625,0.02354319296129776
0.9375,0.3984375,0.02093090193011955
0.9453125,0.40625,0.018317333911459857
0.953125,0.4140625,0.015702648316236956
0.9609375,0.421875,0.01308700462343556
0.96875,0.4296875,0.010470562370385204
0.9765625,0.4375,0.007853481143039126
0.984375,0.4453125,0.005235920566254017
0.9921875,0.453125,0.002618040294071232
1.0,0.4609375,0.0
0.546875,0.0,0.14670751292835812
0.5546875,0.0078125,0.14434905056297964
0.5625,0.015625,0.1419817829381506
0.5703125,0.0234375,0.13960585448765528
0.578125,0.03125,0.13722141017134518
0.5859375,0.0390625,0.13482859546630135
0.59375,0.046875,0.13242755635796588
0.6015625,0.0546875,0.13001843933124538
0.609375,0.0625,0.12760139136158513
0.6171875,0.0703125,0.12517655990601723
0.625,0.078125,0.12274409289418202
0.6328125,0.0859375,0.12030413871932549
0.640625,0.09375,0.11785684622927242
0.6484375,0.1015625,0.115402364717378
0.65625,0.109375,0.11294084391345785
0.6640625,0.1171875,0.1104724339746987
0.671875,0.125,0.10799728547655074
0.6796875,0.1328125,0.10551554940360236
0.6875,0.140625,0.10302737714043875
0.6953125,0.1484375,0.1005329204624855
0.703125,0.15625,0.0980323315268367
0.7109375,0.1640625,0.09552576286306937
0.71875,0.171875,0.0930133673640428
0.7265625,0.1796875,0.0904952982766844
0.734375,0.1875,0.08797170919275933
0.7421875,0.1953125,0.08544275403962436
0.75,0.203125,0.08290858707096442
0.7578125,0.2109375,0.08036936285751055
0.765625,0.21875,0.07782523627773688
0.7734375,0.2265625,0.07527636250853578
0.78125,0.234375,0.07272289701586904
0.7890625,0.2421875,0.07016499554539385
0.796875,0.25,0.06760281411306192
0.8046875,0.2578125,0.06503650899569131
0.8125,0.265625,0.062466236721510006
0.8203125,0.2734375,0.05989215406067184
0.828125,0.28125,0.05731441801574414
0.8359375,0.2890625,0.054733185812169155
0.84375,0.296875,0.05214861488869963
0.8515625,0.3046875,0.0495608628878107
0.859375,0.3125,0.04697008764608965
0.8671875,0.3203125,0.04437644718460592
0.875,0.328125,0.041780099699262996
0.8828125,0.3359375,0.03918120355113528
0.890625,0.34375,0.036579917256790946
0.8984375,0.3515625,0.03397639947860383
0.90625,0.359375,0.03137080901505544
0.9140625,0.3671875,0.028763304791029915
0.921875,0.375,0.02615404584810197
0.9296875,0.3828125,0.02354319133482071
0.9375,0.390625,0.020930900496989674
0.9453125,0.3984375,0.018317332667944483
0.953125,0.40625,0.015702647258828875
0.9609375,0.4140625,0.013087003748870157
0.96875,0.421875,0.01047056167565452
0.9765625,0.4296875,0.007853480625403027
0.984375,0.4375,0.005235920223248791
0.9921875,0.4453125,0.0026180401235158138
1.0,0.453125,0.0
0.5546875,0.0,0.14434903862730103
0.5625,0.0078125,0.14198177111853802
0.5703125,0.015625,0.13960584278892146
0.578125,0.0234375,0.13722139859855412
0.5859375,0.03125,0.1348285840247625
0.59375,0.0390625,0.13242754505322682
0.6015625,0.046875,0.13001842816908113
0.609375,0.0546875,0.12760138034798552
0.6171875,0.0625,0.1251765490471703
0.625,0.0703125,0.12274408219645459
0.6328125,0.078125,0.12030412818923965
0.640625,0.0859375,0.1178568358734784
0.6484375,0.09375,0.11540235454262267
0.65625,0.1015625,0.11294083392654916
0.6640625,0.109375,0.11047242418246571
0.671875,0.1171875,0.1079972758857994
0.6796875,0.125,0.10551554002106754
0.6875,0.1328125,0.1030273679727324
0.6953125,0.140625,0.10053291151604175
0.703125,0.1484375,0.09803232280785489
0.7109375,0.15625,0.09552575437745545
0.71875,0.1640625,0.09301335911735095
0.7265625,0.171875,0.09049529027405909
0.734375,0.1796875,0.08797170143888032
0.7421875,0.1875,0.08544274653865552
0.75,0.1953125,0.08290857982650804
0.7578125,0.203125,0.08036935587256831
0.765625,0.2109375,0.07782522955467913
0.7734375,0.21875,0.07527635604907991
0.78125,0.2265625,0.07272289082106778
0.7890625,0.234375,0.07016498961563397
0.796875,0.2421875,0.0676028084480733
0.8046875,0.25,0.06503650359456625
0.8125,0.2578125,0.06246623158273213
0.8203125,0.265625,0.05989214918215335
0.828125,0.2734375,0.05731441339487083
0.8359375,0.28125,0.05473318144585121
0.84375,0.2890625,0.05214861077342726
0.8515625,0.296875,0.04956085901971257
0.859375,0.3046875,0.046970084020993313
0.8671875,0.3125,0.044376443798098214
0.875,0.3203125,0.04178009654674983
0.8828125,0.328125,0.03918120062789913
0.890625,0.3359375,0.03657991455804584
0.8984375,0.34375,0.03397639699954665
0.90625,0.3515625,0.03137080675091364
0.9140625,0.359375,0.028763302737104448
0.921875,0.3671875,0.0261540439998064
0.9296875,0.375,0.023543189687715665
0.9375,0.3828125,0.020930899046813032
0.9453125,0.390625,0.01831733141063743
0.953125,0.3984375,0.015702646190558087
0.9609375,0.40625,0.013087002866046261
0.96875,0.4140625,0.010470560974947212
0.9765625,0.421875,0.007853480103753082
0.984375,0.4296875,0.005235919877877224
0.9921875,0.4375,0.0026180399519305088
1.0,0.4453125,0.0
0.5625,0.0,0.14198175913960032
0.5703125,0.0078125,0.13960583092897025
0.578125,0.015625,0.13722138686268026
0.5859375,0.0234375,0.13482857241831428
0.59375,0.03125,0.13242753358180362
0.6015625,0.0390625,0.13001841683852577
0.609375,0.046875,0.1276013691643725
0.6171875,0.0546875,0.1251765380167922
0.625,0.0625,0.12274407132580423
0.6328125,0.0703125,0.12030411748498862
0.640625,0.078125,0.11785682534245195
0.6484375,0.0859375,0.11540234419176955
0.65625,0.09375,0.11294082376290758
0.6640625,0.1015625,0.11047241421312431
0.671875,0.109375,0.1079972661178536
0.6796875,0.1171875,0.10551553046157128
0.6875,0.125,0.10302735862864576
0.6953125,0.1328125,0.10053290239417449
0.703125,0.140625,0.09803231391480707
0.7109375,0.1484375,0.09552574571955576
0.71875,0.15625,0.09301335070059398
0.7265625,0.1640625,0.09049528210404255
0.734375,0.171875,0.08797169352074434
0.7421875,0.1796875,0.08544273887702482
0.75,0.1875,0.08290857242543939
0.7578125,0.1953125,0.08036934873550426
0.765625,0.203125,0.07782522268440994
0.7734375,0.2109375,0.0752763494477149
0.78125,0.21875,0.07272288449001689
0.7890625,0.2265625,0.07016498355560061
0.796875,0.234375,0.0676028026590586
0.8046875,0.2421875,0.06503649807588426
0.8125,0.25,0.06246622633303619
0.8203125,0.2578125,0.05989214419947206
0.828125,0.265625,0.05731440867665277
0.8359375,0.2734375,0.05473317698901692
0.84375,0.28125,0.052148606574426715
0.8515625,0.2890625,0.049560855074586886
0.859375,0.296875,0.04697008032543863
0.8671875,0.3046875,0.044376440347530334
0.875,0.3125,0.041780093336368444
0.8828125,0.3203125,0.039181197652750084
0.890625,0.328125,0.03657991181308063
0.8984375,0.3359375,0.03397639447967836
0.90625,0.34375,0.03137080445106852
0.9140625,0.3515625,0.02876330065226919
0.921875,0.359375,0.02615404212507045
0.9296875,0.3671875,0.02354318801830891
0.9375,0.375,0.020930897578138662
0.9453125,0.3828125,0.018317330138300288
0.953125,0.390625,0.015702645110388703
0.9609375,0.3984375,0.013087001974120892
0.96875,0.40625,0.010470560267604153
0.9765625,0.4140625,0.007853479577605604
0.984375,0.421875,0.005235919529823421
0.9921875,0.4296875,0.0026180397791603725
1.0,0.4375,0.0
0.5703125,0.0,0.13960581890757617
0.578125,0.0078125,0.13722137496333778
0.5859375,0.015625,0.13482856064640075
0.59375,0.0234375,0.1324275219429606
0.6015625,0.03125,0.13001840533865247
0.609375,0.0390625,0.1276013578096172
0.6171875,0.046875,0.12517652681354
0.625,0.0546875,0.12274406028066187
0.6328125,0.0625,0.12030410660476538
0.640625,0.0703125,0.11785681463413594
0.6484375,0.078125,0.11540233366250034
0.65625,0.0859375,0.11294081341994339
0.6640625,0.09375,0.11047240406380451
0.671875,0.1015625,0.10799725616955594
0.6796875,0.109375,0.10551552072166415
0.6875,0.1171875,0.10302734910443542
0.6953125,0.125,0.10053289309284769
0.703125,0.1328125,0.09803230484336965
0.7109375,0.140625,0.09552573688476829
0.71875,0.1484375,0.09301334210890494
0.7265625,0.15625,0.09049527376152115
0.734375,0.1640625,0.08797168543301352
0.7421875,0.171875,0.0854427310491974
0.75,0.1796875,0.0829085648620577
0.7578125,0.1875,0.08036934144048648
0.765625,0.1953125,0.077825215661004
0.7734375,0.203125,0.07527634269846176
0.78125,0.2109375,0.07272287801672486
0.7890625,0.21875,0.07016497735933111
0.796875,0.2265625,0.06760279674012434
0.8046875,0.234375,0.06503649243386007
0.8125,0.2421875,0.06246622096678155
0.8203125,0.25,0.05989213910716502
0.828125,0.2578125,0.05731440385583398
0.8359375,0.265625,0.0547331724366422
0.84375,0.2734375,0.052148602286926464
0.8515625,0.28125,0.04956085104793065
0.859375,0.2890625,0.04697007655520263
0.8671875,0.296875,0.04437643682896674
0.875,0.3046875,0.0417800900644743
0.8828125,0.3125,0.039181194622334686
0.890625,0.3203125,0.03657990901883005
0.8984375,0.328125,0.03397639191621629
0.90625,0.3359375,0.031370802113012804
0.9140625,0.34375,0.028763298534283162
0.921875,0.3515625,0.0261540402219094
0.9296875,0.359375,0.023543186324861166
0.9375,0.3671875,0.02093089608946152
0.9453125,0.375,0.01831732884965096
0.953125,0.3828125,0.01570264401725052
0.9609375,0.390625,0.013087001072225046
0.96875,0.3984375,0.010470559552947421
0.9765625,0.40625,0.007853479046464306
0.984375,0.4140625,0.005235919178764055
0.9921875,0.421875,0.0026180396050472093
1.0,0.4296875,0.0
0.578125,0.0,0.1372213629002945
0.5859375,0.0078125,0.13482854870862354
0.59375,0.015625,0.13242751013612253
0.6015625,0.0234375,0.13001839366869825
0.609375,0.03125,0.1276013462827567
0.6171875,0.0390625,0.12517651543623862
0.625,0.046875,0.1227440490596273
0.6328125,0.0546875,0.12030409554693117
0.640625,0.0625,0.11785680374664033
0.6484375,0.0703125,0.11540232295266087
0.65625,0.078125,0.11294080289522618
0.6640625,0.0859375,0.11047239373178885
0.671875,0.09375,0.10799724603789272
0.6796875,0.1015625,0.10551551079802904
0.6875,0.109375,0.10302733939647646
0.6953125,0.1171875,0.10053288360812737
0.703125,0.125,0.09803229558930225
0.7109375,0.1328125,0.09552572786855282
0.71875,0.140625,0.09301333333745526
0.7265625,0.1484375,0.09049526524139391
0.734375,0.15625,0.08797167717033591
0.7421875,0.1640625,0.0854427230495962
0.75,0.171875,0.08290855713059178
0.7578125,0.1796875,0.08036933398158481
0.765625,0.1875,0.07782520847841085
0.7734375,0.1953125,0.07527633579519143
0.78125,0.203125,0.0727228713950273
0.7890625,0.2109375,0.07016497102067001
0.796875,0.21875,0.06760279068516822
0.8046875,0.2265625,0.0650364866624871
0.8125,0.234375,0.062466215478097525
0.8203125,0.2421875,0.05989213389953459
0.828125,0.25,0.057314398926922985
0.8359375,0.2578125,0.054733167783470385
0.84375,0.265625,0.05214859790592845
0.8515625,0.2734375,0.049560846935023155
0.859375,0.28125,0.04697007270585603
0.8671875,0.2890625,0.044376433238278806
0.875,0.296875,0.04178008672724431
0.8828125,0.3046875,0.03918119153313631
0.890625,0.3125,0.03657990617208149
0.8984375,0.3203125,0.03397638930624664
0.90625,0.328125,0.03137079973412362
0.9140625,0.3359375,0.028763296380805034
0.921875,0.34375,0.026154038288252596
0.9296875,0.3515625,0.023543184605560725
0.9375,0.359375,0.02093089457921664
0.9453125,0.3671875,0.018317327543358877
0.953125,0.375,0.015702642910035137
0.9609375,0.3828125,0.01308700015946067
0.96875,0.390625,0.01047055883027801
0.9765625,0.3984375,0.007853478509818667
0.984375,0.40625,0.005235918824367335
0.9921875,0.4140625,0.0026180394294290942
1.0,0.421875,0.0
0.5859375,0.0,0.13482853660474306
0.59375,0.0078125,0.1324274981608771
0.6015625,0.015625,0.13001838182806663
0.609375,0.0234375,0.12760133458299813
0.6171875,0.03125,0.12517650388388546
0.625,0.0390625,0.12274403766147471
0.6328125,0.046875,0.12030408431002285
0.640625,0.0546875,0.11785679267825024
0.6484375,0.0625,0.11540231206027018
0.65625,0.0703125,0.11294079218649553
0.6640625,0.078125,0.11047238321452438
0.671875,0.0859375,0.10799723572000705
0.6796875,0.09375,0.10551550068749559
0.6875,0.1015625,0.10302732950127792
0.6953125,0.109375,0.10053287393619807
0.703125,0.1171875,0.09803228614846442
0.7109375,0.125,0.09552571866644799
0.71875,0.1328125,0.09301332438147132
0.7265625,0.140625,0.09049525653858895
0.734375,0.1484375,0.08797166872736041
0.7421875,0.15625,0.08544271487261573
0.75,0.1640625,0.08290854922521194
0.7578125,0.171875,0.08036932635278027
0.765625,0.1796875,0.07782520113046168
0.7734375,0.1875,0.07527632873162829
0.78125,0.1953125,0.07272286461858768
0.7890625,0.203125,0.07016496453326707
0.796875,0.2109375,0.0676027844878737
0.8046875,0.21875,0.06503648075552901
0.8125,0.2265625,0.06246620986087283
0.8203125,0.234375,0.05989212857063574
0.828125,0.2421875,0.057314393884178416
0.8359375,0.25,0.05473316302399646
0.84375,0.2578125,0.0521485934261915
0.8515625,0.265625,0.0495608427309093
0.859375,0.2734375,0.04697006877274643
0.8671875,0.28125,0.04437642957112829
0.875,0.2890625,0.041780083320660966
0.8828125,0.296875,0.039181188381460286
0.890625,0.3046875,0.03657990326946131
0.8984375,0.3125,0.033976386646711584
0.90625,0.3203125,0.031370797311651266
0.9140625,0.328125,0.028763294189383087
0.921875,0.3359375,0.0261540363219347
0.9296875,0.34375,0.023543182858515983
0.9375,0.3515625,0.020930893045772878
0.9453125,0.359375,0.018317326218039817
0.953125,0.3671875,0.015702641787591783
0.9609375,0.375,0.013086999234897343
0.96875,0.3828125,0.010470558098873354
0.9765625,0.390625,0.007853477967142199
0.984375,0.3984375,0.005235918466291923
0.9921875,0.40625,0.0026180392521398532
1.0,0.4140625,0.0
0.59375,0.0,0.1324274860169763
0.6015625,0.0078125,0.13001836981632994
0.609375,0.015625,0.1276013227097215
0.6171875,0.0234375,0.12517649215565468
0.625,0.03125,0.1227440260851579
0.6328125,0.0390625,0.12030407289275895
0.640625,0.046875,0.11785678142743342
0.6484375,0.0546875,0.11540230098352994
0.65625,0.0625,0.11294078129167112
0.6640625,0.0703125,0.11047237250963428
0.671875,0.078125,0.10799722521321184
0.6796875,0.0859375,0.10551549038705449
0.6875,0.09375,0.10302731941549846
0.6953125,0.1015625,0.10053286407337934
0.703125,0.109375,0.09803227651683333
0.7109375,0.1171875,0.09552570927408949
0.71875,0.125,0.09301331523625297
0.7265625,0.1328125,0.0904952476480813
0.734375,0.140625,0.0879716600987542
0.7421875,0.1484375,0.08544270651263818
0.75,0.15625,0.08290854114004383
0.7578125,0.1640625,0.08036931854797674
0.765625,0.171875,0.07782519361087836
0.7734375,0.1796875,0.07527632150135652
0.78125,0.1875,0.07272285768090006
0.7890625,0.1953125,0.07016495789057622
0.796875,0.203125,0.06760277814170576
0.8046875,0.2109375,0.06503647470651275
0.8125,0.21875,0.062466204108745094
0.8203125,0.2265625,0.05989212311426314
0.828125,0.234375,0.05731438872159402
0.8359375,0.2421875,0.05473315815245052
0.84375,0.25,0.052148588842213864
0.8515625,0.2578125,0.049560838430381324
0.859375,0.265625,0.04697006475098005
0.8671875,0.2734375,0.044376425822949477
0.875,0.28125,0.041780079840495185
0.8828125,0.2890625,0.03918118516341772
0.890625,0.296875,0.03657990030741977
0.8984375,0.3046875,0.0339763839343958
0.90625,0.3125,0.031370794842706766
0.9140625,0.3203125,0.02876329195744427
0.921875,0.328125,0.026154034320686227
0.9296875,0.3359375,0.023543181081747338
0.9375,0.34375,0.02093089148742604
0.9453125,0.3515625,0.01831732487225018
0.953125,0.359375,0.015702640648722697
0.9609375,0.3671875,0.013086998297568707
0.96875,0.375,0.010470557357984642
0.9765625,0.3828125,0.007853477417890546
0.984375,0.390625,0.005235918104185744
0.9921875,0.3984375,0.0026180390730085133
1.0,0.40625,0.0
0.6015625,0.0,0.13001835763323094
0.609375,0.0078125,0.12760131066248206
0.6171875,0.015625,0.12517648025090028
0.625,0.0234375,0.12274401432981467
0.6328125,0.03125,0.12030406129404513
0.640625,0.0390625,0.11785676999284715
0.6484375,0.046875,0.11540228972083191
0.65625,0.0546875,0.1129407702088626
0.6640625,0.0625,0.11047236161492928
0.671875,0.0703125,0.10799721451500295
0.6796875,0.078125,0.1055154798938719
0.6875,0.0859375,0.10302730913596214
0.6953125,0.09375,0.10053285401614312
0.703125,0.1015625,0.09803226669052226
0.7109375,0.109375,0.09552569968722918
0.71875,0.1171875,0.09301330589719314
0.7265625,0.125,0.09049523856491269
0.734375,0.1328125,0.08797165127922175
0.7421875,0.140625,0.08544269796405092
0.75,0.1484375,0.08290853286918497
0.7578125,0.15625,0.08036931056101503
0.765625,0.1640625,0.07782518591328473
0.7734375,0.171875,0.07527631409782777
0.78125,0.1796875,0.07272285057529347
0.7890625,0.1875,0.07016495108585667
0.796875,0.1953125,0.06760277163990829
0.8046875,0.203125,0.06503646850872179
0.8125,0.2109375,0.06246619821509131
0.8203125,0.21875,0.05989211752393844
0.828125,0.2265625,0.05731438343288353
0.8359375,0.234375,0.054733153162780705
0.84375,0.2421875,0.05214858414821461
0.8515625,0.25,0.049560834027959536
0.859375,0.2578125,0.04697006063540216
0.8671875,0.265625,0.044376421988929805
0.875,0.2734375,0.04178007628228758
0.8828125,0.28125,0.0391811818749076
0.890625,0.2890625,0.036579897282214516
0.8984375,0.296875,0.03397638116591118
0.90625,0.3046875,0.03137079232424835
0.9140625,0.3125,0.02876328968228219
0.921875,0.3203125,0.026154032282123034
0.9296875,0.328125,0.02354317927317817
0.9375,0.3359375,0.020930889902391316
0.9453125,0.34375,0.018317323504480797
0.953125,0.3515625,0.01570263949217816
0.9609375,0.359375,0.013086997346468572
0.96875,0.3671875,0.010470556606833915
0.9765625,0.375,0.00785347686149947
0.984375,0.3828125,0.005235917737684743
0.9921875,0.390625,0.0026180388918587197
1.0,0.3984375,0.0
0.609375,0.0,0.12760129844101237
0.6171875,0.0078125,0.1251764681691589
0.625,0.015625,0.12274400239477042
0.6328125,0.0234375,0.12030404951297934
0.640625,0.03125,0.11785675837334433
0.6484375,0.0390625,0.11540227827076614
0.65625,0.046875,0.11294075893637859
0.6640625,0.0546875,0.11047235052841815
0.671875,0.0625,0.10799720362307125
0.6796875,0.0703125,0.10551546920530397
0.6875,0.078125,0.10302729865967447
0.6953125,0.0859375,0.10053284376113127
0.703125,0.09375,0.0980322566657991
0.7109375,0.1015625,0.09552568990175522
0.71875,0.109375,0.0930132963597985
0.7265625,0.1171875,0.09049522928421266
0.734375,0.125,0.08797164226352566
0.7421875,0.1328125,0.08544268922126719
0.75,0.140625,0.08290852440672335
0.7578125,0.1484375,0.08036930238568975
0.765625,0.15625,0.07782517803122051
0.7734375,0.1640625,0.07527630651437223
0.78125,0.171875,0.07272284329493922
0.7890625,0.1796875,0.07016494411217593
0.796875,0.1875,0.067602764975503
0.8046875,0.1953125,0.06503646215519125
0.8125,0.203125,0.06246619217301892
0.8203125,0.2109375,0.05989211179289803
0.828125,0.21875,0.05731437801146533
0.8359375,0.2265625,0.05473314804863547
0.84375,0.234375,0.052148579338114225
0.8515625,0.2421875,0.04956082951787179
0.859375,0.25,0.04697005642057602
0.8671875,0.2578125,0.044376418063988905
0.875,0.265625,0.041780072641328055
0.8828125,0.2734375,0.03918117851159759
0.890625,0.28125,0.036579894189892395
0.8984375,0.2890625,0.033976378337680316
0.90625,0.296875,0.03137078975306641
0.9140625,0.3046875,0.02876328736104383
0.921875,0.3125,0.026154030203734722
0.9296875,0.3203125,0.02354317743062491
0.9375,0.328125,0.020930888288794948
0.9453125,0.3359375,0.01831732211315009
0.953125,0.34375,0.015702638316650978
0.9609375,0.3515625,0.013086996380546655
0.96875,0.359375,0.010470555844610872
0.9765625,0.3671875,0.007853476297382627
0.984375,0.375,0.005235917366411492
0.9921875,0.3828125,0.002618038708508089
1.0,0.390625,0.0
0.6171875,0.0,0.12517645591015175
0.625,0.0078125,0.12274399027954123
0.6328125,0.015625,0.12030403754885553
0.640625,0.0234375,0.11785674656797891
0.6484375,0.03125,0.11540226663212734
0.65625,0.0390625,0.1129407474727351
0.6640625,0.046875,0.11047233924831792
0.671875,0.0546875,0.10799719253531485
0.6796875,0.0625,0.10551545831891013
0.6875,0.0703125,0.1030272879838381
0.6953125,0.078125,0.10053283330517308
0.703125,0.0859375,0.09803224643910619
0.7109375,0.09375,0.09552567991371264
0.71875,0.1015625,0.09301328661971163
0.7265625,0.109375,0.09049521980122115
0.734375,0.1171875,0.08797163304650985
0.7421875,0.125,0.08544268027874809
0.75,0.1328125,0.08290851574675871
0.7578125,0.140625,0.08036929401576849
0.765625,0.1484375,0.07782516995815829
0.7734375,0.15625,0.07527629874421216
0.78125,0.1640625,0.07272283583286064
0.7890625,0.171875,0.07016493696241545
0.796875,0.1796875,0.0676027581412906
0.8046875,0.1875,0.06503645563870461
0.8125,0.1953125,0.06246618597535805
0.8203125,0.203125,0.05989210591408131
0.828125,0.2109375,0.05731437245044726
0.8359375,0.21875,0.05473314280334543
0.84375,0.2265625,0.052148574405514396
0.8515625,0.234375,0.04956082489403164
0.859375,0.2421875,0.04697005210076037
0.8671875,0.25,0.0443764140427559
0.875,0.2578125,0.04178006891263359
0.8828125,0.265625,0.03918117506890258
0.890625,0.2734375,0.03657989102626957
0.8984375,0.28125,0.03397637544591803
0.90625,0.2890625,0.031370787125767005
0.9140625,0.296875,0.028763284990714847
0.921875,0.3046875,0.026154028082871896
0.9296875,0.3125,0.023543175551786134
0.9375,0.3203125,0.020930886644665084
0.9453125,0.328125,0.01831732069659651
0.953125,0.3359375,0.015702637120770448
0.9609375,0.34375,0.013086995398703857
0.96875,0.3515625,0.010470555070469402
0.9765625,0.359375,0.00785347572492914
0.984375,0.3671875,0.005235916989973715
0.9921875,0.375,0.0026180385227675285
1.0,0.3828125,0.0
0.625,0.0,0.12274397798383589
0.6328125,0.0078125,0.12030402540116707
0.640625,0.015625,0.11785673457601024
0.6484375,0.0234375,0.11540225480392124
0.65625,0.03125,0.11294073581666297
0.6640625,0.0390625,0.11047232777306325
0.671875,0.046875,0.10799718124985
0.6796875,0.0546875,0.10551544723246652
0.6875,0.0625,0.10302727710586795
0.6953125,0.0703125,0.1005328226453026
0.703125,0.078125,0.09803223600707932
0.7109375,0.0859375,0.09552566971932482
0.71875,0.09375,0.0930132766727336
0.7265625,0.1015625,0.0904952101113125
0.734375,0.109375,0.08797162362312366
0.7421875,0.1171875,0.08544267113102738
0.75,0.125,0.0829085068834265
0.7578125,0.1328125,0.08036928544501414
0.765625,0.140625,0.07782516168752333
0.7734375,0.1484375,0.07527629078047854
0.78125,0.15625,0.072722828181946
0.7890625,0.1640625,0.07016492962927916
0.796875,0.171875,0.0676027511298546
0.8046875,0.1796875,0.06503644895179254
0.8125,0.1875,0.06246617961465563
0.8203125,0.1953125,0.059892099880120016
0.828125,0.203125,0.057314366742611846
0.8359375,0.2109375,0.05473313741990523
0.84375,0.21875,0.05214856934367685
0.8515625,0.2265625,0.0495608201500154
0.859375,0.234375,0.04697004766988522
0.8671875,0.2421875,0.044376409919544925
0.875,0.25,0.041780065090924065
0.8828125,0.2578125,0.039181171541961414
0.890625,0.265625,0.0365798877869095
0.8984375,0.2734375,0.03397637248661123
0.90625,0.28125,0.03137078443875346
0.9140625,0.2890625,0.028763282568103284
0.921875,0.296875,0.026154025916731903
0.9296875,0.3046875,0.023543173634230415
0.9375,0.3125,0.02093088496792152
0.9453125,0.3203125,0.01831731925307017
0.953125,0.328125,0.015702635903095657
0.9609375,0.3359375,0.013086994399787114
0.96875,0.34375,0.010470554283523751
0.9765625,0.3515625,0.00785347514350096
0.984375,0.359375,0.005235916607962655
0.9921875,0.3671875,0.0026180383344404858
1.0,0.375,0.0
0.6328125,0.0,0.1203040130696091
0.640625,0.0078125,0.1178567223969068
0.6484375,0.015625,0.11540224278536905
0.65625,0.0234375,0.11294072396711462
0.6640625,0.03125,0.11047231610131461
0.671875,0.0390625,0.10799716976502174
0.6796875,0.046875,0.10551543594397862
0.6875,0.0546875,0.10302726602340616
0.6953125,0.0625,0.10053281177877575
0.703125,0.0703125,0.09803222536656714
0.7109375,0.078125,0.09552565931501501
0.71875,0.0859375,0.09301326651484768
0.7265625,0.09375,0.09049520021002065
0.734375,0.1015625,0.08797161398844856
0.7421875,0.109375,0.08544266177273817
0.75,0.1171875,0.08290849781092408
0.7578125,0.125,0.0803692766672103
0.765625,0.1328125,0.07782515321271684
0.7734375,0.140625,0.07527628261623154
0.78125,0.1484375,0.07272282033496502
0.7890625,0.15625,0.07016492210530545
0.796875,0.1640625,0.06760274393356812
0.8046875,0.171875,0.06503644208673413
0.8125,0.1796875,0.062466173083171185
0.8203125,0.1875,0.05989209368332892
0.828125,0.1953125,0.05731436088040214
0.8359375,0.203125,0.05473313189095504
0.84375,0.2109375,0.05214856414550159
0.8515625,0.21875,0.04956081527903793
0.859375,0.2265625,0.04697004312152613
0.8671875,0.234375,0.044376405688328596
0.875,0.2421875,0.041780061170595795
0.8828125,0.25,0.03918116792561133
0.890625,0.2578125,0.03657988446709877
0.8984375,0.265625,0.033976369455496425
0.90625,0.2734375,0.03137078168820608
0.9140625,0.28125,0.028763280089821545
0.921875,0.2890625,0.026154023702343123
0.9296875,0.296875,0.02354317167538277
0.9375,0.3046875,0.020930883256364458
0.9453125,0.3125,0.018317317780723593
0.953125,0.3203125,0.01570263466210812
0.9609375,0.328125,0.013086993382583656
0.96875,0.3359375,0.010470553482844288
0.9765625,0.34375,0.00785347455242995
0.984375,0.3515625,0.005235916219951277
0.9921875,0.359375,0.002618038143322125
1.0,0.3671875,0.0
0.640625,0.0,0.11785671003034848
0.6484375,0.0078125,0.11540223057591165
0.65625,0.015625,0.11294071192326927
0.6640625,0.0234375,0.11047230423196565
0.671875,0.03125,0.10799715807941296
0.6796875,0.0390625,0.1055154244516926
0.6875,0.046875,0.10302725473433573
0.6953125,0.0546875,0.10053280070308668
0.703125,0.0625,0.09803221451465026
0.7109375,0.0703125,0.09552564869742772
0.71875,0.078125,0.0930132561422431
0.7265625,0.0859375,0.09049519009306502
0.734375,0.09375,0.08797160413772553
0.7421875,0.1015625,0.08544265219864161
0.75,0.109375,0.08290848852353977
0.7578125,0.1171875,0.08036926767618936
0.765625,0.125,0.07782514452714256
0.7734375,0.1328125,0.07527627424448433
0.78125,0.140625,0.0727228122845891
0.7890625,0.1484375,0.07016491438288272
0.796875,0.15625,0.06760273654460422
0.8046875,0.1640625,0.06503643503556181
0.8125,0.171875,0.062466166372875415
0.8203125,0.1796875,0.05989208731569841
0.828125,0.1875,0.057314354855908696
0.8359375,0.1953125,0.05473312620876274
0.84375,0.203125,0.05214855880350493
0.8515625,0.2109375,0.049560810273927274
0.859375,0.21875,0.04697003844887678
0.8671875,0.2265625,0.04437640134270953
0.875,0.234375,0.04178005714569289
0.8828125,0.2421875,0.039181164214359944
0.890625,0.25,0.0365798810618204
0.8984375,0.2578125,0.03397636634803496
0.90625,0.265625,0.03137077887005952
0.9140625,0.2734375,0.028763277552266132
0.921875,0.28125,0.02615402143654731
0.9296875,0.2890625,0.02354316967250965
0.9375,0.296875,0.020930881507661814
0.9453125,0.3046875,0.01831731627760134
0.953125,0.3125,0.01570263339620348
0.9609375,0.3203125,0.013086992345814718
0.96875,0.328125,0.010470552667452828
0.9765625,0.3359375,0.007853473951014642
0.984375,0.34375,0.005235915825492321
0.9921875,0.3515625,0.0026180379491984283
1.0,0.359375,0.0
0.6484375,0.0,0.11540221817521246
0.65625,0.0078125,0.11294069968453753
0.6640625,0.015625,0.11047229216414935
0.671875,0.0234375,0.10799714619185256
0.6796875,0.03125,0.10551541275410557
0.6875,0.0390625,0.10302724323679373
0.6953125,0.046875,0.1005327894159834
0.703125,0.0546875,0.09803220344865955
0.7109375,0.0625,0.09552563786344989
0.71875,0.0703125,0.09301324555133919
0.7265625,0.078125,0.09049517975637714
0.734375,0.0859375,0.08797159406638383
0.7421875,0.09375,0.08544264240365697
0.75,0.1015625,0.08290847901568424
0.7578125,0.109375,0.08036925846586397
0.765625,0.1171875,0.07782513562423708
0.7734375,0.125,0.07527626565823108
0.78125,0.1328125,0.07272280402341588
0.7890625,0.140625,0.0701649064542696
0.796875,0.1484375,0.06760272895495059
0.8046875,0.15625,0.06503642779006921
0.8125,0.1640625,0.062466159475452
0.8203125,0.171875,0.05989208076888952
0.828125,0.1796875,0.05731434866085819
0.8359375,0.1875,0.0547331203652065
0.84375,0.1953125,0.05214855330979722
0.8515625,0.203125,0.04956080512709855
0.859375,0.2109375,0.04697003364471987
0.8671875,0.21875,0.04437639687588956
0.875,0.2265625,0.04178005300987608
0.8828125,0.234375,0.039181160402354455
0.890625,0.2421875,0.036579877565724346
0.8984375,0.25,0.03397636315938536
0.90625,0.2578125,0.03137077597997765
0.9140625,0.265625,0.028763274951595277
0.921875,0.2734375,0.026154019115979935
0.9296875,0.28125,0.02354316762270204
0.9375,0.2890625,0.020930879719335122
0.9453125,0.296875,0.01831731474162848
0.953125,0.3046875,0.015702632103682366
0.9609375,0.3125,0.013086991288128375
0.96875,0.3203125,0.010470551836317446
0.9765625,0.328125,0.007853473338516697
0.984375,0.3359375,0.005235915424116109
0.9921875,0.34375,0.00261803775184521
1.0,0.3515625,0.0
0.65625,0.0,0.1129406872505644
0.6640625,0.0078125,0.1104722798972428
0.671875,0.015625,0.10799713410142238
0.6796875,0.0234375,0.10551540084997506
0.6875,0.03125,0.10302723152918271
0.6953125,0.0390625,0.10053277791548228
0.703125,0.046875,0.09803219216619362
0.7109375,0.0546875,0.09552562681023194
0.71875,0.0625,0.0930132347388091
0.7265625,0.0703125,0.09049516919612753
0.734375,0.078125,0.08797158377007062
0.7421875,0.0859375,0.08544263238289425
0.75,0.09375,0.08290846928192386
0.7578125,0.1015625,0.08036924903026116
0.765625,0.109375,0.07782512649750355
0.7734375,0.1171875,0.07527625685047917
0.78125,0.125,0.07272279554399831
0.7890625,0.1328125,0.07016489831161951
0.796875,0.140625,0.06760272115642875
0.8046875,0.1484375,0.06503642034182457
0.8125,0.15625,0.06246615238230314
0.8203125,0.1640625,0.059892074034232114
0.828125,0.171875,0.05731434228660426
0.8359375,0.1796875,0.05473311435175892
0.84375,0.1875,0.052148547656060786
0.8515625,0.1953125,0.04956079983052704
0.859375,0.203125,0.04697002870139667
0.8671875,0.2109375,0.04437639228063717
0.875,0.21875,0.041780048756388743
0.8828125,0.2265625,0.03918115648334791
0.890625,0.234375,0.03657987397309492
0.8984375,0.2421875,0.03397635988437282
0.90625,0.25,0.031370773013325484
0.9140625,0.2578125,0.028763272283703723
0.921875,0.265625,0.02615401673704814
0.9296875,0.2734375,0.02354316552285662
0.9375,0.28125,0.020930877888743687
0.9453125,0.2890625,0.018317313170597628
0.953125,0.296875,0.015702630782740062
0.9609375,0.3046875,0.013086990208091714
0.96875,0.3125,0.010470550988346658
0.9765625,0.3203125,0.007853472714156911
0.984375,0.328125,0.005235915015328147
0.9921875,0.3359375,0.002618037551027018
1.0,0.34375,0.0
0.6640625,0.0,0.11047226743087085
0.671875,0.0078125,0.10799712180746258
0.6796875,0.015625,0.10551538873832632
0.6875,0.0234375,0.10302721961018088
0.6953125,0.03125,0.100532766199881
0.703125,0.0390625,0.09803218066513515
0.7109375,0.046875,0.09552561553520691
0.71875,0.0546875,0.093013223701603
0.7265625,0.0625,0.0904951584087525
0.734375,0.0703125,0.08797157324468127
0.7421875,0.078125,0.08544262213168652
0.75,0.0859375,0.08290845931701625
0.7578125,0.09375,0.08036923936355922
0.765625,0.1015625,0.07782511714054885
0.7734375,0.109375,0.07527624781428542
0.78125,0.1171875,0.0727227868388787
0.7890625,0.125,0.07016488994701091
0.796875,0.1328125,0.06760271314071853
0.8046875,0.140625,0.06503641268218824
0.8125,0.1484375,0.06246614508456
0.8203125,0.15625,0.05989206710272702
0.828125,0.1640625,0.05731433572412137
0.8359375,0.171875,0.05473310815947296
0.84375,0.1796875,0.052148541833528746
0.8515625,0.1875,0.04956079437572097
0.859375,0.1953125,0.04697002361077515
0.8671875,0.203125,0.04437638754925203
0.875,0.2109375,0.04178004437802036
0.8828125,0.21875,0.039181152450662324
0.890625,0.2265625,0.036579870277814897
0.8984375,0.234375,0.03397635651745517
0.90625,0.2421875,0.0313707699651378
0.9140625,0.25,0.028763269544194576
0.921875,0.2578125,0.02615401429590603
0.9296875,0.265625,0.023543163369654455
0.9375,0.2734375,0.02093087601306683
0.9453125,0.28125,0.018317311562154406
0.953125,0.2890625,0.01570262943145498
0.9609375,0.296875,0.013086989104181905
0.96875,0.3046875,0.01047055012238295
0.9765625,0.3125,0.00785347207711078
0.984375,0.3203125,0.005235914598606438
0.9921875,0.328125,0.002618037346495921
1.0,0.3359375,0.0
0.671875,0.0,0.10799710930957564
0.6796875,0.0078125,0.10551537641845866
0.6875,0.015625,0.10302720747875105
0.6953125,0.0234375,0.10053275426777013
0.703125,0.03125,0.0980321689436655
0.7109375,0.0390625,0.09552560403610909
0.71875,0.046875,0.0930132124369702
0.7265625,0.0546875,0.09049514739098004
0.734375,0.0625,0.08797156248638921
0.7421875,0.0703125,0.08544261164562404
0.75,0.078125,0.08290844911594705
0.7578125,0.0859375,0.08036922946012695
0.765625,0.09375,0.07782510754712421
0.7734375,0.1015625,0.07527623854279641
0.78125,0.109375,0.07272277790062738
0.7890625,0.1171875,0.07016488135248249
0.796875,0.125,0.06760270489938856
0.8046875,0.1328125,0.06503640480233637
0.8125,0.140625,0.06246613757309841
0.8203125,0.1484375,0.0598920599650531
0.828125,0.15625,0.05731432896400254
0.8359375,0.1640625,0.05473310177897047
0.84375,0.171875,0.05214853583296526
0.8515625,0.1796875,0.049560788753694296
0.859375,0.1875,0.04697001836421702
0.8671875,0.1953125,0.04437638267352828
0.875,0.203125,0.04178003986706682
0.8828125,0.2109375,0.03918114829714824
0.890625,0.21875,0.03657986647332564
0.8984375,0.2265625,0.03397635305268488
0.90625,0.234375,0.031370766830084065
0.9140625,0.2421875,0.028763266728347583
0.921875,0.25,0.02615401178842668
0.9296875,0.2578125,0.023543161159537085
0.9375,0.265625,0.020930874089283694
0.9453125,0.2734375,0.018317309913780992
0.953125,0.28125,0.015702628047775575
0.9609375,0.2890625,0.013086987974776282
0.96875,0.296875,0.010470549237195459
0.9765625,0.3046875,0.007853471426503554
0.984375,0.3125,0.005235914173398482
0.9921875,0.3203125,0.002618037137990157
1.0,0.328125,0.0
0.6796875,0.0,0.10551536388994985
0.6875,0.0078125,0.10302719513414721
0.6953125,0.015625,0.10053274211804308
0.703125,0.0234375,0.09803215700027802
0.7109375,0.03125,0.09552559231099066
0.71875,0.0390625,0.09301320094248006
0.7265625,0.046875,0.09049513613985516
0.734375,0.0546875,0.08797155149167539
0.7421875,0.0625,0.08544260092058806
0.75,0.0703125,0.08290843867396781
0.7578125,0.078125,0.08036921931456491
0.765625,0.0859375,0.07782509771116888
0.7734375,0.09375,0.07527622902929319
0.78125,0.1015625,0.0727227687218866
0.7890625,0.109375,0.07016487252007472
0.796875,0.1171875,0.06760269642393331
0.8046875,0.125,0.06503639669329167
0.8125,0.1328125,0.062466129838561174
0.8203125,0.140625,0.059892052611580024
0.828125,0.1484375,0.05731432199646208
0.8359375,0.15625,0.05473309520043458
0.84375,0.1640625,0.052148529644647855
0.8515625,0.171875,0.049560782954940506
0.859375,0.1796875,0.04697001295254403
0.8671875,0.1875,0.04437637764471524
0.875,0.1953125,0.041780035215287906
0.8828125,0.203125,0.03918114401514071
0.890625,0.2109375,0.036579862552583366
0.8984375,0.21875,0.03397634948366707
0.90625,0.2265625,0.03137076360242913
0.9140625,0.234375,0.028763263831083546
0.921875,0.2421875,0.0261540092101708
0.9296875,0.25,0.023543158888679337
0.9375,0.2578125,0.02093087211415058
0.9453125,0.265625,0.01831730822277759
0.953125,0.2734375,0.015702626629505688
0.9609375,0.28125,0.01308698681814103
0.96875,0.2890625,0.0104705483314718
0.9765625,0.296875,0.007853470761404628
0.984375,0.3046875,0.005235913739117926
0.9921875,0.3125,0.0026180369252326217
1.0,0.3203125,0.0
0.6875,0.0,0.10302718257591975
0.6953125,0.0078125,0.10053272974990358
0.703125,0.015625,0.09803214483378893
0.7109375,0.0234375,0.09552558035823677
0.71875,0.03125,0.09301318921604097
0.7265625,0.0390625,0.09049512465276335
0.734375,0.046875,0.08797154025735696
0.7421875,0.0546875,0.08544258995278427
0.75,0.0625,0.08290842798663435
0.7578125,0.0703125,0.08036920892174797
0.765625,0.078125,0.07782508762685592
0.7734375,0.0859375,0.07527621926723958
0.78125,0.09375,0.07272275929541935
0.7890625,0.1015625,0.0701648634418771
0.796875,0.109375,0.06760268770581648
0.8046875,0.1171875,0.06503638834596108
0.8125,0.125,0.062466121871387864
0.8203125,0.1328125,0.0598920450323881
0.828125,0.140625,0.057314314811344205
0.8359375,0.1484375,0.054733088413606835
0.84375,0.15625,0.05214852325835325
0.8515625,0.1640625,0.04956077696940765
0.859375,0.171875,0.04697000736600429
0.8671875,0.1796875,0.044376372453476774
0.875,0.1875,0.04178003041386186
0.8828125,0.1953125,0.039181139596411195
0.890625,0.203125,0.036579858508010654
0.8984375,0.2109375,0.03397634580351236
0.90625,0.21875,0.03137076027598907
0.9140625,0.2265625,0.028763260846924064
0.921875,0.234375,0.02615400655635098
0.9296875,0.2421875,0.02354315655295873
0.9375,0.25,0.020930870084175053
0.9453125,0.2578125,0.018317306486241247
0.953125,0.265625,0.01570262517428777
0.9609375,0.2734375,0.013086985632418467
0.96875,0.28125,0.010470547403808747
0.9765625,0.2890625,0.007853470080821259
0.984375,0.296875,0.005235913295140775
0.9921875,0.3046875,0.0026180367079291747
1.0,0.3125,0.0
0.6953125,0.0,0.10053271716287165
0.703125,0.0078125,0.09803213244334616
0.7109375,0.015625,0.09552556817657766
0.71875,0.0234375,0.09301317725591723
0.7265625,0.03125,0.09049511292745241
0.734375,0.0390625,0.0879715287806142
0.7421875,0.046875,0.0854425787387752
0.75,0.0546875,0.0829084170498448
0.7578125,0.0625,0.0803691982768687
0.765625,0.0703125,0.07782507728864047
0.7734375,0.078125,0.07527620925033368
0.78125,0.0859375,0.0727227496141629
0.7890625,0.09375,0.07016485411008158
0.796875,0.1015625,0.06760267873652197
0.8046875,0.109375,0.06503637975118125
0.8125,0.1171875,0.06246611366185262
0.8203125,0.125,0.059892037217296204
0.828125,0.1328125,0.05731430739813931
0.8359375,0.140625,0.05473308140779052
0.84375,0.1484375,0.05214851666334753
0.8515625,0.15625,0.049560770786476374
0.859375,0.1640625,0.04697000159423918
0.8671875,0.171875,0.0443763670898493
0.875,0.1796875,0.04178002545333704
0.8828125,0.1875,0.03918113503211562
0.890625,0.1953125,0.03657985433144322
0.8984375,0.203125,0.03397634200478466
0.90625,0.2109375,0.03137075684408174
0.9140625,0.21875,0.028763257769946177
0.921875,0.2265625,0.026154003821791363
0.9296875,0.234375,0.02354315414792036
0.9375,0.2421875,0.020930867995586612
0.9453125,0.25,0.018317304701041898
0.953125,0.2578125,0.015702623679583885
0.9609375,0.265625,0.013086984415612485
0.96875,0.2734375,0.010470546452701715
0.9765625,0.28125,0.007853469383691431
0.984375,0.2890625,0.005235912840801129
0.9921875,0.296875,0.002618036485766732
1.0,0.3046875,0.0
0.703125,0.0,0.09803211982843575
0.7109375,0.0078125,0.09552555576509901
0.71875,0.015625,0.09301316506074324
0.7265625,0.0234375,0.09049510096205167
0.734375,0.03125,0.08797151705901515
0.7421875,0.0390625,0.0854425672755112
0.75,0.046875,0.08290840585987656
0.7578125,0.0546875,0.08036918737548084
0.765625,0.0625,0.0778250666913089
0.7734375,0.0703125,0.07527619897256195
0.78125,0.078125,0.07272273967128648
0.7890625,0.0859375,0.07016484451704164
0.796875,0.09375,0.06760266950761193
0.8046875,0.1015625,0.06503637089977289
0.8125,0.109375,0.062466105200111526
0.8203125,0.1171875,0.059892029155899314
0.828125,0.125,0.057314299746009
0.8359375,0.1328125,0.05473307417186167
0.84375,0.140625,0.05214850984838256
0.8515625,0.1484375,0.049560764394941705
0.859375,0.15625,0.046969995626252065
0.8671875,0.1640625,0.04437636154319947
0.875,0.171875,0.04178002032358122
0.8828125,0.1796875,0.03918113031273824
0.890625,0.1875,0.036579850014071345
0.8984375,0.1953125,0.03397633807944291
0.90625,0.203125,0.03137075329947103
0.9140625,0.2109375,0.02876325459373098
0.921875,0.21875,0.02615400100088165
0.9296875,0.2265625,0.023543151668737147
0.9375,0.234375,0.020930865844303027
0.9453125,0.2421875,0.018317302863794856
0.953125,0.25,0.015702622142653964
0.9609375,0.2578125,0.013086983165572046
0.96875,0.265625,0.010470545476532735
0.9765625,0.2734375,0.00785346866887576
0.984375,0.28125,0.0052359123753863476
0.9921875,0.2890625,0.0026180362584111126
1.0,0.296875,0.0
0.7109375,0.0,0.09552554312324922
0.71875,0.0078125,0.09301315262953518
0.7265625,0.015625,0.0904950887550883
0.734375,0.0234375,0.08797150509053787
0.7421875,0.03125,0.0854425555603587
0.75,0.0390625,0.08290839441342181
0.7578125,0.046875,0.08036917621354162
0.765625,0.0546875,0.07782505583002823
0.7734375,0.0625,0.07527618842825516
0.78125,0.0703125,0.0727227294602523
0.7890625,0.078125,0.07016483465533685
0.796875,0.0859375,0.06760266001079206
0.8046875,0.09375,0.06503636178260365
0.8125,0.1015625,0.06246609647625966
0.8203125,0.109375,0.059892020837616196
0.828125,0.1171875,0.057314291843821606
0.8359375,0.125,0.05473306669428969
0.84375,0.1328125,0.05214850280170013
0.8515625,0.140625,0.04956075778300054
0.859375,0.1484375,0.046969989450380015
0.8671875,0.15625,0.044376355802182174
0.875,0.1640625,0.04178001501372885
0.8828125,0.171875,0.03918112542803147
0.890625,0.1796875,0.036579845546375875
0.8984375,0.1875,0.03397633401877639
0.90625,0.1953125,0.031370749634304355
0.9140625,0.203125,0.028763251311305367
0.921875,0.2109375,0.026153998087524794
0.9296875,0.21875,0.023543149110164186
0.9375,0.2265625,0.02093086362589188
0.9453125,0.234375,0.018317300970829307
0.953125,0.2421875,0.015702620560530865
0.9609375,0.25,0.013086981879972164
0.96875,0.2578125,0.010470544473556744
0.9765625,0.265625,0.007853467935148234
0.984375,0.2734375,0.005235911898131554
0.9921875,0.28125,0.0026180360255045956
1.0,0.2890625,0.0
0.71875,0.0,0.09301313996169924
0.7265625,0.0078125,0.09049507630550056
0.734375,0.015625,0.08797149287358917
0.7421875,0.0234375,0.0854425435911258
0.75,0.03125,0.08290838270762017
0.7578125,0.0390625,0.08036916478745249
0.765625,0.046875,0.07782504470039518
0.7734375,0.0546875,0.07527617761214542
0.78125,0.0625,0.07272271897487942
0.7890625,0.0703125,0.0701648245178419
0.796875,0.078125,0.06760265023798363
0.8046875,0.0859375,0.06503635239065973
0.8125,0.09375,0.062466087480398926
0.8203125,0.1015625,0.059892012251749185
0.828125,0.109375,0.05731428368019972
0.8359375,0.1171875,0.05473305896316951
0.84375,0.125,0.05214849551104613
0.8515625,0.1328125,0.04956075093824693
0.859375,0.140625,0.046969983054270484
0.8671875,0.1484375,0.04437634985470065
0.875,0.15625,0.04178000951212721
0.8828125,0.1640625,0.039181120366952045
0.890625,0.171875,0.036579840918058326
0.8984375,0.1796875,0.033976329813332866
0.90625,0.1875,0.03137074584004225
0.9140625,0.1953125,0.028763247915075996
0.921875,0.203125,0.026153995075077183
0.9296875,0.2109375,0.023543146466486427
0.9375,0.21875,0.020930861335526258
0.9453125,0.2265625,0.018317299018152045
0.953125,0.234375,0.015702618929991693
0.9609375,0.2421875,0.013086980556292146
0.96875,0.25,0.010470543441885824
0.9765625,0.2578125,0.00785346718118564
0.984375,0.265625,0.005235911408213357
0.9921875,0.2734375,0.0026180357866631447
1.0,0.28125,0.0
0.7265625,0.0,0.09049506361264738
0.734375,0.0078125,0.0879714804070198
0.7421875,0.015625,0.08544253136608382
0.75,0.0234375,0.08290837074008806
0.7578125,0.03125,0.08036915309409699
0.765625,0.0390625,0.07782503329848278
0.7734375,0.046875,0.07527616651942193
0.78125,0.0546875,0.07272270820940874
0.7890625,0.0625,0.07016481409779934
0.796875,0.0703125,0.06760264018140162
0.8046875,0.078125,0.06503634271512677
0.8125,0.0859375,0.06246607820271651
0.8203125,0.09375,0.05989200338755647
0.828125,0.1015625,0.057314275243581306
0.8359375,0.109375,0.054733050966267044
0.84375,0.1171875,0.05214848796369711
0.8515625,0.125,0.04956074384767745
0.859375,0.1328125,0.046969976424865174
0.8671875,0.140625,0.044376343687869836
0.875,0.1484375,0.04178000380628274
0.8828125,0.15625,0.039181115117594034
0.890625,0.1640625,0.03657983611796541
0.8984375,0.171875,0.03397632545283922
0.90625,0.1796875,0.0313707419073795
0.9140625,0.1875,0.02876324439675426
0.921875,0.1953125,0.026153991956280227
0.9296875,0.203125,0.023543143731458584
0.9375,0.2109375,0.020930858967933657
0.9453125,0.21875,0.018317297001405535
0.953125,0.2265625,0.015702617247524607
0.9609375,0.234375,0.013086979191790356
0.96875,0.2421875,0.010470542379471037
0.9765625,0.25,0.00785346640555539
0.984375,0.2578125,0.005235910904742643
0.9921875,0.265625,0.0026180355414732273
1.0,0.2734375,0.0
0.734375,0.0,0.08797146769013567
0.7421875,0.0078125,0.08544251888398499
0.75,0.015625,0.08290835850894387
0.7578125,0.0234375,0.08036914113087482
0.765625,0.03125,0.0778250216208846
0.7734375,0.0390625,0.07527615514578583
0.78125,0.046875,0.0727226971585681
0.7890625,0.0546875,0.07016480338889433
0.796875,0.0625,0.06760262983363755
0.8046875,0.0703125,0.06503633274747742
0.8125,0.078125,0.06246606863357445
0.8203125,0.0859375,0.05989199423433742
0.828125,0.09375,0.05731426652229595
0.8359375,0.1015625,0.05473304269108047
0.84375,0.109375,0.052148480146501856
0.8515625,0.1171875,0.04956073649770957
0.859375,0.125,0.046969969548393706
0.8671875,0.1328125,0.044376337287986165
0.875,0.140625,0.04177999788280907
0.8828125,0.1484375,0.03918110966711977
0.890625,0.15625,0.03657983113400782
0.8984375,0.1640625,0.03397632092611386
0.90625,0.171875,0.031370737826156396
0.9140625,0.1796875,0.028763240747271067
0.921875,0.1875,0.02615398872318187
0.9296875,0.1953125,0.02354314089823571
0.9375,0.203125,0.02093085651733688
0.9453125,0.2109375,0.018317294915819293
0.953125,0.21875,0.015702615509290346
0.9609375,0.2265625,0.01308697778347505
0.96875,0.234375,0.010470541284081408
0.9765625,0.2421875,0.007853465606701467
0.984375,0.25,0.005235910386756296
0.9921875,0.2578125,0.0026180352894881772
1.0,0.265625,0.0
0.7421875,0.0,0.08544250614407538
0.75,0.0078125,0.08290834601282852
0.7578125,0.015625,0.08036912889573121
0.765625,0.0234375,0.07782500966475446
0.7734375,0.03125,0.07527614348750114
0.78125,0.0390625,0.07272268581763561
0.7890625,0.046875,0.07016479238533019
0.796875,0.0546875,0.06760261918774586
0.8046875,0.0625,0.06503632247956634
0.8125,0.0703125,0.062466058763608855
0.8203125,0.078125,0.05989198478153172
0.828125,0.0859375,0.057314257504656935
0.8359375,0.09375,0.05473303412491921
0.84375,0.1015625,0.052148472045940614
0.8515625,0.109375,0.049560728874216343
0.859375,0.1171875,0.046969962410380595
0.8671875,0.125,0.04437633064050612
0.875,0.1328125,0.04177999172737948
0.8828125,0.140625,0.03918110400169004
0.890625,0.1484375,0.03657982595307431
0.8984375,0.15625,0.03397631622097094
0.90625,0.1640625,0.031370733585259616
0.9140625,0.171875,0.02876323695667995
0.921875,0.1796875,0.026153985367046582
0.9296875,0.1875,0.02354313795929286
0.9375,0.1953125,0.020930853977385255
0.9453125,0.203125,0.018317292756153264
0.953125,0.2109375,0.01570261371107736
0.9609375,0.21875,0.01308697632807032
0.96875,0.2265625,0.010470540153279456
0.9765625,0.234375,0.007853464782928126
0.984375,0.2421875,0.005235909853207618
0.9921875,0.25,0.002618035030223992
1.0,0.2578125,0.0
0.75,0.0,0.0829083332509203
0.7578125,0.0078125,0.08036911638718068
0.765625,0.015625,0.07782499742784066
0.7734375,0.0234375,0.07527613154144162
0.78125,0.03125,0.07272267418249956
0.7890625,0.0390625,0.07016478108190241
0.796875,0.046875,0.06760260823733166
0.8046875,0.0546875,0.06503631190372994
0.8125,0.0625,0.06246604858383841
0.8203125,0.0703125,0.05989197501883115
0.828125,0.078125,0.05731424817907028
0.8359375,0.0859375,0.05473302525500226
0.84375,0.09375,0.052148463648205155
0.8515625,0.1015625,0.04956072096258102
0.859375,0.109375,0.04696995499566948
0.8671875,0.1171875,0.044376323730037935
0.875,0.125,0.04177998532468667
0.8828125,0.1328125,0.03918109810639598
0.890625,0.140625,0.03657982056094171
0.8984375,0.1484375,0.033976311324116285
0.90625,0.15625,0.03137072917251164
0.9140625,0.1640625,0.02876323301404711
0.921875,0.171875,0.026153981878251704
0.9296875,0.1796875,0.023543134906332194
0.9375,0.1875,0.020930851341074537
0.9453125,0.1953125,0.018317290516631606
0.953125,0.203125,0.01570261184824929
0.9609375,0.2109375,0.013086974821976327
0.96875,0.21875,0.010470538984392652
0.9765625,0.2265625,0.007853463932380872
0.984375,0.234375,0.005235909302955187
0.9921875,0.2421875,0.0026180347631544858
1.0,0.25,0.0
0.7578125,0.0,0.08036910360432478
0.765625,0.0078125,0.07782498490851394
0.7734375,0.015625,0.07527611930513074
0.78125,0.0234375,0.07272266224971323
0.7890625,0.03125,0.07016476947406892
0.796875,0.0390625,0.06760259697663754
0.8046875,0.046875,0.06503630101288872
0.8125,0.0546875,0.06246603808577959
0.8203125,0.0625,0.05989196493630354
0.828125,0.0703125,0.05731423853416029
0.8359375,0.078125,0.05473301606857707
0.84375,0.0859375,0.05214845493930182
0.8515625,0.09375,0.04956071274777537
0.859375,0.1015625,0.04696994728846922
0.8671875,0.109375,0.04437631654035075
0.875,0.1171875,0.041779978658414284
0.8828125,0.125,0.03918109196519588
0.890625,0.1328125,0.03657981494218319
0.8984375,0.140625,0.03397630622103538
0.90625,0.1484375,0.031370724574547974
0.9140625,0.15625,0.028763228907326785
0.921875,0.1640625,0.02615397824616833
0.9296875,0.171875,0.02354313173017461
0.9375,0.1796875,0.020930848600653185
0.9453125,0.1875,0.01831728819086489
0.953125,0.1953125,0.015702609915683223
0.9609375,0.203125,0.013086973261222462
0.96875,0.2109375,0.01047053777447989
0.9765625,0.21875,0.007853463053024253
0.984375,0.2265625,0.005235908734749879
0.9921875,0.234375,0.0026180344877056276
1.0,0.2421875,0.0
0.765625,0.0,0.07782497210578829
0.7734375,0.0078125,0.07527610677677492
0.78125,0.015625,0.0727226500165426
0.7890625,0.0234375,0.07016475755801516
0.796875,0.03125,0.06760258540062677
0.8046875,0.0390625,0.06503628980064943
0.8125,0.046875,0.06246602726156647
0.8203125,0.0546875,0.059891954524526204
0.828125,0.0625,0.05731422855891089
0.8359375,0.0703125,0.054733006553059925
0.84375,0.078125,0.05214844590518012
0.8515625,0.0859375,0.04956070421446534
0.859375,0.09375,0.046969939272426556
0.8671875,0.1015625,0.04437630905440709
0.875,0.109375,0.041779971711225515
0.8828125,0.1171875,0.03918108556086125
0.890625,0.125,0.036579809080077595
0.8984375,0.1328125,0.033976300895875125
0.90625,0.140625,0.0313707197766821
0.9140625,0.1484375,0.028763224623220174
0.921875,0.15625,0.026153974459024076
0.9296875,0.1640625,0.02354312842063388
0.9375,0.171875,0.020930845747512278
0.9453125,0.1796875,0.01831728577175843
0.953125,0.1875,0.015702607907696658
0.9609375,0.1953125,0.013086971641412032
0.96875,0.203125,0.010470536520291871
0.9765625,0.2109375,0.007853462142615645
0.984375,0.21875,0.005235908147219618
0.9921875,0.2265625,0.0026180342032489654
1.0,0.234375,0.0
0.7734375,0.0,0.075276093955288
0.78125,0.0078125,0.07272263748100549
0.7890625,0.015625,0.07016474533071056
0.796875,0.0234375,0.0676025735050604
0.8046875,0.03125,0.06503627826140397
0.8125,0.0390625,0.06246601610407159
0.8203125,0.046875,0.05989194377472654
0.828125,0.0546875,0.05731421824282039
0.8359375,0.0625,0.05473299669619661
0.84375,0.0703125,0.05214843653188824
0.8515625,0.078125,0.049560695347148014
0.859375,0.0859375,0.04696993093073135
0.8671875,0.09375,0.0443763012544248
0.875,0.1015625,0.04177996446477545
0.8828125,0.109375,0.03918107887493803
0.890625,0.1171875,0.03657980295652402
0.8984375,0.125,0.03397629533132121
0.90625,0.1328125,0.03137071476275811
0.9140625,0.140625,0.028763220147016908
0.921875,0.1484375,0.026153970503745384
0.9296875,0.15625,0.02354312496636954
0.9375,0.1640625,0.020930842772055896
0.9453125,0.171875,0.018317283251403613
0.953125,0.1796875,0.015702605817960846
0.9609375,0.1875,0.013086969957656534
0.96875,0.1953125,0.010470535218224162
0.9765625,0.203125,0.007853461198674246
0.984375,0.2109375,0.005235907538851406
0.9921875,0.21875,0.0026180339090938684
1.0,0.2265625,0.0
0.78125,0.0,0.07272262464190057
0.7890625,0.0078125,0.07016473278995544
0.796875,0.015625,0.06760256128656482
0.8046875,0.0234375,0.06503626639042143
0.8125,0.03125,0.06246600460702377
0.8203125,0.0390625,0.059891932678925335
0.828125,0.046875,0.057314207576066686
0.8359375,0.0546875,0.054732986486241975
0.84375,0.0625,0.05214842680575522
0.8515625,0.0703125,0.04956068613032199
0.859375,0.078125,0.04696992224625865
0.8671875,0.0859375,0.04437629312197621
0.875,0.09375,0.04177995689975522
0.8828125,0.1015625,0.03918107188773082
0.890625,0.109375,0.0365797965519681
0.8984375,0.1171875,0.033976289508475234
0.90625,0.125,0.0313707095149925
0.9140625,0.1328125,0.028763215462417457
0.921875,0.140625,0.02615396636577634
0.9296875,0.1484375,0.023543121354715157
0.9375,0.15625,0.020930839663547994
0.9453125,0.1640625,0.018317280620948628
0.953125,0.171875,0.015702603639397225
0.9609375,0.1796875,0.013086968204497063
0.96875,0.1875,0.010470533864261096
0.9765625,0.1953125,0.007853460218444172
0.984375,0.203125,0.005235906907969997
0.9921875,0.2109375,0.0026180336044783806
1.0,0.21875,0.0
0.7890625,0.0,0.07016471993441555
0.796875,0.0078125,0.0676025487426882
0.8046875,0.015625,0.06503625418392944
0.8125,0.0234375,0.06246599276511877
0.8203125,0.03125,0.059891921230078075
0.828125,0.0390625,0.05731419654967796
0.8359375,0.046875,0.054732975912154286
0.84375,0.0546875,0.05214841671359858
0.8515625,0.0625,0.049560676548692686
0.859375,0.0703125,0.046969913201753075
0.8671875,0.078125,0.04437628463813132
0.875,0.0859375,0.04177994899597747
0.8828125,0.09375,0.039181064578319706
0.890625,0.1015625,0.03657978984534826
0.8984375,0.109375,0.03397628340673745
0.90625,0.1171875,0.03137070401380784
0.9140625,0.125,0.02876321055133661
0.921875,0.1328125,0.026153962028871443
0.9296875,0.140625,0.023543117571477448
0.9375,0.1484375,0.02093083640993077
0.9453125,0.15625,0.018317277870443974
0.953125,0.1640625,0.01570260136405313
0.9609375,0.171875,0.013086966375809838
0.96875,0.1796875,0.010470532453908426
0.9765625,0.1875,0.007853459198850212
0.984375,0.1953125,0.005235906252712451
0.9921875,0.203125,0.0026180332885583617
1.0,0.2109375,0.0
0.796875,0.0,0.06760253587194194
0.8046875,0.0078125,0.06503624163918222
0.8125,0.015625,0.062465980574118084
0.8203125,0.0234375,0.059891909422208844
0.828125,0.03125,0.05731418515570296
0.8359375,0.0390625,0.054732964963799355
0.84375,0.046875,0.05214840624295367
0.8515625,0.0546875,0.049560666587412
0.859375,0.0625,0.04696990378005787
0.8671875,0.0703125,0.044376275783652566
0.875,0.078125,0.04177994073251345
0.8828125,0.0859375,0.03918105692462186
0.890625,0.09375,0.0365797828140733
0.8984375,0.1015625,0.03397627700370369
0.90625,0.109375,0.03137069823766314
0.9140625,0.1171875,0.028763205393688627
0.921875,0.125,0.026153957474859636
0.9296875,0.1328125,0.023543113600701798
0.9375,0.140625,0.020930832997609065
0.9453125,0.1484375,0.018317274988656956
0.953125,0.15625,0.015702598982951725
0.9609375,0.1640625,0.013086964464691897
0.96875,0.171875,0.010470530982111826
0.9765625,0.1796875,0.00785345813644451
0.984375,0.1875,0.00523590557099756
0.9921875,0.1953125,0.002618032960394501
1.0,0.203125,0.0
0.8046875,0.0,0.06503622875451115
0.8125,0.0078125,0.062465968030931344
0.8203125,0.015625,0.05989189725053069
0.828125,0.0234375,0.05731417338737401
0.8359375,0.03125,0.05473295363215667
0.84375,0.0390625,0.05214839538231818
0.8515625,0.046875,0.04956065623234837
0.859375,0.0546875,0.046969893964389865
0.8671875,0.0625,0.04437626653924707
0.875,0.0703125,0.04177993208789241
0.8828125,0.078125,0.03918104890351155
0.890625,0.0859375,0.03657977543404617
0.8984375,0.09375,0.0339762702750893
0.90625,0.1015625,0.031370692162889256
0.9140625,0.109375,0.02876319996715723
0.921875,0.1171875,0.026153952683378123
0.9296875,0.125,0.023543109424398714
0.9375,0.1328125,0.02093082941119358
0.9453125,0.140625,0.018317271962848037
0.953125,0.1484375,0.01570259648590974
0.9609375,0.15625,0.013086962463321881
0.96875,0.1640625,0.0104705294431577
0.9765625,0.171875,0.007853457027341736
0.984375,0.1796875,0.005235904860488873
0.9921875,0.1875,0.0026180326189366985
1.0,0.1953125,0.0
0.8125,0.0,0.06246595513367841
0.8203125,0.0078125,0.0598918847115468
0.828125,0.015625,0.05731416123925488
0.8359375,0.0234375,0.054732941909519356
0.84375,0.03125,0.05214838412140332
0.8515625,0.0390625,0.04956064547038101
0.859375,0.046875,0.04696988373865756
0.8671875,0.0546875,0.04437625688587964
0.875,0.0625,0.04177992304037353
0.8828125,0.0703125,0.0391810404910143
0.890625,0.078125,0.03657976767975142
0.8984375,0.0859375,0.033976263194696765
0.90625,0.09375,0.03137068576354189
0.9140625,0.1015625,0.028763194246956718
0.921875,0.109375,0.026153947631575573
0.9296875,0.1171875,0.0235431050222263
0.9375,0.125,0.02093082563319507
0.9453125,0.1328125,0.018317268778500095
0.953125,0.140625,0.015702593861314784
0.9609375,0.1484375,0.013086960362789208
0.96875,0.15625,0.010470527830551439
0.9765625,0.1640625,0.007853455867139746
0.984375,0.171875,0.00523590411854962
0.9921875,0.1796875,0.002618032263005131
1.0,0.1875,0.0
0.8203125,0.0,0.059891871803127036
0.828125,0.0078125,0.05731414870736594
0.8359375,0.015625,0.05473292978967706
0.84375,0.0234375,0.052148372451380286
0.8515625,0.03125,0.04956063428970705
0.859375,0.0390625,0.046969873087815174
0.8671875,0.046875,0.04437624680514573
0.875,0.0546875,0.04177991356829769
0.8828125,0.0625,0.03918103166259086
0.890625,0.0703125,0.03657975952442837
0.8984375,0.078125,0.03397625573444945
0.90625,0.0859375,0.0313706790112908
0.9140625,0.09375,0.02876318820559553
0.921875,0.1015625,0.026153942293787716
0.9296875,0.109375,0.023543100371123976
0.9375,0.1171875,0.020930821643659978
0.9453125,0.125,0.01831726541898946
0.953125,0.1328125,0.01570259109585175
0.9609375,0.140625,0.013086958152883044
0.96875,0.1484375,0.010470526136866774
0.9765625,0.15625,0.007853454650821677
0.984375,0.1640625,0.005235903342187315
0.9921875,0.171875,0.0026180318912671337
1.0,0.1796875,0.0
0.828125,0.0,0.0573141357892794
0.8359375,0.0078125,0.054732917268072334
0.84375,0.015625,0.05214836036510878
0.8515625,0.0234375,0.04956062268014763
0.859375,0.03125,0.04696986199824017
0.8671875,0.0390625,0.04437623627969794
0.875,0.046875,0.04177990365052206
0.8828125,0.0546875,0.03918102239352493
0.890625,0.0625,0.03657975094035305
0.8984375,0.0703125,0.03397624786452006
0.90625,0.078125,0.03137067187537154
0.9140625,0.0859375,0.028763181812660642
0.921875,0.09375,0.02615393664119286
0.9296875,0.1015625,0.02354309544489489
0.9375,0.109375,0.020930817419737527
0.9453125,0.1171875,0.018317261865185085
0.953125,0.125,0.01570258817416437
0.9609375,0.1328125,0.013086955821829404
0.96875,0.140625,0.010470524353557865
0.9765625,0.1484375,0.00785345337263397
0.984375,0.15625,0.005235902527985113
0.9921875,0.1640625,0.0026180315022087232
1.0,0.171875,0.0
0.8359375,0.0,0.05473290434192021
0.84375,0.0078125,0.052148347857334076
0.8515625,0.015625,0.04956061063343606
0.859375,0.0234375,0.046969850458116476
0.8671875,0.03125,0.04437622529371171
0.875,0.0390625,0.04177989326693285
0.8828125,0.046875,0.03918101265942385
0.890625,0.0546875,0.036579741899252755
0.8984375,0.0625,0.03397623955358705
0.90625,0.0703125,0.03137066432263549
0.9140625,0.078125,0.02876317503465171
0.921875,0.0859375,0.02615393064146305
0.9296875,0.09375,0.023543090213737922
0.9375,0.1015625,0.020930812935167815
0.9453125,0.109375,0.018317258094959262
0.953125,0.1171875,0.01570258507843455
0.9609375,0.125,0.01308695335596116
0.96875,0.1328125,0.01047052247072263
0.9765625,0.140625,0.007853452025933003
0.984375,0.1484375,0.00523590167201587
0.9921875,0.15625,0.00261803109409921
1.0,0.1640625,0.0
0.84375,0.0,0.05214833492483888
0.8515625,0.0078125,0.04956059814346858
0.859375,0.015625,0.04696983845780053
0.8671875,0.0234375,0.044376213833368316
0.875,0.03125,0.041779882399021535
0.8828125,0.0390625,0.03918100243683255
0.890625,0.046875,0.036579732372872695
0.8984375,0.0546875,0.03397623076925647
0.90625,0.0625,0.03137065631774369
0.9140625,0.0703125,0.028763167834906792
0.921875,0.078125,0.02615392425843825
0.9296875,0.0859375,0.023543084643737885
0.9375,0.09375,0.020930808159682
0.9453125,0.1015625,0.0183172540825904
0.953125,0.109375,0.015702581787856294
0.9609375,0.1171875,0.013086950739300236
0.96875,0.125,0.010470520476801682
0.9765625,0.1328125,0.007853450602990225
0.984375,0.140625,0.005235900769733475
0.9921875,0.1484375,0.0026180306649467746
1.0,0.15625,0.0
0.8515625,0.0,0.049560585206499676
0.859375,0.0078125,0.04696982599014462
0.8671875,0.015625,0.04437620188732484
0.875,0.0234375,0.041779871030497545
0.8828125,0.03125,0.03918099170394692
0.890625,0.0390625,0.03657972233370429
0.8984375,0.046875,0.033976221478684676
0.90625,0.0546875,0.031370647823560034
0.9140625,0.0625,0.028763160173678682
0.921875,0.0703125,0.026153917451869166
0.9296875,0.078125,0.02354307869633442
0.9375,0.0859375,0.020930803058310563
0.9453125,0.09375,0.018317249798035666
0.953125,0.1015625,0.01570257827797516
0.9609375,0.109375,0.013086947953024205
0.96875,0.1171875,0.01047051835819137
0.9765625,0.125,0.007853449094741645
0.984375,0.1328125,0.0052358998158338575
0.9921875,0.140625,0.002618030212442091
1.0,0.1484375,0.0
0.859375,0.0,0.046969813050750944
0.8671875,0.0078125,0.0443761894471357
0.875,0.015625,0.04177985914789784
0.8828125,0.0234375,0.03918098044139594
0.890625,0.03125,0.036579711755867376
0.8984375,0.0390625,0.03397621164942914
0.90625,0.046875,0.03137063880180343
0.9140625,0.0546875,0.02876315200843901
0.921875,0.0625,0.026153910177298498
0.9296875,0.0703125,0.02354307232781207
0.9375,0.078125,0.020930797590605392
0.9453125,0.0859375,0.01831724520605108
0.953125,0.09375,0.01570257451985605
0.9609375,0.1015625,0.013086944974779453
0.96875,0.109375,0.010470516098740772
0.9765625,0.1171875,0.007853447490461903
0.984375,0.125,0.00523589880407496
0.9921875,0.1328125,0.002618029733885936
1.0,0.140625,0.0
0.8671875,0.0,0.04437617650758824
0.875,0.0078125,0.041779846741143836
0.8828125,0.015625,0.03918096863304037
0.890625,0.0234375,0.03657970061611272
0.8984375,0.03125,0.033976201250532634
0.90625,0.0390625,0.03137062921401497
0.9140625,0.046875,0.02876314329450447
0.921875,0.0546875,0.02615390238618218
0.9296875,0.0625,0.023543065488884886
0.9375,0.0703125,0.02093079170980273
0.9453125,0.078125,0.018317240265140342
0.953125,0.0859375,0.015702570479033874
0.9609375,0.09375,0.013086941777789688
0.96875,0.1015625,0.010470513679089985
0.9765625,0.109375,0.007853445777334269
0.984375,0.1171875,0.005235897727040313
0.9921875,0.125,0.0026180292260949726
1.0,0.1328125,0.0
0.875,0.0,0.041779833803991494
0.8828125,0.0078125,0.03918095626671915
0.890625,0.015625,0.036579688894879565
0.8984375,0.0234375,0.03397619025381166
0.90625,0.03125,0.031370619022873955
0.9140625,0.0390625,0.028763133986086088
0.921875,0.046875,0.02615389402638792
0.9296875,0.0546875,0.023543058124497477
0.9375,0.0625,0.02093078536198997
0.9453125,0.0703125,0.018317234926327412
0.953125,0.078125,0.015702566114194037
0.9609375,0.0859375,0.013086938329690354
0.96875,0.09375,0.01047051107578875
0.9765625,0.1015625,0.00785344393987508
0.984375,0.109375,0.005235896575823787
0.9921875,0.1171875,0.002618028685277342
1.0,0.125,0.0
0.8828125,0.0,0.039180943334863515
0.890625,0.0078125,0.036579676577311024
0.8984375,0.015625,0.03397617863526965
0.90625,0.0234375,0.03137060819385097
0.9140625,0.03125,0.02876312403784887
0.921875,0.0390625,0.026153885043239882
0.9296875,0.046875,0.023543050174027094
0.9375,0.0546875,0.02093077848540163
0.9453125,0.0625,0.018317229131780344
0.953125,0.0703125,0.01570256137552739
0.9609375,0.078125,0.013086934590996094
0.96875,0.0859375,0.010470508260107482
0.9765625,0.09375,0.007853441959150576
0.984375,0.1015625,0.005235895339601998
0.9921875,0.109375,0.0026180281068656484
1.0,0.1171875,0.0
0.890625,0.0,0.03657966365410822
0.8984375,0.0078125,0.0339761663765007
0.90625,0.015625,0.03137059669711159
0.9140625,0.0234375,0.028763113407015883
0.921875,0.03125,0.026153875381287495
0.9296875,0.0390625,0.02354304157214551
0.9375,0.046875,0.020930771010066233
0.9453125,0.0546875,0.018317222813380336
0.953125,0.0625,0.01570255620271705
0.9609375,0.0703125,0.013086930513080818
0.96875,0.078125,0.010470505196412462
0.9765625,0.0859375,0.007853439811692623
0.984375,0.09375,0.00523589400504318
0.9921875,0.1015625,0.0026180274852885804
1.0,0.109375,0.0
0.8984375,0.0,0.033976153465903124
0.90625,0.0078125,0.031370584509488396
0.9140625,0.015625,0.028763102055944595
0.921875,0.0234375,0.026153864986932486
0.9296875,0.03125,0.02354303225066284
0.9375,0.0390625,0.020930762858163334
0.9453125,0.046875,0.018317215891454457
0.953125,0.0546875,0.015702550522562295
0.9609375,0.0625,0.013086926035522507
0.96875,0.0703125,0.01047050183991879
0.9765625,0.078125,0.007853437467968419
0.984375,0.0859375,0.005235892555472363
0.9921875,0.09375,0.0026180268136520237
1.0,0.1015625,0.0
0.90625,0.0,0.031370571616246574
0.9140625,0.0078125,0.028763089954941968
0.921875,0.015625,0.026153853811911463
0.9296875,0.0234375,0.023543022141680175
0.9375,0.03125,0.02093075394561522
0.9453125,0.0390625,0.018317208274102978
0.953125,0.046875,0.015702544246366194
0.9609375,0.0546875,0.01308692108265528
0.96875,0.0625,0.01047049813355087
0.9765625,0.0703125,0.007853434890176432
0.984375,0.078125,0.00523589096966352
0.9921875,0.0859375,0.0026180260832830366
1.0,0.09375,0.0
0.9140625,0.0,0.02876307708490056
0.921875,0.0078125,0.026153841817371466
0.9296875,0.015625,0.02354301118224072
0.9375,0.0234375,0.020930744185575244
0.9453125,0.03125,0.018317199857877126
0.953125,0.0390625,0.015702537267477536
0.9609375,0.046875,0.013086915559221634
0.96875,0.0546875,0.010470494003530012
0.9765625,0.0625,0.007853432029003418
0.984375,0.0703125,0.005235889220043785
0.9921875,0.078125,0.002618025283059474
1.0,0.0859375,0.0
0.921875,0.0,0.026153828977917296
0.9296875,0.0078125,0.023542999320286546
0.9375,0.015625,0.02093073349444039
0.9453125,0.0234375,0.018317190530975143
0.953125,0.03125,0.015702529459886594
0.9609375,0.0390625,0.01308690934522946
0.96875,0.046875,0.010470489353186853
0.9765625,0.0546875,0.007853428818749857
0.984375,0.0625,0.005235887269939852
0.9921875,0.0703125,0.002618024398392432
1.0,0.078125,0.0
0.9296875,0.0,0.023542986521054635
0.9375,0.0078125,0.02093072180055483
0.9453125,0.015625,0.018317180180449345
0.953125,0.0234375,0.015702520679636203
0.9609375,0.03125,0.013086902290704612
0.96875,0.0390625,0.010470484054443025
0.9765625,0.046875,0.007853425169858754
0.984375,0.0546875,0.005235885069206547
0.9921875,0.0625,0.002618023409622235
1.0,0.0703125,0.0
0.9375,0.0,0.020930709054596628
0.9453125,0.0078125,0.01831716870466365
0.953125,0.015625,0.015702510771983307
0.9609375,0.0234375,0.013086894212381578
0.96875,0.03125,0.010470477936678272
0.9765625,0.0390625,0.007853420957306009
0.984375,0.046875,0.00523588254701433
0.9921875,0.0546875,0.0026180222893736325
1.0,0.0625,0.0
0.9453125,0.0,0.018317156030503656
0.953125,0.0078125,0.01570249958810763
0.9609375,0.015625,0.013086884897022507
0.96875,0.0234375,0.01047047077401061
0.9765625,0.03125,0.007853416002555331
0.984375,0.0390625,0.005235879599446007
0.9921875,0.046875,0.0026180209979522195
1.0,0.0546875,0.0
0.953125,0.0,0.015702487013669175
0.9609375,0.0078125,0.013086874120074459
0.96875,0.015625,0.010470462276062867
0.9765625,0.0234375,0.007853410046355125
0.984375,0.03125,0.005235876067263061
0.9921875,0.0390625,0.002618019474787696
1.0,0.046875,0.0
0.9609375,0.0,0.013086861691021325
0.96875,0.0078125,0.010470452097210889
0.9765625,0.015625,0.007853402711957858
0.984375,0.0234375,0.005235871694640338
0.9921875,0.03125,0.002618017621214346
1.0,0.0390625,0.0
0.96875,0.0,0.010470439897300416
0.9765625,0.0078125,0.00785339347197164
0.984375,0.015625,0.005235866051630453
0.9921875,0.0234375,0.0026180152623844063
1.0,0.03125,0.0
0.9765625,0.0,0.007853381681533614
0.984375,0.0078125,0.0052358583959310305
0.9921875,0.015625,0.002618012053408725
1.0,0.0234375,0.0
0.984375,0.0,0.005235847490454666
0.9921875,0.0078125,0.0026180072195470592
1.0,0.015625,0.0
0.9921875,0.0,0.0026179987490754578
1.0,0.0078125,0.0
1.0,0.0,0.0
