scenario,initialization,h,dt,t,J_full,Q_outer_full,bulk_balance_residual,bulk_balance_normalized,M_full,mass_bulk_full,energy_bulk_full,mass_coating_full
time_dependent,prepared,0.02,0.001,0.0,0.7575757575757576,0.7575757575757576,0.0,0.0,0.0,0.3787878787878777,0.09565350474440969,0.019848484848484876
time_dependent,prepared,0.02,0.001,0.001,0.7435056624334191,0.7575757575758012,1.872807464664561e-14,1.2360529266785237e-14,0.0007435056624334191,0.37877380869273775,0.09564318085948412,0.019833259555844654
time_dependent,prepared,0.02,0.001,0.002,0.732424417931465,0.7575757575757954,4.475586568020162e-16,2.9538871348931587e-16,0.001475930080364884,0.37874865735309277,0.0956249021570219,0.019815916549764032
time_dependent,prepared,0.02,0.001,0.003,0.7236254815065524,0.7575757575757374,1.6861512186494565e-15,1.1128598043086697e-15,0.0021995555618714363,0.37871470707702126,0.09560043930638001,0.019797905894876663
time_dependent,prepared,0.02,0.001,0.004,0.7162072316435564,0.7575757575753993,-2.636779683484747e-16,1.7402745911007561e-16,0.0029157627935149926,0.37867333855109037,0.09557086069026029,0.01977958007990011
time_dependent,prepared,0.02,0.001,0.005,0.7096970139572016,0.7575757575738263,-8.534839501805891e-15,5.63299407120628e-15,0.0036254598074721943,0.37862545980747403,0.0955368688284536,0.01976106991075028
time_dependent,prepared,0.02,0.001,0.006,0.7038348227162724,0.7575757575677978,-2.0122792321330962e-15,1.3281042932217995e-15,0.0043292946301884665,0.3785717188726239,0.09549896530426452,0.01974243860308741
time_dependent,prepared,0.02,0.001,0.007,0.698463506229467,0.7575757575480457,2.7824964554667986e-15,1.8364476606752603e-15,0.005027758136417934,0.3785126066213054,0.09545753030214045,0.01972372214769499
time_dependent,prepared,0.02,0.001,0.008,0.6934803482443961,0.757575757490904,-1.9845236565174673e-15,1.309785613448235e-15,0.005721238484662329,0.3784485112120572,0.09541286465751853,0.019704943320142873
time_dependent,prepared,0.02,0.001,0.009000000000000001,0.6888140686308316,0.7575757573421272,-1.942890293094024e-16,1.2823075938375096e-16,0.006410052553293161,0.37837974952334646,0.09536521413014257,0.019686117615565803
time_dependent,prepared,0.02,0.001,0.01,0.6844128755445662,0.7575757569879881,4.871103520542874e-15,3.2149283260526073e-15,0.007094465428837727,0.3783065866419036,0.09531478444989112,0.019667256143504872
time_dependent,prepared,0.02,0.001,0.011,0.6802377574675816,0.7575757562077375,-5.620504062164855e-15,3.709532687727442e-15,0.007774703186305309,0.3782292486431614,0.095261751183867,0.019648367191806383
time_dependent,prepared,0.02,0.001,0.012,0.676258469589552,0.7575757546005327,-5.273559366969494e-16,3.480549195869017e-16,0.008450961655894861,0.3781479313581512,0.09520626650537875,0.01962945713874426
time_dependent,prepared,0.02,0.001,0.013000000000000001,0.672451004354275,0.7575757514802799,2.040034807748725e-15,1.3464229839475173e-15,0.009123412660249136,0.37806280661102565,0.09514846401056054,0.01961053101755656
time_dependent,prepared,0.02,0.001,0.014,0.6687959277364321,0.757575745731819,3.3584246494910985e-15,2.2165603033178218e-15,0.009792208587985568,0.3779740267930307,0.09508846225082257,0.019591592882809143
time_dependent,prepared,0.02,0.001,0.015,0.6652772452325366,0.7575757356241719,-4.551914400963142e-15,3.004263591687504e-15,0.010457485833218105,0.37788172830263855,0.09502636738995823,0.01957264605754353
time_dependent,prepared,0.02,0.001,0.016,0.6618816052689963,0.7575757185785214,4.163336342344337e-16,2.747802127394091e-16,0.0111193674384871,0.3777860341893312,0.0949622752462953,0.019553693305468568
time_dependent,prepared,0.02,0.001,0.017,0.6585977250269085,0.7575756908916498,-2.123301534595612e-15,1.4013791361867328e-15,0.01177796516351401,0.37768705622346277,0.09489627289156552,0.01953473695425296
time_dependent,prepared,0.02,0.001,0.018000000000000002,0.6554159672578895,0.7575756474184185,-4.468647674116255e-15,2.9493078937687776e-15,0.012433381130771899,0.3775848965433043,0.09482843992300444,0.019515778985896386
time_dependent,prepared,0.02,0.001,0.019,0.6523280222609736,0.757575581220101,-4.496403249731884e-15,2.9676268356553204e-15,0.013085709153032872,0.37747964898434416,0.09475884948985512,0.01949682110433272
time_dependent,prepared,0.02,0.001,0.02,0.6493266647611936,0.757575483187669,-4.288236432614667e-15,2.830237070615697e-15,0.013735035817794066,0.37737140016592,0.09468756913210188,0.019477864786908595
time_dependent,prepared,0.02,0.001,0.021,0.6464055652036077,0.7575753416510941,5.176414852314792e-15,3.4164356782211663e-15,0.014381441382997674,0.3772602303894719,0.09461466147341996,0.01945891132420602
time_dependent,prepared,0.02,0.001,0.022,0.6435591412848091,0.75757514198702,1.970645868709653e-15,1.300627330208397e-15,0.015025000524282482,0.37714621438876905,0.09454018479942497,0.019439961851282998
time_dependent,prepared,0.02,0.001,0.023,0.6407824397118137,0.7575748662371425,-4.163336342344337e-17,2.7478052189241282e-17,0.015665782963994297,0.37702942196224315,0.09446419354455099,0.019421017372492144
time_dependent,prepared,0.02,0.001,0.024,0.6380710409849187,0.7575744927496327,4.676814491233472e-15,3.0867027176818346e-15,0.016303854004979215,0.3769099185104778,0.09438673870533594,0.01940207878141873
time_dependent,prepared,0.02,0.001,0.025,0.6354209819622663,0.7575739958545119,2.9004576518332215e-15,1.9143065018761767e-15,0.01693927498694148,0.3767877654965867,0.09430786819385369,0.019383146877067384
time_dependent,prepared,0.02,0.001,0.026000000000000002,0.6328286922981452,0.7575733455824699,3.2612801348363973e-15,2.1524517420349004e-15,0.017572103679239625,0.3766630208433033,0.09422762714199873,0.019364222377122285
time_dependent,prepared,0.02,0.001,0.027,0.6302909418407382,0.7575725074347366,-4.690692279041286e-15,3.0958701860266456e-15,0.018202394621080364,0.3765357392777074,0.09414605816510051,0.01934530592890633
time_dependent,prepared,0.02,0.001,0.028,0.6278047967584924,0.7575714422093313,-2.7755575615628914e-16,1.8318784255306926e-16,0.018830199417838856,0.37640597263225756,0.09406320159160063,0.019326398118506897
time_dependent,prepared,0.02,0.001,0.029,0.6253675826913664,0.7575701058872828,4.107825191113079e-15,2.7111848521939057e-15,0.01945556700053022,0.3762737701090609,0.09397909566422792,0.01930749947843234
time_dependent,prepared,0.02,0.001,0.03,0.6229768535971844,0.7575684495797801,-7.494005416219807e-16,4.946091287445182e-16,0.020078543854127405,0.3761391785130806,0.09389377671706928,0.019288610494077374
time_dependent,prepared,0.02,0.001,0.031,0.6206303652524817,0.7575664195358912,1.942890293094024e-15,1.2823233996329303e-15,0.020699174219379887,0.376002242458795,0.09380727933213132,0.01926973160921665
time_dependent,prepared,0.02,0.001,0.032,0.6183260525852233,0.757563957208654,-1.1934897514720433e-15,7.877155058099763e-16,0.02131750027196511,0.3758630045541727,0.09371963647836327,0.019250863230699695
time_dependent,prepared,0.02,0.001,0.033,0.6160620101837508,0.7575609993759095,6.5503158452884236e-15,4.323292679193258e-15,0.02193356228214886,0.37572150556498035,0.09363087963558617,0.019232005732484764
time_dependent,prepared,0.02,0.001,0.034,0.6138364754524945,0.7575574783113784,2.9698465908722937e-15,1.9601460456123924e-15,0.022547398757601353,0.37557778456212093,0.0935410389053806,0.019213159459121984
time_dependent,prepared,0.02,0.001,0.035,0.6116478139894879,0.7575533220005909,5.828670879282072e-16,3.847036710161455e-16,0.02315904657159084,0.37543187905410885,0.09345014311065118,0.019194324728775254
time_dependent,prepared,0.02,0.001,0.036000000000000004,0.6094945068367331,0.7575484543957957,1.304512053934559e-15,8.610089865307748e-16,0.023768541078427574,0.37528382510654995,0.09335821988531523,0.019175501835855417
time_dependent,prepared,0.02,0.001,0.037,0.6073751393168977,0.7575427957038197,1.8041124150158794e-15,1.19076600374749e-15,0.024375916217744473,0.375133657450163,0.09326529575533868,0.01915669105332384
time_dependent,prepared,0.02,0.001,0.038,0.6052883912247682,0.7575362627006946,-6.106226635438361e-16,4.030319692993335e-16,0.02498120460896924,0.3749814095786855,0.0931713962121788,0.019137892634716314
time_dependent,prepared,0.02,0.001,0.039,0.603233028174307,0.7575287690669569,3.941291737419306e-15,2.601413898955784e-15,0.025584437637143548,0.3748271138377948,0.09307654577951242,0.01911910681592699
time_dependent,prepared,0.02,0.001,0.04,0.6012078939408267,0.7575202257379909,-9.71445146547012e-16,6.412007980385024e-16,0.026185645531084375,0.374670801505999,0.0929807680740317,0.0191003338167867
time_dependent,prepared,0.02,0.001,0.041,0.5992119036618088,0.7575105412638657,2.609024107869118e-15,1.7221041594458189e-15,0.026784857434746182,0.3745125028683964,0.09288408586096651,0.01908157384246412
time_dependent,prepared,0.02,0.001,0.042,0.597244037779194,0.7574996221737962,2.220446049250313e-16,1.465641687634312e-16,0.027382101472525375,0.37435224728400096,0.0927865211049079,0.01906282708471226
time_dependent,prepared,0.02,0.001,0.043000000000000003,0.5953033366317644,0.7574873733407317,8.326672684688674e-16,5.496245203379238e-16,0.02797740480915714,0.37419006324729187,0.09268809501643964,0.019044093722983053
time_dependent,prepared,0.02,0.001,0.044,0.5933888956072452,0.7574736983420619,4.718447854656915e-16,3.1145951766936107e-16,0.028570793704764386,0.3740259784445569,0.09258882809500592,0.019025373925424128
time_dependent,prepared,0.02,0.001,0.045,0.5914998607907412,0.7574584998130413,-3.3306690738754696e-15,2.198581885804678e-15,0.029162293565555126,0.37386001980553407,0.09248874016839796,0.01900666784977426
time_dependent,prepared,0.02,0.001,0.046,0.5896354250470296,0.7574416797899187,-3.469446951953614e-15,2.290240321153105e-15,0.029751928990602156,0.3736922135507922,0.09238785042920712,0.01898797564417017
time_dependent,prepared,0.02,0.001,0.047,0.5877948244822453,0.7574231400404224,3.0808688933348094e-15,2.0337831856908823e-15,0.030339723815084402,0.37352258523523346,0.09228617746852642,0.01896929744787327
time_dependent,prepared,0.02,0.001,0.048,0.5859773352439545,0.7574027823795215,-2.55351295663786e-15,1.6857034434277686e-15,0.030925701150328357,0.3733511597880994,0.09218373930716384,0.018950633391927218
time_dependent,prepared,0.02,0.001,0.049,0.5841822706226365,0.7573805089688964,-3.0253577421035516e-15,1.997250857579041e-15,0.03150988342095099,0.37317796154975313,0.0920805534246117,0.018931983599755592
time_dependent,prepared,0.02,0.001,0.05,0.5824089784127537,0.7573562225989595,-4.468647674116255e-15,2.9501623811722064e-15,0.032092292399363745,0.37300301430556476,0.09197663678595633,0.01891334818770194
time_dependent,prepared,0.02,0.001,0.051000000000000004,0.5806568385164254,0.7573298269526698,-1.3600232051658168e-15,8.979068014779339e-16,0.032672949237880174,0.3728263413171291,0.09187200586693252,0.018894727265524453
time_dependent,prepared,0.02,0.001,0.052000000000000005,0.5789252607526537,0.757301226850517,-2.192690473634684e-15,1.4477003310516888e-15,0.03325187449863283,0.3726479653510315,0.09176667667727041,0.01887612093684448
time_dependent,prepared,0.02,0.001,0.053,0.5772136828582325,0.7572703284764412,9.159339953157541e-16,6.047602559303554e-16,0.033829088181491065,0.37246790870541313,0.09166066478248817,0.01885752929955802
time_dependent,prepared,0.02,0.001,0.054,0.5755215686569503,0.757237039584799,-8.326672684688674e-17,5.498062198102642e-17,0.034404609750148016,0.3722861932344863,0.09155398532426229,0.018838952446211765
time_dependent,prepared,0.02,0.001,0.055,0.573848406380246,0.7572012696884772,-1.582067810090848e-15,1.0446811656441977e-15,0.03497845815652826,0.372102840371178,0.0914466530394914,0.018820390464348198
time_dependent,prepared,0.02,0.001,0.056,0.5721937071245119,0.7571629302284278,-4.718447854656915e-15,3.1158735235713568e-15,0.03555065186365277,0.37191787114807334,0.09133868227815437,0.01880184343682192
time_dependent,prepared,0.02,0.001,0.057,0.5705570034324932,0.7571219347253502,-3.0531133177191805e-15,2.0162626240822882e-15,0.03612120886708527,0.3717313062167815,0.09123008702007021,0.018783311442091354
time_dependent,prepared,0.02,0.001,0.058,0.5689378479865855,0.757078198913997,-1.3600232051658168e-15,8.982052363393406e-16,0.03669014671507185,0.3715431658658546,0.09112088089063813,0.018764794554487655
time_dependent,prepared,0.02,0.001,0.059000000000000004,0.5673358124008432,0.757031640860734,4.996003610813204e-16,3.299732363321577e-16,0.03725748252747269,0.3713534700373941,0.09101107717563327,0.018746292844461887
time_dependent,prepared,0.02,0.001,0.06,0.5657504861065235,0.756982181065301,-1.3877787807814457e-16,9.166522115675329e-17,0.03782323301357922,0.37116223834243545,0.09090068883513915,0.018727806378813994
time_dependent,prepared,0.02,0.001,0.061,0.5641814753211308,0.7569297425473899,2.1649348980190553e-15,1.4300765159082846e-15,0.03838741448890035,0.37096949007520996,0.09078972851667222,0.018709335220905475
time_dependent,prepared,0.02,0.001,0.062,0.5626284020907275,0.7568742509191348,-5.828670879282072e-15,3.8504882893055605e-15,0.03895004289099108,0.37077524422638053,0.09067820856756119,0.018690879430854613
time_dependent,prepared,0.02,0.001,0.063,0.5610909034046109,0.7568156344440181,5.828670879282072e-16,3.8507865152415913e-16,0.039511133794395685,0.37057951949534207,0.09056614104663897,0.01867243906571962
time_dependent,prepared,0.02,0.001,0.064,0.5595686303698719,0.7567538240835088,-2.609024107869118e-15,1.723826180217104e-15,0.040070702424765556,0.37038233430162876,0.09045353773528339,0.0186540141796672
time_dependent,prepared,0.02,0.001,0.065,0.5580612474455342,0.7566887535318456,-3.83026943495679e-15,2.5309411677383948e-15,0.04062876367221109,0.37018370679554197,0.09034041014786767,0.018635604824130313
time_dependent,prepared,0.02,0.001,0.066,0.5565684317285851,0.7566203592401585,-1.0269562977782698e-15,6.786470157964022e-16,0.041185332103939674,0.36998365486802853,0.09022676954164877,0.01861721104795455
time_dependent,prepared,0.02,0.001,0.067,0.555089872288709,0.7565485804305812,2.914335439641036e-15,1.926072902008731e-15,0.04174042197622838,0.3697821961598872,0.0901126269261365,0.018598832897534844
time_dependent,prepared,0.02,0.001,0.068,0.5536252695471691,0.7564733591012043,1.3322676295501878e-15,8.805780226901223e-16,0.042294047245775554,0.36957934807033427,0.08999799307198278,0.01858047041694299
time_dependent,prepared,0.02,0.001,0.069,0.5521743346971256,0.7563946400226546,9.71445146547012e-16,6.421549645816605e-16,0.04284622158047268,0.3693751277650086,0.08988287851940854,0.018562123648046835
time_dependent,prepared,0.02,0.001,0.07,0.5507367891601274,0.7563123707270828,-3.3029134982598407e-15,2.1835643750508692e-15,0.04339695836963281,0.3691695521834425,0.08976729358621556,0.0185437926306217
time_dependent,prepared,0.02,0.001,0.07100000000000001,0.5493123640787791,0.7562265014901333,1.4432899320127035e-15,9.542709288610756e-16,0.04394627073371159,0.36896263804602897,0.08965124837539455,0.018525477402454527
time_dependent,prepared,0.02,0.001,0.07200000000000001,0.5479007998407539,0.7561369853068088,-1.6653345369377348e-16,1.1012121938870718e-16,0.04449417153355234,0.3687544018605637,0.08953475278236539,0.018507177999442067
time_dependent,prepared,0.02,0.001,0.073,0.5465018456314429,0.7560437778616026,-1.3877787807814457e-16,9.177899623131911e-17,0.045040673379183785,0.36854485992833363,0.089417816501864,0.018488894455681817
time_dependent,prepared,0.02,0.001,0.074,0.5451152590164697,0.7559468374936797,-7.494005416219807e-16,4.956701347588128e-16,0.04558578863820025,0.368334028349855,0.08930044903450918,0.018470626803559397
time_dependent,prepared,0.02,0.001,0.075,0.5437408055456441,0.7558461251576422,-1.0824674490095276e-15,7.160633712210702e-16,0.0461295294437459,0.3681219230302431,0.08918265969304875,0.01845237507382791
time_dependent,prepared,0.02,0.001,0.076,0.5423782583843858,0.7557416043803551,8.326672684688674e-17,5.508941572375024e-17,0.04667190770213028,0.3679085596842492,0.08906445760832651,0.018434139295685534
time_dependent,prepared,0.02,0.001,0.077,0.5410273979632128,0.7556332412143619,1.609823385706477e-15,1.0652147747757648e-15,0.047212935100093494,0.36769395384099707,0.08894585173497346,0.018415919496846015
time_dependent,prepared,0.02,0.001,0.078,0.5396880116506738,0.7555210041883306,-5.828670879282072e-16,3.8573850673707724e-16,0.04775262311174417,0.3674781208484594,0.08882685085683756,0.018397715703606727
time_dependent,prepared,0.02,0.001,0.079,0.5383598934429703,0.7554048642550216,1.5543122344752192e-15,1.028794165899419e-15,0.04829098300518714,0.367261075877647,0.08870746359217835,0.018379527940912473
time_dependent,prepared,0.02,0.001,0.08,0.5370428436711775,0.755284794737027,1.7208456881689926e-15,1.1392031854475173e-15,0.048828025848858314,0.36704283392658205,0.0885876983986248,0.018361356232414916
time_dependent,prepared,0.02,0.001,0.081,0.5357366687259522,0.7551607712708518,-1.1102230246251565e-16,7.350905044741496e-17,0.049363762517584266,0.3668234098240372,0.08846756357792286,0.01834320060052992
time_dependent,prepared,0.02,0.001,0.082,0.5344411807964065,0.7550327717494097,-1.304512053934559e-15,8.638777697768057e-16,0.049898203698380675,0.3666028182330827,0.08834706728047767,0.018325061066490858
time_dependent,prepared,0.02,0.001,0.083,0.533156197623843,0.7549007762635187,-4.9404924595819466e-15,3.2722793610278054e-15,0.050431359896004516,0.3663810736544452,0.0882262175096985,0.018306937650399653
time_dependent,prepared,0.02,0.001,0.084,0.531881542266588,0.7547647670424353,2.498001805406602e-16,1.654821418860796e-16,0.050963241438271106,0.36615819042966674,0.08810502212616779,0.01828883037127382
time_dependent,prepared,0.02,0.001,0.085,0.5306170428813596,0.7546247283938504,-2.7478019859472624e-15,1.8206413615650473e-15,0.05149385848115247,0.365934182744156,0.0879834888516296,0.01827073924709294
time_dependent,prepared,0.02,0.001,0.08600000000000001,0.5293625325127921,0.7544806466434449,2.498001805406602e-16,1.655444587293116e-16,0.05202322101366526,0.36570906463002384,0.08786162527282058,0.018252664294841688
time_dependent,prepared,0.02,0.001,0.08700000000000001,0.5281178488932897,0.7543325100743564,2.6645352591003757e-15,1.7661543308253553e-15,0.05255133886255855,0.3654828499688433,0.08773943884514153,0.018234605530549564
time_dependent,prepared,0.02,0.001,0.088,0.5268828342571416,0.7541803088665929,6.661338147750939e-16,4.416276896543358e-16,0.05307822169681569,0.365255552494235,0.08761693689618134,0.01821656296933096
time_dependent,prepared,0.02,0.001,0.089,0.5256573351595826,0.754024035036702,6.38378239159465e-16,4.233142509365711e-16,0.05360387903197527,0.3650271857943574,0.08749412662910372,0.018198536625421258
time_dependent,prepared,0.02,0.001,0.09,0.5244412023077054,0.753863682377717,-2.942091015256665e-15,1.951341525020276e-15,0.054128320234282976,0.3647977633142863,0.08737101512589861,0.018180526512211834
time_dependent,prepared,0.02,0.001,0.091,0.5232342903983509,0.7536992463996897,-2.0261570199409107e-15,1.3441415986678818e-15,0.054651554524681324,0.3645672983582857,0.08724760935050528,0.018162532642283315
time_dependent,prepared,0.02,0.001,0.092,0.5220364579650872,0.7535307242706504,1.1379786002407855e-15,7.550976778964422e-16,0.05517359098264641,0.3643358040919801,0.08712391615181969,0.01814455502743756
time_dependent,prepared,0.02,0.001,0.093,0.5208475672309981,0.7533581147584867,-3.885780586188048e-16,2.5789730740696687e-16,0.055694438549877406,0.3641032935444521,0.08699994226658445,0.018126593678727064
time_dependent,prepared,0.02,0.001,0.094,0.51966748397008,0.753181418173428,-1.8318679906315083e-15,1.2160868194770728e-15,0.05621410603384749,0.363869779610249,0.08687569432217083,0.018108648606483983
time_dependent,prepared,0.02,0.001,0.095,0.5184960773750779,0.7530006363115445,-1.887379141862766e-15,1.2532387430027942e-15,0.056732602111222566,0.36363527505131304,0.086751178839255,0.01809071982034773
time_dependent,prepared,0.02,0.001,0.096,0.5173332199294586,0.7528157723991378,-2.858824288409778e-15,1.8987542458754798e-15,0.057249935331152024,0.3633997924988437,0.08662640223440041,0.018072807329290376
time_dependent,prepared,0.02,0.001,0.097,0.5161787872883088,0.7526268310381079,5.384581669432009e-15,3.577192206930071e-15,0.057766114118440334,0.36316334445509324,0.08650137082253907,0.01805491114164177
time_dependent,prepared,0.02,0.001,0.098,0.515032658162622,0.7524338181525156,4.996003610813204e-16,3.319895710615529e-16,0.058281146776602955,0.36292594329510297,0.08637609081936896,0.01803703126511321
time_dependent,prepared,0.02,0.001,0.099,0.5138947142099171,0.7522367409360737,3.969047313034935e-15,2.638163690393461e-15,0.05879504149081287,0.3626876012683778,0.0862505683436618,0.01801916770682004
time_dependent,prepared,0.02,0.001,0.1,0.5127648399284346,0.7520356078009359,-3.3306690738754696e-16,2.214435752327501e-16,0.0593078063307413,0.36244833050050496,0.0861248094194925,0.018001320473302773
time_dependent,prepared,0.02,0.001,0.101,0.5116429225586874,0.7518304283275167,-1.3600232051658168e-15,9.044747019559023e-16,0.05981944925329999,0.36220814299473575,0.08599881997838686,0.0179834895705488
time_dependent,prepared,0.02,0.001,0.10200000000000001,0.510528851985707,0.7516212132156513,-9.43689570931383e-16,6.277693832602255e-16,0.060329978105285696,0.36196705063350487,0.0858726058613968,0.017965675004010646
time_dependent,prepared,0.02,0.001,0.10300000000000001,0.5094225206492919,0.7514079742368265,-4.052314039881821e-15,2.6964805929811948e-15,0.060839400625934986,0.36172506517991887,0.08574617282110156,0.01794787677862618
time_dependent,prepared,0.02,0.001,0.10400000000000001,0.5083238234551714,0.7511907241877019,1.4988010832439613e-15,9.976168734409523e-16,0.061347724449390156,0.36148219827918693,0.08561952652354832,0.017930094898835635
time_dependent,prepared,0.02,0.001,0.105,0.5072326576919723,0.7509694768448517,1.6653345369377348e-16,1.1087897632900653e-16,0.06185495710708213,0.3612384614600325,0.08549267255011629,0.01791232936859933
time_dependent,prepared,0.02,0.001,0.106,0.506148922950546,0.7507442469206872,4.440892098500626e-16,2.9576597601085485e-16,0.06236110603003268,0.3609938661360631,0.08536561639932574,0.017894580191414183
time_dependent,prepared,0.02,0.001,0.107,0.5050725210473145,0.7505150500206889,-1.942890293094024e-15,1.2943713074377844e-15,0.06286617855108,0.3607484236070876,0.08523836348858674,0.017876847370329213
time_dependent,prepared,0.02,0.001,0.108,0.5040033559508419,0.750281902601774,-2.220446049250313e-16,1.4797411756503851e-16,0.06337018190703084,0.36050214506043965,0.08511091915588942,0.01785913090796109
time_dependent,prepared,0.02,0.001,0.109,0.5029413337114838,0.7500448219319307,1.7208456881689926e-15,1.1471619014291146e-15,0.06387312324074232,0.360255041572218,0.08498328866143907,0.017841430806508556
time_dependent,prepared,0.02,0.001,0.11,0.5018863623925455,0.7498038260510073,-3.469446951953614e-15,2.3135697841301786e-15,0.06437500960313486,0.36000712410856084,0.08485547718923804,0.01782374706776592
time_dependent,prepared,0.02,0.001,0.111,0.5008383520072726,0.7495589337327426,8.604228440844963e-16,5.739527643274558e-16,0.06487584795514213,0.35975840352683514,0.0847274898486215,0.017806079693137217
time_dependent,prepared,0.02,0.001,0.112,0.4997972144551166,0.7493101644479446,2.4147350785597155e-15,1.6113054334040506e-15,0.06537564516959725,0.3595088905768442,0.08459933167573809,0.01778842868364821
time_dependent,prepared,0.02,0.001,0.113,0.49876286346292625,0.7490575383288426,-1.5543122344752192e-15,1.0375119099281159e-15,0.06587440803306018,0.3592585959019769,0.08447100763499159,0.01777079403995925
time_dependent,prepared,0.02,0.001,0.114,0.4977352145274806,0.7488010761345326,1.27675647831893e-15,8.525338163974152e-16,0.06637214324758765,0.3590075300403681,0.08434252262043382,0.017753175762376998
time_dependent,prepared,0.02,0.001,0.115,0.49671418485969615,0.7485407992176031,-1.887379141862766e-15,1.26070559135555e-15,0.06686885743244735,0.3587557034260103,0.08421388145711482,0.017735573850865334
time_dependent,prepared,0.02,0.001,0.116,0.49569969333286246,0.7482767294918277,-2.0539125955565396e-15,1.372428484413382e-15,0.06736455712578021,0.3585031263898521,0.08408508890239298,0.01771798830505684
time_dependent,prepared,0.02,0.001,0.117,0.4946916604313555,0.7480088894009518,7.216449660063518e-16,4.82377265986963e-16,0.06785924878621157,0.35824980916088384,0.08395614964720842,0.01770041912426299
time_dependent,prepared,0.02,0.001,0.11800000000000001,0.49369000820166975,0.7477373018885028,3.1086244689504383e-15,2.0786875692166334e-15,0.06835293879441323,0.3579957618671974,0.08382706831731375,0.017682866307484075
time_dependent,prepared,0.02,0.001,0.11900000000000001,0.4926946602056577,0.7474619903687216,8.326672684688674e-16,5.569963952669444e-16,0.06884563345461889,0.35774099453703323,0.08369784947447247,0.01766532985341927
time_dependent,prepared,0.02,0.001,0.12,0.49170554147528495,0.7471829786983639,1.6653345369377348e-15,1.1144087756380922e-15,0.06933733899609418,0.3574855170998075,0.08356849761762197,0.017647809760475454
time_dependent,prepared,0.02,0.001,0.121,0.49072257846962897,0.7469002911495962,-7.216449660063518e-16,4.83093241867417e-16,0.06982806157456381,0.35722933938712914,0.08343901718399993,0.017630306026776513
time_dependent,prepared,0.02,0.001,0.122,0.48974569903253923,0.7466139523838558,-4.440892098500626e-16,2.974021637501784e-16,0.07031780727359635,0.35697247113377745,0.0833094125502438,0.01761281865017202
time_dependent,prepared,0.02,0.001,0.123,0.48877483235275504,0.7463239874266017,1.7208456881689926e-15,1.152881132832562e-15,0.0708065821059491,0.3567149219787041,0.08317968803345357,0.0175953476282452
time_dependent,prepared,0.02,0.001,0.124,0.487809908925003,0.7460304216429464,3.2751579226442118e-15,2.1950565470450147e-15,0.0712943920148741,0.3564567014659864,0.08304984789223195,0.017577892958321104
time_dependent,prepared,0.02,0.001,0.125,0.486850860513139,0.7457332807143106,1.1102230246251565e-15,7.443834500464521e-16,0.07178124287538724,0.3561978190457858,0.08291989632768433,0.017560454637474254
time_dependent,prepared,0.02,0.001,0.126,0.48589762011364207,0.745432590615812,-3.3306690738754696e-16,2.234051150838441e-16,0.07226714049550088,0.3559382840752823,0.08278983748440778,0.017543032662536054
time_dependent,prepared,0.02,0.001,0.127,0.4849501219219337,0.7451283775945404,-2.3314683517128287e-15,1.5644742716948935e-15,0.07275209061742281,0.35567810581961046,0.08265967545143624,0.017525627030102187
time_dependent,prepared,0.02,0.001,0.128,0.48400830129825023,0.74482066814869,3.9968028886505635e-15,2.6830638968336626e-15,0.07323609891872106,0.3554172934527601,0.08252941426317228,0.01750823773653913
time_dependent,prepared,0.02,0.001,0.129,0.4830720947356782,0.7445094890074255,-3.497202527569243e-15,2.3486621589146538e-15,0.07371917101345674,0.35515585605848865,0.08239905790028917,0.017490864777990802
time_dependent,prepared,0.02,0.001,0.13,0.48214143982887503,0.7441948671115548,-3.3306690738754696e-16,2.2377667604741777e-16,0.07420131245328561,0.35489380263120557,0.08226861029060886,0.01747350815038482
time_dependent,prepared,0.02,0.001,0.131,0.4812162752461499,0.7438768295949668,8.326672684688674e-16,5.596808741322442e-16,0.07468252872853176,0.3546311420768559,0.08213807530996017,0.01745616784943967
time_dependent,prepared,0.02,0.001,0.132,0.4802965406980411,0.7435554037667077,-3.83026943495679e-15,2.5756449455907366e-15,0.07516282526922981,0.35436788321378926,0.08200745678301297,0.017438843870669393
time_dependent,prepared,0.02,0.001,0.133,0.47938217691076657,0.7432306170939037,-2.220446049250313e-15,1.493779991150293e-15,0.07564220744614057,0.35410403477360397,0.0818767584840878,0.017421536209389847
time_dependent,prepared,0.02,0.001,0.134,0.4784731255998475,0.7429024971852063,2.0539125955565396e-15,1.3823567718096487e-15,0.07612068057174042,0.3538396054020204,0.08174598413795399,0.01740424486072416
time_dependent,prepared,0.02,0.001,0.135,0.47756932944375075,0.7425710717750531,1.4432899320127035e-15,9.718193900030608e-16,0.07659824990118416,0.3535746036596889,0.08161513742059683,0.017386969819608453
time_dependent,prepared,0.02,0.001,0.136,0.47667073205869626,0.7422363687084443,-3.1086244689504383e-15,2.0940933373823495e-15,0.07707492063324285,0.3533090380230386,0.08148422195997712,0.017369711080796497
time_dependent,prepared,0.02,0.001,0.137,0.4757772779749331,0.7418984159263797,4.9404924595819466e-15,3.3296286617709847e-15,0.07755069791121778,0.3530429168850858,0.08135324133676121,0.017352468638864846
time_dependent,prepared,0.02,0.001,0.138,0.47488891261390515,0.7415572414519184,-1.8318679906315083e-15,1.235149418165507e-15,0.07802558682383169,0.35277624855624934,0.08122219908504213,0.017335242488217915
time_dependent,prepared,0.02,0.001,0.139,0.47400558226436784,0.7412128733768217,-2.942091015256665e-15,1.984646463203665e-15,0.07849959240609605,0.3525090412651364,0.08109109869303786,0.01731803262309219
time_dependent,prepared,0.02,0.001,0.14,0.4731272340624668,0.7408653398486689,3.6637359812630166e-15,2.472605873296335e-15,0.07897271964015852,0.35224130315935126,0.08095994360377741,0.017300839037561116
time_dependent,prepared,0.02,0.001,0.14100000000000001,0.47225381596951105,0.7405146690586393,-1.1102230246251565e-16,7.496293260716225e-17,0.07944497345612803,0.3519730423062607,0.08082873721576746,0.01728366172553932
time_dependent,prepared,0.02,0.001,0.14200000000000002,0.47138527675198744,0.7401608892297203,-1.7763568394002505e-15,1.1999802105518526e-15,0.07991635873288001,0.3517042666937837,0.08069748288364306,0.01726650068078659
time_dependent,prepared,0.02,0.001,0.14300000000000002,0.47052156596199024,0.7398040286054741,-8.881784197001252e-16,6.002795236019033e-16,0.080386880298842,0.35143498423113934,0.08056618391880953,0.017249355896912184
time_dependent,prepared,0.02,0.001,0.14400000000000002,0.46966263391903296,0.7394441154392413,8.881784197001252e-16,6.005717005216364e-16,0.08085654293276104,0.3511652027496193,0.08043484359006296,0.017232227367378943
time_dependent,prepared,0.02,0.001,0.145,0.46880843168999325,0.7390811779839079,-9.43689570931383e-16,6.384207845108529e-16,0.08132535136445103,0.3508949300033262,0.08030346512419678,0.017215115085506466
time_dependent,prepared,0.02,0.001,0.146,0.46795891107330595,0.7387152444819757,-6.661338147750939e-16,4.50873201650401e-16,0.08179331027552433,0.3506241736699184,0.08017205170660442,0.01719801904447543
time_dependent,prepared,0.02,0.001,0.147,0.46711402458061363,0.738346343156247,-2.7755575615628914e-15,1.8795769676992495e-15,0.08226042430010495,0.3503529413513407,0.0800406064818555,0.01718093923733078
time_dependent,prepared,0.02,0.001,0.148,0.46627372542057893,0.7379745022007916,3.497202527569243e-15,2.3694602707409664e-15,0.08272669802552553,0.3500812405745604,0.07990913255426957,0.01716387565698536
time_dependent,prepared,0.02,0.001,0.149,0.4654379674827357,0.7375997497724095,-1.1102230246251565e-16,7.525917850214309e-17,0.08319213599300826,0.34980907879227263,0.07977763298847104,0.017146828296223007
time_dependent,prepared,0.02,0.001,0.15,0.46460670532226894,0.7372221139824242,3.3306690738754696e-15,2.258931881386067e-15,0.08365674269833052,0.3495364633836119,0.07964611080993884,0.017129797147702155
time_dependent,prepared,0.02,0.001,0.151,0.4637798941442898,0.7368416228889085,-3.3306690738754696e-16,2.260098351133474e-16,0.08412052259247481,0.3492634016548667,0.07951456900553877,0.01711278220395844
time_dependent,prepared,0.02,0.001,0.152,0.4629574897902151,0.7364583044892272,-1.1102230246251565e-16,7.537582357735479e-17,0.08458348008226502,0.3489899008401668,0.07938301052404696,0.017095783457408375
time_dependent,prepared,0.02,0.001,0.153,0.4621394487228325,0.7360721867129915,2.55351295663786e-15,1.7345533513776952e-15,0.08504561953098785,0.348715968102178,0.07925143827666463,0.017078800900351673
time_dependent,prepared,0.02,0.001,0.154,0.4613257280130818,0.7356832974152687,1.5543122344752192e-15,1.0563731974995893e-15,0.08550694525900093,0.3484416105327754,0.07911985513751749,0.01706183452497444
time_dependent,prepared,0.02,0.001,0.155,0.4605162853267016,0.7352916643702344,-4.6629367034256575e-15,3.1708075375908164e-15,0.08596746154432763,0.34816683515373265,0.07898826394415107,0.017044884323351883
time_dependent,prepared,0.02,0.001,0.156,0.45971107891165475,0.734897315264993,9.992007221626409e-16,6.798233585887732e-16,0.08642717262323929,0.3478916489173791,0.0788566674980123,0.017027950287450976
time_dependent,prepared,0.02,0.001,0.157,0.45891006758516656,0.734500277693864,1.4432899320127035e-15,9.824978804257566e-16,0.08688608269082446,0.34761605870726836,0.07872506856492184,0.017011032409132973
time_dependent,prepared,0.02,0.001,0.158,0.4581132107216817,0.7341005791528009,-2.9976021664879227e-15,2.0416835591843244e-15,0.08734419590154614,0.34734007133883826,0.07859346987553997,0.016994130680155633
time_dependent,prepared,0.02,0.001,0.159,0.4573204682425247,0.7336982470342283,1.1657341758564144e-15,7.944234435400184e-16,0.08780151636978867,0.3470636935600479,0.07846187412582008,0.01697724509217672
time_dependent,prepared,0.02,0.001,0.16,0.45653180060259685,0.733293308622065,4.718447854656915e-15,3.2172991347237017e-15,0.08825804817039126,0.34678693205202815,0.078330283977456,0.01696037563675504
time_dependent,prepared,0.02,0.001,0.161,0.45574716878041954,0.7328857910870213,9.43689570931383e-16,6.438176196128017e-16,0.08871379533917167,0.34650979342972166,0.07819870205831936,0.01694352230535337
time_dependent,prepared,0.02,0.001,0.162,0.45496653426794387,0.732475721482173,-3.885780586188048e-16,2.6524978727794055e-16,0.08916876187343963,0.34623228424250724,0.07806713096289132,0.016926685089341
time_dependent,prepared,0.02,0.001,0.163,0.4541898590591525,0.732063126738752,-1.3322676295501878e-15,9.099404005534822e-16,0.08962295173249878,0.3459544109748277,0.07793557325268319,0.016909863979995145
time_dependent,prepared,0.02,0.001,0.164,0.4534171056406167,0.7316480336621756,3.885780586188048e-15,2.655498550811538e-15,0.0900763688381394,0.3456761800468043,0.07780403145665109,0.016893058968503717
time_dependent,prepared,0.02,0.001,0.165,0.45264823698172607,0.7312304689283139,-2.7755575615628914e-16,1.8978678265627587e-16,0.09052901707512112,0.3453975978148589,0.07767250807160406,0.016876270045966885
time_dependent,prepared,0.02,0.001,0.166,0.4518832165251453,0.7308104590799309,-2.831068712794149e-15,1.9369377364675293e-15,0.09098090029164627,0.34511867057230455,0.07754100556260247,0.016859497203399354
time_dependent,prepared,0.02,0.001,0.167,0.45112200817758624,0.7303880305233613,-2.4980018054066022e-15,1.7100511652803628e-15,0.09143202229982385,0.344839404549959,0.07740952636335274,0.016842740431732187
time_dependent,prepared,0.02,0.001,0.168,0.45036457630116566,0.7299632095254054,2.55351295663786e-15,1.7490696266035473e-15,0.09188238687612502,0.3445598059167342,0.07727807287659114,0.016825999721814693
time_dependent,prepared,0.02,0.001,0.169,0.44961088570401253,0.729536022210374,-1.6653345369377348e-16,1.1413655297596174e-16,0.09233199776182903,0.3442798807802281,0.07714664747446531,0.01680927506441604
time_dependent,prepared,0.02,0.001,0.17,0.4488609016328993,0.7291064945573268,-2.942091015256665e-15,2.0176003349434886e-15,0.09278085866346193,0.3439996351873043,0.07701525249890442,0.016792566450227475
time_dependent,prepared,0.02,0.001,0.171,0.4481145897642506,0.7286746523974569,-3.552713678800501e-15,2.437791452681598e-15,0.09322897325322618,0.3437190751246717,0.07688389026198957,0.016775873869863556
time_dependent,prepared,0.02,0.001,0.17200000000000001,0.44737191619647065,0.7282405214117654,-8.715250743307479e-15,5.983772179013168e-15,0.09367634516942265,0.3434382065194543,0.07675256304631158,0.016759197313864205
time_dependent,prepared,0.02,0.001,0.17300000000000001,0.4466328474423326,0.7278041271287107,8.881784197001252e-16,6.101768227147276e-16,0.09412297801686498,0.34315703523976854,0.0766212731053263,0.016742536772696003
time_dependent,prepared,0.02,0.001,0.17400000000000002,0.4458973504209059,0.7273654949221823,1.6653345369377348e-16,1.1447714722265604e-16,0.09456887536728588,0.3428755670952678,0.07649002266370279,0.01672589223675398
time_dependent,prepared,0.02,0.001,0.17500000000000002,0.44516539245107734,0.7269246500095066,1.7208456881689926e-15,1.1836479118891385e-15,0.09501404075973696,0.3425938078377076,0.07635881391766959,0.016709263696363087
time_dependent,prepared,0.02,0.001,0.176,0.44443694124395794,0.7264816174496712,-7.216449660063518e-16,4.966711811234135e-16,0.09545847770098093,0.3423117631615034,0.07622764903534754,0.016692651141779816
time_dependent,prepared,0.02,0.001,0.177,0.4437119648961012,0.7260364221416205,5.662137425588298e-15,3.89934805810873e-15,0.09590218966587703,0.342029438704257,0.07609653015708731,0.01667605456319356
time_dependent,prepared,0.02,0.001,0.178,0.4429904318820585,0.7255890888227722,3.3306690738754696e-16,2.295148263102532e-16,0.0963451800977591,0.34174684004731615,0.07596545939579095,0.016659473950727754
time_dependent,prepared,0.02,0.001,0.179,0.44227231104929415,0.7251396420675389,3.3306690738754696e-16,2.2965708124706642e-16,0.09678745240880839,0.34146397271629797,0.0758344388372414,0.01664290929444186
time_dependent,prepared,0.02,0.001,0.18,0.4415575716102524,0.7246881062860966,2.275957200481571e-15,1.5703011962935762e-15,0.09722900998041864,0.3411808421816236,0.07570347054041088,0.01662636058433202
time_dependent,prepared,0.02,0.001,0.181,0.44084618313721985,0.7242345057231756,1.1102230246251565e-15,7.664803429357152e-16,0.09766985616355586,0.34089745385903597,0.0755725565377814,0.01660982781033303
time_dependent,prepared,0.02,0.001,0.182,0.4401381155561417,0.7237788644569895,1.3322676295501878e-15,9.20355439330017e-16,0.098109994279112,0.3406138131101365,0.07544169883564714,0.016593310962319315
time_dependent,prepared,0.02,0.001,0.183,0.4394333391394853,0.7233212063983263,-2.4980018054066022e-15,1.726758308279835e-15,0.09854942761825149,0.34032992524287803,0.07531089941441882,0.016576810030105756
time_dependent,prepared,0.02,0.001,0.184,0.43873182450267706,0.722861555289613,-1.6653345369377348e-16,1.1519042095623153e-16,0.09898815944275416,0.3400457955120907,0.07518016022892403,0.01656032500344977
time_dependent,prepared,0.02,0.001,0.185,0.43803354259667604,0.7223999347042629,-2.4980018054066022e-15,1.7289604313358929e-15,0.09942619298535084,0.3397614291199834,0.07504948320869893,0.016543855872051927
time_dependent,prepared,0.02,0.001,0.186,0.4373384647030822,0.7219363680458775,1.0547118733938987e-15,7.304742634373514e-16,0.09986353145005392,0.33947683121664024,0.07491887025828013,0.01652740262555708
time_dependent,prepared,0.02,0.001,0.187,0.4366465624290331,0.7214708785478069,7.216449660063518e-16,5.001206475990375e-16,0.10030017801248295,0.33919200690052015,0.07478832325748931,0.016510965253555745
time_dependent,prepared,0.02,0.001,0.188,0.43595780770194803,0.7210034892725626,-2.220446049250313e-15,1.5398303075416297e-15,0.1007361358201849,0.3389069612189507,0.07465784406171481,0.016494543745585045
time_dependent,prepared,0.02,0.001,0.189,0.43527217276401053,0.7205342231114346,3.885780586188048e-15,2.6964580317978045e-15,0.10117140799294891,0.33862169916860324,0.07452743450219046,0.016478138091129774
time_dependent,prepared,0.02,0.001,0.19,0.4345896301683832,0.7200631027842005,-3.83026943495679e-15,2.6596762284768214e-15,0.1016059976231173,0.33833622569598815,0.07439709638626915,0.016461748279623725
time_dependent,prepared,0.02,0.001,0.191,0.43391015277248396,0.7195901508387986,-9.43689570931383e-16,6.557132347012817e-16,0.10203990777588978,0.3380505456979214,0.07426683149769213,0.01644537430045014
time_dependent,prepared,0.02,0.001,0.192,0.4332337137349403,0.7191153896512106,7.216449660063518e-16,5.017588111668475e-16,0.10247314148962472,0.33776466402200456,0.0741366415968553,0.01642901614294305
time_dependent,prepared,0.02,0.001,0.193,0.4325602865109517,0.7186388414252965,4.440892098500626e-16,3.089794095802614e-16,0.10290570177613567,0.33747858546708964,0.07400652842107365,0.016412673796388638
time_dependent,prepared,0.02,0.001,0.194,0.4318898448465476,0.7181605281927856,-2.9976021664879227e-15,2.0870000848078092e-15,0.10333759162098222,0.3371923147837427,0.07387649368483762,0.016396347250025502
time_dependent,prepared,0.02,0.001,0.195,0.4312223627752605,0.7176804718132405,1.1102230246251565e-15,7.734800292253634e-16,0.10376881398375748,0.33690585667470474,0.07374653908007081,0.01638003649304585
time_dependent,prepared,0.02,0.001,0.196,0.43055781461364395,0.7171986939741732,3.219646771412954e-15,2.2445988806617155e-15,0.10419937179837112,0.3366192157953452,0.07361666627638237,0.016363741514596596
time_dependent,prepared,0.02,0.001,0.197,0.4298961749565849,0.7167152161911624,-2.942091015256665e-15,2.0524825961501254e-15,0.10462926797332771,0.33633239675411036,0.07348687692131455,0.01634746230377987
time_dependent,prepared,0.02,0.001,0.198,0.42923741867429244,0.7162300598079763,-1.9984014443252818e-15,1.3950834769913614e-15,0.105058505392002,0.3360454041129776,0.07335717264058934,0.016331198849654317
time_dependent,prepared,0.02,0.001,0.199,0.42858152090710694,0.7157432459969107,4.496403249731884e-15,3.1410727763620952e-15,0.1054870869129091,0.33575824238788726,0.07322755503834893,0.016314951141235576
time_dependent,prepared,0.02,0.001,0.2,0.4279284570625237,0.7152547957589911,-2.7755575615628914e-16,1.9402579178917737e-16,0.10591501536997162,0.3354709160491908,0.07309802569739957,0.01629871916749734
time_dependent,prepared,0.02,0.001,0.201,0.4272782028107702,0.7147647299243232,-2.0539125955565396e-15,1.4367752839273447e-15,0.1063422935727824,0.33518342952207897,0.07296858617944263,0.016282502917372113
time_dependent,prepared,0.02,0.001,0.202,0.42663073408166013,0.714273069152472,4.052314039881821e-15,2.8366700460162414e-15,0.10676892430686405,0.3348957871870059,0.0728392380253119,0.01626630237975209
time_dependent,prepared,0.02,0.001,0.203,0.42598602706009275,0.7137798339328734,-1.6653345369377348e-16,1.1665603718179223e-16,0.10719491033392414,0.3346079933801345,0.07270998275520012,0.016250117543489585
time_dependent,prepared,0.02,0.001,0.20400000000000001,0.4253440581831293,0.7132850445853053,3.6637359812630166e-15,2.568213093121177e-15,0.10762025439210728,0.3343200523937308,0.07258082186888917,0.016233948397398116
time_dependent,prepared,0.02,0.001,0.20500000000000002,0.42470480413666045,0.7127887212603313,4.052314039881821e-15,2.8425772736110576e-15,0.10804495919624393,0.3340319684766088,0.07245175684597444,0.016217794930253146
time_dependent,prepared,0.02,0.001,0.20600000000000002,0.4240682418515921,0.7122908839399099,0.0,0.0,0.10846902743809553,0.3337437458345192,0.07232278914608513,0.01620165713079267
time_dependent,prepared,0.02,0.001,0.20700000000000002,0.4234343485003991,0.7117915524378846,-1.8318679906315083e-15,1.2868008789633472e-15,0.10889246178659592,0.3334553886305822,0.07219392020910448,0.016185534987718072
time_dependent,prepared,0.02,0.001,0.20800000000000002,0.42280310149420325,0.711290746400623,-2.3869795029440866e-15,1.6779210997914933e-15,0.10931526488809012,0.33316690098567486,0.07206515145538561,0.01616942848969473
time_dependent,prepared,0.02,0.001,0.209,0.4221744784792458,0.7107884853076442,2.7755575615628914e-16,1.9524497223400935e-16,0.10973743936656936,0.3328782869788471,0.0719364842859652,0.016153337625352593
time_dependent,prepared,0.02,0.001,0.21,0.42154845733411267,0.710284788472265,-7.216449660063518e-16,5.079969173762833e-16,0.11015898782390347,0.33258955064770945,0.07180792008277488,0.016137262383287037
time_dependent,prepared,0.02,0.001,0.211,0.42092501616661676,0.7097796750422919,-2.3314683517128287e-15,1.6423887818243833e-15,0.11057991284007009,0.33230069598883416,0.07167946020884947,0.01612120275205974
time_dependent,prepared,0.02,0.001,0.212,0.42030413330995314,0.7092731640007076,4.551914400963142e-15,3.208858470894146e-15,0.11100021697338004,0.33201172695814357,0.07155110600853436,0.01610515872019846
time_dependent,prepared,0.02,0.001,0.213,0.41968578732115386,0.7087652741664612,6.994405055138486e-15,4.9342182172822845e-15,0.1114199027607012,0.3317226474712975,0.07142285880768527,0.016089130276198824
time_dependent,prepared,0.02,0.001,0.214,0.41906995697700183,0.7082560241952046,9.992007221626409e-16,7.053951452781765e-16,0.1118389727176782,0.33143346140408037,0.07129471991387518,0.0160731174085241
time_dependent,prepared,0.02,0.001,0.215,0.41845662127175937,0.7077454325800351,-1.0547118733938987e-15,7.451209325004212e-16,0.11225742933894996,0.33114417259277273,0.07116669061658941,0.01605712010560609
time_dependent,prepared,0.02,0.001,0.216,0.41784575941419494,0.7072335176523543,-1.4432899320127035e-15,1.0203772134582034e-15,0.11267527509836416,0.3308547848345328,0.07103877218742345,0.016041138355845818
time_dependent,prepared,0.02,0.001,0.217,0.41723735082505514,0.7067202975826788,-2.9976021664879227e-15,2.1207839768725765e-15,0.1130925124491892,0.330565301887775,0.07091096588027507,0.016025172147613943
time_dependent,prepared,0.02,0.001,0.218,0.41663137513416626,0.7062057903814528,1.5543122344752192e-15,1.1004669287939887e-15,0.11350914382432337,0.3302757274725282,0.07078327293153973,0.016009221469251458
time_dependent,prepared,0.02,0.001,0.219,0.4160278121777338,0.7056900138999382,-3.9968028886505635e-15,2.831840333521634e-15,0.1139251716365011,0.32998606527080787,0.07065569456029765,0.015993286309070112
time_dependent,prepared,0.02,0.001,0.22,0.41542664199616164,0.7051729858310807,-4.107825191113079e-15,2.912636525824808e-15,0.11434059827849725,0.32969631892696966,0.07052823196850315,0.01597736665535319
time_dependent,prepared,0.02,0.001,0.221,0.414827844830759,0.7046547237103812,-1.609823385706477e-15,1.1422781481048649e-15,0.11475542612332801,0.3294064920480929,0.07040088634116923,0.01596146249635563
time_dependent,prepared,0.02,0.001,0.222,0.41423140112261764,0.704135244916859,-1.4988010832439613e-15,1.064284946722795e-15,0.11516965752445063,0.3291165882042977,0.07027365884655064,0.015945573820305217
time_dependent,prepared,0.02,0.001,0.223,0.41363729150873485,0.7036145666738624,2.9976021664879227e-15,2.130145045644967e-15,0.11558329481595936,0.3288266109291314,0.07014655063632645,0.01592970061540262
time_dependent,prepared,0.02,0.001,0.224,0.4130454968200686,0.7030927060501176,-2.7755575615628914e-16,1.9738204774983438e-16,0.11599634031277943,0.3285365637199012,0.07001956284577739,0.015913842869821844
time_dependent,prepared,0.02,0.001,0.225,0.4124559980794686,0.7025696799605988,-1.27675647831893e-15,9.086333460835753e-16,0.1164087963108589,0.32824645003802094,0.06989269659396441,0.01589800057171093
time_dependent,prepared,0.02,0.001,0.226,0.4118687764994069,0.7020455051674652,-1.6653345369377348e-15,1.1860588271557196e-15,0.1168206650873583,0.327956273309353,0.06976595298390464,0.015882173709192576
time_dependent,prepared,0.02,0.001,0.227,0.4112838134794624,0.7015201982811013,-9.43689570931383e-16,6.726032787392704e-16,0.11723194890083777,0.32766603692454926,0.0696393331027415,0.015866362270364504
time_dependent,prepared,0.02,0.001,0.228,0.4107010906036336,0.7009937757610055,5.551115123125783e-16,3.959461064471961e-16,0.1176426499914414,0.3273757442393942,0.06951283802192089,0.015850566243299623
time_dependent,prepared,0.02,0.001,0.229,0.4101205896390471,0.700466253916818,3.3306690738754696e-15,2.3774657631622222e-15,0.11805277058108045,0.3270853985751158,0.06938646879735527,0.015834785616046922
time_dependent,prepared,0.02,0.001,0.23,0.409542292533609,0.6999376489092749,-1.7208456881689926e-15,1.2292849876346976e-15,0.11846231287361406,0.3267950032187389,0.06926022646959581,0.015819020376631986
time_dependent,prepared,0.02,0.001,0.231,0.40896618141329344,0.6994079767512291,2.220446049250313e-16,1.5873754111043677e-16,0.11887127905502735,0.32650456142340284,0.06913411206399532,0.015803270513057032
time_dependent,prepared,0.02,0.001,0.232,0.40839223858049256,0.6988772533086125,9.43689570931383e-16,6.751468633896609e-16,0.11927967129360785,0.3262140764086756,0.06900812659087364,0.015787536013301677
time_dependent,prepared,0.02,0.001,0.233,0.40782044651175064,0.6983454943015069,-2.3869795029440866e-15,1.709024775288036e-15,0.1196874917401196,0.32592355136088524,0.06888227104567908,0.01577181686532311
time_dependent,prepared,0.02,0.001,0.234,0.4072507878563913,0.6978127153050608,-2.7755575615628914e-16,1.9887553642165355e-16,0.12009474252797599,0.32563298943343616,0.06875654640914944,0.015756113057056972
time_dependent,prepared,0.02,0.001,0.23500000000000001,0.4066832454333395,0.6972789317505881,4.440892098500626e-16,3.1844444857607583e-16,0.12050142577340933,0.32534239374711865,0.06863095364746956,0.015740424576417212
time_dependent,prepared,0.02,0.001,0.23600000000000002,0.40611780223067045,0.6967441589265155,5.10702591327572e-15,3.664921942900946e-15,0.12090754357564,0.32505176739042296,0.06850549371242877,0.015724751411297033
time_dependent,prepared,0.02,0.001,0.23700000000000002,0.40555444140206065,0.6962084119794733,2.1094237467877974e-15,1.5149369861750449e-15,0.12131309801704206,0.3247611134198465,0.06838016754157776,0.015709093549568818
time_dependent,prepared,0.02,0.001,0.23800000000000002,0.4049931462665561,0.6956717059152567,1.27675647831893e-15,9.176429538981833e-16,0.12171809116330862,0.3244704348601982,0.06825497605837949,0.015693450979085168
time_dependent,prepared,0.02,0.001,0.23900000000000002,0.404433900305172,0.6951340555998704,-2.1094237467877974e-15,1.5172783794684466e-15,0.12212252506361379,0.32417973470490075,0.06812992017236247,0.015677823687678484
time_dependent,prepared,0.02,0.001,0.24,0.40387668715993535,0.6945954757605759,-6.106226635438361e-16,4.395527215860498e-16,0.12252640175077373,0.32388901591630115,0.06800500077927123,0.015662211663161896
time_dependent,prepared,0.02,0.001,0.241,0.40332149063221007,0.6940559809868949,-1.8318679906315083e-15,1.3196831673626193e-15,0.12292972324140594,0.3235982814259464,0.06788021876121393,0.01564661489332971
time_dependent,prepared,0.02,0.001,0.242,0.40276829468044767,0.6935155857316603,-3.885780586188048e-16,2.8015091990243754e-16,0.12333249153608639,0.3233075341348947,0.06775557498681131,0.01563103336595748
time_dependent,prepared,0.02,0.001,0.243,0.4022170834185281,0.6929743043120239,2.6645352591003757e-15,1.9225353974312854e-15,0.12373470861950492,0.3230167769140034,0.06763107031134132,0.015615467068802485
time_dependent,prepared,0.02,0.001,0.244,0.40166784111431886,0.6924321509105037,4.218847493575595e-15,3.0463977503269233e-15,0.12413637646061924,0.32272601260420497,0.0675067055768814,0.015599915989604298
time_dependent,prepared,0.02,0.001,0.245,0.4011205521875723,0.6918891395759971,5.551115123125783e-17,4.0115639960237067e-17,0.12453749701280682,0.3224352440168168,0.06738248161245457,0.015584380116084873
time_dependent,prepared,0.02,0.001,0.246,0.4005752012085004,0.6913452842248432,-5.551115123125783e-16,4.0147197426462957e-16,0.12493807221401532,0.3221444739338002,0.06725839923416731,0.015568859435948795
time_dependent,prepared,0.02,0.001,0.247,0.40003177289634917,0.6908005986417839,-2.942091015256665e-15,2.1294792021324656e-15,0.12533810398691167,0.32185370510805594,0.06713445924535075,0.015553353936884297
time_dependent,prepared,0.02,0.001,0.248,0.3994902521170448,0.6902550964811007,-1.27675647831893e-15,9.248439343858498e-16,0.12573759423902872,0.32156294026369125,0.06701066243669719,0.015537863606562745
time_dependent,prepared,0.02,0.001,0.249,0.3989506238826382,0.6897087912675094,-9.43689570931383e-16,6.841217502803773e-16,0.12613654486291137,0.3212721820963072,0.06688700958639844,0.015522388432639566
time_dependent,prepared,0.02,0.001,0.25,0.39841287334841197,0.689161696397287,-4.218847493575595e-15,3.060854597426387e-15,0.12653495773625978,0.3209814332732586,0.06676350146028091,0.015506928402754208
time_dependent,prepared,0.02,0.001,0.251,0.39787698581301256,0.6886138251392635,1.887379141862766e-15,1.3704191471040136e-15,0.12693283472207278,0.32069069643393205,0.06664013881193682,0.015491483504531063
time_dependent,prepared,0.02,0.001,0.252,0.3973429467153383,0.6880651906358037,9.43689570931383e-16,6.857559311054307e-16,0.12733017766878812,0.32039997419001087,0.06651692238286004,0.01547605372557912
time_dependent,prepared,0.02,0.001,0.253,0.39681074163375785,0.6875158059038822,1.27675647831893e-15,9.285288187959312e-16,0.12772698841042188,0.3201092691257424,0.06639385290257481,0.015460639053492539
time_dependent,prepared,0.02,0.001,0.254,0.39628035628458474,0.6869656838360527,1.887379141862766e-15,1.3737070033276907e-15,0.12812326876670646,0.31981858379818934,0.06627093108876579,0.015445239475851072
time_dependent,prepared,0.02,0.001,0.255,0.39575177652065163,0.6864148372014897,4.440892098500626e-16,3.2348456485921273e-16,0.1285190205432271,0.3195279207375093,0.06614815764740659,0.015429854980220304
time_dependent,prepared,0.02,0.001,0.256,0.3952249883294856,0.6858632786469536,7.716050021144838e-15,5.6250642521398286e-15,0.1289142455315566,0.31923728244719196,0.0660255332728873,0.015414485554151832
time_dependent,prepared,0.02,0.001,0.257,0.39469997783264826,0.6853110206978797,1.27675647831893e-15,9.315160852212448e-16,0.12930894550938923,0.3189466714043263,0.06590305864813825,0.01539913118518394
time_dependent,prepared,0.02,0.001,0.258,0.3941767312832187,0.6847580757592654,1.7763568394002505e-15,1.29706892279482e-15,0.12970312224067246,0.31865609005984974,0.06578073444475646,0.015383791860841338
time_dependent,prepared,0.02,0.001,0.259,0.3936552350656193,0.6842044561167567,-2.6645352591003757e-15,1.9471776566781732e-15,0.13009677747573808,0.3183655408387988,0.06565856132312785,0.015368467568635991
time_dependent,prepared,0.02,0.001,0.26,0.3931354756931479,0.6836501739376055,-2.1649348980190553e-15,1.5833645485305217e-15,0.13048991295143123,0.3180750261405546,0.065536539932548,0.015353158296067107
time_dependent,prepared,0.02,0.001,0.261,0.3926174398073898,0.6830952412716569,3.9968028886505635e-15,2.925509246126546e-15,0.13088253039123862,0.3177845483390906,0.06541467091134483,0.015337864030621436
time_dependent,prepared,0.02,0.001,0.262,0.39210111417643745,0.6825396700523414,5.828670879282072e-15,4.269840373406478e-15,0.13127463150541505,0.3174941097832139,0.06529295488699517,0.015322584759773664
time_dependent,prepared,0.02,0.001,0.263,0.3915864856940855,0.6819834720976419,3.2751579226442118e-15,2.401200363822958e-15,0.13166621799110914,0.31720371279681103,0.06517139247624536,0.015307320470986716
time_dependent,prepared,0.02,0.001,0.264,0.3910735413777327,0.681426659111103,-9.992007221626409e-16,7.331682058536305e-16,0.13205729153248688,0.31691335967907786,0.06504998428522692,0.015292071151711929
time_dependent,prepared,0.02,0.001,0.265,0.3905622683676836,0.68086924268276,7.216449660063518e-16,5.299438723086734e-16,0.13244785380085455,0.3166230527047614,0.06492873090957176,0.015276836789389167
time_dependent,prepared,0.02,0.001,0.266,0.39005265392603955,0.680311234290119,-1.942890293094024e-15,1.4279422381738007e-15,0.13283790645478058,0.31633279412439785,0.06480763293452817,0.015261617371447543
time_dependent,prepared,0.02,0.001,0.267,0.3895446854348845,0.6797526452991371,-1.887379141862766e-15,1.3882837786031668e-15,0.13322745114021547,0.3160425861645343,0.06468669093507141,0.015246412885305349
time_dependent,prepared,0.02,0.001,0.268,0.38903835039525536,0.679193486965152,-8.326672684688674e-16,6.129823713338922e-16,0.13361648949061072,0.31575243102796585,0.0645659054760193,0.015231223318370263
time_dependent,prepared,0.02,0.001,0.269,0.3885336364261402,0.6786337704338482,-5.551115123125783e-15,4.089919603895483e-15,0.13400502312703685,0.31546233089395476,0.0644452771121402,0.015216048658039848
time_dependent,prepared,0.02,0.001,0.27,0.388030531262943,0.6780735067421648,2.7755575615628914e-16,2.0466494664407286e-16,0.1343930536582998,0.3151722879184777,0.0643248063882642,0.015200888891701547
time_dependent,prepared,0.02,0.001,0.271,0.3875290227569071,0.6775127068193241,2.4980018054066022e-15,1.8435091919779693e-15,0.1347805826810567,0.31488230423441455,0.06420449383939232,0.015185744006733408
time_dependent,prepared,0.02,0.001,0.272,0.3870290988727355,0.6769513814876772,-4.274358644806853e-15,3.1570647181585474e-15,0.13516761177992942,0.31459238195179984,0.06408433999080332,0.015170613990503538
time_dependent,prepared,0.02,0.001,0.273,0.38653074768876433,0.6763895414636527,-3.3306690738754696e-16,2.46209385989926e-16,0.1355541425276182,0.3143025231580246,0.06396434535815947,0.01515549883037104
time_dependent,prepared,0.02,0.001,0.274,0.38603395739501944,0.6758271973587149,-1.6653345369377348e-16,1.232071262777111e-16,0.13594017648501322,0.31401272991806073,0.06384451044761418,0.015140398513686081
time_dependent,prepared,0.02,0.001,0.275,0.38553871629246017,0.6752643596802523,1.6653345369377348e-16,1.2330982029958571e-16,0.13632571520130568,0.31372300427467364,0.06372483575591378,0.01512531302778994
time_dependent,prepared,0.02,0.001,0.276,0.385045012791384,0.6747010388324913,-4.440892098500626e-16,3.2910073076107804e-16,0.13671076021409706,0.3134333482486328,0.06360532177050288,0.01511024236001543
time_dependent,prepared,0.02,0.001,0.277,0.3845528354110474,0.6741372451174157,7.216449660063518e-16,5.35235941370263e-16,0.13709531304950812,0.31314376383892617,0.06348596896962619,0.015095186497687055
time_dependent,prepared,0.02,0.001,0.278,0.3840621727775557,0.6735729887356438,2.4980018054066022e-15,1.8542918489765812e-15,0.13747937522228568,0.31285425302296893,0.06336677782242815,0.015080145428121151
time_dependent,prepared,0.02,0.001,0.279,0.3835730136243479,0.6730082797873589,1.8318679906315083e-15,1.360955017678457e-15,0.13786294823591003,0.3125648177568036,0.06324774878905452,0.015065119138626576
time_dependent,prepared,0.02,0.001,0.28,0.3830853467890522,0.6724431282731677,-3.774758283725532e-15,2.80674909521279e-15,0.13824603358269907,0.3122754599753193,0.06312888232075228,0.015050107616504117
time_dependent,prepared,0.02,0.001,0.281,0.38259916121405296,0.6718775440949848,-1.7208456881689926e-15,1.2806245001735873e-15,0.13862863274391313,0.3119861815924398,0.06301017885996575,0.015035110849047309
time_dependent,prepared,0.02,0.001,0.28200000000000003,0.38211444594512234,0.6713115370569369,-1.9984014443252818e-15,1.48843073149493e-15,0.13901074718985826,0.31169698450132793,0.06289163884043499,0.015020128823542662
time_dependent,prepared,0.02,0.001,0.28300000000000003,0.38163119012994434,0.6707451168661767,-5.551115123125783e-17,4.1380212718218795e-17,0.1393923783799882,0.31140787057459146,0.0627732626872914,0.015005161527269556
time_dependent,prepared,0.02,0.001,0.28400000000000003,0.3811493830176926,0.6701782931338319,-3.885780586188048e-16,2.8990647906676335e-16,0.1397735277630059,0.3111188416644758,0.06265505081715445,0.014990208947500912
time_dependent,prepared,0.02,0.001,0.28500000000000003,0.38066901395652125,0.6696110753757933,2.7755575615628914e-15,2.0725146757804234e-15,0.14015419677696242,0.3108298996030581,0.0625370036382223,0.014975271071502417
time_dependent,prepared,0.02,0.001,0.28600000000000003,0.38019007239557406,0.6690434730135891,1.887379141862766e-15,1.4105056083735445e-15,0.14053438684935798,0.31054104620243805,0.06241912155036966,0.014960347886534294
time_dependent,prepared,0.02,0.001,0.28700000000000003,0.3797125478806805,0.6684754953752428,-2.7755575615628914e-15,2.076035382572148e-15,0.14091409939723867,0.3102522832549432,0.06230140494523678,0.014945439379850057
time_dependent,prepared,0.02,0.001,0.28800000000000003,0.3792364300554302,0.6679071516960876,4.496403249731884e-15,3.366039155527586e-15,0.14129333582729411,0.30996361253330357,0.06218385420632163,0.014930545538697429
time_dependent,prepared,0.02,0.001,0.289,0.3787617086594319,0.6673384511196335,-1.942890293094024e-15,1.4557008440277372e-15,0.14167209753595356,0.30967503579084243,0.06206646970907087,0.014915666350318388
time_dependent,prepared,0.02,0.001,0.29,0.37828837352793626,0.6667694026983827,-1.5543122344752192e-15,1.1655545591811775e-15,0.1420503859094815,0.30938655476167326,0.06194925182096903,0.014900801801949531
time_dependent,prepared,0.02,0.001,0.291,0.37781641458993803,0.6662000153946398,-5.551115123125783e-16,4.166252622973483e-16,0.14242820232407144,0.30909817116086685,0.061832200901627214,0.014885951880821839
time_dependent,prepared,0.02,0.001,0.292,0.37734582186853327,0.665630298081327,-2.7755575615628914e-15,2.0849092728827217e-15,0.14280554814594,0.3088098866846545,0.06171531730287015,0.01487111657416151
time_dependent,prepared,0.02,0.001,0.293,0.3768765854785931,0.6650602595428209,-1.887379141862766e-15,1.4189534818695984e-15,0.14318242473141857,0.30852170301059006,0.06159860136882446,0.014856295869189424
time_dependent,prepared,0.02,0.001,0.294,0.37640869562714996,0.664489908475722,4.496403249731884e-15,3.3833495380285e-15,0.14355883342704573,0.3082336217977409,0.06148205343600336,0.014841489753121932
time_dependent,prepared,0.02,0.001,0.295,0.3759421426111358,0.6639192534896962,1.4988010832439613e-15,1.1287525368227783e-15,0.14393477556965686,0.3079456446868638,0.06136567383339175,0.014826698213170501
time_dependent,prepared,0.02,0.001,0.296,0.3754769168183474,0.6633483031082048,-1.3322676295501878e-15,1.004199169054685e-15,0.14431025248647522,0.30765777330057315,0.06124946288253105,0.014811921236542621
time_dependent,prepared,0.02,0.001,0.297,0.37501300872431315,0.6627770657693386,9.43689570931383e-16,7.119208099302335e-16,0.14468526549519953,0.30737000924352825,0.06113342089760255,0.014797158810441198
time_dependent,prepared,0.02,0.001,0.298,0.3745504088936065,0.6622055498265829,2.4424906541753444e-15,1.844208837282453e-15,0.14505981590409314,0.3070823541025956,0.061017548185508766,0.014782410922065307
time_dependent,prepared,0.02,0.001,0.299,0.3740891079773698,0.6616337635496033,4.996003610813204e-16,3.775505336978353e-16,0.1454339050120705,0.30679480944702214,0.060901845045957026,0.014767677558610156
time_dependent,prepared,0.02,0.001,0.3,0.3736290967128826,0.661061715124955,1.5543122344752192e-15,1.1756180995759363e-15,0.1458075341087834,0.3065073768286118,0.06078631177153885,0.014752958707266986
time_dependent,prepared,0.02,0.001,0.301,0.3731703659235414,0.6604894126569447,9.43689570931383e-16,7.143865994272422e-16,0.14618070447470694,0.30622005778187783,0.060670948647809884,0.014738254355223824
time_dependent,prepared,0.02,0.001,0.302,0.37271290651698424,0.6599168641682844,-1.3877787807814457e-15,1.0514800091754829e-15,0.14655341738122393,0.3059328538242269,0.060555755953369865,0.014723564489665303
time_dependent,prepared,0.02,0.001,0.303,0.37225670948441364,0.6593440776008965,-1.6653345369377348e-15,1.262872143325575e-15,0.14692567409070834,0.30564576645610997,0.06044073395994097,0.014708889097772631
time_dependent,prepared,0.02,0.001,0.304,0.37180176590054304,0.6587710608166564,-5.329070518200751e-15,4.044705995125608e-15,0.14729747585660888,0.3053587971611926,0.06032588293244475,0.014694228166724265
time_dependent,prepared,0.02,0.001,0.305,0.3713480669219346,0.6581978215980852,-1.7208456881689926e-15,1.3072404919168764e-15,0.1476688239235308,0.3050719474065171,0.06021120312908017,0.0146795816836957
time_dependent,prepared,0.02,0.001,0.306,0.3708956037865753,0.6576243676491488,9.43689570931383e-16,7.174989381132947e-16,0.1480397195273174,0.30478521864265595,0.060096694801397336,0.014664949635859707
time_dependent,prepared,0.02,0.001,0.307,0.3704443678132482,0.6570507065959169,-1.27675647831893e-15,9.715813905243468e-16,0.14841016389513065,0.304498612303873,0.05998235819437559,0.014650332010386638
time_dependent,prepared,0.02,0.001,0.308,0.3699943504003347,0.656476845987321,5.551115123125783e-17,4.2279595670865395e-17,0.14878015824553098,0.30421212980828477,0.059868193546496515,0.014635728794444441
time_dependent,prepared,0.02,0.001,0.309,0.3695455430253304,0.6559027932958618,1.6653345369377348e-15,1.269497975888739e-15,0.1491497037885563,0.3039257725580151,0.059754201089817584,0.014621139975198804
time_dependent,prepared,0.02,0.001,0.31,0.3690979372437205,0.6553285559182929,1.1102230246251565e-15,8.470735897273943e-16,0.1495188017258,0.3036395419393403,0.05964038105004418,0.014606565539813201
time_dependent,prepared,0.02,0.001,0.311,0.3686515246890068,0.6547541411763595,-2.1094237467877974e-15,1.6108517794159493e-15,0.14988745325048902,0.3033534393228539,0.05952673364660512,0.014592005475449516
time_dependent,prepared,0.02,0.001,0.312,0.3682062970712816,0.6541795563174485,-2.220446049250313e-16,1.6971227760080103e-16,0.15025565954756032,0.3030674660636067,0.05941325909272114,0.014577459769267694
time_dependent,prepared,0.02,0.001,0.313,0.36776224617626296,0.6536048085153183,4.440892098500626e-16,3.3972302839908994e-16,0.15062342179373658,0.3027816235012682,0.059299957595476335,0.014562928408425994
time_dependent,prepared,0.02,0.001,0.314,0.3673193638656326,0.653029904870774,2.3314683517128287e-15,1.785116067673954e-15,0.15099074115760222,0.3024959129602628,0.059186829355888204,0.014548411380081455
time_dependent,prepared,0.02,0.001,0.315,0.36687764207487467,0.6524548524123126,-2.1649348980190553e-15,1.659068738637374e-15,0.1513576187996771,0.3022103357499242,0.059073874568978696,0.014533908671389456
time_dependent,prepared,0.02,0.001,0.316,0.366437072814034,0.6518796580968499,-2.3314683517128287e-15,1.788265918988414e-15,0.15172405587249113,0.30192489316464277,0.05896109342383963,0.014519420269504587
time_dependent,prepared,0.02,0.001,0.317,0.36599764816590946,0.6513043288103114,-1.2212453270876722e-15,9.375381623199328e-16,0.15209005352065705,0.30163958648399897,0.05884848610370384,0.014504946161580231
time_dependent,prepared,0.02,0.001,0.318,0.36555936028580044,0.6507288713683821,8.326672684688674e-16,6.397958543916274e-16,0.15245561288094284,0.30135441697291604,0.058736052786010295,0.014490486334768805
time_dependent,prepared,0.02,0.001,0.319,0.36512220140052754,0.6501532925171006,2.55351295663786e-15,1.9637776090864693e-15,0.15282073508234337,0.301069385881797,0.058623793642471146,0.014476040776222072
time_dependent,prepared,0.02,0.001,0.32,0.36468616380811714,0.649577598933522,6.106226635438361e-16,4.700151795153939e-16,0.15318542124615148,0.30078449444667327,0.05851170883913895,0.014461609473091068
time_dependent,prepared,0.02,0.001,0.321,0.36425123987707236,0.6490017972263633,1.8318679906315083e-15,1.4112965468357356e-15,0.15354967248602855,0.30049974388932293,0.05839979853646922,0.014447192412526556
time_dependent,prepared,0.02,0.001,0.322,0.36381742204553025,0.6484258939366405,-3.885780586188048e-16,2.9963181780088966e-16,0.15391348990807407,0.30021513541743255,0.058288062889387586,0.014432789581678844
time_dependent,prepared,0.02,0.001,0.323,0.3633847028204882,0.647849895538308,9.992007221626409e-16,7.711668467063575e-16,0.15427687461089457,0.29993067022471515,0.05817650204735239,0.01441840096769807
time_dependent,prepared,0.02,0.001,0.324,0.36295307477726413,0.6472738084388914,6.661338147750939e-16,5.145688007843923e-16,0.15463982768567183,0.29964634949105373,0.05806511615441757,0.014404026557734134
time_dependent,prepared,0.02,0.001,0.325,0.36252253055914224,0.6466976389800618,1.6653345369377348e-15,1.2875681281009563e-15,0.15500235021623096,0.299362174382632,0.05795390534929696,0.014389666338937256
time_dependent,prepared,0.02,0.001,0.326,0.36209306287596965,0.6461213934383366,-3.4416913763379853e-15,2.6633473301534136e-15,0.15536444327910692,0.29907814605206956,0.05784286976542351,0.01437532029845756
time_dependent,prepared,0.02,0.001,0.327,0.36166466450463625,0.645545078025603,1.1102230246251565e-16,8.599113078367578e-17,0.15572610794361155,0.29879426563854883,0.05773200953101319,0.014360988423445728
time_dependent,prepared,0.02,0.001,0.328,0.3612373282871359,0.644968698889778,1.3322676295501878e-15,1.0328157256650562e-15,0.1560873452718987,0.29851053426794627,0.05762132476912423,0.014346670701052675
time_dependent,prepared,0.02,0.001,0.329,0.3608110471312362,0.644392262115393,1.1102230246251565e-15,8.614496867021232e-16,0.15644815631902992,0.2982269530529637,0.057510815597717604,0.014332367118430028
time_dependent,prepared,0.02,0.001,0.33,0.3603858140085397,0.6438157737241985,-1.942890293094024e-15,1.5088868371888738e-15,0.15680854213303846,0.2979435230932478,0.05740048212971649,0.014318077662729934
time_dependent,prepared,0.02,0.001,0.331,0.3599616219550296,0.6432392396757268,-1.4432899320127035e-15,1.1218920138798623e-15,0.1571685037549935,0.2976602454755258,0.05729032447306523,0.014303802321105511
time_dependent,prepared,0.02,0.001,0.332,0.35953846406992895,0.642662665867882,2.7755575615628914e-15,2.1594202596276863e-15,0.15752804221906344,0.2973771212737295,0.05718034273078684,0.014289541080710691
time_dependent,prepared,0.02,0.001,0.333,0.35911633351472944,0.642086058137572,3.885780586188048e-16,3.0259032546658154e-16,0.15788715855257818,0.297094151549105,0.05707053700104174,0.014275293928700373
time_dependent,prepared,0.02,0.001,0.334,0.35869522351361477,0.6415094222612118,-8.326672684688674e-16,6.489906769676563e-16,0.1582458537760918,0.2968113373503574,0.05696090737718419,0.014261060852230823
time_dependent,prepared,0.02,0.001,0.335,0.35827512735169686,0.6409327639553102,1.9984014443252818e-15,1.5589790042818123e-15,0.1586041289034435,0.29652867971375324,0.05685145394781852,0.014246841838459359
time_dependent,prepared,0.02,0.001,0.336,0.3578560383753127,0.6403560888770847,-2.220446049250313e-16,1.7337588318587257e-16,0.15896198494181882,0.2962461796632503,0.0567421767968548,0.01423263687454483
time_dependent,prepared,0.02,0.001,0.337,0.35743794999091,0.6397794026249539,-7.216449660063518e-16,5.639795240715094e-16,0.15931942289180973,0.2959638382106192,0.05663307600356616,0.014218445947647436
time_dependent,prepared,0.02,0.001,0.338,0.35702085566501446,0.6392027107391094,-4.996003610813204e-16,3.907996263842759e-16,0.15967644374747475,0.2956816563555455,0.056524151642640005,0.014204269044929156
time_dependent,prepared,0.02,0.001,0.339,0.3566047489228698,0.6386260187021019,1.9984014443252818e-15,1.5646101049771567e-15,0.16003304849639763,0.29539963508576583,0.05641540378423629,0.01419010615355361
time_dependent,prepared,0.02,0.001,0.34,0.35618962334873644,0.638049331939328,-2.275957200481571e-15,1.7835276102898544e-15,0.16038923811974637,0.2951177753771743,0.0563068324940372,0.0141759572606862
time_dependent,prepared,0.02,0.001,0.341,0.3557754725847116,0.6374726558196167,2.7755575615628914e-15,2.1770012691715164e-15,0.1607450135923311,0.294836078193939,0.05619843783330288,0.014161822353494358
time_dependent,prepared,0.02,0.001,0.342,0.35536229033019406,0.6368959956557529,-3.83026943495679e-15,3.006981878582175e-15,0.1611003758826613,0.2945545444886139,0.056090219858923235,0.01414770141914745
time_dependent,prepared,0.02,0.001,0.343,0.3549500703420373,0.6363193567049631,0.0,0.0,0.16145532595300333,0.2942731752022502,0.055982178623469186,0.014133594444817031
time_dependent,prepared,0.02,0.001,0.34400000000000003,0.3545388064329953,0.6357427441695203,-7.216449660063518e-16,5.675605208432596e-16,0.16180986475943632,0.2939919712645139,0.05587431417524494,0.014119501417676901
time_dependent,prepared,0.02,0.001,0.34500000000000003,0.3541284924722224,0.6351661631971739,3.885780586188048e-16,3.0588693253341554e-16,0.16216399325190853,0.2937109335937899,0.05576662655833914,0.014105422324903407
time_dependent,prepared,0.02,0.001,0.34600000000000003,0.3537191223834707,0.6345896188817564,-9.43689570931383e-16,7.435431835414426e-16,0.162517712374292,0.29343006309729197,0.05565911581267403,0.014091357153674893
time_dependent,prepared,0.02,0.001,0.34700000000000003,0.3533106901459622,0.6340131162636159,-1.4432899320127035e-15,1.138217723726555e-15,0.16287102306443796,0.2931493606711725,0.05555178197405639,0.014077305891172658
time_dependent,prepared,0.02,0.001,0.34800000000000003,0.35290318979307894,0.6334366603301742,-2.275957200481571e-15,1.7965152185028642e-15,0.16322392625423104,0.2928688272006359,0.05544462507422635,0.014063268524580605
time_dependent,prepared,0.02,0.001,0.34900000000000003,0.3524966154118059,0.6328602560163732,1.7208456881689926e-15,1.3595779414250885e-15,0.16357642286964286,0.29258846356003215,0.05533764514090667,0.014049245041085224
time_dependent,prepared,0.02,0.001,0.35000000000000003,0.35209096114241983,0.6322839082052608,-1.1102230246251565e-16,8.779466077007456e-17,0.16392851383078527,0.2923082706129678,0.0552308421978511,0.014035235427875986
time_dependent,prepared,0.02,0.001,0.35100000000000003,0.35168622117810533,0.6317076217283755,4.773959005888173e-15,3.778614379249079e-15,0.16428020005196337,0.2920282492124187,0.05512421626489145,0.014021239672145287
time_dependent,prepared,0.02,0.001,0.352,0.3512823897640505,0.6311314013663342,-3.9968028886505635e-15,3.166379362520952e-15,0.16463148244172743,0.29174840020081755,0.0550177673579847,0.014007257761088509
time_dependent,prepared,0.02,0.001,0.353,0.3508794611974873,0.6305552518492099,-1.6653345369377348e-15,1.3205302247930391e-15,0.16498236190292492,0.2914687244101647,0.05491149548926212,0.013993289681904159
time_dependent,prepared,0.02,0.001,0.354,0.35047742982671065,0.6299791778571308,3.4416913763379853e-15,2.7315913742140354e-15,0.16533283933275164,0.29118922266213415,0.05480540066707328,0.013979335421794052
time_dependent,prepared,0.02,0.001,0.355,0.3500762900510788,0.6294031840206652,1.0547118733938987e-15,8.378666490502441e-16,0.1656829156228027,0.2909098957681658,0.054699482896032485,0.01396539496796341
time_dependent,prepared,0.02,0.001,0.356,0.3496760363197146,0.6288272749213176,-1.2212453270876722e-15,9.710499017718994e-16,0.16603259165912243,0.2906307445295622,0.054593742177064954,0.013951468307620505
time_dependent,prepared,0.02,0.001,0.357,0.3492766631322997,0.6282514550919899,1.3877787807814457e-15,1.1044771719456206e-15,0.16638186832225474,0.2903517697376041,0.05448817850745098,0.013937555427977543
time_dependent,prepared,0.02,0.001,0.358,0.3488781650371435,0.6276757290174744,5.551115123125783e-16,4.4219609477453915e-16,0.1667307464872919,0.29007297217362404,0.05438279188087043,0.013923656316249974
time_dependent,prepared,0.02,0.001,0.359,0.3484805366320132,0.6271001011348586,-8.326672684688674e-16,6.639029932876712e-16,0.1670792270239239,0.28979435260912123,0.05427758228744732,0.013909770959657137
time_dependent,prepared,0.02,0.001,0.36,0.3480837725626961,0.6265245758340301,2.7755575615628914e-16,2.2150428479745315e-16,0.1674273107964866,0.2895159118058484,0.05417254971379295,0.013895899345421984
time_dependent,prepared,0.02,0.001,0.361,0.34768786752318676,0.6259491574580897,-1.3322676295501878e-15,1.0641979573551795e-15,0.16777499866400977,0.28923765051591316,0.05406769414304876,0.013882041460771434
time_dependent,prepared,0.02,0.001,0.362,0.3472928162548851,0.6253738503037994,1.6653345369377348e-16,1.3314711960923327e-16,0.16812229148026467,0.28895956948186596,0.05396301555492968,0.013868197292936242
time_dependent,prepared,0.02,0.001,0.363,0.346898613546269,0.6247986586220465,1.609823385706477e-15,1.2882737210550656e-15,0.16846919009381095,0.28868166943678897,0.05385851392576544,0.01385436682915124
time_dependent,prepared,0.02,0.001,0.364,0.3465052542327713,0.6242235866182623,-3.3306690738754696e-16,2.667849425491437e-16,0.16881569534804372,0.28840395110440326,0.05375418922854383,0.013840550056655491
time_dependent,prepared,0.02,0.001,0.365,0.3461127331948968,0.6236486384528589,8.326672684688674e-16,6.675772359052521e-16,0.16916180808123862,0.28812641519914695,0.053650041432949505,0.0138267469626917
time_dependent,prepared,0.02,0.001,0.366,0.3457210453603351,0.6230738182416534,-2.1649348980190553e-15,1.7373020937780833e-15,0.16950752912659897,0.287849062426265,0.05354607050540764,0.01381295753450748
time_dependent,prepared,0.02,0.001,0.367,0.34533018570119794,0.6224991300562868,-2.3314683517128287e-15,1.8726679597945945e-15,0.16985285931230018,0.2875718934819098,0.053442276409122684,0.013799181759354448
time_dependent,prepared,0.02,0.001,0.368,0.3449401492344708,0.6219245779246781,-2.1094237467877974e-15,1.6958838914413149e-15,0.17019779946153465,0.2872949090532202,0.05333865910411911,0.01378541962448857
time_dependent,prepared,0.02,0.001,0.369,0.34455093102222034,0.6213501658313937,1.3322676295501878e-15,1.0720747356424651e-15,0.17054235039255689,0.28701810981841047,0.05323521854728062,0.013771671117170608
time_dependent,prepared,0.02,0.001,0.37,0.34416252616977683,0.6207758977181042,-7.771561172376096e-16,6.259554535657235e-16,0.17088651291872667,0.2867414964468613,0.05313195469238954,0.01375793622466558
time_dependent,prepared,0.02,0.001,0.371,0.34377492982658064,0.620201777483958,-9.992007221626409e-16,8.055448713934772e-16,0.17123028784855324,0.28646506959920653,0.05302886749016623,0.013744214934243437
time_dependent,prepared,0.02,0.001,0.372,0.3433881371850848,0.6196278089859997,-1.8318679906315083e-15,1.4782002712477527e-15,0.17157367598573833,0.28618882992740347,0.05292595688830585,0.013730507233178545
time_dependent,prepared,0.02,0.001,0.373,0.3430021434805447,0.6190539960395863,1.7763568394002505e-15,1.43473497527238e-15,0.17191667812921888,0.28591277807484605,0.05282322283151867,0.013716813108750243
time_dependent,prepared,0.02,0.001,0.374,0.342616943990568,0.6184803424187749,8.326672684688674e-16,6.731558073555274e-16,0.17225929507320945,0.2856369146764158,0.0527206652615657,0.013703132548242689
time_dependent,prepared,0.02,0.001,0.375,0.3422325340350156,0.6179068518567042,-3.3306690738754696e-15,2.695122301903101e-15,0.17260152760724445,0.2853612403585953,0.05261828411729665,0.013689465538945081
time_dependent,prepared,0.02,0.001,0.376,0.3418489089749998,0.6173335280459932,1.4432899320127035e-15,1.1689709585198265e-15,0.17294337651621947,0.2850857557395236,0.05251607933468697,0.013675812068151518
time_dependent,prepared,0.02,0.001,0.377,0.34146606421276937,0.616760374639146,1.887379141862766e-15,1.530074903861188e-15,0.17328484258043222,0.2848104614290963,0.05241405084687366,0.013662172123161022
time_dependent,prepared,0.02,0.001,0.378,0.34108399519206967,0.6161873952489009,-2.3869795029440866e-15,1.9368941342754197e-15,0.17362592657562428,0.2845353580290421,0.052312198584192386,0.013648545691278205
time_dependent,prepared,0.02,0.001,0.379,0.34070269739623044,0.6156145934486498,1.5543122344752192e-15,1.262406910927841e-15,0.1739666292730205,0.2842604461329857,0.052210522474211846,0.013634932759812528
time_dependent,prepared,0.02,0.001,0.38,0.3403221663492025,0.6150419727727822,-3.3306690738754696e-16,2.707676241070083e-16,0.17430695143936972,0.28398572632656577,0.052109022441769993,0.013621333316078926
time_dependent,prepared,0.02,0.001,0.381,0.3399423976141014,0.6144695367170645,-8.326672684688674e-16,6.775496739167671e-16,0.1746468938369838,0.2837111991874621,0.05200769840900881,0.013607747347397552
time_dependent,prepared,0.02,0.001,0.382,0.3395633867939217,0.6138972887390203,2.220446049250313e-16,1.8084833489094198e-16,0.17498645722377773,0.28343686528551754,0.05190655029540805,0.013594174841094101
time_dependent,prepared,0.02,0.001,0.383,0.3391851295301628,0.6133252322582923,-3.941291737419306e-15,3.2130520074213297e-15,0.1753256423533079,0.28316272518278857,0.051805578017821326,0.01358061578449973
time_dependent,prepared,0.02,0.001,0.384,0.33880762150297417,0.6127533706569965,1.5543122344752192e-15,1.2683016601023977e-15,0.17566444997481087,0.2828887794336345,0.05170478149050734,0.013567070164951086
time_dependent,prepared,0.02,0.001,0.385,0.33843085843070975,0.6121817072800951,-2.220446049250313e-15,1.8135514528159394e-15,0.1760028808332416,0.28261502858478554,0.05160416062516548,0.013553537969790464
time_dependent,prepared,0.02,0.001,0.386,0.338054836069492,0.6116102454357324,4.274358644806853e-15,3.494348465141911e-15,0.17634093566931108,0.28234147317541747,0.051503715330968335,0.013540019186365855
time_dependent,prepared,0.02,0.001,0.387,0.33767955021317825,0.6110389883956198,-2.9976021664879227e-15,2.452873076363435e-15,0.17667861521952427,0.2820681137372366,0.05140344551459385,0.013526513802031062
time_dependent,prepared,0.02,0.001,0.388,0.3373049966923223,0.6104679393953425,-2.275957200481571e-15,1.8641087054758926e-15,0.1770159202162166,0.28179495079453276,0.051303351080258686,0.01351302180414554
time_dependent,prepared,0.02,0.001,0.389,0.33693117137469836,0.6098971016347273,-1.8318679906315083e-15,1.5017844696437276e-15,0.1773528513875913,0.28152198486427343,0.051203431929749355,0.013499543180074753
time_dependent,prepared,0.02,0.001,0.39,0.33655807016426287,0.6093264782782021,1.3322676295501878e-15,1.0932297192424887e-15,0.17768940945775555,0.2812492164561599,0.05110368796245614,0.01348607791719005
time_dependent,prepared,0.02,0.001,0.391,0.33618568900099655,0.608756072455097,2.6645352591003757e-15,2.1885081559469053e-15,0.17802559514675653,0.2809766460727051,0.05100411907540014,0.013472626002868752
time_dependent,prepared,0.02,0.001,0.392,0.3358140238604756,0.6081858872600195,5.10702591327572e-15,4.198573183179008e-15,0.17836140917061702,0.28070427420930555,0.050904725163269396,0.013459187424494107
time_dependent,prepared,0.02,0.001,0.393,0.3354430707543835,0.607615925753178,-3.885780586188048e-15,3.1975631492635676e-15,0.1786968522413714,0.28043210135430724,0.05080550611844561,0.013445762169455767
time_dependent,prepared,0.02,0.001,0.394,0.3350728257286669,0.6070461909606576,-2.275957200481571e-15,1.8746161613170218e-15,0.17903192506710008,0.2801601279890748,0.05070646183103812,0.013432350225149246
time_dependent,prepared,0.02,0.001,0.395,0.3347032848644459,0.6064766858748415,-1.2212453270876722e-15,1.006836169906539e-15,0.17936662835196454,0.27988835458806516,0.05060759218891057,0.013418951578976457
time_dependent,prepared,0.02,0.001,0.396,0.334334444277171,0.6059074134546523,-1.6653345369377348e-15,1.3742483587076751e-15,0.1797009627962417,0.27961678161888653,0.050508897077713166,0.01340556621834553
time_dependent,prepared,0.02,0.001,0.397,0.3339663001162554,0.605338376625922,1.7763568394002505e-15,1.4672428743915358e-15,0.18003492909635796,0.27934540954237713,0.050410376380910706,0.013392194130670894
time_dependent,prepared,0.02,0.001,0.398,0.33359884856501415,0.6047695782817069,-2.3869795029440866e-15,1.973461950356418e-15,0.18036852794492297,0.27907423881266114,0.05031202997981274,0.01337883530337337
time_dependent,prepared,0.02,0.001,0.399,0.33323208584026104,0.6042010212825466,-2.220446049250313e-16,1.837506037756225e-16,0.18070176003076324,0.2788032698772189,0.05021385775360198,0.013365489723880273
time_dependent,prepared,0.02,0.001,0.4,0.332866008191971,0.6036327084568661,1.8318679906315083e-15,1.5173697224877976e-15,0.1810346260389552,0.2785325031769541,0.050115859579362626,0.013352157379625465
time_dependent,prepared,0.02,0.001,0.401,0.33250061190252567,0.6030646426012097,-1.8318679906315083e-15,1.5187990318335375e-15,0.18136712665085772,0.27826193914625535,0.05001803533210883,0.013338838258049096
time_dependent,prepared,0.02,0.001,0.402,0.33213589328741994,0.6024968264805795,2.7755575615628914e-16,2.3033794034866645e-16,0.18169926254414515,0.27799157821306175,0.049920384884812354,0.013325532346598239
time_dependent,prepared,0.02,0.001,0.403,0.33177184869409376,0.6019292628287283,-2.7755575615628914e-15,2.3055512773372583e-15,0.18203103439283924,0.2777214207989256,0.049822908108431416,0.01331223963272648
time_dependent,prepared,0.02,0.001,0.404,0.33140847450157646,0.601361954348478,-5.551115123125783e-16,4.615452543169216e-16,0.18236244286734082,0.277451467319082,0.04972560487193621,0.01329896010389402
time_dependent,prepared,0.02,0.001,0.405,0.33104576712111283,0.600794903711988,2.220446049250313e-16,1.8479235056184506e-16,0.18269348863446194,0.2771817181824892,0.04962847504233697,0.01328569374756794
time_dependent,prepared,0.02,0.001,0.406,0.3306837229947792,0.6002281135610833,-1.0547118733938987e-15,8.785925297104274e-16,0.18302417235745672,0.2769121737919236,0.04953151848471112,0.013272440551221986
time_dependent,prepared,0.02,0.001,0.40700000000000003,0.3303223385957679,0.5996615865075037,-1.3877787807814457e-15,1.157134967460586e-15,0.18335449469605247,0.27664283454401106,0.04943473506222825,0.013259200502336872
time_dependent,prepared,0.02,0.001,0.40800000000000003,0.32996161042824973,0.5990953251332386,-1.7763568394002505e-15,1.4825327163128771e-15,0.18368445630648073,0.27637370082930623,0.04933812463617846,0.013245973588400184
time_dependent,prepared,0.02,0.001,0.40900000000000003,0.32960153502660255,0.5985293319907985,2.220446049250313e-16,1.854918322770227e-16,0.18401405784150732,0.27610477303234165,0.04924168706599606,0.013232759796906466
time_dependent,prepared,0.02,0.001,0.41000000000000003,0.3292421089552578,0.5979636096034612,2.220446049250313e-15,1.8566732269232863e-15,0.18434329995046259,0.2758360515316938,0.04914542220928705,0.013219559115357238
time_dependent,prepared,0.02,0.001,0.41100000000000003,0.3288833288088395,0.5973981604656163,-1.5543122344752192e-15,1.3009014233185614e-15,0.18467218327927143,0.2755675367000373,0.049049329921853776,0.01320637153126104
time_dependent,prepared,0.02,0.001,0.41200000000000003,0.32852519121114454,0.5968329870429853,5.551115123125783e-17,4.650476132886718e-17,0.18500070847048258,0.27529922890420433,0.04895341005771917,0.01319319703213353
time_dependent,prepared,0.02,0.001,0.41300000000000003,0.3281676928156129,0.59626809177295,-2.1649348980190553e-15,1.8154039499093587e-15,0.18532887616329818,0.275031128505248,0.048857662469152824,0.013180035605497463
time_dependent,prepared,0.02,0.001,0.41400000000000003,0.32781083030453434,0.5957034770647772,-3.3306690738754696e-16,2.79557632455559e-16,0.18565668699360272,0.2747632358584871,0.04876208700669473,0.013166887238882803
time_dependent,prepared,0.02,0.001,0.41500000000000004,0.3274546003889888,0.5951391452999261,-2.7200464103316335e-15,2.2852188700852864e-15,0.1859841415939917,0.27449555131357706,0.04866668351918119,0.013153751919826682
time_dependent,prepared,0.02,0.001,0.41600000000000004,0.3270989998087351,0.594575098832292,1.1102230246251565e-15,9.336272464198077e-16,0.18631124059380044,0.2742280752145526,0.04857145185376571,0.01314062963587368
time_dependent,prepared,0.02,0.001,0.417,0.3267440253313071,0.5940113399884872,3.0531133177191805e-15,2.5699116432510753e-15,0.18663798461913175,0.2739608078998952,0.048476391855945475,0.013127520374575366
time_dependent,prepared,0.02,0.001,0.418,0.32638967375262634,0.5934478710680954,-1.9984014443252818e-15,1.6837211335247826e-15,0.18696437429288437,0.27369374970258137,0.04838150336958473,0.013114424123490887
time_dependent,prepared,0.02,0.001,0.419,0.3260359418962845,0.592884694343928,1.7763568394002505e-15,1.4980626556449747e-15,0.18729041023478066,0.27342690095013267,0.04828678623693639,0.013101340870186893
time_dependent,prepared,0.02,0.001,0.42,0.32568282661287473,0.5923218120623103,-2.3314683517128287e-15,1.9680757184977436e-15,0.18761609306139354,0.27316026196468324,0.04819224029866628,0.01308827060223711
time_dependent,prepared,0.02,0.001,0.421,0.32533032478058826,0.5917592264432946,4.107825191113079e-15,3.4708585921023214e-15,0.18794142338617412,0.27289383306302106,0.04809786539387597,0.013075213307222978
time_dependent,prepared,0.02,0.001,0.422,0.3249784333044685,0.5911969396809462,1.3877787807814457e-15,1.1737026087536858e-15,0.1882664018194786,0.2726276145566452,0.04800366136012465,0.013062168972733497
time_dependent,prepared,0.02,0.001,0.423,0.3246271491161417,0.5906349539435817,2.4980018054066022e-15,2.114674883976821e-15,0.18859102896859473,0.27236160675181764,0.04790962803345211,0.01304913758636517
time_dependent,prepared,0.02,0.001,0.424,0.32427646917351594,0.590073271374001,-4.996003610813204e-16,4.233375627385971e-16,0.18891530543776824,0.27209580994961624,0.04781576524839957,0.013036119135721906
time_dependent,prepared,0.02,0.001,0.425,0.32392639046102784,0.5895118940897829,1.4432899320127035e-15,1.2241397896145654e-15,0.18923923182822927,0.27183022444598814,0.047722072838033654,0.01302311360841559
time_dependent,prepared,0.02,0.001,0.426,0.3235769099888042,0.5889508241834837,-7.771561172376096e-16,6.597801423531859e-16,0.18956280873821807,0.27156485053179225,0.047628550633965365,0.013010120992065551
time_dependent,prepared,0.02,0.001,0.427,0.3232280247926149,0.5883900637228774,1.1102230246251565e-16,9.434413436560465e-17,0.1898860367630107,0.27129968849286445,0.04753519846637336,0.012997141274298884
time_dependent,prepared,0.02,0.001,0.428,0.322879731933573,0.5878296147512362,1.7208456881689926e-15,1.4637283023731594e-15,0.19020891649494426,0.2710347386100456,0.047442016164023756,0.01298417444275039
time_dependent,prepared,0.02,0.001,0.429,0.3225320284983512,0.5872694792875128,-3.885780586188048e-15,3.308345421681345e-15,0.19053144852344261,0.2707700011592555,0.04734900355429263,0.012971220485062702
time_dependent,prepared,0.02,0.001,0.43,0.32218491159836726,0.5867096593266151,-1.2212453270876722e-15,1.040757815790296e-15,0.19085363343504097,0.2705054764115279,0.047256160463185246,0.012958279388886296
time_dependent,prepared,0.02,0.001,0.431,0.32183837836976864,0.5861501568396393,-1.4988010832439613e-15,1.2785129081301344e-15,0.19117547181341074,0.27024116463305736,0.047163486715356175,0.012945351141879521
time_dependent,prepared,0.02,0.001,0.432,0.3214924259731429,0.5855909737740805,-3.3306690738754696e-16,2.8438528111265205e-16,0.1914969642393839,0.26997706608525623,0.04707098213413109,0.012932435731708571
time_dependent,prepared,0.02,0.001,0.433,0.32114705159360846,0.5850321120540479,-5.551115123125783e-16,4.744282415230011e-16,0.1918181112909775,0.2697131810247963,0.046978646541526045,0.012919533146047584
time_dependent,prepared,0.02,0.001,0.434,0.32080225243984595,0.5844735735805501,-1.3877787807814457e-15,1.1872040443845567e-15,0.19213891354341736,0.2694495097036558,0.04688647975826555,0.012906643372578635
time_dependent,prepared,0.02,0.001,0.435,0.3204580257447233,0.5839153602316436,-2.7755575615628914e-16,2.3766779833140607e-16,0.1924593715691621,0.26918605236916815,0.046794481603805275,0.012893766398991802
time_dependent,prepared,0.02,0.001,0.436,0.32011436876486715,0.5833574738626993,1.6653345369377348e-15,1.4273705331233063e-15,0.19277948593792696,0.2689228092640704,0.04670265189634957,0.012880902212985301
time_dependent,prepared,0.02,0.001,0.437,0.31977127877963546,0.5827999163066426,1.0547118733938987e-15,9.048661846743956e-16,0.1930992572167066,0.2686597806265434,0.04661099045287024,0.012868050802265251
time_dependent,prepared,0.02,0.001,0.438,0.31942875309224766,0.5822426893741093,-3.2751579226442118e-15,2.8125367500662848e-15,0.19341868596979883,0.26839696669026225,0.046519497089125575,0.012855212154546066
time_dependent,prepared,0.02,0.001,0.439,0.31908678902837234,0.5816857948536872,4.440892098500626e-16,3.817260226904503e-16,0.1937377727588272,0.26813436768443716,0.04642817161968147,0.012842386257550086
time_dependent,prepared,0.02,0.001,0.44,0.3187453839365233,0.5811292345121725,-1.6653345369377348e-15,1.4328435380950143e-15,0.19405651814276373,0.2678719838338602,0.04633701385792507,0.012829573099007912
time_dependent,prepared,0.02,0.001,0.441,0.3184045351879636,0.5805730100947145,-9.43689570931383e-16,8.127225641934601e-16,0.1943749226779517,0.2676098153589535,0.04624602361608845,0.012816772666658423
time_dependent,prepared,0.02,0.001,0.442,0.31806424017571405,0.5800171233250745,4.6074255521944e-15,3.9718013200897504e-15,0.19469298691812742,0.26734786247580516,0.04615520070526347,0.012803984948248507
time_dependent,prepared,0.02,0.001,0.443,0.3177244963153689,0.5794615759058079,9.43689570931383e-16,8.142814037809299e-16,0.1950107114144428,0.267086125396214,0.046064544935419775,0.012791209931533442
time_dependent,prepared,0.02,0.001,0.444,0.31738530104424517,0.5789063695184682,1.2212453270876722e-15,1.054786569461567e-15,0.19532809671548704,0.26682460432774,0.04597405611542401,0.012778447604276844
time_dependent,prepared,0.02,0.001,0.445,0.3170466518215056,0.5783515058238157,1.1102230246251565e-15,9.598168358217821e-16,0.19564514336730854,0.2665632994737382,0.04588373405305637,0.012765697954250657
time_dependent,prepared,0.02,0.001,0.446,0.31670854612737126,0.577796986462049,1.27675647831893e-15,1.1048486823518498e-15,0.1959618519134359,0.2663022110334021,0.04579357855502749,0.012752960969235014
time_dependent,prepared,0.02,0.001,0.447,0.3163709814636371,0.5772428130529589,-2.886579864025407e-15,2.5003168499913278e-15,0.19627822289489955,0.2660413392018126,0.045703589426997634,0.012740236637018513
time_dependent,prepared,0.02,0.001,0.448,0.31603395535310863,0.5766889871961359,1.609823385706477e-15,1.3957465995088985e-15,0.19659425685025264,0.26578068416997114,0.045613766473590917,0.012727524945398212
time_dependent,prepared,0.02,0.001,0.449,0.3156974653393766,0.5761355104711867,1.0547118733938987e-15,9.1533315880088e-16,0.19690995431559202,0.2655202461248398,0.04552410949841313,0.012714825882179419
time_dependent,prepared,0.02,0.001,0.45,0.3153615089870098,0.5755823844379145,3.2751579226442118e-15,2.8450817912387646e-15,0.19722531582457903,0.26526002524938824,0.045434618304069974,0.012702139435176164
time_dependent,prepared,0.02,0.001,0.451,0.31502608388088177,0.5750296106365292,1.0547118733938987e-15,9.170935321281839e-16,0.1975403419084599,0.26500002172263243,0.04534529269218017,0.012689465592210875
time_dependent,prepared,0.02,0.001,0.452,0.3146911876256698,0.5744771905877902,1.1102230246251565e-16,9.662899091687215e-17,0.19785503309608557,0.2647402357196696,0.045256132463395625,0.012676804341114215
time_dependent,prepared,0.02,0.001,0.453,0.3143568178470762,0.5739251257932511,-6.106226635438361e-16,5.31970666643897e-16,0.19816938991393265,0.26448066741172466,0.04516713741741332,0.012664155669725846
time_dependent,prepared,0.02,0.001,0.454,0.3140229721902629,0.5733734177354256,-1.887379141862766e-15,1.6458551124650077e-15,0.19848341288612292,0.26422131696617895,0.04507830735299483,0.01265151956589378
time_dependent,prepared,0.02,0.001,0.455,0.3136896483196612,0.5728220678779475,-9.992007221626409e-16,8.72173732642877e-16,0.19879710253444258,0.26396218454662046,0.044989642067979424,0.012638896017474414
time_dependent,prepared,0.02,0.001,0.456,0.31335684392020924,0.5722710776657997,-3.497202527569243e-15,3.0555471559333138e-15,0.19911045937836278,0.26370327031287566,0.044901141359301,0.0126262850123332
time_dependent,prepared,0.02,0.001,0.457,0.31302455669542967,0.5717204485254475,3.164135620181696e-15,2.7672052209628555e-15,0.1994234839350582,0.263444574421044,0.044812805023002875,0.012613686538343877
time_dependent,prepared,0.02,0.001,0.458,0.3126927843682572,0.5711701818650744,-1.27675647831893e-15,1.1176673072724716e-15,0.19973617671942648,0.26318609702354734,0.04472463285425293,0.012601100583388944
time_dependent,prepared,0.02,0.001,0.459,0.3123615246809013,0.5706202790747007,3.3306690738754696e-16,2.918463640370768e-16,0.20004853824410737,0.2629278382691541,0.044636624647359305,0.01258852713535981
time_dependent,prepared,0.02,0.001,0.46,0.3120307753940165,0.5700707415264069,-2.3314683517128287e-15,2.0448938893707766e-15,0.2003605690195014,0.2626697983030226,0.04454878019578433,0.012575966182156268
time_dependent,prepared,0.02,0.001,0.461,0.3117005342869568,0.5695215705744789,-6.106226635438361e-16,5.360838773217129e-16,0.20067226955378833,0.2624119772667335,0.044461099292159106,0.012563417711687064
time_dependent,prepared,0.02,0.001,0.462,0.3113707991577388,0.5689727675556094,1.609823385706477e-15,1.414675251174597e-15,0.20098364035294608,0.26215437529833674,0.04437358172829933,0.012550881711869603
time_dependent,prepared,0.02,0.001,0.463,0.3110415678227691,0.568424333789023,2.4424906541753444e-15,2.148474747636241e-15,0.20129468192076885,0.2618969925323708,0.04428622729521839,0.012538358170630268
time_dependent,prepared,0.02,0.001,0.464,0.31071283811603256,0.5678762705767034,1.6653345369377348e-16,1.4662829063508092e-16,0.2016053947588849,0.26163982909990985,0.04419903578314185,0.012525847075903975
time_dependent,prepared,0.02,0.001,0.465,0.31038460789006356,0.5673285792035203,-9.43689570931383e-16,8.316957804736732e-16,0.20191577936677496,0.2613828851285959,0.04411200698152173,0.012513348415634729
time_dependent,prepared,0.02,0.001,0.466,0.3100568750147954,0.5667812609374154,-1.7208456881689926e-15,1.518086258994202e-15,0.20222583624178975,0.26112616074267336,0.04402514067905006,0.01250086217777507
time_dependent,prepared,0.02,0.001,0.467,0.30972963737828174,0.5662343170295475,1.3877787807814457e-15,1.2254456671415643e-15,0.20253556587916802,0.26086965606302204,0.043938436663673426,0.01248838835028689
time_dependent,prepared,0.02,0.001,0.468,0.3094028928854166,0.5656877487144966,-3.885780586188048e-16,3.4345631446132025e-16,0.20284496877205344,0.26061337120719297,0.043851894722605464,0.012475926921140587
time_dependent,prepared,0.02,0.001,0.46900000000000003,0.30907663945888303,0.5651415572103747,6.106226635438361e-16,5.40238685116312e-16,0.20315404541151233,0.2603573062894415,0.043765514642339846,0.012463477878315634
time_dependent,prepared,0.02,0.001,0.47000000000000003,0.30875087503809057,0.5645957437190281,-1.887379141862766e-15,1.6714429420158949e-15,0.20346279628655042,0.260101461420761,0.04367929620866628,0.012451041209800397
time_dependent,prepared,0.02,0.001,0.47100000000000003,0.30842559757987364,0.5640503094261559,4.440892098500626e-15,3.9366099302548114e-15,0.2037712218841303,0.25984583670891576,0.04359323920668034,0.012438616903592223
time_dependent,prepared,0.02,0.001,0.47200000000000003,0.3081008050574329,0.5635052555015343,5.551115123125783e-16,4.925522050530961e-16,0.20407932268918774,0.25959043225847034,0.04350734342079832,0.012426204947697422
time_dependent,prepared,0.02,0.001,0.47300000000000003,0.3077764954610882,0.5629605830990873,-2.1094237467877974e-15,1.8735092741089115e-15,0.20438709918464884,0.2593352481708332,0.04342160863476979,0.012413805330131403
time_dependent,prepared,0.02,0.001,0.47400000000000003,0.3074526667973038,0.562416293357091,-1.1102230246251565e-15,9.870117897884686e-16,0.20469455185144614,0.2590802845442711,0.043336034631689724,0.012401418038918494
time_dependent,prepared,0.02,0.001,0.47500000000000003,0.3071293170890974,0.5618723873983281,3.7192471324942744e-15,3.309690256995648e-15,0.20500168116853523,0.2588255414739642,0.043250621194011914,0.012389043062092122
time_dependent,prepared,0.02,0.001,0.47600000000000003,0.30680644437535726,0.56132886633024,-7.216449660063518e-16,6.428005125802628e-16,0.2053084876129106,0.2585710190520081,0.043165368103560336,0.012376680387694568
time_dependent,prepared,0.02,0.001,0.47700000000000004,0.30648404671175666,0.5607857312450363,-1.1102230246251565e-16,9.898816631445665e-17,0.20561497165962236,0.2583167173674751,0.04308027514154239,0.012364330003777674
time_dependent,prepared,0.02,0.001,0.47800000000000004,0.306162122168929,0.5602429832199088,-3.885780586188048e-16,3.46794221665672e-16,0.2059211337817913,0.2580626365064247,0.04299534208856101,0.012351991898401823
time_dependent,prepared,0.02,0.001,0.47900000000000004,0.30584066883397226,0.5597006233171137,-1.1102230246251565e-16,9.918007756051127e-17,0.20622697445062527,0.2578087765519406,0.04291056872462495,0.012339666059636862
time_dependent,prepared,0.02,0.001,0.48,0.30551968480917835,0.559158652584163,3.0531133177191805e-15,2.730095746179682e-15,0.20653249413543445,0.25755513758416565,0.04282595482916315,0.012327352475561644
time_dependent,prepared,0.02,0.001,0.481,0.3051991682125098,0.5586170720539619,1.27675647831893e-15,1.1427832608341723e-15,0.20683769330364696,0.257301719680325,0.04274150018103403,0.012315051134264163
time_dependent,prepared,0.02,0.001,0.482,0.3048791171771799,0.5580758827449285,-2.3314683517128287e-15,2.0888452841263914e-15,0.20714257242082415,0.25704852291475655,0.04265720455854002,0.012302762023841658
time_dependent,prepared,0.02,0.001,0.483,0.3045595298517809,0.5575350856611478,-2.55351295663786e-15,2.2900020306433328e-15,0.20744713195067593,0.25679554735894816,0.04257306773943581,0.012290485132400589
time_dependent,prepared,0.02,0.001,0.484,0.3042404043994544,0.5569946817925367,-3.164135620181696e-15,2.840364301144484e-15,0.20775137235507538,0.2565427930815544,0.042489089500941664,0.012278220448056468
time_dependent,prepared,0.02,0.001,0.485,0.30392173899857944,0.5564546721149355,4.3298697960381105e-15,3.890586253487113e-15,0.20805529409407394,0.2562902601484386,0.0424052696197542,0.01226596795893409
time_dependent,prepared,0.02,0.001,0.486,0.3036035318421893,0.5559150575902977,-1.1102230246251565e-16,9.985545538536006e-17,0.20835889762591614,0.2560379486226906,0.042321607872057215,0.012253727653167438
time_dependent,prepared,0.02,0.001,0.487,0.30328578113806476,0.5553758391667766,-1.1102230246251565e-16,9.995240577001067e-17,0.2086621834070542,0.2557858585646623,0.04223810403353275,0.012241499518899902
time_dependent,prepared,0.02,0.001,0.488,0.30296848510835306,0.5548370177789007,1.2212453270876722e-15,1.1005442030314658e-15,0.20896515189216255,0.25553399003199095,0.04215475787937228,0.012229283544283976
time_dependent,prepared,0.02,0.001,0.489,0.3026516419894527,0.5542985943476835,3.497202527569243e-15,3.1546196970649484e-15,0.209267803534152,0.25528234307963205,0.04207156918428643,0.012217079717481535
time_dependent,prepared,0.02,0.001,0.49,0.30233525003211914,0.5537605697807685,1.6653345369377348e-16,1.5036593681607138e-16,0.20957013878418412,0.2550309177598842,0.04198853772251726,0.012204888026663665
time_dependent,prepared,0.02,0.001,0.491,0.30201930750119216,0.5532229449725481,1.1102230246251565e-16,1.0034137545399964e-16,0.20987215809168533,0.2547797141224119,0.041905663267846095,0.012192708460010842
time_dependent,prepared,0.02,0.001,0.492,0.3017038126751416,0.552685720804311,4.496403249731884e-15,4.067775844822218e-15,0.21017386190436047,0.25452873221428374,0.041822945593607275,0.012180541005712732
time_dependent,prepared,0.02,0.001,0.493,0.30138876384684127,0.5521488981443647,6.661338147750939e-16,6.032193643904785e-16,0.2104752506682073,0.25427797207998654,0.04174038447269531,0.012168385651968597
time_dependent,prepared,0.02,0.001,0.494,0.30107415932233056,0.551612477848139,-1.609823385706477e-15,1.4591977614306883e-15,0.21077632482752962,0.25402743376145975,0.04165797967757632,0.012156242386986786
time_dependent,prepared,0.02,0.001,0.495,0.300759997421451,0.5510764607583466,2.1649348980190553e-15,1.9642781466657496e-15,0.21107708482495108,0.25377711729812386,0.04157573098029851,0.012144111198985116
time_dependent,prepared,0.02,0.001,0.496,0.300446276477364,0.5505408477051069,2.7755575615628914e-16,2.5207553382574777e-16,0.21137753110142843,0.2535270227268948,0.041493638152501074,0.012131992076190845
time_dependent,prepared,0.02,0.001,0.497,0.30013299483659334,0.5500056395060396,-1.8041124150158794e-15,1.6400853786118963e-15,0.211677664096265,0.25327715008222607,0.04141170096542414,0.012119885006840463
time_dependent,prepared,0.02,0.001,0.498,0.2998201508590204,0.549470836966413,-2.942091015256665e-15,2.6772039727346907e-15,0.21197748424712404,0.2530274993961184,0.04132991918991881,0.01210778997918014
time_dependent,prepared,0.02,0.001,0.499,0.2995077429172494,0.5489364408792616,-3.1086244689504383e-15,2.831497635656318e-15,0.2122769919900413,0.2527780706981565,0.041248292596456765,0.012095706981465199
time_dependent,prepared,0.02,0.001,0.5,0.2991957693971403,0.5484024520255035,-2.525757381022231e-15,2.302831954610568e-15,0.21257618775943843,0.25252886401552865,0.04116682095513942,0.01208363600196057
time_dependent,prepared,0.02,0.001,0.501,0.298884228697042,0.5478688711740444,-3.3306690738754696e-16,3.0396589851309505e-16,0.21287507198813546,0.252279879373051,0.041085504035706426,0.012071577028940437
time_dependent,prepared,0.02,0.001,0.502,0.29857311922830854,0.5473356990819468,-4.218847493575595e-15,3.853985315275377e-15,0.21317364510736378,0.2520311167931964,0.041004341607546915,0.012059530050688657
time_dependent,prepared,0.02,0.001,0.503,0.2982624394148162,0.5468029364944768,0.0,0.0,0.21347190754677858,0.25178257629611817,0.040923333439706694,0.01204749505549847
time_dependent,prepared,0.02,0.001,0.504,0.2979521876927094,0.5462705841452711,8.604228440844963e-16,7.875427206379478e-16,0.2137698597344713,0.2515342578996659,0.04084247930089782,0.012035472031672498
time_dependent,prepared,0.02,0.001,0.505,0.29764236251086384,0.5457386427564422,-2.886579864025407e-15,2.6446540870239115e-15,0.21406750209698217,0.2512861616194192,0.04076177895950825,0.012023460967523122
time_dependent,prepared,0.02,0.001,0.506,0.2973329623298276,0.5452071130386626,1.6375789613221059e-15,1.5017953014178453e-15,0.214364835059312,0.25103828746871093,0.04068123218361006,0.012011461851371835
time_dependent,prepared,0.02,0.001,0.507,0.29702398562292426,0.5446759956913301,-2.7755575615628914e-17,2.5478978177108893e-17,0.21466185904493493,0.2507906354586425,0.04060083874096745,0.011999474671550044
time_dependent,prepared,0.02,0.001,0.508,0.2967154308749414,0.5441452914026365,-1.1102230246251565e-16,1.0201531118309863e-16,0.21495857447580988,0.2505432055981146,0.04052059839904582,0.011987499416398388
time_dependent,prepared,0.02,0.001,0.509,0.2964072965829914,0.5436150008496878,1.5265566588595902e-15,1.404078857715047e-15,0.21525498177239286,0.25029599789384865,0.04044051092502194,0.011975536074267294
time_dependent,prepared,0.02,0.001,0.51,0.2960995812554219,0.5430851246986178,8.326672684688674e-17,7.666084289557291e-17,0.21555108135364828,0.2500490123504054,0.04036057608578912,0.011963584633516336
time_dependent,prepared,0.02,0.001,0.511,0.2957922834129573,0.5425556636047155,2.0539125955565396e-15,1.892812787088455e-15,0.21584687363706123,0.24980224897021316,0.04028079364796859,0.011951645082515184
time_dependent,prepared,0.02,0.001,0.512,0.29548540158741454,0.5420266182124924,4.996003610813204e-16,4.608633084560621e-16,0.21614235903864865,0.2495557077535881,0.04020116337791523,0.011939717409642647
time_dependent,prepared,0.02,0.001,0.513,0.29517893432207476,0.5414979891558215,1.6653345369377348e-16,1.5377107304996083e-16,0.21643753797297072,0.24930938869875455,0.04012168504172779,0.011927801603287295
time_dependent,prepared,0.02,0.001,0.514,0.2948728801719095,0.5409697770580221,3.1086244689504383e-15,2.8731960645344996e-15,0.21673241085314263,0.24906329180186762,0.040042358405255066,0.011915897651847222
time_dependent,prepared,0.02,0.001,0.515,0.29456723770285015,0.5404419825319969,1.4988010832439613e-15,1.386643831981745e-15,0.21702697809084548,0.24881741705703864,0.0399631832341053,0.011904005543730223
time_dependent,prepared,0.02,0.001,0.516,0.294262005492052,0.5399146061802756,8.881784197001252e-16,8.225174958533765e-16,0.21732124009633752,0.2485717644563525,0.039884159293653056,0.011892125267353594
time_dependent,prepared,0.02,0.001,0.517,0.29395718212773925,0.5393876485951953,9.43689570931383e-16,8.747786247879131e-16,0.21761519727846526,0.24832633398988258,0.039805286349046946,0.011880256811144314
time_dependent,prepared,0.02,0.001,0.518,0.2936527662088269,0.5388611103589274,-1.0547118733938987e-15,9.786490926125397e-16,0.21790885004467409,0.2480811256457337,0.03972656416521842,0.011868400163538783
time_dependent,prepared,0.02,0.001,0.519,0.29334875634570395,0.5383349920436333,-1.7486012637846216e-15,1.6240828569833113e-15,0.2182021988010198,0.24783613941003477,0.03964799250688794,0.011856555312983387
time_dependent,prepared,0.02,0.001,0.52,0.2930451511589165,0.5378092942115287,-2.220446049250313e-16,2.0643433212749369e-16,0.2184952439521787,0.24759137526698463,0.03956957113857301,0.011844722247933936
time_dependent,prepared,0.02,0.001,0.521,0.292741949279585,0.5372840174150061,-3.0531133177191805e-16,2.8412471046583465e-16,0.2187879859014583,0.2473468331988472,0.03949129982459513,0.01183290095685576
time_dependent,prepared,0.02,0.001,0.522,0.2924391493499353,0.5367591621967106,-2.4702462297909733e-15,2.301075047961349e-15,0.21908042505080821,0.24710251318600127,0.039413178329088555,0.011821091428224142
time_dependent,prepared,0.02,0.001,0.523,0.29213675002234557,0.5362347290896603,2.220446049250313e-15,2.0704049260478264e-15,0.21937256180083056,0.2468584152069333,0.039335206416005346,0.011809293650523972
time_dependent,prepared,0.02,0.001,0.524,0.2918347499591251,0.5357107186173244,2.275957200481571e-15,2.124240864879312e-15,0.21966439655078968,0.24661453923827534,0.03925738384912435,0.011797507612249486
time_dependent,prepared,0.02,0.001,0.525,0.29153314783361833,0.5351871312937317,-7.494005416219807e-16,7.001294480030022e-16,0.2199559296986233,0.24637088525481454,0.03917971039205731,0.011785733301905046
time_dependent,prepared,0.02,0.001,0.526,0.29123194232862865,0.5346639676235373,2.4147350785597155e-15,2.258180113850454e-15,0.22024716164095193,0.24612745322952,0.0391021858082555,0.011773970708004346
time_dependent,prepared,0.02,0.001,0.527,0.29093113213744404,0.5341412281021564,-1.4155343563970746e-15,1.3250562603326612e-15,0.22053809277308936,0.2458842431335548,0.0390248098610172,0.011762219819070979
time_dependent,prepared,0.02,0.001,0.528,0.2906307159634042,0.5336189132158248,7.494005416219807e-16,7.021870131118099e-16,0.22082872348905278,0.2456412549363027,0.038947582313495106,0.01175048062363834
time_dependent,prepared,0.02,0.001,0.529,0.2903306925191187,0.5330970234417064,-2.220446049250313e-15,2.0825909277404933e-15,0.2211190541815719,0.2453984886053799,0.038870502928701124,0.011738753110249151
time_dependent,prepared,0.02,0.001,0.53,0.2900310605278499,0.5325755592479643,-1.8041124150158794e-15,1.693761930760981e-15,0.22140908524209976,0.24515594410665992,0.038793571469515155,0.011727037267456313
time_dependent,prepared,0.02,0.001,0.531,0.2897318187215133,0.5320545210938814,1.6653345369377348e-16,1.565003651800456e-16,0.22169881706082128,0.24491362140428768,0.038716787698689664,0.011715333083821963
time_dependent,prepared,0.02,0.001,0.532,0.28943296584261247,0.5315339094299287,-1.0269562977782698e-15,9.66030839763058e-16,0.2219882500266639,0.24467152046070154,0.03864015137885822,0.011703640547918365
time_dependent,prepared,0.02,0.001,0.533,0.2891345006425823,0.5310137246978448,3.885780586188048e-16,3.658832536201505e-16,0.22227738452730647,0.24442964123664393,0.03856366227253955,0.011691959648327288
time_dependent,prepared,0.02,0.001,0.534,0.28883642188264674,0.5304939673307442,-3.608224830031759e-16,3.4008160810829346e-16,0.22256622094918913,0.24418798369119687,0.03848732014214638,0.01168029037364043
time_dependent,prepared,0.02,0.001,0.535,0.2885387283331413,0.5299746377531965,8.326672684688674e-17,7.855727511781719e-17,0.22285475967752227,0.2439465477817775,0.038411124749989124,0.01166863271245911
time_dependent,prepared,0.02,0.001,0.536,0.2882414187734612,0.5294557363813032,9.159339953157541e-16,8.649769304379739e-16,0.22314300109629573,0.24370533346416903,0.03833507585828464,0.01165698665339429
time_dependent,prepared,0.02,0.001,0.537,0.287944491992617,0.5289372636227951,-2.55351295663786e-15,2.4138145790186488e-15,0.22343094558828835,0.24346434069253886,0.038259173229159595,0.011645352185066939
time_dependent,prepared,0.02,0.001,0.538,0.287647946788482,0.5284192198770983,-5.551115123125783e-16,5.252567388083352e-16,0.22371859353507684,0.24322356941945006,0.038183416624659156,0.011633729296107604
time_dependent,prepared,0.02,0.001,0.539,0.28735178196809713,0.5279016055354374,-2.0539125955565396e-15,1.9453555113488537e-15,0.22400594531704493,0.24298301959588398,0.03810780580675058,0.01162211797515678
time_dependent,prepared,0.02,0.001,0.54,0.28705599634679285,0.5273844209809133,8.049116928532385e-16,7.631166762151745e-16,0.22429300131339172,0.2427426911712493,0.03803234053733096,0.01161051821086438
time_dependent,prepared,0.02,0.001,0.541,0.28676058874979554,0.5268676665885705,-1.4155343563970746e-15,1.3433490477433902e-15,0.22457976190214152,0.24250258409341047,0.03795702057823184,0.011598929991890576
time_dependent,prepared,0.02,0.001,0.542,0.2864655580099889,0.5263513427254919,7.216449660063518e-16,6.855164102646841e-16,0.2248662274601515,0.2422626983086947,0.03788184569122538,0.011587353306904847
time_dependent,prepared,0.02,0.001,0.543,0.28617090296992453,0.5258354497508658,-1.4432899320127035e-15,1.3723779299175418e-15,0.22515239836312143,0.24202303376191472,0.037806815638030206,0.011575788144586863
time_dependent,prepared,0.02,0.001,0.544,0.28587662248001866,0.5253199880160812,7.494005416219807e-16,7.132800566490528e-16,0.22543827498560146,0.24178359039637762,0.03773193018031638,0.011564234493625904
time_dependent,prepared,0.02,0.001,0.545,0.2855827153994698,0.5248049578648148,-2.7755575615628914e-16,2.644370560879735e-16,0.22572385770100092,0.2415443681539137,0.03765718907971187,0.011552692342720996
time_dependent,prepared,0.02,0.001,0.546,0.28528918059582503,0.52429035963306,-1.4155343563970746e-15,1.3499526840315927e-15,0.22600914688159676,0.24130536697487392,0.03758259209780686,0.011541161680580985
time_dependent,prepared,0.02,0.001,0.547,0.28499601694517185,0.523776193649255,-7.771561172376096e-16,7.418780451083561e-16,0.22629414289854194,0.2410665867981712,0.03750813899616003,0.0115296424959246
time_dependent,prepared,0.02,0.001,0.548,0.28470322333189535,0.5232624602343441,1.1934897514720433e-15,1.140431277009185e-15,0.22657884612187384,0.24082802756126814,0.037433829536303635,0.011518134777480416
time_dependent,prepared,0.02,0.001,0.549,0.2844107986481867,0.5227491597018338,0.0,0.0,0.22686325692052203,0.24058968920021548,0.03735966347974877,0.011506638513986615
time_dependent,prepared,0.02,0.001,0.55,0.2841187417947749,0.5222362923578909,-2.609024107869118e-15,2.497934504024424e-15,0.2271473756623168,0.24035157164965235,0.03728564058799035,0.011495153694191417
time_dependent,prepared,0.02,0.001,0.551,0.28382705168032457,0.5217238585014127,-4.440892098500626e-16,4.2559795053810093e-16,0.2274312027139971,0.24011367484282972,0.03721176062251204,0.011483680306852673
time_dependent,prepared,0.02,0.001,0.552,0.2835357272213531,0.521211858424099,-1.6653345369377348e-16,1.5975600996233358e-16,0.22771473844121845,0.239875998711628,0.0371380233447929,0.011472218340738173
time_dependent,prepared,0.02,0.001,0.553,0.28324476734255266,0.5207002924104999,2.7755575615628914e-16,2.665216058083898e-16,0.22799798320856102,0.23963854318656,0.0370644285163101,0.011460767784625544
time_dependent,prepared,0.02,0.001,0.554,0.2829541709762846,0.5201891607381336,1.6653345369377348e-16,1.6007009205792295e-16,0.2282809373795373,0.23940130819679778,0.03699097589854519,0.011449328627302203
time_dependent,prepared,0.02,0.001,0.555,0.28266393706255555,0.5196784636775224,-2.220446049250313e-16,2.136365276268379e-16,0.22856360131659986,0.2391642936701825,0.036917665252988736,0.011437900857565388
time_dependent,prepared,0.02,0.001,0.556,0.282374064549316,0.5191682014922793,6.661338147750939e-16,6.415394980474356e-16,0.22884597538114917,0.23892749953324066,0.03684449634114548,0.011426484464222212
time_dependent,prepared,0.02,0.001,0.557,0.28208455239182856,0.5186583744391702,-1.5543122344752192e-15,1.49839693242774e-15,0.229128059933541,0.2386909257111927,0.03677146892453848,0.011415079436089439
time_dependent,prepared,0.02,0.001,0.558,0.2817953995534721,0.5181489827681787,-1.942890293094024e-16,1.8748375059179446e-16,0.22940985533309446,0.23845457212797802,0.036698582764714036,0.011403685761994135
time_dependent,prepared,0.02,0.001,0.559,0.2815066050042417,0.5176400267226038,3.608224830031759e-16,3.485264511785287e-16,0.2296913619380987,0.23821843870625942,0.036625837623246754,0.01139230343077262
time_dependent,prepared,0.02,0.001,0.56,0.28121816772238634,0.5171315065390792,1.942890293094024e-16,1.8785263211836433e-16,0.22997258010582108,0.23798252536744374,0.03655323326174344,0.011380932431271506
time_dependent,prepared,0.02,0.001,0.561,0.28093008669288133,0.516623422447687,-2.220446049250313e-15,2.148998625275414e-15,0.23025351019251397,0.2377468320316887,0.03648076944184806,0.011369572752346966
time_dependent,prepared,0.02,0.001,0.562,0.28064236090847333,0.5161157746719898,1.887379141862766e-15,1.8284455101786616e-15,0.23053415255342244,0.2375113586179238,0.03640844592524613,0.011358224382865248
time_dependent,prepared,0.02,0.001,0.5630000000000001,0.2803549893687982,0.5156085634291279,-8.326672684688674e-17,8.074606664124193e-17,0.23081450754279123,0.2372761050438644,0.0363362624736696,0.011346887311702294
time_dependent,prepared,0.02,0.001,0.5640000000000001,0.28006797108064263,0.5151017889298499,6.38378239159465e-16,6.196622229615313e-16,0.23109457551387189,0.23704107122601517,0.03626421884889961,0.011335561527743973
time_dependent,prepared,0.02,0.001,0.5650000000000001,0.2797813050581535,0.5145954513786131,-6.38378239159465e-16,6.202719412397014e-16,0.23137435681893004,0.23680625707969527,0.03619231481277349,0.011324247019886052
time_dependent,prepared,0.02,0.001,0.5660000000000001,0.2794949903219065,0.5140895509736212,-1.887379141862766e-15,1.8356521138081e-15,0.23165385180925194,0.23657166251904327,0.036120550127185944,0.011312943777033931
time_dependent,prepared,0.02,0.001,0.5670000000000001,0.27920902590023083,0.5135840879068909,2.7200464103316335e-15,2.6481023014334034e-15,0.23193306083515217,0.2363372874570361,0.03604892455409566,0.01130165178810315
time_dependent,prepared,0.02,0.001,0.5680000000000001,0.2789234108276559,0.5130790623643389,6.661338147750939e-16,6.491531847991002e-16,0.23221198424597983,0.23610313180549972,0.03597743785552851,0.011290371042018925
time_dependent,prepared,0.02,0.001,0.5690000000000001,0.2786381441459733,0.5125744745257993,-7.494005416219807e-16,7.310162511655287e-16,0.2324906223901258,0.23586919547511992,0.035906089793581335,0.011279101527716445
time_dependent,prepared,0.02,0.001,0.5700000000000001,0.2783532249034373,0.5120703245651373,1.1102230246251565e-16,1.0840532748778059e-16,0.23276897561502924,0.2356354783754584,0.03583488013042643,0.011267843234140682
time_dependent,prepared,0.02,0.001,0.5710000000000001,0.2780686521551234,0.5115666126502773,-7.494005416219807e-16,7.324564612803363e-16,0.23304704426718437,0.23540198041496263,0.03576380862831595,0.011256596150246484
time_dependent,prepared,0.02,0.001,0.5720000000000001,0.277784424962882,0.5110633389432628,-3.3306690738754696e-16,3.258567793927824e-16,0.23332482869214724,0.23516870150098332,0.035692875049584356,0.0112453602649986
time_dependent,prepared,0.02,0.001,0.5730000000000001,0.27750054239488536,0.5105605036003301,1.1379786002407855e-15,1.1144404945310858e-15,0.23360232923454213,0.23493564153977695,0.035622079156654204,0.011234135567371642
time_dependent,prepared,0.02,0.001,0.5740000000000001,0.2772170035257864,0.5100581067719664,2.192690473634684e-15,2.1494516453347677e-15,0.23387954623806792,0.23470280043653124,0.035551420712038616,0.011222922046349922
time_dependent,prepared,0.02,0.001,0.5750000000000001,0.27693380743715784,0.5095561486029594,-1.1102230246251565e-16,1.0894020488900334e-16,0.23415648004550507,0.23447017809536463,0.03548089947834564,0.011211719690927924
time_dependent,prepared,0.02,0.001,0.5760000000000001,0.2766509532165465,0.5090546292324578,-2.3314683517128287e-15,2.2899981827374543e-15,0.23443313099872162,0.2342377744193494,0.035410515218281605,0.01120052849010979
time_dependent,prepared,0.02,0.001,0.577,0.2763684399578196,0.5085535487940408,-2.4980018054066022e-15,2.4559869961877646e-15,0.23470949943867944,0.23400558931051335,0.0353402676946559,0.011189348432909474
time_dependent,prepared,0.02,0.001,0.578,0.27608626676150966,0.5080529074157574,-2.220446049250313e-15,2.18525080443369e-15,0.23498558570544095,0.2337736226698581,0.035270156670382594,0.011178179508351064
time_dependent,prepared,0.02,0.001,0.579,0.27580443273378863,0.5075527052201916,1.1934897514720433e-15,1.1757298692303e-15,0.23526139013817474,0.23354187439737165,0.03520018190848608,0.011167021705468167
time_dependent,prepared,0.02,0.001,0.58,0.2755229369876106,0.5070529423245338,-1.1102230246251565e-15,1.094780181666485e-15,0.23553691307516234,0.23331034439203602,0.03513034317210365,0.011155875013304594
time_dependent,prepared,0.02,0.001,0.581,0.27524177864154464,0.5065536188405976,-1.1934897514720433e-15,1.1780487860334605e-15,0.23581215485380388,0.233079032551836,0.03506064022448862,0.011144739420913683
time_dependent,prepared,0.02,0.001,0.582,0.27496095682067184,0.5060547348749174,-1.3877787807814457e-15,1.3711745836391273e-15,0.23608711581062455,0.23284793877378293,0.03499107282901487,0.01113361491735899
time_dependent,prepared,0.02,0.001,0.583,0.27468047065560874,0.5055562905287654,-5.273559366969494e-16,5.215600582730202e-16,0.23636179628128015,0.2326170629539091,0.03492164074917977,0.011122501491713692
time_dependent,prepared,0.02,0.001,0.584,0.27440031928323716,0.5050582858982471,-2.0261570199409107e-15,2.0058645472347717e-15,0.2366361966005634,0.2323864049872938,0.03485234374860673,0.011111399133060942
time_dependent,prepared,0.02,0.001,0.585,0.27412050184634995,0.5045607210743063,4.440892098500626e-16,4.400750903721871e-16,0.23691031710240976,0.23215596476806677,0.034783181591050094,0.011100307830493764
time_dependent,prepared,0.02,0.001,0.586,0.2738410174931573,0.504063596142833,3.3306690738754696e-16,3.3038183072158214e-16,0.23718415811990293,0.23192574218941622,0.034714154040396704,0.011089227573114896
time_dependent,prepared,0.02,0.001,0.587,0.2735618653781,0.5035669111846519,-1.4432899320127035e-15,1.4330666888113588e-15,0.23745771998528103,0.2316957371436105,0.03464526086067051,0.011078158350037124
time_dependent,prepared,0.02,0.001,0.588,0.2732830446613934,0.5030706662756345,-1.5265566588595902e-15,1.5172387908850822e-15,0.23773100302994243,0.23146594952199556,0.034576501816035575,0.011067100150383091
time_dependent,prepared,0.02,0.001,0.589,0.27300455450849115,0.5025748614867048,4.996003610813204e-16,4.970407389691302e-16,0.23800400758445092,0.23123637921501747,0.03450787667079823,0.011056052963285167
time_dependent,prepared,0.02,0.001,0.59,0.27272639409071364,0.5020794968839304,3.635980405647388e-15,3.620921017700841e-15,0.23827673397854163,0.23100702611222435,0.03443938518941107,0.011045016777885634
time_dependent,prepared,0.02,0.001,0.591,0.2724485625851634,0.5015845725285444,1.3877787807814457e-16,1.3833946026145665e-16,0.23854918254112678,0.23077789010228025,0.0343710271364762,0.011033991583336756
time_dependent,prepared,0.02,0.001,0.592,0.2721710591742319,0.5010900884769861,-5.273559366969494e-16,5.26208708597486e-16,0.23882135360030102,0.23054897107297884,0.0343028022767473,0.011022977368800615
time_dependent,prepared,0.02,0.001,0.593,0.2718938830456099,0.5005960447809952,-7.216449660063518e-16,7.207857248673063e-16,0.23909324748334662,0.23032026891124305,0.03423471037513382,0.011011974123448903
time_dependent,prepared,0.02,0.001,0.594,0.271617033393035,0.5001024414876118,9.992007221626409e-16,9.989960448807282e-16,0.23936486451673966,0.23009178350314843,0.03416675119670231,0.011000981836463636
time_dependent,prepared,0.02,0.001,0.595,0.27134050941474175,0.49960927863926086,-4.718447854656915e-16,4.722137934976021e-16,0.2396362050261544,0.22986351473392258,0.03409892450668173,0.010990000497036176
time_dependent,prepared,0.02,0.001,0.596,0.27106431031514666,0.4991165562737737,-7.494005416219807e-16,7.507269917238757e-16,0.23990726933646955,0.2296354624879648,0.03403123007046342,0.010979030094368182
time_dependent,prepared,0.02,0.001,0.597,0.27078843530354635,0.4986242744244519,-3.6637359812630166e-15,3.673844384624052e-15,0.2401780577717731,0.2294076266488437,0.03396366765360615,0.01096807061767098
time_dependent,prepared,0.02,0.001,0.598,0.2705128835941956,0.4981324331201152,2.3592239273284576e-15,2.368068981727566e-15,0.2404485706553673,0.22918000709931866,0.03389623702183845,0.010957122056165607
time_dependent,prepared,0.02,0.001,0.599,0.2702376544070344,0.4976410323851428,2.4424906541753444e-15,2.45406879178424e-15,0.24071880830977432,0.22895260372133922,0.033828937941060205,0.010946184399083184
time_dependent,prepared,0.02,0.001,0.6,0.2699627469669376,0.49715007223951857,-1.8596235662471372e-15,1.8702839143420712e-15,0.24098877105674127,0.22872541639606772,0.03376177017734695,0.010935257635664582
time_dependent,prepared,0.02,0.001,0.601,0.2696881605038931,0.49665955269885725,-4.163336342344337e-16,4.191338231310252e-16,0.24125845921724517,0.22849844500387312,0.033694733496951595,0.010924341755160554
time_dependent,prepared,0.02,0.001,0.602,0.2694138942529293,0.4961694737745081,-1.942890293094024e-15,1.95788978946436e-15,0.2415278731114981,0.22827168942435114,0.03362782766630715,0.010913436746831756
time_dependent,prepared,0.02,0.001,0.603,0.26913994745383696,0.495679835473544,1.6375789613221059e-15,1.6518515018445873e-15,0.24179701305895193,0.22804514953633132,0.03356105245202974,0.010902542599948422
time_dependent,prepared,0.02,0.001,0.604,0.2688663193518252,0.4951906377988149,-7.771561172376096e-16,7.847039684475534e-16,0.24206587937830376,0.2278188252178837,0.03349440762092085,0.01089165930379095
time_dependent,prepared,0.02,0.001,0.605,0.26859300919670015,0.4947018807490145,-2.220446049250313e-16,2.244226407516783e-16,0.24233447238750047,0.2275927163463322,0.03342789293996949,0.010880786847649503
time_dependent,prepared,0.02,0.001,0.606,0.26832001624317553,0.4942135643187098,-3.885780586188048e-16,3.931276746263258e-16,0.24260279240374363,0.2273668227982566,0.03336150817635607,0.010869925220823954
time_dependent,prepared,0.02,0.001,0.607,0.2680473397508022,0.4937256884983798,-2.7755575615628914e-16,2.8108296025719157e-16,0.24287083974349444,0.22714114444950814,0.033295253097452716,0.010859074412624143
time_dependent,prepared,0.02,0.001,0.608,0.26777497898380465,0.49323825327447,-2.6645352591003757e-15,2.7010630678087953e-15,0.24313861472247825,0.22691568117521843,0.033229127470827804,0.010848234412369612
time_dependent,prepared,0.02,0.001,0.609,0.2675029332114097,0.4927512586294213,8.604228440844963e-16,8.73080310822286e-16,0.24340611765568965,0.22669043284980064,0.03316313106424695,0.010837405209389885
time_dependent,prepared,0.02,0.001,0.61,0.26723120170736775,0.4922647045417298,-1.4988010832439613e-15,1.5223527803392499e-15,0.24367334885739703,0.2264653993469659,0.03309726364567607,0.01082658679302426
time_dependent,prepared,0.02,0.001,0.611,0.2669597837498832,0.4917785909859694,9.159339953157541e-16,9.312463089125053e-16,0.2439403086411469,0.22624058053972984,0.03303152498328337,0.010815779152621779
time_dependent,prepared,0.02,0.001,0.612,0.26668867862209833,0.49129291793284746,-2.4702462297909733e-15,2.514025889264524e-15,0.244206997319769,0.226015976300419,0.03296591484544201,0.01080498227754137
time_dependent,prepared,0.02,0.001,0.613,0.26641788561168034,0.49080768534923674,-4.3298697960381105e-15,4.410963729059365e-15,0.24447341520538068,0.22579158650068124,0.0329004330007316,0.010794196157151895
time_dependent,prepared,0.02,0.001,0.614,0.2661474040105661,0.4903228931982054,-3.885780586188048e-16,3.9624710982210684e-16,0.24473956260939125,0.2255674110114941,0.03283507921794116,0.010783420780831875
time_dependent,prepared,0.02,0.001,0.615,0.2658772331155605,0.4898385414391017,-1.942890293094024e-16,1.9831945924324234e-16,0.2450054398425068,0.2253434497031706,0.03276985326607194,0.010772656137969782
time_dependent,prepared,0.02,0.001,0.616,0.26560737222727104,0.4893546300275361,2.858824288409778e-15,2.921014856085967e-15,0.24527104721473408,0.22511970244536988,0.03270475491433736,0.010761902217963651
time_dependent,prepared,0.02,0.001,0.617,0.26533782065176964,0.4888711589154585,1.6653345369377348e-16,1.7032448187700556e-16,0.24553638503538586,0.2248961691071056,0.03263978393216695,0.010751159010221795
time_dependent,prepared,0.02,0.001,0.618,0.26506857769826486,0.48838812805118065,1.1934897514720433e-15,1.2218660558298523e-15,0.24580145361308411,0.22467284955675337,0.032574940089209005,0.010740426504161866
time_dependent,prepared,0.02,0.001,0.619,0.2647996426810792,0.4879055373794258,-7.216449660063518e-16,7.395334862178005e-16,0.2460662532557652,0.22444974366205506,0.03251022315533037,0.010729704689211486
time_dependent,prepared,0.02,0.001,0.62,0.26453101491859854,0.4874233868413504,-1.942890293094024e-16,1.9930212065577479e-16,0.2463307842706838,0.22422685129013228,0.03244563290062035,0.01071899355480816
time_dependent,prepared,0.02,0.001,0.621,0.26426269373357975,0.4869416763745922,2.7755575615628914e-16,2.8499897382245454e-16,0.2465950469644174,0.2240041723074908,0.0323811690953923,0.01070829309039916
time_dependent,prepared,0.02,0.001,0.622,0.26399467845261854,0.48646040591333056,-1.1379786002407855e-15,1.1696518220267375e-15,0.24685904164287,0.22378170658002977,0.03231683151018523,0.010697603285441424
time_dependent,prepared,0.02,0.001,0.623,0.26372696840707505,0.48597957538826775,1.5265566588595902e-15,1.570597547890735e-15,0.24712276861127708,0.22355945397305002,0.03225261991576599,0.010686924129401918
time_dependent,prepared,0.02,0.001,0.624,0.26345956293176936,0.4854991847267206,1.8596235662471372e-15,1.9151665180384234e-15,0.24738622817420886,0.22333741435125506,0.03218853408313136,0.010676255611757099
time_dependent,prepared,0.02,0.001,0.625,0.2631924613661637,0.4850192338526273,-1.0547118733938987e-15,1.0872887091673287e-15,0.24764942063557502,0.22311558757876804,0.03212457378350951,0.010665597721993493
time_dependent,prepared,0.02,0.001,0.626,0.2629256630536344,0.48453972268658396,-1.6653345369377348e-15,1.7184706010315384e-15,0.24791234629862866,0.22289397351913473,0.03206073878836256,0.010654950449607346
time_dependent,prepared,0.02,0.001,0.627,0.2626591673412218,0.48406065114589814,-5.273559366969494e-16,5.44720930578183e-16,0.24817500546596988,0.22267257203533045,0.03199702886938747,0.010644313784104471
time_dependent,prepared,0.02,0.001,0.628,0.262392973580599,0.48358201914461574,-4.996003610813204e-16,5.165621769447083e-16,0.24843739843955048,0.22245138298976677,0.03193344379851895,0.010633687715000763
time_dependent,prepared,0.02,0.001,0.629,0.26212708112683686,0.4831038265935394,1.942890293094024e-15,2.0108413410774695e-15,0.2486995255206773,0.22223040624429982,0.03186998334793031,0.010623072231821675
time_dependent,prepared,0.02,0.001,0.63,0.26186148933920994,0.4826260734002825,1.4155343563970746e-15,1.4664917981161893e-15,0.24896138701001652,0.22200964166023873,0.03180664729003553,0.010612467324102523
time_dependent,prepared,0.02,0.001,0.631,0.26159619758065883,0.48214875946930363,1.3877787807814457e-16,1.439160376881359e-16,0.24922298320759717,0.22178908909834996,0.031743435397491276,0.01060187298138834
time_dependent,prepared,0.02,0.001,0.632,0.2613312052182762,0.4816718847019312,-2.1649348980190553e-15,2.2473129185843675e-15,0.24948431441281543,0.22156874841886529,0.03168034744319811,0.01059128919323399
time_dependent,prepared,0.02,0.001,0.633,0.2610665116225596,0.48119544899639516,3.885780586188048e-16,4.0376323116650636e-16,0.249745380924438,0.22134861948149223,0.031617383200302794,0.010580715949203954
time_dependent,prepared,0.02,0.001,0.634,0.2608021161682397,0.4807194522478806,-1.7763568394002505e-15,1.8476024124818276e-15,0.25000618304060623,0.22112870214541275,0.031554542442199116,0.010570153238872613
time_dependent,prepared,0.02,0.001,0.635,0.2605380182336348,0.48024389434852566,4.996003610813204e-16,5.201527463030556e-16,0.25026672105883985,0.2209089962692971,0.031491824942530666,0.010559601051824167
time_dependent,prepared,0.02,0.001,0.636,0.26027421720043015,0.47976877518749267,8.049116928532385e-16,8.388537713179437e-16,0.2505269952760403,0.22068950171131083,0.03142923047519071,0.010549059377652284
time_dependent,prepared,0.02,0.001,0.637,0.2600107124543613,0.47929409465097716,1.3600232051658168e-15,1.418777343956414e-15,0.2507870059884946,0.22047021832911357,0.031366758814325796,0.010538528205960553
time_dependent,prepared,0.02,0.001,0.638,0.25974750338478286,0.47881985262224386,5.273559366969494e-16,5.50683032260357e-16,0.2510467534918794,0.22025114597987586,0.03130440973433563,0.010528007526362314
time_dependent,prepared,0.02,0.001,0.639,0.2594845893846144,0.4783460489816583,-2.7755575615628914e-16,2.9012025577212603e-16,0.251306238081264,0.22003228452027815,0.03124218300987571,0.010517497328480648
time_dependent,prepared,0.02,0.001,0.64,0.2592219698503087,0.4778726836067169,-4.440892098500626e-16,4.646522233687064e-16,0.2515654600511143,0.21981363380652283,0.03118007841585803,0.01050699760194829
time_dependent,prepared,0.02,0.001,0.641,0.25895964418169587,0.4773997563720959,-6.38378239159465e-16,6.685992510874882e-16,0.251824419695296,0.21959519369433275,0.031118095727453075,0.010496508336407638
time_dependent,prepared,0.02,0.001,0.642,0.2586976117825825,0.47692726714965045,1.7763568394002505e-15,1.8622932276619665e-15,0.2520831173070786,0.21937696403896556,0.031056234720091554,0.01048602952151106
time_dependent,prepared,0.02,0.001,0.643,0.25843587205979035,0.4764552158084707,1.915134717478395e-15,2.009774113007352e-15,0.2523415531791384,0.21915894469521702,0.030994495169464804,0.010475561146920356
time_dependent,prepared,0.02,0.001,0.644,0.2581744244240815,0.47598360221490366,-1.1102230246251565e-16,1.1662408320989784e-16,0.25259972760356253,0.2189411355174257,0.03093287685152694,0.010465103202307324
time_dependent,prepared,0.02,0.001,0.645,0.25791326828900685,0.475512426232581,9.992007221626409e-16,1.05065679363962e-15,0.25285764087185153,0.2187235363594836,0.030871379542496347,0.010454655677353151
time_dependent,prepared,0.02,0.001,0.646,0.2576524030721432,0.4750416877224518,-8.326672684688674e-17,8.764149441926055e-17,0.25311529327492366,0.21850614707483237,0.030810003018856252,0.010444218561749012
time_dependent,prepared,0.02,0.001,0.647,0.25739182819405276,0.47457138654280745,2.498001805406602e-16,2.631850419390251e-16,0.2533726851031177,0.218288967516484,0.030748747057357265,0.01043379184519563
time_dependent,prepared,0.02,0.001,0.648,0.25713154307879554,0.4741015225493198,2.7755575615628914e-16,2.927176384752229e-16,0.2536298166461965,0.21807199753701315,0.03068761143501788,0.010423375517403502
time_dependent,prepared,0.02,0.001,0.649,0.2568715471534004,0.4736320955950586,1.4155343563970746e-15,1.4943395618266043e-15,0.2538866881933499,0.21785523698857168,0.030626595929125446,0.010412969568092628
time_dependent,prepared,0.02,0.001,0.65,0.25661183984865477,0.47316310553053936,1.1102230246251565e-16,1.1731927232368494e-16,0.25414330003319857,0.2176386857228897,0.03056570031723843,0.010402573986992902
time_dependent,prepared,0.02,0.001,0.651,0.2563524205986442,0.4726945522037103,-1.0824674490095276e-15,1.1449967468030322e-15,0.2543996524537972,0.21742234359128396,0.030504924377187236,0.010392188763843966
time_dependent,prepared,0.02,0.001,0.652,0.2560932888398423,0.47222643546004084,4.718447854656915e-16,4.995959036113917e-16,0.25465574574263705,0.21720621044466434,0.030444267887074727,0.010381813888394764
time_dependent,prepared,0.02,0.001,0.653,0.255834444012877,0.47175875514249777,1.6653345369377348e-16,1.7650276956012288e-16,0.25491158018664994,0.2169902861335348,0.030383730625278698,0.010371449350404342
time_dependent,prepared,0.02,0.001,0.654,0.25557588556113153,0.4712915110915893,-1.6375789613221059e-15,1.7373312724530136e-15,0.2551671560722111,0.21677457050800442,0.030323312370452136,0.010361095139641188
time_dependent,prepared,0.02,0.001,0.655,0.25531761293072913,0.4708247031454079,-1.6375789613221059e-15,1.7390537819936399e-15,0.2554224736851418,0.2165590634177902,0.03026301290152475,0.010350751245883314
time_dependent,prepared,0.02,0.001,0.656,0.2550596255719031,0.4703583311396349,-9.43689570931383e-16,1.0031602593759858e-15,0.25567753331071374,0.21634376471222122,0.030202831997704446,0.010340417658918842
time_dependent,prepared,0.02,0.001,0.657,0.2548019229367582,0.4698923949075758,8.326672684688674e-17,8.860190944701781e-17,0.2559323352336505,0.21612867424025128,0.030142769438477202,0.010330094368545005
time_dependent,prepared,0.02,0.001,0.658,0.25454450448146443,0.46942689428019285,1.0824674490095276e-15,1.15296701381943e-15,0.256186879738132,0.2159137918504515,0.030082825003609866,0.010319781364569087
time_dependent,prepared,0.02,0.001,0.659,0.2542873696644535,0.4689618290861214,1.5265566588595902e-15,1.6275915908064736e-15,0.2564411671077964,0.21569911739103126,0.030022998473149886,0.010309478636807687
time_dependent,prepared,0.02,0.001,0.66,0.2540305179479921,0.4684971991517011,1.1934897514720433e-15,1.2737426751249214e-15,0.2566951976257444,0.21548465070982664,0.029963289627427662,0.010299186175087523
time_dependent,prepared,0.02,0.001,0.661,0.25377394879626497,0.46803300430099704,-3.608224830031759e-16,3.85466921870244e-16,0.25694897157454066,0.21527039165432255,0.029903698247055882,0.010288903969244336
time_dependent,prepared,0.02,0.001,0.662,0.2535176616773536,0.46756924435584024,1.609823385706477e-15,1.721481262015311e-15,0.257202489236218,0.21505634007164345,0.02984422411293235,0.010278632009123998
time_dependent,prepared,0.02,0.001,0.663,0.25326165606172657,0.4671059191358243,-3.608224830031759e-16,3.862319746137242e-16,0.25745575089227973,0.21484249580856965,0.029784867006239613,0.010268370284581753
time_dependent,prepared,0.02,0.001,0.664,0.25300593142285077,0.4666430284583574,4.440892098500626e-16,4.75833970259016e-16,0.2577087568237026,0.21462885871153414,0.02972562670844708,0.010258118785482478
time_dependent,prepared,0.02,0.001,0.665,0.25275048723708143,0.4661805721386774,2.498001805406602e-16,2.6792212660714507e-16,0.2579615073109397,0.214415428626632,0.029666503001311056,0.01024787750170069
time_dependent,prepared,0.02,0.001,0.666,0.25249532298367455,0.46571854998986706,-2.7755575615628914e-17,2.9798658026648076e-17,0.25821400263392336,0.21420220539962592,0.02960749566687589,0.010237646423120505
time_dependent,prepared,0.02,0.001,0.667,0.25224043814465885,0.4652569618229031,-9.71445146547012e-16,1.043987759732639e-15,0.258466243072068,0.21398918887594845,0.02954860448747574,0.01022742553963568
time_dependent,prepared,0.02,0.001,0.668,0.25198583220485604,0.46479580744664495,-1.0269562977782698e-15,1.1047392008760295e-15,0.2587182289042729,0.21377637890070625,0.029489829245734407,0.010217214841149552
time_dependent,prepared,0.02,0.001,0.669,0.25173150465193855,0.4643350866678911,0.0,0.0,0.25896996040892484,0.2135637753186895,0.029431169724566893,0.01020701431757503
time_dependent,prepared,0.02,0.001,0.67,0.25147745497597207,0.4638747992913842,7.771561172376096e-16,8.376787426529677e-16,0.2592214378639008,0.21335137797437415,0.02937262570717999,0.010196823958834545
time_dependent,prepared,0.02,0.001,0.671,0.251223682670229,0.46341494511983916,4.440892098500626e-16,4.791485627801893e-16,0.259472661546571,0.2131391867119247,0.02931419697707354,0.010186643754860218
time_dependent,prepared,0.02,0.001,0.672,0.25097018723035863,0.46295552395396433,-3.608224830031759e-16,3.8969454335645396e-16,0.25972363173380136,0.21292720137520188,0.029255883318040517,0.010176473695593647
time_dependent,prepared,0.02,0.001,0.673,0.25071696815491046,0.46249653559248727,-9.992007221626409e-16,1.0802250884783414e-15,0.2599743487019563,0.21271542180776437,0.029197684514169132,0.01016631377098613
time_dependent,prepared,0.02,0.001,0.674,0.25046402494476266,0.46203797983218664,-7.771561172376096e-16,8.410089117780699e-16,0.26022481272690107,0.2125038478528763,0.029139600349841806,0.010156163970998312
time_dependent,prepared,0.02,0.001,0.675,0.2502113571037801,0.4615798564678913,-1.6375789613221059e-15,1.7738847767894559e-15,0.26047502408400486,0.21229247935351236,0.02908163060973813,0.010146024285600642
time_dependent,prepared,0.02,0.001,0.676,0.24995896413812926,0.46112216529251104,7.771561172376096e-16,8.426792027494742e-16,0.260724983048143,0.2120813161523592,0.029023775078833972,0.010135894704772927
time_dependent,prepared,0.02,0.001,0.677,0.24970684555690809,0.4606649060970814,5.828670879282072e-16,6.326367389980564e-16,0.26097468989369993,0.21187035809181726,0.028966033542403045,0.010125775218504685
time_dependent,prepared,0.02,0.001,0.678,0.24945500087129263,0.4602080786707613,3.885780586188048e-16,4.2217648562488436e-16,0.26122414489457124,0.21165960501401831,0.028908405786017565,0.010115665816794801
time_dependent,prepared,0.02,0.001,0.679,0.2492034295952608,0.4597516828008528,1.6653345369377348e-16,1.8111239167112468e-16,0.2614733483241665,0.21144905676081305,0.028850891595548336,0.010105566489651706
time_dependent,prepared,0.02,0.001,0.68,0.24895213124568416,0.45929571827282584,-1.6375789613221059e-15,1.7827065397868265e-15,0.2617223004554122,0.21123871317378623,0.028793490757167313,0.010095477227093618
time_dependent,prepared,0.02,0.001,0.681,0.24870110534106513,0.4588401848703657,-1.942890293094024e-15,2.1171753882486833e-15,0.2619710015607533,0.21102857409425635,0.028736203057345443,0.010085398019147936
time_dependent,prepared,0.02,0.001,0.682,0.24845035140317642,0.4583850823753478,2.1649348980190553e-15,2.3614805337909064e-15,0.2622194519121565,0.2108186393632839,0.028679028282856282,0.010075328855851792
time_dependent,prepared,0.02,0.001,0.683,0.24819986895577373,0.4579304105679008,-3.0531133177191805e-16,3.3335996553852735e-16,0.2624676517811123,0.21060890882167244,0.028621966220774762,0.010065269727251696
time_dependent,prepared,0.02,0.001,0.684,0.24794965752513815,0.45747616922639794,-2.0261570199409107e-15,2.2144946078472138e-15,0.2627156014386374,0.2103993823099708,0.028565016658478434,0.010055220623403765
time_dependent,prepared,0.02,0.001,0.685,0.24769971664020984,0.457022358127493,-5.828670879282072e-16,6.376789642374656e-16,0.26296330115527766,0.21019005966848303,0.028508179383648212,0.01004518153437361
time_dependent,prepared,0.02,0.001,0.686,0.2474500458319576,0.45656897704613286,-9.159339953157541e-16,1.0030620140264226e-15,0.2632107512011096,0.20998094073726975,0.028451454184269316,0.010035152450236277
time_dependent,prepared,0.02,0.001,0.687,0.2472006446339155,0.45611602575558374,-4.163336342344337e-16,4.563900528870391e-16,0.2634579518457435,0.2097720253561478,0.02839484084863087,0.010025133361076322
time_dependent,prepared,0.02,0.001,0.6880000000000001,0.2469515125819075,0.4556635040274392,-7.771561172376096e-16,8.527741528217841e-16,0.2637049033583254,0.2095633133647033,0.02833833916532742,0.010015124256987756
time_dependent,prepared,0.02,0.001,0.6890000000000001,0.2467026492139635,0.45521141163166395,9.43689570931383e-16,1.0365398876412309e-15,0.26395160600753936,0.20935480460228378,0.028281948923259716,0.01000512512807406
time_dependent,prepared,0.02,0.001,0.6900000000000001,0.24645405407086546,0.45475974833657956,1.9984014443252818e-15,2.197205724159879e-15,0.26419806006161023,0.20914649890801879,0.028225669911634322,0.009995135964448341
time_dependent,prepared,0.02,0.001,0.6910000000000001,0.24620572669511406,0.45430851390892424,-4.440892098500626e-16,4.887529027676222e-16,0.2644442657883053,0.20893839612080525,0.028169501919964614,0.00998515675623297
time_dependent,prepared,0.02,0.001,0.6920000000000001,0.24595766663187812,0.4538577081138184,7.494005416219807e-16,8.25589747870984e-16,0.2646902234549372,0.20873049607932267,0.028113444738072046,0.00997518749355989
time_dependent,prepared,0.02,0.001,0.6930000000000001,0.2457098734280728,0.4534073307148394,-2.498001805406602e-16,2.75469940182514e-16,0.2649359333283653,0.2085227986220358,0.02805749815608575,0.009965228166570287
time_dependent,prepared,0.02,0.001,0.6940000000000001,0.24546234663364921,0.45295738147400644,-2.525757381022231e-15,2.7880739825929764e-15,0.26518139567499893,0.20831530358719583,0.028001661964443116,0.009955278765415165
time_dependent,prepared,0.02,0.001,0.6950000000000001,0.245215085800083,0.4525078601518027,1.3600232051658168e-15,1.5027619682778194e-15,0.26542661076079904,0.20810801081284452,0.027945935953890916,0.009945339280254645
time_dependent,prepared,0.02,0.001,0.6960000000000001,0.24496809048128035,0.4520587665072027,-4.440892098500626e-16,4.911852647845809e-16,0.26567157885128034,0.20790092013681916,0.02789031991548553,0.009935409701258469
time_dependent,prepared,0.02,0.001,0.6970000000000001,0.24472136023331859,0.4516101002976957,-1.9984014443252818e-15,2.2125296168176544e-15,0.26591630021151363,0.20769403139675463,0.027834813640593054,0.009925490018605689
time_dependent,prepared,0.02,0.001,0.6980000000000001,0.24447489461429375,0.4511618612792718,-2.3314683517128287e-15,2.5838491147079054e-15,0.2661607751061279,0.20748734443008968,0.027779416920890615,0.009915580222484796
time_dependent,prepared,0.02,0.001,0.6990000000000001,0.24422869318460808,0.45071404920648195,2.220446049250313e-16,2.463253645143284e-16,0.26640500379931253,0.2072808590740661,0.02772412954836579,0.009905680303093665
time_dependent,prepared,0.02,0.001,0.7000000000000001,0.24398275550692314,0.4502666638324245,1.3877787807814457e-16,1.541063210153544e-16,0.26664898655481944,0.20707457516574151,0.02766895131531796,0.009895790250639825
time_dependent,prepared,0.02,0.001,0.7010000000000001,0.2437370811453556,0.4498197049087825,-1.1379786002407855e-15,1.2649274674078075e-15,0.2668927236359648,0.2068684925419783,0.027613882014358368,0.009885910055339753
time_dependent,prepared,0.02,0.001,0.7020000000000001,0.24349166966684935,0.44937317218582434,-6.106226635438361e-16,6.79416019178079e-16,0.26713621530563164,0.20666261103945935,0.02755892143840994,0.009876039707419711
time_dependent,prepared,0.02,0.001,0.7030000000000001,0.24324652064004904,0.4489270654124249,-2.498001805406602e-16,2.7821911373417784e-16,0.2673794618262717,0.2064569304946873,0.027504069380709442,0.009866179197115212
time_dependent,prepared,0.02,0.001,0.704,0.24300163363569996,0.44848138433610174,1.0547118733938987e-15,1.17587029276055e-15,0.2676224634599074,0.20625145074398699,0.02744932563480604,0.009856328514671166
time_dependent,prepared,0.02,0.001,0.705,0.24275700822640695,0.4480361287030033,-1.1102230246251565e-15,1.2389882796272316e-15,0.2678652204681338,0.20604617162351005,0.027394689994562422,0.009846487650341748
time_dependent,prepared,0.02,0.001,0.706,0.2425126439871915,0.44759129825794103,1.3877787807814457e-15,1.5502745319030808e-15,0.268107733112121,0.20584109296923947,0.02734016225415539,0.009836656594390729
time_dependent,prepared,0.02,0.001,0.707,0.2422685404945949,0.4471468927444006,1.4988010832439613e-15,1.6759605261315188e-15,0.2683500016526156,0.20563621461698967,0.02728574220807621,0.009826835337091014
time_dependent,prepared,0.02,0.001,0.708,0.2420246973275219,0.44670291190456957,2.220446049250313e-16,2.485372257574037e-16,0.2685920263499431,0.20543153640241257,0.027231429651130463,0.009817023868725069
time_dependent,prepared,0.02,0.001,0.709,0.24178111406648622,0.4462593554793375,-5.828670879282072e-16,6.530586762737294e-16,0.2688338074640096,0.20522705816099954,0.027177224378438645,0.009807222179584463
time_dependent,prepared,0.02,0.001,0.71,0.24153779029423394,0.4458162232083098,8.049116928532385e-16,9.027393474610489e-16,0.2690753452543038,0.20502277972808516,0.027123126185436896,0.009797430259970319
time_dependent,prepared,0.02,0.001,0.711,0.2412947255952222,0.44537351482985826,-1.6653345369377348e-16,1.8695931409099692e-16,0.269316639979899,0.20481870093885055,0.027069134867876998,0.009787648100192965
time_dependent,prepared,0.02,0.001,0.712,0.24105191955610092,0.4449312300810915,8.326672684688674e-17,9.357258067916569e-17,0.2695576918994551,0.204614821628326,0.027015250221826506,0.009777875690572209
time_dependent,prepared,0.02,0.001,0.713,0.24080937176512165,0.4444893686978873,8.326672684688674e-16,9.36656000241502e-16,0.26979850127122024,0.20441114163139307,0.026961472043669138,0.00976811302143706
time_dependent,prepared,0.02,0.001,0.714,0.24056708181247358,0.44404793041492546,-1.0547118733938987e-15,1.1876103919776862e-15,0.2700390683530327,0.20420766078278996,0.02690780013010577,0.009758360083125795
time_dependent,prepared,0.02,0.001,0.715,0.24032504929038517,0.44360691496567795,3.3306690738754696e-16,3.754077046041047e-16,0.2702793934023231,0.20400437891711548,0.0268542342781536,0.00974861686598623
time_dependent,prepared,0.02,0.001,0.716,0.2400832737925579,0.44316632208244333,1.609823385706477e-15,1.8162745063093882e-15,0.27051947667611564,0.2038012958688252,0.02680077428514709,0.009738883360375154
time_dependent,prepared,0.02,0.001,0.717,0.2398417549151048,0.4427261514963396,2.7200464103316335e-15,3.071928777121396e-15,0.27075931843103074,0.20359841147224347,0.026747419948738024,0.009729159556659
time_dependent,prepared,0.02,0.001,0.718,0.23960049225532784,0.4422864029373369,-7.216449660063518e-16,8.158118373227436e-16,0.2709989189232861,0.20339572556156127,0.02669417106689646,0.009719445445213203
time_dependent,prepared,0.02,0.001,0.719,0.23935948541277643,0.4418470761342684,1.609823385706477e-15,1.8216974521941626e-15,0.27123827840869885,0.20319323797084046,0.026641027437909484,0.009709741016422666
time_dependent,prepared,0.02,0.001,0.72,0.23911873398858197,0.4414081708148518,5.551115123125783e-16,6.287961449465544e-16,0.2714773971426874,0.20299094853401442,0.026587988860382838,0.009700046260681501
time_dependent,prepared,0.02,0.001,0.721,0.2388782375856253,0.4409696867056827,-8.326672684688674e-17,9.441320952120416e-17,0.27171627538027304,0.20278885708489455,0.02653505513324057,0.00969036116839308
time_dependent,prepared,0.02,0.001,0.722,0.23863799580848993,0.4405316235322682,-1.7486012637846216e-15,1.9846489677222263e-15,0.2719549133760815,0.20258696345717062,0.026482226055725252,0.009680685729969966
time_dependent,prepared,0.02,0.001,0.723,0.2383980082640075,0.4400939810190212,5.551115123125783e-17,6.306738290617362e-17,0.27219331138434555,0.20238526748441546,0.026429501427398156,0.009671019935834234
time_dependent,prepared,0.02,0.001,0.724,0.23815827455984334,0.4396567588893137,-9.71445146547012e-16,1.1047767683603157e-15,0.2724314696589054,0.20218376900008603,0.026376881048140045,0.009661363776416873
time_dependent,prepared,0.02,0.001,0.725,0.23791879430633914,0.43921995686543586,-1.1657341758564144e-15,1.3270505559172062e-15,0.27266938845321176,0.2019824678375273,0.02632436471815016,0.009651717242158462
time_dependent,prepared,0.02,0.001,0.726,0.23767956711462374,0.43878357466865786,7.771561172376096e-16,8.855802291875545e-16,0.2729070680203264,0.2017813638299726,0.026271952237947812,0.009642080323508469
time_dependent,prepared,0.02,0.001,0.727,0.23744059259823677,0.4383476120192112,-1.5265566588595902e-15,1.7412626611875888e-15,0.2731445086129246,0.20158045681055126,0.02621964340837097,0.009632453010925815
time_dependent,prepared,0.02,0.001,0.728,0.2372018703720402,0.43791206863632065,6.661338147750939e-16,7.605794204867044e-16,0.2733817104832966,0.2013797466122871,0.02616743803057825,0.00962283529487866
time_dependent,prepared,0.02,0.001,0.729,0.23696340005246258,0.43747694423820793,-2.1649348980190553e-15,2.474341707068619e-15,0.2736186738833491,0.2011792330681018,0.026115335906047574,0.009613227165844214
time_dependent,prepared,0.02,0.001,0.73,0.23672518125776304,0.4370422385421068,1.5265566588595902e-15,1.746463527131728e-15,0.2738553990646069,0.20097891601081727,0.026063336836577,0.00960362861430896
time_dependent,prepared,0.02,0.001,0.731,0.2364872136079474,0.4366079512642892,1.0269562977782698e-15,1.1760622943358028e-15,0.27409188627821485,0.20077879527316103,0.02601144062428473,0.00959403963076873
time_dependent,prepared,0.02,0.001,0.732,0.2362494967242638,0.4361740821200488,-2.4147350785597155e-15,2.7680863874611323e-15,0.2743281357749391,0.20057887068776517,0.025959647071609446,0.00958446020572834
time_dependent,prepared,0.02,0.001,0.733,0.2360120302297979,0.4357406308237345,-4.440892098500626e-16,5.09579757355363e-16,0.27456414780516886,0.20037914208717073,0.02590795598130974,0.009574890329701892
time_dependent,prepared,0.02,0.001,0.734,0.2357748137492401,0.43530759708877603,-1.0547118733938987e-15,1.2114558538003225e-15,0.2747999226189181,0.20017960930383163,0.025856367156465176,0.009565329993212707
time_dependent,prepared,0.02,0.001,0.735,0.23553784690880844,0.43487498062765656,8.326672684688674e-17,9.573639615540491e-17,0.27503546046582694,0.19998027217011194,0.025804880400475894,0.009555779186793203
time_dependent,prepared,0.02,0.001,0.736,0.23530112933620198,0.43444278115196916,-1.1657341758564144e-15,1.3416429348478912e-15,0.27527076159516317,0.19978113051829718,0.02575349551706235,0.009546237900985013
time_dependent,prepared,0.02,0.001,0.737,0.23506466066074078,0.4340109983723916,2.7755575615628914e-17,3.1975659280198674e-17,0.2755058262558239,0.19958218418058582,0.025702212310266016,0.009536706126338891
time_dependent,prepared,0.02,0.001,0.738,0.2348284405133167,0.43357963199872823,-2.7478019859472624e-15,3.1687396998797803e-15,0.27574065469633724,0.1993834329891001,0.02565103058444946,0.009527183853414776
time_dependent,prepared,0.02,0.001,0.739,0.23459246852635085,0.43314868173989385,9.159339953157541e-16,1.0572974522704104e-15,0.2759752471648636,0.1991848767758866,0.025599950144296047,0.009517671072781784
time_dependent,prepared,0.02,0.001,0.74,0.23435674433359746,0.43271814730396213,2.0539125955565396e-15,2.3732683830726506e-15,0.2762096039091972,0.19898651537291687,0.025548970794810052,0.009508167775018112
time_dependent,prepared,0.02,0.001,0.741,0.23412126757048696,0.4322880283981394,0.0,0.0,0.2764437251767677,0.19878834861209002,0.025498092341316926,0.009498673950711054
time_dependent,prepared,0.02,0.001,0.742,0.233886037874008,0.43185832472879104,-3.3306690738754696e-16,3.8562057081649938e-16,0.2766776112146417,0.19859037632523505,0.02544731458946326,0.009489189590457204
time_dependent,prepared,0.02,0.001,0.743,0.2336510548822931,0.43142903600147026,1.27675647831893e-15,1.479683066944267e-15,0.27691126226952395,0.19839259834411507,0.025396637345216855,0.00947971468486204
time_dependent,prepared,0.02,0.001,0.744,0.23341631823530715,0.43100016192089924,-1.4710455076283324e-15,1.7065486716665242e-15,0.27714467858775926,0.19819501450042898,0.02534606041486677,0.00947024922454035
time_dependent,prepared,0.02,0.001,0.745,0.23318182757410488,0.4305717021910022,1.0824674490095276e-15,1.2570118327578135e-15,0.27737786041533335,0.19799762462581263,0.02529558360502282,0.009460793200115822
time_dependent,prepared,0.02,0.001,0.746,0.2329475825416209,0.4301436565149114,7.494005416219807e-16,8.711049556022003e-16,0.27761080799787496,0.19780042855183927,0.025245206722617,0.009451346602221512
time_dependent,prepared,0.02,0.001,0.747,0.23271358278178642,0.4297160245949746,-1.5265566588595902e-15,1.7762389246461506e-15,0.2778435215806567,0.19760342611002546,0.0251949295749016,0.009441909421499308
time_dependent,prepared,0.02,0.001,0.748,0.2324798279402397,0.4292888061327536,1.970645868709653e-15,2.295244880086909e-15,0.27807600140859695,0.19740661713183355,0.025144751969451058,0.009432481648600376
time_dependent,prepared,0.02,0.001,0.749,0.23224631766378512,0.42886200082907816,-9.71445146547012e-16,1.1325847763021793e-15,0.2783082477262607,0.19721000144866796,0.02509467371416036,0.009423063274184773
time_dependent,prepared,0.02,0.001,0.75,0.232013051600892,0.42843560838400463,-6.38378239159465e-16,7.450107165080573e-16,0.2785402607778616,0.1970135788918851,0.025044694617246333,0.009413654288921798
time_dependent,prepared,0.02,0.001,0.751,0.23178002940117612,0.42800962849686697,3.3306690738754696e-16,3.890881013088995e-16,0.27877204080726276,0.19681734929278927,0.024994814487246806,0.009404254683489786
time_dependent,prepared,0.02,0.001,0.752,0.23154725071556548,0.42758406086625456,-4.996003610813204e-16,5.842130317827637e-16,0.2790035880579783,0.19662131248263812,0.02494503313302103,0.009394864448575917
time_dependent,prepared,0.02,0.001,0.753,0.23131471519665872,0.4271589051900436,1.9984014443252818e-15,2.339178020221989e-15,0.279234902773175,0.1964254682926446,0.024895350363749378,0.009385483574876625
time_dependent,prepared,0.02,0.001,0.754,0.23108242249826522,0.42673416116540963,5.273559366969494e-16,6.17897492969325e-16,0.2794659851956732,0.19622981655397784,0.024845765988933385,0.009376112053097432
time_dependent,prepared,0.02,0.001,0.755,0.23085037227547273,0.42630982848881754,6.661338147750939e-16,7.812789786437761e-16,0.2796968355679487,0.19603435709776454,0.024796279818395685,0.009366749873952824
time_dependent,prepared,0.02,0.001,0.756,0.23061856418446458,0.4258859068560696,-1.6375789613221059e-15,1.9225559415793695e-15,0.27992745413213316,0.19583908975509318,0.024746891662280356,0.009357397028166096
time_dependent,prepared,0.02,0.001,0.757,0.2303869978832529,0.4254623959622459,-4.718447854656915e-16,5.5450821264538e-16,0.2801578411300164,0.19564401435701492,0.024697601331052206,0.009348053506469894
time_dependent,prepared,0.02,0.001,0.758,0.23015567303088041,0.4250392955018052,1.3877787807814457e-15,1.6325299748379965e-15,0.28038799680304727,0.19544913073454345,0.024648408635497308,0.009338719299605718
time_dependent,prepared,0.02,0.001,0.759,0.22992458928742898,0.4246166051685217,4.718447854656915e-16,5.55612733607563e-16,0.2806179213923347,0.19525443871866185,0.02459931338672268,0.009329394398323995
time_dependent,prepared,0.02,0.001,0.76,0.22969374631482906,0.4241943246555472,-9.71445146547012e-16,1.1450473168586622e-15,0.28084761513864953,0.1950599381403221,0.024550315396155983,0.009320078793384388
time_dependent,prepared,0.02,0.001,0.761,0.22946314377587132,0.4237724536553497,-3.0531133177191805e-16,3.6023027114950833e-16,0.2810770782824254,0.1948656288304418,0.024501414475546286,0.009310772475555338
time_dependent,prepared,0.02,0.001,0.762,0.2292327813346365,0.4233509918598141,-7.494005416219807e-16,8.850818304804318e-16,0.28130631106376003,0.19467151061991714,0.024452610436962306,0.009301475435614272
time_dependent,prepared,0.02,0.001,0.763,0.22900265865652927,0.42292993896018355,-2.220446049250313e-16,2.625075508616755e-16,0.2815353137224166,0.19447758333961343,0.024403903092794495,0.0092921876643477
time_dependent,prepared,0.02,0.001,0.764,0.22877277540846194,0.4225092946470949,-2.498001805406602e-16,2.9561501214938764e-16,0.28176408649782503,0.19428384682037425,0.02435529225575347,0.009282909152551146
time_dependent,prepared,0.02,0.001,0.765,0.2285431312579474,0.42208905861058527,1.3600232051658168e-15,1.61106190437947e-15,0.281992629629083,0.19409030089302148,0.024306777738870102,0.009273639891028848
time_dependent,prepared,0.02,0.001,0.766,0.2283137258743153,0.42166923054010663,-1.4988010832439613e-15,1.7772236799495467e-15,0.28222094335495734,0.19389694538835614,0.024258359355496282,0.009264379870594214
time_dependent,prepared,0.02,0.001,0.767,0.22808455892780194,0.4212498101245114,1.4155343563970746e-15,1.6801602307887972e-15,0.28244902791388515,0.19370378013715847,0.02421003691930344,0.009255129082069564
time_dependent,prepared,0.02,0.001,0.768,0.22785563009001056,0.42083079705209725,-2.7755575615628914e-17,3.297712027025541e-17,0.2826768835439752,0.1935108049701976,0.024161810244283304,0.009245887516286085
time_dependent,prepared,0.02,0.001,0.769,0.22762693903356604,0.4204121910105929,-5.273559366969494e-16,6.271891586079889e-16,0.28290451048300874,0.19331801971822068,0.024113679144747817,0.009236655164083942
time_dependent,prepared,0.02,0.001,0.77,0.22739848543249558,0.4199939916871524,1.8041124150158794e-15,2.1477836001517533e-15,0.28313190896844126,0.19312542421196463,0.024065643435329093,0.00922743201631228
time_dependent,prepared,0.02,0.001,0.771,0.22717026896187206,0.41957619876842167,-5.828670879282072e-16,6.945902670827042e-16,0.2833590792374031,0.19293301828215817,0.024017702930978803,0.009218218063829121
time_dependent,prepared,0.02,0.001,0.772,0.22694228929772406,0.4191588119404661,2.7755575615628914e-17,3.310866290408692e-17,0.2835860215267008,0.1927408017595163,0.02396985744696804,0.009209013297501255
time_dependent,prepared,0.02,0.001,0.773,0.2267145461175122,0.41874183088885103,1.8041124150158794e-15,2.154206102583946e-15,0.2838127360728183,0.19254877447474444,0.02392210679888723,0.009199817708204506
time_dependent,prepared,0.02,0.001,0.774,0.2264870391000075,0.41832525529861186,5.828670879282072e-16,6.966673426304856e-16,0.2840392231119183,0.19235693625854705,0.023874450802647048,0.009190631286823696
time_dependent,prepared,0.02,0.001,0.775,0.22625976792469724,0.41790908485426886,-1.7486012637846216e-15,2.092083334817175e-15,0.284265482879843,0.19216528694161597,0.02382688927447669,0.00918145402425234
time_dependent,prepared,0.02,0.001,0.776,0.2260327322724753,0.4174933192398304,-1.8041124150158794e-15,2.1606482449836584e-15,0.28449151561211544,0.19197382635464924,0.023779422030924906,0.009172285911392984
time_dependent,prepared,0.02,0.001,0.777,0.22580593182518283,0.41707795813883025,8.881784197001252e-16,1.064763076504371e-15,0.28471732154394064,0.191782554328336,0.02373204888885862,0.009163126939156913
time_dependent,prepared,0.02,0.001,0.778,0.22557936626587785,0.41666300123429273,6.106226635438361e-16,7.327536423140172e-16,0.2849429009102065,0.19159147069336704,0.023684769665464123,0.009153977098464322
time_dependent,prepared,0.02,0.001,0.779,0.2253530352787859,0.4162484482087771,2.7755575615628914e-16,3.3340155062521193e-16,0.2851682539454853,0.19140057528043677,0.023637584178246317,0.009144836380244315
time_dependent,prepared,0.02,0.001,0.78,0.22512693854918223,0.4158342987443586,-4.440892098500626e-16,5.339737621343669e-16,0.2853933808840345,0.19120986792024186,0.02359049224502858,0.00913570477543489
time_dependent,prepared,0.02,0.001,0.781,0.22490107576330065,0.4154205525226601,-1.3877787807814457e-15,1.6703299491973838e-15,0.28561828195979777,0.19101934844348326,0.023543493683951814,0.009126582274982725
time_dependent,prepared,0.02,0.001,0.782,0.22467544660852265,0.41500720922484013,1.0824674490095276e-15,1.3041549941161064e-15,0.2858429574064063,0.19082901668086652,0.023496588313476015,0.009117468869843447
time_dependent,prepared,0.02,0.001,0.783,0.2244500507734445,0.4145942685316104,6.938893903907228e-16,8.36829453586401e-16,0.28606740745717973,0.19063887246310798,0.023449775952378148,0.009108364550981527
time_dependent,prepared,0.02,0.001,0.784,0.22422488794747628,0.41418173012324844,6.106226635438361e-16,7.371434072697172e-16,0.2862916323451272,0.1904489156209325,0.02340305641975377,0.009099269309370151
time_dependent,prepared,0.02,0.001,0.785,0.22399995782118046,0.4137695936795801,5.551115123125783e-17,6.707978556085639e-17,0.2865156323029484,0.19025914598507374,0.02335642953501495,0.009090183135991381
time_dependent,prepared,0.02,0.001,0.786,0.22377526008640505,0.4133578588800313,1.5265566588595902e-15,1.846531553791795e-15,0.2867394075630348,0.19006956338628048,0.023309895117891888,0.00908110602183616
time_dependent,prepared,0.02,0.001,0.787,0.22355079443559306,0.41294652540359705,-1.3877787807814457e-16,1.6803371567602943e-16,0.2869629583574704,0.18988016765531252,0.023263452988431677,0.009072037957904119
time_dependent,prepared,0.02,0.001,0.788,0.2233265605624884,0.41253559292884595,6.106226635438361e-16,7.400848242071027e-16,0.2871862849180329,0.1896909586229462,0.023217102966997916,0.009062978935203704
time_dependent,prepared,0.02,0.001,0.789,0.22310255816199556,0.41212506113397335,5.551115123125783e-16,6.734745889817686e-16,0.2874093874761949,0.189501936119974,0.023170844874271655,0.009053928944752232
time_dependent,prepared,0.02,0.001,0.79,0.22287878692969873,0.4117149296967649,6.38378239159465e-16,7.75267294326248e-16,0.2876322662631246,0.18931309997720663,0.02312467853124974,0.009044887977575725
time_dependent,prepared,0.02,0.001,0.791,0.2226552465622056,0.4113051982946088,2.0539125955565396e-15,2.4968230453598133e-15,0.28785492150968683,0.1891244500254742,0.023078603759245434,0.00903585602470889
time_dependent,prepared,0.02,0.001,0.792,0.22243193675740758,0.41089586660452,-9.71445146547012e-16,1.182106253069238e-15,0.28807735344644425,0.1889359860956269,0.023032620379888596,0.009026833077195302
time_dependent,prepared,0.02,0.001,0.793,0.22220885721400932,0.41048693430314226,1.4432899320127035e-15,1.7580217680532063e-15,0.2882995623036583,0.1887477080185381,0.02298672821512403,0.009017819126087342
time_dependent,prepared,0.02,0.001,0.794,0.22198600763184193,0.4100784010667413,8.604228440844963e-16,1.0490955410554034e-15,0.2885215483112901,0.18855961562510415,0.022940927087212803,0.009008814162446064
time_dependent,prepared,0.02,0.001,0.795,0.2217633877112011,0.40967026657122585,3.608224830031759e-16,4.4038158544323183e-16,0.2887433116990013,0.1883717087462438,0.022895216818731176,0.00899981817734115
time_dependent,prepared,0.02,0.001,0.796,0.22154099715417158,0.4092625304921548,-2.1649348980190553e-15,2.644921947063709e-15,0.28896485269615546,0.18818398721290536,0.022849597232570483,0.00899083116185125
time_dependent,prepared,0.02,0.001,0.797,0.22131883566308755,0.40885519250473346,-6.38378239159465e-16,7.806899005594442e-16,0.2891861715318185,0.18799645085606392,0.022804068151936797,0.008981853107063576
time_dependent,prepared,0.02,0.001,0.798,0.22109690294156797,0.40844825228382886,1.2212453270876722e-15,1.4949817024055136e-15,0.2894072684347601,0.1878090995067219,0.022758629400351137,0.008972884004074085
time_dependent,prepared,0.02,0.001,0.799,0.22087519869426314,0.4080417095039735,6.106226635438361e-16,7.482355961675156e-16,0.28962814363345435,0.18762193299591257,0.02271328080164883,0.00896392384398753
time_dependent,prepared,0.02,0.001,0.8,0.2206537226262271,0.40763556383937705,-1.304512053934559e-15,1.6000959799088892e-15,0.2898487973560806,0.18743495115469866,0.022668022179979277,0.008954972617917124
time_dependent,prepared,0.02,0.001,0.801,0.220432474444273,0.40722981496392274,-2.3592239273284576e-15,2.8966738689521942e-15,0.29006922983052486,0.18724815381417828,0.022622853359805746,0.008946030316985097
time_dependent,prepared,0.02,0.001,0.802,0.22021145385552993,0.40682446255116544,-3.885780586188048e-16,4.775745983686199e-16,0.2902894412843804,0.1870615408054835,0.02257777416590548,0.008937096932322206
time_dependent,prepared,0.02,0.001,0.803,0.21999066056811478,0.4064195062743807,-2.220446049250313e-16,2.7317168774759213e-16,0.2905094319449485,0.18687511195977663,0.022532784423368576,0.00892817245506781
time_dependent,prepared,0.02,0.001,0.804,0.2197700942912736,0.406014945806523,7.216449660063518e-16,8.88692612747111e-16,0.29072920203923974,0.1866888671082621,0.022487883957598688,0.008919256876370086
time_dependent,prepared,0.02,0.001,0.805,0.219549754735032,0.4056107808202501,-5.828670879282072e-16,7.185054188519093e-16,0.2909487517939748,0.1865028060821769,0.022443072594312094,0.008910350187385835
time_dependent,prepared,0.02,0.001,0.806,0.21932964161024623,0.4052070109879371,2.6922908347160046e-15,3.3221177838852157e-15,0.29116808143558504,0.18631692871279884,0.022398350159537773,0.00890145237928043
time_dependent,prepared,0.02,0.001,0.807,0.21910975462885376,0.4048036359816756,-3.885780586188048e-16,4.799587059988695e-16,0.2913871911902139,0.18613123483144653,0.022353716479617106,0.008892563443228054
time_dependent,prepared,0.02,0.001,0.808,0.21889009350331132,0.4044006554732742,5.551115123125783e-17,6.863385417401533e-17,0.2916060812837172,0.18594572426947645,0.02230917138120345,0.008883683370411313
time_dependent,prepared,0.02,0.001,0.809,0.21867065794750315,0.4039980691342694,-1.3600232051658168e-15,1.6832050807572216e-15,0.2918247519416647,0.1857603968582894,0.022264714691261758,0.008874812152021697
time_dependent,prepared,0.02,0.001,0.81,0.21845144767548852,0.40359587663593977,4.996003610813204e-16,6.189364039662631e-16,0.2920432033893402,0.1855752524293288,0.022220346237068415,0.008865949779259023
time_dependent,prepared,0.02,0.001,0.811,0.21823246240296737,0.4031940776492961,-8.049116928532385e-16,9.981690424944223e-16,0.2922614358517432,0.1853902908140828,0.022176065846211315,0.008857096243332056
time_dependent,prepared,0.02,0.001,0.812,0.21801370184599994,0.40279267184510154,-8.326672684688674e-16,1.0336176979767395e-15,0.2924794495535892,0.185205511844084,0.022131873346589226,0.008848251535458044
time_dependent,prepared,0.02,0.001,0.8130000000000001,0.2177951657214718,0.4023916588938584,3.3861802251067274e-15,4.207567615112903e-15,0.29269724471931063,0.1850209153509115,0.02208776856641141,0.008839415646862702
time_dependent,prepared,0.02,0.001,0.8140000000000001,0.21757685374735486,0.4019910384658467,-8.326672684688674e-16,1.0356788942940727e-15,0.292914821573058,0.18483650116619263,0.02204375133419754,0.008830588568780539
time_dependent,prepared,0.02,0.001,0.8150000000000001,0.21735876564232925,0.40159081023108667,-3.885780586188048e-16,4.83798494287265e-16,0.2931321803387003,0.18465226912160415,0.021999821478776833,0.00882177029245452
time_dependent,prepared,0.02,0.001,0.8160000000000001,0.21714090112581058,0.40119097385938884,-2.498001805406602e-16,3.1132328095224213e-16,0.2933493212398261,0.18446821904887045,0.021955978829289156,0.008812960809136213
time_dependent,prepared,0.02,0.001,0.8170000000000001,0.21692325991834666,0.40079152902031767,-2.192690473634684e-15,2.735450121656057e-15,0.29356624449974444,0.1842843507797683,0.021912223215183078,0.008804160110085871
time_dependent,prepared,0.02,0.001,0.8180000000000001,0.21670584174109322,0.4003924753832296,2.4702462297909733e-15,3.0847810356908014e-15,0.29378295034148555,0.18410066414612627,0.0218685544662164,0.008795368186572209
time_dependent,prepared,0.02,0.001,0.8190000000000001,0.21648864631600562,0.39999381261727,-1.2212453270876722e-15,1.5265802727006306e-15,0.29399943898780156,0.18391715897982544,0.02182497241245613,0.008786585029872555
time_dependent,prepared,0.02,0.001,0.8200000000000001,0.2162716733658009,0.39959554039135825,-1.1934897514720433e-15,1.4933722111902925e-15,0.29421571066116736,0.1837338351127989,0.02178147688427747,0.00877781063127269
time_dependent,prepared,0.02,0.001,0.8210000000000001,0.216054922614267,0.3991976583742171,1.4988010832439613e-15,1.8772668774511545e-15,0.29443176558378165,0.18355069237704014,0.02173806771236368,0.008769044982067082
time_dependent,prepared,0.02,0.001,0.8220000000000001,0.21583839378560796,0.39880016623437997,1.887379141862766e-15,2.366321909647255e-15,0.29464760397756723,0.18336773060459133,0.02169474472770654,0.008760288073558595
time_dependent,prepared,0.02,0.001,0.8230000000000001,0.21562208660514987,0.3984030636401776,-2.4980018054066022e-15,3.135018318612517e-15,0.29486322606417237,0.18318494962755588,0.021651507761604395,0.008751539897058735
time_dependent,prepared,0.02,0.001,0.8240000000000001,0.21540600079881464,0.39800635025974007,1.3877787807814457e-15,1.7434128624779166e-15,0.2950786320649712,0.18300234927809442,0.021608356645663834,0.008742800443887469
time_dependent,prepared,0.02,0.001,0.8250000000000001,0.2151901360934516,0.397610025761038,-1.27675647831893e-15,1.6055385875584758e-15,0.29529382220106465,0.18281992938842778,0.021565291211797833,0.008734069705373328
time_dependent,prepared,0.02,0.001,0.8260000000000001,0.21497449221653134,0.39721408981184025,1.304512053934559e-15,1.6420767633802998e-15,0.2955087966932812,0.18263768979083234,0.021522311292226034,0.008725347672853316
time_dependent,prepared,0.02,0.001,0.8270000000000001,0.21475906889630036,0.3968185420797648,-1.3877787807814457e-15,1.7486314695729234e-15,0.29572355576217746,0.18245563031764817,0.02147941671947439,0.008716634337672903
time_dependent,prepared,0.02,0.001,0.8280000000000001,0.21454386586197952,0.3964233822322338,6.106226635438361e-16,7.701647921288849e-16,0.29593809962803946,0.18227375080127806,0.02143660732637501,0.00870792969118614
time_dependent,prepared,0.02,0.001,0.8290000000000001,0.21432888284315818,0.3960286099365302,-2.831068712794149e-15,3.574323472801476e-15,0.29615242851088264,0.1820920510741848,0.021393882946065212,0.008699233724755444
time_dependent,prepared,0.02,0.001,0.8300000000000001,0.21411411957060336,0.39563422485975713,-1.0269562977782698e-15,1.297860793188838e-15,0.29636654263045326,0.1819105309688952,0.021351243411987946,0.008690546429751807
time_dependent,prepared,0.02,0.001,0.8310000000000001,0.2138995757755259,0.39524022666887926,2.220446049250313e-16,2.8089828658945405e-16,0.29658044220622876,0.1817291903180026,0.021308688557890927,0.008681867797554609
time_dependent,prepared,0.02,0.001,0.8320000000000001,0.2136852511901945,0.39484661503071183,4.440892098500626e-16,5.623566125994525e-16,0.29679412745741895,0.18154802895416117,0.021266218217826705,0.00867319781955189
time_dependent,prepared,0.02,0.001,0.833,0.21347114554715302,0.3944533896119093,6.38378239159465e-16,8.091935016549681e-16,0.2970075986029661,0.18136704671009707,0.02122383222615185,0.008664536487139848
time_dependent,prepared,0.02,0.001,0.834,0.21325725858000066,0.3940605500789979,1.1657341758564144e-15,1.4791307777735128e-15,0.2972208558615461,0.18118624341859813,0.021181530417526854,0.008655883791723298
time_dependent,prepared,0.02,0.001,0.835,0.21304359002310155,0.39366809609836806,-6.38378239159465e-16,8.108076898870036e-16,0.29743389945156923,0.18100561891252342,0.021139312626916068,0.00864723972471552
time_dependent,prepared,0.02,0.001,0.836,0.21283013961138394,0.39327602733627565,-3.247402347028583e-15,4.128655348030995e-15,0.2976467295911806,0.1808251730247984,0.021097178689586812,0.008638604277538176
time_dependent,prepared,0.02,0.001,0.837,0.21261690708037878,0.3928843434588494,-3.0531133177191805e-16,3.8855115615455465e-16,0.29785934649826096,0.1806449055884191,0.021055128441109464,0.008629977441621235
time_dependent,prepared,0.02,0.001,0.838,0.21240389216674874,0.39249304413209396,-1.0547118733938987e-15,1.3436058156471887e-15,0.2980717503904277,0.18046481643645396,0.021013161717356878,0.008621359208403359
time_dependent,prepared,0.02,0.001,0.839,0.2121910946075663,0.39210212902190344,1.304512053934559e-15,1.6634850430277626e-15,0.2982839414850353,0.18028490540203904,0.020971278354504165,0.008612749569331448
time_dependent,prepared,0.02,0.001,0.84,0.21197851414040697,0.3917115977940554,-1.6653345369377348e-16,2.1257151260214848e-16,0.2984959199991757,0.18010517231838621,0.02092947818902809,0.008604148515860704
time_dependent,prepared,0.02,0.001,0.841,0.21176615050404904,0.39132145011421426,-7.494005416219807e-16,9.575255092753735e-16,0.29870768614967974,0.17992561701877627,0.02088776105770734,0.00859555603945493
time_dependent,prepared,0.02,0.001,0.842,0.21155400343743097,0.3909316856479382,1.6930901125533637e-15,2.165455212139172e-15,0.29891924015311716,0.17974623933656506,0.020846126797621184,0.008586972131586126
time_dependent,prepared,0.02,0.001,0.843,0.21134207268067529,0.39054230406069385,1.1102230246251565e-15,1.4213863812979096e-15,0.29913058222579786,0.17956703910518565,0.020804575246149943,0.008578396783734864
time_dependent,prepared,0.02,0.001,0.844,0.21113035797422075,0.39015330501784734,1.1657341758564144e-15,1.4939437406573894e-15,0.29934171258377207,0.17938801615814137,0.020763106240974532,0.008569829987389947
time_dependent,prepared,0.02,0.001,0.845,0.2109188590592453,0.3897646881846728,-1.9984014443252818e-15,2.5635999166995248e-15,0.29955263144283134,0.17920917032901643,0.020721719620075324,0.008561271734048503
time_dependent,prepared,0.02,0.001,0.846,0.21070757567787265,0.38937645322633946,6.38378239159465e-16,8.197442781528235e-16,0.2997633390185092,0.17903050145146768,0.02068041522173313,0.008552722015216228
time_dependent,prepared,0.02,0.001,0.847,0.21049650757257335,0.38898859980796735,-1.6653345369377348e-16,2.1405955569904406e-16,0.2999738355260818,0.17885200935923212,0.020639192884527358,0.008544180822407016
time_dependent,prepared,0.02,0.001,0.848,0.21028565448649383,0.3886011275945595,1.970645868709653e-15,2.535563755190243e-15,0.3001841211805683,0.17867369388612467,0.020598052447336916,0.008535648147143058
time_dependent,prepared,0.02,0.001,0.849,0.21007501616370094,0.3882140362510723,-7.494005416219807e-16,9.651899102603756e-16,0.300394196196732,0.1784955548660367,0.020556993749339118,0.008527123980955007
time_dependent,prepared,0.02,0.001,0.85,0.2098645923485563,0.3878273254423666,6.661338147750939e-16,8.588020635411426e-16,0.3006040607890806,0.1783175921329431,0.02051601663000922,0.008518608315381655
time_dependent,prepared,0.02,0.001,0.851,0.20965438278646845,0.3874409948332532,0.0,0.0,0.30081371517186706,0.17813980552089687,0.020475120929120783,0.008510101141970384
time_dependent,prepared,0.02,0.001,0.852,0.20944438722328265,0.38705504408846014,1.8318679906315083e-15,2.3664179276434345e-15,0.3010231595590903,0.17796219486403117,0.020434306486744484,0.008501602452276718
time_dependent,prepared,0.02,0.001,0.853,0.20923460540526875,0.3866694728726783,8.326672684688674e-17,1.0767171019252485e-16,0.3012323941644956,0.1777847599965646,0.020393573143248238,0.00849311223786442
time_dependent,prepared,0.02,0.001,0.854,0.20902503707970913,0.3862842808505164,-1.4432899320127035e-15,1.8681706757972217e-15,0.3014414192015753,0.17760750075279255,0.02035292073929662,0.008484630490305622
time_dependent,prepared,0.02,0.001,0.855,0.20881568199438996,0.3858994676865509,-5.273559366969494e-16,6.832815031573166e-16,0.3016502348835697,0.17743041696710082,0.02031234911585039,0.008476157201180884
time_dependent,prepared,0.02,0.001,0.856,0.20860653989770483,0.3855150330452875,-8.326672684688674e-17,1.0799413733511292e-16,0.30185884142346736,0.1772535084739529,0.020271858114166718,0.008467692362078845
time_dependent,prepared,0.02,0.001,0.857,0.20839761053851438,0.38513097659120743,4.440892098500626e-16,5.765430942230277e-16,0.3020672390340059,0.17707677510790062,0.02023144757579799,0.008459235964596471
time_dependent,prepared,0.02,0.001,0.858,0.20818889366665883,0.3847472979887359,-1.5265566588595902e-15,1.9838432483342422e-15,0.30227542792767254,0.1769002167035772,0.02019111734259143,0.008450788000339054
time_dependent,prepared,0.02,0.001,0.859,0.20798038903213706,0.3843639969022668,-1.8041124150158794e-15,2.3468800792424635e-15,0.30248340831670467,0.17672383309570902,0.020150867256689874,0.008442348460920054
time_dependent,prepared,0.02,0.001,0.86,0.2077720963860635,0.3839810729961486,-1.0269562977782698e-15,1.3372485911415896e-15,0.30269118041309073,0.176547624119098,0.020110697160530062,0.00843391733796131
time_dependent,prepared,0.02,0.001,0.861,0.2075640154797962,0.38359852593471266,-5.828670879282072e-16,7.597358286348184e-16,0.3028987444285705,0.1763715896086439,0.02007060689684295,0.008425494623092772
time_dependent,prepared,0.02,0.001,0.862,0.20735614606522815,0.3832163553822547,-8.326672684688674e-16,1.0864192730478459e-15,0.3031061005746357,0.1761957293993263,0.02003059630865283,0.008417080307952667
time_dependent,prepared,0.02,0.001,0.863,0.20714848789531334,0.3828345610030361,5.551115123125783e-17,7.250018269747801e-17,0.30331324906253104,0.176020043326218,0.019990665239277783,0.008408674384187508
time_dependent,prepared,0.02,0.001,0.864,0.20694104072318487,0.3824531424613111,1.942890293094024e-16,2.5400370364201747e-16,0.3035201901032542,0.17584453122448038,0.019950813532328443,0.008400276843451992
time_dependent,prepared,0.02,0.001,0.865,0.2067338043026199,0.38207209942131726,-1.609823385706477e-15,2.106701049546281e-15,0.30372692390755684,0.17566919292936106,0.019911041031707693,0.00839188767740895
time_dependent,prepared,0.02,0.001,0.866,0.2065267783882072,0.3816914315472658,4.718447854656915e-16,6.180971675902836e-16,0.3039334506859451,0.1754940282762027,0.01987134758161101,0.008383506877729603
time_dependent,prepared,0.02,0.001,0.867,0.206319962734793,0.38131113850336146,4.718447854656915e-16,6.187136144483905e-16,0.30413977064867986,0.1753190371004339,0.01983173302652504,0.008375134436093114
time_dependent,prepared,0.02,0.001,0.868,0.2061133570981655,0.3809312199538015,-1.7208456881689926e-15,2.2587354331021976e-15,0.30434588400577806,0.1751442192375786,0.019792197211228168,0.008366770344187124
time_dependent,prepared,0.02,0.001,0.869,0.20590696123436542,0.38055167556278,2.55351295663786e-15,3.3550147333625334e-15,0.3045517909670124,0.17496957452325043,0.019752739980789445,0.008358414593707234
time_dependent,prepared,0.02,0.001,0.87,0.20570077490019606,0.38017250499449107,5.551115123125783e-17,7.300784578314287e-17,0.3047574917419126,0.17479510279315574,0.019713361180568403,0.008350067176357315
time_dependent,prepared,0.02,0.001,0.871,0.2054947978528806,0.37979370791311895,1.1102230246251565e-15,1.4616132409428013e-15,0.30496298653976545,0.17462080388309523,0.019674060656214645,0.00834172808384936
time_dependent,prepared,0.02,0.001,0.872,0.2052890298505707,0.37941528398286434,-5.273559366969494e-16,6.94958741726344e-16,0.305168275569616,0.17444667762896268,0.019634838253667793,0.008333397307903667
time_dependent,prepared,0.02,0.001,0.873,0.2050834706514256,0.3790372328679318,-2.220446049250313e-16,2.9290605997326726e-16,0.3053733590402674,0.17427272386674733,0.019595693819156223,0.00832507484024848
time_dependent,prepared,0.02,0.001,0.874,0.20487812001450237,0.3786595542325336,-3.3306690738754696e-16,4.397973108886773e-16,0.30557823716028193,0.1740989424325284,0.01955662719919772,0.008316760672620275
time_dependent,prepared,0.02,0.001,0.875,0.20467297769948609,0.37828224774090313,8.881784197001252e-16,1.1739625967175497e-15,0.3057829101379814,0.17392533316248743,0.019517638240598417,0.008308454796763738
time_dependent,prepared,0.02,0.001,0.876,0.20446804346636424,0.3779053130572844,7.771561172376096e-16,1.0282418510477573e-15,0.3059873781814478,0.1737518958928958,0.019478726790452195,0.00830015720443159
time_dependent,prepared,0.02,0.001,0.877,0.20426331707576673,0.377528749845942,-3.608224830031759e-16,4.778741793180211e-16,0.30619164149852357,0.17357863046012592,0.01943989269614125,0.00829186788738467
time_dependent,prepared,0.02,0.001,0.878,0.20405879828904602,0.3771525577711649,-1.1657341758564144e-15,1.5454411641080777e-15,0.3063957002968126,0.17340553670064482,0.01940113580533457,0.008283586837392071
time_dependent,prepared,0.02,0.001,0.879,0.20385448686775956,0.37677673649725985,1.6375789613221059e-15,2.1731423449149332e-15,0.3065995547836804,0.1732326144510147,0.019362455965988113,0.008275314046230808
time_dependent,prepared,0.02,0.001,0.88,0.20365038257427173,0.37640128568858167,1.6375789613221059e-15,2.175309999707287e-15,0.30680320516625464,0.1730598635479002,0.019323853026344286,0.008267049505686094
time_dependent,prepared,0.02,0.001,0.881,0.20344648517136504,0.37602620500949463,-2.498001805406602e-16,3.3215794167105045e-16,0.307006651651426,0.17288728382806193,0.0192853268349319,0.008258793207551272
time_dependent,prepared,0.02,0.001,0.882,0.20324279442225648,0.37565149412440685,1.3600232051658168e-15,1.810219347504321e-15,0.30720989444584823,0.17271487512836037,0.019246877240564918,0.00825054514362761
time_dependent,prepared,0.02,0.001,0.883,0.20303931009121434,0.3752771526977634,1.1379786002407855e-15,1.5161842281899805e-15,0.3074129337559394,0.17254263728575245,0.01920850409234284,0.008242305305724791
time_dependent,prepared,0.02,0.001,0.884,0.20283603194210184,0.3749031803940497,-1.4155343563970746e-15,1.8878665618537177e-15,0.3076157697878815,0.17237057013730167,0.019170207239650072,0.008234073685660117
time_dependent,prepared,0.02,0.001,0.885,0.2026329597400495,0.374529576877787,1.4988010832439613e-15,2.0009115110994734e-15,0.30781840274762157,0.17219867352016416,0.019131986532155077,0.008225850275259265
time_dependent,prepared,0.02,0.001,0.886,0.20243009325057165,0.3741563418135538,1.2490009027033011e-15,1.669089579838914e-15,0.3080208328408721,0.17202694727160053,0.019093841819810744,0.008217635066355911
time_dependent,prepared,0.02,0.001,0.887,0.20222743223947992,0.37378347486596347,-1.0547118733938987e-15,1.4108594203798248e-15,0.3082230602731116,0.1718553912289742,0.01905577295285307,0.008209428050791742
time_dependent,prepared,0.02,0.001,0.888,0.2020249764733582,0.37341097569968235,1.9984014443252818e-15,2.6758740026063143e-15,0.30842508524958495,0.17168400522974853,0.01901777978180181,0.008201229220416542
time_dependent,prepared,0.02,0.001,0.889,0.20182272571883625,0.3730388439794428,-1.0547118733938987e-15,1.4136756673147188e-15,0.3086269079753038,0.1715127891114874,0.018979862157459088,0.008193038567087965
time_dependent,prepared,0.02,0.001,0.89,0.20162067974369166,0.37266707937001353,-1.8041124150158794e-15,2.420541704496277e-15,0.3088285286550475,0.17134174271186062,0.018942019930909486,0.008184856082671893
time_dependent,prepared,0.02,0.001,0.891,0.2014188383156837,0.37229568153623277,7.771561172376096e-16,1.0437350683612132e-15,0.3090299474933632,0.17117086586864041,0.018904252953519572,0.008176681759042098
time_dependent,prepared,0.02,0.001,0.892,0.2012172012034927,0.37192465014299836,-5.551115123125783e-17,7.462687833397812e-17,0.3092311646945667,0.17100015841970018,0.01886656107693732,0.008168515588080507
time_dependent,prepared,0.02,0.001,0.893,0.20101576817574984,0.3715539848552632,2.192690473634684e-15,2.9507024053164555e-15,0.30943218046274246,0.17082962020302156,0.01882894415309184,0.008160357561676832
time_dependent,prepared,0.02,0.001,0.894,0.20081453900207313,0.37118368533806717,-1.304512053934559e-15,1.7572324774274977e-15,0.3096329950017445,0.17065925105668583,0.018791402034193008,0.008152207671728919
time_dependent,prepared,0.02,0.001,0.895,0.20061351345253195,0.3708137512564809,1.5543122344752192e-15,2.0958125598208252e-15,0.30983360851519703,0.1704890508188823,0.01875393457273089,0.008144065910142712
time_dependent,prepared,0.02,0.001,0.896,0.20041269129727254,0.3704441822756875,0.0,0.0,0.3100340212064943,0.17031901932790314,0.018716541621475454,0.008135932268831898
time_dependent,prepared,0.02,0.001,0.897,0.20021207230732385,0.37007497806091677,-1.1102230246251565e-15,1.4999974200395793e-15,0.3102342332788016,0.17014915642214956,0.018679223033475984,0.008127806739718269
time_dependent,prepared,0.02,0.001,0.898,0.20001165625407308,0.3697061382774729,2.1094237467877974e-15,2.852838414606766e-15,0.31043424493505567,0.16997946194012623,0.018641978662060892,0.00811968931473159
time_dependent,prepared,0.02,0.001,0.899,0.1998114429092598,0.3693376625907532,-8.604228440844963e-16,1.164818716359688e-15,0.31063405637796493,0.16980993572044456,0.01860480836083701,0.008111579985809522
time_dependent,prepared,0.02,0.001,0.9,0.19961143204535844,0.36896955066622394,1.942890293094024e-15,2.6328599332734505e-15,0.31083366781001026,0.16964057760182488,0.01856771198368977,0.008103478744897743
time_dependent,prepared,0.02,0.001,0.901,0.19941162343501834,0.3686018021694342,-3.0531133177191805e-16,4.1414790971583003e-16,0.31103307943344527,0.1694713874230893,0.018530689384781723,0.008095385583949823
time_dependent,prepared,0.02,0.001,0.902,0.19921201685169296,0.3682344167660253,1.0824674490095276e-15,1.4698075461226123e-15,0.31123229145029696,0.16930236502317478,0.018493740418552996,0.00808730049492734
time_dependent,prepared,0.02,0.001,0.903,0.19901261206892504,0.36786739412171215,-8.604228440844963e-16,1.1694741880274102e-15,0.3114313040623659,0.1691335102411222,0.018456864939720805,0.008079223469799718
time_dependent,prepared,0.02,0.001,0.904,0.1988134088610621,0.36750073390230675,1.1102230246251565e-15,1.510504499999566e-15,0.311630117471227,0.16896482291608075,0.01842006280327858,0.008071154500544374
time_dependent,prepared,0.02,0.001,0.905,0.19861440700262684,0.36713443577371274,-5.828670879282072e-16,7.938060709285576e-16,0.3118287318782296,0.16879630288731032,0.01838333386449606,0.00806309357914656
time_dependent,prepared,0.02,0.001,0.906,0.19841560626877003,0.3667684994019289,1.0269562977782698e-15,1.4000061339140014e-15,0.3120271474844984,0.16862794999417638,0.0183466779789184,0.008055040697599483
time_dependent,prepared,0.02,0.001,0.907,0.19821700643522447,0.3664029244530344,-6.938893903907228e-16,9.468939029711081e-16,0.31222536449093363,0.16845976407615829,0.018310095002365946,0.008046995847904331
time_dependent,prepared,0.02,0.001,0.908,0.19801860727765802,0.36603771059322965,2.7755575615628914e-16,3.791354662699374e-16,0.31242338309821127,0.1682917449728433,0.018273584790933925,0.008038959022069976
time_dependent,prepared,0.02,0.001,0.909,0.19782040857289443,0.36567285748879336,6.661338147750939e-16,9.108330043275198e-16,0.3126212035067842,0.16812389252392687,0.01823714720099177,0.008030930212113402
time_dependent,prepared,0.02,0.001,0.91,0.19762241009763942,0.3653083648061211,-1.1657341758564144e-15,1.5955481562475342e-15,0.3128188259168818,0.1679562065692178,0.01820078208918307,0.008022909410059294
time_dependent,prepared,0.02,0.001,0.911,0.19742461162941224,0.36494423221170136,-6.938893903907228e-16,9.506786642242418e-16,0.31301625052851123,0.1677886869486366,0.018164489312424873,0.008014896607940393
time_dependent,prepared,0.02,0.001,0.912,0.19722701294580489,0.3645804593721367,1.8318679906315083e-15,2.5122959055269454e-15,0.313213477541457,0.1676213335022098,0.01812826872790698,0.008006891797797044
time_dependent,prepared,0.02,0.001,0.913,0.19702961382522044,0.36421704595413235,-2.3869795029440866e-15,3.2768640697348065e-15,0.31341050715528224,0.16745414607008174,0.01809212019309196,0.007998894971677693
time_dependent,prepared,0.02,0.001,0.914,0.19683241404632895,0.363853991624495,-7.771561172376096e-16,1.06795051741476e-15,0.31360733956932857,0.16728712449250316,0.01805604356571501,0.007990906121638535
time_dependent,prepared,0.02,0.001,0.915,0.19663541338821444,0.3634912960501699,-6.38378239159465e-16,8.781203925600396e-16,0.3138039749827168,0.16712026860984053,0.018020038703782583,0.007982925239743597
time_dependent,prepared,0.02,0.001,0.916,0.1964386116303341,0.36312895889818575,-1.4710455076283324e-15,2.025513900202032e-15,0.3140004135943471,0.16695357826257307,0.01798410546557277,0.00797495231806473
time_dependent,prepared,0.02,0.001,0.917,0.19624200855279536,0.36276697983570666,-7.494005416219807e-16,1.032895196196436e-15,0.3141966556028999,0.16678705329129048,0.017948243709634673,0.007966987348681641
time_dependent,prepared,0.02,0.001,0.918,0.19604560393589074,0.36240535853000094,3.885780586188048e-16,5.361097035029588e-16,0.31439270120683577,0.16662069353669626,0.017912453294787526,0.007959030323681813
time_dependent,prepared,0.02,0.001,0.919,0.19584939756054043,0.36204409464847026,5.551115123125783e-16,7.666352255400934e-16,0.31458855060439633,0.16645449883960817,0.017876734080120745,0.00795108123516063
time_dependent,prepared,0.02,0.001,0.92,0.1956533892079385,0.361683187858621,1.2212453270876722e-15,1.6882804731928055e-15,0.3147842039936043,0.16628846904095823,0.017841085924994032,0.007943140075221173
time_dependent,prepared,0.02,0.001,0.921,0.19545757865980448,0.36132263782810614,6.938893903907228e-16,9.602074679871425e-16,0.3149796615722641,0.16612260398178888,0.017805508689035302,0.007935206835974444
time_dependent,prepared,0.02,0.001,0.922,0.19526196569812906,0.3609624442246737,-8.326672684688674e-17,1.153398756285281e-16,0.3151749235379622,0.16595690350326273,0.017770002232141688,0.007927281509539096
time_dependent,prepared,0.02,0.001,0.923,0.19506655010544885,0.3606026067162204,9.43689570931383e-16,1.3084896688975229e-15,0.31536999008806765,0.16579136744665243,0.017734566414479097,0.007919364088041598
time_dependent,prepared,0.02,0.001,0.924,0.19487133166469764,0.3602431249707647,-1.5265566588595902e-15,2.118786665232654e-15,0.31556486141973233,0.1656259956533461,0.017699201096480717,0.007911454563616289
time_dependent,prepared,0.02,0.001,0.925,0.19467631015913528,0.359883998656459,-1.304512053934559e-15,1.812406301481374e-15,0.31575953772989146,0.1654607879648491,0.017663906138847454,0.007903552928405146
time_dependent,prepared,0.02,0.001,0.926,0.19448148537265472,0.3595252274415724,1.3877787807814457e-16,1.930015858215371e-16,0.3159540192152641,0.16529574422277915,0.01762868140254751,0.007895659174558041
time_dependent,prepared,0.02,0.001,0.927,0.19428685708925575,0.35916681099452946,2.498001805406602e-16,3.47749531546311e-16,0.3161483060723534,0.16513086426887547,0.017593526748815303,0.007887773294232488
time_dependent,prepared,0.02,0.001,0.928,0.19409242509346517,0.35880874898387394,2.4424906541753444e-15,3.403610783031812e-15,0.31634239849744683,0.1649661479449832,0.017558442039152,0.007879895279593803
time_dependent,prepared,0.02,0.001,0.929,0.1938981891702496,0.35845104107830184,-1.27675647831893e-15,1.780935653692287e-15,0.3165362966866171,0.16480159509307535,0.017523427135323837,0.007872025122814971
time_dependent,prepared,0.02,0.001,0.93,0.19370414910505424,0.35809368694662824,-5.551115123125783e-17,7.750925701118467e-17,0.31673000083572217,0.16463720555523562,0.017488481899363008,0.007864162816076839
time_dependent,prepared,0.02,0.001,0.931,0.19351030468343708,0.357736686257822,2.3314683517128287e-15,3.2586374857183704e-15,0.3169235111404056,0.16447297917366058,0.01745360619356632,0.007856308351567799
time_dependent,prepared,0.02,0.001,0.932,0.19331665569162665,0.35738003868099905,-1.0824674490095276e-15,1.51444867067093e-15,0.31711682779609723,0.1643089157906707,0.017418799880495012,0.007848461721484113
time_dependent,prepared,0.02,0.001,0.933,0.19312320191612073,0.3570237438853993,2.7755575615628914e-17,3.887076992915371e-17,0.31730995099801335,0.1641450152487007,0.01738406282297455,0.007840622918029665
time_dependent,prepared,0.02,0.001,0.934,0.19292994314388243,0.3566678015404321,-4.718447854656915e-16,6.614625478215521e-16,0.31750288094115725,0.16398127739030555,0.017349394884093903,0.007832791933416102
time_dependent,prepared,0.02,0.001,0.935,0.1927368791622599,0.35631221131562457,-6.661338147750939e-16,9.347614165614819e-16,0.3176956178203195,0.1638177020581514,0.017314795927205234,0.007824968759862742
time_dependent,prepared,0.02,0.001,0.936,0.19254400975872668,0.3559569728806838,-5.551115123125783e-16,7.797452425502158e-16,0.31788816183007823,0.16365428909502996,0.017280265815923415,0.0078171533895965
time_dependent,prepared,0.02,0.001,0.937,0.19235133472168156,0.3556020859054415,-1.6653345369377348e-16,2.3415702592090053e-16,0.3180805131647999,0.1634910383438464,0.017245804414125765,0.007809345814852168
time_dependent,prepared,0.02,0.001,0.9380000000000001,0.19215885383924913,0.3552475500598941,1.1934897514720433e-15,1.6798001158217994e-15,0.3182726720186392,0.16332794964762556,0.01721141158595138,0.007801546027871973
time_dependent,prepared,0.02,0.001,0.9390000000000001,0.19196656690054295,0.3548933650141923,-9.159339953157541e-16,1.290435502054437e-15,0.31846463858553975,0.16316502284951162,0.017177087195800914,0.007793754020906045
time_dependent,prepared,0.02,0.001,0.9400000000000001,0.19177447369454886,0.35453953043862774,9.43689570931383e-16,1.3308665041721468e-15,0.3186564130592343,0.16300225779276703,0.017142831108335678,0.007785969786211917
time_dependent,prepared,0.02,0.001,0.9410000000000001,0.1915825740110399,0.3541860460036634,-6.938893903907228e-16,9.795549517266225e-16,0.31884799563324534,0.16283965432077532,0.017108643188478302,0.007778193316055017
time_dependent,prepared,0.02,0.001,0.9420000000000001,0.19139086763995758,0.35383291137990897,1.609823385706477e-15,2.2748355705922623e-15,0.3190393865008853,0.16267721227703444,0.01707452330141071,0.007770424602708279
time_dependent,prepared,0.02,0.001,0.9430000000000001,0.1911993543715256,0.35348012623813696,1.4432899320127035e-15,2.0415432507800547e-15,0.3192305858552568,0.162514931505169,0.01704047131257495,0.0077626636384522585
time_dependent,prepared,0.02,0.001,0.9440000000000001,0.19100803399666522,0.3531276902492844,5.273559366969494e-16,7.466929828197147e-16,0.3194215938892535,0.16235281184891584,0.017006487087672724,0.007754910415575284
time_dependent,prepared,0.02,0.001,0.9450000000000001,0.19081690630618248,0.3527756030844398,-2.4702462297909733e-15,3.501157971516114e-15,0.3196124107955597,0.1621908531521376,0.01697257049266396,0.007747164926373077
time_dependent,prepared,0.02,0.001,0.9460000000000001,0.19062597109183915,0.3524238644148542,1.1934897514720433e-15,1.6932589872335236e-15,0.3198030367666515,0.1620290552588142,0.01693872139376749,0.007739427163149225
time_dependent,prepared,0.02,0.001,0.9470000000000001,0.190435228145141,0.3520724739119652,-3.3306690738754696e-16,4.730090138640455e-16,0.31999347199479666,0.16186741801304724,0.01690493965745974,0.007731697118214671
time_dependent,prepared,0.02,0.001,0.9480000000000001,0.19024467725842314,0.35172143124734406,2.0261570199409107e-15,2.8803434194432594e-15,0.3201837166720551,0.16170594125905918,0.016871225150474775,0.007723974783888158
time_dependent,prepared,0.02,0.001,0.9490000000000001,0.19005431822421745,0.3513707360927522,1.942890293094024e-16,2.7647298046203173e-16,0.3203737709902793,0.1615446248411901,0.01683757773980432,0.007716260152495929
time_dependent,prepared,0.02,0.001,0.9500000000000001,0.18986415083546276,0.351020388120107,-1.0824674490095276e-15,1.541886861339727e-15,0.32056363514111474,0.1613834686039059,0.0168039972926962,0.007708553216371871
time_dependent,prepared,0.02,0.001,0.9510000000000001,0.18967417488535193,0.35067038700150543,-4.718447854656915e-16,6.727753510929712e-16,0.3207533093160001,0.16122247239178933,0.01677048367665462,0.007700853967857378
time_dependent,prepared,0.02,0.001,0.9520000000000001,0.18948439016739368,0.3503207324092016,2.0816681711721685e-15,2.9710890315515404e-15,0.3209427937061675,0.16106163604954774,0.01673703675943966,0.007693162399301375
time_dependent,prepared,0.02,0.001,0.9530000000000001,0.18929479647573494,0.34997142401563963,9.159339953157541e-16,1.3085839763803422e-15,0.32113208850264324,0.16090095942200763,0.01670365640906706,0.007685478503060513
time_dependent,prepared,0.02,0.001,0.9540000000000001,0.18910539360455159,0.34962246149341986,-9.43689570931383e-16,1.3495837294039892e-15,0.3213211938962478,0.16074044235411916,0.01667034249380693,0.007677802271498836
time_dependent,prepared,0.02,0.001,0.9550000000000001,0.18891618134867566,0.34927384451532756,-3.3306690738754696e-16,4.767990970662717e-16,0.3215101100775965,0.1605800846909527,0.016637094882184695,0.007670133696988131
time_dependent,prepared,0.02,0.001,0.9560000000000001,0.1887271595029609,0.3489255727543213,-9.159339953157541e-16,1.3125062575460257e-15,0.32169883723709947,0.1604198862777007,0.016603913442979193,0.007662472771907467
time_dependent,prepared,0.02,0.001,0.9570000000000001,0.1885383278628036,0.34857764588353624,-2.831068712794149e-15,4.060886786957149e-15,0.3218873755649623,0.16025984695967993,0.01657079804522327,0.007654819488643621
time_dependent,prepared,0.02,0.001,0.9580000000000001,0.18834968622395165,0.34823006357628494,-1.7208456881689926e-15,2.4708459552516784e-15,0.3220757252511862,0.16009996658232778,0.016537748558202996,0.007647173839590897
time_dependent,prepared,0.02,0.001,0.9590000000000001,0.1881612343824463,0.34788282550605815,-8.326672684688674e-17,1.1967639782987322e-16,0.32226388648556864,0.15994024499120346,0.016504764851457302,0.007639535817151042
time_dependent,prepared,0.02,0.001,0.96,0.1879729721346517,0.3475359313465376,-1.0824674490095276e-15,1.5573460919788628e-15,0.32245185945770327,0.15978068203199203,0.01647184679477728,0.007631905413733362
time_dependent,prepared,0.02,0.001,0.961,0.1877848992773923,0.34718938077157496,5.828670879282072e-16,8.394080006607264e-16,0.32263964435698067,0.1596212775504978,0.016438994258206188,0.007624282621754723
time_dependent,prepared,0.02,0.001,0.962,0.18759701560765152,0.34684317345520865,6.661338147750939e-16,9.60280994057272e-16,0.32282724137258834,0.1594620313926502,0.016406207112038614,0.007616667433639394
time_dependent,prepared,0.02,0.001,0.963,0.18740932092272047,0.3464973090716622,3.0531133177191805e-16,4.4056811377541426e-16,0.32301465069351104,0.15930294340450185,0.016373485226820382,0.007609059841819073
time_dependent,prepared,0.02,0.001,0.964,0.18722181502054724,0.3461517872953433,4.440892098500626e-16,6.414660073257935e-16,0.3232018725085316,0.1591440134322274,0.016340828473347935,0.007601459838733149
time_dependent,prepared,0.02,0.001,0.965,0.1870344976992125,0.3458066078008475,6.106226635438361e-16,8.828961763152564e-16,0.3233889070062308,0.1589852413221251,0.0163082367226678,0.0075938674168283945
time_dependent,prepared,0.02,0.001,0.966,0.18684736875695931,0.3454617702629543,-9.159339953157541e-16,1.3256662157126329e-15,0.32357575437498776,0.15882662692061938,0.016275709846076587,0.007586282568558948
time_dependent,prepared,0.02,0.001,0.967,0.18666042799268154,0.34511727435663636,-1.4988010832439613e-15,2.17143735566122e-15,0.32376241480298046,0.15866817007425504,0.01624324771511999,0.007578705286386591
time_dependent,prepared,0.02,0.001,0.968,0.18647367520542119,0.34477311975705005,4.440892098500626e-16,6.440310807336096e-16,0.32394888847818587,0.15850987062970331,0.016210850201592866,0.007571135562780453
time_dependent,prepared,0.02,0.001,0.969,0.18628711019446215,0.3444293061395546,-1.609823385706477e-15,2.336943107062757e-15,0.32413517558838034,0.1583517284337591,0.016178517177538366,0.007563573390217067
time_dependent,prepared,0.02,0.001,0.97,0.1861007327596365,0.34408583317967817,-5.551115123125783e-16,8.066468578244328e-16,0.32432127632114,0.15819374333333874,0.016146248515247826,0.007556018761180517
time_dependent,prepared,0.02,0.001,0.971,0.18591454270091387,0.3437427005531705,-9.71445146547012e-16,1.4130411278315263e-15,0.3245071908638409,0.15803591517548574,0.01611404408726014,0.007548471668162237
time_dependent,prepared,0.02,0.001,0.972,0.18572853981874382,0.3433999079359477,-9.71445146547012e-16,1.4144516700456005e-15,0.32469291940365963,0.15787824380736892,0.016081903766361552,0.0075409321036611875
time_dependent,prepared,0.02,0.001,0.973,0.18554272391383414,0.34305745500414186,-9.43689570931383e-16,1.375410382671892e-15,0.3248784621275735,0.15772072907627807,0.01604982742558506,0.007533400060183662
time_dependent,prepared,0.02,0.001,0.974,0.18535709478717377,0.3427153414340649,1.582067810090848e-15,2.3081368395572962e-15,0.32506381922236066,0.15756337082963165,0.016017814938209862,0.007525875530243411
time_dependent,prepared,0.02,0.001,0.975,0.18517165223993617,0.3423735669022409,-9.71445146547012e-16,1.4186918040089139e-15,0.3252489908746006,0.15740616891496945,0.015985866177761245,0.007518358506361501
time_dependent,prepared,0.02,0.001,0.976,0.18498639607398795,0.3420321310853774,-6.938893903907228e-16,1.0143628731440969e-15,0.3254339772706746,0.15724912317995807,0.01595398101801006,0.007510848981066556
time_dependent,prepared,0.02,0.001,0.977,0.18480132609113797,0.3416910336603859,5.273559366969494e-16,7.716853600862986e-16,0.3256187785967657,0.1570922334723881,0.01592215933297192,0.0075033469468944085
time_dependent,prepared,0.02,0.001,0.978,0.18461644209377812,0.34135027430437875,7.216449660063518e-16,1.0570446551961273e-15,0.32580339503885947,0.1569354996401773,0.01589040099690743,0.007495852396388474
time_dependent,prepared,0.02,0.001,0.979,0.18443174388442016,0.34100985269466855,9.43689570931383e-16,1.3836690691989143e-15,0.3259878267827439,0.1567789215313684,0.015858705884321228,0.007488365322099392
time_dependent,prepared,0.02,0.001,0.98,0.18424723126596526,0.34066976850876934,1.6653345369377348e-15,2.4442065173958378e-15,0.3261720740140099,0.15662249899412517,0.015827073869961624,0.007480885716585215
time_dependent,prepared,0.02,0.001,0.981,0.1840629040417059,0.34033002142439434,5.828670879282072e-16,8.563262880669682e-16,0.3263561369180516,0.15646623187674183,0.015795504828820778,0.007473413572411392
time_dependent,prepared,0.02,0.001,0.982,0.18387876201502937,0.33999061111946216,-6.661338147750939e-16,9.796356031446937e-16,0.32654001568006663,0.1563101200276385,0.01576399863613296,0.007465948882150691
time_dependent,prepared,0.02,0.001,0.983,0.18369480498982838,0.3396515372720979,-9.71445146547012e-16,1.4300614599732842e-15,0.32672371048505644,0.15615416329535503,0.015732555167375813,0.007458491638383235
time_dependent,prepared,0.02,0.001,0.984,0.18351103277023265,0.3393127995606266,3.0531133177191805e-16,4.498965735558209e-16,0.3269072215178267,0.15599836152856533,0.015701174298268453,0.0074510418336964975
time_dependent,prepared,0.02,0.001,0.985,0.18332744516074453,0.33897439766358417,5.551115123125783e-17,8.188103823456009e-17,0.32709054896298745,0.15584271457606236,0.015669855904772097,0.007443599460685331
time_dependent,prepared,0.02,0.001,0.986,0.18314404196590306,0.33863633125970966,8.881784197001252e-16,1.3114045034626767e-15,0.32727369300495335,0.1556872222867691,0.015638599863088687,0.00743616451195178
time_dependent,prepared,0.02,0.001,0.987,0.18296082299098024,0.33829860002794904,1.582067810090848e-15,2.338271293407864e-15,0.3274566538279443,0.1555318845097314,0.015607406049661435,0.0074287369801054005
time_dependent,prepared,0.02,0.001,0.988,0.18277778804117037,0.33796120364746113,5.551115123125783e-17,8.212651427464348e-17,0.32763943161598547,0.15537670109412527,0.015576274341173589,0.007421316857762909
time_dependent,prepared,0.02,0.001,0.989,0.18259493692209636,0.33762414179760947,-1.4432899320127035e-15,2.1374211043206355e-15,0.32782202655290754,0.15522167188925043,0.015545204614548662,0.007413904137548317
time_dependent,prepared,0.02,0.001,0.99,0.18241226943980696,0.33728741415796715,9.71445146547012e-16,1.4400850814018786e-15,0.32800443882234737,0.15506679674453314,0.015514196746949298,0.0074064988120931385
time_dependent,prepared,0.02,0.001,0.991,0.1822297854004574,0.3369510204083242,3.885780586188048e-16,5.766091139120423e-16,0.3281866686077478,0.154912075509524,0.01548325061577772,0.00739910087403597
time_dependent,prepared,0.02,0.001,0.992,0.18204748461060458,0.33661496022867293,1.1379786002407855e-15,1.6903268343565589e-15,0.3283687160923584,0.15475750803390514,0.01545236609867447,0.0073917103160227645
time_dependent,prepared,0.02,0.001,0.993,0.1818653668770146,0.3362792332992306,-1.942890293094024e-16,2.888805047567696e-16,0.32855058145923544,0.15460309416748372,0.015421543073518413,0.00738432713070679
time_dependent,prepared,0.02,0.001,0.994,0.1816834320069063,0.33594383930040816,-8.326672684688674e-17,1.2392953390704668e-16,0.32873226489124235,0.1544488337601902,0.015390781418426423,0.007376951310748532
time_dependent,prepared,0.02,0.001,0.995,0.18150167980755844,0.33560877791285504,-6.106226635438361e-16,9.097239162534544e-16,0.3289137665710499,0.15429472666208488,0.0153600810117525,0.0073695828488157585
time_dependent,prepared,0.02,0.001,0.996,0.1813201100867601,0.33527404881741113,8.881784197001252e-16,1.3245558712834084e-15,0.3290950866811367,0.15414077272335475,0.015329441732087898,0.007362221737583509
time_dependent,prepared,0.02,0.001,0.997,0.18113872265234285,0.3349396516951478,-1.942890293094024e-15,2.9003587411358377e-15,0.32927622540378904,0.15398697179431145,0.015298863458260188,0.0073548679697339955
time_dependent,prepared,0.02,0.001,0.998,0.18095751731281445,0.33460558622735276,-5.828670879282072e-16,8.709763254403199e-16,0.3294571829211019,0.15383332372539762,0.015268346069333397,0.007347521537956867
time_dependent,prepared,0.02,0.001,0.999,0.18077649387666553,0.3342718520955122,-4.163336342344337e-16,6.227470719183888e-16,0.32963795941497853,0.15367982836717792,0.01523788944460697,0.007340182434948841
time_dependent,prepared,0.02,0.001,1.0,0.18059565215253046,0.33393844898135533,-1.609823385706477e-15,2.4103594399163686e-15,0.32981855506713104,0.15352648557034843,0.015207493463615726,0.007332850653413862
