x,y,c_full
0.0,1.0,0.27925036149779997
0.0,0.984375,0.27925164151749987
0.015625,1.0,0.27641164105884464
0.0,0.96875,0.27925209050112265
0.015625,0.984375,0.27641193615624154
0.03125,1.0,0.27350487478076685
0.0,0.953125,0.27925230867427897
0.015625,0.96875,0.27641219367206243
0.03125,0.984375,0.2735049297519477
0.046875,1.0,0.27053125087504054
0.0,0.9375,0.27925242919169246
0.015625,0.953125,0.27641236627237653
0.03125,0.96875,0.27350504306847184
0.046875,0.984375,0.2705312370995618
0.0625,1.0,0.2674916310201753
0.0,0.921875,0.2792524993884037
0.015625,0.9375,0.2764124769955442
0.03125,0.953125,0.27350514701226886
0.046875,0.96875,0.27053127390444753
0.0625,0.984375,0.2674915928461567
0.078125,1.0,0.2643868042211509
0.0,0.90625,0.2792525412881161
0.015625,0.921875,0.2764125473972645
0.03125,0.9375,0.27350522635558605
0.046875,0.953125,0.27053132439152755
0.0625,0.96875,0.26749159002642814
0.078125,0.984375,0.26438675508091025
0.09375,1.0,0.26121754844900125
0.0,0.890625,0.27925256653424585
0.015625,0.90625,0.2764125919354876
0.03125,0.921875,0.27350528248485884
0.046875,0.9375,0.2705313709468559
0.0625,0.953125,0.2674916046563666
0.078125,0.96875,0.2643867305403632
0.09375,0.984375,0.2612174932172524
0.109375,1.0,0.2579846475659066
0.0,0.875,0.2792525816791794
0.015625,0.890625,0.2764126198090778
0.03125,0.90625,0.2735053204500661
0.046875,0.921875,0.2705314077380107
0.0625,0.9375,0.26749162424287415
0.078125,0.953125,0.2643867218011313
0.09375,0.96875,0.2612174557592218
0.109375,0.984375,0.25798458834745447
0.125,1.0,0.2546888966735347
0.0,0.859375,0.27925259054833507
0.015625,0.875,0.2764126368405558
0.03125,0.890625,0.27350534512043656
0.046875,0.90625,0.2705314342500763
0.0625,0.921875,0.26749164220017047
0.078125,0.9375,0.26438672099831567
0.09375,0.953125,0.26121743151669646
0.109375,0.96875,0.25798454253858494
0.125,0.984375,0.2546888345182639
0.140625,1.0,0.2513311040288278
0.0,0.84375,0.27925259543604936
0.015625,0.859375,0.27641264673901617
0.03125,0.875,0.27350536032419065
0.046875,0.890625,0.2705314518816836
0.0625,0.90625,0.2674916558525585
0.078125,0.921875,0.264386722791682
0.09375,0.9375,0.26121741566381235
0.109375,0.953125,0.2579845076236928
0.125,0.96875,0.25468878288484104
0.140625,0.984375,0.2513310395220876
0.15625,1.0,0.24791209177594697
0.0,0.828125,0.27925259775037026
0.015625,0.84375,0.2764126518910951
0.03125,0.859375,0.27350536886214577
0.046875,0.875,0.2705314624521604
0.0625,0.890625,0.26749166462057494
0.078125,0.90625,0.26438672415929093
0.09375,0.921875,0.2612174043136209
0.109375,0.9375,0.2579844806106433
0.125,0.953125,0.25468874029759947
0.140625,0.96875,0.2513309835520166
0.15625,0.984375,0.24791202527330825
0.171875,1.0,0.24443269620542907
0.0,0.8125,0.27925259837382194
0.015625,0.828125,0.27641265385042774
0.03125,0.84375,0.2735053727231351
0.046875,0.859375,0.2705314676378941
0.0625,0.875,0.2674916688778261
0.078125,0.890625,0.2643867236869023
0.09375,0.90625,0.26121739480931466
0.109375,0.921875,0.2579844587755575
0.125,0.9375,0.25468870485414324
0.140625,0.953125,0.2513309352047311
0.15625,0.96875,0.24791196589386089
0.171875,0.984375,0.2444326279382524
0.1875,1.0,0.2408937677988566
0.0,0.796875,0.2792525978705804
0.015625,0.8125,0.2764126536410082
0.03125,0.828125,0.27350537330259433
0.046875,0.84375,0.27053146881079637
0.0625,0.859375,0.26749166933736596
0.078125,0.875,0.2643867209159276
0.09375,0.890625,0.26121738555428964
0.109375,0.90625,0.2579844399973865
0.125,0.921875,0.25468867465980294
0.140625,0.9375,0.2513308932336273
0.15625,0.953125,0.24791191304455956
0.171875,0.96875,0.24443256575675473
0.1875,0.984375,0.24089369792664803
0.203125,1.0,0.23729617116544255
0.0,0.78125,0.2792525966080479
0.015625,0.796875,0.2764126519463507
0.03125,0.8125,0.27350537157654053
0.046875,0.828125,0.2705314670337477
0.0625,0.84375,0.26749166675837643
0.078125,0.859375,0.2643867158892194
0.09375,0.875,0.261217375712093
0.109375,0.890625,0.25798442279763006
0.125,0.90625,0.25468864809012276
0.140625,0.921875,0.2513308563112581
0.15625,0.9375,0.2479118658830519
0.171875,0.953125,0.2444325092603907
0.1875,0.96875,0.24089363335865163
0.203125,0.984375,0.23729609980388178
0.21875,1.0,0.23364078491919996
0.0,0.765625,0.2792525948296183
0.015625,0.78125,0.27641264922843084
0.03125,0.796875,0.2735053682286909
0.046875,0.8125,0.27053146310740006
0.0625,0.828125,0.26749166182409245
0.078125,0.84375,0.2643867088751031
0.09375,0.859375,0.26121736493133185
0.109375,0.875,0.25798440623727825
0.125,0.890625,0.25468862388815056
0.140625,0.90625,0.2513308232128994
0.15625,0.921875,0.2479118234658998
0.171875,0.9375,0.24443245786306575
0.1875,0.953125,0.2408935738148662
0.203125,0.96875,0.23729603314500494
0.21875,0.984375,0.23364071215607793
0.234375,1.0,0.2299285015209026
0.0,0.75,0.2792525926990574
0.015625,0.765625,0.2764126458032211
0.03125,0.78125,0.2735053637399271
0.046875,0.796875,0.2705314576260189
0.0625,0.8125,0.26749165510374057
0.078125,0.828125,0.26438670021504357
0.09375,0.84375,0.26121735314173294
0.109375,0.859375,0.25798438977472216
0.125,0.875,0.25468860115465336
0.140625,0.890625,0.25133079291325994
0.15625,0.90625,0.24791178487172463
0.171875,0.921875,0.24443241088245737
0.1875,0.9375,0.24089351887629207
0.203125,0.953125,0.2372959709871284
0.21875,0.96875,0.23364064362415113
0.234375,0.984375,0.22992842742563863
0.25,1.0,0.22616022709771796
0.0,0.734375,0.2792525903280669
0.015625,0.75,0.27641264188919484
0.03125,0.765625,0.27350535845020374
0.046875,0.78125,0.2705314510273469
0.0625,0.796875,0.2674916470521053
0.078125,0.8125,0.26438669024712025
0.09375,0.828125,0.26121734041942285
0.109375,0.84375,0.2579843731358269
0.125,0.859375,0.2546885792878727
0.140625,0.875,0.2513307646133628
0.15625,0.890625,0.2479117492802833
0.171875,0.90625,0.24443236762170037
0.1875,0.921875,0.2408934680402201
0.203125,0.9375,0.23729591302317155
0.21875,0.953125,0.23364057917426137
0.234375,0.96875,0.22992835718643656
0.25,0.984375,0.22616015172727705
0.265625,1.0,0.22233688124775292
0.0,0.71875,0.27925258779371376
0.015625,0.734375,0.2764126376388445
0.03125,0.75,0.27350535260111736
0.046875,0.765625,0.2705314436326544
0.0625,0.78125,0.2674916380236177
0.078125,0.796875,0.2643866792724217
0.09375,0.8125,0.2612173269048447
0.109375,0.828125,0.25798435621343946
0.125,0.84375,0.2546885579103734
0.140625,0.859375,0.25133073772460807
0.15625,0.875,0.24791171600900266
0.171875,0.890625,0.24443232742928211
0.1875,0.90625,0.24089342077458814
0.203125,0.921875,0.23729585887581736
0.21875,0.9375,0.23364051857617052
0.234375,0.953125,0.22992829069034915
0.25,0.96875,0.22616007991078807
0.265625,0.984375,0.22233680465045425
0.28125,1.0,0.218459396833781
0.0,0.703125,0.2792525851496417
0.015625,0.71875,0.27641263315942083
0.03125,0.734375,0.2735053463651674
0.046875,0.75,0.27053143567733035
0.0625,0.765625,0.2674916282901809
0.078125,0.78125,0.2643866675441421
0.09375,0.796875,0.26121731275621235
0.109375,0.8125,0.25798433899687195
0.125,0.828125,0.25468853680226544
0.140625,0.84375,0.251330711833136
0.15625,0.859375,0.24791168451823212
0.171875,0.875,0.24443228973395995
0.1875,0.890625,0.2408933765618693
0.203125,0.90625,0.23729580813406012
0.21875,0.921875,0.233640461541506
0.234375,0.9375,0.22992822776109773
0.25,0.953125,0.226160011560873
0.265625,0.96875,0.22233673136148818
0.28125,0.984375,0.2184593190518226
0.296875,1.0,0.21452871976876678
0.0,0.6875,0.2792525824334042
0.015625,0.703125,0.27641262852675147
0.03125,0.71875,0.2735053398659361
0.046875,0.734375,0.2705314273336494
0.0625,0.75,0.26749161805814037
0.078125,0.765625,0.2643866552677685
0.09375,0.78125,0.2612172981252207
0.109375,0.796875,0.25798432152570566
0.125,0.8125,0.25468851584792457
0.140625,0.828125,0.2513306866596535
0.15625,0.84375,0.24791165439796578
0.171875,0.859375,0.24443225405845098
0.1875,0.875,0.2408933349286115
0.203125,0.890625,0.23729576038495548
0.21875,0.90625,0.23364040774867886
0.234375,0.921875,0.22992816817441353
0.25,0.9375,0.22615994653991936
0.265625,0.953125,0.22233666131191213
0.28125,0.96875,0.2184592443771148
0.296875,0.984375,0.21452864083994289
0.3125,1.0,0.2105458087948573
0.0,0.671875,0.2792525796713403
0.015625,0.6875,0.2764126237945683
0.03125,0.703125,0.27350533319208503
0.046875,0.71875,0.27053141872749226
0.0625,0.734375,0.2674916074827761
0.078125,0.75,0.2643866426060529
0.09375,0.765625,0.26121728314591186
0.109375,0.78125,0.2579843038612275
0.125,0.796875,0.25468849499685015
0.140625,0.8125,0.25133066202276916
0.15625,0.828125,0.24791162534624658
0.171875,0.84375,0.24443222001830617
0.1875,0.859375,0.2408932954611506
0.203125,0.875,0.237295715237254
0.21875,0.890625,0.23364035686580323
0.234375,0.90625,0.22992811167528934
0.25,0.921875,0.22615988467056994
0.265625,0.9375,0.22233659439232756
0.28125,0.953125,0.21845917275425214
0.296875,0.96875,0.21452856485303004
0.3125,0.984375,0.2105457287537535
0.328125,1.0,0.20651163525693753
0.0,0.65625,0.2792525768818664
0.015625,0.671875,0.2764126190008821
0.03125,0.6875,0.2735053264071317
0.046875,0.703125,0.2705314099505504
0.0625,0.71875,0.26749159668002404
0.078125,0.734375,0.2643866296855116
0.09375,0.75,0.26121726793089567
0.109375,0.765625,0.2579842860697732
0.125,0.78125,0.2546884742365556
0.140625,0.796875,0.25133063780902104
0.15625,0.8125,0.24791159714593064
0.171875,0.828125,0.2444321873122179
0.1875,0.84375,0.24089325781038734
0.203125,0.859375,0.23729567233624196
0.21875,0.875,0.23364030856909354
0.234375,0.890625,0.22992805799458918
0.25,0.90625,0.22615982574785734
0.265625,0.921875,0.22233653046020177
0.28125,0.9375,0.2184591040947573
0.296875,0.953125,0.21452849176272198
0.3125,0.96875,0.21054565151839183
0.328125,0.984375,0.20651155413577943
0.34375,1.0,0.20242718287149924
0.0,0.640625,0.27925257407773285
0.015625,0.65625,0.27641261417239543
0.03125,0.671875,0.2735053195563333
0.046875,0.6875,0.27053140106922263
0.0625,0.703125,0.2674915857356817
0.078125,0.71875,0.26438661660289636
0.09375,0.734375,0.2612172525714161
0.109375,0.75,0.2579842682137105
0.125,0.765625,0.2546884535746678
0.140625,0.78125,0.25133061395004924
0.15625,0.796875,0.24791156964345137
0.171875,0.8125,0.24443215570858023
0.1875,0.828125,0.24089322168918068
0.203125,0.84375,0.23729563137086743
0.21875,0.859375,0.23364026255575462
0.234375,0.875,0.2299280068631871
0.25,0.890625,0.22615976955132808
0.265625,0.90625,0.22233646934853776
0.28125,0.921875,0.2184590382822902
0.296875,0.9375,0.2145284214962763
0.3125,0.953125,0.21054557705110444
0.328125,0.96875,0.2065114757083898
0.34375,0.984375,0.20242710070076714
0.359375,1.0,0.19829344749134953
0.0,0.625,0.2792525712675934
0.015625,0.640625,0.27641260932759526
0.03125,0.65625,0.2735053126715779
0.046875,0.671875,0.27053139213110816
0.0625,0.6875,0.2674915747125144
0.078125,0.703125,0.2643866034309781
0.09375,0.71875,0.2612172371392296
0.109375,0.734375,0.2579842503471046
0.125,0.75,0.2546884330276256
0.140625,0.765625,0.2513305904060676
0.15625,0.78125,0.2479115427311184
0.171875,0.796875,0.24443212503146128
0.1875,0.8125,0.24089318686554959
0.203125,0.828125,0.23729559207502865
0.21875,0.84375,0.23364021855157413
0.234375,0.859375,0.22992795802269353
0.25,0.875,0.22615971585586
0.265625,0.890625,0.222336410874805
0.28125,0.90625,0.2184589751789377
0.296875,0.921875,0.21452835395728762
0.3125,0.9375,0.2105455052911301
0.328125,0.953125,0.20651139994294443
0.34375,0.96875,0.20242702113221428
0.359375,0.984375,0.19829336430023017
0.375,1.0,0.1941114368665395
0.0,0.609375,0.27925256845711294
0.015625,0.625,0.2764126044789465
0.03125,0.640625,0.273505305774889
0.046875,0.65625,0.2705313831697642
0.0625,0.671875,0.2674915636556914
0.078125,0.6875,0.2643865902234321
0.09375,0.703125,0.2612172216891689
0.109375,0.71875,0.2579842325141307
0.125,0.734375,0.25468841261388614
0.140625,0.75,0.2513305671543729
0.15625,0.765625,0.2479115163332309
0.171875,0.78125,0.24443209514775296
0.1875,0.796875,0.24089315315409154
0.203125,0.8125,0.2372955542250103
0.21875,0.828125,0.23364017631412212
0.234375,0.84375,0.22992791123260647
0.25,0.859375,0.22615966444038627
0.265625,0.875,0.22233635484922046
0.28125,0.890625,0.2184589146318595
0.296875,0.90625,0.21452828903031704
0.3125,0.921875,0.2105454361573931
0.328125,0.9375,0.20651132678790068
0.34375,0.953125,0.20242694413852932
0.359375,0.96875,0.19829328363714013
0.375,0.984375,0.1941113526832641
0.390625,1.0,0.18988217040180233
0.0,0.59375,0.2792525656497596
0.015625,0.609375,0.276412599634466
0.03125,0.625,0.2735052988809625
0.046875,0.640625,0.27053137420820705
0.0625,0.65625,0.2674915525969268
0.078125,0.671875,0.2643865770188431
0.09375,0.6875,0.26121720626180006
0.109375,0.703125,0.2579842147490076
0.125,0.71875,0.2546883923500937
0.140625,0.734375,0.25133054418163625
0.15625,0.75,0.24791149039565452
0.171875,0.765625,0.2444320659562802
0.1875,0.78125,0.2408931204072045
0.203125,0.796875,0.23729551763476456
0.21875,0.8125,0.23364013563272668
0.234375,0.828125,0.22992786627425627
0.25,0.84375,0.22615961509423313
0.265625,0.859375,0.22233630108176003
0.28125,0.875,0.21845885647965035
0.296875,0.890625,0.21452822658589177
0.3125,0.90625,0.21054536955196052
0.328125,0.921875,0.20651125617407667
0.34375,0.9375,0.20242686967532317
0.359375,0.953125,0.1982932054782784
0.375,0.96875,0.19411127096901554
0.390625,0.984375,0.18988208525390304
0.40625,1.0,0.18560667891072158
0.0,0.578125,0.27925256284738065
0.015625,0.59375,0.2764125947988691
0.03125,0.609375,0.2735052919990198
0.046875,0.625,0.27053136526150456
0.0625,0.640625,0.26749154155762833
0.078125,0.65625,0.2643865638439217
0.09375,0.671875,0.2612171908858929
0.109375,0.6875,0.2579841970767088
0.125,0.703125,0.25468837224913055
0.140625,0.71875,0.25133052147891366
0.15625,0.734375,0.24791146487826543
0.171875,0.75,0.24443203737904468
0.1875,0.765625,0.24089308850701938
0.203125,0.78125,0.23729548215029983
0.21875,0.796875,0.23364009632635263
0.234375,0.8125,0.22992782295218972
0.25,0.828125,0.22615956762116315
0.265625,0.84375,0.22233624938759053
0.28125,0.859375,0.21845880055794592
0.296875,0.875,0.21452816648542175
0.3125,0.890625,0.21054530536384441
0.328125,0.90625,0.2065111880172688
0.34375,0.921875,0.20242679768270802
0.359375,0.9375,0.19829312978484154
0.375,0.953125,0.19411119170273483
0.390625,0.96875,0.1898820025293835
0.40625,0.984375,0.18560659282522898
0.421875,1.0,0.18128600436680803
0.0,0.5625,0.27925256005062743
0.015625,0.578125,0.27641258997441187
0.03125,0.59375,0.273505285134177
0.046875,0.609375,0.2705313563387097
0.0625,0.625,0.26749153055129715
0.078125,0.640625,0.26438655071606015
0.09375,0.65625,0.26121717558058816
0.109375,0.671875,0.2579841795140118
0.125,0.6875,0.25468835231931847
0.140625,0.703125,0.25133049903854265
0.15625,0.71875,0.2479114397496334
0.171875,0.734375,0.24443200935445297
0.1875,0.75,0.24089305735846436
0.203125,0.765625,0.2372954476440178
0.21875,0.78125,0.23364005824032016
0.234375,0.796875,0.22992778109371184
0.25,0.8125,0.22615952184145172
0.265625,0.828125,0.2223361995908808
0.28125,0.84375,0.21845874670399087
0.296875,0.859375,0.2145281085856765
0.3125,0.875,0.2105452434728286
0.328125,0.890625,0.20651112222117674
0.34375,0.90625,0.20242672808730694
0.359375,0.921875,0.1982930565042426
0.375,0.9375,0.19411111484999755
0.390625,0.953125,0.18988192220933003
0.40625,0.96875,0.1856065091294222
0.421875,0.984375,0.1812859173704056
0.4375,1.0,0.17692119965163156
0.0,0.546875,0.27925255725927484
0.015625,0.5625,0.27641258516152317
0.03125,0.578125,0.27350527828846727
0.046875,0.59375,0.2705313474443147
0.0625,0.609375,0.26749151958536016
0.078125,0.625,0.26438653764535386
0.09375,0.640625,0.2612171603572365
0.109375,0.65625,0.2579841620706398
0.125,0.671875,0.2546883325642938
0.140625,0.6875,0.25133047685231275
0.15625,0.703125,0.24791141498338087
0.171875,0.71875,0.2444319818322348
0.1875,0.734375,0.24089302688357128
0.203125,0.75,0.23729541400948953
0.21875,0.765625,0.2336400212425579
0.234375,0.78125,0.22992774054724088
0.25,0.796875,0.22615947759243232
0.265625,0.8125,0.22233615152713546
0.28125,0.828125,0.21845869476007268
0.296875,0.84375,0.2145280527425876
0.3125,0.859375,0.2105451837530517
0.328125,0.875,0.20651105868040603
0.34375,0.890625,0.20242666080452965
0.359375,0.90625,0.19829298557167363
0.375,0.921875,0.19411104036396717
0.390625,0.9375,0.1898818442627528
0.40625,0.953125,0.18560642780606076
0.421875,0.96875,0.18128583274085333
0.4375,0.984375,0.17692111177077852
0.453125,1.0,0.17251332830013277
0.0,0.53125,0.279252554472468
0.015625,0.546875,0.2764125803592837
0.03125,0.5625,0.27350527146161574
0.046875,0.578125,0.27053133857935363
0.0625,0.59375,0.26749150866257937
0.078125,0.609375,0.26438652463619217
0.09375,0.625,0.2612171452209305
0.109375,0.640625,0.25798414475036613
0.125,0.65625,0.254688312983254
0.140625,0.671875,0.2513304549104697
0.15625,0.6875,0.24791139055575956
0.171875,0.703125,0.2444319547697258
0.1875,0.71875,0.2408929970169592
0.203125,0.734375,0.23729538115690693
0.21875,0.75,0.23363998521985435
0.234375,0.765625,0.229927701180014
0.25,0.78125,0.2261594347279544
0.265625,0.796875,0.2223361050443007
0.28125,0.8125,0.21845864457586098
0.296875,0.828125,0.21452799881426224
0.3125,0.84375,0.2105451260761566
0.328125,0.859375,0.20651099728334796
0.34375,0.875,0.20242659574095054
0.359375,0.890625,0.19829291691189924
0.375,0.90625,0.19411096818662868
0.390625,0.921875,0.18988176864734377
0.40625,0.9375,0.18560634882683943
0.421875,0.953125,0.18128575046220446
0.4375,0.96875,0.1769210262439507
0.453125,0.984375,0.1725132395611631
0.46875,1.0,0.16806346424322402
0.0,0.515625,0.27925255168891766
0.015625,0.53125,0.27641257556580073
0.03125,0.546875,0.27350526465163477
0.046875,0.5625,0.27053132974225097
0.0625,0.578125,0.2674914977821411
0.078125,0.59375,0.2643865116885152
0.09375,0.609375,0.26121713017176246
0.109375,0.625,0.2579841275520181
0.125,0.640625,0.25468829357138656
0.140625,0.65625,0.2513304332012547
0.15625,0.671875,0.2479113664440876
0.171875,0.6875,0.24443192812920608
0.1875,0.703125,0.24089296770234608
0.203125,0.71875,0.23729534900928148
0.21875,0.734375,0.23363995007438457
0.234375,0.75,0.22992766287553826
0.25,0.765625,0.22615939311714622
0.265625,0.78125,0.2223360600029315
0.28125,0.796875,0.218458596009787
0.296875,0.8125,0.21452794666319458
0.3125,0.828125,0.21054507031389444
0.328125,0.84375,0.20651093791478536
0.34375,0.859375,0.20242653279663705
0.359375,0.875,0.19829285044115813
0.375,0.890625,0.19411089825021943
0.390625,0.90625,0.1898816953104653
0.40625,0.921875,0.18560627215300118
0.421875,0.9375,0.18128567050823258
0.4375,0.953125,0.17692094305618414
0.453125,0.96875,0.17251315317275984
0.46875,0.984375,0.16806337467242843
0.484375,1.0,0.16357269154777562
0.0,0.5,0.2792525489070619
0.015625,0.515625,0.27641257077850706
0.03125,0.53125,0.2735052578552941
0.046875,0.546875,0.2705313209294819
0.0625,0.5625,0.2674914869405073
0.078125,0.578125,0.26438649879880827
0.09375,0.59375,0.2612171152058541
0.109375,0.609375,0.25798411047036046
0.125,0.625,0.2546882743203692
0.140625,0.640625,0.2513304117107675
0.15625,0.65625,0.24791134262578324
0.171875,0.671875,0.2444319018760362
0.1875,0.6875,0.24089293888991273
0.203125,0.703125,0.2372953174993628
0.21875,0.71875,0.2336399157206522
0.234375,0.734375,0.22992762553105395
0.25,0.75,0.2261593526427988
0.265625,0.765625,0.22233601627569638
0.28125,0.78125,0.21845854892964167
0.296875,0.796875,0.2145278961577389
0.3125,0.8125,0.2105450163401468
0.328125,0.828125,0.20651088045812485
0.34375,0.84375,0.20242647186730975
0.359375,0.859375,0.19829278606905967
0.375,0.875,0.19411083047876695
0.390625,0.890625,0.18988162419030724
0.40625,0.90625,0.185606197736142
0.421875,0.921875,0.18128559284293697
0.4375,0.9375,0.17692086218283318
0.453125,0.953125,0.1725130691206816
0.46875,0.96875,0.16806328745763136
0.484375,0.984375,0.16357260117147077
0.5,1.0,0.15904210415407619
0.0,0.484375,0.27925254612520756
0.015625,0.5,0.2764125659944117
0.03125,0.515625,0.27350525106849904
0.046875,0.53125,0.2705313121360989
0.0625,0.546875,0.2674914761320898
0.078125,0.5625,0.2643864859608969
0.09375,0.578125,0.2612171003161962
0.109375,0.59375,0.2579840934968557
0.125,0.609375,0.25468825521887745
0.140625,0.625,0.2513303904230283
0.15625,0.640625,0.2479113190778023
0.171875,0.65625,0.24443187597737856
0.1875,0.671875,0.2408929105343469
0.203125,0.6875,0.2372952865671986
0.21875,0.703125,0.23363988208289332
0.234375,0.71875,0.22992758905517408
0.25,0.734375,0.22615931319960375
0.265625,0.75,0.22233597374646136
0.28125,0.765625,0.2184585032125824
0.296875,0.78125,0.2145278471729489
0.3125,0.796875,0.2105449640323849
0.328125,0.8125,0.20651082479720795
0.34375,0.828125,0.2024264128462487
0.359375,0.84375,0.1982927237003826
0.375,0.859375,0.19411076478964778
0.390625,0.875,0.18988155521714603
0.40625,0.890625,0.1856061255191612
0.421875,0.90625,0.1812855174212092
0.4375,0.921875,0.17692078358999547
0.453125,0.9375,0.1725129873814449
0.46875,0.953125,0.16806320258509083
0.484375,0.96875,0.16357251316515745
0.5,0.984375,0.1590420129986648
0.515625,1.0,0.15447280561084828
0.0,0.46875,0.27925254334166144
0.015625,0.484375,0.2764125612103188
0.03125,0.5,0.27350524428661044
0.046875,0.515625,0.27053130335616166
0.0625,0.53125,0.2674914653497943
0.078125,0.546875,0.2643864731665858
0.09375,0.5625,0.2612170854933372
0.109375,0.578125,0.2579840766203121
0.125,0.59375,0.2546882362530674
0.140625,0.609375,0.2513303693201428
0.15625,0.625,0.24791129577634302
0.171875,0.640625,0.24443185040134296
0.1875,0.65625,0.24089288259341715
0.203125,0.671875,0.2372952561582404
0.21875,0.6875,0.233639849092931
0.234375,0.703125,0.22992755336578377
0.25,0.71875,0.22615927469240593
0.265625,0.734375,0.22233593230914347
0.28125,0.75,0.21845845874472522
0.296875,0.765625,0.21452779959090978
0.3125,0.78125,0.2105449132726253
0.328125,0.796875,0.20651077081769903
0.34375,0.8125,0.2024263556258982
0.359375,0.828125,0.1982926632367031
0.375,0.84375,0.19411070109509448
0.390625,0.859375,0.18988148831464008
0.40625,0.875,0.18560605543730663
0.421875,0.890625,0.18128544418962728
0.4375,0.90625,0.17692070723507583
0.453125,0.921875,0.17251290792269028
0.46875,0.9375,0.16806312003212576
0.484375,0.953125,0.16357242751539663
0.5,0.96875,0.1590419242355967
0.515625,0.984375,0.154472713702873
0.53125,1.0,0.14986590880789538
0.0,0.453125,0.2792525405548615
0.015625,0.46875,0.2764125564230324
0.03125,0.484375,0.27350523750472516
0.046875,0.5,0.27053129458310166
0.0625,0.515625,0.26749145458547063
0.078125,0.53125,0.26438646040618474
0.09375,0.546875,0.2612170707259504
0.109375,0.5625,0.25798405982743416
0.125,0.578125,0.25468821740701625
0.140625,0.59375,0.25133034838252133
0.15625,0.609375,0.24791127269672528
0.171875,0.625,0.24443182511643144
0.1875,0.640625,0.24089285502694777
0.203125,0.65625,0.23729522622189633
0.21875,0.671875,0.23363981668844155
0.234375,0.6875,0.2299275183882321
0.25,0.703125,0.2261592370345678
0.265625,0.71875,0.22233589186647773
0.28125,0.734375,0.21845841542047242
0.296875,0.75,0.21452775330068843
0.3125,0.765625,0.2105448639479606
0.328125,0.78125,0.2065107184080762
0.34375,0.796875,0.20242630009915336
0.359375,0.8125,0.19829260457780862
0.375,0.828125,0.19411063930359126
0.390625,0.84375,0.18988142340110267
0.40625,0.859375,0.1856059874192645
0.421875,0.875,0.18128537308733725
0.4375,0.890625,0.17692063306746258
0.453125,0.90625,0.1725128307036705
0.46875,0.921875,0.1680630397674395
0.484375,0.9375,0.1635723441999916
0.5,0.953125,0.1590418378515572
0.515625,0.96875,0.15447262421786545
0.53125,0.984375,0.14986581617408895
0.546875,1.0,0.14522253570645235
0.0,0.4375,0.27925253776351855
0.015625,0.453125,0.2764125516295612
0.03125,0.46875,0.27350523071794036
0.046875,0.484375,0.2705312858100457
0.0625,0.5,0.2674914438302982
0.078125,0.515625,0.26438644766894887
0.09375,0.53125,0.2612170560013097
0.109375,0.546875,0.2579840431032899
0.125,0.5625,0.2546881986631182
0.140625,0.578125,0.2513303275891166
0.15625,0.59375,0.24791124981337836
0.171875,0.609375,0.24443180009119456
0.1875,0.625,0.2408928277960955
0.203125,0.640625,0.23729519671043747
0.21875,0.65625,0.23363978481157532
0.234375,0.671875,0.22992748405381336
0.25,0.6875,0.2261592001465012
0.265625,0.703125,0.22233585232879388
0.28125,0.71875,0.21845837314169614
0.296875,0.734375,0.21452770819801556
0.3125,0.75,0.21054481595075375
0.328125,0.765625,0.2065106674602739
0.34375,0.78125,0.20242624616033897
0.359375,0.796875,0.19829254762287435
0.375,0.8125,0.19411057932111736
0.390625,0.828125,0.1898813603907055
0.40625,0.84375,0.18560592138824672
0.421875,0.859375,0.18128530404698376
0.4375,0.875,0.17692056102928527
0.453125,0.890625,0.17251275567583907
0.46875,0.90625,0.16806296175155414
0.484375,0.921875,0.16357226318828277
0.5,0.9375,0.15904175382454452
0.515625,0.953125,0.15447253714246775
0.53125,0.96875,0.14986572600217055
0.546875,0.984375,0.14522244237378645
0.5625,1.0,0.14054381706730634
0.0,0.421875,0.27925253496677765
0.015625,0.4375,0.27641254682733846
0.03125,0.453125,0.2735052239216163
0.046875,0.46875,0.27053127703012125
0.0625,0.484375,0.26749143307513085
0.078125,0.5,0.26438643494346226
0.09375,0.515625,0.26121704130569606
0.109375,0.53125,0.2579840264317135
0.125,0.546875,0.25468818000243665
0.140625,0.5625,0.25133030691766395
0.15625,0.578125,0.24791122709989516
0.171875,0.59375,0.24443177529403112
0.1875,0.609375,0.24089280086284745
0.203125,0.625,0.2372951675781856
0.21875,0.640625,0.23363975340787446
0.234375,0.65625,0.22992745029851508
0.25,0.671875,0.2261591639543861
0.265625,0.6875,0.2223358136128662
0.28125,0.703125,0.21845833181686553
0.296875,0.71875,0.21452766418479696
0.3125,0.734375,0.21054476917857873
0.328125,0.75,0.2065106178700375
0.34375,0.765625,0.20242619370590528
0.359375,0.78125,0.19829249227140153
0.375,0.796875,0.19411052105221538
0.390625,0.8125,0.1898812991945751
0.40625,0.828125,0.18560585726303724
0.421875,0.84375,0.181285236995651
0.4375,0.859375,0.1769204910562226
0.453125,0.875,0.1725126827835156
0.46875,0.890625,0.1680628859373353
0.484375,0.90625,0.16357218444154528
0.5,0.921875,0.15904167212414766
0.515625,0.9375,0.15447245245460067
0.53125,0.953125,0.14986563827857566
0.546875,0.96875,0.1452223515503536
0.5625,0.984375,0.14054372306304053
0.578125,1.0,0.13583089217675248
0.0,0.40625,0.2792525321644137
0.015625,0.421875,0.27641254201447096
0.03125,0.4375,0.27350521711165887
0.046875,0.453125,0.27053126823675955
0.0625,0.46875,0.26749142231082257
0.078125,0.484375,0.26438642221798164
0.09375,0.5,0.26121702662475443
0.109375,0.515625,0.25798400979565667
0.125,0.53125,0.25468816140501754
0.140625,0.546875,0.25133028634491145
0.15625,0.5625,0.24791120452912532
0.171875,0.578125,0.2444317506930866
0.1875,0.59375,0.24089277418968028
0.203125,0.609375,0.23729513878091335
0.21875,0.625,0.23363972242543501
0.234375,0.640625,0.2299274170620019
0.25,0.65625,0.22615912838907862
0.265625,0.671875,0.22233577564087073
0.28125,0.6875,0.21845829136018086
0.296875,0.703125,0.21452762116853025
0.3125,0.71875,0.21054472353398357
0.328125,0.734375,0.2065105695370465
0.34375,0.75,0.20242614263488135
0.359375,0.765625,0.19829243842392957
0.375,0.78125,0.19411046440087623
0.390625,0.796875,0.18988123972176107
0.40625,0.8125,0.18560579495896473
0.421875,0.828125,0.1812851718557823
0.4375,0.84375,0.17692042307832984
0.453125,0.859375,0.17251261196460183
0.46875,0.875,0.1680628122705911
0.484375,0.890625,0.1635721079134708
0.5,0.90625,0.15904159271192075
0.515625,0.921875,0.15447237012373455
0.53125,0.9375,0.14986555298088236
0.546875,0.953125,0.1452222632222181
0.5625,0.96875,0.14054363162401348
0.578125,0.984375,0.13583079752848565
0.59375,1.0,0.1310849085704453
0.0,0.390625,0.27925252935707806
0.015625,0.40625,0.2764125371900397
0.03125,0.421875,0.27350521028483715
0.046875,0.4375,0.2705312594240203
0.0625,0.453125,0.26749141152855266
0.078125,0.46875,0.2643864094807636
0.09375,0.484375,0.2612170119438194
0.109375,0.5,0.2579839931775022
0.125,0.515625,0.25468814285017194
0.140625,0.53125,0.2513302658468385
0.15625,0.546875,0.24791118207328827
0.171875,0.5625,0.24443172625621712
0.1875,0.578125,0.2408927477393349
0.203125,0.59375,0.2372951102754083
0.21875,0.609375,0.23363969181426195
0.234375,0.625,0.2299273842868003
0.25,0.640625,0.2261590933851949
0.265625,0.65625,0.2223357383394641
0.28125,0.671875,0.21845825169075317
0.296875,0.6875,0.21452757906168218
0.3125,0.703125,0.21054467892413856
0.328125,0.71875,0.20651052236486786
0.34375,0.734375,0.2024260928491258
0.359375,0.75,0.19829238598254587
0.375,0.765625,0.19411040927124368
0.390625,0.78125,0.18988118188006303
0.40625,0.796875,0.18560573438878142
0.421875,0.8125,0.18128510854605115
0.4375,0.828125,0.1769203570208586
0.453125,0.84375,0.1725125431513221
0.46875,0.859375,0.16806274069072083
0.484375,0.875,0.16357203355072109
0.5,0.890625,0.15904151554184082
0.515625,0.90625,0.15447229011125477
0.53125,0.921875,0.14986547007808437
0.546875,0.9375,0.14522217736634738
0.5625,0.953125,0.14054354273574662
0.578125,0.96875,0.13583070551047233
0.59375,0.984375,0.131084813306172
0.609375,1.0,0.12630702175520223
0.0,0.375,0.2792525265466178
0.015625,0.390625,0.2764125323544732
0.03125,0.40625,0.2735052034391641
0.046875,0.421875,0.2705312505869559
0.0625,0.4375,0.2674914007201709
0.078125,0.453125,0.2643863967203915
0.09375,0.46875,0.2612169972482254
0.109375,0.484375,0.2579839765593548
0.125,0.5,0.254688124316734
0.140625,0.515625,0.25133024539886134
0.15625,0.53125,0.24791115970409555
0.171875,0.546875,0.24443170195099573
0.1875,0.5625,0.24089272147467405
0.203125,0.578125,0.2372950820191574
0.21875,0.59375,0.23363966152577767
0.234375,0.609375,0.22992735191765032
0.25,0.625,0.22615905888035376
0.265625,0.640625,0.22233570163898736
0.28125,0.65625,0.21845821273185423
0.296875,0.671875,0.2145275377810693
0.3125,0.6875,0.2105446352604182
0.328125,0.703125,0.2065104762607849
0.34375,0.71875,0.20242604425341795
0.359375,0.734375,0.1982923348512212
0.375,0.75,0.1941103555681527
0.390625,0.765625,0.18988112557671527
0.40625,0.78125,0.18560567546343412
0.421875,0.796875,0.18128504698216322
0.4375,0.8125,0.17692029280504526
0.453125,0.828125,0.17251247627096633
0.46875,0.84375,0.16806267113139187
0.484375,0.859375,0.16357196129352997
0.5,0.875,0.15904144056083314
0.515625,0.890625,0.15447221237090955
0.53125,0.90625,0.14986538953096018
0.546875,0.921875,0.1452220939508972
0.5625,0.9375,0.14054345637431695
0.578125,0.953125,0.135830616107505
0.59375,0.96875,0.1310847207466443
0.609375,0.984375,0.12630692590337542
0.625,1.0,0.1214983949288105
0.0,0.359375,0.27925252373650117
0.015625,0.375,0.2764125275100282
0.03125,0.390625,0.2735051965743646
0.046875,0.40625,0.2705312417220418
0.0625,0.421875,0.2674913898785831
0.078125,0.4375,0.2643863839261217
0.09375,0.453125,0.2612169825236173
0.109375,0.46875,0.257983959923319
0.125,0.484375,0.25468810578330353
0.140625,0.5,0.2513302249760272
0.15625,0.515625,0.24791113739287965
0.171875,0.53125,0.24443167774474636
0.1875,0.546875,0.24089269535859745
0.203125,0.5625,0.23729505397012293
0.21875,0.578125,0.23363963151244913
0.234375,0.59375,0.2299273199009935
0.25,0.609375,0.22615902481455522
0.265625,0.625,0.2223356654727869
0.28125,0.640625,0.21845817441024498
0.296875,0.65625,0.21452749724726733
0.3125,0.671875,0.21054459245795584
0.328125,0.6875,0.20651043113554693
0.34375,0.703125,0.202425996755428
0.359375,0.71875,0.19829228493600082
0.375,0.734375,0.1941103031975187
0.390625,0.75,0.1898810707189346
0.40625,0.765625,0.18560561809272288
0.421875,0.78125,0.18128498707757668
0.4375,0.796875,0.17692023034884985
0.453125,0.8125,0.17251241124661443
0.46875,0.828125,0.16806260352122654
0.484375,0.84375,0.16357189107633852
0.5,0.859375,0.1590413677093471
0.515625,0.875,0.15447213684932504
0.53125,0.890625,0.1498653112925254
0.546875,0.90625,0.1452220129355963
0.5625,0.921875,0.14054337250666474
0.578125,0.9375,0.13583052929446876
0.59375,0.953125,0.13108463087571967
0.609375,0.96875,0.1263068328408669
0.625,0.984375,0.12149829851841466
0.640625,1.0,0.11666019869788623
0.0,0.34375,0.2792525209323928
0.015625,0.359375,0.27641252266141925
0.03125,0.375,0.27350518969247223
0.046875,0.390625,0.27053123282770253
0.0625,0.40625,0.26749137899820136
0.078125,0.421875,0.2643863710882632
0.09375,0.4375,0.2612169677562762
0.109375,0.453125,0.2579839432517779
0.125,0.46875,0.25468808722848024
0.140625,0.484375,0.25133020455320065
0.15625,0.5,0.2479111151107191
0.171875,0.515625,0.24443165360459532
0.1875,0.53125,0.24089266935399678
0.203125,0.546875,0.23729502608658395
0.21875,0.5625,0.23363960172750575
0.234375,0.578125,0.22992728818456928
0.25,0.59375,0.22615899112967525
0.265625,0.609375,0.22233562977664276
0.28125,0.625,0.21845813665558786
0.296875,0.640625,0.21452745738406362
0.3125,0.65625,0.2105445504351968
0.328125,0.671875,0.20651038690307166
0.34375,0.6875,0.20242595026560029
0.359375,0.703125,0.1982922361450814
0.375,0.71875,0.1941102520665998
0.390625,0.734375,0.18988101721434264
0.40625,0.75,0.18560556218584734
0.421875,0.765625,0.181284928744133
0.4375,0.78125,0.17692016956763246
0.453125,0.796875,0.1725123479978249
0.46875,0.8125,0.16806253778447858
0.484375,0.828125,0.16357182282844257
0.5,0.84375,0.15904129692196597
0.515625,0.859375,0.15447206348657141
0.53125,0.875,0.1498652353085539
0.546875,0.890625,0.14522193427221866
0.5625,0.90625,0.14054329109100747
0.578125,0.921875,0.1358304450366823
0.59375,0.9375,0.13108454366675665
0.609375,0.953125,0.1263067425503637
0.625,0.96875,0.12149820499274665
0.640625,0.984375,0.11666010175852325
0.65625,1.0,0.1117936107938241
0.0,0.328125,0.2792525181429462
0.015625,0.34375,0.2764125178166641
0.03125,0.359375,0.27350518279860314
0.046875,0.375,0.27053122390497253
0.0625,0.390625,0.26749136807548757
0.078125,0.40625,0.2643863581986214
0.09375,0.421875,0.26121695293347585
0.109375,0.4375,0.2579839265276829
0.125,0.453125,0.25468806863109833
0.140625,0.46875,0.2513301841052466
0.15625,0.484375,0.24791109282856644
0.171875,0.5,0.2444316294975321
0.1875,0.515625,0.24089264342373828
0.203125,0.53125,0.23729499832702597
0.21875,0.546875,0.2336395721247261
0.234375,0.5625,0.22992725671709816
0.25,0.578125,0.22615895776905512
0.265625,0.59375,0.22233559448828882
0.28125,0.609375,0.21845809939993618
0.296875,0.625,0.2145274181179632
0.3125,0.640625,0.21054450911346825
0.328125,0.65625,0.20651034348012465
0.34375,0.671875,0.202425904696978
0.359375,0.6875,0.1982921883887997
0.375,0.703125,0.19411020208415253
0.390625,0.71875,0.18988096497127688
0.40625,0.734375,0.18560550765184758
0.421875,0.75,0.18128487189259643
0.4375,0.765625,0.17692011037475877
0.453125,0.78125,0.17251228644127595
0.46875,0.796875,0.1680624738416844
0.484375,0.8125,0.16357175647463695
0.5,0.828125,0.15904122812803212
0.515625,0.84375,0.15447199221676447
0.53125,0.859375,0.14986516151815046
0.546875,0.875,0.14522185790512582
0.5625,0.890625,0.14054321207734657
0.578125,0.90625,0.13583036329035564
0.59375,0.921875,0.1310844590830026
0.609375,0.9375,0.12630665500331706
0.625,0.953125,0.12149811433304845
0.640625,0.96875,0.11666000781106953
0.65625,0.984375,0.11179351335581697
0.671875,1.0,0.10689981578687079
0.0,0.3125,0.27925251538091217
0.015625,0.328125,0.276412512988227
0.03125,0.34375,0.27350517590197904
0.046875,0.359375,0.2705312149583441
0.0625,0.375,0.2674913571096288
0.078125,0.390625,0.2643863452510215
0.09375,0.40625,0.26121693804389007
0.109375,0.421875,0.25798390973486823
0.125,0.4375,0.25468804997046873
0.140625,0.453125,0.25133016360721205
0.15625,0.46875,0.2479110705173739
0.171875,0.484375,0.2444316053904767
0.1875,0.5,0.2408926175306624
0.203125,0.515625,0.23729497065006347
0.21875,0.53125,0.23363954265827563
0.234375,0.546875,0.22992722544803088
0.25,0.5625,0.2261589246771686
0.265625,0.578125,0.22233555954701453
0.28125,0.59375,0.21845806257729625
0.296875,0.609375,0.21452737937774718
0.3125,0.625,0.21054446841657645
0.328125,0.640625,0.20651030078599436
0.34375,0.65625,0.2024258599649912
0.359375,0.671875,0.1982921415795573
0.375,0.6875,0.1941101531605036
0.390625,0.703125,0.1898809138990052
0.40625,0.71875,0.18560545439994808
0.421875,0.734375,0.18128481643310423
0.4375,0.75,0.17692005268212957
0.453125,0.765625,0.17251222649134865
0.46875,0.78125,0.1680624116102773
0.484375,0.796875,0.16357169193584178
0.5,0.8125,0.15904116125227383
0.515625,0.828125,0.15447192296868417
0.53125,0.84375,0.14986508985436003
0.546875,0.859375,0.14522178377186323
0.5625,0.875,0.14054313540804844
0.578125,0.890625,0.13583028400314887
0.59375,0.90625,0.13108437707811252
0.609375,0.921875,0.12630657016039287
0.625,0.9375,0.12149802650842108
0.640625,0.953125,0.11665991683499573
0.65625,0.96875,0.11179341902982072
0.671875,0.984375,0.10689971788139084
0.6875,1.0,0.10198000479834188
0.0,0.296875,0.27925251266470696
0.015625,0.3125,0.2764125081945956
0.03125,0.328125,0.273505169017296
0.046875,0.34375,0.2705312059968709
0.0625,0.359375,0.2674913461033871
0.078125,0.375,0.2643863322419495
0.09375,0.390625,0.2612169230780672
0.109375,0.40625,0.2579838928584023
0.125,0.421875,0.2546880312266374
0.140625,0.4375,0.2513301430345131
0.15625,0.453125,0.24791104814822024
0.171875,0.46875,0.24443158125034892
0.1875,0.484375,0.24089259163759413
0.203125,0.5,0.23729494301438533
0.21875,0.515625,0.23363951328258065
0.234375,0.53125,0.2299271943273487
0.25,0.546875,0.22615889179935025
0.265625,0.5625,0.22233552489333158
0.28125,0.578125,0.21845802612325244
0.296875,0.59375,0.21452734109408422
0.3125,0.609375,0.21054442827043607
0.328125,0.625,0.20651025874217632
0.34375,0.640625,0.2024258159872261
0.359375,0.65625,0.19829209563170075
0.375,0.671875,0.19411010520755498
0.390625,0.6875,0.18988086390786085
0.40625,0.703125,0.18560540233981548
0.421875,0.71875,0.1812847622755323
0.4375,0.734375,0.1769199964006352
0.453125,0.75,0.17251216806064792
0.46875,0.765625,0.16806235100515404
0.484375,0.78125,0.16357162912969883
0.5,0.796875,0.15904109621541818
0.515625,0.8125,0.1544718556663979
0.53125,0.828125,0.14986502024479575
0.546875,0.84375,0.14522171180379354
0.5625,0.859375,0.14054306101848157
0.578125,0.875,0.13583020711480984
0.59375,0.890625,0.1310842975967792
0.609375,0.90625,0.12630648797207214
0.625,0.921875,0.12149794147635752
0.640625,0.9375,0.11665982879652702
0.65625,0.953125,0.11179332779313927
0.671875,0.96875,0.10689962322234933
0.6875,0.984375,0.10197990645756694
0.703125,1.0,0.09703537521098858
0.0,0.28125,0.2792525100206696
0.015625,0.296875,0.27641250346247304
0.03125,0.3125,0.2735051621665785
0.046875,0.328125,0.27053119703562156
0.0625,0.34375,0.26749133506419037
0.078125,0.359375,0.26438631917134614
0.09375,0.375,0.2612169080289985
0.109375,0.390625,0.2579838758849895
0.125,0.40625,0.25468801238066746
0.140625,0.421875,0.25133012236312907
0.15625,0.4375,0.24791102569243695
0.171875,0.453125,0.2444315570441382
0.1875,0.46875,0.24089256570735856
0.203125,0.484375,0.23729491537871458
0.21875,0.5,0.23363948395222872
0.234375,0.515625,0.22992716330540058
0.25,0.53125,0.22615885908157102
0.265625,0.546875,0.22233549046869477
0.28125,0.5625,0.2184579899746472
0.296875,0.578125,0.2145273031991894
0.3125,0.59375,0.21054438860273575
0.328125,0.609375,0.20651021727207228
0.34375,0.625,0.20242577268318726
0.359375,0.640625,0.1982920504613709
0.375,0.65625,0.19411005813873977
0.390625,0.671875,0.18988081490931227
0.40625,0.6875,0.18560535138174217
0.421875,0.703125,0.18128470932978513
0.4375,0.71875,0.17691994144053658
0.453125,0.734375,0.17251211106045844
0.46875,0.75,0.16806229193918937
0.484375,0.765625,0.1635715679711279
0.5,0.78125,0.1590410329347791
0.515625,0.796875,0.15447179022987148
0.53125,0.8125,0.14986495261227095
0.546875,0.828125,0.14522164192674872
0.5625,0.84375,0.1405429888376908
0.578125,0.859375,0.13583013255787188
0.59375,0.875,0.1310842205754502
0.609375,0.890625,0.1263064083793771
0.625,0.90625,0.12149785918345128
0.640625,0.921875,0.11665974364928533
0.65625,0.9375,0.11179323960848814
0.671875,0.953125,0.1068995317843974
0.6875,0.96875,0.10197981151370696
0.703125,0.984375,0.09703527646830236
0.71875,1.0,0.09206713037749945
0.0,0.265625,0.27925250748635394
0.015625,0.28125,0.27641249882987085
0.03125,0.296875,0.2735051553817156
0.046875,0.3125,0.2705311880976133
0.0625,0.328125,0.26749132400554043
0.078125,0.34375,0.26438630604360164
0.09375,0.359375,0.26121689289280614
0.109375,0.375,0.25798385880343827
0.125,0.390625,0.25468799341495335
0.140625,0.40625,0.2513301015698075
0.15625,0.421875,0.24791100312173606
0.171875,0.4375,0.24443153273897034
0.1875,0.453125,0.24089253970279562
0.203125,0.46875,0.23729488770177415
0.21875,0.484375,0.23363945462188376
0.234375,0.5,0.22992713233276715
0.25,0.515625,0.22615882647025032
0.265625,0.53125,0.22233545621526615
0.28125,0.546875,0.21845795406930596
0.296875,0.5625,0.21452726562652577
0.3125,0.578125,0.2105443493426355
0.328125,0.59375,0.20651017630070975
0.34375,0.609375,0.2024257299740628
0.359375,0.625,0.19829200598633662
0.375,0.640625,0.19411001186894145
0.390625,0.65625,0.1898807668159807
0.40625,0.671875,0.18560530143676673
0.421875,0.6875,0.18128465750601558
0.4375,0.703125,0.1769198877117774
0.453125,0.71875,0.17251205540113593
0.46875,0.734375,0.1680622343236927
0.484375,0.75,0.16357150837283757
0.5,0.765625,0.15904097132481013
0.515625,0.78125,0.15447172657555813
0.53125,0.796875,0.14986488687542096
0.546875,0.8125,0.14522157406168534
0.5625,0.828125,0.14054291878908975
0.578125,0.84375,0.13583006025838718
0.59375,0.859375,0.1310841459431061
0.609375,0.875,0.12630633131469188
0.625,0.890625,0.1214977795662473
0.640625,0.90625,0.11665966133513866
0.65625,0.921875,0.11179315442478002
0.671875,0.9375,0.1068994435259641
0.6875,0.953125,0.10197971993815332
0.703125,0.96875,0.09703518129117594
0.71875,0.984375,0.09206703126774698
0.734375,1.0,0.0870764793270935
0.0,0.25,0.27925250511540417
0.015625,0.265625,0.2764124943505219
0.03125,0.28125,0.2735051487079662
0.046875,0.296875,0.270531179216405
0.0625,0.3125,0.26749131294884676
0.078125,0.328125,0.26438629286881177
0.09375,0.34375,0.2612168776695834
0.109375,0.359375,0.25798384160521165
0.125,0.375,0.2546879743135726
0.140625,0.390625,0.25133008063228396
0.15625,0.40625,0.24791098040833653
0.171875,0.421875,0.24443150830216906
0.1875,0.4375,0.24089251358677133
0.203125,0.453125,0.2372948599422526
0.21875,0.46875,0.23363942524620993
0.234375,0.484375,0.22992710136014036
0.25,0.5,0.22615879391209276
0.265625,0.515625,0.2223354220757103
0.28125,0.53125,0.21845791834579853
0.296875,0.546875,0.21452722831054233
0.3125,0.5625,0.2105443104204973
0.328125,0.578125,0.2065101357544812
0.34375,0.59375,0.20242568778249626
0.359375,0.609375,0.1982919621258191
0.375,0.625,0.1941099663143886
0.390625,0.640625,0.1898807195416185
0.40625,0.65625,0.18560525241674244
0.421875,0.671875,0.18128460671478588
0.4375,0.6875,0.17691983512423262
0.453125,0.703125,0.172512000992437
0.46875,0.71875,0.16806217806880788
0.484375,0.734375,0.16357145024578457
0.5,0.75,0.15904091129761558
0.515625,0.765625,0.1544716646169552
0.53125,0.78125,0.14986482294930267
0.546875,0.796875,0.14522150812532866
0.5625,0.8125,0.14054285079115378
0.578125,0.828125,0.1358299901366765
0.59375,0.84375,0.1310840736220749
0.609375,0.859375,0.12630625670264753
0.625,0.875,0.12149770255219773
0.640625,0.890625,0.11665958178521427
0.65625,0.90625,0.11179307217815818
0.671875,0.921875,0.10689935839023193
0.6875,0.9375,0.10197963168408314
0.703125,0.953125,0.0970350896469715
0.71875,0.96875,0.09206693591298837
0.734375,0.984375,0.08707637988691268
0.75,1.0,0.08206463647012198
0.0,0.234375,0.279252502984888
0.015625,0.25,0.2764124901002559
0.03125,0.265625,0.27350514220885014
0.046875,0.28125,0.27053117043959857
0.0625,0.296875,0.26749130192582504
0.078125,0.3125,0.26438627966437117
0.09375,0.328125,0.26121686236442326
0.109375,0.34375,0.257983824285075
0.125,0.359375,0.254687955062681
0.140625,0.375,0.25133005952951115
0.15625,0.390625,0.24791095752508746
0.171875,0.40625,0.2444314837013069
0.1875,0.421875,0.24089248732217686
0.203125,0.4375,0.23729483205876406
0.21875,0.453125,0.23363939577979417
0.234375,0.46875,0.2299270703382122
0.25,0.484375,0.2261587613539415
0.265625,0.5,0.2223353879930152
0.28125,0.515625,0.2184578827432291
0.296875,0.53125,0.2145271911864412
0.3125,0.546875,0.21054427176764112
0.328125,0.5625,0.20651009556090655
0.34375,0.578125,0.20242564603236923
0.359375,0.59375,0.1982919188003138
0.375,0.609375,0.1941099213925327
0.390625,0.625,0.18988067300105596
0.40625,0.640625,0.18560520423436372
0.421875,0.65625,0.18128455686717634
0.4375,0.671875,0.17691978358790042
0.453125,0.6875,0.17251194774378856
0.46875,0.703125,0.16806212308385554
0.484375,0.71875,0.1635713934995803
0.5,0.734375,0.15904085276341456
0.515625,0.75,0.15447160426512035
0.53125,0.765625,0.1498647607459616
0.546875,0.78125,0.14522144403079243
0.5625,0.796875,0.1405427847580983
0.578125,0.8125,0.13582992210807532
0.59375,0.828125,0.13108400352885774
0.609375,0.84375,0.1263061844610408
0.625,0.859375,0.1214976280606839
0.640625,0.875,0.11665950492102779
0.65625,0.890625,0.11179299279321986
0.671875,0.90625,0.10689927630641144
0.6875,0.921875,0.1019795466876879
0.703125,0.9375,0.09703500148239687
0.71875,0.953125,0.09206684427556694
0.734375,0.96875,0.08707628441521496
0.75,0.984375,0.08206453673838032
0.765625,1.0,0.07703282130053642
0.0,0.21875,0.2792525012065085
0.015625,0.234375,0.2764124861863263
0.03125,0.25,0.27350513597303217
0.046875,0.265625,0.27053116183359566
0.0625,0.28125,0.26749129098164764
0.078125,0.296875,0.2643862664569918
0.09375,0.3125,0.2612168469886783
0.109375,0.328125,0.25798380684185623
0.125,0.34375,0.25468793565095466
0.140625,0.359375,0.25133003824189887
0.15625,0.375,0.2479109344455815
0.171875,0.390625,0.24443145890423928
0.1875,0.40625,0.24089246087191107
0.203125,0.421875,0.2372948040097932
0.21875,0.4375,0.23363936617706235
0.234375,0.453125,0.22992703921756272
0.25,0.46875,0.22615872874263948
0.265625,0.484375,0.2223353539103259
0.28125,0.5,0.2184578472010468
0.296875,0.515625,0.21452715418996968
0.3125,0.53125,0.2105442333161258
0.328125,0.546875,0.20651005564841327
0.34375,0.5625,0.20242560464859644
0.359375,0.578125,0.19829187593141478
0.375,0.59375,0.19410987702191662
0.390625,0.609375,0.1898806271101271
0.40625,0.625,0.18560515680315823
0.421875,0.640625,0.18128450787485245
0.4375,0.65625,0.17691973301304448
0.453125,0.671875,0.17251189556450522
0.46875,0.6875,0.1680620692776206
0.484375,0.703125,0.16357133804284454
0.5,0.71875,0.15904079563095525
0.515625,0.734375,0.15447154542914313
0.53125,0.75,0.14986470017495945
0.546875,0.765625,0.1452213816881649
0.5625,0.78125,0.14054272060052972
0.578125,0.796875,0.13582985608365986
0.59375,0.8125,0.13108393557494505
0.609375,0.828125,0.12630611450175772
0.625,0.84375,0.12149755600406738
0.640625,0.859375,0.11665943065567935
0.65625,0.875,0.11179291618436721
0.671875,0.890625,0.10689919719123722
0.6875,0.90625,0.10197946486976621
0.703125,0.921875,0.09703491672507501
0.71875,0.9375,0.09206675629416469
0.734375,0.953125,0.0870761928680317
0.75,0.96875,0.08206444121677427
0.765625,0.984375,0.07703272131891616
0.78125,1.0,0.07198225809599677
0.0,0.203125,0.27925249994403273
0.015625,0.21875,0.2764124827612301
0.03125,0.234375,0.27350513012409977
0.046875,0.25,0.2705311534900925
0.0625,0.265625,0.2674912801790836
0.078125,0.28125,0.2643862532852613
0.09375,0.296875,0.26121683156149056
0.109375,0.3125,0.25798378927932925
0.125,0.328125,0.2546879160700713
0.140625,0.34375,0.25133001675155275
0.15625,0.359375,0.24791091114424718
0.171875,0.375,0.24443143387911087
0.1875,0.390625,0.24089243419883588
0.203125,0.40625,0.23729477575361801
0.21875,0.421875,0.233639336392179
0.234375,0.4375,0.22992700794854032
0.25,0.453125,0.22615869602489083
0.265625,0.46875,0.22233531977078755
0.28125,0.484375,0.21845781165886996
0.296875,0.5,0.21452711725722864
0.3125,0.515625,0.21054419499854793
0.328125,0.53125,0.20651001594613394
0.34375,0.546875,0.2024255635569322
0.359375,0.5625,0.198291833441643
0.375,0.578125,0.1941098331220372
0.390625,0.59375,0.1898805817855789
0.40625,0.609375,0.1856051100374533
0.421875,0.625,0.18128445965009418
0.4375,0.640625,0.17691968331029223
0.453125,0.65625,0.1725118443639569
0.46875,0.671875,0.16806201655858802
0.484375,0.6875,0.16357128378350622
0.5,0.703125,0.15904073980787745
0.515625,0.71875,0.15447148801656743
0.53125,0.734375,0.1498646411438559
0.546875,0.75,0.14522132100505222
0.5625,0.765625,0.14054265822605716
0.578125,0.78125,0.13582979197093867
0.59375,0.796875,0.1310838696676036
0.609375,0.8125,0.12630604673167775
0.625,0.828125,0.12149748628873647
0.640625,0.84375,0.1166593588950706
0.65625,0.859375,0.11179284225722305
0.671875,0.875,0.10689912095060279
0.6875,0.890625,0.10197938613757548
0.703125,0.90625,0.09703483528556042
0.71875,0.921875,0.09206667188583677
0.734375,0.9375,0.08707610517399993
0.75,0.953125,0.0820643498533051
0.765625,0.96875,0.07703262582247229
0.78125,0.984375,0.07198215790979341
0.796875,1.0,0.06691417561526154
0.0,0.1875,0.27925249944085767
0.015625,0.203125,0.27641248004344615
0.03125,0.21875,0.2735051248345593
0.046875,0.234375,0.2705311455349763
0.0625,0.25,0.26749126960393527
0.078125,0.265625,0.2643862402028592
0.09375,0.28125,0.26121681611163255
0.109375,0.296875,0.2579837716072188
0.125,0.3125,0.2546878963152187
0.140625,0.328125,0.25132999504249226
0.15625,0.34375,0.24791088759640356
0.171875,0.359375,0.24443140859431955
0.1875,0.375,0.24089240726569114
0.203125,0.390625,0.2372947472481998
0.21875,0.40625,0.23363930637892155
0.234375,0.421875,0.2299269764811252
0.25,0.4375,0.22615866314711414
0.265625,0.453125,0.22233528551738718
0.28125,0.46875,0.21845777605631664
0.296875,0.484375,0.2145270803244927
0.3125,0.5,0.21054415674785476
0.328125,0.515625,0.2065099763837173
0.34375,0.53125,0.2024255226837883
0.359375,0.546875,0.19829179125427973
0.375,0.5625,0.19410978961320624
0.390625,0.578125,0.18988053694496965
0.40625,0.59375,0.18560506385232184
0.421875,0.609375,0.1812844121057972
0.4375,0.625,0.1769196343906963
0.453125,0.640625,0.17251179405169365
0.46875,0.65625,0.16806196483513183
0.484375,0.671875,0.16357123062905488
0.5,0.6875,0.15904068520102557
0.515625,0.703125,0.1544714319337636
0.53125,0.71875,0.149864583558641
0.546875,0.734375,0.14522126188707418
0.5625,0.75,0.14054259753985807
0.578125,0.765625,0.1358297296744991
0.59375,0.78125,0.13108380571062067
0.609375,0.796875,0.1263059810535373
0.625,0.8125,0.1214974188161188
0.640625,0.828125,0.11665928953910198
0.65625,0.84375,0.11179277091005439
0.671875,0.859375,0.10689904748125313
0.6875,0.875,0.10197931038683068
0.703125,0.890625,0.09703475705965671
0.71875,0.90625,0.09206659094859772
0.734375,0.921875,0.08707602123703989
0.75,0.9375,0.08206426256390505
0.765625,0.953125,0.07703253474885177
0.78125,0.96875,0.07198206252392865
0.796875,0.984375,0.06691407527449662
0.8125,1.0,0.061829806792303973
0.0,0.171875,0.2792525000643903
0.015625,0.1875,0.27641247834895655
0.03125,0.203125,0.27350512034601754
0.046875,0.21875,0.27053113814053076
0.0625,0.234375,0.267491259372146
0.078125,0.25,0.26438622728256056
0.09375,0.265625,0.26121680067967357
0.109375,0.28125,0.2579837538423041
0.125,0.296875,0.25468787638559487
0.140625,0.3125,0.2513299731008179
0.15625,0.328125,0.24791086377824811
0.171875,0.34375,0.2444313830184143
0.1875,0.359375,0.2408923800349518
0.203125,0.375,0.23729471845102398
0.21875,0.390625,0.23363927609051793
0.234375,0.40625,0.22992694476476672
0.25,0.421875,0.22615863005527936
0.265625,0.4375,0.22233525109278893
0.28125,0.453125,0.2184577403328354
0.296875,0.46875,0.21452704332803618
0.3125,0.484375,0.2105441184971663
0.328125,0.5,0.2065099368911506
0.34375,0.515625,0.20242548195606094
0.359375,0.53125,0.19829174929320653
0.375,0.546875,0.19410974641641096
0.390625,0.5625,0.18988049250656053
0.40625,0.578125,0.18560501816351235
0.421875,0.59375,0.18128436515545027
0.4375,0.609375,0.17691958616576473
0.453125,0.625,0.1725117445375326
0.46875,0.640625,0.1680619140156599
0.484375,0.65625,0.16357117848674516
0.5,0.671875,0.1590406317167116
0.515625,0.6875,0.1544713770862509
0.53125,0.703125,0.1498645273241165
0.546875,0.71875,0.1452212042383084
0.5625,0.734375,0.1405425384451915
0.578125,0.75,0.1358296690965999
0.59375,0.765625,0.1310837436049921
0.609375,0.78125,0.12630591736673696
0.625,0.796875,0.12149735348363695
0.640625,0.8125,0.11665922248281722
0.65625,0.828125,0.111792702035154
0.671875,0.84375,0.10689897667246327
0.6875,0.859375,0.10197923750374542
0.703125,0.875,0.0970346819308842
0.71875,0.890625,0.09206651336435502
0.734375,0.90625,0.08707594093971785
0.75,0.921875,0.0820641792360195
0.765625,0.9375,0.07703244799772001
0.78125,0.953125,0.07198197186248649
0.796875,0.96875,0.06691398009816273
0.8125,0.984375,0.06182970635331229
0.828125,1.0,0.056730388426274564
0.0,0.15625,0.2792525023788134
0.015625,0.171875,0.27641247813975073
0.03125,0.1875,0.27350511699844393
0.046875,0.203125,0.27053113154215735
0.0625,0.21875,0.26749124963900484
0.078125,0.234375,0.2643862146211238
0.09375,0.25,0.2612167853204496
0.109375,0.265625,0.2579837360095604
0.125,0.28125,0.2546878562848368
0.140625,0.296875,0.2513299509147693
0.15625,0.3125,0.24791083966673558
0.171875,0.328125,0.24443135711989583
0.1875,0.34375,0.24089235246860324
0.203125,0.359375,0.23729468931887598
0.21875,0.375,0.23363924547943318
0.234375,0.390625,0.2299269127481837
0.25,0.40625,0.22615859669471933
0.265625,0.421875,0.2223352164391534
0.28125,0.4375,0.21845770442752957
0.296875,0.453125,0.21452700620395934
0.3125,0.46875,0.21054408017960236
0.328125,0.484375,0.20650989739858852
0.34375,0.5,0.2024254413009649
0.359375,0.515625,0.1982917074827501
0.375,0.53125,0.1941097034531765
0.390625,0.546875,0.1898804483892018
0.40625,0.5625,0.18560497288736835
0.421875,0.578125,0.18128431871309367
0.4375,0.59375,0.17691953854746476
0.453125,0.609375,0.1725116957316115
0.46875,0.625,0.16806186400872156
0.484375,0.640625,0.1635711272637585
0.5,0.65625,0.15904057926093224
0.515625,0.671875,0.15447132337896965
0.53125,0.6875,0.14986447234422653
0.546875,0.703125,0.1452211479616812
0.5625,0.71875,0.14054248084385518
0.578125,0.734375,0.1358296101377055
0.59375,0.75,0.13108368324954797
0.609375,0.765625,0.12630585556807986
0.625,0.78125,0.1214972901855907
0.640625,0.796875,0.11665915761746828
0.65625,0.8125,0.111792635520142
0.671875,0.828125,0.10689890840764327
0.6875,0.84375,0.10197916736702452
0.703125,0.859375,0.09703460977295993
0.71875,0.875,0.0920664390019824
0.734375,0.890625,0.08707586414699989
0.75,0.90625,0.08206409973304091
0.765625,0.921875,0.07703236543564052
0.78125,0.9375,0.07198188580400992
0.796875,0.953125,0.06691388999225022
0.8125,0.96875,0.06182961150350316
0.828125,0.984375,0.0567302879540325
0.84375,1.0,0.051617160865900846
0.0,0.140625,0.27925250726666223
0.015625,0.15625,0.2764124800993643
0.03125,0.171875,0.27350511527274135
0.046875,0.1875,0.2705311260611433
0.0625,0.203125,0.26749124061086976
0.078125,0.21875,0.2643862023450734
0.09375,0.234375,0.2612167701057221
0.109375,0.25,0.25798371814320875
0.125,0.265625,0.2546878360212666
0.140625,0.28125,0.25132992847459174
0.15625,0.296875,0.24791081523928252
0.171875,0.3125,0.24443133086687202
0.1875,0.328125,0.2408923245277999
0.203125,0.34375,0.23729465980752643
0.21875,0.359375,0.23363921449708744
0.234375,0.375,0.22992688037911346
0.25,0.390625,0.226158563009906
0.265625,0.40625,0.2223351814979337
0.28125,0.421875,0.21845766827896765
0.296875,0.4375,0.21452696888800835
0.3125,0.453125,0.2105440417281096
0.328125,0.46875,0.20650985783618508
0.34375,0.484375,0.20242540064587308
0.359375,0.5,0.19829166574753096
0.375,0.515625,0.1941096606454287
0.390625,0.53125,0.1898804045122169
0.40625,0.546875,0.1856049279407388
0.421875,0.5625,0.1812842726932629
0.4375,0.578125,0.17691949144820543
0.453125,0.59375,0.17251164754441456
0.46875,0.609375,0.16806181472308
0.484375,0.625,0.16357107686732544
0.5,0.640625,0.15904052773954228
0.515625,0.65625,0.1544712707165081
0.53125,0.671875,0.1498644185223374
0.546875,0.6875,0.14522109295930483
0.5625,0.703125,0.140542424636586
0.578125,0.71875,0.1358295526969573
0.59375,0.734375,0.13108362454151007
0.609375,0.75,0.1263057955524347
0.625,0.765625,0.12149722881395285
0.640625,0.78125,0.1166590948314837
0.65625,0.796875,0.11179257124915813
0.671875,0.8125,0.10689884256582469
0.6875,0.828125,0.10197909984973731
0.703125,0.84375,0.09703454045217565
0.71875,0.859375,0.09206636772035263
0.734375,0.875,0.08707579071011219
0.75,0.890625,0.08206402389916614
0.765625,0.90625,0.07703228690200765
0.78125,0.921875,0.07198180418827975
0.796875,0.9375,0.06691380480742999
0.8125,0.953125,0.06182952212420885
0.828125,0.96875,0.05673019357232136
0.84375,0.984375,0.0516170604375556
0.859375,1.0,0.04649136768599574
0.0,0.125,0.2792525161360029
0.015625,0.140625,0.276412485251824
0.03125,0.15625,0.27350511585265774
0.046875,0.171875,0.27053112213525493
0.0625,0.1875,0.2674912325596596
0.078125,0.203125,0.26438619061717095
0.09375,0.21875,0.2612167551267401
0.109375,0.234375,0.25798370028742634
0.125,0.25,0.25468781560776643
0.140625,0.265625,0.2513299057720736
0.15625,0.28125,0.2479107904732049
0.171875,0.296875,0.24443130422650272
0.1875,0.3125,0.2408922961723637
0.203125,0.328125,0.2372946298712939
0.21875,0.34375,0.23363918309348308
0.234375,0.359375,0.22992684760399487
0.25,0.375,0.22615852894417837
0.265625,0.390625,0.22233514620963954
0.28125,0.40625,0.21845763182497316
0.296875,0.421875,0.2145269313153843
0.3125,0.4375,0.21054400307528354
0.328125,0.453125,0.20650981813392688
0.34375,0.46875,0.20242535991815833
0.359375,0.484375,0.198291624012316
0.375,0.5,0.19410961791535986
0.390625,0.515625,0.18988036079528495
0.40625,0.53125,0.18560488324088292
0.421875,0.546875,0.18128422701092103
0.4375,0.5625,0.1769194447808026
0.453125,0.578125,0.1725115998867763
0.46875,0.59375,0.16806176606775647
0.484375,0.609375,0.16357102720481356
0.5,0.625,0.15904047705838864
0.515625,0.640625,0.15447121900328337
0.53125,0.65625,0.14986436576146958
0.546875,0.671875,0.14522103913276288
0.5625,0.6875,0.14054236972340314
0.578125,0.703125,0.1358294966725839
0.59375,0.71875,0.13108356737697927
0.609375,0.734375,0.12630573721331845
0.625,0.75,0.12149716925907317
0.640625,0.765625,0.11665903401132834
0.65625,0.78125,0.1117925091039265
0.671875,0.796875,0.10689877902299773
0.6875,0.8125,0.10197903482101858
0.703125,0.828125,0.09703447382958875
0.71875,0.84375,0.09206629937118578
0.734375,0.859375,0.08707572047026897
0.75,0.875,0.08206395156428194
0.765625,0.890625,0.077032212215401
0.78125,0.90625,0.07198172682437676
0.796875,0.921875,0.06691372434867646
0.8125,0.9375,0.06182943802864092
0.828125,0.953125,0.0567301051280177
0.84375,0.96875,0.05161696669985938
0.859375,0.984375,0.04649126739643001
0.875,1.0,0.04135425535207839
0.0,0.109375,0.2792525312812014
0.015625,0.125,0.276412495150816
0.03125,0.140625,0.27350511971425456
0.046875,0.15625,0.2705311203587891
0.0625,0.171875,0.26749122583982526
0.078125,0.1875,0.2643861796429149
0.09375,0.203125,0.26121674049611937
0.109375,0.21875,0.2579836824962805
0.125,0.234375,0.2546877950609803
0.140625,0.25,0.2513298827995504
0.15625,0.265625,0.24791076534475176
0.171875,0.28125,0.2444312771641449
0.1875,0.296875,0.2408922673600592
0.203125,0.3125,0.23729459946244685
0.21875,0.328125,0.23363915121671253
0.234375,0.34375,0.22992681436756476
0.25,0.359375,0.2261584944394094
0.265625,0.375,0.2223351105135576
0.28125,0.390625,0.2184575950023864
0.296875,0.40625,0.2145268934205341
0.3125,0.421875,0.21054396415318158
0.328125,0.4375,0.20650977822146166
0.34375,0.453125,0.20242531904503464
0.359375,0.46875,0.1982915822018717
0.375,0.484375,0.19410957518529515
0.390625,0.5,0.18988031715832213
0.40625,0.515625,0.18560483870537034
0.421875,0.53125,0.18128418158138224
0.4375,0.546875,0.17691939845843035
0.453125,0.5625,0.1725115526698626
0.46875,0.578125,0.16806171795204855
0.484375,0.59375,0.16357097818378408
0.5,0.609375,0.15904042712340838
0.515625,0.625,0.15447116814368353
0.53125,0.640625,0.149864313964485
0.546875,0.65625,0.14522098638334544
0.5625,0.671875,0.14054231600389624
0.578125,0.6875,0.1358294419622478
0.59375,0.703125,0.13108351165135249
0.609375,0.71875,0.12630568044339888
0.625,0.734375,0.12149711141028749
0.640625,0.75,0.11665897504225052
0.65625,0.765625,0.11179244896468471
0.671875,0.78125,0.10689871765328261
0.6875,0.796875,0.101978972147568
0.703125,0.8125,0.09703440976296955
0.71875,0.828125,0.0920662338016136
0.734375,0.84375,0.08707565326209027
0.75,0.859375,0.08206388254856466
0.765625,0.875,0.07703214117980933
0.78125,0.890625,0.07198165349908289
0.796875,0.90625,0.06691364838640143
0.8125,0.921875,0.06182935897588001
0.828125,0.9375,0.056730022382928444
0.84375,0.953125,0.051616879450098276
0.859375,0.96875,0.04649117452810264
0.875,0.984375,0.0413541553231227
0.890625,1.0,0.036207072865889985
0.0,0.09375,0.2792525565277247
0.015625,0.109375,0.27641251218305574
0.03125,0.125,0.27350512825303136
0.046875,0.140625,0.2705311215324395
0.0625,0.15625,0.26749122090617555
0.078125,0.171875,0.2643861696755119
0.09375,0.1875,0.2612167263479071
0.109375,0.203125,0.25798366483213964
0.125,0.21875,0.25468777439936374
0.140625,0.234375,0.2513298595480748
0.15625,0.25,0.24791073982754147
0.171875,0.265625,0.2444312496420745
0.1875,0.28125,0.24089223804557
0.203125,0.296875,0.23729456853038788
0.21875,0.3125,0.23363911881231422
0.234375,0.328125,0.2299267806123459
0.25,0.34375,0.22615845943559568
0.265625,0.359375,0.222335074347419
0.28125,0.375,0.21845755774678907
0.296875,0.390625,0.21452685513691847
0.3125,0.40625,0.21054392489312207
0.328125,0.421875,0.20650973802792102
0.34375,0.4375,0.20242527795339715
0.359375,0.453125,0.19829154024081821
0.375,0.46875,0.19410953237755943
0.390625,0.484375,0.18988027352136358
0.40625,0.5,0.18560479425197932
0.421875,0.515625,0.18128413632022908
0.4375,0.53125,0.17691935239456108
0.453125,0.546875,0.17251150580513921
0.46875,0.5625,0.16806167028552726
0.484375,0.578125,0.16357092971202308
0.5,0.59375,0.1590403778406951
0.515625,0.609375,0.1544711180421718
0.53125,0.625,0.1498642630342315
0.546875,0.640625,0.14522093461223745
0.5625,0.65625,0.14054226337746084
0.578125,0.671875,0.1358293884633336
0.59375,0.6875,0.13108345725967244
0.609375,0.703125,0.1263056251349178
0.625,0.71875,0.12149705515643344
0.640625,0.734375,0.11665891780891631
0.65625,0.75,0.1117923907109734
0.671875,0.765625,0.10689865832992843
0.6875,0.78125,0.1019789116949334
0.703125,0.796875,0.09703434810847647
0.71875,0.8125,0.09206617085640159
0.734375,0.828125,0.08707558891659692
0.75,0.84375,0.08206381666657887
0.765625,0.859375,0.07703207359031584
0.78125,0.875,0.07198158398485086
0.796875,0.890625,0.06691357666767116
0.8125,0.90625,0.061829284686507426
0.828125,0.921875,0.056729945034666704
0.84375,0.9375,0.05161679837785584
0.859375,0.953125,0.0464910888043727
0.875,0.96875,0.041354063623239096
0.890625,0.984375,0.036206973262547196
0.90625,1.0,0.031051071377861932
0.0,0.078125,0.27925259842804256
0.015625,0.09375,0.2764125400577636
0.03125,0.109375,0.27350514345791027
0.046875,0.125,0.27053112671913815
0.0625,0.140625,0.2674912183279641
0.078125,0.15625,0.26438616101606227
0.09375,0.171875,0.2612167128338018
0.109375,0.1875,0.25798364736133844
0.125,0.203125,0.2546877536393514
0.140625,0.21875,0.2513298360043129
0.15625,0.234375,0.24791071389013827
0.171875,0.25,0.24443122161762124
0.1875,0.265625,0.2408922081790711
0.203125,0.28125,0.23729453702056394
0.21875,0.296875,0.2336390858224332
0.234375,0.3125,0.2299267462779984
0.25,0.328125,0.22615842387035162
0.265625,0.34375,0.22233503764699972
0.28125,0.359375,0.21845751999218407
0.296875,0.375,0.2145268163967498
0.3125,0.390625,0.21054388522546416
0.328125,0.40625,0.20650969748172993
0.34375,0.421875,0.2024252365696564
0.359375,0.4375,0.19829149805348098
0.375,0.453125,0.19410948941434442
0.390625,0.46875,0.18988022980444394
0.40625,0.484375,0.1856047497985926
0.421875,0.5,0.1812840911432254
0.4375,0.515625,0.1769193065028978
0.453125,0.53125,0.17251145920432576
0.46875,0.546875,0.16806162297801705
0.484375,0.5625,0.16357088169754858
0.5,0.578125,0.15904032911653754
0.515625,0.59375,0.15447106860335824
0.53125,0.609375,0.14986421287365007
0.546875,0.625,0.1452208837206633
0.5625,0.640625,0.140542211743484
0.578125,0.65625,0.13582933607318062
0.59375,0.671875,0.13108340409691224
0.609375,0.6875,0.12630557118003877
0.625,0.703125,0.1214970003862759
0.640625,0.71875,0.11665886219593433
0.65625,0.734375,0.11179233422229162
0.671875,0.75,0.1068986009261422
0.6875,0.765625,0.10197885332857687
0.703125,0.78125,0.09703428872205117
0.71875,0.796875,0.09206611037980672
0.734375,0.8125,0.0870755272637296
0.75,0.828125,0.08206375373075664
0.765625,0.84375,0.07703200923799515
0.78125,0.859375,0.07198151804682337
0.796875,0.875,0.0669135089264378
0.8125,0.890625,0.06182921485770302
0.828125,0.90625,0.05672987273895265
0.84375,0.921875,0.051616723097049115
0.859375,0.9375,0.04649100981063815
0.875,0.953125,0.04135397986084867
0.890625,0.96875,0.03620688314484435
0.90625,0.984375,0.031050972439287245
0.921875,1.0,0.02588750373711423
0.0,0.0625,0.27925266862571724
0.015625,0.078125,0.2764125845976601
0.03125,0.09375,0.27350516812982895
0.046875,0.109375,0.27053113729085587
0.0625,0.125,0.2674912187884502
0.078125,0.140625,0.2643861540026531
0.09375,0.15625,0.2612167001120154
0.109375,0.171875,0.2579836301451576
0.125,0.1875,0.2546877327885628
0.140625,0.203125,0.2513298121455534
0.15625,0.21875,0.24791068749240994
0.171875,0.234375,0.24443119304050734
0.1875,0.25,0.2408921777042734
0.203125,0.265625,0.23729450487301587
0.21875,0.28125,0.2336390521847396
0.234375,0.296875,0.22992671130050416
0.25,0.3125,0.22615838767828877
0.265625,0.328125,0.22233500034564177
0.28125,0.34375,0.21845748167062112
0.296875,0.359375,0.21452677713069326
0.3125,0.375,0.21054384507936544
0.328125,0.390625,0.20650965651040606
0.34375,0.40625,0.20242519481956478
0.359375,0.421875,0.19829145556374025
0.375,0.4375,0.1941094462175752
0.390625,0.453125,0.18988018592747893
0.40625,0.46875,0.1856047052630929
0.421875,0.484375,0.18128404596622633
0.4375,0.5,0.17691926069730043
0.453125,0.515625,0.17251141277934015
0.46875,0.53125,0.1680615759395612
0.484375,0.546875,0.1635708340486
0.5,0.5625,0.1590402808574343
0.515625,0.578125,0.15447101973204244
0.53125,0.59375,0.14986416338584768
0.546875,0.609375,0.1452208336099924
0.5625,0.625,0.1405421610014854
0.578125,0.640625,0.13582928468926206
0.59375,0.65625,0.13108335205819976
0.609375,0.671875,0.1263055184711243
0.625,0.6875,0.12149694698884848
0.640625,0.703125,0.1166588080882783
0.65625,0.71875,0.11179227937862482
0.671875,0.734375,0.10689854531575742
0.6875,0.75,0.1019787969147344
0.703125,0.765625,0.09703423146054208
0.71875,0.78125,0.09206605221707502
0.734375,0.796875,0.0870754681343837
0.75,0.8125,0.08206369355422001
0.765625,0.828125,0.07703194791391359
0.78125,0.84375,0.07198145544863521
0.796875,0.859375,0.06691344489215847
0.8125,0.875,0.061829149176363805
0.828125,0.890625,0.05672980513003438
0.84375,0.90625,0.051616653178199565
0.859375,0.921875,0.04649093704494197
0.875,0.9375,0.04135390346665681
0.890625,0.953125,0.036206801933325025
0.90625,0.96875,0.03105088450500727
0.921875,0.984375,0.02588740584245723
0.9375,1.0,0.020717623909362708
0.0,0.046875,0.2792527891447231
0.015625,0.0625,0.27641265500192536
0.03125,0.078125,0.27350520609715273
0.046875,0.09375,0.27053115492403257
0.0625,0.109375,0.26749122304682754
0.078125,0.125,0.2643861489767437
0.09375,0.140625,0.2612166883229794
0.109375,0.15625,0.257983613223165
0.125,0.171875,0.2546877118344976
0.140625,0.1875,0.2513297879319972
0.15625,0.203125,0.24791066058021088
0.171875,0.21875,0.24443116384912889
0.1875,0.234375,0.24089214655578664
0.203125,0.25,0.2372944720204849
0.21875,0.265625,0.2336390178310492
0.234375,0.28125,0.22992667561115068
0.25,0.296875,0.22615835079025703
0.265625,0.3125,0.22233496237368106
0.28125,0.328125,0.21845744271175774
0.296875,0.34375,0.21452673726752614
0.3125,0.359375,0.21054380438251077
0.328125,0.375,0.2065096150403394
0.34375,0.390625,0.2024251526280346
0.359375,0.40625,0.19829141269487563
0.375,0.421875,0.1941094027087753
0.390625,0.4375,0.18988014181014676
0.40625,0.453125,0.18560466056325772
0.421875,0.46875,0.18128400070508663
0.4375,0.484375,0.1769192148917079
0.453125,0.5,0.17251136644223658
0.46875,0.515625,0.16806152908037642
0.484375,0.53125,0.16357078667361163
0.5,0.546875,0.15904023297008837
0.515625,0.5625,0.15447097133323137
0.53125,0.578125,0.1498641144741401
0.546875,0.59375,0.14522078418180925
0.5625,0.609375,0.14054211105121672
0.578125,0.625,0.1358292342093176
0.59375,0.640625,0.1310833010389872
0.609375,0.65625,0.1263054669009476
0.625,0.671875,0.1214968948537172
0.640625,0.6875,0.11665875537161535
0.65625,0.703125,0.11179222606085533
0.671875,0.71875,0.10689849137375433
0.6875,0.734375,0.10197874232108398
0.703125,0.75,0.09703417618257802
0.71875,0.765625,0.09206599621560307
0.734375,0.78125,0.08707541136198575
0.75,0.796875,0.08206363595296733
0.765625,0.8125,0.07703188941223335
0.78125,0.828125,0.07198139595693354
0.796875,0.84375,0.06691338429656492
0.8125,0.859375,0.061829087329557185
0.828125,0.875,0.05672974183737609
0.84375,0.890625,0.05161658817602358
0.859375,0.90625,0.046490869965120064
0.875,0.921875,0.04135383377580517
0.890625,0.9375,0.0362067288219861
0.90625,0.953125,0.031050806669988815
0.921875,0.96875,0.025887321017906563
0.9375,0.984375,0.020717527738444562
0.953125,1.0,0.015542686073195412
0.0,0.03125,0.27925300732065966
0.015625,0.046875,0.2764127657289819
0.03125,0.0625,0.27350526222923527
0.046875,0.078125,0.27053118143800287
0.0625,0.09375,0.2674912318161236
0.078125,0.109375,0.2643861462066267
0.09375,0.125,0.26121667754279
0.109375,0.140625,0.2579835965846463
0.125,0.15625,0.254687690726633
0.140625,0.171875,0.25132976329526563
0.15625,0.1875,0.24791063307782404
0.171875,0.203125,0.24443113396547383
0.1875,0.21875,0.24089211465563043
0.203125,0.234375,0.23729443838597236
0.21875,0.25,0.23363898268558897
0.234375,0.265625,0.22992663913527928
0.25,0.28125,0.22615831313242954
0.265625,0.296875,0.2223349236577681
0.28125,0.3125,0.21845740304234967
0.296875,0.328125,0.2145266967337486
0.3125,0.34375,0.21054376306081113
0.328125,0.359375,0.20650957299655368
0.34375,0.375,0.2024251099189446
0.359375,0.390625,0.1982913693694056
0.375,0.40625,0.19410935880893035
0.390625,0.421875,0.18988009737176959
0.40625,0.4375,0.18560461561665603
0.421875,0.453125,0.18128395527556984
0.4375,0.46875,0.17691916900005913
0.453125,0.484375,0.17251132010513825
0.46875,0.5,0.1680614823107994
0.484375,0.515625,0.16357073948117415
0.5,0.53125,0.1590401853613857
0.515625,0.546875,0.1544709233121362
0.53125,0.5625,0.14986406604206898
0.546875,0.578125,0.14522073533795235
0.5625,0.59375,0.14054206179272474
0.578125,0.609375,0.1358291845314426
0.59375,0.625,0.13108325093516945
0.609375,0.640625,0.1263054163628459
0.625,0.65625,0.12149684387117372
0.640625,0.671875,0.11665870393254833
0.65625,0.6875,0.11179217415106846
0.671875,0.703125,0.10689843897664734
0.6875,0.71875,0.10197868941724351
0.703125,0.734375,0.09703412274921612
0.71875,0.75,0.09206594222579817
0.734375,0.765625,0.08707535678365727
0.75,0.78125,0.08206358074748207
0.765625,0.796875,0.07703183353249113
0.78125,0.8125,0.07198133934469175
0.796875,0.828125,0.0669133268786277
0.8125,0.84375,0.06182902901221226
0.828125,0.859375,0.05672968249803993
0.84375,0.875,0.051616527650260445
0.859375,0.890625,0.04649080802563693
0.875,0.90625,0.0413537700967397
0.890625,0.921875,0.036206662914360456
0.90625,0.9375,0.031050737755631094
0.921875,0.953125,0.025887247756808122
0.9375,0.96875,0.020717447550821944
0.953125,0.984375,0.01554259306822039
0.96875,1.0,0.010363942792847655
0.0,0.015625,0.2792534563097266
0.015625,0.03125,0.27641293833502034
0.03125,0.046875,0.2735053415759797
0.046875,0.0625,0.27053121823126347
0.0625,0.078125,0.26749124546983366
0.078125,0.09375,0.26438614573507146
0.09375,0.109375,0.26121666770111207
0.109375,0.125,0.2579835801224022
0.125,0.140625,0.2546876693493092
0.140625,0.15625,0.25132973812186904
0.15625,0.171875,0.24791060487753658
0.171875,0.1875,0.2444311032883487
0.1875,0.203125,0.2408920819087182
0.203125,0.21875,0.237294403879657
0.21875,0.234375,0.23363894666285157
0.234375,0.25,0.2299266017907657
0.25,0.265625,0.2261582746252101
0.265625,0.28125,0.22233488412007177
0.28125,0.296875,0.2184573625856624
0.296875,0.3125,0.21452665545314284
0.3125,0.328125,0.21054372103806795
0.328125,0.34375,0.20650953030244662
0.34375,0.359375,0.202425066614935
0.359375,0.375,0.1982913255089214
0.375,0.390625,0.19410931443834983
0.390625,0.40625,0.18988005253119591
0.40625,0.421875,0.1856045703405456
0.421875,0.4375,0.1812839095932576
0.4375,0.453125,0.17691912293621356
0.453125,0.46875,0.17251127368016841
0.46875,0.484375,0.16806143554122815
0.484375,0.5,0.16357069237998717
0.5,0.515625,0.15904013793836042
0.515625,0.53125,0.15447087557415148
0.53125,0.546875,0.14986401799339694
0.546875,0.5625,0.14522068698052634
0.5625,0.578125,0.14054201312638248
0.578125,0.59375,0.13582913555413953
0.59375,0.609375,0.13108320164315876
0.609375,0.625,0.12630536675082038
0.625,0.640625,0.12149679393236587
0.640625,0.65625,0.11665865365878333
0.65625,0.671875,0.11179212353276458
0.671875,0.6875,0.10689838800275611
0.6875,0.703125,0.10197863807511845
0.703125,0.71875,0.09703407102439526
0.71875,0.734375,0.09206589010167743
0.734375,0.75,0.08707530424102133
0.75,0.765625,0.08206352776384337
0.765625,0.78125,0.07703178008116125
0.78125,0.796875,0.07198128539347022
0.796875,0.8125,0.06691327238792559
0.8125,0.828125,0.061828973932316914
0.828125,0.84375,0.056729626765029184
0.84375,0.859375,0.051616471179711694
0.859375,0.875,0.046490750702574496
0.875,0.890625,0.04135371175881667
0.890625,0.90625,0.03620660332206626
0.90625,0.921875,0.031050676535526556
0.921875,0.9375,0.02588718428248776
0.9375,0.953125,0.0207173806580382
0.953125,0.96875,0.015542520225438776
0.96875,0.984375,0.010363856726421102
0.984375,1.0,0.0051826400552512746
0.0,0.0,0.2792547363438312
0.015625,0.015625,0.2764131958572152
0.03125,0.03125,0.2735054455229645
0.046875,0.046875,0.2705312647884158
0.0625,0.0625,0.26749126342821333
0.078125,0.078125,0.264386147103317
0.09375,0.09375,0.26121665844644076
0.109375,0.109375,0.2579835635622213
0.125,0.125,0.2546876474825815
0.140625,0.140625,0.2513297122303754
0.15625,0.15625,0.2479105758257516
0.171875,0.171875,0.2444310716846214
0.1875,0.1875,0.24089204819716134
0.203125,0.203125,0.23729436839509432
0.21875,0.21875,0.23363890966499903
0.234375,0.234375,0.22992656348621163
0.25,0.25,0.22615823518195138
0.265625,0.265625,0.22233484367735817
0.28125,0.28125,0.21845732126079992
0.296875,0.296875,0.21452661334627818
0.3125,0.3125,0.21054367823560302
0.328125,0.328125,0.20650948687950926
0.34375,0.34375,0.20242502263718987
0.359375,0.359375,0.19829128103391522
0.375,0.375,0.1941092695165277
0.390625,0.390625,0.18988000720668485
0.40625,0.40625,0.1856045246517739
0.421875,0.421875,0.181283863573463
0.4375,0.4375,0.17691907661387332
0.453125,0.453125,0.17251122707938057
0.46875,0.46875,0.16806138868206044
0.484375,0.484375,0.16357064527880633
0.5,0.5,0.15904009060815005
0.515625,0.515625,0.15447082802482145
0.53125,0.53125,0.1498639702320846
0.546875,0.546875,0.14522063901189178
0.5625,0.5625,0.14054196495289192
0.578125,0.578125,0.13582908717633663
0.59375,0.59375,0.13108315305991974
0.609375,0.609375,0.12630531795959032
0.625,0.625,0.12149674492937311
0.640625,0.640625,0.11665860443923008
0.65625,0.65625,0.11179207409099086
0.671875,0.671875,0.10689833833237551
0.6875,0.6875,0.10197858816912234
0.703125,0.703125,0.09703402087522296
0.71875,0.71875,0.09206583970124647
0.734375,0.734375,0.08707525358071105
0.75,0.75,0.08206347683442002
0.765625,0.765625,0.07703172887262717
0.78125,0.78125,0.07198123389480934
0.796875,0.796875,0.0669132205867025
0.8125,0.8125,0.061828921814059114
0.828125,0.828125,0.05672957431227852
0.84375,0.84375,0.05161641837054865
0.859375,0.859375,0.04649069750826804
0.875,0.875,0.04135365813995181
0.890625,0.890625,0.036206549221865274
0.90625,0.90625,0.031050621867623945
0.921875,0.921875,0.025887128906734308
0.9375,0.9375,0.020717324327298548
0.953125,0.953125,0.015542462449947564
0.96875,0.96875,0.010363796341095681
0.984375,0.984375,0.005182573184588267
1.0,1.0,0.0
0.015625,0.0,0.2764134909443217
0.03125,0.015625,0.27350555883922417
0.046875,0.03125,0.2705313152758305
0.0625,0.046875,0.2674912830149936
0.078125,0.0625,0.26438614889681344
0.09375,0.078125,0.2612166489421393
0.109375,0.09375,0.25798354636237764
0.125,0.109375,0.254687624748936
0.140625,0.125,0.2513296853414366
0.15625,0.140625,0.24791054570528398
0.171875,0.15625,0.24443103897832916
0.1875,0.171875,0.24089201337333374
0.203125,0.1875,0.23729433180466666
0.21875,0.203125,0.2336388715788038
0.234375,0.21875,0.2299265241188443
0.25,0.234375,0.22615819470748721
0.265625,0.25,0.22233480223994756
0.28125,0.265625,0.21845727898195427
0.296875,0.28125,0.21452657032996422
0.3125,0.296875,0.2105436345718557
0.328125,0.3125,0.20650944264702506
0.34375,0.328125,0.20242497790520958
0.359375,0.34375,0.19829123586360448
0.375,0.359375,0.19410922396200386
0.390625,0.375,0.18987996131579213
0.40625,0.390625,0.1856044784666825
0.421875,0.40625,0.18128381713114747
0.4375,0.421875,0.17691902994650985
0.453125,0.4375,0.17251118021469217
0.46875,0.453125,0.16806134164363262
0.484375,0.46875,0.16357059808638735
0.5,0.484375,0.1590400432779466
0.515625,0.5,0.1544707805697952
0.53125,0.515625,0.14986392266225335
0.546875,0.53125,0.1452205913346356
0.5625,0.546875,0.14054191717326428
0.578125,0.5625,0.13582903929737752
0.59375,0.578125,0.13108310508297055
0.609375,0.59375,0.12630526988460633
0.625,0.609375,0.12149669675523378
0.640625,0.625,0.1166585561640451
0.65625,0.640625,0.11179202571240264
0.671875,0.65625,0.10689828984785966
0.6875,0.671875,0.10197853957628913
0.703125,0.6875,0.0970339721721245
0.71875,0.703125,0.09206579088669792
0.734375,0.71875,0.08707520465463531
0.75,0.734375,0.0820634277982328
0.765625,0.75,0.07703167972968282
0.78125,0.765625,0.07198118465094083
0.796875,0.78125,0.06691317125090404
0.8125,0.796875,0.06182887239938695
0.828125,0.8125,0.056729524837091594
0.84375,0.828125,0.0516163688602943
0.859375,0.84375,0.04649064799817071
0.875,0.859375,0.04135360867926814
0.890625,0.875,0.036206499881010754
0.90625,0.890625,0.03105057275094335
0.921875,0.90625,0.025887080177391955
0.9375,0.921875,0.020717276261412867
0.953125,0.9375,0.015542415573573908
0.96875,0.953125,0.010363751865026182
0.984375,0.96875,0.005182535043203648
1.0,0.984375,0.0
0.03125,0.0,0.27350561379904703
0.046875,0.015625,0.27053135207727524
0.0625,0.03125,0.26749129764342894
0.078125,0.046875,0.26438614809313643
0.09375,0.0625,0.2612166375913312
0.109375,0.078125,0.25798352758369536
0.125,0.09375,0.2546876005465068
0.140625,0.109375,0.2513296570411188
0.15625,0.125,0.24791051421412447
0.171875,0.140625,0.24443100493782713
0.1875,0.15625,0.24089197725180306
0.203125,0.171875,0.237294293954359
0.21875,0.1875,0.2336388322721759
0.234375,0.203125,0.2299264835721553
0.25,0.21875,0.22615815309649628
0.265625,0.234375,0.222334759710564
0.28125,0.25,0.21845723565758546
0.296875,0.265625,0.21452652631665994
0.3125,0.28125,0.2105435899619525
0.328125,0.296875,0.20650939752175373
0.34375,0.3125,0.20242493233657527
0.359375,0.328125,0.1982911899157539
0.375,0.34375,0.1941091776922263
0.390625,0.359375,0.1898799147752615
0.40625,0.375,0.18560443170101748
0.421875,0.390625,0.18128377018084485
0.4375,0.40625,0.1769189828472959
0.453125,0.421875,0.17251113299782184
0.46875,0.4375,0.16806129433616082
0.484375,0.453125,0.16357055071142962
0.5,0.46875,0.15903999585494136
0.515625,0.484375,0.15447073311477624
0.53125,0.5,0.1498638751881375
0.546875,0.515625,0.14522054385152752
0.5625,0.53125,0.1405418696887805
0.578125,0.546875,0.1358289918169876
0.59375,0.5625,0.13108305761035477
0.609375,0.578125,0.12630522242202927
0.625,0.59375,0.12149664930393109
0.640625,0.609375,0.11665850872462563
0.65625,0.625,0.11179197828526624
0.671875,0.640625,0.10689824243363459
0.6875,0.65625,0.10197849217629652
0.703125,0.671875,0.0970339247888796
0.71875,0.6875,0.0920657435244638
0.734375,0.703125,0.08707515732005242
0.75,0.71875,0.08206338050105581
0.765625,0.734375,0.07703163248367338
0.78125,0.75,0.07198113747498526
0.796875,0.765625,0.0669131241704603
0.8125,0.78125,0.06182882544842305
0.828125,0.796875,0.05672947806076883
0.84375,0.8125,0.05161632231881334
0.859375,0.828125,0.04649060177249156
0.875,0.84375,0.041353562879970336
0.890625,0.859375,0.03620645466267513
0.90625,0.875,0.031050528336826602
0.921875,0.890625,0.025887036904733957
0.9375,0.90625,0.020717234672105126
0.953125,0.921875,0.015542376617413894
0.96875,0.9375,0.010363717433202968
0.984375,0.953125,0.005182509742211873
1.0,0.96875,0.0
0.046875,0.0,0.2705313382923416
0.0625,0.015625,0.26749129481924033
0.078125,0.03125,0.2643861393514292
0.09375,0.046875,0.2612166217368566
0.109375,0.0625,0.2579835057474607
0.125,0.078125,0.25468757397592373
0.140625,0.09375,0.2513296267407301
0.15625,0.109375,0.24791048094220242
0.171875,0.125,0.24443096926176053
0.1875,0.140625,0.24089193960055277
0.203125,0.15625,0.23729425465809584
0.21875,0.171875,0.2336387915904137
0.234375,0.1875,0.2299264417133641
0.25,0.203125,0.2261581102317552
0.265625,0.21875,0.22233471598311244
0.28125,0.234375,0.2184571911895551
0.296875,0.25,0.21452648121385373
0.3125,0.265625,0.21054354431726038
0.328125,0.28125,0.20650935141760604
0.34375,0.296875,0.20242488584671137
0.359375,0.3125,0.1982911431064997
0.375,0.328125,0.19410913062341945
0.390625,0.34375,0.18987986750092392
0.40625,0.359375,0.1856043842698488
0.421875,0.375,0.18128372263659306
0.4375,0.390625,0.1769189352290455
0.453125,0.40625,0.1725110853402339
0.46875,0.421875,0.16806124666968741
0.484375,0.4375,0.16357050306252324
0.5,0.453125,0.15903994824627207
0.515625,0.46875,0.15447068556546806
0.53125,0.484375,0.14986382771402948
0.546875,0.5,0.14522049646546487
0.5625,0.515625,0.14054182240093677
0.578125,0.53125,0.13582894463522002
0.59375,0.546875,0.13108301054058955
0.609375,0.5625,0.12630517546867948
0.625,0.578125,0.12149660247034422
0.640625,0.59375,0.11665846201356214
0.65625,0.609375,0.11179193169941179
0.671875,0.625,0.10689819597615037
0.6875,0.640625,0.10197844585141641
0.703125,0.65625,0.09703387860256796
0.71875,0.671875,0.09206569748515395
0.734375,0.6875,0.08707511143949541
0.75,0.703125,0.08206333479532216
0.765625,0.71875,0.07703158697437033
0.78125,0.734375,0.07198109219077879
0.796875,0.75,0.06691307914903713
0.8125,0.765625,0.06182878073909526
0.828125,0.78125,0.056729433728037425
0.84375,0.796875,0.05161627844739607
0.859375,0.8125,0.0464905584746524
0.875,0.828125,0.04135352030659365
0.890625,0.84375,0.0362064130206866
0.90625,0.859375,0.031050487917913913
0.921875,0.875,0.02588699813542106
0.9375,0.890625,0.020717198207235284
0.953125,0.90625,0.015542343530292352
0.96875,0.921875,0.010363689647300858
0.984375,0.9375,0.005182491161475208
1.0,0.953125,0.0
0.0625,0.0,0.26749125663746093
0.078125,0.015625,0.26438611480628416
0.09375,0.03125,0.26121659749140996
0.109375,0.046875,0.25798347873238997
0.125,0.0625,0.2546875437800788
0.140625,0.078125,0.2513295936411871
0.15625,0.09375,0.24791044534979215
0.171875,0.109375,0.24443093156562587
0.1875,0.125,0.24089190013240114
0.203125,0.140625,0.23729421369213072
0.21875,0.15625,0.23363874935245715
0.234375,0.171875,0.2299263983908692
0.25,0.1875,0.22615806598237567
0.265625,0.203125,0.2223346709414451
0.28125,0.21875,0.2184571454722541
0.296875,0.234375,0.2145264349234418
0.3125,0.25,0.210543497544941
0.328125,0.265625,0.20650930424532424
0.34375,0.28125,0.20242483834865474
0.359375,0.296875,0.1982910953501829
0.375,0.3125,0.19410908267046253
0.390625,0.328125,0.1898798194076058
0.40625,0.34375,0.18560433608750077
0.421875,0.359375,0.18128367441187818
0.4375,0.375,0.17691888700416586
0.453125,0.390625,0.1725110371530931
0.46875,0.40625,0.16806119855403573
0.484375,0.421875,0.1635704550481017
0.5,0.4375,0.1590399003589724
0.515625,0.453125,0.15447063782751963
0.53125,0.46875,0.14986378014422186
0.546875,0.484375,0.14522044907941067
0.5625,0.5,0.14054177521137956
0.578125,0.515625,0.13582889765238726
0.59375,0.53125,0.1310829637725935
0.609375,0.546875,0.12630512892196222
0.625,0.5625,0.12149655615017013
0.640625,0.578125,0.11665841592455578
0.65625,0.59375,0.11179188584614541
0.671875,0.609375,0.10689815036378503
0.6875,0.625,0.10197840048640668
0.703125,0.640625,0.0970338334934443
0.71875,0.65625,0.09206565264340554
0.734375,0.671875,0.08707506688058579
0.75,0.6875,0.08206329053988548
0.765625,0.703125,0.0770315430496558
0.78125,0.71875,0.071981048632444
0.796875,0.734375,0.06691303600343367
0.8125,0.75,0.06182873806626467
0.828125,0.765625,0.05672939160574837
0.84375,0.78125,0.05161623697673897
0.859375,0.796875,0.04649051778802509
0.875,0.8125,0.04135348057946618
0.890625,0.828125,0.03620637448955003
0.90625,0.84375,0.031050450908768772
0.921875,0.859375,0.02588696311110871
0.9375,0.875,0.02071716585040878
0.953125,0.890625,0.015542314898378571
0.96875,0.90625,0.010363666484137429
0.984375,0.921875,0.005182476575635971
1.0,0.9375,0.0
0.078125,0.0,0.2643860656595057
0.09375,0.015625,0.26121656002895144
0.109375,0.03125,0.2579834438144163
0.125,0.046875,0.25468750833436876
0.140625,0.0625,0.25132955671708973
0.15625,0.078125,0.24791040675424048
0.171875,0.09375,0.24443089137208077
0.1875,0.109375,0.2408918584982039
0.203125,0.125,0.2372941707903273
0.21875,0.140625,0.23363870534760714
0.234375,0.15625,0.2299263534319534
0.25,0.171875,0.22615802020218936
0.265625,0.1875,0.22233462445821575
0.28125,0.203125,0.218457098391786
0.296875,0.21875,0.21452638734114426
0.3125,0.234375,0.21054344954753332
0.328125,0.25,0.206509255912184
0.34375,0.265625,0.2024247897528429
0.359375,0.28125,0.19829104655919919
0.375,0.296875,0.19410903374678323
0.390625,0.3125,0.18987977040905527
0.40625,0.328125,0.18560428706749754
0.421875,0.34375,0.1812836254195931
0.4375,0.359375,0.17691883808462167
0.453125,0.375,0.1725109883472317
0.46875,0.390625,0.16806114989877557
0.484375,0.40625,0.16357040657640326
0.5,0.421875,0.15903985209992744
0.515625,0.4375,0.15447058980647482
0.53125,0.453125,0.14986373238294878
0.546875,0.46875,0.14522040159632804
0.5625,0.484375,0.1405417280218313
0.578125,0.5,0.13582885076898105
0.59375,0.515625,0.13108291720559978
0.609375,0.53125,0.1263050826797735
0.625,0.546875,0.12149651023982169
0.640625,0.5625,0.11665837035230767
0.65625,0.578125,0.11179184061812696
0.671875,0.59375,0.1068981054867084
0.6875,0.609375,0.10197835596835615
0.703125,0.625,0.0970337893447571
0.71875,0.640625,0.09206560887766599
0.734375,0.65625,0.0870750235157657
0.75,0.671875,0.08206324759967917
0.765625,0.6875,0.07703150056507846
0.78125,0.703125,0.07198100664379338
0.796875,0.71875,0.06691299456275997
0.8125,0.734375,0.061828697240559886
0.828125,0.75,0.0567293514811736
0.84375,0.765625,0.051616197664375495
0.859375,0.78125,0.04649047943190988
0.875,0.796875,0.04135344336813961
0.890625,0.8125,0.036206338673160775
0.90625,0.828125,0.03105041682526481
0.921875,0.84375,0.025886931227851004
0.9375,0.859375,0.020717136833076896
0.953125,0.875,0.015542289730370175
0.96875,0.890625,0.010363646683352563
0.984375,0.90625,0.00518246460231461
1.0,0.921875,0.0
0.09375,0.0,0.2612165047915414
0.109375,0.015625,0.2579833980013779
0.125,0.03125,0.2546874657440346
0.140625,0.046875,0.25132951474362547
0.15625,0.0625,0.2479103643352311
0.171875,0.078125,0.24443084810982438
0.1875,0.09375,0.24089181428425122
0.203125,0.109375,0.2372941256415974
0.21875,0.125,0.23363865933340516
0.234375,0.140625,0.22992630664114044
0.25,0.15625,0.22615797272851057
0.265625,0.171875,0.2223345763939634
0.28125,0.1875,0.21845704982529465
0.296875,0.203125,0.21452633835601656
0.3125,0.21875,0.2105434002226016
0.328125,0.234375,0.20650920632174335
0.34375,0.25,0.20242473996693883
0.359375,0.265625,0.198290996643879
0.375,0.28125,0.19410898376427818
0.390625,0.296875,0.18987972041788884
0.40625,0.3125,0.1856042371225295
0.421875,0.328125,0.18128357557201474
0.4375,0.34375,0.1769187883819183
0.453125,0.359375,0.172510938833132
0.46875,0.375,0.16806110061320276
0.484375,0.390625,0.16357035755544524
0.5,0.40625,0.15903980337583953
0.515625,0.421875,0.1544705414077277
0.53125,0.4375,0.1498636843343315
0.546875,0.453125,0.14522035391911414
0.5625,0.46875,0.1405416807340148
0.578125,0.484375,0.1358288038855844
0.59375,0.5,0.13108287073905717
0.609375,0.515625,0.12630503664038975
0.625,0.53125,0.12149646463630631
0.640625,0.546875,0.11665832519238443
0.65625,0.5625,0.11179179590922121
0.671875,0.578125,0.10689806123671437
0.6875,0.59375,0.10197831218649285
0.703125,0.609375,0.0970337460425251
0.71875,0.625,0.09206556606992622
0.734375,0.640625,0.08707498122197148
0.75,0.65625,0.08206320584530734
0.765625,0.671875,0.07703145938332576
0.78125,0.6875,0.07198096607763282
0.796875,0.703125,0.06691295466749327
0.8125,0.71875,0.061828658087064
0.828125,0.734375,0.05672931316012988
0.84375,0.75,0.05161616029191597
0.859375,0.765625,0.046490443157341535
0.875,0.78125,0.04135340838477986
0.890625,0.796875,0.03620630523393998
0.90625,0.8125,0.0310503852658252
0.921875,0.828125,0.02588690200176831
0.9375,0.84375,0.02071711056726321
0.953125,0.859375,0.015542267314974236
0.96875,0.875,0.010363629421494883
0.984375,0.890625,0.005182454460836111
1.0,0.90625,0.0
0.109375,0.0,0.25798333877791524
0.125,0.015625,0.2546874141067125
0.140625,0.03125,0.2513294663933119
0.15625,0.046875,0.24791031717133494
0.171875,0.0625,0.24443080112729582
0.1875,0.078125,0.24089176701704945
0.203125,0.09375,0.23729407789119278
0.21875,0.109375,0.23363861103560982
0.234375,0.125,0.22992625779973686
0.25,0.140625,0.22615792338159485
0.265625,0.15625,0.22233452659661757
0.28125,0.171875,0.21845699964055687
0.296875,0.1875,0.21452628785013148
0.3125,0.203125,0.21054334946249828
0.328125,0.21875,0.20650915537367312
0.34375,0.234375,0.20242468889571383
0.359375,0.25,0.1982909455124121
0.375,0.265625,0.19410893263326812
0.390625,0.28125,0.18987966934556974
0.40625,0.296875,0.18560418616444552
0.421875,0.3125,0.18128352478080434
0.4375,0.328125,0.1769187378071054
0.453125,0.34375,0.1725108885209295
0.46875,0.359375,0.1680610506063366
0.484375,0.375,0.16357030789301197
0.5,0.390625,0.15903975409320625
0.515625,0.40625,0.15447049253648876
0.53125,0.421875,0.14986363590233
0.546875,0.4375,0.14522030595053853
0.5625,0.453125,0.140541633249576
0.578125,0.46875,0.13582875690278032
0.59375,0.484375,0.13108282427252457
0.609375,0.5,0.12630499070234788
0.625,0.515625,0.12149641923708956
0.640625,0.53125,0.11665828034106593
0.65625,0.546875,0.11179175161432645
0.671875,0.5625,0.10689801750702796
0.6875,0.578125,0.10197826903196383
0.703125,0.59375,0.09703370347528174
0.71875,0.609375,0.09206552410541813
0.734375,0.625,0.08707493988026754
0.75,0.640625,0.0820631651525911
0.765625,0.65625,0.07703141937364871
0.78125,0.671875,0.07198092679501278
0.796875,0.6875,0.06691291616848084
0.8125,0.703125,0.06182862044395441
0.828125,0.71875,0.056729276465075945
0.84375,0.734375,0.051616124662315105
0.859375,0.75,0.046490408743053796
0.875,0.765625,0.04135337537801869
0.890625,0.78125,0.03620627388313709
0.90625,0.796875,0.031050355895519754
0.921875,0.8125,0.025886875041811724
0.9375,0.828125,0.02071708659668757
0.953125,0.84375,0.015542247129202075
0.96875,0.859375,0.010363614136403769
0.984375,0.875,0.005182445671413512
1.0,0.890625,0.0
0.125,0.0,0.2546873519469333
0.140625,0.015625,0.25132941041959694
0.15625,0.03125,0.2479102643191075
0.171875,0.046875,0.2444307497276035
0.1875,0.0625,0.24089171617904062
0.203125,0.078125,0.23729402714783432
0.21875,0.09375,0.2336385601513998
0.234375,0.109375,0.22992620666721791
0.25,0.125,0.22615787196518541
0.265625,0.140625,0.22233447490166616
0.28125,0.15625,0.21845694769598953
0.296875,0.171875,0.21452623569853063
0.3125,0.1875,0.2105432971543052
0.328125,0.203125,0.20650910296370897
0.34375,0.21875,0.20242463644101844
0.359375,0.234375,0.19829089307083658
0.375,0.25,0.19410888026250334
0.390625,0.265625,0.1898796171024259
0.40625,0.28125,0.18560413410427964
0.421875,0.296875,0.18128347295703862
0.4375,0.3125,0.17691868627080712
0.453125,0.328125,0.1725108373204382
0.46875,0.34375,0.1680609997869384
0.484375,0.359375,0.16357025749666312
0.5,0.375,0.15903970415831517
0.515625,0.390625,0.15447044309776414
0.53125,0.40625,0.14986358699070657
0.546875,0.421875,0.14522025759318785
0.5625,0.4375,0.1405415854700114
0.578125,0.453125,0.1358287097210604
0.59375,0.46875,0.13108277770556076
0.609375,0.484375,0.1263049447643163
0.625,0.5,0.12149637393994873
0.640625,0.515625,0.11665823569517868
0.65625,0.53125,0.11179170762918675
0.671875,0.546875,0.10689797419209261
0.6875,0.5625,0.10197822639759287
0.703125,0.578125,0.0970336615337957
0.71875,0.59375,0.0920654828722869
0.734375,0.609375,0.08707489937545447
0.75,0.625,0.0820631254020892
0.765625,0.640625,0.07703138041126245
0.78125,0.65625,0.07198088866446202
0.796875,0.671875,0.06691287892593635
0.8125,0.6875,0.06182858416115921
0.828125,0.703125,0.056729241233271964
0.84375,0.71875,0.05161609059729071
0.859375,0.734375,0.04649037599176844
0.875,0.75,0.041353344127477626
0.890625,0.765625,0.036206244372517814
0.90625,0.78125,0.031050328433063327
0.921875,0.796875,0.02588685002878234
0.9375,0.8125,0.02071706456190392
0.953125,0.828125,0.015542228779345137
0.96875,0.84375,0.0103636004292279
0.984375,0.859375,0.00518243791913304
1.0,0.875,0.0
0.140625,0.0,0.25132934590875067
0.15625,0.015625,0.24791020493625077
0.171875,0.03125,0.2444306932284329
0.1875,0.046875,0.2408916612381509
0.203125,0.0625,0.23729397299855876
0.21875,0.078125,0.23363850635696937
0.234375,0.09375,0.22992615298517466
0.25,0.109375,0.22615781826859072
0.265625,0.125,0.22233442113326216
0.28125,0.140625,0.21845689384124822
0.296875,0.15625,0.2145261817695557
0.3125,0.171875,0.21054324318002787
0.328125,0.1875,0.20650904898377614
0.34375,0.203125,0.20242458250187292
0.359375,0.21875,0.19829083922311558
0.375,0.234375,0.19410882655923528
0.390625,0.25,0.18987956359771938
0.40625,0.265625,0.18560408085231903
0.421875,0.28125,0.18128342001127554
0.4375,0.296875,0.17691863368328337
0.453125,0.3125,0.17251078514120521
0.46875,0.328125,0.16806094806355468
0.484375,0.34375,0.16357020627376437
0.5,0.359375,0.1590396534772584
0.515625,0.375,0.15447039299635254
0.53125,0.390625,0.14986353750300221
0.546875,0.40625,0.14522020874942235
0.5625,0.421875,0.14054153729660163
0.578125,0.4375,0.13582866224073714
0.59375,0.453125,0.13108273093761463
0.609375,0.46875,0.12630489872496375
0.625,0.484375,0.12149632864281855
0.640625,0.5,0.1166581911519192
0.65625,0.515625,0.1117916638501912
0.671875,0.53125,0.10689793118734277
0.6875,0.546875,0.10197818417762171
0.703125,0.5625,0.09703362011077422
0.71875,0.578125,0.09206544226124608
0.734375,0.59375,0.08707485959566115
0.75,0.609375,0.08206308647860656
0.765625,0.625,0.07703134237674074
0.78125,0.640625,0.07198085156122541
0.796875,0.65625,0.0669128428084602
0.8125,0.671875,0.06182854909906925
0.828125,0.6875,0.05672920731505101
0.84375,0.703125,0.0516160579349537
0.859375,0.71875,0.04649034472687535
0.875,0.734375,0.041353314439013175
0.890625,0.75,0.03620621648739936
0.90625,0.765625,0.031050302640380324
0.921875,0.78125,0.025886826699363704
0.9375,0.796875,0.020717044175489415
0.953125,0.8125,0.01554221196245776
0.96875,0.828125,0.010363588007441906
0.984375,0.84375,0.005182430986358477
1.0,0.859375,0.0
0.15625,0.0,0.2479101384298387
0.171875,0.015625,0.2444306310437401
0.1875,0.03125,0.2408916016916858
0.203125,0.046875,0.23729391503235733
0.21875,0.0625,0.23363844932042177
0.234375,0.078125,0.2299260964844672
0.25,0.09375,0.22615776207072946
0.265625,0.109375,0.22233436510655868
0.28125,0.125,0.2184568379186075
0.296875,0.140625,0.21452612592568918
0.3125,0.15625,0.21054318741712688
0.328125,0.171875,0.20650899332234277
0.34375,0.1875,0.20242452697471938
0.359375,0.203125,0.1982907838713289
0.375,0.21875,0.1941087714293725
0.390625,0.234375,0.1898795087397815
0.40625,0.25,0.18560402631822515
0.421875,0.265625,0.18128336585366328
0.4375,0.28125,0.1769185799545285
0.453125,0.296875,0.17251073189259727
0.46875,0.3125,0.168060895344591
0.484375,0.328125,0.16357015413154413
0.5,0.34375,0.15903960195597153
0.515625,0.359375,0.1544703421368628
0.53125,0.375,0.14986348734253208
0.546875,0.390625,0.14522015932134635
0.5625,0.40625,0.14054148863035784
0.578125,0.421875,0.13582861436186403
0.59375,0.4375,0.13108268386791966
0.609375,0.453125,0.126304852482827
0.625,0.46875,0.12149628324363386
0.640625,0.484375,0.11665814660867056
0.65625,0.5,0.11179162017416373
0.671875,0.515625,0.10689788838896509
0.6875,0.53125,0.10197814226743906
0.703125,0.546875,0.0970335791005539
0.71875,0.5625,0.09206540216522141
0.734375,0.578125,0.08707482043192857
0.75,0.59375,0.0820630482706991
0.765625,0.609375,0.07703130515541565
0.78125,0.625,0.07198081536652087
0.796875,0.640625,0.06691280769210024
0.8125,0.65625,0.061828515127327247
0.828125,0.671875,0.05672917457222586
0.84375,0.6875,0.0516160265276714
0.859375,0.703125,0.046490314789512
0.875,0.71875,0.04135328614065047
0.890625,0.734375,0.036206190040886314
0.90625,0.75,0.03105027831429954
0.921875,0.765625,0.025886804834001586
0.9375,0.78125,0.020717025204280003
0.953125,0.796875,0.01554219644072661
0.96875,0.8125,0.010363576650303599
0.984375,0.828125,0.00518242471635963
1.0,0.84375,0.0
0.171875,0.0,0.24443056277307268
0.1875,0.015625,0.24089153712069045
0.203125,0.03125,0.23729385287193003
0.21875,0.046875,0.2336383887201695
0.234375,0.0625,0.2299260368959538
0.25,0.078125,0.22615770314647018
0.265625,0.09375,0.22233430663152062
0.28125,0.109375,0.21845677976530123
0.296875,0.125,0.21452606802502763
0.3125,0.140625,0.2105431297394739
0.328125,0.15625,0.20650893586506375
0.34375,0.171875,0.20242446975387368
0.359375,0.1875,0.19829072691600835
0.375,0.203125,0.19410871477774302
0.390625,0.21875,0.18987945243622767
0.40625,0.234375,0.18560397041121693
0.421875,0.25,0.18128331039410112
0.4375,0.265625,0.17691852499441335
0.453125,0.28125,0.17251067748392554
0.46875,0.296875,0.16806084153841813
0.484375,0.3125,0.16357010097718142
0.5,0.328125,0.15903954950029964
0.515625,0.34375,0.15447029042375696
0.53125,0.359375,0.1498634364124022
0.546875,0.375,0.14522010921079784
0.5625,0.390625,0.14054143937198194
0.578125,0.40625,0.1358285659841663
0.59375,0.421875,0.13108263639539447
0.609375,0.4375,0.126304805936183
0.625,0.453125,0.1214962376401721
0.640625,0.46875,0.11665810196281604
0.65625,0.484375,0.11179157649814721
0.671875,0.5,0.10689784569365189
0.6875,0.515625,0.10197810056330106
0.703125,0.53125,0.09703353839878302
0.71875,0.546875,0.09206536247898771
0.734375,0.5625,0.08707478177779009
0.75,0.578125,0.08206301067018135
0.765625,0.59375,0.0770312686367895
0.78125,0.609375,0.07198077996682349
0.796875,0.625,0.06691277345946312
0.8125,0.640625,0.061828482123702816
0.828125,0.65625,0.05672914287663809
0.84375,0.671875,0.05161599624016275
0.859375,0.6875,0.0464902860360205
0.875,0.703125,0.04135325907913494
0.890625,0.71875,0.03620616486912894
0.90625,0.734375,0.031050255279960418
0.921875,0.75,0.0258867842476791
0.9375,0.765625,0.0207170074565205
0.953125,0.78125,0.015542182024046036
0.96875,0.796875,0.010363566187090747
0.984375,0.8125,0.005182418992413272
1.0,0.828125,0.0
0.1875,0.0,0.24089146724523675
0.203125,0.015625,0.23729378621023503
0.21875,0.03125,0.2336383242678573
0.234375,0.046875,0.2299259739646316
0.25,0.0625,0.2261576412753567
0.265625,0.078125,0.222334245518359
0.28125,0.09375,0.218456719216957
0.296875,0.109375,0.21452600792349408
0.3125,0.125,0.21054307001881126
0.328125,0.140625,0.20650887649577251
0.34375,0.15625,0.20242441073222306
0.359375,0.171875,0.1982906682566476
0.375,0.1875,0.19410865650848383
0.390625,0.203125,0.18987939459426859
0.40625,0.21875,0.18560391304032875
0.421875,0.234375,0.18128325354246055
0.4375,0.25,0.1769184687128769
0.453125,0.265625,0.1725106218246132
0.46875,0.28125,0.16806078655351814
0.484375,0.296875,0.1635700467179284
0.5,0.3125,0.1590394960160953
0.515625,0.328125,0.15447023776142144
0.53125,0.34375,0.14986338461555263
0.546875,0.359375,0.14522005831936086
0.5625,0.375,0.14054138942184655
0.578125,0.390625,0.13582851700698767
0.59375,0.40625,0.1310825884185565
0.609375,0.421875,0.1263047589829278
0.625,0.4375,0.12149619172989923
0.640625,0.453125,0.11665805711155233
0.65625,0.46875,0.11179153271918468
0.671875,0.484375,0.10689780299834968
0.6875,0.5,0.10197805896204483
0.703125,0.515625,0.0970334979020979
0.71875,0.53125,0.09206532309880168
0.734375,0.546875,0.08707474352885146
0.75,0.5625,0.08206297357163998
0.765625,0.578125,0.07703123271396287
0.78125,0.59375,0.07198074525318074
0.796875,0.609375,0.06691273999887917
0.8125,0.625,0.061828449973054846
0.828125,0.640625,0.056729112108846104
0.84375,0.65625,0.05161596694781129
0.859375,0.671875,0.04649025833574558
0.875,0.6875,0.04135323311702003
0.890625,0.703125,0.03620614082742981
0.90625,0.71875,0.03105023338557127
0.921875,0.734375,0.025886764782854538
0.9375,0.75,0.020716990772455063
0.953125,0.765625,0.015542168557915471
0.96875,0.78125,0.010363556482904105
0.984375,0.796875,0.005182413725125734
1.0,0.8125,0.0
0.203125,0.0,0.23729371484564682
0.21875,0.015625,0.2336382557332802
0.234375,0.03125,0.22992590746624816
0.25,0.046875,0.2261575762524275
0.265625,0.0625,0.2223341815845426
0.28125,0.078125,0.21845665611216564
0.296875,0.09375,0.214525945477852
0.3125,0.109375,0.21054300812677498
0.328125,0.125,0.20650881509786814
0.34375,0.140625,0.20242434980220456
0.359375,0.15625,0.19829060779241464
0.375,0.171875,0.1941085965255789
0.390625,0.1875,0.1898793351211321
0.40625,0.203125,0.18560385411475455
0.421875,0.21875,0.18128319520887323
0.4375,0.234375,0.17691841102017583
0.453125,0.25,0.1725105648244124
0.46875,0.265625,0.16806073029867238
0.484375,0.28125,0.16356999126127186
0.5,0.296875,0.1590394414093532
0.515625,0.3125,0.15447018405427174
0.53125,0.328125,0.1498633318548299
0.546875,0.34375,0.145220006548404
0.5625,0.359375,0.14054133867999824
0.578125,0.375,0.13582846732925624
0.59375,0.390625,0.13108253983544962
0.609375,0.40625,0.12630471152046724
0.625,0.421875,0.12149614540982309
0.640625,0.4375,0.11665801195170626
0.65625,0.453125,0.11179148873410041
0.671875,0.46875,0.10689776020000494
0.6875,0.484375,0.1019780173607994
0.703125,0.5,0.0970334575077955
0.71875,0.515625,0.09206528392203249
0.734375,0.53125,0.08707470558237221
0.75,0.546875,0.08206293687195552
0.765625,0.5625,0.07703119728308
0.78125,0.578125,0.07198071112055965
0.796875,0.59375,0.06691270720362025
0.8125,0.609375,0.061828418566378
0.828125,0.625,0.05672908215694249
0.84375,0.640625,0.05161593853517561
0.859375,0.65625,0.04649023156913243
0.875,0.671875,0.041353208130210116
0.890625,0.6875,0.036206117787043905
0.90625,0.703125,0.031050212498226582
0.921875,0.71875,0.025886746304013452
0.9375,0.734375,0.02071697501734666
0.953125,0.75,0.015542155914859069
0.96875,0.765625,0.010363547429115107
0.984375,0.78125,0.005182408844388482
1.0,0.796875,0.0
0.21875,0.0,0.23363818296732697
0.234375,0.015625,0.229925837224553
0.25,0.03125,0.22615750790034048
0.265625,0.046875,0.22233411466308078
0.28125,0.0625,0.21845659029808734
0.296875,0.078125,0.2145258805495086
0.3125,0.09375,0.21054294393749923
0.328125,0.109375,0.20650875155612797
0.34375,0.125,0.20242428685709182
0.359375,0.140625,0.19829054542309063
0.375,0.15625,0.19410853473356487
0.390625,0.171875,0.18987927392461187
0.40625,0.1875,0.18560379354428863
0.421875,0.203125,0.1812831353040984
0.4375,0.21875,0.17691835182719562
0.453125,0.234375,0.17251050639367518
0.46875,0.25,0.16806067268319788
0.484375,0.265625,0.16356993451513765
0.5,0.28125,0.15903938558638295
0.515625,0.296875,0.15447012920689418
0.53125,0.3125,0.14986327803309454
0.546875,0.328125,0.14521995379915062
0.5625,0.34375,0.14054128704618826
0.578125,0.359375,0.13582841684947464
0.59375,0.375,0.13108249054359217
0.609375,0.390625,0.1263046634456222
0.625,0.40625,0.12149609857635715
0.640625,0.421875,0.11665796637955847
0.65625,0.4375,0.11179144443928374
0.671875,0.453125,0.10689771719531034
0.6875,0.46875,0.10197797565669381
0.703125,0.484375,0.09703341711350356
0.71875,0.5,0.0920652448467911
0.734375,0.515625,0.08707466783684967
0.75,0.53125,0.0820629004698316
0.765625,0.546875,0.07703116224279147
0.78125,0.5625,0.07198067746722443
0.796875,0.578125,0.06691267497116753
0.8125,0.59375,0.06182838779992656
0.828125,0.609375,0.05672905291548863
0.84375,0.625,0.05161591089467437
0.859375,0.640625,0.04649020562608266
0.875,0.65625,0.041353184005884766
0.890625,0.671875,0.03620609563254106
0.90625,0.6875,0.03105019250055166
0.921875,0.703125,0.025886728693429662
0.9375,0.71875,0.02071696007622981
0.953125,0.734375,0.015542143988224018
0.96875,0.75,0.010363538936760052
0.984375,0.765625,0.005182404294076561
1.0,0.78125,0.0
0.234375,0.0,0.22992576312663707
0.25,0.015625,0.22615743608150704
0.265625,0.03125,0.2223340446114543
0.28125,0.046875,0.21845652163681525
0.296875,0.0625,0.21452581300899254
0.3125,0.078125,0.21054287733076593
0.328125,0.09375,0.2065086857589399
0.34375,0.109375,0.20242422179260092
0.359375,0.125,0.1982904810502466
0.375,0.140625,0.19410847103841522
0.390625,0.15625,0.1898792109137519
0.40625,0.171875,0.18560373123987242
0.421875,0.1875,0.18128307373997227
0.4375,0.203125,0.1769182910458324
0.453125,0.21875,0.17251044644368177
0.46875,0.234375,0.16806061361723473
0.484375,0.25,0.16356987638814233
0.5,0.265625,0.15903932845402619
0.515625,0.28125,0.1544700731242273
0.53125,0.296875,0.1498632230533657
0.546875,0.3125,0.14521989997278492
0.5625,0.328125,0.14054123441993574
0.578125,0.34375,0.13582836546573818
0.59375,0.359375,0.13108244043994907
0.609375,0.375,0.126304614654554
0.625,0.390625,0.12149605112519911
0.640625,0.40625,0.11665792029067648
0.65625,0.421875,0.11179139973047976
0.671875,0.4375,0.10689767388045328
0.6875,0.453125,0.1019779337465658
0.703125,0.46875,0.09703337661685012
0.71875,0.484375,0.09206520577155979
0.734375,0.5,0.08707463019160445
0.75,0.515625,0.08206286426533202
0.765625,0.53125,0.07703112749373252
0.78125,0.546875,0.07198064419414205
0.796875,0.5625,0.06691264320252431
0.8125,0.578125,0.06182835757440783
0.828125,0.59375,0.056729024284553016
0.84375,0.609375,0.05161588392542302
0.859375,0.625,0.04649018040453028
0.875,0.640625,0.04135316064073941
0.890625,0.65625,0.03620607425962178
0.90625,0.671875,0.03105017328799361
0.921875,0.6875,0.025886711847836148
0.9375,0.703125,0.02071694584991491
0.953125,0.71875,0.015542132687617156
0.96875,0.734375,0.01036353093185934
0.984375,0.75,0.005182400028440311
1.0,0.765625,0.0
0.25,0.0,0.22615736070857997
0.265625,0.015625,0.22233397132028473
0.28125,0.03125,0.21845645001202144
0.296875,0.046875,0.21452574274087097
0.3125,0.0625,0.2105428081955888
0.328125,0.078125,0.20650861760090808
0.34375,0.09375,0.2024241545087967
0.359375,0.109375,0.19829041457865712
0.375,0.125,0.19410840534860951
0.390625,0.140625,0.18987914599967398
0.40625,0.15625,0.18560366711425336
0.421875,0.171875,0.18128301042994818
0.4375,0.1875,0.17691822858944717
0.453125,0.203125,0.17251038488703296
0.46875,0.21875,0.16806055301208866
0.484375,0.234375,0.1635698167898939
0.5,0.25,0.15903926991992004
0.515625,0.265625,0.1544700157117879
0.53125,0.28125,0.14986316681900813
0.546875,0.296875,0.14521984497059579
0.5625,0.3125,0.14054118070062724
0.578125,0.328125,0.1358283130757863
0.59375,0.34375,0.1310823894209328
0.609375,0.359375,0.1263045650427138
0.625,0.375,0.12149600295122896
0.640625,0.390625,0.11665787357976215
0.65625,0.40625,0.11179135450258781
0.671875,0.421875,0.10689763015086906
0.6875,0.4375,0.10197789152667212
0.703125,0.453125,0.09703333591513254
0.71875,0.46875,0.09206516659482102
0.734375,0.484375,0.08707459254636883
0.75,0.5,0.0820628281594237
0.765625,0.515625,0.07703109293801463
0.78125,0.53125,0.07198061120441167
0.796875,0.546875,0.06691261180156827
0.8125,0.5625,0.06182832779423583
0.828125,0.578125,0.056728996168839106
0.84375,0.59375,0.051615857532200354
0.859375,0.609375,0.04649015580920253
0.875,0.625,0.041353137939487083
0.890625,0.640625,0.03620605357329843
0.90625,0.65625,0.031050154766617925
0.921875,0.671875,0.02588669567578584
0.9375,0.6875,0.020716932251906864
0.953125,0.703125,0.015542121935490646
0.96875,0.71875,0.01036352335202803
0.984375,0.734375,0.005182396009580431
1.0,0.75,0.0
0.265625,0.0,0.2223338947206551
0.28125,0.015625,0.21845637533524517
0.296875,0.03125,0.21452566964874864
0.3125,0.046875,0.21054273643404042
0.328125,0.0625,0.206508546985734
0.34375,0.078125,0.20242408491225228
0.359375,0.09375,0.19829034591792927
0.375,0.109375,0.1941083375763768
0.390625,0.125,0.18987907909654528
0.40625,0.140625,0.18560360108275534
0.421875,0.15625,0.18128294528972708
0.4375,0.171875,0.17691816437339536
0.453125,0.1875,0.17251032163810526
0.46875,0.203125,0.16806049078063026
0.484375,0.21875,0.16356975563134568
0.5,0.234375,0.15903920989280954
0.515625,0.25,0.15446995687594392
0.53125,0.265625,0.14986310923396387
0.546875,0.28125,0.14521978869416566
0.5625,0.296875,0.14054112578765748
0.578125,0.3125,0.13582825957709196
0.59375,0.328125,0.13108233738243863
0.609375,0.34375,0.12630451450482144
0.625,0.359375,0.12149595394843081
0.640625,0.375,0.11665782614051778
0.65625,0.390625,0.11179130864947365
0.671875,0.40625,0.1068975859010023
0.6875,0.421875,0.10197784889240256
0.703125,0.4375,0.09703329490498798
0.71875,0.453125,0.09206512721468631
0.734375,0.46875,0.08707455480087505
0.75,0.484375,0.08206279205352421
0.765625,0.5,0.07703105847872757
0.78125,0.515625,0.07198057840271413
0.796875,0.53125,0.06691258067443664
0.8125,0.546875,0.06182829836683694
0.828125,0.5625,0.05672896847688957
0.84375,0.578125,0.05161583162452487
0.859375,0.59375,0.04649013175053539
0.875,0.609375,0.04135311581357447
0.890625,0.625,0.036206033486370026
0.90625,0.640625,0.03105013685130204
0.921875,0.65625,0.02588668009553828
0.9375,0.671875,0.020716919205999607
0.953125,0.6875,0.015542111664547576
0.96875,0.703125,0.010363516143973003
0.984375,0.71875,0.0051823922056378376
1.0,0.734375,0.0
0.28125,0.0,0.21845629755110238
0.296875,0.015625,0.21452559365989732
0.3125,0.03125,0.2105426619650539
0.328125,0.046875,0.20650847382921864
0.34375,0.0625,0.2024240129183792
0.359375,0.078125,0.1982902749843009
0.375,0.09375,0.1941082676390914
0.390625,0.109375,0.18987901012267602
0.40625,0.125,0.18560353306415844
0.421875,0.140625,0.1812828782379783
0.4375,0.15625,0.17691809831563277
0.453125,0.171875,0.17251025661357267
0.46875,0.1875,0.1680604268377525
0.484375,0.203125,0.1635696928252025
0.5,0.21875,0.15903914828291071
0.515625,0.234375,0.15446989652423662
0.53125,0.25,0.14986305020303278
0.546875,0.265625,0.14521973104560532
0.5625,0.28125,0.14054106958061535
0.578125,0.296875,0.13582820486699407
0.59375,0.3125,0.13108228421991872
0.609375,0.328125,0.12630446293487882
0.625,0.34375,0.12149590400984382
0.640625,0.359375,0.11665777786553495
0.65625,0.375,0.11179126206379855
0.671875,0.390625,0.10689754102407935
0.6875,0.40625,0.10197780573800017
0.703125,0.421875,0.09703325348206586
0.71875,0.4375,0.09206508752852569
0.734375,0.453125,0.08707451685444445
0.75,0.46875,0.08206275584905137
0.765625,0.484375,0.07703102401944859
0.78125,0.5,0.07198054569477634
0.796875,0.515625,0.06691254972893834
0.8125,0.53125,0.06182826920199734
0.828125,0.546875,0.05672894112035404
0.84375,0.5625,0.05161580611582223
0.859375,0.578125,0.046490108143716596
0.875,0.59375,0.04135309418007313
0.890625,0.609375,0.03620601391813288
0.90625,0.625,0.03105011946424124
0.921875,0.640625,0.025886665033350617
0.9375,0.65625,0.020716906644375525
0.953125,0.671875,0.015542101815741767
0.96875,0.6875,0.010363509261611911
0.984375,0.703125,0.005182388589467931
1.0,0.71875,0.0
0.296875,0.0,0.2145255147290285
0.3125,0.015625,0.21054258472787976
0.328125,0.03125,0.20650839806218751
0.34375,0.046875,0.20242393845380408
0.359375,0.0625,0.19829020170253775
0.375,0.078125,0.19410819546078
0.390625,0.09375,0.1898789390017224
0.40625,0.109375,0.18560346298167146
0.421875,0.125,0.18128280919714151
0.4375,0.140625,0.17691803033739179
0.453125,0.15625,0.1725101897329897
0.46875,0.171875,0.16806036110088451
0.484375,0.1875,0.1635696282863808
0.5,0.203125,0.15903908500232447
0.515625,0.21875,0.1544698345657527
0.53125,0.234375,0.1498629896322026
0.546875,0.25,0.14521967192783924
0.5625,0.265625,0.140541011979519
0.578125,0.28125,0.13582814884287703
0.59375,0.296875,0.13108222982850115
0.609375,0.3125,0.12630441022622374
0.625,0.328125,0.12149585302754858
0.640625,0.34375,0.1166577286462123
0.65625,0.359375,0.11179121463686997
0.671875,0.375,0.10689749541189567
0.6875,0.390625,0.10197776195629023
0.703125,0.40625,0.09703321154070424
0.71875,0.421875,0.09206504743259704
0.734375,0.4375,0.08707447860557521
0.75,0.453125,0.08206271944697276
0.765625,0.46875,0.07703098946375506
0.78125,0.484375,0.07198051298684568
0.796875,0.5,0.06691251887398553
0.8125,0.515625,0.06182824021124436
0.828125,0.53125,0.05672891401330828
0.84375,0.546875,0.05161578092266756
0.859375,0.5625,0.04649008490783339
0.875,0.578125,0.041353072960712896
0.890625,0.59375,0.036205994793280724
0.90625,0.609375,0.031050102533700927
0.921875,0.625,0.025886650422080923
0.9375,0.640625,0.020716894506085996
0.953125,0.65625,0.015542092336714206
0.96875,0.671875,0.010363502664636174
0.984375,0.6875,0.005182385137650884
1.0,0.703125,0.0
0.3125,0.0,0.21054250468486463
0.328125,0.015625,0.20650831963310787
0.34375,0.03125,0.20242386145864552
0.359375,0.046875,0.1982901260078351
0.375,0.0625,0.19410812097368074
0.390625,0.078125,0.18987886566395992
0.40625,0.09375,0.18560339076397847
0.421875,0.109375,0.18128273809429793
0.4375,0.125,0.1769179603639204
0.453125,0.140625,0.17251012091943238
0.46875,0.15625,0.16806029349055904
0.484375,0.171875,0.1635695619325183
0.5,0.1875,0.1590390199655012
0.515625,0.203125,0.1544697709115468
0.53125,0.21875,0.14986292742903037
0.546875,0.234375,0.1452196112449434
0.5625,0.25,0.14054095288510382
0.578125,0.265625,0.13582809140240273
0.59375,0.28125,0.13108217410315903
0.609375,0.296875,0.12630435627162986
0.625,0.3125,0.12149580089269389
0.640625,0.328125,0.11665767837270767
0.65625,0.34375,0.11179116625851988
0.671875,0.359375,0.10689744895462289
0.6875,0.375,0.10197771743842161
0.703125,0.390625,0.0970331689736121
0.71875,0.40625,0.09206500682167686
0.734375,0.421875,0.0870744399515282
0.75,0.4375,0.08206268274735305
0.765625,0.453125,0.0770309547147374
0.78125,0.46875,0.0719804801851698
0.796875,0.484375,0.06691248801903879
0.8125,0.5,0.061828211307252454
0.828125,0.515625,0.05672888707161342
0.84375,0.53125,0.0516157559640876
0.859375,0.546875,0.046490061965104516
0.875,0.5625,0.041353052081030094
0.890625,0.578125,0.03620597604095621
0.90625,0.59375,0.031050085992963623
0.921875,0.609375,0.025886636200033935
0.9375,0.625,0.020716882735822062
0.953125,0.640625,0.015542083180554491
0.96875,0.65625,0.010363496317396524
0.984375,0.671875,0.005182381829739861
1.0,0.6875,0.0
0.328125,0.0,0.20650823851016745
0.34375,0.015625,0.2024237818885224
0.359375,0.03125,0.19829004784761065
0.375,0.046875,0.194108044119781
0.390625,0.0625,0.18987879004757857
0.40625,0.078125,0.18560331634632618
0.421875,0.09375,0.18128266486208972
0.4375,0.109375,0.1769178883252709
0.453125,0.125,0.17251005010018722
0.46875,0.140625,0.16806022393102582
0.484375,0.15625,0.16356949368453141
0.5,0.171875,0.15903895308975102
0.515625,0.1875,0.15446970547511316
0.53125,0.203125,0.14986286350307515
0.546875,0.21875,0.1452195489025352
0.5625,0.234375,0.14054089219916635
0.578125,0.25,0.13582803244379862
0.59375,0.265625,0.13108211693893487
0.609375,0.28125,0.12630430096346015
0.625,0.296875,0.12149574749557239
0.640625,0.3125,0.11665762693393222
0.65625,0.328125,0.11179111681701635
0.671875,0.34375,0.1068974015406411
0.6875,0.359375,0.10197767207362456
0.703125,0.375,0.0970331256715602
0.71875,0.390625,0.09206496558869275
0.734375,0.40625,0.0870744007879109
0.75,0.421875,0.08206264564889736
0.765625,0.4375,0.07703091967450813
0.78125,0.453125,0.07198044719547614
0.796875,0.46875,0.06691245707355915
0.8125,0.484375,0.061828182403265604
0.828125,0.5,0.05672886021230477
0.84375,0.515625,0.0516157311609088
0.859375,0.53125,0.04649003924017906
0.875,0.546875,0.04135303146960716
0.890625,0.5625,0.03620595759392305
0.90625,0.578125,0.03105006977942972
0.921875,0.59375,0.025886622309996304
0.9375,0.609375,0.020716871282907647
0.953125,0.625,0.015542074304806777
0.96875,0.640625,0.010363490188026047
0.984375,0.65625,0.005182378647680735
1.0,0.671875,0.0
0.34375,0.0,0.20242369971613322
0.359375,0.015625,0.198289967183068
0.375,0.03125,0.19410796485224796
0.390625,0.046875,0.18987871209994253
0.40625,0.0625,0.1856032396716136
0.421875,0.078125,0.1812825894396616
0.4375,0.09375,0.17691781415711952
0.453125,0.109375,0.1725099772074756
0.46875,0.125,0.1680601523509039
0.484375,0.140625,0.1635694234672114
0.5,0.15625,0.1590388842957975
0.515625,0.171875,0.15446963817290166
0.53125,0.1875,0.14986279776637965
0.546875,0.203125,0.14521948480821817
0.5625,0.21875,0.14054082982496346
0.578125,0.234375,0.13582797186620527
0.59375,0.25,0.13108205823122515
0.609375,0.265625,0.12630424419387853
0.625,0.28125,0.12149569272575096
0.640625,0.296875,0.11665757421759357
0.65625,0.3125,0.11179106619901658
0.671875,0.328125,0.10689735305640251
0.6875,0.34375,0.10197762574899022
0.703125,0.359375,0.09703308152308439
0.71875,0.375,0.09206492362436065
0.734375,0.390625,0.08707436100825869
0.75,0.40625,0.08206260804848789
0.765625,0.421875,0.0770308842437039
0.78125,0.4375,0.07198041392244667
0.796875,0.453125,0.06691242594645927
0.8125,0.46875,0.06182815341252807
0.828125,0.484375,0.0567288333530001
0.84375,0.5,0.05161570643513925
0.859375,0.515625,0.04649001665948608
0.875,0.53125,0.041353011057383905
0.890625,0.546875,0.03620593938783342
0.90625,0.5625,0.031050053833839283
0.921875,0.578125,0.02588660869841945
0.9375,0.59375,0.020716860100464415
0.953125,0.609375,0.015542065670661428
0.96875,0.625,0.010363484247740565
0.984375,0.640625,0.005182375575357398
1.0,0.65625,0.0
0.359375,0.0,0.19828988399041372
0.375,0.015625,0.19410788313666258
0.390625,0.03125,0.18987863177874661
0.40625,0.046875,0.1856031606914377
0.421875,0.0625,0.18128251177359073
0.4375,0.078125,0.1769177378015941
0.453125,0.09375,0.17250990217919615
0.46875,0.109375,0.1680600786838575
0.484375,0.125,0.16356935120985047
0.5,0.140625,0.1590388135083653
0.515625,0.15625,0.15446956892487462
0.53125,0.171875,0.14986273013399748
0.546875,0.1875,0.1452194188720783
0.5625,0.203125,0.14054076566767063
0.578125,0.21875,0.13582790957008548
0.59375,0.234375,0.1310819978761301
0.609375,0.25,0.12630418585512673
0.625,0.265625,0.12149563647226405
0.640625,0.28125,0.116657520110296
0.65625,0.296875,0.11179101428956964
0.671875,0.3125,0.10689730338633553
0.6875,0.328125,0.10197757834927902
0.703125,0.34375,0.09703303641420616
0.71875,0.359375,0.09206488081682838
0.734375,0.375,0.08707432050361519
0.75,0.390625,0.08206256984071367
0.765625,0.40625,0.07703084832097716
0.78125,0.421875,0.07198038026918202
0.796875,0.4375,0.06691239454554912
0.8125,0.453125,0.061828124247714895
0.828125,0.46875,0.05672880641131734
0.84375,0.484375,0.0516156817093726
0.859375,0.5,0.04648999415062145
0.875,0.515625,0.041352990777023035
0.890625,0.53125,0.03620592136056894
0.90625,0.546875,0.031050038099588607
0.921875,0.5625,0.025886595314717643
0.9375,0.578125,0.020716849144709525
0.953125,0.59375,0.015542057242288704
0.96875,0.609375,0.010363478470272561
0.984375,0.625,0.00518237259823026
1.0,0.640625,0.0
0.375,0.0,0.19410779895197208
0.390625,0.015625,0.18987854905300477
0.40625,0.03125,0.18560307936704332
0.421875,0.046875,0.18128243181876916
0.4375,0.0625,0.17691765920808147
0.453125,0.078125,0.17250982495966666
0.46875,0.09375,0.16806000286928283
0.484375,0.109375,0.16356927684688638
0.5,0.125,0.1590387406567933
0.515625,0.140625,0.15446949765509568
0.53125,0.15625,0.14986266052456065
0.546875,0.171875,0.1452193510072263
0.5625,0.1875,0.1405406996348947
0.578125,0.203125,0.13582784545769622
0.59375,0.21875,0.13108193577087038
0.609375,0.234375,0.12630412583987233
0.625,0.25,0.12149557862387711
0.640625,0.265625,0.11665746449770785
0.65625,0.28125,0.11179096097217793
0.671875,0.296875,0.10689725241279681
0.6875,0.3125,0.1019775297567658
0.703125,0.328125,0.09703299022817696
0.71875,0.34375,0.09206483705133092
0.734375,0.359375,0.08707427916211219
0.75,0.375,0.08206253091739191
0.765625,0.390625,0.07703081180247452
0.78125,0.40625,0.07198034613665107
0.796875,0.421875,0.06691236277696747
0.8125,0.4375,0.06182809482035442
0.828125,0.453125,0.056728779304292466
0.84375,0.46875,0.05161565690620258
0.859375,0.484375,0.0464899716417586
0.875,0.5,0.0413529705623149
0.890625,0.515625,0.036205903451637524
0.90625,0.53125,0.0310500225221194
0.921875,0.546875,0.02588658211065564
0.9375,0.5625,0.020716838374356148
0.953125,0.578125,0.015542048986281531
0.96875,0.59375,0.010363472831406715
0.984375,0.609375,0.005182369703044696
1.0,0.625,0.0
0.390625,0.0,0.18987846390380833
0.40625,0.015625,0.18560299567012797
0.421875,0.03125,0.18128234953919678
0.4375,0.046875,0.17691757833398622
0.453125,0.0625,0.1725097455003388
0.46875,0.078125,0.1680599248529853
0.484375,0.09375,0.16356920031854993
0.5,0.109375,0.15903866567566105
0.515625,0.125,0.15446942429234145
0.53125,0.140625,0.14986258886087883
0.546875,0.15625,0.14521928113038396
0.5625,0.171875,0.1405406316372392
0.578125,0.1875,0.13582777943362287
0.59375,0.203125,0.13108187181427478
0.609375,0.21875,0.12630406404163189
0.625,0.234375,0.12149551906942802
0.640625,0.25,0.11665740726480403
0.65625,0.265625,0.11179090612892857
0.671875,0.28125,0.10689720001608363
0.6875,0.296875,0.10197747985113115
0.703125,0.3125,0.0970329428452547
0.71875,0.328125,0.09206479220986251
0.734375,0.34375,0.08707423686855358
0.75,0.359375,0.08206249116708167
0.765625,0.375,0.07703077458129938
0.78125,0.390625,0.07198031142312042
0.796875,0.40625,0.06691233054459392
0.8125,0.421875,0.06182806504023434
0.828125,0.4375,0.056728751947787544
0.84375,0.453125,0.05161563194763789
0.859375,0.46875,0.04648994906107116
0.875,0.484375,0.041352950347607546
0.890625,0.5,0.036205885601609956
0.90625,0.515625,0.03105000704836272
0.921875,0.53125,0.025886569039804495
0.9375,0.546875,0.02071682775009325
0.953125,0.5625,0.015542040871182172
0.96875,0.578125,0.010363467308593048
0.984375,0.59375,0.005182366877592483
1.0,0.609375,0.0
0.40625,0.0,0.18560290958345468
0.421875,0.015625,0.1812822649086491
0.4375,0.03125,0.17691749514540592
0.453125,0.046875,0.172509663760464
0.46875,0.0625,0.1680598445878286
0.484375,0.078125,0.16356912157149955
0.5,0.09375,0.1590385885054145
0.515625,0.109375,0.15446934877072369
0.53125,0.125,0.14986251507056142
0.546875,0.140625,0.14521920916250441
0.5625,0.15625,0.14054056158891645
0.578125,0.171875,0.13582771140537137
0.59375,0.1875,0.13108180590733748
0.609375,0.203125,0.12630400035527298
0.625,0.21875,0.1214954576982526
0.640625,0.234375,0.11665734829619402
0.65625,0.25,0.11179084964070582
0.671875,0.265625,0.10689714607451811
0.6875,0.28125,0.10197742850941206
0.703125,0.296875,0.09703289414252274
0.71875,0.3125,0.09206474617087428
0.734375,0.328125,0.08707419350400748
0.75,0.34375,0.08206245047459136
0.765625,0.359375,0.07703073654695733
0.78125,0.375,0.07198027602356
0.796875,0.390625,0.06691229774943416
0.8125,0.40625,0.06182803481478284
0.828125,0.421875,0.05672872425587976
0.84375,0.4375,0.05161560675450588
0.859375,0.453125,0.0464899263361555
0.875,0.46875,0.04135293006724917
0.890625,0.484375,0.036205867751582285
0.90625,0.5,0.03104999162622186
0.921875,0.515625,0.025886556057048385
0.9375,0.53125,0.020716817234125547
0.953125,0.546875,0.015542032867073277
0.96875,0.5625,0.010363461880619493
0.984375,0.578125,0.005182364110513574
1.0,0.59375,0.0
0.421875,0.0,0.18128217791118154
0.4375,0.015625,0.17691740961769564
0.453125,0.03125,0.1725095797076821
0.46875,0.046875,0.1680597620343326
0.484375,0.0625,0.1635690405594243
0.5,0.078125,0.15903850909297548
0.515625,0.09375,0.15446927103030877
0.53125,0.109375,0.1498624390866493
0.546875,0.125,0.14521913502941577
0.5625,0.140625,0.14054048940839822
0.578125,0.15625,0.13582764128401492
0.59375,0.171875,0.1310817379538432
0.609375,0.1875,0.12630393467759768
0.625,0.203125,0.12149539440070016
0.640625,0.21875,0.11665728747654443
0.65625,0.234375,0.11179079138749635
0.671875,0.25,0.10689709046461723
0.6875,0.265625,0.10197737560602518
0.703125,0.28125,0.09703284399376436
0.71875,0.296875,0.09206469880900742
0.734375,0.3125,0.08707414894541435
0.75,0.328125,0.08206240872048387
0.765625,0.34375,0.07703069758478429
0.78125,0.359375,0.07198023982902067
0.796875,0.375,0.06691226428897233
0.8125,0.390625,0.06182800404841644
0.828125,0.40625,0.056728696140220566
0.84375,0.421875,0.051615581245834666
0.859375,0.4375,0.046489903393441556
0.875,0.453125,0.04135290965503056
0.890625,0.46875,0.036205849842650635
0.90625,0.484375,0.03104997620408013
0.921875,0.5,0.025886543118127874
0.9375,0.515625,0.02071680678975826
0.953125,0.53125,0.015542024945217607
0.96875,0.546875,0.010363456527329857
0.984375,0.5625,0.005182361391128696
1.0,0.578125,0.0
0.4375,0.0,0.17691732173589245
0.453125,0.015625,0.17250949331850943
0.46875,0.03125,0.16805967716119916
0.484375,0.046875,0.1635689572435964
0.5,0.0625,0.15903842739231733
0.515625,0.078125,0.1544691910177191
0.53125,0.09375,0.14986236084824325
0.546875,0.109375,0.14521905866247634
0.5625,0.125,0.14054041501909398
0.578125,0.140625,0.13582756898488546
0.59375,0.15625,0.13108166786105604
0.609375,0.171875,0.12630386690800402
0.625,0.1875,0.12149532906874264
0.640625,0.203125,0.1166572246911037
0.65625,0.21875,0.11179073124880053
0.671875,0.234375,0.10689703306136313
0.6875,0.25,0.10197732101287925
0.703125,0.265625,0.09703279226940861
0.71875,0.28125,0.09206464999487603
0.734375,0.296875,0.08707410306522086
0.75,0.3125,0.08206236578058475
0.765625,0.328125,0.07703065757535829
0.78125,0.34375,0.07198020272598153
0.796875,0.359375,0.06691223005648372
0.8125,0.375,0.061827972641845336
0.828125,0.390625,0.056728667509355
0.84375,0.40625,0.05161555533820113
0.859375,0.421875,0.04648988015757962
0.875,0.4375,0.04135288904361525
0.890625,0.453125,0.036205831815386204
0.90625,0.46875,0.03104996073032097
0.921875,0.484375,0.025886530179205947
0.9375,0.5,0.020716796381013536
0.953125,0.515625,0.015542017077733832
0.96875,0.53125,0.010363451229376071
0.984375,0.546875,0.005182358709295431
1.0,0.5625,0.0
0.453125,0.0,0.17250940457870442
0.46875,0.015625,0.16805958994574596
0.484375,0.03125,0.16356887159335418
0.5,0.046875,0.15903834336499123
0.515625,0.0625,0.15446910868669841
0.53125,0.078125,0.14986228030111254
0.546875,0.09375,0.14521897999922703
0.5625,0.109375,0.14054033835004429
0.578125,0.125,0.13582749442829958
0.59375,0.140625,0.13108159554046292
0.609375,0.15625,0.12630379694922608
0.625,0.171875,0.12149526159667794
0.640625,0.1875,0.11665715982633605
0.65625,0.203125,0.11179066910415965
0.671875,0.21875,0.10689697373859129
0.6875,0.234375,0.10197726459959483
0.703125,0.25,0.09703273883656689
0.71875,0.265625,0.09206459959491664
0.734375,0.28125,0.08707405573105342
0.75,0.296875,0.08206232152550312
0.765625,0.3125,0.07703061639389927
0.78125,0.328125,0.07198016459566496
0.796875,0.34375,0.0669121949403027
0.8125,0.359375,0.06182794049132724
0.828125,0.375,0.056728638267989365
0.84375,0.390625,0.05161552894503312
0.859375,0.40625,0.04648985655079008
0.875,0.421875,0.04135286816394411
0.890625,0.4375,0.036205813609297595
0.90625,0.453125,0.031049945152847962
0.921875,0.46875,0.025886517196445677
0.9375,0.484375,0.020716785972267063
0.953125,0.5,0.015542009237297795
0.96875,0.515625,0.01036344596799572
0.984375,0.53125,0.005182356055281985
1.0,0.546875,0.0
0.46875,0.0,0.16805950037423006
0.484375,0.015625,0.16356878358649873
0.5,0.03125,0.1590382569805829
0.515625,0.046875,0.15446902399862852
0.53125,0.0625,0.1498621973982682
0.546875,0.078125,0.14521889898402462
0.5625,0.09375,0.14054025933661266
0.578125,0.109375,0.13582741754030492
0.59375,0.125,0.13108152090856082
0.609375,0.140625,0.12630372470814016
0.625,0.15625,0.12149519188192646
0.640625,0.171875,0.11665709277066895
0.65625,0.1875,0.11179060483381137
0.671875,0.203125,0.10689691236951017
0.6875,0.21875,0.10197720623385265
0.703125,0.234375,0.09703268355918168
0.71875,0.25,0.09206454747132636
0.734375,0.265625,0.08707400680545022
0.75,0.28125,0.08206227582017796
0.765625,0.296875,0.07703057390966374
0.78125,0.3125,0.071980125313321
0.796875,0.328125,0.0669121588230406
0.8125,0.34375,0.061827907487860864
0.828125,0.359375,0.05672860831619548
0.84375,0.375,0.05161550197585179
0.859375,0.390625,0.04648983249216222
0.875,0.40625,0.04135284694460103
0.890625,0.421875,0.03620579516226739
0.90625,0.4375,0.031049929418592758
0.921875,0.453125,0.025886504125587816
0.9375,0.46875,0.02071677552789461
0.953125,0.484375,0.01554200139685996
0.96875,0.5,0.010363440724807443
0.984375,0.515625,0.005182353419654022
1.0,0.53125,0.0
0.484375,0.0,0.16356869320958903
0.5,0.015625,0.1590381682170875
0.515625,0.03125,0.15446893692297584
0.53125,0.046875,0.14986211210048414
0.546875,0.0625,0.14521881556863772
0.5625,0.078125,0.14054017792116036
0.578125,0.09375,0.13582733825342952
0.59375,0.109375,0.13108144388767284
0.609375,0.125,0.12630365009662783
0.625,0.140625,0.12149511982591261
0.640625,0.15625,0.1166570234153524
0.65625,0.171875,0.11179053831947926
0.671875,0.1875,0.10689684882736962
0.6875,0.203125,0.10197714578189088
0.703125,0.21875,0.09703262629831377
0.71875,0.234375,0.09206449348211554
0.734375,0.25,0.08707395614567488
0.75,0.265625,0.0820622285234686
0.765625,0.28125,0.07703052998534521
0.78125,0.296875,0.07198008474748417
0.796875,0.3125,0.06691212158075063
0.8125,0.328125,0.06182787351630984
0.828125,0.34375,0.05672857754853877
0.84375,0.359375,0.05161547433543921
0.859375,0.375,0.04648980789688628
0.875,0.390625,0.04135282531112419
0.890625,0.40625,0.036205776409949
0.90625,0.421875,0.031049913472997875
0.921875,0.4375,0.025886490921517107
0.9375,0.453125,0.020716765011918502
0.953125,0.46875,0.015541993529370858
0.96875,0.484375,0.01036343548161763
0.984375,0.5,0.005182350793170675
1.0,0.515625,0.0
0.5,0.0,0.1590380770611875
0.515625,0.015625,0.15446884743765693
0.53125,0.03125,0.1498620243767495
0.546875,0.046875,0.14521872971279007
0.5625,0.0625,0.14054009405368267
0.578125,0.078125,0.13582725650741564
0.59375,0.09375,0.13108136440677426
0.609375,0.109375,0.1263035730324809
0.625,0.125,0.12149504533502055
0.640625,0.140625,0.1166569516554271
0.65625,0.15625,0.11179046944530144
0.671875,0.171875,0.10689678298628986
0.6875,0.1875,0.1019770831091733
0.703125,0.203125,0.09703256691259501
0.71875,0.21875,0.09206443748130565
0.734375,0.234375,0.08707390360364177
0.75,0.25,0.08206217948781427
0.765625,0.265625,0.07703048447649873
0.78125,0.28125,0.0719800427592115
0.796875,0.296875,0.06691208308203922
0.8125,0.3125,0.06182783845444923
0.828125,0.328125,0.056728545853116506
0.84375,0.34375,0.051615445922914734
0.859375,0.359375,0.04648978267540124
0.875,0.375,0.0413528031852457
0.890625,0.390625,0.036205757285107776
0.90625,0.40625,0.03104989725946065
0.921875,0.421875,0.025886477537805187
0.9375,0.4375,0.02071675438764434
0.953125,0.453125,0.015541985607506447
0.96875,0.46875,0.010363430220232709
0.984375,0.484375,0.0051823481666863815
1.0,0.5,0.0
0.515625,0.0,0.15446875552931047
0.53125,0.015625,0.1498619342046373
0.546875,0.03125,0.14521864138463167
0.5625,0.046875,0.14054000769239144
0.578125,0.0625,0.1358271722499168
0.59375,0.078125,0.1310812824023061
0.609375,0.09375,0.12630349344032463
0.625,0.109375,0.12149496832160672
0.640625,0.125,0.11665687739078966
0.65625,0.140625,0.11179039809889542
0.671875,0.15625,0.10689671472226027
0.6875,0.171875,0.10197701808124841
0.703125,0.1875,0.09703250525887641
0.71875,0.203125,0.09206437931930811
0.734375,0.21875,0.08707384902598947
0.75,0.234375,0.08206212855899563
0.765625,0.25,0.07703043723101335
0.78125,0.265625,0.07197999920131584
0.796875,0.28125,0.06691204318712693
0.8125,0.296875,0.06182780217192799
0.828125,0.3125,0.05672851311049248
0.84375,0.328125,0.0516154166307015
0.859375,0.34375,0.046489756732438006
0.875,0.359375,0.041352780484039876
0.890625,0.375,0.03620573771688836
0.90625,0.390625,0.031049880718722524
0.921875,0.40625,0.025886463926217667
0.9375,0.421875,0.02071674361727731
0.953125,0.4375,0.01554197760338566
0.96875,0.453125,0.010363424922271382
0.984375,0.46875,0.005182345531055597
1.0,0.484375,0.0
0.53125,0.0,0.14986184157057833
0.546875,0.015625,0.1452185505611241
0.5625,0.03125,0.1405399188042203
0.578125,0.046875,0.13582708543713626
0.59375,0.0625,0.13108119781895428
0.609375,0.078125,0.12630341125253633
0.625,0.09375,0.12149488870504643
0.640625,0.109375,0.11665680052733644
0.65625,0.125,0.11179032417255037
0.671875,0.140625,0.1068966439143101
0.6875,0.15625,0.10197695056481579
0.703125,0.171875,0.09703244119310125
0.71875,0.1875,0.09206431884352316
0.734375,0.203125,0.08707379225434647
0.75,0.21875,0.08206207557603983
0.765625,0.234375,0.0770303880886679
0.78125,0.25,0.07197995391761738
0.796875,0.265625,0.0669120017468686
0.8125,0.28125,0.06182776452914406
0.828125,0.296875,0.056728479192514614
0.84375,0.3125,0.051615386343363434
0.859375,0.328125,0.046489729965934874
0.875,0.34375,0.04135275711895672
0.890625,0.359375,0.03620571762998692
0.90625,0.375,0.03104986378818559
0.921875,0.390625,0.025886450036169916
0.9375,0.40625,0.020716732661506993
0.953125,0.421875,0.015541969488271565
0.96875,0.4375,0.010363419568971388
0.984375,0.453125,0.005182342877037485
1.0,0.46875,0.0
0.546875,0.0,0.145218457228326
0.5625,0.015625,0.14053982736523965
0.578125,0.03125,0.13582699603438533
0.59375,0.046875,0.1310811106103662
0.609375,0.0625,0.12630332641013076
0.625,0.078125,0.1214948064127846
0.640625,0.09375,0.11665672097816125
0.65625,0.109375,0.11179024756452804
0.671875,0.125,0.106896570445846
0.6875,0.140625,0.10197688042900868
0.703125,0.15625,0.09703237457142865
0.71875,0.171875,0.09206425589919962
0.734375,0.1875,0.08707373312583894
0.75,0.203125,0.08206202037132246
0.765625,0.21875,0.07703033688081534
0.78125,0.234375,0.07197990674224695
0.796875,0.25,0.06691195860174969
0.8125,0.265625,0.0618277253760335
0.828125,0.28125,0.05672844396100285
0.84375,0.296875,0.051615354936290256
0.859375,0.3125,0.04648970226579854
0.875,0.328125,0.041352732994713225
0.890625,0.34375,0.03620569694370271
0.90625,0.359375,0.031049846401134406
0.921875,0.375,0.025886435814114733
0.9375,0.390625,0.020716721479047417
0.953125,0.40625,0.015541961232247268
0.96875,0.421875,0.010363414140984855
0.984375,0.4375,0.005182340195197775
1.0,0.453125,0.0
0.5625,0.0,0.14053973336096398
0.578125,0.015625,0.13582690401654163
0.59375,0.03125,0.13108102073978098
0.609375,0.046875,0.1263032388635805
0.625,0.0625,0.12149472138135785
0.640625,0.078125,0.11665663866477208
0.65625,0.09375,0.11179016818044475
0.671875,0.109375,0.1068964942061381
0.6875,0.125,0.10197680754689323
0.703125,0.140625,0.09703230525162829
0.71875,0.15625,0.09206419033059618
0.734375,0.171875,0.08707367147389762
0.75,0.1875,0.08206196277092853
0.765625,0.203125,0.07703028343025739
0.78125,0.21875,0.07197985749904963
0.796875,0.234375,0.06691191358088959
0.8125,0.25,0.06182768455078262
0.828125,0.265625,0.05672840726629847
0.84375,0.28125,0.05161532227420802
0.859375,0.296875,0.04648967351248007
0.875,0.3125,0.04135270800800947
0.890625,0.328125,0.03620567557083824
0.90625,0.34375,0.031049828485836883
0.921875,0.359375,0.025886421202840383
0.9375,0.375,0.02071671002611676
0.953125,0.390625,0.015541952803855626
0.96875,0.40625,0.010363408618155856
0.984375,0.421875,0.0051823374758047614
1.0,0.4375,0.0
0.578125,0.0,0.13582680936838962
0.59375,0.015625,0.13108092818054862
0.609375,0.03125,0.12630314857354222
0.625,0.046875,0.12149463355735055
0.640625,0.0625,0.11665655351828724
0.65625,0.078125,0.11179008593469457
0.671875,0.09375,0.10689641509192474
0.6875,0.109375,0.1019767317971698
0.703125,0.125,0.09703223309475521
0.71875,0.140625,0.0920641219824787
0.734375,0.15625,0.08707360712942087
0.75,0.171875,0.08206190259534732
0.765625,0.1875,0.07703022755138521
0.78125,0.203125,0.07197980600115522
0.796875,0.21875,0.06691186650109729
0.8125,0.234375,0.061827641878484454
0.828125,0.25,0.05672836894567095
0.84375,0.265625,0.05161528820949236
0.859375,0.28125,0.04648964357533111
0.875,0.296875,0.041352682046030535
0.890625,0.3125,0.03620565341641002
0.90625,0.328125,0.031049809964491276
0.921875,0.34375,0.02588640614065372
0.9375,0.359375,0.02071669825583796
0.953125,0.375,0.015541944169690262
0.96875,0.390625,0.01036340297927268
0.984375,0.40625,0.00518233470871614
1.0,0.421875,0.0
0.59375,0.0,0.13108083291651745
0.609375,0.015625,0.1263030555114576
0.625,0.03125,0.12149454289824554
0.640625,0.046875,0.11665646548056476
0.65625,0.0625,0.11179000075186524
0.671875,0.078125,0.10689633300909099
0.6875,0.09375,0.10197665306604539
0.703125,0.109375,0.09703215796709695
0.71875,0.125,0.09206405070197754
0.734375,0.140625,0.08707353992235108
0.75,0.15625,0.08206183966058177
0.765625,0.171875,0.0770301690506805
0.78125,0.1875,0.0719797520508047
0.796875,0.203125,0.06691181716604934
0.8125,0.21875,0.061827597169778564
0.828125,0.234375,0.0567283288215896
0.84375,0.25,0.05161525258026364
0.859375,0.265625,0.046489612310701874
0.875,0.28125,0.041352654984687334
0.890625,0.296875,0.03620563037612358
0.90625,0.3125,0.031049790751978636
0.921875,0.328125,0.025886390560415137
0.9375,0.34375,0.02071668611753647
0.953125,0.359375,0.015541935293922308
0.96875,0.375,0.010363397201785765
0.984375,0.390625,0.005182331883252791
1.0,0.40625,0.0
0.609375,0.0,0.12630295966000324
0.625,0.015625,0.12149444937313295
0.640625,0.03125,0.11665637450521535
0.65625,0.046875,0.11178991256808904
0.671875,0.0625,0.1068962478743613
0.6875,0.078125,0.10197657124922622
0.703125,0.09375,0.09703207974236407
0.71875,0.109375,0.09206397634080912
0.734375,0.125,0.08707346968370883
0.75,0.140625,0.0820617737797571
0.765625,0.15625,0.07703010772768633
0.78125,0.171875,0.07197969543954773
0.796875,0.1875,0.06691176536568676
0.8125,0.203125,0.06182755021953803
0.828125,0.21875,0.05672828669988302
0.84375,0.234375,0.05161521520825064
0.859375,0.25,0.04648957955973929
0.875,0.265625,0.041352626686541
0.890625,0.28125,0.036205606334554614
0.90625,0.296875,0.031049770754368745
0.921875,0.3125,0.025886374388384783
0.9375,0.328125,0.020716673555905188
0.953125,0.34375,0.015541926137743202
0.96875,0.359375,0.010363391261480323
0.984375,0.375,0.005182328988054853
1.0,0.390625,0.0
0.625,0.0,0.12149435296324322
0.640625,0.015625,0.11665628055845209
0.65625,0.03125,0.11178982133226638
0.671875,0.046875,0.10689615961693437
0.6875,0.0625,0.10197648625395889
0.703125,0.078125,0.0970319983040681
0.71875,0.09375,0.09206389875784023
0.734375,0.109375,0.08707339624811145
0.75,0.125,0.08206170476530665
0.765625,0.140625,0.07703004337657003
0.78125,0.15625,0.07197963594895321
0.796875,0.171875,0.0669117108759665
0.8125,0.1875,0.06182750080570344
0.828125,0.203125,0.056728242367836273
0.84375,0.21875,0.05161517589642056
0.859375,0.234375,0.046489545145844226
0.875,0.25,0.04135259699834604
0.890625,0.265625,0.03620558116296521
0.90625,0.28125,0.03104974986711385
0.921875,0.296875,0.02588635754282573
0.9375,0.3125,0.020716660509997743
0.953125,0.328125,0.015541916658698404
0.96875,0.34375,0.010363385132089476
0.984375,0.359375,0.005182326010914331
1.0,0.375,0.0
0.640625,0.0,0.11665618361973251
0.65625,0.015625,0.1117897270070993
0.671875,0.03125,0.10689606817997914
0.6875,0.046875,0.10197639800102926
0.703125,0.0625,0.09703191354800125
0.71875,0.078125,0.09206381782193573
0.734375,0.09375,0.08707331945676773
0.75,0.109375,0.0820616324317937
0.765625,0.125,0.0770299757884012
0.78125,0.140625,0.07197957335200204
0.796875,0.15625,0.06691165345914347
0.8125,0.171875,0.06182744868841085
0.828125,0.1875,0.05672819559231479
0.84375,0.203125,0.05161513442639782
0.859375,0.21875,0.04648950887175129
0.875,0.234375,0.04135256574813834
0.890625,0.25,0.03620555471666637
0.90625,0.265625,0.03104972797284549
0.921875,0.28125,0.02588633993229514
0.9375,0.296875,0.020716646911999252
0.953125,0.3125,0.015541906809879076
0.96875,0.328125,0.010363378784829829
0.984375,0.34375,0.005182322938576885
1.0,0.359375,0.0
0.65625,0.0,0.11178962956987729
0.671875,0.015625,0.10689597352190972
0.6875,0.03125,0.10197630642661401
0.703125,0.046875,0.09703182538470427
0.71875,0.0625,0.0920637334149912
0.734375,0.078125,0.0870732391608953
0.75,0.09375,0.08206155659939011
0.765625,0.109375,0.07702990475425488
0.78125,0.125,0.07197950741534698
0.796875,0.140625,0.06691159286480658
0.8125,0.15625,0.06182739360962204
0.828125,0.171875,0.056728146118061394
0.84375,0.1875,0.05161509055573171
0.859375,0.203125,0.04648947051620896
0.875,0.21875,0.041352532741787094
0.890625,0.234375,0.03620552683181846
0.90625,0.25,0.031049704938665622
0.921875,0.265625,0.025886321453531216
0.9375,0.28125,0.020716632685706927
0.953125,0.296875,0.015541896538928113
0.96875,0.3125,0.010363372187835423
0.984375,0.328125,0.005182319756503264
1.0,0.34375,0.0
0.671875,0.0,0.10689587561736126
0.6875,0.015625,0.10197621148387372
0.703125,0.03125,0.09703173374178392
0.71875,0.046875,0.09206364543500656
0.734375,0.0625,0.08707315522544816
0.75,0.078125,0.08206147709797461
0.765625,0.09375,0.07702983006921135
0.78125,0.109375,0.07197943790262558
0.796875,0.125,0.06691152883193505
0.8125,0.140625,0.06182733529353824
0.828125,0.15625,0.05672809366639299
0.84375,0.171875,0.05161504401513647
0.859375,0.1875,0.046489429830268963
0.875,0.203125,0.04135249775892875
0.890625,0.21875,0.03620549732153815
0.90625,0.234375,0.031049680612791643
0.921875,0.25,0.02588630198881404
0.9375,0.265625,0.020716617744629726
0.953125,0.28125,0.015541885786801648
0.96875,0.296875,0.010363365305458125
0.984375,0.3125,0.0051823164485777715
1.0,0.328125,0.0
0.6875,0.0,0.10197611314418176
0.703125,0.015625,0.09703163856592976
0.71875,0.03125,0.09206355379901925
0.734375,0.046875,0.08707306753297682
0.75,0.0625,0.08206139377173188
0.765625,0.078125,0.07702975153725226
0.78125,0.09375,0.07197936457897985
0.796875,0.109375,0.0669114610922664
0.8125,0.125,0.06182727344815952
0.828125,0.140625,0.05672803793463001
0.84375,0.15625,0.05161499450592171
0.859375,0.171875,0.046489386533250986
0.875,0.1875,0.04135246054821261
0.890625,0.203125,0.03620546597115721
0.90625,0.21875,0.03104965482037404
0.921875,0.234375,0.025886281402636917
0.9375,0.25,0.020716601989582962
0.953125,0.265625,0.015541874486205653
0.96875,0.28125,0.010363358097390774
0.984375,0.296875,0.005182312996746784
1.0,0.3125,0.0
0.703125,0.0,0.09703153982448393
0.71875,0.015625,0.0920634584456911
0.734375,0.03125,0.08707297598738235
0.75,0.046875,0.0820613064840379
0.765625,0.0625,0.07702966897694527
0.78125,0.078125,0.0719792872168569
0.796875,0.09375,0.06691138937525991
0.8125,0.109375,0.06182720776842474
0.828125,0.125,0.05672797859672347
0.84375,0.140625,0.051614941697972636
0.859375,0.15625,0.04648934030854891
0.875,0.171875,0.041352420821825296
0.890625,0.1875,0.03620543253245878
0.90625,0.203125,0.031049627358255113
0.921875,0.21875,0.025886259537467624
0.9375,0.234375,0.02071658530560729
0.953125,0.25,0.015541862559595783
0.96875,0.265625,0.010363350517552746
0.984375,0.28125,0.0051823093805640754
1.0,0.296875,0.0
0.71875,0.0,0.09206335933734298
0.734375,0.015625,0.08707288051727946
0.75,0.03125,0.08206121512231715
0.765625,0.046875,0.07702958222766758
0.78125,0.0625,0.07197920560302748
0.796875,0.078125,0.06691131341486461
0.8125,0.09375,0.061827137941407324
0.828125,0.109375,0.056727915305691275
0.84375,0.125,0.05161488522883328
0.859375,0.140625,0.04648929079960875
0.875,0.15625,0.041352378249342604
0.890625,0.171875,0.036205396716713446
0.90625,0.1875,0.031049597988375824
0.921875,0.203125,0.025886236208301085
0.9375,0.21875,0.02071656755797326
0.953125,0.234375,0.015541849916583233
0.96875,0.25,0.010363342512653063
0.984375,0.265625,0.005182305576610576
1.0,0.28125,0.0
0.734375,0.0,0.08707278107867426
0.75,0.015625,0.08206111960247703
0.765625,0.03125,0.07702949115596017
0.78125,0.046875,0.07197911954655488
0.796875,0.0625,0.06691123295813703
0.8125,0.078125,0.06182706365400463
0.828125,0.09375,0.056727847698606684
0.84375,0.109375,0.051614824704695375
0.859375,0.125,0.04648923760666574
0.875,0.140625,0.04135233245112023
0.890625,0.15625,0.03620535818636768
0.90625,0.171875,0.03104956642947148
0.921875,0.1875,0.025886211195597853
0.9375,0.203125,0.020716548586934603
0.953125,0.21875,0.015541836450520694
0.96875,0.234375,0.010363334020309435
0.984375,0.25,0.005182301557742613
1.0,0.265625,0.0
0.75,0.0,0.08206101987249045
0.765625,0.015625,0.07702939566146082
0.78125,0.03125,0.07197902888719569
0.796875,0.046875,0.0669111477754717
0.8125,0.0625,0.06182698460338952
0.828125,0.078125,0.056727775404939326
0.84375,0.09375,0.051614759704378156
0.859375,0.109375,0.04648918028520008
0.875,0.125,0.04135228299172468
0.890625,0.140625,0.03620531654534702
0.90625,0.15625,0.03104953234663724
0.921875,0.171875,0.02588618423606013
0.9375,0.1875,0.020716528200748326
0.953125,0.203125,0.015541822033939274
0.96875,0.21875,0.010363324966545637
0.984375,0.234375,0.005182297292102266
1.0,0.25,0.0
0.765625,0.0,0.0770292956817844
0.78125,0.015625,0.07197893350346224
0.796875,0.03125,0.06691105767181725
0.8125,0.046875,0.061826900510126945
0.828125,0.0625,0.056727698058934385
0.84375,0.078125,0.051614689787633304
0.859375,0.09375,0.04648911834757287
0.875,0.109375,0.041352229374394915
0.890625,0.125,0.036205271328192054
0.90625,0.140625,0.0310494953383276
0.921875,0.15625,0.025886155010512783
0.9375,0.171875,0.02071650616626603
0.953125,0.1875,0.015541806512347427
0.96875,0.203125,0.01036331526240227
0.984375,0.21875,0.0051822927417917025
1.0,0.234375,0.0
0.78125,0.0,0.07197883331940234
0.796875,0.015625,0.06691096249781056
0.8125,0.03125,0.061826811133270695
0.828125,0.046875,0.0567276153162982
0.84375,0.0625,0.05161461450918076
0.859375,0.078125,0.04648905126988783
0.875,0.09375,0.04135217103828946
0.890625,0.109375,0.036205221988772296
0.90625,0.125,0.03104945492045484
0.921875,0.140625,0.025886123127937238
0.9375,0.15625,0.020716482196085306
0.953125,0.171875,0.015541789695651221
0.96875,0.1875,0.01036330479925636
0.984375,0.203125,0.005182287861063148
1.0,0.21875,0.0
0.796875,0.0,0.06691086215940076
0.8125,0.015625,0.06182671628599466
0.828125,0.03125,0.0567275268746167
0.84375,0.046875,0.05161453343953274
0.859375,0.0625,0.04648897850662255
0.875,0.078125,0.041352107361357894
0.890625,0.09375,0.03620516789030638
0.90625,0.109375,0.03104941050762967
0.921875,0.125,0.025886088104492964
0.9375,0.140625,0.020716455930787084
0.953125,0.15625,0.015541771346052963
0.96875,0.171875,0.01036329344221604
0.984375,0.1875,0.005182282593794094
1.0,0.203125,0.0
0.8125,0.0,0.061826615849583745
0.828125,0.015625,0.05672743249565537
0.84375,0.03125,0.05161444619258038
0.859375,0.046875,0.04648889951561175
0.875,0.0625,0.04135203767298319
0.890625,0.078125,0.036205108300096135
0.90625,0.09375,0.03104936139254887
0.921875,0.109375,0.0258860493362844
0.9375,0.125,0.02071642691412731
0.953125,0.140625,0.015541751160628186
0.96875,0.15625,0.010363281020569055
0.984375,0.171875,0.005182276869879254
1.0,0.1875,0.0
0.828125,0.0,0.05672733202623602
0.84375,0.015625,0.051614352457862195
0.859375,0.03125,0.04648881379487651
0.875,0.046875,0.04135196128162338
0.890625,0.0625,0.036205042394948754
0.90625,0.078125,0.03104930672661921
0.921875,0.09375,0.025886006065031355
0.9375,0.109375,0.020716394558178416
0.953125,0.125,0.01554172874569766
0.96875,0.140625,0.010363267313586976
0.984375,0.15625,0.005182270599929367
1.0,0.171875,0.0
0.84375,0.0,0.05161425203260077
0.859375,0.015625,0.04648872092976735
0.875,0.03125,0.04135187752240736
0.890625,0.046875,0.03620496928651514
0.90625,0.0625,0.031049245508930234
0.921875,0.078125,0.02588595733747524
0.9375,0.09375,0.02071635809445827
0.953125,0.109375,0.015541703578314187
0.96875,0.125,0.010363252028763948
0.984375,0.140625,0.005182263667227334
1.0,0.15625,0.0
0.859375,0.0,0.046488620643569276
0.875,0.015625,0.04135178582599346
0.890625,0.03125,0.03620488807833333
0.90625,0.046875,0.031049176597494132
0.921875,0.0625,0.025885901963986026
0.9375,0.078125,0.02071631650666302
0.953125,0.09375,0.015541674947244866
0.96875,0.109375,0.010363234767277272
0.984375,0.125,0.0051822559150517715
1.0,0.140625,0.0
0.875,0.0,0.04135168580071662
0.890625,0.015625,0.036204797964360186
0.90625,0.03125,0.031049098765940968
0.921875,0.046875,0.025885838492513427
0.9375,0.0625,0.02071626844277424
0.953125,0.078125,0.015541641861275901
0.96875,0.09375,0.010363214967009792
0.984375,0.109375,0.005182247125779596
1.0,0.125,0.0
0.890625,0.0,0.036204698365040644
0.90625,0.015625,0.03104901083565135
0.921875,0.03125,0.025885765234938605
0.9375,0.046875,0.020716212114671097
0.953125,0.0625,0.015541602906708989
0.96875,0.078125,0.010363191804579001
0.984375,0.09375,0.005182236984517583
1.0,0.109375,0.0
0.90625,0.0,0.031048911901484885
0.921875,0.015625,0.02588568041461984
0.9375,0.03125,0.020716145225338944
0.953125,0.046875,0.01554155603256576
0.96875,0.0625,0.010363164019738809
0.984375,0.078125,0.00518222501151288
1.0,0.09375,0.0
0.921875,0.0,0.02588558252480498
0.9375,0.015625,0.02071606504212259
0.953125,0.03125,0.015541498260220988
0.96875,0.046875,0.010363129589503677
0.984375,0.0625,0.005182210426151538
1.0,0.078125,0.0
0.9375,0.0,0.02071596887653433
0.953125,0.015625,0.015541425421837125
0.96875,0.03125,0.010363085115897326
0.984375,0.046875,0.005182191846174181
1.0,0.0625,0.0
0.953125,0.0,0.015541332422712256
0.96875,0.015625,0.010363024734511676
0.984375,0.03125,0.005182166546488836
1.0,0.046875,0.0
0.96875,0.0,0.010362938674330583
0.984375,0.015625,0.005182128407628657
1.0,0.03125,0.0
0.984375,0.0,0.005182061542652298
1.0,0.015625,0.0
1.0,0.0,0.0
