scenario,initialization,h,dt,t,J_full,Q_outer_full,bulk_balance_residual,bulk_balance_normalized,M_full,mass_bulk_full,energy_bulk_full,mass_coating_full
time_dependent,prepared,0.01,0.001,0.0,0.7633587786259542,0.7633587786259542,0.0,0.0,0.0,0.38167938931297923,0.09711943748421717,0.00996183206106869
time_dependent,prepared,0.01,0.001,0.001,0.7445420079388343,0.7633587786259867,7.049916206369744e-15,4.617695115171965e-15,0.0007445420079388343,0.3816605725422956,0.09710552604439529,0.009953078027486769
time_dependent,prepared,0.01,0.001,0.002,0.732696936165974,0.76335877862598,4.524158825347513e-15,2.9633240306025117e-15,0.0014772389441048083,0.38162991069983404,0.09708309542633468,0.009943727539328293
time_dependent,prepared,0.01,0.001,0.003,0.7237015556849435,0.7633587786259102,5.731526364627371e-15,3.75414976883113e-15,0.002200940499789752,0.38159025347688813,0.09705434439062348,0.00993422606087895
time_dependent,prepared,0.01,0.001,0.004,0.7161977864453457,0.7633587786254682,-2.0261570199409107e-15,1.327132848062143e-15,0.002917138286235098,0.3815430924847099,0.09702042441678783,0.009924656231312964
time_dependent,prepared,0.01,0.001,0.005,0.7096364463252274,0.763358778623442,-1.7069679003611782e-15,1.1180639747402523e-15,0.003626774732560325,0.3814893701524116,0.09698206365160195,0.009915047733212728
time_dependent,prepared,0.01,0.001,0.006,0.7037383995186367,0.7633587786157365,-1.457167719820518e-15,9.544448564952155e-16,0.004330513132078962,0.3814297497733148,0.0969397750209068,0.009905415168653897
time_dependent,prepared,0.01,0.001,0.007,0.6983397289870105,0.7633587785906387,-1.2351231148954867e-15,8.090056402939716e-16,0.005028852861065972,0.3813647307237087,0.09689394501833647,0.009895767000096947
time_dependent,prepared,0.01,0.001,0.008,0.6933346517746495,0.7633587785186038,-3.219646771412954e-15,2.1088686355720572e-15,0.005722187512840622,0.3812947065969654,0.09684487851049521,0.009886108649752904
time_dependent,prepared,0.01,0.001,0.009000000000000001,0.6886502471747867,0.7633587783324325,5.9396931817445875e-15,3.890499035538639e-15,0.006410837760015408,0.3812199980658084,0.09679282406984958,0.009876443837889062
time_dependent,prepared,0.01,0.001,0.01,0.6842337418583062,0.763358777892406,2.2898349882893854e-15,1.4998419187708155e-15,0.007095071501873714,0.3811408730297767,0.09673798950959184,0.00986677524749976
time_dependent,prepared,0.01,0.001,0.011,0.68004548895737,0.7633587769294472,2.4702462297909733e-15,1.6180112841089923e-15,0.007775116990831084,0.3810575597418018,0.09668055200747085,0.009857104888438299
time_dependent,prepared,0.01,0.001,0.012,0.6760548077243215,0.7633587749588402,6.106226635438361e-16,3.999578465425777e-16,0.008451171798555406,0.3809702557745656,0.09662066502271477,0.009847434312045029
time_dependent,prepared,0.01,0.001,0.013000000000000001,0.672237377825492,0.7633587711569864,-1.0685896612017132e-15,6.999262349354444e-16,0.009123409176380898,0.38087913438123655,0.09655846320406863,0.009837764745067559
time_dependent,prepared,0.01,0.001,0.014,0.6685735327357527,0.7633587641948734,-7.632783294297951e-16,4.99947315227878e-16,0.009791982709116652,0.3807843491497769,0.09649406598189582,0.009828097177119976
time_dependent,prepared,0.01,0.001,0.015,0.6650471000955922,0.7633587520237863,2.7755575615628914e-16,1.8179902661785454e-16,0.010457029809212244,0.38068603749785,0.0964275802659078,0.009818432419985512
time_dependent,prepared,0.01,0.001,0.016,0.661644589010674,0.7633587316118526,1.9290125052862095e-15,1.2635032687797027e-15,0.011118674398222918,0.38058432335524806,0.09635910251601444,0.009808771149107222
time_dependent,prepared,0.01,0.001,0.017,0.6583546053141724,0.7633586986330486,4.371503159461554e-15,2.863334869498193e-15,0.01177702900353709,0.3804793192619286,0.09628872036203118,0.009799113933394641
time_dependent,prepared,0.01,0.001,0.018000000000000002,0.6551674212439473,0.7633586471139276,-2.040034807748725e-15,1.3362230292809287e-15,0.012432196424781038,0.38037112803605955,0.09621651389132276,0.00978946125714012
time_dependent,prepared,0.01,0.001,0.019,0.6520746524304428,0.763358569046304,-3.802513859341161e-15,2.490647261674033e-15,0.013084271077211482,0.38025984411944325,0.09614255668714576,0.009779813536452188
time_dependent,prepared,0.01,0.001,0.02,0.6490690112063012,0.7633584539769692,1.0685896612017132e-15,6.99926525758993e-16,0.013733340088417784,0.38014555467667194,0.09606691667655413,0.009770171131797357
time_dependent,prepared,0.01,0.001,0.021,0.646144115291595,0.7633582885870518,-4.996003610813204e-16,3.272384465793006e-16,0.014379484203709379,0.38002834050337597,0.09598965683059209,0.009760534357719336
time_dependent,prepared,0.01,0.001,0.022,0.6432943373824506,0.7633580562747662,2.1094237467877974e-15,1.3816738615964248e-15,0.01502277854109183,0.3799082767844822,0.09591083574832449,0.009750903490477926
time_dependent,prepared,0.01,0.001,0.023,0.6405146854351419,0.7633577367553058,2.498001805406602e-16,1.6361934157008066e-16,0.015663293226526973,0.3797854337331642,0.09583050814840681,0.009741278774125813
time_dependent,prepared,0.01,0.001,0.024,0.6378007063131258,0.7633573056907532,5.273559366969494e-16,3.45418805037669e-16,0.0163010939328401,0.37965987713378463,0.09574872528620741,0.009731660425396417
time_dependent,prepared,0.01,0.001,0.025,0.6351484074672196,0.7633567343615725,2.275957200481571e-15,1.4907559585395198e-15,0.016936242340307318,0.3795316688068934,0.09566553531041883,0.009722048637677751
time_dependent,prepared,0.01,0.001,0.026000000000000002,0.6325541926747731,0.7633559893890957,-5.551115123125783e-17,3.6359936912057714e-17,0.01756879653298209,0.37940086701017733,0.09558098357000126,0.009712443584270751
time_dependent,prepared,0.01,0.001,0.027,0.6300148088746991,0.7633550325165546,2.886579864025407e-15,1.8907190894577625e-15,0.018198811341856788,0.37926752678653675,0.09549511288002377,0.009702845421084232
time_dependent,prepared,0.01,0.001,0.028,0.6275273018506781,0.7633538204532949,1.7486012637846216e-15,1.1453412670066057e-15,0.018826338643707467,0.37913170026793497,0.09540796375325168,0.009693254288883279
time_dependent,prepared,0.01,0.001,0.029,0.6250889790050395,0.7633523047849026,-1.7486012637846216e-15,1.145343541130294e-15,0.019451427622712507,0.37899343694215337,0.09531957460293462,0.009683670315173507
time_dependent,prepared,0.01,0.001,0.03,0.6226973779104594,0.7633504319497448,-3.969047313034935e-15,2.5997544161318084e-15,0.020074125000622965,0.3788527838881139,0.09522998192127964,0.009674093615796788
time_dependent,prepared,0.01,0.001,0.031,0.6203502395568015,0.7633481432801209,1.7763568394002505e-15,1.1635299404588912e-15,0.020694475240179765,0.3787097859843914,0.09513922043721926,0.009664524296285821
time_dependent,prepared,0.01,0.001,0.032,0.6180454854812771,0.7633453751050197,3.608224830031759e-15,2.3634287622004242e-15,0.021312520725661043,0.3785644860947685,0.09504732325648702,0.009654962453024753
time_dependent,prepared,0.01,0.001,0.033,0.615781198093689,0.7633420589097872,-1.1102230246251565e-16,7.27212009129163e-17,0.021928301923754733,0.3784169252339505,0.09495432198646606,0.00964540817424399
time_dependent,prepared,0.01,0.001,0.034,0.6135556036892301,0.763338121547231,-5.551115123125783e-16,3.636078800750889e-16,0.022541857527443962,0.3782671427160922,0.094860246847887,0.009635861540881818
time_dependent,prepared,0.01,0.001,0.035,0.6113670577038199,0.7633334854939918,1.6375789613221059e-15,1.0726497608462334e-15,0.02315322458514778,0.37811517628830277,0.09476512677510796,0.00962632262733284
time_dependent,prepared,0.01,0.001,0.036000000000000004,0.6092140318457286,0.7633280691453529,-7.438494264988549e-15,4.872409757784072e-15,0.02376243861699351,0.37796106225100334,0.09466898950643021,0.009616791502097183
time_dependent,prepared,0.01,0.001,0.037,0.6070951028531363,0.7633217871419412,1.915134717478395e-15,1.2544740303097554e-15,0.024369533719846646,0.37780483556671274,0.09457186166570532,0.009607268228353063
time_dependent,prepared,0.01,0.001,0.038,0.6050089425992508,0.7633145507214163,-1.6930901125533637e-15,1.1090382797977644e-15,0.024974542662445896,0.3776465299585929,0.09447376883627712,0.00959775286445725
time_dependent,prepared,0.01,0.001,0.039,0.60295430936438,0.7633062680887419,-2.0261570199409107e-15,1.3272241462226225e-15,0.025577496971810276,0.3774861779998679,0.09437473562815923,0.009588245464385135
time_dependent,prepared,0.01,0.001,0.04,0.6009300401339821,0.7632968447989803,-5.828670879282072e-16,3.8180892001571784e-16,0.02617842701194426,0.3773238111952021,0.09427478573923943,0.009578746078125543
time_dependent,prepared,0.01,0.001,0.041,0.5989350437289347,0.7632861841467613,-8.326672684688674e-17,5.4544893236844294e-17,0.026777362055673194,0.37715946005478634,0.09417394201116787,0.009569254752024582
time_dependent,prepared,0.01,0.001,0.042,0.5969682947163354,0.7632741875576106,-2.3869795029440866e-15,1.563644848636995e-15,0.02737433035038953,0.376993154161945,0.09407222648051031,0.009559771529097386
time_dependent,prepared,0.01,0.001,0.043000000000000003,0.5950288279505848,0.7632607549762419,1.3600232051658168e-15,8.909296045282382e-16,0.027969359178340113,0.376824922234919,0.09396966042567939,0.009550296449302888
time_dependent,prepared,0.01,0.001,0.044,0.5931157336955989,0.763245785248033,2.55351295663786e-15,1.6727985964626303e-15,0.02856247491203571,0.3766547921833666,0.09386626441007252,0.009540829549791926
time_dependent,prepared,0.01,0.001,0.045,0.5912281532392464,0.7632291764902627,-5.551115123125783e-16,3.6365978228536753e-16,0.02915370306527496,0.3764827911601159,0.09376205832181285,0.009531370865129337
time_dependent,prepared,0.01,0.001,0.046,0.5893652749502221,0.7632108264501338,-1.304512053934559e-15,8.546210357118103e-16,0.029743068340225182,0.37630894560861483,0.09365706141042608,0.009521920427495176
time_dependent,prepared,0.01,0.001,0.047,0.5875263307056464,0.7631906328473735,-1.1102230246251565e-16,7.273562966064235e-17,0.030330594670930827,0.3761332813064717,0.09355129232074534,0.00951247826686273
time_dependent,prepared,0.01,0.001,0.048,0.5857105926828156,0.7631684936995341,-3.969047313034935e-15,2.6003741937737754e-15,0.030916305263613643,0.37595582340545547,0.09344476912432373,0.009503044411165219
time_dependent,prepared,0.01,0.001,0.049,0.5839173704283436,0.7631443076284912,-3.885780586188048e-16,2.54590157283837e-16,0.03150022263404199,0.3757765964682557,0.09333750934857096,0.009493618886442096
time_dependent,prepared,0.01,0.001,0.05,0.5821460082034343,0.763117974147374,-2.3592239273284576e-15,1.5457792944560141e-15,0.032082368642245424,0.3755956245023121,0.09322953000382829,0.00948420171697307
time_dependent,prepared,0.01,0.001,0.051000000000000004,0.5803958825761878,0.7630893939269662,1.7208456881689926e-15,1.1275518319769032e-15,0.032662764524821614,0.37541293099096257,0.09312084760856869,0.009474792925402471
time_dependent,prepared,0.01,0.001,0.052000000000000005,0.578666400211308,0.7630584690416615,-5.745404152435185e-15,3.764720781915284e-15,0.03324143092503292,0.37522853892213237,0.0930114782128827,0.009465392532849962
time_dependent,prepared,0.01,0.001,0.053,0.5769569958600099,0.763025103194446,-4.163336342344337e-16,2.728177831184259e-16,0.03381838792089293,0.3750424708147978,0.09290143742039918,0.009456000559013213
time_dependent,prepared,0.01,0.001,0.054,0.5752671305138869,0.762989201921587,-4.690692279041286e-15,3.0738916535304823e-15,0.03439365505140682,0.37485474874338887,0.09279074040876999,0.009446617022260786
time_dependent,prepared,0.01,0.001,0.055,0.5735962897167798,0.7629506727769729,1.2490009027033011e-15,8.185331943919855e-16,0.0349672513411236,0.3746653943603278,0.0926794019488417,0.009437241939718337
time_dependent,prepared,0.01,0.001,0.056,0.5719439820151189,0.7629094254969085,6.356026815979021e-15,4.165649684980036e-15,0.03553919532313872,0.3744744289168484,0.09256743642262147,0.00942787532734825
time_dependent,prepared,0.01,0.001,0.057,0.5703097375218398,0.7628653721459192,-3.83026943495679e-15,2.5104491400509878e-15,0.03610950506066056,0.37428187328222223,0.09245485784012367,0.00941851720002039
time_dependent,prepared,0.01,0.001,0.058,0.5686931066092163,0.7628184272443284,-9.71445146547012e-16,6.367472991288015e-16,0.03667819816726978,0.37408774796158767,0.09234167985520038,0.00940916757158053
time_dependent,prepared,0.01,0.001,0.059000000000000004,0.5670936586886834,0.7627685078785618,1.7208456881689926e-15,1.1280261772703926e-15,0.03724529182595846,0.37389207311239886,0.09222791578042035,0.009399826454911279
time_dependent,prepared,0.01,0.001,0.06,0.5655109810921565,0.7627155337948229,2.7755575615628914e-15,1.819523425564278e-15,0.03781080280705062,0.3736948685596956,0.09211357860107416,0.009390493861989407
time_dependent,prepared,0.01,0.001,0.061,0.5639446780304758,0.7626594274773659,2.886579864025407e-15,1.8924435731249575e-15,0.038374747485081094,0.3734961538102474,0.09199868098837272,0.009381169803938246
time_dependent,prepared,0.01,0.001,0.062,0.5623943696337745,0.7626001142121374,1.2212453270876722e-15,8.007114766494446e-16,0.03893714185471487,0.3732959480656716,0.09188323531189097,0.009371854291076632
time_dependent,prepared,0.01,0.001,0.063,0.5608596910596471,0.7625375221367301,4.08006961549745e-15,2.675323834599345e-15,0.039498001545774514,0.3730942702345939,0.09176725365132361,0.009362547332964996
time_dependent,prepared,0.01,0.001,0.064,0.5593402916599906,0.7624715822777567,-1.304512053934559e-15,8.554496221600469e-16,0.04005734183743451,0.3728911389439762,0.0916507478075813,0.009353248938446402
time_dependent,prepared,0.01,0.001,0.065,0.5578358342132279,0.7624022285764109,4.3576253716537394e-15,2.857825704281102e-15,0.04061517767164773,0.37268657254961285,0.09153372931329909,0.009343959115686477
time_dependent,prepared,0.01,0.001,0.066,0.5563459942072633,0.7623293979032387,2.4980018054066022e-15,1.6384005472419585e-15,0.041171523665855,0.37248058914591753,0.09141620944277412,0.00933467787221043
time_dependent,prepared,0.01,0.001,0.067,0.5548704591630863,0.7622530300629915,1.942890293094024e-16,1.2744392061868656e-16,0.041726394125018086,0.3722732065750142,0.09129819922138181,0.009325405214935209
time_dependent,prepared,0.01,0.001,0.068,0.5534089280189902,0.7621730677903396,-5.689893001203927e-15,3.732677814042846e-15,0.04227980305303708,0.3720644424352457,0.0911797094345112,0.00931614115020353
time_dependent,prepared,0.01,0.001,0.069,0.5519611105414948,0.7620894567374212,2.7200464103316335e-15,1.7845978489037305e-15,0.042831764163578576,0.37185431408904857,0.09106075063603375,0.009306885683812424
time_dependent,prepared,0.01,0.001,0.07,0.5505267267782213,0.7620021454538707,-1.1379786002407855e-15,7.467030158838812e-16,0.0433822908903568,0.37164283867037246,0.09094133315635546,0.009297638821040526
time_dependent,prepared,0.01,0.001,0.07100000000000001,0.5491055065534303,0.7619110853601463,5.551115123125783e-17,3.6428890652652974e-17,0.04393139639691023,0.3714300330915668,0.09082146711006131,0.00928840056667576
time_dependent,prepared,0.01,0.001,0.07200000000000001,0.5476971889808241,0.7618162307147585,-3.247402347028583e-15,2.13135544774478e-15,0.044479093585891055,0.3712159140498332,0.09070116240319182,0.009279170925037829
time_dependent,prepared,0.01,0.001,0.073,0.5463015220187927,0.7617175385762801,-1.6653345369377348e-15,1.0931444089172472e-15,0.04502539510790985,0.3710004980332772,0.09058042874016226,0.00926994990000183
time_dependent,prepared,0.01,0.001,0.074,0.5449182620526436,0.7616149687604659,-3.0531133177191805e-16,2.0043679831346715e-16,0.04557031336996249,0.3707838013265676,0.09045927563035994,0.009260737495020982
time_dependent,prepared,0.01,0.001,0.075,0.5435471734876416,0.7615084837932804,-1.970645868709653e-15,1.2939093330210411e-15,0.04611386054345013,0.37056584001626214,0.09033771239442166,0.009251533713144385
time_dependent,prepared,0.01,0.001,0.076,0.5421880283876106,0.7613980488602786,3.0808688933348094e-15,2.0231657396196993e-15,0.04665604857183774,0.3703466299957897,0.09021574817022786,0.009242338557038128
time_dependent,prepared,0.01,0.001,0.077,0.5408406061149136,0.7612836317528887,-1.3600232051658168e-15,8.932434302011099e-16,0.04719688917795266,0.370126186970151,0.09009339191861813,0.009233152029001648
time_dependent,prepared,0.01,0.001,0.078,0.539504693007837,0.7611652028119463,8.049116928532385e-16,5.28736527812675e-16,0.04773639387096049,0.3699045264603471,0.08997065242884957,0.00922397413098589
time_dependent,prepared,0.01,0.001,0.079,0.5381800820630154,0.7610427348691153,-2.581268532253489e-15,1.6958762064113403e-15,0.04827457395302351,0.36968166380754147,0.08984753832380951,0.00921480486460821
time_dependent,prepared,0.01,0.001,0.08,0.5368665726431278,0.7609162031863277,-2.858824288409778e-15,1.878540814637992e-15,0.04881144052566663,0.3694576141769981,0.08972405806499964,0.009205644231167473
time_dependent,prepared,0.01,0.001,0.081,0.5355639702017161,0.7607855853938776,-5.245803791353865e-15,3.4476230176193464e-15,0.049347004495868346,0.36923239256180596,0.08960021995730298,0.00919649223165891
time_dependent,prepared,0.01,0.001,0.082,0.5342720860178582,0.7606508614271841,5.828670879282072e-16,3.8313707213490347e-16,0.0498812765818862,0.3690060137863951,0.08947603215354559,0.009187348866786923
time_dependent,prepared,0.01,0.001,0.083,0.5329907369464149,0.7605120134629305,-1.582067810090848e-15,1.0401333457488927e-15,0.05041426731883262,0.3687784925098803,0.08935150265885976,0.009178214136977164
time_dependent,prepared,0.01,0.001,0.084,0.5317197451889932,0.7603690258543657,-1.7208456881689926e-15,1.1315858679510374e-15,0.05094598706402161,0.36854984322921513,0.08922663933487117,0.009169088042389677
time_dependent,prepared,0.01,0.001,0.085,0.5304589380678655,0.7602218850664824,4.3298697960381105e-15,2.847767132920309e-15,0.051476446002089477,0.3683200802822156,0.08910144990370507,0.009159970582929888
time_dependent,prepared,0.01,0.001,0.08600000000000001,0.5292081478150051,0.7600705796109812,1.582067810090848e-15,1.040737434476532e-15,0.05200565414990448,0.3680892178504207,0.0889759419518319,0.009150861758259144
time_dependent,prepared,0.01,0.001,0.08700000000000001,0.5279672113713123,0.759915099981288,8.049116928532385e-16,5.296063289656029e-16,0.0525336213612758,0.3678572699618087,0.08885012293375225,0.00914176156780432
time_dependent,prepared,0.01,0.001,0.088,0.5267359702020477,0.7597554385879989,-1.3322676295501878e-15,8.767739998190739e-16,0.05306035733147785,0.36762425049342384,0.08872400017553934,0.009132670010768973
time_dependent,prepared,0.01,0.001,0.089,0.525514270110827,0.7595915896945533,2.1649348980190553e-15,1.425065079307694e-15,0.053585871601588675,0.36739017317384004,0.08859758087823595,0.009123587086141197
time_dependent,prepared,0.01,0.001,0.09,0.5243019610718741,0.7594235493536338,7.771561172376096e-16,5.116750184393598e-16,0.05411017356266055,0.36715505158555833,0.0884708721211178,0.009114512792702728
time_dependent,prepared,0.01,0.001,0.091,0.5230988970671077,0.7592513153442324,6.38378239159465e-16,4.2039982431247697e-16,0.054633272459727655,0.3669188991672807,0.0883438808648317,0.009105447129037634
time_dependent,prepared,0.01,0.001,0.092,0.5219049359324355,0.7590748871094628,-6.38378239159465e-16,4.204975358823902e-16,0.05515517739566009,0.3666817292161042,0.0882166139544147,0.009096390093540005
time_dependent,prepared,0.01,0.001,0.093,0.5207199392070722,0.7588942656954025,8.326672684688674e-16,5.486055871735066e-16,0.05567589733486716,0.3664435548896155,0.0880890781221914,0.00908734168442094
time_dependent,prepared,0.01,0.001,0.094,0.5195437719984463,0.7587094536908074,5.273559366969494e-16,3.475348396751753e-16,0.056195441106865605,0.3662043892079232,0.08796127999056993,0.00907830189971657
time_dependent,prepared,0.01,0.001,0.095,0.5183763028439283,0.7585204551679774,-3.1363800445660672e-15,2.0674327390890925e-15,0.05671381740970954,0.3659642450556,0.08783322607472703,0.00906927073729391
time_dependent,prepared,0.01,0.001,0.096,0.5172174035881023,0.7583272756247221,-1.1379786002407855e-15,7.503215543073413e-16,0.05723103481329764,0.36572313518356386,0.08770492278519916,0.009060248194858173
time_dependent,prepared,0.01,0.001,0.097,0.5160669492591825,0.7581299219275041,-9.992007221626409e-16,6.589904271435615e-16,0.05774710176255682,0.3654810722108946,0.08757637643037311,0.009051234269958719
time_dependent,prepared,0.01,0.001,0.098,0.5149248179531484,0.7579284022558441,-1.4988010832439613e-15,9.887484614529802e-16,0.05826202658050997,0.365238068626592,0.0874475932188964,0.009042228959994868
time_dependent,prepared,0.01,0.001,0.099,0.5137908907253423,0.7577227260479187,-2.914335439641036e-15,1.923088314139292e-15,0.05877581747123531,0.36499413679126946,0.08731857926198708,0.009033232262221686
time_dependent,prepared,0.01,0.001,0.1,0.512665051481175,0.7575129039474987,2.7478019859472624e-15,1.8136997875733218e-15,0.059288482522716485,0.36474928893880293,0.08718934057567342,0.009024244173754902
time_dependent,prepared,0.01,0.001,0.101,0.5115471868787778,0.7572989477521973,4.718447854656915e-16,3.115313885396339e-16,0.05980002970959526,0.3645035371779289,0.0870598830829502,0.009015264691576251
time_dependent,prepared,0.01,0.001,0.10200000000000001,0.510437186234293,0.7570808703630089,7.771561172376096e-16,5.132583239522184e-16,0.060310466895829556,0.36425689349380164,0.08693021261586088,0.009006293812539326
time_dependent,prepared,0.01,0.001,0.10300000000000001,0.5093349414248034,0.7568586857351824,5.273559366969494e-16,3.483846764503314e-16,0.06081980183725436,0.36400936974949005,0.08680033491750845,0.008997331533372862
time_dependent,prepared,0.01,0.001,0.10400000000000001,0.5082403468030214,0.7566324088304764,-1.1102230246251565e-15,7.336607655633099e-16,0.06132804218405739,0.3637609776874611,0.0866702556439959,0.008988377850685772
time_dependent,prepared,0.01,0.001,0.105,0.5071532991165888,0.756402055570686,-1.5543122344752192e-15,1.027437870526761e-15,0.061835195483173976,0.36351172893100914,0.08653998036630407,0.008979432760972392
time_dependent,prepared,0.01,0.001,0.106,0.506073697418836,0.7561676427925503,6.106226635438361e-16,4.037614339650845e-16,0.06234126918059281,0.36326163498563363,0.08640951457210347,0.00897049626061466
time_dependent,prepared,0.01,0.001,0.107,0.5050014430010171,0.7559291882039726,3.7192471324942744e-15,2.4600499560884133e-15,0.06284627062359383,0.3630107072404312,0.08627886366751181,0.008961568345887932
time_dependent,prepared,0.01,0.001,0.108,0.5039364393117203,0.7556867103415346,-2.220446049250313e-15,1.4691577996963716e-15,0.06335020706290555,0.3627589569694023,0.08614803297878579,0.008952649012963675
time_dependent,prepared,0.01,0.001,0.109,0.50287859188918,0.7554402285293402,4.551914400963142e-15,3.012756157972026e-15,0.06385308565479472,0.362506395332764,0.08601702775396486,0.008943738257913295
time_dependent,prepared,0.01,0.001,0.11,0.5018278082935544,0.7551897628391119,-3.885780586188048e-16,2.572717995791932e-16,0.06435491346308828,0.3622530333782157,0.0858858531644607,0.00893483607671215
time_dependent,prepared,0.01,0.001,0.111,0.5007839980387088,0.7549353340515927,1.27675647831893e-15,8.456065180224261e-16,0.06485569746112699,0.36199888204220315,0.08575451430659418,0.008925942465241938
time_dependent,prepared,0.01,0.001,0.112,0.49974707253366274,0.75467696361916,-1.0547118733938987e-15,6.987836678728603e-16,0.06535544453366066,0.3617439521511179,0.08562301620308453,0.008917057419294638
time_dependent,prepared,0.01,0.001,0.113,0.498716945021095,0.7544146736296994,-1.0547118733938987e-15,6.99026616435883e-16,0.06585416147868176,0.3614882544225097,0.0854913638044948,0.008908180934575639
time_dependent,prepared,0.01,0.001,0.114,0.4976935305180055,0.7541484867716646,-2.275957200481571e-15,1.5089582757265887e-15,0.06635185500919977,0.3612317994662551,0.08535956199062915,0.008899313006705994
time_dependent,prepared,0.01,0.001,0.115,0.49667674576192095,0.7538784263002852,1.1657341758564144e-15,7.731579358075951e-16,0.0668485317549617,0.36097459778571656,0.08522761557188922,0.008890453631225455
time_dependent,prepared,0.01,0.001,0.116,0.4956665091594262,0.7536045160050338,-2.831068712794149e-15,1.8783517433003573e-15,0.06734419826412112,0.36071665977887046,0.0850955292905892,0.008881602803595642
time_dependent,prepared,0.01,0.001,0.117,0.4946627407341427,0.7533267801780612,-2.275957200481571e-15,1.5106042028292251e-15,0.06783886100485527,0.3604579957394294,0.08496330782223423,0.008872760519202818
time_dependent,prepared,0.01,0.001,0.11800000000000001,0.493665362075716,0.7530452435839391,-2.1094237467877974e-15,1.4005956247386288e-15,0.06833252636693099,0.3601986158579195,0.08483095577675383,0.008863926773359449
time_dependent,prepared,0.01,0.001,0.11900000000000001,0.49267429629373444,0.7527599314302849,-3.2751579226442118e-15,2.175433219739287e-15,0.06882520066322473,0.3599385302227828,0.08469847769970835,0.008855101561306991
time_dependent,prepared,0.01,0.001,0.12,0.4916894679744668,0.7524708693395672,-2.1094237467877974e-15,1.4016647240040078e-15,0.0693168901311992,0.359677748821417,0.08456587807345126,0.008846284878218563
time_dependent,prepared,0.01,0.001,0.121,0.49071080313639953,0.752178083321931,-1.2212453270876722e-15,8.118059766472763e-16,0.06980760093433559,0.3594162815412333,0.08443316131826652,0.008837476719201258
time_dependent,prepared,0.01,0.001,0.122,0.48973822918634363,0.7518815997489275,1.2212453270876722e-15,8.121260897297369e-16,0.07029733916352193,0.35915413817067093,0.08430033179346752,0.008828677079297579
time_dependent,prepared,0.01,0.001,0.123,0.48877167488115963,0.7515814453283374,3.3306690738754696e-16,2.21577388224401e-16,0.0707861108384031,0.3588913284002227,0.08416739379846766,0.008819885953488127
time_dependent,prepared,0.01,0.001,0.124,0.4878110702878276,0.7512776470798453,5.717648576819556e-15,3.805283305741603e-15,0.07127392190869092,0.3586278618234304,0.08403435157382022,0.008811103336693195
time_dependent,prepared,0.01,0.001,0.125,0.4868563467468209,0.7509702323116981,4.440892098500626e-16,2.9567697276297537e-16,0.07176077825543774,0.3583637479378684,0.08390120930222995,0.00880232922377482
time_dependent,prepared,0.01,0.001,0.126,0.4859074368373073,0.7506592285982212,2.609024107869118e-15,1.7378219093777058e-15,0.07224668569227505,0.3580989961461067,0.08376797110953758,0.0087935636095391
time_dependent,prepared,0.01,0.001,0.127,0.4849642743389529,0.7503446637582064,6.106226635438361e-16,4.068947865141378e-16,0.072731649966614,0.35783361575668676,0.08363464106567721,0.008784806488736982
time_dependent,prepared,0.01,0.001,0.128,0.4840267942029549,0.7500265658341505,2.275957200481571e-15,1.5172510576010972e-15,0.07321567676081696,0.3575676159850558,0.08350122318560765,0.008776057856067167
time_dependent,prepared,0.01,0.001,0.129,0.48309493251669267,0.7497049630723375,9.992007221626409e-16,6.66395963331931e-16,0.07369877169333365,0.35730100595450015,0.08336772143022066,0.008767317706176957
time_dependent,prepared,0.01,0.001,0.13,0.4821686264694172,0.7493798839036079,-1.1102230246251565e-16,7.407611603088906e-17,0.07418094031980307,0.35703379469706464,0.08323413970722003,0.008758586033662738
time_dependent,prepared,0.01,0.001,0.131,0.4812478143369354,0.7490513569250484,8.881784197001252e-16,5.928688410272766e-16,0.07466218813414001,0.35676599115447644,0.08310048187199097,0.008749862833075396
time_dependent,prepared,0.01,0.001,0.132,0.4803324354309981,0.7487194108822774,-2.7755575615628914e-15,1.853536532659297e-15,0.075142520569571,0.3564976041790247,0.08296675172842843,0.008741148098916698
time_dependent,prepared,0.01,0.001,0.133,0.47942243008807034,0.7483840746525603,-1.3322676295501878e-15,8.900961916972235e-16,0.07562194299965908,0.35622864253446107,0.0828329530297604,0.008732441825644017
time_dependent,prepared,0.01,0.001,0.134,0.4785177396403557,0.7480453772285219,7.771561172376096e-16,5.194578704014865e-16,0.07610046073929944,0.35595911489687254,0.08269908947934364,0.008723744007671844
time_dependent,prepared,0.01,0.001,0.135,0.4776183063815616,0.7477033477026707,-5.384581669432009e-15,3.600747332465632e-15,0.076578079045681,0.35568902985555184,0.08256516473144142,0.008715054639371042
time_dependent,prepared,0.01,0.001,0.136,0.47672407354811475,0.7473580152523517,-1.27675647831893e-15,8.541799594454229e-16,0.0770548031192291,0.35541839591384783,0.08243118239197772,0.008706373715071214
time_dependent,prepared,0.01,0.001,0.137,0.47583498529930257,0.7470094091256084,1.1102230246251565e-15,7.431118076040682e-16,0.07753063810452841,0.3551472214900206,0.08229714601928204,0.008697701229063298
time_dependent,prepared,0.01,0.001,0.138,0.4749509866805673,0.7466575586273997,-4.052314039881821e-15,2.713636253365806e-15,0.07800558909120898,0.3548755149180729,0.08216305912480679,0.008689037175597688
time_dependent,prepared,0.01,0.001,0.139,0.47407202361650214,0.7463024931065236,9.43689570931383e-16,6.322433461284745e-16,0.07847966111482549,0.3546032844485849,0.08202892517383356,0.00868038154888848
time_dependent,prepared,0.01,0.001,0.14,0.4731980428782992,0.7459442419431451,2.886579864025407e-15,1.9348496185894634e-15,0.07895285915770378,0.35433053824951916,0.08189474758616233,0.008671734343112678
time_dependent,prepared,0.01,0.001,0.14100000000000001,0.4723289920672595,0.7455828345367701,-5.551115123125783e-16,3.722668271041062e-16,0.07942518814977104,0.35405728440705037,0.08176052973678224,0.008663095552412035
time_dependent,prepared,0.01,0.001,0.14200000000000002,0.47146481959276315,0.7452183002948034,1.27675647831893e-15,8.566325315775609e-16,0.0798966529693638,0.3537835309263476,0.08162627495652758,0.008654465170893607
time_dependent,prepared,0.01,0.001,0.14300000000000002,0.4706054746561425,0.7448506686216251,-2.886579864025407e-15,1.9376903221199628e-15,0.08036725844401994,0.3535092857323806,0.08149198653272174,0.008645843192631763
time_dependent,prepared,0.01,0.001,0.14400000000000002,0.46975090722544827,0.7444799689080973,-2.9976021664879227e-15,2.0132188182876206e-15,0.0808370093512454,0.35323455667070075,0.08135766770980266,0.008637229611667642
time_dependent,prepared,0.01,0.001,0.145,0.46890106802383175,0.7441062305216688,-7.771561172376096e-16,5.22207774481858e-16,0.08130591041926923,0.35295935150820207,0.08122332168993715,0.008628624422011495
time_dependent,prepared,0.01,0.001,0.146,0.46805590850764234,0.7437294827967728,-6.661338147750939e-16,4.478334059516625e-16,0.08177396632777686,0.3526836779339123,0.08108895163361961,0.008620027617642894
time_dependent,prepared,0.01,0.001,0.147,0.46721538084916536,0.7433497550257773,8.881784197001252e-16,5.974162321943088e-16,0.08224118170862603,0.3524075435597375,0.08095456066026076,0.008611439192511373
time_dependent,prepared,0.01,0.001,0.148,0.4663794379245707,0.7429670764503569,9.992007221626409e-16,6.724394349588681e-16,0.0827075611465506,0.3521309559212114,0.08082015184876107,0.008602859140538339
time_dependent,prepared,0.01,0.001,0.149,0.4655480332904501,0.7425814762532023,4.163336342344337e-15,2.803285885443181e-15,0.08317310917984105,0.35185392247824715,0.08068572823807132,0.008594287455616426
time_dependent,prepared,0.01,0.001,0.15,0.464721121176343,0.7421929835502189,-6.661338147750939e-16,4.4876051750630815e-16,0.0836378303010174,0.35157645061587406,0.08055129282774606,0.008585724131611778
time_dependent,prepared,0.01,0.001,0.151,0.46389865646312844,0.7418016273829967,1.887379141862766e-15,1.2721589385839256e-15,0.08410172895748053,0.35129854764495516,0.08041684857847892,0.008577169162363655
time_dependent,prepared,0.01,0.001,0.152,0.4630805946724301,0.7414074367117461,-5.551115123125783e-15,3.743633290047532e-15,0.08456480955215295,0.35102022080291506,0.08028239841263392,0.008568622541685847
time_dependent,prepared,0.01,0.001,0.153,0.4622668919515171,0.7410104404085166,1.4432899320127035e-15,9.738661247586613e-16,0.08502707644410447,0.35074147725445654,0.0801479452147605,0.008560084263367372
time_dependent,prepared,0.01,0.001,0.154,0.46145750505740896,0.7406106672508261,-2.6645352591003757e-15,1.7988771813071724e-15,0.08548853394916188,0.3504623240922633,0.0800134918320983,0.008551554321172505
time_dependent,prepared,0.01,0.001,0.155,0.4606523913488049,0.7402081459154873,3.0531133177191805e-15,2.0623343140483093e-15,0.08594918634051069,0.3501827683376969,0.07987904107507844,0.008543032708842706
time_dependent,prepared,0.01,0.001,0.156,0.4598515087655416,0.739802904972925,-2.1649348980190553e-15,1.4631835610988103e-15,0.08640903784927623,0.34990281694148917,0.0797445957178067,0.008534519420095522
time_dependent,prepared,0.01,0.001,0.157,0.4590548158257842,0.7393949728815957,3.885780586188048e-16,2.627675821925221e-16,0.08686809266510201,0.34962247678443387,0.07961015849854285,0.008526014448627288
time_dependent,prepared,0.01,0.001,0.158,0.458262271605303,0.7389843779828857,-9.43689570931383e-16,6.385044116272501e-16,0.08732635493670732,0.34934175467805884,0.07947573212016566,0.008517517788112104
time_dependent,prepared,0.01,0.001,0.159,0.45747383573058026,0.7385711484961683,1.6653345369377348e-16,1.1274029186819598e-16,0.0877838287724379,0.34906065736529235,0.07934131925063848,0.008509029432203156
time_dependent,prepared,0.01,0.001,0.16,0.4566894683670992,0.7381553125141602,1.4432899320127035e-15,9.776329639197815e-16,0.088240518240805,0.3487791915211445,0.07920692252345359,0.00850054937453344
time_dependent,prepared,0.01,0.001,0.161,0.4559091302058582,0.7377368979985593,-1.5543122344752192e-15,1.0534326252977088e-15,0.08869642737101087,0.3484973637533506,0.07907254453807869,0.008492077608715742
time_dependent,prepared,0.01,0.001,0.162,0.4551327824545037,0.7373159327758394,2.4980018054066022e-15,1.6939833349336063e-15,0.08915156015346537,0.3482151806030303,0.07893818786038749,0.008483614128343366
time_dependent,prepared,0.01,0.001,0.163,0.45436038683026336,0.7368924445334707,1.7763568394002505e-15,1.2053026548025379e-15,0.08960592054029563,0.3479326485453272,0.07880385502309088,0.008475158926991742
time_dependent,prepared,0.01,0.001,0.164,0.45359190554075446,0.7364664608161432,-3.6637359812630166e-15,2.487374630205779e-15,0.09005951244583639,0.3476497739900531,0.07866954852615046,0.008466711998216714
time_dependent,prepared,0.01,0.001,0.165,0.4528273012867969,0.7360380090223616,2.886579864025407e-15,1.9608904897856327e-15,0.09051233974712318,0.34736656328231696,0.07853527083719436,0.008458273335557822
time_dependent,prepared,0.01,0.001,0.166,0.4520665372395185,0.7356071164012193,8.326672684688674e-16,5.659728202076749e-16,0.0909644062843627,0.34708302270315367,0.07840102439191814,0.008449842932535983
time_dependent,prepared,0.01,0.001,0.167,0.45130957704130226,0.7351738100493213,-5.551115123125783e-16,3.77537600445354e-16,0.091415715861404,0.3467991584701456,0.07826681159448153,0.008441420782655735
time_dependent,prepared,0.01,0.001,0.168,0.45055638479502425,0.7347381169079814,1.1102230246251565e-16,7.555229537412178e-17,0.09186627224619902,0.34651497673803405,0.07813263481790188,0.008433006879405925
time_dependent,prepared,0.01,0.001,0.169,0.4498069250500915,0.7343000637605028,-1.5543122344752192e-15,1.0583631346259631e-15,0.09231607917124911,0.34623048359932257,0.07799849640443442,0.00842460121625866
time_dependent,prepared,0.01,0.001,0.17,0.4490611628005144,0.733859677229791,1.3322676295501878e-15,9.077127895753144e-16,0.09276514033404962,0.3459456850848939,0.07786439866595059,0.008416203786671182
time_dependent,prepared,0.01,0.001,0.171,0.4483190634718606,0.7334169837759782,-1.1657341758564144e-15,7.947281025963315e-16,0.09321345939752147,0.34566058716458975,0.07773034388430901,0.0084078145840852
time_dependent,prepared,0.01,0.001,0.17200000000000001,0.4475805929162717,0.7329720096943021,2.7755575615628914e-15,1.8933584944945424e-15,0.09366103999043775,0.3453751957478112,0.07759633431171911,0.008399433601927998
time_dependent,prepared,0.01,0.001,0.17300000000000001,0.4468457174051878,0.7325247811131165,3.3306690738754696e-16,2.273417336690175e-16,0.09410788570784294,0.3450895166841039,0.07746237217110041,0.008391060833612954
time_dependent,prepared,0.01,0.001,0.17400000000000002,0.44611440361797133,0.7320753239920572,-2.220446049250313e-16,1.5165420664243046e-16,0.09455400011146091,0.3448035557637287,0.0773284596564371,0.008382696272539193
time_dependent,prepared,0.01,0.001,0.17500000000000002,0.4453866186390103,0.7316236641203696,5.551115123125783e-15,3.793695717729321e-15,0.09499938673009992,0.34451731871824876,0.07719459893312153,0.008374339912092747
time_dependent,prepared,0.01,0.001,0.176,0.4446623299472987,0.731169827115342,1.3877787807814457e-15,9.490126160269757e-16,0.09544404906004722,0.3442308112210795,0.07706079213830065,0.008365991745646242
time_dependent,prepared,0.01,0.001,0.177,0.44394150541047367,0.7307138384209008,8.881784197001252e-16,6.077470912686632e-16,0.09588799056545769,0.3439440388880702,0.0769270413812058,0.008357651766559402
time_dependent,prepared,0.01,0.001,0.178,0.44322411328165945,0.7302557233063155,-3.0531133177191805e-15,2.090441211399118e-15,0.09633121467873934,0.3436570072780452,0.07679334874349168,0.008349319968180415
time_dependent,prepared,0.01,0.001,0.179,0.442510122185076,0.7297955068650098,-1.1102230246251565e-15,7.606398053849044e-16,0.09677372480092442,0.3433697218933652,0.07665971627955649,0.00834099634384442
time_dependent,prepared,0.01,0.001,0.18,0.44179950111813937,0.729333214013576,-3.3306690738754696e-16,2.2833658264009026e-16,0.09721552430204256,0.34308218818046926,0.07652614601686646,0.00833268088687561
time_dependent,prepared,0.01,0.001,0.181,0.4410922194406095,0.7288688694907753,1.27675647831893e-15,8.758478594448243e-16,0.09765661652148316,0.34279441153041923,0.0763926399562707,0.008324373590586812
time_dependent,prepared,0.01,0.001,0.182,0.44038824686632083,0.7284024978567175,6.106226635438361e-16,4.191519560548995e-16,0.09809700476834948,0.3425063972794301,0.07625920007231062,0.008316074448279032
time_dependent,prepared,0.01,0.001,0.183,0.439687553464212,0.7279341234921727,-4.440892098500626e-16,3.050339278777044e-16,0.0985366923218137,0.3422181507093995,0.07612582831353255,0.008307783453243307
time_dependent,prepared,0.01,0.001,0.184,0.4389901096448846,0.7274637705978849,2.7755575615628914e-16,1.9076947016081138e-16,0.09897568243145859,0.34192967704844685,0.07599252660278334,0.008299500598759458
time_dependent,prepared,0.01,0.001,0.185,0.4382958861637762,0.726991463194096,3.3306690738754696e-16,2.2907208973554544e-16,0.09941397831762236,0.3416409814714168,0.0758592968375138,0.008291225878098342
time_dependent,prepared,0.01,0.001,0.186,0.4376048541056018,0.7265172251200316,-2.942091015256665e-15,2.0247909571384167e-15,0.09985158317172796,0.3413520691004024,0.07572614089007138,0.008282959284519865
time_dependent,prepared,0.01,0.001,0.187,0.4369169848847815,0.7260410800336005,-1.942890293094024e-15,1.3380030045986596e-15,0.10028850015661274,0.3410629450052545,0.07559306060798403,0.008274700811274268
time_dependent,prepared,0.01,0.001,0.188,0.4362322502432394,0.725563051411083,-1.1102230246251565e-16,7.650768754458919e-17,0.10072473240685598,0.34077361420408653,0.0754600578142544,0.008266450451603463
time_dependent,prepared,0.01,0.001,0.189,0.43555062223817415,0.7250831625469725,-2.220446049250313e-16,1.5311664674784585e-16,0.10116028302909415,0.34048408166377686,0.07532713430763698,0.008258208198739602
time_dependent,prepared,0.01,0.001,0.19,0.4348720732394372,0.7246014365537341,5.551115123125783e-17,3.83046102525504e-17,0.10159515510233358,0.340194352300464,0.07519429186291311,0.0082499740459057
time_dependent,prepared,0.01,0.001,0.191,0.4341965759303918,0.7241178963619194,-2.9976021664879227e-15,2.0698301903242186e-15,0.10202935167826398,0.33990443098003215,0.07506153223116932,0.008241747986317126
time_dependent,prepared,0.01,0.001,0.192,0.4335241032945308,0.7236325647200286,4.6074255521944e-15,3.1835393933501216e-15,0.10246287578155851,0.3396143225186066,0.07492885714006481,0.008233530013180317
time_dependent,prepared,0.01,0.001,0.193,0.4328546286156842,0.7231454641946884,3.2751579226442118e-15,2.2645222052879058e-15,0.10289573041017419,0.3393240316830265,0.07479626829409713,0.008225320119693603
time_dependent,prepared,0.01,0.001,0.194,0.4321881254739651,0.7226566171707491,-1.7763568394002505e-15,1.2290462698278562e-15,0.10332791853564816,0.3390335631913316,0.07466376737486716,0.00821711829904778
time_dependent,prepared,0.01,0.001,0.195,0.4315245677394163,0.7221660458514503,3.0531133177191805e-15,2.1138582568773942e-15,0.10375944310338757,0.3387429217132187,0.07453135604133601,0.00820892454442592
time_dependent,prepared,0.01,0.001,0.196,0.43086392956808756,0.7216737722587596,2.220446049250313e-16,1.5384001293968052e-16,0.10419030703295566,0.3384521118705287,0.07439903593008204,0.008200738849003636
time_dependent,prepared,0.01,0.001,0.197,0.4302061853992511,0.7211798182336014,2.220446049250313e-16,1.5394538179735053e-16,0.10462051321835492,0.3381611382376947,0.07426680865555343,0.008192561205949564
time_dependent,prepared,0.01,0.001,0.198,0.4295513099481528,0.7206842054362715,-5.551115123125783e-17,3.8512812416676833e-17,0.10505006452830307,0.3378700053422061,0.07413467581031417,0.008184391608424957
time_dependent,prepared,0.01,0.001,0.199,0.42889927820672297,0.7201869553467978,-1.942890293094024e-15,1.3488791199768746e-15,0.10547896380650978,0.33757871766506575,0.07400263896529519,0.008176230049584853
time_dependent,prepared,0.01,0.001,0.2,0.4282500654360691,0.7196880892654052,3.164135620181696e-15,2.198268713472362e-15,0.10590721387194585,0.33728727964123734,0.07387069967003221,0.008168076522577668
time_dependent,prepared,0.01,0.001,0.201,0.42760364716177235,0.719187628313068,-3.1086244689504383e-15,2.1612054675092635e-15,0.10633481751910762,0.3369956956600854,0.07373885945290902,0.008159931020544927
time_dependent,prepared,0.01,0.001,0.202,0.42695999917518573,0.7186855934319466,2.9976021664879227e-15,2.085475341291758e-15,0.10676177751828281,0.3367039700658278,0.07360711982139033,0.008151793536622808
time_dependent,prepared,0.01,0.001,0.203,0.4263190975234574,0.7181820053860585,3.608224830031759e-15,2.512054606611975e-15,0.10718809661580626,0.33641210715796543,0.073475482262258,0.008143664063940887
time_dependent,prepared,0.01,0.001,0.20400000000000001,0.4256809185105473,0.7176768847618205,-2.609024107869118e-15,1.8176871536938206e-15,0.1076137775343168,0.3361201111917146,0.07334394824184058,0.008135542595623112
time_dependent,prepared,0.01,0.001,0.20500000000000002,0.42504543869387484,0.7171702519687541,1.3322676295501878e-15,9.288363717631106e-16,0.10803882297301068,0.33582798637844014,0.07321251920624158,0.008127429124788485
time_dependent,prepared,0.01,0.001,0.20600000000000002,0.4244126348752043,0.7166621272401491,7.771561172376096e-16,5.422053766329338e-16,0.10846323560788589,0.33553573688607513,0.07308119658156337,0.008119323644549682
time_dependent,prepared,0.01,0.001,0.20700000000000002,0.4237824841039449,0.7161525306337495,2.7755575615628914e-16,1.937825702512493e-16,0.10888701809198983,0.3352433668395437,0.07294998177412984,0.008111226148014572
time_dependent,prepared,0.01,0.001,0.20800000000000002,0.42315496367210453,0.7156414820325331,4.274358644806853e-15,2.9863826735329796e-15,0.10931017305566194,0.3349508803211824,0.07281887617070724,0.00810313662828632
time_dependent,prepared,0.01,0.001,0.209,0.4225300511052332,0.7151290011454918,-2.0539125955565396e-15,1.4360434217229272e-15,0.10973270310676718,0.3346582813711437,0.0726878811387172,0.008095055078462083
time_dependent,prepared,0.01,0.001,0.21,0.4219077241704122,0.7146151075083857,-3.885780586188048e-16,2.7187926377154367e-16,0.1101546108309376,0.334365573987808,0.07255699802645443,0.008086981491635553
time_dependent,prepared,0.01,0.001,0.211,0.42128796086366666,0.7140998204846133,-7.771561172376096e-16,5.441508980566641e-16,0.11057589879180127,0.3340727621281849,0.07242622816329691,0.00807891586089545
time_dependent,prepared,0.01,0.001,0.212,0.4206707394085545,0.7135831592660278,5.773159728050814e-15,4.045190566148524e-15,0.11099656953120983,0.33377984970832686,0.07229557285991504,0.008070858179325438
time_dependent,prepared,0.01,0.001,0.213,0.4200560382590535,0.7130651428738685,-4.996003610813204e-16,3.503188776468444e-16,0.11141662556946888,0.3334868406037124,0.07216503340847709,0.008062808440006083
time_dependent,prepared,0.01,0.001,0.214,0.41944383608826913,0.7125457901595337,1.8318679906315083e-15,1.2854387857806051e-15,0.11183606940555715,0.3331937386496408,0.0720346110828562,0.00805476663601291
time_dependent,prepared,0.01,0.001,0.215,0.4188341117919593,0.7120251198056271,3.941291737419306e-15,2.767663406661279e-15,0.11225490351734911,0.332900547641629,0.07190430713882744,0.008046732760417986
time_dependent,prepared,0.01,0.001,0.216,0.4182268444822967,0.7115031503267933,-4.218847493575595e-15,2.964742666028879e-15,0.11267313036183141,0.33260727133578255,0.07177412281427195,0.008038706806289347
time_dependent,prepared,0.01,0.001,0.217,0.41762201348644706,0.710979900070703,2.7755575615628914e-15,1.9519240707697023e-15,0.11309075237531785,0.33231391344919736,0.07164405932937021,0.00803068876669136
time_dependent,prepared,0.01,0.001,0.218,0.41701959834485613,0.7104553872190095,-1.887379141862766e-15,1.3282882893257261e-15,0.1135077719736627,0.3320204776603247,0.07151411788679869,0.008022678634685285
time_dependent,prepared,0.01,0.001,0.219,0.41641957880409053,0.7099296297883347,-1.609823385706477e-15,1.1337908140180365e-15,0.11392419155246679,0.3317269676093415,0.07138429967192171,0.008014676403328124
time_dependent,prepared,0.01,0.001,0.22,0.4158219348221466,0.7094026456312429,-7.771561172376096e-16,5.477538898562173e-16,0.11434001348728894,0.33143338689853086,0.07125460585298164,0.008006682065674706
time_dependent,prepared,0.01,0.001,0.221,0.41522664655625435,0.7088744524372681,-1.7208456881689926e-15,1.2137873513796022e-15,0.1147552401338452,0.3311397390926506,0.07112503758128674,0.00799869561477572
time_dependent,prepared,0.01,0.001,0.222,0.4146336943709146,0.7083450677339038,-1.9984014443252818e-15,1.4106129451274743e-15,0.11516987382821611,0.3308460277192851,0.07099559599139826,0.007990717043680075
time_dependent,prepared,0.01,0.001,0.223,0.4140430588234418,0.7078145088876404,7.771561172376096e-16,5.489828955745354e-16,0.11558391688703955,0.33055225626922335,0.07086628220131146,0.007982746345432393
time_dependent,prepared,0.01,0.001,0.224,0.41345472067334355,0.7072827931050403,5.2735593669694936e-15,3.728041611063401e-15,0.1159973716077129,0.33025842819679124,0.07073709731264087,0.007974783513075697
time_dependent,prepared,0.01,0.001,0.225,0.41286866087171437,0.7067499374337374,-2.7755575615628914e-16,1.963606513812475e-16,0.11641024026858461,0.32996454692023014,0.0706080424107964,0.007966828539649876
time_dependent,prepared,0.01,0.001,0.226,0.4122848605628243,0.7062159587634868,-3.9968028886505635e-15,2.8297313584137744e-15,0.11682252512914744,0.3296706158220302,0.0704791185651643,0.007958881418192523
time_dependent,prepared,0.01,0.001,0.227,0.41170330108091047,0.7056808738272683,4.440892098500626e-16,3.146530013216453e-16,0.11723422843022835,0.3293766382492828,0.07035032682928093,0.007950942141739028
time_dependent,prepared,0.01,0.001,0.228,0.41112396394503553,0.7051446992023453,-4.440892098500626e-16,3.148922556975989e-16,0.11764535239417338,0.3290826175140263,0.07022166824100476,0.007943010703321788
time_dependent,prepared,0.01,0.001,0.229,0.410546830864121,0.7046074513113282,1.2212453270876722e-15,8.666139740750971e-16,0.11805589922503751,0.32878855689357844,0.07009314382269217,0.007935087095971988
time_dependent,prepared,0.01,0.001,0.23,0.40997188372706095,0.7040691464232525,1.4432899320127035e-15,1.0249632009475003e-15,0.11846587110876457,0.32849445963088103,0.06996475458136397,0.007927171312718471
time_dependent,prepared,0.01,0.001,0.231,0.40939910460241413,0.7035298006547078,-9.43689570931383e-16,6.706820166346772e-16,0.11887527021336698,0.32820032893483025,0.06983650150887517,0.007919263346587506
time_dependent,prepared,0.01,0.001,0.232,0.40882847574274045,0.7029894299708479,6.661338147750939e-16,4.737865082855637e-16,0.11928409868910972,0.3279061679806012,0.06970838558207976,0.007911363190604846
time_dependent,prepared,0.01,0.001,0.233,0.40825997957151916,0.7024480501865833,-1.7763568394002505e-15,1.2644044203186408e-15,0.11969235866868123,0.32761197990998664,0.06958040776299639,0.007903470837793362
time_dependent,prepared,0.01,0.001,0.234,0.40769359869101696,0.70190567696762,4.440892098500626e-16,3.16345361223335e-16,0.12010005226737225,0.32731776783170885,0.06945256899896936,0.007895586281175064
time_dependent,prepared,0.01,0.001,0.23500000000000001,0.4071293158746182,0.7013623258315601,-4.996003610813204e-16,3.5616424113526253e-16,0.12050718158324687,0.3270235348217518,0.06932487022283014,0.007887709513770257
time_dependent,prepared,0.01,0.001,0.23600000000000002,0.4065671140663494,0.7008180121490286,-5.551115123125783e-17,3.960454088575381e-17,0.12091374869731322,0.3267292839236706,0.06919731235305722,0.007879840528597864
time_dependent,prepared,0.01,0.001,0.23700000000000002,0.4060069763784928,0.7002727511447752,3.497202527569243e-15,2.497028851866763e-15,0.12131975567369171,0.32643501814890535,0.06906989629393138,0.007871979318675311
time_dependent,prepared,0.01,0.001,0.23800000000000002,0.4054488860913594,0.6997265578987704,-4.218847493575595e-15,3.0146401090195216e-15,0.12172520455978307,0.3261407404770967,0.06894262293569252,0.007864125877019087
time_dependent,prepared,0.01,0.001,0.23900000000000002,0.4048928266496632,0.6991794473472865,-2.6645352591003757e-15,1.9054731007967476e-15,0.12213009738643274,0.3258464538563996,0.06881549315469243,0.007856280196644548
time_dependent,prepared,0.01,0.001,0.24,0.4043387816613428,0.6986314342840803,5.717648576819556e-15,4.092035010333217e-15,0.12253443616809408,0.32555216120377567,0.06868850781354921,0.007848442270566063
time_dependent,prepared,0.01,0.001,0.241,0.403786734895519,0.698082533361417,6.661338147750939e-16,4.771168042033056e-16,0.1229382229029896,0.3252578654053107,0.06856166776129548,0.007840612091797145
time_dependent,prepared,0.01,0.001,0.242,0.40323667028059607,0.6975327590912274,2.942091015256665e-15,2.1089267686077776e-15,0.1233414595732702,0.32496356931649883,0.06843497383352787,0.007832789653350424
time_dependent,prepared,0.01,0.001,0.243,0.40268857190168167,0.6969821258461963,-3.3861802251067274e-15,2.4291729296469554e-15,0.12374414814517187,0.3246692757625558,0.06830842685255532,0.007824974948237522
time_dependent,prepared,0.01,0.001,0.244,0.40214242400291134,0.6964306478608524,-3.2751579226442118e-15,2.351388420874464e-15,0.12414629056917478,0.32437498753869654,0.06818202762754368,0.007817167969470113
time_dependent,prepared,0.01,0.001,0.245,0.4015982109793814,0.6958783392327081,-2.1094237467877974e-15,1.5156555592129086e-15,0.12454788878015416,0.32408070741044576,0.06805577695466078,0.007809368710058872
time_dependent,prepared,0.01,0.001,0.246,0.40105591737929297,0.6953252139233336,-1.0547118733938987e-15,7.584306251766327e-16,0.12494894469753345,0.3237864381138995,0.06792967561721854,0.007801577163013898
time_dependent,prepared,0.01,0.001,0.247,0.4005155279036575,0.6947712857594369,-4.996003610813204e-16,3.5954304050952547e-16,0.1253494602254371,0.32349218235604343,0.06780372438581418,0.007793793321345413
time_dependent,prepared,0.01,0.001,0.248,0.39997702739971847,0.6942165684340089,2.55351295663786e-15,1.8391328245002754e-15,0.12574943725283683,0.3231979428150117,0.06767792401846984,0.007786017178062799
time_dependent,prepared,0.01,0.001,0.249,0.3994404008651852,0.6936610755073812,-6.106226635438361e-16,4.4014482367862e-16,0.126148877653702,0.3229037221403669,0.06755227526077183,0.00777824872617575
time_dependent,prepared,0.01,0.001,0.25,0.39890563344176944,0.6931048204083105,-2.6645352591003757e-15,1.9221733716486736e-15,0.12654778328714378,0.3226095229533997,0.06742677884600548,0.007770487958693635
time_dependent,prepared,0.01,0.001,0.251,0.3983727104149095,0.6925478164351101,-5.2735593669694936e-15,3.807361197177084e-15,0.12694615599755868,0.3223153478473796,0.06730143549529144,0.007762734868625424
time_dependent,prepared,0.01,0.001,0.252,0.39784161721483124,0.6919900767566515,-4.440892098500626e-16,3.2087830791700303e-16,0.12734399761477352,0.32202119938783746,0.06717624591771916,0.007754989448980585
time_dependent,prepared,0.01,0.001,0.253,0.3973123394127052,0.6914316144135443,-4.829470157119431e-15,3.4923700742377016e-15,0.12774130995418623,0.32172708011283835,0.06705121081048106,0.007747251692768831
time_dependent,prepared,0.01,0.001,0.254,0.39678486271726204,0.6908724423191305,-8.881784197001252e-16,6.427947948818713e-16,0.1281380948169035,0.32143299253323593,0.06692633085900063,0.007739521592999379
time_dependent,prepared,0.01,0.001,0.255,0.3962591729784057,0.690312573260588,-2.4424906541753444e-15,1.7691193444721787e-15,0.12853435398988192,0.32113893913295427,0.06680160673706265,0.00773179914268249
time_dependent,prepared,0.01,0.001,0.256,0.3957352561808207,0.6897520199000018,3.1086244689504383e-15,2.253436292510684e-15,0.12893008924606272,0.32084492236923495,0.06667703910694528,0.007724084334828291
time_dependent,prepared,0.01,0.001,0.257,0.3952130984455935,0.6891907947754256,2.886579864025407e-15,2.0941805127896405e-15,0.1293253023445083,0.3205509446729061,0.06655262861954225,0.0077163771624476005
time_dependent,prepared,0.01,0.001,0.258,0.3946926860257578,0.6886289103019128,3.3306690738754696e-15,2.418333752801062e-15,0.12971999503053408,0.3202570084486289,0.06642837591448994,0.007708677618551314
time_dependent,prepared,0.01,0.001,0.259,0.3941740053084878,0.6880663787726046,-2.7755575615628914e-16,2.0169257263478146e-16,0.13011416903584258,0.31996311607516426,0.06630428162029271,0.007700985696151073
time_dependent,prepared,0.01,0.001,0.26,0.39365704281237107,0.6875032123597477,2.831068712794149e-15,2.0589494433611014e-15,0.13050782607865496,0.3196692699056171,0.06618034635444502,0.00769330138825945
time_dependent,prepared,0.01,0.001,0.261,0.3931417851858802,0.6869394231157571,2.3314683517128287e-15,1.6969970518928466e-15,0.13090096786384084,0.31937547226768737,0.06605657072355475,0.007685624687889737
time_dependent,prepared,0.01,0.001,0.262,0.39262821920297264,0.6863750229742501,1.887379141862766e-15,1.3748891485621337e-15,0.1312935960830438,0.3190817254639161,0.06593295532346145,0.00767795558805547
time_dependent,prepared,0.01,0.001,0.263,0.3921163317667557,0.6858100237510677,-5.551115123125783e-16,4.0471230595054007e-16,0.13168571241481056,0.3187880317719315,0.06580950073935538,0.00767029408177124
time_dependent,prepared,0.01,0.001,0.264,0.391606109905768,0.6852444371453102,4.996003610813204e-16,3.64541712416249e-16,0.13207731852471633,0.31849439344469194,0.06568620754589707,0.007662640162052603
time_dependent,prepared,0.01,0.001,0.265,0.3910975407731288,0.6846782747403398,1.942890293094024e-15,1.4188344838536398e-15,0.13246841606548945,0.3182008127107241,0.0655630763073352,0.007654993821916214
time_dependent,prepared,0.01,0.001,0.266,0.3905906116443579,0.6841115480048408,-7.216449660063518e-16,5.274322353649597e-16,0.13285900667713382,0.31790729177436594,0.06544010757761899,0.007647355054379634
time_dependent,prepared,0.01,0.001,0.267,0.39008530991601953,0.6835442682937521,-1.6653345369377348e-15,1.2181614375135552e-15,0.13324909198704984,0.3176138328159871,0.06531730190051281,0.007639723852461255
time_dependent,prepared,0.01,0.001,0.268,0.3895816231075518,0.6829764468493565,-1.3877787807814457e-15,1.0159785064209896e-15,0.1336386736101574,0.3173204379922461,0.06519465980971359,0.007632100209181248
time_dependent,prepared,0.01,0.001,0.269,0.3890795388545731,0.6824080948022078,-6.661338147750939e-16,4.88075844827258e-16,0.134027753149012,0.31702710943629614,0.06507218182895741,0.007624484117560345
time_dependent,prepared,0.01,0.001,0.27,0.3885790449127551,0.6818392231721472,4.773959005888173e-15,3.5007952341595145e-15,0.13441633219392476,0.3167338492580392,0.06494986847213269,0.007616875570620865
time_dependent,prepared,0.01,0.001,0.271,0.38808012915458145,0.68126984286932,3.608224830031759e-15,2.648161273978388e-15,0.13480441232307935,0.3164406595443221,0.0648277202433907,0.007609274561386666
time_dependent,prepared,0.01,0.001,0.272,0.3875827795662181,0.680699964695081,-2.220446049250313e-16,1.6310020305678734e-16,0.13519199510264557,0.31614754235919484,0.06470573763725243,0.0076016810828824785
time_dependent,prepared,0.01,0.001,0.273,0.3870869842501265,0.6801295993430397,-2.4980018054066022e-15,1.836416035869863e-15,0.1355790820868957,0.3158544997441018,0.06458392113871654,0.0075940951281348555
time_dependent,prepared,0.01,0.001,0.274,0.38659273142198736,0.6795587573999715,-1.8318679906315083e-15,1.3478363501931286e-15,0.1359656748183177,0.3155615337181241,0.06446227122336702,0.007586516690172062
time_dependent,prepared,0.01,0.001,0.275,0.3861000094078722,0.6789874493468067,1.1102230246251565e-15,8.17557839760663e-16,0.13635177482772556,0.31526864627818535,0.06434078835747521,0.007578945762023415
time_dependent,prepared,0.01,0.001,0.276,0.3856088066456471,0.6784156855595893,4.996003610813204e-16,3.682110921928539e-16,0.1367373836343712,0.314975839399271,0.06421947299810733,0.007571382336720012
time_dependent,prepared,0.01,0.001,0.277,0.3851191116837898,0.6778434763103945,-3.0531133177191805e-15,2.2520784107400048e-15,0.137122502746055,0.31468311503464386,0.0640983255932254,0.007563826407294894
time_dependent,prepared,0.01,0.001,0.278,0.38463091317920434,0.6772708317682731,-7.216449660063518e-16,5.327595196460945e-16,0.1375071336592342,0.3143904751160548,0.06397734658178977,0.007556277966782814
time_dependent,prepared,0.01,0.001,0.279,0.38414419989420423,0.6766977620002239,-2.7200464103316335e-15,2.009794152629944e-15,0.1378912778591284,0.31409792155394967,0.0638565363938606,0.0075487370082198985
time_dependent,prepared,0.01,0.001,0.28,0.3836589607002346,0.6761242769720482,2.1649348980190553e-15,1.6009888801171926e-15,0.13827493681982864,0.31380545623767775,0.06373589545069706,0.007541203524644405
time_dependent,prepared,0.01,0.001,0.281,0.3831751845734076,0.675550386549359,2.220446049250313e-16,1.6434348151232065e-16,0.13865811200440203,0.3135130810357013,0.06361542416485536,0.007533677509096634
time_dependent,prepared,0.01,0.001,0.28200000000000003,0.38269286059381236,0.6749761004984174,-2.1649348980190553e-15,1.603712262123372e-15,0.13904080486499584,0.3132207977957968,0.06349512294028868,0.007526158954618787
time_dependent,prepared,0.01,0.001,0.28300000000000003,0.38221197794342054,0.6744014284870639,-4.440892098500626e-16,3.2924693742592003e-16,0.13942301684293926,0.3129286083452529,0.06337499217244162,0.007518647854254424
time_dependent,prepared,0.01,0.001,0.28400000000000003,0.38173252590894374,0.6738263800856468,1.2212453270876722e-15,9.062017777728178e-16,0.1398047493688482,0.31263651449107543,0.06325503224834803,0.007511144201049925
time_dependent,prepared,0.01,0.001,0.28500000000000003,0.38125449387841204,0.6732509647678592,5.162537064506978e-15,3.834036143035481e-15,0.14018600386272662,0.31234451802018537,0.063135243546725,0.007503647988053833
time_dependent,prepared,0.01,0.001,0.28600000000000003,0.38077787133698915,0.67267519191169,-3.3861802251067274e-15,2.516950428544479e-15,0.14056678173406362,0.3120526206996118,0.06301562643806669,0.007496159208316221
time_dependent,prepared,0.01,0.001,0.28700000000000003,0.38030264787065365,0.6720990708002362,1.942890293094024e-15,1.445389807473409e-15,0.14094708438193426,0.3117608242766814,0.06289618128473677,0.007488677854889437
time_dependent,prepared,0.01,0.001,0.28800000000000003,0.37982881316531925,0.6715226106226577,-3.3306690738754696e-15,2.4799381444410133e-15,0.14132691319509957,0.311469130479226,0.06277690844105979,0.007481203920828632
time_dependent,prepared,0.01,0.001,0.289,0.37935635700148845,0.670945820474928,2.3869795029440866e-15,1.7788168806644194e-15,0.14170626955210106,0.311177541015752,0.06265780825341548,0.007473737399190711
time_dependent,prepared,0.01,0.001,0.29,0.37888526925759447,0.6703687093608202,-1.0547118733938987e-15,7.866655011385757e-16,0.14208515482135864,0.3108860575756486,0.06253888106032485,0.007466278283035341
time_dependent,prepared,0.01,0.001,0.291,0.3784155399056603,0.6697912861926821,5.551115123125783e-17,4.143914109931303e-17,0.1424635703612643,0.3105946818293621,0.06242012719254108,0.007458826565424046
time_dependent,prepared,0.01,0.001,0.292,0.37794715901323034,0.6692135597922855,1.3877787807814457e-15,1.0368728789746815e-15,0.14284151752027754,0.31030341542858264,0.062301546973137424,0.00745138223942101
time_dependent,prepared,0.01,0.001,0.293,0.37748011674164145,0.6686355388917027,1.3877787807814457e-15,1.0377692330576371e-15,0.14321899763701917,0.3100122600064325,0.06218314071759421,0.007443945298093157
time_dependent,prepared,0.01,0.001,0.294,0.3770144033439399,0.6680572321341169,-7.216449660063518e-16,5.40107142992112e-16,0.14359601204036312,0.30972121717764306,0.062064908733886974,0.00743651573450973
time_dependent,prepared,0.01,0.001,0.295,0.37655000916369435,0.6674786480746189,-1.7763568394002505e-15,1.3306469386880448e-15,0.14397256204952683,0.3094302885387301,0.06194685132256819,0.007429093541742243
time_dependent,prepared,0.01,0.001,0.296,0.3760869246368831,0.6668997951810879,3.2751579226442118e-15,2.4555097679666234e-15,0.14434864897416372,0.309139475668188,0.06182896877685563,0.007421678712865122
time_dependent,prepared,0.01,0.001,0.297,0.3756251402893046,0.6663206818349767,1.3877787807814457e-15,1.0413745352760538e-15,0.14472427411445302,0.3088487801266423,0.061711261382715724,0.007414271240955729
time_dependent,prepared,0.01,0.001,0.298,0.37516464673263394,0.6657413163320932,4.996003610813204e-16,3.752210872489274e-16,0.14509943876118564,0.3085582034570436,0.06159372941894179,0.007406871119093254
time_dependent,prepared,0.01,0.001,0.299,0.37470543467002326,0.665161706883409,3.4416913763379853e-15,2.5871087742437066e-15,0.14547414419585566,0.30826774718482824,0.06147637315724277,0.007399478340360346
time_dependent,prepared,0.01,0.001,0.3,0.3742474948894622,0.6645818616159131,-2.609024107869118e-15,1.9629064969704034e-15,0.14584839169074512,0.3079774128181009,0.061359192862320285,0.007392092897842069
time_dependent,prepared,0.01,0.001,0.301,0.37379081826721766,0.664001788573301,3.3306690738754696e-16,2.5080271854627594e-16,0.14622218250901234,0.30768720184779713,0.061242188791949585,0.007384714784626734
time_dependent,prepared,0.01,0.001,0.302,0.3733353957617221,0.6634214957168215,-1.8318679906315083e-15,1.380621522258781e-15,0.14659551790477407,0.30739711574784184,0.061125361197058796,0.007377343993804748
time_dependent,prepared,0.01,0.001,0.303,0.3728812184194643,0.6628409909260293,6.106226635438361e-16,4.606102156497282e-16,0.14696839912319354,0.30710715597533395,0.06100871032180994,0.007369980518470201
time_dependent,prepared,0.01,0.001,0.304,0.37242827736801054,0.6622602819995611,-1.4988010832439613e-15,1.1315800780915292e-15,0.14734082740056154,0.306817323970702,0.060892236403673174,0.007362624351719593
time_dependent,prepared,0.01,0.001,0.305,0.3719765638184661,0.6616793766558662,1.4432899320127035e-15,1.090626353889933e-15,0.14771280396438,0.30652762115786686,0.06077593967350597,0.0073552754866524185
time_dependent,prepared,0.01,0.001,0.306,0.3715260690644338,0.6610982825340213,-5.551115123125783e-17,4.1984038302505444e-17,0.14808433003344443,0.306238048944397,0.06065982035562937,0.007347933916371293
time_dependent,prepared,0.01,0.001,0.307,0.3710767844812771,0.6605170071943879,-6.661338147750939e-16,5.04251826614249e-16,0.1484554068179257,0.3059486087216838,0.060543878667903034,0.007340599633982052
time_dependent,prepared,0.01,0.001,0.308,0.3706287015230238,0.6599355581194541,-3.885780586188048e-16,2.9440606271170863e-16,0.14882603551944873,0.30565930186508755,0.06042811482180095,0.007333272632593219
time_dependent,prepared,0.01,0.001,0.309,0.3701818117248106,0.6593539427144726,3.497202527569243e-15,2.651991821851945e-15,0.14919621733117355,0.30537012973409705,0.060312529022482506,0.007325952905316691
time_dependent,prepared,0.01,0.001,0.31,0.3697361067005865,0.6587721683082998,-1.0547118733938987e-15,8.005133824204785e-16,0.14956595343787413,0.3050810936724876,0.06019712146886904,0.007318640445267583
time_dependent,prepared,0.01,0.001,0.311,0.36929157814062313,0.6581902421539786,-7.216449660063518e-16,5.482039384576053e-16,0.14993524501601474,0.30479219500847476,0.060081892353714327,0.007311335245563729
time_dependent,prepared,0.01,0.001,0.312,0.3688482178139268,0.6576081714295913,1.6653345369377348e-16,1.2662057812613711e-16,0.15030409323382868,0.3045034350548607,0.0599668418636755,0.007304037299326393
time_dependent,prepared,0.01,0.001,0.313,0.36840601756787567,0.6570259632388824,8.326672684688674e-16,6.336638999501185e-16,0.15067249925139656,0.30421481510918996,0.059851970179387835,0.007296746599680648
time_dependent,prepared,0.01,0.001,0.314,0.36796496932271333,0.6564436246119952,6.106226635438361e-16,4.650990889771815e-16,0.15104046422071926,0.3039263364538989,0.05973727747553016,0.00728946313975426
time_dependent,prepared,0.01,0.001,0.315,0.3675250650737672,0.6558611625061519,-9.992007221626409e-16,7.617471343664667e-16,0.15140798928579302,0.30363800035646615,0.059622763920896514,0.007282186912678126
time_dependent,prepared,0.01,0.001,0.316,0.3670862968924678,0.6552785838063598,5.551115123125783e-16,4.2356909414623715e-16,0.1517750755826855,0.3033498080695539,0.05950842967846446,0.007274917911586927
time_dependent,prepared,0.01,0.001,0.317,0.3666486569236198,0.6546958953261077,1.887379141862766e-15,1.4414166602668628e-15,0.15214172423960912,0.3030617608311512,0.05939427490546481,0.007267656129618723
time_dependent,prepared,0.01,0.001,0.318,0.3662121373835622,0.6541131038080064,1.4988010832439613e-15,1.1456742530599752e-15,0.15250793637699267,0.3027738598647258,0.05928029975344573,0.007260401559914721
time_dependent,prepared,0.01,0.001,0.319,0.3657767305623513,0.6535302159245088,1.27675647831893e-15,9.768151855938141e-16,0.15287371310755501,0.3024861063793637,0.059166504368342025,0.007253154195619777
time_dependent,prepared,0.01,0.001,0.32,0.36534242882027934,0.652947238278528,4.996003610813204e-16,3.825733013271476e-16,0.1532390555363753,0.30219850156990596,0.05905288889053988,0.0072459140298821246
time_dependent,prepared,0.01,0.001,0.321,0.3649092245893097,0.6523641774041427,9.992007221626409e-16,7.658304646176416e-16,0.1536039647609646,0.30191104661709106,0.05893945345494218,0.007238681055853578
time_dependent,prepared,0.01,0.001,0.322,0.3644771103706938,0.6517810397672207,-2.6645352591003757e-15,2.0440417076661223e-15,0.1539684418713353,0.30162374268769504,0.05882619819103383,0.007231455266689365
time_dependent,prepared,0.01,0.001,0.323,0.36404607873603817,0.6511978317660936,-9.43689570931383e-16,7.245797858171857e-16,0.15433248795007132,0.3013365909346646,0.05871312322294355,0.0072242366555484465
time_dependent,prepared,0.01,0.001,0.324,0.3636161223246651,0.650614559732183,6.827871601444713e-15,5.2472477746696e-15,0.15469610407239598,0.30104959249725666,0.05860022866951009,0.007217025215593213
time_dependent,prepared,0.01,0.001,0.325,0.3631872338449252,0.6500312299306513,8.881784197001252e-16,6.831813448369858e-16,0.1550592913062409,0.30076274850117124,0.05848751464434263,0.007209820939989883
time_dependent,prepared,0.01,0.001,0.326,0.362759406071643,0.6494478485610055,2.3314683517128287e-15,1.7949619487374584e-15,0.15542205071231255,0.3004760600586818,0.05837498125588312,0.007202623821908059
time_dependent,prepared,0.01,0.001,0.327,0.3623326318471376,0.6488644217577743,-5.551115123125783e-16,4.2775616422979474e-16,0.1557843833441597,0.3001895282687709,0.05826262860746824,0.007195433854521309
time_dependent,prepared,0.01,0.001,0.328,0.36190690407927556,0.6482809555910677,8.881784197001252e-16,6.850258456924215e-16,0.15614629024823898,0.299903154217259,0.05815045679738884,0.0071882510310067056
time_dependent,prepared,0.01,0.001,0.329,0.36148221574229095,0.6476974560672643,-2.55351295663786e-15,1.971223549450439e-15,0.15650777246398126,0.29961693897693414,0.05803846591895163,0.00718107534454534
time_dependent,prepared,0.01,0.001,0.33,0.36105855987378915,0.6471139291295462,-6.661338147750939e-16,5.146959328098008e-16,0.15686883102385504,0.2993308836076798,0.057926656060536444,0.007173906788321666
time_dependent,prepared,0.01,0.001,0.331,0.36063592957540025,0.6465303806585544,-2.275957200481571e-15,1.7601316725157527e-15,0.15722946695343043,0.29904498915659655,0.05781502730565648,0.007166745355523964
time_dependent,prepared,0.01,0.001,0.332,0.3602143180152149,0.6459468164729827,-2.7200464103316335e-15,2.1054724173607004e-15,0.15758968127144565,0.29875925665813835,0.057703579733016555,0.007159591039344788
time_dependent,prepared,0.01,0.001,0.333,0.3597937184216127,0.6453632423301195,-4.440892098500626e-16,3.4406143759183914e-16,0.15794947498986728,0.298473687134228,0.057592313416569424,0.007152443832980296
time_dependent,prepared,0.01,0.001,0.334,0.35937412408602093,0.6447796639265206,1.609823385706477e-15,1.2483515499722175e-15,0.1583088491139533,0.2981882815943895,0.05748122842557441,0.007145303729630477
time_dependent,prepared,0.01,0.001,0.335,0.35895552836103595,0.644196086898529,2.7755575615628914e-16,2.1542800538619886e-16,0.15866780464231434,0.2979030410358516,0.05737032482465156,0.0071381707224991
time_dependent,prepared,0.01,0.001,0.336,0.35853792466053047,0.6436125168228647,-1.5543122344752192e-15,1.2074906825522471e-15,0.15902634256697487,0.2976179664436886,0.05725960267383906,0.007131044804793823
time_dependent,prepared,0.01,0.001,0.337,0.3581213064614654,0.6430289592172151,-7.771561172376096e-16,6.042932484593488e-16,0.15938446387343633,0.29733305879093463,0.05714906202864877,0.007123925969726927
time_dependent,prepared,0.01,0.001,0.338,0.3577056672959401,0.6424454195407863,-2.1094237467877974e-15,1.6417143640743806e-15,0.15974216954073225,0.2970483190386884,0.05703870294011871,0.007116814210513628
time_dependent,prepared,0.01,0.001,0.339,0.3572910007609117,0.641861903194849,-5.551115123125783e-17,4.324228541603162e-17,0.16009946054149315,0.2967637481362542,0.056928525454869774,0.007109709520374255
time_dependent,prepared,0.01,0.001,0.34,0.356877300505651,0.6412784155233366,-1.4988010832439613e-15,1.1686040313869105e-15,0.1604563378419988,0.29647934702123757,0.05681852961515603,0.007102611892531742
time_dependent,prepared,0.01,0.001,0.341,0.3564645602446307,0.6406949618133617,3.1086244689504383e-15,2.4259785500357905e-15,0.16081280240224344,0.2961951166196682,0.056708715458920325,0.007095521320214608
time_dependent,prepared,0.01,0.001,0.342,0.35605277374644945,0.6401115472957777,1.9984014443252818e-15,1.5609790612024947e-15,0.1611688551759899,0.29591105784612065,0.05659908301984685,0.007088437796654821
time_dependent,prepared,0.01,0.001,0.343,0.35564193483474194,0.6395281771457156,3.885780586188048e-15,3.03800577132559e-15,0.16152449711082464,0.2956271716038072,0.05648963232740919,0.007081361315087764
time_dependent,prepared,0.01,0.001,0.34400000000000003,0.35523203739419357,0.6389448564831227,-1.1102230246251565e-16,8.687940855616564e-17,0.16187972914821883,0.2953434587847182,0.05638036340692639,0.00707429186875397
time_dependent,prepared,0.01,0.001,0.34500000000000003,0.3548230753629266,0.6383615903732643,2.3314683517128287e-15,1.8261345817732882e-15,0.16223455222358174,0.29505992026970873,0.05627127627961023,0.007067229450897675
time_dependent,prepared,0.01,0.001,0.34600000000000003,0.3544150427337968,0.6377783838273321,-1.887379141862766e-15,1.4796512313074453e-15,0.16258896726631553,0.2947765569286154,0.05616237096261634,0.007060174054766948
time_dependent,prepared,0.01,0.001,0.34700000000000003,0.35400793355760923,0.6371952418028515,1.1102230246251565e-15,8.711796257956515e-16,0.16294297519987314,0.2944933696203699,0.05605364746909528,0.007053125673614786
time_dependent,prepared,0.01,0.001,0.34800000000000003,0.3536017419361001,0.636612169204288,2.942091015256665e-15,2.3107404771526958e-15,0.16329657694180924,0.29421035919310123,0.05594510580823924,0.0070460843006976545
time_dependent,prepared,0.01,0.001,0.34900000000000003,0.3531964620279299,0.636029170883522,3.219646771412954e-15,2.531052755756835e-15,0.16364977340383718,0.29392752648424564,0.055836745985333294,0.007039049929276824
time_dependent,prepared,0.01,0.001,0.35000000000000003,0.3527920880429872,0.6354462516403736,-2.9976021664879227e-15,2.3586590988221e-15,0.16400256549188016,0.2936448723206481,0.05572856800180088,0.007032022552617469
time_dependent,prepared,0.01,0.001,0.35100000000000003,0.3523886142444669,0.6348634162230644,2.7200464103316335e-15,2.1422296046870634e-15,0.16435495410612463,0.29336239751866905,0.05562057185525289,0.007025002163989004
time_dependent,prepared,0.01,0.001,0.352,0.35198603494873293,0.6342806693287786,-3.6637359812630166e-15,2.8881031366919476e-15,0.16470694014107337,0.2930801028842902,0.055512757539534476,0.007017988756665349
time_dependent,prepared,0.01,0.001,0.353,0.35158434452329645,0.6336980156040716,2.0539125955565396e-15,1.620576792874006e-15,0.16505852448559666,0.2927979892132094,0.0554051250447721,0.007010982323924594
time_dependent,prepared,0.01,0.001,0.354,0.3511835373871981,0.6331154596454688,-3.9968028886505635e-15,3.156456557614863e-15,0.16540970802298385,0.2925160572909516,0.055297674357418856,0.00700398285904925
time_dependent,prepared,0.01,0.001,0.355,0.35078360801054875,0.632533005999839,-3.219646771412954e-15,2.5450425044015665e-15,0.1657604916309944,0.2922343078929627,0.05519040546030081,0.006996990355326146
time_dependent,prepared,0.01,0.001,0.356,0.3503845509125025,0.6319506591649412,-7.216449660063518e-16,5.709662261923525e-16,0.1661108761819069,0.2919527417847095,0.05508331833266085,0.006990004806046209
time_dependent,prepared,0.01,0.001,0.357,0.3499863606649753,0.6313684235898785,8.881784197001252e-16,7.0337570467181265e-16,0.16646086254257186,0.2916713597217841,0.05497641295020531,0.0069830262045053925
time_dependent,prepared,0.01,0.001,0.358,0.34958903188525986,0.6307863036755842,-7.216449660063518e-16,5.720201610286524e-16,0.16681045157445712,0.29139016244999366,0.05486968928514716,0.006976054544003263
time_dependent,prepared,0.01,0.001,0.359,0.3491925592443497,0.6302043037752424,7.216449660063518e-16,5.725484272983644e-16,0.16715964413370146,0.29110915070546417,0.05476314730624895,0.0069690898178446856
time_dependent,prepared,0.01,0.001,0.36,0.34879693745633017,0.6296224281948076,-1.6653345369377348e-15,1.3224866700765589e-15,0.16750844107115778,0.2908283252147236,0.05465678697886718,0.006962132019338
time_dependent,prepared,0.01,0.001,0.361,0.3484021612874019,0.6290406811934374,-1.1102230246251565e-16,8.824731514333889e-17,0.16785684323244518,0.29054768669481784,0.05455060826499434,0.006955181141796634
time_dependent,prepared,0.01,0.001,0.362,0.348008225550643,0.6284590669839079,1.942890293094024e-15,1.5457572299961502e-15,0.16820485145799582,0.2902672358533863,0.05444461112330325,0.006948237178538646
time_dependent,prepared,0.01,0.001,0.363,0.34761512510382697,0.6278775897331416,4.996003610813204e-16,3.9784853708002117e-16,0.16855246658309966,0.2899869733887552,0.05433879550918486,0.00694130012288599
time_dependent,prepared,0.01,0.001,0.364,0.3472228548539503,0.6272962535625854,-2.7200464103316335e-15,2.1680716207722896e-15,0.1688996894379536,0.289706899990047,0.05423316137479448,0.006934369968165525
time_dependent,prepared,0.01,0.001,0.365,0.346831409752783,0.6267150625486614,2.4424906541753444e-15,1.948645245769637e-15,0.1692465208477064,0.2894270163372506,0.05412770866908938,0.006927446707708525
time_dependent,prepared,0.01,0.001,0.366,0.34644078479852813,0.6261340207232577,-2.4980018054066022e-15,1.994782045640264e-15,0.16959296163250492,0.2891473231013268,0.05402243733787144,0.006920530334850963
time_dependent,prepared,0.01,0.001,0.367,0.3460509750342171,0.6255531320740646,-3.3306690738754696e-16,2.6621792003761594e-16,0.16993901260753913,0.2888678209442859,0.053917347323825054,0.006913620842933197
time_dependent,prepared,0.01,0.001,0.368,0.3456619755479003,0.6249724005450902,6.106226635438361e-16,4.885197034391128e-16,0.17028467458308702,0.2885885105192907,0.05381243856655969,0.006906718225300251
time_dependent,prepared,0.01,0.001,0.369,0.34527378147232524,0.6243918300370457,1.5543122344752192e-15,1.2446609322090253e-15,0.17062994836455936,0.2883093924707265,0.05370771100264647,0.0068998224753018195
time_dependent,prepared,0.01,0.001,0.37,0.34488638798213267,0.6238114244077481,1.942890293094024e-15,1.5572737345573765e-15,0.1709748347525415,0.28803046743429933,0.05360316456565923,0.006892933586291687
time_dependent,prepared,0.01,0.001,0.371,0.3444997903002059,0.623231187472586,-2.886579864025407e-15,2.315817887525394e-15,0.1713193345428417,0.28775173603712656,0.05349879918621223,0.006886051551629283
time_dependent,prepared,0.01,0.001,0.372,0.34411398368801727,0.6226511230048758,-3.3306690738754696e-15,2.67458690012625e-15,0.17166344852652973,0.2874731988978094,0.053394614791997336,0.006879176364677926
time_dependent,prepared,0.01,0.001,0.373,0.3437289634504442,0.6220712347363025,-6.106226635438361e-16,4.907980223540483e-16,0.17200717748998018,0.2871948566265249,0.05329061130782234,0.006872308018805357
time_dependent,prepared,0.01,0.001,0.374,0.3433447249367099,0.6214915263573308,2.275957200481571e-15,1.8310444342027837e-15,0.1723505222149169,0.2869167098251032,0.053186788655648645,0.006865446507384581
time_dependent,prepared,0.01,0.001,0.375,0.342961263538662,0.6209120015175906,-3.3306690738754696e-16,2.6820781896105064e-16,0.17269348347845556,0.28663875908712505,0.053083146754628774,0.00685859182379363
time_dependent,prepared,0.01,0.001,0.376,0.34257857468501957,0.6203326638262576,1.3322676295501878e-15,1.0738332085664016e-15,0.1730360620531406,0.2863610049979843,0.05297968552113999,0.006851743961414093
time_dependent,prepared,0.01,0.001,0.377,0.34219665384985687,0.6197535168524916,-2.7200464103316335e-15,2.194458229253616e-15,0.17337825870699045,0.2860834481349806,0.052876404868823695,0.006844902913633136
time_dependent,prepared,0.01,0.001,0.378,0.34181549654602256,0.6191745641257558,-1.4432899320127035e-15,1.165495173441564e-15,0.17372007420353647,0.2858060890674017,0.05277330470861892,0.006838068673842214
time_dependent,prepared,0.01,0.001,0.379,0.34143509832854446,0.6185958091362843,-2.220446049250313e-16,1.7947470840051566e-16,0.174061509301865,0.2855289283565939,0.052670384948798554,0.006831241235438083
time_dependent,prepared,0.01,0.001,0.38,0.34105545479001853,0.6180172553354001,9.992007221626409e-16,8.083922524302095e-16,0.17440256475665503,0.2852519665560478,0.05256764549500407,0.006824420591821721
time_dependent,prepared,0.01,0.001,0.381,0.340676561564197,0.6174389061359398,-2.9976021664879227e-15,2.427448397484007e-15,0.17474324131821922,0.284975204211476,0.05246508625028073,0.006817606736399067
time_dependent,prepared,0.01,0.001,0.382,0.3402984143229733,0.6168607649125759,1.0547118733938987e-15,8.549027052671894e-16,0.1750835397325422,0.28469864186088584,0.05236270711510997,0.00681079966258075
time_dependent,prepared,0.01,0.001,0.383,0.33992100877848586,0.6162828350022257,1.3322676295501878e-15,1.0808897748591155e-15,0.1754234607413207,0.2844222800346631,0.052260507987445345,0.006803999363782464
time_dependent,prepared,0.01,0.001,0.384,0.3395443406802257,0.6157051197044345,-1.1102230246251565e-16,9.015866435852542e-17,0.17576300508200093,0.28414611925563926,0.0521584887627455,0.006797205833424531
time_dependent,prepared,0.01,0.001,0.385,0.3391684058158638,0.6151276222816784,-1.6653345369377348e-16,1.3536496140106251e-16,0.1761021734878168,0.28387016003917154,0.052056649334005244,0.006790419064932149
time_dependent,prepared,0.01,0.001,0.386,0.3387932000105322,0.6145503459597828,1.1102230246251565e-15,9.032807742474287e-16,0.17644096668782733,0.28359440289322346,0.051954989591791026,0.006783639051735105
time_dependent,prepared,0.01,0.001,0.387,0.33841871912740795,0.6139732939282562,-1.4988010832439613e-15,1.2205751439565878e-15,0.17677938540695473,0.2833188483184235,0.05185350942427263,0.00677686578726838
time_dependent,prepared,0.01,0.001,0.388,0.33804495906661114,0.6133964693406327,-7.771561172376096e-16,6.334859720280179e-16,0.17711743036602134,0.28304349680814844,0.05175220871725416,0.006770099264971804
time_dependent,prepared,0.01,0.001,0.389,0.3376719157641157,0.6128198753148584,-1.1657341758564144e-15,9.5112301576175e-16,0.17745510228178546,0.28276834884859914,0.0516510873542059,0.006763339478289765
time_dependent,prepared,0.01,0.001,0.39,0.33729958519288955,0.6122435149335793,6.106226635438361e-16,4.986763017082187e-16,0.17779240186697834,0.2824934049188568,0.05155014521629751,0.0067565864206718595
time_dependent,prepared,0.01,0.001,0.391,0.3369279633616274,0.6116673912445567,8.881784197001252e-16,7.260305456965364e-16,0.17812932983033997,0.282218665490976,0.05144938218242659,0.006749840085572446
time_dependent,prepared,0.01,0.001,0.392,0.3365570463155914,0.6110915072609542,3.774758283725532e-15,3.088537673060466e-15,0.17846588687665554,0.2819441310300288,0.05134879812925155,0.006743100466451093
time_dependent,prepared,0.01,0.001,0.393,0.3361868301315649,0.6105158659616972,3.885780586188048e-16,3.182374777490086e-16,0.1788020737067871,0.2816698019941983,0.05124839293121925,0.0067363675567713764
time_dependent,prepared,0.01,0.001,0.394,0.3358173109268527,0.6099404702917968,3.941291737419306e-15,3.2308822986723366e-15,0.17913789101771396,0.28139567883483285,0.05114816646059882,0.0067296413500029595
time_dependent,prepared,0.01,0.001,0.395,0.33544848484906425,0.6093653231626792,4.996003610813204e-16,4.099350111426873e-16,0.17947333950256303,0.28112176199652095,0.051048118587507435,0.006722921839619747
time_dependent,prepared,0.01,0.001,0.396,0.33508034808125153,0.608790427452531,-4.718447854656915e-15,3.8752644932355175e-15,0.17980841985064427,0.28084805191715034,0.050948249179942555,0.006716209019100642
time_dependent,prepared,0.01,0.001,0.397,0.33471289684174943,0.6082157860066141,4.996003610813204e-16,4.1070979459573517e-16,0.18014313274748603,0.2805745490279848,0.05084855810381037,0.006709502881929957
time_dependent,prepared,0.01,0.001,0.398,0.33434612738009817,0.6076414016375665,1.7208456881689926e-15,1.4160043107097277e-15,0.18047747887486612,0.2803012537537271,0.05074904522295284,0.00670280342159632
time_dependent,prepared,0.01,0.001,0.399,0.33398003598217424,0.6070672771257591,-1.2212453270876722e-15,1.0058566596356683e-15,0.1808114589108483,0.28002816651258305,0.05064971039917885,0.006696110631594241
time_dependent,prepared,0.01,0.001,0.4,0.3336146189625399,0.6064934152195777,1.0547118733938987e-15,8.695163433984234e-16,0.18114507352981082,0.2797552877163271,0.05055055349229002,0.006689424505422039
time_dependent,prepared,0.01,0.001,0.401,0.33324987267225503,0.6059198186357596,-4.440892098500626e-15,3.6645872621392365e-15,0.18147832340248307,0.2794826177703611,0.050451574360110385,0.006682745036583975
time_dependent,prepared,0.01,0.001,0.402,0.3328857934936888,0.6053464900596641,4.551914400963142e-15,3.759759473053589e-15,0.18181120919597676,0.2792101570737955,0.050352772858512126,0.0066760722185891155
time_dependent,prepared,0.01,0.001,0.403,0.3325223778399036,0.6047734321456595,-5.551115123125783e-16,4.589417150345984e-16,0.18214373157381666,0.27893790601949053,0.050254148841444225,0.006669406044951305
time_dependent,prepared,0.01,0.001,0.404,0.3321596221576972,0.6042006475173126,5.551115123125783e-16,4.593767936144689e-16,0.18247589119597435,0.27866586499413226,0.05015570216095925,0.006662746509189803
time_dependent,prepared,0.01,0.001,0.405,0.33179752292239845,0.6036281387677901,-5.551115123125783e-17,4.5981248773934675e-17,0.18280768871889674,0.2783940343782858,0.050057432667239186,0.006656093604828282
time_dependent,prepared,0.01,0.001,0.406,0.331436076644478,0.603055908460084,-1.1102230246251565e-15,9.204975932166353e-16,0.18313912479554123,0.2781224145464698,0.04995934020862211,0.006649447325396286
time_dependent,prepared,0.01,0.001,0.40700000000000003,0.3310752798616738,0.6024839591273695,-1.1657341758564144e-15,9.67440010805309e-16,0.1834702000754029,0.27785100586720357,0.0498614246316292,0.006642807664427851
time_dependent,prepared,0.01,0.001,0.40800000000000003,0.3307151291436919,0.6019122932732522,-3.774758283725532e-15,3.135638136910342e-15,0.1838009152045466,0.27757980870307464,0.04976368578098914,0.006636174615462179
time_dependent,prepared,0.01,0.001,0.40900000000000003,0.3303556210911291,0.6013409133720685,-4.996003610813204e-16,4.1540526344679485e-16,0.18413127082563774,0.2773088234107935,0.049666123499664774,0.00662954817204383
time_dependent,prepared,0.01,0.001,0.41000000000000003,0.32999675233260817,0.6007698218691628,1.3877787807814457e-15,1.1550004096940793e-15,0.18446126757797035,0.2770380503412584,0.04956873762887684,0.006622928327721959
time_dependent,prepared,0.01,0.001,0.41100000000000003,0.32963851952837675,0.6001990211812076,5.551115123125783e-17,4.6243953482305257e-17,0.18479090609749874,0.2767674898396028,0.049471528008131184,0.006616315076051268
time_dependent,prepared,0.01,0.001,0.41200000000000003,0.3292809193672305,0.5996285136964303,6.106226635438361e-16,5.091674675205417e-16,0.18512018701686597,0.27649714224527566,0.0493744944752417,0.006609708410591422
time_dependent,prepared,0.01,0.001,0.41300000000000003,0.32892394856625706,0.5990583017749463,-6.661338147750939e-16,5.559841277563555e-16,0.18544911096543223,0.276227007892067,0.04927763686635417,0.006603108324906954
time_dependent,prepared,0.01,0.001,0.41400000000000003,0.32856760387371364,0.5984883877489823,-1.9984014443252818e-15,1.6695407005653162e-15,0.18577767856930594,0.27595708710819195,0.049180955015974484,0.006596514812568089
time_dependent,prepared,0.01,0.001,0.41500000000000004,0.3282118820630368,0.5979187739231921,8.326672684688674e-16,6.963046694498258e-16,0.18610589045136897,0.2756873802163319,0.049084448756985546,0.006589927867149421
time_dependent,prepared,0.01,0.001,0.41600000000000004,0.327856779939348,0.5973494625749076,-1.1657341758564144e-15,9.757556078074084e-16,0.18643374723130832,0.27541788753369517,0.04898811792067768,0.006583347482231476
time_dependent,prepared,0.01,0.001,0.417,0.3275022943330736,0.5967804559544033,-2.831068712794149e-15,2.371951598403603e-15,0.18676124952564138,0.2751486093720732,0.0488919623367682,0.006576773651399225
time_dependent,prepared,0.01,0.001,0.418,0.32714842210418515,0.5962117562851665,-1.3877787807814457e-15,1.1638304395642245e-15,0.18708839794774557,0.2748795460378934,0.048795981833425636,0.006570206368243317
time_dependent,prepared,0.01,0.001,0.419,0.3267951601387893,0.59564336576416,-9.992007221626409e-16,8.387575347882468e-16,0.18741519310788435,0.27461069783226866,0.04870017623729266,0.006563645626359177
time_dependent,prepared,0.01,0.001,0.42,0.3264425053514423,0.5950752865620912,-2.220446049250313e-15,1.865684980868914e-15,0.18774163561323579,0.27434206505105785,0.048604545373508494,0.006557091419347696
time_dependent,prepared,0.01,0.001,0.421,0.32609045468203685,0.594507520823644,1.0547118733938987e-15,8.870467037428528e-16,0.18806772606791783,0.2740736479849158,0.04850908906573026,0.006550543740814563
time_dependent,prepared,0.01,0.001,0.422,0.32573900509923776,0.5939400706677597,-1.4988010832439613e-15,1.2617443722553349e-15,0.18839346507301707,0.27380544691934755,0.04841380713615797,0.006544002584371078
time_dependent,prepared,0.01,0.001,0.423,0.3253881535975919,0.5933729381878826,-5.551115123125783e-16,4.677593774396322e-16,0.18871885322661466,0.2735374621347552,0.048318699405553625,0.006537467943633807
time_dependent,prepared,0.01,0.001,0.424,0.32503789719433746,0.5928061254522103,-1.3877787807814457e-15,1.1705165662068757e-15,0.189043891123809,0.27326969390649913,0.04822376569326261,0.006530939812223472
time_dependent,prepared,0.01,0.001,0.425,0.3246882329386894,0.5922396345039156,-3.6637359812630166e-15,3.0931195480794903e-15,0.1893685793567477,0.2730021425049344,0.04812900581723838,0.006524418183767389
time_dependent,prepared,0.01,0.001,0.426,0.3243391579013438,0.5916734673614401,-4.996003610813204e-16,4.22192635499849e-16,0.18969291851464903,0.27273480819547413,0.04803441959406021,0.0065179030518972446
time_dependent,prepared,0.01,0.001,0.427,0.3239906691796562,0.5911076260187018,1.4988010832439613e-15,1.2677903458451909e-15,0.19001690918382869,0.27246769123863507,0.04794000683895599,0.0065113944102502775
time_dependent,prepared,0.01,0.001,0.428,0.32364276389488966,0.5905421124453597,-9.992007221626409e-16,8.460029362047347e-16,0.19034055194772356,0.2722007918900835,0.04784576736582139,0.006504892252468396
time_dependent,prepared,0.01,0.001,0.429,0.3232954391967138,0.5899769285870211,-2.7755575615628914e-16,2.3522594080164096e-16,0.19066384738692027,0.27193411040069565,0.0477517009872427,0.006498396572199625
time_dependent,prepared,0.01,0.001,0.43,0.32294869225621914,0.589412076365491,-3.608224830031759e-15,3.0608677483173344e-15,0.19098679607917649,0.27166764701658513,0.047657807514514254,0.006491907363096692
time_dependent,prepared,0.01,0.001,0.431,0.3226025202694868,0.5888475576790365,7.771561172376096e-16,6.598958483421393e-16,0.19130939859944598,0.27140140197917656,0.04756408675766187,0.006485424618817422
time_dependent,prepared,0.01,0.001,0.432,0.32225692045711835,0.5882833744025793,1.6653345369377348e-16,1.4154186650514605e-16,0.1916316555199031,0.2711353755252298,0.047470538525457386,0.0064789483330249245
time_dependent,prepared,0.01,0.001,0.433,0.32191189006559606,0.5877195283879334,-1.942890293094024e-15,1.6529060200051684e-15,0.1919535674099687,0.2708695678869068,0.04737716262544428,0.006472478499388046
time_dependent,prepared,0.01,0.001,0.434,0.3215674263615112,0.5871560214640287,-1.4988010832439613e-15,1.2763226710226163e-15,0.1922751348363302,0.2706039792918051,0.04728395886395331,0.006466015111580108
time_dependent,prepared,0.01,0.001,0.435,0.32122352663931775,0.5865928554371599,-2.0539125955565396e-15,1.7507139547632738e-15,0.19259635836296954,0.2703386099630067,0.04719092704612261,0.006459558163280539
time_dependent,prepared,0.01,0.001,0.436,0.3208801882130949,0.5860300320911959,-9.43689570931383e-16,8.051546160219058e-16,0.19291723855118265,0.27007346011912764,0.047098066975916605,0.006453107648173386
time_dependent,prepared,0.01,0.001,0.437,0.32053740842261064,0.5854675531877945,-1.0547118733938987e-15,9.007432330375365e-16,0.19323777595960526,0.2698085299743651,0.047005378456144685,0.006446663559948396
time_dependent,prepared,0.01,0.001,0.438,0.3201951846285743,0.5849054204666133,-1.3322676295501878e-15,1.1388744085217755e-15,0.19355797114423384,0.26954381973852537,0.04691286128848018,0.006440225892300172
time_dependent,prepared,0.01,0.001,0.439,0.3198535142150886,0.5843436356455415,2.886579864025407e-15,2.4699335185164726e-15,0.19387782465844894,0.2692793296170943,0.046820515273476894,0.006433794638928704
time_dependent,prepared,0.01,0.001,0.44,0.31951239458994446,0.5837822004209252,-2.220446049250313e-16,1.9017760798884434e-16,0.19419733705303888,0.2690150598112639,0.046728340210590975,0.0064273697935395765
time_dependent,prepared,0.01,0.001,0.441,0.31917182318145976,0.5832211164677537,-3.885780586188048e-16,3.331309923860494e-16,0.19451650887622032,0.2687510105179783,0.04663633589819405,0.0064209513498433525
time_dependent,prepared,0.01,0.001,0.442,0.3188317974415507,0.5826603854398795,-9.992007221626409e-16,8.574469340388526e-16,0.19483534067366187,0.2684871819299798,0.04654450213359527,0.00641453930155618
time_dependent,prepared,0.01,0.001,0.443,0.318492314841942,0.5821000089702225,2.942091015256665e-15,2.5271353460906415e-15,0.1951538329885038,0.26822357423585125,0.04645283871305539,0.006408133642399015
time_dependent,prepared,0.01,0.001,0.444,0.318153372877901,0.5815399886710074,-1.1657341758564144e-15,1.002282042994555e-15,0.19547198636138172,0.26796018762005847,0.04636134543180663,0.006401734366098621
time_dependent,prepared,0.01,0.001,0.445,0.31781496906502965,0.5809803261339194,0.0,0.0,0.19578980133044674,0.26769702226298986,0.04627002208406813,0.00639534146638672
time_dependent,prepared,0.01,0.001,0.446,0.31747710094033577,0.580421022930318,1.3877787807814457e-15,1.1954932074781622e-15,0.19610727843138706,0.26743407834099975,0.046178868463063495,0.006388954937000379
time_dependent,prepared,0.01,0.001,0.447,0.31713976606259536,0.5798620806114835,-8.881784197001252e-16,7.658531652591534e-16,0.19642441819744966,0.2671713560264508,0.046087884361038244,0.0063825747716822635
time_dependent,prepared,0.01,0.001,0.448,0.3168029620107781,0.5793035007087523,2.9976021664879227e-15,2.5872467219863867e-15,0.19674122115946044,0.2669088554877523,0.045997069569275004,0.006376200964180194
time_dependent,prepared,0.01,0.001,0.449,0.316466686384204,0.5787452847337644,0.0,0.0,0.19705768784584465,0.2666465768894035,0.04590642387811083,0.00636983350824723
time_dependent,prepared,0.01,0.001,0.45,0.31613093680206183,0.5781874341786132,-9.992007221626409e-16,8.640802818398589e-16,0.1973738187826467,0.2663845203920265,0.045815947076953065,0.006363472397641596
time_dependent,prepared,0.01,0.001,0.451,0.31579571090634656,0.5776299505160721,4.274358644806853e-15,3.699910852084449e-15,0.19768961449355305,0.2661226861524175,0.04572563895429522,0.006357117626127392
time_dependent,prepared,0.01,0.001,0.452,0.3154610063560991,0.5770728351997715,1.7763568394002505e-15,1.5391097371489574e-15,0.19800507549990914,0.26586107432357287,0.0456354992977335,0.0063507691874735124
time_dependent,prepared,0.01,0.001,0.453,0.31512682083103455,0.5765160896643952,9.992007221626409e-16,8.665852871030021e-16,0.19832020232074019,0.26559968505474013,0.04554552789398093,0.00634442707545425
time_dependent,prepared,0.01,0.001,0.454,0.31479315203281394,0.5759597153258662,-1.609823385706477e-15,1.397513873687914e-15,0.198634995472773,0.26533851849144613,0.04545572452888565,0.006338091283849744
time_dependent,prepared,0.01,0.001,0.455,0.3144599976786337,0.5754037135814983,8.881784197001252e-16,7.717871806664364e-16,0.19894945547045162,0.26507757477554394,0.04536608898744199,0.0063317618064447625
time_dependent,prepared,0.01,0.001,0.456,0.31412735550826437,0.5748480858102496,-1.6653345369377348e-16,1.4484996802158978e-16,0.19926358282595988,0.2648168540452419,0.045276621053810175,0.006325438637029888
time_dependent,prepared,0.01,0.001,0.457,0.31379522327980697,0.5742928333728456,6.661338147750939e-16,5.799600622411236e-16,0.1995773780492397,0.26455635643514824,0.04518732051132845,0.006319121769401225
time_dependent,prepared,0.01,0.001,0.458,0.3134635987685242,0.5737379576119718,3.608224830031759e-15,3.1444885092229225e-15,0.19989084164800822,0.26429608207630506,0.045098187142528376,0.006312811197359579
time_dependent,prepared,0.01,0.001,0.459,0.31313247976973035,0.5731834598524859,-4.996003610813204e-16,4.358119137020261e-16,0.20020397412777793,0.26403603109622265,0.045009220729148536,0.006306506914711397
time_dependent,prepared,0.01,0.001,0.46,0.31280186409845684,0.5726293414015298,-2.220446049250313e-16,1.9388161666809602e-16,0.2005167759918764,0.2637762036189201,0.044920421052152826,0.00630020891526882
time_dependent,prepared,0.01,0.001,0.461,0.3124717495858574,0.5720756035487713,2.1649348980190553e-15,1.8921755136814564e-15,0.20082924774146224,0.2635165997649572,0.04483178789173906,0.006293917192848828
time_dependent,prepared,0.01,0.001,0.462,0.3121421340830531,0.5715222475665406,-1.7208456881689926e-15,1.5054931767714275e-15,0.2011413898755453,0.26325721965147303,0.044743321027357966,0.006287631741274188
time_dependent,prepared,0.01,0.001,0.463,0.31181301545836376,0.5709692747100028,-7.216449660063518e-16,6.319472850556433e-16,0.20145320289100366,0.26299806339222065,0.044655020237724656,0.006281352554372768
time_dependent,prepared,0.01,0.001,0.464,0.3114843915978128,0.5704166862173424,-3.885780586188048e-16,3.406089513226015e-16,0.20176468728260147,0.2627391310976027,0.04456688530083305,0.00627507962597788
time_dependent,prepared,0.01,0.001,0.465,0.31115626040618793,0.5698644833099095,2.1094237467877974e-15,1.8508117355689157e-15,0.20207584354300764,0.2624804228746988,0.04447891599396948,0.006268812949928295
time_dependent,prepared,0.01,0.001,0.466,0.3108286198042628,0.5693126671924366,-4.718447854656915e-15,4.143986359838034e-15,0.20238667216281192,0.2622219388273092,0.04439111209372633,0.0062625525200679525
time_dependent,prepared,0.01,0.001,0.467,0.3105014677317388,0.5687612390531183,-2.220446049250313e-16,1.9520019094013362e-16,0.20269717363054365,0.26196367905598855,0.04430347337601552,0.006256298330246424
time_dependent,prepared,0.01,0.001,0.468,0.3101748021440174,0.568210200063865,2.1649348980190553e-15,1.9050475491074604e-15,0.20300734843268767,0.26170564365806964,0.044215999616080595,0.006250050374318362
time_dependent,prepared,0.01,0.001,0.46900000000000003,0.3098486210154553,0.5676595513804039,0.0,0.0,0.20331719705370313,0.26144783272770344,0.044128690588512064,0.006243808646144256
time_dependent,prepared,0.01,0.001,0.47000000000000003,0.30952292233525924,0.56710929414247,2.275957200481571e-15,2.0066301363682086e-15,0.2036267199760384,0.2611902463558968,0.04404154606725801,0.006237573139589503
time_dependent,prepared,0.01,0.001,0.47100000000000003,0.30919770410998354,0.5665594294739379,8.326672684688674e-16,7.348454770596755e-16,0.20393591768014838,0.26093288463053316,0.04395456582563762,0.006231343848524962
time_dependent,prepared,0.01,0.001,0.47200000000000003,0.3088729643641008,0.566009958483025,-1.0547118733938987e-15,9.31707876854901e-16,0.20424479064451248,0.2606757476364143,0.04386774963635449,0.006225120766827205
time_dependent,prepared,0.01,0.001,0.47300000000000003,0.30854870113552,0.5654608822623929,-3.3306690738754696e-16,2.9450923824735303e-16,0.204553339345648,0.26041883545528705,0.04378109727150809,0.0062189038883776115
time_dependent,prepared,0.01,0.001,0.47400000000000003,0.30822491248196654,0.5649122018893237,1.3322676295501878e-15,1.1791811409759576e-15,0.20486156425812999,0.2601621481658795,0.04369460850260647,0.006212693207063551
time_dependent,prepared,0.01,0.001,0.47500000000000003,0.30790159647517995,0.5643639184259115,-7.216449660063518e-16,6.393436419705207e-16,0.20516946585460516,0.259905685843928,0.04360828310057911,0.0062064887167776065
time_dependent,prepared,0.01,0.001,0.47600000000000003,0.3075787512025583,0.5638160329191362,-3.3306690738754696e-16,2.953684251076595e-16,0.2054770446058077,0.25964944856221306,0.043522120835787596,0.0062002904114175
time_dependent,prepared,0.01,0.001,0.47700000000000004,0.3072563747687493,0.5632685464010725,2.9976021664879227e-15,2.6608996593549243e-15,0.20578430098057646,0.259393436390579,0.04343612147803856,0.006194098284886681
time_dependent,prepared,0.01,0.001,0.47800000000000004,0.30693446529244456,0.5627214598890367,5.551115123125783e-16,4.93238264293351e-16,0.2060912354458689,0.25913764939598294,0.04335028479659581,0.006187912331093725
time_dependent,prepared,0.01,0.001,0.47900000000000004,0.30661302090863385,0.5621747743856923,1.7208456881689926e-15,1.5305255292265803e-15,0.20639784846677756,0.25888208764250736,0.04326461056018961,0.006181732543952639
time_dependent,prepared,0.01,0.001,0.48,0.30629203976855796,0.56162849087924,-1.1102230246251565e-15,9.883962821108686e-16,0.20670414050654612,0.2586267511913961,0.0431790985370319,0.006175558917383139
time_dependent,prepared,0.01,0.001,0.481,0.3059715200362146,0.5610826103435279,5.551115123125783e-16,4.946789493018737e-16,0.20701011202658234,0.25837164010108843,0.04309374849482418,0.006169391445309814
time_dependent,prepared,0.01,0.001,0.482,0.30565145989349657,0.5605371337382271,1.942890293094024e-15,1.7330611802084082e-15,0.20731576348647585,0.2581167544272435,0.04300856020077101,0.006163230121663181
time_dependent,prepared,0.01,0.001,0.483,0.305331857535629,0.5599920620089488,9.992007221626409e-16,8.92156148230073e-16,0.20762109534401146,0.25786209422277007,0.04292353342159038,0.006157074940378947
time_dependent,prepared,0.01,0.001,0.484,0.30501271117173145,0.5594473960873781,-4.440892098500626e-16,3.9689988098604184e-16,0.2079261080551832,0.25760765953785497,0.04283866792352355,0.006150925895397915
time_dependent,prepared,0.01,0.001,0.485,0.30469401902777765,0.5589031368914427,3.2751579226442118e-15,2.9299870643599063e-15,0.20823080207421096,0.2573534504199909,0.04275396347234842,0.006144782980666734
time_dependent,prepared,0.01,0.001,0.486,0.30437577934257853,0.5583592853254346,-9.992007221626409e-16,8.947650271278886e-16,0.20853517785355355,0.2570994669140083,0.042669419833387456,0.00613864619013721
time_dependent,prepared,0.01,0.001,0.487,0.30405799037095577,0.5578158422801255,4.996003610813204e-16,4.478183687282491e-16,0.2088392358439245,0.25684570906209986,0.04258503677152125,0.00613251551776692
time_dependent,prepared,0.01,0.001,0.488,0.30374065037960213,0.5572728086329465,-2.6645352591003757e-15,2.3906919715289803e-15,0.2091429764943041,0.25659217690384534,0.04250081405119637,0.006126390957518363
time_dependent,prepared,0.01,0.001,0.489,0.30342375765040275,0.5567301852480739,-4.052314039881821e-15,3.639387756634896e-15,0.20944640025195452,0.25633887047624854,0.04241675143643652,0.006120272503359461
time_dependent,prepared,0.01,0.001,0.49,0.30310731048052075,0.5561879729765941,2.220446049250313e-16,1.996129147999174e-16,0.20974950756243504,0.2560857898137522,0.04233284869085396,0.006114160149264035
time_dependent,prepared,0.01,0.001,0.491,0.3027913071787825,0.555646172656625,-3.608224830031759e-15,3.2468727470760075e-15,0.21005229886961382,0.25583293494827414,0.04224910557765765,0.006108053889210822
time_dependent,prepared,0.01,0.001,0.492,0.30247574606835786,0.5551047851134445,-4.218847493575595e-15,3.8000460514075935e-15,0.2103547746156822,0.25558030590922987,0.042165521859665045,0.006101953717184005
time_dependent,prepared,0.01,0.001,0.493,0.30216062548737477,0.5545638111595992,9.43689570931383e-16,8.508394813557315e-16,0.21065693524116957,0.255327902723557,0.04208209729931092,0.006095859627173488
time_dependent,prepared,0.01,0.001,0.494,0.30184594378628327,0.5540232515950869,-3.885780586188048e-16,3.5068750047949327e-16,0.21095878118495587,0.2550757254157481,0.04199883165865817,0.0060897716131745935
time_dependent,prepared,0.01,0.001,0.495,0.30153169932880464,0.5534831072074061,3.608224830031759e-15,3.2595618394181994e-15,0.21126031288428468,0.2548237740078688,0.0419157246994059,0.006083689669187805
time_dependent,prepared,0.01,0.001,0.496,0.3012178904903997,0.5529433787717603,2.1094237467877974e-15,1.9074500462175763e-15,0.21156153077477508,0.2545720485195874,0.04183277618289939,0.006077613789218748
time_dependent,prepared,0.01,0.001,0.497,0.30090451566219495,0.5524040670511153,-2.3869795029440866e-15,2.1605375895279376e-15,0.21186243529043727,0.2543205489682004,0.04174998587014137,0.006071543967278862
time_dependent,prepared,0.01,0.001,0.498,0.30059157324844765,0.5518651727963452,3.885780586188048e-16,3.5205887033045453e-16,0.2121630268636857,0.254069275368651,0.041667353521799,0.006065480197385345
time_dependent,prepared,0.01,0.001,0.499,0.3002790616625941,0.5513266967463861,-1.6653345369377348e-15,1.5102973851670766e-15,0.21246330592534832,0.25381822773356744,0.041584878898213926,0.006059422473559943
time_dependent,prepared,0.01,0.001,0.5,0.2999669793356833,0.5507886396283005,9.43689570931383e-16,8.566712374171612e-16,0.212763272904684,0.25356740607327416,0.041502561759412776,0.00605337078983074
time_dependent,prepared,0.01,0.001,0.501,0.2996553247056828,0.5502510021574197,-2.1094237467877974e-15,1.9167831939580206e-15,0.2130629282293897,0.2533168103958224,0.04142040186511284,0.006047325140230095
time_dependent,prepared,0.01,0.001,0.502,0.29934409622805314,0.549713785037481,1.7763568394002505e-15,1.615710655026716e-15,0.21336227232561775,0.2530664407070137,0.04133839897473424,0.006041285518796749
time_dependent,prepared,0.01,0.001,0.503,0.29903329236868936,0.5491769889607232,-3.219646771412954e-15,2.9313380168257834e-15,0.21366130561798644,0.2528162970104206,0.0412565528474077,0.006035251919574606
time_dependent,prepared,0.01,0.001,0.504,0.29872291160520564,0.5486406146079857,8.604228440844963e-16,7.841406753119109e-16,0.21396002852959164,0.2525663793074195,0.041174863241981996,0.0060292243366128545
time_dependent,prepared,0.01,0.001,0.505,0.298412952427602,0.5481046626488713,1.304512053934559e-15,1.1900209420132762e-15,0.21425844148201925,0.2523166875971966,0.04109332991703464,0.00602320276396607
time_dependent,prepared,0.01,0.001,0.506,0.298103413338371,0.5475691337418165,-7.494005416219807e-16,6.842976488657686e-16,0.2145565448953576,0.2520672218767951,0.0410119526308783,0.0060171871956944045
time_dependent,prepared,0.01,0.001,0.507,0.2977942928506355,0.5470340285342076,3.6914915568786455e-15,3.3740968242598035e-15,0.21485433918820823,0.25181798214111,0.04093073114157079,0.0060111776258630605
time_dependent,prepared,0.01,0.001,0.508,0.29748558949166837,0.5464993476625305,-1.6375789613221059e-15,1.498244204980581e-15,0.2151518247776999,0.25156896838293913,0.04084966520692218,0.006005174048543239
time_dependent,prepared,0.01,0.001,0.509,0.2971773017981768,0.5459650917524103,3.0531133177191805e-16,2.7960700819895425e-16,0.21544900207949808,0.25132018059298616,0.04076875458450447,0.005999176457811155
time_dependent,prepared,0.01,0.001,0.51,0.29686942831866825,0.5454312614188054,-1.582067810090848e-15,1.4502907350556784e-15,0.21574587150781674,0.2510716187598849,0.04068799903165741,0.0059931848477483415
time_dependent,prepared,0.01,0.001,0.511,0.29656196761428183,0.5448978572660379,3.3861802251067274e-15,3.107169701580848e-15,0.21604243347543103,0.25082328287023475,0.04060739830549871,0.005987199212441987
time_dependent,prepared,0.01,0.001,0.512,0.2962549182556969,0.5443648798879508,1.6375789613221059e-15,1.5041188565096024e-15,0.21633868839368672,0.2505751729086011,0.04052695216293014,0.005981219545984361
time_dependent,prepared,0.01,0.001,0.513,0.29594827882765057,0.5438323298679957,2.7200464103316335e-15,2.500813450160147e-15,0.21663463667251437,0.250327288857561,0.040446660360648055,0.005975245842473772
time_dependent,prepared,0.01,0.001,0.514,0.29564204792261717,0.5433002077793269,2.192690473634684e-15,2.017936347380607e-15,0.216930278720437,0.2500796306977044,0.040366522655146723,0.005969278096013221
time_dependent,prepared,0.01,0.001,0.515,0.2953362241468714,0.542768514184934,1.2212453270876722e-15,1.1250148960110497e-15,0.21722561494458387,0.24983219840766616,0.04028653880273099,0.005963316300711619
time_dependent,prepared,0.01,0.001,0.516,0.29503080611589566,0.5422372496377192,-1.1934897514720433e-15,1.1005235736473672e-15,0.21752064575069976,0.24958499196414427,0.04020670855951932,0.005957360450683076
time_dependent,prepared,0.01,0.001,0.517,0.2947257924562959,0.5417064146805843,3.3306690738754696e-16,3.0742381699867705e-16,0.21781537154315606,0.24933801134192016,0.04012703168145437,0.005951410540047012
time_dependent,prepared,0.01,0.001,0.518,0.29442118180538174,0.5411760098466049,2.0539125955565396e-15,1.8976382527920195e-15,0.21810979272496145,0.2490912565138789,0.040047507924308806,0.005945466562928224
time_dependent,prepared,0.01,0.001,0.519,0.29411697281230986,0.5406460356590379,-1.0547118733938987e-15,9.754181144676523e-16,0.21840390969777376,0.24884472745103112,0.03996813704369252,0.005939528513457328
time_dependent,prepared,0.01,0.001,0.52,0.2938131641343597,0.54011649263146,1.8596235662471372e-15,1.721502297760808e-15,0.2186977228619081,0.24859842412253513,0.039888918795061026,0.0059335963857697115
time_dependent,prepared,0.01,0.001,0.521,0.2935097544417355,0.5395873812679036,6.661338147750939e-16,6.172622247112558e-16,0.21899123261634984,0.24835234649570875,0.03980985293372109,0.005927670174006786
time_dependent,prepared,0.01,0.001,0.522,0.2932067424139892,0.5390587020628803,-3.608224830031759e-16,3.346782842224544e-16,0.21928443935876382,0.24810649453606087,0.03973093921483892,0.005921749872315181
time_dependent,prepared,0.01,0.001,0.523,0.2929041267388998,0.5385304555015289,5.551115123125783e-17,5.1539472525802424e-17,0.21957734348550273,0.2478608682072976,0.03965217739344613,0.005915835474846397
time_dependent,prepared,0.01,0.001,0.524,0.29260190611801384,0.5380026420596951,2.1094237467877974e-15,1.9604213640216083e-15,0.21986994539162075,0.24761546747135613,0.03957356722444737,0.00590992697575807
time_dependent,prepared,0.01,0.001,0.525,0.2923000792596138,0.5374752622040222,1.2212453270876722e-15,1.1360944521239134e-15,0.22016224547088037,0.24737029228841145,0.03949510846262566,0.0059040243692126525
time_dependent,prepared,0.01,0.001,0.526,0.2919986448841392,0.536948316392059,1.942890293094024e-16,1.809196745553626e-16,0.2204542441157645,0.24712534261690325,0.039416800862651466,0.005898127649378466
time_dependent,prepared,0.01,0.001,0.527,0.29169760172102854,0.5364218050723101,-1.1934897514720433e-15,1.112454546204699e-15,0.22074594171748554,0.24688061841355186,0.03933864417908685,0.005892236810428958
time_dependent,prepared,0.01,0.001,0.528,0.29139694850948633,0.535895728684391,-1.1102230246251565e-16,1.0358573181304536e-16,0.22103733866599504,0.24663611963337637,0.03926063816639423,0.005886351846543068
time_dependent,prepared,0.01,0.001,0.529,0.2910966839979634,0.535370087659076,-4.440892098500626e-16,4.147497404943355e-16,0.221328435349993,0.24639184622971544,0.03918278257894022,0.005880472751905007
time_dependent,prepared,0.01,0.001,0.53,0.29079680694445403,0.5348448824183931,-1.3600232051658168e-15,1.2714183587363122e-15,0.22161923215693746,0.24614779815424176,0.03910507717100374,0.005874599520704278
time_dependent,prepared,0.01,0.001,0.531,0.290497316117307,0.5343201133757053,1.1657341758564144e-15,1.0908574716489583e-15,0.22190972947305476,0.2459039753569831,0.03902752169678212,0.005868732147135986
time_dependent,prepared,0.01,0.001,0.532,0.2901982102949801,0.5337957809358386,-8.881784197001252e-16,8.31945897120985e-16,0.22219992768334973,0.24566037778634217,0.038950115910397834,0.005862870625400964
time_dependent,prepared,0.01,0.001,0.533,0.2898994882618529,0.533271885495113,1.1102230246251565e-16,1.040954018787599e-16,0.2224898271716116,0.24541700538911052,0.03887285956590262,0.005857014949704528
time_dependent,prepared,0.01,0.001,0.534,0.28960114881533805,0.5327484274414706,2.1371793224034263e-15,2.0058053785979684e-15,0.22277942832042694,0.24517385811048417,0.038795752417285743,0.005851165114258229
time_dependent,prepared,0.01,0.001,0.535,0.289303190759011,0.5322254071545489,-1.6930901125533637e-15,1.5905761823784212e-15,0.22306873151118595,0.24493093589408807,0.038718794218477966,0.0058453211132784
time_dependent,prepared,0.01,0.001,0.536,0.2890056129078072,0.5317028250057421,1.4432899320127035e-15,1.3572336502040544e-15,0.22335773712409376,0.2446882386819896,0.03864198472335972,0.0058394829409871936
time_dependent,prepared,0.01,0.001,0.537,0.28870841408467063,0.5311806813583319,-2.525757381022231e-15,2.3774936379118552e-15,0.22364644553817845,0.24444576641471627,0.038565323685764985,0.005833650591612088
time_dependent,prepared,0.01,0.001,0.538,0.2884115931198607,0.5306589765675286,-1.0547118733938987e-15,9.93775588435451e-16,0.2239348571312983,0.2442035190312693,0.038488810859487375,0.005827824059385371
time_dependent,prepared,0.01,0.001,0.539,0.288115148855,0.5301377109805753,-1.1934897514720433e-15,1.1256412501428097e-15,0.22422297228015328,0.24396149646914372,0.03841244599828723,0.005822003338545381
time_dependent,prepared,0.01,0.001,0.54,0.28781908013936464,0.5296168849368139,-1.4710455076283324e-15,1.3887826742946816e-15,0.22451079136029264,0.24371969866434465,0.038336228855895306,0.005816188423335682
time_dependent,prepared,0.01,0.001,0.541,0.28752338583046155,0.5290964987677785,-1.942890293094024e-15,1.836045312734876e-15,0.2247983147461231,0.24347812555140871,0.0382601591860196,0.005810379308004987
time_dependent,prepared,0.01,0.001,0.542,0.28722806479456575,0.5285765527972828,-6.938893903907228e-16,6.563754925550401e-16,0.22508554281091767,0.2432367770634053,0.03818423674235045,0.005804575986807545
time_dependent,prepared,0.01,0.001,0.543,0.2869331159066557,0.5280570473414669,1.582067810090848e-15,1.4980084235745512e-15,0.22537247592682433,0.24299565313197094,0.038108461278565736,0.0057987784540029196
time_dependent,prepared,0.01,0.001,0.544,0.28663853804977596,0.5275379827089124,-2.7755575615628914e-17,2.630670826117939e-17,0.2256591144648741,0.24275475368731225,0.038032832548336296,0.0057929867038560645
time_dependent,prepared,0.01,0.001,0.545,0.2863443301157197,0.527019359200685,-1.4988010832439613e-15,1.421960177627205e-15,0.2259454587949898,0.24251407865822575,0.03795735030533211,0.005787200730637331
time_dependent,prepared,0.01,0.001,0.546,0.28605049100311836,0.526501177110451,1.1102230246251565e-15,1.0543404961773234e-15,0.22623150928599292,0.24227362797211838,0.037882014303224895,0.0057814205286221155
time_dependent,prepared,0.01,0.001,0.547,0.28575701962163774,0.5259834367245192,6.938893903907228e-16,6.596114458582686e-16,0.22651726630561456,0.24203340155501546,0.037806824295697324,0.005775646092091887
time_dependent,prepared,0.01,0.001,0.548,0.28546391488646766,0.5254661383219219,-4.440892098500626e-16,4.2256691484275596e-16,0.22680273022050101,0.2417933993315811,0.03773178003644463,0.005769877415332949
time_dependent,prepared,0.01,0.001,0.549,0.28517117572122536,0.5249492821745068,1.582067810090848e-15,1.5068768201162388e-15,0.22708790139622223,0.24155362122512727,0.03765688127918057,0.0057641144926369224
time_dependent,prepared,0.01,0.001,0.55,0.2848788010564176,0.5244328685470063,-1.887379141862766e-15,1.79944779881164e-15,0.22737278019727863,0.2413140671576367,0.037582127777642645,0.005758357318300527
time_dependent,prepared,0.01,0.001,0.551,0.28458678983503183,0.5239168976970872,5.828670879282072e-16,5.562591037722198e-16,0.22765736698711367,0.24107473704977428,0.03750751928559776,0.005752605886626981
time_dependent,prepared,0.01,0.001,0.552,0.28429514100151704,0.5234013698754504,1.7486012637846216e-15,1.6704209851425486e-15,0.22794166212811517,0.2408356308209002,0.037433055556845354,0.005746860191923465
time_dependent,prepared,0.01,0.001,0.553,0.28400385351274765,0.5228862853258891,5.273559366969494e-16,5.042740185547937e-16,0.2282256659816279,0.24059674838908873,0.03735873634522356,0.005741120228503463
time_dependent,prepared,0.01,0.001,0.554,0.2837129263310882,0.5223716442853555,9.159339953157541e-16,8.767072307004922e-16,0.228509378907959,0.24035808967113365,0.03728456140461387,0.005735385990685374
time_dependent,prepared,0.01,0.001,0.555,0.2834223584265343,0.521857446984055,6.661338147750939e-16,6.382335047864583e-16,0.22879280126638554,0.24011965458257523,0.03721053048894352,0.005729657472793021
time_dependent,prepared,0.01,0.001,0.556,0.28313214877750736,0.5213436936454982,2.7755575615628914e-15,2.6619268588009425e-15,0.22907593341516305,0.23988144303770836,0.03713664335219386,0.005723934669155633
time_dependent,prepared,0.01,0.001,0.557,0.2828422963689843,0.5208303844865492,-4.829470157119431e-15,4.63631760067195e-15,0.22935877571153204,0.23964345494959,0.037062899748402274,0.005718217574107701
time_dependent,prepared,0.01,0.001,0.558,0.282552800193787,0.5203175197175294,3.885780586188048e-16,3.7340474219449345e-16,0.22964132851172583,0.23940569023006641,0.03698929943166663,0.005712506181989157
time_dependent,prepared,0.01,0.001,0.559,0.2822636592508198,0.5198050995422707,1.0269562977782698e-15,9.878282251199389e-16,0.22992359217097666,0.2391681487897765,0.03691584215615061,0.005706800487144897
time_dependent,prepared,0.01,0.001,0.56,0.28197487254901804,0.5192931241581974,-2.7755575615628914e-17,2.6724381976578472e-17,0.23020556704352568,0.2389308305381653,0.03684252767608825,0.005701100483925866
time_dependent,prepared,0.01,0.001,0.561,0.2816864391011309,0.5187815937563461,-2.248201624865942e-15,2.166809358623708e-15,0.2304872534826268,0.2386937353835108,0.036769355745787304,0.005695406166687652
time_dependent,prepared,0.01,0.001,0.562,0.28139835792861617,0.5182705085214876,1.1657341758564144e-15,1.1246387327556007e-15,0.23076865184055542,0.23845686323291795,0.03669632611963404,0.005689717529791363
time_dependent,prepared,0.01,0.001,0.5630000000000001,0.28111062806111453,0.517759868632154,-1.1934897514720433e-15,1.1525514275807726e-15,0.23104976246861653,0.23822021399234583,0.036623438552097,0.005684034567603798
time_dependent,prepared,0.01,0.001,0.5640000000000001,0.2808232485319346,0.517249674260727,2.55351295663786e-15,2.4683562732904883e-15,0.23133058571714846,0.23798378756661884,0.03655069279773231,0.005678357274496402
time_dependent,prepared,0.01,0.001,0.5650000000000001,0.28053621838514115,0.5167399255734898,-9.159339953157541e-16,8.862620730333837e-16,0.2316111219355336,0.23774758385942954,0.03647808861118637,0.005672685644846682
time_dependent,prepared,0.01,0.001,0.5660000000000001,0.2802495366684802,0.5162306227306772,-3.3306690738754696e-16,3.2259506964710954e-16,0.23189137147220207,0.2375116027733675,0.036405625747200326,0.005667019673036832
time_dependent,prepared,0.01,0.001,0.5670000000000001,0.2799632024385135,0.5157217658865743,-1.27675647831893e-15,1.23783458714804e-15,0.23217133467464057,0.2372758442099205,0.0363333039606141,0.005661359353454789
time_dependent,prepared,0.01,0.001,0.5680000000000001,0.2796772147573418,0.5152133551895386,1.3877787807814457e-16,1.346800084666773e-16,0.2324510118893979,0.23704030806948775,0.03626112300637109,0.0056557046804936225
time_dependent,prepared,0.01,0.001,0.5690000000000001,0.2793915726948661,0.5147053907820871,-3.219646771412954e-15,3.1276598507359315e-15,0.23273040346209276,0.23680499425139995,0.03618908263952056,0.00565005564855197
time_dependent,prepared,0.01,0.001,0.5700000000000001,0.27910627532471644,0.5141978728009394,-8.881784197001252e-16,8.636543115805198e-16,0.23300950973741746,0.2365699026539242,0.036117182615222225,0.005644412252032985
time_dependent,prepared,0.01,0.001,0.5710000000000001,0.2788213217310395,0.5136908013771138,4.996003610813204e-16,4.86285095763814e-16,0.2332883310591485,0.2363350331742773,0.036045422688750516,0.005638774485346112
time_dependent,prepared,0.01,0.001,0.5720000000000001,0.27853671100103655,0.5131841766359293,-3.608224830031759e-16,3.5155261934270047e-16,0.23356686777014954,0.23610038570864314,0.03597380261549726,0.005633142342905349
time_dependent,prepared,0.01,0.001,0.5730000000000001,0.27825244223158724,0.5126779986971143,-2.7478019859472624e-15,2.6798516738872656e-15,0.23384512021238113,0.23586596015217712,0.03590232215097648,0.00562751581913079
time_dependent,prepared,0.01,0.001,0.5740000000000001,0.27796851452182475,0.5121722676748378,1.1102230246251565e-15,1.0838375041910716e-15,0.23412308872690296,0.23563175639902403,0.035830981050826584,0.005621894908446802
time_dependent,prepared,0.01,0.001,0.5750000000000001,0.27768492698039315,0.5116669836777838,-1.3877787807814457e-16,1.3561347761842132e-16,0.23440077365388334,0.23539777434232712,0.035759779070815526,0.005616279605283745
time_dependent,prepared,0.01,0.001,0.5760000000000001,0.2774016787221878,0.5111621468091957,-2.1649348980190553e-15,2.117659642378778e-15,0.23467817533260554,0.23516401387424002,0.03568871596684324,0.0056106699040774765
time_dependent,prepared,0.01,0.001,0.577,0.27711876886534814,0.5106577571669298,4.718447854656915e-16,4.619970800829812e-16,0.2349552941014709,0.23493047488593846,0.03561779149494602,0.005605065799268361
time_dependent,prepared,0.01,0.001,0.578,0.2768361965377591,0.5101538148435433,-2.831068712794149e-15,2.774720712087985e-15,0.23523213029800866,0.2346971572676326,0.035547005411298856,0.005599467285302873
time_dependent,prepared,0.01,0.001,0.579,0.2765539608689962,0.509650319926288,1.8596235662471372e-15,1.8244112615450687e-15,0.23550868425887767,0.23446406090857486,0.035476357472219194,0.005593874356631758
time_dependent,prepared,0.01,0.001,0.58,0.27627206099981544,0.5091472724972549,5.551115123125783e-16,5.451384523675032e-16,0.23578495631987748,0.23423118569707851,0.03540584743417073,0.005588287007712157
time_dependent,prepared,0.01,0.001,0.581,0.27599049607282805,0.5086446726333339,1.5265566588595902e-15,1.5006120588625874e-15,0.2360609468159503,0.23399853152051767,0.035335475053766545,0.005582705233005781
time_dependent,prepared,0.01,0.001,0.582,0.27570926523870487,0.5081425204063258,-6.38378239159465e-16,6.281488101497581e-16,0.236336656081189,0.23376609826535036,0.03526524008777266,0.005577129026979929
time_dependent,prepared,0.01,0.001,0.583,0.27542836765245554,0.5076408158829854,4.163336342344337e-16,4.1006713921364555e-16,0.23661208444884146,0.2335338858171193,0.035195142293109764,0.005571558384106928
time_dependent,prepared,0.01,0.001,0.584,0.2751478024759218,0.5071395591250681,-2.6922908347160046e-15,2.6543885073379305e-15,0.2368872322513174,0.23330189406047167,0.03512518142685868,0.005565993298864516
time_dependent,prepared,0.01,0.001,0.585,0.274867568876666,0.5066387501893836,-2.220446049250313e-15,2.1913503935696847e-15,0.23716209982019404,0.23307012287915652,0.03505535724626113,0.005560433765735798
time_dependent,prepared,0.01,0.001,0.586,0.27458766602739015,0.5061383891278459,1.0824674490095276e-15,1.0693394062390564e-15,0.23743668748622143,0.2328385721560566,0.03498566950872446,0.005554879779208982
time_dependent,prepared,0.01,0.001,0.587,0.2743080931062352,0.5056384759875442,-9.71445146547012e-16,9.60612367017481e-16,0.23771099557932768,0.23260724177317568,0.03491611797182465,0.005549331333777516
time_dependent,prepared,0.01,0.001,0.588,0.27402884929753113,0.5051390108107406,2.275957200481571e-15,2.2528028441405543e-15,0.2379850244286252,0.2323761316116617,0.03484670239330773,0.005543788423940161
time_dependent,prepared,0.01,0.001,0.589,0.2737499337912856,0.5046399936350006,-4.440892098500626e-16,4.400059601412276e-16,0.2382587743624165,0.2321452415518195,0.034777422531095656,0.005538251044201089
time_dependent,prepared,0.01,0.001,0.59,0.2734713457815603,0.5041414244931745,-1.2212453270876722e-15,1.2112130324495958e-15,0.23853224570819806,0.23191457147310646,0.03470827814328491,0.005532719189069364
time_dependent,prepared,0.01,0.001,0.591,0.27319308446919577,0.5036433034134696,1.6375789613221059e-15,1.6257328849836021e-15,0.23880543879266725,0.23168412125416216,0.034639268988153574,0.005527192853059501
time_dependent,prepared,0.01,0.001,0.592,0.272915149060989,0.5031456304195169,4.163336342344337e-16,4.137307461930053e-16,0.23907835394172824,0.231453890772804,0.03457039482416277,0.005521672030691553
time_dependent,prepared,0.01,0.001,0.593,0.2726375387658444,0.5026484055303995,-9.71445146547012e-16,9.66326696612053e-16,0.2393509914804941,0.23122387990604007,0.03450165540995735,0.005516156716490068
time_dependent,prepared,0.01,0.001,0.594,0.2723602528031974,0.5021516287606981,1.3877787807814457e-15,1.3818324001123511e-15,0.2396233517332973,0.23099408853008183,0.03443305050437303,0.005510646904985889
time_dependent,prepared,0.01,0.001,0.595,0.2720832903913178,0.5016553001205503,8.881784197001252e-16,8.852477183901882e-16,0.23989543502368862,0.23076451652035354,0.034364579866433834,0.005505142590713867
time_dependent,prepared,0.01,0.001,0.596,0.27180665075962873,0.5011594196156961,1.6653345369377348e-15,1.661481827693431e-15,0.24016724167444825,0.2305351637514962,0.03429624325535905,0.005499643768215183
time_dependent,prepared,0.01,0.001,0.597,0.2715303331379556,0.50066398724752,-6.661338147750939e-16,6.652503792386497e-16,0.2404387720075862,0.23030603009738776,0.03422804043056433,0.005494150432035456
time_dependent,prepared,0.01,0.001,0.598,0.27125433676494576,0.5001690030131009,-1.3877787807814457e-16,1.3873098616879864e-16,0.24071002634435115,0.23007711543113935,0.03415997115166387,0.0054886625767260906
time_dependent,prepared,0.01,0.001,0.599,0.27097866088158973,0.4996744669052433,1.8318679906315083e-15,1.833061434955105e-15,0.24098100500523273,0.2298484196251166,0.034092035178473264,0.0054831801968434225
time_dependent,prepared,0.01,0.001,0.6,0.2707033047346999,0.49918037891256145,-1.0269562977782698e-15,1.0286424919339196e-15,0.24125170830996742,0.22961994255093832,0.0340242322710122,0.0054777032869489555
time_dependent,prepared,0.01,0.001,0.601,0.27042826757705496,0.4986867390194771,-2.4980018054066022e-15,2.5045801401479064e-15,0.24152213657754448,0.2293916840794956,0.03395656218950774,0.00547223184160975
time_dependent,prepared,0.01,0.001,0.602,0.27015354866356517,0.4981935472062836,-2.4424906541753444e-15,2.4513471399540276e-15,0.24179229012620804,0.22916364408095216,0.033889024694394226,0.005466765855397374
time_dependent,prepared,0.01,0.001,0.603,0.26987914725789697,0.49770080344920276,-3.885780586188048e-16,3.903731478087364e-16,0.24206216927346594,0.22893582242476174,0.03382161954631905,0.005461305322889551
time_dependent,prepared,0.01,0.001,0.604,0.26960506262457296,0.4972085077204193,-1.6653345369377348e-16,1.6746842733774719e-16,0.24233177433609052,0.22870821897966562,0.033754346506142396,0.005455850238668343
time_dependent,prepared,0.01,0.001,0.605,0.26933129403665507,0.49671665998809655,-2.0539125955565396e-15,2.0674891351598356e-15,0.24260110563012718,0.2284808336137147,0.033687205334941406,0.005450400597321784
time_dependent,prepared,0.01,0.001,0.606,0.26905784076828515,0.496225260216478,-6.38378239159465e-16,6.432343235418661e-16,0.24287016347089546,0.22825366619426604,0.033620195794010904,0.005444956393442458
time_dependent,prepared,0.01,0.001,0.607,0.26878470210061595,0.49573430836587346,1.942890293094024e-15,1.9596084639557392e-15,0.24313894817299608,0.2280267165880002,0.033553317644867214,0.005439517621628449
time_dependent,prepared,0.01,0.001,0.608,0.2685118773190323,0.4952438043927308,-1.1934897514720433e-15,1.2049517236621515e-15,0.2434074600503151,0.22779998466092644,0.03348657064924909,0.005434084276483109
time_dependent,prepared,0.01,0.001,0.609,0.2682393657131537,0.4947537482496687,-2.7200464103316335e-15,2.7488891392481356e-15,0.24367569941602826,0.22757347027839023,0.03341995456912139,0.005428656352614879
time_dependent,prepared,0.01,0.001,0.61,0.2679671665768629,0.494264139885515,2.220446049250313e-16,2.2462139876915086e-16,0.24394366658260513,0.22734717330508136,0.03335346916667518,0.005423233844637301
time_dependent,prepared,0.01,0.001,0.611,0.2676952792085749,0.4937749792453572,-7.771561172376096e-16,7.869537237643634e-16,0.24421136186181372,0.2271210936050451,0.03328711420433234,0.005417816747169027
time_dependent,prepared,0.01,0.001,0.612,0.26742370291257084,0.4932862662705773,2.7755575615628914e-15,2.8133335056610265e-15,0.2444787855647263,0.22689523104168627,0.03322088944474577,0.005412405054834321
time_dependent,prepared,0.01,0.001,0.613,0.26715243699570945,0.49279800089889425,-1.2212453270876722e-15,1.2390932236535519e-15,0.244745938001722,0.22666958547778296,0.03315479465080229,0.005406998762262184
time_dependent,prepared,0.01,0.001,0.614,0.2668814807702187,0.492310183064378,1.5543122344752192e-15,1.5785903764984318e-15,0.24501281948249223,0.22644415677548885,0.0330888295856248,0.005401597864087003
time_dependent,prepared,0.01,0.001,0.615,0.2666108335525676,0.4918228126975462,-8.326672684688674e-17,8.465114335606559e-17,0.2452794303160448,0.22621894479634505,0.03302299401257424,0.005396202354948319
time_dependent,prepared,0.01,0.001,0.616,0.2663404946623387,0.49133588972534054,8.881784197001252e-16,9.03840364884215e-16,0.24554577081070714,0.22599394940128148,0.03295728769525067,0.005390812229490548
time_dependent,prepared,0.01,0.001,0.617,0.266070463426024,0.490849414071204,3.3584246494910985e-15,3.4210335728381902e-15,0.24581184127413316,0.22576917045063602,0.0328917103974973,0.005385427482363856
time_dependent,prepared,0.01,0.001,0.618,0.2658007391709828,0.4903633856551034,1.5265566588595902e-15,1.556556528807893e-15,0.24607764201330415,0.22554460780415275,0.03282626188339962,0.005380048108222852
time_dependent,prepared,0.01,0.001,0.619,0.265531321232061,0.48987780439357564,-8.326672684688674e-16,8.498724181835864e-16,0.2463431733345362,0.22532026132099067,0.03276094191729058,0.005374674101728025
time_dependent,prepared,0.01,0.001,0.62,0.26526220894593416,0.4893926701997526,1.3322676295501878e-15,1.3611438326266739e-15,0.24660843554348214,0.2250961308597369,0.032695750263749615,0.005369305457544513
time_dependent,prepared,0.01,0.001,0.621,0.26499340165419905,0.4889079829834122,2.9698465908722937e-15,3.0372244821507102e-15,0.24687342894513634,0.2248722162784072,0.03263068668760576,0.005363942170342812
time_dependent,prepared,0.01,0.001,0.622,0.2647248987023955,0.4884237426510116,1.2212453270876722e-15,1.2501903781940781e-15,0.24713815384383872,0.22464851743445985,0.03256575095393971,0.005358584234798469
time_dependent,prepared,0.01,0.001,0.623,0.2644566994400578,0.4879399491057093,-2.831068712794149e-15,2.9010421446152413e-15,0.24740261054327878,0.22442503418479232,0.03250094282808501,0.005353231645592175
time_dependent,prepared,0.01,0.001,0.624,0.26418880322083405,0.48745660224741505,-1.7763568394002505e-15,1.8220666529188175e-15,0.2476667993464996,0.22420176638576747,0.03243626207563028,0.005347884397409786
time_dependent,prepared,0.01,0.001,0.625,0.2639212094025494,0.48697370197283196,3.0531133177191805e-16,3.13478254097745e-16,0.24793072055590215,0.22397871389319693,0.03237170846242044,0.0053425424849424
time_dependent,prepared,0.01,0.001,0.626,0.2636539173465621,0.4864912481754686,-4.440892098500626e-16,4.564205538286352e-16,0.2481943744732487,0.22375587656236837,0.03230728175455901,0.005337205902886127
time_dependent,prepared,0.01,0.001,0.627,0.26338692641808137,0.4860092407456932,8.326672684688674e-17,8.566372803851324e-17,0.2484577613996668,0.22353325424804005,0.032242981718409475,0.005331874645942195
time_dependent,prepared,0.01,0.001,0.628,0.2631202359866022,0.48552767957076404,-3.0531133177191805e-16,3.1441187044354703e-16,0.2487208816356534,0.2233108468044572,0.032178808120596855,0.005326548708817029
time_dependent,prepared,0.01,0.001,0.629,0.2628538454243121,0.48504656453485917,8.326672684688674e-17,8.583374559794717e-17,0.24898373548107772,0.22308865408534523,0.03211476072800971,0.0053212280862218984
time_dependent,prepared,0.01,0.001,0.63,0.26258775410923857,0.4845658955191083,-6.38378239159465e-16,6.587114828578477e-16,0.24924632323518695,0.22286667594393453,0.03205083930780128,0.005315912772873688
time_dependent,prepared,0.01,0.001,0.631,0.2623219614210956,0.4840856724016374,-9.992007221626409e-16,1.0320494688527185e-15,0.24950864519660804,0.22264491223295524,0.03198704362739139,0.005310602763493993
time_dependent,prepared,0.01,0.001,0.632,0.26205646674512484,0.48360589505758894,1.0824674490095276e-15,1.1191627935807356e-15,0.24977070166335316,0.22242336280464167,0.03192337345446819,0.005305298052809839
time_dependent,prepared,0.01,0.001,0.633,0.26179126946774683,0.4831265633591658,5.551115123125783e-16,5.744990592660676e-16,0.2500324929328209,0.22220202751075022,0.03185982855698871,0.005299998635552853
time_dependent,prepared,0.01,0.001,0.634,0.2615263689811551,0.4826476771756555,1.942890293094024e-16,2.01274178347172e-16,0.25029401930180206,0.22198090620255723,0.031796408703181823,0.0052947045064600795
time_dependent,prepared,0.01,0.001,0.635,0.261261764682393,0.4821692363734638,6.38378239159465e-16,6.619856587708649e-16,0.25055528106648445,0.22175999873086538,0.03173311366154902,0.0052894156602741995
time_dependent,prepared,0.01,0.001,0.636,0.2609974559672357,0.4816912408161524,1.1102230246251565e-16,1.1524218529945165e-16,0.2508162785224517,0.22153930494601562,0.03166994320086495,0.005284132091741792
time_dependent,prepared,0.01,0.001,0.637,0.2607334422400808,0.48121369036445966,-5.551115123125783e-16,5.767827510187319e-16,0.2510770119646918,0.22131882469789252,0.03160689709018089,0.005278853795615544
time_dependent,prepared,0.01,0.001,0.638,0.26046972290628356,0.48073658487634907,5.551115123125783e-17,5.773551772176433e-17,0.25133748168759806,0.2210985578359223,0.03154397509882404,0.005273580766652796
time_dependent,prepared,0.01,0.001,0.639,0.2602062973744902,0.4802599242070125,-2.498001805406602e-16,2.6006769246166143e-16,0.25159768798497256,0.2208785042090894,0.0314811769964003,0.005268312999615871
time_dependent,prepared,0.01,0.001,0.64,0.25994316505916987,0.4797837082089424,-2.609024107869118e-15,2.7189586299300866e-15,0.25185763115003174,0.22065866366594006,0.031418502552795304,0.0052630504892727465
time_dependent,prepared,0.01,0.001,0.641,0.2596803253742582,0.4793079367319047,7.494005416219807e-16,7.817526940318e-16,0.252117311475406,0.22043903605458323,0.031355951538175164,0.005257793230395567
time_dependent,prepared,0.01,0.001,0.642,0.2594177777419646,0.4788326096230397,1.4710455076283324e-15,1.5360749018184128e-15,0.25237672925314797,0.22021962122270053,0.03129352372298931,0.005252541217762588
time_dependent,prepared,0.01,0.001,0.643,0.2591555215829142,0.4783577267268219,-3.885780586188048e-16,4.061584426342005e-16,0.25263588477473087,0.22000041901755701,0.03123121887796941,0.005247294446156152
time_dependent,prepared,0.01,0.001,0.644,0.25889355632448824,0.47788328788513756,-2.220446049250313e-16,2.323209563444718e-16,0.25289477833105534,0.21978142928599761,0.031169036774133067,0.0052420529103642585
time_dependent,prepared,0.01,0.001,0.645,0.2586318813967039,0.4774092929372976,1.0824674490095276e-15,1.133689126943426e-15,0.253153410212452,0.21956265187445617,0.03110697718278344,0.005236816605179966
time_dependent,prepared,0.01,0.001,0.646,0.2583704962308562,0.4769357417200557,1.942890293094024e-16,2.0368470248078313e-16,0.25341178070868287,0.21934408662896626,0.03104503987551093,0.005231585525400862
time_dependent,prepared,0.01,0.001,0.647,0.2581094002655411,0.47646263406766215,2.7755575615628914e-17,2.91267075643201e-17,0.2536698901089484,0.21912573339516533,0.030983224624195272,0.00522635966583053
time_dependent,prepared,0.01,0.001,0.648,0.25784859293786594,0.4759899698118632,2.498001805406602e-16,2.624006768875766e-16,0.2539277387018863,0.21890759201829024,0.030921531201005138,0.005221139021276598
time_dependent,prepared,0.01,0.001,0.649,0.2575880736911625,0.47551774878195757,1.27675647831893e-15,1.3424908760917443e-15,0.2541853267755774,0.21868966234320042,0.030859959378400376,0.005215923586552299
time_dependent,prepared,0.01,0.001,0.65,0.25732784197156766,0.4750459708047919,-2.7755575615628914e-16,2.921356807700867e-16,0.254442654617549,0.2184719442143662,0.03079850892913298,0.005210713356475936
time_dependent,prepared,0.01,0.001,0.651,0.2570678972268976,0.47457463570483177,1.2212453270876722e-15,1.2866736180220565e-15,0.2546997225147759,0.21825443747588827,0.03073717962624788,0.005205508325870456
time_dependent,prepared,0.01,0.001,0.652,0.25680823890998855,0.47410374330414623,-1.6653345369377348e-16,1.7562976041188863e-16,0.2549565307536859,0.21803714197149426,0.030675971243084188,0.0052003084895643065
time_dependent,prepared,0.01,0.001,0.653,0.25654886647514563,0.4736332934224493,5.828670879282072e-16,6.153147340175771e-16,0.25521307962016104,0.2178200575445468,0.03061488355327717,0.005195113842390623
time_dependent,prepared,0.01,0.001,0.654,0.2562897793807776,0.4731632858771498,-8.604228440844963e-16,9.092240139568792e-16,0.25546936939954185,0.21760318403805098,0.03055391633075746,0.005189924379187759
time_dependent,prepared,0.01,0.001,0.655,0.2560309770878615,0.4726937204833259,-1.609823385706477e-15,1.7028186708937522e-15,0.2557254003766297,0.21738652129465585,0.030493069349753828,0.005184740094799007
time_dependent,prepared,0.01,0.001,0.656,0.25577245906028606,0.4722245970538108,2.220446049250313e-16,2.3510486991821063e-16,0.25598117283569,0.21717006915666287,0.03043234238479345,0.005179560984072681
time_dependent,prepared,0.01,0.001,0.657,0.255514224764511,0.4717559153991886,1.4432899320127035e-15,1.5296998775218578e-15,0.2562366870604545,0.21695382746602737,0.030371735210702563,0.00517438704186198
time_dependent,prepared,0.01,0.001,0.658,0.2552562736717961,0.4712876753278103,-1.1379786002407855e-15,1.20730782897012e-15,0.2564919433341263,0.2167377960643714,0.030311247602608452,0.005169218263025493
time_dependent,prepared,0.01,0.001,0.659,0.2549986052541813,0.47081987664583297,-1.27675647831893e-15,1.3558863396068474e-15,0.25674694193938047,0.21652197479297933,0.030250879335939555,0.005164054642426544
time_dependent,prepared,0.01,0.001,0.66,0.25474121898763613,0.470352519157241,-2.3037127760972e-15,2.4489214815144466e-15,0.2570016831583681,0.21630636349280957,0.030190630186427057,0.005158896174933512
time_dependent,prepared,0.01,0.001,0.661,0.2544841143502254,0.4698856026638865,-6.38378239159465e-16,6.792911248401275e-16,0.25725616727271833,0.21609096200449646,0.030130499930105012,0.00515374285541961
time_dependent,prepared,0.01,0.001,0.662,0.25422729082329754,0.4694191269654957,-1.609823385706477e-15,1.7146972643754337e-15,0.25751039456354163,0.21587577016835469,0.030070488343311743,0.005148594678763171
time_dependent,prepared,0.01,0.001,0.663,0.25397074789205637,0.4689530918596835,2.7755575615628914e-17,2.9593125727736667e-17,0.2577643653114337,0.21566078782438622,0.030010595202691216,0.005143451639847725
time_dependent,prepared,0.01,0.001,0.664,0.25371448504328814,0.46848749714200916,2.7755575615628914e-16,2.9622536124177034e-16,0.258018079796477,0.21544601481228787,0.02995082028519296,0.005138313733561669
time_dependent,prepared,0.01,0.001,0.665,0.25345850176554,0.4680223426059757,-5.551115123125783e-16,5.930395429646428e-16,0.25827153829824256,0.2152314509714482,0.029891163368073483,0.005133180954797977
time_dependent,prepared,0.01,0.001,0.666,0.25320279755264763,0.46755762804307144,-1.3877787807814457e-15,1.4840724410698796e-15,0.2585247410957952,0.21501709614095782,0.029831624228897003,0.00512805329845522
time_dependent,prepared,0.01,0.001,0.667,0.25294737189922767,0.4670933532427632,2.4702462297909733e-15,2.6442746537083576e-15,0.25877768846769444,0.21480295015961295,0.029772202645536615,0.0051229307594365565
time_dependent,prepared,0.01,0.001,0.668,0.2526922243032518,0.46662951799256897,-4.996003610813204e-16,5.353287156271122e-16,0.2590303806919977,0.2145890128659239,0.029712898396174043,0.005117813332650253
time_dependent,prepared,0.01,0.001,0.669,0.2524373542661613,0.46616612207801755,-9.43689570931383e-16,1.0121816303646451e-15,0.25928281804626385,0.21437528409811232,0.029653711259302266,0.005112701013009734
time_dependent,prepared,0.01,0.001,0.67,0.25218276128964895,0.4657031652827349,3.3306690738754696e-16,3.57595709259714e-16,0.2595350008075535,0.21416176369411916,0.029594641013723885,0.00510759379543288
time_dependent,prepared,0.01,0.001,0.671,0.2519284448800899,0.46524064738841553,2.1371793224034263e-15,2.296853611566698e-15,0.2597869292524336,0.2139484514916108,0.0295356874385542,0.005102491674842811
time_dependent,prepared,0.01,0.001,0.672,0.2516744045465377,0.4647785681748892,4.996003610813204e-16,5.374606267272289e-16,0.2600386036569801,0.21373534732798188,0.029476850313220584,0.005097394646167853
time_dependent,prepared,0.01,0.001,0.673,0.25142063979920876,0.4643169274201019,1.1102230246251565e-16,1.1955444213437597e-16,0.26029002429677933,0.2135224510403609,0.02941812941746371,0.005092302704340862
time_dependent,prepared,0.01,0.001,0.674,0.25116715015209057,0.4638557249001629,-5.828670879282072e-16,6.282848918741488e-16,0.26054119144693144,0.21330976246561278,0.02935952453133768,0.005087215844299887
time_dependent,prepared,0.01,0.001,0.675,0.2509139351213773,0.46339496038936745,-2.4702462297909733e-15,2.6653788247021034e-15,0.26079210538205283,0.21309728144034557,0.02930103543521177,0.00508213406098798
time_dependent,prepared,0.01,0.001,0.676,0.2506609942250128,0.46293463366018633,1.3877787807814457e-16,1.4988928024341056e-16,0.2610427663762778,0.21288500780090974,0.029242661909770047,0.0050770573493528265
time_dependent,prepared,0.01,0.001,0.677,0.25040832698437543,0.46247474448334713,-4.996003610813204e-16,5.401379935237852e-16,0.2612931747032622,0.21267294138341192,0.029184403736012533,0.00507198570434725
time_dependent,prepared,0.01,0.001,0.678,0.25015593292339566,0.4620152926277914,-1.0824674490095276e-15,1.1714627916890037e-15,0.26154333063618557,0.21246108202370695,0.029126260695256343,0.005066919120929187
time_dependent,prepared,0.01,0.001,0.679,0.24990381156739513,0.46155627786073566,-5.273559366969494e-16,5.712802121782293e-16,0.261793234447753,0.2122494295574135,0.029068232569135214,0.005061857594061142
time_dependent,prepared,0.01,0.001,0.68,0.24965196244494353,0.46109769994768,-6.661338147750939e-16,7.223347837678213e-16,0.2620428864101979,0.21203798381991068,0.0290103191396008,0.0050568011187107085
time_dependent,prepared,0.01,0.001,0.681,0.24940038508676993,0.4606395586524273,-9.992007221626409e-16,1.0845798014891972e-15,0.26229228679528466,0.21182674464634502,0.02895252018892323,0.005051749689850415
time_dependent,prepared,0.01,0.001,0.682,0.2491490790261742,0.4601818537371108,-1.6653345369377348e-16,1.809430905862158e-16,0.26254143587431084,0.21161571187163347,0.028894835499691903,0.005046703302457742
time_dependent,prepared,0.01,0.001,0.683,0.2488980437992798,0.4597245849621984,-2.1371793224034263e-15,2.324412694373485e-15,0.26279033391811013,0.2114048853304705,0.028837264854815886,0.005041661951515202
time_dependent,prepared,0.01,0.001,0.684,0.24864727894191152,0.4592677520865242,-4.163336342344337e-16,4.53258074775516e-16,0.26303898119705205,0.2111942648573274,0.028779808037523454,0.0050366256320095665
time_dependent,prepared,0.01,0.001,0.685,0.2483967839958658,0.45881135486731617,8.326672684688674e-17,9.074178958688442e-17,0.2632873779810479,0.21098385028645497,0.028722464831364477,0.005031594338933294
time_dependent,prepared,0.01,0.001,0.686,0.24814655850371178,0.45835539306019757,-5.273559366969494e-16,5.752696975768866e-16,0.2635355245395516,0.21077364145189836,0.02866523502021024,0.005026568067283535
time_dependent,prepared,0.01,0.001,0.687,0.24789660200873762,0.4578998664192151,3.608224830031759e-16,3.9399714813722686e-16,0.26378342114156034,0.21056363818748774,0.028608118388253105,0.00502154681206191
time_dependent,prepared,0.01,0.001,0.6880000000000001,0.24764691405954603,0.45744477469686207,-1.1934897514720433e-15,1.304517853835955e-15,0.2640310680556199,0.21035384032685134,0.028551114720008274,0.0050165305682756045
time_dependent,prepared,0.01,0.001,0.6890000000000001,0.2473974942043952,0.4569901176440888,-6.661338147750939e-16,7.288273740023083e-16,0.26427846554982426,0.21014424770341167,0.02849422380031354,0.005011519330936182
time_dependent,prepared,0.01,0.001,0.6900000000000001,0.24714834199444238,0.4565358950103263,1.304512053934559e-15,1.4287069956515144e-15,0.2645256138918187,0.20993486015039473,0.028437445414329708,0.005006513095060182
time_dependent,prepared,0.01,0.001,0.6910000000000001,0.24689945698404422,0.4560821065435084,3.608224830031759e-16,3.9556746233449826e-16,0.26477251334880275,0.20972567750083576,0.028380779347541747,0.005001511855669204
time_dependent,prepared,0.01,0.001,0.6920000000000001,0.24665083872806734,0.45562875199007596,-6.938893903907228e-16,7.61463568047432e-16,0.2650191641875308,0.20951669958757357,0.028324225385758267,0.0049965156077894654
time_dependent,prepared,0.01,0.001,0.6930000000000001,0.24640248678583615,0.45517583109501575,-1.8041124150158794e-15,1.9817752742667957e-15,0.2652655666743166,0.2093079262432646,0.02826778331511339,0.004991524346452471
time_dependent,prepared,0.01,0.001,0.6940000000000001,0.24615440071550995,0.45472334360185235,-3.191891195797325e-15,3.509706770840535e-15,0.2655117210750321,0.20909935730037837,0.028211452922065255,0.004986538066693949
time_dependent,prepared,0.01,0.001,0.6950000000000001,0.24590658008116095,0.4542712892526973,-6.938893903907228e-16,7.637389890215293e-16,0.2657576276551133,0.20889099259120605,0.02815523399339852,0.00498155676355523
time_dependent,prepared,0.01,0.001,0.6960000000000001,0.24565902444624393,0.45381966778824057,3.885780586188048e-16,4.2811945603040863e-16,0.2660032866795595,0.20868283194786383,0.028099126316223102,0.004976580432082031
time_dependent,prepared,0.01,0.001,0.6970000000000001,0.24541173337711192,0.4533684789477837,2.220446049250313e-16,2.448831527065703e-16,0.26624869841293664,0.20847487520229402,0.02804312967797543,0.00497160906732499
time_dependent,prepared,0.01,0.001,0.6980000000000001,0.24516470644177696,0.4529177224692467,-7.494005416219807e-16,8.273031772044048e-16,0.2664938631193784,0.20826712218626622,0.027987243866418234,0.004966642664339544
time_dependent,prepared,0.01,0.001,0.6990000000000001,0.2449179432111639,0.4524673980891923,8.326672684688674e-17,9.201406244795658e-17,0.2667387810625896,0.20805957273138917,0.02793146866964189,0.0049616812181860976
time_dependent,prepared,0.01,0.001,0.7000000000000001,0.2446714432579236,0.45201750554283926,-5.828670879282072e-16,6.447395076306035e-16,0.2669834525058475,0.20785222666910394,0.027875803876063626,0.004956724723929936
time_dependent,prepared,0.01,0.001,0.7010000000000001,0.24442520615675015,0.45156804456407545,3.3306690738754696e-16,3.687892792647401e-16,0.26722787771200424,0.20764508383069605,0.02782024927442923,0.004951773176641191
time_dependent,prepared,0.01,0.001,0.7020000000000001,0.24417923148402276,0.4511190148854934,8.604228440844963e-16,9.536539313277394e-16,0.26747205694348825,0.20743814404729422,0.027764804653811846,0.00494682657139474
time_dependent,prepared,0.01,0.001,0.7030000000000001,0.24393351881733497,0.450670416238373,-4.718447854656915e-16,5.234920780956243e-16,0.2677159904623056,0.2072314071498744,0.027709469803613117,0.00494188490327009
time_dependent,prepared,0.01,0.001,0.704,0.24368806773836485,0.45022224835273317,-3.0531133177191805e-16,3.390673527230018e-16,0.267959678530044,0.2070248729692602,0.027654244513563967,0.004936948167351961
time_dependent,prepared,0.01,0.001,0.705,0.24344287782948454,0.44977451095732507,-7.494005416219807e-16,8.330847161913595e-16,0.26820312140787345,0.20681854133613248,0.027599128573723895,0.004932016358729866
time_dependent,prepared,0.01,0.001,0.706,0.24319794867365166,0.4493272037796579,1.4432899320127035e-15,1.6060566997413149e-15,0.2684463193565471,0.2066124120810256,0.027544121774481668,0.0049270894724976165
time_dependent,prepared,0.01,0.001,0.707,0.2429532798584754,0.4488803265460076,1.4155343563970746e-15,1.5767391358952645e-15,0.2686892726364056,0.20640648503433817,0.027489223906556004,0.00492216750375447
time_dependent,prepared,0.01,0.001,0.708,0.24270887097170118,0.44843387898144993,5.273559366969494e-16,5.879974299608659e-16,0.2689319815073773,0.20620076002632845,0.027434434760995555,0.004917250447604186
time_dependent,prepared,0.01,0.001,0.709,0.2424647216037742,0.44798786080984665,-8.326672684688674e-16,9.293413296552504e-16,0.26917444622898107,0.20599523688712224,0.027379754129179,0.004912338299155549
time_dependent,prepared,0.01,0.001,0.71,0.2422208313449685,0.447542271753881,-2.7755575615628914e-17,3.100888716819656e-17,0.269416667060326,0.20578991544671318,0.027325181802815107,0.004907431053521543
time_dependent,prepared,0.01,0.001,0.711,0.24197719979143495,0.4470971115350753,6.938893903907228e-16,7.759940430036594e-16,0.26965864426011743,0.20558479553496875,0.027270717573944243,0.00490252870582094
time_dependent,prepared,0.01,0.001,0.712,0.24173382653632888,0.446652379873801,1.1102230246251565e-16,1.2428267201205145e-16,0.26990037808665374,0.2053798769816314,0.027216361234936322,0.004897631251176211
time_dependent,prepared,0.01,0.001,0.713,0.2414907111787161,0.4462080764892795,-8.326672684688674e-17,9.330481812658012e-17,0.2701418687978325,0.20517515961632163,0.02716211257849372,0.004892738684715527
time_dependent,prepared,0.01,0.001,0.714,0.24124785331738585,0.44576420109962134,7.216449660063518e-16,8.094469724421352e-16,0.27038311665114984,0.20497064326853992,0.027107971397649415,0.004887851001571411
time_dependent,prepared,0.01,0.001,0.715,0.2410052525529371,0.4453207534218343,-2.192690473634684e-15,2.461922621824951e-15,0.2706241219037028,0.20476632776767034,0.027053937485768075,0.004882968196881173
time_dependent,prepared,0.01,0.001,0.716,0.2407629084877966,0.4448777331718156,-8.326672684688674e-16,9.358383285810405e-16,0.27086488481219057,0.20456221294298688,0.027000010636545953,0.004878090265786819
time_dependent,prepared,0.01,0.001,0.717,0.24052082072776473,0.44443514006439905,-1.27675647831893e-15,1.436381108539177e-15,0.27110540563291835,0.20435829862365007,0.026946190644011582,0.004873217203435611
time_dependent,prepared,0.01,0.001,0.718,0.24027898887766824,0.4439929738133396,2.4980018054066022e-15,2.8131096129201222e-15,0.27134568462179603,0.20415458463871433,0.026892477302525118,0.0048683490049789245
time_dependent,prepared,0.01,0.001,0.719,0.24003741254612793,0.44355123413135944,-2.498001805406602e-16,2.815911233229496e-16,0.27158572203434217,0.203951070817129,0.026838870406779514,0.004863485665573348
time_dependent,prepared,0.01,0.001,0.72,0.2397960913427279,0.4431099207301293,-3.3306690738754696e-16,3.758287637057865e-16,0.2718255181256849,0.203747756987742,0.02678536975179972,0.004858627180380056
time_dependent,prepared,0.01,0.001,0.721,0.23955502487872715,0.4426690333202958,1.6653345369377348e-15,1.881015399300327e-15,0.2720650731505636,0.20354464297930044,0.026731975132943134,0.004853773544565016
time_dependent,prepared,0.01,0.001,0.722,0.23931421276728412,0.442228571611514,-1.1102230246251565e-15,1.2552592662425927e-15,0.2723043873633309,0.20334172862045558,0.026678686345900374,0.004848924753298985
time_dependent,prepared,0.01,0.001,0.723,0.2390736546228609,0.4417885353124204,-6.38378239159465e-16,7.224929894434928e-16,0.27254346101795374,0.20313901373976714,0.026625503186694537,0.004844080801757346
time_dependent,prepared,0.01,0.001,0.724,0.2388333500615603,0.4413489241306839,-7.771561172376096e-16,8.804327763666344e-16,0.2727822943680153,0.20293649816569678,0.02657242545168142,0.004839241685120232
time_dependent,prepared,0.01,0.001,0.725,0.2385932987025311,0.44090973777299913,-2.220446049250313e-16,2.5180279080085806e-16,0.27302088766671784,0.2027341817266266,0.026519452937550845,0.004834407398572841
time_dependent,prepared,0.01,0.001,0.726,0.23835350016416249,0.4404709759451035,-4.163336342344337e-16,4.726005309897219e-16,0.273259241166882,0.2025320642508459,0.026466585441324356,0.004829577937304685
time_dependent,prepared,0.01,0.001,0.727,0.2381139540683522,0.44003263835179357,-1.0824674490095276e-15,1.2299854086552177e-15,0.27349735512095036,0.2023301455665617,0.02641382276035815,0.0048247532965102246
time_dependent,prepared,0.01,0.001,0.728,0.23787466003814145,0.43959472469693395,-3.3306690738754696e-16,3.7883405859473245e-16,0.2737352297809885,0.20212842550190377,0.02636116469234105,0.0048199334713887555
time_dependent,prepared,0.01,0.001,0.729,0.23763561769617514,0.4391572346834681,-8.604228440844963e-16,9.796295906461214e-16,0.2739728653986847,0.2019269038849163,0.0263086110352952,0.0048151184571436035
time_dependent,prepared,0.01,0.001,0.73,0.23739682667069162,0.43872016801344493,4.440892098500626e-16,5.061189822443413e-16,0.2742102622253554,0.20172558054357245,0.02625616158757657,0.004810308248983886
time_dependent,prepared,0.01,0.001,0.731,0.237158286588808,0.43828352438800494,-6.938893903907228e-16,7.915987617372026e-16,0.2744474205119442,0.2015244553057744,0.026203816147874925,0.0048055028421228815
time_dependent,prepared,0.01,0.001,0.732,0.23691999707885766,0.43784730350742274,-5.273559366969494e-16,6.022144392263107e-16,0.2746843405090231,0.20132352799934525,0.02615157451521309,0.004800702231778449
time_dependent,prepared,0.01,0.001,0.733,0.2366819577709674,0.4374115050711051,1.1102230246251565e-15,1.2690830165117383e-15,0.27492102246679406,0.20112279845204567,0.02609943648894775,0.0047959064131731025
time_dependent,prepared,0.01,0.001,0.734,0.23644416829915899,0.4369761287775808,-1.0547118733938987e-15,1.2068300805634446e-15,0.2751574666350932,0.20092226649156678,0.026047401868769512,0.0047911153815347
time_dependent,prepared,0.01,0.001,0.735,0.23620662829526334,0.4365411743245622,1.1102230246251565e-16,1.2716131832729725e-16,0.2753936732633885,0.20072193194553864,0.025995470454702463,0.004786329132094982
time_dependent,prepared,0.01,0.001,0.736,0.2359693373957229,0.43610664140891336,9.992007221626409e-16,1.145592186964362e-15,0.2756296426007842,0.20052179464152484,0.02594364204710485,0.004781547660091028
time_dependent,prepared,0.01,0.001,0.737,0.23573229523598302,0.43567252972668374,1.6930901125533637e-15,1.9430765047494608e-15,0.2758653748960202,0.20032185440703396,0.025891916446668196,0.004776770960764089
time_dependent,prepared,0.01,0.001,0.738,0.23549550145522866,0.43523883897311155,-2.7755575615628914e-17,3.1885453606477905e-17,0.27610087039747544,0.2001221110695158,0.02584029345441808,0.004771999029360526
time_dependent,prepared,0.01,0.001,0.739,0.23525895569218633,0.4348055688426355,-5.551115123125783e-17,6.38344529245765e-17,0.27633612935316765,0.199922564456365,0.02578877287171375,0.004767231861131091
time_dependent,prepared,0.01,0.001,0.74,0.23502265758874585,0.4343727190289154,-4.163336342344337e-16,4.792354768103189e-16,0.2765711520107564,0.1997232143949252,0.025737354500248805,0.004762469451331519
time_dependent,prepared,0.01,0.001,0.741,0.23478660678609184,0.4339402892248275,2.220446049250313e-16,2.5584695687243316e-16,0.2768059386175425,0.19952406071248627,0.025686038142049717,0.004757711795221693
time_dependent,prepared,0.01,0.001,0.742,0.23455080292988933,0.4335082791224942,-1.3322676295501878e-15,1.5366115178318636e-15,0.2770404894204724,0.1993251032362934,0.025634823599477528,0.004752958888066955
time_dependent,prepared,0.01,0.001,0.743,0.23431524566345333,0.43307668841327207,1.3322676295501878e-15,1.5381428569053374e-15,0.27727480466613585,0.19912634179354455,0.025583710675226613,0.004748210725136433
time_dependent,prepared,0.01,0.001,0.744,0.23407993463481605,0.4326455167877924,-5.551115123125783e-17,6.415315665744597e-17,0.27750888460077067,0.1989277762113918,0.02553269917232528,0.004743467301704572
time_dependent,prepared,0.01,0.001,0.745,0.2338448694911712,0.4322147639359413,-1.7208456881689926e-15,1.990729877547685e-15,0.27774272947026185,0.198729406316946,0.025481788894135268,0.004738728613050088
time_dependent,prepared,0.01,0.001,0.746,0.23361004988297132,0.43178442954689167,3.885780586188048e-16,4.499676598187813e-16,0.27797633952014483,0.19853123193728311,0.02543097964435226,0.004733994654456735
time_dependent,prepared,0.01,0.001,0.747,0.2333754754597226,0.4313545133091142,-4.163336342344337e-16,4.825887076508735e-16,0.27820971499560454,0.19833325289943332,0.025380271227005133,0.0047292654212123695
time_dependent,prepared,0.01,0.001,0.748,0.2331411458746643,0.4309250149103586,-9.43689570931383e-16,1.0949579837314516e-15,0.2784428561414792,0.19813546903039767,0.025329663446456586,0.004724540908610036
time_dependent,prepared,0.01,0.001,0.749,0.23290706078108236,0.43049593403771086,-2.498001805406602e-16,2.901307083178841e-16,0.2786757632022603,0.19793788015714098,0.02527915610740302,0.004719821111947185
time_dependent,prepared,0.01,0.001,0.75,0.23267321983288614,0.4300672703775618,-3.3306690738754696e-16,3.8722652283576846e-16,0.2789084364220932,0.19774048610659703,0.02522874901487347,0.004715106026525661
time_dependent,prepared,0.01,0.001,0.751,0.23243962268743934,0.42963902361564343,-1.8596235662471372e-15,2.1641697611606702e-15,0.2791408760447806,0.19754328670566798,0.025178441974230758,0.004710395647652417
time_dependent,prepared,0.01,0.001,0.752,0.23220626900183491,0.4292111934370235,8.326672684688674e-16,9.69997149656164e-16,0.27937308231378244,0.1973462817812336,0.025128234791171333,0.004705689970638757
time_dependent,prepared,0.01,0.001,0.753,0.23197315843448532,0.42878377952613345,-8.881784197001252e-16,1.035694984406463e-15,0.2796050554722169,0.19714947116014134,0.02507812727172419,0.004700988990800589
time_dependent,prepared,0.01,0.001,0.754,0.23174029064585375,0.4283567815667495,-1.942890293094024e-16,2.267841174345071e-16,0.2798367957628628,0.19695285466922016,0.025028119222251642,0.004696292703458589
time_dependent,prepared,0.01,0.001,0.755,0.23150766529720299,0.42793019924203113,1.4432899320127035e-15,1.6863613909103867e-15,0.28006830342816,0.19675643213527477,0.024978210449448802,0.004691601103937927
time_dependent,prepared,0.01,0.001,0.756,0.23127528205042255,0.4275040322345233,-2.7755575615628914e-17,3.246235534967137e-17,0.28029957871021044,0.196560203385091,0.024928400760343566,0.004686914187568275
time_dependent,prepared,0.01,0.001,0.757,0.23104314057024933,0.4270782802261418,9.159339953157541e-16,1.0723256575243746e-15,0.2805306218507807,0.1963641682454361,0.02487868996229704,0.004682231949684158
time_dependent,prepared,0.01,0.001,0.758,0.23081124052154314,0.42665294289822714,1.3322676295501878e-15,1.561301347765439e-15,0.28076143309130225,0.19616832654305896,0.024829077863002643,0.004677554385624629
time_dependent,prepared,0.01,0.001,0.759,0.23057958157091477,0.4262280199315173,2.4702462297909733e-15,2.8977989647276872e-15,0.28099201267287316,0.1959726781046984,0.02477956427048618,0.0046728814907333665
time_dependent,prepared,0.01,0.001,0.76,0.23034816338526778,0.4258035110061752,-3.3306690738754696e-16,3.911039937182632e-16,0.2812223608362584,0.195777222757077,0.02473014899310614,0.004668213260358454
time_dependent,prepared,0.01,0.001,0.761,0.230116985634132,0.42537941580177585,3.3306690738754696e-15,3.9149391697734705e-15,0.28145247782189253,0.1955819603269105,0.024680831839552782,0.004663549689852815
time_dependent,prepared,0.01,0.001,0.762,0.2298860479862194,0.4249557339973568,7.216449660063518e-16,8.490825140987974e-16,0.28168236386987877,0.19538689064089773,0.024631612618849,0.004658890774573547
time_dependent,prepared,0.01,0.001,0.763,0.22965535011458355,0.42453246527138966,-6.661338147750939e-16,7.845499099217971e-16,0.28191201921999337,0.1951920135257415,0.024582491140349366,0.0046542365098830515
time_dependent,prepared,0.01,0.001,0.764,0.22942489169023297,0.4241096093017961,1.1379786002407855e-15,1.3416090737889874e-15,0.2821414441116836,0.1949973288081306,0.024533467213740393,0.004649586891147577
time_dependent,prepared,0.01,0.001,0.765,0.2291946723871382,0.42368716576597204,1.1379786002407855e-15,1.3429467448978122e-15,0.28237063878407076,0.19480283631475165,0.024484540649039953,0.004644941913738338
time_dependent,prepared,0.01,0.001,0.766,0.22896469187969748,0.42326513434078467,-2.498001805406602e-16,2.950871218458759e-16,0.2825996034759505,0.1946085358722903,0.024435711256597673,0.004640301573030877
time_dependent,prepared,0.01,0.001,0.767,0.22873494984460555,0.4228435147025762,5.551115123125783e-17,6.56403010819544e-17,0.2828283384257951,0.19441442730743216,0.024386978847094547,0.0046356658644056805
time_dependent,prepared,0.01,0.001,0.768,0.22850544595852432,0.42242230652719276,-8.881784197001252e-16,1.0512920435026211e-15,0.2830568438717536,0.19422051044686317,0.024338343231542662,0.004631034783247526
time_dependent,prepared,0.01,0.001,0.769,0.22827617989922697,0.4220015094899573,1.8318679906315083e-15,2.1704519408538974e-15,0.28328512005165285,0.19402678511727278,0.02428980422128508,0.004626408324945615
time_dependent,prepared,0.01,0.001,0.77,0.22804715134631706,0.42158112326573,2.7755575615628914e-16,3.2918427894284624e-16,0.2835131672029992,0.19383325114535285,0.024241361627995686,0.004621786484893949
time_dependent,prepared,0.01,0.001,0.771,0.22781835998030828,0.42116114752886463,2.7755575615628914e-16,3.2951253669151247e-16,0.2837409855629795,0.19363990835780492,0.024193015263678758,0.004617169258491007
time_dependent,prepared,0.01,0.001,0.772,0.22758980548336286,0.4207415819532485,1.6653345369377348e-15,1.97904676928602e-15,0.28396857536846287,0.19344675658133473,0.024144764940669833,0.0046125566411399695
time_dependent,prepared,0.01,0.001,0.773,0.22736148753665614,0.42032242621229304,-2.9698465908722937e-15,3.5328195757181874e-15,0.28419593685599953,0.19325379564265907,0.024096610471633462,0.0046079486282480575
time_dependent,prepared,0.01,0.001,0.774,0.22713340582538305,0.41990367997895667,-2.275957200481571e-15,2.7100943728281163e-15,0.2844230702618249,0.19306102536850508,0.024048551669565345,0.004603345215227625
time_dependent,prepared,0.01,0.001,0.775,0.22690556003376586,0.4194853429257487,6.106226635438361e-16,7.278235984182162e-16,0.28464997582185864,0.19286844558561392,0.024000588347790425,0.004598746397495238
time_dependent,prepared,0.01,0.001,0.776,0.22667794984783982,0.4190674147247273,1.4988010832439613e-15,1.7882577248680567e-15,0.28487665377170646,0.1926760561207367,0.023952720319963497,0.004594152170472014
time_dependent,prepared,0.01,0.001,0.777,0.22645057495449597,0.4186498950475235,-3.552713678800501e-15,4.243060515275211e-15,0.285103104346661,0.19248385680064356,0.023904947400068727,0.0045895625295836
time_dependent,prepared,0.01,0.001,0.778,0.22622343504143894,0.4182327835653227,-9.43689570931383e-16,1.128186990611643e-15,0.2853293277817024,0.19229184745211989,0.02385726940241934,0.0045849774702600675
time_dependent,prepared,0.01,0.001,0.779,0.2259965297989721,0.41781607994891207,-9.43689570931383e-16,1.129312173728178e-15,0.2855553243115014,0.19210002790197023,0.023809686141657994,0.004580396987936419
time_dependent,prepared,0.01,0.001,0.78,0.2257698589161057,0.4173997838686576,9.43689570931383e-16,1.130438499733784e-15,0.28578109417041747,0.19190839797701767,0.023762197432755733,0.0045758210780516145
time_dependent,prepared,0.01,0.001,0.781,0.2255434220845866,0.41698389499451377,-3.3584246494910985e-15,4.02704359785322e-15,0.28600663759250206,0.19171695750410775,0.023714803091012242,0.004571249736049474
time_dependent,prepared,0.01,0.001,0.782,0.22531721899709292,0.41656841299603437,-2.220446049250313e-16,2.665163728186289e-16,0.28623195481149916,0.19152570631010837,0.023667502932055825,0.004566682957378354
time_dependent,prepared,0.01,0.001,0.783,0.22509124934596433,0.4161533375424084,-1.942890293094024e-16,2.3343442402357674e-16,0.2864570460608451,0.1913346442219126,0.023620296771842218,0.004562120737490778
time_dependent,prepared,0.01,0.001,0.784,0.2248655128258063,0.4157386683024101,-1.0824674490095276e-15,1.3018604372664916e-15,0.2866819115736709,0.19114377106643488,0.023573184426655604,0.004557563071843998
time_dependent,prepared,0.01,0.001,0.785,0.22464000913228882,0.4153244049444535,-3.0531133177191805e-16,3.675576587086801e-16,0.2869065515828032,0.19095308667062294,0.02352616571310756,0.004553009955899798
time_dependent,prepared,0.01,0.001,0.786,0.22441473796108702,0.4149105471365789,-5.551115123125783e-17,6.689532432274475e-17,0.2871309663207643,0.19076259086144798,0.023479240448136998,0.004548461385124248
time_dependent,prepared,0.01,0.001,0.787,0.22418969900999758,0.41449709454647576,3.608224830031759e-16,4.352533319901453e-16,0.2873551560197743,0.1905722834659106,0.023432408449009755,0.004543917354988108
time_dependent,prepared,0.01,0.001,0.788,0.22396489197685127,0.4140840468414592,2.831068712794149e-15,3.418471122455575e-15,0.28757912091175114,0.19038216431104701,0.023385669533318918,0.004539377860966451
time_dependent,prepared,0.01,0.001,0.789,0.22374031656154394,0.41367140368852057,1.915134717478395e-15,2.3148019181432432e-15,0.28780286122831267,0.19019223322391962,0.023339023518983884,0.0045348428985390295
time_dependent,prepared,0.01,0.001,0.79,0.22351597246452024,0.4132591647542887,-4.718447854656915e-16,5.708824216230465e-16,0.2880263772007772,0.19000249003162925,0.023292470224250555,0.00453031246319008
time_dependent,prepared,0.01,0.001,0.791,0.22329185938457866,0.4128473297050718,8.326672684688674e-16,1.0084445369474765e-15,0.28824966906016175,0.18981293456130996,0.023246009467690495,0.0045257865504075585
time_dependent,prepared,0.01,0.001,0.792,0.22306797702672626,0.412435898206847,-1.5543122344752192e-15,1.884307647846521e-15,0.28847273703718845,0.18962356664012925,0.023199641068201316,0.004521265155685021
time_dependent,prepared,0.01,0.001,0.793,0.2228443250927567,0.41202486992525966,7.771561172376096e-16,9.430936989053394e-16,0.2886955813622812,0.18943438609529734,0.02315336484500657,0.004516748274519777
time_dependent,prepared,0.01,0.001,0.794,0.22262090328750886,0.41161424452566536,3.0531133177191805e-16,3.708707070181106e-16,0.2889182022655687,0.18924539275405877,0.023107180617654387,0.004512235902413976
time_dependent,prepared,0.01,0.001,0.795,0.2223977113143388,0.4112040216730972,1.4432899320127035e-15,1.754956002303038e-15,0.289140599976883,0.18905658644369955,0.02306108820601799,0.004507728034873612
time_dependent,prepared,0.01,0.001,0.796,0.22217474888038855,0.41079420103228603,-1.1102230246251565e-16,1.3513129224259664e-16,0.2893627747257634,0.18886796699154818,0.023015087430295778,0.004503224667409728
time_dependent,prepared,0.01,0.001,0.797,0.22195201569192202,0.41038478226766273,-7.494005416219807e-16,9.130462117540271e-16,0.2895847267414553,0.1886795342249724,0.022969178111009732,0.00449872579553747
time_dependent,prepared,0.01,0.001,0.798,0.22172951145697908,0.4099757650433907,1.27675647831893e-15,1.5571121358646645e-15,0.2898064562529123,0.18849128797138703,0.02292336006900686,0.004494231414776644
time_dependent,prepared,0.01,0.001,0.799,0.22150723588441845,0.40956714902332725,1.1934897514720433e-15,1.4570135255208972e-15,0.2900279634887967,0.1883032280582478,0.022877633125457247,0.004489741520651436
time_dependent,prepared,0.01,0.001,0.8,0.22128518868274458,0.4091589338710766,7.494005416219807e-16,9.15781716571428e-16,0.2902492486774795,0.1881153543130587,0.022831997101854726,0.00448525610869017
time_dependent,prepared,0.01,0.001,0.801,0.22106336956288716,0.4087511192499574,-4.996003610813204e-16,6.111302667477318e-16,0.2904703120470424,0.18792766656337215,0.02278645182001632,0.004480775174425905
time_dependent,prepared,0.01,0.001,0.802,0.22084177823734089,0.4083437048230212,1.0269562977782698e-15,1.2574655684031644e-15,0.2906911538252797,0.18774016463678606,0.022740997102082453,0.0044762987133963724
time_dependent,prepared,0.01,0.001,0.803,0.22062041441559457,0.4079366902530842,-2.3037127760972e-15,2.8236155647926415e-15,0.29091177423969533,0.18755284836094735,0.022695632770515138,0.004471826721142776
time_dependent,prepared,0.01,0.001,0.804,0.220399277813286,0.40753007520268203,5.551115123125783e-16,6.810681543398942e-16,0.29113217351750864,0.1873657175635594,0.0226503586480998,0.004467359193211857
time_dependent,prepared,0.01,0.001,0.805,0.22017836814317182,0.40712385933412815,9.992007221626409e-16,1.2271458663671585e-15,0.29135235188565184,0.18717877207236855,0.022605174557943097,0.004462896125154103
time_dependent,prepared,0.01,0.001,0.806,0.21995768511981034,0.4067180423094845,2.7755575615628914e-16,3.4121397046985216e-16,0.2915723095707716,0.18699201171517785,0.02256008032347364,0.004458437512524441
time_dependent,prepared,0.01,0.001,0.807,0.2197372284590941,0.40631262379058775,-1.8596235662471372e-15,2.2884147050345963e-15,0.2917920467992307,0.18680543631984703,0.022515075768441306,0.004453983350882354
time_dependent,prepared,0.01,0.001,0.808,0.21951699787773687,0.405907603439024,2.498001805406602e-16,3.077057172916268e-16,0.29201156379710846,0.18661904571428597,0.02247016071691742,0.0044495336357917616
time_dependent,prepared,0.01,0.001,0.809,0.21929699309273035,0.4055029809161893,-1.1379786002407855e-15,1.4031692167461381e-15,0.2922308607902012,0.18643283972646255,0.022425334993293432,0.004445088362820817
time_dependent,prepared,0.01,0.001,0.81,0.21907721382139336,0.40509875588324196,-2.9698465908722937e-15,3.665583450629354e-15,0.29244993800402264,0.1862468181844002,0.022380598422281003,0.0044406475275419145
time_dependent,prepared,0.01,0.001,0.811,0.218857659784832,0.40469492800112356,4.996003610813204e-16,6.172555257227403e-16,0.2926687956638075,0.18606098091618414,0.02233595082891312,0.004436211125532482
time_dependent,prepared,0.01,0.001,0.812,0.21863833070115626,0.40429149693059113,-7.216449660063518e-16,8.92481008733959e-16,0.2928874339945087,0.1858753277499547,0.022291392038541403,0.004431779152373675
time_dependent,prepared,0.01,0.001,0.8130000000000001,0.21841922629067695,0.40388846233218173,1.6375789613221059e-15,2.0272663297512826e-15,0.29310585322079935,0.18568985851391273,0.022246921876837054,0.004427351603651058
time_dependent,prepared,0.01,0.001,0.8140000000000001,0.2182003462761488,0.40348582386624315,7.771561172376096e-16,9.630525674865328e-16,0.2933240535670755,0.18550457303632387,0.022202540169790473,0.004422928474955015
time_dependent,prepared,0.01,0.001,0.8150000000000001,0.21798169037848145,0.4030835811929428,-1.915134717478395e-15,2.375604969830919e-15,0.293542035257454,0.18531947114550823,0.022158246743710794,0.004418509761879793
time_dependent,prepared,0.01,0.001,0.8160000000000001,0.217763258322011,0.4026817339722409,-1.3877787807814457e-15,1.7231707620454365e-15,0.293759798515776,0.1851345526698579,0.022114041425225658,0.004414095460024503
time_dependent,prepared,0.01,0.001,0.8170000000000001,0.21754504982866557,0.4022802818639444,2.4424906541753444e-15,3.0358070781622527e-15,0.2939773435656047,0.184949817437823,0.022069924041280522,0.00440968556499196
time_dependent,prepared,0.01,0.001,0.8180000000000001,0.21732706462513232,0.4018792245276707,-2.525757381022231e-15,3.142433381559803e-15,0.2941946706302298,0.18476526527792073,0.02202589441913856,0.004405280072390107
time_dependent,prepared,0.01,0.001,0.8190000000000001,0.21710930243488738,0.40147856162286477,-1.915134717478395e-15,2.3851020957843964e-15,0.2944117799326647,0.1845808960187331,0.021981952386380427,0.004400878977830482
time_dependent,prepared,0.01,0.001,0.8200000000000001,0.21689176298569587,0.4010782928088179,-7.216449660063518e-16,8.996310432965004e-16,0.2946286716956504,0.18439670948890943,0.021938097770904066,0.004396482276929661
time_dependent,prepared,0.01,0.001,0.8210000000000001,0.2166744460027226,0.40067841774465285,3.885780586188048e-16,4.849001610893357e-16,0.2948453461416531,0.1842127055171682,0.021894330400923163,0.004392089965307884
time_dependent,prepared,0.01,0.001,0.8220000000000001,0.21645735121598475,0.4002789360893511,8.881784197001252e-16,1.1094493609599572e-15,0.2950618034928691,0.18402888393229427,0.02185065010496892,0.004387702038590559
time_dependent,prepared,0.01,0.001,0.8230000000000001,0.21624047835163188,0.3998798475017318,8.049116928532385e-16,1.0064419323478809e-15,0.2952780439712207,0.1838452445631445,0.021807056711887658,0.004383318492406512
time_dependent,prepared,0.01,0.001,0.8240000000000001,0.21602382713972562,0.3994811516404759,3.885780586188048e-16,4.863534324749772e-16,0.2954940677983604,0.18366178723864385,0.02176355005084125,0.004378939322389461
time_dependent,prepared,0.01,0.001,0.8250000000000001,0.21580739731025242,0.3990828481641189,1.0824674490095276e-15,1.3561939005762183e-15,0.29570987519567066,0.18347851178778968,0.02172012995130746,0.004374564524177312
time_dependent,prepared,0.01,0.001,0.8260000000000001,0.21559118859398116,0.3986849367310715,-7.771561172376096e-16,9.746494608119998e-16,0.29592546638426465,0.18329541803965269,0.021676796243078125,0.0043701940934123785
time_dependent,prepared,0.01,0.001,0.8270000000000001,0.21537520072227476,0.39828741699960446,-1.0269562977782698e-15,1.2892150918482204e-15,0.29614084158498694,0.18311250582337532,0.021633548756260373,0.004365828025741203
time_dependent,prepared,0.01,0.001,0.8280000000000001,0.21515943342625019,0.39789028862786935,1.2212453270876722e-15,1.534650834654891e-15,0.2963560010184132,0.18292977496817378,0.021590387321274513,0.004361466316814363
time_dependent,prepared,0.01,0.001,0.8290000000000001,0.21494388644038143,0.3974935512738946,5.273559366969494e-16,6.633515625685865e-16,0.2965709449048536,0.18274722530333937,0.02154731176885536,0.004357108962287395
time_dependent,prepared,0.01,0.001,0.8300000000000001,0.21472855949718067,0.3970972045955897,-2.1094237467877974e-15,2.656054641502796e-15,0.29678567346435075,0.18256485665824126,0.021504321930050932,0.0043527559578195605
time_dependent,prepared,0.01,0.001,0.8310000000000001,0.2145134523310774,0.39670124825074893,-1.2490009027033011e-15,1.5742336433408802e-15,0.29700018691668184,0.18238266886232185,0.02146141763622213,0.004348407299074671
time_dependent,prepared,0.01,0.001,0.8320000000000001,0.21429856467775535,0.39630568189707255,5.828670879282072e-16,7.353756387469452e-16,0.2972144854813596,0.18220066174510302,0.021418598719042944,0.004344062981720942
time_dependent,prepared,0.01,0.001,0.833,0.21408389627168303,0.3959105051921521,2.7755575615628914e-16,3.5052840543038825e-16,0.2974285693776313,0.18201883513618156,0.02137586501049867,0.004339723001430474
time_dependent,prepared,0.01,0.001,0.834,0.21386944685013873,0.39551571779346684,-1.3877787807814457e-16,1.754391441791102e-16,0.29764243882448144,0.1818371888652388,0.021333216342887533,0.004335387353880047
time_dependent,prepared,0.01,0.001,0.835,0.21365521615025643,0.3951213193584188,-6.38378239159465e-16,8.078256068237938e-16,0.2978560940406317,0.18165572276203115,0.021290652548818696,0.004331056034750651
time_dependent,prepared,0.01,0.001,0.836,0.21344120390980256,0.3947273095443189,-2.3592239273284576e-15,2.9884224758251462e-15,0.2980695352445415,0.18147443665639637,0.02124817346121261,0.004326729039727541
time_dependent,prepared,0.01,0.001,0.837,0.21322740986629551,0.3943336880083775,-7.216449660063518e-16,9.150181533450692e-16,0.2982827626544078,0.18129333037825462,0.02120577891330039,0.004322406364499941
time_dependent,prepared,0.01,0.001,0.838,0.21301383376046984,0.39394045440773745,2.1094237467877974e-15,2.6773383174865426e-15,0.2984957764881683,0.1811124037576054,0.02116346873862356,0.004318088004761955
time_dependent,prepared,0.01,0.001,0.839,0.2128004753308847,0.393547608399454,2.1649348980190553e-15,2.7505374849357776e-15,0.2987085769634992,0.1809316566245384,0.021121242771033378,0.004313773956211368
time_dependent,prepared,0.01,0.001,0.84,0.2125873343184138,0.3931551496405264,8.881784197001252e-16,1.129552061714329e-15,0.29892116429781757,0.1807510888092163,0.021079100844691313,0.004309464214550516
time_dependent,prepared,0.01,0.001,0.841,0.21237441046455038,0.39276307778786546,-1.27675647831893e-15,1.6253519621929926e-15,0.29913353870828213,0.18057070014189314,0.02103704279406723,0.0043051587754860295
time_dependent,prepared,0.01,0.001,0.842,0.21216170351044675,0.3923713924983201,7.771561172376096e-16,9.903322873378647e-16,0.2993457004117926,0.18039049045290492,0.02099506845394018,0.004300857634728598
time_dependent,prepared,0.01,0.001,0.843,0.21194921319954474,0.39198009342868595,1.609823385706477e-15,2.0534504337008547e-15,0.29955764962499215,0.180210459572676,0.020953177659397772,0.004296560787993453
time_dependent,prepared,0.01,0.001,0.844,0.21173693927440435,0.391589180235696,-9.159339953157541e-16,1.1695088137579006e-15,0.29976938656426655,0.18003060733171608,0.020911370245835482,0.004292268230999822
time_dependent,prepared,0.01,0.001,0.845,0.21152488147818968,0.3911986525760306,3.0531133177191805e-16,3.902254388677627e-16,0.29998091144574474,0.17985093356061704,0.02086964604895594,0.0042879799594710685
time_dependent,prepared,0.01,0.001,0.846,0.21131303955698003,0.3908085101063144,-2.7755575615628914e-16,3.551045447817702e-16,0.3001922244853017,0.17967143809006692,0.020828004904769718,0.00428369596913534
time_dependent,prepared,0.01,0.001,0.847,0.2111014132548254,0.3904187524831422,-1.1934897514720433e-15,1.5284739063905218e-15,0.3004033258985565,0.17949212075083837,0.02078644664959394,0.004279416255724569
time_dependent,prepared,0.01,0.001,0.848,0.21089000231662533,0.3900293793630488,2.4702462297909733e-15,3.166743789692315e-15,0.3006142159008731,0.1793129813737923,0.02074497112005184,0.004275140814974698
time_dependent,prepared,0.01,0.001,0.849,0.2106788064901944,0.38964039040254067,1.609823385706477e-15,2.0657809423239618e-15,0.3008248947073633,0.17913401978987997,0.020703578153072593,0.004270869642626518
time_dependent,prepared,0.01,0.001,0.85,0.2104678255219506,0.389251785258084,-6.106226635438361e-16,7.843543519511131e-16,0.30103536253288526,0.17895523583014378,0.020662267585891896,0.004266602734424688
time_dependent,prepared,0.01,0.001,0.851,0.21025705915935766,0.3888635635861201,5.551115123125783e-17,7.137612832548655e-17,0.3012456195920446,0.178776629325717,0.020621039256049602,0.0042623400861181125
time_dependent,prepared,0.01,0.001,0.852,0.21004650715031475,0.3884757250430601,-1.3600232051658168e-15,1.7504609908573686e-15,0.30145566609919494,0.178598200107824,0.020579893001390574,0.004258081693459819
time_dependent,prepared,0.01,0.001,0.853,0.2098361692447055,0.38808826928528445,1.27675647831893e-15,1.6449305214381291e-15,0.30166550226843963,0.17841994800778324,0.020538828660064838,0.004253827552207397
time_dependent,prepared,0.01,0.001,0.854,0.20962604519150446,0.38770119596916724,-1.4432899320127035e-15,1.8613431516567813e-15,0.3018751283136311,0.17824187285700593,0.020497846070525363,0.004249577658122397
time_dependent,prepared,0.01,0.001,0.855,0.20941613473963266,0.38731450475105134,2.0261570199409107e-15,2.6156482588268022e-15,0.30208454444837074,0.17806397448699393,0.02045694507152905,0.004245332006970287
time_dependent,prepared,0.01,0.001,0.856,0.209206437641074,0.3869281952872799,1.6930901125533637e-15,2.187860865626894e-15,0.3022937508860118,0.1778862527293484,0.02041612550213597,0.004241090594521249
time_dependent,prepared,0.01,0.001,0.857,0.2089969536469891,0.38654226723417273,8.326672684688674e-16,1.0770714344214586e-15,0.3025027478396588,0.17770870741576106,0.020375387201708978,0.00423685341654951
time_dependent,prepared,0.01,0.001,0.858,0.20878768250894458,0.38615672024805225,-2.0816681711721685e-15,2.6953670129513614e-15,0.30271153552216773,0.17753133837802268,0.02033473000991342,0.004232620468833395
time_dependent,prepared,0.01,0.001,0.859,0.20857862397853277,0.3857715539852378,-2.3037127760972e-15,2.985851020245731e-15,0.3029201141461463,0.17735414544801573,0.020294153766716033,0.004228391747155194
time_dependent,prepared,0.01,0.001,0.86,0.2083697778098726,0.38538676810203837,-4.718447854656915e-16,6.121704538397152e-16,0.30312848392395614,0.17717712845772302,0.02025365831238538,0.004224167247301831
time_dependent,prepared,0.01,0.001,0.861,0.20816114375601258,0.38500236225477613,1.942890293094024e-16,2.523218665095244e-16,0.30333664506771213,0.17700028723922537,0.020213243487491192,0.00421994696506413
time_dependent,prepared,0.01,0.001,0.862,0.207952721571652,0.38461833609977814,1.4710455076283324e-15,1.912344484854083e-15,0.3035445977892838,0.17682362162469686,0.02017290913290336,0.004215730896237277
time_dependent,prepared,0.01,0.001,0.863,0.2077445110115381,0.3842346892933861,2.220446049250313e-15,2.8894398542382304e-15,0.3037523423002953,0.1766471314464147,0.020132655089792912,0.004211519036620569
time_dependent,prepared,0.01,0.001,0.864,0.20753651182978886,0.3838514214919409,7.494005416219807e-16,9.761596540521264e-16,0.3039598788121251,0.17647081653675187,0.020092481199629513,0.004207311382017101
time_dependent,prepared,0.01,0.001,0.865,0.2073287237842495,0.38346853235181655,-2.3314683517128287e-15,3.039973498495321e-15,0.30416720753590937,0.1762946767281853,0.020052387304183267,0.0042031079282349145
time_dependent,prepared,0.01,0.001,0.866,0.20712114662934117,0.3830860215293888,-2.0261570199409107e-15,2.64451964581208e-15,0.3043743286825387,0.17611871185328523,0.020012373245522522,0.004198908671085289
time_dependent,prepared,0.01,0.001,0.867,0.20691378012356085,0.38270388868107225,-1.5265566588595902e-15,1.9944357818268146e-15,0.30458124246266227,0.17594292174472778,0.019972438866014505,0.004194713606384431
time_dependent,prepared,0.01,0.001,0.868,0.20670662402353152,0.38232213346329275,1.0269562977782698e-15,1.3430510659630276e-15,0.3047879490866858,0.17576730623528794,0.019932584008324417,0.004190522729952171
time_dependent,prepared,0.01,0.001,0.869,0.20649967808824068,0.38194075553251466,6.38378239159465e-16,8.357032208691845e-16,0.30499444876477405,0.1755918651578441,0.019892808515415392,0.0041863360376129
time_dependent,prepared,0.01,0.001,0.87,0.2062929420756772,0.3815597545452329,-2.7755575615628914e-17,3.6371204359209444e-17,0.30520074170684974,0.17541659834537343,0.019853112230547514,0.00418215352519483
time_dependent,prepared,0.01,0.001,0.871,0.2060864157450423,0.3811791301579746,-1.609823385706477e-15,2.1116363126167356e-15,0.3054068281225948,0.17524150563096041,0.01981349499727766,0.004177975188530387
time_dependent,prepared,0.01,0.001,0.872,0.20588009885695144,0.38079888202729273,8.049116928532385e-16,1.0568724474295434e-15,0.30561270822145176,0.17506658684779028,0.019773956659459527,0.004173801023456385
time_dependent,prepared,0.01,0.001,0.873,0.20567399117025958,0.38041900980980525,-6.661338147750939e-16,8.755264558258216e-16,0.30581838221262203,0.17489184182915057,0.019734497061242272,0.004169631025813265
time_dependent,prepared,0.01,0.001,0.874,0.20546809244699718,0.3800395131621499,6.38378239159465e-16,8.398840344886589e-16,0.306023850305069,0.17471727040843596,0.019695116047070974,0.00416546519144608
time_dependent,prepared,0.01,0.001,0.875,0.20526240244850946,0.3796603917410274,-5.551115123125783e-17,7.310632401854932e-17,0.3062291127075175,0.174542872419144,0.01965581346168585,0.004161303516203929
time_dependent,prepared,0.01,0.001,0.876,0.20505692093509767,0.37928164520317215,4.163336342344337e-16,5.488449540069537e-16,0.3064341696284526,0.17436864769487553,0.019616589150121176,0.004157145995939489
time_dependent,prepared,0.01,0.001,0.877,0.20485164767172304,0.3789032732053832,-2.1371793224034263e-15,2.8202175509381015e-15,0.3066390212761243,0.17419459606934146,0.01957744295770652,0.004152992626510515
time_dependent,prepared,0.01,0.001,0.878,0.20464658241960354,0.37852527540450404,1.4988010832439613e-15,1.9797899646757965e-15,0.3068436678585439,0.17402071737635683,0.019538374730064326,0.004148843403778102
time_dependent,prepared,0.01,0.001,0.879,0.20444172494263005,0.37814765145743845,-5.551115123125783e-17,7.339877825144414e-17,0.3070481095834865,0.17384701144984147,0.019499384313110935,0.004144698323607719
time_dependent,prepared,0.01,0.001,0.88,0.20423707500397942,0.3777704010211505,-1.915134717478395e-15,2.5347866221143884e-15,0.3072523466584905,0.17367347812382428,0.01946047155305502,0.004140557381868678
time_dependent,prepared,0.01,0.001,0.881,0.20403263236978847,0.37739352375266644,-2.220446049250313e-15,2.9418179029292777e-15,0.3074563792908603,0.17350011723244183,0.019421636296398804,0.004136420574435008
time_dependent,prepared,0.01,0.001,0.882,0.20382839680332085,0.3770170193090756,2.4424906541753444e-15,3.2392312933928877e-15,0.3076602076876636,0.17332692860993676,0.019382878389935593,0.004132287897184108
time_dependent,prepared,0.01,0.001,0.883,0.20362436807208725,0.37664088734753887,-9.159339953157541e-16,1.2159248054109868e-15,0.3078638320557357,0.17315391209066083,0.019344197680751022,0.004128159345998244
time_dependent,prepared,0.01,0.001,0.884,0.2034205459399608,0.3762651275252829,2.3037127760972e-15,3.061289244699399e-15,0.30806725260167567,0.17298106750907494,0.019305594016221377,0.004124034916762922
time_dependent,prepared,0.01,0.001,0.885,0.20321693017449732,0.37588973949960336,-5.273559366969494e-16,7.014768977187075e-16,0.30827046953185017,0.1728083946997504,0.019267067244013954,0.004119914605368288
time_dependent,prepared,0.01,0.001,0.886,0.20301352054254443,0.3755147229278784,6.38378239159465e-16,8.500042743757771e-16,0.3084734830523927,0.17263589349736488,0.019228617212086154,0.0041157984077084195
time_dependent,prepared,0.01,0.001,0.887,0.20281031681183687,0.37514007746756195,1.3600232051658168e-15,1.812687162548521e-15,0.30867629336920455,0.1724635637367091,0.019190243768685812,0.004111686319681521
time_dependent,prepared,0.01,0.001,0.888,0.2026073187502031,0.3747658027761846,1.6930901125533637e-15,2.2588642026717912e-15,0.30887890068795476,0.17229140525268347,0.01915194676234976,0.004107578337189815
time_dependent,prepared,0.01,0.001,0.889,0.2024045261259228,0.37439189851136484,1.2490009027033011e-15,1.668039436309257e-15,0.30908130521408067,0.1721194178802977,0.019113726041903683,0.004103474456139595
time_dependent,prepared,0.01,0.001,0.89,0.20220193870818423,0.37401836433079605,-3.0531133177191805e-16,4.081501884515612e-16,0.30928350715278885,0.171947601454676,0.019075581456462282,0.0040993746724412305
time_dependent,prepared,0.01,0.001,0.891,0.2019995562655312,0.3736451998922716,-3.3029134982598407e-15,4.419852709485017e-15,0.3094855067090544,0.1717759558110486,0.01903751285542782,0.004095278982008903
time_dependent,prepared,0.01,0.001,0.892,0.20179737856989574,0.37327240485365976,-1.8318679906315083e-15,2.4537950928219442e-15,0.3096873040876243,0.17160448078476437,0.018999520088490807,0.004091187380761601
time_dependent,prepared,0.01,0.001,0.893,0.20159540538961593,0.37289997887293064,2.3037127760972e-15,3.088915133570181e-15,0.3098888994930139,0.1714331762112815,0.018961603005628644,0.0040870998646214156
time_dependent,prepared,0.01,0.001,0.894,0.2013936364967092,0.3725279216081485,1.6653345369377348e-15,2.2351808285251823e-15,0.3100902931295106,0.17126204192616942,0.018923761457105476,0.0040830164295151345
time_dependent,prepared,0.01,0.001,0.895,0.20119207166225206,0.3721562327174769,6.38378239159465e-16,8.576750609522782e-16,0.31029148520117283,0.17109107776511517,0.018885995293472055,0.004078937071373392
time_dependent,prepared,0.01,0.001,0.896,0.20099071065763585,0.37178491185916107,-1.27675647831893e-15,1.7170633309651241e-15,0.3104924759118305,0.17092028356391323,0.018848304365564804,0.004074861786130732
time_dependent,prepared,0.01,0.001,0.897,0.20078955325578488,0.3714139586915612,1.1102230246251565e-15,1.4945897948158889e-15,0.3106932654650863,0.17074965915847695,0.01881068852450558,0.004070790569725967
time_dependent,prepared,0.01,0.001,0.898,0.20058859922883943,0.3710433728731442,1.4155343563970746e-15,1.907505240473636e-15,0.31089385406431513,0.1705792043848337,0.018773147621701267,0.004066723418101753
time_dependent,prepared,0.01,0.001,0.899,0.2003878483499269,0.370673154062471,1.609823385706477e-15,2.1714863459401806e-15,0.31109424191266505,0.17040891907912023,0.018735681508843374,0.004062660327204788
time_dependent,prepared,0.01,0.001,0.9,0.2001873003942332,0.37030330191821603,1.0547118733938987e-15,1.424118915400378e-15,0.3112944292130593,0.17023880307759595,0.01869829003790799,0.004058601292986278
time_dependent,prepared,0.01,0.001,0.901,0.19998695513371564,0.3699338160991553,-1.942890293094024e-16,2.6259971494107226e-16,0.311494416168193,0.17006885621663073,0.0186609730611538,0.004054546311400574
time_dependent,prepared,0.01,0.001,0.902,0.19978681234392948,0.369564696264194,-8.881784197001252e-16,1.2016548505287776e-15,0.31169420298053696,0.16989907833271076,0.01862373043112343,0.004050495378406643
time_dependent,prepared,0.01,0.001,0.903,0.1995868717992904,0.3691959420723311,2.7755575615628914e-17,3.758922086173847e-17,0.31189378985233623,0.16972946926243754,0.018586562000642223,0.004046448489967204
time_dependent,prepared,0.01,0.001,0.904,0.19938713327649976,0.3688275531826921,5.828670879282072e-16,7.90162072896292e-16,0.31209317698561273,0.16956002884253174,0.018549467622817745,0.004042405642049379
time_dependent,prepared,0.01,0.001,0.905,0.19918759655021276,0.36845952925451425,1.7208456881689926e-15,2.3351895548076742e-15,0.3122923645821629,0.16939075690982783,0.018512447151039505,0.004038366830623829
time_dependent,prepared,0.01,0.001,0.906,0.19898826139744916,0.36809186994716303,1.7763568394002505e-15,2.412925935657353e-15,0.3124913528435604,0.16922165330127784,0.0184755004389783,0.004034332051665512
time_dependent,prepared,0.01,0.001,0.907,0.1987891275943212,0.367724574920119,2.275957200481571e-15,3.0946493050892387e-15,0.3126901419711547,0.16905271785395198,0.01843862734058598,0.0040303013011531216
time_dependent,prepared,0.01,0.001,0.908,0.19859019491895827,0.3673576438329942,-7.771561172376096e-16,1.0577650013333005e-15,0.31288873216607366,0.16888395040503726,0.018401827710095093,0.004026274575069768
time_dependent,prepared,0.01,0.001,0.909,0.19839146314865824,0.36699107634550365,1.1657341758564144e-15,1.5882323181598732e-15,0.3130871236292223,0.16871535079184088,0.018365101402018313,0.004022251869402209
time_dependent,prepared,0.01,0.001,0.91,0.19819293206064895,0.36662487211751893,-1.0269562977782698e-15,1.4005545939189415e-15,0.31328531656128294,0.16854691885178474,0.0183284482711474,0.004018233180141093
time_dependent,prepared,0.01,0.001,0.911,0.19799460143463143,0.36625903080902106,7.771561172376096e-16,1.0609378225036071e-15,0.3134833111627176,0.16837865442241023,0.018291868172553797,0.00401421850328146
time_dependent,prepared,0.01,0.001,0.912,0.19779647104835427,0.36589355208013463,2.220446049250313e-16,3.0342787357510073e-16,0.31368110763376594,0.16821055734137713,0.018255360961587558,0.004010207834821843
time_dependent,prepared,0.01,0.001,0.913,0.19759854068199578,0.3655284355911131,1.0824674490095276e-15,1.4806884275077224e-15,0.31387870617444796,0.16804262744646872,0.01821892649387679,0.004006201170765176
time_dependent,prepared,0.01,0.001,0.914,0.19740081011485325,0.36516368100233876,2.7755575615628914e-17,3.8004293772374294e-17,0.31407610698456284,0.16787486457558157,0.01818256462532809,0.004002198507118064
time_dependent,prepared,0.01,0.001,0.915,0.19720327912805424,0.3647992879743398,3.3306690738754696e-16,4.5650706891041815e-16,0.3142733102636909,0.16770726856673565,0.01814627521212448,0.003998199839891493
time_dependent,prepared,0.01,0.001,0.916,0.1970059475007523,0.3644352561677748,-2.3592239273284576e-15,3.236821750092081e-15,0.31447031621119165,0.1675398392580682,0.018110058110726895,0.003994205165099765
time_dependent,prepared,0.01,0.001,0.917,0.19680881501545,0.36407158524345135,9.992007221626409e-16,1.3722585923513958e-15,0.3146671250262071,0.1673725764878398,0.018073913177872086,0.00399021447876187
time_dependent,prepared,0.01,0.001,0.918,0.19661188145192232,0.36370827486230944,0.0,0.0,0.314863736907659,0.16720548009442887,0.018037840270573046,0.003986227776899974
time_dependent,prepared,0.01,0.001,0.919,0.19641514659294304,0.3633453246854421,8.049116928532385e-16,1.1076400852963657e-15,0.315060152054252,0.16703854991633718,0.018001839246118072,0.003982245055540783
time_dependent,prepared,0.01,0.001,0.92,0.19621861022166165,0.36298273437408424,-5.551115123125783e-16,7.646527778653097e-16,0.31525637066447365,0.16687178579218437,0.017965909962071203,0.003978266310715001
time_dependent,prepared,0.01,0.001,0.921,0.1960222721188152,0.3626205035896138,1.6653345369377348e-16,2.296249826543776e-16,0.31545239293659244,0.16670518756071412,0.017930052276270887,0.003974291538456702
time_dependent,prepared,0.01,0.001,0.922,0.19582613206878235,0.36225863199356156,-2.3037127760972e-15,3.1796520119058906e-15,0.3156482190686612,0.16653875506078855,0.017894266046829175,0.003970320734804441
time_dependent,prepared,0.01,0.001,0.923,0.1956301898542155,0.36189711924761286,7.771561172376096e-16,1.0737252051816864e-15,0.3158438492585154,0.16637248813139482,0.017858551132133083,0.0039663538958003616
time_dependent,prepared,0.01,0.001,0.924,0.19543444525963993,0.36153596501359614,6.661338147750939e-16,9.212552543009688e-16,0.31603928370377504,0.16620638661164136,0.017822907390841716,0.003962391017490838
time_dependent,prepared,0.01,0.001,0.925,0.19523889806915062,0.3611751689535013,1.2490009027033011e-15,1.7290791422930002e-15,0.3162345226018442,0.16604045034075748,0.017787334681888072,0.003958432095925999
time_dependent,prepared,0.01,0.001,0.926,0.1950435480671392,0.36081473072947196,3.608224830031759e-16,5.000107427344888e-16,0.31642956614991136,0.16587467915809515,0.017751832864476798,0.003954477127159917
time_dependent,prepared,0.01,0.001,0.927,0.19484839503838972,0.36045465000380306,-5.273559366969494e-16,7.31514958527218e-16,0.3166244145449498,0.16570907290312994,0.01771640179808497,0.003950526107250473
time_dependent,prepared,0.01,0.001,0.928,0.19465343876885013,0.36009492643895713,-6.938893903907228e-16,9.634812093198857e-16,0.3168190679837186,0.1655436314154593,0.017681041342461006,0.003946579032259693
time_dependent,prepared,0.01,0.001,0.929,0.19445867904399086,0.35973555969754634,8.049116928532385e-16,1.11875469515716e-15,0.3170135266627626,0.1653783545348068,0.017645751357624275,0.00394263589825334
time_dependent,prepared,0.01,0.001,0.93,0.1942641156509086,0.35937654944235686,-5.551115123125783e-16,7.72325730732769e-16,0.31720779077841355,0.16521324210101415,0.017610531703865243,0.003938696701301415
time_dependent,prepared,0.01,0.001,0.931,0.1940697483746581,0.35901789533632267,1.4155343563970746e-15,1.9713980483772544e-15,0.3174018605267882,0.16504829395405285,0.017575382241743986,0.00393476143747723
time_dependent,prepared,0.01,0.001,0.932,0.1938755770029737,0.35865959704256106,1.1934897514720433e-15,1.663819623555777e-15,0.31759573610379116,0.16488350993401252,0.017540302832090248,0.003930830102858421
time_dependent,prepared,0.01,0.001,0.933,0.1936816013234761,0.35830165422434185,-9.159339953157541e-16,1.2781604334182974e-15,0.31778941770511465,0.1647188898811124,0.017505293336003546,0.003926902693526536
time_dependent,prepared,0.01,0.001,0.934,0.1934878211232994,0.3579440665451018,-1.6653345369377348e-16,2.3262496750004084e-16,0.3179829055262379,0.16455443363569155,0.01747035361485189,0.003922979205566794
time_dependent,prepared,0.01,0.001,0.935,0.1932942361909639,0.3575868336684515,3.608224830031759e-16,5.045242847751551e-16,0.3181761997624289,0.16439014103821292,0.017435483530271582,0.0039190596350685185
time_dependent,prepared,0.01,0.001,0.936,0.19310084631479904,0.3572299552581759,3.608224830031759e-16,5.050283125646664e-16,0.3183693006087437,0.1642260119292691,0.017400682944166808,0.00391514397812479
time_dependent,prepared,0.01,0.001,0.937,0.1929076512834991,0.35687343097822233,-1.887379141862766e-15,2.644325660065663e-15,0.3185622082600272,0.16406204614957498,0.01736595171870951,0.003911232230832603
time_dependent,prepared,0.01,0.001,0.9380000000000001,0.19271465088630083,0.35651726049271665,-7.216449660063518e-16,1.0120757758109934e-15,0.3187549229109135,0.16389824353996818,0.01733128971633824,0.003907324389292789
time_dependent,prepared,0.01,0.001,0.9390000000000001,0.19252184491313346,0.35616144346595635,1.1657341758564144e-15,1.6365249485067284e-15,0.31894744475582665,0.16373460394141556,0.017296696799758357,0.003903420449610207
time_dependent,prepared,0.01,0.001,0.9400000000000001,0.1923292331531523,0.3558059795624261,1.4155343563970746e-15,1.9891941643840703e-15,0.3191397739889798,0.16357112719500713,0.017262172831940956,0.0038995204078933155
time_dependent,prepared,0.01,0.001,0.9410000000000001,0.19213681539728628,0.355450868446771,1.582067810090848e-15,2.2254380992288396e-15,0.31933191080437706,0.16340781314195624,0.017227717676123144,0.0038956242602547083
time_dependent,prepared,0.01,0.001,0.9420000000000001,0.19194459143666834,0.3550961097838231,2.220446049250313e-16,3.1265423473691177e-16,0.31952385539581374,0.1632446616236101,0.017193331195807363,0.003891732002810899
time_dependent,prepared,0.01,0.001,0.9430000000000001,0.19175256106085142,0.35474170323859255,-1.2490009027033011e-15,1.7604370888742801e-15,0.3197156079568746,0.16308167248143188,0.01715901325475997,0.0038878436316817635
time_dependent,prepared,0.01,0.001,0.9440000000000001,0.19156072406297614,0.35438764847627097,-1.1102230246251565e-16,1.566396330965094e-16,0.31990716868093755,0.16291884555701902,0.017124763717012582,0.003883959142991752
time_dependent,prepared,0.01,0.001,0.9450000000000001,0.191369080233214,0.35403394516224,-1.6653345369377348e-16,2.351941896665554e-16,0.32009853776117075,0.16275618069209025,0.01709058244685992,0.0038800785328684567
time_dependent,prepared,0.01,0.001,0.9460000000000001,0.19117762936476645,0.3536805929620486,1.5265566588595902e-15,2.1581006835500768e-15,0.3202897153905355,0.16259367772849334,0.01705646930886072,0.0038762017974438728
time_dependent,prepared,0.01,0.001,0.9470000000000001,0.1909863712489506,0.35332759154144966,2.4424906541753444e-15,3.4564108672062226e-15,0.32048070176178445,0.16243133650819996,0.017022424167835636,0.0038723289328533883
time_dependent,prepared,0.01,0.001,0.9480000000000001,0.19079530568011785,0.35297494056636014,1.887379141862766e-15,2.6735313544275947e-15,0.32067149706746456,0.16226915687331375,0.016988446888869226,0.003868459935236761
time_dependent,prepared,0.01,0.001,0.9490000000000001,0.19060443244994923,0.35262263970291324,-1.887379141862766e-15,2.676202446123283e-15,0.3208621014999145,0.1621071386660608,0.016954537337306647,0.0038645948007370334
time_dependent,prepared,0.01,0.001,0.9500000000000001,0.19041375135323807,0.3522706886173978,1.0824674490095276e-15,1.5364143029583665e-15,0.32105251525126777,0.161945281728797,0.016920695378755842,0.0038607335255015822
time_dependent,prepared,0.01,0.001,0.9510000000000001,0.190223262182224,0.35191908697632174,-2.7755575615628914e-17,3.9434598239760155e-17,0.32124273851345,0.1617835859040022,0.016886920879084784,0.003856876105681033
time_dependent,prepared,0.01,0.001,0.9520000000000001,0.19003296473268075,0.3515678344463612,-7.494005416219807e-16,1.0657979317165287e-15,0.32143277147818267,0.1616220510342888,0.016853213704422935,0.0038530225374304727
time_dependent,prepared,0.01,0.001,0.9530000000000001,0.18984285879825796,0.3512169306944032,5.273559366969494e-16,7.507552891232994e-16,0.3216226143369809,0.1614606769623925,0.016819573721159727,0.0038491728169083787
time_dependent,prepared,0.01,0.001,0.9540000000000001,0.18965294417410128,0.35086637538751475,1.7763568394002505e-15,2.5313865391608797e-15,0.32181226728115503,0.16129946353117988,0.016786000795944233,0.0038453269402772246
time_dependent,prepared,0.01,0.001,0.9550000000000001,0.18946322065534055,0.350516168192963,-8.881784197001252e-16,1.2669578471643773e-15,0.32200173050181036,0.1611384105836417,0.016752494795684983,0.0038414849037032143
time_dependent,prepared,0.01,0.001,0.9560000000000001,0.18927368803717975,0.35016630877820837,-4.996003610813204e-16,7.133758282236147e-16,0.32219100418984753,0.16097751796290105,0.01671905558754921,0.0038376467033563243
time_dependent,prepared,0.01,0.001,0.9570000000000001,0.1890843461161783,0.3498167968109076,-6.106226635438361e-16,8.727749340662834e-16,0.3223800885359637,0.16081678551220668,0.016685683038962864,0.0038338123354105524
time_dependent,prepared,0.01,0.001,0.9580000000000001,0.18889519468845606,0.3494676319589211,5.551115123125783e-17,7.942245025682806e-17,0.3225689837306522,0.16065621307493508,0.01665237701760953,0.003829981796043594
time_dependent,prepared,0.01,0.001,0.9590000000000001,0.1887062335499651,0.349118813890297,-1.0824674490095276e-15,1.5502851836419096e-15,0.3227576899642021,0.16049580049459453,0.016619137391430703,0.0038261550814367553
time_dependent,prepared,0.01,0.001,0.96,0.18851746249815438,0.3487703422732927,1.3600232051658168e-15,1.949740330988514e-15,0.32294620742670027,0.16033554761481994,0.016585964028624615,0.003822332187775427
time_dependent,prepared,0.01,0.001,0.961,0.18832888133028025,0.34842221677636864,-9.71445146547012e-16,1.3940631506436425e-15,0.3231345363080306,0.16017545427937394,0.016552856797646318,0.0038185131112486843
time_dependent,prepared,0.01,0.001,0.962,0.18814048984364534,0.348074437068172,-8.604228440844963e-16,1.235975343854366e-15,0.32332267679787424,0.16001552033214933,0.016519815567207004,0.0038146978480493327
time_dependent,prepared,0.01,0.001,0.963,0.18795228783537726,0.34772700281756896,5.551115123125783e-16,7.982001797597105e-16,0.3235106290857096,0.15985574561716726,0.01648684020627311,0.003810886394373784
time_dependent,prepared,0.01,0.001,0.964,0.18776427510529933,0.347379913693619,-5.551115123125783e-16,7.989977117706555e-16,0.3236983933608149,0.15969612997857915,0.016453930584067498,0.0038070787464228126
time_dependent,prepared,0.01,0.001,0.965,0.18757645145043084,0.34703316936559603,8.326672684688674e-16,1.19969406669548e-15,0.32388596981226536,0.1595366732606637,0.016421086570066752,0.003803274900400323
time_dependent,prepared,0.01,0.001,0.966,0.18738881667051166,0.3466867695029735,9.71445146547012e-16,1.4010415625893658e-15,0.3240733586289359,0.159377375307831,0.016388308034002163,0.0037994748525144242
time_dependent,prepared,0.01,0.001,0.967,0.1872013705646823,0.3463407137754277,-3.608224830031759e-16,5.209068247707351e-16,0.32426055999950054,0.1592182359646202,0.016355594845859397,0.0037956785989768957
time_dependent,prepared,0.01,0.001,0.968,0.18701411293189824,0.3459950018528548,1.8318679906315083e-15,2.6472463197756867e-15,0.3244475741124324,0.15905925507569907,0.016322946875877077,0.003791886136003119
time_dependent,prepared,0.01,0.001,0.969,0.1868270435722957,0.3456496334053536,-1.1102230246251565e-16,1.6059947954916028e-16,0.3246344011560047,0.158900432485867,0.016290363994547086,0.0037880974598124085
time_dependent,prepared,0.01,0.001,0.97,0.1866401622861073,0.34530460810322267,-5.828670879282072e-16,8.439897329055769e-16,0.3248210413182908,0.15874176804004952,0.016257846072613963,0.0037843125666278325
time_dependent,prepared,0.01,0.001,0.971,0.1864534688727125,0.344959925616992,-1.3877787807814457e-16,2.011507247253834e-16,0.3250074947871635,0.1585832615833053,0.01622539298107407,0.003780531452675905
time_dependent,prepared,0.01,0.001,0.972,0.1862669631347367,0.3446155856173857,-2.7755575615628914e-17,4.027034291833355e-17,0.32519376175029824,0.15842491296082306,0.01619300459117598,0.0037767541141875615
time_dependent,prepared,0.01,0.001,0.973,0.18608064487188827,0.34427158777534606,1.3322676295501878e-15,1.934907899544058e-15,0.32537984239517015,0.1582667220179192,0.016160680774419005,0.003772980547396863
time_dependent,prepared,0.01,0.001,0.974,0.18589451388587158,0.3439279317620334,-7.216449660063518e-16,1.0491223587295967e-15,0.32556573690905605,0.15810868860004232,0.016128421402553814,0.003769210748541869
time_dependent,prepared,0.01,0.001,0.975,0.1857085699784456,0.34358461724881595,8.326672684688674e-16,1.2117353726954954e-15,0.3257514454790345,0.15795081255277219,0.01609622634758113,0.0037654447138643636
time_dependent,prepared,0.01,0.001,0.976,0.18552281295134082,0.34324164390727774,1.0547118733938987e-15,1.536398470458925e-15,0.3259369682919859,0.15779309372181616,0.016064095481751396,0.0037616824396097936
time_dependent,prepared,0.01,0.001,0.977,0.18533724260726267,0.34289901140921886,-6.38378239159465e-16,9.308545926334257e-16,0.32612230553459315,0.15763553195301455,0.01603202867756508,0.003757923922027488
time_dependent,prepared,0.01,0.001,0.978,0.18515185874794432,0.3425567194266625,-1.609823385706477e-15,2.349718009328271e-15,0.3263074573933411,0.15747812709233547,0.016000025807770997,0.003754169157370214
time_dependent,prepared,0.01,0.001,0.979,0.1849666611774276,0.3422147676318377,1.6930901125533637e-15,2.4737245038689035e-15,0.32649242405451856,0.15732087898588112,0.015968086745367215,0.0037504181418948805
time_dependent,prepared,0.01,0.001,0.98,0.18478164969801564,0.3418731556972067,-1.1934897514720433e-15,1.745515451539439e-15,0.3266772057042166,0.15716378747988227,0.015936211363599573,0.003746670871861765
time_dependent,prepared,0.01,0.001,0.981,0.18459682411385026,0.341531883295441,-5.551115123125783e-16,8.126789027078644e-16,0.32686180252833047,0.15700685242070073,0.015904399535961924,0.00374292734353511
time_dependent,prepared,0.01,0.001,0.982,0.18441218422884967,0.34119095009943007,1.4432899320127035e-15,2.1150765159393825e-15,0.32704621471255935,0.1568500736548299,0.015872651136194887,0.003739187553182849
time_dependent,prepared,0.01,0.001,0.983,0.18422772984555713,0.34085035578229306,4.718447854656915e-16,6.921582704274285e-16,0.3272304424424049,0.15669345102889418,0.015840966038286136,0.0037354514970761488
time_dependent,prepared,0.01,0.001,0.984,0.1840434607704455,0.3405101000173582,1.0824674490095276e-15,1.5894792092133904e-15,0.32741448590317535,0.1565369843896462,0.01580934411647007,0.0037317191714907024
time_dependent,prepared,0.01,0.001,0.985,0.18385937680686562,0.3401701824781926,-4.163336342344337e-16,6.119490415082515e-16,0.3275983452799822,0.15638067358397537,0.01577778524522655,0.003727990572705253
time_dependent,prepared,0.01,0.001,0.986,0.1836754777607777,0.33983060283858135,-7.771561172376096e-16,1.1434463387730232e-15,0.327782020757743,0.15622451845889768,0.015746289299281162,0.0037242656970026696
time_dependent,prepared,0.01,0.001,0.987,0.1834917634360966,0.3394913607725147,-3.0531133177191805e-16,4.496599428586052e-16,0.32796551252117906,0.15606851886156095,0.01571485615360446,0.0037205445406690426
time_dependent,prepared,0.01,0.001,0.988,0.18330823363971735,0.33915245595423926,4.163336342344337e-16,6.137853742840181e-16,0.32814882075481877,0.15591267463924569,0.015683485683411685,0.0037168270999946617
time_dependent,prepared,0.01,0.001,0.989,0.18312488817690367,0.3388138880581978,-2.0261570199409107e-15,2.9900737415948032e-15,0.32833194564299567,0.1557569856393647,0.01565217776416211,0.003713113371273217
time_dependent,prepared,0.01,0.001,0.99,0.182941726853789,0.3384756567590826,3.3306690738754696e-16,4.92010135347214e-16,0.32851488736984946,0.15560145170946033,0.015620932271558934,0.0037094033508021425
time_dependent,prepared,0.01,0.001,0.991,0.18275874947703713,0.3381377617317937,6.38378239159465e-16,9.439617685554704e-16,0.3286976461193265,0.15544607269720548,0.015589749081548488,0.003705697034882569
time_dependent,prepared,0.01,0.001,0.992,0.18257595585318578,0.3378002026514755,-3.608224830031759e-16,5.340767710779821e-16,0.3288802220751797,0.1552908484504068,0.015558628070320227,0.0037019944198192884
time_dependent,prepared,0.01,0.001,0.993,0.18239334578951172,0.33746297919348467,-1.4432899320127035e-15,2.1384418751089067e-15,0.3290626154209692,0.1551357788170029,0.015527569114305573,0.003698295501920853
time_dependent,prepared,0.01,0.001,0.994,0.18221091909313547,0.3371260910334173,-9.43689570931383e-16,1.3996092204531302e-15,0.32924482634006236,0.1549808636450617,0.015496572090178386,0.003694600277499383
time_dependent,prepared,0.01,0.001,0.995,0.18202867557135444,0.33678953784709637,-3.608224830031759e-16,5.356794710870602e-16,0.32942685501563373,0.15482610278278702,0.015465636874853752,0.0036909087428705863
time_dependent,prepared,0.01,0.001,0.996,0.18184661503254995,0.3364533193105759,5.828670879282072e-16,8.661931009070671e-16,0.3296087016306663,0.15467149607850786,0.015434763345488002,0.0036872208943540875
time_dependent,prepared,0.01,0.001,0.997,0.18166473728476867,0.33611743510014097,-9.71445146547012e-16,1.4450978216253293e-15,0.32979036636795106,0.1545170433806934,0.015403951379478233,0.003683536728273031
time_dependent,prepared,0.01,0.001,0.998,0.18148304213572514,0.3357818848923019,-5.551115123125783e-17,8.265953842188714e-17,0.3299718494100868,0.15436274453793644,0.015373200854461339,0.0036798562409540445
time_dependent,prepared,0.01,0.001,0.999,0.18130152939519842,0.3354466683638058,1.6375789613221059e-15,2.440893166877543e-15,0.330153150939482,0.1542085993989684,0.015342511648314468,0.0036761794287277663
time_dependent,prepared,0.01,0.001,1.0,0.18112019887177794,0.33511178519164336,-4.718447854656915e-16,7.040110290299905e-16,0.3303342711383538,0.1540546078126483,0.015311883639154167,0.0036725062879283247
