x,y,c_full
0.0,1.0,0.27590813468496944
0.0,0.984375,0.27590940789231344
0.015625,1.0,0.27309879980455964
0.0,0.96875,0.27590988166893476
0.015625,0.984375,0.27309909796190746
0.03125,1.0,0.2702223832153409
0.0,0.953125,0.2759101396097194
0.015625,0.96875,0.27309937237324317
0.03125,0.984375,0.2702224422608237
0.046875,1.0,0.2672800641339602
0.0,0.9375,0.2759103051073124
0.015625,0.953125,0.2730995721588631
0.03125,0.96875,0.27022256811716494
0.046875,0.984375,0.267280053929592
0.0625,1.0,0.2642726979313765
0.0,0.921875,0.2759104193261644
0.015625,0.9375,0.27309971533092614
0.03125,0.953125,0.2702226916834911
0.046875,0.96875,0.26728010029836063
0.0625,0.984375,0.26427266271638156
0.078125,1.0,0.26120106717649194
0.0,0.90625,0.27591050098851344
0.015625,0.921875,0.27309981929758187
0.03125,0.9375,0.2702227950838973
0.046875,0.953125,0.26728016548850253
0.0625,0.96875,0.2642726673358233
0.078125,0.984375,0.2612010205053365
0.09375,1.0,0.25806594281525286
0.0,0.890625,0.27591056041787837
0.015625,0.90625,0.2730998957621628
0.03125,0.921875,0.27022287706707315
0.046875,0.9375,0.26728023034085197
0.0625,0.953125,0.2642726932909097
0.078125,0.96875,0.26120100187153783
0.09375,0.984375,0.25806588969026756
0.109375,1.0,0.2548681010866119
0.0,0.875,0.27591060401657014
0.015625,0.890625,0.27309995241175433
0.03125,0.90625,0.2702229406260253
0.046875,0.921875,0.2672802873253311
0.0625,0.9375,0.26427272710743044
0.078125,0.953125,0.26120100205779845
0.09375,0.96875,0.25806585702396995
0.109375,0.984375,0.25486804371142685
0.125,1.0,0.2516083289304647
0.0,0.859375,0.27591063605249705
0.015625,0.875,0.27309999445216393
0.03125,0.890625,0.2702229892744931
0.046875,0.90625,0.2672803344475093
0.0625,0.921875,0.26427276107187625
0.078125,0.9375,0.2612010125421176
0.09375,0.953125,0.25806583996211135
0.109375,0.96875,0.2548680018740685
0.125,0.984375,0.2516082684270134
0.140625,1.0,0.24828742595919637
0.0,0.84375,0.2759106595018955
0.015625,0.859375,0.2731000255361324
0.03125,0.875,0.27022302609222626
0.046875,0.890625,0.26728037200162946
0.0625,0.90625,0.2642727914498803
0.078125,0.921875,0.26120102721105837
0.09375,0.9375,0.2580658332238092
0.109375,0.953125,0.25486797284818913
0.125,0.96875,0.2516082201545801
0.140625,0.984375,0.24828736296491905
0.15625,1.0,0.24490620523193574
0.0,0.828125,0.27591067650095213
0.015625,0.84375,0.2731000483020025
0.03125,0.859375,0.2702230535771754
0.046875,0.875,0.26728040108840745
0.0625,0.890625,0.2642728167983206
0.078125,0.90625,0.2612010422791674
0.09375,0.921875,0.25806583237783853
0.109375,0.9375,0.254867953319104
0.125,0.953125,0.2516081824857183
0.140625,0.96875,0.2482873098962038
0.15625,0.984375,0.2449061401403263
0.171875,1.0,0.24146549354461586
0.0,0.8125,0.2759106886125693
0.015625,0.828125,0.2731000646965273
0.03125,0.84375,0.2702230737062866
0.046875,0.859375,0.2672804229895626
0.0625,0.875,0.26427283686407166
0.078125,0.890625,0.2612010556675778
0.09375,0.90625,0.25806583421002366
0.109375,0.921875,0.25486794017155084
0.125,0.9375,0.25160815328505465
0.140625,0.953125,0.24828726572835233
0.15625,0.96875,0.24490608331263525
0.171875,0.984375,0.24146542661496123
0.1875,1.0,0.23796613149737328
0.0,0.796875,0.275910696995663
0.015625,0.8125,0.2731000761782628
0.03125,0.828125,0.27022308803297385
0.046875,0.84375,0.26728043892265535
0.0625,0.859375,0.2642728519574538
0.078125,0.875,0.26120106639593976
0.09375,0.890625,0.2580658366143559
0.109375,0.90625,0.2548679308723407
0.125,0.921875,0.25160813037144764
0.140625,0.9375,0.2482872290437101
0.15625,0.953125,0.24490603407376482
0.171875,0.96875,0.24146536671697763
0.1875,0.984375,0.23796606290999925
0.203125,1.0,0.23440897344824707
0.0,0.78125,0.27591070251822325
0.015625,0.796875,0.27310008385212287
0.03125,0.8125,0.27022309777650355
0.046875,0.828125,0.2672804499579653
0.0625,0.84375,0.2642728626194439
0.078125,0.859375,0.2612010741358829
0.09375,0.875,0.2580658383300508
0.109375,0.890625,0.25486792355180793
0.125,0.90625,0.2516081118119022
0.140625,0.921875,0.24828719830191454
0.15625,0.9375,0.24490599145390957
0.171875,0.953125,0.24146531338852623
0.1875,0.96875,0.2379660004182366
0.203125,0.984375,0.23440890333453832
0.21875,1.0,0.23079488740363643
0.0,0.765625,0.27591070583552346
0.015625,0.78125,0.27310008856205686
0.03125,0.796875,0.2702231038948159
0.046875,0.8125,0.2672804570023267
0.0625,0.828125,0.2642728694530709
0.078125,0.84375,0.2612010789202621
0.09375,0.859375,0.25806583868088456
0.109375,0.875,0.25486791692972266
0.125,0.890625,0.25160809604766654
0.140625,0.90625,0.24828717204457046
0.15625,0.921875,0.24490595434921592
0.171875,0.9375,0.24146526594725082
0.1875,0.953125,0.23796594369524698
0.203125,0.96875,0.23440883859086944
0.21875,0.984375,0.23079481586335854
0.234375,1.0,0.22712475487093892
0.0,0.75,0.27591070744555046
0.015625,0.765625,0.2731000909568609
0.03125,0.78125,0.27022310714178227
0.046875,0.796875,0.2672804608091937
0.0625,0.8125,0.26427287304243163
0.078125,0.828125,0.261201080965681
0.09375,0.84375,0.25806583736905636
0.109375,0.859375,0.25486791018831784
0.125,0.875,0.2516080819063695
0.140625,0.890625,0.24828714901210827
0.15625,0.90625,0.2449059216594135
0.171875,0.921875,0.24146522358846723
0.1875,0.9375,0.2379658922484168
0.203125,0.953125,0.23440877897950987
0.21875,0.96875,0.23079474912111475
0.234375,0.984375,0.2271246819827275
0.25,1.0,0.22339947068706895
0.0,0.734375,0.27591070772896487
0.015625,0.75,0.2731000915379573
0.03125,0.765625,0.2702231081117681
0.046875,0.78125,0.2672804619975949
0.0625,0.796875,0.264272873917339
0.078125,0.8125,0.26120108056869545
0.09375,0.828125,0.2580658343284824
0.109375,0.84375,0.25486790284591915
0.125,0.859375,0.25160806855528184
0.140625,0.875,0.24828712818705834
0.15625,0.890625,0.24490589238116806
0.171875,0.90625,0.2414651854769666
0.1875,0.921875,0.23796584548064112
0.203125,0.9375,0.23440872413643674
0.21875,0.953125,0.2307946869996953
0.234375,0.96875,0.2271246134352168
0.25,0.984375,0.22339939651504018
0.265625,1.0,0.2196199428306575
0.0,0.71875,0.27591070697827075
0.015625,0.734375,0.2731000906946345
0.03125,0.75,0.2702231072742542
0.046875,0.765625,0.26728046107268416
0.0625,0.78125,0.2642728725412624
0.078125,0.796875,0.2612010780473951
0.09375,0.8125,0.2580658296265156
0.109375,0.828125,0.25486789465204973
0.125,0.84375,0.2516080554338743
0.140625,0.859375,0.24828710878938576
0.15625,0.875,0.2449058656568415
0.171875,0.890625,0.24146515081715209
0.1875,0.90625,0.2379658027518567
0.203125,0.921875,0.23440867361075043
0.21875,0.9375,0.23079462922435012
0.234375,0.953125,0.22712454909340643
0.25,0.96875,0.22339932631380624
0.265625,0.984375,0.2196198674287154
0.28125,1.0,0.21578709222258266
0.0,0.703125,0.2759107054193139
0.015625,0.71875,0.27310008873034225
0.03125,0.734375,0.2702231050007584
0.046875,0.75,0.2672804584449532
0.0625,0.765625,0.2642728693107959
0.078125,0.78125,0.2612010737100973
0.09375,0.796875,0.2580658234007436
0.109375,0.8125,0.254867885508044
0.125,0.828125,0.25160804218672617
0.140625,0.84375,0.24828709024694354
0.15625,0.859375,0.2449058407888431
0.171875,0.875,0.2414651188970904
0.1875,0.890625,0.2379657634303601
0.203125,0.90625,0.23440862690638314
0.21875,0.921875,0.23079457544879634
0.234375,0.9375,0.22712448874588478
0.25,0.953125,0.22339925997848922
0.265625,0.96875,0.2196197956955848
0.28125,0.984375,0.2157870156373091
0.296875,1.0,0.2119018525177185
0.0,0.6875,0.27591070322725314
0.015625,0.703125,0.27310008588247925
0.03125,0.71875,0.27022310158580315
0.046875,0.734375,0.26728045444707943
0.0625,0.75,0.264272864560483
0.078125,0.765625,0.2612010678399042
0.09375,0.78125,0.2580658158196892
0.109375,0.796875,0.2548678754102463
0.125,0.8125,0.2516080286059789
0.140625,0.828125,0.2482870721570031
0.15625,0.84375,0.24490581723202498
0.171875,0.859375,0.2414650891094202
0.1875,0.875,0.2379657269292015
0.203125,0.890625,0.2344085835192982
0.21875,0.90625,0.23079452528389324
0.234375,0.921875,0.2271244321224024
0.25,0.9375,0.2233991973434998
0.265625,0.953125,0.2196197275483175
0.28125,0.96875,0.21578694247255067
0.296875,0.984375,0.21190177479035996
0.3125,1.0,0.20796516988975636
0.0,0.671875,0.2759107005385088
0.015625,0.6875,0.27310008233739125
0.03125,0.703125,0.27022309726327737
0.046875,0.71875,0.26728044934821676
0.0625,0.734375,0.2642728585697799
0.078125,0.75,0.26120106068835897
0.09375,0.765625,0.25806580705923204
0.109375,0.78125,0.25486786441091647
0.125,0.796875,0.2516080145858258
0.140625,0.8125,0.24828705424807682
0.15625,0.828125,0.24490579457463232
0.171875,0.84375,0.24146506095518439
0.1875,0.859375,0.23796569272757467
0.203125,0.875,0.2344085429662924
0.21875,0.890625,0.23079447832460107
0.234375,0.90625,0.22712437891389142
0.25,0.921875,0.22339913819467305
0.265625,0.9375,0.21961966285505455
0.28125,0.953125,0.21578687266160493
0.296875,0.96875,0.21190170027834232
0.3125,0.984375,0.20796509105762123
0.328125,1.0,0.2039780028103333
0.0,0.65625,0.2759106974597592
0.015625,0.671875,0.27310007824180577
0.03125,0.6875,0.27022309221922786
0.046875,0.703125,0.2672804433658881
0.0625,0.71875,0.2642728515705063
0.078125,0.734375,0.2612010524741682
0.09375,0.75,0.2580657972891214
0.109375,0.765625,0.2548678525921516
0.125,0.78125,0.2516080000883276
0.140625,0.796875,0.24828703634641655
0.15625,0.8125,0.24490577251511855
0.171875,0.828125,0.24146503403689287
0.1875,0.84375,0.2379656603797804
0.203125,0.859375,0.23440850480428713
0.21875,0.875,0.2307944341722988
0.234375,0.890625,0.2271243287920962
0.25,0.90625,0.22339908228346542
0.265625,0.921875,0.21961960144357626
0.28125,0.9375,0.21578680609782772
0.296875,0.953125,0.21190162892718156
0.3125,0.96875,0.20796501527081732
0.328125,0.984375,0.203977922907793
0.34375,1.0,0.1999413218233127
0.0,0.640625,0.2759106940747573
0.015625,0.65625,0.2731000737115966
0.03125,0.671875,0.27022308660188205
0.046875,0.6875,0.26728043667576656
0.0625,0.703125,0.26427284375397664
0.078125,0.71875,0.2612010433846225
0.09375,0.734375,0.25806578666583607
0.109375,0.75,0.25486784004899976
0.125,0.765625,0.25160798511866006
0.140625,0.78125,0.24828701834864356
0.15625,0.796875,0.24490575083920885
0.171875,0.8125,0.24146500804595375
0.1875,0.828125,0.23796562951526432
0.203125,0.84375,0.23440846864091913
0.21875,0.859375,0.23079439245116026
0.234375,0.875,0.22712428142670657
0.25,0.890625,0.22339902934135833
0.265625,0.90625,0.21961954311152437
0.28125,0.921875,0.21578674264076905
0.296875,0.9375,0.21190156064934088
0.3125,0.953125,0.2079649424841719
0.328125,0.96875,0.20397784590966922
0.34375,0.984375,0.19994124088253254
0.359375,1.0,0.1958561093148133
0.0,0.625,0.2759106904495297
0.015625,0.640625,0.2731000688385411
0.03125,0.65625,0.27022308052952154
0.046875,0.671875,0.26728042941966573
0.0625,0.6875,0.26427283527745293
0.078125,0.703125,0.2612010335783232
0.09375,0.71875,0.2580657753293572
0.109375,0.734375,0.2548678268788953
0.125,0.75,0.2516079697077074
0.140625,0.765625,0.2482870002004164
0.15625,0.78125,0.24490572939944114
0.171875,0.796875,0.2414649827480793
0.1875,0.8125,0.2379655998330635
0.203125,0.828125,0.23440843413821932
0.21875,0.84375,0.2307943528185823
0.234375,0.859375,0.227124236498819
0.25,0.875,0.22339897909297807
0.265625,0.890625,0.2196194876370688
0.28125,0.90625,0.2157866821236418
0.296875,0.921875,0.2119014953287087
0.3125,0.9375,0.20796487262480007
0.328125,0.953125,0.2039777717779645
0.34375,0.96875,0.19994116272966783
0.359375,0.984375,0.19585602736629434
0.375,1.0,0.19172335927942102
0.0,0.609375,0.27591068663636864
0.015625,0.625,0.27310006369555456
0.03125,0.640625,0.27022307409668495
0.046875,0.65625,0.26728042171203814
0.0625,0.671875,0.264272826269796
0.078125,0.6875,0.26120102318842453
0.09375,0.703125,0.25806576340228793
0.109375,0.71875,0.2548678131753515
0.125,0.734375,0.2516079539001394
0.140625,0.75,0.24828698188036713
0.15625,0.765625,0.24490570809803303
0.171875,0.78125,0.24146495796889383
0.1875,0.796875,0.23796557109332872
0.203125,0.8125,0.2344084010114092
0.21875,0.828125,0.23079431497047131
0.234375,0.84375,0.22712419371039327
0.25,0.859375,0.22339893126697055
0.265625,0.875,0.2196194347889698
0.28125,0.890625,0.2157866243613006
0.296875,0.90625,0.21190143282613316
0.3125,0.921875,0.20796480559542513
0.328125,0.9375,0.20397770045114413
0.34375,0.953125,0.19994108733230181
0.359375,0.96875,0.1958559481099598
0.375,0.984375,0.19172327635240774
0.390625,1.0,0.18754407708290913
0.0,0.59375,0.27591068267692126
0.015625,0.609375,0.27310005834077505
0.03125,0.625,0.27022306737907276
0.046875,0.640625,0.26728041364525185
0.0625,0.65625,0.2642728168363208
0.078125,0.671875,0.2612010123259445
0.09375,0.6875,0.258065750990326
0.109375,0.703125,0.25486779902446555
0.125,0.71875,0.25160793774646956
0.140625,0.734375,0.24828696338832987
0.15625,0.75,0.24490568687314
0.171875,0.765625,0.24146493358093996
0.1875,0.78125,0.23796554310780885
0.203125,0.796875,0.2344083690246551
0.21875,0.8125,0.2307942786425526
0.234375,0.828125,0.22712415278998077
0.25,0.84375,0.22339888560420756
0.265625,0.859375,0.21961938433528677
0.28125,0.875,0.2157865691579919
0.296875,0.890625,0.21190137298545328
0.3125,0.90625,0.20796474127853554
0.328125,0.921875,0.20397763184663556
0.34375,0.9375,0.19994101463776748
0.359375,0.953125,0.19585587151776565
0.375,0.96875,0.1917231960397618
0.390625,0.984375,0.1875439932057003
0.40625,1.0,0.18331927922171662
0.0,0.578125,0.2759106786046028
0.015625,0.59375,0.27310005282076927
0.03125,0.609375,0.2702230604374443
0.046875,0.625,0.2672804052938737
0.0625,0.640625,0.26427280706291456
0.078125,0.65625,0.2612010010829118
0.09375,0.671875,0.2580657381834677
0.109375,0.6875,0.254867784503246
0.125,0.703125,0.2516079212979372
0.140625,0.71875,0.24828694473691978
0.15625,0.734375,0.24490566568817906
0.171875,0.75,0.2414649094925866
0.1875,0.765625,0.23796551573049476
0.203125,0.78125,0.23440833798523406
0.21875,0.796875,0.23079424360890408
0.234375,0.8125,0.2271241134953454
0.25,0.828125,0.2233988418633349
0.265625,0.84375,0.21961933605032322
0.28125,0.859375,0.21578651631430357
0.296875,0.875,0.2119013156395022
0.3125,0.890625,0.2079646795409922
0.328125,0.90625,0.20397756586399102
0.34375,0.921875,0.19994094457505499
0.359375,0.9375,0.19585579754401886
0.375,0.953125,0.1917231183168831
0.390625,0.96875,0.1875439118807055
0.40625,0.984375,0.18331919442190633
0.421875,1.0,0.17904999307938538
0.0,0.5625,0.27591067444650247
0.015625,0.578125,0.27310004717307396
0.03125,0.59375,0.2702230533207318
0.046875,0.609375,0.2672803967181526
0.0625,0.625,0.26427279701950496
0.078125,0.640625,0.26120098953524057
0.09375,0.65625,0.25806572505755637
0.109375,0.671875,0.2548677696790913
0.125,0.6875,0.2516079046033605
0.140625,0.703125,0.24828692594565066
0.15625,0.71875,0.24490564452374422
0.171875,0.734375,0.24146488563892662
0.1875,0.75,0.23796548884909433
0.203125,0.765625,0.23440830773714746
0.21875,0.78125,0.23079420967876527
0.234375,0.796875,0.22712407561372508
0.25,0.8125,0.22339879982395658
0.265625,0.828125,0.21961928971969744
0.28125,0.84375,0.21578646563295897
0.296875,0.859375,0.21190126061565476
0.3125,0.875,0.20796462023871148
0.328125,0.890625,0.20397750238844473
0.34375,0.90625,0.19994087705724925
0.359375,0.921875,0.19585572612685376
0.375,0.9375,0.19172304314358857
0.390625,0.953125,0.18754383308604405
0.40625,0.96875,0.18331911212604265
0.421875,0.984375,0.17904990738405152
0.4375,1.0,0.1747372566801163
0.0,0.546875,0.2759106702249117
0.015625,0.5625,0.27310004142822947
0.03125,0.578125,0.2702230460685474
0.046875,0.59375,0.26728038796686526
0.0625,0.609375,0.2642727867629704
0.078125,0.625,0.26120097774528833
0.09375,0.640625,0.25806571167595066
0.109375,0.65625,0.25486775460997124
0.125,0.671875,0.2516078877073377
0.140625,0.6875,0.2482869070369335
0.15625,0.703125,0.24490562337161817
0.171875,0.71875,0.241464861974524
0.1875,0.734375,0.23796546237764346
0.203125,0.75,0.23440827815485873
0.21875,0.765625,0.2307941766924496
0.234375,0.78125,0.22712403896045877
0.25,0.796875,0.22339875928789857
0.265625,0.8125,0.21961924514364742
0.28125,0.828125,0.21578641692329972
0.296875,0.84375,0.21190120774062285
0.3125,0.859375,0.20796456322110396
0.328125,0.875,0.2039774412945952
0.34375,0.890625,0.19994081198430605
0.359375,0.90625,0.1958556571901337
0.375,0.921875,0.19172297046527045
0.390625,0.9375,0.18754375678589533
0.40625,0.953125,0.18331903231439114
0.421875,0.96875,0.17904982415687903
0.4375,0.984375,0.17473717011597106
0.453125,1.0,0.17038211843958365
0.0,0.53125,0.27591066595857316
0.015625,0.546875,0.2731000356114336
0.03125,0.5625,0.2702230387132211
0.046875,0.578125,0.2672803790796486
0.0625,0.59375,0.2642727763395823
0.078125,0.609375,0.2612009657641043
0.09375,0.625,0.25806569809117225
0.109375,0.640625,0.2548677393450209
0.125,0.65625,0.25160787064935675
0.140625,0.671875,0.24828688803344331
0.15625,0.6875,0.24490560223043017
0.171875,0.703125,0.24146483846777259
0.1875,0.71875,0.23796543625032768
0.203125,0.734375,0.23440824913754577
0.21875,0.75,0.23079414451695573
0.234375,0.765625,0.22712400337660113
0.25,0.78125,0.22339872007903078
0.265625,0.796875,0.21961920213881536
0.28125,0.8125,0.21578637000446496
0.296875,0.828125,0.21190115684434094
0.3125,0.84375,0.20796450833503086
0.328125,0.859375,0.20397738244997143
0.34375,0.875,0.19994074924597155
0.359375,0.890625,0.1958555906456428
0.375,0.90625,0.19172290021439975
0.390625,0.921875,0.18754368293142018
0.40625,0.9375,0.18331895495458142
0.421875,0.953125,0.17904974337981916
0.4375,0.96875,0.17473708599558063
0.453125,0.984375,0.17038203103309452
0.46875,1.0,0.16598563691312307
0.0,0.515625,0.27591066166372635
0.015625,0.53125,0.2731000297439079
0.03125,0.546875,0.2702230312814812
0.046875,0.5625,0.26728037008893213
0.0625,0.578125,0.2642727657870578
0.078125,0.59375,0.2612009536333873
0.09375,0.609375,0.2580656843464684
0.109375,0.625,0.2548677239253487
0.125,0.640625,0.2516078534635033
0.140625,0.65625,0.24828686895646598
0.15625,0.671875,0.2449055811025771
0.171875,0.6875,0.2414648150965975
0.1875,0.703125,0.23796541041645736
0.203125,0.71875,0.23440822060405658
0.21875,0.734375,0.2307941130416727
0.234375,0.75,0.22712396872601476
0.25,0.765625,0.22339868204209795
0.265625,0.78125,0.21961916053881678
0.28125,0.796875,0.21578632470739068
0.296875,0.8125,0.211901107762897
0.3125,0.828125,0.2079644554281314
0.328125,0.84375,0.20397732571829644
0.34375,0.859375,0.1999406887246645
0.359375,0.875,0.1958555263954213
0.375,0.890625,0.19172283231227524
0.390625,0.90625,0.1875436114619654
0.40625,0.921875,0.1833188800023513
0.421875,0.9375,0.17904966502321598
0.4375,0.953125,0.17473700430220598
0.453125,0.96875,0.1703819460564747
0.46875,0.984375,0.16598554869061272
0.484375,1.0,0.16154888054139735
0.0,0.5,0.27591065735501547
0.015625,0.515625,0.2731000238440581
0.03125,0.53125,0.2702230237958626
0.046875,0.546875,0.2672803610215581
0.0625,0.5625,0.26427275513629783
0.078125,0.578125,0.2612009413871862
0.09375,0.59375,0.25806567047725265
0.109375,0.609375,0.2548677083849459
0.125,0.625,0.2516078361785516
0.140625,0.640625,0.2482868498249358
0.15625,0.65625,0.24490555999209668
0.171875,0.671875,0.24146479184524197
0.1875,0.6875,0.23796538483647037
0.203125,0.703125,0.23440819248862652
0.21875,0.71875,0.23079408217441327
0.234375,0.734375,0.22712393489229296
0.25,0.75,0.22339864504093815
0.265625,0.765625,0.21961912019390786
0.28125,0.78125,0.21578628087581384
0.296875,0.796875,0.2119010603405597
0.3125,0.8125,0.20796440435145733
0.328125,0.828125,0.20397727096231877
0.34375,0.84375,0.1999406302981733
0.359375,0.859375,0.19585546433411094
0.375,0.875,0.19172276667091154
0.390625,0.890625,0.18754354230647696
0.40625,0.90625,0.1833188074025256
0.421875,0.921875,0.17904958904641738
0.4375,0.9375,0.17473692500830262
0.453125,0.953125,0.1703818634939817
0.46875,0.96875,0.1659854628939532
0.484375,0.984375,0.16154879152912743
0.5,1.0,0.1570729273936327
0.0,0.484375,0.2759106530463081
0.015625,0.5,0.2731000179284882
0.03125,0.515625,0.27022301627591633
0.046875,0.53125,0.26728035190015853
0.0625,0.546875,0.26427274441287113
0.078125,0.5625,0.2612009290533781
0.09375,0.578125,0.25806565651241514
0.109375,0.59375,0.2548676927516195
0.125,0.609375,0.25160781881829314
0.140625,0.625,0.24828683065495485
0.15625,0.640625,0.24490553890324718
0.171875,0.65625,0.24146476870191225
0.1875,0.671875,0.23796535947881342
0.203125,0.6875,0.23440816473733356
0.21875,0.703125,0.23079405183789822
0.234375,0.71875,0.22712390177575262
0.25,0.734375,0.22339860895638525
0.265625,0.75,0.21961908097003302
0.28125,0.765625,0.21578623836649222
0.296875,0.78125,0.21190101443100814
0.3125,0.796875,0.20796435496142132
0.328125,0.8125,0.2039772180461436
0.34375,0.828125,0.1999405738420598
0.359375,0.84375,0.19585540435119325
0.375,0.859375,0.19172270319496254
0.390625,0.875,0.18754347538504276
0.40625,0.890625,0.18331873709017288
0.421875,0.90625,0.17904951539858227
0.4375,0.921875,0.1747368480760311
0.453125,0.9375,0.17038178331967918
0.46875,0.953125,0.16598537950813297
0.484375,0.96875,0.16154870494807627
0.5,0.984375,0.15707283761787597
0.515625,1.0,0.15255886490850962
0.0,0.46875,0.27591064875147153
0.015625,0.484375,0.27310001201292344
0.03125,0.5,0.27022300873927757
0.046875,0.515625,0.26728034274435464
0.0625,0.53125,0.2642727336383012
0.078125,0.546875,0.2612009166549647
0.09375,0.5625,0.2580656424755059
0.109375,0.578125,0.25486767704790775
0.125,0.59375,0.2516078014020039
0.140625,0.609375,0.24828681145963924
0.15625,0.625,0.2449055178396058
0.171875,0.640625,0.2414647456570896
0.1875,0.65625,0.23796533431755168
0.203125,0.671875,0.23440813730522497
0.21875,0.6875,0.2307940219667311
0.234375,0.703125,0.22712386929064335
0.25,0.71875,0.2233985736840756
0.265625,0.734375,0.21961904274749083
0.28125,0.75,0.21578619704884439
0.296875,0.765625,0.21190096989789795
0.3125,0.78125,0.20796430712111422
0.328125,0.796875,0.2039771668370473
0.34375,0.8125,0.1999405192317032
0.359375,0.828125,0.19585534633303098
0.375,0.84375,0.19172264178358936
0.390625,0.859375,0.18754341061048513
0.40625,0.875,0.1833186689918822
0.421875,0.890625,0.17904944401964284
0.4375,0.90625,0.17473677345793556
0.453125,0.921875,0.17038170549787196
0.46875,0.9375,0.16598529850839452
0.484375,0.953125,0.16154862078373208
0.5,0.96875,0.15707275028776227
0.515625,0.984375,0.15255877439561302
0.53125,1.0,0.14800778963278668
0.0,0.453125,0.2759106444851501
0.015625,0.46875,0.2731000061130888
0.03125,0.484375,0.2702230012026456
0.046875,0.5,0.2672803335718276
0.0625,0.515625,0.2642727228312016
0.078125,0.53125,0.26120090421121733
0.09375,0.546875,0.25806562838580516
0.109375,0.5625,0.25486766129195604
0.125,0.578125,0.25160778394498673
0.140625,0.59375,0.24828679224918473
0.15625,0.609375,0.24490549680354157
0.171875,0.625,0.24146472270235075
0.1875,0.640625,0.2379653093305683
0.203125,0.65625,0.23440811015402999
0.21875,0.671875,0.2307939925048571
0.234375,0.6875,0.22712383736265085
0.25,0.703125,0.2233985391323051
0.265625,0.71875,0.2196190054194055
0.28125,0.734375,0.2157861568041928
0.296875,0.75,0.2119009266149116
0.3125,0.765625,0.20796426070107515
0.328125,0.78125,0.20397711720679745
0.34375,0.796875,0.19994046634395762
0.359375,0.8125,0.1958552901646524
0.375,0.828125,0.19172258233219994
0.390625,0.84375,0.18754334788993218
0.40625,0.859375,0.1833186030270961
0.421875,0.875,0.1790493748413748
0.4375,0.890625,0.1747367010977565
0.453125,0.90625,0.17038162998368742
0.46875,0.921875,0.165985219860615
0.484375,0.9375,0.1615485390121419
0.5,0.953125,0.15707266538907244
0.515625,0.96875,0.15255868635164513
0.53125,0.984375,0.14800769840923
0.546875,1.0,0.14342080695772955
0.0,0.4375,0.2759106402635837
0.015625,0.453125,0.27310000024558856
0.03125,0.46875,0.2702229936827195
0.046875,0.484375,0.26728032439930904
0.0625,0.5,0.2642727120083039
0.078125,0.515625,0.261200891738708
0.09375,0.53125,0.25806561425929575
0.109375,0.546875,0.25486764549834423
0.125,0.5625,0.25160776645914773
0.140625,0.578125,0.2482867730310771
0.15625,0.59375,0.2449054757959563
0.171875,0.609375,0.24146469982957466
0.1875,0.625,0.23796528449823348
0.203125,0.640625,0.23440808325036885
0.21875,0.65625,0.23079396340346958
0.234375,0.671875,0.22712380592672488
0.25,0.6875,0.2233985052200318
0.265625,0.703125,0.2196189688901396
0.28125,0.71875,0.21578611752476298
0.296875,0.734375,0.2119008844654263
0.3125,0.75,0.20796421557961406
0.328125,0.765625,0.20397706903252696
0.34375,0.78125,0.19994041505842483
0.359375,0.796875,0.19585523573124802
0.375,0.8125,0.1917225247340052
0.390625,0.828125,0.18754328712630614
0.40625,0.84375,0.18331853910944368
0.421875,0.859375,0.1790493077885277
0.4375,0.875,0.17473663093134348
0.453125,0.890625,0.17038155672377697
0.46875,0.90625,0.1659851435218153
0.484375,0.921875,0.1615484596002539
0.5,0.9375,0.15707258289832335
0.515625,0.953125,0.15255860076248864
0.53125,0.96875,0.14800760968667787
0.546875,0.984375,0.1434207150501804
0.5625,1.0,0.13879903085341336
0.0,0.421875,0.2759106361055144
0.015625,0.4375,0.2730999944288283
0.03125,0.453125,0.2702229861971348
0.046875,0.46875,0.26728031524353035
0.0625,0.484375,0.26427270118541624
0.078125,0.5,0.2612008792522551
0.09375,0.515625,0.2580656001095562
0.109375,0.53125,0.25486762967886684
0.125,0.546875,0.2516077489535815
0.140625,0.5625,0.24828675381039275
0.15625,0.578125,0.24490545481621384
0.171875,0.59375,0.24146467703043709
0.1875,0.609375,0.23796525980244237
0.203125,0.625,0.23440805656437086
0.21875,0.640625,0.23079393461931383
0.234375,0.65625,0.22712377492523053
0.25,0.671875,0.22339847187507428
0.265625,0.6875,0.21961893307374442
0.28125,0.703125,0.2157860791125574
0.296875,0.71875,0.21190084334192177
0.3125,0.734375,0.20796417164278444
0.328125,0.75,0.20397702219723102
0.34375,0.765625,0.19994036525836775
0.359375,0.78125,0.19585518291936924
0.375,0.796875,0.19172246888136216
0.390625,0.8125,0.18754322821968536
0.40625,0.828125,0.1833184771480253
0.421875,0.84375,0.17904924277996961
0.4375,0.859375,0.1747365628876276
0.453125,0.875,0.1703814856571075
0.46875,0.890625,0.1659850694407791
0.484375,0.90625,0.16154838250637582
0.5,0.921875,0.15707250278308366
0.515625,0.9375,0.15255851760481998
0.53125,0.953125,0.14800752345093277
0.546875,0.96875,0.1434206256845491
0.5625,0.984375,0.13879893828878168
0.578125,1.0,0.1341435836009625
0.0,0.40625,0.275910632033234
0.015625,0.421875,0.2730999886840302
0.03125,0.4375,0.27022297876544255
0.046875,0.453125,0.267280306122173
0.0625,0.46875,0.26427269037834666
0.078125,0.484375,0.26120086676581383
0.09375,0.5,0.2580655859485955
0.109375,0.515625,0.25486761384326995
0.125,0.53125,0.2516077314351531
0.140625,0.546875,0.24828673459015546
0.15625,0.5625,0.24490543386220107
0.171875,0.578125,0.24146465429611755
0.1875,0.59375,0.23796523522593835
0.203125,0.609375,0.234408030068627
0.21875,0.625,0.23079390611333228
0.234375,0.640625,0.2271237443064021
0.25,0.65625,0.22339843903252857
0.265625,0.671875,0.2196188978925084
0.28125,0.6875,0.2157860414781934
0.296875,0.703125,0.21190080314522675
0.3125,0.71875,0.20796412878410078
0.328125,0.734375,0.20397697658995095
0.34375,0.75,0.19994031683130967
0.359375,0.765625,0.1958551316178414
0.375,0.78125,0.1917224146668879
0.390625,0.796875,0.18754317106850632
0.40625,0.8125,0.18331841704860874
0.421875,0.828125,0.1790491797298056
0.4375,0.84375,0.17473649688961757
0.453125,0.859375,0.1703814167158134
0.46875,0.875,0.1659849975587543
0.484375,0.890625,0.1615483076807337
0.5,0.90625,0.15707242500239918
0.515625,0.921875,0.15255843684641104
0.53125,0.9375,0.1480074396785348
0.546875,0.953125,0.14342053884637807
0.5625,0.96875,0.13879884831598288
0.578125,0.984375,0.13414349040645634
0.59375,1.0,0.12945559552278724
0.0,0.390625,0.27591062807383215
0.015625,0.40625,0.2730999830363919
0.03125,0.421875,0.2702229714101782
0.046875,0.4375,0.2672802970548585
0.0625,0.453125,0.26427267960382694
0.078125,0.46875,0.2612008542933391
0.09375,0.484375,0.2580655717876476
0.109375,0.5,0.2548675979999536
0.125,0.515625,0.2516077139090688
0.140625,0.53125,0.24828671537172525
0.15625,0.546875,0.2449054129304793
0.171875,0.5625,0.24146463161716156
0.1875,0.578125,0.23796521075185412
0.203125,0.59375,0.2344080037374094
0.21875,0.609375,0.23079387784959837
0.234375,0.625,0.2271237140230702
0.25,0.640625,0.22339840663340285
0.265625,0.65625,0.21961886327563787
0.28125,0.671875,0.21578600453976718
0.296875,0.6875,0.21190076378368258
0.3125,0.703125,0.20796408690407886
0.328125,0.71875,0.20397693210572176
0.34375,0.734375,0.19994026966936257
0.359375,0.75,0.19585508171841487
0.375,0.765625,0.19172236198434633
0.390625,0.78125,0.1875431155705924
0.40625,0.796875,0.18331835871470853
0.421875,0.8125,0.179049118548437
0.4375,0.828125,0.17473643285538581
0.453125,0.84375,0.17038134982607717
0.46875,0.859375,0.1659849278102143
0.484375,0.875,0.16154823506611005
0.5,0.890625,0.1570723495073126
0.515625,0.90625,0.15255835844653653
0.53125,0.921875,0.14800735833706014
0.546875,0.9375,0.14342045451177854
0.5625,0.953125,0.1387987609201152
0.578125,0.96875,0.13414339986298396
0.59375,0.984375,0.12945550172597203
0.609375,1.0,0.12473620471087246
0.0,0.375,0.2759106242607241
0.015625,0.390625,0.2730999775164547
0.03125,0.40625,0.2702229641580705
0.046875,0.421875,0.2672802880642198
0.0625,0.4375,0.2642726688804714
0.078125,0.453125,0.26120084184964953
0.09375,0.46875,0.25806555763794653
0.109375,0.484375,0.2548675821566512
0.125,0.5,0.2516076963794371
0.140625,0.515625,0.24828669615520602
0.15625,0.53125,0.2449053920164951
0.171875,0.546875,0.2414646089834555
0.1875,0.5625,0.2379651863634201
0.203125,0.578125,0.2344079775460993
0.21875,0.59375,0.23079384979448747
0.234375,0.609375,0.22712368403162722
0.25,0.625,0.22339837462346177
0.265625,0.640625,0.2196188291580862
0.28125,0.65625,0.21578596822178395
0.296875,0.671875,0.2119007251722829
0.3125,0.6875,0.20796404590966713
0.328125,0.703125,0.20397688864533997
0.34375,0.71875,0.19994022366933897
0.359375,0.734375,0.19585503311618743
0.375,0.75,0.1917223107293205
0.390625,0.765625,0.18754306162400025
0.40625,0.78125,0.18331830204853183
0.421875,0.796875,0.17904905914353506
0.4375,0.8125,0.17473637069901576
0.453125,0.828125,0.17038128490901203
0.46875,0.84375,0.16598486012365216
0.484375,0.859375,0.16154816459853977
0.5,0.875,0.15707227624145934
0.515625,0.890625,0.15255828235647179
0.53125,0.90625,0.14800727938552372
0.546875,0.921875,0.14342037264773602
0.5625,0.9375,0.13879867607656143
0.578125,0.953125,0.1341433119550042
0.59375,0.96875,0.12945541064908886
0.609375,0.984375,0.12473611033973714
0.625,1.0,0.1199865567531702
0.0,0.359375,0.27591062063555705
0.015625,0.375,0.2730999721617555
0.03125,0.390625,0.27022295704145033
0.046875,0.40625,0.26728027917709923
0.0625,0.421875,0.2642726582298039
0.078125,0.4375,0.2612008294513174
0.09375,0.453125,0.25806554351150124
0.109375,0.46875,0.2548675663210959
0.125,0.484375,0.25160767884982
0.140625,0.5,0.24828667693986037
0.15625,0.515625,0.24490537111483193
0.171875,0.53125,0.24146458638428114
0.1875,0.546875,0.23796516204379436
0.203125,0.5625,0.23440795147078386
0.21875,0.578125,0.2307938219160415
0.234375,0.59375,0.22712365429119488
0.25,0.609375,0.2233983429522578
0.265625,0.625,0.2196187954795319
0.28125,0.640625,0.21578593245417857
0.296875,0.65625,0.21190068723182975
0.3125,0.671875,0.20796400571362067
0.328125,0.6875,0.20397684611501007
0.34375,0.703125,0.19994017873269432
0.359375,0.71875,0.19585498570983292
0.375,0.734375,0.1917222607996913
0.390625,0.75,0.18754300912769342
0.40625,0.765625,0.18331824695178156
0.421875,0.78125,0.17904900142091257
0.4375,0.796875,0.17473631033148745
0.453125,0.8125,0.17038122188151963
0.46875,0.828125,0.1659847944223833
0.484375,0.84375,0.1615480962080414
0.5,0.859375,0.15707220514172052
0.515625,0.875,0.15255820852006644
0.53125,0.890625,0.14800720277487284
0.546875,0.90625,0.1434202932125223
0.5625,0.921875,0.1387985937513124
0.578125,0.9375,0.13414322665685446
0.59375,0.953125,0.1294553222757434
0.609375,0.96875,0.12473601876767948
0.625,0.984375,0.11998646183620182
0.640625,1.0,0.11520780445814013
0.0,0.34375,0.27591061725062416
0.015625,0.359375,0.2730999670188621
0.03125,0.375,0.2702229500999305
0.046875,0.390625,0.2672802704259278
0.0625,0.40625,0.264272647677394
0.078125,0.421875,0.2612008171176152
0.09375,0.4375,0.25806552942189104
0.109375,0.453125,0.2548675505016882
0.125,0.46875,0.2516076613237799
0.140625,0.484375,0.24828665772452996
0.15625,0.5,0.24490535021948562
0.171875,0.515625,0.24146456380842524
0.1875,0.53125,0.2379651377759851
0.203125,0.546875,0.23440792548797357
0.21875,0.5625,0.23079379418348764
0.234375,0.578125,0.22712362476296277
0.25,0.59375,0.22339831157233062
0.265625,0.609375,0.21961876218350057
0.28125,0.625,0.215785897171436
0.296875,0.640625,0.21190064988813548
0.3125,0.65625,0.2079639662338571
0.328125,0.671875,0.20397680442591443
0.34375,0.6875,0.19994013476534359
0.359375,0.703125,0.1958549394016732
0.375,0.71875,0.19172221209594692
0.390625,0.734375,0.1875429579820516
0.40625,0.75,0.18331819332631683
0.421875,0.765625,0.1790489452852821
0.4375,0.78125,0.17473625166148404
0.453125,0.796875,0.17038116065710407
0.46875,0.8125,0.1659847306253349
0.484375,0.828125,0.1615480298193623
0.5,0.84375,0.1570721361389125
0.515625,0.859375,0.1525581368743736
0.53125,0.875,0.14800712844855532
0.546875,0.890625,0.14342021615620063
0.5625,0.90625,0.13879851390140216
0.578125,0.921875,0.1341431439331033
0.59375,0.9375,0.1294552365788811
0.609375,0.953125,0.12473592997721171
0.625,0.96875,0.11998636980841103
0.640625,0.984375,0.11520770902441113
0.65625,1.0,0.11040110757747695
0.0,0.328125,0.2759106141719525
0.015625,0.34375,0.2730999621459131
0.03125,0.359375,0.27022294338244474
0.046875,0.375,0.2672802618503433
0.0625,0.390625,0.2642726372541438
0.078125,0.40625,0.26120080487154546
0.09375,0.421875,0.2580655153850992
0.109375,0.4375,0.25486753470817425
0.125,0.453125,0.251607643805425
0.140625,0.46875,0.24828663850805655
0.15625,0.484375,0.24490532932415485
0.171875,0.5,0.24146454124432623
0.1875,0.515625,0.23796511354283717
0.203125,0.53125,0.234407899574419
0.21875,0.546875,0.23079376656687867
0.234375,0.5625,0.22712359540966492
0.25,0.578125,0.22339828043854876
0.265625,0.59375,0.21961872921661835
0.28125,0.609375,0.2157858623118153
0.296875,0.625,0.21190061307128355
0.3125,0.640625,0.20796392739282213
0.328125,0.65625,0.20397676349373972
0.34375,0.671875,0.1999400916773905
0.359375,0.6875,0.19585489409762796
0.375,0.703125,0.19172216452135044
0.390625,0.71875,0.18754290808923463
0.40625,0.734375,0.18331814107467742
0.421875,0.75,0.1790488906408986
0.4375,0.765625,0.17473619459610917
0.453125,0.78125,0.17038110114662447
0.46875,0.796875,0.1659846686478034
0.484375,0.8125,0.16154796535271795
0.5,0.828125,0.15707206915849403
0.515625,0.84375,0.15255806735031757
0.53125,0.859375,0.14800705634314446
0.546875,0.875,0.14342014142120568
0.5625,0.890625,0.13879843647544096
0.578125,0.90625,0.13414306373902524
0.59375,0.921875,0.1294551535211827
0.609375,0.9375,0.12473584393949791
0.625,0.953125,0.11998628065093904
0.640625,0.96875,0.11520761658180202
0.65625,0.984375,0.1104010116567497
0.671875,1.0,0.10556763252705516
0.0,0.3125,0.2759106114832958
0.015625,0.328125,0.27309995761582595
0.03125,0.34375,0.2702229369497538
0.046875,0.359375,0.2672802534991239
0.0625,0.375,0.26427262699777193
0.078125,0.390625,0.26120079274098607
0.09375,0.40625,0.2580655014204073
0.109375,0.421875,0.2548675189523495
0.125,0.4375,0.2516076262999625
0.140625,0.453125,0.24828661928970283
0.15625,0.46875,0.2449053084225385
0.171875,0.484375,0.2414645186802429
0.1875,0.5,0.23796508932706403
0.203125,0.515625,0.2344078737069943
0.21875,0.53125,0.230793739036827
0.234375,0.546875,0.22712356619516844
0.25,0.5625,0.2233982495075724
0.265625,0.578125,0.21961869652798044
0.28125,0.59375,0.21578582781667155
0.296875,0.609375,0.2119005767149584
0.3125,0.625,0.20796388911688463
0.328125,0.640625,0.20397672323818974
0.34375,0.65625,0.19994004938279927
0.359375,0.671875,0.19585484970707245
0.375,0.6875,0.1917221179819916
0.390625,0.703125,0.187542859353419
0.40625,0.71875,0.18331809010048247
0.421875,0.734375,0.17904883739208788
0.4375,0.75,0.17473613904150925
0.453125,0.765625,0.17038104325897657
0.46875,0.78125,0.165984608402165
0.484375,0.796875,0.1615479027245079
0.5,0.8125,0.15707200412127223
0.515625,0.828125,0.15255799987338067
0.53125,0.84375,0.14800698638900234
0.546875,0.859375,0.14342006894298298
0.5625,0.875,0.13879836141422636
0.578125,0.890625,0.1341429860211783
0.59375,0.90625,0.12945507305559523
0.609375,0.921875,0.12473576061480939
0.625,0.9375,0.11998619433272047
0.640625,0.953125,0.11520752710975525
0.65625,0.96875,0.11040091884202857
0.671875,0.984375,0.10556753614990895
0.6875,1.0,0.10070855210610874
0.0,0.296875,0.27591060929133354
0.015625,0.3125,0.27309995352037914
0.03125,0.328125,0.2702229308775604
0.046875,0.34375,0.2672802454325211
0.0625,0.359375,0.26427261695455134
0.078125,0.375,0.2612007807599875
0.09375,0.390625,0.258065487551366
0.109375,0.40625,0.25486750324879465
0.125,0.421875,0.2516076088142575
0.140625,0.4375,0.24828660006957282
0.15625,0.453125,0.2449052875086323
0.171875,0.46875,0.2414644961044339
0.1875,0.484375,0.2379650651113063
0.203125,0.5,0.2344078478626318
0.21875,0.515625,0.2307937115643078
0.234375,0.53125,0.22712353708414992
0.25,0.546875,0.22339821873741453
0.265625,0.5625,0.21961866406862174
0.28125,0.578125,0.215785793629869
0.296875,0.59375,0.21190054075584525
0.3125,0.609375,0.20796385133577075
0.328125,0.625,0.20397668358250168
0.34375,0.640625,0.1999400077990343
0.359375,0.65625,0.19585480614262976
0.375,0.671875,0.19172207238674718
0.390625,0.6875,0.1875428116809272
0.40625,0.703125,0.18331804030871615
0.421875,0.71875,0.17904878544366604
0.4375,0.734375,0.17473608490339956
0.453125,0.75,0.17038098690169526
0.46875,0.765625,0.16598454979852711
0.484375,0.78125,0.16154784184799462
0.5,0.796875,0.1570719409440918
0.515625,0.8125,0.1525579343642923
0.53125,0.828125,0.1480069185109644
0.546875,0.84375,0.14341999865066576
0.5625,0.859375,0.13879828865141425
0.578125,0.875,0.13414291071806664
0.59375,0.890625,0.12945499512597627
0.609375,0.90625,0.12473567995313238
0.625,0.921875,0.11998611081101826
0.640625,0.9375,0.11520744057444841
0.65625,0.953125,0.11040082911066289
0.671875,0.96875,0.10556744300795794
0.6875,0.984375,0.1007084553040972
0.703125,1.0,0.09582504521465068
0.0,0.28125,0.2759106077324874
0.015625,0.296875,0.2730999499754492
0.03125,0.3125,0.2702229252604056
0.046875,0.328125,0.267280237725104
0.0625,0.34375,0.26427260718136303
0.078125,0.359375,0.2612007689702506
0.09375,0.375,0.25806547380686695
0.109375,0.390625,0.2548674876156558
0.125,0.40625,0.2516075913574054
0.140625,0.421875,0.24828658084902705
0.15625,0.4375,0.24490526657701966
0.171875,0.453125,0.2414644735053377
0.1875,0.46875,0.23796504087820491
0.203125,0.484375,0.23440782201828433
0.21875,0.5,0.23079368412051196
0.234375,0.515625,0.22712350804183856
0.25,0.53125,0.22339818808708115
0.265625,0.546875,0.21961863179107008
0.28125,0.5625,0.21578575969727426
0.296875,0.578125,0.2119005051330968
0.3125,0.59375,0.20796381398204397
0.328125,0.609375,0.20397664445298055
0.34375,0.625,0.1999399668466862
0.359375,0.640625,0.19585476331991913
0.375,0.65625,0.19172202764717197
0.390625,0.671875,0.18754276498026917
0.40625,0.6875,0.1833179916059156
0.421875,0.703125,0.17904873470126095
0.4375,0.71875,0.17473603208749672
0.453125,0.734375,0.1703809319814759
0.46875,0.75,0.165984492745315
0.484375,0.765625,0.16154778263393385
0.5,0.78125,0.15707187954049284
0.515625,0.796875,0.15255787073970445
0.53125,0.8125,0.14800685262902635
0.546875,0.828125,0.1434199304677736
0.5625,0.84375,0.13879821811422846
0.578125,0.859375,0.134142837760863
0.59375,0.875,0.1294549196678284
0.609375,0.890625,0.12473560189490379
0.625,0.90625,0.11998603003213547
0.640625,0.921875,0.11520735692943498
0.65625,0.9375,0.11040074242544047
0.671875,0.953125,0.10556735307597515
0.6875,0.96875,0.10070836188244667
0.703125,0.984375,0.0958249480204996
0.71875,1.0,0.09091829656911556
0.0,0.265625,0.27591060698191844
0.015625,0.28125,0.2730999471277664
0.03125,0.296875,0.2702229202165743
0.046875,0.3125,0.26728023046924393
0.0625,0.328125,0.2642725977481376
0.078125,0.34375,0.26120075742282695
0.09375,0.359375,0.25806546022232546
0.109375,0.375,0.2548674720754724
0.125,0.390625,0.2516075739413129
0.140625,0.40625,0.24828656163108956
0.15625,0.421875,0.24490524562314747
0.171875,0.4375,0.24146445087174098
0.1875,0.453125,0.23796501661047284
0.203125,0.46875,0.23440779615090496
0.21875,0.484375,0.2307936566767308
0.234375,0.5,0.22712347903380578
0.25,0.515625,0.22339815751627187
0.265625,0.53125,0.2196185996489689
0.28125,0.546875,0.21578572596631868
0.296875,0.5625,0.21190046978786173
0.3125,0.578125,0.20796377699063134
0.328125,0.59375,0.20397660577855767
0.34375,0.609375,0.1999399264490971
0.359375,0.625,0.1958547211572781
0.375,0.640625,0.1917219836773391
0.390625,0.65625,0.1875427191621128
0.40625,0.671875,0.18331794390027512
0.421875,0.6875,0.17904868507154265
0.4375,0.703125,0.1747359804998637
0.453125,0.71875,0.17038087840461436
0.46875,0.734375,0.16598443714978736
0.484375,0.75,0.16154772499114795
0.5,0.765625,0.15707181982132773
0.515625,0.78125,0.15255780891284018
0.53125,0.796875,0.14800678865901923
0.546875,0.8125,0.14341986431291262
0.5625,0.828125,0.13879814972419027
0.578125,0.84375,0.1341427670741704
0.59375,0.859375,0.12945484660909623
0.609375,0.875,0.12473552637184256
0.625,0.890625,0.11998595193227012
0.640625,0.90625,0.1152072761164924
0.65625,0.921875,0.11040065873536849
0.671875,0.9375,0.10556726631258696
0.6875,0.953125,0.10070827181275285
0.703125,0.96875,0.09582485436991867
0.71875,0.984375,0.09091819901697547
0.734375,1.0,0.08598949641618023
0.0,0.25,0.27591060726547506
0.015625,0.265625,0.2730999451636807
0.03125,0.28125,0.27022291589429875
0.046875,0.296875,0.26728022377939764
0.0625,0.3125,0.2642725887407656
0.078125,0.328125,0.26120074618007744
0.09375,0.34375,0.25806544684099103
0.109375,0.359375,0.25486745665605304
0.125,0.375,0.25160755658128375
0.140625,0.390625,0.24828654242083695
0.15625,0.40625,0.24490522464357697
0.171875,0.421875,0.24146442819292524
0.1875,0.4375,0.23796499229095489
0.203125,0.453125,0.23440777023742557
0.21875,0.46875,0.23079362920425522
0.234375,0.484375,0.22712345002578707
0.25,0.5,0.22339812698512526
0.265625,0.515625,0.2196185675967527
0.28125,0.53125,0.21578569238561787
0.296875,0.546875,0.21190043466286745
0.3125,0.5625,0.20796374029839457
0.328125,0.578125,0.2039765674903788
0.34375,0.59375,0.1999398865319955
0.359375,0.609375,0.19585467957547023
0.375,0.625,0.19172194039364426
0.390625,0.640625,0.1875426741392014
0.40625,0.65625,0.18331789710168173
0.421875,0.671875,0.17904863646237723
0.4375,0.6875,0.17473593004717328
0.453125,0.703125,0.1703808260773681
0.46875,0.71875,0.1659843829184805
0.484375,0.734375,0.16154766882703742
0.5,0.75,0.15707176169532666
0.515625,0.765625,0.15255774879410428
0.53125,0.78125,0.14800672651325994
0.546875,0.796875,0.1434198001004641
0.5625,0.8125,0.13879808339784802
0.578125,0.828125,0.13414269857680058
0.59375,0.84375,0.12945477587100152
0.609375,0.859375,0.12473545330784772
0.625,0.875,0.1199858764384764
0.640625,0.890625,0.11520719806663421
0.65625,0.90625,0.11040057797670068
0.671875,0.921875,0.10556718266123916
0.6875,0.9375,0.10070818504852388
0.703125,0.953125,0.0958247642305658
0.71875,0.96875,0.09091810519222052
0.734375,0.984375,0.08598939854195392
0.75,1.0,0.08103984024467926
0.0,0.234375,0.2759106088756647
0.015625,0.25,0.27309994432059626
0.03125,0.265625,0.2702229124796311
0.046875,0.28125,0.26728021779738387
0.0625,0.296875,0.2642725802645665
0.078125,0.3125,0.2612007353179185
0.09375,0.328125,0.25806543371538815
0.109375,0.34375,0.2548674413913908
0.125,0.359375,0.2516075392965949
0.140625,0.375,0.24828652322575556
0.15625,0.390625,0.24490520363619503
0.171875,0.40625,0.2414644054587766
0.1875,0.421875,0.23796496790265864
0.203125,0.4375,0.23440774425472022
0.21875,0.453125,0.2307936016742761
0.234375,0.46875,0.22712342098351748
0.25,0.484375,0.22339809645399186
0.265625,0.5,0.21961853558936184
0.28125,0.515625,0.21578565890463647
0.296875,0.53125,0.2119003997020488
0.3125,0.546875,0.20796370384374163
0.328125,0.5625,0.20397652952142178
0.34375,0.578125,0.1999398470231444
0.359375,0.59375,0.19585463849738996
0.375,0.609375,0.19172189771458745
0.390625,0.625,0.18754262982622769
0.40625,0.640625,0.18331785112169438
0.421875,0.65625,0.17904858878291355
0.4375,0.671875,0.17473588063689938
0.453125,0.6875,0.17038077490624423
0.46875,0.703125,0.16598432995758178
0.484375,0.71875,0.1615476140480286
0.5,0.734375,0.15707170506960755
0.515625,0.75,0.15255769029164704
0.53125,0.765625,0.1480066661011634
0.546875,0.78125,0.14341973774124647
0.5625,0.796875,0.13879801904749206
0.578125,0.8125,0.13414263218255001
0.59375,0.828125,0.12945470736889114
0.609375,0.84375,0.12473538261993124
0.625,0.859375,0.11998580346969338
0.640625,0.875,0.11520712270123881
0.65625,0.890625,0.11040050007415399
0.671875,0.90625,0.10556710205146014
0.6875,0.921875,0.10070810152639458
0.703125,0.9375,0.09582467754962742
0.71875,0.953125,0.09091801505759385
0.734375,0.96875,0.08598930460273259
0.75,0.984375,0.08103974208645262
0.765625,1.0,0.07607052849547247
0.0,0.21875,0.2759106121931531
0.015625,0.234375,0.27309994490196926
0.03125,0.25,0.27022291020646777
0.046875,0.265625,0.26728021269888264
0.0625,0.28125,0.26427257244840696
0.078125,0.296875,0.2612007249283841
0.09375,0.3125,0.2580654209088777
0.109375,0.328125,0.2548674263225962
0.125,0.34375,0.25160752211103926
0.140625,0.359375,0.24828650405604188
0.15625,0.375,0.2449051826003656
0.171875,0.390625,0.2414643826598403
0.1875,0.40625,0.23796494342874192
0.203125,0.421875,0.2344077181795383
0.21875,0.4375,0.23079357405776793
0.234375,0.453125,0.22712339187256825
0.25,0.46875,0.22339806588322222
0.265625,0.484375,0.21961850358198348
0.28125,0.5,0.2157856254733865
0.296875,0.515625,0.21190036485021357
0.3125,0.53125,0.207963667566274
0.328125,0.546875,0.2039764918061428
0.34375,0.5625,0.19993980785200763
0.359375,0.578125,0.19585459784776915
0.375,0.59375,0.19172185556054072
0.390625,0.609375,0.18754258613968
0.40625,0.625,0.18331780587347862
0.421875,0.640625,0.17904854194361325
0.4375,0.65625,0.17473583217744387
0.453125,0.671875,0.17038072479822
0.46875,0.6875,0.16598427817323574
0.484375,0.703125,0.16154756055995598
0.5,0.71875,0.15707164985012692
0.515625,0.734375,0.15255763331187616
0.53125,0.75,0.14800660732981136
0.546875,0.765625,0.14341967714313938
0.5625,0.78125,0.13879795658183997
0.578125,0.796875,0.1341425678009544
0.59375,0.8125,0.12945464101307533
0.609375,0.828125,0.12473531421915701
0.625,0.84375,0.11998573293780429
0.640625,0.859375,0.1152070499332458
0.65625,0.875,0.11040042494225318
0.671875,0.890625,0.10556702440034414
0.6875,0.90625,0.10070802116770179
0.703125,0.921875,0.09582459425536763
0.71875,0.9375,0.090917928552424
0.734375,0.953125,0.08598921455506975
0.75,0.96875,0.0810396480986849
0.765625,0.984375,0.07607043009409109
0.78125,1.0,0.07108276626903956
0.0,0.203125,0.27591061771593345
0.015625,0.21875,0.2730999472970977
0.03125,0.234375,0.2702229093693407
0.046875,0.25,0.2672802087014249
0.0625,0.265625,0.26427256544955535
0.078125,0.28125,0.26120071512249665
0.09375,0.296875,0.25806540849730747
0.109375,0.3125,0.25486741149880593
0.125,0.328125,0.251607505053392
0.140625,0.34375,0.24828648492481212
0.15625,0.359375,0.24490516153699018
0.171875,0.375,0.2414643597872952
0.1875,0.390625,0.23796491885243382
0.203125,0.40625,0.23440769198839
0.21875,0.421875,0.23079354632534202
0.234375,0.4375,0.22712336265816752
0.25,0.453125,0.22339803523295415
0.265625,0.46875,0.2196184715298044
0.28125,0.484375,0.21578559204214814
0.296875,0.5,0.21190033005273623
0.3125,0.515625,0.2079636314064619
0.328125,0.53125,0.2039764542801482
0.34375,0.546875,0.19993976894943355
0.359375,0.5625,0.1958545575528908
0.375,0.578125,0.19172181385350925
0.390625,0.59375,0.18754254299766623
0.40625,0.609375,0.18331776127170665
0.421875,0.625,0.17904849585623528
0.4375,0.640625,0.174735784578209
0.453125,0.65625,0.17038067566090112
0.46875,0.671875,0.16598422747178615
0.484375,0.6875,0.16154750826838188
0.5,0.703125,0.15707159594206985
0.515625,0.71875,0.15255757775991105
0.53125,0.734375,0.14800655010446878
0.546875,0.75,0.14341961821166213
0.5625,0.765625,0.13879789590668026
0.578125,0.78125,0.13414250533800817
0.59375,0.796875,0.12945457670963742
0.609375,0.8125,0.12473524801156101
0.625,0.828125,0.11998566474869121
0.640625,0.84375,0.11520697966837515
0.65625,0.859375,0.11040035248674061
0.671875,0.875,0.10556694961417262
0.6875,0.890625,0.10070794388031513
0.703125,0.90625,0.095824514259119
0.71875,0.921875,0.09091784559463026
0.734375,0.9375,0.08598912832844482
0.75,0.953125,0.08103955823004738
0.765625,0.96875,0.0760703361315869
0.78125,0.984375,0.07108266766889551
0.796875,1.0,0.06607776303044682
0.0,0.1875,0.2759106260992876
0.015625,0.203125,0.27309995200741577
0.03125,0.21875,0.2702229103397793
0.046875,0.234375,0.2672802060741751
0.0625,0.25,0.2642725594593345
0.078125,0.265625,0.2612007060334168
0.09375,0.28125,0.25806539657067723
0.109375,0.296875,0.2548673969779929
0.125,0.3125,0.2516074881577402
0.140625,0.328125,0.24828646584816866
0.15625,0.34375,0.2449051404484374
0.171875,0.359375,0.24146433683281615
0.1875,0.375,0.23796489415686628
0.203125,0.390625,0.23440766565736046
0.21875,0.40625,0.23079351844704998
0.234375,0.421875,0.22712333330499088
0.25,0.4375,0.22339800446288657
0.265625,0.453125,0.21961843938776449
0.28125,0.46875,0.21578555856120138
0.296875,0.484375,0.21190029525526963
0.3125,0.5,0.2079635953053429
0.328125,0.515625,0.2039764168798867
0.34375,0.53125,0.19993973024735523
0.359375,0.546875,0.19585451754031108
0.375,0.5625,0.19172177251689032
0.390625,0.578125,0.1875425003197242
0.40625,0.59375,0.18331771723243168
0.421875,0.609375,0.17904845043378284
0.4375,0.625,0.17473573774962223
0.453125,0.640625,0.17038062740262727
0.46875,0.65625,0.16598417775996008
0.484375,0.671875,0.16154745707885576
0.5,0.6875,0.15707154325018033
0.515625,0.703125,0.15255752353998042
0.53125,0.71875,0.1480064943290446
0.546875,0.734375,0.14341956085049895
0.5625,0.75,0.13879783692546724
0.578125,0.765625,0.1341424446968378
0.59375,0.78125,0.12945451436119956
0.609375,0.796875,0.1247351838990315
0.625,0.8125,0.11998559880325861
0.640625,0.828125,0.11520691180632746
0.65625,0.84375,0.11040028260599533
0.671875,0.859375,0.1055668775900945
0.6875,0.875,0.10070786956061542
0.703125,0.890625,0.09582443745757092
0.71875,0.90625,0.09091776608327407
0.734375,0.921875,0.08598904582790097
0.75,0.9375,0.08103947239754956
0.765625,0.953125,0.0760702465464598
0.78125,0.96875,0.07108257381562633
0.796875,0.984375,0.06607766428057445
0.8125,1.0,0.061056732311136896
0.0,0.171875,0.27591063821121725
0.015625,0.1875,0.27309995968173545
0.03125,0.203125,0.27022291358728007
0.046875,0.21875,0.26728020514982337
0.0625,0.234375,0.2642725547095737
0.078125,0.25,0.2612006978197528
0.09375,0.265625,0.2580653852346895
0.109375,0.28125,0.2548673828275581
0.125,0.296875,0.2516074714635728
0.140625,0.3125,0.24828644684504636
0.15625,0.328125,0.24490511933828393
0.171875,0.34375,0.24146431378828095
0.1875,0.359375,0.23796486932478106
0.203125,0.375,0.23440763916182983
0.21875,0.390625,0.2307934903921175
0.234375,0.40625,0.22712330377690385
0.25,0.421875,0.22339797353202404
0.265625,0.4375,0.21961840711029712
0.28125,0.453125,0.21578552498055764
0.296875,0.46875,0.21190026040346663
0.3125,0.484375,0.20796355920423382
0.328125,0.5,0.20397637954235998
0.34375,0.515625,0.19993969167850564
0.359375,0.53125,0.19585447773859138
0.375,0.546875,0.19172173147523408
0.390625,0.5625,0.18754245802662364
0.40625,0.578125,0.18331767367294188
0.421875,0.59375,0.17904840559041968
0.4375,0.609375,0.17473569160312158
0.453125,0.625,0.17038057993253047
0.46875,0.640625,0.1659841289449992
0.484375,0.65625,0.1615474068971174
0.5,0.671875,0.15707149167903334
0.515625,0.6875,0.15255747055576072
0.53125,0.703125,0.1480064399064956
0.546875,0.71875,0.14341950496196823
0.5625,0.734375,0.13879777953985908
0.578125,0.75,0.13414238577831714
0.59375,0.765625,0.12945445386763216
0.609375,0.78125,0.1247351217801322
0.625,0.796875,0.11998553499839987
0.640625,0.8125,0.11520684624193278
0.65625,0.828125,0.11040021519241185
0.671875,0.84375,0.1055668082177935
0.6875,0.859375,0.1007077980955154
0.703125,0.875,0.09582436373520728
0.71875,0.890625,0.0909176899014514
0.734375,0.90625,0.08598896693735936
0.75,0.921875,0.08103939049006703
0.765625,0.9375,0.0760701612397413
0.78125,0.953125,0.07108248463440159
0.796875,0.96875,0.0660775706338128
0.8125,0.984375,0.06105663346677528
0.828125,1.0,0.056020891406672615
0.0,0.15625,0.2759106552106542
0.015625,0.171875,0.273099971164027
0.03125,0.1875,0.27022291970622836
0.046875,0.203125,0.26728020633887756
0.0625,0.21875,0.26427255147974066
0.078125,0.234375,0.26120069066880264
0.09375,0.25,0.2580653746119523
0.109375,0.265625,0.25486736912451236
0.125,0.28125,0.25160745501548926
0.140625,0.296875,0.24828642793673034
0.15625,0.3125,0.24490509821078701
0.171875,0.328125,0.24146429064526498
0.1875,0.34375,0.23796484433807136
0.203125,0.359375,0.23440761247606787
0.21875,0.375,0.23079346212858415
0.234375,0.390625,0.22712327403663857
0.25,0.40625,0.22339794239837757
0.265625,0.421875,0.21961837465104428
0.28125,0.4375,0.2157854912496803
0.296875,0.453125,0.21190022544270087
0.3125,0.46875,0.20796352304445162
0.328125,0.484375,0.2039763422048425
0.34375,0.5,0.19993965317614426
0.359375,0.515625,0.1958544380770378
0.375,0.53125,0.19172169065400668
0.390625,0.546875,0.18754241604016336
0.40625,0.5625,0.18331763051160146
0.421875,0.578125,0.1790483612413639
0.4375,0.59375,0.17473564605110906
0.453125,0.609375,0.17038053316055196
0.46875,0.625,0.16598408093474418
0.484375,0.640625,0.16154735762924852
0.5,0.65625,0.1570714411332529
0.515625,0.671875,0.15255741871065825
0.53125,0.6875,0.148006386739172
0.546875,0.703125,0.14341945044743246
0.5625,0.71875,0.13879772365019669
0.578125,0.734375,0.1341423284816236
0.59375,0.75,0.12945439512669832
0.609375,0.765625,0.12473506155085735
0.625,0.78125,0.11998547322789038
0.640625,0.796875,0.11520678286622119
0.65625,0.8125,0.1104001501337002
0.671875,0.828125,0.10556674138108384
0.6875,0.84375,0.10070772936443415
0.703125,0.859375,0.09582429296675742
0.71875,0.875,0.09091761691932587
0.734375,0.890625,0.08598889152331808
0.75,0.90625,0.08103931237270864
0.765625,0.921875,0.0760700800797986
0.78125,0.9375,0.07108240000549425
0.796875,0.953125,0.06607748199754163
0.8125,0.96875,0.06105654014153189
0.828125,0.984375,0.05602079253155751
0.84375,1.0,0.05097146106904562
0.0,0.140625,0.2759106786605218
0.015625,0.15625,0.27309998755923276
0.03125,0.171875,0.270222929450521
0.046875,0.1875,0.2672802101465112
0.0625,0.203125,0.2642725501043929
0.078125,0.21875,0.26120068479928205
0.09375,0.234375,0.25806536484245146
0.109375,0.25,0.25486735595495524
0.125,0.265625,0.2516074388623075
0.140625,0.28125,0.24828640914589478
0.15625,0.296875,0.24490507706998238
0.171875,0.3125,0.24146426739424684
0.1875,0.328125,0.23796481917710477
0.203125,0.34375,0.23440758557266306
0.21875,0.359375,0.23079343362282276
0.234375,0.375,0.22712324404538198
0.25,0.390625,0.2233979110186052
0.265625,0.40625,0.21961834196253163
0.28125,0.421875,0.21578545731718335
0.296875,0.4375,0.2119001903177789
0.3125,0.453125,0.2079634867670329
0.328125,0.46875,0.2039763048046088
0.34375,0.484375,0.1999396146737915
0.359375,0.5,0.195854398485449
0.375,0.515625,0.1917216499793571
0.390625,0.53125,0.18754237428296527
0.40625,0.546875,0.18331758766768197
0.421875,0.5625,0.17904831730276305
0.4375,0.578125,0.1747356010068775
0.453125,0.59375,0.17038048699742647
0.46875,0.609375,0.16598403363767827
0.484375,0.625,0.16154730918177762
0.5,0.640625,0.15707139151767843
0.515625,0.65625,0.1525573679080377
0.53125,0.671875,0.14800633472910693
0.546875,0.6875,0.1434193972076502
0.5625,0.703125,0.1387976691559211
0.578125,0.71875,0.13414227270472778
0.59375,0.734375,0.12945433803462902
0.609375,0.75,0.1247350031053092
0.625,0.765625,0.11998541338319532
0.640625,0.78125,0.11520672156739763
0.65625,0.796875,0.1104000873140788
0.671875,0.8125,0.10556667695938973
0.6875,0.828125,0.10070766324115397
0.703125,0.84375,0.09582422501954788
0.71875,0.859375,0.09091754699712182
0.734375,0.875,0.0859888194386582
0.75,0.890625,0.08103923789160092
0.765625,0.90625,0.07607000290817609
0.78125,0.921875,0.07108231977095307
0.796875,0.9375,0.06607739822463121
0.8125,0.953125,0.06105645221853574
0.828125,0.96875,0.05602069966701542
0.84375,0.984375,0.05097136223888293
0.859375,1.0,0.04590966519125571
0.0,0.125,0.27591071069703677
0.015625,0.140625,0.27310001032594683
0.03125,0.15625,0.2702229437781311
0.046875,0.171875,0.2672802171917768
0.0625,0.1875,0.2642725509801401
0.078125,0.203125,0.2612006804627429
0.09375,0.21875,0.2580653560826701
0.109375,0.234375,0.25486734341240125
0.125,0.25,0.25160742305526645
0.140625,0.265625,0.24828639049494838
0.15625,0.28125,0.24490505591826398
0.171875,0.296875,0.24146424402342964
0.1875,0.3125,0.23796479381976116
0.203125,0.328125,0.23440755842174113
0.21875,0.34375,0.2307934048389034
0.234375,0.359375,0.22712321376225278
0.25,0.375,0.2233978793475727
0.265625,0.390625,0.21961830899579174
0.28125,0.40625,0.21578542313049606
0.296875,0.421875,0.21190015497263395
0.3125,0.4375,0.2079634503124467
0.328125,0.453125,0.2039762672786595
0.34375,0.46875,0.19993957610496768
0.359375,0.484375,0.19585435889386832
0.375,0.5,0.1917216093778875
0.390625,0.515625,0.18754233267826853
0.40625,0.53125,0.18331754506118594
0.421875,0.546875,0.1790482736915563
0.4375,0.5625,0.17473555638451627
0.453125,0.578125,0.1703804413546367
0.46875,0.59375,0.16598398696293518
0.484375,0.609375,0.1615472614617437
0.5,0.625,0.15707134273748533
0.515625,0.640625,0.1525573180513988
0.53125,0.65625,0.148006283778251
0.546875,0.671875,0.14341934514306984
0.5625,0.6875,0.13879761595592927
0.578125,0.703125,0.1341422183448174
0.59375,0.71875,0.12945428248662508
0.609375,0.734375,0.12473494633629487
0.625,0.75,0.1199853553541847
0.640625,0.765625,0.11520666223170942
0.65625,0.78125,0.11040002661534168
0.671875,0.796875,0.10556661482907845
0.6875,0.8125,0.10070759959550928
0.703125,0.828125,0.09582415975567028
0.71875,0.84375,0.090917479987937
0.734375,0.859375,0.08598875052631964
0.75,0.875,0.0810391668787015
0.765625,0.890625,0.0760699295458519
0.78125,0.90625,0.07108224374253874
0.796875,0.921875,0.06607731912291323
0.8125,0.9375,0.06105636951381847
0.828125,0.953125,0.05602061266228257
0.84375,0.96875,0.050971270008007497
0.859375,0.984375,0.04590956649919794
0.875,1.0,0.04083673048022556
0.0,0.109375,0.27591075429647655
0.015625,0.125,0.27310004141097516
0.03125,0.140625,0.2702229639083678
0.046875,0.15625,0.2672802282281566
0.0625,0.171875,0.26427255457046805
0.078125,0.1875,0.261200677942296
0.09375,0.203125,0.25806534850236074
0.109375,0.21875,0.25486733159428426
0.125,0.234375,0.251607407644877
0.140625,0.25,0.24828637200340156
0.15625,0.265625,0.24490503475425698
0.171875,0.28125,0.24146422051705205
0.1875,0.296875,0.23796476824010102
0.203125,0.3125,0.23440753098991776
0.21875,0.328125,0.2307933757377643
0.234375,0.34375,0.2271231831436393
0.25,0.359375,0.22339784733781606
0.265625,0.375,0.2196182756999167
0.28125,0.390625,0.21578538863548236
0.296875,0.40625,0.211900119349991
0.3125,0.421875,0.2079634136202927
0.328125,0.4375,0.20397622956344208
0.34375,0.453125,0.19993953740293147
0.359375,0.46875,0.1958543192323388
0.375,0.484375,0.19172156877642546
0.390625,0.5,0.1875422911497235
0.40625,0.515625,0.18331750261266722
0.421875,0.53125,0.17904823032532582
0.4375,0.546875,0.17473551209880017
0.453125,0.5625,0.17038039614434536
0.46875,0.578125,0.16598394082027743
0.484375,0.59375,0.16154721437672367
0.5,0.609375,0.15707129469826356
0.515625,0.625,0.15255726904450823
0.53125,0.640625,0.1480062337886576
0.546875,0.65625,0.14341929415406837
0.5625,0.671875,0.13879756394887002
0.578125,0.6875,0.1341421652986562
0.59375,0.703125,0.12945422837728734
0.609375,0.71875,0.12473489113584114
0.625,0.734375,0.11998529902975336
0.640625,0.75,0.11520660474420108
0.65625,0.765625,0.11039996791779087
0.671875,0.78125,0.10556655486462933
0.6875,0.796875,0.10070753829487666
0.703125,0.8125,0.09582409703391047
0.71875,0.828125,0.09091741574027659
0.734375,0.84375,0.08598868462267285
0.75,0.859375,0.08103909915633192
0.765625,0.875,0.07606985979936769
0.78125,0.890625,0.07108217170999433
0.796875,0.90625,0.0660772444661391
0.8125,0.921875,0.06105629179008189
0.828125,0.9375,0.0560205312828278
0.84375,0.953125,0.05097118417686892
0.859375,0.96875,0.04590947512359044
0.875,0.984375,0.04083663204593769
0.890625,1.0,0.035753886110945585
0.0,0.09375,0.27591081372680853
0.015625,0.109375,0.2731000834527346
0.03125,0.125,0.27022299139469913
0.046875,0.140625,0.26728024416251733
0.0625,0.15625,0.26427256140520594
0.078125,0.171875,0.26120067754626514
0.09375,0.1875,0.25806534227740335
0.109375,0.203125,0.25486732059564937
0.125,0.21875,0.2516073926758041
0.140625,0.234375,0.2482863536838635
0.15625,0.25,0.24490501356973784
0.171875,0.265625,0.24146419685303297
0.1875,0.28125,0.23796474240656507
0.203125,0.296875,0.23440750323891707
0.21875,0.3125,0.23079334627614545
0.234375,0.328125,0.22712315214236747
0.25,0.34375,0.22339781493888355
0.265625,0.359375,0.21961824202152874
0.28125,0.375,0.21578535377600302
0.296875,0.390625,0.21190008339099597
0.3125,0.40625,0.20796337662897652
0.328125,0.421875,0.20397619159456118
0.34375,0.4375,0.19993949850041437
0.359375,0.453125,0.19585427943065836
0.375,0.46875,0.19172152810179863
0.390625,0.484375,0.1875422496211858
0.40625,0.5,0.18331746024304843
0.421875,0.515625,0.17904818712214193
0.4375,0.53125,0.17473546806506665
0.453125,0.546875,0.170380351279307
0.46875,0.5625,0.16598389512004916
0.484375,0.578125,0.16154716783482861
0.5,0.59375,0.15707124730605923
0.515625,0.609375,0.15255722079148817
0.53125,0.625,0.14800618466261892
0.546875,0.640625,0.14341924414113852
0.5625,0.65625,0.13879751303338383
0.578125,0.671875,0.13414211346287908
0.59375,0.6875,0.1294541756009755
0.609375,0.703125,0.12473483739562825
0.625,0.71875,0.1199852442983462
0.640625,0.734375,0.11520654898935638
0.65625,0.75,0.11039991110103095
0.671875,0.765625,0.10556649693963321
0.6875,0.78125,0.10070747920545202
0.703125,0.796875,0.09582403671140907
0.71875,0.8125,0.09091735410025059
0.734375,0.828125,0.08598862156047528
0.75,0.84375,0.08103903454121812
0.765625,0.859375,0.0760697934664287
0.78125,0.875,0.07108210344889156
0.796875,0.890625,0.06607717400502061
0.8125,0.90625,0.06105621877208155
0.828125,0.921875,0.05602045523089573
0.84375,0.9375,0.050971104439885596
0.859375,0.953125,0.04590939079214759
0.875,0.96875,0.040836541819732855
0.890625,0.984375,0.03575378809657105
0.90625,1.0,0.030662363348125464
0.0,0.078125,0.27591089539043273
0.015625,0.09375,0.2731001401040739
0.03125,0.109375,0.2702230282141402
0.046875,0.125,0.26728026606517297
0.0625,0.140625,0.2642725720684635
0.078125,0.15625,0.2612006795927405
0.09375,0.171875,0.25806533757631583
0.109375,0.1875,0.25486731049858563
0.125,0.203125,0.25160737817892287
0.140625,0.21875,0.24828633553615923
0.15625,0.234375,0.24490499234529176
0.171875,0.25,0.24146417299975817
0.1875,0.265625,0.23796471627958354
0.203125,0.28125,0.2344074751237787
0.21875,0.296875,0.23079331640523393
0.234375,0.3125,0.22712312070666582
0.25,0.328125,0.22339778209653433
0.265625,0.34375,0.21961820790414874
0.28125,0.359375,0.21578531849340923
0.296875,0.375,0.21190004703479814
0.3125,0.390625,0.20796333927535693
0.328125,0.40625,0.2039761533064706
0.34375,0.421875,0.19993945932934798
0.359375,0.4375,0.1958542394181319
0.375,0.453125,0.19172148728060828
0.390625,0.46875,0.18754220801651086
0.40625,0.484375,0.1833174178734366
0.421875,0.5,0.17904814400040264
0.4375,0.515625,0.17473542419908197
0.453125,0.53125,0.17038030667276735
0.46875,0.546875,0.1659838497731083
0.484375,0.5625,0.1615471217446735
0.5,0.578125,0.1570712004673845
0.515625,0.59375,0.15255717319686704
0.53125,0.609375,0.14800613630276105
0.546875,0.625,0.14341919500502756
0.5625,0.640625,0.13879746310828803
0.578125,0.65625,0.13414206273422843
0.59375,0.671875,0.12945412405209977
0.609375,0.6875,0.12473478500734586
0.625,0.703125,0.11998519104839286
0.640625,0.71875,0.1152064948516311
0.65625,0.734375,0.11039985604462976
0.671875,0.75,0.10556644092762313
0.6875,0.765625,0.1007074221933141
0.703125,0.78125,0.09582397864504731
0.71875,0.796875,0.09091729491341279
0.734375,0.8125,0.0859885611713591
0.75,0.828125,0.08103897284792172
0.765625,0.84375,0.07606973034072856
0.78125,0.859375,0.07108203872754289
0.796875,0.875,0.06607710747730125
0.8125,0.890625,0.06105615016148581
0.828125,0.90625,0.056020384167452746
0.84375,0.921875,0.050971030416969584
0.859375,0.9375,0.0459093130967845
0.875,0.953125,0.040836459416233685
0.890625,0.96875,0.03575369942672578
0.90625,0.984375,0.03066226598877227
0.921875,1.0,0.02556339510639724
0.0,0.0625,0.27591100961100856
0.015625,0.078125,0.27310021657096356
0.03125,0.09375,0.2702230768647255
0.046875,0.109375,0.26728029515371343
0.0625,0.125,0.2642725871632725
0.078125,0.140625,0.26120068437826893
0.09375,0.15625,0.2580653345366711
0.109375,0.171875,0.254867301355338
0.125,0.1875,0.25160736415939466
0.140625,0.203125,0.24828631753890718
0.15625,0.21875,0.24490497104432327
0.171875,0.234375,0.2414641489117804
0.1875,0.25,0.23796468980845664
0.203125,0.265625,0.23440744659057192
0.21875,0.28125,0.2307932860689669
0.234375,0.296875,0.22712308877889217
0.25,0.3125,0.2233977487517706
0.265625,0.328125,0.21961817328744973
0.28125,0.34375,0.215785282725955
0.296875,0.359375,0.2119000102180785
0.3125,0.375,0.2079633014943576
0.328125,0.390625,0.20397611463214513
0.34375,0.40625,0.19993941982057803
0.359375,0.421875,0.19585419912331892
0.375,0.4375,0.19172144623900222
0.390625,0.453125,0.1875421662593481
0.40625,0.46875,0.18331737542493895
0.421875,0.484375,0.17904810087867024
0.4375,0.5,0.1747353804169024
0.453125,0.515625,0.1703802622383489
0.46875,0.53125,0.1659838046907429
0.484375,0.546875,0.16154707601532506
0.5,0.5625,0.1570711540891995
0.515625,0.578125,0.15255712616559847
0.53125,0.59375,0.1480060886120997
0.546875,0.609375,0.14341914664683295
0.5625,0.625,0.13879741407271348
0.578125,0.640625,0.13414201300973425
0.59375,0.65625,0.129454073625349
0.609375,0.671875,0.12473473386297643
0.625,0.6875,0.11998513916865595
0.640625,0.703125,0.11520644221588247
0.65625,0.71875,0.11039980262865216
0.671875,0.734375,0.10556638670274632
0.6875,0.75,0.10070736712528325
0.703125,0.765625,0.09582392269256503
0.71875,0.78125,0.09091723802624556
0.734375,0.796875,0.0859885032878434
0.75,0.8125,0.08103891389162558
0.765625,0.828125,0.07606967021589232
0.78125,0.84375,0.07108197731271595
0.796875,0.859375,0.06607704461624166
0.8125,0.875,0.0610560856497874
0.828125,0.890625,0.05602031773228332
0.84375,0.90625,0.050970961685282846
0.859375,0.921875,0.045909241543414865
0.875,0.9375,0.04083638427515057
0.890625,0.953125,0.03575361953116536
0.90625,0.96875,0.030662179466747066
0.921875,0.984375,0.025563298774929487
0.9375,1.0,0.020458215380555932
0.0,0.046875,0.2759111751110277
0.015625,0.0625,0.2731003205407428
0.03125,0.078125,0.2702231404262937
0.046875,0.09375,0.2672803327098683
0.0625,0.109375,0.2642726072305893
0.078125,0.125,0.261200692119425
0.09375,0.140625,0.2580653332257937
0.109375,0.15625,0.25486729316222406
0.125,0.171875,0.25160735057925687
0.140625,0.1875,0.24828629963774615
0.15625,0.203125,0.24490494960497075
0.171875,0.21875,0.2414641245241772
0.1875,0.234375,0.23796466292735724
0.203125,0.25,0.23440741757352074
0.21875,0.265625,0.230793255201938
0.234375,0.28125,0.2271230562939877
0.25,0.296875,0.22339771483968054
0.265625,0.3125,0.21961813810637817
0.28125,0.328125,0.2157852464081196
0.296875,0.34375,0.21189997287451662
0.3125,0.359375,0.2079632632185376
0.328125,0.375,0.20397607550272712
0.34375,0.390625,0.19993937990356556
0.359375,0.40625,0.1958541584737735
0.375,0.421875,0.19172140490244483
0.390625,0.4375,0.1875421242729356
0.40625,0.453125,0.18331733281847715
0.421875,0.46875,0.17904805767550702
0.4375,0.484375,0.17473533663472973
0.453125,0.5,0.1703802178899301
0.46875,0.515625,0.16598375978457378
0.484375,0.53125,0.1615470305562319
0.5,0.546875,0.15707110807887154
0.515625,0.5625,0.15255707960305118
0.53125,0.578125,0.14800604149406302
0.546875,0.59375,0.1434190989680586
0.5625,0.609375,0.13879736582619664
0.578125,0.625,0.13414196418684368
0.59375,0.640625,0.1294540242158616
0.609375,0.65625,0.12473468385501124
0.625,0.671875,0.11998508854850043
0.640625,0.6875,0.11520639096770369
0.65625,0.703125,0.11039975073407657
0.671875,0.71875,0.10556633414028871
0.6875,0.734375,0.10070731386959153
0.703125,0.75,0.09582386871343182
0.71875,0.765625,0.09091718328731337
0.734375,0.78125,0.08598844774489492
0.75,0.796875,0.08103885749029337
0.765625,0.8125,0.07606961288853804
0.78125,0.828125,0.0710819189740873
0.796875,0.84375,0.06607698515728541
0.8125,0.859375,0.06105602492859326
0.828125,0.875,0.05602025556041375
0.84375,0.890625,0.05097089780638825
0.859375,0.90625,0.045909175598346265
0.875,0.921875,0.040836315742121265
0.890625,0.9375,0.03575354761668852
0.90625,0.953125,0.03066210289143758
0.921875,0.96875,0.02556321531205305
0.9375,0.984375,0.020458120745706722
0.953125,1.0,0.015348058359320429
0.0,0.03125,0.2759114330554861
0.015625,0.046875,0.2731004637171277
0.03125,0.0625,0.2702232224126314
0.046875,0.078125,0.26728037983430203
0.0625,0.09375,0.26427263258066647
0.078125,0.109375,0.2612007028490011
0.09375,0.125,0.2580653335775471
0.109375,0.140625,0.25486728582053586
0.125,0.15625,0.2516073373326678
0.140625,0.171875,0.24828628172926862
0.15625,0.1875,0.2449049279294284
0.171875,0.203125,0.2414640997452986
0.1875,0.21875,0.23796463555030473
0.203125,0.234375,0.2344073879914594
0.21875,0.25,0.23079322372685598
0.234375,0.265625,0.22712302317762798
0.25,0.28125,0.22339768028807397
0.265625,0.296875,0.21961810229013295
0.28125,0.3125,0.21578520946983107
0.296875,0.328125,0.21189993493419
0.3125,0.34375,0.20796322437761816
0.328125,0.359375,0.20397603584714386
0.34375,0.375,0.1999393395060701
0.359375,0.390625,0.19585411739577557
0.375,0.40625,0.1917213631954842
0.390625,0.421875,0.18754208197989394
0.40625,0.4375,0.18331728997460406
0.421875,0.453125,0.1790480143093103
0.4375,0.46875,0.17473529276876562
0.453125,0.484375,0.1703801735415183
0.46875,0.5,0.16598371496644893
0.484375,0.515625,0.16154698527714068
0.5,0.53125,0.15707106234411547
0.515625,0.546875,0.1525570334149751
0.53125,0.5625,0.14800599485248478
0.546875,0.578125,0.14341905187063705
0.5625,0.59375,0.13879731826873137
0.578125,0.609375,0.13414191616350446
0.59375,0.625,0.1294539757193421
0.609375,0.640625,0.1247346348766045
0.625,0.65625,0.11998503907809098
0.640625,0.671875,0.11520634099367183
0.65625,0.6875,0.11039970024310625
0.671875,0.703125,0.10556628311706752
0.6875,0.71875,0.10070726229638362
0.703125,0.734375,0.09582381656949546
0.71875,0.75,0.0909171305481196
0.734375,0.765625,0.08598839438108254
0.75,0.78125,0.08103880346626144
0.765625,0.796875,0.07606955816052595
0.78125,0.8125,0.07108186348750938
0.796875,0.828125,0.06607692884294893
0.8125,0.84375,0.06105596769719643
0.828125,0.859375,0.05602019729429893
0.84375,0.875,0.05097083834674646
0.859375,0.890625,0.04590911472452813
0.875,0.90625,0.04083625313647889
0.890625,0.921875,0.03575348280104553
0.90625,0.9375,0.030662035103010892
0.921875,0.953125,0.025563143235151038
0.9375,0.96875,0.02045804184460234
0.953125,0.984375,0.015347966840033382
0.96875,1.0,0.01023415663034749
0.0,0.015625,0.2759119068386395
0.015625,0.03125,0.27310066350865714
0.03125,0.046875,0.27022332581657893
0.046875,0.0625,0.2672804368210539
0.0625,0.078125,0.26427266296021606
0.078125,0.09375,0.26120071623850644
0.09375,0.109375,0.2580653352940416
0.109375,0.125,0.25486727907972967
0.125,0.140625,0.2516073242117188
0.140625,0.15625,0.24828626363968717
0.15625,0.171875,0.24490490587020292
0.171875,0.1875,0.24146407444766185
0.1875,0.203125,0.23796460756498647
0.203125,0.21875,0.2344073577435485
0.21875,0.234375,0.2307931915515195
0.234375,0.25,0.22712298934405017
0.25,0.265625,0.2233976450158983
0.265625,0.28125,0.21961806576099335
0.28125,0.296875,0.21578517183558682
0.296875,0.3125,0.21189989632290404
0.3125,0.328125,0.2079631848979622
0.328125,0.34375,0.20397599559169496
0.34375,0.359375,0.1999392985538159
0.359375,0.375,0.19585407581405373
0.375,0.390625,0.19172132104151454
0.390625,0.40625,0.18754203930201938
0.40625,0.421875,0.18331724681332073
0.421875,0.4375,0.17904797069814912
0.4375,0.453125,0.17473524873506574
0.453125,0.46875,0.17038012910712066
0.46875,0.484375,0.16598367014833124
0.484375,0.5,0.16154694008800222
0.5,0.515625,0.15707101679291918
0.515625,0.53125,0.1525569875074477
0.53125,0.546875,0.1480059485915736
0.546875,0.5625,0.14341900525692164
0.5625,0.578125,0.1387972713007858
0.578125,0.59375,0.1341418688382074
0.59375,0.609375,0.1294539280321314
0.609375,0.625,0.12473458682167342
0.625,0.640625,0.11998499064852429
0.640625,0.65625,0.11520629218151875
0.65625,0.671875,0.11039965103938665
0.671875,0.6875,0.1055662335117071
0.6875,0.703125,0.10070721227806921
0.703125,0.71875,0.09582376612543811
0.71875,0.734375,0.09091707966370546
0.734375,0.75,0.08598834303938008
0.75,0.765625,0.08103875164733869
0.765625,0.78125,0.07606950584050415
0.78125,0.796875,0.07108181063724114
0.796875,0.8125,0.06607687542614195
0.8125,0.828125,0.06105591366769419
0.828125,0.84375,0.05602014259203526
0.84375,0.859375,0.05097078289153297
0.859375,0.875,0.04590905840614238
0.875,0.890625,0.04083619579809753
0.890625,0.90625,0.03575342420991291
0.90625,0.921875,0.030661974894567096
0.921875,0.9375,0.02556308079588273
0.9375,0.953125,0.020457976031703025
0.953125,0.96875,0.015347895165187187
0.96875,0.984375,0.010234071938763759
0.984375,1.0,0.005117736299584098
0.0,0.0,0.2759131800629236
0.015625,0.015625,0.2731009379262267
0.03125,0.03125,0.27022344938588405
0.046875,0.046875,0.26728050167514317
0.0625,0.0625,0.26427269692578276
0.078125,0.078125,0.2612007313073787
0.09375,0.09375,0.2580653376989111
0.109375,0.109375,0.25486727245803203
0.125,0.125,0.2516073108609169
0.140625,0.140625,0.24828624509746106
0.15625,0.15625,0.24490488321297865
0.171875,0.171875,0.24146404845685923
0.1875,0.1875,0.23796457882536762
0.203125,0.203125,0.23440732670423084
0.21875,0.21875,0.23079315856530008
0.234375,0.234375,0.22712295469355673
0.25,0.25,0.22339760893143745
0.265625,0.265625,0.21961802843300018
0.28125,0.28125,0.21578513342347405
0.296875,0.296875,0.2118998569614531
0.3125,0.3125,0.20796314470200888
0.328125,0.328125,0.20397595465961213
0.34375,0.34375,0.19993925697014037
0.359375,0.359375,0.19585403365149817
0.375,0.375,0.191721278362538
0.390625,0.390625,0.18754199616007905
0.40625,0.40625,0.1833172032538964
0.421875,0.421875,0.17904792675960454
0.4375,0.4375,0.1747352044493953
0.453125,0.453125,0.170380084500615
0.46875,0.46875,0.16598362524218335
0.484375,0.484375,0.16154689489887117
0.5,0.5,0.15707097133345882
0.515625,0.515625,0.15255694178680573
0.53125,0.53125,0.14800590261586127
0.546875,0.546875,0.14341895902965385
0.5625,0.5625,0.1387972248232891
0.578125,0.578125,0.13414182210999376
0.59375,0.59375,0.12945388105123498
0.609375,0.609375,0.12473453958494879
0.625,0.625,0.11998494315190489
0.640625,0.640625,0.11520624442023432
0.65625,0.65625,0.11039960300814092
0.671875,0.671875,0.10556618520481391
0.6875,0.6875,0.10070716368954796
0.703125,0.703125,0.09582371724906744
0.71875,0.71875,0.09091703049303161
0.734375,0.734375,0.08598829356767504
0.75,0.75,0.08103870186749855
0.765625,0.765625,0.07606945574487141
0.78125,0.78125,0.07108176021732532
0.796875,0.796875,0.0660768246721968
0.8125,0.8125,0.06105586256808344
0.828125,0.828125,0.05602009113227457
0.84375,0.84375,0.0509707310528157
0.859375,0.859375,0.04590900616300727
0.875,0.875,0.04083614311460065
0.890625,0.890625,0.03575337103304004
0.90625,0.90625,0.030661921142190497
0.921875,0.921875,0.02556302633293921
0.9375,0.9375,0.020457920617828945
0.953125,0.953125,0.015347838321227755
0.96875,0.96875,0.010234012520977595
0.984375,0.984375,0.005117670497005391
1.0,1.0,0.0
0.015625,0.0,0.27310123607286224
0.03125,0.015625,0.27022357524138285
0.046875,0.03125,0.2672805668652363
0.0625,0.046875,0.2642727307423848
0.078125,0.0625,0.2612007459764044
0.09375,0.078125,0.25806533953115784
0.109375,0.09375,0.2548672651375354
0.125,0.109375,0.25160729671963616
0.140625,0.125,0.2482862256997915
0.15625,0.140625,0.244904859656157
0.171875,0.15625,0.24146402153856306
0.1875,0.171875,0.23796454914316578
0.203125,0.1875,0.2344072947174826
0.21875,0.203125,0.23079312463517596
0.234375,0.21875,0.22712291910972393
0.25,0.234375,0.2233975719303132
0.265625,0.25,0.21961799021050402
0.28125,0.265625,0.21578509414409988
0.296875,0.28125,0.21189981676482214
0.3125,0.296875,0.20796310370766827
0.328125,0.3125,0.20397591297059262
0.34375,0.328125,0.1999392146756284
0.359375,0.34375,0.19585399082886795
0.375,0.359375,0.19172123507892272
0.390625,0.375,0.18754195247360786
0.40625,0.390625,0.18331715921469297
0.421875,0.40625,0.1790478824106136
0.4375,0.421875,0.1747351598270905
0.453125,0.4375,0.17038003963562304
0.46875,0.453125,0.16598358015985276
0.484375,0.46875,0.16154684961980187
0.5,0.484375,0.15707092587400615
0.515625,0.5,0.15255689615956478
0.53125,0.515625,0.14800585683013598
0.546875,0.53125,0.14341891309191002
0.5625,0.546875,0.13879717873759279
0.578125,0.5625,0.1341417758784313
0.59375,0.578125,0.1294538346743151
0.609375,0.59375,0.1247344930619835
0.625,0.609375,0.11998489648137031
0.640625,0.625,0.11520619760011058
0.65625,0.640625,0.11039955603623461
0.671875,0.65625,0.10556613807906504
0.6875,0.671875,0.10070711640832741
0.703125,0.6875,0.09582366981147102
0.71875,0.703125,0.09091698289918115
0.734375,0.71875,0.08598824581903775
0.75,0.734375,0.08103865396724208
0.765625,0.75,0.07606940769827722
0.78125,0.765625,0.07108171203229423
0.796875,0.78125,0.06607677635989415
0.8125,0.796875,0.06105581414380059
0.828125,0.8125,0.056020042616626374
0.84375,0.828125,0.05097068247347579
0.859375,0.84375,0.045908957557334276
0.875,0.859375,0.04083609453380776
0.890625,0.875,0.0357533225491925
0.90625,0.890625,0.030661872860758003
0.921875,0.90625,0.025562978417276602
0.9375,0.921875,0.02045787334243495
0.953125,0.9375,0.015347792206528993
0.96875,0.953125,0.010233968761173435
0.984375,0.96875,0.005117632966350328
1.0,0.984375,0.0
0.03125,0.0,0.2702236342745396
0.046875,0.015625,0.2672806132298754
0.0625,0.03125,0.26427275669552774
0.078125,0.046875,0.2612007564596207
0.09375,0.0625,0.25806533868447623
0.109375,0.078125,0.25486725583782255
0.125,0.09375,0.2516072809550212
0.140625,0.109375,0.24828620487444314
0.15625,0.125,0.2449048347879186
0.171875,0.140625,0.24146399338413324
0.1875,0.15625,0.23796451827849424
0.203125,0.171875,0.234407261590551
0.21875,0.1875,0.23079308960143685
0.234375,0.203125,0.22712288245639503
0.25,0.21875,0.22339753389334338
0.265625,0.234375,0.21961795098661532
0.28125,0.25,0.21578505389945513
0.296875,0.265625,0.21189977564134257
0.3125,0.28125,0.20796306182768667
0.328125,0.296875,0.203975870440316
0.34375,0.3125,0.19993917158773827
0.359375,0.328125,0.19585394726449523
0.375,0.34375,0.19172119110916402
0.390625,0.359375,0.18754190816071015
0.40625,0.375,0.18331711461299574
0.421875,0.390625,0.17904783756732168
0.4375,0.40625,0.17473511478292444
0.453125,0.421875,0.17037999442538915
0.46875,0.4375,0.1659835348129596
0.484375,0.453125,0.16154680416074482
0.5,0.46875,0.1570708803228328
0.515625,0.484375,0.15255685053233198
0.53125,0.5,0.14800581113936306
0.546875,0.515625,0.14341886734703158
0.5625,0.53125,0.13879713294541046
0.578125,0.546875,0.13414173004356494
0.59375,0.5625,0.1294537887996519
0.609375,0.578125,0.12473444714912463
0.625,0.59375,0.11998485053107423
0.640625,0.609375,0.1152061516127352
0.65625,0.625,0.11039951001218028
0.671875,0.640625,0.10556609201922447
0.6875,0.65625,0.10070707031455095
0.703125,0.671875,0.09582362368705852
0.71875,0.6875,0.09091693674941831
0.734375,0.703125,0.08598819965180099
0.75,0.71875,0.08103860779370498
0.765625,0.734375,0.07606936153376756
0.78125,0.75,0.07108166589737039
0.796875,0.765625,0.06607673028174624
0.8125,0.78125,0.06105576815813391
0.828125,0.796875,0.05601999677027968
0.84375,0.8125,0.050970636828185104
0.859375,0.828125,0.04590891219534221
0.875,0.84375,0.04083604956656483
0.890625,0.859375,0.0357532781314937
0.90625,0.875,0.030661829215009585
0.921875,0.890625,0.025562935878067464
0.9375,0.90625,0.020457832445746373
0.953125,0.921875,0.015347753889733097
0.96875,0.9375,0.01023393488799036
0.984375,0.953125,0.00511760807242876
1.0,0.96875,0.0
0.046875,0.0,0.2672806030150854
0.0625,0.015625,0.2642727613098375
0.078125,0.03125,0.2612007566429664
0.09375,0.046875,0.25806533194432635
0.109375,0.0625,0.2548672426889994
0.125,0.078125,0.2516072623945493
0.140625,0.09375,0.24828618184127585
0.15625,0.109375,0.2449048080630396
0.171875,0.125,0.24146396359602285
0.1875,0.140625,0.23796448593034683
0.203125,0.15625,0.23440722708756867
0.21875,0.171875,0.23079305327329488
0.234375,0.1875,0.2271228445746025
0.25,0.203125,0.22339749468434755
0.265625,0.21875,0.21961791064161743
0.28125,0.234375,0.21578501258175242
0.296875,0.25,0.21189973349183194
0.3125,0.265625,0.20796301896900332
0.328125,0.28125,0.20397582697995606
0.34375,0.296875,0.1999391276204273
0.359375,0.3125,0.19585390287399337
0.375,0.328125,0.19172114636965287
0.390625,0.34375,0.1875418631378697
0.40625,0.359375,0.18331706936485448
0.421875,0.375,0.1790477921449441
0.4375,0.390625,0.17473506923098425
0.453125,0.40625,0.17037994878266657
0.46875,0.421875,0.1659834891127908
0.484375,0.4375,0.16154675843144595
0.5,0.453125,0.15707083458811433
0.515625,0.46875,0.1525568048117139
0.53125,0.484375,0.1480057654485985
0.546875,0.5,0.14341882169854334
0.5625,0.515625,0.138797087348742
0.578125,0.53125,0.13414168450584596
0.59375,0.546875,0.12945374332607845
0.609375,0.5625,0.12473440174345382
0.625,0.578125,0.1199848051961325
0.640625,0.59375,0.11520610635094206
0.65625,0.609375,0.11039946482609105
0.671875,0.625,0.10556604691209825
0.6875,0.640625,0.1007070252909531
0.703125,0.65625,0.09582357875351341
0.71875,0.671875,0.0909168919151332
0.734375,0.6875,0.0859881549294925
0.75,0.703125,0.08103856320057083
0.765625,0.71875,0.07606931709266682
0.78125,0.734375,0.0710816216383017
0.796875,0.75,0.06607668624375755
0.8125,0.765625,0.06105572439186458
0.828125,0.78125,0.056019953341445994
0.84375,0.796875,0.05097059382250803
0.859375,0.8125,0.04590886972574135
0.875,0.828125,0.040836007784038716
0.890625,0.84375,0.035753237242246994
0.90625,0.859375,0.030661789508701638
0.921875,0.875,0.025562897777074704
0.9375,0.890625,0.02045779659714182
0.953125,0.90625,0.01534772135238332
0.96875,0.921875,0.010233907557357728
0.984375,0.9375,0.005117589792826129
1.0,0.953125,0.0
0.0625,0.0,0.2642727260862309
0.078125,0.015625,0.261200738003959
0.09375,0.03125,0.25806531487913337
0.109375,0.046875,0.2548672231576388
0.125,0.0625,0.2516072394793046
0.140625,0.078125,0.24828615558270356
0.15625,0.09375,0.24490477878384465
0.171875,0.109375,0.24146393167521155
0.1875,0.125,0.23796445172812067
0.203125,0.140625,0.23440719092371923
0.21875,0.15625,0.23079301542479783
0.234375,0.171875,0.22712280527966064
0.25,0.1875,0.22339745414805048
0.265625,0.203125,0.21961786904143765
0.28125,0.21875,0.2157849700722999
0.296875,0.234375,0.21189969020875815
0.3125,0.25,0.2079629750321237
0.328125,0.265625,0.2039757824957087
0.34375,0.28125,0.1999390826837914
0.359375,0.296875,0.19585385756997895
0.375,0.3125,0.1917211007744567
0.390625,0.328125,0.1875418173197748
0.40625,0.34375,0.18331702338493736
0.421875,0.359375,0.17904774605764137
0.4375,0.375,0.17473502308456026
0.453125,0.390625,0.17037990261961594
0.46875,0.40625,0.16598344297020293
0.484375,0.421875,0.16154671234135282
0.5,0.4375,0.15707078857783824
0.515625,0.453125,0.15255675890422593
0.53125,0.46875,0.1480057196628982
0.546875,0.484375,0.14341877605006398
0.5625,0.5,0.13879704184978475
0.578125,0.515625,0.13414163916604463
0.59375,0.53125,0.1294536981528949
0.609375,0.546875,0.1247343567427028
0.625,0.5625,0.11998476037253829
0.640625,0.578125,0.11520606170872562
0.65625,0.59375,0.11039942036959256
0.671875,0.609375,0.10556600264644035
0.6875,0.625,0.10070698122275523
0.703125,0.640625,0.09582353489167329
0.71875,0.65625,0.09091684827169862
0.734375,0.671875,0.08598811152065705
0.75,0.6875,0.08103852004784187
0.765625,0.703125,0.0760692742242738
0.78125,0.71875,0.07108157909094427
0.796875,0.734375,0.06607664406483708
0.8125,0.75,0.061055682642413435
0.828125,0.765625,0.05601991210008117
0.84375,0.78125,0.05097055319091777
0.859375,0.796875,0.04590882983652572
0.875,0.8125,0.040835968812270106
0.890625,0.828125,0.03575319942311732
0.90625,0.84375,0.030661753165542267
0.921875,0.859375,0.025562863367920203
0.9375,0.875,0.02045776479636537
0.953125,0.890625,0.015347693203175425
0.96875,0.90625,0.010233884778379628
0.984375,0.921875,0.005117575445699322
1.0,0.9375,0.0
0.078125,0.0,0.2612006913255413
0.09375,0.015625,0.25806528220786895
0.109375,0.03125,0.25486719412830183
0.125,0.046875,0.25160721027614547
0.140625,0.0625,0.24828612483904366
0.15625,0.078125,0.24490474609260954
0.171875,0.09375,0.24146389701427182
0.1875,0.109375,0.2379644152260652
0.203125,0.125,0.23440715276099275
0.21875,0.140625,0.2307929757916384
0.234375,0.15625,0.22712276435878065
0.25,0.171875,0.22339741210830005
0.265625,0.1875,0.21961782603631408
0.28125,0.203125,0.21578492624050058
0.296875,0.21875,0.21189964567548505
0.3125,0.234375,0.2079629299105508
0.328125,0.25,0.2039757368883608
0.34375,0.265625,0.19993903668373716
0.359375,0.28125,0.19585381126181986
0.375,0.296875,0.19172105423512395
0.390625,0.3125,0.18754177061916286
0.40625,0.328125,0.18331697658640556
0.421875,0.34375,0.17904769921841296
0.4375,0.359375,0.17473497625605156
0.453125,0.375,0.17037985584771753
0.46875,0.390625,0.16598339629553827
0.484375,0.40625,0.16154666579953122
0.5,0.421875,0.1570707421997185
0.515625,0.4375,0.15255671271620413
0.53125,0.453125,0.14800567368722714
0.546875,0.46875,0.14341873030521168
0.5625,0.484375,0.13879699635083656
0.578125,0.5,0.1341415939251511
0.59375,0.515625,0.1294536531797658
0.609375,0.53125,0.12473431204514732
0.625,0.546875,0.11998471595705221
0.640625,0.5625,0.11520601758112542
0.65625,0.578125,0.110399376535699
0.671875,0.59375,0.10556595911281735
0.6875,0.609375,0.1007069379975136
0.703125,0.625,0.09582349198535405
0.71875,0.640625,0.0909168056982597
0.734375,0.65625,0.08598806929859702
0.75,0.671875,0.08103847820150868
0.765625,0.6875,0.07606923278542893
0.78125,0.703125,0.07108153810068049
0.796875,0.71875,0.0660766035759936
0.8125,0.734375,0.061055642722698165
0.828125,0.75,0.05601987283621377
0.84375,0.765625,0.05097051469427166
0.859375,0.78125,0.045908792251018626
0.875,0.796875,0.04083593232571188
0.890625,0.8125,0.03575316428402723
0.90625,0.828125,0.030661719708908658
0.921875,0.84375,0.025562832056137928
0.9375,0.859375,0.020457736287031007
0.953125,0.875,0.015347668466571629
0.96875,0.890625,0.010233865310791058
0.984375,0.90625,0.00511756367073394
1.0,0.921875,0.0
0.09375,0.0,0.25806522907661017
0.109375,0.015625,0.2548671522863049
0.125,0.03125,0.2516071726038538
0.140625,0.046875,0.2482860881518165
0.15625,0.0625,0.24490470898592487
0.171875,0.078125,0.24146385890120847
0.1875,0.09375,0.23796437590332375
0.203125,0.109375,0.23440711220698518
0.21875,0.125,0.23079293406968948
0.234375,0.140625,0.22712272156969926
0.25,0.15625,0.22339736836689914
0.265625,0.171875,0.21961778145984287
0.28125,0.1875,0.21578488094309586
0.296875,0.203125,0.21189959976568093
0.3125,0.21875,0.20796288349032627
0.328125,0.234375,0.20397569005293667
0.34375,0.25,0.1999389895217112
0.359375,0.265625,0.195853763855428
0.375,0.28125,0.19172100666052486
0.390625,0.296875,0.18754172294669672
0.40625,0.3125,0.18331692888081308
0.421875,0.328125,0.17904765153901395
0.4375,0.34375,0.17473492865689289
0.453125,0.359375,0.1703798083777034
0.46875,0.375,0.16598334899855718
0.484375,0.390625,0.16154661871459416
0.5,0.40625,0.1570706953611213
0.515625,0.421875,0.15255666615372568
0.53125,0.4375,0.14800562742637316
0.546875,0.453125,0.143418684367511
0.5625,0.46875,0.13879695075419532
0.578125,0.484375,0.13414154868426698
0.59375,0.5,0.12945360830660507
0.609375,0.515625,0.12473426754948491
0.625,0.53125,0.11998467184707225
0.640625,0.546875,0.11520597386408625
0.65625,0.5625,0.11039933321866133
0.671875,0.578125,0.10556591620344091
0.6875,0.59375,0.10070689550493014
0.703125,0.609375,0.09582344992113075
0.71875,0.625,0.09091676407747389
0.734375,0.640625,0.08598802814105423
0.75,0.65625,0.08103843753315133
0.765625,0.671875,0.07606919263999991
0.78125,0.6875,0.07108149852173806
0.796875,0.703125,0.06607656461941129
0.8125,0.71875,0.06105560445984541
0.828125,0.734375,0.056019835358102836
0.84375,0.75,0.05097047811709857
0.859375,0.765625,0.045908756723748716
0.875,0.78125,0.04083589804072764
0.890625,0.796875,0.03575313149246787
0.90625,0.8125,0.03066168874338769
0.921875,0.828125,0.025562803365391004
0.9375,0.84375,0.020457710490424198
0.953125,0.859375,0.015347646442558049
0.96875,0.875,0.01023384834424866
0.984375,0.890625,0.0051175536997065535
1.0,0.90625,0.0
0.109375,0.0,0.2548670949055909
0.125,0.015625,0.25160712432711396
0.140625,0.03125,0.24828604398063708
0.15625,0.046875,0.24490466636347547
0.171875,0.0625,0.24146381654037677
0.1875,0.078125,0.23796433317290264
0.203125,0.09375,0.2344070688185801
0.21875,0.109375,0.23079288991631583
0.234375,0.125,0.22712267664094007
0.25,0.140625,0.22339732270342869
0.265625,0.15625,0.2196177351286464
0.28125,0.171875,0.2157848340238059
0.296875,0.1875,0.2118995523429871
0.3125,0.203125,0.20796283564974719
0.328125,0.21875,0.2039756418784672
0.34375,0.234375,0.1999389410945164
0.359375,0.25,0.1958537152531172
0.375,0.265625,0.19172095795674207
0.390625,0.28125,0.18754167421088003
0.40625,0.296875,0.1833168801780417
0.421875,0.3125,0.17904760292990154
0.4375,0.328125,0.17473488019750788
0.453125,0.34375,0.17037976011951197
0.46875,0.359375,0.16598330098839117
0.484375,0.375,0.16154657099465117
0.5,0.390625,0.15707064796900547
0.515625,0.40625,0.15255661912253943
0.53125,0.421875,0.1480055807848676
0.546875,0.4375,0.14341863814030342
0.5625,0.453125,0.1387969049620581
0.578125,0.46875,0.13414150334449393
0.59375,0.484375,0.1294535634334542
0.609375,0.5,0.12473422315470101
0.625,0.515625,0.11998462794048766
0.640625,0.53125,0.11520593045429897
0.65625,0.546875,0.11039929031379268
0.671875,0.5625,0.10556587381197359
0.6875,0.578125,0.10070685363663372
0.703125,0.59375,0.09582340858808598
0.71875,0.609375,0.09091672329521396
0.734375,0.625,0.08598798792985231
0.75,0.640625,0.08103839791949573
0.765625,0.65625,0.0760691536583185
0.78125,0.671875,0.07108146021645717
0.796875,0.6875,0.06607652704747277
0.8125,0.703125,0.061055567693856096
0.828125,0.71875,0.05601979949036898
0.84375,0.734375,0.05097044326491353
0.859375,0.75,0.04590872303648199
0.875,0.765625,0.04083586570954416
0.890625,0.78125,0.03575310076395848
0.90625,0.796875,0.03066165993912891
0.921875,0.8125,0.025562776910672488
0.9375,0.828125,0.02045768695740736
0.953125,0.84375,0.015347626616404614
0.96875,0.859375,0.010233833325517517
0.984375,0.875,0.005117545060471722
1.0,0.890625,0.0
0.125,0.0,0.2516070638187137
0.140625,0.015625,0.24828599090792455
0.15625,0.03125,0.24490461712141307
0.171875,0.046875,0.24146376909654696
0.1875,0.0625,0.23796428640306935
0.203125,0.078125,0.23440702211254402
0.21875,0.09375,0.23079284295566313
0.234375,0.109375,0.22712262927443827
0.25,0.125,0.22339727487651237
0.265625,0.140625,0.21961768684294333
0.28125,0.15625,0.2157847853135499
0.296875,0.171875,0.21189950326106763
0.3125,0.1875,0.20796278625933992
0.328125,0.203125,0.20397559224793563
0.34375,0.21875,0.19993889129425488
0.359375,0.234375,0.1958536653535524
0.375,0.25,0.19172090802703096
0.390625,0.265625,0.18754162431802862
0.40625,0.28125,0.18331683038628013
0.421875,0.296875,0.17904755330021968
0.4375,0.3125,0.1747348307872947
0.453125,0.328125,0.17037971098227173
0.46875,0.34375,0.1659832521735209
0.484375,0.359375,0.161546522547277
0.5,0.375,0.15707059992988162
0.515625,0.390625,0.15255657152801294
0.53125,0.40625,0.14800553366691835
0.546875,0.421875,0.14341859152666467
0.5625,0.4375,0.13879685887642484
0.578125,0.453125,0.1341414578068219
0.59375,0.46875,0.12945351846035422
0.609375,0.484375,0.12473417875992715
0.625,0.5,0.11998458413552138
0.640625,0.515625,0.11520588724902649
0.65625,0.53125,0.11039924771727577
0.671875,0.546875,0.10556583183331462
0.6875,0.5625,0.10070681228593864
0.703125,0.578125,0.09582336787753336
0.71875,0.59375,0.09091668324024617
0.734375,0.609375,0.08598794855051183
0.75,0.625,0.08103835924194458
0.765625,0.640625,0.07606911571659379
0.78125,0.65625,0.07108142305453938
0.796875,0.671875,0.06607649072177496
0.8125,0.6875,0.061055532276286996
0.828125,0.703125,0.0560197650721867
0.84375,0.71875,0.050970409961680826
0.859375,0.734375,0.04590869099457309
0.875,0.75,0.040835835114865444
0.890625,0.765625,0.0357530718538694
0.90625,0.78125,0.030661633019052288
0.921875,0.796875,0.02556275237766131
0.9375,0.8125,0.020457665334115693
0.953125,0.828125,0.015347608600584397
0.96875,0.84375,0.01023381986205494
0.984375,0.859375,0.00511753744311933
1.0,0.875,0.0
0.140625,0.0,0.2482859279091646
0.15625,0.015625,0.24490456029000574
0.171875,0.03125,0.24146371576505363
0.1875,0.046875,0.23796423495375413
0.203125,0.0625,0.2344069715848233
0.21875,0.078125,0.23079279278908985
0.234375,0.09375,0.22712257915126932
0.25,0.109375,0.22339722462700248
0.265625,0.125,0.21961763638833404
0.28125,0.140625,0.2157847346314507
0.296875,0.15625,0.21189945236417712
0.3125,0.171875,0.20796273518218236
0.328125,0.1875,0.20397554103846385
0.34375,0.203125,0.1999388400084395
0.359375,0.21875,0.1958536140518224
0.375,0.234375,0.19172085677187187
0.390625,0.25,0.187541573172312
0.40625,0.265625,0.1833167794120594
0.421875,0.28125,0.17904750255782914
0.4375,0.296875,0.1747347803346511
0.453125,0.3125,0.17037966087431888
0.46875,0.328125,0.16598320246178372
0.484375,0.34375,0.1615464732795084
0.5,0.359375,0.15707055114979415
0.515625,0.375,0.15255652327509853
0.53125,0.390625,0.14800548597635826
0.546875,0.40625,0.1434185444293358
0.5625,0.421875,0.1387968123990088
0.578125,0.4375,0.13414141197202134
0.59375,0.453125,0.1294534732872193
0.609375,0.46875,0.12473413426429479
0.625,0.484375,0.1199845403305653
0.640625,0.5,0.11520584414591883
0.65625,0.515625,0.11039920532595661
0.671875,0.53125,0.10556579016336959
0.6875,0.546875,0.10070677134758554
0.703125,0.5625,0.09582332768272327
0.71875,0.578125,0.0909166438038895
0.734375,0.59375,0.08598790989184954
0.75,0.609375,0.08103832138609456
0.765625,0.625,0.07606907869631847
0.78125,0.640625,0.07108138691230036
0.796875,0.65625,0.06607645551216766
0.8125,0.671875,0.06105549806898635
0.828125,0.6875,0.05601973195558662
0.84375,0.703125,0.05097037804748489
0.859375,0.71875,0.045908660423701134
0.875,0.734375,0.04083580606519643
0.890625,0.75,0.03575304455057074
0.90625,0.765625,0.030661607748581465
0.921875,0.78125,0.025562729507011273
0.9375,0.796875,0.020457645337543715
0.953125,0.8125,0.015347592096872507
0.96875,0.828125,0.010233807665937747
0.984375,0.84375,0.005117530633458709
1.0,0.859375,0.0
0.15625,0.0,0.24490449519429935
0.171875,0.015625,0.24146365586360743
0.1875,0.03125,0.23796417822787647
0.203125,0.046875,0.23440691673935235
0.21875,0.0625,0.23079273901154748
0.234375,0.078125,0.2271225259411096
0.25,0.09375,0.22339717168352968
0.265625,0.109375,0.21961758353910696
0.28125,0.125,0.21578468178683521
0.296875,0.140625,0.21189939948838996
0.3125,0.15625,0.20796268227467496
0.328125,0.171875,0.20397548812180805
0.34375,0.1875,0.19993878712032367
0.359375,0.203125,0.1958535612396686
0.375,0.21875,0.1917208040891375
0.390625,0.234375,0.18754152067588276
0.40625,0.25,0.18331672716035746
0.421875,0.265625,0.17904745060939467
0.4375,0.28125,0.17473472874704604
0.453125,0.296875,0.17037960970325525
0.46875,0.3125,0.16598315176041845
0.484375,0.328125,0.16154642309787123
0.5,0.34375,0.15707050153433097
0.515625,0.359375,0.1525564742683234
0.53125,0.375,0.14800543761661436
0.546875,0.390625,0.14341849675066945
0.5625,0.40625,0.1387967654311612
0.578125,0.421875,0.1341413657405434
0.59375,0.4375,0.12945342781371416
0.609375,0.453125,0.12473408956678943
0.625,0.46875,0.11998449642401135
0.640625,0.484375,0.11520580104282149
0.65625,0.5,0.11039916303712878
0.671875,0.515625,0.10556574869880839
0.6875,0.53125,0.10070673071746998
0.703125,0.546875,0.09582328789853505
0.71875,0.5625,0.09091660487966359
0.734375,0.578125,0.08598787184556825
0.75,0.59375,0.08103828424124991
0.765625,0.609375,0.0760690424836794
0.78125,0.625,0.07108135167194057
0.796875,0.640625,0.06607642129583191
0.8125,0.65625,0.06105546494290499
0.828125,0.671875,0.056019700003890414
0.84375,0.6875,0.0509703473764305
0.859375,0.703125,0.04590863116699853
0.875,0.71875,0.040835778390843964
0.890625,0.734375,0.035753018669762535
0.90625,0.75,0.030661583927473073
0.921875,0.765625,0.02556270808242597
0.9375,0.78125,0.020457626738065903
0.953125,0.796875,0.015347576871125774
0.96875,0.8125,0.01023379651987182
0.984375,0.828125,0.005117524477228286
1.0,0.84375,0.0
0.171875,0.0,0.24146358893018252
0.1875,0.015625,0.23796411573288098
0.203125,0.03125,0.2344068571252571
0.21875,0.046875,0.23079268123390223
0.234375,0.0625,0.22712246931570018
0.25,0.078125,0.2233971157707118
0.265625,0.09375,0.21961752806331042
0.28125,0.109375,0.21578462658241532
0.296875,0.125,0.2118993444636285
0.3125,0.140625,0.20796262738785815
0.328125,0.15625,0.20397543336523402
0.34375,0.171875,0.19993873250949878
0.359375,0.1875,0.19585350680590732
0.375,0.203125,0.19172074987440285
0.390625,0.21875,0.18754146672911348
0.40625,0.234375,0.18331667353478673
0.421875,0.25,0.17904739736053812
0.4375,0.265625,0.17473467593114744
0.453125,0.28125,0.17037955737605345
0.46875,0.296875,0.16598309997614835
0.484375,0.3125,0.1615463719084442
0.5,0.328125,0.15707045098866523
0.515625,0.34375,0.15255642441180783
0.53125,0.359375,0.14800538849070138
0.546875,0.375,0.14341844839259743
0.5625,0.390625,0.1387967178738107
0.578125,0.40625,0.1341413190124327
0.59375,0.421875,0.12945338193913894
0.609375,0.4375,0.12473404456610886
0.625,0.453125,0.11998445231408265
0.640625,0.46875,0.11520575783758005
0.65625,0.484375,0.11039912074831133
0.671875,0.5,0.10556570733681506
0.6875,0.515625,0.10070669029236096
0.703125,0.53125,0.09582324842116043
0.71875,0.546875,0.09091656636292857
0.734375,0.5625,0.08598783430584246
0.75,0.578125,0.08103824769993753
0.765625,0.59375,0.07606900696897963
0.78125,0.609375,0.07108131722084236
0.796875,0.625,0.06607638795640736
0.8125,0.640625,0.06105543277699149
0.828125,0.65625,0.05601966909028566
0.84375,0.671875,0.05097031781477079
0.859375,0.6875,0.045908603082551014
0.875,0.703125,0.040835751940525904
0.890625,0.71875,0.03575299404981095
0.90625,0.734375,0.030661561383330156
0.921875,0.75,0.025562687921582877
0.9375,0.765625,0.020457609346793273
0.953125,0.78125,0.015347562736137391
0.96875,0.796875,0.010233786255777136
0.984375,0.8125,0.0051175188595306235
1.0,0.828125,0.0
0.1875,0.0,0.23796404714201888
0.203125,0.015625,0.23440679237856468
0.21875,0.03125,0.23079261910989576
0.234375,0.046875,0.2271224089659822
0.25,0.0625,0.22339705662003032
0.265625,0.078125,0.21961746972969967
0.28125,0.09375,0.21578456881877114
0.296875,0.109375,0.2118992871165959
0.3125,0.125,0.2079625703693615
0.328125,0.140625,0.20397537663283757
0.34375,0.15625,0.19993867605281
0.359375,0.171875,0.1958534506370811
0.375,0.1875,0.19172069402142375
0.390625,0.203125,0.1875414112309603
0.40625,0.21875,0.18331661843788058
0.421875,0.234375,0.17904734271606998
0.4375,0.25,0.17473462179301286
0.453125,0.265625,0.17037950379921643
0.46875,0.28125,0.1659830470153135
0.484375,0.296875,0.16154631961696395
0.5,0.3125,0.15707039941763384
0.515625,0.328125,0.1525563736093166
0.53125,0.34375,0.148005338501244
0.546875,0.359375,0.1434183992566228
0.5625,0.375,0.13879666962742504
0.578125,0.390625,0.134141271687257
0.59375,0.40625,0.12945333556232672
0.609375,0.421875,0.12473399916052903
0.625,0.4375,0.11998440789866875
0.640625,0.453125,0.11520571442784482
0.65625,0.46875,0.1103990783570233
0.671875,0.484375,0.10556566597483198
0.6875,0.5,0.10070664996961325
0.703125,0.515625,0.09582320914777999
0.71875,0.53125,0.0909165281505205
0.734375,0.546875,0.08598779716890297
0.75,0.5625,0.08103821165742753
0.765625,0.578125,0.07606897204607548
0.78125,0.59375,0.07108128345089676
0.796875,0.609375,0.06607635538317191
0.8125,0.625,0.061055401457172975
0.828125,0.640625,0.056019639096536636
0.84375,0.65625,0.05097028923924954
0.859375,0.671875,0.04590857604123311
0.875,0.6875,0.040835726578507515
0.890625,0.703125,0.03575297054791899
0.90625,0.71875,0.03066153996644597
0.921875,0.734375,0.025562668869185488
0.9375,0.75,0.02045759300631543
0.953125,0.765625,0.015347549539728635
0.96875,0.78125,0.010233776740818195
0.984375,0.796875,0.00511751369235783
1.0,0.8125,0.0
0.203125,0.0,0.2344067222616163
0.21875,0.015625,0.23079255236482063
0.234375,0.03125,0.22712234462172887
0.25,0.046875,0.22339699398295135
0.265625,0.0625,0.21961740831644647
0.28125,0.078125,0.21578450830014595
0.296875,0.09375,0.21189922727466118
0.3125,0.109375,0.20796251106603914
0.328125,0.125,0.20397531778735925
0.34375,0.140625,0.19993861762562862
0.359375,0.15625,0.1958533926183729
0.375,0.171875,0.19172063642280968
0.390625,0.1875,0.1875413540794727
0.40625,0.203125,0.18331656177149147
0.421875,0.21875,0.17904728658030994
0.4375,0.234375,0.17473456623835387
0.453125,0.25,0.17037944887899678
0.46875,0.265625,0.1659829927840544
0.484375,0.28125,0.1615462661289768
0.5,0.296875,0.15707034672585804
0.515625,0.3125,0.15255632176434747
0.53125,0.328125,0.14800528755053297
0.546875,0.34375,0.14341834924384203
0.5625,0.359375,0.13879662059199752
0.578125,0.375,0.13414122366405717
0.59375,0.390625,0.1294532885815577
0.609375,0.40625,0.12473395324778194
0.625,0.421875,0.11998436307516794
0.640625,0.4375,0.11520567071087892
0.65625,0.453125,0.11039903576055858
0.671875,0.46875,0.10556562451030173
0.6875,0.484375,0.10070660964687557
0.703125,0.5,0.09582316997623572
0.71875,0.515625,0.09091649014038376
0.734375,0.53125,0.0859877603326223
0.75,0.546875,0.08103817601126072
0.765625,0.5625,0.07606893761183026
0.78125,0.578125,0.0710812502578612
0.796875,0.59375,0.06607632347027266
0.8125,0.609375,0.06105537087541813
0.828125,0.625,0.056019609911822345
0.84375,0.640625,0.050970261535637065
0.859375,0.65625,0.0459085499248382
0.875,0.671875,0.04083570218218545
0.890625,0.6875,0.03575294803697969
0.90625,0.703125,0.030661519545689714
0.921875,0.71875,0.025562650791604018
0.9375,0.734375,0.020457577583832737
0.953125,0.75,0.015347537156306488
0.96875,0.765625,0.010233767868004957
0.984375,0.78125,0.0051175089066759615
1.0,0.796875,0.0
0.21875,0.0,0.2307924808215252
0.234375,0.015625,0.22712227607156477
0.25,0.03125,0.22339692764533076
0.265625,0.046875,0.2196173436212023
0.28125,0.0625,0.21578444484139758
0.296875,0.078125,0.2118991647706562
0.3125,0.09375,0.2079624493272975
0.328125,0.109375,0.20397525669251634
0.34375,0.125,0.19993855710350986
0.359375,0.140625,0.1958533326348041
0.375,0.15625,0.19172057697091094
0.390625,0.171875,0.18754129517246731
0.40625,0.1875,0.18331650343731612
0.421875,0.203125,0.179047228857507
0.4375,0.21875,0.17473450917288028
0.453125,0.234375,0.17037939252168566
0.46875,0.25,0.16598293718855409
0.484375,0.265625,0.16154621135004157
0.5,0.28125,0.15707029281791002
0.515625,0.296875,0.15255626878026268
0.53125,0.3125,0.14800523554061965
0.546875,0.328125,0.1434182982550011
0.5625,0.34375,0.1387965706670638
0.578125,0.359375,0.13414117484132396
0.59375,0.375,0.12945324089449417
0.609375,0.390625,0.12473390672494954
0.625,0.40625,0.11998431774034135
0.640625,0.421875,0.11520562658337387
0.65625,0.4375,0.1103989928557637
0.671875,0.453125,0.10556558284040847
0.6875,0.46875,0.1007065692217969
0.703125,0.484375,0.09582313080470123
0.71875,0.5,0.0909164522312024
0.734375,0.515625,0.08598772369610214
0.75,0.53125,0.08103814066078356
0.765625,0.546875,0.0760689035655845
0.78125,0.5625,0.07108121754074698
0.796875,0.578125,0.06607629211600592
0.8125,0.59375,0.06105534092887586
0.828125,0.609375,0.05601958143168937
0.84375,0.625,0.05097023459743786
0.859375,0.640625,0.04590852462446242
0.875,0.65625,0.04083567864004695
0.890625,0.671875,0.03575292640298216
0.90625,0.6875,0.030661500005206423
0.921875,0.703125,0.02556263357270531
0.9375,0.71875,0.020457562965994144
0.953125,0.734375,0.015347525480761974
0.96875,0.75,0.010233759549693194
0.984375,0.765625,0.005117504447208471
1.0,0.78125,0.0
0.234375,0.0,0.22712220318053716
0.25,0.015625,0.22339685744160975
0.265625,0.03125,0.2196172754717661
0.28125,0.046875,0.2157843782757482
0.296875,0.0625,0.21189909944842328
0.3125,0.078125,0.20796238500905254
0.328125,0.09375,0.2039751932158352
0.34375,0.109375,0.1999384943642375
0.359375,0.125,0.19585327057273197
0.375,0.140625,0.19172051555893255
0.390625,0.15625,0.1875412344083748
0.40625,0.171875,0.18331644333755545
0.421875,0.1875,0.1790471694523684
0.4375,0.203125,0.17473445050273304
0.453125,0.21875,0.17037933463397364
0.46875,0.234375,0.16598288013534482
0.484375,0.25,0.16154615518598875
0.5,0.265625,0.15707023759853067
0.515625,0.28125,0.1525562145604662
0.53125,0.296875,0.1480051823734531
0.546875,0.3125,0.14341824619059174
0.5625,0.328125,0.13879651975175417
0.578125,0.34375,0.13414112511700477
0.59375,0.359375,0.12945319239814188
0.609375,0.375,0.12473385948837913
0.625,0.390625,0.11998427179018271
0.640625,0.40625,0.11520558194127503
0.65625,0.421875,0.11039894953882204
0.671875,0.4375,0.105565540861823
0.6875,0.453125,0.10070652859173233
0.703125,0.46875,0.09582309153135017
0.71875,0.484375,0.09091641432203036
0.734375,0.5,0.08598768715926222
0.75,0.515625,0.08103810550669001
0.765625,0.53125,0.07606886980864085
0.78125,0.546875,0.07108118520123333
0.796875,0.5625,0.06607626122214094
0.8125,0.578125,0.06105531151908195
0.828125,0.59375,0.05601955355710633
0.84375,0.609375,0.05097020832474702
0.859375,0.625,0.04590850003910478
0.875,0.640625,0.04083565584994008
0.890625,0.65625,0.035752905542863936
0.90625,0.671875,0.030661481241752525
0.921875,0.6875,0.025562617110578462
0.9375,0.703125,0.020457549054966353
0.953125,0.71875,0.015347514423980491
0.96875,0.734375,0.010233751712979118
0.984375,0.75,0.005117500268885889
1.0,0.765625,0.0
0.25,0.0,0.22339678326694928
0.265625,0.015625,0.21961720373630475
0.28125,0.03125,0.21578430846276414
0.296875,0.046875,0.2118990311688195
0.3125,0.0625,0.20796231797816883
0.328125,0.078125,0.20397512723191397
0.34375,0.09375,0.19993842929022806
0.359375,0.109375,0.19585320632163394
0.375,0.125,0.1917204520822774
0.390625,0.140625,0.18754117168726805
0.40625,0.15625,0.18331638137571885
0.421875,0.171875,0.1790471082707012
0.4375,0.1875,0.17473439013501094
0.453125,0.203125,0.17037927512339077
0.46875,0.21875,0.16598282153168084
0.484375,0.234375,0.16154609754324098
0.5,0.25,0.15707018097290185
0.515625,0.265625,0.15255615900863176
0.53125,0.28125,0.1480051279510644
0.546875,0.296875,0.1434181929509893
0.5625,0.3125,0.13879646774488505
0.578125,0.328125,0.13414107438854622
0.59375,0.34375,0.12945314298884164
0.609375,0.359375,0.12473381143362412
0.625,0.375,0.11998422511980837
0.640625,0.390625,0.11520553667962279
0.65625,0.40625,0.11039890570504754
0.671875,0.421875,0.10556549847045162
0.6875,0.4375,0.10070648765345168
0.703125,0.453125,0.09582305205402508
0.71875,0.46875,0.09091637631192181
0.734375,0.484375,0.0859876506224311
0.75,0.5,0.08103807045056904
0.765625,0.515625,0.07606883624376183
0.78125,0.53125,0.07108115314310497
0.796875,0.546875,0.06607623069328175
0.8125,0.5625,0.061055282551225096
0.828125,0.578125,0.056019526193606325
0.84375,0.59375,0.05097018262323423
0.859375,0.609375,0.045908476074448805
0.875,0.625,0.04083563371760068
0.890625,0.640625,0.03575288536272245
0.90625,0.65625,0.030661463162528983
0.921875,0.671875,0.025562601314938718
0.9375,0.6875,0.020457535765402764
0.953125,0.703125,0.015347503909482925
0.96875,0.71875,0.010233744296364634
0.984375,0.734375,0.005117496334361531
1.0,0.75,0.0
0.265625,0.0,0.2196171283319021
0.28125,0.015625,0.21578423529582294
0.296875,0.03125,0.2118989598157471
0.3125,0.046875,0.20796224811714245
0.328125,0.0625,0.20397505862599044
0.34375,0.078125,0.19993836177122787
0.359375,0.09375,0.19585313977615004
0.375,0.109375,0.1917203864401034
0.390625,0.125,0.18754110691206521
0.40625,0.140625,0.18331631745756916
0.421875,0.15625,0.17904704522017179
0.4375,0.171875,0.17473432797839214
0.453125,0.1875,0.17037921389882824
0.46875,0.203125,0.16598276128598297
0.484375,0.21875,0.16154603832919498
0.5,0.234375,0.15707012284697658
0.515625,0.25,0.15255610202898534
0.53125,0.265625,0.1480050721758015
0.546875,0.28125,0.14341813843664053
0.5625,0.296875,0.13879641454509575
0.578125,0.3125,0.13414102255297805
0.59375,0.328125,0.12945309256229803
0.609375,0.34375,0.12473376245541579
0.625,0.359375,0.11998417762337282
0.640625,0.375,0.11520549069241247
0.65625,0.390625,0.11039886124869222
0.671875,0.40625,0.10556545556119445
0.6875,0.421875,0.1007064463028513
0.703125,0.4375,0.09582301226990737
0.71875,0.453125,0.09091633809956122
0.734375,0.46875,0.08598761398593745
0.75,0.484375,0.08103803539445617
0.765625,0.5,0.07606880277467769
0.78125,0.515625,0.07108112127170865
0.796875,0.53125,0.06607620043626158
0.8125,0.546875,0.06105525393346273
0.828125,0.5625,0.05601949925050393
0.84375,0.578125,0.05097015740323524
0.859375,0.59375,0.04590845264179632
0.875,0.609375,0.040835612155389805
0.890625,0.625,0.035752865776315285
0.90625,0.640625,0.030661445683404807
0.921875,0.65625,0.025562586105049103
0.9375,0.671875,0.020457523022077356
0.953125,0.6875,0.015347493870873452
0.96875,0.703125,0.0102337372472951
0.984375,0.71875,0.005117492612230568
1.0,0.734375,0.0
0.28125,0.0,0.21578415870824902
0.296875,0.015625,0.21189888530168785
0.3125,0.03125,0.207962175328709
0.328125,0.046875,0.20397498729762384
0.34375,0.0625,0.199938291707196
0.359375,0.078125,0.19585307083832085
0.375,0.09375,0.1917203185370628
0.390625,0.109375,0.18754103998989113
0.40625,0.125,0.18331625149220296
0.421875,0.140625,0.17904698021117724
0.4375,0.15625,0.174734263943852
0.453125,0.171875,0.17037915087114064
0.46875,0.1875,0.16598269930835471
0.484375,0.203125,0.1615459774526692
0.5,0.21875,0.15707006312786945
0.515625,0.234375,0.15255604352664334
0.53125,0.25,0.1480050149506187
0.546875,0.265625,0.14341808254830227
0.5625,0.28125,0.13879636005103405
0.578125,0.296875,0.13414096950704188
0.59375,0.3125,0.1294530410136493
0.609375,0.328125,0.12473371244767159
0.625,0.34375,0.1199841291940145
0.640625,0.359375,0.11520544387247904
0.65625,0.375,0.11039881606277142
0.671875,0.390625,0.10556541202771544
0.6875,0.40625,0.10070640443467314
0.703125,0.421875,0.09582297207518974
0.71875,0.4375,0.0909162995828939
0.734375,0.453125,0.0859875771497016
0.75,0.46875,0.08103800024038714
0.765625,0.484375,0.07606876930560089
0.78125,0.5,0.07108108949342444
0.796875,0.515625,0.06607617035956295
0.8125,0.53125,0.06105522557627881
0.828125,0.546875,0.056019472640174574
0.84375,0.5625,0.0509701325789332
0.859375,0.578125,0.04590842965712611
0.875,0.59375,0.040835591081203514
0.890625,0.609375,0.035752846703792356
0.90625,0.625,0.030661428727447756
0.921875,0.640625,0.025562571408039594
0.9375,0.65625,0.0204575107580153
0.953125,0.671875,0.015347484249872013
0.96875,0.6875,0.010233730520308806
0.984375,0.703125,0.005117489075725742
1.0,0.71875,0.0
0.296875,0.0,0.21189880757218013
0.3125,0.015625,0.207962099539999
0.328125,0.03125,0.20397491316425168
0.34375,0.046875,0.19993821901122305
0.359375,0.0625,0.19585299941993295
0.375,0.078125,0.1917202482851705
0.390625,0.09375,0.18754097083356688
0.40625,0.109375,0.1833161833932466
0.421875,0.125,0.1790469131578191
0.4375,0.140625,0.17473419794547004
0.453125,0.15625,0.17037908595382772
0.46875,0.171875,0.1659826355111678
0.484375,0.1875,0.16154591482441516
0.5,0.203125,0.15707000172430696
0.515625,0.21875,0.1525559834080103
0.53125,0.234375,0.14800495617942255
0.546875,0.25,0.143418025187335
0.5625,0.265625,0.1387963041615956
0.578125,0.28125,0.1341409151473721
0.59375,0.296875,0.12945298823758422
0.609375,0.3125,0.12473366130354638
0.625,0.328125,0.11998407972383855
0.640625,0.34375,0.11520539611141134
0.65625,0.359375,0.11039877003891208
0.671875,0.375,0.10556536776222757
0.6875,0.390625,0.10070636194223288
0.703125,0.40625,0.09582293136475294
0.71875,0.421875,0.09091626065875702
0.734375,0.4375,0.08598754001282605
0.75,0.453125,0.08103796488995148
0.765625,0.46875,0.07606873574074405
0.78125,0.484375,0.0710810577151467
0.796875,0.5,0.06607614037275722
0.8125,0.515625,0.061055197391874
0.828125,0.53125,0.05601944627738415
0.84375,0.546875,0.05097010806761267
0.859375,0.5625,0.04590840704025586
0.875,0.578125,0.04083557041752226
0.890625,0.59375,0.035752828070614216
0.90625,0.609375,0.03066141222369733
0.921875,0.625,0.025562557157533486
0.9375,0.640625,0.02045749891299855
0.953125,0.65625,0.015347474994776334
0.96875,0.671875,0.010233724075623419
0.984375,0.6875,0.005117485701743736
1.0,0.703125,0.0
0.3125,0.0,0.20796202070585834
0.328125,0.015625,0.20397483616435247
0.34375,0.03125,0.19993814361230794
0.359375,0.046875,0.1958529254448548
0.375,0.0625,0.1917201756057275
0.390625,0.078125,0.1875408993631803
0.40625,0.09375,0.1833161130801411
0.421875,0.109375,0.1790468439789627
0.4375,0.125,0.1747341299013154
0.453125,0.140625,0.1703790190637875
0.46875,0.15625,0.1659825698097148
0.484375,0.171875,0.1615458503576917
0.5,0.1875,0.1570699385471378
0.515625,0.203125,0.15255592158123335
0.53125,0.21875,0.14800489576747522
0.546875,0.234375,0.14341796625605513
0.5625,0.25,0.13879624677621982
0.578125,0.265625,0.1341408593707314
0.59375,0.28125,0.12945293412851283
0.609375,0.296875,0.12473360891553124
0.625,0.3125,0.11998402910394274
0.640625,0.328125,0.11520534729950263
0.65625,0.34375,0.11039872306722898
0.671875,0.359375,0.10556532265529926
0.6875,0.375,0.10070631871716113
0.703125,0.390625,0.09582289003184895
0.71875,0.40625,0.09091622122251222
0.734375,0.421875,0.08598750247318467
0.75,0.4375,0.0810379292438441
0.765625,0.453125,0.07606870198383803
0.78125,0.46875,0.07108102584376992
0.796875,0.484375,0.06607611038595693
0.8125,0.5,0.06105516929358016
0.828125,0.515625,0.05601942007865798
0.84375,0.53125,0.05097008378897301
0.859375,0.546875,0.04590838471408623
0.875,0.5625,0.040835550090573
0.890625,0.578125,0.03575280980661932
0.90625,0.59375,0.03066139610612922
0.921875,0.609375,0.025562543292512372
0.9375,0.625,0.02045748743235677
0.953125,0.640625,0.015347466059243723
0.96875,0.65625,0.010233717878039715
0.984375,0.671875,0.005117482470105625
1.0,0.6875,0.0
0.328125,0.0,0.20397475625994435
0.34375,0.015625,0.19993806545779466
0.359375,0.03125,0.19585284885122797
0.375,0.046875,0.1917201004312086
0.390625,0.0625,0.18754082550767892
0.40625,0.078125,0.18331604047947508
0.421875,0.09375,0.1790467725993559
0.4375,0.109375,0.17473405973439401
0.453125,0.125,0.17037895012212967
0.46875,0.140625,0.16598250212291926
0.484375,0.15625,0.16154578396889466
0.5,0.171875,0.15706987350989868
0.515625,0.1875,0.15255585795671403
0.53125,0.203125,0.14800483362185554
0.546875,0.21875,0.14341790565814452
0.5625,0.234375,0.13879618779524588
0.578125,0.25,0.13414080207430637
0.59375,0.265625,0.12945287858079427
0.609375,0.28125,0.12473355517560931
0.625,0.296875,0.11998397722449215
0.640625,0.3125,0.11520529732574387
0.65625,0.328125,0.1103986750362362
0.671875,0.34375,0.10556527659568629
0.6875,0.359375,0.10070627464916179
0.703125,0.375,0.09582284796779336
0.71875,0.390625,0.09091618116768098
0.734375,0.40625,0.08598746442700993
0.75,0.421875,0.08103789320141279
0.765625,0.4375,0.07606866793764627
0.78125,0.453125,0.07108099378567476
0.796875,0.46875,0.06607608030927493
0.8125,0.484375,0.06105514119529076
0.828125,0.5,0.05601939396167865
0.84375,0.515625,0.05097005966448639
0.859375,0.53125,0.04590836260391106
0.875,0.546875,0.04083553002958115
0.890625,0.5625,0.035752791845209665
0.90625,0.578125,0.030661380312770863
0.921875,0.59375,0.025562529756367237
0.9375,0.609375,0.020457476265977166
0.953125,0.625,0.015347457401313413
0.96875,0.640625,0.010233711896079061
0.984375,0.65625,0.005117479362986088
1.0,0.671875,0.0
0.34375,0.0,0.19993798451527936
0.359375,0.015625,0.19585276959336856
0.375,0.03125,0.19172002270701213
0.390625,0.046875,0.18754074920641273
0.40625,0.0625,0.18331596552631846
0.421875,0.078125,0.17904669895077377
0.4375,0.09375,0.1747339873736352
0.453125,0.109375,0.17037887905503438
0.46875,0.125,0.16598243237409332
0.484375,0.140625,0.16154571557823597
0.5,0.15625,0.15706980652943067
0.515625,0.171875,0.152555792447672
0.53125,0.1875,0.14800476965197562
0.546875,0.203125,0.14341784329911977
0.5625,0.21875,0.13879612712033018
0.578125,0.234375,0.13414074315606642
0.59375,0.25,0.12945282148902898
0.609375,0.265625,0.12473349997547019
0.625,0.28125,0.11998392397485265
0.640625,0.296875,0.11520524607786833
0.65625,0.3125,0.11039862583280109
0.671875,0.328125,0.10556522947019664
0.6875,0.34375,0.10070622962579343
0.703125,0.359375,0.09582280506167103
0.71875,0.375,0.09091614038558456
0.734375,0.390625,0.08598742576847825
0.75,0.40625,0.08103785666020012
0.765625,0.421875,0.07606863350347293
0.78125,0.4375,0.07108096144620905
0.796875,0.453125,0.06607605005228315
0.8125,0.46875,0.06105511301089953
0.828125,0.484375,0.05601936784470272
0.84375,0.5,0.05097003561678908
0.859375,0.515625,0.04590834063677692
0.875,0.53125,0.04083551016609288
0.890625,0.546875,0.0357527741226301
0.90625,0.5625,0.030661364784936102
0.921875,0.578125,0.025562516496094766
0.9375,0.59375,0.020457465367483187
0.953125,0.609375,0.015347448982611514
0.96875,0.625,0.010233706101295249
0.984375,0.640625,0.0051174763644661605
1.0,0.65625,0.0
0.359375,0.0,0.19585268764324307
0.375,0.015625,0.19171994239296236
0.390625,0.03125,0.18754067041054714
0.40625,0.046875,0.183315888165498
0.421875,0.0625,0.17904662297314905
0.4375,0.078125,0.17473391275488742
0.453125,0.09375,0.17037880579463374
0.46875,0.109375,0.1659823604917273
0.484375,0.125,0.16154564511045968
0.5,0.140625,0.15706973752653747
0.515625,0.15625,0.15255572497075587
0.53125,0.171875,0.148004703770149
0.546875,0.1875,0.143417779086858
0.5625,0.203125,0.13879606465492475
0.578125,0.21875,0.1341406825151873
0.59375,0.234375,0.12945276274841677
0.609375,0.25,0.124733443206794
0.625,0.265625,0.11998386924378751
0.640625,0.28125,0.11520519344245435
0.65625,0.296875,0.11039857534214849
0.671875,0.3125,0.10556518116359655
0.6875,0.328125,0.10070618353227974
0.703125,0.34375,0.09582276120005964
0.71875,0.359375,0.0909160987649916
0.734375,0.375,0.08598738638929485
0.75,0.390625,0.08103781951547831
0.765625,0.40625,0.07606859858066027
0.78125,0.421875,0.07108092872915887
0.796875,0.4375,0.06607601952346517
0.8125,0.453125,0.06105508465373891
0.828125,0.46875,0.056019341645986966
0.84375,0.484375,0.0509700115690941
0.859375,0.5,0.04590831874087957
0.875,0.515625,0.040835490433350545
0.890625,0.53125,0.03575275657731993
0.90625,0.546875,0.03066134946655271
0.921875,0.5625,0.025562503461607055
0.9375,0.578125,0.020457454693543733
0.953125,0.59375,0.015347440767695673
0.96875,0.609375,0.010233700467717776
0.984375,0.625,0.0051174734601776755
1.0,0.640625,0.0
0.375,0.0,0.1917198594644677
0.390625,0.015625,0.18754058908426746
0.40625,0.03125,0.18331580835275507
0.421875,0.046875,0.17904654461564198
0.4375,0.0625,0.1747338358218911
0.453125,0.078125,0.17037873027989328
0.46875,0.09375,0.1659822864102923
0.484375,0.109375,0.16154557249558144
0.5,0.125,0.15706966642667455
0.515625,0.140625,0.1525556554466916
0.53125,0.15625,0.1480046358922036
0.546875,0.171875,0.14341771293217465
0.5625,0.1875,0.13879600030481568
0.578125,0.203125,0.13414062005254151
0.59375,0.21875,0.12945270225518762
0.609375,0.234375,0.12473338476160716
0.625,0.25,0.11998381291972672
0.640625,0.265625,0.1152051393050962
0.65625,0.28125,0.11039852344792565
0.671875,0.296875,0.10556513155856538
0.6875,0.3125,0.10070613625135798
0.703125,0.328125,0.09582271626677792
0.71875,0.34375,0.09091605619177795
0.734375,0.359375,0.08598734617827924
0.75,0.375,0.08103778165977682
0.765625,0.390625,0.07606856306607386
0.78125,0.40625,0.07108089553620538
0.796875,0.421875,0.06607598862965558
0.8125,0.4375,0.061055056036010545
0.828125,0.453125,0.056019315283214514
0.84375,0.46875,0.05096998744461472
0.859375,0.484375,0.045908296844983536
0.875,0.5,0.040835470765706844
0.890625,0.515625,0.03575273914931929
0.90625,0.53125,0.03066133430356156
0.921875,0.546875,0.025562490605129093
0.9375,0.5625,0.02045744420328363
0.953125,0.578125,0.01534743272350701
0.96875,0.59375,0.010233694971395011
0.984375,0.609375,0.005117470637016514
1.0,0.625,0.0
0.390625,0.0,0.18754050520569987
0.40625,0.015625,0.1833157260557239
0.421875,0.03125,0.17904646383760286
0.4375,0.046875,0.1747337565271909
0.453125,0.0625,0.17037865245746336
0.46875,0.078125,0.16598221007103423
0.484375,0.09375,0.16154549766963344
0.5,0.109375,0.15706959316065505
0.515625,0.125,0.15255558380095807
0.53125,0.140625,0.14800456593813166
0.546875,0.15625,0.1434176447494477
0.5625,0.171875,0.1387959339787178
0.578125,0.1875,0.13414055567125296
0.59375,0.203125,0.1294526399071033
0.609375,0.21875,0.12473332453271634
0.625,0.234375,0.11998375489111546
0.640625,0.25,0.11520508355065219
0.65625,0.265625,0.11039847003233758
0.671875,0.28125,0.10556508053571204
0.6875,0.296875,0.10070608766317433
0.703125,0.3125,0.09582267014266652
0.71875,0.328125,0.09091601254860415
0.734375,0.34375,0.0859873050209553
0.75,0.359375,0.08103774298240292
0.765625,0.375,0.07606852685357271
0.78125,0.390625,0.0710808617663621
0.796875,0.40625,0.06607595727546037
0.8125,0.421875,0.061055027068199805
0.828125,0.4375,0.05601928867291169
0.84375,0.453125,0.05096996316598769
0.859375,0.46875,0.045908274877853546
0.875,0.484375,0.04083545109806351
0.890625,0.5,0.03575272177971466
0.90625,0.515625,0.030661319243369393
0.921875,0.53125,0.025562477880663414
0.9375,0.546875,0.020457433857771778
0.953125,0.5625,0.015347424818904592
0.96875,0.578125,0.01023368959001369
0.984375,0.59375,0.005117467882907952
1.0,0.609375,0.0
0.40625,0.0,0.18331564125467523
0.421875,0.015625,0.1790463806093791
0.4375,0.03125,0.1747336748329489
0.453125,0.046875,0.17037857228247144
0.46875,0.0625,0.16598213142273519
0.484375,0.078125,0.1615454205753958
0.5,0.09375,0.157069517665357
0.515625,0.109375,0.15255550996447625
0.53125,0.125,0.14800449383276496
0.546875,0.140625,0.14341757445728023
0.5625,0.15625,0.13879586558891846
0.578125,0.171875,0.13414048927731376
0.59375,0.1875,0.12945257560403234
0.609375,0.203125,0.12473326241422272
0.625,0.21875,0.11998369504684843
0.640625,0.234375,0.1152050260635789
0.65625,0.25,0.11039841497636439
0.671875,0.265625,0.10556502797366313
0.6875,0.28125,0.10070603764523925
0.703125,0.296875,0.09582262270541232
0.71875,0.3125,0.09091596771461899
0.734375,0.328125,0.08598726279915012
0.75,0.34375,0.08103770336895674
0.765625,0.359375,0.07606848983346307
0.78125,0.375,0.07108082731538926
0.796875,0.390625,0.066075925362651
0.8125,0.40625,0.061054997658466
0.828125,0.421875,0.056019261729845726
0.84375,0.4375,0.050969938654686166
0.859375,0.453125,0.04590825276768583
0.875,0.46875,0.04083543136532245
0.890625,0.484375,0.03575270441010959
0.90625,0.5,0.03066130423433991
0.921875,0.515625,0.025562465243504973
0.9375,0.53125,0.020457423619568656
0.953125,0.546875,0.015347417024263106
0.96875,0.5625,0.010233684302576877
0.984375,0.578125,0.005117465186611701
1.0,0.59375,0.0
0.421875,0.0,0.17904629491292579
0.4375,0.015625,0.17473359071162267
0.453125,0.03125,0.17037848971922295
0.46875,0.046875,0.16598205042241537
0.484375,0.0625,0.16154534116309266
0.5,0.078125,0.15706943988441316
0.515625,0.09375,0.15255543387429607
0.53125,0.109375,0.14800441950646223
0.546875,0.125,0.14341750197918784
0.5625,0.140625,0.13879579505196277
0.578125,0.15625,0.1341404207802569
0.59375,0.171875,0.1294525092485947
0.609375,0.1875,0.12473319830211917
0.625,0.203125,0.11998363327679518
0.640625,0.21875,0.11520496672836049
0.65625,0.234375,0.11039835816007229
0.671875,0.25,0.10556497374923814
0.6875,0.265625,0.10070598607245539
0.703125,0.28125,0.09582257382942853
0.71875,0.296875,0.09091592156519898
0.734375,0.3125,0.0859872193906096
0.75,0.328125,0.08103766270084485
0.765625,0.34375,0.07606845189193544
0.78125,0.359375,0.07108079207518118
0.796875,0.375,0.06607589278952665
0.8125,0.390625,0.06105496771200008
0.828125,0.40625,0.056019234366393826
0.84375,0.421875,0.050969913830410676
0.859375,0.4375,0.045908230441527864
0.875,0.453125,0.0408354115018368
0.890625,0.46875,0.0357526869821077
0.90625,0.484375,0.03066128922530927
0.921875,0.5,0.025562452649791425
0.9375,0.515625,0.020457413452317715
0.953125,0.53125,0.01534740931111845
0.96875,0.546875,0.010233679089126514
0.984375,0.5625,0.005117462537557254
1.0,0.578125,0.0
0.4375,0.0,0.1747335041464757
0.453125,0.015625,0.17037840474178223
0.46875,0.03125,0.1659819670359516
0.484375,0.046875,0.1615452593910299
0.5,0.0625,0.1570693597688635
0.515625,0.078125,0.1525553554742637
0.53125,0.09375,0.14800434289579315
0.546875,0.109375,0.1434174272443002
0.5625,0.125,0.13879572228936807
0.578125,0.140625,0.1341403500938752
0.59375,0.15625,0.1294524407468711
0.609375,0.171875,0.12473313209496743
0.625,0.1875,0.1199835694724199
0.640625,0.203125,0.1152049054300416
0.65625,0.21875,0.11039829946303013
0.671875,0.234375,0.10556491773772518
0.6875,0.25,0.10070593281723537
0.703125,0.265625,0.09582252338580634
0.71875,0.28125,0.09091587397173852
0.734375,0.296875,0.08598717466864028
0.75,0.3125,0.0810376208547976
0.765625,0.328125,0.07606841291048667
0.78125,0.34375,0.0710807559331241
0.796875,0.359375,0.06607585945023779
0.8125,0.375,0.061054937130340645
0.828125,0.390625,0.05601920649187284
0.84375,0.40625,0.050969888610447635
0.859375,0.421875,0.04590820782467454
0.875,0.4375,0.04083539144084969
0.890625,0.453125,0.03575266943679587
0.90625,0.46875,0.030661274165113758
0.921875,0.484375,0.025562440056076226
0.9375,0.5,0.02045740332036795
0.953125,0.515625,0.015347401651848768
0.96875,0.53125,0.010233673930499704
0.984375,0.546875,0.005117459925702307
1.0,0.5625,0.0
0.453125,0.0,0.17037831733440842
0.46875,0.015625,0.1659818812385862
0.484375,0.03125,0.16154517522615447
0.5,0.046875,0.15706927727775155
0.515625,0.0625,0.15255527471565128
0.53125,0.078125,0.14800426394420169
0.546875,0.09375,0.1434173501880587
0.5625,0.109375,0.13879564722835436
0.578125,0.125,0.13414027713697677
0.59375,0.140625,0.1294523700091684
0.609375,0.15625,0.12473306369465341
0.625,0.171875,0.11998350352749648
0.640625,0.1875,0.11520484205486899
0.65625,0.203125,0.11039823876484331
0.671875,0.21875,0.10556485981327302
0.6875,0.234375,0.10070587774972671
0.703125,0.25,0.09582247124235695
0.71875,0.265625,0.09091582480150602
0.734375,0.28125,0.08598712850179183
0.75,0.296875,0.08103757770239976
0.765625,0.3125,0.0760683727653306
0.78125,0.328125,0.07108071877142283
0.796875,0.34375,0.06607582523406626
0.8125,0.359375,0.061054905810639985
0.828125,0.375,0.056019178011818535
0.84375,0.390625,0.05096986290898217
0.859375,0.40625,0.04590818484002822
0.875,0.421875,0.04083537111390829
0.890625,0.4375,0.03575265171421484
0.90625,0.453125,0.030661259002117375
0.921875,0.46875,0.02556242741891292
0.9375,0.484375,0.020457393188416263
0.953125,0.5,0.01534739401938048
0.96875,0.515625,0.01023366880810983
0.984375,0.53125,0.005117457341408587
1.0,0.546875,0.0
0.46875,0.0,0.1659817930153079
0.484375,0.015625,0.16154508864451264
0.5,0.03125,0.15706919237864378
0.515625,0.046875,0.15255519155773042
0.53125,0.0625,0.1480041826026312
0.546875,0.078125,0.14341727075289407
0.5625,0.09375,0.1387955698025731
0.578125,0.109375,0.1341402018341605
0.59375,0.125,0.1294522969508297
0.609375,0.140625,0.1247329930072097
0.625,0.15625,0.11998343533891613
0.640625,0.171875,0.11520477649104664
0.65625,0.1875,0.11039817594581386
0.671875,0.203125,0.10556479984941641
0.6875,0.21875,0.10070582073816399
0.703125,0.234375,0.09582241726376624
0.71875,0.25,0.09091577391758907
0.734375,0.265625,0.085987080753597
0.75,0.28125,0.0810375331096473
0.765625,0.296875,0.07606833132680425
0.78125,0.3125,0.07108068046639801
0.796875,0.328125,0.06607579002465619
0.8125,0.34375,0.06105487364487072
0.828125,0.359375,0.05601914882720286
0.84375,0.375,0.05096983663635274
0.859375,0.390625,0.045908161407408464
0.875,0.40625,0.04083535045023947
0.890625,0.421875,0.0357526337528049
0.90625,0.4375,0.030661243683727413
0.921875,0.453125,0.02556241469443942
0.9375,0.46875,0.02045738302115964
0.953125,0.484375,0.015347386386910274
0.96875,0.5,0.010233663703745241
0.984375,0.515625,0.005117454775330519
1.0,0.53125,0.0
0.484375,0.0,0.1615449996315916
0.5,0.015625,0.1570691050480551
0.515625,0.03125,0.15255510596826993
0.53125,0.046875,0.14800409883009297
0.546875,0.0625,0.14341718888886473
0.5625,0.078125,0.13879548995281718
0.578125,0.09375,0.13414012411659434
0.59375,0.109375,0.12945222149307237
0.609375,0.125,0.12473291994369685
0.625,0.140625,0.1199833648075802
0.640625,0.15625,0.11520470862960283
0.65625,0.171875,0.11039811088773538
0.671875,0.1875,0.10556473771974675
0.6875,0.203125,0.10070576164936984
0.703125,0.21875,0.09582236131188551
0.71875,0.234375,0.0909157211789528
0.734375,0.25,0.0859870312823937
0.75,0.265625,0.08103748693654811
0.765625,0.28125,0.07606828845878104
0.78125,0.296875,0.07108064088775681
0.796875,0.3125,0.06607575369919383
0.8125,0.328125,0.06105484051896454
0.828125,0.34375,0.05601911883357633
0.84375,0.359375,0.05096980969823211
0.859375,0.375,0.0459081374427966
0.875,0.390625,0.04083532937607197
0.890625,0.40625,0.0357526154888121
0.90625,0.421875,0.030661228155885515
0.921875,0.4375,0.025562401837951092
0.9375,0.453125,0.020457372782947254
0.953125,0.46875,0.015347378727634899
0.96875,0.484375,0.010233658599379039
0.984375,0.5,0.005117452218312889
1.0,0.515625,0.0
0.5,0.0,0.1570690152717643
0.515625,0.015625,0.1525550179239435
0.53125,0.03125,0.14800401259415907
0.546875,0.046875,0.14341710455423815
0.5625,0.0625,0.1387954076276918
0.578125,0.078125,0.13414004392277717
0.59375,0.09375,0.12945214356383605
0.609375,0.109375,0.12473284442112187
0.625,0.125,0.1199832918393674
0.640625,0.140625,0.11520463836536482
0.65625,0.15625,0.1103980434748249
0.671875,0.171875,0.1055646732987436
0.6875,0.1875,0.10070570034942454
0.703125,0.203125,0.09582230324618726
0.71875,0.21875,0.09091566644064276
0.734375,0.234375,0.08598697994125766
0.75,0.25,0.0810374390367917
0.765625,0.265625,0.07606824401810776
0.78125,0.28125,0.07108059989784572
0.796875,0.296875,0.06607571612753489
0.8125,0.3125,0.06105480631187532
0.828125,0.328125,0.05601908792012244
0.84375,0.34375,0.050969781994719195
0.859375,0.359375,0.04590811285749728
0.875,0.375,0.040835307813888486
0.890625,0.390625,0.03575259685564002
0.90625,0.40625,0.030661212362520528
0.921875,0.421875,0.025562388803451123
0.9375,0.4375,0.02045736243742289
0.953125,0.453125,0.015347371014480896
0.96875,0.46875,0.010233653476984366
0.984375,0.484375,0.005117449661294281
1.0,0.5,0.0
0.515625,0.0,0.1525549274106308
0.53125,0.015625,0.1480039238713659
0.546875,0.03125,0.1434170177159949
0.5625,0.046875,0.1387953227842256
0.578125,0.0625,0.1341399611992616
0.59375,0.078125,0.12945206309861743
0.609375,0.09375,0.12473276636337856
0.625,0.109375,0.1199832163461559
0.640625,0.125,0.11520456559802957
0.65625,0.140625,0.11039797359479007
0.671875,0.15625,0.10556460646277346
0.6875,0.171875,0.10070563670452487
0.703125,0.1875,0.09582224292441399
0.71875,0.203125,0.09091560955416635
0.734375,0.21875,0.0859869265780816
0.75,0.234375,0.08103738925752013
0.765625,0.25,0.07606819785408994
0.78125,0.265625,0.07108055735089924
0.796875,0.28125,0.06607567717128289
0.8125,0.296875,0.06105477089455997
0.828125,0.3125,0.056019055968610766
0.84375,0.328125,0.05096975341932284
0.859375,0.34375,0.04590808755719766
0.875,0.359375,0.040835285681587695
0.890625,0.375,0.03575257778312907
0.90625,0.390625,0.030661196244947567
0.921875,0.40625,0.025562375543165344
0.9375,0.421875,0.020457351947147494
0.953125,0.4375,0.015347363219826632
0.96875,0.453125,0.010233648318349635
0.984375,0.46875,0.005117447095213288
1.0,0.484375,0.0
0.53125,0.0,0.14800383264751196
0.546875,0.015625,0.1434169283502415
0.5625,0.03125,0.13879523538840385
0.578125,0.046875,0.13413987590131576
0.59375,0.0625,0.129451980041268
0.609375,0.078125,0.1247326857021797
0.625,0.09375,0.1199831382468792
0.640625,0.109375,0.11520449023331221
0.65625,0.125,0.11039790114002192
0.671875,0.140625,0.1055645370912586
0.6875,0.15625,0.10070557058204731
0.703125,0.171875,0.09582218020344858
0.71875,0.1875,0.09091555036809172
0.734375,0.203125,0.08598687103584467
0.75,0.21875,0.08103733743924085
0.765625,0.234375,0.07606814980805934
0.78125,0.25,0.07108051309230741
0.796875,0.265625,0.0660756366828278
0.8125,0.28125,0.061054734128873626
0.828125,0.296875,0.056019022852234986
0.84375,0.3125,0.05096972385781859
0.859375,0.328125,0.045908061440900864
0.875,0.34375,0.04083526289153395
0.890625,0.359375,0.03575255819674214
0.90625,0.375,0.030661179741195744
0.921875,0.390625,0.025562362007006886
0.9375,0.40625,0.020457341273190613
0.953125,0.421875,0.015347355315208352
0.96875,0.4375,0.010233643104888375
0.984375,0.453125,0.005117444510914731
1.0,0.46875,0.0
0.546875,0.0,0.14341683644251538
0.5625,0.015625,0.1387951454156035
0.578125,0.03125,0.13413978799350187
0.59375,0.046875,0.12945189434472773
0.609375,0.0625,0.12473260237795507
0.625,0.078125,0.11998305746858486
0.640625,0.09375,0.11520441218414662
0.65625,0.109375,0.11039782600889467
0.671875,0.125,0.10556446506800997
0.6875,0.140625,0.10070550185182497
0.703125,0.15625,0.09582211494043257
0.71875,0.171875,0.09091548872890405
0.734375,0.1875,0.08598681315312047
0.75,0.203125,0.0810372834159336
0.765625,0.21875,0.07606809971306927
0.78125,0.234375,0.07108046695793435
0.796875,0.25,0.06607559450436205
0.8125,0.265625,0.06105469586638076
0.828125,0.28125,0.05601898843432384
0.84375,0.296875,0.050969693186956135
0.859375,0.3125,0.04590803439970794
0.875,0.328125,0.04083523934946686
0.890625,0.34375,0.035752538016632016
0.90625,0.359375,0.03066116278524273
0.921875,0.375,0.02556234814197376
0.9375,0.390625,0.02045733037467785
0.953125,0.40625,0.015347347271001163
0.96875,0.421875,0.010233637817437883
0.984375,0.4375,0.005117441899053092
1.0,0.453125,0.0
0.5625,0.0,0.13879505285091676
0.578125,0.015625,0.13413969745015036
0.59375,0.03125,0.12945180597167005
0.609375,0.046875,0.12473251634068336
0.625,0.0625,0.11998297394746331
0.640625,0.078125,0.11520433137190404
0.65625,0.09375,0.1103977481071448
0.671875,0.109375,0.1055643902827068
0.6875,0.125,0.10070543038763748
0.703125,0.140625,0.0958220469941511
0.71875,0.15625,0.09091542448215886
0.734375,0.171875,0.08598675276487985
0.75,0.1875,0.08103722701541353
0.765625,0.203125,0.07606804739377698
0.78125,0.21875,0.07108041877353663
0.796875,0.234375,0.06607555046690335
0.8125,0.25,0.06105465594709109
0.828125,0.265625,0.05601895256691586
0.84375,0.28125,0.05096966127299567
0.859375,0.296875,0.045908006315418054
0.875,0.3125,0.04083521495323903
0.890625,0.328125,0.035752517156559645
0.90625,0.34375,0.030661145306130465
0.921875,0.359375,0.025562333891458577
0.9375,0.375,0.020457319208279128
0.953125,0.390625,0.015347339056064687
0.96875,0.40625,0.010233632436040361
0.984375,0.421875,0.005117439249990187
1.0,0.4375,0.0
0.578125,0.0,0.13413960425571306
0.59375,0.015625,0.1294517148950324
0.609375,0.03125,0.1247324275506275
0.625,0.046875,0.119982887629809
0.640625,0.0625,0.1152042477275896
0.65625,0.078125,0.11039766734928944
0.671875,0.09375,0.10556431263249172
0.6875,0.109375,0.10070535606889947
0.703125,0.125,0.0958219762266938
0.71875,0.140625,0.09091535747396669
0.734375,0.15625,0.0859866897036449
0.75,0.171875,0.08103716806002241
0.765625,0.1875,0.07606799266658877
0.78125,0.203125,0.07108036835434571
0.796875,0.21875,0.06607550438937038
0.8125,0.234375,0.06105461419814095
0.828125,0.25,0.0560189150891947
0.84375,0.265625,0.05096962797005
0.859375,0.28125,0.04590797705891245
0.875,0.296875,0.04083518959134309
0.890625,0.3125,0.03575249552262657
0.90625,0.328125,0.030661127226929596
0.921875,0.34375,0.025562319194444877
0.9375,0.359375,0.020457307727619112
0.953125,0.375,0.015347330637340744
0.96875,0.390625,0.010233626939699206
0.984375,0.40625,0.005117436553683825
1.0,0.421875,0.0
0.59375,0.0,0.1294516210984124
0.609375,0.015625,0.12473233597894257
0.625,0.03125,0.11998279847287563
0.640625,0.046875,0.11520416119297147
0.65625,0.0625,0.11039758366003659
0.671875,0.078125,0.10556423202363845
0.6875,0.09375,0.10070527878251752
0.703125,0.109375,0.09582190250538325
0.71875,0.125,0.09091528755283147
0.734375,0.140625,0.0859866238010496
0.75,0.15625,0.08103710636772851
0.765625,0.171875,0.07606793534015986
0.78125,0.1875,0.07108031550490315
0.796875,0.203125,0.06607545607777797
0.8125,0.21875,0.061054570432458696
0.828125,0.234375,0.05601887582579126
0.84375,0.25,0.050969593118212815
0.859375,0.265625,0.04590794648828481
0.875,0.28125,0.040835163141182095
0.890625,0.296875,0.03575247301177516
0.90625,0.3125,0.03066110846351265
0.921875,0.328125,0.025562303984558343
0.9375,0.34375,0.020457295882586508
0.953125,0.359375,0.015347321979387839
0.96875,0.375,0.010233621306101578
0.984375,0.390625,0.0051174337995636456
1.0,0.40625,0.0
0.609375,0.0,0.12473224160813147
0.625,0.015625,0.11998270644558763
0.640625,0.03125,0.11520407172159279
0.65625,0.046875,0.1103974969756297
0.671875,0.0625,0.10556414837323162
0.6875,0.078125,0.10070519842486435
0.703125,0.09375,0.09582182570494274
0.71875,0.109375,0.09091521457184762
0.734375,0.125,0.08598655488985131
0.75,0.140625,0.08103704175371795
0.765625,0.15625,0.07606787521635698
0.78125,0.171875,0.07108026001926057
0.796875,0.1875,0.06607540532464921
0.8125,0.203125,0.06105452444747681
0.828125,0.21875,0.05601883458497608
0.84375,0.234375,0.050969556541459016
0.859375,0.25,0.04590791444667673
0.875,0.265625,0.04083513546702878
0.890625,0.28125,0.0357524495100003
0.90625,0.296875,0.030661088923084775
0.921875,0.3125,0.025562288188931807
0.9375,0.328125,0.02045728361851278
0.953125,0.34375,0.015347313043833109
0.96875,0.359375,0.010233615511296354
0.984375,0.375,0.00511743097638954
1.0,0.390625,0.0
0.625,0.0,0.11998261152907547
0.640625,0.015625,0.1152039792796196
0.65625,0.03125,0.1103974072450645
0.671875,0.046875,0.10556406161078834
0.6875,0.0625,0.10070511490379944
0.703125,0.078125,0.09582174570984793
0.71875,0.09375,0.09091513839123393
0.734375,0.109375,0.08598648280641798
0.75,0.125,0.08103697403255376
0.765625,0.140625,0.0760678120918032
0.78125,0.15625,0.0710802016816855
0.796875,0.171875,0.0660753519087757
0.8125,0.1875,0.06105447602398901
0.828125,0.203125,0.05601879115679054
0.84375,0.21875,0.050969518045315854
0.859375,0.234375,0.04590788075977802
0.875,0.25,0.04083510641760983
0.890625,0.265625,0.03575242489020187
0.90625,0.28125,0.030661068502407438
0.921875,0.296875,0.02556227172683175
0.9375,0.3125,0.02045727087518208
0.953125,0.328125,0.015347303788717053
0.96875,0.34375,0.010233609529313646
0.984375,0.359375,0.005117428072087014
1.0,0.375,0.0
0.640625,0.0,0.1152038838464824
0.65625,0.015625,0.11039731443111603
0.671875,0.03125,0.1055639716797418
0.6875,0.046875,0.1007050281406474
0.703125,0.0625,0.09582166241677746
0.71875,0.078125,0.0909150588811455
0.734375,0.09375,0.08598640739368453
0.75,0.109375,0.08103690302096074
0.765625,0.125,0.0760677457601269
0.78125,0.140625,0.07108014026803766
0.796875,0.15625,0.06607529559550067
0.8125,0.171875,0.06105442492529665
0.828125,0.1875,0.05601874531120468
0.84375,0.203125,0.05096947741432595
0.859375,0.21875,0.045907845232955824
0.875,0.234375,0.04083507582324256
0.890625,0.25,0.03575239900959112
0.90625,0.265625,0.03066104708563169
0.921875,0.28125,0.02556225450797757
0.9375,0.296875,0.02045725758562223
0.953125,0.3125,0.015347294167698517
0.96875,0.328125,0.010233603331708021
0.984375,0.34375,0.00511742507355221
1.0,0.359375,0.0
0.65625,0.0,0.11039721851112007
0.671875,0.015625,0.10556387853870404
0.6875,0.03125,0.10070493807202911
0.703125,0.046875,0.09582157573705075
0.71875,0.0625,0.09091497592466735
0.734375,0.078125,0.08598632850452388
0.75,0.09375,0.08103682854125628
0.765625,0.109375,0.07606767601502229
0.78125,0.125,0.07108007554799925
0.796875,0.140625,0.06607523613774384
0.8125,0.15625,0.061054370896849494
0.828125,0.171875,0.05601869679644521
0.84375,0.1875,0.0509694344093621
0.859375,0.203125,0.04590780764799044
0.875,0.21875,0.0408350434924443
0.890625,0.234375,0.03575237170654403
0.90625,0.25,0.03066102454163406
0.921875,0.265625,0.02556223643046337
0.9375,0.28125,0.02045724367461043
0.953125,0.296875,0.015347284129077085
0.96875,0.3125,0.010233596887001761
0.984375,0.328125,0.005117421966417302
1.0,0.34375,0.0
0.671875,0.0,0.10556378216243302
0.6875,0.015625,0.10070484465143685
0.703125,0.03125,0.09582148559891648
0.71875,0.046875,0.0909148894208466
0.734375,0.0625,0.0859862460054228
0.75,0.078125,0.08103675042539045
0.765625,0.09375,0.07606760265419195
0.78125,0.109375,0.07108000728834077
0.796875,0.125,0.06607517327803002
0.8125,0.140625,0.06105431366665752
0.828125,0.15625,0.05601864533771721
0.84375,0.171875,0.05096938876491484
0.859375,0.1875,0.0459077677594272
0.875,0.203125,0.040835009207933544
0.890625,0.21875,0.03575234279677246
0.90625,0.234375,0.030661000720716605
0.921875,0.25,0.025562217378162177
0.9375,0.265625,0.02045722905680399
0.953125,0.28125,0.015347273614574957
0.96875,0.296875,0.010233590159996772
0.984375,0.3125,0.005117418734763722
1.0,0.328125,0.0
0.6875,0.0,0.10070474785044933
0.703125,0.015625,0.09582139194954364
0.71875,0.03125,0.09091479928758579
0.734375,0.046875,0.08598615978028717
0.75,0.0625,0.08103666851947819
0.765625,0.078125,0.07606752548417083
0.78125,0.09375,0.07107993525737406
0.796875,0.109375,0.0660751067518087
0.8125,0.125,0.061054252946829965
0.828125,0.140625,0.056018590636646645
0.84375,0.15625,0.05096934018656737
0.859375,0.171875,0.045907725290608305
0.875,0.1875,0.040834972721954264
0.890625,0.203125,0.03575231206866068
0.90625,0.21875,0.030660975450493157
0.921875,0.234375,0.02556219721745168
0.9375,0.25,0.020457213634374444
0.953125,0.265625,0.015347262557799087
0.96875,0.28125,0.010233583110912083
0.984375,0.296875,0.005117415360766644
1.0,0.3125,0.0
0.703125,0.0,0.095821294756571
0.71875,0.015625,0.09091470546419406
0.734375,0.03125,0.08598606973414179
0.75,0.046875,0.08103658268861244
0.765625,0.0625,0.07606744432592567
0.78125,0.078125,0.07107985923066563
0.796875,0.09375,0.06607503629234265
0.8125,0.109375,0.06105418843666947
0.828125,0.125,0.05601853237190132
0.84375,0.140625,0.05096928834901157
0.859375,0.15625,0.045907679929549194
0.875,0.171875,0.04083493375089021
0.890625,0.1875,0.035752279277596055
0.90625,0.203125,0.030660948530733485
0.921875,0.21875,0.02556217579304466
0.9375,0.234375,0.02045719729397666
0.953125,0.25,0.015347250882273782
0.96875,0.265625,0.01023357569428767
0.984375,0.28125,0.005117411824247736
1.0,0.296875,0.0
0.71875,0.0,0.0909146079133931
0.734375,0.015625,0.0859859757964447
0.75,0.03125,0.08103649282164882
0.765625,0.046875,0.07606735902098435
0.78125,0.0625,0.07107977899794789
0.796875,0.078125,0.06607496163737257
0.8125,0.09375,0.061054119827788855
0.828125,0.109375,0.05601847020159195
0.84375,0.125,0.05096923289514925
0.859375,0.140625,0.04590763132498381
0.875,0.15625,0.04083489196921763
0.890625,0.171875,0.03575224413911838
0.90625,0.1875,0.03066091972687737
0.921875,0.203125,0.025562152922630105
0.9375,0.21875,0.020457179902818444
0.953125,0.234375,0.015347238498888693
0.96875,0.25,0.010233567857570965
0.984375,0.265625,0.0051174081021044164
1.0,0.28125,0.0
0.734375,0.0,0.08598587792372524
0.75,0.015625,0.08103639883557291
0.765625,0.03125,0.07606726943769236
0.78125,0.046875,0.07107969437096466
0.796875,0.0625,0.06607488253760095
0.8125,0.078125,0.06105404681168149
0.828125,0.09375,0.056018403768184344
0.84375,0.109375,0.05096917343706812
0.859375,0.125,0.04590757908315652
0.875,0.140625,0.04083484700300427
0.890625,0.15625,0.03575220632074344
0.90625,0.171875,0.030660888761864732
0.921875,0.1875,0.025562128389925998
0.9375,0.203125,0.020457161303498693
0.953125,0.21875,0.015347225302540197
0.96875,0.234375,0.010233559539266475
0.984375,0.25,0.0051174041675703325
1.0,0.265625,0.0
0.75,0.0,0.08103630067902867
0.765625,0.015625,0.0760671754770547
0.78125,0.03125,0.07107960519174134
0.796875,0.046875,0.06607479876676253
0.8125,0.0625,0.06105396909000895
0.828125,0.078125,0.056018332706710236
0.84375,0.09375,0.05096910955996106
0.859375,0.109375,0.04590752276630513
0.875,0.125,0.04083479842344746
0.890625,0.140625,0.03575216543242323
0.90625,0.15625,0.030660855305869733
0.921875,0.171875,0.025562101935604285
0.9375,0.1875,0.02045714130714029
0.953125,0.203125,0.015347211167642054
0.96875,0.21875,0.010233550666473688
0.984375,0.234375,0.00511739998924179
1.0,0.25,0.0
0.765625,0.0,0.07606707707754033
0.78125,0.015625,0.07107951134052136
0.796875,0.03125,0.06607471013266412
0.8125,0.046875,0.06105388638751111
0.828125,0.0625,0.056018256656951364
0.84375,0.078125,0.05096904083030088
0.859375,0.09375,0.045907461894273124
0.875,0.109375,0.040834745741426405
0.890625,0.125,0.035752121015857515
0.90625,0.140625,0.03066081896350979
0.921875,0.15625,0.02556207324536701
0.9375,0.171875,0.02045711968413295
0.953125,0.1875,0.015347195942024295
0.96875,0.203125,0.010233541151552568
0.984375,0.21875,0.005117395529773528
1.0,0.234375,0.0
0.78125,0.0,0.07107941274243931
0.796875,0.015625,0.06607461648814317
0.8125,0.03125,0.06105379846686382
0.828125,0.046875,0.05601817527986079
0.84375,0.0625,0.050968966809654015
0.859375,0.078125,0.04590739595126372
0.875,0.09375,0.04083468840479534
0.890625,0.109375,0.03575207253338979
0.90625,0.125,0.030660779258199707
0.921875,0.140625,0.025562041934236817
0.9375,0.15625,0.0204570961514911
0.953125,0.171875,0.015347179438491539
0.96875,0.1875,0.010233530887518511
0.984375,0.203125,0.005117390744097917
1.0,0.21875,0.0
0.796875,0.0,0.06607451774053943
0.8125,0.015625,0.06105370514406223
0.828125,0.03125,0.05601808827765683
0.84375,0.046875,0.050968887075173504
0.859375,0.0625,0.045907324400239105
0.875,0.078125,0.040834625801210625
0.890625,0.09375,0.03575201935818853
0.90625,0.109375,0.030660735613693525
0.921875,0.125,0.025562007525914844
0.9375,0.140625,0.02045707035537617
0.953125,0.15625,0.015347161422915844
0.96875,0.171875,0.01023351974154321
0.984375,0.1875,0.0051173855769407915
1.0,0.203125,0.0
0.8125,0.0,0.06105360630218946
0.828125,0.015625,0.05601799541576818
0.84375,0.03125,0.0509688012467463
0.859375,0.046875,0.04590724670750579
0.875,0.0625,0.04083455727057249
0.890625,0.078125,0.035751960769066504
0.90625,0.09375,0.030660687333802686
0.921875,0.109375,0.02556196942598403
0.9375,0.125,0.020457041846685706
0.953125,0.140625,0.015347141597092905
0.96875,0.15625,0.01023350754555633
0.984375,0.171875,0.005117379959271364
1.0,0.1875,0.0
0.828125,0.0,0.05601789654337796
0.84375,0.015625,0.05096870901874716
0.859375,0.03125,0.04590716237895622
0.875,0.046875,0.0408344821322257
0.890625,0.0625,0.03575189595581736
0.90625,0.078125,0.030660633583330387
0.921875,0.09375,0.02556192688812889
0.9375,0.109375,0.020457010046752676
0.953125,0.125,0.015347119573524332
0.96875,0.140625,0.010233494082277132
0.984375,0.15625,0.005117373803086031
1.0,0.171875,0.0
0.84375,0.0,0.050968610191564
0.859375,0.015625,0.04590707100645947
0.875,0.03125,0.0408343997317957
0.890625,0.046875,0.03575182404414942
0.90625,0.0625,0.03066057337722102
0.921875,0.078125,0.02556187897419074
0.9375,0.09375,0.02045697419925584
0.953125,0.109375,0.015347094837520388
0.96875,0.125,0.010233479063801417
0.984375,0.140625,0.005117366993493312
1.0,0.15625,0.0
0.859375,0.0,0.04590697231765799
0.875,0.015625,0.04083430950894714
0.890625,0.03125,0.035751744151818005
0.90625,0.046875,0.030660505591620542
0.921875,0.0625,0.02556182451343617
0.9375,0.078125,0.020456933304027463
0.953125,0.09375,0.015347066689125532
0.96875,0.109375,0.010233462097614306
0.984375,0.125,0.00511735937624019
1.0,0.140625,0.0
0.875,0.0,0.04083421107821886
0.890625,0.015625,0.03575165548558285
0.90625,0.03125,0.030660429019665637
0.921875,0.046875,0.025561762076923896
0.9375,0.0625,0.020456886030564336
0.953125,0.078125,0.01534703415288811
0.96875,0.09375,0.010233442630523138
0.984375,0.109375,0.005117350737148758
1.0,0.125,0.0
0.890625,0.0,0.03575155747510356
0.90625,0.015625,0.030660342501505143
0.921875,0.03125,0.02556169000343466
0.9375,0.046875,0.020456830619242677
0.953125,0.0625,0.015346995837632554
0.96875,0.078125,0.010233419852251471
0.984375,0.09375,0.0051173407663288725
1.0,0.109375,0.0
0.90625,0.0,0.030660245146422384
0.921875,0.015625,0.02556160654465909
0.9375,0.03125,0.020456764809687795
0.953125,0.046875,0.015346949725093418
0.96875,0.0625,0.010233392522645109
0.984375,0.078125,0.005117328991668215
1.0,0.09375,0.0
0.921875,0.0,0.025561510217884685
0.9375,0.015625,0.020456685912855363
0.953125,0.03125,0.015346892884183708
0.96875,0.046875,0.010233358650999497
0.984375,0.0625,0.005117314645002675
1.0,0.078125,0.0
0.9375,0.0,0.020456591283174924
0.953125,0.015625,0.015346821213603045
0.96875,0.03125,0.010233314893583055
0.984375,0.046875,0.005117296366134609
1.0,0.0625,0.0
0.953125,0.0,0.015346729699992175
0.96875,0.015625,0.010233255479619468
0.984375,0.03125,0.005117271473479084
1.0,0.046875,0.0
0.96875,0.0,0.010233170794098462
0.984375,0.015625,0.0051172339452735536
1.0,0.03125,0.0
0.984375,0.0,0.00511716814821771
1.0,0.015625,0.0
1.0,0.0,0.0
