scenario,initialization,h,dt,t,J_red,Q_outer_red,bulk_balance_residual,bulk_balance_normalized,robin_flux_mismatch,M_red,mass_red,energy_red
time_dependent,prepared,0.01,0.0005,0.0,0.7633587786259429,0.7633587786259542,0.0,0.0,0.0,0.0,0.3816793893129784,0.09711943748421432
time_dependent,prepared,0.01,0.0005,0.0005,0.7505640596029762,0.7633587786273077,2.8688891540173955e-12,1.879122395874531e-12,-2.767341911180665e-12,0.0003752820298014881,0.38167299195348064,0.09711466311057175
time_dependent,prepared,0.01,0.0005,0.001,0.7425762780040751,0.7633587786273066,2.785605079935749e-12,1.824571327351354e-12,-2.7077229347582943e-12,0.0007465701688035256,0.38166260070316466,0.09710696436076381
time_dependent,prepared,0.01,0.0005,0.0015,0.7363798577579913,0.7633587786272911,2.9108417065604186e-12,1.9066013177901e-12,-2.8099744753262712e-12,0.0011147600976825214,0.38164911124272455,0.09709703108610751
time_dependent,prepared,0.01,0.0005,0.002,0.7311576386278916,0.7633587786272966,2.9204347273825704e-12,1.9128847464285606e-12,-2.8573809984777654e-12,0.0014803389169964671,0.3816330106727229,0.09708523865726697
time_dependent,prepared,0.01,0.0005,0.0025,0.7265649229599268,0.7633587786273005,2.905571616640401e-12,1.9031494088924845e-12,-2.848277169675839e-12,0.0018436213784764305,0.3816146137448836,0.09707182975937087
time_dependent,prepared,0.01,0.0005,0.003,0.7224206672778151,0.7633587786272967,2.8614333125176472e-12,1.87423881969225e-12,-2.808642207696721e-12,0.002204831712115338,0.3815941446892179,0.09705697737240991
time_dependent,prepared,0.01,0.0005,0.0035,0.7186164552160124,0.7633587786272947,2.871237969603868e-12,1.880660870083694e-12,-2.847166946651214e-12,0.0025641399397233443,0.38157177352750316,0.09704081272464646
time_dependent,prepared,0.01,0.0005,0.004,0.715081454529926,0.7633587786272928,2.803403342799271e-12,1.8362291895269306e-12,-2.7677860003905153e-12,0.0029216806669883073,0.38154763486545473,0.09702343976026812
time_dependent,prepared,0.01,0.0005,0.0045000000000000005,0.7117664317033625,0.7633587786272957,2.8260935258650477e-12,1.8510912594349265e-12,-2.793765219166744e-12,0.0032775638828399884,0.381521838691977,0.09700494345469438
time_dependent,prepared,0.01,0.0005,0.005,0.7086355460869737,0.7633587786272961,2.870426119017111e-12,1.880129107949368e-12,-2.8511637495398645e-12,0.003631881655883475,0.3814944770757147,0.09698539497143613
time_dependent,prepared,0.01,0.0005,0.0055,0.7056617546252574,0.7633587786272726,2.8369320781429508e-12,1.8581905111769707e-12,-2.81785705880111e-12,0.003984712533196104,0.3814656285637019,0.09696485504997672
time_dependent,prepared,0.01,0.0005,0.006,0.7028240607107306,0.7633587786271937,2.8522947892462014e-12,1.8682530869497383e-12,-2.841393786923163e-12,0.00433612456355147,0.38143536120474414,0.09694337633456782
time_dependent,prepared,0.01,0.0005,0.006500000000000001,0.7001057775642505,0.7633587786270367,2.7804702984468577e-12,1.8212080454767924e-12,-2.7768898291924415e-12,0.004686177452333595,0.3814037347042228,0.09692100503435708
time_dependent,prepared,0.01,0.0005,0.007,0.6974933838711537,0.7633587786266399,2.8335805923873636e-12,1.8559952880086113e-12,-2.8210767055725228e-12,0.005034924144269172,0.3813708020068329,0.0968977821428983
time_dependent,prepared,0.01,0.0005,0.0075,0.6949757423539833,0.7633587786257957,2.809086296906571e-12,1.839951524470801e-12,-2.8103075422336588e-12,0.005382412015446163,0.3813366104886997,0.09687374435671693
time_dependent,prepared,0.01,0.0005,0.008,0.6925435499340773,0.7633587786240008,2.8473196023171e-12,1.8649943395189946e-12,-2.841171742318238e-12,0.005728683790413202,0.381301202874348,0.09684892478216026
time_dependent,prepared,0.01,0.0005,0.0085,0.6901889408132768,0.7633587786204756,2.8633623250229334e-12,1.875502322899964e-12,-2.8566038423605278e-12,0.006073778260819841,0.38126461795544203,0.09682335348929973
time_dependent,prepared,0.01,0.0005,0.009000000000000001,0.6879051935398528,0.7633587786136977,2.8258922979418344e-12,1.8509594551781948e-12,-2.829292355954749e-12,0.006417730857589767,0.38122689116290676,0.09679705795307308
time_dependent,prepared,0.01,0.0005,0.0095,0.6856865106041462,0.7633587786011887,2.852620917259685e-12,1.868466700862221e-12,-2.85493850782359e-12,0.00676057411289184,0.3811880550289038,0.09677006340946406
time_dependent,prepared,0.01,0.0005,0.01,0.6835278497645233,0.7633587785788187,2.8409358199255053e-12,1.8608129621626437e-12,-2.8318458689113868e-12,0.007102338037774102,0.3811481395645026,0.09674239314669397
time_dependent,prepared,0.01,0.0005,0.0105,0.6814247930034711,0.7633587785401375,2.83220669139439e-12,1.8550953830684338e-12,-2.8321789358187743e-12,0.007443050434275838,0.38110717257172916,0.09671406874597072
time_dependent,prepared,0.01,0.0005,0.011,0.6793734433382618,0.7633587784750718,2.808406285303988e-12,1.8395061172343176e-12,-2.799205311987407e-12,0.007782737155944969,0.3810651799041582,0.09668511028241245
time_dependent,prepared,0.01,0.0005,0.0115,0.6773703425773937,0.7633587783685957,2.7824964554667986e-12,1.8225351789418804e-12,-2.7926549961421188e-12,0.008121422327233667,0.3810221856862536,0.09665553649431144
time_dependent,prepared,0.01,0.0005,0.012,0.6754124050508784,0.7633587781985797,2.8335944701751714e-12,1.8560043790003964e-12,-2.8442803667871885e-12,0.008459128529759106,0.38097821249969094,0.09662536492685347
time_dependent,prepared,0.01,0.0005,0.0125,0.6734968636791919,0.7633587779333185,2.83849332927133e-12,1.8592131323562265e-12,-2.8305136012818366e-12,0.008795876961598703,0.38093328154255857,0.09659461205503131
time_dependent,prepared,0.01,0.0005,0.013000000000000001,0.6716212256851146,0.7633587775283535,2.8363006387976952e-12,1.8577769210802565e-12,-2.8399504969911504e-12,0.00913168757444126,0.38088741276663995,0.09656329338950095
time_dependent,prepared,0.01,0.0005,0.0135,0.6697832359209546,0.763358776922414,2.833469570084901e-12,1.8559225725439124e-12,-2.830624623584299e-12,0.009466579192401736,0.3808406249961306,0.09653142356830609
time_dependent,prepared,0.01,0.0005,0.014,0.6679808462702804,0.76335877603269,2.845432223175237e-12,1.8637581125078213e-12,-2.8431701437625634e-12,0.009800569615536877,0.3807929360312492,0.09649901643675352
time_dependent,prepared,0.01,0.0005,0.0145,0.6662121899370369,0.7633587747491505,2.7577662375932732e-12,1.8063368947940168e-12,-2.7603475061255267e-12,0.010133675710505396,0.38074436273884377,0.09646608511746549
time_dependent,prepared,0.01,0.0005,0.015,0.6644755597017761,0.7633587729278005,2.8144292452125796e-12,1.8434511693714326e-12,-2.81918932643066e-12,0.010465913490356284,0.38069492113222897,0.09643264207195294
time_dependent,prepared,0.01,0.0005,0.0155,0.6627693894199586,0.7633587703831567,2.830249923313488e-12,1.8538137197844985e-12,-2.834510404170487e-12,0.010797298185066263,0.38064462644175,0.09639869915511325
time_dependent,prepared,0.01,0.0005,0.016,0.6610922381920136,0.7633587668794136,2.820174649365015e-12,1.847214423755549e-12,-2.8186342149183474e-12,0.01112784430416227,0.380593493177403,0.09636426766358867
time_dependent,prepared,0.01,0.0005,0.0165,0.6594427767471637,0.7633587621208416,2.877517668586904e-12,1.8847741136728854e-12,-2.869593451748642e-12,0.011457565692535851,0.38054153518471606,0.09632935837890298
time_dependent,prepared,0.01,0.0005,0.017,0.6578197756738833,0.7633587557409864,2.7964852655770756e-12,1.831697903862665e-12,-2.794431352981519e-12,0.011786475580372793,0.38048876569468165,0.09629398160602543
time_dependent,prepared,0.01,0.0005,0.0175,0.6562220952009385,0.7633587472909487,2.770061957590997e-12,1.814390656697474e-12,-2.768341111902828e-12,0.012114586627973262,0.38043519736862974,0.09625814720801013
time_dependent,prepared,0.01,0.0005,0.018000000000000002,0.6546486762847978,0.7633587362268658,2.831165857308804e-12,1.8544137395331697e-12,-2.8317348466089243e-12,0.01244191096611566,0.3803808423386618,0.0962218646371944
time_dependent,prepared,0.01,0.0005,0.0185,0.6530985328058735,0.7633587218963868,2.8223534620508417e-12,1.848641655023044e-12,-2.8124169659804465e-12,0.012768460232518597,0.38032571224411343,0.09618514296338225
time_dependent,prepared,0.01,0.0005,0.019,0.6515707447097707,0.7633587035245428,2.7916835509955717e-12,1.8285529057970005e-12,-2.787325925623918e-12,0.013094245604873482,0.3802698182647032,0.0961479908993827
time_dependent,prepared,0.01,0.0005,0.0195,0.6500644519561812,0.7633586801990377,2.7774171851291385e-12,1.8192084908236737e-12,-2.774447338538266e-12,0.013419277830851572,0.38021317115058,0.09611041682420537
time_dependent,prepared,0.01,0.0005,0.02,0.6485788491630989,0.7633586508549852,2.8671648388822746e-12,1.8779932838028214e-12,-2.8703706078658797e-12,0.01374356725543312,0.38015578124973726,0.09607242880420529
time_dependent,prepared,0.01,0.0005,0.0205,0.6471131808504662,0.7633586142593376,2.874547821996032e-12,1.8828292288151496e-12,-2.869815496353567e-12,0.014067123845858355,0.3800976585330259,0.0960340346123695
time_dependent,prepared,0.01,0.0005,0.021,0.6456667372039786,0.7633585689952038,2.7865348917188726e-12,1.8251808552969122e-12,-2.7878810371362306e-12,0.014389957214460344,0.38003881261713324,0.0959952417459903
time_dependent,prepared,0.01,0.0005,0.021500000000000002,0.64423885029035,0.7633585134461124,2.853217662135421e-12,1.8688582179096283e-12,-2.8679281172117044e-12,0.014712076639605519,0.3799792527855527,0.0959560574428533
time_dependent,prepared,0.01,0.0005,0.022,0.6428288906667208,0.7633584457802528,2.7800955981760467e-12,1.8209634107927896e-12,-2.779110275241692e-12,0.01503349108493888,0.3799189880079963,0.0959164886961409
time_dependent,prepared,0.01,0.0005,0.0225,0.6414362643359497,0.76335836393536,2.764677375921565e-12,1.810864664967938e-12,-2.7691182680200654e-12,0.015354209217106856,0.3798580269581927,0.09587654226814085
time_dependent,prepared,0.01,0.0005,0.023,0.640060410004347,0.7633582656035397,2.808933641240685e-12,1.839852771499545e-12,-2.8064217616474707e-12,0.015674239422109028,0.3797963780303919,0.09583622470290029
time_dependent,prepared,0.01,0.0005,0.0235,0.6387007966068298,0.7633581482171169,2.7809421432323234e-12,1.8215186080887243e-12,-2.777222896099829e-12,0.015993589820412442,0.37973404935458577,0.09579554233793357
time_dependent,prepared,0.01,0.0005,0.024,0.637356921068186,0.7633580089348716,2.766981088697662e-12,1.8123744405023472e-12,-2.7635671528969397e-12,0.016312268280946535,0.37967104881064756,0.09575450131504926
time_dependent,prepared,0.01,0.0005,0.0245,0.6360283062731666,0.76335784462918,2.8160807019617096e-12,1.8445351166362195e-12,-2.8083091407893335e-12,0.016630282434083116,0.37960738404147115,0.0957131075904057
time_dependent,prepared,0.01,0.0005,0.025,0.6347144992217914,0.7633576518742333,2.8521907058376428e-12,1.868187669848776e-12,-2.8534952178915773e-12,0.01694763968369401,0.37954306246514546,0.0956713669438494
time_dependent,prepared,0.01,0.0005,0.025500000000000002,0.6334150693508614,0.7633574269349609,2.7987889783531728e-12,1.8332100269108293e-12,-2.7979840666603195e-12,0.017264347218369443,0.3794780912863497,0.09562928498759653
time_dependent,prepared,0.01,0.0005,0.026000000000000002,0.6321296070023318,0.763357165757369,2.883221439375916e-12,1.8885140329493514e-12,-2.88935542158697e-12,0.01758041202187061,0.37941247750696955,0.0955868671743422
time_dependent,prepared,0.01,0.0005,0.0265,0.630857722023667,0.7633568639597721,2.8031466037248265e-12,1.8360656306795204e-12,-2.8034241594809828e-12,0.017895840882882444,0.37934622793599954,0.0955441188048068
time_dependent,prepared,0.01,0.0005,0.027,0.6295990424869885,0.7633565168255186,2.841116231167007e-12,1.860936645289109e-12,-2.8453905898118137e-12,0.018210640404125938,0.3792793491988315,0.09550104503480313
time_dependent,prepared,0.01,0.0005,0.0275,0.6283532135139929,0.7633561192966624,2.7912672173613373e-12,1.828286396608728e-12,-2.7968738436356944e-12,0.018524817010882932,0.3792118477459371,0.09545765088183973
time_dependent,prepared,0.01,0.0005,0.028,0.6271198961970419,0.7633556659692107,2.8157753906299376e-12,1.8443404013053573e-12,-2.8204105717577477e-12,0.018838376958981454,0.37914372986104905,0.09541394123131015
time_dependent,prepared,0.01,0.0005,0.0285,0.6258987666063016,0.7633551510894321,2.7467472740738685e-12,1.7991280141025258e-12,-2.7516877665334505e-12,0.019151326342284603,0.37907500166880836,0.09536992084230005
time_dependent,prepared,0.01,0.0005,0.029,0.6246895148753523,0.7633545685515765,2.8762825454720087e-12,1.8839754577772285e-12,-2.8763658121988556e-12,0.01946367109972228,0.37900566914196954,0.09532559435304286
time_dependent,prepared,0.01,0.0005,0.029500000000000002,0.6234918443566083,0.7633539118968931,2.7365887333985484e-12,1.792477048158022e-12,-2.739919402472424e-12,0.019775417021900586,0.3789357381081947,0.09528096628603949
time_dependent,prepared,0.01,0.0005,0.03,0.622305470842251,0.7633531743137874,2.824962486158711e-12,1.850364013153525e-12,-2.8158586573567845e-12,0.02008656975732171,0.3788652142564556,0.09523604105287924
time_dependent,prepared,0.01,0.0005,0.0305,0.621130121841869,0.7633523486393733,2.834371626292409e-12,1.85652905328662e-12,-2.8328450696335494e-12,0.020397134818242645,0.3787941031430582,0.0951908229587969
time_dependent,prepared,0.01,0.0005,0.031,0.6199655359142642,0.7633514273620503,2.825767397851564e-12,1.8508954700009355e-12,-2.8247404415537858e-12,0.020707117586199777,0.3787224101973354,0.09514531620694922
time_dependent,prepared,0.01,0.0005,0.0315,0.6188114620470689,0.7633504026253684,2.8027025145149764e-12,1.8357902903244566e-12,-2.8023139364563576e-12,0.021016523317223312,0.3786501407270417,0.09509952490245971
time_dependent,prepared,0.01,0.0005,0.032,0.6176676590806854,0.7633492662329022,2.8365920723416593e-12,1.857990960242129e-12,-2.839173340873913e-12,0.021325357146763656,0.37857729992346795,0.0950534530562477
time_dependent,prepared,0.01,0.0005,0.0325,0.6165338951722985,0.7633480096541914,2.7833846338864987e-12,1.8231426549093522e-12,-2.7821078774081798e-12,0.021633624094349806,0.37850389286622044,0.09500710458864359
time_dependent,prepared,0.01,0.0005,0.033,0.6154099472973357,0.7633466240316568,2.823519196226698e-12,1.8494345211805e-12,-2.827627021417811e-12,0.021941329067998474,0.37842992452785645,0.09496048333280323
time_dependent,prepared,0.01,0.0005,0.0335,0.6142956007840604,0.7633451001884531,2.7728652707281753e-12,1.8162592974256202e-12,-2.7785551637293793e-12,0.022248476868390505,0.3783553997781483,0.09491359303796225
time_dependent,prepared,0.01,0.0005,0.034,0.6131906488802817,0.7633434286370798,2.80020451270957e-12,1.8341708382189724e-12,-2.7925439738396562e-12,0.022555072192830646,0.3782803233882701,0.09486643737250201
time_dependent,prepared,0.01,0.0005,0.0345,0.612094892347442,0.7633415995889739,2.808725474423568e-12,1.8397565886169288e-12,-2.8124169659804465e-12,0.022861119639004366,0.37820470003464823,0.09481901992687077
time_dependent,prepared,0.01,0.0005,0.035,0.6110081390822341,0.7633396029645135,2.8245461525244764e-12,1.8501242052356605e-12,-2.825184530763636e-12,0.023166623708545483,0.3781285343027097,0.09477134421635554
time_dependent,prepared,0.01,0.0005,0.035500000000000004,0.6099302037614635,0.7633374284039618,2.8066715618280114e-12,1.838421291414488e-12,-2.8028690479686702e-12,0.023471588810426214,0.37805183069038323,0.094723413683713
time_dependent,prepared,0.01,0.0005,0.036000000000000004,0.6088609075101827,0.7633350652787659,2.7578217487445045e-12,1.8064293612218513e-12,-2.752242878045763e-12,0.023776019264181304,0.37797459361149954,0.09467523170167612
time_dependent,prepared,0.01,0.0005,0.0365,0.6078000775897678,0.7633325027035776,2.8194391266112007e-12,1.8467961973452462e-12,-2.823297151621773e-12,0.024079919302976188,0.37789682739894,0.09462680157533979
time_dependent,prepared,0.01,0.0005,0.037,0.6067475471055249,0.7633297295483866,2.7947644198889066e-12,1.830640358745934e-12,-2.789879438580556e-12,0.02438329307652895,0.37781853630771906,0.09457812654442904
time_dependent,prepared,0.01,0.0005,0.0375,0.6057031547320063,0.7633267344514328,2.8456959011435856e-12,1.8640090623731067e-12,-2.843503210669951e-12,0.024686144653894952,0.37773972451785387,0.09452920978546427
time_dependent,prepared,0.01,0.0005,0.038,0.604666744454501,0.7633235058320935,2.7705338023764625e-12,1.814783496907576e-12,-2.7672308888782027e-12,0.024988478026122203,0.37766039613716673,0.09448005441382872
time_dependent,prepared,0.01,0.0005,0.0385,0.6036381653262968,0.763320031904238,2.8445024113921136e-12,1.863243654362571e-12,-2.8524960171694147e-12,0.025290297108785352,0.37758055520387857,0.09443066348573319
time_dependent,prepared,0.01,0.0005,0.039,0.6026172712390654,0.7633163006896359,2.8071711621890927e-12,1.8387994332413223e-12,-2.8003155350120323e-12,0.025591605744404885,0.3775002056891481,0.09438104000010195
time_dependent,prepared,0.01,0.0005,0.0395,0.6016039207078466,0.7633123000316707,2.8620994463324223e-12,1.8747892875617917e-12,-2.862710068995966e-12,0.02589240770475881,0.3774193514994848,0.09433118690036812
time_dependent,prepared,0.01,0.0005,0.04,0.6005979766667939,0.7633080176089142,2.8299862453451397e-12,1.8537642603341916e-12,-2.831068712794149e-12,0.026192706693092205,0.37733799647901434,0.0942811070761971
time_dependent,prepared,0.01,0.0005,0.0405,0.5995993062774606,0.7633034409489285,2.762345907569852e-12,1.8094677420363405e-12,-2.761013639940302e-12,0.026492506346230935,0.37725614441167526,0.0942308033651242
time_dependent,prepared,0.01,0.0005,0.041,0.5986077807472179,0.7632985574420692,2.7441382499659994e-12,1.7975523621825619e-12,-2.7484681197620375e-12,0.026791810236604544,0.3771737990233271,0.09418027855413116
time_dependent,prepared,0.01,0.0005,0.0415,0.5976232751574798,0.7632933543550137,2.7915447731174936e-12,1.8286185495950352e-12,-2.798983267382482e-12,0.027090621874183284,0.37709096398372743,0.0941295353811596
time_dependent,prepared,0.01,0.0005,0.042,0.5966456683013746,0.7632878188445418,2.8423929876453258e-12,1.861940487890153e-12,-2.840061519293613e-12,0.02738894470833397,0.37700764290845584,0.09407857653654604
time_dependent,prepared,0.01,0.0005,0.0425,0.5956748425302328,0.7632819379708856,2.8147206787565437e-12,1.843827646592836e-12,-2.8149704789370844e-12,0.027686782129599085,0.37692383936073603,0.0940274046644126
time_dependent,prepared,0.01,0.0005,0.043000000000000003,0.5947106836078989,0.7632756987110855,2.805589094379002e-12,1.8378608798311913e-12,-2.8003155350120323e-12,0.027984137471403034,0.37683955685318443,0.09397602236399272
time_dependent,prepared,0.01,0.0005,0.043500000000000004,0.5937530805727738,0.7632690879720944,2.782468699891183e-12,1.8227311597792888e-12,-2.786881836414068e-12,0.02828101401168942,0.3767547988494754,0.0939244321909113
time_dependent,prepared,0.01,0.0005,0.044,0.5928019256069242,0.7632620926037386,2.787325925623918e-12,1.8259297511490063e-12,-2.7835511673401925e-12,0.02857741497449288,0.3766695687659739,0.09387263665840381
time_dependent,prepared,0.01,0.0005,0.0445,0.5918571139118436,0.7632546994112979,2.8024804699100514e-12,1.8358750179111074e-12,-2.805866650135158e-12,0.028873343531448804,0.3765838699732279,0.09382063823849192
time_dependent,prepared,0.01,0.0005,0.045,0.5909185435905717,0.7632468951679797,2.8099744753262712e-12,1.840803082928142e-12,-2.8078650515794834e-12,0.02916880280324409,0.3764977057974362,0.09376843936311746
time_dependent,prepared,0.01,0.0005,0.0455,0.5899861155354009,0.7632386666270332,2.819050548552582e-12,1.8467686922922514e-12,-2.8165247911715596e-12,0.02946379586101179,0.3764110795218873,0.09371604242522348
time_dependent,prepared,0.01,0.0005,0.046,0.5890597333215688,0.7632300005334549,2.8688162956314045e-12,1.8793917257057974e-12,-2.8647084704402914e-12,0.029758325727672574,0.3763239943882845,0.09366344977981056
time_dependent,prepared,0.01,0.0005,0.0465,0.5881393031056055,0.7632208836355868,2.7874369479263805e-12,1.826101072237039e-12,-2.7878810371362306e-12,0.030052395379225376,0.37623645359801533,0.0936106637449265
time_dependent,prepared,0.01,0.0005,0.047,0.5872247335291665,0.7632113026962459,2.783800967520733e-12,1.8237419687582865e-12,-2.7906565946977935e-12,0.03034600774598996,0.37614846031343024,0.09355768660264895
time_dependent,prepared,0.01,0.0005,0.0475,0.5863159356268531,0.7632012445035098,2.8116675654388246e-12,1.8420223929684087e-12,-2.816857858078947e-12,0.030639165713803384,0.37606001765899155,0.09350452060001287
time_dependent,prepared,0.01,0.0005,0.048,0.5854128227386621,0.763190695881198,2.809752430721346e-12,1.8407931634124336e-12,-2.8065327839499332e-12,0.030931872125172715,0.37597112872241917,0.09345116794990542
time_dependent,prepared,0.01,0.0005,0.0485,0.5845153104267051,0.763179643699013,2.792627240566503e-12,1.8296001889056972e-12,-2.7982061112652445e-12,0.031224129780386068,0.3758817965557829,0.09339763083193987
time_dependent,prepared,0.01,0.0005,0.049,0.5836233163954089,0.7631680748821608,2.785299768603977e-12,1.824827230246081e-12,-2.788436148648543e-12,0.03151594143858377,0.3757920241765356,0.0933439113932875
time_dependent,prepared,0.01,0.0005,0.0495,0.5827367604156419,0.7631559764208774,2.7827185000717236e-12,1.8231649794038907e-12,-2.7869928587165305e-12,0.031807309818791596,0.37570181456853247,0.0932900117494807
time_dependent,prepared,0.01,0.0005,0.05,0.5818555642520538,0.7631433353793089,2.8520519279595646e-12,1.868621395046755e-12,-2.850386593422627e-12,0.03209823760091762,0.3756111706829668,0.09323593398519328
time_dependent,prepared,0.01,0.0005,0.0505,0.5809796515939043,0.7631301389041467,2.832067913516312e-12,1.8555602571128303e-12,-2.834732448775412e-12,0.03238872742671457,0.37552009543931125,0.0931816801549948
time_dependent,prepared,0.01,0.0005,0.051000000000000004,0.5801089479886973,0.7631163742329314,2.7776392297340635e-12,1.8199316143104863e-12,-2.76711986657574e-12,0.03267878190070892,0.3754285917261861,0.09312725228406836
time_dependent,prepared,0.01,0.0005,0.051500000000000004,0.5792433807791294,0.7631020287018987,2.771838314430397e-12,1.816164949227363e-12,-2.7732260932111785e-12,0.03296840359109848,0.3753366624022246,0.09307265236891545
time_dependent,prepared,0.01,0.0005,0.052000000000000005,0.5783828790421752,0.7630870897534533,2.7622348852673895e-12,1.8099080185951278e-12,-2.7631230636870896e-12,0.03325759503061957,0.37524431029686606,0.09301788237803435
time_dependent,prepared,0.01,0.0005,0.0525,0.5775273735314386,0.763071544943347,2.7376156896963266e-12,1.79381324584359e-12,-2.7310376182754226e-12,0.03354635871738529,0.3751515382111613,0.09296294425256829
time_dependent,prepared,0.01,0.0005,0.053,0.5766767966215328,0.7630553819474822,2.7113034040127104e-12,1.7766098425831563e-12,-2.7120528045543324e-12,0.033834697115696054,0.37505834891849615,0.09290783990694564
time_dependent,prepared,0.01,0.0005,0.0535,0.5758310822549081,0.7630385885682481,2.7570723482028825e-12,1.8066401814430002e-12,-2.754796391002401e-12,0.03412261265682351,0.37496474516533773,0.09285257122948526
time_dependent,prepared,0.01,0.0005,0.054,0.5749901658910663,0.7630211527406572,2.744554583600234e-12,1.798478701237358e-12,-2.738254067935486e-12,0.03441010773976904,0.3748707296719124,0.09279714008299307
time_dependent,prepared,0.01,0.0005,0.0545,0.5741539844576339,0.76300306253807,2.8061164503156988e-12,1.8388631632592746e-12,-2.810973676048434e-12,0.03469718473199786,0.37477630513287175,0.0927415483053357
time_dependent,prepared,0.01,0.0005,0.055,0.5733224763036094,0.7629843061774672,2.767369666756281e-12,1.813516768526811e-12,-2.773115070908716e-12,0.03498384597014966,0.37468147421792963,0.09268579770999237
time_dependent,prepared,0.01,0.0005,0.0555,0.5724955811545526,0.7629648720246451,2.71746514179938e-12,1.7808586223526433e-12,-2.72915023913356e-12,0.035270093760726935,0.37458623957249887,0.09262989008659422
time_dependent,prepared,0.01,0.0005,0.056,0.5716732400694913,0.7629447485988126,2.7905733279709466e-12,1.8288174426070006e-12,-2.783662189642655e-12,0.03555593038076168,0.3744906038182311,0.09257382720144597
time_dependent,prepared,0.01,0.0005,0.0565,0.5708553953992918,0.7629239245771003,2.7864099916286023e-12,1.826138820569863e-12,-2.7940982860741315e-12,0.035841358078461324,0.374394569553642,0.09251761079802683
time_dependent,prepared,0.01,0.0005,0.057,0.5700419907473143,0.7629023887985152,2.7445268280246182e-12,1.798740486539831e-12,-2.7441382499659994e-12,0.03612637907383498,0.37429813935460926,0.09246124259748802
time_dependent,prepared,0.01,0.0005,0.0575,0.5692329709311326,0.7628801302678524,2.734756865407917e-12,1.7923896277406143e-12,-2.7299273952507974e-12,0.036410995559300545,0.3742013157749442,0.09240472429911493
time_dependent,prepared,0.01,0.0005,0.058,0.5684282819457231,0.7628571381591353,2.772893026303791e-12,1.8174392606393323e-12,-2.772670981698866e-12,0.03669520970027341,0.3741041013468352,0.09234805758079984
time_dependent,prepared,0.01,0.0005,0.0585,0.5676278709283126,0.7628334018188144,2.7405300251359677e-12,1.7962834470782428e-12,-2.7430280269413743e-12,0.036979023635737567,0.3740064985813889,0.0922912440994792
time_dependent,prepared,0.01,0.0005,0.059000000000000004,0.5668316861244682,0.7628089107687424,2.7107760480760135e-12,1.7768382158379188e-12,-2.7177149419799207e-12,0.0372624394787998,0.37390850996906577,0.09223428549157095
time_dependent,prepared,0.01,0.0005,0.059500000000000004,0.5660396768555163,0.7627836547087998,2.7395030688381894e-12,1.7957274332779863e-12,-2.734812376559148e-12,0.03754545931722756,0.3738101379801387,0.09217718337339442
time_dependent,prepared,0.01,0.0005,0.06,0.5652517934870348,0.7627576235193366,2.7730040486062535e-12,1.817749153267502e-12,-2.775890628470279e-12,0.037828085213971074,0.3737113850651184,0.0921199393415775
time_dependent,prepared,0.01,0.0005,0.0605,0.5644679873986332,0.7627308072633044,2.7502722321770534e-12,1.8029114636395339e-12,-2.750466521206363e-12,0.03811031920767039,0.3736122536551832,0.09206255497345495
time_dependent,prepared,0.01,0.0005,0.061,0.5636882109549727,0.7627031961881677,2.7537139235533914e-12,1.8052329774615547e-12,-2.7411406477995115e-12,0.038392163313147876,0.37351274616256597,0.09200503182744856
time_dependent,prepared,0.01,0.0005,0.0615,0.562912417477642,0.7626747807276588,2.8125557438585247e-12,1.843876193972163e-12,-2.8044233602031454e-12,0.0386736195218867,0.3734128649809418,0.09194737144345169
time_dependent,prepared,0.01,0.0005,0.062,0.5621405612179861,0.762645551503135,2.6789959139961184e-12,1.7563833609933545e-12,-2.6861846080805662e-12,0.038954689802495696,0.3733126124857971,0.09188957534318037
time_dependent,prepared,0.01,0.0005,0.0625,0.5613725973314991,0.7626154993248828,2.812527988282909e-12,1.8440013288266217e-12,-2.8136382113075342e-12,0.03923537610116144,0.3732119910347997,0.09183164503053275
time_dependent,prepared,0.01,0.0005,0.063,0.5606084818520074,0.7625846151931873,2.7315649742121195e-12,1.7909913993709627e-12,-2.733702153534523e-12,0.039515680342087446,0.3731110029681252,0.09177358199193573
time_dependent,prepared,0.01,0.0005,0.0635,0.5598481716682361,0.7625528902991187,2.7508550992649816e-12,1.8037142959231134e-12,-2.745581539898012e-12,0.039795604427921565,0.3730096506088138,0.09171538769667315
time_dependent,prepared,0.01,0.0005,0.064,0.559091624499806,0.7625203160252382,2.7438884497854588e-12,1.7992231761663015e-12,-2.740585536287199e-12,0.04007515024017147,0.3729079362630468,0.09165706359721433
time_dependent,prepared,0.01,0.0005,0.0645,0.5583387988750116,0.7624868839460034,2.7462476737127872e-12,1.8008491237878927e-12,-2.747468919039875e-12,0.040354319639608976,0.3728058622205082,0.09159861112952998
time_dependent,prepared,0.01,0.0005,0.065,0.5575896541089658,0.7624525858281397,2.730093928704491e-12,1.790336854674252e-12,-2.7287061499237097e-12,0.04063311446666346,0.372703430754649,0.09154003171340087
time_dependent,prepared,0.01,0.0005,0.0655,0.5568441502825804,0.7624174136307471,2.8043956046275298e-12,1.8391471354696737e-12,-2.7966517990307693e-12,0.04091153654180475,0.37260064412297383,0.09148132675271127
time_dependent,prepared,0.01,0.0005,0.066,0.5561022482220549,0.7623813595052645,2.7217672560198025e-12,1.7850431559483515e-12,-2.722266856380884e-12,0.04118958766591578,0.3724975045673327,0.09142249763574974
time_dependent,prepared,0.01,0.0005,0.0665,0.5553639094797524,0.762344415795317,2.7505497879332097e-12,1.8040073036140312e-12,-2.7432500715462993e-12,0.04146726962065566,0.37239401431417474,0.09136354573548759
time_dependent,prepared,0.01,0.0005,0.067,0.5546290963147248,0.7623065750363763,2.757100103778498e-12,1.8083932331568482e-12,-2.7527979895580756e-12,0.04174458416881302,0.37229017557480937,0.09130447240985522
time_dependent,prepared,0.01,0.0005,0.0675,0.5538977716746195,0.7622678299553342,2.7651492207070305e-12,1.8137648684872624e-12,-2.7633451082920146e-12,0.04202153305465033,0.3721859905456661,0.09124527900201485
time_dependent,prepared,0.01,0.0005,0.068,0.5531698991779284,0.7622281734698928,2.740502269560352e-12,1.797691534465219e-12,-2.746025629107862e-12,0.0422981180042393,0.37208146140851805,0.09118596684061965
time_dependent,prepared,0.01,0.0005,0.0685,0.5524454430968326,0.7621875986878945,2.7062241336750503e-12,1.7753005548299454e-12,-2.7071678232459817e-12,0.04257434072578772,0.37197659033072333,0.09112653724006868
time_dependent,prepared,0.01,0.0005,0.069,0.5517243683407027,0.7621460989064966,2.728095527260166e-12,1.7897457791685013e-12,-2.7221558340784213e-12,0.04285020290995807,0.3718713794654388,0.09106699150076288
time_dependent,prepared,0.01,0.0005,0.0695,0.5510066404398574,0.7621036676111763,2.6916247009012295e-12,1.76591769288646e-12,-2.685518474265791e-12,0.043125706230178,0.37176583095185517,0.09100733090934013
time_dependent,prepared,0.01,0.0005,0.07,0.5502922255303567,0.7620602984748234,2.769812157410456e-12,1.8173182377752031e-12,-2.7682300896003653e-12,0.04340085234294318,0.37165994691537435,0.09094755673891604
time_dependent,prepared,0.01,0.0005,0.07050000000000001,0.5495810903384084,0.7620159853564904,2.739836135745577e-12,1.7977550263980923e-12,-2.745803584502937e-12,0.04367564288811238,0.3715537294678663,0.09088767024931364
time_dependent,prepared,0.01,0.0005,0.07100000000000001,0.5488732021665381,0.7619707223002267,2.7542967906413196e-12,1.8073508010397751e-12,-2.7542412794900883e-12,0.04395007948919565,0.37144718070779864,0.09082767268729326
time_dependent,prepared,0.01,0.0005,0.07150000000000001,0.548168528878843,0.7619245035337983,2.6991187063174493e-12,1.771250756337526e-12,-2.6985080836539055e-12,0.044224163753635075,0.3713403027204692,0.0907675652867625
time_dependent,prepared,0.01,0.0005,0.07200000000000001,0.5474670388877494,0.7618773234672469,2.6956492593654957e-12,1.769083536371071e-12,-2.6902924332716793e-12,0.04449789727307895,0.37123309757817596,0.09070734926900258
time_dependent,prepared,0.01,0.0005,0.0725,0.5467687011406298,0.7618291766914582,2.7785274081537636e-12,1.823589521876506e-12,-2.7760016507727414e-12,0.04477128162364927,0.37112556734040364,0.09064702584287095
time_dependent,prepared,0.01,0.0005,0.073,0.546073485106771,0.7617800579766106,2.7376989564231735e-12,1.7969090472714314e-12,-2.7462476737127872e-12,0.04504431836620265,0.3710177140539668,0.09058659620500227
time_dependent,prepared,0.01,0.0005,0.0735,0.5453813607653095,0.7617299622705448,2.749994676420897e-12,1.8050981401721555e-12,-2.7462476737127872e-12,0.0453170090465853,0.37090953975321395,0.09052606154001965
time_dependent,prepared,0.01,0.0005,0.074,0.5446922985930069,0.7616788846972454,2.803396403905367e-12,1.8402744648845763e-12,-2.8050894940179205e-12,0.04558935519588181,0.3708010464601604,0.09046542302071504
time_dependent,prepared,0.01,0.0005,0.0745,0.5440062695522965,0.7616268205549113,2.725930592362147e-12,1.789544773627583e-12,-2.724265257825209e-12,0.04586135833065796,0.3706922361846544,0.09040468180824941
time_dependent,prepared,0.01,0.0005,0.075,0.5433232450804104,0.7615737653143686,2.7194635432437053e-12,1.7854235972245495e-12,-2.722488900985809e-12,0.046133019953198164,0.37058311092453405,0.09034383905233673
time_dependent,prepared,0.01,0.0005,0.0755,0.5426431970780664,0.7615197146171249,2.763678175199402e-12,1.8145808454767997e-12,-2.7711166694643907e-12,0.0464043415517372,0.37047367266576525,0.09028289589142291
time_dependent,prepared,0.01,0.0005,0.076,0.5419660978986767,0.7614646642735937,2.7476909636448e-12,1.8042143598751412e-12,-2.7489122089718876e-12,0.04667532460068654,0.3703639233825727,0.09022185345286075
time_dependent,prepared,0.01,0.0005,0.0765,0.5412919203382854,0.7614086102611506,2.7561009030563355e-12,1.8098698030917002e-12,-2.7587931938910515e-12,0.046945970560855685,0.3702538650376142,0.09016071285309217
time_dependent,prepared,0.01,0.0005,0.077,0.5406206376253111,0.7613515487221921,2.776695540163132e-12,1.8235304996872416e-12,-2.7858826356919053e-12,0.04721628087966834,0.3701434995820652,0.09009947519780886
time_dependent,prepared,0.01,0.0005,0.0775,0.5399522234106972,0.7612934759621564,2.6969537714194303e-12,1.771297046783518e-12,-2.69606559299973e-12,0.04748625699137369,0.3700328289557873,0.0900381415821205
time_dependent,prepared,0.01,0.0005,0.078,0.5392866517586734,0.7612343884475881,2.635197615674656e-12,1.7308713687016593e-12,-2.6365576388798218e-12,0.047755900317253026,0.3699218550874424,0.08997671309071568
time_dependent,prepared,0.01,0.0005,0.0785,0.5386238971373449,0.761174282803984,2.708500090875532e-12,1.7791589600828646e-12,-2.708944180085382e-12,0.048025212265821696,0.36981057989460225,0.08991519079802408
time_dependent,prepared,0.01,0.0005,0.079,0.537963934409532,0.761113155813831,2.711719737646945e-12,1.7814169397338622e-12,-2.711719737646945e-12,0.048294194233026465,0.36969900528390687,0.08985357576836377
time_dependent,prepared,0.01,0.0005,0.0795,0.5373067388245415,0.7610510044144784,2.737587934120711e-12,1.7985574673946958e-12,-2.740585536287199e-12,0.04856284760243874,0.36958713315110686,0.08979186905609818
time_dependent,prepared,0.01,0.0005,0.08,0.5366522860091997,0.7609878256961294,2.7434721161512243e-12,1.8025729344859303e-12,-2.7398083801699613e-12,0.04883117374544334,0.3694749653812618,0.08973007170578397
time_dependent,prepared,0.01,0.0005,0.0805,0.536000551959959,0.7609236168996049,2.7780278077926823e-12,1.8254314533610673e-12,-2.7796653867540044e-12,0.04909917402142332,0.36936250384878905,0.08966818475230999
time_dependent,prepared,0.01,0.0005,0.081,0.5353515130346943,0.7608583754143029,2.730260462158185e-12,1.7941975473862688e-12,-2.735256465768998e-12,0.04936684977794066,0.3692497504176024,0.08960620922104355
time_dependent,prepared,0.01,0.0005,0.0815,0.5347051459450779,0.7607920987760223,2.733091530870979e-12,1.796214455475499e-12,-2.7287061499237097e-12,0.0496342023509132,0.36913670694118345,0.08954414612796975
time_dependent,prepared,0.01,0.0005,0.082,0.5340614277488701,0.7607247846648475,2.690181410969217e-12,1.7681699513377056e-12,-2.6862956303830288e-12,0.04990123306478763,0.3690233752627253,0.0894819964798212
time_dependent,prepared,0.01,0.0005,0.0825,0.5334203358425849,0.7606564309030126,2.7031432647817155e-12,1.7768490181354796e-12,-2.7042812433819563e-12,0.05016794323270892,0.36890975721519337,0.08941976127422067
time_dependent,prepared,0.01,0.0005,0.083,0.5327818479543176,0.760587035452658,2.6364188610017436e-12,1.7331473836049071e-12,-2.634670259737959e-12,0.05043433415668608,0.3687958546214438,0.08935744149979671
time_dependent,prepared,0.01,0.0005,0.0835,0.5321459421369014,0.7605165964138019,2.7272906155673127e-12,1.7930513472177317e-12,-2.7223778786833464e-12,0.05070040712775453,0.3686816692943017,0.08929503813632503
time_dependent,prepared,0.01,0.0005,0.084,0.531512596760768,0.7604451120220375,2.680078381445128e-12,1.7621774004924746e-12,-2.6826318944017657e-12,0.050966163426134914,0.36856720303667156,0.08923255215484095
time_dependent,prepared,0.01,0.0005,0.0845,0.5308817905077085,0.7603725806465134,2.641248331158863e-12,1.7368119250884425e-12,-2.6322277690837836e-12,0.05123160432138877,0.3684524576415964,0.0891699845177709
time_dependent,prepared,0.01,0.0005,0.085,0.5302535023642886,0.7602990007876879,2.674305221717077e-12,1.7587194110091752e-12,-2.671307619550589e-12,0.05149673107257091,0.36833743489238835,0.08910733617904482
time_dependent,prepared,0.01,0.0005,0.0855,0.5296277116155422,0.7602243710751606,2.683742117426391e-12,1.7650987126511906e-12,-2.6941782138578674e-12,0.051761544928378686,0.3682221365626596,0.08904460808421621
time_dependent,prepared,0.01,0.0005,0.08600000000000001,0.5290043978388838,0.7601486902656375,2.7290947279823285e-12,1.7951058542400004e-12,-2.7396973578674988e-12,0.05202604712729813,0.36810656441644357,0.08898180117057541
time_dependent,prepared,0.01,0.0005,0.08650000000000001,0.5283835408980988,0.7600719572406386,2.684796829299785e-12,1.7661464837105134e-12,-2.686739719592879e-12,0.05229023889774718,0.36799072020826634,0.08891891636726411
time_dependent,prepared,0.01,0.0005,0.08700000000000001,0.5277651209377191,0.7599941710045612,2.700339951644537e-12,1.7765530675521018e-12,-2.702504886542556e-12,0.05255412145821604,0.36787460568323305,0.08885595459537857
time_dependent,prepared,0.01,0.0005,0.08750000000000001,0.5271491183772953,0.7599153306823079,2.735783821705695e-12,1.8000583165261204e-12,-2.7351454434665357e-12,0.052817696017404686,0.3677582225770831,0.08879291676808708
time_dependent,prepared,0.01,0.0005,0.088,0.5265355139057222,0.7598354355174293,2.7732260932111785e-12,1.8248859973986462e-12,-2.763012041384627e-12,0.053080963774357545,0.3676415726162709,0.08872980379072762
time_dependent,prepared,0.01,0.0005,0.0885,0.525924288476112,0.7597544848698469,2.733258064324673e-12,1.7987771831238282e-12,-2.7253754808498343e-12,0.0533439259185956,0.3675246575180731,0.0886666165609124
time_dependent,prepared,0.01,0.0005,0.089,0.5253154233005417,0.7596724782137974,2.7229607457712746e-12,1.7921938887195424e-12,-2.7285951276212472e-12,0.053606583630245876,0.367407478990617,0.08860335596863406
time_dependent,prepared,0.01,0.0005,0.0895,0.5247088998447049,0.759589415135863,2.761735284906308e-12,1.8179132238219206e-12,-2.7642332867117148e-12,0.05386893808016823,0.36729003873297195,0.08854002289635748
time_dependent,prepared,0.01,0.0005,0.09,0.524104699823213,0.7595052953327788,2.7599311724912923e-12,1.8169268795400618e-12,-2.7564617255393387e-12,0.05413099043007984,0.3671723384352096,0.08847661821912407
time_dependent,prepared,0.01,0.0005,0.0905,0.5235028051946623,0.7594201186094627,2.7609581287890705e-12,1.8178068114915813e-12,-2.7629010190821646e-12,0.054392741832677165,0.36705437977850275,0.08841314280464346
time_dependent,prepared,0.01,0.0005,0.091,0.5229031981567692,0.7593338848769662,2.6872670755295758e-12,1.769489765335729e-12,-2.6864066526854913e-12,0.05465419343175555,0.36693616443514426,0.08834959751338745
time_dependent,prepared,0.01,0.0005,0.0915,0.5223058611421164,0.7592465941504615,2.7783886302756855e-12,1.82970108241276e-12,-2.7796653867540044e-12,0.05491534636232661,0.36681769406864073,0.0882859831986816
time_dependent,prepared,0.01,0.0005,0.092,0.5217107768130476,0.7591582465472753,2.763678175199402e-12,1.8202253533857047e-12,-2.7708946248594657e-12,0.055176201750733136,0.36669897033376914,0.0882223007067991
time_dependent,prepared,0.01,0.0005,0.0925,0.5211179280578634,0.7590688422848205,2.721795011595418e-12,1.7928512276948766e-12,-2.7143842729060452e-12,0.05543676071476207,0.36657999487665044,0.08815855087704438
time_dependent,prepared,0.01,0.0005,0.093,0.5205272979862361,0.7589783816788164,2.726735504055e-12,1.796319611909578e-12,-2.722488900985809e-12,0.05569702436375519,0.3664607693348042,0.08809473454183939
time_dependent,prepared,0.01,0.0005,0.0935,0.5199388699250811,0.7588868651411476,2.687405853407654e-12,1.7706235124408546e-12,-2.6911806116913795e-12,0.055956993798717734,0.3663412953371988,0.08803085252681314
time_dependent,prepared,0.01,0.0005,0.094,0.5193526274145143,0.7587942931780627,2.723016256922506e-12,1.7943046497574424e-12,-2.7207125441464086e-12,0.05621667011242499,0.3662215745043127,0.08796690565088167
time_dependent,prepared,0.01,0.0005,0.0945,0.5187685542036741,0.7587006663882873,2.725236702971756e-12,1.7959893958839244e-12,-2.7249313916399842e-12,0.056476054389526825,0.3661016084482186,0.08790289472633343
time_dependent,prepared,0.01,0.0005,0.095,0.5181866342470796,0.7586059854610289,2.646549646101448e-12,1.7443506226018238e-12,-2.6425528432127976e-12,0.05673514770665036,0.36598139877261027,0.08783882055890241
time_dependent,prepared,0.01,0.0005,0.0955,0.5176068517007432,0.7585102511742868,2.661287856753347e-12,1.7542860183027248e-12,-2.6684210396865637e-12,0.056993951132500734,0.36586094707287486,0.08777468394785658
time_dependent,prepared,0.01,0.0005,0.096,0.5170291909183954,0.7584134643928536,2.731981307846354e-12,1.801116037693579e-12,-2.727484904596622e-12,0.05725246572795993,0.3657402549361341,0.0877104856860652
time_dependent,prepared,0.01,0.0005,0.0965,0.5164536364476899,0.7583156260666282,2.6466884239795263e-12,1.7451100392743063e-12,-2.6469937353112982e-12,0.057510692546183774,0.3656193239413244,0.08764622656008651
time_dependent,prepared,0.01,0.0005,0.097,0.5158801730272461,0.7582167372286936,2.6915691897499983e-12,1.7749339058268432e-12,-2.6881830095248915e-12,0.057768632632697395,0.3654981556592238,0.08758190735023222
time_dependent,prepared,0.01,0.0005,0.0975,0.5153087855824311,0.7581167989936736,2.6811330933185218e-12,1.76828497724409e-12,-2.674971355531852e-12,0.05802628702548861,0.36537675165251754,0.08751752883064394
time_dependent,prepared,0.01,0.0005,0.098,0.5147394592225366,0.7580158125559062,2.731315174031579e-12,1.8016215023385242e-12,-2.727040815386772e-12,0.058283656755099875,0.36525511347584205,0.08745309176936843
time_dependent,prepared,0.01,0.0005,0.0985,0.5141721792371093,0.7579137791877014,2.671168841672511e-12,1.7621851686946799e-12,-2.670863530340739e-12,0.05854074284471843,0.36513324267586944,0.08738859692842262
time_dependent,prepared,0.01,0.0005,0.099,0.5136069310930776,0.7578107002377048,2.704392265684419e-12,1.7843455264166223e-12,-2.6991742174686806e-12,0.058797546310264966,0.36501114079129343,0.08732404506386647
time_dependent,prepared,0.01,0.0005,0.0995,0.513043700431223,0.7577065771291411,2.7038093985964906e-12,1.7842061031303662e-12,-2.6998403512834557e-12,0.059054068160480575,0.36488880935294754,0.08725943692587473
time_dependent,prepared,0.01,0.0005,0.1,0.5124824730633771,0.7576014113581884,2.6837698730020065e-12,1.7712281370925183e-12,-2.6957325260923426e-12,0.05931030939701226,0.3647662498838001,0.08719477325879371
time_dependent,prepared,0.01,0.0005,0.1005,0.511923234969194,0.7574952044923144,2.6985080836539055e-12,1.7812047308323772e-12,-2.6973978606292803e-12,0.05956627101449686,0.36464346389903546,0.08713005480121774
time_dependent,prepared,0.01,0.0005,0.101,0.5113659722933511,0.7573879581687338,2.731898041119507e-12,1.8034997861069487e-12,-2.733258064324673e-12,0.05982195400064354,0.36452045290609947,0.08706528228604522
time_dependent,prepared,0.01,0.0005,0.1015,0.5108106713424438,0.7572796740926911,2.684769073724169e-12,1.7726403900488117e-12,-2.6838531397288534e-12,0.06007735933631476,0.3643972184047207,0.08700045644054942
time_dependent,prepared,0.01,0.0005,0.10200000000000001,0.5102573185825623,0.7571703540359769,2.6576796319233154e-12,1.7550077190372747e-12,-2.6542101849713617e-12,0.06033248799560604,0.3642737618869934,0.08693557798643811
time_dependent,prepared,0.01,0.0005,0.10250000000000001,0.5097059006361786,0.7570599998353479,2.6660340601836197e-12,1.760781219955326e-12,-2.6646462814028382e-12,0.06058734094592413,0.36415008483738937,0.0868706476399133
time_dependent,prepared,0.01,0.0005,0.10300000000000001,0.5091564042795206,0.7569486133910213,2.7642332867117148e-12,1.8259055091753843e-12,-2.7647883982240273e-12,0.06084191914806389,0.3640261887328336,0.08680566611172917
time_dependent,prepared,0.01,0.0005,0.10350000000000001,0.5086088164398836,0.75683619666513,2.764150019984868e-12,1.8261217104570166e-12,-2.762345907569852e-12,0.06109622355628383,0.363902075042719,0.08674063410726143
time_dependent,prepared,0.01,0.0005,0.10400000000000001,0.5080631241932175,0.7567227516802812,2.6954272147605707e-12,1.780987296054368e-12,-2.6907365224815294e-12,0.06135025511838044,0.3637777452289732,0.08667555232655233
time_dependent,prepared,0.01,0.0005,0.1045,0.5075193147615984,0.7566082805180626,2.7081670239681443e-12,1.789675776551751e-12,-2.7056135110115065e-12,0.06160401477576124,0.3636532007460946,0.08661042146438103
time_dependent,prepared,0.01,0.0005,0.105,0.506977375510445,0.7564927853176616,2.6946223030677174e-12,1.7809966964400129e-12,-2.6978419498391304e-12,0.06185750346351646,0.3635284430411858,0.08654524221030863
time_dependent,prepared,0.01,0.0005,0.1055,0.5064372939464289,0.7563762682743476,2.7198798768779398e-12,1.7979674871862278e-12,-2.719935388029171e-12,0.06211072211048968,0.36340347355402797,0.08648001524873837
time_dependent,prepared,0.01,0.0005,0.106,0.5058990577149494,0.7562587316381518,2.6784685580594214e-12,1.7708678564628123e-12,-2.670863530340739e-12,0.062363671639347154,0.36327829371706133,0.08641474125897454
time_dependent,prepared,0.01,0.0005,0.1065,0.5053626545978777,0.7561401777125355,2.7200464103316335e-12,1.7986389895028372e-12,-2.7182700534922333e-12,0.0626163529666461,0.3631529049555049,0.08634942091526747
time_dependent,prepared,0.01,0.0005,0.107,0.5048280725111526,0.756020608852901,2.663536058378213e-12,1.761549901671904e-12,-2.6612045900265002e-12,0.06286876700290167,0.36302730868733,0.0862840548868716
time_dependent,prepared,0.01,0.0005,0.1075,0.5042952995028405,0.7559000274654132,2.6826318944017657e-12,1.7744620961266944e-12,-2.6787461138155777e-12,0.06312091465265308,0.3629015063233475,0.0862186438380963
time_dependent,prepared,0.01,0.0005,0.108,0.5037643237505814,0.7557784360055766,2.6381674622655282e-12,1.745331261503112e-12,-2.638333995719222e-12,0.06337279681452837,0.3627754992672123,0.08615318842835536
time_dependent,prepared,0.01,0.0005,0.1085,0.503235133559787,0.7556558369770305,2.6896262994569042e-12,1.7796635504146006e-12,-2.687405853407654e-12,0.06362441438130827,0.3626492889155078,0.08608768931222151
time_dependent,prepared,0.01,0.0005,0.109,0.5027077173613504,0.755532232930231,2.7094992915976945e-12,1.793106351720035e-12,-2.705724533313969e-12,0.06387576823998894,0.3625228766577178,0.0860221471394693
time_dependent,prepared,0.01,0.0005,0.1095,0.5021820637096049,0.7554076264612231,2.6632585026220568e-12,1.7627956147951823e-12,-2.6606494785141876e-12,0.06412685927184375,0.36239626387634916,0.08595656255512824
time_dependent,prepared,0.01,0.0005,0.11,0.5016581612805758,0.7552820202104435,2.6825208720993032e-12,1.7758405471820387e-12,-2.6860735857781037e-12,0.06437768835248404,0.3622694519468818,0.08589093619952624
time_dependent,prepared,0.01,0.0005,0.1105,0.5011359988696455,0.755155416861439,2.644828800413279e-12,1.75118177090024e-12,-2.635114348947809e-12,0.06462825635191886,0.36214244223788056,0.08582526870834523
time_dependent,prepared,0.01,0.0005,0.111,0.5006155653900007,0.7550278191397989,2.7211566333562587e-12,1.8020240873055257e-12,-2.722710945590734e-12,0.06487856413461386,0.3620152361110062,0.08575956071265879
time_dependent,prepared,0.01,0.0005,0.1115,0.5000968498702719,0.7548992298118937,2.611022509313443e-12,1.7293848014386927e-12,-2.612687843850381e-12,0.06512861255954899,0.3618878349210339,0.08569381283898005
time_dependent,prepared,0.01,0.0005,0.112,0.49957984145340567,0.7547696516837812,2.7221558340784213e-12,1.8033023903390783e-12,-2.72076805529764e-12,0.0653784024802757,0.36176024001591695,0.08562802570930714
time_dependent,prepared,0.01,0.0005,0.1125,0.4990645293940251,0.7546390876000654,2.662425835353588e-12,1.7640391805147866e-12,-2.660927034270344e-12,0.06562793474497271,0.3616324527368147,0.08556219994116872
time_dependent,prepared,0.01,0.0005,0.113,0.4985509030573757,0.7545075404428203,2.7097213362026196e-12,1.7956887048520541e-12,-2.7153279624769766e-12,0.06587721019650139,0.3615044744181199,0.08549633614766732
time_dependent,prepared,0.01,0.0005,0.1135,0.49803895191704445,0.7543750131304247,2.6291191446148332e-12,1.7425810100073532e-12,-2.6250668305749514e-12,0.06612622967245992,0.3613763063875082,0.08543043493751487
time_dependent,prepared,0.01,0.0005,0.114,0.49752866555384156,0.7542415086166379,2.691513678598767e-12,1.7842518926931623e-12,-2.697286838326818e-12,0.06637499400523683,0.3612479499659798,0.08536449691508786
time_dependent,prepared,0.01,0.0005,0.1145,0.497020033653411,0.7541070298894029,2.5854873797470646e-12,1.7142708377362687e-12,-2.585986980108146e-12,0.06662350402206353,0.36111940646785556,0.08529852268045861
time_dependent,prepared,0.01,0.0005,0.115,0.4965130460054044,0.7539715799699193,2.6859625634756412e-12,1.7812094214333762e-12,-2.6845747846948598e-12,0.06687176054506623,0.3609906772008773,0.08523251282943749
time_dependent,prepared,0.01,0.0005,0.1155,0.49600769250104504,0.7538351619116141,2.6756930004978585e-12,1.7747202145015029e-12,-2.6744162440195396e-12,0.06711976439131676,0.3608617634661684,0.08516646795361678
time_dependent,prepared,0.01,0.0005,0.116,0.4955039631323131,0.7536977787991214,2.7383650902379486e-12,1.8166201143620553e-12,-2.7351454434665357e-12,0.06736751637288291,0.3607326665583346,0.08510038864040907
time_dependent,prepared,0.01,0.0005,0.1165,0.4950018479898826,0.753559433747299,2.6932900354381673e-12,1.7870455300653372e-12,-2.6902924332716793e-12,0.06761501729687786,0.360603387765452,0.08503427547308484
time_dependent,prepared,0.01,0.0005,0.117,0.4945013372618889,0.7534201299003682,2.6229574068281636e-12,1.740700376010962e-12,-2.628897100009908e-12,0.0678622679655088,0.36047392836913283,0.08496812903081125
time_dependent,prepared,0.01,0.0005,0.11750000000000001,0.4940024212323964,0.7532798704308623,2.6207369607789133e-12,1.7395506395752622e-12,-2.617461802856269e-12,0.068109269176125,0.36034428964453113,0.08490194988868868
time_dependent,prepared,0.01,0.0005,0.11800000000000001,0.4935050902799191,0.7531386585387889,2.6765811789175586e-12,1.7769511288305158e-12,-2.6780244688495713e-12,0.06835602172126497,0.3602144728604036,0.08483573861779418
time_dependent,prepared,0.01,0.0005,0.11850000000000001,0.4930093348759261,0.7529964974506295,2.645828001135442e-12,1.7568660744695354e-12,-2.647826402579767e-12,0.06860252638870293,0.3600844792791154,0.08476949578521129
time_dependent,prepared,0.01,0.0005,0.11900000000000001,0.4925151455836219,0.7528533904185706,2.659039655128481e-12,1.7659744174396396e-12,-2.6643132144954507e-12,0.06884878396149474,0.3599543101566955,0.08470322195406708
time_dependent,prepared,0.01,0.0005,0.11950000000000001,0.49202251305642153,0.752709340719559,2.636002527367509e-12,1.751009576181813e-12,-2.6313395906640835e-12,0.06909479521802295,0.3598239667428651,0.08463691768357415
time_dependent,prepared,0.01,0.0005,0.12,0.49153142803675537,0.7525643516544709,2.639444218743847e-12,1.7536335683031937e-12,-2.6330604363522525e-12,0.06934056093204133,0.3596934502810481,0.08457058352905798
time_dependent,prepared,0.01,0.0005,0.1205,0.4910418813546178,0.7524184265473034,2.67752486848849e-12,1.7792791710128287e-12,-2.677302823883565e-12,0.06958608187271864,0.35956276200845205,0.08450422004199239
time_dependent,prepared,0.01,0.0005,0.121,0.4905538639263146,0.752271568744243,2.6454949342280543e-12,1.7583377095052872e-12,-2.647826402579767e-12,0.0698313588046818,0.3594319031560444,0.08443782777004336
time_dependent,prepared,0.01,0.0005,0.1215,0.49006736675330836,0.7521237816130255,2.6780799800008026e-12,1.7803452340335192e-12,-2.679634292235278e-12,0.07007639248805846,0.3593008749486117,0.08437140725708916
time_dependent,prepared,0.01,0.0005,0.122,0.48958238092077716,0.7519750685420056,2.6522117835270365e-12,1.7634971520164206e-12,-2.6466051572526794e-12,0.07032118367851885,0.3591696786048007,0.08430495904326567
time_dependent,prepared,0.01,0.0005,0.1225,0.48909889759666636,0.751825432939458,2.666089571334851e-12,1.7730775353703782e-12,-2.673861132507227e-12,0.07056573312731718,0.3590383153371284,0.08423848366498614
time_dependent,prepared,0.01,0.0005,0.123,0.48861690803016955,0.7516748782327759,2.6345592374354965e-12,1.75245928374303e-12,-2.6317836798739336e-12,0.07081004158133226,0.35890678635202516,0.0841719816549879
time_dependent,prepared,0.01,0.0005,0.1235,0.48813640355081245,0.7515234078677748,2.6086910409617303e-12,1.7356019876736717e-12,-2.6031399258386045e-12,0.07105410978310767,0.35877509284986664,0.08410545354235507
time_dependent,prepared,0.01,0.0005,0.124,0.4876573755672862,0.7513710253079319,2.622402295315851e-12,1.7450781351573573e-12,-2.6270097208680454e-12,0.0712979384708913,0.3586432360249959,0.0840388998525503
time_dependent,prepared,0.01,0.0005,0.1245,0.4871798155661032,0.7512177340336454,2.652544850434424e-12,1.7654966930739012e-12,-2.653210984249199e-12,0.07154152837867435,0.35851121706576183,0.08397232110745008
time_dependent,prepared,0.01,0.0005,0.125,0.4867037151107324,0.7510635375415603,2.637501328450753e-12,1.7558443437950648e-12,-2.6320057244788586e-12,0.07178488023622971,0.358379037154543,0.08390571782536917
time_dependent,prepared,0.01,0.0005,0.1255,0.4862290658404253,0.7509084393439281,2.667199794359476e-12,1.7759820336318785e-12,-2.664812814856532e-12,0.07202799476914992,0.35824669746778876,0.08383909052109881
time_dependent,prepared,0.01,0.0005,0.126,0.48575585946906746,0.7507524429678214,2.669808818467345e-12,1.7780886652253164e-12,-2.6685875731402575e-12,0.07227087269888445,0.3581141991760375,0.0837724397059291
time_dependent,prepared,0.01,0.0005,0.1265,0.485284087784242,0.7505955519546085,2.6315061241177773e-12,1.7529454559519574e-12,-2.6358359939138154e-12,0.07251351474277658,0.35798154344395444,0.08370576588768422
time_dependent,prepared,0.01,0.0005,0.127,0.48481374264619614,0.7504377698591543,2.571554080788019e-12,1.7133693052698122e-12,-2.576772129003757e-12,0.07275592161409968,0.35784873143034035,0.08363906957074203
time_dependent,prepared,0.01,0.0005,0.1275,0.4843448159868876,0.7502791002493169,2.6574298317427747e-12,1.7709608536709923e-12,-2.6558200083570682e-12,0.07299809402209312,0.35771576428821233,0.08357235125607625
time_dependent,prepared,0.01,0.0005,0.128,0.4838772998086596,0.7501195467052731,2.6664781493934697e-12,1.7773687948145197e-12,-2.6718627310629017e-12,0.07324003267199745,0.35758264316476135,0.08350561144127332
time_dependent,prepared,0.01,0.0005,0.1285,0.483411186183693,0.7499591128188821,2.6117441542794495e-12,1.7412576963416724e-12,-2.6082469517518803e-12,0.0734817382650893,0.35744936920144244,0.08343885062056554
time_dependent,prepared,0.01,0.0005,0.129,0.48294646725287327,0.7497978021931874,2.605637927644011e-12,1.7375603929605372e-12,-2.607303262180949e-12,0.07372321149871575,0.35731594353397617,0.08337206928485491
time_dependent,prepared,0.01,0.0005,0.1295,0.4824831352249356,0.7496356184416735,2.6572077871378497e-12,1.7723329320029424e-12,-2.6543212072738243e-12,0.07396445306632822,0.3571823672923628,0.08330526792174832
time_dependent,prepared,0.01,0.0005,0.13,0.48202118237520447,0.7494725651878625,2.632727369444865e-12,1.756386752315825e-12,-2.63428168167934e-12,0.07420546365751582,0.35704864160095334,0.08323844701557111
time_dependent,prepared,0.01,0.0005,0.1305,0.4815606010451751,0.7493086460646382,2.605637927644011e-12,1.7386946896477613e-12,-2.6049162826780048e-12,0.07444624395803841,0.35691476757844304,0.08317160704740474
time_dependent,prepared,0.01,0.0005,0.131,0.4811013836414039,0.7491438647137632,2.6452728896231292e-12,1.7655306371822045e-12,-2.64310795472511e-12,0.07468679464985911,0.3567807463379054,0.08310474849510911
time_dependent,prepared,0.01,0.0005,0.1315,0.4806435226344793,0.7489782247852933,2.615963001773025e-12,1.7463545101851024e-12,-2.6225133176183135e-12,0.07492711641117634,0.35664657898682967,0.08303787183334735
time_dependent,prepared,0.01,0.0005,0.132,0.48018701055848495,0.7488117299370721,2.6358359939138154e-12,1.7600124894749471e-12,-2.637667861904447e-12,0.07516720991645559,0.35651226662713953,0.08297097753361155
time_dependent,prepared,0.01,0.0005,0.1325,0.47973184000990493,0.7486443838342608,2.58837395961109e-12,1.7287072577436475e-12,-2.5962565430859286e-12,0.07540707583646054,0.3563778103552253,0.08290406606424901
time_dependent,prepared,0.01,0.0005,0.133,0.4792780036469714,0.7484761901487537,2.627120743170508e-12,1.7549795021828139e-12,-2.629507722673452e-12,0.07564671483828403,0.35624321126197406,0.08283713789048498
time_dependent,prepared,0.01,0.0005,0.1335,0.4788254941887068,0.7483071525587311,2.6881830095248915e-12,1.796176209413607e-12,-2.6800228702938966e-12,0.07588612758537838,0.3561084704327873,0.0827701934744497
time_dependent,prepared,0.01,0.0005,0.134,0.4783743044140808,0.7481372747482216,2.590316849904184e-12,1.7311775106857535e-12,-2.5850988016884457e-12,0.07612531473758542,0.35597358894761816,0.08270323327519949
time_dependent,prepared,0.01,0.0005,0.1345,0.4779244271616369,0.7479665604065021,2.6165181132853377e-12,1.749087627566362e-12,-2.621292072291226e-12,0.07636427695116624,0.3558385678809947,0.08263625774874285
time_dependent,prepared,0.01,0.0005,0.135,0.47747585532815073,0.7477950132277686,2.607081217576024e-12,1.743179060741741e-12,-2.5990321006474915e-12,0.07660301487883031,0.3557034083020423,0.08256926734806452
time_dependent,prepared,0.01,0.0005,0.1355,0.4770285818682794,0.7476226369106165,2.55306886742801e-12,1.7074582425524443e-12,-2.5517365997984598e-12,0.07684152916976444,0.3555681112745213,0.08250226252314692
time_dependent,prepared,0.01,0.0005,0.136,0.47658259979373535,0.7474494351576058,2.6300073230345333e-12,1.7593212325294942e-12,-2.62501131942372e-12,0.07707982046966132,0.3554326778568358,0.08243524372099245
time_dependent,prepared,0.01,0.0005,0.1365,0.4761379021723387,0.7472754116748606,2.58043586498502e-12,1.7265628071429922e-12,-2.590094805299259e-12,0.0773178894207475,0.35529710910208206,0.08236821138564836
time_dependent,prepared,0.01,0.0005,0.137,0.47569448212762316,0.747100570171602,2.600697435184429e-12,1.740527004672575e-12,-2.602362769721367e-12,0.0775557366618113,0.3551614060580622,0.0823011659582292
time_dependent,prepared,0.01,0.0005,0.1375,0.4752523328379159,0.7469249143597341,2.5937030301292907e-12,1.7362541938690827e-12,-2.5908719614164966e-12,0.07779336282823025,0.3550255697672977,0.08223410787693783
time_dependent,prepared,0.01,0.0005,0.138,0.47481144753574717,0.7467484479535333,2.624789274818795e-12,1.757478895341146e-12,-2.6246227413651013e-12,0.07803076855199813,0.3548896012670893,0.08216703757708652
time_dependent,prepared,0.01,0.0005,0.1385,0.47437181950708407,0.7465711746691086,2.5902058276017215e-12,1.7347346880525127e-12,-2.591593606382503e-12,0.07826795446175167,0.3547535015895067,0.0820999554911208
time_dependent,prepared,0.01,0.0005,0.139,0.47393344209083116,0.7463930982241075,2.6440516442960416e-12,1.7712192479956933e-12,-2.6489921367556235e-12,0.07850492118279707,0.35461727176143726,0.08203286204863904
time_dependent,prepared,0.01,0.0005,0.1395,0.47349630867783593,0.7462142223373314,2.6152413568070187e-12,1.7523395283266243e-12,-2.6169066913439565e-12,0.07874166933713599,0.35448091280460864,0.08196575767641225
time_dependent,prepared,0.01,0.0005,0.14,0.47306041271068916,0.746034550728352,2.6363355942748967e-12,1.76689912799373e-12,-2.627120743170508e-12,0.07897819954349133,0.35434442573559743,0.08189864279841341
time_dependent,prepared,0.01,0.0005,0.1405,0.4726257476827012,0.7458540871171562,2.6119106877331433e-12,1.750952855821986e-12,-2.6116886431282182e-12,0.07921451241733268,0.3542078115658766,0.0818315178358229
time_dependent,prepared,0.01,0.0005,0.14100000000000001,0.472192307137592,0.7456728352237614,2.6868507418953413e-12,1.8016284186376664e-12,-2.678635091513115e-12,0.07945060857090148,0.35407107130183574,0.08176438320706503
time_dependent,prepared,0.01,0.0005,0.14150000000000001,0.4717600846685639,0.7454907987679302,2.6685875731402575e-12,1.789819255680852e-12,-2.665034859461457e-12,0.07968648861323577,0.35393420594478603,0.08169723932781596
time_dependent,prepared,0.01,0.0005,0.14200000000000002,0.4713290739178481,0.7453079814687852,2.5613955401126987e-12,1.7183470483306326e-12,-2.5621726962299363e-12,0.07992215315019469,0.35379721649101087,0.08163008661102912
time_dependent,prepared,0.01,0.0005,0.14250000000000002,0.4708992685764006,0.7451243870445114,2.6117441542794495e-12,1.7525558146299503e-12,-2.6186275370321255e-12,0.08015760278448289,0.35366010393177394,0.08156292546695951
time_dependent,prepared,0.01,0.0005,0.14300000000000002,0.4704706623827337,0.7449400192120135,2.6279534104389768e-12,1.7638691321847306e-12,-2.6282864773463643e-12,0.08039283811567426,0.35352286925335097,0.08149575630317117
time_dependent,prepared,0.01,0.0005,0.14350000000000002,0.4700432491227007,0.7447548816866009,2.563449452708255e-12,1.721002114748517e-12,-2.5654478541525805e-12,0.0806278597402356,0.3533855134370716,0.08142857952456564
time_dependent,prepared,0.01,0.0005,0.14400000000000002,0.4696170226290132,0.7445689781817068,2.5409119253083645e-12,1.7062971999646872e-12,-2.531752585355207e-12,0.08086266825155011,0.3532480374592961,0.0813613955334005
time_dependent,prepared,0.01,0.0005,0.1445,0.46919197678054514,0.7443823124085746,2.6326718582936337e-12,1.768360031131398e-12,-2.6283419884975956e-12,0.08109726423994039,0.35311044229147864,0.08129420472930317
time_dependent,prepared,0.01,0.0005,0.145,0.46876810550156467,0.7441948880759539,2.559286116365911e-12,1.7194999303060953e-12,-2.562117185078705e-12,0.08133164829269117,0.3529727289001883,0.0812270075092956
time_dependent,prepared,0.01,0.0005,0.1455,0.4683454027617043,0.7440067088898211,2.546851618490109e-12,1.711578395768814e-12,-2.5521251778570786e-12,0.08156582099407202,0.3528348982471226,0.08115980426781007
time_dependent,prepared,0.01,0.0005,0.146,0.467923862575028,0.7438177785531367,2.5954238758174597e-12,1.7446637810012498e-12,-2.5959789873297723e-12,0.08179978292535953,0.3526969512891355,0.08109259539670385
time_dependent,prepared,0.01,0.0005,0.1465,0.4675034789996739,0.7436281007654851,2.6311175460591585e-12,1.7691084719270637e-12,-2.6272872766242017e-12,0.08203353466485937,0.35255888897824905,0.08102538128528221
time_dependent,prepared,0.01,0.0005,0.147,0.46708424613726507,0.7434376792229482,2.624511719062639e-12,1.7651188474877838e-12,-2.6222357618621572e-12,0.082267076787928,0.3524207122617058,0.08095816232031688
time_dependent,prepared,0.01,0.0005,0.1475,0.46666615813248663,0.7432465176176956,2.5711655027294e-12,1.7296855362109385e-12,-2.571776125392944e-12,0.08250040986699424,0.352282422081965,0.08089093888605782
time_dependent,prepared,0.01,0.0005,0.148,0.46624920917263124,0.7430546196378335,2.6104118866498993e-12,1.7565410520680395e-12,-2.6106339312548243e-12,0.08273353447158055,0.3521440193767289,0.0808237113642592
time_dependent,prepared,0.01,0.0005,0.1485,0.46583339348689173,0.7428619889671025,2.5145996396247483e-12,1.6925079469450756e-12,-2.5107138590385603e-12,0.08296645116832399,0.35200550507898887,0.08075648013418499
time_dependent,prepared,0.01,0.0005,0.149,0.4654187053461967,0.7426686292847554,2.5355273436389325e-12,1.7070381349462033e-12,-2.534583654068001e-12,0.08319916052099709,0.3518668801170177,0.08068924557264022
time_dependent,prepared,0.01,0.0005,0.1495,0.4650051390625465,0.7424745442650847,2.572220214602794e-12,1.7321942108765291e-12,-2.5794921754140887e-12,0.08343166309052837,0.3517281454144127,0.08062200805397592
time_dependent,prepared,0.01,0.0005,0.15,0.4645926889884703,0.7422797375774601,2.6064150837612488e-12,1.7556824952969177e-12,-2.6074697956346427e-12,0.0836639594350226,0.3515893018901204,0.0805547679501115
time_dependent,prepared,0.01,0.0005,0.1505,0.46418134951673834,0.7420842128859466,2.6220692284084635e-12,1.766692501250411e-12,-2.61618504637795e-12,0.08389605010978096,0.35145035045843404,0.08048752563055132
time_dependent,prepared,0.01,0.0005,0.151,0.46377111507986585,0.7418879738491189,2.5726087926614127e-12,1.7338256470916695e-12,-2.571332036183094e-12,0.0841279356673209,0.3513112920290455,0.08042028146239961
time_dependent,prepared,0.01,0.0005,0.1515,0.46336198014970986,0.7416910241198997,2.5537905123940163e-12,1.7215999852633925e-12,-2.559730205575761e-12,0.08435961665739575,0.35117212750706284,0.08035303581037694
time_dependent,prepared,0.01,0.0005,0.152,0.46295393923696077,0.7414933673452501,2.568167900562912e-12,1.7317537915094314e-12,-2.568389945167837e-12,0.08459109362701422,0.351032857793007,0.08028578903683707
time_dependent,prepared,0.01,0.0005,0.1525,0.46254698689075674,0.7412950071660733,2.59853250028641e-12,1.7526979644823798e-12,-2.5919266732898905e-12,0.0848223671204596,0.35089348378286694,0.08021854150178247
time_dependent,prepared,0.01,0.0005,0.153,0.4621411176981626,0.7410959472170031,2.553901534696479e-12,1.7230572804254324e-12,-2.5501822875639846e-12,0.08505343767930867,0.3507540063681061,0.08015129356288035
time_dependent,prepared,0.01,0.0005,0.1535,0.461736326283958,0.7408961911261557,2.5391355684689643e-12,1.7135569050538306e-12,-2.537359211629564e-12,0.08528430584245066,0.350614426435681,0.0800840455754771
time_dependent,prepared,0.01,0.0005,0.154,0.46133260731015163,0.7406957425149746,2.6236235406429387e-12,1.7710534771875314e-12,-2.6212365611399946e-12,0.08551497214610573,0.35047474486808206,0.08001679789261497
time_dependent,prepared,0.01,0.0005,0.1545,0.46092995547534743,0.7404946049980803,2.585820446654452e-12,1.746008971028655e-12,-2.5962010319346973e-12,0.0857454371238434,0.3503349625433158,0.07994955086504592
time_dependent,prepared,0.01,0.0005,0.155,0.460528365514742,0.7402927821830363,2.603028903536142e-12,1.758107715068854e-12,-2.5990321006474915e-12,0.08597570130660077,0.3501950803349803,0.07988230484125153
time_dependent,prepared,0.01,0.0005,0.1555,0.46012783219950193,0.7400902776702843,2.620681449627682e-12,1.7705147119839445e-12,-2.626898698565583e-12,0.08620576522270053,0.35005509911224786,0.07981506016744755
time_dependent,prepared,0.01,0.0005,0.156,0.4597283503362744,0.7398870950528068,2.504607632403122e-12,1.6925606955072824e-12,-2.5118240820631854e-12,0.08643562939786867,0.3499150197398851,0.07974781718761147
time_dependent,prepared,0.01,0.0005,0.1565,0.45932991476727775,0.7396832379161258,2.5316970742039757e-12,1.7113386814956576e-12,-2.5340285425556885e-12,0.0866652943552523,0.34977484307830664,0.07968057624348986
time_dependent,prepared,0.01,0.0005,0.157,0.4589325203693379,0.7394787098380897,2.5404678360985145e-12,1.717742378715941e-12,-2.5454638397093277e-12,0.08689476061543697,0.349634569983574,0.0796133376746133
time_dependent,prepared,0.01,0.0005,0.1575,0.4585361620539027,0.7392735143886978,2.5831004002441205e-12,1.747053255638113e-12,-2.579159108506701e-12,0.08712402869646392,0.349494201307402,0.07954610181831116
time_dependent,prepared,0.01,0.0005,0.158,0.4581408347665725,0.7390676551299772,2.617461802856269e-12,1.7707863310506467e-12,-2.6276758546828205e-12,0.08735309911384721,0.3493537378972252,0.07947886900972709
time_dependent,prepared,0.01,0.0005,0.1585,0.45774653348662675,0.738861135615803,2.53497223212662e-12,1.715459177596005e-12,-2.534361609463076e-12,0.08758197238059053,0.3492131805961539,0.07941163958183468
time_dependent,prepared,0.01,0.0005,0.159,0.4573532532271275,0.738653959391847,2.604971793829236e-12,1.7633235161762241e-12,-2.6086910409617303e-12,0.08781064900720409,0.3490725302430713,0.07934441386544426
time_dependent,prepared,0.01,0.0005,0.1595,0.45696098903384214,0.7384461299953139,2.5492941091442844e-12,1.726120569658928e-12,-2.5441870832310087e-12,0.088039129501721,0.3489317876725927,0.07927719218922906
time_dependent,prepared,0.01,0.0005,0.16,0.45656973598571027,0.7382376509549221,2.5820456883707266e-12,1.7487903014878027e-12,-2.580380353833789e-12,0.08826741436971386,0.34879095371510516,0.07920997487972566
time_dependent,prepared,0.01,0.0005,0.1605,0.4561794891938096,0.7380285257907359,2.5871527142840023e-12,1.7527457434707893e-12,-2.5819901772194953e-12,0.08849550411431076,0.34865002919681054,0.07914276226135668
time_dependent,prepared,0.01,0.0005,0.161,0.45579024380146094,0.7378187580140212,2.601086013243048e-12,1.7626862864260719e-12,-2.5990321006474915e-12,0.08872339923621149,0.3485090149396981,0.07907555465644212
time_dependent,prepared,0.01,0.0005,0.1615,0.45540199498375555,0.7376083511271093,2.558231404492517e-12,1.7341393983534428e-12,-2.561229006659005e-12,0.08895110023370337,0.3483679117616235,0.0790083523852083
time_dependent,prepared,0.01,0.0005,0.162,0.4550147379472995,0.7373973086233504,2.5515145551935348e-12,1.730081277318839e-12,-2.5444091278359338e-12,0.08917860760267701,0.34822672047628506,0.0789411557658096
time_dependent,prepared,0.01,0.0005,0.1625,0.45462846792980666,0.7371856339869483,2.516264974161686e-12,1.7066698387410122e-12,-2.5176527529424675e-12,0.08940592183664192,0.3480854418932535,0.07887396511433349
time_dependent,prepared,0.01,0.0005,0.163,0.45424318019990745,0.7369733306928715,2.523370401519287e-12,1.7119821684338288e-12,-2.5183188867572426e-12,0.08963304342674187,0.34794407681800626,0.07880678074481735
time_dependent,prepared,0.01,0.0005,0.1635,0.4538588700567758,0.7367604022067222,2.558453449097442e-12,1.7362859359908584e-12,-2.564670698035343e-12,0.08985997286177026,0.3478026260519312,0.07873960296926226
time_dependent,prepared,0.01,0.0005,0.164,0.4534755328296585,0.7365468519846297,2.5014990079341715e-12,1.6981261960387314e-12,-2.4950597143913456e-12,0.09008671062818509,0.34766109039235066,0.07867243209764511
time_dependent,prepared,0.01,0.0005,0.1645,0.4530931638780985,0.7363326834732479,2.573774526837269e-12,1.7476981428370077e-12,-2.5812130211022577e-12,0.09031325721012413,0.34751947063255245,0.07860526843792726
time_dependent,prepared,0.01,0.0005,0.165,0.45271175859092455,0.7361179001094522,2.5421886817866834e-12,1.7267537451570595e-12,-2.547073663095034e-12,0.0905396130894196,0.34737776756179467,0.07853811229607423
time_dependent,prepared,0.01,0.0005,0.1655,0.4523313123866119,0.7359025053204954,2.510436303282404e-12,1.705685389795482e-12,-2.5111579482484103e-12,0.09076577874561291,0.34723598196532324,0.07847096397606243
time_dependent,prepared,0.01,0.0005,0.166,0.45195182071267487,0.7356865025237241,2.571332036183094e-12,1.747573203638924e-12,-2.577604796272226e-12,0.09099175465596925,0.3470941146244187,0.07840382377989316
time_dependent,prepared,0.01,0.0005,0.1665,0.45157327904528216,0.7354698951265976,2.5101587475262477e-12,1.7064999969100616e-12,-2.5079383014769974e-12,0.09121754129549188,0.3469521663163785,0.07833669200760739
time_dependent,prepared,0.01,0.0005,0.167,0.45119568288940426,0.7352526865265495,2.5391355684689643e-12,1.7267094802875591e-12,-2.5370816558734077e-12,0.09144313913693658,0.3468101378145573,0.07826956895729446
time_dependent,prepared,0.01,0.0005,0.1675,0.4508190277781225,0.7350348801109066,2.5635604750107177e-12,1.7438359351187807e-12,-2.5628388300447114e-12,0.09166854865082565,0.3466680298883863,0.07820245492510555
time_dependent,prepared,0.01,0.0005,0.168,0.4504433092724666,0.7348164792568758,2.495115225542577e-12,1.6977812120256648e-12,-2.497280160440596e-12,0.09189377030546188,0.34652584330339775,0.07813535020526331
time_dependent,prepared,0.01,0.0005,0.1685,0.4500685229613509,0.7345974873313988,2.4804602816175247e-12,1.6883125278744162e-12,-2.485012196018488e-12,0.09211880456694255,0.34638357882120874,0.07806825509007978
time_dependent,prepared,0.01,0.0005,0.169,0.4496946644611644,0.7343779076910841,2.5589530494585233e-12,1.7422590076950463e-12,-2.5551782911747978e-12,0.09234365189917312,0.34624123719959193,0.07800116986996142
time_dependent,prepared,0.01,0.0005,0.1695,0.4493217294153639,0.7341577436821813,2.5229818234606682e-12,1.7182831926571206e-12,-2.522482223099587e-12,0.0925683127638808,0.3460988191924566,0.07793409483342519
time_dependent,prepared,0.01,0.0005,0.17,0.44894971349459356,0.7339369986404404,2.5876523146450836e-12,1.7628572475797932e-12,-2.5805468872874826e-12,0.0927927876206281,0.3459563255498818,0.07786703026710706
time_dependent,prepared,0.01,0.0005,0.1705,0.44857861239598473,0.7337156758911711,2.495392781298733e-12,1.700517559655234e-12,-2.504607632403122e-12,0.09301707692682609,0.34581375701813294,0.07779997645577583
time_dependent,prepared,0.01,0.0005,0.171,0.44820842184341375,0.7334937787490146,2.5575097595265106e-12,1.743375222543759e-12,-2.562949852347174e-12,0.0932411811377478,0.345671114339679,0.07773293368234371
time_dependent,prepared,0.01,0.0005,0.1715,0.447839137586781,0.7332713105180052,2.518873998269555e-12,1.7175593549990517e-12,-2.5239255130315996e-12,0.0934651007065412,0.3455283982532127,0.07766590222787502
time_dependent,prepared,0.01,0.0005,0.17200000000000001,0.4474707554021366,0.7330482744915017,2.5131008385415043e-12,1.714144160751538e-12,-2.519262576328174e-12,0.09368883608424226,0.34538560949366753,0.07759888237160409
time_dependent,prepared,0.01,0.0005,0.17250000000000001,0.4471032710912229,0.7328246739520369,2.5030533201686467e-12,1.7078118471814691e-12,-2.502442697505103e-12,0.09391238771978787,0.3452427487922325,0.07753187439093803
time_dependent,prepared,0.01,0.0005,0.17300000000000001,0.44673668048135995,0.7326005121714153,2.538025345444339e-12,1.7322028194583696e-12,-2.5463520181290278e-12,0.09413575606002855,0.34509981687638897,0.07746487856147176
time_dependent,prepared,0.01,0.0005,0.17350000000000002,0.44637097942505427,0.7323757924105136,2.5064950115449847e-12,1.7112082605098906e-12,-2.5045521212518906e-12,0.09435894154974107,0.3449568144698978,0.07739789515700132
time_dependent,prepared,0.01,0.0005,0.17400000000000002,0.4460061638001271,0.732150517919349,2.544464638987165e-12,1.7376649860288921e-12,-2.5469626407925716e-12,0.09458194463164114,0.3448137422928353,0.0773309244495316
time_dependent,prepared,0.01,0.0005,0.17450000000000002,0.44564222950901355,0.7319246919369424,2.539302101922658e-12,1.7346744343317099e-12,-2.5383029012004954e-12,0.09480476574639565,0.3446706010616179,0.07726396670928605
time_dependent,prepared,0.01,0.0005,0.17500000000000002,0.44527917247898635,0.7316983176913304,2.5699442574023124e-12,1.7561501750520215e-12,-2.5678348336555246e-12,0.09502740533263515,0.34452739148901224,0.07719702220471847
time_dependent,prepared,0.01,0.0005,0.17550000000000002,0.44491698866156276,0.7314713983994814,2.4935609133081016e-12,1.7044828538477133e-12,-2.4961144262647394e-12,0.09524986382696593,0.3443841142841451,0.07713009120252837
time_dependent,prepared,0.01,0.0005,0.176,0.4445556740327082,0.7312439372673335,2.5324742303212133e-12,1.731620668050057e-12,-2.5336399644970697e-12,0.09547214166398228,0.34424077015252313,0.07706317396766217
time_dependent,prepared,0.01,0.0005,0.1765,0.444195224592148,0.7310159374896349,2.520983422016343e-12,1.7243012721919906e-12,-2.5165980410690736e-12,0.09569423927627836,0.34409735979607353,0.07699627076332861
time_dependent,prepared,0.01,0.0005,0.177,0.443835636363594,0.7307874022500074,2.5947022308514534e-12,1.775278434506443e-12,-2.586264535864302e-12,0.09591615709446016,0.3439538839131293,0.0769293818510141
time_dependent,prepared,0.01,0.0005,0.1775,0.44347690539418294,0.7305583347209068,2.595312853514997e-12,1.7762529904623342e-12,-2.5974777884130162e-12,0.09613789554715725,0.3438103431984661,0.07686250749048248
time_dependent,prepared,0.01,0.0005,0.178,0.44311902775451883,0.730328738063484,2.5702218131584686e-12,1.75963349050803e-12,-2.5674462555969058e-12,0.09635945506103451,0.3436667383433059,0.07679564793979247
time_dependent,prepared,0.01,0.0005,0.1785,0.4427619995384171,0.7300986154277007,2.514988217683367e-12,1.7223619964035438e-12,-2.5128787939365793e-12,0.09658083606080371,0.34352307003536253,0.07672880345530679
time_dependent,prepared,0.01,0.0005,0.179,0.4424058168626775,0.7298679699521976,2.5068835896036035e-12,1.7173541604815768e-12,-2.5038304762858843e-12,0.09680203896923505,0.34337933895881734,0.07666197429169887
time_dependent,prepared,0.01,0.0005,0.1795,0.44205047586693896,0.7296368047642953,2.574607194105738e-12,1.7643073768276443e-12,-2.575495372525438e-12,0.09702306420716851,0.3432355457943659,0.0765951607019673
time_dependent,prepared,0.01,0.0005,0.18,0.44169597271327277,0.7294051229799893,2.5333624087409135e-12,1.736594883229258e-12,-2.5351387655803137e-12,0.09724391219352514,0.3430916912192329,0.07652836293744204
time_dependent,prepared,0.01,0.0005,0.1805,0.44134230358639637,0.7291729277039035,2.5439650386260837e-12,1.7444181907797585e-12,-2.5460189512216402e-12,0.09746458334531834,0.3429477759071731,0.0764615812477971
time_dependent,prepared,0.01,0.0005,0.181,0.44098946469303646,0.7289402220292557,2.511546526307029e-12,1.7227383332689128e-12,-2.503941498588347e-12,0.09768507807766486,0.3428038005285046,0.07639481588105784
time_dependent,prepared,0.01,0.0005,0.1815,0.4406374522621861,0.7287070090378815,2.5159874184055298e-12,1.7263367767815678e-12,-2.5155433291956797e-12,0.09790539680379595,0.3426597657501135,0.0763280670836098
time_dependent,prepared,0.01,0.0005,0.182,0.44028626254449577,0.7284732918001776,2.471300941664367e-12,1.696219318866985e-12,-2.4719670754791423e-12,0.0981255399350682,0.34251567223548485,0.0762613351002134
time_dependent,prepared,0.01,0.0005,0.1825,0.4399358918125192,0.7282390733750751,2.5193735986306365e-12,1.7297709575991745e-12,-2.5238700018803684e-12,0.09834550788097446,0.3423715206447034,0.07619462017400777
time_dependent,prepared,0.01,0.0005,0.183,0.4395863363601546,0.7280043568100237,2.5432989048113086e-12,1.7467607721134506e-12,-2.544464638987165e-12,0.09856530104915454,0.34222731163447595,0.07612792254652472
time_dependent,prepared,0.01,0.0005,0.1835,0.43923759250258015,0.7277691451410829,2.5098811917700914e-12,1.7243663107476247e-12,-2.511324481702104e-12,0.09878491984540583,0.3420830458581551,0.0760612424576915
time_dependent,prepared,0.01,0.0005,0.184,0.43888965657633144,0.7275334413927038,2.492783757190864e-12,1.7131746909219068e-12,-2.4978907831041397e-12,0.09900436467369399,0.34193872396574665,0.07599458014584776
time_dependent,prepared,0.01,0.0005,0.1845,0.4385425249388329,0.7272972485779045,2.523148356914362e-12,1.734606010021031e-12,-2.5232038680655933e-12,0.0992236359361634,0.34179434660392216,0.07592793584775309
time_dependent,prepared,0.01,0.0005,0.185,0.4381961939682489,0.7270605696981747,2.4522051056408145e-12,1.6863829561371107e-12,-2.4485413696595515e-12,0.09944273403314753,0.341649914416061,0.07586130979859067
time_dependent,prepared,0.01,0.0005,0.1855,0.43785066006360124,0.7268234077434856,2.5314195184478194e-12,1.7414267973994677e-12,-2.534361609463076e-12,0.09966165936317933,0.3415054280422188,0.07579470223198113
time_dependent,prepared,0.01,0.0005,0.186,0.4375059196441747,0.7265857656922154,2.5012769633292464e-12,1.7212537606912683e-12,-2.5032198536223405e-12,0.09988041232300142,0.341360888119193,0.075728113379992
time_dependent,prepared,0.01,0.0005,0.1865,0.4371619691497278,0.7263476465112605,2.4543145293876023e-12,1.6894902469718451e-12,-2.4523716390945083e-12,0.10009899330757628,0.34121629528051145,0.07566154347314503
time_dependent,prepared,0.01,0.0005,0.187,0.4368188050402101,0.7261090531559803,2.546185484675334e-12,1.7533079043733577e-12,-2.5503488210176783e-12,0.10031740271009638,0.3410716501564531,0.07559499274042374
time_dependent,prepared,0.01,0.0005,0.1875,0.43647642379538987,0.7258699885701211,2.5285884497350253e-12,1.7417640139053307e-12,-2.5304203177256568e-12,0.10053564092199407,0.34092695337406265,0.07552846140928633
time_dependent,prepared,0.01,0.0005,0.188,0.43613482191510783,0.725630455685917,2.5587310048535983e-12,1.763108883316091e-12,-2.5542346016038664e-12,0.10075370833295162,0.34078220555717675,0.07546194970567113
time_dependent,prepared,0.01,0.0005,0.1885,0.43579399591875645,0.7253904574240403,2.5404678360985145e-12,1.751103705661921e-12,-2.530475828876888e-12,0.100971605330911,0.3406374073264219,0.07539545785400496
time_dependent,prepared,0.01,0.0005,0.189,0.43545394234532936,0.7251499966935885,2.468247828346648e-12,1.7018877746650555e-12,-2.4681923171954168e-12,0.10118933230208367,0.34049255929924965,0.07532898607721357
time_dependent,prepared,0.01,0.0005,0.1895,0.4351146577532657,0.7249090763921008,2.491062911502695e-12,1.7181899031369057e-12,-2.4854007740771067e-12,0.1014068896309603,0.3403476620899242,0.07526253459673207
time_dependent,prepared,0.01,0.0005,0.19,0.4347761387202038,0.7246676994055862,2.529143561247338e-12,1.7450367687958715e-12,-2.5274782267104e-12,0.1016242777003204,0.3402027163095814,0.07519610363250703
time_dependent,prepared,0.01,0.0005,0.1905,0.4344383818428496,0.7244258686084342,2.5286994720374878e-12,1.7453127929366395e-12,-2.5286439608862565e-12,0.10184149689124182,0.3400577225661986,0.07512969340301338
time_dependent,prepared,0.01,0.0005,0.191,0.43410138373677165,0.7241835868635783,2.4336643811295744e-12,1.6802813715135597e-12,-2.42816877715768e-12,0.10205854758311021,0.33991268146463444,0.07506330412525404
time_dependent,prepared,0.01,0.0005,0.1915,0.43376514103669234,0.7239408570223103,2.4560353750757713e-12,1.6962955960060669e-12,-2.4590884883934905e-12,0.10227543015362855,0.3397675936066387,0.07499693601477662
time_dependent,prepared,0.01,0.0005,0.192,0.43342965039569287,0.7236976819243922,2.5177082640936987e-12,1.7394751475467313e-12,-2.515210262288292e-12,0.1024921449788264,0.33962245959087506,0.07493058928567366
time_dependent,prepared,0.01,0.0005,0.1925,0.4330949084853831,0.7234540643981257,2.49217313452732e-12,1.722412836671517e-12,-2.5027757644124904e-12,0.1027086924330691,0.33947728001291694,0.07486426415060156
time_dependent,prepared,0.01,0.0005,0.193,0.4327609119958764,0.7232100072601624,2.460254222569347e-12,1.7009265620408707e-12,-2.4545365739925273e-12,0.10292507288906703,0.33933205546528283,0.0747979608207743
time_dependent,prepared,0.01,0.0005,0.1935,0.43242765763559093,0.7229655133157196,2.442435143024113e-12,1.6891781821087876e-12,-2.4401036746724003e-12,0.10314128671788483,0.339186786537442,0.074731679505986
time_dependent,prepared,0.01,0.0005,0.194,0.4320951421309494,0.722720585358462,2.515376795741986e-12,1.740213885349625e-12,-2.513433905448892e-12,0.1033573342889503,0.33904147381582567,0.0746654204146076
time_dependent,prepared,0.01,0.0005,0.1945,0.43176336222630846,0.7224752261705498,2.472966276201305e-12,1.7114540309602924e-12,-2.4780733021145807e-12,0.10357321597006346,0.3388961178838535,0.07459918375360453
time_dependent,prepared,0.01,0.0005,0.195,0.43143231468402693,0.722229438522654,2.485678329833263e-12,1.720837034082638e-12,-2.488231842789901e-12,0.10378893212740548,0.3387507193219325,0.07453296972853592
time_dependent,prepared,0.01,0.0005,0.1955,0.4311019962840059,0.7219832251739529,2.4384383401354626e-12,1.6887084457840647e-12,-2.4347746041541996e-12,0.10400448312554748,0.33860527870748724,0.07446677854357017
time_dependent,prepared,0.01,0.0005,0.196,0.4307724038239744,0.7217365888721589,2.4200641490779162e-12,1.6765563686161716e-12,-2.4293345113335363e-12,0.10421986932745947,0.33845979661495795,0.07440061040148338
time_dependent,prepared,0.01,0.0005,0.1965,0.4304435341189737,0.721489532353503,2.497113626986902e-12,1.730526580778644e-12,-2.4926172237371702e-12,0.10443509109451896,0.3383142736158429,0.07433446550368222
time_dependent,prepared,0.01,0.0005,0.197,0.43011538400132676,0.7212420583428159,2.508715457594235e-12,1.739163314570215e-12,-2.5133783942976606e-12,0.10465014878651963,0.33816871027867274,0.07426834405019371
time_dependent,prepared,0.01,0.0005,0.1975,0.4297879503206643,0.7209941695534454,2.537581256234489e-12,1.7597793181890074e-12,-2.5376922785369516e-12,0.10486504276167996,0.33802310716905365,0.07420224623968587
time_dependent,prepared,0.01,0.0005,0.198,0.42946122994364044,0.72074586868732,2.512379193575498e-12,1.7429022507939343e-12,-2.5111579482484103e-12,0.10507977337665178,0.33787746484968056,0.07413617226947135
time_dependent,prepared,0.01,0.0005,0.1985,0.4291352197539646,0.7204971584350474,2.5285884497350253e-12,1.7547525483811747e-12,-2.527866804769019e-12,0.10529434098652876,0.3377317838803374,0.0740701223355145
time_dependent,prepared,0.01,0.0005,0.199,0.42880991665203355,0.7202480414757387,2.470801341303286e-12,1.7152433599378805e-12,-2.4681368060441855e-12,0.10550874594485478,0.33758606481792636,0.07400409663243858
time_dependent,prepared,0.01,0.0005,0.1995,0.4284853175552114,0.719998520477173,2.45597986392454e-12,1.705545076879235e-12,-2.451483460674808e-12,0.10572298860363238,0.33744030821646226,0.07393809535353559
time_dependent,prepared,0.01,0.0005,0.2,0.4281614193972276,0.7197485980958385,2.4438229218048946e-12,1.697692033208613e-12,-2.43699505020345e-12,0.105937069313331,0.33729451462711096,0.07387211869076978
time_dependent,prepared,0.01,0.0005,0.2005,0.42783821912845654,0.7194982769768127,2.4562574196806963e-12,1.7069237677657854e-12,-2.4606428006279657e-12,0.10615098842289522,0.3371486845981852,0.0738061668347918
time_dependent,prepared,0.01,0.0005,0.201,0.4275157137156037,0.7192475597538814,2.5105473255848665e-12,1.7452595365353528e-12,-2.5191515540257114e-12,0.10636474627975302,0.3370028186751664,0.07374023997493558
time_dependent,prepared,0.01,0.0005,0.2015,0.42719390014153175,0.7189964490495384,2.497557716196752e-12,1.7368359186571825e-12,-2.4903412665366886e-12,0.10657834322982379,0.3368569174007126,0.07367433829923999
time_dependent,prepared,0.01,0.0005,0.202,0.4268727754053318,0.718744947475008,2.4121815656030776e-12,1.6780511460102514e-12,-2.411015831427221e-12,0.10679177961752645,0.3367109813146748,0.07360846199444097
time_dependent,prepared,0.01,0.0005,0.2025,0.42655233652224345,0.7184930576302656,2.4337198922808057e-12,1.6936279804175008e-12,-2.4375501617157624e-12,0.10700505578578758,0.33656501095411845,0.07354261124598925
time_dependent,prepared,0.01,0.0005,0.203,0.4262325805232752,0.7182407821040168,2.4628077355259848e-12,1.7144722194047558e-12,-2.4648616481215413e-12,0.10721817207604921,0.33641900685333026,0.07347678623805327
time_dependent,prepared,0.01,0.0005,0.20350000000000001,0.42591350445528003,0.7179881234737931,2.499278561884921e-12,1.74047347036082e-12,-2.501610030236634e-12,0.10743112882827685,0.33627296954381786,0.07341098715352753
time_dependent,prepared,0.01,0.0005,0.20400000000000001,0.4255951053807656,0.7177350843059139,2.471078897059442e-12,1.721442180470282e-12,-2.4670820941707916e-12,0.10764392638096723,0.3361268995543521,0.07334521417403919
time_dependent,prepared,0.01,0.0005,0.20450000000000002,0.42527738037798946,0.717481667155554,2.5142665727173608e-12,1.752146910373843e-12,-2.519928710142949e-12,0.10785656507115622,0.3359807974109612,0.07327946747995678
time_dependent,prepared,0.01,0.0005,0.20500000000000002,0.4249603265405105,0.717227874566707,2.4534818621191334e-12,1.7103921564657112e-12,-2.458533376881178e-12,0.10806904523442648,0.33583466363694847,0.07321374725039274
time_dependent,prepared,0.01,0.0005,0.20550000000000002,0.424643940977488,0.7169737090722762,2.4795721031978246e-12,1.729193185062507e-12,-2.4763524564264117e-12,0.10828136720491523,0.3356884987529017,0.07314805366321597
time_dependent,prepared,0.01,0.0005,0.20600000000000002,0.4243282208131221,0.7167191731940633,2.415512234676953e-12,1.6851176339458994e-12,-2.417455124970047e-12,0.10849353131532179,0.33554230327670775,0.07308238689505515
time_dependent,prepared,0.01,0.0005,0.20650000000000002,0.42401316318706106,0.7164642694427727,2.443045765687657e-12,1.7049320321190345e-12,-2.4397706077650128e-12,0.10870553789691531,0.3353960777235812,0.0730167471213087
time_dependent,prepared,0.01,0.0005,0.20700000000000002,0.4236987652537695,0.7162090003181109,2.4185653479946723e-12,1.688449423922598e-12,-2.417399613818816e-12,0.1089173872795422,0.3352498226060459,0.07295113451614621
time_dependent,prepared,0.01,0.0005,0.20750000000000002,0.4233850241828907,0.7159533683087097,2.4533153286654397e-12,1.713320613643233e-12,-2.465916359994935e-12,0.10912907979163365,0.335103538433984,0.07288554925251985
time_dependent,prepared,0.01,0.0005,0.20800000000000002,0.42307193715879093,0.7156973758922397,2.467359649926948e-12,1.7237450723126568e-12,-2.4732438319574612e-12,0.10934061576021305,0.3349572257146123,0.07281999150217386
time_dependent,prepared,0.01,0.0005,0.2085,0.42275950138068946,0.7154410255353792,2.4668045384146353e-12,1.7239747584816108e-12,-2.4618640459550534e-12,0.10955199551090339,0.3348108849525354,0.07275446143564021
time_dependent,prepared,0.01,0.0005,0.209,0.4224477140624978,0.7151843196938799,2.4218405059173165e-12,1.693158280476448e-12,-2.419398015263141e-12,0.10976321936793464,0.3346645166497193,0.07268895922225904
time_dependent,prepared,0.01,0.0005,0.2095,0.4221365724327303,0.7149272608125847,2.483568906086475e-12,1.7369381769407859e-12,-2.4812929488859936e-12,0.109974287654151,0.3345181213055282,0.07262348503017538
time_dependent,prepared,0.01,0.0005,0.21,0.42182607373426384,0.7146698513254136,2.4442114998635134e-12,1.7100284105495316e-12,-2.4438229218048946e-12,0.11018520069101813,0.33437169941673156,0.07255803902635061
time_dependent,prepared,0.01,0.0005,0.2105,0.4215162152245184,0.7144120936554467,2.448652391962014e-12,1.7137534580558044e-12,-2.4500401707427955e-12,0.11039595879863039,0.33422525147751436,0.07249262137656448
time_dependent,prepared,0.01,0.0005,0.211,0.42120699417511454,0.7141539902149389,2.4782398355682744e-12,1.735087858865074e-12,-2.4782398355682744e-12,0.11060656229571794,0.3340787779794933,0.07242723224542837
time_dependent,prepared,0.01,0.0005,0.2115,0.420898407871925,0.7138955434053261,2.4908963780490012e-12,1.7445804229025756e-12,-2.4950597143913456e-12,0.11081701149965391,0.33393227941172704,0.07236187179638755
time_dependent,prepared,0.01,0.0005,0.212,0.4205904536148481,0.7136367556172786,2.4243940188739543e-12,1.6986190802159523e-12,-2.4272805987379797e-12,0.11102730672646133,0.333785756260721,0.07229654019172571
time_dependent,prepared,0.01,0.0005,0.2125,0.42028312871801904,0.7133776292307,2.4515944829772707e-12,1.7183006464730576e-12,-2.4590884883934905e-12,0.11123744829082034,0.3336392090104661,0.07223123759257634
time_dependent,prepared,0.01,0.0005,0.213,0.4199764305092007,0.7131181666148007,2.398026222039107e-12,1.6813666614458848e-12,-2.3962498651997066e-12,0.11144743650607494,0.33349263814241226,0.07216596415892557
time_dependent,prepared,0.01,0.0005,0.2135,0.4196703563303416,0.7128583701281006,2.494504602879033e-12,1.7496495148302785e-12,-2.495337270147502e-12,0.11165727168424011,0.3333460441355081,0.07210072004961957
time_dependent,prepared,0.01,0.0005,0.214,0.4193649035367799,0.7125982421184158,2.4553692412609962e-12,1.7228285842787313e-12,-2.4580337765200966e-12,0.1118669541360085,0.33319942746622194,0.07203550542237011
time_dependent,prepared,0.01,0.0005,0.2145,0.4190600694977733,0.7123377849230049,2.3994140008198883e-12,1.684182737179381e-12,-2.404298982128239e-12,0.11207648417075738,0.333052788608508,0.07197032043376338
time_dependent,prepared,0.01,0.0005,0.215,0.4187558515961414,0.7120770008684859,2.4662494269023227e-12,1.7317294505299895e-12,-2.472966276201305e-12,0.11228586209655546,0.3329061280338687,0.07190516523926273
time_dependent,prepared,0.01,0.0005,0.2155,0.4184522472280309,0.7118158922708918,2.383815367323905e-12,1.6744606247233928e-12,-2.3850366126509925e-12,0.11249508822016947,0.3327594462113453,0.07184003999321716
time_dependent,prepared,0.01,0.0005,0.216,0.4181492538032063,0.7115544614357944,2.4465429682152262e-12,1.7191536985618202e-12,-2.4489299477181703e-12,0.11270416284707108,0.33261274360752807,0.07177494484886687
time_dependent,prepared,0.01,0.0005,0.2165,0.41784686874458543,0.7112927106581678,2.463529380491991e-12,1.731726857012348e-12,-2.464584092365385e-12,0.11291308628144336,0.332466020686572,0.07170987995834911
time_dependent,prepared,0.01,0.0005,0.217,0.41754508948839464,0.7110306422225617,2.4401036746724003e-12,1.7158920655239704e-12,-2.444988655980751e-12,0.11312185882618757,0.33231927791020177,0.071644845472703
time_dependent,prepared,0.01,0.0005,0.2175,0.4172439134840345,0.710768258403107,2.467137605322023e-12,1.73554289752661e-12,-2.464584092365385e-12,0.11333048078292958,0.3321725157377437,0.07157984154188016
time_dependent,prepared,0.01,0.0005,0.218,0.41694333819394636,0.7105055614634538,2.4396595854625502e-12,1.716847634825903e-12,-2.436384427539906e-12,0.11353895245202655,0.3320257346261054,0.07151486831474566
time_dependent,prepared,0.01,0.0005,0.2185,0.4166433610935768,0.7102425536569523,2.434052959188193e-12,1.713536415588858e-12,-2.4440449664098196e-12,0.11374727413257334,0.3318789350298236,0.0714499259390847
time_dependent,prepared,0.01,0.0005,0.219,0.4163439796712909,0.7099792372265392,2.4721891200840673e-12,1.7410291670902345e-12,-2.4745760995870114e-12,0.11395544612240899,0.33173211740104136,0.07138501456161318
time_dependent,prepared,0.01,0.0005,0.2195,0.4160451914282314,0.7097156144048723,2.4437674106536633e-12,1.7216525612858769e-12,-2.4413804311507192e-12,0.1141634687181231,0.3315852821895526,0.0713201343279782
time_dependent,prepared,0.01,0.0005,0.22,0.4157469938783999,0.7094516874143306,2.446043367854145e-12,1.7238970681462356e-12,-2.446098879005376e-12,0.1143713422150623,0.3314384298427855,0.07125528538276434
time_dependent,prepared,0.01,0.0005,0.2205,0.4154493845483542,0.7091874584670411,2.4207857940439226e-12,1.7067319543922071e-12,-2.4205082382877663e-12,0.11457906690733648,0.3312915608058237,0.07119046786950457
time_dependent,prepared,0.01,0.0005,0.221,0.4151523609773747,0.7089229297648878,2.440214696974863e-12,1.7210719208785875e-12,-2.4388269181940814e-12,0.11478664308782516,0.3311446755214307,0.07112568193068003
time_dependent,prepared,0.01,0.0005,0.2215,0.41485592071713495,0.7086581034996351,2.4421020761167256e-12,1.7230467442991536e-12,-2.4434343437462758e-12,0.11499407104818372,0.33099777443003897,0.07106092770772911
time_dependent,prepared,0.01,0.0005,0.222,0.4145600613317666,0.7083929818528222,2.4042434709770077e-12,1.696970137030833e-12,-2.40168995802037e-12,0.1152013510788496,0.3308508579697737,0.07099620534105254
time_dependent,prepared,0.01,0.0005,0.2225,0.4142647803979364,0.7081275669959165,2.4466539905176887e-12,1.7275517184657005e-12,-2.4412138976970255e-12,0.11540848346904857,0.33070392657647446,0.07093151497001915
time_dependent,prepared,0.01,0.0005,0.223,0.41397007550434783,0.7078618610903098,2.444988655980751e-12,1.727023866076459e-12,-2.441991053814263e-12,0.11561546850680074,0.33055698068368006,0.07086685673297188
time_dependent,prepared,0.01,0.0005,0.2235,0.4136759442520935,0.7075958662873234,2.4435453660487383e-12,1.7266532228809708e-12,-2.4435453660487383e-12,0.11582230647892679,0.33041002072266223,0.07080223076723116
time_dependent,prepared,0.01,0.0005,0.224,0.41338238425433205,0.7073295847282803,2.3822610550894296e-12,1.6839823375976562e-12,-2.3908097723790434e-12,0.11602899767105396,0.33026304712242277,0.07073763720910416
time_dependent,prepared,0.01,0.0005,0.2245,0.4130893931364065,0.707063018544484,2.438327317833e-12,1.724264495439307e-12,-2.4375501617157624e-12,0.11623554236762217,0.3301160603097186,0.07067307619388759
time_dependent,prepared,0.01,0.0005,0.225,0.41279696853549436,0.7067961698573496,2.4014124022642136e-12,1.6988012277604755e-12,-2.399136445063732e-12,0.11644194085188991,0.32996906070905746,0.07060854785587554
time_dependent,prepared,0.01,0.0005,0.2255,0.412505108100863,0.7065290407783503,2.5066615449986784e-12,1.7739267604858526e-12,-2.501832074841559e-12,0.11664819340594035,0.32982204874271437,0.07054405232836171
time_dependent,prepared,0.01,0.0005,0.226,0.41221380949341124,0.7062616334090727,2.4425461653265756e-12,1.729207739582541e-12,-2.435551760271437e-12,0.11685430031068705,0.32967502483075645,0.07047958974364682
time_dependent,prepared,0.01,0.0005,0.2265,0.4119230703860463,0.7059939498412585,2.4121260544518464e-12,1.7083192108020812e-12,-2.4087398742267396e-12,0.11706026184588007,0.3295279893910306,0.07041516023304653
time_dependent,prepared,0.01,0.0005,0.227,0.41163288846332974,0.7057259921568712,2.441324919999488e-12,1.729654956121128e-12,-2.4384383401354626e-12,0.11726607829011174,0.3293809428391813,0.0703507639268929
time_dependent,prepared,0.01,0.0005,0.2275,0.4113432614213322,0.7054577624280766,2.3764323842101476e-12,1.6843193956976473e-12,-2.3800961201914106e-12,0.1174717499208224,0.3292338855886775,0.07028640095453943
time_dependent,prepared,0.01,0.0005,0.228,0.4110541869679686,0.7051892627172698,2.3848700791972988e-12,1.6909432724512624e-12,-2.378874874864323e-12,0.11767727701430639,0.329086818050802,0.0702220714443716
time_dependent,prepared,0.01,0.0005,0.2285,0.41076566282234594,0.7049204950772143,2.3389623571290485e-12,1.659025644352252e-12,-2.3404056470610612e-12,0.11788265984571755,0.3289397406346722,0.07015777552380882
time_dependent,prepared,0.01,0.0005,0.229,0.4104776867153573,0.7046514615509248,2.464584092365385e-12,1.7487965517992194e-12,-2.4705237855471296e-12,0.11808789868907522,0.3287926537472515,0.07009351331930636
time_dependent,prepared,0.01,0.0005,0.2295,0.41019025638884943,0.7043821641718135,2.3959723094435503e-12,1.7007616257976742e-12,-2.3994695119711196e-12,0.11829299381726965,0.3286455577933604,0.07002928495636757
time_dependent,prepared,0.01,0.0005,0.23,0.40990336959631235,0.7041126049637255,2.368383267281615e-12,1.6818213809704814e-12,-2.370270646423478e-12,0.11849794550206781,0.32849845317567383,0.06996509055954307
time_dependent,prepared,0.01,0.0005,0.2305,0.4096170241024067,0.7038427859408538,2.3964163986534004e-12,1.7023804509454044e-12,-2.3908097723790434e-12,0.11870275401411902,0.32835134029475593,0.0699009302524411
time_dependent,prepared,0.01,0.0005,0.231,0.4093312176828212,0.7035727091079765,2.3742674493121285e-12,1.6872935935209407e-12,-2.379985097888948e-12,0.11890741962296043,0.32820421954903906,0.069836804157729
time_dependent,prepared,0.01,0.0005,0.2315,0.4090459481245798,0.7033023764602446,2.4074076065971894e-12,1.71150253942669e-12,-2.4050761382454766e-12,0.11911194259702272,0.328057091334871,0.06977271239713867
time_dependent,prepared,0.01,0.0005,0.232,0.4087612132255664,0.7030317899834436,2.4259483311084296e-12,1.7253475345413435e-12,-2.4240054408153355e-12,0.1193163232036355,0.3279099560464886,0.06970865509147392
time_dependent,prepared,0.01,0.0005,0.2325,0.40847701079465387,0.7027609516539074,2.3979707108878756e-12,1.7061069665583288e-12,-2.4014124022642136e-12,0.11952056170903283,0.3277628140760576,0.06964463236061329
time_dependent,prepared,0.01,0.0005,0.233,0.4081933386517838,0.7024898634385586,2.428834910972455e-12,1.7287330660399544e-12,-2.429279000182305e-12,0.11972465837835872,0.32761566581366824,0.06958064432351731
time_dependent,prepared,0.01,0.0005,0.2335,0.40791019462753575,0.702218527294982,2.3323010189812976e-12,1.6606661091396208e-12,-2.3352431099965543e-12,0.11992861347567249,0.32746851164732893,0.06951669109823073
time_dependent,prepared,0.01,0.0005,0.234,0.4076275765635705,0.7019469451714397,2.418953926053291e-12,1.7230318777570369e-12,-2.4231172623956354e-12,0.12013242726395428,0.3273213519630244,0.06945277280189133
time_dependent,prepared,0.01,0.0005,0.23450000000000001,0.4073454823119585,0.7016751190069037,2.3996360454248133e-12,1.7099338286477707e-12,-2.399969112332201e-12,0.12033610000511026,0.32717418714467417,0.06938888955073015
time_dependent,prepared,0.01,0.0005,0.23500000000000001,0.40706390973565737,0.7014030507311039,2.442157587267957e-12,1.740908871666679e-12,-2.4393265185551627e-12,0.12053963195997809,0.327027017574179,0.06932504146007948
time_dependent,prepared,0.01,0.0005,0.23550000000000001,0.4067828567080548,0.7011307422645373,2.297495527159299e-12,1.6384216157281886e-12,-2.302436019618881e-12,0.12074302338833212,0.32687984363139866,0.06926122864438036
time_dependent,prepared,0.01,0.0005,0.23600000000000002,0.4065023211134296,0.7008581955185492,2.4267809983768984e-12,1.7312924453834604e-12,-2.4270585541330547e-12,0.12094627454888883,0.32673266569419707,0.06919745121718081
time_dependent,prepared,0.01,0.0005,0.23650000000000002,0.4062223008460742,0.7005854123953269,2.3927526626721374e-12,1.7076809053782203e-12,-2.39241959576475e-12,0.12114938569931187,0.3265854841384206,0.06913370929114633
time_dependent,prepared,0.01,0.0005,0.23700000000000002,0.4059427938110571,0.7003123947879232,2.392253062311056e-12,1.707989948565326e-12,-2.389699549354418e-12,0.1213523570962174,0.3264382993379278,0.06907000297806207
time_dependent,prepared,0.01,0.0005,0.23750000000000002,0.4056637979237214,0.700039144580342,2.409683563797671e-12,1.7211062998756133e-12,-2.4040214263720827e-12,0.12155518899517927,0.3262911116646005,0.06900633238883842
time_dependent,prepared,0.01,0.0005,0.23800000000000002,0.405385311109611,0.6997656636475759,2.3901436385642683e-12,1.7078171756109043e-12,-2.389255460144568e-12,0.12175788165073408,0.32614392148832894,0.06894269763351742
time_dependent,prepared,0.01,0.0005,0.23850000000000002,0.4051073313046784,0.6994919538555474,2.4089064076804334e-12,1.721897152925472e-12,-2.405187160547939e-12,0.12196043531638641,0.3259967291770531,0.06887909882127384
time_dependent,prepared,0.01,0.0005,0.23900000000000002,0.40482985645497316,0.699218017061282,2.363165219065877e-12,1.6898629335911171e-12,-2.3552826355910383e-12,0.1221628502446139,0.3258495350967517,0.0688155360604214
time_dependent,prepared,0.01,0.0005,0.23950000000000002,0.4045528845167445,0.6989438551128125,2.356947970127976e-12,1.6860781827344204e-12,-2.3570034812792073e-12,0.12236512668687227,0.3257023396114501,0.06875200945842189
time_dependent,prepared,0.01,0.0005,0.24,0.4042764134562782,0.6986694698493203,2.3858692799194614e-12,1.7074377676971774e-12,-2.3865909248854678e-12,0.12256726489360041,0.32555514308324945,0.06868851912188324
time_dependent,prepared,0.01,0.0005,0.2405,0.40400044124984247,0.6983948631010991,2.3234747459355276e-12,1.663439172228933e-12,-2.3284152383951096e-12,0.12276926511422533,0.32540794587232347,0.06862506515656772
time_dependent,prepared,0.01,0.0005,0.241,0.4037249658838342,0.698120036689607,2.3810953209135732e-12,1.705362398850742e-12,-2.381927988182042e-12,0.12297112759716725,0.3252607483369192,0.06856164766739399
time_dependent,prepared,0.01,0.0005,0.2415,0.4034499853543515,0.6978449924275381,2.404965115943014e-12,1.7231370447847656e-12,-2.4043544932794703e-12,0.12317285258984442,0.32511355083338145,0.0684982667584489
time_dependent,prepared,0.01,0.0005,0.242,0.40317549766748656,0.6975697321188071,2.4043544932794703e-12,1.723379314331995e-12,-2.408795385377971e-12,0.12337444033867817,0.32496635371615357,0.06843492253298164
time_dependent,prepared,0.01,0.0005,0.2425,0.4029015008390563,0.6972942575586222,2.3768764734199976e-12,1.7043568390609615e-12,-2.3760438061515288e-12,0.1235758910890977,0.3248191573377938,0.06837161509341683
time_dependent,prepared,0.01,0.0005,0.243,0.40262799289467494,0.6970185705334954,2.3578916596989075e-12,1.6914123664525882e-12,-2.3574475704890574e-12,0.12377720508554503,0.32467196204897786,0.0683083445413528
time_dependent,prepared,0.01,0.0005,0.2435,0.402354971869695,0.6967426728213049,2.388755859783487e-12,1.7142310590125442e-12,-2.395694753687394e-12,0.12397838257147988,0.3245247681984948,0.06824511097757413
time_dependent,prepared,0.01,0.0005,0.244,0.4020824358090217,0.6964665661912652,2.4085178296218146e-12,1.7290979542557233e-12,-2.406852495084877e-12,0.12417942378938439,0.32437757613330487,0.06818191450204586
time_dependent,prepared,0.01,0.0005,0.2445,0.40181038276711545,0.6961902524040967,2.3964719098046317e-12,1.7211329098080352e-12,-2.395916798292319e-12,0.12438032898076795,0.3242303861984877,0.06811875521392542
time_dependent,prepared,0.01,0.0005,0.245,0.4015388108080851,0.6959137332118801,2.3861468356756177e-12,1.714398438911848e-12,-2.38403741192883e-12,0.124581098386172,0.32408319873728436,0.06805563321156648
time_dependent,prepared,0.01,0.0005,0.2455,0.401267718005444,0.6956370103582364,2.366218332383596e-12,1.700756498824743e-12,-2.3718804698091844e-12,0.12478173224517472,0.32393601409110656,0.06799254859251933
time_dependent,prepared,0.01,0.0005,0.246,0.40099710244217657,0.6953600855782847,2.3884783040273305e-12,1.7174398944950156e-12,-2.3757662503953725e-12,0.12498223079639581,0.32378883259953595,0.06792950145353949
time_dependent,prepared,0.01,0.0005,0.2465,0.40072696221062143,0.6950829605987343,2.3550605909861133e-12,1.6940859756895126e-12,-2.347233518662506e-12,0.1251825942775011,0.32364165460034217,0.06786649189059109
time_dependent,prepared,0.01,0.0005,0.247,0.40045729541243036,0.6948056371378822,2.3703816687259405e-12,1.7057875915387123e-12,-2.371380869448103e-12,0.12538282292520733,0.3234944804294759,0.06780351999884762
time_dependent,prepared,0.01,0.0005,0.2475,0.4001881001585168,0.6945281169056141,2.322031456003515e-12,1.6716612326259468e-12,-2.328970349907422e-12,0.1255829169752866,0.3233473104211023,0.06774058587270254
time_dependent,prepared,0.01,0.0005,0.248,0.39991937456915866,0.6942504016034978,2.401967513776526e-12,1.7298999814941331e-12,-2.3999136011809696e-12,0.12578287666257118,0.32320014490758314,0.0676776896057693
time_dependent,prepared,0.01,0.0005,0.2485,0.39965111677357257,0.6939724929248368,2.3779866964446228e-12,1.7133148076361183e-12,-2.37565522809291e-12,0.12598270222095798,0.32305298421950923,0.06761483129088408
time_dependent,prepared,0.01,0.0005,0.249,0.3993833249102797,0.6936943925546077,2.3530066783905568e-12,1.6959966115059356e-12,-2.3531732118442505e-12,0.12618239388341312,0.32290582868568457,0.06755201102011751
time_dependent,prepared,0.01,0.0005,0.2495,0.3991159971268004,0.693416102169619,2.3441248941935555e-12,1.690272901692863e-12,-2.351729921912238e-12,0.1263819518819765,0.3227586786331594,0.0674892288847699
time_dependent,prepared,0.01,0.0005,0.25,0.3988491315797573,0.6931376234383932,2.365774243173746e-12,1.7065689144343363e-12,-2.36816122267669e-12,0.1265813764477664,0.3226115343872284,0.06742648497538188
time_dependent,prepared,0.01,0.0005,0.2505,0.3985827264345806,0.6928589580213784,2.350286631980225e-12,1.696078693048896e-12,-2.3589463715723014e-12,0.12678066781098368,0.3224643962714373,0.06736377938173435
time_dependent,prepared,0.01,0.0005,0.251,0.3983167798658275,0.6925801075708274,2.3649970870565085e-12,1.7073816163645818e-12,-2.3672175331057588e-12,0.1269798262009166,0.3223172646075814,0.06730111219285839
time_dependent,prepared,0.01,0.0005,0.2515,0.39805129005685,0.6923010737309192,2.4115154317883025e-12,1.7416666846897024e-12,-2.4006907572982072e-12,0.12717885184594502,0.3221701397157451,0.0672384834970315
time_dependent,prepared,0.01,0.0005,0.252,0.39778625519975896,0.6920218581377903,2.3466784071501934e-12,1.6955233274430482e-12,-2.348066185930975e-12,0.1273777449735449,0.3220230219142742,0.0671758933817886
time_dependent,prepared,0.01,0.0005,0.2525,0.3975216734955998,0.6917424624195085,2.372657625926422e-12,1.7149862519813407e-12,-2.3719359809604157e-12,0.1275765058102927,0.32187591151981165,0.06711334193392175
time_dependent,prepared,0.01,0.0005,0.253,0.3972575431540574,0.6914628881961963,2.3785418079569354e-12,1.719934539189582e-12,-2.3828161666017422e-12,0.12777513458186973,0.3217288088472918,0.06705082923948719
time_dependent,prepared,0.01,0.0005,0.2535,0.39699386239348367,0.6911831370799727,2.3740454047072035e-12,1.7173779837372103e-12,-2.3747115385219786e-12,0.12797363151306648,0.3215817142099425,0.06698835538380733
time_dependent,prepared,0.01,0.0005,0.254,0.3967306294409272,0.6909032106750443,2.356281836313201e-12,1.705218473371246e-12,-2.355893258254582e-12,0.12817199682778693,0.32143462791932453,0.066925920451477
time_dependent,prepared,0.01,0.0005,0.2545,0.3964678425321201,0.690623110577747,2.3975266216780255e-12,1.7357706286922482e-12,-2.4020785360789887e-12,0.128370230749053,0.32128755028530037,0.06686352452636628
time_dependent,prepared,0.01,0.0005,0.255,0.39620549991113607,0.6903428383765278,2.4054647163040954e-12,1.7422247197905402e-12,-2.406630450479952e-12,0.12856833349900856,0.3211404816160678,0.06680116769162137
time_dependent,prepared,0.01,0.0005,0.2555,0.3959435998306524,0.6900623956520341,2.3068214005661503e-12,1.6714585630931232e-12,-2.307154467473538e-12,0.12876630529892388,0.3209934222181563,0.06673885002967575
time_dependent,prepared,0.01,0.0005,0.256,0.3956821405519677,0.6897817839770881,2.365718732022515e-12,1.7148312603867183e-12,-2.354783035229957e-12,0.12896414636919987,0.3208463723964426,0.06667657162224604
time_dependent,prepared,0.01,0.0005,0.2565,0.3954211203445553,0.6895010049168043,2.3587798381186076e-12,1.7104977522108071e-12,-2.3600565945969265e-12,0.12916185692937215,0.3206993324541568,0.06661433255034477
time_dependent,prepared,0.01,0.0005,0.257,0.39516053748632235,0.6892200600285407,2.2681301281579636e-12,1.6454324675781401e-12,-2.2704615965096764e-12,0.12935943719811532,0.3205523026928827,0.0665521328942744
time_dependent,prepared,0.01,0.0005,0.2575,0.3949003902636817,0.6889389508619607,2.3518409442147004e-12,1.7068572921216014e-12,-2.3514523661560816e-12,0.12955688739324717,0.3204052834125827,0.06648997273363956
time_dependent,prepared,0.01,0.0005,0.258,0.39464067697104765,0.6886576789590823,2.301991930409031e-12,1.6713615492422035e-12,-2.300049040115937e-12,0.12975420773173268,0.32025827491158776,0.06642785214734498
time_dependent,prepared,0.01,0.0005,0.2585,0.39438139591128185,0.6883762458543047,2.3187007869296394e-12,1.6841812895854113e-12,-2.3165913631828516e-12,0.12995139842968834,0.32011127748661444,0.06636577121360722
time_dependent,prepared,0.01,0.0005,0.259,0.3941225453953561,0.688094653074423,2.3212542998862773e-12,1.6867260118291456e-12,-2.3190893649882582e-12,0.130148459702386,0.31996429143277166,0.06630373000994487
time_dependent,prepared,0.01,0.0005,0.2595,0.3938641237424434,0.6878129021386837,2.32225350060844e-12,1.6881433114904578e-12,-2.326361325799553e-12,0.13034539176425722,0.3198173170435742,0.06624172861320049
time_dependent,prepared,0.01,0.0005,0.26,0.393606129279721,0.6875309945588037,2.328970349907422e-12,1.6937202601302385e-12,-2.334965554240398e-12,0.1305421948288971,0.31967035461093474,0.06617976709952718
time_dependent,prepared,0.01,0.0005,0.2605,0.3933485603426108,0.6872489318389967,2.388977904388412e-12,1.7380732029598343e-12,-2.379318964074173e-12,0.1307388691090684,0.3195234044251859,0.06611784554440432
time_dependent,prepared,0.01,0.0005,0.261,0.3930914152743176,0.686966715476051,2.3581137043038325e-12,1.7163231137520763e-12,-2.354338946020107e-12,0.13093541481670556,0.3193764667750829,0.06605596402263575
time_dependent,prepared,0.01,0.0005,0.2615,0.39283469242620545,0.6866843469593025,2.2750690220618708e-12,1.656561003707383e-12,-2.271016708021989e-12,0.13113183216291865,0.3192295419478146,0.06599412260835343
time_dependent,prepared,0.01,0.0005,0.262,0.3925783901576493,0.6864018277706891,2.332356530132529e-12,1.6989731348062146e-12,-2.3351320876940918e-12,0.13132812135799748,0.3190826302290058,0.06593232137502458
time_dependent,prepared,0.01,0.0005,0.2625,0.39232250683571634,0.6861191593847916,2.386424391431774e-12,1.7390742983823759e-12,-2.3904211943204245e-12,0.13152428261141536,0.3189357319027316,0.06587056039545126
time_dependent,prepared,0.01,0.0005,0.263,0.3920670408353528,0.68583634326887,2.2964963264371363e-12,1.674230557313139e-12,-2.3017143746528745e-12,0.13172031613183302,0.3187888472515151,0.06580883974177901
time_dependent,prepared,0.01,0.0005,0.2635,0.391811990539517,0.6855533808828927,2.311317803815882e-12,1.6857314603534927e-12,-2.3130941606552824e-12,0.13191622212710277,0.31864197655634,0.06574715948549294
time_dependent,prepared,0.01,0.0005,0.264,0.3915573543388057,0.6852702736795512,2.3676061111643776e-12,1.7274980413548748e-12,-2.370048601818553e-12,0.13211200080427218,0.31849512009667147,0.06568551969743208
time_dependent,prepared,0.01,0.0005,0.2645,0.39130313063149375,0.6849870231042758,2.3492319201068312e-12,1.714800310709812e-12,-2.3456792064280307e-12,0.13230765236958794,0.3183482781504319,0.06562392044778169
time_dependent,prepared,0.01,0.0005,0.265,0.3910493178236466,0.6847036305953869,2.3566149032205885e-12,1.720901422099463e-12,-2.3600010834456953e-12,0.13250317702849976,0.3182014509940428,0.06556236180608505
time_dependent,prepared,0.01,0.0005,0.2655,0.3907959143289865,0.6844200975839323,2.3731572262875034e-12,1.7336992547858095e-12,-2.380373675947567e-12,0.13269857498566426,0.31805463890241736,0.06550084384124287
time_dependent,prepared,0.01,0.0005,0.266,0.390542918568751,0.6841364254938512,2.303102153433656e-12,1.6832184836286565e-12,-2.302047441560262e-12,0.13289384644494864,0.3179078421489522,0.06543936662151854
time_dependent,prepared,0.01,0.0005,0.2665,0.3902903289718943,0.6838526157420615,2.3542834348688757e-12,1.721338326906994e-12,-2.3643864643929646e-12,0.1330889916094346,0.3177610610055657,0.06537793021454308
time_dependent,prepared,0.01,0.0005,0.267,0.39003814397477293,0.6835686697382797,2.3426260931103116e-12,1.7135265239725125e-12,-2.342903648866468e-12,0.13328401068142198,0.3176142957426804,0.06531653468731417
time_dependent,prepared,0.01,0.0005,0.2675,0.3897863620213647,0.6832845888852652,2.329136883361116e-12,1.704368078282713e-12,-2.3286372830000346e-12,0.13347890386243266,0.3174675466292534,0.06525518010620174
time_dependent,prepared,0.01,0.0005,0.268,0.38953498156297633,0.683000374578746,2.337130489138417e-12,1.7109291415659107e-12,-2.339073379431511e-12,0.13367367135321415,0.31732081393274164,0.06519386653695698
time_dependent,prepared,0.01,0.0005,0.2685,0.389284001058438,0.6827160282074591,2.3273050153704844e-12,1.704445859779428e-12,-2.3313573294103662e-12,0.13386831335374336,0.31717409791916495,0.06513259404470616
time_dependent,prepared,0.01,0.0005,0.269,0.38903341897389654,0.6824315511532123,2.329580972570966e-12,1.7068239068301644e-12,-2.3253621250773904e-12,0.1340628300632303,0.3170273988530746,0.06507136269395994
time_dependent,prepared,0.01,0.0005,0.2695,0.3887832337828848,0.6821469447908972,2.364719531300352e-12,1.7332918877333137e-12,-2.364441975544196e-12,0.13425722168012175,0.3168807169975695,0.06501017254861806
time_dependent,prepared,0.01,0.0005,0.27,0.3885334439661445,0.6818622104884852,2.2722379533490766e-12,1.6662002369345726e-12,-2.2750690220618708e-12,0.13445148840210483,0.31673405261430726,0.06494902367196836
time_dependent,prepared,0.01,0.0005,0.2705,0.3882840480118891,0.6815773496071259,2.3074875343809254e-12,1.6927554412621684e-12,-2.3038237983996623e-12,0.13464563042611077,0.3165874059635073,0.06488791612669272
time_dependent,prepared,0.01,0.0005,0.271,0.38803504441534564,0.6812923635011545,2.3059887332976814e-12,1.6923635555250658e-12,-2.301381307745487e-12,0.13483964794831846,0.31644077730396203,0.06482684997487104
time_dependent,prepared,0.01,0.0005,0.2715,0.38778643167905674,0.6810072535180962,2.3535617899028694e-12,1.7280005299064422e-12,-2.350453165433919e-12,0.135033541164158,0.3162941668930449,0.06476582527798211
time_dependent,prepared,0.01,0.0005,0.272,0.387538208312648,0.6807220209986908,2.3406276916659863e-12,1.7192243084982144e-12,-2.3395729797925924e-12,0.13522731026831433,0.3161475749866993,0.06470484209690927
time_dependent,prepared,0.01,0.0005,0.2725,0.38729037283289175,0.6804366672770004,2.33901786828028e-12,1.7187623630253776e-12,-2.335576176903942e-12,0.1354209554547308,0.31600100183947877,0.06464390049194285
time_dependent,prepared,0.01,0.0005,0.273,0.3870429237636864,0.6801511936803261,2.28606023000566e-12,1.6805529794278918e-12,-2.2835622282002532e-12,0.13561447691661263,0.31585444770451815,0.0645830005227848
time_dependent,prepared,0.01,0.0005,0.2735,0.38679585963593793,0.6798656015293533,2.3070434451710753e-12,1.6966908165212961e-12,-2.31253904914297e-12,0.1358078748464306,0.3157079128335695,0.06452214224854853
time_dependent,prepared,0.01,0.0005,0.274,0.3865491789875333,0.6795798921380691,2.284339384317491e-12,1.6806996577891286e-12,-2.280287070277609e-12,0.13600114943592437,0.31556139747699374,0.06446132572776603
time_dependent,prepared,0.01,0.0005,0.2745,0.3863028803633938,0.6792940668139162,2.292166456641098e-12,1.6871680238487494e-12,-2.294497924992811e-12,0.13619430087610607,0.31541490188376553,0.06440055101839014
time_dependent,prepared,0.01,0.0005,0.275,0.3860569623153555,0.6790081268576992,2.3296919948734285e-12,1.7155111277170834e-12,-2.3308022178980536e-12,0.13638732935726375,0.31526842630149393,0.06433981817779573
time_dependent,prepared,0.01,0.0005,0.2755,0.38581142340209884,0.6787220735636997,2.3043233987607437e-12,1.697545643872864e-12,-2.3053781106341376e-12,0.1365802350689648,0.3151219709764075,0.06427912726278483
time_dependent,prepared,0.01,0.0005,0.276,0.38556626218926227,0.6784359082196905,2.3013257965942557e-12,1.696052470622722e-12,-2.3032131757361185e-12,0.13677301820005944,0.3149755361533953,0.06421847832959109
time_dependent,prepared,0.01,0.0005,0.2765,0.3853214772492799,0.6781496321068962,2.3384627567679672e-12,1.7241495431463462e-12,-2.3404056470610612e-12,0.13696567893868408,0.3148291220759658,0.06415787143387923
time_dependent,prepared,0.01,0.0005,0.277,0.385077067161361,0.6778632465001503,2.3065993559612252e-12,1.7013751430442758e-12,-2.3085422462543193e-12,0.13715821747226475,0.31468272898629257,0.06409730663075186
time_dependent,prepared,0.01,0.0005,0.2775,0.3848330305115226,0.6775767526678227,2.3415713812369177e-12,1.7279012097252477e-12,-2.3425705819590803e-12,0.1373506339875205,0.3145363571252141,0.06403678397474945
time_dependent,prepared,0.01,0.0005,0.278,0.38458936589241527,0.6772901518718706,2.2875590310889038e-12,1.688758521560343e-12,-2.2853385850396535e-12,0.13754292867046672,0.31439000673222633,0.0639763035198588
time_dependent,prepared,0.01,0.0005,0.2785,0.38434607190352676,0.6770034453678806,2.2573609648190995e-12,1.6671709577406186e-12,-2.2599144777757374e-12,0.13773510170641848,0.3142436780454885,0.0639158653195085
time_dependent,prepared,0.01,0.0005,0.279,0.38410314715095606,0.6767166344051189,2.2881141426012164e-12,1.690599895337847e-12,-2.288225164903679e-12,0.13792715327999397,0.3140973713018631,0.0638554694265782
time_dependent,prepared,0.01,0.0005,0.2795,0.3838605902473463,0.6764297202265163,2.3026025530725747e-12,1.7020264516893065e-12,-2.300937218535637e-12,0.13811908357511765,0.3139510867368717,0.0637951158933993
time_dependent,prepared,0.01,0.0005,0.28,0.3836183998120322,0.6761427040687056,2.317090963543933e-12,1.7134629639548059e-12,-2.320754699525196e-12,0.13831089277502367,0.3138048245847427,0.06373480477175977
time_dependent,prepared,0.01,0.0005,0.2805,0.3833765744708102,0.675855587162104,2.334299420425623e-12,1.7269217453859042e-12,-2.3297475060246597e-12,0.13850258106225907,0.31365858507839317,0.06367453611290251
time_dependent,prepared,0.01,0.0005,0.281,0.3831351128560757,0.6755683707308432,2.271904886441689e-12,1.681476653488142e-12,-2.2764568008426522e-12,0.13869414861868712,0.31351236844945546,0.06361430996753589
time_dependent,prepared,0.01,0.0005,0.28150000000000003,0.3828940136067191,0.6752810559929061,2.2373769503758467e-12,1.6566264746479458e-12,-2.2412072198108035e-12,0.13888559562549047,0.31336617492826196,0.06355412638582907
time_dependent,prepared,0.01,0.0005,0.28200000000000003,0.38265327536817445,0.6749936441600849,2.3495649870142188e-12,1.7404348969343e-12,-2.3542279237176444e-12,0.13907692226317456,0.3132200047438641,0.06349398541742152
time_dependent,prepared,0.01,0.0005,0.28250000000000003,0.38241289679200813,0.6747061364380017,2.31520358440207e-12,1.715712559412034e-12,-2.3143709171336013e-12,0.13926812871157057,0.3130738581240391,0.0634338871114201
time_dependent,prepared,0.01,0.0005,0.28300000000000003,0.3821728765364642,0.6744185340262105,2.2698509738461325e-12,1.6828207257973263e-12,-2.2687407508215074e-12,0.1394592151498388,0.3129277352952947,0.0633738315164088
time_dependent,prepared,0.01,0.0005,0.28350000000000003,0.3819332132661223,0.6741308381181506,2.2872259641815162e-12,1.6964258530009338e-12,-2.2946644584465048e-12,0.13965018175647187,0.3127816364828684,0.06331381868044454
time_dependent,prepared,0.01,0.0005,0.28400000000000003,0.3816939056517267,0.6738430499011908,2.2273849431542203e-12,1.6527475823021047e-12,-2.224331829836501e-12,0.13984102870929774,0.31263556191074193,0.06325384865106624
time_dependent,prepared,0.01,0.0005,0.28450000000000003,0.38145495237059046,0.6735551705567216,2.3837598561726736e-12,1.7695357116761333e-12,-2.3850921238022238e-12,0.14003175618548303,0.3124895118016468,0.06319392147529361
time_dependent,prepared,0.01,0.0005,0.28500000000000003,0.3812163521058925,0.6732672012600653,2.25075513782258e-12,1.6715169947432287e-12,-2.2465362903290043e-12,0.14022236436153598,0.3123434863770694,0.06313403719963122
time_dependent,prepared,0.01,0.0005,0.28550000000000003,0.38097810354748507,0.6729791431806244,2.293831791178036e-12,1.704236910176036e-12,-2.295552636866205e-12,0.14041285341330972,0.31219748585725127,0.06307419587007386
time_dependent,prepared,0.01,0.0005,0.28600000000000003,0.38074020539109205,0.6726909974818016,2.2412627309620348e-12,1.665893210514486e-12,-2.2390977960640157e-12,0.14060322351600527,0.31205151046120566,0.06301439753210553
time_dependent,prepared,0.01,0.0005,0.28650000000000003,0.38050265633889613,0.6724027653211337,2.2999935289647055e-12,1.710279647543028e-12,-2.300326595872093e-12,0.1407934748441747,0.3119055604067146,0.06295464223070442
time_dependent,prepared,0.01,0.0005,0.28700000000000003,0.3802654550989133,0.6721144478502266,2.291444811675092e-12,1.7046537379165292e-12,-2.295552636866205e-12,0.14098360757172415,0.3117596359103365,0.06289493001034713
time_dependent,prepared,0.01,0.0005,0.28750000000000003,0.38002860038547076,0.6718260462148469,2.2614132788589814e-12,1.6830348358747512e-12,-2.266686838225951e-12,0.1411736218719169,0.3116137371874195,0.06283526091500757
time_dependent,prepared,0.01,0.0005,0.28800000000000003,0.3797920909189924,0.67153756155489,2.2856161407958098e-12,1.701778330537285e-12,-2.289557432533229e-12,0.1413635179173764,0.3114678644521015,0.06277563498816384
time_dependent,prepared,0.01,0.0005,0.2885,0.379555925425809,0.6712489950044641,2.2558066525846243e-12,1.6803054227037106e-12,-2.2568613644580182e-12,0.1415532958800893,0.3113220179173108,0.06271605227280022
time_dependent,prepared,0.01,0.0005,0.289,0.37932010263838817,0.6709603476919119,2.2289947665399268e-12,1.6610480591020878e-12,-2.226441253583289e-12,0.1417429559314085,0.31117619779478106,0.06265651281140568
time_dependent,prepared,0.01,0.0005,0.2895,0.37908462129519266,0.6706716207397941,2.294719969597736e-12,1.7107626882009603e-12,-2.2961632595297488e-12,0.14193249824205612,0.3110304042950607,0.06259701664598398
time_dependent,prepared,0.01,0.0005,0.29,0.37884948014051767,0.6703828152649306,2.266464793621026e-12,1.6904257850952695e-12,-2.2634116803033066e-12,0.14212192298212636,0.3108846376274943,0.06253756381805102
time_dependent,prepared,0.01,0.0005,0.2905,0.3786146779247439,0.670093932378462,2.2773449792623524e-12,1.6992729445968643e-12,-2.2760682227840334e-12,0.14231123032108875,0.31073889800027027,0.06247815436863878
time_dependent,prepared,0.01,0.0005,0.291,0.3783802134040385,0.6698049731858562,2.27018404075352e-12,1.6946604844928098e-12,-2.270350574207214e-12,0.14250042042779076,0.3105931856203772,0.06241878833830008
time_dependent,prepared,0.01,0.0005,0.2915,0.3781460853405054,0.6695159387869052,2.2685742173678136e-12,1.6941898511590299e-12,-2.2726265314076954e-12,0.142689493470461,0.3104475006936511,0.06235946576710818
time_dependent,prepared,0.01,0.0005,0.292,0.37791229250207475,0.6692268302757847,2.307598556683388e-12,1.724078034743811e-12,-2.306987934019844e-12,0.14287844961671203,0.3103018434247647,0.062300186694661024
time_dependent,prepared,0.01,0.0005,0.2925,0.37767883366243127,0.6689376487410972,2.266742349377182e-12,1.6942852249676952e-12,-2.2712942637781453e-12,0.14306728903354324,0.3101562140172258,0.06224095116008695
time_dependent,prepared,0.01,0.0005,0.293,0.3774457076011652,0.6686483952658366,2.2890578321721478e-12,1.711705171488643e-12,-2.291444811675092e-12,0.14325601188734383,0.3100106126733876,0.06218175920204058
time_dependent,prepared,0.01,0.0005,0.2935,0.37721291310343613,0.6683590709274962,2.2439827773723664e-12,1.6787254598449426e-12,-2.245426067304379e-12,0.14344461834389555,0.30986503959447464,0.06212261085871233
time_dependent,prepared,0.01,0.0005,0.294,0.3769804489603676,0.6680696767980181,2.263689236059463e-12,1.694201454334249e-12,-2.26046958928805e-12,0.14363310856837572,0.3097194949805586,0.062063506167825494
time_dependent,prepared,0.01,0.0005,0.2945,0.37674831396859143,0.6677802139438526,2.2675195054944197e-12,1.6978037520000739e-12,-2.2721824421978454e-12,0.14382148272536002,0.3095739790305687,0.06200444516664468
time_dependent,prepared,0.01,0.0005,0.295,0.37651650693047556,0.6674906834259813,2.2593038551121936e-12,1.6923860596167456e-12,-2.256805853306787e-12,0.14400974097882527,0.30942849194231903,0.061945427891973416
time_dependent,prepared,0.01,0.0005,0.2955,0.37628502665401026,0.6672010862999598,2.2771784458086586e-12,1.7065158409986461e-12,-2.280953204092384e-12,0.14419788349215226,0.30928303391249506,0.061886454380158336
time_dependent,prepared,0.01,0.0005,0.296,0.3760538719527746,0.6669114236159278,2.2622459461274502e-12,1.6960617752339127e-12,-2.2672974608894947e-12,0.14438591042812865,0.30913760513666105,0.06182752466709421
time_dependent,prepared,0.01,0.0005,0.2965,0.3758230416460434,0.6666216964186047,2.2396529075763283e-12,1.679852995788317e-12,-2.240874152903416e-12,0.14457382194895166,0.3089922058092763,0.06176863878822243
time_dependent,prepared,0.01,0.0005,0.297,0.3755925345585473,0.6663319057473904,2.274680444003252e-12,1.706867421760314e-12,-2.2840618285613346e-12,0.14476161821623093,0.30884683612368047,0.061709796778536295
time_dependent,prepared,0.01,0.0005,0.2975,0.3753623495205582,0.6660420526362809,2.299271883998699e-12,1.726071105340807e-12,-2.3028245976774997e-12,0.14494929939099122,0.30870149627211996,0.0616509986725845
time_dependent,prepared,0.01,0.0005,0.298,0.375132485367808,0.6657521381140227,2.274458399398327e-12,1.7081870783304175e-12,-2.2798984922189902e-12,0.14513686563367512,0.30855618644574795,0.06159224450446868
time_dependent,prepared,0.01,0.0005,0.2985,0.3749029409416528,0.6654621632040189,2.2759016893303397e-12,1.7100158470081922e-12,-2.2691848400313575e-12,0.14532431710414595,0.308410906834615,0.06153353430785413
time_dependent,prepared,0.01,0.0005,0.299,0.37467371508870595,0.6651721289244659,2.2641888364205442e-12,1.7019570859633857e-12,-2.2629120799422253e-12,0.1455116539616903,0.3082656576276951,0.06147486811596373
time_dependent,prepared,0.01,0.0005,0.2995,0.37444480666119484,0.6648820362882584,2.294053835782961e-12,1.7251585323207773e-12,-2.2918333897337106e-12,0.1456988763650209,0.3081204390128808,0.06141624596158616
time_dependent,prepared,0.01,0.0005,0.3,0.37421621451651466,0.6645918863031219,2.291944412036173e-12,1.7243247015709577e-12,-2.2924995235484857e-12,0.14588598447227916,0.3079752511769869,0.06135766787707641
time_dependent,prepared,0.01,0.0005,0.3005,0.3739879375176469,0.6643016799715344,2.270794663417064e-12,1.7091592057320154e-12,-2.2700730184510576e-12,0.14607297844103798,0.30783009430575636,0.06129913389435906
time_dependent,prepared,0.01,0.0005,0.301,0.3737599745327481,0.6640114182908762,2.2338242366970462e-12,1.682067638567882e-12,-2.2314927683453334e-12,0.14625985842830436,0.30768496858387806,0.06124064404492933
time_dependent,prepared,0.01,0.0005,0.3015,0.37353232443540146,0.6637211022533506,2.228162099271458e-12,1.6785379368706592e-12,-2.2339352589995087e-12,0.14644662459052205,0.30753987419496753,0.06118219835985745
time_dependent,prepared,0.01,0.0005,0.302,0.37330498610444923,0.6634307328460276,2.277733557320971e-12,1.7166325318891198e-12,-2.2842838731662596e-12,0.14663327708357426,0.3073948113215985,0.06112379686978743
time_dependent,prepared,0.01,0.0005,0.3025,0.3730779584239235,0.6631403110509035,2.2846724512248784e-12,1.7226161742454897e-12,-2.2860047188544286e-12,0.14681981606278624,0.30724978014528237,0.06106543960494758
time_dependent,prepared,0.01,0.0005,0.303,0.3728512402831248,0.6628498378448912,2.2306601010768645e-12,1.6826285334289335e-12,-2.227107387398064e-12,0.1470062416829278,0.3071047808464989,0.06100712659514229
time_dependent,prepared,0.01,0.0005,0.3035,0.3726248305766644,0.6625593141998992,2.2759016893303397e-12,1.717507882350722e-12,-2.276401289691421e-12,0.14719255409821613,0.3069598136046858,0.06094885786976229
time_dependent,prepared,0.01,0.0005,0.304,0.37239872820420794,0.662268741082745,2.275568622422952e-12,1.7180099869266888e-12,-2.277011912354965e-12,0.14737875346231824,0.3068148785982463,0.06089063345778349
time_dependent,prepared,0.01,0.0005,0.3045,0.3721729320705624,0.6619781194553116,2.218725203562144e-12,1.6758297127585093e-12,-2.215727601395656e-12,0.1475648399283535,0.3066699760045527,0.06083245338777196
time_dependent,prepared,0.01,0.0005,0.305,0.3719474410858502,0.6616874502744586,2.2437607327674414e-12,1.6954838208227742e-12,-2.2442048219772914e-12,0.14775081364889645,0.3065251059999541,0.060774317687882856
time_dependent,prepared,0.01,0.0005,0.3055,0.371722254165105,0.6613967344921298,2.2661872378648695e-12,1.7131829654414127e-12,-2.2714052860806078e-12,0.147936674775979,0.306380268759793,0.060716226385865484
time_dependent,prepared,0.01,0.0005,0.306,0.37149737022851376,0.6611059730553099,2.2573054536678683e-12,1.7072190735411508e-12,-2.255917674887087e-12,0.14812242346109325,0.3062354644583763,0.06065817950906579
time_dependent,prepared,0.01,0.0005,0.3065,0.3712727882013196,0.660815166906118,2.2188362258646066e-12,1.678862968785424e-12,-2.225830630919745e-12,0.1483080598551939,0.3060906932690246,0.06060017708442563
time_dependent,prepared,0.01,0.0005,0.307,0.3710485070138604,0.6605243169817575,2.2744028882470957e-12,1.7216647667386292e-12,-2.277900090774665e-12,0.14849358410870084,0.3059459553640393,0.06054221913848958
time_dependent,prepared,0.01,0.0005,0.3075,0.3708245256013476,0.660233424214584,2.2524204723595176e-12,1.7057758587693155e-12,-2.255695630282162e-12,0.1486789963715015,0.3058012509147333,0.06048430569740402
time_dependent,prepared,0.01,0.0005,0.308,0.3706008429040505,0.659942489532128,2.246869357236392e-12,1.7023220908427222e-12,-2.24370522161621e-12,0.14886429679295352,0.3056565800914161,0.06042643678691841
time_dependent,prepared,0.01,0.0005,0.3085,0.3703774578672105,0.6596515138571024,2.2071788841060425e-12,1.6729885687645689e-12,-2.2021828804952293e-12,0.14904948552188713,0.30551194306341906,0.06036861243239365
time_dependent,prepared,0.01,0.0005,0.309,0.3701543694410016,0.6593604981074286,2.210065463970068e-12,1.6759158838829026e-12,-2.2100099528188366e-12,0.14923456270660762,0.3053673399990847,0.060310832658795666
time_dependent,prepared,0.01,0.0005,0.3095,0.36993157658050363,0.6590694431962554,2.2487567363782546e-12,1.7060089491243422e-12,-2.248201624865942e-12,0.14941952849489787,0.3052227710657769,0.06025309749070682
time_dependent,prepared,0.01,0.0005,0.31,0.3697090782456195,0.6587783500320054,2.267575016645651e-12,1.721045490134567e-12,-2.2719603975929203e-12,0.14960438303402068,0.3050782364298814,0.06019540695231928
time_dependent,prepared,0.01,0.0005,0.3105,0.369486873401139,0.6584872195183458,2.2342683259068963e-12,1.6965160899685906e-12,-2.2287172107837705e-12,0.14978912647072126,0.3049337362568256,0.060137761067444666
time_dependent,prepared,0.01,0.0005,0.311,0.36926496101676226,0.6581960525543151,2.256583808701862e-12,1.7142185827009177e-12,-2.2633561691520754e-12,0.14997375895122964,0.30478927071105166,0.06008015985951217
time_dependent,prepared,0.01,0.0005,0.3115,0.36904334006692113,0.6579048500341941,2.260691633892975e-12,1.7180992310450313e-12,-2.2687962619727386e-12,0.1501582806212631,0.30464483995606756,0.06002260335157135
time_dependent,prepared,0.01,0.0005,0.312,0.3688220095308217,0.6576136128476294,2.229438855749777e-12,1.695097860042751e-12,-2.2214452499724757e-12,0.1503426916260285,0.3045004441544059,0.0599650915662964
time_dependent,prepared,0.01,0.0005,0.3125,0.36860096839260237,0.6573223418797051,2.2392088183664782e-12,1.7032806248144051e-12,-2.2482571360171733e-12,0.1505269921102248,0.3043560834676641,0.05990762452598559
time_dependent,prepared,0.01,0.0005,0.313,0.36838021564087176,0.6570310380107861,2.177757973953476e-12,1.6572717634034481e-12,-2.1781465520120946e-12,0.15071118221804525,0.3042117580564752,0.059850202252564065
time_dependent,prepared,0.01,0.0005,0.3135,0.3681597502692272,0.6567397021167458,2.215061467580881e-12,1.6864074613105874e-12,-2.2145618672197998e-12,0.15089526209317985,0.3040674680805548,0.059792824767588154
time_dependent,prepared,0.01,0.0005,0.314,0.36793957127576504,0.6564483350688369,2.2306601010768645e-12,1.6990370619487987e-12,-2.2327695248236523e-12,0.15107923187881775,0.3039232136986573,0.059735492092245185
time_dependent,prepared,0.01,0.0005,0.3145,0.3677196776633691,0.6561569377337743,2.2142288003124122e-12,1.6872707373605992e-12,-2.214617378371031e-12,0.15126309171764943,0.30377899506862055,0.05967820424735671
time_dependent,prepared,0.01,0.0005,0.315,0.3675000684395246,0.6558655109737626,2.2640778141180817e-12,1.7260229240844674e-12,-2.265021503689013e-12,0.15144684175186918,0.3036348123473498,0.05962096125338021
time_dependent,prepared,0.01,0.0005,0.3155,0.3672807426162701,0.6555740556464945,2.1740942379722128e-12,1.6581606755507006e-12,-2.175870594811613e-12,0.1516304821231773,0.3034906656908362,0.059563763130411757
time_dependent,prepared,0.01,0.0005,0.316,0.3670616992104996,0.655282572605208,2.2478685579585544e-12,1.7151902491606367e-12,-2.2506996266713486e-12,0.15181401297278257,0.3033465552541372,0.05950660989818786
time_dependent,prepared,0.01,0.0005,0.3165,0.3668429372433464,0.6549910626986453,2.2040147484858608e-12,1.6824769634270548e-12,-2.2026269697050793e-12,0.15199743444140426,0.30320248119140847,0.05944950157608628
time_dependent,prepared,0.01,0.0005,0.317,0.36662445574076435,0.6546995267711514,2.180366998061345e-12,1.6651661631793545e-12,-2.17970086424657e-12,0.15218074666927464,0.30305844365589013,0.05939243818313233
time_dependent,prepared,0.01,0.0005,0.3175,0.3664062537331921,0.6544079656626192,2.211397731599618e-12,1.6896170643008115e-12,-2.2080115513745113e-12,0.15236394979614123,0.3029144427999276,0.05933541973799403
time_dependent,prepared,0.01,0.0005,0.318,0.3661883302554499,0.6541163802085649,2.1927459847859154e-12,1.6761130367069264e-12,-2.1938006966593093e-12,0.15254704396126895,0.3027704787749502,0.05927844625899204
time_dependent,prepared,0.01,0.0005,0.3185,0.3659706843470352,0.6538247712401346,2.2121748877168557e-12,1.6917184733741397e-12,-2.212896532682862e-12,0.15273002930344245,0.3026265517314993,0.0592215177640958
time_dependent,prepared,0.01,0.0005,0.319,0.36575331505176384,0.6535331395841084,2.191358206005134e-12,1.6765471200098467e-12,-2.1871393585115584e-12,0.15291290596096835,0.30248266181923333,0.0591646342709275
time_dependent,prepared,0.01,0.0005,0.3195,0.3655362214180107,0.653241486062951,2.1920798509711403e-12,1.6778480070050374e-12,-2.187028336209096e-12,0.15309567407167735,0.302338809186907,0.05910779579676552
time_dependent,prepared,0.01,0.0005,0.32,0.3653194024985054,0.6529498114948132,2.1879720257800273e-12,1.6754519162563093e-12,-2.1811996653298138e-12,0.1532783337729266,0.3021949939824076,0.059051002358544054
time_dependent,prepared,0.01,0.0005,0.3205,0.36510285735046694,0.6526581166935362,2.2287727219350018e-12,1.7074580587632103e-12,-2.229716411505933e-12,0.15346088520160184,0.3020512163527353,0.058994253972857166
time_dependent,prepared,0.01,0.0005,0.321,0.3648865850353747,0.65236640246872,2.2076229733158925e-12,1.6920115482326738e-12,-2.2078450179208176e-12,0.15364332849411952,0.3019074764440197,0.05893755065596061
time_dependent,prepared,0.01,0.0005,0.3215,0.3646705846191446,0.6520746696256899,2.2045698599981733e-12,1.6904274638209259e-12,-2.2058466164764923e-12,0.1538256637864291,0.3017637744015149,0.05888089242377105
time_dependent,prepared,0.01,0.0005,0.322,0.364454855172091,0.6517829189655565,2.2429280654989725e-12,1.7206097308095006e-12,-2.2364887719561466e-12,0.15400789121401515,0.30162011036962133,0.05882427929187212
time_dependent,prepared,0.01,0.0005,0.3225,0.3642393957686816,0.6514911512852263,2.211564265053312e-12,1.6973095188527922e-12,-2.210509553179918e-12,0.1541900109118995,0.30147648449185904,0.05876771127551374
time_dependent,prepared,0.01,0.0005,0.323,0.36402420548784575,0.6511993673773985,2.218503158957219e-12,1.7033978149334724e-12,-2.2178925362936752e-12,0.15437202301464342,0.3013328969109125,0.05871118838961607
time_dependent,prepared,0.01,0.0005,0.3235,0.36380928341275104,0.6509075680306186,2.200850612865679e-12,1.6906014931742437e-12,-2.2067347948961924e-12,0.1545539276563498,0.3011893477686035,0.05865471064876652
time_dependent,prepared,0.01,0.0005,0.324,0.36359462863073777,0.6506157540292852,2.1936341632056156e-12,1.6858138998453908e-12,-2.1953550088937845e-12,0.15473572497066515,0.3010458372059016,0.05859827806723168
time_dependent,prepared,0.01,0.0005,0.3245,0.3633802402335369,0.6503239261536418,2.2082335959794364e-12,1.6977951349847636e-12,-2.1957990981036346e-12,0.1549174150907819,0.3009023653629413,0.058541890658947514
time_dependent,prepared,0.01,0.0005,0.325,0.3631661173169162,0.6500320851798906,2.2132295995902496e-12,1.7024002738064766e-12,-2.213118577287787e-12,0.15509899814944036,0.30075893237900986,0.05848554843752899
time_dependent,prepared,0.01,0.0005,0.3255,0.362952258980973,0.6497402318800418,2.226274720129595e-12,1.7132036857899288e-12,-2.224331829836501e-12,0.15528047427893085,0.30061553839256105,0.05842925141626965
time_dependent,prepared,0.01,0.0005,0.326,0.3627386643299317,0.6494483670221349,2.253142117325524e-12,1.734658389898471e-12,-2.2540858068964553e-12,0.15546184361109583,0.30047218354120914,0.05837299960814388
time_dependent,prepared,0.01,0.0005,0.3265,0.36252533247215757,0.6491564913700996,2.286337785761816e-12,1.7610066418131942e-12,-2.27901031379929e-12,0.1556431062773319,0.30032886796175917,0.05831679302580861
time_dependent,prepared,0.01,0.0005,0.327,0.3623122625201147,0.6488646056838508,2.2418178424743473e-12,1.727492779566686e-12,-2.2392088183664782e-12,0.15582426240859196,0.30018559179017584,0.058260631681605946
time_dependent,prepared,0.01,0.0005,0.3275,0.3620994535905074,0.6485727107193072,2.222166894938482e-12,1.7131208715751816e-12,-2.2231660956606447e-12,0.1560053121353872,0.3000423551616124,0.058204515587561165
time_dependent,prepared,0.01,0.0005,0.328,0.3618869048040027,0.6482808072283697,2.1920798509711403e-12,1.6906869882045043e-12,-2.199296300631204e-12,0.1561862555877892,0.29989915821039914,0.05814844475539209
time_dependent,prepared,0.01,0.0005,0.3285,0.3616746152854236,0.6479888959589906,2.169597834722481e-12,1.6741010905039928e-12,-2.168987212058937e-12,0.1563670928954319,0.2997560010700617,0.05809241919650514
time_dependent,prepared,0.01,0.0005,0.329,0.3614625841636504,0.6476969776551571,2.213285110741481e-12,1.7085806998439347e-12,-2.2145063560685685e-12,0.15654782418751373,0.2996128838733122,0.05803643892199708
time_dependent,prepared,0.01,0.0005,0.3295,0.3612508105714813,0.6474050530569128,2.156497203031904e-12,1.6654930270051019e-12,-2.1580515152663793e-12,0.15672844959279947,0.29946980675207147,0.05798050394265962
time_dependent,prepared,0.01,0.0005,0.33,0.36103929364587456,0.647113122900407,2.174760371786988e-12,1.680355640166825e-12,-2.178479618919482e-12,0.15690896923962241,0.2993267698374434,0.057924614268980434
time_dependent,prepared,0.01,0.0005,0.3305,0.360828032527699,0.6468211879178792,2.1723178811328125e-12,1.6792259759778953e-12,-2.170263968537256e-12,0.15708938325588626,0.2991837732597435,0.05786876991114451
time_dependent,prepared,0.01,0.0005,0.331,0.36061702636184473,0.6465292488376928,2.187694470023871e-12,1.6918758694623088e-12,-2.1861401577893957e-12,0.1572696917690672,0.2990408171485076,0.05781297087903582
time_dependent,prepared,0.01,0.0005,0.3315,0.3604062742970736,0.6462373063843447,2.150002398337847e-12,1.6634774695718145e-12,-2.144617816668415e-12,0.15744989490621572,0.2988979016324624,0.05775721718223924
time_dependent,prepared,0.01,0.0005,0.332,0.36019577548625287,0.6459453612785226,2.227495965456683e-12,1.724213918839783e-12,-2.219779915435538e-12,0.15762999279395884,0.2987550268395671,0.05770150883004318
time_dependent,prepared,0.01,0.0005,0.3325,0.3599855290859096,0.6456534142370427,2.1441182163073336e-12,1.6604250585722066e-12,-2.1419532814093145e-12,0.1578099855585018,0.29861219289698865,0.057645845831440404
time_dependent,prepared,0.01,0.0005,0.333,0.3597755342567736,0.6453614659729578,2.1548318684949663e-12,1.6694767057734908e-12,-2.155664535763435e-12,0.15798987332563016,0.2984693999311267,0.05759022819513042
time_dependent,prepared,0.01,0.0005,0.3335,0.3595657901632634,0.6450695171955158,2.2558621637358556e-12,1.7485419040876615e-12,-2.253974784593993e-12,0.1581696562207118,0.298326648067611,0.057534655929519916
time_dependent,prepared,0.01,0.0005,0.334,0.3593562959735572,0.6447775686101905,2.1518897774797097e-12,1.6687070722035885e-12,-2.151945288630941e-12,0.15834933436869858,0.29818393743129007,0.057479129042726486
time_dependent,prepared,0.01,0.0005,0.3345,0.35914705085995824,0.6444856209187346,2.1580515152663793e-12,1.6742433385762707e-12,-2.1578294706614543e-12,0.15852890789412855,0.2980412681462607,0.0574236475425798
time_dependent,prepared,0.01,0.0005,0.335,0.3589380539984068,0.6441936748191628,2.1670998329170743e-12,1.6820250784997033e-12,-2.1699864127810997e-12,0.15870837692112774,0.2978986403358477,0.057368211436621776
time_dependent,prepared,0.01,0.0005,0.3355,0.35872930456868896,0.6439017310057439,2.170708057747106e-12,1.6855895497849527e-12,-2.1719293030741937e-12,0.1588877415734121,0.2977560541226301,0.0573128207321107
time_dependent,prepared,0.01,0.0005,0.336,0.3585208017544014,0.6436097901690901,2.202127369343998e-12,1.7107627967884738e-12,-2.203237592368623e-12,0.1590670019742893,0.2976135096284195,0.057257475436021076
time_dependent,prepared,0.01,0.0005,0.3365,0.35831254474287216,0.6433178529961258,2.237876550736928e-12,1.7393241461515235e-12,-2.237876550736928e-12,0.15924615824666075,0.29747100697429524,0.05720217555504652
time_dependent,prepared,0.01,0.0005,0.337,0.35810453272515785,0.6430259201700798,2.236155705048759e-12,1.738775712535359e-12,-2.2308266345305583e-12,0.15942521051302333,0.2973285462805723,0.05714692109560083
time_dependent,prepared,0.01,0.0005,0.3375,0.3578967648960779,0.6427339923706107,2.1850299347647706e-12,1.699793352069306e-12,-2.1852519793696956e-12,0.15960415889547136,0.29718612766683344,0.05709171206381943
time_dependent,prepared,0.01,0.0005,0.338,0.3576892404541909,0.6424420702737003,2.1641577419018176e-12,1.6843213124073382e-12,-2.1714297027131124e-12,0.15978300351569846,0.2970437512519219,0.05703654846556163
time_dependent,prepared,0.01,0.0005,0.3385,0.3574819586017667,0.6421501545517264,2.2080115513745113e-12,1.7192330607722805e-12,-2.2004620348070603e-12,0.15996174449499934,0.29690141715394486,0.05698143030641308
time_dependent,prepared,0.01,0.0005,0.339,0.35727491854464116,0.6418582458734858,2.1677659667318494e-12,1.6886641097662775e-12,-2.1568302699392916e-12,0.16014038195427166,0.2967591254902813,0.056926357591685614
time_dependent,prepared,0.01,0.0005,0.3395,0.35706811949239914,0.6415663449042386,2.1295187835335128e-12,1.659624760902814e-12,-2.1264101590645623e-12,0.16031891601401785,0.2966168763775767,0.0568713303264193
time_dependent,prepared,0.01,0.0005,0.34,0.35686156065833624,0.6412744523056357,2.2058466164764923e-12,1.7198927920345228e-12,-2.2082335959794364e-12,0.16049734679434702,0.29647466993174504,0.05681634851538682
time_dependent,prepared,0.01,0.0005,0.3405,0.35665524125915415,0.6409825687358001,2.1720958365278875e-12,1.6943486004683387e-12,-2.1704305019909498e-12,0.1606756744149766,0.29633250626800905,0.05676141216309014
time_dependent,prepared,0.01,0.0005,0.341,0.35644916051537995,0.6406906948493681,2.1803114869101137e-12,1.7015320375606624e-12,-2.1749269052406817e-12,0.16085389899523428,0.29619038550084276,0.05670652127376643
time_dependent,prepared,0.01,0.0005,0.3415,0.35624331765100253,0.6403988312974253,2.185307490520927e-12,1.7062082125367431e-12,-2.1792012638854885e-12,0.16103202065405978,0.29604830774401897,0.056651675851387556
time_dependent,prepared,0.01,0.0005,0.342,0.356037711893635,0.6401069787276145,2.175204460996838e-12,1.6990944742681515e-12,-2.1708745912008e-12,0.1612100395100066,0.2959062731105965,0.056596875899664514
time_dependent,prepared,0.01,0.0005,0.3425,0.35583234247440826,0.6398151377840912,2.1374568781595826e-12,1.6703706679704314e-12,-2.138789145789133e-12,0.16138795568124378,0.2957642817129417,0.05654212142204191
time_dependent,prepared,0.01,0.0005,0.343,0.3556272086280381,0.6395233091075633,2.1118107262907415e-12,1.6510819044533552e-12,-2.1210255773951303e-12,0.1615657692855578,0.29562233366270235,0.05648741242171022
time_dependent,prepared,0.01,0.0005,0.3435,0.3554223095927467,0.639231493335266,2.151945288630941e-12,1.6832284634470134e-12,-2.144007194004871e-12,0.16174348044035416,0.2954804290708311,0.05643274890159709
time_dependent,prepared,0.01,0.0005,0.34400000000000003,0.3552176446102355,0.6389396911010841,2.1492252422206093e-12,1.681868627157312e-12,-2.1503909763964657e-12,0.16192108926265927,0.29533856804758135,0.056378130864376416
time_dependent,prepared,0.01,0.0005,0.34450000000000003,0.3550132129257331,0.6386479030354382,2.1966317653721035e-12,1.7197518029323553e-12,-2.195466031196247e-12,0.16209859586912215,0.2951967507025248,0.05632355831246519
time_dependent,prepared,0.01,0.0005,0.34500000000000003,0.35480901378780905,0.6383561297654002,2.133404564119701e-12,1.6710143951309553e-12,-2.1382340342768202e-12,0.16227600037601606,0.2950549771445335,0.056269031248029094
time_dependent,prepared,0.01,0.0005,0.34550000000000003,0.3546050464486832,0.638064371914645,2.1563861807294415e-12,1.6897873283969073e-12,-2.158606626778692e-12,0.1624533028992404,0.29491324748180214,0.056214549672978245
time_dependent,prepared,0.01,0.0005,0.34600000000000003,0.3544013101638782,0.6377726301035039,2.1589396936860794e-12,1.6925622014635934e-12,-2.1630475188771925e-12,0.16263050355432235,0.2947715618218315,0.056160113588976296
time_dependent,prepared,0.01,0.0005,0.34650000000000003,0.3541978041923947,0.6374809049489765,2.2062907056863423e-12,1.7304759158700717e-12,-2.2076784844671238e-12,0.16280760245641854,0.2946299202714513,0.05610572299743466
time_dependent,prepared,0.01,0.0005,0.34700000000000003,0.35399452779653046,0.6371891970647431,2.144673327819646e-12,1.6829172070835675e-12,-2.1477264411373653e-12,0.16298459972031681,0.2944883229368153,0.056051377899519424
time_dependent,prepared,0.01,0.0005,0.34750000000000003,0.3537914802421478,0.6368975070611522,2.186417713545552e-12,1.7164596260005995e-12,-2.180366998061345e-12,0.1631614954604379,0.2943467699234041,0.055997078296150554
time_dependent,prepared,0.01,0.0005,0.34800000000000003,0.35358866079827284,0.6366058355453306,2.109146191031641e-12,1.6565558099396041e-12,-2.1131429939202917e-12,0.16333828979083703,0.2942052613360336,0.055942824188002845
time_dependent,prepared,0.01,0.0005,0.34850000000000003,0.3533860687375233,0.6363141831210418,2.162270362759955e-12,1.6990587512528908e-12,-2.1683765893953932e-12,0.1635149828252058,0.29406379727884097,0.055888615575509316
time_dependent,prepared,0.01,0.0005,0.34900000000000003,0.3531837033356038,0.6360225503888437,2.138178523125589e-12,1.6808983595116094e-12,-2.1342372313881697e-12,0.1636915746768736,0.2939223778553125,0.055834452458861296
time_dependent,prepared,0.01,0.0005,0.34950000000000003,0.3529815638717301,0.6357309379460562,2.1718737919229625e-12,1.708170597246868e-12,-2.174760371786988e-12,0.16386806545880947,0.2937810031682742,0.05578033483800959
time_dependent,prepared,0.01,0.0005,0.35000000000000003,0.35277964962828295,0.6354393463867372,2.1225243784783743e-12,1.6701235063141903e-12,-2.112365837803054e-12,0.1640444552836236,0.29363967331989366,0.05572626271266864
time_dependent,prepared,0.01,0.0005,0.35050000000000003,0.35257795989109625,0.6351477763018043,2.173317081854975e-12,1.7108751403536032e-12,-2.1776469516510133e-12,0.16422074426356914,0.29349838841168724,0.05567223608231312
time_dependent,prepared,0.01,0.0005,0.35100000000000003,0.35237649394904585,0.634856228278887,2.1296853169872065e-12,1.6772973329388853e-12,-2.1324608745487694e-12,0.16439693251054366,0.29335714854452244,0.05561825494618431
time_dependent,prepared,0.01,0.0005,0.35150000000000003,0.352175251094523,0.6345647029024898,2.1509460879087783e-12,1.6948201484157065e-12,-2.1453394616344212e-12,0.16457302013609093,0.2932159538186185,0.05556431930329045
time_dependent,prepared,0.01,0.0005,0.352,0.3519742306229582,0.6342732007539653,2.1128654381641354e-12,1.6655799390933096e-12,-2.1139756611887606e-12,0.1647490072514024,0.2930748043335497,0.05551042915240489
time_dependent,prepared,0.01,0.0005,0.3525,0.3517734318331141,0.6339817224114971,2.147670929986134e-12,1.6937956206476503e-12,-2.1439516828536398e-12,0.16492489396731896,0.29293370018825793,0.0554565844920719
time_dependent,prepared,0.01,0.0005,0.353,0.3515728540269567,0.6336902684501229,2.1780910408608634e-12,1.7185769999153424e-12,-2.179756375397801e-12,0.16510068039433246,0.2927926414810468,0.05540278532060575
time_dependent,prepared,0.01,0.0005,0.3535,0.35137249650952934,0.6333988394417771,2.1460055954491963e-12,1.6940397280620725e-12,-2.1433965713413272e-12,0.1652763666425872,0.2926516283095806,0.05534903163609139
time_dependent,prepared,0.01,0.0005,0.354,0.3511723585892628,0.6331074359553105,2.1700974350835622e-12,1.7138461119204301e-12,-2.1670998329170743e-12,0.16545195282188185,0.2925106607708935,0.05529532343638834
time_dependent,prepared,0.01,0.0005,0.3545,0.3509724395775823,0.6328160585564517,2.2126189769267057e-12,1.7482323235998094e-12,-2.210953642389768e-12,0.16562743904167065,0.2923697389614021,0.05524166071913094
time_dependent,prepared,0.01,0.0005,0.355,0.35077273878904763,0.6325247078078553,2.110589480963654e-12,1.668385009239256e-12,-2.1120327708956665e-12,0.16580282541106517,0.29222886297689643,0.05518804348172834
time_dependent,prepared,0.01,0.0005,0.3555,0.35057325554152385,0.6322333842691776,2.1136981054326043e-12,1.6716122226544351e-12,-2.120970066243899e-12,0.16597811203883592,0.2920880329125283,0.0551344717213697
time_dependent,prepared,0.01,0.0005,0.356,0.3503739891558206,0.6319420884969438,2.1109225478710414e-12,1.6701867040445785e-12,-2.1117552151395103e-12,0.16615329903341383,0.2919472488628577,0.055080945435019915
time_dependent,prepared,0.01,0.0005,0.3565,0.3501749389560096,0.6316508210447161,2.1479484857422904e-12,1.7002657276579237e-12,-2.1406210137797643e-12,0.16632838650289183,0.2918065109218129,0.05502746461942688
time_dependent,prepared,0.01,0.0005,0.357,0.3499761042690721,0.6313595824630387,2.1546653350412726e-12,1.7063693930421458e-12,-2.1559420915195915e-12,0.16650337455502637,0.29166581918271184,0.05497402927111809
time_dependent,prepared,0.01,0.0005,0.3575,0.3497774844251883,0.6310683732994123,2.1538326677728037e-12,1.7064970761474332e-12,-2.161215650886561e-12,0.16667826329723895,0.2915251737382759,0.054920639386406234
time_dependent,prepared,0.01,0.0005,0.358,0.3495790787574637,0.6307771940983826,2.0799473254839995e-12,1.648717918894956e-12,-2.0826118607431e-12,0.1668530528366177,0.2913845746806048,0.05486729496138611
time_dependent,prepared,0.01,0.0005,0.3585,0.3493808866022902,0.6304860454015365,2.110589480963654e-12,1.6737796945338845e-12,-2.1116441928370477e-12,0.16702774327991884,0.2912440221012025,0.05481399599194012
time_dependent,prepared,0.01,0.0005,0.359,0.34918290729884616,0.630194927747509,2.111477659383354e-12,1.6752575801639836e-12,-2.1057600108065344e-12,0.16720233473356827,0.29110351609097623,0.054760742473737564
time_dependent,prepared,0.01,0.0005,0.3595,0.34898514018947485,0.6299038416719531,2.1466717292639714e-12,1.7039678021032582e-12,-2.151279154816166e-12,0.16737682730366302,0.2909630567402363,0.05470753440223467
time_dependent,prepared,0.01,0.0005,0.36,0.3487875846193719,0.6296127877076233,2.1210255773951303e-12,1.6843888964787907e-12,-2.118416553287261e-12,0.1675512210959727,0.2908226441386893,0.05465437177268001
time_dependent,prepared,0.01,0.0005,0.3605,0.3485902399369118,0.62932176638437,2.1318502518852256e-12,1.6937680895177773e-12,-2.131961274187688e-12,0.16772551621594115,0.29068227837546584,0.054601254580110455
time_dependent,prepared,0.01,0.0005,0.361,0.34839310549324315,0.62903077822913,2.097710893878002e-12,1.667415146028351e-12,-2.1073143230410096e-12,0.16789971276868776,0.29054195953909595,0.054548182819358214
time_dependent,prepared,0.01,0.0005,0.3615,0.34819618064259483,0.6287398237659676,2.1014301410104963e-12,1.6711444556032993e-12,-2.0986545834489334e-12,0.16807381085900905,0.2904016877175355,0.05449515648504724
time_dependent,prepared,0.01,0.0005,0.362,0.34799946474216836,0.6284489035160419,2.1501134206403094e-12,1.7106509444182262e-12,-2.1396218130576017e-12,0.16824781059138014,0.2902614629981466,0.05444217557159723
time_dependent,prepared,0.01,0.0005,0.3625,0.3478029571519188,0.6281580179977262,2.1197488209168114e-12,1.6872735523379947e-12,-2.1150303730621545e-12,0.1684217120699561,0.2901212854677221,0.05438924007322413
time_dependent,prepared,0.01,0.0005,0.363,0.34760665723489925,0.6278671677264853,2.1225243784783743e-12,1.6902654634422702e-12,-2.1178614417749486e-12,0.16859551539857354,0.2899811552124752,0.05433634998394281
time_dependent,prepared,0.01,0.0005,0.3635,0.3474105643569523,0.6275763532149845,2.0694557179012918e-12,1.6487680800083942e-12,-2.071232074740692e-12,0.168769220680752,0.28984107231804757,0.054283505297564406
time_dependent,prepared,0.01,0.0005,0.364,0.3472146778869143,0.627285574973056,2.1501689317915407e-12,1.7138676685496972e-12,-2.1503354652452344e-12,0.16894282801969546,0.28970103686949716,0.054230706007703015
time_dependent,prepared,0.01,0.0005,0.3645,0.3470189971963072,0.6269948335077656,2.1075363676459347e-12,1.680664859590338e-12,-2.106315122318847e-12,0.1691163375182936,0.2895610489513456,0.054177952107772945
time_dependent,prepared,0.01,0.0005,0.365,0.34682352165974467,0.6267041293233538,2.143785149399946e-12,1.710364627492484e-12,-2.1445067943659524e-12,0.1692897492791235,0.2894211086475113,0.054125243590991357
time_dependent,prepared,0.01,0.0005,0.3655,0.3466282506544437,0.6264134629213234,2.1259660698547123e-12,1.6969351679771632e-12,-2.1275758932404187e-12,0.16946306340445072,0.2892812160413754,0.05407258045038007
time_dependent,prepared,0.01,0.0005,0.366,0.34643318356065406,0.62612283480036,2.1168067299015547e-12,1.6904085047248938e-12,-2.1226354007808368e-12,0.16963627999623104,0.2891413712157579,0.05401996267876543
time_dependent,prepared,0.01,0.0005,0.3665,0.3462383197613426,0.6258322454564879,2.1559420915195915e-12,1.7224600579212037e-12,-2.155609024612204e-12,0.1698093991561117,0.28900157425290773,0.05396739026878118
time_dependent,prepared,0.01,0.0005,0.367,0.34604365864228664,0.6255416953828994,2.101985252522809e-12,1.6801320104111001e-12,-2.1065926780750033e-12,0.16998242098543284,0.28886182523453535,0.053914863212868314
time_dependent,prepared,0.01,0.0005,0.3675,0.34584919959209487,0.6252511850701635,2.1401769245699143e-12,1.7114537130594066e-12,-2.141842259106852e-12,0.17015534558522888,0.28872212424179644,0.053862381503277025
time_dependent,prepared,0.01,0.0005,0.368,0.34565494200205976,0.6249607150060723,2.1028179197912777e-12,1.682360082239176e-12,-2.0999313399272523e-12,0.1703281730562299,0.2885824713552906,0.05380994513206739
time_dependent,prepared,0.01,0.0005,0.3685,0.345460885266391,0.6246702856757472,2.13734585585712e-12,1.7107791941322736e-12,-2.136679722042345e-12,0.1705009034988631,0.2884428666550861,0.05375755409111225
time_dependent,prepared,0.01,0.0005,0.369,0.3452670287818187,0.6243798975616502,2.0803914146938496e-12,1.6659660431211827e-12,-2.0901058661593197e-12,0.170673537013254,0.2883033102206962,0.05370520837209445
time_dependent,prepared,0.01,0.0005,0.3695,0.34507337194804993,0.6240895511435172,2.07556194453673e-12,1.6628718913257189e-12,-2.0742851880584112e-12,0.17084607369922802,0.2881638021310942,0.05365290796651426
time_dependent,prepared,0.01,0.0005,0.37,0.3448799141674373,0.6237992468985111,2.124855846830087e-12,1.703156790739258e-12,-2.125077891435012e-12,0.17101851365631174,0.28802434246473213,0.05360065286568429
time_dependent,prepared,0.01,0.0005,0.3705,0.34468665484490857,0.6235089853010748,2.0717871862530046e-12,1.661393207709072e-12,-2.068234472574204e-12,0.17119085698373418,0.28788493129949966,0.05354844306073516
time_dependent,prepared,0.01,0.0005,0.371,0.34449359338827473,0.6232187668230726,2.080668970450006e-12,1.6692926153788466e-12,-2.080224881240156e-12,0.17136310378042832,0.28774556871278256,0.053496278542613504
time_dependent,prepared,0.01,0.0005,0.3715,0.3443007292079331,0.6229285919337457,2.111921748593204e-12,1.6951555731561658e-12,-2.105648988504072e-12,0.1715352541450323,0.2876062547814209,0.053444159302085716
time_dependent,prepared,0.01,0.0005,0.372,0.3441080617169241,0.6226384610997147,2.0803914146938496e-12,1.6706255272248612e-12,-2.075950522595349e-12,0.17170730817589075,0.28746698958172595,0.053392085329738014
time_dependent,prepared,0.01,0.0005,0.3725,0.3439155903310815,0.6223483747850256,2.112088282046898e-12,1.6968697658870573e-12,-2.1138091277350668e-12,0.1718792659710563,0.2873277731894985,0.05334005661597724
time_dependent,prepared,0.01,0.0005,0.373,0.34372331446869403,0.6220583334511293,2.0783930132495243e-12,1.6705772605884851e-12,-2.0848323067923502e-12,0.17205112762829064,0.28718860568000526,0.05328807315103284
time_dependent,prepared,0.01,0.0005,0.3735,0.34353123355087534,0.6217683375569419,2.11836104213603e-12,1.7034970375428775e-12,-2.1205814881852803e-12,0.17222289324506607,0.2870494871280019,0.05323613492495644
time_dependent,prepared,0.01,0.0005,0.374,0.3433393470011872,0.6214783875587749,2.0745072326633363e-12,1.6690099560893274e-12,-2.0765611452588928e-12,0.17239456291856667,0.2869104176077251,0.05318424192762615
time_dependent,prepared,0.01,0.0005,0.3745,0.3431476542459081,0.6211884839104718,2.0700108294136044e-12,1.6661696755702364e-12,-2.074007632302255e-12,0.17256613674568963,0.28677139719288897,0.053132394148743586
time_dependent,prepared,0.01,0.0005,0.375,0.3429561547139375,0.6208986270632708,2.1009860518006462e-12,1.6918913653701773e-12,-2.0971557823656894e-12,0.1727376148230466,0.28663242595671434,0.05308059157783931
time_dependent,prepared,0.01,0.0005,0.3755,0.3427648478366291,0.6206088174659805,2.120970066243899e-12,1.708781769247533e-12,-2.123523579200537e-12,0.1729089972469649,0.28649350397189827,0.053028834204269154
time_dependent,prepared,0.01,0.0005,0.376,0.3425737330479453,0.6203190555648183,2.0621282459387658e-12,1.6621512973333629e-12,-2.0622947793924595e-12,0.17308028411348889,0.28635463131064,0.052977122017220005
time_dependent,prepared,0.01,0.0005,0.3765,0.3423828097845455,0.6200293418035657,2.0760060337465802e-12,1.6741191857988018e-12,-2.0715096304968483e-12,0.17325147551838116,0.2862158080446278,0.052925455005709277
time_dependent,prepared,0.01,0.0005,0.377,0.34219207748546415,0.6197396766235158,2.0833890168603375e-12,1.6808581856559657e-12,-2.0826118607431e-12,0.1734225715571239,0.2860770342450589,0.05287383315858281
time_dependent,prepared,0.01,0.0005,0.3775,0.34200153559237007,0.6194500604634704,2.10115258525434e-12,1.6959822262981952e-12,-2.103095475547434e-12,0.1735935723249201,0.2859383099826184,0.05282225646452341
time_dependent,prepared,0.01,0.0005,0.378,0.3418111835493411,0.6191604937598193,2.0813906154160122e-12,1.6808167158513134e-12,-2.0784485244007556e-12,0.17376447791669478,0.28579963532751523,0.052770724912042294
time_dependent,prepared,0.01,0.0005,0.3785,0.34162102080310874,0.6188709769464759,2.108868635275485e-12,1.7038031462366356e-12,-2.106537166923772e-12,0.17393528842709632,0.28566101034944263,0.052719238489488784
time_dependent,prepared,0.01,0.0005,0.379,0.34143104680278447,0.6185815104549354,2.0986545834489334e-12,1.6963444170048985e-12,-2.1045387654794467e-12,0.17410600395049772,0.28552243511761405,0.05266779718504593
time_dependent,prepared,0.01,0.0005,0.3795,0.3412412610000553,0.6182920947142723,2.1326829191536945e-12,1.7246564668885024e-12,-2.13645767743742e-12,0.17427662458099774,0.2853839097007535,0.05261640098673563
time_dependent,prepared,0.01,0.0005,0.38,0.34105166284895033,0.6180027301511363,2.07467376611703e-12,1.678531230441469e-12,-2.0702883851697607e-12,0.1744471504124222,0.28524543416710707,0.05256504988241482
time_dependent,prepared,0.01,0.0005,0.3805,0.3408622518061071,0.6177134171898367,2.0679014056668166e-12,1.6738355911636645e-12,-2.0697887848086793e-12,0.17461758153832527,0.28510700858441146,0.052513743859782025
time_dependent,prepared,0.01,0.0005,0.381,0.3406730273305367,0.6174241562522348,2.083888617221419e-12,1.6875664776926676e-12,-2.0821122603820186e-12,0.17478791805199054,0.28496863301995157,0.05246248290637397
time_dependent,prepared,0.01,0.0005,0.3815,0.34048398888369885,0.6171349477578542,2.086275596724363e-12,1.6902912436741718e-12,-2.085609462909588e-12,0.1749581600464324,0.2848303075405149,0.05241126700956942
time_dependent,prepared,0.01,0.0005,0.382,0.3402951359294876,0.6168457921238452,2.089994843856857e-12,1.6940983229028046e-12,-2.095323914375058e-12,0.17512830761439713,0.2846920322124175,0.05236009615658783
time_dependent,prepared,0.01,0.0005,0.3825,0.34010646793414756,0.6165566897650246,2.0512480602974392e-12,1.6634707678508656e-12,-2.052746861380683e-12,0.1752983608483642,0.2845538071014969,0.052308970334493984
time_dependent,prepared,0.01,0.0005,0.383,0.33991798436647347,0.6162676410938602,2.132793941456157e-12,1.730412080104359e-12,-2.1329049637586195e-12,0.17546831984054745,0.28441563227313243,0.052257889530195015
time_dependent,prepared,0.01,0.0005,0.3835,0.339729684697437,0.6159786465204922,2.1109225478710414e-12,1.713470555993696e-12,-2.1103119252074976e-12,0.17563818468289616,0.2842775077922211,0.05220685373044397
time_dependent,prepared,0.01,0.0005,0.384,0.33954156840056626,0.6156897064527624,2.0821122603820186e-12,1.6908779199626296e-12,-2.085609462909588e-12,0.17580795546709643,0.2841394337231925,0.05215586292184009
time_dependent,prepared,0.01,0.0005,0.3845,0.33935363495170723,0.6154008212961773,2.081557148869706e-12,1.6912206458239214e-12,-2.0816126600209373e-12,0.17597763228457228,0.2840014101300203,0.0521049170908292
time_dependent,prepared,0.01,0.0005,0.385,0.33916588382902274,0.6151119914539888,2.045197344813232e-12,1.6624593352305145e-12,-2.0480284135260263e-12,0.1761472152264868,0.28386343707620765,0.05205401622370756
time_dependent,prepared,0.01,0.0005,0.3855,0.3389783145130564,0.6148232173271425,2.054856285127471e-12,1.67109522478448e-12,-2.0545232182200834e-12,0.17631670438374333,0.2837255146247973,0.052003160306617675
time_dependent,prepared,0.01,0.0005,0.386,0.3387909264867067,0.6145344993143341,2.0622947793924595e-12,1.6779324689582127e-12,-2.0659585153737225e-12,0.17648609984698668,0.2835876428383812,0.05195234932555477
time_dependent,prepared,0.01,0.0005,0.3865,0.3386037192351898,0.614245837811974,2.138178523125589e-12,1.7404908519513506e-12,-2.135180920959101e-12,0.17665540170660426,0.28344982177908945,0.05190158326636513
time_dependent,prepared,0.01,0.0005,0.387,0.3384166922458473,0.6139572332142477,2.042366276100438e-12,1.6632805720071492e-12,-2.0448087667546133e-12,0.17682461005272718,0.2833120515086084,0.05185086211474647
time_dependent,prepared,0.01,0.0005,0.3875,0.3382298450087098,0.613668685913096,2.10953476909026e-12,1.7187896478274709e-12,-2.1129209493153667e-12,0.17699372497523153,0.28317433208815657,0.05180018585624986
time_dependent,prepared,0.01,0.0005,0.388,0.3380431770156629,0.6133801962982279,2.040201341202419e-12,1.6630805440994967e-12,-2.034816759532987e-12,0.17716274656373937,0.2830366635785123,0.05174955447628062
time_dependent,prepared,0.01,0.0005,0.3885,0.3378566877612243,0.6130917647571705,2.0959345370386018e-12,1.7093155197290602e-12,-2.098321516541546e-12,0.17733167490761997,0.28289904604001376,0.05169896796010163
time_dependent,prepared,0.01,0.0005,0.389,0.337670376741973,0.6128033916752058,2.1094237467877974e-12,1.7211260376820745e-12,-2.112976460466598e-12,0.17750051009599097,0.28276147953254477,0.05164842629282827
time_dependent,prepared,0.01,0.0005,0.3895,0.3374842434567885,0.6125150774354373,2.1165846852966297e-12,1.7277817014358094e-12,-2.11924922055573e-12,0.17766925221771937,0.28262396411555624,0.05159792945943666
time_dependent,prepared,0.01,0.0005,0.39,0.33729828740680373,0.6122268224187739,2.094047157896739e-12,1.71018900284378e-12,-2.089550754647007e-12,0.17783790136142277,0.2824864998480501,0.05154747744475916
time_dependent,prepared,0.01,0.0005,0.3905,0.337112508095374,0.6119386270040005,2.031819157366499e-12,1.660149455927255e-12,-2.0325408023325053e-12,0.17800645761547046,0.2823490867885932,0.05149707023348757
time_dependent,prepared,0.01,0.0005,0.391,0.3369269050281903,0.6116504915676982,2.0635160247195472e-12,1.6868424477409856e-12,-2.0610180229141406e-12,0.17817492106798455,0.2822117249953216,0.05144670781017477
time_dependent,prepared,0.01,0.0005,0.3915,0.33674147771297464,0.6113624164843011,2.062183757089997e-12,1.686547701889582e-12,-2.064792781197866e-12,0.17834329180684103,0.2820744145259364,0.05139639015923266
time_dependent,prepared,0.01,0.0005,0.392,0.3365562256597343,0.6110744021261105,2.0261015087896794e-12,1.657819000220683e-12,-2.0282664436876985e-12,0.1785115699196709,0.28193715543770076,0.051346117264937936
time_dependent,prepared,0.01,0.0005,0.3925,0.33637114838075277,0.6107864488633031,2.074840299570724e-12,1.6984989626313388e-12,-2.0749513218731863e-12,0.17867975549386128,0.2817999477874573,0.05129588911142884
time_dependent,prepared,0.01,0.0005,0.393,0.33618624539034886,0.6104985570639065,2.064570736592941e-12,1.6908891206218956e-12,-2.062183757089997e-12,0.17884784861655645,0.28166279163162017,0.05124570568270726
time_dependent,prepared,0.01,0.0005,0.3935,0.33600151620505836,0.6102107270939087,2.034816759532987e-12,1.6673066116194686e-12,-2.040423385807344e-12,0.17901584937465898,0.28152568702617536,0.051195566962640035
time_dependent,prepared,0.01,0.0005,0.394,0.3358169603436363,0.609922959317122,2.049249658853114e-12,1.6799250032692973e-12,-2.0498602815166578e-12,0.1791837578548308,0.2813886340266899,0.051145472934960405
time_dependent,prepared,0.01,0.0005,0.3945,0.33563257732691176,0.6096352540953175,2.0140000778212652e-12,1.6518074244300888e-12,-2.0076162954296706e-12,0.17935157414349426,0.28125163268830417,0.05109542358326765
time_dependent,prepared,0.01,0.0005,0.395,0.3354483666779821,0.6093476117881687,2.0496382369117327e-12,1.681830040240491e-12,-2.0483059692821826e-12,0.17951929832683325,0.28111468306575066,0.05104541889102924
time_dependent,prepared,0.01,0.0005,0.3955,0.33526432792190725,0.6090600327533009,2.1027624086400465e-12,1.7262357530921244e-12,-2.0990431615075522e-12,0.1796869304907942,0.2809777852133299,0.05099545884158223
time_dependent,prepared,0.01,0.0005,0.396,0.3350804605858787,0.6087725173462648,2.0498602815166578e-12,1.6836012000417414e-12,-2.0455304117206197e-12,0.17985447072108715,0.28084093918494485,0.050945543418129936
time_dependent,prepared,0.01,0.0005,0.3965,0.3348967641993451,0.6084850659205774,2.029487689014786e-12,1.6676561206485723e-12,-2.0201063044567036e-12,0.18002191910318682,0.28070414503408875,0.05089567260374863
time_dependent,prepared,0.01,0.0005,0.397,0.33471323829377914,0.6081976788276947,2.034816759532987e-12,1.6728251606054356e-12,-2.036537605221156e-12,0.1801892757223337,0.28056740281382253,0.05084584638138529
time_dependent,prepared,0.01,0.0005,0.3975,0.33452988240272336,0.607910356417073,2.0904389330667072e-12,1.719364467965168e-12,-2.0909385334277886e-12,0.18035654066353507,0.28043071257680924,0.050796064733858816
time_dependent,prepared,0.01,0.0005,0.398,0.33434669606172357,0.6076230990361396,2.0657364707687975e-12,1.6998501818332142e-12,-2.068012427969279e-12,0.18052371401156594,0.28029407437532416,0.050746327643860986
time_dependent,prepared,0.01,0.0005,0.3985,0.3341636788085337,0.6073359070303033,2.041311564227044e-12,1.6805457577875118e-12,-2.0409784973196565e-12,0.1806907958509702,0.28015748826121134,0.050696635093957776
time_dependent,prepared,0.01,0.0005,0.399,0.3339808301829685,0.6070487807430024,2.0973223158193832e-12,1.7274742840671925e-12,-2.103706098210978e-12,0.1808577862660617,0.2800209542859315,0.050646987066590925
time_dependent,prepared,0.01,0.0005,0.3995,0.33379814972671484,0.6067617205156424,2.0533019728929958e-12,1.6920167369363467e-12,-2.0513590825999017e-12,0.18102468534092506,0.27988447250053394,0.05059738354407486
time_dependent,prepared,0.01,0.0005,0.4,0.3336156369836968,0.6064747266877202,2.0452528559644634e-12,1.6861814400174796e-12,-2.044697744452151e-12,0.1811914931594169,0.2797480429556829,0.05054782450860351
time_dependent,prepared,0.01,0.0005,0.4005,0.3334332914997521,0.606187799596705,2.03759231709455e-12,1.680660942406569e-12,-2.0295987113172487e-12,0.1813582098051668,0.27961166570162965,0.050498309942247
time_dependent,prepared,0.01,0.0005,0.401,0.3332511128227881,0.6059009395781295,1.9962365094272627e-12,1.6473291086278006e-12,-2.0047852267168764e-12,0.18152483536157818,0.27947534078825315,0.050448839826954445
time_dependent,prepared,0.01,0.0005,0.4015,0.33306910050272365,0.6056141469655685,2.038091917455631e-12,1.6826653799816824e-12,-2.0424217872516692e-12,0.18169136991182955,0.2793390682650216,0.050399414144552526
time_dependent,prepared,0.01,0.0005,0.402,0.3328872540914891,0.6053274220906686,2.06451522544171e-12,1.7052880392464337e-12,-2.0689006063889792e-12,0.18185781353887528,0.27920284818101887,0.05035003287674987
time_dependent,prepared,0.01,0.0005,0.4025,0.33270557314289395,0.6050407652831278,2.0476398354674075e-12,1.69215030867032e-12,-2.0429213876127506e-12,0.18202416632544674,0.2790666805849494,0.05030069600513337
time_dependent,prepared,0.01,0.0005,0.403,0.33252405721288697,0.6047541768707738,2.0696222513549856e-12,1.7111268764280803e-12,-2.071232074740692e-12,0.1821904283540532,0.27893056552512185,0.050251403511174936
time_dependent,prepared,0.01,0.0005,0.4035,0.3323427058592088,0.60446765717945,2.0300428005270987e-12,1.6791988590392234e-12,-2.028821555200011e-12,0.18235659970698279,0.2787945030494566,0.05020215537622507
time_dependent,prepared,0.01,0.0005,0.404,0.33216151864178306,0.6041812065331533,2.0189960814320784e-12,1.67085309804147e-12,-2.016942168836522e-12,0.18252268046630368,0.2786584932055114,0.05015295158152108
time_dependent,prepared,0.01,0.0005,0.4045,0.3319804951223275,0.6038948252539827,2.0063395389513516e-12,1.661166361298264e-12,-2.011835142923246e-12,0.18268867071386485,0.27852253604044386,0.05010379210818204
time_dependent,prepared,0.01,0.0005,0.405,0.3317996348645681,0.6036085136621063,2.047140235106326e-12,1.695751624411996e-12,-2.048583525038339e-12,0.18285457053129714,0.2783866316010484,0.05005467693721343
time_dependent,prepared,0.01,0.0005,0.4055,0.33161893743410253,0.6033222720758791,2.018274436466072e-12,1.6726337894988735e-12,-2.015498878904509e-12,0.1830203800000142,0.27825077993372094,0.0500056060495056
time_dependent,prepared,0.01,0.0005,0.406,0.3314384023985374,0.6030361008117737,2.0416446311344316e-12,1.6928046499891357e-12,-2.0483059692821826e-12,0.18318609920121345,0.2781149810845142,0.049956579425836097
time_dependent,prepared,0.01,0.0005,0.40650000000000003,0.3312580293273373,0.6027500001843762,2.0681234502717416e-12,1.7155731643596615e-12,-2.0640156250806285e-12,0.1833517282158771,0.27797923509908384,0.04990759704686944
time_dependent,prepared,0.01,0.0005,0.40700000000000003,0.33107781779185036,0.602463970506468,2.0398127631438e-12,1.692891909723295e-12,-2.0401458300511877e-12,0.18351726712477304,0.27784354202272743,0.049858658893158436
time_dependent,prepared,0.01,0.0005,0.40750000000000003,0.33089776736536897,0.6021780120889664,2.001288024189307e-12,1.6617079866827729e-12,-1.9996782008036007e-12,0.18368271600845573,0.2777079019003624,0.04980976494514522
time_dependent,prepared,0.01,0.0005,0.40800000000000003,0.33071787762316945,0.6018921252409807,2.0749513218731863e-12,1.7236903714588868e-12,-2.078504035551987e-12,0.18384807494726732,0.27757231477655436,0.049760915183160635
time_dependent,prepared,0.01,0.0005,0.40850000000000003,0.33053814814208937,0.6016063102697861,1.97758476261356e-12,1.6435871173986486e-12,-1.972422225549053e-12,0.18401334402133837,0.2774367806954921,0.04971210958742856
time_dependent,prepared,0.01,0.0005,0.40900000000000003,0.33035857850130107,0.6013205674808466,2.068678561784054e-12,1.7201129261609598e-12,-2.068845095237748e-12,0.184178523310589,0.2773012997010007,0.049663348138060996
time_dependent,prepared,0.01,0.0005,0.40950000000000003,0.3301791682813924,0.6010348971778451,2.0318746685177302e-12,1.6903133895011323e-12,-2.034372670323137e-12,0.1843436128947297,0.27716587183655195,0.04961463081506444
time_dependent,prepared,0.01,0.0005,0.41000000000000003,0.32999991706506077,0.6007492996626352,2.0028978475750137e-12,1.6669997357437192e-12,-2.0022317137602386e-12,0.18450861285326223,0.2770304971452479,0.04956595759833766
time_dependent,prepared,0.01,0.0005,0.41050000000000003,0.3298208244368307,0.6004637752353237,2.026434575697067e-12,1.6873911959963625e-12,-2.029265644409861e-12,0.18467352326548064,0.2768951756698485,0.049517328467673226
time_dependent,prepared,0.01,0.0005,0.41100000000000003,0.3296418899829444,0.6001783241942147,2.0159429681143592e-12,1.6794533281567034e-12,-2.008115895790752e-12,0.18483834421047213,0.27675990745274154,0.04946874340275783
time_dependent,prepared,0.01,0.0005,0.41150000000000003,0.32946311329155703,0.5998929468358843,2.015054789694659e-12,1.6795119865299426e-12,-2.0127233213429463e-12,0.1850030757671179,0.2766246925359707,0.049420202383173566
time_dependent,prepared,0.01,0.0005,0.41200000000000003,0.32928449395267195,0.5996076434551122,2.0781709686445993e-12,1.7329423593284914e-12,-2.0712875858919233e-12,0.18516771801409426,0.27648953096121653,0.04937170538839962
time_dependent,prepared,0.01,0.0005,0.41250000000000003,0.32910603155796775,0.5993224143449387,2.0187740368271534e-12,1.6842136957536284e-12,-2.018218925314841e-12,0.18533227102987324,0.27635442276982225,0.04932325239780862
time_dependent,prepared,0.01,0.0005,0.41300000000000003,0.3289277257010449,0.5990372597966742,2.025157819218748e-12,1.6903437858796178e-12,-2.0267121314532233e-12,0.18549673489272375,0.27621936800277286,0.049274843390676226
time_dependent,prepared,0.01,0.0005,0.41350000000000003,0.32874957597728943,0.5987521800998813,2.0470292128038636e-12,1.709412742730129e-12,-2.04730676856002e-12,0.1856611096807124,0.2760843667007126,0.04922647834617018
time_dependent,prepared,0.01,0.0005,0.41400000000000003,0.3285715819837785,0.5984671755424218,2.0629054020560034e-12,1.7234908499223289e-12,-2.0600743333432092e-12,0.1858253954717043,0.2759494189039309,0.04917815724336233
time_dependent,prepared,0.01,0.0005,0.41450000000000004,0.32839374331941784,0.5981822464104269,2.006672605858739e-12,1.6773087281485016e-12,-2.006450561253814e-12,0.185989592343364,0.27581452465238415,0.049129880061221966
time_dependent,prepared,0.01,0.0005,0.41500000000000004,0.3282160595849317,0.597897392988335,2.0282109325364672e-12,1.6961195652617584e-12,-2.026656620301992e-12,0.18615370037315648,0.2756796839856818,0.049081646778617
time_dependent,prepared,0.01,0.0005,0.41550000000000004,0.32803853038279085,0.5976126155588645,2.077227279073668e-12,1.7379379425646112e-12,-2.0796697697278432e-12,0.18631771963834787,0.2755448969430918,0.049033457374321854
time_dependent,prepared,0.01,0.0005,0.41600000000000004,0.3278611553170006,0.5973279144030716,2.0148882562409653e-12,1.686584711390148e-12,-2.020661415969016e-12,0.18648165021600638,0.27541016356354997,0.04898531182700759
time_dependent,prepared,0.01,0.0005,0.4165,0.32768393399361695,0.5970432898002845,1.987909836742574e-12,1.664795393148322e-12,-1.9856893906933237e-12,0.1866454921830032,0.27527548388564377,0.048937210115251026
time_dependent,prepared,0.01,0.0005,0.417,0.3275068660202813,0.5967587420282269,1.982747299678067e-12,1.6612637235408852e-12,-1.9789725413943415e-12,0.18680924561601334,0.27514085794764004,0.04888915221753135
time_dependent,prepared,0.01,0.0005,0.4175,0.32732995100640777,0.5964742713629053,2.0385915178167124e-12,1.7088679392282741e-12,-2.036759649826081e-12,0.18697291059151655,0.2750062857874596,0.04884113811223073
time_dependent,prepared,0.01,0.0005,0.418,0.3271531885629528,0.5961898780786972,2.0104473641424647e-12,1.6860797524926242e-12,-2.0054513605316515e-12,0.18713648718579803,0.27487176744270014,0.04879316777763935
time_dependent,prepared,0.01,0.0005,0.4185,0.32697657830280846,0.5959055624483147,1.9855783683908612e-12,1.6660176490295562e-12,-1.9811374762923606e-12,0.18729997547494945,0.2747373029506283,0.04874524119194994
time_dependent,prepared,0.01,0.0005,0.419,0.32680011984046436,0.5956213247428496,2.0095036745715333e-12,1.6868970192057144e-12,-2.0186075033734596e-12,0.1874633755348697,0.2746028923481737,0.04869735833326232
time_dependent,prepared,0.01,0.0005,0.4195,0.3266238127921128,0.5953371652317047,2.034650226079293e-12,1.7088217777265194e-12,-2.0347612483817556e-12,0.18762668744126576,0.27446853567195445,0.04864951917958368
time_dependent,prepared,0.01,0.0005,0.42,0.326447656775574,0.5950530841827562,2.032263246576349e-12,1.7076318908286832e-12,-2.0325408023325053e-12,0.18778991126965355,0.2743342329582513,0.048601723708828815
time_dependent,prepared,0.01,0.0005,0.4205,0.3262716514103993,0.5947690818621842,2.0082824292444457e-12,1.6882875139989208e-12,-2.0080048734882894e-12,0.18795304709535876,0.2741999842430246,0.048553971898820554
time_dependent,prepared,0.01,0.0005,0.421,0.3260957963178321,0.5944851585345777,1.9920731730849184e-12,1.6754608121690507e-12,-1.990019260489362e-12,0.18811609499351767,0.27406578956191513,0.048506263727291145
time_dependent,prepared,0.01,0.0005,0.4215,0.32592009112073717,0.5942013144629579,1.9952373087051e-12,1.6789236746346275e-12,-1.9929058403533872e-12,0.18827905503907805,0.2739316489502435,0.04845859917188076
time_dependent,prepared,0.01,0.0005,0.422,0.32574453544362014,0.593917549908729,1.9955703756124876e-12,1.6800062364850196e-12,-1.9984014443252818e-12,0.18844192730679984,0.27379756244300807,0.04841097821014386
time_dependent,prepared,0.01,0.0005,0.4225,0.3255691289126358,0.5936338651317064,2.0133894551577214e-12,1.6958175513686428e-12,-2.0142776335774215e-12,0.18860471187125616,0.27366353007489724,0.048363400819541706
time_dependent,prepared,0.01,0.0005,0.423,0.3253938711555818,0.5933502603901087,1.9794166306041916e-12,1.6680001364619667e-12,-1.9733104039687532e-12,0.18876740880683396,0.27352955188028033,0.04831586697745053
time_dependent,prepared,0.01,0.0005,0.4235,0.32521876180194015,0.5930667359406561,2.0385915178167124e-12,1.7186864430862263e-12,-2.040034807748725e-12,0.18893001818773492,0.2733956278932102,0.04826837666115638
time_dependent,prepared,0.01,0.0005,0.424,0.3250438004826128,0.5927832920384465,1.9660384431574585e-12,1.6583112830267536e-12,-1.9720336474904343e-12,0.1890925400879762,0.27326175814742865,0.048220929847860375
time_dependent,prepared,0.01,0.0005,0.4245,0.3248689868303919,0.5924999289370517,1.9912960169676808e-12,1.6804187812619076e-12,-1.9938495299243186e-12,0.1892549745813914,0.27312794267637625,0.04817352651467709
time_dependent,prepared,0.01,0.0005,0.425,0.3246943204794695,0.592216646888461,1.9843016119125423e-12,1.6753173203884491e-12,-1.983357922341611e-12,0.18941732174163114,0.27299418151317023,0.048126166638634255
time_dependent,prepared,0.01,0.0005,0.4255,0.32451980106577205,0.5919334461431662,2.0276003098729234e-12,1.7126928061597071e-12,-2.0293766667123236e-12,0.18957958164216404,0.27286047469063196,0.048078850196675425
time_dependent,prepared,0.01,0.0005,0.426,0.3243454282266099,0.5916503269501029,1.9981793997203567e-12,1.6886489440624445e-12,-2.0004553569208383e-12,0.18974175435627735,0.27272682224126776,0.048031577165660325
time_dependent,prepared,0.01,0.0005,0.4265,0.324171201601095,0.5913672895567363,1.993516463016931e-12,1.6855146524149364e-12,-1.98685512486918e-12,0.1899038399570779,0.2725932241972868,0.04798434752236443
time_dependent,prepared,0.01,0.0005,0.427,0.32399712082981175,0.5910843342089631,1.9860779687519425e-12,1.6800292731548505e-12,-1.9910739723627557e-12,0.1900658385174928,0.2724596805905977,0.04793716124348049
time_dependent,prepared,0.01,0.0005,0.4275,0.3238231855549387,0.5908014611511357,1.9856893906933237e-12,1.6805048068271601e-12,-1.9856893906933237e-12,0.1902277501102703,0.2723261914527973,0.04789001830562005
time_dependent,prepared,0.01,0.0005,0.428,0.32364939542014537,0.5905186706262198,2.001232513038076e-12,1.6944701434354848e-12,-1.9972357101494254e-12,0.19038957480798036,0.2721927568151924,0.047842918685309405
time_dependent,prepared,0.01,0.0005,0.4285,0.3234757500707682,0.5902359628755769,2.0158319458118967e-12,1.7076492052326848e-12,-2.0151103008458904e-12,0.19055131268301573,0.27205937670879166,0.04779586235899752
time_dependent,prepared,0.01,0.0005,0.429,0.32330224915353645,0.5899533381391625,1.989408637825818e-12,1.686072871540552e-12,-1.9974577547543504e-12,0.1907129638075925,0.27192605116429985,0.047748849303051934
time_dependent,prepared,0.01,0.0005,0.4295,0.3231288923168465,0.5896707966553929,1.967481733089471e-12,1.6682882586739298e-12,-1.96875848956779e-12,0.19087452825375092,0.2717927802121262,0.04770187949375911
time_dependent,prepared,0.01,0.0005,0.43,0.3229556792106291,0.5893883386612544,2.021049994027635e-12,1.7145317114814431e-12,-2.01993977100301e-12,0.19103600609335625,0.2716595638824003,0.047654952907327186
time_dependent,prepared,0.01,0.0005,0.4305,0.32278260948619886,0.5891059643922468,1.994182596831706e-12,1.692549997253581e-12,-1.9934609518657e-12,0.19119739739809935,0.27152640220494584,0.04760806951988621
time_dependent,prepared,0.01,0.0005,0.431,0.3226096827964734,0.5888236740824409,1.933619930838404e-12,1.6419346027895136e-12,-1.935396287677804e-12,0.19135870223949758,0.2713932952093034,0.047561229307487435
time_dependent,prepared,0.01,0.0005,0.4315,0.32243689879598264,0.5885414679644269,2.0026758029700886e-12,1.7013888672053002e-12,-2.0071166950685893e-12,0.19151992068889556,0.2712602429247184,0.047514432246105985
time_dependent,prepared,0.01,0.0005,0.432,0.3222642571405475,0.5882593462693597,2.0070056727661267e-12,1.7058850704972136e-12,-2.005950960892733e-12,0.19168105281746584,0.2711272453801545,0.04746767831163739
time_dependent,prepared,0.01,0.0005,0.4325,0.32209175748756275,0.5879773092269746,1.9729773370613657e-12,1.6777665618184893e-12,-1.9712564913731967e-12,0.1918420986962096,0.270994302604283,0.04742096747990494
time_dependent,prepared,0.01,0.0005,0.433,0.321919399496004,0.5876953570655566,1.994182596831706e-12,1.6966125160368371e-12,-1.9892421043721242e-12,0.1920030583959576,0.27086141462549584,0.04737429972665376
time_dependent,prepared,0.01,0.0005,0.4335,0.3217471828261996,0.5874134900120123,2.0244361742527417e-12,1.7231781433959363e-12,-2.0202728379103974e-12,0.1921639319873707,0.2707285814719029,0.04732767502755486
time_dependent,prepared,0.01,0.0005,0.434,0.32157510713998866,0.5871317082917707,1.9696466679874902e-12,1.6773465307424556e-12,-1.9776957849160226e-12,0.1923247195409407,0.27059580317132625,0.047281093358205475
time_dependent,prepared,0.01,0.0005,0.4345,0.32140317210074576,0.5868500121288929,2.0138890555188027e-12,1.7158464802698396e-12,-2.0122792321330962e-12,0.19248542112699105,0.2704630797513116,0.047234554694127184
time_dependent,prepared,0.01,0.0005,0.435,0.32123137737316904,0.5865684017460475,2.001454557643001e-12,1.7060708961493873e-12,-2.0000667788622195e-12,0.19264603681567763,0.27033041123912266,0.047188059010770576
time_dependent,prepared,0.01,0.0005,0.4355,0.3210597226234915,0.5862868773644909,1.9796386752091166e-12,1.6882849946298944e-12,-1.978195385277104e-12,0.19280656667698937,0.2701977976617525,0.047141606283514124
time_dependent,prepared,0.01,0.0005,0.436,0.32088820751938196,0.586005439204089,1.9647616866791395e-12,1.6764022611670466e-12,-1.9559909247846008e-12,0.19296701078074907,0.2700652390459088,0.0470951964876608
time_dependent,prepared,0.01,0.0005,0.4365,0.3207168317299842,0.5857240874833624,1.9790280525455728e-12,1.689385919781252e-12,-1.9780843629746414e-12,0.19312736919661405,0.2699327354180311,0.047048829598445474
time_dependent,prepared,0.01,0.0005,0.437,0.3205455949257859,0.5854428224194121,1.991962150782456e-12,1.7012439767790187e-12,-1.9871326806253364e-12,0.19328764199407694,0.2698002868042809,0.04700250559103079
time_dependent,prepared,0.01,0.0005,0.4375,0.32037449677872887,0.5851616442280109,2.0011770018868447e-12,1.709935213306338e-12,-2.0001222900134508e-12,0.1934478292424663,0.26966789323055573,0.04695622444051072
time_dependent,prepared,0.01,0.0005,0.438,0.3202035369621693,0.5848805531235539,1.9920731730849184e-12,1.7029743615537064e-12,-1.9886869928598117e-12,0.1936079310109474,0.2695355547224749,0.046909986121908095
time_dependent,prepared,0.01,0.0005,0.4385,0.3200327151509449,0.5845995493190808,2.0166091019291343e-12,1.724778187286088e-12,-2.0097812303276896e-12,0.19376794736852287,0.2694032713053891,0.0468637906101759
time_dependent,prepared,0.01,0.0005,0.439,0.3198620310211272,0.5843186330263203,1.944444605328499e-12,1.6638564093485597e-12,-1.9445556276309617e-12,0.19392787838403344,0.2692710430043891,0.04681763788020076
time_dependent,prepared,0.01,0.0005,0.4395,0.3196914842504219,0.5840378044555953,1.9873547252302615e-12,1.7013921959036297e-12,-1.990074771640593e-12,0.19408772412615866,0.26913886984428337,0.04677152790679901
time_dependent,prepared,0.01,0.0005,0.44,0.31952107451771367,0.583757063815952,1.9910184612115245e-12,1.7053484956508044e-12,-1.990463349699212e-12,0.1942474846634175,0.26900675184963624,0.04672546066472262
time_dependent,prepared,0.01,0.0005,0.4405,0.3193508015033242,0.5834764113151221,1.9754753388667723e-12,1.6928493599345523e-12,-1.975419827715541e-12,0.19440716006416917,0.26887468904472717,0.04667943612865391
time_dependent,prepared,0.01,0.0005,0.441,0.3191806648890471,0.5831958471594482,1.9886314817085804e-12,1.7049431090697476e-12,-1.990463349699212e-12,0.1945667503966137,0.26874268145358937,0.04663345427320946
time_dependent,prepared,0.01,0.0005,0.4415,0.3190106643578898,0.5829153715540438,1.9612644841515703e-12,1.6822892137151645e-12,-1.9612644841515703e-12,0.19472625572879265,0.2686107290999893,0.04658751507294077
time_dependent,prepared,0.01,0.0005,0.442,0.3188407995943749,0.5826349847026409,1.9712564913731967e-12,1.6916736405520956e-12,-1.9735879597249095e-12,0.19488567612858984,0.2684788320074376,0.04654161850233446
time_dependent,prepared,0.01,0.0005,0.4425,0.3186710702842774,0.582354686807725,1.970645868709653e-12,1.6919636034087275e-12,-1.9729773370613657e-12,0.19504501166373198,0.268346990199175,0.046495764535811175
time_dependent,prepared,0.01,0.0005,0.443,0.3185014761147723,0.5820744780704643,2.0003443346183758e-12,1.7182889904793099e-12,-1.996069975973569e-12,0.19520426240178937,0.2682152036981966,0.04644995314772869
time_dependent,prepared,0.01,0.0005,0.4435,0.3183320167743575,0.5817943586907586,2.0198287487005473e-12,1.7358614074931602e-12,-2.0162760350217468e-12,0.19536342841017654,0.2680834725272344,0.046404184312379686
time_dependent,prepared,0.01,0.0005,0.444,0.31816269195278346,0.581514328867198,1.9337309531408664e-12,1.6626683618481072e-12,-1.933619930838404e-12,0.19552250975615293,0.26795179670877906,0.04635845800399611
time_dependent,prepared,0.01,0.0005,0.4445,0.31799350134137916,0.5812343887971307,1.9744761381446096e-12,1.698519716140205e-12,-1.9741985823884534e-12,0.19568150650682362,0.2678201762650494,0.046312774196744205
time_dependent,prepared,0.01,0.0005,0.445,0.31782444463250886,0.5809545386766078,1.952604744559494e-12,1.6805142352482277e-12,-1.945443806050662e-12,0.19584041872913988,0.2676886112180256,0.046267132864731976
time_dependent,prepared,0.01,0.0005,0.4455,0.31765552152009496,0.5806747787004465,2.00450767096072e-12,1.7260157875664583e-12,-2.007505273127208e-12,0.19599924648989991,0.2675571015894342,0.046221533982002454
time_dependent,prepared,0.01,0.0005,0.446,0.3174867316991117,0.5803951090621857,1.93389748659456e-12,1.6660180766479658e-12,-1.9363954883999668e-12,0.19615798985574948,0.267425647400752,0.04617597752254011
time_dependent,prepared,0.01,0.0005,0.4465,0.31731807486609576,0.5801155299541169,1.938171845239367e-12,1.6705050504245467e-12,-1.935174243072879e-12,0.1963166488931825,0.26729424867320867,0.04613046346026781
time_dependent,prepared,0.01,0.0005,0.447,0.31714955071879286,0.5798360415673086,1.9909629500602932e-12,1.7168326969424509e-12,-1.9897417047332056e-12,0.19647522366854192,0.2671629054277834,0.04608499176904933
time_dependent,prepared,0.01,0.0005,0.4475,0.3169811589561347,0.5795566440915937,1.96831440035794e-12,1.6981208139195477e-12,-1.970923424465809e-12,0.19663371424801998,0.2670316176852142,0.04603956242268747
time_dependent,prepared,0.01,0.0005,0.448,0.3168128992784326,0.5792773377155488,1.950828387720094e-12,1.6838466315721414e-12,-1.9581003485313886e-12,0.1967921206976592,0.26690038546599526,0.04599417539492824
time_dependent,prepared,0.01,0.0005,0.4485,0.3166447713873051,0.5789981226265195,1.9191315203670456e-12,1.6572864793223116e-12,-1.9186874311571955e-12,0.19695044308335286,0.2667692087903739,0.045948830659457714
time_dependent,prepared,0.01,0.0005,0.449,0.31647677498565824,0.5787189990106856,1.9675927553919337e-12,1.6999552103457545e-12,-1.9664270212160773e-12,0.19710868147084568,0.2666380876783581,0.04590352818990502
time_dependent,prepared,0.01,0.0005,0.4495,0.31630890977752607,0.5784399670529622,1.9291790387399033e-12,1.6675706630071515e-12,-1.931732551696541e-12,0.19726683592573444,0.26650702214972083,0.04585826795984058
time_dependent,prepared,0.01,0.0005,0.45,0.3161411754683788,0.5781610269370755,1.971312002524428e-12,1.7048122501135105e-12,-1.9716450694318155e-12,0.1974249065134686,0.2663760122239836,0.045813049942779446
time_dependent,prepared,0.01,0.0005,0.4505,0.31597357176484187,0.5778821788455557,1.972422225549053e-12,1.7065954772009285e-12,-1.97625249498401e-12,0.19758289329935103,0.26624505792044445,0.04576787411217957
time_dependent,prepared,0.01,0.0005,0.451,0.315806098374753,0.5776034229597372,1.9561574582382946e-12,1.6933395652429673e-12,-1.9573787035653822e-12,0.1977407963485384,0.26611415925814946,0.04572274044144293
time_dependent,prepared,0.01,0.0005,0.4515,0.31563875500730604,0.5773247594597769,1.9684254226604025e-12,1.704781745805404e-12,-1.9664825323673085e-12,0.19789861572604203,0.2659833162559238,0.04567764890391652
time_dependent,prepared,0.01,0.0005,0.452,0.31547154137287653,0.5770461885246296,1.944666649933424e-12,1.6850181914399255e-12,-1.949607142393006e-12,0.19805635149672848,0.26585252893234823,0.04563259947289251
time_dependent,prepared,0.01,0.0005,0.4525,0.3153044571830477,0.5767677103320712,1.9352297542241104e-12,1.6776509152243149e-12,-1.9357293545851917e-12,0.19821400372532,0.26572179730577244,0.04558759212160697
time_dependent,prepared,0.01,0.0005,0.453,0.3151375021507004,0.576489325058718,1.945721361806818e-12,1.687560616673478e-12,-1.9433898934551053e-12,0.19837157247639534,0.2655911213943132,0.045542626823245516
time_dependent,prepared,0.01,0.0005,0.4535,0.31497067598984674,0.5762110328800372,1.9294010833448283e-12,1.674213936600625e-12,-1.9251822358512527e-12,0.19852905781439026,0.26546050121587395,0.045497703550936096
time_dependent,prepared,0.01,0.0005,0.454,0.31480397841583185,0.5759328339703025,1.9339529977457914e-12,1.678974425203779e-12,-1.939226557112761e-12,0.19868645980359817,0.26532993678809175,0.045452822277756356
time_dependent,prepared,0.01,0.0005,0.4545,0.3146374091450484,0.5756547285026671,1.9197976541818207e-12,1.6674905625913961e-12,-1.921629522172452e-12,0.1988437785081707,0.2651994281284128,0.045407982976730606
time_dependent,prepared,0.01,0.0005,0.455,0.31447096789522444,0.5753767166490974,1.893818435405592e-12,1.6457204302876323e-12,-1.8926527012297356e-12,0.1990010139921183,0.2650689752540336,0.045363185620832726
time_dependent,prepared,0.01,0.0005,0.4555,0.3143046543852773,0.5750987985804621,1.949551631241775e-12,1.6949710519745666e-12,-1.951772077291025e-12,0.19915816631931094,0.26493857818193645,0.04531843018298112
time_dependent,prepared,0.01,0.0005,0.456,0.3141384683352467,0.5748209744664579,1.998012866266663e-12,1.7379435989768144e-12,-1.993960552226781e-12,0.19931523555347855,0.26480823692886823,0.045273716636047553
time_dependent,prepared,0.01,0.0005,0.4565,0.3139724094663352,0.5745432444756745,1.9399482020787673e-12,1.6882525560333407e-12,-1.9396151351713797e-12,0.19947222175821172,0.26467795151136164,0.04522904495285001
time_dependent,prepared,0.01,0.0005,0.457,0.313806477501086,0.5742656087755594,1.9614865287564953e-12,1.7078216932887536e-12,-1.956268480540757e-12,0.19962912499696225,0.2645477219457248,0.04518441510615755
time_dependent,prepared,0.01,0.0005,0.4575,0.3136406721630337,0.5739880675324589,1.913413871790226e-12,1.6667714714111489e-12,-1.917244141225183e-12,0.19978594533304378,0.26441754824803876,0.04513982706868951
time_dependent,prepared,0.01,0.0005,0.458,0.31347499317704025,0.5737106209115815,1.938560423297986e-12,1.689493232855345e-12,-1.9395041128689172e-12,0.1999426828296323,0.2642874304341697,0.045095280813115694
time_dependent,prepared,0.01,0.0005,0.4585,0.3133094402689664,0.5734332690770484,1.9031443088124433e-12,1.6594296245423915e-12,-1.9083068458769503e-12,0.20009933754976678,0.2641573685197654,0.045050776312057686
time_dependent,prepared,0.01,0.0005,0.459,0.31314401316599694,0.573156012191873,1.900035684343493e-12,1.6575205039498711e-12,-1.9014234631242743e-12,0.20025590955634978,0.2640273625202541,0.045006313538087955
time_dependent,prepared,0.01,0.0005,0.4595,0.31297871159640744,0.5728788504179515,1.973254892817522e-12,1.7222270392549042e-12,-1.9701462683485715e-12,0.200412398912148,0.2638974124508407,0.04496189246373024
time_dependent,prepared,0.01,0.0005,0.46,0.31281353528949335,0.572601783916134,1.9406143358935424e-12,1.6945584090028663e-12,-1.938393889844292e-12,0.20056880567979274,0.26376751832652684,0.044917513061462876
time_dependent,prepared,0.01,0.0005,0.4605,0.3126484839758922,0.5723248128461467,1.9537149675841192e-12,1.7068235761656427e-12,-1.9573787035653822e-12,0.20072512992178068,0.26363768016209044,0.044873175303716484
time_dependent,prepared,0.01,0.0005,0.461,0.31248355738725675,0.572047937366618,1.9139689833025386e-12,1.672909609734944e-12,-1.917466185830108e-12,0.20088137170047432,0.2635078979720989,0.04482887916287371
time_dependent,prepared,0.01,0.0005,0.4615,0.31231875525642044,0.5717711576351486,1.928290860320203e-12,1.6862435561566117e-12,-1.930844373276841e-12,0.20103753107810254,0.2633781717709084,0.04478462461127261
time_dependent,prepared,0.01,0.0005,0.462,0.3121540773173282,0.5714944738082418,1.958877504648626e-12,1.7138201631172265e-12,-1.9625412406298892e-12,0.2011936081167612,0.26324850157266144,0.04474041162120518
time_dependent,prepared,0.01,0.0005,0.4625,0.31198952330501356,0.571217886041343,1.960320794580639e-12,1.71591335152572e-12,-1.9626522629323517e-12,0.20134960287841372,0.2631188873912934,0.044696240164917266
time_dependent,prepared,0.01,0.0005,0.463,0.3118250929556551,0.5709413944888235,1.965094753586527e-12,1.720925100677398e-12,-1.963817997108208e-12,0.20150551542489153,0.2629893292405248,0.04465211021461119
time_dependent,prepared,0.01,0.0005,0.4635,0.3116607860065529,0.570664999304009,1.9354517988290354e-12,1.6957863205087547e-12,-1.9337864642920977e-12,0.2016613458178948,0.262859827133878,0.04460802174244415
time_dependent,prepared,0.01,0.0005,0.464,0.3114966021960938,0.5703887006391952,1.9294010833448283e-12,1.6913037382923423e-12,-1.9285684160763594e-12,0.20181709411899285,0.2627303810846541,0.044563974720528386
time_dependent,prepared,0.01,0.0005,0.4645,0.31133254126374404,0.5701124986456167,1.925237747002484e-12,1.6884717942273755e-12,-1.920685832601521e-12,0.20197276038962472,0.2626009911059611,0.04451996912093529
time_dependent,prepared,0.01,0.0005,0.465,0.3111686029501345,0.5698363934734665,1.940780869347236e-12,1.7029281488268972e-12,-1.9415025143132425e-12,0.20212834469109978,0.2624716572106976,0.04447600491568919
time_dependent,prepared,0.01,0.0005,0.4655,0.3110047869968858,0.5695603852718907,1.9458323841092806e-12,1.708187959014281e-12,-1.9438339826649553e-12,0.2022838470845982,0.26234237941156135,0.0444320820767752
time_dependent,prepared,0.01,0.0005,0.466,0.31084109314676134,0.5692844741890458,1.9163559628054827e-12,1.683126845793691e-12,-1.9184098754010392e-12,0.2024392676311716,0.2622131577210401,0.04438820057613503
time_dependent,prepared,0.01,0.0005,0.4665,0.31067752114362773,0.5690086603720262,1.9310109067305348e-12,1.6968203133013254e-12,-1.928734949530053e-12,0.2025946063917434,0.2620839921514217,0.04434436038566707
time_dependent,prepared,0.01,0.0005,0.467,0.3105140707323477,0.5687329439669264,1.9328982858723975e-12,1.699302200068717e-12,-1.930844373276841e-12,0.20274986342710957,0.2619548827148026,0.04430056147722984
time_dependent,prepared,0.01,0.0005,0.4675,0.310350741658876,0.5684573251188433,1.878996958026846e-12,1.652715933980543e-12,-1.8839929616376594e-12,0.202905038797939,0.26182582942307375,0.04425680382264038
time_dependent,prepared,0.01,0.0005,0.468,0.3101875336703266,0.5681818039718229,1.9007573293094993e-12,1.6726664916222675e-12,-1.901534485426737e-12,0.20306013256477418,0.2616968322879219,0.044213087393674695
time_dependent,prepared,0.01,0.0005,0.4685,0.3100244465147371,0.5679063806689498,1.899425061679949e-12,1.6723047374810233e-12,-1.9069745782474e-12,0.20321514478803154,0.2615678913208446,0.04416941216206839
time_dependent,prepared,0.01,0.0005,0.46900000000000003,0.30986147994125346,0.5676310553522789,1.9074741786084815e-12,1.6802059723648084e-12,-1.9051427102567686e-12,0.20337007552800218,0.26143900653313823,0.0441257780995184
time_dependent,prepared,0.01,0.0005,0.46950000000000003,0.3096986337001183,0.5673558281629022,1.955213768667363e-12,1.7230930499074764e-12,-1.9576007481703073e-12,0.20352492484485224,0.261310177935906,0.044082185177680484
time_dependent,prepared,0.01,0.0005,0.47000000000000003,0.3095359075424481,0.5670806992408994,1.9294010833448283e-12,1.7011697681866655e-12,-1.9247381466414026e-12,0.20367969279862347,0.2611814055400562,0.0440386333681724
time_dependent,prepared,0.01,0.0005,0.47050000000000003,0.3093733012206534,0.5668056687253863,1.940336780137386e-12,1.7116420028908934e-12,-1.943334382303874e-12,0.2038343794492338,0.26105268935630144,0.04399512264257323
time_dependent,prepared,0.01,0.0005,0.47100000000000003,0.30921081448794724,0.5665307367544723,1.9500512316028562e-12,1.7210462778867982e-12,-1.9431678488501802e-12,0.20398898485647776,0.2609240293951686,0.04395165297242283
time_dependent,prepared,0.01,0.0005,0.47150000000000003,0.30904844709867224,0.5662559034653285,1.914302050209926e-12,1.6903153137050712e-12,-1.9139689833025386e-12,0.2041435090800271,0.2607954256669821,0.04390822432922445
time_dependent,prepared,0.01,0.0005,0.47200000000000003,0.30888619880823537,0.5659811689941256,1.91624494050302e-12,1.6928522055825368e-12,-1.9181878307961142e-12,0.20429795217943122,0.26066687818188894,0.04386483668444264
time_dependent,prepared,0.01,0.0005,0.47250000000000003,0.3087240693729911,0.5657065334760978,1.9318435739990036e-12,1.7074609003762985e-12,-1.928512904925128e-12,0.20445231421411772,0.26053838694983783,0.04382149000950562
time_dependent,prepared,0.01,0.0005,0.47300000000000003,0.30856205855030966,0.5654319970454946,1.9130252937316072e-12,1.6916493086032846e-12,-1.913635916395151e-12,0.20460659524339286,0.26040995198058714,0.043778184275804224
time_dependent,prepared,0.01,0.0005,0.47350000000000003,0.3084001660985914,0.5651575598356386,1.9115820037995945e-12,1.6911938719817314e-12,-1.915523295537014e-12,0.20476079532644215,0.2602815732837201,0.043734919454693134
time_dependent,prepared,0.01,0.0005,0.47400000000000003,0.3082383917772636,0.5648832219788613,1.931066417881766e-12,1.709261616156417e-12,-1.935618332282729e-12,0.20491491452233077,0.2601532508686154,0.04369169551749258
time_dependent,prepared,0.01,0.0005,0.47450000000000003,0.3080767353466565,0.5646089836066028,1.866673482453507e-12,1.6530674649617736e-12,-1.866895527058432e-12,0.2050689528900041,0.2600249847444861,0.04364851243548405
time_dependent,prepared,0.01,0.0005,0.47500000000000003,0.307915196568264,0.5643348448493316,1.9094170689015755e-12,1.6917412475284325e-12,-1.9130252937316072e-12,0.20522291048828822,0.25989677492034446,0.04360537017991653
time_dependent,prepared,0.01,0.0005,0.47550000000000003,0.3077537752043669,0.5640608058365854,1.8736678875086454e-12,1.660874029996294e-12,-1.871836019518014e-12,0.2053767873758904,0.25976862140502693,0.04356226872200304
time_dependent,prepared,0.01,0.0005,0.47600000000000003,0.3075924710184193,0.5637868666969686,1.8854917627209034e-12,1.6721671557943446e-12,-1.8837709170327344e-12,0.20553058361139961,0.2596405242071855,0.04351920803292192
time_dependent,prepared,0.01,0.0005,0.47650000000000003,0.3074312837747239,0.5635130275581663,1.9184653865522705e-12,1.7022369428282464e-12,-1.9191315203670456e-12,0.205684299253287,0.25951248333529275,0.043476188083818174
time_dependent,prepared,0.01,0.0005,0.47700000000000004,0.30727021323860154,0.5632392885469276,1.909750135808963e-12,1.6953275229899111e-12,-1.9009793739144243e-12,0.2058379343599063,0.2593844987976403,0.043433208845801805
time_dependent,prepared,0.01,0.0005,0.47750000000000004,0.30710925917635273,0.5629656497891299,1.9150236951759325e-12,1.7008352959811898e-12,-1.9154677843857826e-12,0.2059914889894945,0.25925657060233076,0.04339027028995037
time_dependent,prepared,0.01,0.0005,0.47800000000000004,0.30694842135524497,0.5626921114096535,1.9100276915651193e-12,1.6972227376503339e-12,-1.9083623570281816e-12,0.20614496320017212,0.2591286987573029,0.043347372387308826
time_dependent,prepared,0.01,0.0005,0.47850000000000004,0.3067876995434475,0.5624186735325739,1.8579027205589682e-12,1.6517078895036851e-12,-1.8614554342377687e-12,0.20629835704994384,0.25900088327030624,0.043304515108888206
time_dependent,prepared,0.01,0.0005,0.47900000000000004,0.306627093510216,0.5621453362809762,1.8665624601510444e-12,1.6602134178473238e-12,-1.8626766795648564e-12,0.20645167059669894,0.25887312414892333,0.04326169842566812
time_dependent,prepared,0.01,0.0005,0.47950000000000004,0.30646660302566303,0.5618720997771094,1.8826606940081092e-12,1.675346306349606e-12,-1.88005166990024e-12,0.2066049038982118,0.2587454214005462,0.04321892230859552
time_dependent,prepared,0.01,0.0005,0.48,0.3063062278608086,0.5615989641422782,1.8569035198368056e-12,1.6532291175694714e-12,-1.855515741056024e-12,0.2067580570121422,0.2586177750324066,0.043176186728587015
time_dependent,prepared,0.01,0.0005,0.4805,0.3061459677877512,0.5613259294969525,1.903255331114906e-12,1.6953210524385837e-12,-1.9034218645685996e-12,0.2069111299960361,0.25849018505154764,0.043133491656526995
time_dependent,prepared,0.01,0.0005,0.481,0.3059858225794179,0.561052995960655,1.914080005605001e-12,1.7057925181598749e-12,-1.917910275039958e-12,0.2070641229073258,0.2583626514648572,0.043090837063267974
time_dependent,prepared,0.01,0.0005,0.4815,0.3058257920096608,0.5607801636520696,1.881939049042103e-12,1.6779650663665194e-12,-1.8806067814125527e-12,0.20721703580333062,0.2582351742790344,0.043048222919635004
time_dependent,prepared,0.01,0.0005,0.482,0.3056658758533924,0.5605074326890072,1.9168000520153328e-12,1.7098792453262399e-12,-1.9156343178394764e-12,0.20736986874125732,0.2581077535006144,0.043005649196419096
time_dependent,prepared,0.01,0.0005,0.4825,0.3055060738862634,0.5602348031883776,1.9083623570281816e-12,1.7031808325403598e-12,-1.9049206656518436e-12,0.20752262177820044,0.25798038913596383,0.04296311586438409
time_dependent,prepared,0.01,0.0005,0.483,0.3053463858850258,0.5599622752662401,1.9119705818582133e-12,1.7072315996161366e-12,-1.9109713811360507e-12,0.20767529497114295,0.25785308119126993,0.04292062289426339
time_dependent,prepared,0.01,0.0005,0.4835,0.3051868116271758,0.5596898490378057,1.844524533112235e-12,1.6478095290456147e-12,-1.847522135278723e-12,0.20782788837695654,0.25772582967256463,0.04287817025676157
time_dependent,prepared,0.01,0.0005,0.484,0.30502735089131683,0.5594175246173886,1.875499755499277e-12,1.6762969275755828e-12,-1.874445043625883e-12,0.2079804020524022,0.2575986345857031,0.042835757922554125
time_dependent,prepared,0.01,0.0005,0.4845,0.3048680034568255,0.5591453021184816,1.8402501744674282e-12,1.645592091619197e-12,-1.843025732028991e-12,0.2081328360541306,0.2574714959363713,0.04279338586228746
time_dependent,prepared,0.01,0.0005,0.485,0.30470876910397876,0.558873181653714,1.864786103311644e-12,1.668344594555963e-12,-1.8651191702190317e-12,0.2082851904386826,0.25734441373009675,0.04275105404658076
time_dependent,prepared,0.01,0.0005,0.4855,0.3045496476140223,0.5586011633348678,1.8433032877851474e-12,1.6499278991629047e-12,-1.8406942636772783e-12,0.2084374652624896,0.25721738797223387,0.04270876244602523
time_dependent,prepared,0.01,0.0005,0.486,0.30439063876909433,0.5583292472729005,1.9081403124232565e-12,1.7087948748342517e-12,-1.9062529332813938e-12,0.20858966058187414,0.25709041866798216,0.042666511031183164
time_dependent,prepared,0.01,0.0005,0.4865,0.3042317423521286,0.5580574335779064,1.9111934257409757e-12,1.7123626626424062e-12,-1.9096391135065005e-12,0.2087417764530502,0.25696350582236593,0.04262429977259225
time_dependent,prepared,0.01,0.0005,0.487,0.3040729581470166,0.5577857223591568,1.9040879983833747e-12,1.706827480566173e-12,-1.905253732559231e-12,0.2088938129321237,0.2568366494402573,0.0425821286407612
time_dependent,prepared,0.01,0.0005,0.4875,0.30391428593855124,0.5575141137251054,1.9156898289907076e-12,1.7180639752664533e-12,-1.9180212973424204e-12,0.20904577007509298,0.25670984952636405,0.04253999760617236
time_dependent,prepared,0.01,0.0005,0.488,0.30375572551232477,0.557242607783354,1.870559263039695e-12,1.6784065296778198e-12,-1.872724197937714e-12,0.20919764793784915,0.25658310608522855,0.04249790663928368
time_dependent,prepared,0.01,0.0005,0.4885,0.3035972766549221,0.5569712046407134,1.8730017536938703e-12,1.6814170446198762e-12,-1.8700596626786137e-12,0.2093494465761766,0.2564564191212347,0.04245585571052513
time_dependent,prepared,0.01,0.0005,0.489,0.3034389391537489,0.5566999044031602,1.904976176803075e-12,1.7109542876984566e-12,-1.906919067096169e-12,0.20950116604575347,0.25632978863860817,0.04241384479030199
time_dependent,prepared,0.01,0.0005,0.4895,0.3032807127969856,0.5564287071758648,1.881106381773634e-12,1.6903390834361753e-12,-1.8786638911194586e-12,0.20965280640215198,0.25620321464141915,0.042371873848994074
time_dependent,prepared,0.01,0.0005,0.49,0.30312259737379826,0.5561576130631842,1.8993140393774866e-12,1.7075321768169926e-12,-1.8930412792883544e-12,0.20980436770083888,0.2560766971335719,0.042329942856956994
time_dependent,prepared,0.01,0.0005,0.4905,0.30296459267410963,0.5558866221686797,1.8392509737452656e-12,1.6543400222213981e-12,-1.838307284174334e-12,0.20995584999717593,0.25595023611882567,0.042288051784520324
time_dependent,prepared,0.01,0.0005,0.491,0.302806698488855,0.5556157345950974,1.9014234631242743e-12,1.7110957670292358e-12,-1.8956503033962235e-12,0.21010725334642036,0.25582383160077243,0.042246200601990344
time_dependent,prepared,0.01,0.0005,0.4915,0.30264891460962734,0.5553449504444086,1.9012569296705806e-12,1.7117801540698864e-12,-1.9008128404607305e-12,0.21025857780372517,0.25569748358285277,0.042204389279649555
time_dependent,prepared,0.01,0.0005,0.492,0.3024912408289475,0.5550742698177583,1.8832158055204218e-12,1.6963638092390083e-12,-1.8771095788849834e-12,0.21040982342413964,0.25557119206835777,0.04216261778775571
time_dependent,prepared,0.01,0.0005,0.4925,0.3023336769401989,0.554803692815547,1.85268467234323e-12,1.669675865834666e-12,-1.8525181388895362e-12,0.21056099026260974,0.25544495706041886,0.04212088609654416
time_dependent,prepared,0.01,0.0005,0.493,0.3021762227375998,0.554533219537355,1.851185871259986e-12,1.6691388414938726e-12,-1.857014542139268e-12,0.21071207837397854,0.2553187785620178,0.04207919417622656
time_dependent,prepared,0.01,0.0005,0.4935,0.3020188780161809,0.5542628500819987,1.880440247958859e-12,1.6963433934616698e-12,-1.8779422461534523e-12,0.21086308781298663,0.255192656575985,0.04203754199699272
time_dependent,prepared,0.01,0.0005,0.494,0.30186164257179543,0.5539925845474993,1.8551826741486366e-12,1.674375005994748e-12,-1.8500201370841296e-12,0.21101401863427252,0.2550665911049932,0.04199592952900871
time_dependent,prepared,0.01,0.0005,0.4945,0.30170451620114747,0.5537224230311478,1.8564594306269555e-12,1.6763448195409402e-12,-1.8534063173092363e-12,0.2111648708923731,0.25494058215158105,0.04195435674241862
time_dependent,prepared,0.01,0.0005,0.495,0.3015474987017316,0.5534523656294258,1.866451437848582e-12,1.6861897732813667e-12,-1.866229393243657e-12,0.21131564464172395,0.2548146297181141,0.04191282360734535
time_dependent,prepared,0.01,0.0005,0.4955,0.3013905898719028,0.5531824124380519,1.8581802763151245e-12,1.6795366542135789e-12,-1.8587908989786683e-12,0.2114663399366599,0.2546887338068314,0.04187133009388933
time_dependent,prepared,0.01,0.0005,0.496,0.3012337895108213,0.5529125635520004,1.8894330544583227e-12,1.7086183051412947e-12,-1.891486967053879e-12,0.2116169568314153,0.2545628944198092,0.04182987617213133
time_dependent,prepared,0.01,0.0005,0.4965,0.30107709741839517,0.5526428190654953,1.9046431098956873e-12,1.7232134791085383e-12,-1.9038104426272184e-12,0.2117674953801245,0.2544371115589856,0.04178846181212873
time_dependent,prepared,0.01,0.0005,0.497,0.30092051339537923,0.5523731790719779,1.8440249327511538e-12,1.6691839888444212e-12,-1.8496315590255108e-12,0.21191795563682217,0.2543113852261464,0.04174708698392071
time_dependent,prepared,0.01,0.0005,0.4975,0.3007640372434021,0.5521036436641493,1.856570452929418e-12,1.6813604422213057e-12,-1.8558488079634117e-12,0.21206833765544386,0.2541857154229336,0.04170575165752369
time_dependent,prepared,0.01,0.0005,0.498,0.30060766876481104,0.5518342129339956,1.8957058145474548e-12,1.7176407063138568e-12,-1.89637194836223e-12,0.21221864148982628,0.2540601021508492,0.041664455802935686
time_dependent,prepared,0.01,0.0005,0.4985,0.30045140776268886,0.5515648869727238,1.841027330584666e-12,1.6689127372539188e-12,-1.8463008899516353e-12,0.21236886719370762,0.2539345454112429,0.04162319939013371
time_dependent,prepared,0.01,0.0005,0.499,0.30029525404107266,0.5512956658708047,1.8476886687324168e-12,1.675769267849027e-12,-1.8453016892294727e-12,0.21251901482072816,0.25380904520532654,0.041581982389075775
time_dependent,prepared,0.01,0.0005,0.4995,0.30013920740470285,0.5510265497180001,1.9091950242966504e-12,1.7323983982898962e-12,-1.9094725800528067e-12,0.2126690844244305,0.25368360153416925,0.041540804769701185
time_dependent,prepared,0.01,0.0005,0.5,0.2999832676590068,0.550757538603318,1.870170684981076e-12,1.6978166923693144e-12,-1.8723356198790952e-12,0.21281907605826,0.25355821439869636,0.041499666501928406
time_dependent,prepared,0.01,0.0005,0.5005000000000001,0.29982743461033057,0.5504886326150468,1.8402501744674282e-12,1.6714697320110041e-12,-1.8365864384861652e-12,0.21296898977556517,0.25343288379969137,0.041458567555659145
time_dependent,prepared,0.01,0.0005,0.501,0.29967170806580906,0.5502198318407616,1.866506948999813e-12,1.6961465590509927e-12,-1.869671084619995e-12,0.21311882562959808,0.2533076097378028,0.041417507900775835
time_dependent,prepared,0.01,0.0005,0.5015000000000001,0.29951608783323597,0.5499511363672852,1.8974266602356238e-12,1.7250865892975926e-12,-1.892097589717423e-12,0.2132685836735147,0.253182392213535,0.04137648750714243
time_dependent,prepared,0.01,0.0005,0.502,0.2993605737211995,0.5496825462807673,1.8262613643571513e-12,1.6611964275661194e-12,-1.8314239014216582e-12,0.2134182639603753,0.2530572312272559,0.04133550634460495
time_dependent,prepared,0.01,0.0005,0.5025000000000001,0.29920516553913135,0.5494140616666079,1.8208767826877192e-12,1.657107917079155e-12,-1.820210648872944e-12,0.21356786654314486,0.2529321267791914,0.04129456438299251
time_dependent,prepared,0.01,0.0005,0.503,0.2990498630972254,0.5491456826095155,1.8752221997431207e-12,1.707399565475001e-12,-1.876554467372671e-12,0.21371739147469346,0.2528070788694322,0.041253661592116506
time_dependent,prepared,0.01,0.0005,0.5035000000000001,0.2988946662062615,0.5488774091934987,1.8647583477360286e-12,1.698702038468728e-12,-1.8584023209200495e-12,0.21386683880779658,0.25268208749793825,0.041212797941771226
time_dependent,prepared,0.01,0.0005,0.504,0.298739574677987,0.5486092415018491,1.8542944957289365e-12,1.6899956794836027e-12,-1.863231791077169e-12,0.21401620859513557,0.2525571526645268,0.041171973401733154
time_dependent,prepared,0.01,0.0005,0.5045000000000001,0.29858458832475104,0.5483411796171526,1.850297692840286e-12,1.6871774012386113e-12,-1.8405277302235845e-12,0.21416550088929795,0.25243227436888066,0.04113118794176442
time_dependent,prepared,0.01,0.0005,0.505,0.298429706959793,0.5480732236213479,1.8682000391123665e-12,1.7043343467549894e-12,-1.867339616268282e-12,0.21431471574277786,0.25230745261055043,0.04109044153160865
time_dependent,prepared,0.01,0.0005,0.5055000000000001,0.2982749303969372,0.5478053735956216,1.8823276271007217e-12,1.7180623975468541e-12,-1.87827531306084e-12,0.2144638532079763,0.25218268738894634,0.041049734140994894
time_dependent,prepared,0.01,0.0005,0.506,0.29812025845081885,0.5475376296205101,1.8578749649833526e-12,1.6965728604514954e-12,-1.863009746472244e-12,0.21461291333720173,0.2520579787033629,0.04100906573963526
time_dependent,prepared,0.01,0.0005,0.5065000000000001,0.2979656909368882,0.5472699917758425,1.878108779607146e-12,1.715888690981966e-12,-1.879829625295315e-12,0.21476189618267016,0.2519333265529418,0.04096843629722728
time_dependent,prepared,0.01,0.0005,0.507,0.2978112276711529,0.5470024601407981,1.8300361226408768e-12,1.6727860073671015e-12,-1.836142349276315e-12,0.21491080179650573,0.25180873093670675,0.04092784578345313
time_dependent,prepared,0.01,0.0005,0.5075000000000001,0.2976568684705473,0.5467350347938228,1.8543777624557833e-12,1.695865130676998e-12,-1.850297692840286e-12,0.215059630230741,0.2516841918535428,0.04088729416797928
time_dependent,prepared,0.01,0.0005,0.508,0.2975026131526089,0.5464677158127684,1.884409295271894e-12,1.7241725729999794e-12,-1.8823276271007217e-12,0.2152083815373173,0.2515597093022131,0.04084678142045814
time_dependent,prepared,0.01,0.0005,0.5085000000000001,0.2973484615355424,0.5462005032747564,1.777966662785957e-12,1.6275769173803643e-12,-1.7779111516347257e-12,0.2153570557680851,0.25143528328134085,0.0408063075105272
time_dependent,prepared,0.01,0.0005,0.509,0.29719441343851866,0.5459333972562447,1.846411912254098e-12,1.6910596801099582e-12,-1.8455237338343977e-12,0.21550565297480434,0.25131091378943266,0.04076587240781018
time_dependent,prepared,0.01,0.0005,0.5095000000000001,0.2970404686811341,0.545666397833045,1.8556545189341023e-12,1.7003562307484368e-12,-1.855515741056024e-12,0.2156541732091449,0.251186600824855,0.04072547608191616
time_dependent,prepared,0.01,0.0005,0.51,0.2968866270838422,0.5453995050803113,1.8093582188072332e-12,1.6587457468794366e-12,-1.8099410858951615e-12,0.2158026165226868,0.25106234438585306,0.04068511850244115
time_dependent,prepared,0.01,0.0005,0.5105000000000001,0.2967328884678807,0.5451327190725177,1.874361776899036e-12,1.7191793037893876e-12,-1.8743340213234205e-12,0.21595098296692075,0.2509381444705526,0.04064479963896692
time_dependent,prepared,0.01,0.0005,0.511,0.2965792526549691,0.5448660398834954,1.8225976283758882e-12,1.6725190184018002e-12,-1.8198220708143253e-12,0.21609927259324824,0.2508140010769369,0.040604519461062555
time_dependent,prepared,0.01,0.0005,0.5115000000000001,0.2964257194677546,0.5445994675864455,1.8346157926174556e-12,1.6843716362274559e-12,-1.8327561690512084e-12,0.2162474854529821,0.25068991420287823,0.04056427793828405
time_dependent,prepared,0.01,0.0005,0.512,0.29627228872948247,0.5443330022538845,1.8822721159494904e-12,1.728971151990081e-12,-1.880273714505165e-12,0.21639562159734685,0.25056588384611134,0.0405240750401748
time_dependent,prepared,0.01,0.0005,0.5125,0.29611896026403856,0.5440666439577238,1.812661132305493e-12,1.6658447567347325e-12,-1.8113843758271742e-12,0.21654368107747887,0.25044191000426674,0.04048391073626515
time_dependent,prepared,0.01,0.0005,0.513,0.29596573389612874,0.5438003927691962,1.8165191573160655e-12,1.6702076547451227e-12,-1.8129941992128806e-12,0.21669166394442693,0.2503179926748276,0.040443784996073213
time_dependent,prepared,0.01,0.0005,0.5135,0.2958126094510936,0.5435342487589241,1.8545165403338615e-12,1.70597947099488e-12,-1.848410313698423e-12,0.21683957024915249,0.25019413185517336,0.040403697789105956
time_dependent,prepared,0.01,0.0005,0.514,0.2956595867548984,0.543268211996887,1.8029744364156386e-12,1.6593778143078413e-12,-1.803168725444948e-12,0.21698740004252995,0.2500703275425514,0.04036364908485668
time_dependent,prepared,0.01,0.0005,0.5145,0.29550666563431854,0.5430022825524223,1.838917906837878e-12,1.6932874556169402e-12,-1.8409163082822033e-12,0.2171351533753471,0.24994657973409184,0.04032363885280897
time_dependent,prepared,0.01,0.0005,0.515,0.29535384591669595,0.5427364604942635,1.902283885968359e-12,1.7524931752628507e-12,-1.9012014185193493e-12,0.21728283029830545,0.24982288842680317,0.040283667062434934
time_dependent,prepared,0.01,0.0005,0.5155,0.29520112743003046,0.5424707458904755,1.8295920334310267e-12,1.6863508744832253e-12,-1.825151141332526e-12,0.21743043086202046,0.24969925361757112,0.04024373368319426
time_dependent,prepared,0.01,0.0005,0.516,0.2950485100031461,0.5422051388085685,1.8122447986712586e-12,1.6711800285132148e-12,-1.8109957977685553e-12,0.21757795511702205,0.2495756753031673,0.04020383868453601
time_dependent,prepared,0.01,0.0005,0.5165,0.2948959934654066,0.5419396393153897,1.827316076230545e-12,1.6859036908020222e-12,-1.830979812211808e-12,0.21772540311375474,0.24945215348024163,0.04016398203590061
time_dependent,prepared,0.01,0.0005,0.517,0.294743577646902,0.541674247477148,1.822847428556429e-12,1.6826048469567162e-12,-1.825539719391145e-12,0.2178727749025782,0.2493286881453239,0.04012416370671525
time_dependent,prepared,0.01,0.0005,0.5175,0.2945912623783442,0.5414089633595011,1.859179477037287e-12,1.7169825426399348e-12,-1.8597345885495997e-12,0.21802007053376737,0.2492052792948345,0.0400843836663986
time_dependent,prepared,0.01,0.0005,0.518,0.2944390474911291,0.5411437870274566,1.8652857036727255e-12,1.7234658776326943e-12,-1.8627321907160876e-12,0.21816729005751292,0.24908192692506562,0.04004464188435907
time_dependent,prepared,0.01,0.0005,0.5185,0.2942869328172702,0.5408787185454357,1.826955253747542e-12,1.688876998763805e-12,-1.831979012933971e-12,0.21831443352392155,0.24895863103219937,0.040004938329995396
time_dependent,prepared,0.01,0.0005,0.519,0.2941349181895272,0.5406137579772269,1.8435808435413037e-12,1.705081323157725e-12,-1.8418044867019034e-12,0.2184615009830163,0.24883539161230397,0.039965272972695774
time_dependent,prepared,0.01,0.0005,0.5195,0.29398300344127787,0.5403489053860487,1.8402501744674282e-12,1.7028351090574896e-12,-1.839584040652653e-12,0.21860849248473696,0.24871220866133228,0.03992564578184199
time_dependent,prepared,0.01,0.0005,0.52,0.2938311884064634,0.5400841608345294,1.819766559663094e-12,1.6847064694955638e-12,-1.823874384854207e-12,0.2187554080789402,0.24858908217511747,0.03988605672680166
time_dependent,prepared,0.01,0.0005,0.5205,0.2936794729197828,0.539819524384665,1.854322251304552e-12,1.7175390732811038e-12,-1.8536838730653926e-12,0.2189022478154001,0.24846601214938335,0.039846505776939344
time_dependent,prepared,0.01,0.0005,0.521,0.2935278568165143,0.539554996097885,1.8628987241697814e-12,1.7263288614128616e-12,-1.867339616268282e-12,0.21904901174380836,0.24834299857974104,0.03980699290160736
time_dependent,prepared,0.01,0.0005,0.5215,0.29337633993257106,0.5392905760350319,1.8607060336961467e-12,1.7251423595913777e-12,-1.857403120197887e-12,0.21919569991377466,0.24822004146168786,0.03976751807014927
time_dependent,prepared,0.01,0.0005,0.522,0.2932249221044794,0.5390262642563611,1.7649215422466114e-12,1.6371387252146254e-12,-1.7638668303732175e-12,0.2193423123748269,0.24809714079061335,0.0397280812519031
time_dependent,prepared,0.01,0.0005,0.5225,0.2930736031695736,0.5387620608215596,1.8067769502749798e-12,1.6767856180488946e-12,-1.8003376567321538e-12,0.21948884917641168,0.247974296561789,0.039688682416197635
time_dependent,prepared,0.01,0.0005,0.523,0.29292238296560025,0.5384979657897047,1.8054446826454296e-12,1.6763709404126784e-12,-1.8036683258060293e-12,0.21963531036789447,0.24785150877037535,0.03964932153235188
time_dependent,prepared,0.01,0.0005,0.5235,0.29277126133102804,0.5382339792193205,1.802724636235098e-12,1.6746663215566901e-12,-1.8094969966853114e-12,0.21978169599855998,0.24772877741142785,0.03960999856968022
time_dependent,prepared,0.01,0.0005,0.524,0.292620238104951,0.5379701011683492,1.838557084354875e-12,1.7087911394692788e-12,-1.83503212625169e-12,0.21992800611761246,0.24760610247989312,0.03957071349748919
time_dependent,prepared,0.01,0.0005,0.5245,0.29246931312705743,0.5377063316941566,1.8370305276960153e-12,1.7082098716458547e-12,-1.8354207043103088e-12,0.22007424077417598,0.24748348397061148,0.03953146628507557
time_dependent,prepared,0.01,0.0005,0.525,0.2923184862376617,0.5374426708535714,1.8006707236395414e-12,1.6752212108285736e-12,-1.8038903704109543e-12,0.22022040001729482,0.24736092187830291,0.039492256901732734
time_dependent,prepared,0.01,0.0005,0.5255,0.29216775727772,0.5371791187028295,1.794037141067406e-12,1.669868651444065e-12,-1.7959522757848845e-12,0.22036648389593366,0.24723841619758927,0.0394530853167447
time_dependent,prepared,0.01,0.0005,0.526,0.2920171260888141,0.5369156752976025,1.827482609684239e-12,1.7018339133684155e-12,-1.823374784493126e-12,0.22051249245897808,0.2471159669229843,0.039413951499390046
time_dependent,prepared,0.01,0.0005,0.5265,0.29186659251306407,0.5366523406930278,1.832700657899977e-12,1.7075306664367806e-12,-1.8297585668847205e-12,0.22065842575523462,0.24699357404889136,0.03937485541894191
time_dependent,prepared,0.01,0.0005,0.527,0.29171615639325327,0.5363891149436579,1.843997177175538e-12,1.7188987675169932e-12,-1.8416379532482097e-12,0.22080428383343123,0.24687123756961626,0.039335797044664965
time_dependent,prepared,0.01,0.0005,0.5275,0.29156581757271094,0.5361259981035209,1.799199678131913e-12,1.6779634680031739e-12,-1.7985612998927536e-12,0.2209500667422176,0.24674895747934986,0.039296776345819205
time_dependent,prepared,0.01,0.0005,0.528,0.29141557589545847,0.5358629902260785,1.7762180615221723e-12,1.6573434757733958e-12,-1.7773560401224131e-12,0.22109577453016532,0.2466267337721829,0.03925779329165997
time_dependent,prepared,0.01,0.0005,0.5285,0.2912654312060824,0.535600091364242,1.7698620347061933e-12,1.6522234249393084e-12,-1.7662538098761615e-12,0.22124140724576835,0.2465045664421037,0.039218847851435576
time_dependent,prepared,0.01,0.0005,0.529,0.291115383349724,0.5353373015703906,1.7997825452198413e-12,1.6809799540749592e-12,-1.7985057887415223e-12,0.22138696493744323,0.24638245548299212,0.03917993999438945
time_dependent,prepared,0.01,0.0005,0.5295,0.2909654321721586,0.5350746208963663,1.8177126470675375e-12,1.6985599541418973e-12,-1.8191559369995502e-12,0.2215324476535293,0.2462604008886315,0.03914106968976033
time_dependent,prepared,0.01,0.0005,0.53,0.2908155775196676,0.5348120493934443,1.7824353104600732e-12,1.666412819679967e-12,-1.7797985307765884e-12,0.22167785544228913,0.2461384026526907,0.0391022369067807
time_dependent,prepared,0.01,0.0005,0.5305,0.2906658192393071,0.5345495871123813,1.821348627473185e-12,1.703629252908926e-12,-1.8252066524837574e-12,0.22182318835190878,0.24601646076875414,0.039063441614679575
time_dependent,prepared,0.01,0.0005,0.531,0.2905161571785186,0.5342872341034056,1.8340329255295273e-12,1.7163360908333271e-12,-1.8390289291403406e-12,0.22196844643049804,0.2458945752302911,0.039024683782681244
time_dependent,prepared,0.01,0.0005,0.5315,0.29036659118539404,0.5340249904162129,1.833838636500218e-12,1.7169970220567736e-12,-1.835864793520159e-12,0.22211362972609075,0.24577274603067384,0.03898596338000478
time_dependent,prepared,0.01,0.0005,0.532,0.29021712110863684,0.5337628560999598,1.8239854071566697e-12,1.7086102810533228e-12,-1.8274270985330077e-12,0.22225873828664508,0.2456509731631775,0.03894728037586733
time_dependent,prepared,0.01,0.0005,0.5325,0.2900677467975101,0.5335008312032822,1.8115786648564836e-12,1.6978217829272078e-12,-1.8093859743828489e-12,0.22240377216004384,0.24552925662097458,0.03890863473947862
time_dependent,prepared,0.01,0.0005,0.533,0.28991846810185995,0.5332389157743076,1.8318402350558927e-12,1.7176543017239849e-12,-1.829869589187183e-12,0.22254873139409476,0.24540759639713602,0.03887002644004639
time_dependent,prepared,0.01,0.0005,0.5335,0.2897692848720222,0.5329771098606262,1.7562340470789195e-12,1.6475698623673368e-12,-1.753652778546666e-12,0.22269361603653076,0.24528599248464208,0.03883145544677609
time_dependent,prepared,0.01,0.0005,0.534,0.2896201969590707,0.5327154135093246,1.810274152802549e-12,1.6991005956389379e-12,-1.810496197407474e-12,0.2228384261350103,0.2451644448763657,0.038792921728867905
time_dependent,prepared,0.01,0.0005,0.5345,0.28947120421446826,0.5324538267669376,1.7927048734378559e-12,1.6834369322877732e-12,-1.7864598689243394e-12,0.22298316173711752,0.24504295356508746,0.0387544252555189
time_dependent,prepared,0.01,0.0005,0.535,0.28932230649033597,0.5321923496795666,1.7952583863944938e-12,1.6866630903961623e-12,-1.8009482793956977e-12,0.22312782289036268,0.244921518543492,0.0387159659959242
time_dependent,prepared,0.01,0.0005,0.5355,0.28917350363931876,0.5319309822927171,1.7927881401647028e-12,1.685169880906773e-12,-1.792843651315934e-12,0.22327240964218234,0.24480013980416596,0.03867754391927465
time_dependent,prepared,0.01,0.0005,0.536,0.2890247955146468,0.5316697246514159,1.7998103007954569e-12,1.692601832813067e-12,-1.7920664951986964e-12,0.22341692203993965,0.24467881733959587,0.0386391589947596
time_dependent,prepared,0.01,0.0005,0.5365,0.28887618197009807,0.5314085768002412,1.8125501100030306e-12,1.7054204515420202e-12,-1.8164358905892186e-12,0.2235613601309247,0.24455755114217828,0.0386008111915646
time_dependent,prepared,0.01,0.0005,0.537,0.28872766285993084,0.5311475387831712,1.7512935546193376e-12,1.6485942480582365e-12,-1.7509882432875656e-12,0.22370572396235466,0.2444363412042176,0.03856250047887405
time_dependent,prepared,0.01,0.0005,0.5375,0.2885792380391289,0.5308866106437709,1.781103042830523e-12,1.6774797170602117e-12,-1.782296532581995e-12,0.22385001358137424,0.24431518751791398,0.03852422682587035
time_dependent,prepared,0.01,0.0005,0.538,0.28843090736306704,0.5306257924250681,1.8249568523032167e-12,1.7196269747458499e-12,-1.8248180744251385e-12,0.22399422903505578,0.24419409007538248,0.038485990201732594
time_dependent,prepared,0.01,0.0005,0.5385,0.2882826706876119,0.5303650841695852,1.7696677456768839e-12,1.6683486512359446e-12,-1.771083280033281e-12,0.22413837037039958,0.24407304886864095,0.038447790575638546
time_dependent,prepared,0.01,0.0005,0.539,0.28813452786939814,0.530104485919399,1.7834067556066202e-12,1.6821275833107957e-12,-1.785738223958333e-12,0.22428243763433428,0.24395206388961535,0.03840962791676582
time_dependent,prepared,0.01,0.0005,0.5395,0.28798647876543126,0.529843997716042,1.7898738047250617e-12,1.689057356917801e-12,-1.7864043577731081e-12,0.224426430873717,0.24383113513013935,0.038371502194288254
time_dependent,prepared,0.01,0.0005,0.54,0.28783852323326903,0.5295836196006183,1.7848778011142485e-12,1.6851708918577332e-12,-1.785294134748483e-12,0.22457035013533364,0.24371026258195558,0.0383334133773804
time_dependent,prepared,0.01,0.0005,0.5405,0.2876906611310582,0.5293233516136864,1.7805479313182104e-12,1.6819094848990384e-12,-1.7821299991283013e-12,0.22471419546589916,0.24358944623671147,0.038295361435213136
time_dependent,prepared,0.01,0.0005,0.541,0.2875428923174167,0.5290631937953755,1.7795209750204322e-12,1.681765993067456e-12,-1.780131597683976e-12,0.22485796691205787,0.24346868608597116,0.038257346336960436
time_dependent,prepared,0.01,0.0005,0.5415,0.28739521665154616,0.5288031461853069,1.7787438189031946e-12,1.6818582035032777e-12,-1.7795209750204322e-12,0.22500166452038364,0.24334798212120362,0.03821936805179116
time_dependent,prepared,0.01,0.0005,0.542,0.28724763399315756,0.5285432088226318,1.7847945343874017e-12,1.6884092961483196e-12,-1.7832957333041577e-12,0.22514528833738023,0.24322733433379048,0.03818142654887681
time_dependent,prepared,0.01,0.0005,0.5425,0.28710014420244656,0.5282833817460313,1.7610357616604233e-12,1.6667529421776268e-12,-1.756872425318079e-12,0.22528883840948147,0.2431067427150155,0.038143521797386344
time_dependent,prepared,0.01,0.0005,0.543,0.2869527471402014,0.5280236649937141,1.7874313140708864e-12,1.6925674288567535e-12,-1.784850045538633e-12,0.22543231478305156,0.24298620725608688,0.03810565376648935
time_dependent,prepared,0.01,0.0005,0.5435,0.2868054426676569,0.527764058603425,1.758510004279401e-12,1.6660001525396214e-12,-1.7623680292899735e-12,0.2255757175043854,0.24286572794811612,0.03806782242535519
time_dependent,prepared,0.01,0.0005,0.544,0.2866582306466452,0.5275045626124129,1.785516179353408e-12,1.692417758917381e-12,-1.7863488466218769e-12,0.22571904661970874,0.24274530478213596,0.03803002774315332
time_dependent,prepared,0.01,0.0005,0.5445,0.28651111093943826,0.5272451770575128,1.798977633526988e-12,1.7060162063157983e-12,-1.8019474801178603e-12,0.22586230217517844,0.24262493774907806,0.0379922696890539
time_dependent,prepared,0.01,0.0005,0.545,0.28636408340882447,0.5269859019750381,1.800781745942004e-12,1.7085672872746273e-12,-1.7985612998927536e-12,0.22600548421688285,0.24250462683979204,0.03795454823222686
time_dependent,prepared,0.01,0.0005,0.5455,0.2862171479181708,0.526726737400894,1.7810752872549074e-12,1.6907014214244378e-12,-1.7778556404834944e-12,0.22614859279084193,0.24238437204504892,0.03791686334184135
time_dependent,prepared,0.01,0.0005,0.546,0.2860703043313001,0.5264676833705192,1.7948420527602593e-12,1.7046080029702602e-12,-1.796729431902122e-12,0.22629162794300758,0.24226417335552916,0.037879214987070316
time_dependent,prepared,0.01,0.0005,0.5465,0.2859235525125149,0.5262087399188573,1.759037360216098e-12,1.6714254503682378e-12,-1.7624235404412048e-12,0.22643458971926383,0.24214403076182492,0.037841603137086066
time_dependent,prepared,0.01,0.0005,0.547,0.28577689232667264,0.5259499070804471,1.7500723092922499e-12,1.6637252766180779e-12,-1.7466028623402963e-12,0.22657747816542717,0.24202394425444781,0.03780402776105993
time_dependent,prepared,0.01,0.0005,0.5475,0.28563032363916785,0.5256911848893656,1.7943702079747936e-12,1.706677094413677e-12,-1.7936208074331716e-12,0.22672029332724675,0.24190391382382195,0.03776648882816751
time_dependent,prepared,0.01,0.0005,0.548,0.28548384631574525,0.5254325733792221,1.7494339310530904e-12,1.6647558789503839e-12,-1.75470749042006e-12,0.22686303525040463,0.24178393946028767,0.03772898630758435
time_dependent,prepared,0.01,0.0005,0.5485,0.28533746022282047,0.5251740725831865,1.7708334798527403e-12,1.6859490712665164e-12,-1.7718604361505186e-12,0.22700570398051603,0.24166402115410615,0.03769152016848676
time_dependent,prepared,0.01,0.0005,0.549,0.2851911652271469,0.524915682533999,1.7401358132218547e-12,1.657538411520274e-12,-1.743105659812727e-12,0.2271482995631296,0.24154415889545364,0.037654090380054246
time_dependent,prepared,0.01,0.0005,0.5495,0.285044961196066,0.5246574032639595,1.7179591083049672e-12,1.637219924482639e-12,-1.718125641758661e-12,0.22729082204372764,0.24142435267441884,0.03761669691146747
time_dependent,prepared,0.01,0.0005,0.55,0.2848988479974602,0.5243992348049106,1.802114013571554e-12,1.718265296705561e-12,-1.799504989463685e-12,0.22743327146772638,0.24130460248101512,0.0375793397319086
time_dependent,prepared,0.01,0.0005,0.5505,0.28475282549949466,0.52414117718828,1.7486290193602372e-12,1.6680897203476007e-12,-1.7513768213461844e-12,0.22757564788047613,0.241184908305168,0.03754201881056178
time_dependent,prepared,0.01,0.0005,0.551,0.28460689357101937,0.5238832304450516,1.7856549572314862e-12,1.7042490133836557e-12,-1.789401959939596e-12,0.22771795132726164,0.2410652701367297,0.0375047341166141
time_dependent,prepared,0.01,0.0005,0.5515,0.284461052081247,0.523625394605755,1.7499612869897874e-12,1.671004982774407e-12,-1.7503776206240218e-12,0.22786018185330226,0.24094568796546792,0.037467485619254885
time_dependent,prepared,0.01,0.0005,0.552,0.2843153008999672,0.5233676697005133,1.7351953207622728e-12,1.6577211597272785e-12,-1.729338894307375e-12,0.22800233950375223,0.24082616178106744,0.03743027328767563
time_dependent,prepared,0.01,0.0005,0.5525,0.2841696398973896,0.5231100557590574,1.757094469923004e-12,1.6794692154889146e-12,-1.7567614030156165e-12,0.22814442432370094,0.24070669157313523,0.037393097091070804
time_dependent,prepared,0.01,0.0005,0.553,0.2840240689441464,0.5228525528106145,1.7115198147621413e-12,1.6367136447541452e-12,-1.7117418593670664e-12,0.228286436358173,0.24058727733120222,0.03735595699863786
time_dependent,prepared,0.01,0.0005,0.5535,0.2838785879115112,0.5225951608840529,1.7813805985866793e-12,1.7043600208334828e-12,-1.7797985307765884e-12,0.22842837565212876,0.24046791904471296,0.037318852979576815
time_dependent,prepared,0.01,0.0005,0.554,0.28373319667096925,0.5223378800077794,1.7447709943496648e-12,1.6701555268409454e-12,-1.7440493493836584e-12,0.22857024225046424,0.2403486167030452,0.03728178500309092
time_dependent,prepared,0.01,0.0005,0.5545,0.28358789509475085,0.5220807102098081,1.7724155476628312e-12,1.6974535861969919e-12,-1.7719159473017498e-12,0.22871203619801161,0.24022937029548913,0.0372447530383867
time_dependent,prepared,0.01,0.0005,0.555,0.28344268305535536,0.5218236515177221,1.754624223693213e-12,1.681242521862458e-12,-1.7509882432875656e-12,0.2288537575395393,0.24011017981125232,0.03720775705467446
time_dependent,prepared,0.01,0.0005,0.5555,0.28329756042582044,0.5215667039587104,1.747518796335612e-12,1.6752591596328454e-12,-1.7516543771023407e-12,0.2289954063197522,0.23999104523948717,0.03717079702116718
time_dependent,prepared,0.01,0.0005,0.556,0.28315252707964805,0.5213098675595145,1.7366108551186699e-12,1.6656224667735835e-12,-1.7332801860447944e-12,0.22913698258329204,0.23987196656924545,0.037133872907082706
time_dependent,prepared,0.01,0.0005,0.5565,0.28300758289082295,0.521053142346494,1.753430733941741e-12,1.6825833983482441e-12,-1.7522649997658846e-12,0.22927848637473747,0.23975294378951814,0.037096984681641944
time_dependent,prepared,0.01,0.0005,0.557,0.2828627277337307,0.5207965283455989,1.7674472996276336e-12,1.6968693178881582e-12,-1.7664203433298553e-12,0.22941991773860435,0.23963397688920965,0.037060132314069315
time_dependent,prepared,0.01,0.0005,0.5575,0.28271796148321277,0.5205400255823538,1.7643664307342988e-12,1.6947461713029896e-12,-1.7650880757003051e-12,0.22956127671934595,0.23951506585716015,0.03702331577359491
time_dependent,prepared,0.01,0.0005,0.558,0.28257328401463055,0.5202836340819028,1.7879586700075834e-12,1.718253807040807e-12,-1.7846280009337079e-12,0.22970256336135328,0.239396210682126,0.036986535029451234
time_dependent,prepared,0.01,0.0005,0.5585,0.2824286952037101,0.5200273538689728,1.7430779042371114e-12,1.6759482854755558e-12,-1.742217481393027e-12,0.22984377770895514,0.23927741135279193,0.036949790050876216
time_dependent,prepared,0.01,0.0005,0.559,0.282284194926715,0.5197711849678893,1.7477685965161527e-12,1.681286542097547e-12,-1.7413293029733268e-12,0.2299849198064185,0.2391586678577714,0.03691308080711225
time_dependent,prepared,0.01,0.0005,0.5595,0.2821397830603044,0.5195151274026041,1.7360557436063573e-12,1.6708423412838185e-12,-1.7365553439674386e-12,0.23012598969794865,0.23903998018559797,0.036876407267406194
time_dependent,prepared,0.01,0.0005,0.56,0.2819954594815741,0.5192591811966513,1.7332524304691788e-12,1.6689665712524755e-12,-1.7356116543965072e-12,0.23026698742768945,0.2389213483247391,0.03683976940100972
time_dependent,prepared,0.01,0.0005,0.5605,0.2818512240681196,0.5190033463731569,1.7463530621597556e-12,1.682410214077128e-12,-1.7474910407599964e-12,0.2304079130397235,0.23880277226358632,0.0368031671771794
time_dependent,prepared,0.01,0.0005,0.561,0.28170707669788025,0.5187476229548937,1.7277568264972842e-12,1.6653154154738549e-12,-1.7280066266778249e-12,0.23054876657807244,0.23868425199045684,0.03676660056517666
time_dependent,prepared,0.01,0.0005,0.5615,0.2815630172493151,0.518492010964225,1.7235657345793243e-12,1.6620947846150925e-12,-1.7290058273999875e-12,0.2306895480866971,0.2385657874935988,0.03673006953426831
time_dependent,prepared,0.01,0.0005,0.562,0.28141904560133923,0.5182365104231216,1.7610357616604233e-12,1.6990657028579562e-12,-1.7597034940308731e-12,0.23083025760949777,0.23844737876118846,0.03669357405372688
time_dependent,prepared,0.01,0.0005,0.5625,0.2812751616331738,0.5179811213531745,1.7453816170132086e-12,1.6847926932651818e-12,-1.7441048605348897e-12,0.23097089519031436,0.23832902578132625,0.036657114092829304
time_dependent,prepared,0.01,0.0005,0.5630000000000001,0.2811313652246107,0.5177258437756008,1.71984648744683e-12,1.6609625616732886e-12,-1.7189583090271299e-12,0.23111146087292667,0.23821072854205097,0.03662068962085879
time_dependent,prepared,0.01,0.0005,0.5635,0.2809876562558664,0.5174706777112198,1.7851553568704048e-12,1.7248855188888128e-12,-1.7815748876159887e-12,0.2312519547010546,0.23809248703132008,0.036584300607104325
time_dependent,prepared,0.01,0.0005,0.5640000000000001,0.2808440346074356,0.5172156231804759,1.7507661986826406e-12,1.6924916033218601e-12,-1.7478796188186152e-12,0.23139237671835833,0.2379743012370348,0.03654794702086066
time_dependent,prepared,0.01,0.0005,0.5645,0.28070050016037346,0.516960680203456,1.7339740754351851e-12,1.677085068394226e-12,-1.726729870199506e-12,0.23153272696843852,0.23785617114701232,0.0365116288314278
time_dependent,prepared,0.01,0.0005,0.5650000000000001,0.2805570527961966,0.5167058487998342,1.7724155476628312e-12,1.7151107847691545e-12,-1.771749413848056e-12,0.2316730054948366,0.23773809674900676,0.036475346008112725
time_dependent,prepared,0.01,0.0005,0.5655,0.28041369239668434,0.5164511289889495,1.7362500326356667e-12,1.6809432056347565e-12,-1.7323920076250943e-12,0.23181321234103494,0.23762007803071095,0.03643909852022801
time_dependent,prepared,0.01,0.0005,0.5660000000000001,0.28027041884417997,0.5161965207897371,1.6973644711981706e-12,1.644106849653457e-12,-1.6934786906119825e-12,0.23195334755045702,0.2375021149797384,0.03640288633709247
time_dependent,prepared,0.01,0.0005,0.5665,0.2801272320214169,0.5159420242207933,1.7371104554797512e-12,1.6834357097585874e-12,-1.7359447213038948e-12,0.23209341116646773,0.23738420758363776,0.036366709428032544
time_dependent,prepared,0.01,0.0005,0.5670000000000001,0.27998413181148984,0.5156876393003103,1.7451040612570523e-12,1.69201656997429e-12,-1.7426060594516457e-12,0.2322334032323735,0.23726635582989228,0.036330567762380014
time_dependent,prepared,0.01,0.0005,0.5675,0.27984111809792955,0.5154333660461496,1.7296719612147626e-12,1.6778812501798662e-12,-1.7309487176930816e-12,0.23237332379142245,0.23714855970591775,0.03629446130947278
time_dependent,prepared,0.01,0.0005,0.5680000000000001,0.2796981907647235,0.5151792044757778,1.7392476348021546e-12,1.6880025626898076e-12,-1.7356671655477385e-12,0.23251317288680481,0.23703081919905936,0.03625839003865732
time_dependent,prepared,0.01,0.0005,0.5685,0.27955534969621887,0.5149251546063394,1.7620904735338172e-12,1.7110161134756774e-12,-1.762479051592436e-12,0.23265295056165292,0.2369131342966061,0.03622235391928598
time_dependent,prepared,0.01,0.0005,0.5690000000000001,0.2794125947771755,0.5146712164545758,1.7309487176930816e-12,1.6816062977197232e-12,-1.732336496473863e-12,0.2327926568590415,0.23679550498576593,0.03618635292071803
time_dependent,prepared,0.01,0.0005,0.5695,0.2792699258928137,0.5144173900368902,1.7233714455500149e-12,1.6750711376840704e-12,-1.7242873795453306e-12,0.2329322918219879,0.2366779312536927,0.036150387012320075
time_dependent,prepared,0.01,0.0005,0.5700000000000001,0.2791273429286833,0.5141636753693444,1.7179591083049672e-12,1.670634459997605e-12,-1.7160717291631045e-12,0.23307185549345225,0.2365604130874695,0.036114456163466695
time_dependent,prepared,0.01,0.0005,0.5705,0.27898484577083293,0.5139100724676177,1.7500445537166343e-12,1.7026758643886357e-12,-1.7545964681175974e-12,0.23321134791633766,0.23644295047412311,0.03607856034353901
time_dependent,prepared,0.01,0.0005,0.5710000000000001,0.27884243430560046,0.5136565813470475,1.7290613385512188e-12,1.6830908055474556e-12,-1.7335577418009507e-12,0.23335076913349045,0.23632554340060036,0.03604269952192546
time_dependent,prepared,0.01,0.0005,0.5715,0.2787001084197867,0.5134032020226283,1.7306711619369253e-12,1.6854892559257239e-12,-1.7292278720049126e-12,0.23349011918770035,0.23620819185379915,0.03600687366802247
time_dependent,prepared,0.01,0.0005,0.5720000000000001,0.2785578680005714,0.5131499345089844,1.6849854844736e-12,1.6418061965487128e-12,-1.6809886815849495e-12,0.23362939812170064,0.23609089582054069,0.03597108275123478
time_dependent,prepared,0.01,0.0005,0.5725,0.2784157129355929,0.5128967788204355,1.7167378629778796e-12,1.673570525168022e-12,-1.7111867478547538e-12,0.23376860597816843,0.23597365528759934,0.03593532674097377
time_dependent,prepared,0.01,0.0005,0.5730000000000001,0.2782736431128332,0.5126437349708993,1.7614520952946577e-12,1.7180080191476658e-12,-1.7582046929476292e-12,0.23390774279972484,0.23585647024167075,0.03589960560666056
time_dependent,prepared,0.01,0.0005,0.5735,0.2781316584205631,0.5123908029739999,1.7165435739485702e-12,1.6750335524980113e-12,-1.715128039592173e-12,0.23404680862893512,0.23573934066939245,0.03586391931772198
time_dependent,prepared,0.01,0.0005,0.5740000000000001,0.2779897587476278,0.5121379828429918,1.6969203819883205e-12,1.6567023329977661e-12,-1.7037482535897652e-12,0.23418580350830895,0.23562226655734284,0.0358282678435949
time_dependent,prepared,0.01,0.0005,0.5745,0.2778479439831991,0.5118852745907895,1.7372492333578293e-12,1.6969126868746814e-12,-1.7347789871280384e-12,0.23432472748030056,0.23550524789203864,0.035792651153723445
time_dependent,prepared,0.01,0.0005,0.5750000000000001,0.27770621401675566,0.5116326782299806,1.7252588246918776e-12,1.686032673536012e-12,-1.7247314687551807e-12,0.23446358058730893,0.2353882846599319,0.0357570692175615
time_dependent,prepared,0.01,0.0005,0.5755,0.2775645687382291,0.5113801937728173,1.7067458557562531e-12,1.6687641372669528e-12,-1.7072454561173345e-12,0.23460236287167804,0.2352713768474143,0.035721522004569725
time_dependent,prepared,0.01,0.0005,0.5760000000000001,0.2774230080380039,0.5111278212312131,1.7655321649101552e-12,1.7270945657529098e-12,-1.7705836796721997e-12,0.23474107437569705,0.23515452444081847,0.035686009484217365
time_dependent,prepared,0.01,0.0005,0.5765,0.27728153180662785,0.5108755606167373,1.722760822886471e-12,1.6860865499259948e-12,-1.7253976025699558e-12,0.23487971514160036,0.23503772742640844,0.035650531625985554
time_dependent,prepared,0.01,0.0005,0.577,0.27714013993526065,0.5106234119406421,1.7173207300658078e-12,1.6815922359848157e-12,-1.7117973705182976e-12,0.23501828521156798,0.2349209857904064,0.03561508839935999
time_dependent,prepared,0.01,0.0005,0.5775,0.2769988323153088,0.5103713752138562,1.6674717162601382e-12,1.6335866363574065e-12,-1.6667778268697475e-12,0.23515678462772563,0.23480429951895784,0.0355796797738375
time_dependent,prepared,0.01,0.0005,0.578,0.27685760883869887,0.5101194504469629,1.738470478684917e-12,1.7039837210272219e-12,-1.741606858729483e-12,0.235295213432145,0.2346876685981511,0.035544305718924925
time_dependent,prepared,0.01,0.0005,0.5785,0.27671646939750855,0.5098676376502302,1.7699730570086558e-12,1.7357181808622528e-12,-1.7659762541200053e-12,0.23543357166684376,0.2345710930140259,0.035508966204135295
time_dependent,prepared,0.01,0.0005,0.579,0.27657541388432455,0.5096159368335909,1.7369994331772887e-12,1.7042240122697785e-12,-1.7332246748935631e-12,0.2355718593737859,0.23445457275254744,0.035473661198993305
time_dependent,prepared,0.01,0.0005,0.5795,0.27643444219208263,0.5093643480066824,1.7219836667692334e-12,1.6903260637547919e-12,-1.7216783554374615e-12,0.23571007659488197,0.23433810779964032,0.035438390673033025
time_dependent,prepared,0.01,0.0005,0.58,0.27629355421411084,0.5091128711787808,1.6892320875427913e-12,1.65899566006729e-12,-1.6851520179272939e-12,0.23584822337198902,0.23422169814115823,0.035403154595796404
time_dependent,prepared,0.01,0.0005,0.5805,0.276152749844126,0.5088615063588809,1.7128520823916915e-12,1.683023829651597e-12,-1.7141843500212417e-12,0.23598629974691107,0.2341053437628997,0.0353679529368362
time_dependent,prepared,0.01,0.0005,0.581,0.2760120289761316,0.5086102535556329,1.7456314171937493e-12,1.7160796552834462e-12,-1.7341683644644945e-12,0.23612430576139914,0.23398904465060627,0.03533278566571423
time_dependent,prepared,0.01,0.0005,0.5815,0.2758713915044506,0.5083591127774186,1.683791994722128e-12,1.6561048601253026e-12,-1.6865953078593066e-12,0.23626224145715136,0.23387280078996858,0.03529765275200205
time_dependent,prepared,0.01,0.0005,0.582,0.27573083732398923,0.5081080840322112,1.6905088440211102e-12,1.6635327178844187e-12,-1.69292357909967e-12,0.23640010687581334,0.23375661216661747,0.035262554165282275
time_dependent,prepared,0.01,0.0005,0.5825,0.2755903663298325,0.5078571673277729,1.7297274723659939e-12,1.7029664870779266e-12,-1.7282841824339812e-12,0.23653790205897826,0.2336404787661155,0.035227489875145325
time_dependent,prepared,0.01,0.0005,0.583,0.27544997841741276,0.5076063626714948,1.7042478539508465e-12,1.6787100982921637e-12,-1.704580920858234e-12,0.23667562704818695,0.23352440057398793,0.035192459851193306
time_dependent,prepared,0.01,0.0005,0.5835,0.27530967348260627,0.5073556700704845,1.6476542352705792e-12,1.6237664546441381e-12,-1.6491252807782075e-12,0.23681328188492826,0.23340837757569324,0.0351574640630385
time_dependent,prepared,0.01,0.0005,0.584,0.2751694514216883,0.5071050895315411,1.7502665983215593e-12,1.7257434745285425e-12,-1.7530421558831222e-12,0.2369508666106391,0.23329240975663712,0.035122502480301944
time_dependent,prepared,0.01,0.0005,0.5845,0.275029312131093,0.5068546210611197,1.7278956043753624e-12,1.7045278197868666e-12,-1.7278400932241311e-12,0.23708838126670465,0.23317649710217253,0.03508757507261725
time_dependent,prepared,0.01,0.0005,0.585,0.2748892555077755,0.5066042646654314,1.7038037647409965e-12,1.6815924021714932e-12,-1.702415985960215e-12,0.23722582589445854,0.23306063959759288,0.03505268180962629
time_dependent,prepared,0.01,0.0005,0.5855,0.2747492814490293,0.5063540203503464,1.7172652189145765e-12,1.6957159910802017e-12,-1.717903597153736e-12,0.23736320053518306,0.23294483722813963,0.03501782266098285
time_dependent,prepared,0.01,0.0005,0.586,0.2746093898523917,0.5061038881214465,1.686040196346994e-12,1.665705634669613e-12,-1.6880385977913193e-12,0.23750050523010927,0.23282908997900642,0.0349829975963509
time_dependent,prepared,0.01,0.0005,0.5865,0.2744695806159049,0.5058538679840008,1.7341406088888789e-12,1.7140726983042007e-12,-1.7373325000846762e-12,0.2376377400204172,0.2327133978353217,0.034948206585405615
time_dependent,prepared,0.01,0.0005,0.587,0.274329853637795,0.5056039599430016,1.7153223286214825e-12,1.6963102195757593e-12,-1.7177370637000422e-12,0.2377749049472361,0.23259776078216654,0.03491344959783193
time_dependent,prepared,0.01,0.0005,0.5875,0.27419020881673023,0.5053541640031276,1.7139900609919323e-12,1.695830551203708e-12,-1.714683950382323e-12,0.23791200005164448,0.2324821788045738,0.03487872660332613
time_dependent,prepared,0.01,0.0005,0.588,0.27405064605169005,0.50510448016876,1.6787404799600836e-12,1.6617754799921901e-12,-1.6768808563938364e-12,0.23804902537467032,0.23236665188751351,0.03484403757159633
time_dependent,prepared,0.01,0.0005,0.5885,0.27391116524202136,0.50485490844401,1.687677775308316e-12,1.6714483181980033e-12,-1.6842083283563625e-12,0.23818598095729132,0.23225118001591227,0.03480938247236103
time_dependent,prepared,0.01,0.0005,0.589,0.2737717662874199,0.5046054488326842,1.7386647677142264e-12,1.7227962675921608e-12,-1.7331136525911006e-12,0.23832286684043502,0.2321357631746389,0.034774761275349245
time_dependent,prepared,0.01,0.0005,0.5895,0.2736324490877989,0.5043561013382807,1.666361493235513e-12,1.6519692027231986e-12,-1.6704415628510105e-12,0.23845968306497892,0.2320204013485125,0.03474017395030271
time_dependent,prepared,0.01,0.0005,0.59,0.27349321354362144,0.5041068659640315,1.7133516827527728e-12,1.699393321566176e-12,-1.7102985694350537e-12,0.23859642967175074,0.2319050945223026,0.03470562046697384
time_dependent,prepared,0.01,0.0005,0.5905,0.2733540595554723,0.5038577427128816,1.707800567629647e-12,1.6947249420357981e-12,-1.7037482535897652e-12,0.23873310670152847,0.23178984268072172,0.03467110079512566
time_dependent,prepared,0.01,0.0005,0.591,0.2732149870243641,0.5036087315874825,1.6663892488111287e-12,1.6544483289195127e-12,-1.6665002711135912e-12,0.23886971419504066,0.2316746458084402,0.0346366149045344
time_dependent,prepared,0.01,0.0005,0.5915,0.2730759958517055,0.503359832590212,1.67946212492609e-12,1.6682520298461592e-12,-1.6807111258287932e-12,0.2390062521929665,0.23155950389006844,0.034602162764986545
time_dependent,prepared,0.01,0.0005,0.592,0.27293708593915067,0.5031110457231456,1.7165990850998014e-12,1.705984294808637e-12,-1.7182366640611235e-12,0.2391427207359361,0.23144441691017573,0.03456774434628091
time_dependent,prepared,0.01,0.0005,0.5925,0.2727982571886643,0.5028623709880876,1.7376100558408325e-12,1.7277193085889033e-12,-1.7372214777822137e-12,0.23927911986453043,0.2313293848532763,0.034533359618227705
time_dependent,prepared,0.01,0.0005,0.593,0.2726595095025295,0.5026138083865659,1.6595891327852996e-12,1.6509585541531234e-12,-1.6587287099412151e-12,0.23941544961928168,0.2312144077038336,0.03449900855065013
time_dependent,prepared,0.01,0.0005,0.5935,0.27252084278354766,0.5023653579198372,1.6763535004571395e-12,1.6684604879959097e-12,-1.6770473898475302e-12,0.23955171004067347,0.23109948544626183,0.034464691113381414
time_dependent,prepared,0.01,0.0005,0.594,0.27238225693459045,0.5021170195888728,1.676020433549752e-12,1.6689540168537403e-12,-1.6721068973879483e-12,0.23968790116914077,0.23098461806493545,0.03443040727626925
time_dependent,prepared,0.01,0.0005,0.5945,0.27224375185901695,0.5018687933943702,1.7345569425231133e-12,1.7280980261678624e-12,-1.7357226766989697e-12,0.23982402304507028,0.230869805544166,0.034396157009170376
time_dependent,prepared,0.01,0.0005,0.595,0.27210532746036575,0.501620679336741,1.6811274594630277e-12,1.6756959279300958e-12,-1.6808221481312557e-12,0.23996007570880046,0.2307550478682279,0.034361940281957985
time_dependent,prepared,0.01,0.0005,0.5955,0.2719669836426657,0.5013726774161577,1.7194579093882112e-12,1.714750311331834e-12,-1.7196799539931362e-12,0.2400960592006218,0.23064034502134137,0.034327757064512965
time_dependent,prepared,0.01,0.0005,0.596,0.27182872031011485,0.5011247876324808,1.691119466684654e-12,1.6873237050110244e-12,-1.689259843118407e-12,0.24023197356077686,0.23052569698767877,0.03429360732673179
time_dependent,prepared,0.01,0.0005,0.5965,0.2716905373673397,0.5008770099853346,1.6940338021242951e-12,1.6910676357166311e-12,-1.6942558467292201e-12,0.24036781882946054,0.23041110375136847,0.03425949103852189
time_dependent,prepared,0.01,0.0005,0.597,0.2715524347191955,0.5006293444740557,1.6704693184266262e-12,1.6683693603486007e-12,-1.6689427617677666e-12,0.24050359504682015,0.23029656529649048,0.03422540816980424
time_dependent,prepared,0.01,0.0005,0.5975,0.27141441227095364,0.5003817910977281,1.7271184482581248e-12,1.7258006576000938e-12,-1.7201795543542175e-12,0.24063930225295563,0.23018208160707598,0.0341913586905119
time_dependent,prepared,0.01,0.0005,0.598,0.2712764699280148,0.5001343498551658,1.660227511024459e-12,1.6597815282058607e-12,-1.663447157795872e-12,0.24077494048791964,0.23006765266711338,0.03415734257058952
time_dependent,prepared,0.01,0.0005,0.5985,0.2711386075963181,0.49988702074490465,1.6786849688088523e-12,1.679064367689071e-12,-1.6764367671839864e-12,0.2409105097917178,0.2299532784605363,0.03412335977999687
time_dependent,prepared,0.01,0.0005,0.599,0.27100082518198776,0.49963980376525113,1.6962542481735454e-12,1.69747709788913e-12,-1.6948109582415327e-12,0.2410460102043088,0.2298389589712437,0.03408941028870511
time_dependent,prepared,0.01,0.0005,0.5995,0.2708631225914162,0.49939269891420857,1.6877887976107786e-12,1.6898412824992805e-12,-1.6865397967080753e-12,0.2411814417656045,0.2297246941830832,0.03405549406669864
time_dependent,prepared,0.01,0.0005,0.6,0.27072549973140514,0.49914570618956966,1.6749102105251268e-12,1.6777768392604438e-12,-1.6765477894864489e-12,0.2413168045154702,0.22961048407985282,0.03402161108397496
time_dependent,prepared,0.01,0.0005,0.6005,0.27058795650897277,0.4988988255888269,1.6338597141896116e-12,1.6374659854716717e-12,-1.6351364706679306e-12,0.24145209849372468,0.22949632864531178,0.03398776131054328
time_dependent,prepared,0.01,0.0005,0.601,0.2704504928315828,0.4986520571092358,1.7159329512850263e-12,1.7205714152966765e-12,-1.7186252421197423e-12,0.24158732374014047,0.22938222786317006,0.03395394471642936
time_dependent,prepared,0.01,0.0005,0.6015,0.27031310860677726,0.4984054007477926,1.6924794898898199e-12,1.6978944122070111e-12,-1.6914802891676572e-12,0.24172248029444385,0.22926818171709953,0.03392016127166849
time_dependent,prepared,0.01,0.0005,0.602,0.27017580374259925,0.4981588565012432,1.714017816567548e-12,1.720352648754245e-12,-1.7132406604503103e-12,0.24185756819631515,0.22915419019072086,0.03388641094631174
time_dependent,prepared,0.01,0.0005,0.6025,0.2700385781472664,0.49791242436608857,1.6948387138171483e-12,1.7019445899266605e-12,-1.7020829190528275e-12,0.2419925874853888,0.22904025326761288,0.033852693710421856
time_dependent,prepared,0.01,0.0005,0.603,0.2699014317293836,0.4976661043385425,1.7075507674491064e-12,1.7155586371666955e-12,-1.705635632731628e-12,0.2421275382012535,0.228926370931305,0.03381900953407679
time_dependent,prepared,0.01,0.0005,0.6035,0.26976436439780177,0.49741989641462087,1.6893708654208694e-12,1.6981335865281084e-12,-1.6932011348558262e-12,0.2422624203834524,0.22881254316529429,0.03378535838736682
time_dependent,prepared,0.01,0.0005,0.604,0.2696273760616387,0.4971738005900559,1.6521228829446954e-12,1.661514425117713e-12,-1.6504575484077577e-12,0.2423972340714832,0.22869876995303234,0.033751740240396524
time_dependent,prepared,0.01,0.0005,0.6045,0.26949046663044457,0.49692781686034043,1.6578682870971306e-12,1.6681178139402712e-12,-1.661948356712628e-12,0.24253197930479842,0.228585051277916,0.03371815506328319
time_dependent,prepared,0.01,0.0005,0.605,0.26935363601389295,0.4966819452207241,1.6609491559904654e-12,1.6720450299935574e-12,-1.6636136912495658e-12,0.24266665612280536,0.2284713871233107,0.03368460282615882
time_dependent,prepared,0.01,0.0005,0.6055,0.26921688412202655,0.49643618566621617,1.6714130079975575e-12,1.6834117417848093e-12,-1.6692203175239229e-12,0.24280126456486636,0.22835777747253722,0.03365108349916929
time_dependent,prepared,0.01,0.0005,0.606,0.2690802108651978,0.49619053819158243,1.6816825709753402e-12,1.6945935497899213e-12,-1.6809331704337183e-12,0.24293580467029896,0.2282442223088718,0.033617597052473275
time_dependent,prepared,0.01,0.0005,0.6065,0.26894361615397167,0.49594500279133813,1.6613654896246999e-12,1.6749493192503377e-12,-1.6678325387431414e-12,0.24307027647837595,0.22813072161555636,0.033584143456245164
time_dependent,prepared,0.01,0.0005,0.607,0.26880709989930357,0.4956995794597447,1.6716628081780982e-12,1.6861652475045459e-12,-1.6719403639342545e-12,0.2432046800283256,0.22801727537577116,0.03355072268067139
time_dependent,prepared,0.01,0.0005,0.6075,0.26867066201236606,0.4954542681908689,1.6527057500326237e-12,1.6678691214677138e-12,-1.6509016376176078e-12,0.24333901535933178,0.22790388357268268,0.03351733469595424
time_dependent,prepared,0.01,0.0005,0.608,0.2685343024046208,0.49520906897848815,1.6526502388813924e-12,1.6686389066820844e-12,-1.6476264796949636e-12,0.2434732825105341,0.22779054618939473,0.03348397947230975
time_dependent,prepared,0.01,0.0005,0.6085,0.2683980209878903,0.4949639818162061,1.7011669850575117e-12,1.7184755331209927e-12,-1.6994738949449584e-12,0.24360748152102804,0.22767726320898174,0.03345065697996664
time_dependent,prepared,0.01,0.0005,0.609,0.2682618176740692,0.4947190066973243,1.6290024884568766e-12,1.646391655062123e-12,-1.6278089987054045e-12,0.24374161242986508,0.22756403461446795,0.033417367189170516
time_dependent,prepared,0.01,0.0005,0.6095,0.2681256923756609,0.4944741436149376,1.6942280911536045e-12,1.7131614595302786e-12,-1.6923684675873574e-12,0.24387567527605292,0.22745086038884677,0.033384110070179406
time_dependent,prepared,0.01,0.0005,0.61,0.2679896450051091,0.49422939256192416,1.6371626276878715e-12,1.6562780890050287e-12,-1.6411871861521377e-12,0.24400967009855548,0.22733774051506675,0.033350885593266454
time_dependent,prepared,0.01,0.0005,0.6105,0.2678536754754182,0.49398475353089827,1.6675272274113695e-12,1.6878326866258767e-12,-1.6692758286751541e-12,0.2441435969362932,0.2272246749760375,0.033317693728720225
time_dependent,prepared,0.01,0.0005,0.611,0.2677177836996748,0.4937402265142734,1.6936452240656763e-12,1.7151177209315456e-12,-1.6924239787385886e-12,0.24427745582814303,0.22711166375462988,0.033284534446841256
time_dependent,prepared,0.01,0.0005,0.6115,0.26758196959132985,0.49349581150421756,1.6858459073176846e-12,1.7080650615617203e-12,-1.6876500197327005e-12,0.2444112468129387,0.22699870683367185,0.033251407717948135
time_dependent,prepared,0.01,0.0005,0.612,0.2674462330640685,0.4932515084926918,1.652761261183855e-12,1.6753737522584524e-12,-1.65761848691659e-12,0.24454496992947072,0.22688580419595802,0.033218313512371665
time_dependent,prepared,0.01,0.0005,0.6125,0.26731057403188885,0.4930073174713806,1.6564805083163492e-12,1.6799755800883484e-12,-1.6583401318825963e-12,0.24467862521648667,0.22677295582423782,0.03318525180045835
time_dependent,prepared,0.01,0.0005,0.613,0.26717499240907405,0.4927632384318124,1.6666390489916694e-12,1.6911154475451777e-12,-1.6631696020397158e-12,0.2448122127126912,0.22666016170122583,0.0331522225525697
time_dependent,prepared,0.01,0.0005,0.6135,0.26703948811008366,0.4925192713652317,1.637717739200184e-12,1.6625925465391568e-12,-1.6368573163560995e-12,0.24494573245674625,0.22654742180959636,0.03311922573908194
time_dependent,prepared,0.01,0.0005,0.614,0.2669040610497773,0.4922754162627082,1.6768531008182208e-12,1.703165591271872e-12,-1.6738832542273485e-12,0.24507918448727115,0.22643473613199028,0.03308626133038496
time_dependent,prepared,0.01,0.0005,0.6145,0.26676871114320583,0.492031673115037,1.69292357909967e-12,1.7203400427241926e-12,-1.692090911831201e-12,0.24521256884284276,0.22632210465100364,0.0330533292968861
time_dependent,prepared,0.01,0.0005,0.615,0.2666334383056351,0.4917880419128494,1.6645573808204972e-12,1.6923524353532972e-12,-1.6685541837091478e-12,0.24534588556199557,0.22620952734919747,0.0330204296090072
time_dependent,prepared,0.01,0.0005,0.6155,0.26649824245272985,0.49154452264650567,1.687455730703391e-12,1.716483098636854e-12,-1.6831536164829686e-12,0.24547913468322194,0.22609700420910075,0.03298756223718327
time_dependent,prepared,0.01,0.0005,0.616,0.2663631235002996,0.49130111530619425,1.6500967259247545e-12,1.6793130266899471e-12,-1.6572299088579712e-12,0.2456123162449721,0.2259845352131961,0.03295472715186668
time_dependent,prepared,0.01,0.0005,0.6165,0.2662280813645128,0.49105781988184194,1.6572299088579712e-12,1.687408123603384e-12,-1.656563775043196e-12,0.24574543028565435,0.22587212034393553,0.03292192432352404
time_dependent,prepared,0.01,0.0005,0.617,0.26609311596172075,0.4908146363631926,1.6312506900817425e-12,1.6617787747388407e-12,-1.6275869541004795e-12,0.2458784768436352,0.225759759583736,0.03288915372263746
time_dependent,prepared,0.01,0.0005,0.6175,0.2659582272086079,0.49057156473977304,1.646099923036104e-12,1.67773678841998e-12,-1.6455170559481758e-12,0.2460114559572395,0.2256474529149714,0.032856415319705026
time_dependent,prepared,0.01,0.0005,0.618,0.26582341502205287,0.49032860500088926,1.6672496716552132e-12,1.7001350264373776e-12,-1.6651124923328098e-12,0.24614436766475054,0.22553520031997923,0.03282370908523955
time_dependent,prepared,0.01,0.0005,0.6185,0.26568867931923407,0.4900857571356274,1.6789625245650086e-12,1.7129272786614494e-12,-1.6807666369800245e-12,0.24627721200441016,0.22542300178107036,0.03279103498977
time_dependent,prepared,0.01,0.0005,0.619,0.26555402001755557,0.4898430211328594,1.6665280266892069e-12,1.7010837705028383e-12,-1.6620593790150906e-12,0.24640998901441893,0.22531085728051445,0.032758393003839516
time_dependent,prepared,0.01,0.0005,0.6195,0.2654194370346865,0.4896003969812727,1.6432133431720786e-12,1.6781168411023307e-12,-1.6375789613221059e-12,0.24654269873293627,0.2251987668005383,0.032725783098009026
time_dependent,prepared,0.01,0.0005,0.62,0.26528493028860917,0.4893578846693371,1.6400769631275125e-12,1.6757438824480949e-12,-1.6380785616831872e-12,0.24667534119808057,0.225086730323348,0.032693205242853345
time_dependent,prepared,0.01,0.0005,0.6205,0.26515049969747334,0.4891154841852919,1.6323609131063677e-12,1.6686866045782917e-12,-1.631805801594055e-12,0.24680791644792932,0.2249747478311025,0.03266065940896433
time_dependent,prepared,0.01,0.0005,0.621,0.2650161451797773,0.4888731955171975,1.6764367671839864e-12,1.7145926413571785e-12,-1.6748824549495112e-12,0.2469404245205192,0.224862819305933,0.03262814556694801
time_dependent,prepared,0.01,0.0005,0.6215,0.26488186665414787,0.4886310186528909,1.6993906282181115e-12,1.7389303619121585e-12,-1.6951440251489203e-12,0.24707286545384627,0.22475094472993254,0.032595663687428555
time_dependent,prepared,0.01,0.0005,0.622,0.26474766403953737,0.4883889535800328,1.6731338536857265e-12,1.7129112374658595e-12,-1.674438365739661e-12,0.24720523928586605,0.22463912408516185,0.03256321374104376
time_dependent,prepared,0.01,0.0005,0.6225,0.26461353725515124,0.48814700028602176,1.6581180872776713e-12,1.6983798797322405e-12,-1.6588397322436776e-12,0.24733754605449362,0.22452735735364449,0.032530795698448585
time_dependent,prepared,0.01,0.0005,0.623,0.26447948622045075,0.48790515875812945,1.6719958750854857e-12,1.7134435300278142e-12,-1.6767143229401427e-12,0.24746978579760384,0.2244156445173779,0.03249840953031418
time_dependent,prepared,0.01,0.0005,0.6235,0.26434551085508257,0.48766342898337073,1.654704151476949e-12,1.6965637088305906e-12,-1.6558421300771897e-12,0.24760195855303138,0.22430398555830855,0.032466055207327545
time_dependent,prepared,0.01,0.0005,0.624,0.2642116110790119,0.4874218109485804,1.6153467452539871e-12,1.657031660224288e-12,-1.6187606810547095e-12,0.2477340643585709,0.2241923804583752,0.03243373270019059
time_dependent,prepared,0.01,0.0005,0.6245,0.2640777868124158,0.48718030464041234,1.6240619959972946e-12,1.666797672776722e-12,-1.6271983760418607e-12,0.2478661032519771,0.22408082919945901,0.03240144197962374
time_dependent,prepared,0.01,0.0005,0.625,0.2639440379757648,0.4869389100452752,1.6774914790573803e-12,1.7224865834797626e-12,-1.6753820553105925e-12,0.24799807527096498,0.22396933176342332,0.03236918301636192
time_dependent,prepared,0.01,0.0005,0.6255000000000001,0.2638103644896038,0.48669762714942855,1.6211754161332692e-12,1.6654852270656613e-12,-1.6218137943724287e-12,0.24812998045320978,0.22385788813209218,0.03233695578115662
time_dependent,prepared,0.01,0.0005,0.626,0.26367676627495257,0.48645645593891323,1.6286416659738734e-12,1.6739850464392478e-12,-1.6285306436714109e-12,0.24826181883634726,0.2237464982872613,0.032304760244776236
time_dependent,prepared,0.01,0.0005,0.6265000000000001,0.26354324325291456,0.48621539639959427,1.620065193108644e-12,1.665995364505591e-12,-1.6193713037182533e-12,0.2483935904579737,0.22363516221068752,0.03227259637800527
time_dependent,prepared,0.01,0.0005,0.627,0.2634097953449104,0.4859744485171092,1.6277257319785576e-12,1.6747029982158888e-12,-1.6275314429492482e-12,0.24852529535564616,0.22352387988410122,0.032240464151643854
time_dependent,prepared,0.01,0.0005,0.6275000000000001,0.26327642247252053,0.4857336122769393,1.6356360710290119e-12,1.6836760208532839e-12,-1.6311951789305112e-12,0.24865693356688243,0.22341265128919677,0.03220836353651014
time_dependent,prepared,0.01,0.0005,0.628,0.2631431245576274,0.485492887664357,1.619093747962097e-12,1.6674742196004624e-12,-1.62186930552366e-12,0.24878850512916123,0.2233014764076419,0.03217629450343801
time_dependent,prepared,0.01,0.0005,0.6285000000000001,0.2630099015223522,0.4852522746644438,1.6554813075941865e-12,1.7057944846689718e-12,-1.6592283103022964e-12,0.2489200100799224,0.22319035522107167,0.0321442570232777
time_dependent,prepared,0.01,0.0005,0.629,0.26287675328897747,0.48501177326209605,1.6375789613221059e-12,1.6881847530270241e-12,-1.637190383263487e-12,0.24905144845656688,0.22307928771108387,0.03211225106689667
time_dependent,prepared,0.01,0.0005,0.6295000000000001,0.2627436797801443,0.4847713834420195,1.653954750935327e-12,1.7059121138596714e-12,-1.6547874182037958e-12,0.24918282029645694,0.22296827385925178,0.03208027660517869
time_dependent,prepared,0.01,0.0005,0.63,0.26261068091857903,0.48453110518873643,1.6124601653899617e-12,1.6639387524555177e-12,-1.6170398353665405e-12,0.24931412563691624,0.2228573136471168,0.032048333609024315
time_dependent,prepared,0.01,0.0005,0.6305000000000001,0.26247775662737743,0.4842909384865911,1.6361911825413245e-12,1.689264708990485e-12,-1.6372458944147184e-12,0.24944536451522992,0.22274640705618318,0.032016422049350894
time_dependent,prepared,0.01,0.0005,0.631,0.2623449068297555,0.4840508833197154,1.6195378371719471e-12,1.6729004046662734e-12,-1.6180390360887031e-12,0.2495765369686448,0.22263555406794153,0.03198454189709296
time_dependent,prepared,0.01,0.0005,0.6315000000000001,0.2622121314492271,0.4838109396720903,1.6057710716665952e-12,1.659502648650591e-12,-1.6037726702222699e-12,0.2497076430343694,0.2225247546638292,0.03195269312320172
time_dependent,prepared,0.01,0.0005,0.632,0.2620794304095369,0.48357110752749227,1.6042445150077356e-12,1.6587472762874582e-12,-1.6053824936079764e-12,0.24983868274957416,0.22241400882526657,0.03192087569864446
time_dependent,prepared,0.01,0.0005,0.6325000000000001,0.26194680363464423,0.4833313868695222,1.622091350128585e-12,1.6780322923284049e-12,-1.621036638255191e-12,0.2499696561513915,0.22230331653365115,0.031889089594406804
time_dependent,prepared,0.01,0.0005,0.633,0.26181425104867767,0.48309177768161016,1.6441015215917787e-12,1.701645109216239e-12,-1.6501244815003702e-12,0.2501005632769158,0.2221926777703309,0.03185733478149108
time_dependent,prepared,0.01,0.0005,0.6335000000000001,0.2616817725760646,0.48285227994698837,1.651401237978689e-12,1.7100480898186604e-12,-1.6545098624476395e-12,0.25023140416320383,0.22208209251664632,0.03182561123091618
time_dependent,prepared,0.01,0.0005,0.634,0.261549368141426,0.4826128936487187,1.6374401834440278e-12,1.6964322803952062e-12,-1.641242697303369e-12,0.2503621788472745,0.22197156075389146,0.03179391891371807
time_dependent,prepared,0.01,0.0005,0.6345000000000001,0.2614170376696354,0.4823736187696787,1.6498191701685982e-12,1.7101050990036875e-12,-1.6528445279107018e-12,0.25049288736610936,0.22186108246334144,0.031762257800950884
time_dependent,prepared,0.01,0.0005,0.635,0.2612847810857031,0.4821344552925924,1.6040502259784262e-12,1.6634884816542614e-12,-1.6041057371296574e-12,0.2506235297566522,0.22175065762623578,0.03173062786368488
time_dependent,prepared,0.01,0.0005,0.6355000000000001,0.26115259831504634,0.4818954031999739,1.6711354522414013e-12,1.7339192708018283e-12,-1.666666804567285e-12,0.2507541060558097,0.2216402862237939,0.0316990290730078
time_dependent,prepared,0.01,0.0005,0.636,0.2610204892830579,0.4816564624741988,1.622979528548285e-12,1.6847895284208814e-12,-1.6251999745975354e-12,0.2508846163004512,0.22152996823719565,0.03166746140002534
time_dependent,prepared,0.01,0.0005,0.6365000000000001,0.26088845391556476,0.4814176330974255,1.665695359420738e-12,1.729989976375425e-12,-1.6601719998732278e-12,0.251015060527409,0.22141970364760655,0.031635924815859744
time_dependent,prepared,0.01,0.0005,0.637,0.2607564921384316,0.481178915051687,1.6298906668765767e-12,1.6936430669439636e-12,-1.627253887193092e-12,0.2511454387734782,0.2213094924361479,0.03160441929165108
time_dependent,prepared,0.01,0.0005,0.6375000000000001,0.2606246038779111,0.4809403083188056,1.6313894679598206e-12,1.6960415250489242e-12,-1.6314172235354363e-12,0.25127575107541716,0.2211993345839259,0.0315729447985564
time_dependent,prepared,0.01,0.0005,0.638,0.26049278906034123,0.48070181288045327,1.5988876889139192e-12,1.663076408356391e-12,-1.599276266972538e-12,0.25140599746994735,0.2210892300720148,0.03154150130775154
time_dependent,prepared,0.01,0.0005,0.6385000000000001,0.26036104761238105,0.48046342871812114,1.61348712168774e-12,1.6790946253597518e-12,-1.6108780975798709e-12,0.25153617799375355,0.22097917888146126,0.031510088790427805
time_dependent,prepared,0.01,0.0005,0.639,0.2602293794607859,0.4802251558131531,1.5970558209232877e-12,1.662819826895967e-12,-1.5994428004262318e-12,0.25166629268348395,0.22086918099328537,0.03147870721779566
time_dependent,prepared,0.01,0.0005,0.6395000000000001,0.2600977845326165,0.4799869941466929,1.5826506771787763e-12,1.6486391261389886e-12,-1.5852319457110298e-12,0.25179634157575026,0.22075923638847722,0.03144735656108246
time_dependent,prepared,0.01,0.0005,0.64,0.2599662627551713,0.47974894369972587,1.617456169000775e-12,1.6857318710538022e-12,-1.6195933483231784e-12,0.25192632470712784,0.22064934504800304,0.03141603679153374
time_dependent,prepared,0.01,0.0005,0.6405,0.25983481405583503,0.4795110044530866,1.6160683902199935e-12,1.6851212748083864e-12,-1.6144863224099026e-12,0.2520562421141557,0.2205395069528034,0.031384747880412026
time_dependent,prepared,0.01,0.0005,0.641,0.25970343836231796,0.4792731763874514,1.6490975252025919e-12,1.7204150017636292e-12,-1.652011860642233e-12,0.2521860938333369,0.22042972208378928,0.03135348979899815
time_dependent,prepared,0.01,0.0005,0.6415,0.25957213560246456,0.4790354594832875,1.654093528813405e-12,1.726483390806539e-12,-1.6518453271885392e-12,0.25231587990113813,0.22031999042184736,0.03132226251858995
time_dependent,prepared,0.01,0.0005,0.642,0.25944090570434597,0.47879785372095185,1.6244228184802978e-12,1.696355576631586e-12,-1.6253665080512292e-12,0.25244560035399033,0.22021031194783933,0.03129106601050445
time_dependent,prepared,0.01,0.0005,0.6425,0.2593097485963122,0.47856035908059325,1.619926415230566e-12,1.6924995818082543e-12,-1.615207967375909e-12,0.2525752552282885,0.22010068664259733,0.03125990024607494
time_dependent,prepared,0.01,0.0005,0.643,0.25917866420685376,0.4783229755422321,1.6151524562246777e-12,1.6883492313859653e-12,-1.617150857669003e-12,0.25270484456039194,0.21999111448693043,0.03122876519665373
time_dependent,prepared,0.01,0.0005,0.6435,0.2590476524646613,0.4780857030857262,1.6278089987054045e-12,1.7024238417884134e-12,-1.6307510897206612e-12,0.25283436838662426,0.2198815954616173,0.03119766083361053
time_dependent,prepared,0.01,0.0005,0.644,0.25891671329864757,0.47784854169073543,1.6066314945106797e-12,1.6811095507620006e-12,-1.6071588504473766e-12,0.2529638267432736,0.21977212954742145,0.031166587128332823
time_dependent,prepared,0.01,0.0005,0.6445,0.25878584663794857,0.4776114913368056,1.605326982456745e-12,1.6805782645229434e-12,-1.6074364062035329e-12,0.2530932196665926,0.21966271672507015,0.03113554405222671
time_dependent,prepared,0.01,0.0005,0.645,0.25865505241185915,0.4773745520033053,1.5886458815117521e-12,1.663940688545657e-12,-1.5900614158681492e-12,0.2532225471927985,0.21955335697527478,0.03110453157671622
time_dependent,prepared,0.01,0.0005,0.6455,0.2585243305499422,0.47713772366944884,1.5895063043558366e-12,1.6656682394854678e-12,-1.5883405701799802e-12,0.2533518093580735,0.2194440502787142,0.031073549673242707
time_dependent,prepared,0.01,0.0005,0.646,0.2583936809819238,0.47690100631428917,1.6203149932891847e-12,1.6987959469922e-12,-1.6223689058847413e-12,0.25348100619856445,0.21933479661604494,0.0310425983132662
time_dependent,prepared,0.01,0.0005,0.6465,0.2582631036376754,0.47666439991673953,1.6244505740559134e-12,1.7039772367486365e-12,-1.6200929486842597e-12,0.25361013775038327,0.21922559596790575,0.031011677468265213
time_dependent,prepared,0.01,0.0005,0.647,0.25813259844734565,0.47642790445553,1.593808418576259e-12,1.6726648498842915e-12,-1.5966117317134376e-12,0.2537392040496069,0.21911644831489988,0.03098078710973617
time_dependent,prepared,0.01,0.0005,0.6475,0.25800216534126996,0.4761915199092654,1.590894083136618e-12,1.6704351260151517e-12,-1.5932810626395622e-12,0.25386820513227754,0.21900735363761675,0.03094992720919347
time_dependent,prepared,0.01,0.0005,0.648,0.2578718042500121,0.4759552462563846,1.6321388685014426e-12,1.7145927913771265e-12,-1.6346368703068492e-12,0.2539971410344025,0.2188983119166121,0.030919097738169588
time_dependent,prepared,0.01,0.0005,0.6485,0.2577415151042102,0.4757190834751672,1.6040224704028105e-12,1.685892500551575e-12,-1.6086021403793893e-12,0.2541260117919546,0.2187893231324278,0.030888298668216272
time_dependent,prepared,0.01,0.0005,0.649,0.2576112978348255,0.4754830315437626,1.6124601653899617e-12,1.69560221755129e-12,-1.6122658763606523e-12,0.254254817440872,0.21868038726556988,0.030857529970902173
time_dependent,prepared,0.01,0.0005,0.6495,0.2574811523729576,0.4752470904401582,1.6124879209655774e-12,1.6964732171946688e-12,-1.6091017407404706e-12,0.25438355801705853,0.218571504296537,0.030826791617815937
time_dependent,prepared,0.01,0.0005,0.65,0.2573510786499311,0.4750112601421864,1.606159649725214e-12,1.690654290218007e-12,-1.6072143615986079e-12,0.25451223355638347,0.21846267420579016,0.03079608358056346
time_dependent,prepared,0.01,0.0005,0.6505,0.2572210765972312,0.47477554062754007,1.615735323312606e-12,1.7015780985413021e-12,-1.6126544544192711e-12,0.2546408440946821,0.2183538969737729,0.030765405830769088
time_dependent,prepared,0.01,0.0005,0.651,0.25709114614653067,0.4745399318737664,1.6267820424076262e-12,1.7140623297825885e-12,-1.6219248166748912e-12,0.25476938966775536,0.21824517258090836,0.03073475834007562
time_dependent,prepared,0.01,0.0005,0.6515,0.2569612872297466,0.47430443385824694,1.6114054535165678e-12,1.6987037633253746e-12,-1.6108780975798709e-12,0.25489787031137023,0.21813650100759316,0.030704141080145752
time_dependent,prepared,0.01,0.0005,0.652,0.2568314997789361,0.4740690465582376,1.625449774778076e-12,1.7143597399747223e-12,-1.6232570843044414e-12,0.2550262860612597,0.21802788223420408,0.030673554022659023
time_dependent,prepared,0.01,0.0005,0.6525,0.25670178372634056,0.4738337699508535,1.5734913372256187e-12,1.6603832789146814e-12,-1.5757395388504847e-12,0.2551546369531229,0.21791931624109004,0.03064299713931423
time_dependent,prepared,0.01,0.0005,0.653,0.2565721390044326,0.4735986040130415,1.5659695762337833e-12,1.6532666724119738e-12,-1.565247931267777e-12,0.2552829230226251,0.21781080300858796,0.030612470401828594
time_dependent,prepared,0.01,0.0005,0.6535,0.2564425655459324,0.4733635487216217,1.626726531256395e-12,1.7182634104873318e-12,-1.6267542868320106e-12,0.2554111443053981,0.2177023425169966,0.03058197378193755
time_dependent,prepared,0.01,0.0005,0.654,0.25631306328350734,0.4731286040532591,1.55964130499342e-12,1.6482213204079325e-12,-1.5563661470707757e-12,0.25553930083703985,0.21759393474661265,0.030551507251396912
time_dependent,prepared,0.01,0.0005,0.6545,0.2561836321503515,0.4728937699845149,1.6265599978027012e-12,1.7197942762633204e-12,-1.6260326418660043e-12,0.255667392653115,0.21748557967769458,0.030521070781979145
time_dependent,prepared,0.01,0.0005,0.655,0.2560542720795023,0.4726590464917468,1.569133711853965e-12,1.6599002214154802e-12,-1.5699663791224339e-12,0.25579541978915477,0.21737727729048642,0.03049066434547653
time_dependent,prepared,0.01,0.0005,0.6555,0.2559249830044522,0.472424433551228,1.5858425683745736e-12,1.678408710204813e-12,-1.588729148238599e-12,0.255923382280657,0.21726902756521368,0.030460287913699483
time_dependent,prepared,0.01,0.0005,0.656,0.2557957648587639,0.4721899311390567,1.60466084864197e-12,1.6991688543298075e-12,-1.6078249842621517e-12,0.25605128016308637,0.21716083048206938,0.030429941458478167
time_dependent,prepared,0.01,0.0005,0.6565,0.25566661757615256,0.47195553923120653,1.6052992268811295e-12,1.7006890410623813e-12,-1.604882893246895e-12,0.25617911347187444,0.2170526860212426,0.03039962495166075
time_dependent,prepared,0.01,0.0005,0.657,0.2555375410905652,0.4717212578035247,1.5839274336570952e-12,1.6788807028007132e-12,-1.5881740367262864e-12,0.2563068822424197,0.21694459416288625,0.03036933836511448
time_dependent,prepared,0.01,0.0005,0.6575,0.2554085353361336,0.4714870868316997,1.5682177778586492e-12,1.66305485521794e-12,-1.567634910770721e-12,0.25643458651008777,0.21683655488713796,0.030339081670725136
time_dependent,prepared,0.01,0.0005,0.658,0.2552796002471678,0.47125302629128935,1.5660250873850146e-12,1.6615544092171266e-12,-1.5672463327121022e-12,0.25656222631021136,0.21672856817411415,0.030308854840398313
time_dependent,prepared,0.01,0.0005,0.6585,0.25515073575817526,0.47101907615772765,1.6172063688202343e-12,1.7167100555773593e-12,-1.6202594821379535e-12,0.25668980167809047,0.2166206340039142,0.030278657846057967
time_dependent,prepared,0.01,0.0005,0.659,0.25502194180372045,0.47078523640630004,1.603245314285573e-12,1.7027353348217574e-12,-1.6010526238119382e-12,0.2568173126489923,0.21651275235661055,0.030248490659646722
time_dependent,prepared,0.01,0.0005,0.6595,0.25489321831870376,0.470551507012174,1.5809853426418385e-12,1.6799280409044355e-12,-1.579458785982979e-12,0.2569447592581517,0.21640492321226318,0.03021835325312679
time_dependent,prepared,0.01,0.0005,0.66,0.2547645652381513,0.47031788795036944,1.5830947663886263e-12,1.683005055671005e-12,-1.5863976798868862e-12,0.25707214154077074,0.21629714655090546,0.03018824559847886
time_dependent,prepared,0.01,0.0005,0.6605,0.2546359824972322,0.47008437919578083,1.5906997941073087e-12,1.6919300709651132e-12,-1.5915602169513932e-12,0.25719945953201934,0.21618942235255545,0.03015816766770359
time_dependent,prepared,0.01,0.0005,0.661,0.2545074700313176,0.46985098072315795,1.5895340599314522e-12,1.6915300011530005e-12,-1.5871193248528925e-12,0.257326713267035,0.21608175059721133,0.030128119432819764
time_dependent,prepared,0.01,0.0005,0.6615,0.2543790277759541,0.4696176925071464,1.5872025915797394e-12,1.689887984312797e-12,-1.5881185255750552e-12,0.25745390278092295,0.21597413126484313,0.030098100865865073
time_dependent,prepared,0.01,0.0005,0.662,0.25425065566688115,0.46938451452223545,1.6186219031766313e-12,1.7241961047877347e-12,-1.6208701048014973e-12,0.2575810281087564,0.21586656433541498,0.03006811193889811
time_dependent,prepared,0.01,0.0005,0.6625,0.25412235363992686,0.46915144674279885,1.5612511283791264e-12,1.663909532002837e-12,-1.5566992139781632e-12,0.25770808928557637,0.21575904978886457,0.030038152623994632
time_dependent,prepared,0.01,0.0005,0.663,0.25399412163126106,0.46891848914308265,1.6057988272422108e-12,1.712236630052647e-12,-1.604882893246895e-12,0.257835086346392,0.21565158760510797,0.030008222893250214
time_dependent,prepared,0.01,0.0005,0.6635,0.253865959577026,0.4686856416971949,1.566219376414324e-12,1.6708634072297855e-12,-1.5669132658047147e-12,0.2579620193261805,0.21554417776404372,0.029978322718780457
time_dependent,prepared,0.01,0.0005,0.664,0.2537378674137012,0.46845290437913234,1.611544231394646e-12,1.7200707011601801e-12,-1.614985922770984e-12,0.25808888825988735,0.21543682024556093,0.029948452072719123
time_dependent,prepared,0.01,0.0005,0.6645,0.25360984507780077,0.4682202771627339,1.5667744879266365e-12,1.6731168686437189e-12,-1.5663026431411708e-12,0.25821569318242626,0.21532951502952066,0.029918610927219636
time_dependent,prepared,0.01,0.0005,0.665,0.25348189250612685,0.4679877600217619,1.5954737531131968e-12,1.7046105575883928e-12,-1.5952794640838874e-12,0.25834243412867935,0.21522226209575948,0.029888799254455395
time_dependent,prepared,0.01,0.0005,0.6655,0.2533540096355595,0.46775535292981274,1.5737411374061594e-12,1.6822267533084263e-12,-1.5709655798445965e-12,0.25846911113349713,0.21511506142411238,0.02985901702661768
time_dependent,prepared,0.01,0.0005,0.666,0.25322619640321886,0.46752305586038456,1.558281281788254e-12,1.6665288077803412e-12,-1.5611401060766639e-12,0.25859572423169874,0.2150079129943822,0.029829264215918597
time_dependent,prepared,0.01,0.0005,0.6665,0.25309845274635207,0.4672908687868135,1.5501766537084904e-12,1.6586849404210568e-12,-1.5484280524447058e-12,0.2587222734580719,0.21490081678636247,0.029799540794589057
time_dependent,prepared,0.01,0.0005,0.667,0.2529707786023867,0.4670587916823748,1.571520691356909e-12,1.682358537448305e-12,-1.5739631820110844e-12,0.25884875884737313,0.2147937727798202,0.029769846734878563
time_dependent,prepared,0.01,0.0005,0.6675,0.2528431739089194,0.46682682452016605,1.596056620201125e-12,1.7094739808910124e-12,-1.5961676425035876e-12,0.2589751804343276,0.21468678095451288,0.029740182009057606
time_dependent,prepared,0.01,0.0005,0.668,0.2527156386036375,0.4665949672731849,1.5640266859406893e-12,1.6760003810996445e-12,-1.5631385075209892e-12,0.2591015382536294,0.21457984129017868,0.02971054658941523
time_dependent,prepared,0.01,0.0005,0.6685,0.25258817262456884,0.46636321991431096,1.5735746039524656e-12,1.6870697953399258e-12,-1.5770162953288036e-12,0.2592278323399417,0.21447295376653597,0.02968094044825966
time_dependent,prepared,0.01,0.0005,0.669,0.25246077590971,0.46613158241630437,1.563527085579608e-12,1.6771306049163947e-12,-1.5646373086042331e-12,0.2593540627278965,0.2143661183632795,0.02965136355791907
time_dependent,prepared,0.01,0.0005,0.6695,0.25233344839736127,0.46590005475180646,1.5962231536548188e-12,1.713053193889859e-12,-1.5996648450311568e-12,0.2594802294520952,0.2142593350601019,0.02962181589074074
time_dependent,prepared,0.01,0.0005,0.67,0.25220619002584366,0.4656686368933203,1.5430434707752738e-12,1.6568041612884186e-12,-1.546318628697918e-12,0.25960633254710813,0.21415260383666593,0.02959229741909285
time_dependent,prepared,0.01,0.0005,0.6705,0.25207900073385864,0.4654373288132605,1.572880714562075e-12,1.6896804544769093e-12,-1.571520691356909e-12,0.25973237204747507,0.21404592467262587,0.029562808115361723
time_dependent,prepared,0.01,0.0005,0.671,0.25195188046004247,0.46520613048391796,1.5659418206581677e-12,1.6830623223157054e-12,-1.565247931267777e-12,0.2598583479877051,0.2139392975476135,0.029533347951952747
time_dependent,prepared,0.01,0.0005,0.6715,0.2518248291433239,0.4649750418774358,1.5608903058961232e-12,1.67846676199122e-12,-1.5583090373638697e-12,0.25998426040227673,0.21383272244124454,0.02950391690129273
time_dependent,prepared,0.01,0.0005,0.672,0.25169784672276435,0.4647440629659069,1.5945300635422655e-12,1.7154926663974433e-12,-1.5968337763183627e-12,0.2601101093256381,0.21372619933312456,0.029474514935827315
time_dependent,prepared,0.01,0.0005,0.6725,0.25157093313753853,0.46451319372122585,1.5807632980369135e-12,1.70152680203838e-12,-1.57773794029481e-12,0.2602358947922069,0.2136197282028305,0.029445142028021367
time_dependent,prepared,0.01,0.0005,0.673,0.25144408832702336,0.46428243411523784,1.5619727733451327e-12,1.6821364094024864e-12,-1.561806239891439e-12,0.2603616168363704,0.21351330902993546,0.029415798150360294
time_dependent,prepared,0.01,0.0005,0.6735,0.25131731223078785,0.46405178411965525,1.5681345111318024e-12,1.6896115528399853e-12,-1.5649703755116207e-12,0.2604872754924858,0.2134069417939907,0.029386483275348266
time_dependent,prepared,0.01,0.0005,0.674,0.2511906047884551,0.46382124370607186,1.5406564912723297e-12,1.6608300203753714e-12,-1.5433765376826614e-12,0.26061287079488005,0.2133006264745304,0.02935719737550943
time_dependent,prepared,0.01,0.0005,0.6745,0.2510639659399494,0.4635908128459716,1.5890899707216022e-12,1.7138928627203567e-12,-1.5873413694578176e-12,0.26073840277785004,0.2131943630510783,0.029327940423388623
time_dependent,prepared,0.01,0.0005,0.675,0.2509373956251534,0.4633604915107188,1.5206447212534613e-12,1.6408873319055832e-12,-1.5165091404867326e-12,0.26086387147566265,0.21308815150313212,0.029298712391549037
time_dependent,prepared,0.01,0.0005,0.6755,0.25081089378432064,0.46313027967159365,1.5478451853567776e-12,1.6710688690575042e-12,-1.5494827643180997e-12,0.2609892769225548,0.21298199181018954,0.029269513252574698
time_dependent,prepared,0.01,0.0005,0.676,0.25068446035772757,0.46290017729973526,1.5779322293241194e-12,1.7043979530598597e-12,-1.576905273026341e-12,0.26111461915273365,0.21287588395171872,0.029240342979068423
time_dependent,prepared,0.01,0.0005,0.6765,0.25055809528577566,0.46267018436619045,1.534355975607582e-12,1.6581530725898668e-12,-1.5375478668033793e-12,0.2612398982003765,0.21276982790717588,0.029211201543654423
time_dependent,prepared,0.01,0.0005,0.677,0.25043179850914166,0.46244030084188664,1.5381862450425388e-12,1.6631187228272122e-12,-1.5406009801210985e-12,0.2613651140996311,0.2126638236560108,0.02918208891897501
time_dependent,prepared,0.01,0.0005,0.6775,0.25030556996861164,0.4622105266976519,1.5947243525715749e-12,1.7251060506590203e-12,-1.5920043061612432e-12,0.2614902668846154,0.21255787117764516,0.029153005077693507
time_dependent,prepared,0.01,0.0005,0.678,0.25017940960500124,0.4619808619042123,1.554617545806991e-12,1.6825562203989218e-12,-1.5535350783579815e-12,0.2616153565894179,0.21245197045149247,0.029123949992493
time_dependent,prepared,0.01,0.0005,0.6785,0.2500533173594408,0.46175130643216666,1.5284162824258374e-12,1.6550210699272153e-12,-1.5309975509580909e-12,0.2617403832480976,0.21234612145695633,0.029094923636075982
time_dependent,prepared,0.01,0.0005,0.679,0.24992729317318133,0.461521860252024,1.588285059028749e-12,1.7207040400629111e-12,-1.588951192843524e-12,0.2618653468946842,0.21224032417341643,0.02906592598116477
time_dependent,prepared,0.01,0.0005,0.6795,0.24980133698751456,0.46129252333418447,1.5734635816500031e-12,1.7054943469216172e-12,-1.5739354264354688e-12,0.26199024756317796,0.21213457858024137,0.029036957000502975
time_dependent,prepared,0.01,0.0005,0.68,0.24967544874398218,0.4610632956489341,1.5696055566394307e-12,1.702158436215988e-12,-1.5667189767754053e-12,0.26211508528754995,0.2120288846567885,0.02900801666685208
time_dependent,prepared,0.01,0.0005,0.6805,0.24954962838422776,0.46083417716646846,1.530386928294547e-12,1.6604529396038912e-12,-1.533828619670885e-12,0.26223986010174205,0.21192324238239812,0.028979104952995254
time_dependent,prepared,0.01,0.0005,0.681,0.24942387585010892,0.4606051678568683,1.525446435834965e-12,1.6559154589277937e-12,-1.5244194795371868e-12,0.2623645720396671,0.21181765173639353,0.02895022183173499
time_dependent,prepared,0.01,0.0005,0.6815,0.24929819108356657,0.4603762676901303,1.556116346890235e-12,1.6900483974719074e-12,-1.5569212585830883e-12,0.2624892211352089,0.21171211269808776,0.028921367275894044
time_dependent,prepared,0.01,0.0005,0.682,0.24917257402668844,0.46014747663610633,1.5358270211152103e-12,1.6688421637561313e-12,-1.538463800798695e-12,0.26261380742222223,0.2116066252467836,0.028892541258314978
time_dependent,prepared,0.01,0.0005,0.6825,0.2490470246217156,0.45991879466460106,1.55170321036735e-12,1.68693172399741e-12,-1.5496770533474091e-12,0.2627383309345331,0.21150118936176165,0.028863743751860196
time_dependent,prepared,0.01,0.0005,0.683,0.24892154281108006,0.4596902217452642,1.5584200596663322e-12,1.6950763644122976e-12,-1.5577816814271728e-12,0.2628627917059386,0.21139580502229385,0.028834974729413106
time_dependent,prepared,0.01,0.0005,0.6835,0.2487961285372987,0.4594617578476943,1.5723811142009936e-12,1.7111120646514474e-12,-1.5719647805667591e-12,0.2629871897702073,0.21129047220763814,0.028806234163875868
time_dependent,prepared,0.01,0.0005,0.684,0.24867078174300727,0.4592334029413556,1.5347723092418164e-12,1.6710155439577673e-12,-1.5354661986322071e-12,0.2631115251610788,0.2111851908970376,0.02877752202817141
time_dependent,prepared,0.01,0.0005,0.6845,0.24854550237113035,0.4590051569956182,1.5675793996194898e-12,1.7075836466383945e-12,-1.5657752872044739e-12,0.2632357979122643,0.21107996106972354,0.028748838295243006
time_dependent,prepared,0.01,0.0005,0.685,0.24842029036454305,0.4587770199797685,1.5503709427377999e-12,1.6896780736789625e-12,-1.5497325644986404e-12,0.2633600080574466,0.21097478270491654,0.028720182938053843
time_dependent,prepared,0.01,0.0005,0.6855,0.24829514566638655,0.45854899186299,1.548261518991012e-12,1.6882182127346208e-12,-1.5530077224212846e-12,0.26348415563027977,0.21086965578181613,0.028691555929587474
time_dependent,prepared,0.01,0.0005,0.686,0.2481700682199413,0.45832107261433863,1.5717149803862185e-12,1.7146440282771674e-12,-1.5675793996194898e-12,0.26360824066438976,0.2107645802796185,0.028662957242847176
time_dependent,prepared,0.01,0.0005,0.6865,0.24804505796853518,0.4580932622028254,1.5418222254481861e-12,1.6828693550647925e-12,-1.5397683128526296e-12,0.263732263193374,0.21065955617750295,0.028634386850856303
time_dependent,prepared,0.01,0.0005,0.687,0.24792011485577495,0.45786556059732486,1.5610845949254326e-12,1.7047412267546425e-12,-1.563221774247836e-12,0.2638562232508019,0.2105545834546323,0.028605844726659474
time_dependent,prepared,0.01,0.0005,0.6875,0.24779523882525592,0.4576379677666196,1.5557555244072319e-12,1.6997666649000284e-12,-1.551175854430653e-12,0.2639801208702145,0.21044966209015692,0.02857733084332035
time_dependent,prepared,0.01,0.0005,0.6880000000000001,0.24767042982085616,0.4574104836794216,1.5785428519876632e-12,1.7255210672994424e-12,-1.5804579867051416e-12,0.26410395608512494,0.2103447920632289,0.028548845173923296
time_dependent,prepared,0.01,0.0005,0.6885,0.2475456877864686,0.45718310830431896,1.5571433031880133e-12,1.702975541857581e-12,-1.5558110355584631e-12,0.2642277289290182,0.21023997335296807,0.028520387691572665
time_dependent,prepared,0.01,0.0005,0.6890000000000001,0.2474210126661693,0.4569558416098305,1.5175638523601265e-12,1.6605147742627734e-12,-1.5175083412088952e-12,0.2643514394353513,0.21013520593849558,0.028491958369393743
time_dependent,prepared,0.01,0.0005,0.6895,0.24729640440426595,0.45672868356435947,1.5497325644986404e-12,1.6965570811118458e-12,-1.5497880756498716e-12,0.2644750876375534,0.21003048979891506,0.028463557180531906
time_dependent,prepared,0.01,0.0005,0.6900000000000001,0.24717186294502747,0.4565016341362277,1.5506484984939561e-12,1.6984041047579068e-12,-1.5499268535279498e-12,0.2645986735690259,0.20992582491331854,0.028435184098151534
time_dependent,prepared,0.01,0.0005,0.6905,0.24704738823298983,0.4562746932936719,1.5673573550145647e-12,1.7175589376847985e-12,-1.5664969321704802e-12,0.2647221972631424,0.20982121126078737,0.028406839095439177
time_dependent,prepared,0.01,0.0005,0.6910000000000001,0.24692298021275905,0.4560478610048075,1.5498990979523342e-12,1.6992724124775161e-12,-1.5468737402102306e-12,0.2648456587532488,0.2097166488203914,0.028378522145600167
time_dependent,prepared,0.01,0.0005,0.6915,0.2467986388291089,0.4558211372376982,1.5160650512768825e-12,1.6630043315474586e-12,-1.5167311850916576e-12,0.26496905807266335,0.20961213757118363,0.028350233221861802
time_dependent,prepared,0.01,0.0005,0.6920000000000001,0.2466743640269511,0.4555945219602947,1.5418499810238018e-12,1.69212963139575e-12,-1.5429046928971957e-12,0.2650923952546768,0.2095076774922169,0.028321972297469862
time_dependent,prepared,0.01,0.0005,0.6925,0.24655015575129616,0.455368015140448,1.5212553439170051e-12,1.6703581425731747e-12,-1.5233092565125617e-12,0.26521567033255244,0.20940326856252484,0.028293739345692057
time_dependent,prepared,0.01,0.0005,0.6930000000000001,0.2464260139473461,0.45514161674595227,1.5830947663886263e-12,1.7391232839838439e-12,-1.5834000777203983e-12,0.2653388833395261,0.20929891076112273,0.028265534339815317
time_dependent,prepared,0.01,0.0005,0.6935,0.2463019385602997,0.4549153267444698,1.5070444892018031e-12,1.6564010933465735e-12,-1.5112078255441475e-12,0.26546203430880627,0.20919460406702922,0.028237357253147667
time_dependent,prepared,0.01,0.0005,0.6940000000000001,0.2461779295357237,0.4546891451036101,1.5581980150614072e-12,1.7134761538057727e-12,-1.562250329101289e-12,0.26558512327357414,0.2090903484592471,0.028209208059017585
time_dependent,prepared,0.01,0.0005,0.6945,0.2460539868190592,0.4544630717908773,1.5414891585407986e-12,1.6959454510393155e-12,-1.5366319328080635e-12,0.2657081502669837,0.20898614391675777,0.02818108673077332
time_dependent,prepared,0.01,0.0005,0.6950000000000001,0.24593011035605614,0.4542371067736953,1.530164883689622e-12,1.6843239586427991e-12,-1.5311085732605534e-12,0.2658311153221617,0.20888199041854805,0.02815299324178336
time_dependent,prepared,0.01,0.0005,0.6955,0.2458063000925128,0.454011250019393,1.53316248585611e-12,1.6884631006258462e-12,-1.5342171977295038e-12,0.26595401847220795,0.20877788794358584,0.02812492756543874
time_dependent,prepared,0.01,0.0005,0.6960000000000001,0.245682555974379,0.45378550149522334,1.5370205108666823e-12,1.6935540093277511e-12,-1.5368817329886042e-12,0.2660768597501951,0.20867383647082557,0.028096889675147733
time_dependent,prepared,0.01,0.0005,0.6965,0.24555887794773396,0.45355986116834607,1.510125358095138e-12,1.6647475751079707e-12,-1.5106804696074505e-12,0.266199639189169,0.20856983597921167,0.028068879544341653
time_dependent,prepared,0.01,0.0005,0.6970000000000001,0.24543526595877865,0.4533343290058385,1.4944712134479232e-12,1.6483102181152186e-12,-1.4917789226132072e-12,0.2663223568221484,0.20846588644768613,0.02804089714647107
time_dependent,prepared,0.01,0.0005,0.6975,0.24531171995388623,0.453108904974688,1.5375201112277637e-12,1.6966341803755164e-12,-1.5344114867588132e-12,0.26644501268212534,0.20836198785517693,0.028012942455007232
time_dependent,prepared,0.01,0.0005,0.6980000000000001,0.2451882398794454,0.45288358904180837,1.5101531136707536e-12,1.6672641162195265e-12,-1.508404512406969e-12,0.26656760680206504,0.2082581401805928,0.02798501544344223
time_dependent,prepared,0.01,0.0005,0.6985,0.24506482568211105,0.4526583811740202,1.5195067426532205e-12,1.6784255034775444e-12,-1.5195067426532205e-12,0.2666901392149061,0.20815434340285,0.027957116085287993
time_dependent,prepared,0.01,0.0005,0.6990000000000001,0.24494147730853824,0.4524332813380603,1.4988843499708082e-12,1.6564700385606157e-12,-1.5003831510540522e-12,0.2668126099535604,0.20805059750083388,0.02792924435407772
time_dependent,prepared,0.01,0.0005,0.6995,0.2448181947056237,0.4522082895005933,1.5040468870353152e-12,1.6630023397999218e-12,-1.5053513990892498e-12,0.2669350190509132,0.2079469024534353,0.027901400223364622
time_dependent,prepared,0.01,0.0005,0.7000000000000001,0.24469497782027794,0.45198340562819855,1.501743174259218e-12,1.6612813164783053e-12,-1.5048240431525528e-12,0.26705736653982337,0.20784325823953026,0.027873583666722747
time_dependent,prepared,0.01,0.0005,0.7005,0.24457182659965535,0.45175862968736147,1.5362155991738291e-12,1.7002614872397143e-12,-1.5354661986322071e-12,0.2671796524531232,0.20773966483798567,0.02784579465774621
time_dependent,prepared,0.01,0.0005,0.7010000000000001,0.24444874099086905,0.451533961644483,1.508099201075197e-12,1.669973168330676e-12,-1.5057954882990998e-12,0.2673018768236186,0.20763612222765765,0.027818033170049994
time_dependent,prepared,0.01,0.0005,0.7015,0.24432572094135757,0.4513094014659228,1.54243284811173e-12,1.7088419198658765e-12,-1.5352996651785134e-12,0.2674240396840893,0.2075326303873942,0.02779029917726967
time_dependent,prepared,0.01,0.0005,0.7020000000000001,0.2442027663985126,0.4510849491179216,1.519090409018986e-12,1.6838185490193679e-12,-1.5172030298771233e-12,0.2675461410672885,0.20742918929603266,0.02776259265306163
time_dependent,prepared,0.01,0.0005,0.7025,0.2440798773099359,0.450860604566655,1.5112078255441475e-12,1.6759146954013794e-12,-1.5116796703296131e-12,0.2676681810059435,0.20732579893240397,0.027734913571102776
time_dependent,prepared,0.01,0.0005,0.7030000000000001,0.24395705362332137,0.4506363677782156,1.4954704141700859e-12,1.6592873113423599e-12,-1.5013545962005992e-12,0.26779015953275515,0.2072224592753278,0.027707261905089927
time_dependent,prepared,0.01,0.0005,0.7035,0.24383429528651152,0.45041223871860187,1.4998557951173552e-12,1.6649811730048296e-12,-1.4966361483459423e-12,0.2679120766803984,0.20711917030360935,0.027679637628741115
time_dependent,prepared,0.01,0.0005,0.704,0.24371160224744876,0.4501882173537878,1.5129841823835477e-12,1.6803906944459209e-12,-1.5097367800365191e-12,0.26803393248152213,0.2070159319960567,0.027652040715795363
time_dependent,prepared,0.01,0.0005,0.7045,0.24358897445421612,0.44996430364960815,1.56008539420327e-12,1.7335657312667852e-12,-1.5613066395303576e-12,0.26815572696874923,0.2069127443314584,0.027624471140011188
time_dependent,prepared,0.01,0.0005,0.705,0.2434664118549174,0.4497404975718393,1.505406910240481e-12,1.6736394858431613e-12,-1.5070444892018031e-12,0.2682774601746767,0.20680960728859893,0.027596928875168892
time_dependent,prepared,0.01,0.0005,0.7055,0.24334391439791386,0.44951679908621894,1.511540892451535e-12,1.681295221359541e-12,-1.5143997167399448e-12,0.26839913213187566,0.20670652084625357,0.027569413895068257
time_dependent,prepared,0.01,0.0005,0.706,0.24322148203165517,0.4492932081583329,1.5219769888830115e-12,1.6937458225988608e-12,-1.5209500325852332e-12,0.2685207428728915,0.20660348498319023,0.027541926173531246
time_dependent,prepared,0.01,0.0005,0.7065,0.24309911470462925,0.44906972475377693,1.5179246748431297e-12,1.6900768312457894e-12,-1.5162870958818075e-12,0.26864229243024385,0.20650049967816397,0.027514465684399057
time_dependent,prepared,0.01,0.0005,0.707,0.2429768123655222,0.4488463488380122,1.511984981661385e-12,1.6843013044142093e-12,-1.512817648929854e-12,0.2687637808364266,0.20639756490992492,0.027487032401534262
time_dependent,prepared,0.01,0.0005,0.7075,0.24285457496311078,0.4486230803764435,1.5158430066719575e-12,1.6894393901863447e-12,-1.51595402897442e-12,0.26888520812390815,0.20629468065722137,0.027459626298819664
time_dependent,prepared,0.01,0.0005,0.708,0.2427324024462737,0.44839991933440687,1.5001611064491271e-12,1.6727936845678046e-12,-1.5024370636496087e-12,0.2690065743251313,0.20619184689877465,0.027432247350159342
time_dependent,prepared,0.01,0.0005,0.7085,0.24261029476405183,0.4481768656771568,1.5499546091035654e-12,1.7291773937941183e-12,-1.5465684288784587e-12,0.2691278794725133,0.20608906361331636,0.02740489552947796
time_dependent,prepared,0.01,0.0005,0.709,0.24248825186547182,0.44795391936987755,1.485589429250922e-12,1.6581944760503376e-12,-1.4885592758417943e-12,0.26924912359844605,0.20598633077956296,0.027377570810720158
time_dependent,prepared,0.01,0.0005,0.7095,0.24236627369990735,0.4477310803776705,1.5180079415699765e-12,1.6952228783033465e-12,-1.5185352975066735e-12,0.269370306735296,0.20588364837622522,0.027350273167852195
time_dependent,prepared,0.01,0.0005,0.71,0.24224436021662252,0.44750834866559064,1.5112078255441475e-12,1.688468863260108e-12,-1.5079049120458876e-12,0.2694914289154043,0.2057810163819994,0.027323002574860186
time_dependent,prepared,0.01,0.0005,0.7105,0.24212251136510837,0.4472857241986044,1.508848601616819e-12,1.686671986142255e-12,-1.5080159343483501e-12,0.26961249017108685,0.2056784347755823,0.027295759005752172
time_dependent,prepared,0.01,0.0005,0.711,0.2420007270949458,0.4470632069416018,1.5064338665382593e-12,1.6848108311589385e-12,-1.5044632206695496e-12,0.2697334905346343,0.2055759035356572,0.027268542434555825
time_dependent,prepared,0.01,0.0005,0.7115,0.2418790073558708,0.4468407968594082,1.524558257415265e-12,1.7059300181719348e-12,-1.5257795027423526e-12,0.2698544300383122,0.20547342264090554,0.027241352835319303
time_dependent,prepared,0.01,0.0005,0.712,0.24175735209761365,0.446618493916779,1.5136503161983228e-12,1.6945674404582594e-12,-1.5102086248219848e-12,0.26997530871436104,0.20537099206999515,0.02721419018211327
time_dependent,prepared,0.01,0.0005,0.7125,0.24163576127015088,0.446396298078401,1.516620162789195e-12,1.6987373879613283e-12,-1.5160650512768825e-12,0.2700961265949961,0.2052686118015891,0.0271870544490267
time_dependent,prepared,0.01,0.0005,0.713,0.2415142348235013,0.4461742093088931,1.538019711588845e-12,1.7235641140806056e-12,-1.5360490657201353e-12,0.2702168837124079,0.20516628181434635,0.02715994561017167
time_dependent,prepared,0.01,0.0005,0.7135,0.24139277270777046,0.44595222757279107,1.5209500325852332e-12,1.7052835915416306e-12,-1.5165368960623482e-12,0.27033758009876174,0.20506400208691386,0.027132863639679407
time_dependent,prepared,0.01,0.0005,0.714,0.24127137487323955,0.4457303528345882,1.4836187833822123e-12,1.6642559497516636e-12,-1.485589429250922e-12,0.2704582157861984,0.20496177259793122,0.02710580851170252
time_dependent,prepared,0.01,0.0005,0.7145,0.24115004127031842,0.44550858505867796,1.500993773717596e-12,1.6845845670037665e-12,-1.5005219289321303e-12,0.27057879080683356,0.20485959332603798,0.027078780200414133
time_dependent,prepared,0.01,0.0005,0.715,0.24102877184939944,0.4452869242094222,1.463745791241422e-12,1.6435984436751665e-12,-1.4661882818955974e-12,0.27069930519275825,0.20475746424985666,0.027051778680009086
time_dependent,prepared,0.01,0.0005,0.7155,0.2409075665611454,0.4450653702510758,1.4981071938535706e-12,1.6830192753548975e-12,-1.4979406603998768e-12,0.2708197589760388,0.20465538534801034,0.027024803924701284
time_dependent,prepared,0.01,0.0005,0.716,0.24078642535621417,0.44484392314786014,1.5177303858138202e-12,1.70591336290634e-12,-1.5183965196285953e-12,0.2709401521887169,0.20455335659911575,0.026997855908726696
time_dependent,prepared,0.01,0.0005,0.7165,0.24066534818536575,0.44462258286391704,1.503241975342462e-12,1.690469662671193e-12,-1.50204848559099e-12,0.2710604848628096,0.20445137798177385,0.026970934606342267
time_dependent,prepared,0.01,0.0005,0.717,0.2405443349995651,0.44440134936331877,1.5020207300153743e-12,1.6899371842195557e-12,-1.5035472866742339e-12,0.27118075703030936,0.2043494494745908,0.02694403999182426
time_dependent,prepared,0.01,0.0005,0.7175,0.24042338574980907,0.4441802226100801,1.4967194150727892e-12,1.6848109605998263e-12,-1.5002998843272053e-12,0.27130096872318427,0.20424757105616095,0.026917172039471613
time_dependent,prepared,0.01,0.0005,0.718,0.24030250038722836,0.4439592025681432,1.537048266442298e-12,1.7310692711721815e-12,-1.5349388426955102e-12,0.27142111997337787,0.20414574270506783,0.02689033072360293
time_dependent,prepared,0.01,0.0005,0.7185,0.24018167886299804,0.44373828920138675,1.4868384301536253e-12,1.6753551207256147e-12,-1.4855616736753063e-12,0.27154121081280935,0.2040439643999004,0.02686351601855783
time_dependent,prepared,0.01,0.0005,0.719,0.24006092112856395,0.44351748247363554,1.5187573421115985e-12,1.7121730282630731e-12,-1.515731984369495e-12,0.27166124127337365,0.20394223611922582,0.026836727898696473
time_dependent,prepared,0.01,0.0005,0.7195,0.2399402271352582,0.44329678234864667,1.4911405443740477e-12,1.6818761197309783e-12,-1.4925283231548292e-12,0.2717812113869413,0.2038405578416191,0.026809966338400743
time_dependent,prepared,0.01,0.0005,0.72,0.2398195968347038,0.4430761887900863,1.49830148288288e-12,1.6907944060047295e-12,-1.4923062785499042e-12,0.27190112118535864,0.20373892954564082,0.026783231312071783
time_dependent,prepared,0.01,0.0005,0.7205,0.23969903017851857,0.44285570176162153,1.5102363803976004e-12,1.7051111393479912e-12,-1.5078216453190407e-12,0.2720209707004479,0.20363735120984952,0.026756522794134156
time_dependent,prepared,0.01,0.0005,0.721,0.23957852711848365,0.44263532122678606,1.515204628432798e-12,1.7115722082805533e-12,-1.5172030298771233e-12,0.27214075996400716,0.2035358228127925,0.026729840759030593
time_dependent,prepared,0.01,0.0005,0.7215,0.2394580876063852,0.4424150471490885,1.4800938252790274e-12,1.6727435411772712e-12,-1.4785395130445522e-12,0.27226048900781036,0.20343434433302218,0.026703185181225903
time_dependent,prepared,0.01,0.0005,0.722,0.23933771159428288,0.4421948794919784,1.48947520983711e-12,1.6841841447212205e-12,-1.4930001679402949e-12,0.2723801578636075,0.20333291574907222,0.026676556035205325
time_dependent,prepared,0.01,0.0005,0.7225,0.2392173990341812,0.44197481821883544,1.4690748617596228e-12,1.661944075996878e-12,-1.474959043790136e-12,0.2724997665631246,0.20323153703947894,0.026649953295475644
time_dependent,prepared,0.01,0.0005,0.723,0.23909714987832836,0.44175486329296865,1.5055456881185592e-12,1.704051062271528e-12,-1.5102918915488317e-12,0.27261931513806376,0.203130208182771,0.026623376936564223
time_dependent,prepared,0.01,0.0005,0.7235,0.23897696407889898,0.44153501467764755,1.500993773717596e-12,1.6997448943102264e-12,-1.5016599075323711e-12,0.2727388036201032,0.20302892915747148,0.026596826933018573
time_dependent,prepared,0.01,0.0005,0.724,0.23885684158831028,0.4413152723360653,1.4895029654127256e-12,1.687572421327788e-12,-1.4871437414853972e-12,0.2728582320408974,0.20292769994209464,0.026570303259407724
time_dependent,prepared,0.01,0.0005,0.7245,0.23873678235905774,0.4410956362313654,1.50204848559099e-12,1.7026335812587494e-12,-1.5011603071712898e-12,0.2729776004320769,0.20282652051515854,0.026543805890321716
time_dependent,prepared,0.01,0.0005,0.725,0.23861678634367908,0.4408761063266322,1.5062673330845655e-12,1.708266008825213e-12,-1.5053791546648654e-12,0.27309690882524873,0.20272539085516583,0.02651733480037092
time_dependent,prepared,0.01,0.0005,0.7255,0.23849685349487607,0.44065668258487595,1.4937773240575325e-12,1.6949445941595138e-12,-1.4940271242380732e-12,0.27321615725199616,0.20262431094062125,0.026490889964186543
time_dependent,prepared,0.01,0.0005,0.726,0.23837698376540534,0.44043736496907027,1.4623857680362562e-12,1.6601517994919942e-12,-1.4659384817150567e-12,0.27333534574387885,0.2025232807500188,0.026464471356421687
time_dependent,prepared,0.01,0.0005,0.7265,0.2382571771081456,0.44021815344211934,1.4508672041557702e-12,1.6478956999034138e-12,-1.4478696019892823e-12,0.2734544743324329,0.20242230026185204,0.02643807895174905
time_dependent,prepared,0.01,0.0005,0.727,0.23813743347613553,0.4399990479668774,1.4857559627046157e-12,1.688362701655156e-12,-1.4858947405826939e-12,0.273573543049171,0.2023213694546043,0.026411712724862754
time_dependent,prepared,0.01,0.0005,0.7275,0.23801775282234358,0.43978004850612357,1.4616086119190186e-12,1.6617495687690777e-12,-1.4625245459143343e-12,0.2736925519255822,0.2022204883067631,0.0263853726504781
time_dependent,prepared,0.01,0.0005,0.728,0.23789813510003652,0.43956115502259985,1.4800105585521806e-12,1.6835092701419383e-12,-1.479233402434943e-12,0.2738115009931322,0.20211965679680152,0.02635905870333063
time_dependent,prepared,0.01,0.0005,0.7285,0.23777858026244691,0.4393423674789727,1.4977463713705674e-12,1.7045321396640604e-12,-1.4938605907843794e-12,0.2739303902832634,0.20201887490319223,0.026332770858177344
time_dependent,prepared,0.01,0.0005,0.729,0.2376590882629303,0.4391236858378853,1.4938050796331481e-12,1.7008933107084628e-12,-1.4962475702873235e-12,0.27404921982739483,0.20191814260440255,0.026306509089795906
time_dependent,prepared,0.01,0.0005,0.7295,0.23753965905492974,0.4389051100618852,1.458666520903762e-12,1.6617105696213781e-12,-1.4599155218064652e-12,0.2741679896569223,0.20181745987889885,0.026280273372984383
time_dependent,prepared,0.01,0.0005,0.73,0.2374202925920883,0.4386866401134981,1.4696854844231666e-12,1.6750971536772399e-12,-1.471600619140645e-12,0.27428669980321835,0.20171682670513566,0.026254063682562598
time_dependent,prepared,0.01,0.0005,0.7305,0.237300988828024,0.4384682759551627,1.4859224961583095e-12,1.6944469846978629e-12,-1.4842849171969874e-12,0.27440535029763236,0.20161624306157264,0.02622787999337044
time_dependent,prepared,0.01,0.0005,0.731,0.2371817477164508,0.4382500175493058,1.4598877662308496e-12,1.6655878012191656e-12,-1.460304099865084e-12,0.2745239411714906,0.2015157089266557,0.026201722280269648
time_dependent,prepared,0.01,0.0005,0.7315,0.23706256921127494,0.43803186485825074,1.4572509865473648e-12,1.6634075091962936e-12,-1.4546419624394957e-12,0.27464247245609624,0.2014152242788314,0.02617559051814209
time_dependent,prepared,0.01,0.0005,0.732,0.23694345326644037,0.4378138178443048,1.4758749777854518e-12,1.6855052508961864e-12,-1.4753198662731393e-12,0.27476094418272945,0.2013147890965421,0.026149484681890326
time_dependent,prepared,0.01,0.0005,0.7325,0.23682439983596024,0.43759587646971587,1.4760692668147612e-12,1.6865667002170942e-12,-1.4777901125029302e-12,0.27487935638264743,0.20121440335822519,0.02612340474643871
time_dependent,prepared,0.01,0.0005,0.733,0.2367054088739898,0.4373780406966691,1.4873657860903222e-12,1.700320601051063e-12,-1.4906131884373508e-12,0.27499770908708443,0.2011140670423113,0.026097350686731847
time_dependent,prepared,0.01,0.0005,0.7335,0.2365864803347143,0.4371603104872835,1.4636347689389595e-12,1.6740252189237624e-12,-1.4619139232507905e-12,0.2751160023272518,0.201013780127235,0.02607132247773517
time_dependent,prepared,0.01,0.0005,0.734,0.2364676141725129,0.43694268580365925,1.4673817716470694e-12,1.679146738599917e-12,-1.4702128403598635e-12,0.27523423613433806,0.20091354259141883,0.02604532009443571
time_dependent,prepared,0.01,0.0005,0.7345,0.23634881034179242,0.43672516660782806,1.4724332864091139e-12,1.6857664716730787e-12,-1.47182266374557e-12,0.275352410539509,0.2008133544132842,0.026019343511840105
time_dependent,prepared,0.01,0.0005,0.735,0.23623006879703645,0.4365077528617651,1.4835355166553654e-12,1.6993232158268858e-12,-1.4826473382356653e-12,0.2754705255739075,0.2007132155712512,0.02599339270497762
time_dependent,prepared,0.01,0.0005,0.7355,0.23611138949286964,0.436290444527399,1.4919177004912854e-12,1.709775814715376e-12,-1.4908074774666602e-12,0.27558858126865393,0.20061312604373463,0.02596746764889712
time_dependent,prepared,0.01,0.0005,0.736,0.2359927723839524,0.4360732415666205,1.4773182677174646e-12,1.6938877772087133e-12,-1.4805101589132619e-12,0.2757065776548459,0.20051308580914143,0.02594156831866854
time_dependent,prepared,0.01,0.0005,0.7365,0.2358742174250865,0.4358561439412418,1.4680756610374601e-12,1.6841286757597026e-12,-1.470407129389173e-12,0.27582451476355846,0.20041309484588188,0.025915694689383127
time_dependent,prepared,0.01,0.0005,0.737,0.23575572457115462,0.4356391516130485,1.4618861676751749e-12,1.6778636197639392e-12,-1.4590828545379964e-12,0.275942392625844,0.2003131531323598,0.0258898467361527
time_dependent,prepared,0.01,0.0005,0.7375,0.23563729377714596,0.43542226454377714,1.473321464828814e-12,1.6918306490023253e-12,-1.4768464229319989e-12,0.2760602112727326,0.20021326064697625,0.025864024434110004
time_dependent,prepared,0.01,0.0005,0.738,0.23551892499809712,0.4352054826950994,1.4991896613025801e-12,1.722392893600464e-12,-1.5022427746202993e-12,0.27617797073523165,0.20011341736812732,0.02583822775840953
time_dependent,prepared,0.01,0.0005,0.7385,0.23540061818909294,0.4349888060286427,1.437489016709037e-12,1.6523287459172083e-12,-1.4389600622166654e-12,0.2762956710443262,0.2000136232742085,0.0258124566842249
time_dependent,prepared,0.01,0.0005,0.739,0.23528237330549223,0.4347722345059946,1.4790391134056335e-12,1.7009355658183421e-12,-1.474598221307133e-12,0.2764133122309789,0.1999138783436033,0.02578671118675213
time_dependent,prepared,0.01,0.0005,0.7395,0.23516419030256924,0.43455576808869795,1.5185075419310579e-12,1.7471952433254315e-12,-1.5211443216145426e-12,0.2765308943261302,0.1998141825547102,0.025760991241207433
time_dependent,prepared,0.01,0.0005,0.74,0.23504606913567277,0.4343394067382301,1.4701573292086323e-12,1.692406107295931e-12,-1.4746537324583642e-12,0.27664841736069806,0.1997145358859111,0.02573529682282834
time_dependent,prepared,0.01,0.0005,0.7405,0.2349280097603823,0.43412315041602073,1.473848820765511e-12,1.697500835132402e-12,-1.4737100428874328e-12,0.2767658813655782,0.19961493831558175,0.025709627906873117
time_dependent,prepared,0.01,0.0005,0.741,0.23481001213227906,0.43390699908346453,1.4494516697993731e-12,1.6702331062400559e-12,-1.4509782264582327e-12,0.2768832863716444,0.19951538982210584,0.025683984468620556
time_dependent,prepared,0.01,0.0005,0.7415,0.234692076207048,0.43369095270193625,1.455141562800577e-12,1.6776249927886024e-12,-1.4603596110163153e-12,0.2770006324097479,0.19941589038385601,0.025658366483371227
time_dependent,prepared,0.01,0.0005,0.742,0.23457420194044057,0.43347501123269006,1.4489798250139074e-12,1.6713533507859709e-12,-1.4461487563011133e-12,0.2771179195107181,0.19931643997920837,0.025632773926445758
time_dependent,prepared,0.01,0.0005,0.7425,0.2344563892883169,0.4332591746370082,1.4560852523715084e-12,1.6803859417275979e-12,-1.456196274673971e-12,0.2772351477053623,0.1992170385865355,0.0256072067731858
time_dependent,prepared,0.01,0.0005,0.743,0.23433863820665407,0.4330434428760871,1.4726830865896545e-12,1.700387236908873e-12,-1.4748480214876736e-12,0.2773523170244656,0.19911768618420048,0.025581664998954017
time_dependent,prepared,0.01,0.0005,0.7435,0.23422094865140689,0.4328278159110932,1.4572509865473648e-12,1.683407273025452e-12,-1.4573620088498274e-12,0.27746942749879133,0.19901838275056905,0.025556148579134574
time_dependent,prepared,0.01,0.0005,0.744,0.2341033205787747,0.4326122937031323,1.4995504837855833e-12,1.733134385695483e-12,-1.4942214132673826e-12,0.27758647915908075,0.19891912826400554,0.02553065748913103
time_dependent,prepared,0.01,0.0005,0.7445,0.23398575394487825,0.43239687621328465,1.4598877662308496e-12,1.6881340344238277e-12,-1.4575840534547524e-12,0.27770347203605317,0.1988199227028721,0.0255051917043693
time_dependent,prepared,0.01,0.0005,0.745,0.2338682487060439,0.43218156340258085,1.4514500712436984e-12,1.6792133146702775e-12,-1.4514223156680828e-12,0.2778204061604062,0.19872076604552252,0.025479751200296018
time_dependent,prepared,0.01,0.0005,0.7455,0.23375080481865768,0.4319663552319903,1.4368506384698776e-12,1.6631511008488358e-12,-1.4386547508848935e-12,0.27793728156281555,0.19862165827031475,0.025454335952377227
time_dependent,prepared,0.01,0.0005,0.746,0.23363342223917713,0.4317512516624614,1.4584444762988369e-12,1.6889869695578442e-12,-1.4592216324160745e-12,0.2780540982739351,0.19852259935560282,0.025428945936101965
time_dependent,prepared,0.01,0.0005,0.7465,0.2335161009240727,0.4315362526548909,1.416256001363081e-12,1.6409467253882934e-12,-1.4184764474123313e-12,0.27817085632439714,0.1984235892797355,0.025403581126978707
time_dependent,prepared,0.01,0.0005,0.747,0.23339884083008944,0.4313213581701251,1.460748189074934e-12,1.6933408946749873e-12,-1.4568901640643617e-12,0.2782875557448122,0.1983246280210647,0.02537824150053727
time_dependent,prepared,0.01,0.0005,0.7475,0.23328164191384199,0.4311065681689758,1.4462042674523445e-12,1.677316438940298e-12,-1.4468981568427353e-12,0.2784041965657691,0.19822571555793714,0.025352927032328353
time_dependent,prepared,0.01,0.0005,0.748,0.2331645041321365,0.4308918826122151,1.4402923298462156e-12,1.6712920200680735e-12,-1.4388767954898185e-12,0.27852077881783516,0.19812685186869725,0.025327637697923427
time_dependent,prepared,0.01,0.0005,0.7485,0.2330474274418872,0.43067730146056343,1.4721002195017263e-12,1.7090524790914816e-12,-1.4727663533165014e-12,0.2786373025315561,0.1980280369316868,0.025302373472914606
time_dependent,prepared,0.01,0.0005,0.749,0.23293041180002164,0.430462824674698,1.4677703497056882e-12,1.7048746901807192e-12,-1.4694634398182416e-12,0.27875376773745614,0.19792927072524852,0.025277134332916066
time_dependent,prepared,0.01,0.0005,0.7495,0.23281345716355425,0.4302484522152717,1.4455381336375694e-12,1.6798876628054394e-12,-1.4457046670912632e-12,0.2788701744660379,0.19783055322772047,0.025251920253561176
time_dependent,prepared,0.01,0.0005,0.75,0.23269656348964987,0.4300341840428748,1.440403352148678e-12,1.6747544795213958e-12,-1.438460461855584e-12,0.27898652274778274,0.19773188441744366,0.025226731210505192
time_dependent,prepared,0.01,0.0005,0.7505000000000001,0.23257973073551255,0.429820020118078,1.4502565814922264e-12,1.6870509906581042e-12,-1.4502288259166107e-12,0.2791028126131505,0.19763326427275135,0.02520156717942376
time_dependent,prepared,0.01,0.0005,0.751,0.23246295885842327,0.4296059604013939,1.4685752613985414e-12,1.7092119252999853e-12,-1.4687417948522352e-12,0.2792190440925797,0.1975346927719791,0.0251764281360138
time_dependent,prepared,0.01,0.0005,0.7515000000000001,0.23234624781567872,0.42939200485330437,1.4037937479116636e-12,1.6346295832743263e-12,-1.4060419495365295e-12,0.2793352172164875,0.19743616989346116,0.0251513140559926
time_dependent,prepared,0.01,0.0005,0.752,0.23222959756483602,0.42917815343423654,1.4318546348590644e-12,1.6681355089944956e-12,-1.4281908988778014e-12,0.27945133201526995,0.1973376956155252,0.025126224915099308
time_dependent,prepared,0.01,0.0005,0.7525000000000001,0.2321130080633731,0.428964406104612,1.4297729666878922e-12,1.6665403310138848e-12,-1.4367118605917995e-12,0.27956738851930163,0.1972392699165044,0.025101160689092482
time_dependent,prepared,0.01,0.0005,0.753,0.23199647926887723,0.42875076282476554,1.4384882174311997e-12,1.6775342951596219e-12,-1.4400147740900593e-12,0.27968338675893606,0.19714089277472555,0.025076121353752808
time_dependent,prepared,0.01,0.0005,0.7535000000000001,0.2318800111390432,0.42853722355503665,1.4286349880876514e-12,1.666873855477098e-12,-1.4266643422189418e-12,0.2797993267645056,0.19704256416851787,0.0250511068848808
time_dependent,prepared,0.01,0.0005,0.754,0.2317636036316867,0.4283237882557011,1.4587775432062244e-12,1.7028911108865124e-12,-1.4626633237924125e-12,0.2799152085663214,0.19694428407620415,0.025026117258298373
time_dependent,prepared,0.01,0.0005,0.7545000000000001,0.23164725670457567,0.42811045688699684,1.43651757156249e-12,1.6777417468446235e-12,-1.4362677713819494e-12,0.2800310321946737,0.1968460524761116,0.025001152449848754
time_dependent,prepared,0.01,0.0005,0.755,0.23153097031567674,0.4278972294091265,1.428440699058342e-12,1.6691399252905408e-12,-1.4241940959891508e-12,0.2801467976798315,0.19674786934656616,0.02497621243539448
time_dependent,prepared,0.01,0.0005,0.7555000000000001,0.23141474442297494,0.42768410578228416,1.4283019211802639e-12,1.6698094479865554e-12,-1.427996609848492e-12,0.28026250505204303,0.1966497346658849,0.024951297190820707
time_dependent,prepared,0.01,0.0005,0.756,0.23129857898458722,0.42747108596657707,1.4373779944065745e-12,1.6812575652386264e-12,-1.4367673717430307e-12,0.28037815434153535,0.19655164841239245,0.02492640669203226
time_dependent,prepared,0.01,0.0005,0.7565000000000001,0.23118247395864636,0.42725816992209836,1.45372602844418e-12,1.7012267181535272e-12,-1.4581669205426806e-12,0.28049374557851464,0.19645361056441138,0.024901540914955066
time_dependent,prepared,0.01,0.0005,0.757,0.231066429303389,0.42704535760889745,1.4420964422612315e-12,1.6884581655838034e-12,-1.4410417303878376e-12,0.28060927879316633,0.19635562110025573,0.02487669983553576
time_dependent,prepared,0.01,0.0005,0.7575000000000001,0.23095044497709505,0.4268326489870275,1.43651757156249e-12,1.6827643983763435e-12,-1.4381829060994278e-12,0.2807247540156549,0.1962576799982523,0.024851883429742455
time_dependent,prepared,0.01,0.0005,0.758,0.23083452093820228,0.4266200440164276,1.4133139103478243e-12,1.6564082374562101e-12,-1.4129253322892055e-12,0.280840171276124,0.19615978723671243,0.0248270916735632
time_dependent,prepared,0.01,0.0005,0.7585000000000001,0.23071865714519907,0.42640754265707687,1.4591661212648432e-12,1.7109994257721529e-12,-1.4588608099330713e-12,0.2809555306046966,0.1960619427939538,0.02480232454300752
time_dependent,prepared,0.01,0.0005,0.759,0.2306028535565466,0.4261951448688664,1.4465928455109633e-12,1.6971015072844184e-12,-1.447147957023276e-12,0.28107083203147487,0.19596414664829762,0.02477758201410504
time_dependent,prepared,0.01,0.0005,0.7595000000000001,0.23048711013089873,0.4259828506116885,1.4216960941837442e-12,1.668724565014639e-12,-1.424999007682004e-12,0.2811860755865403,0.19586639877805634,0.024752864062906815
time_dependent,prepared,0.01,0.0005,0.76,0.2303714268269782,0.4257706598453682,1.437350238830959e-12,1.687939511086263e-12,-1.4366285938649526e-12,0.2813012612999538,0.19576869916154632,0.024728170665484377
time_dependent,prepared,0.01,0.0005,0.7605000000000001,0.23025580360353498,0.4255585725297224,1.439209862397206e-12,1.6909656570180517e-12,-1.4379886170701184e-12,0.2814163892017556,0.19567104777708372,0.02470350179793058
time_dependent,prepared,0.01,0.0005,0.761,0.23014024041942285,0.4253465886245191,1.4495904476774513e-12,1.7040109012777675e-12,-1.4533652059611768e-12,0.2815314593219653,0.1955734446029795,0.024678857436358122
time_dependent,prepared,0.01,0.0005,0.7615000000000001,0.23002473723351868,0.42513470808947756,1.4225010058765974e-12,1.6730003206122911e-12,-1.4202250486761159e-12,0.2816464716905821,0.19547588961755086,0.02465423755690137
time_dependent,prepared,0.01,0.0005,0.762,0.2299092940048785,0.424922930884335,1.4512002710631577e-12,1.707604091923789e-12,-1.44997902573607e-12,0.28176142633758455,0.1953783827991096,0.024629642135714277
time_dependent,prepared,0.01,0.0005,0.7625000000000001,0.2297939106924997,0.42471125696873907,1.4399870185144437e-12,1.6952541225178695e-12,-1.4413747972952251e-12,0.28187632329293083,0.19528092412597317,0.024605071148973576
time_dependent,prepared,0.01,0.0005,0.763,0.22967858725558468,0.4244996863023145,1.4407641746316813e-12,1.697014416169877e-12,-1.4409862192366063e-12,0.2819911625865586,0.19518351357644556,0.024580524572874848
time_dependent,prepared,0.01,0.0005,0.7635000000000001,0.22956332365332152,0.424288218844687,1.4269974091263293e-12,1.6816368517249473e-12,-1.4314105456492143e-12,0.28210594424838525,0.1950861511288501,0.024556002383635134
time_dependent,prepared,0.01,0.0005,0.764,0.22944811984499683,0.424076854555404,1.4284962102095733e-12,1.6842421307156481e-12,-1.4275802762142575e-12,0.2822206683083078,0.19498883676149487,0.024531504557492485
time_dependent,prepared,0.01,0.0005,0.7645000000000001,0.22933297578995207,0.4238655933940177,1.4032663919749666e-12,1.655320004551765e-12,-1.4049039709362887e-12,0.28233533479620276,0.194891570452693,0.024507031070705478
time_dependent,prepared,0.01,0.0005,0.765,0.22921789144769886,0.42365443532002356,1.4221401833935943e-12,1.6784200339091686e-12,-1.4237500067793007e-12,0.2824499437419266,0.1947943521807556,0.024482581899553522
time_dependent,prepared,0.01,0.0005,0.7655000000000001,0.22910286677768188,0.4234433802928938,1.4518664048779328e-12,1.7143571873424903e-12,-1.450950470882617e-12,0.28256449517531546,0.19469718192399751,0.02445815702033629
time_dependent,prepared,0.01,0.0005,0.766,0.2289879017394593,0.4232324282720717,1.4385714841580466e-12,1.699505269514494e-12,-1.4381829060994278e-12,0.28267898912618517,0.19460005966072894,0.0244337564093746
time_dependent,prepared,0.01,0.0005,0.7665000000000001,0.2288729962927123,0.4230215792169623,1.4408196857829125e-12,1.7030096767728735e-12,-1.4404588632999094e-12,0.2827934256243315,0.19450298536926697,0.02440938004301064
time_dependent,prepared,0.01,0.0005,0.767,0.22875815039716427,0.4228108330869487,1.4487577804089824e-12,1.7132458147170644e-12,-1.447897357564898e-12,0.2829078046995301,0.19440595902792265,0.02438502789760602
time_dependent,prepared,0.01,0.0005,0.7675000000000001,0.22864336401260718,0.42260018984135667,1.4374335055578058e-12,1.7007014432423363e-12,-1.436822882894262e-12,0.2830221263815364,0.1943089806150066,0.024360699949544356
time_dependent,prepared,0.01,0.0005,0.768,0.22852863709888085,0.4223896494395297,1.4368783940454932e-12,1.7008920506807497e-12,-1.4350465260548617e-12,0.28313639070008584,0.19421205010883566,0.02433639617522816
time_dependent,prepared,0.01,0.0005,0.7685,0.22841396961594623,0.42217921184072976,1.4368506384698776e-12,1.7017069980810602e-12,-1.435102037206093e-12,0.2832505976848938,0.1941151674877226,0.02431211655108311
time_dependent,prepared,0.01,0.0005,0.769,0.22829936152380023,0.4219688770042213,1.4361845046551025e-12,1.7017659155917927e-12,-1.4362400158063338e-12,0.2833647473656557,0.1940183327299807,0.0242878610535534
time_dependent,prepared,0.01,0.0005,0.7695,0.22818481278254069,0.4217586448892204,1.4558076966153521e-12,1.725877719702964e-12,-1.4576673201815993e-12,0.28347883977204696,0.1939215458139288,0.024263629659105692
time_dependent,prepared,0.01,0.0005,0.77,0.22807032335222266,0.4215485154549314,1.4336865028496959e-12,1.7005000021172371e-12,-1.4297729666878922e-12,0.2835928749337231,0.19382480671787453,0.02423942234422596
time_dependent,prepared,0.01,0.0005,0.7705,0.2279558931931548,0.42133848866050866,1.4043211038483605e-12,1.666499906417931e-12,-1.4021284133747258e-12,0.28370685288031966,0.19372811542013957,0.024215239085421093
time_dependent,prepared,0.01,0.0005,0.771,0.22784152226559565,0.42112856446510155,1.433297924791077e-12,1.7017343938770197e-12,-1.4330203690349208e-12,0.2838207736414525,0.19363147189903976,0.024191079859219585
time_dependent,prepared,0.01,0.0005,0.7715,0.2277272105298825,0.42091874282779834,1.424249607140382e-12,1.6918343877604968e-12,-1.4241940959891508e-12,0.2839346372467174,0.19353487613289128,0.024166944642169622
time_dependent,prepared,0.01,0.0005,0.772,0.22761295794644817,0.4207090237076894,1.4316325902541394e-12,1.7014522028013457e-12,-1.4296619443854297e-12,0.28404844372569066,0.1934383281000097,0.02414283341084016
time_dependent,prepared,0.01,0.0005,0.7725,0.22749876447577655,0.4204994070638183,1.4156453786995371e-12,1.6832905765338032e-12,-1.4152568006409183e-12,0.28416219310792856,0.19334182777871364,0.02411874614182191
time_dependent,prepared,0.01,0.0005,0.773,0.2273846300783979,0.42028989285520646,1.3755940830861846e-12,1.636482468967958e-12,-1.378258618345285e-12,0.2842758854229678,0.19324537514732512,0.024094682811724413
time_dependent,prepared,0.01,0.0005,0.7735,0.2272705547150089,0.4200804810408461,1.4165890682704685e-12,1.6860924658510132e-12,-1.4176437801438624e-12,0.2843895207003253,0.19314897018416186,0.02407064339717928
time_dependent,prepared,0.01,0.0005,0.774,0.22715653834625277,0.41987117157970205,1.4221401833935943e-12,1.6935434957830012e-12,-1.4194478925588783e-12,0.28450309896949844,0.19305261286754513,0.02404662787483847
time_dependent,prepared,0.01,0.0005,0.7745,0.22704258093286864,0.41966196443072135,1.4070689058343078e-12,1.6764313007740194e-12,-1.4050149932387512e-12,0.28461662025996487,0.1929563031757957,0.024022636221374287
time_dependent,prepared,0.01,0.0005,0.775,0.22692868243570954,0.4194528595528062,1.3885559368986833e-12,1.6551990352107438e-12,-1.3878620475082926e-12,0.2847300846011827,0.19286004108723526,0.02399866841347949
time_dependent,prepared,0.01,0.0005,0.7755,0.2268148428157207,0.4192438569048339,1.4344914145425491e-12,1.710807911570326e-12,-1.4361567490794869e-12,0.28484349202259057,0.19276382658019162,0.023974724427868202
time_dependent,prepared,0.01,0.0005,0.776,0.22670106203376142,0.41903495644566957,1.4207524046128128e-12,1.6952671641782389e-12,-1.4243883850184602e-12,0.2849568425536074,0.19266765963298285,0.023950804241274697
time_dependent,prepared,0.01,0.0005,0.7765,0.22658734005091816,0.4188261581341261,1.416922135177856e-12,1.6915396849707986e-12,-1.4154788452458433e-12,0.28507013622363286,0.19257154022394044,0.02392690783045342
time_dependent,prepared,0.01,0.0005,0.777,0.22647367682825478,0.4186174619290336,1.3742063043054031e-12,1.6413628542520173e-12,-1.3756218386618002e-12,0.285183373062047,0.19247546833138912,0.023903035172180627
time_dependent,prepared,0.01,0.0005,0.7775,0.22636007232699634,0.4184088677891503,1.4048484597850575e-12,1.6787986201222762e-12,-1.4014345239843351e-12,0.2852965530982105,0.19237944393365713,0.023879186243251596
time_dependent,prepared,0.01,0.0005,0.778,0.22624652650828442,0.41820037567324936,1.4232504064182194e-12,1.7016369295753808e-12,-1.4202528042517315e-12,0.28540967636146464,0.1922834670090766,0.023855361020483776
time_dependent,prepared,0.01,0.0005,0.7785,0.226133039333495,0.41799198554002254,1.4474532683550478e-12,1.7314366284828549e-12,-1.4462042674523445e-12,0.2855227428811314,0.19218753753597106,0.02383155948071438
time_dependent,prepared,0.01,0.0005,0.779,0.22601961076387747,0.41778369734819487,1.4177270468707093e-12,1.696723754262152e-12,-1.4166723349973154e-12,0.2856357526865133,0.19209165549268034,0.023807781600800406
time_dependent,prepared,0.01,0.0005,0.7795,0.22590624076089694,0.4175755110564468,1.4010181903501007e-12,1.6775626841756584e-12,-1.4032941475505822e-12,0.28574870580689377,0.1919958208575293,0.023784027357621324
time_dependent,prepared,0.01,0.0005,0.78,0.2257929292860763,0.41736742662340054,1.402489235857729e-12,1.6801613475227768e-12,-1.4026835248870384e-12,0.2858616022715368,0.19190003360886052,0.02376029672807538
time_dependent,prepared,0.01,0.0005,0.7805,0.22567967630090435,0.41715944400770794,1.3783141294965162e-12,1.6520231643955923e-12,-1.375344282905644e-12,0.28597444210968725,0.1918042937250052,0.023736589689082654
time_dependent,prepared,0.01,0.0005,0.781,0.22556648176703994,0.4169515631679671,1.4040990592434355e-12,1.683767592298768e-12,-1.4026835248870384e-12,0.2860872253505708,0.19170860118430402,0.023712906217582996
time_dependent,prepared,0.01,0.0005,0.7815,0.22545334564614186,0.41674378406274776,1.386030179517661e-12,1.662928437712062e-12,-1.384836689766189e-12,0.2861999520233939,0.19161295596509667,0.023689246290536467
time_dependent,prepared,0.01,0.0005,0.782,0.22534026789996361,0.41653610665060714,1.4142853554943713e-12,1.697674382737582e-12,-1.4147294447042214e-12,0.2863126221573439,0.19151735804572054,0.023665609884925207
time_dependent,prepared,0.01,0.0005,0.7825,0.22522724849026168,0.4163285308900768,1.4110657087229583e-12,1.6946541061020035e-12,-1.410788152966802e-12,0.286425235781589,0.19142180740452042,0.023641996977750383
time_dependent,prepared,0.01,0.0005,0.783,0.22511428737892694,0.41612105673965066,1.3767875728376566e-12,1.6543113482680314e-12,-1.3780643293159756e-12,0.2865377929252785,0.19132630401983922,0.023618407546033993
time_dependent,prepared,0.01,0.0005,0.7835,0.22500138452792934,0.41591368415782737,1.4138690218601369e-12,1.699714478883569e-12,-1.412286954050046e-12,0.28665029361754246,0.1912308478700226,0.023594841566818674
time_dependent,prepared,0.01,0.0005,0.784,0.22488853989919222,0.4157064131030629,1.410788152966802e-12,1.6968563732677398e-12,-1.4119538871426585e-12,0.28676273788749207,0.19113543893342103,0.02357129901716829
time_dependent,prepared,0.01,0.0005,0.7845,0.22477575345479986,0.41549924353378237,1.4015455462867976e-12,1.6865801419569618e-12,-1.3985756996959253e-12,0.2868751257642195,0.19104007718838167,0.023547779874166185
time_dependent,prepared,0.01,0.0005,0.785,0.2246630251568883,0.41529217540841973,1.4150902671872245e-12,1.703728544600125e-12,-1.419919737344344e-12,0.2869874572767979,0.1909447626132542,0.023524284114915996
time_dependent,prepared,0.01,0.0005,0.7855,0.2245503549676208,0.41508520868535265,1.44909084731637e-12,1.7455341903212646e-12,-1.4528656056000955e-12,0.2870997324542817,0.19084949518639385,0.023500811716542804
time_dependent,prepared,0.01,0.0005,0.786,0.22443774284916737,0.4148783433229498,1.4020173910722633e-12,1.6896729048815826e-12,-1.4003520565353256e-12,0.2872119513257063,0.19075427488615718,0.023477362656191846
time_dependent,prepared,0.01,0.0005,0.7865,0.22432518876393479,0.41467157927957055,1.4314105456492143e-12,1.7259568983888457e-12,-1.4289402994194234e-12,0.2873241139200883,0.1906591016908958,0.023453936911028404
time_dependent,prepared,0.01,0.0005,0.787,0.22421269267423538,0.41446491651352596,1.4315770791029081e-12,1.7270184062174012e-12,-1.4318268792834488e-12,0.2874362202664254,0.19056397557897692,0.023430534458238613
time_dependent,prepared,0.01,0.0005,0.7875,0.22410025454246224,0.41425835498313635,1.4138412662845212e-12,1.7064728439088008e-12,-1.4133971770746712e-12,0.2875482703936966,0.19046889652875917,0.02340715527502904
time_dependent,prepared,0.01,0.0005,0.788,0.2239878743311533,0.41405189464667796,1.4264422976140168e-12,1.7225404786865939e-12,-1.4265255643408636e-12,0.2876602643308622,0.190373864518599,0.023383799338626058
time_dependent,prepared,0.01,0.0005,0.7885,0.22387555200281528,0.413845535462412,1.4401535519681374e-12,1.7399650697650636e-12,-1.441763375353844e-12,0.2877722021068636,0.19027887952686723,0.023360466626277582
time_dependent,prepared,0.01,0.0005,0.789,0.2237632875200321,0.41363927738856954,1.3936907183875746e-12,1.68466922095022e-12,-1.390443316040546e-12,0.28788408375062363,0.1901839415319342,0.023337157115251077
time_dependent,prepared,0.01,0.0005,0.7895,0.22365108084554491,0.4134331203833952,1.4237777623549164e-12,1.7218961086525089e-12,-1.4251655411356978e-12,0.2879959092910464,0.1900890505121636,0.02331387078283448
time_dependent,prepared,0.01,0.0005,0.79,0.22353893194197985,0.4132270644050678,1.36546329798648e-12,1.652194901548997e-12,-1.3672396548258803e-12,0.28810767875701737,0.18999420644592865,0.023290607606336684
time_dependent,prepared,0.01,0.0005,0.7905,0.2234268407722243,0.4130211094117764,1.4165613126948529e-12,1.7148776181317787e-12,-1.4174217355389374e-12,0.2882193921774035,0.18989940931160923,0.023267367563086894
time_dependent,prepared,0.01,0.0005,0.791,0.2233148072990046,0.41281525536167213,1.369959701236212e-12,1.6592890929305673e-12,-1.3715140134706871e-12,0.288331049581053,0.18980465908757863,0.023244150630433568
time_dependent,prepared,0.01,0.0005,0.7915,0.2232028314853188,0.4126095022129055,1.3927192732410276e-12,1.6876965578461611e-12,-1.3902767825868523e-12,0.28844265099679567,0.189709955752214,0.023220956785747076
time_dependent,prepared,0.01,0.0005,0.792,0.22309091329407674,0.41240384992359486,1.416172734636234e-12,1.7169732228447599e-12,-1.4180323582024812e-12,0.2885541964534427,0.18961529928389723,0.023197786006417354
time_dependent,prepared,0.01,0.0005,0.7925,0.22297905268828813,0.4121982984518405,1.3987699887252347e-12,1.696719751120331e-12,-1.3983536550910003e-12,0.28866568597978687,0.18952068966101623,0.023174638269854664
time_dependent,prepared,0.01,0.0005,0.793,0.2228672496310512,0.41199284775572165,1.3923584507580244e-12,1.6897847357549607e-12,-1.392247428455562e-12,0.2887771196046024,0.1894261268619548,0.023151513553489936
time_dependent,prepared,0.01,0.0005,0.7935,0.22275550408548658,0.4117874977932969,1.3771483953206598e-12,1.6721590658996134e-12,-1.3780920848915912e-12,0.2888884973566451,0.18933161086509978,0.02312841183477398
time_dependent,prepared,0.01,0.0005,0.794,0.22264381601482375,0.4115822485226231,1.4233891842962976e-12,1.7291673649715216e-12,-1.4221401833935943e-12,0.2889998192646525,0.1892371416488452,0.023105333091178508
time_dependent,prepared,0.01,0.0005,0.7945,0.22253218538223285,0.41137709990171634,1.3934686737826496e-12,1.6936633980272704e-12,-1.394856452563431e-12,0.28911108535734364,0.18914271919158512,0.02308227730019532
time_dependent,prepared,0.01,0.0005,0.795,0.2224206121510928,0.41117205188857914,1.4020173910722633e-12,1.7049035612101823e-12,-1.4040990592434355e-12,0.28922229566341917,0.18904834347171456,0.02305924443933635
time_dependent,prepared,0.01,0.0005,0.7955,0.2223090962847216,0.41096710444120477,1.3737067039443218e-12,1.671309806912485e-12,-1.373623437217475e-12,0.28933345021156154,0.18895401446763568,0.023036234486134052
time_dependent,prepared,0.01,0.0005,0.796,0.22219763774659113,0.41076225751756873,1.3959944311636718e-12,1.6992730047764813e-12,-1.397409965520069e-12,0.2894445490304348,0.1888597321577475,0.023013247418141106
time_dependent,prepared,0.01,0.0005,0.7965,0.22208623650015644,0.41055751107561805,1.398520188544694e-12,1.7031964472874145e-12,-1.4009349236232538e-12,0.28955559214868487,0.18876549652046115,0.022990283212930316
time_dependent,prepared,0.01,0.0005,0.797,0.22197489250891753,0.41035286507327845,1.3712087021389152e-12,1.670767793825153e-12,-1.3704593015972932e-12,0.28966657959493936,0.1886713075341777,0.022967341848095367
time_dependent,prepared,0.01,0.0005,0.7975,0.2218636057364964,0.41014831946848673,1.3661294318012551e-12,1.6654090324804377e-12,-1.3674616994308053e-12,0.2897775113978076,0.1885771651773107,0.022944423301249437
time_dependent,prepared,0.01,0.0005,0.798,0.2217523761465708,0.40994387421913614,1.3952727861976655e-12,1.701785139310858e-12,-1.3955780975294374e-12,0.28988838758588087,0.1884830694282745,0.02292152755002626
time_dependent,prepared,0.01,0.0005,0.7985,0.22164120370279097,0.4097395292831003,1.3754553052081064e-12,1.6784508290088091e-12,-1.3790635300381382e-12,0.2899992081877323,0.1883890202654826,0.022898654572080127
time_dependent,prepared,0.01,0.0005,0.799,0.22153008836894697,0.40953528461826205,1.4017120797404914e-12,1.7113447026239301e-12,-1.4021284133747258e-12,0.29010997323191673,0.1882950176673576,0.022875804345084672
time_dependent,prepared,0.01,0.0005,0.7995,0.2214190301088205,0.40933114018245625,1.3864742687275111e-12,1.693585135139184e-12,-1.384170555951414e-12,0.29022068274697116,0.18820106161231953,0.022852976846735176
time_dependent,prepared,0.01,0.0005,0.8,0.221308028886306,0.4091270959335308,1.3617162952783701e-12,1.6641727091785392e-12,-1.3654355424108644e-12,0.2903313367614143,0.188107152078795,0.02283017205474583
time_dependent,prepared,0.01,0.0005,0.8005,0.22119708466533272,0.40892315182929095,1.3841150448001827e-12,1.692390169896339e-12,-1.3820888877802417e-12,0.29044193530374696,0.1880132890452135,0.02280738994685209
time_dependent,prepared,0.01,0.0005,0.801,0.22108619740986646,0.4087193078275402,1.3690160116652805e-12,1.674763077550335e-12,-1.3709866575339902e-12,0.2905524784024519,0.18791947249000476,0.022784630500808686
time_dependent,prepared,0.01,0.0005,0.8015,0.22097536708396898,0.4085155638860575,1.390665360645471e-12,1.702095934135555e-12,-1.3891665595622271e-12,0.2906629660859939,0.18782570239160293,0.022761893694390585
time_dependent,prepared,0.01,0.0005,0.802,0.220864593651683,0.40831191996262306,1.3623824290931452e-12,1.6683108702968862e-12,-1.3589407377168072e-12,0.29077339838281974,0.1877319787284464,0.022739179505393843
time_dependent,prepared,0.01,0.0005,0.8025,0.22075387707716823,0.4081083760149936,1.3561374245796287e-12,1.6614917804670982e-12,-1.3568313139700194e-12,0.29088377532135834,0.18763830147897714,0.022716487911634338
time_dependent,prepared,0.01,0.0005,0.803,0.22064321732467992,0.40790493200089845,1.3895828931964616e-12,1.7033171018278272e-12,-1.391414761187093e-12,0.2909940969300207,0.18754467062163793,0.022693818890946914
time_dependent,prepared,0.01,0.0005,0.8035,0.22053261435835433,0.4077015878780566,1.3410383914447266e-12,1.644632289050129e-12,-1.3393175457565576e-12,0.2911043632371999,0.18745108613487396,0.022671172421188903
time_dependent,prepared,0.01,0.0005,0.804,0.22042206814260812,0.4074983436041861,1.358885226565576e-12,1.667350613679097e-12,-1.3577472479653352e-12,0.29121457427127123,0.18735754799714313,0.022648548480235516
time_dependent,prepared,0.01,0.0005,0.8045,0.22031157864173606,0.4072951991369807,1.3567758028187882e-12,1.6655926778555277e-12,-1.356109669004013e-12,0.2913247300605921,0.1872640561868973,0.022625947045982985
time_dependent,prepared,0.01,0.0005,0.805,0.22020114582016292,0.4070921544341096,1.3496703754611872e-12,1.6576963726248896e-12,-1.350725087334581e-12,0.2914348306335022,0.1871706106825895,0.022603368096348365
time_dependent,prepared,0.01,0.0005,0.8055,0.22009076964236735,0.40688920945324947,1.3699874568118275e-12,1.683489540863493e-12,-1.365241253381555e-12,0.29154487601832335,0.18707721146268333,0.02258081160926757
time_dependent,prepared,0.01,0.0005,0.806,0.21998045007285585,0.40668636415204623,1.3904988271917773e-12,1.7095469011957576e-12,-1.3906376050698555e-12,0.2916548662433598,0.18698385850564286,0.02255827756269771
time_dependent,prepared,0.01,0.0005,0.8065,0.21987018707616066,0.406483618488128,1.338013033702623e-12,1.6458388147067477e-12,-1.3335443860285068e-12,0.29176480133689786,0.18689055178993733,0.022535765934615138
time_dependent,prepared,0.01,0.0005,0.807,0.21975998061697935,0.4062809724191311,1.3656020758645582e-12,1.6806128868539147e-12,-1.3646583862936268e-12,0.29187468132720634,0.1867972912940351,0.022513276703016782
time_dependent,prepared,0.01,0.0005,0.8075,0.219649830659942,0.40607842590265203,1.3547218902232316e-12,1.6680544985979324e-12,-1.3572754031798695e-12,0.2919845062425363,0.18670407699641156,0.022490809845919463
time_dependent,prepared,0.01,0.0005,0.808,0.21953973716978975,0.4058759788962838,1.3693213229970524e-12,1.686871598952958e-12,-1.3668788323428771e-12,0.2920942761111212,0.18661090887554985,0.022468365341360107
time_dependent,prepared,0.01,0.0005,0.8085,0.21942970011128649,0.4056736313576167,1.3628820294542265e-12,1.6797764558802504e-12,-1.3657130981670207e-12,0.29220399096117683,0.18651778690992546,0.022445943167395527
time_dependent,prepared,0.01,0.0005,0.809,0.21931971944926218,0.40547138324421234,1.3570256029993288e-12,1.6733925735268619e-12,-1.3577472479653352e-12,0.29231365082090144,0.18642471107802477,0.022423543302103225
time_dependent,prepared,0.01,0.0005,0.8095,0.2192097951486304,0.40526923451362895,1.3702095014167526e-12,1.6904928683506532e-12,-1.3697376566312869e-12,0.29242325571847577,0.18633168135834402,0.022401165723580013
time_dependent,prepared,0.01,0.0005,0.81,0.21909992717427781,0.40506718512341966,1.359107271170501e-12,1.6776319103139833e-12,-1.36038402764882e-12,0.2925328056820629,0.18623869772936893,0.022378810409942815
time_dependent,prepared,0.01,0.0005,0.8105,0.21899011549121047,0.4048652350310985,1.3497813977636497e-12,1.6669514704784671e-12,-1.3462286840848492e-12,0.2926423007398085,0.1861457601695976,0.022356477339329064
time_dependent,prepared,0.01,0.0005,0.811,0.2188803600645005,0.4046633841941794,1.3803680420920728e-12,1.7055756661039328e-12,-1.3789525077356757e-12,0.29275174091984074,0.1860528686575313,0.022334166489895654
time_dependent,prepared,0.01,0.0005,0.8115,0.2187706608591435,0.4044616325701883,1.328659404720156e-12,1.642503636593274e-12,-1.3298806500472438e-12,0.29286112625027033,0.18596002317167498,0.02231187783981972
time_dependent,prepared,0.01,0.0005,0.812,0.21866101784039907,0.4042599801166029,1.4033774142774291e-12,1.7357362629244298e-12,-1.3992973446619317e-12,0.29297045675919053,0.18586722369053668,0.022289611367298144
time_dependent,prepared,0.01,0.0005,0.8125,0.21855143097337001,0.40405842679089493,1.3997414338717817e-12,1.7321027617049803e-12,-1.3998802117498599e-12,0.2930797324746772,0.18577447019262844,0.022267367050548336
time_dependent,prepared,0.01,0.0005,0.8130000000000001,0.21844190022324467,0.4038569725505512,1.3143375277024916e-12,1.6272314421113974e-12,-1.3141154830975665e-12,0.29318895342478885,0.1856817626564634,0.022245144867806953
time_dependent,prepared,0.01,0.0005,0.8135,0.2183324255554562,0.4036556173530175,1.3805345755457665e-12,1.7100400888711743e-12,-1.3777867735598193e-12,0.2932981196375666,0.1855891010605641,0.022222944797331525
time_dependent,prepared,0.01,0.0005,0.8140000000000001,0.21822300693525004,0.40345436115574507,1.3868906023617456e-12,1.7187701210942939e-12,-1.3861689573957392e-12,0.29340723114103423,0.18549648538345498,0.022200766817398056
time_dependent,prepared,0.01,0.0005,0.8145,0.2181136443279802,0.4032532039161759,1.3541390231353034e-12,1.6790183065904594e-12,-1.3569978474237132e-12,0.29351628796319823,0.18540391560365924,0.022178610906303946
time_dependent,prepared,0.01,0.0005,0.8150000000000001,0.21800433769916677,0.40305214559170705,1.3533896225936815e-12,1.6789262101613975e-12,-1.352667977627675e-12,0.2936252901320478,0.18531139169970942,0.022156477042366007
time_dependent,prepared,0.01,0.0005,0.8155,0.21789508701424842,0.40285118613976867,1.3521406216909782e-12,1.6782135292256352e-12,-1.3526124664764438e-12,0.2937342376755549,0.1852189136501465,0.02213436520392067
time_dependent,prepared,0.01,0.0005,0.8160000000000001,0.21778589223878736,0.40265032551777097,1.3727075032221592e-12,1.7045900825420228e-12,-1.3747336602421e-12,0.2938431306216743,0.18512648143350688,0.022112275369324527
time_dependent,prepared,0.01,0.0005,0.8165,0.2176767533383288,0.4024495636830729,1.3635759188446173e-12,1.694095412060276e-12,-1.3576639812384883e-12,0.2939519689983434,0.18503409502833393,0.022090207516953914
time_dependent,prepared,0.01,0.0005,0.8170000000000001,0.2175676702785219,0.40224890059309737,1.34736666268509e-12,1.6747922252816647e-12,-1.3480883076510963e-12,0.29406075283348265,0.18494175441317565,0.02206816162520525
time_dependent,prepared,0.01,0.0005,0.8175,0.21745864302506632,0.4020483362051667,1.3570256029993288e-12,1.6876398691332274e-12,-1.3567480472431726e-12,0.29416948215499517,0.18484945956658502,0.022046137672494717
time_dependent,prepared,0.01,0.0005,0.8180000000000001,0.21734967154365897,0.4018478704766746,1.339067745576017e-12,1.6661376654620254e-12,-1.3371803664341542e-12,0.294278156990767,0.18475721046711827,0.022024135637258174
time_dependent,prepared,0.01,0.0005,0.8185,0.21724075580009172,0.401647503364952,1.3188339309522235e-12,1.6417803171948466e-12,-1.314753861336726e-12,0.29438677736866703,0.18466500709333483,0.022002155497951825
time_dependent,prepared,0.01,0.0005,0.8190000000000001,0.21713189576020278,0.4014472348273583,1.3182788194399109e-12,1.6419079583455967e-12,-1.3229695117189522e-12,0.29449534331654714,0.1845728494238023,0.02198019723305064
time_dependent,prepared,0.01,0.0005,0.8195,0.21702309138989942,0.401247064821195,1.3786749519795194e-12,1.7179875852693407e-12,-1.376010416720419e-12,0.2946038548622421,0.18448073743708404,0.02195826082105099
time_dependent,prepared,0.01,0.0005,0.8200000000000001,0.21691434265501724,0.40104699330379906,1.3654910535620957e-12,1.7024077930505656e-12,-1.3667122988891833e-12,0.2947123120335696,0.1843886711117601,0.021936346240467502
time_dependent,prepared,0.01,0.0005,0.8205,0.21680564952158896,0.4008470202324826,1.3662682096793333e-12,1.7042264763307941e-12,-1.3679612997918866e-12,0.2948207148583304,0.18429665042640314,0.021914453469835754
time_dependent,prepared,0.01,0.0005,0.8210000000000001,0.2166970119556006,0.4006471455645316,1.3832546219560982e-12,1.7262753987734472e-12,-1.3807843757263072e-12,0.2949290633643082,0.18420467535959884,0.021892582487710453
time_dependent,prepared,0.01,0.0005,0.8215,0.21658842992310662,0.40044736925725777,1.3763712392034222e-12,1.7185419918651537e-12,-1.378175351618438e-12,0.29503735757926974,0.18411274588993037,0.021870733272666126
time_dependent,prepared,0.01,0.0005,0.8220000000000001,0.21647990339024442,0.40024769126792725,1.3580248037214915e-12,1.69648049613623e-12,-1.362771007151764e-12,0.29514559753096486,0.1840208619959916,0.02184890580329722
time_dependent,prepared,0.01,0.0005,0.8225,0.21637143232317024,0.40004811155381764,1.3506695761833498e-12,1.6881339233610743e-12,-1.3550827127062348e-12,0.2952537832471265,0.18392902365637578,0.021827100058218404
time_dependent,prepared,0.01,0.0005,0.8230000000000001,0.2162630166880764,0.3998486300721893,1.3566925360919413e-12,1.696507670721168e-12,-1.3572754031798695e-12,0.2953619147554705,0.1838372308496821,0.021805316016063045
time_dependent,prepared,0.01,0.0005,0.8235,0.21615465645122378,0.39964924678031205,1.3840317780733358e-12,1.7315580965322624e-12,-1.3824774658388606e-12,0.2954699920836961,0.18374548355451806,0.02178355365548507
time_dependent,prepared,0.01,0.0005,0.8240000000000001,0.21604635157889876,0.3994499616354295,1.3755108163593377e-12,1.7217561002200978e-12,-1.3751777494519501e-12,0.29557801525948557,0.18365378174948704,0.021761812955157667
time_dependent,prepared,0.01,0.0005,0.8245,0.21593810203743202,0.39925077459477026,1.3520851105397469e-12,1.6932780054212675e-12,-1.350808354061428e-12,0.2956859843105043,0.1835621254132097,0.02174009389377414
time_dependent,prepared,0.01,0.0005,0.8250000000000001,0.21582990779324826,0.3990516856155842,1.3597734049852761e-12,1.703755997027489e-12,-1.3622714067906827e-12,0.2957938992644009,0.18347051452429716,0.021718396450046588
time_dependent,prepared,0.01,0.0005,0.8255,0.21572176881275582,0.39885269465508366,1.357608470087257e-12,1.7018920622549226e-12,-1.3551937350086973e-12,0.2959017601488073,0.18337894906137617,0.021696720602708816
time_dependent,prepared,0.01,0.0005,0.8260000000000001,0.2156136850624463,0.3986538016704896,1.3811174426336947e-12,1.732226604693056e-12,-1.3786749519795194e-12,0.2960095669913385,0.18328742900307177,0.021675066330511326
time_dependent,prepared,0.01,0.0005,0.8265,0.2155056565088184,0.3984550066190055,1.3332113191211192e-12,1.6729759909801786e-12,-1.3360423878339134e-12,0.29611731981959294,0.18319595432801533,0.02165343361222721
time_dependent,prepared,0.01,0.0005,0.8270000000000001,0.21539768311847246,0.3982563094578302,1.3228029782652584e-12,1.6607432786989254e-12,-1.3221090888748677e-12,0.2962250186611522,0.18310452501484517,0.02163182242664726
time_dependent,prepared,0.01,0.0005,0.8275,0.21528976485805246,0.39805771014416763,1.3584688929313415e-12,1.706371787695076e-12,-1.360161983043895e-12,0.29633266354358123,0.18301314104220015,0.021610232752582875
time_dependent,prepared,0.01,0.0005,0.8280000000000001,0.2151819016941329,0.39785920863519025,1.318944953254686e-12,1.6575523760993078e-12,-1.3179179969569077e-12,0.2964402544944283,0.18292180238872974,0.021588664568864394
time_dependent,prepared,0.01,0.0005,0.8285,0.215074093593505,0.39766080488808175,1.3113676811116193e-12,1.6488520681319476e-12,-1.3065104553788842e-12,0.29654779154122507,0.18283050903308176,0.02156711785434224
time_dependent,prepared,0.01,0.0005,0.8290000000000001,0.21496634052290947,0.39746249886002794,1.357830514692182e-12,1.7081240602374943e-12,-1.3558321132478568e-12,0.2966552747114865,0.1827392609539126,0.021545592587886332
time_dependent,prepared,0.01,0.0005,0.8295,0.21485864244909578,0.39726429050817536,1.3278544930273029e-12,1.6712482404679632e-12,-1.3301582058034e-12,0.29676270403271104,0.18264805812988216,0.021524088748386305
time_dependent,prepared,0.01,0.0005,0.8300000000000001,0.21475099933891748,0.39706617978968667,1.3100631690576847e-12,1.6496786124537505e-12,-1.3137546606145634e-12,0.2968700795323805,0.1825569005396574,0.021502606314751375
time_dependent,prepared,0.01,0.0005,0.8305,0.214643411159309,0.3968681666617187,1.3416490141082704e-12,1.6902955777372707e-12,-1.3391232567272482e-12,0.2969774012379601,0.18246578816190373,0.021481145265909832
time_dependent,prepared,0.01,0.0005,0.8310000000000001,0.21453587787713768,0.39667025108141635,1.3414824806545766e-12,1.690929023534172e-12,-1.3436474155525957e-12,0.2970846691768987,0.1823747209753011,0.021459705580809965
time_dependent,prepared,0.01,0.0005,0.8315,0.21442839945937905,0.3964724330059111,1.3212209104551675e-12,1.6662203982707514e-12,-1.3188339309522235e-12,0.2971918833766284,0.1822836989585272,0.02143828723841964
time_dependent,prepared,0.01,0.0005,0.8320000000000001,0.21432097587312143,0.39627471239235196,1.3405387910836453e-12,1.6914261106750978e-12,-1.3432310819183613e-12,0.29729904386456496,0.18219272209026735,0.021416890217725883
time_dependent,prepared,0.01,0.0005,0.8325,0.2142136070853454,0.39607708919784224,1.341676769683886e-12,1.6937066120118856e-12,-1.3406220578104922e-12,0.29740615066810766,0.18210179034921062,0.021395514497736204
time_dependent,prepared,0.01,0.0005,0.833,0.21410629306314546,0.39587956337952823,1.3118950370483162e-12,1.6569370566224883e-12,-1.3097301021502972e-12,0.29751320381463925,0.1820109037140511,0.02137416005747584
time_dependent,prepared,0.01,0.0005,0.8335,0.21399903377373078,0.395682134894517,1.3118950370483162e-12,1.6577637974429569e-12,-1.3129775044973258e-12,0.2976202033315261,0.18192006216349008,0.021352826875991354
time_dependent,prepared,0.01,0.0005,0.834,0.21389182918428015,0.3954848036999046,1.3316292513110284e-12,1.6835403520576636e-12,-1.3305745394376345e-12,0.29772714924611826,0.1818292656762321,0.02133151493234783
time_dependent,prepared,0.01,0.0005,0.8345,0.21378467926200095,0.39528756975281326,1.3351819649898289e-12,1.6888742110237725e-12,-1.3362366768632228e-12,0.2978340415857493,0.18173851423098578,0.021310224205630102
time_dependent,prepared,0.01,0.0005,0.835,0.21367758397416814,0.39509043301033275,1.3175294188982889e-12,1.6673770215813286e-12,-1.3175571744739045e-12,0.29794088037773636,0.18164780780646633,0.021288954674942052
time_dependent,prepared,0.01,0.0005,0.8355,0.2135705432881295,0.39489339342955415,1.362326917941914e-12,1.7249299945335656e-12,-1.3619105843076795e-12,0.2980476656493804,0.18155714638139578,0.021267706319407883
time_dependent,prepared,0.01,0.0005,0.836,0.21346355717121007,0.3946964509675718,1.327687959573609e-12,1.681910182263659e-12,-1.3247458685583524e-12,0.298154397427966,0.1814665299344969,0.021246479118170167
time_dependent,prepared,0.01,0.0005,0.8365,0.21335662559083693,0.3944996055814793,1.3445633495479115e-12,1.7041377615115464e-12,-1.3471723736557806e-12,0.29826107574076144,0.18137595844450097,0.021225273050391784
time_dependent,prepared,0.01,0.0005,0.837,0.21324974851444117,0.3943028572283278,1.326577736548984e-12,1.6821812373763435e-12,-1.3279377597541497e-12,0.29836770061501866,0.181285431890144,0.02120408809525445
time_dependent,prepared,0.01,0.0005,0.8375,0.21314292590950706,0.3941062058652218,1.3183898417423734e-12,1.6726326839306826e-12,-1.318417597317989e-12,0.2984742720779734,0.18119495025016483,0.021182924231959697
time_dependent,prepared,0.01,0.0005,0.838,0.21303615774359397,0.39390965144921997,1.3315737401597971e-12,1.6902019730394997e-12,-1.3340994975408194e-12,0.2985807901568452,0.18110451350331194,0.02116178143972853
time_dependent,prepared,0.01,0.0005,0.8385,0.2129294439842272,0.3937131939373742,1.3060108550178029e-12,1.6585815196523194e-12,-1.3041512314515558e-12,0.2986872548788373,0.18101412162833588,0.021140659697799966
time_dependent,prepared,0.01,0.0005,0.839,0.2128227845990898,0.3935168332867735,1.345423772391996e-12,1.709486937512054e-12,-1.3455903058456897e-12,0.29879366627113685,0.18092377460398953,0.021119558985434363
time_dependent,prepared,0.01,0.0005,0.8395,0.21271617955577085,0.3933205694544375,1.3442857937917552e-12,1.7088933279717282e-12,-1.3422318811961986e-12,0.29890002436091473,0.18083347240903977,0.021098479281910467
time_dependent,prepared,0.01,0.0005,0.84,0.21260962882195886,0.39312440239746327,1.3203327320354674e-12,1.6792810672413376e-12,-1.32133193275763e-12,0.2990063291753257,0.18074321502225044,0.02107742056652593
time_dependent,prepared,0.01,0.0005,0.8405,0.21250313236545806,0.3929283320728574,1.3457290837237679e-12,1.7124357979255315e-12,-1.345340505665149e-12,0.2991125807415084,0.1806530024223961,0.02105638281859873
time_dependent,prepared,0.01,0.0005,0.841,0.2123966901539896,0.3927323584376877,1.3064826998032686e-12,1.6633244902436357e-12,-1.3055667658079528e-12,0.2992187790865854,0.18056283458825406,0.021035366017465487
time_dependent,prepared,0.01,0.0005,0.8415,0.2122903021553971,0.3925364814490005,1.308925190457444e-12,1.6672656584981912e-12,-1.3097578577259128e-12,0.2993249242376631,0.18047271149860644,0.021014370142482235
time_dependent,prepared,0.01,0.0005,0.842,0.21218396833755795,0.3923407010638147,1.324995668738893e-12,1.6885778930709813e-12,-1.3286316491445405e-12,0.2994310162218319,0.18038263313224387,0.020993395173024745
time_dependent,prepared,0.01,0.0005,0.8425,0.21207768866832538,0.39214501723917183,1.3141154830975665e-12,1.6755478526122354e-12,-1.3133660825559446e-12,0.29953705506616607,0.18029259946795734,0.02097244108848668
time_dependent,prepared,0.01,0.0005,0.843,0.21197146311569381,0.39194942993210957,1.332184362823341e-12,1.6994339844451716e-12,-1.3295475831398562e-12,0.2996430407977239,0.1802026104845485,0.020951507868283224
time_dependent,prepared,0.01,0.0005,0.8435,0.2118652916475846,0.39175393909965917,1.3341827642676662e-12,1.7028326088202889e-12,-1.3366530104974572e-12,0.29974897344354773,0.1801126661608229,0.020930595491846497
time_dependent,prepared,0.01,0.0005,0.844,0.21175917423205226,0.39155854469882445,1.3061218773202654e-12,1.667850050779403e-12,-1.3077872118572031e-12,0.2998548530306638,0.18002276647558801,0.02090970393862894
time_dependent,prepared,0.01,0.0005,0.8445,0.21165311083719973,0.3913632466866477,1.3468115511727774e-12,1.72066687734836e-12,-1.3439804824599833e-12,0.29996067958608236,0.17993291140766068,0.02088883318810348
time_dependent,prepared,0.01,0.0005,0.845,0.2115471014310476,0.3911680450201414,1.3191114867083797e-12,1.68611866881692e-12,-1.3155865286051949e-12,0.30006645313679786,0.17984310093586728,0.02086798321975918
time_dependent,prepared,0.01,0.0005,0.8455,0.21144114598181799,0.3909729396563194,1.342204125620583e-12,1.7164923572436104e-12,-1.340261235327489e-12,0.30017217370978877,0.17975333503902785,0.02084715401310746
time_dependent,prepared,0.01,0.0005,0.846,0.21133524445759316,0.39077793055219606,1.2843615060376123e-12,1.6433393567295505e-12,-1.2829459716812153e-12,0.30027784133201757,0.17966361369598058,0.020826345547676452
time_dependent,prepared,0.01,0.0005,0.8465,0.2112293968267043,0.39058301766479125,1.3040124535734776e-12,1.6693153498681287e-12,-1.3063161663495748e-12,0.30038345603043093,0.17957393688556209,0.020805557803015417
time_dependent,prepared,0.01,0.0005,0.847,0.21112360305734826,0.3903882009510973,1.2972123375476485e-12,1.6614389656054065e-12,-1.2998213616555176e-12,0.3004890178319596,0.17948430458661227,0.02078479075869184
time_dependent,prepared,0.01,0.0005,0.8475,0.2110178631178599,0.3901934803681288,1.312588926438707e-12,1.6819718837922851e-12,-1.3091749906379846e-12,0.3005945267635185,0.17939471677798857,0.02076404439429192
time_dependent,prepared,0.01,0.0005,0.848,0.210912176976521,0.38999885587290445,1.2808087923588118e-12,1.642067371569556e-12,-1.2835010831935278e-12,0.3006999828520068,0.17930517343853933,0.02074331868942176
time_dependent,prepared,0.01,0.0005,0.8485,0.21080654460179885,0.38980432742238974,1.327993270905381e-12,1.703410118205426e-12,-1.324773624133968e-12,0.3008053861243077,0.17921567454712947,0.020722613623706233
time_dependent,prepared,0.01,0.0005,0.849,0.21070096596205054,0.3896098949736282,1.3445633495479115e-12,1.7255251559211578e-12,-1.3428980150109737e-12,0.30091073660728873,0.17912622008262247,0.020701929176790052
time_dependent,prepared,0.01,0.0005,0.8495,0.2105954410257016,0.3894155584835886,1.3168910406591294e-12,1.6908557092389536e-12,-1.310868080750538e-12,0.3010160343278016,0.17903681002389402,0.02068126532833555
time_dependent,prepared,0.01,0.0005,0.85,0.2104899697613314,0.38922131790928777,1.3320733405208784e-12,1.7112029573224107e-12,-1.3351819649898289e-12,0.3011212793126823,0.1789474443498171,0.020660622058025657
time_dependent,prepared,0.01,0.0005,0.8505,0.2103845521373911,0.38902717320770613,1.3489487304951808e-12,1.733746153732843e-12,-1.3458123504506148e-12,0.301226471588751,0.17885812303928122,0.020639999345561485
time_dependent,prepared,0.01,0.0005,0.851,0.21027918812249116,0.38883312433584216,1.3168632850835138e-12,1.693352755543385e-12,-1.3183620861667578e-12,0.3013316111828122,0.17876884607117474,0.020619397170662978
time_dependent,prepared,0.01,0.0005,0.8515,0.21017387768527376,0.38863917125069103,1.3543333121646128e-12,1.7424045391562482e-12,-1.3562762024577069e-12,0.30143669812165486,0.17867961342438962,0.020598815513070495
time_dependent,prepared,0.01,0.0005,0.852,0.21006862079429017,0.38844531390923714,1.303984697997862e-12,1.6784662490488405e-12,-1.3035961199392432e-12,0.301541732432052,0.17859042507783396,0.02057825435254198
time_dependent,prepared,0.01,0.0005,0.8525,0.20996341741834357,0.3882515522684772,1.3260226250366713e-12,1.7076848982144675e-12,-1.3232193118994928e-12,0.30164671414076116,0.17850128101040783,0.02055771366885527
time_dependent,prepared,0.01,0.0005,0.853,0.20985826752605702,0.3880578862854089,1.2993772724456676e-12,1.6742054708402783e-12,-1.2974621377281892e-12,0.3017516432745242,0.17841218120102686,0.020537193441806323
time_dependent,prepared,0.01,0.0005,0.8535,0.20975317108627747,0.3878643159170047,1.3273548926662215e-12,1.7111072586372937e-12,-1.3245238239534274e-12,0.30185651986006734,0.17832312562860908,0.020516693651211355
time_dependent,prepared,0.01,0.0005,0.854,0.20964812806774877,0.38767084112026023,1.3129497489217101e-12,1.6933821294444398e-12,-1.31669675162982e-12,0.30196134392410123,0.17823411427208294,0.02049621427690452
time_dependent,prepared,0.01,0.0005,0.8545,0.20954313843933997,0.3874774618521523,1.3180845304106015e-12,1.7008531594429793e-12,-1.318861686527839e-12,0.3020661154933209,0.1781451471103774,0.020475755298739157
time_dependent,prepared,0.01,0.0005,0.855,0.20943820216984785,0.38728417806968307,1.2878864641407972e-12,1.662715051461423e-12,-1.2841394614326873e-12,0.30217083459440586,0.17805622412242464,0.020455316696587966
time_dependent,prepared,0.01,0.0005,0.8555,0.20933331922831158,0.38709098972982686,1.3168910406591294e-12,1.7010096793728314e-12,-1.311090125355463e-12,0.30227550125402003,0.17796734528717495,0.020434898450342423
time_dependent,prepared,0.01,0.0005,0.856,0.20922848958359863,0.38689789678958275,1.3110346142042317e-12,1.694290179761595e-12,-1.3142542609756447e-12,0.30238011549881183,0.17787851058357113,0.020414500539912693
time_dependent,prepared,0.01,0.0005,0.8565,0.20912371320469475,0.38670489920591705,1.3213596883332457e-12,1.7084858390006788e-12,-1.3241630014704242e-12,0.3024846773554142,0.17778971999056822,0.020394122945228143
time_dependent,prepared,0.01,0.0005,0.857,0.20901899006063665,0.3865119969358258,1.317446152171442e-12,1.7042758861478985e-12,-1.3185841307716828e-12,0.3025891868504445,0.1777009734871324,0.02037376564623632
time_dependent,prepared,0.01,0.0005,0.8575,0.20891432012044528,0.38631918993629105,1.2653766923165222e-12,1.6377347091185487e-12,-1.264710558501747e-12,0.30269364401050475,0.17761227105222405,0.020353428622905175
time_dependent,prepared,0.01,0.0005,0.858,0.20880970335331547,0.38612647816429807,1.3043732760564808e-12,1.6890492491676038e-12,-1.3001821841385208e-12,0.3027980488621814,0.1775236126648166,0.020333111855220246
time_dependent,prepared,0.01,0.0005,0.8585,0.20870513972829696,0.3859338615768365,1.3130885267997883e-12,1.7011833600614604e-12,-1.3112566588091568e-12,0.30290240143204555,0.1774349983038927,0.020312815323186094
time_dependent,prepared,0.01,0.0005,0.859,0.20860062921457856,0.3857413401308908,1.3090362127599064e-12,1.6967797803490541e-12,-1.3132273046778664e-12,0.30300670174665284,0.17734642794843217,0.020292539006826506
time_dependent,prepared,0.01,0.0005,0.8595,0.20849617178135174,0.3855489137834326,1.3057332992616466e-12,1.6933432472239845e-12,-1.3044565427833277e-12,0.3031109498325435,0.17725790157743063,0.020272282886183938
time_dependent,prepared,0.01,0.0005,0.86,0.20839176739788265,0.38535658249146326,1.304290009329634e-12,1.6923157259890848e-12,-1.3030965195781619e-12,0.3032151457162424,0.17716941916988355,0.0202520469413199
time_dependent,prepared,0.01,0.0005,0.8605,0.20828741603342107,0.3851643462119691,1.2810308369637369e-12,1.6629665356624305e-12,-1.2832790385886028e-12,0.3033192894242591,0.1770809807047938,0.02023183115231437
time_dependent,prepared,0.01,0.0005,0.861,0.20818311765731112,0.38497220490193074,1.3067324999838092e-12,1.697177722628668e-12,-1.3077039451303563e-12,0.3034233809830878,0.176992586161171,0.020211635499266193
time_dependent,prepared,0.01,0.0005,0.8615,0.2080788722388955,0.3847801585183377,1.311312169960388e-12,1.7039758170062447e-12,-1.3084533456719782e-12,0.30352742041920727,0.17690423551803222,0.02019145996229331
time_dependent,prepared,0.01,0.0005,0.862,0.20797467974752257,0.38458820701818236,1.2917444891513696e-12,1.6793865042878575e-12,-1.2888579092873442e-12,0.30363140775908104,0.1768159287543955,0.020171304521532017
time_dependent,prepared,0.01,0.0005,0.8625,0.2078705401526505,0.3843963503584565,1.311090125355463e-12,1.705388362988634e-12,-1.3104239915406879e-12,0.3037353430291574,0.17672766584929273,0.02015116915713765
time_dependent,prepared,0.01,0.0005,0.863,0.20776645342371358,0.3842045884961495,1.2811141036905838e-12,1.667229051978497e-12,-1.2840006835546092e-12,0.30383922625586923,0.1766394467817551,0.020131053849284045
time_dependent,prepared,0.01,0.0005,0.8635,0.20766241953020953,0.38401292138823995,1.2671530491559224e-12,1.6498833484208861e-12,-1.2641554469894345e-12,0.3039430574656343,0.1765512715308245,0.020110958578164063
time_dependent,prepared,0.01,0.0005,0.864,0.20755843844168154,0.3838213489917385,1.2778944569191708e-12,1.6646995539382432e-12,-1.2776169011630145e-12,0.30404683668485516,0.17646314007554684,0.02009088332398947
time_dependent,prepared,0.01,0.0005,0.8645,0.20745451012768554,0.38362987126363973,1.2939926907762356e-12,1.686511906009517e-12,-1.2930490012053042e-12,0.304150563939919,0.1763750523949814,0.020070828066989847
time_dependent,prepared,0.01,0.0005,0.865,0.20735063455781358,0.3834384881609278,1.3119505481995475e-12,1.7107705521291878e-12,-1.310562769418766e-12,0.3042542392571979,0.17628700846817852,0.020050792787414343
time_dependent,prepared,0.01,0.0005,0.8655,0.2072468117016768,0.38324719964060766,1.307343122647353e-12,1.7056134054874923e-12,-1.308841923730597e-12,0.30435786266304876,0.17619900827420792,0.020030777465530617
time_dependent,prepared,0.01,0.0005,0.866,0.20714304152894597,0.3830560056596806,1.2970735596695704e-12,1.6930599448945028e-12,-1.3008205623776803e-12,0.3044614341838132,0.17611105179214193,0.020010782081624753
time_dependent,prepared,0.01,0.0005,0.8665,0.20703932400931552,0.3828649061751421,1.282224326715209e-12,1.6745127406982903e-12,-1.2836953722228372e-12,0.3045649538458179,0.17602313900105832,0.01999080661600169
time_dependent,prepared,0.01,0.0005,0.867,0.2069356591125588,0.38267390114398897,1.27212129719112e-12,1.662147971662096e-12,-1.268235516604932e-12,0.30466842167537417,0.17593526988004152,0.019970851048984672
time_dependent,prepared,0.01,0.0005,0.8675,0.20683204680840983,0.382482990523254,1.2684020500586257e-12,1.6581156306079012e-12,-1.272343341796045e-12,0.30477183769877836,0.1758474444081834,0.019950915360916147
time_dependent,prepared,0.01,0.0005,0.868,0.20672848706673302,0.3822921742699102,1.318500864044836e-12,1.724467505201479e-12,-1.3186673974985297e-12,0.3048752019423117,0.1757596625645818,0.01993099953215667
time_dependent,prepared,0.01,0.0005,0.8685,0.206624979857289,0.38210145234098275,1.3208600879721644e-12,1.7284154245914273e-12,-1.3199996651280799e-12,0.30497851443224033,0.1756719243283403,0.019911103543086145
time_dependent,prepared,0.01,0.0005,0.869,0.20652152514993746,0.38191082469348164,1.2934930904151543e-12,1.6934491074599814e-12,-1.2886913758336505e-12,0.3050817751948153,0.17558422967856782,0.019891227374101695
time_dependent,prepared,0.01,0.0005,0.8695,0.20641812291467126,0.3817202912844271,1.322081333299252e-12,1.7317409677756095e-12,-1.3206935545184706e-12,0.3051849842562726,0.17549657859438011,0.01987137100562015
time_dependent,prepared,0.01,0.0005,0.87,0.20631477312136165,0.3815298520708178,1.296435181430411e-12,1.698995733088233e-12,-1.2963796702791797e-12,0.3052881416428333,0.17540897105490386,0.019851534418077018
time_dependent,prepared,0.01,0.0005,0.8705,0.20621147574002255,0.38133950700968566,1.3037348978173213e-12,1.709414935838236e-12,-1.3020140521291523e-12,0.30539124738070333,0.17532140703927043,0.019831717591925244
time_dependent,prepared,0.01,0.0005,0.871,0.2061082307406056,0.3811492560580453,1.258132487080843e-12,1.6504459435271275e-12,-1.2605749777350184e-12,0.30549430149607365,0.1752338865266125,0.019811920507637484
time_dependent,prepared,0.01,0.0005,0.8715,0.206005038093235,0.38095909917292775,1.2956580253131733e-12,1.7005211689704717e-12,-1.2987666497821237e-12,0.30559730401512025,0.17514640949606874,0.019792143145704204
time_dependent,prepared,0.01,0.0005,0.872,0.20590189776789503,0.38076903631134523,1.2612133559741778e-12,1.6561395960526931e-12,-1.2604361998569402e-12,0.3057002549640042,0.17505897592679817,0.01977238548663475
time_dependent,prepared,0.01,0.0005,0.8725,0.20579880973480938,0.3805790674303392,1.3111456365066942e-12,1.7225666736708087e-12,-1.313033015648557e-12,0.3058031543688716,0.17497158579794983,0.019752647510956598
time_dependent,prepared,0.01,0.0005,0.873,0.20569577396397565,0.3803891924869365,1.2853051956085437e-12,1.6894607168032421e-12,-1.286110107301397e-12,0.3059060022558536,0.17488423908868594,0.019732929199216244
time_dependent,prepared,0.01,0.0005,0.8735,0.2055927904256551,0.38019941143816793,1.2725931419765857e-12,1.6735864176652186e-12,-1.270705762834723e-12,0.30600879865106645,0.1747969357781815,0.01971323053197796
time_dependent,prepared,0.01,0.0005,0.874,0.2054898590900319,0.38000972424107704,1.2463363674442007e-12,1.6398743083893886e-12,-1.2476408794981353e-12,0.3061115435806115,0.1747096758456053,0.019693551489825017
time_dependent,prepared,0.01,0.0005,0.8745,0.20538697992740618,0.3798201308527091,1.3046230762370215e-12,1.717422235237845e-12,-1.3030965195781619e-12,0.3062142370705752,0.17462245927014147,0.01967389205335898
time_dependent,prepared,0.01,0.0005,0.875,0.20528415290797133,0.3796306312300976,1.2942980021080075e-12,1.7046806759401289e-12,-1.2964629370060266e-12,0.3063168791470292,0.1745352860309786,0.019654252203199985
time_dependent,prepared,0.01,0.0005,0.8755000000000001,0.20518137800202543,0.37944122533029656,1.2758127887479986e-12,1.6811731350952737e-12,-1.2792822356999523e-12,0.30641946983603024,0.17444815610731568,0.019634631919985806
time_dependent,prepared,0.01,0.0005,0.876,0.20507865517997234,0.3792519131103564,1.2692902284783258e-12,1.6734130858647219e-12,-1.2731482534888983e-12,0.3065220091636202,0.17436106947834917,0.019615031184373834
time_dependent,prepared,0.01,0.0005,0.8765000000000001,0.20497598441215328,0.3790626945273263,1.296879270640261e-12,1.7106395450694391e-12,-1.2943257576836231e-12,0.3066244971558263,0.17427402612329068,0.019595449977039103
time_dependent,prepared,0.01,0.0005,0.877,0.20487336566892186,0.378873569538277,1.2531642390456454e-12,1.6538026663759765e-12,-1.253497305953033e-12,0.30672693383866073,0.17418702602135644,0.019575888278674795
time_dependent,prepared,0.01,0.0005,0.8775000000000001,0.20477079892080996,0.37868453810025865,1.2837231277984529e-12,1.6949769513119185e-12,-1.2805589921782712e-12,0.3068293192381211,0.17410006915176435,0.019556346069993315
time_dependent,prepared,0.01,0.0005,0.878,0.20466828413820717,0.37849560017034434,1.2604639554325558e-12,1.6650972360883156e-12,-1.2596035325884714e-12,0.30693165338019024,0.17401315549374882,0.019536823331724337
time_dependent,prepared,0.01,0.0005,0.8785000000000001,0.2045658212916464,0.3783067557055978,1.265543225770216e-12,1.6726415887124125e-12,-1.2636836022039688e-12,0.3070339362908361,0.17392628502653956,0.01951732004461711
time_dependent,prepared,0.01,0.0005,0.879,0.2044634103516734,0.37811800466310225,1.2874146193553315e-12,1.7023979332856787e-12,-1.2878587085651816e-12,0.3071361679960119,0.1738394577293855,0.019497836189437845
time_dependent,prepared,0.01,0.0005,0.8795000000000001,0.20436105128880364,0.37792934699991815,1.262989712813578e-12,1.6709336319570616e-12,-1.262628890330575e-12,0.3072383485216563,0.17375267358152705,0.019478371746971965
time_dependent,prepared,0.01,0.0005,0.88,0.20425874407368821,0.37774078267314304,1.2830292384080622e-12,1.6982932440155412e-12,-1.2828349493787528e-12,0.3073404778936932,0.17366593256222917,0.01945892669802323
time_dependent,prepared,0.01,0.0005,0.8805000000000001,0.20415648867691102,0.37755231163985586,1.2849721287011562e-12,1.701714026220417e-12,-1.2888301537117286e-12,0.3074425561380316,0.1735792346507457,0.01943950102341306
time_dependent,prepared,0.01,0.0005,0.881,0.2040542850691427,0.37736393385714134,1.2895240431021193e-12,1.7085947111046535e-12,-1.292244089512451e-12,0.30754458328056616,0.1734925798263503,0.01942009470398152
time_dependent,prepared,0.01,0.0005,0.8815000000000001,0.20395213322106095,0.37717564928209907,1.2644330027455908e-12,1.676185889982747e-12,-1.2668199822485349e-12,0.3076465593471767,0.17340596806832065,0.01940070772058703
time_dependent,prepared,0.01,0.0005,0.882,0.20385003310342362,0.37698745787182775,1.2589373987736963e-12,1.6697337968198682e-12,-1.2581047315052274e-12,0.3077484843637284,0.17331939935593463,0.019381340054105904
time_dependent,prepared,0.01,0.0005,0.8825000000000001,0.20374798468695063,0.3767993595834384,1.2660428261312973e-12,1.6799959898138017e-12,-1.2673195826096162e-12,0.3078503583560719,0.17323287366848625,0.019361991685433146
time_dependent,prepared,0.01,0.0005,0.883,0.20364598794243421,0.37661135437402676,1.2522760606259453e-12,1.6625574960496032e-12,-1.25446875109958e-12,0.3079521813500431,0.17314639098527168,0.019342662595481494
time_dependent,prepared,0.01,0.0005,0.8835000000000001,0.2035440428406902,0.3764234422007104,1.245337166722038e-12,1.6541705790681863e-12,-1.2438938767900254e-12,0.30805395337146346,0.17305995128558974,0.01932335276518203
time_dependent,prepared,0.01,0.0005,0.884,0.20344214935258811,0.3762356230205972,1.2592704656810838e-12,1.6735130708370445e-12,-1.2565226636951365e-12,0.3081556744461398,0.17297355454875427,0.01930406217548428
time_dependent,prepared,0.01,0.0005,0.8845000000000001,0.2033403074489844,0.37604789679083017,1.2668199822485349e-12,1.684386474512111e-12,-1.266209359584991e-12,0.30825734459986426,0.17288720075408123,0.019284790807355526
time_dependent,prepared,0.01,0.0005,0.885,0.2032385171007647,0.3758602634685206,1.2565504192707522e-12,1.6715659267528444e-12,-1.2571332863586804e-12,0.30835896385841466,0.17280088988089756,0.01926553864178149
time_dependent,prepared,0.01,0.0005,0.8855000000000001,0.20313677827889096,0.3756727230107991,1.2465306564735101e-12,1.6590646327489808e-12,-1.2485290579178354e-12,0.3084605322475541,0.172714621908532,0.019246305659765737
time_dependent,prepared,0.01,0.0005,0.886,0.20303509095435812,0.37548527537480436,1.278699368612024e-12,1.7027290448786122e-12,-1.2799483695147273e-12,0.30856204979303126,0.17262839681632094,0.0192270918423305
time_dependent,prepared,0.01,0.0005,0.8865000000000001,0.20293345509811395,0.37529792051768446,1.2534140392261861e-12,1.6698920653425668e-12,-1.2540801730409612e-12,0.3086635165205803,0.17254221458361194,0.019207897170515645
time_dependent,prepared,0.01,0.0005,0.887,0.20283187068122105,0.37511065839658586,1.2715106745275762e-12,1.6948474351015588e-12,-1.2744250099672172e-12,0.30876493245592096,0.17245607518975278,0.019188721625379192
time_dependent,prepared,0.01,0.0005,0.8875000000000001,0.20273033767471657,0.374923488968646,1.2446432773316474e-12,1.6598630306591274e-12,-1.242422831282397e-12,0.3088662976247583,0.17236997861410613,0.019169565187997537
time_dependent,prepared,0.01,0.0005,0.888,0.2026288560497453,0.3747364121910353,1.2657930259507566e-12,1.6889111716522165e-12,-1.2646828029261314e-12,0.30896761205278317,0.17228392483603275,0.019150427839464513
time_dependent,prepared,0.01,0.0005,0.8885000000000001,0.20252742577734212,0.37454942802092217,1.2420064976481626e-12,1.6580007933915806e-12,-1.2422285422530877e-12,0.3090688757656718,0.17219791383491148,0.019131309560892994
time_dependent,prepared,0.01,0.0005,0.889,0.20242604682874216,0.37436253641547645,1.2777556790410927e-12,1.7065752509231165e-12,-1.2813361482955088e-12,0.3091700887890862,0.172111945590118,0.01911221033341262
time_dependent,prepared,0.01,0.0005,0.8895000000000001,0.20232471917506464,0.3741757373318528,1.2543577287971175e-12,1.6761612307354623e-12,-1.2554679518217426e-12,0.3092712511486737,0.17202602008103834,0.01909313013817276
time_dependent,prepared,0.01,0.0005,0.89,0.20222344278756432,0.3739890307272461,1.2538581284360362e-12,1.6763300864676768e-12,-1.2551071293387395e-12,0.3093723628700675,0.17194013728706753,0.0190740689563391
time_dependent,prepared,0.01,0.0005,0.8905000000000001,0.20212221763745744,0.3738024165588322,1.2601031329495527e-12,1.6855203138435344e-12,-1.2586043318663087e-12,0.3094734239788862,0.17185429718760747,0.019055026769096265
time_dependent,prepared,0.01,0.0005,0.891,0.20202104369604532,0.37361589478381335,1.2783663017046365e-12,1.7108028854636322e-12,-1.2786716130364084e-12,0.30957443450073424,0.1717684997620627,0.01903600355764691
time_dependent,prepared,0.01,0.0005,0.8915000000000001,0.20191992093455485,0.3734294653593856,1.2431444762484034e-12,1.6644970356717054e-12,-1.2454759446001162e-12,0.3096753944612015,0.1716827449898486,0.01901699930321075
time_dependent,prepared,0.01,0.0005,0.892,0.2018188493243899,0.37324312824274875,1.2536638394067268e-12,1.679419853363338e-12,-1.2548573291581988e-12,0.3097763038858637,0.17159703285038885,0.018998013987026482
time_dependent,prepared,0.01,0.0005,0.8925000000000001,0.20171782883688025,0.3730568833911037,1.2449485886634193e-12,1.668577426242218e-12,-1.2465584120491258e-12,0.30987716280028216,0.17151136332311168,0.01897904759035041
time_dependent,prepared,0.01,0.0005,0.893,0.2016168594434228,0.3728707307616743,1.2531364834700298e-12,1.6803899851673855e-12,-1.2501111257279263e-12,0.30997797123000387,0.17142573638745234,0.018960100094456762
time_dependent,prepared,0.01,0.0005,0.8935000000000001,0.201515941115437,0.37268467031169045,1.260824777915559e-12,1.6915436538601793e-12,-1.2627121570574218e-12,0.31007872920056156,0.17134015202285133,0.01894117148063738
time_dependent,prepared,0.01,0.0005,0.894,0.20141507382437082,0.3724987019983558,1.2606582444618653e-12,1.6921646138585694e-12,-1.2583822872613837e-12,0.3101794367374737,0.17125461020876448,0.018922261730202658
time_dependent,prepared,0.01,0.0005,0.8945000000000001,0.20131425754166352,0.3723128257789279,1.247585368346904e-12,1.6754531162533812e-12,-1.2467804566540508e-12,0.31028009386624456,0.1711691109246457,0.01890337082448033
time_dependent,prepared,0.01,0.0005,0.895,0.2012134922388656,0.3721270416106392,1.2456702336294256e-12,1.6737163580424503e-12,-1.2458090115075038e-12,0.310380700612364,0.17108365414995866,0.018884498744816403
time_dependent,prepared,0.01,0.0005,0.8955000000000001,0.20111277788752266,0.3719413494507306,1.2670697824290755e-12,1.703319332870733e-12,-1.2686518502391664e-12,0.31048125700130774,0.1709982398641775,0.018865645472574025
time_dependent,prepared,0.01,0.0005,0.896,0.20101211445911865,0.3717557492564573,1.2284617767477357e-12,1.6522431451332395e-12,-1.2281842209915794e-12,0.3105817630585373,0.17091286804677788,0.01884681098913511
time_dependent,prepared,0.01,0.0005,0.8965,0.20091150192534213,0.37157024098507796,1.25072174839147e-12,1.6830219571319132e-12,-1.2495005030643824e-12,0.3106822188095,0.17082753867724618,0.018827995275898825
time_dependent,prepared,0.01,0.0005,0.897,0.2008109402577596,0.3713848245938746,1.2569667529049866e-12,1.6922699443594756e-12,-1.2586043318663087e-12,0.3107826242796289,0.17074225173507973,0.018809198314282474
time_dependent,prepared,0.01,0.0005,0.8975,0.20071042942800604,0.37119950004008523,1.224104151376082e-12,1.6488494074505418e-12,-1.2224943279903755e-12,0.3108829794943429,0.17065700719977128,0.018790420085720957
time_dependent,prepared,0.01,0.0005,0.898,0.20060996940782164,0.37101426728102815,1.24938948076192e-12,1.6837485656763905e-12,-1.246697189927204e-12,0.31098328447904683,0.17057180505083458,0.0187716605716669
time_dependent,prepared,0.01,0.0005,0.8985,0.20050956016884905,0.3708291262739654,1.2543299732215019e-12,1.6912506115993328e-12,-1.2577161534466086e-12,0.31108353925913124,0.17048664526778148,0.018752919753590752
time_dependent,prepared,0.01,0.0005,0.899,0.2004092016828461,0.3706440769761946,1.2482792577372948e-12,1.683932558586881e-12,-1.2447542996341099e-12,0.31118374385997266,0.17040152783013549,0.018734197612981424
time_dependent,prepared,0.01,0.0005,0.8995,0.20030889392159257,0.37045911934502634,1.2472245458639009e-12,1.6833497688852967e-12,-1.2523593273527922e-12,0.3112838983069335,0.17031645271742205,0.018715494131344112
time_dependent,prepared,0.01,0.0005,0.9,0.20020863685683565,0.3702742533377489,1.2399248294769905e-12,1.6743330359833394e-12,-1.239730540447681e-12,0.3113840026253619,0.1702314199091808,0.01869680929020344
time_dependent,prepared,0.01,0.0005,0.9005,0.20010843046046078,0.37008947891169935,1.2739809207573671e-12,1.7211795975685342e-12,-1.2752854328113017e-12,0.31148405684059216,0.17014642938495483,0.01867814307110013
time_dependent,prepared,0.01,0.0005,0.901,0.20000827470422916,0.36990479602417425,1.2402023852331467e-12,1.676380515420537e-12,-1.2420342532237783e-12,0.3115840609779443,0.17006148112429503,0.018659495455593828
time_dependent,prepared,0.01,0.0005,0.9015,0.1999081695600684,0.36972020463252,1.2413403638333875e-12,1.6787564599899572e-12,-1.2383982728181309e-12,0.3116840150627243,0.16997657510675748,0.018640866425261214
time_dependent,prepared,0.01,0.0005,0.902,0.1998081149998809,0.3695357046940716,1.235317403924796e-12,1.671445259863883e-12,-1.232708379816927e-12,0.31178391912022424,0.16989171131190828,0.018622255961697358
time_dependent,prepared,0.01,0.0005,0.9025,0.19970811099560806,0.3693512961661708,1.2364276269494212e-12,1.6737827100938127e-12,-1.2346235145344053e-12,0.311883773175722,0.16980688971932242,0.0186036640465139
time_dependent,prepared,0.01,0.0005,0.903,0.19960815751917202,0.3691669790061562,1.2403966742624561e-12,1.6799940742258092e-12,-1.2354839373784898e-12,0.3119835772544816,0.16972211030857978,0.018585090661341067
time_dependent,prepared,0.01,0.0005,0.9035,0.19950825454260251,0.3689827531714131,1.2601308885251683e-12,1.7075742398420654e-12,-1.2671252935803068e-12,0.3120833313817529,0.16963737305926452,0.018566535787826466
time_dependent,prepared,0.01,0.0005,0.904,0.19940840203786098,0.3687986186192741,1.2531087278944142e-12,1.6989064825998179e-12,-1.2540524174653456e-12,0.3121830355827719,0.169552677950974,0.018547999407634994
time_dependent,prepared,0.01,0.0005,0.9045,0.1993085999770054,0.368614575307134,1.2413126082577719e-12,1.6837541044347006e-12,-1.2435052987314066e-12,0.31228268988276037,0.1694680249633075,0.018529481502449728
time_dependent,prepared,0.01,0.0005,0.905,0.1992088483321236,0.36843062319235864,1.2337353361147052e-12,1.6743116050216367e-12,-1.2314038677629924e-12,0.31238229430692643,0.16938341407587681,0.018510982053970695
time_dependent,prepared,0.01,0.0005,0.9055,0.19910914707530558,0.3682467622323571,1.2403134075356093e-12,1.6840791756247744e-12,-1.2403966742624561e-12,0.3124818488804641,0.16929884526829783,0.01849250104391616
time_dependent,prepared,0.01,0.0005,0.906,0.1990094961786575,0.36806299238451307,1.2432277429752503e-12,1.6888790352418242e-12,-1.2446987884828786e-12,0.31258135362855344,0.1692143185201929,0.018474038454021412
time_dependent,prepared,0.01,0.0005,0.9065,0.19890989561434305,0.36787931360623094,1.2404244298380718e-12,1.6859121782037744e-12,-1.2405076965649187e-12,0.3126808085763606,0.16912983381119848,0.01845559426603991
time_dependent,prepared,0.01,0.0005,0.907,0.19881034535453906,0.36769572585492044,1.2440326546681035e-12,1.6916604779312146e-12,-1.24519838884396e-12,0.31278021374903786,0.16904539112094633,0.018437168461741767
time_dependent,prepared,0.01,0.0005,0.9075,0.19871084537144365,0.3675122290880138,1.2492507028838418e-12,1.6996042634849863e-12,-1.250055614576695e-12,0.3128795691717236,0.16896099042908755,0.018418761022915286
time_dependent,prepared,0.01,0.0005,0.908,0.19861139563725697,0.3673288232629257,1.2188305920091125e-12,1.659045676269568e-12,-1.2217726830243691e-12,0.31297887486954223,0.16887663171527387,0.018400371931366538
time_dependent,prepared,0.01,0.0005,0.9085,0.19851199612430664,0.36714550833709514,1.2420064976481626e-12,1.6914363235321292e-12,-1.2420897643750095e-12,0.3130781308676044,0.16879231495916835,0.01838200116891831
time_dependent,prepared,0.01,0.0005,0.909,0.1984126468048332,0.36696228426796795,1.2596035325884714e-12,1.7162574828350826e-12,-1.2596867993153182e-12,0.3131773371910068,0.16870804014043483,0.018363648717411064
time_dependent,prepared,0.01,0.0005,0.9095,0.19831334765115213,0.36677915101299696,1.2449485886634193e-12,1.6971365264668372e-12,-1.2430889650971721e-12,0.3132764938648324,0.16862380723875242,0.01834531455870303
time_dependent,prepared,0.01,0.0005,0.91,0.19821409863556858,0.3665961085296527,1.221855949751216e-12,1.6664878886055446e-12,-1.2259637749423291e-12,0.3133756009141502,0.16853961623380637,0.018326998674669998
time_dependent,prepared,0.01,0.0005,0.9105,0.19811489973052673,0.3664131567753802,1.2683465389073945e-12,1.730760093424709e-12,-1.2638778912332782e-12,0.31347465836401545,0.16845546710528192,0.018308701047204886
time_dependent,prepared,0.01,0.0005,0.911,0.19801575090830867,0.3662302957076871,1.2072565169773952e-12,1.6482204382389456e-12,-1.2088940959387173e-12,0.3135736662394696,0.1683713598328819,0.018290421658217735
time_dependent,prepared,0.01,0.0005,0.9115,0.19791665214143778,0.3660475252840284,1.2198575483068907e-12,1.666255696385777e-12,-1.2200240817605845e-12,0.3136726245655403,0.16828729439630774,0.018272160489637024
time_dependent,prepared,0.01,0.0005,0.912,0.19781760340229732,0.3658648454619201,1.2212453270876722e-12,1.6689842468244785e-12,-1.2228551504733787e-12,0.31377153336724145,0.16820327077528024,0.018253917523407447
time_dependent,prepared,0.01,0.0005,0.9125,0.1977186046633695,0.3656822561988535,1.2108369862318114e-12,1.6555861895188161e-12,-1.2106149416268863e-12,0.3138703926695731,0.16811928894951145,0.018235692741491973
time_dependent,prepared,0.01,0.0005,0.913,0.1976196558971528,0.3654997574523479,1.2107259639293488e-12,1.6562609676768283e-12,-1.2109202529586582e-12,0.3139692024975217,0.1680353488987346,0.018217486125870232
time_dependent,prepared,0.01,0.0005,0.9135,0.1975207570761711,0.3653173491799225,1.2379264280326652e-12,1.6943165042797848e-12,-1.2389533843304434e-12,0.31406796287605976,0.1679514506026803,0.018199297658540108
time_dependent,prepared,0.01,0.0005,0.914,0.19742190817297875,0.36513503133910474,1.2659318038288347e-12,1.7335118451712678e-12,-1.2654877146189847e-12,0.31416667383014624,0.16786759404109797,0.01818112732151591
time_dependent,prepared,0.01,0.0005,0.9145,0.19732310916009743,0.36495280388742063,1.2263245974253323e-12,1.6801139549561652e-12,-1.2236878177418475e-12,0.3142653353847263,0.16778377919373477,0.01816297509682967
time_dependent,prepared,0.01,0.0005,0.915,0.19722436001019153,0.36477066678243647,1.2393142068134466e-12,1.6987580412414532e-12,-1.237565605549662e-12,0.3143639475647314,0.16770000604034496,0.018144840966530962
time_dependent,prepared,0.01,0.0005,0.9155,0.1971256606958453,0.3645886199816958,1.2150003225741557e-12,1.6662619950029302e-12,-1.2175538355307935e-12,0.31446251039507933,0.16761627456070283,0.01812672491268582
time_dependent,prepared,0.01,0.0005,0.916,0.19702701118973381,0.36440666344276124,1.2097267632071862e-12,1.6598581812091294e-12,-1.208616540182561e-12,0.3145610239006742,0.16753258473457594,0.018108626917379
time_dependent,prepared,0.01,0.0005,0.9165,0.19692841146453444,0.364224797123215,1.229405466318667e-12,1.6877014909842778e-12,-1.2261025528204073e-12,0.3146594881064065,0.1674489365417457,0.018090546962711195
time_dependent,prepared,0.01,0.0005,0.917,0.19682986149294365,0.36404302098062974,1.2559397966072083e-12,1.7249881528038808e-12,-1.2547463068557363e-12,0.31475790303715295,0.1673653299620033,0.018072485030800868
time_dependent,prepared,0.01,0.0005,0.9175,0.19673136124766477,0.36386133497260514,1.2416179195895438e-12,1.7061690818026955e-12,-1.243616321033869e-12,0.3148562687177768,0.16728176497513944,0.01805444110378393
time_dependent,prepared,0.01,0.0005,0.918,0.19663291070148237,0.3636797390567362,1.2548295735825832e-12,1.725184879469815e-12,-1.2525813719577172e-12,0.3149545851731275,0.16719824156095814,0.01803641516381305
time_dependent,prepared,0.01,0.0005,0.9185,0.19653450982713838,0.3634982331906313,1.2387868508767497e-12,1.7039791913169703e-12,-1.2348178035637147e-12,0.3150528524280411,0.16711475969927725,0.01801840719305864
time_dependent,prepared,0.01,0.0005,0.919,0.19643615859746952,0.36331681733191007,1.2191081477652688e-12,1.6777480281755034e-12,-1.2181089470431061e-12,0.3151510705073398,0.16703131936991106,0.01800041717370784
time_dependent,prepared,0.01,0.0005,0.9195,0.19633785698531311,0.3631354914382093,1.2597145548909339e-12,1.7344966060734117e-12,-1.2603529331300933e-12,0.3152492394358325,0.16694792055268323,0.017982445087965152
time_dependent,prepared,0.01,0.0005,0.92,0.196239604963461,0.3629542554671539,1.2016776462786538e-12,1.6554119812288744e-12,-1.2041201369328292e-12,0.31534735923831425,0.1668645632274294,0.017964490918052158
time_dependent,prepared,0.01,0.0005,0.9205,0.19614140250486947,0.3627731093763968,1.2155276785108526e-12,1.675327700829722e-12,-1.2123080317394397e-12,0.3154454299395667,0.16678124737399452,0.017946554646208205
time_dependent,prepared,0.01,0.0005,0.921,0.19604324958242797,0.3625920531235928,1.2434220320045597e-12,1.7146294593204943e-12,-1.2414236305602344e-12,0.3155434515643579,0.16669797297222513,0.01792863625468888
time_dependent,prepared,0.01,0.0005,0.9215,0.19594514616901365,0.3624110866664074,1.2249368186445508e-12,1.6899825415247465e-12,-1.2198020371556595e-12,0.31564142413744245,0.1666147400019734,0.017910735725767624
time_dependent,prepared,0.01,0.0005,0.922,0.1958470922376073,0.36223020996252075,1.189326415129699e-12,1.6416720395170847e-12,-1.1884104811343832e-12,0.31573934768356127,0.16653154844311166,0.017892853041734314
time_dependent,prepared,0.01,0.0005,0.9225,0.19574908776124844,0.3620494229696154,1.2464751453222789e-12,1.721415732548678e-12,-1.2480572131323697e-12,0.31583722222744187,0.166448398275505,0.01787498818489655
time_dependent,prepared,0.01,0.0005,0.923,0.19565113271284568,0.36186872564537664,1.2406464744429968e-12,1.7142217419151554e-12,-1.2380374503351277e-12,0.3159350477937983,0.16636528947903853,0.017857141137578664
time_dependent,prepared,0.01,0.0005,0.9235,0.19555322706543207,0.36168811794752576,1.1886602813149239e-12,1.643211682012489e-12,-1.1900480600957053e-12,0.316032824407331,0.166282222033596,0.017839311882122254
time_dependent,prepared,0.01,0.0005,0.924,0.19545537079216468,0.36150759983376024,1.2355116929541055e-12,1.7088322534853291e-12,-1.2350398481686398e-12,0.31613055209272706,0.1661991959190762,0.017821500400885967
time_dependent,prepared,0.01,0.0005,0.9245,0.19535756386600295,0.3613271712618175,1.2146950112423838e-12,1.6808796955380012e-12,-1.2167211682623247e-12,0.31622823087466007,0.16611621111537786,0.017803706676245163
time_dependent,prepared,0.01,0.0005,0.925,0.19525980626008224,0.3611468321894222,1.1761702722878908e-12,1.6283823744978498e-12,-1.1766421170733565e-12,0.3163258607777901,0.1660332676024127,0.017785930690592554
time_dependent,prepared,0.01,0.0005,0.9255,0.19516209794761566,0.3609665825743169,1.226047041669176e-12,1.6982833049575602e-12,-1.2236878177418475e-12,0.3164234418267639,0.16595036536009733,0.017768172426337894
time_dependent,prepared,0.01,0.0005,0.926,0.19506443890164266,0.36078642237427483,1.2444212327267223e-12,1.7245954331308384e-12,-1.2423950757067814e-12,0.3165209740462147,0.16586750436836079,0.01775043186590818
time_dependent,prepared,0.01,0.0005,0.9265,0.19496682909535637,0.3606063515470364,1.2176371022576404e-12,1.6883189897124703e-12,-1.2164991236573997e-12,0.3166184574607624,0.16578468460713433,0.017732708991746175
time_dependent,prepared,0.01,0.0005,0.927,0.1948692685020118,0.3604263700503777,1.237870916881434e-12,1.7172313400741014e-12,-1.2371492719154276e-12,0.3167158920950134,0.165701906056359,0.01771500378631362
time_dependent,prepared,0.01,0.0005,0.9275,0.1947717570947589,0.3602464778420928,1.2099488078121112e-12,1.6793346808798465e-12,-1.2092826739973361e-12,0.3168132779735608,0.1656191686959857,0.01769731623208739
time_dependent,prepared,0.01,0.0005,0.928,0.19467429484690393,0.3600666748799714,1.2261858195472541e-12,1.7027205030206093e-12,-1.2258805082154822e-12,0.31691061512098423,0.16553647250596784,0.01767964631156199
time_dependent,prepared,0.01,0.0005,0.9285,0.19457688173168863,0.35988696112181384,1.2059520049234607e-12,1.6754594292084561e-12,-1.2040368702059823e-12,0.31700790356185005,0.16545381746627186,0.01766199400724932
time_dependent,prepared,0.01,0.0005,0.929,0.1944795177224287,0.35970733652544834,1.227240531420648e-12,1.7058875463494063e-12,-1.2273793092987262e-12,0.31710514332071127,0.1653712035568722,0.017644359301677563
time_dependent,prepared,0.01,0.0005,0.9295,0.19438220279242024,0.3595278010486798,1.2271295091181855e-12,1.7065850061341138e-12,-1.2261858195472541e-12,0.3172023344221075,0.1652886307577413,0.01762674217739207
time_dependent,prepared,0.01,0.0005,0.93,0.19428493691500076,0.35934835464935627,1.1957657086725249e-12,1.6637973893568199e-12,-1.1993739335025566e-12,0.317299476890565,0.1652060990488725,0.017609142616954683
time_dependent,prepared,0.01,0.0005,0.9305,0.1941877200635828,0.35916899728532314,1.2185807918285718e-12,1.6963891664325171e-12,-1.2226886170196849e-12,0.3173965707505968,0.16512360841026202,0.017591560602945026
time_dependent,prepared,0.01,0.0005,0.931,0.19409055221149257,0.3589897289144235,1.2112533198660458e-12,1.687030606038234e-12,-1.210115341265805e-12,0.31749361602670256,0.1650411588219096,0.01757399611795857
time_dependent,prepared,0.01,0.0005,0.9315,0.19399343333222013,0.358810549494528,1.2387313397255184e-12,1.726163488599255e-12,-1.236150071193265e-12,0.3175906127433687,0.1649587502638294,0.01755644914460839
time_dependent,prepared,0.01,0.0005,0.932,0.19389636339913147,0.358631458983533,1.2213563493901347e-12,1.7028014676260387e-12,-1.2215228828438285e-12,0.3176875609250683,0.16487638271603622,0.01753891966552369
time_dependent,prepared,0.01,0.0005,0.9325,0.19379934238569954,0.35845245733930164,1.1975420655119251e-12,1.6704336111948635e-12,-1.1924072840230338e-12,0.31778446059626114,0.16479405615855797,0.017521407663351276
time_dependent,prepared,0.01,0.0005,0.933,0.19370237026545167,0.35827354451974336,1.2089496070899486e-12,1.6871879400256518e-12,-1.2087275624850236e-12,0.3178813117813939,0.16471177057142986,0.017503913120754184
time_dependent,prepared,0.01,0.0005,0.9335,0.19360544701186802,0.358094720482766,1.1986800441121659e-12,1.6736913106316634e-12,-1.1991518888976316e-12,0.3179781145048998,0.16462952593469546,0.017486436020412638
time_dependent,prepared,0.01,0.0005,0.934,0.1935085725984823,0.35791598518628404,1.2210232824827472e-12,1.7057400800989093e-12,-1.2208289934534378e-12,0.31807486879119906,0.16454732222839957,0.017468976345023264
time_dependent,prepared,0.01,0.0005,0.9345,0.19341174699882782,0.3577373385882274,1.2043144259621386e-12,1.6832383652106471e-12,-1.200844979010185e-12,0.3181715746646985,0.16446515943260526,0.017451534077299345
time_dependent,prepared,0.01,0.0005,0.935,0.1933149701865449,0.3575587806465491,1.2349843370174085e-12,1.7269668707088355e-12,-1.2351231148954867e-12,0.3182682321497918,0.1643830375273726,0.01743410919997169
time_dependent,prepared,0.01,0.0005,0.9355,0.1932182421351544,0.3573803113191856,1.2127798765249054e-12,1.6967636969789343e-12,-1.2093381851485674e-12,0.31836484127085934,0.1643009564927822,0.01741670169578708
time_dependent,prepared,0.01,0.0005,0.936,0.1931215628183225,0.35720193056410793,1.2060907828015388e-12,1.6882478503052807e-12,-1.2042589148109073e-12,0.3184614020522685,0.16421891630890942,0.017399311547509278
time_dependent,prepared,0.01,0.0005,0.9365,0.19302493220971104,0.3570236383392857,1.2040091146303666e-12,1.6861756272341636e-12,-1.2031486917862821e-12,0.3185579145183734,0.1641369169558442,0.017381938737918913
time_dependent,prepared,0.01,0.0005,0.937,0.19292835028297042,0.35684543460270524,1.216915457291634e-12,1.7051016200395209e-12,-1.216915457291634e-12,0.3186543786935149,0.1640549584136822,0.01736458324981276
time_dependent,prepared,0.01,0.0005,0.9375,0.19283181701177085,0.3566673193123587,1.1960710200042968e-12,1.6767320066053034e-12,-1.1957934642481405e-12,0.31875079460202077,0.16397304066252985,0.01734724506600514
time_dependent,prepared,0.01,0.0005,0.9380000000000001,0.19273533236987606,0.35648929242625693,1.2129186544029835e-12,1.7011992788700988e-12,-1.2143619443349962e-12,0.3188471622682057,0.16389116368250214,0.017329924169326143
time_dependent,prepared,0.01,0.0005,0.9385,0.19263889633099454,0.3563113539024121,1.199262911200094e-12,1.68288618656611e-12,-1.200095578468563e-12,0.3189434817163712,0.16380932745371724,0.017312620542622982
time_dependent,prepared,0.01,0.0005,0.9390000000000001,0.19254250886887184,0.35613350369886,1.1868839244755236e-12,1.666346906632454e-12,-1.1849410341824296e-12,0.31903975297080567,0.16372753195629997,0.017295334168759658
time_dependent,prepared,0.01,0.0005,0.9395,0.19244616995734343,0.3559557417736371,1.1870504579292174e-12,1.6674129935542928e-12,-1.1894096818565458e-12,0.31913597605578437,0.16364577717039025,0.01727806503061645
time_dependent,prepared,0.01,0.0005,0.9400000000000001,0.1923498795701539,0.3557780680847886,1.1743384042972593e-12,1.6503805456825605e-12,-1.173172670121403e-12,0.31923215099556945,0.163564063076135,0.01726081311109021
time_dependent,prepared,0.01,0.0005,0.9405,0.19225363768118808,0.3556004825903851,1.1660394871881863e-12,1.639535861554821e-12,-1.164568441680558e-12,0.31932827781441003,0.16348238965368064,0.017243578393094892
time_dependent,prepared,0.01,0.0005,0.9410000000000001,0.19215744426429154,0.35542298524850263,1.2017886685811163e-12,1.6906456791741038e-12,-1.204203403659676e-12,0.31942435653654216,0.16340075688318725,0.01722636085956017
time_dependent,prepared,0.01,0.0005,0.9415,0.19206129929330057,0.35524557601721785,1.1947387523747466e-12,1.6815673903210433e-12,-1.195155086008981e-12,0.3195203871861888,0.1633191647448227,0.01720916049343327
time_dependent,prepared,0.01,0.0005,0.9420000000000001,0.19196520274213572,0.3550682548546185,1.186106768358286e-12,1.670251778551637e-12,-1.1844969449725795e-12,0.31961636978755986,0.16323761321876676,0.017191977277677083
time_dependent,prepared,0.01,0.0005,0.9425,0.19186915458470571,0.35489102171883335,1.1861622795095172e-12,1.671164113651889e-12,-1.1841361224895763e-12,0.3197123043648522,0.16315610228519964,0.017174811195271693
time_dependent,prepared,0.01,0.0005,0.9430000000000001,0.19177315479496765,0.3547138765679698,1.198596777385319e-12,1.689526202048118e-12,-1.199790267136791e-12,0.3198081909422497,0.16307463192431199,0.017157662229213277
time_dependent,prepared,0.01,0.0005,0.9435,0.19167720334688104,0.354536819360156,1.2203849042435877e-12,1.72109755263777e-12,-1.2169432128672497e-12,0.31990402954392316,0.16299320211630544,0.017140530362515064
time_dependent,prepared,0.01,0.0005,0.9440000000000001,0.1915813002144183,0.3543598500535396,1.1953216194626748e-12,1.6865929072947453e-12,-1.1961820423067593e-12,0.3199998201940304,0.16291181284138329,0.01712341557820583
time_dependent,prepared,0.01,0.0005,0.9445,0.19148544537161744,0.3541829686062708,1.227462576025573e-12,1.7328085831647664e-12,-1.227767887357345e-12,0.3200955629167162,0.16283046407976706,0.0171063178593319
time_dependent,prepared,0.01,0.0005,0.9450000000000001,0.19138963879245427,0.35400617497651615,1.2178313912869498e-12,1.7200708312018044e-12,-1.2206902155753596e-12,0.32019125773611246,0.1627491558116748,0.017089237188955247
time_dependent,prepared,0.01,0.0005,0.9455,0.19129388045100001,0.35382946912246177,1.1976530878143876e-12,1.6924156865490595e-12,-1.2047030040207574e-12,0.32028690467633797,0.16266788801733784,0.01707217355015481
time_dependent,prepared,0.01,0.0005,0.9460000000000001,0.19119817032135258,0.3536528510022709,1.192906884384115e-12,1.6865506399868429e-12,-1.1936007737745058e-12,0.3203825037614986,0.1625866606769969,0.017055126926025607
time_dependent,prepared,0.01,0.0005,0.9465,0.19110250837759007,0.3534763205741623,1.1482759187941838e-12,1.6242614454726971e-12,-1.1511624986582092e-12,0.32047805501568744,0.16250547377089813,0.01703809729967946
time_dependent,prepared,0.01,0.0005,0.9470000000000001,0.19100689459388973,0.3532998777963526,1.220218370789894e-12,1.7268876207921294e-12,-1.2196632592775813e-12,0.32057355846298435,0.1624243272792971,0.017021084654244213
time_dependent,prepared,0.01,0.0005,0.9475,0.19091132894429147,0.3531235226270508,1.2057854714697669e-12,1.707314005163557e-12,-1.2070344723724702e-12,0.3206690141274565,0.16234322118245278,0.01700408897286407
time_dependent,prepared,0.01,0.0005,0.9480000000000001,0.19081581140301745,0.3529472550244988,1.2225498391416068e-12,1.7319157774079158e-12,-1.2188583475847281e-12,0.320764422033158,0.1622621554606427,0.01698711023870029
time_dependent,prepared,0.01,0.0005,0.9485,0.19072034194420195,0.3527710749469543,1.1929346399597307e-12,1.690805631013106e-12,-1.1913525721496399e-12,0.32085978220413014,0.16218113009414042,0.016970148434929777
time_dependent,prepared,0.01,0.0005,0.9490000000000001,0.1906249205421085,0.3525949823526638,1.1966261315166093e-12,1.6968847989982442e-12,-1.1957101975212936e-12,0.3209550946644012,0.16210014506323425,0.01695320354474612
time_dependent,prepared,0.01,0.0005,0.9495,0.19052954717091156,0.3524189771999078,1.1888268147686176e-12,1.686666853488223e-12,-1.1877165917439925e-12,0.32105035943798665,0.16201920034821943,0.016936275551358855
time_dependent,prepared,0.01,0.0005,0.9500000000000001,0.19043422180492786,0.3522430594469522,1.2082002065483266e-12,1.7150092445302098e-12,-1.2062018051040013e-12,0.32114557654888914,0.16193829592939715,0.016919364437994647
time_dependent,prepared,0.01,0.0005,0.9505,0.19033894441832586,0.3520672290521165,1.176225783439122e-12,1.6704562174161353e-12,-1.1747824935071094e-12,0.3212407460210983,0.1618574317870799,0.016902470187895428
time_dependent,prepared,0.01,0.0005,0.9510000000000001,0.190243714985495,0.35189148597369363,1.195904486550603e-12,1.699251806617983e-12,-1.1979583991461595e-12,0.3213358678785911,0.16177660790158493,0.016885592784320422
time_dependent,prepared,0.01,0.0005,0.9515,0.19014853348069494,0.35171583016999164,1.2139733662763774e-12,1.7257872153316837e-12,-1.2104761637488082e-12,0.3214309421453314,0.16169582425324053,0.016868732210544583
time_dependent,prepared,0.01,0.0005,0.9520000000000001,0.19005339987824874,0.35154026159937335,1.1980416658730064e-12,1.703989267716214e-12,-1.1975698210875407e-12,0.3215259688452705,0.16161508082237958,0.016851888449859017
time_dependent,prepared,0.01,0.0005,0.9525,0.18995831415251785,0.3513647802201547,1.1677603328763553e-12,1.6617492682999288e-12,-1.1649847753147924e-12,0.32162094800234675,0.1615343775893439,0.01683506148557146
time_dependent,prepared,0.01,0.0005,0.9530000000000001,0.18986327627792005,0.35118938599070787,1.1817768985622479e-12,1.6825350447685911e-12,-1.1818046541378635e-12,0.3217158796404857,0.16145371453448726,0.01681825130100608
time_dependent,prepared,0.01,0.0005,0.9535,0.18976828622880287,0.35101407886938957,1.182137721045251e-12,1.683889325537748e-12,-1.1786682740932974e-12,0.32181076378360013,0.1613730916381664,0.01680145787950218
time_dependent,prepared,0.01,0.0005,0.9540000000000001,0.18967334397962013,0.3508388588145945,1.1950440637065185e-12,1.7031238611114345e-12,-1.1965983759409937e-12,0.3219056004555899,0.16129250888074778,0.016784681204416438
time_dependent,prepared,0.01,0.0005,0.9545,0.18957844950475983,0.3506637257847038,1.1753653605950376e-12,1.6759152346922593e-12,-1.1774747843418254e-12,0.3220003896803423,0.16121196624260709,0.016767921259121178
time_dependent,prepared,0.01,0.0005,0.9550000000000001,0.18948360277873058,0.3504886797381138,1.1734502258775592e-12,1.6740201520237404e-12,-1.1718681580674684e-12,0.32209513148173163,0.16113146370412768,0.016751178027005202
time_dependent,prepared,0.01,0.0005,0.9555,0.18938880377600398,0.3503137206332693,1.1828593660112574e-12,1.688285808319156e-12,-1.1838308111578044e-12,0.32218982588361966,0.1610510012456995,0.016734451491473366
time_dependent,prepared,0.01,0.0005,0.9560000000000001,0.18929405247105738,0.3501388484285735,1.174366159872875e-12,1.677000660083096e-12,-1.1746714712046469e-12,0.3222844729098552,0.16097057884771818,0.01671774163594627
time_dependent,prepared,0.01,0.0005,0.9565,0.18919934883841807,0.3499640630824906,1.1487200080040338e-12,1.6411970959020752e-12,-1.147804074008718e-12,0.3223790725842744,0.160890196490598,0.016701048443861277
time_dependent,prepared,0.01,0.0005,0.9570000000000001,0.18910469285268502,0.3497893645534534,1.189548459734624e-12,1.70037825657049e-12,-1.1916023723301805e-12,0.32247362493070075,0.16080985415474627,0.016684371898671693
time_dependent,prepared,0.01,0.0005,0.9575,0.18901008448834566,0.34961475279994497,1.1820544543184042e-12,1.6905099754082688e-12,-1.1826928325575636e-12,0.32256812997294493,0.1607295518205893,0.016667711983846416
time_dependent,prepared,0.01,0.0005,0.9580000000000001,0.1889155237200137,0.3494402277804347,1.1800838084496945e-12,1.688534568477315e-12,-1.1773082508881316e-12,0.32266258773480494,0.16064928946855778,0.016651068682871344
time_dependent,prepared,0.01,0.0005,0.9585,0.18882101052230668,0.3492657894534235,1.1693146451108305e-12,1.6739610354320251e-12,-1.1715628467356964e-12,0.3227569982400661,0.1605690670790926,0.016634441979247634
time_dependent,prepared,0.01,0.0005,0.9590000000000001,0.18872654486983848,0.3490914377774176,1.179528696937382e-12,1.6894265646347113e-12,-1.1819711875915573e-12,0.322851361512501,0.16048888463263805,0.016617831856493275
time_dependent,prepared,0.01,0.0005,0.9595,0.1886321267372522,0.34891717271091544,1.1711742686770776e-12,1.6782984047125882e-12,-1.1674550215445834e-12,0.3229456775758696,0.16040874210965025,0.016601238298141748
time_dependent,prepared,0.01,0.0005,0.96,0.18853775609924323,0.34874299421247856,1.2085332734557142e-12,1.7326989982733492e-12,-1.2060907828015388e-12,0.32303994645391926,0.16032863949059337,0.016584661287742577
time_dependent,prepared,0.01,0.0005,0.9605,0.188443432930441,0.34856890224062587,1.174282893146028e-12,1.6844343910137645e-12,-1.1750045381120344e-12,0.3231341681703845,0.16024857675593848,0.016568100808861647
time_dependent,prepared,0.01,0.0005,0.961,0.18834915720560907,0.3483948967539182,1.1784462294883724e-12,1.6912507049705027e-12,-1.1764478280440471e-12,0.32322834274898726,0.160168553886163,0.016551556845080674
time_dependent,prepared,0.01,0.0005,0.9615,0.18825492889944975,0.3482209777109279,1.180194830752157e-12,1.6946061643217308e-12,-1.1812772982011666e-12,0.32332247021343696,0.1600885708617554,0.016535029379997197
time_dependent,prepared,0.01,0.0005,0.962,0.18816074798670882,0.34804714507023804,1.1767253838002034e-12,1.6904683754276217e-12,-1.1789735854250694e-12,0.3234165505874303,0.16000862766321342,0.016518518397225204
time_dependent,prepared,0.01,0.0005,0.9625,0.1880666144421825,0.3478733987904257,1.1852463455142015e-12,1.7035599008624214e-12,-1.1816381206841697e-12,0.32351058389465137,0.1599287242710382,0.01650202388039421
time_dependent,prepared,0.01,0.0005,0.963,0.18797252824062596,0.3476997388301202,1.1865786131437517e-12,1.706326580995029e-12,-1.1881884365294582e-12,0.3236045701587717,0.15984886066574377,0.01648554581314998
time_dependent,prepared,0.01,0.0005,0.9635,0.18787848935686755,0.34752616514793105,1.1906309271836335e-12,1.7130090430382117e-12,-1.1898537710663959e-12,0.32369850940345013,0.15976903682784646,0.01646908417915401
time_dependent,prepared,0.01,0.0005,0.964,0.18778449776571518,0.34735267770248623,1.1580181258352695e-12,1.6669198197821328e-12,-1.1595169269185135e-12,0.323792401652333,0.15968925273788043,0.01645263896208388
time_dependent,prepared,0.01,0.0005,0.9645,0.1876905534420181,0.3471792764524448,1.138616978479945e-12,1.6398112671250426e-12,-1.1404488464705764e-12,0.323886246929054,0.15960950837637308,0.016436210145632867
time_dependent,prepared,0.01,0.0005,0.965,0.18759665636074424,0.3470059613564455,1.1942669075892809e-12,1.7208161250585425e-12,-1.1934897514720433e-12,0.32398004525723434,0.15952980372387518,0.016419797713510532
time_dependent,prepared,0.01,0.0005,0.9655,0.18750280649663162,0.3468327323731865,1.1900203045200897e-12,1.7155536277896706e-12,-1.1905476604567866e-12,0.32407379666048264,0.1594501387609368,0.01640340164944225
time_dependent,prepared,0.01,0.0005,0.966,0.18740900382466955,0.3466595894613271,1.1816381206841697e-12,1.7043205447140502e-12,-1.1773637620393629e-12,0.32416750116239496,0.15937051346811676,0.016387021937168532
time_dependent,prepared,0.01,0.0005,0.9665,0.18731524831976312,0.34648653257957673,1.1668443988810395e-12,1.6838235965363074e-12,-1.1676493105738928e-12,0.3242611587865548,0.15929092782598764,0.016370658560446883
time_dependent,prepared,0.01,0.0005,0.967,0.18722153995688667,0.34631356168664196,1.1487755191552651e-12,1.6585771483486068e-12,-1.1489698081845745e-12,0.32435476955653325,0.15921138181512048,0.01635431150304984
time_dependent,prepared,0.01,0.0005,0.9675,0.18712787871098346,0.3461406767412548,1.1371736885479322e-12,1.6426467112331297e-12,-1.138977800962948e-12,0.32444833349588875,0.15913187541610652,0.01633798074876632
time_dependent,prepared,0.01,0.0005,0.968,0.18703426455709493,0.34596787770214427,1.1597389715234385e-12,1.676078974765331e-12,-1.1590173265574322e-12,0.3245418506281673,0.1590524086095326,0.016321666281400346
time_dependent,prepared,0.01,0.0005,0.9685,0.1869406974701607,0.34579516452806175,1.1531053889513032e-12,1.6673243400079477e-12,-1.1552703238493223e-12,0.3246353209769024,0.1589729813760024,0.01630536808477257
time_dependent,prepared,0.01,0.0005,0.969,0.18684717742526205,0.3456225371777728,1.1849687897580452e-12,1.7142527791040995e-12,-1.182443032377023e-12,0.324728744565615,0.1588935936961265,0.016289086142718765
time_dependent,prepared,0.01,0.0005,0.9695,0.18675370439740455,0.34544999561005707,1.1912970609984086e-12,1.7242684558333112e-12,-1.1901035712469366e-12,0.3248221214178137,0.15881424555051868,0.01627282043909111
time_dependent,prepared,0.01,0.0005,0.97,0.1866602783616436,0.3452775397836877,1.1378953335139386e-12,1.6477980789380936e-12,-1.136146732250154e-12,0.32491545155699453,0.15873493691980803,0.016256570957756854
time_dependent,prepared,0.01,0.0005,0.9705,0.18656689929315606,0.34510516965749244,1.1857459458752828e-12,1.7179486865555599e-12,-1.1894929485833927e-12,0.3250087350066411,0.15865566778462348,0.016240337682599616
time_dependent,prepared,0.01,0.0005,0.971,0.186473567166971,0.3449328851902697,1.1902423491250147e-12,1.725324548957411e-12,-1.1874667915634518e-12,0.3251019717902246,0.15857643812561348,0.016224120597518186
time_dependent,prepared,0.01,0.0005,0.9715,0.1863802819581938,0.344760686340859,1.1802503419033883e-12,1.7116950810546808e-12,-1.1771417174344379e-12,0.3251951619312037,0.15849724792342176,0.016207919686427593
time_dependent,prepared,0.01,0.0005,0.972,0.18628704364201928,0.34458857306809826,1.1649015085879455e-12,1.6902787840787837e-12,-1.1623757512069233e-12,0.3252883054530247,0.15841809715870683,0.016191734933257984
time_dependent,prepared,0.01,0.0005,0.9725,0.18619385219360277,0.34441654533085364,1.1622092177532295e-12,1.6872145567728555e-12,-1.1619039064214576e-12,0.3253814023791215,0.1583389858121383,0.01617556632195605
time_dependent,prepared,0.01,0.0005,0.973,0.18610070758815328,0.34424460308797444,1.1917411502082587e-12,1.7309511020883556e-12,-1.1898537710663959e-12,0.3254744527329156,0.15825991386438715,0.01615941383648341
time_dependent,prepared,0.01,0.0005,0.9735,0.18600760980079498,0.34407274629836865,1.1614043060603763e-12,1.6877307466998334e-12,-1.1625700402362327e-12,0.325567456537816,0.1581808812961376,0.0161432774608174
time_dependent,prepared,0.01,0.0005,0.974,0.18591455880683286,0.3439009749209135,1.1654843756758737e-12,1.6945057744339399e-12,-1.1650680420416393e-12,0.3256604138172194,0.1581018880880809,0.01612715717895166
time_dependent,prepared,0.01,0.0005,0.9745,0.1858215545814642,0.3437292889145353,1.1780021402785223e-12,1.7135609013659025e-12,-1.1778911179760598e-12,0.3257533245945101,0.1580229342209126,0.016111052974894572
time_dependent,prepared,0.01,0.0005,0.975,0.18572859709992373,0.34355768823815147,1.1267375921164557e-12,1.639808437838775e-12,-1.1252387910332118e-12,0.3258461888930601,0.15794401967534374,0.016094964832670772
time_dependent,prepared,0.01,0.0005,0.9755,0.18563568633756716,0.34338617285069833,1.1342593531082912e-12,1.6515798287538866e-12,-1.13883902308487e-12,0.3259390067362289,0.1578651444320862,0.016078892736320554
time_dependent,prepared,0.01,0.0005,0.976,0.18554282226966443,0.34321474271112656,1.1643741526512486e-12,1.6962764236926908e-12,-1.1650402864660236e-12,0.3260317781473637,0.1577863084718653,0.016062836669899216
time_dependent,prepared,0.01,0.0005,0.9765,0.1854500048715086,0.34304339777840215,1.1743939154484906e-12,1.7117279082647012e-12,-1.1765033391952784e-12,0.32612450314979946,0.15770751177541062,0.016046796617478112
time_dependent,prepared,0.01,0.0005,0.977,0.18535723411843275,0.3428721380115013,1.1477485628574868e-12,1.6737267856058135e-12,-1.1435852265151425e-12,0.32621718176685865,0.1576287543234634,0.016030772563144096
time_dependent,prepared,0.01,0.0005,0.9775,0.18526450998582278,0.34270096336942263,1.151023720780131e-12,1.6793412388768584e-12,-1.1513845432631342e-12,0.32630981402185155,0.15755003609677057,0.016014764490999405
time_dependent,prepared,0.01,0.0005,0.978,0.18517183244902635,0.342529873811164,1.1353418205573007e-12,1.6572887613028033e-12,-1.1339540417765193e-12,0.32640239993807607,0.1574713570760899,0.015998772385162084
time_dependent,prepared,0.01,0.0005,0.9785,0.18507920148347215,0.3423588692957551,1.1418643808269735e-12,1.6676424699817573e-12,-1.143390937485833e-12,0.3264949395388178,0.15739271724218382,0.015982796229765377
time_dependent,prepared,0.01,0.0005,0.979,0.18498661706455327,0.34218794978222156,1.151245765385056e-12,1.6821833821380997e-12,-1.1542711231271596e-12,0.3265874328473501,0.15731411657582373,0.015966836008958228
time_dependent,prepared,0.01,0.0005,0.9795,0.1848940791676685,0.3420171152296124,1.1315393066979595e-12,1.654214447625569e-12,-1.1309564396100313e-12,0.3266798798869339,0.15723555505779335,0.015950891706905404
time_dependent,prepared,0.01,0.0005,0.98,0.18480158776834424,0.3418463655969805,1.176225783439122e-12,1.7204011828281492e-12,-1.17503229368765e-12,0.3267722806808181,0.15715703266887662,0.015934963307786307
time_dependent,prepared,0.01,0.0005,0.9805,0.18470914284196785,0.3416757008434148,1.162542284660617e-12,1.7012364089529097e-12,-1.1652068199197174e-12,0.3268646352522391,0.15707854938987498,0.01591905079579659
time_dependent,prepared,0.01,0.0005,0.981,0.18461674436403422,0.34150512092800167,1.1423362256124392e-12,1.672502336870321e-12,-1.1418366252513579e-12,0.32695694362442107,0.15700010520159394,0.015903154155147144
time_dependent,prepared,0.01,0.0005,0.9815,0.18452439231014273,0.3413346258098302,1.194488952194206e-12,1.749733050607073e-12,-1.191047260817868e-12,0.3270492058205761,0.1569217000848442,0.01588727337006412
time_dependent,prepared,0.01,0.0005,0.982,0.18443208665567473,0.3411642154480293,1.1357303986159195e-12,1.6644922696868232e-12,-1.1339817973521349e-12,0.32714142186390394,0.15684333402044678,0.015871408424789384
time_dependent,prepared,0.01,0.0005,0.9825,0.1843398273762947,0.34099388980173,1.1550482792443972e-12,1.6936495253830514e-12,-1.1592116155867416e-12,0.3272335917775921,0.15676500698923307,0.015855559303579847
time_dependent,prepared,0.01,0.0005,0.983,0.18424761444750065,0.34082364883007377,1.159183860011126e-12,1.7005625401702907e-12,-1.16157083951407e-12,0.3273257155848158,0.15668671897204128,0.01583972599070808
time_dependent,prepared,0.01,0.0005,0.9835,0.1841554478448711,0.340653492492208,1.1475542738281774e-12,1.6843424463826587e-12,-1.1476097849794087e-12,0.32741779330873827,0.15660846994971717,0.015823908470462212
time_dependent,prepared,0.01,0.0005,0.984,0.18406332754406418,0.34048342074732196,1.1737555372093311e-12,1.7236603395123462e-12,-1.174366159872875e-12,0.3275098249725103,0.1565302599031145,0.015808106727145298
time_dependent,prepared,0.01,0.0005,0.9845,0.1839712535206044,0.34031343355458804,1.1476930517062556e-12,1.686229426379997e-12,-1.1452783166276959e-12,0.3276018105992706,0.15645208881309675,0.01579232074507583
time_dependent,prepared,0.01,0.0005,0.985,0.18387922575018073,0.3401435308732126,1.1284861933802404e-12,1.658838241728913e-12,-1.1245171460672054e-12,0.3276937502121457,0.15637395666053494,0.015776550508588293
time_dependent,prepared,0.01,0.0005,0.9855,0.18378724420847142,0.3399737126624169,1.142946848275983e-12,1.6809341512368218e-12,-1.1454726056570053e-12,0.3277856438342499,0.15629586342630603,0.015760796002031705
time_dependent,prepared,0.01,0.0005,0.986,0.18369530887110505,0.3398039788814148,1.148858785882112e-12,1.6904728273960266e-12,-1.1489142970333432e-12,0.32787749148868545,0.15621780909130165,0.01574505720977061
time_dependent,prepared,0.01,0.0005,0.9865,0.1836034197137559,0.33963432948946193,1.1280143485947747e-12,1.6606306410316823e-12,-1.1288470158632435e-12,0.32796929319854234,0.15613979363641314,0.01572933411618514
time_dependent,prepared,0.01,0.0005,0.987,0.18351157671218277,0.3394647644458015,1.138311667148173e-12,1.6766271294822499e-12,-1.1393108678703356e-12,0.3280610489868984,0.1560618170425466,0.01571362670567059
time_dependent,prepared,0.01,0.0005,0.9875,0.18341977984207872,0.3392952837097199,1.142280714461208e-12,1.6833135756707864e-12,-1.1423084700368236e-12,0.32815275887681944,0.15598387929061044,0.01569793496263728
time_dependent,prepared,0.01,0.0005,0.988,0.18332802907917706,0.3391258872404895,1.1106948694106222e-12,1.6375849075496253e-12,-1.1114442699522442e-12,0.328244422891359,0.15590598036153025,0.015682258871511
time_dependent,prepared,0.01,0.0005,0.9885,0.18323632439931195,0.3389565749974113,1.165983976036955e-12,1.7199607000452117e-12,-1.1638745522901672e-12,0.3283360410535587,0.15582812023623063,0.01566659841673291
time_dependent,prepared,0.01,0.0005,0.989,0.1831446657781555,0.3387873469398,1.1354528428597632e-12,1.6757604041505453e-12,-1.137784311211476e-12,0.32842761338644777,0.15575029889564962,0.015650953582759194
time_dependent,prepared,0.01,0.0005,0.9895,0.1830530531915736,0.33861820302698803,1.1275147482336934e-12,1.6648761616367577e-12,-1.1292911050730936e-12,0.32851913991304355,0.15567251632073156,0.015635324354061293
time_dependent,prepared,0.01,0.0005,0.99,0.18296148661535921,0.3384491432183159,1.1386447340555605e-12,1.6821504159033503e-12,-1.138977800962948e-12,0.3286106206563512,0.15559477249242726,0.01561971071512585
time_dependent,prepared,0.01,0.0005,0.9905,0.1828699660253624,0.33828016747312645,1.1232403895888865e-12,1.6602220549572328e-12,-1.1202427874223986e-12,0.3287020556393639,0.15551706739170512,0.015604112650455021
time_dependent,prepared,0.01,0.0005,0.991,0.18277849139744465,0.3381112757508104,1.1482204076429525e-12,1.6979918890478627e-12,-1.1469991623158649e-12,0.3287934448850626,0.15543940099952586,0.015588530144565635
time_dependent,prepared,0.01,0.0005,0.9915,0.18268706270742832,0.3379424680107401,1.1438072711200675e-12,1.692310643659294e-12,-1.14855347455034e-12,0.32888478841641633,0.15536177329687456,0.015572963181989861
time_dependent,prepared,0.01,0.0005,0.992,0.18259567993126843,0.33777374421231304,1.1769474284051284e-12,1.74221272163666e-12,-1.1780854070053692e-12,0.32897608625638197,0.1552841842647358,0.015557411747275296
time_dependent,prepared,0.01,0.0005,0.9925,0.18250434304480576,0.33760510431495244,1.183331210796723e-12,1.752537499685901e-12,-1.1824152768014073e-12,0.32906733842790437,0.15520663388409733,0.015541875824984284
time_dependent,prepared,0.01,0.0005,0.993,0.18241305202393765,0.3374365482780721,1.1253498133356743e-12,1.6674984068507425e-12,-1.122907322681499e-12,0.32915854495391633,0.15512912213597135,0.015526355399694708
time_dependent,prepared,0.01,0.0005,0.9935,0.18232180684470378,0.3372680760611327,1.1391998455678731e-12,1.68886403194511e-12,-1.1385892229043293e-12,0.3292497058573387,0.15505164900136056,0.015510850455999004
time_dependent,prepared,0.01,0.0005,0.994,0.18223060748302478,0.33709968762358167,1.1553258350005535e-12,1.7136263802899969e-12,-1.1586842596500446e-12,0.3293408211610802,0.15497421446129228,0.015495360978505155
time_dependent,prepared,0.01,0.0005,0.9945,0.1821394539148407,0.33693138292488056,1.166733376578577e-12,1.7314109574006084e-12,-1.1659284648857238e-12,0.32943189088803765,0.15489681849678547,0.015479886951836346
time_dependent,prepared,0.01,0.0005,0.995,0.1820483461161557,0.33676316192452604,1.1407541578023483e-12,1.693703894572764e-12,-1.1411427358609672e-12,0.3295229150610957,0.15481946108888162,0.01546442836063017
time_dependent,prepared,0.01,0.0005,0.9955,0.18195728406299663,0.33659502458201124,1.1251555243063649e-12,1.671378722400486e-12,-1.1216583217787957e-12,0.3296138937031272,0.15474214221862018,0.015448985189539969
time_dependent,prepared,0.01,0.0005,0.996,0.18186626773139128,0.33642697085686235,1.119992987241858e-12,1.6645410211723343e-12,-1.1188272530660015e-12,0.3297048268369929,0.154664861867058,0.015433557423233994
time_dependent,prepared,0.01,0.0005,0.9965,0.18177529709739626,0.33625900070860215,1.123046100559577e-12,1.6699123267943678e-12,-1.1254053244869056e-12,0.3297957144855416,0.15458762001524973,0.015418145046395102
time_dependent,prepared,0.01,0.0005,0.997,0.18168437213705965,0.3360911140967652,1.1281808820484684e-12,1.6783854656177496e-12,-1.1301237723415625e-12,0.32988655667161015,0.15451041664426973,0.015402748043721465
time_dependent,prepared,0.01,0.0005,0.9975,0.18159349282645498,0.3359233109809185,1.1232403895888865e-12,1.6718702645360808e-12,-1.1228518115302677e-12,0.32997735341802337,0.1544332517351943,0.015387366399926371
time_dependent,prepared,0.01,0.0005,0.998,0.18150265914171326,0.3357555913206396,1.1612655281822981e-12,1.729331630208513e-12,-1.1592116155867416e-12,0.33006810474759424,0.15435612526910303,0.015372000099738029
time_dependent,prepared,0.01,0.0005,0.9985,0.1814118710588804,0.3355879550755021,1.123656723223121e-12,1.6741612835425431e-12,-1.125072257579518e-12,0.3301588106831237,0.1542790372270942,0.0153566491278994
time_dependent,prepared,0.01,0.0005,0.999,0.18132112855413046,0.3354204022051248,1.1096956686884596e-12,1.654186300820179e-12,-1.1102230246251565e-12,0.3302494712474008,0.15420198759026874,0.01534131346916864
time_dependent,prepared,0.01,0.0005,0.9995,0.18123043160364202,0.33525293266911343,1.1349254869230663e-12,1.6926406547519888e-12,-1.134120575230213e-12,0.3303400864632026,0.15412497633973452,0.015325993108318765
time_dependent,prepared,0.01,0.0005,1.0,0.18113978018353474,0.3350855464271051,1.110639358259391e-12,1.6572474851569883e-12,-1.1144141165431165e-12,0.3304306563532944,0.15404800345661143,0.01531068803013782
