scenario,initialization,h,dt,t,J_full,Q_outer_full,bulk_balance_residual,bulk_balance_normalized,M_full,mass_bulk_full,energy_bulk_full,mass_coating_full
constant,prepared,0.08,0.001,0.0,0.7246376811594203,0.7246376811594203,0.0,0.0,0.0,0.36231884057971037,0.08751662815934971,0.07768115942028966
constant,prepared,0.08,0.001,0.001,0.7224565767990109,0.7246376811594578,-9.713150422863137e-15,6.702073791775262e-15,0.0007224565767990109,0.3623166594753478,0.08751509716594058,0.07765165245375466
constant,prepared,0.08,0.001,0.002,0.718594800284276,0.7246376811594473,-4.3168593699682845e-15,2.9786329652780146e-15,0.001441051377083287,0.3623106165944754,0.087510881018742,0.07761045555422813
constant,prepared,0.08,0.001,0.003,0.7139593481467935,0.7246376811594458,-3.653327640407156e-15,2.5207960718808552e-15,0.0021550107252300806,0.3622999382614626,0.08750347580733434,0.07756238718905217
constant,prepared,0.08,0.001,0.004,0.7090908368063846,0.7246376811593894,-2.0278917434168875e-15,1.399245302957714e-15,0.002864101562036465,0.3622843914171082,0.08749275842723797,0.07750978026798748
constant,prepared,0.08,0.001,0.005,0.7042413323319029,0.7246376811590821,6.591949208711867e-16,4.548444954013309e-16,0.003568342894368368,0.36226399506828083,0.08747877902167576,0.07745395806506275
constant,prepared,0.08,0.001,0.006,0.699516717250533,0.7246376811578673,-4.215378046623641e-15,2.9086108521765544e-15,0.004267859611618901,0.3622388741043749,0.08746165729125584,0.07739574499908299
constant,prepared,0.08,0.001,0.007,0.6949562605106707,0.7246376811536744,5.447031714567174e-16,3.7584518830811504e-16,0.0049628158721295714,0.36220919268373386,0.08744153604967377,0.07733568936968278
constant,prepared,0.08,0.001,0.008,0.6905695789421301,0.7246376811409835,5.412337245047638e-15,3.734512699177872e-15,0.005653385451071701,0.3621751245815334,0.08741856106745488,0.07727417394776888
constant,prepared,0.08,0.001,0.009000000000000001,0.6863532736131683,0.7246376811063959,8.465450562766819e-16,5.84116088873652e-16,0.0063397387246848695,0.36213684017404146,0.08739287258954159,0.0772114761903619
constant,prepared,0.08,0.001,0.01,0.6822985079040983,0.7246376810203785,3.740063814205996e-15,2.5806440322972984e-15,0.007022037232588968,0.3620945010009234,0.08736460207656023,0.07714780340065798
constant,prepared,0.08,0.001,0.011,0.6783945200888777,0.7246376808226425,-2.7824964554667986e-15,1.919922555164385e-15,0.007700431752677846,0.3620482578401878,0.08733387130685023,0.07708331440341962
constant,prepared,0.08,0.001,0.012,0.6746302586445195,0.7246376803982909,2.609024107869118e-15,1.8002266363205716e-15,0.008375062011322366,0.361998250418436,0.08730079253529469,0.0770181334968294
constant,prepared,0.08,0.001,0.013000000000000001,0.6709951248919147,0.7246376795412378,-6.231126725708691e-15,4.299477450340143e-15,0.009046057136214281,0.3619446078637858,0.08726546909997754,0.07695235975513313
constant,prepared,0.08,0.001,0.014,0.667479282122361,0.7246376779009196,1.908195823574488e-15,1.3166551241870389e-15,0.009713536418336641,0.361887449468007,0.08722799618809948,0.07688607341707866
constant,prepared,0.08,0.001,0.015,0.6640737527194129,0.7246376749087134,-1.4710455076283324e-15,1.0150214090191002e-15,0.010377610171056054,0.36182688554581754,0.08718846162508528,0.07681934038513627
constant,prepared,0.08,0.001,0.016,0.6607704130935869,0.7246376696807109,7.216449660063518e-16,4.979350344319817e-16,0.01103838058414964,0.36176301828923013,0.08714694662505468,0.07675221546444073
constant,prepared,0.08,0.001,0.017,0.6575619418686584,0.7246376608943413,-2.1788126858268697e-15,1.5033807952638024e-15,0.0116959425260183,0.36169594257020504,0.08710352647744733,0.07668474473996767
constant,prepared,0.08,0.001,0.018000000000000002,0.654441749491053,0.7246376466376214,-1.096345236817342e-15,7.564782494426527e-16,0.012350384275509352,0.36162574667305986,0.0870582711625899,0.07661696735151605
constant,prepared,0.08,0.001,0.019,0.6514039034501903,0.7246376242312613,5.342948306008566e-15,3.686634620771081e-15,0.013001788178959542,0.3615525129522784,0.08701124589757536,0.07654891683969325
constant,prepared,0.08,0.001,0.02,0.6484430560176424,0.724637590025235,-5.162537064506978e-15,3.5621510225043765e-15,0.013650231234977184,0.3614763184182697,0.08696251161766078,0.07648062218095703
constant,prepared,0.08,0.001,0.021,0.6455543776016154,0.724637539173111,2.9004576518332215e-15,2.0013161719050244e-15,0.014295785612578799,0.3613972352566996,0.08691212539978793,0.0764121085937339
constant,prepared,0.08,0.001,0.022,0.6427334968279436,0.7246374653888282,-2.095545958979983e-15,1.4459271422403969e-15,0.014938519109406741,0.3613153312881371,0.08686014083503563,0.07634339817358728
constant,prepared,0.08,0.001,0.023,0.6399764474492907,0.7246373606913468,5.287437154777308e-15,3.648333250256902e-15,0.015578495556856031,0.3612306703748952,0.08680660835642409,0.07627451039904971
constant,prepared,0.08,0.001,0.024,0.637279621695689,0.7246372151439665,-2.831068712794149e-15,1.953438668086965e-15,0.01621577517855172,0.361143312781448,0.0867515755278959,0.07620546253843846
constant,prepared,0.08,0.001,0.025,0.6346397294724573,0.7246370165948463,-4.121702978920894e-15,2.843977663664815e-15,0.016850414908024178,0.36105331549432396,0.08669508729960806,0.0761362699800115
constant,prepared,0.08,0.001,0.026000000000000002,0.6320537627493301,0.724636750425839,-4.7878367936959876e-15,3.3036116308497946e-15,0.017482468670773507,0.3609607325066486,0.0866371862340132,0.07606694650217788
constant,prepared,0.08,0.001,0.027,0.6295189644986429,0.7246363993161685,9.020562075079397e-16,6.224198842062031e-16,0.01811198763527215,0.3608656150718324,0.08657791270660194,0.07599750449637549
constant,prepared,0.08,0.001,0.028,0.627032801588743,0.7246359430268949,3.3306690738754696e-15,2.2981671734104442e-15,0.018739020436860893,0.3607680119303922,0.0865173050846169,0.07592795515225118
constant,prepared,0.08,0.001,0.029,0.6245929411010811,0.7246353582114695,2.498001805406602e-16,1.723626771106036e-16,0.019363613377961976,0.3606679695132829,0.08645539988660499,0.07585830861256179
constant,prepared,0.08,0.001,0.03,0.6221972296038449,0.7246346182566091,6.2450045135165055e-15,4.309071327934394e-15,0.01998581060756582,0.3605655321246292,0.08639223192525133,0.07578857410357685
constant,prepared,0.08,0.001,0.031,0.6198436749773508,0.7246336931566794,4.996003610813204e-16,3.447261463270776e-16,0.02060565428254317,0.3604607421064506,0.08632783443558562,0.07571876004550311
constant,prepared,0.08,0.001,0.032,0.6175304304417486,0.7246325494237131,-2.9559688030644793e-15,2.039632918377261e-15,0.02122318471298492,0.36035363998746694,0.086262239190373,0.07564887414651973
constant,prepared,0.08,0.001,0.033,0.6152557804875378,0.7246311500342175,2.498001805406602e-16,1.72363678078747e-16,0.021838440493472458,0.3602442646179208,0.08619547660423273,0.07557892348327297
constant,prepared,0.08,0.001,0.034,0.6130181284523665,0.7246294544128586,-4.440892098500626e-16,3.064250336124498e-16,0.022451458621924825,0.3601326532919615,0.08612757582782987,0.07550891457012121
constant,prepared,0.08,0.001,0.035,0.6108159855247327,0.7246274184523129,-3.0531133177191805e-15,2.106678025129206e-15,0.023062274607449557,0.36001884185903477,0.0860585648332834,0.07543885341897805
constant,prepared,0.08,0.001,0.036000000000000004,0.608647960986897,0.7246249945676723,-1.8041124150158794e-15,1.244859360731999e-15,0.023670922568436455,0.3599028648254535,0.08598847049180318,0.07536874559125899
constant,prepared,0.08,0.001,0.037,0.6065127535361651,0.7246221317835344,1.3877787807814457e-15,9.575879067933396e-16,0.02427743532197262,0.35978475544720623,0.08591731864441637,0.07529859624315843
constant,prepared,0.08,0.001,0.038,0.6044091435472416,0.7246187758507563,-2.3592239273284576e-15,1.6279069808524883e-15,0.02488184446551986,0.35966454581490287,0.08584513416654041,0.07522841016526956
constant,prepared,0.08,0.001,0.039,0.6023359861567713,0.724614869390449,-2.8171909249863347e-15,1.9439229334033547e-15,0.02548418045167663,0.3595422669316707,0.08577194102706431,0.07515819181737972
constant,prepared,0.08,0.001,0.04,0.6002922050690892,0.7246103520613925,9.159339953157541e-16,6.320182928039036e-16,0.026084472656745718,0.3594179487846771,0.08569776234251594,0.07508794535914272
constant,prepared,0.08,0.001,0.041,0.5982767869949892,0.7246051607480164,0.0,0.0,0.026682749443740706,0.35929162041092133,0.08562262042681668,0.07501767467719912
constant,prepared,0.08,0.001,0.042,0.5962887766482559,0.7245992297652779,-1.5543122344752192e-15,1.0725323534905737e-15,0.027279038220388963,0.359163309957807,0.08554653683707279,0.07494738340923766
constant,prepared,0.08,0.001,0.043000000000000003,0.5943272722340215,0.7245924910772426,-4.191091917959966e-15,2.8920337773091843e-15,0.027873365492622985,0.35903304473896197,0.08546953241579763,0.074877074965406
constant,prepared,0.08,0.001,0.044,0.5923914213726408,0.7245848745260346,1.6653345369377348e-16,1.149164573734073e-16,0.028465756913995624,0.358900851285809,0.085391627329904,0.0748067525474175
constant,prepared,0.08,0.001,0.045,0.590480417409355,0.7245763080681284,2.7755575615628914e-15,1.9152969332954743e-15,0.02905623733140498,0.35876675539515124,0.08531284110677766,0.07473641916564733
constant,prepared,0.08,0.001,0.046,0.58859349606679,0.7245667180151956,-3.0531133177191805e-15,2.106854511674629e-15,0.02964483082747177,0.3586307821732016,0.0852331926677135,0.07466607765447249
constant,prepared,0.08,0.001,0.047,0.5867299324027404,0.7245560292767202,1.915134717478395e-15,1.3215918715010582e-15,0.030231560759874508,0.35849295607632875,0.08515270035893503,0.07459573068606998
constant,prepared,0.08,0.001,0.048,0.5848890380403448,0.7245441656021554,2.3869795029440866e-15,1.6472284342806816e-15,0.03081644979791485,0.35835330094876655,0.08507138198043368,0.07452538078285471
constant,prepared,0.08,0.001,0.049,0.583070158641778,0.7245310498203793,9.43689570931383e-16,6.512416349619076e-16,0.031399519956556626,0.3582118400575882,0.08498925481281472,0.07445503032872189
constant,prepared,0.08,0.001,0.05,0.581272671600132,0.7245166040746164,-4.08006961549745e-15,2.8157185028966324e-15,0.03198079262815676,0.3580685961251141,0.08490633564231614,0.07438468157922677
constant,prepared,0.08,0.001,0.051000000000000004,0.5794959839270853,0.7245007500511749,-2.7755575615628914e-16,1.9154966791731004e-16,0.03256028861208384,0.35792359135899005,0.08482264078416554,0.07431433667082571
constant,prepared,0.08,0.001,0.052000000000000005,0.5777395303167409,0.7244834092007811,1.970645868709653e-15,1.3600351945143794e-15,0.033138028142400584,0.35777684748010535,0.08473818610440582,0.074243997629277
constant,prepared,0.08,0.001,0.053,0.5760027713680058,0.7244645029510999,-4.85722573273506e-15,3.352286904982376e-15,0.03371403091376859,0.35762838574852,0.08465298704032236,0.07417366637729852
constant,prepared,0.08,0.001,0.054,0.5742851919502693,0.724443952909723,-2.4980018054066022e-15,1.7240821704518365e-15,0.034288316105718857,0.35747822698756165,0.08456705861957584,0.07410334474155644
constant,prepared,0.08,0.001,0.055,0.572586299698515,0.7244216810569346,-2.1371793224034263e-15,1.4750934285161614e-15,0.03486090240541737,0.35732639160620366,0.08448041547815667,0.0740330344590562
constant,prepared,0.08,0.001,0.056,0.5709056236256581,0.7243976099274347,-2.248201624865942e-15,1.5517732209878185e-15,0.03543180802904303,0.35717289961990156,0.08439307187723664,0.07396273718299905
constant,prepared,0.08,0.001,0.057,0.5692427128411351,0.7243716627810564,1.970645868709653e-15,1.3602450026439563e-15,0.036001050741884165,0.35701777066996165,0.08430504171901863,0.07389245448815408
constant,prepared,0.08,0.001,0.058,0.5675971353663514,0.7243437637618871,2.0261570199409107e-15,1.3986156306627392e-15,0.03656864787725052,0.35686102404156905,0.08421633856164477,0.07382218787579657
constant,prepared,0.08,0.001,0.059000000000000004,0.5659684770377528,0.7243138380458788,-1.0547118733938987e-15,7.280765726079453e-16,0.03713461635428827,0.3567026786805592,0.0841269756332464,0.07375193877825449
constant,prepared,0.08,0.001,0.06,0.5643563404903018,0.7242818119769721,-1.5543122344752192e-15,1.0730023926961726e-15,0.03769897269477857,0.3565427532090722,0.08403696584518794,0.07368170856309747
constant,prepared,0.08,0.001,0.061,0.5627603442137452,0.7242476131917992,1.4710455076283324e-15,1.015568074256643e-15,0.038261733038992315,0.35638126594009534,0.08394632180457136,0.0736114985370076
constant,prepared,0.08,0.001,0.062,0.5611801216760705,0.7242111707331518,-6.106226635438361e-16,4.2157777194024456e-16,0.03882291316066839,0.3562182348910376,0.08385505582604634,0.07354130994935464
constant,prepared,0.08,0.001,0.063,0.5596153205078144,0.7241724151525385,5.218048215738236e-15,3.602766486651591e-15,0.0393825284811762,0.35605367779639185,0.08376317994297858,0.0734711439955076
constant,prepared,0.08,0.001,0.064,0.5580656017425213,0.7241312786021507,5.273559366969494e-16,3.6413006334635003e-16,0.03994059408291872,0.35588761211953246,0.08367070591802007,0.07340100181990462
constant,prepared,0.08,0.001,0.065,0.5565306391086906,0.7240876949165553,1.4710455076283324e-15,1.0157923673857322e-15,0.04049712472202741,0.35572005506372606,0.08357764525311928,0.07333088451890055
constant,prepared,0.08,0.001,0.066,0.5550101183688836,0.7240415996845992,2.6367796834847468e-15,1.8208758202797692e-15,0.0410521348403963,0.3555510235824101,0.08348400919901441,0.07326079314341484
constant,prepared,0.08,0.001,0.067,0.5535037367023002,0.7239929303118855,-4.135580766728708e-15,2.8560919544802545e-15,0.0416056385770986,0.3553805343888012,0.08338980876423534,0.07319072870139426
constant,prepared,0.08,0.001,0.068,0.5520112021273801,0.7239416260744206,6.661338147750939e-16,4.600742592929831e-16,0.04215764977922598,0.3552086039648544,0.08329505472365115,0.07312069216010593
constant,prepared,0.08,0.001,0.069,0.5505322329612461,0.7238876281637103,7.216449660063518e-16,4.984509597414672e-16,0.04270818201218723,0.35503524856965163,0.08319975762659561,0.07305068444827724
constant,prepared,0.08,0.001,0.07,0.5490665573135303,0.7238308797238961,-5.218048215738236e-15,3.6044664312530225e-15,0.04325724856950076,0.35486048424724,0.08310392780458771,0.07298070645809229
constant,prepared,0.08,0.001,0.07100000000000001,0.547613912611147,0.7237713258814178,-9.43689570931383e-16,6.519252263704607e-16,0.043804862482111906,0.354684326833969,0.0830075753786806,0.07291075904705666
constant,prepared,0.08,0.001,0.07200000000000001,0.5461740451526331,0.7237089137676846,1.1934897514720433e-15,8.245647723603694e-16,0.04435103652726454,0.3545067919653543,0.08291071026645956,0.07284084303974382
constant,prepared,0.08,0.001,0.073,0.5447467096892972,0.7236435925350928,-4.912736883966318e-15,3.3944450933061313e-15,0.04489578323695384,0.3543278950825065,0.08281334218870663,0.07277095922942797
constant,prepared,0.08,0.001,0.074,0.5433316690313656,0.7235753133670503,1.27675647831893e-15,8.822554160794489e-16,0.045439114905985206,0.35414765143817223,0.08271548067575864,0.07270110837961631
constant,prepared,0.08,0.001,0.075,0.5419286936773605,0.7235040294823165,-6.38378239159465e-16,4.4117117054361077e-16,0.04598104359966257,0.35396607610236785,0.08261713507356813,0.07263129122548553
constant,prepared,0.08,0.001,0.076,0.5405375614650297,0.7234296961340905,-2.1371793224034263e-15,1.4771161135796776e-15,0.0465215811611276,0.3537831839676994,0.08251831454949347,0.07256150847523021
constant,prepared,0.08,0.001,0.077,0.5391580572422896,0.7233522706044121,2.498001805406602e-16,1.7266841530194853e-16,0.04706073921836989,0.35359898975433723,0.08241902809782453,0.072491760811331
constant,prepared,0.08,0.001,0.078,0.5377899725568671,0.72327171219404,3.469446951953614e-15,2.398439544544789e-15,0.047598529190926754,0.35341350801469995,0.08231928454506872,0.07242204889174687
constant,prepared,0.08,0.001,0.079,0.536433105363244,0.7231879822084414,-1.4710455076283324e-15,1.0170561070000889e-15,0.048134962296289996,0.3532267531378555,0.08221909255500146,0.07235237335103696
constant,prepared,0.08,0.001,0.08,0.5350872597459561,0.723101043940031,-1.1102230246251565e-15,7.676818018238344e-16,0.04867004955603595,0.3530387393536601,0.08211846063349881,0.072282734801419
constant,prepared,0.08,0.001,0.081,0.5337522456577719,0.7230108626471742,1.942890293094024e-15,1.3436107211311307e-15,0.049203801801693724,0.35284948073667033,0.08201739713316694,0.07221313383376594
constant,prepared,0.08,0.001,0.082,0.5324278786721331,0.722917405530283,1.0547118733938987e-15,7.294829708936341e-16,0.049736229680365854,0.3526589912098129,0.08191591025777098,0.07214357101854679
constant,prepared,0.08,0.001,0.083,0.5311139797488649,0.7228206417050762,-1.942890293094024e-16,1.343964312163873e-16,0.05026734366011472,0.35246728454785825,0.08181400806648303,0.07207404690671507
constant,prepared,0.08,0.001,0.084,0.5298103750119861,0.7227205421736734,-5.051514762044462e-15,3.494791186404783e-15,0.050797154035126704,0.3522743743806935,0.08171169847795211,0.07200456203054906
constant,prepared,0.08,0.001,0.085,0.5285168955393575,0.7226170797934464,2.1371793224034263e-15,1.4787771989933567e-15,0.05132567093066606,0.3520802741964381,0.08160898927421155,0.071935116904445
constant,prepared,0.08,0.001,0.08600000000000001,0.5272333771629244,0.7225102292441488,2.6645352591003757e-15,1.843942930668168e-15,0.05185290430782899,0.351884997344359,0.08150588810442112,0.07186571202566958
constant,prepared,0.08,0.001,0.08700000000000001,0.525959660279264,0.7223999669933447,1.4432899320127035e-15,9.989548712327106e-16,0.05237886396810825,0.3516885570376447,0.08140240248847125,0.07179634787507032
constant,prepared,0.08,0.001,0.088,0.5246955896695809,0.7222862712605357,1.27675647831893e-15,8.838299502015528e-16,0.052903559557777834,0.35149096635605565,0.08129853982043322,0.07172702491775217
constant,prepared,0.08,0.001,0.089,0.5234410143287104,0.7221691219801081,-3.885780586188048e-16,2.690353594414053e-16,0.053427000572106545,0.3512922382484042,0.08119430737188316,0.07165774360371426
constant,prepared,0.08,0.001,0.09,0.5221957873024493,0.7220485007632791,-1.1934897514720433e-15,8.264609304017692e-16,0.053949196359408993,0.351092385534943,0.08108971229509154,0.07158850436845915
constant,prepared,0.08,0.001,0.091,0.5209597655329311,0.721924390859273,1.6375789613221059e-15,1.1341762254167435e-15,0.054470156124941924,0.350891420909616,0.08098476162609511,0.07151930763356802
constant,prepared,0.08,0.001,0.092,0.5197328097111755,0.7217967771158648,2.4147350785597155e-15,1.6727250350219364e-15,0.0549898889346531,0.35068935694221104,0.08087946228765076,0.0714501538072477
constant,prepared,0.08,0.001,0.093,0.5185147841370802,0.7216656459394056,-5.828670879282072e-16,4.0383458129663254e-16,0.05550840371879018,0.3504862060804083,0.08077382109207584,0.07138104328485197
constant,prepared,0.08,0.001,0.094,0.517305556585502,0.7215309852545763,2.3314683517128287e-15,1.6156397988162752e-15,0.05602570927537568,0.35028198065174093,0.08066784474399025,0.07131197644937565
constant,prepared,0.08,0.001,0.095,0.5161049981790375,0.7213927844638094,-1.0824674490095276e-15,7.502621819360833e-16,0.056541814273554716,0.3500766928654563,0.08056153984294906,0.07124295367192611
constant,prepared,0.08,0.001,0.096,0.5149129832663208,0.7212510344067606,2.220446049250313e-16,1.539301812632173e-16,0.05705672725682104,0.3498703548143137,0.08045491288598773,0.07117397531217184
constant,prepared,0.08,0.001,0.097,0.5137293893061465,0.721105727319632,3.3306690738754696e-16,2.309417986635364e-16,0.057570456646127185,0.3496629784763024,0.08034797027006871,0.07110504171876895
constant,prepared,0.08,0.001,0.098,0.512554096756597,0.7209568567947281,-4.996003610813204e-16,3.464842288222856e-16,0.05808301074288378,0.3494545757162621,0.08024071829444528,0.07103615322976942
constant,prepared,0.08,0.001,0.099,0.5113869889692847,0.720804417740089,-7.216449660063518e-16,5.005830626488794e-16,0.058594397731853064,0.34924515828749253,0.08013316316294006,0.07096731017300906
constant,prepared,0.08,0.001,0.1,0.5102279520882717,0.7206484063394725,-1.5543122344752192e-15,1.0784123164653459e-15,0.059104625683941335,0.34903473783324135,0.08002531098614589,0.07089851286647857
constant,prepared,0.08,0.001,0.101,0.5090768749533067,0.7204888200126449,-3.7192471324942744e-15,2.58105818521168e-15,0.05961370255889464,0.3488233258881822,0.07991716778354481,0.07082976161867661
constant,prepared,0.08,0.001,0.10200000000000001,0.5079336490074431,0.7203256573760114,2.7478019859472624e-15,1.907333133153203e-15,0.060121636207902084,0.34861093387981307,0.07980873948556513,0.07076105672894825
constant,prepared,0.08,0.001,0.10300000000000001,0.5067981682084847,0.7201589182038319,-3.3306690738754696e-16,2.312454230368058e-16,0.06062843437611057,0.34839757312981745,0.07970003193555501,0.07069239848780816
constant,prepared,0.08,0.001,0.10400000000000001,0.5056703289442744,0.7199886033897881,-1.9984014443252818e-15,1.387800747759467e-15,0.06113410470505484,0.348183254855372,0.07959105089170079,0.07062378717724851
constant,prepared,0.08,0.001,0.105,0.504550029951621,0.7198147149092445,1.4432899320127035e-15,1.0025426697443065e-15,0.061638654735006466,0.3479679901704147,0.07948180202887638,0.07055522307103458
constant,prepared,0.08,0.001,0.106,0.503437172238438,0.7196372557819868,-9.159339953157541e-16,6.363858930013733e-16,0.06214209190724491,0.3477517900868717,0.07937229094043041,0.07048670643498772
constant,prepared,0.08,0.001,0.107,0.5023316590094079,0.7194562300356061,-1.3877787807814457e-16,9.644636621693888e-17,0.06264442356625431,0.34753466551584555,0.07926252313992059,0.07041823752725473
constant,prepared,0.08,0.001,0.108,0.5012333955943846,0.7192716426696119,-1.4988010832439613e-15,1.0418880672683617e-15,0.06314565696184869,0.3473166272687692,0.07915250406278317,0.0703498165985676
constant,prepared,0.08,0.001,0.109,0.5001422893799568,0.7190834996200733,2.858824288409778e-15,1.9878249813270837e-15,0.06364579925122865,0.34709768605853086,0.07904223906795738,0.07028144389249123
constant,prepared,0.08,0.001,0.11,0.4990582497436687,0.7188918077251408,-2.7755575615628914e-15,1.9304417797901073e-15,0.06414485750097232,0.3468778525005492,0.07893173343945238,0.07021311964566072
constant,prepared,0.08,0.001,0.111,0.49798118799093954,0.7186965746910432,-1.3877787807814457e-16,9.654830909539473e-17,0.06464283868896326,0.34665713711384794,0.07882099238786679,0.0701448440880102
constant,prepared,0.08,0.001,0.112,0.496911017294447,0.7184978090590272,-1.9984014443252818e-15,1.390680263132931e-15,0.0651397497062577,0.3464355503220845,0.07871002105186128,0.07007661744299058
constant,prepared,0.08,0.001,0.113,0.4958476526359444,0.7182955201729236,1.4432899320127035e-15,1.004663047087668e-15,0.06563559735889364,0.3462131024545471,0.07859882449958507,0.07000843992777941
constant,prepared,0.08,0.001,0.114,0.49479101075029974,0.718089718147482,3.3306690738754696e-16,2.3191176462377733e-16,0.06613038836964394,0.3459898037471496,0.0784874077300565,0.06994031175348202
constant,prepared,0.08,0.001,0.115,0.49374101007177135,0.7178804138374151,-4.996003610813204e-16,3.4796907078904484e-16,0.06662412937971571,0.34576566434338357,0.07837577567450546,0.0698722331253257
constant,prepared,0.08,0.001,0.116,0.49269757068231035,0.7176676188072552,1.2212453270876722e-15,8.508432699787606e-16,0.06711682695039801,0.34554069429525774,0.07826393319767276,0.06980420424284328
constant,prepared,0.08,0.001,0.117,0.4916606142619429,0.7174513453019147,2.942091015256665e-15,2.0503766802601653e-15,0.06760848756465995,0.345314903564218,0.07815188509907164,0.06973622530005341
constant,prepared,0.08,0.001,0.11800000000000001,0.49063006404084675,0.7172316062180327,-3.83026943495679e-15,2.6701761340063065e-15,0.0680991176287008,0.34508830202204194,0.07803963611420933,0.0696682964856307
constant,prepared,0.08,0.001,0.11900000000000001,0.48960584475343827,0.7170084150760081,4.440892098500626e-16,3.096820068722525e-16,0.06858872347345424,0.3448608994517201,0.07792719091577809,0.069600417983071
constant,prepared,0.08,0.001,0.12,0.4885878825940572,0.7167817859928708,1.27675647831893e-15,8.906172724174299e-16,0.06907731135604829,0.3446327055483176,0.07781455411480652,0.06953258997084912
constant,prepared,0.08,0.001,0.121,0.48757610517431066,0.7165517336557966,1.304512053934559e-15,9.102706703946056e-16,0.06956488746122261,0.3444037299198372,0.07770173026178032,0.06946481262257213
constant,prepared,0.08,0.001,0.122,0.48657044148203493,0.7163182732964151,-1.8041124150158794e-15,1.259295261806991e-15,0.07005145790270464,0.34417398208802463,0.07758872384772884,0.06939708610712496
constant,prepared,0.08,0.001,0.123,0.48557082184177214,0.7160814206657979,-4.052314039881821e-15,2.8295064799433514e-15,0.07053702872454641,0.3439434714892008,0.0774755393052854,0.06932941058881208
constant,prepared,0.08,0.001,0.124,0.48457717787658244,0.7158411920102052,3.802513859341161e-15,2.6559758657245176e-15,0.071021605902423,0.34371220747506637,0.07736218100971214,0.0692617862274932
constant,prepared,0.08,0.001,0.125,0.48358944247139374,0.7155976040475028,1.1657341758564144e-15,8.145179422505652e-16,0.0715051953448944,0.34348019931349094,0.07724865327989949,0.06919421317871413
constant,prepared,0.08,0.001,0.126,0.482607549737508,0.7153506739442651,3.6637359812630166e-15,2.5607971829131586e-15,0.0719878028946319,0.3432474561892848,0.0771349603793388,0.06912669159383239
constant,prepared,0.08,0.001,0.127,0.48163143497851124,0.7151004192936319,2.3314683517128287e-15,1.6301684971852087e-15,0.07246943432961041,0.34301398720496956,0.07702110651706658,0.0690592216201395
constant,prepared,0.08,0.001,0.128,0.48066103465729043,0.7148468580936962,4.801714581503802e-15,3.3585617164973373e-15,0.07295009536426769,0.34277980138153274,0.07690709584858409,0.0689918034009766
constant,prepared,0.08,0.001,0.129,0.4796962863643278,0.7145900087267401,9.159339953157541e-16,6.408807736815193e-16,0.07342979165063201,0.342544907659169,0.07679293247675129,0.06892443707584853
constant,prepared,0.08,0.001,0.13,0.4787371287869008,0.7143298899389428,-2.275957200481571e-15,1.5930715153723384e-15,0.07390852877941892,0.3423093148980182,0.07667862045265827,0.06885712278053222
constant,prepared,0.08,0.001,0.131,0.47778350167966843,0.7140665208208186,9.992007221626409e-16,6.996552093032315e-16,0.07438631228109858,0.3420730318788764,0.07656416377647474,0.0687898606471809
constant,prepared,0.08,0.001,0.132,0.4768353458359269,0.7137999207882842,-4.468647674116255e-15,3.1301822429325308e-15,0.07486314762693451,0.34183606730392524,0.07644956639827562,0.06872265080442606
constant,prepared,0.08,0.001,0.133,0.4758926030601392,0.7135301095642328,1.8318679906315083e-15,1.2836655146552012e-15,0.07533904022999464,0.3415984297974203,0.07633483221884162,0.06865549337747519
constant,prepared,0.08,0.001,0.134,0.47495521614124603,0.7132571071608483,-1.1934897514720433e-15,8.366476404439791e-16,0.07581399544613589,0.34136012790639997,0.07621996509045055,0.06858838848820463
constant,prepared,0.08,0.001,0.135,0.47402312882689956,0.7129809338623926,1.4988010832439613e-15,1.0510807597088091e-15,0.07628801857496278,0.3411211701013653,0.07610496881763515,0.06852133625525261
constant,prepared,0.08,0.001,0.136,0.473096285798665,0.7127016102085758,-2.581268532253489e-15,1.8109040973669696e-15,0.07676111486076145,0.3408815647769548,0.0759898471579319,0.06845433679410542
constant,prepared,0.08,0.001,0.137,0.47217463264792064,0.71241915697852,2.7755575615628914e-17,1.9479807177943257e-17,0.07723328949340938,0.340641320252625,0.07587460382260533,0.06838739021718282
constant,prepared,0.08,0.001,0.138,0.47125811585265137,0.7121335951752565,1.3877787807814457e-16,9.743809238770096e-17,0.07770454760926203,0.3404004447733024,0.07575924247735931,0.06832049663392013
constant,prepared,0.08,0.001,0.139,0.4703466827549997,0.7118449460107111,-7.771561172376096e-16,5.458745767550312e-16,0.07817489429201703,0.340158946510046,0.0756437667430237,0.06825365615084689
constant,prepared,0.08,0.001,0.14,0.4694402815395325,0.7115532308912225,6.106226635438361e-16,4.2907728967728046e-16,0.07864433457355656,0.339916833560695,0.07552818019623408,0.06818686887166392
constant,prepared,0.08,0.001,0.14100000000000001,0.4685388612122443,0.7112584714035916,-4.996003610813204e-16,3.5120872451291406e-16,0.0791128734347688,0.3396741139505037,0.07541248637008804,0.06812013489731694
constant,prepared,0.08,0.001,0.14200000000000002,0.46764237158026345,0.7109606893015753,-1.8318679906315083e-15,1.2883046968680354e-15,0.07958051580634906,0.3394307956327819,0.07529668875478687,0.0680534543260677
constant,prepared,0.08,0.001,0.14300000000000002,0.46675076323215875,0.710659906492867,1.8041124150158794e-15,1.269321934819173e-15,0.08004726656958122,0.33918688648952144,0.07518079079826376,0.06798682725356382
constant,prepared,0.08,0.001,0.14400000000000002,0.4658639875189311,0.7103561450265725,-3.3584246494910985e-15,2.3639020180260965e-15,0.08051313055710015,0.33894239433201423,0.07506479590680006,0.06792025377290536
constant,prepared,0.08,0.001,0.145,0.4649819965356376,0.7100494270810425,-2.609024107869118e-15,1.8372130223346677e-15,0.08097811255363578,0.33869732690146775,0.07494870744562018,0.06785373397470892
constant,prepared,0.08,0.001,0.146,0.4641047431034999,0.7097397749522848,1.582067810090848e-15,1.1145407555869386e-15,0.08144221729673928,0.3384516918696179,0.0748325287394784,0.06778726794717076
constant,prepared,0.08,0.001,0.147,0.46323218075274775,0.7094272110426743,8.326672684688674e-17,5.868588457757789e-17,0.08190544947749204,0.3382054968393299,0.07471626307323354,0.06772085577612737
constant,prepared,0.08,0.001,0.148,0.46236426370582695,0.7091117578500945,3.58046925441613e-15,2.524615629891324e-15,0.08236781374119787,0.33795874934518505,0.07459991369240287,0.06765449754511353
constant,prepared,0.08,0.001,0.149,0.4615009468612568,0.7087934379575567,2.0539125955565396e-15,1.448879522273122e-15,0.08282931468805912,0.33771145685408854,0.07448348380371551,0.06758819333541898
constant,prepared,0.08,0.001,0.15,0.4606421857779751,0.7084722740231304,3.0808688933348094e-15,2.174304490308267e-15,0.0832899568738371,0.3374636267658446,0.0743669765756423,0.06752194322614431
constant,prepared,0.08,0.001,0.151,0.4597879366600657,0.7081482887702512,3.7192471324942744e-15,2.626036941325521e-15,0.08374974481049717,0.3372152664137338,0.07425039513892237,0.0674557472942529
constant,prepared,0.08,0.001,0.152,0.45893815634219537,0.7078215049784644,-1.3877787807814457e-16,9.803169097155851e-17,0.08420868296683937,0.3369663830650976,0.07413374258707413,0.0673896056146231
constant,prepared,0.08,0.001,0.153,0.45809280227518734,0.7074919454744364,-3.0531133177191805e-15,2.1577018206700592e-15,0.08466677576911455,0.33671698392189675,0.07401702197689698,0.06732351826009729
constant,prepared,0.08,0.001,0.154,0.4572518325123316,0.7071596331233349,-3.885780586188048e-15,2.747456447015793e-15,0.08512402760162688,0.33646707612128635,0.07390023632896091,0.06725748530153146
constant,prepared,0.08,0.001,0.155,0.4564152056958731,0.7068245908206283,1.887379141862766e-15,1.335111402725465e-15,0.08558044280732276,0.3362166667361624,0.07378338862808917,0.06719150680784064
constant,prepared,0.08,0.001,0.156,0.4555828810441274,0.70648684148405,2.3314683517128287e-15,1.6500437197211838e-15,0.08603602568836688,0.33596576277572393,0.07366648182382736,0.06712558284604551
constant,prepared,0.08,0.001,0.157,0.45475481833876175,0.7061464080460272,2.7200464103316335e-15,1.925979074125895e-15,0.08649078050670564,0.3357143711860155,0.07354951883090381,0.06705971348131508
constant,prepared,0.08,0.001,0.158,0.4539309779126432,0.7058033134462929,-9.43689570931383e-16,6.685216355272838e-16,0.08694471148461828,0.3354624988504817,0.07343250252968342,0.06699389877701001
constant,prepared,0.08,0.001,0.159,0.4531113206380158,0.7054575806248642,-1.4432899320127035e-15,1.0229459372555755e-15,0.0873978228052563,0.3352101525904927,0.07331543576660891,0.06692813879472422
constant,prepared,0.08,0.001,0.16,0.45229580791485763,0.7051092325153138,-5.551115123125783e-17,3.936351183009948e-17,0.08785011861317116,0.3349573391658941,0.0731983213546347,0.0668624335943243
constant,prepared,0.08,0.001,0.161,0.45148440165990483,0.7047582920382379,-3.552713678800501e-15,2.5205192467659187e-15,0.08830160301483106,0.3347040652755163,0.07308116207365328,0.06679678323398885
constant,prepared,0.08,0.001,0.162,0.45067706429559606,0.7044047820950808,1.7208456881689926e-15,1.2214892146606056e-15,0.08875228007912665,0.33445033755771664,0.0729639606709103,0.06673118777024581
constant,prepared,0.08,0.001,0.163,0.44987375873975605,0.7040487255621614,-4.551914400963142e-15,3.2326700096847646e-15,0.08920215383786641,0.3341961625908927,0.072846719861417,0.06666564725800912
constant,prepared,0.08,0.001,0.164,0.4490744483952596,0.7036901452849325,-1.2212453270876722e-15,8.677436619445457e-16,0.08965122828626167,0.3339415468940052,0.07272944232834912,0.0666001617506146
constant,prepared,0.08,0.001,0.165,0.4482790971401507,0.7033290640725762,1.6653345369377348e-15,1.1838942978516578e-15,0.09009950738340182,0.3336864969270724,0.07261213072344087,0.0665347312998539
constant,prepared,0.08,0.001,0.166,0.4474876693180012,0.7029655046927221,1.2212453270876722e-15,8.686381614283461e-16,0.09054699505271982,0.3334310190916975,0.07249478766737166,0.06646935595600818
constant,prepared,0.08,0.001,0.167,0.4467001297285364,0.7025994898664543,-2.55351295663786e-15,1.8171895891379173e-15,0.09099369518244836,0.3331751197315589,0.0723774157501469,0.06640403576788013
constant,prepared,0.08,0.001,0.168,0.4459164436186441,0.7022310422634946,-3.3306690738754696e-16,2.3714909149699194e-16,0.09143961162606701,0.3329188051329149,0.07226001753146923,0.06633877078282656
constant,prepared,0.08,0.001,0.169,0.4451365766733771,0.7018601844976682,2.220446049250313e-15,1.5818293288993988e-15,0.09188474820274038,0.33266208152509064,0.07214259554110398,0.06627356104678796
constant,prepared,0.08,0.001,0.17,0.4443604950075011,0.7014869391224973,-7.771561172376096e-16,5.539348446100569e-16,0.09232910869774788,0.33240495508097373,0.07202515227923864,0.06620840660431856
constant,prepared,0.08,0.001,0.171,0.44358816515713545,0.7011113286269955,4.440892098500626e-16,3.167037756469674e-16,0.09277269686290501,0.3321474319175042,0.0719076902168357,0.06614330749861518
constant,prepared,0.08,0.001,0.17200000000000001,0.4428195540715635,0.7007333754317332,7.216449660063518e-16,5.149212177611308e-16,0.09321551641697658,0.3318895180961433,0.07179021179598091,0.06607826377154541
constant,prepared,0.08,0.001,0.17300000000000001,0.4420546291054233,0.7003531018849926,-3.6637359812630166e-15,2.6156348643292377e-15,0.093657571046082,0.33163121962336434,0.07167271943022142,0.066013275463675
constant,prepared,0.08,0.001,0.17400000000000002,0.44129335801105546,0.699970530259134,2.609024107869118e-15,1.8636671081732785e-15,0.09409886440409305,0.33137254245111664,0.07155521550490276,0.0659483426142939
constant,prepared,0.08,0.001,0.17500000000000002,0.4405357089309456,0.6995856827471869,-1.609823385706477e-15,1.1505548393907237e-15,0.094539400113024,0.33111349247730276,0.07143770237749554,0.0658834652614425
constant,prepared,0.08,0.001,0.176,0.4397816503905944,0.6991985814594681,-3.2751579226442118e-15,2.34207992513932e-15,0.09497918176341459,0.33085407554623336,0.07132018237792287,0.06581864344193636
constant,prepared,0.08,0.001,0.177,0.4390311512913001,0.6988092484205507,-1.4432899320127035e-15,1.0326780414503888e-15,0.0954182129147059,0.330594297449104,0.07120265780887453,0.0657538771913907
constant,prepared,0.08,0.001,0.178,0.43828418090353227,0.6984177055661889,1.1102230246251565e-15,7.948130579859277e-16,0.09585649709560942,0.33033416392444087,0.0710851309461234,0.06568916654424414
constant,prepared,0.08,0.001,0.179,0.4375407088599907,0.6980239747405689,-2.9976021664879227e-15,2.147205737168292e-15,0.0962940378044694,0.33007368065856174,0.07096760403883015,0.0656245115337814
constant,prepared,0.08,0.001,0.18,0.436800705149244,0.6976280776935687,-1.609823385706477e-15,1.1537833963253908e-15,0.09673083850961865,0.32981285328601506,0.07085007930985054,0.06555991219215632
constant,prepared,0.08,0.001,0.181,0.4360641401093937,0.6972300360782367,-1.6653345369377348e-16,1.194250427236949e-16,0.09716690264972805,0.32955168739004714,0.070732558956028,0.06549536855041305
constant,prepared,0.08,0.001,0.182,0.43533098442186396,0.6968298714483342,3.0531133177191805e-15,2.1907164451585544e-15,0.09760223363414991,0.32929018850301994,0.07061504514849164,0.06543088063850754
constant,prepared,0.08,0.001,0.183,0.43460120910537425,0.6964276052561288,-9.43689570931383e-16,6.775216575341799e-16,0.09803683484325529,0.3290283621068691,0.07049754003294315,0.06536644848532859
constant,prepared,0.08,0.001,0.184,0.4338747855101916,0.6960232588501375,1.1102230246251565e-16,7.975473595949193e-17,0.09847070962876547,0.32876621363352915,0.07038004572994157,0.0653020721187168
constant,prepared,0.08,0.001,0.185,0.4331516853123315,0.6956168534731678,-1.4988010832439613e-15,1.0773179773898165e-15,0.0989038613140778,0.3285037484653678,0.07026256433518271,0.06523775156548563
constant,prepared,0.08,0.001,0.186,0.4324318805080585,0.6952084102603118,2.3314683517128287e-15,1.6768125336975116e-15,0.09933629319458585,0.328240971935617,0.07014509791977452,0.06517348685143941
constant,prepared,0.08,0.001,0.187,0.43171534340842727,0.694797950237217,6.661338147750939e-16,4.793723229520633e-16,0.09976800853799428,0.3279778893287878,0.07002764853051108,0.06510927800139203
constant,prepared,0.08,0.001,0.188,0.43100204663409075,0.6943854943182876,1.7208456881689926e-15,1.239114081622939e-15,0.10019901058462836,0.3277145058811048,0.06991021819013661,0.0650451250391857
constant,prepared,0.08,0.001,0.189,0.430291963110079,0.6939710633051579,-2.220446049250313e-16,1.599811697245021e-16,0.10062930254773844,0.32745082678090764,0.06979280889761165,0.06498102798770763
constant,prepared,0.08,0.001,0.19,0.42958506606083985,0.6935546778851327,2.55351295663786e-15,1.8408879920068615e-15,0.10105888761379928,0.3271868571690839,0.06967542262837163,0.06491698686890782
constant,prepared,0.08,0.001,0.191,0.4288813290053066,0.6931363586297972,8.881784197001252e-16,6.4069530377535645e-16,0.10148776894280458,0.3269226021394592,0.06955806133458214,0.06485300170381583
constant,prepared,0.08,0.001,0.192,0.4281807257521868,0.6927161259937096,1.7208456881689926e-15,1.2421002078596168e-15,0.10191594966855676,0.32665806673921693,0.06944072694539366,0.0647890725125564
constant,prepared,0.08,0.001,0.193,0.42748323039530006,0.6922940003131272,8.326672684688674e-16,6.013826987466658e-16,0.10234343289895206,0.32639325596929886,0.06932342136718776,0.06472519931436643
constant,prepared,0.08,0.001,0.194,0.42678881730892504,0.691870001804964,-1.7208456881689926e-15,1.2436192374865353e-15,0.10277022171626099,0.3261281747848043,0.06920614648382198,0.06466138212760923
constant,prepared,0.08,0.001,0.195,0.4260974611436141,0.6914441505655943,-6.661338147750939e-16,4.816974836146951e-16,0.1031963191774046,0.32586282809538186,0.06908890415687452,0.06459762096979085
constant,prepared,0.08,0.001,0.196,0.42540913682164616,0.6910164665699743,-2.220446049250313e-15,1.606652052933002e-15,0.10362172831422625,0.3255972207656334,0.06897169622587922,0.06453391585757386
constant,prepared,0.08,0.001,0.197,0.42472381953290606,0.6905869696707037,1.7208456881689926e-15,1.2459297407461588e-15,0.10404645213375915,0.3253313576154964,0.06885452450856237,0.06447026680679227
constant,prepared,0.08,0.001,0.198,0.4240414847307999,0.6901556795971765,-2.220446049250313e-15,1.6086559271281558e-15,0.10447049361848995,0.32506524342062904,0.06873739080107509,0.06440667383246565
constant,prepared,0.08,0.001,0.199,0.42336210812815894,0.6897226159548543,-4.107825191113079e-15,2.9778820471373155e-15,0.10489385572661811,0.32479888291280334,0.06862029687822029,0.06434313694881237
constant,prepared,0.08,0.001,0.2,0.4226856656933493,0.6892877982245527,-6.716849298982197e-15,4.872311185750926e-15,0.10531654139231146,0.3245322807802733,0.06850324449367992,0.06427965616926311
constant,prepared,0.08,0.001,0.201,0.4220121336464478,0.6888512457617956,7.771561172376096e-16,5.640957478259025e-16,0.10573855352595792,0.3242654416681571,0.06838623538023658,0.06421623150647421
constant,prepared,0.08,0.001,0.202,0.4213414884555418,0.6884129777963002,-2.55351295663786e-15,1.854637433486505e-15,0.10615989501441346,0.32399837017881616,0.06826927124999463,0.06415286297233987
constant,prepared,0.08,0.001,0.203,0.42067370683290534,0.6879730134314276,9.43689570931383e-16,6.858478112568021e-16,0.10658056872124637,0.32373107087221753,0.06815235379459608,0.06408955057800547
constant,prepared,0.08,0.001,0.20400000000000001,0.4200087657316039,0.68753137164377,-6.661338147750939e-16,4.844388505374541e-16,0.10700057748697797,0.3234635482663047,0.06803548468543365,0.0640262943338789
constant,prepared,0.08,0.001,0.20500000000000002,0.4193466423419536,0.6870880712827023,-2.4980018054066022e-15,1.817817765882013e-15,0.10741992412931993,0.32319580683736493,0.06791866557386482,0.06396309424964232
constant,prepared,0.08,0.001,0.20600000000000002,0.41868731408797916,0.6866431310701248,5.717648576819556e-15,4.163479046173992e-15,0.10783861144340791,0.32292785102038263,0.06780189809141816,0.06389995033426474
constant,prepared,0.08,0.001,0.20700000000000002,0.41803075862426464,0.6861965696001222,1.1102230246251565e-15,8.089686496626855e-16,0.10825664220203217,0.32265968520940785,0.0676851838499999,0.06383686259601246
constant,prepared,0.08,0.001,0.20800000000000002,0.4173769538325245,0.6857484053387365,9.43689570931383e-16,6.880727418281283e-16,0.10867401915586469,0.32239131375789964,0.06756852444209822,0.0637738310424604
constant,prepared,0.08,0.001,0.209,0.4167258778184974,0.6852986566237824,3.219646771412954e-15,2.3490829438328225e-15,0.10909074503368318,0.3221227409790962,0.0674519214409828,0.0637108556805029
constant,prepared,0.08,0.001,0.21,0.4160775089087737,0.6848473416647222,-3.497202527569243e-15,2.5532715941251054e-15,0.10950682254259196,0.3218539711463377,0.06733537640090434,0.06364793651636479
constant,prepared,0.08,0.001,0.211,0.41543182564780673,0.684394478542509,-2.220446049250313e-16,1.6221975182930976e-16,0.10992225436823977,0.3215850084934428,0.06721889085728955,0.06358507355561072
constant,prepared,0.08,0.001,0.212,0.4147888067947838,0.6839400852096037,-2.609024107869118e-15,1.9073484390592108e-15,0.11033704317503455,0.32131585721503014,0.06710246632693534,0.06352226680315617
constant,prepared,0.08,0.001,0.213,0.41414843132085744,0.6834841794898832,-1.4988010832439613e-15,1.096441679427452e-15,0.11075119160635541,0.32104652146685997,0.06698610430820011,0.06345951626327735
constant,prepared,0.08,0.001,0.214,0.41351067840613515,0.6830267790787322,8.881784197001252e-16,6.501783289508073e-16,0.11116470228476154,0.32077700536618653,0.06686980628119205,0.06339682193962003
constant,prepared,0.08,0.001,0.215,0.4128755274369658,0.6825679015430337,-1.6653345369377348e-15,1.2199039342262003e-15,0.1115775778121985,0.32050731299208185,0.06675357370795705,0.06333418383520999
constant,prepared,0.08,0.001,0.216,0.4122429580031267,0.6821075643213038,1.2212453270876722e-15,8.95199958897105e-16,0.11198982077020163,0.3202374483857638,0.06663740803266112,0.06327160195246141
constant,prepared,0.08,0.001,0.217,0.411612949895188,0.6816457847238014,-1.3322676295501878e-15,9.772433567457735e-16,0.11240143372009681,0.31996741555093455,0.06652131068177485,0.06320907629318692
constant,prepared,0.08,0.001,0.218,0.41098548310181976,0.6811825799326792,3.608224830031759e-15,2.6485005168425975e-15,0.11281241920319864,0.31969721845410437,0.06640528306425189,0.06314660685860604
constant,prepared,0.08,0.001,0.219,0.41036053780724463,0.6807179670022013,-1.7763568394002505e-15,1.3047671175943182e-15,0.11322277974100588,0.319426861024909,0.06628932657170927,0.06308419364935323
constant,prepared,0.08,0.001,0.22,0.40973809438866043,0.6802519628589089,2.7200464103316335e-15,1.9992933198605065e-15,0.11363251783539453,0.3191563471564392,0.06617344257859896,0.0630218366654877
constant,prepared,0.08,0.001,0.221,0.40911813341379305,0.6797845843019464,-2.3314683517128287e-15,1.7148582106395946e-15,0.11404163596880833,0.3188856807055514,0.06605763244238867,0.06295953590650068
constant,prepared,0.08,0.001,0.222,0.40850063563846495,0.6793158480032346,1.6653345369377348e-16,1.2257439170842109e-16,0.11445013660444679,0.3186148654931844,0.06594189750372607,0.06289729137132379
constant,prepared,0.08,0.001,0.223,0.4078855820042012,0.6788457705078647,-1.609823385706477e-15,1.1857062794264168e-15,0.114858022186451,0.3183439053046828,0.06582623908661552,0.0628351030583379
constant,prepared,0.08,0.001,0.224,0.40727295363584626,0.6783743682343585,1.942890293094024e-15,1.4320192389866428e-15,0.11526529514008685,0.3180728038900835,0.06571065849858275,0.06277297096537983
constant,prepared,0.08,0.001,0.225,0.4066627318393342,0.6779016574750564,-3.608224830031759e-15,2.661318784402393e-15,0.11567195787192618,0.3178015649644502,0.06559515703084082,0.06271089508975061
constant,prepared,0.08,0.001,0.226,0.406054898099404,0.6774276543964409,3.497202527569243e-15,2.5812369076407816e-15,0.11607801277002558,0.3175301922081507,0.06547973595845655,0.06264887542822324
constant,prepared,0.08,0.001,0.227,0.405449434077371,0.6769523750396027,-2.1094237467877974e-15,1.5580296521335024e-15,0.11648346220410295,0.3172586892671882,0.06536439654051225,0.0625869119770495
constant,prepared,0.08,0.001,0.228,0.4048463216090436,0.6764758353205497,-1.6653345369377348e-16,1.2308898928729748e-16,0.116888308525712,0.3169870597534765,0.06524914002026479,0.06252500473196763
constant,prepared,0.08,0.001,0.229,0.4042455427024596,0.67599805103073,-3.885780586188048e-16,2.8741063530162506e-16,0.11729255406841446,0.31671530724514885,0.0651339676253076,0.06246315368820954
constant,prepared,0.08,0.001,0.23,0.4036470795359207,0.6755190378374447,-1.27675647831893e-15,9.450188720115442e-16,0.11769620114795039,0.3164434352868468,0.06501888056772605,0.06240135884050709
constant,prepared,0.08,0.001,0.231,0.40305091445589925,0.6750388112842941,8.881784197001252e-16,6.578721140569104e-16,0.11809925206240629,0.31617144739001857,0.06490388004425368,0.06233962018309961
constant,prepared,0.08,0.001,0.232,0.4024570299750005,0.6745573867917043,1.6653345369377348e-15,1.234390557086857e-15,0.1185017090923813,0.31589934703320277,0.0647889672364255,0.0622779377097408
constant,prepared,0.08,0.001,0.233,0.4018654087700326,0.6740747796573927,-1.3322676295501878e-15,9.882194600333004e-16,0.11890357450115133,0.3156271376623132,0.06467414331073115,0.06221631141370464
constant,prepared,0.08,0.001,0.234,0.4012760336800122,0.6735910050568948,-5.551115123125783e-17,4.120538339624138e-17,0.11930485053483134,0.3153548226909374,0.06455940941876448,0.062154741287791956
constant,prepared,0.08,0.001,0.23500000000000001,0.40068888770434075,0.673106078044107,-1.3322676295501878e-15,9.896416575389243e-16,0.11970553942253567,0.31508240550059746,0.06444476669737334,0.06209322732433748
constant,prepared,0.08,0.001,0.23600000000000002,0.40010395400083437,0.6726200135517895,-2.831068712794149e-15,2.1045082332925353e-15,0.12010564337653651,0.3148098894410465,0.0643302162688068,0.06203176951521491
constant,prepared,0.08,0.001,0.23700000000000002,0.39952121588395456,0.6721328263921659,1.27675647831893e-15,9.497798858986144e-16,0.12050516459242046,0.31453727783053864,0.06421575924086141,0.061970367851844746
constant,prepared,0.08,0.001,0.23800000000000002,0.39894065682295843,0.671644531257472,-1.27675647831893e-15,9.50470389395229e-16,0.12090410524924342,0.31426457395610535,0.06410139670702397,0.06190902232519791
constant,prepared,0.08,0.001,0.23900000000000002,0.39836226044017947,0.6711551427205126,-6.661338147750939e-16,4.962591898461327e-16,0.1213024675096836,0.3139917810738246,0.06398712974661754,0.06184773292580418
constant,prepared,0.08,0.001,0.24,0.3977860105091683,0.6706646752352948,-3.3861802251067274e-15,2.5244957354573164e-15,0.12170025352019277,0.3137189024090988,0.06387295942493854,0.06178649964375639
constant,prepared,0.08,0.001,0.241,0.39721189095311865,0.6701731431375826,-1.3877787807814457e-15,1.0353882388394548e-15,0.1220974654111459,0.3134459411569144,0.0637588867934003,0.061725322468716294
constant,prepared,0.08,0.001,0.242,0.39663988584307536,0.6696805606455436,4.996003610813204e-16,3.730139341357966e-16,0.12249410529698897,0.31317290048211227,0.06364491288966984,0.06166420138992103
constant,prepared,0.08,0.001,0.243,0.3960699793962774,0.6691869418603361,6.661338147750939e-16,4.977187786444585e-16,0.12289017527638524,0.312899783519647,0.06353103873780498,0.061603136396187454
constant,prepared,0.08,0.001,0.244,0.3955021559746025,0.6686923007667551,-3.3861802251067274e-15,2.531941986788226e-15,0.12328567743235984,0.3126265933748544,0.06341726534838975,0.06154212747591832
constant,prepared,0.08,0.001,0.245,0.3949364000828973,0.6681966512338534,-3.885780586188048e-16,2.907662421693367e-16,0.12368061383244273,0.31235333312370445,0.06330359371866989,0.06148117461710779
constant,prepared,0.08,0.001,0.246,0.3943726963673865,0.6677000070155908,5.551115123125783e-17,4.156893114272622e-17,0.12407498652881012,0.3120800058130566,0.06319002483268374,0.06142027780734591
constant,prepared,0.08,0.001,0.247,0.39381102961411274,0.6672023817515026,1.5543122344752192e-15,1.1647981759259636e-15,0.12446879755842423,0.3118066144609183,0.06307655966139519,0.06135943703382396
constant,prepared,0.08,0.001,0.248,0.39325138474751015,0.6667037889672965,9.43689570931383e-16,7.077277694740029e-16,0.12486204894317174,0.31153316205669707,0.06296319916282322,0.061298652283340416
constant,prepared,0.08,0.001,0.249,0.39269374682875646,0.6662042420755634,4.718447854656915e-15,3.5412922619319756e-15,0.1252547426900005,0.31125965156145047,0.06284994428217158,0.0612379235423044
constant,prepared,0.08,0.001,0.25,0.39213810105437547,0.665703754376437,2.220446049250313e-16,1.667743372823696e-16,0.12564688079105488,0.31098608590813037,0.06273679595195457,0.061177250796742064
constant,prepared,0.08,0.001,0.251,0.3915844327547338,0.6652023390582521,-3.608224830031759e-15,2.7121257835172725e-15,0.1260384652238096,0.31071246800182534,0.06262375509212532,0.06111663403230011
constant,prepared,0.08,0.001,0.252,0.3910327273926544,0.6647000091981982,1.9984014443252818e-15,1.5032356075456302e-15,0.12642949795120226,0.31043880072002183,0.06251082261019952,0.06105607323425184
constant,prepared,0.08,0.001,0.253,0.3904829705619121,0.6641967777630682,6.661338147750939e-16,5.014581800731924e-16,0.12681998092176416,0.31016508691281935,0.06239799940138017,0.06099556838750054
constant,prepared,0.08,0.001,0.254,0.38993514798595885,0.6636926576098707,-1.3322676295501878e-15,1.0036781439981799e-15,0.12720991606975013,0.3098913294031952,0.06228528634867813,0.060935119476585045
constant,prepared,0.08,0.001,0.255,0.3893892455164551,0.6631876614865574,-1.4432899320127035e-15,1.0881459470894877e-15,0.1275993053152666,0.30961753098722405,0.06217268432303661,0.06087472648568376
constant,prepared,0.08,0.001,0.256,0.3888452491319096,0.6626818020326966,2.1094237467877974e-15,1.5915811633255892e-15,0.1279881505643985,0.30934369443432297,0.06206019418344876,0.060814389398619204
constant,prepared,0.08,0.001,0.257,0.3883031449364693,0.6621750917801649,-2.7755575615628914e-16,2.095788256019412e-16,0.12837645370933495,0.3090698224874804,0.06194781677707683,0.06075410819886265
constant,prepared,0.08,0.001,0.258,0.38776291915844097,0.6616675431538532,4.440892098500626e-16,3.355833412451374e-16,0.12876421662849338,0.3087959178634855,0.06183555293937164,0.06069388286953802
constant,prepared,0.08,0.001,0.259,0.3872245581491179,0.66115916847237,2.831068712794149e-15,2.1409887722917162e-15,0.1291514411866425,0.3085219832531624,0.06172340349418724,0.060633713393426276
constant,prepared,0.08,0.001,0.26,0.38668804838142834,0.6606499799487159,-3.3306690738754696e-16,2.5207516649996865e-16,0.12953812923502395,0.30824802132159534,0.06161136925389672,0.060573599752970185
constant,prepared,0.08,0.001,0.261,0.3861533764487594,0.6601399896910225,-1.7763568394002505e-15,1.345439503090605e-15,0.1299242826114727,0.3079740347083534,0.06149945101950848,0.06051354193027737
constant,prepared,0.08,0.001,0.262,0.3856205290636166,0.6596292097032047,-1.1102230246251565e-16,8.415508351462281e-17,0.13030990314053634,0.30770002602771274,0.06138764958077651,0.060453539907125396
constant,prepared,0.08,0.001,0.263,0.3850894930564663,0.6591176518857083,3.3306690738754696e-15,2.5266119518621258e-15,0.1306949926335928,0.3074259978688834,0.06127596571631505,0.06039359366496489
constant,prepared,0.08,0.001,0.264,0.3845602553745346,0.6586053280361984,6.661338147750939e-16,5.057154766431539e-16,0.13107955288896733,0.30715195279622126,0.061164400193708,0.06033370318492441
constant,prepared,0.08,0.001,0.265,0.38403280308058174,0.6580922498502726,3.2751579226442118e-15,2.4883729624451273e-15,0.1314635856920479,0.30687789334945237,0.061052953769619514,0.060273868447813655
constant,prepared,0.08,0.001,0.266,0.3835071233517551,0.6575784289221279,3.4416913763379853e-15,2.616943641216636e-15,0.13184709281539966,0.3066038220438818,0.06094162718990261,0.060214089434127545
constant,prepared,0.08,0.001,0.267,0.3829832034784419,0.6570638767453282,1.8318679906315083e-15,1.3939801406412731e-15,0.1322300760188781,0.3063297413706148,0.06083042118970763,0.060154366124049875
constant,prepared,0.08,0.001,0.268,0.3824610308630668,0.6565486047134774,9.43689570931383e-16,7.186745689172665e-16,0.13261253704974116,0.3060556537967653,0.060719336493588426,0.06009469849745738
constant,prepared,0.08,0.001,0.269,0.3819405930190471,0.6560326241209021,4.440892098500626e-15,3.384657969145591e-15,0.1329944776427602,0.30578156176566357,0.06060837381560826,0.06003508653392288
constant,prepared,0.08,0.001,0.27,0.38142187756965756,0.6555159461634047,4.996003610813204e-16,3.810741477803666e-16,0.13337589952032985,0.30550746769706877,0.06049753385944475,0.05997553021271954
constant,prepared,0.08,0.001,0.271,0.3809048722468892,0.6549985819389307,-4.996003610813204e-16,3.81375147105205e-16,0.13375680439257676,0.3052333739873777,0.06038681731849317,0.05991602951282393
constant,prepared,0.08,0.001,0.272,0.3803895648904092,0.6544805424482847,-2.7200464103316335e-15,2.0780193099068106e-15,0.13413719395746718,0.3049592830098187,0.06027622487596945,0.05985658441291967
constant,prepared,0.08,0.001,0.273,0.3798759434465121,0.653961838595833,1.5543122344752192e-15,1.1883814488415634e-15,0.1345170699009137,0.3046851971146696,0.060165757205013055,0.059797194891401236
constant,prepared,0.08,0.001,0.274,0.3793639959670221,0.653442481190206,-6.661338147750939e-16,5.097111329231088e-16,0.13489643389688072,0.3044111186294468,0.06005541496878547,0.05973786092637693
constant,prepared,0.08,0.001,0.275,0.3788537106082884,0.6529224809449897,6.661338147750939e-16,5.101170768473026e-16,0.135275287607489,0.3041370498591101,0.05994519882057199,0.05967858249567255
constant,prepared,0.08,0.001,0.276,0.3783450756301176,0.6524018484794294,-1.3322676295501878e-15,1.021048325242595e-15,0.1356536326831191,0.3038629930862612,0.059835109403880114,0.05961935957683458
constant,prepared,0.08,0.001,0.277,0.37783807939479497,0.6518805943191436,-2.3314683517128287e-15,1.788263350704537e-15,0.1360314707625139,0.3035889505713368,0.059725147352536985,0.059560192147133706
constant,prepared,0.08,0.001,0.278,0.37733271036608784,0.6513587288967726,1.2212453270876722e-15,9.37459861139908e-16,0.13640880347287998,0.3033149245528054,0.059615313290785975,0.059501080183568034
constant,prepared,0.08,0.001,0.279,0.37682895710823755,0.650836262552727,1.7763568394002505e-15,1.3646726078483818e-15,0.13678563242998823,0.30304091724736276,0.05950560783338522,0.05944202366286588
constant,prepared,0.08,0.001,0.28,0.3763268082850009,0.6503132055358372,-2.220446049250313e-15,1.7072127940418654e-15,0.13716195923827323,0.3027669308501105,0.05939603158569991,0.0593830225614893
constant,prepared,0.08,0.001,0.281,0.37582625265862923,0.6497895680040623,1.27675647831893e-15,9.824384240583461e-16,0.13753778549093187,0.3024929675347644,0.059286585143798136,0.05932407685563756
constant,prepared,0.08,0.001,0.28200000000000003,0.37532727908902463,0.6492653600251608,7.771561172376096e-16,5.984888191228099e-16,0.1379131127700209,0.3022190294538287,0.05917726909454372,0.05926518652124971
constant,prepared,0.08,0.001,0.28300000000000003,0.37482987653271616,0.6487405915774066,-1.8318679906315083e-15,1.4118647841792521e-15,0.13828794264655364,0.3019451187387834,0.05906808401568935,0.05920635153400757
constant,prepared,0.08,0.001,0.28400000000000003,0.37433403404192517,0.6482152725502297,-1.4988010832439613e-15,1.156098249079608e-15,0.13866227668059555,0.3016712375002768,0.058959030475968024,0.0591475718693391
constant,prepared,0.08,0.001,0.28500000000000003,0.37383974076370863,0.6476894127449262,6.106226635438361e-16,4.713853982543883e-16,0.13903611642135927,0.3013973878282944,0.05885010903518155,0.05908884750242128
constant,prepared,0.08,0.001,0.28600000000000003,0.373346985939021,0.6471630218753162,1.6653345369377348e-15,1.2866422220107776e-15,0.1394094634072983,0.3011235717923595,0.058741320244295916,0.059030178408182914
constant,prepared,0.08,0.001,0.28700000000000003,0.372855758901779,0.6466361095684406,9.992007221626409e-16,7.726143864974521e-16,0.13978231916620007,0.3008497914416916,0.058632664645523545,0.05897156456130764
constant,prepared,0.08,0.001,0.28800000000000003,0.3723660490780654,0.646108685365194,2.220446049250313e-15,1.7183223964829288e-15,0.14015468521527813,0.30057604880540423,0.058524142772417326,0.058913005936236995
constant,prepared,0.08,0.001,0.289,0.3718778459851561,0.6455807587210339,-4.052314039881821e-15,3.1385028016556067e-15,0.1405265630612633,0.30030234589267096,0.058415755149954,0.0588545025071727
constant,prepared,0.08,0.001,0.29,0.37139113923074424,0.6450523390066156,-2.3869795029440866e-15,1.8502215700977486e-15,0.14089795420049403,0.3000286846928927,0.05830750229462297,0.05879605424808004
constant,prepared,0.08,0.001,0.291,0.3709059185120106,0.6445234355084665,3.6637359812630166e-15,2.8422054027970863e-15,0.14126886011900605,0.29975506717589434,0.0581993847145116,0.0587376611326902
constant,prepared,0.08,0.001,0.292,0.37042217361481206,0.643994057429676,-1.1102230246251565e-16,8.61982352023794e-17,0.14163928229262085,0.29948149529208223,0.05809140290939,0.05867932313450325
constant,prepared,0.08,0.001,0.293,0.3699398944128812,0.6434642138904615,1.887379141862766e-15,1.4665766184971216e-15,0.14200922218703374,0.29920797097260393,0.057983557370794095,0.05862104022679086
constant,prepared,0.08,0.001,0.294,0.36945907086692803,0.6429339139289356,2.7755575615628914e-16,2.1585092195569552e-16,0.14237868125790068,0.29893449612954237,0.05787584858211098,0.058562812382598764
constant,prepared,0.08,0.001,0.295,0.36897969302387384,0.6424031665016713,1.7208456881689926e-15,1.3393813868790399e-15,0.14274766095092456,0.29866107265606495,0.05776827701866097,0.0585046395747496
constant,prepared,0.08,0.001,0.296,0.368501751016061,0.6418719804843785,-1.6653345369377348e-16,1.2972481955677646e-16,0.1431161627019406,0.2983877024265956,0.0576608431477772,0.05844652177584522
constant,prepared,0.08,0.001,0.297,0.3680252350603677,0.6413403646725554,2.4424906541753444e-15,1.904207803466717e-15,0.14348418793700096,0.29811438729698336,0.057553547428890794,0.0583884589582697
constant,prepared,0.08,0.001,0.298,0.3675501354575463,0.6408083277821087,-3.885780586188048e-16,3.0319367100276777e-16,0.14385173807245852,0.29784112910466043,0.057446390313606835,0.05833045109419172
constant,prepared,0.08,0.001,0.299,0.367076442591306,0.6402758784499906,3.885780586188048e-16,3.034458049235686e-16,0.14421881451504984,0.29756792966880197,0.057339372245787,0.0582724981555666
constant,prepared,0.08,0.001,0.3,0.36660414692766424,0.6397430252348593,1.887379141862766e-15,1.4751072441703279e-15,0.1445854186619775,0.29729479079049304,0.05723249366162687,0.058214600114139675
constant,prepared,0.08,0.001,0.301,0.36613323901413525,0.6392097766176676,1.7763568394002505e-15,1.3894944229418016e-15,0.14495155190099163,0.2970217142528889,0.05712575498973445,0.058156756941447695
constant,prepared,0.08,0.001,0.302,0.3656637094789039,0.6386761410023238,2.7755575615628914e-16,2.1728990511583803e-16,0.14531721561047053,0.29674870182136737,0.057019156651206826,0.05809896860882263
constant,prepared,0.08,0.001,0.303,0.36519554903021934,0.638142126716281,-2.220446049250313e-15,1.7397739126518525e-15,0.14568241115950076,0.2964757552436809,0.056912699059708236,0.0580412350873924
constant,prepared,0.08,0.001,0.304,0.36472874845554026,0.6376077420111704,1.0547118733938987e-15,8.270852154861538e-16,0.14604713990795629,0.2962028762501246,0.056806382621544096,0.0579835563480847
constant,prepared,0.08,0.001,0.305,0.3642632986208763,0.6370729950634337,-3.2751579226442118e-15,2.5704730447082528e-15,0.14641140320657717,0.29593006655368037,0.05670020773573765,0.057925932361628775
constant,prepared,0.08,0.001,0.306,0.36379919047003456,0.6365378939748885,2.1649348980190553e-15,1.7005546083831881e-15,0.1467752023970472,0.2956573278501763,0.056594174794103516,0.05786836309855749
constant,prepared,0.08,0.001,0.307,0.36333641502385144,0.636002446773407,0.0,0.0,0.14713853881207103,0.29538466181842643,0.05648828418132283,0.057810848529209764
constant,prepared,0.08,0.001,0.308,0.36287496337964525,0.6354666614134145,1.4432899320127035e-15,1.1356142026416577e-15,0.14750141377545067,0.295112070120395,0.056382536275013106,0.057753388623733345
constant,prepared,0.08,0.001,0.309,0.3624148267103187,0.6349305457766037,-1.887379141862766e-15,1.486287873860483e-15,0.147863828602161,0.29483955440132703,0.05627693144580529,0.05769598335208626
constant,prepared,0.08,0.001,0.31,0.3619559962638188,0.6343941076724444,4.440892098500626e-16,3.500105096179095e-16,0.1482257845984248,0.2945671162899193,0.05617147005741165,0.05763863268403989
constant,prepared,0.08,0.001,0.311,0.36149846336235764,0.6338573548388157,1.9984014443252818e-15,1.576381049355698e-15,0.14858728306178717,0.2942947573984422,0.05606615246669787,0.05758133658918042
constant,prepared,0.08,0.001,0.312,0.36104221940182846,0.6333202949425785,7.216449660063518e-16,5.697314390278469e-16,0.148948325281189,0.2940224793229013,0.055960979023755346,0.05752409503691124
constant,prepared,0.08,0.001,0.313,0.36058725585101564,0.6327829355801665,3.941291737419306e-15,3.1142525468119046e-15,0.14930891253704,0.2937502836431716,0.055855950071967864,0.057466907996455256
constant,prepared,0.08,0.001,0.314,0.36013356425103155,0.6322452842781836,1.27675647831893e-15,1.0097002777779238e-15,0.14966904610129103,0.2934781719231447,0.05575106594808274,0.05740977543685705
constant,prepared,0.08,0.001,0.315,0.35968113621459874,0.6317073484939413,1.0547118733938987e-15,8.348105146381826e-16,0.15002872723750563,0.29320614571086606,0.055646326982278844,0.05735269732698469
constant,prepared,0.08,0.001,0.316,0.3592299634254723,0.6311691356160486,-2.886579864025407e-15,2.2866928222084133e-15,0.1503879572009311,0.2929342065386768,0.05554173349823381,0.0572956736355319
constant,prepared,0.08,0.001,0.317,0.35878003763769717,0.6306306529650098,-6.106226635438361e-16,4.841365232350325e-16,0.1507467372385688,0.29266235592334705,0.05543728581319197,0.057238704331020435
constant,prepared,0.08,0.001,0.318,0.3583313506750324,0.630091907793747,-1.6653345369377348e-15,1.321501289207847e-15,0.15110506858924383,0.2923905953662292,0.055332984238030125,0.05718178938180187
constant,prepared,0.08,0.001,0.319,0.35788389443033486,0.6295529072881854,2.55351295663786e-15,2.028036823495244e-15,0.15146295248367417,0.29211892635337255,0.05522882907732419,0.05712492875605933
constant,prepared,0.08,0.001,0.32,0.3574376608649079,0.6290136585677911,-2.3869795029440866e-15,1.89739878493182e-15,0.15182039014453907,0.29184735035566894,0.05512482062941427,0.05706812242181006
constant,prepared,0.08,0.001,0.321,0.3569926420078696,0.6284741686861517,-3.3306690738754696e-16,2.649805863014511e-16,0.15217738278654694,0.29157586882899067,0.05502095918646894,0.05701137034690671
constant,prepared,0.08,0.001,0.322,0.35654882995556925,0.6279344446315079,1.1102230246251565e-16,8.840278106392705e-17,0.1525339316165025,0.2913044832143154,0.05491724503454967,0.05695467249904047
constant,prepared,0.08,0.001,0.323,0.3561062168709976,0.6273944933272975,1.6653345369377348e-16,1.327182940438216e-16,0.1528900378333735,0.29103319493785834,0.05481367845367451,0.05689802884574158
constant,prepared,0.08,0.001,0.324,0.35566479498313247,0.6268543216326965,1.1657341758564144e-15,9.29828618569748e-16,0.15324570262835663,0.2907620054112079,0.05471025971788079,0.05684143935438191
constant,prepared,0.08,0.001,0.325,0.35522455658636026,0.6263139363432003,-4.884981308350689e-15,3.899786532670967e-15,0.15360092718494298,0.29049091603145083,0.054606989095286544,0.056784903992177026
constant,prepared,0.08,0.001,0.326,0.35478549403998644,0.6257733441910571,-1.1657341758564144e-15,9.314348291419879e-16,0.15395571267898298,0.29021992818130016,0.05450386684815398,0.056728422726187805
constant,prepared,0.08,0.001,0.327,0.35434759976748614,0.6252325518459139,2.6645352591003757e-15,2.1308353597662926e-15,0.15431006027875047,0.28994904322922366,0.05440089323294933,0.056671995523322444
constant,prepared,0.08,0.001,0.328,0.3539108662560563,0.6246915659152732,6.106226635438361e-16,4.887393210193064e-16,0.15466397114500652,0.28967826252956347,0.0542980685004043,0.05661562235033805
constant,prepared,0.08,0.001,0.329,0.35347528605603074,0.6241503929450247,-5.551115123125783e-16,4.446937137164253e-16,0.15501744643106255,0.28940758742267314,0.05419539289557425,0.05655930317384257
constant,prepared,0.08,0.001,0.33,0.35304085178023414,0.6236090394199859,-1.3322676295501878e-15,1.068191403053844e-15,0.15537048728284278,0.28913701923503426,0.0540928666578999,0.05650303796029681
constant,prepared,0.08,0.001,0.331,0.3526075561035212,0.6230675117643864,2.1649348980190553e-15,1.7373196781585076e-15,0.1557230948389463,0.2888665592793711,0.05399049002126593,0.05644682667601603
constant,prepared,0.08,0.001,0.332,0.35217539176218404,0.6225258163424231,2.7755575615628914e-16,2.2292710508540443e-16,0.1560752702307085,0.28859620885479464,0.05388826321405688,0.056390669287171236
constant,prepared,0.08,0.001,0.333,0.35174435155337863,0.6219839594587095,-1.3877787807814457e-15,1.1156065680449232e-15,0.15642701458226188,0.28832596924688786,0.05378618645921802,0.056334565759792156
constant,prepared,0.08,0.001,0.334,0.3513144283346286,0.6214419473588282,3.0531133177191805e-15,2.456475082423321e-15,0.15677832901059652,0.28805584172786375,0.05368425997431119,0.056278516059767296
constant,prepared,0.08,0.001,0.335,0.3508856150232566,0.620899786229817,-8.881784197001252e-16,7.152349214784393e-16,0.15712921462561977,0.2877858275566556,0.053582483971570845,0.05622252015284751
constant,prepared,0.08,0.001,0.336,0.350457904595878,0.6203574822006428,0.0,0.0,0.15747967253021564,0.28751592797905295,0.05348085865796179,0.056166578004646035
constant,prepared,0.08,0.001,0.337,0.350031290087845,0.6198150413427194,-2.55351295663786e-15,2.0598991524198347e-15,0.15782970382030348,0.28724614422779626,0.05337938423523291,0.05611068958064103
constant,prepared,0.08,0.001,0.338,0.3496057645927391,0.6192724696704103,-3.4416913763379853e-15,2.7788183270683215e-15,0.1581793095848962,0.2869764775227205,0.05327806089997525,0.0560548548461771
constant,prepared,0.08,0.001,0.339,0.34918132126186835,0.6187297731414442,2.220446049250313e-15,1.7943584951282973e-15,0.1585284909061581,0.28670692907083994,0.0531768888436729,0.055999073766466984
constant,prepared,0.08,0.001,0.34,0.3487579533037168,0.6181869576574975,-1.3877787807814457e-15,1.1224587995516538e-15,0.1588772488594618,0.2864375000664881,0.05307586825276,0.055943346306592964
constant,prepared,0.08,0.001,0.341,0.34833565398347976,0.6176440290645896,6.661338147750939e-16,5.392538286041078e-16,0.1592255845134453,0.28616819169140567,0.052974999308673186,0.05588767243150844
constant,prepared,0.08,0.001,0.342,0.3479144166225441,0.6171009931535815,-2.7755575615628914e-15,2.2488681693566233e-15,0.15957349893006784,0.2858990051148752,0.052874282187904326,0.05583205210604009
constant,prepared,0.08,0.001,0.343,0.347494234597999,0.6165578556606555,5.551115123125783e-17,4.5016984798430955e-17,0.15992099316466585,0.28562994149381116,0.05277371706205378,0.05577648529488869
constant,prepared,0.08,0.001,0.34400000000000003,0.34707510134211306,0.6160146222677867,-3.7192471324942744e-15,3.018797767171749e-15,0.16026806826600795,0.2853610019728862,0.05267330409788322,0.05572097196263127
constant,prepared,0.08,0.001,0.34500000000000003,0.3466570103418763,0.6154712986031847,-2.4424906541753444e-15,1.984244155429014e-15,0.16061472527634982,0.28509218768462524,0.052573043457364715,0.05566551207372233
constant,prepared,0.08,0.001,0.34600000000000003,0.3462399551385363,0.6149278902417591,3.941291737419306e-15,3.204677979291014e-15,0.16096096523148837,0.28482349974952165,0.05247293529773492,0.055610105592495004
constant,prepared,0.08,0.001,0.34700000000000003,0.3458239293270639,0.6143844027055952,-2.220446049250313e-16,1.8070494949676655e-16,0.16130678916081542,0.2845549392761427,0.052372979771543,0.05555475248316385
constant,prepared,0.08,0.001,0.34800000000000003,0.34540892655571714,0.6138408414643785,-2.831068712794149e-15,2.306028306979672e-15,0.16165219808737114,0.2842865073612333,0.052273177026702804,0.05549945270982498
constant,prepared,0.08,0.001,0.34900000000000003,0.34499494052554525,0.6132972119358558,-2.7755575615628914e-16,2.262816060097453e-16,0.16199719302789667,0.28401820508982323,0.05217352720654154,0.05544420623645807
constant,prepared,0.08,0.001,0.35000000000000003,0.3445819649900017,0.6127535194862829,-4.440892098500626e-16,3.6237181487131724e-16,0.16234177499288668,0.28375003353532813,0.05207403044984971,0.055389013026928086
constant,prepared,0.08,0.001,0.35100000000000003,0.3441699937543424,0.6122097694308654,-4.218847493575595e-15,3.4455898159691394e-15,0.16268594498664102,0.2834819937596505,0.05197468689092805,0.05533387304498631
constant,prepared,0.08,0.001,0.352,0.34375902067529573,0.6116659670341829,-1.5543122344752192e-15,1.2705564133408444e-15,0.1630297040073163,0.28321408681329235,0.051875496659638955,0.05527878625427212
constant,prepared,0.08,0.001,0.353,0.34334903966056857,0.6111221175106554,-1.4988010832439613e-15,1.2262697096851764e-15,0.16337305304697688,0.28294631373544354,0.051776459881450874,0.055223752618314255
constant,prepared,0.08,0.001,0.354,0.34294004466836814,0.6105782260249334,-5.384581669432009e-15,4.409411800095988e-15,0.16371599309164525,0.28267867555408555,0.051677576677488665,0.05516877210053209
constant,prepared,0.08,0.001,0.355,0.3425320297070026,0.6100342976923564,1.6653345369377348e-15,1.3649515635738649e-15,0.16405852512135224,0.28241117328610016,0.051578847164578424,0.055113844664237396
constant,prepared,0.08,0.001,0.356,0.34212498883441317,0.6094903375793684,9.43689570931383e-16,7.741628642377731e-16,0.16440065011018665,0.2821438079373543,0.05148027145529578,0.05505897027263533
constant,prepared,0.08,0.001,0.357,0.34171891615775785,0.6089463507039322,-5.551115123125783e-16,4.557967312480636e-16,0.1647423690263444,0.2818765805028085,0.051381849658009085,0.05500414888882603
constant,prepared,0.08,0.001,0.358,0.3413138058329391,0.6084023420359611,8.326672684688674e-16,6.843064292639181e-16,0.16508368283217734,0.2816094919666062,0.05128358187692882,0.054949380475806185
constant,prepared,0.08,0.001,0.359,0.34090965206425106,0.6078583164977068,-3.164135620181696e-15,2.6026917246213588e-15,0.1654245924842416,0.2813425433021733,0.05118546821215029,0.05489466499646995
constant,prepared,0.08,0.001,0.36,0.3405064491038696,0.607314278964206,3.3306690738754696e-16,2.742129725284932e-16,0.16576509893334548,0.2810757354723124,0.05108750875969869,0.05484000241361038
constant,prepared,0.08,0.001,0.361,0.3401041912514943,0.606770234263665,4.996003610813204e-16,4.116882576545643e-16,0.16610520312459698,0.28080906942930084,0.05098970361157389,0.05478539268992126
constant,prepared,0.08,0.001,0.362,0.33970287285395223,0.6062261871778445,-1.1657341758564144e-15,9.614680135175617e-16,0.16644490599745093,0.2805425461149756,0.050892052855794206,0.05473083578799724
constant,prepared,0.08,0.001,0.363,0.33930248830462423,0.6056821424425235,1.5543122344752192e-15,1.283108849971348e-15,0.16678420848575556,0.28027616646083886,0.050794556576440164,0.05467633167033674
constant,prepared,0.08,0.001,0.364,0.338903032043308,0.6051381047478226,-3.3306690738754696e-16,2.751990866005249e-16,0.16712311151779888,0.28000993138813335,0.05069721485369713,0.05462188029934205
constant,prepared,0.08,0.001,0.365,0.33850449855555464,0.6045940787386594,2.220446049250313e-15,1.8363114421189315e-15,0.16746161601635443,0.27974384180795225,0.05060002776389842,0.054567481637320815
constant,prepared,0.08,0.001,0.366,0.33810688237244346,0.6040500690150947,1.6653345369377348e-16,1.3784739232403921e-16,0.16779972289872686,0.279477898621308,0.0505029953795669,0.0545131356464873
constant,prepared,0.08,0.001,0.367,0.33771017807004616,0.603506080132748,-3.2751579226442118e-15,2.7134423582972127e-15,0.1681374330767969,0.2792121027192458,0.05040611776945774,0.054458842288964124
constant,prepared,0.08,0.001,0.368,0.3373143802691875,0.6029621166031638,1.942890293094024e-15,1.6111213620181077e-15,0.1684747474570661,0.2789464549829106,0.05030939499859948,0.054404601526783204
constant,prepared,0.08,0.001,0.369,0.3369194836349086,0.6024181828942284,1.1102230246251565e-16,9.214720406439719e-17,0.168811666940701,0.2786809562836518,0.050212827128335656,0.05435041332188635
constant,prepared,0.08,0.001,0.37,0.3365254828761685,0.6018742834304925,-2.609024107869118e-15,2.1674161695350343e-15,0.16914819242357715,0.2784156074830988,0.0501164142163633,0.05429627763612759
constant,prepared,0.08,0.001,0.371,0.3361323727454498,0.6013304225935904,-9.992007221626409e-16,8.308250211697275e-16,0.1694843247963226,0.27815040943325053,0.050020156316776684,0.054242194431273316
constant,prepared,0.08,0.001,0.372,0.33574014803833185,0.600786604722597,-3.608224830031759e-15,3.0029171769715192e-15,0.16982006494436094,0.2778853629765656,0.04992405348010443,0.05418816366900446
constant,prepared,0.08,0.001,0.373,0.33534880359318303,0.6002428341143982,-3.1086244689504383e-15,2.589472370408994e-15,0.17015541374795412,0.2776204689460444,0.04982810575335114,0.05413418531091692
constant,prepared,0.08,0.001,0.374,0.3349583342907409,0.5996991150240575,-1.3877787807814457e-15,1.1570625552163566e-15,0.17049037208224485,0.2773557281653109,0.049732313180034654,0.05408025931852286
constant,prepared,0.08,0.001,0.375,0.33456873505375045,0.5991554516651906,5.551115123125783e-16,4.632449815567859e-16,0.1708249408172986,0.27709114144869884,0.04963667580022529,0.054026385653252434
constant,prepared,0.08,0.001,0.376,0.33418000084661387,0.5986118482102942,-1.1102230246251565e-15,9.273313148950008e-16,0.17115912081814522,0.2768267096013358,0.04954119365058642,0.05397256427645382
constant,prepared,0.08,0.001,0.377,0.3337921266750099,0.598068308791144,-2.6645352591003757e-15,2.2276178322223092e-15,0.17149291294482022,0.276562433419219,0.04944586676440944,0.053918795149395675
constant,prepared,0.08,0.001,0.378,0.3334051075855453,0.5975248374990952,-9.992007221626409e-16,8.361164753792806e-16,0.17182631805240575,0.2762983136893052,0.04935069517165277,0.05386507823326757
constant,prepared,0.08,0.001,0.379,0.3330189386653825,0.5969814383855123,-6.661338147750939e-16,5.579183639080965e-16,0.17215933699107114,0.2760343511895862,0.049255678898980276,0.053811413489180504
constant,prepared,0.08,0.001,0.38,0.3326336150419518,0.5964381154620333,2.6645352591003757e-15,2.2337063896698456e-15,0.1724919706061131,0.2757705466891667,0.04916081796979644,0.053757800878169275
constant,prepared,0.08,0.001,0.381,0.33224913188247723,0.5958948727009808,4.996003610813204e-16,4.192017618953561e-16,0.17282421973799558,0.2755069009483475,0.04906611240428443,0.053704240361192784
constant,prepared,0.08,0.001,0.382,0.33186548439374797,0.5953517140356482,2.220446049250313e-15,1.864818725555356e-15,0.17315608522238934,0.27524341471870567,0.04897156221944082,0.053650731899135065
constant,prepared,0.08,0.001,0.383,0.33148266782170543,0.5948086433607028,1.1102230246251565e-16,9.332606688029387e-17,0.17348756789021105,0.2749800887431668,0.048877167429113355,0.05359727545280691
constant,prepared,0.08,0.001,0.384,0.33110067745116734,0.5942656645324613,-1.0547118733938987e-15,8.87407717071871e-16,0.17381866856766223,0.2747169237560854,0.04878292804403468,0.05354387098294631
constant,prepared,0.08,0.001,0.385,0.33071950860539584,0.5937227813692584,-9.43689570931383e-16,7.947223860561854e-16,0.17414938807626762,0.2744539204833221,0.04868884407186009,0.05349051845021987
constant,prepared,0.08,0.001,0.386,0.33033915664586083,0.5931799976517688,7.216449660063518e-16,6.082849799918566e-16,0.17447972723291347,0.2741910796423161,0.048594915517199265,0.05343721781522378
constant,prepared,0.08,0.001,0.387,0.3299596169718424,0.5926373171233481,1.7208456881689926e-15,1.4518539741320603e-15,0.17480968684988532,0.2739284019421646,0.04850114238165262,0.05338396903848479
constant,prepared,0.08,0.001,0.388,0.32958088502012584,0.5920947434903374,-1.0547118733938987e-15,8.906614059571633e-16,0.17513926773490546,0.27366588808369435,0.04840752466384711,0.053330772080461324
constant,prepared,0.08,0.001,0.389,0.3292029562646837,0.5915522804223963,-7.216449660063518e-16,6.099587389732176e-16,0.17546847069117014,0.27340353875953693,0.04831406235946525,0.0532776269015446
constant,prepared,0.08,0.001,0.39,0.3288258262163417,0.5910099315528274,-3.6637359812630166e-15,3.099555342189325e-15,0.1757972965173865,0.27314135465420014,0.04822075546128521,0.053224533462059125
constant,prepared,0.08,0.001,0.391,0.32844949042246174,0.5904677004788847,-1.609823385706477e-15,1.363176499240238e-15,0.17612574600780895,0.2728793364441419,0.048127603959209043,0.05317149172226397
constant,prepared,0.08,0.001,0.392,0.32807394446662846,0.5899255907620988,1.1102230246251565e-15,9.40985644639443e-16,0.17645381995227558,0.27261748479784637,0.048034607840296735,0.05311850164235456
constant,prepared,0.08,0.001,0.393,0.32769918396832026,0.5893836059285825,2.6645352591003757e-15,2.2604422928445347e-15,0.1767815191362439,0.27235580037588786,0.04794176708880093,0.05306556318246211
constant,prepared,0.08,0.001,0.394,0.32732520458263015,0.5888417494693495,-2.3314683517128287e-15,1.979707072243008e-15,0.17710884434082652,0.2720942838310016,0.047849081686197024,0.05301267630265577
constant,prepared,0.08,0.001,0.395,0.32695200199992724,0.5883000248405884,1.4988010832439613e-15,1.2738407444824511e-15,0.17743579634282644,0.2718329358081595,0.04775655161121509,0.05295984096294313
constant,prepared,0.08,0.001,0.396,0.3265795719455562,0.5877584354640202,-6.106226635438361e-16,5.194503614922732e-16,0.177762375914772,0.27157175694464214,0.0476641768398738,0.052907057123271296
constant,prepared,0.08,0.001,0.397,0.3262079101795479,0.5872169847271542,5.551115123125783e-16,4.726630246998954e-16,0.17808858382495155,0.27131074787009374,0.04757195734550916,0.052854324743527484
constant,prepared,0.08,0.001,0.398,0.3258370124962963,0.5866756759836161,-1.3322676295501878e-15,1.135437929411782e-15,0.17841442083744785,0.27104990920660654,0.04747989309880789,0.052801643783540825
constant,prepared,0.08,0.001,0.399,0.325466874724311,0.5861345125534269,-7.771561172376096e-16,6.629503131047682e-16,0.17873988771217217,0.27078924156877815,0.047387984067835835,0.052749014203082215
constant,prepared,0.08,0.001,0.4,0.3250974927258332,0.5855934977233067,1.942890293094024e-15,1.6589069897869986e-15,0.179064985204898,0.2705287455637794,0.047296230218070445,0.052696435961865795
constant,prepared,0.08,0.001,0.401,0.3247288623966467,0.5850526347469664,-2.220446049250313e-16,1.8976463974140122e-16,0.17938971406729465,0.27026842179142785,0.047204631512430914,0.05264390901955002
constant,prepared,0.08,0.001,0.402,0.32436097966571475,0.5845119268453887,-1.27675647831893e-15,1.0921560533500036e-15,0.17971407504696035,0.27000827084424983,0.04711318791130602,0.05259143333573792
constant,prepared,0.08,0.001,0.403,0.323993840494901,0.5839713772071219,2.7755575615628914e-16,2.376450002427483e-16,0.18003806888745524,0.2697482933075378,0.04702189937258655,0.052539008869978726
constant,prepared,0.08,0.001,0.404,0.32362744087873696,0.5834309889885637,5.551115123125783e-16,4.757302258446364e-16,0.180361696328334,0.26948848975942735,0.04693076585169189,0.052486635581768276
constant,prepared,0.08,0.001,0.405,0.32326177684406654,0.5828907653142514,-1.27675647831893e-15,1.095193605984304e-15,0.18068495810517804,0.26922886077095826,0.04683978730160112,0.05243431343055006
constant,prepared,0.08,0.001,0.406,0.3228968444498493,0.5823507092770962,4.884981308350689e-15,4.1941919452752644e-15,0.1810078549496279,0.2689694069061315,0.04674896367288142,0.05238204237571589
constant,prepared,0.08,0.001,0.40700000000000003,0.3225326397867635,0.5818108239387563,4.3298697960381105e-15,3.721028913423819e-15,0.18133038758941467,0.26871012872197947,0.046658294913715294,0.052329822376607084
constant,prepared,0.08,0.001,0.40800000000000003,0.32216915897708465,0.581271112329804,1.6653345369377348e-15,1.432493806773635e-15,0.18165255674839176,0.2684510267686253,0.046567780969929924,0.05227765339251494
constant,prepared,0.08,0.001,0.40900000000000003,0.32180639817427664,0.5807315774500573,-3.885780586188048e-16,3.3455909210673363e-16,0.18197436314656604,0.2681921015893507,0.04647742178502563,0.05222553538268191
constant,prepared,0.08,0.001,0.41000000000000003,0.3214443535628056,0.5801922222688393,-3.3306690738754696e-16,2.870315169730217e-16,0.18229580750012883,0.26793335372064414,0.04638721730020209,0.05217346830630242
constant,prepared,0.08,0.001,0.41100000000000003,0.3210830213578414,0.5796530497252514,1.7763568394002505e-15,1.5322586849514719e-15,0.18261689052148666,0.26767478369227615,0.046297167454385994,0.05212145212252316
constant,prepared,0.08,0.001,0.41200000000000003,0.3207223978049871,0.5791140627284332,-1.6653345369377348e-16,1.4378294744663009e-16,0.18293761291929164,0.2674163920273533,0.046207272184258845,0.052069486790444784
constant,prepared,0.08,0.001,0.41300000000000003,0.32036247918004324,0.5785752641578175,-3.552713678800501e-15,3.0702260353040614e-15,0.1832579753984717,0.2671581792423752,0.046117531424284125,0.052017572269121556
constant,prepared,0.08,0.001,0.41400000000000003,0.3200032617887115,0.5780366568633926,9.43689570931383e-16,8.162886901084585e-16,0.1835779786602604,0.2669001458473011,0.04602794510673308,0.05196570851756374
constant,prepared,0.08,0.001,0.41500000000000004,0.31964474196635767,0.5774982436659895,-4.274358644806853e-15,3.7007546704151104e-15,0.18389762340222676,0.26664229234560044,0.045938513161710416,0.0519138954947369
constant,prepared,0.08,0.001,0.41600000000000004,0.31928691607775234,0.576960027357503,-3.9968028886505635e-15,3.4636739974483795e-15,0.1842169103183045,0.26638461923432105,0.04584923551718232,0.0518621331595631
constant,prepared,0.08,0.001,0.417,0.31892978051683585,0.5764220107011543,1.2212453270876722e-15,1.0593326628889135e-15,0.18453584009882135,0.2661271270041368,0.04576011209900065,0.05181042147092243
constant,prepared,0.08,0.001,0.418,0.3185733317064341,0.5758841964317559,1.942890293094024e-15,1.686875855538657e-15,0.18485441343052778,0.2658698161394122,0.045671142830929795,0.051758760387652515
constant,prepared,0.08,0.001,0.419,0.3182175660979973,0.5753465872559658,-2.609024107869118e-15,2.267349946675182e-15,0.18517263099662576,0.2656126871182527,0.0455823276346699,0.05170714986855069
constant,prepared,0.08,0.001,0.42,0.31786248017143287,0.5748091858524957,5.551115123125783e-16,4.828659022639799e-16,0.1854904934767972,0.2653557404125732,0.045493666429884595,0.05165558987237363
constant,prepared,0.08,0.001,0.421,0.31750807043476936,0.5742719948724081,-1.942890293094024e-15,1.69161156250158e-15,0.18580800154723195,0.26509897648813474,0.04540515913422433,0.051604080357838325
constant,prepared,0.08,0.001,0.422,0.31715433342397426,0.5737350169393294,-2.275957200481571e-15,1.9834567642593885e-15,0.18612515588065592,0.2648423958046202,0.04531680566335093,0.05155262128362339
constant,prepared,0.08,0.001,0.423,0.3168012657026549,0.5731982546496927,-2.275957200481571e-15,1.985314140456094e-15,0.18644195714635858,0.2645859988156728,0.04522860593096249,0.0515012126083692
constant,prepared,0.08,0.001,0.424,0.3164488638618911,0.5726617105730031,2.609024107869118e-15,2.2779802278543582e-15,0.18675840601022048,0.26432978596896123,0.04514055984881669,0.05144985429067872
constant,prepared,0.08,0.001,0.425,0.3160971245199628,0.5721253872520273,1.6653345369377348e-15,1.4553929733274838e-15,0.18707450313474044,0.26407375770622965,0.045052667326756154,0.05139854628911863
constant,prepared,0.08,0.001,0.426,0.31574604432209014,0.5715892872030834,6.106226635438361e-16,5.341446010401555e-16,0.18739024917906252,0.2638179144633489,0.04496492827273061,0.051347288562219554
constant,prepared,0.08,0.001,0.427,0.31539561994023096,0.571053412916236,5.551115123125783e-17,4.86041672947679e-17,0.18770564479900276,0.2635622566703725,0.0448773425928207,0.05129608106847707
constant,prepared,0.08,0.001,0.428,0.3150458480728809,0.5705177668555382,-7.771561172376096e-16,6.810972088748246e-16,0.18802069064707563,0.2633067847515894,0.04478991019126157,0.051244923766351966
constant,prepared,0.08,0.001,0.429,0.3146967254447788,0.5699823514592604,-1.2212453270876722e-15,1.0713010007775324e-15,0.18833538737252042,0.26305149912557546,0.04470263097046536,0.05119381661427164
constant,prepared,0.08,0.001,0.43,0.3143482488067119,0.5694471691401315,-9.43689570931383e-16,8.286015121967859e-16,0.18864973562132714,0.26279640020524253,0.04461550483104466,0.05114275957063043
constant,prepared,0.08,0.001,0.431,0.31400041493532466,0.5689122222855426,2.3869795029440866e-15,2.0978451590955915e-15,0.18896373603626246,0.2625414883978917,0.04452853167183379,0.05109175259378985
constant,prepared,0.08,0.001,0.432,0.31365322063281026,0.5683775132577893,3.552713678800501e-15,3.125311607101833e-15,0.18927738925689527,0.2622867641052671,0.04444171138991219,0.05104079564208026
constant,prepared,0.08,0.001,0.433,0.31330666272679664,0.5678430443942827,-1.6653345369377348e-15,1.4663687029169714e-15,0.18959069591962208,0.2620322277235995,0.044355043880625764,0.05098988867380067
constant,prepared,0.08,0.001,0.434,0.31296073807004415,0.5673088180077592,-1.2212453270876722e-15,1.0763496779200163e-15,0.18990365665769213,0.26177787964366067,0.04426852903761002,0.05093903164721975
constant,prepared,0.08,0.001,0.435,0.31261544354030635,0.5667748363865167,4.996003610813204e-16,4.407397162041732e-16,0.19021627210123243,0.2615237202508153,0.04418216675280907,0.050888224520576404
constant,prepared,0.08,0.001,0.436,0.31227077604000464,0.566241101794631,2.4424906541753444e-15,2.1567585313342385e-15,0.19052854287727244,0.26126974992506125,0.0440959569165,0.0508374672520806
constant,prepared,0.08,0.001,0.437,0.31192673249610825,0.5657076164721669,1.7763568394002505e-15,1.570030867250702e-15,0.19084046960976855,0.2610159690410834,0.04400989941731295,0.050786759799913615
constant,prepared,0.08,0.001,0.438,0.31158330985991023,0.5651743826353749,-2.1094237467877974e-15,1.8661707002285582e-15,0.19115205291962847,0.26076237796830887,0.04392399414225095,0.050736102122229496
constant,prepared,0.08,0.001,0.439,0.31124050510680773,0.5646414024769061,1.1657341758564144e-15,1.0322783369610342e-15,0.19146329342473528,0.26050897707093823,0.043838240976711844,0.050685494177154435
constant,prepared,0.08,0.001,0.44,0.31089831523604766,0.5641086781660536,-2.0539125955565396e-15,1.8204937054274e-15,0.19177419173997132,0.26025576670800893,0.043752639804509295,0.05063493592278844
constant,prepared,0.08,0.001,0.441,0.31055673727062133,0.5635762118489093,3.885780586188048e-16,3.4474313362518193e-16,0.19208474847724194,0.2600027472334301,0.04366719050789291,0.050584427317205805
constant,prepared,0.08,0.001,0.442,0.3102157682569612,0.5630440056486082,-1.6653345369377348e-16,1.478867122490119e-16,0.1923949642454989,0.25974991899603916,0.04358189296756694,0.05053396831845521
constant,prepared,0.08,0.001,0.443,0.3098754052648173,0.5625120616655075,6.106226635438361e-16,5.427640624592836e-16,0.1927048396507637,0.2594972823396382,0.04349674706271246,0.050483558884560666
constant,prepared,0.08,0.001,0.444,0.30953564538697476,0.5619803819774088,-1.4432899320127035e-15,1.2841106009201622e-15,0.19301437529615068,0.2592448376030473,0.04341175267100534,0.05043319897352243
constant,prepared,0.08,0.001,0.445,0.30919648573914926,0.561448968639729,-2.7200464103316335e-15,2.4223451838568085e-15,0.19332357178188983,0.258992585120148,0.04332690966863738,0.05038288854331706
constant,prepared,0.08,0.001,0.446,0.3088579234597338,0.5609178236857256,1.1102230246251565e-15,9.896485525544628e-16,0.19363242970534955,0.25874052521992147,0.043242217930334906,0.05033262755189805
constant,prepared,0.08,0.001,0.447,0.3085199557095946,0.5603869491266903,-7.771561172376096e-16,6.934102573665695e-16,0.19394094966105915,0.2584886582265042,0.0431576773293768,0.05028241595719683
constant,prepared,0.08,0.001,0.448,0.30818257967192153,0.5598563469521249,3.608224830031759e-15,3.2224559475614e-15,0.19424913224073106,0.25823698445922333,0.0430732877376163,0.050232253717123324
constant,prepared,0.08,0.001,0.449,0.30784579255200095,0.5593260191299527,2.609024107869118e-15,2.3322928119163145e-15,0.19455697803328306,0.2579855042326453,0.0429890490254975,0.05018214078956564
constant,prepared,0.08,0.001,0.45,0.30750959157702695,0.5587959676067031,2.7200464103316335e-15,2.433845775571232e-15,0.19486448762486008,0.25773421785661654,0.04290496106207438,0.050132077132392046
constant,prepared,0.08,0.001,0.451,0.3071739739959352,0.5582661943076966,1.6653345369377348e-15,1.4915237156737623e-15,0.19517166159885602,0.2574831256363044,0.042821023715030535,0.05008206270345042
constant,prepared,0.08,0.001,0.452,0.3068389370792262,0.5577367011372282,-9.43689570931383e-16,8.45999168610561e-16,0.19547850053593524,0.2572322278722472,0.04273723685069526,0.05003209746056922
constant,prepared,0.08,0.001,0.453,0.30650447811872406,0.5572074899787856,-1.27675647831893e-15,1.1456741889520736e-15,0.19578500501405396,0.2569815248603861,0.04265360033406414,0.04998218136155811
constant,prepared,0.08,0.001,0.454,0.3061705944274424,0.5566785626951994,-3.6637359812630166e-15,3.2907104986446637e-15,0.1960911756084814,0.2567310168921185,0.04257011402881443,0.04993231436420826
constant,prepared,0.08,0.001,0.455,0.3058372833393983,0.5561499211288289,3.3306690738754696e-16,2.994398585110955e-16,0.19639701289182082,0.2564807042543298,0.04248677779732479,0.04988249642629327
constant,prepared,0.08,0.001,0.456,0.30550454220940343,0.555621567101767,1.0547118733938987e-15,9.49127909932911e-16,0.19670251743403022,0.2562305872294363,0.04240359150069174,0.04983272750556942
constant,prepared,0.08,0.001,0.457,0.30517236841292755,0.5550935024160037,-2.6367796834847468e-15,2.3750770563953305e-15,0.19700768980244315,0.25598066609543396,0.042320554998748254,0.04978300755977605
constant,prepared,0.08,0.001,0.458,0.3048407593458768,0.5545657288535919,3.1363800445660672e-15,2.8277802624493574e-15,0.19731253056178902,0.25573094112592654,0.04223766815007823,0.04973333654663655
constant,prepared,0.08,0.001,0.459,0.3045097124244599,0.5540382481768633,1.7208456881689926e-15,1.553002607520024e-15,0.19761704027421348,0.25548141259017465,0.0421549308120368,0.04968371442385844
constant,prepared,0.08,0.001,0.46,0.30417922508499334,0.5535110621285635,8.326672684688674e-16,7.521685883447293e-16,0.19792121949929847,0.2552320807531299,0.042072342840765366,0.04963414114913432
constant,prepared,0.08,0.001,0.461,0.3038492947836919,0.5529841724320476,2.0261570199409107e-15,1.8320208072409953e-15,0.19822506879408217,0.25498294587548137,0.04198990409120835,0.04958461668014202
constant,prepared,0.08,0.001,0.462,0.3035199189965913,0.552457580791443,-3.219646771412954e-15,2.9139312078952223e-15,0.19852858871307877,0.2547340082136871,0.04190761441712993,0.049535140974545304
constant,prepared,0.08,0.001,0.463,0.3031910952193019,0.5519312888918136,-5.273559366969494e-16,4.777369459845199e-16,0.19883177980829808,0.2544852680200145,0.041825473671131194,0.04948571398999417
constant,prepared,0.08,0.001,0.464,0.30286282096685563,0.551405298399374,9.992007221626409e-16,9.060492572914442e-16,0.19913464262926495,0.2542367255425823,0.04174348170466461,0.04943633568412552
constant,prepared,0.08,0.001,0.465,0.30253509377355553,0.550879610961592,-5.273559366969494e-16,4.786489880941678e-16,0.1994371777230385,0.2539883810253941,0.041661638368051604,0.04938700601456383
constant,prepared,0.08,0.001,0.466,0.3022079111927879,0.550354228207394,-1.942890293094024e-16,1.7651270704527692e-16,0.1997393856342313,0.253740234708379,0.041579943510497624,0.049337724938921274
constant,prepared,0.08,0.001,0.467,0.3018812707968869,0.5498291517473243,1.8596235662471372e-15,1.6910921877617447e-15,0.2000412669050282,0.2534922868274284,0.04149839698010836,0.049288492414798525
constant,prepared,0.08,0.001,0.468,0.30155517017696815,0.5493043831737059,1.1102230246251565e-16,1.010571787367362e-16,0.20034282207520515,0.25324453761443183,0.04141699862390401,0.04923930839978455
constant,prepared,0.08,0.001,0.46900000000000003,0.30122960694272716,0.548779924060806,2.4702462297909733e-15,2.2506710991829753e-15,0.20064405168214788,0.252996987297313,0.041335748287837,0.0491901728514584
constant,prepared,0.08,0.001,0.47000000000000003,0.3009045787223294,0.5482557759650007,5.551115123125783e-17,5.06252315660068e-17,0.20094495626087022,0.2527496361000706,0.04125464581680532,0.049141085727388394
constant,prepared,0.08,0.001,0.47100000000000003,0.3005800831622496,0.5477319404249005,2.4702462297909733e-15,2.2549773415392628e-15,0.20124553634403247,0.2525024842428085,0.041173691054667484,0.049092046985133246
constant,prepared,0.08,0.001,0.47200000000000003,0.30025611792705403,0.5472084189615755,-1.6375789613221059e-15,1.496302783891468e-15,0.20154579246195953,0.2522555319417736,0.041092883844258986,0.04904305658224225
constant,prepared,0.08,0.001,0.47300000000000003,0.2999326806993437,0.5466852130786306,2.0816681711721685e-15,1.903900198296341e-15,0.20184572514265886,0.2520087794093955,0.04101222402740566,0.04899411447625624
constant,prepared,0.08,0.001,0.47400000000000003,0.2996097691795302,0.5461623242624295,9.159339953157541e-16,8.385181059062302e-16,0.2021453349118384,0.2517622268543121,0.040931711444939324,0.048945220624707186
constant,prepared,0.08,0.001,0.47500000000000003,0.2992873810856512,0.5456397539822232,2.7755575615628914e-16,2.543397490107839e-16,0.20244462229292404,0.25151587448141643,0.04085134593671139,0.04889637498511936
constant,prepared,0.08,0.001,0.47600000000000003,0.2989655141533419,0.5451175036902881,9.71445146547012e-16,8.910419679891105e-16,0.20274358780707738,0.25126972249187834,0.040771127341607746,0.04884757751500958
constant,prepared,0.08,0.001,0.47700000000000004,0.2986441661355797,0.5445955748220853,1.915134717478395e-15,1.7583091068120132e-15,0.20304223197321297,0.25102377108319207,0.040691055497562516,0.048798828171887444
constant,prepared,0.08,0.001,0.47800000000000004,0.29832333480255546,0.5440739687964372,-1.7763568394002505e-15,1.6324589497727553e-15,0.20334055530801554,0.250778020449199,0.04061113024157301,0.048750126913256205
constant,prepared,0.08,0.001,0.47900000000000004,0.2980030179415626,0.5435526870156243,-8.326672684688674e-16,7.659489947889201e-16,0.2036385583259571,0.25053247078012475,0.04053135140971213,0.04870147369661281
constant,prepared,0.08,0.001,0.48,0.29768321335680575,0.5430317308655919,-9.71445146547012e-16,8.944644404098915e-16,0.2039362415393139,0.2502871222626162,0.0404517188371438,0.04865286847944837
constant,prepared,0.08,0.001,0.481,0.2973639188692797,0.5425111017160502,-1.942890293094024e-16,1.790645654022884e-16,0.20423360545818317,0.2500419750797692,0.04037223235813526,0.048604311219248734
constant,prepared,0.08,0.001,0.482,0.2970451323166566,0.5419908009206321,-1.3600232051658168e-15,1.254655247705004e-15,0.20453065059049982,0.24979702941116438,0.040292891806071075,0.04855580187349484
constant,prepared,0.08,0.001,0.483,0.2967268515530544,0.5414708298170549,2.7755575615628914e-17,2.5629797661497857e-17,0.20482737744205287,0.2495522854329007,0.04021369701346698,0.04850734039966327
constant,prepared,0.08,0.001,0.484,0.29640907444900394,0.5409511897272363,-8.604228440844963e-16,7.952869504902539e-16,0.20512378651650187,0.24930774331762215,0.04013464781198144,0.048458926755226374
constant,prepared,0.08,0.001,0.485,0.29609179889121323,0.5404318819574528,6.938893903907228e-16,6.41976735233906e-16,0.20541987831539307,0.24906340323455606,0.0400557440324313,0.048410560897652874
constant,prepared,0.08,0.001,0.486,0.2957750227825203,0.5399129077984627,4.163336342344337e-16,3.855562890060053e-16,0.2057156533381756,0.24881926534954074,0.03997698550480219,0.048362242784408385
constant,prepared,0.08,0.001,0.487,0.2954587440416536,0.5393942685256776,-1.3877787807814457e-15,1.2864233657642051e-15,0.20601111208221726,0.24857532982505612,0.03989837205826288,0.048313972372955316
constant,prepared,0.08,0.001,0.488,0.2951429606031847,0.5388759653992574,5.828670879282072e-16,5.408174843132558e-16,0.20630625504282044,0.2483315968202602,0.03981990352117701,0.04826574962075395
constant,prepared,0.08,0.001,0.489,0.294827670417369,0.5383579996642761,-2.3592239273284576e-15,2.1911292567396528e-15,0.2066010827132378,0.24808806649101228,0.03974157972111697,0.048217574485262385
constant,prepared,0.08,0.001,0.49,0.29451287144998123,0.5378403725508388,-2.7755575615628914e-15,2.5802800451732005e-15,0.20689559558468779,0.24784473898991377,0.03966340048487498,0.048169446923936994
constant,prepared,0.08,0.001,0.491,0.29419856168218833,0.5373230852742432,1.3877787807814457e-15,1.2913820556147689e-15,0.20718979414636998,0.24760161446632037,0.0395853656384753,0.0481213668942329
constant,prepared,0.08,0.001,0.492,0.2938847391104809,0.5368061390350788,8.881784197001252e-16,8.272804231492633e-16,0.20748367888548047,0.2473586930663948,0.0395074750071879,0.04807333435360437
constant,prepared,0.08,0.001,0.493,0.2935714017464424,0.5362895350193723,-6.661338147750939e-16,6.210580025126089e-16,0.2077772502872269,0.24711597493312243,0.03942972841553905,0.04802534925950491
constant,prepared,0.08,0.001,0.494,0.29325854761671005,0.535773274398735,-1.1379786002407855e-15,1.0619964214507238e-15,0.20807050883484363,0.2468734602063413,0.03935212568732406,0.04797741156938826
constant,prepared,0.08,0.001,0.495,0.2929461747628064,0.5352573583304524,3.0253577421035516e-15,2.8260776755503985e-15,0.20836345500960643,0.24663114902277375,0.03927466664561848,0.04792952124070792
constant,prepared,0.08,0.001,0.496,0.29263428124097934,0.5347417879576606,4.163336342344337e-16,3.89284738550672e-16,0.20865608929084742,0.24638904151605648,0.03919735111278997,0.04788167823091825
constant,prepared,0.08,0.001,0.497,0.29232286512216943,0.5342265644094328,-2.7200464103316335e-15,2.5457798166013594e-15,0.2089484121559696,0.24614713781676847,0.039120178910510235,0.04783388249747456
constant,prepared,0.08,0.001,0.498,0.29201192449177815,0.5337116888009206,-2.581268532253489e-15,2.418223721174985e-15,0.20924042408046137,0.24590543805246048,0.03904314985976591,0.04778613399783333
constant,prepared,0.08,0.001,0.499,0.2917014574495996,0.5331971622334936,-1.2212453270876722e-15,1.145209890063964e-15,0.20953212553791098,0.24566394234767616,0.038966263780870466,0.047738432689452714
constant,prepared,0.08,0.001,0.5,0.2913914621097325,0.5326829857948351,-5.023759186428833e-15,4.715524355384403e-15,0.20982351700002072,0.24542265082399084,0.038889520493474626,0.047690778529793025
constant,prepared,0.08,0.001,0.501,0.29108193660036913,0.5321691605590835,-1.1102230246251565e-16,1.0431110132901954e-16,0.2101145989366211,0.24518156360003204,0.03881291981657824,0.04764317147631679
constant,prepared,0.08,0.001,0.502,0.2907728790637514,0.5316556875869587,-2.275957200481571e-15,2.1404428219432105e-15,0.21040537181568486,0.24494068079150944,0.03873646156854051,0.04759561148648915
constant,prepared,0.08,0.001,0.503,0.2904642876560248,0.5311425679258504,-3.0531133177191805e-16,2.874099631706989e-16,0.2106958361033409,0.24470000251123872,0.038660145567091846,0.04754809851777851
constant,prepared,0.08,0.001,0.504,0.2901561605470924,0.5306298026099867,4.163336342344337e-16,3.9230140503476306e-16,0.21098599226388798,0.24445952886917607,0.038583971629343315,0.04750063252765671
constant,prepared,0.08,0.001,0.505,0.28984849592055567,0.5301173926605108,-2.498001805406602e-16,2.3560836146780913e-16,0.21127584075980854,0.24421925997243657,0.038507939571798516,0.04745321347359907
constant,prepared,0.08,0.001,0.506,0.2895412919735511,0.529605339085615,-8.049116928532385e-16,7.599165203309239e-16,0.2115653820517821,0.24397919592532427,0.038432049210363174,0.04740584131308498
constant,prepared,0.08,0.001,0.507,0.28923454691664724,0.5290936428806563,9.992007221626409e-16,9.44256971906221e-16,0.21185461659869875,0.24373933682936044,0.038356300360356116,0.047358516003598417
constant,prepared,0.08,0.001,0.508,0.2889282589737376,0.528582305028282,-1.304512053934559e-15,1.2339724973055637e-15,0.21214354485767248,0.2434996827833061,0.038280692836519394,0.047311237502628146
constant,prepared,0.08,0.001,0.509,0.288622426381923,0.5280713264985178,-1.1102230246251565e-15,1.051205555873212e-15,0.2124321672840544,0.24326023388318962,0.03820522645302794,0.04726400576766738
constant,prepared,0.08,0.001,0.51,0.28831704739140396,0.5275607082488998,3.3306690738754696e-15,3.1566690068056307e-15,0.2127204843314458,0.24302099022233306,0.03812990102350107,0.04721682075621563
constant,prepared,0.08,0.001,0.511,0.288012120265358,0.5270504512246027,-1.3877787807814457e-16,1.3165521228156994e-16,0.21300849645171116,0.24278195189137286,0.03805471636101121,0.047169682425777154
constant,prepared,0.08,0.001,0.512,0.28770764327981796,0.5265405563585126,6.38378239159465e-16,6.062004450088396e-16,0.21329620409499098,0.24254311897829284,0.03797967227809392,0.04712259073386277
constant,prepared,0.08,0.001,0.513,0.28740361472363124,0.5260310245713633,-2.498001805406602e-16,2.3743863847594362e-16,0.2135836077097146,0.24230449156844625,0.03790476858675796,0.047075545637989276
constant,prepared,0.08,0.001,0.514,0.2871000328982382,0.5255218567718335,-4.163336342344337e-16,3.961144801777426e-16,0.21387070774261285,0.24206606974457212,0.03783000509849523,0.04702854709568053
constant,prepared,0.08,0.001,0.515,0.28679689611764925,0.5250130538566855,-2.525757381022231e-15,2.4054234103974314e-15,0.2141575046387305,0.24182785358683326,0.03775538162428973,0.04698159506446673
constant,prepared,0.08,0.001,0.516,0.28649420270834375,0.5245046167108137,-8.326672684688674e-17,7.937654330771694e-17,0.21444399884143886,0.241589843172831,0.03768089797462697,0.04693468950188562
constant,prepared,0.08,0.001,0.517,0.286191951009104,0.5239965462074233,1.1102230246251565e-16,1.0593800976940753e-16,0.21473019079244796,0.2413520385776328,0.03760655395950498,0.04688783036548248
constant,prepared,0.08,0.001,0.518,0.28589013937093105,0.5234888432080709,4.440892098500626e-16,4.2416301284338023e-16,0.2150160809318189,0.2411144398737949,0.037532349388440994,0.046841017612810176
constant,prepared,0.08,0.001,0.519,0.28558876615698336,0.5229815085628209,-9.992007221626409e-16,9.552925923791214e-16,0.21530166969797587,0.2408770471313897,0.037458284070482316,0.046794251201429875
constant,prepared,0.08,0.001,0.52,0.2852878297424381,0.5224745431103004,-1.1934897514720433e-15,1.1421511030634897e-15,0.2155869575277183,0.24063986041802202,0.03738435781421555,0.046747531088911075
constant,prepared,0.08,0.001,0.521,0.28498732851436015,0.5219679476778525,4.690692279041286e-15,4.493276167539947e-15,0.21587194485623268,0.2404028797988587,0.03731057042777419,0.04670085723283189
constant,prepared,0.08,0.001,0.522,0.2846872608716723,0.5214617230816078,3.3306690738754696e-16,3.193589218967684e-16,0.21615663211710434,0.24016610533664814,0.03723692171884905,0.046654229590779576
constant,prepared,0.08,0.001,0.523,0.28438762522499356,0.5209558701265892,5.551115123125783e-17,5.3278170392598646e-17,0.21644101974232932,0.2399295370917464,0.03716341149469652,0.04660764812035029
constant,prepared,0.08,0.001,0.524,0.2840884199965724,0.5204503896068063,-3.219646771412954e-15,3.0931351342107424e-15,0.2167251081623259,0.23969317512213628,0.03709003956214643,0.046561112779150086
constant,prepared,0.08,0.001,0.525,0.2837896436201653,0.5199452823053783,1.1934897514720433e-15,1.1477070685017506e-15,0.21700889780594607,0.23945701948345127,0.03701680572761229,0.04651462352479466
constant,prepared,0.08,0.001,0.526,0.28349129454096267,0.5194405489946152,-2.4980018054066022e-15,2.4045117484970387e-15,0.21729238910048704,0.23922107022899722,0.03694370979709819,0.04646818031490957
constant,prepared,0.08,0.001,0.527,0.28319337121549043,0.5189361904361072,1.1102230246251565e-15,1.069710539644709e-15,0.21757558247170253,0.23898532740977643,0.036870751576208276,0.04642178310713103
constant,prepared,0.08,0.001,0.528,0.2828958721114732,0.518432207380856,9.159339953157541e-16,8.833691100550013e-16,0.217858478343814,0.23874979107450833,0.03679793087015497,0.04637543185910574
constant,prepared,0.08,0.001,0.529,0.2825987957078019,0.5179286005693177,2.7200464103316335e-15,2.625889367126758e-15,0.2181410771395218,0.2385144612696455,0.03672524748376646,0.04632912652849136
constant,prepared,0.08,0.001,0.53,0.2823021404943879,0.5174253707315559,-6.938893903907228e-16,6.705212284137476e-16,0.21842337928001618,0.23827933803940987,0.03665270122149625,0.04628286707295638
constant,prepared,0.08,0.001,0.531,0.28200590497209443,0.5169225185872858,-8.326672684688674e-17,8.054081980646644e-17,0.21870538518498828,0.238044421425794,0.03658029188742992,0.04623665345018103
constant,prepared,0.08,0.001,0.532,0.28171008765263156,0.5164200448460053,-5.551115123125783e-17,5.374612370808638e-17,0.2189870952726409,0.23780971146860086,0.03650801928529379,0.046190485617857074
constant,prepared,0.08,0.001,0.533,0.28141468705849404,0.5159179502070596,-5.828670879282072e-16,5.648835126731669e-16,0.2192685099596994,0.23757520820545208,0.03643588321846242,0.04614436353368807
constant,prepared,0.08,0.001,0.534,0.2811197017228066,0.515416235359766,1.2490009027033011e-15,1.2116429567177716e-15,0.21954962966142222,0.23734091167181456,0.0363638834899674,0.04609828715538987
constant,prepared,0.08,0.001,0.535,0.2808251301893187,0.5149149009834657,-1.942890293094024e-15,1.8866130008892627e-15,0.21983045479161153,0.23710682190102095,0.03629201990250331,0.04605225644069068
constant,prepared,0.08,0.001,0.536,0.2805309710122292,0.5144139477476423,-5.551115123125783e-16,5.395572133523307e-16,0.22011098576262375,0.23687293892428637,0.03622029225843756,0.04600627134733142
constant,prepared,0.08,0.001,0.537,0.2802372227561775,0.5139133763119976,-2.581268532253489e-15,2.511384847362295e-15,0.22039122298537994,0.23663926277073025,0.036148700359816426,0.04596033183306565
constant,prepared,0.08,0.001,0.538,0.27994388399608144,0.5134131873265466,1.27675647831893e-15,1.2434005493385115e-15,0.22067116686937602,0.2364057934673985,0.036077244008372804,0.04591443785566048
constant,prepared,0.08,0.001,0.539,0.2796509533171002,0.5129133814317137,-1.970645868709653e-15,1.921031835052657e-15,0.22095081782269313,0.23617253103928576,0.03600592300553421,0.04586858937289619
constant,prepared,0.08,0.001,0.54,0.279358429314533,0.5124139592583968,2.498001805406602e-16,2.4374841476039154e-16,0.22123017625200767,0.23593947550934155,0.0359347371524295,0.045822786342566486
constant,prepared,0.08,0.001,0.541,0.27906631059371406,0.511914921428083,-2.1371793224034263e-15,2.087436049374539e-15,0.22150924256260138,0.2357066268985063,0.03586368624989637,0.045777028722479234
constant,prepared,0.08,0.001,0.542,0.27877459576998626,0.5114162685528993,-2.275957200481571e-15,2.2251513497230073e-15,0.22178801715837138,0.2354739852257233,0.035792770098488594,0.045731316470456286
constant,prepared,0.08,0.001,0.543,0.2784832834685393,0.5109180012357334,7.771561172376096e-16,7.60548772364585e-16,0.22206650044183993,0.23524155050795592,0.03572198849848312,0.04568564954433366
constant,prepared,0.08,0.001,0.544,0.278192372324369,0.5104201200702941,-2.7755575615628914e-16,2.7188951340521676e-16,0.2223446928141643,0.23500932276020967,0.03565134124988689,0.04564002790196201
constant,prepared,0.08,0.001,0.545,0.27790186098220593,0.5099226256412003,-1.1102230246251565e-16,1.0886191049368627e-16,0.2226225946751465,0.2347773019955509,0.03558082815244432,0.04559445150120685
constant,prepared,0.08,0.001,0.546,0.2776117480963902,0.5094255185240829,-3.0531133177191805e-16,2.9966238504940994e-16,0.2229002064232429,0.23454548822512244,0.035510449005642965,0.04554892029994855
constant,prepared,0.08,0.001,0.547,0.27732203233083724,0.5089287992856202,8.049116928532385e-16,7.907900810320488e-16,0.22317752845557373,0.23431388145816864,0.035440203608722166,0.04550343425608281
constant,prepared,0.08,0.001,0.548,0.2770327123589241,0.5084324684836748,-1.7763568394002505e-15,1.7468955559604374e-15,0.22345456116793266,0.23408248170204266,0.03537009176067828,0.0454579933275205
constant,prepared,0.08,0.001,0.549,0.2767437868634228,0.5079365266673316,3.885780586188048e-16,3.8250651234745754e-16,0.2237313049547961,0.23385128896224053,0.03530011326027178,0.04541259747218848
constant,prepared,0.08,0.001,0.55,0.2764552545364165,0.5074409743770135,-2.7755575615628914e-17,2.73485755162997e-17,0.22400776020933252,0.23362030324240027,0.03523026790603433,0.045367246648029276
constant,prepared,0.08,0.001,0.551,0.2761671140792311,0.506945812144518,7.216449660063518e-16,7.117574982556793e-16,0.22428392732341176,0.23338952454433454,0.03516055549627381,0.04532194081300133
constant,prepared,0.08,0.001,0.552,0.27587936420234666,0.5064510404931318,-8.326672684688674e-16,8.220609712422538e-16,0.2245598066876141,0.23315895286804386,0.03509097582908338,0.04527667992507959
constant,prepared,0.08,0.001,0.553,0.27559200362530345,0.5059566599377004,-1.5543122344752192e-15,1.536013217680154e-15,0.22483539869123942,0.23292858821173076,0.03502152870234529,0.045231463942255586
constant,prepared,0.08,0.001,0.554,0.2753050310766773,0.50546267098469,-4.385380947269368e-15,4.337986956312958e-15,0.2251107037223161,0.23269843057182393,0.0349522139137379,0.045186292822537145
constant,prepared,0.08,0.001,0.555,0.275018445293933,0.5049690741322826,1.6930901125533637e-15,1.676429507552215e-15,0.22538572216761002,0.23246847994298447,0.034883031260742464,0.04514116652394914
constant,prepared,0.08,0.001,0.556,0.2747322450234353,0.5044758698704381,7.216449660063518e-16,7.152423030577137e-16,0.22566045441263347,0.2322387363181382,0.03481398054065024,0.0450960850045338
constant,prepared,0.08,0.001,0.557,0.27444642902026634,0.503983058680991,-1.3877787807814457e-16,1.3768109432224742e-16,0.22593490084165374,0.2320091996884762,0.034745061550565295,0.04505104822235046
constant,prepared,0.08,0.001,0.558,0.27416099604825084,0.5034906410376787,8.326672684688674e-16,8.268944848237547e-16,0.22620906183770198,0.23177987004348782,0.0346762740874141,0.04500605613547575
constant,prepared,0.08,0.001,0.559,0.27387594487984723,0.5029986174062823,-1.0269562977782698e-15,1.020834115880658e-15,0.22648293778258183,0.23155074737096104,0.034607617947949754,0.04496110870200431
constant,prepared,0.08,0.001,0.56,0.27359127429604263,0.5025069882446352,1.1657341758564144e-15,1.1599183724076881e-15,0.22675652905687788,0.2313218316570121,0.03453909292875751,0.044916205880048334
constant,prepared,0.08,0.001,0.561,0.27330698308631063,0.5020157540027458,-3.608224830031759e-16,3.5937366519497954e-16,0.22702983603996418,0.2310931228860962,0.03447069882626176,0.04487134762773824
constant,prepared,0.08,0.001,0.562,0.27302307004856335,0.5015249151228296,1.8596235662471372e-15,1.853969274678696e-15,0.22730285911001274,0.2308646210410225,0.034402435436731243,0.04482653390322284
constant,prepared,0.08,0.001,0.5630000000000001,0.2727395339890359,0.5010344720394091,-2.55351295663786e-15,2.5482407889461738e-15,0.2275755986440018,0.2306363261029711,0.034334302556285265,0.04478176466466912
constant,prepared,0.08,0.001,0.5640000000000001,0.27245637372223297,0.5005444251793646,1.6930901125533637e-15,1.691248595913001e-15,0.227848055017724,0.23040823805151472,0.034266299980897766,0.04473703987026295
constant,prepared,0.08,0.001,0.5650000000000001,0.27217358807088277,0.5000547749620242,3.1363800445660672e-15,3.1360364920065452e-15,0.2281202286057949,0.2301803568646228,0.03419842750640469,0.044692359478208606
constant,prepared,0.08,0.001,0.5660000000000001,0.27189117586579653,0.49956552179923036,-1.27675647831893e-15,1.2778668889323844e-15,0.22839211978166069,0.22995268251868872,0.03413068492850925,0.044647723446729765
constant,prepared,0.08,0.001,0.5670000000000001,0.27160913594590436,0.4990766660953752,-1.887379141862766e-15,1.8908709523819786e-15,0.22866372891760658,0.22972521498853998,0.03406307204278617,0.0446031317340692
constant,prepared,0.08,0.001,0.5680000000000001,0.2713274671581049,0.49858820824751515,-2.7755575615628914e-16,2.7834167712456374e-16,0.2289350563847647,0.22949795424745012,0.03399558864468845,0.044558584298488815
constant,prepared,0.08,0.001,0.5690000000000001,0.27104616835723755,0.4981001486454137,-3.6914915568786455e-15,3.70557162743044e-15,0.22920610255312193,0.22927090026716251,0.03392823452955158,0.044514081098270104
constant,prepared,0.08,0.001,0.5700000000000001,0.27076523840598454,0.49761248767160726,-1.7486012637846216e-15,1.7569909388393312e-15,0.22947686779152793,0.22904405301789746,0.03386100949260027,0.044469622091714366
constant,prepared,0.08,0.001,0.5710000000000001,0.2704846761748494,0.49712522570148604,1.4988010832439613e-15,1.5074683457563667e-15,0.22974735246770278,0.22881741246836992,0.033793913328951486,0.04442520723714272
constant,prepared,0.08,0.001,0.5720000000000001,0.27020448054204027,0.4966383631033465,-9.43689570931383e-16,9.500772000722482e-16,0.23001755694824483,0.22859097858580896,0.03372694583362267,0.04438083649289625
constant,prepared,0.08,0.001,0.5730000000000001,0.26992465039345637,0.49615190023846034,2.7755575615628914e-15,2.797084481817863e-15,0.2302874815986383,0.2283647513359641,0.03366010680153323,0.04433650981733633
constant,prepared,0.08,0.001,0.5740000000000001,0.2696451846225667,0.4956658374611498,-2.7755575615628914e-16,2.799827375414429e-16,0.23055712678326087,0.2281387306831252,0.03359339602751305,0.044292227168844636
constant,prepared,0.08,0.001,0.5750000000000001,0.2693660821304146,0.4951801751188253,6.661338147750939e-16,6.72617612988288e-16,0.23082649286539128,0.2279129165901368,0.03352681330630477,0.044247988505823246
constant,prepared,0.08,0.001,0.5760000000000001,0.2690873418254897,0.49469491355208284,-2.3869795029440866e-15,2.4125773659210917e-15,0.23109558020721677,0.22768730901841092,0.033460358432570274,0.04420379378669509
constant,prepared,0.08,0.001,0.577,0.2688089626237068,0.4942100530947362,-6.38378239159465e-16,6.458571969165238e-16,0.23136438916984048,0.22746190792793877,0.03339403120089543,0.04415964296990413
constant,prepared,0.08,0.001,0.578,0.26853094344831047,0.4937255940739105,1.1657341758564144e-15,1.1805486588587741e-15,0.2316329201132888,0.22723671327731373,0.033327831405793804,0.04411553601391489
constant,prepared,0.08,0.001,0.579,0.2682532832298616,0.49324153681006866,9.71445146547012e-16,9.847560211875293e-16,0.23190117339651864,0.22701172502373299,0.033261758841713,0.044071472877213476
constant,prepared,0.08,0.001,0.58,0.26797598090613023,0.49275788161710365,-1.582067810090848e-15,1.6053196398390565e-15,0.23216914937742478,0.22678694312302247,0.03319581330303839,0.04402745351830695
constant,prepared,0.08,0.001,0.581,0.26769903542203594,0.4922746288023981,-1.4155343563970746e-15,1.4377486402668951e-15,0.2324368484128468,0.22656236752964148,0.033129994584097724,0.043983477895724196
constant,prepared,0.08,0.001,0.582,0.26742244572963386,0.4917917786668429,-1.970645868709653e-15,2.003536815979026e-15,0.23270427085857645,0.22633799819670467,0.03306430247916659,0.04393954596801564
constant,prepared,0.08,0.001,0.583,0.2671462107880085,0.4913093315049474,-1.6375789613221059e-15,1.666545754693872e-15,0.23297141706936447,0.2261138350759876,0.032998736782472275,0.043895657693753094
constant,prepared,0.08,0.001,0.584,0.266870329563238,0.49082728760488814,-2.4702462297909733e-15,2.5164108558889934e-15,0.2332382873989277,0.22588987811794667,0.03293329728819791,0.04385181303153095
constant,prepared,0.08,0.001,0.585,0.26659480102830097,0.49034564724854096,-6.106226635438361e-16,6.226451350901162e-16,0.23350488219995602,0.2256661272717261,0.032867983790488095,0.04380801193996519
constant,prepared,0.08,0.001,0.586,0.2663196241630856,0.4898644107115669,-9.71445146547012e-16,9.915449309084446e-16,0.23377120182411912,0.2254425824851781,0.032802796083452025,0.04376425437769419
constant,prepared,0.08,0.001,0.587,0.26604479795428315,0.48938357826345524,1.6653345369377348e-16,1.7014614005307066e-16,0.2340372466220734,0.22521924370486823,0.03273773396116923,0.043720540303378574
constant,prepared,0.08,0.001,0.588,0.2657703213953056,0.48890315016759983,-1.304512053934559e-15,1.3341211377829777e-15,0.2343030169434687,0.22499611087609586,0.032672797217692263,0.04367686967570173
constant,prepared,0.08,0.001,0.589,0.26549619348630965,0.4884231266813165,-1.1657341758564144e-15,1.1933650478195183e-15,0.234568513136955,0.22477318394290152,0.032607985647052494,0.043633242453369456
constant,prepared,0.08,0.001,0.59,0.2652224132340628,0.4879435080559438,-1.6653345369377348e-16,1.7064829323918385e-16,0.23483373555018908,0.22455046284807942,0.03254329904326332,0.043589658595110395
constant,prepared,0.08,0.001,0.591,0.26494897965194075,0.48746429453687984,-1.3600232051658168e-15,1.3949977674343534e-15,0.235098684529841,0.2243279475331953,0.03247873720032472,0.043546118059676134
constant,prepared,0.08,0.001,0.592,0.2646758917598319,0.4869854863636275,-1.4988010832439613e-15,1.5388560082515715e-15,0.23536336042160083,0.22410563793859017,0.0324142999122271,0.04350262080584138
constant,prepared,0.08,0.001,0.593,0.2644031485841144,0.48650708376986446,1.4155343563970746e-15,1.4547931609015088e-15,0.23562776357018494,0.22388353400340522,0.03234998697295596,0.04345916679240392
constant,prepared,0.08,0.001,0.594,0.2641307491575839,0.48602908698349834,1.6653345369377348e-16,1.7132046018824754e-16,0.23589189431934252,0.22366163566557926,0.03228579817649536,0.04341575597818482
constant,prepared,0.08,0.001,0.595,0.2638586925194001,0.4855514962267028,1.3600232051658168e-15,1.4004932697507572e-15,0.23615575301186192,0.2234399428618712,0.03222173331683157,0.04337238832202873
constant,prepared,0.08,0.001,0.596,0.2635869777150567,0.4850743117159905,9.43689570931383e-16,9.72726805087866e-16,0.23641933998957698,0.22321845552787,0.032157792187958355,0.04332906378280398
constant,prepared,0.08,0.001,0.597,0.26331560379629004,0.4845975336622539,-4.718447854656915e-16,4.868419179724403e-16,0.23668265559337326,0.22299717359800586,0.03209397458387868,0.0432857823194024
constant,prepared,0.08,0.001,0.598,0.26304456982105895,0.48412116227082946,-4.3021142204224816e-15,4.443220577512981e-15,0.23694570016319433,0.22277609700555526,0.032030280298611255,0.04324254389073977
constant,prepared,0.08,0.001,0.599,0.2627738748534804,0.48364519774152337,-2.498001805406602e-16,2.582473492005622e-16,0.23720847403804782,0.22255522568266697,0.03196670912619191,0.043199348455755876
constant,prepared,0.08,0.001,0.6,0.26250351796378113,0.483169640268704,9.992007221626409e-16,1.0340061118150517e-15,0.2374709775560116,0.22233455956036205,0.03190326086067882,0.04315619597341448
constant,prepared,0.08,0.001,0.601,0.26223349822823366,0.4826944900413275,1.609823385706477e-15,1.667538597310945e-15,0.23773321105423983,0.22211409856854916,0.03183993529615578,0.04311308640270374
constant,prepared,0.08,0.001,0.602,0.2619638147291281,0.4822197472429795,-1.4988010832439613e-15,1.5540643988691238e-15,0.23799517486896896,0.22189384263603443,0.031776732226734994,0.043070019702635895
constant,prepared,0.08,0.001,0.603,0.261694466554687,0.4817454120519438,-1.3322676295501878e-15,1.3827507187619454e-15,0.23825686933552365,0.2216737916905386,0.03171365144656206,0.04302699583224794
constant,prepared,0.08,0.001,0.604,0.26142545279909185,0.48127148464124303,1.304512053934559e-15,1.3552766947193921e-15,0.23851829478832273,0.22145394565869572,0.03165069274981991,0.04298401475060117
constant,prepared,0.08,0.001,0.605,0.26115677256230674,0.4807979651787101,1.1102230246251565e-16,1.1545629401868332e-16,0.23877945156088504,0.22123430446607914,0.03158785593072955,0.04294107641678198
constant,prepared,0.08,0.001,0.606,0.26088842495017855,0.48032485382698675,1.1934897514720433e-15,1.2423776762361096e-15,0.2390403399858352,0.22101486803720244,0.03152514078355676,0.04289818078990091
constant,prepared,0.08,0.001,0.607,0.2606204090742618,0.47985215074362103,1.0547118733938987e-15,1.0989967136329633e-15,0.23930096039490947,0.22079563629553425,0.03146254710261376,0.04285532782909416
constant,prepared,0.08,0.001,0.608,0.26035272405183535,0.47937985608110895,2.220446049250313e-16,2.31595677319681e-16,0.2395613131189613,0.22057660916350355,0.03140007468226351,0.042812517493522495
constant,prepared,0.08,0.001,0.609,0.26008536900587353,0.4789079699868938,-1.6375789613221059e-15,1.709701094937848e-15,0.23982139848796719,0.22035778656252247,0.031337723316921556,0.042769749742371965
constant,prepared,0.08,0.001,0.61,0.2598183430649071,0.47843649260349225,-9.992007221626409e-16,1.0442354812080951e-15,0.2400812168310321,0.22013916841298495,0.03127549280106172,0.042727024534853865
constant,prepared,0.08,0.001,0.611,0.2595516453631003,0.47796542406847314,-1.9984014443252818e-15,2.0905292974068724e-15,0.24034076847639518,0.21992075463427835,0.031213382929217142,0.04268434183020506
constant,prepared,0.08,0.001,0.612,0.2592852750400977,0.4774947645145366,2.3869795029440866e-15,2.4994823821481007e-15,0.24060005375143528,0.219702545144804,0.03115139349598516,0.042641701587687465
constant,prepared,0.08,0.001,0.613,0.25901923124103887,0.47702451406955837,-1.915134717478395e-15,2.0073755760895123e-15,0.2408590729826763,0.21948453986197625,0.031089524296029472,0.0425991037665891
constant,prepared,0.08,0.001,0.614,0.2587535131164938,0.47655467285662106,9.71445146547012e-16,1.0192378774966765e-15,0.2411178264957928,0.21926673870223634,0.031027775124083615,0.04255654832622318
constant,prepared,0.08,0.001,0.615,0.2584881198224334,0.4760852409940711,2.0261570199409107e-15,2.127935131648136e-15,0.24137631461561523,0.21904914158106376,0.03096614577495482,0.04251403522592913
constant,prepared,0.08,0.001,0.616,0.25822305052013267,0.47561621859556835,-3.0531133177191805e-16,3.2096396194547577e-16,0.24163453766613538,0.21883174841298839,0.030904636043525373,0.042471564425072134
constant,prepared,0.08,0.001,0.617,0.2579583043762246,0.4751476057701114,-2.1094237467877974e-15,2.2197562622344303e-15,0.2418924959705116,0.21861455911159466,0.030843245724757634,0.04242913588304316
constant,prepared,0.08,0.001,0.618,0.25769388056251585,0.4746794026221093,3.608224830031759e-16,3.8006966492542897e-16,0.24215018985107412,0.2183975735895355,0.03078197461369612,0.04238674955925962
constant,prepared,0.08,0.001,0.619,0.25742977825611263,0.47421160925138706,2.498001805406602e-16,2.6338471651401216e-16,0.24240761962933022,0.21818079175853947,0.030720822505470168,0.042344405413164816
constant,prepared,0.08,0.001,0.62,0.25716599663922346,0.47374422575327085,-1.6653345369377348e-16,1.757630432634605e-16,0.24266478562596944,0.2179642135294253,0.0306597891952975,0.04230210340422871
constant,prepared,0.08,0.001,0.621,0.2569025348991993,0.4732772522186058,2.248201624865942e-15,2.3751422811121047e-15,0.24292168816086865,0.21774783881210735,0.03059887447848703,0.0422598434919473
constant,prepared,0.08,0.001,0.622,0.25663939222849136,0.4728106887337957,-1.6653345369377348e-16,1.761100771005793e-16,0.24317832755309715,0.21753166751560088,0.03053807815044144,0.04221762563584346
constant,prepared,0.08,0.001,0.623,0.2563765678245755,0.4723445353808579,9.159339953157541e-16,9.695613336324754e-16,0.24343470412092172,0.21731569954804508,0.030477400006660143,0.04217544979546624
constant,prepared,0.08,0.001,0.624,0.2561140608899123,0.47187879223747126,1.1102230246251565e-16,1.1763858038214617e-16,0.24369081818181162,0.21709993481669845,0.030416839842742717,0.04213331593039159
constant,prepared,0.08,0.001,0.625,0.2558518706319538,0.4714134593769836,-1.1379786002407855e-15,1.2069856912281745e-15,0.24394667005244358,0.21688437322795337,0.03035639745439035,0.04209122400022217
constant,prepared,0.08,0.001,0.626,0.25558999626304507,0.47094853686849114,1.6653345369377348e-16,1.7680642432941317e-16,0.24420226004870663,0.21666901468734662,0.030296072637409927,0.04204917396458776
constant,prepared,0.08,0.001,0.627,0.25532843700038355,0.470484024776871,6.938893903907228e-16,7.374207771664535e-16,0.244457588485707,0.21645385909957018,0.03023586518771579,0.04200716578314476
constant,prepared,0.08,0.001,0.628,0.25506719206604833,0.47001992316279484,-8.881784197001252e-16,9.448306081617939e-16,0.24471265567777306,0.21623890636847382,0.030175774901333174,0.04196519941557692
constant,prepared,0.08,0.001,0.629,0.2548062606868897,0.4695562320827918,1.3600232051658168e-15,1.448200569219595e-15,0.24496746193845995,0.21602415639707834,0.03011580157440032,0.0419232748215945
constant,prepared,0.08,0.001,0.63,0.2545456420945175,0.4690929515892992,5.551115123125783e-17,5.91686051167307e-17,0.24522200758055446,0.21580960908758326,0.030055945003170877,0.041881391960936015
constant,prepared,0.08,0.001,0.631,0.2542853355252373,0.46863008173067877,-7.216449660063518e-16,7.699516037695174e-16,0.2454762929160797,0.21559526434137655,0.029996204984017266,0.04183955079336624
constant,prepared,0.08,0.001,0.632,0.25402534022007134,0.46816762255125227,1.582067810090848e-15,1.6896382127724452e-15,0.24573031825629976,0.21538112205904586,0.029936581313432825,0.041797751278678075
constant,prepared,0.08,0.001,0.633,0.2537656554246455,0.46770557409137226,-1.7763568394002505e-15,1.8990118333005157e-15,0.2459840839117244,0.21516718214037914,0.029877073788034055,0.041755993376691676
constant,prepared,0.08,0.001,0.634,0.2535062803891799,0.4672439363874225,-5.828670879282072e-16,6.237288946270181e-16,0.24623759019211358,0.2149534444843811,0.029817682204562816,0.04171427704725457
constant,prepared,0.08,0.001,0.635,0.2532472143685039,0.46678270947188283,2.7755575615628914e-17,2.973072379548026e-17,0.2464908374064821,0.2147399089892776,0.02975840635989042,0.041672602250242115
constant,prepared,0.08,0.001,0.636,0.2529884566219254,0.46632189337334623,-1.6653345369377348e-16,1.7856062095763927e-16,0.246743825863104,0.21452657555252677,0.02969924605101824,0.041630968945557435
constant,prepared,0.08,0.001,0.637,0.25273000641326243,0.4658614881165799,-2.498001805406602e-16,2.6810563537948946e-16,0.24699655586951727,0.21431344407082337,0.029640201075080932,0.04158937709313127
constant,prepared,0.08,0.001,0.638,0.2524718630107669,0.4654014937225454,-1.582067810090848e-15,1.699680632131812e-15,0.24724902773252805,0.21410051444011127,0.02958127122934827,0.04154782665292237
constant,prepared,0.08,0.001,0.639,0.25221402568710893,0.4649419102084334,-3.0808688933348094e-15,3.313176147052076e-15,0.24750124175821517,0.2138877865555912,0.02952245631122814,0.04150631758491748
constant,prepared,0.08,0.001,0.64,0.25195649371934903,0.46448273758769637,2.275957200481571e-15,2.449991158230993e-15,0.2477531982519345,0.2136752603117221,0.02946375611826889,0.041464849849131305
constant,prepared,0.08,0.001,0.641,0.2516992663888879,0.46402397587012195,3.608224830031759e-16,3.887972408393055e-16,0.2480048975183234,0.21346293560224056,0.02940517044816044,0.04142342340560666
constant,prepared,0.08,0.001,0.642,0.2514423429814023,0.4635656250618158,-8.604228440844963e-16,9.280485842428036e-16,0.2482563398613048,0.21325081232016074,0.02934669909873796,0.0413820382144145
constant,prepared,0.08,0.001,0.643,0.2511857227868565,0.46310768516526685,-8.604228440844963e-16,9.289662767930988e-16,0.24850752558409164,0.21303889035778242,0.02928834186798319,0.041340694235654285
constant,prepared,0.08,0.001,0.644,0.2509294050994621,0.4626501561793768,-2.7755575615628914e-16,2.999628903709658e-16,0.2487584549891911,0.21282716960670275,0.02923009855402718,0.041299391429453346
constant,prepared,0.08,0.001,0.645,0.25067338921761534,0.4621930380995002,-1.1379786002407855e-15,1.2310641944327648e-15,0.24900912837840872,0.2126156499578193,0.029171968955151513,0.041258129755967994
constant,prepared,0.08,0.001,0.646,0.25041767444388335,0.4617363309174629,1.1934897514720433e-15,1.2923931598587836e-15,0.2492595460528526,0.21240433130134598,0.029113952869791695,0.04121690917538249
constant,prepared,0.08,0.001,0.647,0.25016226008495934,0.46128003462161854,3.0531133177191805e-16,3.3093924390458444e-16,0.24950970831293756,0.2121932135268104,0.02905605009653838,0.041175729647909984
constant,prepared,0.08,0.001,0.648,0.24990714545164805,0.4608241491968592,1.27675647831893e-15,1.3852968432146025e-15,0.2497596154583892,0.21198229652306413,0.0289982604341393,0.041134591133792184
constant,prepared,0.08,0.001,0.649,0.24965232985879254,0.46036867462466186,2.7755575615628914e-16,3.0144943765187757e-16,0.250009267788248,0.21177158017829822,0.028940583681502464,0.041093493593299266
constant,prepared,0.08,0.001,0.65,0.24939781262527924,0.45991361088312693,1.1379786002407855e-15,1.2371656038355066e-15,0.2502586656008733,0.21156106438004083,0.028883019637697085,0.04105243698673044
constant,prepared,0.08,0.001,0.651,0.2491435930740015,0.45945895794699987,1.887379141862766e-15,2.0539148374602783e-15,0.2505078091939473,0.21135074901516843,0.02882556810195544,0.04101142127441347
constant,prepared,0.08,0.001,0.652,0.24888967053181776,0.4590047157877027,-1.942890293094024e-15,2.1164164836082502e-15,0.2507566988644791,0.2111406339699117,0.028768228873675694,0.040970446416705254
constant,prepared,0.08,0.001,0.653,0.24863604432949202,0.45855088437337344,9.71445146547012e-16,1.0592555588182173e-15,0.2510053349088086,0.2109307191298675,0.028711001752423866,0.040929512373991554
constant,prepared,0.08,0.001,0.654,0.24838271380170307,0.4580974636689086,-9.71445146547012e-16,1.060304000339465e-15,0.2512537176226103,0.21072100438000035,0.028653886537934204,0.040888619106687
constant,prepared,0.08,0.001,0.655,0.24812967828699423,0.45764445363596845,1.2490009027033011e-15,1.364597443255384e-15,0.25150184730089725,0.21051148960465213,0.02859688303011321,0.04084776657523548
constant,prepared,0.08,0.001,0.656,0.24787693712776773,0.45719185423301656,1.7208456881689926e-15,1.881973259405369e-15,0.251749724238025,0.21030217468754636,0.028539991029039882,0.04080695474010991
constant,prepared,0.08,0.001,0.657,0.24762448967020304,0.45673966541538147,-5.551115123125783e-17,6.076891874583879e-17,0.2519973487276952,0.21009305951180263,0.028483210334968364,0.04076618356181249
constant,prepared,0.08,0.001,0.658,0.2473723352642622,0.45628788713524066,-3.885780586188048e-16,4.258036094914273e-16,0.2522447210629595,0.20988414395992935,0.028426540748329683,0.040725453000874406
constant,prepared,0.08,0.001,0.659,0.24712047326364064,0.45583651934167924,7.494005416219807e-16,8.220058176824743e-16,0.2524918415362231,0.20967542791385277,0.028369982069733016,0.04068476301785651
constant,prepared,0.08,0.001,0.66,0.24686890302577197,0.45538556198072183,2.0539125955565396e-15,2.2551358310778906e-15,0.2527387104392489,0.20946691125489747,0.028313534099967962,0.040644113573349044
constant,prepared,0.08,0.001,0.661,0.2466176239117407,0.45493501499535094,1.942890293094024e-16,2.1353492576449387e-16,0.25298532806316065,0.20925859386381374,0.02825719664000635,0.04060350462797123
constant,prepared,0.08,0.001,0.662,0.2463666352863062,0.4544848783255373,8.049116928532385e-16,8.855208734543393e-16,0.253231694698447,0.20905047562077417,0.02820096949100347,0.04056293614237244
constant,prepared,0.08,0.001,0.663,0.24611593651783065,0.4540351519082834,9.992007221626409e-16,1.1003561265719814e-15,0.25347781063496483,0.20884255640538418,0.028144852454300505,0.04052240807723085
constant,prepared,0.08,0.001,0.664,0.2458655269782833,0.45358583567763155,-4.996003610813204e-16,5.507230625212822e-16,0.25372367616194313,0.20863483609668465,0.028088845331425215,0.04048192039325486
constant,prepared,0.08,0.001,0.665,0.2456154060432053,0.4531369295647144,-1.1934897514720433e-15,1.3169195375650767e-15,0.25396929156798637,0.20842731457316466,0.02803294792409437,0.04044147305118216
constant,prepared,0.08,0.001,0.666,0.2453655730916344,0.45268843349776394,7.771561172376096e-16,8.583785885943646e-16,0.254214657141078,0.208219991712757,0.027977160034215097,0.04040106601178032
constant,prepared,0.08,0.001,0.667,0.24511602750615205,0.4522403474021629,2.498001805406602e-16,2.761807764119295e-16,0.25445977316858415,0.20801286739286098,0.02792148146388669,0.040360699235846634
constant,prepared,0.08,0.001,0.668,0.24486676867280122,0.4517926712004494,1.915134717478395e-15,2.119484046066666e-15,0.25470463993725695,0.20780594149033393,0.027865912015401804,0.0403203726842082
constant,prepared,0.08,0.001,0.669,0.24461779598106753,0.4513454048123668,-3.0808688933348094e-15,3.412983560357281e-15,0.254949257733238,0.20759921388150235,0.02781045149124815,0.04028008631772198
constant,prepared,0.08,0.001,0.67,0.2443691088238795,0.4508985481548545,6.106226635438361e-16,6.771175756083011e-16,0.25519362684206187,0.20739268444217102,0.027755099694110184,0.04023984009727481
constant,prepared,0.08,0.001,0.671,0.24412070659752128,0.4504521011421431,1.970645868709653e-15,2.1874088984300224e-15,0.2554377475486594,0.20718635304762645,0.02769985642687079,0.040199633983783484
constant,prepared,0.08,0.001,0.672,0.2438725887016802,0.4500060636857038,-5.551115123125783e-17,6.167822581833953e-17,0.25568162013736107,0.20698021957264212,0.027644721492612188,0.04015946793819498
constant,prepared,0.08,0.001,0.673,0.24362475453935153,0.44956043569432547,-1.582067810090848e-15,1.7595718889801987e-15,0.25592524489190044,0.20677428389148714,0.02758969469461795,0.04011934192148625
constant,prepared,0.08,0.001,0.674,0.24337720351687298,0.4491152170741276,-6.106226635438361e-16,6.798062505228494e-16,0.2561686220954173,0.20656854587793022,0.02753477583637401,0.04007925589466418
constant,prepared,0.08,0.001,0.675,0.24312993504383068,0.4486704077285944,-1.582067810090848e-15,1.7630623536106498e-15,0.2564117520304611,0.20636300540524558,0.02747996472157055,0.040039209818766
constant,prepared,0.08,0.001,0.676,0.24288294853307948,0.4482260075585818,1.887379141862766e-15,2.105387806636909e-15,0.2566546349789942,0.20615766234622052,0.027425261154103393,0.03999920365485927
constant,prepared,0.08,0.001,0.677,0.2426362434007335,0.4477820164623569,5.551115123125783e-16,6.198456971297817e-16,0.2568972712223949,0.20595251657315808,0.027370664938074562,0.039959237364041396
constant,prepared,0.08,0.001,0.678,0.24238981906607365,0.44733843433563075,1.887379141862766e-15,2.109565149108887e-15,0.25713966104146097,0.20574756795788904,0.027316175877794835,0.03991931090744059
constant,prepared,0.08,0.001,0.679,0.24214367495157849,0.44689526107157357,9.992007221626409e-16,1.1179361353784981e-15,0.25738180471641253,0.2055428163717687,0.02726179377778426,0.03987942424621494
constant,prepared,0.08,0.001,0.68,0.2418978104828648,0.4464524965608414,1.6653345369377348e-16,1.8650747277328608e-16,0.25762370252689537,0.20533826168569014,0.02720751844277383,0.03983957734155325
constant,prepared,0.08,0.001,0.681,0.24165222508870124,0.4460101406915938,-1.4155343563970746e-15,1.5868858432255779e-15,0.2578653547519841,0.20513390377008817,0.02715334967770685,0.03979977015467441
constant,prepared,0.08,0.001,0.682,0.2414069182009405,0.4455681933495444,1.3877787807814457e-16,1.5573135622056678e-16,0.25810676167018504,0.2049297424949393,0.027099287287739995,0.039760002646828226
constant,prepared,0.08,0.001,0.683,0.24116188925451285,0.4451266544179573,-7.216449660063518e-16,8.106063283830613e-16,0.25834792355943953,0.20472577772977604,0.027045331078244642,0.03972027477929468
constant,prepared,0.08,0.001,0.684,0.24091713768740186,0.4446855237776916,6.938893903907228e-16,7.802023601937774e-16,0.25858884069712695,0.20452200934368606,0.026991480854808007,0.03968058651338441
constant,prepared,0.08,0.001,0.685,0.2406726629406324,0.44424480130720395,-6.38378239159465e-16,7.184982663623951e-16,0.2588295133600676,0.2043184372053187,0.0269377364232351,0.03964093781043864
constant,prepared,0.08,0.001,0.686,0.24042846445820962,0.4438044868825994,-1.6653345369377348e-16,1.8762029070903353e-16,0.2590699418245258,0.2041150611828948,0.026884097589549023,0.039601328631829226
constant,prepared,0.08,0.001,0.687,0.24018454168714196,0.44336458037763704,1.4710455076283324e-15,1.6589569540888481e-15,0.2593101263662129,0.20391188114420453,0.026830564159992465,0.039561758938958615
constant,prepared,0.08,0.001,0.6880000000000001,0.23994089407736735,0.4429250816637647,2.192690473634684e-15,2.475238549822297e-15,0.2595500672602903,0.20370889695661823,0.026777135941028648,0.03952222869326015
constant,prepared,0.08,0.001,0.6890000000000001,0.23969752108177428,0.442485990610125,1.3600232051658168e-15,1.5367980388379491e-15,0.25978976478137206,0.2035061084870895,0.0267238127393442,0.039482737856197714
constant,prepared,0.08,0.001,0.6900000000000001,0.23945442215616075,0.4420473070835954,1.1379786002407855e-15,1.287168343755549e-15,0.26002921920352823,0.20330351560216192,0.02667059436184699,0.03944328638926606
constant,prepared,0.08,0.001,0.6910000000000001,0.2392115967591858,0.4416090309488168,9.43689570931383e-16,1.0684672468131172e-15,0.2602684308002874,0.20310111816797272,0.026617480615670493,0.03940387425399087
constant,prepared,0.08,0.001,0.6920000000000001,0.23896904435239766,0.4411711620681873,1.6653345369377348e-15,1.887401852300058e-15,0.2605073998446398,0.2028989160502565,0.02656447130817301,0.039364501411928515
constant,prepared,0.08,0.001,0.6930000000000001,0.23872676440016805,0.4407337003019149,-7.494005416219807e-16,8.501738590770583e-16,0.26074612660903995,0.20269690911435506,0.02651156624693939,0.03932516782466623
constant,prepared,0.08,0.001,0.6940000000000001,0.23848475636967495,0.44029664550802977,1.3322676295501878e-15,1.5129204857022797e-15,0.2609846113654096,0.2024950972252166,0.026458765239782148,0.0392858734538224
constant,prepared,0.08,0.001,0.6950000000000001,0.23824301973091272,0.4398599975423963,-1.609823385706477e-15,1.829927016210784e-15,0.26122285438514053,0.20229348024740443,0.02640606809474208,0.03924661826104612
constant,prepared,0.08,0.001,0.6960000000000001,0.23800155395661704,0.4394237562587566,-5.551115123125783e-16,6.316357552431676e-16,0.2614608559390971,0.20209205804510194,0.026353474620090245,0.0392074022080176
constant,prepared,0.08,0.001,0.6970000000000001,0.23776035852230437,0.4389879215087258,-1.1934897514720433e-15,1.3593651362550323e-15,0.2616986162976194,0.20189083048211673,0.026300984624327624,0.03916822525644816
constant,prepared,0.08,0.001,0.6980000000000001,0.23751943290619992,0.4385524931418393,9.71445146547012e-16,1.1075585725068722e-15,0.2619361357305256,0.2016897974218809,0.026248597916187402,0.03912908736807984
constant,prepared,0.08,0.001,0.6990000000000001,0.23727877658921123,0.4381174710055628,-2.7755575615628914e-16,3.1675951602574315e-16,0.2621734145071148,0.20148895872746497,0.026196314304635256,0.03908998850468626
constant,prepared,0.08,0.001,0.7000000000000001,0.2370383890549799,0.4376828549453012,-5.273559366969494e-16,6.024407064823859e-16,0.26241045289616977,0.20128831426157542,0.026144133598870564,0.03905092862807172
constant,prepared,0.08,0.001,0.7010000000000001,0.2367982697897667,0.4372486448044425,1.9984014443252818e-15,2.285200272283352e-15,0.26264725116595955,0.20108786388655953,0.026092055608327207,0.03901190770007208
constant,prepared,0.08,0.001,0.7020000000000001,0.23655841828247207,0.436814840424378,1.6653345369377348e-16,1.9062247694238302e-16,0.262883809584242,0.20088760746441672,0.026040080142674955,0.03897292568255382
constant,prepared,0.08,0.001,0.7030000000000001,0.236318834024652,0.4363814416444882,6.938893903907228e-16,7.950491521543909e-16,0.26312012841826665,0.2006875448567977,0.025988207011819447,0.038933982537415084
constant,prepared,0.08,0.001,0.704,0.23607951651041692,0.43594844830221474,6.106226635438361e-16,7.003381545706646e-16,0.26335620793477704,0.20048767592500577,0.025936436025904275,0.03889507822658528
constant,prepared,0.08,0.001,0.705,0.23584046523648552,0.4355158602330406,1.1657341758564144e-15,1.3383372252306023e-15,0.26359204840001355,0.20028800053001006,0.025884766995310966,0.038856212712024746
constant,prepared,0.08,0.001,0.706,0.2356016797021255,0.43508367727052055,4.440892098500626e-16,5.10349196085725e-16,0.26382765007971565,0.20008851853244108,0.02583319973066061,0.03881738595572533
constant,prepared,0.08,0.001,0.707,0.23536315940913144,0.434651899246318,1.1657341758564144e-15,1.3409974486224313e-15,0.2640630132391248,0.19988922979260348,0.025781734042814027,0.038778597919710174
constant,prepared,0.08,0.001,0.708,0.23512490386180526,0.4342205259902091,6.938893903907228e-16,7.990057457651924e-16,0.2642981381429866,0.19969013417047562,0.025730369742872877,0.03873984856603381
constant,prepared,0.08,0.001,0.709,0.23488691256697647,0.43378955733009805,3.0531133177191805e-16,3.519118044830977e-16,0.26453302505555354,0.19949123152571216,0.025679106642180972,0.03870113785678201
constant,prepared,0.08,0.001,0.71,0.23464918503392293,0.43335899309205267,1.2212453270876722e-15,1.4090457871590283e-15,0.26476767424058745,0.19929252171765405,0.02562794455232446,0.03866246575407202
constant,prepared,0.08,0.001,0.711,0.23441172077440292,0.4329288331003085,2.7755575615628914e-17,3.205558684653145e-17,0.2650020859613619,0.1990940046053282,0.02557688328513251,0.03862383222005253
constant,prepared,0.08,0.001,0.712,0.23417451930259472,0.43249907717729,-4.996003610813204e-16,5.775739041363602e-16,0.26523626048066445,0.19889568004745276,0.025525922652679243,0.03858523721690372
constant,prepared,0.08,0.001,0.713,0.2339375801350793,0.43206972514365793,-3.3306690738754696e-16,3.854318967578744e-16,0.2654701980607995,0.1986975479024447,0.025475062467283302,0.03854668070683712
constant,prepared,0.08,0.001,0.714,0.23370090279086844,0.4316407768182784,-1.8596235662471372e-15,2.1541333281285963e-15,0.26570389896359037,0.19849960802841762,0.02542430254150867,0.03850816265209572
constant,prepared,0.08,0.001,0.715,0.23346448679134446,0.431212232018276,-2.7755575615628914e-16,3.2183196063014933e-16,0.2659373634503817,0.19830186028319108,0.025373642688166533,0.03846968301495423
constant,prepared,0.08,0.001,0.716,0.2332283316602348,0.4307840905590474,-1.3322676295501878e-15,1.5463287279495952e-15,0.26617059178204194,0.1981043045242921,0.025323082720315086,0.03843124175771882
constant,prepared,0.08,0.001,0.717,0.2329924369236219,0.43035635225426777,-1.304512053934559e-15,1.5156184486430155e-15,0.26640358421896554,0.19790694060896052,0.025272622451260152,0.038392838842727164
constant,prepared,0.08,0.001,0.718,0.2327568021099066,0.42992901691593055,-1.3877787807814457e-15,1.6139626847433954e-15,0.2666363410210754,0.19770976839415566,0.02522226169455653,0.03835447423234842
constant,prepared,0.08,0.001,0.719,0.23252142674980017,0.4295020843543445,-2.275957200481571e-15,2.64952986654645e-15,0.2668688624478252,0.1975127877365518,0.025172000264008745,0.038316147888983736
constant,prepared,0.08,0.001,0.72,0.2322863103762888,0.4290755543781565,-1.4155343563970746e-15,1.6495164335900692e-15,0.2671011487582015,0.19731599849254886,0.025121837973670284,0.038277859775065384
constant,prepared,0.08,0.001,0.721,0.23205145252464734,0.4286494267943722,-1.609823385706477e-15,1.8777855341431847e-15,0.26733320021072615,0.19711940051827953,0.02507177463784672,0.03823960985305766
constant,prepared,0.08,0.001,0.722,0.2318168527323809,0.4282237014083803,1.0269562977782698e-15,1.199088577302848e-15,0.26756501706345853,0.19692299366960334,0.0250218100710939,0.0382013980854563
constant,prepared,0.08,0.001,0.723,0.23158251053924134,0.4277983780239586,-3.608224830031759e-16,4.217202560115461e-16,0.26779659957399776,0.19672677780211797,0.024971944088220583,0.03816322443478889
constant,prepared,0.08,0.001,0.724,0.23134842548718956,0.42737345644329755,4.996003610813204e-16,5.845009248341156e-16,0.26802794799948493,0.19653075277116175,0.024922176504287623,0.03812508886361472
constant,prepared,0.08,0.001,0.725,0.23111459712038449,0.4269489364670052,1.3600232051658168e-15,1.5927234957182258e-15,0.2682590625966053,0.1963349184318152,0.024872507134609794,0.03808699133452445
constant,prepared,0.08,0.001,0.726,0.23088102498516647,0.4265248178941608,-1.4155343563970746e-15,1.6593809984913141e-15,0.26848994362159045,0.19613927463890565,0.024822935794755096,0.03804893181014108
constant,prepared,0.08,0.001,0.727,0.23064770863004277,0.4261011005222674,-6.38378239159465e-16,7.490924552612188e-16,0.26872059133022047,0.19594382124701445,0.024773462300546428,0.0380109102531188
constant,prepared,0.08,0.001,0.728,0.2304146476056686,0.4256777841473378,-4.996003610813204e-16,5.868292634557555e-16,0.2689510059778261,0.19574855811047287,0.02472408646806212,0.03797292662614387
constant,prepared,0.08,0.001,0.729,0.2301818414648122,0.4252548685638637,-7.216449660063518e-16,8.484852489090052e-16,0.26918118781929096,0.19555348508337347,0.02467480811363586,0.03793498089193432
constant,prepared,0.08,0.001,0.73,0.2299492897623712,0.42483235356485727,-3.3306690738754696e-16,3.919980488688219e-16,0.26941113710905334,0.19535860201957125,0.02462562705385749,0.037897073013240065
constant,prepared,0.08,0.001,0.731,0.2297169920553512,0.42441023894184016,2.220446049250313e-16,2.6159195107856428e-16,0.2696408541011087,0.1951639087726849,0.024576543105573972,0.03785920295284243
constant,prepared,0.08,0.001,0.732,0.2294849479028028,0.4239885244849038,-1.2212453270876722e-15,1.4401867698793775e-15,0.26987033904901153,0.19496940519610273,0.024527556085889666,0.03782137067355509
constant,prepared,0.08,0.001,0.733,0.22925315686586342,0.4235672099826773,-4.996003610813204e-16,5.897533488271589e-16,0.27009959220587737,0.19477509114298558,0.02447866581216667,0.03778357613822323
constant,prepared,0.08,0.001,0.734,0.2290216185077215,0.42314629522237307,8.049116928532385e-16,9.511033204606437e-16,0.2703286138243851,0.19458096646627063,0.024429872102025428,0.03774581930972414
constant,prepared,0.08,0.001,0.735,0.22879033239358817,0.4227257799897929,2.55351295663786e-15,3.0202948075458154e-15,0.2705574041567787,0.19438703101867558,0.024381174773345764,0.03770810015096681
constant,prepared,0.08,0.001,0.736,0.22855929809069497,0.4223056640693443,-1.3877787807814457e-16,1.6430975225489364e-16,0.2707859634548694,0.1941932846526963,0.0243325736442665,0.03767041862489212
constant,prepared,0.08,0.001,0.737,0.22832851516827032,0.42188594724405376,1.4155343563970746e-15,1.6776268155457308e-15,0.2710142919700377,0.1939997272206199,0.024284068533186612,0.03763277469447307
constant,prepared,0.08,0.001,0.738,0.2280979831975184,0.42146662929559225,2.7755575615628914e-16,3.292737038519217e-16,0.2712423899532352,0.19380635857452272,0.024235659258765457,0.037595168322714256
constant,prepared,0.08,0.001,0.739,0.22786770175162313,0.42104771000427266,-2.7755575615628914e-17,3.296013130595967e-17,0.27147025765498684,0.19361317856626972,0.02418734563992328,0.03755759947265237
constant,prepared,0.08,0.001,0.74,0.22763767040572622,0.4206291891490822,-1.5543122344752192e-15,1.8476038688845396e-15,0.27169789532539257,0.19342018704752717,0.024139127495841673,0.03752006810735609
constant,prepared,0.08,0.001,0.741,0.2274078887368973,0.42021106650767953,1.942890293094024e-16,2.311802862834071e-16,0.27192530321412944,0.19322738386975608,0.024091004645963848,0.03748257418992615
constant,prepared,0.08,0.001,0.742,0.2271783563241499,0.41979334185642997,-5.273559366969494e-16,6.281137456407138e-16,0.2721524815704536,0.19303476888422372,0.024042976909995493,0.03744511768349501
constant,prepared,0.08,0.001,0.743,0.22694907274835024,0.4193760149704118,0.0,0.0,0.2723794306432019,0.19284234194200162,0.023995044107904956,0.037407698551227164
constant,prepared,0.08,0.001,0.744,0.2267200375923402,0.41895908562341044,-1.4155343563970746e-15,1.6893467703305255e-15,0.27260615068079425,0.19265010289397064,0.023947206059923377,0.03737031675631906
constant,prepared,0.08,0.001,0.745,0.22649125044078017,0.41854255358796766,-3.3306690738754696e-16,3.978889416766847e-16,0.272832641931235,0.19245805159082305,0.02389946258654564,0.0373329722619993
constant,prepared,0.08,0.001,0.746,0.22626271088020417,0.4181264186353699,-2.55351295663786e-15,3.053517839140268e-15,0.27305890464211524,0.19226618788306732,0.0238518135085303,0.03729566503152841
constant,prepared,0.08,0.001,0.747,0.22603441849902242,0.4177106805356755,-2.220446049250313e-16,2.6578755975341546e-16,0.27328493906061424,0.1920745116210314,0.023804258646900448,0.037258395028198936
constant,prepared,0.08,0.001,0.748,0.22580637288743946,0.41729533905772775,-1.1657341758564144e-15,1.3967735399210279e-15,0.2735107454335017,0.19188302265486054,0.023756797822943296,0.037221162215335404
constant,prepared,0.08,0.001,0.749,0.2255785736375221,0.4168803939691529,-2.220446049250313e-16,2.663169198375177e-16,0.2737363240071392,0.19169172083452926,0.0237094308582118,0.0371839665562943
constant,prepared,0.08,0.001,0.75,0.2253510203431306,0.4164658450363946,-1.5265566588595902e-15,1.8327513252931804e-15,0.27396167502748237,0.19150060600983543,0.023662157574523564,0.03714680801446439
constant,prepared,0.08,0.001,0.751,0.22512371259989922,0.41605169202471837,1.304512053934559e-15,1.5677283363350118e-15,0.2741867987400823,0.19130967803041102,0.02361497779396251,0.03710968655326632
constant,prepared,0.08,0.001,0.752,0.2248966500052632,0.4156379346982284,3.608224830031759e-16,4.340586516304736e-16,0.27441169539008753,0.19111893674571742,0.02356789133887805,0.03707260213615281
constant,prepared,0.08,0.001,0.753,0.22466983215841702,0.4152245728198692,1.8318679906315083e-15,2.2058761818826613e-15,0.27463636522224594,0.19092838200505635,0.023520898031886464,0.03703555472660861
constant,prepared,0.08,0.001,0.754,0.22444325866031684,0.4148116061514569,4.440892098500626e-16,5.352902417198949e-16,0.27486080848090627,0.1907380136575648,0.0234739976958704,0.036998544288150574
constant,prepared,0.08,0.001,0.755,0.2242169291136285,0.41439903445367693,2.7755575615628914e-17,3.3488948221393035e-17,0.2750850254100199,0.19054783155222615,0.02342719015397979,0.03696157078432778
constant,prepared,0.08,0.001,0.756,0.223990843122793,0.4139868574860997,-1.1102230246251565e-16,1.3408916304335026e-16,0.2753090162531427,0.1903578355378623,0.023380475229631718,0.03692463417872112
constant,prepared,0.08,0.001,0.757,0.2237650002938973,0.41357507500721413,-8.604228440844963e-16,1.0402257003392778e-15,0.2755327812534366,0.1901680254631489,0.02333385274651094,0.03688773443494364
constant,prepared,0.08,0.001,0.758,0.22353940023479157,0.41316368677439447,1.942890293094024e-16,2.3512355457256426e-16,0.2757563206536714,0.18997840117660972,0.02328732252857019,0.036850871516640724
constant,prepared,0.08,0.001,0.759,0.22331404255497453,0.4127526925439704,-1.970645868709653e-15,2.387199289438585e-15,0.2759796346962264,0.18978896252662097,0.023240884400030307,0.03681404538748943
constant,prepared,0.08,0.001,0.76,0.22308892686562595,0.4123420920711929,1.3877787807814457e-16,1.6828002858144285e-16,0.276202723623092,0.18959970936141507,0.023194538185380684,0.03677725601119939
constant,prepared,0.08,0.001,0.761,0.22286405277960228,0.41193188511026746,-9.71445146547012e-16,1.1791332276778878e-15,0.2764255876758716,0.18941064152908518,0.023148283709379092,0.03674050335151198
constant,prepared,0.08,0.001,0.762,0.2226394199113626,0.4115220714143685,-6.661338147750939e-16,8.093536909036807e-16,0.27664822709578296,0.1892217588775815,0.023102120797052997,0.03670378737220084
constant,prepared,0.08,0.001,0.763,0.2224150278770513,0.41111265073564207,-4.996003610813204e-16,6.076197852186491e-16,0.27687064212366,0.18903306125472233,0.023056049273698292,0.0366671080370716
constant,prepared,0.08,0.001,0.764,0.22219087629441095,0.4107036228252207,2.525757381022231e-15,3.0749149029263446e-15,0.27709283299995446,0.1888445485081921,0.023010068964880965,0.03663046530996236
constant,prepared,0.08,0.001,0.765,0.22196696478280376,0.410294987433242,6.661338147750939e-16,8.117742541072089e-16,0.2773147999647373,0.18865622048554168,0.022964179696436108,0.0365938591547428
constant,prepared,0.08,0.001,0.766,0.22174329296317213,0.4098867443088478,-5.273559366969494e-16,6.432946954483473e-16,0.27753654325770044,0.18846807703419585,0.022918381294469395,0.03655728953531518
constant,prepared,0.08,0.001,0.767,0.22151986045807598,0.4094788932002023,3.0253577421035516e-15,3.69415590442214e-15,0.27775806311815854,0.1882801180014536,0.02287267358535611,0.03652075641561354
constant,prepared,0.08,0.001,0.768,0.2212966668916057,0.40907143385452444,-1.0547118733938987e-15,1.28915366132481e-15,0.2779793597850501,0.18809234323449042,0.022827056395741757,0.0364842597596045
constant,prepared,0.08,0.001,0.769,0.22107371188944494,0.40866436601804795,4.440892098500626e-16,5.433422225886585e-16,0.27820043349693957,0.18790475258036252,0.0227815295525433,0.036447799531286316
constant,prepared,0.08,0.001,0.77,0.22085099507882505,0.4082576894360954,-1.1102230246251565e-16,1.3597086513650835e-16,0.2784212844920184,0.18771734588600392,0.02273609288294708,0.03641137569468964
constant,prepared,0.08,0.001,0.771,0.22062851608851128,0.40785140385303076,-1.609823385706477e-15,1.9735415527545664e-15,0.2786419130081069,0.1875301229982398,0.02269074621441142,0.03637498821387728
constant,prepared,0.08,0.001,0.772,0.22040627454877085,0.4074455090123201,-8.326672684688674e-17,1.0218142672468257e-16,0.2788623192826557,0.18734308376377629,0.022645489374665467,0.036338637052944
constant,prepared,0.08,0.001,0.773,0.22018427009144073,0.40704000465650775,-3.0531133177191805e-16,3.7503848304734054e-16,0.27908250355274716,0.1871562280292104,0.02260032219170921,0.03630232217601691
constant,prepared,0.08,0.001,0.774,0.2199625023498019,0.4066348905272551,2.55351295663786e-15,3.1398104492790694e-15,0.27930246605509695,0.1869695556410341,0.0225552444938145,0.036266043547255086
constant,prepared,0.08,0.001,0.775,0.21974097095868006,0.4062301663653142,6.661338147750939e-16,8.198970312018301e-16,0.2795222070260556,0.1867830664456283,0.022510256109524635,0.036229801130849885
constant,prepared,0.08,0.001,0.776,0.21951967555433127,0.4058258319105838,6.661338147750939e-16,8.20713915177612e-16,0.27974172670160996,0.18659676028927175,0.022465356867654523,0.036193594891024555
constant,prepared,0.08,0.001,0.777,0.2192986157745155,0.40542188690209047,1.8318679906315083e-15,2.259212008297299e-15,0.2799610253173845,0.18641063701814306,0.02242054659729126,0.03615742479203481
constant,prepared,0.08,0.001,0.778,0.21907779125845098,0.40501833107799406,-3.0531133177191805e-16,3.7691051039505247e-16,0.28018010310864294,0.18622469647832418,0.02237582512779351,0.03612129079816819
constant,prepared,0.08,0.001,0.779,0.2188572016467827,0.4046151641756249,3.1363800445660672e-15,3.875756919486953e-15,0.2803989603102897,0.18603893851579506,0.022331192288792247,0.03608519287374466
constant,prepared,0.08,0.001,0.78,0.2186368465816106,0.40421238593148384,1.1102230246251565e-16,1.3733164337192592e-16,0.28061759715687135,0.18585336297644575,0.022286647910190693,0.03604913098311615
constant,prepared,0.08,0.001,0.781,0.21841672570644335,0.40380999608123347,-6.938893903907228e-16,8.591780752390481e-16,0.2808360138825778,0.18566796970607088,0.022242191822164394,0.03601310509066657
constant,prepared,0.08,0.001,0.782,0.218196838666242,0.4034079943597229,5.828670879282072e-16,7.224287769176661e-16,0.28105421072124404,0.1854827585503772,0.022197823855161457,0.03597711516081235
constant,prepared,0.08,0.001,0.783,0.21797718510731742,0.40300638050102056,2.220446049250313e-15,2.7548522265203738e-15,0.28127218790635133,0.18529772935498412,0.022153543839902704,0.0359411611580017
constant,prepared,0.08,0.001,0.784,0.21775776467740846,0.4026051542383857,9.159339953157541e-16,1.1375090279810742e-15,0.28148994567102875,0.18511288196542214,0.022109351607381027,0.03590524304671503
constant,prepared,0.08,0.001,0.785,0.21753857702564713,0.4022043153042929,-1.4155343563970746e-15,1.7597204984314205e-15,0.2817074842480544,0.18492821622714442,0.02206524698886268,0.035869360791465014
constant,prepared,0.08,0.001,0.786,0.21731962180251269,0.40180386343044777,-3.885780586188048e-16,4.835419641081522e-16,0.2819248038698569,0.18474373198551586,0.02202122981588637,0.03583351435679634
constant,prepared,0.08,0.001,0.787,0.21710089865986262,0.4014037983477969,2.498001805406602e-16,3.111582171978109e-16,0.28214190476851675,0.18455942908582754,0.021977299920264197,0.035797703707285834
constant,prepared,0.08,0.001,0.788,0.21688240725089736,0.40100411978652634,1.6930901125533637e-15,2.111063239767553e-15,0.2823587871757676,0.18437530737329244,0.021933457134080448,0.03576192880754229
constant,prepared,0.08,0.001,0.789,0.2166641472301763,0.4006048274760946,-3.635980405647388e-15,4.538113567620919e-15,0.2825754513229978,0.18419136669304606,0.021889701289693204,0.03572618962220696
constant,prepared,0.08,0.001,0.79,0.21644611825357565,0.40020592114519654,-1.2490009027033011e-15,1.5604478053813698e-15,0.2827918974412513,0.18400760689015466,0.02184603221973316,0.03569048611595289
constant,prepared,0.08,0.001,0.791,0.21622831997830386,0.39980740052183045,5.828670879282072e-16,7.289348410852901e-16,0.28300812576122963,0.1838240278096113,0.0218024497571045,0.035654818253485314
constant,prepared,0.08,0.001,0.792,0.21601075206288647,0.3994092653332656,8.604228440844963e-16,1.0771192843593171e-15,0.28322413651329253,0.18364062929634062,0.02175895373498423,0.0356191859995415
constant,prepared,0.08,0.001,0.793,0.21579341416712267,0.39901151530607737,-7.771561172376096e-16,9.738517403958409e-16,0.28343992992745964,0.18345741119520198,0.02171554398682294,0.035583589318890926
constant,prepared,0.08,0.001,0.794,0.21557630595215851,0.3986141501661184,4.163336342344337e-16,5.222263610824286e-16,0.2836555062334118,0.1832743733509876,0.021672220346344424,0.03554802817633526
constant,prepared,0.08,0.001,0.795,0.21535942708036665,0.3982171696385866,8.326672684688674e-16,1.0454939313949944e-15,0.28387086566049213,0.1830915156084301,0.02162898264754564,0.035512502536707874
constant,prepared,0.08,0.001,0.796,0.21514277721544733,0.3978205734479775,-1.4988010832439613e-15,1.8837651736480146e-15,0.2840860084377076,0.18290883781219694,0.021585830724696872,0.035477012364874626
constant,prepared,0.08,0.001,0.797,0.2149263560223244,0.3974243613181278,1.887379141862766e-15,2.374513650349637e-15,0.2843009347937299,0.18272633980690192,0.02154276441234158,0.035441557625733235
constant,prepared,0.08,0.001,0.798,0.21471016316719904,0.3970285329722084,-5.551115123125783e-17,6.990826429487821e-17,0.28451564495689713,0.18254402143709622,0.021499783545297142,0.03540613828421348
constant,prepared,0.08,0.001,0.799,0.21449419831752226,0.3966330881327381,-5.828670879282072e-16,7.347686128157114e-16,0.28473013915521467,0.1823618825472813,0.02145688795865387,0.03537075430527732
constant,prepared,0.08,0.001,0.8,0.2142784611419588,0.3962380265216021,-4.163336342344337e-16,5.2535799994922525e-16,0.28494441761635664,0.182179922981901,0.021414077487775462,0.03533540565391856
constant,prepared,0.08,0.001,0.801,0.2140629513104305,0.3958433478600353,1.1102230246251565e-16,1.4023514991815851e-16,0.28515848056766707,0.18199814258535152,0.02137135196829897,0.03530009229516332
constant,prepared,0.08,0.001,0.802,0.21384766849406314,0.3954490518686597,3.3306690738754696e-16,4.2112492850048377e-16,0.28537232823616115,0.18181654120197657,0.021328711236134782,0.03526481419406962
constant,prepared,0.08,0.001,0.803,0.213632612365198,0.3950551382674686,6.938893903907228e-16,8.782184095032964e-16,0.28558596084852633,0.18163511867607432,0.02128615512746667,0.03522957131572751
constant,prepared,0.08,0.001,0.804,0.21341778259737962,0.39466160677585604,-2.7755575615628914e-17,3.5163764525228324e-17,0.2857993786311237,0.18145387485189704,0.021243683478751902,0.03519436362525904
constant,prepared,0.08,0.001,0.805,0.21320317886532936,0.39426845711261027,-6.106226635438361e-16,7.743742271645023e-16,0.286012581809989,0.18127280957364963,0.02120129612672056,0.03515919108781825
constant,prepared,0.08,0.001,0.806,0.2129888008449727,0.39387568899592734,1.3600232051658168e-15,1.7264624895138893e-15,0.286225570610834,0.1810919226854987,0.02115899290837631,0.03512405366859145
constant,prepared,0.08,0.001,0.807,0.2127746482134074,0.3934833021434214,-3.885780586188048e-16,4.937668974796438e-16,0.2864383452590474,0.1809112140315689,0.021116773660995944,0.0350889513327967
constant,prepared,0.08,0.001,0.808,0.2125607206488969,0.3930912962721198,3.0531133177191805e-16,3.8834659361239624e-16,0.2866509059796963,0.18073068345594498,0.0210746382221297,0.035053884045684006
constant,prepared,0.08,0.001,0.809,0.2123470178308466,0.3926996710984964,5.273559366969494e-16,6.714494249788641e-16,0.28686325299752713,0.18055033080267727,0.021032586429600604,0.03501885177253575
constant,prepared,0.08,0.001,0.81,0.21213353943984756,0.3923084263384543,-1.3877787807814457e-15,1.768734352374293e-15,0.28707538653696696,0.18037015591577882,0.02099061812150474,0.03498385447866591
constant,prepared,0.08,0.001,0.811,0.21192028515758787,0.39191756170735004,7.216449660063518e-16,9.206591341079184e-16,0.28728730682212456,0.1801901586392288,0.020948733136211588,0.03494889212942041
constant,prepared,0.08,0.001,0.812,0.2117072546669266,0.3915270769199915,1.942890293094024e-16,2.4811697678460347e-16,0.28749901407679146,0.180010338816975,0.020906931312363142,0.03491396469017757
constant,prepared,0.08,0.001,0.8130000000000001,0.2114944476518357,0.39113697169064354,1.2490009027033011e-15,1.5966285382134035e-15,0.2877105085244433,0.1798306962929371,0.02086521248887478,0.03487907212634725
constant,prepared,0.08,0.001,0.8140000000000001,0.21128186379739428,0.3907472457330608,1.304512053934559e-15,1.6692530378393698e-15,0.2879217903882407,0.17965123091100135,0.020823576504934417,0.03484421440337136
constant,prepared,0.08,0.001,0.8150000000000001,0.21106950278980152,0.39035789876045746,-9.71445146547012e-16,1.244300614425557e-15,0.2881328598910305,0.17947194251503074,0.020782023200003,0.034809391486723885
constant,prepared,0.08,0.001,0.8160000000000001,0.21085736431635088,0.3899689304855416,-8.049116928532385e-16,1.0320202840916861e-15,0.28834371725534685,0.17929283094886228,0.02074055241381367,0.03477460334191059
constant,prepared,0.08,0.001,0.8170000000000001,0.21064544806544352,0.3895803406205101,3.608224830031759e-16,4.6309123610866775e-16,0.2885543627034123,0.1791138960563066,0.02069916398637261,0.03473984993446922
constant,prepared,0.08,0.001,0.8180000000000001,0.21043375372655057,0.3891921288770706,-3.3306690738754696e-16,4.278952253589241e-16,0.2887647964571388,0.17893513768115502,0.020657857757958576,0.03470513122996943
constant,prepared,0.08,0.001,0.8190000000000001,0.21022228099021142,0.38880429496642155,1.1102230246251565e-15,1.4277401754538715e-15,0.28897501873812903,0.17875655566717952,0.02061663356912267,0.03467044719401275
constant,prepared,0.08,0.001,0.8200000000000001,0.21001102954807577,0.38841683859929593,9.71445146547012e-16,1.2505188369925262e-15,0.2891850297676771,0.17857814985812928,0.02057549126068806,0.03463579779223264
constant,prepared,0.08,0.001,0.8210000000000001,0.20979999909281039,0.388029759485932,3.3306690738754696e-16,4.291770144496123e-16,0.28939482976676995,0.1783999200977347,0.020534430673750548,0.03460118299029441
constant,prepared,0.08,0.001,0.8220000000000001,0.20958918931815987,0.38764305733611365,4.718447854656915e-16,6.086072954694617e-16,0.2896044189560881,0.17822186622971697,0.020493451649677884,0.03456660275389521
constant,prepared,0.08,0.001,0.8230000000000001,0.20937859991890892,0.38725673185914894,-2.220446049250313e-16,2.866891478671471e-16,0.28981379755600706,0.17804398809777788,0.02045255403011005,0.03453205704876413
constant,prepared,0.08,0.001,0.8240000000000001,0.20916823059088446,0.3868707827638917,8.326672684688674e-17,1.0761568275072434e-16,0.2900229657865979,0.17786628554560432,0.020411737656958834,0.03449754584066202
constant,prepared,0.08,0.001,0.8250000000000001,0.208958081030945,0.386485209758749,6.38378239159465e-16,8.258766739844348e-16,0.29023192386762886,0.17768875841687673,0.0203710023724075,0.0344630690953817
constant,prepared,0.08,0.001,0.8260000000000001,0.2087481509369785,0.38610001255168813,4.718447854656915e-16,6.110395883534506e-16,0.2904406720185658,0.17751140655526204,0.020330348018911735,0.03442862677874768
constant,prepared,0.08,0.001,0.8270000000000001,0.208538440007869,0.3857151908502354,3.608224830031759e-16,4.677317507353178e-16,0.29064921045857367,0.17733422980441982,0.02028977443919835,0.0343942188566162
constant,prepared,0.08,0.001,0.8280000000000001,0.2083289479435422,0.3853307443614902,3.3306690738754696e-16,4.3218314689560158e-16,0.2908575394065172,0.177157228008001,0.020249281476265587,0.034359845294875596
constant,prepared,0.08,0.001,0.8290000000000001,0.2081196744449074,0.38494667279213046,-1.2212453270876722e-15,1.5862526077048877e-15,0.2910656590809621,0.17698040100965484,0.020208868973383025,0.03432550605944576
constant,prepared,0.08,0.001,0.8300000000000001,0.20791061921386625,0.38456297584841365,2.7755575615628914e-16,3.608716563833949e-16,0.291273569700176,0.1768037486530195,0.020168536774091708,0.03429120111627847
constant,prepared,0.08,0.001,0.8310000000000001,0.20770178195332945,0.3841796532361959,8.049116928532385e-16,1.0475719966855887e-15,0.2914812714821293,0.17662727078173654,0.02012828472220362,0.03425693043135728
constant,prepared,0.08,0.001,0.8320000000000001,0.20749316236716642,0.383796704660926,5.828670879282072e-16,7.593435285526409e-16,0.2916887646444965,0.17645096723944428,0.020088112661801445,0.034222693970697285
constant,prepared,0.08,0.001,0.833,0.20728476016023992,0.38341412982765555,-1.8041124150158794e-15,2.352694221033053e-15,0.29189604940465674,0.17627483786977524,0.020048020437238672,0.034188491700345686
constant,prepared,0.08,0.001,0.834,0.20707657503836668,0.3830319284410471,3.0531133177191805e-16,3.9854553772389855e-16,0.2921031259796951,0.17609888251637307,0.020008007893139744,0.03415432358638115
constant,prepared,0.08,0.001,0.835,0.20686860670833954,0.3826501002053843,-2.0816681711721685e-15,2.7200674585670512e-15,0.29230999458640344,0.17592310102287542,0.0199680748743994,0.034120189594914044
constant,prepared,0.08,0.001,0.836,0.20666085487788716,0.382268644824563,3.3306690738754696e-16,4.3564507826740974e-16,0.2925166554412813,0.17574749323292957,0.019928221226182378,0.03408608969208667
constant,prepared,0.08,0.001,0.837,0.20645331925569713,0.3818875620021221,-1.1934897514720433e-15,1.562619302413171e-15,0.292723108760537,0.17557205899018297,0.019888446793924076,0.034052023844072875
constant,prepared,0.08,0.001,0.838,0.2062459995514113,0.3815068514412262,-1.1934897514720433e-15,1.5641786601778903e-15,0.2929293547600884,0.1753967981382924,0.01984875142332957,0.034017992017078114
constant,prepared,0.08,0.001,0.839,0.20603889547557788,0.3811265128446798,1.1102230246251565e-15,1.4565019582849163e-15,0.293135393655564,0.1752217105209239,0.0198091349603741,0.03398399417733956
constant,prepared,0.08,0.001,0.84,0.20583200673969201,0.38074654591494356,6.106226635438361e-16,8.0187551285133e-16,0.2933412256623037,0.17504679598174838,0.019769597251302,0.03395003029112627
constant,prepared,0.08,0.001,0.841,0.20562533305616146,0.3803669503541305,-2.3037127760972e-15,3.028276739017936e-15,0.2935468509953599,0.17487205436445163,0.019730138142627703,0.03391610032473852
constant,prepared,0.08,0.001,0.842,0.205418874138322,0.37998772586399543,2.498001805406602e-16,3.2869506504805923e-16,0.2937522698694982,0.174697485512725,0.019690757481134687,0.03388220424450851
constant,prepared,0.08,0.001,0.843,0.20521262970040344,0.379608872145983,-5.273559366969494e-16,6.946043353988694e-16,0.2939574824991986,0.17452308927027965,0.019651455113875557,0.03384834201680002
constant,prepared,0.08,0.001,0.844,0.20500659945755056,0.3792303889011946,4.163336342344337e-16,5.489191352000352e-16,0.29416248909865617,0.174348865480836,0.019612230888171888,0.03381451360800835
constant,prepared,0.08,0.001,0.845,0.2048007831257969,0.37885227583040587,1.0269562977782698e-15,1.3553518921422394e-15,0.29436728988178196,0.17417481398813053,0.019573084651614062,0.03378071898456031
constant,prepared,0.08,0.001,0.846,0.20459518042206767,0.3784745326340851,7.216449660063518e-16,9.533600067934403e-16,0.294571885062204,0.17400093463591976,0.01953401625206129,0.03374695811291462
constant,prepared,0.08,0.001,0.847,0.20438979106416197,0.37809715901238866,-8.049116928532385e-16,1.0644244127034895e-15,0.2947762748532682,0.17382722726797115,0.01949502553764078,0.033713230959561115
constant,prepared,0.08,0.001,0.848,0.20418461477078678,0.37772015466515224,8.049116928532385e-16,1.0654868199537689e-15,0.29498045946803897,0.17365369172807668,0.019456112356747997,0.033679537491021434
constant,prepared,0.08,0.001,0.849,0.2039796512614908,0.37734351929192206,-1.582067810090848e-15,2.096323017630688e-15,0.2951844391193005,0.17348032786004627,0.019417276558046852,0.03364587767384869
constant,prepared,0.08,0.001,0.85,0.20377490025668948,0.37696725259195485,-2.7755575615628914e-16,3.6814306050176616e-16,0.29538821401955717,0.173307135507711,0.019378517990468736,0.033612251474627514
constant,prepared,0.08,0.001,0.851,0.20357036147768132,0.37659135426420604,-1.3877787807814457e-15,1.8425526304141084e-15,0.29559178438103484,0.17313411451492433,0.01933983650321256,0.033578658859974075
constant,prepared,0.08,0.001,0.852,0.20336603464659306,0.3762158240073462,-1.27675647831893e-15,1.6968404793813267e-15,0.29579515041568144,0.1729612647255639,0.019301231945744766,0.03354509979653587
constant,prepared,0.08,0.001,0.853,0.2031619194864413,0.3758406615197767,-2.220446049250313e-16,2.9539726226954215e-16,0.2959983123351679,0.17278858598353017,0.01926270416779941,0.03351157425099212
constant,prepared,0.08,0.001,0.854,0.20295801572101704,0.375465866499619,1.6653345369377348e-16,2.2176909880827e-16,0.2962012703508889,0.17261607813275204,0.01922425301937676,0.0334780821900531
constant,prepared,0.08,0.001,0.855,0.2027543230749935,0.3750914386447287,1.6653345369377348e-16,2.219904755697545e-16,0.2964040246739639,0.1724437410171817,0.019185878350744343,0.033444623580460985
constant,prepared,0.08,0.001,0.856,0.2025508412738832,0.3747173776526966,-2.220446049250313e-16,2.9628276958485687e-16,0.2966065755152378,0.17227157448080388,0.019147580012436397,0.033411198388989094
constant,prepared,0.08,0.001,0.857,0.20234757004399737,0.3743436832208548,2.6922908347160046e-15,3.596014779188354e-15,0.2968089230852818,0.1720995783676264,0.019109357855253094,0.03337780658244221
constant,prepared,0.08,0.001,0.858,0.20214450911249068,0.3739703550462802,-1.970645868709653e-15,2.634762143734339e-15,0.2970110675943943,0.17192775252169187,0.019071211730260936,0.033344448127656474
constant,prepared,0.08,0.001,0.859,0.2019416582072908,0.3735973928258158,2.7755575615628914e-17,3.714637220256183e-17,0.2972130092526016,0.17175609678707338,0.019033141488792548,0.033311122991499374
constant,prepared,0.08,0.001,0.86,0.20173901705718986,0.3732247962560394,1.8318679906315083e-15,2.454108099204115e-15,0.29741474826965875,0.17158461100787534,0.018995146982445685,0.033277831140870004
constant,prepared,0.08,0.001,0.861,0.20153658539173389,0.37285256503331327,1.1379786002407855e-15,1.5260436791404514e-15,0.2976162848550505,0.1714132950282336,0.01895722806308421,0.03324457254269831
constant,prepared,0.08,0.001,0.862,0.20133436294130275,0.37248069885374957,-1.3877787807814457e-15,1.862886835548953e-15,0.29781761921799177,0.17124214869232,0.018919384582836766,0.033211347163946185
constant,prepared,0.08,0.001,0.863,0.20113234943704897,0.37210919741323817,4.718447854656915e-16,6.340138711240906e-16,0.2980187515674288,0.1710711718443451,0.018881616394097186,0.033178154971606345
constant,prepared,0.08,0.001,0.864,0.20093054461091167,0.37173806040745166,4.163336342344337e-16,5.59982523417298e-16,0.2982196821120397,0.17090036432854866,0.01884392334952385,0.033144995932702946
constant,prepared,0.08,0.001,0.865,0.2007289481956198,0.371367287531839,4.440892098500626e-16,5.979110502725534e-16,0.2984204110602353,0.17072972598921146,0.018806305302040013,0.03311187001429148
constant,prepared,0.08,0.001,0.866,0.2005275599246832,0.3709968784816322,4.718447854656915e-16,6.359147648314404e-16,0.29862093862016,0.17055925667065489,0.018768762104832713,0.03307877718345866
constant,prepared,0.08,0.001,0.867,0.2003263795323649,0.37062683295186594,1.942890293094024e-16,2.6210869267341344e-16,0.29882126499969236,0.1703889562172359,0.01873129361135355,0.03304571740732244
constant,prepared,0.08,0.001,0.868,0.2001254067536987,0.37025715063735387,-2.3592239273284576e-15,3.1859262181261595e-15,0.29902139040644604,0.17021882447335182,0.018693899675317472,0.03301269065303199
constant,prepared,0.08,0.001,0.869,0.19992464132450274,0.36988783123272356,1.6653345369377348e-15,2.251134528253711e-15,0.29922131504777055,0.17004886128344376,0.01865658015070351,0.03297969688776759
constant,prepared,0.08,0.001,0.87,0.19972408298131622,0.36951887443240644,-3.3306690738754696e-16,4.506764477175208e-16,0.29942103913075185,0.16987906649199236,0.01861933489175314,0.032946736078741004
constant,prepared,0.08,0.001,0.871,0.19952373146146307,0.3691502799306367,-9.992007221626409e-16,1.353379336933446e-15,0.29962056286221334,0.169709439943524,0.018582163752971843,0.032913808193194866
constant,prepared,0.08,0.001,0.872,0.19932358650298798,0.36878204742145987,-5.551115123125783e-16,7.5262816641149235e-16,0.2998198864487163,0.16953998148260518,0.018545066589127187,0.03288091319840316
constant,prepared,0.08,0.001,0.873,0.19912364784467682,0.368414176598761,1.2490009027033011e-15,1.6951042902776008e-15,0.300019010096561,0.16937069095385168,0.01850804325524959,0.03284805106167079
constant,prepared,0.08,0.001,0.874,0.19892391522607927,0.36804666715621814,1.1934897514720433e-15,1.6213837238274218e-15,0.3002179340117871,0.16920156820192067,0.01847109360663165,0.03281522175033407
constant,prepared,0.08,0.001,0.875,0.1987243883874326,0.367679518787363,-1.1657341758564144e-15,1.5852585149440776e-15,0.3004166584001745,0.16903261307152098,0.018434217498828325,0.03278242523176022
constant,prepared,0.08,0.001,0.876,0.1985250670697452,0.36731273118554003,8.326672684688674e-17,1.1334582193507792e-16,0.30061518346724425,0.1688638254074048,0.018397414787655407,0.03274966147334757
constant,prepared,0.08,0.001,0.877,0.19832595101472142,0.3669463040439399,-1.6653345369377348e-16,2.269180147864795e-16,0.30081350941825896,0.16869520505437588,0.018360685329191436,0.03271693044252566
constant,prepared,0.08,0.001,0.878,0.19812703996477768,0.3665802370555883,1.887379141862766e-15,2.5743056377266715e-15,0.30101163645822376,0.16852675185728502,0.01832402897977513,0.03268423210675483
constant,prepared,0.08,0.001,0.879,0.19792833366307266,0.366214529913362,-1.0269562977782698e-15,1.4021239108415845e-15,0.3012095647918868,0.16835846566103424,0.018287445596006834,0.03265156643352678
constant,prepared,0.08,0.001,0.88,0.19772983185342588,0.36584918230997737,1.6653345369377348e-16,2.2759850472027664e-16,0.3014072946237402,0.1681903463105784,0.01825093503474716,0.032618933390363876
constant,prepared,0.08,0.001,0.881,0.19753153428041687,0.36548419393800746,-8.326672684688674e-17,1.139128972305301e-16,0.30160482615802064,0.16802239365092006,0.018214497153117435,0.03258633294481977
constant,prepared,0.08,0.001,0.882,0.19733344068926525,0.3651195644898857,-1.3877787807814457e-15,1.900444286956159e-15,0.30180215959870993,0.16785460752712034,0.018178131808498907,0.0325537650644788
constant,prepared,0.08,0.001,0.883,0.19713555082593753,0.36475529365789217,1.1102230246251565e-16,1.5218737656847364e-16,0.3019992951495359,0.1676869877842889,0.018141838858532638,0.03252122971695657
constant,prepared,0.08,0.001,0.884,0.196937864437034,0.3643913811341989,-1.1379786002407855e-15,1.5614784804990898e-15,0.3021962330139729,0.16751953426759117,0.018105618161119916,0.03248872686989956
constant,prepared,0.08,0.001,0.885,0.1967403812698946,0.36402782661081684,1.0824674490095276e-15,1.4867921761470107e-15,0.3023929733952428,0.1673522468222501,0.01806946957442039,0.032456256490984936
constant,prepared,0.08,0.001,0.886,0.19654310107250403,0.3636646297796503,-6.938893903907228e-16,9.54023753713911e-16,0.30258951649631527,0.16718512529354299,0.018033392956853543,0.032423818547921035
constant,prepared,0.08,0.001,0.887,0.19634602359354072,0.3633017903324661,1.4988010832439613e-15,2.0627493768643e-15,0.3027858625199088,0.16701816952680387,0.01799738816709721,0.03239141300844693
constant,prepared,0.08,0.001,0.888,0.19614914858234422,0.36293930796092416,1.2490009027033011e-15,1.7206746077194987e-15,0.30298201166849115,0.16685137936742608,0.017961455064087625,0.032359039840332594
constant,prepared,0.08,0.001,0.889,0.19595247578892866,0.36257718235656045,-1.304512053934559e-15,1.79894394547379e-15,0.30317796414428005,0.1666847546608577,0.01792559350701957,0.03232669901137903
constant,prepared,0.08,0.001,0.89,0.1957560049639601,0.3622154132107973,-1.6653345369377348e-16,2.298817880464637e-16,0.303373720149244,0.16651829525261075,0.01788980335534528,0.03229439048941775
constant,prepared,0.08,0.001,0.891,0.1955597358587881,0.36185400021495356,1.6930901125533637e-15,2.339465794972015e-15,0.3035692798851028,0.16635200098825448,0.01785408446877494,0.03226211424231124
constant,prepared,0.08,0.001,0.892,0.19536366822538173,0.36149294306025004,-1.4710455076283324e-15,2.0346808089461876e-15,0.30376464355332816,0.16618587171342034,0.01781843670727606,0.03222987023795287
constant,prepared,0.08,0.001,0.893,0.19516780181638407,0.36113224143778977,2.220446049250313e-16,3.0742838695459103e-16,0.30395981135514455,0.16601990727379878,0.01778285993107296,0.03219765844426658
constant,prepared,0.08,0.001,0.894,0.1949721363850705,0.3607718950385956,-1.3877787807814457e-16,1.923346579745327e-16,0.30415478349152963,0.1658541075151451,0.017747354000646618,0.032165478829207186
constant,prepared,0.08,0.001,0.895,0.1947766716853907,0.36041190355358765,-2.581268532253489e-15,3.580997889918061e-15,0.304349560163215,0.1656884722832771,0.01771191877673484,0.032133331360760305
constant,prepared,0.08,0.001,0.896,0.19458140747189537,0.36005226667359175,6.38378239159465e-16,8.865077354702385e-16,0.30454414157068693,0.16552300142407475,0.01767655412033124,0.03210121600694204
constant,prepared,0.08,0.001,0.897,0.19438634349976736,0.35969298408936434,1.1102230246251565e-15,1.5432925769123761e-15,0.3047385279141867,0.16535769478348586,0.01764125989268546,0.03206913273579947
constant,prepared,0.08,0.001,0.898,0.1941914795248749,0.3593340554915618,-2.220446049250313e-16,3.089668256203532e-16,0.3049327193937116,0.1651925522075195,0.01760603595530268,0.032037081515410126
constant,prepared,0.08,0.001,0.899,0.19399681530362448,0.35897548057076906,6.38378239159465e-16,8.89166912102808e-16,0.3051267162090152,0.1650275735422519,0.017570882169942837,0.03200506231388228
constant,prepared,0.08,0.001,0.9,0.19380235059312884,0.3586172590174907,9.71445146547012e-16,1.3544316707016473e-15,0.30532051855960834,0.16486275863382663,0.017535798398621613,0.031973075099354875
constant,prepared,0.08,0.001,0.901,0.1936080851510616,0.3582593905221731,1.942890293094024e-16,2.7115692491161313e-16,0.3055141266447594,0.16469810732845558,0.017500784503608754,0.031941119839997326
constant,prepared,0.08,0.001,0.902,0.19341401873574823,0.35790187477516916,-8.881784197001252e-16,1.2408127510621064e-15,0.30570754066349515,0.16453361947241665,0.017465840347428572,0.031909196504009876
constant,prepared,0.08,0.001,0.903,0.19322015110609447,0.357544711466787,-9.159339953157541e-16,1.2808663727093585e-15,0.30590076081460127,0.16436929491205676,0.01743096579285934,0.03187730505962314
constant,prepared,0.08,0.001,0.904,0.19302648202163383,0.35718790028726166,8.049116928532385e-16,1.126734265362716e-15,0.3060937872966229,0.16420513349379104,0.01739616070293286,0.031845445475098336
constant,prepared,0.08,0.001,0.905,0.192833011242494,0.3568314409267728,-5.273559366969494e-16,7.38942643797427e-16,0.3062866203078654,0.16404113506410636,0.017361424940934813,0.031813617718727386
constant,prepared,0.08,0.001,0.906,0.19263973852940294,0.3564753330754398,1.2212453270876722e-15,1.7129450676875046e-15,0.3064792600463948,0.16387729946955948,0.01732675837040337,0.03178182175883234
constant,prepared,0.08,0.001,0.907,0.19244666364368326,0.356119576423343,-4.440892098500626e-16,6.235113698469422e-16,0.3066717067100385,0.1637136265567805,0.017292160855129964,0.0317500575637662
constant,prepared,0.08,0.001,0.908,0.19225378634725127,0.35576417066049,2.220446049250313e-16,3.1206712653609385e-16,0.30686396049638576,0.16355011617246715,0.017257632259158356,0.03171832510191213
constant,prepared,0.08,0.001,0.909,0.1920611064026154,0.35540911547686665,1.1102230246251565e-16,1.5618944144630698e-16,0.3070560216027884,0.16338676816339337,0.017223172446784278,0.031686624341683796
constant,prepared,0.08,0.001,0.91,0.1918686235728565,0.355054410562398,-1.4988010832439613e-15,2.110663941436325e-15,0.30724789022636123,0.16322358237640425,0.017188781282555535,0.03165495525152559
constant,prepared,0.08,0.001,0.911,0.1916763376216492,0.35470005560697465,1.304512053934559e-15,1.838894628451963e-15,0.30743956656398286,0.16306055865841826,0.0171544586312715,0.03162331779991176
constant,prepared,0.08,0.001,0.912,0.19148424831323113,0.3543460503004549,1.1102230246251565e-16,1.5665802168301056e-16,0.3076310508122961,0.16289769685643068,0.017120204357982307,0.03159171195534746
constant,prepared,0.08,0.001,0.913,0.19129235541243975,0.35399239433265783,7.216449660063518e-16,1.0192944503324534e-15,0.3078223431677085,0.162734996817511,0.017086018327989592,0.031560137686367944
constant,prepared,0.08,0.001,0.914,0.19110065868464893,0.3536390873933728,-6.661338147750939e-16,9.418271883986006e-16,0.3080134438263932,0.16257245838880208,0.017051900406845174,0.0315285949615389
constant,prepared,0.08,0.001,0.915,0.19090915789581986,0.35328612917236196,-1.3322676295501878e-15,1.8855362828301148e-15,0.308204352984289,0.1624100814175254,0.01701785046035114,0.03149708374945625
constant,prepared,0.08,0.001,0.916,0.19071785281247605,0.35293351935935785,-4.718447854656915e-16,6.684612817764955e-16,0.3083950708371015,0.16224786575097816,0.016983868354559485,0.03146560401874652
constant,prepared,0.08,0.001,0.917,0.19052674320169963,0.3525812576440822,-3.3306690738754696e-16,4.723264498134014e-16,0.3085855975803032,0.1620858112365364,0.016949953955772142,0.03143415573806606
constant,prepared,0.08,0.001,0.918,0.19033582883112277,0.35222934371622283,-1.0269562977782698e-15,1.4577949226820368e-15,0.3087759334091343,0.16192391772165105,0.016916107130539797,0.03140273887610195
constant,prepared,0.08,0.001,0.919,0.1901451094689354,0.3518777772654644,-8.326672684688674e-17,1.183176833359222e-16,0.3089660785186032,0.16176218505385442,0.01688232774566248,0.031371353401571225
constant,prepared,0.08,0.001,0.92,0.18995458488387718,0.3515265579814728,1.609823385706477e-15,2.2897606868601362e-15,0.30915603310348705,0.16160061308075643,0.016848615668188658,0.03133999928322119
constant,prepared,0.08,0.001,0.921,0.18976425484524848,0.3511756855539007,-7.771561172376096e-16,1.106506158038563e-15,0.3093457973583323,0.16143920165004838,0.01681497076541505,0.031308676489829414
constant,prepared,0.08,0.001,0.922,0.18957411912286368,0.35082515967239447,-1.1379786002407855e-15,1.621860018967066e-15,0.30953537147745513,0.1612779506094987,0.016781392904886613,0.03127738499020361
constant,prepared,0.08,0.001,0.923,0.1893841774870858,0.3504749800266063,-1.6375789613221059e-15,2.3362280542790715e-15,0.30972475565494223,0.16111685980695933,0.016747881954395458,0.031246124753181774
constant,prepared,0.08,0.001,0.924,0.18919442970884903,0.3501251463061567,7.771561172376096e-16,1.109826194200355e-15,0.30991395008465106,0.16095592909036247,0.016714437781981777,0.031214895747631706
constant,prepared,0.08,0.001,0.925,0.1890048755595632,0.34977565820070566,1.1102230246251565e-15,1.5870501542850287e-15,0.3101029549602106,0.16079515830772037,0.016681060255931877,0.031183697942451835
constant,prepared,0.08,0.001,0.926,0.1888155148112254,0.3494265153998902,-1.1657341758564144e-15,1.6680677116364915e-15,0.3102917704750218,0.16063454730713297,0.01664774924477916,0.031152531306570225
constant,prepared,0.08,0.001,0.927,0.1886263472363088,0.349077717593359,5.551115123125783e-17,7.951116389491641e-17,0.31048039682225814,0.16047409593677545,0.016614504617303204,0.031121395808945206
constant,prepared,0.08,0.001,0.928,0.1884373726078495,0.34872926447076735,1.2212453270876722e-15,1.7509934661506481e-15,0.310668834194866,0.1603138040449126,0.016581326242529847,0.031090291418565234
constant,prepared,0.08,0.001,0.929,0.18824859069938812,0.3483811557217886,-5.551115123125783e-16,7.967014047623768e-16,0.3108570827855654,0.1601536714798899,0.016548213989730096,0.03105921810444862
constant,prepared,0.08,0.001,0.93,0.18806000128498823,0.3480333910361076,-4.996003610813204e-16,7.177477419537147e-16,0.31104514278685036,0.15999369809013897,0.0165151677284207,0.031028175835643844
constant,prepared,0.08,0.001,0.931,0.18787160413922416,0.34768597010341196,-2.498001805406602e-16,3.592324712820055e-16,0.3112330143909896,0.15983388372417434,0.016482187328363176,0.030997164581229277
constant,prepared,0.08,0.001,0.932,0.18768339903717293,0.347338892613431,-1.4432899320127035e-15,2.077639392976082e-15,0.3114206977900268,0.1596742282305991,0.0164492726595636,0.03096618431031333
constant,prepared,0.08,0.001,0.933,0.18749538575444197,0.3469921582558994,2.7755575615628914e-17,3.99945286301827e-17,0.31160819317578126,0.15951473145809592,0.016416423592272404,0.030935234992034395
constant,prepared,0.08,0.001,0.934,0.187307564067127,0.34664576672057945,-1.3322676295501878e-15,1.921655703679905e-15,0.3117955007398484,0.15935539325544337,0.016383639996984042,0.030904316595560553
constant,prepared,0.08,0.001,0.935,0.1871199337518456,0.3462997176972557,4.996003610813204e-16,7.213409880947171e-16,0.3119826206736003,0.15919621347149718,0.01635092174443654,0.03087342909008996
constant,prepared,0.08,0.001,0.936,0.18693249458568909,0.34595401087575095,-1.3877787807814457e-16,2.0057272602049196e-16,0.31216955316818595,0.15903719195520824,0.01631826870561122,0.030842572444850794
constant,prepared,0.08,0.001,0.937,0.18674524634627168,0.34560864594590884,3.0531133177191805e-16,4.417009460748591e-16,0.3123562984145322,0.15887832855560818,0.01628568075173227,0.03081174662910077
constant,prepared,0.08,0.001,0.9380000000000001,0.1865581888116693,0.345263622597621,4.718447854656915e-16,6.833108885258832e-16,0.3125428566033439,0.158719623121822,0.016253157754266476,0.030780951612127735
constant,prepared,0.08,0.001,0.9390000000000001,0.18637132176049637,0.3449189405207898,-8.326672684688674e-17,1.207047759122232e-16,0.3127292279251044,0.15856107550306087,0.016220699584922966,0.03075018736324914
constant,prepared,0.08,0.001,0.9400000000000001,0.1861846449718128,0.3445745994053789,1.942890293094024e-16,2.8192593076315057e-16,0.3129154125700762,0.15840268554862796,0.016188306115652706,0.030719453851812375
constant,prepared,0.08,0.001,0.9410000000000001,0.1859981582251848,0.3442305989413855,1.0269562977782698e-15,1.4916691034098556e-15,0.3131014107283014,0.1582444531079121,0.016155977218648143,0.030688751047194443
constant,prepared,0.08,0.001,0.9420000000000001,0.1858118613006554,0.3438869388188448,6.106226635438361e-16,8.878247392022988e-16,0.31328722258960207,0.1580863780303941,0.016123712766343168,0.030658078918802262
constant,prepared,0.08,0.001,0.9430000000000001,0.1856257539787555,0.3435436187278429,-4.163336342344337e-16,6.059399906424339e-16,0.3134728483435808,0.15792846016564474,0.016091512631412196,0.03062743743607238
constant,prepared,0.08,0.001,0.9440000000000001,0.1854398360404806,0.3432006383585087,2.248201624865942e-15,3.2753459253730383e-15,0.31365828817962127,0.15777069936332702,0.01605937668677065,0.030596826568471038
constant,prepared,0.08,0.001,0.9450000000000001,0.185254107267315,0.3428579974010231,-9.43689570931383e-16,1.3762105275141066e-15,0.3138435422868886,0.15761309547319347,0.016027304805573576,0.030566246285494224
constant,prepared,0.08,0.001,0.9460000000000001,0.1850685674412057,0.3425156955456191,-9.43689570931383e-16,1.3775858788428804e-15,0.3140286108543298,0.1574556483450887,0.015995296861216226,0.030535696556667578
constant,prepared,0.08,0.001,0.9470000000000001,0.18488321634457233,0.3421737324825811,-1.0269562977782698e-15,1.500635788620259e-15,0.3142134940706744,0.15729835782895135,0.01596335272733323,0.030505177351546155
constant,prepared,0.08,0.001,0.9480000000000001,0.18469805376029227,0.34183210790225493,-1.5265566588595902e-15,2.2329041414917412e-15,0.3143981921244347,0.15714122377480896,0.015931472277798352,0.030474688639715034
constant,prepared,0.08,0.001,0.9490000000000001,0.1845130794717368,0.3414908214950301,8.049116928532385e-16,1.1785261011253152e-15,0.31458270520390647,0.15698424603278577,0.015899655386724193,0.030444230390788526
constant,prepared,0.08,0.001,0.9500000000000001,0.18432829326269354,0.34114987295138105,1.1102230246251565e-15,1.6271778368555601e-15,0.31476703349716917,0.1568274244530966,0.015867901928461717,0.030413802574410648
constant,prepared,0.08,0.001,0.9510000000000001,0.18414369491743926,0.34080926196182676,-1.1657341758564144e-15,1.7102442714526161e-15,0.3149511771920866,0.15667075888605234,0.015836211777599956,0.03038340516025505
constant,prepared,0.08,0.001,0.9520000000000001,0.1839592842207065,0.34046898821694954,1.8318679906315083e-15,2.690212697821721e-15,0.3151351364763073,0.15651424918205567,0.01580458480896583,0.030353038118024745
constant,prepared,0.08,0.001,0.9530000000000001,0.1837750609576774,0.34012905140740446,1.942890293094024e-16,2.856107534852766e-16,0.315318911537265,0.15635789519160664,0.01577302089762349,0.030322701417452327
constant,prepared,0.08,0.001,0.9540000000000001,0.18359102491398063,0.33978945122391674,3.885780586188048e-16,5.717924102987188e-16,0.315502502562179,0.15620169676529616,0.015741519918874056,0.030292395028299855
constant,prepared,0.08,0.001,0.9550000000000001,0.18340717587568925,0.33945018735727894,1.609823385706477e-15,2.3712218252690165e-15,0.31568590973805466,0.15604565375381474,0.01571008174825567,0.03026211892035884
constant,prepared,0.08,0.001,0.9560000000000001,0.1832235136293435,0.3391112594983545,3.885780586188048e-16,5.729359431969702e-16,0.315869133251684,0.15588976600794643,0.015678706261542354,0.03023187306345015
constant,prepared,0.08,0.001,0.9570000000000001,0.18304003796189708,0.33877266733809064,-3.0531133177191805e-16,4.506138794651068e-16,0.31605217328964585,0.15573403337856967,0.015647393334744422,0.030201657427424287
constant,prepared,0.08,0.001,0.9580000000000001,0.18285674866077337,0.33843441056749995,-2.248201624865942e-15,3.3214731638784573e-15,0.3162350300383066,0.15557845571666212,0.015616142844107794,0.03017147198216087
constant,prepared,0.08,0.001,0.9590000000000001,0.18267364551383142,0.3380964888776706,1.3877787807814457e-16,2.0523413085244564e-16,0.31641770368382044,0.15542303287329978,0.0155849546661135,0.03014131669756906
constant,prepared,0.08,0.001,0.96,0.18249072830934013,0.3377589019597913,7.771561172376096e-16,1.150459858686605e-15,0.3166001944121298,0.1552677646996482,0.015553828677477606,0.03011119154358723
constant,prepared,0.08,0.001,0.961,0.1823079968360318,0.3374216495051138,-1.4432899320127035e-15,2.1387038059495246e-15,0.3167825024089658,0.15511265104697974,0.015522764755150657,0.03008109649018327
constant,prepared,0.08,0.001,0.962,0.18212545088305512,0.3370847312049814,-8.049116928532385e-16,1.1939308107725773e-15,0.31696462785984886,0.1549576917666572,0.015491762776317601,0.030051031507354123
constant,prepared,0.08,0.001,0.963,0.18194309023999733,0.3367481467508178,2.7478019859472624e-15,4.079906619323626e-15,0.31714657095008886,0.15480288671014675,0.015460822618396819,0.030020996565126204
constant,prepared,0.08,0.001,0.964,0.18176091469686023,0.33641189583414727,1.942890293094024e-16,2.887665860145264e-16,0.3173283318647857,0.15464823572900988,0.01542994415904069,0.029990991633554946
constant,prepared,0.08,0.001,0.965,0.18157892404409318,0.3360759781465713,5.551115123125783e-17,8.258720474072086e-17,0.3175099107888298,0.15449373867490704,0.015399127276134404,0.029961016682725283
constant,prepared,0.08,0.001,0.966,0.18139711807254408,0.3357403933797882,-5.551115123125783e-16,8.266975366360501e-16,0.3176913079069023,0.15433939539959993,0.015368371847796117,0.02993107168275118
constant,prepared,0.08,0.001,0.967,0.18121549657348027,0.3354051412255882,7.216449660063518e-16,1.075781014222713e-15,0.31787252340347577,0.15418520575494726,0.015337677752376077,0.029901156603775708
constant,prepared,0.08,0.001,0.968,0.1810340593386283,0.3350702213758585,-8.326672684688674e-16,1.2425265143673274e-15,0.3180535574628144,0.15403116959291044,0.015307044868457135,0.02987127141597145
constant,prepared,0.08,0.001,0.969,0.18085280616006255,0.3347356335225833,1.1102230246251565e-16,1.6583579897690427e-16,0.3182344102689744,0.15387728676554835,0.01527647307485342,0.029841416089539604
constant,prepared,0.08,0.001,0.97,0.180671736830332,0.33440137735784026,-1.609823385706477e-15,2.407022660052954e-15,0.31841508200580476,0.15372355712501995,0.015245962250610541,0.029811590594710956
constant,prepared,0.08,0.001,0.971,0.18049085114236865,0.33406745257381254,0.0,0.0,0.3185955728569471,0.15356998052358886,0.01521551227500508,0.029781794901745068
constant,prepared,0.08,0.001,0.972,0.18031014888950805,0.3337338588627872,1.5543122344752192e-15,2.3286702760271355e-15,0.31877588300583665,0.1534165568136148,0.015185123027544515,0.02975202898093066
constant,prepared,0.08,0.001,0.973,0.18012962986551762,0.33340059591714494,-1.6653345369377348e-16,2.4974978409330675e-16,0.31895601263570217,0.15326328584756438,0.015154794387966073,0.029722292802585565
constant,prepared,0.08,0.001,0.974,0.17994929386454311,0.3330676634293839,6.38378239159465e-16,9.58331157979273e-16,0.3191359619295667,0.15311016747800005,0.015124526236237362,0.02969258633705645
constant,prepared,0.08,0.001,0.975,0.17976914068115304,0.3327350610921022,-3.885780586188048e-16,5.839151085302147e-16,0.31931573107024785,0.15295720155758868,0.015094318452555457,0.02966290955471922
constant,prepared,0.08,0.001,0.976,0.17958917011029815,0.3324027885980091,8.049116928532385e-16,1.2107475034252142e-15,0.31949532024035815,0.15280438793910087,0.015064170917346388,0.029633262425978506
constant,prepared,0.08,0.001,0.977,0.1794093819473457,0.33207084563991973,4.996003610813204e-16,7.522496594342109e-16,0.3196747296223055,0.15265172647540787,0.015034083511265261,0.029603644921268168
constant,prepared,0.08,0.001,0.978,0.17922977598805204,0.3317392319107692,1.3877787807814457e-16,2.0916711791789648e-16,0.31985395939829353,0.15249921701948524,0.01500405611519579,0.02957405701105064
constant,prepared,0.08,0.001,0.979,0.17905035202855993,0.3314079471036,-9.43689570931383e-16,1.4237582097516534e-15,0.3200330097503221,0.15234685942441048,0.014974088610249436,0.02954449866581758
constant,prepared,0.08,0.001,0.98,0.17887110986541574,0.33107699091156806,0.0,0.0,0.32021188086018754,0.15219465354336414,0.014944180877765589,0.029514969856089285
constant,prepared,0.08,0.001,0.981,0.17869204929555046,0.33074636302795457,-5.551115123125783e-16,8.3918007023657115e-16,0.3203905729094831,0.15204259922963229,0.014914332799311225,0.02948547055241499
constant,prepared,0.08,0.001,0.982,0.178513170116292,0.33041606314614635,3.3306690738754696e-16,5.04011373139913e-16,0.3205690860795994,0.15189069633660177,0.01488454425667996,0.029456000725372893
constant,prepared,0.08,0.001,0.983,0.1783344721253373,0.3300860909596589,-6.661338147750939e-16,1.0090304211826142e-15,0.3207474205517247,0.15173894471776755,0.014854815131892515,0.029426560345569664
constant,prepared,0.08,0.001,0.984,0.1781559551207977,0.3297564461621297,-2.1094237467877974e-15,3.1984571815628352e-15,0.3209255765068455,0.15158734422672537,0.014825145307195664,0.02939714938364119
constant,prepared,0.08,0.001,0.985,0.17797761890112107,0.3294271284473077,6.661338147750939e-16,1.0110488136098395e-15,0.32110355412574665,0.15143589471718039,0.014795534665062301,0.029367767810251705
constant,prepared,0.08,0.001,0.986,0.1777994632651782,0.3290981375090783,4.163336342344337e-16,6.325372081799594e-16,0.32128135358901183,0.15128459604293604,0.014765983088190583,0.02933841559609439
constant,prepared,0.08,0.001,0.987,0.17762148801219166,0.3287694730414535,-8.881784197001252e-16,1.350761692506863e-15,0.32145897507702403,0.15113344805790727,0.01473649045950436,0.02930909271189129
constant,prepared,0.08,0.001,0.988,0.17744369294178303,0.3284411347385578,-7.216449660063518e-16,1.0985910254219355e-15,0.3216364187699658,0.15098245061610951,0.014707056662152055,0.029279799128392715
constant,prepared,0.08,0.001,0.989,0.17726607785393458,0.32811312229465506,-1.2212453270876722e-15,1.8610126266010186e-15,0.32181368484781975,0.15083160357166936,0.014677681579506718,0.029250534816378
constant,prepared,0.08,0.001,0.99,0.17708864254899562,0.3277854354041358,7.494005416219807e-16,1.1431266625651365e-15,0.32199077349036875,0.1506809067788143,0.01464836509516536,0.02922129974665504
constant,prepared,0.08,0.001,0.991,0.176911386827699,0.32745807376152425,-1.7208456881689926e-15,2.627581705959442e-15,0.32216768487719644,0.15053036009188023,0.014619107092949031,0.02919209389006018
constant,prepared,0.08,0.001,0.992,0.17673431049114247,0.32713103706147456,1.27675647831893e-15,1.9514450383364256e-15,0.3223444191876876,0.15037996336531018,0.014589907456902139,0.029162917217458544
constant,prepared,0.08,0.001,0.993,0.17655741334078567,0.32680432499877715,1.4710455076283324e-15,2.2506518352133704e-15,0.32252097660102835,0.15022971645365216,0.014560766071291892,0.02913376969974374
constant,prepared,0.08,0.001,0.994,0.17638069517846014,0.3264779372683558,6.38378239159465e-16,9.776743943262776e-16,0.3226973572962068,0.15007961921156246,0.014531682820608674,0.029104651307838004
constant,prepared,0.08,0.001,0.995,0.1762041558063603,0.32615187356527087,9.159339953157541e-16,1.4041525889509452e-15,0.3228735614520132,0.14992967149380362,0.014502657589564743,0.029075562012691954
constant,prepared,0.08,0.001,0.996,0.17602779502704688,0.3258261335847192,1.1657341758564144e-15,1.7888899257881436e-15,0.32304958924704025,0.14977987315524555,0.01447369026309468,0.02904650178528488
constant,prepared,0.08,0.001,0.997,0.17585161264341945,0.3255007170220411,-1.6653345369377348e-16,2.5581119331681354e-16,0.3232254408596837,0.14963022405086765,0.014444780726354297,0.0290174705966243
constant,prepared,0.08,0.001,0.998,0.17567560845876512,0.3251756235727144,1.942890293094024e-16,2.9874476317557716e-16,0.32340111646814246,0.14948072403575266,0.014415928864721119,0.028988468417746483
constant,prepared,0.08,0.001,0.999,0.17549978227670535,0.32485085293236093,-5.551115123125783e-17,8.544098119209206e-17,0.32357661625041917,0.14933137296509796,0.01438713456379312,0.02895949521971593
constant,prepared,0.08,0.001,1.0,0.17532413390122945,0.3245264047967394,-5.828670879282072e-16,8.98027216449883e-16,0.3237519403843204,0.14918217069420192,0.014358397709389188,0.028930550973625478
