t,J_full,J_red,Q_outer_full,Q_outer_red,M_full,M_red,mass_bulk_full,mass_coating_full,mass_red,balance_normalized_full,balance_normalized_red,robin_flux_mismatch_red
0.0,4.014418752827071,4.01460963249952,4.014418752827072,4.014609632499597,0.0,0.0,0.44334193351097867,0.015552495138123183,0.45516111499242007,1.1062353909574631e-16,9.51317202497884e-15,7.638334409421077e-14
0.001,5.057678672232099,3.9827615984202454,4.015205908111057,4.014609630719689,0.005057678672232099,0.003982761598420245,0.4443844062751007,0.01574101656678147,0.45512926696012235,2.1951236853391932e-16,8.94452493660826e-16,2.042810365310288e-14
0.002,4.65840552035632,3.962895168831394,4.013996289517717,4.014609612135546,0.009716084192588419,0.00794565676725164,0.4450288155059398,0.015752839663309596,0.45507755251681764,3.694065878655762e-16,7.245497334847017e-15,6.350475700855895e-14
0.003,4.494928570655851,3.947192141777394,4.013630960921649,4.014609512215498,0.01421101276324427,0.011892848909029034,0.44551011311567357,0.01574602342056373,0.4550101351463785,5.001640380990326e-16,1.8200164321291815e-15,3.2862601528904634e-14
0.004,4.403049400407603,3.9336945141640274,4.013594996165714,4.014609141816704,0.018614062163651874,0.015826543423193062,0.44589956751991544,0.015734993011024045,0.45492922051872686,1.7020034832055373e-15,5.091898294153818e-15,3.419486915845482e-14
0.005,4.341099430816176,3.921607443548148,4.01368704374404,4.01460807301236,0.02295516159446805,0.01974815086674121,0.44622697990698695,0.015722352377541268,0.4548362198892615,6.905168182071188e-16,3.826702588111736e-15,3.2862601528904634e-14
0.006,4.294769795232175,3.9105213085368575,4.013840535776096,4.014605504758829,0.027249931389700225,0.02365867217527807,0.4465079091664418,0.015708901970313167,0.45473213569304144,6.398019258209658e-16,5.9336397421556066e-15,5.3290705182007514e-14
0.007,4.257819924059692,3.9001933416080083,4.0140446020959235,4.014600139324415,0.03150775131375992,0.027558865516886077,0.44675168448840635,0.015694977482167246,0.4546177288953228,3.6178947774725287e-16,3.723005268348203e-15,4.75175454539567e-14
0.008,4.227049393188287,3.8904659050813253,4.014310430897572,4.014590098884505,0.035734800706948205,0.0314493314219674,0.4469644234506995,0.015680748074158445,0.45449360470151895,1.8713618684469208e-15,7.134913734602245e-15,4.04121180963557e-14
0.009000000000000001,4.200623727436752,3.8812298461980563,4.0146562997338515,4.014572899495425,0.039935424434384956,0.03533056126816546,0.44715039087839936,0.01566630977877649,0.45436026164822557,1.856704445354096e-15,1.2824924109227868e-15,1.199040866595169e-14
0.01,4.177403703713827,3.8724058956396337,4.015100418815486,4.01454548429078,0.04411282813809878,0.03920296716380509,0.4473126941632988,0.015651721872673493,0.4542181220595717,1.3055885893006603e-15,4.9053077057782425e-15,4.4853010194856324e-14
0.011,4.156637917814006,3.8639343311804133,4.015657405070955,4.01450430556634,0.048269466055912785,0.04306690149498551,0.4474536746760403,0.015637023290695464,0.454067552085186,3.7093012572503105e-15,2.8035555713645678e-15,3.907985046680551e-14
0.012,4.137806950587505,3.8557688240407333,4.016336712323842,4.0144454391336035,0.05240727300650029,0.04692267031902624,0.4475751449143045,0.015622240864887307,0.45390887547009334,3.806675698012678e-16,3.719691775019152e-15,2.5757174171303632e-14
0.013000000000000001,4.120538000251901,3.8478725707551584,4.017142234663427,4.014364713483008,0.05652781100675219,0.0507705428897814,0.44767854067989266,0.015607393807842169,0.45374238332736616,2.616901270177016e-15,1.8391410947192092e-15,1.5987211554602254e-14
0.014,4.104555140546675,3.840215752395128,4.018072624876817,4.014257838987367,0.06063236614729887,0.05461075864217653,0.44776502319556405,0.015592496312419275,0.45356834124077355,1.0515127365679527e-15,6.641135534417186e-15,5.284661597215745e-14
0.015,4.0896488447379,3.832773803916968,4.019122014810235,4.01412052657774,0.06472201499203677,0.058443532446093495,0.44783555002548897,0.0155775591387202,0.45338699451811276,1.379414457829353e-15,7.474558135919991e-15,7.327471962526033e-14
0.016,4.075656518968601,3.8255261987745905,4.020280916089187,4.013948589588227,0.06879767151100537,0.062269058644868085,0.44789092562837135,0.015562590624879196,0.4531985721272987,5.924775719742926e-16,4.0036582240077475e-15,3.197442310920451e-14
0.017,4.062449623068334,3.8184555728719283,4.021537151205434,4.013738026009362,0.0728601211340737,0.06608751421774,0.44793183810023607,0.015547597354274231,0.4530032896741639,6.166084337603545e-16,5.379981874509377e-15,5.551115123125783e-14
0.018000000000000002,4.049924889673385,3.8115470787585055,4.022876722244543,4.013485080956177,0.07691004602374708,0.06989906129649852,0.44795888626766134,0.015532584609574743,0.452801351671963,8.639511463451848e-16,5.7572200304545e-15,5.46229728115577e-14
0.019,4.037998179813494,3.8047879001314557,4.02428456777593,4.013186290786317,0.08094804420356058,0.07370384919662998,0.44797259987969995,0.015517556689967783,0.4525929532813078,1.218989619086835e-15,5.041832887311369e-15,2.4868995751603507e-14
0.02,4.026600084516145,3.798166880500864,4.025745188603191,4.012838511183281,0.08497464428807673,0.07750201607713084,0.44797345477561146,0.015502517137945537,0.4523782816506269,1.105971817390132e-15,3.427221822960628e-15,2.042810365310288e-14
0.021,4.015672712511791,3.7916742347944403,4.027243142317998,4.0124389318591245,0.08899031700058853,0.08129369031192528,0.4479618843458058,0.015487468904750805,0.45215751695356304,1.5099841082693025e-15,5.070441512446774e-15,5.284661597215745e-14
0.022,4.0051673019904515,3.7853013222960565,4.028763417573862,4.011985080521664,0.09299548430257898,0.08507899163422133,0.44793828823022447,0.015472414473265507,0.45193083319533667,1.6956421463215419e-15,1.200301664303664e-15,3.68594044175552e-14
0.023,3.9950424164410023,3.7790404656676504,4.0302917042128605,4.011474818539796,0.09699052671901998,0.08885803209988899,0.44790303894245087,0.015457355950766482,0.4516983988424652,4.342951120463517e-15,6.721852418457645e-15,5.773159728050814e-14
0.024,3.9852625619764996,3.772884805096786,4.031814576906143,4.010906330431176,0.10097578928099647,0.09263091690498577,0.4478564869275218,0.015442295139962382,0.45146037731713,1.3157312392098566e-15,6.4079439664475004e-15,2.7533531010703882e-14
0.025,3.975797113773122,3.766828179567658,4.033319609331946,4.010278108956064,0.10495158639476959,0.09639774508455343,0.44779896443196243,0.015427233594113765,0.45121692738774055,1.5853419395914459e-15,4.0142437555921644e-15,1.865174681370263e-14
0.026000000000000002,3.9666194725641675,3.760865029327167,4.034795434157981,4.009588937270074,0.10891820586733376,0.1001586101138806,0.4477307884703681,0.01541217266031704,0.45096820347979943,7.532564115101463e-16,4.2745199597243624e-15,4.796163466380676e-14
0.027,3.957706394662361,3.7549903150941697,4.0362317618909795,4.00883786928991,0.11287591226199613,0.10391360042897477,0.44765226310314005,0.015397113513867446,0.450714355925602,5.343122874401058e-15,4.86036470355507e-15,3.774758283725532e-14
0.028,3.9490374544932547,3.7491994506278625,4.037619369394308,4.008024209165796,0.11682494971648938,0.10766279987960263,0.44756368118823925,0.015382057185812871,0.4504555311670658,3.1965228716454164e-16,3.1370259004740036e-15,3.907985046680551e-14
0.029,3.9405946094725524,3.7434882460540324,4.038950066776699,4.0071474905376245,0.12076554432596193,0.11140628812565666,0.4474653257309341,0.015367004585252171,0.4501918719225811,1.5925808793311919e-15,4.696178593833518e-15,5.1514348342607263e-14
0.03,3.9323618447641318,3.737852859928462,4.040216649511726,4.006207456073898,0.12469790617072606,0.11514414098558512,0.4473574709261881,0.015351956517533114,0.44992351732643726,5.341287835086641e-16,4.787346377013457e-15,4.529709940470639e-14
0.031,3.924324880995609,3.732289758452393,4.041412841095692,4.005204037650419,0.12862223105172166,0.11887643074403752,0.4472403829660889,0.015336913699220578,0.4496506030472382,9.443211562900586e-17,3.4926585459259915e-15,3.108624468950438e-14
0.032,3.916470932048684,3.7267956805850124,4.042533230273106,4.0041373374132885,0.13253870198377035,0.12260322642462253,0.44711432066786366,0.015321876770496385,0.44937326139041106,1.4315374014792393e-15,6.3078690069454776e-15,3.8191672047105385e-14
0.033,3.9087885030148533,3.7213676080520615,4.043573205834571,4.003007609883975,0.1364474904867852,0.1263245940326746,0.446979535965043,0.015306846305500004,0.44909162138858,1.6508210920793848e-15,4.5970301399690384e-15,3.197442310920451e-14
0.034,3.901267220625836,3.7160027394438506,4.044528891179193,4.001815245198694,0.14034875770741104,0.13004059677211846,0.44683627429449124,0.015291822821005701,0.44880580888282284,1.5097497878567716e-15,1.761679581491954e-15,1.8207657603852567e-14
0.035,3.8938976901345534,3.710698467749821,4.045397080201478,4.000560753522946,0.14424265539754558,0.13375129523986828,0.44668477490442177,0.015276806783743348,0.4485159465970516,8.473367436057595e-16,4.176628615349645e-15,2.708944180085382e-14
0.036000000000000004,3.8866713738897016,3.705452360795978,4.046175175575446,3.9992447506473163,0.14812932677143528,0.13745674760066426,0.4465252711027372,0.01526179861660967,0.44822215420719874,7.614274616512747e-16,7.96041433222453e-15,3.597122599785507e-14
0.037,3.8795804878178393,3.7002621441469765,4.046861130138965,3.997867944742688,0.15200890725925312,0.14115700974481124,0.44635799046041563,0.015246798703961001,0.4479245484066046,1.1282305080268882e-15,1.7634189782683043e-15,1.4654943925052066e-14
0.038,3.872617912775845,3.695125686110088,4.0474533918027085,3.9964311242359027,0.15588152517202897,0.14485213543092132,0.44618315498139133,0.015231807396146699,0.44762324296847744,2.218414356503999e-15,3.7156233881550054e-15,5.10702591327572e-14
0.039,3.865777118322567,3.6900409845402655,4.047950852203108,3.9949351467530727,0.15974730229035153,0.14854217641546158,0.4460009812475077,0.015216825013404812,0.44731834880626653,5.211090311631962e-16,6.676731207588796e-15,4.6629367034256575e-14
0.04,3.8590520969154047,3.6850061551934004,4.048352799168244,3.9933809290718747,0.16360635438726692,0.15222718257065498,0.44581168054525466,0.015201851849226653,0.44700997403238735,1.888832683672438e-15,2.9608683524729533e-15,1.554312234475219e-14
0.041,3.8524373069015705,3.6800194214165347,4.048658872959578,3.9917694380183324,0.1674587916941685,0.15590720199207153,0.4456154589791997,0.01518688817326994,0.4466982240157853,5.758618902877637e-16,6.348272597038953e-15,4.529709940470639e-14
0.042,3.8459276229604353,3.6750791049961675,4.048869026176955,3.990101682242742,0.17130471931712893,0.1595822810970677,0.44541251757598255,0.015171934233891224,0.4463832014385382,4.764324291091315e-16,6.135286677512686e-15,4.929390229335695e-14
0.043000000000000003,3.839518292888211,3.6701836180124388,4.048983487166365,3.9883787048095374,0.17514423761001713,0.16325246471508015,0.4452030523817037,0.015156990260354976,0.4460650063517411,7.129147039435187e-16,1.2595993405467582e-15,1.3766765505351941e-14
0.044,3.8332048997985266,3.6653314555704606,4.049002726737395,3.986601576537211,0.17897744250981565,0.1669177961706506,0.44498725455476484,0.01514205646476407,0.445743736230776,2.9853161374248654e-15,5.3121697235468154e-15,5.240252676230739e-14
0.045,3.8269833289676884,3.660521189298546,4.048927427980854,3.984771390026749,0.18280442583878334,0.17057831735994916,0.4447653104557523,0.015127133043754855,0.44541948603004416,5.209833429491079e-16,3.6847031017679504e-15,3.241851231905457e-14
0.046,3.8208497386752884,3.655751461517584,4.048758458969611,3.982889254320532,0.18662527557745862,0.17423406882146675,0.44453740173546147,0.015112220179986665,0.44509234823724064,1.0968528114247673e-16,5.240465282912763e-15,2.886579864025407e-14
0.047,3.81480053449232,3.651020980001387,4.048496848124314,3.9809562901363984,0.19044007611195093,0.17788508980146814,0.444303705421829,0.015097318043455443,0.4447624129271083,2.598337988875316e-15,3.2489927781749043e-15,3.197442310920451e-14
0.048,3.8088323465536535,3.6463285132563636,4.048143762031646,3.978973625625696,0.1942489084585046,0.1815314183147245,0.44406439400634695,0.015082426792655763,0.4444297678147379,2.742548412035556e-15,5.2525978820184195e-15,5.728750807065808e-14
0.049,3.802942009420114,3.64167288626032,4.047700485510239,3.9769423926070395,0.1980518504679247,0.18517309120098482,0.44381963553025805,0.015067546575609353,0.44409449830839354,6.994264330892745e-16,3.070814727811791e-15,2.7977620220553945e-14
0.05,3.7971265441948248,3.637052976606935,4.047168403729224,3.9748637232320334,0.2018489770121195,0.18881014417759176,0.4435695936707202,0.015052677530779419,0.44375668756176867,2.2494316751281387e-15,4.217595580411126e-15,2.7977620220553945e-14
0.051000000000000004,3.791383142605042,3.6324677110102983,4.046548986196937,3.9727387470416997,0.20564036015472456,0.19244261188860207,0.44331442782712976,0.01503781978788424,0.44341641652573616,3.546140833146393e-15,4.653015095385761e-15,4.618527782440651e-14
0.052000000000000005,3.785709152802543,3.6279160621286826,4.045843772448823,3.970568588376436,0.2094260693075271,0.19607052795073074,0.44305429320748435,0.015022973468623415,0.4430737639994884,2.6412034702835953e-15,7.626447528270353e-15,5.684341886080802e-14
0.053,3.7801020666710228,3.6233970456730473,4.045054359275917,3.968354364104929,0.21320617137419812,0.1996939249964038,0.4427893409148787,0.015008138687326023,0.4427288066810557,9.674866674731693e-16,3.4551486828251878e-15,2.0872192862952943e-14
0.054,3.77455950845503,3.6189097177686174,4.044182389348068,3.9660971816407913,0.21698073088265316,0.2033128347141724,0.44251971803398543,0.014993315551533142,0.4423816192171839,2.77955023837136e-15,8.264884419321531e-15,6.17284001691587e-14
0.055,3.7690792245530806,3.614453172543659,4.043229541097741,3.963798137218338,0.22074981010720623,0.20692728788671608,0.44224556771744106,0.014978504162519486,0.4420322742525102,1.0091115466053166e-15,4.740535224371296e-15,4.3520742565306136e-14
0.056,3.763659074336663,3.610026539920132,4.04219751974108,3.9614583144013142,0.22451346918154289,0.2105373144266362,0.44196702927203757,0.014963704615763015,0.4416808424780278,1.5449528339516954e-15,3.902566779941436e-15,2.1760371282653068e-14
0.057,3.758297021874829,3.6056289835865125,4.041088049324519,3.9590787828009986,0.22827176620341771,0.21414294341022272,0.44168423824458947,0.014948917001368857,0.44132739267881455,5.288623500199808e-16,4.087188326286226e-15,3.064215547965432e-14
0.058,3.752991128460968,3.601259699133651,4.03990286569444,3.9566605969823896,0.2320247573318787,0.21774420310935638,0.44139732650735347,0.014934141404451751,0.4409719917809653,3.043568225893488e-15,5.857440907801329e-15,3.197442310920451e-14
0.059000000000000004,3.7477395458499267,3.596917912337209,4.038643710296992,3.9542047955385513,0.2357724968777286,0.2213411210216936,0.44110642234290526,0.014919377905482267,0.4406147048977646,9.896398829290767e-16,6.605119867280365e-15,3.952393967665557e-14
0.06,3.7425405101262084,3.592602877572496,4.03731232472451,3.9517124003159463,0.23951503738785482,0.22493372389926608,0.4408116505283094,0.014904626580601184,0.44025559537502,1.5536970104387878e-15,2.458289086192972e-16,-9.325873406851315e-15
0.061,3.737392336133429,3.5883138763483022,4.035910445931009,3.9491844157746523,0.24325242972398825,0.2285220377756144,0.44051313241851003,0.014889887501904897,0.4398947248355917,1.77430560087177e-15,5.383585237662662e-15,5.1958437552457326e-14
0.062,3.7322934124038927,3.584050215949244,4.034439802049092,3.946621828468961,0.24698472313639214,0.23210608799156363,0.4402109860288669,0.014875160737705246,0.4395321532230748,2.2634082612669052e-15,4.73303579648137e-15,5.10702591327572e-14
0.063,3.727242196534297,3.5798112281749366,4.0329021087451205,3.9440256066353596,0.25071196533292645,0.23568589921973856,0.43990532611665556,0.014860446352766954,0.43916793884461475,1.6655126055296699e-15,4.672815049114254e-15,3.8191672047105385e-14
0.064,3.722237210960351,3.5755962681683657,4.0312990660565875,3.941396699876221,0.2544342025438868,0.23926149548790693,0.4395962642615586,0.014845744408524389,0.4388021384129058,5.921117396231845e-16,6.53503722985121e-15,6.794564910705958e-14
0.065,3.7172770390887826,3.571404713324734,4.029632355660917,3.9387360389287736,0.25815147958297563,0.24283290020123166,0.43928390894498764,0.014831054963279803,0.4384348070873017,1.0125165909405312e-15,4.347889776208687e-15,4.884981308350689e-14
0.066,3.7123603217493897,3.567235962273092,4.027903638530116,3.9360445355092146,0.261863839904725,0.24640013616350476,0.4389683656282075,0.014816378072386232,0.4380659985140647,1.302365761974431e-15,5.091285277312449e-15,5.417888360170764e-14
0.067,3.707485753934788,3.563089433925226,4.026114552929894,3.9333230822240357,0.2655713256586598,0.24996322559742998,0.4386497368292094,0.014801713788414309,0.43769576486576844,3.1711876588056877e-15,4.036329820931684e-15,4.529709940470639e-14
0.068,3.702652081799331,3.558964566585238,4.024266712726467,3.9305725525404482,0.26927397774045914,0.2535221901640152,0.4383281221982838,0.014787062161307154,0.43732415687981185,3.5864668896035117e-16,6.906106575883114e-15,5.3290705182007514e-14
0.069,3.6978580998909214,3.554860817115006,4.022361705967095,3.9277938008088196,0.27297183584035006,0.2570770509811302,0.43800361859220677,0.014772423238522394,0.4369512238961185,1.4421665001088515e-15,3.738154354651779e-15,3.6415315207705135e-14
0.07,3.6931026485935394,3.5507776601504704,4.020401093705299,3.9249876623313087,0.2766649384889436,0.2606278286412807,0.43767632014709623,0.01475779706516373,0.436577013893938,7.248867393365262e-16,5.437988468921994e-15,4.796163466380676e-14
0.07100000000000001,3.688384611760157,3.5467145873650305,4.018386409043021,3.9221549534705513,0.2803533231007037,0.26417454322864575,0.4373463183498111,0.014743183684103474,0.4362015735278332,2.3138934101287717e-15,1.556855021761755e-15,3.952393967665557e-14
0.07200000000000001,3.683702914517634,3.542671106775738,4.016319156365959,3.919296471793615,0.28403702601522135,0.2677172143354215,0.43701370210796403,0.01472858313609466,0.43582494816281386,3.890723934832457e-15,4.086184152047295e-15,4.529709940470639e-14
0.073,3.679056521228541,3.5386467420893326,4.014200810750035,3.916412996246585,0.28771608253644987,0.2712558610775108,0.4366785578184448,0.014713995459876856,0.43544718190865744,1.3828693144249011e-17,6.0948104942755946e-15,5.551115123125783e-14
0.074,3.6744444335941027,3.5346410320845227,4.012032817520041,3.9135052873557563,0.291390526970044,0.2747905021095953,0.43634096943451944,0.014699420692273653,0.43506831765338844,2.1238514492673467e-15,7.92914056831132e-15,5.240252676230739e-14
0.075,3.6698656888873287,3.5306535300282094,4.009816591942187,3.910574087451742,0.2950603926589313,0.2783211556396235,0.4360010185314628,0.014684858868283805,0.43468839709596185,1.3774593976715723e-15,6.295545109364153e-15,5.284661597215745e-14
0.076,3.6653193583027193,3.5266838031226886,4.007553519035551,3.907620120913032,0.298725712017234,0.2818478394427462,0.4356587843707287,0.014670310021166704,0.4343074607781707,1.9392282936364544e-15,6.215068996522848e-15,3.863576125695545e-14
0.077,3.6608045454143987,3.522731431981896,4.00524495348795,3.904644094426491,0.3023865165626484,0.2853705708747281,0.43531434396265806,0.014655774182521682,0.4339255481157294,9.14734560260157e-16,9.525188576861956e-16,9.769962616701378e-15
0.078,3.6563203847318837,3.5187960101341798,4.002892219663758,3.901646697261749,0.3060428369473803,0.2888893668848623,0.43496777212772414,0.014641251382362823,0.4335426974286012,1.6779990392912448e-15,5.38515462093918e-15,3.419486915845482e-14
0.079,3.651866040345941,3.514877143550337,4.000496611692398,3.8986286015571876,0.3096947029877263,0.2924042440284126,0.4346191415563779,0.014626741649188962,0.43315894597059196,8.880681634417231e-16,6.1510904943151364e-15,3.730349362740526e-14
0.08,3.647440704656906,3.510974450194371,3.998059393627263,3.8955904626158246,0.31334214369238317,0.29591521847860697,0.43426852286740814,0.01461224501004935,0.4327743299581738,1.0968773886299626e-15,4.595541149379343e-15,3.1530333899354446e-14
0.081,3.6430435971787567,3.507087559596067,3.995581799666126,3.8925329192085747,0.31698518728956193,0.299422306038203,0.433915984664919,0.014597761490605547,0.4323888845985609,1.3962599136895604e-15,5.37637174779226e-15,4.1744385725905886e-14
0.082,3.638673963412983,3.5032161124435963,3.993065034424984,3.8894565938837755,0.32062386125297493,0.3029255221506466,0.43356159359391044,0.014583291115189871,0.43200264411711853,4.2400764774851095e-16,5.409168558335506e-15,4.529709940470639e-14
0.083,3.634331073786465,3.499359760194905,3.9905102732577324,3.886362093281261,0.3242581923267614,0.3064248819108415,0.4332054143944373,0.014568833906860262,0.4316156417840331,4.938330523582083e-16,6.491885632124739e-15,2.930988785010413e-14
0.084,3.6300142226486036,3.4955181647067675,3.9879186626157033,3.883250008449472,0.32788820654941,0.3099204000755483,0.4328475099544708,0.014554389887452114,0.43122790994028976,1.4824619322228778e-15,7.669280260289366e-15,4.3520742565306136e-14
0.085,3.625722727323584,3.491690997880285,3.9852913204410236,3.880120915164936,0.33151392927673357,0.31341209107342854,0.4324879413613531,0.01453995907762778,0.4308394800230066,1.7689839059468227e-15,4.613862986102262e-15,1.2434497875801753e-14
0.08600000000000001,3.6214559272129656,3.4878779413217105,3.982629336588436,3.876975374252484,0.33513538520394653,0.31689996901475026,0.43212676795197863,0.014525541496922457,0.43045038259007357,2.097716747966503e-15,5.5196504320783925e-15,4.529709940470639e-14
0.08700000000000001,3.6172131829452727,3.4840786860181234,3.9799337732713376,3.8738139319058345,0.3387525983868918,0.3203840477007684,0.4317640473616519,0.014511137163789063,0.43006064734418786,4.811976345787875e-16,5.588639351487812e-15,4.39648317751562e-14
0.088,3.612993875569445,3.480292932026395,3.9772056655277113,3.870637120007108,0.34236559226246127,0.3238643406327948,0.4313998355716923,0.01449674609563945,0.42967030315620597,1.2491805687243421e-15,3.857891922759474e-15,5.062616992290714e-14
0.089,3.608797405788843,3.4765203881753504,3.974446021702309,3.8674454564454424,0.3459743896682501,0.32734086102097015,0.4310341869557788,0.014482368308884302,0.4292793780879348,2.6816670746572243e-15,3.3802354195258653e-15,2.9753977059954195e-14
0.09,3.6046231932326585,3.4727607717798183,3.97165582394208,3.8642394454329474,0.3495790128614828,0.33081362179275,0.4306671543250673,0.014468003818971207,0.4288878994142826,1.607335246199258e-15,8.899334182929129e-15,6.439293542825908e-14
0.091,3.600470675763141,3.469013808366377,3.9688360287014026,3.86101957781857,0.35317948353724593,0.3342826356011164,0.4302987889721318,0.014453652640420233,0.42849589364483115,2.482649641429568e-15,9.366830262901151e-15,7.771561172376096e-14
0.092,3.5963393088152436,3.4652792314097716,3.9659875672551315,3.857786331398714,0.3567758228460612,0.33774791483252614,0.4299291407136932,0.014439314786858573,0.4281033865448434,3.436215418271168e-15,5.655026110783768e-15,3.241851231905457e-14
0.093,3.5922285647671672,3.4615567820795228,3.9631113462170307,3.8545401712241887,0.36036805141082834,0.3412094716146057,0.4295582579322407,0.014424990271052688,0.42771040315569686,4.4121931256202056e-16,3.967612603542924e-15,4.574118861455645e-14
0.094,3.5881379323397886,3.45784620899656,3.960208248061298,3.8512815499037005,0.36395618934316815,0.34466731782360227,0.4291861876165204,0.014410679104940259,0.42731696781478873,5.116289076294935e-16,7.372598831549609e-15,8.393286066166183e-14
0.095,3.5840669160230503,3.4541472679988345,3.9572791316458202,3.8480109079028444,0.3675402562591912,0.3481214650916011,0.4288129754008963,0.014396381299659256,0.42692310417488677,7.154078897681191e-16,2.99338129651083e-15,2.7533531010703882e-14
0.096,3.5800150355275906,3.450459721915597,3.9543248327351836,3.844728673838868,0.37112027129471875,0.3515719248135167,0.42843866560368965,0.014382096865576958,0.4265288352229644,1.8951415812332866e-16,6.280638462190041e-15,6.927791673660977e-14
0.097,3.57598182526037,3.446783340350304,3.951346164522543,3.841435264770842,0.3746962531199791,0.355018708153867,0.4280633012644282,0.014367825812316807,0.4261341832985428,2.542808945232409e-15,5.173324752610641e-15,5.684341886080802e-14
0.098,3.5719668338225623,3.44311789947115,3.9483439181486992,3.8381310864849096,0.37826821995380167,0.35846182605333815,0.42768692418010085,0.01435356814878475,0.4257391701115296,1.0755403169596171e-15,4.150900541013531e-15,4.8405723873656825e-14
0.099,3.5679696235286946,3.4394631818092547,3.945318863217633,3.8348165337746587,0.38183618957733034,0.3619012892351474,0.4273095749404131,0.01433932388319399,0.4253438167595635,2.05423905158172e-15,6.152116813281437e-15,4.3520742565306136e-14
0.1,3.5639897699456338,3.435818976064079,3.9422717483073892,3.8314919907164953,0.385400179347276,0.3653371082112115,0.4269312929620525,0.01432509302308926,0.42494814374490963,5.20997213456527e-16,4.01321180582268e-15,3.552713678800501e-14
0.101,3.5600268614505297,3.43218507691555,3.9392033014756778,3.8281578309396727,0.3889602062087265,0.3687692932881271,0.42655211652202696,0.014310875575369388,0.4245521709908867,4.1571323843799744e-16,4.357474712817275e-15,2.353672812205332e-14
0.10200000000000001,3.5560804988061916,3.428561284842816,3.936114230759376,3.8248144178912438,0.3925162867075327,0.3721978545729699,0.4261720827900715,0.014296671546309614,0.4241559178578391,3.885385755499561e-15,7.140604333121302e-15,4.618527782440651e-14
0.10300000000000001,3.5521502947539285,3.424947405949376,3.9330052246673715,3.821462105095729,0.3960684370022866,0.3756228019789193,0.4257912278601573,0.014282480941582711,0.4237594031586946,3.599116389469813e-16,3.704169549423336e-15,2.7533531010703882e-14
0.10400000000000001,3.548235873621688,3.4213432517937257,3.929876952666459,3.818101236409375,0.3996166728759083,0.379044145230713,0.4254095867811149,0.014268303766279364,0.42336264517407707,2.542575083641426e-15,4.688808694060843e-15,3.9968028886505635e-14
0.105,3.5443368709478933,3.417748639226479,3.926730065659474,3.8147321462692068,0.4031610097468562,0.3824618938699395,0.4250271935864026,0.014254140024927526,0.422965661667034,1.6893401026335243e-15,1.6661790585205836e-15,1.1102230246251565e-14
0.106,3.5404529331191914,3.4141633902320643,3.9235651964555958,3.8113551599366264,0.40670146267997537,0.38587605726017155,0.424644081323067,0.014239989721511243,0.4225684698973303,2.2212580413294863e-15,4.318426294426388e-15,2.9753977059954195e-14
0.107,3.536583717022082,3.410587331776498,3.9203829602325735,3.807970593735882,0.41023804639699746,0.38928664459194806,0.42426028207985433,0.014225852859489211,0.4221710866353688,3.68150241099681e-16,5.437452548430948e-15,2.2648549702353193e-14
0.108,3.5327288897077,3.407020295659582,3.9171839549904166,3.804578755287041,0.41377077528670514,0.39269366488760765,0.42387582701457405,0.014211729441811477,0.42177352817574143,7.865009478071215e-16,3.4871574483335173e-15,5.5067062021407764e-14
0.109,3.528888128068622,3.4034621183722673,3.9139687619965002,3.801179943734031,0.41729966341477376,0.39609712700597993,0.42349074638064527,0.014197619470936635,0.4213758103503833,6.878672259363346e-16,3.789650571069989e-15,7.549516567451064e-15
0.11,3.5250611185275265,3.3999126409584717,3.9107379462220075,3.7977744499669934,0.4208247245333013,0.3994970396469384,0.42310506955294996,0.014183522948847968,0.42097794854137294,1.7317346606555284e-15,8.046525446784568e-15,3.952393967665557e-14
0.111,3.5212475567374626,3.3963717088815297,3.9074920567693496,3.794362556840004,0.4243459720900387,0.4028934113558199,0.4227188250529189,0.014169439877068835,0.42057995769341344,1.981784091753958e-15,7.717273148213671e-15,5.284661597215745e-14
0.112,3.517447147292246,3.3928391718947224,3.904231627291066,3.790944539383383,0.42786341923733096,0.4062862505277146,0.42233204057292184,0.014155370256677784,0.42018185232592414,1.5497839426103303e-15,1.0396595614823691e-15,1.2878587085651816e-14
0.113,3.5136596034476044,3.389314883915908,3.900957176399259,3.787520665011014,0.4313770788407786,0.4096755654116305,0.4219447429999685,0.014141314088323193,0.419783646544831,6.47471188943839e-16,4.602087494237962e-15,4.263256414560601e-14
0.114,3.509884646851748,3.385798702906505,3.89766920806649,3.784091193722864,0.43488696348763034,0.41306136411453703,0.421556958438753,0.014127271372236747,0.41938535405401506,1.8514782232234077e-15,4.070817450759956e-15,4.1300296516055823e-14
0.115,3.5061220072856654,3.3822904907536926,3.8943682120175667,3.780656378302317,0.438393085494916,0.4164436546052907,0.4211687122340209,0.014113242108247421,0.4189869881664655,2.159513162002372e-15,4.404882037138619e-15,4.440892098500626e-14
0.116,3.5023714224119775,3.3787901131567875,3.891054664112513,3.7772164645090442,0.441895456917328,0.4198224447184475,0.42078002899232064,0.014099226295794175,0.4185885618151155,1.8260929159219736e-15,2.5057211769195445e-15,2.6645352591003757e-15
0.117,3.4986326375325754,3.375297439516752,3.887729026720611,3.7737716912668153,0.4453940895548606,0.42319774215796424,0.4203909326031347,0.014085223933938741,0.41819008756336645,2.4202150070204367e-15,1.6180699668634629e-15,1.5987211554602254e-14
0.11800000000000001,3.494905405354633,3.3718123428295286,3.884391749085794,3.7703222908469862,0.4488889949602152,0.42656955450079376,0.42000144625940117,0.014071235021377365,0.41779157761534746,1.4076459712297983e-15,1.9581835567958173e-15,-4.440892098500626e-16
0.11900000000000001,3.491189485764142,3.3683346995822268,3.881043267683156,3.766868489047024,0.4523801844459794,0.429937889200376,0.41961159247748414,0.014057259556453112,0.4173930438258814,1.8594097417449028e-15,5.592571642338395e-15,6.128431095930864e-14
0.12,3.4874846456074584,3.3648643896529244,3.8776840065671383,3.763410505364982,0.4558676690915868,0.43330275359002896,0.41922139311652246,0.014043297537166488,0.4169944977101701,3.220997122478324e-15,2.131407493676762e-15,2.9753977059954195e-14
0.121,3.483790658479516,3.3614012962130233,3.874314377711069,3.7599485531691843,0.45935145975006636,0.436664154886242,0.41883086939729103,0.014029348961187012,0.4165959504532128,3.2954385056207895e-16,3.0265802421195627e-15,5.329070518200751e-15
0.122,3.4801073045197164,3.3579453056330224,3.870934781338287,3.7564828398637844,0.46283156705458606,0.44002210019187504,0.418440041920475,0.01401541382586341,0.4161974129189817,2.0865431634463337e-15,3.0884822590467685e-15,2.6201263381153694e-14
0.123,3.4764343702139233,3.3544963073908884,3.867545606245242,3.7530135670502798,0.4663080014248,0.4433765964992659,0.41804893068444343,0.014001492128233805,0.41579889565932265,1.614720328942515e-15,6.929624390429509e-15,4.75175454539567e-14
0.124,3.472771648203231,3.3510541939832854,3.864147230116347,3.749540930684395,0.46978077307300325,0.4467276506932492,0.4176575551025297,0.01398758386503596,0.4154004089226218,2.248230890371715e-15,5.781268949062954e-15,3.597122599785507e-14
0.125,3.469118937098928,3.3476188608393675,3.860740019830798,3.7460651212294995,0.4732498920101022,0.45007526955408855,0.417265934019797,0.013973689032716577,0.41500196266223194,1.9626476023109066e-15,1.4670337524967572e-15,1.1546319456101628e-14
0.126,3.4654760413031305,3.3441902062371764,3.8573243317617605,3.742586323805581,0.47671536805140535,0.4534194597603257,0.4168740857293397,0.013959807627440432,0.4146035665446627,7.627284516967018e-16,5.057813215811438e-15,3.197442310920451e-14
0.127,3.4618427708355552,3.3407681312226134,3.8539005120676317,3.7391047183346084,0.4801772108222409,0.45676022789154835,0.4164820279881051,0.01394593964509967,0.4142052299575515,7.418002305607029e-16,8.751780470433554e-15,7.815970093361102e-14
0.128,3.4582189411656103,3.3373525395308277,3.8504688969760132,3.735620479682102,0.4836354297634065,0.4600975804310792,0.4160897780322964,0.01393208508132214,0.4138069620173989,4.829602876957666e-16,3.2766200188339322e-15,3.9968028886505635e-14
0.129,3.454604373049784,3.3339433375096363,3.8470298130600997,3.732133777794881,0.4870900341364563,0.4634315237685888,0.4156973525922851,0.013918243931479928,0.41340877157711337,2.835418945782868e-15,4.707569559597602e-15,1.199040866595169e-14
0.13,3.450998892374214,3.330540434045621,3.8435835775079665,3.7286447778352003,0.4905410330288305,0.46676206420263444,0.4153047679071492,0.0139044161906977,0.4130106672333262,4.332765252414452e-17,2.746790861668874e-15,-4.440892098500626e-16
0.131,3.447402330002312,3.3271437404920867,3.8401304983846156,3.725153640311561,0.4939884353588328,0.47008920794312653,0.41491203973876856,0.01389060185386,0.41261265733350627,1.2287207053619067e-16,3.8148372087046336e-15,3.5083047578154947e-14
0.132,3.4438145216270124,3.3237531705993226,3.836670874887259,3.721660521205728,0.4974322498804598,0.4734129611137258,0.4145191833855094,0.013876800915619344,0.41221474998290186,1.7941030067840333e-15,5.854410076932541e-15,2.886579864025407e-14
0.133,3.4402353076276517,3.320368640446767,3.833204997593668,3.718165572096699,0.5008724851880875,0.4767333297541726,0.4141262136955438,0.013863013370403339,0.41181695305125054,2.1722482074180284e-16,4.7177898479614435e-15,6.084022174945858e-14
0.134,3.436664532931431,3.3169900683772577,3.8297331487039994,3.714668940281298,0.5043091497210189,0.48005031982254986,0.4137331450797727,0.013849239212422135,0.4114192741793445,1.6089209214889532e-15,1.0774456803869713e-14,6.838973831690964e-14
0.135,3.4331020468790157,3.3136173749331004,3.826255602276091,3.7111707688912534,0.5077422517678979,0.48336393719748294,0.4133399915243727,0.013835478435674758,0.41102172078538735,9.792870883693605e-16,2.483003795360741e-15,2.842170943040401e-14
0.136,3.429547703094326,3.3102504827940114,3.822772624454366,3.707671197007843,0.5111717994709922,0.4866741876802769,0.4129467666030133,0.013821731033956442,0.41062430007117323,2.366951566204253e-15,8.227098893287302e-15,4.3076653355456074e-14
0.137,3.426001359358341,3.306889316717016,3.8192844736927687,3.704170359772536,0.5145978008303506,0.48998107699699395,0.4125534834886769,0.013807997000864594,0.41022701902811903,1.7513997109775553e-15,8.01008254245886e-15,4.707345624410664e-14
0.138,3.4224628774868804,3.3035338034778996,3.8157914009712015,3.7006683884956413,0.5180202637078375,0.49328461080047187,0.4121601549651939,0.013794276329805505,0.4098298844431015,2.996834981788718e-15,1.4325290423387996e-15,1.509903313490213e-14
0.139,3.418932123211853,3.3001838718142795,3.8122936500067772,3.6971654107613015,0.5214391958310494,0.49658479467228617,0.41176679343840095,0.013780569014000137,0.409432902904155,4.80515972485029e-16,1.921858117821648e-15,3.5083047578154947e-14
0.14,3.4154089660664315,3.296839452370682,3.8087914574585318,3.6936615505300674,0.5248546047971158,0.49988163412465686,0.4113734109470054,0.013766875046490067,0.4090360808059937,2.412076279677283e-15,2.1040263343188015e-15,1.3322676295501878e-15
0.14100000000000001,3.411893279273536,3.293500477644737,3.80528505312712,3.6901569282385154,0.5282664980763893,0.5031751346023016,0.4109800191731546,0.013753194420143357,0.40863942435539935,1.2691480637306387e-15,1.2786577770038786e-15,1.4654943925052066e-14
0.14200000000000002,3.4083849396376924,3.290166881935298,3.8017746601488587,3.6866516608962496,0.531674883016027,0.5064653014842369,0.41058662945264285,0.013739527127659936,0.40824293957643876,4.12488945944425e-15,7.189877740302125e-15,4.929390229335695e-14
0.14300000000000002,3.4048838274402238,3.2868386012919197,3.798260495184244,3.6831458621804027,0.5350797668434671,0.5097521400855288,0.41019325278489904,0.013725873161577128,0.4078466323155519,4.45754079979508e-16,4.076886164689131e-15,1.9095836023552692e-14
0.14400000000000002,3.4013898263376583,3.2835155734655466,3.7947427686015294,3.6796396425272717,0.5384811566698048,0.5130356556589943,0.4097998998426326,0.013712232514274622,0.40745050824648976,2.2747217776876358e-15,5.687433022601809e-15,5.10702591327572e-14
0.145,3.3979028232630633,3.2801977378611156,3.791221684655152,3.6761331092218787,0.5418790594930678,0.5163158533968555,0.4094065809812434,0.013698605177979802,0.4070545728751311,6.149649230878198e-16,5.964665610540988e-16,4.884981308350689e-15
0.146,3.3944227083303953,3.2768850354908907,3.787697441659168,3.67262636648466,0.5452734822013982,0.5195927384323463,0.4090133062479121,0.013684991144772445,0.40665883154413507,8.280439747035868e-16,5.176831890717004e-15,2.708944180085382e-14
0.147,3.3909493747418242,3.27357740892981,3.7841702321559674,3.6691195155561678,0.54866443157614,0.5228663158412762,0.40862008539049754,0.013671390406589408,0.4062632894375097,4.914217522364598e-16,3.056115370778377e-15,3.907985046680551e-14
0.148,3.38748271869752,3.2702748022714796,3.780640243080172,3.665612654779329,0.5520519142948375,0.5261365906435477,0.40822692786611686,0.013657802955229599,0.4058679515850026,1.1599572202872431e-15,3.664789453530833e-15,1.3322676295501878e-14
0.149,3.384022639308584,3.2669771610858227,3.7771076559181482,3.6621058796793777,0.5554359369341461,0.5294035678046335,0.4078338428495068,0.013644228782357895,0.40547282286640757,1.6827761861698894e-15,2.842173655768832e-15,1.6431300764452317e-14
0.15,3.380569038512247,3.263684432377773,3.773572646862873,3.658599283041791,0.5588165059726583,0.5326672522370113,0.40744083924115543,0.013630667879509983,0.4050779080157442,3.243665881632914e-15,5.492549249342294e-15,3.863576125695545e-14
0.151,3.377121820989569,3.260396564547193,3.7700353869647594,3.6550929549879085,0.5621936277936479,0.5359276488015585,0.40704792567518155,0.01361712023809614,0.4046832116253044,8.90820457840571e-16,1.457984949720215e-15,2.220446049250313e-15
0.152,3.3736808940858882,3.2571135073498088,3.766496042277839,3.651586983048676,0.5655673086877337,0.5391847623089083,0.40665511052699116,0.013603585849405492,0.40428873814960375,1.171682240827764e-15,3.4736398489821697e-15,1.9539925233402755e-14
0.153,3.3702461677333067,3.2538352118594847,3.7629547740022598,3.6480814522361955,0.568937554855467,0.5424385975207678,0.40626240192072044,0.013590064704610152,0.40389449190922916,5.236964000536427e-16,1.1412399632119773e-15,9.769962616701378e-15
0.154,3.3668175543756655,3.2505616304313154,3.759411738622752,3.6445764451135383,0.5723043724098427,0.5456891591511992,0.40586980773647585,0.013576556794768636,0.403500477094544,4.282115122341534e-16,1.865817915534834e-15,0.0
0.155,3.3633949688955322,3.24729271666594,3.755867088042756,3.6410720418623272,0.5756677673787381,0.5489364518678651,0.40547733561732696,0.013563062110829822,0.40310669776935043,1.2415073787543384e-15,9.894541150210205e-15,3.552713678800501e-14
0.156,3.3599783285437437,3.2440284253748355,3.752320969715388,3.6375683203487843,0.5790277457072819,0.55218048029324,0.4050849929761519,0.013549580643636507,0.40271315787437456,5.399743348966746e-16,6.7375155901540715e-15,4.218847493575595e-14
0.157,3.3565675528705237,3.2407687125464144,3.7487735267703606,3.6340653561878615,0.5823843132601524,0.5554212490057864,0.4046927870022544,0.013536112383928883,0.40231986123073316,7.848142850580066e-16,6.224652533620623e-15,4.8405723873656825e-14
0.158,3.3531625636589717,3.2375135353133784,3.7452248981374168,3.630563222805494,0.5857374758238113,0.5586587625410998,0.4043007246677764,0.013522657322348027,0.4019268115432429,4.668881873166657e-16,2.6604523104200353e-15,2.5757174171303632e-14
0.159,3.3497632848605052,3.2342628519206578,3.7416752186662032,3.6270619914993256,0.5890872391086718,0.5618930253930204,0.4039088127339693,0.013509215449438916,0.401534012403663,9.569160991189568e-16,5.394912150627389e-15,2.708944180085382e-14
0.16,3.346369642531928,3.2310166216946112,3.7381246192430537,3.623561731497588,0.5924336087512037,0.565124042014715,0.403517057757261,0.013495786755653971,0.4011414672938615,3.601125041226135e-15,2.7881488636633367e-15,2.7977620220553945e-14
0.161,3.342981564774618,3.2277748050128086,3.7345732269039282,3.620062510016661,0.5957765903159783,0.5683518168197278,0.40312546609513333,0.013482371231355747,0.40074917958885603,2.460012154157054e-15,4.186265912315338e-15,2.5757174171303632e-14
0.162,3.33959898167546,3.224537363274772,3.731021164944873,3.616564392316545,0.5991161892976538,0.5715763541830026,0.4027340439118607,0.013468968866820379,0.4003571525598136,2.1127147572627243e-15,3.6070477735887086e-16,-5.329070518200751e-15
0.163,3.3362218252493254,3.221304258873479,3.7274685530287006,3.6130674417553603,0.602452411122903,0.574797658441876,0.40234279718408167,0.013455579652240136,0.39996538937693227,1.2509660744520164e-15,3.1188910480094983e-15,2.886579864025407e-14
0.164,3.3328500293834242,3.218075455167915,3.7239155072890227,3.609571719842071,0.6057852611522865,0.578015733897044,0.401951731706176,0.013442203577726266,0.3995738931122587,1.416132926927925e-16,3.544830620338749e-15,4.440892098500626e-16
0.165,3.3294835297833343,3.2148509164559473,3.720362140431209,3.606077286287601,0.6091147446820698,0.5812305848134999,0.4015608530955268,0.013428840633312093,0.3991826667424258,5.073105978989482e-16,5.926604320240789e-16,2.1760371282653068e-14
0.166,3.3261222639202783,3.2116306079483814,3.7168085618306215,3.6025841990549674,0.6124408669459901,0.5844422154214483,0.40117016679761736,0.013415490808955129,0.39879171315132017,6.72082450266493e-16,4.514750082739274e-15,2.886579864025407e-14
0.167,3.3227661709803304,3.2084144957435257,3.713254877627723,3.5990925144076256,0.6157636331169705,0.5876506299171917,0.4007796780909691,0.013402154094540073,0.3984010351326566,8.670686170268706e-16,6.555052191307112e-15,4.884981308350689e-14
0.168,3.3194151918149384,3.2052025468025365,3.709701190821042,3.595602286956734,0.6190830483087854,0.5908558324639943,0.40038939209196506,0.01338883047988122,0.398010635392502,2.513914983213866e-15,4.948078944703459e-15,3.064215547965432e-14
0.169,3.316069268892698,3.2019947289254063,3.706147601356827,3.592113569706972,0.6223991175776781,0.5940578271929198,0.39999931375950054,0.013375519954724684,0.39762051655172037,2.9656692409566154e-15,4.442915200002597e-15,2.886579864025407e-14
0.17,3.3127283462530466,3.1987910107276734,3.7025942062167663,3.5886264141011717,0.6257118459239311,0.5972566182036474,0.3996094478995353,0.013362222508751114,0.3972306811483461,1.7016489828048124e-15,4.0991882070755615e-15,3.597122599785507e-14
0.171,3.3093923694605523,3.1955913616178258,3.6990410995028493,3.585140870063785,0.6290212382933917,0.6004522095652652,0.3992197991694954,0.013348938131577465,0.39684113163990214,1.3131040186030548e-15,3.747049023969158e-15,0.0
0.17200000000000001,3.306061285561383,3.1923957517751727,3.6954883725198338,3.581656986042882,0.6323272995789532,0.6036446053170405,0.39883037208253647,0.013335666812759798,0.3964518704056328,1.2467704096854595e-15,6.493969818029555e-15,3.241851231905457e-14
0.17300000000000001,3.30273504304031,3.189204152128543,3.6919361138555873,3.5781748090513,0.6356300346219935,0.606833809469169,0.39844117101171844,0.013322408541794976,0.3960628997487109,9.096648874521855e-16,6.981217907765977e-16,6.661338147750939e-15
0.17400000000000002,3.2994135917794973,3.1860165343353954,3.6883844094588834,3.5746943847065604,0.6389294482137731,0.6100198260035044,0.3980522001940411,0.013309163308123036,0.395674221898342,2.4531926844421478e-15,1.071495636478363e-15,1.4654943925052066e-14
0.17500000000000002,3.2960968830180213,3.1828328707616382,3.6848333427152276,3.5712157572695395,0.6422255450967911,0.613202658874266,0.39766346373434436,0.013295931101128958,0.39528583901183145,1.310634622503922e-15,2.2305709716558826e-15,9.325873406851315e-15
0.176,3.29278486931299,3.1796531344620003,3.681282994520138,3.5677389696822472,0.645518329966104,0.616382312008728,0.397274965609136,0.013282711910144915,0.3948977531766106,3.543634259785029e-16,4.239881011212279e-15,4.1300296516055823e-14
0.177,3.2894775045015945,3.176477299160903,3.677733443350938,3.56426406360449,0.6488078074706056,0.6195587893078889,0.3968867096702874,0.013269505724451923,0.39450996641216796,4.528154534822347e-16,3.574316880071486e-15,4.218847493575595e-14
0.178,3.286174743664125,3.173305339233841,3.6741847653358644,3.5607910794495274,0.6520939822142697,0.6227320946471228,0.396498699648616,0.013256312533281831,0.3941224806719527,1.9716496851287102e-15,4.1312322874492995e-16,-1.3322676295501878e-15
0.179,3.2828765430883844,3.1701372296893306,3.670637034321605,3.557320056418693,0.6553768587573581,0.625902231876812,0.39611093915738216,0.013243132325819073,0.3937352978452197,3.3724355224510453e-15,3.230186804287354e-15,2.3092638912203256e-14
0.18,3.2795828602348185,3.166972946151473,3.6670903219388,3.5538510325352397,0.6586564416175928,0.6290692048229635,0.39572343169567825,0.013229965091202346,0.39334841975883905,9.83947629662985e-16,5.662249806508044e-15,3.108624468950438e-14
0.181,3.2762936537028216,3.1638124648427746,3.6635446976656785,3.5503840446769113,0.6619327352712957,0.6322330172878062,0.3953361806517159,0.013216810818526572,0.39296184817900476,3.0304612506367496e-17,2.4390993997000927e-15,2.4424906541753444e-14
0.182,3.273008883198133,3.1606557625675356,3.6600002288898392,3.546919128607964,0.6652057441544938,0.6353936730503738,0.39494918930602435,0.013203669496844157,0.3925755848129628,1.933789983431825e-15,6.995785271853888e-15,7.327471962526033e-14
0.183,3.2697285095007986,3.157502816695919,3.6564569809683087,3.5434563190101827,0.6684754726639947,0.6385511758670697,0.3945624608345582,0.013190541115166753,0.39218963131065027,5.465403954502598e-16,1.7780706455858724e-15,2.7533531010703882e-14
0.184,3.2664524944344633,3.1543536051480032,3.6529150172858276,3.5399956495128846,0.6717419251584291,0.6417055294722177,0.3941759983117038,0.013177425662466968,0.39180398926628723,6.610433221504013e-16,3.998689536784777e-15,4.1300296516055823e-14
0.185,3.2631808008363024,3.151208106378788,3.6493743993116188,3.5365371527222553,0.6750051059592654,0.6448567375785965,0.39378980471323033,0.013164323127679494,0.3914186602199407,3.125889626500162e-15,3.924117634995595e-15,2.3092638912203256e-14
0.186,3.2599133925279125,3.1480662993632698,3.6458351866543595,3.5330808602498838,0.6782650193517934,0.6480048038779598,0.3934038829191015,0.013151233499702953,0.3910336456590558,8.298119874364924e-16,7.541676413576109e-16,-1.687538997430238e-14
0.187,3.256650234287094,3.1449281635820117,3.642297437115602,3.529626802740462,0.6815216695860805,0.6511497320415418,0.39301823571627403,0.013138156767400903,0.3906489470198949,3.962581192039248e-16,1.4940841232492382e-16,1.3766765505351941e-14
0.188,3.2533912918203085,3.1417936790072587,3.638761206741778,3.5261750098986364,0.6847750608779009,0.654291525720549,0.3926328658013528,0.013125092919603813,0.39026456568900497,1.4492732738820074e-15,5.588621844286453e-16,1.865174681370263e-14
0.189,3.250136531736054,3.1386628260892344,3.6352265498746914,3.5227255105152815,0.6880251974096369,0.6574301885466383,0.392247775783215,0.01311204194510948,0.3898805030045802,8.704094715336966e-16,7.122621470685793e-15,6.661338147750939e-14
0.19,3.2468859215189596,3.1355355857430443,3.631693519200466,3.5192783324928607,0.6912720833311559,0.6605657241323813,0.3918629681855324,0.013099003832685361,0.389496760257831,1.6431586877611766e-15,4.519092644908813e-15,1.3766765505351941e-14
0.191,3.2436394295046287,3.132411939335548,3.628162165797122,3.5158335028702035,0.6945157227606605,0.6636981360717169,0.39147844544923915,0.013085978571068958,0.38911333869429476,1.9890096777077316e-16,6.6234444613211e-15,5.284661597215745e-14
0.192,3.240397024855198,3.1292918686732034,3.624632539180885,3.512391047846723,0.6977561197855158,0.6668274279403901,0.39109420993491406,0.013072966148969398,0.38873023951512137,1.1026780909365723e-15,4.5595626774063095e-15,2.7533531010703882e-14
0.193,3.237158677535784,3.1261753559896417,3.6211046873511203,3.508950992805567,0.7009932784630516,0.6699536032963798,0.3907102639251015,0.013059966555068851,0.3883474638783055,9.351235375588532e-16,6.9686530725292975e-15,2.531308496145357e-14
0.194,3.2339243582910733,3.1230623839340113,3.6175786568338655,3.5055133623364783,0.7042272028213427,0.6730766656803138,0.39032660962655585,0.013046979778023191,0.38796501289990326,8.516383983841856e-16,2.5099084101878993e-15,3.730349362740526e-14
0.195,3.230694038623372,3.119952935559425,3.61405449272429,3.502078180258067,0.7074578968599661,0.6761966186158732,0.3899432491724554,0.013034005806463283,0.3875828876552043,3.5020342128782303e-15,5.3417590933265385e-15,4.4853010194856324e-14
0.196,3.227467690770628,3.1168469943118,3.610532238727971,3.498645469638999,0.7106853645507367,0.679313465610185,0.3895601846244975,0.01302104462899627,0.38720108917987967,1.4913539925429562e-15,2.300638060752962e-15,2.6645352591003757e-14
0.197,3.224245287685439,3.1137445440190716,3.607011937200556,3.4952152528192113,0.7139096098384221,0.682427210154204,0.38917741797498284,0.013008096234206384,0.3868196184710765,1.5235890724996377e-15,1.1514479576100561e-15,1.1102230246251565e-14
0.198,3.221026803014492,3.110645568880492,3.603493629187018,3.4917875514300243,0.7171306366414366,0.6855378557230846,0.3887949511488093,0.012995160610656017,0.38643847648852686,1.6791247902309216e-15,4.793135850825178e-15,3.8191672047105385e-14
0.199,3.2178122110787064,3.107550053456569,3.5999773544590723,3.4883623864139968,0.7203484488525154,0.6886454057765411,0.388412786005431,0.012982237746886753,0.3860576641555701,9.714512573912376e-16,2.609771518401492e-15,8.43769498715119e-15
0.2,3.2146014868539297,3.104457982658908,3.596463151551971,3.4849397780441795,0.7235630503393693,0.6917498637592,0.3880309243407326,0.012969327631420145,0.3856771823601844,1.0572925952821949e-15,4.01407513507388e-15,1.1102230246251565e-14
0.201,3.211394605952113,3.1013693417406842,3.592951057800065,3.4815197459427214,0.7267744449453214,0.6948512331009407,0.38764936788888527,0.012956430252758997,0.38529703195598347,2.4720025555926985e-16,2.040898192773862e-15,-1.0658141036401503e-14
0.202,3.2081915446031517,3.0982841162870263,3.589441109371462,3.4781023090990817,0.7299826364899246,0.6979495172172276,0.3872681183241174,0.012943545599387736,0.3849172137631698,1.940873040466948e-15,5.921228094101498e-15,3.952393967665557e-14
0.203,3.204992279637082,3.095202292206098,3.5859333413014305,3.4746874858876584,0.7331876287695617,0.7010447195094337,0.3868871772624545,0.012930673659773996,0.3845377285694882,1.315821407027179e-15,3.514691125598273e-16,1.0658141036401503e-14
0.20400000000000001,3.2017967884670204,3.092123855719931,3.582427787525214,3.471275294085045,0.7363894255580287,0.7041368433651536,0.3865065462633951,0.012917814422368673,0.3841585771311244,4.3387119759613196e-15,6.0608060537567385e-15,3.375077994860476e-14
0.20500000000000002,3.1986050490724227,3.089048793355974,3.5789244809095555,3.4678657508865203,0.7395880306071011,0.7072258921585095,0.38612622683155823,0.012904967875607378,0.38377976017359483,3.7225363000998646e-16,1.1285143206028752e-15,4.884981308350689e-15
0.20600000000000002,3.195417039982689,3.085977091938508,3.575423453283675,3.4644588729225405,0.7427834476470838,0.710311869250448,0.38574622041825485,0.012892134007910793,0.3834012783926094,2.949893592114942e-16,5.960569605667748e-15,3.8191672047105385e-14
0.20700000000000002,3.1922327402617756,3.082908738580662,3.571924735468975,3.4610546762743675,0.7459756803873456,0.7133947779890286,0.3853665284230488,0.012879312807685835,0.38302313245491615,1.7095059632147165e-16,1.8364421861202554e-15,2.3092638912203256e-14
0.20800000000000002,3.1890521294925938,3.079843720676186,3.5684283573081723,3.457653176489382,0.7491647325168382,0.7164746217097048,0.38498715219523416,0.012866504263326082,0.3826453229991024,4.355733333673278e-16,4.366844320179191e-15,4.3520742565306136e-14
0.209,3.1858751877621954,3.0767820258920215,3.5649343476934856,3.4542543885961567,0.7523506077046004,0.7195514037355968,0.3846080930353009,0.012853708363212625,0.3822678506364006,3.1142874351766714e-17,5.222870732890896e-16,-4.440892098500626e-16
0.21,3.182701895647574,3.073723642160485,3.5614427345940642,3.450858327118753,0.755533309600248,0.7226251273777573,0.3842293521963559,0.01284092509571486,0.3818907159514407,3.9746093420154835e-16,4.8902007485170625e-15,3.907985046680551e-14
0.211,3.1795322342013272,3.0706685576722017,3.557953545082522,3.4474650060909653,0.7587128418344493,0.7256957959354295,0.383850930885475,0.012828154449190995,0.3815139195030238,1.5133929100547357e-15,6.6018282896575365e-16,2.708944180085382e-14
0.212,3.1763661849383014,3.067616760868824,3.55446680536087,3.444074439070042,0.7618892080193876,0.7287634126962984,0.38347283026505136,0.012815396411988821,0.38113746182482233,2.8033041779944766e-15,3.989173338961317e-15,3.597122599785507e-14
0.213,3.1732037298222346,3.0645682404362535,3.5509825407855153,3.44068663914988,0.7650624117492099,0.7318279809367346,0.3830950514540896,0.012802650972446365,0.38076134342610835,2.2901784399030923e-15,1.3068331182995656e-15,-2.220446049250313e-15
0.214,3.170044851253027,3.061522985297764,3.5475007758917667,3.4373016189740797,0.7682324566004629,0.7348895039220323,0.3827175955294495,0.012789918118892407,0.38038556479243085,6.885102522807347e-16,3.58521798183583e-15,1.6431300764452317e-14
0.215,3.166889532054121,3.058480984607673,3.5440215344175043,3.4339193907485397,0.771399346132517,0.73794798490664,0.3823404635270866,0.012777197839647399,0.3800101263862902,4.2604236425397085e-15,2.828968988509811e-16,2.220446049250313e-14
0.216,3.163737755460574,3.055442227744787,3.540544839325976,3.4305399662537144,0.7745630838879776,0.7410034271343848,0.3819636564432203,0.012764490123023617,0.3796350286477797,5.565939588791677e-16,5.032434602933429e-15,5.3290705182007514e-14
0.217,3.160589505107158,3.052406704306435,3.5370707128284593,3.427163356856434,0.7777236733930847,0.7440558338386912,0.38158717523549934,0.012751794957325934,0.37926027199523216,2.5973740065339494e-15,1.4982599176717492e-15,3.1086244689504383e-15
0.218,3.1574447650169923,3.0493744041022186,3.533599176405792,3.423789573521576,0.7808811181581017,0.7471052082427935,0.3812110208241094,0.012739112330852531,0.3788858568258124,6.676546516880689e-16,5.390943978314855e-15,4.39648317751562e-14
0.219,3.1543035195904947,3.046345317148453,3.5301302508294117,3.4204186268232433,0.7840354216776921,0.7501515535599419,0.3808351940928712,0.012726442231895093,0.37851178351613807,1.305171544622718e-15,4.187170805746139e-15,4.4853010194856324e-14
0.22,3.151165753594547,3.04331943366226,3.5266639561818995,3.4170505269558435,0.7871865874312867,0.7531948729936041,0.3804596958902838,0.012713784648739762,0.3781380524228437,7.634100861797955e-16,3.638956397545385e-15,2.6645352591003757e-14
0.221,3.1480314521519746,3.040296744056177,3.5232003118768778,3.4136852837445204,0.7903346188834386,0.7562351697376603,0.38008452703055867,0.012701139569667152,0.3777646638831553,7.090149819145168e-16,4.1954298147703615e-15,2.886579864025407e-14
0.222,3.144900600731575,3.037277238932785,3.519739336678254,3.410322906655688,0.7934795194841702,0.759272446976593,0.3797096882946128,0.012688506982953221,0.3773916182154309,8.122261380604932e-16,6.014495090749115e-15,3.241851231905457e-14
0.223,3.141773185137989,3.034260909079477,3.5162810487190623,3.4069634048069215,0.7966212926693081,0.7623067078856725,0.3793351804310313,0.012675886876869706,0.37701891571970275,8.051315220737178e-16,2.6639773158423564e-15,2.353672812205332e-14
0.224,3.138649191502429,3.0312477454633626,3.5128254655196605,3.4036067869769204,0.7997599418608106,0.7653379556311358,0.37896100415701606,0.012663279239684239,0.37664655667819213,1.9990064122685628e-15,4.3709480739374376e-15,9.325873406851315e-15
0.225,3.1355286062729864,3.0282377392264177,3.5093726040053768,3.4002530616148112,0.8028954704670835,0.7683661933703623,0.3785871601592818,0.012650684059661304,0.37627454135580374,1.977246273589647e-16,3.493677131739009e-15,9.769962616701378e-15
0.226,3.1324114162059775,3.025230881680583,3.5059224805237474,3.396902236849543,0.8060278818832896,0.7713914242520429,0.37821364909496424,0.012638101325062353,0.37590287000063194,7.916768202896062e-16,4.069082856326983e-15,1.2878587085651816e-14
0.227,3.1292976083568473,3.0222271643032306,3.502475110861203,3.3935543204987755,0.8091571794916464,0.7744136514163461,0.37784047159246165,0.012625531024146179,0.3755315428444403,1.2837787871178607e-15,4.5883685510239094e-15,3.2862601528904634e-14
0.228,3.1261871700718467,3.019226578732552,3.4990305102592347,3.390209320077657,0.8122833666617183,0.7774328779950787,0.37746762825227115,0.012612973145169628,0.37516056010309334,1.3643662128383314e-15,4.322725395822002e-15,4.263256414560601e-14
0.229,3.1230800889796297,3.016229116763209,3.4955886934303093,3.386867242807397,0.815406446750698,0.7804491071118419,0.37709511964781955,0.012600427676387568,0.3747899219770497,2.0803250751330904e-15,6.2774149080460226e-15,3.375077994860476e-14
0.23,3.119976352983282,3.013234770342003,3.4921496745729645,3.3835280956232365,0.8185264231036813,0.7834623418821839,0.3767229463262325,0.012587894606053713,0.37441962865176764,2.5433572511714802e-15,3.9375101725135464e-16,2.6645352591003757e-15
0.231,3.116875950252438,3.0102435315637024,3.4887134673867037,3.380191885182833,0.8216432990539337,0.7864725854137475,0.37635110880909806,0.012575373922420682,0.37404968029814767,1.0660798507136389e-15,3.7771715976114636e-15,2.3092638912203256e-14
0.232,3.113778869215708,3.007255392667113,3.4852800850865906,3.3768586178738444,0.8247570779231495,0.7894798408064146,0.3759796075932285,0.012562865613740693,0.3736800770729421,5.972742850939199e-16,5.161750448880129e-15,2.7533531010703882e-14
0.233,3.110685098553376,3.0042703460310305,3.4818495404170253,3.373528299821553,0.8278677630217028,0.7924841111524457,0.37560844315136593,0.012550369668265367,0.37331081911915054,4.990161158228161e-15,5.504172023053149e-15,2.531308496145357e-14
0.234,3.1075946271901356,3.0012883841704694,3.4784218456656353,3.3702009368962504,0.830975357648893,0.7954853995366161,0.3752376159328883,0.01253788607424664,0.37294190656642706,2.880548490611441e-15,1.2188665506977546e-15,-1.199040866595169e-14
0.23500000000000001,3.1045074442881972,2.9983094997328807,3.4749970126761984,3.366876534720488,0.8340798650931812,0.798483709036349,0.3748671263644993,0.012525414819936763,0.37257333953144006,5.670928238272064e-16,3.2809991637954205e-15,7.549516567451064e-15
0.23600000000000002,3.101423539240496,2.9953336854946326,3.471575052861686,3.3635550986758145,0.8371812886324217,0.8014790427218437,0.3744969748508788,0.012512955893588706,0.37220511811825757,3.0381364577570604e-16,4.043409919763898e-15,3.774758283725532e-14
0.23700000000000002,3.0983429016641826,2.992360934357471,3.4681559772166732,3.3602366339098593,0.8402796315340859,0.8044714036562012,0.374127161775327,0.012500509283456515,0.3718372424187043,2.480923146873625e-16,5.963724516379333e-15,3.3306690738754696e-14
0.23800000000000002,3.095265521394245,2.9893912393450766,3.4647397963294737,3.3569211453426826,0.8433748970554802,0.8074607948955462,0.37375768750039107,0.012488074977795463,0.3714697125127084,3.204347483182778e-16,2.9765391526962514e-15,2.708944180085382e-14
0.23900000000000002,3.0921913884772323,2.986424593599692,3.4613265203938623,3.3536086376733314,0.8464670884439575,0.8104472194891459,0.3733885523684753,0.012475652964862666,0.37110252846863334,2.9589255280665135e-15,7.440421699224265e-15,4.3520742565306136e-14
0.24,3.0891204931653324,2.9834609903790743,3.457916159220586,3.350299115385898,0.8495562089371228,0.8134306804795249,0.3730197567024176,0.012463243232916898,0.3707356903436274,7.304275941703384e-16,5.2358082621697734e-15,1.8207657603852567e-14
0.241,3.0860528259105733,2.980500423053138,3.454508722248369,3.346992582755775,0.8526422617630334,0.816411180902578,0.37265130080608044,0.012450845770219324,0.3703691981839249,3.21383766517911e-16,1.4843917075869147e-15,1.554312234475219e-14
0.242,3.0829883773589684,2.9775428851010415,3.451104218554716,3.3436890438554108,0.8557252501403924,0.819388723787679,0.3722831849648853,0.0124384605650334,0.37000305202517,2.0186725866077723e-15,9.629025693431605e-16,-4.440892098500626e-16
0.243,3.079927138345228,2.974588370108157,3.4477026568664635,3.3403885025600633,0.8588051772787376,0.8223633121577871,0.3719154094463647,0.012426087605625507,0.36963725189271807,1.6905955818648308e-15,2.8250892679343883e-15,2.4868995751603507e-14
0.244,3.0768690998872894,2.971636871763258,3.444304045569857,3.3370909625532894,0.8618820463786249,0.8253349490295504,0.37154797450068133,0.012413726880264648,0.3692717978019281,1.5713877675837357e-15,1.8048533816360738e-15,4.618527782440651e-14
0.245,3.073814253181146,2.9686883838556564,3.440908392720419,3.3337964273325684,0.864955860631806,0.8283036374134061,0.37118088036114294,0.012401378377223365,0.368906689758452,1.7020001076714331e-15,7.15994379073096e-16,2.6645352591003757e-14
0.246,3.0707625895957236,2.9657429002724442,3.437515706052673,3.330504900214321,0.8680266232214017,0.8312693803136785,0.3708141272446851,0.012389042084777422,0.3685419277585097,3.0036442046894243e-15,6.750332733998629e-15,3.5083047578154947e-14
0.247,3.0677141006682342,2.9628004149959755,3.4341259929893035,3.327216384339116,0.8710943373220699,0.8342321807286744,0.3704477153523649,0.012376717991206399,0.36817751178916536,8.97133331632078e-16,3.4702640653157007e-15,1.8207657603852567e-14
0.248,3.0646687780990387,2.9598609221010905,3.4307392606502574,3.32393088267665,0.874159006100169,0.8371920416507755,0.37008164486981115,0.012364406084793642,0.36781344182858855,4.101762264048187e-15,9.227000240923416e-15,6.084022174945858e-14
0.249,3.0616266137473547,2.956924415752832,3.4273555158616618,3.3206483980305563,0.8772206327139163,0.8401489660665283,0.3697159159676991,0.01235210635382666,0.3674497178463126,1.0284775206048821e-15,7.556066571640037e-15,5.684341886080802e-14
0.25,3.058587599626529,2.953990890203861,3.4239747651640866,3.317368933043186,0.8802792203135428,0.8431029569567322,0.36935052880216246,0.012339818786597193,0.3670863398034748,4.2152469892503323e-16,4.526408340805377e-15,2.6201263381153694e-14
0.251,3.0555517278999154,2.9510603397920514,3.4205970148211344,3.3140924901999793,0.8833347720414427,0.8460540172965243,0.36898548351524096,0.012327543371401645,0.3667233076530642,1.8338202547546085e-15,3.66825674165537e-15,1.1102230246251565e-14
0.252,3.0525189908764108,2.948132758938353,3.417222270827276,3.3108190718341293,0.8863872910323192,0.8490021500554626,0.3686207802352887,0.012315280096541035,0.3663606213401692,3.573795411300595e-16,6.983285400434401e-15,3.419486915845482e-14
0.253,3.0494893810064974,2.9452081421444776,3.4138505389158085,3.3075486801307186,0.8894367804133256,0.8519473581976071,0.36825641907738066,0.01230302895032117,0.36599828080218355,2.0894830783898395e-15,3.61677309912286e-15,2.0872192862952943e-14
0.254,3.046462890878044,2.942286483990616,3.410481824566391,3.3042813171310237,0.8924832433042037,0.8548896446815978,0.3678924001436917,0.012290789921053157,0.36563628596904263,4.435381711040506e-15,4.636735274443859e-15,1.8207657603852567e-14
0.255,3.0434395132127543,2.9393677791335033,3.4071161330122965,3.3010169847365676,0.8955266828174164,0.8578290124607313,0.36752872352389243,0.012278562997053146,0.3652746367634406,1.205660456158642e-15,4.607687724023792e-15,1.9984014443252818e-14
0.256,3.040419240862089,2.936452022304234,3.4037534692479374,3.2977556847130716,0.8985671020582785,0.8607654644830355,0.3671653892955064,0.012266348166642864,0.3649133331010331,2.13645344088376e-15,2.920527067323134e-15,3.241851231905457e-14
0.257,3.0374020668037587,2.933539208306298,3.400393838035406,3.294497418694305,0.9016045041250823,0.8636990036913418,0.36680239752427535,0.012254145418149618,0.36455237489064246,1.2325313236014404e-15,4.861126021633099e-15,4.3520742565306136e-14
0.258,3.0343879841381343,2.9306293320136763,3.397037243911538,3.2912421881858434,0.9046388921092204,0.8666296330233555,0.36643974826450226,0.012241954739906327,0.36419176203447207,1.1357028885942001e-15,4.7394365422198256e-15,1.2878587085651816e-14
0.259,3.0313769860847803,2.9277223883688666,3.3936836911943025,3.287989994568666,0.9076702690953052,0.8695573554117244,0.3660774415593904,0.012229776120252018,0.36383149442827223,1.243146939274976e-15,2.709722288490632e-15,2.7533531010703882e-14
0.26,3.028369065979145,2.924818372381144,3.3903331839892523,3.284740839102855,0.9106986381612844,0.8724821737841055,0.3657154774413825,0.012217609547531571,0.3634715719615494,2.5788044550346014e-15,2.754651917429922e-15,2.3092638912203256e-14
0.261,3.0253642172692357,2.9219172791246772,3.386985726195703,3.2814947229308444,0.9137240023785537,0.8754040910632302,0.36535385593245673,0.012205455010096278,0.36311199451774356,1.647149161448533e-15,5.354047727677378e-15,3.375077994860476e-14
0.262,3.0223624335124355,2.9190191037368667,3.3836413215127994,3.278251647080836,0.9167463648120661,0.8783231101669671,0.3649925770444559,0.012193312496303703,0.3627527619743993,3.5928578015503824e-15,3.276565962473704e-15,3.241851231905457e-14
0.263,3.019363708372678,2.916123841416633,3.380299973445223,3.275011612470151,0.9197657285204387,0.8812392340083837,0.36463164077938076,0.012181181994517929,0.3623938742033457,1.6996728685529715e-15,3.2967574445747365e-15,1.8207657603852567e-14
0.264,3.0163680356169578,2.9132314874227325,3.376961685308997,3.2717746199082,0.9227820965560557,0.8841524654958064,0.3642710471296899,0.012169063493109573,0.3620353310708616,2.465729096339088e-16,3.579969365409431e-15,3.1530333899354446e-14
0.265,3.013375409113038,2.910342037072229,3.373626460236979,3.2685406700997586,0.9257954719651688,0.8870628075328786,0.363910796078565,0.012156956980456001,0.3616771324378326,2.797255659611745e-16,6.581093299186645e-15,5.3734794391857577e-14
0.266,3.0103858228261653,2.907455485738933,3.3702943011841118,3.2653097636478217,0.928805857787995,0.8899702630186175,0.36355088760020715,0.012144862444941626,0.36131927815992293,2.8329626906534033e-15,6.2901003096932405e-15,3.3306690738754696e-14
0.267,3.007399270816585,2.90457182885182,3.366965210932753,3.262081901056586,0.9318132570588116,0.8928748348474693,0.3631913216600891,0.012132779874957738,0.36096176808771974,1.7888393646107553e-15,5.904931286675393e-15,4.218847493575595e-14
0.268,3.0044157472366884,2.9016910618936373,3.3636391920976565,3.25885708273422,0.9348176728060482,0.895776525909363,0.36283209821523055,0.012120709258902693,0.3606046020668799,3.16038220917402e-15,2.955387270479067e-15,2.9753977059954195e-14
0.269,3.0014352463286964,2.8988131803994817,3.3603162471307986,3.255635308995666,0.9378191080523769,0.8986753390897625,0.36247321721442916,0.012108650585182198,0.36024777993828216,4.460297701216991e-16,2.233653379787828e-15,-1.7319479184152442e-14
0.27,2.998457762421902,2.8959381799553015,3.3569963783263734,3.252416580065284,0.9408175658147988,0.9015712772697178,0.36211467859852525,0.012096603842209284,0.35989130153817506,2.563073495222117e-16,1.6555633440178615e-15,3.552713678800501e-15
0.271,2.9954832899303705,2.893066056196693,3.3536795878251744,3.2492008960793872,0.9438130491047292,0.9044643433259144,0.36175648230062996,0.012084569018404337,0.35953516669829105,1.0345195064396469e-15,7.893064383857264e-15,4.1300296516055823e-14
0.272,2.992511823350549,2.890196804807594,3.3503658776191787,3.245988257088909,0.9468055609280798,0.907354540130722,0.3613986282463609,0.0120725461021953,0.359179375246008,1.068680074117896e-15,2.1034800685225365e-15,1.9539925233402755e-14
0.273,2.9895433572589627,2.887330421518776,3.3470552495559573,3.2427786630617303,0.9497951042853388,0.9102418705522408,0.36104111635406205,0.012060535082017949,0.3588239270044679,2.7365368272222823e-16,6.7275274388559706e-15,3.1530333899354446e-14
0.274,2.9865778863099615,2.8844669021069596,3.3437477053427958,3.2395721138851328,0.9527816821716487,0.9131263374543478,0.3606839465350299,0.012048535946315584,0.35846882179268846,2.5732289631471685e-16,5.440468647196593e-15,1.554312234475219e-14
0.275,2.9836154052335866,2.881606242393274,3.34044324655097,3.2363686093680584,0.9557652975768823,0.9160079436967411,0.3603271186937135,0.012036548683539415,0.35811405942571495,3.7390274598824675e-16,3.867842669841289e-15,1.9539925233402755e-14
0.276,2.9806559088334987,2.8787484382423147,3.337141874619618,3.233168149243456,0.9587459534857158,0.9188866921349834,0.35997063272792723,0.012024573282148624,0.3577596397147121,1.339064337690353e-15,7.185341348768883e-15,1.687538997430238e-14
0.277,2.9776993919848516,2.8758934855609333,3.333843590859603,3.2299707331703473,0.9617236528777007,0.9217625856205444,0.35961448852905153,0.012012609730610446,0.35740556246710314,3.0720719562990475e-15,5.92926337632358e-16,7.993605777301127e-15
0.278,2.974745849632347,2.873041380297005,3.3305483964574525,3.226776360736124,0.964698398727333,0.9246356270008413,0.35925868598222893,0.012000658017400058,0.3570518274866641,3.1417805002389517e-15,1.0390783740597122e-14,5.81756864903582e-14
0.279,2.9717952767883586,2.870192118438687,3.327256292478793,3.2235850314584273,0.9676701940041214,0.92750581911928,0.3589032249665363,0.01198871813100104,0.3566984345736448,2.0854702174859458e-16,2.686369215506119e-15,6.217248937900877e-15
0.28,2.968847668530931,2.8673456960129133,3.3239672798721016,3.2203967447873474,0.9706390416726522,0.9303731648152929,0.35854810535519815,0.011976790059904993,0.35634538352487033,1.5865256553224581e-16,4.852317993704534e-15,2.5757174171303632e-14
0.281,2.9659030200021115,2.864502109084809,3.320681359472042,3.217211500107205,0.9736049446926544,0.9332376669243777,0.35819332701572726,0.011964873792612013,0.3559926741338465,1.9642234721098956e-15,3.9771461585222516e-15,3.730349362740526e-14
0.28200000000000003,2.9629613264060364,2.861661353756401,3.317398532002865,3.2140292967386457,0.9765679060190604,0.9360993282781341,0.3578388898101281,0.01195296931763061,0.355640306190865,7.53000214266823e-17,6.019122546183372e-15,1.865174681370263e-14
0.28300000000000003,2.9600225830073765,2.8588234261657774,3.3141187980816182,3.2108501339402564,0.9795279286020678,0.9389581517042999,0.35748479359505453,0.0119410766234778,0.3552882794830893,3.7687270095033625e-16,6.699338245262615e-15,2.042810365310288e-14
0.28400000000000003,2.957086785129546,2.8559883224862235,3.3108421582214436,3.2076740109106194,0.9824850153871973,0.9418141400267861,0.35713103822196446,0.011929195698678993,0.35493659379466536,7.125751741048904e-16,3.262130743803849e-15,4.884981308350689e-15
0.28500000000000003,2.954153928153083,2.853156038925111,3.30756861283444,3.2045009267898443,0.9854391693153505,0.9446672960657112,0.35677762353728276,0.011917326531768278,0.3545852489068021,8.89502640652833e-16,3.2220537190973085e-15,2.9753977059954195e-14
0.28600000000000003,2.9512240075141882,2.8503265717232127,3.304298162234845,3.201330880661452,0.9883903933228647,0.9475176226374344,0.3564245493825599,0.011905469111288682,0.3542342445978625,1.2179767886152857e-15,5.644177499715734e-15,2.042810365310288e-14
0.28700000000000003,2.9482970187030575,2.8474999171537534,3.301030806641808,3.1981638715538496,0.9913386903415677,0.9503651225545882,0.3560718155946214,0.011893623425791608,0.35388358064346365,6.810604797575565e-16,2.5601861366260776e-15,1.7763568394002505e-15
0.28800000000000003,2.945372957262492,2.844676071521567,3.297766546182294,3.194999898442076,0.9942840632988302,0.9532097986261098,0.35571942200570117,0.011881789463837404,0.35353325681654457,7.743158652615882e-16,3.4748765568553426e-16,-4.440892098500626e-15
0.289,2.942451818786508,2.8418550311622908,3.2945053808937286,3.1918389602492825,0.9972265151176167,0.9560516536572721,0.35536736844359734,0.011869967213995419,0.3531832728874554,3.70691556362362e-16,1.3913271170027306e-16,1.687538997430238e-14
0.29,2.9395335989187505,2.839036792441616,3.291247310726726,3.1886810558483023,1.0001660487165356,0.9588906904497136,0.35501565473178637,0.011858156664843824,0.3528336286240497,4.553899910101312e-16,9.835979170176623e-16,1.687538997430238e-14
0.291,2.936618293351277,2.836221351754454,3.2879923355476315,3.185526184063095,1.0031026670098868,0.9617269118014681,0.35466428068959127,0.011846357804969676,0.35248432379174105,2.296087033363975e-15,8.643322773001188e-15,4.574118861455645e-14
0.292,2.9337058978232573,2.833408705524298,3.284740455141033,3.1823743436701735,1.00603637290771,0.9645603205069924,0.354313246132273,0.011834570622969158,0.3521353581535952,2.780001799913858e-15,5.232993850173968e-15,3.2862601528904634e-14
0.293,2.930796408119573,2.8305988502023287,3.2814916692121967,3.179225533400032,1.0089671693158295,0.9673909193571947,0.3539625508711807,0.011822795107447498,0.3517867314703972,1.5055630053658011e-15,5.456434146468406e-15,3.597122599785507e-14
0.294,2.927889820069694,2.827791782266872,3.278245977389424,3.1760797519384925,1.0118950591358993,0.9702187111394616,0.35361219471386157,0.01181103124701916,0.35143844350072456,2.285980206460142e-16,6.484294701424619e-15,2.886579864025407e-14
0.295,2.92498612954639,2.824987498222652,3.275003379226381,3.172936997927997,1.0148200452654457,0.9730436986376843,0.35326217746418276,0.011799279030307558,0.351090494001023,3.4577902798535646e-15,1.9507142330046723e-15,5.329070518200751e-15
0.296,2.922085332464592,2.8221859946000247,3.271763874204267,3.169797269968903,1.0177421305979102,0.9758658846322843,0.35291249892244003,0.01178753844594555,0.3507428827256509,1.6033564746874343e-15,2.6531474082625124e-15,2.353672812205332e-14
0.297,2.9191874247802003,2.819387267954535,3.2685274617340014,3.1666605666207963,1.0206613180226904,0.9786852719002388,0.3525631588854866,0.011775809482575174,0.3503956094269853,4.840307534854051e-16,5.486849622763636e-15,3.1530333899354446e-14
0.298,2.9162924024890717,2.816591314866112,3.2652941411583742,3.1635268864035395,1.0235776104251795,0.9815018632151049,0.352214157146818,0.011764092128847685,0.3500486738554459,1.4960310150244941e-15,3.9569016013262114e-15,2.6645352591003757e-14
0.299,2.913400261625882,2.81379813193853,3.2620639117539905,3.160396227798634,1.0264910106868053,0.9843156613470434,0.3518654934966893,0.011752386373423731,0.34970207575958634,1.0210312133598248e-15,6.902894719970057e-15,2.6645352591003757e-14
0.3,2.9105109982630606,2.811007715798799,3.2588367727333725,3.1572685892502372,1.0294015216850683,0.9871266690628422,0.35151716772222036,0.011740692204973518,0.34935581488613543,2.1037037615449975e-15,3.0328979992373593e-15,2.708944180085382e-14
0.301,2.9076246085097743,2.8082200630965803,3.25561272324676,3.1541439691663555,1.032309146293578,0.9899348891259387,0.35116917960748417,0.011729009612176438,0.3490098909800654,1.6368871150270544e-15,3.739879901474523e-15,1.8207657603852567e-14
0.302,2.9047410885110745,2.805435170503646,3.2523917623840783,3.1510223659198195,1.035213887382089,0.9927403242964424,0.35082152893361007,0.011717338583721391,0.3486643037846494,1.4080929700860393e-15,2.8627413669424136e-15,1.4654943925052066e-14
0.303,2.9018604344466388,2.8026530347132588,3.2491738891767445,3.1479037778495,1.0381157478165357,0.9955429773311557,0.3504742154788795,0.011705679108306916,0.3483190530415145,1.5376227254119236e-16,8.517377892349168e-15,3.108624468950438e-14
0.304,2.898982642530253,2.7998736524397674,3.245959102599323,3.1447882032611223,1.041014730459066,0.9983428509835954,0.3501272390188103,0.01169403117464095,0.3479741384906934,6.584122765724309e-16,4.236430383987836e-15,3.375077994860476e-14
0.305,2.896107709008538,2.797097020417959,3.242747401571388,3.141675640428491,1.0439108381680746,1.0011399480040133,0.34978059932624866,0.011682394771440934,0.34762955987068234,1.0014354943141535e-15,8.816971461961588e-15,4.618527782440651e-14
0.306,2.8932356301602753,2.7943231354026477,3.2395387849591177,3.1385660875942283,1.046804073798235,1.003934271139416,0.3494342961714505,0.011670769887434068,0.3472853169184931,1.010995126173662e-15,1.2822920887898525e-15,2.708944180085382e-14
0.307,2.890366402295481,2.791551994168096,3.2363332515768666,3.135459542970938,1.0496944402005304,1.006725823133584,0.3490883293221683,0.01165915651135702,0.3469414093696881,1.1577926056546318e-15,8.922972800996372e-15,6.039613253960852e-14
0.308,2.8875000217546125,2.78878359350766,3.2331308001888295,3.132356004741868,1.052581940222285,1.0095146067270917,0.3487426985437317,0.011647554631956184,0.3465978369584541,4.54991028368669e-16,4.598820735160521e-15,3.241851231905457e-14
0.309,2.8846364849077624,2.7860179302331805,3.2299314295105113,3.129255471062052,1.0554665767071927,1.012300624657325,0.34839740359913113,0.011635964237987712,0.3462545994176255,7.304253910077562e-16,4.505810581184075e-15,2.4424906541753444e-14
0.31,2.881775788153787,2.783255001174672,3.2267351382101483,3.1261579400589503,1.0583483524953465,1.0150838796584996,0.3480524442490734,0.011624385318217223,0.34591169647874237,1.1096260154783573e-15,2.139717138936507e-15,7.993605777301127e-15
0.311,2.878917927919744,2.7804948031797507,3.2235419249103043,3.123063409833475,1.0612272704232664,1.0178643744616793,0.3477078202520839,0.01161281786142029,0.3455691278720856,2.3247736777700906e-16,6.656581506045912e-15,4.218847493575595e-14
0.312,2.8760629006598757,2.777737333113368,3.220351788189094,3.1199718784606505,1.0641033333239263,1.0206421117947926,0.34736353136455583,0.011601261856382078,0.3452268933267401,2.387408255746059e-15,2.1884401101760896e-15,1.1546319456101628e-14
0.313,2.8732107028552285,2.7749825878572514,3.217164726581682,3.116883343990531,1.0669765440267815,1.02341709438265,0.3470195773408279,0.011589717291897618,0.3448849925706072,4.399943666860714e-16,1.0418748437568897e-15,1.1102230246251565e-14
0.314,2.870361331012606,2.7722305643095075,3.213980738581467,3.1137978044488914,1.0698469053577941,1.0261893249469594,0.34667595793325945,0.01157818415677182,0.34454342533046867,1.5544597236815581e-15,1.0099264354152135e-14,5.861977570020827e-14
0.315,2.867514781664244,2.769481259384447,3.2107998226414685,3.110715257837978,1.0727144201394583,1.0289588062063437,0.3463326728922837,0.011566662439819266,0.3442021913320137,4.16662146060762e-15,6.308257212165526e-15,2.531308496145357e-14
0.316,2.8646710513668165,2.7667346700118665,3.207621977175565,3.107635702137243,1.0755790911908252,1.0317255408763555,0.34598972196647354,0.01155515212986435,0.34386129029988804,9.950958119472395e-16,6.493136714411196e-15,5.3734794391857577e-14
0.317,2.8618301367010073,2.763990793136972,3.2044472005595575,3.104559135304161,1.0784409213275261,1.0344895316694924,0.34564710490261696,0.011543653215741386,0.34352072195772165,1.0826974934546547e-15,4.827742097742711e-16,4.440892098500626e-15
0.318,2.858992034270915,2.7612496257197785,3.201275491132534,3.101485555274753,1.081299913361797,1.0372507812952123,0.3453048214457536,0.011532165686294749,0.343180486028165,4.2657194736021956e-15,3.3738193586928273e-15,7.993605777301127e-15
0.319,2.8561567407033226,2.7585111647349727,3.1981068471978307,3.0984149599642845,1.0841560701025004,1.0400092924599473,0.34496287133926096,0.011520689530378396,0.3428405822329359,3.4541432237323036e-15,7.435133143443679e-15,2.1316282072803006e-14
0.32,2.8533242526471203,2.755775407171504,3.1949412670243706,3.0953473472680386,1.0870093943551475,1.0427650678671188,0.3446212543248801,0.011509224736856406,0.34250101029283964,1.0077326943827014e-15,3.434311005570446e-15,1.687538997430238e-14
0.321,2.8504945667728325,2.7530423500321333,3.191778748847476,3.0922827150617804,1.0898598889219204,1.045518110217151,0.344279970142807,0.011497771294602633,0.34216176992781167,2.313124967206214e-15,1.0681149825571007e-15,7.993605777301127e-15
0.322,2.8476676797721137,2.750311990333246,3.1886192908700344,3.0892210612025597,1.0927075566016926,1.048268422207484,0.34393901853170916,0.011486329192501046,0.3418228608569419,1.0619581443298585e-15,3.3782290825810904e-15,2.1316282072803006e-14
0.323,2.8448435883569596,2.747584325104549,3.185462891263523,3.086162383529102,1.0955524001900496,1.0510160065325886,0.3435983992288029,0.011474898419445502,0.34148428279851717,6.360636080545363e-16,2.0415373145540653e-15,1.199040866595169e-14
0.324,2.8420222892594262,2.7448593513886412,3.1823095481689525,3.0831066798625155,1.098394422479309,1.0537608658839772,0.34325811196989386,0.011463478964339826,0.3411460354700427,1.308275099994545e-15,5.8245981368743315e-15,5.3734794391857577e-14
0.325,2.8392037792310276,2.742137066240892,3.179159259697886,3.080053948006882,1.10123362625854,1.056503002950218,0.34291815648942436,0.011452070816097781,0.340808118588277,1.798478185507105e-15,5.6231090352687035e-15,4.574118861455645e-14
0.326,2.8363880550423093,2.7394174667289968,3.1760120239332643,3.0770041857496784,1.1040700143135824,1.059242420416947,0.342578532520535,0.011440673963643188,0.3404705318692568,2.822738344908905e-15,5.141584848723219e-16,8.881784197001252e-15
0.327,2.833575113482312,2.736700549932712,3.172867838930372,3.073957390862434,1.1069035894270647,1.0619791209668799,0.3422392397950856,0.011429288395909846,0.34013327502832813,1.7670532020164888e-15,1.3543897370601715e-15,2.930988785010413e-14
0.328,2.83076495135804,2.733986312943726,3.169726702717697,3.070913561101191,1.1097343543784228,1.0647131072798235,0.34190027804372636,0.011417914101841557,0.33979634778016926,2.8633614432843472e-15,5.133705861790558e-15,2.886579864025407e-14
0.329,2.827957565494216,2.731274752865263,3.166588613297788,3.0678726942069714,1.112562311943917,1.0674443820326887,0.34156164699592423,0.011406551070392353,0.33945974983882876,1.1832931794091337e-15,3.347454083467867e-16,1.3322676295501878e-15
0.33,2.8251529527326458,2.7285658668118087,3.1634535686481247,3.064834787906353,1.1153874648966495,1.0701729478995006,0.3412233463800098,0.011395199290526018,0.3391234809177318,1.5880616160191303e-15,6.592870561215839e-15,4.39648317751562e-14
0.331,2.822351109931874,2.7258596519090075,3.1603215667217404,3.0617998399119015,1.1182098160065814,1.0728988075514097,0.3408853759232192,0.011383858751216466,0.33878754072972955,9.66076791003971e-17,6.164279967814892e-15,3.68594044175552e-14
0.332,2.819552033966794,2.7231561052932762,3.1571926054482247,3.058767847922615,1.1210293680405483,1.0756219636567028,0.3405477353517377,0.011372529441447952,0.33845192898710086,1.758244053133304e-16,1.542597571718786e-15,1.1546319456101628e-14
0.333,2.8167557217282306,2.720455224111585,3.1540666827343813,3.0557388096243967,1.1238461237622765,1.0783424188808144,0.34021042439072946,0.011361211350214322,0.33811664540158726,2.4903810506673722e-15,5.9857616996224355e-15,4.618527782440651e-14
0.334,2.8139621701225295,2.717757005521317,3.1509437964648535,3.0527127226905075,1.126660085932399,1.0810601758863356,0.3398734427643888,0.0113499044665199,0.33778168968441835,8.456308430793983e-16,7.310050051253452e-15,2.7977620220553945e-14
0.335,2.8111713760711474,2.7150614466899774,3.1478239445031,3.049689584781916,1.1294712573084702,1.0837752373330256,0.33953679019595745,0.011338608779378902,0.3374470615463279,1.8163813090004705e-15,2.5847166590898515e-15,8.881784197001252e-15
0.336,2.8083833365104143,2.712368544794948,3.144707124691777,3.0466693935478357,1.1322796406449807,1.0864876058778206,0.33920046640777446,0.011327324277815676,0.3371127606975746,3.265665949349498e-16,1.011225208701477e-15,1.9095836023552692e-14
0.337,2.805598048391048,2.7096782970233506,3.1415933348536846,3.0436521466260187,1.1350852386933716,1.0891972841748438,0.33886447112131324,0.011316050950864716,0.3367787868479718,9.718359419238376e-17,6.201034319756233e-16,4.884981308350689e-15
0.338,2.8028155086778086,2.7069907005717675,3.138482572792159,3.0406378416431816,1.1378880542020495,1.0919042748754155,0.33852880405719626,0.01130478878757055,0.33644513970690126,2.6530887113643678e-17,4.819693987999737e-15,3.019806626980426e-14
0.339,2.800035714349298,2.7043057526461522,3.1353748362919696,3.0376264762153684,1.140688089916399,1.0946085806280617,0.33819346493525576,0.011293537776987914,0.3361118189833316,3.107190543318666e-15,4.385883649559454e-16,1.2434497875801753e-14
0.34,2.7972586623974642,2.7016234504614767,3.1322701231197683,3.03461804794842,1.1434853485787964,1.0973102040785232,0.3378584534745331,0.011282297908181473,0.3357788243858439,1.5063987680466372e-15,3.4573074492194196e-15,3.1086244689504383e-15
0.341,2.794484349827454,2.6989437912416867,3.129168431024666,3.0316125544381243,1.146279832928624,1.100009147869765,0.3375237693933364,0.011271069170226198,0.33544615562264796,3.8140796118195147e-16,1.7120567179748269e-15,1.509903313490213e-14
0.342,2.7917127736571046,2.696266772219422,3.126069757738933,3.02860999327079,1.149071545702281,1.1027054146419843,0.33718941240925226,0.011259851552207115,0.3351138124015964,1.9888388358926967e-15,5.773609899161051e-15,5.240252676230739e-14
0.343,2.7889439309167843,2.6935923906359096,3.1229741009784715,3.0256103620234556,1.1518604896331979,1.1053990070326203,0.33685538223919415,0.011248645043219312,0.33478179443020895,1.8130593602470993e-15,7.834208222335378e-15,3.064215547965432e-14
0.34400000000000003,2.786177818649104,2.6909206437407427,3.1198814584434174,3.0226136582642114,1.154646667451847,1.108089927676361,0.3365216785993986,0.01123744963236814,0.33445010141568493,2.891315646197642e-15,3.691421616843482e-15,1.7319479184152442e-14
0.34500000000000003,2.7834144339085705,2.6882515287917212,3.1167918278186106,3.019619879552588,1.1574300818857555,1.1107781792051528,0.33618830120548615,0.011226265308769082,0.3341187330649258,5.966467024359009e-16,4.503954999022355e-16,3.1086244689504383e-15
0.34600000000000003,2.7806537737613737,2.685585043054638,3.1137052067741604,3.0166290234398616,1.1602107356595168,1.1134637642482075,0.3358552497724757,0.011215092061547532,0.3337876890845392,5.794101545293572e-16,5.419305426878064e-15,2.7977620220553945e-14
0.34700000000000003,2.7778958352849927,2.682921183803271,3.1106215929658982,3.0136410874692645,1.162988631494802,1.1161466854320108,0.3355225240147948,0.011203929879839286,0.33345696918087214,4.104505932853037e-16,3.057713522258582e-15,1.6431300764452317e-14
0.34800000000000003,2.7751406155681493,2.680259948319066,3.107540984035959,3.0106560691763753,1.16576377211037,1.11882694538033,0.33519012364632444,0.011192778752790095,0.3331265730600156,2.0900141711476217e-15,2.6919807156786415e-15,1.687538997430238e-14
0.34900000000000003,2.772388111710375,2.6776013338910625,3.1044633776131736,3.0076739660893956,1.1685361602220803,1.121504546714221,0.3348580483804243,0.011181638669556035,0.3327965004278173,1.788107781575341e-17,1.264270629800087e-15,2.3092638912203256e-14
0.35000000000000003,2.7696383208218496,2.674945337815725,3.101388771313483,3.004694775729359,1.171305798542902,1.1241794920520367,0.3345262979299313,0.011170509619303111,0.33246675098990314,1.0291812575453146e-15,4.304629655351103e-15,3.907985046680551e-14
0.35100000000000003,2.7668912400231025,2.6722919573968227,3.0983171627404977,3.001718495610447,1.1740726897829252,1.1268517840094336,0.33419487200721626,0.011159391591207692,0.3321373244516909,2.4545672115618946e-15,3.2362966346364743e-15,1.7319479184152442e-14
0.352,2.7641468664448423,2.6696411899452603,3.095248549485924,2.99874512324032,1.17683683664937,1.1295214251993788,0.33386377032417425,0.01114828457445607,0.33180822051839387,2.690146704396846e-16,3.554200373283073e-15,9.325873406851315e-15
0.353,2.7614051972277323,2.666993032778949,3.0921829291298155,2.9957746561201586,1.1795982418465978,1.1321884182321578,0.3335329925922707,0.01113718855824488,0.33147943889505543,1.9118977569003894e-15,1.2785572596830078e-15,1.5987211554602254e-14
0.354,2.7586662295221904,2.664347483222685,3.0891202992411975,2.992807091745208,1.18235690807612,1.1348527657153804,0.3332025385225542,0.011126103531780679,0.33115097928653153,1.2848471178056371e-15,4.442291237733464e-15,2.4868995751603507e-14
0.355,2.7559299604880265,2.661704538608045,3.086060657378341,2.989842427604775,1.185112838036608,1.1375144702539886,0.3328724078256618,0.011115029484280456,0.3308228413975357,1.2591394070293752e-16,6.2755043352557246e-15,9.769962616701378e-15
0.356,2.7531963872944183,2.659064196273216,3.083004001089164,2.986880661182573,1.1878660344239025,1.1401735344502617,0.3325426002118664,0.011103966404971095,0.33049502493262495,6.572022025352897e-16,7.935791303547638e-15,2.398081733190338e-14
0.357,2.7504655071196824,2.656426453562927,3.0799503279116105,2.9839217899568795,1.1906164999310223,1.1428299609038246,0.3322131153910763,0.011092914283089726,0.3301675295962311,3.2081637257649404e-15,3.478839598002754e-15,1.6431300764452317e-14
0.358,2.7477373171509383,2.6537913078282056,3.0768996353740863,2.9809658114008872,1.1933642372481732,1.1454837522116528,0.33188395307285273,0.011081873107883677,0.32984035509265974,1.1997438962385404e-15,2.2625569366822944e-15,2.3092638912203256e-14
0.359,2.745011814584122,2.651158756426456,3.0738519209956157,2.978012722982824,1.1961092490627574,1.1481349109680792,0.3315551129664412,0.011070842868610329,0.32951350112610206,1.5621164275045907e-15,6.8316823394489824e-15,3.6415315207705135e-14
0.36,2.7422889966236648,2.6485287967212288,3.07080718228646,2.9750625221660854,1.1988515380593812,1.1507834397648005,0.3312265947807775,0.01105982355453711,0.3291869674006568,5.151960758776398e-15,8.452444720204163e-15,3.419486915845482e-14
0.361,2.739568860482354,2.6459014260820846,3.0677654167481183,2.972115206409595,1.2015911069198635,1.1534293411908825,0.33089839822451345,0.011048815154941773,0.32886075362033335,1.1580786651433184e-15,4.379831890653858e-15,1.8207657603852567e-14
0.362,2.7368514033811118,2.643276641884585,3.0647266218740135,2.969170773167917,1.2043279583232447,1.1560726178327672,0.3305705230060188,0.01103781765911219,0.3285348594890485,2.780333375636525e-15,1.9537156151773802e-15,2.7977620220553945e-14
0.363,2.7341366225489736,2.640654441510131,3.0616907951494987,2.9662292198914826,1.2070620949457938,1.1587132722742772,0.3302429688334184,0.011026831056346153,0.32820928471066624,1.0425256530979877e-15,3.4621609513233767e-16,9.769962616701378e-15
0.364,2.7314245152227983,2.638034822345828,3.058657934052336,2.963290544026725,1.2097935194610165,1.161351307096623,0.32991573541459,0.011015855335951912,0.32788402898898494,2.241384072647014e-15,1.0865106622443705e-15,3.9968028886505635e-15
0.365,2.728715078647026,2.635417781784511,3.0556280360529464,2.9603547430162775,1.2125222345396636,1.1639867248784075,0.3295888224571836,0.011004890487247513,0.32755909202775224,1.38976440165037e-15,2.6064612828403966e-15,1.9095836023552692e-14
0.366,2.7260083100738064,2.632803317224486,3.052601098614664,2.9574218142991984,1.2152482428497373,1.166619528195632,0.32926222966864177,0.010993936499561312,0.3272344735306783,2.6913606189667475e-15,5.302557838387508e-15,3.6415315207705135e-14
0.367,2.7233042067625286,2.630191426069609,3.0495771191940433,2.954491755311073,1.2179715470564998,1.1692497196217015,0.3289359567562124,0.010982993362231831,0.32691017320143684,1.5290437071019191e-15,6.453929144889268e-15,3.730349362740526e-14
0.368,2.720602765979968,2.627582105729102,3.0465560952411503,2.951564563484248,1.2206921498224799,1.1718773017274307,0.3286100034269513,0.010972061064607588,0.3265861907436814,1.603443742913918e-15,3.705050849251462e-15,6.661338147750939e-15
0.369,2.717903984999901,2.6249753536173834,3.043538024199758,2.9486402362478956,1.2234100538074797,1.174502277081048,0.32828436938775035,0.010961139596047135,0.3262625258610515,2.9091237076670338e-15,4.593548149387816e-15,2.0872192862952943e-14
0.37,2.7152078611030834,2.6223711671542107,3.04052290350772,2.94571877102832,1.2261252616685827,1.1771246482482023,0.32795905434534395,0.01095022894591948,0.32593917825717783,3.651421350401077e-16,6.510839710507896e-15,3.6415315207705135e-14
0.371,2.7125143915771432,2.6197695437643866,3.0375107305970164,2.942800165248925,1.2288377760601599,1.1797444177919667,0.32763405800632583,0.010939329103603337,0.3256161476356925,2.741281734682814e-15,2.5465559995256844e-15,4.440892098500626e-15
0.372,2.7098235737163487,2.617170480877765,3.0345015028942695,2.9398844163305116,1.2315475996338763,1.1823615882728444,0.3273093800771466,0.010928440058487766,0.32529343370023983,3.6769602476191725e-15,1.0290737027953394e-15,1.4654943925052066e-14
0.373,2.7071354048216216,2.614573975929143,3.0314952178206784,2.936971521691366,1.2342547350386979,1.1849761622487736,0.32698502026414755,0.01091756179997186,0.32497103615447914,3.0213935022276424e-15,2.3626016979256306e-15,1.7763568394002505e-15
0.374,2.704449882200323,2.6119800263582666,3.028491872792516,2.9340614787473913,1.2369591849208983,1.1875881422751318,0.3266609782735576,0.010906694317464828,0.3246489547020891,1.649667167905088e-16,4.625832340035683e-15,3.68594044175552e-14
0.375,2.7017670031660534,2.6093886296096858,3.025491465221181,2.931154284912236,1.2396609519240644,1.1901975309047415,0.32633725381150136,0.010895837600385889,0.3243271890467856,1.5595640936015588e-15,2.51879716866503e-15,2.6645352591003757e-14
0.376,2.6990867650387718,2.6067997831326406,3.022493992513382,2.92824993759749,1.2423600386891032,1.1928043306878742,0.3260138465840268,0.010884991638164412,0.3240057388923226,1.5794767558556293e-15,7.326922362537233e-15,5.240252676230739e-14
0.377,2.6964091651444044,2.6042134843811535,3.019499452071563,2.9253484342126885,1.2450564478542476,1.1954085441722553,0.3256907562970996,0.010874156420239872,0.3236846039424905,5.515266895628059e-16,2.2201815749873757e-15,1.7319479184152442e-14
0.378,2.6937342008149976,2.6016297308137175,3.0165078412938193,2.922449772165609,1.2477501820550627,1.198010173903069,0.3253679826566217,0.010863331936061699,0.32336378390113774,3.0640088361381903e-15,6.0308275214133286e-15,1.9984014443252818e-14
0.379,2.6910618693884585,2.599048519893454,3.0135191575743776,2.9195539488621582,1.2504412439244512,1.2006092224229625,0.32504552536843445,0.010852518175089644,0.3230432784721706,9.118249602099786e-16,3.821728110840832e-15,3.6415315207705135e-14
0.38,2.6883921682084186,2.5964698490879683,3.0105333983034837,2.9166609617067993,1.2531296360926596,1.2032056922720504,0.32472338413833984,0.010841715126793227,0.3227230873595503,6.084861877512517e-16,3.711324227331789e-16,1.687538997430238e-14
0.381,2.6857250946242885,2.593893715869208,3.007550560867863,2.9137708081024023,1.255815361187284,1.2057995859879196,0.3244015586720972,0.010830922780652195,0.32240321026731716,3.4145936269212056e-16,8.22064030900475e-15,2.4868995751603507e-14
0.382,2.683060645990972,2.591320117713574,3.004570642650708,2.9108834854503884,1.2584984218332749,1.2083909061056333,0.32408004867543566,0.010820141126156297,0.3220836468995806,7.944494527971008e-16,5.883158924237544e-15,3.241851231905457e-14
0.383,2.680398819668996,2.588749052101694,3.0015936410319872,2.9079989911510187,1.261178820652944,1.210979655157735,0.3237588538540727,0.010809370152805326,0.32176439696053183,4.1611258953556376e-16,3.2833292036312583e-15,5.329070518200751e-15
0.384,2.677739613024192,2.586180516518428,2.9986195533884903,2.9051173226033074,1.2638565602659682,1.2135658356742534,0.3234379739137101,0.010798609850109244,0.32144546015444597,4.692851689445601e-15,6.7069284708651396e-15,3.952393967665557e-14
0.385,2.6750830234277165,2.583614508452863,2.9956483770941134,2.902238477205195,1.2665316432893958,1.2161494501827061,0.3231174085600423,0.010787860207587815,0.3211268361856953,2.3533857512370658e-15,6.742271857639298e-15,3.9968028886505635e-14
0.386,2.6724290482559545,2.58105102539819,2.992680109519898,2.899362452353664,1.2692040723376519,1.2187305012081044,0.32279715749877824,0.010777121214771007,0.32080852475873756,4.516675631923723e-15,2.4698321187884333e-15,1.3322676295501878e-14
0.387,2.6697776848905432,2.5784900648516658,2.9897147480342308,2.896489245444826,1.2718738500225424,1.221308991272956,0.3224772204356346,0.010766392861198845,0.3204905255781474,1.6710636404687543e-16,4.015062787213131e-15,2.6201263381153694e-14
0.388,2.6671289307179955,2.5759316243145576,2.9867522900031136,2.8936188538739405,1.2745409789532605,1.2238849228972706,0.3221575970763493,0.010755675136421235,0.32017283834858573,2.4533242971141786e-15,5.5537647122855435e-15,2.6201263381153694e-14
0.389,2.6644827831300217,2.5733757012921736,2.98379273279006,2.8907512750356745,1.2772054617363904,1.2264582985985628,0.3218382871266889,0.010744968029998152,0.3198554627748434,2.4371534696027473e-15,3.043678488058718e-15,2.042810365310288e-14
0.39,2.661839239522998,2.5708222932936464,2.9808360737564836,2.887886506323976,1.2798673009759134,1.2290291208918565,0.321519290292456,0.010734271531499645,0.31953839856181215,5.400576703561428e-16,1.4320440771036153e-15,-8.881784197001252e-15
0.391,2.659198297298345,2.568271397832013,2.9778823102616876,2.885024545132374,1.2825264992732117,1.2315973922896886,0.32120060627949376,0.010723585630505546,0.31922164541451153,4.473876032505505e-16,7.619490074934404e-15,3.8191672047105385e-14
0.392,2.6565599538621187,2.5657230124242107,2.9749314396630075,2.882165388853855,1.2851830592270739,1.2341631153021129,0.32088223479369193,0.010712910316606082,0.3189052030380817,2.677658414402931e-15,6.798859101013153e-15,4.3076653355456074e-14
0.393,2.653924206625112,2.563177134590897,2.9719834593160384,2.8793090348811403,1.287836983433699,1.2367262924367037,0.3205641755410021,0.010702245579401012,0.3185890711377929,1.783763272964224e-15,6.072989188035579e-15,1.4654943925052066e-14
0.394,2.651291053002663,2.5606337618564434,2.969038366574629,2.8764554806065723,1.2904882744867017,1.2392869261985602,0.32024642822742894,0.010691591408500522,0.3182732494190417,1.3087673874255343e-15,5.905327717146865e-15,4.440892098500626e-14
0.395,2.6486604904147657,2.558092891749008,2.96609615879107,2.873604723422415,1.2931369349771165,1.2418450190903092,0.31992899255905366,0.010680947793524279,0.31795773758737045,9.357611530349572e-16,4.9646236137315116e-15,3.108624468950438e-14
0.396,2.6460325162858154,2.555554521800316,2.9631568333162606,2.8707567607207025,1.2957829674934023,1.2444005736121095,0.3196118682420227,0.010670314724102379,0.31764253534844766,3.746757553101346e-17,3.935031846001827e-15,2.398081733190338e-14
0.397,2.6434071280446845,2.5530186495457357,2.960220387499748,2.8679115898934127,1.298426374621447,1.2469535922616553,0.3192950549825676,0.01065969218987462,0.31732764240810196,1.0126280391642567e-15,6.803616166742587e-15,4.440892098500626e-14
0.398,2.6407843231245467,2.5504852725242784,2.9572868186898194,2.865069208332583,1.3010671589445717,1.2495040775341795,0.3189785524870006,0.010649080180490758,0.3170130584722918,2.0648070376020015e-15,1.9956406498630913e-15,2.708944180085382e-14
0.399,2.6381640989629127,2.547954388278356,2.9543561242336605,2.8622296134303,1.3037053230435347,1.2520520319224577,0.31866236046173013,0.010638478685610629,0.31669878324713996,4.1337106148787475e-16,1.0860849368492294e-15,2.4424906541753444e-14
0.4,2.635546453001529,2.5454259943540256,2.9514283014775433,2.8593928025788267,1.3063408694965362,1.2545974579168118,0.3183464786132573,0.010627887694903915,0.31638481643891697,3.3196531277456774e-15,2.3005133869580326e-15,-3.9968028886505635e-15
0.401,2.632931382686312,2.542900088300664,2.9485033477666867,2.856558773170587,1.3089738008792224,1.2571403580051124,0.3180309066481753,0.010617307198050232,0.3160711577540468,3.671243750933608e-16,3.2258573465866304e-15,1.7763568394002505e-14
0.402,2.6303188854673323,2.5403766676712136,2.945581260445634,2.853727522598291,1.3116041197646897,1.2596807346727836,0.317715644273195,0.010606737184739137,0.3157578068991194,1.5264909884209526e-15,3.802896380180654e-15,2.9753977059954195e-14
0.403,2.6277089587986926,2.5378557300219353,2.942662036858124,2.850899048255002,1.3142318287234884,1.2622185904028056,0.3174006911951354,0.010596177644670099,0.31544476358088464,9.432131610078984e-17,2.278160181796885e-15,1.021405182655144e-14
0.404,2.6251016001385765,2.5353372729124297,2.9397456743473334,2.848073347534157,1.316856930323627,1.264753927675718,0.3170860471209305,0.010585628567552581,0.3151320275062645,5.041754974955904e-15,7.094641388246643e-15,3.863576125695545e-14
0.405,2.6224968069490955,2.5328212939057146,2.93683217025592,2.845250417829629,1.319479427130576,1.2672867489696238,0.31677171175762175,0.010575089943105803,0.31481959838233936,3.581874124392558e-15,6.243235492625901e-15,3.108624468950438e-14
0.406,2.6198945766962796,2.5303077905680094,2.9339215219260395,2.8424302565358075,1.3220993217072723,1.2698170567601919,0.31645768481239145,0.010564561761058942,0.3145074759163732,9.744038029118908e-16,6.825549126742606e-15,2.2648549702353193e-14
0.40700000000000003,2.617294906850027,2.527796760468865,2.93101372669954,2.839612861047637,1.3247166166141222,1.2723448535206607,0.3161439659925427,0.010554044011151124,0.3141956598157932,1.789757497062587e-15,8.69923595457872e-16,9.325873406851315e-15
0.40800000000000003,2.6146977948841603,2.525288201181004,2.9281087819179854,2.8367982287606783,1.3273313144090064,1.2748701417218418,0.3158305550055066,0.010543536683131318,0.31388414978821294,8.24673964803316e-16,2.6612807674902094e-15,1.4654943925052066e-14
0.40900000000000003,2.6121032382761085,2.522782110280388,2.925206684922743,2.833986357071145,1.3299434176472826,1.2773929238321222,0.3155174515588617,0.010533039766758259,0.31357294554142284,1.632007416944032e-15,7.570629229512096e-15,2.398081733190338e-14
0.41000000000000003,2.6095112345072375,2.5202784853461866,2.9223074330550363,2.8311772433758984,1.3325529288817899,1.2799132023174684,0.31520465536031395,0.010522553251800813,0.3132620467833948,2.469435480482389e-16,4.205721124300493e-15,4.1744385725905886e-14
0.41100000000000003,2.606921781062478,2.5177773239606895,2.9194110236561217,2.8283708850726863,1.3351598506628524,1.282430979641429,0.3148921661177214,0.010512077128037384,0.3129514532222814,4.1641762743023e-15,2.1981731500326602e-15,1.9095836023552692e-14
0.41200000000000003,2.604334875430451,2.515278623709241,2.9165174540672596,2.825567279559924,1.337764185538283,1.2849462582651383,0.3145799835390822,0.01050161138525642,0.3126411645664316,8.184348424232132e-16,7.347611472809838e-15,2.7533531010703882e-14
0.41300000000000003,2.6017505151033418,2.5127823821804087,2.9136267216297553,2.822766424236949,1.3403659360533862,1.2874590406473188,0.31426810733255633,0.010491156013256248,0.31233118052437286,1.5527585574918476e-15,8.466003562982258e-15,2.7977620220553945e-14
0.41400000000000003,2.5991686975769945,2.510288596965736,2.9107388236851275,2.8199683165039318,1.3429651047509632,1.2899693292442844,0.3139565372064484,0.010480711001844915,0.3120215008048367,6.102769595628999e-16,2.8543288523579358e-15,2.220446049250313e-14
0.41500000000000004,2.5965894203507967,2.5077972656598497,2.907853757575153,2.8171729537620687,1.345561694171314,1.2924771265099442,0.3136452728692258,0.010470276340840318,0.3117121251167351,3.9993710662555226e-15,2.1872060706962323e-15,1.0658141036401503e-14
0.41600000000000004,2.5940126809275057,2.5053083858603484,2.9049715206419076,2.8143803334134248,1.3481557068522414,1.2949824348958046,0.3133343140295115,0.010459852020070156,0.3114030531691812,1.9013472277654735e-15,3.2051681032530615e-15,3.019806626980426e-14
0.417,2.59143847681347,2.5028219551679047,2.9020921102278083,2.811590452861182,1.350747145329055,1.2974852568509725,0.313023660396098,0.01044943802937206,0.31109428467148775,2.0084375884349625e-16,5.5874623498096264e-15,3.108624468950438e-14
0.418,2.588866805518404,2.50033797118608,2.899215523675694,2.8088033095094507,1.3533360121345734,1.2999855948221586,0.31271331167793903,0.010439034358593353,0.3107858193331636,7.945986620465168e-16,7.371701442802524e-15,3.197442310920451e-14
0.419,2.5862976645554507,2.4978564315214795,2.896341758328922,2.8060189007635254,1.3559223097991289,1.30248345125368,0.3124032675841658,0.010428640997591165,0.31047765686392365,1.705769854463732e-15,9.990357286673066e-16,-7.549516567451064e-15
0.42,2.583731051441043,2.495377333783504,2.8934708115313748,2.803237224029806,1.3585060408505698,1.3049788285874635,0.3120935278240753,0.010418257936232475,0.31016979697367847,1.3813178528437457e-15,6.920979497922955e-15,2.0872192862952943e-14
0.421,2.581166963695038,2.492900675584596,2.890602680627518,2.800458276715814,1.3610872078142648,1.307471729263048,0.3117840921071425,0.010407885164393936,0.3098622393725456,2.9862229334772004e-15,5.0645636314280005e-15,2.6645352591003757e-14
0.422,2.5786053988404936,2.490426454539996,2.8877373629625214,2.797682056230333,1.3636658132131054,1.309962155717588,0.3114749601430205,0.010397522671962063,0.30955498377085544,1.903083030465274e-15,9.276058779738872e-15,4.218847493575595e-14
0.423,2.576046354403774,2.487954668267881,2.8848748558822312,2.7949085599833117,1.3662418595675092,1.312450110385856,0.31116613164154305,0.010387170448833104,0.30924802987913846,2.3186772589901387e-15,1.1221762634641607e-15,1.2878587085651816e-14
0.424,2.5734898279145346,2.4854853143891593,2.882015156733193,2.792137785386005,1.3688153493954238,1.314935595700245,0.31085760631272286,0.010376828484913107,0.3089413774081431,7.319266666101999e-16,3.479216361139269e-15,2.708944180085382e-14
0.425,2.570935816905508,2.4830183905276724,2.8791582628628416,2.7893697298509483,1.3713862852123293,1.3174186140907729,0.3105493838667659,0.010366496770117826,0.30863502606881965,1.9280340350606934e-16,3.880688305409316e-15,1.7763568394002505e-14
0.426,2.5683843189127327,2.480553894310023,2.876304171619431,2.786604390791994,1.3739546695312421,1.3198991679850829,0.31024146401406016,0.01035617529437272,0.30832897557233657,4.8248679485107854e-17,5.906491927758047e-15,2.9753977059954195e-14
0.427,2.5658353314753017,2.4780918233656295,2.8734528803521306,2.783841765624318,1.3765205048627174,1.3223772598084484,0.3099338464651822,0.010345864047613016,0.30802322563007895,9.466124984789379e-16,1.95416739839135e-15,1.2878587085651816e-14
0.428,2.563288852135464,2.4756321753265915,2.8706043864110335,2.78108185176456,1.3790837937148528,1.324852891983775,0.3096265309309065,0.010335563019783636,0.3077177759536392,3.567822668511944e-15,3.912213383587844e-15,2.353672812205332e-14
0.429,2.560744878438572,2.4731749478278986,2.867758687147173,2.7783246466306686,1.3816445385932914,1.327326066931603,0.3093195171221996,0.010325272200839272,0.30741262625483773,2.4873720948650165e-15,2.9670420149922942e-15,2.220446049250313e-14
0.43,2.5582034079330223,2.470720138507165,2.8649157799127414,2.77557014764211,1.3842027420012244,1.3297967870701102,0.3090128047502182,0.0103149915807444,0.307107776245703,1.7826094397201647e-15,4.619979050183264e-15,2.6201263381153694e-14
0.431,2.5556644381703193,2.468267745004772,2.8620756620608847,2.772818352219762,1.3867584064393947,1.332265054815115,0.30870639352632745,0.010304721149472926,0.3068032256384887,2.8511263133830064e-15,2.94290436460159e-15,1.3766765505351941e-14
0.432,2.5531279667049263,2.4658177649637976,2.8592383309459177,2.770069257786025,1.3893115344060996,1.3347308725800788,0.30840028316208734,0.010294460897008703,0.3064989741456658,6.309765770449176e-16,3.8776675828796754e-15,5.329070518200751e-15
0.433,2.550593991094284,2.4633701960299517,2.856403783923274,2.7673228617647316,1.391862128397194,1.3371942427761088,0.30809447336925866,0.010284210813345093,0.3061950214799315,3.4009377526195934e-16,2.948748533733131e-15,3.4638958368304884e-14
0.434,2.5480625088989055,2.4609250358517345,2.8535720183495745,2.7645791615814157,1.3944101909060929,1.3396551678119606,0.30778896385980886,0.010273970888485308,0.30589136735420275,1.5562572347724072e-16,2.8914367468242753e-15,2.4868995751603507e-14
0.435,2.545533517682174,2.4584822820802255,2.8507430315826894,2.7618381546629736,1.3969557244237751,1.3421136500940407,0.30748375434590625,0.010263741112442083,0.305588011481619,1.606482915451064e-15,1.6380970107568042e-15,1.7763568394002505e-15
0.436,2.543007015010406,2.4560419323690694,2.8479168209817414,2.759099838438051,1.3994987314387854,1.3445696920264099,0.3071788445399348,0.010253521475237842,0.3052849535755505,1.500872010487087e-15,2.414315732598496e-15,2.3092638912203256e-14
0.437,2.5404829984529123,2.4536039843746966,2.8450933839071073,2.756364210336778,1.4020392144372384,1.3470232960107846,0.3068742341544821,0.010243311966904667,0.3049821933495871,1.1511600783192931e-15,4.279593963818398e-15,1.5987211554602254e-14
0.438,2.5379614655817355,2.4511684357560366,2.842272717720527,2.753631267790945,1.4045771759028203,1.3494744644465406,0.3065699229023422,0.0102331125774843,0.30467973051755476,8.202831266602186e-16,3.2657990939644316e-15,1.8207657603852567e-14
0.439,2.5354424139719662,2.4487352841746497,2.839454819785073,2.750901008234027,1.4071126183167921,1.3519231997307153,0.3062659104965303,0.010222923297028078,0.304377564793494,2.932489936684023e-17,4.1972864241719736e-15,2.353672812205332e-14
0.44,2.5329258412014153,2.446304527294728,2.8366396874652238,2.748173429101115,1.4096455441579936,1.35436950425801,0.30596219665026436,0.010212744115597017,0.3040756958916866,1.3209300866329487e-15,8.584698121108466e-16,-4.440892098500626e-15
0.441,2.5304117448507966,2.4438761627829306,2.833827318126875,2.7454485278290033,1.4121759559028444,1.356813380420793,0.3056587810769894,0.010202575023261645,0.3037741235266402,1.7140161299403445e-15,4.1045255759561464e-15,-9.325873406851315e-15
0.442,2.5279001225036195,2.4414501883085484,2.8310177091373734,2.7427263018562154,1.414703856025348,1.3592548306091015,0.30535566349035465,0.010192416010102179,0.30347284741309116,3.254960601146005e-15,3.2787837756095707e-15,1.2434497875801753e-14
0.443,2.525390971746122,2.4390266015434294,2.828210857865494,2.7400067486229127,1.4172292469970942,1.361693857210645,0.3050528436042372,0.010182267066208513,0.3031718672660138,1.874441195868309e-15,4.193715329586516e-15,1.554312234475219e-14
0.444,2.52288429016742,2.436605400161915,2.825406761681548,2.73728986557109,1.4197521312872616,1.3641304626108068,0.30475032113272305,0.010172128181679908,0.3028711828006046,3.7329558621364093e-16,2.9608220092806175e-15,1.8207657603852567e-14
0.445,2.520380075359354,2.4341865818408923,2.822605417957414,2.7345756501444356,1.422272511362621,1.3665646491926478,0.30444809579012405,0.010161999346625362,0.30257079373230017,1.6421640440144476e-15,5.8564725131565084e-15,3.108624468950438e-14
0.446,2.5178783249164547,2.4317701442597714,2.8198068240664367,2.731864099788428,1.4247903896875374,1.3689964193369075,0.30414616729097377,0.010151880551163431,0.3022706997767723,7.185446189604552e-16,2.082787720532877e-15,1.8207657603852567e-14
0.447,2.5153790364360527,2.429356085100432,2.8170109773836107,2.729155211950354,1.4273057687239734,1.371425775422008,0.3038445353500257,0.010141771785422188,0.30197090064992155,1.4680740685539518e-15,4.1900501311052504e-15,1.4654943925052066e-14
0.448,2.5128822075181363,2.4269444020472597,2.8142178752855105,2.726448984079239,1.4298186509314916,1.3738527198240553,0.30354319968225774,0.010131673039539336,0.3016713960678895,4.142302506475789e-16,1.537197997260657e-15,5.773159728050814e-15
0.449,2.5103878357654232,2.4245350927870875,2.811427515150342,2.7237454136260206,1.4323290387672571,1.3762772549168425,0.30324216000287446,0.010121584303661954,0.30137218574705044,2.1324413667678224e-15,2.455843960270003e-15,2.531308496145357e-14
0.45,2.507895918783302,2.4221281550092653,2.808639894357919,2.721044498043391,1.4348369346860403,1.3786993830718517,0.3029414160273004,0.010111505567946932,0.3010732694040164,1.2056298964879708e-15,7.40544592763415e-15,3.730349362740526e-14
0.451,2.5054064541798184,2.419723586405617,2.805855010289809,2.718346234785919,1.4373423411402202,1.3811191066582573,0.30264096747118907,0.010101436822560478,0.3007746467556367,5.83629216519269e-16,3.920818069461603e-15,4.440892098500626e-16
0.452,2.502919439565651,2.4173213846703128,2.803072860329172,2.715650621309995,1.4398452605797858,1.3835364280429276,0.30234081405042557,0.010091378057678367,0.300476317518996,6.139140057768281e-16,3.5363272019045904e-15,1.5987211554602254e-14
0.453,2.5004348725542007,2.4149215475000556,2.800293441860971,2.7129576550739434,1.44234569545234,1.3859513495904277,0.30204095548111937,0.010081329263485903,0.30017828141142483,2.507651707418002e-15,1.585765340780902e-15,2.2648549702353193e-14
0.454,2.497952750761353,2.412524072593932,2.797516752271833,2.710267333537959,1.4448436482031013,1.3883638736630215,0.30174139147960877,0.010071290430177866,0.2998805381504795,1.795792351323402e-15,3.789132847045365e-15,1.554312234475219e-14
0.455,2.49547307180574,2.4101289576534684,2.7947427889501735,2.70757965416407,1.447339121274907,1.390774002620675,0.301442121762464,0.010061261547958639,0.29958308745396883,1.072586063497441e-15,1.8451917390979387e-15,4.884981308350689e-15
0.456,2.492995833308511,2.4077362003825646,2.791971549286161,2.704894614416313,1.4498321171082154,1.3931817388210574,0.3011431460464866,0.010051242607041927,0.299285929039936,2.0876541097893068e-16,2.6987063924801462e-15,1.509903313490213e-14
0.457,2.4905210328934166,2.4053457984875486,2.7892030306717737,2.702212211760554,1.4523226381411087,1.395587084619545,0.3008444640487086,0.01004123359765104,0.298989062626661,2.0499219719557254e-15,7.261898926681566e-15,3.5083047578154947e-14
0.458,2.488048668186785,2.402957749677169,2.7864372305007343,2.6995324436646153,1.4548106868092956,1.3979900423692222,0.3005460754863953,0.0100312345100187,0.29869248793267367,1.5240261013983383e-15,4.133212558222207e-15,3.9968028886505635e-14
0.459,2.485578736817492,2.4005720516624964,2.7836741461686807,2.69685530759834,1.457296265546113,1.4003906144208846,0.3002479800770429,0.010021245334387047,0.298396204676739,1.6751014876664046e-15,4.621031546002959e-15,2.0872192862952943e-14
0.46,2.4831112364170056,2.398188702157024,2.7809137750729955,2.694180801033424,1.45977937678253,1.4027888031230418,0.29995017753838504,0.010011266061007799,0.29810021257786307,1.0879005919642856e-15,6.3254564880944085e-15,6.217248937900877e-15
0.461,2.4806461646192632,2.395807698876561,2.778156114612978,2.691508921443526,1.4622600229471492,1.4051846108219184,0.29965266758839443,0.010001296680141944,0.29780451135529523,1.2688121033385217e-15,3.990849771171308e-15,1.3322676295501878e-14
0.462,2.478183519060794,2.3934290395393214,2.7754011621898225,2.688839666304333,1.46473820646621,1.4075780398614577,0.2993554499452648,0.009991337182060191,0.297509100728531,2.820158912606251e-15,9.290259425694858e-16,1.7319479184152442e-14
0.463,2.475723297380579,2.3910527218658384,2.772648915206466,2.686173033093524,1.4672139297635907,1.4099690925833235,0.2990585243274397,0.009981387557042264,0.2972139804173035,6.406713917719268e-16,2.7071825685481105e-15,9.769962616701378e-15
0.464,2.4732654972201646,2.388678743579024,2.769899371067906,2.6835090192907014,1.4696871952608108,1.4123577713269024,0.2987618904535917,0.009971447795377683,0.29691915014159165,2.8057196783216905e-16,2.037574070730776e-15,4.440892098500626e-15
0.465,2.4708101162235505,2.386307102404063,2.7671525271809734,2.6808476223775104,1.4721580053770345,1.4147440784293066,0.2984655480426332,0.009961517887365176,0.2966246096216177,1.925831867182881e-15,3.944601036360406e-15,1.554312234475219e-14
0.466,2.4683571520372634,2.3839377960685515,2.7644083809544275,2.678188839837572,1.4746263625290716,1.4171280162253752,0.29816949681371646,0.009951597823312813,0.29633035857784856,9.13670135868347e-16,4.767238438632141e-16,7.993605777301127e-15
0.467,2.465906602310212,2.3815708223023173,2.7616669297989724,2.6755326691565964,1.477092269131382,1.4195095870476775,0.2978737364862271,0.009941687593538348,0.2960363967309948,1.1055327797771118e-16,6.0583286260664494e-15,2.930988785010413e-14
0.468,2.463458464693884,2.3792061788375682,2.758928171127257,2.67287910782221,1.4795557275960758,1.421888793226515,0.2975782667797937,0.009931787188368615,0.2957427238020107,3.9235071805702284e-16,4.610562272447903e-15,2.531308496145357e-14
0.46900000000000003,2.4610127368421524,2.376843863408793,2.7561921023539204,2.670228153324142,1.4820167403329179,1.4242656370899238,0.29728308741428383,0.009921896598140011,0.295449339512096,2.6182680277983316e-15,5.082890186423343e-15,3.1086244689504383e-15
0.47000000000000003,2.4585694164113296,2.3744838737527614,2.753458720895528,2.6675798031541698,1.4844753097493293,1.4266401209636765,0.29698819810979754,0.009912015813198189,0.2951562435826918,2.147095055852585e-15,7.876416936500905e-15,2.0872192862952943e-14
0.47100000000000003,2.4561285010602134,2.3721262076085665,2.75072802417064,2.6649340548060256,1.4869314382503895,1.4290122471712852,0.29669359858668803,0.009902144823898108,0.2948634357354976,1.886879616783451e-15,4.79094961474335e-15,3.730349362740526e-14
0.47200000000000003,2.4536899884499928,2.3697708627175897,2.7480000095998833,2.662290905775629,1.4893851282388395,1.4313820180340027,0.2963992885655379,0.009892283620604266,0.29457091569243704,3.434095952091308e-16,2.283173129816875e-15,3.197442310920451e-14
0.47300000000000003,2.4512538762443103,2.367417836823456,2.745274674605811,2.659650353560863,1.4918363821150837,1.433749435870826,0.29610526776717666,0.009882432193690354,0.2942786831757019,5.661773114555106e-16,4.623058809689623e-15,2.1316282072803006e-14
0.47400000000000003,2.4488201621091403,2.3650671276720976,2.7425520166130117,2.6570123956616793,1.4942852022771929,1.436114502998498,0.2958115359126728,0.009872590533539434,0.2939867379077124,4.756562668756965e-16,1.5564777844022158e-15,1.021405182655144e-14
0.47500000000000003,2.446388843712954,2.3627187330116883,2.7398320330481063,2.6543770295801212,1.4967315911209058,1.4384772217315098,0.2955180927233385,0.009862758630543948,0.2936950796111417,8.610834163814728e-16,2.9278286715755114e-15,1.5987211554602254e-14
0.47600000000000003,2.443959918726563,2.3603726505926677,2.737114721339763,2.6517442528203357,1.4991755510396323,1.4408375943821026,0.2952249379207259,0.009852936475105517,0.293403708008915,5.374438623852367e-16,8.541000768933467e-15,3.375077994860476e-14
0.47700000000000004,2.4415333848231735,2.358028878167783,2.7344000789186573,2.649114062888482,1.5016170844244554,1.4431956232602703,0.2949320712266285,0.009843124057635239,0.29311262282419615,9.135465671850262e-16,6.18160986068134e-16,1.1102230246251565e-14
0.47800000000000004,2.4391092396784058,2.3556874134919177,2.731688103217569,2.646486457292897,1.504056193664134,1.4455513106737623,0.29463949236308895,0.009833321368553315,0.2928218237803934,3.464762786711013e-15,7.970657627870703e-15,5.10702591327572e-14
0.47900000000000004,2.4366874809701615,2.35334825432234,2.7289787916713406,2.643861433543921,1.5064928811451042,1.4479046589280846,0.29434720105238693,0.009823528398289342,0.29253131060117243,2.7664255180332296e-15,3.842312061605804e-15,2.398081733190338e-14
0.48,2.4342681063788256,2.3510113984184473,2.7262721417168123,2.641238989154042,1.508927149251483,1.450255670326503,0.29405519701705,0.00981374513728229,0.29224108301043666,1.975071228964388e-15,1.9230635162200644e-15,7.105427357601002e-15
0.481,2.4318511135870406,2.348676843541914,2.7235681507929543,2.638619121637866,1.51135900036507,1.452604347170045,0.29376347997984315,0.009803971575980222,0.29195114073234074,2.241995168602834e-16,1.4095430075507213e-15,-1.1546319456101628e-14
0.482,2.4294365002798406,2.3463445874566338,2.720866816340845,2.6360018285120357,1.51378843686535,1.4549506917575015,0.29347204966378343,0.009794207704840517,0.29166148349128523,4.0804019438123e-16,1.6425898302514527e-15,-4.440892098500626e-15
0.483,2.4270242641445954,2.3440146279286918,2.7181681358036065,2.633387107295375,1.5162154611294947,1.4572947063854302,0.29318090579212586,0.009784453514329966,0.291372111011918,2.1851824041004636e-15,1.3912637344935846e-15,2.2648549702353193e-14
0.484,2.4246144028710597,2.3416869627264596,2.7154721066264904,2.630774955508827,1.5186400755323657,1.4596363933481566,0.29289004808836844,0.00977470899492427,0.29108302301913686,1.4411991757358104e-15,3.4077604795025923e-15,1.2434497875801753e-14
0.485,2.42220691415119,2.33936158962048,2.712778726256832,2.6281653706753745,1.521062282446517,1.4619757549377772,0.29259947627626365,0.009764974137108699,0.290794219238081,4.675758451499147e-15,2.0593594700841865e-15,1.9539925233402755e-14
0.486,2.419801795679403,2.337038506383495,2.7100879921440995,2.625558350320209,1.5234820842421963,1.4643127934441607,0.2923091900797994,0.00975524893137757,0.29050569939414445,8.910172236323897e-16,6.025643307062296e-16,9.325873406851315e-15
0.487,2.417399045152354,2.3347177107904344,2.707399901739879,2.6229538919706035,1.5258994832873487,1.466647511154951,0.29201918922320996,0.009745533368234506,0.29021746321296377,4.151957055588964e-15,3.629557677435318e-15,4.04121180963557e-14
0.488,2.4149986602690485,2.3323992006185095,2.704714452497866,2.6203519931559907,1.5283144819476178,1.4689799103555696,0.2917294734309809,0.009735827438192238,0.2899295104204282,4.5152467979006975e-16,6.990923339368533e-16,3.552713678800501e-15
0.489,2.412600638730733,2.330082973646979,2.702031641873935,2.6177526514079053,1.5307270825863486,1.4713099933292166,0.29144004242784005,0.009726131131772803,0.28964184074266586,4.006124251967702e-16,5.015136651330181e-15,2.531308496145357e-14
0.49,2.410204978241074,2.327769027657464,2.6993514673260113,2.6151558642600485,1.5331372875645897,1.4736377623568742,0.2911508959387542,0.009716444439507385,0.2893544539060617,1.2441598251071633e-15,2.5896584378651154e-15,8.881784197001252e-15
0.491,2.407811676505816,2.325457360433596,2.6966739263142427,2.612561629248248,1.5355450992410955,1.4759632197173078,0.2908620336889467,0.00970676735193631,0.289067349637249,4.18905643924138e-15,4.855119172822086e-15,2.3092638912203256e-14
0.492,2.405420731233271,2.323147969761323,2.6939990163008734,2.609969943910453,1.5379505199723287,1.4782863676870692,0.2905734554038779,0.009697099859609185,0.2887805276631008,2.472657973311964e-16,7.763143114610617e-16,1.7763568394002505e-15
0.493,2.403032140133786,2.3208408534286806,2.6913267347503043,2.60738080578682,1.5403535521124625,1.480607208540498,0.2902851608092605,0.009687441953084758,0.28849398771074064,7.837858256119555e-16,7.132151782815491e-16,-4.884981308350689e-15
0.494,2.4006459009201135,2.318536009225891,2.688657079129131,2.604794212419613,1.5427541980133825,1.482925744549724,0.28999714963105305,0.009677793622930846,0.28820772950754836,8.258569181197054e-17,4.954841576248249e-15,2.5757174171303632e-14
0.495,2.398262011307255,2.3162334349453935,2.685990046906073,2.6022101613532316,1.5451524600246898,1.4852419779846693,0.28970942159545543,0.009668154859724366,0.2879217527811409,1.7566885104775322e-15,3.1251832677304592e-15,1.2434497875801753e-14
0.496,2.3958804690124107,2.3139331283817244,2.683325635552025,2.599628650134263,1.5475483404937023,1.487555911113051,0.2894219764289142,0.009658525654051708,0.28763605725938757,1.6239644245627546e-15,5.317019665816267e-15,2.1316282072803006e-14
0.497,2.3935012717551745,2.3116350873315996,2.680663842540063,2.5970496763114097,1.5499418417654574,1.4898675462003825,0.28913481385812995,0.009648905996507962,0.28735064267040655,7.247795349278258e-16,1.8061619389982123e-15,9.325873406851315e-15
0.498,2.3911244172572497,2.309339309593895,2.678004665345409,2.5944732374356296,1.5523329661827145,1.4921768855099764,0.28884793361004313,0.009639295877697665,0.28706550874256653,3.109282366994942e-16,7.306707917408234e-15,3.419486915845482e-14
0.499,2.388749903242681,2.3070457929696544,2.6753481014454987,2.591899331059907,1.5547217160859572,1.494483931302946,0.28856133541183837,0.00962969528823434,0.28678065520447493,8.195907188488724e-16,2.602186278523313e-15,2.708944180085382e-14
0.5,2.386377727437696,2.3047545352620005,2.672694148319914,2.5893279547394634,1.557108093813395,1.496788685838208,0.2882750189909553,0.009620104218740643,0.2864960817849972,3.2504636466364613e-15,2.1438439703881904e-16,2.3092638912203256e-14
0.501,2.384007887570801,2.302465534276254,2.6700428034504156,2.586759106031739,1.5594921017009657,1.4990911513724843,0.28798898407507617,0.009610522659848296,0.2862117882132437,2.266149245393355e-15,8.251266072147703e-15,4.440892098500626e-14
0.502,2.381640381372791,2.3001787878198834,2.667394064321001,2.5841927824961997,1.5618737420823385,1.5013913301603041,0.2877032303921282,0.009600950602198116,0.28592777421856697,1.5608253756102372e-15,4.768791112184534e-15,1.5987211554602254e-14
0.503,2.379275206576547,2.297894293702454,2.664747928417811,2.581628981694613,1.564253017288915,1.5036892244540065,0.28741775767028893,0.009591388036440053,0.28564403953057405,8.749301676339538e-16,1.5051661620398218e-15,-1.3322676295501878e-15
0.504,2.3769123609172844,2.2956120497356407,2.662104393229197,2.5790677011908096,1.5666299296498323,1.5059848365037423,0.2871325656379757,0.009581834953233073,0.2853605838791197,1.7515979896526125e-15,2.7765608888537217e-15,2.1760371282653068e-14
0.505,2.3745518421324,2.293332053733326,2.6594634562457227,2.57650893855087,1.5690044814919646,1.5082781685574755,0.2868476540238613,0.009572291343245215,0.2850774069943025,1.5446067444415855e-15,7.648511671059913e-16,-8.881784197001252e-16
0.506,2.372193647961535,2.2910543035114124,2.656825114960124,2.573952691343021,1.571376675139926,1.510569222860987,0.286563022556864,0.009562757197153632,0.28479450860646993,2.7161929550533656e-15,3.084009528523232e-15,2.220446049250313e-15
0.507,2.3698377761465297,2.2887787968880113,2.6541893668673295,2.571398957137646,1.5737465129160726,1.512858001657875,0.2862786709661424,0.009553232505644424,0.28451188844622105,7.738380016120394e-16,3.6051823968768085e-15,-1.4654943925052066e-14
0.508,2.367484224431386,2.2865055316832783,2.6515562094644967,2.568847733507348,1.576113997140504,1.5151445071895582,0.28599459898110874,0.009543717259412844,0.28422954624439584,3.747420490249335e-15,3.803247070375052e-15,1.1546319456101628e-14
0.509,2.3651329905623464,2.2842345057195566,2.648925640251016,2.5662990180268177,1.5784791301310663,1.5174287416952776,0.2857108063314214,0.009534211449163062,0.2839474817320861,3.1015028347295007e-15,7.570786878092949e-16,2.220446049250313e-15
0.51,2.362784072287914,2.2819657168212237,2.6462976567284198,2.563752808273036,1.5808419142033543,1.5197107074120988,0.28542729274698003,0.009524715065608366,0.28366569464063546,9.649379200202045e-16,8.660920983041361e-16,2.6645352591003757e-15
0.511,2.36043746735868,2.279699162814781,2.6436722564004818,2.5612091018250633,1.583202351670713,1.5219904065749135,0.285144057957939,0.009515228099471024,0.2833841847016256,4.0945599303726534e-16,4.3672720689333615e-15,1.554312234475219e-14
0.512,2.3580931735274566,2.2774348415288923,2.641049436773194,2.558667896264204,1.5855604448442404,1.5242678414164423,0.2848611016946921,0.009505750541482264,0.28310295164689186,3.7833472870672705e-16,2.690221252522106e-15,8.881784197001252e-16
0.513,2.3557511885492954,2.275172750794226,2.638429195354778,2.5561291891738884,1.5879161960327897,1.5265430141672365,0.28457842368788655,0.009496282382382317,0.28282199520851187,3.4715125080041915e-16,4.169640987451865e-15,2.220446049250313e-14
0.514,2.3534115101813606,2.272912888443608,2.6358115296556095,2.5535929781397844,1.590269607542971,1.52881592705568,0.2842960236684129,0.009486823612920529,0.282541315118816,2.295579716580747e-15,4.608551230274611e-15,1.4654943925052066e-14
0.515,2.3510741361830743,2.270655252311949,2.633196437188404,2.551059260749684,1.5926206816791542,1.531086582307992,0.2840139013674079,0.009477374223855105,0.2822609111103776,2.6773225524706053e-15,2.9049653229910213e-15,1.9984014443252818e-14
0.516,2.3487390643159287,2.26839984023623,2.6305839154679136,2.5485280345936054,1.5949694207434701,1.5333549821482282,0.28373205651625677,0.009467934205953215,0.2819807829160197,1.2977863130114627e-15,2.3742000880802476e-15,2.353672812205332e-14
0.517,2.346406292343689,2.2661466500555374,2.6279739620112577,2.5459992972637284,1.5973158270358139,1.5356211287982837,0.28345048884658847,0.00945850354999094,0.28170093026881227,7.604342635099213e-16,1.2645905970489518e-15,8.881784197001252e-15
0.518,2.344075818032228,2.2638956796109877,2.6253665743377472,2.5434730463544093,1.599659902853846,1.5378850244778948,0.28316919809028107,0.009449082246753527,0.28142135290207004,2.103843174320691e-15,3.208266446027786e-15,1.9984014443252818e-14
0.519,2.341747639149602,2.261646926745842,2.6227617499688938,2.5409492794621866,1.6020016504929957,1.5401466714046406,0.2828881839794641,0.009439670287035061,0.2811420505493533,1.5027257956106977e-15,8.98988378725044e-15,3.907985046680551e-14
0.52,2.339421753466035,2.2594003893054477,2.620159486428392,2.5384279941857826,1.6043410722464617,1.542406071793946,0.2826074462465014,0.00943026766163836,0.28086302294447263,2.7330162709268905e-15,3.630140829480001e-15,1.3322676295501878e-14
0.521,2.3370981587538506,2.2571560651371607,2.6175597812422775,2.535909188126098,1.6066781704052155,1.5446632278590833,0.28232698462401173,0.009420874361375514,0.2805842698214844,1.7495951799829748e-15,2.1999489275339103e-15,-1.2434497875801753e-14
0.522,2.3347768527876487,2.2549139520904125,2.614962631938704,2.533392858886234,1.6090129472580033,1.5469181418111737,0.2820467988448615,0.009411490377067276,0.28030579091468805,1.2418542075383279e-15,2.421251875538448e-15,1.7319479184152442e-14
0.523,2.332457833344065,2.2526740480167544,2.6123680360480974,2.530879004071474,1.6113454050913474,1.5491708158591904,0.2817668886421579,0.009402115699543509,0.28002758595863225,1.9018178015657262e-15,4.584111128453336e-15,2.531308496145357e-14
0.524,2.330141098201895,2.250436350769786,2.6097759911031067,2.5283676212892505,1.6136755461895493,1.5514212522099602,0.28148725374925554,0.009392750319642748,0.27974965468811325,3.2756517489458317e-15,4.3910664544068275e-15,2.531308496145357e-14
0.525,2.327826645142148,2.2482008582051507,2.607186494638591,2.525858708149229,1.6160033728346914,1.5536694530681654,0.2812078938997593,0.009383394228212568,0.27947199683816976,1.5329946273001875e-15,5.725045050654672e-15,1.1102230246251565e-14
0.526,2.325514471947908,2.2459675681805407,2.6045995441916676,2.5233522622631672,1.6183288873066393,1.555915420636346,0.2809288088275164,0.009374047416109548,0.27919461214408753,2.1312739363350235e-16,2.2548944458910928e-15,2.7977620220553945e-14
0.527,2.3232045764044207,2.2437364785557596,2.6020151373016436,2.5208482812451565,1.6206520918830436,1.5581591571149016,0.28064999826662,0.009364709874198865,0.2789175003413988,5.44014650839049e-16,3.831623023924283e-15,5.773159728050814e-15
0.528,2.3208969562990576,2.241507587192571,2.599433271510132,2.5183467627113094,1.6229729888393427,1.5604006647020943,0.2803714619514088,0.009355381593354759,0.2786406611658788,7.367508673787981e-16,7.031619912305671e-15,2.531308496145357e-14
0.529,2.3185916094213086,2.2392808919549014,2.596853944360868,2.515847704279984,1.625291580448764,1.5626399455940492,0.28009319961646695,0.009346062564460264,0.27836409435355314,8.764286514549152e-16,9.37745127940346e-16,9.769962616701378e-15
0.53,2.3162885335628474,2.237056390708636,2.594277153399892,2.5133511035717953,1.6276078689823268,1.5648770019847578,0.2798152109966311,0.009336752778407346,0.2780877996406911,1.4657315446646964e-15,6.018573644175993e-15,2.398081733190338e-14
0.531,2.3139877265173707,2.2348340813217487,2.591702896175437,2.510856958209411,1.6299218567088443,1.5671118360660796,0.279537495826974,0.009327452226096669,0.27781177676380264,1.4457686155459184e-15,5.140214228082321e-15,2.2648549702353193e-14
0.532,2.3116891860808035,2.2326139616642537,2.5891311702380198,2.5083652658177686,1.632233545894925,1.5693444500277438,0.27926005384281577,0.009318160898437828,0.2775360254596485,1.3936044923131719e-15,3.850691303162311e-15,4.440892098500626e-15
0.533,2.30939291005113,2.230396029608179,2.586561973140337,2.505876024023917,1.6345429388049761,1.571574846057352,0.27898288477972705,0.009308878786349303,0.27726054546523377,3.5411252652250384e-15,1.3291435976657384e-15,8.881784197001252e-16
0.534,2.3070988962284735,2.228180283027582,2.58399530243729,2.503389230457175,1.6368500377012045,1.5738030263403795,0.2787059883735177,0.009299605880758247,0.27698533651780394,9.667207223830556e-16,7.971696380587563e-15,3.108624468950438e-14
0.535,2.3048071424150187,2.22596671979866,2.581431155686123,2.500904882748937,1.6391548448436195,1.576028993060178,0.27842936436024734,0.00929034217260081,0.27671039835485467,1.9783699836528487e-15,8.323659910184384e-16,1.1102230246251565e-14
0.536,2.302517646415112,2.223755337799498,2.5788695304462053,2.498422978532888,1.6414573624900346,1.5782527483979776,0.2781530124762145,0.009281087652821676,0.27643573071412186,4.735583993954004e-16,2.7773095122515532e-15,6.661338147750939e-15
0.537,2.300230406035214,2.2215461349102856,2.57631042427914,2.49594351544479,1.6437575928960697,1.5804742945328878,0.2778769324579721,0.009271842312374615,0.27616133333358645,1.8637950365966972e-15,5.337731488337701e-15,1.4210854715202004e-14
0.538,2.297945419083832,2.2193391090132435,2.573753834748856,2.4934664911226307,1.6460555383151536,1.582693633641901,0.2776011240423069,0.00926260614222199,0.2758872059514774,2.8038616446656753e-16,8.103601600469336e-15,1.865174681370263e-14
0.539,2.2956626833716416,2.2171342579925932,2.5711997594213933,2.490991903206548,1.6483512009985253,1.5849107678998937,0.27732558696625753,0.009253379133335009,0.27561334830626244,1.0902743464044803e-15,3.1087237123461617e-15,2.0872192862952943e-14
0.54,2.2933821967113492,2.2149315797346025,2.5686481958651024,2.4885197493389226,1.6506445831952365,1.5871256994796283,0.27705032096710186,0.009244161276693658,0.27533976013665956,2.4528527008447765e-15,6.692068798650813e-17,3.552713678800501e-15
0.541,2.291103956917812,2.2127310721275237,2.5660991416505086,2.486050027164225,1.6529356871521543,1.589338430551756,0.276775325782372,0.009234952563286684,0.27506644118162055,5.624451170208427e-16,8.596686708035618e-16,1.3322676295501878e-15
0.542,2.2888279618079377,2.2105327330616484,2.563552594350426,2.4835827343291474,1.6552245151139622,1.5915489632848177,0.2765006011498287,0.00922575298411154,0.27479339118035356,1.5482605357042228e-15,2.179245800929439e-15,1.1546319456101628e-14
0.543,2.2865542092007676,2.2083365604293004,2.561008551539858,2.4811178684825586,1.657511069323163,1.593757299845247,0.27622614680748786,0.009216562530174461,0.2745206098723017,4.562693602547295e-15,2.1814107720556677e-15,2.220446049250313e-15
0.544,2.2842826969174146,2.20614255212479,2.5584670107960106,2.4786554272754713,1.6597953520200803,1.5959634423973716,0.27595196249361115,0.009207381192490417,0.27424809699715225,2.5385532299814306e-15,7.950463170573804e-16,-2.6645352591003757e-15
0.545,2.2820134227810174,2.2039507060444277,2.5559279696983985,2.476195408361092,1.6620773654428613,1.5981673931034162,0.27567804794669293,0.009198208962083069,0.2739758522948337,1.5745977633090682e-15,1.65892609979109e-15,-1.0658141036401503e-14
0.546,2.279746384616862,2.201761020086547,2.553391425828681,2.473737809394804,1.6643571118274783,1.6003691541235028,0.275404402905481,0.009189045829984886,0.27370387550552466,7.391656143163527e-16,3.66897138081547e-15,1.2878587085651816e-14
0.547,2.2774815802523287,2.199573492151504,2.550857376770792,2.4712826280341216,1.6666345934077307,1.6025687276156544,0.2751310271089635,0.009179891787236974,0.27343216636964374,1.958558583599757e-15,4.750815771626498e-15,3.197442310920451e-14
0.548,2.2752190075168097,2.1973881201416616,2.5483258201108927,2.4688298619387905,1.6689098124152475,1.604766115735796,0.2748579202963689,0.009170746824889142,0.2731607246278444,2.1783380599597825e-16,2.3046922304867236e-15,2.0872192862952943e-14
0.549,2.272958664241811,2.1952049019613322,2.5457967534373234,2.466379508770679,1.6711827710794893,1.6069613206377573,0.2745850822071738,0.009161610933999897,0.2728895500210361,3.1617280199860835e-16,4.906556726319057e-15,2.3092638912203256e-14
0.55,2.2707005482609057,2.1930238355168776,2.5432701743406776,2.4639315661938177,1.6734534716277503,1.609154344473274,0.2743125125810943,0.00915248410563651,0.2726186422903592,2.2372349814069494e-15,2.252950203361745e-16,9.325873406851315e-15
0.551,2.268444657409709,2.1908449187166266,2.540746080413798,2.461486031874458,1.67572191628516,1.6113451893919908,0.27404021115808946,0.009143366330874737,0.2723480011772018,2.41424448446063e-15,1.4658725596277498e-15,7.549516567451064e-15
0.552,2.2661909895259567,2.188668149470877,2.5382244692517295,2.459042903480937,1.6779881072746858,1.6135338575414617,0.2737681776783643,0.009134257600799282,0.27207762642319183,1.4871648782262111e-15,4.955056976847745e-15,1.3766765505351941e-14
0.553,2.2639395424494047,2.186493525692004,2.535705338451705,2.4566021786838124,1.6802520468171351,1.6157203510671538,0.27349641188236057,0.009125157906503204,0.27180751777020024,1.8170193051719845e-15,6.406170079395361e-15,2.6201263381153694e-14
0.554,2.2616903140218785,2.1843210452943067,2.533188685613227,2.4541638551557843,1.682513737131157,1.6179046721124482,0.27322491351076983,0.00911606723908853,0.27153767496033776,2.213268323121306e-15,6.559559510765836e-15,3.3306690738754696e-14
0.555,2.2594433020872713,2.1821507061940992,2.5306745083379774,2.451727930571724,1.6847731804332442,1.6200868228186422,0.27295368230451894,0.00910698558966568,0.27126809773596006,9.870893302067387e-17,1.2339696033882754e-15,2.220446049250313e-14
0.556,2.257198504491538,2.1799825063096283,2.5281628042299205,2.449294402608681,1.6870303789377357,1.6222668053249518,0.2726827180047803,0.009097912949353823,0.2709987858396602,3.2825880893382067e-15,4.430839369147419e-15,3.6415315207705135e-14
0.557,2.2549559190826614,2.1778164435612015,2.5256535708951544,2.446863268945836,1.6892853348568184,1.6244446217685131,0.2724120203529667,0.009088849309280724,0.27072973901427705,4.934268735438799e-15,4.877631564538674e-15,8.881784197001252e-15
0.558,2.252715543710688,2.1756525158710396,2.5231468059421043,2.4444345272644825,1.691538050400529,1.626620274284384,0.27214158909073605,0.00907979466058282,0.27046095700288403,1.474051023799053e-15,1.2830697691363129e-15,5.329070518200751e-15
0.559,2.2504773762277104,2.1734907211633656,2.520642506981284,2.442008175248181,1.6937885277767568,1.6287937650055475,0.2718714239599823,0.009070748994405152,0.2701924395487996,2.0701262480840046e-15,2.7960068564270127e-15,1.9984014443252818e-14
0.56,2.2482414144878975,2.171331057364404,2.518140671625496,2.439584210582569,1.6960367691912448,1.6309650960629118,0.2716015247028458,0.009061712301901205,0.2699241863955811,4.80570093036244e-15,4.23230896651376e-15,3.019806626980426e-14
0.561,2.2460076563474223,2.1691735224023376,2.5156412974897604,2.437162630955463,1.6982827768475923,1.6331342695853142,0.27133189106170175,0.0090526845742333,0.2696561972870273,2.1514741590736097e-15,3.302658930633946e-16,-4.440892098500626e-16
0.562,2.2437760996645184,2.1670181142072917,2.513144382191287,2.4347434340568395,1.7005265529472569,1.6353012876995214,0.27106252277917686,0.009043665802572222,0.26938847196717697,1.0050188118598835e-15,3.0779446045093558e-15,-5.329070518200751e-15
0.5630000000000001,2.2415467422994793,2.16486483071136,2.51064992334951,2.432326617578765,1.7027680996895562,1.6374661525302328,0.27079341959812536,0.009034655978097274,0.2691210101803108,2.244192548539667e-15,7.930729743879713e-15,4.04121180963557e-14
0.5640000000000001,2.2393195821146024,2.162713669848701,2.508157918586077,2.429912179215562,1.7050074192716709,1.6396288662000815,0.2705245812616551,0.009025655091996525,0.2688538116709435,1.239405400240053e-15,4.797433363343811e-15,2.842170943040401e-14
0.5650000000000001,2.2370946169742068,2.160564629555334,2.505668365524826,2.42750011666363,1.7072445138886452,1.6417894308296368,0.27025600751310436,0.00901666313546642,0.26858687618383603,8.197064798422895e-16,6.631609921069854e-16,-1.3322676295501878e-15
0.5660000000000001,2.2348718447447213,2.1584177077692415,2.5031812617918363,2.425090427621544,1.7094793857333899,1.643947848537406,0.26998769809605583,0.009007680099712069,0.2683202034639829,2.0734785448207146e-15,4.257603762487539e-15,2.042810365310288e-14
0.5670000000000001,2.232651263294514,2.15627290243044,2.500696605015343,2.4226831097899972,1.7117120369966843,1.6461041214398364,0.2697196527543364,0.00899870597594701,0.2680537932566231,4.772629150927007e-16,2.7610271010418734e-15,2.1316282072803006e-14
0.5680000000000001,2.2304328704940475,2.1541302114808647,2.4982143928258504,2.4202781608718698,1.7139424698671784,1.6482582516513173,0.26945187123200426,0.00898974075539348,0.26778764530723226,6.33279439360405e-16,1.720189195461961e-16,1.7319479184152442e-14
0.5690000000000001,2.2282166642157804,2.1519896328643844,2.495734622856001,2.4178755785721617,1.7161706865313942,1.6504102412841817,0.26918435327336415,0.008980784429282107,0.2675217593615251,2.213119735138133e-15,4.212911673871659e-15,2.2648549702353193e-14
0.5700000000000001,2.2260026423342114,2.14985116452687,2.493257292740732,2.415475360597998,1.7183966891737283,1.6525600924487085,0.26891709862295765,0.00897183698885215,0.2672561351654541,2.148525188079501e-15,1.5972114944767212e-15,1.6431300764452317e-14
0.5710000000000001,2.223790802725819,2.1477148044161227,2.4907824001170837,2.413077504658677,1.7206204799764542,1.6547078072531247,0.26865010702556635,0.00896289842535124,0.26699077246521014,8.023187590499039e-16,9.546783191379739e-16,1.1102230246251565e-14
0.5720000000000001,2.221581143269156,2.145580550481863,2.488309942624368,2.4106820084656286,1.7228420611197233,1.6568533878036067,0.26838337822621183,0.008953968730035787,0.2667256710072279,2.9336041551204703e-15,6.309440807187078e-15,2.353672812205332e-14
0.5730000000000001,2.219373661844799,2.143448400675859,2.485839917904039,2.4082888697323983,1.725061434781568,1.6589968362042826,0.26811691197015347,0.008945047894170348,0.26646083053817005,1.4738422835981079e-15,2.3511039297447202e-15,9.325873406851315e-15
0.5740000000000001,2.217168356335264,2.141318352951698,2.483372323599794,2.405898086174685,1.7272786031379033,1.6611381545572343,0.26785070800288724,0.008936135909028146,0.26619625080494774,6.817705490488552e-16,8.883083347065145e-16,1.199040866595169e-14
0.5750000000000001,2.2149652246251406,2.139190405264989,2.48090715735755,2.403509655510357,1.7294935683625283,1.6632773449624993,0.2675847660701546,0.008927232765891002,0.265931931554702,2.9311700720958325e-15,3.337353496594771e-15,1.7319479184152442e-14
0.5760000000000001,2.212764264601041,2.137064555573308,2.478444416825297,2.401123575459367,1.7317063326271294,1.6654144095180727,0.26731908591793196,0.008918338456048922,0.2656678725348173,9.518970493397006e-16,2.057575257715245e-15,1.7763568394002505e-15
0.577,2.2105654741515397,2.1349408018360867,2.4759840996533757,2.398739843743778,1.733916898101281,1.6675493503199088,0.2670536672924285,0.008909452970800695,0.26540407349290923,6.72595004616901e-16,5.438322364707015e-16,1.3322676295501878e-14
0.578,2.2083688511672466,2.1328191420147733,2.473526203494229,2.3963584580878963,1.736125266952448,1.6696821694619235,0.2667885099401037,0.00890057630145339,0.2651405341768358,1.1221055825654863e-15,2.432303422557618e-15,9.325873406851315e-15
0.579,2.2061743935407705,2.130699574072697,2.4710707260025235,2.3939794162180084,1.738331441345989,1.6718128690359961,0.2665236136076395,0.008891708439322523,0.26487725433469,1.1232206073085342e-15,3.060791547699246e-15,2.6645352591003757e-14
0.58,2.203982099166725,2.1285820959752026,2.4686176648350857,2.3916027158626694,1.7405354234451558,1.6739414511319712,0.266258978041972,0.008882849375732057,0.2646142337148028,2.4285673793784364e-15,3.945845874284297e-16,-1.3322676295501878e-14
0.581,2.2017919659417515,2.1264667056894555,2.466167017650947,2.389228354752436,1.7427372154110976,1.6760679178376607,0.2659946029902617,0.00887399910201447,0.26435147206574017,9.003632087194613e-16,6.737838107874291e-16,7.105427357601002e-15
0.582,2.199603991764416,2.1243534011846434,2.4637187821113304,2.3868563306200796,1.744936819402862,1.6781922712388453,0.265730488199917,0.008865157609510618,0.2640889691363041,2.9290882191835414e-16,1.8140470963802207e-15,1.3322676295501878e-14
0.583,2.1974181745353634,2.1222421804318237,2.4612729558796533,2.3844866412004873,1.7471342375773975,1.6803145134192772,0.2654666334185713,0.008856324889569648,0.26382672467553425,4.397998387069006e-16,2.2698123577336417e-15,8.881784197001252e-15
0.584,2.195234512157164,2.1201330414040607,2.4588295366214785,2.3821192842305905,1.7493294720895547,1.6824346464606812,0.2652030383941067,0.008847500933549414,0.2635647384327093,3.4880306818721932e-15,2.073990371635686e-15,-1.3322676295501878e-15
0.585,2.19305300253444,2.118025982076223,2.45638852200461,2.3797542574495467,1.7515225250920892,1.6845526724427575,0.2649397028746364,0.00883868573281587,0.2633030101573362,1.68360205630408e-15,5.78495256905487e-15,2.2648549702353193e-14
0.586,2.1908736435737737,2.115921000425234,2.4539499096989674,2.377391558598542,1.753713398735663,1.6866685934431827,0.26467662660851105,0.008829879278743548,0.2630415395991633,1.492995422108046e-15,6.561238698592357e-15,1.9984014443252818e-14
0.587,2.188696433183718,2.11381809442987,2.4515136973767206,2.3750311854209234,1.7559020951688467,1.6887824115376124,0.2644138093443196,0.00882108156271526,0.2627803265081714,1.8114898167824513e-16,3.085210841653609e-15,2.7977620220553945e-14
0.588,2.1865213692748675,2.111717262070807,2.4490798827121307,2.3726731356621698,1.7580886165381215,1.6908941287996833,0.2641512508308819,0.008812292576122288,0.2625193706345804,1.0199756337226096e-15,3.4626136481851933e-15,2.3092638912203256e-14
0.589,2.1843484497597494,2.109618501330694,2.446648463381719,2.370317407069834,1.7602729649878812,1.693003747301014,0.2638889508172591,0.008803512310364168,0.2622586717288406,1.0663665609986991e-15,2.505864051805282e-15,2.1316282072803006e-14
0.59,2.1821776725529034,2.1075218101940627,2.4442194370641377,2.367963997393614,1.762455142660434,1.695111269111208,0.26362690905274927,0.008794740756849037,0.26199822954164215,1.975874213209071e-15,1.980896789057721e-15,5.329070518200751e-15
0.591,2.1800090355708264,2.105427186647338,2.4417928014402075,2.3656129043852885,1.7646351516960048,1.6972166962978554,0.26336512528687883,0.008785977906993009,0.2617380438239041,1.9437371702763435e-15,3.461214973689115e-15,1.0658141036401503e-14
0.592,2.1778425367320033,2.10333462867892,2.4393685541929635,2.363264125798739,1.7668129942327369,1.6993200309265344,0.2631035992694182,0.00877722375222087,0.261478114326784,7.395817298353046e-16,2.8069577580090852e-15,2.353672812205332e-14
0.593,2.175678173956897,2.1012441342790638,2.436946693007574,2.3609176593900165,1.7689886724066937,1.7014212750608135,0.26284233075036667,0.008768478283965488,0.2612184408016736,2.289287129155962e-15,5.019925511055593e-15,2.7977620220553945e-14
0.594,2.1735159451679906,2.099155701439994,2.4345272155713498,2.3585735029172015,1.7711621883518616,1.7035204307622536,0.2625813194799636,0.008759741493668436,0.26095902300019685,2.1661533842133958e-16,4.824859597690198e-16,4.440892098500626e-15
0.595,2.1713558482896227,2.097069328155751,2.432110119573818,2.3562316541405517,1.7733335442001512,1.7056175000904092,0.26232056520867897,0.008751013372779228,0.26069986067421014,1.2553351483337362e-16,6.007619640919387e-16,-8.881784197001252e-16
0.596,2.1691978812482335,2.0949850124223373,2.429695402706675,2.353892110822344,1.7755027420813994,1.7077124851028316,0.26206006768722034,0.008742293912755801,0.2604409535758125,3.0386455460765346e-15,2.1224437551081404e-16,1.9984014443252818e-14
0.597,2.1670420419721363,2.09290275223767,2.4272830626637587,2.3515548707270377,1.7776697841233715,1.7098053878550692,0.26179982666653023,0.008733583105064457,0.26018230145732035,2.2640968646909705e-15,1.19211045086599e-15,1.2434497875801753e-14
0.598,2.1648883283916396,2.0908225456015233,2.424873097141048,2.3492199316211293,1.779834672451763,1.7118962104006707,0.2615398418977805,0.00872488094117983,0.25992390407130156,1.7970529578605313e-15,8.211289540503213e-15,3.1530333899354446e-14
0.599,2.1627367384390963,2.0887443905156555,2.422465503836714,2.3468872912732426,1.7819974091902022,1.7139849547911865,0.2612801131323828,0.008716187412584772,0.2596657611705456,7.791149714509962e-16,2.1051255754602605e-15,7.105427357601002e-15
0.6,2.1605872700486772,2.086668284983603,2.4200602804510885,2.3445569474541075,1.784157996460251,1.7160716230761701,0.2610206401219793,0.00870750251077038,0.2594078725080744,8.831099537756422e-16,3.089797090894064e-15,1.3322676295501878e-14
0.601,2.1584399211566248,2.0845942270108777,2.4176574246866376,2.3422288979365167,1.7863164363814077,1.718156217303181,0.2607614226184506,0.008698826227236134,0.2591502378371486,2.2042289630390812e-15,6.470138037953723e-15,2.398081733190338e-14
0.602,2.156294689701107,2.0825222146048814,2.41525693424799,2.3399031404953554,1.7884727310711088,1.7202387395177858,0.2605024603739035,0.00869015855348972,0.2588928569112581,8.044238546815141e-17,2.2537511385420413e-15,1.199040866595169e-14
0.603,2.1541515736222006,2.080452245774881,2.4128588068419403,2.3375796729076557,1.7906268826447311,1.7223191917635607,0.26024375314068304,0.008681499481047055,0.2586357294841252,1.2768541966063845e-15,4.986928100749553e-16,4.440892098500626e-15
0.604,2.152010570862012,2.078384318532028,2.410463040177434,2.335258492952473,1.7927788932155932,1.7243975760820929,0.2599853006713682,0.008672849001432373,0.2583788553097054,1.6235619864619905e-15,4.4808110274176435e-15,3.6415315207705135e-14
0.605,2.1498716793645865,2.076318430889403,2.4080696319655384,2.332939598411005,1.794928764894958,1.7264738945129823,0.25972710271876626,0.008664207106178039,0.25812223414218377,9.336115513532285e-16,7.066969040652861e-15,2.1760371282653068e-14
0.606,2.1477348970758987,2.0742545808619575,2.4056785799195217,2.3306229870664392,1.7970764997920339,1.7285481490938441,0.2594691590359235,0.008655573786824898,0.25786586573597975,3.5304825047187333e-15,5.597267602584451e-16,1.0658141036401503e-14
0.607,2.1456002219438792,2.0721927664664817,2.4032898817547204,2.328308656704188,1.7992221000139779,1.7306203418603106,0.2592114693761125,0.008646949034921686,0.25760974984574125,5.659006079503062e-16,6.0319842994479085e-15,2.7977620220553945e-14
0.608,2.143467651918399,2.0701329857217305,2.400903535188715,2.325996605111618,1.8013655676658962,1.7326904748460323,0.25895403349284235,0.008638332842025634,0.25735388622635147,1.6184659355264845e-16,1.849578890600334e-15,1.4210854715202004e-14
0.609,2.141337184951278,2.068075236648256,2.39851953794117,2.3236868300782767,1.8035069048508474,1.7347585500826805,0.2586968511398531,0.008629725199702,0.25709827463292045,2.6615511321097397e-16,7.202610902459932e-15,2.1760371282653068e-14
0.61,2.139208818996289,2.066019517268582,2.3961378877338713,2.3213793293957106,1.8056461136698436,1.7368245695999491,0.25843992207111477,0.008621126099524428,0.25684291482079374,1.8533541501238747e-16,4.447818587107765e-15,1.4210854715202004e-14
0.611,2.1370825520091605,2.063965825607016,2.3937585822908134,2.3190741008575833,1.8077831962218527,1.738888535425556,0.25818324604083304,0.008612535533074577,0.2565878065455442,3.292973457371398e-15,2.668950233197127e-15,7.105427357601002e-15
0.612,2.134958381947535,2.0619141596898007,2.391381619338051,2.316771142259634,1.8099181546038001,1.740950449585246,0.25792682280344337,0.008603953491942451,0.25633294956297303,2.1820223813473297e-15,6.133905268408043e-15,1.3766765505351941e-14
0.613,2.1328363067709915,2.0598645175450163,2.3890069966038103,2.3144704513996457,1.812050990910571,1.7430103141027908,0.25767065211361057,0.008595379967726049,0.2560783436291201,1.0688595555676091e-15,5.756252488531552e-15,2.6645352591003757e-14
0.614,2.130716324441065,2.0578168972026853,2.386634711818503,2.312172026077528,1.8141817072350122,1.7450681309999936,0.2574147337262335,0.008586814952031722,0.2558239885002454,8.140710781892689e-17,2.796958463948078e-15,-1.3766765505351941e-14
0.615,2.1285984329212084,2.0557712966945862,2.384264762714594,2.3098758640952246,1.8163103056679333,1.7471239022966882,0.25715906739643946,0.008578258436473963,0.2555698839328435,1.7694542819029199e-15,2.355145099017759e-15,6.661338147750939e-15
0.616,2.1264826301768123,2.0537277140544727,2.3818971470267183,2.3075819632567427,1.81843678829811,1.7491776300107427,0.2569036528795897,0.008569710412675294,0.2553160296836407,1.6197277936154042e-15,2.4055982459194508e-17,8.881784197001252e-15
0.617,2.1243689141752196,2.0516861473179016,2.379531862491649,2.3052903213681812,1.8205611572122853,1.7512293161580605,0.2566484899312722,0.00856117087226651,0.2550624255095916,3.9658623017690116e-16,7.561087349844141e-15,2.042810365310288e-14
0.618,2.122257282885674,2.0496465945223616,2.3771689068482367,2.3030009362376496,1.822683414495171,1.7532789627525829,0.25639357830731185,0.00855263980688645,0.2548090711678759,1.891495062373763e-15,3.181706028524983e-15,-5.329070518200751e-15
0.619,2.120147734279343,2.0476090537070886,2.3748082778375337,2.3007138056754184,1.8248035622294503,1.75532657180629,0.25613891776375247,0.008544117208182211,0.25455596641590833,2.641375368138772e-15,4.680792244693197e-15,1.554312234475219e-14
0.62,2.1180402663293374,2.0455735229133123,2.3724499732026523,2.2984289274937137,1.8269216024957797,1.7573721453292033,0.25588450805687984,0.00853560306780891,0.254303111011327,2.760992189203428e-15,4.468079415003268e-16,-8.881784197001252e-16
0.621,2.115934877010718,2.043540000184023,2.370093990688907,2.2961462995068915,1.8290375373727905,1.7594156853293872,0.25563034894320075,0.008527097377429835,0.25405050471200447,3.0916377119694756e-15,2.598897447711311e-15,1.687538997430238e-14
0.622,2.1138315643003955,2.0415084835641375,2.3677403280435914,2.2938659195313673,1.8311513689370909,1.7614571938129513,0.25537644017945665,0.008518600128716358,0.25379814727603667,1.430131583687914e-15,6.606551916177181e-15,1.9539925233402755e-14
0.623,2.11173032617726,2.0394789711003867,2.365388983016254,2.291587785385549,1.8332630992632681,1.7634966727840518,0.25512278152261886,0.008510111313348005,0.25354603846175205,2.827904319921568e-15,3.342895663333603e-15,1.021405182655144e-14
0.624,2.109631160622108,2.0374514608413783,2.3630399533585433,2.2893118948899494,1.8353727304238903,1.7655341242448932,0.2548693727298824,0.008501630923012276,0.2532941780277034,9.514022907952166e-16,1.648861516926245e-15,9.325873406851315e-15
0.625,2.107534065617635,2.035425950837537,2.3606932368241536,2.2870382458671363,1.8374802644895079,1.7675695501957307,0.25461621355867575,0.008493158949404951,0.25304256573267414,2.5983817445531666e-15,2.0388538372071264e-15,1.7763568394002505e-14
0.626,2.1054390391484485,2.0334024391411876,2.3583488311689003,2.284766836141726,1.8395857035286562,1.769602952634872,0.25436330376665583,0.008484695384229718,0.25279120133567384,3.1305729738454084e-15,3.3285793536485845e-15,2.6201263381153694e-14
0.627,2.1033460792011156,2.0313809238065077,2.3560067341508217,2.282497663540372,1.8416890496078573,1.7716343335586786,0.25411064311170556,0.008476240219198404,0.25254008459593924,1.7671156376575186e-16,1.848346905657624e-15,-4.884981308350689e-15
0.628,2.1012551837640596,2.0293614028894575,2.3536669435299515,2.280230725891761,1.8437903047916213,1.773663694961568,0.2538582313519399,0.008467793446030889,0.2522892152729357,2.476421269077443e-16,4.990629182034818e-16,3.552713678800501e-15
0.629,2.0991663508276233,2.027343874447871,2.351329457068461,2.277966021026667,1.845889471142449,1.7756910388360159,0.2536060682456982,0.00845935505645516,0.25203859312635674,2.8330092695967986e-15,7.590861079105849e-15,3.241851231905457e-14
0.63,2.097079578384078,2.0253283365414925,2.3489942725306165,2.2757035467778657,1.847986550720833,1.7777163671725573,0.2533541535515522,0.00845092504220711,0.25178821791612255,1.0634346088530305e-15,3.8906775154971054e-15,2.708944180085382e-14
0.631,2.0949948644276057,2.0233147872318344,2.346661387682848,2.273443300980213,1.8500815455852606,1.7797396819597893,0.253102487028297,0.00844250339503092,0.251538089402373,1.4074947138075236e-15,2.4905558115951414e-15,1.2878587085651816e-14
0.632,2.09291220695426,2.0213032245822524,2.3443308002936427,2.2711852814705815,1.8521744577922148,1.7817609851843714,0.2528510684349573,0.008434090106678513,0.25128820734548557,4.498989107090982e-16,3.2996010837863036e-15,1.3766765505351941e-14
0.633,2.090831603962029,2.0192936466579856,2.3420025081335587,2.2689294860878806,1.8542652893961769,1.7837802788310295,0.25259989753078604,0.008425685168910032,0.2510385715060551,4.835295782924391e-15,1.7860026346031952e-15,1.4654943925052066e-14
0.634,2.0887530534507537,2.0172860515260664,2.3396765089753666,2.2666759126730955,1.8563540424496277,1.7857975648825555,0.25234897407526,0.008417288573493666,0.25078918164490877,1.3049296798112705e-15,4.689856808091056e-15,2.3092638912203256e-14
0.635,2.086676553422233,2.0152804372554014,2.337352800593794,2.2644245590691727,1.8584407190030499,1.7878128453198108,0.2520982978280885,0.008408900312205451,0.250540037523095,7.006126592896406e-16,3.7936130919585065e-15,2.353672812205332e-14
0.636,2.0846021018801157,2.0132768019166867,2.335031380765752,2.2621754231211915,1.86052532110493,1.7898261221217275,0.25184786854920344,0.008400520376829571,0.25029113890189075,2.3416594917391555e-15,4.4047210239172554e-15,1.4654943925052066e-14
0.637,2.08252969683001,2.011275143582502,2.332712247270209,2.2599285026761593,1.86260785080176,1.79183739726531,0.25159768599876325,0.008392148759158113,0.25004248554279646,6.187175180743669e-16,4.513494133405036e-15,1.021405182655144e-14
0.638,2.0804593362792967,2.0092754603272254,2.330395397888264,2.257683795583181,1.8646883101380394,1.7938466727256372,0.2513477499371547,0.008383785450991211,0.24979407720753993,1.5006906256072726e-15,4.794592808466879e-15,1.7319479184152442e-14
0.639,2.0783910182374012,2.007277750227075,2.328080830403065,2.255441299693385,1.8667667011562767,1.7958539504758644,0.2510980601249902,0.008375430444136887,0.24954591365807366,2.9209106217552367e-15,2.2520073292754736e-15,-1.3322676295501878e-15
0.64,2.0763247407155183,2.0052820113600633,2.325768542599878,2.2532010128598907,1.8688430258969924,1.7978592324872245,0.25084861632310457,0.008367083730411314,0.24929799465657507,2.4106553045427372e-15,5.530910637928239e-15,2.9753977059954195e-14
0.641,2.0742605017267746,2.0032882418061004,2.323458532266047,2.2509629329378904,1.8709172863987191,1.7998625207290306,0.2505994182925647,0.0083587453016384,0.24905031996544394,1.3200111226154675e-15,2.7867007480861224e-15,4.884981308350689e-15
0.642,2.0721982992861725,2.0012964396468513,2.321150797190995,2.2487270577845386,1.8729894846980053,1.8018638171686774,0.25035046579466,0.008350415149650266,0.24880288934730493,4.543917933596939e-16,8.886811929474976e-16,8.43769498715119e-15
0.643,2.0701381314106357,1.9993066029658306,2.3188453351662437,2.2464933852590963,1.8750596228294159,1.8038631237716432,0.2501017585909062,0.008342093266286725,0.24855570256501175,2.5255787292419198e-15,3.860958343700491e-15,1.9984014443252818e-14
0.644,2.068079996118916,1.9973187298483686,2.3165421439853517,2.244261913222778,1.8771277028255349,1.8058604425014915,0.249853296443039,0.008333779643395742,0.24830875938163835,1.6474518527788604e-15,6.597981948405609e-15,2.2426505097428162e-14
0.645,2.066023891431694,1.9953328183816381,2.314241221444031,2.2420326395387837,1.8791937267169665,1.8078557753198732,0.2496050791130273,0.008325474272833068,0.2480620595604807,4.137716284137825e-16,7.984873171054008e-16,1.0880185641326534e-14
0.646,2.0639698153715096,1.9933488666545973,2.3119425653400185,2.2398055620724597,1.881257696532338,1.8098491241865278,0.2493571063630571,0.00831717714646253,0.24781560286506243,2.2509946855730087e-15,1.809225813392606e-15,1.9984014443252818e-15
0.647,2.061917765962748,1.9913668727580136,2.309646173473149,2.2375806786910215,1.8833196142983006,1.8118404910592858,0.24910937795554886,0.008308888256155694,0.24756938905913087,1.2017241400180043e-15,5.910639069597326e-15,3.930189507173054e-14
0.648,2.0598677412317294,1.9893868347845252,2.307352043645309,2.235357987263802,1.8853794820395324,1.8138298778940702,0.24886189365313327,0.00830060759379221,0.24732341790664905,6.435616530757771e-16,7.760383284738222e-16,4.884981308350689e-15
0.649,2.057819739206633,1.9874087508285283,2.305060173660495,2.233137485662088,1.8874373017787391,1.8158172866448987,0.24861465321867984,0.00829233515125954,0.24707768917181677,1.8061725198838776e-15,5.903755815336609e-16,-8.881784197001252e-16
0.65,2.0557737579174584,1.9854326189862033,2.3027705613247424,2.230919171759215,1.8894930755366566,1.8178027192638848,0.24836765641527356,0.008284070920452934,0.24683220261904276,1.5186934322963425e-15,9.56115314737777e-15,3.4861002973229915e-14
0.651,2.053729795396134,1.9834584373556514,2.3004832044461656,2.2287030434304618,1.8915468053320528,1.8197861777012405,0.24812090300622366,0.008275814893275852,0.2465869580129689,2.07519837426394e-15,5.355086470537626e-15,1.6653345369377348e-14
0.652,2.051687849676436,1.981486204036673,2.2981981008349357,2.2264890985531633,1.8935984931817291,1.8217676639052771,0.24787439275506434,0.008267567061639322,0.24634195511845228,5.736624015411913e-16,2.3498547587526563e-15,1.7319479184152442e-14
0.653,2.0496479187940166,1.9795159171309054,2.295915248303309,2.224277335006678,1.895648141100523,1.823747179822408,0.24762812542555643,0.008259327417462374,0.24609719370057703,2.7260946613554847e-15,5.0662583854056874e-15,2.4646951146678475e-14
0.654,2.0476100007863667,1.977547574741825,2.293634644665629,2.2220677506723385,1.8976957511013095,1.82572472739715,0.24738210078167627,0.008251095952671922,0.24585267352464588,3.0978897943167703e-15,6.076811804193581e-15,2.1538326677728037e-14
0.655,2.0455740936928795,1.9755811749746615,2.291356287738209,2.219860343433439,1.8997413251950024,1.8277003085721246,0.2471363185876304,0.008242872659202762,0.2456083943561877,3.621836182126373e-15,3.6884729396743867e-16,5.10702591327572e-15
0.656,2.043540195554769,1.9736167159364864,2.2890801753395307,2.217655111175334,1.9017848653905571,1.8296739252880612,0.24689077860784583,0.008234657528997377,0.2453643559609487,9.336410954179114e-16,1.7083973303339321e-15,5.773159728050814e-15
0.657,2.041508304415152,1.9716541957361007,2.286806305290067,2.2154520517853635,1.9038263736949723,1.8316455794837974,0.24664548060697103,0.008226450554006271,0.24512055810489877,2.8583260603925462e-15,2.0295646868585497e-15,2.3314683517128287e-14
0.658,2.0394784183189647,1.9696936124842002,2.2845346754123708,2.213251163152827,1.9058658521132912,1.8336152730962816,0.2464004243498773,0.008218251726187757,0.24487700055422992,1.7252054783138166e-15,4.953550934795726e-16,1.3100631690576847e-14
0.659,2.0374505353130252,1.9677349642932094,2.282265283531062,2.211052443169074,1.9079033026486043,1.8355830080605748,0.24615560960165858,0.00821006103750793,0.24463368307535543,4.8706467711154416e-15,4.048376674056069e-15,1.3988810110276972e-14
0.66,2.0354246534460305,1.9657782492773772,2.27999812747276,2.2088558897273756,1.9099387273020503,1.8375487863098523,0.24591103612763252,0.00820187847994069,0.24439060543490473,3.2868471802327573e-16,1.3131040668258397e-15,-1.3322676295501878e-15
0.661,2.0334007707684374,1.9638234655527114,2.2777332050662116,2.2066615007230412,1.9119721280728188,1.839512609775405,0.24566670369333504,0.00819370404546779,0.24414776739973473,1.0053130819695035e-15,4.2136584284400104e-15,1.7319479184152442e-14
0.662,2.031378885332682,1.9618706112370317,2.2754705141421376,2.2044692740533502,1.9140035069581516,1.841474480386642,0.24542261206452595,0.008185537726078794,0.24390516873691898,4.2692056016961894e-17,5.36988795416493e-15,2.7533531010703882e-14
0.663,2.029358995192937,1.9599196844499724,2.2732100525333685,2.202279207617608,1.9160328659533445,1.843434400071092,0.24517876100718586,0.008177379513771076,0.24366280921375122,2.5335458700020174e-15,6.049494655091543e-15,2.708944180085382e-14
0.664,2.027341098405296,1.9579706833129307,2.270951818074747,2.200091299317035,1.9180602070517498,1.8453923707544049,0.24493515028751608,0.008169229400549757,0.24342068859774627,7.088760637252285e-16,7.455847488660535e-15,1.9761969838327786e-14
0.665,2.0253251930276566,1.956023605949056,2.2686958086031694,2.197905547054853,1.9200855322447774,1.847348394360354,0.2446917796719394,0.008161087378427809,0.24317880665664102,1.3274057909728735e-15,3.599035027257635e-15,2.0650148258027912e-14
0.666,2.0233112771198005,1.954078450483349,2.266442021957581,2.195721948736357,1.9221088435218971,1.8493024728108374,0.24444864892710197,0.008152953439425906,0.24293716315838737,1.5614058761300734e-15,2.2690149023070187e-15,4.6629367034256575e-15
0.667,2.0212993487433226,1.9521352150425262,2.2641904559789388,2.1935405022686814,1.9241301428706405,1.8512546080258798,0.2442057578198675,0.00814482757557256,0.24269575787116218,3.5304476070874802e-15,4.0806965391259296e-15,7.993605777301127e-15
0.668,2.019289405961699,1.9501938977551414,2.2619411085102454,2.1913612055610003,1.9261494322766022,1.853204801923635,0.2439631061173181,0.00813670977890394,0.24245459056335564,3.472604954068094e-15,2.7231698463113565e-16,1.4876988529977098e-14
0.669,2.0172814468401374,1.948254496751497,2.259693977396603,2.1891840565245126,1.9281667137234424,1.8551530564203864,0.2437206935867614,0.008128600041464139,0.2422136610035826,9.334997428360038e-16,1.3439212689715284e-15,-6.439293542825908e-15
0.67,2.0152754694458306,1.946317010163657,2.2574490604850617,2.1870090530723103,1.9301819891928882,1.85709937343055,0.2434785199957228,0.00812049835530483,0.24197296896067474,2.643447802130243e-16,2.3288189494748833e-15,1.9984014443252818e-14
0.671,2.01327147184772,1.9443814361255225,2.255206355624726,2.1848361931195286,1.932195260664736,1.8590437548666756,0.24323658511194443,0.008112404712485533,0.2417325142036804,2.990681920426501e-15,3.487174704668281e-15,5.329070518200751e-15
0.672,2.0112694521165966,1.9424477727726999,2.2529658606668024,2.1826654745831924,1.9342065301168525,1.8609862026394484,0.24299488870339472,0.008104319105073466,0.2414922965018686,2.309919790080685e-15,7.038509236594956e-15,2.7755575615628914e-14
0.673,2.0092694083251,1.940516018242624,2.250727573464456,2.180496895382361,1.9362157995251776,1.862926718657691,0.24275343053825577,0.008096241525143542,0.24125231562472962,1.3749983417046812e-15,5.848981955622156e-15,2.0872192862952943e-14
0.674,2.00727133854766,1.9385861706744434,2.2484914918728434,2.178330453438033,1.9382230708637254,1.8648653048283654,0.24251221038493095,0.008088171964778514,0.24101257134196657,7.283011597958564e-16,9.486175990067132e-15,3.108624468950438e-14
0.675,2.0052752408605827,1.9366582282091709,2.246257613749266,2.1761661466731854,1.940228346104586,1.8668019630565746,0.2422712280120412,0.008080110416068648,0.24077306342350305,3.799581779740873e-15,4.91042314409366e-16,1.5543122344752192e-15
0.676,2.0032811133420307,1.934732188989448,2.244025936952932,2.1740039730127427,1.942231627217928,1.8687366952455642,0.2420304831884308,0.008072056871112043,0.24053379163947933,5.3803635662041e-16,6.064339615328967e-16,5.10702591327572e-15
0.677,2.001288954071884,1.9328080511597958,2.2417964593451405,2.171843930383622,1.944232916172,1.870669503296724,0.24178997568315766,0.008064011322014574,0.2402947557602546,1.0895238254095678e-15,1.5271775469988774e-15,1.2434497875801753e-14
0.678,1.9992987611319364,1.9308858128664674,2.2395691787892207,2.169686016714666,1.946232214933132,1.8726003891095904,0.24154970526550093,0.00805597376088957,0.24005595555640719,1.1339838004928488e-15,1.4199607084161692e-15,6.8833827526759706e-15
0.679,1.997310532605776,1.9289654722574685,2.237344093150463,2.16753022993669,1.9482295254657378,1.8745293545818478,0.241309671704956,0.008047944179858268,0.23981739079872805,3.4735654636979663e-16,1.4277755568986978e-15,-1.9317880628477724e-14
0.68,1.9953242665788062,1.9270470274825449,2.235121200296197,2.1653765679824564,1.9502248497323167,1.8764564016093304,0.241069874771238,0.008039922571049473,0.23957906125822892,5.401798967858465e-16,3.832551451688339e-15,2.55351295663786e-14
0.681,1.993339961138287,1.9251304766932806,2.2329004980957934,2.1632250287866954,1.952218189693455,1.8783815320860235,0.2408303142342803,0.008031908926599569,0.23934096670613444,8.88764930730168e-16,1.1098509211029657e-15,6.661338147750939e-15
0.682,1.9913576143732308,1.9232158180429415,2.2306819844206287,2.161075610286092,1.9542095473078283,1.8803047479040664,0.2405909898642327,0.00802390323865285,0.23910310691389142,1.2131575192806746e-15,7.063874357720868e-17,-2.6645352591003757e-15
0.683,1.9893772243745433,1.921303049686556,2.2284656571440644,2.158928310419267,1.956198924532203,1.882226050953753,0.24035190143146368,0.008015905499361065,0.238865481653159,3.661774730445128e-15,6.042405612260598e-15,2.6423307986078726e-14
0.684,1.987398789234909,1.919392169780968,2.2262515141414814,2.1567831271268085,1.9581863233214378,1.8841454431235338,0.24011304870655797,0.008007915700883633,0.23862809069581278,9.537563573154634e-16,2.3871937850135354e-15,9.547918011776346e-15
0.685,1.985422307048769,1.917483176484705,2.2240395532902806,2.154640058351231,1.9601717456284866,1.8860629263000186,0.2398744314603161,0.007999933835387624,0.2383909338139451,5.116719253294042e-16,3.6519815254210485e-15,1.865174681370263e-14
0.686,1.983447775912492,1.9155760679580902,2.22182977246988,2.1524991020370274,1.962155193404399,1.8879785023679767,0.23963604946375772,0.007991959895047751,0.23815401077986673,2.498443036414499e-17,1.2765635922202572e-15,2.0872192862952943e-14
0.687,1.981475193924156,1.9136708423631799,2.2196221695616734,2.1503602561306066,1.9641366685983233,1.88989217321034,0.23939790248812018,0.007983993872046439,0.23791732136609955,2.0882748385619995e-15,2.6653796024582357e-15,8.43769498715119e-15
0.6880000000000001,1.9795045591837095,1.9117674978637644,2.217416742449069,2.1482235185803114,1.966116173157507,1.8918039407082037,0.23915999030485569,0.007976035758573533,0.23768086534538274,2.0215078997614433e-15,2.9070552759070607e-15,1.0436096431476471e-14
0.6890000000000001,1.9775358697928564,1.909866032625432,2.215213489017473,2.146088887336458,1.9680937090272999,1.893713806740829,0.23892231268563097,0.00796808554682665,0.23744464249067312,1.44716028477554e-15,2.625418678238252e-15,2.4424906541753444e-15
0.6900000000000001,1.975569123855152,1.9079664448154545,2.213012407154294,2.1439563603512783,1.970069278151155,1.8956217731856444,0.23868486940233197,0.007960143229010895,0.23720865257513626,3.0163481749939097e-15,1.443474661319859e-15,1.7763568394002505e-15
0.6910000000000001,1.9736043194759585,1.90606873260287,2.2108134947489613,2.1418259355789786,1.972042882470631,1.8975278419182473,0.2384476602270581,0.007952208797339124,0.23697289537216057,1.2554462726753226e-15,5.079864549490318e-15,1.4876988529977098e-14
0.6920000000000001,1.9716414547623515,1.9041728941584861,2.208616749692844,2.139697610975624,1.9740145239253934,1.8994320148124058,0.2382106849321287,0.007944282244031545,0.23673737065534264,6.346309602080986e-16,8.042471419054155e-16,-7.549516567451064e-15
0.6930000000000001,1.9696805278233396,1.9022789276548102,2.2064221698793562,2.1375713844993007,1.9759842044532168,1.9013342937400606,0.23797394329007293,0.007936363561316176,0.23650207819849914,2.3900953493672657e-15,2.2917873675156867e-15,1.0658141036401503e-14
0.6940000000000001,1.967721536769611,1.90038683126613,2.2042297532039012,2.1354472541099763,1.9779519259899865,1.9032346805713267,0.23773743507363868,0.007928452741428484,0.23626701777565495,1.114388569709111e-15,2.547519172010939e-15,7.993605777301127e-15
0.6950000000000001,1.9657644797137368,1.898496603168422,2.202039497563814,2.133325217769558,1.9799176904697002,1.905133177174495,0.23750116005578856,0.007920549776611538,0.23603218916105337,5.167839184990853e-16,6.687384439841377e-15,2.2426505097428162e-14
0.6960000000000001,1.9638093547700313,1.8966082415394616,2.1998514008585035,2.131205273441871,1.9818814998244703,1.9070297854160345,0.23726511800969835,0.00791265465911599,0.23579759212915197,1.7411491673764934e-15,2.7674761750170903e-15,6.439293542825908e-15
0.6970000000000001,1.9618561600546376,1.8947217445586708,2.197665460989293,2.1290874190926976,1.983843355984525,1.9089245071605931,0.23702930870876487,0.007904767381199941,0.23556322645461836,3.239485386553781e-15,3.135247465979294e-15,1.5987211554602254e-14
0.6980000000000001,1.959904893685438,1.8928371104072983,2.1954816758595292,2.1269716526897207,1.9858032608782104,1.9108173442710004,0.2367937319265899,0.0078968879351291,0.23532909191233461,1.96585198395727e-15,2.7468860056040457e-15,1.176836406102666e-14
0.6990000000000001,1.9579555537821565,1.8909543372682573,2.1933000433745558,2.124857972202562,1.9877612164319924,1.9127082986082686,0.2365583874369983,0.007889016313176827,0.2350951882774017,2.341121318263007e-16,3.415796781920197e-15,1.7763568394002505e-14
0.7000000000000001,1.9560081384662886,1.8890734233262456,2.191120561441634,2.122746375602753,1.9897172245704586,1.914597372031595,0.23632327501402306,0.007881152507623716,0.23486151532512442,5.130255414578263e-16,1.1506276407994326e-15,-1.5543122344752192e-15
0.7010000000000001,1.9540626458611217,1.8871943667675988,2.188943227970073,2.1206368608637587,1.9916712872163198,1.9164845663983625,0.23608839443191404,0.007873296510758262,0.2346280728310294,2.726177947928854e-16,4.528559009908026e-15,8.881784197001252e-15
0.7020000000000001,1.9521190740917063,1.8853171657805075,2.1867680408711196,2.118529425960937,1.9936234062904115,1.918369883564143,0.23585374546513505,0.007865448314876138,0.23439486057084852,1.4215611399332893e-15,4.84749602811137e-16,-1.1546319456101628e-14
0.7030000000000001,1.9501774212849148,1.8834418185547739,2.184594998058019,2.1164240688715714,1.9955735837116964,1.9202533253826977,0.23561932788836165,0.007857607912280715,0.23416187832053031,2.369507783784326e-15,2.5638600092790346e-15,-1.176836406102666e-14
0.704,1.9482376855693522,1.881568323281954,2.1824240974459803,2.114320787574892,1.9975218213972656,1.9221348937059797,0.2353851414764846,0.007849775295282892,0.23392912585623793,1.1255229654299381e-15,3.990735481927124e-15,1.354472090042691e-14
0.705,1.9462998650754422,1.879696678155379,2.1802553369521815,2.112219580052006,1.999468121262341,1.924014590384135,0.23515118600460866,0.007841950456200836,0.23369660295434097,3.1189539640504153e-16,4.533465023156448e-16,6.661338147750939e-16
0.706,1.9443639579353944,1.877826881370029,2.1780887144957743,2.110120444285952,2.0014124852202766,1.925892417265505,0.2349174612480468,0.007834133387360494,0.23346430939142568,6.307828436141955e-16,3.939488345033251e-15,1.199040866595169e-14
0.707,1.9424299622831538,1.87595893112267,2.1759242279978865,2.1080233782616484,2.00335491518256,1.9277683761966276,0.2346839669823329,0.007826324081095008,0.2332322449442868,2.321549021351931e-15,1.3100802402070387e-15,1.7763568394002505e-15
0.708,1.9404978762544676,1.874092825611704,2.173761875381588,2.1059283799659814,2.005295413058814,1.9296424690222393,0.23445070298320628,0.007818522529745244,0.23300040938993236,4.717943260539761e-15,9.753003070264528e-16,2.6645352591003757e-15
0.709,1.9385676979868713,1.8722285630373057,2.1716016545719667,2.10383544738768,2.007233980756801,1.9315146975852766,0.2342176690266204,0.007810728725659407,0.2327688025055818,1.4826138876043349e-15,5.0330704858645074e-15,2.3314683517128287e-14
0.71,1.9366394256196198,1.8703661416013633,2.1694435634960283,2.101744578517388,2.0091706201824207,1.933385063726878,0.23398486488874445,0.007802942661193128,0.23253742406866637,1.906286402797354e-15,6.140775997800795e-15,3.042011087472929e-14
0.711,1.934713057293809,1.8685055595074636,2.1672876000827266,2.0996557713477024,2.0111053332397146,1.9352535692863855,0.2337522903459555,0.007795164328709579,0.2323062738568257,1.018124341853972e-15,4.164018901684673e-15,1.887379141862766e-14
0.712,1.932788591152248,1.8666468149609166,2.1651337622630247,2.097569023873075,2.013038121830867,1.9371202161013463,0.23351994517484412,0.007787393720579289,0.23207535164791432,8.332567929337526e-16,7.939355120065438e-16,-4.440892098500626e-16
0.713,1.9308660253395389,1.8647899061686901,2.162982047969823,2.095484334089849,2.0149689878562067,1.938985006007515,0.23328782915221383,0.007779630829180284,0.23184465721999223,5.774439523784372e-17,4.894183661091115e-15,1.3322676295501878e-14
0.714,1.9289453580020581,1.8629348313395384,2.1608324551379776,2.0934016999963,2.0168979332142087,1.9408479408388546,0.23305594205507799,0.007771875646897996,0.231614190351336,1.0275882537633078e-15,2.863857583084249e-15,1.2212453270876722e-14
0.715,1.9270265872879073,1.8610815886838583,2.1586849817042895,2.0913211195925907,2.0188249598014965,1.9427090224275385,0.23282428366066202,0.007764128166125334,0.2313839508204256,1.4271970757412026e-15,1.5527994800058313e-15,3.3306690738754696e-15
0.716,1.9251097113469946,1.8592301764138095,2.1565396256075045,2.0892425908807812,2.0207500695128435,1.9445682526039523,0.23259285374640234,0.007756388379262481,0.23115393840595932,1.2098196930344577e-15,7.240321816405546e-16,-1.3322676295501878e-15
0.717,1.9231947283309554,1.8573805927431788,2.154396384788362,2.087166111864778,2.0226732642411744,1.9464256331966954,0.2323616520899452,0.007748656278717165,0.23092415288683873,3.02755812056078e-16,1.283277373891031e-15,3.552713678800501e-15
0.718,1.9212816363932201,1.8555328358874954,2.1522552571895437,2.08509168055045,2.0245945458775676,1.948281166032583,0.2321306784691476,0.007740931856904458,0.2306945940421764,6.963863037329158e-16,5.284642216065917e-15,1.2878587085651816e-14
0.719,1.919370433688957,1.8536869040640482,2.150116240755617,2.083019294945506,2.0265139163112567,1.950134852936647,0.2318999326620809,0.007733215106246923,0.23046526165129375,1.7685154817512722e-15,2.125287231584966e-15,-6.217248937900877e-15
0.72,1.917461118375057,1.8518427954916912,2.147979333433166,2.0809489530595644,2.028431377429632,1.9519866957321386,0.23166941444702238,0.007725506019174276,0.2302361554937258,1.259867159987281e-15,4.54823808676992e-15,2.3314683517128287e-14
0.721,1.9155536886102238,1.8500005083911093,2.1458445331706835,2.0788806529041257,2.0303469311182423,1.9538366962405296,0.2314391236024614,0.007717804588123878,0.2300072753492125,1.9143163111837278e-15,2.2096255299550578e-15,-1.9984014443252818e-15
0.722,1.9136481425548852,1.8481600409845953,2.1437118379186355,2.076814392492555,2.032260579260797,1.9556848562815141,0.23120905990709933,0.007710110805540253,0.22977862099770416,2.2658016095349037e-15,1.8777115509660785e-15,2.6645352591003757e-15
0.723,1.9117444783712376,1.84632139149617,2.141581245629358,2.074750169840129,2.0341723237391682,1.9575311776730102,0.23097922313984023,0.0077024246638754505,0.22955019221936093,1.0303453422305463e-15,2.3344246528247982e-15,8.881784197001252e-16
0.724,1.9098426942232076,1.8444845581515177,2.1394527542572246,2.072687982964001,2.0360821664333915,1.9593756622311618,0.23074961307980515,0.007694746155588776,0.2293219887945489,2.5103166550124557e-15,7.626232430072098e-15,1.865174681370263e-14
0.725,1.9079427882764501,1.8426495391780722,2.137326361758474,2.070627829883171,2.037990109221668,1.96121831177034,0.23052022950632386,0.007687075273147005,0.22909401050384362,1.1752438177704306e-15,4.745166478558851e-15,2.0872192862952943e-14
0.726,1.9060447586984168,1.840816332804895,2.1352020660913182,2.0685697086185657,2.0398961539803664,1.9630591281031449,0.23029107219893102,0.007679412009024028,0.22886625712802927,2.5998078642213033e-16,7.674959749237705e-15,1.7541523789077473e-14
0.727,1.9041486036582895,1.838984937262765,2.1330798652158784,2.0665136171929372,2.041800302584025,1.9648981130404077,0.23006214093737387,0.007671756355701353,0.22863872844810024,2.6023944127211487e-17,5.9902759031346965e-15,1.7763568394002505e-14
0.728,1.9022543213269538,1.8371553507841802,2.130959757094207,2.064459553630955,2.0437025569053517,1.9667352683911918,0.2298334355016067,0.007664108305667579,0.22841142424525337,2.604983554778775e-17,6.453348176315718e-16,-6.661338147750939e-15
0.729,1.9003619098770819,1.8353275716032134,2.1288417396903117,2.0624075159591264,2.045602918815229,1.968570595962795,0.22960495567179365,0.007656467851418817,0.2281843443008969,2.281628381375899e-16,1.7360629394094405e-15,-2.220446049250313e-15
0.73,1.8984713674830893,1.8335015979557059,2.126725810970133,2.060357502205865,2.047501390182712,1.9704040975607509,0.2293767012283059,0.007648834985458377,0.2279574883966466,3.3279662782466564e-16,3.4216956032251537e-15,1.8207657603852567e-14
0.731,1.8965826923210973,1.8316774280792152,2.124611968901474,2.0583095104014157,2.049397972875033,1.9722357749888302,0.22914867195172575,0.007641209700296915,0.2277308563143238,2.9393623894274933e-15,2.0429239064963202e-15,2.4424906541753444e-14
0.732,1.894695882568957,1.8298550602129138,2.1225002114541653,2.0562635385779275,2.051292668757602,1.9740656300490431,0.22892086762284145,0.007633591988452366,0.22750444783596005,2.857287476009233e-15,2.146192080970822e-15,-3.3306690738754696e-15
0.733,1.8928109364063375,1.8280344925976466,2.120390536599845,2.054219584769382,2.053185479694008,1.9758936645416407,0.22869328802264777,0.007625981842450039,0.22727826274378798,1.4595173048193347e-15,3.985890733063823e-15,-8.43769498715119e-15
0.734,1.8909278520145378,1.8262157234759353,2.1182829423121663,2.05217764701165,2.055076407546023,1.9777198802651166,0.2284659329323494,0.007618379254822452,0.227052300820252,3.930859527009097e-15,3.658495752041991e-15,7.771561172376096e-15
0.735,1.8890466275766422,1.8243987510920436,2.1161774265666886,2.0501377233424396,2.0569654541735996,1.9795442790162086,0.22823880213335954,0.007610784218109442,0.22682656184800162,1.1869891256186949e-15,2.829524688814049e-15,1.4876988529977098e-14
0.736,1.88716726127745,1.822583573691866,2.1140739873408263,2.048099811801346,2.058852621434877,1.9813668625899004,0.22801189540729672,0.0076031967248580395,0.22660104560989291,1.8905690683408425e-15,3.3879666722904135e-17,2.220446049250313e-15
0.737,1.8852897513035145,1.820770189522924,2.1119726226139943,2.046063910429788,2.0607379111861803,1.9831876327794233,0.22778521253598633,0.007595616767622683,0.2263757518889874,8.673729815513431e-16,3.038638678981892e-15,1.3766765505351941e-14
0.738,1.8834140958430852,1.818958596834488,2.109873330367438,2.044030017271083,2.0626213252820236,1.9850065913762578,0.22755875330146264,0.007588044338964993,0.22615068046854783,1.9206432829671798e-15,3.2725026867741298e-15,1.6653345369377348e-14
0.739,1.881540293086148,1.8171487938774518,2.107776108584407,2.041998130370381,2.06450286557511,1.9868237401701352,0.2273325174859632,0.007580479431453825,0.22592583113205564,1.7579520564805199e-15,3.5679947453140406e-15,1.865174681370263e-14
0.74,1.8796683412244573,1.8153407789043765,2.1056809552499836,2.0399682477746963,2.066382533916334,1.9886390809490395,0.22710650487193818,0.007572922037665323,0.22570120366318622,3.6907591119156337e-16,6.272313489566719e-15,9.769962616701378e-15
0.741,1.8777982384513845,1.8135345501695115,2.1035878683511915,2.0379403675328707,2.0682603321547854,1.990452615499209,0.22688071524203698,0.007565372150182875,0.2254767978458227,4.182624173931346e-15,6.108312030091263e-15,2.7533531010703882e-14
0.742,1.8759299829621316,1.8117301059287698,2.1014968458769654,2.0359144876956323,2.0701362621377477,1.9922643456051379,0.22665514837912396,0.0075578297615970435,0.22525261346405662,1.221696215953294e-15,5.882629624439525e-15,1.7763568394002505e-14
0.743,1.8740635729535744,1.8099274444397033,2.0994078858181715,2.0338906063155244,2.072010325710701,1.9940742730495775,0.2264298040662586,0.007550294864505671,0.2250286503021791,3.159739761361391e-15,3.350226306409246e-15,1.3100631690576847e-14
0.744,1.8721990066243095,1.808126563961554,2.097320986167506,2.0318687214469757,2.0738825247173254,1.995882399613539,0.22620468208671485,0.007542767451513849,0.22480490814469484,2.7261676274300733e-15,6.556858794506306e-16,-1.1102230246251565e-15
0.745,1.8703362821746472,1.8063274627551773,2.095236144919623,2.029848831146195,2.0757528609995,1.9976887270762942,0.2259797822239706,0.007535247515233735,0.2245813867763049,3.5236997660903226e-15,1.5588035777004136e-15,-1.3322676295501878e-15
0.746,1.8684753978066027,1.8045301390831379,2.0931533600711107,2.027830933471341,2.0776213363973066,1.9994932572153774,0.2257551042617058,0.0075277350482849305,0.2243580859819154,4.3095562165463773e-16,3.729795334718322e-15,6.439293542825908e-15
0.747,1.8666163517239152,1.8027345912096415,2.0910726296203586,2.0258150264822854,2.0794879527490306,2.001295991806587,0.22553064798380776,0.007520230043293995,0.2241350055466427,5.176613349896187e-16,1.7811225520906716e-16,9.325873406851315e-15
0.748,1.8647591421320702,1.8009408174005381,2.088993951567746,2.023801108240851,2.0813527118911628,2.0030969326239876,0.2253064131743728,0.007512732492894787,0.22391214525580333,3.5873753538614686e-16,2.2697624513010793e-15,9.769962616701378e-15
0.749,1.8629037672382147,1.7991488159233284,2.086917323915488,2.021789176810635,2.083215615658401,2.004896081439911,0.22508239961769655,0.007505242389728442,0.22368950489491482,1.622575166875106e-15,5.05885071088066e-15,2.930988785010413e-14
0.75,1.8610502252511896,1.7973585850472344,2.084842744667735,2.019779230257109,2.0850766658836526,2.006693440024958,0.22485860709828084,0.007497759726443083,0.22346708424970507,3.9939092317563305e-17,2.136863249000188e-15,-8.215650382226158e-15
0.751,1.8591985143816345,1.7955701230430186,2.082770211830504,2.01777126664754,2.086935864398034,2.008489010148001,0.22463503540083166,0.007490284495694176,0.22324488310610077,7.795872844211917e-16,3.0950012108619094e-16,-3.774758283725532e-15
0.752,1.857348632841803,1.7937834281831448,2.0806997234117017,2.015765284051049,2.088793213030876,2.010282793576184,0.22441168431026118,0.007482816690144207,0.2230229012502328,1.8141773371969756e-15,5.438853647752264e-16,1.1546319456101628e-14
0.753,1.8555005788456884,1.7919984987417483,2.078631277421149,2.0137612805386103,2.090648713609722,2.012074792074926,0.2241885536116865,0.007475356302462969,0.22280113846843624,1.3018993084147276e-15,3.2389937837757217e-16,6.217248937900877e-15
0.754,1.8536543506089702,1.7902153329945847,2.0765648718705356,2.0117592541830005,2.0925023679603307,2.0138650074079205,0.2239656430904237,0.007467903325327235,0.22257959454724766,4.1434912809126025e-16,1.986720270002538e-15,5.10702591327572e-15
0.755,1.8518099463490643,1.7884339292190383,2.074500504773427,2.009759203058848,2.0943541779066797,2.0156534413371396,0.22374295253199977,0.007460457751421077,0.22235826927340768,1.2710431631216824e-15,1.201504675229002e-15,7.771561172376096e-15
0.756,1.8499673642850665,1.7866542856941834,2.072438174145303,2.007761125242571,2.0962041452709648,2.0174400956228338,0.22352048172214026,0.007453019573435641,0.22213716243385945,2.2164944757789972e-15,2.128917923087314e-15,5.329070518200751e-15
0.757,1.8481266026377592,1.7848764007007003,2.0703778780034927,2.0057650188124527,2.0980522718736023,2.0192249720235345,0.22329823044677333,0.007445588784069183,0.2219162738157472,2.1516699601737708e-15,1.632872191869878e-15,3.3306690738754696e-15
0.758,1.8462876596296094,1.783100272520908,2.0683196143672253,2.0037708818485664,2.099898559533232,2.0210080722960555,0.22307619849203655,0.007438165376027133,0.2216956032064188,1.7176811814393648e-15,4.162427225612741e-15,2.864375403532904e-14
0.759,1.8444505334848451,1.7813258994388,2.0662633812576163,2.0017787124328503,2.1017430100667167,2.0227893981954943,0.22285438564426438,0.0074307493420219745,0.22147515039342633,2.659682217544638e-15,3.424767750041871e-15,2.1094237467877974e-14
0.76,1.8426152224293104,1.7795532797399547,2.0642091766976187,1.9997885086490264,2.103585625289146,2.024568951475234,0.22263279168999514,0.007423340674773328,0.2212549151645171,1.2437648148396779e-15,7.848718973408685e-15,2.5757174171303632e-14
0.761,1.8407817246905804,1.7777824117116665,2.0621569987120867,1.9978002685826366,2.1054264070138364,2.0263467338869456,0.22241141641597356,0.007415939367007904,0.2210348973076453,4.1186030664429605e-15,1.875564222828074e-15,9.992007221626409e-15
0.762,1.8389500384979178,1.7760132936427704,2.060106845327804,1.9958139903210734,2.1072653570523343,2.0281227471805883,0.22219025960914426,0.007408545411459613,0.22081509661096754,1.5291720618852746e-15,1.2724808930823704e-15,4.884981308350689e-15
0.763,1.8371201620822608,1.7742459238237518,2.0580587145733173,1.9938296719535065,2.1091024772144165,2.029896993104412,0.22196932105665357,0.0074011588008693055,0.22059551286283668,1.348628949168891e-16,6.835081160128144e-15,2.4202861936828413e-14
0.764,1.8352920936762616,1.7724803005468288,2.056012604479115,1.9918473115709328,2.1109377693080926,2.0316694734049587,0.22174860054584986,0.007393779527984993,0.22037614585181464,6.749855413133692e-18,1.1008326094560671e-15,-1.7763568394002505e-15
0.765,1.833465831514237,1.770716422105704,2.0539685130775434,1.9898669072661919,2.112771235139607,2.0334401898270644,0.22152809786428732,0.0073864075855617425,0.2201569953666528,2.040484988584502e-15,2.859433955319692e-16,-3.1086244689504383e-15
0.766,1.8316413738321657,1.768954286795814,2.0519264384028117,1.987888457133871,2.114602876513439,2.0352091441138604,0.2213078127997152,0.007379042966361698,0.2199380611963145,1.6502444540567807e-15,2.82039279127393e-15,-1.7319479184152442e-14
0.767,1.829818718867749,1.767193892914159,2.0498863784909775,1.9859119592704233,2.1164326952323065,2.0369763380067747,0.22108774514009294,0.007371685663154066,0.21971934312995858,8.6656356080960585e-16,3.4940591759447444e-17,7.327471962526033e-15
0.768,1.8279978648603734,1.7654352387594114,2.0478483313799933,1.983937411774084,2.118260693097167,2.038741773245534,0.22086789467357282,0.007364335668715167,0.21950084095694458,7.996583224591546e-16,3.378620450118156e-15,2.4424906541753444e-15
0.769,1.826178810051067,1.7636783226318646,2.045812295109651,1.9819648127448968,2.120086871907218,2.040505451568166,0.22064826118851474,0.007356992975828226,0.21928255446683112,2.9847443238242254e-15,1.0713114183167434e-15,5.329070518200751e-15
0.77,1.8243615526825678,1.7619231428334032,2.04377826772162,1.9799941602847202,2.1219112334599006,2.0422673747109994,0.22042884447347583,0.00734965757728364,0.21906448344937993,3.4630330959901443e-16,1.4158188914938073e-15,-4.440892098500626e-15
0.771,1.8225460909992441,1.7601696976675292,2.04174624725941,1.97802545249718,2.1237337795509,2.044027544408667,0.22020964431721535,0.00734232946587877,0.21884662769454927,2.997485329756855e-15,1.6136754922782676e-15,8.43769498715119e-15
0.772,1.8207324232472313,1.758417985439402,2.0397162317683812,1.9760586874877641,2.1255545119741472,2.045785962394106,0.21999066050869379,0.007335008634418084,0.21862898699250202,1.986704805682003e-15,5.26019957497717e-15,2.2648549702353193e-14
0.773,1.818920547674242,1.7566680044557939,2.037688219295777,1.9740938633637082,2.1273734325218214,2.0475426303985618,0.2197718928370728,0.007327695075712949,0.21841156113359383,1.1850365800290307e-15,4.112522721558014e-15,1.509903313490213e-14
0.774,1.8171104625297048,1.7549197530250555,2.0356622078906916,1.9721309782340486,2.129190542984351,2.0492975501515867,0.21955334109171218,0.007320388782581921,0.21819434990838443,2.999626662895863e-15,3.0892212103914007e-15,8.659739592076221e-15
0.775,1.8153021660647133,1.7531732294572022,2.0336381956040332,1.9701700302096619,2.131005845150416,2.051050723381044,0.2193350050621724,0.007313089747850372,0.21797735310763225,7.097083124877162e-16,2.711922435161596e-15,1.1102230246251565e-15
0.776,1.8134956565320237,1.7514284320638223,2.031616180488605,1.9682110174031542,2.132819340806948,2.0528021518131077,0.21911688453821618,0.007305797964350753,0.21776057052229297,5.328110001315278e-16,2.411430171006077e-15,-6.661338147750939e-16
0.777,1.8116909321860788,1.749685359158124,2.029596160599027,1.9662539379289914,2.134631031739134,2.0545518371722657,0.21889897930980168,0.007298513424922713,0.21754400194352205,3.747064498012107e-15,2.4702942173639446e-15,5.995204332975845e-15
0.778,1.8098879912829493,1.7479440090549416,2.0275781339918244,1.9642987899033673,2.136440919730417,2.0562997811813206,0.21868128916709434,0.0072912361224124166,0.2173276471626726,2.2792233071205818e-15,4.2178101233126776e-15,1.887379141862766e-14
0.779,1.8080868320804449,1.7462043800707439,2.025562098725256,1.962345571444329,2.1382490065624973,2.0580459855613915,0.21846381390044817,0.007283966049673529,0.2171115059713006,1.849858224770296e-15,9.476534578353677e-16,5.10702591327572e-15
0.78,1.8062874528379158,1.744466470523525,2.0235480528595353,1.9603942806716608,2.140055294015335,2.059790452031915,0.2182465533004278,0.007276703199566348,0.2168955781611533,6.995308830925663e-16,7.779908843420389e-15,1.5765166949677223e-14
0.781,1.8044898518164831,1.7427302787329653,2.0215359944566718,1.9584449157069208,2.1418597838671514,2.061533182310648,0.21802950715778716,0.007269447564958262,0.21667986352417817,1.3798593529967919e-15,1.247158209345758e-15,1.8207657603852567e-14
0.782,1.8026940272789034,1.7409958030203283,2.0195259215804886,1.9564974746735369,2.14366247789443,2.0632741781136685,0.2178126752634859,0.007262199138723606,0.21646436185252607,8.314883739800625e-16,4.702778018211505e-15,1.4654943925052066e-14
0.783,1.8008999774895522,1.7392630417084642,2.01751783229671,1.954551955696638,2.14546337787192,2.065013441155377,0.2175960574086787,0.0072549579137437354,0.21624907293853654,1.368850242384836e-15,3.727625954310235e-15,1.865174681370263e-14
0.784,1.7991077007145138,1.7375319931218254,2.015511724672822,1.9526083569031563,2.1472624855726345,2.066750973148499,0.2173796533847197,0.007247723882906807,0.21603399657475514,2.692226974634085e-15,2.437806435300664e-15,1.1546319456101628e-14
0.785,1.7973171952214761,1.7358026555864858,2.0135075967782363,1.9506666764218188,2.149059802767856,2.0684867758040855,0.21716346298316358,0.007240497039108023,0.21581913255392035,4.89356452357775e-16,2.418889865546969e-15,5.329070518200751e-15
0.786,1.7955284592798242,1.7340750274300991,2.0115054466840983,1.9487269123831206,2.150855331227136,2.0702208508315154,0.21694748599575955,0.007233277375249558,0.2156044806689663,1.083175136024896e-15,3.247387409775389e-15,2.886579864025407e-15
0.787,1.7937414911605476,1.7323491069819388,2.0095052724634797,1.9467890629193103,2.1526490727182965,2.0719531999384975,0.21673172221445616,0.007226064884240423,0.2153900407130293,2.569058730648747e-15,4.0632748565950354e-16,6.8833827526759706e-15
0.788,1.791956289136359,1.7306248925728498,2.0075070721911907,1.944853126164475,2.1544410290074327,2.0736838248310705,0.21651617143140173,0.007218859558996558,0.2151758124794378,2.4126181232530988e-15,2.2049153095029163e-15,6.661338147750939e-16
0.789,1.7901728514815498,1.7289023825352674,2.0055108439439584,1.9429191002544108,2.1562312018589145,2.075412727213606,0.21630083343893994,0.007211661392440902,0.21496179576172067,2.1451463268890198e-16,1.1428401980090484e-16,3.3306690738754696e-15
0.79,1.788391176472084,1.727181575203243,2.0035165858002824,1.9409869833267106,2.1580195930353865,2.077139908788809,0.21608570802961105,0.007204470377503206,0.21474799035359557,8.866194829581139e-16,6.0058835317815365e-15,2.4424906541753444e-14
0.791,1.7866112623855999,1.7254624689124436,2.0015242958404906,1.9390567735207387,2.159806204297772,2.0788653712577214,0.21587079499615605,0.007197286507120217,0.2145343960489879,1.4283235503815261e-15,1.4958085247637565e-15,-1.7763568394002505e-15
0.792,1.7848331075013248,1.7237450620000574,1.9995339721467602,1.937128468977621,2.1615910374052736,2.0805891163197217,0.21565609413150932,0.007190109774235487,0.21432101264201006,8.95325937016222e-16,1.8555026678849947e-15,6.8833827526759706e-15
0.793,1.7830567101001702,1.7220293528049009,1.997545612803059,1.9352020678402622,2.163374094115374,2.0823111456725267,0.21544160522880795,0.0071829401717995005,0.21410783992697466,1.2922200703248605e-15,2.2015689874462874e-15,1.5987211554602254e-14
0.794,1.7812820684646826,1.7203153396674105,1.99555921589519,1.9332775682533434,2.1651553761838387,2.084031461012194,0.21522732808137715,0.007175777692769616,0.21389487769838814,6.05027167153365e-16,7.106589428929801e-16,-4.6629367034256575e-15
0.795,1.779509180879047,1.7186030209295164,1.9935747795107968,1.931354968363246,2.166934885364718,2.0857500640331237,0.2150132624827461,0.007168622330110136,0.21368212575095577,7.518158328687078e-16,3.6071305345939944e-15,2.220446049250313e-14
0.796,1.7777380456290726,1.7168923949348402,1.9915923017392911,1.929434266318196,2.168712623410347,2.0874669564280586,0.21479940822663407,0.007161474076792116,0.21346958387957152,1.2124645573548783e-15,2.3520037413945977e-15,1.3322676295501878e-14
0.797,1.7759686610022323,1.715183460028528,1.9896117806719462,1.927515460268139,2.1704885920713495,2.089182139888087,0.21458576510696492,0.007154332925793495,0.2132572518793318,1.9530345688221212e-16,2.995130180303571e-15,8.215650382226158e-15
0.798,1.7742010252876133,1.7134762145572922,1.9876332144018403,1.9255985483647693,2.172262793096637,2.090895616102644,0.21437233291785013,0.007147198870099157,0.21304512954552376,2.0946200295798813e-17,5.852083607725459e-15,1.3100631690576847e-14
0.799,1.7724351367759337,1.711770656869492,1.9856566010238146,1.9236835287615586,2.174035228233413,2.092607386759514,0.2141591114536037,0.007140071902700776,0.21283321667363284,2.7257166431783865e-16,6.132047948779009e-16,-2.4424906541753444e-15
0.8,1.7706709937595788,1.7100667853149831,1.9836819386345974,1.9217703996137256,2.1758058992271727,2.094317453544829,0.21394610050872861,0.007132952016596855,0.21262151305933333,6.576215816294007e-16,1.5742555628454062e-15,-6.439293542825908e-15
0.801,1.7689085945325134,1.7083645982452578,1.9817092253326758,1.9198591590782628,2.1775748078217054,2.096025818143074,0.21373329987792794,0.007125839204792749,0.21241001849850058,2.261949131902327e-15,1.4601660355775294e-15,-1.0880185641326534e-14
0.802,1.767147937390399,1.7066640940133442,1.9797384592183498,1.917949805313876,2.179341955759096,2.0977324822370877,0.21352070935609968,0.007118733460300669,0.21219873278720044,3.1264197214863395e-15,8.827603870875484e-16,2.4424906541753444e-15
0.803,1.765389020630425,1.7049652709738985,1.9777696383937442,1.9160423364810637,2.1811073447797265,2.0994374475080617,0.21330832873833652,0.007111634776139619,0.21198765572169298,1.3051411459374424e-15,3.005821860293709e-15,-1.9984014443252818e-15
0.804,1.7636318425515232,1.703268127483104,1.9758027609627546,1.9141367507420413,2.182870976622278,2.1011407156355446,0.21309615781992539,0.00710454314533545,0.2117767870984344,1.7489443948656035e-15,8.700185795461819e-17,-1.021405182655144e-14
0.805,1.7618764014541737,1.7015726618987046,1.9738378250311228,1.912233046260774,2.1846328530237322,2.102842288297443,0.2128841963963484,0.007097458560920745,0.21156612671407193,6.046544130104637e-16,1.560335119463895e-15,1.3988810110276972e-14
0.806,1.760122695640506,1.6998788725800769,1.9718748287063628,1.9103312212030232,2.1863929757193725,2.104542167170023,0.2126724442632814,0.007090381015934969,0.21135567436544983,6.052563449248075e-16,3.160100002238164e-15,1.1546319456101628e-14
0.807,1.7583707234142503,1.6981867578881054,1.9699137700977734,1.9084312737362423,2.188151346442787,2.106240353927911,0.21246090121659889,0.007083310503424402,0.21114542984960163,1.0074165106318166e-15,8.028100330714218e-15,1.9539925233402755e-14
0.808,1.7566204830808259,1.6964963161852789,1.9679546473164773,1.9065332020296042,2.1899079669258676,2.1079368502440965,0.21224956705236273,0.007076247016442018,0.2109353929637575,2.8348573511837782e-15,4.2145812788209895e-15,1.7985612998927536e-14
0.809,1.7548719729471478,1.6948075458356335,1.9659974584753985,1.9046370042541112,2.191662838898815,2.109631657789932,0.2120384415668357,0.007069190548047666,0.21072556350533664,1.115306870912786e-15,5.122280417267365e-15,7.549516567451064e-15
0.81,1.7531251913218953,1.6931204452047675,1.964042201689235,1.9027426785824235,2.193415964090137,2.111324778235137,0.21182752455646772,0.007062141091307921,0.21051594127196074,2.6002628196498283e-15,1.429539811635549e-15,-5.773159728050814e-15
0.811,1.751380136515246,1.691435012659838,1.9620888750744936,1.9008502231889821,2.195167344226652,2.1130162132477968,0.21161681581790828,0.007055098639296188,0.21030652606143238,1.8814089431797454e-15,2.168347052618424e-15,1.1324274851176597e-14
0.812,1.749636806839064,1.6897512465695999,1.9601374767494366,1.8989596362499643,2.196916981033491,2.1147059644943664,0.21140631514799785,0.007048063185092582,0.2100973176717509,3.801963964871923e-15,2.7770781781247533e-16,-1.9984014443252818e-15
0.8130000000000001,1.7478952006067616,1.688069145304304,1.9581880048341684,1.8970709159432584,2.198664876234098,2.1163940336396707,0.2111960223437711,0.007041034721783985,0.20988831590111212,6.449220848015892e-16,4.608687132065363e-15,1.4210854715202004e-14
0.8140000000000001,1.7461553161334358,1.6863887072358517,1.9562404574505357,1.8951840604485082,2.2004110315502317,2.1180804223469067,0.21098593720245432,0.0070340132424640016,0.20967952054789954,6.455641410038923e-16,1.4645319256779907e-15,-5.10702591327572e-15
0.8150000000000001,1.7444171517357572,1.6847099307375837,1.954294832722187,1.8932990679470796,2.2021554487019674,2.1197651322776445,0.21077605952146744,0.007026998740233061,0.20947093141069,8.521408894163877e-17,3.965503037070901e-15,5.329070518200751e-15
0.8160000000000001,1.7426807057319966,1.6830328141845103,1.9523511287745816,1.8914159366220566,2.2038981294076994,2.121448165091829,0.2105663890984249,0.00701999120819833,0.20926254828825216,6.539584296602947e-16,1.9737197133747376e-15,1.7319479184152442e-14
0.8170000000000001,1.7409459764420498,1.6813573559531443,1.9504093437349082,1.889534664658289,2.2056390753841413,2.1231295224477824,0.2103569257311318,0.007012990639473563,0.20905437097954768,3.059587863711183e-16,1.9830293554246698e-15,-1.2878587085651816e-14
0.8180000000000001,1.7392129621874295,1.6796835544215314,1.948469475732175,1.8876552502423178,2.207378288346329,2.124809206002204,0.21014766921758704,0.007005997027179412,0.20884639928372603,2.4501071560765683e-15,1.882077608368601e-15,2.4424906541753444e-15
0.8190000000000001,1.7374816612912047,1.678011407969278,1.9465315228971718,1.8857776915624254,2.20911577000762,2.1264872174101734,0.20993861935598054,0.00699901036444319,0.20863863300013322,4.2064023676451207e-16,3.679592740413725e-15,1.3100631690576847e-14
0.8200000000000001,1.735752072078102,1.6763409149775947,1.9445954833624546,1.8839019868086238,2.210851522079698,2.1281635583251513,0.20972977594469688,0.006992030644398886,0.2084310719283029,9.705767384583472e-16,9.429136185632694e-16,1.4654943925052066e-14
0.8210000000000001,1.7340241928744204,1.6746720738292005,1.9426613552623402,1.88202813417264,2.2125855462725723,2.1298382303989802,0.20952113878230977,0.006985057860187236,0.20822371586795835,5.500648161384815e-16,2.8831742386470013e-15,-1.8207657603852567e-14
0.8220000000000001,1.7322980220080648,1.6730048829083237,1.9407291367329442,1.880156131847903,2.2143178442945803,2.1315112352818884,0.209312707667584,0.00697809200495569,0.20801656461902024,1.6160833499134797e-15,5.1742135073199684e-15,-8.659739592076221e-15
0.8230000000000001,1.730573557808542,1.6713393406007746,1.9387988259121405,1.8782859780296106,2.216048417852389,2.1331825746224893,0.20910448239947962,0.006971133071858329,0.20780961798159012,7.802144558964811e-16,3.81987427929731e-15,7.327471962526033e-15
0.8240000000000001,1.728850798606952,1.6696754452939344,1.936870420939588,1.8764176709146183,2.217777268650996,2.1348522500677833,0.2088964627771475,0.006964181054056,0.2076028757559696,1.870079990215588e-15,4.089929857663673e-15,1.532107773982716e-14
0.8250000000000001,1.7271297427360062,1.6680131953767163,1.934943919956703,1.8745512087015408,2.219504398393732,2.13652026326316,0.20868864859992708,0.006957235944716149,0.20739633774264515,3.87298326268157e-15,2.739205770989897e-16,-1.3322676295501878e-15
0.8260000000000001,1.72541038852996,1.6663525892395186,1.9330193211067008,1.8726865895906906,2.2212298087822617,2.1381866158523994,0.20848103966735043,0.006950297737012947,0.20719000374229332,1.758936382988625e-15,3.1569284678976305e-15,1.2878587085651816e-14
0.8270000000000001,1.7236927343247375,1.664693625274358,1.93109662253449,1.8708238117841132,2.2229535015165864,2.139851309477674,0.20827363577914063,0.00694336642412729,0.20698387355578443,5.389860214348203e-16,4.339535244545167e-15,1.509903313490213e-14
0.8280000000000001,1.7219767784578057,1.6630363018747194,1.929175822386829,1.8689628734855426,2.2246754782950444,2.1415143457795485,0.2080664367352111,0.006936441999246584,0.20677794698417232,2.330737923186701e-15,9.630737475896018e-15,2.930988785010413e-14
0.8290000000000001,1.7202625192682273,1.6613806174357124,1.927256918812188,1.8671037729004154,2.2263957408143127,2.143175726396984,0.20785944233566786,0.006929524455565058,0.206572223828708,2.3330585589507747e-15,2.497417000117847e-15,1.509903313490213e-14
0.8300000000000001,1.7185499550966459,1.659726570353909,1.9253399099608215,1.8652465082359253,2.228114290769409,2.144835452967338,0.20765265238080305,0.006922613786283468,0.2063667038908268,1.3767218232891124e-15,1.4880379345612078e-17,-1.0880185641326534e-14
0.8310000000000001,1.7168390842853196,1.658074159027374,1.9234247939847282,1.8633910777008948,2.2298311298536944,2.146493527126365,0.20744606667110468,0.006915709984609238,0.2061613869721526,5.267055479053467e-16,8.147672296725545e-15,2.7977620220553945e-14
0.8320000000000001,1.7151299051780728,1.656423381855881,1.9215115690376778,1.8615374795059239,2.2315462597588724,2.148149950508221,0.2072396850072452,0.006908813043756513,0.20595627287450288,9.389027076841417e-17,3.503856538738059e-16,-1.3100631690576847e-14
0.833,1.7134224161203244,1.6547742372405203,1.9196002332751714,1.8596857118632926,2.233259682174993,2.1498047247454615,0.20703350719009003,0.006901922956945953,0.20575136139987926,2.891807901926859e-17,4.567011556954324e-15,1.4876988529977098e-14
0.834,1.7117166154590449,1.6531267235840905,1.9176907848545228,1.8578357729869697,2.234971398790452,2.1514578514690457,0.20682753302069484,0.006895039717404913,0.20554665235047662,2.677585734595308e-16,3.8843313090376847e-16,5.10702591327572e-15
0.835,1.7100125015428402,1.6514808392907796,1.915783221934746,1.855987661092638,2.236681411291995,2.1531093323083366,0.20662176230030146,0.006888163318367355,0.2053421455286754,2.8903256234418516e-15,4.875203558933273e-15,1.3988810110276972e-14
0.836,1.7083100727218417,1.6498365827664214,1.9138775426766146,1.8541413743976827,2.238389721364717,2.154759168891103,0.206416194830347,0.006881293753073794,0.20513784073704466,8.338807276387635e-16,4.423488255895656e-15,3.3306690738754696e-15
0.837,1.7066093273478167,1.648193952418283,1.9119737452426824,1.8522969111211647,2.2400963306920647,2.1564073628435216,0.20621083041245356,0.006874431014771461,0.20493373777834106,9.072946112848538e-16,3.5363206654184017e-15,1.4654943925052066e-14
0.838,1.7049102637740388,1.6465529466552309,1.9100718277972097,1.8504542694838773,2.2418012409558385,2.158053915790177,0.20600566884842866,0.00686757509671413,0.20472983645551346,6.974960889751589e-16,4.11731628937537e-15,6.661338147750939e-15
0.839,1.7032128803554263,1.6449135638875996,1.9081717885062544,1.8486134477082599,2.243504453836194,2.159698829354064,0.20580070994027871,0.006860725992162078,0.2045261365716929,2.1236631126666142e-15,1.1636056812623103e-15,-8.881784197001252e-16
0.84,1.7015171754484015,1.6432758025272205,1.9062736255375834,1.8467744440185132,2.2452059710116425,2.1613421051565913,0.20559595349018994,0.006853883694382323,0.20432263793020128,2.744582904288267e-15,9.776506273651787e-15,2.90878432451791e-14
0.841,1.6998231474110388,1.6416396609875827,1.9043773370606945,1.8449372566404567,2.2469057941590536,2.162983744817579,0.20539139930053985,0.006847048196648378,0.20411934033454876,6.777198200219978e-16,2.7681298618118785e-15,1.887379141862766e-14
0.842,1.6981307946029303,1.6400051376835585,1.9024829212468881,1.8431018838016529,2.2486039249536565,2.1646237499552625,0.20518704717389583,0.006840219492240344,0.20391624358842994,7.805185943340434e-16,2.462173498404228e-15,-2.886579864025407e-15
0.843,1.6964401153852389,1.6383722310315691,1.9005903762691405,1.8412683237313208,2.250300365069042,2.166262122186294,0.20498289691301197,0.006833397574444876,0.20371334749572997,2.855015526021514e-15,4.5222483748673383e-17,-8.215650382226158e-15
0.844,1.6947511081207203,1.6367409394495491,1.898699700302209,1.8394365746603785,2.2519951161771625,2.167898863125744,0.20477894832083043,0.006826582436555222,0.20351065186051878,6.870554905164442e-16,4.3381370683937124e-15,5.551115123125783e-15
0.845,1.6930637711736856,1.6351112613569934,1.8968108915225643,1.8376066348214366,2.253688179948336,2.1695339743871007,0.2045752012004813,0.006819774071871113,0.2033081564870549,2.7875404861963248e-15,6.170065140239455e-15,2.353672812205332e-14
0.846,1.6913781029099852,1.6334831951748892,1.8949239481084417,1.8357785024487716,2.255379558051246,2.1711674575822757,0.2043716553552833,0.0068129724736989625,0.20310586117978022,1.0399604008787776e-15,6.4332365852942785e-15,2.90878432451791e-14
0.847,1.6896941016971079,1.6318567393257093,1.8930388682397976,1.8339521757783652,2.2570692521529434,2.1727993143216016,0.20416831058873952,0.006806177635351538,0.2029037657433283,3.372240527491376e-16,6.371538739400586e-15,1.687538997430238e-14
0.848,1.6880117659040064,1.630231892233464,1.8911556500982891,1.8321276530478585,2.2587572639188473,2.174429546213835,0.20396516670454548,0.00679938955014833,0.20270186998251388,3.1701273941487774e-15,3.166217863704135e-15,2.398081733190338e-14
0.849,1.6863310939012586,1.6286086523236702,1.8892742918673688,1.8303049324965943,2.2604435950127484,2.176058154866159,0.2037622235065801,0.006792608211415283,0.20250017370234086,2.049412737497863e-15,2.358072653141548e-15,-1.7763568394002505e-15
0.85,1.684652084061005,1.6269870180233157,1.887394791732171,1.8284840123655617,2.2621282470968094,2.177685141884182,0.2035594807989084,0.0067858336124848396,0.20229867670799875,1.5073404425318969e-15,7.27859714260022e-15,2.90878432451791e-14
0.851,1.6829747347568975,1.6253669877609602,1.8855171478795616,1.8266648908974639,2.2638112218315665,2.179310508871943,0.2033569383857858,0.006779065746695934,0.20209737880486278,2.178619905808185e-15,4.2013270720667806e-15,1.4654943925052066e-14
0.852,1.6812990443642248,1.6237485599666202,1.8836413584981435,1.8248475663366348,2.265492520875931,2.1809342574319097,0.20315459607165234,0.0067723046073941365,0.2018962797984923,1.6871648064275806e-15,2.897467850091066e-15,1.554312234475219e-14
0.853,1.6796250112597197,1.6221317330718381,1.8817674217782718,1.82303203692913,2.2671721458871907,2.1825563891649815,0.2029524536611336,0.006765550187931378,0.2016953794946357,9.292334661273886e-16,2.816616156423025e-15,1.554312234475219e-14
0.854,1.6779526338217705,1.6205165055096578,1.8798953359119666,1.821218300922644,2.2688500985210127,2.1841769056704914,0.2027505109590448,0.006758802481666162,0.20149467769922186,1.0704208865739359e-15,7.924859591414837e-16,-4.440892098500626e-16
0.855,1.6762819104302482,1.618902875714582,1.8780250990930376,1.819406356566546,2.270526380431443,2.185795808546206,0.2025487677703815,0.00675206148196348,0.2012941742183701,5.468277810952694e-16,7.795454318600832e-15,2.6201263381153694e-14
0.856,1.6746128394666309,1.6172908421227294,1.8761567095169525,1.8175962021118661,2.2722009932709097,2.187413099388329,0.20234722390033014,0.006745327182194845,0.20109386885838132,1.0281723778728844e-15,7.42145573011345e-15,-1.9539925233402755e-14
0.857,1.6729454193139175,1.6156804031715302,1.8742901653809345,1.815787835811352,2.273873938690224,2.1890287797915007,0.20214587915426252,0.006738599575738117,0.2008937614257416,3.228270411896081e-15,7.489989625126638e-16,9.103828801926284e-15
0.858,1.6712796483566328,1.6140715573000883,1.8724254648839311,1.8139812559193542,2.2755452183385803,2.1906428513488008,0.20194473333773605,0.006731878655977812,0.20069385172712265,1.4156277624951417e-15,3.4197548237338967e-15,1.8207657603852567e-14
0.859,1.6696155249808906,1.6124643029489247,1.8705626062265683,1.812176460691903,2.277214833863561,2.19225531565175,0.2017437862564911,0.00672516441630478,0.20049413956938028,1.624770814831123e-15,5.559764276281645e-15,1.6653345369377348e-14
0.86,1.6679530475743438,1.610858638560077,1.8687015876112003,1.8103734483867044,2.2788827869111357,2.19386617429031,0.20154303771645388,0.006718456850116411,0.20029462475955162,1.6858003724398372e-15,2.2997113363844635e-16,-3.3306690738754696e-15
0.861,1.6662922145261503,1.6092545625769967,1.866842407241946,1.8085722172631358,2.2805490791256617,2.195475428852887,0.201342487523737,0.006711755950816415,0.20009530710486567,6.095740035828864e-16,1.0903814780892087e-14,3.5083047578154947e-14
0.862,1.664633024227065,1.6076520734448032,1.8649850633245613,1.806772765582207,2.282213712149889,2.197083080926332,0.20114213548464058,0.006705061711815135,0.19989618641272994,1.0120076449825751e-15,5.223067277236122e-16,-8.881784197001252e-16
0.863,1.662975475069352,1.606051169609898,1.8631295540665516,1.804975091606587,2.283876687624958,2.198689132095942,0.2009419814056436,0.006698374126529242,0.19969726249073172,1.3854476875317113e-15,6.765995457591922e-16,6.439293542825908e-15
0.864,1.6613195654468011,1.6044518495202986,1.8612758776770983,1.8031791936006372,2.285538007190405,2.2002935839454625,0.2007420250934137,0.006691693188381911,0.19949853514665086,3.131545919219856e-16,3.132389536118096e-15,1.6209256159527285e-14
0.865,1.6596652937547922,1.6028541116255068,1.8594240323671343,1.8013850698303422,2.28719767248416,2.201896438057088,0.20054226635480013,0.006685018890802645,0.19930000418844698,5.82152015982872e-16,5.10772153643285e-15,2.1760371282653068e-14
0.866,1.6580126583901948,1.6012579543764618,1.8575740163492864,1.7995927185633394,2.28885568514255,2.2034976960114645,0.2003427049968415,0.006678351227227468,0.19910166942425953,2.1142705028411625e-15,5.621776087187873e-15,1.354472090042691e-14
0.867,1.656361657751419,1.5996633762256158,1.8557258278378548,1.797802138068912,2.2905120468003015,2.20509735938769,0.2001433408267539,0.006671690191098782,0.1989035306624173,3.342827403184187e-15,2.3157922967075376e-15,-1.7763568394002505e-15
0.868,1.6547122902384483,1.5980703756269115,1.8538794650488832,1.7960133266180296,2.29216675909054,2.2066954297633172,0.1999441736519444,0.006665035775865415,0.19870558771142635,8.234390032576022e-16,1.0091456788427347e-14,-2.4646951146678475e-14
0.869,1.6530645542527398,1.5964789510356843,1.8520349262000637,1.7942262824832915,2.293819823644793,2.208291908714353,0.19974520327999706,0.0066583879749825894,0.19850784037997896,1.948248804051973e-16,6.5744882637188855e-15,3.175237850427948e-14
0.87,1.651418448197329,1.5948891009089492,1.8501922095108367,1.792441003938936,2.29547124209299,2.209886797815262,0.1995464295186837,0.006651746781911918,0.19831028847694832,7.725749448392734e-16,1.440085629920922e-15,4.440892098500626e-15
0.871,1.6497739704767551,1.5933008237049884,1.8483513132023248,1.7906574892608458,2.2971210160634667,2.2114800986389667,0.19934785217595805,0.006645112190121442,0.19811293181139178,1.0961969218019134e-15,3.1387934855620686e-15,3.774758283725532e-15
0.872,1.648131119497116,1.5917141178836787,1.8465122354973293,1.788875736726554,2.2987691471829637,2.2130718127568505,0.19914947105995787,0.006638484193085524,0.19791577019254875,9.244281557123998e-16,9.386970208553104e-15,3.241851231905457e-14
0.873,1.6464898936659889,1.590128981906373,1.8446749746203535,1.7870957446152496,2.3004156370766298,2.2146619417387567,0.19895128597900397,0.00663186278428501,0.19771880342984102,7.523161531841454e-17,1.8947950804033486e-15,9.769962616701378e-15
0.874,1.6448502913925422,1.588545414235826,1.8428395287976311,1.785317511207733,2.3020604873680224,2.2162504871529927,0.19875329674159833,0.0066252479572070045,0.19752203133286844,1.8826636273736052e-16,5.456848420478095e-15,2.55351295663786e-14
0.875,1.643212311087402,1.586963413336355,1.8410058962570164,1.7835410347864848,2.30370369967911,2.217837450566329,0.1985555031564297,0.006618639705345082,0.19732545371141852,2.284060965973533e-15,1.213840812066447e-15,3.3306690738754696e-15
0.876,1.6415759511627426,1.5853829776736952,1.839174075228124,1.7817663136355932,2.3053452756302724,2.2194228335440025,0.1983579050323634,0.006612038022199135,0.19712907037545663,6.640183458089429e-16,1.5499674410837983e-15,-1.1324274851176597e-14
0.877,1.6399412100322879,1.5838041057150283,1.8373440639421916,1.7799933460407866,2.3069852168403044,2.2210066376497175,0.19816050217845363,0.006605442901275342,0.1969328811351303,1.2840403567454452e-16,8.810089238654387e-16,5.551115123125783e-15
0.878,1.6383080861112398,1.5822267959290928,1.835515860632204,1.7782221302894472,2.3086235249264155,2.2225888644456466,0.19796329440393196,0.00659885433608641,0.1967368858007707,1.512140331278265e-16,2.2944656609539174e-15,0.0
0.879,1.6366765778163408,1.580651046786014,1.8336894635327927,1.7764526646705547,2.310260201504232,2.2241695154924326,0.19776628151821632,0.006592272320151212,0.19654108418288507,2.6337448369338227e-15,5.44501876938025e-15,2.4646951146678475e-14
0.88,1.6350466835658577,1.5790768567574536,1.831864870880265,1.7746849474747783,2.3118952481877977,2.22574859234919,0.19756946333090206,0.0065856968469950716,0.19634547609216882,5.303039334338038e-16,1.4857733972650493e-16,-3.9968028886505635e-15
0.881,1.633418401779551,1.5775042243164497,1.8300420809126536,1.7729189769943583,2.313528666589577,2.227326096573506,0.19737283965176947,0.006579127910149554,0.196150061339491,8.189981524886567e-16,5.690700966710489e-15,2.0872192862952943e-14
0.882,1.6317917308786947,1.575933147937622,1.8282210918696467,1.7711547515232173,2.315160458320456,2.2289020297214437,0.19717641029077823,0.006572565503152668,0.1959548397359047,1.7003547780817806e-15,3.3379000909122317e-15,5.773159728050814e-15
0.883,1.6301666692861343,1.5743636260969278,1.826401901992599,1.7693922693568602,2.316790624989742,2.2304763933475407,0.19698017505807128,0.0065660096195486175,0.1957598110926469,1.838820166485303e-15,7.702072549592076e-15,1.9539925233402755e-14
0.884,1.6285432154261417,1.572795657271889,1.8245845095245437,1.7676315287924347,2.318419168205168,2.2320491890048126,0.1967841337639725,0.006559460252888033,0.1955649752211249,3.802999459704605e-16,4.97757441346679e-15,1.9317880628477724e-14
0.885,1.6269213677245522,1.5712292399414212,1.822768912710217,1.7658725281287424,2.3200460895728927,2.233620418244754,0.19658828621898855,0.0065529173967277445,0.19537033193293832,4.0351947451229083e-16,5.4776423258007246e-15,1.3100631690576847e-14
0.886,1.6253011246087041,1.5696643725859267,1.8209551097960126,1.7641152656661483,2.3216713906975013,2.23519008261734,0.1963926322338,0.006546381044630981,0.19517588103985764,1.5623375256739064e-15,6.073102135753719e-15,2.2648549702353193e-14
0.887,1.6236824845074145,1.568101053687288,1.819143099029988,1.7623597397067117,2.323295073182009,2.2367581836710273,0.19619717161927738,0.006539851190167215,0.19498162235383812,9.383362426360928e-16,3.622292456962872e-15,8.215650382226158e-15
0.888,1.6220654458510302,1.5665392817288053,1.817332878661894,1.760605948554047,2.32491713862786,2.2383247229527563,0.19600190418646604,0.006533327826912204,0.19478755568701314,1.4814516736737563e-15,5.6753228795078206e-15,-1.7319479184152442e-14
0.889,1.6204500070714485,1.5649790551952172,1.8155244469431322,1.7588538905134397,2.3265375886349315,2.2398897020079516,0.1958068297465938,0.006526810948448044,0.19459368085169496,1.0777977042372112e-15,7.259025239135822e-16,-1.2656542480726785e-14
0.89,1.618836166601979,1.5634203725727502,1.8137178021267633,1.7571035638917414,2.3281564248015334,2.2414531223805243,0.19561194811107005,0.006520300548363034,0.19439999766037538,1.5991780245152492e-15,3.996440946941698e-15,1.4654943925052066e-14
0.891,1.6172239228774783,1.5618632323491217,1.8119129424675544,1.7553549669974757,2.329773648724411,2.2430149856128736,0.19541725909147986,0.006513796620251794,0.19420650592572616,1.6926812727272684e-15,1.0989301546146965e-15,1.5543122344752192e-15
0.892,1.6156132743343257,1.5603076330134058,1.8101098662219062,1.7536080981407494,2.331389261998745,2.244575293245887,0.1952227624995919,0.006507299157715192,0.19401320546059947,6.746802223870964e-16,1.0477934652005565e-14,3.175237850427948e-14
0.893,1.6140042194103479,1.5587535730562594,1.8083085716478722,1.7518629556332723,2.3330032662181552,2.246134046818943,0.19502845814735437,0.00650080815436036,0.193820096078023,1.0130284285287487e-15,3.5647791360820384e-16,-4.6629367034256575e-15
0.894,1.612396756544942,1.5572010509695988,1.8065090570052031,1.7501195377883836,2.3346156629747004,2.2476912478699127,0.1948343458468933,0.0064943236038006716,0.19362717759120382,1.697744660417806e-15,4.2423482035765466e-15,1.2656542480726785e-14
0.895,1.6107908841789176,1.5556500652469436,1.8047113205552943,1.7483778429210393,2.3362264538588793,2.24924689793516,0.19464042541051774,0.0064878454996558105,0.1934344498135295,2.068544081140595e-15,9.374213627442555e-15,1.9761969838327786e-14
0.896,1.6091866007546498,1.5541006143832459,1.8029153605611932,1.746637869347787,2.337835640459634,2.250800998549543,0.19444669665071077,0.006481373835551617,0.19324191255856493,1.5471804225476422e-15,3.456261771453248e-15,3.3306690738754696e-15
0.897,1.6075839047159468,1.552552696874812,1.8011211752876108,1.744899615386787,2.33944322436435,2.2523535512464177,0.19425315938013943,0.00647490860512022,0.19304956564005263,1.309864077830149e-15,4.342526112246918e-15,9.103828801926284e-15
0.898,1.6059827945081873,1.5510063112194725,1.7993287630009183,1.7431630793578177,2.341049207158858,2.2539045575576373,0.19405981341164716,0.006468449801999929,0.19285740887191502,8.946799599988688e-16,3.885098606326852e-15,1.3100631690576847e-14
0.899,1.6043832685781532,1.549461455916447,1.7975381219691293,1.741428259582238,2.342653590427436,2.2554540190135537,0.19386665855825658,0.006461997419835357,0.192665442068249,1.3742385764174634e-15,7.275878405449949e-15,3.26405569239796e-14
0.9,1.6027853253741653,1.547918129466481,1.795749250461908,1.7396951543830446,2.3442563757528103,2.2570019371430203,0.19367369463316875,0.006455551452277252,0.19247366504333294,8.964633482611184e-16,1.0130964882853129e-15,5.10702591327572e-15
0.901,1.6011889633460519,1.5463763303716267,1.7939621467506195,1.737963762084805,2.3458575647161566,2.258548313473392,0.19348092144976364,0.006449111892982668,0.1922820776116194,2.042259357533882e-15,3.313810141434923e-15,8.215650382226158e-15
0.902,1.5995941809450824,1.5448360571354798,1.7921768091082009,1.7362340810136845,2.3474571588971016,2.2600931495305274,0.19328833882160057,0.006442678735614731,0.1920906795877419,7.278924977182881e-16,5.083573201498787e-15,1.5765166949677223e-14
0.903,1.5980009766240313,1.54329730826304,1.790393235809296,1.7345061094974714,2.3490551598737257,2.2616364468387906,0.19309594656241572,0.006436251973842869,0.19189947078650665,2.3253753751266993e-15,6.048757928991941e-15,2.5757174171303632e-14
0.904,1.5964093488371691,1.5417600822607538,1.7886114251301604,1.7327798458655403,2.350651569222563,2.2631782069210513,0.19290374448612221,0.006429831601342735,0.1917084510229027,5.7416400418192335e-16,4.645204610232392e-16,1.1102230246251565e-15
0.905,1.594819296040218,1.5402243776364641,1.7868313753487202,1.7310552884488597,2.352246388518603,2.2647184312986877,0.19271173240681463,0.006423417611796066,0.19151762011208975,5.203690711677284e-16,8.177291423577153e-16,-5.551115123125783e-15
0.906,1.5932308166904328,1.5386901928994785,1.7850530847445505,1.7293324355799864,2.3538396193352935,2.266257121491587,0.19251991013875994,0.006417009998890821,0.1913269778694092,1.4538202489550484e-15,5.6977068959235e-16,1.3322676295501878e-15
0.907,1.5916439092464694,1.53715752656052,1.7832765515988305,1.7276112855930765,2.3554312632445398,2.2677942790181476,0.19232827749640719,0.00641060875632117,0.19113652411037813,1.0116840337514481e-15,1.6788832511229632e-15,1.3988810110276972e-14
0.908,1.5900585721685532,1.5356263771317598,1.781501774194441,1.725891836823896,2.3570213218167084,2.269329905395279,0.19213683429438178,0.006404213877787411,0.19094625865068457,1.6358869139823557e-16,6.577486598281317e-15,1.9984014443252818e-14
0.909,1.5884748039183392,1.5340967431267998,1.779728750815822,1.7241740876097535,2.3586097966206268,2.270864002138406,0.19194558034748382,0.006397825356996012,0.19075618130620192,3.306224068030603e-15,4.491313059631842e-15,5.995204332975845e-15
0.91,1.5868926029589405,1.5325686230606552,1.7779574797491307,1.7224580362895943,2.3601966892235855,2.2723965707614666,0.19175451547069383,0.006391443187659681,0.1905662918929727,1.0927653305680657e-16,8.298676159821191e-16,-7.993605777301127e-15
0.911,1.5853119677549943,1.5310420154497144,1.7761879592820924,1.7207436812039159,2.3617820011913406,2.2739276127769164,0.19156363947916666,0.006385067363497129,0.19037659022721812,1.961123946121855e-15,6.952025000008422e-15,1.6653345369377348e-14
0.912,1.5837328967725703,1.5295169188119269,1.7744201877041392,1.7190310206948258,2.3633657340881133,2.275457129695728,0.1913729521882347,0.006378697878233335,0.1901870761253357,1.8144782130656083e-15,2.090914590227191e-15,1.6653345369377348e-14
0.913,1.5821553884792323,1.5279933316665442,1.7726541633062745,1.7173200531060269,2.3649478894765927,2.2769851230273948,0.19118245341340795,0.0063723347255993865,0.18999774940389672,6.811072144088893e-16,1.0505394214391635e-16,-6.661338147750939e-15
0.914,1.5805794413439958,1.5264712525342607,1.7708898843811542,1.715610776782731,2.3665284689179367,2.278511594279929,0.19099214297037093,0.0063659778993324775,0.18980860987964726,2.3196389721027566e-15,2.127439535148957e-15,7.327471962526033e-15
0.915,1.5790050538373794,1.5249506799372288,1.7691273492230883,1.7139031900718458,2.368107473971774,2.2800365449598665,0.19080202067498556,0.006359627393175931,0.18961965736951306,3.6241246115074084e-15,2.3643774417106725e-15,6.661338147750939e-15
0.916,1.5774322244313295,1.523431612399013,1.7673665561279868,1.7121972913217638,2.3696849061962055,2.2815599765722654,0.19061208634328827,0.006353283200879278,0.1894308916905912,1.28776749372684e-15,2.131680859416391e-15,-1.199040866595169e-14
0.917,1.5758609515992763,1.5219140484445397,1.7656075033933887,1.71049307888249,2.3712607671478048,2.2830818906207098,0.19042233979149356,0.00634694531619803,0.18924231266015176,1.0689686910796097e-15,5.005922083599269e-15,2.020605904817785e-14
0.918,1.5742912338161252,1.5203979866002488,1.76385018931847,1.7087905511055965,2.3728350583816207,2.28460228860731,0.19023278083599193,0.006340613732893938,0.1890539200956468,1.8096158138184275e-15,6.009843026776003e-16,-2.886579864025407e-15
0.919,1.5727230695582388,1.5188834253939052,1.7620946122040342,1.707089706344255,2.374407781451179,2.286121172032704,0.19004340929334618,0.0063342884447347885,0.18886571381469744,5.5130135454640824e-17,1.211295678065182e-15,6.661338147750939e-15
0.92,1.5711564573034387,1.5173703633547269,1.760340770352502,1.7053905429532068,2.3759789379084824,2.287638542396059,0.1898542249802969,0.0063279694454944765,0.18867769363509768,6.779879052810044e-16,6.672832829658874e-15,1.532107773982716e-14
0.921,1.569591395531003,1.515858799013397,1.7585886620679216,1.7036930592887234,2.3775485293040135,2.2891544011950726,0.1896652277137595,0.006321656728952999,0.18848985937482343,1.4362411378521006e-15,2.4437126861821538e-17,-6.661338147750939e-16
0.922,1.5680278827216891,1.5143487309018753,1.7568382856559281,1.7019972537086994,2.379116557186735,2.2906687499259744,0.1894764173108259,0.0063153502888964215,0.18830221085201634,3.6336767269454267e-16,1.655226481034327e-15,-1.3322676295501878e-15
0.923,1.5664659173577078,1.5128401575536674,1.7550896394238356,1.700303124572591,2.3806830231040927,2.292181590083528,0.18928779358875994,0.006309050119116959,0.1881147478849977,2.1428424004328e-15,3.1913221557006015e-15,-8.881784197001252e-16
0.924,1.5649054979226695,1.5113330775036293,1.7533427216805304,1.6986106702413752,2.3822479286020153,2.2936929231610317,0.18909935636500272,0.0063027562134128174,0.18792747029226006,4.7490274329868536e-17,2.524555219004536e-15,-1.887379141862766e-14
0.925,1.563346622901739,1.5098274892879597,1.7515975307365144,1.6969198890776478,2.383811275224917,2.2952027506503194,0.18891110545716744,0.006296468565588277,0.18774037789246978,1.1092104544570078e-15,1.041905500722597e-14,3.419486915845482e-14
0.926,1.561789290781492,1.5083233914444407,1.749854064903955,1.6952307794455608,2.3853730645156985,2.296711074041764,0.1887230406830451,0.0062901871694538225,0.18755347050446905,1.927190675460137e-15,5.419377491351317e-15,1.887379141862766e-14
0.927,1.5602335000499068,1.5068207825120905,1.7481123224965367,1.6935433397108055,2.3869332980157485,2.298217894824276,0.18853516186059732,0.006283912018825789,0.1873667479472704,1.4289709953186097e-16,3.826844435735597e-15,1.9095836023552692e-14
0.928,1.5586792491965054,1.5053196610313941,1.7463723018296544,1.6918575682406696,2.388491977264945,2.2997232144853075,0.18834746880796482,0.006277643107526688,0.18718021004006052,2.248898442500935e-15,2.4444024392840764e-15,3.9968028886505635e-15
0.929,1.5571265367121863,1.5038200255442513,1.7446340012202601,1.6901734634039804,2.3900491038016574,2.301227034510852,0.188159961343456,0.006271380429385089,0.18699385660220202,3.2613677122102445e-16,4.187541654884976e-16,-3.1086244689504383e-15
0.93,1.555575361089337,1.5023218745939113,1.7428974189869166,1.6884910235711141,2.3916046791627465,2.302729356385446,0.18797263928555877,0.006265123978235563,0.18680768745322376,9.953101410782632e-16,1.6438094859945803e-15,5.329070518200751e-15
0.931,1.5540257208217831,1.500825206725104,1.7411625534498165,1.6868102471140372,2.3931587048835685,2.304230181592171,0.1877855024529314,0.006258873747918718,0.18662170241283532,2.7418226956635385e-15,1.8182193941341738e-15,8.881784197001252e-15
0.932,1.5524776144047898,1.4993300204838869,1.7394294029307273,1.6851311324062486,2.394711182497973,2.305729511612655,0.18759855066440478,0.006252629732281192,0.18643590130091334,1.5158877267695309e-15,3.2612322365958592e-15,1.176836406102666e-14
0.933,1.5509310403350731,1.497836314417757,1.7376979657530565,1.683453677822802,2.396262113538308,2.3072273479270726,0.18741178373898756,0.006246391925175654,0.18625028393750756,2.3160287596481666e-16,9.232877951743811e-16,7.105427357601002e-15
0.934,1.5493859971107906,1.4963440870755822,1.735968240241785,1.6817778817403335,2.397811499535419,2.3087236920141483,0.1872252014958563,0.006240160320460778,0.18606485014284282,3.101774297830508e-15,5.033631762362474e-16,0.0
0.935,1.5478424832315525,1.4948533370076282,1.7342402247234758,1.6801037425370013,2.3993593420186508,2.310218545351156,0.18703880375436535,0.006233934912001334,0.18587959973731347,2.3926665379925337e-15,4.2787203566327395e-15,9.547918011776346e-15
0.936,1.5463004971983867,1.493364062765576,1.7325139175263584,1.6784312585925174,2.4009056425158493,2.311711909413922,0.18685259033403595,0.00622771569366795,0.18569453254148607,2.8756627999379854e-15,1.6536617435797706e-17,-7.771561172376096e-15
0.937,1.5447600375137875,1.491876262902473,1.7307893169802258,1.6767604282881328,2.402450402553363,2.313203785676824,0.1866665610545711,0.006221502659337359,0.18550964837610118,2.3653643821006134e-15,5.503904276664327e-15,-1.3322676295501878e-15
0.9380000000000001,1.5432211026816833,1.4903899359727601,1.72906642141642,1.675091250006718,2.403993623656045,2.314694175612797,0.18648071573583505,0.0062152958028922805,0.185324947062067,4.494657392056563e-16,1.0190297993344147e-15,-2.6645352591003757e-15
0.9390000000000001,1.5416836912074243,1.4889050805322783,1.7273452291679614,1.6734237221325852,2.405535307347252,2.3161830806933295,0.18629505419787462,0.006209095118221381,0.1851404284204661,1.8478594445968453e-15,2.7615858905794104e-15,1.3766765505351941e-14
0.9400000000000001,1.5401478015977914,1.4874216951382635,1.7256257385694094,1.6717578430516722,2.40707545514885,2.317670502388468,0.18610957626090247,0.006202900599219365,0.1849560922725528,4.3427756371045655e-16,5.819221541990576e-15,1.1546319456101628e-14
0.9410000000000001,1.538613432361044,1.4859397783493489,1.7239079479569224,1.6700936111514226,2.408614068581211,2.3191564421668174,0.18592428174530717,0.006196712239786871,0.1847719384397503,1.956196351026496e-15,9.888408279050568e-16,-1.1102230246251565e-14
0.9420000000000001,1.5370805820068154,1.4844593287254937,1.7221918556682758,1.668431024820822,2.4101511491632177,2.3206409014955427,0.18573917047164615,0.006190530033830549,0.1845879667436555,1.4827110860113806e-15,2.3622743036935336e-15,-1.2212453270876722e-14
0.9430000000000001,1.5355492490462181,1.4829803448280507,1.7204774600428034,1.6667700824504208,2.411686698412264,2.322123881840371,0.18555424226064987,0.00618435397526295,0.18440417700603354,6.130344034659182e-16,8.525983796343331e-15,2.6867397195928788e-14
0.9440000000000001,1.5340194319917653,1.481502825219876,1.7187647594214508,1.6651107824322975,2.413220717844256,2.3236053846655906,0.18536949693322052,0.006178184058002681,0.1842205690488206,2.099312782772159e-15,6.6258902552396126e-15,1.4210854715202004e-14
0.9450000000000001,1.5324911293574282,1.4800267684650712,1.7170537521467173,1.6634531231600462,2.4147532089736132,2.325085411434056,0.18518493431043004,0.006172020275974208,0.1840371426941261,2.295380521717368e-15,1.2347282691409655e-15,3.1086244689504383e-15
0.9460000000000001,1.5309643396585673,1.478552173129137,1.7153444365627493,1.6617971030288592,2.416284173313272,2.326563963607185,0.18500055421352546,0.0061658626231080454,0.18385389776422653,1.6342566993692969e-15,7.925167642675395e-15,2.4646951146678475e-14
0.9470000000000001,1.5294390614120155,1.477079037779052,1.7136368110151956,1.6601427204353958,2.417813612374684,2.328041042644964,0.18481635646392314,0.006159711093340504,0.18367083408157078,1.5225070394720802e-15,2.449302567566739e-15,4.218847493575595e-15
0.9480000000000001,1.5279152931359874,1.4756073609830294,1.711930873851346,1.658489973777863,2.41934152766782,2.3295166500059468,0.18463234088320832,0.006153565680614018,0.18348795146877503,2.067160505745973e-15,8.4514021233208605e-16,3.3306690738754696e-15
0.9490000000000001,1.5263930333501572,1.4741371413107685,1.7102266234200623,1.656838861456044,2.42086792070117,2.3309907871472575,0.18444850729313772,0.006147426378876829,0.18330524974863024,2.4262624015515345e-15,1.6919648629649717e-15,3.552713678800501e-15
0.9500000000000001,1.5248722805755996,1.4726683773332865,1.7085240580717547,1.6551893818712156,2.4223927929817455,2.3324634555245907,0.18426485551564148,0.006141293182083102,0.18312272874409308,2.355576115684506e-16,3.0183879050535905e-16,6.217248937900877e-15
0.9510000000000001,1.5233530333348113,1.4712010676230165,1.7068231761584594,1.6535415334261991,2.42391614601508,2.3339346565922137,0.1840813853728175,0.006135166084193006,0.1829403882782887,2.4717542815834908e-15,3.1388946302232547e-15,6.661338147750939e-15
0.9520000000000001,1.5218352901517165,1.4697352107537327,1.7051239760337233,1.6518953145253137,2.425437981305232,2.3354043918029674,0.1838980966869351,0.006129045079172569,0.1827582281745166,1.2533864706862554e-15,1.7642373666266499e-15,8.881784197001252e-15
0.9530000000000001,1.5203190495516676,1.4682708053006033,1.703426456052754,1.6502507235744714,2.4269583003547837,2.336872662608268,0.1837149892804349,0.0061229301609937396,0.18257624825624372,4.480841111265194e-16,2.178061182387204e-15,4.440892098500626e-16
0.9540000000000001,1.5188043100614128,1.4668078498401371,1.70173061457226,1.6486077589810284,2.4284771046648452,2.338339470458108,0.1835320629759234,0.0061168213236343204,0.1823944483471017,1.7370368598601518e-15,2.1970675547944347e-15,9.769962616701378e-15
0.9550000000000001,1.5172910702091282,1.465346342950235,1.7000364499505403,1.646966419153931,2.4299943957350543,2.3398048168010583,0.18334931759618234,0.006110718561078135,0.1822128282708983,6.367319059782628e-16,3.859232794342111e-15,1.1546319456101628e-14
0.9560000000000001,1.5157793285244148,1.4638862832101682,1.6983439605475112,1.6453267025036202,2.4315101750635786,2.3412687030842685,0.1831667529641589,0.006104621867314771,0.18203138785160525,1.479017002188792e-15,5.162018051161972e-15,2.042810365310288e-14
0.9570000000000001,1.5142690835382555,1.4624276692005718,1.6966531447245665,1.6436886074420611,2.433024444147117,2.342731130753469,0.18298436890297315,0.006098531236339811,0.18185012691336483,4.662319505344975e-16,4.348184132119079e-15,8.215650382226158e-15
0.9580000000000001,1.5127603337830993,1.4609704995034438,1.6949640008447533,1.642052132382721,2.4345372044809,2.3441921012529723,0.18280216523591217,0.006092446662154553,0.18166904528048386,1.31002549207161e-16,1.3437869711484898e-15,1.1102230246251565e-15
0.9590000000000001,1.5112530777927342,1.4595147727020994,1.6932765272726444,1.6404172757406257,2.4360484575586927,2.345651616025674,0.1826201417864306,0.006086368138766407,0.1814881427774466,1.2457644766300769e-15,6.793310320780293e-15,2.220446049250313e-14
0.96,1.5097473141024325,1.458060487381345,1.6915907223743885,1.6387840359323058,2.4375582048727953,2.3471096765130555,0.18243829837816,0.006080295660188469,0.1813074192288948,1.3536578074129415e-15,1.1516948545261073e-15,-1.9984014443252818e-15
0.961,1.5082430412488137,1.4566076421271794,1.689906584517676,1.637152411375768,2.439066447914044,2.3485662841551824,0.18225663483489077,0.006074229220439751,0.18112687445964665,4.221051624136085e-15,1.0426444651703156e-15,1.3322676295501878e-15
0.962,1.5067402577699247,1.4551562355271008,1.6882241120718118,1.6355224004906015,2.440573188171814,2.3500214403907096,0.18207515098058927,0.006068168813545159,0.18094650829468242,7.9737364709593875e-16,2.3758650966947603e-16,-1.176836406102666e-14
0.963,1.505238962205242,1.4537062661698905,1.6865433034076,1.6338940016978367,2.4420784271340192,2.3514751466568793,0.18189384663938665,0.006062114433535418,0.18076632055915598,2.550847174650195e-16,2.5396130656117617e-15,-1.509903313490213e-14
0.964,1.5037391530956434,1.452257732645725,1.6848641568974452,1.6322672134200822,2.443582166287115,2.352927404389525,0.18171272163558483,0.006056066074447093,0.1805863110783803,4.53020693867283e-16,2.7206893956998906e-16,-3.552713678800501e-15
0.965,1.5022408289833502,1.4508106335461082,1.6831866709152763,1.6306420340813985,2.445084407116098,2.3543782150230714,0.1815317757936519,0.006050023730322555,0.18040647967784554,1.3191917970945499e-15,4.034037687866729e-15,-1.9984014443252818e-15
0.966,1.500743988412061,1.4493649674639189,1.6815108438366064,1.6290184621074162,2.4465851511045105,2.3558275799905353,0.18135100893822959,0.006043987395210177,0.18022682618320257,7.427849230240636e-16,1.6867838209718645e-15,-1.1102230246251565e-14
0.967,1.4992486299268524,1.4479207329933805,1.6798366740385042,1.6273964959252027,2.4480843997344373,2.357275500723529,0.18117042089411742,0.006037957063163982,0.1800473504202699,3.362386192106078e-15,1.7140477789863123e-15,-4.218847493575595e-15
0.968,1.4977547520741457,1.4464779287300673,1.6781641598995842,1.6257761339633947,2.4495821544865115,2.358721978652259,0.18099001148629099,0.006031932728243859,0.17986805221503685,1.769699688408317e-15,2.757160329938149e-15,1.3322676295501878e-14
0.969,1.4962623534018482,1.4450365532709384,1.6764932997999853,1.6241573746520956,2.4510784168399136,2.36016701520553,0.1808097805398927,0.006025914384515551,0.17968893139365624,7.781194557056657e-16,1.5892970549152706e-15,8.659739592076221e-15
0.97,1.4947714324592123,1.4435966052142375,1.6748240921214494,1.6225402164229268,2.452573188272373,2.361610611810744,0.18062972788023046,0.0060199020260506214,0.17950998778244726,4.3087806618082825e-16,3.3442715181619193e-15,2.2426505097428162e-14
0.971,1.4932819877969008,1.4421580831596712,1.6731565352472246,1.6209246577090177,2.45406647026017,2.363052769893904,0.18044985333278046,0.006013895646926442,0.17933122120789752,2.8781481396778296e-15,8.056511612088513e-15,-1.9984014443252818e-14
0.972,1.4917940179669453,1.4407209857081074,1.6714906275621444,1.6193106969449882,2.455558264278137,2.364493490879612,0.18027015672318492,0.006007895241226131,0.17915263149666077,2.6900559151144268e-15,4.2850911298234695e-17,3.9968028886505635e-15
0.973,1.4903075215227994,1.4392853114619497,1.6698263674525373,1.6176983325669654,2.45704857179966,2.365932776191074,0.18009063787725557,0.0060019008030386435,0.17897421847555495,8.80957167943477e-16,2.573617255163977e-16,-7.993605777301127e-15
0.974,1.4888224970192925,1.4378510590248426,1.6681637533063376,1.6160875630125338,2.458537394296679,2.3673706272500987,0.17991129662096833,0.005995912326458762,0.1787959819715672,2.895081581497816e-15,4.190590043022875e-15,-4.218847493575595e-15
0.975,1.4873389430126622,1.4364182270017734,1.6665027835129504,1.6144783867208599,2.460024733239692,2.3688070454771006,0.17973213278046818,0.005989929805586963,0.17861792181184868,1.107556372962384e-15,9.077200441696597e-15,2.90878432451791e-14
0.976,1.485856858060527,1.4349868139991813,1.6648434564634007,1.612870802132524,2.4615105900977525,2.3702420322910998,0.17955314618206542,0.005983953234529628,0.17844003782371565,7.752286024948055e-16,9.29275352534289e-16,-5.10702591327572e-15
0.977,1.4843762407218772,1.4335568186246732,1.6631857705502082,1.6112648076896428,2.4629949663384743,2.3716755891097243,0.1793743366522372,0.005977982607398721,0.17826232983465023,1.3350559441809989e-15,5.383111043256132e-15,1.8207657603852567e-14
0.978,1.482897089557096,1.4321282394873478,1.661529724167447,1.6096604018358123,2.4644778634280313,2.3731077173492117,0.17919570401762722,0.005972017918312253,0.17808479767230256,2.271857210148306e-15,4.922912205099007e-15,2.1760371282653068e-14
0.979,1.4814194031279773,1.4307010751975866,1.6598753157107082,1.608057583016114,2.465959282831159,2.374538418424409,0.1790172481050439,0.005966059161393713,0.17790744116448345,2.0818245391318664e-15,4.573982683098955e-16,8.43769498715119e-15
0.98,1.4799431799976877,1.429275324367063,1.6582225435771352,1.606456349677138,2.467439226011157,2.3759676937487764,0.1788389687414643,0.005960106330772529,0.1777302601391733,1.2469920828019211e-15,8.98430842707162e-16,6.661338147750939e-16
0.981,1.478468418730725,1.4278509856088313,1.6565714061654266,1.6048567002669443,2.4689176944298876,2.377395544734385,0.17866086575402954,0.005954159420583885,0.17755325442451422,2.8734536889652353e-15,5.0327686595348886e-15,2.1094237467877974e-14
0.982,1.4769951178930572,1.426428057537328,1.6549219018757793,1.6032586332350949,2.470394689547781,2.3788219727919224,0.1784829389700477,0.005948218424968557,0.17737642384881708,8.972769613799008e-16,4.8300414145501036e-15,2.2426505097428162e-14
0.983,1.4755232760519408,1.4250065387682265,1.65327402910993,1.6016621470326282,2.471870212823833,2.380246979330691,0.17830518821698896,0.005942283338073232,0.17719976824055236,1.1332067891150406e-15,6.515791392592573e-15,1.6209256159527285e-14
0.984,1.4740528917760918,1.423586427918626,1.6516277862711668,1.6000672401120668,2.473344265715609,2.3816705657586095,0.17812761332249488,0.0059363541540502305,0.17702328742835896,2.0165978688182647e-15,3.27848959084149e-15,1.2434497875801753e-14
0.985,1.472583963635555,1.4221677236068724,1.649983171764301,1.5984739109274078,2.4748168496792444,2.3830927334822163,0.1779502141143647,0.005930430867057613,0.17684698124103962,1.8924449110710727e-15,3.0473462764974102e-15,9.992007221626409e-15
0.986,1.471116490201776,1.4207504244527012,1.6483401839956362,1.5968821579341579,2.4762879661694464,2.384513483906669,0.177772990420571,0.005924513471259277,0.17667084950755826,3.014091437821031e-15,7.656376519668486e-15,2.1760371282653068e-14
0.987,1.4696504700475432,1.4193345290771724,1.6466988213730425,1.5952919795892617,2.4777576166394937,2.3859328184357462,0.17759594206924612,0.0059186019608246905,0.17649489205704696,3.025523403758316e-15,5.04554465985893e-16,-8.43769498715119e-15
0.988,1.4681859017470502,1.4179200361026174,1.6450590823059184,1.5937033743511968,2.4792258025412406,2.3873507384718486,0.17741906888868691,0.0059126963299290965,0.17631910871879788,1.0966854834703018e-15,6.731196123499374e-15,1.687538997430238e-14
0.989,1.4667227838758536,1.4165069441527955,1.6434209652051575,1.5921163406798806,2.4806925253251166,2.3887672454160014,0.17724237070735682,0.005906796572753461,0.17614349932226975,3.3777803987262667e-17,3.4866265619479242e-15,-1.7763568394002505e-15
0.99,1.4652611150108923,1.4150952518526698,1.6417844684831928,1.5905308770366875,2.4821577864401276,2.390182340667854,0.17706584735388525,0.005900902683484431,0.1759680636970858,8.368339568000334e-16,7.407741665968796e-15,2.398081733190338e-14
0.991,1.4638008937304303,1.4136849578286645,1.640149590553975,1.5889469818845103,2.483621587333858,2.3915960256256827,0.17688949865706136,0.005895014656314344,0.17579280167303105,1.3368844441159058e-15,5.825546461489788e-15,-1.3100631690576847e-14
0.992,1.4623421186141654,1.412276060708381,1.6385163298329857,1.5873646536877304,2.485083929452472,2.393008301686391,0.17671332444584295,0.0058891324854412975,0.17561771308005078,1.0756554692207944e-15,2.7976508662856045e-16,1.9984014443252818e-15
0.993,1.4608847882431035,1.4108685591208259,1.636884684737196,1.5857838909121318,2.4865448142407147,2.394419170245512,0.17653732454934967,0.005883256165068978,0.17544279774826027,4.239085360506797e-16,1.148180260134933e-14,3.441691376337985e-14
0.994,1.459428901199665,1.4094624516963907,1.6352546536851058,1.584204692025007,2.4880042431419143,2.3958286326972082,0.17636149879686353,0.005877385689406813,0.1752680555079307,2.0283026124360133e-15,3.688001112799153e-15,4.440892098500626e-16
0.995,1.4579744560676022,1.40805773706661,1.6336262350967587,1.5826270554951376,2.489462217597982,2.397236690434275,0.17618584701783516,0.005871521052669838,0.17509348618950207,2.5570194946732885e-15,3.6302956735677124e-15,2.220446049250313e-14
0.996,1.4565214514320235,1.406654413864513,1.631999427393694,1.581050979792747,2.490918739049414,2.3986433448481397,0.1760103690418732,0.00586566224907892,0.17491908962357566,5.357236143695044e-16,1.2113048484555787e-15,6.8833827526759706e-15
0.997,1.4550698858794524,1.4052524807243338,1.6303742289989278,1.5794764633895348,2.492373808935293,2.400048597328864,0.17583506469875362,0.005859809272860395,0.1747448656409089,2.9792090958880413e-16,2.7237596255092037e-16,1.1102230246251565e-14
0.998,1.4536197579977137,1.4038519362816553,1.6287506383370403,1.5779035047586567,2.4938274286932907,2.401452449265146,0.17565993381841438,0.00585396211824636,0.174570814072433,4.2432145017287135e-15,2.9111715326908985e-15,1.2878587085651816e-14
0.999,1.452171066376029,1.4024527791734034,1.6271286538340932,1.5763321023747425,2.495279599759667,2.4028549020443193,0.17548497623095607,0.005848120779474582,0.17439693474923051,8.614294667397445e-16,1.822396480976233e-15,1.0880185641326534e-14
1.0,1.4507238096049597,1.4010550080377546,1.6255082739176607,1.5747622547138813,2.4967303235692717,2.404255957052357,0.17531019176664292,0.005842285250788453,0.17422322750255456,1.5965137561599118e-15,1.0848340275036433e-14,3.26405569239796e-14
