$MeshFormat
2.2 0 8
$EndMeshFormat
$PhysicalNames
3
1 10 "core_boundary_robin"
1 20 "outer_boundary"
2 2 "bulk"
$EndPhysicalNames
$Nodes
4836
1 0.25 0 0
2 0.2309698831278217 0.09567085809127245 0
3 0.1767766952966369 0.1767766952966369 0
4 0.09567085809127246 0.2309698831278217 0
5 1.530808498934192e-17 0.25 0
6 -0.09567085809127243 0.2309698831278217 0
7 -0.1767766952966369 0.1767766952966369 0
8 -0.2309698831278217 0.09567085809127247 0
9 -0.25 3.061616997868383e-17 0
10 -0.2309698831278217 -0.09567085809127242 0
11 -0.1767766952966369 -0.1767766952966369 0
12 -0.09567085809127258 -0.2309698831278216 0
13 -4.592425496802574e-17 -0.25 0
14 0.0956708580912725 -0.2309698831278217 0
15 0.1767766952966368 -0.1767766952966369 0
16 0.2309698831278216 -0.0956708580912726 0
17 -0.75 -0.75 0
18 0.75 -0.75 0
19 0.75 0.75 0
20 -0.75 0.75 0
21 0.2499562902279678 0.004674716619424148 0
22 0.2498251761961796 0.009347798593670341 0
23 0.2496067037522543 0.01401761184847022 0
24 0.2493009492914725 0.018682523447615 0
25 0.2489080197292148 0.02334090217795412 0
26 0.2484280524646883 0.02799111910235233 0
27 0.2478612153314337 0.03263154814630558 0
28 0.2472077065415565 0.03726056664174197 0
29 0.2464677546104822 0.04187655593846191 0
30 0.2456416182844511 0.04647790191688944 0
31 0.2447295864495304 0.05106299556667091 0
32 0.2437319780206482 0.05563023359776835 0
33 0.2426491418389268 0.06017801895071305 0
34 0.2414814565495525 0.06470476136040207 0
35 0.2402293304619158 0.06920887794076455 0
36 0.2388932014252999 0.07368879367156908 0
37 0.2374735366531346 0.07814294203222918 0
38 0.2359708325654974 0.08256976552192687 0
39 0.2343856146293296 0.08696771616428364 0
40 0.2327184371580385 0.09133525609927474 0
41 0.2291405639746135 0.09997300606361731 0
42 0.2272311193498869 0.104240195697233 0
43 0.2252422169642998 0.1084709348028645 0
44 0.2231745522581952 0.1126637440543945 0
45 0.2210288483404649 0.1168171571357897 0
46 0.2188058554217427 0.1209297218766314 0
47 0.2165063509217223 0.1250000000422401 0
48 0.2141311387787383 0.1290265686024422 0
49 0.2116810497614737 0.1330080192014019 0
50 0.209156940402515 0.1369429599558108 0
51 0.2065596934944594 0.1408300146399019 0
52 0.2038902171177937 0.1446678242169244 0
53 0.2011494448574241 0.1484550465075206 0
54 0.198338334972305 0.1521903573831593 0
55 0.1954578705721443 0.15587245052094 0
56 0.1925090587727555 0.159500038527982 0
57 0.1894929307989833 0.1630718528048655 0
58 0.1864105411666523 0.1665866445485826 0
59 0.1832629678910154 0.1700431845143365 0
60 0.1800513116339869 0.1734402640071818 0
61 0.1734402639972622 0.1800513116435423 0
62 0.1700431844247254 0.1832629679741623 0
63 0.1665866444532678 0.1864105412518309 0
64 0.1630718527841306 0.1894929308168271 0
65 0.1595000384292258 0.1925090588545783 0
66 0.1558724503954065 0.1954578706722539 0
67 0.1521903571765453 0.1983383351308454 0
68 0.1484550463228957 0.2011494449936834 0
69 0.1446678239702163 0.2038902172928425 0
70 0.1408300144312816 0.2065596936366943 0
71 0.1369429597122997 0.2091569405619509 0
72 0.1330080190399557 0.2116810498629171 0
73 0.129026568355372 0.2141311389276126 0
74 0.124999999899213 0.216506351004299 0
75 0.1209297216796122 0.2188058555306313 0
76 0.1168171569785605 0.2210288484235629 0
77 0.1126637438827063 0.2231745523448674 0
78 0.1084709347249581 0.2252422170018175 0
79 0.1042401956630602 0.2272311193655634 0
80 0.0999730060681172 0.2291405639726502 0
81 0.09133525608244693 0.2327184371646429 0
82 0.08696771612949591 0.2343856146422374 0
83 0.08256976544516534 0.2359708325923574 0
84 0.07814294192524021 0.2374735366883404 0
85 0.07368879353050159 0.2388932014688135 0
86 0.06920887777402931 0.2402293305099514 0
87 0.06470476117815054 0.2414814565983867 0
88 0.06017801876051731 0.2426491418860962 0
89 0.05563023338109423 0.2437319780701026 0
90 0.051062995316195 0.2447295865017923 0
91 0.04647790165505576 0.2456416183339928 0
92 0.04187655571556692 0.2464677546483536 0
93 0.03726056644037909 0.247207706571907 0
94 0.03263154797398098 0.2478612153541207 0
95 0.02799111893820608 0.2484280524831831 0
96 0.02334090203869717 0.2489080197422734 0
97 0.01868252334302477 0.2493009492993104 0
98 0.01401761176667943 0.2496067037568475 0
99 0.009347798540519439 0.2498251761981684 0
100 0.004674716586773306 0.2499562902285784 0
101 -0.004674716619424132 0.2499562902279678 0
102 -0.009347798593670326 0.2498251761961796 0
103 -0.0140176118484702 0.2496067037522543 0
104 -0.01868252344761499 0.2493009492914725 0
105 -0.02334090217795411 0.2489080197292148 0
106 -0.02799111910235232 0.2484280524646883 0
107 -0.03263154814630556 0.2478612153314337 0
108 -0.03726056664174196 0.2472077065415565 0
109 -0.04187655593846189 0.2464677546104822 0
110 -0.04647790191688943 0.2456416182844511 0
111 -0.0510629955666709 0.2447295864495304 0
112 -0.05563023359776834 0.2437319780206482 0
113 -0.06017801895071304 0.2426491418389268 0
114 -0.06470476136040205 0.2414814565495525 0
115 -0.06920887794076454 0.2402293304619158 0
116 -0.07368879367156907 0.2388932014252999 0
117 -0.07814294203222917 0.2374735366531346 0
118 -0.08256976552192685 0.2359708325654974 0
119 -0.08696771616428363 0.2343856146293296 0
120 -0.09133525609927473 0.2327184371580385 0
121 -0.09997300605839991 0.2291405639768898 0
122 -0.1042401956823991 0.2272311193566919 0
123 -0.1084709347890384 0.2252422169709581 0
124 -0.1126637440262504 0.223174552272403 0
125 -0.1168171571192929 0.2210288483491837 0
126 -0.120929721859482 0.2188058554312209 0
127 -0.1250000000283172 0.2165063509297607 0
128 -0.129026568579818 0.2141311387923707 0
129 -0.1330080192061084 0.2116810497585164 0
130 -0.1369429599421889 0.2091569404114337 0
131 -0.1408300146092551 0.2065596935153541 0
132 -0.1446678241817509 0.2038902171427507 0
133 -0.1484550464763842 0.2011494448804038 0
134 -0.1521903573433769 0.198338335002831 0
135 -0.15587245049024 0.1954578705966268 0
136 -0.159500038486482 0.1925090588071396 0
137 -0.163071852760811 0.1894929308368953 0
138 -0.1665866444740643 0.186410541233246 0
139 -0.1700431844492487 0.183262967951408 0
140 -0.1734402639800988 0.1800513116600755 0
141 -0.1800513116449138 0.1734402639958385 0
142 -0.1832629679768515 0.1700431844218271 0
143 -0.1864105412572069 0.166586644447252 0
144 -0.1894929308267953 0.1630718527725474 0
145 -0.1925090588745562 0.1595000384051135 0
146 -0.1954578706930099 0.1558724503693793 0
147 -0.1983383351598529 0.1521903571387421 0
148 -0.2011494450209541 0.1484550462859454 0
149 -0.2038902173252925 0.1446678239244822 0
150 -0.2065596936772688 0.1408300143717697 0
151 -0.209156940595269 0.136942959661412 0
152 -0.2116810498909851 0.1330080189952857 0
153 -0.214131138929614 0.1290265683520504 0
154 -0.2165063509952523 0.1249999999148823 0
155 -0.2188058555188733 0.1209297217008868 0
156 -0.2210288484120404 0.1168171570003622 0
157 -0.2231745523391059 0.1126637438941191 0
158 -0.2252422169997049 0.1084709347293451 0
159 -0.2272311193671715 0.1042401956595548 0
160 -0.2291405639796116 0.09997300605216158 0
161 -0.2327184371646701 0.09133525608237769 0
162 -0.2343856146403612 0.08696771613455252 0
163 -0.2359708325905965 0.08256976545019769 0
164 -0.2374735366838297 0.07814294193894802 0
165 -0.2388932014629556 0.07368879354949243 0
166 -0.240229330507311 0.06920887778319454 0
167 -0.2414814565974538 0.06470476118163224 0
168 -0.2426491418867114 0.06017801875803634 0
169 -0.2437319780704583 0.05563023337953576 0
170 -0.2447295865023558 0.05106299531349464 0
171 -0.2456416183337231 0.04647790165648127 0
172 -0.246467754648123 0.04187655571692389 0
173 -0.2472077065719697 0.03726056643996348 0
174 -0.2478612153545877 0.03263154797043392 0
175 -0.2484280524832832 0.02799111893731855 0
176 -0.2489080197427634 0.02334090203347068 0
177 -0.2493009493002363 0.01868252333066921 0
178 -0.2496067037574461 0.0140176117560218 0
179 -0.2498251761985482 0.009347798530366755 0
180 -0.2499562902286777 0.0046747165814673 0
181 -0.2499562902279549 -0.004674716620114616 0
182 -0.2498251761961231 -0.009347798595179351 0
183 -0.2496067037520798 -0.01401761185157689 0
184 -0.2493009492910481 -0.01868252345327756 0
185 -0.2489080197285773 -0.02334090218475205 0
186 -0.2484280524638239 -0.02799111911002381 0
187 -0.2478612153302474 -0.03263154815531597 0
188 -0.247207706539527 -0.03726056665520691 0
189 -0.246467754608244 -0.04187655595163467 0
190 -0.2456416182820851 -0.04647790192939451 0
191 -0.2447295864467486 -0.051062995580003 0
192 -0.2437319780180471 -0.0556302336091642 0
193 -0.2426491418373208 -0.06017801895718856 0
194 -0.241481456548238 -0.06470476136530776 0
195 -0.2402293304626982 -0.06920887793804879 0
196 -0.2388932014261013 -0.07368879366897087 0
197 -0.2374735366549327 -0.07814294202676478 0
198 -0.2359708325627753 -0.08256976552970618 0
199 -0.2343856146265475 -0.08696771617178166 0
200 -0.2327184371568713 -0.09133525610224849 0
201 -0.2291405639670984 -0.09997300608084202 0
202 -0.2272311193462288 -0.1042401957052073 0
203 -0.225242216962544 -0.1084709348065107 0
204 -0.2231745522992109 -0.1126637439731469 0
205 -0.2210288483508581 -0.1168171571161247 0
206 -0.2188058554398921 -0.1209297218437926 0
207 -0.2165063508999058 -0.1250000000800275 0
208 -0.2141311388099415 -0.1290265685506577 0
209 -0.2116810497390883 -0.1330080192370281 0
210 -0.2091569404265482 -0.1369429599191042 0
211 -0.206559693501458 -0.1408300146296369 0
212 -0.2038902171656345 -0.1446678241494991 0
213 -0.2011494448840994 -0.1484550464713769 0
214 -0.1983383350154417 -0.1521903573269425 0
215 -0.1954578705590264 -0.1558724505373894 0
216 -0.1925090587543742 -0.1595000385501674 0
217 -0.1894929307515585 -0.1630718528599742 0
218 -0.1864105411773873 -0.1665866445365702 0
219 -0.1832629679248934 -0.1700431844778247 0
220 -0.1800513116024397 -0.1734402640399315 0
221 -0.1734402640079377 -0.1800513116332588 0
222 -0.1700431844352186 -0.183262967964426 0
223 -0.166586644470849 -0.1864105412361193 0
224 -0.1630718527980683 -0.1894929308048328 0
225 -0.1595000384498781 -0.1925090588374672 0
226 -0.1558724504282138 -0.195457870646091 0
227 -0.1521903572108182 -0.198338335104547 0
228 -0.1484550463320629 -0.2011494449869178 0
229 -0.1446678239705849 -0.2038902172925809 0
230 -0.1408300144213193 -0.2065596936434865 0
231 -0.1369429597113455 -0.2091569405625757 0
232 -0.1330080190529757 -0.211681049854736 0
233 -0.1290265683945806 -0.2141311389039871 0
234 -0.1249999999556071 -0.2165063509717399 0
235 -0.1209297217321519 -0.2188058555015937 0
236 -0.1168171570276161 -0.2210288483976363 0
237 -0.1126637439162445 -0.2231745523279365 0
238 -0.1084709347529706 -0.2252422169883275 0
239 -0.1042401956610777 -0.2272311193664729 0
240 -0.09997300607469876 -0.2291405639697787 0
241 -0.09133525608665094 -0.2327184371629929 0
242 -0.08696771613295338 -0.2343856146409545 0
243 -0.08256976545922221 -0.2359708325874387 0
244 -0.07814294192541971 -0.2374735366882813 0
245 -0.07368879354016679 -0.2388932014658322 0
246 -0.06920887778208235 -0.2402293305076314 0
247 -0.06470476118008553 -0.2414814565978682 0
248 -0.06017801874844698 -0.2426491418890896 0
249 -0.05563023337532081 -0.2437319780714204 0
250 -0.05106299531466292 -0.244729586502112 0
251 -0.04647790164854212 -0.2456416183352252 0
252 -0.04187655569552555 -0.2464677546517587 0
253 -0.03726056643480535 -0.2472077065727472 0
254 -0.03263154794817827 -0.2478612153575177 0
255 -0.02799111892724276 -0.2484280524844184 0
256 -0.02334090203610446 -0.2489080197425165 0
257 -0.01868252333607823 -0.249300949299831 0
258 -0.01401761175894357 -0.249606703757282 0
259 -0.00934779852860447 -0.2498251761986142 0
260 -0.004674716588895789 -0.2499562902285388 0
261 0.004674716618517258 -0.2499562902279848 0
262 0.009347798591857562 -0.2498251761962474 0
263 0.01401761184399407 -0.2496067037525057 0
264 0.01868252344394835 -0.2493009492917472 0
265 0.02334090217130938 -0.2489080197298379 0
266 0.02799111909312847 -0.2484280524657276 0
267 0.03263154813486945 -0.2478612153329393 0
268 0.03726056663478114 -0.2472077065426057 0
269 0.04187655593036162 -0.2464677546118585 0
270 0.04647790190548611 -0.2456416182866088 0
271 0.05106299557148433 -0.244729586448526 0
272 0.05563023360396704 -0.2437319780192334 0
273 0.06017801894681612 -0.2426491418398933 0
274 0.06470476136498507 -0.2414814565483245 0
275 0.06920887793740677 -0.2402293304628832 0
276 0.07368879367305885 -0.2388932014248404 0
277 0.07814294203464998 -0.237473536652338 0
278 0.08256976551901345 -0.2359708325665169 0
279 0.08696771617233182 -0.2343856146263434 0
280 0.09133525610193098 -0.232718437156996 0
281 0.09997300608755061 -0.2291405639641716 0
282 0.1042401957256252 -0.2272311193368624 0
283 0.108470934839349 -0.22524221694673 0
284 0.1126637440153015 -0.2231745522779304 0
285 0.1168171571456841 -0.2210288483352356 0
286 0.1209297218737303 -0.2188058554233462 0
287 0.1250000001132344 -0.2165063508807339 0
288 0.129026568550877 -0.2141311388098094 0
289 0.1330080192226353 -0.211681049748132 0
290 0.1369429599255068 -0.2091569404223563 0
291 0.1408300146373773 -0.2065596934961808 0
292 0.1446678241461324 -0.2038902171680235 0
293 0.1484550464884477 -0.2011494448715007 0
294 0.1521903573137869 -0.1983383350255364 0
295 0.1558724505027788 -0.1954578705866275 0
296 0.1595000385230469 -0.1925090587768446 0
297 0.1630718528597453 -0.1894929307517556 0
298 0.166586644508692 -0.1864105412023009 0
299 0.1700431844730169 -0.1832629679293545 0
300 0.1734402640215296 -0.1800513116201661 0
301 0.1800513116333169 -0.1734402640078773 0
302 0.1832629679591524 -0.1700431844409022 0
303 0.1864105412261735 -0.1665866444819785 0
304 0.1894929308044719 -0.1630718527984877 0
305 0.1925090588426699 -0.1595000384435987 0
306 0.1954578706545071 -0.1558724504176603 0
307 0.1983383351189115 -0.152190357192098 0
308 0.201149444988524 -0.1484550463298865 0
309 0.203890217284509 -0.1446678239819613 0
310 0.2065596936339409 -0.1408300144353202 0
311 0.2091569405599543 -0.1369429597153491 0
312 0.2116810498564144 -0.1330080190503047 0
313 0.2141311389019903 -0.1290265683978946 0
314 0.2165063509700939 -0.124999999958458 0
315 0.2188058554903921 -0.1209297217524198 0
316 0.2210288483868178 -0.1168171570480856 0
317 0.223174552313649 -0.1126637439445465 0
318 0.225242216980328 -0.1084709347695817 0
319 0.2272311193580482 -0.1042401956794425 0
320 0.2291405639662139 -0.09997300608286935 0
321 0.2327184371667093 -0.09133525607718175 0
322 0.234385614645753 -0.08696771612002112 0
323 0.2359708325946938 -0.08256976543848848 0
324 0.2374735366937557 -0.07814294190878329 0
325 0.2388932014737305 -0.07368879351456112 0
326 0.2402293305164128 -0.06920887775160123 0
327 0.2414814566079574 -0.06470476114243209 0
328 0.2426491418976464 -0.06017801871394448 0
329 0.2437319780807852 -0.05563023333429083 0
330 0.2447295865090235 -0.05106299528153792 0
331 0.2456416183409722 -0.04647790161816864 0
332 0.2464677546547608 -0.041876555677857 0
333 0.2472077065759228 -0.03726056641373644 0
334 0.2478612153583916 -0.03263154794153991 0
335 0.2484280524853131 -0.02799111891930242 0
336 0.2489080197453287 -0.02334090200611497 0
337 0.2493009493033268 -0.01868252328943008 0
338 0.2496067037585373 -0.01401761173658989 0
339 0.2498251761989632 -0.009347798519278153 0
340 0.2499562902286379 -0.00467471658359804 0
341 -0.7000000000001849 -0.75 0
342 -0.6500000000003697 -0.75 0
343 -0.6000000000005545 -0.75 0
344 -0.5500000000007395 -0.75 0
345 -0.5000000000009244 -0.75 0
346 -0.4500000000011093 -0.75 0
347 -0.4000000000012943 -0.75 0
348 -0.3500000000014792 -0.75 0
349 -0.3000000000016642 -0.75 0
350 -0.2500000000018491 -0.75 0
351 -0.2000000000020341 -0.75 0
352 -0.1500000000022191 -0.75 0
353 -0.1000000000024039 -0.75 0
354 -0.05000000000258897 -0.75 0
355 -2.752242878045763e-12 -0.75 0
356 0.04999999999741145 -0.75 0
357 0.09999999999759623 -0.75 0
358 0.1499999999977812 -0.75 0
359 0.199999999997966 -0.75 0
360 0.249999999998151 -0.75 0
361 0.2999999999983358 -0.75 0
362 0.3499999999985208 -0.75 0
363 0.3999999999987056 -0.75 0
364 0.4499999999988906 -0.75 0
365 0.4999999999990754 -0.75 0
366 0.5499999999992604 -0.75 0
367 0.5999999999994454 -0.75 0
368 0.6499999999996302 -0.75 0
369 0.699999999999815 -0.75 0
370 0.75 -0.7000000000001849 0
371 0.75 -0.6500000000003697 0
372 0.75 -0.6000000000005545 0
373 0.75 -0.5500000000007395 0
374 0.75 -0.5000000000009244 0
375 0.75 -0.4500000000011093 0
376 0.75 -0.4000000000012943 0
377 0.75 -0.3500000000014792 0
378 0.75 -0.3000000000016642 0
379 0.75 -0.2500000000018491 0
380 0.75 -0.2000000000020341 0
381 0.75 -0.1500000000022191 0
382 0.75 -0.1000000000024039 0
383 0.75 -0.05000000000258897 0
384 0.75 -2.752242878045763e-12 0
385 0.75 0.04999999999741145 0
386 0.75 0.09999999999759623 0
387 0.75 0.1499999999977812 0
388 0.75 0.199999999997966 0
389 0.75 0.249999999998151 0
390 0.75 0.2999999999983358 0
391 0.75 0.3499999999985208 0
392 0.75 0.3999999999987056 0
393 0.75 0.4499999999988906 0
394 0.75 0.4999999999990754 0
395 0.75 0.5499999999992604 0
396 0.75 0.5999999999994454 0
397 0.75 0.6499999999996302 0
398 0.75 0.699999999999815 0
399 0.7000000000001849 0.75 0
400 0.6500000000003697 0.75 0
401 0.6000000000005545 0.75 0
402 0.5500000000007395 0.75 0
403 0.5000000000009244 0.75 0
404 0.4500000000011093 0.75 0
405 0.4000000000012943 0.75 0
406 0.3500000000014792 0.75 0
407 0.3000000000016642 0.75 0
408 0.2500000000018491 0.75 0
409 0.2000000000020341 0.75 0
410 0.1500000000022191 0.75 0
411 0.1000000000024039 0.75 0
412 0.05000000000258897 0.75 0
413 2.752242878045763e-12 0.75 0
414 -0.04999999999741145 0.75 0
415 -0.09999999999759623 0.75 0
416 -0.1499999999977812 0.75 0
417 -0.199999999997966 0.75 0
418 -0.249999999998151 0.75 0
419 -0.2999999999983358 0.75 0
420 -0.3499999999985208 0.75 0
421 -0.3999999999987056 0.75 0
422 -0.4499999999988906 0.75 0
423 -0.4999999999990754 0.75 0
424 -0.5499999999992604 0.75 0
425 -0.5999999999994454 0.75 0
426 -0.6499999999996302 0.75 0
427 -0.699999999999815 0.75 0
428 -0.75 0.7000000000001849 0
429 -0.75 0.6500000000003697 0
430 -0.75 0.6000000000005545 0
431 -0.75 0.5500000000007395 0
432 -0.75 0.5000000000009244 0
433 -0.75 0.4500000000011093 0
434 -0.75 0.4000000000012943 0
435 -0.75 0.3500000000014792 0
436 -0.75 0.3000000000016642 0
437 -0.75 0.2500000000018491 0
438 -0.75 0.2000000000020341 0
439 -0.75 0.1500000000022191 0
440 -0.75 0.1000000000024039 0
441 -0.75 0.05000000000258897 0
442 -0.75 2.752242878045763e-12 0
443 -0.75 -0.04999999999741145 0
444 -0.75 -0.09999999999759623 0
445 -0.75 -0.1499999999977812 0
446 -0.75 -0.199999999997966 0
447 -0.75 -0.249999999998151 0
448 -0.75 -0.2999999999983358 0
449 -0.75 -0.3499999999985208 0
450 -0.75 -0.3999999999987056 0
451 -0.75 -0.4499999999988906 0
452 -0.75 -0.4999999999990754 0
453 -0.75 -0.5499999999992604 0
454 -0.75 -0.5999999999994454 0
455 -0.75 -0.6499999999996302 0
456 -0.75 -0.699999999999815 0
457 -0.1034013668877485 -0.2314927389109561 0
458 -0.07706796471730964 -0.2416794887456297 0
459 -0.04920539953104147 -0.2484851936936846 0
460 -0.0213404238076392 -0.2530437968937755 0
461 0.007904018898517488 -0.2535837811751846 0
462 0.03551201259885067 -0.2515433085532842 0
463 0.06342727767575798 -0.2458630918977865 0
464 0.09018737333718799 -0.2377356941424174 0
465 -0.231881336258426 0.1037602283894156 0
466 -0.2419914640667891 0.07706000061961876 0
467 -0.2492280290688421 0.04904200428869812 0
468 -0.2531024087618317 0.0214305556340296 0
469 -0.2538992978363654 -0.006945848025739505 0
470 -0.2507779723447969 -0.03531702505804549 0
471 -0.2461525717214346 -0.06327751077057696 0
472 -0.2373344264233572 -0.09059530417830317 0
473 0.103796854676231 0.2318514109725795 0
474 0.07714533349245543 0.2420407747401341 0
475 0.04956029121884473 0.2491564099944696 0
476 0.02114624151316076 0.2525520132951053 0
477 -0.006921775592878581 0.2538470937012982 0
478 -0.035515952267693 0.2522674376539862 0
479 -0.06303856277030986 0.2462357467439323 0
480 -0.0904380063157133 0.2370187213186231 0
481 0.2326301156285215 -0.1040736683124017 0
482 0.2420407747453651 -0.07714533347598841 0
483 0.2491604631094029 -0.0497502670888245 0
484 0.2530271002926929 -0.02115568799328137 0
485 0.2539814596784122 0.006856427564652328 0
486 0.2511406352824877 0.03529327630864783 0
487 0.2460185140267404 0.06351482466124135 0
488 0.2371699090559957 0.09064615631588605 0
489 -0.3784268229728427 0.7122834922502188 0
490 -0.1330544050721986 0.2162512130191372 0
491 -0.1167180588750858 0.2264039451384016 0
492 0.7112084265445734 0.3759451037266349 0
493 0.2165197082867031 0.1330513338952048 0
494 0.2267140721609093 0.1168661680366284 0
495 -0.7022321072877968 -0.3697054895981713 0
496 -0.216192756103066 -0.1334059047987532 0
497 -0.225915732728773 -0.1164735028578316 0
498 0.3752820136969427 -0.7038534998771386 0
499 0.1336564426727629 -0.2163518974954023 0
500 0.1123681346848967 -0.2280173228625275 0
501 0.3730350133134885 0.7122818624544502 0
502 0.1780879833997018 0.1814521609651839 0
503 0.1561100757017048 0.2003822914169168 0
504 0.1975026446094225 0.1597520994636713 0
505 0.1329502230388458 0.2160668159903954 0
506 -0.3848050906483486 -0.7123803119058345 0
507 -0.1778831514610712 -0.1812574636285777 0
508 -0.1557603026541125 -0.2004374376975187 0
509 -0.1334270450827335 -0.2161118374776466 0
510 -0.1969248758134007 -0.1600369518760807 0
511 -0.7019797539509044 0.3677090112562996 0
512 -0.1807368779226311 0.1773835259697319 0
513 -0.2000872338995503 0.1565511075670451 0
514 -0.1604420232699713 0.1966446718469735 0
515 -0.216632151420515 0.1333890665508031 0
516 0.7105944251192762 -0.3744735621521545 0
517 0.1812674066136637 -0.1779123146566564 0
518 0.1997368667676154 -0.1565571318965147 0
519 0.2161635955040572 -0.1335205982293871 0
520 0.1602399904420266 -0.1971250480505111 0
521 0.7056558114269673 0.2234349273527261 0
522 -0.2249999999980585 0.706698729810618 0
523 -0.7063163095198125 -0.2281886417199101 0
524 -0.7054331633340094 0.2223045494284926 0
525 -0.218731100513135 -0.7107399814907858 0
526 0.2295680970560709 0.703599570019153 0
527 0.7100376547244599 -0.2250000000019416 0
528 0.2255108988527537 -0.7070259563802771 0
529 -0.7066987298109383 0.07500000000249646 0
530 0.07591922192039294 0.712765815673321 0
531 0.7026513749014202 -0.06879881322742296 0
532 -0.07240450185522057 -0.7048247495282356 0
533 0.7105340805443033 0.07902394633927226 0
534 -0.07681931108814688 0.7035607999259726 0
535 0.07499999999742298 -0.7066987298106985 0
536 -0.7066987298106272 -0.07499999999750384 0
537 0.2086618555982029 0.1451102765971282 0
538 -0.1450607536931728 0.2085485958334891 0
539 0.1450607537067403 -0.2085485958615694 0
540 -0.2458695940522137 0.06358125986340857 0
541 -0.2055421920163251 -0.149207676466413 0
542 0.24573067624717 -0.06326670749125399 0
543 0.1673228954283708 0.1915491443374261 0
544 -0.0642973760736564 -0.2462116223546143 0
545 0.2259156525129253 -0.1160213930149289 0
546 0.2373869141075407 -0.09069877130594359 0
547 -0.1910497411065364 0.167379969532579 0
548 -0.1167145769264733 -0.2260610612284467 0
549 0.06349235544655928 0.2455932008372665 0
550 0.1910542437966868 -0.1675288595987486 0
551 -0.09059530415777638 -0.237334426452458 0
552 0.09071102833680875 0.2372153973463811 0
553 0.1208475684889327 0.224110696801634 0
554 -0.2081619983708596 0.1449163125465492 0
555 -0.2537271997152727 -0.02198685033348837 0
556 -0.1674556461662744 -0.1909643402134327 0
557 -0.2238614352501732 0.1212532496676206 0
558 0.2531387588296399 0.02135199979546043 0
559 -0.02135199979546041 0.2531387588296399 0
560 -0.2372739427404097 0.09055984653802487 0
561 0.02075072586201387 -0.2526982288388695 0
562 0.2085485960096735 -0.1450607535338224 0
563 -0.2424081856053021 -0.07719390403248254 0
564 -0.2319520217522593 -0.1037783797908851 0
565 0.07704579205612913 -0.2421057564840208 0
566 -0.1710407928624234 0.187830205996337 0
567 0.1710661117489023 -0.187868693233676 0
568 0.1448850368049012 0.2083769449044777 0
569 -0.1457478816860452 -0.2086461707956843 0
570 0.2319957272264511 0.1035310214931428 0
571 0.2491564099448381 0.04956029147956457 0
572 -0.0492756345671594 0.2490215025867835 0
573 -0.2518841065697478 0.03560100581523826 0
574 0.2418627617511785 0.07710058262559896 0
575 -0.07699769967522645 0.2424373204365172 0
576 0.03549513572650096 0.2507166650766506 0
577 0.007479342673330339 0.2542106446096405 0
578 -0.006905176829172157 -0.2533393690867034 0
579 -0.187982292130708 -0.170780829023246 0
580 -0.249565834703923 -0.0491495482301373 0
581 -0.1037789078505115 0.2320750124050823 0
582 0.04970804817598795 -0.2494747453990989 0
583 -0.2537701102012655 0.007284950577654233 0
584 -0.03569041029775847 -0.2515338904552499 0
585 0.2514136720568534 -0.03572759786913682 0
586 0.2539377408840656 -0.007124805631928972 0
587 0.1883767681539992 0.1708202591364541 0
588 -0.5249999999991679 0.706698729810618 0
589 0.7101637241926991 0.5186168021856844 0
590 -0.7081576812935065 -0.5249735729053385 0
591 0.5255733547280244 -0.7042742419111592 0
592 -0.5250000000008319 -0.7066987298109383 0
593 0.7031040535936373 -0.5302658578727614 0
594 0.5299302371681761 0.7068318034157709 0
595 -0.716183609543712 0.5253407754938468 0
596 0.2211381958746457 0.1249416989202815 0
597 -0.1250038663030296 0.2211784123093403 0
598 0.2029926931688982 0.152545672618516 0
599 0.1037103200632274 -0.2317706946063397 0
600 -0.1527023290342541 0.2033288353055274 0
601 -0.2216428800061068 -0.1253599208355476 0
602 0.121308476917702 -0.2236038292904474 0
603 -0.2112520202008798 -0.1410513326237144 0
604 -0.227885147183176 0.1123363602919159 0
605 0.2220761834955427 -0.1252090894551908 0
606 -0.1249513908597415 -0.2207593430150259 0
607 0.1526575275844461 -0.2032979914952635 0
608 0.1128686901565331 0.227359197408788 0
609 0.6266010770211567 -0.7062470960045339 0
610 -0.700280197734548 -0.6215643356259776 0
611 0.7054988249896447 0.6284447820202586 0
612 -0.622377496963913 0.7099047958366722 0
613 -0.6205314806429083 -0.7101080212236641 0
614 0.7063089069779018 -0.6282689252445536 0
615 0.6237202027506406 0.7042898436458409 0
616 -0.7066923925168666 0.6262450674464167 0
617 0.0249999999973296 -0.7066987298107779 0
618 0.05071394953760297 -0.6629852606621821 0
619 0.100118991587361 -0.6633287597947832 0
620 0.07513882351884199 -0.6200160396345222 0
621 0.1254037130624092 -0.6202796567374799 0
622 0.100090422761435 -0.5768121388274779 0
623 0.1504430998485608 -0.5770366426338706 0
624 0.1273879296352784 -0.5348641397980757 0
625 0.1753660789509504 -0.5337012912523107 0
626 0.0804562060781546 -0.5363195925132471 0
627 0.152109106662997 -0.4914093497010795 0
628 0.1999999999965653 -0.4901923788639626 0
629 0.1790320196884292 -0.4498771637908849 0
630 0.2239418907413806 -0.448477992178313 0
631 0.1992995969356934 -0.4093518241848535 0
632 0.2460145987909808 -0.4029581108003109 0
633 0.1539987177280435 -0.4144107843952429 0
634 0.2711908753672412 -0.4476439757841491 0
635 0.2935500570155588 -0.4060350272533094 0
636 0.3201132515592486 -0.4472939959494835 0
637 0.342944079301959 -0.4035369030410079 0
638 0.3199906775169126 -0.3652519520114608 0
639 0.3653968863100042 -0.3607867128081104 0
640 0.3391157890031616 -0.3191035397960963 0
641 0.3866354179605858 -0.3185309261030898 0
642 0.3622978212020109 -0.2803488396465568 0
643 0.3699598311321953 -0.4453877716679012 0
644 0.4080832429194473 -0.2781699566485651 0
645 0.3840141519924969 -0.2387798146015438 0
646 0.4293404060277514 -0.2383126852549816 0
647 0.4056491553726702 -0.1999054059248851 0
648 0.175120360034422 -0.3767747427211359 0
649 0.1403438188588959 -0.3735215499549858 0
650 0.3261143818486456 -0.2807690337645634 0
651 0.1563151164328688 -0.3484088852628879 0
652 0.1274102636813546 -0.3450031985553312 0
653 0.1126811060205465 -0.3697017405257061 0
654 0.09983658917968025 -0.3452094591935401 0
655 0.08728164122461912 -0.3664789263647111 0
656 0.07575998544762677 -0.3454567507496088 0
657 0.063604308597694 -0.3642734848370077 0
658 0.05449601219512266 -0.3438082143272041 0
659 0.04154507144695906 -0.3615476962515703 0
660 0.03310943751914394 -0.3389162226093642 0
661 0.02000084108619193 -0.3589986299389228 0
662 0.011919732259831 -0.3400558884842376 0
663 -0.0004115503189152632 -0.3567244831420532 0
664 -0.008344012472242387 -0.3357434884172946 0
665 -0.02060430162285098 -0.3540765562135854 0
666 -0.02879024799681771 -0.3338305929995884 0
667 -0.04056382518376211 -0.3519417624850767 0
668 -0.04871147424324138 -0.3346843041219497 0
669 -0.06165199625432856 -0.3509578689921844 0
670 -0.05236180857628652 -0.3707564783239667 0
671 -0.07552313209640756 -0.3691285997740434 0
672 -0.08531108356696422 -0.3476325898035545 0
673 -0.100882852069989 -0.3667072363864939 0
674 -0.09144838989440066 -0.3899886530337039 0
675 -0.1184002924364203 -0.3860711874830033 0
676 -0.1260097351374959 -0.3578651917095628 0
677 -0.1461352595447304 -0.3796726537371327 0
678 -0.1533379664650182 -0.3483547696399241 0
679 -0.1747663944924822 -0.3731115170503512 0
680 -0.1832594525251875 -0.3447981462467608 0
681 -0.2044798635509527 -0.3669100013378228 0
682 -0.212871328027502 -0.3346548057835463 0
683 -0.236100479270638 -0.3601301037694654 0
684 -0.2442613096439046 -0.3306068614557763 0
685 -0.2694525371938046 -0.3540675947614154 0
686 -0.2755963732782545 -0.3183744830762425 0
687 -0.3057069177165118 -0.3472394700458608 0
688 -0.315253229692423 -0.3123649689131088 0
689 -0.3454427175281923 -0.3428250079044031 0
690 -0.3533041284877543 -0.2977149711375546 0
691 -0.1376318346787402 -0.4087707896194496 0
692 0.007687338342272181 -0.3770871103927419 0
693 -0.2561586096875593 -0.3846274992286969 0
694 -0.3895833738422447 -0.3323873321993187 0
695 -0.4035564795917419 -0.2882372824719067 0
696 -0.3690765900239625 -0.2556144553355672 0
697 -0.4148512846366973 -0.2447396364271077 0
698 -0.3820970471743977 -0.2142724513029915 0
699 -0.4242058199120069 -0.2034049669010182 0
700 -0.3967670149925362 -0.1750501492669302 0
701 -0.4349259284327932 -0.1635719795378042 0
702 -0.4027419317574745 -0.135191547792174 0
703 -0.4452097954748682 -0.1250764555805509 0
704 -0.4191876299669339 -0.09700212840667496 0
705 -0.4570877586586025 -0.08680747580761333 0
706 -0.4245634701356116 -0.05826482104138311 0
707 -0.3748967732292817 -0.3778808076688974 0
708 -0.2896790583688265 -0.2833345932334825 0
709 -0.4677303335697499 -0.04813174380525524 0
710 -0.4397224429005893 -0.02087196962898458 0
711 0.4513300789515625 -0.2008083056312789 0
712 0.4263778364553797 -0.1627139398796513 0
713 -0.2234261183921252 -0.3067416699132857 0
714 0.3872680573068775 -0.1621010677194049 0
715 0.4047758071372779 -0.1298961139773253 0
716 0.4437075953569143 -0.1269968279148596 0
717 0.4146385981047948 -0.09336913485029907 0
718 0.4586623595940627 -0.09008066335979453 0
719 0.4341581664621592 -0.05943161030643638 0
720 0.398071236352297 -0.06317292735277572 0
721 0.4118153092267475 -0.03177436918853965 0
722 0.4486027988917388 -0.02523511798314219 0
723 0.4195161649588711 0.003390037617648794 0
724 0.4606134235579419 0.01060676770466441 0
725 0.4350255005765707 0.03847042118009999 0
726 0.4020211661624953 0.03434394639274922 0
727 0.4110711715936226 0.06611847128131365 0
728 0.4469048751590577 0.07402161346769681 0
729 0.4198977615364093 0.1015721243357656 0
730 0.4574524391553291 0.1115718458193796 0
731 0.4287086401451663 0.1382313767495991 0
732 0.3982227593873275 0.1267016945308826 0
733 0.4045472613512758 0.1632638062677587 0
734 0.4385315113672669 0.176561461607708 0
735 0.4080012394406808 0.2033954062331259 0
736 0.44701376307592 0.2190199655349781 0
737 0.4125253184317286 0.2462163034241656 0
738 0.3755080988494313 0.2273388758946267 0
739 0.3730628524088028 0.2695095505248954 0
740 0.4183748176537843 0.2941788578642486 0
741 0.3808222874843713 0.3195605884153826 0
742 0.3387911667735827 0.2990670073335295 0
743 0.342777244722123 0.3424609161563716 0
744 0.2997464978346367 0.3206288227805854 0
745 0.3051473020509269 0.3638433184575631 0
746 0.2673096446687258 0.3478053594220635 0
747 0.380470958730031 0.3606794707475952 0
748 0.2703951392331324 0.3872676334405957 0
749 0.2350314571409636 0.3700634386018081 0
750 0.2366942183916639 0.4107831994787967 0
751 0.1979903593953407 0.3869149356586768 0
752 0.2059521019907702 0.431605383523294 0
753 0.1668720344184002 0.4131677911413774 0
754 0.2796134815795973 0.4348819901445674 0
755 0.3017024155329295 0.281840657901791 0
756 0.1635566344058103 0.3758089444996265 0
757 0.1334870596990108 0.3964599451743861 0
758 0.13373622830168 0.4342065165633541 0
759 0.09992277674888676 0.4135173191957823 0
760 0.09937448213790773 0.4522474194581775 0
761 0.06746204724490626 0.4318316591816803 0
762 0.06812266122177535 0.3953774427795758 0
763 0.03819052618639091 0.4115563509269869 0
764 0.03477774656250481 0.4486084013773159 0
765 0.003710370630616151 0.4219787595713802 0
766 -6.86086382477042e-05 0.4634114517533179 0
767 -0.03075526659871141 0.4402508122449519 0
768 -0.02903611712454222 0.4040071398428762 0
769 -0.06011575349948867 0.4186696796458004 0
770 -0.06581064891637417 0.4540437806533555 0
771 -0.09362474952072672 0.4294518927863392 0
772 -0.08763587655569519 0.3955421641462975 0
773 -0.1212069900470397 0.4050988554591188 0
774 -0.1263403354417519 0.4425770795112143 0
775 -0.1572504065606553 0.4140068760208519 0
776 -0.1435928748663532 0.3769001857819825 0
777 -0.1803695342517855 0.3866075869098127 0
778 -0.1935388113113899 0.4235448370398698 0
779 -0.2191836287983263 0.3877771824539267 0
780 -0.2346019422094162 0.4318849589697918 0
781 -0.2616278278811668 0.3983103688001962 0
782 -0.247857586190129 0.3679243915382765 0
783 -0.283572347645471 0.3597711742856541 0
784 -0.3052178605911692 0.405186559874131 0
785 -0.3342875982343441 0.3687072508223228 0
786 -0.3144008638987057 0.326494533081012 0
787 -0.3577858400801916 0.3307784314440759 0
788 -0.3360353638193879 0.2876796892915113 0
789 -0.3802626176858823 0.3728016618878297 0
790 -0.3817628486106966 0.294723516714073 0
791 -0.3641424706581647 0.2548951172515416 0
792 -0.4069043687976064 0.2599607247284478 0
793 0.04177731102901328 0.3796950181190584 0
794 0.06432619579749786 0.3657214544800649 0
795 -0.2971860100750787 0.2888703737747019 0
796 -0.4037397059135813 -0.02773491072325113 0
797 -0.4145434427073432 0.00552645199452189 0
798 -0.4505589330798383 0.01862602166657265 0
799 0.3802095888359053 -0.0379811633387363 0
800 0.3680195498736225 -0.06173328499954928 0
801 -0.357771717413647 -0.1835840558696755 0
802 0.2335356776832539 0.3356243345542141 0
803 -0.3795732889059333 -0.003955580937774961 0
804 -0.3903552576198021 0.02443580302539767 0
805 -0.3740817251789578 -0.03253241091144055 0
806 -0.3637666608607947 0.01864504503967219 0
807 -0.3701582682003866 0.041834769768139 0
808 0.1438042488366856 -0.3244672495628002 0
809 0.04397854358848167 0.3537467278694173 0
810 0.06247800510288987 0.3425087941797667 0
811 -0.423336272779094 -0.3685212746349732 0
812 -0.4071229729317601 -0.4154416276601151 0
813 -0.1649657972230809 -0.3262024190634332 0
814 -0.3476598922487393 0.03411973227480097 0
815 -0.3490023333070963 0.05702891001830357 0
816 -0.3748972461873295 0.06500600037036249 0
817 -0.3410080265811657 0.0132742830928473 0
818 -0.3565045231509464 0.08042021050533668 0
819 -0.3805582665887111 0.09052616832631408 0
820 0.3513888230150633 -0.03977496309723513 0
821 0.3442904713694347 -0.06225747545633102 0
822 0.1671073657360595 -0.324469335363039 0
823 0.1539620288717885 -0.3022658107028441 0
824 0.1338154660394066 -0.30529733936606 0
825 0.1744024662406983 -0.3029193345820459 0
826 0.4346450734932218 -0.3177119659886924 0
827 -0.3348264721406461 0.07348107222632089 0
828 -0.3393004836044285 0.09376004963414736 0
829 0.1652952754739277 -0.2860248815218102 0
830 0.1821232346738474 -0.2852616357064767 0
831 -0.3186373213362142 0.08591539593740767 0
832 -0.3232293066402656 0.1048321145402721 0
833 -0.317152069592215 0.0687864054454604 0
834 0.04603568831476638 0.3321868536903653 0
835 0.06088113219626207 0.3229891503826687 0
836 0.1724922256052206 -0.271192934896799 0
837 0.1890824824673607 -0.2699452496393117 0
838 -0.3087894359328234 0.09857151378292028 0
839 -0.3076217304375875 0.1145564831746783 0
840 -0.3253500249952754 0.1226825333782088 0
841 -0.3105743248037008 0.1329364294308672 0
842 0.3311408585273486 -0.04619933768800058 0
843 0.3246525526520569 -0.06273931651587569 0
844 -0.2949361220410611 0.1262956769919436 0
845 -0.2965637202361852 0.1423474116949061 0
846 0.06536921222636813 -0.3274341815088397 0
847 0.156108213396196 -0.2713548334473666 0
848 0.1782157644335279 -0.2565034972746827 0
849 0.1946244635547432 -0.2556989237909669 0
850 -0.4560813575594969 -0.4059113045411379 0
851 -0.2826012423542398 0.1352589262417306 0
852 -0.2835921721846892 0.1501240262730084 0
853 -0.4650772711085771 -0.2248792269733594 0
854 -0.4398362272527362 -0.4531421213340281 0
855 -0.3907358178234459 -0.4626539415153655 0
856 0.1857664478268055 -0.2427229327875857 0
857 0.2001098187668029 -0.2427049571642649 0
858 -0.2702928067405785 0.1422829078432959 0
859 -0.2716559387314154 0.1569245712592403 0
860 0.04606929011307415 0.313159873807137 0
861 0.03239922790030123 0.3216506448357966 0
862 0.06018247497788462 0.3067225090828951 0
863 0.07364147677338695 0.3137702516575359 0
864 0.07162171924566683 0.2979771943356657 0
865 0.08552291925971502 0.3051912458440587 0
866 0.08377388381334189 0.2919318885003747 0
867 0.09584773244535294 0.2972604255340739 0
868 0.09361363166980449 0.2841557760871214 0
869 0.1055280426803212 0.2899658774020539 0
870 0.1044970638652327 0.2781899709574396 0
871 0.1148744734722815 0.2832145145688091 0
872 0.1146907254785172 0.2722369372735409 0
873 0.123870744477902 0.2768531490484505 0
874 0.1229238663588078 0.2665242816358491 0
875 0.1323986617722365 0.2707882278444556 0
876 0.1314268711665107 0.2594548097033415 0
877 0.1411389221014174 0.2644291144339343 0
878 0.1422758050359238 0.2758101256947841 0
879 0.1514825561668308 0.2687694228988058 0
880 0.1497045070391354 0.2583989595201355 0
881 0.1604134341200942 0.2616916011880817 0
882 0.1575317094140452 0.2505325181136946 0
883 0.1688928602609516 0.2544448963279948 0
884 0.1669636509077767 0.2442468124297265 0
885 0.1774627499393804 0.2475443302567205 0
886 0.1754063456094237 0.2382523077653659 0
887 0.1856825598048799 0.2406460909073836 0
888 0.1829817302781807 0.2302568772277056 0
889 0.1940354541346017 0.233837907642945 0
890 0.1922044333997785 0.2235229660269184 0
891 0.2024195205002826 0.226854845205005 0
892 0.1999669117615022 0.2154566034648554 0
893 0.2107766030774163 0.2200436904601163 0
894 0.2090848271373202 0.209386124649021 0
895 0.2193467641437483 0.2132499316738723 0
896 0.2171157969071951 0.2010535839879167 0
897 0.2280987464879096 0.2062246520856597 0
898 0.226234496404002 0.195161989569883 0
899 0.2371102410701218 0.1992676854043863 0
900 0.2355314160332007 0.1857966847541982 0
901 0.2462138288279464 0.191874363412618 0
902 0.2455202546474287 0.1794145880121748 0
903 0.2561156078483858 0.1842821592215762 0
904 0.2544893020130369 0.1705014226995434 0
905 0.2664819440065509 0.1762442846890676 0
906 0.2655076469538017 0.1635640389067043 0
907 0.2774943752049706 0.168142571068354 0
908 0.2738848167233801 0.1535301259213869 0
909 0.2130000638486074 0.2332743070409802 0
910 0.02101123154980505 -0.3234937826519483 0
911 -0.01777062333978036 -0.3215856750515602 0
912 0.1934865652528322 -0.2317813478479795 0
913 0.2056054212906886 -0.231139430237151 0
914 0.313464026728422 -0.04767971786671923 0
915 0.3195526667289378 -0.03387071937197823 0
916 0.307769790900671 -0.06258366703469671 0
917 0.3155664102764025 -0.07583537705981593 0
918 0.2996617111259195 -0.07467708478558106 0
919 0.3080735757523675 -0.08814023905119329 0
920 0.2926528521033288 -0.08871294528330809 0
921 0.3005936602163598 -0.09972678211719088 0
922 0.2877895608955704 -0.1009445812735413 0
923 0.2935654509019859 -0.1107370945942193 0
924 0.2825051790815891 -0.1107392751146699 0
925 0.2876071061940221 -0.1215556181206185 0
926 0.2755954171570584 -0.12018904432427 0
927 0.281965997385745 -0.1326735284712069 0
928 0.2705547584585132 -0.1322915910867716 0
929 0.2756343175946888 -0.1429809504772552 0
930 0.2634288382643035 -0.1419924720563901 0
931 0.2694180334403499 -0.1529499121299023 0
932 0.2577202199388234 -0.1531701873823597 0
933 0.2636228319347088 -0.1632639562131954 0
934 0.2503437452884903 -0.1626961876796065 0
935 0.2573394370566461 -0.1733364290814285 0
936 0.2456800063168893 -0.1733407700758728 0
937 0.2516954529297858 -0.1838257961054872 0
938 0.2759517448434158 -0.1630277891606134 0
939 -0.2800957900548553 0.1208926140845024 0
940 -0.4840568670075144 -0.1102682147890656 0
941 0.1981723845939369 -0.221979410718689 0
942 -0.2599126546106794 0.1514686629098642 0
943 -0.2615364355159978 0.1641096894562612 0
944 -0.2720636818120282 0.1703187344144695 0
945 -0.2609488748158304 0.1773718663830396 0
946 -0.2505541716236375 0.1693508571328615 0
947 -0.2496793342317131 0.1829800814725802 0
948 0.2014579972326783 -0.2846925364885036 0
949 -0.2731130040470456 0.1852858340192762 0
950 -0.3118972716942299 0.1509490213481307 0
951 0.213590462359535 -0.2413314753191285 0
952 -0.238749629707478 0.1755806164520449 0
953 -0.2389140911699342 0.1880171029957595 0
954 0.03346958064029484 0.3058159268697202 0
955 0.02153347546811766 0.3118285914599973 0
956 0.3053885694533695 -0.03531628488113011 0
957 0.3105241131735128 -0.02291146188610351 0
958 0.1740523801390643 -0.2446955658507203 0
959 0.1535438635123279 0.2813295905065634 0
960 0.1163131669555079 0.2952612532446179 0
961 0.2887524411164423 0.1592338073115898 0
962 0.2857973421270906 0.1446952008632828 0
963 0.2731066920431602 0.1393983099128593 0
964 0.2831173820502308 0.1309047520047096 0
965 0.3788287295077585 0.05698007628244867 0
966 -0.2300464067082685 0.1818016908890394 0
967 -0.2278821819847365 0.1925671073407822 0
968 -0.2391957184646497 0.2004974038327936 0
969 -0.2279758627115273 0.2047001444708735 0
970 -0.2189171940691078 0.1982593997404053 0
971 -0.2162937977332453 0.2080565385277599 0
972 -0.2265091443844343 0.2165489433392172 0
973 -0.2152016038344809 0.2206116144676005 0
974 -0.2061420690571998 0.2135027792025332 0
975 -0.2046181461208553 0.224258136015261 0
976 -0.2129643628061147 0.2326328666724431 0
977 -0.1998400632142216 0.2352754236170419 0
978 -0.2112246315181641 0.2462838373159013 0
979 -0.1974312906400202 0.2494759388627928 0
980 -0.1875492126258413 0.2405189922229948 0
981 -0.1843889553630711 0.2529389792508473 0
982 -0.1773399950514452 0.2439661866052007 0
983 -0.1712952122698183 0.2544822637787003 0
984 -0.1807305272707489 0.265290879213142 0
985 -0.1677127508779927 0.2679894069401203 0
986 -0.1588880567277995 0.2584135646159884 0
987 -0.1549837467840856 0.2701119606767469 0
988 -0.1465213679102989 0.2593060985545562 0
989 -0.1430145722085966 0.2715973766501821 0
990 -0.1354384307989823 0.2631275669713761 0
991 -0.1318779044105278 0.2734390616081832 0
992 -0.1249908089702712 0.2648442214723465 0
993 -0.1213897700426662 0.2749355593235754 0
994 -0.1147598016412155 0.2669642993603129 0
995 -0.1103383226163155 0.2754722245811318 0
996 -0.1177097882207755 0.2851115499716884 0
997 -0.1064931349453353 0.2863084377273954 0
998 -0.09976482118428284 0.2776688270635329 0
999 -0.0955434078638642 0.2873786672065851 0
1000 -0.08876294920507995 0.2778288939853358 0
1001 -0.0850078472789329 0.2880646222901433 0
1002 -0.07875845230135722 0.2800452453020915 0
1003 -0.07498039812578589 0.2887992233403672 0
1004 -0.06958993772968793 0.281020320650352 0
1005 -0.06540181383684748 0.2895520107260782 0
1006 -0.06124589796735387 0.2815578455685873 0
1007 -0.055159558542662 0.289244532921132 0
1008 -0.06129758582254799 0.2987565138442586 0
1009 -0.09034230699538662 0.2989312144317886 0
1010 -0.05061963540633299 0.2992766814862013 0
1011 -0.0451938258475554 0.2900751281317938 0
1012 -0.04004765959897943 0.2994571303184598 0
1013 -0.03450475372511247 0.2906559009368229 0
1014 -0.04545769579404041 0.3092024599204408 0
1015 -0.1636702442113653 0.2825218734045441 0
1016 -0.1968791081747668 0.2166593926767171 0
1017 0.2401287915997118 -0.1835704033479724 0
1018 0.2795121106007847 0.18255470443729 0
1019 0.02313283856092008 0.2994478251858906 0
1020 0.03228189232528286 0.2937722637346564 0
1021 0.2711239868607366 0.1275813815709257 0
1022 0.2788611997223486 0.1180990691961817 0
1023 0.2920700017786859 0.1221261489215582 0
1024 0.2887374794503228 0.1101045435149006 0
1025 0.3009569055183424 0.1497894586605801 0
1026 0.2623061623348708 0.1342969982566108 0
1027 0.2782543259801177 0.106506844384864 0
1028 0.2858121486018475 0.09840386597968327 0
1029 0.2971321713994773 0.1012068223119535 0
1030 0.2931038969227183 0.08975457992667786 0
1031 0.2456033371582707 -0.1948001327393504 0
1032 0.2585734791562642 -0.1946833582116595 0
1033 0.29833042434729 -0.02528489586648983 0
1034 0.300704612095496 -0.01322896667587737 0
1035 0.2934081062235895 -0.03493499422394329 0
1036 0.3152474692549375 -0.01133508910741859 0
1037 0.3057914934479415 -0.001693682380269146 0
1038 -0.2080194837929194 0.2600996117660528 0
1039 0.2819057552466528 0.08755329147675997 0
1040 0.2888313459741214 0.07906099607026897 0
1041 -0.2587023242386799 0.1402588397646083 0
1042 0.1880859576600893 0.2516374691015598 0
1043 0.073258874321392 0.2854304819920818 0
1044 -0.2507716316687196 0.1453894981635467 0
1045 0.2872432791483773 -0.07772193516523133 0
1046 0.2944207098393583 -0.004473746457697592 0
1047 0.2972113146375311 0.006112142647744444 0
1048 0.3087247542554329 0.009396855812570493 0
1049 0.2999333637844774 0.01678305350228129 0
1050 0.3005770849700462 0.08062582666848614 0
1051 -0.4888945197554185 -0.4435694230790608 0
1052 -0.02980372122063372 0.2990721779338456 0
1053 -0.02500450578356187 0.2902540561380005 0
1054 0.2436785849222945 0.1682473678327694 0
1055 -0.5051228978898774 -0.3962734739305758 0
1056 0.2769531621581016 -0.101160783920442 0
1057 0.2957722278101613 0.06964031325139899 0
1058 0.3111386286252409 0.02113444519177426 0
1059 0.2837459137860223 0.06769535970969098 0
1060 -0.1523797960842835 0.2492932039226077 0
1061 0.2389413212691014 0.2118034807335682 0
1062 0.1880047623078822 -0.2223072047805599 0
1063 0.1918280983254436 -0.2129264254712418 0
1064 0.2015937064740018 -0.212645779358354 0
1065 0.2979848171344283 -0.132266722307676 0
1066 -0.4235508100638453 -0.5004075664372989 0
1067 -0.3744443042373891 -0.5099003260808921 0
1068 -0.1145350007923317 0.2964776680489329 0
1069 0.02422707181619261 0.2885754501919202 0
1070 0.03211083419886319 0.2843936104228861 0
1071 0.2900789198874257 0.01412788997476412 0
1072 0.2919744059598041 0.02344596709580765 0
1073 0.2340301084781603 -0.1734029553177937 0
1074 0.2607881258046047 0.124834167823671 0
1075 0.2537270647339423 0.1299748902185941 0
1076 0.1957829440723114 -0.2049745957803276 0
1077 0.2295557800529421 -0.1827456465407874 0
1078 -0.2291900535550562 0.1725745778460565 0
1079 -0.2222037177840668 0.1767914589551489 0
1080 0.3466132054893619 -0.489667038916954 0
1081 0.3967581458157139 -0.4877075430778524 0
1082 0.0291831194599073 -0.6195512023284505 0
1083 0.0955830663886877 0.2749155614859409 0
1084 0.2650037702012089 -0.1231489878866177 0
1085 0.2252110045631536 0.1842530761809423 0
1086 -0.1983374719253668 0.2062367906863855 0
1087 -0.1901326824450657 0.2102880367204969 0
1088 0.2878388724864289 -0.02745445198884677 0
1089 0.2841228361617748 -0.03546805874147829 0
1090 0.2473596461005486 -0.1526627906849438 0
1091 0.251813590264412 -0.2070823848662881 0
1092 0.1572598117548025 0.239910057549947 0
1093 -0.2500799016976272 0.1367719745274574 0
1094 0.207372394779053 0.2006523278232634 0
1095 0.182602959529056 0.2198269167771568 0
1096 0.3160976232568392 -0.1009533900699146 0
1097 -0.09343505685437523 0.2690180182922187 0
1098 0.1139045670250945 0.2608354883908245 0
1099 -0.1285222120336691 0.2561448097005777 0
1100 0.07294264605976693 -0.3868827899216082 0
1101 -0.2434857545617081 0.1413220750832432 0
1102 -0.0295123894224558 0.2828546702022522 0
1103 -0.02116044470923166 0.2816974468296233 0
1104 -0.0162049344204796 0.2895563177251618 0
1105 -0.01277629250980868 0.2823175329839716 0
1106 0.2827264685877977 0.02034507307310564 0
1107 0.284841587681693 0.02868187004441451 0
1108 0.281337393387496 0.01184306053060611 0
1109 0.2924676270884645 0.0344291782355929 0
1110 0.2682617627304914 -0.2068029320783031 0
1111 0.2590124386800726 -0.2220321986078686 0
1112 0.1886852446164455 -0.3198985298076102 0
1113 0.01863865625822467 0.3262099079822621 0
1114 0.1830697498682841 -0.214725163189226 0
1115 -0.2221312375261814 0.1687040931387583 0
1116 -0.2159294468603044 0.1722166841052271 0
1117 0.2246684747114663 -0.1741421573466939 0
1118 0.2205346340757579 -0.1815548524425593 0
1119 0.2240174132366892 -0.1899974100021541 0
1120 0.3084101604197576 0.0704597589632588 0
1121 -0.07269359099207311 0.2739035187542849 0
1122 0.2524233329699632 0.1224743752813878 0
1123 0.2458630868052457 0.1264684945269105 0
1124 0.2471092914624657 0.1339259501714563 0
1125 -0.1910423419818583 0.2027237218506737 0
1126 -0.184021852837808 0.2046489665049495 0
1127 -0.1830190250149021 0.2120829191741734 0
1128 0.02497307653532801 0.2787788293155669 0
1129 0.03233648107609573 0.2762965208189944 0
1130 0.03869138624920461 0.2800576302450691 0
1131 0.01782379020446805 0.2831491837901603 0
1132 0.03877150984069377 0.2720856731832544 0
1133 0.04434412908887649 0.2759061600175531 0
1134 0.3212670062571284 0.01235176523340774 0
1135 -0.5379603985830305 -0.4339786337726584 0
1136 -0.5217089755865877 -0.4812769764721366 0
1137 0.2792964830809628 -0.02926764565848473 0
1138 0.2752151547946207 -0.03598198013112722 0
1139 0.2801160847586588 -0.04232103826091162 0
1140 0.2729052647519959 -0.04279187381499271 0
1141 0.3137479856719146 0.08320152564246353 0
1142 0.2773252560805368 0.02657475939606815 0
1143 0.2788218769489985 0.03345057596322029 0
1144 0.4863530528698439 -0.1245603206960174 0
1145 0.5054952019555042 -0.08397637110681545 0
1146 0.5334703227730863 -0.1210396606960598 0
1147 -0.2229885362941249 0.2412260618113962 0
1148 0.1351888743587955 0.4760415421022904 0
1149 0.09724671937222748 0.4988621626933313 0
1150 0.1362524585982298 0.5228226649656952 0
1151 0.01854135389283899 0.2754294354707218 0
1152 -0.388014647924057 0.2216354178555786 0
1153 -0.4321642070427534 0.2212563393325035 0
1154 -0.4527904370173955 0.2641574483437991 0
1155 -0.4792024059533885 0.2224528545749199 0
1156 -0.5009597940690063 0.2674445383044819 0
1157 -0.5276174585109694 0.2260555355972753 0
1158 -0.5045214862483756 0.1811549564796929 0
1159 0.4868987570100003 0.08254619412313111 0
1160 0.4821917715057545 0.1907276471542892 0
1161 0.491214322769749 0.2355245942835921 0
1162 0.2765758314095592 -0.04837858191592712 0
1163 -0.2055187942079956 0.465982167165671 0
1164 -0.2503010964462933 0.4766504705201381 0
1165 -0.2176245479212378 0.5124808532496534 0
1166 -0.2661910118796876 0.5232834684840306 0
1167 -0.007605010456742112 0.2891518830275912 0
1168 -0.01137704607286484 0.2973424091280828 0
1169 0.2167547197118868 -0.1748848137407658 0
1170 0.2193524478064505 -0.1685584257742601 0
1171 0.2130104638936388 -0.1808119353804559 0
1172 -0.5505244722127333 0.2704016815830237 0
1173 -0.5232308490493964 0.3122177197215363 0
1174 0.2699883851293369 -0.04864192756736257 0
1175 -0.5543987134214805 0.1837863531881934 0
1176 0.5288815431421933 0.2046403351896881 0
1177 0.5376924142638423 0.2521832972193568 0
1178 -0.2431411396603888 0.1340485197677282 0
1179 -0.2487248555542568 0.1295314299865453 0
1180 0.09035296675242632 0.3203338648764228 0
1181 -0.2281032377882639 0.1648149627464606 0
1182 0.2733769995332213 -0.05407469727426386 0
1183 0.2672526934550616 -0.05416016128243922 0
1184 0.2703213091341437 -0.05935151125097988 0
1185 -0.5311966765672634 0.1395487247111335 0
1186 0.04465470597246116 0.2695174313269237 0
1187 0.04965239577306492 0.2725053888538939 0
1188 -0.01647302735520211 0.2758217479367555 0
1189 -0.009921774349637195 0.2759010876158026 0
1190 0.4729123115425549 -0.2379922515951092 0
1191 -0.2381488131110837 0.137998731240417 0
1192 0.2409149954430048 0.1312944413159202 0
1193 0.2414681804854994 0.1376799711053628 0
1194 0.245864559961978 0.11971279099905 0
1195 0.2505858232825101 0.1159017726903041 0
1196 -0.1780326770049181 0.2075684288546245 0
1197 -0.1766137227509117 0.213533152871845 0
1198 0.2645624210921069 -0.05944434335449897 0
1199 0.2674561979849692 -0.06439411339820539 0
1200 0.03272494540246109 0.2698200249137169 0
1201 -0.2224380092871943 0.1614673384194389 0
1202 -0.2276499115788671 0.1580280150631217 0
1203 0.2726710478671189 0.03065676863618412 0
1204 0.272837969067766 0.03705138962166818 0
1205 0.2797706642722647 0.04012809376652494 0
1206 0.2741597547674126 0.04392290544271521 0
1207 0.2710291269203173 0.02508772094619757 0
1208 0.3735599118571192 -0.5321931316073982 0
1209 0.4235100711451692 -0.530169307980342 0
1210 0.4467794526871995 -0.4857673094148369 0
1211 0.4734789941048295 -0.5281842364220972 0
1212 0.4967454820771577 -0.4839268829738135 0
1213 0.5234414624095206 -0.5262307962976642 0
1214 0.5467019712297564 -0.4819673969031164 0
1215 0.1714008554753002 0.2658559046919003 0
1216 0.2361161964597022 0.1349778961297547 0
1217 0.2363386018120914 0.1409662853459898 0
1218 0.5541969303730285 -0.07622299256271504 0
1219 0.2721036066984825 -0.02985178624668606 0
1220 0.2745686394201119 -0.02425784437250105 0
1221 -0.1390548628517246 0.2848705708957369 0
1222 -0.5542186048580067 -0.3866963230783654 0
1223 -0.1861227010982227 0.1985233047252625 0
1224 -0.1914668005046074 0.1963132201153794 0
1225 -0.2419993227434775 0.1268376797216012 0
1226 -0.2471712789007132 0.1225962774543571 0
1227 0.09383836119355511 0.5476619702491756 0
1228 0.05018724101489595 0.2789100630069194 0
1229 -0.4072738721437311 -0.5476798266869002 0
1230 -0.3581930721542073 -0.5572281670222023 0
1231 -0.3254565264805205 -0.5199408047390373 0
1232 0.2095107366052421 -0.174744027556259 0
1233 0.2062421202341601 -0.1805194692908701 0
1234 0.2091788779703313 -0.1862612869714295 0
1235 0.2028319929618505 -0.1853471281362147 0
1236 0.012458229088267 0.2782844128617296 0
1237 0.2583002922282389 0.1973304831064586 0
1238 0.2420263305758712 0.1440153978832398 0
1239 -0.3091285625370672 -0.5668592487268127 0
1240 -0.2764180846328202 -0.5296411372141395 0
1241 0.3041263654418745 0.1668030147271482 0
1242 -0.1970715493153709 -0.3956261668974682 0
1243 0.3237770347090674 0.02671099404875196 0
1244 0.2800886753299657 -0.05421492283344752 0
1245 -0.1723158812072323 0.209372219560878 0
1246 -0.170776192096208 0.2149155033164623 0
1247 0.04932690453717113 0.2665478490520437 0
1248 0.05439938013465718 0.2692231179990021 0
1249 0.05406847309191318 0.2637156925263238 0
1250 0.05892605578772259 0.2661415990903557 0
1251 0.2619519644725777 -0.0645135160072325 0
1252 0.2647506396691576 -0.06924442319785176 0
1253 0.2594025052159943 -0.0693155545358102 0
1254 0.2620734686693753 -0.0739228703353783 0
1255 0.2685250405010442 0.04169846838083598 0
1256 0.2691426046842326 0.04739865564347223 0
1257 0.336451139812784 0.01532745937876206 0
1258 0.2364160628059475 0.1472902081323874 0
1259 0.230991973665585 0.1442284546368134 0
1260 0.2309618122624388 0.1501339233013512 0
1261 -0.01353117246290613 0.2703900416456577 0
1262 -0.01919424631625629 0.2704754941765648 0
1263 -0.00765023014926147 0.2703024952824256 0
1264 0.4502209848195347 -0.5724807749420856 0
1265 0.01324320638766862 0.2718768637701618 0
1266 0.5200036028826631 -0.4396977302143938 0
1267 0.3233459027571619 -0.5339880821942657 0
1268 0.2260544445442293 0.1472190973500934 0
1269 0.2259511615791423 0.1527155452247596 0
1270 0.1355893829000242 0.5723716025407841 0
1271 0.1787720509541123 0.5477147353045829 0
1272 0.01844973337513704 0.2694118612162177 0
1273 0.2002096345856987 -0.5772090069598579 0
1274 0.2671556880840839 0.02855624351851804 0
1275 0.3194003307812521 0.1540449958873291 0
1276 -0.3835654129305109 -0.1061819877133767 0
1277 -0.2539796431591917 0.1245344871176933 0
1278 -0.2518835990879547 0.1181816403118756 0
1279 -0.2459738397878922 0.1163933407668859 0
1280 -0.2501807340197217 0.1122117792090092 0
1281 -0.2561179679053037 0.1136711684761324 0
1282 -0.2543577317937928 0.1076940665590277 0
1283 -0.2608146392848001 0.1090176837467305 0
1284 -0.2587409209108093 0.102512517096588 0
1285 -0.2655422790773566 0.1039375122448415 0
1286 -0.2633353462287771 0.09732966121521021 0
1287 -0.2566527826403471 0.09597978463970103 0
1288 -0.2610790375050431 0.09111757375163096 0
1289 -0.2678589021508587 0.09210270012134886 0
1290 -0.2645436686151764 0.08523518814817842 0
1291 -0.2721946261697314 0.08643034028837816 0
1292 -0.2694482906648628 0.07977290063024671 0
1293 -0.2753473459512802 0.09318224505429754 0
1294 -0.2770907977161034 0.08067843900756236 0
1295 -0.273243293393661 0.07294916655852009 0
1296 -0.2635159999716676 0.07908810600180019 0
1297 -0.2550615608549276 0.09020464093859862 0
1298 -0.2484568456294333 0.1066634031035014 0
1299 -0.282178873005524 0.07439349998119647 0
1300 -0.2787894213461773 0.0668659075918982 0
1301 -0.2715658821358561 0.06516452829991776 0
1302 -0.2757075920184429 0.05954133164498351 0
1303 -0.2836876039805115 0.06034851052781982 0
1304 -0.2800330584140576 0.05309131287348948 0
1305 -0.2884139845367999 0.05342088469786172 0
1306 -0.2831788842488925 0.04520581679278599 0
1307 -0.2933184306105546 0.04592129503712322 0
1308 -0.2889598698822788 0.03790741584530955 0
1309 -0.279642367756578 0.03668974093589222 0
1310 -0.2848401865495365 0.03045153850551981 0
1311 -0.2935904674717456 0.03021017106446031 0
1312 -0.2888405961351875 0.02281459046626744 0
1313 -0.2815247081877005 0.0235739941945551 0
1314 -0.2844623506542768 0.01587781158070276 0
1315 -0.2927814048680544 0.01508525513008977 0
1316 -0.2876638839228043 0.0081060986613475 0
1317 -0.2964986522852558 0.006933047229603244 0
1318 -0.2899390129436951 -0.0008163544159161745 0
1319 -0.3004589766340884 -0.001727304374493975 0
1320 -0.2946479287220782 -0.009724780220993294 0
1321 -0.3051437642093998 -0.01102187457160698 0
1322 -0.2986813268846283 -0.01928779991824837 0
1323 -0.2879598296272823 -0.01722884206903354 0
1324 -0.292067603221548 -0.02686932884261767 0
1325 -0.3026082112141644 -0.02893317764411949 0
1326 -0.2947744105925649 -0.03803525538133038 0
1327 -0.306422045656734 -0.03935883288910692 0
1328 -0.2994380749841365 -0.04874782795525019 0
1329 -0.3104556251877421 -0.05026156337483818 0
1330 -0.3026505995041059 -0.05957163954915915 0
1331 -0.2913706186637197 -0.05713379637468718 0
1332 -0.2944361449691205 -0.06820069547564485 0
1333 -0.3073834558834306 -0.07125266681280934 0
1334 -0.29713345613859 -0.0798939076498294 0
1335 -0.2853402464918386 -0.0753884904816618 0
1336 -0.2885448484463869 -0.08704221584346629 0
1337 -0.2999324545334661 -0.09132186211336793 0
1338 -0.2891344920465983 -0.09916651750913194 0
1339 -0.3021966485054173 -0.1038413688567956 0
1340 -0.2918967451809153 -0.1118729602346888 0
1341 -0.281220284057899 -0.1088667663200403 0
1342 -0.2821719934273698 -0.1194799713189529 0
1343 -0.2712534135505634 -0.1154569838027056 0
1344 -0.2728464075451793 -0.1263301934362747 0
1345 -0.2834652368677489 -0.1313171766693493 0
1346 -0.2736269045739569 -0.1376323151470926 0
1347 -0.3047779094216166 -0.117173409412074 0
1348 -0.2631455282796248 -0.1325355635475684 0
1349 -0.2638826923252865 -0.1437440458461874 0
1350 -0.2743476244174437 -0.1494076894166581 0
1351 -0.2635804838058864 -0.1558712673114842 0
1352 -0.2747086288339606 -0.1620782710307902 0
1353 -0.263157815114778 -0.168916662606239 0
1354 -0.2754236841572352 -0.1758396950771818 0
1355 -0.2629140787154554 -0.1826606286427113 0
1356 -0.2508222305250913 -0.1754177138253609 0
1357 -0.2506478613832694 -0.1888492236622252 0
1358 -0.2397337773233319 -0.1826170059938882 0
1359 -0.2394572648722196 -0.1944164701893617 0
1360 -0.2287723138865104 -0.1882109296047884 0
1361 -0.2289655990804581 -0.1995328090618197 0
1362 -0.2216104613980295 -0.1938742927036311 0
1363 -0.2193840579221052 -0.2042018296703332 0
1364 -0.2287990833389241 -0.2108555168564613 0
1365 -0.2181806422640224 -0.2156723444354827 0
1366 -0.2091188432506393 -0.2083917693449416 0
1367 -0.2078026119446774 -0.2198476096351855 0
1368 -0.1995553640178602 -0.2134004867329247 0
1369 -0.198069854743764 -0.2236171862306661 0
1370 -0.1899435302730155 -0.2164944550106341 0
1371 -0.1888960924334979 -0.2269821204153111 0
1372 -0.1821188029111417 -0.2208388818250357 0
1373 -0.1791922919610047 -0.2294662473546349 0
1374 -0.1875648164158281 -0.2367289256975725 0
1375 -0.1780592393415478 -0.2401057367332512 0
1376 -0.1704336452311641 -0.2339817188689638 0
1377 -0.1687544296524143 -0.2433128000657316 0
1378 -0.1624463064112333 -0.2366367908280959 0
1379 -0.1588217189235469 -0.2449273399332687 0
1380 -0.1668433877064018 -0.25299989630597 0
1381 -0.1568445679845934 -0.2555767248076228 0
1382 -0.1496029918763395 -0.2487335661419779 0
1383 -0.1471405255406338 -0.2580519360913109 0
1384 -0.1402580615284536 -0.2501150308176952 0
1385 -0.1378654346262905 -0.2597866469681115 0
1386 -0.1318620688339662 -0.253371531390481 0
1387 -0.1291336880766112 -0.261688418975237 0
1388 -0.2532557140865739 -0.1507592390128895 0
1389 -0.1232289030018876 -0.2546257561985467 0
1390 -0.1207931956351454 -0.2636295600263374 0
1391 -0.1156146521153908 -0.2573940203169388 0
1392 -0.1118038050570888 -0.2649560481574788 0
1393 -0.1182008334162867 -0.2721934928998819 0
1394 -0.1092578571772722 -0.274088002147077 0
1395 -0.1042155136848844 -0.2682593375608484 0
1396 -0.1004362760725239 -0.2761043405098089 0
1397 -0.106310326438391 -0.2836619718405417 0
1398 -0.09608512703368763 -0.2847666965850544 0
1399 -0.09058267578160187 -0.2758683407759699 0
1400 -0.08604225141695028 -0.2853729427629735 0
1401 -0.08024983676904146 -0.2776145969364477 0
1402 -0.2164930211497531 -0.2275964315471844 0
1403 -0.278301626245371 -0.0836111821761556 0
1404 -0.07631507597652665 -0.2861331728870492 0
1405 -0.07125594169356908 -0.2790154197600638 0
1406 -0.06696659460083884 -0.286679181263515 0
1407 -0.06181318305179075 -0.2792451189158064 0
1408 -0.05802109939518123 -0.2873350073810337 0
1409 -0.0527322064845893 -0.2803831825622419 0
1410 -0.186784317766038 -0.2472458930940449 0
1411 -0.2759109480272147 -0.1906480635876109 0
1412 -0.2298433510907781 -0.1779088576997467 0
1413 -0.283082798977478 -0.02492751806087264 0
1414 -0.2757024830116445 -0.07477355500876193 0
1415 -0.2007246028901163 -0.2047299567489801 0
1416 -0.2796635382880835 -0.01813595044371636 0
1417 -0.04936477794356645 -0.2879370023244388 0
1418 -0.04491839235404108 -0.2808108163417291 0
1419 -0.2700915903987862 -0.08018935620997567 0
1420 -0.1636156112017534 -0.228980567804114 0
1421 -0.1565369216361751 -0.2309357484594328 0
1422 -0.07484798767701555 -0.270462189173558 0
1423 -0.1024764478418852 -0.2935758467205697 0
1424 -0.08175001802769656 -0.2957878899563038 0
1425 -0.1646736121137831 -0.2636760201586315 0
1426 -0.1435076540766983 -0.2696312264031384 0
1427 -0.3143766836238751 -0.02882171377052329 0
1428 -0.114421296942142 -0.2921901685606142 0
1429 -0.3007131450584998 0.01339465185600267 0
1430 -0.1822352810456095 -0.2130845530567314 0
1431 -0.3122246086699031 -0.09531115700874121 0
1432 -0.2844231087439116 -0.1549199917767423 0
1433 -0.2673374636392663 -0.07273806106942073 0
1434 -0.2801289401758063 0.009963202136570563 0
1435 -0.2492660486144942 -0.2022169940938649 0
1436 -0.2748948573689922 -0.02351232099471141 0
1437 -0.277924030796606 -0.0304677302805252 0
1438 -0.1328549508257809 -0.2456160726195812 0
1439 -0.2724618202498832 0.0525570774685163 0
1440 -0.04790117924509794 -0.2740160712819147 0
1441 -0.04096657186467528 -0.2745941480318749 0
1442 -0.03748336824791521 -0.2809140977655652 0
1443 -0.03402849572168246 -0.2738525983651791 0
1444 -0.03031117941168422 -0.2805352742352293 0
1445 -0.02706259891219865 -0.2746683537521942 0
1446 -0.02352543589463545 -0.2805610652374417 0
1447 -0.02034505490943615 -0.2739371705640994 0
1448 -0.01678488056465 -0.2804588240515318 0
1449 -0.01367901491423177 -0.2747787720088916 0
1450 -0.01024771371951525 -0.2805154806268689 0
1451 -0.007400129440704882 -0.2748869493763724 0
1452 -0.003683159538006566 -0.2804235348590193 0
1453 -0.000834879752809888 -0.2739346012610044 0
1454 0.002810995587340827 -0.2804220947108134 0
1455 0.006191108802043502 -0.2739488224388025 0
1456 0.009334769307567419 -0.2803117910714 0
1457 0.01257096625852674 -0.2748018604341556 0
1458 0.01585052732192324 -0.2803898363065161 0
1459 0.01894631237986796 -0.2749700960340251 0
1460 0.02241176346829768 -0.2806226150631915 0
1461 0.02548398843887033 -0.2740357906082181 0
1462 0.02910362157980515 -0.2805421113508481 0
1463 0.03265266893848705 -0.2737666165116786 0
1464 0.03596377809026037 -0.2804808630183835 0
1465 0.03943769919267055 -0.2746497306606036 0
1466 0.04292687751308763 -0.2808159292493598 0
1467 0.04627550991541286 -0.2748303946289167 0
1468 0.05005949236470809 -0.2809649047388902 0
1469 0.0534220678315126 -0.2737146812681536 0
1470 0.05743906113075616 -0.280930377645299 0
1471 0.06143699081776766 -0.2732773561253423 0
1472 0.06520861073526579 -0.2810106286874353 0
1473 0.06912547573571476 -0.2743296282823641 0
1474 0.073222671621332 -0.2813973449698627 0
1475 0.07757921770239645 -0.2731252344937094 0
1476 0.08168278071436551 -0.2814659603844035 0
1477 0.08605373868422313 -0.2740399125356667 0
1478 0.006333688158220864 -0.2864191815958451 0
1479 0.0478058261501522 -0.289315017834115 0
1480 -0.03332447779627122 -0.2874774171409986 0
1481 0.09063686383160291 -0.2817560391643416 0
1482 0.09483782804264621 -0.2739331905436787 0
1483 0.09024333220211872 -0.2659519730838053 0
1484 0.09871332873100858 -0.2663799921842046 0
1485 0.1035398539935865 -0.2733701357764555 0
1486 0.1068505459245975 -0.2657024165296261 0
1487 0.1024561533364545 -0.2590399635197232 0
1488 0.1102934312056437 -0.2586296789763579 0
1489 0.114652499954614 -0.2643614609075329 0
1490 0.1172834491752686 -0.2571363959784345 0
1491 0.07249429551194822 -0.2676159948724943 0
1492 -0.1170153803756896 -0.2504811312580287 0
1493 -0.1109104348166007 -0.2521049064869042 0
1494 -0.2731072200700891 -0.01710347633691911 0
1495 -0.2632153430543765 -0.07835465268772193 0
1496 -0.2644964868807295 -0.08443936316891228 0
1497 -0.2715743522380177 -0.02939463630134511 0
1498 -0.2736065230640273 -0.03522548475873435 0
1499 0.05727023979352402 -0.2680694910750527 0
1500 -0.06305195882409446 -0.2953188953608716 0
1501 0.1131901531548362 -0.2528532426554293 0
1502 0.1191177238490263 -0.2501526661084708 0
1503 0.1242171056897393 -0.2555410662521098 0
1504 0.1259313453887799 -0.2488140901235227 0
1505 -0.02041437387424228 -0.2872763507793784 0
1506 -0.007262879310883173 -0.2852623557895413 0
1507 0.02572083940433991 -0.286710035512477 0
1508 -0.1577668919856189 -0.2246644107186345 0
1509 -0.1519874550122916 -0.2262659051939971 0
1510 0.06113290511295537 -0.2883253023438813 0
1511 0.07727306445268012 -0.2879567748372932 0
1512 -0.2905080048768731 -0.1824485536496508 0
1513 -0.290522739272742 -0.2017743738333849 0
1514 0.04268932421313759 -0.2692574146303057 0
1515 -0.04402506760726282 -0.2686847363226781 0
1516 -0.04999238732831073 -0.2681562340364914 0
1517 -0.02973051765929816 -0.2690932198407547 0
1518 0.02899257382642915 -0.2694695192807888 0
1519 -0.2764297933635292 -0.01227905027123522 0
1520 -0.2587545357285075 -0.08227523183443251 0
1521 -0.2596722149327826 -0.08801639899088087 0
1522 -0.2545223628038494 -0.0856865283192684 0
1523 -0.2552039799564522 -0.09131044164064772 0
1524 -0.257656870794725 -0.07694974776607255 0
1525 -0.2603323071942734 -0.09361448277262639 0
1526 -0.2558507493822911 -0.09693484282303269 0
1527 0.1217797427100352 -0.2440844717822978 0
1528 0.1277745744594545 -0.242531173285215 0
1529 0.1323106508211494 -0.247014262909357 0
1530 0.1338288415139329 -0.2406018448558134 0
1531 0.1385112498112193 -0.2448705796361675 0
1532 0.139913225565545 -0.2385561353788861 0
1533 0.1373302180297019 -0.2517616167607341 0
1534 0.1448366694138767 -0.2428052098810343 0
1535 0.1460681339874026 -0.2367080173137168 0
1536 0.1352475828268227 -0.235103348620421 0
1537 0.01569306415504602 -0.2698207192632367 0
1538 -0.2705430109595938 -0.01209888675946358 0
1539 0.1794366215544468 -0.2219423479298292 0
1540 0.174782473818125 -0.2146199733271469 0
1541 0.171819753402112 -0.2210788665024807 0
1542 0.1787137358003688 -0.2091191477568178 0
1543 0.1681861077335048 -0.2157139832767311 0
1544 0.1652477677520118 -0.2207707665339239 0
1545 -0.1735914951173916 0.2034958910198906 0
1546 -0.01621206793070286 -0.2693753284313861 0
1547 -0.1670073619252152 0.2109439568491118 0
1548 -0.1653891994959461 0.2162413626336038 0
1549 -0.2222377694103393 0.1553584736225346 0
1550 -0.2173150238064156 0.1583699614519634 0
1551 -0.1761117765576236 -0.2158018679244516 0
1552 -0.1765309873709505 -0.2095380988282341 0
1553 -0.1707904746604528 -0.2119258878900722 0
1554 -0.1821472072387817 -0.2063446957871404 0
1555 0.2666265273460091 -0.04355603271361162 0
1556 0.05867337547433311 0.2608783036451012 0
1557 0.06345414712682444 0.2631697635474196 0
1558 -0.1126498348943712 -0.2462785477414444 0
1559 -0.1070887772552764 -0.24776138631652 0
1560 -0.1179739711915707 -0.244636229788017 0
1561 0.2568821130965782 -0.07401410742291188 0
1562 0.2594513852115224 -0.07863806133996157 0
1563 0.2648740184544303 -0.07864281992133225 0
1564 0.2619872227609212 -0.08333160407449458 0
1565 0.2565961196158585 -0.08330464280660489 0
1566 0.2590473544917136 -0.08800561088338937 0
1567 0.2538069132372799 -0.08793854953810425 0
1568 0.2562799486114332 -0.0926449450472218 0
1569 -0.1692372605632836 0.2205745856797028 0
1570 -0.1635765586255302 0.2217679500104743 0
1571 -0.1600898972833044 0.2172602542518439 0
1572 -0.1579659021751683 0.2226341655043427 0
1573 -0.267909379325627 -0.03422011443092775 0
1574 -0.2697477727202895 -0.03948481843180005 0
1575 -0.1867962283136835 0.1931653922651159 0
1576 -0.1917328543631652 0.1908158407517606 0
1577 -0.1963249589997345 0.1937932102102664 0
1578 -0.1965669008003896 0.1882947188084329 0
1579 -0.2155828899338917 0.1796670846943124 0
1580 -0.2101806073520118 0.1755773741586714 0
1581 -0.2102417372025208 0.1697676076627551 0
1582 0.5699616146810416 -0.4377117173657175 0
1583 0.5432608766261691 -0.3954387259709358 0
1584 0.002442931256839869 -0.2697380455152342 0
1585 -0.2270264371725782 0.1520978000482495 0
1586 -0.2220697373224939 0.1498352638178525 0
1587 -0.17156666570021 -0.2063753763854673 0
1588 0.2355252636375867 0.1293857932575807 0
1589 0.1624555872912435 -0.2155467527854424 0
1590 0.1596612617548503 -0.2204062584305084 0
1591 0.1622346135312473 -0.226164513277987 0
1592 0.2446293537422303 0.1141936584981356 0
1593 0.2486535814384354 0.1101858612542343 0
1594 0.2548201214707588 0.1112483043338829 0
1595 0.2525432583774874 0.105852576014402 0
1596 0.2471254943684004 0.1048823815095719 0
1597 0.2507804447211569 0.1006467258945161 0
1598 0.2561816879696307 0.1016686798180576 0
1599 0.2543182161448661 0.09632344931377973 0
1600 0.2597344107685954 0.09735657761486143 0
1601 0.2576766457810918 0.0920336741135295 0
1602 0.2524221985077214 0.09118136270556498 0
1603 0.2556670565870897 0.08684911799989986 0
1604 0.2641203174231165 0.04517229568122548 0
1605 0.2646926884179284 0.05057453219726774 0
1606 0.2695733729964501 0.0529662524389887 0
1607 0.2650040107330585 0.05584482635699129 0
1608 0.5829521696474282 -0.1155933694425511 0
1609 -0.1098182331406743 -0.3044450192142014 0
1610 0.2611037508769106 0.08764535437007888 0
1611 0.2589080332205518 0.08236484183289361 0
1612 -0.2512457139498262 0.09404789853420499 0
1613 -0.2053931650369379 0.1722187529857453 0
1614 -0.1680024274912016 0.3551450318913779 0
1615 0.2592255538703012 -0.06001357480686949 0
1616 0.2509853152753573 -0.09249162076261602 0
1617 0.2534337028048015 -0.09707799918843409 0
1618 0.2480812837329695 -0.09698409300482622 0
1619 0.2504764199534704 -0.1015578768304111 0
1620 0.256055888960168 -0.1017163389453228 0
1621 0.2529616581093612 -0.1063077940651782 0
1622 0.2475451370778029 -0.1059953510334984 0
1623 0.2498441101604005 -0.1107788954195922 0
1624 0.2445039967321176 -0.1102974457171027 0
1625 0.2467491561890203 -0.1151037735876204 0
1626 0.2415257002688363 -0.1146097331512231 0
1627 0.2436533858929001 -0.1193522710010835 0
1628 -0.1140937841575753 -0.2411258460392834 0
1629 -0.1190879113170361 -0.2394536301764481 0
1630 -0.5870514820003021 -0.4244295685392165 0
1631 -0.2600583246971836 -0.5764474340570628 0
1632 -0.2267708323335696 -0.5375440014793177 0
1633 -0.2108856656383429 -0.5857288843672573 0
1634 -0.177581103078312 -0.5467743292718632 0
1635 -0.232710637297405 0.5601173405653861 0
1636 -0.1839724002577809 0.5491821338493473 0
1637 -0.2815478594637685 0.5707788485874588 0
1638 -0.3151295019070334 0.5337532961166374 0
1639 -0.573382487669128 0.3148680261959189 0
1640 -0.5461397406967885 0.3564925927625227 0
1641 -0.2327132321202378 0.1545227207419279 0
1642 -0.2499434119916402 0.08916349865084452 0
1643 0.04488643436522322 0.2639740753223245 0
1644 0.2003949658879196 -0.1802641810928605 0
1645 0.1972242325178271 -0.1844842722491497 0
1646 0.3229041512912587 0.07118253675659471 0
1647 0.3284698975060737 0.08584832004437493 0
1648 0.2406675039153846 0.1175991160201965 0
1649 -0.2660750849817305 -0.02884577561343649 0
1650 -0.2727598184109813 -0.06761267714732011 0
1651 -0.2663264754430753 -0.06578671862815114 0
1652 -0.2707298344768612 -0.06120288567892869 0
1653 -0.2649018064592212 -0.05991283658924629 0
1654 0.3539035649221378 -0.08548511546821383 0
1655 0.5624483963102547 -0.1610768791070124 0
1656 0.2776890233549548 -0.2228411319164708 0
1657 0.2875868083955105 -0.2049385694048813 0
1658 0.2676452015739046 -0.2397496925298171 0
1659 -0.2608473659237655 -0.06378866659657495 0
1660 0.2804158923987057 0.04669833829854967 0
1661 -0.1616354512426588 0.2272556055515444 0
1662 -0.155766093293054 0.2283103942428503 0
1663 -0.1522421786907351 0.223505536906521 0
1664 -0.1500518898667119 0.2289177637594378 0
1665 -0.1469457966797749 0.2243890176701431 0
1666 -0.1446972217179212 0.2293138352630873 0
1667 -0.2675956399652517 -0.01623855929894992 0
1668 0.2684751036461634 -0.02545929374815999 0
1669 0.2702995857209078 -0.02013938098503923 0
1670 0.2756571101995031 -0.01869373572738615 0
1671 0.2717034367048933 -0.01481791499071562 0
1672 0.2665600062530022 -0.01625845010151865 0
1673 0.2678729231896057 -0.01110121335685601 0
1674 0.2729815163034769 -0.009603608362976745 0
1675 0.2690106925108801 -0.005905043338673662 0
1676 0.2664705744807908 -0.03031054651537003 0
1677 0.2740764805362459 -0.00431964004008119 0
1678 0.2701235383832273 -0.0007687190295217413 0
1679 -0.04645118095920366 -0.2635889348280336 0
1680 -0.051722605215251 -0.2628375983907116 0
1681 -0.04111073403454933 -0.2640890040215308 0
1682 0.1650774229419283 -0.2105022825879743 0
1683 0.1236060467526691 -0.2385964026199594 0
1684 0.1182786301772956 -0.2398472056797891 0
1685 0.1952448672291162 -0.1798942952839375 0
1686 0.1921292738418573 -0.1837834938380394 0
1687 -0.2752562455035293 -0.04083918061503602 0
1688 -0.2735336144372912 -0.007292830634320156 0
1689 -0.2681291472853051 -0.007206058287612629 0
1690 -0.1608650017515597 -0.5959693439677152 0
1691 -0.1278983181336839 -0.5583550306201599 0
1692 0.006965488803646308 0.2745680197588891 0
1693 -0.581093970872099 0.1430673645571081 0
1694 -0.557444178461991 0.09982494837508987 0
1695 0.0139789881729515 0.2665456413253466 0
1696 -0.4117753692606843 0.178957545892506 0
1697 -0.3304256364156307 0.5813396766579686 0
1698 -0.3640614825541256 0.5443777901971905 0
1699 0.5734020101206145 -0.5242456920263354 0
1700 0.5501420868759984 -0.5685068280618596 0
1701 -0.2688005599221783 -0.05543667103897233 0
1702 -0.2632687023317878 -0.05456976455927912 0
1703 0.2385287585994323 -0.1188088148592101 0
1704 0.2404852229378776 -0.1236427098760489 0
1705 0.2457552316359449 -0.1240695540156293 0
1706 0.242502949142628 -0.1284504958577951 0
1707 0.2372427896461768 -0.1279335729936735 0
1708 0.239298299574734 -0.1328679324014858 0
1709 0.234053272844162 -0.1321139822821082 0
1710 0.2359856658241427 -0.1370649745658136 0
1711 0.2308026921898018 -0.1362728076448097 0
1712 0.2326833715742624 -0.1411856194089641 0
1713 0.2275503558880902 -0.1403888375333312 0
1714 0.2293761919653027 -0.1452213176725373 0
1715 0.2243166603324431 -0.1444179912941237 0
1716 0.226110278845108 -0.1492235957169408 0
1717 0.2210918978896813 -0.1484013677999766 0
1718 -0.2508915753036465 -0.0946347016489629 0
1719 -0.2513913757324578 -0.09998384402220709 0
1720 -0.2645082976718123 -0.03844968619884997 0
1721 -0.1531677815433337 -0.2208778404459496 0
1722 -0.1480231326724775 -0.2225247585398188 0
1723 -0.14662332585705 -0.2275057160825024 0
1724 -0.01641384045673158 0.2660118921909028 0
1725 -0.02181354849001476 0.2659839101708666 0
1726 -0.1583010356989656 -0.2189410884886015 0
1727 0.1939393716875394 -0.1884660763356077 0
1728 0.1889517552214349 -0.1877075049798975 0
1729 0.2214432194770381 0.1497717584255611 0
1730 0.2211849581753288 0.1551831520858079 0
1731 0.2257507176080072 0.1581069312238962 0
1732 0.2209443658892266 0.1606666537264376 0
1733 0.2164913084327905 0.1576907385496059 0
1734 0.2161377947197438 0.1629707737926138 0
1735 -0.3792998549347407 0.59195215684764 0
1736 -0.4129214630925053 0.5549916082764605 0
1737 -0.4281520276650487 0.6026141736227464 0
1738 -0.4617793138398876 0.5656190284177408 0
1739 -0.4465487839579184 0.5179961863395564 0
1740 -0.4954073276796289 0.528619403111159 0
1741 -0.510637614463018 0.5762435067556595 0
1742 -0.5442659208734312 0.5392421015846925 0
1743 -0.4801769583419402 0.4809958458363054 0
1744 -0.5594962162340724 0.586866118066606 0
1745 -0.1667366430665397 -0.2084634065213571 0
1746 0.2312336863256476 0.1325735178647554 0
1747 0.1571828502292512 -0.2156704884394163 0
1748 0.154430504224942 -0.2201188433917828 0
1749 0.2657221225822468 0.02366091698507497 0
1750 0.26929104486517 0.01987610398559179 0
1751 0.264339020115213 0.01878890679185982 0
1752 0.2679040007492971 0.01518906524402635 0
1753 0.2257915080189518 0.1640898174463239 0
1754 0.2675487315769163 -0.08375398798200037 0
1755 -0.246721434251066 -0.09786564942138068 0
1756 -0.2470843457437827 -0.1030056352161623 0
1757 -0.2518156334832236 -0.1052149469343341 0
1758 -0.2473666261955589 -0.1081653688467096 0
1759 -0.2521540985584729 -0.1104879389486329 0
1760 -0.2476884089745069 -0.1134689951009728 0
1761 -0.2430427991806413 -0.111164513400566 0
1762 -0.2432212883626483 -0.1164931369738834 0
1763 -0.2480793776702494 -0.1188759935978134 0
1764 -0.2433193356383377 -0.1219070326032075 0
1765 0.2653283282339096 -0.002324738401158427 0
1766 0.01029117902353722 0.2860689128828907 0
1767 -0.1920519509217973 0.185549893567947 0
1768 -0.1966029050642601 0.1830462157491076 0
1769 -0.2010862538853065 0.1856396069393718 0
1770 0.06374550323382637 0.2687516722615298 0
1771 0.06835695055829231 0.2655381493336409 0
1772 0.06792559212924229 0.260168956965054 0
1773 0.0728092778773284 0.2622993013541353 0
1774 0.0723050612280092 0.2570768753594949 0
1775 0.07715567163524091 0.2590996072909315 0
1776 0.07767243468354387 0.2646500584199821 0
1777 0.08212306273337025 0.261312114657087 0
1778 0.0814286682422113 0.2559155042801079 0
1779 0.08631792448017091 0.257904737607656 0
1780 0.08548744307955197 0.2526819662851477 0
1781 0.09030511791791727 0.2545151945909744 0
1782 -0.2387332675216995 -0.1140712365343517 0
1783 -0.5213528207066195 -0.3489794021572721 0
1784 -0.5704593771910812 -0.3394072217613037 0
1785 -0.1922907149766887 0.180431210834623 0
1786 0.575055472459127 0.2192720062847943 0
1787 0.5847467004673338 0.2680690142027853 0
1788 0.5471051518890624 0.3010483575155611 0
1789 0.5660608602156272 0.1713736184549216 0
1790 -0.1595787613623708 0.233682132016618 0
1791 -0.1820288658309636 0.1949998967501336 0
1792 0.263418566830856 0.04011373071016452 0
1793 0.2485588241708893 -0.08794186959911715 0
1794 0.2643276148093375 0.08303283007624657 0
1795 0.2619751793270691 0.07789445978989658 0
1796 0.256707332614745 0.07736852176357109 0
1797 0.2595900012940577 0.07295666059413744 0
1798 0.2650642608299864 0.07337072969697152 0
1799 0.2228815601629577 -0.1531629651647198 0
1800 0.2281398016159428 -0.1544207763895455 0
1801 0.2178954720173405 -0.1523225282446403 0
1802 0.3502564054897011 -0.5764208729500074 0
1803 0.02000134942877471 0.3639842325761001 0
1804 -0.3480535345788669 0.2196217035879862 0
1805 -0.2928506529097727 -0.6140836098753198 0
1806 0.2181232714189126 -0.2297828562199983 0
1807 0.2663111571253061 0.002598278329771681 0
1808 -0.2708776532451224 -0.002611354773943405 0
1809 -0.2658314676157611 -0.002441753862963511 0
1810 -0.2683153324367283 0.001877828014031609 0
1811 0.5945089510448204 0.3170239060175529 0
1812 0.556975351716283 0.3500670695587376 0
1813 -0.1412722647832897 0.3464779912572556 0
1814 0.2261049393803314 0.1420189070515694 0
1815 0.3027553183867686 0.05990077599634043 0
1816 -0.2264099167962497 0.1467410091145469 0
1817 -0.1672163278277078 -0.2034953161862282 0
1818 -0.1720347977504901 -0.2015256207022894 0
1819 0.2046699367264651 -0.2043897272482031 0
1820 0.3223584364502718 0.1762867707312034 0
1821 0.2448481886142621 -0.1334854342590334 0
1822 -0.2218784669176813 0.1446918383859386 0
1823 -0.2260041478896609 0.1417698604575087 0
1824 0.259491663527612 0.04309404497729982 0
1825 0.2544952970019397 0.07269467293162196 0
1826 0.2575408821267651 0.0685383645275254 0
1827 0.2988369303038249 -0.2235228243178456 0
1828 0.3098331382455807 -0.2028190794235353 0
1829 -0.1430827338406762 -0.224009761226563 0
1830 -0.1416205192685481 -0.2287156984034227 0
1831 0.1517941845170386 -0.2411488469303557 0
1832 0.2587430701032545 -0.1066915029878552 0
1833 0.2504807247350818 0.08635433938878065 0
1834 -0.1825770045055424 0.1900669752582745 0
1835 0.2118812797173204 0.1601107379903056 0
1836 0.2114328682371323 0.1652141328565272 0
1837 0.2156228474467176 0.1681528059484073 0
1838 0.2108978376687851 0.1703266871174611 0
1839 0.2067632666036455 0.1673075921360878 0
1840 0.2061477109243026 0.1723838058777775 0
1841 0.21041455228439 0.1755648236296704 0
1842 0.2053964190446551 0.1776946542629627 0
1843 0.2097931029413757 0.1810454449629699 0
1844 0.2045690481619566 0.1832466700583402 0
1845 0.2003411397036332 0.1798196288860785 0
1846 0.1994000376338902 0.1851386944271156 0
1847 0.195341279927109 0.181832076500463 0
1848 0.1944466393634433 0.1868730217206183 0
1849 0.1905584456392952 0.1836279560944009 0
1850 0.189526194483599 0.1886370945666348 0
1851 0.1935657523957253 0.191937282530329 0
1852 0.18848874011819 0.193753808719905 0
1853 0.1926481002398362 0.197147669100545 0
1854 0.1875321499416012 0.1990057291535986 0
1855 0.1834822378075396 0.1955292534497325 0
1856 0.1824311229065306 0.2006166244937312 0
1857 0.1785999179120956 0.1971401109420517 0
1858 0.1774765773094715 0.202103178835335 0
1859 0.1861555722926258 0.2037385404523344 0
1860 0.2021510741242939 0.1693154671551159 0
1861 0.2699002304688554 0.05867321027037656 0
1862 -0.1415818339334809 0.2251367855095477 0
1863 -0.1394044566906652 0.2298162989640774 0
1864 -0.1424275903147483 0.233975829748616 0
1865 -0.1371956678617328 0.2344987708800804 0
1866 -0.1341939649318513 0.2302622220791145 0
1867 -0.1318835001585792 0.2348825638206101 0
1868 -0.1349704846593582 0.2393603217200193 0
1869 -0.1295186483191237 0.2396523734272294 0
1870 -0.1267048776296723 0.2351512141382889 0
1871 -0.1242666377188035 0.2397240208074062 0
1872 -0.05516300788405956 -0.2667743612451417 0
1873 -0.05684508543218341 -0.2617980574042118 0
1874 -0.06024777641926749 -0.2657021296748282 0
1875 -0.06182452669867698 -0.2609516180034034 0
1876 -0.0585188045006943 -0.2570404079062579 0
1877 -0.1807994569153419 0.2180543601691016 0
1878 0.2456263758471333 0.09984150201965458 0
1879 0.1289841797385551 0.3630236525385243 0
1880 0.1550862945093731 0.346246625640615 0
1881 0.0894611769530706 0.2495209187557736 0
1882 0.09422017723924576 0.2512305205146889 0
1883 0.09505256676479383 0.2562543194524404 0
1884 0.09905789004359133 0.2529119065095546 0
1885 0.0981675988069671 0.2479995022465071 0
1886 0.1029443323004275 0.2494548395517139 0
1887 0.1019391434861214 0.2446285878515308 0
1888 0.106687266179631 0.246037112506727 0
1889 -0.2531817291906011 0.08532000252014846 0
1890 -0.1052305663716136 -0.2530104845157292 0
1891 -0.1017656195889691 -0.2487100455091892 0
1892 -0.09977332301880056 -0.2536548938027347 0
1893 -0.09653352221267278 -0.2495036722608163 0
1894 -0.09453761786906212 -0.2542984656727327 0
1895 -0.09138271530364697 -0.2502478909437963 0
1896 -0.08942955900698941 -0.2549340320475476 0
1897 -0.08635782150201407 -0.2509207195742936 0
1898 -0.0844102482967711 -0.2555429965419603 0
1899 -0.04344429127181915 -0.2593515755005492 0
1900 -0.0925171706779527 -0.2590540762192023 0
1901 -0.1238561861092849 -0.3021182382907285 0
1902 0.2604098062146862 0.0534799803664916 0
1903 -0.002306208655198745 0.2963821446352147 0
1904 -0.006115294755003527 0.3059232670469095 0
1905 -0.1436675993510231 0.2204061336191068 0
1906 0.2620788725211658 0.02712244670093985 0
1907 -0.4018583525885549 0.07200297988308371 0
1908 -0.4079584428170806 0.102893359039577 0
1909 -0.383684464207378 0.1222925525211287 0
1910 0.2364684397676066 -0.1142105136859508 0
1911 -0.1450534390031858 -0.2324038026517479 0
1912 -0.153960132092998 -0.215723207698118 0
1913 0.6001025942084691 -0.5665205966564603 0
1914 -0.1036569707818204 -0.2438507032250412 0
1915 0.1982124428592428 -0.1759699543593815 0
1916 -0.2059641475560315 0.1670710893232719 0
1917 -0.4333739833262182 0.08025729441143595 0
1918 -0.4911173109045588 0.3576990960513069 0
1919 -0.2971609245006491 0.6208067896804584 0
1920 0.219301255275033 -0.1436497364496353 0
1921 0.5932209727897697 -0.3934523492464213 0
1922 0.5665201870557204 -0.3511787430895563 0
1923 0.6199216131422562 -0.4357261627684526 0
1924 -0.2482602225175692 -0.1244514178465199 0
1925 -0.2433938158146394 -0.1275125085940832 0
1926 -0.2385185477677452 -0.1248643613285142 0
1927 -0.2385450885795016 -0.1302237767451641 0
1928 -0.234002701102138 -0.1276471710250286 0
1929 -0.233923825408521 -0.1328500109310601 0
1930 -0.2383839612984973 -0.1355365231544149 0
1931 -0.2337447107142104 -0.1380482588330552 0
1932 -0.2293835761372596 -0.135314880772587 0
1933 -0.2290883592099971 -0.1404574467785258 0
1934 -0.2335945202254811 -0.1433385794643953 0
1935 -0.2289460209884285 -0.1455067106815646 0
1936 -0.2333508645029919 -0.1487969399002689 0
1937 -0.2276644652640522 -0.1508626068422695 0
1938 -0.2332141224202844 -0.1547147142826488 0
1939 -0.227650516868345 -0.1573401639014088 0
1940 -0.2227162216407825 -0.1542121885231341 0
1941 -0.222314280252926 -0.1598225160800133 0
1942 -0.2178517363188209 -0.1567304366303796 0
1943 -0.2173517348867949 -0.1620137475645711 0
1944 -0.2131527336093068 -0.1590037751057521 0
1945 -0.2125723279636716 -0.164116005088923 0
1946 -0.2247482785801659 -0.1423754181919567 0
1947 -0.2169247706064909 -0.1678273658340489 0
1948 -0.2119312044332423 -0.1693629457902368 0
1949 -0.2181768368195909 -0.1515346994485458 0
1950 -0.2078617488316237 -0.1661231033181795 0
1951 -0.2070659732384927 -0.1711569270173555 0
1952 -0.2110779756013399 -0.174450196859559 0
1953 -0.2061473725343248 -0.1763154104101304 0
1954 -0.2022632399508554 -0.1729732228098078 0
1955 -0.2012488804727012 -0.1780474052480125 0
1956 -0.2053096466248965 -0.1814677030086904 0
1957 -0.2002062524995019 -0.1831409833343248 0
1958 -0.2042372758621617 -0.1870649022033506 0
1959 -0.19638839781077 -0.1796791365484028 0
1960 -0.1952341013128732 -0.1846344676686721 0
1961 -0.1916247680835927 -0.1812083740398703 0
1962 -0.1904578449756304 -0.1860953887610278 0
1963 -0.1939711891519223 -0.1895145858488975 0
1964 -0.1891166166728861 -0.1908423007697252 0
1965 0.2395355029956464 0.1125395407968488 0
1966 0.1782521542817715 0.5978317426028248 0
1967 0.2218697890254195 0.5736629606924161 0
1968 0.6124116488924286 -0.1557003616742132 0
1969 0.5947044772547877 -0.1997818464518301 0
1970 0.01883158507002091 0.2642887935429908 0
1971 0.269749904454396 -0.06871272824739269 0
1972 -0.2324884311431449 -0.1611803747168712 0
1973 -0.2613112112417383 -0.09930337591469188 0
1974 -0.19904783765802 0.5970059697841373 0
1975 -0.1512212112494451 0.5859499864748843 0
1976 -0.1353234530177392 0.53835320873586 0
1977 -0.1038052401753743 0.5736939932321464 0
1978 -0.2664436711977446 -0.09561701262211848 0
1979 0.2321442348648474 -0.1273133879116765 0
1980 -0.1453388695325749 -0.5104294009084811 0
1981 -0.09489724054032779 -0.5197166295109863 0
1982 -0.07891300770151484 -0.56800408246951 0
1983 -0.04705653733638135 -0.529608852898428 0
1984 -0.06152656903745196 -0.4829330622044387 0
1985 0.1907736751143209 -0.192407462934381 0
1986 0.1857541108595994 -0.1916374564211594 0
1987 0.1501242542192895 -0.2481083547520411 0
1988 -0.08138544935589852 -0.2515521383337586 0
1989 -0.07943664286287287 -0.2561560725227013 0
1990 -0.07642378702793724 -0.2521649377039035 0
1991 -0.07447298509353142 -0.2567680904871843 0
1992 -0.08245882847927256 -0.26025010785344 0
1993 -0.1216475818365673 0.2353066124294329 0
1994 -0.1191829292302622 0.2396767287348507 0
1995 -0.1166378085973301 0.2353565255518003 0
1996 -0.1141150266246189 0.2396852367620468 0
1997 -0.116727979599661 0.2440497551854651 0
1998 -0.1115637496672385 0.2440634535429616 0
1999 -0.1142181909370204 0.2485066920193569 0
2000 -0.1090147367852334 0.2484756873421119 0
2001 -0.106386084634573 0.2440495650390002 0
2002 -0.103722755607038 0.2484340999782113 0
2003 -0.1064251789610831 0.2530885127878068 0
2004 -0.1009934910735606 0.2529071855883964 0
2005 -0.09855044221417067 0.2482873497887503 0
2006 -0.09575732372423609 0.2525555132020278 0
2007 -0.1033801526290568 0.2579009261914819 0
2008 -0.09349382205184439 0.2480114601352156 0
2009 -0.09068643996426184 0.2521689193019634 0
2010 -0.08849712436260335 0.2476663477259793 0
2011 -0.08565115084291398 0.2518034746038704 0
2012 -0.08789519300982164 0.2563679464839962 0
2013 -0.08273477416392132 0.255989380727377 0
2014 -0.08502526949260467 0.2605347211699307 0
2015 -0.07977199198678418 0.2602598669800817 0
2016 -0.07759074115433802 0.2555400180735179 0
2017 -0.07458549411467091 0.2597117941478234 0
2018 -0.07255081951003628 0.2550537975057788 0
2019 -0.06956660443413654 0.2591961788573435 0
2020 0.1876000748614128 -0.1963708526231706 0
2021 0.1825640106701114 -0.1956280521534929 0
2022 -0.6005374750841364 0.2727398860355673 0
2023 -0.2530059974398464 -0.1218904180689769 0
2024 -0.593124572501363 0.5498644025176562 0
2025 -0.5778942602825846 0.5022404968378489 0
2026 0.1000216444943612 0.2583784840013912 0
2027 -0.5962006934883242 0.3593299681482707 0
2028 -0.06418379591428054 -0.2561835469719971 0
2029 0.09179581179414212 0.5963191972756485 0
2030 0.04969490554249762 0.5713020685174151 0
2031 0.604359133420124 0.3660307710093307 0
2032 0.5668400478210345 0.3990825403731663 0
2033 0.6142220525690808 0.4150451728565729 0
2034 0.5767059882986303 0.4480987204809075 0
2035 0.5293227546410431 0.4321353831388812 0
2036 0.5391895805738285 0.4811520732341591 0
2037 0.4918071027014564 0.465189630149788 0
2038 0.501673389041544 0.514205627437234 0
2039 0.4542909473287213 0.4982432178900233 0
2040 0.5490565222662857 0.5301688292702347 0
2041 0.464157149765568 0.5472591052995252 0
2042 0.4184958828748833 0.5332502581666563 0
2043 0.4269277510183822 0.5806381458606457 0
2044 0.3822921965314985 0.5666869941907405 0
2045 0.4025297116443825 0.486575634320058 0
2046 0.4740718138137823 0.5963299961886671 0
2047 -0.391006017773217 -0.5949657980810721 0
2048 -0.4400861365020308 -0.5854177014854766 0
2049 -0.02444130316470036 0.2704526784928692 0
2050 -0.0269515411108475 0.2657888433432878 0
2051 -0.02949835789274285 0.270527654864598 0
2052 -0.03211252176409293 0.2655793790612843 0
2053 -0.03483821533473996 0.270058077439043 0
2054 -0.03728635604293659 0.2654429522234234 0
2055 -0.04007363866678628 0.2698548051441605 0
2056 -0.04256590890487617 0.2651996940852634 0
2057 -0.04533187898484513 0.269654570129593 0
2058 -0.04776775105405955 0.2649705182031341 0
2059 -0.04506938414485807 0.2607524792005829 0
2060 -0.05007051414359608 0.2604628094628852 0
2061 -0.05287274410528722 0.2646289205486026 0
2062 -0.05508004438310658 0.2601305614501425 0
2063 -0.05779982170645834 0.2642542100701725 0
2064 -0.02935643286370165 0.261357546151245 0
2065 0.602767575974491 -0.06974261867187226 0
2066 0.5737907694835607 -0.03006405825882542 0
2067 0.6225146946619334 -0.02379030876168967 0
2068 0.5926210624664511 0.01629617630645395 0
2069 0.2631988370320928 -0.0263064738453738 0
2070 -0.286144714473402 0.1765891351845862 0
2071 -0.287416972775585 0.1936912299759589 0
2072 -0.2722688267627216 0.2027549685844584 0
2073 -0.2883840449849691 0.2127574529584239 0
2074 -0.2705447012725147 0.2228332318961477 0
2075 -0.3022667621962953 0.182700377043465 0
2076 -0.5376058138639895 -0.3016925781173397 0
2077 -0.5866815272039326 -0.2921117194173636 0
2078 -0.5538444216236362 -0.2544025659452966 0
2079 0.4819347917726847 0.4161739337560065 0
2080 0.2785607065567474 -0.008239899896358703 0
2081 0.2797081606873657 -0.00223423828762789 0
2082 -0.2770053432772115 -0.002740075371881769 0
2083 -0.01545883930560113 -0.4921735047549635 0
2084 -0.4313128250945852 0.4703688751285792 0
2085 -0.1381995268900033 -0.2252453015518122 0
2086 -0.1367055828992449 -0.2298393449636953 0
2087 -0.242420326293115 -0.1009056940500343 0
2088 0.2628059418153751 0.01402497643016023 0
2089 0.08155111402694762 0.3516757066739766 0
2090 -0.2447903767681179 -0.4902387667209335 0
2091 -0.6029177514287256 -0.2448212474408418 0
2092 -0.5700828102076134 -0.2071127909153658 0
2093 -0.619730185330498 -0.197728663473369 0
2094 -0.5864175320354865 -0.1598561769774549 0
2095 -0.1599370993336909 0.3288675174462069 0
2096 -0.1857906512111039 0.3334413145585855 0
2097 0.2423763909937695 -0.1056823503806619 0
2098 0.5771219581046283 -0.6120516421704343 0
2099 -0.2661255554870009 -0.04330755546343945 0
2100 -0.2611839129388529 -0.04212424698390489 0
2101 -0.6357520132752557 -0.2825293739409883 0
2102 0.1795902814652475 0.192199509055629 0
2103 0.2293234351334562 -0.2404424505448187 0
2104 0.2206873679083251 -0.2575094875887682 0
2105 -0.1994300293572578 -0.2418078149430891 0
2106 -0.1967651905898447 -0.2559128855112943 0
2107 -0.210851242592958 -0.2508057443883365 0
2108 0.2424219612016102 0.1508244132585595 0
2109 0.2486231460259293 0.1468318899957547 0
2110 0.3390233979972113 0.03174357950719646 0
2111 0.1197930320657286 -0.2349763109689683 0
2112 0.1251993743182407 -0.2336900812924358 0
2113 -0.164891662192914 0.6349871580328816 0
2114 0.2376833181810702 -0.2056082119759989 0
2115 0.6124663405016005 0.1861681419884161 0
2116 0.6019873134144237 0.138738715547659 0
2117 -0.2854297817625266 0.08250778730384942 0
2118 0.01464776003656825 0.2614377081361944 0
2119 0.009683841096306678 0.2631046222935575 0
2120 -0.248697043048021 -0.1304975725762112 0
2121 -0.02971908307385244 -0.4496810347192962 0
2122 0.01183232871178138 -0.4584691302761056 0
2123 -0.1966638429413982 0.1777759406425469 0
2124 0.2613967205499991 -0.03108642429977061 0
2125 0.3628139707597562 -0.01742533636374821 0
2126 0.3547535514582383 0.02050751275650164 0
2127 -0.4395678645137652 0.1143085202310044 0
2128 0.1400026172986385 0.2896107984552735 0
2129 0.1551419445312816 0.2955267651845371 0
2130 0.1421886493779825 0.3047645972618075 0
2131 -0.1153623177596314 -0.2360622091403113 0
2132 -0.1201469197875441 -0.2344850252806126 0
2133 -0.1239141597964797 -0.237775695540804 0
2134 -0.1248906642818757 -0.2328639087420825 0
2135 -0.1286281542323654 -0.2360892041297402 0
2136 0.2308232348786756 0.127585349454735 0
2137 0.1737982992827333 0.1986677875395806 0
2138 0.1726595712659875 0.2035414137551536 0
2139 0.169012986990643 0.2001174385884235 0
2140 0.1678395373675651 0.2049781574150422 0
2141 0.171546994046942 0.2084177995122 0
2142 0.1666406959726658 0.2098704753259268 0
2143 0.1703895501820639 0.2133649136676515 0
2144 0.1654272915796478 0.2147895138018268 0
2145 0.1616969446841394 0.2112793000100412 0
2146 0.1603540348916137 0.2162275225270482 0
2147 0.1641597792525008 0.2198851311427285 0
2148 0.1589845633900509 0.2212936811997831 0
2149 0.1553381109872983 0.2175433003609926 0
2150 0.1538614281019765 0.2224522239861172 0
2151 0.1503937796696065 0.2187077202714602 0
2152 0.1488717300399262 0.2235102236229844 0
2153 0.1454991805129264 0.2198005748401613 0
2154 0.143901878971653 0.2245914105846268 0
2155 0.1473842530427552 0.2283603576304286 0
2156 0.1422491592409798 0.2294742270899008 0
2157 0.1628642476490732 0.2252986393461572 0
2158 0.145834236429873 0.2335198553842935 0
2159 0.1405537760321169 0.2345434979916156 0
2160 0.1370539337246708 0.2304622569119786 0
2161 0.1350733980119569 0.2355730606534416 0
2162 0.1389115569771381 0.2398937031787694 0
2163 0.1332197312674358 0.2407739823217495 0
2164 0.1296374229610033 0.236536140856829 0
2165 0.1276466675155753 0.2415162200210492 0
2166 0.1243849121755263 0.2372673586640397 0
2167 0.1224066490169086 0.2421465584582897 0
2168 0.1192935041098064 0.2380029021027413 0
2169 0.1176915910545618 0.2432055698394972 0
2170 0.1210390698459905 0.2464232596620768 0
2171 0.113912681990914 0.2393511666321517 0
2172 0.1370285314972371 0.2453679390174709 0
2173 0.1263209405107238 0.2324460796129345 0
2174 -0.3118173508388182 -0.001871483473691247 0
2175 0.1697320145835708 0.2239100708914153 0
2176 0.2629962577846364 -0.01250871419751001 0
2177 0.212163574177012 0.1550020946365195 0
2178 -0.1434448238593902 -0.2188514040510631 0
2179 0.6161755390614979 -0.3493848983503503 0
2180 -0.2634097952868145 0.001992845951134265 0
2181 -0.2658159535589669 0.006270594429587974 0
2182 0.3002885884021532 -0.5784002901316966 0
2183 -0.6043356012415972 0.1861860236277396 0
2184 -0.6083548781586229 0.5974883509247861 0
2185 0.2226080199007269 0.5236801882499817 0
2186 0.2656534024375278 0.5493773848229917 0
2187 0.2647589972196691 0.5994511977988597 0
2188 -0.003729960367645301 0.2749815276212251 0
2189 -0.002254362607461642 0.269525387370066 0
2190 -0.005496101199582148 0.2654919965170022 0
2191 -0.0005133145908632914 0.2647230367003822 0
2192 -0.2884421895394256 0.2333106678907732 0
2193 -0.2692458562445472 0.2444946375170603 0
2194 0.1963707325728671 0.1765890870127934 0
2195 0.2710476315005872 0.004291323557124068 0
2196 -0.2923098354873513 0.06135000405896815 0
2197 0.5898317651318925 -0.3095340273013406 0
2198 0.6397403700302827 -0.3049318973697635 0
2199 -0.348766221648404 0.4967060583907348 0
2200 0.5095562594573978 0.3340675401713242 0
2201 0.5273182431296357 -0.6127335587721582 0
2202 0.1807896141035709 -0.1908770757995719 0
2203 0.1775814891732869 -0.1947674887481904 0
2204 -0.2012898655408137 0.1692891811220964 0
2205 -0.2394724708821677 -0.1579858354817704 0
2206 0.2622547491500726 -0.09347327661966329 0
2207 0.05418136235672804 0.2584550536123957 0
2208 0.05853393700104677 0.2555895018088873 0
2209 0.2420853716044246 0.1036698124791638 0
2210 -0.2634585149403481 0.1163618425057871 0
2211 0.260568307480976 0.05853980823368658 0
2212 0.25625316087587 0.05615895298673111 0
2213 -0.2341407065865321 -0.1223772815371416 0
2214 0.2542050863981926 -0.06964786613228355 0
2215 -0.636080795282959 -0.1504775062765042 0
2216 -0.602691171330093 -0.1125785909125325 0
2217 0.04766153443449736 0.6199196325095161 0
2218 0.002645153103993375 0.5935654967673871 0
2219 0.1442108773226483 0.2439118469908947 0
2220 0.6240890633144405 0.4640619522071456 0
2221 -0.2080111781229176 -0.2664111521048504 0
2222 -0.2234733176008595 -0.2601974454064589 0
2223 -0.1899159303034684 -0.2690242903267661 0
2224 -0.6310383075596536 0.1454248432323086 0
2225 0.2671251296884223 0.08832334309613213 0
2226 0.2517667227516864 -0.07403189117881595 0
2227 -0.04265526683403315 0.2751498809733224 0
2228 0.00318086395077563 0.643489670657923 0
2229 0.3124224782833601 0.03446987168768748 0
2230 0.4933342433202087 -0.3971737237028 0
2231 0.3270164738951247 -0.6205706019936829 0
2232 0.3756798180926529 -0.6178760876516188 0
2233 0.2770460424337675 -0.6221985025113133 0
2234 -0.2749453728279765 -0.05636130968636675 0
2235 0.3397794245572671 0.1619967248710073 0
2236 0.3359142651651688 0.1388786221694801 0
2237 0.2615868866765454 0.0009880157596032684 0
2238 -0.5665392864858616 0.4041409585784583 0
2239 -0.6206119126850389 0.4060923443778345 0
2240 0.2473657767945519 0.09045368563111002 0
2241 -0.1857461115545607 -0.1872529689665005 0
2242 -0.1843082840160357 -0.1922390684566085 0
2243 -0.1877918681840253 -0.195691335879711 0
2244 0.1520199102364213 -0.2156491705724181 0
2245 0.1493371040724467 -0.2199071259814673 0
2246 0.151624798262232 -0.2243573289674446 0
2247 0.1465975279844079 -0.2241183896446367 0
2248 0.1443285716891507 -0.2196567149144548 0
2249 0.1415800122791934 -0.2238318994570025 0
2250 0.4365832599610625 0.6293884695430344 0
2251 0.2358265515903353 0.1160827530078011 0
2252 0.6496247428224309 0.1532580284957543 0
2253 0.1960664456520707 -0.1933880063067207 0
2254 -0.4698112342867054 0.09119293000331041 0
2255 -0.3294187627191567 0.02940340744326987 0
2256 -0.05566607981120057 0.2688243738564036 0
2257 -0.06196800005616982 0.268073290598518 0
2258 0.1149287453065091 -0.236110978874224 0
2259 0.1132193803475737 -0.2407977528458295 0
2260 0.06754037072208874 0.255026212481839 0
2261 0.0718589166089228 0.2519644207775906 0
2262 -0.3084338476978752 -0.1906810733075174 0
2263 -0.3097750216469941 -0.2125158974071913 0
2264 -0.289085260876168 -0.2242976823893206 0
2265 -0.3098953058987262 -0.2360153732267704 0
2266 0.2256781499886474 -0.1356534919834176 0
2267 -0.1190493161814487 -0.3171013275981699 0
2268 0.2052691488029233 -0.1908338287998271 0
2269 -0.08277969984993197 0.2654350292973021 0
2270 0.631598096362549 0.2840587451639394 0
2271 0.2619499049108915 0.103052554419333 0
2272 -0.2393243242539918 -0.1467160955476 0
2273 -0.06736708915747447 0.2549521567561502 0
2274 -0.07027209455154233 0.2506843419091331 0
2275 -0.2460634891219971 -0.09267474048178193 0
2276 -0.2466593478476078 0.09255907236896427 0
2277 0.2112424384814257 -0.2113713052464245 0
2278 0.1055035032575954 0.2413379610220488 0
2279 0.1010191395208798 0.2397203398485878 0
2280 -0.1586176704201243 -0.2135981459662989 0
2281 -0.1545602964420596 -0.2106645673257616 0
2282 -0.1333746314528965 -0.2261171735551408 0
2283 0.2380226442463729 -0.1423977808691746 0
2284 0.3247364036636193 -0.2239918357519179 0
2285 0.3349186655053671 -0.2008404198597817 0
2286 0.3184316388278711 -0.1815374320389281 0
2287 0.07036819220175571 0.2718731740859288 0
2288 0.0642579548476101 0.2752336341891227 0
2289 -0.4234941434679792 -0.6310397430423039 0
2290 -0.4728378811511271 -0.6228474682627723 0
2291 -0.4891565440700454 -0.5758199332659307 0
2292 -0.5219599787082495 -0.6135161650557071 0
2293 -0.5382408157239824 -0.5662942300936569 0
2294 -0.5710523492328083 -0.6040322302133064 0
2295 -0.5873244905423916 -0.5567656211951262 0
2296 0.1077586707713904 0.2509620256843218 0
2297 -0.1240182944235891 0.231037044021342 0
2298 0.2196548324976042 -0.1570582245787415 0
2299 0.2147352135365275 -0.1560843611250602 0
2300 0.2516613297314975 0.07694742723341383 0
2301 0.2488947089366316 0.07165555424955385 0
2302 0.5401054091923371 -0.3094867866236798 0
2303 0.02323147920010385 0.2667160231957632 0
2304 0.02325114376557194 0.261933684737076 0
2305 0.08078890263112967 0.2508043233467856 0
2306 -0.2100383223436864 0.1644098261204381 0
2307 0.2616693808268346 -0.01734635603803569 0
2308 -0.2482550070318693 0.08446013557543992 0
2309 -0.2512334806624408 0.08060834282256284 0
2310 0.3695096543220798 -0.1283102073238083 0
2311 -0.08827355059574145 -0.2463347302669045 0
2312 -0.0716991158788452 -0.2528779560566116 0
2313 -0.2175088009906413 0.1475222049182956 0
2314 -0.2170792059964309 0.1420498304076583 0
2315 0.3411316796573947 0.07283522599971434 0
2316 0.3475461570831687 0.08998468909630471 0
2317 0.0828367530654955 0.2671843018066458 0
2318 0.1905435399289876 -0.1794404800301976 0
2319 0.2456233328057697 0.08561032089390788 0
2320 -0.03839682392516944 -0.2597611246280302 0
2321 -0.1627133972533033 -0.2164810927792372 0
2322 -0.09624465274070983 0.2438906618395669 0
2323 -0.2623392033214677 -0.006885013544642337 0
2324 0.1843837137380953 -0.2005337948910816 0
2325 0.2521661410452077 -0.1157303467905233 0
2326 0.175046317192832 -0.2280308376844264 0
2327 0.1519297954057634 0.213924737129291 0
2328 -0.6196083767497208 -0.5917917990388201 0
2329 -0.1352820727528678 0.3247413906941179 0
2330 -0.1190449952531672 0.3380552346266674 0
2331 -0.1104702723235674 -0.2376942673322024 0
2332 0.5369922459725344 0.007438969507989073 0
2333 0.5625203773478427 0.05572803194286982 0
2334 -0.1275502769415744 -0.287684579352348 0
2335 -0.1384197594210941 -0.2992642967685233 0
2336 -0.1810999512705996 -0.18854940302126 0
2337 -0.1795175507718131 -0.1935607583276664 0
2338 -0.05990466021501074 0.2596178642845291 0
2339 -0.05724033606689558 0.2556065701467456 0
2340 0.241103074161741 0.09888041050336416 0
2341 -0.22248851512595 -0.1822808087412664 0
2342 0.1856578458224202 0.1854754688931821 0
2343 0.1863601317592521 0.1797926050885311 0
2344 -0.5751824655111003 0.6323928893849974 0
2345 -0.0650901639204078 -0.2648780862310088 0
2346 0.002214384388221094 0.5457895349695731 0
2347 -0.01917840010615469 0.2617061187749555 0
2348 -0.01383741922157641 0.2616470381941691 0
2349 -0.2474918668046995 0.09752146882074803 0
2350 -0.2431721706515024 0.09606273458153877 0
2351 -0.4870057833168107 -0.3117098192555635 0
2352 -0.04848366867603492 0.2745882233306077 0
2353 -0.132477968424426 0.2442983944136299 0
2354 -0.1385398171244903 0.2439689036450172 0
2355 0.1406090545097339 0.2208475381507451 0
2356 0.6220218892205271 -0.5215558097524713 0
2357 0.6136005136035427 0.05981876029821522 0
2358 0.2092768875127006 0.1869649863697012 0
2359 -0.1013105330708841 -0.3190938795044912 0
2360 0.2736381984418842 -0.5352881064536624 0
2361 -0.08702134758234444 0.5295020655805709 0
2362 0.1503415896757712 -0.6638273943776016 0
2363 -0.1116462961239923 0.235381898600237 0
2364 0.1545639570923162 -0.2113477550703582 0
2365 0.2395932030126573 -0.2542075401418935 0
2366 0.2325924857221632 -0.2727071598358473 0
2367 0.2528891529148764 -0.2700630299627292 0
2368 0.2438267035019893 -0.2912423443649522 0
2369 -0.1758505501561677 -0.1895611407979442 0
2370 0.2688355405671553 -0.288444900869154 0
2371 0.2583850741707625 -0.3133102063547871 0
2372 0.1757063395775935 0.212342394166306 0
2373 0.2312839555483752 0.1609013167453753 0
2374 -0.1878766358560205 0.1827483084609586 0
2375 0.3019117366964581 -0.6640553807589209 0
2376 -0.4623186747343258 0.4342115534752863 0
2377 -0.2385701084327913 -0.1090421895695256 0
2378 -0.2335075630836631 -0.1119438407533205 0
2379 0.2493753526285102 0.1547276681121443 0
2380 -0.1664842101535476 0.2322172661704798 0
2381 0.2581049595610151 -0.01425185592591035 0
2382 0.2335234378717461 -0.118376835114577 0
2383 -0.2304920031718442 0.1436300176351557 0
2384 0.1421475922674748 0.2160898845596134 0
2385 0.2646718910499982 -0.0347922026631328 0
2386 -0.2594734879320179 -0.03756917379880543 0
2387 -0.2563441145470488 -0.04113849831612689 0
2388 -0.2582347208020423 -0.04566434247166222 0
2389 -0.2297429500445753 -0.1253392603965729 0
2390 -0.2052506655023811 0.1779202424426641 0
2391 -0.1117066706340475 -0.2328195444550079 0
2392 -0.1630350418712992 -0.2060155944030278 0
2393 -0.1194535318365462 0.2487598785003891 0
2394 -0.1167843121337091 0.2535581919318365 0
2395 0.2637891552911789 0.1449100823417632 0
2396 0.1519707921919969 -0.2337372537817138 0
2397 0.1585228632228882 -0.2382457490080645 0
2398 -0.6250753003788462 0.5133991661357342 0
2399 0.2592538722227002 -0.03586847561054379 0
2400 -0.2431533500649882 0.1493555160978624 0
2401 -0.2099254134455302 -0.1846612020519771 0
2402 0.2625929609907232 0.005772395052148539 0
2403 -0.08346571822425104 0.2475346064782432 0
2404 0.2373793671609504 0.1208974628260191 0
2405 0.6261603721924317 -0.6122330239321184 0
2406 -0.1772814414001343 0.3090924425169812 0
2407 -0.2012305083186142 0.3137067229154096 0
2408 0.2267862675205902 0.1303364783568676 0
2409 0.2135902670747724 -0.201870826835204 0
2410 0.2016719697709898 0.2058251577340745 0
2411 -0.1780883712953784 0.1919865682691136 0
2412 -0.1785657831681942 0.1869769421922375 0
2413 0.1101139083982158 -0.2371917342304064 0
2414 0.1083688544692474 -0.2417389451854686 0
2415 -0.1923720565040508 0.1754165322390126 0
2416 -0.1512547491694578 0.3086447663582287 0
2417 0.2527533322741102 -0.1447984628289961 0
2418 0.08318519543697425 0.2816005988297837 0
2419 -0.2570298605839214 -0.1077131704235074 0
2420 -0.2089966304846068 -0.1910959924066966 0
2421 -0.2029203617567483 -0.1926526072633118 0
2422 0.2687887920926534 -0.1133553866138459 0
2423 -0.20607213740482 0.1622203256559776 0
2424 0.3445675770525876 0.1853045173880757 0
2425 0.3251768655847855 0.2007603033017851 0
2426 -0.4511204496550676 -0.667313497113291 0
2427 0.2341451015699955 0.1111592664433501 0
2428 0.1689495556560339 0.283831747780592 0
2429 0.1710611977565628 0.3038609256504408 0
2430 0.1865268272633176 0.2922887107153454 0
2431 0.1888681497907971 0.3125765556173606 0
2432 0.2054233978688085 0.3000235234484322 0
2433 0.2014605700624253 0.2771960046953603 0
2434 0.2215155314515108 0.2860462149059868 0
2435 0.2192975384147006 0.2653707320509368 0
2436 0.2381252381620742 0.2727382032414782 0
2437 0.2333509014657047 0.2505007377802996 0
2438 0.2541475155074306 0.2590259591184311 0
2439 0.2585432820629792 0.2810892965485744 0
2440 0.2497142959024585 0.2365898597878517 0
2441 0.2705333325441196 0.2454103726080003 0
2442 0.2749626027237276 0.05558177653502926 0
2443 0.1632883735384461 -0.2603343478090781 0
2444 0.2877977818413892 0.006229622179190191 0
2445 -0.002700857967418744 -0.5374543548315702 0
2446 -0.1942602336653071 -0.6319577492800108 0
2447 -0.1456091643857706 -0.6427166903232314 0
2448 0.2634882362278168 0.03223256114906762 0
2449 0.258344569928025 0.03014378508249469 0
2450 0.2589098784926837 0.03853142227271898 0
2451 0.2582910261770355 -0.02716410286896916 0
2452 -0.2711136422125844 0.1297962541573261 0
2453 -0.1924645531786204 0.2920176193567087 0
2454 -0.2162658742568226 0.295622504801316 0
2455 -0.210043377262192 0.1591738873446086 0
2456 0.2130716644805302 -0.1516005708885148 0
2457 0.2098023352715903 -0.1553967450624087 0
2458 0.2119731750752348 -0.1606740619628856 0
2459 0.2676395403976238 0.2226861057869561 0
2460 0.2875481717274131 0.2316059628559439 0
2461 -0.3316420224973302 0.04637421371139594 0
2462 -0.31319875412372 0.03877337812250176 0
2463 -0.3055491936269663 -0.1716160120260212 0
2464 -0.2918147370685615 0.07573596748501132 0
2465 -0.3910705050748177 -0.07609084299521049 0
2466 -0.3634715330855357 -0.08516691516617865 0
2467 -0.3550654112881572 -0.1091519682399559 0
2468 0.2663679405144134 0.09805527019522468 0
2469 0.1642268050803102 0.2015620871803606 0
2470 -0.3310456083825236 -0.2222673715305019 0
2471 0.2299645060175068 -0.3138481091660345 0
2472 0.2455395247087004 -0.3392179707305045 0
2473 0.2559369000822469 -0.1365126709854943 0
2474 -0.1633308638976262 -0.2002856414755448 0
2475 0.2077774829748515 0.3492676465015992 0
2476 -0.03893815737307254 0.6176991422034998 0
2477 -0.003599743418385873 0.261011514262213 0
2478 0.00112054499722868 0.2598780465070201 0
2479 0.09574757176335871 0.2620434891951159 0
2480 0.1011673619755428 0.2646117509278352 0
2481 0.3178048795861892 0.09822267666210856 0
2482 -0.08383602844951635 -0.2702031198708874 0
2483 0.5009581293722847 0.1220883046299462 0
2484 -0.3178197752974592 -0.01552250710548918 0
2485 0.2561643827619518 0.06095980055744574 0
2486 0.2520367160147076 0.05796228002954323 0
2487 -0.1774550675082514 0.1972761749294414 0
2488 0.2726067564250752 0.0160651044180944 0
2489 -0.03617003769050116 -0.2641570412664316 0
2490 -0.03327376240238257 -0.2602839177756732 0
2491 0.2315297171971009 0.1683998242355974 0
2492 0.2249437111879916 0.1701840221223432 0
2493 0.2550830438372648 0.04157474266511457 0
2494 0.255725801988929 0.04624783242527484 0
2495 -0.3683126689822022 -0.1521126931417621 0
2496 -0.04733877911105029 0.2564951102789125 0
2497 -0.04224129767693621 0.2567228990864732 0
2498 0.2815378808078432 -0.08589979152207475 0
2499 -0.1027928085080126 0.2695893164467835 0
2500 0.6605811047899327 0.4298744893141371 0
2501 0.04780578971598154 -0.3249929782875299 0
2502 0.05740676424516462 -0.3098061812261948 0
2503 0.04155101340265558 -0.3081635105838165 0
2504 0.07552432344768867 -0.3117906309638744 0
2505 0.130725831940832 0.3370504581288043 0
2506 -0.2237017234235277 0.314762227160467 0
2507 -0.2440908865787864 0.3001202621007615 0
2508 -0.02446751882701607 -0.2692654709884739 0
2509 -0.02687073921093223 -0.2647539104128759 0
2510 -0.02217866057875002 -0.2646442156198194 0
2511 -0.02485604539122962 -0.2605380557602973 0
2512 -0.01962454505296734 -0.2603442325423949 0
2513 0.3316653295766026 0.002619187372700449 0
2514 -0.07331205417937232 -0.2480704542994823 0
2515 -0.07517052157008267 -0.4390549290911891 0
2516 -0.2519034696097395 0.2306380493483888 0
2517 -0.248243880496013 0.2554495522009458 0
2518 0.2068632777176278 -0.1595187711254225 0
2519 0.2080432281608911 -0.1643872607902095 0
2520 0.2036063926100228 -0.1634034455819253 0
2521 0.204540752073732 -0.1680595650421426 0
2522 0.2004394666298154 -0.1668937328079398 0
2523 0.005159408065785763 -0.3231073112637512 0
2524 0.01364157670114359 -0.3106479442464515 0
2525 0.000808563029202716 -0.3091961744064799 0
2526 0.2606542510277939 -0.003801726163985862 0
2527 -0.6345603730006629 -0.5482975575277098 0
2528 -0.6032862195638284 -0.5096530651389496 0
2529 0.229494190841236 0.1765750425689147 0
2530 -0.2665056444189447 -0.1025604775624472 0
2531 0.1405392827364035 -0.2888012547701819 0
2532 0.1254329034526107 -0.2902334447033324 0
2533 0.1176396060275959 -0.3043042595474894 0
2534 0.1320144922027255 -0.2777508375679856 0
2535 0.1102034774083836 -0.2902313743113854 0
2536 0.101965574803558 -0.3029455685069212 0
2537 0.1081665036751632 -0.3176252375331716 0
2538 0.122984933680451 0.2572592939250137 0
2539 0.1282567071926806 0.2517315318178989 0
2540 0.116217580555975 0.2342749411075569 0
2541 0.1112139987412905 0.2347619507005645 0
2542 0.2867924283904912 0.04267684605044533 0
2543 0.2870765364544714 0.05123325158433715 0
2544 0.2957714664229616 0.04442688801578652 0
2545 -0.08602481754009073 0.243248923957902 0
2546 0.488237465411302 -0.01789420078767993 0
2547 -0.2707843093853681 0.006240001055519454 0
2548 -0.2682857558273644 0.01061635403513701 0
2549 -0.2632767098540304 0.01059319735642512 0
2550 -0.2657279240547682 0.01496619493770988 0
2551 -0.2710085141010708 0.01534880823840735 0
2552 -0.26818613581463 0.019441920258106 0
2553 -0.2631608540829769 0.01927093879604656 0
2554 -0.2655377671216471 0.02369657613400994 0
2555 -0.2705445390756324 0.023863207709823 0
2556 -0.26787963604913 0.02814452390350112 0
2557 -0.2628628949084168 0.02792501393279487 0
2558 -0.265145641925539 0.03238355767177714 0
2559 -0.2728385305339286 0.02886330206970725 0
2560 -0.2601523452811566 0.03212929071222615 0
2561 -0.2624254762231928 0.03658502621298272 0
2562 -0.2674520562285703 0.03683031750679908 0
2563 -0.2647012905211053 0.04103874600882585 0
2564 -0.2597040356259631 0.0407792644038549 0
2565 -0.2619734575929064 0.04523452928680388 0
2566 -0.2697028927755559 0.04126420626712642 0
2567 -0.2569614581198356 0.04498198015609542 0
2568 -0.2592277320394589 0.04943889815012265 0
2569 -0.2578807307162106 0.02767883914864601 0
2570 -0.3324600243889855 0.2502442979235181 0
2571 0.2874662699950724 -0.3100136588254296 0
2572 -0.164060203243769 0.2393543899610383 0
2573 -0.06009697892707137 -0.2524658241423899 0
2574 0.4842705876614803 0.6421716070452518 0
2575 0.5214071872146377 0.6122389882246629 0
2576 -0.5397540091354294 -0.1702649528883796 0
2577 -0.1267336715339611 -0.2475611108645549 0
2578 0.1900513615875264 0.2145251711539837 0
2579 0.2198962005586368 -0.2095571391644554 0
2580 -0.35680329346965 -0.01661146314550576 0
2581 -0.3535932836397454 -0.03771672907156483 0
2582 -0.2721757010200547 -0.05018292395069929 0
2583 -0.2790951376349462 -0.05124720442471016 0
2584 0.5476448826049209 -0.2144675362872487 0
2585 0.02807346960301197 0.2641258127455943 0
2586 0.0276533158463158 0.2595618034677112 0
2587 0.03241130590147492 0.261642965021556 0
2588 -0.2641725303785996 0.04964931271659438 0
2589 -0.2614822355106543 0.05386489312422078 0
2590 -0.256525039846428 0.05362125969474329 0
2591 -0.2587676070612998 0.05805990185793967 0
2592 -0.2538378988100812 0.05783816282692148 0
2593 -0.2560707644196235 0.06226959096970971 0
2594 -0.2609826199545678 0.06254401935834833 0
2595 -0.2583266414250148 0.06672692001853617 0
2596 -0.2534507220581305 0.06653175340785022 0
2597 -0.2556359254606891 0.07069982323024046 0
2598 -0.2506233726029831 0.07065564620420567 0
2599 -0.261600883994772 0.07101239369772372 0
2600 0.01034797593822108 -0.2696599447870965 0
2601 0.0129284078698016 -0.2652846675006075 0
2602 0.01803557238036515 -0.2651543700429998 0
2603 0.01521107579504611 -0.260840410478185 0
2604 0.01024933725542114 -0.2614979979917601 0
2605 0.02021879525578902 -0.260724457290017 0
2606 0.022959109200768 -0.2646811544588412 0
2607 0.02519956860347961 -0.2604147136368113 0
2608 0.2706029266777949 0.08311353475308945 0
2609 -0.2390401834066684 -0.1731049742729046 0
2610 0.2394461327936736 -0.1650798949012349 0
2611 0.2319487996647445 -0.1653118757072497 0
2612 -0.1387044596236433 0.2211556920868951 0
2613 -0.1404758877530299 0.2166752708894767 0
2614 -0.1454596093596618 0.2158691921068143 0
2615 0.0303507207553703 0.4820406472095813 0
2616 -0.1761479876684326 -0.2610359777797563 0
2617 -0.1727240919449314 -0.2743299210391771 0
2618 -0.1855455485153483 -0.2862997334778908 0
2619 -0.1685598831084614 -0.2896988359388959 0
2620 -0.1877692580161098 -0.3184861782663521 0
2621 0.07762930348664962 0.2705933473337078 0
2622 0.2594730107100595 0.01764254002177362 0
2623 0.2493279062122385 -0.06967902468118728 0
2624 0.04966263902885777 0.300690475041676 0
2625 0.05936840580196839 0.2933450330011195 0
2626 0.1514658356909089 0.2325567374426431 0
2627 -0.3398249680262592 -0.1572734905275756 0
2628 0.3548109597348243 -0.1584288211584139 0
2629 0.3405929427307153 -0.1349811468287271 0
2630 0.4526753717076814 0.6720842072589323 0
2631 -0.1927476175367221 -0.1765353367722504 0
2632 -0.1883808392747321 -0.178180355427825 0
2633 0.2903702278816366 -0.01868601733438555 0
2634 -0.1703256500139975 -0.2257743292018372 0
2635 0.2322225343865923 -0.2264337465329996 0
2636 0.3013347236165302 -0.05216483491141467 0
2637 0.2954361905380432 -0.06205289454432439 0
2638 0.03725810207441307 -0.2692725200922274 0
2639 0.04004418299080568 -0.2646858635572539 0
2640 0.04507900817957237 -0.2643621097455817 0
2641 0.04208633250527898 -0.2599158001450632 0
2642 0.04703557760815934 -0.2595924975045364 0
2643 0.03635627418878846 -0.2608651193676851 0
2644 0.04372581228110931 -0.255235659261349 0
2645 0.04998337463073024 -0.263715605905515 0
2646 0.05164544765223851 -0.2585705559810049 0
2647 -0.2179832564989788 0.1640945004680841 0
2648 -0.1928898989604612 -0.2066768127327865 0
2649 0.2150119778549363 0.178780200115606 0
2650 0.01289227255051084 0.3032232115758637 0
2651 -0.01650341248376754 0.3066498136397762 0
2652 -0.01064170833306786 0.316359217963999 0
2653 -0.02490185824660686 0.31697756273958 0
2654 -0.01491850032426849 0.3301289255174446 0
2655 -0.03193203947611991 0.3312183557897904 0
2656 -0.02246192726817064 0.3443543612363248 0
2657 -0.04099324881392215 0.3460568394162207 0
2658 -0.03032284571120092 0.3622884874068238 0
2659 -0.04995171955831303 0.3645904310412478 0
2660 -0.06182674249143699 0.3454162342076593 0
2661 -0.004761927870619197 0.3428772493053371 0
2662 0.0366899577780208 0.2675124414613292 0
2663 0.1747793069618652 0.218398077271465 0
2664 0.1112387772786917 0.2476345519127531 0
2665 -0.1111916285654726 0.2583568850042714 0
2666 0.3065354769683534 0.5750838356911818 0
2667 0.3072126018869138 0.5250791291459345 0
2668 0.3064015680605827 0.6250938063608342 0
2669 0.2313142996777316 -0.1137746048598077 0
2670 0.1061520693212015 0.3836384533267988 0
2671 0.112533711363977 0.2532027324597877 0
2672 0.1728077399151941 -0.2086468089085283 0
2673 0.1757460487096556 -0.2035480041135036 0
2674 0.1702826745762486 -0.2041247941845619 0
2675 0.1721049781066108 -0.1997257714231736 0
2676 0.1673676823495559 -0.1997161017748134 0
2677 0.1694525745950889 -0.1954542089336821 0
2678 0.1193772794709399 -0.2779237093390124 0
2679 0.2573005927203862 -0.0005027303816265851 0
2680 -0.2917393802495408 0.112332638215865 0
2681 -0.2807235463566929 0.1090322899795063 0
2682 -0.2887007321287716 0.1019003841347885 0
2683 0.2669111134403205 0.1184721411419867 0
2684 -0.2297351254100009 0.138556949758368 0
2685 -0.2245242955095774 0.136755599043382 0
2686 -0.2291312030472216 0.1335373114826519 0
2687 -0.22467487831656 0.1316711909346068 0
2688 -0.228608949943402 0.1286138064077511 0
2689 -0.2331091077345388 0.130432798523825 0
2690 -0.2325978467854237 0.125569021119233 0
2691 0.2028876935544794 0.1646777509361018 0
2692 -0.07148158457631033 0.2637541771266276 0
2693 0.2843898853892525 0.2138058465983402 0
2694 0.2642859662129942 -0.04898212890825301 0
2695 0.261253502144382 -0.04450654624549622 0
2696 0.2589291918493585 -0.04902783344242108 0
2697 0.2561324343054629 -0.04507806389917929 0
2698 0.2578305855816336 0.01325821159710437 0
2699 0.1978748190601423 0.1957435992556818 0
2700 -0.2764290571405436 0.04761405940104587 0
2701 -0.05542546775589531 -0.2530073844777204 0
2702 -0.2575356277384984 -0.113261921572942 0
2703 0.1438484496994979 -0.2281592867759037 0
2704 0.1388383853313986 -0.2277459033070336 0
2705 0.1365777272249616 -0.2236823173345973 0
2706 0.1338209495015156 -0.227432014675814 0
2707 0.1315394122598761 -0.2234222540321236 0
2708 0.1288951397398593 -0.2271040497404134 0
2709 0.6396960618880414 -0.1995536325372653 0
2710 0.6643055562867574 -0.1521340283157218 0
2711 -0.2068705972153066 0.2036316212089069 0
2712 -0.2092096444364009 0.1934389279521061 0
2713 -0.2438652316179282 0.1013179138927083 0
2714 -0.239043643526993 0.09916951879158689 0
2715 -0.2407471756745872 0.1048863690382242 0
2716 0.1982557693050397 0.1667301346253547 0
2717 -0.514242642232972 0.4407496347127081 0
2718 0.06622888008450982 -0.2677746441333377 0
2719 0.06940587623648858 -0.2624997575286894 0
2720 0.07491103705820623 -0.2619741447581305 0
2721 0.0720590064164397 -0.2575797939419739 0
2722 0.07726397824585249 -0.257087606825585 0
2723 0.06673802932590463 -0.2577547849551247 0
2724 0.07434987710282531 -0.2529567818169728 0
2725 0.07938982039566772 -0.2524569888791693 0
2726 0.08238393994842391 -0.2564938131205671 0
2727 0.08439064540425791 -0.2519127213962953 0
2728 0.08729604764161364 -0.255915796564128 0
2729 0.0893600896679054 -0.2513415620900749 0
2730 0.08639520288983377 -0.2473235809389837 0
2731 0.09136022163693459 -0.2467426806463983 0
2732 0.09434591000154199 -0.2507608647306695 0
2733 0.09632835992572297 -0.2461585625186663 0
2734 0.09931931566778088 -0.2501656696826294 0
2735 0.1015685211259247 -0.2459658025749837 0
2736 0.09920522617989883 -0.2422584798076071 0
2737 0.1046257593897179 -0.2498500463430265 0
2738 0.2620925828520179 -0.101329677231502 0
2739 0.002774673138210173 0.2685437967230322 0
2740 -0.3946037624234744 0.6390420632133239 0
2741 -0.4442758538689754 0.6498670522108188 0
2742 -0.179751343027002 0.2332437410342417 0
2743 -0.1887481257172916 0.2296551126217714 0
2744 -0.3384334494697889 -0.09073846871500194 0
2745 -0.3332953601153472 -0.1105188602070324 0
2746 -0.3450772324084577 -0.06967444892146132 0
2747 -0.1730279098038998 0.1929114164077313 0
2748 0.2320991372133328 0.1197399049287681 0
2749 0.2786656722514723 -0.07792568762255908 0
2750 0.2810492339971348 -0.06879131808272232 0
2751 0.1855599616754581 -0.2077720661297228 0
2752 0.3305573403989324 0.2605251050762241 0
2753 0.259457542861423 0.6573241727334179 0
2754 0.310024324362821 0.6736543687447607 0
2755 -0.09070358983986829 0.2617723217088242 0
2756 -0.2766032955326447 0.3166894141568095 0
2757 -0.1753956729146869 -0.1942131107305706 0
2758 -0.1771023879487329 -0.1984970008118361 0
2759 -0.2731836905386593 -0.097718103746698 0
2760 0.08288086007779663 -0.2668115138608128 0
2761 0.2078901197282466 0.1577168371470982 0
2762 -0.2596420478259729 -0.05855817473386175 0
2763 -0.2560249972978813 -0.0622144359783735 0
2764 -0.2567616711053299 -0.06704790567153712 0
2765 -0.2546702631017689 -0.05733179104223638 0
2766 0.2756321054513383 0.06202338222221294 0
2767 0.269868658344094 0.06453868579411824 0
2768 -0.1445872733638242 -0.243835012819322 0
2769 -0.137524937448395 -0.2374269375981293 0
2770 -0.1501570894250729 -0.2413008813628699 0
2771 0.02827657332817152 0.2729993975553699 0
2772 -0.2535624714105137 -0.08040819792856899 0
2773 -0.2522479582082391 -0.07451619719233489 0
2774 -0.2492359830389279 -0.08397631213419694 0
2775 -0.6034791399323398 -0.6348312062384226 0
2776 0.2273915567321961 0.1345459417038977 0
2777 -0.3720015242258364 -0.6395011536807245 0
2778 0.3864898504248282 -0.1065378933648536 0
2779 0.2136846280751128 -0.1696101051352179 0
2780 0.1056791115168303 -0.2383030584425753 0
2781 -0.09075528062122029 -0.2679273367468303 0
2782 -0.06364030131795402 -0.2697353347299215 0
2783 -0.01097438126666732 -0.2696646859344019 0
2784 -0.005378663459287817 -0.2693711088867292 0
2785 -0.008459013763029731 -0.2650840329312973 0
2786 -0.003561147215970953 -0.2644914407482234 0
2787 0.3324951716707594 0.05831977795212055 0
2788 0.1651894279169868 -0.2047070417600194 0
2789 -0.1694057675997764 -0.2183601788197059 0
2790 -0.0005466872373205602 -0.4234305277706015 0
2791 0.03648315743809773 -0.4297294082183715 0
2792 0.05152044009220409 -0.4635473537783679 0
2793 0.07561436739973694 -0.4344834770512515 0
2794 -0.04129126726563252 -0.4106995219023518 0
2795 0.09452151411592272 -0.4644916138949844 0
2796 -0.2538432556624507 -0.1630893424007313 0
2797 0.121132108742918 -0.2299907867958197 0
2798 -0.1274626370239149 0.293198467654421 0
2799 -0.1683805543898813 0.2057037311902392 0
2800 -0.1633733038937573 0.2072399012769137 0
2801 -0.1691605722951132 0.2004866903688842 0
2802 -0.0401266199464084 -0.3192672443525563 0
2803 -0.02656038186832677 -0.3076133388150967 0
2804 -0.0555181291718459 -0.3190696262210351 0
2805 -0.04726799231551267 -0.3065338115427877 0
2806 0.349428899357104 0.6435453186004662 0
2807 0.03192226258081322 0.2571956349027908 0
2808 0.03630998420752572 0.259813760177073 0
2809 -0.006342437265227785 -0.2606881093392789 0
2810 -0.001326277119713721 -0.2600111363673281 0
2811 -0.01132418834354986 -0.2612553316086655 0
2812 0.2664969744275997 0.03663234737346751 0
2813 -0.1417859429155039 -0.2841078413696556 0
2814 -0.2298284470959572 0.2746518608067076 0
2815 -0.04061608265857651 -0.2551355876851127 0
2816 -0.04558021597483822 -0.2555019491075826 0
2817 0.3577004728452065 0.1428676413291809 0
2818 0.3496652521919199 0.1241764004230039 0
2819 0.6209151415899723 -0.235442426580511 0
2820 -0.1102926596216882 0.3750529040358822 0
2821 0.1989301767509805 -0.1625662833987223 0
2822 -0.1499201134170005 -0.2125375312598888 0
2823 0.251803662714332 -0.06534668376260956 0
2824 -0.2528260711920398 -0.06602047385595743 0
2825 0.2344036506730061 -0.1096560951050609 0
2826 -0.06640717723162658 0.263609632437511 0
2827 -0.3698419592398066 0.1885777491320103 0
2828 -0.2578249796100164 -0.2893198598209556 0
2829 -0.2618600962568269 -0.2607354119284879 0
2830 0.251392085107467 0.06324861005624458 0
2831 0.02806369356897499 0.2554778406744906 0
2832 0.09185098523549054 0.6431765701839038 0
2833 -0.22212707812551 -0.1488264567736298 0
2834 -0.217383055103361 -0.1465053696021519 0
2835 -0.2136206736510694 -0.1488387177090795 0
2836 -0.1377792217694808 0.2537602567634509 0
2837 -0.01739558685344679 0.2574176158275726 0
2838 0.007984845102447685 -0.3003320814189178 0
2839 0.02092399319786735 -0.2994289737135894 0
2840 -0.2141512858692223 0.6446987503555967 0
2841 -0.06944766415983829 -0.2578482555491193 0
2842 -0.07320451299356515 -0.2608116036331915 0
2843 -0.2082224256839616 -0.2851851482774161 0
2844 -0.27090594898374 0.2696729123120497 0
2845 0.2602490021246367 0.06394643463911137 0
2846 0.3424823396877822 -0.02007584841722575 0
2847 0.2145593016532611 -0.3709168186803816 0
2848 -0.6597460552567089 -0.503242961339618 0
2849 -0.2684816918565348 -0.02424990860470191 0
2850 -0.2633100959842846 -0.02412072521061794 0
2851 -0.2608715976545026 -0.02818824445983749 0
2852 -0.3270640469119772 0.0006536903087335624 0
2853 -0.3168777329357901 0.007484189202698214 0
2854 -0.3310839853817251 -0.01456122659948743 0
2855 -0.253161418578865 0.2089698068170746 0
2856 -0.2860745630309799 -0.008508781402543238 0
2857 -0.6237795299972836 0.6409648090854726 0
2858 -0.6609902875155206 0.1925311897633871 0
2859 -0.6742190275246702 0.1472703826303591 0
2860 0.07661327327411177 -0.2474771124572208 0
2861 0.07136368377527896 -0.2486506949278386 0
2862 0.2710722185279714 0.0110661960063591 0
2863 -0.2614700948129741 -0.06918878155127864 0
2864 -0.646513885906674 0.3615866105363174 0
2865 -0.3405773740579279 0.1871115554664091 0
2866 -0.3499746876222096 0.1576738426416999 0
2867 0.01246733450847266 -0.2566288449497386 0
2868 -0.2408327037048619 0.1651569533552374 0
2869 -0.2473759795335806 0.1606486281780506 0
2870 -0.2951227738055214 0.08441060990538204 0
2871 -0.2848651254710086 -0.06496687754872674 0
2872 0.09235620222766347 -0.3152316233075182 0
2873 -0.003780132770791567 -0.2993111901450224 0
2874 -0.01303498044012499 -0.3074082947712212 0
2875 0.1659561576168673 0.2297945675163911 0
2876 -0.1141121499011537 0.3193069166702512 0
2877 -0.09965184237043373 0.33144894860959 0
2878 0.3895360773766738 -0.0114376168342538 0
2879 -0.03825517041589265 0.2811567549493313 0
2880 -0.2528305981666382 0.1029171125822625 0
2881 0.01570269398773622 0.390952821059008 0
2882 -0.2069619013832262 -0.1990986207504459 0
2883 -0.1953893524806117 -0.1973961550475273 0
2884 -0.2587037308486037 -0.02337842263611982 0
2885 -0.2559198315073939 -0.02707635601258062 0
2886 -0.2575688437994527 -0.01859140981991314 0
2887 0.2215950035027573 0.1444923594974732 0
2888 0.2169934310005774 0.1472500645406418 0
2889 0.216622489371023 0.141688074170175 0
2890 -0.3075468140904839 0.221600020876162 0
2891 -0.1291954545042593 -0.231284446201162 0
2892 -0.1257774619405658 -0.2289696624860547 0
2893 0.1654966771014898 0.1966273442979546 0
2894 0.2610243760913459 -0.05464314725675219 0
2895 0.2560540753595112 -0.05342062990917147 0
2896 -0.285737849488825 -0.03323533452730335 0
2897 -0.2870846060571414 -0.04240449057245622 0
2898 0.1491275923299719 0.2389972827507865 0
2899 0.1169186494162846 -0.4365666105466177 0
2900 0.0491097019035365 0.261210944892201 0
2901 0.04488150757088193 0.2586341572600741 0
2902 0.04969742359731644 0.2560985686738499 0
2903 0.04574650258129682 0.2532247631409155 0
2904 -0.660913744898889 -0.1017494332886702 0
2905 -0.6198033306264119 -0.06485732880720388 0
2906 -0.5727510631313448 -0.07574229738523566 0
2907 -0.5889214507375742 -0.02840893344672388 0
2908 -0.6351340098728927 -0.0178419094897685 0
2909 -0.6040387262188989 0.01917146919526077 0
2910 -0.5617194211389722 0.01107273161051354 0
2911 -0.6533759188601128 0.02559718514809574 0
2912 -0.628227320444036 0.062194191113193 0
2913 -0.6750445041485147 -0.01059087875134319 0
2914 -0.6790784288556024 -0.1460290614939311 0
2915 0.1589039947606381 0.2314493136683964 0
2916 0.22214896824881 0.1337903937626947 0
2917 -0.1141403772807339 -0.3355283375250305 0
2918 -0.1323389568915385 -0.3333970761577977 0
2919 -0.2550889363870286 -0.1400315641377428 0
2920 -0.6141746167865115 0.4589532852439213 0
2921 -0.6574212361204899 0.4782307643856478 0
2922 -0.2215725558201958 -0.173308328318317 0
2923 -0.4127630981778191 0.4153784457193364 0
2924 -0.3259364079294399 -0.07438487899817044 0
2925 -0.3287018709218659 -0.05584706786445044 0
2926 -0.2560217952363156 0.08154908195623212 0
2927 -0.1030287724783591 -0.2580427201310262 0
2928 0.3877399934939935 0.09173789021612307 0
2929 0.001664551484716111 -0.2647533228256791 0
2930 0.002848862811689386 -0.2590588490800596 0
2931 0.5636826899065852 -0.2658759238656442 0
2932 0.3529405635302921 0.05831309959761428 0
2933 -0.04466058173427329 0.2525425001328728 0
2934 -0.08510167756614687 0.3693032855130053 0
2935 -0.1099416521605797 -0.4756954650448985 0
2936 -0.1514743137097848 -0.4706760777184682 0
2937 0.00116522259370618 0.3146420569168992 0
2938 -0.2175902677407928 0.1528875755493129 0
2939 -0.2136120816082268 0.1508757355774306 0
2940 -0.03264986894298055 0.2759366517626812 0
2941 0.131621495203206 0.2315330161423899 0
2942 0.1333317968845281 0.2267595913926705 0
2943 0.1283432925850401 0.2278353339132757 0
2944 0.13001306725809 0.2229384006523771 0
2945 -0.2242868130615323 0.1265945678573888 0
2946 -0.2651753088400348 -0.01163944266213545 0
2947 -0.2607871561960082 -0.01157661810197696 0
2948 0.08774422622952509 -0.3014002186848899 0
2949 -0.2643961198948439 -0.1225442362317266 0
2950 -0.2366876899441939 0.1445649126244054 0
2951 -0.2051233632644916 0.1569190407243973 0
2952 0.02684057587970403 -0.3094322041568547 0
2953 0.03216072359759523 -0.3009014188369135 0
2954 0.06400002297281136 -0.2622926688330225 0
2955 0.06162932115928373 -0.257515199626168 0
2956 0.06429911071175412 -0.2534812154595104 0
2957 0.05963862389740217 -0.2529241272785118 0
2958 0.05929251315231458 -0.2624112293433387 0
2959 0.5523091002583149 -0.6578990517446387 0
2960 0.3663484702970108 -0.1885113718211837 0
2961 -0.1975447858270017 0.3592349118047724 0
2962 -0.254731077976334 0.04042349037883088 0
2963 -0.002665529505442345 0.2565663018572162 0
2964 -0.1509988618724992 -0.2074759451015797 0
2965 -0.2094445820272513 0.1817398008562126 0
2966 -0.2136816298145802 0.186483652193556 0
2967 0.1265762110759168 -0.2233290486621337 0
2968 0.2819339150263525 0.05812552329921152 0
2969 -0.04588200943848068 0.2802917273731285 0
2970 0.1523547420898237 -0.2615188309823004 0
2971 -0.1142153849742477 0.2310987790623499 0
2972 0.2798632171471629 0.07684261776466458 0
2973 0.2568052411145622 0.02514837731049543 0
2974 -0.06815183083139575 -0.332421026345231 0
2975 -0.07113224783393064 -0.3149012030166993 0
2976 0.2079272400360564 -0.1506772149429269 0
2977 -0.2543559730518538 0.0773852357485422 0
2978 -0.234272946780403 -0.117178709889191 0
2979 0.04064862253885212 0.2565941581938376 0
2980 0.2324678763988053 0.2317968397311728 0
2981 0.08846338810914148 -0.2426821740187951 0
2982 0.08355203097231989 -0.2433645897552282 0
2983 -0.196722983586676 0.1729508711218328 0
2984 -0.1563007999288316 0.2409683991776435 0
2985 -0.3138288591797238 0.0255287012732176 0
2986 -0.2531168404619419 -0.04512841294230924 0
2987 -0.2551497638416494 -0.04945682668067005 0
2988 -0.2727105447710555 0.03703103080384038 0
2989 0.3501435502867728 -0.110757259128668 0
2990 0.2034806213380582 -0.175914853249014 0
2991 0.1404551533297885 0.255323116048594 0
2992 0.2433964803851729 0.1087504912579901 0
2993 -0.2662903196884429 0.07434398067925256 0
2994 0.2119618801637916 -0.1926810043543536 0
2995 -0.1619245679558145 0.2121759268633859 0
2996 -0.1568789456154187 0.2130471915948634 0
2997 -0.1547867493951075 0.2181534328485988 0
2998 -0.1512494972273658 0.2137780123761493 0
2999 -0.1537560393682217 0.2087383445430898 0
3000 -0.2711944932853352 -0.08918886891969076 0
3001 -0.3435836871132624 -0.1317283739840678 0
3002 -0.3219466757688876 -0.141785220894166 0
3003 -0.2501338333134311 -0.08935623058526287 0
3004 -0.2452296276081322 -0.08763361262463089 0
3005 -0.2444466842342509 -0.08247135340632122 0
3006 -0.2479836972840078 -0.07879267183302163 0
3007 -0.2468274293038961 -0.07366616739757706 0
3008 -0.2642279649455052 -0.1096314516194756 0
3009 0.1129739900307118 0.3444189861938265 0
3010 0.1106123982644461 0.3243613763608854 0
3011 0.09516989719190772 -0.2602201481118797 0
3012 -0.155205003747509 -0.2056186248696274 0
3013 0.1264497120618251 -0.2692811981437055 0
3014 0.1357930819339559 -0.2673552575540408 0
3015 0.2345754369986734 -0.1579376053338227 0
3016 -0.3354696370893699 -0.2690060312475739 0
3017 0.08551593512989389 -0.2610047564071035 0
3018 0.01080753472114012 0.2580246299801732 0
3019 0.01529291607165301 0.2567858572783664 0
3020 -0.1212152351415858 0.4896684434695018 0
3021 0.5020817457695672 -0.6567502683217521 0
3022 0.4759734632833781 -0.7014408567334505 0
3023 0.45080769323093 -0.6565578036938269 0
3024 0.5514246578183486 0.1299058344541087 0
3025 0.2442658845088947 0.09464688840734442 0
3026 -0.2287020350040622 -0.1689362829458982 0
3027 -0.06456680247674193 -0.2511184667719392 0
3028 0.2853215656981343 -0.006519724905541121 0
3029 0.0001556836593411363 0.3739638601805458 0
3030 -0.2578910406143345 -0.03207407686132306 0
3031 0.04901652728045055 -0.2993652399229377 0
3032 -0.2448799673332151 0.1110779182222753 0
3033 -0.2408090617964503 0.1146175738622494 0
3034 -0.2417193427081988 0.1201848898945478 0
3035 -0.2368678405752816 0.1179128689450255 0
3036 -0.236051424714511 0.1129707094725358 0
3037 -0.2314982333055394 0.1159695025194384 0
3038 -0.2373677855491163 0.1229789256673951 0
3039 -0.2809267929951174 0.002746754273939026 0
3040 -0.2499356698889884 -0.06976973209085841 0
3041 0.197320712962212 0.1714790320794264 0
3042 0.1933544848719913 0.1688811927549343 0
3043 -0.01455431642771667 -0.2963056716168392 0
3044 0.2385002951957338 0.1075955152768867 0
3045 -0.44971627452809 0.3857484621116969 0
3046 0.129432170602318 -0.2370487363456284 0
3047 0.671472276471956 0.4800252609883702 0
3048 0.6317755529737625 0.5135176181494261 0
3049 0.1596678472543389 -0.211163358642234 0
3050 0.1568998507937416 -0.206251039625837 0
3051 0.1233044899160689 0.2284343730598473 0
3052 -0.2246047518219403 -0.2414918500393712 0
3053 -0.2391883964985675 -0.2526964327541715 0
3054 -0.2403917859554423 -0.2345279686703816 0
3055 -0.2393511536675843 -0.2716571503336196 0
3056 -0.2692717381812551 0.05877188453934682 0
3057 -0.01175426853902226 0.257241355842256 0
3058 -0.4797070908649876 0.1348688815182951 0
3059 0.2487492094971262 0.08131013547127383 0
3060 -0.2497446061411813 0.07570783876647305 0
3061 -0.2523375879928876 0.0447391899716431 0
3062 -0.2450895918823961 -0.06847589773134194 0
3063 0.2392995337919952 0.1257932842950382 0
3064 0.0015357235191002 0.2867667070421734 0
3065 -0.2401503524781282 -0.08581895567149393 0
3066 0.2157620146371151 -0.1644548857566445 0
3067 0.245247049845973 -0.101392412777141 0
3068 0.2403840718667876 -0.1013199025048467 0
3069 0.2430127190839168 -0.09698718354525816 0
3070 0.2381164605657378 -0.09682920647245778 0
3071 0.2458662315890746 -0.09252021730341715 0
3072 0.2426942589292457 -0.08821644659072277 0
3073 0.2463681665838311 -0.08347404115495063 0
3074 -0.3045580337759979 0.07627006652694424 0
3075 0.2752130116636192 0.06918349925969167 0
3076 0.2467661959481697 -0.07410304237265898 0
3077 0.2493327722153622 -0.07851741402089188 0
3078 -0.04818116307397304 0.5687460860590944 0
3079 0.2176771455217016 0.1899571393672567 0
3080 0.2288852106884183 -0.1314860160445972 0
3081 0.2238523005342528 -0.1306121090600106 0
3082 0.2267599804064861 -0.1267188438075406 0
3083 0.2301488317982917 -0.1227764730489173 0
3084 0.2539735636505804 0.1394622586955804 0
3085 0.0001775463546364641 -0.2552951033892675 0
3086 -0.09851339968158834 -0.2447085726849352 0
3087 -0.1003234205515861 -0.2400369202048046 0
3088 -0.09483395714410756 -0.2401615214183119 0
3089 0.1353852480851211 0.2223942933664101 0
3090 0.6521646852163905 -0.06375872156622153 0
3091 0.6723291819994675 -0.01900867967841496 0
3092 -0.09740815598846762 -0.2359443716254593 0
3093 0.2685109202629478 -0.03843048583695165 0
3094 0.2412129321610261 -0.08254110051700718 0
3095 -0.08521493451595327 -0.3270995256986984 0
3096 0.216712694688714 0.1524776900370944 0
3097 0.2116596954087898 0.1495718238759354 0
3098 0.2965861971842295 -0.1861939945071692 0
3099 0.3027157106592147 -0.1680660210958742 0
3100 0.3246994171037442 -0.157785947256569 0
3101 0.3168938419064708 -0.1351979514766611 0
3102 0.121548447189103 -0.4010270233141683 0
3103 -0.1053959202190407 -0.2390825970089513 0
3104 -0.01088716475778712 0.2659173223570989 0
3105 -0.6692151762042099 -0.5849518526479018 0
3106 0.03999619837454321 0.2881824695392892 0
3107 0.1086012294854284 0.2561734274426101 0
3108 -0.1450786990134961 -0.2139913336330147 0
3109 -0.108773294463647 0.2305289858438407 0
3110 -0.2097599528087272 0.1541603950382303 0
3111 -0.2060722592758821 0.1522821401218792 0
3112 0.06680190166720341 0.2494660239861962 0
3113 0.07176516292950764 0.2471379783300005 0
3114 0.06289098250417269 0.2527762534729397 0
3115 0.05848415183276426 0.2505725039165064 0
3116 0.05409732278129066 0.2524206025711149 0
3117 -0.2460984067947027 -0.1436670033734436 0
3118 0.2649941181205314 -0.02126429091862628 0
3119 0.2603049335677885 -0.02238104500187411 0
3120 0.2536785543229442 0.02883087827982955 0
3121 -0.1814923410541525 -0.6763849126126742 0
3122 -0.1305647163280044 -0.7000736399079355 0
3123 -0.09177326132552961 -0.658092314105873 0
3124 -0.04226733650092455 -0.6619664890925568 0
3125 -0.06096224391964848 -0.6148457566556306 0
3126 -0.3658636453867253 -0.05793266366004241 0
3127 0.2827737026005649 -0.01403975985704686 0
3128 -0.03446635020813747 0.2611462250662873 0
3129 -0.03163704905045512 0.2569050150165511 0
3130 -0.02664275820778615 0.2571572448780006 0
3131 -0.3807809333707258 0.1535181467883331 0
3132 -0.18737433721173 0.1878557978324475 0
3133 -0.1494494754824764 0.2190825691952667 0
3134 0.1845377891629328 0.1904747679920586 0
3135 0.1800656671501148 0.1865052696864518 0
3136 0.1752982179985927 0.1894499805855216 0
3137 0.1116152553922807 -0.2452882608814627 0
3138 0.2882092015776091 -0.04298965953225171 0
3139 0.2911360282822044 0.06001506804716495 0
3140 -0.1278988366777901 -0.2414624009247799 0
3141 -0.06221171979721864 0.2551679041546921 0
3142 -0.0594392356127672 0.2511292941743886 0
3143 -0.05445319782520215 0.2515048037820412 0
3144 0.3065192513351252 -0.2517386043701193 0
3145 -0.03718128297375507 0.2570531432039139 0
3146 0.07665104748323784 0.2539035138966089 0
3147 0.3333691751304392 0.119133375676215 0
3148 0.3149587512625586 0.1329856882516185 0
3149 -0.1289923497029111 0.2306425839907909 0
3150 -0.1313105907769003 0.2262426122908249 0
3151 0.2589350703444278 0.3124511079830121 0
3152 0.3246088383581458 -0.1163457572760987 0
3153 -0.09688155998081022 0.3129089764570568 0
3154 -0.08090222689711091 0.3227537956021306 0
3155 0.2508020400062128 0.04493742665231859 0
3156 0.156736386825991 0.212639976114017 0
3157 0.1533707681548541 0.2083606395555572 0
3158 0.177737106963115 0.5001903382673805 0
3159 -0.2427443738645706 -0.1060689369071218 0
3160 -0.2373543875538934 -0.1036030242772304 0
3161 -0.2382499819090258 -0.09806123501899819 0
3162 -0.1012500623408526 0.2439859695927145 0
3163 -0.09898461873372677 0.2389890436427758 0
3164 -0.1784866261865628 0.2021254585012408 0
3165 0.2515087142755347 -0.08330613707191016 0
3166 0.2225324911533794 -0.1396759070325286 0
3167 0.2177918896370614 -0.1386139558585039 0
3168 0.2142471780146274 -0.142872446039555 0
3169 0.3345021754933705 -0.08108442726948567 0
3170 0.2749143822364533 0.09690459737125336 0
3171 0.1758285484102165 -0.1893918158776292 0
3172 0.1792749804089439 -0.1859476321115081 0
3173 -0.192041200138776 -0.4910498256554956 0
3174 -0.2230268433606316 -0.4548488421625447 0
3175 -0.2653844491789572 -0.4463705581522739 0
3176 -0.2618829443629185 -0.01608956402278022 0
3177 -0.1345057725614302 -0.2210476320067474 0
3178 -0.6612013908545223 0.1026948223522341 0
3179 -0.1330984787677366 -0.2763082297763377 0
3180 -0.1569123953848109 -0.2775029579819368 0
3181 0.149393155537318 -0.211077830741905 0
3182 -0.1646307340164938 0.2025323746660551 0
3183 -0.1597624334471677 0.2037509033432213 0
3184 -0.1647360680118815 0.1981593957542665 0
3185 0.06600858628615081 -0.2987381998761935 0
3186 0.1213037595994284 0.2332338910166553 0
3187 0.1177432299730082 0.2291704011302822 0
3188 -0.224926770096596 -0.1375983890619466 0
3189 -0.2208250633707472 -0.1395177093362449 0
3190 -0.2254228986337421 -0.1326488913979064 0
3191 0.2376294055679858 -0.1054197615638841 0
3192 0.5166322713213286 -0.1647621580790739 0
3193 0.6589832664509859 0.20298108217685 0
3194 0.7034898181634137 0.1678525322996257 0
3195 -0.6592727512701063 0.6086661030847786 0
3196 0.07610295089197069 0.249161644930017 0
3197 0.008513802706819212 0.2687857381394491 0
3198 -0.004978663335863037 0.2818287434598832 0
3199 0.001204531147708089 0.2788429926990304 0
3200 0.06316973415961799 0.2579348319868735 0
3201 -0.183108507732073 0.1849709323532644 0
3202 0.2352751279150113 -0.123172537835001 0
3203 0.220186825688315 -0.1623480835302808 0
3204 -0.4582499145044501 0.1807616642502637 0
3205 -0.05533077262557115 -0.2732878843239925 0
3206 -0.03788490015016799 0.6686979268819107 0
3207 -0.08140009449939895 0.6443116890547695 0
3208 -0.123808370822842 0.676990414524588 0
3209 0.002146339375184586 0.6926384383625322 0
3210 -0.3610574722717817 0.1053129207687196 0
3211 -0.203149685234458 -0.1679622389269809 0
3212 -0.1984186253124858 -0.1697017035383936 0
3213 -0.2040867871716252 -0.1631003454656608 0
3214 -0.2423830587169106 -0.09577065163478504 0
3215 -0.2291319503605967 -0.1202920953073396 0
3216 0.256707927276082 -0.06460562278616108 0
3217 0.2542466243742632 -0.06075631588031855 0
3218 0.1583653257156733 0.2078196938277534 0
3219 0.08478587368607415 0.2476896942396714 0
3220 0.08803535909354827 0.2443797787652936 0
3221 0.08408339028189793 0.2431426924812187 0
3222 0.2641862930236576 -0.00740247034435709 0
3223 -0.04099097344084825 0.5194398960246015 0
3224 0.1894975921844614 -0.2019471469733491 0
3225 -0.359498816330952 0.1301550213664855 0
3226 -0.4108934436607141 0.14062350437685 0
3227 0.2588069777303678 -0.008775161695413362 0
3228 -0.02619224735979578 0.2766679948360432 0
3229 -0.1804416361947271 0.6816265006657001 0
3230 -0.2646995785369138 0.6589155331793737 0
3231 0.2759470645229773 -0.2608170463684498 0
3232 0.1388286308597285 0.2256984115172459 0
3233 -0.05687139190760043 -0.2485479753619476 0
3234 -0.06851675343267111 0.2685001524403103 0
3235 -0.06543116642265606 0.2746201830973339 0
3236 -0.05857281835798064 0.2746659705719515 0
3237 -0.2772541717091087 0.0169144777063687 0
3238 0.04865482533466105 -0.2692408123730273 0
3239 -0.197460188886502 -0.174721811509212 0
3240 -0.03980176332524993 0.2610528988109906 0
3241 0.2418480224073861 0.08959802332643926 0
3242 0.2408832460709253 0.08452295707781114 0
3243 -0.05056640666127953 0.3303077452444015 0
3244 -0.08058550080756469 0.2514397478998261 0
3245 -0.257784314971968 -0.05364698981555095 0
3246 -0.2136197566475858 -0.1538902933584793 0
3247 -0.2094367967831109 -0.1560830793218773 0
3248 -0.4786899847649576 -0.008189080737377747 0
3249 -0.487177899313492 0.03315956945453373 0
3250 -0.5044437225766513 -0.04191251300879974 0
3251 0.2753056039847851 -0.189344750059575 0
3252 -0.09328405097784398 -0.2454933103840257 0
3253 0.1490087768149799 -0.2285054381488182 0
3254 -0.2552479691137355 0.03142150160365582 0
3255 0.1408852518120096 -0.2327032959020283 0
3256 0.09750660662714759 -0.254860729999315 0
3257 0.4250597741597169 -0.7033280116190493 0
3258 -0.4732608608943013 0.3077858284256442 0
3259 0.3434859657281147 -0.2497212289579104 0
3260 -0.2627452123656746 -0.03344758490674007 0
3261 0.221574852774526 0.1393996417872441 0
3262 0.2600870624205305 0.04845406370375742 0
3263 -0.1092170676878556 -0.6079909663076869 0
3264 -0.1930205555043478 -0.1714789827809688 0
3265 -0.1948739608591898 -0.1673601585996778 0
3266 -0.05357666418990589 -0.2579444102591598 0
3267 -0.2296030596043532 -0.1302554199719594 0
3268 0.239484597333887 -0.1099793166006472 0
3269 -0.1038529151868046 0.2397314578121977 0
3270 0.02123895882128084 -0.2698082601998029 0
3271 -0.07548139144792135 0.2509947210177015 0
3272 -0.07367258608610307 0.2465921325079356 0
3273 -0.2606792883631485 -0.04995506040072509 0
3274 -0.2659751326327667 -0.05048095976258288 0
3275 -0.109085445255715 0.2397072223539994 0
3276 0.2304649175136398 0.13822113510198 0
3277 0.1767135094622204 0.2246355509588342 0
3278 0.2162553195935978 -0.1477243705493874 0
3279 -0.1298471178790286 -0.2225600864688614 0
3280 -0.1381662257160102 -0.2176320214075313 0
3281 0.1795522551291805 -0.1996102424089818 0
3282 0.5766170253858547 -0.7048497293573102 0
3283 0.602283458457392 -0.65997819980979 0
3284 0.6588734189944302 -0.6563342191372364 0
3285 -0.09808848094713216 0.2624810693579555 0
3286 -0.6275489503641939 0.2301898917661349 0
3287 0.3920947433389428 -0.401476232002274 0
3288 0.4197543768293243 -0.4433894444381263 0
3289 -0.1364297251011745 0.2256967881931788 0
3290 -0.1334376374223872 0.2212492747243191 0
3291 0.1824583285200781 0.2122406984579001 0
3292 -0.3590114419494785 -0.4245855928042628 0
3293 0.1840680549766967 -0.1869562843984323 0
3294 0.4422986467208787 -0.3994153744512056 0
3295 -0.1257545259158968 0.2261746625973703 0
3296 0.1120521500276715 -0.2722594604121438 0
3297 -0.1618789944132751 0.2479976354720673 0
3298 -0.1471976052225438 0.2418945583774399 0
3299 0.09983803866807421 -0.2814990265721581 0
3300 0.09602545091098381 -0.2911442076553191 0
3301 -0.3422655785507792 -0.4722820061158359 0
3302 -0.2086330730513014 -0.1611092953721673 0
3303 -0.0382801073424421 -0.2692685605196946 0
3304 0.1345922000653224 0.6216951977890847 0
3305 0.1337824695759546 0.6677696084555638 0
3306 0.1763807501343875 0.6459300125812062 0
3307 -0.03244506674304035 -0.5744166292367119 0
3308 -0.2986614515815929 0.4866536658318339 0
3309 -0.3298864729190617 0.4508959345771307 0
3310 0.500269863088226 0.2840497950382588 0
3311 0.463751567103192 0.3155408027508772 0
3312 0.1755785297852752 0.6983524103270266 0
3313 -0.02426830840878383 0.2616231862625331 0
3314 0.2262918162521123 0.125270956290397 0
3315 -0.07857578280799266 0.2472153972877433 0
3316 -0.6209908678174776 -0.4627680133141017 0
3317 -0.6678160899224468 -0.4473368473032884 0
3318 0.631287180809016 -0.1094881832788307 0
3319 -0.219693295602402 0.129160863335609 0
3320 0.2971204098437282 -0.4906034444545864 0
3321 0.1630376666685522 0.2065005148963662 0
3322 -0.5054361111383883 -0.5285822388929794 0
3323 -0.1718319020873172 0.5012347327220867 0
3324 -0.01333864148656946 -0.2651576992214429 0
3325 -0.2479456073495303 0.60775648020599 0
3326 -0.3148630181000369 0.6673680977948505 0
3327 -0.2543429921702404 0.0492237050831023 0
3328 0.4729354487680901 0.3665953843291818 0
3329 0.6216314790480451 0.2353286228116126 0
3330 -0.5774937784725185 0.2282265619663223 0
3331 -0.6490750618406925 0.2760295918501118 0
3332 -0.6232587724107663 0.3175073190413379 0
3333 -0.6729169867902233 0.3209684369727557 0
3334 -0.7015857371337928 0.2759942301194964 0
3335 0.2207848044908288 0.6241292455433362 0
3336 -0.6342832785802308 -0.4134896316474702 0
3337 -0.6030019771897427 -0.3769208729574339 0
3338 -0.6524870355208517 -0.3676843059707 0
3339 0.6438849785524209 0.02030390155818866 0
3340 0.6396906526218031 0.3332526478630438 0
3341 0.6725598632764316 0.303194941785268 0
3342 -0.4726305384069782 -0.4908532484519359 0
3343 -0.472201160534749 -0.3585423084240949 0
3344 0.02831826658557295 -0.264972972594983 0
3345 0.030420486511105 -0.2601435680001978 0
3346 0.02810632781435445 -0.2563537062674423 0
3347 0.0328410072614287 -0.263913975073943 0
3348 0.0334174557138234 -0.2561411005698686 0
3349 0.3996287332005407 -0.5741025131362506 0
3350 0.26475688458771 0.4899395244433923 0
3351 0.3169753344733579 0.473522417562629 0
3352 0.3298370272277479 0.4294643487591053 0
3353 0.3531735231113309 0.5008691015830024 0
3354 -0.3814863815597179 0.4596069182512826 0
3355 0.6489397985091676 0.3823317864376864 0
3356 0.2504015493997612 -0.5797156186351408 0
3357 0.2265434118814903 -0.6224359749265738 0
3358 0.1765155954153264 -0.6211834440506621 0
3359 -0.3975161929845427 0.5073412394306339 0
3360 -0.5544630555567174 -0.5190424928141029 0
3361 0.5195941090294222 0.3830203085545496 0
3362 0.4372323281528059 0.4021739865561773 0
3363 -0.3414729555867744 -0.6040726554049176 0
3364 -0.3227672518299892 -0.6504562941066905 0
3365 -0.2765782783625287 -0.6613473772620934 0
3366 -0.3102609298424539 -0.7012088386611617 0
3367 -0.4771586801866955 0.6131802810945857 0
3368 -0.4947693052186397 0.6674774384783295 0
3369 -0.4531912121271527 0.6983595152472353 0
3370 -0.5017296468103924 -0.264230624568932 0
3371 -0.4563556687208364 -0.5381267525367535 0
3372 0.5006433854247088 -0.5702358012425377 0
3373 -0.5258678222316546 0.6238680674163142 0
3374 0.586209406813901 0.497188553091414 0
3375 0.5960157722946313 0.5462174827234938 0
3376 0.6437905379944358 0.5621119586801415 0
3377 0.6059969432625181 0.595859539414628 0
3378 0.6569526091295645 0.6109518166097623 0
3379 0.6158875827986605 0.6475130948324366 0
3380 0.6639621160305449 0.6612060471039474 0
3381 0.5734295568503682 0.6782544974343301 0
3382 0.5673826340282877 0.6285550282082397 0
3383 0.5585665451973262 0.5793770159403281 0
3384 -0.5658422235612575 0.4549488881544757 0
3385 0.5964385457420721 -0.4798678315601468 0
3386 0.6450210909147303 -0.4771584022853714 0
3387 0.6661606523502301 -0.4339739588801577 0
3388 0.6965826944700511 -0.4760136043046095 0
3389 0.6398303018194474 -0.3932297903587936 0
3390 -0.2434412187289902 -0.6221387564265508 0
3391 -0.5210092979811247 -0.2166939732823949 0
3392 -0.4930465391307027 -0.1809863539131869 0
3393 -0.6530941681952059 -0.2357052449363305 0
3394 -0.6831524608994834 -0.2777767754585637 0
3395 -0.667975179381247 -0.1888548529829864 0
3396 -0.6679444026101342 -0.3239385562967091 0
3397 0.6561331746404824 -0.5606639085918659 0
3398 0.5165595256103007 -0.3531654911540588 0
3399 0.4875723675390153 -0.3130620774244049 0
3400 -0.529638222161969 0.4911327283728649 0
3401 -0.5567675363774156 -0.6576157990046702 0
3402 0.6995621235329429 0.02411808991403892 0
3403 -0.6430120065851983 0.5618536500215847 0
3404 -0.5574875840874269 -0.1234683845206915 0
3405 0.6978088860814992 0.5716858445176496 0
3406 -0.5720437495418831 0.7087654204081699 0
3407 0.5114887678831905 0.563263260393442 0
3408 0.1250767635422653 -0.7067589356322008 0
3409 0.1750486036998373 -0.7070374889355963 0
3410 0.2760209430893688 -0.7072898165082937 0
3411 -0.6719723236979528 0.7033093885208045 0
3412 -0.708270535282325 -0.6738460222054822 0
3413 -0.6722645261293434 -0.657710528510266 0
3414 0.3891244204517613 0.6133657612987017 0
3415 0.0554884699735427 -0.5793837561180881 0
3416 0.7066987298109382 -0.6750000000002773 0
3417 -0.5745838525603709 -0.7085380265977799 0
3418 0.7058518166125985 -0.5787039312543738 0
3419 0.7077961849726193 -0.1243221402587164 0
3420 0.7102094581306551 -0.1752426947637779 0
3421 -0.6986723667581709 0.5712584962162609 0
3422 0.7103587496136714 -0.2750000000017566 0
3423 0.7105447918391623 -0.3246392341712111 0
3424 -0.7069196126838727 0.4187732278337287 0
3425 -0.2504578337076775 0.06204360704667424 0
3426 -0.2489159962096181 0.05723249660075451 0
3427 -0.6193877221651662 -0.3304320083907497 0
3428 0.4443536615972449 0.4495019904996617 0
3429 -0.07841341802283563 -0.2477884439763853 0
3430 -0.228189822093799 0.1236837200176928 0
3431 -0.5709101665179904 -0.4718581250085275 0
3432 0.2543894898299875 -0.07866030531179227 0
3433 0.2048583256123498 -0.1555950893759056 0
3434 -0.1213003883774813 -0.2288364124864777 0
3435 0.09413319709281703 -0.2412593362629929 0
3436 0.4010950812275842 0.4354838901961089 0
3437 -0.2573575017983549 0.03615659652113144 0
3438 0.4698193007529053 -0.441561744199196 0
3439 -0.2738390555087317 0.01086755066572062 0
3440 0.1702084537857808 0.1952966983404189 0
3441 0.2561905948220161 0.05117405202620356 0
3442 0.2073931495700694 0.1624675151093261 0
3443 -0.2607402568856157 0.01489369237547806 0
3444 -0.2578705403004233 0.01009304629762764 0
3445 -0.2555588353675719 0.01459563782043777 0
3446 0.1385246725382837 -0.2189657573189715 0
3447 0.1421311972547451 -0.2152251030355287 0
3448 -0.4202052474474987 0.04375322954571637 0
3449 0.1873105556833855 -0.1832091223254423 0
3450 -0.2456746744167271 0.07982347658590411 0
3451 -0.243477382299651 0.08495605347188509 0
3452 -0.2632045705233682 0.06686037141238294 0
3453 0.3949924325788349 0.666783675862198 0
3454 -0.1088925932719419 -0.2426322246105738 0
3455 0.1165008786757794 -0.2445529286958863 0
3456 0.6328121331579496 0.1054721886184334 0
3457 -0.5043158943193409 -0.6614066553386144 0
3458 -0.2701288628547095 0.03266402366427192 0
3459 0.1762837085514069 0.2069637543166612 0
3460 0.264929627099827 0.06101064522538757 0
3461 -0.04853860147566067 -0.2588896107712303 0
3462 -0.05230407993574285 0.2562158710726594 0
3463 0.0814515655514578 -0.2478950875519957 0
3464 -0.2609775777151999 0.006064133385249941 0
3465 -0.2584166965572635 0.001240236482401927 0
3466 0.1913839673285536 0.178658249265388 0
3467 0.1922390681265036 0.1737047027479454 0
3468 -0.3455397892870016 0.6282560316649171 0
3469 0.01794800779277887 -0.2567597843563711 0
3470 -0.1768366333886112 -0.2039881373378273 0
3471 -0.06822625854744944 0.2455188644226636 0
3472 -0.08337061933874959 -0.2471570826069339 0
3473 -0.08497360723938126 -0.242991478574636 0
3474 -0.2587486991977057 0.0860760237435457 0
3475 -0.1489324470997826 -0.2174176792713088 0
3476 0.06927367162681151 -0.2532882613535362 0
3477 0.2188823938025824 0.1291154271614377 0
3478 -0.1290372684166082 0.2187055485211929 0
3479 -0.1677426875680216 0.190899172675777 0
3480 0.2138267536242475 0.1371614323326198 0
3481 0.1813735776957534 0.1780447420520718 0
3482 -0.1787716983258852 0.1816527452922525 0
3483 0.211305252134927 0.1411735413863796 0
3484 -0.1419321906403549 0.2117901915561919 0
3485 0.2282948287260463 0.1121331668181177 0
3486 0.2059527295429505 0.1489442915582927 0
3487 0.09929889869635206 -0.2335334614499586 0
3488 0.2236049276672048 0.1209182459112948 0
3489 -0.254071926460714 -0.002153252537685333 0
3490 -0.2113732557281798 0.1412045490060741 0
3491 -0.1211063189949896 0.2235399496035246 0
3492 -0.1491513327459726 0.205837249801236 0
3493 0.2338627697156882 0.09944094127242457 0
3494 0.1375357719135076 -0.2137215558757542 0
3495 -0.2355729763107686 0.09502180370205712 0
3496 -0.2280284056014973 -0.1122701866132139 0
3497 -0.1941413872865354 0.1639193502770993 0
3498 0.1846636697968088 0.1745841484716036 0
3499 -0.09940154963762511 0.2337787187329105 0
3500 0.1676885730846412 -0.190901106701711 0
3501 0.09479532041365826 0.2356274749199574 0
3502 0.09432927031517378 0.2405675482776145 0
3503 0.2301947029972768 0.1077705773956597 0
3504 -0.1883681816696573 0.1718714309131633 0
3505 0.05401608535822378 -0.248219079366286 0
3506 0.05287980670955321 -0.2533309360401548 0
3507 0.1879427116888279 -0.1709619845854922 0
3508 0.1923855545782104 -0.1716749349594342 0
3509 -0.2186326834522689 -0.1296353000104364 0
3510 0.1489004778446647 0.2058835989696508 0
3511 -0.06847966485101431 -0.244795857356733 0
3512 0.1411357688858496 0.2112246052272011 0
3513 -0.1971229747614646 0.160243117892405 0
3514 0.1708993131749111 0.1878203790353713 0
3515 -0.1641639755177134 -0.1950764930380863 0
3516 -0.1684335137859796 -0.1949959497717156 0
3517 -0.2237450198828984 -0.1206256934832912 0
3518 0.2002857965835774 0.1562054878278517 0
3519 0.2509014576551615 -0.04489316254451439 0
3520 0.107998696130694 -0.2297862643094903 0
3521 -0.2526694339083528 -0.03096832739129925 0
3522 -0.1845990970206538 0.1745231001805159 0
3523 -0.181104314792665 -0.1780714751014681 0
3524 -0.182420506121615 -0.1831267324927225 0
3525 -0.2534511993845576 -0.01165405181769223 0
3526 0.2470078029812422 -0.05863266828298384 0
3527 0.03061039570833472 -0.2520448673429943 0
3528 0.04042999407580584 -0.2510451321528347 0
3529 0.2542977321824114 0.01684248816611911 0
3530 -0.2509866201261071 -0.04019120760344966 0
3531 0.2535285462016679 -0.01645847139894399 0
3532 -0.2431225519778967 0.07268407681272385 0
3533 0.1372214178196862 0.2137429738826389 0
3534 0.160433888921543 0.1974171139783716 0
3535 -0.0311850202157169 -0.2522336319067063 0
3536 -0.2444860929143309 0.06818834693821979 0
3537 0.04517281341340566 -0.2505198181856454 0
3538 0.1167843155265658 -0.2262210032633284 0
3539 -0.1710021788267309 -0.1878105668145373 0
3540 0.152510168236232 0.2031457847211954 0
3541 0.2480585627121351 -0.05414574151291601 0
3542 0.1779915643183099 -0.1813430809000399 0
3543 0.2447560728733797 0.06804119264772732 0
3544 -0.2338360107348524 0.09951151665489227 0
3545 0.2533945814125322 -0.02658893795615707 0
3546 -0.174458604632675 -0.1845468151972971 0
3547 -0.2136544783769683 -0.1371650141327227 0
3548 -0.2300615825970824 -0.1080057245243157 0
3549 0.1846312174081763 -0.1743613443806139 0
3550 0.04027906035251468 0.251328266805539 0
3551 -0.2479642600385147 -0.05404274631628098 0
3552 0.1291380443993571 -0.2189517501233917 0
3553 0.06802804637908796 -0.2448428355673624 0
3554 -0.2298372634334981 0.1080394917180814 0
3555 -0.2352304401735197 0.1077951833838529 0
3556 0.2239183732626172 -0.1201085421142307 0
3557 -0.2001568795366337 -0.1565807121819968 0
3558 0.05870559970322207 -0.247797563393 0
3559 0.2481932670236578 0.05428187081511716 0
3560 0.2336753733671169 -0.09883133088477138 0
3561 -0.1569219139913065 0.2005023281599876 0
3562 -0.1208408631115827 -0.2235571104986664 0
3563 0.1251623757357371 0.2210031291188352 0
3564 -0.2257947801780191 0.1165507974898767 0
3565 0.1488442281733201 -0.2059164729221895 0
3566 -0.1123475373573274 -0.2280572165067445 0
3567 0.2353116890146154 0.09490755258759329 0
3568 -0.2530535995376658 0.02662450267643738 0
3569 0.1087445782420314 0.2302701470368743 0
3570 0.1643547552641114 -0.1950502475030479 0
3571 0.252143294064444 -0.03162813484391504 0
3572 -0.09498869023115049 0.2355715735468112 0
3573 -0.01661272683396937 -0.2533119412702945 0
3574 0.09483267407925634 -0.235642612207268 0
3575 -0.02614070403606997 -0.2526210056982435 0
3576 -0.0291284961090242 -0.257000917535983 0
3577 0.09956122210923492 0.2346276319745932 0
3578 -0.2471873589968537 -0.05867409429867768 0
3579 -0.01183167981461736 -0.2535043642078152 0
3580 -0.08183935758120203 0.2403591523061331 0
3581 0.0726580778491789 -0.243699821887361 0
3582 -0.2027665682654337 -0.1529686282009907 0
3583 0.2188699149851565 -0.1294041297316303 0
3584 0.2435646451321623 0.07264819411746243 0
3585 -0.2091554919296668 -0.1457774990793701 0
3586 0.2508352945788895 -0.04020937820665688 0
3587 -0.2141459149809337 0.1373455851192194 0
3588 -0.2190252432781348 0.1374313966226753 0
3589 0.1564051720564216 -0.2004642075362364 0
3590 -0.2876812873489716 -0.2487163203554478 0
3591 -0.2672988662087341 -0.2337905512696693 0
3592 -0.2732725849306256 -0.2104425719474823 0
3593 -0.2606834466138188 0.02358831211418594 0
3594 0.2358196528661603 0.1553065464712756 0
3595 0.1567468098822497 -0.2248745122507967 0
3596 0.1472766417117845 0.2152064032222958 0
3597 -0.04490728895076952 -0.2506227113512185 0
3598 -0.2580478584255954 -0.004401389461944779 0
3599 -0.2575237204981211 0.01929933198429469 0
3600 -0.03061467392889429 0.2522605066592603 0
3601 -0.201849604092053 0.191108915536599 0
3602 -0.2014629356712196 0.1979460621500626 0
3603 -0.1990259439422813 -0.1646516729348994 0
3604 -0.1636880589589025 -0.2222002779686884 0
3605 -0.1989262535505004 0.164921503070034 0
3606 0.2217203041217122 -0.2905020619598242 0
3607 0.09319035494293573 0.2454822777156825 0
3608 -0.4369197271721427 -0.3225672668042491 0
3609 -0.1588718018777687 -0.208512155824564 0
3610 -0.2258043177161846 -0.1279228927757539 0
3611 -0.07268306175424469 -0.2433668810071591 0
3612 0.2537601168496461 -0.01187190781107791 0
3613 -0.2991893943899504 0.03832556476888545 0
3614 -0.3036836170109292 0.04714327826982335 0
3615 -0.1517028660632953 0.2349998048223948 0
3616 -0.09124762929961491 0.2439023184556079 0
3617 -0.2401590535452208 0.1097125141653808 0
3618 -0.1988909796553225 -0.1881783200303831 0
3619 -0.2387010154428943 -0.1194819598110482 0
3620 0.6792078799111865 0.115685692823002 0
3621 0.2012879648886607 0.1745469458790257 0
3622 -0.2153621118753283 -0.1726730182916113 0
3623 0.253695614397682 0.08186573061497214 0
3624 -0.1270567215053132 0.2443840479492778 0
3625 -0.2606349395811295 0.1916644177949617 0
3626 -0.1218558078266425 0.2442480976653327 0
3627 0.2491298160873874 0.09551560232866163 0
3628 0.03858798022727611 -0.2557910200083474 0
3629 -0.1191086187673284 0.2311418133331596 0
3630 -0.3264041607825086 -0.1768132894910093 0
3631 0.1748621989169797 0.1940773433167463 0
3632 0.1746074422301531 -0.1846442502787289 0
3633 0.002375212065831457 0.2540265684339274 0
3634 0.2245135182117448 -0.5339704001263381 0
3635 0.1580658589418951 -0.2310677122961674 0
3636 0.1647453247348181 -0.2334736474171017 0
3637 0.2629068616654033 -0.03970648504510203 0
3638 -0.2739136788655365 0.001939269003330931 0
3639 -0.2388605382046625 0.08605686495866963 0
3640 -0.2421409335496891 0.09031529520198116 0
3641 0.2297138896457433 -0.1087312186387944 0
3642 0.4642832433720948 -0.3564226692728176 0
3643 0.3013338551384423 0.1129490260458068 0
3644 -0.1162630684737508 -0.2310535781829334 0
3645 0.3505309195215101 -0.6621639016940702 0
3646 -0.2437084206342253 -0.1516014209169579 0
3647 0.3086493161143197 -0.1229486430254063 0
3648 0.3339413520442206 -0.09911475063102942 0
3649 0.2038868419102268 0.18888495039332 0
3650 0.1469977340170617 -0.2156540617896512 0
3651 0.2449439221728461 -0.06852996134185414 0
3652 0.079952018237397 0.2454091232230103 0
3653 -0.17449855678427 0.1847039753285423 0
3654 0.2471290575747281 0.05884188991535141 0
3655 0.004593895911613118 0.2640806157751148 0
3656 0.2899419391012062 -0.05231977146122848 0
3657 -0.324631996046235 -0.3881752074148909 0
3658 -0.09282227393937087 0.2566743211639759 0
3659 0.262707216252118 0.0690417321273539 0
3660 0.01390383874169093 -0.2917461000871041 0
3661 0.2817508392782014 -0.02206657582310852 0
3662 -0.4254337081258405 -0.7083371612019915 0
3663 0.2159661261847231 0.2478159752973203 0
3664 0.2020779677626312 0.2560442033653179 0
3665 0.2137560522140285 0.4743144673562726 0
3666 -0.1828195367673694 -0.1970677116373137 0
3667 -0.1864977804197473 -0.202315478097422 0
3668 -0.2316636167453445 0.1486272409362847 0
3669 -0.06487563587884511 0.250671867195481 0
3670 0.2580153373885241 0.004017449442393808 0
3671 0.6750000000002773 0.7078131827200133 0
3672 0.267249601527327 0.007497201053693898 0
3673 0.2757288353906459 0.007417110672017309 0
3674 -0.05005291480268331 -0.2531933225391632 0
3675 0.2602372576292104 -0.114293600075157 0
3676 -0.3150255918853169 -0.06226356331988551 0
3677 -0.3213412441342153 -0.04097381017443603 0
3678 0.2539065824627207 -0.04916836314267374 0
3679 0.1100115271316031 0.2428514989751158 0
3680 0.1573662855302612 0.2255503958578459 0
3681 0.1817881499713733 0.2057884542503468 0
3682 0.1940125707135681 -0.1635587155459286 0
3683 0.1602809663555927 -0.2032205248176482 0
3684 0.2340081949998438 -0.1930680958749769 0
3685 0.2254658273409048 -0.2016362676137584 0
3686 -0.3279324148047433 0.1427235896524703 0
3687 -0.2666482915615123 0.0537993809288245 0
3688 0.1474593692956616 0.3239192196544399 0
3689 0.152604129520746 0.2272862270135855 0
3690 0.3704499441441112 0.004891973575215341 0
3691 -0.1881904621512592 0.1778118326788544 0
3692 0.2610161116141244 0.0223645665571851 0
3693 0.01906058843267036 0.2595703937630882 0
3694 -0.3274283804494665 0.1641762478923271 0
3695 -0.09820834446267132 0.2565038031007675 0
3696 -0.08281643811770918 0.3433419873245479 0
3697 0.3393208609341455 0.2285579370419922 0
3698 -0.1849812900803409 -0.1749437751673242 0
3699 0.2720567438013907 0.07568293808494106 0
3700 0.2208147236337591 -0.1345800319825797 0
3701 0.2012771870862108 -0.6642759816846825 0
3702 -0.2208823045454375 -0.1342809990531278 0
3703 0.3064488488583016 0.2141255691779086 0
3704 0.006802825066228578 0.2947972036270079 0
3705 0.2553754160887379 -0.03849165053983326 0
3706 -0.07716430895862007 0.2649219672843808 0
3707 0.1836968247297079 -0.2307641293488528 0
3708 -0.7087460687178724 -0.4244453801596802 0
3709 0.3256242688335227 -0.7062270998064039 0
3710 0.05082597064288905 0.6722346320070971 0
3711 -0.1627818078638276 -0.2112192832011368 0
3712 0.0159612833450623 0.2925886882386216 0
3713 0.5093529327438243 -0.2603379464523111 0
3714 0.02940333009600317 0.3404377717248199 0
3715 -0.1079478086071695 -0.2298530397562578 0
3716 0.02495879916500152 -0.4982860974664757 0
3717 0.09230916898705535 -0.2554430420786801 0
3718 -0.3040778417487365 0.06211323691448838 0
3719 -0.7046490449489418 0.4751837900309857 0
3720 0.2204566671269708 0.1660345270512333 0
3721 -0.2046886650835503 -0.1576241071496469 0
3722 -0.2669170251892092 0.04546274800842606 0
3723 -0.3161546639975402 0.0536991980419124 0
3724 0.1307062447048492 -0.2316214013884464 0
3725 -0.1229006477177613 -0.2431530817697555 0
3726 -0.04056696353933714 0.250237525292839 0
3727 0.1162846448073346 -0.2314043138598633 0
3728 -0.2404621060550458 0.156607387544358 0
3729 -0.1410914791983107 -0.2111583210376085 0
3730 -0.07760008852203143 -0.2606870416154305 0
3731 0.6653992692845254 -0.3486074998999536 0
3732 0.09503747039810528 0.3388066279471009 0
3733 0.1745547664101105 0.1846505569435424 0
3734 -0.2722411742375571 0.1142490604389872 0
3735 0.08717775028293807 0.2635771476540928 0
3736 -0.08740854632665193 -0.2595442739516857 0
3737 0.2464891659126432 0.07680378892912849 0
3738 0.2743126150286835 0.02090422230620306 0
3739 -0.2153064554273448 -0.1791649291231582 0
3740 -0.2380460370869953 0.2118664545748988 0
3741 0.1437763211399291 -0.2753388150641352 0
3742 0.275253604984099 -0.3676355331526677 0
3743 -0.00869663522286265 0.2615496811399824 0
3744 0.2932570392204412 0.2546336458903126 0
3745 -0.02605011966072191 0.2524384664943037 0
3746 0.1023058105638241 -0.2537118718423975 0
3747 0.06957680407245255 0.2783118201670522 0
3748 0.06319273993347868 0.2824903449951634 0
3749 0.2578538357084252 0.117536892534716 0
3750 0.2624139563570476 0.1107235190841172 0
3751 -0.08010889373359094 0.271414660439893 0
3752 0.3758848423608384 0.02760698872294704 0
3753 0.7066841893619534 0.4287858589412564 0
3754 -0.1397743486690217 -0.233407998716702 0
3755 0.1846961916475507 -0.3467545179414255 0
3756 0.2113623998356139 -0.3325732572489327 0
3757 -0.1586760412500156 0.208468221548753 0
3758 -0.520170360234402 0.3920987315804287 0
3759 -0.2906390720240178 0.2579552800433054 0
3760 -0.2281038232152812 -0.2245451089010816 0
3761 -0.2419719630712719 -0.2176514900212471 0
3762 0.19134840709239 0.202944056084175 0
3763 -0.1771432512406977 0.2790323881181254 0
3764 0.2484008154337574 -0.4910293829768353 0
3765 0.1010722037947574 0.3118706416481503 0
3766 -0.2330682754132318 0.1208149568338016 0
3767 -0.2571974130494235 -0.07180002989057831 0
3768 -0.2565866405719243 0.131833090211567 0
3769 -0.2612931119989907 0.1252811529378861 0
3770 0.6667889727247935 0.2529585870355084 0
3771 0.1962812287269455 -0.16800187907108 0
3772 0.7092068247265664 0.6750521712092183 0
3773 -0.3113088599437829 -0.438108584708883 0
3774 0.4256485408836409 -0.6154019502988373 0
3775 -0.1595725108386447 -0.1978983261604348 0
3776 0.4761200988763361 -0.6140266928785328 0
3777 0.3473799292641011 -0.0008379539279768901 0
3778 0.3063575977319973 0.187654772999509 0
3779 -0.2222865492737303 -0.1658516845151879 0
3780 0.252047318478697 -0.664432277169022 0
3781 0.2771671124387755 0.7081598570151616 0
3782 -0.1468399703164928 0.2329596892540795 0
3783 -0.6716052397209478 -0.705730308515106 0
3784 -0.7094838479500682 0.6736760884998243 0
3785 -0.08632278740617631 -0.3083742148699178 0
3786 -0.2352737112727827 -0.09479801399230704 0
3787 0.1518863989581389 0.2454689200074357 0
3788 -0.2517700915700155 0.05343925441514007 0
3789 0.04858967155782404 0.2892087424690801 0
3790 0.006010061910908399 0.2588875212665722 0
3791 -0.253354170917913 -0.01659370300669513 0
3792 -0.2009209736886116 0.1802448333497136 0
3793 -0.2369229967005922 0.127513243977514 0
3794 0.1943827091048223 0.1639538515269529 0
3795 0.3011637243155275 0.02731144283094602 0
3796 -0.6605608288733149 0.4319868685994978 0
3797 0.2242789927694968 -0.1586370990373665 0
3798 -0.2942706459258296 -0.4827636429418505 0
3799 0.08552487263919872 -0.2389936621233263 0
3800 0.08010407620939193 -0.2615831913291983 0
3801 0.2371683753203004 0.1025600348800295 0
3802 -0.1033536749388535 0.3523669410436039 0
3803 -0.1507631642545074 -0.2316801701065064 0
3804 0.001746154545834626 0.2729209957457063 0
3805 0.1043635236075805 0.2366546131825492 0
3806 0.275169211802312 0.001375548754464219 0
3807 0.2809167715275821 0.00405734886040015 0
3808 0.6755193551354662 -0.7088081569443421 0
3809 -0.216419115926465 -0.1413817631876202 0
3810 -0.2370028485672976 0.2247419687784009 0
3811 -0.2712907540154344 -0.04450463062401908 0
3812 0.01202278949466277 0.3434187552796868 0
3813 -0.296495321440922 0.162097979039479 0
3814 -0.1534163595566765 -0.2955267970291131 0
3815 -0.1503460506783877 -0.3114873632997469 0
3816 -0.1958097804889662 0.1682894812485146 0
3817 0.2428301622122274 0.1591295778562555 0
3818 0.009056516120152772 -0.265599744531506 0
3819 0.1256203773755752 0.2464661485334436 0
3820 0.2088934387743237 0.3225841450942802 0
3821 0.2525393996057594 0.06826991629952679 0
3822 -0.04013941314268746 -0.2504814095987459 0
3823 -0.05756828846770688 -0.3064018958786057 0
3824 0.2089419937662676 -0.2211099455245757 0
3825 -0.0505894727682456 0.2692935018972744 0
3826 0.06639287848638983 -0.2493304374565975 0
3827 0.1835496650985707 0.2742001758451483 0
3828 0.2540866072224604 0.01149023589376266 0
3829 -0.167803033739444 -0.307168054425504 0
3830 0.3256393317113164 -0.02198039484337772 0
3831 -0.1157522241497721 -0.2816882978277186 0
3832 -0.5251453933294078 -0.08624520200744408 0
3833 0.2007659859497347 -0.1713176930332246 0
3834 -0.1069485992970628 0.2353317223675532 0
3835 -0.7079269571677633 -0.4764978295918588 0
3836 -0.2433386606162881 -0.1331769265815483 0
3837 0.3024840118380864 0.03759730361386742 0
3838 0.3069000640569263 0.04751965107357695 0
3839 0.3161358394628552 0.05879147578837742 0
3840 0.3245981702728146 0.04335956451716641 0
3841 -0.1370343887710305 0.2138717543963206 0
3842 0.1294939982447821 0.3164904168960141 0
3843 -0.6684169634759757 -0.05096556484430242 0
3844 0.2053160288648226 -0.2661770349958803 0
3845 0.2072544202592829 -0.3067295115879108 0
3846 -0.4265211468524702 0.3007369721945201 0
3847 -0.08997638234278008 -0.2419193858310822 0
3848 -0.2539060511466964 0.002754057752020558 0
3849 -0.09770622096285321 -0.258597126978461 0
3850 0.02345914665353015 0.2567936558148965 0
3851 -0.1338792857932156 -0.2338538972128096 0
3852 0.2565864218051084 -0.03121771515179925 0
3853 0.2318511644260514 -0.1507699950644147 0
3854 0.2390842516930594 -0.1511561468724304 0
3855 0.3768012825989036 0.1867080792543931 0
3856 0.2043668451156881 0.2430211999044705 0
3857 0.4217503982032703 0.3508635062431065 0
3858 0.1994077224687756 -0.1991760403059554 0
3859 0.2580233744756987 -0.0972484474064288 0
3860 0.2688525691919251 -0.09705665989142695 0
3861 0.2693059490746511 -0.1051364681988246 0
3862 0.2749382734371246 -0.09180698389679702 0
3863 0.2687700286131988 -0.08976218532708372 0
3864 -0.05692176360927537 0.3090884296453257 0
3865 -0.0704118507961168 0.3080667417782754 0
3866 -0.06348132466696216 0.3203722462469438 0
3867 -0.2127811143743202 0.145970407365333 0
3868 0.2495321386937709 -0.1199889465244197 0
3869 0.2515564458623217 -0.1254252587583964 0
3870 0.2261785867781102 0.3083673646423761 0
3871 -0.2817960584916511 -0.05791730587235864 0
3872 0.4555249420204333 0.2657550531493534 0
3873 0.08632680126009988 0.2394372157843088 0
3874 0.5291592920259968 0.6577499615742579 0
3875 0.3451120485826416 0.385893119421466 0
3876 0.4142256685326213 -0.3590573134376983 0
3877 -0.2810276327049472 -0.09249165536348194 0
3878 0.269011059013365 0.1048436244725935 0
3879 -0.2339195927132953 0.1611503752929835 0
3880 0.0122512488501461 0.2535241194860564 0
3881 0.1988515165362306 -0.1892584166636421 0
3882 0.1825956557077564 -0.1823687951996116 0
3883 -0.2012078975972585 0.1743591091327808 0
3884 -0.08608972075779261 0.2386844326610476 0
3885 0.2350707647370174 -0.1462691547817149 0
3886 0.1682004654803185 -0.2266531469845695 0
3887 0.2955318185582534 0.1349876481421916 0
3888 0.2443979838632765 -0.1460726695755694 0
3889 0.1290434988836079 0.2184626093651801 0
3890 0.1700479445510734 0.3253590972126107 0
3891 0.6614032935297942 -0.2522608428601711 0
3892 -0.01476953603336639 -0.2576514962711801 0
3893 -0.2098886655615455 -0.1511059848735446 0
3894 0.2028007813375482 0.1600000968529263 0
3895 -0.05955376351724716 0.3878036174948108 0
3896 -0.05317365610666388 0.2798431147928078 0
3897 0.5173568233446917 0.0486966355305058 0
3898 -0.5131024541552556 0.09849077543021828 0
3899 -0.52976198436773 0.0531967759358796 0
3900 -0.1883508162347874 0.2186856372511505 0
3901 -0.2219683273792735 0.1847338954096975 0
3902 0.05648961076623069 -0.2569877051334863 0
3903 -0.02176741067432637 0.2582085849145404 0
3904 0.1249815858923096 -0.3211744318333609 0
3905 -0.2335838171159504 -0.09929366115864563 0
3906 0.2679601066379813 -0.07345472747762619 0
3907 -0.2508760889081611 -0.06155877509577957 0
3908 0.1765638312130477 -0.2360373397659505 0
3909 -0.359867332902821 0.4133938940271699 0
3910 0.2132940240833138 -0.1376264856524038 0
3911 0.1244680606057825 -0.2268680929592923 0
3912 -0.2796548137016963 -0.03690440855558245 0
3913 0.04849191301291587 -0.2546825965401053 0
3914 0.05476693247563256 0.2758194477832749 0
3915 -0.2800494419381166 0.441596993095537 0
3916 -0.06573161047633949 -0.3918685839964605 0
3917 -0.02638937736407741 -0.3829373808679298 0
3918 0.1931880757255588 -0.1980440174873174 0
3919 0.1412128604583609 -0.2109367190305871 0
3920 0.0592477773771088 0.2722805797450897 0
3921 -0.2053872068117706 -0.2306753445993014 0
3922 -0.3402610256529713 0.1120505459442529 0
3923 -0.2268539190719124 -0.1632018663482788 0
3924 -0.2810704511551249 0.7072736295207186 0
3925 -0.05807435301929337 0.2470280102683294 0
3926 -0.1065922360167965 -0.4132911353694119 0
3927 0.11149222648529 -0.2327450058196009 0
3928 -0.1872391500247529 -0.1827372010077933 0
3929 -0.2636623778436028 0.05825751303677691 0
3930 0.003830691693854626 -0.6629486025366941 0
3931 -0.2941219264400797 -0.1246939442475668 0
3932 -0.2949479955648933 -0.1373166536020521 0
3933 0.5238649487802766 -0.04121489075675076 0
3934 0.08947804330615018 0.2700180272595658 0
3935 0.1807911430105517 -0.2041166510600215 0
3936 0.2440937713444105 0.08109010409880422 0
3937 0.07686772665261545 0.3313719609260536 0
3938 -0.2059592339088546 0.2776724671950757 0
3939 -0.7058216593202028 0.02673647062699153 0
3940 0.2781978052579558 0.01681440813094845 0
3941 0.2537482998834566 0.002113007013036791 0
3942 -0.2796442492965884 -0.007802443016511226 0
3943 -0.2378417164801173 0.1323637784887352 0
3944 -0.04118888793764412 -0.2880516045057041 0
3945 -0.0365730449150455 -0.2951812059492876 0
3946 -0.02733493878112438 -0.293884976767416 0
3947 -0.04509796743894637 -0.2960598852338577 0
3948 -0.4750000000010169 -0.7120203986451631 0
3949 0.4748465833107086 0.7113566059822112 0
3950 -0.2484224630204434 -0.1365618531659449 0
3951 0.4533668668811526 -0.2753704251989679 0
3952 0.1310018199333103 0.2460577192019044 0
3953 0.05455701955118494 0.2477223594503277 0
3954 0.08301736731397331 -0.3286769192721679 0
3955 0.1823322230815604 0.1823931703953121 0
3956 -0.08693062117026418 0.2698446902952802 0
3957 0.3035478813383501 -0.1490676788787313 0
3958 0.2892747227256731 -0.1462797919283841 0
3959 0.2416459418624338 -0.1386044776266371 0
3960 -0.2361477212736757 0.1030245632515944 0
3961 0.2769691484340908 -0.06022409059136657 0
3962 0.2850876612490059 -0.06093967774442439 0
3963 -0.4515233654393936 -0.2760606427501864 0
3964 0.3561975677773617 -0.2198930129872979 0
3965 0.04058761307318846 0.2613130514817907 0
3966 -0.3271404054702515 -0.02742270236839761 0
3967 -0.261201806677088 -0.1984775510111698 0
3968 -0.257054344212396 -0.2155870707094343 0
3969 0.2076897494359705 0.1531970694333541 0
3970 -0.02264019111171701 -0.7060730951613774 0
3971 -0.4105331408019767 0.6828308541523478 0
3972 -0.1968980724146359 -0.3008254400274762 0
3973 -0.03153445552448383 -0.2643847660113978 0
3974 -0.2828946232960814 0.1633630411013598 0
3975 0.2467802114018343 0.1404143462517207 0
3976 0.2547904474094869 -0.1107604278676612 0
3977 -0.2256940824186369 0.2555599192310967 0
3978 0.3457857919668957 0.5971729302322278 0
3979 0.2077730496994172 -0.2532011005743428 0
3980 -0.06930406179450627 -0.2685647641543137 0
3981 0.2270721222260754 -0.1119323790455318 0
3982 -0.2501953177392933 0.04075415255962514 0
3983 0.0502175924235613 -0.3826572017470694 0
3984 -0.6688316801616598 0.6547275042697831 0
3985 0.1654522468583405 -0.2427160378952826 0
3986 0.1580936835385306 -0.245947957617574 0
3987 -0.1944000371278867 0.2634223103512788 0
3988 -0.03760283323225626 0.2743547582848199 0
3989 -0.1752344442170111 0.2196582027771288 0
3990 -0.1730497958017345 0.2277526979129251 0
3991 0.06792508100114804 0.2443383996543101 0
3992 -0.2483171004052583 0.1944257625826339 0
3993 0.1988269747067963 0.1905481625946938 0
3994 0.04436172525706886 0.2824530130555822 0
3995 -0.2418946609821598 -0.09121977661454539 0
3996 0.1597013410507518 0.2030736832600479 0
3997 0.2763352944730372 -0.01307898376689682 0
3998 0.2561568302994884 -0.1210811308596778 0
3999 0.2570541798305512 -0.1284692367176778 0
4000 -0.1090101172524825 -0.2579626067266934 0
4001 -0.1371906020860719 -0.2134696790956473 0
4002 -0.0356945381853524 -0.2560284167998108 0
4003 0.02470536260506576 -0.3992976676860016 0
4004 0.1038759353526933 0.2547200916333754 0
4005 -0.3422392301401647 -0.006693318120518163 0
4006 -0.7094530973521216 0.177956783738959 0
4007 0.1089061051718359 -0.2794622619538329 0
4008 0.1250877378544251 0.2879892060119922 0
4009 0.1284651435368731 0.3008712306656589 0
4010 0.2590054203408463 0.009130523457052276 0
4011 -0.2376919917954735 -0.2049346560445509 0
4012 0.2467102475949168 -0.2361349225928875 0
4013 -0.1626159141251159 0.4561690226548659 0
4014 0.4005014599308988 -0.6598635424724235 0
4015 -0.7099366342033244 -0.5724201714725725 0
4016 -0.5450354074856498 0.6669036644668342 0
4017 0.2507616988376016 0.03986939471245482 0
4018 -0.08154586799949298 -0.2400750030486173 0
4019 0.001850392358996128 0.3267928467244481 0
4020 -0.08018554501013853 0.2977082495713689 0
4021 -0.08331241521560899 0.3088079161485764 0
4022 -0.1294596491221869 -0.218519398140668 0
4023 -0.01584061531887236 0.253303306970752 0
4024 0.07251613876942783 0.2429808586772723 0
4025 -0.311789764733193 0.1685592961956479 0
4026 0.09111346269371214 0.2597775720375385 0
4027 0.1068044853596408 -0.2457966669979508 0
4028 -0.7127005104491699 -0.3186215263505681 0
4029 0.3636082694626104 0.07764492543984543 0
4030 -0.1770868251248116 -0.2503891419664098 0
4031 0.215337262123886 0.1733675823358866 0
4032 0.2213135847020262 0.1766388063053918 0
4033 -0.1641050328628235 0.1937873285266372 0
4034 -0.1436209508232911 0.2488762511811418 0
4035 -0.1537931864786524 -0.2652462663516764 0
4036 0.2130266192903336 0.1451300546488714 0
4037 0.2829863464353998 -0.04804479480075329 0
4038 -0.1505484098082938 0.2807224529426837 0
4039 0.4718245361173795 0.149959981738001 0
4040 -0.1195647938712069 0.6206161243326387 0
4041 -0.1067646884710048 -0.2344471133782451 0
4042 0.04810556141447678 0.5167934483300006 0
4043 -0.06469699809839868 0.2592158798325297 0
4044 -0.1961530137974414 -0.2327365791197833 0
4045 -0.08570471626041015 -0.2645124723531952 0
4046 0.09877435577822154 -0.3880131451239875 0
4047 0.1859916516084212 -0.1787096730632811 0
4048 0.4709766491148182 -0.1642604964187076 0
4049 -0.2367262388739496 0.1503445765965779 0
4050 -0.2132825165055176 0.334874106342975 0
4051 -0.2383258231455009 -0.1408400769044785 0
4052 -0.1018373256141784 0.2976391773504216 0
4053 0.1308642345682328 -0.2538321253051257 0
4054 0.1293629926617738 -0.2612755322473043 0
4055 -0.03480249367178139 0.3085250305578043 0
4056 -0.4596097037319524 0.05570545429404559 0
4057 0.2736150312715469 -0.06553087119573689 0
4058 -0.201655057820871 0.160799650525932 0
4059 -0.2564927759741478 -0.1023271307954849 0
4060 -0.09160963398837653 -0.2952440597473622 0
4061 0.7100363947653087 -0.4229691256406002 0
4062 0.1722070663744649 0.4549210064923281 0
4063 -0.1276461873295689 0.2826610299440339 0
4064 -0.1395913547446222 0.2979840865470934 0
4065 -0.2724893693553561 0.01990025074738727 0
4066 -0.09486376390704084 -0.2635698971114093 0
4067 -0.2704062042949539 0.09880009758104945 0
4068 0.0557548050562938 0.2839765365943616 0
4069 -0.2872710860092351 0.06796579513634771 0
4070 0.3192898803669127 -6.193147784213538e-05 0
4071 -0.2781283940320897 0.02942728357656226 0
4072 0.3218542254439045 -0.08863900276338485 0
4073 0.1072528396332626 -0.2538076941431793 0
4074 -0.3082090169426816 -0.02069067680115705 0
4075 -0.05339534739750133 -0.2965977496202659 0
4076 0.4736199117909249 -0.05498342875553028 0
4077 -0.03966738105976726 0.3194638929486298 0
4078 -0.1407587931856145 0.2386518507387816 0
4079 -0.3004692981923211 0.02193254300347981 0
4080 -0.7126544547110505 -0.1735943956458023 0
4081 -0.3106461083619093 -0.08302369979324445 0
4082 0.06617947658458145 0.4703550671410355 0
4083 -0.1665986015688538 -0.2137578884725226 0
4084 0.3050471425003158 0.09282931400301517 0
4085 -0.1267585304801395 -0.2700434596477158 0
4086 0.473963433760752 0.04534689172397117 0
4087 0.006491030316451766 0.2809062090489426 0
4088 0.1161880778959482 0.2249687392218269 0
4089 -0.1472426795760925 0.2119710141873492 0
4090 -0.1189265236754672 0.2602357363775513 0
4091 -0.1810807091526485 -0.2016426047343079 0
4092 0.1611580529861174 0.2722956534131887 0
4093 -0.1957269018165573 0.1994026010025535 0
4094 -0.1648493973472868 0.297386547068928 0
4095 0.03121743641792493 0.2519351863540527 0
4096 0.2343406417611191 0.1244744348473291 0
4097 0.2414153168551031 -0.09305036504355989 0
4098 0.1485077632082151 0.2106607616190194 0
4099 0.1327271132878252 0.2802103014109912 0
4100 -0.0718938883662075 -0.2954316042010898 0
4101 -0.3307295708548384 -0.1987707590221451 0
4102 0.274219445658242 -0.3328973401914863 0
4103 0.2635901395221373 0.09281008028857685 0
4104 -0.07045543871828733 0.2965765478520696 0
4105 -0.132928345023098 -0.2393950663843759 0
4106 0.7117709798331525 0.3247305462794039 0
4107 0.02883124118081004 -0.3759176612032612 0
4108 -0.1121524145978319 0.227304683367997 0
4109 0.2510782978332816 0.2220084777190589 0
4110 0.2425746849713048 -0.07253520169133276 0
4111 -0.1016660921544553 -0.2357404928060951 0
4112 0.7094626045435575 0.2757198337415655 0
4113 0.2740481055510005 -0.08461679103614253 0
4114 -0.2066145260366763 0.1872441403051797 0
4115 -0.02698208115159152 -0.2859470168320928 0
4116 0.09762742224237447 0.2431477504214405 0
4117 0.2314159382521238 0.1151962518469331 0
4118 0.2279254534355466 0.1212480178977844 0
4119 0.1799749487221737 0.259652584014549 0
4120 -0.09350451731901098 0.2400023664296118 0
4121 -0.01295626497336849 -0.2871694245895413 0
4122 -0.2343771827491602 -0.1073161859621531 0
4123 0.0542580851020838 -0.2628228878494873 0
4124 0.05274794701300428 -0.2674306065758038 0
4125 -0.06858251787109389 -0.2493814618165067 0
4126 0.3114264522278468 0.2378896440084763 0
4127 -0.1519772121027051 -0.2028413090107782 0
4128 -0.0004348327353751033 -0.2860560947784091 0
4129 -0.03559143249407472 0.4784360150230268 0
4130 -0.2255273610133959 0.2292257841910079 0
4131 -0.07582838775092342 -0.3039621325275538 0
4132 -0.1908219246964145 -0.1670633595009079 0
4133 0.03406360961345803 -0.3209997396579027 0
4134 -0.2486853038013238 0.06722309889466975 0
4135 0.05712385702196224 -0.4087356057747287 0
4136 0.2406595417598204 0.2921384374642855 0
4137 0.02310844759869576 0.2716841607503576 0
4138 -0.02078580145118965 0.2983997744614826 0
4139 0.01871738578101176 -0.2862978463193923 0
4140 -0.1729699234738568 0.1983146223563057 0
4141 0.2394863236524078 0.09448975140657936 0
4142 -0.4444961654732977 0.3425251796371078 0
4143 0.2693533311632812 -0.1733726478049691 0
4144 0.2841501229637007 -0.1745619751563933 0
4145 -0.1352813529845943 -0.3152256155075299 0
4146 0.210361286460302 -0.1406665318752901 0
4147 0.2054190514844693 -0.1719194349126748 0
4148 0.1089153836046295 0.2384044815622344 0
4149 -0.1673422220695019 0.2261693308438528 0
4150 0.03843891919367532 -0.2874160795405669 0
4151 0.04039269517462588 -0.2958969535703479 0
4152 -0.2401694494471209 -0.08124544621650498 0
4153 0.2484221771814515 -0.1385006999971062 0
4154 0.2299322098669752 0.2182530703364635 0
4155 0.2631839239958684 -0.1834485202832306 0
4156 -0.2260141571008066 -0.6632674837175619 0
4157 0.2571427036054136 -0.01923375840599137 0
4158 -0.1303431973051466 0.2496182656517353 0
4159 -0.3050299739560387 0.2002133194225413 0
4160 0.6610608764709515 0.06629053409530015 0
4161 0.3250000000015717 0.7145124193062504 0
4162 0.04478806230465578 0.2491637625846541 0
4163 0.1370124368614263 0.2182138565433993 0
4164 0.7176640380053217 0.4754855844226554 0
4165 -0.1220490423987339 0.2544387181551309 0
4166 0.1075506523924681 0.2675669361405252 0
4167 0.2670366677267427 0.07858158852034755 0
4168 -0.213934201496406 0.1669779369169989 0
4169 -0.2519305074646842 -0.02627271100642882 0
4170 -0.2095533727266872 -0.179211888290703 0
4171 0.07336723176151398 0.266990806105479 0
4172 0.2212797595554871 0.2257389975183629 0
4173 -0.3306797733679223 0.7097065743542592 0
4174 0.3568441765577753 0.0386452666381301 0
4175 0.7146409348620565 -0.02500000000267061 0
4176 -0.228959247238147 0.1194483162248222 0
4177 0.1230840910605958 0.7112407648818742 0
4178 0.1906661381416173 0.2640553807577082 0
4179 0.2524521099980529 0.05300078243712 0
4180 0.2763292795874529 0.2696634666967543 0
4181 0.03173766813594037 -0.28554190795305 0
4182 -0.284704408010593 -0.1430179170458017 0
4183 -0.3011904516197027 -0.1511425149989255 0
4184 -0.3189830899648649 -0.1597261055875395 0
4185 0.1692339810580962 0.218189726765347 0
4186 0.1038717594417101 -0.242247339077267 0
4187 0.2162846550897261 -0.1879012514729333 0
4188 0.6695647644635703 -0.6030248958157683 0
4189 -0.0116522103930504 0.2528646504321963 0
4190 -0.2773712033058126 -0.06283979404863836 0
4191 0.4224525501334654 0.7105200266429575 0
4192 -0.1115857646019857 0.252529193222265 0
4193 -0.2224960570365001 -0.2747818974494171 0
4194 -0.1676942170495035 -0.397911156183516 0
4195 -0.1783342355432537 -0.4342720670361264 0
4196 -0.266337136795862 -0.709080676884501 0
4197 -0.261375437070153 -0.07380625459301443 0
4198 -0.4013150811572967 0.3349538712953467 0
4199 -0.2313479522053885 -0.4153217482797481 0
4200 -0.230222186510543 -0.1157235582908509 0
4201 -0.2660415674889464 0.06347503863817928 0
4202 -0.2579937709726404 -0.1263497330490695 0
4203 -0.2573465674183578 0.1196060582698749 0
4204 0.2437453088784755 -0.2173310646157747 0
4205 0.05454589285334482 -0.286831027429083 0
4206 0.2845388368763824 0.0358733128120396 0
4207 -0.3928664756719718 0.04930986901993073 0
4208 0.1723983337525082 -0.1922937393875986 0
4209 0.2383301104876518 -0.08619875999443663 0
4210 -0.08049299328781304 -0.2647852900821466 0
4211 -0.07408888381455021 -0.2647741049160924 0
4212 0.2484629881413061 0.2055424491059215 0
4213 -0.3248916424714403 0.2073098784847772 0
4214 0.2746778023559457 0.04986586990235803 0
4215 0.1427502341544774 -0.2489323798077467 0
4216 0.1447221907717307 -0.2558797334603438 0
4217 -0.5802758448058751 0.05773970072632177 0
4218 -0.2527360271959903 -0.1160255399597565 0
4219 0.2853274942181573 -0.2397338599005405 0
4220 -0.2163782166262235 -0.1877052624906853 0
4221 0.06992756287051342 -0.289564457321418 0
4222 0.07694871207697486 -0.2974266290582272 0
4223 -0.2615266938198475 -0.002024022609074924 0
4224 -0.253326273165051 0.01106780899642164 0
4225 -0.2697024459279721 0.2925319621785231 0
4226 -0.03866236491788932 0.3812481974372 0
4227 0.5186658141133249 0.1612007062311852 0
4228 -0.1271232644952793 0.3076087526444435 0
4229 0.2663904781383112 0.1885996786497234 0
4230 -0.1064473901021685 0.2634068420601091 0
4231 -0.2646750202158992 -0.09022618762875592 0
4232 -0.001165683978996572 -0.2681354632136538 0
4233 0.2561846399306819 0.1503325098351221 0
4234 0.08505184970268871 -0.2901916382974123 0
4235 0.2302069331762939 0.1555096587889973 0
4236 0.1130806936144096 -0.3328365319723626 0
4237 -0.08597559009090833 -0.238488039033481 0
4238 -0.1686236990025994 0.1957597710149336 0
4239 -0.1807040346408453 0.2251829673726851 0
4240 -0.6070383272508084 0.1049470672888992 0
4241 -0.2579319432853958 0.07449685084279127 0
4242 -0.2669222954469438 0.1098482204139663 0
4243 -0.2722358092175295 0.1060331036257513 0
4244 0.2576823043970815 0.1065559177488376 0
4245 0.1663269161013229 0.2357398119260425 0
4246 0.2910376560318177 0.1765224237266221 0
4247 -0.2795110881139821 0.08681586587999661 0
4248 -0.2336164600543633 0.1356041584619058 0
4249 0.002296455166646004 -0.2931651618861415 0
4250 -0.0659259618611147 -0.2606390495186886 0
4251 0.2508627952124071 -0.1318142610669902 0
4252 -0.2206070587746307 0.124590783986233 0
4253 0.1438364038198097 0.2382998206507672 0
4254 -0.3062518741908357 0.006784946900057533 0
4255 -0.2854125944760157 0.09186568029371646 0
4256 -0.2963607418788743 0.05398973979565296 0
4257 0.2164624122869593 -0.1601239233907225 0
4258 0.2180651128092258 0.1370193919188445 0
4259 -0.05380059815646219 0.2472790699576902 0
4260 0.2794141418484848 0.2945287264137875 0
4261 0.6645725805678856 -0.513131516561416 0
4262 -0.12768178259211 -0.4410832713812258 0
4263 -0.320581312057245 -0.1235973018184614 0
4264 0.08302955865685727 0.2740583400177679 0
4265 0.2591339476191465 0.2109702042594391 0
4266 0.5347248657985453 0.0893635797972803 0
4267 -0.2878701870996686 -0.3773160318515629 0
4268 -0.316569501046812 -0.1083439094925438 0
4269 -0.7158913316820379 0.3250000000015717 0
4270 0.3322603443020633 0.1021287379229863 0
4271 0.153674240828063 -0.2286429999012827 0
4272 -0.00416366834386957 -0.2564918355648531 0
4273 -0.2886338453097749 -0.1663408397598853 0
4274 0.1891650559634408 -0.1752096310512519 0
4275 0.2517278713477399 -0.05268861295430258 0
4276 0.2297216540431675 -0.2138222778040577 0
4277 -0.1243686290417671 -0.2782380837714022 0
4278 -0.3046609297057826 0.08781580296683962 0
4279 0.02554753244816939 -0.2525880726999785 0
4280 0.26379258948425 0.009547639965029539 0
4281 -0.2401046381728952 0.08142098916374549 0
4282 -0.3918638103379387 -0.05051112986626554 0
4283 -0.01784666323708077 -0.2646765612830839 0
4284 -0.2092255652722828 0.149422780208317 0
4285 -0.09792856855081757 -0.303986650747893 0
4286 -0.3040553546714921 0.03095407164650898 0
4287 -0.1592959208144934 -0.2031279634051195 0
4288 0.1633278757451749 -0.2000566016387475 0
4289 -0.2209099728254378 0.1336816232974152 0
4290 0.2196844878301984 0.1710086932624994 0
4291 0.2547209653208325 0.03293517942673605 0
4292 0.08120484464905148 -0.2402388580928752 0
4293 -0.2748660039224629 0.04168561051948468 0
4294 0.2493884629518839 0.1622153062407009 0
4295 0.2895827394596241 -0.1599566822825454 0
4296 0.2123539448655971 0.6658670822408279 0
4297 -0.7104234912043323 0.1199231897166423 0
4298 -0.3297555123069655 0.05987395988867864 0
4299 0.2519694182126662 -0.05692916093036968 0
4300 -0.1715840987434807 -0.1921776504527557 0
4301 -0.2554624095896465 -0.03581095787725212 0
4302 0.315929259443919 0.1135417744193797 0
4303 0.205955391028007 -0.1971459140333437 0
4304 0.2190046611981478 -0.1961010196866473 0
4305 0.2534300066599648 -0.002406251491654912 0
4306 0.2757886017978289 0.01264117595160507 0
4307 -0.1901395205453617 0.2754871328468661 0
4308 0.1526477361989752 -0.2075569311582606 0
4309 0.242161842574889 -0.1579065250944076 0
4310 0.6731214488366005 -0.100000000002404 0
4311 -0.2444145155317226 0.3358383897387777 0
4312 -0.143452596696853 -0.2379283859021107 0
4313 -0.2429138629750865 -0.1379564766359661 0
4314 -0.2378847967957727 -0.1518615052469556 0
4315 0.01656228932755427 0.2526917050931425 0
4316 -0.360853762069905 0.6720420103974456 0
4317 -0.2133349814107555 -0.144740943103703 0
4318 0.2290670388139943 -0.1187372762270641 0
4319 0.5828449768567754 0.09650451844309441 0
4320 0.2142437800294621 0.1838007885789739 0
4321 0.2103436795680308 0.1936234717283717 0
4322 -0.02913269972761049 -0.2613923134992455 0
4323 0.2735403794723542 0.0887510950159274 0
4324 -0.006636329031431853 -0.3194081887820615 0
4325 -0.2319570363764377 0.1117046213108884 0
4326 -0.2512949886118039 0.03085393540061679 0
4327 0.08139409278932626 0.2397792654628215 0
4328 0.2120099996268971 -0.1475870711908413 0
4329 -0.2651037858042363 -0.02005456992080619 0
4330 -0.221929644079998 0.1403891051773666 0
4331 0.1804297300139262 0.3510398769421272 0
4332 0.1614231030525177 -0.2071688494867426 0
4333 0.03605904450618108 0.2551159242823731 0
4334 -0.00932035901675329 -0.2571989074064082 0
4335 -0.2525012005323916 -0.2423175644638051 0
4336 -0.2683610372493252 0.04939979969466282 0
4337 -0.07488488847318811 0.4892095104770945 0
4338 0.2487201561099956 0.06694601958285877 0
4339 -0.1928645486711774 0.1711816570110205 0
4340 -0.4028476960114333 -0.6719890161739486 0
4341 0.3398418302937636 -0.1774207984269753 0
4342 -0.2368288060132827 0.2395321816330522 0
4343 0.06249269809490524 -0.2498792870970812 0
4344 -0.2516548818256091 0.2786381007634038 0
4345 -0.02367379153675968 -0.2565082888101288 0
4346 0.1072547485857674 0.300466763426677 0
4347 -0.2140956464540064 0.1557718672801513 0
4348 0.2949102010537545 -0.2832921693311044 0
4349 -0.1749882481263011 0.1890537781772938 0
4350 -0.3113718027079391 -0.2612829400793918 0
4351 0.4997277831770521 -0.2060815252543198 0
4352 -0.2757770576735168 -0.04587644894663336 0
4353 -0.1213771244574706 0.2276538458074313 0
4354 -0.06203231958182566 0.2635413354248897 0
4355 -0.128849450717517 0.2227691875925009 0
4356 -0.3519028599762917 -0.2102270856339854 0
4357 -0.2564568261022847 0.02380558109072601 0
4358 0.08481477385930078 0.3753646156415669 0
4359 0.196742344153454 0.2017780991503618 0
4360 0.1946376620643093 0.2088044838658485 0
4361 0.2584997042686175 -0.04118134870350124 0
4362 -0.6699453584106569 0.5237313755516733 0
4363 0.004420586097763008 0.3571840395804379 0
4364 -0.01240642858865892 0.3588754018716621 0
4365 0.2864352824872273 -0.0002280201553420448 0
4366 0.02296182629609753 -0.2565898271815816 0
4367 -0.0723588431842225 0.2427341698508665 0
4368 -0.2460952165440915 0.08829081105382298 0
4369 -0.3706538224143214 -0.1268733141742673 0
4370 -0.1841543164420352 0.1805602166808538 0
4371 -0.03409224253871304 -0.2680305054075759 0
4372 -0.2395007976330608 0.09415822091170831 0
4373 -0.3074716781779348 -0.1310034942482837 0
4374 -0.1915710123266596 -0.1996239351444608 0
4375 -0.0591335228319091 -0.2699474493293916 0
4376 0.2715401713493913 -0.07835091327390248 0
4377 0.1165703056024585 0.2487332794144165 0
4378 -0.03430711545009422 0.7120721954226579 0
4379 -0.121570514764174 -0.2480914619757806 0
4380 -0.1560296513713556 0.2054529849614998 0
4381 -0.2477024097215795 0.05339468285583779 0
4382 -0.186742739587523 -0.2089831989369428 0
4383 -0.1397983529446302 -0.2213007195968566 0
4384 -0.1500613202611143 0.7090638529417733 0
4385 0.2453868422374645 -0.07950354825122848 0
4386 -0.2788043720708739 0.1001356334448516 0
4387 -0.6689266400376419 0.2394098905855246 0
4388 0.2693128416789238 -0.03379441627983729 0
4389 0.3772185850271346 -0.08272746047325098 0
4390 0.2342960880357179 0.1069416498342031 0
4391 0.09929147120217796 -0.3279159542557521 0
4392 -0.2139902134429022 0.1612597553946446 0
4393 0.2499297478519056 -0.0617753282354076 0
4394 0.2034232283458211 0.1949158121643769 0
4395 -0.006727590455718341 0.2580431893605932 0
4396 0.0762922414461798 0.2773289438252635 0
4397 -0.02149225378103724 0.2750230724543712 0
4398 0.01594890713036133 -0.2529666407534744 0
4399 0.1633008133042597 0.1933870783425628 0
4400 0.01222241693715882 -0.5777187051521355 0
4401 -0.1783967659228539 -0.1853880622611255 0
4402 0.1370480532180568 -0.2591265042485972 0
4403 -0.2426895477360788 -0.07244672815368423 0
4404 -0.2696404466888671 0.1213161848248978 0
4405 0.1217998581965664 -0.2629704244147266 0
4406 0.02508933367989827 -0.2682479566029033 0
4407 0.1674558095403967 -0.2513346816374347 0
4408 0.391481639000598 0.01175906589486132 0
4409 0.1069507929745578 -0.2341813803088941 0
4410 0.3610902799054734 0.457407403245517 0
4411 0.1686084631421842 -0.207924085754675 0
4412 -0.2635977051525515 0.1338904489829367 0
4413 -0.275918555386112 0.00635135542701612 0
4414 0.3457869850316329 0.5486585127733479 0
4415 0.2416780726631588 0.1218818558296047 0
4416 0.1936257504787156 -0.1758265815862058 0
4417 0.1885497548381102 0.1757536581687143 0
4418 -0.2491557336364602 -0.04456472533138508 0
4419 -0.1076848125887691 0.3071233927421557 0
4420 -0.1925155005525483 -0.194334649304105 0
4421 -0.1972529644991849 -0.1929395831343083 0
4422 -0.2327133506971899 -0.2895824940813922 0
4423 0.1734682932547429 -0.1962323973867931 0
4424 -0.239037522612098 -0.1649033853412222 0
4425 -0.263236162518702 -0.04626292906610997 0
4426 0.01193713419464062 -0.2525222293654301 0
4427 -0.002785637935115586 0.5015426875298928 0
4428 0.244833922838702 -0.369516733927037 0
4429 0.2571772032214432 0.02108212918939303 0
4430 0.0664121906196736 -0.4977303710908655 0
4431 0.2229735401789235 0.128655236481346 0
4432 0.4954326784094445 0.01883901273589011 0
4433 -0.2337350972539887 0.1402607903250181 0
4434 0.1468926351715598 0.2506303089144228 0
4435 -0.2754534860763387 0.02393283982423128 0
4436 -0.0357750577184675 -0.3052104932255524 0
4437 -0.2443021058336282 0.1065695758713653 0
4438 0.1013429402180602 0.2714139604420324 0
4439 0.1341387807719598 -0.2202403386905621 0
4440 -0.3249245030487377 -0.0985904058434549 0
4441 0.2622305996115586 0.03635746533198935 0
4442 -0.07084995024212078 0.3332755994441068 0
4443 0.09010687623051786 -0.2597071432491193 0
4444 0.1220133055636195 0.2507530334397047 0
4445 0.1161002252748915 0.3081503772110449 0
4446 0.1347015501492255 0.2510187973005308 0
4447 0.2047188834498156 -0.1481881660186687 0
4448 -0.1029513206744095 0.2358164950330177 0
4449 -0.5967013141729185 0.6724058580272581 0
4450 -0.3411726071986137 -0.02377055099117298 0
4451 0.271874232539303 0.2020463362909065 0
4452 -0.6739637843500529 -0.4015716603273646 0
4453 0.2011100448976015 -0.1939604412218978 0
4454 -0.01507306984544877 -0.6185745641670298 0
4455 0.1523622656313553 -0.2836453059920567 0
4456 0.1552127428732306 -0.2541340754822657 0
4457 -0.2495577296807018 0.1535852666182874 0
4458 0.2345734136669853 -0.09467308456632542 0
4459 -0.2804415118013109 -0.04494890691386681 0
4460 0.2565689129833504 0.158470494702792 0
4461 -0.006728592816745521 -0.3952873836425946 0
4462 -0.08017118199611939 -0.2441601626475235 0
4463 0.2252534380566361 -0.1657966521102487 0
4464 0.1073399306852171 0.2340222839783986 0
4465 -0.2050336155214767 0.1485826220703998 0
4466 0.2685510984685133 0.06974102581829385 0
4467 -0.006170932373561937 0.3938292200129638 0
4468 0.08897789909169479 0.2769496607360359 0
4469 -0.1720253613203459 0.2368762700489545 0
4470 -0.5187319441251049 0.0009172200062966771 0
4471 0.03250120851445181 0.265849231175023 0
4472 0.2906336462152763 -0.01080703978633177 0
4473 0.2400568296770293 0.08068527027127409 0
4474 -0.7129074614985196 -0.03575383873132502 0
4475 0.06159019661773752 -0.2666388923996242 0
4476 -0.2022893837163851 0.1529417921175517 0
4477 -0.1817089258228665 0.1992360570976308 0
4478 0.2958434890945111 0.05326713948715606 0
4479 -0.2543755221175232 -0.1321864659284908 0
4480 0.2373322865246105 0.164445855545184 0
4481 0.2800676335987917 -0.1528768541070102 0
4482 -0.2047142771410652 0.1827278851918108 0
4483 0.2523388283674378 0.02514461726819797 0
4484 -0.1411543522089487 -0.2151195937977667 0
4485 0.2899499573546508 0.1957261030462615 0
4486 0.2288392938210987 -0.1604208017156466 0
4487 0.2897744268511651 -0.06893492679602908 0
4488 -0.3122153817834351 0.2663737144543146 0
4489 -0.099104203675451 -0.3360174687027389 0
4490 -0.2518533163283617 0.09843779330506008 0
4491 0.01282804186208284 -0.2850329510760515 0
4492 -0.1095440899427194 -0.3507330109819198 0
4493 -0.2458698095047618 -0.1675618839028492 0
4494 -0.0534147139780462 0.2730944053153059 0
4495 0.2562761657776018 -0.02367782742633873 0
4496 -0.07825215809712033 -0.4111656292392333 0
4497 -0.0496064546346856 0.2531559575706539 0
4498 -0.09807980734002175 0.4633399356402464 0
4499 -0.2716055188674217 0.04553047935095293 0
4500 -0.1758268797005426 -0.7180660704931278 0
4501 -0.7114986426535506 -0.1191987921068159 0
4502 -0.2530185235370415 0.01760513210509062 0
4503 -0.0192042046529404 -0.2561719511575548 0
4504 0.2200246821091671 -0.2186795450820852 0
4505 0.3601220238918353 0.1650908432999705 0
4506 0.09850329128899346 -0.2377726475836314 0
4507 -0.2481198386340193 0.1023946387558141 0
4508 -0.2571904610133789 -0.01402815880319452 0
4509 -0.2675622162950284 0.06925191518230302 0
4510 0.09637960010912916 0.2680386506186339 0
4511 -0.2183317955368198 0.1910965965273094 0
4512 -0.2526594768230311 -0.05344292181334871 0
4513 0.03577830638876155 0.7155277772085901 0
4514 -0.2028122707680216 0.1646306913044012 0
4515 0.2023373969667209 -0.152030371402385 0
4516 0.190240457679788 0.1667210187869708 0
4517 -0.02029445825402578 -0.2683742137601136 0
4518 -0.6696886782418372 0.06258454101794089 0
4519 -0.09709361718511964 -0.2696758532662249 0
4520 0.3655373368728183 0.09723843454053346 0
4521 0.6702177128918074 0.529901226968466 0
4522 -0.7133974596214219 -0.7133974596213229 0
4523 -0.7133974596213229 0.7133974596214219 0
4524 0.7133974596216553 -0.7133974596217543 0
4525 0.04068124999826242 0.2967259880967802 0
4526 0.005995383042779044 -0.2629120709150762 0
4527 0.007354690019438406 -0.2579960494144547 0
4528 -0.01222100466280261 -0.3711484039150827 0
4529 -0.02115044600933035 -0.3008939964169562 0
4530 0.2642341319005824 -0.108893137973244 0
4531 -0.2009766303094983 -0.1603987579216569 0
4532 0.2652611204578378 0.06565570472085298 0
4533 0.7134993310387753 0.7134993310386756 0
4534 -0.6693344588324777 0.3944024072234901 0
4535 -0.09943263745596082 -0.2326750783588369 0
4536 -0.1519485008679619 0.2924532126668942 0
4537 0.0281509859811684 0.2685493409886828 0
4538 0.5751082880455889 0.7196313627483913 0
4539 -0.1365413557284579 0.2178406410232298 0
4540 0.6773820435121056 0.352605673795478 0
4541 0.2087971614555794 -0.1695610356827341 0
4542 -0.06734071935281992 -0.2740497443652339 0
4543 0.2549490967780597 0.03728181188756351 0
4544 0.1906671490644186 -0.2069050585886603 0
4545 -0.1004976184863434 -0.2634176907390802 0
4546 0.3559271944452617 0.2060547243124346 0
4547 0.06661614697934196 0.2897455037819358 0
4548 -0.1676347074928659 -0.1989839449548256 0
4549 -0.2143469078312425 -0.1964358657392847 0
4550 -0.05306864767438302 -0.2484119328712571 0
4551 0.297037579167054 -0.0432990638668897 0
4552 -0.1961323181724363 0.2251129574674451 0
4553 -0.1292941238788307 -0.2270112548562587 0
4554 0.2567539075204525 -0.00446962203799675 0
4555 -0.2855007399544797 -0.0513338684292482 0
4556 0.1447764653122884 -0.2124084254921332 0
4557 0.2027990078917193 -0.1595281442756981 0
4558 -0.3220996587875758 -0.08771486610167284 0
4559 -0.2260134236020723 -0.123907972559701 0
4560 0.1789281496382739 0.2155393713756991 0
4561 0.03287289439000487 -0.2680479210456596 0
4562 -0.07496551572411643 0.6037806133602028 0
4563 -0.345249767126411 -0.0523875377777805 0
4564 0.05629217950815223 -0.2946195345832298 0
4565 -0.2506714895736659 -0.05701006571326466 0
4566 0.1716780230574281 0.1917099734372757 0
4567 -0.2819543947212926 -0.01279101344060792 0
4568 0.2556495240621421 0.06496837822642568 0
4569 0.2631870343764786 0.1541614503415537 0
4570 -0.6749436967353144 -0.5468396791932391 0
4571 -0.2547098082133002 0.1589555364298293 0
4572 -0.1346519485310234 -0.2675135167884177 0
4573 -0.355334904653211 -0.2309393242864171 0
4574 0.09052345282508961 0.2412705714658883 0
4575 0.2587925913509743 0.03449376922874257 0
4576 -0.211353250346736 -0.2384754371034565 0
4577 0.196189000504132 -0.1594790913142535 0
4578 -0.1482270095637281 -0.2048213359551369 0
4579 0.26847191925638 0.03261329241989452 0
4580 -0.002899118529594055 -0.2529596622686 0
4581 0.1260801856223299 -0.2298548824352815 0
4582 0.125255496542702 0.2250921325647671 0
4583 -0.1484865764001035 -0.2360599851301189 0
4584 0.09303873512119623 -0.4111963382044462 0
4585 -0.2616958072811396 0.07532729952890919 0
4586 -0.06780820738522088 -0.2539443909449484 0
4587 -0.2969481526790616 0.06862135400323983 0
4588 0.1048718450209609 0.260439866610661 0
4589 0.1133318442552473 0.23135560812914 0
4590 0.6777049972218412 -0.3000000000016641 0
4591 -0.2963695856569099 0.09415479117304684 0
4592 0.002843177317140619 0.304029499424616 0
4593 0.1568008816278154 0.3105543810467175 0
4594 0.273763353326987 -0.07212770764998992 0
4595 0.2562348703739787 -0.2523525374214082 0
4596 -0.1933569584521167 -0.1632350493974495 0
4597 -0.01538071483070676 -0.2618170641853534 0
4598 0.1360796021568307 -0.2308116994671001 0
4599 0.1137940552116139 -0.4981563803559313 0
4600 -0.2727686791712108 -0.1056892232082773 0
4601 -0.5478878600298211 -0.03921991278581093 0
4602 -0.2488254093037989 -0.06597562448619303 0
4603 -0.2175947436645368 -0.1371502781016938 0
4604 -0.6317491409974518 -0.6684657730043921 0
4605 0.07759389731194789 -0.266222015862869 0
4606 -0.1769802814742994 0.2925643904905457 0
4607 0.1244278282288801 -0.2201384341873212 0
4608 -0.1244470470692687 0.2488941548146078 0
4609 0.2118912136948211 -0.1656363937313728 0
4610 0.02590984739312761 0.2519014343584649 0
4611 -0.5917920098796673 0.4310338690886724 0
4612 -0.1756496337414774 -0.2218882883227312 0
4613 -0.3410700809530514 0.1308565330764917 0
4614 -0.1551994454533755 -0.2369168135543053 0
4615 0.2528780548424167 0.04889765901987316 0
4616 0.2916385352192111 0.00185405538202432 0
4617 0.1964201175813256 -0.1722615854373113 0
4618 0.305583378213476 -0.1102139138451828 0
4619 -0.4876928150283852 -0.0746730298836356 0
4620 -0.2455534202314614 0.07563098857273615 0
4621 -0.2471751872220838 0.07216713602069749 0
4622 0.2306003459372266 0.1235565073636547 0
4623 -0.05122372448329484 0.3179881579343697 0
4624 0.006296768085422181 -0.2683843791542428 0
4625 0.2565040095816175 -0.05715256575669628 0
4626 0.1948798186620093 0.2440567735929585 0
4627 -0.1962493556931552 -0.2013473472624556 0
4628 -0.3508434889702189 -0.6861526193252412 0
4629 -0.08777484744140887 0.2653209561527112 0
4630 -0.06120211362670341 -0.2481986061039961 0
4631 -0.2211000153681679 -0.144152574973476 0
4632 -0.06759913672433016 -0.3034596632346123 0
4633 -0.3361998630818504 -0.03968639970796706 0
4634 0.3039139145424056 0.1243419296856182 0
4635 -0.2610724032306189 -0.02031504870982887 0
4636 -0.4406359340168034 0.148754133096607 0
4637 -0.2067245141916327 -0.1531485128266035 0
4638 0.2379993140679029 0.174242911878968 0
4639 -0.0693883368111512 -0.2630377192873106 0
4640 -0.422605770837397 0.7207058107567514 0
4641 0.02174544790730621 -0.2913486811951074 0
4642 0.3044527544325756 -0.3343093318940425 0
4643 -0.08125180060688948 0.2442938553862362 0
4644 -0.2123058362933244 0.1998301455566855 0
4645 0.1710152876535979 -0.2325008026330246 0
4646 -0.0258211887258303 0.3075238722040289 0
4647 -0.1476778486258117 -0.3279853909302134 0
4648 -0.3560671428703204 0.001515681032329356 0
4649 0.1463562809011774 -0.2319626583844362 0
4650 -0.7221748130567206 -0.2749999999982434 0
4651 0.6119555481315748 -0.2727324409947337 0
4652 0.03897403737753805 -0.5395033564708274 0
4653 0.1137428865599357 0.2442512664996885 0
4654 -0.1894184622462532 -0.1744204049702858 0
4655 -0.2615578254212547 -0.1048126046551364 0
4656 0.3804556598387456 0.527208100206761 0
4657 0.1188333896361778 -0.2702268929592728 0
4658 -0.2800247734205689 -0.1001319021560304 0
4659 0.08975307028779111 0.3919744577359309 0
4660 0.30540253387201 0.400153554363111 0
4661 -0.2066744084953729 -0.3155330898494144 0
4662 -0.4680844525990436 -0.1517142216613506 0
4663 0.2827743458803937 -0.09370501717923263 0
4664 0.1142253974129784 -0.2483043441555646 0
4665 -0.1720308631060393 -0.1967322129039988 0
4666 -0.3099629719670876 0.2428950283054825 0
4667 -0.1497690939261914 0.2095755010236386 0
4668 0.6791173528000936 -0.2000000000020342 0
4669 -0.0495598351722175 0.2853040920486417 0
4670 0.2392727536078089 -0.146674818405806 0
4671 0.3659516885672771 0.4203746098235539 0
4672 0.3780523363598849 -0.2117724013337276 0
4673 0.2715408634554632 0.1114020362212183 0
4674 -0.5135737263570251 -0.1370630391105969 0
4675 0.1705204996469732 -0.2383090413130751 0
4676 -0.2441708308437472 -0.3075031665663598 0
4677 -0.2602250769814871 0.08211365928395373 0
4678 -0.2587156048310076 0.07834077588941969 0
4679 0.3710728972673708 0.1186872783326765 0
4680 0.1876397891760627 0.2084472908864336 0
4681 0.07990378369024666 -0.2445226680851447 0
4682 -0.1168995026516689 0.7167181445058739 0
4683 -0.4177106474044772 0.3702815241302635 0
4684 -0.257504533638365 -0.008878117800487082 0
4685 0.2669293531928283 0.01139060990748106 0
4686 -0.09370455682665306 -0.2354655431128132 0
4687 -0.002362300883627657 0.2526457285716835 0
4688 -0.2224770168707479 -0.1299696008145544 0
4689 -0.2916336900504085 -0.04753104774259443 0
4690 0.2288622091220845 -0.1698349845715385 0
4691 -0.1232144367039756 0.3569992861519315 0
4692 -0.2792077753382571 -0.06911627884702179 0
4693 -0.1690427946784216 0.2448035326598304 0
4694 -0.4953235452610214 0.06701081425748925 0
4695 -0.2827179923087184 -0.003424179986582676 0
4696 0.1907846726045905 -0.2999003096345095 0
4697 -0.2986441728811267 0.1043031620962598 0
4698 -0.1847095489287122 -0.1796027522364616 0
4699 0.2511658845444772 0.03153640025277427 0
4700 0.3043062247413439 -0.04461497538153843 0
4701 0.2638694795790433 -0.08784122407551695 0
4702 0.1019939767361044 -0.2391746098712066 0
4703 -0.04549486472653217 -0.3898945969742078 0
4704 0.2253119471535862 0.1379095250731193 0
4705 -0.1817608538539478 -0.3016067329554829 0
4706 0.003627632870551133 -0.2536295496103767 0
4707 0.1447382987397322 0.2122629979602306 0
4708 -0.1360461036176751 0.2484688819951343 0
4709 -0.2629094499509018 -0.1158521811165271 0
4710 0.04095373936329 0.2663929995917592 0
4711 0.1176013646471201 0.2541567655259495 0
4712 0.1431762683447323 -0.4573851820987369 0
4713 -0.1328905941876147 -0.229800709813609 0
4714 -0.2570547918264805 0.005484545044503526 0
4715 0.3340408039340897 -0.03238025268356348 0
4716 0.2746847535288732 -0.1086035471910375 0
4717 0.05615180015955067 -0.2514725073195258 0
4718 0.07536358388892499 0.2452454673604241 0
4719 -0.185931588614035 -0.2576345478197045 0
4720 -0.6495340031929278 -0.6235371294324682 0
4721 0.7215664500143624 0.1240934527286533 0
4722 -0.4840363297218418 0.401591019640634 0
4723 -0.2537912257040137 -0.06967836540211286 0
4724 0.2379871906803094 0.08701614480048739 0
4725 0.02996036707794789 -0.2924911542124878 0
4726 -0.2698239750901641 -0.02012356317227919 0
4727 0.3414332057295225 0.04596160156245413 0
4728 0.05895643579771816 0.2463559160435561 0
4729 0.236513740235259 -0.1015447264264592 0
4730 0.2042289676100844 0.1561937689407945 0
4731 -0.3151232765664961 -0.2845571023433779 0
4732 -0.1386010274810674 -0.242386084356869 0
4733 -0.2250316908059819 -0.3845231039026403 0
4734 0.01144821469433482 0.3139138141055079 0
4735 -0.1058159246226806 -0.2624801174411642 0
4736 0.2409357370555336 0.4475074668234694 0
4737 -0.04463582555524576 0.2486089401238863 0
4738 0.01910423639971371 0.2556787250489198 0
4739 -0.03974868508829676 0.2540419802349478 0
4740 -0.2124529275968033 -0.2020320213762514 0
4741 0.1560342842167274 0.2047603982605185 0
4742 0.2263033708417306 -0.1231025921506888 0
4743 -0.3232238026200625 0.01547347538016547 0
4744 0.3077465103444502 0.1038862712765368 0
4745 -0.09024989555865517 -0.2629216112764645 0
4746 -0.2001322770288176 -0.1981080921594625 0
4747 -0.234159043493791 0.1678554971385566 0
4748 -0.456830312390758 -0.1883624293196889 0
4749 0.6788924544927465 -0.3984795300388322 0
4750 0.3494942390196253 0.1058662250682321 0
4751 -0.2526814727431663 -0.1271081276655539 0
4752 -0.2532662263007117 -0.2295608727657116 0
4753 0.239831304441981 0.2224850173706296 0
4754 0.2016505823158307 0.1998571026442314 0
4755 -0.2244566065705395 0.3571297963757457 0
4756 0.1449671004249487 -0.2650956624594639 0
4757 0.38080249643403 0.1490916149073554 0
4758 0.0973193407172596 0.2385125906159413 0
4759 -0.161397477168124 0.2004607859651532 0
4760 0.4985355492330308 0.6784478451172923 0
4761 0.3316354831003393 -0.0101296968535606 0
4762 0.2798129759665209 0.05246079149850741 0
4763 -0.2459435534667641 -0.1591476285020794 0
4764 -0.08912350659315063 0.2406418797742861 0
4765 0.354612288147828 0.2464828671344346 0
4766 0.254055448362243 -0.04186170277524928 0
4767 -0.3245829974993728 0.2283341858355852 0
4768 -0.02865840132005726 -0.317712826127562 0
4769 -0.255019404511539 0.0999618019059029 0
4770 -0.2461782121862538 0.05991934490588405 0
4771 -0.07399302633865311 0.2684988952090994 0
4772 0.05051658919975237 0.2526032422953927 0
4773 0.09200143087962677 0.265175642301437 0
4774 0.1097290768536568 -0.2490885024248704 0
4775 0.2471051220935128 -0.1286490007915689 0
4776 -0.1250272186062813 -0.2251223086269346 0
4777 0.1323849950249547 0.2198832713916668 0
4778 -0.2176385503751637 0.1679996738394058 0
4779 -0.5974222301020973 -0.6759117652137858 0
4780 0.5877805478975682 -0.2376600348359935 0
4781 -0.2580961655321202 -0.1193206716664998 0
4782 -0.06780159213609692 0.3611017771804197 0
4783 0.3671254885783802 -0.1015130051654234 0
4784 -0.3353656414592887 -0.2458542492843703 0
4785 -0.487271457040786 0.7149420279066178 0
4786 0.3962127693678322 0.3955890113933797 0
4787 -0.2485436726766978 0.04462410703515128 0
4788 -0.2823725188322709 -0.4113899917390946 0
4789 0.6818133719661793 0.3993438238167324 0
4790 0.03655563866471915 0.2635306590981481 0
4791 -0.1822341326576427 0.7188519340028795 0
4792 0.0424706899451223 0.3040980659538284 0
4793 -0.2389502089154898 -0.09396652819933565 0
4794 0.2691075942867561 0.09296887719342289 0
4795 -0.1089125693719481 0.2688648117215821 0
4796 0.2221550399973703 0.2378161458675725 0
4797 0.2481659219076838 -0.06630092737168236 0
4798 -0.3102274520295388 0.01509975126927021 0
4799 0.3124077189927398 -0.3066079332973372 0
4800 0.1912033492209944 0.3321654642735956 0
4801 -0.2450284434607244 0.2190540698796908 0
4802 -0.2532305362225184 0.07351085334014705 0
4803 0.09967789447094597 0.360939130594223 0
4804 -0.175493514497063 0.2005957944881418 0
4805 -0.01940716750941869 0.3790353844586785 0
4806 0.199417097706958 0.1629872185456411 0
4807 0.141022282360494 0.2493947861503465 0
4808 -0.268027536463821 -0.04678769544925877 0
4809 0.2192597947031175 0.1823680603629409 0
4810 0.1730295666609305 0.2305327543558551 0
4811 0.1027028069487605 -0.2354729327049675 0
4812 0.2625547392179596 -0.1327934711077577 0
4813 -0.06145169983600899 -0.2732531063328692 0
4814 0.00532831832603025 0.2711154118507468 0
4815 0.237219362765814 0.09825947729884914 0
4816 -0.07565561465894725 -0.2452694789329387 0
4817 0.2172418775723871 -0.2752080676797716 0
4818 0.2760416099011684 0.08261065131553895 0
4819 -0.2250975011027583 -0.1463087327492529 0
4820 0.2985344969251982 -0.1198799617622756 0
4821 0.1697606302255865 -0.2115818939848856 0
4822 -0.03199725698676168 -0.3671846446118034 0
4823 -0.1236221467695354 0.2589158714264016 0
4824 0.1757627357732152 -0.1988683011726646 0
4825 0.05939083778320397 0.2785140071472533 0
4826 -0.2746897399896723 0.03293507621005481 0
4827 0.3504961339227641 0.682155528993625 0
4828 -0.2223123767591783 -0.1880178233850928 0
4829 -0.6381772594384417 0.6760456419575421 0
4830 -0.3196736072174591 0.1832209571964614 0
4831 0.03614272103249896 -0.2654926021147727 0
4832 -0.0061153285085815 -0.2912116498009157 0
4833 -0.1456524846203243 0.2368091654707193 0
4834 0.2550170400596118 -0.03487038699730971 0
4835 0.06222517162523186 0.2490763080510432 0
4836 0.0950925476870646 0.6814374782403521 0
$EndNodes
$Elements
9672
1 1 2 10 1 1 21
2 1 2 10 1 21 22
3 1 2 10 1 22 23
4 1 2 10 1 23 24
5 1 2 10 1 24 25
6 1 2 10 1 25 26
7 1 2 10 1 26 27
8 1 2 10 1 27 28
9 1 2 10 1 28 29
10 1 2 10 1 29 30
11 1 2 10 1 30 31
12 1 2 10 1 31 32
13 1 2 10 1 32 33
14 1 2 10 1 33 34
15 1 2 10 1 34 35
16 1 2 10 1 35 36
17 1 2 10 1 36 37
18 1 2 10 1 37 38
19 1 2 10 1 38 39
20 1 2 10 1 39 40
21 1 2 10 1 40 2
22 1 2 10 2 2 41
23 1 2 10 2 41 42
24 1 2 10 2 42 43
25 1 2 10 2 43 44
26 1 2 10 2 44 45
27 1 2 10 2 45 46
28 1 2 10 2 46 47
29 1 2 10 2 47 48
30 1 2 10 2 48 49
31 1 2 10 2 49 50
32 1 2 10 2 50 51
33 1 2 10 2 51 52
34 1 2 10 2 52 53
35 1 2 10 2 53 54
36 1 2 10 2 54 55
37 1 2 10 2 55 56
38 1 2 10 2 56 57
39 1 2 10 2 57 58
40 1 2 10 2 58 59
41 1 2 10 2 59 60
42 1 2 10 2 60 3
43 1 2 10 3 3 61
44 1 2 10 3 61 62
45 1 2 10 3 62 63
46 1 2 10 3 63 64
47 1 2 10 3 64 65
48 1 2 10 3 65 66
49 1 2 10 3 66 67
50 1 2 10 3 67 68
51 1 2 10 3 68 69
52 1 2 10 3 69 70
53 1 2 10 3 70 71
54 1 2 10 3 71 72
55 1 2 10 3 72 73
56 1 2 10 3 73 74
57 1 2 10 3 74 75
58 1 2 10 3 75 76
59 1 2 10 3 76 77
60 1 2 10 3 77 78
61 1 2 10 3 78 79
62 1 2 10 3 79 80
63 1 2 10 3 80 4
64 1 2 10 4 4 81
65 1 2 10 4 81 82
66 1 2 10 4 82 83
67 1 2 10 4 83 84
68 1 2 10 4 84 85
69 1 2 10 4 85 86
70 1 2 10 4 86 87
71 1 2 10 4 87 88
72 1 2 10 4 88 89
73 1 2 10 4 89 90
74 1 2 10 4 90 91
75 1 2 10 4 91 92
76 1 2 10 4 92 93
77 1 2 10 4 93 94
78 1 2 10 4 94 95
79 1 2 10 4 95 96
80 1 2 10 4 96 97
81 1 2 10 4 97 98
82 1 2 10 4 98 99
83 1 2 10 4 99 100
84 1 2 10 4 100 5
85 1 2 10 5 5 101
86 1 2 10 5 101 102
87 1 2 10 5 102 103
88 1 2 10 5 103 104
89 1 2 10 5 104 105
90 1 2 10 5 105 106
91 1 2 10 5 106 107
92 1 2 10 5 107 108
93 1 2 10 5 108 109
94 1 2 10 5 109 110
95 1 2 10 5 110 111
96 1 2 10 5 111 112
97 1 2 10 5 112 113
98 1 2 10 5 113 114
99 1 2 10 5 114 115
100 1 2 10 5 115 116
101 1 2 10 5 116 117
102 1 2 10 5 117 118
103 1 2 10 5 118 119
104 1 2 10 5 119 120
105 1 2 10 5 120 6
106 1 2 10 6 6 121
107 1 2 10 6 121 122
108 1 2 10 6 122 123
109 1 2 10 6 123 124
110 1 2 10 6 124 125
111 1 2 10 6 125 126
112 1 2 10 6 126 127
113 1 2 10 6 127 128
114 1 2 10 6 128 129
115 1 2 10 6 129 130
116 1 2 10 6 130 131
117 1 2 10 6 131 132
118 1 2 10 6 132 133
119 1 2 10 6 133 134
120 1 2 10 6 134 135
121 1 2 10 6 135 136
122 1 2 10 6 136 137
123 1 2 10 6 137 138
124 1 2 10 6 138 139
125 1 2 10 6 139 140
126 1 2 10 6 140 7
127 1 2 10 7 7 141
128 1 2 10 7 141 142
129 1 2 10 7 142 143
130 1 2 10 7 143 144
131 1 2 10 7 144 145
132 1 2 10 7 145 146
133 1 2 10 7 146 147
134 1 2 10 7 147 148
135 1 2 10 7 148 149
136 1 2 10 7 149 150
137 1 2 10 7 150 151
138 1 2 10 7 151 152
139 1 2 10 7 152 153
140 1 2 10 7 153 154
141 1 2 10 7 154 155
142 1 2 10 7 155 156
143 1 2 10 7 156 157
144 1 2 10 7 157 158
145 1 2 10 7 158 159
146 1 2 10 7 159 160
147 1 2 10 7 160 8
148 1 2 10 8 8 161
149 1 2 10 8 161 162
150 1 2 10 8 162 163
151 1 2 10 8 163 164
152 1 2 10 8 164 165
153 1 2 10 8 165 166
154 1 2 10 8 166 167
155 1 2 10 8 167 168
156 1 2 10 8 168 169
157 1 2 10 8 169 170
158 1 2 10 8 170 171
159 1 2 10 8 171 172
160 1 2 10 8 172 173
161 1 2 10 8 173 174
162 1 2 10 8 174 175
163 1 2 10 8 175 176
164 1 2 10 8 176 177
165 1 2 10 8 177 178
166 1 2 10 8 178 179
167 1 2 10 8 179 180
168 1 2 10 8 180 9
169 1 2 10 9 9 181
170 1 2 10 9 181 182
171 1 2 10 9 182 183
172 1 2 10 9 183 184
173 1 2 10 9 184 185
174 1 2 10 9 185 186
175 1 2 10 9 186 187
176 1 2 10 9 187 188
177 1 2 10 9 188 189
178 1 2 10 9 189 190
179 1 2 10 9 190 191
180 1 2 10 9 191 192
181 1 2 10 9 192 193
182 1 2 10 9 193 194
183 1 2 10 9 194 195
184 1 2 10 9 195 196
185 1 2 10 9 196 197
186 1 2 10 9 197 198
187 1 2 10 9 198 199
188 1 2 10 9 199 200
189 1 2 10 9 200 10
190 1 2 10 10 10 201
191 1 2 10 10 201 202
192 1 2 10 10 202 203
193 1 2 10 10 203 204
194 1 2 10 10 204 205
195 1 2 10 10 205 206
196 1 2 10 10 206 207
197 1 2 10 10 207 208
198 1 2 10 10 208 209
199 1 2 10 10 209 210
200 1 2 10 10 210 211
201 1 2 10 10 211 212
202 1 2 10 10 212 213
203 1 2 10 10 213 214
204 1 2 10 10 214 215
205 1 2 10 10 215 216
206 1 2 10 10 216 217
207 1 2 10 10 217 218
208 1 2 10 10 218 219
209 1 2 10 10 219 220
210 1 2 10 10 220 11
211 1 2 10 11 11 221
212 1 2 10 11 221 222
213 1 2 10 11 222 223
214 1 2 10 11 223 224
215 1 2 10 11 224 225
216 1 2 10 11 225 226
217 1 2 10 11 226 227
218 1 2 10 11 227 228
219 1 2 10 11 228 229
220 1 2 10 11 229 230
221 1 2 10 11 230 231
222 1 2 10 11 231 232
223 1 2 10 11 232 233
224 1 2 10 11 233 234
225 1 2 10 11 234 235
226 1 2 10 11 235 236
227 1 2 10 11 236 237
228 1 2 10 11 237 238
229 1 2 10 11 238 239
230 1 2 10 11 239 240
231 1 2 10 11 240 12
232 1 2 10 12 12 241
233 1 2 10 12 241 242
234 1 2 10 12 242 243
235 1 2 10 12 243 244
236 1 2 10 12 244 245
237 1 2 10 12 245 246
238 1 2 10 12 246 247
239 1 2 10 12 247 248
240 1 2 10 12 248 249
241 1 2 10 12 249 250
242 1 2 10 12 250 251
243 1 2 10 12 251 252
244 1 2 10 12 252 253
245 1 2 10 12 253 254
246 1 2 10 12 254 255
247 1 2 10 12 255 256
248 1 2 10 12 256 257
249 1 2 10 12 257 258
250 1 2 10 12 258 259
251 1 2 10 12 259 260
252 1 2 10 12 260 13
253 1 2 10 13 13 261
254 1 2 10 13 261 262
255 1 2 10 13 262 263
256 1 2 10 13 263 264
257 1 2 10 13 264 265
258 1 2 10 13 265 266
259 1 2 10 13 266 267
260 1 2 10 13 267 268
261 1 2 10 13 268 269
262 1 2 10 13 269 270
263 1 2 10 13 270 271
264 1 2 10 13 271 272
265 1 2 10 13 272 273
266 1 2 10 13 273 274
267 1 2 10 13 274 275
268 1 2 10 13 275 276
269 1 2 10 13 276 277
270 1 2 10 13 277 278
271 1 2 10 13 278 279
272 1 2 10 13 279 280
273 1 2 10 13 280 14
274 1 2 10 14 14 281
275 1 2 10 14 281 282
276 1 2 10 14 282 283
277 1 2 10 14 283 284
278 1 2 10 14 284 285
279 1 2 10 14 285 286
280 1 2 10 14 286 287
281 1 2 10 14 287 288
282 1 2 10 14 288 289
283 1 2 10 14 289 290
284 1 2 10 14 290 291
285 1 2 10 14 291 292
286 1 2 10 14 292 293
287 1 2 10 14 293 294
288 1 2 10 14 294 295
289 1 2 10 14 295 296
290 1 2 10 14 296 297
291 1 2 10 14 297 298
292 1 2 10 14 298 299
293 1 2 10 14 299 300
294 1 2 10 14 300 15
295 1 2 10 15 15 301
296 1 2 10 15 301 302
297 1 2 10 15 302 303
298 1 2 10 15 303 304
299 1 2 10 15 304 305
300 1 2 10 15 305 306
301 1 2 10 15 306 307
302 1 2 10 15 307 308
303 1 2 10 15 308 309
304 1 2 10 15 309 310
305 1 2 10 15 310 311
306 1 2 10 15 311 312
307 1 2 10 15 312 313
308 1 2 10 15 313 314
309 1 2 10 15 314 315
310 1 2 10 15 315 316
311 1 2 10 15 316 317
312 1 2 10 15 317 318
313 1 2 10 15 318 319
314 1 2 10 15 319 320
315 1 2 10 15 320 16
316 1 2 10 16 16 321
317 1 2 10 16 321 322
318 1 2 10 16 322 323
319 1 2 10 16 323 324
320 1 2 10 16 324 325
321 1 2 10 16 325 326
322 1 2 10 16 326 327
323 1 2 10 16 327 328
324 1 2 10 16 328 329
325 1 2 10 16 329 330
326 1 2 10 16 330 331
327 1 2 10 16 331 332
328 1 2 10 16 332 333
329 1 2 10 16 333 334
330 1 2 10 16 334 335
331 1 2 10 16 335 336
332 1 2 10 16 336 337
333 1 2 10 16 337 338
334 1 2 10 16 338 339
335 1 2 10 16 339 340
336 1 2 10 16 340 1
337 1 2 20 17 17 341
338 1 2 20 17 341 342
339 1 2 20 17 342 343
340 1 2 20 17 343 344
341 1 2 20 17 344 345
342 1 2 20 17 345 346
343 1 2 20 17 346 347
344 1 2 20 17 347 348
345 1 2 20 17 348 349
346 1 2 20 17 349 350
347 1 2 20 17 350 351
348 1 2 20 17 351 352
349 1 2 20 17 352 353
350 1 2 20 17 353 354
351 1 2 20 17 354 355
352 1 2 20 17 355 356
353 1 2 20 17 356 357
354 1 2 20 17 357 358
355 1 2 20 17 358 359
356 1 2 20 17 359 360
357 1 2 20 17 360 361
358 1 2 20 17 361 362
359 1 2 20 17 362 363
360 1 2 20 17 363 364
361 1 2 20 17 364 365
362 1 2 20 17 365 366
363 1 2 20 17 366 367
364 1 2 20 17 367 368
365 1 2 20 17 368 369
366 1 2 20 17 369 18
367 1 2 20 18 18 370
368 1 2 20 18 370 371
369 1 2 20 18 371 372
370 1 2 20 18 372 373
371 1 2 20 18 373 374
372 1 2 20 18 374 375
373 1 2 20 18 375 376
374 1 2 20 18 376 377
375 1 2 20 18 377 378
376 1 2 20 18 378 379
377 1 2 20 18 379 380
378 1 2 20 18 380 381
379 1 2 20 18 381 382
380 1 2 20 18 382 383
381 1 2 20 18 383 384
382 1 2 20 18 384 385
383 1 2 20 18 385 386
384 1 2 20 18 386 387
385 1 2 20 18 387 388
386 1 2 20 18 388 389
387 1 2 20 18 389 390
388 1 2 20 18 390 391
389 1 2 20 18 391 392
390 1 2 20 18 392 393
391 1 2 20 18 393 394
392 1 2 20 18 394 395
393 1 2 20 18 395 396
394 1 2 20 18 396 397
395 1 2 20 18 397 398
396 1 2 20 18 398 19
397 1 2 20 19 19 399
398 1 2 20 19 399 400
399 1 2 20 19 400 401
400 1 2 20 19 401 402
401 1 2 20 19 402 403
402 1 2 20 19 403 404
403 1 2 20 19 404 405
404 1 2 20 19 405 406
405 1 2 20 19 406 407
406 1 2 20 19 407 408
407 1 2 20 19 408 409
408 1 2 20 19 409 410
409 1 2 20 19 410 411
410 1 2 20 19 411 412
411 1 2 20 19 412 413
412 1 2 20 19 413 414
413 1 2 20 19 414 415
414 1 2 20 19 415 416
415 1 2 20 19 416 417
416 1 2 20 19 417 418
417 1 2 20 19 418 419
418 1 2 20 19 419 420
419 1 2 20 19 420 421
420 1 2 20 19 421 422
421 1 2 20 19 422 423
422 1 2 20 19 423 424
423 1 2 20 19 424 425
424 1 2 20 19 425 426
425 1 2 20 19 426 427
426 1 2 20 19 427 20
427 1 2 20 20 20 428
428 1 2 20 20 428 429
429 1 2 20 20 429 430
430 1 2 20 20 430 431
431 1 2 20 20 431 432
432 1 2 20 20 432 433
433 1 2 20 20 433 434
434 1 2 20 20 434 435
435 1 2 20 20 435 436
436 1 2 20 20 436 437
437 1 2 20 20 437 438
438 1 2 20 20 438 439
439 1 2 20 20 439 440
440 1 2 20 20 440 441
441 1 2 20 20 441 442
442 1 2 20 20 442 443
443 1 2 20 20 443 444
444 1 2 20 20 444 445
445 1 2 20 20 445 446
446 1 2 20 20 446 447
447 1 2 20 20 447 448
448 1 2 20 20 448 449
449 1 2 20 20 449 450
450 1 2 20 20 450 451
451 1 2 20 20 451 452
452 1 2 20 20 452 453
453 1 2 20 20 453 454
454 1 2 20 20 454 455
455 1 2 20 20 455 456
456 1 2 20 20 456 17
457 2 2 2 1 1215 2428 4092
458 2 2 2 1 249 248 3233
459 2 2 2 1 3043 1505 3946
460 2 2 2 1 3039 3638 4413
461 2 2 2 1 1818 2758 3470
462 2 2 2 1 352 353 3122
463 2 2 2 1 3574 3435 4506
464 2 2 2 1 2700 1306 4293
465 2 2 2 1 2778 717 4389
466 2 2 2 1 2257 2826 4354
467 2 2 2 1 1086 3602 4093
468 2 2 2 1 3489 3465 3598
469 2 2 2 1 2415 3504 3691
470 2 2 2 1 2451 3545 3852
471 2 2 2 1 555 2884 2885
472 2 2 2 1 526 2753 3781
473 2 2 2 1 2830 487 3654
474 2 2 2 1 2784 1453 4232
475 2 2 2 1 3291 3459 3681
476 2 2 2 1 3576 3535 4002
477 2 2 2 1 3039 2082 3638
478 2 2 2 1 900 1085 2529
479 2 2 2 1 2484 1427 4074
480 2 2 2 1 717 720 4389
481 2 2 2 1 593 3397 3418
482 2 2 2 1 3010 1180 3765
483 2 2 2 1 1102 2879 2940
484 2 2 2 1 2773 3006 3007
485 2 2 2 1 2998 2614 3133
486 2 2 2 1 499 3446 3494
487 2 2 2 1 2427 3485 3503
488 2 2 2 1 3545 3571 3852
489 2 2 2 1 1059 2766 2968
490 2 2 2 1 502 3135 3733
491 2 2 2 1 2676 2677 3570
492 2 2 2 1 2836 988 4034
493 2 2 2 1 1555 3093 3637
494 2 2 2 1 2750 3961 4057
495 2 2 2 1 3291 2372 3459
496 2 2 2 1 3131 1909 3225
497 2 2 2 1 660 2501 4133
498 2 2 2 1 858 2452 4412
499 2 2 2 1 2238 2717 3384
500 2 2 2 1 2797 602 3538
501 2 2 2 1 2643 3345 3347
502 2 2 2 1 3485 2427 4117
503 2 2 2 1 3613 2462 4286
504 2 2 2 1 2387 3530 4301
505 2 2 2 1 2416 4064 4228
506 2 2 2 1 2443 848 4407
507 2 2 2 1 3284 614 4188
508 2 2 2 1 3378 3376 3405
509 2 2 2 1 2753 526 4296
510 2 2 2 1 1092 2626 2915
511 2 2 2 1 2922 1947 3779
512 2 2 2 1 2717 2238 3758
513 2 2 2 1 2542 1109 2544
514 2 2 2 1 3686 2866 4613
515 2 2 2 1 797 804 3448
516 2 2 2 1 2529 1085 4032
517 2 2 2 1 2758 1818 4665
518 2 2 2 1 831 833 3074
519 2 2 2 1 2614 2998 4089
520 2 2 2 1 691 4195 4262
521 2 2 2 1 3446 499 4439
522 2 2 2 1 3160 564 3905
523 2 2 2 1 2109 3084 4233
524 2 2 2 1 1306 1309 4293
525 2 2 2 1 2428 1215 3827
526 2 2 2 1 751 756 4331
527 2 2 2 1 2803 911 2874
528 2 2 2 1 1800 3015 3853
529 2 2 2 1 1225 3034 3038
530 2 2 2 1 482 324 3094
531 2 2 2 1 1651 1433 2863
532 2 2 2 1 3397 593 4261
533 2 2 2 1 4526 2929 4624
534 2 2 2 1 2940 2879 3988
535 2 2 2 1 3233 248 4630
536 2 2 2 1 1038 2814 3977
537 2 2 2 1 2475 751 4331
538 2 2 2 1 2863 1433 4197
539 2 2 2 1 2544 3838 4478
540 2 2 2 1 2931 2584 3713
541 2 2 2 1 3391 853 3392
542 2 2 2 1 3350 754 3351
543 2 2 2 1 1683 1528 3046
544 2 2 2 1 783 2756 4311
545 2 2 2 1 2843 4193 4422
546 2 2 2 1 2766 1059 3075
547 2 2 2 1 2929 1584 4624
548 2 2 2 1 2701 3674 4550
549 2 2 2 1 2486 2830 3654
550 2 2 2 1 900 2529 4638
551 2 2 2 1 2676 3570 4288
552 2 2 2 1 3144 3231 4348
553 2 2 2 1 2346 2218 3078
554 2 2 2 1 664 2523 4324
555 2 2 2 1 3403 3195 3421
556 2 2 2 1 1554 3667 4382
557 2 2 2 1 3785 1424 4060
558 2 2 2 1 2789 2634 3604
559 2 2 2 1 3597 459 3674
560 2 2 2 1 2816 3597 3674
561 2 2 2 1 3345 2643 3348
562 2 2 2 1 3598 3465 4223
563 2 2 2 1 868 2418 4468
564 2 2 2 1 3093 2385 3637
565 2 2 2 1 1615 1198 2894
566 2 2 2 1 2119 3197 3655
567 2 2 2 1 3114 2208 3115
568 2 2 2 1 3053 2829 3055
569 2 2 2 1 2748 494 4117
570 2 2 2 1 1388 1351 2796
571 2 2 2 1 2207 2902 3116
572 2 2 2 1 1225 1226 3034
573 2 2 2 1 3116 2902 4772
574 2 2 2 1 1432 4183 4273
575 2 2 2 1 1426 2813 3179
576 2 2 2 1 2405 3284 4188
577 2 2 2 1 3127 1670 3661
578 2 2 2 1 2626 1092 2898
579 2 2 2 1 2070 2075 3813
580 2 2 2 1 836 848 2443
581 2 2 2 1 3713 2584 4351
582 2 2 2 1 3990 2380 4469
583 2 2 2 1 1670 3127 3997
584 2 2 2 1 968 2855 3992
585 2 2 2 1 1905 1665 3133
586 2 2 2 1 2773 3007 3040
587 2 2 2 1 831 3074 4278
588 2 2 2 1 3403 3421 4362
589 2 2 2 1 123 122 3109
590 2 2 2 1 2864 511 3333
591 2 2 2 1 876 2538 2539
592 2 2 2 1 3895 2934 4782
593 2 2 2 1 353 532 3122
594 2 2 2 1 2814 1038 3938
595 2 2 2 1 1128 1151 4137
596 2 2 2 1 3674 459 4550
597 2 2 2 1 858 851 2452
598 2 2 2 1 2373 3594 4480
599 2 2 2 1 3115 2208 3116
600 2 2 2 1 2654 2652 4019
601 2 2 2 1 2759 3000 3877
602 2 2 2 1 3484 2614 4089
603 2 2 2 1 1451 1453 2784
604 2 2 2 1 2953 2503 4151
605 2 2 2 1 2771 1128 4137
606 2 2 2 1 607 3050 3589
607 2 2 2 1 3072 546 4097
608 2 2 2 1 3339 3402 4160
609 2 2 2 1 4150 4181 4725
610 2 2 2 1 464 3435 3574
611 2 2 2 1 3298 3615 4833
612 2 2 2 1 2478 3633 3790
613 2 2 2 1 3090 531 3091
614 2 2 2 1 348 3366 4628
615 2 2 2 1 2747 566 3479
616 2 2 2 1 965 727 2928
617 2 2 2 1 2515 2121 2794
618 2 2 2 1 2648 3667 4374
619 2 2 2 1 2759 1978 3000
620 2 2 2 1 2274 3471 3669
621 2 2 2 1 1427 2484 3966
622 2 2 2 1 3245 2987 3273
623 2 2 2 1 1425 2617 3180
624 2 2 2 1 754 3350 4736
625 2 2 2 1 3435 2736 4506
626 2 2 2 1 2987 2388 3273
627 2 2 2 1 3026 1972 4424
628 2 2 2 1 3207 534 3208
629 2 2 2 1 3585 2835 3893
630 2 2 2 1 2814 2517 3977
631 2 2 2 1 2112 1683 3046
632 2 2 2 1 2860 565 3581
633 2 2 2 1 2779 1170 3066
634 2 2 2 1 582 3537 3913
635 2 2 2 1 2652 2937 4019
636 2 2 2 1 1333 2924 4081
637 2 2 2 1 2321 2789 3604
638 2 2 2 1 3775 2474 4287
639 2 2 2 1 546 3072 4209
640 2 2 2 1 2112 3046 3724
641 2 2 2 1 2829 2828 3055
642 2 2 2 1 495 3338 3396
643 2 2 2 1 508 3775 4287
644 2 2 2 1 1663 1572 2997
645 2 2 2 1 2985 4743 4798
646 2 2 2 1 2394 2665 4090
647 2 2 2 1 2847 2472 3756
648 2 2 2 1 4255 1293 4386
649 2 2 2 1 555 2885 4169
650 2 2 2 1 605 3081 3082
651 2 2 2 1 2086 3754 3851
652 2 2 2 1 324 323 3094
653 2 2 2 1 3504 3522 3691
654 2 2 2 1 3719 3424 3796
655 2 2 2 1 481 2825 3191
656 2 2 2 1 3667 2648 4382
657 2 2 2 1 2921 3719 3796
658 2 2 2 1 1109 2542 4206
659 2 2 2 1 1174 1555 2694
660 2 2 2 1 3660 1478 4249
661 2 2 2 1 2855 3625 3992
662 2 2 2 1 2826 2257 3234
663 2 2 2 1 3052 1402 3760
664 2 2 2 1 3751 3706 4771
665 2 2 2 1 815 2461 4298
666 2 2 2 1 2694 1555 2695
667 2 2 2 1 154 153 3319
668 2 2 2 1 3718 3614 4256
669 2 2 2 1 615 3379 3380
670 2 2 2 1 2504 2872 2948
671 2 2 2 1 1169 1170 2779
672 2 2 2 1 3506 2646 3902
673 2 2 2 1 3245 2765 4512
674 2 2 2 1 4151 4150 4725
675 2 2 2 1 3534 2469 3996
676 2 2 2 1 494 2748 4118
677 2 2 2 1 2570 1804 4767
678 2 2 2 1 3719 2921 4362
679 2 2 2 1 595 3719 4362
680 2 2 2 1 2324 2751 3224
681 2 2 2 1 2515 2794 4496
682 2 2 2 1 3646 1388 4763
683 2 2 2 1 522 418 3924
684 2 2 2 1 702 2495 4369
685 2 2 2 1 4070 1036 4761
686 2 2 2 1 2755 1097 3285
687 2 2 2 1 2490 3576 4002
688 2 2 2 1 3865 3154 4021
689 2 2 2 1 3589 3050 3683
690 2 2 2 1 678 676 2918
691 2 2 2 1 2468 3170 3878
692 2 2 2 1 1098 2671 4711
693 2 2 2 1 3680 2915 3689
694 2 2 2 1 2774 3004 3005
695 2 2 2 1 2515 3926 4262
696 2 2 2 1 1086 2711 3602
697 2 2 2 1 988 1060 4034
698 2 2 2 1 2380 3990 4149
699 2 2 2 1 2648 1370 4382
700 2 2 2 1 614 3284 3416
701 2 2 2 1 2752 3744 4126
702 2 2 2 1 1368 1370 2648
703 2 2 2 1 2829 3053 4335
704 2 2 2 1 2350 2276 3640
705 2 2 2 1 3230 1919 3325
706 2 2 2 1 2915 2626 3689
707 2 2 2 1 992 1099 4823
708 2 2 2 1 3530 470 4301
709 2 2 2 1 1523 1718 3003
710 2 2 2 1 3197 2739 3655
711 2 2 2 1 1438 2577 3140
712 2 2 2 1 1100 4135 4584
713 2 2 2 1 478 3129 3145
714 2 2 2 1 2633 3127 3661
715 2 2 2 1 1499 2958 4123
716 2 2 2 1 1106 1142 3738
717 2 2 2 1 3026 2922 3779
718 2 2 2 1 868 866 2418
719 2 2 2 1 3490 2314 3587
720 2 2 2 1 3797 4463 4486
721 2 2 2 1 774 3020 4013
722 2 2 2 1 2535 2532 2678
723 2 2 2 1 2855 968 3740
724 2 2 2 1 2972 1039 4818
725 2 2 2 1 363 364 3257
726 2 2 2 1 592 3401 3417
727 2 2 2 1 2350 3640 4372
728 2 2 2 1 3091 531 4175
729 2 2 2 1 2522 2821 3771
730 2 2 2 1 472 199 3065
731 2 2 2 1 602 2797 3911
732 2 2 2 1 3047 2500 3753
733 2 2 2 1 2711 2712 3602
734 2 2 2 1 2095 2406 2416
735 2 2 2 1 2916 3261 4258
736 2 2 2 1 3370 853 3391
737 2 2 2 1 910 660 4133
738 2 2 2 1 2671 1098 3107
739 2 2 2 1 1276 702 4369
740 2 2 2 1 2405 3283 3284
741 2 2 2 1 3633 577 3790
742 2 2 2 1 3031 2502 4564
743 2 2 2 1 2621 2287 4171
744 2 2 2 1 3339 3091 3402
745 2 2 2 1 2816 2815 3597
746 2 2 2 1 2715 3555 3617
747 2 2 2 1 2113 3208 3229
748 2 2 2 1 2760 1483 3017
749 2 2 2 1 495 3396 4028
750 2 2 2 1 4144 3099 4295
751 2 2 2 1 2821 3682 3771
752 2 2 2 1 782 783 4311
753 2 2 2 1 4245 2875 4810
754 2 2 2 1 2583 4459 4555
755 2 2 2 1 2175 2663 3277
756 2 2 2 1 3084 2395 4233
757 2 2 2 1 509 3177 4022
758 2 2 2 1 2112 3724 4581
759 2 2 2 1 3543 2301 3584
760 2 2 2 1 3855 738 4546
761 2 2 2 1 1591 3636 3886
762 2 2 2 1 3047 3753 4164
763 2 2 2 1 691 4194 4195
764 2 2 2 1 2665 994 4090
765 2 2 2 1 3206 534 3207
766 2 2 2 1 1497 1649 2849
767 2 2 2 1 706 2465 4282
768 2 2 2 1 2269 3706 3751
769 2 2 2 1 1095 2663 4560
770 2 2 2 1 2130 3688 3842
771 2 2 2 1 1388 2796 4763
772 2 2 2 1 3597 2815 3822
773 2 2 2 1 1094 2410 4754
774 2 2 2 1 864 862 2625
775 2 2 2 1 3148 1025 3887
776 2 2 2 1 1275 1025 3148
777 2 2 2 1 3130 559 3903
778 2 2 2 1 3037 604 3564
779 2 2 2 1 1233 1232 2990
780 2 2 2 1 2822 569 2964
781 2 2 2 1 2978 2213 3215
782 2 2 2 1 2849 1649 2850
783 2 2 2 1 115 114 3471
784 2 2 2 1 2507 2756 4225
785 2 2 2 1 3117 2272 4051
786 2 2 2 1 1065 3101 3647
787 2 2 2 1 1386 1389 2577
788 2 2 2 1 1615 2894 4625
789 2 2 2 1 559 3130 3745
790 2 2 2 1 471 3907 4602
791 2 2 2 1 2417 930 2473
792 2 2 2 1 3005 563 3006
793 2 2 2 1 3939 442 4474
794 2 2 2 1 3977 2517 4342
795 2 2 2 1 660 658 2501
796 2 2 2 1 2924 1333 3676
797 2 2 2 1 2218 2476 3078
798 2 2 2 1 2913 3939 4474
799 2 2 2 1 1987 4216 4456
800 2 2 2 1 827 815 4298
801 2 2 2 1 1746 1216 3276
802 2 2 2 1 2783 1451 2784
803 2 2 2 1 3853 3015 3854
804 2 2 2 1 2412 3201 3482
805 2 2 2 1 3379 615 3381
806 2 2 2 1 2628 2629 3100
807 2 2 2 1 3739 2401 4170
808 2 2 2 1 3154 3865 3866
809 2 2 2 1 611 3378 3405
810 2 2 2 1 537 3097 3486
811 2 2 2 1 796 706 4282
812 2 2 2 1 2088 2698 4010
813 2 2 2 1 2088 4010 4280
814 2 2 2 1 862 860 2624
815 2 2 2 1 843 842 914
816 2 2 2 1 835 834 860
817 2 2 2 1 2416 2406 4094
818 2 2 2 1 2743 3900 4239
819 2 2 2 1 3231 3144 4219
820 2 2 2 1 916 914 2636
821 2 2 2 1 821 820 842
822 2 2 2 1 1138 1137 1219
823 2 2 2 1 2239 2920 3796
824 2 2 2 1 2506 4050 4311
825 2 2 2 1 652 651 808
826 2 2 2 1 1089 1088 1137
827 2 2 2 1 810 809 834
828 2 2 2 1 2462 3613 3614
829 2 2 2 1 348 349 3366
830 2 2 2 1 3129 478 3600
831 2 2 2 1 2797 3538 3727
832 2 2 2 1 1070 1069 1128
833 2 2 2 1 1097 2755 4629
834 2 2 2 1 1126 1125 1223
835 2 2 2 1 2532 2531 2534
836 2 2 2 1 2051 2049 3228
837 2 2 2 1 587 3042 3467
838 2 2 2 1 1122 1123 1194
839 2 2 2 1 3298 2984 3615
840 2 2 2 1 2195 2862 3672
841 2 2 2 1 2840 522 3230
842 2 2 2 1 3351 3352 4410
843 2 2 2 1 3482 3201 4370
844 2 2 2 1 649 648 651
845 2 2 2 1 199 198 3065
846 2 2 2 1 569 2822 3108
847 2 2 2 1 1074 1075 1122
848 2 2 2 1 2378 3496 3548
849 2 2 2 1 1204 2812 4579
850 2 2 2 1 3450 466 4281
851 2 2 2 1 1101 1093 1178
852 2 2 2 1 3630 801 4101
853 2 2 2 1 2585 4471 4537
854 2 2 2 1 1813 2095 2329
855 2 2 2 1 2755 3285 3658
856 2 2 2 1 1430 1551 1552
857 2 2 2 1 2501 846 2502
858 2 2 2 1 1420 1421 1508
859 2 2 2 1 843 917 3169
860 2 2 2 1 3135 3136 3733
861 2 2 2 1 1079 1078 1115
862 2 2 2 1 1062 1063 1114
863 2 2 2 1 1087 1086 1125
864 2 2 2 1 803 805 2580
865 2 2 2 1 1880 1879 2505
866 2 2 2 1 533 3620 4160
867 2 2 2 1 2498 1045 2749
868 2 2 2 1 1035 1033 1088
869 2 2 2 1 800 799 820
870 2 2 2 1 814 817 2255
871 2 2 2 1 1044 1041 1093
872 2 2 2 1 2628 2310 2629
873 2 2 2 1 2577 1389 4379
874 2 2 2 1 2329 2416 4228
875 2 2 2 1 2697 3519 3678
876 2 2 2 1 2794 3916 4496
877 2 2 2 1 3177 3279 4022
878 2 2 2 1 1060 2984 3298
879 2 2 2 1 1492 1493 1558
880 2 2 2 1 794 793 809
881 2 2 2 1 1540 1542 2672
882 2 2 2 1 2551 3237 3439
883 2 2 2 1 1020 1019 1069
884 2 2 2 1 2774 3003 3004
885 2 2 2 1 824 823 2531
886 2 2 2 1 1433 1419 1495
887 2 2 2 1 2495 801 2627
888 2 2 2 1 3161 3160 3905
889 2 2 2 1 2223 2616 4719
890 2 2 2 1 1329 2925 3676
891 2 2 2 1 1654 3169 3648
892 2 2 2 1 3237 1434 3439
893 2 2 2 1 2523 910 2524
894 2 2 2 1 1320 1323 2856
895 2 2 2 1 2752 755 3744
896 2 2 2 1 3027 544 4125
897 2 2 2 1 506 348 4628
898 2 2 2 1 911 664 4324
899 2 2 2 1 3451 3450 4281
900 2 2 2 1 1947 2922 3622
901 2 2 2 1 1414 1419 1433
902 2 2 2 1 1021 1026 1074
903 2 2 2 1 2466 2467 2744
904 2 2 2 1 1189 1188 1261
905 2 2 2 1 3081 605 3583
906 2 2 2 1 3173 2936 4195
907 2 2 2 1 2718 1491 2719
908 2 2 2 1 2776 1746 3276
909 2 2 2 1 1718 2275 3003
910 2 2 2 1 1516 1872 3205
911 2 2 2 1 876 874 2538
912 2 2 2 1 3900 1877 4239
913 2 2 2 1 918 916 2637
914 2 2 2 1 1416 1436 1494
915 2 2 2 1 1101 1178 1191
916 2 2 2 1 3392 853 4748
917 2 2 2 1 1440 1441 1515
918 2 2 2 1 3496 2378 4200
919 2 2 2 1 1663 2997 3133
920 2 2 2 1 1044 1093 1101
921 2 2 2 1 847 836 2443
922 2 2 2 1 1416 1413 1436
923 2 2 2 1 1591 3635 3636
924 2 2 2 1 1073 2610 2611
925 2 2 2 1 2343 3481 3498
926 2 2 2 1 1122 1075 1123
927 2 2 2 1 2616 2223 2617
928 2 2 2 1 2813 1426 3180
929 2 2 2 1 538 3484 4089
930 2 2 2 1 2869 946 4571
931 2 2 2 1 2287 2621 4396
932 2 2 2 1 2502 3185 4564
933 2 2 2 1 889 891 3856
934 2 2 2 1 2241 2336 3524
935 2 2 2 1 851 939 2452
936 2 2 2 1 3555 2715 3960
937 2 2 2 1 1414 1403 1419
938 2 2 2 1 2843 713 3972
939 2 2 2 1 1484 1487 3011
940 2 2 2 1 994 2665 4230
941 2 2 2 1 479 3142 3669
942 2 2 2 1 1074 1026 1075
943 2 2 2 1 649 651 652
944 2 2 2 1 2532 2534 2678
945 2 2 2 1 785 784 3909
946 2 2 2 1 3778 3703 4485
947 2 2 2 1 633 631 648
948 2 2 2 1 3402 533 4160
949 2 2 2 1 824 2531 2532
950 2 2 2 1 1087 1125 1126
951 2 2 2 1 2208 2207 3116
952 2 2 2 1 1079 1115 1116
953 2 2 2 1 3054 3052 3760
954 2 2 2 1 1399 2482 2781
955 2 2 2 1 2495 2627 3001
956 2 2 2 1 721 723 2878
957 2 2 2 1 3906 4376 4594
958 2 2 2 1 708 2828 2829
959 2 2 2 1 1009 3153 4052
960 2 2 2 1 2952 2503 2953
961 2 2 2 1 2207 1249 2900
962 2 2 2 1 388 521 3194
963 2 2 2 1 1070 1128 1129
964 2 2 2 1 2329 2095 2416
965 2 2 2 1 2884 555 2886
966 2 2 2 1 2879 1011 2969
967 2 2 2 1 2773 2772 3006
968 2 2 2 1 708 2829 3590
969 2 2 2 1 2999 600 3492
970 2 2 2 1 1845 2194 3621
971 2 2 2 1 2858 524 4006
972 2 2 2 1 122 581 3109
973 2 2 2 1 633 648 649
974 2 2 2 1 1020 1069 1070
975 2 2 2 1 642 645 3259
976 2 2 2 1 810 834 835
977 2 2 2 1 986 983 3297
978 2 2 2 1 2474 3515 4548
979 2 2 2 1 1411 1513 3592
980 2 2 2 1 2974 2804 2975
981 2 2 2 1 2465 1276 2466
982 2 2 2 1 835 860 862
983 2 2 2 1 942 1041 1044
984 2 2 2 1 2904 536 4501
985 2 2 2 1 3130 3129 3600
986 2 2 2 1 794 809 810
987 2 2 2 1 3261 2916 4704
988 2 2 2 1 1692 3199 3804
989 2 2 2 1 2903 475 4772
990 2 2 2 1 1665 1663 3133
991 2 2 2 1 2422 926 4716
992 2 2 2 1 2804 2802 2805
993 2 2 2 1 862 2624 2625
994 2 2 2 1 3009 1879 4803
995 2 2 2 1 3495 2714 4372
996 2 2 2 1 965 2928 4029
997 2 2 2 1 573 2962 3437
998 2 2 2 1 2535 2678 4007
999 2 2 2 1 1360 1362 4828
1000 2 2 2 1 678 2918 4647
1001 2 2 2 1 3276 1814 4704
1002 2 2 2 1 4743 2853 4798
1003 2 2 2 1 702 700 2495
1004 2 2 2 1 2492 2529 4032
1005 2 2 2 1 2989 1654 3648
1006 2 2 2 1 664 662 2523
1007 2 2 2 1 3452 2599 4509
1008 2 2 2 1 2272 3117 3646
1009 2 2 2 1 3081 3583 3700
1010 2 2 2 1 864 2625 4547
1011 2 2 2 1 3838 1815 4478
1012 2 2 2 1 3227 586 3612
1013 2 2 2 1 1180 3010 3732
1014 2 2 2 1 2835 3585 4317
1015 2 2 2 1 1189 2188 3198
1016 2 2 2 1 2866 3131 3225
1017 2 2 2 1 1062 941 1063
1018 2 2 2 1 2756 2507 4311
1019 2 2 2 1 2714 3495 3544
1020 2 2 2 1 966 1078 1079
1021 2 2 2 1 3001 2627 3002
1022 2 2 2 1 1016 1086 1087
1023 2 2 2 1 1412 1360 2341
1024 2 2 2 1 1724 2348 3104
1025 2 2 2 1 3537 2644 3913
1026 2 2 2 1 1813 1614 2095
1027 2 2 2 1 3434 548 3562
1028 2 2 2 1 3208 2113 4040
1029 2 2 2 1 2425 3697 3703
1030 2 2 2 1 3006 563 3007
1031 2 2 2 1 1766 3064 4087
1032 2 2 2 1 1118 1117 1169
1033 2 2 2 1 1089 1137 1138
1034 2 2 2 1 3142 479 3925
1035 2 2 2 1 364 3022 3257
1036 2 2 2 1 2401 3739 4220
1037 2 2 2 1 2105 3921 4576
1038 2 2 2 1 1987 4215 4216
1039 2 2 2 1 1035 1088 1089
1040 2 2 2 1 2617 2619 3180
1041 2 2 2 1 676 2917 2918
1042 2 2 2 1 1971 3906 4594
1043 2 2 2 1 800 820 821
1044 2 2 2 1 387 388 3194
1045 2 2 2 1 741 740 3857
1046 2 2 2 1 821 842 843
1047 2 2 2 1 2896 1326 2897
1048 2 2 2 1 1171 1169 1232
1049 2 2 2 1 2194 3041 3621
1050 2 2 2 1 1077 1073 1117
1051 2 2 2 1 1471 2718 4475
1052 2 2 2 1 1445 1447 2508
1053 2 2 2 1 2663 1095 3277
1054 2 2 2 1 1552 1551 1553
1055 2 2 2 1 1508 1421 1509
1056 2 2 2 1 1188 1103 4397
1057 2 2 2 1 714 715 2310
1058 2 2 2 1 843 914 916
1059 2 2 2 1 1580 1116 1581
1060 2 2 2 1 1302 1439 3056
1061 2 2 2 1 1132 1129 1200
1062 2 2 2 1 2663 2175 4185
1063 2 2 2 1 1026 2395 3084
1064 2 2 2 1 2665 2394 4192
1065 2 2 2 1 374 375 3388
1066 2 2 2 1 4466 3659 4532
1067 2 2 2 1 3135 502 3955
1068 2 2 2 1 2861 2860 3581
1069 2 2 2 1 3797 3203 4463
1070 2 2 2 1 493 2916 4258
1071 2 2 2 1 3405 3376 4521
1072 2 2 2 1 1436 1497 2849
1073 2 2 2 1 916 2636 2637
1074 2 2 2 1 848 856 958
1075 2 2 2 1 1415 1368 2648
1076 2 2 2 1 4128 1506 4832
1077 2 2 2 1 942 858 1041
1078 2 2 2 1 3658 3285 3695
1079 2 2 2 1 829 836 847
1080 2 2 2 1 2878 723 4408
1081 2 2 2 1 1508 1509 1721
1082 2 2 2 1 912 941 1062
1083 2 2 2 1 1106 3738 3940
1084 2 2 2 1 966 952 1078
1085 2 2 2 1 1358 1360 1412
1086 2 2 2 1 2920 2239 4611
1087 2 2 2 1 776 1614 1813
1088 2 2 2 1 808 823 824
1089 2 2 2 1 2123 3792 3883
1090 2 2 2 1 2719 2723 2954
1091 2 2 2 1 2614 1905 3133
1092 2 2 2 1 2505 3009 3010
1093 2 2 2 1 851 844 939
1094 2 2 2 1 3224 1076 3918
1095 2 2 2 1 1335 1403 1414
1096 2 2 2 1 3591 2829 4335
1097 2 2 2 1 965 2932 4174
1098 2 2 2 1 3750 2271 3878
1099 2 2 2 1 3170 1027 3878
1100 2 2 2 1 2872 2504 3954
1101 2 2 2 1 3130 3600 3745
1102 2 2 2 1 1016 974 1086
1103 2 2 2 1 2610 934 4309
1104 2 2 2 1 4006 439 4297
1105 2 2 2 1 1323 1413 1416
1106 2 2 2 1 982 980 2742
1107 2 2 2 1 2501 2502 2503
1108 2 2 2 1 2987 3245 4512
1109 2 2 2 1 866 864 1043
1110 2 2 2 1 1540 1114 1542
1111 2 2 2 1 866 1043 2418
1112 2 2 2 1 1429 4079 4798
1113 2 2 2 1 3117 4051 4313
1114 2 2 2 1 1366 1368 1415
1115 2 2 2 1 988 986 1060
1116 2 2 2 1 2119 1695 3197
1117 2 2 2 1 831 827 833
1118 2 2 2 1 590 2848 3835
1119 2 2 2 1 3064 3199 4087
1120 2 2 2 1 4205 1479 4564
1121 2 2 2 1 1021 963 1026
1122 2 2 2 1 1174 1140 1555
1123 2 2 2 1 2751 2324 3935
1124 2 2 2 1 1132 2662 4710
1125 2 2 2 1 2899 633 3102
1126 2 2 2 1 954 1019 1020
1127 2 2 2 1 3254 2569 3568
1128 2 2 2 1 2580 805 2581
1129 2 2 2 1 1586 2313 2938
1130 2 2 2 1 1370 1372 1430
1131 2 2 2 1 3620 3456 4160
1132 2 2 2 1 1151 1265 1272
1133 2 2 2 1 658 656 846
1134 2 2 2 1 3230 522 3924
1135 2 2 2 1 992 990 1099
1136 2 2 2 1 814 806 817
1137 2 2 2 1 1132 1200 2662
1138 2 2 2 1 1436 2849 4726
1139 2 2 2 1 3399 3713 3951
1140 2 2 2 1 2718 2719 2954
1141 2 2 2 1 762 793 794
1142 2 2 2 1 3907 2824 4602
1143 2 2 2 1 3100 2629 3101
1144 2 2 2 1 1376 1378 1420
1145 2 2 2 1 2209 1596 2992
1146 2 2 2 1 2669 545 4318
1147 2 2 2 1 1382 1384 2768
1148 2 2 2 1 914 915 956
1149 2 2 2 1 870 868 1083
1150 2 2 2 1 920 918 1045
1151 2 2 2 1 4247 1293 4255
1152 2 2 2 1 2531 823 4455
1153 2 2 2 1 633 2899 4712
1154 2 2 2 1 1384 1386 1438
1155 2 2 2 1 2879 2227 3988
1156 2 2 2 1 2240 3025 3241
1157 2 2 2 1 2581 805 3126
1158 2 2 2 1 1142 1203 1207
1159 2 2 2 1 1430 1372 1551
1160 2 2 2 1 756 757 1879
1161 2 2 2 1 3041 2194 3467
1162 2 2 2 1 3011 1487 3256
1163 2 2 2 1 1059 2968 3139
1164 2 2 2 1 491 2971 3629
1165 2 2 2 1 1420 1378 1421
1166 2 2 2 1 1000 998 1097
1167 2 2 2 1 1596 1593 2992
1168 2 2 2 1 713 2843 4422
1169 2 2 2 1 4156 3365 4196
1170 2 2 2 1 956 1033 1035
1171 2 2 2 1 742 744 755
1172 2 2 2 1 2255 817 4743
1173 2 2 2 1 2581 3126 4563
1174 2 2 2 1 1435 3967 3968
1175 2 2 2 1 1438 3140 4105
1176 2 2 2 1 1552 1553 1587
1177 2 2 2 1 2633 1034 4472
1178 2 2 2 1 2315 2932 4029
1179 2 2 2 1 1207 1203 1274
1180 2 2 2 1 2840 3230 3325
1181 2 2 2 1 720 799 800
1182 2 2 2 1 700 698 801
1183 2 2 2 1 3174 3173 4195
1184 2 2 2 1 1198 1183 2894
1185 2 2 2 1 2629 2989 3152
1186 2 2 2 1 2613 2614 3484
1187 2 2 2 1 2947 3176 4508
1188 2 2 2 1 1389 1391 1492
1189 2 2 2 1 2672 1542 2673
1190 2 2 2 1 797 796 803
1191 2 2 2 1 874 872 1098
1192 2 2 2 1 3020 3323 4013
1193 2 2 2 1 3000 1403 3877
1194 2 2 2 1 2627 801 3630
1195 2 2 2 1 1463 2638 4561
1196 2 2 2 1 2499 995 4795
1197 2 2 2 1 472 3065 3995
1198 2 2 2 1 3346 3345 3348
1199 2 2 2 1 544 3511 4125
1200 2 2 2 1 1071 1106 1108
1201 2 2 2 1 1401 1405 1422
1202 2 2 2 1 658 846 2501
1203 2 2 2 1 1004 1002 1121
1204 2 2 2 1 1225 3793 3943
1205 2 2 2 1 924 922 1056
1206 2 2 2 1 786 788 795
1207 2 2 2 1 3079 896 4321
1208 2 2 2 1 1696 1153 3204
1209 2 2 2 1 545 2669 3981
1210 2 2 2 1 662 660 910
1211 2 2 2 1 2925 1329 3677
1212 2 2 2 1 763 765 2881
1213 2 2 2 1 1259 1814 3276
1214 2 2 2 1 2525 2524 2838
1215 2 2 2 1 1105 1103 1188
1216 2 2 2 1 1438 1386 2577
1217 2 2 2 1 1449 1451 2783
1218 2 2 2 1 1366 1415 2882
1219 2 2 2 1 2866 3686 3694
1220 2 2 2 1 803 796 805
1221 2 2 2 1 3001 3002 4263
1222 2 2 2 1 1653 1659 2762
1223 2 2 2 1 2738 2206 3859
1224 2 2 2 1 956 957 1033
1225 2 2 2 1 522 2840 3229
1226 2 2 2 1 2462 2985 4286
1227 2 2 2 1 920 1045 2498
1228 2 2 2 1 3480 2889 3483
1229 2 2 2 1 3259 645 3964
1230 2 2 2 1 2855 2072 3625
1231 2 2 2 1 804 803 806
1232 2 2 2 1 2332 2546 3933
1233 2 2 2 1 3828 485 4010
1234 2 2 2 1 1261 1724 3104
1235 2 2 2 1 4071 1313 4435
1236 2 2 2 1 2546 2332 4432
1237 2 2 2 1 475 2903 4162
1238 2 2 2 1 756 1879 1880
1239 2 2 2 1 1919 3230 3326
1240 2 2 2 1 783 786 2756
1241 2 2 2 1 3076 2623 3651
1242 2 2 2 1 2535 3299 3300
1243 2 2 2 1 511 2864 4534
1244 2 2 2 1 2323 1689 2946
1245 2 2 2 1 1106 1107 1142
1246 2 2 2 1 708 686 2828
1247 2 2 2 1 3961 2750 3962
1248 2 2 2 1 2698 2622 3529
1249 2 2 2 1 739 742 2752
1250 2 2 2 1 1443 1445 1517
1251 2 2 2 1 2508 1447 4517
1252 2 2 2 1 1558 1493 1559
1253 2 2 2 1 3946 2803 4529
1254 2 2 2 1 1071 1072 1106
1255 2 2 2 1 884 882 1092
1256 2 2 2 1 860 861 954
1257 2 2 2 1 998 995 2499
1258 2 2 2 1 640 642 650
1259 2 2 2 1 1053 1013 1102
1260 2 2 2 1 928 926 1084
1261 2 2 2 1 1409 1418 1440
1262 2 2 2 1 1219 1220 1668
1263 2 2 2 1 2121 2122 2790
1264 2 2 2 1 510 3603 4596
1265 2 2 2 1 3042 3041 3467
1266 2 2 2 1 1129 1128 2771
1267 2 2 2 1 2516 2074 2855
1268 2 2 2 1 1379 1382 2770
1269 2 2 2 1 1147 3977 4342
1270 2 2 2 1 3303 1443 4371
1271 2 2 2 1 1511 4221 4222
1272 2 2 2 1 1373 1376 2634
1273 2 2 2 1 1695 1265 3197
1274 2 2 2 1 1013 1011 2879
1275 2 2 2 1 1399 1401 2482
1276 2 2 2 1 788 791 2570
1277 2 2 2 1 1033 1034 2633
1278 2 2 2 1 739 2752 4765
1279 2 2 2 1 1128 1131 1151
1280 2 2 2 1 720 721 799
1281 2 2 2 1 1232 1169 2779
1282 2 2 2 1 1142 1143 1203
1283 2 2 2 1 3954 654 4391
1284 2 2 2 1 1353 1356 2796
1285 2 2 2 1 3588 2685 4289
1286 2 2 2 1 2461 2255 2462
1287 2 2 2 1 2866 3225 4613
1288 2 2 2 1 3037 3564 4176
1289 2 2 2 1 2825 481 3641
1290 2 2 2 1 990 988 2836
1291 2 2 2 1 1123 3063 4415
1292 2 2 2 1 932 930 2417
1293 2 2 2 1 1123 1192 3063
1294 2 2 2 1 2685 3588 4330
1295 2 2 2 1 1536 1532 3255
1296 2 2 2 1 3064 1766 3704
1297 2 2 2 1 2585 2587 4471
1298 2 2 2 1 1169 1117 1170
1299 2 2 2 1 3471 479 3669
1300 2 2 2 1 2198 3891 4651
1301 2 2 2 1 2523 2524 2525
1302 2 2 2 1 1447 1449 1546
1303 2 2 2 1 3594 3817 4480
1304 2 2 2 1 2856 1323 4567
1305 2 2 2 1 4183 2463 4273
1306 2 2 2 1 1492 1391 1493
1307 2 2 2 1 1453 1584 4232
1308 2 2 2 1 936 934 2610
1309 2 2 2 1 2325 3675 3976
1310 2 2 2 1 729 732 2928
1311 2 2 2 1 2609 3026 4424
1312 2 2 2 1 666 664 911
1313 2 2 2 1 980 977 2743
1314 2 2 2 1 894 892 2410
1315 2 2 2 1 1196 1126 3164
1316 2 2 2 1 746 749 802
1317 2 2 2 1 2803 2874 4529
1318 2 2 2 1 714 2310 2628
1319 2 2 2 1 3098 3099 4144
1320 2 2 2 1 1115 1181 1201
1321 2 2 2 1 3220 3221 3873
1322 2 2 2 1 807 806 814
1323 2 2 2 1 874 1098 2538
1324 2 2 2 1 1539 1114 1540
1325 2 2 2 1 974 971 2711
1326 2 2 2 1 2844 795 3759
1327 2 2 2 1 2381 3227 3612
1328 2 2 2 1 3093 1138 4388
1329 2 2 2 1 1463 1465 2638
1330 2 2 2 1 1189 1261 1263
1331 2 2 2 1 2346 3078 3223
1332 2 2 2 1 2851 1649 3260
1333 2 2 2 1 1356 1358 2609
1334 2 2 2 1 3401 592 3457
1335 2 2 2 1 1494 1436 4726
1336 2 2 2 1 1140 1138 3093
1337 2 2 2 1 3270 1461 4406
1338 2 2 2 1 3370 2351 3963
1339 2 2 2 1 553 3051 3187
1340 2 2 2 1 1455 1457 2600
1341 2 2 2 1 390 4106 4112
1342 2 2 2 1 524 2858 4387
1343 2 2 2 1 3813 2075 4025
1344 2 2 2 1 704 702 1276
1345 2 2 2 1 4459 2897 4555
1346 2 2 2 1 4137 2303 4537
1347 2 2 2 1 3346 3348 3527
1348 2 2 2 1 3280 2178 4383
1349 2 2 2 1 2207 2900 2902
1350 2 2 2 1 1477 1483 2760
1351 2 2 2 1 1280 1298 3032
1352 2 2 2 1 808 822 823
1353 2 2 2 1 2354 3298 4078
1354 2 2 2 1 772 2934 3895
1355 2 2 2 1 700 801 2495
1356 2 2 2 1 2121 2790 2794
1357 2 2 2 1 1332 1335 2871
1358 2 2 2 1 1520 1522 2772
1359 2 2 2 1 3077 3073 3165
1360 2 2 2 1 1151 1236 1265
1361 2 2 2 1 2178 3280 4484
1362 2 2 2 1 3057 2837 4023
1363 2 2 2 1 3238 1469 4124
1364 2 2 2 1 1483 1484 3011
1365 2 2 2 1 918 2637 4487
1366 2 2 2 1 2742 3990 4469
1367 2 2 2 1 2392 1745 3711
1368 2 2 2 1 3152 1096 4618
1369 2 2 2 1 1471 1473 2718
1370 2 2 2 1 954 955 1019
1371 2 2 2 1 3448 804 4207
1372 2 2 2 1 2559 4071 4435
1373 2 2 2 1 890 888 1095
1374 2 2 2 1 3057 4023 4189
1375 2 2 2 1 2990 1232 4147
1376 2 2 2 1 2846 3777 4761
1377 2 2 2 1 1004 1121 3235
1378 2 2 2 1 1495 1520 1524
1379 2 2 2 1 791 1152 1804
1380 2 2 2 1 668 666 2802
1381 2 2 2 1 2301 3543 4338
1382 2 2 2 1 1006 1004 3235
1383 2 2 2 1 504 3518 3894
1384 2 2 2 1 1730 1733 3096
1385 2 2 2 1 1475 1477 2760
1386 2 2 2 1 3125 1982 3263
1387 2 2 2 1 934 932 1090
1388 2 2 2 1 1201 1549 1550
1389 2 2 2 1 2975 2804 3823
1390 2 2 2 1 662 910 2523
1391 2 2 2 1 1804 2827 2865
1392 2 2 2 1 1473 1491 2718
1393 2 2 2 1 2213 2978 3619
1394 2 2 2 1 2279 3577 3805
1395 2 2 2 1 1201 1202 1549
1396 2 2 2 1 3220 3873 4574
1397 2 2 2 1 762 763 793
1398 2 2 2 1 1597 1878 3627
1399 2 2 2 1 1178 1179 1225
1400 2 2 2 1 3902 2646 4123
1401 2 2 2 1 629 631 633
1402 2 2 2 1 2160 2161 2941
1403 2 2 2 1 1909 3131 3226
1404 2 2 2 1 1541 1540 1543
1405 2 2 2 1 4228 1068 4419
1406 2 2 2 1 820 2125 2846
1407 2 2 2 1 1554 1552 3470
1408 2 2 2 1 1653 1651 1659
1409 2 2 2 1 3295 597 3491
1410 2 2 2 1 2503 3031 4151
1411 2 2 2 1 1669 1672 3118
1412 2 2 2 1 3609 2392 3711
1413 2 2 2 1 892 890 2578
1414 2 2 2 1 1195 1194 1592
1415 2 2 2 1 3143 3142 3925
1416 2 2 2 1 952 946 2868
1417 2 2 2 1 2331 1628 3454
1418 2 2 2 1 1103 3228 4397
1419 2 2 2 1 844 839 2680
1420 2 2 2 1 3164 1126 4477
1421 2 2 2 1 504 3894 4806
1422 2 2 2 1 2762 1659 2763
1423 2 2 2 1 1457 1459 1537
1424 2 2 2 1 1412 2341 2922
1425 2 2 2 1 2466 1276 2467
1426 2 2 2 1 1105 1188 1189
1427 2 2 2 1 1032 1110 3251
1428 2 2 2 1 4166 870 4438
1429 2 2 2 1 2645 2640 3238
1430 2 2 2 1 817 2852 4743
1431 2 2 2 1 1424 3785 4131
1432 2 2 2 1 773 776 2820
1433 2 2 2 1 2930 4527 4706
1434 2 2 2 1 3787 882 4434
1435 2 2 2 1 749 751 2475
1436 2 2 2 1 647 712 714
1437 2 2 2 1 1192 1216 1588
1438 2 2 2 1 1528 1530 3046
1439 2 2 2 1 1153 1155 3204
1440 2 2 2 1 823 829 4455
1441 2 2 2 1 2744 2467 2745
1442 2 2 2 1 2862 2195 3673
1443 2 2 2 1 2975 3823 4632
1444 2 2 2 1 1287 1288 1297
1445 2 2 2 1 3691 3522 4370
1446 2 2 2 1 1453 1455 1584
1447 2 2 2 1 565 2860 4681
1448 2 2 2 1 3664 2433 4178
1449 2 2 2 1 3143 3925 4259
1450 2 2 2 1 4041 3103 4111
1451 2 2 2 1 352 3122 4500
1452 2 2 2 1 2950 2383 3668
1453 2 2 2 1 3076 3651 4110
1454 2 2 2 1 1379 2770 4614
1455 2 2 2 1 2634 1420 3604
1456 2 2 2 1 1373 2634 4612
1457 2 2 2 1 1517 1445 2508
1458 2 2 2 1 4182 3932 4183
1459 2 2 2 1 3751 1000 3956
1460 2 2 2 1 1432 4182 4183
1461 2 2 2 1 1114 1063 2751
1462 2 2 2 1 1580 1581 1613
1463 2 2 2 1 3333 511 4269
1464 2 2 2 1 2954 2723 2955
1465 2 2 2 1 2916 493 3477
1466 2 2 2 1 1115 1201 2647
1467 2 2 2 1 727 729 2928
1468 2 2 2 1 2461 2462 3723
1469 2 2 2 1 2757 2758 4665
1470 2 2 2 1 815 814 2461
1471 2 2 2 1 1183 1174 2694
1472 2 2 2 1 2283 3888 3959
1473 2 2 2 1 2966 2712 4511
1474 2 2 2 1 1017 936 1073
1475 2 2 2 1 1440 1516 3205
1476 2 2 2 1 1436 1437 1497
1477 2 2 2 1 1544 1543 1589
1478 2 2 2 1 1465 1514 2638
1479 2 2 2 1 1461 1463 1518
1480 2 2 2 1 2772 1522 2774
1481 2 2 2 1 3754 2769 3851
1482 2 2 2 1 1053 1102 1103
1483 2 2 2 1 1440 1418 1441
1484 2 2 2 1 3949 404 4191
1485 2 2 2 1 2236 1275 3148
1486 2 2 2 1 823 825 829
1487 2 2 2 1 1186 1132 4710
1488 2 2 2 1 2452 939 4404
1489 2 2 2 1 896 894 1094
1490 2 2 2 1 409 410 3312
1491 2 2 2 1 1603 1833 3623
1492 2 2 2 1 828 827 831
1493 2 2 2 1 963 908 2395
1494 2 2 2 1 668 2804 2974
1495 2 2 2 1 4008 2128 4009
1496 2 2 2 1 1549 1586 2938
1497 2 2 2 1 1226 1279 3034
1498 2 2 2 1 856 3707 3908
1499 2 2 2 1 482 3094 4385
1500 2 2 2 1 2678 2534 3013
1501 2 2 2 1 1203 1204 4579
1502 2 2 2 1 566 2747 4349
1503 2 2 2 1 1433 1495 4197
1504 2 2 2 1 964 963 1021
1505 2 2 2 1 3101 1065 3957
1506 2 2 2 1 706 704 2465
1507 2 2 2 1 1301 1302 3056
1508 2 2 2 1 2859 4006 4297
1509 2 2 2 1 1351 1353 2796
1510 2 2 2 1 744 746 3151
1511 2 2 2 1 1094 894 2410
1512 2 2 2 1 3590 2829 3591
1513 2 2 2 1 920 2498 4663
1514 2 2 2 1 548 3434 3644
1515 2 2 2 1 2160 2941 2942
1516 2 2 2 1 1076 3858 3918
1517 2 2 2 1 503 3534 3996
1518 2 2 2 1 2638 1514 2639
1519 2 2 2 1 2544 3837 3838
1520 2 2 2 1 1495 1496 1520
1521 2 2 2 1 1073 936 2610
1522 2 2 2 1 856 912 3707
1523 2 2 2 1 751 753 756
1524 2 2 2 1 1527 1528 1683
1525 2 2 2 1 726 727 965
1526 2 2 2 1 3587 2314 3588
1527 2 2 2 1 1245 1545 2799
1528 2 2 2 1 1088 2633 3661
1529 2 2 2 1 3297 983 4693
1530 2 2 2 1 1782 1762 3619
1531 2 2 2 1 1287 1297 1612
1532 2 2 2 1 1530 1536 3046
1533 2 2 2 1 1465 1467 1514
1534 2 2 2 1 832 831 838
1535 2 2 2 1 914 956 4700
1536 2 2 2 1 1194 1123 4415
1537 2 2 2 1 2466 2744 2746
1538 2 2 2 1 1650 1433 1651
1539 2 2 2 1 821 843 3169
1540 2 2 2 1 1204 1255 2812
1541 2 2 2 1 564 3160 4122
1542 2 2 2 1 1411 3592 3967
1543 2 2 2 1 2119 3655 3790
1544 2 2 2 1 2609 1412 3026
1545 2 2 2 1 3850 476 4610
1546 2 2 2 1 1571 1548 2995
1547 2 2 2 1 1407 1409 3205
1548 2 2 2 1 2514 3511 3611
1549 2 2 2 1 2489 1681 3303
1550 2 2 2 1 1516 1515 1679
1551 2 2 2 1 1475 2760 4605
1552 2 2 2 1 1510 3185 4221
1553 2 2 2 1 710 706 796
1554 2 2 2 1 1249 1247 2900
1555 2 2 2 1 525 4156 4196
1556 2 2 2 1 656 654 3954
1557 2 2 2 1 3652 474 4327
1558 2 2 2 1 798 797 3448
1559 2 2 2 1 3421 595 4362
1560 2 2 2 1 1324 1326 2896
1561 2 2 2 1 3042 587 4516
1562 2 2 2 1 650 642 3259
1563 2 2 2 1 3098 2286 3099
1564 2 2 2 1 1178 1225 3943
1565 2 2 2 1 1228 3789 3994
1566 2 2 2 1 195 194 3062
1567 2 2 2 1 1538 1494 1667
1568 2 2 2 1 652 808 3904
1569 2 2 2 1 4195 2936 4262
1570 2 2 2 1 847 2443 2970
1571 2 2 2 1 3756 2471 3845
1572 2 2 2 1 3785 4060 4285
1573 2 2 2 1 2881 765 4467
1574 2 2 2 1 3603 3265 4596
1575 2 2 2 1 3649 2358 4321
1576 2 2 2 1 829 830 836
1577 2 2 2 1 2417 2473 4153
1578 2 2 2 1 1497 1498 1573
1579 2 2 2 1 2789 2321 4083
1580 2 2 2 1 784 3309 3909
1581 2 2 2 1 2544 1109 3837
1582 2 2 2 1 2902 2901 2903
1583 2 2 2 1 1546 1449 2783
1584 2 2 2 1 1440 1515 1516
1585 2 2 2 1 2746 2744 2924
1586 2 2 2 1 1344 1348 2949
1587 2 2 2 1 900 898 1085
1588 2 2 2 1 2958 1499 4475
1589 2 2 2 1 1980 2935 2936
1590 2 2 2 1 3714 1803 3812
1591 2 2 2 1 1002 1000 3751
1592 2 2 2 1 1530 1532 1536
1593 2 2 2 1 2777 4340 4628
1594 2 2 2 1 3713 1190 3951
1595 2 2 2 1 464 2981 3435
1596 2 2 2 1 2435 2433 3664
1597 2 2 2 1 772 2820 2934
1598 2 2 2 1 498 363 3257
1599 2 2 2 1 4153 2473 4251
1600 2 2 2 1 2273 2274 3669
1601 2 2 2 1 1502 1504 1527
1602 2 2 2 1 1235 1233 1644
1603 2 2 2 1 4229 1018 4451
1604 2 2 2 1 1152 1696 2827
1605 2 2 2 1 1519 1494 1538
1606 2 2 2 1 872 870 4166
1607 2 2 2 1 1415 2648 4627
1608 2 2 2 1 3043 3946 4529
1609 2 2 2 1 1469 1471 1499
1610 2 2 2 1 4249 4128 4832
1611 2 2 2 1 178 3445 4224
1612 2 2 2 1 4266 2333 4319
1613 2 2 2 1 1457 1537 2600
1614 2 2 2 1 1090 932 2417
1615 2 2 2 1 631 632 2847
1616 2 2 2 1 1441 1443 3303
1617 2 2 2 1 2828 686 4676
1618 2 2 2 1 1323 1324 1413
1619 2 2 2 1 2536 2535 3300
1620 2 2 2 1 4210 1422 4211
1621 2 2 2 1 791 1804 2570
1622 2 2 2 1 3697 2425 4546
1623 2 2 2 1 3104 2348 3743
1624 2 2 2 1 939 2680 2681
1625 2 2 2 1 1272 1265 1695
1626 2 2 2 1 3153 1009 4021
1627 2 2 2 1 680 678 813
1628 2 2 2 1 4318 3556 4742
1629 2 2 2 1 1126 1223 4477
1630 2 2 2 1 891 909 3856
1631 2 2 2 1 1261 1188 1262
1632 2 2 2 1 3583 519 3700
1633 2 2 2 1 2348 3057 3743
1634 2 2 2 1 3946 3945 4436
1635 2 2 2 1 2803 3946 4436
1636 2 2 2 1 1245 1196 1545
1637 2 2 2 1 1022 1021 2683
1638 2 2 2 1 1652 1651 1653
1639 2 2 2 1 2983 2204 3816
1640 2 2 2 1 802 749 2475
1641 2 2 2 1 3445 178 4502
1642 2 2 2 1 717 719 720
1643 2 2 2 1 364 365 3022
1644 2 2 2 1 2896 2897 3912
1645 2 2 2 1 2405 2098 3283
1646 2 2 2 1 752 3665 4062
1647 2 2 2 1 2425 2424 4546
1648 2 2 2 1 2314 3490 3867
1649 2 2 2 1 1223 1224 1575
1650 2 2 2 1 1047 1071 2444
1651 2 2 2 1 1314 1434 3237
1652 2 2 2 1 591 2959 3021
1653 2 2 2 1 1689 1538 2946
1654 2 2 2 1 2958 3902 4123
1655 2 2 2 1 3649 4321 4394
1656 2 2 2 1 1499 1471 4475
1657 2 2 2 1 2517 2814 4344
1658 2 2 2 1 1469 1499 4124
1659 2 2 2 1 898 896 3079
1660 2 2 2 1 4221 3185 4222
1661 2 2 2 1 2300 3059 3737
1662 2 2 2 1 1047 1049 1071
1663 2 2 2 1 1488 1490 1501
1664 2 2 2 1 1190 3713 4351
1665 2 2 2 1 2747 3479 4238
1666 2 2 2 1 886 4245 4810
1667 2 2 2 1 2989 2310 4783
1668 2 2 2 1 2539 2538 4444
1669 2 2 2 1 3614 3718 3723
1670 2 2 2 1 4340 506 4628
1671 2 2 2 1 471 3578 3907
1672 2 2 2 1 836 837 848
1673 2 2 2 1 2330 2329 2876
1674 2 2 2 1 2698 3828 4010
1675 2 2 2 1 557 2945 3430
1676 2 2 2 1 845 844 851
1677 2 2 2 1 2007 3285 4230
1678 2 2 2 1 1138 1219 4388
1679 2 2 2 1 890 1095 2578
1680 2 2 2 1 1034 1037 1046
1681 2 2 2 1 740 3311 3857
1682 2 2 2 1 2410 892 4360
1683 2 2 2 1 1479 3031 4564
1684 2 2 2 1 1502 1527 3455
1685 2 2 2 1 3827 1215 4119
1686 2 2 2 1 1592 1194 1648
1687 2 2 2 1 1105 1189 3198
1688 2 2 2 1 1204 1206 1255
1689 2 2 2 1 1335 1336 1403
1690 2 2 2 1 1632 1634 3173
1691 2 2 2 1 704 1276 2465
1692 2 2 2 1 1473 1475 1491
1693 2 2 2 1 1505 3043 4121
1694 2 2 2 1 1937 1940 2833
1695 2 2 2 1 759 762 4659
1696 2 2 2 1 3528 2644 3537
1697 2 2 2 1 1965 2427 3044
1698 2 2 2 1 571 30 3155
1699 2 2 2 1 2462 2255 2985
1700 2 2 2 1 1589 1543 1682
1701 2 2 2 1 2799 1545 2801
1702 2 2 2 1 904 902 1054
1703 2 2 2 1 3685 2579 4276
1704 2 2 2 1 1059 1040 2972
1705 2 2 2 1 545 3556 4318
1706 2 2 2 1 2629 2310 2989
1707 2 2 2 1 1219 1668 1676
1708 2 2 2 1 2776 3276 4704
1709 2 2 2 1 1349 1388 2919
1710 2 2 2 1 3511 2514 4125
1711 2 2 2 1 1247 1186 1643
1712 2 2 2 1 2615 4042 4427
1713 2 2 2 1 1484 1486 1487
1714 2 2 2 1 1726 2321 3604
1715 2 2 2 1 668 2802 2804
1716 2 2 2 1 1040 1039 2972
1717 2 2 2 1 2846 2125 3777
1718 2 2 2 1 1459 1461 3270
1719 2 2 2 1 3524 2336 4401
1720 2 2 2 1 2893 543 3440
1721 2 2 2 1 2409 3685 4304
1722 2 2 2 1 4211 3980 4639
1723 2 2 2 1 580 2986 2987
1724 2 2 2 1 584 2815 4002
1725 2 2 2 1 1984 2121 2515
1726 2 2 2 1 852 851 858
1727 2 2 2 1 4183 3932 4373
1728 2 2 2 1 1497 1573 1649
1729 2 2 2 1 1123 1124 1192
1730 2 2 2 1 2745 3001 4263
1731 2 2 2 1 2599 2993 4509
1732 2 2 2 1 2807 4095 4333
1733 2 2 2 1 1341 1342 1343
1734 2 2 2 1 2938 2313 2939
1735 2 2 2 1 3522 512 4370
1736 2 2 2 1 3521 3030 4301
1737 2 2 2 1 2831 3850 4610
1738 2 2 2 1 2900 2901 2902
1739 2 2 2 1 1522 1523 3003
1740 2 2 2 1 2323 2946 2947
1741 2 2 2 1 1019 2650 3712
1742 2 2 2 1 759 761 762
1743 2 2 2 1 1733 2177 3096
1744 2 2 2 1 2264 3591 3592
1745 2 2 2 1 1407 3205 4813
1746 2 2 2 1 2640 1514 3238
1747 2 2 2 1 1804 1152 2827
1748 2 2 2 1 2503 2502 3031
1749 2 2 2 1 2985 2255 4743
1750 2 2 2 1 536 2904 3843
1751 2 2 2 1 848 849 856
1752 2 2 2 1 3281 2673 3935
1753 2 2 2 1 3195 616 3421
1754 2 2 2 1 4311 4050 4755
1755 2 2 2 1 2719 2720 2721
1756 2 2 2 1 2028 2841 4250
1757 2 2 2 1 1492 1558 1560
1758 2 2 2 1 3519 2697 4766
1759 2 2 2 1 650 3144 4348
1760 2 2 2 1 1616 1793 3071
1761 2 2 2 1 1691 1690 3263
1762 2 2 2 1 1084 926 2422
1763 2 2 2 1 462 3348 3628
1764 2 2 2 1 1102 1013 2879
1765 2 2 2 1 2772 2774 3006
1766 2 2 2 1 1513 2264 3592
1767 2 2 2 1 1826 2845 3659
1768 2 2 2 1 3152 2989 3648
1769 2 2 2 1 153 515 3319
1770 2 2 2 1 30 29 3155
1771 2 2 2 1 1103 1102 3228
1772 2 2 2 1 1255 1256 1604
1773 2 2 2 1 809 1803 3714
1774 2 2 2 1 1280 1282 1298
1775 2 2 2 1 1477 1482 1483
1776 2 2 2 1 3024 4266 4319
1777 2 2 2 1 2940 2051 3228
1778 2 2 2 1 1059 2972 3075
1779 2 2 2 1 3451 3639 3640
1780 2 2 2 1 3470 2758 4091
1781 2 2 2 1 1681 1515 3303
1782 2 2 2 1 2429 3890 4593
1783 2 2 2 1 3157 3510 3540
1784 2 2 2 1 3103 2331 3454
1785 2 2 2 1 4217 1694 4240
1786 2 2 2 1 1077 1117 1118
1787 2 2 2 1 1127 1126 1196
1788 2 2 2 1 559 2837 3903
1789 2 2 2 1 1579 1116 1580
1790 2 2 2 1 1455 2600 4624
1791 2 2 2 1 1672 2307 3118
1792 2 2 2 1 859 858 942
1793 2 2 2 1 772 773 2820
1794 2 2 2 1 2214 1253 3216
1795 2 2 2 1 1279 1280 3032
1796 2 2 2 1 876 2539 4446
1797 2 2 2 1 3002 4183 4373
1798 2 2 2 1 1443 1517 4371
1799 2 2 2 1 1063 1064 1076
1800 2 2 2 1 1118 1169 1171
1801 2 2 2 1 2504 2948 4222
1802 2 2 2 1 3000 1978 4231
1803 2 2 2 1 2316 2315 4029
1804 2 2 2 1 1425 3180 4035
1805 2 2 2 1 2646 3506 3913
1806 2 2 2 1 2533 2532 2535
1807 2 2 2 1 496 3509 3702
1808 2 2 2 1 512 3482 4370
1809 2 2 2 1 2815 584 3822
1810 2 2 2 1 2712 3601 3602
1811 2 2 2 1 2635 2103 4012
1812 2 2 2 1 853 3370 3963
1813 2 2 2 1 1192 1193 1216
1814 2 2 2 1 577 3018 3790
1815 2 2 2 1 1130 1129 1132
1816 2 2 2 1 939 3734 4404
1817 2 2 2 1 856 857 912
1818 2 2 2 1 2812 2448 4579
1819 2 2 2 1 818 815 827
1820 2 2 2 1 1290 1292 1296
1821 2 2 2 1 2505 1879 3009
1822 2 2 2 1 1171 1232 1233
1823 2 2 2 1 551 3088 3847
1824 2 2 2 1 2749 1045 2750
1825 2 2 2 1 2888 3096 3097
1826 2 2 2 1 892 2578 4360
1827 2 2 2 1 1314 1316 1434
1828 2 2 2 1 1226 1278 1279
1829 2 2 2 1 2478 2963 3633
1830 2 2 2 1 1982 3125 3307
1831 2 2 2 1 1517 2508 2509
1832 2 2 2 1 3346 4279 4366
1833 2 2 2 1 1261 1262 1724
1834 2 2 2 1 2783 2784 2785
1835 2 2 2 1 2525 2838 2873
1836 2 2 2 1 2203 3171 4208
1837 2 2 2 1 1348 1349 2919
1838 2 2 2 1 1461 1518 4406
1839 2 2 2 1 1302 1304 1439
1840 2 2 2 1 3535 584 4002
1841 2 2 2 1 2694 2696 2894
1842 2 2 2 1 684 682 713
1843 2 2 2 1 1112 3756 3845
1844 2 2 2 1 3381 594 3874
1845 2 2 2 1 3025 2240 3627
1846 2 2 2 1 3221 3652 4327
1847 2 2 2 1 2644 3528 3628
1848 2 2 2 1 653 652 654
1849 2 2 2 1 3254 573 3437
1850 2 2 2 1 1057 1040 1059
1851 2 2 2 1 723 725 726
1852 2 2 2 1 2513 4070 4761
1853 2 2 2 1 2923 789 3909
1854 2 2 2 1 2310 715 2778
1855 2 2 2 1 3446 3447 3494
1856 2 2 2 1 3168 562 4328
1857 2 2 2 1 3550 2979 4333
1858 2 2 2 1 860 954 4792
1859 2 2 2 1 2719 1491 2720
1860 2 2 2 1 1284 1286 1287
1861 2 2 2 1 2813 3180 3814
1862 2 2 2 1 3254 3568 4326
1863 2 2 2 1 902 900 4638
1864 2 2 2 1 1017 1073 1077
1865 2 2 2 1 3750 3878 4673
1866 2 2 2 1 714 712 715
1867 2 2 2 1 2683 3749 3750
1868 2 2 2 1 3515 2474 3775
1869 2 2 2 1 1331 1332 2871
1870 2 2 2 1 2209 2992 3044
1871 2 2 2 1 1649 1573 3260
1872 2 2 2 1 2985 4079 4286
1873 2 2 2 1 615 3380 3671
1874 2 2 2 1 2914 2904 4501
1875 2 2 2 1 1158 1185 3058
1876 2 2 2 1 647 714 2960
1877 2 2 2 1 947 946 952
1878 2 2 2 1 1560 1558 1628
1879 2 2 2 1 576 3550 4333
1880 2 2 2 1 1356 1357 1358
1881 2 2 2 1 2502 846 2504
1882 2 2 2 1 2325 3868 3998
1883 2 2 2 1 1030 1028 1039
1884 2 2 2 1 1034 1046 4472
1885 2 2 2 1 1518 1463 4561
1886 2 2 2 1 1571 2995 2996
1887 2 2 2 1 1682 2788 4332
1888 2 2 2 1 934 1090 4309
1889 2 2 2 1 786 795 2756
1890 2 2 2 1 1310 1312 1313
1891 2 2 2 1 1401 1422 2482
1892 2 2 2 1 1197 1196 1245
1893 2 2 2 1 2203 4208 4423
1894 2 2 2 1 3502 3607 4574
1895 2 2 2 1 962 908 963
1896 2 2 2 1 735 738 3855
1897 2 2 2 1 4046 1100 4584
1898 2 2 2 1 2095 2096 2406
1899 2 2 2 1 2788 1682 4411
1900 2 2 2 1 3529 2622 4429
1901 2 2 2 1 2364 1747 3049
1902 2 2 2 1 4106 3341 4112
1903 2 2 2 1 3486 3097 3969
1904 2 2 2 1 3647 3152 4618
1905 2 2 2 1 1576 1767 3132
1906 2 2 2 1 744 3151 4260
1907 2 2 2 1 1259 1260 1268
1908 2 2 2 1 1024 1022 1027
1909 2 2 2 1 4079 2985 4798
1910 2 2 2 1 3124 3930 4454
1911 2 2 2 1 3665 3158 4062
1912 2 2 2 1 2683 1074 3749
1913 2 2 2 1 4279 561 4366
1914 2 2 2 1 914 842 915
1915 2 2 2 1 2935 2515 4262
1916 2 2 2 1 2602 1537 3270
1917 2 2 2 1 519 3167 3700
1918 2 2 2 1 3031 1479 4151
1919 2 2 2 1 912 913 941
1920 2 2 2 1 1721 1509 1722
1921 2 2 2 1 3457 592 3948
1922 2 2 2 1 3755 2847 3756
1923 2 2 2 1 1235 1644 1645
1924 2 2 2 1 1704 1703 3202
1925 2 2 2 1 1219 1137 1220
1926 2 2 2 1 2838 3660 4249
1927 2 2 2 1 953 952 966
1928 2 2 2 1 1295 1300 1301
1929 2 2 2 1 1284 1287 4769
1930 2 2 2 1 863 862 864
1931 2 2 2 1 445 4080 4501
1932 2 2 2 1 648 2847 3755
1933 2 2 2 1 3515 3516 4548
1934 2 2 2 1 1358 1359 1360
1935 2 2 2 1 1430 1552 1554
1936 2 2 2 1 3506 582 3913
1937 2 2 2 1 3844 2104 3979
1938 2 2 2 1 1257 2513 3777
1939 2 2 2 1 3226 1696 4636
1940 2 2 2 1 3538 500 3727
1941 2 2 2 1 776 777 1614
1942 2 2 2 1 1133 1132 1186
1943 2 2 2 1 3594 2373 4235
1944 2 2 2 1 2672 2673 2674
1945 2 2 2 1 1628 1558 3454
1946 2 2 2 1 2606 2602 3270
1947 2 2 2 1 194 471 3062
1948 2 2 2 1 1572 1571 2997
1949 2 2 2 1 3506 3902 4717
1950 2 2 2 1 2992 1965 3044
1951 2 2 2 1 2382 3083 3202
1952 2 2 2 1 3971 2740 4316
1953 2 2 2 1 3818 4526 4624
1954 2 2 2 1 1842 1845 3621
1955 2 2 2 1 1259 1268 1814
1956 2 2 2 1 975 974 1016
1957 2 2 2 1 2497 3145 3240
1958 2 2 2 1 3737 3059 3936
1959 2 2 2 1 1306 1308 1309
1960 2 2 2 1 4042 2346 4427
1961 2 2 2 1 2635 4012 4204
1962 2 2 2 1 3504 2415 4339
1963 2 2 2 1 1828 2286 3098
1964 2 2 2 1 3056 1439 3687
1965 2 2 2 1 2448 2812 4441
1966 2 2 2 1 2817 2818 4679
1967 2 2 2 1 3064 3198 3199
1968 2 2 2 1 1554 3470 4091
1969 2 2 2 1 1088 1033 2633
1970 2 2 2 1 2898 2219 4253
1971 2 2 2 1 520 3589 3683
1972 2 2 2 1 765 767 768
1973 2 2 2 1 1520 1521 1522
1974 2 2 2 1 742 755 2752
1975 2 2 2 1 3003 2275 3004
1976 2 2 2 1 1549 1585 1586
1977 2 2 2 1 865 867 3765
1978 2 2 2 1 2984 1060 3297
1979 2 2 2 1 570 3801 4390
1980 2 2 2 1 1121 3234 3235
1981 2 2 2 1 1207 1274 1749
1982 2 2 2 1 1097 998 2499
1983 2 2 2 1 1318 1320 2856
1984 2 2 2 1 1187 1186 1247
1985 2 2 2 1 1701 1653 1702
1986 2 2 2 1 1619 1618 3067
1987 2 2 2 1 2959 591 3282
1988 2 2 2 1 904 4294 4460
1989 2 2 2 1 1058 2229 3795
1990 2 2 2 1 2997 2998 3133
1991 2 2 2 1 896 1094 4321
1992 2 2 2 1 2894 2696 2895
1993 2 2 2 1 2227 2879 2969
1994 2 2 2 1 617 3930 3970
1995 2 2 2 1 1668 1669 3118
1996 2 2 2 1 3084 2109 3975
1997 2 2 2 1 820 799 2125
1998 2 2 2 1 1360 1361 1362
1999 2 2 2 1 2837 559 4023
2000 2 2 2 1 2521 3833 4147
2001 2 2 2 1 2947 2946 3176
2002 2 2 2 1 1243 2110 3840
2003 2 2 2 1 1747 1589 3049
2004 2 2 2 1 1263 1261 3104
2005 2 2 2 1 1310 1313 4071
2006 2 2 2 1 1980 1981 2935
2007 2 2 2 1 2343 3498 4417
2008 2 2 2 1 1320 1322 1323
2009 2 2 2 1 789 2923 4683
2010 2 2 2 1 1139 1138 1140
2011 2 2 2 1 981 980 982
2012 2 2 2 1 841 839 844
2013 2 2 2 1 3746 1487 4073
2014 2 2 2 1 1670 1220 3661
2015 2 2 2 1 2770 4312 4583
2016 2 2 2 1 608 3187 4589
2017 2 2 2 1 3151 3870 4136
2018 2 2 2 1 1524 1520 2772
2019 2 2 2 1 2893 2469 3534
2020 2 2 2 1 2750 4057 4594
2021 2 2 2 1 4527 461 4706
2022 2 2 2 1 2920 2921 3796
2023 2 2 2 1 1850 1852 3134
2024 2 2 2 1 497 3215 3517
2025 2 2 2 1 3483 2889 4036
2026 2 2 2 1 3451 3640 4368
2027 2 2 2 1 1329 1327 3677
2028 2 2 2 1 1879 2670 4803
2029 2 2 2 1 1550 1549 2938
2030 2 2 2 1 756 753 757
2031 2 2 2 1 1028 1027 3170
2032 2 2 2 1 1183 2694 2894
2033 2 2 2 1 2126 3690 3752
2034 2 2 2 1 3865 4020 4104
2035 2 2 2 1 2650 3704 3712
2036 2 2 2 1 926 924 4716
2037 2 2 2 1 2849 2850 4329
2038 2 2 2 1 3434 3562 4776
2039 2 2 2 1 1879 757 2670
2040 2 2 2 1 366 367 3282
2041 2 2 2 1 1116 1115 4778
2042 2 2 2 1 1527 1683 1684
2043 2 2 2 1 436 437 3334
2044 2 2 2 1 3138 3656 4551
2045 2 2 2 1 546 3070 4097
2046 2 2 2 1 4336 1439 4499
2047 2 2 2 1 2157 2875 2915
2048 2 2 2 1 2711 971 4644
2049 2 2 2 1 2440 2437 2980
2050 2 2 2 1 1587 1553 1745
2051 2 2 2 1 2342 3134 3135
2052 2 2 2 1 1332 1334 1335
2053 2 2 2 1 2838 2524 2839
2054 2 2 2 1 2161 2164 2941
2055 2 2 2 1 114 479 3471
2056 2 2 2 1 3295 3491 4353
2057 2 2 2 1 3703 3697 4126
2058 2 2 2 1 2620 813 3829
2059 2 2 2 1 2538 1098 4711
2060 2 2 2 1 562 3168 4146
2061 2 2 2 1 1775 1774 3146
2062 2 2 2 1 3108 2822 3475
2063 2 2 2 1 3059 2300 3623
2064 2 2 2 1 3675 2325 3998
2065 2 2 2 1 3017 1483 4443
2066 2 2 2 1 1588 1216 1746
2067 2 2 2 1 3122 532 3123
2068 2 2 2 1 2978 3215 4200
2069 2 2 2 1 1099 990 2836
2070 2 2 2 1 541 3585 3893
2071 2 2 2 1 1366 1367 1368
2072 2 2 2 1 3077 3165 3432
2073 2 2 2 1 1382 2768 2770
2074 2 2 2 1 1057 1059 3139
2075 2 2 2 1 860 834 861
2076 2 2 2 1 1467 1469 3238
2077 2 2 2 1 655 654 656
2078 2 2 2 1 1508 1721 1726
2079 2 2 2 1 3378 611 3380
2080 2 2 2 1 987 986 988
2081 2 2 2 1 958 856 3908
2082 2 2 2 1 600 2999 4380
2083 2 2 2 1 2447 3122 3123
2084 2 2 2 1 1984 2083 2121
2085 2 2 2 1 769 771 772
2086 2 2 2 1 710 796 797
2087 2 2 2 1 1376 1420 2634
2088 2 2 2 1 3030 2851 3260
2089 2 2 2 1 922 920 4663
2090 2 2 2 1 2682 4255 4386
2091 2 2 2 1 956 915 957
2092 2 2 2 1 865 864 866
2093 2 2 2 1 2600 1537 2601
2094 2 2 2 1 154 3319 4252
2095 2 2 2 1 3688 2505 3842
2096 2 2 2 1 797 803 804
2097 2 2 2 1 1349 1351 1388
2098 2 2 2 1 1508 1726 3604
2099 2 2 2 1 2128 4008 4099
2100 2 2 2 1 3702 3509 4688
2101 2 2 2 1 2342 1850 3134
2102 2 2 2 1 1328 1330 1331
2103 2 2 2 1 2917 676 4492
2104 2 2 2 1 2611 2610 3015
2105 2 2 2 1 1223 1575 1791
2106 2 2 2 1 4095 576 4333
2107 2 2 2 1 2932 965 4029
2108 2 2 2 1 3388 375 4061
2109 2 2 2 1 2406 2407 2453
2110 2 2 2 1 1128 1069 1131
2111 2 2 2 1 1668 1220 1669
2112 2 2 2 1 2790 2122 2791
2113 2 2 2 1 1527 1504 1528
2114 2 2 2 1 2805 3947 4075
2115 2 2 2 1 788 2570 4488
2116 2 2 2 1 814 2255 2461
2117 2 2 2 1 1338 1340 1341
2118 2 2 2 1 729 731 732
2119 2 2 2 1 2748 2404 4096
2120 2 2 2 1 3107 1098 4588
2121 2 2 2 1 1368 1369 1370
2122 2 2 2 1 917 916 918
2123 2 2 2 1 2608 3699 4818
2124 2 2 2 1 2219 2898 3787
2125 2 2 2 1 1344 1346 1348
2126 2 2 2 1 1327 1427 3677
2127 2 2 2 1 437 524 3334
2128 2 2 2 1 1268 1729 2887
2129 2 2 2 1 3071 1793 3072
2130 2 2 2 1 3891 2198 4590
2131 2 2 2 1 2865 2827 2866
2132 2 2 2 1 2482 1422 4210
2133 2 2 2 1 688 686 708
2134 2 2 2 1 1217 1259 3276
2135 2 2 2 1 1536 3255 4598
2136 2 2 2 1 2809 4272 4334
2137 2 2 2 1 521 3193 3194
2138 2 2 2 1 2743 977 4552
2139 2 2 2 1 989 988 990
2140 2 2 2 1 2516 2855 4801
2141 2 2 2 1 1878 3025 3627
2142 2 2 2 1 1162 1140 1174
2143 2 2 2 1 2712 2711 4644
2144 2 2 2 1 1223 1125 1224
2145 2 2 2 1 1108 3673 3807
2146 2 2 2 1 3241 3025 4141
2147 2 2 2 1 2521 2522 3833
2148 2 2 2 1 3067 1618 3069
2149 2 2 2 1 715 717 2778
2150 2 2 2 1 2630 3949 4191
2151 2 2 2 1 3163 3499 3572
2152 2 2 2 1 2712 970 4511
2153 2 2 2 1 1106 1072 1107
2154 2 2 2 1 3112 549 3991
2155 2 2 2 1 1580 2390 2965
2156 2 2 2 1 3015 1800 4486
2157 2 2 2 1 2848 3317 3835
2158 2 2 2 1 2098 2959 3283
2159 2 2 2 1 1593 1592 2992
2160 2 2 2 1 593 374 3388
2161 2 2 2 1 2121 2083 2122
2162 2 2 2 1 4216 2970 4456
2163 2 2 2 1 809 793 1803
2164 2 2 2 1 1937 1939 1940
2165 2 2 2 1 1115 1078 1181
2166 2 2 2 1 1435 3761 4011
2167 2 2 2 1 2447 3123 3263
2168 2 2 2 1 2178 3108 3475
2169 2 2 2 1 3584 2301 3737
2170 2 2 2 1 2090 1632 3173
2171 2 2 2 1 2491 4480 4638
2172 2 2 2 1 1062 1114 1539
2173 2 2 2 1 3866 3243 4442
2174 2 2 2 1 2854 4005 4450
2175 2 2 2 1 2953 4151 4725
2176 2 2 2 1 1033 957 1034
2177 2 2 2 1 882 880 4434
2178 2 2 2 1 1813 2329 2330
2179 2 2 2 1 1644 1233 2990
2180 2 2 2 1 680 813 2620
2181 2 2 2 1 1767 2374 3132
2182 2 2 2 1 1279 3032 3033
2183 2 2 2 1 808 651 822
2184 2 2 2 1 1265 1692 3197
2185 2 2 2 1 2465 2466 3126
2186 2 2 2 1 1216 1217 3276
2187 2 2 2 1 1688 1538 1689
2188 2 2 2 1 1142 1107 1143
2189 2 2 2 1 2748 4096 4622
2190 2 2 2 1 3347 3344 4561
2191 2 2 2 1 3789 1228 4068
2192 2 2 2 1 2841 2028 4586
2193 2 2 2 1 2951 513 4058
2194 2 2 2 1 867 866 868
2195 2 2 2 1 1370 1371 1372
2196 2 2 2 1 3938 1038 3987
2197 2 2 2 1 2695 1555 3637
2198 2 2 2 1 1940 1941 1942
2199 2 2 2 1 2206 2738 3860
2200 2 2 2 1 3198 2188 3199
2201 2 2 2 1 2677 3500 3570
2202 2 2 2 1 1182 1174 1183
2203 2 2 2 1 3965 4710 4790
2204 2 2 2 1 575 3272 3315
2205 2 2 2 1 946 943 4571
2206 2 2 2 1 696 690 3016
2207 2 2 2 1 682 680 2620
2208 2 2 2 1 1217 1258 1259
2209 2 2 2 1 1501 1490 1502
2210 2 2 2 1 3413 3783 4604
2211 2 2 2 1 795 2844 4225
2212 2 2 2 1 1077 1119 3684
2213 2 2 2 1 2484 2854 3966
2214 2 2 2 1 1511 4222 4234
2215 2 2 2 1 3100 3101 3957
2216 2 2 2 1 3125 3124 4454
2217 2 2 2 1 1122 1194 1195
2218 2 2 2 1 886 884 4245
2219 2 2 2 1 1707 1704 3202
2220 2 2 2 1 1447 1546 4517
2221 2 2 2 1 1071 1049 1072
2222 2 2 2 1 773 775 776
2223 2 2 2 1 3353 3351 4410
2224 2 2 2 1 991 990 992
2225 2 2 2 1 1595 1593 1596
2226 2 2 2 1 804 806 807
2227 2 2 2 1 1246 1245 1547
2228 2 2 2 1 2991 876 4446
2229 2 2 2 1 2753 2754 3781
2230 2 2 2 1 720 719 721
2231 2 2 2 1 1253 1251 3216
2232 2 2 2 1 1203 1143 1204
2233 2 2 2 1 657 656 658
2234 2 2 2 1 2160 2942 3232
2235 2 2 2 1 2709 2819 3891
2236 2 2 2 1 3147 2236 3148
2237 2 2 2 1 1376 1377 1378
2238 2 2 2 1 945 943 946
2239 2 2 2 1 2451 2069 3119
2240 2 2 2 1 3065 3004 3995
2241 2 2 2 1 3748 2625 4068
2242 2 2 2 1 4470 2910 4601
2243 2 2 2 1 1702 1653 2762
2244 2 2 2 1 1833 3059 3623
2245 2 2 2 1 2400 1101 2950
2246 2 2 2 1 2912 4217 4240
2247 2 2 2 1 1255 1206 1256
2248 2 2 2 1 2978 1782 3619
2249 2 2 2 1 1184 1183 1198
2250 2 2 2 1 1662 1572 1663
2251 2 2 2 1 2827 1696 3131
2252 2 2 2 1 3070 546 4458
2253 2 2 2 1 1353 1355 1356
2254 2 2 2 1 1382 1383 1384
2255 2 2 2 1 1532 1535 3255
2256 2 2 2 1 2169 4377 4653
2257 2 2 2 1 1645 1644 1685
2258 2 2 2 1 1612 1297 1642
2259 2 2 2 1 1046 1037 1047
2260 2 2 2 1 697 696 698
2261 2 2 2 1 2742 980 2743
2262 2 2 2 1 2948 2536 3300
2263 2 2 2 1 2808 2979 3965
2264 2 2 2 1 2524 910 2952
2265 2 2 2 1 2922 2341 3739
2266 2 2 2 1 1220 1137 3661
2267 2 2 2 1 1022 2683 4673
2268 2 2 2 1 1021 1074 2683
2269 2 2 2 1 1060 986 3297
2270 2 2 2 1 1251 1198 1615
2271 2 2 2 1 3868 3869 3998
2272 2 2 2 1 1178 1093 1179
2273 2 2 2 1 1343 1344 2949
2274 2 2 2 1 2939 3110 4347
2275 2 2 2 1 2387 2986 3530
2276 2 2 2 1 2266 1711 3080
2277 2 2 2 1 1601 1599 1602
2278 2 2 2 1 1487 1488 4073
2279 2 2 2 1 1006 3235 3236
2280 2 2 2 1 768 3895 4226
2281 2 2 2 1 1555 1140 3093
2282 2 2 2 1 3207 3208 4040
2283 2 2 2 1 2386 3030 3260
2284 2 2 2 1 2852 817 4005
2285 2 2 2 1 869 868 870
2286 2 2 2 1 3983 4003 4135
2287 2 2 2 1 1487 1486 1488
2288 2 2 2 1 1248 1247 1249
2289 2 2 2 1 2625 2624 3789
2290 2 2 2 1 1590 1589 1747
2291 2 2 2 1 3144 650 3259
2292 2 2 2 1 954 861 955
2293 2 2 2 1 1151 1131 1236
2294 2 2 2 1 1622 1619 3067
2295 2 2 2 1 1200 1129 2771
2296 2 2 2 1 2584 2931 4780
2297 2 2 2 1 1358 1412 2609
2298 2 2 2 1 919 918 920
2299 2 2 2 1 4080 2914 4501
2300 2 2 2 1 1384 1385 1386
2301 2 2 2 1 993 992 994
2302 2 2 2 1 2714 2350 4372
2303 2 2 2 1 1426 3179 4572
2304 2 2 2 1 1815 1057 3139
2305 2 2 2 1 2798 1068 4228
2306 2 2 2 1 2885 3030 3521
2307 2 2 2 1 3792 2390 3883
2308 2 2 2 1 1086 974 2711
2309 2 2 2 1 1774 2261 3146
2310 2 2 2 1 2426 3457 3948
2311 2 2 2 1 1102 2940 3228
2312 2 2 2 1 1547 1245 2799
2313 2 2 2 1 973 971 974
2314 2 2 2 1 1613 1581 1916
2315 2 2 2 1 2823 2214 3216
2316 2 2 2 1 648 631 2847
2317 2 2 2 1 2887 1729 2888
2318 2 2 2 1 4710 2662 4790
2319 2 2 2 1 3170 2468 4794
2320 2 2 2 1 2746 2924 2925
2321 2 2 2 1 1085 898 3079
2322 2 2 2 1 2070 3813 3974
2323 2 2 2 1 1255 1604 1792
2324 2 2 2 1 3351 754 3352
2325 2 2 2 1 1115 2647 4778
2326 2 2 2 1 2823 3216 3217
2327 2 2 2 1 1538 1667 2946
2328 2 2 2 1 686 684 4676
2329 2 2 2 1 365 591 3022
2330 2 2 2 1 2805 2802 4436
2331 2 2 2 1 1573 1574 1720
2332 2 2 2 1 1764 1925 1926
2333 2 2 2 1 3921 2105 4044
2334 2 2 2 1 3279 4553 4776
2335 2 2 2 1 2578 1095 3291
2336 2 2 2 1 1795 1611 1796
2337 2 2 2 1 969 967 970
2338 2 2 2 1 806 803 4648
2339 2 2 2 1 2919 1388 3117
2340 2 2 2 1 3413 3412 3783
2341 2 2 2 1 629 630 631
2342 2 2 2 1 3099 3100 3957
2343 2 2 2 1 1265 1236 1692
2344 2 2 2 1 1201 1181 1202
2345 2 2 2 1 2925 2924 3676
2346 2 2 2 1 1515 1441 3303
2347 2 2 2 1 2074 2072 2855
2348 2 2 2 1 807 814 815
2349 2 2 2 1 1703 2382 3202
2350 2 2 2 1 2472 2847 4428
2351 2 2 2 1 3393 523 3394
2352 2 2 2 1 2813 2334 3179
2353 2 2 2 1 1664 1663 1665
2354 2 2 2 1 2166 2168 3186
2355 2 2 2 1 1539 1540 1541
2356 2 2 2 1 2713 4437 4507
2357 2 2 2 1 3131 1696 3226
2358 2 2 2 1 999 998 1000
2359 2 2 2 1 1570 1548 1571
2360 2 2 2 1 3250 4470 4601
2361 2 2 2 1 1729 1730 3096
2362 2 2 2 1 1483 1482 1484
2363 2 2 2 1 1386 1387 1389
2364 2 2 2 1 1618 1616 3071
2365 2 2 2 1 2669 2825 3641
2366 2 2 2 1 871 870 872
2367 2 2 2 1 979 977 980
2368 2 2 2 1 1356 2609 4493
2369 2 2 2 1 2894 2895 4625
2370 2 2 2 1 2637 2636 3656
2371 2 2 2 1 2867 461 4527
2372 2 2 2 1 1908 1909 3226
2373 2 2 2 1 2264 3590 3591
2374 2 2 2 1 1669 1671 1672
2375 2 2 2 1 1558 1559 3454
2376 2 2 2 1 659 658 660
2377 2 2 2 1 2204 2983 3883
2378 2 2 2 1 1298 1282 2880
2379 2 2 2 1 1599 1597 3627
2380 2 2 2 1 880 877 2991
2381 2 2 2 1 3146 2261 3196
2382 2 2 2 1 1019 955 2650
2383 2 2 2 1 520 3683 4288
2384 2 2 2 1 1436 1413 1437
2385 2 2 2 1 762 761 763
2386 2 2 2 1 3891 2819 4651
2387 2 2 2 1 3344 1518 4561
2388 2 2 2 1 742 743 744
2389 2 2 2 1 1549 1202 1585
2390 2 2 2 1 1199 1198 1251
2391 2 2 2 1 735 737 738
2392 2 2 2 1 757 759 2670
2393 2 2 2 1 921 920 922
2394 2 2 2 1 3703 2693 4485
2395 2 2 2 1 3018 577 3880
2396 2 2 2 1 803 2580 4648
2397 2 2 2 1 985 983 986
2398 2 2 2 1 1659 1651 2863
2399 2 2 2 1 1611 1603 3623
2400 2 2 2 1 2310 2778 4783
2401 2 2 2 1 526 409 3312
2402 2 2 2 1 1363 1365 1366
2403 2 2 2 1 2266 3080 3081
2404 2 2 2 1 2798 1221 4063
2405 2 2 2 1 1537 1459 3270
2406 2 2 2 1 1541 1543 1544
2407 2 2 2 1 3176 2886 4508
2408 2 2 2 1 3430 2690 3766
2409 2 2 2 1 1676 1668 2069
2410 2 2 2 1 1575 1576 3132
2411 2 2 2 1 1001 1000 1002
2412 2 2 2 1 3089 2355 3232
2413 2 2 2 1 1195 1592 1593
2414 2 2 2 1 1726 1721 1912
2415 2 2 2 1 2770 2768 4312
2416 2 2 2 1 1679 1515 1681
2417 2 2 2 1 2768 1384 4732
2418 2 2 2 1 2087 3159 3160
2419 2 2 2 1 1399 1400 1401
2420 2 2 2 1 2260 1772 3200
2421 2 2 2 1 3433 2976 4515
2422 2 2 2 1 2744 2745 4440
2423 2 2 2 1 1940 1942 1949
2424 2 2 2 1 1000 1097 3956
2425 2 2 2 1 543 2893 4399
2426 2 2 2 1 1389 1390 1391
2427 2 2 2 1 1495 1419 1496
2428 2 2 2 1 699 698 700
2429 2 2 2 1 629 633 4712
2430 2 2 2 1 4508 3525 4684
2431 2 2 2 1 3186 2540 3187
2432 2 2 2 1 3165 1565 3432
2433 2 2 2 1 3607 3502 4116
2434 2 2 2 1 1772 1557 3200
2435 2 2 2 1 1575 1224 1576
2436 2 2 2 1 418 419 3924
2437 2 2 2 1 2635 4276 4504
2438 2 2 2 1 2069 3118 3119
2439 2 2 2 1 2193 2074 2516
2440 2 2 2 1 1282 1284 2880
2441 2 2 2 1 1247 1643 2900
2442 2 2 2 1 2189 1263 2190
2443 2 2 2 1 1039 1028 3170
2444 2 2 2 1 2504 846 3954
2445 2 2 2 1 2107 2105 4576
2446 2 2 2 1 823 822 825
2447 2 2 2 1 666 911 4768
2448 2 2 2 1 1097 2499 3285
2449 2 2 2 1 2364 3049 3050
2450 2 2 2 1 873 872 874
2451 2 2 2 1 494 3485 4117
2452 2 2 2 1 2369 3539 3546
2453 2 2 2 1 3187 608 4088
2454 2 2 2 1 2976 4447 4515
2455 2 2 2 1 1516 1679 1680
2456 2 2 2 1 1414 1433 1650
2457 2 2 2 1 518 2821 4557
2458 2 2 2 1 1113 861 3714
2459 2 2 2 1 1821 4153 4251
2460 2 2 2 1 4134 3536 4621
2461 2 2 2 1 1592 1648 1965
2462 2 2 2 1 1766 1131 3712
2463 2 2 2 1 3465 3489 3848
2464 2 2 2 1 3377 3382 3383
2465 2 2 2 1 2999 3492 4667
2466 2 2 2 1 2802 666 4768
2467 2 2 2 1 1544 1589 1590
2468 2 2 2 1 1589 1682 3049
2469 2 2 2 1 1225 1179 1226
2470 2 2 2 1 567 3171 3632
2471 2 2 2 1 768 769 3895
2472 2 2 2 1 2522 3771 3833
2473 2 2 2 1 1401 1404 1405
2474 2 2 2 1 2425 3703 3778
2475 2 2 2 1 3096 2177 3097
2476 2 2 2 1 3180 2619 3814
2477 2 2 2 1 1149 4042 4082
2478 2 2 2 1 1604 1256 1605
2479 2 2 2 1 1926 2213 3619
2480 2 2 2 1 1145 3933 4076
2481 2 2 2 1 1110 1657 3251
2482 2 2 2 1 2943 2173 3051
2483 2 2 2 1 3294 3642 3876
2484 2 2 2 1 1806 2635 4504
2485 2 2 2 1 1778 1775 3146
2486 2 2 2 1 1539 2326 3707
2487 2 2 2 1 1279 1278 1280
2488 2 2 2 1 3097 537 4036
2489 2 2 2 1 1158 3058 3204
2490 2 2 2 1 2849 4329 4726
2491 2 2 2 1 115 3471 4367
2492 2 2 2 1 2842 4211 4639
2493 2 2 2 1 1546 2783 3324
2494 2 2 2 1 553 3187 4088
2495 2 2 2 1 1523 1526 1718
2496 2 2 2 1 2261 3113 3196
2497 2 2 2 1 1268 1269 1729
2498 2 2 2 1 2719 2721 2723
2499 2 2 2 1 1003 1002 1004
2500 2 2 2 1 1287 1286 1288
2501 2 2 2 1 3570 520 4288
2502 2 2 2 1 2502 2504 3185
2503 2 2 2 1 1439 1304 2700
2504 2 2 2 1 3396 3394 4028
2505 2 2 2 1 1982 1691 3263
2506 2 2 2 1 1690 2447 3263
2507 2 2 2 1 2803 4436 4768
2508 2 2 2 1 3145 3128 3240
2509 2 2 2 1 1192 1588 3063
2510 2 2 2 1 3168 3167 3910
2511 2 2 2 1 3912 2897 4459
2512 2 2 2 1 923 922 924
2513 2 2 2 1 3667 1554 4091
2514 2 2 2 1 2947 4508 4684
2515 2 2 2 1 2208 3114 3200
2516 2 2 2 1 3088 3086 3252
2517 2 2 2 1 779 781 782
2518 2 2 2 1 2114 3685 4276
2519 2 2 2 1 777 779 2961
2520 2 2 2 1 2639 1514 2640
2521 2 2 2 1 911 2803 4768
2522 2 2 2 1 2712 2966 4114
2523 2 2 2 1 3151 802 3870
2524 2 2 2 1 2960 2285 3964
2525 2 2 2 1 2472 2471 3756
2526 2 2 2 1 786 787 788
2527 2 2 2 1 1842 1844 1845
2528 2 2 2 1 3157 3540 4741
2529 2 2 2 1 2942 3089 3232
2530 2 2 2 1 3086 1893 3252
2531 2 2 2 1 4135 2793 4584
2532 2 2 2 1 661 660 662
2533 2 2 2 1 3088 551 4686
2534 2 2 2 1 123 3109 4108
2535 2 2 2 1 1389 1492 4379
2536 2 2 2 1 3308 3309 3915
2537 2 2 2 1 2400 3728 4457
2538 2 2 2 1 3967 3592 3968
2539 2 2 2 1 2661 2654 4019
2540 2 2 2 1 1859 3762 4680
2541 2 2 2 1 3018 2119 3790
2542 2 2 2 1 818 827 828
2543 2 2 2 1 2926 1889 3474
2544 2 2 2 1 3823 2805 4075
2545 2 2 2 1 861 834 3714
2546 2 2 2 1 3664 1042 4626
2547 2 2 2 1 2087 1756 3159
2548 2 2 2 1 2938 2939 4347
2549 2 2 2 1 964 1021 1022
2550 2 2 2 1 2865 2866 3694
2551 2 2 2 1 875 874 876
2552 2 2 2 1 2899 2795 4712
2553 2 2 2 1 1062 1539 3707
2554 2 2 2 1 1441 1442 1443
2555 2 2 2 1 4377 2170 4444
2556 2 2 2 1 1416 1494 1519
2557 2 2 2 1 828 831 832
2558 2 2 2 1 1762 1764 3619
2559 2 2 2 1 1017 1077 3684
2560 2 2 2 1 1191 1178 3943
2561 2 2 2 1 1576 1578 1767
2562 2 2 2 1 1104 1103 1105
2563 2 2 2 1 1131 1069 3712
2564 2 2 2 1 2418 1043 4396
2565 2 2 2 1 1405 1406 1407
2566 2 2 2 1 1595 1596 1597
2567 2 2 2 1 1889 1297 3474
2568 2 2 2 1 1373 1375 1376
2569 2 2 2 1 3106 3789 4525
2570 2 2 2 1 4272 578 4334
2571 2 2 2 1 2764 2863 3767
2572 2 2 2 1 1313 1312 1314
2573 2 2 2 1 3577 2279 4758
2574 2 2 2 1 2161 2163 2164
2575 2 2 2 1 2454 2814 3938
2576 2 2 2 1 962 963 964
2577 2 2 2 1 1926 1927 1928
2578 2 2 2 1 489 3971 4316
2579 2 2 2 1 1030 1039 1040
2580 2 2 2 1 1601 1602 1603
2581 2 2 2 1 1379 1381 1382
2582 2 2 2 1 457 4041 4111
2583 2 2 2 1 842 820 4715
2584 2 2 2 1 2895 4299 4625
2585 2 2 2 1 726 725 727
2586 2 2 2 1 1005 1004 1006
2587 2 2 2 1 1497 1437 1498
2588 2 2 2 1 1084 2422 3675
2589 2 2 2 1 939 844 2680
2590 2 2 2 1 2272 3646 4314
2591 2 2 2 1 1301 1300 1302
2592 2 2 2 1 3079 2358 4320
2593 2 2 2 1 829 825 830
2594 2 2 2 1 744 745 746
2595 2 2 2 1 2188 1263 2189
2596 2 2 2 1 3061 467 3327
2597 2 2 2 1 3066 2458 4609
2598 2 2 2 1 2902 2903 4772
2599 2 2 2 1 1657 3098 3251
2600 2 2 2 1 3225 3210 3922
2601 2 2 2 1 967 966 3901
2602 2 2 2 1 3773 3301 3798
2603 2 2 2 1 3348 2643 3628
2604 2 2 2 1 3028 1046 4365
2605 2 2 2 1 1363 1366 4740
2606 2 2 2 1 746 802 3151
2607 2 2 2 1 2817 4679 4757
2608 2 2 2 1 925 924 926
2609 2 2 2 1 1036 3830 4761
2610 2 2 2 1 2087 3160 3161
2611 2 2 2 1 1024 1027 1028
2612 2 2 2 1 3128 2054 3240
2613 2 2 2 1 3312 410 4177
2614 2 2 2 1 2454 2507 2814
2615 2 2 2 1 2983 2123 3883
2616 2 2 2 1 1597 1596 1878
2617 2 2 2 1 2838 2839 3660
2618 2 2 2 1 2773 3040 4723
2619 2 2 2 1 1756 1758 3159
2620 2 2 2 1 3016 690 4731
2621 2 2 2 1 881 880 882
2622 2 2 2 1 3553 2861 3581
2623 2 2 2 1 1852 1855 3134
2624 2 2 2 1 2168 2540 3186
2625 2 2 2 1 2721 2720 2722
2626 2 2 2 1 1863 1862 3289
2627 2 2 2 1 708 3590 4350
2628 2 2 2 1 1292 1295 2993
2629 2 2 2 1 1007 1006 3896
2630 2 2 2 1 3234 2257 3235
2631 2 2 2 1 1045 918 4487
2632 2 2 2 1 1824 1604 3262
2633 2 2 2 1 1559 1890 1891
2634 2 2 2 1 1295 1301 4509
2635 2 2 2 1 4407 3986 4456
2636 2 2 2 1 3499 3163 4448
2637 2 2 2 1 1304 1306 2700
2638 2 2 2 1 1101 1191 2950
2639 2 2 2 1 1675 1765 3222
2640 2 2 2 1 2845 1826 4568
2641 2 2 2 1 570 3493 3801
2642 2 2 2 1 3559 2486 3654
2643 2 2 2 1 2104 3844 4817
2644 2 2 2 1 1491 1475 4605
2645 2 2 2 1 2306 4168 4392
2646 2 2 2 1 1044 1101 2400
2647 2 2 2 1 3064 1167 3198
2648 2 2 2 1 2794 2790 4461
2649 2 2 2 1 1407 1408 1409
2650 2 2 2 1 1604 1605 3262
2651 2 2 2 1 747 741 3857
2652 2 2 2 1 1012 1011 1013
2653 2 2 2 1 4583 3803 4614
2654 2 2 2 1 1384 1438 4732
2655 2 2 2 1 1559 1891 1914
2656 2 2 2 1 2848 590 4570
2657 2 2 2 1 1543 1540 4821
2658 2 2 2 1 1545 1196 3164
2659 2 2 2 1 3747 2287 4396
2660 2 2 2 1 695 690 696
2661 2 2 2 1 642 644 645
2662 2 2 2 1 2888 3097 4036
2663 2 2 2 1 3933 2546 4076
2664 2 2 2 1 2580 2581 4450
2665 2 2 2 1 491 3629 4353
2666 2 2 2 1 1309 1308 1310
2667 2 2 2 1 789 785 3909
2668 2 2 2 1 1573 1498 1574
2669 2 2 2 1 1711 1709 3080
2670 2 2 2 1 4109 1061 4212
2671 2 2 2 1 2694 2695 2696
2672 2 2 2 1 2871 1335 4692
2673 2 2 2 1 4463 2611 4486
2674 2 2 2 1 1603 1602 1833
2675 2 2 2 1 523 3393 3395
2676 2 2 2 1 3592 3591 3968
2677 2 2 2 1 2895 4275 4299
2678 2 2 2 1 832 838 839
2679 2 2 2 1 3185 1510 4564
2680 2 2 2 1 1520 1496 1521
2681 2 2 2 1 2093 2215 3395
2682 2 2 2 1 2164 2165 2166
2683 2 2 2 1 820 2846 4715
2684 2 2 2 1 1867 1866 3149
2685 2 2 2 1 3310 3311 3872
2686 2 2 2 1 1795 1796 1797
2687 2 2 2 1 2821 518 4577
2688 2 2 2 1 2847 632 4428
2689 2 2 2 1 3082 1979 3083
2690 2 2 2 1 701 700 702
2691 2 2 2 1 3069 1618 3071
2692 2 2 2 1 2872 2536 2948
2693 2 2 2 1 3114 2260 3200
2694 2 2 2 1 997 995 998
2695 2 2 2 1 3938 3987 4307
2696 2 2 2 1 1272 1695 1970
2697 2 2 2 1 1798 3659 4466
2698 2 2 2 1 1443 1444 1445
2699 2 2 2 1 2709 3891 4668
2700 2 2 2 1 640 641 642
2701 2 2 2 1 663 662 664
2702 2 2 2 1 802 2475 3820
2703 2 2 2 1 1316 1318 3039
2704 2 2 2 1 1845 1846 1847
2705 2 2 2 1 3566 548 3644
2706 2 2 2 1 3199 1692 4087
2707 2 2 2 1 3481 2343 3955
2708 2 2 2 1 1341 1343 4600
2709 2 2 2 1 2957 3558 4717
2710 2 2 2 1 1584 1455 4624
2711 2 2 2 1 2913 2911 3939
2712 2 2 2 1 1123 1075 1124
2713 2 2 2 1 883 882 884
2714 2 2 2 1 591 3021 3022
2715 2 2 2 1 248 544 4630
2716 2 2 2 1 1650 1651 1652
2717 2 2 2 1 1586 1585 1816
2718 2 2 2 1 2735 4027 4186
2719 2 2 2 1 3959 3888 4153
2720 2 2 2 1 2868 946 2869
2721 2 2 2 1 1684 1683 2111
2722 2 2 2 1 4042 2615 4082
2723 2 2 2 1 2781 2482 4045
2724 2 2 2 1 1567 1565 3165
2725 2 2 2 1 1117 1073 4690
2726 2 2 2 1 3167 519 3910
2727 2 2 2 1 2941 2173 2943
2728 2 2 2 1 367 609 3282
2729 2 2 2 1 591 366 3282
2730 2 2 2 1 2735 2737 4027
2731 2 2 2 1 1765 2526 3222
2732 2 2 2 1 739 741 742
2733 2 2 2 1 470 3521 4301
2734 2 2 2 1 2774 3005 3006
2735 2 2 2 1 3005 3004 3065
2736 2 2 2 1 2796 1356 4493
2737 2 2 2 1 1434 3039 4413
2738 2 2 2 1 1052 1013 1053
2739 2 2 2 1 2850 1649 2851
2740 2 2 2 1 3076 482 4385
2741 2 2 2 1 2145 2146 3156
2742 2 2 2 1 927 926 928
2743 2 2 2 1 606 3279 4776
2744 2 2 2 1 1409 1417 1418
2745 2 2 2 1 487 2830 4338
2746 2 2 2 1 2680 839 4697
2747 2 2 2 1 3517 3215 4559
2748 2 2 2 1 836 830 837
2749 2 2 2 1 3867 554 4284
2750 2 2 2 1 3277 888 4810
2751 2 2 2 1 1434 1316 3039
2752 2 2 2 1 1605 1607 1902
2753 2 2 2 1 4451 1018 4485
2754 2 2 2 1 1880 2505 3688
2755 2 2 2 1 1195 1594 3749
2756 2 2 2 1 2002 2001 3162
2757 2 2 2 1 1937 2833 4819
2758 2 2 2 1 2967 602 3911
2759 2 2 2 1 2598 4134 4621
2760 2 2 2 1 529 3178 4297
2761 2 2 2 1 2966 2965 4114
2762 2 2 2 1 822 651 3755
2763 2 2 2 1 788 790 791
2764 2 2 2 1 2783 2785 3324
2765 2 2 2 1 1323 1322 1324
2766 2 2 2 1 1998 1996 3275
2767 2 2 2 1 3118 2307 3119
2768 2 2 2 1 3827 4119 4178
2769 2 2 2 1 1396 1398 1399
2770 2 2 2 1 1099 2836 4158
2771 2 2 2 1 1634 1980 3173
2772 2 2 2 1 3356 1273 3357
2773 2 2 2 1 1709 1707 1979
2774 2 2 2 1 3558 2957 4343
2775 2 2 2 1 1445 1446 1447
2776 2 2 2 1 1797 1796 1825
2777 2 2 2 1 2583 4352 4459
2778 2 2 2 1 1250 1249 1556
2779 2 2 2 1 1122 1195 3749
2780 2 2 2 1 1252 1251 1253
2781 2 2 2 1 3704 1766 3712
2782 2 2 2 1 2993 1295 4509
2783 2 2 2 1 2511 2512 4345
2784 2 2 2 1 3073 3077 4385
2785 2 2 2 1 638 639 640
2786 2 2 2 1 1891 1893 3086
2787 2 2 2 1 3622 2922 3739
2788 2 2 2 1 1652 1653 1701
2789 2 2 2 1 2330 2876 2877
2790 2 2 2 1 768 767 769
2791 2 2 2 1 1065 3647 4820
2792 2 2 2 1 1032 3251 4155
2793 2 2 2 1 1296 1292 2993
2794 2 2 2 1 2657 2660 3243
2795 2 2 2 1 1718 1719 1755
2796 2 2 2 1 2505 3010 3842
2797 2 2 2 1 1942 1943 1944
2798 2 2 2 1 2409 2579 3685
2799 2 2 2 1 1112 822 3755
2800 2 2 2 1 1565 1562 3432
2801 2 2 2 1 605 3082 4742
2802 2 2 2 1 1561 2226 3432
2803 2 2 2 1 2852 2853 4743
2804 2 2 2 1 2342 3135 3955
2805 2 2 2 1 1814 1268 2887
2806 2 2 2 1 461 2867 4426
2807 2 2 2 1 1586 1816 1822
2808 2 2 2 1 3285 2007 3695
2809 2 2 2 1 1087 1126 1127
2810 2 2 2 1 2164 2166 2173
2811 2 2 2 1 1079 1116 1579
2812 2 2 2 1 1566 1565 1567
2813 2 2 2 1 2769 4312 4732
2814 2 2 2 1 2820 776 4691
2815 2 2 2 1 1370 1430 4382
2816 2 2 2 1 3555 3036 3617
2817 2 2 2 1 2771 4137 4537
2818 2 2 2 1 1771 1557 1772
2819 2 2 2 1 3071 3072 4097
2820 2 2 2 1 2801 1545 4140
2821 2 2 2 1 1392 1394 1395
2822 2 2 2 1 1519 1538 1688
2823 2 2 2 1 885 884 886
2824 2 2 2 1 1026 963 2395
2825 2 2 2 1 1749 1274 1906
2826 2 2 2 1 982 2742 4469
2827 2 2 2 1 3357 1273 3358
2828 2 2 2 1 824 2532 2533
2829 2 2 2 1 2962 573 3982
2830 2 2 2 1 1564 1562 1565
2831 2 2 2 1 1675 1678 1765
2832 2 2 2 1 539 3181 3565
2833 2 2 2 1 2444 1108 3807
2834 2 2 2 1 2889 3480 4258
2835 2 2 2 1 1121 3751 4771
2836 2 2 2 1 1095 888 3277
2837 2 2 2 1 841 844 845
2838 2 2 2 1 1808 1689 1809
2839 2 2 2 1 1584 2929 4232
2840 2 2 2 1 1861 2767 3460
2841 2 2 2 1 2988 1309 4826
2842 2 2 2 1 3298 2354 4034
2843 2 2 2 1 783 785 786
2844 2 2 2 1 1730 1732 1733
2845 2 2 2 1 845 851 852
2846 2 2 2 1 3123 3125 3263
2847 2 2 2 1 1447 1448 1449
2848 2 2 2 1 2404 3063 4096
2849 2 2 2 1 2204 3605 3816
2850 2 2 2 1 3519 483 3678
2851 2 2 2 1 3132 2374 3201
2852 2 2 2 1 1063 941 1064
2853 2 2 2 1 799 721 2878
2854 2 2 2 1 2681 2680 2682
2855 2 2 2 1 1972 3026 3923
2856 2 2 2 1 2486 3559 4179
2857 2 2 2 1 1587 1745 1817
2858 2 2 2 1 3088 3252 3847
2859 2 2 2 1 1764 1926 3619
2860 2 2 2 1 929 928 930
2861 2 2 2 1 4101 801 4356
2862 2 2 2 1 649 652 653
2863 2 2 2 1 2939 3867 4284
2864 2 2 2 1 927 929 3958
2865 2 2 2 1 3930 3124 3970
2866 2 2 2 1 1949 1942 3246
2867 2 2 2 1 1552 1587 3470
2868 2 2 2 1 557 3430 4176
2869 2 2 2 1 909 3663 3856
2870 2 2 2 1 3171 3172 3632
2871 2 2 2 1 4012 1111 4204
2872 2 2 2 1 1335 1334 1336
2873 2 2 2 1 1070 1129 1130
2874 2 2 2 1 2412 1834 3201
2875 2 2 2 1 1758 1760 1761
2876 2 2 2 1 2659 3895 4782
2877 2 2 2 1 1624 1622 2097
2878 2 2 2 1 672 669 2974
2879 2 2 2 1 939 2681 3734
2880 2 2 2 1 3762 4359 4360
2881 2 2 2 1 1791 1575 1834
2882 2 2 2 1 1264 3774 3776
2883 2 2 2 1 665 664 666
2884 2 2 2 1 558 2973 4483
2885 2 2 2 1 2156 2160 3232
2886 2 2 2 1 746 748 749
2887 2 2 2 1 2507 2506 4311
2888 2 2 2 1 3040 3007 3062
2889 2 2 2 1 3701 528 3780
2890 2 2 2 1 1179 1093 3768
2891 2 2 2 1 848 837 849
2892 2 2 2 1 3833 3771 4617
2893 2 2 2 1 1773 1772 1774
2894 2 2 2 1 1852 1854 1855
2895 2 2 2 1 4020 3865 4021
2896 2 2 2 1 3767 2863 4197
2897 2 2 2 1 3980 1422 4542
2898 2 2 2 1 3557 3582 3721
2899 2 2 2 1 3073 1793 3165
2900 2 2 2 1 1160 4039 4227
2901 2 2 2 1 2945 557 4252
2902 2 2 2 1 1522 1521 1523
2903 2 2 2 1 1754 3863 4113
2904 2 2 2 1 1108 1106 3940
2905 2 2 2 1 1412 2922 3026
2906 2 2 2 1 3168 3910 4146
2907 2 2 2 1 3708 451 3835
2908 2 2 2 1 1666 1665 1862
2909 2 2 2 1 1439 2700 4499
2910 2 2 2 1 2434 2433 2435
2911 2 2 2 1 649 653 3102
2912 2 2 2 1 3399 826 3642
2913 2 2 2 1 2458 3066 4257
2914 2 2 2 1 1514 1467 3238
2915 2 2 2 1 1331 1330 1332
2916 2 2 2 1 1834 3132 3201
2917 2 2 2 1 1343 1342 1344
2918 2 2 2 1 2396 3253 4649
2919 2 2 2 1 4052 3153 4419
2920 2 2 2 1 1777 1775 1778
2921 2 2 2 1 1449 1450 1451
2922 2 2 2 1 848 958 4407
2923 2 2 2 1 2240 1602 3627
2924 2 2 2 1 1542 1114 2751
2925 2 2 2 1 1540 2672 4821
2926 2 2 2 1 1277 1179 3768
2927 2 2 2 1 3274 3273 4425
2928 2 2 2 1 1702 3273 3274
2929 2 2 2 1 1560 1628 1629
2930 2 2 2 1 3046 1536 3724
2931 2 2 2 1 2690 3038 3766
2932 2 2 2 1 2721 2722 2724
2933 2 2 2 1 2877 2876 3153
2934 2 2 2 1 3080 1979 3082
2935 2 2 2 1 2981 464 3799
2936 2 2 2 1 1409 1440 3205
2937 2 2 2 1 645 646 647
2938 2 2 2 1 3085 2930 4706
2939 2 2 2 1 887 886 888
2940 2 2 2 1 1724 1262 1725
2941 2 2 2 1 579 3264 4654
2942 2 2 2 1 726 965 3752
2943 2 2 2 1 1225 3038 3793
2944 2 2 2 1 2369 3546 4401
2945 2 2 2 1 2095 1614 2096
2946 2 2 2 1 2089 810 3937
2947 2 2 2 1 4028 3394 4650
2948 2 2 2 1 1483 3011 4443
2949 2 2 2 1 3939 2911 4518
2950 2 2 2 1 1341 1340 1342
2951 2 2 2 1 1070 1130 3106
2952 2 2 2 1 1557 1556 3200
2953 2 2 2 1 1372 1373 4612
2954 2 2 2 1 3264 579 4132
2955 2 2 2 1 1232 2779 4541
2956 2 2 2 1 2275 1755 3214
2957 2 2 2 1 970 2712 4644
2958 2 2 2 1 2639 2640 2641
2959 2 2 2 1 3309 784 3915
2960 2 2 2 1 1588 1746 2136
2961 2 2 2 1 1027 1022 4673
2962 2 2 2 1 1125 1086 4093
2963 2 2 2 1 3311 740 3872
2964 2 2 2 1 3777 2513 4761
2965 2 2 2 1 2056 2058 2059
2966 2 2 2 1 2584 1655 3192
2967 2 2 2 1 513 2951 4476
2968 2 2 2 1 1378 1379 4614
2969 2 2 2 1 1580 1613 2390
2970 2 2 2 1 794 810 2089
2971 2 2 2 1 879 877 880
2972 2 2 2 1 852 858 859
2973 2 2 2 1 2378 2978 4200
2974 2 2 2 1 1548 1547 2995
2975 2 2 2 1 2749 2750 4594
2976 2 2 2 1 1708 1707 1709
2977 2 2 2 1 2331 3103 4041
2978 2 2 2 1 1573 1720 3260
2979 2 2 2 1 1672 1671 1673
2980 2 2 2 1 3105 610 4720
2981 2 2 2 1 2494 1824 3262
2982 2 2 2 1 1155 1158 3204
2983 2 2 2 1 703 702 704
2984 2 2 2 1 2146 2149 3156
2985 2 2 2 1 3721 3582 4637
2986 2 2 2 1 631 630 632
2987 2 2 2 1 1779 1778 1780
2988 2 2 2 1 1866 1863 3289
2989 2 2 2 1 2157 2915 3680
2990 2 2 2 1 1046 1047 4616
2991 2 2 2 1 1556 1249 2207
2992 2 2 2 1 2185 1271 3158
2993 2 2 2 1 3855 4505 4757
2994 2 2 2 1 931 930 932
2995 2 2 2 1 3149 1866 3150
2996 2 2 2 1 1348 1346 1349
2997 2 2 2 1 1718 1526 1719
2998 2 2 2 1 1273 3356 3634
2999 2 2 2 1 2897 1326 4689
3000 2 2 2 1 835 862 863
3001 2 2 2 1 3045 1918 4142
3002 2 2 2 1 3767 2773 4723
3003 2 2 2 1 1920 1715 3166
3004 2 2 2 1 1623 1622 1624
3005 2 2 2 1 2534 2531 3741
3006 2 2 2 1 3795 2229 3837
3007 2 2 2 1 1926 1925 1927
3008 2 2 2 1 1010 1007 1011
3009 2 2 2 1 594 3381 4538
3010 2 2 2 1 1793 1567 3165
3011 2 2 2 1 4140 1545 4804
3012 2 2 2 1 2323 2947 4684
3013 2 2 2 1 1451 1452 1453
3014 2 2 2 1 952 2868 4747
3015 2 2 2 1 1855 1856 1857
3016 2 2 2 1 1940 1939 1941
3017 2 2 2 1 755 744 4260
3018 2 2 2 1 772 771 773
3019 2 2 2 1 2154 2156 3232
3020 2 2 2 1 1733 1734 1835
3021 2 2 2 1 1641 3728 4049
3022 2 2 2 1 1679 1681 1899
3023 2 2 2 1 1657 1828 3098
3024 2 2 2 1 1201 1550 2647
3025 2 2 2 1 1587 1818 3470
3026 2 2 2 1 2509 2508 2510
3027 2 2 2 1 1524 2772 2773
3028 2 2 2 1 2145 3156 3218
3029 2 2 2 1 856 849 857
3030 2 2 2 1 1903 1167 3064
3031 2 2 2 1 1758 1761 3159
3032 2 2 2 1 2971 491 4108
3033 2 2 2 1 2056 2059 3240
3034 2 2 2 1 1192 1124 1193
3035 2 2 2 1 1078 952 4747
3036 2 2 2 1 2673 3281 4824
3037 2 2 2 1 3177 509 3280
3038 2 2 2 1 2669 3641 3981
3039 2 2 2 1 1929 1931 1932
3040 2 2 2 1 1301 3056 4201
3041 2 2 2 1 732 731 733
3042 2 2 2 1 690 688 4731
3043 2 2 2 1 1313 1314 3237
3044 2 2 2 1 2412 3482 3653
3045 2 2 2 1 1792 1604 1824
3046 2 2 2 1 3607 3220 4574
3047 2 2 2 1 3528 462 3628
3048 2 2 2 1 1891 1892 1893
3049 2 2 2 1 4195 1242 4199
3050 2 2 2 1 623 621 3358
3051 2 2 2 1 3673 2195 3806
3052 2 2 2 1 1869 1867 1870
3053 2 2 2 1 2005 2002 3162
3054 2 2 2 1 1870 1867 3149
3055 2 2 2 1 1170 1117 4463
3056 2 2 2 1 889 888 890
3057 2 2 2 1 2620 3829 4705
3058 2 2 2 1 3187 2540 4589
3059 2 2 2 1 2001 1998 3275
3060 2 2 2 1 1422 1405 4542
3061 2 2 2 1 791 792 1152
3062 2 2 2 1 2406 2453 4606
3063 2 2 2 1 498 3645 3709
3064 2 2 2 1 3377 3379 3382
3065 2 2 2 1 3382 2575 3383
3066 2 2 2 1 1207 1749 1750
3067 2 2 2 1 2839 2952 2953
3068 2 2 2 1 3013 2534 3014
3069 2 2 2 1 2355 2154 3232
3070 2 2 2 1 2300 1796 3623
3071 2 2 2 1 1268 1260 1269
3072 2 2 2 1 1090 2417 3888
3073 2 2 2 1 2229 1243 3840
3074 2 2 2 1 667 666 668
3075 2 2 2 1 1453 1454 1455
3076 2 2 2 1 2171 3679 4148
3077 2 2 2 1 2381 2176 3227
3078 2 2 2 1 2156 2159 2160
3079 2 2 2 1 1616 1567 1793
3080 2 2 2 1 1602 1599 3627
3081 2 2 2 1 1720 2099 2100
3082 2 2 2 1 1568 1567 1616
3083 2 2 2 1 2436 2435 2437
3084 2 2 2 1 1845 1847 2194
3085 2 2 2 1 2674 2673 2675
3086 2 2 2 1 1933 1935 1946
3087 2 2 2 1 776 1813 4691
3088 2 2 2 1 652 3904 4236
3089 2 2 2 1 888 886 4810
3090 2 2 2 1 1621 1619 1622
3091 2 2 2 1 3184 2801 4238
3092 2 2 2 1 1348 2919 4479
3093 2 2 2 1 1706 1704 1707
3094 2 2 2 1 2643 3347 4831
3095 2 2 2 1 793 763 2881
3096 2 2 2 1 1702 2762 3245
3097 2 2 2 1 3074 833 3718
3098 2 2 2 1 2973 558 4429
3099 2 2 2 1 3379 3381 3382
3100 2 2 2 1 1673 1675 3222
3101 2 2 2 1 2166 2167 2168
3102 2 2 2 1 3008 2530 4600
3103 2 2 2 1 1254 1253 1561
3104 2 2 2 1 1559 1914 3454
3105 2 2 2 1 859 942 943
3106 2 2 2 1 1688 1689 1808
3107 2 2 2 1 1774 1772 2260
3108 2 2 2 1 1259 1258 1260
3109 2 2 2 1 3023 3774 4014
3110 2 2 2 1 2541 3569 4589
3111 2 2 2 1 826 3399 3951
3112 2 2 2 1 2874 2873 3043
3113 2 2 2 1 1912 1721 3475
3114 2 2 2 1 2052 2054 3128
3115 2 2 2 1 1920 3166 3167
3116 2 2 2 1 1692 3804 4814
3117 2 2 2 1 2004 2002 2005
3118 2 2 2 1 1942 1941 1943
3119 2 2 2 1 2785 2811 3324
3120 2 2 2 1 1926 1928 2213
3121 2 2 2 1 1624 2097 3268
3122 2 2 2 1 1084 3999 4812
3123 2 2 2 1 2736 2735 4186
3124 2 2 2 1 933 932 934
3125 2 2 2 1 589 3047 4164
3126 2 2 2 1 1216 1193 1217
3127 2 2 2 1 4345 2512 4503
3128 2 2 2 1 2226 3077 3432
3129 2 2 2 1 1720 1574 2099
3130 2 2 2 1 2763 1659 2764
3131 2 2 2 1 2762 2763 2765
3132 2 2 2 1 1767 1578 1768
3133 2 2 2 1 1955 1957 1959
3134 2 2 2 1 2955 2723 2956
3135 2 2 2 1 627 628 629
3136 2 2 2 1 1722 1723 1829
3137 2 2 2 1 3900 2743 4552
3138 2 2 2 1 2954 2955 2958
3139 2 2 2 1 3380 611 3772
3140 2 2 2 1 2806 3414 3453
3141 2 2 2 1 2835 1949 3246
3142 2 2 2 1 1710 1709 1711
3143 2 2 2 1 2021 2203 3281
3144 2 2 2 1 1951 1953 1954
3145 2 2 2 1 1561 1253 2214
3146 2 2 2 1 1127 1196 1197
3147 2 2 2 1 2801 4140 4238
3148 2 2 2 1 3711 1745 4083
3149 2 2 2 1 1996 2363 3275
3150 2 2 2 1 2059 2497 3240
3151 2 2 2 1 1828 2285 2286
3152 2 2 2 1 2173 2166 3186
3153 2 2 2 1 1579 1580 2965
3154 2 2 2 1 1761 1762 1782
3155 2 2 2 1 1721 1722 3475
3156 2 2 2 1 2054 2056 3240
3157 2 2 2 1 2774 1522 3003
3158 2 2 2 1 1089 1138 1139
3159 2 2 2 1 1672 1673 2176
3160 2 2 2 1 2285 2284 3964
3161 2 2 2 1 4055 2653 4077
3162 2 2 2 1 3679 2171 4653
3163 2 2 2 1 2146 2148 2149
3164 2 2 2 1 1455 1456 1457
3165 2 2 2 1 1279 3033 3034
3166 2 2 2 1 1865 1863 1866
3167 2 2 2 1 1945 1948 1950
3168 2 2 2 1 1767 1768 1785
3169 2 2 2 1 1796 1611 3623
3170 2 2 2 1 912 857 913
3171 2 2 2 1 2942 2941 2943
3172 2 2 2 1 1928 1929 3267
3173 2 2 2 1 1590 1747 1748
3174 2 2 2 1 2799 2801 3182
3175 2 2 2 1 1331 2871 3871
3176 2 2 2 1 3577 473 3805
3177 2 2 2 1 877 876 2991
3178 2 2 2 1 1553 1551 2789
3179 2 2 2 1 645 647 4672
3180 2 2 2 1 1750 1749 1751
3181 2 2 2 1 2822 1912 3475
3182 2 2 2 1 1054 902 4638
3183 2 2 2 1 891 890 892
3184 2 2 2 1 1862 2612 3289
3185 2 2 2 1 1076 1064 1819
3186 2 2 2 1 1662 1663 1664
3187 2 2 2 1 2016 2013 3244
3188 2 2 2 1 3356 2360 3634
3189 2 2 2 1 3533 2384 4163
3190 2 2 2 1 1096 3152 3648
3191 2 2 2 1 635 637 638
3192 2 2 2 1 2903 2901 2979
3193 2 2 2 1 1625 1624 1626
3194 2 2 2 1 967 3901 4511
3195 2 2 2 1 2432 2430 2433
3196 2 2 2 1 947 952 953
3197 2 2 2 1 749 750 751
3198 2 2 2 1 945 946 947
3199 2 2 2 1 1358 1357 1359
3200 2 2 2 1 1745 1553 4083
3201 2 2 2 1 3237 4065 4435
3202 2 2 2 1 1356 1355 1357
3203 2 2 2 1 1875 1873 1876
3204 2 2 2 1 1871 1870 1993
3205 2 2 2 1 2015 2013 2016
3206 2 2 2 1 1748 1747 2244
3207 2 2 2 1 1780 1778 2305
3208 2 2 2 1 4003 3983 4107
3209 2 2 2 1 3656 1244 3962
3210 2 2 2 1 3038 2690 3793
3211 2 2 2 1 3224 2751 4544
3212 2 2 2 1 3642 826 3876
3213 2 2 2 1 800 821 1654
3214 2 2 2 1 3368 588 4016
3215 2 2 2 1 1098 4166 4588
3216 2 2 2 1 2176 3222 3227
3217 2 2 2 1 1251 1615 3216
3218 2 2 2 1 3645 2375 3709
3219 2 2 2 1 713 682 4661
3220 2 2 2 1 1547 2799 2800
3221 2 2 2 1 3162 2001 3269
3222 2 2 2 1 1722 1509 1723
3223 2 2 2 1 2149 2150 2151
3224 2 2 2 1 1755 2087 3214
3225 2 2 2 1 1715 1713 3166
3226 2 2 2 1 2006 2005 2008
3227 2 2 2 1 1130 1132 1133
3228 2 2 2 1 1288 1290 3474
3229 2 2 2 1 3191 2825 3268
3230 2 2 2 1 3393 2093 3395
3231 2 2 2 1 2215 2914 3395
3232 2 2 2 1 2767 4466 4532
3233 2 2 2 1 1197 1245 1246
3234 2 2 2 1 1626 1624 3268
3235 2 2 2 1 1713 1711 2266
3236 2 2 2 1 818 828 3210
3237 2 2 2 1 3803 1421 4614
3238 2 2 2 1 1836 1838 1839
3239 2 2 2 1 1071 1108 2444
3240 2 2 2 1 3063 1588 4096
3241 2 2 2 1 2498 2749 4113
3242 2 2 2 1 1255 1792 2812
3243 2 2 2 1 4048 711 4351
3244 2 2 2 1 1457 1458 1459
3245 2 2 2 1 2533 2535 2536
3246 2 2 2 1 3075 2972 3699
3247 2 2 2 1 1009 4020 4021
3248 2 2 2 1 2430 2428 3827
3249 2 2 2 1 2090 3173 3174
3250 2 2 2 1 776 775 777
3251 2 2 2 1 2636 914 4700
3252 2 2 2 1 1581 1116 4168
3253 2 2 2 1 3598 2323 4684
3254 2 2 2 1 3110 2939 4284
3255 2 2 2 1 2949 1348 4202
3256 2 2 2 1 1873 1680 3266
3257 2 2 2 1 2140 2142 3321
3258 2 2 2 1 935 934 936
3259 2 2 2 1 3057 477 4395
3260 2 2 2 1 1629 1628 2131
3261 2 2 2 1 1847 1848 1849
3262 2 2 2 1 3083 1979 3202
3263 2 2 2 1 1933 1946 3188
3264 2 2 2 1 3034 3033 3035
3265 2 2 2 1 1729 1269 1730
3266 2 2 2 1 647 711 712
3267 2 2 2 1 572 2933 4497
3268 2 2 2 1 2017 2016 2018
3269 2 2 2 1 723 726 4408
3270 2 2 2 1 1556 2208 3200
3271 2 2 2 1 2395 908 4569
3272 2 2 2 1 3237 2551 4065
3273 2 2 2 1 1876 1873 3266
3274 2 2 2 1 843 916 917
3275 2 2 2 1 2097 3191 3268
3276 2 2 2 1 672 4489 4492
3277 2 2 2 1 3858 4303 4453
3278 2 2 2 1 3762 4360 4680
3279 2 2 2 1 669 668 2974
3280 2 2 2 1 1955 1959 3239
3281 2 2 2 1 705 704 706
3282 2 2 2 1 2127 1908 3226
3283 2 2 2 1 870 1083 4438
3284 2 2 2 1 1562 1561 3432
3285 2 2 2 1 3417 3401 4779
3286 2 2 2 1 2000 1998 2001
3287 2 2 2 1 3945 3947 4436
3288 2 2 2 1 4019 2937 4734
3289 2 2 2 1 3732 2089 3937
3290 2 2 2 1 551 3847 4237
3291 2 2 2 1 2438 2437 2440
3292 2 2 2 1 2900 1643 2901
3293 2 2 2 1 1680 1679 3461
3294 2 2 2 1 2785 2784 2786
3295 2 2 2 1 3854 3888 4670
3296 2 2 2 1 2142 2145 3321
3297 2 2 2 1 1712 1711 1713
3298 2 2 2 1 2795 4599 4712
3299 2 2 2 1 1914 3103 3454
3300 2 2 2 1 3113 3112 3991
3301 2 2 2 1 906 904 4460
3302 2 2 2 1 1893 1894 1895
3303 2 2 2 1 1761 1760 1762
3304 2 2 2 1 4038 1221 4536
3305 2 2 2 1 953 966 967
3306 2 2 2 1 1234 1233 1235
3307 2 2 2 1 893 892 894
3308 2 2 2 1 2334 1428 3831
3309 2 2 2 1 1951 1954 3211
3310 2 2 2 1 2946 1667 3176
3311 2 2 2 1 1402 3052 4576
3312 2 2 2 1 2437 2435 3663
3313 2 2 2 1 1617 1616 1618
3314 2 2 2 1 1571 2996 2997
3315 2 2 2 1 795 788 4488
3316 2 2 2 1 3769 2210 4203
3317 2 2 2 1 838 831 4278
3318 2 2 2 1 1928 1927 1929
3319 2 2 2 1 1847 1846 1848
3320 2 2 2 1 2126 1257 3777
3321 2 2 2 1 2673 1542 3935
3322 2 2 2 1 1845 1844 1846
3323 2 2 2 1 1360 1359 1361
3324 2 2 2 1 1133 1186 1187
3325 2 2 2 1 1459 1460 1461
3326 2 2 2 1 2648 4374 4627
3327 2 2 2 1 2979 2901 3965
3328 2 2 2 1 1664 1665 1666
3329 2 2 2 1 2928 732 4679
3330 2 2 2 1 3299 2535 4007
3331 2 2 2 1 1929 1932 3267
3332 2 2 2 1 973 974 975
3333 2 2 2 1 1781 1780 1881
3334 2 2 2 1 2386 2387 4301
3335 2 2 2 1 2903 2979 3550
3336 2 2 2 1 2760 3017 3800
3337 2 2 2 1 3576 2511 4345
3338 2 2 2 1 2916 2776 4704
3339 2 2 2 1 562 2976 4328
3340 2 2 2 1 1570 1571 1572
3341 2 2 2 1 1701 1702 3274
3342 2 2 2 1 1041 858 4412
3343 2 2 2 1 1499 4123 4124
3344 2 2 2 1 1724 1725 2347
3345 2 2 2 1 2714 3544 3960
3346 2 2 2 1 1221 2798 4064
3347 2 2 2 1 2818 2236 3147
3348 2 2 2 1 1942 1944 3246
3349 2 2 2 1 3350 3665 4736
3350 2 2 2 1 1420 1508 3604
3351 2 2 2 1 1612 1642 2276
3352 2 2 2 1 1073 2611 4690
3353 2 2 2 1 2762 2765 3245
3354 2 2 2 1 1919 3326 3468
3355 2 2 2 1 653 654 655
3356 2 2 2 1 2859 2858 4006
3357 2 2 2 1 1884 1882 1885
3358 2 2 2 1 2013 2011 3244
3359 2 2 2 1 969 970 971
3360 2 2 2 1 1869 1870 1871
3361 2 2 2 1 3123 532 3124
3362 2 2 2 1 1862 1665 1905
3363 2 2 2 1 589 3405 4521
3364 2 2 2 1 696 3016 4784
3365 2 2 2 1 2396 2397 3635
3366 2 2 2 1 1627 1626 1703
3367 2 2 2 1 2701 1876 3266
3368 2 2 2 1 2601 1537 2602
3369 2 2 2 1 1267 1080 3320
3370 2 2 2 1 477 2963 4395
3371 2 2 2 1 1981 1983 1984
3372 2 2 2 1 937 936 1017
3373 2 2 2 1 2142 2144 2145
3374 2 2 2 1 1152 1153 1696
3375 2 2 2 1 1187 1247 1248
3376 2 2 2 1 1940 1949 2833
3377 2 2 2 1 1642 1297 1889
3378 2 2 2 1 924 1056 4716
3379 2 2 2 1 3072 1793 3073
3380 2 2 2 1 468 3599 4502
3381 2 2 2 1 1855 1857 2102
3382 2 2 2 1 2018 2016 3271
3383 2 2 2 1 3289 2612 3290
3384 2 2 2 1 1733 1732 1734
3385 2 2 2 1 715 716 717
3386 2 2 2 1 1872 1680 1873
3387 2 2 2 1 2954 2958 4475
3388 2 2 2 1 1228 3914 4068
3389 2 2 2 1 1461 1462 1463
3390 2 2 2 1 1910 1626 3268
3391 2 2 2 1 3047 589 4521
3392 2 2 2 1 563 3005 4152
3393 2 2 2 1 633 649 3102
3394 2 2 2 1 1246 1547 1548
3395 2 2 2 1 1605 1902 3262
3396 2 2 2 1 1886 1885 1887
3397 2 2 2 1 979 980 981
3398 2 2 2 1 2274 2018 3271
3399 2 2 2 1 2406 2096 2407
3400 2 2 2 1 2429 2431 3890
3401 2 2 2 1 2050 2052 2064
3402 2 2 2 1 1613 1916 2204
3403 2 2 2 1 3222 2526 3227
3404 2 2 2 1 1809 1689 2323
3405 2 2 2 1 3175 3773 3798
3406 2 2 2 1 981 982 983
3407 2 2 2 1 863 864 865
3408 2 2 2 1 3095 2975 3785
3409 2 2 2 1 1064 941 3824
3410 2 2 2 1 2004 2005 2006
3411 2 2 2 1 3739 2341 4220
3412 2 2 2 1 2959 3282 3283
3413 2 2 2 1 588 3368 4785
3414 2 2 2 1 895 894 896
3415 2 2 2 1 1318 2856 4695
3416 2 2 2 1 1685 1644 1915
3417 2 2 2 1 3809 2834 4317
3418 2 2 2 1 3033 3032 3617
3419 2 2 2 1 1779 1780 1781
3420 2 2 2 1 3747 1043 3748
3421 2 2 2 1 2617 2223 2618
3422 2 2 2 1 2389 1928 3267
3423 2 2 2 1 1714 1713 1715
3424 2 2 2 1 1089 1139 3138
3425 2 2 2 1 1932 1933 3188
3426 2 2 2 1 2185 3158 3665
3427 2 2 2 1 2895 2696 3678
3428 2 2 2 1 1918 1173 3258
3429 2 2 2 1 1645 1685 1686
3430 2 2 2 1 3853 3854 3885
3431 2 2 2 1 1761 2377 3159
3432 2 2 2 1 1362 1361 1363
3433 2 2 2 1 1916 1581 2306
3434 2 2 2 1 765 768 4467
3435 2 2 2 1 1893 1895 3252
3436 2 2 2 1 1063 1076 4544
3437 2 2 2 1 2189 2190 2191
3438 2 2 2 1 1959 2631 3239
3439 2 2 2 1 1399 2781 4519
3440 2 2 2 1 621 2362 3358
3441 2 2 2 1 1273 623 3358
3442 2 2 2 1 1703 1626 1910
3443 2 2 2 1 1413 1324 2896
3444 2 2 2 1 3902 2957 4717
3445 2 2 2 1 2359 3095 3785
3446 2 2 2 1 1976 1636 3323
3447 2 2 2 1 3761 1435 3968
3448 2 2 2 1 2241 3524 3928
3449 2 2 2 1 3419 2710 3420
3450 2 2 2 1 2011 2403 3244
3451 2 2 2 1 2637 3656 3962
3452 2 2 2 1 3430 3766 4176
3453 2 2 2 1 2887 2888 2889
3454 2 2 2 1 2888 1729 3096
3455 2 2 2 1 1797 1826 3659
3456 2 2 2 1 2439 3151 4136
3457 2 2 2 1 654 652 4236
3458 2 2 2 1 3145 2497 4739
3459 2 2 2 1 1180 865 3765
3460 2 2 2 1 1944 1943 1945
3461 2 2 2 1 3563 2944 4582
3462 2 2 2 1 3159 2377 3160
3463 2 2 2 1 1984 1983 2083
3464 2 2 2 1 2303 2585 4537
3465 2 2 2 1 1297 1288 3474
3466 2 2 2 1 2986 580 4418
3467 2 2 2 1 1020 1070 3106
3468 2 2 2 1 2056 2057 2058
3469 2 2 2 1 2825 1910 3268
3470 2 2 2 1 1865 1866 1867
3471 2 2 2 1 2190 1263 3104
3472 2 2 2 1 1718 1755 2275
3473 2 2 2 1 1932 1931 1933
3474 2 2 2 1 3225 3922 4613
3475 2 2 2 1 4471 1200 4537
3476 2 2 2 1 3229 3208 4384
3477 2 2 2 1 2169 2170 4377
3478 2 2 2 1 1137 1088 3661
3479 2 2 2 1 2168 2169 2171
3480 2 2 2 1 1773 1774 1775
3481 2 2 2 1 1944 1945 3302
3482 2 2 2 1 1463 1464 1465
3483 2 2 2 1 1874 1873 1875
3484 2 2 2 1 2683 3750 4673
3485 2 2 2 1 602 2967 4607
3486 2 2 2 1 1959 1960 1961
3487 2 2 2 1 2568 2567 3327
3488 2 2 2 1 1696 3204 4636
3489 2 2 2 1 1666 1862 1863
3490 2 2 2 1 2358 3079 4321
3491 2 2 2 1 3634 2360 3764
3492 2 2 2 1 1902 1607 2211
3493 2 2 2 1 4465 148 4476
3494 2 2 2 1 1368 1367 1369
3495 2 2 2 1 2021 1986 2202
3496 2 2 2 1 2441 2440 2459
3497 2 2 2 1 1954 1955 3239
3498 2 2 2 1 2698 3529 3828
3499 2 2 2 1 3081 3080 3082
3500 2 2 2 1 1366 1365 1367
3501 2 2 2 1 508 3012 4127
3502 2 2 2 1 1676 2069 2124
3503 2 2 2 1 2069 1668 3118
3504 2 2 2 1 2459 4265 4451
3505 2 2 2 1 1654 821 3169
3506 2 2 2 1 2103 2365 4012
3507 2 2 2 1 985 986 987
3508 2 2 2 1 1726 1912 2280
3509 2 2 2 1 3752 965 4174
3510 2 2 2 1 2015 2016 2017
3511 2 2 2 1 1733 1835 2177
3512 2 2 2 1 1801 1717 3278
3513 2 2 2 1 2483 3024 4227
3514 2 2 2 1 4005 2580 4450
3515 2 2 2 1 928 1084 4812
3516 2 2 2 1 2423 2951 4058
3517 2 2 2 1 1808 1809 1810
3518 2 2 2 1 751 752 753
3519 2 2 2 1 1655 1146 3192
3520 2 2 2 1 3182 2801 3184
3521 2 2 2 1 3418 3397 4188
3522 2 2 2 1 1180 3732 3937
3523 2 2 2 1 3257 3023 4014
3524 2 2 2 1 2168 2167 2169
3525 2 2 2 1 2463 1512 4273
3526 2 2 2 1 987 988 989
3527 2 2 2 1 2064 3130 3313
3528 2 2 2 1 1857 1856 1858
3529 2 2 2 1 1419 1403 3000
3530 2 2 2 1 3101 2629 3152
3531 2 2 2 1 1945 1950 3302
3532 2 2 2 1 1965 1648 2251
3533 2 2 2 1 1592 1965 2992
3534 2 2 2 1 2867 3469 4398
3535 2 2 2 1 3331 3333 3334
3536 2 2 2 1 3382 3381 3874
3537 2 2 2 1 1950 1951 3211
3538 2 2 2 1 1959 1957 1960
3539 2 2 2 1 677 676 678
3540 2 2 2 1 813 678 4647
3541 2 2 2 1 1250 1556 1557
3542 2 2 2 1 3051 2173 3186
3543 2 2 2 1 1139 1140 1162
3544 2 2 2 1 1895 1896 1897
3545 2 2 2 1 1675 1677 1678
3546 2 2 2 1 2050 2064 3313
3547 2 2 2 1 3512 2384 3533
3548 2 2 2 1 1857 1858 2137
3549 2 2 2 1 2804 2805 3823
3550 2 2 2 1 1290 1296 4677
3551 2 2 2 1 1878 1596 2209
3552 2 2 2 1 1954 1953 1955
3553 2 2 2 1 1855 1854 1856
3554 2 2 2 1 3188 1946 3189
3555 2 2 2 1 811 694 3608
3556 2 2 2 1 1309 2988 4293
3557 2 2 2 1 1755 1719 1756
3558 2 2 2 1 3635 2397 3636
3559 2 2 2 1 1884 1885 1886
3560 2 2 2 1 2723 2721 3476
3561 2 2 2 1 1559 1493 1890
3562 2 2 2 1 3212 3239 3264
3563 2 2 2 1 2114 1031 3684
3564 2 2 2 1 3453 501 4827
3565 2 2 2 1 769 772 3895
3566 2 2 2 1 3209 413 4378
3567 2 2 2 1 1950 1948 1951
3568 2 2 2 1 1528 1529 1530
3569 2 2 2 1 1722 1829 2178
3570 2 2 2 1 3353 2045 4656
3571 2 2 2 1 1839 1840 1860
3572 2 2 2 1 2625 3748 4547
3573 2 2 2 1 2000 2001 2002
3574 2 2 2 1 4436 2802 4768
3575 2 2 2 1 4604 2775 4720
3576 2 2 2 1 2456 1801 3278
3577 2 2 2 1 2149 2148 2150
3578 2 2 2 1 897 896 898
3579 2 2 2 1 738 737 739
3580 2 2 2 1 3549 4047 4274
3581 2 2 2 1 1248 1249 1250
3582 2 2 2 1 1823 2684 2685
3583 2 2 2 1 1113 4019 4734
3584 2 2 2 1 2054 2055 2056
3585 2 2 2 1 2556 2554 2557
3586 2 2 2 1 1716 1715 1717
3587 2 2 2 1 3141 2273 3669
3588 2 2 2 1 2469 2140 3321
3589 2 2 2 1 2681 2682 4386
3590 2 2 2 1 3233 2701 4550
3591 2 2 2 1 1673 1674 1675
3592 2 2 2 1 3239 2631 3264
3593 2 2 2 1 2202 1986 3293
3594 2 2 2 1 2087 3161 3214
3595 2 2 2 1 1391 1392 4000
3596 2 2 2 1 3167 3166 3700
3597 2 2 2 1 1465 1466 1467
3598 2 2 2 1 2351 3608 3963
3599 2 2 2 1 1535 2396 4649
3600 2 2 2 1 1679 1899 3461
3601 2 2 2 1 3801 3044 4390
3602 2 2 2 1 2833 1949 2834
3603 2 2 2 1 1396 1399 4519
3604 2 2 2 1 2230 3294 3438
3605 2 2 2 1 3156 3157 3218
3606 2 2 2 1 2193 2516 2517
3607 2 2 2 1 2360 1267 3320
3608 2 2 2 1 1970 1695 2118
3609 2 2 2 1 1839 1838 1840
3610 2 2 2 1 3212 1954 3239
3611 2 2 2 1 1835 1734 1836
3612 2 2 2 1 847 2970 4756
3613 2 2 2 1 1914 1891 3086
3614 2 2 2 1 1047 2444 4616
3615 2 2 2 1 671 669 672
3616 2 2 2 1 2696 2695 2697
3617 2 2 2 1 4437 1298 4507
3618 2 2 2 1 1272 1970 2303
3619 2 2 2 1 2693 2459 4451
3620 2 2 2 1 1833 1602 2240
3621 2 2 2 1 3272 3271 3315
3622 2 2 2 1 2509 2510 2511
3623 2 2 2 1 2873 2838 4249
3624 2 2 2 1 1780 2305 3219
3625 2 2 2 1 865 866 867
3626 2 2 2 1 709 706 710
3627 2 2 2 1 2618 2223 2843
3628 2 2 2 1 3269 3275 3834
3629 2 2 2 1 970 967 4511
3630 2 2 2 1 2806 3453 4827
3631 2 2 2 1 3022 3021 3023
3632 2 2 2 1 1810 1809 2180
3633 2 2 2 1 2360 3320 3764
3634 2 2 2 1 1725 2050 3313
3635 2 2 2 1 1684 2111 2258
3636 2 2 2 1 2111 1683 2112
3637 2 2 2 1 3858 2253 3918
3638 2 2 2 1 1717 1715 1920
3639 2 2 2 1 574 3737 3936
3640 2 2 2 1 2721 2724 3476
3641 2 2 2 1 2850 2851 2884
3642 2 2 2 1 1370 1369 1371
3643 2 2 2 1 1335 1414 4692
3644 2 2 2 1 3211 1954 3212
3645 2 2 2 1 2628 3100 4341
3646 2 2 2 1 640 650 4799
3647 2 2 2 1 610 3105 4015
3648 2 2 2 1 2145 2144 2146
3649 2 2 2 1 1765 1678 1807
3650 2 2 2 1 3172 2202 3293
3651 2 2 2 1 655 656 657
3652 2 2 2 1 1902 2211 2212
3653 2 2 2 1 3675 1832 3976
3654 2 2 2 1 1709 1979 3080
3655 2 2 2 1 1979 1707 3202
3656 2 2 2 1 1825 1796 2300
3657 2 2 2 1 1797 1825 1826
3658 2 2 2 1 2149 2151 2327
3659 2 2 2 1 1829 1723 1830
3660 2 2 2 1 3148 3887 4634
3661 2 2 2 1 1639 2027 3332
3662 2 2 2 1 2474 2392 4287
3663 2 2 2 1 3357 3701 3780
3664 2 2 2 1 2769 3754 4312
3665 2 2 2 1 3243 2660 4442
3666 2 2 2 1 1814 2887 3261
3667 2 2 2 1 1586 1822 2313
3668 2 2 2 1 1822 1816 1823
3669 2 2 2 1 2052 2053 2054
3670 2 2 2 1 2164 2173 2941
3671 2 2 2 1 1081 1210 3288
3672 2 2 2 1 1162 1174 1182
3673 2 2 2 1 3055 2828 4422
3674 2 2 2 1 2968 2543 3139
3675 2 2 2 1 481 3191 4729
3676 2 2 2 1 1906 1274 2448
3677 2 2 2 1 1669 1670 1671
3678 2 2 2 1 3020 1976 3323
3679 2 2 2 1 1836 1839 3442
3680 2 2 2 1 3743 3057 4395
3681 2 2 2 1 2164 2163 2165
3682 2 2 2 1 1605 1606 1607
3683 2 2 2 1 1725 2049 2050
3684 2 2 2 1 3699 2972 4818
3685 2 2 2 1 4347 2455 4392
3686 2 2 2 1 1895 1894 1896
3687 2 2 2 1 989 990 991
3688 2 2 2 1 1587 1817 1818
3689 2 2 2 1 1817 1745 2392
3690 2 2 2 1 1980 2936 3173
3691 2 2 2 1 757 758 759
3692 2 2 2 1 1962 1964 2241
3693 2 2 2 1 2097 1622 3067
3694 2 2 2 1 3094 3073 4385
3695 2 2 2 1 3331 3332 3333
3696 2 2 2 1 1834 1575 3132
3697 2 2 2 1 1791 1834 2411
3698 2 2 2 1 2266 3081 3700
3699 2 2 2 1 2166 2165 2167
3700 2 2 2 1 3054 3760 3761
3701 2 2 2 1 3479 4033 4238
3702 2 2 2 1 4222 2948 4234
3703 2 2 2 1 2739 3197 4814
3704 2 2 2 1 632 635 3742
3705 2 2 2 1 2552 2550 2553
3706 2 2 2 1 413 3209 4513
3707 2 2 2 1 1467 1468 1469
3708 2 2 2 1 2724 2722 2725
3709 2 2 2 1 2453 2407 2454
3710 2 2 2 1 2934 2820 3802
3711 2 2 2 1 2512 3892 4503
3712 2 2 2 1 1720 2386 3260
3713 2 2 2 1 3294 3288 3438
3714 2 2 2 1 3774 3023 3776
3715 2 2 2 1 3169 917 4072
3716 2 2 2 1 2641 2640 2642
3717 2 2 2 1 2639 2641 2643
3718 2 2 2 1 3699 2608 4167
3719 2 2 2 1 2136 1746 2408
3720 2 2 2 1 3290 490 3478
3721 2 2 2 1 610 3413 4720
3722 2 2 2 1 2151 2150 2152
3723 2 2 2 1 3140 2577 3725
3724 2 2 2 1 2059 2058 2060
3725 2 2 2 1 2050 2051 2052
3726 2 2 2 1 1835 1836 3442
3727 2 2 2 1 2582 1701 3274
3728 2 2 2 1 1556 2207 2208
3729 2 2 2 1 3150 1866 3289
3730 2 2 2 1 3317 3708 3835
3731 2 2 2 1 1755 1756 2087
3732 2 2 2 1 3116 475 3953
3733 2 2 2 1 3244 2403 3315
3734 2 2 2 1 1986 1728 3293
3735 2 2 2 1 1829 1830 2085
3736 2 2 2 1 3402 3091 4175
3737 2 2 2 1 1799 1717 1801
3738 2 2 2 1 3099 2286 3100
3739 2 2 2 1 3262 1902 3441
3740 2 2 2 1 1895 2311 3252
3741 2 2 2 1 2833 2834 4631
3742 2 2 2 1 2274 3271 3272
3743 2 2 2 1 2892 3434 4776
3744 2 2 2 1 3266 3461 3674
3745 2 2 2 1 675 673 676
3746 2 2 2 1 2887 2889 3261
3747 2 2 2 1 1899 1681 2320
3748 2 2 2 1 899 898 900
3749 2 2 2 1 475 3116 4772
3750 2 2 2 1 3926 2515 4496
3751 2 2 2 1 2391 3566 3644
3752 2 2 2 1 1244 3656 4037
3753 2 2 2 1 1080 636 3320
3754 2 2 2 1 1642 1889 2308
3755 2 2 2 1 3063 2404 4415
3756 2 2 2 1 1792 1824 2450
3757 2 2 2 1 1502 1503 1504
3758 2 2 2 1 3531 2381 3612
3759 2 2 2 1 1967 2187 3335
3760 2 2 2 1 2567 3061 3327
3761 2 2 2 1 2590 2568 3327
3762 2 2 2 1 1617 1618 1619
3763 2 2 2 1 3272 575 4367
3764 2 2 2 1 498 3257 4014
3765 2 2 2 1 1932 3190 3267
3766 2 2 2 1 629 628 630
3767 2 2 2 1 1720 2100 2386
3768 2 2 2 1 2674 2675 2676
3769 2 2 2 1 1702 3245 3273
3770 2 2 2 1 1182 1183 1184
3771 2 2 2 1 1771 1772 1773
3772 2 2 2 1 2742 2743 4239
3773 2 2 2 1 1774 2260 2261
3774 2 2 2 1 3286 2022 3331
3775 2 2 2 1 4199 693 4788
3776 2 2 2 1 1920 3167 3168
3777 2 2 2 1 3149 3150 3295
3778 2 2 2 1 2460 2459 2693
3779 2 2 2 1 2213 1928 2389
3780 2 2 2 1 2008 2005 2322
3781 2 2 2 1 3247 1944 3302
3782 2 2 2 1 2763 2764 2824
3783 2 2 2 1 4641 2839 4725
3784 2 2 2 1 2955 2956 2957
3785 2 2 2 1 1981 1984 2935
3786 2 2 2 1 1902 2212 3441
3787 2 2 2 1 1372 1371 1373
3788 2 2 2 1 1530 1531 1532
3789 2 2 2 1 1173 1156 3258
3790 2 2 2 1 2833 4631 4819
3791 2 2 2 1 2017 2018 2019
3792 2 2 2 1 1561 2214 2226
3793 2 2 2 1 638 637 639
3794 2 2 2 1 1847 1849 3466
3795 2 2 2 1 1761 1782 2377
3796 2 2 2 1 1672 2176 2307
3797 2 2 2 1 2176 1673 3222
3798 2 2 2 1 3291 3681 4680
3799 2 2 2 1 2006 2008 2009
3800 2 2 2 1 1899 2816 3461
3801 2 2 2 1 3917 2794 4461
3802 2 2 2 1 1785 1768 2123
3803 2 2 2 1 1767 1785 2374
3804 2 2 2 1 2548 2181 2549
3805 2 2 2 1 2942 2943 2944
3806 2 2 2 1 1750 1751 1752
3807 2 2 2 1 1885 1882 3607
3808 2 2 2 1 1517 2509 3973
3809 2 2 2 1 2756 795 4225
3810 2 2 2 1 1636 1165 3323
3811 2 2 2 1 2839 2953 4725
3812 2 2 2 1 2016 3244 3271
3813 2 2 2 1 3266 1680 3461
3814 2 2 2 1 1478 3660 4491
3815 2 2 2 1 3847 3473 4237
3816 2 2 2 1 917 918 919
3817 2 2 2 1 3763 1015 4606
3818 2 2 2 1 867 868 869
3819 2 2 2 1 695 696 697
3820 2 2 2 1 1875 1876 2028
3821 2 2 2 1 1993 1870 2297
3822 2 2 2 1 1871 1993 1994
3823 2 2 2 1 2151 2152 2153
3824 2 2 2 1 2244 1747 2364
3825 2 2 2 1 1748 2244 2245
3826 2 2 2 1 2305 1778 3146
3827 2 2 2 1 1271 1150 3158
3828 2 2 2 1 3216 1615 3217
3829 2 2 2 1 2800 2799 3182
3830 2 2 2 1 1547 2800 2995
3831 2 2 2 1 2247 2245 2248
3832 2 2 2 1 1121 1002 3751
3833 2 2 2 1 2874 911 4324
3834 2 2 2 1 1713 2266 3166
3835 2 2 2 1 4157 484 4495
3836 2 2 2 1 2090 3174 3175
3837 2 2 2 1 1777 1778 1779
3838 2 2 2 1 2993 2599 4585
3839 2 2 2 1 714 2628 2960
3840 2 2 2 1 4410 3352 4671
3841 2 2 2 1 1378 1377 1379
3842 2 2 2 1 2131 1628 2331
3843 2 2 2 1 1629 2131 2132
3844 2 2 2 1 782 781 783
3845 2 2 2 1 1849 1848 1850
3846 2 2 2 1 643 1081 3288
3847 2 2 2 1 2868 2869 3728
3848 2 2 2 1 3035 3033 3036
3849 2 2 2 1 3034 3035 3038
3850 2 2 2 1 1916 2306 2423
3851 2 2 2 1 1881 1780 3219
3852 2 2 2 1 1376 1375 1377
3853 2 2 2 1 1469 1470 1471
3854 2 2 2 1 2145 3218 3321
3855 2 2 2 1 1840 1842 3621
3856 2 2 2 1 1728 1686 3449
3857 2 2 2 1 1781 1881 1882
3858 2 2 2 1 2785 2786 2809
3859 2 2 2 1 2736 4186 4702
3860 2 2 2 1 558 3529 4429
3861 2 2 2 1 2022 3286 3330
3862 2 2 2 1 1717 1920 3278
3863 2 2 2 1 679 678 680
3864 2 2 2 1 3193 521 3770
3865 2 2 2 1 2997 2996 2998
3866 2 2 2 1 3212 3264 3265
3867 2 2 2 1 3269 2001 3275
3868 2 2 2 1 991 992 993
3869 2 2 2 1 1338 1341 4658
3870 2 2 2 1 2027 2864 3332
3871 2 2 2 1 2022 1639 3332
3872 2 2 2 1 2420 4220 4549
3873 2 2 2 1 2724 2861 3476
3874 2 2 2 1 1627 1703 1704
3875 2 2 2 1 4064 2798 4228
3876 2 2 2 1 834 809 3714
3877 2 2 2 1 2601 2602 2603
3878 2 2 2 1 1724 2347 2348
3879 2 2 2 1 3246 1944 3247
3880 2 2 2 1 1612 2276 2349
3881 2 2 2 1 2324 2021 3281
3882 2 2 2 1 1091 1031 2114
3883 2 2 2 1 1384 1383 1385
3884 2 2 2 1 3839 3838 3840
3885 2 2 2 1 1382 1381 1383
3886 2 2 2 1 1895 1897 2311
3887 2 2 2 1 1184 1198 1199
3888 2 2 2 1 2956 2723 3476
3889 2 2 2 1 3123 3124 3125
3890 2 2 2 1 1862 1905 2612
3891 2 2 2 1 3564 557 4176
3892 2 2 2 1 4250 2841 4639
3893 2 2 2 1 2335 2334 2813
3894 2 2 2 1 2298 1801 2299
3895 2 2 2 1 3288 1210 3438
3896 2 2 2 1 1686 1685 2318
3897 2 2 2 1 3072 3073 3094
3898 2 2 2 1 1855 2102 3134
3899 2 2 2 1 994 992 4090
3900 2 2 2 1 3178 2859 4297
3901 2 2 2 1 2420 2401 4220
3902 2 2 2 1 2519 4541 4609
3903 2 2 2 1 2867 4398 4426
3904 2 2 2 1 717 718 719
3905 2 2 2 1 1886 1887 1888
3906 2 2 2 1 2064 2052 3128
3907 2 2 2 1 1254 1561 1562
3908 2 2 2 1 1189 1263 2188
3909 2 2 2 1 2347 1725 3313
3910 2 2 2 1 1067 1231 3301
3911 2 2 2 1 1915 1644 2990
3912 2 2 2 1 801 698 4356
3913 2 2 2 1 1147 978 3977
3914 2 2 2 1 2791 2792 2793
3915 2 2 2 1 1897 1896 1898
3916 2 2 2 1 2062 2338 2339
3917 2 2 2 1 1932 3188 3190
3918 2 2 2 1 2189 2191 2739
3919 2 2 2 1 2191 2190 2477
3920 2 2 2 1 477 3057 4189
3921 2 2 2 1 1703 1910 2382
3922 2 2 2 1 2433 2430 3827
3923 2 2 2 1 1686 2318 3449
3924 2 2 2 1 2790 2791 4003
3925 2 2 2 1 3304 1966 3306
3926 2 2 2 1 1765 1807 2237
3927 2 2 2 1 3306 1966 3335
3928 2 2 2 1 1950 3213 3302
3929 2 2 2 1 2183 1175 3330
3930 2 2 2 1 1532 1534 1535
3931 2 2 2 1 1092 882 3787
3932 2 2 2 1 2187 2753 3335
3933 2 2 2 1 2933 572 4737
3934 2 2 2 1 1966 1967 3335
3935 2 2 2 1 2494 3262 3441
3936 2 2 2 1 3282 609 3283
3937 2 2 2 1 1638 2199 3308
3938 2 2 2 1 2020 1986 2021
3939 2 2 2 1 1799 1801 2298
3940 2 2 2 1 2168 2171 2540
3941 2 2 2 1 1959 1961 2631
3942 2 2 2 1 1961 1960 1962
3943 2 2 2 1 2021 2202 2203
3944 2 2 2 1 2019 2018 2273
3945 2 2 2 1 2832 2029 3304
3946 2 2 2 1 2124 2069 2451
3947 2 2 2 1 1676 2124 2385
3948 2 2 2 1 2280 1912 2281
3949 2 2 2 1 2177 1835 2761
3950 2 2 2 1 1323 1416 4567
3951 2 2 2 1 1047 1048 1049
3952 2 2 2 1 1965 2251 2427
3953 2 2 2 1 2251 1648 2404
3954 2 2 2 1 3728 2400 4049
3955 2 2 2 1 1950 3211 3213
3956 2 2 2 1 3051 3186 3187
3957 2 2 2 1 2727 2729 2730
3958 2 2 2 1 3287 643 3288
3959 2 2 2 1 2137 1858 2138
3960 2 2 2 1 1878 2209 2340
3961 2 2 2 1 901 900 902
3962 2 2 2 1 2303 1970 2304
3963 2 2 2 1 2160 2159 2161
3964 2 2 2 1 2383 2950 4433
3965 2 2 2 1 1488 1489 1490
3966 2 2 2 1 1839 1860 2691
3967 2 2 2 1 3292 855 3301
3968 2 2 2 1 2685 2684 2686
3969 2 2 2 1 2556 2557 2558
3970 2 2 2 1 2761 1835 3442
3971 2 2 2 1 3308 2199 3309
3972 2 2 2 1 4039 2483 4227
3973 2 2 2 1 2832 3304 3305
3974 2 2 2 1 3043 2873 4832
3975 2 2 2 1 1893 1892 1894
3976 2 2 2 1 1849 2343 3466
3977 2 2 2 1 2834 1949 2835
3978 2 2 2 1 2118 1695 2119
3979 2 2 2 1 855 1067 3301
3980 2 2 2 1 1069 1019 3712
3981 2 2 2 1 1914 3086 3087
3982 2 2 2 1 1833 2240 2319
3983 2 2 2 1 2511 2510 2512
3984 2 2 2 1 3022 3023 3257
3985 2 2 2 1 1810 2180 2181
3986 2 2 2 1 2662 1200 4471
3987 2 2 2 1 1684 2258 2259
3988 2 2 2 1 2111 2112 2797
3989 2 2 2 1 1983 1982 3307
3990 2 2 2 1 2271 3750 4244
3991 2 2 2 1 2884 2851 2885
3992 2 2 2 1 2655 2657 3243
3993 2 2 2 1 1788 2200 3310
3994 2 2 2 1 3461 2816 3674
3995 2 2 2 1 2212 2211 2485
3996 2 2 2 1 2009 2008 2010
3997 2 2 2 1 1825 2300 2301
3998 2 2 2 1 2149 2327 3156
3999 2 2 2 1 657 658 659
4000 2 2 2 1 3294 2230 3642
4001 2 2 2 1 3414 2806 3978
4002 2 2 2 1 2313 1822 2314
4003 2 2 2 1 1897 1898 1988
4004 2 2 2 1 1906 2448 2449
4005 2 2 2 1 4081 2924 4558
4006 2 2 2 1 1839 2691 3442
4007 2 2 2 1 1471 1472 1473
4008 2 2 2 1 1817 2392 2474
4009 2 2 2 1 2241 1964 2242
4010 2 2 2 1 2097 3067 3068
4011 2 2 2 1 3601 2712 4114
4012 2 2 2 1 2411 1834 2412
4013 2 2 2 1 1791 2411 2487
4014 2 2 2 1 3684 1119 3685
4015 2 2 2 1 3286 2183 3330
4016 2 2 2 1 698 696 4573
4017 2 2 2 1 2552 2553 2554
4018 2 2 2 1 2724 2725 2860
4019 2 2 2 1 2725 2722 2726
4020 2 2 2 1 3396 3338 3427
4021 2 2 2 1 1968 2710 3318
4022 2 2 2 1 2642 2640 2645
4023 2 2 2 1 2641 2642 2644
4024 2 2 2 1 2136 2408 3314
4025 2 2 2 1 2408 1746 2776
4026 2 2 2 1 2059 2060 2496
4027 2 2 2 1 2060 2058 2061
4028 2 2 2 1 1035 1089 3138
4029 2 2 2 1 3310 2200 3311
4030 2 2 2 1 3150 3289 3290
4031 2 2 2 1 2085 1830 2086
4032 2 2 2 1 3199 2188 3804
4033 2 2 2 1 2320 1681 2489
4034 2 2 2 1 1899 2320 2815
4035 2 2 2 1 2308 1889 2309
4036 2 2 2 1 2450 1824 2493
4037 2 2 2 1 1034 1036 1037
4038 2 2 2 1 2194 1847 3466
4039 2 2 2 1 1716 1717 1799
4040 2 2 2 1 1752 1751 2088
4041 2 2 2 1 2386 2100 2387
4042 2 2 2 1 2676 2675 2677
4043 2 2 2 1 2674 2676 2788
4044 2 2 2 1 812 855 3292
4045 2 2 2 1 2261 2260 3112
4046 2 2 2 1 1920 3168 3278
4047 2 2 2 1 2213 2389 3215
4048 2 2 2 1 2322 2005 3162
4049 2 2 2 1 1175 1157 3330
4050 2 2 2 1 2226 2214 2623
4051 2 2 2 1 2377 1782 2378
4052 2 2 2 1 2307 2176 2381
4053 2 2 2 1 1785 2123 2415
4054 2 2 2 1 2548 2549 2550
4055 2 2 2 1 2942 2944 3089
4056 2 2 2 1 869 870 871
4057 2 2 2 1 3211 3212 3603
4058 2 2 2 1 3783 613 4604
4059 2 2 2 1 3271 3244 3315
4060 2 2 2 1 1007 3896 4669
4061 2 2 2 1 2028 1876 2573
4062 2 2 2 1 2297 1870 3149
4063 2 2 2 1 1994 1993 1995
4064 2 2 2 1 2153 2152 2154
4065 2 2 2 1 2244 2364 3181
4066 2 2 2 1 2305 3146 3196
4067 2 2 2 1 3010 3009 3732
4068 2 2 2 1 1166 1638 3308
4069 2 2 2 1 2800 3182 3183
4070 2 2 2 1 2247 2248 2249
4071 2 2 2 1 1222 1784 3337
4072 2 2 2 1 3338 3337 3427
4073 2 2 2 1 2131 2331 2391
4074 2 2 2 1 1629 2132 2133
4075 2 2 2 1 1849 1850 2342
4076 2 2 2 1 3035 3036 3037
4077 2 2 2 1 1568 1616 1617
4078 2 2 2 1 2423 2306 2455
4079 2 2 2 1 1881 3219 3220
4080 2 2 2 1 2764 1659 2863
4081 2 2 2 1 2299 1801 2456
4082 2 2 2 1 2029 1270 3304
4083 2 2 2 1 2519 2521 4541
4084 2 2 2 1 1386 1385 1387
4085 2 2 2 1 2785 2809 2811
4086 2 2 2 1 2809 2786 2810
4087 2 2 2 1 1608 1968 3318
4088 2 2 2 1 2998 2996 2999
4089 2 2 2 1 3331 2022 3332
4090 2 2 2 1 1204 1205 1206
4091 2 2 2 1 2603 2602 2605
4092 2 2 2 1 2601 2603 2604
4093 2 2 2 1 2348 2347 2837
4094 2 2 2 1 2349 2276 2350
4095 2 2 2 1 2612 1905 2613
4096 2 2 2 1 1087 1127 3900
4097 2 2 2 1 824 2533 3904
4098 2 2 2 1 3134 2102 3135
4099 2 2 2 1 1783 1055 3343
4100 2 2 2 1 2427 3503 4390
4101 2 2 2 1 1888 1887 2278
4102 2 2 2 1 2064 3128 3129
4103 2 2 2 1 1177 1788 3310
4104 2 2 2 1 993 994 995
4105 2 2 2 1 2339 2338 3141
4106 2 2 2 1 1974 2840 3325
4107 2 2 2 1 2191 2477 2478
4108 2 2 2 1 2382 1910 2669
4109 2 2 2 1 2237 1807 2402
4110 2 2 2 1 1765 2237 2526
4111 2 2 2 1 3109 581 3834
4112 2 2 2 1 1079 1579 3901
4113 2 2 2 1 3283 609 3284
4114 2 2 2 1 2540 2171 2541
4115 2 2 2 1 1535 1831 2396
4116 2 2 2 1 1985 1728 1986
4117 2 2 2 1 2631 1961 2632
4118 2 2 2 1 697 698 699
4119 2 2 2 1 2277 1064 3824
4120 2 2 2 1 2203 2202 3171
4121 2 2 2 1 2273 2018 2274
4122 2 2 2 1 2385 2124 2399
4123 2 2 2 1 2281 1912 2822
4124 2 2 2 1 1199 1251 1252
4125 2 2 2 1 2251 2404 2748
4126 2 2 2 1 2730 2729 2731
4127 2 2 2 1 3287 3288 3294
4128 2 2 2 1 2137 2138 2139
4129 2 2 2 1 3147 3148 4302
4130 2 2 2 1 1878 2340 3025
4131 2 2 2 1 2303 2304 2585
4132 2 2 2 1 2528 3360 3431
4133 2 2 2 1 2691 1860 2716
4134 2 2 2 1 2685 2686 2687
4135 2 2 2 1 2558 2557 2560
4136 2 2 2 1 2543 2968 4762
4137 2 2 2 1 3305 3304 3306
4138 2 2 2 1 1630 1222 3337
4139 2 2 2 1 3337 1784 3427
4140 2 2 2 1 2118 2119 3018
4141 2 2 2 1 1914 3087 3103
4142 2 2 2 1 3087 3086 3088
4143 2 2 2 1 2319 2240 3241
4144 2 2 2 1 1833 2319 3059
4145 2 2 2 1 1935 1937 4819
4146 2 2 2 1 2115 3193 3329
4147 2 2 2 1 2259 2258 2413
4148 2 2 2 1 2885 2851 3030
4149 2 2 2 1 2351 1783 3343
4150 2 2 2 1 2212 2485 2486
4151 2 2 2 1 2485 2211 2845
4152 2 2 2 1 2009 2010 2011
4153 2 2 2 1 1488 1501 4073
4154 2 2 2 1 1635 1974 3325
4155 2 2 2 1 3156 2327 3157
4156 2 2 2 1 2273 3141 4043
4157 2 2 2 1 2889 2888 4036
4158 2 2 2 1 2086 3851 4713
4159 2 2 2 1 2834 3809 4631
4160 2 2 2 1 1988 1898 1989
4161 2 2 2 1 1906 2449 2973
4162 2 2 2 1 2241 2242 2336
4163 2 2 2 1 3068 3067 3069
4164 2 2 2 1 2097 3068 3191
4165 2 2 2 1 3316 1630 3336
4166 2 2 2 1 2487 2411 2747
4167 2 2 2 1 2724 2860 2861
4168 2 2 2 1 2725 2726 2727
4169 2 2 2 1 2642 2645 2646
4170 2 2 2 1 2408 2776 2916
4171 2 2 2 1 2059 2496 2497
4172 2 2 2 1 2060 2061 2062
4173 2 2 2 1 3311 2200 3328
4174 2 2 2 1 2084 3354 3359
4175 2 2 2 1 3309 2199 3354
4176 2 2 2 1 2085 2086 2282
4177 2 2 2 1 1899 2815 2816
4178 2 2 2 1 2320 2489 2490
4179 2 2 2 1 2553 2550 3443
4180 2 2 2 1 2309 1889 2926
4181 2 2 2 1 2493 1824 2494
4182 2 2 2 1 1630 3316 3431
4183 2 2 2 1 2088 1751 2622
4184 2 2 2 1 2974 2975 3095
4185 2 2 2 1 2387 2100 2388
4186 2 2 2 1 2261 3112 3113
4187 2 2 2 1 3112 2260 3114
4188 2 2 2 1 1055 850 3343
4189 2 2 2 1 1786 2115 3329
4190 2 2 2 1 2322 3162 3163
4191 2 2 2 1 3213 3211 3603
4192 2 2 2 1 2623 2214 2823
4193 2 2 2 1 2226 2623 3076
4194 2 2 2 1 2378 1782 2978
4195 2 2 2 1 2415 2123 2983
4196 2 2 2 1 1172 2022 3330
4197 2 2 2 1 2028 2573 3027
4198 2 2 2 1 2573 1876 2701
4199 2 2 2 1 2297 3149 3295
4200 2 2 2 1 1994 1995 1996
4201 2 2 2 1 2153 2154 2355
4202 2 2 2 1 2247 2249 2703
4203 2 2 2 1 1136 3322 3342
4204 2 2 2 1 2133 2132 2134
4205 2 2 2 1 1849 2342 2343
4206 2 2 2 1 3316 2528 3431
4207 2 2 2 1 2423 2455 2951
4208 2 2 2 1 3220 3219 3221
4209 2 2 2 1 2299 2456 2457
4210 2 2 2 1 2810 2786 2929
4211 2 2 2 1 2295 2293 3360
4212 2 2 2 1 3411 3784 3984
4213 2 2 2 1 3322 1136 3360
4214 2 2 2 1 2605 2602 2606
4215 2 2 2 1 2604 2603 2867
4216 2 2 2 1 2348 2837 3057
4217 2 2 2 1 2349 2350 2713
4218 2 2 2 1 2613 1905 2614
4219 2 2 2 1 919 920 921
4220 2 2 2 1 3135 2102 3136
4221 2 2 2 1 2278 1887 2279
4222 2 2 2 1 2064 3129 3130
4223 2 2 2 1 3129 3128 3145
4224 2 2 2 1 3360 1136 3431
4225 2 2 2 1 1066 3342 3371
4226 2 2 2 1 2079 3328 3361
4227 2 2 2 1 3328 2200 3361
4228 2 2 2 1 2084 2923 3354
4229 2 2 2 1 2339 3141 3142
4230 2 2 2 1 3354 2199 3359
4231 2 2 2 1 2478 2477 2963
4232 2 2 2 1 2669 1910 2825
4233 2 2 2 1 1610 1603 1611
4234 2 2 2 1 2526 2237 2679
4235 2 2 2 1 3171 2202 3172
4236 2 2 2 1 2281 2822 2964
4237 2 2 2 1 1043 864 4547
4238 2 2 2 1 2731 2729 2732
4239 2 2 2 1 2730 2731 2981
4240 2 2 2 1 2139 2138 2140
4241 2 2 2 1 1625 1626 1627
4242 2 2 2 1 2585 2304 2586
4243 2 2 2 1 2716 1860 3041
4244 2 2 2 1 2687 2686 2688
4245 2 2 2 1 2558 2560 2561
4246 2 2 2 1 2560 2557 2569
4247 2 2 2 1 3305 3306 3312
4248 2 2 2 1 2118 3018 3019
4249 2 2 2 1 3087 3088 3092
4250 2 2 2 1 2319 3241 3242
4251 2 2 2 1 2259 2413 2414
4252 2 2 2 1 2528 2295 3360
4253 2 2 2 1 2293 3322 3360
4254 2 2 2 1 2486 2485 2830
4255 2 2 2 1 2011 2010 2403
4256 2 2 2 1 2657 2659 2660
4257 2 2 2 1 3342 3322 3371
4258 2 2 2 1 1988 1989 1990
4259 2 2 2 1 2973 2449 3120
4260 2 2 2 1 2336 2242 2337
4261 2 2 2 1 3068 3069 3070
4262 2 2 2 1 3293 1728 3449
4263 2 2 2 1 3077 3076 4385
4264 2 2 2 1 3328 2079 3362
4265 2 2 2 1 2497 2496 2933
4266 2 2 2 1 2085 2282 3177
4267 2 2 2 1 1066 854 3342
4268 2 2 2 1 2309 2926 2977
4269 2 2 2 1 2493 2494 3155
4270 2 2 2 1 2088 2622 2698
4271 2 2 2 1 2065 1608 3318
4272 2 2 2 1 2387 2388 2986
4273 2 2 2 1 3163 3162 3269
4274 2 2 2 1 2226 3076 3077
4275 2 2 2 1 1996 1995 2363
4276 2 2 2 1 2153 2355 2384
4277 2 2 2 1 3332 2864 3333
4278 2 2 2 1 2703 2249 2704
4279 2 2 2 1 2133 2134 2135
4280 2 2 2 1 2951 2455 3110
4281 2 2 2 1 2457 2456 2976
4282 2 2 2 1 2299 2457 2458
4283 2 2 2 1 2810 2929 2930
4284 2 2 2 1 1075 1026 3084
4285 2 2 2 1 2605 2606 2607
4286 2 2 2 1 2713 2350 2714
4287 2 2 2 1 1727 1686 1728
4288 2 2 2 1 2339 3142 3143
4289 2 2 2 1 2281 2964 3012
4290 2 2 2 1 1637 1635 3325
4291 2 2 2 1 2731 2732 2733
4292 2 2 2 1 2730 2981 2982
4293 2 2 2 1 2140 2138 2141
4294 2 2 2 1 2139 2140 2469
4295 2 2 2 1 2585 2586 2587
4296 2 2 2 1 2716 3041 3042
4297 2 2 2 1 2688 2686 2689
4298 2 2 2 1 2687 2688 2945
4299 2 2 2 1 3032 1298 4437
4300 2 2 2 1 2558 2561 2562
4301 2 2 2 1 2560 2569 3254
4302 2 2 2 1 3336 1630 3337
4303 2 2 2 1 2259 2414 3137
4304 2 2 2 1 2414 2413 2780
4305 2 2 2 1 2403 2010 2545
4306 2 2 2 1 1990 1989 1991
4307 2 2 2 1 1787 1786 3329
4308 2 2 2 1 2336 2337 2369
4309 2 2 2 1 2357 2068 3339
4310 2 2 2 1 3177 2282 3279
4311 2 2 2 1 2309 2977 3060
4312 2 2 2 1 2986 2388 2987
4313 2 2 2 1 1051 1136 3342
4314 2 2 2 1 2363 1995 2971
4315 2 2 2 1 2704 2249 2705
4316 2 2 2 1 2135 2134 2891
4317 2 2 2 1 2951 3110 3111
4318 2 2 2 1 2458 2457 2518
4319 2 2 2 1 2810 2930 3085
4320 2 2 2 1 2607 2606 3344
4321 2 2 2 1 2713 2714 2715
4322 2 2 2 1 1802 2232 3349
4323 2 2 2 1 2733 2732 2734
4324 2 2 2 1 2139 2469 2893
4325 2 2 2 1 2140 2141 2142
4326 2 2 2 1 2587 2586 2807
4327 2 2 2 1 2068 2067 3339
4328 2 2 2 1 2688 2689 2690
4329 2 2 2 1 2687 2945 3319
4330 2 2 2 1 2562 2561 2563
4331 2 2 2 1 3336 3337 3338
4332 2 2 2 1 1208 1802 3349
4333 2 2 2 1 1990 1991 2312
4334 2 2 2 1 2369 2337 2757
4335 2 2 2 1 3340 2270 3341
4336 2 2 2 1 2363 2971 3109
4337 2 2 2 1 2704 2705 2706
4338 2 2 2 1 2891 2134 2892
4339 2 2 2 1 2458 2518 2519
4340 2 2 2 1 2607 3344 3345
4341 2 2 2 1 1811 2270 3340
4342 2 2 2 1 1736 1739 3359
4343 2 2 2 1 2733 2734 2735
4344 2 2 2 1 2807 2586 2831
4345 2 2 2 1 2587 2807 2808
4346 2 2 2 1 2563 2561 2564
4347 2 2 2 1 2032 2035 3361
4348 2 2 2 1 2312 1991 2841
4349 2 2 2 1 1990 2312 2514
4350 2 2 2 1 2757 2337 2758
4351 2 2 2 1 1739 2084 3359
4352 2 2 2 1 1698 1736 3359
4353 2 2 2 1 2706 2705 2707
4354 2 2 2 1 2035 2079 3361
4355 2 2 2 1 2519 2518 2520
4356 2 2 2 1 2607 3345 3346
4357 2 2 2 1 3345 3344 3347
4358 2 2 2 1 1812 2032 3361
4359 2 2 2 1 2291 2048 3371
4360 2 2 2 1 1209 1208 3349
4361 2 2 2 1 2733 2735 2736
4362 2 2 2 1 2186 2185 3350
4363 2 2 2 1 2563 2564 2565
4364 2 2 2 1 3322 2291 3371
4365 2 2 2 1 2500 2033 3355
4366 2 2 2 1 1633 1631 3390
4367 2 2 2 1 1805 3364 3365
4368 2 2 2 1 1805 3363 3364
4369 2 2 2 1 2048 1229 3371
4370 2 2 2 1 2706 2707 2708
4371 2 2 2 1 2519 2520 2521
4372 2 2 2 1 2446 1633 3390
4373 2 2 2 1 1631 1805 3390
4374 2 2 2 1 2033 2031 3355
4375 2 2 2 1 1805 1239 3363
4376 2 2 2 1 1700 1213 3372
4377 2 2 2 1 2565 2564 2567
4378 2 2 2 1 2201 1700 3372
4379 2 2 2 1 1744 1741 3373
4380 2 2 2 1 1239 1230 3363
4381 2 2 2 1 1213 1211 3372
4382 2 2 2 1 3365 3364 3366
4383 2 2 2 1 2182 2360 3356
4384 2 2 2 1 1741 3367 3373
4385 2 2 2 1 2708 2707 2967
4386 2 2 2 1 2521 2520 2522
4387 2 2 2 1 2344 1744 3373
4388 2 2 2 1 1805 3365 3390
4389 2 2 2 1 1741 1738 3367
4390 2 2 2 1 3363 2777 3364
4391 2 2 2 1 2565 2567 2568
4392 2 2 2 1 2567 2564 2962
4393 2 2 2 1 2047 2777 3363
4394 2 2 2 1 1738 1737 3367
4395 2 2 2 1 2522 2520 2821
4396 2 2 2 1 3383 2575 3407
4397 2 2 2 1 2040 3375 3383
4398 2 2 2 1 2040 3374 3375
4399 2 2 2 1 2040 3383 3407
4400 2 2 2 1 2565 2568 2588
4401 2 2 2 1 2567 2962 3061
4402 2 2 2 1 2040 2036 3374
4403 2 2 2 1 2179 1921 3389
4404 2 2 2 1 3375 3377 3383
4405 2 2 2 1 1923 3386 3387
4406 2 2 2 1 1923 3385 3386
4407 2 2 2 1 2076 2351 3370
4408 2 2 2 1 1921 1923 3389
4409 2 2 2 1 2036 2034 3374
4410 2 2 2 1 1923 1582 3385
4411 2 2 2 1 2588 2568 2589
4412 2 2 2 1 1582 1214 3385
4413 2 2 2 1 1923 3387 3389
4414 2 2 2 1 3387 3386 3388
4415 2 2 2 1 3374 3048 3375
4416 2 2 2 1 3384 2717 3400
4417 2 2 2 1 2576 2092 3391
4418 2 2 2 1 2220 3048 3374
4419 2 2 2 1 1742 2025 3400
4420 2 2 2 1 2576 3391 3392
4421 2 2 2 1 3385 2356 3386
4422 2 2 2 1 2589 2568 2590
4423 2 2 2 1 2025 3384 3400
4424 2 2 2 1 2092 2078 3391
4425 2 2 2 1 3375 3048 3376
4426 2 2 2 1 1699 2356 3385
4427 2 2 2 1 1740 1742 3400
4428 2 2 2 1 2589 2590 2591
4429 2 2 2 1 2091 2093 3393
4430 2 2 2 1 3375 3376 3377
4431 2 2 2 1 2717 1743 3400
4432 2 2 2 1 1922 2302 3398
4433 2 2 2 1 3398 2302 3399
4434 2 2 2 1 2591 2590 2592
4435 2 2 2 1 2046 2041 3407
4436 2 2 2 1 1913 2405 3397
4437 2 2 2 1 1583 1922 3398
4438 2 2 2 1 3377 3376 3378
4439 2 2 2 1 2575 2046 3407
4440 2 2 2 1 2041 2038 3407
4441 2 2 2 1 2591 2592 2593
4442 2 2 2 1 359 528 3409
4443 2 2 2 1 358 359 3409
4444 2 2 2 1 3377 3378 3379
4445 2 2 2 1 2906 2216 3404
4446 2 2 2 1 3408 358 3409
4447 2 2 2 1 2184 3195 3403
4448 2 2 2 1 2362 619 3408
4449 2 2 2 1 588 424 3406
4450 2 2 2 1 589 395 3405
4451 2 2 2 1 619 535 3408
4452 2 2 2 1 2591 2593 2594
4453 2 2 2 1 617 535 618
4454 2 2 2 1 2216 2094 3404
4455 2 2 2 1 2362 3408 3409
4456 2 2 2 1 3379 3378 3380
4457 2 2 2 1 355 356 617
4458 2 2 2 1 384 385 3402
4459 2 2 2 1 2294 2775 3401
4460 2 2 2 1 528 360 3410
4461 2 2 2 1 396 611 3405
4462 2 2 2 1 425 612 3406
4463 2 2 2 1 612 426 3411
4464 2 2 2 1 610 455 3412
4465 2 2 2 1 356 535 617
4466 2 2 2 1 385 533 3402
4467 2 2 2 1 535 357 3408
4468 2 2 2 1 2024 2184 3403
4469 2 2 2 1 356 357 535
4470 2 2 2 1 385 386 533
4471 2 2 2 1 414 415 534
4472 2 2 2 1 443 444 536
4473 2 2 2 1 359 360 528
4474 2 2 2 1 388 389 521
4475 2 2 2 1 417 418 522
4476 2 2 2 1 446 447 523
4477 2 2 2 1 362 363 498
4478 2 2 2 1 391 392 492
4479 2 2 2 1 420 421 489
4480 2 2 2 1 449 450 495
4481 2 2 2 1 365 366 591
4482 2 2 2 1 394 395 589
4483 2 2 2 1 423 424 588
4484 2 2 2 1 452 453 590
4485 2 2 2 1 367 368 609
4486 2 2 2 1 396 397 611
4487 2 2 2 1 425 426 612
4488 2 2 2 1 454 455 610
4489 2 2 2 1 610 3412 3413
4490 2 2 2 1 426 427 3411
4491 2 2 2 1 455 456 3412
4492 2 2 2 1 360 361 3410
4493 2 2 2 1 424 425 3406
4494 2 2 2 1 395 396 3405
4495 2 2 2 1 357 358 3408
4496 2 2 2 1 2594 2593 2595
4497 2 2 2 1 618 535 619
4498 2 2 2 1 2595 2593 2596
4499 2 2 2 1 618 619 620
4500 2 2 2 1 2043 2250 3414
4501 2 2 2 1 2597 2596 2598
4502 2 2 2 1 618 620 1082
4503 2 2 2 1 620 619 621
4504 2 2 2 1 2595 2596 2597
4505 2 2 2 1 620 621 622
4506 2 2 2 1 621 619 2362
4507 2 2 2 1 2848 3316 3317
4508 2 2 2 1 2909 2907 2910
4509 2 2 2 1 622 624 626
4510 2 2 2 1 622 621 623
4511 2 2 2 1 622 623 624
4512 2 2 2 1 2911 2909 2912
4513 2 2 2 1 2905 2906 2907
4514 2 2 2 1 2905 2907 2908
4515 2 2 2 1 2908 2909 2911
4516 2 2 2 1 2908 2907 2909
4517 2 2 2 1 3317 3316 3336
4518 2 2 2 1 624 623 625
4519 2 2 2 1 627 625 628
4520 2 2 2 1 625 623 1273
4521 2 2 2 1 2574 2046 2575
4522 2 2 2 1 2250 2574 2630
4523 2 2 2 1 624 625 627
4524 2 2 2 1 2848 2528 3316
4525 2 2 2 1 2908 2911 2913
4526 2 2 2 1 2250 2046 2574
4527 2 2 2 1 1981 1982 1983
4528 2 2 2 1 2527 2528 2848
4529 2 2 2 1 2905 2216 2906
4530 2 2 2 1 2044 2043 3414
4531 2 2 2 1 2184 2857 3195
4532 2 2 2 1 2043 2046 2250
4533 2 2 2 1 1082 620 3415
4534 2 2 2 1 2025 2920 3384
4535 2 2 2 1 2215 2904 2914
4536 2 2 2 1 2527 2295 2528
4537 2 2 2 1 620 622 3415
4538 2 2 2 1 1981 1691 1982
4539 2 2 2 1 2920 2398 2921
4540 2 2 2 1 2447 3121 3122
4541 2 2 2 1 2328 2527 3105
4542 2 2 2 1 2302 2197 2931
4543 2 2 2 1 2904 2216 2905
4544 2 2 2 1 622 626 3415
4545 2 2 2 1 2043 2041 2046
4546 2 2 2 1 2042 2043 2044
4547 2 2 2 1 2025 2398 2920
4548 2 2 2 1 2184 2344 2857
4549 2 2 2 1 2398 2024 3403
4550 2 2 2 1 1980 1691 1981
4551 2 2 2 1 2215 2216 2904
4552 2 2 2 1 1922 2197 2302
4553 2 2 2 1 2197 2179 2198
4554 2 2 2 1 2294 2328 2775
4555 2 2 2 1 2328 2295 2527
4556 2 2 2 1 2447 2446 3121
4557 2 2 2 1 2042 2041 2043
4558 2 2 2 1 2039 2042 2045
4559 2 2 2 1 2025 2024 2398
4560 2 2 2 1 2184 1744 2344
4561 2 2 2 1 2294 2295 2328
4562 2 2 2 1 2215 2094 2216
4563 2 2 2 1 2094 2576 3404
4564 2 2 2 1 1922 2179 2197
4565 2 2 2 1 2959 2201 3021
4566 2 2 2 1 1690 2446 2447
4567 2 2 2 1 1634 1691 1980
4568 2 2 2 1 2039 2041 2042
4569 2 2 2 1 2024 1744 2184
4570 2 2 2 1 2923 2376 3045
4571 2 2 2 1 1742 2024 2025
4572 2 2 2 1 381 382 3419
4573 2 2 2 1 378 379 3422
4574 2 2 2 1 433 434 3424
4575 2 2 2 1 350 351 525
4576 2 2 2 1 379 380 527
4577 2 2 2 1 408 409 526
4578 2 2 2 1 437 438 524
4579 2 2 2 1 353 354 532
4580 2 2 2 1 380 381 3420
4581 2 2 2 1 382 383 531
4582 2 2 2 1 411 412 530
4583 2 2 2 1 440 441 529
4584 2 2 2 1 342 343 613
4585 2 2 2 1 370 371 3416
4586 2 2 2 1 371 372 614
4587 2 2 2 1 400 401 615
4588 2 2 2 1 429 430 616
4589 2 2 2 1 344 345 592
4590 2 2 2 1 347 348 506
4591 2 2 2 1 373 374 593
4592 2 2 2 1 376 377 516
4593 2 2 2 1 377 378 3423
4594 2 2 2 1 402 403 594
4595 2 2 2 1 405 406 501
4596 2 2 2 1 431 432 595
4597 2 2 2 1 434 435 511
4598 2 2 2 1 343 344 3417
4599 2 2 2 1 372 373 3418
4600 2 2 2 1 430 431 3421
4601 2 2 2 1 2294 2293 2295
4602 2 2 2 1 1922 1921 2179
4603 2 2 2 1 2098 2201 2959
4604 2 2 2 1 2094 2092 2576
4605 2 2 2 1 1690 1633 2446
4606 2 2 2 1 2101 3394 3396
4607 2 2 2 1 2292 2294 3401
4608 2 2 2 1 1634 1690 1691
4609 2 2 2 1 2093 2094 2215
4610 2 2 2 1 381 3419 3420
4611 2 2 2 1 378 3422 3423
4612 2 2 2 1 379 527 3422
4613 2 2 2 1 434 511 3424
4614 2 2 2 1 344 592 3417
4615 2 2 2 1 373 593 3418
4616 2 2 2 1 431 595 3421
4617 2 2 2 1 371 614 3416
4618 2 2 2 1 527 380 3420
4619 2 2 2 1 516 377 3423
4620 2 2 2 1 382 531 3419
4621 2 2 2 1 613 343 3417
4622 2 2 2 1 614 372 3418
4623 2 2 2 1 616 430 3421
4624 2 2 2 1 2039 2038 2041
4625 2 2 2 1 2038 2040 3407
4626 2 2 2 1 2376 1743 2717
4627 2 2 2 1 1742 1744 2024
4628 2 2 2 1 2084 2376 2923
4629 2 2 2 1 2593 2592 3425
4630 2 2 2 1 3425 2592 3426
4631 2 2 2 1 1921 1582 1923
4632 2 2 2 1 1913 2098 2405
4633 2 2 2 1 2356 1913 3397
4634 2 2 2 1 1583 1921 1922
4635 2 2 2 1 2230 1583 3398
4636 2 2 2 1 2098 1700 2201
4637 2 2 2 1 2293 2291 3322
4638 2 2 2 1 2093 2092 2094
4639 2 2 2 1 2292 2293 2294
4640 2 2 2 1 1634 1633 1690
4641 2 2 2 1 2101 3393 3394
4642 2 2 2 1 2596 2593 3425
4643 2 2 2 1 2037 2038 2039
4644 2 2 2 1 2038 2036 2040
4645 2 2 2 1 2084 1743 2376
4646 2 2 2 1 1742 1741 1744
4647 2 2 2 1 1583 1582 1921
4648 2 2 2 1 1913 1700 2098
4649 2 2 2 1 1699 1913 2356
4650 2 2 2 1 1266 1583 2230
4651 2 2 2 1 2101 2091 3393
4652 2 2 2 1 2292 2291 2293
4653 2 2 2 1 2091 2092 2093
4654 2 2 2 1 1632 1633 1634
4655 2 2 2 1 2220 3047 3048
4656 2 2 2 1 2037 2036 2038
4657 2 2 2 1 2035 2037 2079
4658 2 2 2 1 1740 1741 1742
4659 2 2 2 1 1743 1740 3400
4660 2 2 2 1 1739 1743 2084
4661 2 2 2 1 3368 2741 3369
4662 2 2 2 1 3367 3368 3373
4663 2 2 2 1 1266 1582 1583
4664 2 2 2 1 1699 1700 1913
4665 2 2 2 1 2077 2091 2101
4666 2 2 2 1 2290 2291 2292
4667 2 2 2 1 1632 1631 1633
4668 2 2 2 1 1240 1632 2090
4669 2 2 2 1 2078 3370 3391
4670 2 2 2 1 2091 2078 2092
4671 2 2 2 1 2220 2500 3047
4672 2 2 2 1 2035 2036 2037
4673 2 2 2 1 3367 2741 3368
4674 2 2 2 1 1740 1738 1741
4675 2 2 2 1 1739 1740 1743
4676 2 2 2 1 1699 1213 1700
4677 2 2 2 1 1266 1214 1582
4678 2 2 2 1 1214 1699 3385
4679 2 2 2 1 1631 1239 1805
4680 2 2 2 1 2290 2048 2291
4681 2 2 2 1 2077 2078 2091
4682 2 2 2 1 2289 2290 2426
4683 2 2 2 1 1240 1631 1632
4684 2 2 2 1 2078 2076 3370
4685 2 2 2 1 2035 2034 2036
4686 2 2 2 1 2034 2220 3374
4687 2 2 2 1 2220 2033 2500
4688 2 2 2 1 2667 3351 3353
4689 2 2 2 1 2754 2668 2806
4690 2 2 2 1 1739 1738 1740
4691 2 2 2 1 1737 2741 3367
4692 2 2 2 1 1214 1213 1699
4693 2 2 2 1 1212 1214 1266
4694 2 2 2 1 2233 3356 3357
4695 2 2 2 1 2289 2048 2290
4696 2 2 2 1 2047 2289 2777
4697 2 2 2 1 1240 1239 1631
4698 2 2 2 1 2077 2076 2078
4699 2 2 2 1 2034 2033 2220
4700 2 2 2 1 2032 2034 2035
4701 2 2 2 1 2753 2668 2754
4702 2 2 2 1 2667 3350 3351
4703 2 2 2 1 1737 2740 2741
4704 2 2 2 1 1736 1738 1739
4705 2 2 2 1 2233 2182 3356
4706 2 2 2 1 2231 2233 2375
4707 2 2 2 1 1212 1213 1214
4708 2 2 2 1 1231 1239 1240
4709 2 2 2 1 1784 2076 2077
4710 2 2 2 1 2047 2048 2289
4711 2 2 2 1 2076 1783 2351
4712 2 2 2 1 2032 2033 2034
4713 2 2 2 1 2667 2186 3350
4714 2 2 2 1 2187 2668 2753
4715 2 2 2 1 3078 2361 3223
4716 2 2 2 1 1736 1737 1738
4717 2 2 2 1 1737 1735 2740
4718 2 2 2 1 2224 2859 3178
4719 2 2 2 1 1211 1264 3372
4720 2 2 2 1 1212 1211 1213
4721 2 2 2 1 2231 2182 2233
4722 2 2 2 1 1264 1209 3349
4723 2 2 2 1 1802 2231 2232
4724 2 2 2 1 1231 1230 1239
4725 2 2 2 1 1230 2047 3363
4726 2 2 2 1 1784 1783 2076
4727 2 2 2 1 2047 1229 2048
4728 2 2 2 1 2031 3340 3355
4729 2 2 2 1 2032 2031 2033
4730 2 2 2 1 3206 2228 3209
4731 2 2 2 1 2666 2186 2667
4732 2 2 2 1 2476 3206 3207
4733 2 2 2 1 2187 2666 2668
4734 2 2 2 1 1977 2361 3078
4735 2 2 2 1 2361 1976 3020
4736 2 2 2 1 1736 1735 1737
4737 2 2 2 1 2858 2183 3286
4738 2 2 2 1 2027 2239 2864
4739 2 2 2 1 2224 2858 2859
4740 2 2 2 1 1802 2182 2231
4741 2 2 2 1 1210 1211 1212
4742 2 2 2 1 1211 1209 1264
4743 2 2 2 1 2182 1267 2360
4744 2 2 2 1 1230 1229 2047
4745 2 2 2 1 1222 1783 1784
4746 2 2 2 1 1067 1230 1231
4747 2 2 2 1 2333 2068 2357
4748 2 2 2 1 2200 1812 3361
4749 2 2 2 1 1812 2031 2032
4750 2 2 2 1 2031 1811 3340
4751 2 2 2 1 3193 2252 3194
4752 2 2 2 1 2187 2186 2666
4753 2 2 2 1 2476 2228 3206
4754 2 2 2 1 2840 2113 3229
4755 2 2 2 1 2199 1698 3359
4756 2 2 2 1 1698 1735 1736
4757 2 2 2 1 1977 1976 2361
4758 2 2 2 1 2027 2238 2239
4759 2 2 2 1 2224 2183 2858
4760 2 2 2 1 1210 1209 1211
4761 2 2 2 1 1802 1267 2182
4762 2 2 2 1 1067 1229 1230
4763 2 2 2 1 1229 1066 3371
4764 2 2 2 1 1222 1055 1783
4765 2 2 2 1 1135 1222 1630
4766 2 2 2 1 2332 2068 2333
4767 2 2 2 1 2067 3091 3339
4768 2 2 2 1 2270 1787 3329
4769 2 2 2 1 1788 1812 2200
4770 2 2 2 1 1812 1811 2031
4771 2 2 2 1 2115 2252 3193
4772 2 2 2 1 2218 2228 2476
4773 2 2 2 1 1967 2186 2187
4774 2 2 2 1 1698 1697 1735
4775 2 2 2 1 1975 1976 1977
4776 2 2 2 1 1974 2113 2840
4777 2 2 2 1 1919 1637 3325
4778 2 2 2 1 1638 1698 2199
4779 2 2 2 1 2027 1640 2238
4780 2 2 2 1 1693 2183 2224
4781 2 2 2 1 1208 1267 1802
4782 2 2 2 1 1081 1209 1210
4783 2 2 2 1 1051 1135 1136
4784 2 2 2 1 1067 1066 1229
4785 2 2 2 1 1135 1055 1222
4786 2 2 2 1 1784 2077 3427
4787 2 2 2 1 2101 3396 3427
4788 2 2 2 1 2709 1969 2819
4789 2 2 2 1 2066 2068 2332
4790 2 2 2 1 2067 3090 3091
4791 2 2 2 1 1968 2709 2710
4792 2 2 2 1 3090 2065 3318
4793 2 2 2 1 1811 1787 2270
4794 2 2 2 1 2115 2116 2252
4795 2 2 2 1 1788 1811 1812
4796 2 2 2 1 2116 1789 3024
4797 2 2 2 1 1967 2185 2186
4798 2 2 2 1 2030 2218 2346
4799 2 2 2 1 2218 2217 2228
4800 2 2 2 1 1697 1637 1919
4801 2 2 2 1 1638 1697 1698
4802 2 2 2 1 1975 1636 1976
4803 2 2 2 1 1974 1975 2113
4804 2 2 2 1 2077 2101 3427
4805 2 2 2 1 1639 1640 2027
4806 2 2 2 1 1640 1173 1918
4807 2 2 2 1 1693 1175 2183
4808 2 2 2 1 1185 1693 1694
4809 2 2 2 1 1081 1208 1209
4810 2 2 2 1 1208 1080 1267
4811 2 2 2 1 855 1066 1067
4812 2 2 2 1 1051 1055 1135
4813 2 2 2 1 2066 2067 2068
4814 2 2 2 1 2067 2065 3090
4815 2 2 2 1 1968 1969 2709
4816 2 2 2 1 1969 1655 2584
4817 2 2 2 1 1788 1787 1811
4818 2 2 2 1 2115 1789 2116
4819 2 2 2 1 2217 2029 2832
4820 2 2 2 1 1967 1271 2185
4821 2 2 2 1 2030 2217 2218
4822 2 2 2 1 3362 2079 3428
4823 2 2 2 1 1974 1636 1975
4824 2 2 2 1 1638 1637 1697
4825 2 2 2 1 1172 1639 2022
4826 2 2 2 1 1639 1173 1640
4827 2 2 2 1 1185 1175 1693
4828 2 2 2 1 1081 1080 1208
4829 2 2 2 1 1051 850 1055
4830 2 2 2 1 855 854 1066
4831 2 2 2 1 854 1051 3342
4832 2 2 2 1 2079 2037 3428
4833 2 2 2 1 2039 2045 3428
4834 2 2 2 1 2066 2065 2067
4835 2 2 2 1 1968 1655 1969
4836 2 2 2 1 1786 1789 2115
4837 2 2 2 1 1177 1787 1788
4838 2 2 2 1 1270 1966 3304
4839 2 2 2 1 1966 1271 1967
4840 2 2 2 1 2030 2029 2217
4841 2 2 2 1 1988 1990 3429
4842 2 2 2 1 1135 1630 3431
4843 2 2 2 1 1166 1637 1638
4844 2 2 2 1 1635 1636 1974
4845 2 2 2 1 2037 2039 3428
4846 2 2 2 1 1172 1173 1639
4847 2 2 2 1 1158 1175 1185
4848 2 2 2 1 721 722 723
4849 2 2 2 1 643 1080 1081
4850 2 2 2 1 854 850 1051
4851 2 2 2 1 812 854 855
4852 2 2 2 1 1990 2514 3429
4853 2 2 2 1 2945 2688 3430
4854 2 2 2 1 2688 2690 3430
4855 2 2 2 1 2981 2731 3435
4856 2 2 2 1 2731 2733 3435
4857 2 2 2 1 1136 1135 3431
4858 2 2 2 1 2962 2564 3437
4859 2 2 2 1 1218 2065 2066
4860 2 2 2 1 1608 1655 1968
4861 2 2 2 1 2134 2132 3434
4862 2 2 2 1 3443 3444 3445
4863 2 2 2 1 2561 2560 3437
4864 2 2 2 1 1210 1212 3438
4865 2 2 2 1 1266 2230 3438
4866 2 2 2 1 2560 3254 3437
4867 2 2 2 1 2457 2976 3433
4868 2 2 2 1 1786 1176 1789
4869 2 2 2 1 1177 1786 1787
4870 2 2 2 1 2518 2457 3433
4871 2 2 2 1 742 741 743
4872 2 2 2 1 2892 2134 3434
4873 2 2 2 1 2643 2641 3628
4874 2 2 2 1 2733 2736 3435
4875 2 2 2 1 1227 2029 2030
4876 2 2 2 1 1270 1271 1966
4877 2 2 2 1 3428 2045 3436
4878 2 2 2 1 2564 2561 3437
4879 2 2 2 1 1166 1635 1637
4880 2 2 2 1 1635 1165 1636
4881 2 2 2 1 1172 1156 1173
4882 2 2 2 1 1157 1172 3330
4883 2 2 2 1 1158 1157 1175
4884 2 2 2 1 2880 1284 4769
4885 2 2 2 1 3362 3428 3436
4886 2 2 2 1 643 636 1080
4887 2 2 2 1 850 811 3343
4888 2 2 2 1 812 850 854
4889 2 2 2 1 2137 2139 3440
4890 2 2 2 1 2196 3718 4256
4891 2 2 2 1 1212 1266 3438
4892 2 2 2 1 3012 508 4287
4893 2 2 2 1 2337 2242 3666
4894 2 2 2 1 637 643 3287
4895 2 2 2 1 2389 3267 3610
4896 2 2 2 1 1502 3455 4664
4897 2 2 2 1 1714 1715 1716
4898 2 2 2 1 1441 1418 1442
4899 2 2 2 1 2139 2893 3440
4900 2 2 2 1 3890 3688 4593
4901 2 2 2 1 3026 3779 3923
4902 2 2 2 1 997 998 999
4903 2 2 2 1 1218 1608 2065
4904 2 2 2 1 1608 1146 1655
4905 2 2 2 1 632 3742 4428
4906 2 2 2 1 2550 2549 3443
4907 2 2 2 1 3414 2250 3453
4908 2 2 2 1 3443 2549 3444
4909 2 2 2 1 3892 2512 4597
4910 2 2 2 1 1053 1103 1104
4911 2 2 2 1 2249 2248 3446
4912 2 2 2 1 3446 2248 3447
4913 2 2 2 1 4068 3914 4825
4914 2 2 2 1 2758 2337 3666
4915 2 2 2 1 2557 2554 3593
4916 2 2 2 1 1484 1485 1486
4917 2 2 2 1 1473 1474 1475
4918 2 2 2 1 1177 1176 1786
4919 2 2 2 1 1161 1177 3310
4920 2 2 2 1 2426 2290 3457
4921 2 2 2 1 2292 3401 3457
4922 2 2 2 1 2308 2309 3450
4923 2 2 2 1 2308 3450 3451
4924 2 2 2 1 4573 696 4784
4925 2 2 2 1 2705 2249 3446
4926 2 2 2 1 2102 1857 3631
4927 2 2 2 1 2634 2789 4612
4928 2 2 2 1 999 1000 1001
4929 2 2 2 1 3115 3116 3953
4930 2 2 2 1 1598 1597 1599
4931 2 2 2 1 1227 1270 2029
4932 2 2 2 1 1270 1150 1271
4933 2 2 2 1 2440 2980 4753
4934 2 2 2 1 2976 562 4447
4935 2 2 2 1 1645 1686 1727
4936 2 2 2 1 1343 3008 4600
4937 2 2 2 1 2549 2181 3464
4938 2 2 2 1 2309 3060 3450
4939 2 2 2 1 2496 2060 3462
4940 2 2 2 1 3752 3690 4408
4941 2 2 2 1 1164 1166 3308
4942 2 2 2 1 1166 1165 1635
4943 2 2 2 1 2860 2725 3463
4944 2 2 2 1 903 902 904
4945 2 2 2 1 779 782 4755
4946 2 2 2 1 2641 2644 3628
4947 2 2 2 1 1157 1156 1172
4948 2 2 2 1 1155 1157 1158
4949 2 2 2 1 2727 2728 2729
4950 2 2 2 1 2250 2630 3453
4951 2 2 2 1 942 1044 4457
4952 2 2 2 1 3136 2102 3631
4953 2 2 2 1 2060 2062 3462
4954 2 2 2 1 637 636 643
4955 2 2 2 1 707 812 3292
4956 2 2 2 1 812 811 850
4957 2 2 2 1 1697 1919 3468
4958 2 2 2 1 2740 1735 3468
4959 2 2 2 1 1328 1331 4689
4960 2 2 2 1 1997 1996 1998
4961 2 2 2 1 2725 2727 3463
4962 2 2 2 1 4105 2769 4732
4963 2 2 2 1 1888 2278 3679
4964 2 2 2 1 1252 1253 1254
4965 2 2 2 1 2062 2063 2338
4966 2 2 2 1 651 648 3755
4967 2 2 2 1 2252 2116 3456
4968 2 2 2 1 2311 1897 3472
4969 2 2 2 1 2290 2292 3457
4970 2 2 2 1 971 970 4644
4971 2 2 2 1 482 3076 4110
4972 2 2 2 1 1722 2178 3475
4973 2 2 2 1 1891 1890 1892
4974 2 2 2 1 2274 3272 3471
4975 2 2 2 1 2595 2597 2599
4976 2 2 2 1 1576 1577 1578
4977 2 2 2 1 2246 2245 2247
4978 2 2 2 1 2384 2355 4163
4979 2 2 2 1 1389 1387 1390
4980 2 2 2 1 3968 3591 4752
4981 2 2 2 1 1897 1988 3472
4982 2 2 2 1 2624 860 4792
4983 2 2 2 1 2062 2339 3462
4984 2 2 2 1 2128 2130 4009
4985 2 2 2 1 3464 2180 3465
4986 2 2 2 1 3039 1318 4695
4987 2 2 2 1 2194 3466 3467
4988 2 2 2 1 1756 1757 1758
4989 2 2 2 1 3789 3106 3994
4990 2 2 2 1 2727 2730 3463
4991 2 2 2 1 3444 2549 3464
4992 2 2 2 1 2461 3723 4298
4993 2 2 2 1 912 1062 3707
4994 2 2 2 1 2181 2180 3464
4995 2 2 2 1 884 1092 4245
4996 2 2 2 1 2713 2715 4437
4997 2 2 2 1 2730 2982 3463
4998 2 2 2 1 2547 2181 2548
4999 2 2 2 1 4377 4444 4711
5000 2 2 2 1 1074 1122 3749
5001 2 2 2 1 2445 1983 3307
5002 2 2 2 1 1882 1881 3607
5003 2 2 2 1 2311 3472 3473
5004 2 2 2 1 1901 1428 2334
5005 2 2 2 1 1218 1146 1608
5006 2 2 2 1 871 872 873
5007 2 2 2 1 2339 3143 3462
5008 2 2 2 1 2569 2557 3593
5009 2 2 2 1 488 3241 4141
5010 2 2 2 1 2327 2151 3596
5011 2 2 2 1 2012 2011 2013
5012 2 2 2 1 2603 2605 3469
5013 2 2 2 1 1735 1697 3468
5014 2 2 2 1 687 689 3657
5015 2 2 2 1 2867 2603 3469
5016 2 2 2 1 2841 2842 4639
5017 2 2 2 1 3957 3958 4295
5018 2 2 2 1 681 680 682
5019 2 2 2 1 1712 1713 1714
5020 2 2 2 1 2008 2322 3616
5021 2 2 2 1 3267 3190 3610
5022 2 2 2 1 3219 2305 3652
5023 2 2 2 1 3050 607 4308
5024 2 2 2 1 3285 2499 4230
5025 2 2 2 1 759 760 761
5026 2 2 2 1 2551 2550 2552
5027 2 2 2 1 1993 2297 3629
5028 2 2 2 1 2573 2701 3233
5029 2 2 2 1 1161 1176 1177
5030 2 2 2 1 1962 1963 1964
5031 2 2 2 1 2151 2153 3596
5032 2 2 2 1 1988 3429 3472
5033 2 2 2 1 2963 477 4687
5034 2 2 2 1 1881 3220 3607
5035 2 2 2 1 3343 811 3608
5036 2 2 2 1 2402 1807 3672
5037 2 2 2 1 1501 1502 4664
5038 2 2 2 1 1399 1398 1400
5039 2 2 2 1 1725 1262 2049
5040 2 2 2 1 2969 1011 4669
5041 2 2 2 1 2898 1092 3787
5042 2 2 2 1 2010 2008 3616
5043 2 2 2 1 2554 2553 3593
5044 2 2 2 1 1475 1476 1477
5045 2 2 2 1 1566 1567 1568
5046 2 2 2 1 625 1273 3634
5047 2 2 2 1 1564 1565 1566
5048 2 2 2 1 1401 1400 1404
5049 2 2 2 1 3387 3388 4061
5050 2 2 2 1 1995 1993 3629
5051 2 2 2 1 1823 2383 2684
5052 2 2 2 1 2230 3398 3642
5053 2 2 2 1 2961 779 4755
5054 2 2 2 1 2996 2995 3757
5055 2 2 2 1 2231 2375 3645
5056 2 2 2 1 2281 3012 3609
5057 2 2 2 1 3221 3219 3652
5058 2 2 2 1 604 3037 4325
5059 2 2 2 1 978 1038 3977
5060 2 2 2 1 1227 1150 1270
5061 2 2 2 1 2779 3066 4609
5062 2 2 2 1 3681 1859 4680
5063 2 2 2 1 2525 2873 2874
5064 2 2 2 1 2252 3456 3620
5065 2 2 2 1 2555 2554 2556
5066 2 2 2 1 921 922 923
5067 2 2 2 1 1516 1680 1872
5068 2 2 2 1 1623 1624 1625
5069 2 2 2 1 3645 498 4014
5070 2 2 2 1 659 660 661
5071 2 2 2 1 1001 1002 1003
5072 2 2 2 1 1869 1871 3624
5073 2 2 2 1 3100 2286 4341
5074 2 2 2 1 2664 1888 3679
5075 2 2 2 1 2154 2155 2156
5076 2 2 2 1 1164 1165 1166
5077 2 2 2 1 1165 1163 3323
5078 2 2 2 1 2375 3410 3709
5079 2 2 2 1 3656 2636 4551
5080 2 2 2 1 2135 2891 3851
5081 2 2 2 1 3012 2964 4127
5082 2 2 2 1 3212 3265 3603
5083 2 2 2 1 2861 3553 3826
5084 2 2 2 1 2132 2131 3644
5085 2 2 2 1 2153 2384 3596
5086 2 2 2 1 1918 3258 4142
5087 2 2 2 1 1155 1156 1157
5088 2 2 2 1 1156 1154 3258
5089 2 2 2 1 1749 1906 3692
5090 2 2 2 1 1336 1338 3877
5091 2 2 2 1 1391 1390 1392
5092 2 2 2 1 1803 2881 3029
5093 2 2 2 1 2394 4090 4165
5094 2 2 2 1 2727 2726 2728
5095 2 2 2 1 2245 2244 3650
5096 2 2 2 1 682 2620 4661
5097 2 2 2 1 1018 4246 4485
5098 2 2 2 1 3163 3269 4448
5099 2 2 2 1 3101 3152 3647
5100 2 2 2 1 1860 1840 3621
5101 2 2 2 1 2877 3153 3154
5102 2 2 2 1 3443 3445 3599
5103 2 2 2 1 544 3027 4630
5104 2 2 2 1 3599 468 4357
5105 2 2 2 1 346 347 3662
5106 2 2 2 1 528 3410 3780
5107 2 2 2 1 905 904 906
5108 2 2 2 1 1405 1407 4542
5109 2 2 2 1 387 3194 4721
5110 2 2 2 1 786 785 787
5111 2 2 2 1 1280 1281 1282
5112 2 2 2 1 1857 2137 3631
5113 2 2 2 1 635 636 637
5114 2 2 2 1 636 634 3320
5115 2 2 2 1 707 811 812
5116 2 2 2 1 2131 2391 3644
5117 2 2 2 1 1395 1394 1396
5118 2 2 2 1 3727 500 3927
5119 2 2 2 1 2280 2281 3609
5120 2 2 2 1 1093 1041 3768
5121 2 2 2 1 1994 1996 1997
5122 2 2 2 1 2553 3443 3599
5123 2 2 2 1 400 615 3671
5124 2 2 2 1 744 743 745
5125 2 2 2 1 2244 3181 3650
5126 2 2 2 1 2735 2734 2737
5127 2 2 2 1 3036 3033 3617
5128 2 2 2 1 2745 2467 3001
5129 2 2 2 1 1288 1289 1290
5130 2 2 2 1 694 695 3608
5131 2 2 2 1 1710 1711 1712
5132 2 2 2 1 1594 1593 1595
5133 2 2 2 1 2792 2122 3716
5134 2 2 2 1 4376 2749 4594
5135 2 2 2 1 3447 2248 3650
5136 2 2 2 1 525 3121 4156
5137 2 2 2 1 2751 1063 4544
5138 2 2 2 1 3274 4425 4808
5139 2 2 2 1 873 874 875
5140 2 2 2 1 3053 3052 3054
5141 2 2 2 1 640 639 641
5142 2 2 2 1 2062 2061 2063
5143 2 2 2 1 3083 2382 4318
5144 2 2 2 1 3030 2386 4301
5145 2 2 2 1 2298 3203 3797
5146 2 2 2 1 1726 2280 2321
5147 2 2 2 1 2305 3196 3652
5148 2 2 2 1 3637 2399 4361
5149 2 2 2 1 2545 2010 3616
5150 2 2 2 1 3565 3181 4308
5151 2 2 2 1 2679 2237 3670
5152 2 2 2 1 1477 1481 1482
5153 2 2 2 1 2122 2083 3716
5154 2 2 2 1 2083 1983 2445
5155 2 2 2 1 515 3587 3588
5156 2 2 2 1 1984 2515 2935
5157 2 2 2 1 2378 3548 4122
5158 2 2 2 1 1405 1404 1406
5159 2 2 2 1 3194 2252 3620
5160 2 2 2 1 3041 1860 3621
5161 2 2 2 1 763 764 765
5162 2 2 2 1 2511 3576 4322
5163 2 2 2 1 1861 2766 2767
5164 2 2 2 1 4033 3184 4238
5165 2 2 2 1 2944 3563 3889
5166 2 2 2 1 3854 1090 3888
5167 2 2 2 1 1614 777 2961
5168 2 2 2 1 3593 2553 3599
5169 2 2 2 1 2971 1995 3629
5170 2 2 2 1 4248 2684 4433
5171 2 2 2 1 2385 2399 3637
5172 2 2 2 1 628 625 3634
5173 2 2 2 1 2137 3440 3631
5174 2 2 2 1 2793 2795 2899
5175 2 2 2 1 2248 2245 3650
5176 2 2 2 1 3821 2301 4338
5177 2 2 2 1 2591 2594 3929
5178 2 2 2 1 1794 1611 1795
5179 2 2 2 1 1003 1004 1005
5180 2 2 2 1 1748 2245 2246
5181 2 2 2 1 1167 1105 3198
5182 2 2 2 1 1065 927 3958
5183 2 2 2 1 3398 3399 3642
5184 2 2 2 1 3860 1056 3862
5185 2 2 2 1 4201 3452 4509
5186 2 2 2 1 816 815 818
5187 2 2 2 1 2232 2231 3645
5188 2 2 2 1 2950 3668 4049
5189 2 2 2 1 3434 2132 3644
5190 2 2 2 1 1546 3324 4283
5191 2 2 2 1 3334 524 4387
5192 2 2 2 1 2739 2191 3655
5193 2 2 2 1 2458 2519 4609
5194 2 2 2 1 1600 1599 1601
5195 2 2 2 1 1970 2118 3693
5196 2 2 2 1 699 700 701
5197 2 2 2 1 923 924 925
5198 2 2 2 1 2191 2478 3655
5199 2 2 2 1 1815 3838 3839
5200 2 2 2 1 2701 3266 3674
5201 2 2 2 1 586 3227 4554
5202 2 2 2 1 450 451 3708
5203 2 2 2 1 3946 1505 4115
5204 2 2 2 1 1621 1622 1623
5205 2 2 2 1 2114 3684 3685
5206 2 2 2 1 2874 3043 4529
5207 2 2 2 1 583 3444 4714
5208 2 2 2 1 3410 361 3709
5209 2 2 2 1 362 498 3709
5210 2 2 2 1 2217 2832 3710
5211 2 2 2 1 3209 2228 3710
5212 2 2 2 1 642 641 644
5213 2 2 2 1 1708 1709 1710
5214 2 2 2 1 2351 3343 3608
5215 2 2 2 1 3410 2375 3780
5216 2 2 2 1 1727 1728 1985
5217 2 2 2 1 1058 1243 2229
5218 2 2 2 1 3111 3110 4284
5219 2 2 2 1 2706 2708 3724
5220 2 2 2 1 3399 2302 3713
5221 2 2 2 1 1314 1315 1316
5222 2 2 2 1 2385 3093 4388
5223 2 2 2 1 1226 1277 1278
5224 2 2 2 1 2497 2933 4739
5225 2 2 2 1 1151 1272 4137
5226 2 2 2 1 907 906 908
5227 2 2 2 1 1810 2181 2547
5228 2 2 2 1 2563 2565 3722
5229 2 2 2 1 2565 2588 3722
5230 2 2 2 1 1392 1395 4735
5231 2 2 2 1 2876 2329 4228
5232 2 2 2 1 1146 1144 3192
5233 2 2 2 1 1850 1851 1852
5234 2 2 2 1 1807 1678 2195
5235 2 2 2 1 4490 2349 4507
5236 2 2 2 1 835 863 3937
5237 2 2 2 1 433 3424 3719
5238 2 2 2 1 595 432 3719
5239 2 2 2 1 1145 1146 1218
5240 2 2 2 1 3425 540 4134
5241 2 2 2 1 2171 2169 4653
5242 2 2 2 1 2304 1970 3693
5243 2 2 2 1 875 876 877
5244 2 2 2 1 1613 2204 3883
5245 2 2 2 1 1302 1303 1304
5246 2 2 2 1 3292 3301 3773
5247 2 2 2 1 1877 3989 4239
5248 2 2 2 1 3110 2455 4347
5249 2 2 2 1 1011 1007 4669
5250 2 2 2 1 1751 1749 3692
5251 2 2 2 1 1282 1283 1284
5252 2 2 2 1 1221 4064 4536
5253 2 2 2 1 2471 2368 3606
5254 2 2 2 1 2268 1235 3881
5255 2 2 2 1 1407 1406 1408
5256 2 2 2 1 1875 2028 4250
5257 2 2 2 1 3066 1170 3203
5258 2 2 2 1 1958 2421 3618
5259 2 2 2 1 1050 1040 1057
5260 2 2 2 1 3444 583 4224
5261 2 2 2 1 3989 3990 4239
5262 2 2 2 1 2399 3705 4361
5263 2 2 2 1 683 682 684
5264 2 2 2 1 2617 2618 2619
5265 2 2 2 1 2198 2179 3731
5266 2 2 2 1 1290 1291 1292
5267 2 2 2 1 661 662 663
5268 2 2 2 1 1933 1934 1935
5269 2 2 2 1 4043 2338 4354
5270 2 2 2 1 3696 2660 4782
5271 2 2 2 1 588 3406 4016
5272 2 2 2 1 48 47 3477
5273 2 2 2 1 138 137 3479
5274 2 2 2 1 44 43 3485
5275 2 2 2 1 7 140 3482
5276 2 2 2 1 46 45 3488
5277 2 2 2 1 3 60 3481
5278 2 2 2 1 126 125 3491
5279 2 2 2 1 51 50 3483
5280 2 2 2 1 131 130 3484
5281 2 2 2 1 181 9 3489
5282 2 2 2 1 281 14 3487
5283 2 2 2 1 161 8 3495
5284 2 2 2 1 143 142 3504
5285 2 2 2 1 63 62 3514
5286 2 2 2 1 81 4 3501
5287 2 2 2 1 247 246 3511
5288 2 2 2 1 208 207 3509
5289 2 2 2 1 204 203 3496
5290 2 2 2 1 283 282 3520
5291 2 2 2 1 41 2 3493
5292 2 2 2 1 206 205 3517
5293 2 2 2 1 53 52 3486
5294 2 2 2 1 146 145 3513
5295 2 2 2 1 69 68 3510
5296 2 2 2 1 303 302 3507
5297 2 2 2 1 167 166 3536
5298 2 2 2 1 187 186 3521
5299 2 2 2 1 66 65 3534
5300 2 2 2 1 267 266 3527
5301 2 2 2 1 24 23 3529
5302 2 2 2 1 121 6 3499
5303 2 2 2 1 223 222 3539
5304 2 2 2 1 203 202 3548
5305 2 2 2 1 298 297 3500
5306 2 2 2 1 270 269 3537
5307 2 2 2 1 330 329 3541
5308 2 2 2 1 133 132 3492
5309 2 2 2 1 210 209 3547
5310 2 2 2 1 93 92 3550
5311 2 2 2 1 293 292 3565
5312 2 2 2 1 336 335 3545
5313 2 2 2 1 72 71 3533
5314 2 2 2 1 68 67 3540
5315 2 2 2 1 215 214 3557
5316 2 2 2 1 297 296 3570
5317 2 2 2 1 15 300 3542
5318 2 2 2 1 11 220 3523
5319 2 2 2 1 60 59 3498
5320 2 2 2 1 236 235 3562
5321 2 2 2 1 288 287 3552
5322 2 2 2 1 75 74 3563
5323 2 2 2 1 2 40 3567
5324 2 2 2 1 6 120 3572
5325 2 2 2 1 176 175 3568
5326 2 2 2 1 259 258 3579
5327 2 2 2 1 212 211 3585
5328 2 2 2 1 276 275 3581
5329 2 2 2 1 152 151 3587
5330 2 2 2 1 193 192 3578
5331 2 2 2 1 55 54 3518
5332 2 2 2 1 36 35 3584
5333 2 2 2 1 256 255 3575
5334 2 2 2 1 79 78 3569
5335 2 2 2 1 135 134 3561
5336 2 2 2 1 347 506 3662
5337 2 2 2 1 723 724 725
5338 2 2 2 1 1906 2973 3692
5339 2 2 2 1 2982 2981 3799
5340 2 2 2 1 2009 2011 2012
5341 2 2 2 1 2487 3164 4477
5342 2 2 2 1 3175 4199 4788
5343 2 2 2 1 2696 2697 3678
5344 2 2 2 1 3413 4604 4720
5345 2 2 2 1 788 787 790
5346 2 2 2 1 3314 596 3488
5347 2 2 2 1 1005 1006 1007
5348 2 2 2 1 1326 1328 4689
5349 2 2 2 1 879 880 881
5350 2 2 2 1 2237 2402 3670
5351 2 2 2 1 3142 3141 3669
5352 2 2 2 1 1366 2882 4740
5353 2 2 2 1 3287 3294 3876
5354 2 2 2 1 954 1020 4525
5355 2 2 2 1 3358 2362 3701
5356 2 2 2 1 1684 2259 3455
5357 2 2 2 1 399 400 3671
5358 2 2 2 1 4158 2836 4708
5359 2 2 2 1 846 656 3954
5360 2 2 2 1 3023 3021 3776
5361 2 2 2 1 2481 4270 4302
5362 2 2 2 1 2980 2437 4796
5363 2 2 2 1 3329 3193 3770
5364 2 2 2 1 1706 1707 1708
5365 2 2 2 1 1443 1442 1444
5366 2 2 2 1 2466 2746 3126
5367 2 2 2 1 3673 3806 3807
5368 2 2 2 1 689 707 3657
5369 2 2 2 1 798 3448 4056
5370 2 2 2 1 492 392 3753
5371 2 2 2 1 4600 2759 4658
5372 2 2 2 1 1029 1028 1030
5373 2 2 2 1 2050 2049 2051
5374 2 2 2 1 3569 2541 4464
5375 2 2 2 1 2362 3409 3701
5376 2 2 2 1 2259 3137 3455
5377 2 2 2 1 2448 1274 4579
5378 2 2 2 1 3172 3293 3882
5379 2 2 2 1 516 3423 3731
5380 2 2 2 1 2238 1640 3758
5381 2 2 2 1 4526 2604 4527
5382 2 2 2 1 3002 2627 4184
5383 2 2 2 1 881 882 883
5384 2 2 2 1 1010 1011 1012
5385 2 2 2 1 1104 1105 1167
5386 2 2 2 1 2979 2808 4333
5387 2 2 2 1 1310 1311 1312
5388 2 2 2 1 1929 1930 1931
5389 2 2 2 1 3058 1185 3898
5390 2 2 2 1 3409 528 3701
5391 2 2 2 1 1284 1285 1286
5392 2 2 2 1 3840 2110 4727
5393 2 2 2 1 3341 2270 3770
5394 2 2 2 1 3024 2483 4266
5395 2 2 2 1 2732 2729 3717
5396 2 2 2 1 1083 868 4468
5397 2 2 2 1 3348 462 3527
5398 2 2 2 1 1023 1022 1024
5399 2 2 2 1 925 926 927
5400 2 2 2 1 1161 1160 1176
5401 2 2 2 1 3305 3312 4177
5402 2 2 2 1 639 637 3287
5403 2 2 2 1 2222 2107 3052
5404 2 2 2 1 1012 1013 1052
5405 2 2 2 1 2175 3277 4810
5406 2 2 2 1 3301 1231 3798
5407 2 2 2 1 1264 3349 3774
5408 2 2 2 1 2548 2550 2551
5409 2 2 2 1 2374 1785 3691
5410 2 2 2 1 4168 2647 4392
5411 2 2 2 1 1142 1207 3738
5412 2 2 2 1 2807 2831 4095
5413 2 2 2 1 3094 323 4209
5414 2 2 2 1 3188 3189 3702
5415 2 2 2 1 1127 1877 3900
5416 2 2 2 1 3372 1264 3776
5417 2 2 2 1 3021 2201 3776
5418 2 2 2 1 1903 3064 3704
5419 2 2 2 1 1292 1294 1295
5420 2 2 2 1 1409 1408 1417
5421 2 2 2 1 1962 1960 1963
5422 2 2 2 1 3163 3572 4120
5423 2 2 2 1 2375 2233 3780
5424 2 2 2 1 407 408 3781
5425 2 2 2 1 1579 2966 3901
5426 2 2 2 1 1200 2771 4537
5427 2 2 2 1 341 342 3783
5428 2 2 2 1 428 429 3784
5429 2 2 2 1 2045 3353 4410
5430 2 2 2 1 762 794 4358
5431 2 2 2 1 1945 1947 1948
5432 2 2 2 1 2336 2369 4401
5433 2 2 2 1 2622 1751 3692
5434 2 2 2 1 961 908 962
5435 2 2 2 1 1662 1664 3615
5436 2 2 2 1 3886 3636 4645
5437 2 2 2 1 3246 3247 3893
5438 2 2 2 1 1872 1873 1874
5439 2 2 2 1 1985 1986 2020
5440 2 2 2 1 1955 1956 1957
5441 2 2 2 1 1785 2415 3691
5442 2 2 2 1 3426 2592 3788
5443 2 2 2 1 1951 1952 1953
5444 2 2 2 1 2541 2171 4148
5445 2 2 2 1 2967 2707 3552
5446 2 2 2 1 2285 2960 4341
5447 2 2 2 1 436 3334 4269
5448 2 2 2 1 2823 3217 4393
5449 2 2 2 1 2944 2943 4582
5450 2 2 2 1 1527 1684 3455
5451 2 2 2 1 3416 3284 3808
5452 2 2 2 1 4512 2765 4565
5453 2 2 2 1 407 3781 4161
5454 2 2 2 1 2090 3175 3798
5455 2 2 2 1 1240 2090 3798
5456 2 2 2 1 2118 3019 3693
5457 2 2 2 1 1316 1317 1318
5458 2 2 2 1 2841 1991 2842
5459 2 2 2 1 727 728 729
5460 2 2 2 1 1445 1444 1446
5461 2 2 2 1 2533 2537 3904
5462 2 2 2 1 3117 1388 3646
5463 2 2 2 1 1150 1148 3158
5464 2 2 2 1 2390 1613 3883
5465 2 2 2 1 2471 3606 3845
5466 2 2 2 1 3114 3115 4835
5467 2 2 2 1 1918 3045 4722
5468 2 2 2 1 2284 3259 3964
5469 2 2 2 1 1304 1305 1306
5470 2 2 2 1 1807 2195 3672
5471 2 2 2 1 3143 572 4497
5472 2 2 2 1 3426 169 4770
5473 2 2 2 1 1762 1763 1764
5474 2 2 2 1 3166 2266 3700
5475 2 2 2 1 746 745 748
5476 2 2 2 1 2242 1964 2243
5477 2 2 2 1 1542 2751 3935
5478 2 2 2 1 467 3061 4787
5479 2 2 2 1 2876 4228 4419
5480 2 2 2 1 930 928 4812
5481 2 2 2 1 945 947 3625
5482 2 2 2 1 1836 1837 1838
5483 2 2 2 1 3656 3138 4037
5484 2 2 2 1 1909 3210 3225
5485 2 2 2 1 839 838 4697
5486 2 2 2 1 1313 3237 4435
5487 2 2 2 1 1015 4094 4606
5488 2 2 2 1 3606 948 3845
5489 2 2 2 1 2052 2051 2053
5490 2 2 2 1 2589 2591 3929
5491 2 2 2 1 3381 615 4538
5492 2 2 2 1 2529 2491 4638
5493 2 2 2 1 1909 819 3210
5494 2 2 2 1 883 884 885
5495 2 2 2 1 2853 2174 4254
5496 2 2 2 1 1295 1299 1300
5497 2 2 2 1 676 673 4492
5498 2 2 2 1 3559 571 4179
5499 2 2 2 1 2242 2243 3666
5500 2 2 2 1 2886 555 3791
5501 2 2 2 1 3357 3358 3701
5502 2 2 2 1 1324 1325 1326
5503 2 2 2 1 485 3670 4010
5504 2 2 2 1 3121 525 4500
5505 2 2 2 1 4202 2023 4781
5506 2 2 2 1 1823 1816 2383
5507 2 2 2 1 1120 1057 1815
5508 2 2 2 1 672 2974 3095
5509 2 2 2 1 1753 2492 3720
5510 2 2 2 1 3190 3188 3702
5511 2 2 2 1 451 452 3835
5512 2 2 2 1 645 644 646
5513 2 2 2 1 611 397 3772
5514 2 2 2 1 1874 1875 2345
5515 2 2 2 1 1149 1150 1227
5516 2 2 2 1 3542 3172 3882
5517 2 2 2 1 663 664 665
5518 2 2 2 1 2904 2905 3843
5519 2 2 2 1 2908 2913 3843
5520 2 2 2 1 3111 4465 4476
5521 2 2 2 1 927 928 929
5522 2 2 2 1 3857 3362 4786
5523 2 2 2 1 3741 847 4756
5524 2 2 2 1 3728 1641 3879
5525 2 2 2 1 1523 1525 1526
5526 2 2 2 1 1447 1446 1448
5527 2 2 2 1 2831 2586 3850
5528 2 2 2 1 765 766 767
5529 2 2 2 1 1840 1841 1842
5530 2 2 2 1 3313 3130 3903
5531 2 2 2 1 2209 3044 3801
5532 2 2 2 1 2381 3531 4157
5533 2 2 2 1 2999 2996 3757
5534 2 2 2 1 1098 872 4166
5535 2 2 2 1 3013 3014 4054
5536 2 2 2 1 3302 3213 3721
5537 2 2 2 1 3328 3362 3857
5538 2 2 2 1 1673 1671 1674
5539 2 2 2 1 3122 3121 4500
5540 2 2 2 1 571 3155 4615
5541 2 2 2 1 346 3662 3948
5542 2 2 2 1 3178 2912 4240
5543 2 2 2 1 1318 1319 1320
5544 2 2 2 1 2738 1832 4530
5545 2 2 2 1 3184 514 4759
5546 2 2 2 1 2469 3321 3996
5547 2 2 2 1 4047 2318 4274
5548 2 2 2 1 2729 2728 3717
5549 2 2 2 1 1362 1363 4549
5550 2 2 2 1 1306 1307 1308
5551 2 2 2 1 685 684 686
5552 2 2 2 1 1054 3817 4294
5553 2 2 2 1 701 702 703
5554 2 2 2 1 2311 3473 3847
5555 2 2 2 1 2552 2554 2555
5556 2 2 2 1 3038 3035 3766
5557 2 2 2 1 1309 1310 4071
5558 2 2 2 1 3580 2545 3884
5559 2 2 2 1 2503 2952 4133
5560 2 2 2 1 1042 3664 4178
5561 2 2 2 1 3284 609 3808
5562 2 2 2 1 3599 3445 4502
5563 2 2 2 1 632 634 635
5564 2 2 2 1 514 3184 4033
5565 2 2 2 1 2301 2300 3737
5566 2 2 2 1 4109 4212 4265
5567 2 2 2 1 609 368 3808
5568 2 2 2 1 495 450 3708
5569 2 2 2 1 1438 4105 4732
5570 2 2 2 1 4187 2994 4304
5571 2 2 2 1 1164 1163 1165
5572 2 2 2 1 2839 2524 2952
5573 2 2 2 1 4102 3742 4642
5574 2 2 2 1 2800 3183 3757
5575 2 2 2 1 361 362 3709
5576 2 2 2 1 943 942 4571
5577 2 2 2 1 840 839 841
5578 2 2 2 1 2228 2217 3710
5579 2 2 2 1 3249 3899 4470
5580 2 2 2 1 2397 1831 3986
5581 2 2 2 1 2545 3580 4643
5582 2 2 2 1 2400 2950 4049
5583 2 2 2 1 2020 2021 2324
5584 2 2 2 1 2964 569 4578
5585 2 2 2 1 3019 3018 3880
5586 2 2 2 1 1758 1759 1760
5587 2 2 2 1 3020 774 4498
5588 2 2 2 1 2154 2152 2155
5589 2 2 2 1 3092 3088 4686
5590 2 2 2 1 2302 2931 3713
5591 2 2 2 1 2234 1701 2582
5592 2 2 2 1 3663 909 4796
5593 2 2 2 1 2054 2053 2055
5594 2 2 2 1 1155 1154 1156
5595 2 2 2 1 1509 1421 3803
5596 2 2 2 1 885 886 887
5597 2 2 2 1 2432 2433 2434
5598 2 2 2 1 2190 3104 3743
5599 2 2 2 1 2313 2314 3867
5600 2 2 2 1 1449 1448 1450
5601 2 2 2 1 635 638 3742
5602 2 2 2 1 2639 2643 4831
5603 2 2 2 1 1864 1863 1865
5604 2 2 2 1 169 3426 4381
5605 2 2 2 1 501 3453 4191
5606 2 2 2 1 1336 1337 1338
5607 2 2 2 1 3366 349 4196
5608 2 2 2 1 2594 2595 3452
5609 2 2 2 1 2600 2601 3818
5610 2 2 2 1 3247 3302 3721
5611 2 2 2 1 2258 2111 3727
5612 2 2 2 1 3392 4662 4674
5613 2 2 2 1 3327 467 3788
5614 2 2 2 1 2590 3327 3788
5615 2 2 2 1 432 433 3719
5616 2 2 2 1 2678 3013 4657
5617 2 2 2 1 791 790 792
5618 2 2 2 1 1056 922 4663
5619 2 2 2 1 2618 2843 3972
5620 2 2 2 1 569 3108 3729
5621 2 2 2 1 128 127 3478
5622 2 2 2 1 50 49 3480
5623 2 2 2 1 52 51 537
5624 2 2 2 1 132 131 538
5625 2 2 2 1 54 53 598
5626 2 2 2 1 145 144 3497
5627 2 2 2 1 290 289 3494
5628 2 2 2 1 134 133 600
5629 2 2 2 1 139 138 566
5630 2 2 2 1 59 58 587
5631 2 2 2 1 163 162 3639
5632 2 2 2 1 327 326 3651
5633 2 2 2 1 205 204 497
5634 2 2 2 1 42 41 570
5635 2 2 2 1 150 149 554
5636 2 2 2 1 282 281 599
5637 2 2 2 1 230 229 569
5638 2 2 2 1 299 298 567
5639 2 2 2 1 305 304 3682
5640 2 2 2 1 147 146 513
5641 2 2 2 1 310 309 562
5642 2 2 2 1 286 285 602
5643 2 2 2 1 166 165 3532
5644 2 2 2 1 122 121 581
5645 2 2 2 1 304 303 550
5646 2 2 2 1 329 328 3526
5647 2 2 2 1 307 306 518
5648 2 2 2 1 225 224 3515
5649 2 2 2 1 202 201 564
5650 2 2 2 1 43 42 3503
5651 2 2 2 1 107 106 3600
5652 2 2 2 1 61 3 502
5653 2 2 2 1 56 55 504
5654 2 2 2 1 183 182 3525
5655 2 2 2 1 141 7 512
5656 2 2 2 1 285 284 3538
5657 2 2 2 1 189 188 3530
5658 2 2 2 1 185 184 555
5659 2 2 2 1 207 206 601
5660 2 2 2 1 269 268 3528
5661 2 2 2 1 25 24 558
5662 2 2 2 1 105 104 559
5663 2 2 2 1 222 221 3546
5664 2 2 2 1 271 270 582
5665 2 2 2 1 182 181 469
5666 2 2 2 1 246 245 3611
5667 2 2 2 1 251 250 459
5668 2 2 2 1 22 21 485
5669 2 2 2 1 102 101 477
5670 2 2 2 1 209 208 496
5671 2 2 2 1 331 330 483
5672 2 2 2 1 70 69 568
5673 2 2 2 1 142 141 3522
5674 2 2 2 1 322 321 546
5675 2 2 2 1 262 261 461
5676 2 2 2 1 85 84 474
5677 2 2 2 1 73 72 505
5678 2 2 2 1 188 187 470
5679 2 2 2 1 268 267 462
5680 2 2 2 1 265 264 561
5681 2 2 2 1 71 70 3512
5682 2 2 2 1 325 324 482
5683 2 2 2 1 91 90 475
5684 2 2 2 1 296 295 520
5685 2 2 2 1 67 66 503
5686 2 2 2 1 242 241 551
5687 2 2 2 1 221 11 507
5688 2 2 2 1 82 81 552
5689 2 2 2 1 248 247 544
5690 2 2 2 1 337 336 484
5691 2 2 2 1 144 143 547
5692 2 2 2 1 16 320 3560
5693 2 2 2 1 35 34 3543
5694 2 2 2 1 28 27 486
5695 2 2 2 1 108 107 478
5696 2 2 2 1 284 283 500
5697 2 2 2 1 160 159 465
5698 2 2 2 1 227 226 508
5699 2 2 2 1 165 164 466
5700 2 2 2 1 171 170 467
5701 2 2 2 1 224 223 556
5702 2 2 2 1 319 318 3641
5703 2 2 2 1 328 327 542
5704 2 2 2 1 302 301 3549
5705 2 2 2 1 214 213 3582
5706 2 2 2 1 235 234 606
5707 2 2 2 1 301 15 517
5708 2 2 2 1 211 210 603
5709 2 2 2 1 254 253 584
5710 2 2 2 1 162 161 560
5711 2 2 2 1 316 315 3556
5712 2 2 2 1 245 244 458
5713 2 2 2 1 64 63 543
5714 2 2 2 1 216 215 510
5715 2 2 2 1 168 167 540
5716 2 2 2 1 274 273 463
5717 2 2 2 1 151 150 3490
5718 2 2 2 1 158 157 604
5719 2 2 2 1 289 288 499
5720 2 2 2 1 100 99 577
5721 2 2 2 1 191 190 580
5722 2 2 2 1 335 334 3571
5723 2 2 2 1 136 135 514
5724 2 2 2 1 76 75 553
5725 2 2 2 1 255 254 3535
5726 2 2 2 1 31 30 571
5727 2 2 2 1 111 110 572
5728 2 2 2 1 272 271 3505
5729 2 2 2 1 88 87 549
5730 2 2 2 1 275 274 3553
5731 2 2 2 1 156 155 557
5732 2 2 2 1 237 236 548
5733 2 2 2 1 238 237 3566
5734 2 2 2 1 258 257 3573
5735 2 2 2 1 180 179 583
5736 2 2 2 1 78 77 608
5737 2 2 2 1 33 32 3654
5738 2 2 2 1 40 39 488
5739 2 2 2 1 120 119 480
5740 2 2 2 1 14 280 3574
5741 2 2 2 1 252 251 3597
5742 2 2 2 1 118 117 3580
5743 2 2 2 1 32 31 3559
5744 2 2 2 1 314 313 3583
5745 2 2 2 1 192 191 3551
5746 2 2 2 1 4 80 3577
5747 2 2 2 1 34 33 487
5748 2 2 2 1 114 113 479
5749 2 2 2 1 177 176 468
5750 2 2 2 1 80 79 473
5751 2 2 2 1 157 156 3564
5752 2 2 2 1 320 319 481
5753 2 2 2 1 194 193 471
5754 2 2 2 1 200 199 472
5755 2 2 2 1 257 256 460
5756 2 2 2 1 280 279 464
5757 2 2 2 1 317 316 545
5758 2 2 2 1 334 333 585
5759 2 2 2 1 333 332 3586
5760 2 2 2 1 219 218 579
5761 2 2 2 1 339 338 3612
5762 2 2 2 1 174 173 573
5763 2 2 2 1 273 272 3558
5764 2 2 2 1 315 314 605
5765 2 2 2 1 5 100 3633
5766 2 2 2 1 97 96 476
5767 2 2 2 1 300 299 3632
5768 2 2 2 1 260 259 578
5769 2 2 2 1 159 158 3554
5770 2 2 2 1 233 232 509
5771 2 2 2 1 277 276 565
5772 2 2 2 1 292 291 539
5773 2 2 2 1 94 93 576
5774 2 2 2 1 37 36 574
5775 2 2 2 1 117 116 575
5776 2 2 2 1 332 331 3519
5777 2 2 2 1 340 339 586
5778 2 2 2 1 295 294 3589
5779 2 2 2 1 240 239 457
5780 2 2 2 1 197 196 563
5781 2 2 2 1 125 124 491
5782 2 2 2 1 313 312 519
5783 2 2 2 1 8 160 3544
5784 2 2 2 1 213 212 541
5785 2 2 2 1 338 337 3531
5786 2 2 2 1 294 293 607
5787 2 2 2 1 45 44 494
5788 2 2 2 1 153 152 515
5789 2 2 2 1 140 139 3653
5790 2 2 2 1 129 128 490
5791 2 2 2 1 127 126 597
5792 2 2 2 1 47 46 596
5793 2 2 2 1 49 48 493
5794 2 2 2 1 1076 1819 3858
5795 2 2 2 1 1320 1321 1322
5796 2 2 2 1 2372 3291 4560
5797 2 2 2 1 929 930 931
5798 2 2 2 1 2124 2451 3852
5799 2 2 2 1 1999 1998 2000
5800 2 2 2 1 1546 4283 4517
5801 2 2 2 1 1077 1118 1119
5802 2 2 2 1 628 3634 3764
5803 2 2 2 1 3354 2923 3909
5804 2 2 2 1 3728 2869 4457
5805 2 2 2 1 1332 1333 1334
5806 2 2 2 1 2460 3703 4126
5807 2 2 2 1 2142 2143 2144
5808 2 2 2 1 2382 2669 4318
5809 2 2 2 1 3124 532 3970
5810 2 2 2 1 2817 2236 2818
5811 2 2 2 1 13 3085 4706
5812 2 2 2 1 2355 3089 4163
5813 2 2 2 1 769 770 771
5814 2 2 2 1 2334 3831 4277
5815 2 2 2 1 1524 2773 3767
5816 2 2 2 1 1962 2241 3928
5817 2 2 2 1 1326 1327 1328
5818 2 2 2 1 1908 819 1909
5819 2 2 2 1 3180 1426 4035
5820 2 2 2 1 2315 1646 2787
5821 2 2 2 1 2834 2835 4317
5822 2 2 2 1 2845 2211 3460
5823 2 2 2 1 2111 2797 3727
5824 2 2 2 1 2933 3726 4739
5825 2 2 2 1 2247 2703 3253
5826 2 2 2 1 2019 2273 4043
5827 2 2 2 1 635 634 636
5828 2 2 2 1 956 1035 4551
5829 2 2 2 1 707 694 811
5830 2 2 2 1 3065 198 4152
5831 2 2 2 1 2595 2599 3452
5832 2 2 2 1 1804 2865 4213
5833 2 2 2 1 1451 1450 1452
5834 2 2 2 1 617 618 3930
5835 2 2 2 1 2488 1752 2862
5836 2 2 2 1 3513 3497 3605
5837 2 2 2 1 469 3489 3598
5838 2 2 2 1 550 3507 3508
5839 2 2 2 1 552 3501 3502
5840 2 2 2 1 3575 3535 3576
5841 2 2 2 1 507 3523 3524
5842 2 2 2 1 2321 2280 3711
5843 2 2 2 1 1161 3310 3872
5844 2 2 2 1 3639 560 3640
5845 2 2 2 1 3515 556 3516
5846 2 2 2 1 3505 582 3506
5847 2 2 2 1 465 3554 3555
5848 2 2 2 1 2864 2239 4534
5849 2 2 2 1 2179 3389 3731
5850 2 2 2 1 2280 3609 3711
5851 2 2 2 1 2939 2313 3867
5852 2 2 2 1 2703 2704 3255
5853 2 2 2 1 2257 2256 3236
5854 2 2 2 1 3833 2990 4147
5855 2 2 2 1 1343 2949 4709
5856 2 2 2 1 1120 1815 3839
5857 2 2 2 1 540 3425 4770
5858 2 2 2 1 720 800 4389
5859 2 2 2 1 2123 1768 3792
5860 2 2 2 1 2211 1607 3460
5861 2 2 2 1 665 666 667
5862 2 2 2 1 2692 2019 2826
5863 2 2 2 1 732 733 4757
5864 2 2 2 1 220 219 3698
5865 2 2 2 1 2588 2589 3687
5866 2 2 2 1 1798 1797 3659
5867 2 2 2 1 2434 2435 2436
5868 2 2 2 1 2477 2190 3743
5869 2 2 2 1 1868 1867 1869
5870 2 2 2 1 3856 3664 4626
5871 2 2 2 1 3552 2707 4439
5872 2 2 2 1 2866 2827 3131
5873 2 2 2 1 2459 2440 4109
5874 2 2 2 1 2138 1858 3459
5875 2 2 2 1 441 442 3939
5876 2 2 2 1 4179 571 4615
5877 2 2 2 1 887 888 889
5878 2 2 2 1 1349 1350 1351
5879 2 2 2 1 3662 2426 3948
5880 2 2 2 1 2235 1275 2236
5881 2 2 2 1 1171 1233 1234
5882 2 2 2 1 2923 3045 4683
5883 2 2 2 1 592 345 3948
5884 2 2 2 1 403 404 3949
5885 2 2 2 1 2613 3484 3841
5886 2 2 2 1 3453 2630 4191
5887 2 2 2 1 715 712 716
5888 2 2 2 1 913 1806 3824
5889 2 2 2 1 2262 1512 2463
5890 2 2 2 1 3369 422 4785
5891 2 2 2 1 2141 2138 3459
5892 2 2 2 1 2319 3242 3936
5893 2 2 2 1 2462 3614 3723
5894 2 2 2 1 2642 2646 3913
5895 2 2 2 1 2371 2368 2471
5896 2 2 2 1 1991 1989 3730
5897 2 2 2 1 1935 1936 1937
5898 2 2 2 1 1241 3778 4246
5899 2 2 2 1 2056 2055 2057
5900 2 2 2 1 1145 1218 3933
5901 2 2 2 1 397 398 3772
5902 2 2 2 1 598 3486 3969
5903 2 2 2 1 1287 1612 4490
5904 2 2 2 1 2787 1646 3839
5905 2 2 2 1 3394 523 4650
5906 2 2 2 1 355 617 3970
5907 2 2 2 1 532 354 3970
5908 2 2 2 1 2741 2740 3971
5909 2 2 2 1 2296 1888 2664
5910 2 2 2 1 12 3092 4686
5911 2 2 2 1 2715 3617 4437
5912 2 2 2 1 1453 1452 1454
5913 2 2 2 1 1344 1345 1346
5914 2 2 2 1 749 748 750
5915 2 2 2 1 1629 2133 3725
5916 2 2 2 1 3154 3153 4021
5917 2 2 2 1 729 730 731
5918 2 2 2 1 2340 2209 3801
5919 2 2 2 1 647 2960 4672
5920 2 2 2 1 3617 3032 4437
5921 2 2 2 1 2995 2800 3757
5922 2 2 2 1 4246 3778 4485
5923 2 2 2 1 3160 2377 4122
5924 2 2 2 1 2806 2668 3978
5925 2 2 2 1 1764 1924 1925
5926 2 2 2 1 931 932 933
5927 2 2 2 1 1605 1256 1606
5928 2 2 2 1 3896 3236 4494
5929 2 2 2 1 572 3143 4259
5930 2 2 2 1 1654 2989 4783
5931 2 2 2 1 1328 1329 1330
5932 2 2 2 1 392 393 3753
5933 2 2 2 1 2003 2002 2004
5934 2 2 2 1 1826 1825 3821
5935 2 2 2 1 2455 2306 4392
5936 2 2 2 1 4359 2410 4360
5937 2 2 2 1 3789 2624 4525
5938 2 2 2 1 687 686 688
5939 2 2 2 1 3545 2451 4495
5940 2 2 2 1 1885 3607 4116
5941 2 2 2 1 1730 1731 1732
5942 2 2 2 1 2066 2332 3933
5943 2 2 2 1 2413 2258 3927
5944 2 2 2 1 2812 1792 4441
5945 2 2 2 1 2710 3419 4310
5946 2 2 2 1 1338 1339 1340
5947 2 2 2 1 3095 2359 4489
5948 2 2 2 1 3036 3555 4325
5949 2 2 2 1 2556 2558 3458
5950 2 2 2 1 1640 1918 3758
5951 2 2 2 1 2787 3839 3840
5952 2 2 2 1 2948 3300 4234
5953 2 2 2 1 2837 2347 3903
5954 2 2 2 1 2951 3111 4476
5955 2 2 2 1 977 975 4552
5956 2 2 2 1 3326 3230 3924
5957 2 2 2 1 1442 1418 3944
5958 2 2 2 1 438 439 4006
5959 2 2 2 1 1560 1629 3725
5960 2 2 2 1 756 1880 4331
5961 2 2 2 1 647 646 711
5962 2 2 2 1 1883 1882 1884
5963 2 2 2 1 2558 2562 3458
5964 2 2 2 1 2632 1961 3928
5965 2 2 2 1 3496 203 3548
5966 2 2 2 1 3510 68 3540
5967 2 2 2 1 3481 60 3498
5968 2 2 2 1 3493 2 3567
5969 2 2 2 1 3500 297 3570
5970 2 2 2 1 3499 6 3572
5971 2 2 2 1 733 3855 4757
5972 2 2 2 1 3035 3037 3766
5973 2 2 2 1 454 610 4015
5974 2 2 2 1 590 453 4015
5975 2 2 2 1 1768 1578 1769
5976 2 2 2 1 3373 3368 4016
5977 2 2 2 1 2086 1830 3754
5978 2 2 2 1 2686 2684 4248
5979 2 2 2 1 1756 1719 1757
5980 2 2 2 1 1455 1454 1456
5981 2 2 2 1 531 3090 4310
5982 2 2 2 1 889 890 891
5983 2 2 2 1 449 495 4028
5984 2 2 2 1 3576 2490 4322
5985 2 2 2 1 2965 2390 4482
5986 2 2 2 1 239 238 3715
5987 2 2 2 1 703 704 705
5988 2 2 2 1 2737 4073 4774
5989 2 2 2 1 2270 3329 3770
5990 2 2 2 1 3320 634 3764
5991 2 2 2 1 3368 3369 4785
5992 2 2 2 1 3278 3168 4328
5993 2 2 2 1 1149 1227 4042
5994 2 2 2 1 1850 1848 1851
5995 2 2 2 1 1975 1977 4040
5996 2 2 2 1 1403 1336 3877
5997 2 2 2 1 2670 759 4659
5998 2 2 2 1 490 3290 4539
5999 2 2 2 1 3350 2185 3665
6000 2 2 2 1 3231 1658 4595
6001 2 2 2 1 1820 2425 3778
6002 2 2 2 1 1046 3028 4472
6003 2 2 2 1 2604 2867 4527
6004 2 2 2 1 1164 3308 3915
6005 2 2 2 1 3051 553 4582
6006 2 2 2 1 3962 2750 4487
6007 2 2 2 1 523 3395 4080
6008 2 2 2 1 1206 1660 4214
6009 2 2 2 1 773 774 775
6010 2 2 2 1 2014 2013 2015
6011 2 2 2 1 2815 2320 4002
6012 2 2 2 1 3141 2338 4043
6013 2 2 2 1 3349 2232 3774
6014 2 2 2 1 376 516 4061
6015 2 2 2 1 3290 2612 4539
6016 2 2 2 1 2716 3794 4806
6017 2 2 2 1 2915 2875 4245
6018 2 2 2 1 2201 3372 3776
6019 2 2 2 1 667 668 669
6020 2 2 2 1 863 1180 3937
6021 2 2 2 1 3863 3862 4113
6022 2 2 2 1 2970 2443 4456
6023 2 2 2 1 3749 1594 3750
6024 2 2 2 1 2146 2147 2148
6025 2 2 2 1 446 523 4080
6026 2 2 2 1 933 934 935
6027 2 2 2 1 1937 1938 1939
6028 2 2 2 1 4016 3406 4449
6029 2 2 2 1 3010 3765 4445
6030 2 2 2 1 3781 2754 4161
6031 2 2 2 1 3247 3721 4637
6032 2 2 2 1 733 734 735
6033 2 2 2 1 2436 2437 2438
6034 2 2 2 1 1609 2359 4285
6035 2 2 2 1 1351 1352 1353
6036 2 2 2 1 2903 3550 4162
6037 2 2 2 1 1217 1238 1258
6038 2 2 2 1 616 3195 3984
6039 2 2 2 1 2233 3357 3780
6040 2 2 2 1 408 526 3781
6041 2 2 2 1 3203 2298 4257
6042 2 2 2 1 342 613 3783
6043 2 2 2 1 429 616 3784
6044 2 2 2 1 1457 1456 1458
6045 2 2 2 1 4480 1054 4638
6046 2 2 2 1 1890 1493 4000
6047 2 2 2 1 3331 3334 4387
6048 2 2 2 1 1768 1769 3792
6049 2 2 2 1 747 3857 4786
6050 2 2 2 1 1795 1797 1798
6051 2 2 2 1 109 108 3726
6052 2 2 2 1 1119 4187 4304
6053 2 2 2 1 3710 2832 4836
6054 2 2 2 1 390 391 4106
6055 2 2 2 1 368 369 3808
6056 2 2 2 1 3192 4048 4351
6057 2 2 2 1 231 230 3729
6058 2 2 2 1 1669 1220 1670
6059 2 2 2 1 2030 2346 4042
6060 2 2 2 1 389 390 4112
6061 2 2 2 1 632 630 634
6062 2 2 2 1 1152 792 1153
6063 2 2 2 1 944 943 945
6064 2 2 2 1 62 61 3733
6065 2 2 2 1 2655 3243 4077
6066 2 2 2 1 2246 2247 3253
6067 2 2 2 1 1016 1087 3900
6068 2 2 2 1 1675 1674 1677
6069 2 2 2 1 966 1079 3901
6070 2 2 2 1 1658 3231 4219
6071 2 2 2 1 550 3508 3771
6072 2 2 2 1 2592 2590 3788
6073 2 2 2 1 2443 4407 4456
6074 2 2 2 1 2956 3476 3826
6075 2 2 2 1 2950 1191 4433
6076 2 2 2 1 757 753 758
6077 2 2 2 1 891 892 893
6078 2 2 2 1 3999 3869 4251
6079 2 2 2 1 2044 3414 3978
6080 2 2 2 1 2637 3962 4487
6081 2 2 2 1 3103 3087 4111
6082 2 2 2 1 3119 4157 4495
6083 2 2 2 1 4132 217 4596
6084 2 2 2 1 3687 2589 3929
6085 2 2 2 1 808 824 3904
6086 2 2 2 1 1601 1603 1610
6087 2 2 2 1 2690 2689 3793
6088 2 2 2 1 2596 3425 4134
6089 2 2 2 1 2363 3109 3834
6090 2 2 2 1 3210 828 3922
6091 2 2 2 1 3275 2363 3834
6092 2 2 2 1 1528 1504 1529
6093 2 2 2 1 2188 2189 3804
6094 2 2 2 1 1661 1572 1662
6095 2 2 2 1 2638 2639 4831
6096 2 2 2 1 3474 1290 4677
6097 2 2 2 1 2304 3693 3850
6098 2 2 2 1 3485 43 3503
6099 2 2 2 1 566 138 3479
6100 2 2 2 1 50 3480 3483
6101 2 2 2 1 512 7 3482
6102 2 2 2 1 599 281 3487
6103 2 2 2 1 145 3497 3513
6104 2 2 2 1 494 44 3485
6105 2 2 2 1 47 596 3477
6106 2 2 2 1 497 204 3496
6107 2 2 2 1 282 599 3520
6108 2 2 2 1 537 51 3483
6109 2 2 2 1 601 206 3517
6110 2 2 2 1 207 601 3509
6111 2 2 2 1 493 48 3477
6112 2 2 2 1 205 497 3517
6113 2 2 2 1 3504 142 3522
6114 2 2 2 1 500 283 3520
6115 2 2 2 1 496 208 3509
6116 2 2 2 1 550 303 3507
6117 2 2 2 1 547 143 3504
6118 2 2 2 1 513 146 3513
6119 2 2 2 1 570 41 3493
6120 2 2 2 1 544 247 3511
6121 2 2 2 1 3511 246 3611
6122 2 2 2 1 470 187 3521
6123 2 2 2 1 469 181 3489
6124 2 2 2 1 558 24 3529
6125 2 2 2 1 166 3532 3536
6126 2 2 2 1 538 131 3484
6127 2 2 2 1 462 267 3527
6128 2 2 2 1 269 3528 3537
6129 2 2 2 1 3482 140 3653
6130 2 2 2 1 543 63 3514
6131 2 2 2 1 329 3526 3541
6132 2 2 2 1 540 167 3536
6133 2 2 2 1 502 3 3481
6134 2 2 2 1 503 66 3534
6135 2 2 2 1 556 223 3539
6136 2 2 2 1 552 81 3501
6137 2 2 2 1 568 69 3510
6138 2 2 2 1 209 496 3547
6139 2 2 2 1 52 537 3486
6140 2 2 2 1 3487 14 3574
6141 2 2 2 1 3539 222 3546
6142 2 2 2 1 3507 302 3549
6143 2 2 2 1 202 564 3548
6144 2 2 2 1 582 270 3537
6145 2 2 2 1 581 121 3499
6146 2 2 2 1 560 161 3495
6147 2 2 2 1 71 3512 3533
6148 2 2 2 1 505 72 3533
6149 2 2 2 1 603 210 3547
6150 2 2 2 1 3501 4 3577
6151 2 2 2 1 483 330 3541
6152 2 2 2 1 67 503 3540
6153 2 2 2 1 132 538 3492
6154 2 2 2 1 567 298 3500
6155 2 2 2 1 3495 8 3544
6156 2 2 2 1 3545 335 3571
6157 2 2 2 1 125 491 3491
6158 2 2 2 1 517 15 3542
6159 2 2 2 1 484 336 3545
6160 2 2 2 1 235 606 3562
6161 2 2 2 1 548 236 3562
6162 2 2 2 1 499 288 3552
6163 2 2 2 1 3557 214 3582
6164 2 2 2 1 45 494 3488
6165 2 2 2 1 510 215 3557
6166 2 2 2 1 211 603 3585
6167 2 2 2 1 296 520 3570
6168 2 2 2 1 553 75 3563
6169 2 2 2 1 507 11 3523
6170 2 2 2 1 468 176 3568
6171 2 2 2 1 59 587 3498
6172 2 2 2 1 35 3543 3584
6173 2 2 2 1 40 488 3567
6174 2 2 2 1 275 3553 3581
6175 2 2 2 1 597 126 3491
6176 2 2 2 1 255 3535 3575
6177 2 2 2 1 120 480 3572
6178 2 2 2 1 192 3551 3578
6179 2 2 2 1 596 46 3488
6180 2 2 2 1 258 3573 3579
6181 2 2 2 1 471 193 3578
6182 2 2 2 1 576 93 3550
6183 2 2 2 1 151 3490 3587
6184 2 2 2 1 3542 300 3632
6185 2 2 2 1 598 53 3486
6186 2 2 2 1 578 259 3579
6187 2 2 2 1 565 276 3581
6188 2 2 2 1 460 256 3575
6189 2 2 2 1 292 539 3565
6190 2 2 2 1 574 36 3584
6191 2 2 2 1 473 79 3569
6192 2 2 2 1 600 133 3492
6193 2 2 2 1 541 212 3585
6194 2 2 2 1 78 608 3569
6195 2 2 2 1 607 293 3565
6196 2 2 2 1 54 598 3518
6197 2 2 2 1 515 152 3587
6198 2 2 2 1 134 600 3561
6199 2 2 2 1 504 55 3518
6200 2 2 2 1 514 135 3561
6201 2 2 2 1 1231 1240 3798
6202 2 2 2 1 1842 1843 1844
6203 2 2 2 1 1852 1853 1854
6204 2 2 2 1 792 790 3846
6205 2 2 2 1 3097 2177 3969
6206 2 2 2 1 3390 3365 4156
6207 2 2 2 1 3121 2446 4156
6208 2 2 2 1 1459 1458 1460
6209 2 2 2 1 3172 3542 3632
6210 2 2 2 1 106 105 3745
6211 2 2 2 1 630 628 3764
6212 2 2 2 1 501 406 4161
6213 2 2 2 1 1819 2277 2409
6214 2 2 2 1 526 3312 4296
6215 2 2 2 1 2912 3178 4518
6216 2 2 2 1 913 951 1806
6217 2 2 2 1 394 589 4164
6218 2 2 2 1 2734 2732 3256
6219 2 2 2 1 1958 2420 2421
6220 2 2 2 1 673 672 4492
6221 2 2 2 1 4127 2964 4578
6222 2 2 2 1 419 420 4173
6223 2 2 2 1 1176 1160 4227
6224 2 2 2 1 384 3402 4175
6225 2 2 2 1 531 383 4175
6226 2 2 2 1 411 530 4177
6227 2 2 2 1 1524 3767 4197
6228 2 2 2 1 1298 2880 4507
6229 2 2 2 1 3523 220 3698
6230 2 2 2 1 3335 2753 4296
6231 2 2 2 1 1607 1861 3460
6232 2 2 2 1 710 797 798
6233 2 2 2 1 1595 1597 1598
6234 2 2 2 1 1798 3699 4167
6235 2 2 2 1 2761 3442 3894
6236 2 2 2 1 3252 2311 3847
6237 2 2 2 1 3312 3306 4296
6238 2 2 2 1 1353 1354 1355
6239 2 2 2 1 689 688 690
6240 2 2 2 1 2133 2135 3140
6241 2 2 2 1 404 405 4191
6242 2 2 2 1 935 936 937
6243 2 2 2 1 2278 2279 3805
6244 2 2 2 1 349 350 4196
6245 2 2 2 1 3155 29 4017
6246 2 2 2 1 976 975 977
6247 2 2 2 1 3318 2710 4310
6248 2 2 2 1 3530 2986 4418
6249 2 2 2 1 1569 1548 1570
6250 2 2 2 1 3120 26 4483
6251 2 2 2 1 3054 3761 4752
6252 2 2 2 1 3183 3561 4380
6253 2 2 2 1 1112 3755 3756
6254 2 2 2 1 2562 2563 2566
6255 2 2 2 1 4034 2354 4708
6256 2 2 2 1 3794 504 4806
6257 2 2 2 1 2495 3001 4369
6258 2 2 2 1 2936 2935 4262
6259 2 2 2 1 671 672 673
6260 2 2 2 1 2909 2910 4217
6261 2 2 2 1 2601 2604 3818
6262 2 2 2 1 1871 1994 3626
6263 2 2 2 1 585 3586 3705
6264 2 2 2 1 1815 3139 4478
6265 2 2 2 1 3433 518 4557
6266 2 2 2 1 3420 2710 4668
6267 2 2 2 1 598 3969 4730
6268 2 2 2 1 751 750 752
6269 2 2 2 1 1836 1734 1837
6270 2 2 2 1 3531 484 4157
6271 2 2 2 1 561 3469 4366
6272 2 2 2 1 2924 2744 4558
6273 2 2 2 1 1825 2301 3821
6274 2 2 2 1 1277 3768 3769
6275 2 2 2 1 2427 2251 4117
6276 2 2 2 1 1945 1943 1947
6277 2 2 2 1 1989 1898 1992
6278 2 2 2 1 2299 2458 4257
6279 2 2 2 1 2530 2759 4600
6280 2 2 2 1 3024 1789 4227
6281 2 2 2 1 1576 1224 1577
6282 2 2 2 1 1461 1460 1462
6283 2 2 2 1 972 971 973
6284 2 2 2 1 1809 2323 4223
6285 2 2 2 1 893 894 895
6286 2 2 2 1 3510 3157 4098
6287 2 2 2 1 2706 3724 4598
6288 2 2 2 1 941 913 3824
6289 2 2 2 1 2791 2122 2792
6290 2 2 2 1 1933 1931 1934
6291 2 2 2 1 2716 3042 3794
6292 2 2 2 1 777 778 779
6293 2 2 2 1 1750 1752 2488
6294 2 2 2 1 1694 1693 4240
6295 2 2 2 1 2224 3178 4240
6296 2 2 2 1 3671 3380 3772
6297 2 2 2 1 3319 2945 4252
6298 2 2 2 1 1085 3079 4809
6299 2 2 2 1 3513 3605 4058
6300 2 2 2 1 644 641 826
6301 2 2 2 1 2537 2536 2872
6302 2 2 2 1 4493 4424 4763
6303 2 2 2 1 3690 2126 3777
6304 2 2 2 1 2142 2141 2143
6305 2 2 2 1 638 640 4642
6306 2 2 2 1 1502 1490 1503
6307 2 2 2 1 4078 3298 4833
6308 2 2 2 1 2438 2440 2441
6309 2 2 2 1 3539 2369 4300
6310 2 2 2 1 1886 1888 2296
6311 2 2 2 1 3476 2861 3826
6312 2 2 2 1 1777 1779 3735
6313 2 2 2 1 3126 2746 4563
6314 2 2 2 1 593 3388 4261
6315 2 2 2 1 968 967 969
6316 2 2 2 1 1929 1927 1930
6317 2 2 2 1 3388 3386 4261
6318 2 2 2 1 2356 3397 4261
6319 2 2 2 1 1153 1154 1155
6320 2 2 2 1 1951 1948 1952
6321 2 2 2 1 195 3062 4403
6322 2 2 2 1 4003 692 4461
6323 2 2 2 1 2279 1887 4116
6324 2 2 2 1 4180 755 4260
6325 2 2 2 1 1955 1953 1956
6326 2 2 2 1 2125 799 2878
6327 2 2 2 1 511 435 4269
6328 2 2 2 1 3151 2439 4260
6329 2 2 2 1 733 735 3855
6330 2 2 2 1 95 4095 4610
6331 2 2 2 1 810 835 3937
6332 2 2 2 1 1915 2990 3833
6333 2 2 2 1 3707 2326 3908
6334 2 2 2 1 2809 2810 4272
6335 2 2 2 1 2017 2019 2692
6336 2 2 2 1 2404 1648 4415
6337 2 2 2 1 3514 62 3733
6338 2 2 2 1 3108 2178 4484
6339 2 2 2 1 3561 600 4380
6340 2 2 2 1 3569 608 4589
6341 2 2 2 1 1234 1235 2268
6342 2 2 2 1 3785 2975 4131
6343 2 2 2 1 3178 529 4518
6344 2 2 2 1 2239 3796 4534
6345 2 2 2 1 2501 2503 4133
6346 2 2 2 1 2882 1415 4746
6347 2 2 2 1 1776 1775 1777
6348 2 2 2 1 705 706 709
6349 2 2 2 1 3177 3280 4383
6350 2 2 2 1 3411 3984 4829
6351 2 2 2 1 3655 2478 3790
6352 2 2 2 1 2906 3404 3832
6353 2 2 2 1 2852 2174 2853
6354 2 2 2 1 2685 2687 4289
6355 2 2 2 1 1107 1072 1109
6356 2 2 2 1 1296 2993 4585
6357 2 2 2 1 3365 3366 4196
6358 2 2 2 1 439 440 4297
6359 2 2 2 1 2082 3039 4695
6360 2 2 2 1 1043 3747 4396
6361 2 2 2 1 226 225 3775
6362 2 2 2 1 2006 2009 3658
6363 2 2 2 1 3256 1487 3746
6364 2 2 2 1 1463 1462 1464
6365 2 2 2 1 845 852 3813
6366 2 2 2 1 452 590 3835
6367 2 2 2 1 1770 1557 1771
6368 2 2 2 1 1840 1838 1841
6369 2 2 2 1 2858 3286 4387
6370 2 2 2 1 3916 2794 4703
6371 2 2 2 1 144 547 3497
6372 2 2 2 1 602 285 3538
6373 2 2 2 1 304 550 3682
6374 2 2 2 1 542 327 3651
6375 2 2 2 1 182 469 3525
6376 2 2 2 1 42 570 3503
6377 2 2 2 1 141 512 3522
6378 2 2 2 1 165 466 3532
6379 2 2 2 1 162 560 3639
6380 2 2 2 1 188 470 3530
6381 2 2 2 1 268 462 3528
6382 2 2 2 1 284 500 3538
6383 2 2 2 1 478 107 3600
6384 2 2 2 1 328 542 3526
6385 2 2 2 1 150 554 3490
6386 2 2 2 1 289 499 3494
6387 2 2 2 1 224 556 3515
6388 2 2 2 1 245 458 3611
6389 2 2 2 1 490 128 3478
6390 2 2 2 1 70 568 3512
6391 2 2 2 1 127 597 3478
6392 2 2 2 1 271 582 3505
6393 2 2 2 1 301 517 3549
6394 2 2 2 1 251 459 3597
6395 2 2 2 1 221 507 3546
6396 2 2 2 1 320 481 3560
6397 2 2 2 1 139 566 3653
6398 2 2 2 1 481 319 3641
6399 2 2 2 1 331 483 3519
6400 2 2 2 1 31 571 3559
6401 2 2 2 1 237 548 3566
6402 2 2 2 1 34 487 3543
6403 2 2 2 1 299 567 3632
6404 2 2 2 1 191 580 3551
6405 2 2 2 1 274 463 3553
6406 2 2 2 1 49 493 3480
6407 2 2 2 1 32 3559 3654
6408 2 2 2 1 254 584 3535
6409 2 2 2 1 487 33 3654
6410 2 2 2 1 334 585 3571
6411 2 2 2 1 156 557 3564
6412 2 2 2 1 463 273 3558
6413 2 2 2 1 545 316 3556
6414 2 2 2 1 604 157 3564
6415 2 2 2 1 280 464 3574
6416 2 2 2 1 520 295 3589
6417 2 2 2 1 315 605 3556
6418 2 2 2 1 272 3505 3558
6419 2 2 2 1 257 460 3573
6420 2 2 2 1 100 577 3633
6421 2 2 2 1 158 604 3554
6422 2 2 2 1 213 541 3582
6423 2 2 2 1 337 484 3531
6424 2 2 2 1 465 159 3554
6425 2 2 2 1 80 473 3577
6426 2 2 2 1 117 575 3580
6427 2 2 2 1 160 465 3544
6428 2 2 2 1 585 333 3586
6429 2 2 2 1 605 314 3583
6430 2 2 2 1 332 3519 3586
6431 2 2 2 1 313 519 3583
6432 2 2 2 1 586 339 3612
6433 2 2 2 1 338 3531 3612
6434 2 2 2 1 294 607 3589
6435 2 2 2 1 2327 3596 4098
6436 2 2 2 1 3072 3094 4209
6437 2 2 2 1 937 1017 1031
6438 2 2 2 1 1781 1882 1883
6439 2 2 2 1 95 94 4095
6440 2 2 2 1 3261 2889 4258
6441 2 2 2 1 675 676 677
6442 2 2 2 1 1753 2491 2492
6443 2 2 2 1 694 690 695
6444 2 2 2 1 1748 2246 3595
6445 2 2 2 1 2409 2994 4303
6446 2 2 2 1 2905 2908 3843
6447 2 2 2 1 1666 1863 1864
6448 2 2 2 1 4121 3043 4832
6449 2 2 2 1 2343 2342 3955
6450 2 2 2 1 1808 1810 3638
6451 2 2 2 1 1113 3714 3812
6452 2 2 2 1 2073 2072 2074
6453 2 2 2 1 499 3552 4439
6454 2 2 2 1 3843 2913 4474
6455 2 2 2 1 2089 3732 4803
6456 2 2 2 1 3049 1682 4332
6457 2 2 2 1 2835 3246 3893
6458 2 2 2 1 3947 2805 4436
6459 2 2 2 1 2189 2739 3804
6460 2 2 2 1 4183 3002 4184
6461 2 2 2 1 4000 1392 4735
6462 2 2 2 1 530 3710 4836
6463 2 2 2 1 3465 2180 4223
6464 2 2 2 1 2099 1574 3811
6465 2 2 2 1 1154 792 3846
6466 2 2 2 1 2156 2158 2159
6467 2 2 2 1 1047 1037 1048
6468 2 2 2 1 1823 2685 4330
6469 2 2 2 1 4159 4213 4830
6470 2 2 2 1 219 579 3698
6471 2 2 2 1 2289 2426 4340
6472 2 2 2 1 4728 549 4835
6473 2 2 2 1 1806 2103 2635
6474 2 2 2 1 10 200 3786
6475 2 2 2 1 3070 3069 4097
6476 2 2 2 1 895 896 897
6477 2 2 2 1 2572 1790 2984
6478 2 2 2 1 4592 2650 4734
6479 2 2 2 1 1034 957 1036
6480 2 2 2 1 1590 1748 3595
6481 2 2 2 1 1997 1998 1999
6482 2 2 2 1 3605 3497 3816
6483 2 2 2 1 721 719 722
6484 2 2 2 1 2264 2265 3590
6485 2 2 2 1 2726 2722 3800
6486 2 2 2 1 1791 2487 4477
6487 2 2 2 1 3456 2116 4319
6488 2 2 2 1 2357 3456 4319
6489 2 2 2 1 735 736 737
6490 2 2 2 1 2586 2304 3850
6491 2 2 2 1 2547 2548 3439
6492 2 2 2 1 1488 1486 1489
6493 2 2 2 1 2071 949 2072
6494 2 2 2 1 2399 2124 3852
6495 2 2 2 1 978 977 979
6496 2 2 2 1 984 983 985
6497 2 2 2 1 2921 2398 4362
6498 2 2 2 1 2611 3015 4486
6499 2 2 2 1 2453 2454 3938
6500 2 2 2 1 3556 605 4742
6501 2 2 2 1 2607 3346 4366
6502 2 2 2 1 2722 2720 3800
6503 2 2 2 1 1513 2263 2264
6504 2 2 2 1 2842 1991 3730
6505 2 2 2 1 1831 1987 3986
6506 2 2 2 1 1363 1364 1365
6507 2 2 2 1 184 183 3791
6508 2 2 2 1 711 1190 4351
6509 2 2 2 1 1465 1464 1466
6510 2 2 2 1 413 414 4378
6511 2 2 2 1 4032 1085 4809
6512 2 2 2 1 3311 3328 3857
6513 2 2 2 1 218 217 4132
6514 2 2 2 1 2791 2793 4135
6515 2 2 2 1 2976 2456 4328
6516 2 2 2 1 1960 1957 3618
6517 2 2 2 1 2178 1829 4383
6518 2 2 2 1 1676 2385 4388
6519 2 2 2 1 2323 3598 4223
6520 2 2 2 1 3640 2276 4368
6521 2 2 2 1 787 785 789
6522 2 2 2 1 57 56 3794
6523 2 2 2 1 2161 2162 2163
6524 2 2 2 1 1204 1143 1205
6525 2 2 2 1 904 1054 4294
6526 2 2 2 1 707 3292 3657
6527 2 2 2 1 1820 2424 2425
6528 2 2 2 1 1145 1144 1146
6529 2 2 2 1 1241 1820 3778
6530 2 2 2 1 1016 3900 4552
6531 2 2 2 1 736 1160 1161
6532 2 2 2 1 1762 1760 1763
6533 2 2 2 1 2575 3382 3874
6534 2 2 2 1 3609 3012 4287
6535 2 2 2 1 3235 2257 3236
6536 2 2 2 1 2472 3742 4102
6537 2 2 2 1 819 818 3210
6538 2 2 2 1 238 3566 3715
6539 2 2 2 1 457 239 3715
6540 2 2 2 1 574 3584 3737
6541 2 2 2 1 3008 1343 4709
6542 2 2 2 1 2667 3353 4414
6543 2 2 2 1 2984 1790 3615
6544 2 2 2 1 634 630 3764
6545 2 2 2 1 3516 4300 4665
6546 2 2 2 1 279 278 3799
6547 2 2 2 1 1994 1997 3626
6548 2 2 2 1 1141 1647 2481
6549 2 2 2 1 2958 2955 3902
6550 2 2 2 1 3007 563 4403
6551 2 2 2 1 2929 2786 4232
6552 2 2 2 1 743 741 747
6553 2 2 2 1 1752 2088 4685
6554 2 2 2 1 2789 1551 4612
6555 2 2 2 1 3624 1871 3626
6556 2 2 2 1 2152 2150 3689
6557 2 2 2 1 684 713 4676
6558 2 2 2 1 2210 3734 4242
6559 2 2 2 1 3181 539 4556
6560 2 2 2 1 1500 3823 4075
6561 2 2 2 1 3106 1130 3994
6562 2 2 2 1 1830 1723 1911
6563 2 2 2 1 710 798 3248
6564 2 2 2 1 2441 2459 2460
6565 2 2 2 1 4312 2768 4732
6566 2 2 2 1 2058 2057 3825
6567 2 2 2 1 2212 2486 4179
6568 2 2 2 1 2747 2411 4349
6569 2 2 2 1 2710 2709 4668
6570 2 2 2 1 3078 2476 4562
6571 2 2 2 1 2574 2575 3874
6572 2 2 2 1 108 478 3726
6573 2 2 2 1 2072 949 3625
6574 2 2 2 1 739 740 741
6575 2 2 2 1 2489 3303 4371
6576 2 2 2 1 230 569 3729
6577 2 2 2 1 1865 1867 1868
6578 2 2 2 1 717 716 718
6579 2 2 2 1 3469 2605 4366
6580 2 2 2 1 2308 3451 4368
6581 2 2 2 1 2705 3446 4439
6582 2 2 2 1 2000 2002 2003
6583 2 2 2 1 61 502 3733
6584 2 2 2 1 3860 3862 3863
6585 2 2 2 1 1467 1466 1468
6586 2 2 2 1 1484 1482 1485
6587 2 2 2 1 3670 485 3941
6588 2 2 2 1 3663 2435 3664
6589 2 2 2 1 897 898 899
6590 2 2 2 1 3494 3447 3919
6591 2 2 2 1 2192 2074 2193
6592 2 2 2 1 3317 3336 4452
6593 2 2 2 1 2085 3177 4383
6594 2 2 2 1 677 678 679
6595 2 2 2 1 442 443 4474
6596 2 2 2 1 549 3112 4835
6597 2 2 2 1 1803 793 2881
6598 2 2 2 1 2653 2655 4077
6599 2 2 2 1 1907 1917 3448
6600 2 2 2 1 3264 2631 4654
6601 2 2 2 1 3529 23 3828
6602 2 2 2 1 1236 1131 1766
6603 2 2 2 1 2392 3609 4287
6604 2 2 2 1 1301 4201 4509
6605 2 2 2 1 105 559 3745
6606 2 2 2 1 3600 106 3745
6607 2 2 2 1 983 982 4693
6608 2 2 2 1 323 322 4209
6609 2 2 2 1 2146 2144 2147
6610 2 2 2 1 3471 3272 4367
6611 2 2 2 1 3442 2691 3894
6612 2 2 2 1 3993 3649 4394
6613 2 2 2 1 525 351 4500
6614 2 2 2 1 444 445 4501
6615 2 2 2 1 2765 2763 3907
6616 2 2 2 1 1858 1856 3681
6617 2 2 2 1 3066 3203 4257
6618 2 2 2 1 3763 2453 4307
6619 2 2 2 1 3484 130 3841
6620 2 2 2 1 3215 497 4200
6621 2 2 2 1 2548 2551 3439
6622 2 2 2 1 2963 2477 4395
6623 2 2 2 1 3744 755 4180
6624 2 2 2 1 1530 1529 1531
6625 2 2 2 1 412 413 4513
6626 2 2 2 1 3425 3426 4770
6627 2 2 2 1 3175 3174 4199
6628 2 2 2 1 253 252 3822
6629 2 2 2 1 955 861 1113
6630 2 2 2 1 179 178 4224
6631 2 2 2 1 3048 3047 4521
6632 2 2 2 1 3489 9 3848
6633 2 2 2 1 456 17 4522
6634 2 2 2 1 427 20 4523
6635 2 2 2 1 17 341 4522
6636 2 2 2 1 20 428 4523
6637 2 2 2 1 369 18 4524
6638 2 2 2 1 18 370 4524
6639 2 2 2 1 4057 1971 4594
6640 2 2 2 1 615 401 4538
6641 2 2 2 1 402 594 4538
6642 2 2 2 1 2566 2563 3722
6643 2 2 2 1 3102 653 4046
6644 2 2 2 1 3682 550 3771
6645 2 2 2 1 2821 2520 4557
6646 2 2 2 1 779 780 781
6647 2 2 2 1 3293 3449 3882
6648 2 2 2 1 2530 3008 4655
6649 2 2 2 1 2527 2848 4570
6650 2 2 2 1 2518 3433 4557
6651 2 2 2 1 3205 1872 4375
6652 2 2 2 1 3744 2460 4126
6653 2 2 2 1 3338 495 4452
6654 2 2 2 1 422 423 4785
6655 2 2 2 1 2012 2013 2014
6656 2 2 2 1 1969 2584 4780
6657 2 2 2 1 2910 2907 4601
6658 2 2 2 1 1810 2547 3638
6659 2 2 2 1 3273 2388 4425
6660 2 2 2 1 3127 2633 4472
6661 2 2 2 1 3673 1108 4306
6662 2 2 2 1 2645 3238 4124
6663 2 2 2 1 1469 1468 1470
6664 2 2 2 1 2910 3899 4217
6665 2 2 2 1 3334 3333 4269
6666 2 2 2 1 1274 1203 4579
6667 2 2 2 1 3364 2777 4628
6668 2 2 2 1 489 421 4640
6669 2 2 2 1 2551 2552 4065
6670 2 2 2 1 2376 2717 4722
6671 2 2 2 1 533 386 4721
6672 2 2 2 1 2426 3662 4340
6673 2 2 2 1 2775 2328 4720
6674 2 2 2 1 2210 3769 4404
6675 2 2 2 1 2485 2845 4568
6676 2 2 2 1 523 447 4650
6677 2 2 2 1 2931 2197 4651
6678 2 2 2 1 2045 2042 4656
6679 2 2 2 1 2576 3392 4674
6680 2 2 2 1 626 624 4599
6681 2 2 2 1 23 22 3828
6682 2 2 2 1 3004 2275 3995
6683 2 2 2 1 3181 2364 4308
6684 2 2 2 1 763 761 764
6685 2 2 2 1 639 3287 3876
6686 2 2 2 1 3323 1163 4013
6687 2 2 2 1 398 19 4533
6688 2 2 2 1 19 399 4533
6689 2 2 2 1 225 3515 3775
6690 2 2 2 1 508 226 3775
6691 2 2 2 1 1195 1593 1594
6692 2 2 2 1 1539 1541 2326
6693 2 2 2 1 3588 2314 4330
6694 2 2 2 1 1517 3973 4371
6695 2 2 2 1 29 28 4017
6696 2 2 2 1 2297 3295 4353
6697 2 2 2 1 2933 2496 4497
6698 2 2 2 1 2125 2878 3690
6699 2 2 2 1 709 710 3248
6700 2 2 2 1 3774 2232 4014
6701 2 2 2 1 2169 2167 2170
6702 2 2 2 1 3422 527 3891
6703 2 2 2 1 2126 3752 4174
6704 2 2 2 1 3068 3070 4729
6705 2 2 2 1 3256 2732 3717
6706 2 2 2 1 601 3610 4688
6707 2 2 2 1 2955 2957 3902
6708 2 2 2 1 3027 2573 4630
6709 2 2 2 1 200 472 3786
6710 2 2 2 1 899 900 901
6711 2 2 2 1 1607 1606 1861
6712 2 2 2 1 4303 2268 4453
6713 2 2 2 1 2523 2525 4324
6714 2 2 2 1 807 815 816
6715 2 2 2 1 1901 2334 2335
6716 2 2 2 1 1532 1531 1534
6717 2 2 2 1 1585 1202 1641
6718 2 2 2 1 2797 2112 4581
6719 2 2 2 1 130 129 3841
6720 2 2 2 1 183 3525 3791
6721 2 2 2 1 555 184 3791
6722 2 2 2 1 2341 1360 4828
6723 2 2 2 1 1373 1374 1375
6724 2 2 2 1 2269 3751 3956
6725 2 2 2 1 3563 74 3889
6726 2 2 2 1 56 504 3794
6727 2 2 2 1 3228 2049 4397
6728 2 2 2 1 1730 1269 1731
6729 2 2 2 1 1031 1017 3684
6730 2 2 2 1 1280 1278 1281
6731 2 2 2 1 2403 2545 4643
6732 2 2 2 1 597 3295 4355
6733 2 2 2 1 2347 3313 3903
6734 2 2 2 1 2873 4249 4832
6735 2 2 2 1 1898 1896 3736
6736 2 2 2 1 689 694 707
6737 2 2 2 1 3646 2205 4314
6738 2 2 2 1 2555 2556 2559
6739 2 2 2 1 3218 3157 4741
6740 2 2 2 1 1288 1286 1289
6741 2 2 2 1 464 279 3799
6742 2 2 2 1 3929 2594 4201
6743 2 2 2 1 3174 4195 4199
6744 2 2 2 1 783 784 785
6745 2 2 2 1 3290 3478 4355
6746 2 2 2 1 9 180 3848
6747 2 2 2 1 1379 1380 1381
6748 2 2 2 1 1544 1590 1591
6749 2 2 2 1 3044 2427 4390
6750 2 2 2 1 3875 747 4786
6751 2 2 2 1 3014 2534 3741
6752 2 2 2 1 2061 2058 3825
6753 2 2 2 1 1471 1470 1472
6754 2 2 2 1 3575 3576 4345
6755 2 2 2 1 2763 2824 3907
6756 2 2 2 1 3861 2738 4530
6757 2 2 2 1 1799 2298 3797
6758 2 2 2 1 2454 2506 2507
6759 2 2 2 1 1818 4548 4665
6760 2 2 2 1 2460 2693 3703
6761 2 2 2 1 3050 3049 4332
6762 2 2 2 1 2275 3214 3995
6763 2 2 2 1 3490 554 3867
6764 2 2 2 1 1523 1521 1525
6765 2 2 2 1 3491 491 4353
6766 2 2 2 1 1422 3980 4211
6767 2 2 2 1 3732 3009 4803
6768 2 2 2 1 38 3242 4724
6769 2 2 2 1 584 253 3822
6770 2 2 2 1 252 3597 3822
6771 2 2 2 1 3115 4728 4835
6772 2 2 2 1 711 646 1190
6773 2 2 2 1 1052 1053 4138
6774 2 2 2 1 2598 3060 4802
6775 2 2 2 1 1563 1562 1564
6776 2 2 2 1 1688 1808 2082
6777 2 2 2 1 1963 1960 3618
6778 2 2 2 1 1535 1534 1831
6779 2 2 2 1 3488 494 4118
6780 2 2 2 1 2625 3789 4068
6781 2 2 2 1 759 758 760
6782 2 2 2 1 2982 3799 4292
6783 2 2 2 1 3620 533 4721
6784 2 2 2 1 1758 1757 1759
6785 2 2 2 1 2125 3690 3777
6786 2 2 2 1 2826 4043 4354
6787 2 2 2 1 22 485 3828
6788 2 2 2 1 3699 1798 4466
6789 2 2 2 1 1553 2789 4083
6790 2 2 2 1 2009 2012 3658
6791 2 2 2 1 3309 3354 3909
6792 2 2 2 1 1149 1148 1150
6793 2 2 2 1 2388 2100 4425
6794 2 2 2 1 1678 1677 3806
6795 2 2 2 1 1226 1179 1277
6796 2 2 2 1 2517 2516 4342
6797 2 2 2 1 826 641 3876
6798 2 2 2 1 129 490 3841
6799 2 2 2 1 679 680 681
6800 2 2 2 1 2708 2967 3911
6801 2 2 2 1 2314 1822 4330
6802 2 2 2 1 1620 1619 1621
6803 2 2 2 1 4671 3875 4786
6804 2 2 2 1 901 902 903
6805 2 2 2 1 3251 4143 4155
6806 2 2 2 1 3242 38 4473
6807 2 2 2 1 3083 4318 4742
6808 2 2 2 1 1119 1118 4187
6809 2 2 2 1 180 583 3848
6810 2 2 2 1 1437 1413 2896
6811 2 2 2 1 2644 2642 3913
6812 2 2 2 1 1314 1312 1315
6813 2 2 2 1 3280 509 4001
6814 2 2 2 1 3182 3184 4759
6815 2 2 2 1 2004 2006 3695
6816 2 2 2 1 1473 1472 1474
6817 2 2 2 1 3753 393 4164
6818 2 2 2 1 1107 1109 4206
6819 2 2 2 1 780 1163 1164
6820 2 2 2 1 3215 2389 4559
6821 2 2 2 1 3085 13 4580
6822 2 2 2 1 3497 547 3816
6823 2 2 2 1 3279 606 4022
6824 2 2 2 1 825 822 1112
6825 2 2 2 1 908 906 4569
6826 2 2 2 1 833 827 4298
6827 2 2 2 1 1030 1040 1050
6828 2 2 2 1 26 3120 4699
6829 2 2 2 1 3724 1536 4598
6830 2 2 2 1 1302 1300 1303
6831 2 2 2 1 83 82 3873
6832 2 2 2 1 3248 798 3249
6833 2 2 2 1 2083 2445 3716
6834 2 2 2 1 2276 1642 4368
6835 2 2 2 1 1052 4138 4646
6836 2 2 2 1 1816 1585 3668
6837 2 2 2 1 3011 3256 3717
6838 2 2 2 1 2674 2788 4411
6839 2 2 2 1 2767 2766 3075
6840 2 2 2 1 3061 2962 3982
6841 2 2 2 1 1773 1775 1776
6842 2 2 2 1 2396 1831 2397
6843 2 2 2 1 3793 2689 3943
6844 2 2 2 1 996 995 997
6845 2 2 2 1 3060 2598 4621
6846 2 2 2 1 1803 3029 4363
6847 2 2 2 1 4040 1977 4562
6848 2 2 2 1 1495 1524 4197
6849 2 2 2 1 3265 3264 4132
6850 2 2 2 1 2875 2175 4810
6851 2 2 2 1 2630 2574 4760
6852 2 2 2 1 580 2987 4512
6853 2 2 2 1 3898 1694 3899
6854 2 2 2 1 3657 3292 3773
6855 2 2 2 1 82 552 3873
6856 2 2 2 1 2911 2912 4518
6857 2 2 2 1 1961 1962 3928
6858 2 2 2 1 1049 1048 1058
6859 2 2 2 1 2322 3163 4120
6860 2 2 2 1 3566 2391 3715
6861 2 2 2 1 2106 2221 2223
6862 2 2 2 1 2728 2726 3017
6863 2 2 2 1 1024 1028 1029
6864 2 2 2 1 1257 1134 2513
6865 2 2 2 1 2793 2899 4584
6866 2 2 2 1 1896 1894 1900
6867 2 2 2 1 964 1022 1023
6868 2 2 2 1 727 725 728
6869 2 2 2 1 577 99 3880
6870 2 2 2 1 2332 2333 3897
6871 2 2 2 1 2150 2148 3680
6872 2 2 2 1 603 3547 3809
6873 2 2 2 1 805 796 4282
6874 2 2 2 1 99 98 3880
6875 2 2 2 1 1496 1419 3000
6876 2 2 2 1 2836 4034 4708
6877 2 2 2 1 3460 2767 4532
6878 2 2 2 1 3466 2343 4417
6879 2 2 2 1 2206 3860 3863
6880 2 2 2 1 618 1082 3930
6881 2 2 2 1 3553 463 3826
6882 2 2 2 1 516 3731 4749
6883 2 2 2 1 480 119 3884
6884 2 2 2 1 118 3580 3884
6885 2 2 2 1 1310 1308 1311
6886 2 2 2 1 1907 3448 4207
6887 2 2 2 1 1475 1474 1476
6888 2 2 2 1 2044 3978 4414
6889 2 2 2 1 3663 3664 3856
6890 2 2 2 1 3972 713 4661
6891 2 2 2 1 1705 1704 1706
6892 2 2 2 1 1206 1205 1660
6893 2 2 2 1 2015 2017 3706
6894 2 2 2 1 3070 3560 4729
6895 2 2 2 1 2793 2792 2795
6896 2 2 2 1 1049 1058 3795
6897 2 2 2 1 2156 2155 2158
6898 2 2 2 1 3462 3143 4497
6899 2 2 2 1 73 505 3889
6900 2 2 2 1 2758 3666 4091
6901 2 2 2 1 3666 2243 3667
6902 2 2 2 1 1235 1645 3881
6903 2 2 2 1 3258 1154 3846
6904 2 2 2 1 2880 4490 4507
6905 2 2 2 1 119 118 3884
6906 2 2 2 1 2901 1643 3965
6907 2 2 2 1 2075 4159 4830
6908 2 2 2 1 3708 3317 4452
6909 2 2 2 1 903 904 905
6910 2 2 2 1 2367 2370 3231
6911 2 2 2 1 2826 2019 4043
6912 2 2 2 1 2359 3785 4285
6913 2 2 2 1 2653 4055 4646
6914 2 2 2 1 1818 1817 4548
6915 2 2 2 1 1617 1619 1620
6916 2 2 2 1 2324 3281 3935
6917 2 2 2 1 1060 3298 4034
6918 2 2 2 1 3593 3599 4357
6919 2 2 2 1 1250 1557 1770
6920 2 2 2 1 1109 3795 3837
6921 2 2 2 1 1396 1397 1398
6922 2 2 2 1 3340 3341 4540
6923 2 2 2 1 1674 1671 3997
6924 2 2 2 1 880 2991 4434
6925 2 2 2 1 74 73 3889
6926 2 2 2 1 1207 1750 3738
6927 2 2 2 1 1574 1498 1687
6928 2 2 2 1 564 201 3905
6929 2 2 2 1 3171 567 4208
6930 2 2 2 1 2737 2734 3746
6931 2 2 2 1 3059 2319 3936
6932 2 2 2 1 1096 3648 4072
6933 2 2 2 1 736 1161 3872
6934 2 2 2 1 1493 1391 4000
6935 2 2 2 1 1092 2915 4245
6936 2 2 2 1 3568 2569 4357
6937 2 2 2 1 2507 4225 4344
6938 2 2 2 1 2699 3993 4394
6939 2 2 2 1 2931 4651 4780
6940 2 2 2 1 3444 3464 4714
6941 2 2 2 1 519 312 3910
6942 2 2 2 1 2278 3805 4148
6943 2 2 2 1 198 197 4152
6944 2 2 2 1 2860 3463 4681
6945 2 2 2 1 3136 3514 3733
6946 2 2 2 1 4510 3934 4773
6947 2 2 2 1 3479 137 4033
6948 2 2 2 1 3817 1054 4480
6949 2 2 2 1 3858 1819 4303
6950 2 2 2 1 1627 1704 1705
6951 2 2 2 1 1477 1476 1481
6952 2 2 2 1 148 147 4476
6953 2 2 2 1 1610 1611 1794
6954 2 2 2 1 2333 2357 4319
6955 2 2 2 1 2428 959 4092
6956 2 2 2 1 290 3494 3919
6957 2 2 2 1 539 291 3919
6958 2 2 2 1 529 441 3939
6959 2 2 2 1 2559 2556 3458
6960 2 2 2 1 3688 2130 4593
6961 2 2 2 1 1324 1322 1325
6962 2 2 2 1 249 3233 4550
6963 2 2 2 1 26 25 4483
6964 2 2 2 1 1392 1393 1394
6965 2 2 2 1 3052 2107 4576
6966 2 2 2 1 1716 1799 1800
6967 2 2 2 1 515 3588 4289
6968 2 2 2 1 1852 1851 1853
6969 2 2 2 1 716 712 4048
6970 2 2 2 1 2919 3117 3950
6971 2 2 2 1 1884 1886 4004
6972 2 2 2 1 723 722 724
6973 2 2 2 1 479 113 3925
6974 2 2 2 1 2715 2714 3960
6975 2 2 2 1 1480 3945 3946
6976 2 2 2 1 1856 1854 1859
6977 2 2 2 1 1848 1846 3993
6978 2 2 2 1 2335 2813 3814
6979 2 2 2 1 3734 2210 4404
6980 2 2 2 1 3092 12 4535
6981 2 2 2 1 2675 2673 4824
6982 2 2 2 1 2063 2061 2256
6983 2 2 2 1 3809 3189 4631
6984 2 2 2 1 2204 1916 4514
6985 2 2 2 1 2994 2409 4304
6986 2 2 2 1 3818 2604 4526
6987 2 2 2 1 3544 465 3960
6988 2 2 2 1 345 346 3948
6989 2 2 2 1 2467 1276 4369
6990 2 2 2 1 832 839 840
6991 2 2 2 1 681 682 683
6992 2 2 2 1 594 403 3949
6993 2 2 2 1 2473 930 4812
6994 2 2 2 1 2057 2352 3825
6995 2 2 2 1 178 177 4502
6996 2 2 2 1 1598 1599 1600
6997 2 2 2 1 3028 2080 3127
6998 2 2 2 1 517 3542 3882
6999 2 2 2 1 2222 3052 3053
7000 2 2 2 1 1832 3675 4530
7001 2 2 2 1 2927 1890 4000
7002 2 2 2 1 3742 2472 4428
7003 2 2 2 1 4430 626 4599
7004 2 2 2 1 573 3254 4326
7005 2 2 2 1 3341 3770 4112
7006 2 2 2 1 905 906 907
7007 2 2 2 1 3998 3869 3999
7008 2 2 2 1 201 10 3905
7009 2 2 2 1 3150 3290 4355
7010 2 2 2 1 485 21 3941
7011 2 2 2 1 3099 3957 4295
7012 2 2 2 1 2177 2761 3969
7013 2 2 2 1 1609 2267 2359
7014 2 2 2 1 769 767 770
7015 2 2 2 1 3492 538 4667
7016 2 2 2 1 3179 2334 4277
7017 2 2 2 1 250 249 4550
7018 2 2 2 1 475 90 3953
7019 2 2 2 1 3555 3554 4325
7020 2 2 2 1 4519 4066 4545
7021 2 2 2 1 837 830 948
7022 2 2 2 1 841 845 950
7023 2 2 2 1 1282 1281 1283
7024 2 2 2 1 1652 1701 2234
7025 2 2 2 1 3154 3866 4442
7026 2 2 2 1 1480 1442 3944
7027 2 2 2 1 3227 2526 4554
7028 2 2 2 1 3208 534 4682
7029 2 2 2 1 2368 2366 3606
7030 2 2 2 1 1336 1334 1337
7031 2 2 2 1 2717 3758 4722
7032 2 2 2 1 354 355 3970
7033 2 2 2 1 4463 1117 4690
7034 2 2 2 1 1290 1289 1291
7035 2 2 2 1 3369 2741 3971
7036 2 2 2 1 2647 1550 4392
7037 2 2 2 1 529 3939 4518
7038 2 2 2 1 1779 1781 4026
7039 2 2 2 1 1006 3236 3896
7040 2 2 2 1 1141 2481 4084
7041 2 2 2 1 312 311 3910
7042 2 2 2 1 4553 2892 4776
7043 2 2 2 1 2490 2489 3973
7044 2 2 2 1 2916 3477 4431
7045 2 2 2 1 3025 2340 4141
7046 2 2 2 1 2877 3154 3696
7047 2 2 2 1 3943 2689 4248
7048 2 2 2 1 3761 3968 4752
7049 2 2 2 1 536 3843 4474
7050 2 2 2 1 829 847 4455
7051 2 2 2 1 2606 3270 4406
7052 2 2 2 1 1191 3943 4248
7053 2 2 2 1 3507 3549 4274
7054 2 2 2 1 737 736 3872
7055 2 2 2 1 2133 3140 3725
7056 2 2 2 1 1332 1330 1333
7057 2 2 2 1 3641 318 3981
7058 2 2 2 1 317 545 3981
7059 2 2 2 1 1846 1844 3649
7060 2 2 2 1 2973 3120 4483
7061 2 2 2 1 3445 3444 4224
7062 2 2 2 1 1254 1562 1563
7063 2 2 2 1 573 173 3982
7064 2 2 2 1 3509 601 4688
7065 2 2 2 1 3255 1535 4649
7066 2 2 2 1 2668 2666 3978
7067 2 2 2 1 878 877 879
7068 2 2 2 1 2155 2152 3689
7069 2 2 2 1 1989 1992 3730
7070 2 2 2 1 549 87 3991
7071 2 2 2 1 697 699 853
7072 2 2 2 1 3344 2606 4406
7073 2 2 2 1 2307 2381 4157
7074 2 2 2 1 291 290 3919
7075 2 2 2 1 641 639 3876
7076 2 2 2 1 3319 515 4289
7077 2 2 2 1 3449 2318 4047
7078 2 2 2 1 1935 1934 1936
7079 2 2 2 1 2824 3040 4602
7080 2 2 2 1 2844 2517 4344
7081 2 2 2 1 1734 1732 3720
7082 2 2 2 1 1124 1075 3084
7083 2 2 2 1 2413 3927 4409
7084 2 2 2 1 2868 3728 3879
7085 2 2 2 1 1948 1947 3622
7086 2 2 2 1 4555 2897 4689
7087 2 2 2 1 3109 2971 4108
7088 2 2 2 1 3550 92 4162
7089 2 2 2 1 509 232 4001
7090 2 2 2 1 1284 1283 1285
7091 2 2 2 1 2198 3731 4590
7092 2 2 2 1 907 908 961
7093 2 2 2 1 241 12 4686
7094 2 2 2 1 3521 186 4169
7095 2 2 2 1 1008 1007 1010
7096 2 2 2 1 1727 1985 2253
7097 2 2 2 1 3924 419 4173
7098 2 2 2 1 2195 1678 3806
7099 2 2 2 1 2136 3314 4622
7100 2 2 2 1 261 13 4706
7101 2 2 2 1 478 3145 4739
7102 2 2 2 1 2369 2757 4300
7103 2 2 2 1 2367 3231 4595
7104 2 2 2 1 1292 1291 1294
7105 2 2 2 1 113 112 3925
7106 2 2 2 1 2437 3663 4796
7107 2 2 2 1 1153 792 1154
7108 2 2 2 1 1645 1727 3881
7109 2 2 2 1 1349 1346 1350
7110 2 2 2 1 39 38 4724
7111 2 2 2 1 4148 3805 4464
7112 2 2 2 1 3459 1858 3681
7113 2 2 2 1 849 837 3844
7114 2 2 2 1 2679 3670 3941
7115 2 2 2 1 458 244 4018
7116 2 2 2 1 3195 2857 3984
7117 2 2 2 1 1110 1656 1657
7118 2 2 2 1 765 764 766
7119 2 2 2 1 2893 3534 4399
7120 2 2 2 1 606 234 4022
7121 2 2 2 1 233 509 4022
7122 2 2 2 1 169 168 4770
7123 2 2 2 1 2391 2331 4041
7124 2 2 2 1 534 3206 4378
7125 2 2 2 1 559 104 4023
7126 2 2 2 1 1344 1342 1345
7127 2 2 2 1 85 474 4024
7128 2 2 2 1 1316 1315 1317
7129 2 2 2 1 2383 1816 3668
7130 2 2 2 1 816 818 819
7131 2 2 2 1 1168 1167 1903
7132 2 2 2 1 136 514 4033
7133 2 2 2 1 2740 3468 4316
7134 2 2 2 1 3190 3702 4688
7135 2 2 2 1 4154 2980 4172
7136 2 2 2 1 1304 1303 1305
7137 2 2 2 1 2885 3521 4169
7138 2 2 2 1 1039 3170 4323
7139 2 2 2 1 1218 2066 3933
7140 2 2 2 1 739 737 740
7141 2 2 2 1 3605 2204 4514
7142 2 2 2 1 2855 3740 4801
7143 2 2 2 1 3269 3834 4448
7144 2 2 2 1 3516 556 4300
7145 2 2 2 1 4003 2791 4135
7146 2 2 2 1 517 3882 4047
7147 2 2 2 1 1657 1827 1828
7148 2 2 2 1 3321 3218 3996
7149 2 2 2 1 3956 1097 4629
7150 2 2 2 1 3860 2738 3861
7151 2 2 2 1 3137 2414 4027
7152 2 2 2 1 683 684 685
7153 2 2 2 1 2161 2159 2162
7154 2 2 2 1 1246 1548 1569
7155 2 2 2 1 1545 3164 4804
7156 2 2 2 1 1050 1057 1120
7157 2 2 2 1 465 3555 3960
7158 2 2 2 1 1518 3344 4406
7159 2 2 2 1 773 771 774
7160 2 2 2 1 689 690 694
7161 2 2 2 1 2366 2104 4817
7162 2 2 2 1 2656 2654 2661
7163 2 2 2 1 4662 940 4674
7164 2 2 2 1 1957 1956 1958
7165 2 2 2 1 4027 2737 4774
7166 2 2 2 1 614 3418 4188
7167 2 2 2 1 3069 3071 4097
7168 2 2 2 1 3241 488 4724
7169 2 2 2 1 2320 2490 4002
7170 2 2 2 1 1295 1294 1299
7171 2 2 2 1 738 739 4765
7172 2 2 2 1 1099 4158 4608
7173 2 2 2 1 758 753 4062
7174 2 2 2 1 3056 3687 3929
7175 2 2 2 1 1260 1258 3594
7176 2 2 2 1 2129 959 2428
7177 2 2 2 1 3138 1139 4037
7178 2 2 2 1 3731 3389 4749
7179 2 2 2 1 1185 1694 3898
7180 2 2 2 1 518 3433 4515
7181 2 2 2 1 733 731 734
7182 2 2 2 1 524 438 4006
7183 2 2 2 1 3406 612 4449
7184 2 2 2 1 2689 2686 4248
7185 2 2 2 1 3079 4320 4809
7186 2 2 2 1 3742 638 4642
7187 2 2 2 1 10 3786 3905
7188 2 2 2 1 780 1164 3915
7189 2 2 2 1 3214 3161 4793
7190 2 2 2 1 76 553 4088
7191 2 2 2 1 608 77 4088
7192 2 2 2 1 961 962 1025
7193 2 2 2 1 3249 798 4056
7194 2 2 2 1 2130 3842 4009
7195 2 2 2 1 2429 2428 2430
7196 2 2 2 1 4300 2757 4665
7197 2 2 2 1 1318 1317 1319
7198 2 2 2 1 3469 561 4398
7199 2 2 2 1 2788 2676 4288
7200 2 2 2 1 453 454 4015
7201 2 2 2 1 1306 1305 1307
7202 2 2 2 1 2344 3373 4016
7203 2 2 2 1 3950 2120 4479
7204 2 2 2 1 1023 1024 3643
7205 2 2 2 1 3527 266 4279
7206 2 2 2 1 21 1 3941
7207 2 2 2 1 2652 1904 2937
7208 2 2 2 1 3579 3573 3892
7209 2 2 2 1 491 124 4108
7210 2 2 2 1 415 416 4682
7211 2 2 2 1 3651 326 4110
7212 2 2 2 1 325 482 4110
7213 2 2 2 1 3965 1643 4710
7214 2 2 2 1 3640 560 4372
7215 2 2 2 1 500 3520 3927
7216 2 2 2 1 2315 2787 2932
7217 2 2 2 1 1588 2136 4096
7218 2 2 2 1 2850 2884 4635
7219 2 2 2 1 1828 2284 2285
7220 2 2 2 1 3395 2914 4080
7221 2 2 2 1 1529 1504 4053
7222 2 2 2 1 859 943 944
7223 2 2 2 1 1217 1193 1238
7224 2 2 2 1 3194 3620 4721
7225 2 2 2 1 1842 1841 1843
7226 2 2 2 1 3500 2677 4208
7227 2 2 2 1 38 37 4473
7228 2 2 2 1 448 449 4028
7229 2 2 2 1 3473 3472 4462
7230 2 2 2 1 2106 2223 4719
7231 2 2 2 1 3899 2910 4470
7232 2 2 2 1 1723 1509 3803
7233 2 2 2 1 90 89 3953
7234 2 2 2 1 231 3729 4001
7235 2 2 2 1 507 3524 4401
7236 2 2 2 1 227 508 4127
7237 2 2 2 1 2096 1614 2961
7238 2 2 2 1 1127 1197 1877
7239 2 2 2 1 644 826 3951
7240 2 2 2 1 1579 2965 2966
7241 2 2 2 1 2960 2628 4341
7242 2 2 2 1 3568 175 4326
7243 2 2 2 1 1570 1572 1661
7244 2 2 2 1 3748 1043 4547
7245 2 2 2 1 3608 695 3963
7246 2 2 2 1 783 781 784
7247 2 2 2 1 2113 1975 4040
7248 2 2 2 1 310 562 4146
7249 2 2 2 1 2439 4180 4260
7250 2 2 2 1 913 857 951
7251 2 2 2 1 2431 2430 2432
7252 2 2 2 1 2258 3727 3927
7253 2 2 2 1 1320 1319 1321
7254 2 2 2 1 782 4311 4755
7255 2 2 2 1 2374 3691 4370
7256 2 2 2 1 1326 1325 1327
7257 2 2 2 1 2235 2236 2817
7258 2 2 2 1 3136 3631 4566
7259 2 2 2 1 1764 1763 1924
7260 2 2 2 1 1819 1064 2277
7261 2 2 2 1 2262 2463 3630
7262 2 2 2 1 3677 1427 3966
7263 2 2 2 1 729 728 730
7264 2 2 2 1 91 475 4162
7265 2 2 2 1 2143 2141 2372
7266 2 2 2 1 1359 1357 1435
7267 2 2 2 1 4165 1099 4608
7268 2 2 2 1 781 780 3915
7269 2 2 2 1 1550 4347 4392
7270 2 2 2 1 1187 1248 3914
7271 2 2 2 1 185 555 4169
7272 2 2 2 1 1658 1111 4012
7273 2 2 2 1 777 775 778
7274 2 2 2 1 3155 2494 4615
7275 2 2 2 1 2952 910 4133
7276 2 2 2 1 2371 2471 2472
7277 2 2 2 1 2562 2566 2988
7278 2 2 2 1 596 3314 4431
7279 2 2 2 1 2949 4202 4781
7280 2 2 2 1 3314 2408 4431
7281 2 2 2 1 2692 2826 3234
7282 2 2 2 1 3817 2379 4294
7283 2 2 2 1 1418 1417 3944
7284 2 2 2 1 2552 2555 4065
7285 2 2 2 1 3616 2322 4120
7286 2 2 2 1 3784 616 3984
7287 2 2 2 1 3812 1803 4363
7288 2 2 2 1 3683 3050 4332
7289 2 2 2 1 2254 3058 3898
7290 2 2 2 1 3882 3449 4047
7291 2 2 2 1 685 686 687
7292 2 2 2 1 973 975 976
7293 2 2 2 1 102 477 4189
7294 2 2 2 1 1714 1716 3853
7295 2 2 2 1 1830 1911 3754
7296 2 2 2 1 3253 2396 4271
7297 2 2 2 1 2533 2536 2537
7298 2 2 2 1 3255 2704 4598
7299 2 2 2 1 587 3467 4417
7300 2 2 2 1 1486 1485 3296
7301 2 2 2 1 2296 2664 2671
7302 2 2 2 1 2372 2141 3459
7303 2 2 2 1 2243 1964 4420
7304 2 2 2 1 3534 65 4399
7305 2 2 2 1 969 971 972
7306 2 2 2 1 2934 3696 4782
7307 2 2 2 1 1526 1525 1973
7308 2 2 2 1 3424 511 4534
7309 2 2 2 1 2433 3827 4178
7310 2 2 2 1 4143 3251 4144
7311 2 2 2 1 1943 1941 3779
7312 2 2 2 1 1957 1958 3618
7313 2 2 2 1 953 967 968
7314 2 2 2 1 2234 2582 2583
7315 2 2 2 1 1133 1187 1228
7316 2 2 2 1 1646 1120 3839
7317 2 2 2 1 1851 1848 3993
7318 2 2 2 1 375 376 4061
7319 2 2 2 1 3164 2487 4804
7320 2 2 2 1 1710 1712 2283
7321 2 2 2 1 1309 4071 4826
7322 2 2 2 1 1664 1666 3782
7323 2 2 2 1 1482 1481 3299
7324 2 2 2 1 840 841 3686
7325 2 2 2 1 718 1144 1145
7326 2 2 2 1 1623 1625 2325
7327 2 2 2 1 3040 2824 4723
7328 2 2 2 1 736 734 1160
7329 2 2 2 1 1328 1327 1329
7330 2 2 2 1 1338 1337 1339
7331 2 2 2 1 318 317 3981
7332 2 2 2 1 1578 1577 3601
7333 2 2 2 1 3523 3698 4698
7334 2 2 2 1 3119 2307 4157
7335 2 2 2 1 2232 3645 4014
7336 2 2 2 1 889 3856 4626
7337 2 2 2 1 1892 1890 2927
7338 2 2 2 1 1719 1526 4059
7339 2 2 2 1 242 551 4237
7340 2 2 2 1 1262 1188 4397
7341 2 2 2 1 1024 1029 3643
7342 2 2 2 1 2865 3694 4830
7343 2 2 2 1 2349 2713 4507
7344 2 2 2 1 1883 1884 2026
7345 2 2 2 1 173 172 3982
7346 2 2 2 1 2353 1869 3624
7347 2 2 2 1 3662 506 4340
7348 2 2 2 1 3873 552 4574
7349 2 2 2 1 2582 3274 4808
7350 2 2 2 1 1550 2938 4347
7351 2 2 2 1 3850 3693 4738
7352 2 2 2 1 557 155 4252
7353 2 2 2 1 3610 601 4559
7354 2 2 2 1 1566 1568 2206
7355 2 2 2 1 722 719 4076
7356 2 2 2 1 111 572 4259
7357 2 2 2 1 445 446 4080
7358 2 2 2 1 1790 1662 3615
7359 2 2 2 1 2465 3126 4282
7360 2 2 2 1 87 86 3991
7361 2 2 2 1 2053 2051 2940
7362 2 2 2 1 981 983 984
7363 2 2 2 1 1367 1365 1402
7364 2 2 2 1 2584 3192 4351
7365 2 2 2 1 3501 3577 4758
7366 2 2 2 1 1887 1885 4116
7367 2 2 2 1 985 987 1015
7368 2 2 2 1 2063 2256 2257
7369 2 2 2 1 1363 1361 1364
7370 2 2 2 1 2891 2892 4553
7371 2 2 2 1 949 945 3625
7372 2 2 2 1 863 865 1180
7373 2 2 2 1 3314 3488 4118
7374 2 2 2 1 265 561 4279
7375 2 2 2 1 163 3639 4281
7376 2 2 2 1 466 164 4281
7377 2 2 2 1 3643 4302 4634
7378 2 2 2 1 3718 2196 4587
7379 2 2 2 1 4027 2414 4186
7380 2 2 2 1 3670 2402 4010
7381 2 2 2 1 1643 1186 4710
7382 2 2 2 1 2006 3658 3695
7383 2 2 2 1 2238 3384 4611
7384 2 2 2 1 277 565 4292
7385 2 2 2 1 1351 1350 1352
7386 2 2 2 1 3911 2797 4581
7387 2 2 2 1 1868 1869 2353
7388 2 2 2 1 2020 2324 3224
7389 2 2 2 1 1048 1037 4070
7390 2 2 2 1 3615 1664 3782
7391 2 2 2 1 3832 3250 4601
7392 2 2 2 1 1925 1924 2120
7393 2 2 2 1 3265 4132 4596
7394 2 2 2 1 1997 1999 2393
7395 2 2 2 1 232 231 4001
7396 2 2 2 1 688 708 4731
7397 2 2 2 1 3971 489 4640
7398 2 2 2 1 2279 4116 4758
7399 2 2 2 1 1369 1367 3921
7400 2 2 2 1 2906 3832 4601
7401 2 2 2 1 28 486 4017
7402 2 2 2 1 3957 1065 3958
7403 2 2 2 1 2562 2988 3458
7404 2 2 2 1 340 586 4305
7405 2 2 2 1 3650 3181 4556
7406 2 2 2 1 4270 3147 4302
7407 2 2 2 1 750 748 754
7408 2 2 2 1 1937 1936 1938
7409 2 2 2 1 1340 1339 1347
7410 2 2 2 1 817 806 4648
7411 2 2 2 1 3157 2327 4098
7412 2 2 2 1 1677 2081 3806
7413 2 2 2 1 1585 1641 3668
7414 2 2 2 1 3810 4130 4342
7415 2 2 2 1 97 476 4315
7416 2 2 2 1 2193 2517 2844
7417 2 2 2 1 1754 4113 4376
7418 2 2 2 1 1056 3860 3861
7419 2 2 2 1 2003 2004 2007
7420 2 2 2 1 3892 2811 4334
7421 2 2 2 1 3579 3892 4334
7422 2 2 2 1 687 688 689
7423 2 2 2 1 1308 1307 3613
7424 2 2 2 1 538 4089 4667
7425 2 2 2 1 2167 2165 3819
7426 2 2 2 1 940 3832 4674
7427 2 2 2 1 3832 3404 4674
7428 2 2 2 1 2421 2420 2882
7429 2 2 2 1 174 573 4326
7430 2 2 2 1 3724 2708 4581
7431 2 2 2 1 474 84 4327
7432 2 2 2 1 2660 3696 4442
7433 2 2 2 1 4267 3657 4788
7434 2 2 2 1 1894 1892 3849
7435 2 2 2 1 3842 3010 4445
7436 2 2 2 1 391 492 4106
7437 2 2 2 1 2082 1808 3638
7438 2 2 2 1 2619 2618 4705
7439 2 2 2 1 2014 2015 2269
7440 2 2 2 1 3683 2788 4288
7441 2 2 2 1 3552 287 4607
7442 2 2 2 1 670 669 671
7443 2 2 2 1 1838 1837 4031
7444 2 2 2 1 244 243 4018
7445 2 2 2 1 709 3248 3250
7446 2 2 2 1 3765 867 4346
7447 2 2 2 1 3087 3092 4111
7448 2 2 2 1 521 389 4112
7449 2 2 2 1 743 747 3875
7450 2 2 2 1 3826 463 4343
7451 2 2 2 1 1757 1719 4059
7452 2 2 2 1 1227 2030 4042
7453 2 2 2 1 1625 1627 3868
7454 2 2 2 1 1162 1182 1244
7455 2 2 2 1 1939 1938 1972
7456 2 2 2 1 3931 1347 4373
7457 2 2 2 1 234 233 4022
7458 2 2 2 1 3899 1694 4217
7459 2 2 2 1 3731 3423 4590
7460 2 2 2 1 104 103 4023
7461 2 2 2 1 989 991 1221
7462 2 2 2 1 1330 1329 3676
7463 2 2 2 1 1874 2345 2782
7464 2 2 2 1 655 657 1100
7465 2 2 2 1 3815 3814 3829
7466 2 2 2 1 1353 1352 1354
7467 2 2 2 1 86 85 4024
7468 2 2 2 1 3603 510 4531
7469 2 2 2 1 575 116 4367
7470 2 2 2 1 1795 1798 4167
7471 2 2 2 1 745 743 3875
7472 2 2 2 1 730 1159 2483
7473 2 2 2 1 2251 2748 4117
7474 2 2 2 1 3698 2632 4698
7475 2 2 2 1 1568 1617 3859
7476 2 2 2 1 3899 3249 4694
7477 2 2 2 1 3770 521 4112
7478 2 2 2 1 4679 732 4757
7479 2 2 2 1 2148 2147 2157
7480 2 2 2 1 137 136 4033
7481 2 2 2 1 2493 3155 4017
7482 2 2 2 1 2454 2407 2506
7483 2 2 2 1 1072 1049 3795
7484 2 2 2 1 1199 1252 1971
7485 2 2 2 1 2377 2378 4122
7486 2 2 2 1 740 737 3872
7487 2 2 2 1 1258 1238 2108
7488 2 2 2 1 1732 1731 1753
7489 2 2 2 1 3028 3127 4472
7490 2 2 2 1 674 673 675
7491 2 2 2 1 1373 1371 1374
7492 2 2 2 1 3666 3667 4091
7493 2 2 2 1 2012 2014 2755
7494 2 2 2 1 3196 3113 4718
7495 2 2 2 1 2057 2227 2352
7496 2 2 2 1 561 264 4398
7497 2 2 2 1 64 543 4399
7498 2 2 2 1 563 196 4403
7499 2 2 2 1 2646 2645 4123
7500 2 2 2 1 2017 2692 3706
7501 2 2 2 1 3062 3007 4403
7502 2 2 2 1 27 26 4699
7503 2 2 2 1 4095 2831 4610
7504 2 2 2 1 170 169 4381
7505 2 2 2 1 1379 1377 1380
7506 2 2 2 1 502 3481 3955
7507 2 2 2 1 1168 1904 2651
7508 2 2 2 1 2884 2886 4635
7509 2 2 2 1 1601 1610 4103
7510 2 2 2 1 3855 2424 4505
7511 2 2 2 1 2956 3826 4343
7512 2 2 2 1 1667 1494 4726
7513 2 2 2 1 3062 471 4602
7514 2 2 2 1 2780 2413 4409
7515 2 2 2 1 2514 2312 4125
7516 2 2 2 1 3242 3241 4724
7517 2 2 2 1 189 3530 4418
7518 2 2 2 1 580 190 4418
7519 2 2 2 1 938 4144 4295
7520 2 2 2 1 2895 3678 4275
7521 2 2 2 1 735 734 736
7522 2 2 2 1 1952 1948 3622
7523 2 2 2 1 1591 1590 3595
7524 2 2 2 1 262 461 4426
7525 2 2 2 1 957 915 3830
7526 2 2 2 1 3346 3527 4279
7527 2 2 2 1 944 945 949
7528 2 2 2 1 1385 1383 1426
7529 2 2 2 1 764 761 4082
7530 2 2 2 1 2277 3824 4504
7531 2 2 2 1 1841 1838 4031
7532 2 2 2 1 2678 3296 4007
7533 2 2 2 1 1025 962 3887
7534 2 2 2 1 2492 2491 2529
7535 2 2 2 1 590 4015 4570
7536 2 2 2 1 3894 2691 4806
7537 2 2 2 1 1712 1714 3885
7538 2 2 2 1 3949 2630 4760
7539 2 2 2 1 1661 1662 1790
7540 2 2 2 1 1837 1734 3720
7541 2 2 2 1 4543 4291 4575
7542 2 2 2 1 1934 1931 4051
7543 2 2 2 1 1355 1354 1411
7544 2 2 2 1 1008 3864 3865
7545 2 2 2 1 2737 3746 4073
7546 2 2 2 1 1191 4248 4433
7547 2 2 2 1 2284 1827 3144
7548 2 2 2 1 2598 2596 4134
7549 2 2 2 1 2451 3119 4495
7550 2 2 2 1 562 309 4447
7551 2 2 2 1 1844 1843 2358
7552 2 2 2 1 878 959 2128
7553 2 2 2 1 995 994 4795
7554 2 2 2 1 2409 2277 2579
7555 2 2 2 1 2572 2984 3297
7556 2 2 2 1 3696 2934 3802
7557 2 2 2 1 3877 1338 4658
7558 2 2 2 1 547 3504 4339
7559 2 2 2 1 2487 2747 4140
7560 2 2 2 1 1806 951 2103
7561 2 2 2 1 4393 542 4797
7562 2 2 2 1 780 778 1163
7563 2 2 2 1 3422 3891 4590
7564 2 2 2 1 1886 2296 4004
7565 2 2 2 1 546 321 4458
7566 2 2 2 1 16 3560 4458
7567 2 2 2 1 3888 2283 4670
7568 2 2 2 1 1190 646 3951
7569 2 2 2 1 2513 1134 4070
7570 2 2 2 1 4374 2243 4420
7571 2 2 2 1 554 149 4465
7572 2 2 2 1 3657 3773 4788
7573 2 2 2 1 869 871 960
7574 2 2 2 1 1032 1031 1091
7575 2 2 2 1 760 1148 1149
7576 2 2 2 1 2071 2072 2073
7577 2 2 2 1 2651 2652 2653
7578 2 2 2 1 4010 2402 4280
7579 2 2 2 1 3005 3065 4152
7580 2 2 2 1 976 977 978
7581 2 2 2 1 993 995 996
7582 2 2 2 1 2028 3027 4586
7583 2 2 2 1 3765 4346 4445
7584 2 2 2 1 4365 1046 4616
7585 2 2 2 1 2264 2263 2265
7586 2 2 2 1 4113 2749 4376
7587 2 2 2 1 841 950 3686
7588 2 2 2 1 627 629 4712
7589 2 2 2 1 3932 3931 4373
7590 2 2 2 1 919 921 1096
7591 2 2 2 1 568 3510 4098
7592 2 2 2 1 1289 1286 4067
7593 2 2 2 1 2352 3896 4494
7594 2 2 2 1 1648 1194 4415
7595 2 2 2 1 1819 2409 4303
7596 2 2 2 1 422 3369 4640
7597 2 2 2 1 2718 2954 4475
7598 2 2 2 1 3891 527 4668
7599 2 2 2 1 2621 4264 4396
7600 2 2 2 1 1671 1670 3997
7601 2 2 2 1 1620 1832 2738
7602 2 2 2 1 2446 3390 4156
7603 2 2 2 1 3930 1082 4454
7604 2 2 2 1 999 1001 1009
7605 2 2 2 1 2150 3680 3689
7606 2 2 2 1 2891 4553 4713
7607 2 2 2 1 3625 947 3992
7608 2 2 2 1 2653 2654 2655
7609 2 2 2 1 994 4230 4795
7610 2 2 2 1 2357 3339 4160
7611 2 2 2 1 406 407 4161
7612 2 2 2 1 2330 2877 3802
7613 2 2 2 1 1706 1708 1821
7614 2 2 2 1 1750 2488 3738
7615 2 2 2 1 968 969 3740
7616 2 2 2 1 2734 3256 3746
7617 2 2 2 1 307 518 4515
7618 2 2 2 1 587 58 4516
7619 2 2 2 1 2128 2129 2130
7620 2 2 2 1 3679 2278 4148
7621 2 2 2 1 1272 2303 4137
7622 2 2 2 1 1685 1915 4416
7623 2 2 2 1 1769 1578 3601
7624 2 2 2 1 393 394 4164
7625 2 2 2 1 779 778 780
7626 2 2 2 1 3969 2761 4730
7627 2 2 2 1 497 3496 4200
7628 2 2 2 1 2453 3763 4606
7629 2 2 2 1 2057 2055 2227
7630 2 2 2 1 1927 1925 3836
7631 2 2 2 1 2088 4280 4685
7632 2 2 2 1 2073 2074 2192
7633 2 2 2 1 2352 2969 3896
7634 2 2 2 1 4147 1232 4541
7635 2 2 2 1 240 457 4535
7636 2 2 2 1 1992 1898 3736
7637 2 2 2 1 2306 1581 4168
7638 2 2 2 1 3514 3136 4566
7639 2 2 2 1 1931 1930 4051
7640 2 2 2 1 1404 1400 1424
7641 2 2 2 1 1396 1394 1397
7642 2 2 2 1 420 489 4173
7643 2 2 2 1 1677 2080 2081
7644 2 2 2 1 2655 2656 2657
7645 2 2 2 1 2063 2257 4354
7646 2 2 2 1 1110 1091 1111
7647 2 2 2 1 383 384 4175
7648 2 2 2 1 712 711 4048
7649 2 2 2 1 410 411 4177
7650 2 2 2 1 3456 2357 4160
7651 2 2 2 1 978 979 1038
7652 2 2 2 1 1423 1397 1428
7653 2 2 2 1 3978 2666 4414
7654 2 2 2 1 305 3682 4577
7655 2 2 2 1 518 306 4577
7656 2 2 2 1 569 229 4578
7657 2 2 2 1 260 578 4580
7658 2 2 2 1 1219 1676 4388
7659 2 2 2 1 2361 3020 4337
7660 2 2 2 1 1392 1390 1393
7661 2 2 2 1 948 3606 4817
7662 2 2 2 1 77 76 4088
7663 2 2 2 1 3213 3603 4531
7664 2 2 2 1 3759 795 4488
7665 2 2 2 1 2480 4166 4438
7666 2 2 2 1 216 510 4596
7667 2 2 2 1 3652 3196 4718
7668 2 2 2 1 2158 2155 2626
7669 2 2 2 1 1490 1489 4405
7670 2 2 2 1 2811 2809 4334
7671 2 2 2 1 2364 3050 4308
7672 2 2 2 1 286 602 4607
7673 2 2 2 1 476 96 4610
7674 2 2 2 1 3441 2212 4179
7675 2 2 2 1 2853 4254 4798
7676 2 2 2 1 1781 1883 4026
7677 2 2 2 1 2917 2267 2918
7678 2 2 2 1 2937 4592 4734
7679 2 2 2 1 1182 1184 3961
7680 2 2 2 1 2657 2658 2659
7681 2 2 2 1 2414 2780 4186
7682 2 2 2 1 1656 1111 1658
7683 2 2 2 1 1560 3725 4379
7684 2 2 2 1 3560 3070 4458
7685 2 2 2 1 3636 2397 3985
7686 2 2 2 1 3126 805 4282
7687 2 2 2 1 3560 481 4729
7688 2 2 2 1 2432 2434 3870
7689 2 2 2 1 4130 1147 4342
7690 2 2 2 1 1303 1300 4069
7691 2 2 2 1 2786 2784 4232
7692 2 2 2 1 1365 1364 3760
7693 2 2 2 1 984 985 3763
7694 2 2 2 1 2298 2299 4257
7695 2 2 2 1 2672 2674 4411
7696 2 2 2 1 1171 1234 4187
7697 2 2 2 1 1551 1372 4612
7698 2 2 2 1 996 1068 2798
7699 2 2 2 1 1854 1853 3762
7700 2 2 2 1 477 101 4687
7701 2 2 2 1 5 3633 4687
7702 2 2 2 1 3685 1119 4304
7703 2 2 2 1 3648 3169 4072
7704 2 2 2 1 3397 2405 4188
7705 2 2 2 1 171 467 4787
7706 2 2 2 1 88 549 4728
7707 2 2 2 1 572 110 4737
7708 2 2 2 1 2930 4526 4527
7709 2 2 2 1 1776 1777 2317
7710 2 2 2 1 1770 1771 2287
7711 2 2 2 1 405 501 4191
7712 2 2 2 1 767 766 4129
7713 2 2 2 1 2192 2193 3759
7714 2 2 2 1 728 725 4086
7715 2 2 2 1 1864 1865 4078
7716 2 2 2 1 1421 1378 4614
7717 2 2 2 1 2296 2671 3107
7718 2 2 2 1 1315 1312 4079
7719 2 2 2 1 350 525 4196
7720 2 2 2 1 2345 1875 4250
7721 2 2 2 1 1883 2026 2479
7722 2 2 2 1 875 877 878
7723 2 2 2 1 1030 1050 4084
7724 2 2 2 1 3037 3036 4325
7725 2 2 2 1 2163 2162 2172
7726 2 2 2 1 1408 1406 1500
7727 2 2 2 1 2449 2448 4575
7728 2 2 2 1 2180 1809 4223
7729 2 2 2 1 1856 1859 3681
7730 2 2 2 1 2782 2345 3980
7731 2 2 2 1 3558 3505 4717
7732 2 2 2 1 1609 1428 1901
7733 2 2 2 1 1010 1012 1014
7734 2 2 2 1 661 663 692
7735 2 2 2 1 124 123 4108
7736 2 2 2 1 1236 1766 4087
7737 2 2 2 1 1005 1007 1008
7738 2 2 2 1 3281 2203 4824
7739 2 2 2 1 1425 1380 2616
7740 2 2 2 1 1444 1442 1480
7741 2 2 2 1 753 752 4062
7742 2 2 2 1 1985 2020 3918
7743 2 2 2 1 1526 1973 4059
7744 2 2 2 1 326 325 4110
7745 2 2 2 1 1278 1277 4203
7746 2 2 2 1 1677 1674 2080
7747 2 2 2 1 3206 3209 4378
7748 2 2 2 1 881 883 1215
7749 2 2 2 1 1410 1374 2105
7750 2 2 2 1 1956 1953 4170
7751 2 2 2 1 474 3652 4718
7752 2 2 2 1 3786 3161 3905
7753 2 2 2 1 1104 1167 1168
7754 2 2 2 1 3541 3526 4299
7755 2 2 2 1 2321 3711 4083
7756 2 2 2 1 4414 3353 4656
7757 2 2 2 1 925 927 1065
7758 2 2 2 1 3799 278 4292
7759 2 2 2 1 3027 4125 4586
7760 2 2 2 1 2135 3851 4105
7761 2 2 2 1 695 697 3963
7762 2 2 2 1 2445 3307 4400
7763 2 2 2 1 2886 3176 4635
7764 2 2 2 1 4424 2205 4763
7765 2 2 2 1 4114 2965 4482
7766 2 2 2 1 2912 2909 4217
7767 2 2 2 1 3585 603 4317
7768 2 2 2 1 3735 1779 4026
7769 2 2 2 1 3766 3037 4176
7770 2 2 2 1 1997 2393 3626
7771 2 2 2 1 1947 1943 3779
7772 2 2 2 1 3725 2577 4379
7773 2 2 2 1 2344 4016 4449
7774 2 2 2 1 1594 1595 4244
7775 2 2 2 1 1853 1851 2699
7776 2 2 2 1 1861 2442 2766
7777 2 2 2 1 2977 2926 4678
7778 2 2 2 1 3678 483 4275
7779 2 2 2 1 1118 1171 4187
7780 2 2 2 1 3115 3953 4728
7781 2 2 2 1 3686 950 3694
7782 2 2 2 1 1202 1181 3879
7783 2 2 2 1 3251 3098 4144
7784 2 2 2 1 2172 2162 2219
7785 2 2 2 1 2380 2572 4469
7786 2 2 2 1 3571 585 4834
7787 2 2 2 1 1776 2317 2621
7788 2 2 2 1 3586 3519 4766
7789 2 2 2 1 2326 1541 3886
7790 2 2 2 1 2157 2147 2175
7791 2 2 2 1 1375 1374 1410
7792 2 2 2 1 692 4003 4107
7793 2 2 2 1 1770 2287 2288
7794 2 2 2 1 3127 2080 3997
7795 2 2 2 1 813 3815 3829
7796 2 2 2 1 1448 1446 1505
7797 2 2 2 1 3209 3710 4513
7798 2 2 2 1 1381 1380 1425
7799 2 2 2 1 2814 2507 4344
7800 2 2 2 1 4109 2440 4753
7801 2 2 2 1 1058 1134 1243
7802 2 2 2 1 4469 2572 4693
7803 2 2 2 1 2223 2221 2843
7804 2 2 2 1 3017 2726 3800
7805 2 2 2 1 197 563 4152
7806 2 2 2 1 703 705 940
7807 2 2 2 1 1341 4600 4658
7808 2 2 2 1 2697 2695 4361
7809 2 2 2 1 3326 4173 4316
7810 2 2 2 1 1325 1322 4074
7811 2 2 2 1 416 417 4791
7812 2 2 2 1 537 3483 4036
7813 2 2 2 1 3639 3451 4281
7814 2 2 2 1 2787 3840 4727
7815 2 2 2 1 2588 3687 4336
7816 2 2 2 1 3630 2463 4184
7817 2 2 2 1 1660 2542 2543
7818 2 2 2 1 1504 1503 4053
7819 2 2 2 1 1574 1687 3811
7820 2 2 2 1 575 3315 4643
7821 2 2 2 1 1256 1206 4214
7822 2 2 2 1 719 718 4076
7823 2 2 2 1 2587 2808 4790
7824 2 2 2 1 3990 2742 4239
7825 2 2 2 1 4292 565 4681
7826 2 2 2 1 784 781 3915
7827 2 2 2 1 885 887 1042
7828 2 2 2 1 1789 1176 4227
7829 2 2 2 1 3760 1364 3761
7830 2 2 2 1 476 3850 4738
7831 2 2 2 1 228 227 4127
7832 2 2 2 1 2318 1685 4416
7833 2 2 2 1 950 845 3813
7834 2 2 2 1 2003 2007 2665
7835 2 2 2 1 457 3715 4041
7836 2 2 2 1 3401 2775 4779
7837 2 2 2 1 1660 2543 4762
7838 2 2 2 1 2219 3787 4434
7839 2 2 2 1 1258 2108 3594
7840 2 2 2 1 2106 2105 2107
7841 2 2 2 1 775 774 4013
7842 2 2 2 1 1925 2120 3836
7843 2 2 2 1 1865 1868 4078
7844 2 2 2 1 4449 612 4829
7845 2 2 2 1 2627 3630 4184
7846 2 2 2 1 1541 1544 3886
7847 2 2 2 1 1452 1450 1506
7848 2 2 2 1 2808 2807 4333
7849 2 2 2 1 1843 1841 2649
7850 2 2 2 1 1224 1125 4093
7851 2 2 2 1 1243 1257 2110
7852 2 2 2 1 955 1113 4734
7853 2 2 2 1 2221 2107 2222
7854 2 2 2 1 3910 311 4146
7855 2 2 2 1 4017 486 4543
7856 2 2 2 1 996 997 1068
7857 2 2 2 1 2073 2192 2890
7858 2 2 2 1 3549 517 4047
7859 2 2 2 1 761 760 4082
7860 2 2 2 1 3927 3520 4409
7861 2 2 2 1 1868 2353 2354
7862 2 2 2 1 3498 587 4417
7863 2 2 2 1 601 3517 4559
7864 2 2 2 1 3991 86 4024
7865 2 2 2 1 2225 1794 2608
7866 2 2 2 1 1759 1757 2419
7867 2 2 2 1 1037 1036 4070
7868 2 2 2 1 1563 1564 1754
7869 2 2 2 1 1084 3675 3998
7870 2 2 2 1 931 933 938
7871 2 2 2 1 646 644 3951
7872 2 2 2 1 1223 1791 4477
7873 2 2 2 1 3750 1594 4244
7874 2 2 2 1 1666 1864 3782
7875 2 2 2 1 1693 2224 4240
7876 2 2 2 1 3158 1148 4062
7877 2 2 2 1 2271 1600 2468
7878 2 2 2 1 976 978 1147
7879 2 2 2 1 962 964 3887
7880 2 2 2 1 311 310 4146
7881 2 2 2 1 1958 1956 2401
7882 2 2 2 1 3897 2333 4266
7883 2 2 2 1 972 973 4130
7884 2 2 2 1 1771 1773 4171
7885 2 2 2 1 1143 1107 4206
7886 2 2 2 1 2103 951 2104
7887 2 2 2 1 3207 4040 4562
7888 2 2 2 1 725 724 4086
7889 2 2 2 1 657 659 3983
7890 2 2 2 1 2579 2277 4504
7891 2 2 2 1 1252 1254 3906
7892 2 2 2 1 3525 469 4684
7893 2 2 2 1 1395 1396 4519
7894 2 2 2 1 4302 3148 4634
7895 2 2 2 1 1456 1454 1478
7896 2 2 2 1 1661 1790 2380
7897 2 2 2 1 2288 3747 3748
7898 2 2 2 1 3836 2120 3950
7899 2 2 2 1 1753 1731 2373
7900 2 2 2 1 975 1016 4552
7901 2 2 2 1 4430 3716 4652
7902 2 2 2 1 513 3513 4058
7903 2 2 2 1 2424 3855 4546
7904 2 2 2 1 109 3726 4737
7905 2 2 2 1 1411 1354 1512
7906 2 2 2 1 944 949 2070
7907 2 2 2 1 3796 3424 4534
7908 2 2 2 1 2265 2263 2470
7909 2 2 2 1 1398 1397 1423
7910 2 2 2 1 1936 1934 2272
7911 2 2 2 1 2007 2004 3695
7912 2 2 2 1 667 669 670
7913 2 2 2 1 1620 1621 1832
7914 2 2 2 1 2436 2438 2439
7915 2 2 2 1 2359 2267 2917
7916 2 2 2 1 2453 3938 4307
7917 2 2 2 1 2108 1238 2109
7918 2 2 2 1 3548 564 4122
7919 2 2 2 1 2415 2983 4339
7920 2 2 2 1 2599 2597 4241
7921 2 2 2 1 891 893 909
7922 2 2 2 1 1286 1285 4067
7923 2 2 2 1 3852 3571 4834
7924 2 2 2 1 1322 1321 4074
7925 2 2 2 1 2456 3278 4328
7926 2 2 2 1 1300 1299 4069
7927 2 2 2 1 1844 2358 3649
7928 2 2 2 1 92 91 4162
7929 2 2 2 1 1682 1543 4821
7930 2 2 2 1 1337 1334 4081
7931 2 2 2 1 3895 2659 4226
7932 2 2 2 1 3040 3062 4602
7933 2 2 2 1 1334 1333 4081
7934 2 2 2 1 2937 1904 4592
7935 2 2 2 1 1972 1938 2205
7936 2 2 2 1 1896 1900 3736
7937 2 2 2 1 671 673 674
7938 2 2 2 1 1029 1030 4084
7939 2 2 2 1 1394 1393 3831
7940 2 2 2 1 1333 1330 3676
7941 2 2 2 1 3386 2356 4261
7942 2 2 2 1 1312 1311 4079
7943 2 2 2 1 804 807 4207
7944 2 2 2 1 1569 1570 4149
7945 2 2 2 1 1462 1460 1507
7946 2 2 2 1 4299 3526 4393
7947 2 2 2 1 3613 1307 3614
7948 2 2 2 1 1924 1763 2023
7949 2 2 2 1 790 787 4198
7950 2 2 2 1 3536 3532 4621
7951 2 2 2 1 3299 1481 3300
7952 2 2 2 1 186 185 4169
7953 2 2 2 1 3715 2391 4041
7954 2 2 2 1 4140 2747 4238
7955 2 2 2 1 1109 1072 3795
7956 2 2 2 1 1352 1350 1432
7957 2 2 2 1 1036 957 3830
7958 2 2 2 1 1234 2268 2994
7959 2 2 2 1 1489 1486 3296
7960 2 2 2 1 2026 1884 4004
7961 2 2 2 1 94 576 4095
7962 2 2 2 1 675 677 691
7963 2 2 2 1 937 1031 1032
7964 2 2 2 1 3985 3986 4407
7965 2 2 2 1 3846 790 4198
7966 2 2 2 1 567 3500 4208
7967 2 2 2 1 3140 2135 4105
7968 2 2 2 1 1311 1308 3613
7969 2 2 2 1 1480 3946 4115
7970 2 2 2 1 1485 1482 3299
7971 2 2 2 1 1907 819 1908
7972 2 2 2 1 2317 1777 3735
7973 2 2 2 1 1299 2117 2464
7974 2 2 2 1 1339 1337 1431
7975 2 2 2 1 1141 1120 1646
7976 2 2 2 1 435 436 4269
7977 2 2 2 1 1973 1525 1978
7978 2 2 2 1 2810 3085 4272
7979 2 2 2 1 1657 1656 1827
7980 2 2 2 1 83 3873 4327
7981 2 2 2 1 2234 2583 3871
7982 2 2 2 1 1144 716 4048
7983 2 2 2 1 2012 2755 3658
7984 2 2 2 1 2269 2015 3706
7985 2 2 2 1 1769 3601 4114
7986 2 2 2 1 718 716 1144
7987 2 2 2 1 2441 2460 3744
7988 2 2 2 1 4329 1667 4726
7989 2 2 2 1 1340 1347 3931
7990 2 2 2 1 730 728 1159
7991 2 2 2 1 3880 98 4315
7992 2 2 2 1 1952 3622 3739
7993 2 2 2 1 897 899 1061
7994 2 2 2 1 1861 1606 2442
7995 2 2 2 1 1468 1466 1479
7996 2 2 2 1 3341 4106 4540
7997 2 2 2 1 878 879 959
7998 2 2 2 1 1327 1325 1427
7999 2 2 2 1 2452 3769 4412
8000 2 2 2 1 1241 1025 1275
8001 2 2 2 1 3192 1144 4048
8002 2 2 2 1 448 4028 4650
8003 2 2 2 1 1531 1529 1533
8004 2 2 2 1 1321 1319 2174
8005 2 2 2 1 2512 2510 4283
8006 2 2 2 1 1826 3821 4568
8007 2 2 2 1 3837 2229 3838
8008 2 2 2 1 760 758 1148
8009 2 2 2 1 961 1025 1241
8010 2 2 2 1 766 764 2615
8011 2 2 2 1 816 819 1907
8012 2 2 2 1 683 685 693
8013 2 2 2 1 1050 1120 1141
8014 2 2 2 1 1472 1470 1510
8015 2 2 2 1 679 681 1242
8016 2 2 2 1 3176 1667 4329
8017 2 2 2 1 3295 3150 4355
8018 2 2 2 1 626 4430 4652
8019 2 2 2 1 697 853 3963
8020 2 2 2 1 2464 2870 3074
8021 2 2 2 1 1828 1827 2284
8022 2 2 2 1 2129 2428 2429
8023 2 2 2 1 1732 1753 3720
8024 2 2 2 1 1111 1091 4204
8025 2 2 2 1 1299 1294 2117
8026 2 2 2 1 1305 1303 2196
8027 2 2 2 1 2390 3792 4482
8028 2 2 2 1 1317 1315 1429
8029 2 2 2 1 1831 1534 1987
8030 2 2 2 1 724 722 2546
8031 2 2 2 1 1647 1646 2315
8032 2 2 2 1 901 903 1237
8033 2 2 2 1 1917 1908 2127
8034 2 2 2 1 1610 1794 2225
8035 2 2 2 1 1058 1048 1134
8036 2 2 2 1 3201 2374 4370
8037 2 2 2 1 2365 2104 2366
8038 2 2 2 1 2408 2916 4431
8039 2 2 2 1 1598 1600 2271
8040 2 2 2 1 1168 1903 1904
8041 2 2 2 1 1759 2419 2702
8042 2 2 2 1 57 3794 4516
8043 2 2 2 1 1660 1205 2542
8044 2 2 2 1 1291 1289 1293
8045 2 2 2 1 1283 1281 2210
8046 2 2 2 1 3594 2108 3817
8047 2 2 2 1 1476 1474 1511
8048 2 2 2 1 905 907 1018
8049 2 2 2 1 1008 1010 3864
8050 2 2 2 1 103 102 4189
8051 2 2 2 1 2148 2157 3680
8052 2 2 2 1 1321 2174 2484
8053 2 2 2 1 2254 2127 3058
8054 2 2 2 1 2143 2372 2663
8055 2 2 2 1 2367 2366 2368
8056 2 2 2 1 1953 1952 4170
8057 2 2 2 1 2253 3858 4453
8058 2 2 2 1 2346 3223 4427
8059 2 2 2 1 1820 1275 2235
8060 2 2 2 1 1513 1512 2262
8061 2 2 2 1 4549 1363 4740
8062 2 2 2 1 3112 3114 4835
8063 2 2 2 1 2359 2917 4489
8064 2 2 2 1 1600 1601 4103
8065 2 2 2 1 2370 2368 2371
8066 2 2 2 1 2070 2071 2075
8067 2 2 2 1 2429 2430 2431
8068 2 2 2 1 4416 1915 4617
8069 2 2 2 1 2222 3053 3055
8070 2 2 2 1 3813 852 3974
8071 2 2 2 1 1794 1795 4167
8072 2 2 2 1 2393 1999 2394
8073 2 2 2 1 2687 3319 4289
8074 2 2 2 1 4098 3596 4707
8075 2 2 2 1 1939 1972 3923
8076 2 2 2 1 3120 2449 4291
8077 2 2 2 1 2877 3696 3802
8078 2 2 2 1 2509 2511 4322
8079 2 2 2 1 2473 3999 4251
8080 2 2 2 1 3306 3335 4296
8081 2 2 2 1 2967 3552 4607
8082 2 2 2 1 2484 2852 2854
8083 2 2 2 1 828 832 3922
8084 2 2 2 1 2767 3075 4466
8085 2 2 2 1 1498 1437 3912
8086 2 2 2 1 1973 1978 2530
8087 2 2 2 1 1930 1927 3836
8088 2 2 2 1 440 529 4297
8089 2 2 2 1 1591 3595 3635
8090 2 2 2 1 1248 1250 3920
8091 2 2 2 1 2431 2432 3820
8092 2 2 2 1 3601 1577 3602
8093 2 2 2 1 1977 3078 4562
8094 2 2 2 1 3925 112 4259
8095 2 2 2 1 2957 2956 4343
8096 2 2 2 1 871 873 4008
8097 2 2 2 1 3561 3183 4759
8098 2 2 2 1 1911 1723 3803
8099 2 2 2 1 1763 1760 4218
8100 2 2 2 1 969 972 3740
8101 2 2 2 1 3758 1918 4722
8102 2 2 2 1 1846 3649 3993
8103 2 2 2 1 2000 2003 4192
8104 2 2 2 1 4138 2651 4646
8105 2 2 2 1 3851 2891 4713
8106 2 2 2 1 1395 4519 4545
8107 2 2 2 1 1958 2401 2420
8108 2 2 2 1 2695 3637 4361
8109 2 2 2 1 3161 3786 4793
8110 2 2 2 1 1822 1823 4330
8111 2 2 2 1 1496 3000 4231
8112 2 2 2 1 2402 3672 4280
8113 2 2 2 1 1015 4038 4536
8114 2 2 2 1 1859 1854 3762
8115 2 2 2 1 3090 3318 4310
8116 2 2 2 1 3419 531 4310
8117 2 2 2 1 2147 2144 4185
8118 2 2 2 1 3448 1917 4056
8119 2 2 2 1 1437 2896 3912
8120 2 2 2 1 3616 4120 4764
8121 2 2 2 1 3769 3768 4412
8122 2 2 2 1 2530 1978 2759
8123 2 2 2 1 3697 2752 4126
8124 2 2 2 1 1160 734 4039
8125 2 2 2 1 731 730 4039
8126 2 2 2 1 505 3533 4163
8127 2 2 2 1 2493 4017 4543
8128 2 2 2 1 837 948 3844
8129 2 2 2 1 607 3565 4308
8130 2 2 2 1 2108 2109 2379
8131 2 2 2 1 2702 2419 3008
8132 2 2 2 1 2384 3512 4707
8133 2 2 2 1 734 731 4039
8134 2 2 2 1 1753 2373 2491
8135 2 2 2 1 2116 3024 4319
8136 2 2 2 1 3811 2582 4808
8137 2 2 2 1 1113 3812 4019
8138 2 2 2 1 579 218 4132
8139 2 2 2 1 2070 949 2071
8140 2 2 2 1 2158 2626 2898
8141 2 2 2 1 3526 542 4393
8142 2 2 2 1 778 775 4013
8143 2 2 2 1 1411 1512 1513
8144 2 2 2 1 2380 1790 2572
8145 2 2 2 1 2256 2061 3825
8146 2 2 2 1 2484 2174 2852
8147 2 2 2 1 540 3536 4134
8148 2 2 2 1 1001 1003 4020
8149 2 2 2 1 3572 480 4120
8150 2 2 2 1 2335 3814 3815
8151 2 2 2 1 2103 2104 2365
8152 2 2 2 1 483 3541 4275
8153 2 2 2 1 1277 3769 4203
8154 2 2 2 1 1692 1236 4087
8155 2 2 2 1 787 789 4198
8156 2 2 2 1 3596 2384 4707
8157 2 2 2 1 4125 2312 4586
8158 2 2 2 1 3153 2876 4419
8159 2 2 2 1 1513 2262 2263
8160 2 2 2 1 1241 1275 1820
8161 2 2 2 1 2370 2371 2571
8162 2 2 2 1 1820 2235 2424
8163 2 2 2 1 2594 3452 4201
8164 2 2 2 1 2367 2368 2370
8165 2 2 2 1 3718 833 3723
8166 2 2 2 1 2651 1904 2652
8167 2 2 2 1 1141 1646 1647
8168 2 2 2 1 2365 2366 2367
8169 2 2 2 1 2352 2227 2969
8170 2 2 2 1 2464 2117 2870
8171 2 2 2 1 3633 2963 4687
8172 2 2 2 1 3838 2229 3840
8173 2 2 2 1 726 3752 4408
8174 2 2 2 1 1907 1908 1917
8175 2 2 2 1 2157 2175 2875
8176 2 2 2 1 3250 3248 4470
8177 2 2 2 1 2479 2026 2480
8178 2 2 2 1 1647 2315 2316
8179 2 2 2 1 670 671 3916
8180 2 2 2 1 1917 2127 2254
8181 2 2 2 1 1708 1710 3959
8182 2 2 2 1 3508 3507 4274
8183 2 2 2 1 2284 3144 3259
8184 2 2 2 1 3865 3864 3866
8185 2 2 2 1 2128 959 2129
8186 2 2 2 1 1650 1652 4190
8187 2 2 2 1 3692 2973 4429
8188 2 2 2 1 2653 2652 2654
8189 2 2 2 1 2823 4393 4797
8190 2 2 2 1 1032 1091 1110
8191 2 2 2 1 2080 1674 3997
8192 2 2 2 1 514 3561 4759
8193 2 2 2 1 674 675 3926
8194 2 2 2 1 2288 2287 3747
8195 2 2 2 1 2655 2654 2656
8196 2 2 2 1 718 1145 4076
8197 2 2 2 1 2081 2080 3028
8198 2 2 2 1 1402 1365 3760
8199 2 2 2 1 4023 103 4189
8200 2 2 2 1 3698 579 4654
8201 2 2 2 1 2657 2656 2658
8202 2 2 2 1 1423 1428 1609
8203 2 2 2 1 2271 2468 3878
8204 2 2 2 1 985 1015 3763
8205 2 2 2 1 1110 1111 1656
8206 2 2 2 1 1410 2105 2106
8207 2 2 2 1 1425 2616 2617
8208 2 2 2 1 4141 2340 4815
8209 2 2 2 1 3468 3326 4316
8210 2 2 2 1 3941 1 4305
8211 2 2 2 1 2543 2542 2544
8212 2 2 2 1 1243 1134 1257
8213 2 2 2 1 2766 2442 2968
8214 2 2 2 1 3892 3573 4503
8215 2 2 2 1 1342 1340 3931
8216 2 2 2 1 243 242 4237
8217 2 2 2 1 1609 1901 2267
8218 2 2 2 1 1350 1346 4182
8219 2 2 2 1 2110 1257 2126
8220 2 2 2 1 3326 3924 4173
8221 2 2 2 1 3243 3866 4623
8222 2 2 2 1 1148 758 4062
8223 2 2 2 1 2106 2107 2221
8224 2 2 2 1 1941 1939 3923
8225 2 2 2 1 2777 2289 4340
8226 2 2 2 1 3223 2361 4337
8227 2 2 2 1 1880 3688 3890
8228 2 2 2 1 2445 4400 4652
8229 2 2 2 1 2193 2844 3759
8230 2 2 2 1 1269 1260 4235
8231 2 2 2 1 3185 2504 4222
8232 2 2 2 1 3800 2720 4605
8233 2 2 2 1 1800 1799 3797
8234 2 2 2 1 3567 488 4141
8235 2 2 2 1 4094 1015 4536
8236 2 2 2 1 1521 1496 4231
8237 2 2 2 1 3985 2397 3986
8238 2 2 2 1 2490 3973 4322
8239 2 2 2 1 2170 2167 3819
8240 2 2 2 1 2144 2143 4185
8241 2 2 2 1 2100 2099 4425
8242 2 2 2 1 3734 2681 4243
8243 2 2 2 1 1355 1411 3967
8244 2 2 2 1 2411 2412 4349
8245 2 2 2 1 3352 754 4660
8246 2 2 2 1 3722 2588 4336
8247 2 2 2 1 1641 1202 3879
8248 2 2 2 1 3973 2489 4371
8249 2 2 2 1 3740 972 3810
8250 2 2 2 1 1519 1688 3942
8251 2 2 2 1 3197 1692 4814
8252 2 2 2 1 3710 530 4513
8253 2 2 2 1 155 154 4252
8254 2 2 2 1 2159 2158 4253
8255 2 2 2 1 4018 243 4237
8256 2 2 2 1 3314 4118 4622
8257 2 2 2 1 1642 2308 4368
8258 2 2 2 1 3717 2728 4443
8259 2 2 2 1 3829 2619 4705
8260 2 2 2 1 3682 2821 4577
8261 2 2 2 1 1999 2000 4192
8262 2 2 2 1 553 3563 4582
8263 2 2 2 1 3738 2488 3940
8264 2 2 2 1 2055 2053 3988
8265 2 2 2 1 2998 2999 4667
8266 2 2 2 1 3806 2081 3807
8267 2 2 2 1 1533 1529 4053
8268 2 2 2 1 112 111 4259
8269 2 2 2 1 2175 2147 4185
8270 2 2 2 1 2626 2155 3689
8271 2 2 2 1 825 1112 4696
8272 2 2 2 1 4225 2844 4344
8273 2 2 2 1 3821 2830 4568
8274 2 2 2 1 4548 3516 4665
8275 2 2 2 1 1492 1560 4379
8276 2 2 2 1 3980 2345 4639
8277 2 2 2 1 4173 489 4316
8278 2 2 2 1 2338 2063 4354
8279 2 2 2 1 3061 3982 4787
8280 2 2 2 1 2398 3403 4362
8281 2 2 2 1 1076 3224 4544
8282 2 2 2 1 1829 2085 4383
8283 2 2 2 1 2605 2607 4366
8284 2 2 2 1 1346 1345 4182
8285 2 2 2 1 3726 478 4739
8286 2 2 2 1 3286 3331 4387
8287 2 2 2 1 457 4111 4535
8288 2 2 2 1 1544 1591 3886
8289 2 2 2 1 4377 2664 4653
8290 2 2 2 1 4168 1116 4778
8291 2 2 2 1 1621 1623 3976
8292 2 2 2 1 2703 3255 4649
8293 2 2 2 1 2165 2163 3952
8294 2 2 2 1 266 265 4279
8295 2 2 2 1 414 534 4378
8296 2 2 2 1 2286 2285 4341
8297 2 2 2 1 612 3411 4829
8298 2 2 2 1 1760 1759 4218
8299 2 2 2 1 1964 1963 4420
8300 2 2 2 1 164 163 4281
8301 2 2 2 1 3075 3699 4466
8302 2 2 2 1 852 859 3974
8303 2 2 2 1 2422 3861 4530
8304 2 2 2 1 3897 1159 4086
8305 2 2 2 1 2745 4263 4268
8306 2 2 2 1 505 4163 4777
8307 2 2 2 1 3687 1439 4336
8308 2 2 2 1 1992 3736 4045
8309 2 2 2 1 2412 3653 4349
8310 2 2 2 1 2760 3800 4605
8311 2 2 2 1 1357 1355 3967
8312 2 2 2 1 2003 2665 4192
8313 2 2 2 1 964 1023 3887
8314 2 2 2 1 4462 3429 4816
8315 2 2 2 1 2110 2126 4174
8316 2 2 2 1 322 546 4209
8317 2 2 2 1 3653 566 4349
8318 2 2 2 1 278 277 4292
8319 2 2 2 1 2569 3593 4357
8320 2 2 2 1 1193 1124 3975
8321 2 2 2 1 4165 4090 4823
8322 2 2 2 1 2632 3698 4654
8323 2 2 2 1 4263 1347 4268
8324 2 2 2 1 4599 627 4712
8325 2 2 2 1 857 849 3979
8326 2 2 2 1 1480 3944 3945
8327 2 2 2 1 2537 2872 4391
8328 2 2 2 1 2546 722 4076
8329 2 2 2 1 4061 516 4749
8330 2 2 2 1 2483 1159 4266
8331 2 2 2 1 3060 2977 4802
8332 2 2 2 1 3440 543 4566
8333 2 2 2 1 1082 3415 4400
8334 2 2 2 1 2943 3051 4582
8335 2 2 2 1 3908 2326 4645
8336 2 2 2 1 583 179 4224
8337 2 2 2 1 1091 2114 4204
8338 2 2 2 1 1 340 4305
8339 2 2 2 1 1038 979 3987
8340 2 2 2 1 2268 3881 4453
8341 2 2 2 1 4220 1362 4549
8342 2 2 2 1 1012 1052 4055
8343 2 2 2 1 3441 4179 4615
8344 2 2 2 1 467 170 4381
8345 2 2 2 1 2401 1956 4170
8346 2 2 2 1 522 3229 4791
8347 2 2 2 1 2541 4148 4464
8348 2 2 2 1 3472 3429 4462
8349 2 2 2 1 3189 3809 4603
8350 2 2 2 1 3809 3547 4603
8351 2 2 2 1 3814 2619 3829
8352 2 2 2 1 3436 2045 4410
8353 2 2 2 1 1900 1894 3849
8354 2 2 2 1 2977 4241 4802
8355 2 2 2 1 4241 2597 4802
8356 2 2 2 1 2666 2667 4414
8357 2 2 2 1 4120 480 4764
8358 2 2 2 1 2677 2675 4423
8359 2 2 2 1 3629 2297 4353
8360 2 2 2 1 1134 1048 4070
8361 2 2 2 1 98 97 4315
8362 2 2 2 1 4356 698 4573
8363 2 2 2 1 3503 570 4390
8364 2 2 2 1 1769 4114 4482
8365 2 2 2 1 4299 3217 4625
8366 2 2 2 1 2842 3730 4211
8367 2 2 2 1 947 953 3992
8368 2 2 2 1 4177 530 4836
8369 2 2 2 1 1792 2450 4441
8370 2 2 2 1 3672 2862 4685
8371 2 2 2 1 3467 3466 4417
8372 2 2 2 1 4001 3729 4484
8373 2 2 2 1 1197 1246 3989
8374 2 2 2 1 3307 3125 4454
8375 2 2 2 1 3113 3991 4024
8376 2 2 2 1 979 981 3987
8377 2 2 2 1 3324 2811 4597
8378 2 2 2 1 1716 1800 3853
8379 2 2 2 1 4163 3089 4777
8380 2 2 2 1 2246 3253 4271
8381 2 2 2 1 1130 1133 3994
8382 2 2 2 1 1430 1554 4382
8383 2 2 2 1 2862 1752 4685
8384 2 2 2 1 1577 1224 4093
8385 2 2 2 1 175 174 4326
8386 2 2 2 1 2510 2508 4517
8387 2 2 2 1 2287 1771 4171
8388 2 2 2 1 3580 575 4643
8389 2 2 2 1 84 83 4327
8390 2 2 2 1 2788 3683 4332
8391 2 2 2 1 3820 2475 4800
8392 2 2 2 1 1612 2349 4490
8393 2 2 2 1 1617 1620 3859
8394 2 2 2 1 3726 2933 4737
8395 2 2 2 1 4166 2480 4588
8396 2 2 2 1 2707 2705 4439
8397 2 2 2 1 760 1149 4082
8398 2 2 2 1 1260 3594 4235
8399 2 2 2 1 2108 2379 3817
8400 2 2 2 1 458 4462 4816
8401 2 2 2 1 4283 2510 4517
8402 2 2 2 1 1627 1705 3868
8403 2 2 2 1 1228 1187 3914
8404 2 2 2 1 1361 1359 4011
8405 2 2 2 1 4204 2114 4276
8406 2 2 2 1 2615 764 4082
8407 2 2 2 1 3426 3788 4381
8408 2 2 2 1 1727 2253 3881
8409 2 2 2 1 341 3783 4522
8410 2 2 2 1 428 3784 4523
8411 2 2 2 1 1345 3931 3932
8412 2 2 2 1 1903 3704 4592
8413 2 2 2 1 2317 3735 3934
8414 2 2 2 1 3355 4540 4789
8415 2 2 2 1 3741 2531 4455
8416 2 2 2 1 2857 2344 4449
8417 2 2 2 1 3056 3929 4201
8418 2 2 2 1 4116 3502 4758
8419 2 2 2 1 849 3844 3979
8420 2 2 2 1 1168 2651 4138
8421 2 2 2 1 2918 2267 4145
8422 2 2 2 1 3336 3338 4452
8423 2 2 2 1 4214 1660 4762
8424 2 2 2 1 1163 778 4013
8425 2 2 2 1 3873 3221 4327
8426 2 2 2 1 1687 1498 3912
8427 2 2 2 1 1397 1394 3831
8428 2 2 2 1 4276 2579 4504
8429 2 2 2 1 2830 3821 4338
8430 2 2 2 1 2163 2172 3952
8431 2 2 2 1 3019 3880 4315
8432 2 2 2 1 3659 2845 4532
8433 2 2 2 1 2353 3624 4158
8434 2 2 2 1 1773 1776 4171
8435 2 2 2 1 770 767 4129
8436 2 2 2 1 2393 2394 4165
8437 2 2 2 1 1083 3934 4510
8438 2 2 2 1 2699 1851 3993
8439 2 2 2 1 3144 1827 4219
8440 2 2 2 1 1008 3865 4104
8441 2 2 2 1 1610 2225 4103
8442 2 2 2 1 3540 503 4741
8443 2 2 2 1 2824 2764 4723
8444 2 2 2 1 832 840 3922
8445 2 2 2 1 3794 3042 4516
8446 2 2 2 1 466 3450 4620
8447 2 2 2 1 1367 1402 3921
8448 2 2 2 1 4058 3605 4514
8449 2 2 2 1 653 655 4046
8450 2 2 2 1 3953 89 4728
8451 2 2 2 1 973 976 4130
8452 2 2 2 1 987 989 4038
8453 2 2 2 1 3258 3846 4142
8454 2 2 2 1 4540 492 4789
8455 2 2 2 1 1293 1289 4067
8456 2 2 2 1 1124 3084 3975
8457 2 2 2 1 3480 493 4258
8458 2 2 2 1 1377 1375 4030
8459 2 2 2 1 878 2128 4099
8460 2 2 2 1 1139 1162 4037
8461 2 2 2 1 3595 2246 4271
8462 2 2 2 1 2407 2096 4050
8463 2 2 2 1 687 3657 4267
8464 2 2 2 1 1383 1381 4035
8465 2 2 2 1 2296 3107 4004
8466 2 2 2 1 4284 554 4465
8467 2 2 2 1 4405 1489 4657
8468 2 2 2 1 3204 3058 4636
8469 2 2 2 1 3606 2366 4817
8470 2 2 2 1 3450 3060 4620
8471 2 2 2 1 3893 3247 4637
8472 2 2 2 1 1371 1369 4044
8473 2 2 2 1 116 115 4367
8474 2 2 2 1 3757 3183 4380
8475 2 2 2 1 4631 1946 4819
8476 2 2 2 1 1428 1397 3831
8477 2 2 2 1 4018 3473 4462
8478 2 2 2 1 468 3568 4357
8479 2 2 2 1 443 536 4474
8480 2 2 2 1 2649 1841 4031
8481 2 2 2 1 1892 2927 3849
8482 2 2 2 1 1159 728 4086
8483 2 2 2 1 3854 3015 4309
8484 2 2 2 1 3508 4416 4617
8485 2 2 2 1 670 4703 4822
8486 2 2 2 1 4425 2099 4808
8487 2 2 2 1 1234 2994 4187
8488 2 2 2 1 2960 3964 4672
8489 2 2 2 1 3082 3083 4742
8490 2 2 2 1 2983 3816 4339
8491 2 2 2 1 1432 1350 4182
8492 2 2 2 1 2870 2117 4255
8493 2 2 2 1 3618 2421 4421
8494 2 2 2 1 730 2483 4039
8495 2 2 2 1 3944 1417 3947
8496 2 2 2 1 2196 1303 4069
8497 2 2 2 1 2325 1625 3868
8498 2 2 2 1 1010 1014 3864
8499 2 2 2 1 1570 1661 4149
8500 2 2 2 1 3769 2452 4404
8501 2 2 2 1 997 999 4052
8502 2 2 2 1 2206 1568 3859
8503 2 2 2 1 3820 2432 3870
8504 2 2 2 1 1375 1410 4030
8505 2 2 2 1 1184 1199 4057
8506 2 2 2 1 1429 1315 4079
8507 2 2 2 1 2272 1934 4051
8508 2 2 2 1 3982 172 4787
8509 2 2 2 1 1050 1141 4084
8510 2 2 2 1 1883 2479 4026
8511 2 2 2 1 2854 2852 4005
8512 2 2 2 1 991 993 4063
8513 2 2 2 1 3355 3340 4540
8514 2 2 2 1 416 4384 4682
8515 2 2 2 1 3845 948 4696
8516 2 2 2 1 1090 3854 4309
8517 2 2 2 1 4053 1503 4054
8518 2 2 2 1 3804 2739 4814
8519 2 2 2 1 4400 3415 4652
8520 2 2 2 1 3904 2537 4236
8521 2 2 2 1 1381 1425 4035
8522 2 2 2 1 3567 4141 4815
8523 2 2 2 1 1400 1398 4060
8524 2 2 2 1 4679 2818 4750
8525 2 2 2 1 917 919 4072
8526 2 2 2 1 1652 2234 4190
8527 2 2 2 1 1916 2423 4514
8528 2 2 2 1 1731 1269 4235
8529 2 2 2 1 351 352 4500
8530 2 2 2 1 3848 583 4714
8531 2 2 2 1 536 444 4501
8532 2 2 2 1 613 3417 4779
8533 2 2 2 1 1345 1342 3931
8534 2 2 2 1 2283 1712 3885
8535 2 2 2 1 264 263 4398
8536 2 2 2 1 1714 3853 3885
8537 2 2 2 1 1417 1408 4075
8538 2 2 2 1 1877 1197 3989
8539 2 2 2 1 4123 2645 4124
8540 2 2 2 1 65 64 4399
8541 2 2 2 1 1254 1563 3906
8542 2 2 2 1 196 195 4403
8543 2 2 2 1 1250 1770 3920
8544 2 2 2 1 1427 1325 4074
8545 2 2 2 1 2994 2268 4303
8546 2 2 2 1 495 3708 4452
8547 2 2 2 1 1084 3998 3999
8548 2 2 2 1 2750 1045 4487
8549 2 2 2 1 1946 1935 4819
8550 2 2 2 1 3868 1705 3869
8551 2 2 2 1 2419 1757 4059
8552 2 2 2 1 1688 2082 3942
8553 2 2 2 1 2679 3941 4305
8554 2 2 2 1 556 3539 4300
8555 2 2 2 1 3291 1095 4560
8556 2 2 2 1 1390 1387 4085
8557 2 2 2 1 2023 1763 4218
8558 2 2 2 1 3936 3242 4473
8559 2 2 2 1 530 412 4513
8560 2 2 2 1 3914 1248 3920
8561 2 2 2 1 2790 4003 4461
8562 2 2 2 1 3015 2610 4309
8563 2 2 2 1 4329 2850 4635
8564 2 2 2 1 774 771 4498
8565 2 2 2 1 879 881 4092
8566 2 2 2 1 1868 2354 4078
8567 2 2 2 1 2684 2383 4433
8568 2 2 2 1 2496 3462 4497
8569 2 2 2 1 2926 3474 4677
8570 2 2 2 1 190 189 4418
8571 2 2 2 1 4506 4702 4811
8572 2 2 2 1 2253 1985 3918
8573 2 2 2 1 3376 3048 4521
8574 2 2 2 1 3788 467 4381
8575 2 2 2 1 1620 2738 3859
8576 2 2 2 1 1359 1435 4011
8577 2 2 2 1 873 875 4099
8578 2 2 2 1 2818 3147 4750
8579 2 2 2 1 3411 427 4523
8580 2 2 2 1 3412 456 4522
8581 2 2 2 1 370 3416 4524
8582 2 2 2 1 1406 1404 4100
8583 2 2 2 1 2930 2929 4526
8584 2 2 2 1 263 262 4426
8585 2 2 2 1 659 661 4107
8586 2 2 2 1 1068 997 4052
8587 2 2 2 1 1431 1337 4081
8588 2 2 2 1 3473 4018 4237
8589 2 2 2 1 1003 1005 4104
8590 2 2 2 1 2450 2493 4543
8591 2 2 2 1 2622 3692 4429
8592 2 2 2 1 3236 2256 4494
8593 2 2 2 1 2612 2613 4539
8594 2 2 2 1 1244 1182 3961
8595 2 2 2 1 1901 2335 4145
8596 2 2 2 1 1817 2474 4548
8597 2 2 2 1 401 402 4538
8598 2 2 2 1 2925 3677 4633
8599 2 2 2 1 3721 3213 4531
8600 2 2 2 1 4030 1410 4719
8601 2 2 2 1 3989 1569 3990
8602 2 2 2 1 3665 752 4736
8603 2 2 2 1 3554 604 4325
8604 2 2 2 1 4015 3105 4570
8605 2 2 2 1 2608 1794 4167
8606 2 2 2 1 417 522 4791
8607 2 2 2 1 3296 1485 4007
8608 2 2 2 1 1446 1444 4115
8609 2 2 2 1 2539 3819 3952
8610 2 2 2 1 1525 1521 4231
8611 2 2 2 1 2468 1600 4103
8612 2 2 2 1 3279 2282 4553
8613 2 2 2 1 2526 2679 4554
8614 2 2 2 1 2520 2518 4557
8615 2 2 2 1 3807 2081 4365
8616 2 2 2 1 2780 4409 4811
8617 2 2 2 1 2846 3830 4715
8618 2 2 2 1 1606 1256 4214
8619 2 2 2 1 578 3579 4334
8620 2 2 2 1 883 885 4119
8621 2 2 2 1 3816 547 4339
8622 2 2 2 1 1900 3849 4066
8623 2 2 2 1 4321 1094 4394
8624 2 2 2 1 1466 1464 4150
8625 2 2 2 1 996 2798 4063
8626 2 2 2 1 1398 1423 4060
8627 2 2 2 1 1450 1448 4121
8628 2 2 2 1 2476 3207 4562
8629 2 2 2 1 895 897 4154
8630 2 2 2 1 3543 487 4338
8631 2 2 2 1 1281 1278 4203
8632 2 2 2 1 603 3809 4317
8633 2 2 2 1 3945 3944 3947
8634 2 2 2 1 2830 2485 4568
8635 2 2 2 1 4520 4679 4750
8636 2 2 2 1 1454 1452 4128
8637 2 2 2 1 807 816 4207
8638 2 2 2 1 2547 3439 4413
8639 2 2 2 1 3105 2527 4570
8640 2 2 2 1 1460 1458 4139
8641 2 2 2 1 3189 1946 4631
8642 2 2 2 1 228 4127 4578
8643 2 2 2 1 3779 1941 3923
8644 2 2 2 1 4216 4402 4756
8645 2 2 2 1 2239 2238 4611
8646 2 2 2 1 2704 2706 4598
8647 2 2 2 1 2434 2436 4136
8648 2 2 2 1 501 4161 4827
8649 2 2 2 1 1506 4121 4832
8650 2 2 2 1 309 308 4447
8651 2 2 2 1 1832 1621 3976
8652 2 2 2 1 3315 2403 4643
8653 2 2 2 1 2770 4583 4614
8654 2 2 2 1 671 674 3916
8655 2 2 2 1 2582 3811 4352
8656 2 2 2 1 3590 2265 4350
8657 2 2 2 1 463 3558 4343
8658 2 2 2 1 3844 948 4817
8659 2 2 2 1 4264 2418 4396
8660 2 2 2 1 2020 3224 3918
8661 2 2 2 1 3557 3721 4531
8662 2 2 2 1 2862 3673 4306
8663 2 2 2 1 2540 2541 4589
8664 2 2 2 1 460 3575 4345
8665 2 2 2 1 1053 1104 4138
8666 2 2 2 1 2312 2841 4586
8667 2 2 2 1 675 691 3926
8668 2 2 2 1 534 415 4682
8669 2 2 2 1 2096 2961 4050
8670 2 2 2 1 2049 1262 4397
8671 2 2 2 1 1100 657 3983
8672 2 2 2 1 3423 3422 4590
8673 2 2 2 1 2754 2806 4827
8674 2 2 2 1 1015 987 4038
8675 2 2 2 1 2746 2925 4563
8676 2 2 2 1 3014 3741 4756
8677 2 2 2 1 1205 1143 4206
8678 2 2 2 1 794 2089 4358
8679 2 2 2 1 3217 4299 4393
8680 2 2 2 1 1159 3897 4266
8681 2 2 2 1 859 944 3974
8682 2 2 2 1 321 16 4458
8683 2 2 2 1 1435 1357 3967
8684 2 2 2 1 3217 1615 4625
8685 2 2 2 1 2999 3757 4380
8686 2 2 2 1 2907 2906 4601
8687 2 2 2 1 4142 3846 4198
8688 2 2 2 1 1971 1252 3906
8689 2 2 2 1 2616 1380 4030
8690 2 2 2 1 3447 3650 4556
8691 2 2 2 1 2477 3743 4395
8692 2 2 2 1 2332 3897 4432
8693 2 2 2 1 1238 1193 3975
8694 2 2 2 1 3624 3626 4608
8695 2 2 2 1 867 869 4346
8696 2 2 2 1 149 148 4465
8697 2 2 2 1 3478 597 4355
8698 2 2 2 1 1299 2464 4069
8699 2 2 2 1 3704 2650 4592
8700 2 2 2 1 2105 1374 4044
8701 2 2 2 1 3384 2920 4611
8702 2 2 2 1 951 857 3979
8703 2 2 2 1 3053 3054 4335
8704 2 2 2 1 933 935 4143
8705 2 2 2 1 4553 2282 4713
8706 2 2 2 1 2649 4031 4032
8707 2 2 2 1 3366 3364 4628
8708 2 2 2 1 578 4272 4580
8709 2 2 2 1 2494 3441 4615
8710 2 2 2 1 959 879 4092
8711 2 2 2 1 496 3702 4603
8712 2 2 2 1 1814 3261 4704
8713 2 2 2 1 2665 2007 4230
8714 2 2 2 1 1710 2283 3959
8715 2 2 2 1 1369 3921 4044
8716 2 2 2 1 560 3495 4372
8717 2 2 2 1 3810 2516 4801
8718 2 2 2 1 2693 4451 4485
8719 2 2 2 1 2026 4004 4588
8720 2 2 2 1 3810 972 4130
8721 2 2 2 1 2919 3950 4479
8722 2 2 2 1 421 422 4640
8723 2 2 2 1 2316 4029 4520
8724 2 2 2 1 2632 3928 4698
8725 2 2 2 1 3705 2399 4834
8726 2 2 2 1 1595 1598 4244
8727 2 2 2 1 3862 2498 4113
8728 2 2 2 1 2389 3610 4559
8729 2 2 2 1 4541 2779 4609
8730 2 2 2 1 3812 2661 4019
8731 2 2 2 1 2450 4543 4575
8732 2 2 2 1 1244 3961 3962
8733 2 2 2 1 3720 2492 4290
8734 2 2 2 1 1246 1569 3989
8735 2 2 2 1 1423 1609 4285
8736 2 2 2 1 2470 2263 4101
8737 2 2 2 1 3958 929 4481
8738 2 2 2 1 2631 2632 4654
8739 2 2 2 1 447 448 4650
8740 2 2 2 1 3730 1992 4210
8741 2 2 2 1 1321 2484 4074
8742 2 2 2 1 2197 2198 4651
8743 2 2 2 1 960 871 4008
8744 2 2 2 1 3415 626 4652
8745 2 2 2 1 3942 2082 4695
8746 2 2 2 1 2659 2658 4226
8747 2 2 2 1 1623 2325 3976
8748 2 2 2 1 2042 2044 4656
8749 2 2 2 1 953 968 3992
8750 2 2 2 1 2162 2159 4253
8751 2 2 2 1 527 3420 4668
8752 2 2 2 1 3914 3920 4825
8753 2 2 2 1 2982 4292 4681
8754 2 2 2 1 3404 2576 4674
8755 2 2 2 1 2720 1491 4605
8756 2 2 2 1 981 984 3987
8757 2 2 2 1 672 3095 4489
8758 2 2 2 1 1133 1228 3994
8759 2 2 2 1 1821 3959 4153
8760 2 2 2 1 3631 3440 4566
8761 2 2 2 1 950 3813 4025
8762 2 2 2 1 624 627 4599
8763 2 2 2 1 3439 1434 4413
8764 2 2 2 1 552 3502 4574
8765 2 2 2 1 2980 4154 4753
8766 2 2 2 1 3819 2165 3952
8767 2 2 2 1 1821 1708 3959
8768 2 2 2 1 1776 2621 4171
8769 2 2 2 1 2578 3291 4680
8770 2 2 2 1 1009 1001 4020
8771 2 2 2 1 2573 3233 4630
8772 2 2 2 1 1872 1874 4375
8773 2 2 2 1 3546 507 4401
8774 2 2 2 1 3761 1364 4011
8775 2 2 2 1 3754 1911 4312
8776 2 2 2 1 976 1147 4130
8777 2 2 2 1 2219 2162 4253
8778 2 2 2 1 2282 2086 4713
8779 2 2 2 1 1221 991 4063
8780 2 2 2 1 3694 950 4025
8781 2 2 2 1 503 3996 4741
8782 2 2 2 1 2053 2940 3988
8783 2 2 2 1 2379 2109 4233
8784 2 2 2 1 37 574 4473
8785 2 2 2 1 3823 1500 4632
8786 2 2 2 1 3520 599 4409
8787 2 2 2 1 2488 2862 4306
8788 2 2 2 1 3191 3068 4729
8789 2 2 2 1 2872 3954 4391
8790 2 2 2 1 2328 3105 4720
8791 2 2 2 1 935 937 4155
8792 2 2 2 1 386 387 4721
8793 2 2 2 1 3045 2376 4722
8794 2 2 2 1 399 3671 4533
8795 2 2 2 1 800 1654 4389
8796 2 2 2 1 893 895 4172
8797 2 2 2 1 1917 2254 4056
8798 2 2 2 1 1770 2288 3920
8799 2 2 2 1 4100 1424 4131
8800 2 2 2 1 3183 3182 4759
8801 2 2 2 1 4398 263 4426
8802 2 2 2 1 2857 4449 4829
8803 2 2 2 1 308 307 4515
8804 2 2 2 1 3464 3465 4714
8805 2 2 2 1 3668 1641 4049
8806 2 2 2 1 2525 2874 4324
8807 2 2 2 1 492 3753 4789
8808 2 2 2 1 1364 1361 4011
8809 2 2 2 1 58 57 4516
8810 2 2 2 1 3463 2982 4681
8811 2 2 2 1 3389 3387 4749
8812 2 2 2 1 3089 2944 4777
8813 2 2 2 1 2832 3305 4836
8814 2 2 2 1 1963 3618 4421
8815 2 2 2 1 2481 1647 4270
8816 2 2 2 1 960 4008 4009
8817 2 2 2 1 2438 2441 4180
8818 2 2 2 1 543 3514 4566
8819 2 2 2 1 942 4457 4571
8820 2 2 2 1 3582 541 4637
8821 2 2 2 1 1661 2380 4149
8822 2 2 2 1 2819 1969 4780
8823 2 2 2 1 3429 2514 4816
8824 2 2 2 1 2500 3355 4789
8825 2 2 2 1 2691 2716 4806
8826 2 2 2 1 423 588 4785
8827 2 2 2 1 2623 2823 4797
8828 2 2 2 1 3696 3154 4442
8829 2 2 2 1 2597 2598 4802
8830 2 2 2 1 4071 2559 4826
8831 2 2 2 1 3362 3436 4786
8832 2 2 2 1 4254 1429 4798
8833 2 2 2 1 3885 3854 4670
8834 2 2 2 1 3824 1806 4504
8835 2 2 2 1 1464 1462 4181
8836 2 2 2 1 12 240 4535
8837 2 2 2 1 2073 2890 4159
8838 2 2 2 1 460 4345 4503
8839 2 2 2 1 4305 586 4554
8840 2 2 2 1 3990 1569 4149
8841 2 2 2 1 3477 596 4431
8842 2 2 2 1 2227 2055 3988
8843 2 2 2 1 2795 4430 4599
8844 2 2 2 1 4145 3815 4647
8845 2 2 2 1 3907 3578 4565
8846 2 2 2 1 2421 2882 4746
8847 2 2 2 1 473 3569 4464
8848 2 2 2 1 3851 2769 4105
8849 2 2 2 1 4542 1407 4813
8850 2 2 2 1 2396 3635 4271
8851 2 2 2 1 3792 1769 4482
8852 2 2 2 1 2158 2898 4253
8853 2 2 2 1 2104 951 3979
8854 2 2 2 1 484 3545 4495
8855 2 2 2 1 738 3697 4546
8856 2 2 2 1 853 699 4748
8857 2 2 2 1 3961 1184 4057
8858 2 2 2 1 3694 4025 4830
8859 2 2 2 1 3638 2547 4413
8860 2 2 2 1 3231 2370 4348
8861 2 2 2 1 1754 1564 4701
8862 2 2 2 1 944 2070 3974
8863 2 2 2 1 1503 1490 4405
8864 2 2 2 1 989 1221 4038
8865 2 2 2 1 4172 2980 4796
8866 2 2 2 1 1014 4055 4077
8867 2 2 2 1 1100 3983 4135
8868 2 2 2 1 1380 1377 4030
8869 2 2 2 1 1162 1244 4037
8870 2 2 2 1 655 1100 4046
8871 2 2 2 1 2555 2559 4435
8872 2 2 2 1 1952 3739 4170
8873 2 2 2 1 2109 1238 3975
8874 2 2 2 1 1426 1383 4035
8875 2 2 2 1 3058 2127 4636
8876 2 2 2 1 581 3499 4448
8877 2 2 2 1 3862 1056 4663
8878 2 2 2 1 3805 473 4464
8879 2 2 2 1 3784 3411 4523
8880 2 2 2 1 3783 3412 4522
8881 2 2 2 1 1014 1012 4055
8882 2 2 2 1 2506 2407 4050
8883 2 2 2 1 3074 3718 4587
8884 2 2 2 1 306 305 4577
8885 2 2 2 1 229 228 4578
8886 2 2 2 1 3487 4506 4811
8887 2 2 2 1 13 260 4580
8888 2 2 2 1 3610 3190 4688
8889 2 2 2 1 458 4018 4462
8890 2 2 2 1 1374 1371 4044
8891 2 2 2 1 2463 4183 4184
8892 2 2 2 1 4461 692 4528
8893 2 2 2 1 2267 1901 4145
8894 2 2 2 1 3547 496 4603
8895 2 2 2 1 3300 1481 4234
8896 2 2 2 1 3830 915 4715
8897 2 2 2 1 677 679 4194
8898 2 2 2 1 1485 3299 4007
8899 2 2 2 1 4242 3734 4243
8900 2 2 2 1 3465 3848 4714
8901 2 2 2 1 1044 2400 4457
8902 2 2 2 1 3602 1577 4093
8903 2 2 2 1 2796 4493 4763
8904 2 2 2 1 2373 1731 4235
8905 2 2 2 1 147 513 4476
8906 2 2 2 1 3772 398 4533
8907 2 2 2 1 1112 3845 4696
8908 2 2 2 1 217 216 4596
8909 2 2 2 1 1759 2702 4218
8910 2 2 2 1 469 3598 4684
8911 2 2 2 1 2545 3616 4764
8912 2 2 2 1 2262 3630 4101
8913 2 2 2 1 2444 3807 4365
8914 2 2 2 1 3626 2393 4608
8915 2 2 2 1 2371 2472 4102
8916 2 2 2 1 2225 2608 4323
8917 2 2 2 1 1404 1424 4100
8918 2 2 2 1 4194 1242 4195
8919 2 2 2 1 1512 1354 4273
8920 2 2 2 1 1199 1971 4057
8921 2 2 2 1 3973 2509 4322
8922 2 2 2 1 999 1009 4052
8923 2 2 2 1 3524 3523 4698
8924 2 2 2 1 539 3919 4556
8925 2 2 2 1 3888 2417 4153
8926 2 2 2 1 2222 3055 4193
8927 2 2 2 1 25 558 4483
8928 2 2 2 1 2988 2566 4293
8929 2 2 2 1 3635 3595 4271
8930 2 2 2 1 3614 1307 4256
8931 2 2 2 1 3702 3189 4603
8932 2 2 2 1 2370 2571 4348
8933 2 2 2 1 2234 3871 4190
8934 2 2 2 1 993 996 4063
8935 2 2 2 1 948 830 4696
8936 2 2 2 1 3029 2881 4467
8937 2 2 2 1 3001 2467 4369
8938 2 2 2 1 287 286 4607
8939 2 2 2 1 4241 2977 4678
8940 2 2 2 1 568 4098 4707
8941 2 2 2 1 96 95 4610
8942 2 2 2 1 4447 308 4515
8943 2 2 2 1 1424 1400 4060
8944 2 2 2 1 3505 3506 4717
8945 2 2 2 1 919 1096 4072
8946 2 2 2 1 1470 1468 4205
8947 2 2 2 1 915 842 4715
8948 2 2 2 1 3735 4026 4773
8949 2 2 2 1 2127 3226 4636
8950 2 2 2 1 2340 3801 4815
8951 2 2 2 1 938 4143 4144
8952 2 2 2 1 1647 2316 4270
8953 2 2 2 1 2206 3863 4701
8954 2 2 2 1 1874 2782 4375
8955 2 2 2 1 1408 1500 4075
8956 2 2 2 1 4651 2819 4780
8957 2 2 2 1 1331 3871 4555
8958 2 2 2 1 3834 581 4448
8959 2 2 2 1 1479 4150 4151
8960 2 2 2 1 2918 4145 4647
8961 2 2 2 1 1061 4109 4753
8962 2 2 2 1 899 901 4212
8963 2 2 2 1 4129 766 4427
8964 2 2 2 1 4278 2870 4591
8965 2 2 2 1 3280 4001 4484
8966 2 2 2 1 3502 3501 4758
8967 2 2 2 1 3841 490 4539
8968 2 2 2 1 2205 3646 4763
8969 2 2 2 1 2196 4069 4587
8970 2 2 2 1 1345 3932 4182
8971 2 2 2 1 1534 1531 4215
8972 2 2 2 1 4505 2817 4757
8973 2 2 2 1 177 468 4502
8974 2 2 2 1 2205 1938 4314
8975 2 2 2 1 4215 1533 4216
8976 2 2 2 1 2671 2664 4377
8977 2 2 2 1 3660 2839 4641
8978 2 2 2 1 1385 1426 4572
8979 2 2 2 1 3234 1121 4771
8980 2 2 2 1 1393 1390 4085
8981 2 2 2 1 2792 3716 4430
8982 2 2 2 1 2394 1999 4192
8983 2 2 2 1 3578 3551 4565
8984 2 2 2 1 3861 2422 4716
8985 2 2 2 1 2808 3965 4790
8986 2 2 2 1 3983 659 4107
8987 2 2 2 1 4059 1973 4655
8988 2 2 2 1 2143 2663 4185
8989 2 2 2 1 2868 3879 4747
8990 2 2 2 1 3926 691 4262
8991 2 2 2 1 3870 2434 4136
8992 2 2 2 1 1444 1480 4115
8993 2 2 2 1 869 960 4346
8994 2 2 2 1 2664 3679 4653
8995 2 2 2 1 1215 883 4119
8996 2 2 2 1 881 1215 4092
8997 2 2 2 1 541 3893 4637
8998 2 2 2 1 1978 1525 4231
8999 2 2 2 1 4627 2883 4746
9000 2 2 2 1 2651 2653 4646
9001 2 2 2 1 875 878 4099
9002 2 2 2 1 1500 1406 4100
9003 2 2 2 1 2399 3852 4834
9004 2 2 2 1 954 4525 4792
9005 2 2 2 1 3808 369 4524
9006 2 2 2 1 4065 2555 4435
9007 2 2 2 1 661 692 4107
9008 2 2 2 1 1005 1008 4104
9009 2 2 2 1 1474 1472 4221
9010 2 2 2 1 1973 2530 4655
9011 2 2 2 1 3671 3772 4533
9012 2 2 2 1 4402 3014 4756
9013 2 2 2 1 3573 460 4503
9014 2 2 2 1 3074 2870 4278
9015 2 2 2 1 3667 2243 4374
9016 2 2 2 1 3487 3574 4506
9017 2 2 2 1 1448 1505 4121
9018 2 2 2 1 3147 4270 4750
9019 2 2 2 1 1656 1658 4219
9020 2 2 2 1 745 3875 4660
9021 2 2 2 1 2571 2371 4102
9022 2 2 2 1 101 5 4687
9023 2 2 2 1 2263 2262 4101
9024 2 2 2 1 816 1907 4207
9025 2 2 2 1 3791 3525 4508
9026 2 2 2 1 3871 2871 4190
9027 2 2 2 1 1416 1519 4567
9028 2 2 2 1 2566 3722 4499
9029 2 2 2 1 3675 2422 4530
9030 2 2 2 1 909 4172 4796
9031 2 2 2 1 3551 580 4512
9032 2 2 2 1 4008 873 4099
9033 2 2 2 1 1505 1446 4115
9034 2 2 2 1 709 3250 4619
9035 2 2 2 1 2335 3815 4145
9036 2 2 2 1 2616 4030 4719
9037 2 2 2 1 4384 416 4791
9038 2 2 2 1 3920 2288 4825
9039 2 2 2 1 2330 3802 4691
9040 2 2 2 1 1915 3833 4617
9041 2 2 2 1 3898 3899 4694
9042 2 2 2 1 752 750 4736
9043 2 2 2 1 2210 1281 4203
9044 2 2 2 1 3947 1417 4075
9045 2 2 2 1 885 1042 4119
9046 2 2 2 1 771 770 4498
9047 2 2 2 1 459 250 4550
9048 2 2 2 1 2174 1319 4254
9049 2 2 2 1 1452 1506 4128
9050 2 2 2 1 3874 594 4760
9051 2 2 2 1 4703 3917 4822
9052 2 2 2 1 4337 3020 4498
9053 2 2 2 1 1506 1450 4121
9054 2 2 2 1 903 905 4229
9055 2 2 2 1 1479 1466 4150
9056 2 2 2 1 897 1061 4154
9057 2 2 2 1 1813 2330 4691
9058 2 2 2 1 4119 1042 4178
9059 2 2 2 1 1478 1454 4128
9060 2 2 2 1 2221 2222 4193
9061 2 2 2 1 4020 1003 4104
9062 2 2 2 1 1096 921 4618
9063 2 2 2 1 2436 2439 4136
9064 2 2 2 1 1507 1460 4139
9065 2 2 2 1 89 88 4728
9066 2 2 2 1 1287 4490 4769
9067 2 2 2 1 510 3557 4531
9068 2 2 2 1 4471 2587 4790
9069 2 2 2 1 3934 1083 4468
9070 2 2 2 1 110 109 4737
9071 2 2 2 1 961 1241 4246
9072 2 2 2 1 3863 1754 4701
9073 2 2 2 1 4274 2318 4416
9074 2 2 2 1 1481 1476 4234
9075 2 2 2 1 2583 2582 4352
9076 2 2 2 1 2117 1294 4247
9077 2 2 2 1 2075 2071 4159
9078 2 2 2 1 3518 598 4730
9079 2 2 2 1 754 748 4660
9080 2 2 2 1 4264 3934 4468
9081 2 2 2 1 1104 1168 4138
9082 2 2 2 1 2542 1205 4206
9083 2 2 2 1 1706 1821 4775
9084 2 2 2 1 4208 2677 4423
9085 2 2 2 1 938 933 4143
9086 2 2 2 1 3693 3019 4738
9087 2 2 2 1 802 3820 3870
9088 2 2 2 1 3203 1170 4463
9089 2 2 2 1 2071 2073 4159
9090 2 2 2 1 2744 4440 4558
9091 2 2 2 1 3416 3808 4524
9092 2 2 2 1 3879 1181 4747
9093 2 2 2 1 2442 1606 4214
9094 2 2 2 1 172 171 4787
9095 2 2 2 1 3950 3117 4313
9096 2 2 2 1 4360 2578 4680
9097 2 2 2 1 4060 1423 4285
9098 2 2 2 1 2441 3744 4180
9099 2 2 2 1 905 1018 4229
9100 2 2 2 1 679 1242 4194
9101 2 2 2 1 937 1032 4155
9102 2 2 2 1 1181 1078 4747
9103 2 2 2 1 3830 2846 4761
9104 2 2 2 1 2728 3017 4443
9105 2 2 2 1 3802 2820 4691
9106 2 2 2 1 2448 4441 4575
9107 2 2 2 1 1511 1474 4221
9108 2 2 2 1 901 1237 4212
9109 2 2 2 1 4069 2464 4587
9110 2 2 2 1 1458 1456 4491
9111 2 2 2 1 1500 4100 4632
9112 2 2 2 1 4089 2998 4667
9113 2 2 2 1 1510 1470 4205
9114 2 2 2 1 1987 1534 4215
9115 2 2 2 1 1598 2271 4244
9116 2 2 2 1 3250 3832 4619
9117 2 2 2 1 2635 4204 4276
9118 2 2 2 1 909 893 4172
9119 2 2 2 1 907 961 4246
9120 2 2 2 1 2439 2438 4180
9121 2 2 2 1 1068 4052 4419
9122 2 2 2 1 1285 1283 4242
9123 2 2 2 1 4563 2925 4633
9124 2 2 2 1 1294 1291 4247
9125 2 2 2 1 3940 2488 4306
9126 2 2 2 1 486 27 4699
9127 2 2 2 1 3253 2703 4649
9128 2 2 2 1 2845 3460 4532
9129 2 2 2 1 1880 3890 4331
9130 2 2 2 1 3801 3493 4815
9131 2 2 2 1 768 4226 4805
9132 2 2 2 1 3722 4336 4499
9133 2 2 2 1 1462 1507 4181
9134 2 2 2 1 2661 3812 4363
9135 2 2 2 1 4236 2537 4391
9136 2 2 2 1 1347 4263 4373
9137 2 2 2 1 1566 2206 4701
9138 2 2 2 1 692 663 4528
9139 2 2 2 1 3705 3586 4766
9140 2 2 2 1 3771 3508 4617
9141 2 2 2 1 486 4291 4543
9142 2 2 2 1 4409 599 4811
9143 2 2 2 1 4073 1501 4774
9144 2 2 2 1 830 825 4696
9145 2 2 2 1 4202 1348 4479
9146 2 2 2 1 2512 4283 4597
9147 2 2 2 1 2424 2235 4505
9148 2 2 2 1 691 677 4194
9149 2 2 2 1 2269 3956 4629
9150 2 2 2 1 1992 4045 4210
9151 2 2 2 1 4005 817 4648
9152 2 2 2 1 2110 4174 4727
9153 2 2 2 1 2843 2221 4193
9154 2 2 2 1 1319 1317 4254
9155 2 2 2 1 3836 3950 4313
9156 2 2 2 1 683 693 4733
9157 2 2 2 1 1478 4128 4249
9158 2 2 2 1 1307 1305 4256
9159 2 2 2 1 2081 3028 4365
9160 2 2 2 1 2761 3894 4730
9161 2 2 2 1 3690 2878 4408
9162 2 2 2 1 3901 2966 4511
9163 2 2 2 1 4100 4131 4632
9164 2 2 2 1 3729 3108 4484
9165 2 2 2 1 1414 1650 4692
9166 2 2 2 1 4315 476 4738
9167 2 2 2 1 847 3741 4455
9168 2 2 2 1 3723 833 4298
9169 2 2 2 1 3455 3137 4664
9170 2 2 2 1 2745 4268 4440
9171 2 2 2 1 2023 4202 4751
9172 2 2 2 1 2491 2373 4480
9173 2 2 2 1 2117 4247 4255
9174 2 2 2 1 585 3705 4834
9175 2 2 2 1 956 4551 4700
9176 2 2 2 1 3205 4375 4813
9177 2 2 2 1 2656 2661 4364
9178 2 2 2 1 685 687 4267
9179 2 2 2 1 3532 466 4620
9180 2 2 2 1 1468 1479 4205
9181 2 2 2 1 2621 2317 4264
9182 2 2 2 1 1827 1656 4219
9183 2 2 2 1 1061 899 4212
9184 2 2 2 1 1456 1478 4491
9185 2 2 2 1 4004 3107 4588
9186 2 2 2 1 1531 1533 4215
9187 2 2 2 1 4054 1503 4405
9188 2 2 2 1 1972 2205 4424
9189 2 2 2 1 4275 3541 4299
9190 2 2 2 1 3811 1687 4352
9191 2 2 2 1 3832 940 4619
9192 2 2 2 1 1519 3942 4567
9193 2 2 2 1 931 938 4481
9194 2 2 2 1 1472 1510 4221
9195 2 2 2 1 3730 4210 4211
9196 2 2 2 1 551 241 4686
9197 2 2 2 1 2658 2656 4364
9198 2 2 2 1 3011 3717 4443
9199 2 2 2 1 2650 955 4734
9200 2 2 2 1 1387 1385 4572
9201 2 2 2 1 2794 3917 4703
9202 2 2 2 1 1347 1339 4268
9203 2 2 2 1 1237 903 4229
9204 2 2 2 1 3113 4024 4718
9205 2 2 2 1 1650 4190 4692
9206 2 2 2 1 2883 4421 4746
9207 2 2 2 1 574 3936 4473
9208 2 2 2 1 461 261 4706
9209 2 2 2 1 2521 4147 4541
9210 2 2 2 1 3436 4410 4671
9211 2 2 2 1 1476 1511 4234
9212 2 2 2 1 2600 3818 4624
9213 2 2 2 1 1354 1352 4273
9214 2 2 2 1 762 4358 4659
9215 2 2 2 1 4467 768 4805
9216 2 2 2 1 2235 2817 4505
9217 2 2 2 1 929 931 4481
9218 2 2 2 1 1042 887 4626
9219 2 2 2 1 3894 3518 4730
9220 2 2 2 1 472 3995 4793
9221 2 2 2 1 2660 2659 4782
9222 2 2 2 1 2099 3811 4808
9223 2 2 2 1 3651 2623 4797
9224 2 2 2 1 2514 3611 4816
9225 2 2 2 1 4348 2571 4799
9226 2 2 2 1 1018 907 4246
9227 2 2 2 1 4026 2479 4773
9228 2 2 2 1 703 940 4662
9229 2 2 2 1 1283 2210 4242
9230 2 2 2 1 2899 3102 4584
9231 2 2 2 1 1291 1293 4247
9232 2 2 2 1 488 39 4724
9233 2 2 2 1 1352 1432 4273
9234 2 2 2 1 2764 3767 4723
9235 2 2 2 1 4158 3624 4608
9236 2 2 2 1 542 3651 4797
9237 2 2 2 1 1317 1429 4254
9238 2 2 2 1 1339 1431 4268
9239 2 2 2 1 1305 2196 4256
9240 2 2 2 1 2464 3074 4587
9241 2 2 2 1 663 665 4528
9242 2 2 2 1 4159 2890 4213
9243 2 2 2 1 693 685 4267
9244 2 2 2 1 4024 474 4718
9245 2 2 2 1 3387 4061 4749
9246 2 2 2 1 2580 4005 4648
9247 2 2 2 1 3753 2500 4789
9248 2 2 2 1 3369 3971 4640
9249 2 2 2 1 1020 3106 4525
9250 2 2 2 1 1687 3912 4459
9251 2 2 2 1 2682 2680 4697
9252 2 2 2 1 3551 4512 4565
9253 2 2 2 1 3866 3864 4623
9254 2 2 2 1 925 1065 4820
9255 2 2 2 1 1837 3720 4290
9256 2 2 2 1 2559 3458 4826
9257 2 2 2 1 3512 568 4707
9258 2 2 2 1 168 540 4770
9259 2 2 2 1 674 3926 4496
9260 2 2 2 1 667 670 4822
9261 2 2 2 1 1938 1936 4314
9262 2 2 2 1 3889 505 4777
9263 2 2 2 1 2516 3810 4342
9264 2 2 2 1 838 4278 4591
9265 2 2 2 1 4118 2748 4622
9266 2 2 2 1 4067 1285 4243
9267 2 2 2 1 940 705 4619
9268 2 2 2 1 2765 3907 4565
9269 2 2 2 1 2613 3841 4539
9270 2 2 2 1 3768 1041 4412
9271 2 2 2 1 770 4129 4337
9272 2 2 2 1 2886 3791 4508
9273 2 2 2 1 3986 1987 4456
9274 2 2 2 1 960 4009 4445
9275 2 2 2 1 895 4154 4172
9276 2 2 2 1 3773 3175 4788
9277 2 2 2 1 4421 2421 4746
9278 2 2 2 1 1843 2649 4320
9279 2 2 2 1 2479 2480 4510
9280 2 2 2 1 2811 3892 4597
9281 2 2 2 1 3831 1393 4277
9282 2 2 2 1 1311 3613 4286
9283 2 2 2 1 2932 2787 4727
9284 2 2 2 1 4150 1464 4181
9285 2 2 2 1 4031 1837 4290
9286 2 2 2 1 2358 1843 4320
9287 2 2 2 1 480 3884 4764
9288 2 2 2 1 2419 4059 4655
9289 2 2 2 1 2317 3934 4264
9290 2 2 2 1 4520 2928 4679
9291 2 2 2 1 1936 2272 4314
9292 2 2 2 1 2795 2792 4430
9293 2 2 2 1 3248 3249 4470
9294 2 2 2 1 4129 3223 4337
9295 2 2 2 1 2708 3911 4581
9296 2 2 2 1 3716 2445 4652
9297 2 2 2 1 4054 3014 4402
9298 2 2 2 1 3562 606 4776
9299 2 2 2 1 984 3763 4307
9300 2 2 2 1 724 2546 4432
9301 2 2 2 1 2044 4414 4656
9302 2 2 2 1 2423 4058 4514
9303 2 2 2 1 1108 3940 4306
9304 2 2 2 1 4265 1237 4451
9305 2 2 2 1 4143 935 4155
9306 2 2 2 1 3928 3524 4698
9307 2 2 2 1 3875 3352 4660
9308 2 2 2 1 2129 2429 4593
9309 2 2 2 1 938 4295 4481
9310 2 2 2 1 2658 4364 4805
9311 2 2 2 1 3139 2543 4478
9312 2 2 2 1 4434 2991 4807
9313 2 2 2 1 3786 472 4793
9314 2 2 2 1 2883 4374 4420
9315 2 2 2 1 3917 4461 4528
9316 2 2 2 1 766 2615 4427
9317 2 2 2 1 599 3487 4811
9318 2 2 2 1 4032 4031 4290
9319 2 2 2 1 2470 4573 4784
9320 2 2 2 1 3493 3567 4815
9321 2 2 2 1 2170 3819 4444
9322 2 2 2 1 1056 3861 4716
9323 2 2 2 1 4079 1311 4286
9324 2 2 2 1 4213 2865 4830
9325 2 2 2 1 3611 458 4816
9326 2 2 2 1 1035 3138 4551
9327 2 2 2 1 3897 4086 4432
9328 2 2 2 1 1853 2699 4359
9329 2 2 2 1 982 4469 4693
9330 2 2 2 1 3919 3447 4556
9331 2 2 2 1 1564 1566 4701
9332 2 2 2 1 2498 3862 4663
9333 2 2 2 1 2699 4394 4754
9334 2 2 2 1 4411 1682 4821
9335 2 2 2 1 4585 4241 4678
9336 2 2 2 1 4051 1930 4313
9337 2 2 2 1 3871 2583 4555
9338 2 2 2 1 921 923 4618
9339 2 2 2 1 2192 3759 4666
9340 2 2 2 1 4291 2449 4575
9341 2 2 2 1 1821 4251 4775
9342 2 2 2 1 4361 3705 4766
9343 2 2 2 1 2697 4361 4766
9344 2 2 2 1 4012 2365 4595
9345 2 2 2 1 4174 2932 4727
9346 2 2 2 1 2782 3980 4542
9347 2 2 2 1 4053 4054 4402
9348 2 2 2 1 2781 4045 4745
9349 2 2 2 1 1930 3836 4313
9350 2 2 2 1 2014 2269 4629
9351 2 2 2 1 4444 2538 4711
9352 2 2 2 1 1242 681 4733
9353 2 2 2 1 4139 1458 4491
9354 2 2 2 1 2288 3748 4825
9355 2 2 2 1 3762 1853 4359
9356 2 2 2 1 4263 3002 4373
9357 2 2 2 1 4085 1387 4572
9358 2 2 2 1 3759 4488 4666
9359 2 2 2 1 3508 4274 4416
9360 2 2 2 1 2692 3234 4771
9361 2 2 2 1 4346 960 4445
9362 2 2 2 1 840 3686 4613
9363 2 2 2 1 4190 2871 4692
9364 2 2 2 1 4212 1237 4265
9365 2 2 2 1 4352 1687 4459
9366 2 2 2 1 1924 2023 4751
9367 2 2 2 1 4283 3324 4597
9368 2 2 2 1 650 4348 4799
9369 2 2 2 1 1563 1754 4376
9370 2 2 2 1 3305 4177 4836
9371 2 2 2 1 4293 2566 4499
9372 2 2 2 1 1800 3797 4486
9373 2 2 2 1 4664 3137 4774
9374 2 2 2 1 2203 4423 4824
9375 2 2 2 1 4302 3643 4744
9376 2 2 2 1 4323 2608 4818
9377 2 2 2 1 887 889 4626
9378 2 2 2 1 4420 1963 4421
9379 2 2 2 1 2882 2420 4549
9380 2 2 2 1 1039 4323 4818
9381 2 2 2 1 3966 2854 4450
9382 2 2 2 1 1023 3643 4634
9383 2 2 2 1 2618 3972 4705
9384 2 2 2 1 2574 3874 4760
9385 2 2 2 1 958 3985 4407
9386 2 2 2 1 2475 4331 4800
9387 2 2 2 1 4331 3890 4800
9388 2 2 2 1 1393 4085 4277
9389 2 2 2 1 2752 3697 4765
9390 2 2 2 1 3887 1023 4634
9391 2 2 2 1 2130 2129 4593
9392 2 2 2 1 3995 3214 4793
9393 2 2 2 1 2480 2026 4588
9394 2 2 2 1 4086 724 4432
9395 2 2 2 1 1900 4066 4745
9396 2 2 2 1 3008 2419 4655
9397 2 2 2 1 1237 4229 4451
9398 2 2 2 1 2755 2014 4629
9399 2 2 2 1 1904 1903 4592
9400 2 2 2 1 4111 3092 4535
9401 2 2 2 1 594 3949 4760
9402 2 2 2 1 1911 3803 4583
9403 2 2 2 1 4193 3055 4422
9404 2 2 2 1 2254 3898 4694
9405 2 2 2 1 3987 984 4307
9406 2 2 2 1 2649 4032 4809
9407 2 2 2 1 4106 492 4540
9408 2 2 2 1 1014 4077 4623
9409 2 2 2 1 3922 840 4613
9410 2 2 2 1 3916 674 4496
9411 2 2 2 1 1533 4053 4402
9412 2 2 2 1 1029 4084 4744
9413 2 2 2 1 3869 1705 4775
9414 2 2 2 1 4199 1242 4733
9415 2 2 2 1 3825 2352 4494
9416 2 2 2 1 4359 2699 4754
9417 2 2 2 1 2470 4101 4356
9418 2 2 2 1 4084 2481 4744
9419 2 2 2 1 2890 4666 4767
9420 2 2 2 1 2365 2367 4595
9421 2 2 2 1 2353 4158 4708
9422 2 2 2 1 1658 4012 4595
9423 2 2 2 1 3102 4046 4584
9424 2 2 2 1 2442 4214 4762
9425 2 2 2 1 2393 4165 4608
9426 2 2 2 1 2759 3877 4658
9427 2 2 2 1 3906 1563 4376
9428 2 2 2 1 2459 4109 4265
9429 2 2 2 1 3819 2539 4444
9430 2 2 2 1 4216 1533 4402
9431 2 2 2 1 4142 4198 4683
9432 2 2 2 1 2539 3952 4446
9433 2 2 2 1 1285 4242 4243
9434 2 2 2 1 3966 4450 4633
9435 2 2 2 1 3013 4405 4657
9436 2 2 2 1 4268 1431 4440
9437 2 2 2 1 3643 1029 4744
9438 2 2 2 1 770 4337 4498
9439 2 2 2 1 1864 4078 4833
9440 2 2 2 1 3952 2172 4446
9441 2 2 2 1 2487 4140 4804
9442 2 2 2 1 3111 4284 4465
9443 2 2 2 1 3881 2253 4453
9444 2 2 2 1 1331 4555 4689
9445 2 2 2 1 4400 3307 4454
9446 2 2 2 1 750 754 4736
9447 2 2 2 1 4056 2254 4694
9448 2 2 2 1 2890 2192 4666
9449 2 2 2 1 4045 3736 4745
9450 2 2 2 1 701 703 4662
9451 2 2 2 1 4131 2975 4632
9452 2 2 2 1 2543 2544 4478
9453 2 2 2 1 4446 2172 4807
9454 2 2 2 1 708 4350 4731
9455 2 2 2 1 923 925 4820
9456 2 2 2 1 2663 2372 4560
9457 2 2 2 1 3748 4068 4825
9458 2 2 2 1 748 745 4660
9459 2 2 2 1 3677 3966 4633
9460 2 2 2 1 4642 640 4799
9461 2 2 2 1 4009 3842 4445
9462 2 2 2 1 705 709 4619
9463 2 2 2 1 3934 3735 4773
9464 2 2 2 1 3942 2856 4567
9465 2 2 2 1 3176 4329 4635
9466 2 2 2 1 1082 4400 4454
9467 2 2 2 1 681 683 4733
9468 2 2 2 1 4312 1911 4583
9469 2 2 2 1 4096 2136 4622
9470 2 2 2 1 3249 4056 4694
9471 2 2 2 1 4161 2754 4827
9472 2 2 2 1 1705 1706 4775
9473 2 2 2 1 2354 2353 4708
9474 2 2 2 1 3029 4467 4805
9475 2 2 2 1 2416 4094 4536
9476 2 2 2 1 2781 4066 4519
9477 2 2 2 1 2968 2442 4762
9478 2 2 2 1 3352 3875 4671
9479 2 2 2 1 699 701 4748
9480 2 2 2 1 4295 3958 4481
9481 2 2 2 1 3896 2969 4669
9482 2 2 2 1 2256 3825 4494
9483 2 2 2 1 2480 4438 4510
9484 2 2 2 1 3137 4027 4774
9485 2 2 2 1 1410 2106 4719
9486 2 2 2 1 3921 1402 4576
9487 2 2 2 1 4294 2379 4460
9488 2 2 2 1 3996 3218 4741
9489 2 2 2 1 3223 4129 4427
9490 2 2 2 1 2120 1924 4751
9491 2 2 2 1 4364 3029 4805
9492 2 2 2 1 665 667 4822
9493 2 2 2 1 2418 4264 4468
9494 2 2 2 1 693 4199 4733
9495 2 2 2 1 4440 1431 4558
9496 2 2 2 1 3884 2545 4764
9497 2 2 2 1 3815 813 4647
9498 2 2 2 1 3864 1014 4623
9499 2 2 2 1 2679 4305 4554
9500 2 2 2 1 2572 3297 4693
9501 2 2 2 1 1489 3296 4657
9502 2 2 2 1 2492 4032 4290
9503 2 2 2 1 4350 2265 4784
9504 2 2 2 1 4103 2225 4794
9505 2 2 2 1 2661 4363 4364
9506 2 2 2 1 2599 4241 4585
9507 2 2 2 1 1415 4627 4746
9508 2 2 2 1 3878 1027 4673
9509 2 2 2 1 2326 3886 4645
9510 2 2 2 1 2944 3889 4777
9511 2 2 2 1 3706 2692 4771
9512 2 2 2 1 3697 738 4765
9513 2 2 2 1 2782 4542 4813
9514 2 2 2 1 3045 4142 4683
9515 2 2 2 1 3636 3985 4675
9516 2 2 2 1 4251 3869 4775
9517 2 2 2 1 4139 3660 4641
9518 2 2 2 1 2991 4446 4807
9519 2 2 2 1 2609 4424 4493
9520 2 2 2 1 2702 3008 4709
9521 2 2 2 1 4422 2828 4676
9522 2 2 2 1 3984 2857 4829
9523 2 2 2 1 1293 4067 4386
9524 2 2 2 1 670 3916 4703
9525 2 2 2 1 3296 2678 4657
9526 2 2 2 1 3890 2431 4800
9527 2 2 2 1 2379 4233 4460
9528 2 2 2 1 4029 2928 4520
9529 2 2 2 1 4045 2482 4210
9530 2 2 2 1 2023 4218 4781
9531 2 2 2 1 4055 1052 4646
9532 2 2 2 1 4077 3243 4623
9533 2 2 2 1 2927 4000 4735
9534 2 2 2 1 4489 2917 4492
9535 2 2 2 1 4280 3672 4685
9536 2 2 2 1 3736 1900 4745
9537 2 2 2 1 3347 4561 4831
9538 2 2 2 1 4066 3849 4545
9539 2 2 2 1 2265 2470 4784
9540 2 2 2 1 3972 2620 4705
9541 2 2 2 1 2468 4103 4794
9542 2 2 2 1 2470 4356 4573
9543 2 2 2 1 4186 2780 4702
9544 2 2 2 1 4528 665 4822
9545 2 2 2 1 2172 2219 4807
9546 2 2 2 1 2481 4302 4744
9547 2 2 2 1 4620 3060 4621
9548 2 2 2 1 4618 923 4820
9549 2 2 2 1 2571 4102 4642
9550 2 2 2 1 4067 4243 4386
9551 2 2 2 1 2870 4255 4591
9552 2 2 2 1 4094 2406 4606
9553 2 2 2 1 4272 3085 4580
9554 2 2 2 1 1296 4585 4678
9555 2 2 2 1 4335 3054 4752
9556 2 2 2 1 3908 4645 4675
9557 2 2 2 1 3782 1864 4833
9558 2 2 2 1 3849 2927 4545
9559 2 2 2 1 3458 2988 4826
9560 2 2 2 1 4198 789 4683
9561 2 2 2 1 4441 2450 4575
9562 2 2 2 1 1510 4205 4564
9563 2 2 2 1 3013 4054 4405
9564 2 2 2 1 2431 3820 4800
9565 2 2 2 1 4604 613 4779
9566 2 2 2 1 4291 486 4699
9567 2 2 2 1 4085 3179 4277
9568 2 2 2 1 1507 4139 4641
9569 2 2 2 1 4702 2780 4811
9570 2 2 2 1 2926 4677 4678
9571 2 2 2 1 1431 4081 4558
9572 2 2 2 1 3999 2473 4812
9573 2 2 2 1 3660 4139 4491
9574 2 2 2 1 958 3908 4675
9575 2 2 2 1 701 4662 4748
9576 2 2 2 1 4064 2416 4536
9577 2 2 2 1 654 4236 4391
9578 2 2 2 1 2345 4250 4639
9579 2 2 2 1 2856 3942 4695
9580 2 2 2 1 4561 2638 4831
9581 2 2 2 1 2283 3885 4670
9582 2 2 2 1 1507 4641 4725
9583 2 2 2 1 4591 2682 4697
9584 2 2 2 1 4479 2120 4751
9585 2 2 2 1 4506 2736 4702
9586 2 2 2 1 3964 645 4672
9587 2 2 2 1 2219 4434 4807
9588 2 2 2 1 4384 3208 4682
9589 2 2 2 1 2647 4168 4778
9590 2 2 2 1 3436 4671 4786
9591 2 2 2 1 3120 4291 4699
9592 2 2 2 1 2316 4520 4750
9593 2 2 2 1 4488 2570 4666
9594 2 2 2 1 4389 1654 4783
9595 2 2 2 1 2225 4323 4794
9596 2 2 2 1 4050 2961 4755
9597 2 2 2 1 4374 2883 4627
9598 2 2 2 1 4226 2658 4805
9599 2 2 2 1 1501 4664 4774
9600 2 2 2 1 4375 2782 4813
9601 2 2 2 1 4666 2570 4767
9602 2 2 2 1 4438 1083 4510
9603 2 2 2 1 2620 3972 4661
9604 2 2 2 1 4181 1507 4725
9605 2 2 2 1 2671 4377 4711
9606 2 2 2 1 2883 4420 4421
9607 2 2 2 1 2700 4293 4499
9608 2 2 2 1 4270 2316 4750
9609 2 2 2 1 2444 4365 4616
9610 2 2 2 1 3019 4315 4738
9611 2 2 2 1 838 4591 4697
9612 2 2 2 1 4025 2075 4830
9613 2 2 2 1 4358 2089 4803
9614 2 2 2 1 4066 2781 4745
9615 2 2 2 1 3179 4085 4572
9616 2 2 2 1 4220 2341 4828
9617 2 2 2 1 3532 4620 4621
9618 2 2 2 1 4213 2890 4767
9619 2 2 2 1 3229 4384 4791
9620 2 2 2 1 3740 3810 4801
9621 2 2 2 1 2662 4471 4790
9622 2 2 2 1 2672 4411 4821
9623 2 2 2 1 4490 2880 4769
9624 2 2 2 1 4154 1061 4753
9625 2 2 2 1 2479 4510 4773
9626 2 2 2 1 4233 2395 4569
9627 2 2 2 1 4090 992 4823
9628 2 2 2 1 4457 2869 4571
9629 2 2 2 1 4320 2649 4809
9630 2 2 2 1 2882 4549 4740
9631 2 2 2 1 4218 2702 4781
9632 2 2 2 1 4450 2581 4633
9633 2 2 2 1 4323 3170 4794
9634 2 2 2 1 3985 958 4675
9635 2 2 2 1 4255 2682 4591
9636 2 2 2 1 4363 3029 4364
9637 2 2 2 1 2571 4642 4799
9638 2 2 2 1 1804 4213 4767
9639 2 2 2 1 4423 2675 4824
9640 2 2 2 1 4243 2681 4386
9641 2 2 2 1 2970 4216 4756
9642 2 2 2 1 2581 4563 4633
9643 2 2 2 1 4545 2927 4735
9644 2 2 2 1 4460 4233 4569
9645 2 2 2 1 2410 4359 4754
9646 2 2 2 1 4662 3392 4748
9647 2 2 2 1 4677 1296 4678
9648 2 2 2 1 3016 4350 4784
9649 2 2 2 1 3591 4335 4752
9650 2 2 2 1 906 4460 4569
9651 2 2 2 1 2775 4604 4779
9652 2 2 2 1 4358 2670 4659
9653 2 2 2 1 4645 3636 4675
9654 2 2 2 1 693 4267 4788
9655 2 2 2 1 3647 4618 4820
9656 2 2 2 1 713 4422 4676
9657 2 2 2 1 4709 2949 4781
9658 2 2 2 1 3917 4528 4822
9659 2 2 2 1 4230 2499 4795
9660 2 2 2 1 4202 4479 4751
9661 2 2 2 1 1099 4165 4823
9662 2 2 2 1 2611 4463 4690
9663 2 2 2 1 1362 4220 4828
9664 2 2 2 1 2670 4358 4803
9665 2 2 2 1 4394 1094 4754
9666 2 2 2 1 4551 2636 4700
9667 2 2 2 1 4350 3016 4731
9668 2 2 2 1 4525 2624 4792
9669 2 2 2 1 2778 4389 4783
9670 2 2 2 1 2702 4709 4781
9671 2 2 2 1 1395 4545 4735
9672 2 2 2 1 3615 3782 4833
$EndElements
