$MeshFormat
2.2 0 8
$EndMeshFormat
$PhysicalNames
5
1 10 "core_boundary"
1 20 "outer_boundary"
1 40 "coating_bulk_interface"
2 1 "coating"
2 2 "bulk"
$EndPhysicalNames
$Nodes
7636
1 0.25 0 0
2 0.2309698831278217 0.09567085809127245 0
3 0.1767766952966369 0.1767766952966369 0
4 0.09567085809127246 0.2309698831278217 0
5 1.530808498934192e-17 0.25 0
6 -0.09567085809127243 0.2309698831278217 0
7 -0.1767766952966369 0.1767766952966369 0
8 -0.2309698831278217 0.09567085809127247 0
9 -0.25 3.061616997868383e-17 0
10 -0.2309698831278217 -0.09567085809127242 0
11 -0.1767766952966369 -0.1767766952966369 0
12 -0.09567085809127258 -0.2309698831278216 0
13 -4.592425496802574e-17 -0.25 0
14 0.0956708580912725 -0.2309698831278217 0
15 0.1767766952966368 -0.1767766952966369 0
16 0.2309698831278216 -0.0956708580912726 0
17 0.26 0 0
18 0.2402086784529346 0.09949769241492334 0
19 0.1838477631085024 0.1838477631085023 0
20 0.09949769241492336 0.2402086784529346 0
21 1.592040838891559e-17 0.26 0
22 -0.09949769241492333 0.2402086784529346 0
23 -0.1838477631085023 0.1838477631085024 0
24 -0.2402086784529346 0.09949769241492337 0
25 -0.26 3.184081677783119e-17 0
26 -0.2402086784529346 -0.09949769241492332 0
27 -0.1838477631085024 -0.1838477631085023 0
28 -0.0994976924149235 -0.2402086784529345 0
29 -4.776122516674677e-17 -0.26 0
30 0.0994976924149234 -0.2402086784529345 0
31 0.1838477631085023 -0.1838477631085024 0
32 0.2402086784529345 -0.09949769241492351 0
33 -0.75 -0.75 0
34 0.75 -0.75 0
35 0.75 0.75 0
36 -0.75 0.75 0
37 0.2499562902279678 0.004674716619424148 0
38 0.2498251761961796 0.009347798593670341 0
39 0.2496067037522543 0.01401761184847022 0
40 0.2493009492914725 0.018682523447615 0
41 0.2489080197292148 0.02334090217795412 0
42 0.2484280524646883 0.02799111910235233 0
43 0.2478612153314337 0.03263154814630558 0
44 0.2472077065415565 0.03726056664174197 0
45 0.2464677546104822 0.04187655593846191 0
46 0.2456416182844511 0.04647790191688944 0
47 0.2447295864495304 0.05106299556667091 0
48 0.2437319780206482 0.05563023359776835 0
49 0.2426491418389268 0.06017801895071305 0
50 0.2414814565495525 0.06470476136040207 0
51 0.2402293304619158 0.06920887794076455 0
52 0.2388932014252999 0.07368879367156908 0
53 0.2374735366531346 0.07814294203222918 0
54 0.2359708325654974 0.08256976552192687 0
55 0.2343856146293296 0.08696771616428364 0
56 0.2327184371580385 0.09133525609927474 0
57 0.2291405639746135 0.09997300606361731 0
58 0.2272311193498869 0.104240195697233 0
59 0.2252422169642998 0.1084709348028645 0
60 0.2231745522581952 0.1126637440543945 0
61 0.2210288483404649 0.1168171571357897 0
62 0.2188058554217427 0.1209297218766314 0
63 0.2165063509217223 0.1250000000422401 0
64 0.2141311387787383 0.1290265686024422 0
65 0.2116810497614737 0.1330080192014019 0
66 0.209156940402515 0.1369429599558108 0
67 0.2065596934944594 0.1408300146399019 0
68 0.2038902171177937 0.1446678242169244 0
69 0.2011494448574241 0.1484550465075206 0
70 0.198338334972305 0.1521903573831593 0
71 0.1954578705721443 0.15587245052094 0
72 0.1925090587727555 0.159500038527982 0
73 0.1894929307989833 0.1630718528048655 0
74 0.1864105411666523 0.1665866445485826 0
75 0.1832629678910154 0.1700431845143365 0
76 0.1800513116339869 0.1734402640071818 0
77 0.1734402639972622 0.1800513116435423 0
78 0.1700431844247254 0.1832629679741623 0
79 0.1665866444532678 0.1864105412518309 0
80 0.1630718527841306 0.1894929308168271 0
81 0.1595000384292258 0.1925090588545783 0
82 0.1558724503954065 0.1954578706722539 0
83 0.1521903571765453 0.1983383351308454 0
84 0.1484550463228957 0.2011494449936834 0
85 0.1446678239702163 0.2038902172928425 0
86 0.1408300144312816 0.2065596936366943 0
87 0.1369429597122997 0.2091569405619509 0
88 0.1330080190399557 0.2116810498629171 0
89 0.129026568355372 0.2141311389276126 0
90 0.124999999899213 0.216506351004299 0
91 0.1209297216796122 0.2188058555306313 0
92 0.1168171569785605 0.2210288484235629 0
93 0.1126637438827063 0.2231745523448674 0
94 0.1084709347249581 0.2252422170018175 0
95 0.1042401956630602 0.2272311193655634 0
96 0.0999730060681172 0.2291405639726502 0
97 0.09133525608244693 0.2327184371646429 0
98 0.08696771612949591 0.2343856146422374 0
99 0.08256976544516534 0.2359708325923574 0
100 0.07814294192524021 0.2374735366883404 0
101 0.07368879353050159 0.2388932014688135 0
102 0.06920887777402931 0.2402293305099514 0
103 0.06470476117815054 0.2414814565983867 0
104 0.06017801876051731 0.2426491418860962 0
105 0.05563023338109423 0.2437319780701026 0
106 0.051062995316195 0.2447295865017923 0
107 0.04647790165505576 0.2456416183339928 0
108 0.04187655571556692 0.2464677546483536 0
109 0.03726056644037909 0.247207706571907 0
110 0.03263154797398098 0.2478612153541207 0
111 0.02799111893820608 0.2484280524831831 0
112 0.02334090203869717 0.2489080197422734 0
113 0.01868252334302477 0.2493009492993104 0
114 0.01401761176667943 0.2496067037568475 0
115 0.009347798540519439 0.2498251761981684 0
116 0.004674716586773306 0.2499562902285784 0
117 -0.004674716619424132 0.2499562902279678 0
118 -0.009347798593670326 0.2498251761961796 0
119 -0.0140176118484702 0.2496067037522543 0
120 -0.01868252344761499 0.2493009492914725 0
121 -0.02334090217795411 0.2489080197292148 0
122 -0.02799111910235232 0.2484280524646883 0
123 -0.03263154814630556 0.2478612153314337 0
124 -0.03726056664174196 0.2472077065415565 0
125 -0.04187655593846189 0.2464677546104822 0
126 -0.04647790191688943 0.2456416182844511 0
127 -0.0510629955666709 0.2447295864495304 0
128 -0.05563023359776834 0.2437319780206482 0
129 -0.06017801895071304 0.2426491418389268 0
130 -0.06470476136040205 0.2414814565495525 0
131 -0.06920887794076454 0.2402293304619158 0
132 -0.07368879367156907 0.2388932014252999 0
133 -0.07814294203222917 0.2374735366531346 0
134 -0.08256976552192685 0.2359708325654974 0
135 -0.08696771616428363 0.2343856146293296 0
136 -0.09133525609927473 0.2327184371580385 0
137 -0.09997300605839991 0.2291405639768898 0
138 -0.1042401956823991 0.2272311193566919 0
139 -0.1084709347890384 0.2252422169709581 0
140 -0.1126637440262504 0.223174552272403 0
141 -0.1168171571192929 0.2210288483491837 0
142 -0.120929721859482 0.2188058554312209 0
143 -0.1250000000283172 0.2165063509297607 0
144 -0.129026568579818 0.2141311387923707 0
145 -0.1330080192061084 0.2116810497585164 0
146 -0.1369429599421889 0.2091569404114337 0
147 -0.1408300146092551 0.2065596935153541 0
148 -0.1446678241817509 0.2038902171427507 0
149 -0.1484550464763842 0.2011494448804038 0
150 -0.1521903573433769 0.198338335002831 0
151 -0.15587245049024 0.1954578705966268 0
152 -0.159500038486482 0.1925090588071396 0
153 -0.163071852760811 0.1894929308368953 0
154 -0.1665866444740643 0.186410541233246 0
155 -0.1700431844492487 0.183262967951408 0
156 -0.1734402639800988 0.1800513116600755 0
157 -0.1800513116449138 0.1734402639958385 0
158 -0.1832629679768515 0.1700431844218271 0
159 -0.1864105412572069 0.166586644447252 0
160 -0.1894929308267953 0.1630718527725474 0
161 -0.1925090588745562 0.1595000384051135 0
162 -0.1954578706930099 0.1558724503693793 0
163 -0.1983383351598529 0.1521903571387421 0
164 -0.2011494450209541 0.1484550462859454 0
165 -0.2038902173252925 0.1446678239244822 0
166 -0.2065596936772688 0.1408300143717697 0
167 -0.209156940595269 0.136942959661412 0
168 -0.2116810498909851 0.1330080189952857 0
169 -0.214131138929614 0.1290265683520504 0
170 -0.2165063509952523 0.1249999999148823 0
171 -0.2188058555188733 0.1209297217008868 0
172 -0.2210288484120404 0.1168171570003622 0
173 -0.2231745523391059 0.1126637438941191 0
174 -0.2252422169997049 0.1084709347293451 0
175 -0.2272311193671715 0.1042401956595548 0
176 -0.2291405639796116 0.09997300605216158 0
177 -0.2327184371646701 0.09133525608237769 0
178 -0.2343856146403612 0.08696771613455252 0
179 -0.2359708325905965 0.08256976545019769 0
180 -0.2374735366838297 0.07814294193894802 0
181 -0.2388932014629556 0.07368879354949243 0
182 -0.240229330507311 0.06920887778319454 0
183 -0.2414814565974538 0.06470476118163224 0
184 -0.2426491418867114 0.06017801875803634 0
185 -0.2437319780704583 0.05563023337953576 0
186 -0.2447295865023558 0.05106299531349464 0
187 -0.2456416183337231 0.04647790165648127 0
188 -0.246467754648123 0.04187655571692389 0
189 -0.2472077065719697 0.03726056643996348 0
190 -0.2478612153545877 0.03263154797043392 0
191 -0.2484280524832832 0.02799111893731855 0
192 -0.2489080197427634 0.02334090203347068 0
193 -0.2493009493002363 0.01868252333066921 0
194 -0.2496067037574461 0.0140176117560218 0
195 -0.2498251761985482 0.009347798530366755 0
196 -0.2499562902286777 0.0046747165814673 0
197 -0.2499562902279549 -0.004674716620114616 0
198 -0.2498251761961231 -0.009347798595179351 0
199 -0.2496067037520798 -0.01401761185157689 0
200 -0.2493009492910481 -0.01868252345327756 0
201 -0.2489080197285773 -0.02334090218475205 0
202 -0.2484280524638239 -0.02799111911002381 0
203 -0.2478612153302474 -0.03263154815531597 0
204 -0.247207706539527 -0.03726056665520691 0
205 -0.246467754608244 -0.04187655595163467 0
206 -0.2456416182820851 -0.04647790192939451 0
207 -0.2447295864467486 -0.051062995580003 0
208 -0.2437319780180471 -0.0556302336091642 0
209 -0.2426491418373208 -0.06017801895718856 0
210 -0.241481456548238 -0.06470476136530776 0
211 -0.2402293304626982 -0.06920887793804879 0
212 -0.2388932014261013 -0.07368879366897087 0
213 -0.2374735366549327 -0.07814294202676478 0
214 -0.2359708325627753 -0.08256976552970618 0
215 -0.2343856146265475 -0.08696771617178166 0
216 -0.2327184371568713 -0.09133525610224849 0
217 -0.2291405639670984 -0.09997300608084202 0
218 -0.2272311193462288 -0.1042401957052073 0
219 -0.225242216962544 -0.1084709348065107 0
220 -0.2231745522992109 -0.1126637439731469 0
221 -0.2210288483508581 -0.1168171571161247 0
222 -0.2188058554398921 -0.1209297218437926 0
223 -0.2165063508999058 -0.1250000000800275 0
224 -0.2141311388099415 -0.1290265685506577 0
225 -0.2116810497390883 -0.1330080192370281 0
226 -0.2091569404265482 -0.1369429599191042 0
227 -0.206559693501458 -0.1408300146296369 0
228 -0.2038902171656345 -0.1446678241494991 0
229 -0.2011494448840994 -0.1484550464713769 0
230 -0.1983383350154417 -0.1521903573269425 0
231 -0.1954578705590264 -0.1558724505373894 0
232 -0.1925090587543742 -0.1595000385501674 0
233 -0.1894929307515585 -0.1630718528599742 0
234 -0.1864105411773873 -0.1665866445365702 0
235 -0.1832629679248934 -0.1700431844778247 0
236 -0.1800513116024397 -0.1734402640399315 0
237 -0.1734402640079377 -0.1800513116332588 0
238 -0.1700431844352186 -0.183262967964426 0
239 -0.166586644470849 -0.1864105412361193 0
240 -0.1630718527980683 -0.1894929308048328 0
241 -0.1595000384498781 -0.1925090588374672 0
242 -0.1558724504282138 -0.195457870646091 0
243 -0.1521903572108182 -0.198338335104547 0
244 -0.1484550463320629 -0.2011494449869178 0
245 -0.1446678239705849 -0.2038902172925809 0
246 -0.1408300144213193 -0.2065596936434865 0
247 -0.1369429597113455 -0.2091569405625757 0
248 -0.1330080190529757 -0.211681049854736 0
249 -0.1290265683945806 -0.2141311389039871 0
250 -0.1249999999556071 -0.2165063509717399 0
251 -0.1209297217321519 -0.2188058555015937 0
252 -0.1168171570276161 -0.2210288483976363 0
253 -0.1126637439162445 -0.2231745523279365 0
254 -0.1084709347529706 -0.2252422169883275 0
255 -0.1042401956610777 -0.2272311193664729 0
256 -0.09997300607469876 -0.2291405639697787 0
257 -0.09133525608665094 -0.2327184371629929 0
258 -0.08696771613295338 -0.2343856146409545 0
259 -0.08256976545922221 -0.2359708325874387 0
260 -0.07814294192541971 -0.2374735366882813 0
261 -0.07368879354016679 -0.2388932014658322 0
262 -0.06920887778208235 -0.2402293305076314 0
263 -0.06470476118008553 -0.2414814565978682 0
264 -0.06017801874844698 -0.2426491418890896 0
265 -0.05563023337532081 -0.2437319780714204 0
266 -0.05106299531466292 -0.244729586502112 0
267 -0.04647790164854212 -0.2456416183352252 0
268 -0.04187655569552555 -0.2464677546517587 0
269 -0.03726056643480535 -0.2472077065727472 0
270 -0.03263154794817827 -0.2478612153575177 0
271 -0.02799111892724276 -0.2484280524844184 0
272 -0.02334090203610446 -0.2489080197425165 0
273 -0.01868252333607823 -0.249300949299831 0
274 -0.01401761175894357 -0.249606703757282 0
275 -0.00934779852860447 -0.2498251761986142 0
276 -0.004674716588895789 -0.2499562902285388 0
277 0.004674716618517258 -0.2499562902279848 0
278 0.009347798591857562 -0.2498251761962474 0
279 0.01401761184399407 -0.2496067037525057 0
280 0.01868252344394835 -0.2493009492917472 0
281 0.02334090217130938 -0.2489080197298379 0
282 0.02799111909312847 -0.2484280524657276 0
283 0.03263154813486945 -0.2478612153329393 0
284 0.03726056663478114 -0.2472077065426057 0
285 0.04187655593036162 -0.2464677546118585 0
286 0.04647790190548611 -0.2456416182866088 0
287 0.05106299557148433 -0.244729586448526 0
288 0.05563023360396704 -0.2437319780192334 0
289 0.06017801894681612 -0.2426491418398933 0
290 0.06470476136498507 -0.2414814565483245 0
291 0.06920887793740677 -0.2402293304628832 0
292 0.07368879367305885 -0.2388932014248404 0
293 0.07814294203464998 -0.237473536652338 0
294 0.08256976551901345 -0.2359708325665169 0
295 0.08696771617233182 -0.2343856146263434 0
296 0.09133525610193098 -0.232718437156996 0
297 0.09997300608755061 -0.2291405639641716 0
298 0.1042401957256252 -0.2272311193368624 0
299 0.108470934839349 -0.22524221694673 0
300 0.1126637440153015 -0.2231745522779304 0
301 0.1168171571456841 -0.2210288483352356 0
302 0.1209297218737303 -0.2188058554233462 0
303 0.1250000001132344 -0.2165063508807339 0
304 0.129026568550877 -0.2141311388098094 0
305 0.1330080192226353 -0.211681049748132 0
306 0.1369429599255068 -0.2091569404223563 0
307 0.1408300146373773 -0.2065596934961808 0
308 0.1446678241461324 -0.2038902171680235 0
309 0.1484550464884477 -0.2011494448715007 0
310 0.1521903573137869 -0.1983383350255364 0
311 0.1558724505027788 -0.1954578705866275 0
312 0.1595000385230469 -0.1925090587768446 0
313 0.1630718528597453 -0.1894929307517556 0
314 0.166586644508692 -0.1864105412023009 0
315 0.1700431844730169 -0.1832629679293545 0
316 0.1734402640215296 -0.1800513116201661 0
317 0.1800513116333169 -0.1734402640078773 0
318 0.1832629679591524 -0.1700431844409022 0
319 0.1864105412261735 -0.1665866444819785 0
320 0.1894929308044719 -0.1630718527984877 0
321 0.1925090588426699 -0.1595000384435987 0
322 0.1954578706545071 -0.1558724504176603 0
323 0.1983383351189115 -0.152190357192098 0
324 0.201149444988524 -0.1484550463298865 0
325 0.203890217284509 -0.1446678239819613 0
326 0.2065596936339409 -0.1408300144353202 0
327 0.2091569405599543 -0.1369429597153491 0
328 0.2116810498564144 -0.1330080190503047 0
329 0.2141311389019903 -0.1290265683978946 0
330 0.2165063509700939 -0.124999999958458 0
331 0.2188058554903921 -0.1209297217524198 0
332 0.2210288483868178 -0.1168171570480856 0
333 0.223174552313649 -0.1126637439445465 0
334 0.225242216980328 -0.1084709347695817 0
335 0.2272311193580482 -0.1042401956794425 0
336 0.2291405639662139 -0.09997300608286935 0
337 0.2327184371667093 -0.09133525607718175 0
338 0.234385614645753 -0.08696771612002112 0
339 0.2359708325946938 -0.08256976543848848 0
340 0.2374735366937557 -0.07814294190878329 0
341 0.2388932014737305 -0.07368879351456112 0
342 0.2402293305164128 -0.06920887775160123 0
343 0.2414814566079574 -0.06470476114243209 0
344 0.2426491418976464 -0.06017801871394448 0
345 0.2437319780807852 -0.05563023333429083 0
346 0.2447295865090235 -0.05106299528153792 0
347 0.2456416183409722 -0.04647790161816864 0
348 0.2464677546547608 -0.041876555677857 0
349 0.2472077065759228 -0.03726056641373644 0
350 0.2478612153583916 -0.03263154794153991 0
351 0.2484280524853131 -0.02799111891930242 0
352 0.2489080197453287 -0.02334090200611497 0
353 0.2493009493033268 -0.01868252328943008 0
354 0.2496067037585373 -0.01401761173658989 0
355 0.2498251761989632 -0.009347798519278153 0
356 0.2499562902286379 -0.00467471658359804 0
357 0.2599545418370889 0.004861705284074811 0
358 0.2598181832440418 0.009721710537015411 0
359 0.2595909719022921 0.0145783163233405 0
360 0.2592729872628265 0.01942982438958709 0
361 0.2588643405182324 0.02427453826668267 0
362 0.258365174563058 0.02911076386837992 0
363 0.2577756639437222 0.03393681007951681 0
364 0.2570960148015213 0.03875098931867337 0
365 0.2563264647932006 0.04355161818601096 0
366 0.2554672830141758 0.04833701800230335 0
367 0.2545187699061061 0.05310551539607356 0
368 0.2534812571401587 0.05785544294744237 0
369 0.2523551075114225 0.06258513971302139 0
370 0.2511407148118315 0.06729295181370998 0
371 0.249838503680819 0.07197723305691472 0
372 0.2484489294800512 0.07663634542576088 0
373 0.2469724781196495 0.08126865971233464 0
374 0.2454096658672618 0.08587255614524887 0
375 0.2437610392117968 0.09044642481814785 0
376 0.2420271746445319 0.09498866634280781 0
377 0.2383061865254727 0.1039719263247853 0
378 0.2363203641244932 0.1084098035237909 0
379 0.2342519056464127 0.1128097721876263 0
380 0.2321015343894464 0.1171702937355055 0
381 0.2298700022797831 0.1214898434104371 0
382 0.2275580896594657 0.1257669107139656 0
383 0.2251666049332594 0.1300000000878057 0
384 0.2226963843697787 0.1341876312803374 0
385 0.2201482917453946 0.1383283399798631 0
386 0.2175232180663004 0.1424206782812129 0
387 0.214822081274066 0.1464632151670807 0
388 0.2120458258785563 0.1504545370784178 0
389 0.2091954226891614 0.1543932483170915 0
390 0.2062718684327723 0.1582779715982395 0
391 0.2032761853831251 0.1621073485567059 0
392 0.2002094211012417 0.1658800400961661 0
393 0.1970726479714353 0.169594726986209 0
394 0.1938669628336435 0.1732501103077823 0
395 0.1905934866432739 0.1768449118554452 0
396 0.1872533640858211 0.18037787458151 0
397 0.180377874580254 0.1872533640870309 0
398 0.1768449118312621 0.1905934866657126 0
399 0.173250110256771 0.1938669628792299 0
400 0.1695947269129937 0.1970726480344421 0
401 0.1658800399912566 0.2002094211881627 0
402 0.1621073484593992 0.2032761854607246 0
403 0.1582779715083897 0.2062718685017164 0
404 0.1543932482178751 0.2091954227623865 0
405 0.1504545369716668 0.2120458259543002 0
406 0.1464632150552917 0.2148220813502825 0
407 0.1424206781675009 0.2175232181407519 0
408 0.1383283398439768 0.2201482918307777 0
409 0.1341876311482174 0.2226963844493887 0
410 0.1299999999612337 0.2251666050063358 0
411 0.1257669105923525 0.2275580897266788 0
412 0.1214898432960478 0.2298700023402396 0
413 0.1171702936703469 0.23210153442234 0
414 0.1128097721526753 0.2342519056632443 0
415 0.108409803515092 0.2363203641284838 0
416 0.103971926324717 0.2383061865255026 0
417 0.09498866631820066 0.2420271746541895 0
418 0.09044642475592127 0.2437610392348857 0
419 0.0858725560625325 0.2454096658962056 0
420 0.08126865960437202 0.2469724781551757 0
421 0.07663634527204324 0.2484489295274668 0
422 0.07197723288365715 0.2498385037307336 0
423 0.06729295161840632 0.251140714864163 0
424 0.06258513947850056 0.2523551075695846 0
425 0.05785544268170938 0.2534812572008105 0
426 0.0531055151132353 0.2545187699651206 0
427 0.04833701771033892 0.2554672830694185 0
428 0.04355161791448558 0.2563264648393346 0
429 0.03875098907786612 0.2570960148378172 0
430 0.0339368098812606 0.2577756639698231 0
431 0.02911076368141903 0.2583651745841234 0
432 0.02427453810840846 0.2588643405330743 0
433 0.0194298242867824 0.2592729872705307 0
434 0.01457831622261976 0.2595909719079485 0
435 0.00972171046591748 0.2598181832467021 0
436 0.004861705252654516 0.2599545418376765 0
437 -0.004861705284074796 0.2599545418370889 0
438 -0.009721710537015395 0.2598181832440418 0
439 -0.01457831632334049 0.2595909719022921 0
440 -0.01942982438958708 0.2592729872628265 0
441 -0.02427453826668266 0.2588643405182324 0
442 -0.0291107638683799 0.258365174563058 0
443 -0.03393681007951679 0.2577756639437222 0
444 -0.03875098931867335 0.2570960148015213 0
445 -0.04355161818601095 0.2563264647932006 0
446 -0.04833701800230333 0.2554672830141758 0
447 -0.05310551539607355 0.2545187699061061 0
448 -0.05785544294744236 0.2534812571401587 0
449 -0.06258513971302138 0.2523551075114225 0
450 -0.06729295181370996 0.2511407148118315 0
451 -0.07197723305691471 0.249838503680819 0
452 -0.07663634542576087 0.2484489294800512 0
453 -0.08126865971233463 0.2469724781196495 0
454 -0.08587255614524886 0.2454096658672618 0
455 -0.09044642481814784 0.2437610392117968 0
456 -0.0949886663428078 0.2420271746445319 0
457 -0.1039719262958843 0.2383061865380822 0
458 -0.1084098035016876 0.2363203641346329 0
459 -0.1128097721687122 0.2342519056555213 0
460 -0.1171702937880941 0.2321015343628984 0
461 -0.1214898434014711 0.2298700022845217 0
462 -0.1257669107370071 0.227558089646731 0
463 -0.1300000000297301 0.2251666049667894 0
464 -0.1341876313092011 0.2226963843523866 0
465 -0.1383283399522818 0.2201482917627252 0
466 -0.1424206783506213 0.2175232180208561 0
467 -0.1464632152278902 0.2148220812326068 0
468 -0.150454537203731 0.2120458257896418 0
469 -0.1543932483817712 0.2091954226414257 0
470 -0.1582779716752907 0.2062718683736487 0
471 -0.1621073485457567 0.2032761853918569 0
472 -0.1658800400739389 0.2002094211196576 0
473 -0.1695947269142616 0.197072648033351 0
474 -0.1732501103234834 0.193866962819612 0
475 -0.1768449118889155 0.1905934866122179 0
476 -0.1803778745923577 0.1872533640753716 0
477 -0.187253364095811 0.1803778745711393 0
478 -0.1905934866724999 0.176844911823947 0
479 -0.1938669628840955 0.1732501102513264 0
480 -0.197072648037459 0.169594726909488 0
481 -0.2002094211951154 0.165880039982865 0
482 -0.2032761854698214 0.1621073484479922 0
483 -0.206271868520991 0.1582779714832705 0
484 -0.2091954227784598 0.1543932481960966 0
485 -0.2120458259839181 0.1504545369299243 0
486 -0.2148220813831947 0.1464632150070184 0
487 -0.2175232181860528 0.1424206780983115 0
488 -0.2201482918625977 0.1383283397933355 0
489 -0.2226963844738798 0.1341876311075723 0
490 -0.2251666050297912 0.1299999999206077 0
491 -0.2275580897360647 0.12576691057537 0
492 -0.2298700023495684 0.1214898432783968 0
493 -0.2321015344250997 0.1171702936648801 0
494 -0.2342519056737484 0.1128097721308631 0
495 -0.2363203641366477 0.1084098034972955 0
496 -0.2383061865334997 0.1039719263063874 0
497 -0.242027174652719 0.0949886663219473 0
498 -0.2437610392337144 0.09044642475907794 0
499 -0.2454096658949119 0.08587255606622919 0
500 -0.2469724781515261 0.08126865961546302 0
501 -0.2484489295228682 0.07663634528695146 0
502 -0.2498385037224539 0.07197723291239636 0
503 -0.2511407148575244 0.06729295164318189 0
504 -0.2523551075642935 0.0625851394998353 0
505 -0.2534812571962843 0.05785544270153974 0
506 -0.2545187699620687 0.05310551512786178 0
507 -0.2554672830668492 0.04833701772391781 0
508 -0.2563264648378217 0.04355161792339038 0
509 -0.2570960148365271 0.03875098908642555 0
510 -0.2577756639686158 0.03393680989043092 0
511 -0.258365174583506 0.02911076368689872 0
512 -0.2588643405331306 0.02427453810780707 0
513 -0.2592729872708538 0.01942982428247061 0
514 -0.2595909719081004 0.01457831621991572 0
515 -0.2598181832468121 0.009721710462978747 0
516 -0.2599545418377064 0.004861705251052978 0
517 -0.2599545418370889 -0.004861705284074779 0
518 -0.2598181832440418 -0.00972171053701538 0
519 -0.2595909719022921 -0.01457831632334047 0
520 -0.2592729872628265 -0.01942982438958706 0
521 -0.2588643405182324 -0.02427453826668264 0
522 -0.258365174563058 -0.02911076386837989 0
523 -0.2577756639437222 -0.03393681007951677 0
524 -0.2570960148015213 -0.03875098931867333 0
525 -0.2563264647932006 -0.04355161818601093 0
526 -0.2554672830141758 -0.04833701800230331 0
527 -0.2545187699061061 -0.05310551539607353 0
528 -0.2534812571401587 -0.05785544294744235 0
529 -0.2523551075114225 -0.06258513971302136 0
530 -0.2511407148118315 -0.06729295181370995 0
531 -0.249838503680819 -0.0719772330569147 0
532 -0.2484489294800512 -0.07663634542576085 0
533 -0.2469724781196495 -0.08126865971233461 0
534 -0.2454096658672618 -0.08587255614524884 0
535 -0.2437610392117968 -0.09044642481814782 0
536 -0.2420271746445319 -0.09498866634280778 0
537 -0.2383061865382995 -0.103971926295386 0
538 -0.2363203641352816 -0.1084098035002735 0
539 -0.2342519056604905 -0.1128097721583936 0
540 -0.2321015343702264 -0.1171702937735782 0
541 -0.2298700022954321 -0.1214898433808277 0
542 -0.2275580896646878 -0.1257669107045168 0
543 -0.225166604991119 -0.1299999999875898 0
544 -0.2226963843775786 -0.1341876312673927 0
545 -0.2201482917859451 -0.1383283399153274 0
546 -0.2175232180550665 -0.1424206782983707 0
547 -0.214822081268084 -0.1464632151758547 0
548 -0.2120458258208838 -0.1504545371596995 0
549 -0.2091954226695575 -0.1543932483436539 0
550 -0.2062718683960701 -0.1582779716460706 0
551 -0.2032761854015894 -0.1621073485335525 0
552 -0.200209421124436 -0.1658800400681716 0
553 -0.1970726480425915 -0.1695947269035239 0
554 -0.1938669628239724 -0.1732501103186041 0
555 -0.1905934866116049 -0.1768449118895762 0
556 -0.1872533640696757 -0.1803778745982707 0
557 -0.1803778745705847 -0.1872533640963452 0
558 -0.1768449118080564 -0.1905934866872442 0
559 -0.173250110243973 -0.1938669628906668 0
560 -0.1695947268873385 -0.1970726480565201 0
561 -0.1658800399762729 -0.2002094212005771 0
562 -0.1621073484490919 -0.2032761854689445 0
563 -0.1582779714926553 -0.2062718685137898 0
564 -0.1543932481898432 -0.2091954227830749 0
565 -0.1504545369205893 -0.2120458259905415 0
566 -0.1464632150089183 -0.2148220813818993 0
567 -0.1424206781052733 -0.2175232181814946 0
568 -0.1383283398095948 -0.2201482918523813 0
569 -0.1341876311292808 -0.2226963844607992 0
570 -0.129999999963045 -0.22516660500529 0
571 -0.1257669105934699 -0.2275580897260612 0
572 -0.1214898433068807 -0.2298700023345142 0
573 -0.1171702936562857 -0.2321015344294384 0
574 -0.1128097721344989 -0.2342519056719976 0
575 -0.1084098034851483 -0.2363203641422201 0
576 -0.1039719263019155 -0.2383061865354507 0
577 -0.09498866633468264 -0.2420271746477208 0
578 -0.09044642478280135 -0.243761039224912 0
579 -0.08587255607895233 -0.2454096658904599 0
580 -0.08126865962475502 -0.2469724781484684 0
581 -0.07663634529566524 -0.2484489295201804 0
582 -0.07197723291164657 -0.24983850372267 0
583 -0.06729295164409554 -0.2511407148572796 0
584 -0.06258513950156866 -0.2523551075638636 0
585 -0.05785544272398271 -0.2534812571911619 0
586 -0.05310551513632352 -0.2545187699603031 0
587 -0.04833701772307186 -0.2554672830670093 0
588 -0.04355161793552385 -0.2563264648357601 0
589 -0.03875098910011689 -0.2570960148344634 0
590 -0.03393680986604302 -0.2577756639718266 0
591 -0.02911076366642848 -0.2583651745858125 0
592 -0.02427453810645316 -0.2588643405332576 0
593 -0.01942982426549514 -0.2592729872721259 0
594 -0.0145783162203464 -0.2595909719080762 0
595 -0.009721710464243055 -0.2598181832467648 0
596 -0.004861705259829527 -0.2599545418375423 0
597 0.004861705281602715 -0.2599545418371351 0
598 0.009721710530984121 -0.2598181832442675 0
599 0.01457831631180623 -0.2595909719029399 0
600 0.01942982437545215 -0.2592729872638858 0
601 0.02427453824990621 -0.2588643405198056 0
602 0.02911076384665508 -0.2583651745655058 0
603 0.03393681005700338 -0.2577756639466862 0
604 0.03875098930933377 -0.257096014802929 0
605 0.04355161817198874 -0.2563264647955831 0
606 0.04833701799398839 -0.2554672830157491 0
607 0.05310551539927191 -0.2545187699054388 0
608 0.05785544294986577 -0.2534812571396055 0
609 0.06258513970838617 -0.252355107512572 0
610 0.06729295182749162 -0.2511407148081388 0
611 0.07197723307007076 -0.2498385036770287 0
612 0.07663634542904137 -0.2484489294790393 0
613 0.08126865972458812 -0.2469724781156174 0
614 0.08587255615465186 -0.2454096658639716 0
615 0.09044642482931597 -0.2437610392076529 0
616 0.09498866634626657 -0.2420271746431744 0
617 0.103971926323062 -0.2383061865262247 0
618 0.1084098035143864 -0.2363203641288075 0
619 0.1128097721723314 -0.2342519056537784 0
620 0.1171702937235472 -0.2321015343954832 0
621 0.1214898433837235 -0.2298700022939016 0
622 0.1257669107034763 -0.2275580896652628 0
623 0.1300000000654208 -0.2251666049461833 0
624 0.134187631262715 -0.2226963843803973 0
625 0.1383283399703499 -0.2201482917513722 0
626 0.142420678301322 -0.2175232180531341 0
627 0.146463215180255 -0.2148220812650839 0
628 0.1504545370796856 -0.2120458258776567 0
629 0.1543932483234814 -0.2091954226844455 0
630 0.158277971612503 -0.2062718684218274 0
631 0.1621073485387829 -0.2032761853974183 0
632 0.1658800400792031 -0.2002094211152961 0
633 0.1695947269790375 -0.1970726479776068 0
634 0.1732501102986707 -0.1938669628417861 0
635 0.1768449118435985 -0.190593486654266 0
636 0.1803778745881656 -0.1872533640794098 0
637 0.1872533641460695 -0.1803778745189651 0
638 0.1905934866709107 -0.1768449118256598 0
639 0.1938669629426432 -0.1732501101858114 0
640 0.1970726480636631 -0.1695947268790381 0
641 0.2002094212342058 -0.1658800399356845 0
642 0.2032761855724555 -0.1621073483192932 0
643 0.2062718685556259 -0.1582779714381334 0
644 0.2091954228599289 -0.1543932480857098 0
645 0.2120458260298368 -0.1504545368652078 0
646 0.2148220813740782 -0.1464632150203897 0
647 0.2175232182357448 -0.1424206780224155 0
648 0.22014829187697 -0.1383283397704621 0
649 0.2226963844737764 -0.1341876311077438 0
650 0.2251666050598148 -0.1299999998686054 0
651 0.2275580897473831 -0.125766910554891 0
652 0.2298700023700876 -0.1214898432395726 0
653 0.2321015344416703 -0.1171702936320557 0
654 0.2342519056602436 -0.1128097721589061 0
655 0.2363203641330676 -0.1084098035050996 0
656 0.2383061864990394 -0.1039719263853712 0
657 0.2420271746476984 -0.09498866633473976 0
658 0.2437610392254145 -0.09044642478144696 0
659 0.2454096658935031 -0.0858725560702555 0
660 0.2469724781543133 -0.08126865960699288 0
661 0.2484489295288758 -0.07663634526747548 0
662 0.249838503732329 -0.0719772328781194 0
663 0.2511407148661957 -0.06729295161082044 0
664 0.2523551075686129 -0.0625851394824187 0
665 0.2534812571966185 -0.05785544270007575 0
666 0.254518769963117 -0.05310551512283791 0
667 0.2554672830696272 -0.0483370177092356 0
668 0.2563264648358916 -0.04355161793474997 0
669 0.2570960148337835 -0.03875098910462769 0
670 0.2577756639698986 -0.03393680988068726 0
671 0.2583651745822914 -0.02911076369767902 0
672 0.2588643405314176 -0.024274538126075 0
673 0.2592729872734488 -0.0194298242478433 0
674 0.2595909719084058 -0.01457831621447656 0
675 0.2598181832465623 -0.009721710469654352 0
676 0.2599545418377414 -0.004861705249185319 0
677 -0.7000000000001849 -0.75 0
678 -0.6500000000003697 -0.75 0
679 -0.6000000000005545 -0.75 0
680 -0.5500000000007395 -0.75 0
681 -0.5000000000009244 -0.75 0
682 -0.4500000000011093 -0.75 0
683 -0.4000000000012943 -0.75 0
684 -0.3500000000014792 -0.75 0
685 -0.3000000000016642 -0.75 0
686 -0.2500000000018491 -0.75 0
687 -0.2000000000020341 -0.75 0
688 -0.1500000000022191 -0.75 0
689 -0.1000000000024039 -0.75 0
690 -0.05000000000258897 -0.75 0
691 -2.752242878045763e-12 -0.75 0
692 0.04999999999741145 -0.75 0
693 0.09999999999759623 -0.75 0
694 0.1499999999977812 -0.75 0
695 0.199999999997966 -0.75 0
696 0.249999999998151 -0.75 0
697 0.2999999999983358 -0.75 0
698 0.3499999999985208 -0.75 0
699 0.3999999999987056 -0.75 0
700 0.4499999999988906 -0.75 0
701 0.4999999999990754 -0.75 0
702 0.5499999999992604 -0.75 0
703 0.5999999999994454 -0.75 0
704 0.6499999999996302 -0.75 0
705 0.699999999999815 -0.75 0
706 0.75 -0.7000000000001849 0
707 0.75 -0.6500000000003697 0
708 0.75 -0.6000000000005545 0
709 0.75 -0.5500000000007395 0
710 0.75 -0.5000000000009244 0
711 0.75 -0.4500000000011093 0
712 0.75 -0.4000000000012943 0
713 0.75 -0.3500000000014792 0
714 0.75 -0.3000000000016642 0
715 0.75 -0.2500000000018491 0
716 0.75 -0.2000000000020341 0
717 0.75 -0.1500000000022191 0
718 0.75 -0.1000000000024039 0
719 0.75 -0.05000000000258897 0
720 0.75 -2.752242878045763e-12 0
721 0.75 0.04999999999741145 0
722 0.75 0.09999999999759623 0
723 0.75 0.1499999999977812 0
724 0.75 0.199999999997966 0
725 0.75 0.249999999998151 0
726 0.75 0.2999999999983358 0
727 0.75 0.3499999999985208 0
728 0.75 0.3999999999987056 0
729 0.75 0.4499999999988906 0
730 0.75 0.4999999999990754 0
731 0.75 0.5499999999992604 0
732 0.75 0.5999999999994454 0
733 0.75 0.6499999999996302 0
734 0.75 0.699999999999815 0
735 0.7000000000001849 0.75 0
736 0.6500000000003697 0.75 0
737 0.6000000000005545 0.75 0
738 0.5500000000007395 0.75 0
739 0.5000000000009244 0.75 0
740 0.4500000000011093 0.75 0
741 0.4000000000012943 0.75 0
742 0.3500000000014792 0.75 0
743 0.3000000000016642 0.75 0
744 0.2500000000018491 0.75 0
745 0.2000000000020341 0.75 0
746 0.1500000000022191 0.75 0
747 0.1000000000024039 0.75 0
748 0.05000000000258897 0.75 0
749 2.752242878045763e-12 0.75 0
750 -0.04999999999741145 0.75 0
751 -0.09999999999759623 0.75 0
752 -0.1499999999977812 0.75 0
753 -0.199999999997966 0.75 0
754 -0.249999999998151 0.75 0
755 -0.2999999999983358 0.75 0
756 -0.3499999999985208 0.75 0
757 -0.3999999999987056 0.75 0
758 -0.4499999999988906 0.75 0
759 -0.4999999999990754 0.75 0
760 -0.5499999999992604 0.75 0
761 -0.5999999999994454 0.75 0
762 -0.6499999999996302 0.75 0
763 -0.699999999999815 0.75 0
764 -0.75 0.7000000000001849 0
765 -0.75 0.6500000000003697 0
766 -0.75 0.6000000000005545 0
767 -0.75 0.5500000000007395 0
768 -0.75 0.5000000000009244 0
769 -0.75 0.4500000000011093 0
770 -0.75 0.4000000000012943 0
771 -0.75 0.3500000000014792 0
772 -0.75 0.3000000000016642 0
773 -0.75 0.2500000000018491 0
774 -0.75 0.2000000000020341 0
775 -0.75 0.1500000000022191 0
776 -0.75 0.1000000000024039 0
777 -0.75 0.05000000000258897 0
778 -0.75 2.752242878045763e-12 0
779 -0.75 -0.04999999999741145 0
780 -0.75 -0.09999999999759623 0
781 -0.75 -0.1499999999977812 0
782 -0.75 -0.199999999997966 0
783 -0.75 -0.249999999998151 0
784 -0.75 -0.2999999999983358 0
785 -0.75 -0.3499999999985208 0
786 -0.75 -0.3999999999987056 0
787 -0.75 -0.4499999999988906 0
788 -0.75 -0.4999999999990754 0
789 -0.75 -0.5499999999992604 0
790 -0.75 -0.5999999999994454 0
791 -0.75 -0.6499999999996302 0
792 -0.75 -0.699999999999815 0
793 0.2512499999999946 0 0
794 0.2524999999999892 0 0
795 0.2537499999999838 0 0
796 0.2549999999999783 0 0
797 0.2562499999999729 0 0
798 0.2574999999999892 0 0
799 0.2587500000000054 0 0
800 0.2321247325434619 0.09614921238172927 0
801 0.2332795819591077 0.09662756667218841 0
802 0.2344344313747508 0.09710592096264642 0
803 0.2355892807903643 0.09758427525309214 0
804 0.2367441302060054 0.09806262954354937 0
805 0.2378989796216466 0.09854098383400658 0
806 0.2390538290372924 0.09901933812446573 0
807 0.1776605787731214 0.1776605787731214 0
808 0.1785444622496005 0.1785444622496005 0
809 0.1794283457260797 0.1794283457260796 0
810 0.1803122292025615 0.1803122292025615 0
811 0.1811961126790433 0.1811961126790433 0
812 0.1820799961555279 0.1820799961555278 0
813 0.1829638796320178 0.1829638796320178 0
814 0.09614921238172919 0.2321247325434617 0
815 0.09662756667218822 0.2332795819591072 0
816 0.09710592096264534 0.2344344313747482 0
817 0.09758427525309096 0.2355892807903613 0
818 0.09806262954354888 0.2367441302060042 0
819 0.09854098383400679 0.2378989796216471 0
820 0.09901933812446663 0.2390538290372946 0
821 1.538462541428829e-17 0.2512499999999946 0
822 1.546116583923467e-17 0.2524999999999892 0
823 1.553770626418105e-17 0.2537499999999838 0
824 1.561424668912743e-17 0.2549999999999783 0
825 1.569078711407381e-17 0.2562499999999729 0
826 1.576732753902151e-17 0.2574999999999892 0
827 1.584386796396922e-17 0.2587500000000054 0
828 -0.09614921238172916 0.2321247325434617 0
829 -0.09662756667218819 0.2332795819591072 0
830 -0.09710592096264531 0.2344344313747482 0
831 -0.09758427525309094 0.2355892807903613 0
832 -0.09806262954354886 0.2367441302060042 0
833 -0.09854098383400677 0.2378989796216471 0
834 -0.0990193381244666 0.2390538290372946 0
835 -0.1776605787731214 0.1776605787731214 0
836 -0.1785444622496005 0.1785444622496005 0
837 -0.1794283457260796 0.1794283457260797 0
838 -0.1803122292025615 0.1803122292025615 0
839 -0.1811961126790433 0.1811961126790433 0
840 -0.1820799961555278 0.1820799961555279 0
841 -0.1829638796320178 0.1829638796320178 0
842 -0.2321247325434619 0.0961492123817293 0
843 -0.2332795819591077 0.09662756667218844 0
844 -0.2344344313747508 0.09710592096264645 0
845 -0.2355892807903643 0.09758427525309217 0
846 -0.2367441302060054 0.0980626295435494 0
847 -0.2378989796216466 0.09854098383400661 0
848 -0.2390538290372924 0.09901933812446576 0
849 -0.2512499999999946 3.076925082857659e-17 0
850 -0.2524999999999892 3.092233167846934e-17 0
851 -0.2537499999999838 3.10754125283621e-17 0
852 -0.2549999999999783 3.122849337825486e-17 0
853 -0.2562499999999729 3.138157422814761e-17 0
854 -0.2574999999999892 3.153465507804302e-17 0
855 -0.2587500000000054 3.168773592793843e-17 0
856 -0.2321247325434585 -0.0961492123817278 0
857 -0.2332795819591008 -0.0966275666721855 0
858 -0.2344344313747404 -0.09710592096264208 0
859 -0.2355892807903781 -0.09758427525309786 0
860 -0.2367441302060159 -0.09806262954355364 0
861 -0.2378989796216536 -0.09854098383400943 0
862 -0.2390538290372959 -0.09901933812446713 0
863 -0.1776605787731201 -0.1776605787731201 0
864 -0.1785444622496033 -0.1785444622496032 0
865 -0.1794283457260756 -0.1794283457260756 0
866 -0.1803122292025588 -0.1803122292025588 0
867 -0.181196112679042 -0.181196112679042 0
868 -0.1820799961555252 -0.1820799961555251 0
869 -0.1829638796320192 -0.1829638796320192 0
870 -0.0961492123817303 -0.232124732543464 0
871 -0.09662756667218875 -0.2332795819591081 0
872 -0.09710592096264528 -0.2344344313747476 0
873 -0.09758427525309149 -0.2355892807903623 0
874 -0.09806262954355001 -0.2367441302060066 0
875 -0.09854098383400654 -0.2378989796216461 0
876 -0.09901933812446578 -0.2390538290372921 0
877 -4.615387624286488e-17 -0.2512499999999946 0
878 -4.638349751770401e-17 -0.2524999999999892 0
879 -4.661311879254314e-17 -0.2537499999999838 0
880 -4.684274006738227e-17 -0.2549999999999783 0
881 -4.707236134222141e-17 -0.2562499999999729 0
882 -4.730198261706452e-17 -0.2574999999999892 0
883 -4.753160389190764e-17 -0.2587500000000054 0
884 0.09614921238172788 -0.2321247325434584 0
885 0.09662756667218558 -0.2332795819591008 0
886 0.09710592096264216 -0.2344344313747404 0
887 0.09758427525309794 -0.2355892807903781 0
888 0.09806262954355373 -0.2367441302060158 0
889 0.09854098383400951 -0.2378989796216535 0
890 0.09901933812446721 -0.2390538290372959 0
891 0.1776605787731214 -0.1776605787731215 0
892 0.1785444622496005 -0.1785444622496006 0
893 0.1794283457260796 -0.1794283457260797 0
894 0.1803122292025614 -0.1803122292025615 0
895 0.1811961126790433 -0.1811961126790434 0
896 0.1820799961555278 -0.1820799961555279 0
897 0.1829638796320178 -0.1829638796320179 0
898 0.2321247325434638 -0.09614921238173021 0
899 0.2332795819591077 -0.09662756667218857 0
900 0.2344344313747488 -0.09710592096264579 0
901 0.2355892807903632 -0.09758427525309191 0
902 0.2367441302060054 -0.09806262954354952 0
903 0.2378989796216466 -0.09854098383400675 0
904 0.2390538290372904 -0.0990193381244651 0
905 0.2512060716791028 0.0046980902025055 0
906 0.2510743020771576 0.009394537586588515 0
907 0.2508547372710044 0.01408769990782907 0
908 0.2505474540378875 0.01877593606536159 0
909 0.2501525598278381 0.02345760668904529 0
910 0.249670192726981 0.02813107469810589 0
911 0.2491005214079665 0.03279470588795711 0
912 0.2484437450740491 0.03744686947635856 0
913 0.2477000933833194 0.04208593871940571 0
914 0.2468698263756644 0.04671029142756637 0
915 0.2459532343816003 0.05131831054534646 0
916 0.2449506379105852 0.05590838476647785 0
917 0.2438623875479874 0.06047890904600185 0
918 0.2426888638323363 0.06502828516706582 0
919 0.2414304771142779 0.06955492233028363 0
920 0.2400876674321434 0.07405723764084338 0
921 0.2386609043364488 0.07853365674224271 0
922 0.2371506867282181 0.08298261434984247 0
923 0.2355575427021385 0.08740255474601707 0
924 0.233882029343851 0.09179193237971679 0
925 0.2524558531302381 0.004721463785586964 0
926 0.2523234279581361 0.009441276579506911 0
927 0.2521027707897555 0.01415778796718825 0
928 0.2517939587843037 0.01886934868310863 0
929 0.2513970999264628 0.02357431120013702 0
930 0.2509123329892752 0.02827103029386015 0
931 0.2503398274845012 0.03295786362960944 0
932 0.2496797836065439 0.03763317231097606 0
933 0.248932432156159 0.04229532150035054 0
934 0.2480980344668803 0.04694268093824445 0
935 0.2471768823136732 0.05157362552402325 0
936 0.2461692978005256 0.05618653593518869 0
937 0.2450756332570514 0.06077979914129212 0
938 0.2438962711151238 0.06535180897373116 0
939 0.242631623766644 0.06990096671980439 0
940 0.2412821334389912 0.07442568161011948 0
941 0.2398482720197676 0.07892437145225815 0
942 0.2383305408909437 0.08339546317776014 0
943 0.2367294707749524 0.08783739332775259 0
944 0.2350456215296688 0.09224860866016107 0
945 0.2537056345813733 0.004744837368668377 0
946 0.2535725538391143 0.009488015572425202 0
947 0.2533508043085063 0.01422787602654727 0
948 0.2530404635307194 0.01896276130085546 0
949 0.2526416400250867 0.02369101571122848 0
950 0.2521544732515687 0.02841098588961406 0
951 0.251579133561035 0.03312102137126139 0
952 0.2509158221390377 0.03781947514559308 0
953 0.2501647709289974 0.04250470428129488 0
954 0.249326242558095 0.04717507044892195 0
955 0.2484005302457447 0.05182894050269943 0
956 0.2473879576904644 0.0564646871038989 0
957 0.2462888789661138 0.06108068923658167 0
958 0.2451036783979096 0.06567533278039576 0
959 0.2438327704190082 0.07024701110932431 0
960 0.2424765994458368 0.0747941255793947 0
961 0.2410356397030842 0.07931508616227266 0
962 0.2395103950536668 0.08380831200567677 0
963 0.2379013988477639 0.08827223190948714 0
964 0.236209213715484 0.09270528494060426 0
965 0.2549554160325069 0.004768210951749196 0
966 0.2548216797200897 0.009534754565342305 0
967 0.2545988378272525 0.01429796408590451 0
968 0.2542869682771292 0.01905617391859991 0
969 0.2538861801237035 0.02380772022231698 0
970 0.2533966135138534 0.02855094148536442 0
971 0.2528184396375586 0.0332841791129092 0
972 0.2521518606715198 0.0380057779802054 0
973 0.2513971097018227 0.0427140870622339 0
974 0.2505544506492952 0.04740745995959358 0
975 0.2496241781778002 0.05208425548136914 0
976 0.2486066175803859 0.05674283827260199 0
977 0.2475021246751575 0.06138157933186356 0
978 0.2463110856806752 0.06599885658705211 0
979 0.245033917071351 0.07059305549883542 0
980 0.2436710654526596 0.07516256954866048 0
981 0.2422230073863766 0.07970580087227719 0
982 0.2406902492163644 0.08422116083358287 0
983 0.2390733269205485 0.0887070704912105 0
984 0.2373728059012709 0.09316196122103576 0
985 0.2562051974836421 0.004791584534830568 0
986 0.2560708056010677 0.009581493558260521 0
987 0.2558468713460028 0.01436805214526342 0
988 0.2555334730235443 0.01914958653634658 0
989 0.255130720222327 0.02392442473340825 0
990 0.2546387537761464 0.02869089708111812 0
991 0.2540577457140917 0.0334473368545609 0
992 0.2533878992040128 0.03819208081482215 0
993 0.2526294484746603 0.04292346984317789 0
994 0.2517826587405089 0.04763984947027072 0
995 0.2508478261098707 0.05233957046004493 0
996 0.2498252774703235 0.05702098944131174 0
997 0.2487153703842186 0.06168246942715266 0
998 0.2475184929634597 0.06632238039371616 0
999 0.2462350637237138 0.07093909988835483 0
1000 0.2448655314595037 0.07553101351793515 0
1001 0.2434103750696915 0.08009651558229104 0
1002 0.241870103379086 0.08463400966149888 0
1003 0.2402452549933582 0.08914190907294429 0
1004 0.2385363980870842 0.09361863750147821 0
1005 0.2574549789347979 0.004814958117911946 0
1006 0.2573199314820654 0.009628232551178745 0
1007 0.2570949048647719 0.01443814020462234 0
1008 0.2567799777699773 0.01924299915409328 0
1009 0.2563752603209672 0.02404112924449954 0
1010 0.2558808940384548 0.02883085267687183 0
1011 0.2552970517906394 0.0336104945962126 0
1012 0.2546239377365195 0.03837838364943893 0
1013 0.2538617872475105 0.04313285262412193 0
1014 0.2530108668317341 0.0478722389809479 0
1015 0.2520714740419517 0.05259488543872073 0
1016 0.2510439373602706 0.05729914061002152 0
1017 0.2499286160932882 0.06198335952244175 0
1018 0.2487259002462515 0.06664590420038023 0
1019 0.247436210376083 0.07128514427787423 0
1020 0.2460599974663533 0.07589945748720982 0
1021 0.2445977427530108 0.08048723029230495 0
1022 0.2430499575418107 0.08504685848941487 0
1023 0.2414171830661701 0.0895767476546781 0
1024 0.2396999902728987 0.09407531378192067 0
1025 0.2587047603859537 0.004838331700993416 0
1026 0.2585690573630636 0.009674971544097155 0
1027 0.2583429383835416 0.01450822826398154 0
1028 0.2580264825164111 0.01933641177184034 0
1029 0.2576198004196086 0.0241578337555913 0
1030 0.2571230343007648 0.02897080827262611 0
1031 0.2565363578671888 0.03377365233786497 0
1032 0.255859976269028 0.03856468648405646 0
1033 0.2550941260203626 0.04334223540506679 0
1034 0.2542390749229616 0.04810462849162601 0
1035 0.2532951219740352 0.05285020041739756 0
1036 0.2522625972502205 0.05757729177873239 0
1037 0.2511418618023607 0.06228424961773206 0
1038 0.2499333075290465 0.06696942800704564 0
1039 0.2486373570284555 0.07163118866739504 0
1040 0.2472544634732063 0.07626790145648593 0
1041 0.2457851104363338 0.08087794500232043 0
1042 0.2442298117045394 0.08545970731733253 0
1043 0.2425891111389862 0.09001158623641366 0
1044 0.2408635824587176 0.09453199006236494 0
1045 0.230286266793472 0.1004728710962638 0
1046 0.2283672749467138 0.1047613966755533 0
1047 0.2263684280495651 0.1090132894759603 0
1048 0.2242904250246028 0.113227062764534 0
1049 0.2221339925828808 0.1174012429201213 0
1050 0.2198998847014593 0.1215343704812989 0
1051 0.2175888826731657 0.1256250000479366 0
1052 0.2152017944776196 0.12967170143718 0
1053 0.2127394550094651 0.1336730592987104 0
1054 0.2102027251104894 0.137627674746487 0
1055 0.2075924919669115 0.1415341647058002 0
1056 0.2049096682128904 0.145391163324612 0
1057 0.2021551920863925 0.149197321733718 0
1058 0.1993300266548647 0.1529513091600454 0
1059 0.1964351599235182 0.1566518127754119 0
1060 0.1934716040638177 0.1602975387240062 0
1061 0.1904403954455411 0.1638872120775346 0
1062 0.1873425938750275 0.1674195777684838 0
1063 0.184179282735049 0.1708934004319764 0
1064 0.1809515681904675 0.1743074653289742 0
1065 0.2314319696123356 0.1009727361289123 0
1066 0.2295034305435453 0.1052825976538752 0
1067 0.2274946391348343 0.1095556441490573 0
1068 0.2254062977910138 0.1137903814746744 0
1069 0.2232391368252998 0.1179853287044534 0
1070 0.2209939139811783 0.1221390190859665 0
1071 0.218671414424611 0.1262500000536328 0
1072 0.2162724501765023 0.130316834271917 0
1073 0.2137978602574572 0.134338099396018 0
1074 0.2112485098184641 0.1383123895371617 0
1075 0.2086252904393635 0.1422383147716967 0
1076 0.2059291193079862 0.1461145024322976 0
1077 0.2031609393153598 0.1499395969599129 0
1078 0.2003217183374226 0.1537122609369286 0
1079 0.1974124492748898 0.1574311750298805 0
1080 0.1944341493548769 0.1610950389200268 0
1081 0.1913878600920956 0.1647025713501998 0
1082 0.1882746465833989 0.1682525109883807 0
1083 0.1850955975790783 0.1717436163496114 0
1084 0.1818518247469433 0.1751746666507615 0
1085 0.2325776724311967 0.1014726011615597 0
1086 0.2306395861403744 0.105803798632196 0
1087 0.2286208502201013 0.1100979988221533 0
1088 0.2265221705574226 0.1143537001848138 0
1089 0.2243442810677166 0.1185694144887846 0
1090 0.2220879432608953 0.1227436676906332 0
1091 0.2197539461760544 0.1268750000593282 0
1092 0.2173431058753832 0.1309619671066534 0
1093 0.2148562655054479 0.1350031394933248 0
1094 0.2122942945264374 0.1389971043278359 0
1095 0.209658088911814 0.1429424648375927 0
1096 0.2069485704030809 0.1468378415399826 0
1097 0.2041666865443259 0.1506818721861074 0
1098 0.2013134100199796 0.1544732127138115 0
1099 0.1983897386262606 0.1582105372843488 0
1100 0.1953966946459355 0.161892539116047 0
1101 0.1923353247386496 0.1655179306228647 0
1102 0.1892066992917698 0.1690854442082774 0
1103 0.1860119124231073 0.1725938322672466 0
1104 0.1827520813034188 0.1760418679725487 0
1105 0.2337233752500294 0.1019724661941955 0
1106 0.2317757417371767 0.1063249996105059 0
1107 0.2297470613053431 0.1106403534952392 0
1108 0.2276380433238079 0.1149170188949437 0
1109 0.2254494253101113 0.119153500273107 0
1110 0.2231819725405917 0.1233483162952919 0
1111 0.2208364779274787 0.1275000000650163 0
1112 0.2184137615742466 0.131607099941383 0
1113 0.2159146707534225 0.1356681795906256 0
1114 0.2133400792343963 0.1396818191185048 0
1115 0.2106908873842517 0.1436466149034841 0
1116 0.2079680214981643 0.1475611806476638 0
1117 0.2051724337732822 0.1514241474122987 0
1118 0.2023051017025284 0.1552341644906919 0
1119 0.1993670279776248 0.1589898995388154 0
1120 0.1963592399369889 0.1626900393120664 0
1121 0.1932827893851999 0.1663332898955294 0
1122 0.1901387520001388 0.1699183774281746 0
1123 0.1869282272671359 0.1734440481848828 0
1124 0.1836523378598956 0.1769090692943378 0
1125 0.2348690780688888 0.1024723312268422 0
1126 0.2329118973340042 0.1068462005888263 0
1127 0.2308732723906088 0.111182708168335 0
1128 0.2287539160902157 0.115480337605083 0
1129 0.2265545695525273 0.1197375860574383 0
1130 0.2242760018203083 0.1239529648999589 0
1131 0.2219190096789218 0.1281250000707121 0
1132 0.2194844172731275 0.13225223277612 0
1133 0.2169730760014133 0.1363332196879332 0
1134 0.2143858639423699 0.1403665339091799 0
1135 0.2117236858567027 0.1443507649693812 0
1136 0.2089874725932597 0.1482845197553501 0
1137 0.2061781810022493 0.1521664226384946 0
1138 0.2032967933850866 0.1559951162675763 0
1139 0.200344317328997 0.1597692617932854 0
1140 0.1973217852280492 0.1634875395080886 0
1141 0.1942302540317557 0.1671486491681965 0
1142 0.1910708047085118 0.1707513106480735 0
1143 0.1878445421111671 0.1742942641025203 0
1144 0.1845525944163736 0.1777762706161276 0
1145 0.2360147808877482 0.1029721962594891 0
1146 0.234048052930832 0.107367401567147 0
1147 0.2319994834758749 0.1117250628414311 0
1148 0.229869788856624 0.1160436563152229 0
1149 0.227659713794944 0.1203216718417702 0
1150 0.2253700311000255 0.1245576135046267 0
1151 0.2230015414303658 0.1287500000764088 0
1152 0.2205550729720092 0.1328973656108579 0
1153 0.2180314812494052 0.1369982597852419 0
1154 0.2154316486503449 0.1410512486998562 0
1155 0.2127564843291553 0.1450549150352796 0
1156 0.2100069236883567 0.1490078588630379 0
1157 0.2071839282312182 0.1529086978646921 0
1158 0.2042884850676467 0.1567560680444625 0
1159 0.2013216066803712 0.1605486240477574 0
1160 0.1982843305191115 0.1642850397041128 0
1161 0.1951777186783138 0.1679640084408657 0
1162 0.1920028574168872 0.1715842438679748 0
1163 0.1887608569552009 0.1751444800201602 0
1164 0.1854528509728542 0.17864347193792 0
1165 0.2371604837066124 0.1034720612921381 0
1166 0.2351842085276645 0.1078886025454699 0
1167 0.2331256945611457 0.1122674175145298 0
1168 0.2309856616230372 0.1166069750253653 0
1169 0.2287648580373656 0.1209057576261049 0
1170 0.2264640603797477 0.1251622621092975 0
1171 0.2240840731818147 0.1293750000821087 0
1172 0.2216257286708962 0.1335424984455992 0
1173 0.2190898864974022 0.1376632998825542 0
1174 0.2164774333583249 0.1417359634905363 0
1175 0.213789282801613 0.145759065101182 0
1176 0.2110263747834589 0.1497311979707297 0
1177 0.2081896754601922 0.1536509730908938 0
1178 0.2052801767502118 0.1575170198213531 0
1179 0.2022988960317507 0.1613279863022339 0
1180 0.1992468758101792 0.1650825399001417 0
1181 0.1961251833248771 0.1687793677135397 0
1182 0.192934910125268 0.172417177087881 0
1183 0.18967717179924 0.1759946959378053 0
1184 0.1863531075293404 0.1795106732597176 0
1185 0.1743074653201375 0.1809515681989797 0
1186 0.1708934003505438 0.1841792828106075 0
1187 0.1674195776787069 0.187342593955257 0
1188 0.1638872120502397 0.1904403954690302 0
1189 0.1602975386244807 0.1934716041462776 0
1190 0.1566518126534067 0.196435160020814 0
1191 0.1529513089680269 0.1993300268022055 0
1192 0.1491973215597692 0.2021551922147725 0
1193 0.1453911630953986 0.2049096683755258 0
1194 0.1415341645092838 0.2075924921008939 0
1195 0.1376276745192007 0.2102027252593021 0
1196 0.1336730591404592 0.2127394551089007 0
1197 0.1296717012044784 0.2152017946178356 0
1198 0.1256249999069663 0.2175888827545547 0
1199 0.1215343702937055 0.2198998848051383 0
1200 0.1174012427682471 0.2221339926631485 0
1201 0.113227062606162 0.2242904251045524 0
1202 0.1090132894034233 0.2263684280844969 0
1203 0.1047613966445646 0.2283672749609294 0
1204 0.1004728711001926 0.2302862667917577 0
1205 0.1751746666430077 0.1818518247544122 0
1206 0.1717436162763573 0.1850955976470481 0
1207 0.1682525109041417 0.1882746466586794 0
1208 0.1647025713163448 0.1913878601212301 0
1209 0.1610950388197322 0.1944341494379741 0
1210 0.1574311749114037 0.1974124493693717 0
1211 0.1537122607595056 0.2003217184735638 0
1212 0.1499395967966402 0.2031609394358603 0
1213 0.1461145022205787 0.2059291194582085 0
1214 0.1422383145872841 0.2086252905650934 0
1215 0.1383123893261004 0.2112485099566537 0
1216 0.1343380992409616 0.2137978603548853 0
1217 0.1303168340535842 0.2162724503080601 0
1218 0.1262499999147194 0.2186714145048123 0
1219 0.1221390189077987 0.2209939140796477 0
1220 0.117985328557934 0.223239136902737 0
1221 0.1137903813296184 0.225406297864241 0
1222 0.1095556440818896 0.2274946391671802 0
1223 0.1052825976260706 0.2295034305562999 0
1224 0.1009727361322699 0.2314319696108702 0
1225 0.1760418679658778 0.1827520813098445 0
1226 0.1725938322021708 0.1860119124834884 0
1227 0.1690854441295762 0.189206699362101 0
1228 0.1655179305824496 0.192335324773429 0
1229 0.1618925390149831 0.1953966947296695 0
1230 0.1582105371694 0.1983897387179282 0
1231 0.1544732125509837 0.2013134101449205 0
1232 0.1506818720335103 0.2041666866569463 0
1233 0.1468378413457579 0.2069485705408891 0
1234 0.1429424646652836 0.2096580890292907 0
1235 0.1389971041329989 0.2122942946540028 0
1236 0.1350031393414629 0.2148562656008671 0
1237 0.1309619669026887 0.2173431059982817 0
1238 0.126874999922471 0.2197539462550666 0
1239 0.1227436675218906 0.2220879433541537 0
1240 0.1185694143476196 0.224344281142322 0
1241 0.1143537000530733 0.2265221706239257 0
1242 0.1100979987603543 0.2286208502498594 0
1243 0.1058037986075749 0.2306395861516662 0
1244 0.1014726011643454 0.2325776724299783 0
1245 0.17690906928875 0.183652337865278 0
1246 0.1734440481279856 0.1869282273199284 0
1247 0.1699183773550113 0.1901387520655209 0
1248 0.1663332898485542 0.1932827894256247 0
1249 0.1626900392102332 0.1963592400213601 0
1250 0.1589898994273949 0.1993670280664784 0
1251 0.1552341643424595 0.2023051018162697 0
1252 0.1514241472703776 0.2051724338780233 0
1253 0.1475611804709338 0.2079680216235593 0
1254 0.1436466147432789 0.2106908874934759 0
1255 0.1396818189398926 0.2133400793513384 0
1256 0.1356681794419586 0.215914670846834 0
1257 0.1316070997517871 0.2184137616884869 0
1258 0.1274999999302159 0.2208364780053033 0
1259 0.123348316135975 0.2231819726286405 0
1260 0.1191535001372968 0.2254494253818864 0
1261 0.1149170187765194 0.2276380433835884 0
1262 0.1106403534388095 0.2297470613325153 0
1263 0.1063249995890689 0.2317757417470076 0
1264 0.1019724661964101 0.23372337524906 0
1265 0.1777762706116227 0.184552594420713 0
1266 0.1742942640538016 0.1878445421563713 0
1267 0.1707513105804483 0.1910708047689452 0
1268 0.1671486491146612 0.1942302540778262 0
1269 0.1634875394054864 0.197321785313058 0
1270 0.1597692616853935 0.2003443174150374 0
1271 0.1559951161339398 0.203296793487629 0
1272 0.1521664225072498 0.2061781810991118 0
1273 0.148284519596115 0.2089874727062423 0
1274 0.1443507648212802 0.2117236859576755 0
1275 0.140366533746793 0.21438586404869 0
1276 0.1363332195424616 0.2169730760928183 0
1277 0.1322522326008933 0.2194844173787109 0
1278 0.1281249999379691 0.22191900975556 0
1279 0.1239529647500683 0.2242760019031488 0
1280 0.1197375859269836 0.2265545696214736 0
1281 0.1154803374999754 0.2287539161432753 0
1282 0.1111827081172753 0.2308732724151966 0
1283 0.1068462005705742 0.2329118973423759 0
1284 0.1024723312284865 0.23486907806817 0
1285 0.1786434719344981 0.1854528509761505 0
1286 0.1751444799796201 0.1887608569928167 0
1287 0.1715842438058876 0.1920028574723717 0
1288 0.1679640083807705 0.1951777187300298 0
1289 0.1642850396007416 0.1982843306047581 0
1290 0.160548623943394 0.2013216067635983 0
1291 0.1567560679254218 0.20428848515899 0
1292 0.1529086977441237 0.207183928320202 0
1293 0.1490078587212978 0.210006923788927 0
1294 0.1450549148992829 0.2127564844218766 0
1295 0.1410512485536946 0.2154316487460427 0
1296 0.1369982596429657 0.2180314813388036 0
1297 0.1328973654500005 0.2205550730689357 0
1298 0.1287499999457232 0.2230015415058176 0
1299 0.1245576133641623 0.2253700311776578 0
1300 0.120321671716671 0.2276597138610612 0
1301 0.116043656223432 0.2298697889029627 0
1302 0.1117250627957415 0.2319994834978784 0
1303 0.1073674015520797 0.2340480529377445 0
1304 0.1029721962605629 0.2360147808872803 0
1305 0.1795106732573787 0.1863531075315935 0
1306 0.1759946959054438 0.1896771718292674 0
1307 0.1724171770313319 0.1929349101758037 0
1308 0.1687793676468846 0.196125183382239 0
1309 0.1650825397960015 0.1992468758964634 0
1310 0.161327986201399 0.2022988961121645 0
1311 0.1575170197169081 0.2052801768303563 0
1312 0.1536509729810017 0.2081896755412974 0
1313 0.1497311978464846 0.2110263748716168 0
1314 0.1457590649772895 0.2137892828860828 0
1315 0.1417359633605999 0.2164774334434006 0
1316 0.1376632997434734 0.219089886584794 0
1317 0.133542498299111 0.2216257287591656 0
1318 0.1293749999534805 0.2240840732560801 0
1319 0.1251622619782594 0.2264640604521718 0
1320 0.1209057575063613 0.2287648581006539 0
1321 0.1166069749468912 0.2309856616626549 0
1322 0.1122674174742101 0.2331256945805651 0
1323 0.1078886025335875 0.2351842085331178 0
1324 0.1034720612926416 0.2371604837063952 0
1325 0.09179193236191649 0.2338820293508368 0
1326 0.08740255470779941 0.2355575427163187 0
1327 0.08298261427233655 0.2371506867553383 0
1328 0.07853365663513197 0.2386609043716944 0
1329 0.07405723749819457 0.2400876674761445 0
1330 0.06955492216273304 0.2414304771625482 0
1331 0.06502828498318275 0.2426888638816075 0
1332 0.06047890885026544 0.2438623875965307 0
1333 0.05590838454367131 0.2449506379614393 0
1334 0.05131831029082523 0.2459532344347062 0
1335 0.04671029116196632 0.2468698264259185 0
1336 0.04208593849043192 0.2477000934222235 0
1337 0.03744686927006511 0.2484437451051427 0
1338 0.03279470571239105 0.2491005214310801 0
1339 0.0281310745311078 0.249670192745797 0
1340 0.02345760654741116 0.2501525598411195 0
1341 0.01877593596099454 0.2505474540457087 0
1342 0.01408769982367202 0.2508547372757307 0
1343 0.009394537531194229 0.2510743020792302 0
1344 0.004698090170008472 0.2512060716797105 0
1345 0.09224860864138824 0.235045621537036 0
1346 0.08783739328610501 0.2367294707904051 0
1347 0.08339546309950974 0.2383305409183242 0
1348 0.07892437134502561 0.239848272055053 0
1349 0.07442568146588931 0.2412821334834798 0
1350 0.06990096655143845 0.2426316238151491 0
1351 0.06535180878821649 0.243896271164832 0
1352 0.06077979894001499 0.2450756333069687 0
1353 0.05618653570624974 0.2461692978527791 0
1354 0.05157362526545667 0.2471768823676231 0
1355 0.046942680668878 0.248098034517847 0
1356 0.04229532126529788 0.2489324321960958 0
1357 0.03763317209975201 0.2496797836383806 0
1358 0.0329578634508019 0.2503398275080415 0
1359 0.02827103012401018 0.2509123330084126 0
1360 0.02357431105612571 0.2513970999399671 0
1361 0.01886934857896475 0.2517939587921081 0
1362 0.01415778788066495 0.2521027707946146 0
1363 0.009441276521869239 0.2523234279602927 0
1364 0.004721463753243751 0.252455853130843 0
1365 0.09270528492085817 0.2362092137232308 0
1366 0.08827223186440884 0.2379013988644872 0
1367 0.08380831192668128 0.239510395081306 0
1368 0.0793150860549177 0.2410356397384079 0
1369 0.07479412543358258 0.2424765994908116 0
1370 0.07024701094014243 0.2438327704677466 0
1371 0.06567533259324897 0.2451036784480534 0
1372 0.06108068902976336 0.2462888790174038 0
1373 0.05646468686882705 0.2473879577441163 0
1374 0.0518289402400871 0.2484005303005375 0
1375 0.04717507017578874 0.2493262426097732 0
1376 0.04250470404016304 0.250164770969966 0
1377 0.03781947492943816 0.2509158221716168 0
1378 0.03312102118921209 0.2515791335850012 0
1379 0.02841098571691201 0.2521544732710267 0
1380 0.0236910155648398 0.2526416400388135 0
1381 0.01896276119693461 0.2530404635385066 0
1382 0.01422787593765759 0.2533508043134978 0
1383 0.009488015512544062 0.2535725538413547 0
1384 0.004744837336478939 0.2537056345819751 0
1385 0.09316196120031718 0.2373728059093991 0
1386 0.08870707044270228 0.2390733269385442 0
1387 0.08422116075384292 0.2406902492442639 0
1388 0.07970580076480044 0.2422230074217401 0
1389 0.07516256940126706 0.2436710654981219 0
1390 0.07059305532883822 0.245033917120324 0
1391 0.06599885639827374 0.246311085731256 0
1392 0.06138157911950455 0.2475021247278214 0
1393 0.05674283803139776 0.2486066176354373 0
1394 0.05208425521471143 0.2496241782334369 0
1395 0.04740745968269397 0.2505544507016859 0
1396 0.04271408681502319 0.2513971097438241 0
1397 0.03800577775911988 0.2521518607048419 0
1398 0.03328417892761842 0.2528184396619516 0
1399 0.02855094130981051 0.2533966135336327 0
1400 0.02380772007355112 0.2538861801376531 0
1401 0.01905617381490222 0.2542869682848995 0
1402 0.01429796399464858 0.2545988378323769 0
1403 0.009534754503217778 0.2548216797224139 0
1404 0.004768210919713572 0.254955416033106 0
1405 0.09361863747978785 0.2385363980955958 0
1406 0.08914190902100683 0.2402452550126281 0
1407 0.08463400958101513 0.2418701034072473 0
1408 0.08009651547469319 0.2434103751050965 0
1409 0.07553101336896098 0.2448655315054552 0
1410 0.07093909971754278 0.2462350637729229 0
1411 0.06632238020330675 0.2475184930144788 0
1412 0.06168246920925342 0.2487153704382576 0
1413 0.05702098919397553 0.2498252775267756 0
1414 0.05233957018934227 0.2508478261663523 0
1415 0.04763984918960509 0.2517826587936131 0
1416 0.04292346958988871 0.2526294485176953 0
1417 0.03819208058880635 0.2533878992380787 0
1418 0.03344733666602889 0.2540577457389119 0
1419 0.02869089690271258 0.2546387537962473 0
1420 0.0239244245822654 0.2551307202364999 0
1421 0.01914958643287223 0.2555334730312985 0
1422 0.01436805205164134 0.2558468713512603 0
1423 0.009581493493892684 0.2560708056034761 0
1424 0.004791584502948798 0.2562051974842382 0
1425 0.09407531375925858 0.2396999902817935 0
1426 0.08957674759931143 0.2414171830867141 0
1427 0.08504685840818739 0.2430499575702339 0
1428 0.08048723018458592 0.2445977427884571 0
1429 0.07589945733665489 0.2460599975127938 0
1430 0.07128514410624741 0.2474362104255282 0
1431 0.06664590400833977 0.248725900297709 0
1432 0.06198335929900232 0.2499286161487025 0
1433 0.05729914035655335 0.2510439374181234 0
1434 0.05259488516397317 0.2520714740992782 0
1435 0.04787223869651626 0.2530108668855518 0
1436 0.04313285236475423 0.253861787291579 0
1437 0.03837838341849287 0.2546239377713291 0
1438 0.0336104944044394 0.2552970518158871 0
1439 0.02883085249561467 0.2558808940588778 0
1440 0.0240411290909797 0.2563752603353634 0
1441 0.01924299905084224 0.256779977777715 0
1442 0.01443814010863412 0.2570949048701625 0
1443 0.009628232484567593 0.2573199314845579 0
1444 0.004814958086184026 0.2574549789353913 0
1445 0.09453199003873108 0.2408635824679956 0
1446 0.09001158617761777 0.2425891111608044 0
1447 0.08545970723536128 0.2442298117332246 0
1448 0.08087794489448025 0.2457851104718216 0
1449 0.07626790130435027 0.2472544635201358 0
1450 0.07163118849495342 0.2486373570781369 0
1451 0.0669694278133741 0.2499333075809423 0
1452 0.06228424938875243 0.2511418618591501 0
1453 0.05757729151913227 0.2522625973094739 0
1454 0.05285020013860509 0.2532951220322067 0
1455 0.04810462820342837 0.2542390749774927 0
1456 0.04334223513962061 0.2550941260654648 0
1457 0.03856468624818012 0.2558599763045814 0
1458 0.03377365214285054 0.2565363578928636 0
1459 0.02897080808851732 0.2571230343215096 0
1460 0.02415783359969447 0.2576198004342281 0
1461 0.01933641166881264 0.2580264825241324 0
1462 0.01450822816562717 0.2583429383890655 0
1463 0.00967497147524269 0.2585690573656402 0
1464 0.00483833166941935 0.2587047603865443 0
1465 -0.004698090202505481 0.2512060716791027 0
1466 -0.009394537586588493 0.2510743020771574 0
1467 -0.01408769990782904 0.2508547372710044 0
1468 -0.01877593606536156 0.2505474540378874 0
1469 -0.02345760668904526 0.250152559827838 0
1470 -0.02813107469810587 0.2496701927269808 0
1471 -0.03279470588795709 0.2491005214079664 0
1472 -0.03744686947635851 0.2484437450740489 0
1473 -0.04208593871940568 0.2477000933833192 0
1474 -0.04671029142756633 0.2468698263756642 0
1475 -0.05131831054534642 0.2459532343816001 0
1476 -0.0559083847664778 0.2449506379105851 0
1477 -0.06047890904600179 0.2438623875479871 0
1478 -0.0650282851670658 0.2426888638323361 0
1479 -0.06955492233028357 0.2414304771142777 0
1480 -0.07405723764084329 0.2400876674321431 0
1481 -0.07853365674224265 0.2386609043364485 0
1482 -0.0829826143498424 0.2371506867282178 0
1483 -0.08740255474601698 0.2355575427021382 0
1484 -0.09179193237971672 0.2338820293438507 0
1485 -0.004721463785586943 0.252455853130238 0
1486 -0.00944127657950688 0.252323427958136 0
1487 -0.0141577879671882 0.2521027707897555 0
1488 -0.01886934868310858 0.2517939587843035 0
1489 -0.02357431120013696 0.2513970999264625 0
1490 -0.02827103029386008 0.250912332989275 0
1491 -0.03295786362960938 0.2503398274845009 0
1492 -0.03763317231097597 0.2496797836065437 0
1493 -0.04229532150035045 0.2489324321561587 0
1494 -0.04694268093824434 0.24809803446688 0
1495 -0.05157362552402314 0.2471768823136729 0
1496 -0.05618653593518857 0.2461692978005253 0
1497 -0.06077979914129197 0.245075633257051 0
1498 -0.06535180897373107 0.2438962711151235 0
1499 -0.06990096671980425 0.2426316237666436 0
1500 -0.07442568161011931 0.2412821334389906 0
1501 -0.078924371452258 0.2398482720197671 0
1502 -0.08339546317775998 0.2383305408909432 0
1503 -0.08783739332775242 0.2367294707749519 0
1504 -0.09224860866016089 0.2350456215296682 0
1505 -0.004744837368668309 0.253705634581373 0
1506 -0.009488015572425082 0.253572553839114 0
1507 -0.01422787602654709 0.2533508043085058 0
1508 -0.01896276130085523 0.2530404635307186 0
1509 -0.0236910157112282 0.252641640025086 0
1510 -0.02841098588961374 0.2521544732515678 0
1511 -0.03312102137126104 0.251579133561034 0
1512 -0.03781947514559267 0.2509158221390366 0
1513 -0.04250470428129441 0.250164770928996 0
1514 -0.04717507044892143 0.2493262425580936 0
1515 -0.05182894050269887 0.2484005302457432 0
1516 -0.05646468710389824 0.2473879576904628 0
1517 -0.061080689236581 0.246288878966112 0
1518 -0.06567533278039503 0.2451036783979078 0
1519 -0.07024701110932355 0.2438327704190063 0
1520 -0.07479412557939386 0.2424765994458347 0
1521 -0.07931508616227179 0.2410356397030819 0
1522 -0.08380831200567584 0.2395103950536645 0
1523 -0.08827223190948613 0.2379013988477614 0
1524 -0.09270528494060323 0.2362092137154814 0
1525 -0.004768210951749124 0.2549554160325067 0
1526 -0.009534754565342182 0.2548216797200892 0
1527 -0.01429796408590433 0.2545988378272518 0
1528 -0.01905617391859966 0.2542869682771283 0
1529 -0.02380772022231668 0.2538861801237026 0
1530 -0.02855094148536407 0.2533966135138524 0
1531 -0.0332841791129088 0.2528184396375574 0
1532 -0.03800577798020495 0.2521518606715186 0
1533 -0.04271408706223338 0.2513971097018213 0
1534 -0.047407459959593 0.2505544506492937 0
1535 -0.05208425548136851 0.2496241781777987 0
1536 -0.05674283827260131 0.2486066175803841 0
1537 -0.06138157933186283 0.2475021246751556 0
1538 -0.06599885658705129 0.2463110856806732 0
1539 -0.0705930554988346 0.2450339170713488 0
1540 -0.07516256954865963 0.2436710654526573 0
1541 -0.07970580087227622 0.242223007386374 0
1542 -0.08422116083358183 0.2406902492163619 0
1543 -0.08870707049120941 0.2390733269205458 0
1544 -0.09316196122103462 0.237372805901268 0
1545 -0.004791584534830532 0.2562051974836419 0
1546 -0.00958149355826046 0.2560708056010675 0
1547 -0.01436805214526333 0.2558468713460025 0
1548 -0.01914958653634648 0.2555334730235439 0
1549 -0.02392442473340813 0.2551307202223267 0
1550 -0.02869089708111797 0.2546387537761458 0
1551 -0.03344733685456072 0.2540577457140911 0
1552 -0.03819208081482196 0.2533878992040122 0
1553 -0.04292346984317767 0.2526294484746597 0
1554 -0.04763984947027047 0.2517826587405081 0
1555 -0.05233957046004465 0.2508478261098701 0
1556 -0.05702098944131143 0.2498252774703227 0
1557 -0.06168246942715233 0.2487153703842178 0
1558 -0.06632238039371584 0.2475184929634588 0
1559 -0.07093909988835449 0.2462350637237129 0
1560 -0.07553101351793479 0.2448655314595028 0
1561 -0.08009651558229065 0.2434103750696905 0
1562 -0.08463400966149844 0.2418701033790848 0
1563 -0.08914190907294385 0.2402452549933571 0
1564 -0.09361863750147774 0.2385363980870831 0
1565 -0.004814958117911943 0.2574549789347976 0
1566 -0.009628232551178752 0.2573199314820653 0
1567 -0.01443814020462235 0.2570949048647718 0
1568 -0.0192429991540933 0.2567799777699772 0
1569 -0.02404112924449958 0.2563752603209673 0
1570 -0.02883085267687188 0.2558808940384549 0
1571 -0.03361049459621267 0.2552970517906394 0
1572 -0.03837838364943902 0.2546239377365196 0
1573 -0.043132852624122 0.2538617872475107 0
1574 -0.04787223898094799 0.2530108668317342 0
1575 -0.05259488543872085 0.2520714740419518 0
1576 -0.05729914061002161 0.2510439373602708 0
1577 -0.06198335952244188 0.2499286160932885 0
1578 -0.06664590420038038 0.2487259002462517 0
1579 -0.07128514427787438 0.2474362103760833 0
1580 -0.07589945748720998 0.2460599974663536 0
1581 -0.08048723029230515 0.2445977427530111 0
1582 -0.08504685848941501 0.243049957541811 0
1583 -0.08957674765467831 0.2414171830661705 0
1584 -0.09407531378192083 0.2396999902728991 0
1585 -0.004838331700993446 0.2587047603859539 0
1586 -0.00967497154409723 0.2585690573630638 0
1587 -0.01450822826398165 0.2583429383835418 0
1588 -0.0193364117718405 0.2580264825164114 0
1589 -0.02415783375559151 0.257619800419609 0
1590 -0.02897080827262636 0.2571230343007653 0
1591 -0.03377365233786527 0.2565363578671894 0
1592 -0.03856468648405679 0.2558599762690287 0
1593 -0.04334223540506717 0.2550941260203635 0
1594 -0.04810462849162642 0.2542390749229625 0
1595 -0.05285020041739803 0.2532951219740362 0
1596 -0.05757729177873291 0.2522625972502216 0
1597 -0.06228424961773262 0.251141861802362 0
1598 -0.06696942800704625 0.2499333075290478 0
1599 -0.07163118866739571 0.248637357028457 0
1600 -0.0762679014564866 0.2472544634732079 0
1601 -0.08087794500232112 0.2457851104363354 0
1602 -0.08545970731733329 0.2442298117045413 0
1603 -0.09001158623641448 0.2425891111389881 0
1604 -0.09453199006236582 0.2408635824587196 0
1605 -0.1004728710880859 0.2302862667970397 0
1606 -0.1047613966598106 0.2283672749539354 0
1607 -0.1090132894614981 0.2263684280565293 0
1608 -0.1132270627464814 0.2242904250337159 0
1609 -0.1174012429045658 0.2221339925911019 0
1610 -0.1215343704691733 0.2198998847081606 0
1611 -0.1256250000284946 0.2175888826843902 0
1612 -0.1296717014209916 0.2152017944873737 0
1613 -0.1336730592993809 0.2127394550090435 0
1614 -0.1376276747432439 0.2102027251126126 0
1615 -0.1415341646865854 0.2075924919800117 0
1616 -0.1453911633094993 0.2049096682236131 0
1617 -0.1491973217145585 0.2021551921005327 0
1618 -0.1529513091348672 0.1993300266741845 0
1619 -0.1566518127471807 0.1964351599460317 0
1620 -0.1602975386849153 0.1934716040962056 0
1621 -0.1638872120299935 0.1904403954864534 0
1622 -0.167419577705243 0.187342593931543 0
1623 -0.1708934003792083 0.1841792827840105 0
1624 -0.1743074653066325 0.1809515682119888 0
1625 -0.1009727361177738 0.2314319696171946 0
1626 -0.1052825976372237 0.2295034305511834 0
1627 -0.1095556441339591 0.2274946391421047 0
1628 -0.1137903814667132 0.2254062977950322 0
1629 -0.1179853286898391 0.223239136833023 0
1630 -0.1221390190788647 0.2209939139851028 0
1631 -0.1262500000286716 0.2186714144390218 0
1632 -0.1303168342621646 0.2162724501823782 0
1633 -0.1343380993926523 0.2137978602595716 0
1634 -0.1383123895442974 0.2112485098137918 0
1635 -0.1422383147639139 0.2086252904446693 0
1636 -0.1461145024372457 0.205929119304475 0
1637 -0.1499395969527304 0.2031609393206603 0
1638 -0.1537122609263546 0.2003217183455361 0
1639 -0.1574311750041181 0.1974124492954344 0
1640 -0.1610950388833449 0.1944341493852688 0
1641 -0.164702571299172 0.1913878601360084 0
1642 -0.1682525109364171 0.1882746466298362 0
1643 -0.1717436163091632 0.1850955976166086 0
1644 -0.1751746666331611 0.1818518247638972 0
1645 -0.1014726011474598 0.2325776724373453 0
1646 -0.105803798614635 0.2306395861484273 0
1647 -0.1100979988064184 0.2286208502276761 0
1648 -0.1143537001869436 0.2265221705563448 0
1649 -0.118569414475111 0.2243442810749407 0
1650 -0.1227436676885547 0.2220879432620417 0
1651 -0.1268750000288474 0.2197539461936502 0
1652 -0.1309619671033364 0.2173431058773796 0
1653 -0.1350031394859227 0.214856265510097 0
1654 -0.1389971043453498 0.2122942945149686 0
1655 -0.1429424648412415 0.2096580889093246 0
1656 -0.1468378415649911 0.2069485703853348 0
1657 -0.1506818721909015 0.2041666865407863 0
1658 -0.1544732127178414 0.2013134100168861 0
1659 -0.1582105372610549 0.1983897386448358 0
1660 -0.1618925390817741 0.1953966946743308 0
1661 -0.1655179305683502 0.1923353247855623 0
1662 -0.1690854441675912 0.1892066993281286 0
1663 -0.172593832239118 0.1860119124492064 0
1664 -0.1760418679596896 0.1827520813158054 0
1665 -0.1019724661771351 0.2337233752574695 0
1666 -0.1063249995920362 0.2317757417456463 0
1667 -0.1106403534788682 0.2297470613132239 0
1668 -0.114917018907165 0.2276380433176353 0
1669 -0.1191535002603747 0.2254494253168378 0
1670 -0.1233483162982371 0.2231819725389614 0
1671 -0.1275000000290162 0.2208364779482608 0
1672 -0.131607099944502 0.2184137615723649 0
1673 -0.1356681795791875 0.2159146707606074 0
1674 -0.1396818191463974 0.2133400792161319 0
1675 -0.1436466149185649 0.2106908873739679 0
1676 -0.1475611806927331 0.2079680214661841 0
1677 -0.1514241474290698 0.2051724337609031 0
1678 -0.155234164509326 0.2023051016882286 0
1679 -0.1589898995179904 0.1993670279942309 0
1680 -0.1626900392802025 0.1963592399633882 0
1681 -0.1663332898375283 0.1932827894351131 0
1682 -0.1699183773987658 0.1901387520264194 0
1683 -0.173444048169074 0.1869282272818039 0
1684 -0.1769090692862202 0.1836523378677149 0
1685 -0.102472331206822 0.2348690780776221 0
1686 -0.1068462005694486 0.2329118973428922 0
1687 -0.1111827081513285 0.2308732723987974 0
1688 -0.1154803376273965 0.2287539160789501 0
1689 -0.1197375860456479 0.2265545695587576 0
1690 -0.1239529649079286 0.2242760018159025 0
1691 -0.1281250000291934 0.2219190097028915 0
1692 -0.1322522327856754 0.2194844172673687 0
1693 -0.1363332196724595 0.2169730760111351 0
1694 -0.1403665339474517 0.214385863917311 0
1695 -0.1443507649958943 0.2117236858386255 0
1696 -0.1482845198204805 0.2089874725470464 0
1697 -0.152166422667243 0.2061781809810314 0
1698 -0.1559951163008148 0.2032967933595812 0
1699 -0.1597692617749295 0.2003443173436349 0
1700 -0.163487539478634 0.1973217852524529 0
1701 -0.1671486491067088 0.1942302540846698 0
1702 -0.1707513106299423 0.1910708047247146 0
1703 -0.1742942640990313 0.1878445421144043 0
1704 -0.1777762706127513 0.1845525944196258 0
1705 -0.1029721962365091 0.2360147808977748 0
1706 -0.1073674015468612 0.2340480529401384 0
1707 -0.1117250628237892 0.2319994834843712 0
1708 -0.1160436563476284 0.2298697888402654 0
1709 -0.1203216718309216 0.2276597138006781 0
1710 -0.1245576135176207 0.2253700310928444 0
1711 -0.1287500000293716 0.2230015414575231 0
1712 -0.1328973656268497 0.2205550729623736 0
1713 -0.1369982597657327 0.218031481261664 0
1714 -0.1410512487485072 0.2154316486184915 0
1715 -0.1450549150732252 0.2127564843032847 0
1716 -0.1490078589482295 0.2100069236279103 0
1717 -0.1529086979054178 0.2071839282011614 0
1718 -0.1567560680923055 0.2042884850309356 0
1719 -0.1605486240318705 0.2013216066930406 0
1720 -0.1642850396770675 0.1982843305415196 0
1721 -0.1679640083758915 0.1951777187342286 0
1722 -0.171584243861121 0.192002857423012 0
1723 -0.175144480028991 0.1887608569470071 0
1724 -0.178643471939285 0.1854528509715393 0
1725 -0.1034720612661983 0.2371604837179322 0
1726 -0.107888602524276 0.2351842085373893 0
1727 -0.1122674174962525 0.2331256945699499 0
1728 -0.1166069750678631 0.2309856616015854 0
1729 -0.1209057576161982 0.2287648580426034 0
1730 -0.1251622621273158 0.2264640603697912 0
1731 -0.1293750000295529 0.2240840732121597 0
1732 -0.1335424984680275 0.2216257286573835 0
1733 -0.1376632998590093 0.219089886512198 0
1734 -0.1417359635495664 0.2164774333196771 0
1735 -0.1457590651505599 0.213789282767949 0
1736 -0.1497311980759825 0.2110263747087793 0
1737 -0.1536509731435967 0.2081896754212967 0
1738 -0.1575170198838005 0.2052801767022953 0
1739 -0.161327986288816 0.2022988960424518 0
1740 -0.1650825398755056 0.1992468758305916 0
1741 -0.1687793676450791 0.1961251833837926 0
1742 -0.1724171770923048 0.1929349101213149 0
1743 -0.1759946959589559 0.1896771717796153 0
1744 -0.179510673265824 0.1863531075234582 0
1745 -0.1809515682012773 0.1743074653177524 0
1746 -0.1841792828138089 0.1708934003470934 0
1747 -0.1873425939605693 0.1674195776727625 0
1748 -0.1904403954781296 0.1638872120396662 0
1749 -0.1934716041646274 0.1602975386023336 0
1750 -0.1964351600401126 0.156651812629207 0
1751 -0.1993300268299965 0.1529513089318092 0
1752 -0.2021551922406435 0.1491973215247154 0
1753 -0.204909668407622 0.1453911630501634 0
1754 -0.2075924921405108 0.1415341644511767 0
1755 -0.2102027252941182 0.1376276744660254 0
1756 -0.2127394551374379 0.1336730590950428 0
1757 -0.2152017946226485 0.1296717011964915 0
1758 -0.2175888827495709 0.1256249999155988 0
1759 -0.2198998847960235 0.121534370310198 0
1760 -0.2221339926542326 0.1174012427851172 0
1761 -0.2242904250998563 0.1132270626154648 0
1762 -0.2263684280839615 0.1090132894045355 0
1763 -0.2283672749633572 0.1047613966392729 0
1764 -0.2302862667988487 0.1004728710839403 0
1765 -0.1818518247576359 0.1751746666396613 0
1766 -0.1850955976507619 0.1717436162723549 0
1767 -0.1882746466639279 0.1682525108982688 0
1768 -0.1913878601294605 0.164702571306781 0
1769 -0.1944341494546958 0.1610950387995501 0
1770 -0.1974124493872131 0.1574311748890316 0
1771 -0.2003217185001382 0.1537122607248735 0
1772 -0.2031609394603318 0.1499395967634827 0
1773 -0.2059291194899507 0.1461145021758426 0
1774 -0.2086252906037527 0.142238314530582 0
1775 -0.2112485099929677 0.1383123892706373 0
1776 -0.2137978603838916 0.1343380991947989 0
1777 -0.2162724503156843 0.1303168340409319 0
1778 -0.2186714145038914 0.126249999916315 0
1779 -0.220993914073176 0.1221390189195092 0
1780 -0.2232391368964277 0.1179853285698727 0
1781 -0.2254062978606102 0.1137903813368115 0
1782 -0.2274946391682221 0.109555644079727 0
1783 -0.2295034305595474 0.1052825976189926 0
1784 -0.2314319696180909 0.100972736115721 0
1785 -0.1827520813139943 0.17604186796157 0
1786 -0.1860119124877147 0.1725938321976164 0
1787 -0.189206699367286 0.1690854441237748 0
1788 -0.192335324780791 0.1655179305738956 0
1789 -0.1953966947447635 0.1618925389967663 0
1790 -0.1983897387343128 0.1582105371488557 0
1791 -0.2013134101702791 0.1544732125179374 0
1792 -0.2041666866800191 0.1506818720022498 0
1793 -0.2069485705722784 0.1468378413015212 0
1794 -0.2096580890669931 0.1429424646099867 0
1795 -0.2122942946918159 0.1389971040752487 0
1796 -0.2148562656303437 0.1350031392945543 0
1797 -0.2173431060087184 0.1309619668853716 0
1798 -0.21975394625821 0.1268749999170304 0
1799 -0.2220879433503266 0.1227436675288196 0
1800 -0.2243442811386208 0.1185694143546273 0
1801 -0.2265221706213618 0.1143537000581571 0
1802 -0.2286208502524804 0.1100979987549176 0
1803 -0.2306395861557351 0.1058037985987113 0
1804 -0.2325776724373305 0.1014726011475006 0
1805 -0.183652337870354 0.1769090692834808 0
1806 -0.186928227324667 0.1734440481228791 0
1807 -0.1901387520706421 0.1699183773492813 0
1808 -0.1932827894321178 0.16633328984101 0
1809 -0.1963592400348261 0.1626900391939816 0
1810 -0.1993670280814057 0.1589898994086781 0
1811 -0.2023051018404117 0.1552341643109988 0
1812 -0.2051724338996964 0.1514241472410136 0
1813 -0.2079680216545945 0.147561180427196 0
1814 -0.2106908875302207 0.1436466146893869 0
1815 -0.2133400793906495 0.1396818188798547 0
1816 -0.2159146708767797 0.1356681793943037 0
1817 -0.218413761701735 0.1316070997298046 0
1818 -0.2208364780125096 0.1274999999177384 0
1819 -0.2231819726274566 0.1233483161381218 0
1820 -0.2254494253807918 0.1191535001393731 0
1821 -0.2276380433820899 0.1149170187794933 0
1822 -0.2297470613367135 0.110640353430098 0
1823 -0.2317757417518962 0.1063249995784191 0
1824 -0.233723375256542 0.1019724661792686 0
1825 -0.184552594426715 0.1777762706053922 0
1826 -0.187844542161622 0.1742942640481429 0
1827 -0.1910708047740024 0.1707513105747896 0
1828 -0.19423025408345 0.1671486491081266 0
1829 -0.1973217853248955 0.1634875393911997 0
1830 -0.2003443174285068 0.1597692616685041 0
1831 -0.2032967935105538 0.1559951161040643 0
1832 -0.2061781811193846 0.152166422479782 0
1833 -0.2089874727369228 0.1482845195528759 0
1834 -0.2117236859934618 0.1443507647687927 0
1835 -0.2143858640894979 0.1403665336844669 0
1836 -0.216973076123232 0.1363332194940599 0
1837 -0.219484417394769 0.1322522325742448 0
1838 -0.2219190097668279 0.1281249999184542 0
1839 -0.2242760019046067 0.1239529647474325 0
1840 -0.226554569622984 0.1197375859241278 0
1841 -0.2287539161428405 0.1154803375008389 0
1842 -0.2308732724209705 0.1111827081052883 0
1843 -0.2329118973480825 0.1068462005581374 0
1844 -0.2348690780757799 0.1024723312110476 0
1845 -0.1854528509830784 0.1786434719273061 0
1846 -0.1887608569985794 0.1751444799734092 0
1847 -0.1920028574773649 0.1715842438003002 0
1848 -0.1951777187347845 0.1679640083752454 0
1849 -0.198284330614967 0.1642850395884199 0
1850 -0.2013216067756098 0.160548623928332 0
1851 -0.2042884851806976 0.1567560678971315 0
1852 -0.2071839283390744 0.1529086977185521 0
1853 -0.2100069238192527 0.1490078586785573 0
1854 -0.2127564844567041 0.1450549148481999 0
1855 -0.2154316487883477 0.1410512484890805 0
1856 -0.2180314813696853 0.1369982595938172 0
1857 -0.2205550730878041 0.1328973654186861 0
1858 -0.2230015415211471 0.1287499999191709 0
1859 -0.2253700311817574 0.1245576133567439 0
1860 -0.2276597138651769 0.1203216717088831 0
1861 -0.2298697889035917 0.116043656222185 0
1862 -0.2319994835052279 0.1117250627804789 0
1863 -0.234048052944269 0.1073674015378559 0
1864 -0.2360147808950179 0.1029721962428267 0
1865 -0.1863531075394474 0.1795106732492253 0
1866 -0.1896771718355423 0.1759946958986807 0
1867 -0.1929349101807328 0.1724171770258157 0
1868 -0.1961251833861243 0.168779367642369 0
1869 -0.1992468759050436 0.1650825397856447 0
1870 -0.2022988961227181 0.1613279861881643 0
1871 -0.2052801768508468 0.157517019690203 0
1872 -0.2081896755587695 0.1536509729573263 0
1873 -0.2110263749015878 0.1497311978042427 0
1874 -0.2137892829199518 0.145759064927611 0
1875 -0.2164774334872026 0.1417359632936978 0
1876 -0.2190898866161438 0.137663299693578 0
1877 -0.2216257287808441 0.1335424982631307 0
1878 -0.2240840732754713 0.1293749999198907 0
1879 -0.2264640604589132 0.1251622619660583 0
1880 -0.2287648581073747 0.1209057574936413 0
1881 -0.2309856616643478 0.1166069749435337 0
1882 -0.2331256945894902 0.1122674174556721 0
1883 -0.2351842085404603 0.1078886025175767 0
1884 -0.2371604837142607 0.1034720612746079 0
1885 -0.233882029350677 0.09179193236232433 0
1886 -0.2355575427145308 0.08740255471261858 0
1887 -0.2371506867536361 0.08298261427720202 0
1888 -0.2386609043672916 0.07853365664851275 0
1889 -0.2400876674704442 0.07405723751667516 0
1890 -0.2414304771592031 0.06955492217434509 0
1891 -0.2426888638799615 0.06502828498932621 0
1892 -0.2438623875964078 0.0604789088507615 0
1893 -0.2449506379611848 0.05590838454478651 0
1894 -0.2459532344348179 0.05131831029029076 0
1895 -0.2468698264253615 0.04671029116491106 0
1896 -0.2477000934218327 0.04208593849273239 0
1897 -0.2484437451050364 0.03744686927077142 0
1898 -0.2491005214313379 0.03279470571043368 0
1899 -0.2496701927458074 0.02813107453101619 0
1900 -0.2501525598415554 0.02345760654276283 0
1901 -0.2505474540465593 0.01877593594964446 0
1902 -0.2508547372762733 0.0140876998140086 0
1903 -0.2510743020795764 0.009394537521943294 0
1904 -0.2512060716798012 0.004698090165165533 0
1905 -0.2350456215366892 0.09224860864227319 0
1906 -0.2367294707887055 0.08783739329068681 0
1907 -0.2383305409166806 0.08339546310420835 0
1908 -0.239848272050758 0.07892437135807942 0
1909 -0.2412821334779371 0.07442568148385965 0
1910 -0.2426316238110992 0.06990096656549732 0
1911 -0.243896271162473 0.06535180879702179 0
1912 -0.2450756333061077 0.0607797989434881 0
1913 -0.2461692978519147 0.05618653571003861 0
1914 -0.2471768823672829 0.05157362526708811 0
1915 -0.2480980345170026 0.04694268067334195 0
1916 -0.2489324321955448 0.04229532126854189 0
1917 -0.2496797836381053 0.03763317210158023 0
1918 -0.25033982750809 0.03295786345043424 0
1919 -0.2509123330083334 0.02827103012471451 0
1920 -0.2513970999403488 0.02357431105205554 0
1921 -0.2517939587928835 0.01886934856862018 0
1922 -0.2521027707951015 0.01415778787199574 0
1923 -0.2523234279606051 0.009441276513520062 0
1924 -0.252455853130925 0.004721463748863873 0
1925 -0.2362092137226989 0.09270528492222097 0
1926 -0.2379013988628777 0.08827223186875395 0
1927 -0.2395103950797227 0.0838083119312137 0
1928 -0.2410356397342222 0.07931508606764509 0
1929 -0.2424765994854279 0.07479412545104329 0
1930 -0.2438327704629933 0.07024701095664869 0
1931 -0.2451036784449827 0.06567533260471659 0
1932 -0.2462888790158058 0.06108068903621397 0
1933 -0.2473879577426428 0.05646468687529003 0
1934 -0.2484005302997465 0.05182894024388487 0
1935 -0.2493262426086424 0.0471750701817723 0
1936 -0.2501647709692557 0.04250470404435091 0
1937 -0.2509158221711732 0.0378194749323886 0
1938 -0.2515791335848413 0.0331210211904344 0
1939 -0.2521544732708585 0.0284109857184125 0
1940 -0.2526416400391415 0.02369101556134798 0
1941 -0.253040463539207 0.01896276118759567 0
1942 -0.2533508043139292 0.01422787592998272 0
1943 -0.2535725538416336 0.009488015505096717 0
1944 -0.2537056345820485 0.004744837332562162 0
1945 -0.2373728059086802 0.09316196120215701 0
1946 -0.239073326937023 0.08870707044680999 0
1947 -0.2406902492427391 0.08422116075820847 0
1948 -0.2422230074176623 0.0797058007772008 0
1949 -0.243671065492896 0.0751625694182175 0
1950 -0.2450339171148661 0.07059305534779128 0
1951 -0.2463110857274723 0.06599885641240313 0
1952 -0.2475021247254853 0.06138157912893218 0
1953 -0.2486066176333538 0.05674283804053439 0
1954 -0.2496241782321943 0.05208425522067511 0
1955 -0.2505544507002677 0.04740745969019674 0
1956 -0.2513971097429537 0.04271408682015461 0
1957 -0.2521518607042293 0.03800577776319226 0
1958 -0.2528184396615825 0.03328417893043046 0
1959 -0.2533966135333748 0.02855094131210695 0
1960 -0.253886180137927 0.02380772007063747 0
1961 -0.2542869682855247 0.01905617380656879 0
1962 -0.2545988378327525 0.01429796398796791 0
1963 -0.2548216797226591 0.009534754496672184 0
1964 -0.2549554160331706 0.004768210916259855 0
1965 -0.2385363980946881 0.093618637482104 0
1966 -0.2402452550111936 0.08914190902487643 0
1967 -0.2418701034057796 0.08463400958521317 0
1968 -0.243410375101125 0.08009651548676588 0
1969 -0.2448655315003853 0.07553101338540051 0
1970 -0.2462350637667589 0.07093909973894211 0
1971 -0.2475184930099807 0.06632238022009744 0
1972 -0.2487153704351822 0.06168246922165758 0
1973 -0.2498252775240809 0.05702098920578537 0
1974 -0.2508478261646569 0.05233957019747146 0
1975 -0.2517826587919068 0.0476398491986267 0
1976 -0.2526294485166637 0.04292346959596327 0
1977 -0.2533878992372963 0.03819208059400034 0
1978 -0.2540577457383329 0.03344733667043037 0
1979 -0.2546387537958994 0.02869089690580471 0
1980 -0.2551307202367192 0.02392442457992971 0
1981 -0.2555334730318479 0.01914958642554412 0
1982 -0.2558468713515799 0.01436805204595477 0
1983 -0.2560708056036873 0.009581493488248768 0
1984 -0.2562051974842943 0.004791584499958107 0
1985 -0.2396999902806969 0.09407531376205107 0
1986 -0.2414171830853662 0.0895767476029429 0
1987 -0.2430499575688231 0.08504685841221782 0
1988 -0.2445977427845919 0.08048723019633099 0
1989 -0.24605999750788 0.07589945735258359 0
1990 -0.247436210418658 0.071285144130093 0
1991 -0.2487259002924965 0.06664590402779173 0
1992 -0.2499286161448876 0.06198335931438302 0
1993 -0.2510439374148175 0.0572991403710364 0
1994 -0.25207147409713 0.05259488517426784 0
1995 -0.2530108668835571 0.04787223870705671 0
1996 -0.2538617872903864 0.04313285237177199 0
1997 -0.254623937770377 0.03837838342480845 0
1998 -0.2552970518150982 0.03361049441043031 0
1999 -0.2558808940584396 0.02883085249950249 0
2000 -0.2563752603355282 0.02404112908922198 0
2001 -0.2567799777781888 0.01924299904451948 0
2002 -0.257094904870426 0.01443814010394165 0
2003 -0.2573199314847354 0.009628232479825354 0
2004 -0.2574549789354384 0.004814958083656362 0
2005 -0.2408635824667102 0.09453199004199989 0
2006 -0.242589111159543 0.09001158618101113 0
2007 -0.2442298117318707 0.08545970723922419 0
2008 -0.2457851104680626 0.08087794490589761 0
2009 -0.2472544635153781 0.07626790131976813 0
2010 -0.2486373570705605 0.07163118852124521 0
2011 -0.2499333075750154 0.06696942783548736 0
2012 -0.251141861854596 0.06228424940710965 0
2013 -0.2522625973055567 0.05757729153628852 0
2014 -0.2532951220296057 0.05285020015106523 0
2015 -0.2542390749752098 0.04810462821548765 0
2016 -0.2550941260641111 0.04334223514758153 0
2017 -0.2558599763034596 0.03856468625561731 0
2018 -0.2565363578918649 0.03377365215043089 0
2019 -0.2571230343209812 0.02897080809320083 0
2020 -0.2576198004343381 0.02415783359851472 0
2021 -0.2580264825245303 0.0193364116634952 0
2022 -0.2583429383892729 0.0145082281619288 0
2023 -0.2585690573657837 0.00967497147140213 0
2024 -0.2587047603865828 0.004838331667354707 0
2025 -0.2512060716790914 -0.004698090203109586 0
2026 -0.2510743020771078 -0.009394537587908756 0
2027 -0.2508547372708514 -0.01408769991054719 0
2028 -0.2505474540375155 -0.01877593607031606 0
2029 -0.2501525598272795 -0.02345760669499314 0
2030 -0.2496701927262236 -0.02813107470481803 0
2031 -0.2491005214069273 -0.03279470589584073 0
2032 -0.2484437450722719 -0.03744686948813981 0
2033 -0.2477000933813595 -0.04208593873093127 0
2034 -0.2468698263735924 -0.04671029143850763 0
2035 -0.2459532343791644 -0.0513183105570113 0
2036 -0.2449506379083073 -0.05590838477644838 0
2037 -0.24386238754658 -0.06047890905166703 0
2038 -0.2426888638311838 -0.06502828517135738 0
2039 -0.24143047711496 -0.0695549223279063 0
2040 -0.2400876674328419 -0.07405723763856885 0
2041 -0.2386609043380193 -0.0785336567374602 0
2042 -0.2371506867258333 -0.08298261435664817 0
2043 -0.2355575426997009 -0.08740255475257655 0
2044 -0.2338820293428264 -0.0917919323823175 0
2045 -0.2524558531302281 -0.004721463786104671 0
2046 -0.2523234279580931 -0.009441276580638388 0
2047 -0.2521027707896236 -0.01415778796951782 0
2048 -0.251793958783984 -0.018869348687355 0
2049 -0.251397099925983 -0.02357431120523477 0
2050 -0.2509123329886249 -0.02827103029961291 0
2051 -0.2503398274836091 -0.03295786363636629 0
2052 -0.2496797836050191 -0.03763317232107363 0
2053 -0.2489324321544773 -0.04229532151022887 0
2054 -0.2480980344651024 -0.04694268094762186 0
2055 -0.2471768823115832 -0.0515736255340208 0
2056 -0.2461692977985708 -0.05618653594373392 0
2057 -0.2450756332558426 -0.06077979914614696 0
2058 -0.2438962711141333 -0.06535180897740854 0
2059 -0.2426316237672259 -0.06990096671776549 0
2060 -0.2412821334395868 -0.07442568160816859 0
2061 -0.2398482720211105 -0.0789243714481575 0
2062 -0.2383305408888961 -0.08339546318359216 0
2063 -0.2367294707728595 -0.08783739333337352 0
2064 -0.2350456215287868 -0.09224860866238865 0
2065 -0.2537056345813647 -0.004744837369099701 0
2066 -0.2535725538390781 -0.009488015573367908 0
2067 -0.2533508043083956 -0.0142278760284883 0
2068 -0.253040463530452 -0.01896276130439372 0
2069 -0.2526416400246858 -0.02369101571547614 0
2070 -0.2521544732510253 -0.02841098589440748 0
2071 -0.2515791335602899 -0.03312102137689145 0
2072 -0.2509158221377652 -0.03781947515400701 0
2073 -0.2501647709275939 -0.04250470428952599 0
2074 -0.2493262425566111 -0.04717507045673556 0
2075 -0.2484005302440006 -0.05182894051102972 0
2076 -0.2473879576888326 -0.0564646871110188 0
2077 -0.2462888789651035 -0.06108068924062618 0
2078 -0.245103678397081 -0.06567533278345895 0
2079 -0.2438327704194898 -0.07024701110762387 0
2080 -0.2424765994463297 -0.0747941255777675 0
2081 -0.2410356397041995 -0.07931508615885392 0
2082 -0.2395103950519565 -0.08380831201053517 0
2083 -0.2379013988460157 -0.0882722319141695 0
2084 -0.2362092137147445 -0.09270528494245878 0
2085 -0.2549554160325012 -0.004768210952094691 0
2086 -0.2548216797200628 -0.009534754566097356 0
2087 -0.2545988378271674 -0.01429796408745867 0
2088 -0.2542869682769195 -0.0190561739214323 0
2089 -0.2538861801233882 -0.02380772022571732 0
2090 -0.2533966135134254 -0.02855094148920182 0
2091 -0.2528184396369701 -0.03328417911741634 0
2092 -0.2521518606705105 -0.03800577798694008 0
2093 -0.2513971097007097 -0.04271408706882275 0
2094 -0.2505544506481189 -0.04740745996584887 0
2095 -0.2496241781764168 -0.05208425548803822 0
2096 -0.2486066175790934 -0.05674283827830322 0
2097 -0.2475021246743632 -0.06138157933510491 0
2098 -0.2463110856800273 -0.06599885658950883 0
2099 -0.2450339170717522 -0.07059305549748171 0
2100 -0.243671065453071 -0.0751625695473658 0
2101 -0.2422230073872869 -0.07970580086954965 0
2102 -0.2406902492150154 -0.08422116083747749 0
2103 -0.23907332691917 -0.08870707049496471 0
2104 -0.2373728059007005 -0.09316196122252812 0
2105 -0.2562051974836377 -0.004791584535089683 0
2106 -0.2560708056010476 -0.009581493558826801 0
2107 -0.2558468713459389 -0.01436805214642902 0
2108 -0.2555334730233872 -0.01914958653847086 0
2109 -0.2551307202220906 -0.0239244247359585 0
2110 -0.2546387537758252 -0.02869089708399616 0
2111 -0.2540577457136504 -0.03344733685794124 0
2112 -0.2533878992032559 -0.03819208081987316 0
2113 -0.2526294484738257 -0.04292346984811952 0
2114 -0.2517826587396266 -0.04763984947496219 0
2115 -0.250847826108833 -0.05233957046504673 0
2116 -0.2498252774693542 -0.05702098944558765 0
2117 -0.2487153703836229 -0.06168246942958364 0
2118 -0.2475184929629737 -0.06632238039555867 0
2119 -0.2462350637240147 -0.0709390998873395 0
2120 -0.2448655314598124 -0.0755310135169641 0
2121 -0.2434103750703742 -0.08009651558024541 0
2122 -0.2418701033780742 -0.08463400966441982 0
2123 -0.2402452549923244 -0.08914190907575995 0
2124 -0.2385363980866566 -0.09361863750259747 0
2125 -0.257454978934795 -0.00481495811808468 0
2126 -0.257319931482052 -0.009628232551556254 0
2127 -0.2570949048647294 -0.0144381402053994 0
2128 -0.2567799777698726 -0.01924299915550945 0
2129 -0.2563752603208096 -0.0240411292461997 0
2130 -0.2558808940382408 -0.02883085267879051 0
2131 -0.2552970517903453 -0.03361049459846616 0
2132 -0.2546239377360149 -0.03837838365280627 0
2133 -0.253861787246954 -0.04313285262741634 0
2134 -0.253010866831146 -0.04787223898407554 0
2135 -0.2520714740412601 -0.05259488544205528 0
2136 -0.2510439373596244 -0.05729914061287211 0
2137 -0.2499286160928911 -0.06198335952406241 0
2138 -0.2487259002459276 -0.06664590420160858 0
2139 -0.2474362103762836 -0.07128514427719737 0
2140 -0.246059997466559 -0.07589945748656242 0
2141 -0.244597742753466 -0.08048723029094121 0
2142 -0.2430499575411362 -0.08504685849136218 0
2143 -0.2414171830654809 -0.08957674765655524 0
2144 -0.2396999902726136 -0.09407531378266684 0
2145 -0.2587047603859523 -0.004838331701079768 0
2146 -0.258569057363057 -0.009674971544285895 0
2147 -0.2583429383835203 -0.01450822826437005 0
2148 -0.2580264825163587 -0.01933641177254842 0
2149 -0.2576198004195298 -0.02415783375644136 0
2150 -0.2571230343006577 -0.02897080827358544 0
2151 -0.2565363578670417 -0.03377365233899175 0
2152 -0.2558599762687756 -0.03856468648574012 0
2153 -0.2550941260200844 -0.04334223540671397 0
2154 -0.2542390749226676 -0.0481046284931898 0
2155 -0.2532951219736893 -0.05285020041906482 0
2156 -0.2522625972498973 -0.0575772917801577 0
2157 -0.2511418618021621 -0.06228424961854238 0
2158 -0.2499333075288846 -0.06696942800765981 0
2159 -0.2486373570285558 -0.07163118866705658 0
2160 -0.2472544634733091 -0.07626790145616223 0
2161 -0.2457851104365613 -0.08087794500163853 0
2162 -0.2442298117042022 -0.08545970731830616 0
2163 -0.2425891111386416 -0.09001158623735224 0
2164 -0.2408635824585749 -0.09453199006273805 0
2165 -0.2302862667884964 -0.1004728711076591 0
2166 -0.2283672749448583 -0.1047613966795897 0
2167 -0.2263684280497853 -0.1090132894754952 0
2168 -0.2242904250580859 -0.1132270626982 0
2169 -0.222133992593928 -0.1174012428992118 0
2170 -0.2198998847179899 -0.1215343704513824 0
2171 -0.2175888826613059 -0.1256250000684721 0
2172 -0.2152017945058947 -0.1296717013902489 0
2173 -0.212739454994944 -0.133673059321815 0
2174 -0.2102027251301117 -0.1376276747165119 0
2175 -0.2075924919722851 -0.1415341646979136 0
2176 -0.2049096682475396 -0.1453911632757738 0
2177 -0.2021551921072808 -0.1491973217054111 0
2178 -0.1993300266880194 -0.1529513091168332 0
2179 -0.1964351599143461 -0.1566518127869095 0
2180 -0.1934716040506314 -0.1602975387399177 0
2181 -0.1904403954129371 -0.1638872121154177 0
2182 -0.1873425938832101 -0.1674195777593243 0
2183 -0.1841792827607321 -0.1708934004042935 0
2184 -0.1809515681608441 -0.1743074653597239 0
2185 -0.2314319696098996 -0.1009727361344784 0
2186 -0.2295034305434928 -0.1052825976539742 0
2187 -0.2274946391370313 -0.1095556441444817 0
2188 -0.2254062978169656 -0.113790381423255 0
2189 -0.2232391368370023 -0.1179853286823007 0
2190 -0.2209939139960917 -0.1221390190589739 0
2191 -0.2186714144227097 -0.1262500000569182 0
2192 -0.2162724502018513 -0.1303168342298416 0
2193 -0.2137978602508031 -0.1343380994066031 0
2194 -0.2112485098336783 -0.138312389513921 0
2195 -0.208625290443115 -0.1422383147661915 0
2196 -0.2059291193294472 -0.1461145024020493 0
2197 -0.2031609393304643 -0.1499395969394463 0
2198 -0.200321718360599 -0.1537122609067247 0
2199 -0.1974124492696674 -0.1574311750364303 0
2200 -0.1944341493468899 -0.1610950389296686 0
2201 -0.1913878600743169 -0.1647025713708616 0
2202 -0.1882746465890337 -0.1682525109820788 0
2203 -0.1850955975965714 -0.1717436163307626 0
2204 -0.1818518247192488 -0.1751746666795164 0
2205 -0.2325776724312996 -0.101472601161296 0
2206 -0.2306395861421238 -0.1058037986283566 0
2207 -0.2286208502242735 -0.1100979988134657 0
2208 -0.2265221705758407 -0.114353700148307 0
2209 -0.2243442810800717 -0.1185694144653861 0
2210 -0.2220879432741883 -0.1227436676665614 0
2211 -0.219753946184108 -0.1268750000453601 0
2212 -0.217343105897802 -0.1309619670694295 0
2213 -0.2148562655066556 -0.135003139491386 0
2214 -0.212294294537238 -0.1389971043113242 0
2215 -0.2096580889139376 -0.1429424648344631 0
2216 -0.2069485704113473 -0.1468378415283183 0
2217 -0.2041666865536399 -0.1506818721734742 0
2218 -0.2013134100331705 -0.1544732126966085 0
2219 -0.19838973862498 -0.1582105372859429 0
2220 -0.1953966946431394 -0.1618925391194108 0
2221 -0.1923353247356873 -0.1655179306262966 0
2222 -0.1892066992948476 -0.1690854442048237 0
2223 -0.1860119124324005 -0.1725938322572217 0
2224 -0.182752081277643 -0.1760418679992984 0
2225 -0.2337233752526985 -0.1019724661881135 0
2226 -0.2317757417407541 -0.1063249996027394 0
2227 -0.2297470613115155 -0.1106403534824505 0
2228 -0.2276380433347164 -0.1149170188733604 0
2229 -0.2254494253231424 -0.1191535002484736 0
2230 -0.2231819725522868 -0.1233483162741515 0
2231 -0.2208364779455086 -0.127500000033805 0
2232 -0.2184137615937558 -0.131607099909021 0
2233 -0.2159146707625119 -0.1356681795761731 0
2234 -0.213340079240802 -0.1396818191087322 0
2235 -0.2106908873847652 -0.1436466149027401 0
2236 -0.2079680214932528 -0.147561180654593 0
2237 -0.2051724337768216 -0.1514241474075086 0
2238 -0.2023051017057486 -0.1552341644864993 0
2239 -0.1993670279803 -0.1589898995354631 0
2240 -0.1963592399393968 -0.1626900393091612 0
2241 -0.1932827893970662 -0.1663332898817402 0
2242 -0.1901387520006705 -0.1699183774275778 0
2243 -0.1869282272682393 -0.1734440481836906 0
2244 -0.1836523378360474 -0.1769090693190908 0
2245 -0.2348690780740973 -0.1024723312149309 0
2246 -0.2329118973393845 -0.1068462005771221 0
2247 -0.2308732723987577 -0.1111827081514354 0
2248 -0.2287539160935923 -0.1154803375984139 0
2249 -0.2265545695662131 -0.119737586031561 0
2250 -0.2242760018303852 -0.1239529648817417 0
2251 -0.2219190097069095 -0.1281250000222499 0
2252 -0.2194844172897096 -0.1322522327486126 0
2253 -0.2169730760183682 -0.1363332196609602 0
2254 -0.2143858639443661 -0.1403665339061402 0
2255 -0.2117236858555927 -0.144350764971017 0
2256 -0.2089874725751585 -0.1482845197808678 0
2257 -0.2061781810000033 -0.152166422641543 0
2258 -0.2032967933783267 -0.1559951162763901 0
2259 -0.20034431733562 -0.1597692617849834 0
2260 -0.1973217852356542 -0.1634875394989116 0
2261 -0.194230254058445 -0.1671486491371839 0
2262 -0.1910708047064935 -0.170751310650332 0
2263 -0.1878445421040781 -0.1742942641101595 0
2264 -0.1845525943944518 -0.1777762706388831 0
2265 -0.236014780895496 -0.1029721962417484 0
2266 -0.2340480529380147 -0.1073674015515048 0
2267 -0.2319994834859998 -0.1117250628204202 0
2268 -0.2298697888524681 -0.1160436563234673 0
2269 -0.2276597138092838 -0.1203216718146484 0
2270 -0.2253700311084837 -0.1245576134893318 0
2271 -0.2230015414683101 -0.1287500000106948 0
2272 -0.2205550729856633 -0.1328973655882041 0
2273 -0.2180314812742245 -0.1369982597457471 0
2274 -0.2154316486479301 -0.1410512487035482 0
2275 -0.2127564843264203 -0.1450549150392939 0
2276 -0.210006923657064 -0.1490078589071425 0
2277 -0.2071839282231851 -0.1529086978755773 0
2278 -0.2042884850509047 -0.1567560680662809 0
2279 -0.2013216066909399 -0.1605486240345036 0
2280 -0.1982843305319116 -0.164285039688662 0
2281 -0.1951777187198238 -0.1679640083926274 0
2282 -0.1920028574123164 -0.1715842438730862 0
2283 -0.1887608569399169 -0.1751444800366283 0
2284 -0.1854528509528563 -0.1786434719586755 0
2285 -0.2371604837168998 -0.1034720612685682 0
2286 -0.2351842085366503 -0.1078886025258904 0
2287 -0.2331256945732475 -0.1122674174894084 0
2288 -0.2309856616113498 -0.1166069750485244 0
2289 -0.2287648580523606 -0.12090575759774 0
2290 -0.2264640603865887 -0.1251622620969264 0
2291 -0.2240840732297177 -0.1293749999991446 0
2292 -0.2216257286816242 -0.1335424984278009 0
2293 -0.2190898865300882 -0.1376632998305401 0
2294 -0.2164774333515019 -0.1417359635009625 0
2295 -0.2137892827972559 -0.1457590651075776 0
2296 -0.2110263747389779 -0.1497311980334245 0
2297 -0.2081896754463754 -0.1536509731096193 0
2298 -0.2052801767234917 -0.1575170198561797 0
2299 -0.2022988960462691 -0.1613279862840322 0
2300 -0.1992468758281784 -0.1650825398784211 0
2301 -0.1961251833812125 -0.1687793676480802 0
2302 -0.1929349101181494 -0.1724171770958499 0
2303 -0.189677171775766 -0.1759946959631073 0
2304 -0.1863531075112713 -0.1795106732784783 0
2305 -0.1743074653282686 -0.1809515681911447 0
2306 -0.1708934003568235 -0.1841792828047786 0
2307 -0.1674195776924897 -0.1873425939429382 0
2308 -0.1638872120592274 -0.1904403954612943 0
2309 -0.1602975386406778 -0.1934716041328568 0
2310 -0.156651812680824 -0.1964351599989486 0
2311 -0.1529513089960483 -0.1993300267807035 0
2312 -0.149197321564286 -0.2021551922114387 0
2313 -0.145391163089336 -0.2049096683798274 0
2314 -0.1415341644947698 -0.2075924921107897 0
2315 -0.1376276745105872 -0.2102027252649423 0
2316 -0.1336730591475539 -0.2127394551044436 0
2317 -0.129671701236419 -0.2152017945985907 0
2318 -0.1256249999565377 -0.2175888827259359 0
2319 -0.1215343703398176 -0.2198998847796545 0
2320 -0.1174012428125252 -0.2221339926397486 0
2321 -0.1132270626337508 -0.2242904250906269 0
2322 -0.1090132894256628 -0.226368428073789 0
2323 -0.1047613966390878 -0.2283672749634443 0
2324 -0.1004728711031021 -0.2302862667904909 0
2325 -0.1751746666485996 -0.1818518247490309 0
2326 -0.1717436162784284 -0.1850955976451314 0
2327 -0.1682525109141305 -0.1882746466497574 0
2328 -0.1647025713203865 -0.1913878601177562 0
2329 -0.1610950388314776 -0.1944341494282468 0
2330 -0.1574311749334344 -0.1974124493518068 0
2331 -0.1537122607812786 -0.2003217184568605 0
2332 -0.1499395967965093 -0.2031609394359603 0
2333 -0.1461145022080875 -0.2059291194670747 0
2334 -0.1422383145682207 -0.2086252905780938 0
2335 -0.1383123893098293 -0.2112485099673098 0
2336 -0.1343380992421325 -0.2137978603541522 0
2337 -0.1303168340782578 -0.2162724502931953 0
2338 -0.1262499999574689 -0.218671414480133 0
2339 -0.1221390189474839 -0.2209939140577166 0
2340 -0.1179853285974349 -0.2232391368818621 0
2341 -0.1137903813512576 -0.2254062978533188 0
2342 -0.1095556440983556 -0.2274946391592521 0
2343 -0.1052825976170985 -0.2295034305604172 0
2344 -0.1009727361315062 -0.2314319696112047 0
2345 -0.1760418679689201 -0.1827520813069062 0
2346 -0.1725938322000233 -0.1860119124854738 0
2347 -0.1690854441357618 -0.1892066993565666 0
2348 -0.1655179305815365 -0.1923353247742084 0
2349 -0.1618925390222687 -0.1953966947236272 0
2350 -0.1582105371860363 -0.1983897387046558 0
2351 -0.1544732125665011 -0.2013134101330087 0
2352 -0.1506818720287252 -0.2041666866604732 0
2353 -0.1468378413268318 -0.2069485705543136 0
2354 -0.1429424646416649 -0.2096580890453897 0
2355 -0.1389971041090651 -0.2122942946696696 0
2356 -0.1350031393367053 -0.2148562656038533 0
2357 -0.1309619669200912 -0.2173431059877929 0
2358 -0.1268749999583951 -0.2197539462343233 0
2359 -0.1227436675551456 -0.2220879433357721 0
2360 -0.1185694143823405 -0.2243442811239695 0
2361 -0.1143537000687608 -0.2265221706160046 0
2362 -0.1100979987710453 -0.2286208502447097 0
2363 -0.1058037985951064 -0.2306395861573849 0
2364 -0.1014726011599079 -0.2325776724319135 0
2365 -0.1769090692892505 -0.1836523378647909 0
2366 -0.173444048121627 -0.1869282273258236 0
2367 -0.1699183773574007 -0.1901387520633814 0
2368 -0.1663332898426933 -0.1932827894306646 0
2369 -0.1626900392130656 -0.19635924001901 0
2370 -0.1589898994386431 -0.1993670280575053 0
2371 -0.1552341643517272 -0.2023051018091557 0
2372 -0.1514241472609437 -0.2051724338849834 0
2373 -0.1475611804455779 -0.207968021641548 0
2374 -0.1436466147151098 -0.2106908875126794 0
2375 -0.1396818189083007 -0.2133400793720214 0
2376 -0.1356681794312767 -0.2159146708535447 0
2377 -0.1316070997619223 -0.2184137616823789 0
2378 -0.1274999999593179 -0.2208364779885005 0
2379 -0.123348316162803 -0.2231819726138129 0
2380 -0.1191535001672407 -0.2254494253660604 0
2381 -0.1149170187862576 -0.2276380433786724 0
2382 -0.1106403534437275 -0.2297470613301473 0
2383 -0.106324999573106 -0.2317757417543311 0
2384 -0.1019724661883003 -0.2337233752525991 0
2385 -0.1777762706095815 -0.1845525944226769 0
2386 -0.174294264043232 -0.1878445421661765 0
2387 -0.1707513105790415 -0.1910708047702006 0
2388 -0.1671486491038525 -0.1942302540871264 0
2389 -0.1634875394038655 -0.1973217853144 0
2390 -0.1597692616912535 -0.2003443174103635 0
2391 -0.1559951161369575 -0.2032967934853128 0
2392 -0.1521664224931671 -0.206178181109505 0
2393 -0.1482845195643294 -0.2089874727287953 0
2394 -0.1443507647885607 -0.2117236859799836 0
2395 -0.1403665337075427 -0.214385864074389 0
2396 -0.1363332195258554 -0.2169730761032535 0
2397 -0.1322522326037612 -0.2194844173769838 0
2398 -0.1281249999602491 -0.2219190097426978 0
2399 -0.1239529647704693 -0.224276001891875 0
2400 -0.1197375859521504 -0.2265545696081742 0
2401 -0.1154803375037646 -0.2287539161413644 0
2402 -0.1111827081164204 -0.2308732724156105 0
2403 -0.1068462005511168 -0.2329118973513041 0
2404 -0.1024723312167045 -0.2348690780733131 0
2405 -0.1786434719299124 -0.1854528509805628 0
2406 -0.1751444799648368 -0.1887608570065288 0
2407 -0.1715842438006821 -0.1920028574770191 0
2408 -0.1679640083650112 -0.1951777187435874 0
2409 -0.1642850395946648 -0.1982843306097888 0
2410 -0.1605486239438633 -0.2013216067632204 0
2411 -0.1567560679221873 -0.2042884851614683 0
2412 -0.1529086977253897 -0.2071839283340249 0
2413 -0.1490078586830801 -0.2100069238160406 0
2414 -0.1450549148620107 -0.2127564844472853 0
2415 -0.1410512485067838 -0.2154316487767542 0
2416 -0.1369982596204328 -0.2180314813529593 0
2417 -0.1328973654455988 -0.2205550730715855 0
2418 -0.128749999961179 -0.2230015414968918 0
2419 -0.1245576133781342 -0.2253700311699338 0
2420 -0.1203216717370587 -0.2276597138502843 0
2421 -0.1160436562212699 -0.2298697889040524 0
2422 -0.1117250627891116 -0.2319994835010696 0
2423 -0.1073674015291258 -0.2340480529482729 0
2424 -0.1029721962451067 -0.2360147808940224 0
2425 -0.1795106732502537 -0.1863531075384593 0
2426 -0.1759946958864516 -0.1896771718468916 0
2427 -0.1724171770223323 -0.1929349101838479 0
2428 -0.1687793676261795 -0.1961251834000585 0
2429 -0.1650825397854732 -0.1992468759051876 0
2430 -0.1613279861964818 -0.2022988961160868 0
2431 -0.1575170197074252 -0.2052801768376333 0
2432 -0.1536509729576201 -0.2081896755585541 0
2433 -0.1497311978018381 -0.211026374903295 0
2434 -0.1457590649354678 -0.213789282914596 0
2435 -0.1417359633060316 -0.216477433479128 0
2436 -0.1376632997150167 -0.2190898866026737 0
2437 -0.1335424982874424 -0.2216257287661956 0
2438 -0.1293749999621144 -0.2240840732510941 0
2439 -0.1251622619858042 -0.2264640604480004 0
2440 -0.1209057575219716 -0.228764858092402 0
2441 -0.1166069749387795 -0.230985661666748 0
2442 -0.1122674174618067 -0.233125694586536 0
2443 -0.1078886025071383 -0.2351842085452488 0
2444 -0.1034720612735121 -0.2371604837147386 0
2445 -0.09179193236765619 -0.2338820293485868 0
2446 -0.08740255471418559 -0.2355575427139517 0
2447 -0.08298261428668963 -0.2371506867503184 0
2448 -0.07853365663783768 -0.2386609043708063 0
2449 -0.07405723750960509 -0.2400876674726269 0
2450 -0.06955492217327881 -0.2414304771595119 0
2451 -0.06502828498808767 -0.242688863880295 0
2452 -0.06047890884258802 -0.2438623875984364 0
2453 -0.05590838454390432 -0.2449506379613875 0
2454 -0.0513183102923712 -0.245953234434385 0
2455 -0.04671029115785899 -0.2468698264266969 0
2456 -0.04208593847552593 -0.2477000934247572 0
2457 -0.03744686926796981 -0.2484437451054596 0
2458 -0.03279470568791181 -0.2491005214343037 0
2459 -0.02813107451964136 -0.2496701927470897 0
2460 -0.02345760654489836 -0.2501525598413558 0
2461 -0.0187759359522556 -0.2505474540463641 0
2462 -0.01408769981661912 -0.2508547372761271 0
2463 -0.00939453752055942 -0.2510743020796284 0
2464 -0.004698090172762568 -0.2512060716796592 0
2465 -0.09224860864866216 -0.2350456215341823 0
2466 -0.08783739329541848 -0.2367294707869504 0
2467 -0.08339546311415767 -0.2383305409131996 0
2468 -0.07892437135025629 -0.2398482720533327 0
2469 -0.07442568147904401 -0.241282133479423 0
2470 -0.06990096656447584 -0.2426316238113939 0
2471 -0.06535180879609032 -0.243896271162723 0
2472 -0.06077979893672951 -0.2450756333077842 0
2473 -0.05618653571248824 -0.2461692978513558 0
2474 -0.05157362527007987 -0.2471768823666589 0
2475 -0.04694268066717619 -0.2480980345181695 0
2476 -0.04229532125552659 -0.2489324321977565 0
2477 -0.03763317210113454 -0.2496797836381726 0
2478 -0.0329578634276456 -0.2503398275110904 0
2479 -0.02827103011204017 -0.2509123330097616 0
2480 -0.02357431105369246 -0.2513970999401955 0
2481 -0.0188693485684331 -0.2517939587928976 0
2482 -0.01415778787429477 -0.2521027707949725 0
2483 -0.009441276512514443 -0.2523234279606429 0
2484 -0.004721463756629385 -0.2524558531307797 0
2485 -0.09270528492966626 -0.2362092137197734 0
2486 -0.08827223187664961 -0.2379013988599449 0
2487 -0.08380831194162408 -0.2395103950760768 0
2488 -0.07931508606267336 -0.2410356397358554 0
2489 -0.07479412544848144 -0.2424765994862154 0
2490 -0.0702470109556715 -0.2438327704632723 0
2491 -0.06567533260409168 -0.2451036784451478 0
2492 -0.06108068903086983 -0.246288879017129 0
2493 -0.05646468688107107 -0.2473879577413214 0
2494 -0.05182894024778752 -0.2484005302989304 0
2495 -0.04717507017649249 -0.2493262426096398 0
2496 -0.04250470403552645 -0.2501647709707536 0
2497 -0.03781947493429854 -0.250915822170884 0
2498 -0.03312102116737874 -0.2515791335878755 0
2499 -0.02841098570443843 -0.252154473272432 0
2500 -0.02369101556248608 -0.2526416400390341 0
2501 -0.01896276118461025 -0.25304046353943 0
2502 -0.01422787593197015 -0.2533508043138171 0
2503 -0.009488015504469278 -0.2535725538416568 0
2504 -0.00474483734049611 -0.2537056345819 0
2505 -0.09316196121066052 -0.2373728059053407 0
2506 -0.08870707045787139 -0.2390733269329168 0
2507 -0.08422116076908162 -0.2406902492389325 0
2508 -0.07970580077508202 -0.2422230074183577 0
2509 -0.07516256941791097 -0.2436710654929888 0
2510 -0.07059305534685972 -0.2450339171151329 0
2511 -0.06599885641208611 -0.2463110857275558 0
2512 -0.06138157912500369 -0.2475021247264582 0
2513 -0.05674283804964794 -0.2486066176312725 0
2514 -0.05208425522548971 -0.2496241782311886 0
2515 -0.0474074596858038 -0.250554450701098 0
2516 -0.04271408681552182 -0.2513971097437399 0
2517 -0.03800577776745855 -0.2521518607035855 0
2518 -0.0332841789071084 -0.2528184396646521 0
2519 -0.0285509412968337 -0.2533966135350951 0
2520 -0.02380772007127721 -0.2538861801378665 0
2521 -0.0190561738007854 -0.2542869682859576 0
2522 -0.01429796398964403 -0.2545988378326581 0
2523 -0.009534754496423121 -0.2548216797226682 0
2524 -0.004768210924362338 -0.254955416033019 0
2525 -0.09361863749166657 -0.2385363980909364 0
2526 -0.08914190903910435 -0.2402452550059157 0
2527 -0.08463400959654974 -0.2418701034018139 0
2528 -0.08009651548750067 -0.2434103751008843 0
2529 -0.0755310133873499 -0.244865531499785 0
2530 -0.07093909973805677 -0.2462350637670148 0
2531 -0.06632238022008881 -0.2475184930099839 0
2532 -0.06168246921914524 -0.2487153704358062 0
2533 -0.05702098921823191 -0.2498252775212408 0
2534 -0.05233957020319843 -0.2508478261634626 0
2535 -0.04763984919512105 -0.2517826587925707 0
2536 -0.04292346959552253 -0.2526294485167392 0
2537 -0.03819208060062331 -0.2533878992362987 0
2538 -0.03344733664684221 -0.2540577457414388 0
2539 -0.02869089688923253 -0.254638753797767 0
2540 -0.02392442458007131 -0.2551307202367062 0
2541 -0.01914958641696292 -0.2555334730324911 0
2542 -0.01436805204731969 -0.2558468713515034 0
2543 -0.009581493488378145 -0.2560708056036826 0
2544 -0.004791584508229157 -0.2562051974841395 0
2545 -0.09407531377267069 -0.2396999902765285 0
2546 -0.0895767476203355 -0.2414171830789123 0
2547 -0.08504685842401619 -0.2430499575646942 0
2548 -0.08048723019991773 -0.2445977427834111 0
2549 -0.07589945735678737 -0.2460599975065828 0
2550 -0.07128514412925242 -0.2474362104188998 0
2551 -0.06664590402809019 -0.2487259002924161 0
2552 -0.06198335931328557 -0.2499286161451596 0
2553 -0.05729914038681477 -0.2510439374112158 0
2554 -0.05259488518090612 -0.2520714740957446 0
2555 -0.04787223870443738 -0.2530108668840526 0
2556 -0.04313285237552242 -0.253861787289749 0
2557 -0.03837838343378736 -0.2546239377690236 0
2558 -0.0336104943865754 -0.2552970518182385 0
2559 -0.02883085248163082 -0.2558808940604531 0
2560 -0.02404112908886496 -0.2563752603355615 0
2561 -0.01924299903314009 -0.2567799777790414 0
2562 -0.01443814010499508 -0.2570949048703668 0
2563 -0.009628232480332993 -0.2573199314847163 0
2564 -0.004814958092095887 -0.2574549789352806 0
2565 -0.09453199005367742 -0.2408635824621269 0
2566 -0.09001158620156913 -0.2425891111519149 0
2567 -0.08545970725148493 -0.2442298117275802 0
2568 -0.080877944912337 -0.2457851104659433 0
2569 -0.07626790132622686 -0.2472544635133856 0
2570 -0.07163118852045006 -0.2486373570707894 0
2571 -0.0669694278360934 -0.2499333075748528 0
2572 -0.06228424940742761 -0.2511418618545169 0
2573 -0.0575772915553992 -0.2522625973011947 0
2574 -0.05285020015861525 -0.2532951220280301 0
2575 -0.04810462821375501 -0.2542390749755376 0
2576 -0.04334223515552349 -0.2550941260627617 0
2577 -0.03856468626695243 -0.255859976301751 0
2578 -0.03377365212630947 -0.2565363578950405 0
2579 -0.02897080807402988 -0.2571230343231412 0
2580 -0.02415783359765926 -0.2576198004344183 0
2581 -0.01933641164931777 -0.2580264825255928 0
2582 -0.01450822816267086 -0.258342938389231 0
2583 -0.009674971472288104 -0.2585690573657506 0
2584 -0.004838331675962746 -0.2587047603864218 0
2585 0.004698090201402891 -0.2512060716791233 0
2586 0.009394537584248287 -0.2510743020772448 0
2587 0.01408769990247044 -0.2508547372713049 0
2588 0.01877593606038614 -0.2505474540382597 0
2589 0.02345760668113374 -0.2501525598285791 0
2590 0.028131074687319 -0.2496701927281952 0
2591 0.03279470587513587 -0.2491005214096532 0
2592 0.03744686946909984 -0.2484437450751417 0
2593 0.04208593871056457 -0.24770009338482 0
2594 0.04671029141654841 -0.2468698263777472 0
2595 0.05131831054995724 -0.2459532343806362 0
2596 0.05590838477220381 -0.2449506379092762 0
2597 0.06047890904201175 -0.2438623875489744 0
2598 0.06502828517279773 -0.2426888638307979 0
2599 0.06955492232898905 -0.2414304771146481 0
2600 0.07405723764255588 -0.2400876674316121 0
2601 0.07853365674589145 -0.2386609043352449 0
2602 0.0829826143484674 -0.2371506867286959 0
2603 0.08740255475445395 -0.2355575426990044 0
2604 0.09179193238247201 -0.2338820293427658 0
2605 0.004721463784288638 -0.2524558531302621 0
2606 0.009441276576639228 -0.2523234279582426 0
2607 0.01415778796094715 -0.252102770790105 0
2608 0.01886934867682435 -0.2517939587847732 0
2609 0.02357431119095866 -0.2513970999273217 0
2610 0.02827103028151021 -0.2509123329906646 0
2611 0.03295786361540305 -0.250339827486369 0
2612 0.03763317230341941 -0.24967978360768 0
2613 0.04229532149076852 -0.2489324321577837 0
2614 0.04694268092761184 -0.2480980344688886 0
2615 0.05157362552843138 -0.2471768823127494 0
2616 0.0561865359404419 -0.2461692977993221 0
2617 0.06077979913720882 -0.2450756332580593 0
2618 0.06535180898061191 -0.2438962711132749 0
2619 0.069900966720573 -0.242631623766417 0
2620 0.07442568161205473 -0.2412821334383882 0
2621 0.07892437145713477 -0.2398482720181564 0
2622 0.08339546317792335 -0.2383305408908797 0
2623 0.08783739333657817 -0.2367294707716705 0
2624 0.09224860866301522 -0.2350456215285409 0
2625 0.004744837367174328 -0.2537056345814008 0
2626 0.009488015569030072 -0.2535725538392404 0
2627 0.0142278760194237 -0.2533508043089048 0
2628 0.01896276129326237 -0.2530404635312862 0
2629 0.02369101570078331 -0.2526416400260637 0
2630 0.0284109858757011 -0.2521544732531331 0
2631 0.03312102135566986 -0.2515791335630838 0
2632 0.03781947513773858 -0.2509158221402173 0
2633 0.04250470427097201 -0.2501647709307464 0
2634 0.0471750704386747 -0.2493262425600284 0
2635 0.05182894050690495 -0.2484005302448611 0
2636 0.05646468710867936 -0.2473879576893666 0
2637 0.06108068923240521 -0.2462888789671423 0
2638 0.0656753327884254 -0.2451036783957503 0
2639 0.07024701111215614 -0.243832770418184 0
2640 0.0747941255815527 -0.242476599445162 0
2641 0.07931508616837722 -0.2410356397010657 0
2642 0.08380831200737834 -0.2395103950530612 0
2643 0.08827223191870139 -0.2379013988443341 0
2644 0.09270528494355736 -0.2362092137143134 0
2645 0.004768210950059982 -0.2549554160325392 0
2646 0.009534754561420829 -0.2548216797202378 0
2647 0.01429796407790013 -0.2545988378277041 0
2648 0.01905617390970023 -0.2542869682777987 0
2649 0.02380772021060777 -0.253886180124805 0
2650 0.02855094146989175 -0.2533966135156011 0
2651 0.03328417909593638 -0.2528184396397982 0
2652 0.03800577797205741 -0.2521518606727536 0
2653 0.04271408705117513 -0.2513971097037082 0
2654 0.0474074599497372 -0.2505544506511673 0
2655 0.05208425548537807 -0.2496241781769718 0
2656 0.05674283827691637 -0.2486066175794099 0
2657 0.06138157932760109 -0.2475021246762242 0
2658 0.06599885659623829 -0.2463110856782242 0
2659 0.07059305550373873 -0.2450339170699496 0
2660 0.07516256955105005 -0.2436710654519345 0
2661 0.07970580087961901 -0.2422230073839734 0
2662 0.08422116083683265 -0.2406902492152409 0
2663 0.08870707050082385 -0.239073326916996 0
2664 0.09316196122409877 -0.2373728059000841 0
2665 0.004791584532945635 -0.2562051974836778 0
2666 0.00958149355381159 -0.2560708056012352 0
2667 0.01436805213637657 -0.2558468713465034 0
2668 0.01914958652613809 -0.2555334730243115 0
2669 0.02392442472043222 -0.2551307202235465 0
2670 0.0286908970640824 -0.2546387537780689 0
2671 0.0334473368362029 -0.2540577457165123 0
2672 0.03819208080637627 -0.2533878992052901 0
2673 0.04292346983137827 -0.25262944847667 0
2674 0.0476398494607997 -0.2517826587423064 0
2675 0.0523395704638512 -0.2508478261090826 0
2676 0.05702098944515335 -0.2498252774694533 0
2677 0.06168246942279698 -0.248715370385306 0
2678 0.06632238040405124 -0.2475184929606982 0
2679 0.07093909989532129 -0.2462350637217152 0
2680 0.0755310135205474 -0.244865531458707 0
2681 0.0800965155908608 -0.2434103750668812 0
2682 0.08463400966628694 -0.2418701033774209 0
2683 0.08914190908294636 -0.2402452549896578 0
2684 0.09361863750464014 -0.2385363980858548 0
2685 0.004814958115831292 -0.257454978934837 0
2686 0.009628232546202365 -0.2573199314822524 0
2687 0.01443814019485301 -0.2570949048653216 0
2688 0.01924299914257597 -0.2567799777708417 0
2689 0.0240411292302567 -0.2563752603223046 0
2690 0.02883085265827309 -0.2558808940405526 0
2691 0.03361049457646949 -0.2552970517932411 0
2692 0.03837838364069514 -0.2546239377378403 0
2693 0.04313285261158144 -0.2538617872496444 0
2694 0.04787223897186224 -0.2530108668334569 0
2695 0.05259488544232439 -0.2520714740412038 0
2696 0.05729914061339039 -0.2510439373595061 0
2697 0.0619833595179929 -0.2499286160943963 0
2698 0.0666459042118642 -0.2487259002431796 0
2699 0.0712851442869039 -0.2474362103734871 0
2700 0.07589945749004484 -0.2460599974654848 0
2701 0.08048723030210263 -0.2445977427497932 0
2702 0.08504685849574124 -0.2430499575396039 0
2703 0.08957674766506886 -0.2414171830623219 0
2704 0.09407531378518155 -0.2396999902716266 0
2705 0.004838331698717043 -0.2587047603859966 0
2706 0.009674971538593318 -0.25856905736327 0
2707 0.01450822825332974 -0.2583429383841404 0
2708 0.01933641175901422 -0.258026482517373 0
2709 0.02415783374008165 -0.2576198004210638 0
2710 0.02897080825246431 -0.2571230343030375 0
2711 0.03377365231673669 -0.2565363578699716 0
2712 0.03856468647501477 -0.2558599762703923 0
2713 0.04334223539178544 -0.2550941260226208 0
2714 0.04810462848292572 -0.2542390749246097 0
2715 0.05285020042079858 -0.2532951219733275 0
2716 0.05757729178162853 -0.2522625972495616 0
2717 0.06228424961319003 -0.2511418618034895 0
2718 0.06696942801967845 -0.2499333075256641 0
2719 0.07163118867848788 -0.2486373570252624 0
2720 0.07626790145954369 -0.2472544634722662 0
2721 0.080877945013346 -0.2457851104327088 0
2722 0.08545970732519724 -0.244229811701791 0
2723 0.09001158624719312 -0.2425891111349901 0
2724 0.09453199006572477 -0.2408635824574027 0
2725 0.1004728711169887 -0.2302862667844261 0
2726 0.1047613966992196 -0.2283672749358535 0
2727 0.1090132895059711 -0.2263684280351091 0
2728 0.1132270627288316 -0.2242904250426229 0
2729 0.1174012429254386 -0.2221339925800674 0
2730 0.1215343704774482 -0.2198998847035845 0
2731 0.1256250001072576 -0.2175888826389139 0
2732 0.1296717013898567 -0.215201794506132 0
2733 0.1336730593160996 -0.2127394549985364 0
2734 0.1376276747224838 -0.2102027251262029 0
2735 0.1415341647052373 -0.2075924919672933 0
2736 0.1453911632628269 -0.2049096682567274 0
2737 0.1491973217178273 -0.2021551920981187 0
2738 0.152951309101127 -0.1993300267000729 0
2739 0.1566518127572801 -0.1964351599379766 0
2740 0.1602975387175672 -0.1934716040691515 0
2741 0.1638872121246577 -0.1904403954049876 0
2742 0.1674195777324403 -0.1873425939072374 0
2743 0.1708934003943408 -0.1841792827699695 0
2744 0.1743074653423604 -0.1809515681775727 0
2745 0.1009727361464287 -0.2314319696046856 0
2746 0.1052825976728155 -0.2295034305348492 0
2747 0.1095556441725945 -0.2274946391234924 0
2748 0.1137903814423627 -0.2254062978073188 0
2749 0.1179853287051936 -0.2232391368249021 0
2750 0.1221390190811663 -0.2209939139838252 0
2751 0.1262500001012803 -0.2186714143970959 0
2752 0.1303168342288357 -0.2162724502024559 0
2753 0.1343380994095629 -0.2137978602489414 0
2754 0.1383123895194595 -0.2112485098300499 0
2755 0.1422383147730955 -0.2086252904384055 0
2756 0.1461145023795193 -0.2059291193454306 0
2757 0.1499395969472045 -0.2031609393247355 0
2758 0.1537122608884642 -0.2003217183746075 0
2759 0.1574311750117779 -0.1974124492893234 0
2760 0.1610950389120839 -0.1944341493614556 0
2761 0.1647025713895662 -0.1913878600582164 0
2762 0.1682525109561843 -0.18827464661217 0
2763 0.1717436163156599 -0.18509559761058 0
2764 0.175174666663186 -0.1818518247349745 0
2765 0.1014726011758676 -0.2325776724249425 0
2766 0.1058037986464105 -0.2306395861338423 0
2767 0.1100979988392169 -0.2286208502118733 0
2768 0.1143537001558928 -0.2265221705720125 0
2769 0.1185694144849477 -0.2243442810697348 0
2770 0.1227436676848835 -0.2220879432640639 0
2771 0.1268750000953024 -0.219753946155276 0
2772 0.130961967067814 -0.2173431058987781 0
2773 0.1350031395030257 -0.2148562654993449 0
2774 0.1389971043164345 -0.2122942945338955 0
2775 0.1429424648409531 -0.2096580889095164 0
2776 0.1468378414962112 -0.2069485704341326 0
2777 0.1506818721765813 -0.2041666865513513 0
2778 0.1544732126758011 -0.2013134100491413 0
2779 0.1582105372662757 -0.1983897386406696 0
2780 0.1618925391066004 -0.195396694653759 0
2781 0.1655179306544744 -0.1923353247114445 0
2782 0.1690854441799282 -0.1892066993171022 0
2783 0.1725938322369789 -0.1860119124511903 0
2784 0.1760418679840117 -0.1827520812923761 0
2785 0.1019724662053059 -0.2337233752451978 0
2786 0.106324999620005 -0.2317757417328341 0
2787 0.110640353505839 -0.229747061300253 0
2788 0.1149170188694228 -0.2276380433367051 0
2789 0.1191535002647019 -0.2254494253145666 0
2790 0.1233483162886009 -0.2231819725443021 0
2791 0.1275000000893248 -0.2208364779134558 0
2792 0.1316070999067928 -0.2184137615951002 0
2793 0.1356681795964891 -0.2159146707497485 0
2794 0.1396818191134105 -0.2133400792377412 0
2795 0.1436466149088118 -0.210690887380628 0
2796 0.1475611806129043 -0.2079680215228354 0
2797 0.1514241474059594 -0.205172433777968 0
2798 0.1552341644631395 -0.2023051017236764 0
2799 0.1589898995207749 -0.199367027992017 0
2800 0.1626900393011187 -0.196359239946064 0
2801 0.1663332899193847 -0.1932827893646746 0
2802 0.1699183774036743 -0.1901387520220365 0
2803 0.1734440481583003 -0.1869282272918029 0
2804 0.1769090693048398 -0.1836523378497802 0
2805 0.1024723312347442 -0.234869078065453 0
2806 0.1068462005935995 -0.2329118973318259 0
2807 0.1111827081724611 -0.2308732723886326 0
2808 0.1154803375829527 -0.2287539161013979 0
2809 0.119737586044456 -0.2265545695593985 0
2810 0.1239529648923184 -0.2242760018245403 0
2811 0.1281250000833472 -0.2219190096716356 0
2812 0.1322522327457717 -0.2194844172914223 0
2813 0.1363332196899524 -0.2169730760001521 0
2814 0.1403665339103864 -0.2143858639415871 0
2815 0.1443507649766705 -0.2117236858517395 0
2816 0.1482845197295974 -0.2089874726115381 0
2817 0.1521664226353375 -0.2061781810045847 0
2818 0.1559951162504779 -0.2032967933982114 0
2819 0.1597692617752743 -0.2003443173433644 0
2820 0.1634875394956371 -0.1973217852383691 0
2821 0.1671486491842951 -0.1942302540179046 0
2822 0.1707513106274204 -0.1910708047269707 0
2823 0.1742942640796218 -0.1878445421324155 0
2824 0.1777762706256681 -0.1845525944071843 0
2825 0.1029721962641827 -0.2360147808857083 0
2826 0.1073674015671942 -0.2340480529308179 0
2827 0.1117250628390836 -0.2319994834770127 0
2828 0.1160436562964833 -0.2298697888660911 0
2829 0.1203216718242108 -0.2276597138042309 0
2830 0.1245576134960366 -0.2253700311047792 0
2831 0.1287500000773706 -0.2230015414298162 0
2832 0.1328973655847516 -0.2205550729877453 0
2833 0.136998259783417 -0.218031481250557 0
2834 0.1410512487073637 -0.2154316486454342 0
2835 0.1450549150445307 -0.2127564843228524 0
2836 0.1490078588462921 -0.2100069237002425 0
2837 0.1529086978647174 -0.2071839282312031 0
2838 0.1567560680378181 -0.2042884850727482 0
2839 0.1605486240297756 -0.2013216066947139 0
2840 0.1642850396901575 -0.1982843305306763 0
2841 0.1679640084492076 -0.1951777186711368 0
2842 0.1715842438511688 -0.1920028574319073 0
2843 0.1751444800009455 -0.1887608569730305 0
2844 0.1786434719464988 -0.185452850964591 0
2845 0.1034720612936232 -0.2371604837059683 0
2846 0.1078886025407912 -0.2351842085298146 0
2847 0.1122674175057086 -0.2331256945653975 0
2848 0.1166069750100164 -0.2309856616307892 0
2849 0.1209057576039684 -0.2287648580490684 0
2850 0.1251622620997578 -0.2264640603850231 0
2851 0.1293750000713971 -0.224084073188002 0
2852 0.1335424984237349 -0.2216257286840735 0
2853 0.1376632998768851 -0.2190898865009668 0
2854 0.1417359635043446 -0.2164774333492864 0
2855 0.1457590651123946 -0.2137892827939704 0
2856 0.1497311979629908 -0.211026374788952 0
2857 0.1536509730941014 -0.2081896754578267 0
2858 0.1575170198251627 -0.2052801767472903 0
2859 0.1613279862842815 -0.2022988960460686 0
2860 0.1650825398846825 -0.1992468758229887 0
2861 0.1687793677141248 -0.1961251833243744 0
2862 0.1724171770749222 -0.1929349101368494 0
2863 0.1759946959222746 -0.1896771718136508 0
2864 0.1795106732673348 -0.186353107522003 0
2865 0.1809515681974124 -0.1743074653217647 0
2866 0.1841792827981237 -0.1708934003639983 0
2867 0.1873425939407338 -0.1674195776949589 0
2868 0.1904403954618724 -0.1638872120585578 0
2869 0.1934716041416137 -0.1602975386301108 0
2870 0.1964351600192526 -0.1566518126553657 0
2871 0.1993300267985028 -0.1529513089728538 0
2872 0.2021551922224517 -0.1491973215493657 0
2873 0.204909668377677 -0.1453911630923685 0
2874 0.2075924921014602 -0.1415341645084552 0
2875 0.2102027252694305 -0.1376276745037338 0
2876 0.2127394551089863 -0.1336730591403257 0
2877 0.215201794598466 -0.1296717012366271 0
2878 0.2175888827313116 -0.1256249999472278 0
2879 0.2198998847725185 -0.12153437035273 0
2880 0.2221339926347292 -0.1174012428220228 0
2881 0.2242904250796544 -0.1132270626554865 0
2882 0.2263684280653203 -0.1090132894432485 0
2883 0.2283672749549285 -0.1047613966576509 0
2884 0.2302862667828201 -0.1004728711206833 0
2885 0.1818518247615029 -0.1751746666356468 0
2886 0.1850955976370903 -0.1717436162870895 0
2887 0.1882746466552897 -0.1682525109079348 0
2888 0.191387860119269 -0.1647025713186238 0
2889 0.1944341494405537 -0.1610950388166189 0
2890 0.1974124493839946 -0.1574311748930675 0
2891 0.200321718478091 -0.1537122607536061 0
2892 0.2031609394563766 -0.1499395967688419 0
2893 0.2059291194708427 -0.1461145022027728 0
2894 0.2086252905689776 -0.1422383145815877 0
2895 0.2112485099789048 -0.1383123892921161 0
2896 0.2137978603615566 -0.1343380992303447 0
2897 0.2162724502949407 -0.1303168340753579 0
2898 0.2186714144925284 -0.1262499999359962 0
2899 0.2209939140546447 -0.1221390189530392 0
2900 0.2232391368826406 -0.1179853285959592 0
2901 0.2254062978456602 -0.113790381366426 0
2902 0.2274946391503133 -0.1095556441169152 0
2903 0.2295034305518098 -0.1052825976358595 0
2904 0.2314319695994276 -0.1009727361584978 0
2905 0.1827520813255931 -0.1760418679495289 0
2906 0.1860119124760565 -0.1725938322101805 0
2907 0.1892066993698452 -0.1690854441209106 0
2908 0.1923353247766649 -0.1655179305786894 0
2909 0.1953966947394931 -0.1618925390031267 0
2910 0.1983897387487357 -0.158210537130769 0
2911 0.2013134101576782 -0.1544732125343581 0
2912 0.2041666866903005 -0.1506818719883175 0
2913 0.2069485705640072 -0.1468378413131766 0
2914 0.2096580890364936 -0.1429424646547197 0
2915 0.2122942946883777 -0.1389971040804979 0
2916 0.2148562656141255 -0.1350031393203632 0
2917 0.2173431059914135 -0.130961966914088 0
2918 0.2197539462537437 -0.1268749999247638 0
2919 0.2220879433367688 -0.1227436675533475 0
2920 0.2243442811305499 -0.1185694143698947 0
2921 0.2265221706116637 -0.1143537000773645 0
2922 0.228620850235304 -0.1100979987905809 0
2923 0.2306395861486888 -0.105803798614067 0
2924 0.2325776724160325 -0.1014726011963111 0
2925 0.1836523378896847 -0.1769090692634132 0
2926 0.1869282273150227 -0.173444048133273 0
2927 0.1901387520843991 -0.169918377333887 0
2928 0.193282789434058 -0.166333289838755 0
2929 0.196359240038428 -0.1626900391896338 0
2930 0.1993670281134711 -0.1589898993684691 0
2931 0.2023051018372581 -0.1552341643151081 0
2932 0.2051724339242156 -0.1514241472077906 0
2933 0.2079680216571617 -0.147561180423577 0
2934 0.2106908875039981 -0.1436466147278476 0
2935 0.2133400793978377 -0.1396818188688751 0
2936 0.21591467086668 -0.1356681794103762 0
2937 0.2184137616878709 -0.1316070997528122 0
2938 0.2208364780149416 -0.1274999999135247 0
2939 0.2231819726188744 -0.1233483161536485 0
2940 0.2254494253784393 -0.1191535001438224 0
2941 0.2276380433776459 -0.1149170187882945 0
2942 0.2297470613202718 -0.1106403534642374 0
2943 0.2317757417455437 -0.1063249995922647 0
2944 0.2337233752326121 -0.101972466234114 0
2945 0.1845525944537777 -0.1777762705772979 0
2946 0.1878445421539915 -0.1742942640563666 0
2947 0.1910708047989571 -0.1707513105468652 0
2948 0.1942302540914564 -0.1671486490988231 0
2949 0.1973217853373697 -0.1634875393761439 0
2950 0.2003443174782146 -0.1597692616061726 0
2951 0.2032967935168476 -0.155995116095862 0
2952 0.2061781811581415 -0.1521664224272681 0
2953 0.2089874727503282 -0.1482845195339827 0
2954 0.2117236859715159 -0.1443507648009812 0
2955 0.2143858641073125 -0.1403665336572584 0
2956 0.2169730761192507 -0.1363332195003961 0
2957 0.2194844173843455 -0.1322522325915436 0
2958 0.2219190097761583 -0.1281249999022936 0
2959 0.2242760019010001 -0.123952964753958 0
2960 0.22655456962635 -0.1197375859177588 0
2961 0.2287539161436508 -0.1154803374992339 0
2962 0.2308732724052637 -0.1111827081379038 0
2963 0.2329118973424236 -0.1068462005704728 0
2964 0.2348690780492181 -0.1024723312719279 0
2965 0.1854528510178731 -0.1786434718911851 0
2966 0.1887608569929627 -0.1751444799794625 0
2967 0.1920028575135173 -0.1715842437598455 0
2968 0.1951777187488568 -0.1679640083588931 0
2969 0.1982843306363132 -0.1642850395626558 0
2970 0.2013216068429596 -0.160548623843878 0
2971 0.2042884851964385 -0.1567560678766177 0
2972 0.2071839283920688 -0.1529086976467472 0
2973 0.2100069238434958 -0.1490078586443896 0
2974 0.2127564844390348 -0.145054914874116 0
2975 0.215431648816788 -0.1410512484456428 0
2976 0.2180314813718219 -0.1369982595904168 0
2977 0.2205550730808206 -0.1328973654302758 0
2978 0.2230015415373751 -0.128749999891063 0
2979 0.2253700311831259 -0.1245576133542679 0
2980 0.2276597138742606 -0.1203216716916957 0
2981 0.2298697889096554 -0.1160436562101735 0
2982 0.2319994834902552 -0.1117250628115703 0
2983 0.2340480529393031 -0.1073674015486809 0
2984 0.2360147808658233 -0.1029721963097415 0
2985 0.1863531075819739 -0.1795106732050777 0
2986 0.1896771718319392 -0.1759946959025636 0
2987 0.1929349102280826 -0.1724171769728308 0
2988 0.1961251834062621 -0.1687793676189679 0
2989 0.1992468759352616 -0.1650825397491722 0
2990 0.2022988962077095 -0.1613279860815876 0
2991 0.205280176876034 -0.1575170196573774 0
2992 0.2081896756260005 -0.1536509728662302 0
2993 0.2110263749366679 -0.1497311977548003 0
2994 0.2137892829065579 -0.1457590649472543 0
2995 0.2164774335262676 -0.1417359632340304 0
2996 0.2190898866243971 -0.1376632996804406 0
2997 0.2216257287772995 -0.1335424982690109 0
2998 0.2240840732985958 -0.1293749998798351 0
2999 0.2264640604652552 -0.1251622619545802 0
3000 0.2287648581221747 -0.1209057574656348 0
3001 0.2309856616756633 -0.1166069749211151 0
3002 0.2331256945752497 -0.1122674174852385 0
3003 0.2351842085361856 -0.1078886025268905 0
3004 0.2371604836824314 -0.1034720613475564 0
3005 0.2338820293518356 -0.09179193235937771 0
3006 0.2355575427182129 -0.08740255470270047 0
3007 0.2371506867570468 -0.08298261426746041 0
3008 0.2386609043763268 -0.07853365662106052 0
3009 0.2400876674806247 -0.0740572374836764 0
3010 0.2414304771684029 -0.06955492214241689 0
3011 0.2426888638902374 -0.06502828495098147 0
3012 0.2438623876065171 -0.06047890881000453 0
3013 0.2449506379702638 -0.05590838450501466 0
3014 0.2459532344407842 -0.05131831026170108 0
3015 0.2468698264320527 -0.04671029112955261 0
3016 0.2477000934274003 -0.04208593845996915 0
3017 0.2484437451081532 -0.03744686925009832 0
3018 0.2491005214348274 -0.03279470568393374 0
3019 0.2496701927474324 -0.02813107451659985 0
3020 0.2501525598435864 -0.02345760652111026 0
3021 0.2505474540495882 -0.01877593590923197 0
3022 0.2508547372772666 -0.01408769979632589 0
3023 0.2510743020799085 -0.009394537513075297 0
3024 0.2512060716797708 -0.00469809016679651 0
3025 0.2350456215369635 -0.09224860864157433 0
3026 0.2367294707906744 -0.08783739328538051 0
3027 0.2383305409194012 -0.083395463096433 0
3028 0.2398482720588993 -0.07892437133333832 0
3029 0.2412821334875202 -0.07442568145279217 0
3030 0.2426316238203944 -0.06990096653323308 0
3031 0.2438962711725186 -0.06535180875953134 0
3032 0.2450756333153888 -0.06077979890606504 0
3033 0.2461692978597433 -0.05618653567573892 0
3034 0.2471768823725458 -0.05157362524186461 0
3035 0.248098034523134 -0.04694268064093692 0
3036 0.2489324322000406 -0.04229532124208162 0
3037 0.2496797836403842 -0.03763317208646047 0
3038 0.2503398275112638 -0.03295786342632782 0
3039 0.2509123330095521 -0.0282710301138975 0
3040 0.2513970999418446 -0.02357431103610575 0
3041 0.25179395879585 -0.018869348529034 0
3042 0.2521027707959962 -0.01415778785606201 0
3043 0.2523234279608539 -0.009441276506872508 0
3044 0.2524558531309038 -0.004721463749995014 0
3045 0.2362092137220889 -0.09270528492376989 0
3046 0.2379013988631334 -0.08827223186805949 0
3047 0.2395103950817534 -0.08380831192540464 0
3048 0.2410356397414696 -0.07931508604561521 0
3049 0.2424765994944136 -0.07479412542190712 0
3050 0.2438327704723838 -0.07024701092404845 0
3051 0.2451036784547979 -0.06567533256808046 0
3052 0.2462888790242588 -0.06108068900212484 0
3053 0.2473879577492213 -0.05646468684646251 0
3054 0.2484005303043059 -0.05182894022202757 0
3055 0.249326242614214 -0.04717507015232069 0
3056 0.2501647709726798 -0.0425047040241936 0
3057 0.2509158221726142 -0.03781947492282221 0
3058 0.2515791335876991 -0.03312102116872153 0
3059 0.2521544732716711 -0.02841098571119481 0
3060 0.252641640040102 -0.02369101555110095 0
3061 0.2530404635421112 -0.01896276114883582 0
3062 0.2533508043147255 -0.01422787591579797 0
3063 0.253572553841799 -0.009488015500669616 0
3064 0.2537056345820368 -0.004744837333193465 0
3065 0.2373728059071886 -0.09316196120595488 0
3066 0.2390733269355681 -0.08870707045072844 0
3067 0.2406902492440824 -0.08422116075436667 0
3068 0.2422230074240181 -0.07970580075788307 0
3069 0.2436710655012864 -0.07516256939101354 0
3070 0.2450339171243539 -0.07059305531485585 0
3071 0.2463110857370591 -0.0659988563766221 0
3072 0.2475021247331119 -0.06138157909817771 0
3073 0.2486066176386837 -0.05674283801717972 0
3074 0.2496241782360518 -0.05208425520218462 0
3075 0.2505544507052809 -0.04740745966369912 0
3076 0.2513971097453071 -0.04271408680630077 0
3077 0.2521518607048336 -0.03800577775917967 0
3078 0.2528184396641254 -0.03328417891111148 0
3079 0.2533966135337822 -0.02855094130848892 0
3080 0.2538861801383528 -0.02380772006609348 0
3081 0.2542869682883672 -0.01905617376863548 0
3082 0.2545988378334507 -0.01429796397553232 0
3083 0.2548216797227416 -0.009534754494465648 0
3084 0.2549554160331682 -0.004768210916391378 0
3085 0.2385363980923149 -0.09361863748815082 0
3086 0.240245255008028 -0.0891419090334078 0
3087 0.2418701034064354 -0.08463400958333862 0
3088 0.2434103751065892 -0.08009651547016026 0
3089 0.2448655315081805 -0.07553101336012881 0
3090 0.246235063776344 -0.07093909970567153 0
3091 0.2475184930193391 -0.06632238018517145 0
3092 0.2487153704419824 -0.06168246919423776 0
3093 0.2498252775281623 -0.05702098918790354 0
3094 0.2508478261678124 -0.05233957018234778 0
3095 0.2517826587963614 -0.04763984917508308 0
3096 0.2526294485179467 -0.04292346958841294 0
3097 0.2533878992370641 -0.03819208059554154 0
3098 0.2540577457405612 -0.03344733665350532 0
3099 0.2546387537959015 -0.02869089690578635 0
3100 0.2551307202366105 -0.02392442458108877 0
3101 0.2555334730346286 -0.01914958638843737 0
3102 0.25584687135218 -0.01436805203526833 0
3103 0.2560708056036869 -0.009581493488262791 0
3104 0.2562051974843012 -0.004791584499589846 0
3105 0.2396999902774413 -0.09407531377034641 0
3106 0.2414171830804892 -0.08957674761608683 0
3107 0.2430499575687908 -0.08504685841231024 0
3108 0.2445977427891638 -0.08048723018243718 0
3109 0.2460599975150793 -0.0758994573292438 0
3110 0.2474362104283398 -0.07128514409648695 0
3111 0.2487259003016259 -0.0666459039937206 0
3112 0.2499286161508609 -0.06198335929029761 0
3113 0.2510439374176497 -0.05729914035862718 0
3114 0.2520714740995831 -0.05259488516251076 0
3115 0.253010866887453 -0.0478722386864669 0
3116 0.2538617872905984 -0.04313285237052496 0
3117 0.2546239377693078 -0.03837838343190331 0
3118 0.2552970518170113 -0.03361049439589904 0
3119 0.255880894058036 -0.02883085250308369 0
3120 0.2563752603348846 -0.024041129096084 0
3121 0.2567799777809074 -0.01924299900823921 0
3122 0.2570949048709279 -0.01443814009500429 0
3123 0.2573199314846518 -0.009628232482059906 0
3124 0.2574549789354548 -0.004814958082788303 0
3125 0.2408635824625703 -0.09453199005254308 0
3126 0.2425891111529528 -0.09001158619876688 0
3127 0.2442298117311485 -0.08545970724128286 0
3128 0.2457851104717406 -0.08087794489471505 0
3129 0.2472544635219801 -0.07626790129835963 0
3130 0.2486373570803375 -0.07163118848730317 0
3131 0.2499333075839144 -0.06696942780227051 0
3132 0.2511418618597411 -0.06228424938635817 0
3133 0.2522625973071388 -0.05757729152935148 0
3134 0.2532951220313553 -0.05285020014267434 0
3135 0.2542390749785458 -0.04810462819785125 0
3136 0.2550941260632513 -0.04334223515263748 0
3137 0.2558599763015524 -0.0385646862682655 0
3138 0.2565363578934622 -0.03377365213829316 0
3139 0.2571230343201715 -0.02897080810038137 0
3140 0.2576198004331594 -0.0241578336110795 0
3141 0.258026482527187 -0.01933641162804126 0
3142 0.2583429383896761 -0.01450822815474043 0
3143 0.2585690573656168 -0.009674971475857134 0
3144 0.2587047603866084 -0.004838331665986812 0
3145 -0.2294057674871443 -0.1301376174604156 0
3146 -0.2428525927642065 -0.1029720353351503 0
3147 -0.2528700712604104 -0.07543648271141373 0
3148 -0.2600492482670618 -0.04676606574247504 0
3149 -0.263185900315885 -0.01736634043154146 0
3150 -0.2641603977372738 0.01245096993560865 0
3151 -0.2604729730422758 0.04194266869811703 0
3152 -0.2545195308272724 0.07069148758508373 0
3153 -0.2452759200535335 0.09879973313220088 0
3154 -0.2323033251092213 0.1255219252607651 0
3155 -0.1296021628717155 0.2304159724558453 0
3156 -0.1028500731447756 0.24342120565433 0
3157 -0.07543792722331949 0.2531246111994112 0
3158 -0.04627964539648033 0.2597796197300028 0
3159 -0.01734338384217952 0.2636255328469232 0
3160 0.01218679962777493 0.2641413941032683 0
3161 0.04169231979191888 0.2614698311579413 0
3162 0.07065868221186959 0.2550968201192528 0
3163 0.09907754307616248 0.2448533089169636 0
3164 0.1253355490482322 0.2325215101808202 0
3165 0.2307202987091295 -0.1305254046279251 0
3166 0.2431226552947035 -0.1041321013002688 0
3167 0.2530039475206429 -0.07556616400154445 0
3168 0.2599338200973683 -0.0467769568518449 0
3169 0.2630289418625797 -0.01731594930267258 0
3170 0.2639955724938098 0.01193977682469978 0
3171 0.2608687063488556 0.04181775360874815 0
3172 0.2541424601691638 0.07107427301157536 0
3173 0.2453708052216094 0.09854005384131445 0
3174 0.2324462448571989 0.1256295349360974 0
3175 -0.1296093677603271 -0.229860268045168 0
3176 -0.1039781540328896 -0.2435201093888114 0
3177 -0.0756368979255447 -0.2529978709048187 0
3178 -0.04668839106732685 -0.2600411517336765 0
3179 -0.01748530875580489 -0.2631461896708622 0
3180 0.0122817402732748 -0.26332382177516 0
3181 0.04235027420719689 -0.2612129454278884 0
3182 0.07076284036745105 -0.2545463157900695 0
3183 0.09881804327543829 -0.2450228576634164 0
3184 0.1254254904078385 -0.2318560552931228 0
3185 -0.6987734593411594 -0.3702514567146405 0
3186 -0.1776742786641165 -0.1950306949121277 0
3187 -0.1985056160572659 -0.1738739645949033 0
3188 -0.2140316481886951 -0.1548924142917525 0
3189 -0.1586910345866971 -0.2110307344841635 0
3190 -0.3752868374789565 0.7014076001759143 0
3191 -0.1959189344782677 0.1777938522260024 0
3192 -0.2144902712347898 0.1550126396023228 0
3193 -0.1736248712859235 0.198911452420686 0
3194 -0.1544713207495881 0.2143886684032514 0
3195 0.7113805554201235 -0.379065769625443 0
3196 0.1774212967769606 -0.1954645011682901 0
3197 0.1982774462959261 -0.1741755300673266 0
3198 0.1551499111880986 -0.2140413843662752 0
3199 0.2138569526412817 -0.1547787059803279 0
3200 0.7066179446010691 0.3744891543073485 0
3201 0.177572442798221 0.1955250822427661 0
3202 0.1550843031085142 0.2138658643149954 0
3203 0.1986354602172025 0.1741986234107622 0
3204 0.2147936907603229 0.1545535192038826 0
3205 0.3728230214435806 -0.707225464961717 0
3206 -0.70908775133984 0.3793793362489146 0
3207 0.3775234293637376 0.7145369713443528 0
3208 -0.3717749804204842 -0.7138079238669288 0
3209 0.2244534641098598 -0.7073903358062144 0
3210 0.7057374947637345 0.2267555774022649 0
3211 -0.7073573192503735 0.2293315896718231 0
3212 0.2278154455647208 0.7091907924747161 0
3213 0.7066987298109383 -0.2250000000019416 0
3214 -0.7044139845397919 -0.2318468377860268 0
3215 -0.2279799964301829 0.7071669612383086 0
3216 -0.2254529498425201 -0.7057002885108986 0
3217 0.7068638897644377 -0.08223022962178163 0
3218 -0.07774348144716707 -0.7081097801192962 0
3219 -0.07323782970718111 0.7075077261133133 0
3220 -0.7066987298106272 -0.07499999999750384 0
3221 -0.7066987298109383 0.07500000000249646 0
3222 0.07500000000249646 0.7066987298109383 0
3223 0.07499999999740455 -0.7066987298106515 0
3224 0.7071898821663218 0.07459040719367749 0
3225 -0.2225605274411149 -0.1425462635747929 0
3226 -0.1426478896225416 0.2223798237868811 0
3227 -0.1169572362406776 0.2371807494618685 0
3228 -0.2369835277067721 -0.1171052507826085 0
3229 0.2220505987806287 -0.142435580977389 0
3230 0.1885579753577974 -0.1856126757303967 0
3231 0.2372785271198338 -0.1173274757929879 0
3232 -0.2225842165833142 0.1422008024525871 0
3233 -0.06120565579391647 -0.2578309700123789 0
3234 -0.2050100500423107 0.1666495899847426 0
3235 0.1379583924215303 0.2254514514798681 0
3236 -0.184869551147374 0.1886150486913182 0
3237 -0.1881397422269897 -0.185173103168466 0
3238 0.2481104426741683 -0.09006358231500974 0
3239 -0.1467811996409207 -0.2196735894304197 0
3240 0.2248511659982278 0.1390060740790008 0
3241 -0.2584357786813757 0.05597242458157595 0
3242 0.257033831765407 -0.06055240131984785 0
3243 0.2388999885856619 0.112337935542011 0
3244 0.1123583743439907 -0.23872937172722 0
3245 0.05638580381743021 0.2575254560515519 0
3246 0.1669895918655632 0.2045102539094766 0
3247 -0.08958724300154186 -0.2485464390403154 0
3248 -0.2620779061079886 -0.03181082564319801 0
3249 -0.03203431814512115 0.2622498978641097 0
3250 -0.2626077902639455 0.02705736717083494 0
3251 0.0849240429498139 0.2501781633111618 0
3252 -0.1168523090190161 -0.2369530424623341 0
3253 0.138102368290956 -0.225233472288483 0
3254 0.2626521731147224 0.02707285297665918 0
3255 0.02782210092598531 0.2633220470435726 0
3256 0.02748413638574406 -0.2628544330209595 0
3257 0.2622498978660653 -0.03203431795478431 0
3258 -0.2507258183256831 0.08433960991028987 0
3259 0.05562666018281565 -0.2577809045750759 0
3260 0.1883368597892102 0.1849639961417963 0
3261 -0.2383095258069852 0.1120921972814642 0
3262 0.1656900169531202 -0.2048483867141867 0
3263 0.2503723528345752 0.08448953042505854 0
3264 -0.06119556551639163 0.2570142198736685 0
3265 -0.2571072463417736 -0.06204343920482396 0
3266 0.2580690375150356 0.05641460530670027 0
3267 -0.003092468799067724 -0.2637149465027095 0
3268 -0.09010573096055269 0.248719327506344 0
3269 -0.2489013297686667 -0.09019848403870884 0
3270 0.2636583516366543 -0.002338916841999226 0
3271 -0.03171576645317803 -0.2620597014733334 0
3272 -0.002330848607619433 0.2642913028459493 0
3273 0.1124011254104243 0.2390966195096756 0
3274 0.08486069172502601 -0.2500026925551051 0
3275 -0.2642241702820841 -0.002421236071922435 0
3276 -0.5249999999991679 0.706698729810618 0
3277 0.706698729810618 0.524999999999168 0
3278 -0.7074700463399928 -0.5248628535185618 0
3279 0.5228240638598405 -0.7067610357540359 0
3280 -0.5218176079376333 -0.7054165543059934 0
3281 0.7090680608166411 -0.5224996132864035 0
3282 0.5250000000008319 0.7066987298109383 0
3283 -0.7107617758501656 0.5294016503591491 0
3284 0.2081260912673476 -0.1634065153657976 0
3285 -0.208090364564054 -0.1627869976647169 0
3286 -0.1624355572777188 0.2079701990861182 0
3287 -0.1704663869389524 -0.2017821551681298 0
3288 0.14699263913722 0.2199669952704813 0
3289 0.2197110846169588 0.1466699295272677 0
3290 0.208290801454566 0.1632618653000355 0
3291 -0.138464698399523 -0.225008297063413 0
3292 0.1466963194779397 -0.2194081266437636 0
3293 -0.2273137918046205 0.1340414009478208 0
3294 -0.7069313879888295 -0.6237449166700592 0
3295 0.6239124972632313 -0.7067143897870829 0
3296 0.7075953783174977 0.626553040769903 0
3297 -0.6266610646599823 0.7028779441427664 0
3298 -0.6242603850499512 -0.71025828554613 0
3299 0.7056349493897488 -0.6272511724038174 0
3300 0.6167202422552227 0.7073699824668449 0
3301 -0.7109671752423887 0.6317174980885307 0
3302 0.0260931356703132 -0.7073298519857973 0
3303 0.0512753249490586 -0.6641337688256845 0
3304 0.1002125541559853 -0.6635201778220172 0
3305 0.07524797984885537 -0.6202393606663117 0
3306 0.1250767556655886 -0.6201405043377998 0
3307 0.100054122583634 -0.5768261669328295 0
3308 0.1500218130394605 -0.5768075130085935 0
3309 0.1260975308149965 -0.5328996998832003 0
3310 0.175186557306878 -0.5333967564859028 0
3311 0.07369339336984586 -0.5274592810208479 0
3312 0.1516665439585152 -0.4896882478581812 0
3313 0.1992210690027037 -0.4899010418124952 0
3314 0.1763221760648099 -0.4485745934617474 0
3315 0.2225339689408422 -0.4483516972169186 0
3316 0.198823104600424 -0.4106707914452228 0
3317 0.2416357846834772 -0.4097800298828223 0
3318 0.268245315844392 -0.4479820363896446 0
3319 0.2881535026293521 -0.4001590771513805 0
3320 0.3162047133832129 -0.4471793082438723 0
3321 0.3389272608611207 -0.4039399833064997 0
3322 0.3154017895281188 -0.3618736234553691 0
3323 0.3605170182300644 -0.3622743612366431 0
3324 0.3301475219884665 -0.3200662613547622 0
3325 0.381763097079364 -0.3211786074711199 0
3326 0.3542981124306798 -0.2815298668608865 0
3327 0.4012634632650676 -0.2822396240585794 0
3328 0.38052083361523 -0.2484471799002715 0
3329 0.4211135065242428 -0.2447664708251818 0
3330 0.3975161978148617 -0.209624065536925 0
3331 0.1528078450574645 -0.408512880409207 0
3332 0.3891887642406877 -0.4031232654428994 0
3333 0.4391149302960012 -0.2059511734833732 0
3334 0.4183972596813754 -0.1724744707019648 0
3335 0.1760011093036869 -0.3782767462491875 0
3336 0.1442901746060795 -0.3746988140476253 0
3337 0.3202953807402027 -0.2884910761875485 0
3338 0.1594700248703263 -0.3509846265123125 0
3339 0.1309610973116268 -0.3481471276985244 0
3340 0.117392509127264 -0.3699484703202972 0
3341 0.1070371518020488 -0.3502697408849452 0
3342 0.09322446983156785 -0.3681422110718662 0
3343 0.08509457394271297 -0.3457281234440293 0
3344 0.07100559606281039 -0.3651818151382465 0
3345 0.06279742596293285 -0.3456667945603183 0
3346 0.04997416681821088 -0.3624129140095131 0
3347 0.04252070103304515 -0.3415721345078188 0
3348 0.02998034118910457 -0.3595719939266401 0
3349 0.02265862422841233 -0.3420494851079177 0
3350 0.01069300019367581 -0.3573366814644432 0
3351 0.004223269072538441 -0.3380228057484988 0
3352 -0.007716574586793278 -0.3550654072597078 0
3353 -0.01444752067799524 -0.3384566576161686 0
3354 -0.02562646059556309 -0.3531340491727765 0
3355 -0.03207545465844492 -0.3345187887713463 0
3356 -0.04353601863685348 -0.3508492414203713 0
3357 -0.03644054464058789 -0.3694186984218907 0
3358 -0.05731906491526104 -0.3666277124415035 0
3359 0.01743422102232873 -0.3758169629254245 0
3360 -0.04898260477132178 -0.3877252912929506 0
3361 -0.07282879049450504 -0.3845140681756511 0
3362 -0.0806831699899883 -0.3615823825554785 0
3363 -0.09848506169666874 -0.381183052567321 0
3364 -0.08912544753172458 -0.4052233838368589 0
3365 -0.1172653850588641 -0.4004983595350272 0
3366 -0.1239601705452049 -0.3703423186267493 0
3367 -0.1457477539632703 -0.3933445759840793 0
3368 -0.1538390493062213 -0.3646966249428165 0
3369 -0.1750020966347885 -0.3864194374741917 0
3370 -0.1838046092052355 -0.3561638506708408 0
3371 -0.2047657093700246 -0.3791683682475026 0
3372 -0.2158116077422811 -0.3492133346074485 0
3373 -0.2369263908711697 -0.3723953402973434 0
3374 -0.245819679213274 -0.3410347596531789 0
3375 -0.2699094249684059 -0.3644299587697342 0
3376 -0.2773727006841419 -0.3255975879801303 0
3377 -0.305433283646221 -0.3564387754572051 0
3378 -0.3180892632717695 -0.3154006515330024 0
3379 -0.3449884212275429 -0.3481450941995714 0
3380 -0.359405708830597 -0.3086315999032209 0
3381 -0.1380968439776089 -0.4238126177185262 0
3382 -0.2273440806627248 -0.4054813611126357 0
3383 -0.3876310498257703 -0.3387762374904147 0
3384 -0.3994655343662675 -0.2961158791902122 0
3385 -0.3659608542807945 -0.266233125239244 0
3386 -0.4114969066942081 -0.2549202304491962 0
3387 -0.380457398764427 -0.2247577287773861 0
3388 -0.4195006137611295 -0.2143896189925166 0
3389 -0.3909168814192244 -0.1888181474157486 0
3390 -0.42684787967882 -0.1767802465513172 0
3391 -0.394758094099364 -0.1516543741987106 0
3392 -0.4342907742336246 -0.1400919311574269 0
3393 -0.4080452046392417 -0.1150594348555996 0
3394 -0.4428100886257728 -0.1045298310340794 0
3395 -0.4180631957133829 -0.08247215621314483 0
3396 -0.4518607806469196 -0.06988439008478921 0
3397 -0.4220782575144859 -0.04798921775296342 0
3398 -0.3322268618290882 -0.3898816956078013 0
3399 -0.4603773498502999 -0.03368274705054797 0
3400 -0.4286381614425552 -0.006433221673943998 0
3401 -0.4687780790986111 0.003356631638165254 0
3402 -0.4421235594061943 0.02978407322530037 0
3403 -0.2923575812506309 -0.290415122104399 0
3404 -0.4798843852609875 0.0406734176973538 0
3405 -0.4508953776939605 0.06718527105668765 0
3406 -0.412864773443823 0.05657931054993866 0
3407 -0.4232953788907627 0.09041003018151975 0
3408 -0.4584361518780525 0.1048596153847252 0
3409 -0.4235569213355795 0.1273242023475231 0
3410 -0.4652264549124506 0.1446701561702052 0
3411 -0.4325467373499293 0.1686387908112891 0
3412 -0.3966753413554511 0.1556747752379763 0
3413 -0.4021766038170421 0.1918416029413779 0
3414 -0.4385334355548378 0.2090569501356936 0
3415 -0.4002511517638248 0.2322752475216084 0
3416 -0.443980185768767 0.2520190513350092 0
3417 -0.4053417565288609 0.2763039181367218 0
3418 -0.3667648536678841 0.2562153831668411 0
3419 -0.3683649739135424 0.2985959907856178 0
3420 -0.4069020062720496 0.3215110504723524 0
3421 -0.3672323848879744 0.3449969455037234 0
3422 -0.4083182841089394 0.369849320396037 0
3423 -0.3292212147493292 0.3153710841734788 0
3424 -0.3272836356340751 0.3645187115165845 0
3425 -0.292121250053014 0.3410550668160344 0
3426 -0.2897049260149741 0.3836493962270034 0
3427 -0.2527186538487843 0.3564866252796696 0
3428 -0.253469912861258 0.4011616416194172 0
3429 -0.2165818815766894 0.3760390703428521 0
3430 -0.2209832867501635 0.4190501331223276 0
3431 -0.186591586308413 0.398592783217101 0
3432 -0.1867337542314225 0.4397009666158631 0
3433 -0.1504459396554002 0.4128234227192745 0
3434 -0.2881434606919179 0.4266331099350698 0
3435 -0.2917256242069853 0.3029569505778158 0
3436 -0.1474778775237338 0.458388293783612 0
3437 -0.1145657486757637 0.43510127019302 0
3438 -0.1148396090130609 0.3991986803784869 0
3439 -0.08113737688267807 0.4111414008708692 0
3440 -0.0798838183711181 0.4507972641702075 0
3441 -0.05035445255109373 0.4292331421457758 0
3442 -0.04611446306625988 0.4660201418852775 0
3443 -0.01703048583589833 0.4431694037504629 0
3444 -0.02085114651458646 0.40626599055796 0
3445 0.01444919471597824 0.4174667417434038 0
3446 0.01734357507624954 0.4548285097161274 0
3447 0.04626023436687067 0.4329769775431407 0
3448 0.05325786777183254 0.4691132581809623 0
3449 0.08029046446510121 0.4430488638741442 0
3450 0.07114168481042094 0.4077522393389086 0
3451 0.1056684591622549 0.4139005037115899 0
3452 0.1158422944560696 0.4518536628414287 0
3453 0.1409541201422803 0.4246503130385311 0
3454 0.1337247033123903 0.3934877594769226 0
3455 0.1642677332359605 0.3982360403946332 0
3456 0.1772904299872378 0.4333435525636 0
3457 0.2001345996509677 0.3993476445249611 0
3458 0.2170457772111724 0.4405624670137816 0
3459 0.2418993118112319 0.4077130210737844 0
3460 0.2259802767227416 0.3755089064654888 0
3461 0.2621745343337119 0.3778020308261675 0
3462 0.2835444504710991 0.4127169698430631 0
3463 0.304431744565165 0.3716582800954755 0
3464 0.3285672278613827 0.4187782245952039 0
3465 0.3548286310125485 0.3795942632944718 0
3466 0.3356665452878487 0.3364679205929458 0
3467 0.3814901490173874 0.3419056907997688 0
3468 0.3613599440571396 0.3005358284172931 0
3469 0.3767110613902323 0.4251845857788182 0
3470 0.4069096184391257 0.3019298312418716 0
3471 0.3809052667629961 0.2594289715438447 0
3472 0.318269230392509 0.2969659112865324 0
3473 0.4317184705620041 0.2640554782617568 0
3474 0.4097703371888285 0.2253470099869078 0
3475 0.3697430489476167 0.2207368228090269 0
3476 0.3919603140978906 0.190243003041394 0
3477 0.4309663838464401 0.1896033275115395 0
3478 0.4078209290600628 0.1548207475717988 0
3479 0.4502048815894216 0.1551978518554704 0
3480 0.429312946662661 0.1224608736511859 0
3481 -0.3546289748117155 -0.1982925453559177 0
3482 0.3960969109203026 0.1253326790437926 0
3483 0.4069399787472532 0.0942290436274678 0
3484 0.4448096765786745 0.08911145220157804 0
3485 0.4244873780792674 0.06092702160214201 0
3486 0.4606071252876142 0.05644233511785698 0
3487 -0.2214674157749104 -0.3197921928804998 0
3488 0.3799058348194156 -0.1742868710270024 0
3489 0.3910865114951362 0.06212966480932915 0
3490 0.3969614150055215 -0.1440113666132592 0
3491 0.4291544910488005 -0.1401114256694789 0
3492 -0.090314733998009 0.3795721503416277 0
3493 -0.1125268781246308 0.3689506886146271 0
3494 -0.399946833690412 -0.02343905277991903 0
3495 -0.2212796503464032 0.3435730750629686 0
3496 0.3541460263388707 0.1878719928881624 0
3497 -0.376907989340694 -0.12272327372787 0
3498 -0.4493855152813391 -0.283555975045641 0
3499 0.365818894773941 -0.1437956106156974 0
3500 0.378079630570162 -0.1196638415422353 0
3501 0.1469797480328878 -0.3288685581009547 0
3502 -0.4715376328883094 -0.1316593467269087 0
3503 0.1697598414962586 -0.3290575102440297 0
3504 0.4574757579440878 -0.2751560001211267 0
3505 -0.1618511137097826 -0.3406313669204716 0
3506 0.3491437710485811 -0.1211006502684042 0
3507 0.3622623192890467 -0.09870318487647257 0
3508 0.3361759260244992 -0.1448561865417418 0
3509 0.1559352370607026 -0.3082955308597818 0
3510 0.1372334768345394 -0.3116413569463436 0
3511 0.1773285721429153 -0.3089073972549259 0
3512 -0.09245379319535225 0.35422459446035 0
3513 -0.1114233190154182 0.3438653688459661 0
3514 0.1676923561136646 -0.2927220397563922 0
3515 0.1853900777265827 -0.2918157663187787 0
3516 0.3404730887071499 -0.09892605599713805 0
3517 0.3501299107742365 -0.08002384686892983 0
3518 0.3700225109909754 -0.07784446017850696 0
3519 0.1752597351634313 -0.2774401836255916 0
3520 0.191685522052773 -0.2768901150062167 0
3521 -0.09152376083901227 0.331106776343869 0
3522 -0.1096622326744689 0.3241583368629333 0
3523 0.0733498524976077 -0.3302682966682449 0
3524 0.1843020868676193 -0.264899489489835 0
3525 0.1979066432922334 -0.2634808152953273 0
3526 0.3282641290563437 -0.07989809533288079 0
3527 0.3383455417680761 -0.06448553116841871 0
3528 0.3217145368384795 -0.0970918290882833 0
3529 0.4550757026353636 0.3066472811528298 0
3530 0.1599238921366141 -0.2795582320855768 0
3531 0.1901723849397178 -0.2505828535722963 0
3532 0.2033124873919757 -0.2508414167333646 0
3533 0.2021008201259162 -0.2914058804898607 0
3534 0.3216793673226024 -0.06385930332101483 0
3535 0.3288448499034712 -0.05071277533629986 0
3536 -0.07548418178352334 0.340876754418887 0
3537 -0.07458001442673495 0.3237862576805093 0
3538 -0.06052547075319353 0.3310679858163554 0
3539 0.1973434517216484 -0.240231508691904 0
3540 0.2085029701040094 -0.2396529350132065 0
3541 0.03171550197188877 -0.3276840106069181 0
3542 0.2017803551869926 -0.2298384575082705 0
3543 0.2134535157939201 -0.2297140466432438 0
3544 0.2205676302110837 -0.2390507619001591 0
3545 0.225080262080489 -0.227552449154994 0
3546 0.2167406629928967 -0.2190432263956857 0
3547 0.2289236868334638 -0.2165034028133245 0
3548 -0.1866539428032346 0.4836317711527388 0
3549 0.3136565834856815 -0.05190133458564541 0
3550 0.3205458369335276 -0.03942159732889503 0
3551 0.3348255578173382 -0.03754058751346404 0
3552 0.3258475934556584 -0.0258046834597291 0
3553 0.3068496032452401 -0.06401946653006942 0
3554 0.3410757614704563 -0.0238670794169177 0
3555 0.3316196336874995 -0.01201128679672979 0
3556 -0.06229715957458033 0.313845236769937 0
3557 -0.0492447604862299 0.321437987217241 0
3558 -0.07533244288709492 0.3087339952556569 0
3559 -0.005695949249028158 -0.3247960091890065 0
3560 0.3175783785566275 -0.0133407712029378 0
3561 0.3223814820537785 -0.00138300512881476 0
3562 0.004952271197917165 0.3892098489445692 0
3563 0.2209465988778459 -0.2073703793246305 0
3564 0.2326305803942836 -0.2060786722728243 0
3565 0.2404094353509986 -0.2147420348359759 0
3566 0.2444979266699249 -0.2030387696424035 0
3567 0.2530194452775881 -0.2135221173265052 0
3568 0.2571499599447458 -0.2001714292091707 0
3569 0.2481540983500085 -0.1904540662276767 0
3570 0.2605706128346519 -0.1876156554931129 0
3571 0.2526128251656562 -0.17857456461913 0
3572 0.2638744357161574 -0.175988673769199 0
3573 0.2707676479322411 -0.1841873289830187 0
3574 0.2550750163890522 -0.1670880180776584 0
3575 0.2662820180860367 -0.1649329354540812 0
3576 0.2592660166120214 -0.1570138104556869 0
3577 0.2690695983173959 -0.1546801609062984 0
3578 0.2618647216873806 -0.1466695611578539 0
3579 0.2717479588855787 -0.1448841139649631 0
3580 0.2656104296588466 -0.1375329485065746 0
3581 0.2743755547580982 -0.1355951738109998 0
3582 0.2675515811208707 -0.1278236413881475 0
3583 0.2259896532273153 -0.1979745179838306 0
3584 0.3488435141474775 0.4647554202817446 0
3585 0.3984161314818704 0.470608731338621 0
3586 -0.04985263723870823 0.3083176051787216 0
3587 -0.03878801661145896 0.3136052829258454 0
3588 0.3085359743968377 -0.003565840732599881 0
3589 0.3139933692027733 0.007921091226371673 0
3590 0.3051729892882433 -0.01484132905558166 0
3591 0.1767900694483471 -0.2545014391093647 0
3592 -0.5004565815653106 -0.02006357313687209 0
3593 0.266940194281876 -0.2103645180629058 0
3594 0.3012510207726307 -0.05401544173139222 0
3595 0.2958058865996692 -0.06255329230263208 0
3596 0.3028704473744336 0.00554562730472857 0
3597 0.3054847195000663 0.01610043899796613 0
3598 0.3175300938480338 0.01856495503529437 0
3599 0.3097621599428431 0.02653343082514344 0
3600 -0.03947024773565107 0.3006964957288775 0
3601 -0.02896272637278198 0.3054856160671356 0
3602 -0.04900510826320385 0.2973807557860444 0
3603 -0.02800034709441466 0.3177151817900147 0
3604 -0.01870189740233342 0.3106026441990486 0
3605 0.2766556982100173 -0.1265586553468944 0
3606 0.2715290318535297 -0.1197539566371342 0
3607 0.2996427125983543 0.02487505877242438 0
3608 0.3027000854949465 0.03396019765622574 0
3609 0.31294276099765 0.03694384934429887 0
3610 0.3036826266325013 0.04466294906124141 0
3611 0.3153265621966964 0.04777795813672738 0
3612 0.30703426200349 0.0558618759399782 0
3613 0.318390166148089 0.05919342627853046 0
3614 0.3095464041662601 0.0672844303835195 0
3615 0.2981546028827974 0.06311746364349065 0
3616 0.3005951666971344 0.07498814832279954 0
3617 0.3118913286252515 0.07899614819678179 0
3618 0.3022502248257457 0.08669773216613169 0
3619 0.3140382062242909 0.09156348773794853 0
3620 0.303821723500703 0.09891346841797428 0
3621 0.2936486304678823 0.09420652546095783 0
3622 0.2940954801861522 0.1060289710863098 0
3623 0.3046781344335549 0.1109359049925449 0
3624 0.2943722202977994 0.1174074637684546 0
3625 0.2833926443088929 0.1114655058277291 0
3626 0.2845507314775566 0.1236450301887162 0
3627 0.2942076762265506 0.1292579334222631 0
3628 0.284131304633262 0.1350318248402028 0
3629 0.2741884297459455 0.1290059378647168 0
3630 0.2741544766966612 0.1400823358179356 0
3631 0.2836135805022 0.1465891720107474 0
3632 0.2732714589879494 0.151110583671561 0
3633 0.2826688269727218 0.1584815030358583 0
3634 0.2724320160730632 0.1628951060895299 0
3635 0.2815221003501208 0.1710423828009651 0
3636 0.2684297622043658 0.1757195844218161 0
3637 0.2807410972512073 0.1848908552856575 0
3638 0.267661834990572 0.1903303849413953 0
3639 0.256619077504787 0.1828339501624221 0
3640 0.2551488120627598 0.1955223695404558 0
3641 0.2460822675883506 0.1873585717603585 0
3642 0.2426991875137766 0.1989285113201154 0
3643 0.2520464232061718 0.208842979920556 0
3644 0.2404140834802501 0.2119682521960391 0
3645 0.2794494497689901 0.1996627635962064 0
3646 0.2310212908556581 0.2041185759107016 0
3647 0.2293638200845128 0.2154731153585197 0
3648 0.238002208743203 0.2244641734964107 0
3649 0.22582999226963 0.2278071262070743 0
3650 0.2351827646291695 0.2376528872097627 0
3651 0.2207036900563561 0.2409455879140751 0
3652 0.2318836294787625 0.2520294206021527 0
3653 0.2170060199101625 0.2554763365968666 0
3654 0.2067150512169697 0.2446655853105896 0
3655 0.2027572396664095 0.2583609342676612 0
3656 0.1932661494108294 0.2489199435074905 0
3657 0.1896284343340937 0.2609628185552063 0
3658 0.1808598004948208 0.2506313984353964 0
3659 0.1773918698512199 0.2632489163026248 0
3660 0.1710091447711917 0.2548012766045182 0
3661 0.1667132235495726 0.2653938285113858 0
3662 0.1737002692853195 0.2745760490866279 0
3663 0.1617150497422807 0.2766896237646066 0
3664 0.1557406648105207 0.2656034626177071 0
3665 0.1488993082852824 0.2764041677271787 0
3666 0.1567479694591778 0.2881253688587326 0
3667 0.1439456450655374 0.2890268662085083 0
3668 0.1366499169849287 0.2791154464187733 0
3669 0.1315355361657734 0.2898594036445718 0
3670 0.1254573701198347 0.2802317138905017 0
3671 0.1201859257906699 0.2901760176932284 0
3672 0.114481844094047 0.2797776258591445 0
3673 0.1094914801120632 0.2902041864117315 0
3674 0.1046119326685593 0.2814391798509557 0
3675 0.0983853703777274 0.2896497635798049 0
3676 0.1044740101391885 0.2997382619307631 0
3677 0.09340763864021975 0.2998699140158871 0
3678 0.08837007736018251 0.2917632798781314 0
3679 0.08188150053817478 0.2985951132713554 0
3680 0.08765963622820301 0.3099372975890566 0
3681 0.07572883579441136 0.3089534778774841 0
3682 0.07055493713578433 0.2986664814379028 0
3683 0.06434600221334441 0.3076390867732405 0
3684 0.05986950433683644 0.2974585307913183 0
3685 0.05371958979619138 0.3061877452691665 0
3686 0.04948848249505106 0.2979630873212672 0
3687 0.04344794701326103 0.3053491125223835 0
3688 0.04733855594041528 0.3147555580981565 0
3689 0.03624731792472709 0.3135484835889152 0
3690 0.03231318004978676 0.3027585567917766 0
3691 0.2167461710414484 0.2189430349057544 0
3692 0.2469449475178185 0.1768882031792491 0
3693 0.1516692686806926 0.3008539444013738 0
3694 0.1851228694882632 0.2412147816954005 0
3695 0.2650634088386284 0.1443275260778557 0
3696 0.1298413648318916 0.2712431107668327 0
3697 0.2373204030624127 0.1807458744065784 0
3698 0.2910652786331556 0.07086035007567229 0
3699 0.2889078213510051 0.06167759633884203 0
3700 0.1910381382867292 -0.2308666767104077 0
3701 0.1950984348029652 -0.2224894654395787 0
3702 -0.03095168614938016 0.2962324161588202 0
3703 0.2281009107132832 0.2680355342447269 0
3704 0.02514565296605851 -0.6267114223990663 0
3705 0.3476961962534185 -0.008961847172077837 0
3706 -0.04672840654236117 0.3369074826984727 0
3707 0.06572136907196886 0.289926086199251 0
3708 0.04151352233380631 0.3254716757785367 0
3709 0.02874975641131788 0.3230766226185059 0
3710 -0.0171508799889363 0.3223896157410487 0
3711 0.2450363301693366 -0.1706940078075146 0
3712 0.2937907509887884 0.03109944313704069 0
3713 0.08083742991233137 0.3210114255159657 0
3714 0.480987962024434 0.2662523182172505 0
3715 0.5046915764552335 0.3090952329426644 0
3716 0.2387036050032355 0.172015361289728 0
3717 0.07794434258464358 -0.3881160276125994 0
3718 0.291126935935391 0.02373281193740182 0
3719 0.2229649993287497 -0.5330436685011314 0
3720 0.2170131395401838 -0.1987844878134251 0
3721 0.2199245163357831 -0.1917281918654409 0
3722 0.2901350435926721 -0.0542975532027818 0
3723 0.2869158323084314 -0.06268490654746695 0
3724 0.2906188981148541 -0.06993640332206469 0
3725 0.2831422023527714 -0.06979588103786659 0
3726 0.2863118150957474 -0.07676635409612857 0
3727 0.2791964063307515 -0.1179554270224841 0
3728 0.2725395599771452 -0.1116493567735999 0
3729 0.2811974051340699 -0.1095675924687378 0
3730 0.2529851265449402 -0.1495886145436249 0
3731 -0.4501756803825864 0.3446728014314747 0
3732 -0.4517302642827263 0.3938829755386124 0
3733 -0.4942730424217945 0.3678212012735634 0
3734 -0.4956228442812407 0.4176912574662485 0
3735 -0.4529787579708709 0.4437534274847368 0
3736 -0.4969218624888418 0.4676386755862464 0
3737 -0.4542838158420441 0.4937471375486425 0
3738 0.2789170504724686 -0.1527665992849386 0
3739 -0.3898476451218353 0.08333720731733256 0
3740 0.2784949425578274 -0.07565713102601374 0
3741 0.2358800009215266 -0.2373656717648071 0
3742 0.2830564949829149 0.06748698488861113 0
3743 0.4393495960640566 0.0279465225487377 0
3744 0.4783933188198864 0.0198033051217474 0
3745 0.5031878523263867 0.05493338460440442 0
3746 0.522776101781315 0.01371564860700638 0
3747 -0.127130800836472 0.3331657633367092 0
3748 -0.1240449948942745 0.3129196552583791 0
3749 0.1077875478779082 0.27340086030337 0
3750 0.100083625516818 0.2740400306973879 0
3751 0.2810552975231762 0.06056743828137785 0
3752 0.1906488186199836 -0.325499138860963 0
3753 -0.4982209519949446 0.517617380391732 0
3754 -0.3720881938028768 0.1752894245967901 0
3755 -0.1438743328994221 0.5046038444278583 0
3756 0.2313883415915687 0.1748300002236939 0
3757 0.3693827047544256 0.5103784093171514 0
3758 0.4191401736948215 0.5155224796781157 0
3759 0.4483430172397234 0.476150134331943 0
3760 0.4689120158185135 0.5207278519000487 0
3761 0.498187747097324 0.480676937239307 0
3762 0.5186718748426908 0.5257735703645446 0
3763 0.1873142354626775 -0.2227531708044262 0
3764 0.1906144988959659 -0.216327509438287 0
3765 0.2865946723694567 -0.115363055054384 0
3766 0.3249048648727856 0.08277799172813757 0
3767 0.3273350157695956 0.09771053869223853 0
3768 0.2595077508144021 -0.1311387999960063 0
3769 0.2126523705393012 -0.1928685010707417 0
3770 0.2153659621018216 -0.1865430424590391 0
3771 0.3241397976902793 0.03975120554053668 0
3772 0.2917454380617671 0.1538357611956353 0
3773 0.09501212129250805 0.3217674676259628 0
3774 0.1669316680404883 0.2997233851869047 0
3775 0.2518562968141196 0.2342905288575024 0
3776 0.1972641334989943 0.271891718616216 0
3777 0.02227303992125448 0.4963358754625617 0
3778 0.06280720236901899 0.511417922418873 0
3779 0.02828765280576147 0.5415296651547259 0
3780 -0.4980425549904871 0.1182635793293192 0
3781 -0.4862809160639342 0.2257952010717924 0
3782 0.1897306162659005 0.4744221524497854 0
3783 0.2317075465300213 0.1670412384686738 0
3784 0.2385467643322129 0.1643991541315497 0
3785 0.2217905056213555 -0.185046735634443 0
3786 0.4510890343511205 -0.00903965983420932 0
3787 0.1253784719783037 0.3005677624413912 0
3788 0.5479912042036711 0.4852540536967003 0
3789 -0.5395626058181576 0.4415192266851538 0
3790 0.2764581705929416 0.06523106346028026 0
3791 0.2776863707994865 0.07150656574283032 0
3792 0.2793391442269255 -0.06313983963689074 0
3793 0.2950145611212019 -0.04635122895460751 0
3794 0.2866780701290184 -0.04672187793774506 0
3795 0.29005447560662 -0.03994407041156459 0
3796 0.2860339428526374 0.02927192848645753 0
3797 0.2831199182025943 0.02290581489368754 0
3798 -0.142075664651166 0.3220167100478367 0
3799 -0.1395566064612343 0.3046389348457277 0
3800 -0.1264631338527293 0.296871653887735 0
3801 -0.1385694494778321 0.2881811847049287 0
3802 -0.1518648708757087 0.2952877852325727 0
3803 -0.1504728456969855 0.2806246922336488 0
3804 -0.1628262533270312 0.2860807598101549 0
3805 -0.1617692833526687 0.2732632527273277 0
3806 -0.1733476258506652 0.2776101817096912 0
3807 -0.1715055935423958 0.2650644315330566 0
3808 -0.1836369409815523 0.269618758794655 0
3809 -0.1816343690088031 0.2563399810059518 0
3810 -0.1936255266514469 0.2613399419717686 0
3811 -0.1917939932043077 0.2486608010537019 0
3812 -0.2037482391321046 0.2535527123060175 0
3813 -0.2017494377706014 0.2414788917826434 0
3814 -0.213797919468867 0.24579927363427 0
3815 -0.2108740288332506 0.232711191897606 0
3816 -0.2237991658942191 0.2377462309960481 0
3817 -0.2217890854634579 0.2253392876460884 0
3818 -0.2342173145386672 0.2298748659147329 0
3819 -0.2311454917821144 0.2160331798297704 0
3820 -0.244587891934166 0.2214934642834542 0
3821 -0.2423754684613586 0.2091387522463238 0
3822 -0.255555955042692 0.2132136396979495 0
3823 -0.252772776973173 0.1994916757181514 0
3824 -0.2670115979183225 0.2045878074989773 0
3825 -0.2647635696730641 0.1903000632349502 0
3826 -0.2535400816953268 0.1856453211177846 0
3827 -0.261041243382401 0.1758674854277074 0
3828 -0.2744155997985415 0.1811400268065465 0
3829 -0.2710584603655617 0.1685133037901587 0
3830 -0.1258279784788239 0.2839981339297507 0
3831 -0.2312238549282391 0.2053435441646521 0
3832 -0.2617747526684707 0.1633858402021363 0
3833 -0.2692635475419822 0.1563828834941904 0
3834 -0.2799915831307483 0.1597702691000698 0
3835 -0.2766479207994078 0.1488135976792615 0
3836 -0.2884899350067192 0.1508546035377551 0
3837 -0.2833106442837361 0.1386819523774046 0
3838 -0.2970480478659716 0.1413328111071765 0
3839 -0.2932000180173264 0.1286678156562571 0
3840 -0.3067585284270473 0.1315841548852014 0
3841 -0.3020621445382932 0.1185955570019817 0
3842 -0.2898169642366286 0.1159741977061952 0
3843 -0.2974586440763429 0.1067274638523003 0
3844 -0.2852874499645385 0.1037956581685746 0
3845 -0.2933887730757459 0.09570782131260974 0
3846 -0.2784184166142418 0.1133416772652026 0
3847 -0.3048954656495116 0.09752570426388141 0
3848 -0.3005280641324795 0.08637180039933513 0
3849 -0.3165808932529248 0.1211775546956354 0
3850 -0.1590743638898197 0.2617543842380343 0
3851 -0.2118222997974141 0.2221397217560474 0
3852 -0.284485431176978 0.09276614836839603 0
3853 -0.1915750370954725 0.2377152466596337 0
3854 -0.2648476295816189 0.1460134497324052 0
3855 -0.3120648019101228 0.08810414568254461 0
3856 -0.3072680309335586 0.07704090375193587 0
3857 -0.2949225845846077 0.07623508720213562 0
3858 -0.3010748363629948 0.06526713886579159 0
3859 -0.3136879408883022 0.06705145647931912 0
3860 -0.3084181064103367 0.05570379437486013 0
3861 -0.320768690208015 0.05683570745061314 0
3862 -0.3150523846111664 0.04529952497137303 0
3863 -0.3282646550174083 0.04612316266986458 0
3864 -0.3216871449244963 0.03453818287793166 0
3865 -0.3076683507184541 0.03494109733575437 0
3866 -0.3149413119590772 0.02403879767857893 0
3867 -0.3037106576319244 0.02488902341471837 0
3868 -0.3075179015328069 0.01445617670085892 0
3869 -0.3203500218682777 0.01362453482055344 0
3870 -0.313931700576505 0.004035576922834833 0
3871 -0.336111553877331 0.03429639048292208 0
3872 -0.2990737480313528 0.03119781598620639 0
3873 -0.303143253787128 0.004248959257494031 0
3874 -0.3079386122786076 -0.004946795487547033 0
3875 -0.3192023706253019 -0.00632115605077685 0
3876 -0.3104956039582034 -0.01594427732596277 0
3877 -0.3239717352802162 -0.01752939891063074 0
3878 -0.3161278550694276 -0.02686287909766615 0
3879 -0.3052198144971679 -0.02640795104142091 0
3880 -0.3071053179400707 -0.0368344359071615 0
3881 -0.3203650463635507 -0.03825728660539614 0
3882 -0.3122305340718886 -0.04726447507934718 0
3883 -0.3247337695796237 -0.05008973380766681 0
3884 -0.3159498833853603 -0.05941998433615728 0
3885 -0.3035983144618404 -0.05655454816157415 0
3886 -0.3071394409395942 -0.06777473334925799 0
3887 -0.2970675586351251 -0.06565596350790648 0
3888 -0.2991855978013599 -0.07553566671515294 0
3889 -0.297958989867754 -0.03370973489888002 0
3890 -0.2891498973653071 -0.0724392059316448 0
3891 -0.2921957253220826 -0.08199556245163514 0
3892 -0.3017004987202029 -0.08525850437901145 0
3893 -0.294043844256505 -0.09243617969127278 0
3894 -0.3047949229916058 -0.09612956365543379 0
3895 -0.296249808291546 -0.1034257269668884 0
3896 -0.2856853911839057 -0.0998223741632451 0
3897 -0.2881327413080611 -0.1111558137942603 0
3898 -0.2979336788421204 -0.1144782140199366 0
3899 -0.2889110160771132 -0.121158625892935 0
3900 -0.2809807174444287 -0.1175790486904124 0
3901 -0.2792581069087794 -0.1271314314910289 0
3902 -0.289430073629556 -0.1321693279352551 0
3903 -0.2804373325974286 -0.1387006534547912 0
3904 -0.2709078246966428 -0.1340362083469208 0
3905 -0.2710602706034669 -0.1445022441340198 0
3906 -0.2809360693364245 -0.1499050837029618 0
3907 -0.2706841105257118 -0.155721147608974 0
3908 -0.2809600666927256 -0.1617585798547337 0
3909 -0.2704832636372121 -0.167366620762111 0
3910 -0.2813412624723245 -0.1745192251227522 0
3911 -0.269312002035357 -0.1809850939701454 0
3912 -0.2813182188900645 -0.1883672254818499 0
3913 -0.2685837102257616 -0.1953101379155316 0
3914 -0.2566394249812903 -0.1873293963985903 0
3915 -0.2559479921045184 -0.2013127435150842 0
3916 -0.2448803337717785 -0.1947162300819542 0
3917 -0.2443363273974856 -0.2070116971488798 0
3918 -0.234532523137053 -0.2003110535589896 0
3919 -0.2335950455117964 -0.2118004317139649 0
3920 -0.2239913680813904 -0.204361645094007 0
3921 -0.2235432962174798 -0.2161138353059796 0
3922 -0.2147202876035895 -0.2105007286483453 0
3923 -0.2141856956412695 -0.2209258933805889 0
3924 -0.2230289467989229 -0.227254572833164 0
3925 -0.21267535939064 -0.2315544709817181 0
3926 -0.2038622811585097 -0.2247953319501943 0
3927 -0.2025205806548988 -0.2353426236921291 0
3928 -0.194310282551061 -0.2289220932724951 0
3929 -0.1930302851983345 -0.2388229313941993 0
3930 -0.2220239724850762 -0.2388455544234918 0
3931 -0.2540984037827103 -0.2162580882819977 0
3932 -0.2834040441293504 -0.2052619292590275 0
3933 -0.2617064984287639 -0.1601963262403484 0
3934 -0.1852789107784291 -0.2333235755029939 0
3935 -0.1841101108890545 -0.2421643611492866 0
3936 -0.177542650911845 -0.2362082608423637 0
3937 -0.1746184508877217 -0.2446714450335125 0
3938 -0.1822714781900967 -0.2515021423352254 0
3939 -0.1732886051473678 -0.2547734388776176 0
3940 -0.1667253200113488 -0.2492686725544715 0
3941 -0.1631182861714025 -0.2569034242879283 0
3942 -0.1713081071503639 -0.2649216134390698 0
3943 -0.1608061982858772 -0.2673894982062966 0
3944 -0.1534208717297526 -0.2601564162636866 0
3945 -0.1506166406367202 -0.2697014991353719 0
3946 -0.143398113864033 -0.2614885241570293 0
3947 -0.14097818533876 -0.2712676779596633 0
3948 -0.134477508725705 -0.2647425090088582 0
3949 -0.1318911404481106 -0.2730349119751186 0
3950 -0.1262269370811194 -0.2668340628387205 0
3951 -0.1233687466518938 -0.2750270182277946 0
3952 -0.1188880307311866 -0.268791179384723 0
3953 -0.1141156108892931 -0.2759309942719608 0
3954 -0.1205503133622632 -0.2835603019526506 0
3955 -0.1113099541544948 -0.2853150822643936 0
3956 -0.1052442410612322 -0.2786140569844104 0
3957 -0.1016991596587437 -0.2868619046065347 0
3958 -0.1079933609964694 -0.2950038081439956 0
3959 -0.09750451235912012 -0.295904309564177 0
3960 -0.09174140400763325 -0.2863245719261244 0
3961 -0.08714867274604866 -0.2964406188620354 0
3962 -0.08165736180273152 -0.288061322208245 0
3963 -0.07735194623498409 -0.2968718385101726 0
3964 -0.07236924032796686 -0.2884924086214452 0
3965 -0.2972699333017416 -0.004743942395042446 0
3966 -0.2355639301491655 -0.1899110327816153 0
3967 -0.2911064712009567 0.06655671473069763 0
3968 -0.2627821300896196 -0.1395130476186324 0
3969 -0.06801873953111745 -0.2972441781295533 0
3970 -0.06278415026809847 -0.2898318098633579 0
3971 -0.2876808237449249 -0.0631833634885503 0
3972 -0.2160753720409675 0.2589223368831641 0
3973 -0.2831309551586259 -0.07976442624037455 0
3974 -0.2939691855825503 0.003586596948786681 0
3975 -0.2625075204631797 -0.1307977571205348 0
3976 -0.2146636128163203 -0.2012522261961588 0
3977 -0.2072298959769461 -0.206018356842794 0
3978 -0.1037608228679632 -0.3054778427730022 0
3979 -0.05890984759415163 -0.2978012278294183 0
3980 -0.05421404479580914 -0.2905194339373868 0
3981 -0.1475500157906508 -0.2536185304995232 0
3982 -0.3302310264052377 -0.06227990264653502 0
3983 -0.08572100329633188 -0.279530887241947 0
3984 -0.1676285274072681 0.3001174797615589 0
3985 -0.1783457676822415 -0.2285002864233591 0
3986 -0.1718768207519614 -0.2309628611181967 0
3987 -0.08206745362850335 -0.3039946339687818 0
3988 -0.05013955870695225 -0.2982791263010535 0
3989 -0.04554894216566443 -0.2899584052124078 0
3990 -0.04164083711572571 -0.2984059498864741 0
3991 -0.0374112810191891 -0.2912494460408181 0
3992 -0.1687361646648018 -0.2758229011767238 0
3993 -0.146572449044304 -0.2814842929466944 0
3994 -0.289368680825418 -0.002561880802120297 0
3995 -0.2697906767458705 0.2202623608642898 0
3996 -0.2833901865923268 0.2097716262247883 0
3997 -0.2553169953798005 -0.1359842168822558 0
3998 -0.05767036418052167 -0.2824345913776778 0
3999 -0.3252255357100124 0.06722486916082469 0
4000 -0.2924046489988943 0.16315462759167 0
4001 -0.3335950992764758 -0.03998935194321371 0
4002 -0.2079253519228199 -0.1978403294938431 0
4003 -0.2023143747462116 -0.200587727958659 0
4004 -0.1161417929127487 -0.3040030301286708 0
4005 -0.11595417209493 0.289862664545262 0
4006 -0.115460081351322 0.2781470096542595 0
4007 -0.1242469568662202 0.2725458726813939 0
4008 -0.1067426744337257 0.2841327362067261 0
4009 -0.1064949254308041 0.2752424936629226 0
4010 -0.09931838072404497 0.2790726131978046 0
4011 -0.1810266440914753 -0.2728004626378079 0
4012 -0.3322098187930885 -0.007431839534760008 0
4013 -0.2934718749185687 -0.1557500829115894 0
4014 -0.2863608802728554 0.003573564071601615 0
4015 -0.1286077469598201 -0.2587583379454899 0
4016 -0.200876574358121 -0.2468771803296065 0
4017 -0.04011271003656507 -0.2845065772225128 0
4018 -0.03330733577347826 -0.2850718915474432 0
4019 -0.02994204174231522 -0.2913707754918247 0
4020 -0.02634011337252831 -0.2850203506078407 0
4021 -0.02287922764045122 -0.2910197430677167 0
4022 -0.0197269193998477 -0.2851674298795782 0
4023 -0.01614579394093332 -0.2908478027106987 0
4024 -0.01313330817678748 -0.284210326271066 0
4025 -0.009472826234099863 -0.2905683208302586 0
4026 -0.006504223626035006 -0.2848680328257807 0
4027 -0.002975722196126144 -0.2904910224659562 0
4028 -4.174631828137192e-05 -0.2839991819022147 0
4029 0.003548245064155917 -0.290260189086941 0
4030 0.006490368398032485 -0.2846382283595902 0
4031 0.009985820749682116 -0.2902171804606066 0
4032 0.01290685017870874 -0.2836979563082251 0
4033 0.01648135068892439 -0.2899962104333998 0
4034 0.01958911832576089 -0.2843340746665699 0
4035 0.02299516428609252 -0.2899763019020346 0
4036 0.026314824944414 -0.2833924790275937 0
4037 0.02960222848497584 -0.2897550370114462 0
4038 0.03275779479499842 -0.2839921905186 0
4039 0.03624756959838019 -0.2897818876525907 0
4040 0.03930558660298141 -0.2840276076634375 0
4041 0.04300853603119398 -0.2897572497572445 0
4042 0.04604347624480862 -0.2828667034344667 0
4043 0.04994698382883898 -0.2895459402118252 0
4044 0.05321422469956378 -0.2834407528046862 0
4045 0.05710215309581729 -0.2896097415885021 0
4046 0.06115521606794294 -0.2826181468565362 0
4047 0.06453157906833565 -0.2894919298545998 0
4048 0.0687509813259818 -0.283158429500996 0
4049 0.07228404067369934 -0.2896169316399543 0
4050 0.07560851605091223 -0.2831820120838309 0
4051 0.080088246251353 -0.2894697517430017 0
4052 0.08316764255397928 -0.2818752794938535 0
4053 0.0884949661458474 -0.2896198105272337 0
4054 0.0922893157172671 -0.2820492402703457 0
4055 -0.02606339096597471 -0.2974226725291788 0
4056 0.05356188100541437 -0.2963002946061098 0
4057 0.01317836017622035 -0.2949834662853834 0
4058 0.08770939158045778 -0.2756095808371201 0
4059 0.09543499680831033 -0.274138068356514 0
4060 0.1003425754284892 -0.281354927183637 0
4061 0.103518865475383 -0.27416526667639 0
4062 0.1084610383698213 -0.2807688897938433 0
4063 0.1114157886581478 -0.2719913656984557 0
4064 0.1050228279816507 -0.2886115806347878 0
4065 -0.1836009993514598 0.5312501780258385 0
4066 0.531464946259821 0.2669682938007023 0
4067 0.2753142725479674 -0.1038144756260232 0
4068 0.2677575895003242 -0.1052571449157335 0
4069 0.2699015304575847 -0.09886422682396631 0
4070 0.1004420574984615 -0.2685444148063464 0
4071 0.2096479593347945 -0.1988406321712924 0
4072 -0.09955606132642965 0.270812982245672 0
4073 -0.09316972115263886 0.2746890774832045 0
4074 -0.1064229172626974 0.2676209190205968 0
4075 -0.4555819938308467 0.5437313666720496 0
4076 -0.2555034032267967 -0.1281421735812711 0
4077 0.2881177374949737 0.0361493373807783 0
4078 0.2809881966273197 0.03459575732855092 0
4079 0.283738192136031 -0.1333165043570126 0
4080 0.1027865924440798 0.266844005248241 0
4081 0.09601492385521135 0.2681717885877409 0
4082 0.2829298424576258 -0.04097969212565405 0
4083 0.2848598605379897 -0.03429732558500536 0
4084 0.212045027588893 -0.2613365807601192 0
4085 -0.4116471077741529 0.5198622969221182 0
4086 0.2175703611151786 -0.1805305353010584 0
4087 -0.05407859633203486 -0.3057560622591117 0
4088 0.07399683484931648 0.5578226341143978 0
4089 0.07225634144346056 -0.2781813386317687 0
4090 -0.250240837543342 -0.1313630428843621 0
4091 -0.2493705730850657 -0.1365520406131948 0
4092 -0.01262057991876509 -0.2968380421798597 0
4093 -0.1878941112474259 0.2847533009623707 0
4094 -0.4585444405454486 -0.2009452232996748 0
4095 0.1602304738656605 0.3154734353533098 0
4096 0.0005139993687608678 -0.2972713305009005 0
4097 0.2234292726502776 -0.1790500841099821 0
4098 0.02638007194384262 -0.2947816961591965 0
4099 0.1836170590618613 -0.2165598066088402 0
4100 0.1808453233622193 -0.222372567434756 0
4101 0.3584865881478566 -0.02318787563682117 0
4102 0.03923030122608308 -0.2971843677365229 0
4103 0.2751435535181437 0.05909848355478067 0
4104 0.2789766213588092 0.05474628530463063 0
4105 -0.2364960652979638 0.2433939735930394 0
4106 0.06837945340836818 -0.2954112985318888 0
4107 0.116869979591072 -0.2799487936137103 0
4108 0.1200256114340242 -0.2719965656242379 0
4109 0.1153245742323295 -0.2655635441288567 0
4110 0.1227886279581368 -0.2647873905398306 0
4111 0.1185456686077476 -0.2590260645714533 0
4112 0.1248738188950103 -0.2578002722222478 0
4113 0.1298278878461684 -0.2634190291004277 0
4114 0.1317563478466951 -0.2568613146968821 0
4115 0.03582081074413946 -0.2787981773187465 0
4116 0.1257453580668176 -0.2793145448326204 0
4117 0.08683221606796994 0.3353093021736252 0
4118 0.2259823667002244 0.1706689413199644 0
4119 0.2249703801302832 0.176679864531591 0
4120 0.0842197067136541 -0.2977824389659698 0
4121 0.2456114736277294 0.263330498270339 0
4122 0.2410185918805275 0.2830896035025868 0
4123 -0.2947088022980786 -0.180354078344129 0
4124 0.1277818843304019 -0.2520266217630002 0
4125 0.1338680826185034 -0.2507159610585844 0
4126 0.1381980042366194 -0.2554012319058062 0
4127 0.1400256169482496 -0.2490411007712775 0
4128 0.1444693563406418 -0.253502646528795 0
4129 0.1459554857045208 -0.2471535556150554 0
4130 -0.09298249499605171 0.2680516199441104 0
4131 -0.08797531356561153 0.271197601033779 0
4132 -0.08735371629748603 0.2777260567546936 0
4133 -0.08206119450387582 0.273177077595809 0
4134 0.2835193767601066 -0.1015673894089718 0
4135 0.2947452478286895 0.178862478457824 0
4136 -0.3111840643879376 0.1456775125222849 0
4137 -0.3434839836197163 0.0482511712058632 0
4138 -0.3529904463025932 0.03438254378959399 0
4139 -0.1388453458238714 0.555869526092487 0
4140 0.2331128176867985 0.1605753410605714 0
4141 0.2383123491584 0.1579309326696282 0
4142 -0.1726556606260966 -0.2244424254293352 0
4143 -0.1785001944285654 -0.2219997773943431 0
4144 -0.1668774781241059 -0.2268490341272711 0
4145 0.186458179437099 -0.21137295784186 0
4146 0.0502126563699998 -0.2780453826972028 0
4147 -0.08126934120672405 0.2805589038891919 0
4148 -0.07607513366882136 0.2764870499942741 0
4149 -0.08725679688662109 0.2849590840276473 0
4150 -0.2862392945976295 0.2281204909356027 0
4151 0.5547424843292075 0.3108576244500246 0
4152 -0.1768229513065748 -0.2865563293372369 0
4153 -0.2829660937612918 -0.001956453888851534 0
4154 -0.2852285319656881 -0.007485258471450922 0
4155 -0.2803412635322818 0.003452043144080884 0
4156 -0.2831844230078794 0.008504323592412984 0
4157 -0.2796413322313288 -0.006834559526309587 0
4158 -0.2817329896840534 -0.01167007715488413 0
4159 0.205951431953906 -0.1928008057974715 0
4160 0.20329345230025 -0.1990778377461487 0
4161 0.4396253562353534 0.561037641133067 0
4162 0.2635115895240857 -0.1007741192552548 0
4163 0.2615235478832456 -0.106161486846784 0
4164 0.2650742210122409 -0.09497607376243561 0
4165 0.1122632561437706 -0.2596396413064482 0
4166 0.5503284778302243 0.05415035076434098 0
4167 -0.009146692097088991 -0.2797592527230703 0
4168 -0.3027774261851238 0.2154032104683132 0
4169 0.03281138287314059 0.3362250145869612 0
4170 0.2799236830695951 -0.04637389667794972 0
4171 0.273669691376042 0.05351536730073787 0
4172 0.2195140197280285 -0.1747597880263023 0
4173 0.2249926628227392 -0.1734835939414318 0
4174 -0.2029520331075533 -0.1944575558869991 0
4175 -0.2077597699051458 -0.1915018062294231 0
4176 -0.1978982163732814 -0.1970281616186551 0
4177 -0.1970919260518085 -0.2024758144396462 0
4178 -0.08834858539221424 0.2652988989953221 0
4179 0.1414272978513507 -0.2432427346598866 0
4180 0.1470348565877226 -0.2413027798296027 0
4181 0.1517187616683432 -0.2450166999582939 0
4182 0.1524911756269096 -0.2392024980433579 0
4183 0.1101075483002512 0.2664390410490863 0
4184 0.5713779685661811 0.009545221489596018 0
4185 0.54189084533665 -0.03102774844633131 0
4186 0.1781792547779716 0.3131297723641956 0
4187 -0.1735080368736488 -0.2187729471557238 0
4188 -0.1783126442641177 -0.2162644295418427 0
4189 0.1064884431221975 0.2613321809036605 0
4190 0.1123410654559824 0.2606324211266613 0
4191 0.2767957395301736 -0.0416957558923162 0
4192 -0.07636972720757391 0.270525335087404 0
4193 -0.07092436550664555 0.2729965230119238 0
4194 -0.07028928659463049 0.2789007554218742 0
4195 -0.06555104536569099 0.2750600613843714 0
4196 0.2212872938105243 -0.1694976733627908 0
4197 0.226446459163739 -0.1681630198018889 0
4198 0.1088979813687394 0.2562047613308708 0
4199 0.1141028707006589 0.2555496274453717 0
4200 0.5684228673350169 0.5308009944706042 0
4201 -0.02305587646055634 -0.2799639182783005 0
4202 0.233378244251781 0.1549179157544363 0
4203 0.2383034775477952 0.1520108308718997 0
4204 0.2433098187508684 0.1549856482553256 0
4205 0.2430809740384773 0.1490775413741713 0
4206 0.2719756682129708 0.0690998883934419 0
4207 0.2725654910381393 0.07491556366930463 0
4208 0.02192269884106547 -0.279087463043628 0
4209 0.220537009546683 0.1728476637408132 0
4210 0.2194435319485822 0.1783101391873255 0
4211 0.2154977975342993 0.1747614326465478 0
4212 0.2143092145033983 0.1800982308755437 0
4213 0.2182046830463513 0.1835506933478558 0
4214 0.2130434738533988 0.1852918439314048 0
4215 -0.03647464539670443 -0.279483210902033 0
4216 -0.04216137027392659 -0.2787785876494171 0
4217 0.003882395857647837 -0.2793684910522342 0
4218 0.2140979142866975 -0.1759281444407754 0
4219 0.2618912539177917 -0.2261190333359198 0
4220 0.279789730173301 -0.2217882272007995 0
4221 -0.2858555731415236 0.07312661622522466 0
4222 -0.2832105418862825 0.06577629900724939 0
4223 -0.2790663121587294 0.07187506637767982 0
4224 -0.2871581412899176 0.05939894260392876 0
4225 -0.279582451694132 0.05932190178944617 0
4226 -0.2837901853952011 0.0531439027807537 0
4227 -0.2775715678316021 0.05279170631819308 0
4228 -0.2808375837052079 0.04737092444312165 0
4229 -0.2740004771301698 0.05743999550868571 0
4230 -0.2720728420932626 0.05235181721778371 0
4231 -0.09256672745093032 0.2623965176495568 0
4232 0.3663274156342643 -0.005942657791456528 0
4233 -0.1929350096426941 -0.1992564857231533 0
4234 -0.1920774448541515 -0.2044528897210249 0
4235 0.320525066400678 0.5056937127468648 0
4236 0.3402623050930716 0.5508238250694717 0
4237 0.2918353579797655 0.5465711871611123 0
4238 0.2710177673398555 -0.09250299306261264 0
4239 0.2661495436291005 -0.08926224509724123 0
4240 -0.2031478270841334 -0.1888487864266626 0
4241 -0.2076781784406304 -0.1859947415102238 0
4242 -0.2123903904145101 -0.1884620018847281 0
4243 -0.2121813957530536 -0.1830344130838755 0
4244 -0.07176686607374867 0.2675433290130169 0
4245 0.1031606019701656 0.3353633661204898 0
4246 0.1809337761908972 -0.2116983017842238 0
4247 -0.1110213679496774 -0.3168381344582964 0
4248 -0.2501179501890008 -0.1253262309293348 0
4249 -0.2546815503544128 -0.1220677069186651 0
4250 -0.2454500624850441 -0.1281654362539786 0
4251 0.3784661932137628 -0.02230842232491972 0
4252 0.2579477856986377 -0.1021704181784127 0
4253 0.2561345464870233 -0.1071161633784897 0
4254 -0.007968828259812627 0.3148838896547283 0
4255 -0.01077573602500319 0.3028870341740202 0
4256 -0.0008958633417871895 0.3060957700242304 0
4257 -0.003010539559779972 0.296907080952415 0
4258 -0.005160654413649873 0.3273762750648819 0
4259 -0.01036631990735424 0.2936563515111062 0
4260 -0.004008640209016382 0.2886478964632397 0
4261 0.002915663853418558 0.291282901460427 0
4262 -0.01098855137278553 0.2869705242995545 0
4263 0.001547916768400515 0.284464980729277 0
4264 0.007892741002052815 0.2866262003081543 0
4265 0.009830351685069662 0.2931850064699062 0
4266 0.01421062770813083 0.2880811457192358 0
4267 0.006215616709179782 0.2807551989275153 0
4268 0.00113197587781288 0.2786976694582228 0
4269 0.2742867428541418 -0.04645584690210165 0
4270 0.2382019604585639 0.1463816818476817 0
4271 0.2426628423639754 0.1434437261941233 0
4272 0.2378585412597951 0.1411331716889791 0
4273 0.2422458323226338 0.1382121512559003 0
4274 -0.06455845494439776 0.2811443304025556 0
4275 -0.06015629110564314 0.2771220779842155 0
4276 -0.4995171623302586 0.5676005367659257 0
4277 -0.5421558538985334 0.5414862302620305 0
4278 0.3110688851624235 0.5913749396050152 0
4279 0.2618594826452473 0.5865765948180011 0
4280 0.1143711135846123 -0.2545405790779575 0
4281 0.1092005834873075 -0.2551423983309948 0
4282 -0.4129437209061778 0.5698457239682027 0
4283 -0.3692614772153272 0.545511726759336 0
4284 -0.2496357663711756 -0.1198797904052107 0
4285 -0.2537388336740887 -0.1164840525894493 0
4286 -0.2586008870811257 -0.1184500030635083 0
4287 -0.2578688265448518 -0.1129454849456316 0
4288 -0.03911594096771296 -0.2744028006665694 0
4289 -0.04427796694319698 -0.273795927488377 0
4290 -0.03390353617665786 -0.2746475835381424 0
4291 0.2715564987508317 -0.04212894058008491 0
4292 0.2735964990408086 -0.03750130920165794 0
4293 0.2286366480913642 0.1573203593468168 0
4294 0.2211785137499714 0.1670663979159506 0
4295 0.2772699108786311 0.04946134416184778 0
4296 0.2828949437008212 0.05083658824823609 0
4297 0.2881303799432281 0.01737626000631037 0
4298 0.2817534816674621 0.01658568056209517 0
4299 0.2854177818174353 0.01168447505086498 0
4300 0.2797830040993963 0.01103573078728267 0
4301 0.2830501045774761 0.006511291841399256 0
4302 0.2780550448695435 0.02096374809664809 0
4303 0.2777373096728715 0.005763782833367856 0
4304 0.280836344912606 0.001377631260814666 0
4305 -0.06097175316605231 0.2717007047406904 0
4306 -0.05586597538784845 0.2735121647049479 0
4307 -0.05486475135644078 0.2788516989594951 0
4308 -0.05072894121344421 0.2751702339485813 0
4309 -0.04957012067756313 0.2802819048989465 0
4310 -0.0455650899707897 0.2767033357408466 0
4311 -0.04431128440111447 0.2817712309467289 0
4312 -0.04044375609449517 0.2781916253740148 0
4313 -0.04171421061216493 0.2731776567132996 0
4314 -0.03665784281217892 0.2745503586587101 0
4315 -0.03538190921931304 0.2795881561730372 0
4316 -0.03165440462062287 0.2758489738601606 0
4317 -0.03021081688049331 0.2811407433492364 0
4318 -0.02660092870631563 0.277250668574632 0
4319 -0.01615208380281126 0.3360268740973625 0
4320 -0.002742060062856946 0.3413315998964289 0
4321 0.2781259658890343 0.07786251160179135 0
4322 0.2729441737108984 0.08082237966804603 0
4323 0.267996563670971 0.07821591206378326 0
4324 0.2681316448437314 0.08396489573853586 0
4325 0.2730630943579397 0.0864886085707057 0
4326 0.2681520052959578 0.08970317697191806 0
4327 0.2734097565810892 0.0924326096192289 0
4328 0.2681993610811675 0.09532530604854564 0
4329 0.2633538599602571 0.09265362612822765 0
4330 0.2632621053022493 0.09790897828802088 0
4331 0.2587718183623762 0.09527137185806833 0
4332 0.2586218663582587 0.1003767670055771 0
4333 0.2630638970234982 0.103137392551577 0
4334 0.2584121964659463 0.1055608874758275 0
4335 0.2628614091305272 0.1083946035508467 0
4336 0.2581521892910122 0.1107766521140574 0
4337 0.2538756570357673 0.1079347870964617 0
4338 0.2534805000825238 0.1130924830109377 0
4339 0.2578377600441993 0.1159864739933549 0
4340 0.2530585497914799 0.1182973811776737 0
4341 0.2574691090448739 0.1214296636615061 0
4342 0.2525823924469303 0.1235787185377241 0
4343 0.1038799717637491 0.2567742584402589 0
4344 0.2001616830749358 -0.1944057734019997 0
4345 0.2018792644129301 -0.189909575771796 0
4346 0.1976920514449093 -0.1994244073946257 0
4347 0.2005047460994658 -0.2042293785304766 0
4348 0.1480951792966481 -0.2357912055174662 0
4349 0.1532476106886969 -0.2337346803245728 0
4350 0.1576491133928291 -0.2370440267187397 0
4351 0.1582453499417183 -0.2314429250858082 0
4352 0.1626733931363344 -0.2346425555123345 0
4353 0.1631633080764609 -0.2292218390470139 0
4354 0.1674130010838187 -0.2322769713587856 0
4355 0.2633011962819168 0.08172002003800589 0
4356 0.2292561460456718 -0.1775026053377778 0
4357 0.005038933578119938 0.2754583154544855 0
4358 0.009774264968351834 0.2771089720488236 0
4359 -0.287225428625741 -0.0129949457322293 0
4360 -0.282743380675316 -0.01720222308090494 0
4361 -0.276479614074164 -0.0107778725812991 0
4362 -0.2775998316951886 0.008413218223171159 0
4363 -0.279981174468078 0.01314351218627343 0
4364 -0.2852707721171431 0.01341221903703066 0
4365 -0.282349569599043 0.01797585508274748 0
4366 -0.2770842739359163 0.01763694334443142 0
4367 -0.279269699094412 0.02229621370898496 0
4368 0.2725292390489246 -0.2409064529414671 0
4369 0.1298865824204306 -0.2466185202069287 0
4370 0.1245923436249918 -0.2475944785428469 0
4371 0.2172605789763249 0.189303395193802 0
4372 0.2116550451714189 0.1909315733214632 0
4373 0.2075995691753944 0.1870652823415016 0
4374 0.2061400582368146 0.1924523159620131 0
4375 0.2100748253089564 0.1964935324973838 0
4376 0.2044583064179329 0.1978459672945071 0
4377 0.2008908081930166 0.1937647312629252 0
4378 0.1989721232135364 0.1989740767505507 0
4379 0.2025427029308209 0.2032780562933043 0
4380 0.1969463684016459 0.2041581248119309 0
4381 0.1936106660640635 0.1999535202535161 0
4382 0.1913505398962633 0.2049771376368794 0
4383 0.1947228406579612 0.2092526363199462 0
4384 0.1889975300709296 0.2100973564750349 0
4385 0.1926258920693942 0.2147152914638726 0
4386 0.1867657873715944 0.2152353048625227 0
4387 0.1834234535639028 0.2107725602242486 0
4388 0.1811009373466865 0.2156159637349537 0
4389 0.1902814679317993 0.2205664155148583 0
4390 0.295043628101261 -0.07834894499401628 0
4391 0.04773785372457671 0.3391789582119703 0
4392 0.2927770096772738 -0.03320226038816111 0
4393 0.2881460891884086 -0.02783912001990256 0
4394 -0.05692205318222716 0.2684377088439858 0
4395 -0.02525253964281446 0.2821781006218311 0
4396 -0.02147655321502375 0.2784572483067109 0
4397 0.5391094695962734 0.5712900445698614 0
4398 0.1429137418024398 -0.2607561600860515 0
4399 0.1504934465416185 -0.2585711824592832 0
4400 0.03720589049801459 0.5902649415731722 0
4401 0.2226237697179084 -0.1644007984359216 0
4402 0.2277652649921326 -0.1631729871489906 0
4403 0.2239850112600018 -0.1595044259290994 0
4404 0.2290589772768586 -0.158269724647141 0
4405 0.2484109358708552 0.1205408922058824 0
4406 0.2478356069922935 0.1255961500101425 0
4407 0.2522321274300938 0.1286252689098232 0
4408 0.2470823682583237 0.1405233771257071 0
4409 -0.1924377830302399 -0.2821715737165766 0
4410 -0.009393306497337148 0.5734536237174427 0
4411 0.2864453172451803 0.002089953857119159 0
4412 0.2840270561031513 -0.00302238312114197 0
4413 0.2786289103542543 -0.003561353214402503 0
4414 0.2815694074701079 -0.007959780816221335 0
4415 0.2763864670020869 -0.008245281333708561 0
4416 0.2792192380158097 -0.01252772872858488 0
4417 0.2844290811427717 -0.01230244760302589 0
4418 -0.1806888896992983 0.5811289431524715 0
4419 -0.2250210440098503 0.5579875278504862 0
4420 0.581340360134434 0.2684432658866261 0
4421 0.558095402218252 0.2243993006979035 0
4422 0.3400113028653756 0.08709092171887026 0
4423 -0.06935770897335386 0.2854054688980942 0
4424 0.5256358546707318 0.4399034186377187 0
4425 0.5758852953570565 0.4437789209962828 0
4426 0.03669187993908738 0.3524693982890602 0
4427 0.05469767041523199 0.3536863832330058 0
4428 -0.5434520759568098 0.591469534719069 0
4429 -0.07621490232758457 0.2652268072533587 0
4430 0.3515186068937237 0.009586560997230887 0
4431 0.09314294939058146 0.273871405369636 0
4432 0.09007081298675876 0.2682288395683697 0
4433 0.08686152769398886 0.2733682660941021 0
4434 0.08414048439930244 0.2682208707499072 0
4435 0.08096203412094703 0.273010291222145 0
4436 0.07836823520397337 0.2685353080579703 0
4437 0.07549290669342139 0.2728505671870621 0
4438 0.07297748080935523 0.268503353057533 0
4439 0.07013660458704202 0.2725121296361765 0
4440 0.06778438866982085 0.2680182350120337 0
4441 0.06503611841366316 0.2722315537579714 0
4442 0.09275875803272521 0.2633622874385345 0
4443 0.08100097000896832 0.2634864242893322 0
4444 -0.2168452489404307 -0.1854573670720402 0
4445 -0.2165270465885478 -0.180090342767299 0
4446 -0.2118977083961172 -0.1777951994608996 0
4447 -0.2161611105584022 -0.1747880011747734 0
4448 -0.2208943671427574 -0.1770908516110755 0
4449 -0.2204598633689291 -0.1717259625546451 0
4450 -0.2252068694345293 -0.1739562518991882 0
4451 -0.2248759693781744 -0.1684136098457537 0
4452 -0.2298572851666585 -0.1708992285409528 0
4453 -0.2294872663563057 -0.1650498817751198 0
4454 -0.2345859664562647 -0.1676824721430404 0
4455 -0.2340144128712463 -0.1618265032048994 0
4456 -0.2290422689166388 -0.1594470792815161 0
4457 -0.233454485193926 -0.1561360882501314 0
4458 -0.2386234097464235 -0.1584136095005162 0
4459 -0.2378722237987723 -0.152567938615489 0
4460 -0.2284939987155183 -0.1542790612883761 0
4461 -0.2200741584225405 -0.1662285863029852 0
4462 -0.1446139072037561 0.3410155978565271 0
4463 -0.5861005976474436 0.565347316875777 0
4464 0.1782057762400623 0.2112849289086649 0
4465 0.1759265292488523 0.215892277057405 0
4466 0.1787489215565161 0.2202464315003748 0
4467 0.1735381569701072 0.2204741560121603 0
4468 0.1708456626874761 0.2161560664461858 0
4469 0.168321253274897 0.2206664683324717 0
4470 0.1711003504168215 0.2250691417482361 0
4471 0.1657569537088306 0.2251998078914194 0
4472 0.1685083479095769 0.2296911155474592 0
4473 0.1631764083788023 0.2297450367037663 0
4474 0.1605614828183233 0.2252576819456925 0
4475 0.1578885246484281 0.2297385682135984 0
4476 0.1605745821974839 0.2343764598657947 0
4477 0.1549057060735088 0.2343860727631472 0
4478 0.1577622406694575 0.239126424121646 0
4479 0.1518287039033691 0.2392253350854794 0
4480 0.1549628465549283 0.2443662994429915 0
4481 0.1489133111417681 0.2441177956370542 0
4482 0.1460708237709649 0.2391981265913716 0
4483 0.1432080193585555 0.2437373013503928 0
4484 0.140629613814495 0.2390101267171709 0
4485 0.1377818314185937 0.24348825359325 0
4486 0.1402964505158084 0.2483354806652588 0
4487 0.134657796146344 0.248032670904177 0
4488 0.1372441010755325 0.2530993200211959 0
4489 0.1314731563792333 0.2526003016037881 0
4490 0.1290961989464429 0.2476011400056995 0
4491 0.2721405704409452 0.04842505473987358 0
4492 0.2818513749883131 -0.02884453329286166 0
4493 -0.248961946429564 -0.114391928578936 0
4494 0.5888479744441246 0.5764048970770542 0
4495 0.1830695897642993 -0.207090740616412 0
4496 0.337361084623147 0.2136070273396036 0
4497 0.09386692563534732 0.3518286224833027 0
4498 -0.1658264334270555 -0.2327155104474721 0
4499 -0.161329981252391 -0.2286394733506185 0
4500 -0.1602204271478571 -0.2341409886468284 0
4501 -0.1561982739925501 -0.2303675197256236 0
4502 -0.1549637598095797 -0.2355932146657991 0
4503 -0.1512028582230729 -0.2319460743322448 0
4504 -0.1499812427764377 -0.23695723727262 0
4505 -0.1574501603627256 -0.2253096605166143 0
4506 -0.1540335874304637 -0.2407038543294546 0
4507 -0.1964132386872617 -0.2079122425298728 0
4508 -0.1911691707354221 -0.2098319714421756 0
4509 -0.1870643797955578 -0.2063296056221977 0
4510 -0.08806854879689444 0.2599738853136302 0
4511 -0.1832107861115866 -0.2189969655952529 0
4512 0.171036367787271 0.3308545492195302 0
4513 0.1948713384015639 -0.1950245213386965 0
4514 0.1109170609980095 0.2514964829085532 0
4515 0.1160360163728837 0.2510741281047128 0
4516 0.158830284633988 -0.2262830173418202 0
4517 0.1634982356189444 -0.2240023899989524 0
4518 0.1622409591917024 -0.2404697631443203 0
4519 -0.2749527733578041 0.003957859169678713 0
4520 -0.2741954852066937 0.02185477507198401 0
4521 -0.2762560644128446 0.02647051560257295 0
4522 -0.2813986260663344 0.02714444585658003 0
4523 -0.2782253629393242 0.03118100512752964 0
4524 -0.1060340387465083 0.2945980596242779 0
4525 0.2608311987533992 -0.09160267596946797 0
4526 0.261893682660404 -0.08618942965864224 0
4527 0.2255295049390691 -0.1547093568447206 0
4528 0.2304164970737432 -0.1534103331752012 0
4529 0.234015501422256 -0.1570686458196464 0
4530 0.2352998759744581 -0.1520933972359362 0
4531 0.2389744737530205 -0.1557425304217674 0
4532 -0.2871455321304942 0.04728037792776262 0
4533 -0.01492901655164262 0.3516273467531713 0
4534 0.2594076112163071 -0.111216896624623 0
4535 0.2542187999839113 -0.1119755842140018 0
4536 0.2572411478312029 -0.1160258604947968 0
4537 0.2522706740455674 -0.1168032796940211 0
4538 -0.2431951916263909 -0.1547385074862738 0
4539 0.07795396115033278 0.2778543760163982 0
4540 0.2316999950152199 -0.1485571974242999 0
4541 0.2365197663698599 -0.1471711606329399 0
4542 0.232915788121265 -0.1437003586796893 0
4543 0.2377155516298501 -0.1423024202970876 0
4544 0.5916041764085973 -0.03629483400630369 0
4545 0.5620289029148979 -0.07660967384428544 0
4546 0.2900891153452036 -0.002714099391382905 0
4547 0.5240711710653981 0.09803296708841941 0
4548 0.5806624606166155 0.09699981866358309 0
4549 -0.1462675829692943 -0.2331697888135089 0
4550 -0.1450700020878253 -0.2382466331800487 0
4551 -0.1414250501590449 -0.2344818374996625 0
4552 -0.1402269563198125 -0.2395634038444492 0
4553 -0.2443939276558415 -0.1605301655464451 0
4554 0.281563467450293 -0.08251762064716073 0
4555 0.1507471940977422 0.3323068754602125 0
4556 0.2667637115739609 -0.08413369005209717 0
4557 0.1971912495679604 0.2197621030656086 0
4558 -0.3131151556295908 -0.08779247848704781 0
4559 -0.3169646079512844 -0.1006924395317122 0
4560 -0.3269745146736134 -0.08960777083638417 0
4561 0.2627981313806292 -0.08101514275832572 0
4562 0.373379481802864 0.0132367636904757 0
4563 0.3598563390916233 0.02875798209653314 0
4564 0.2105305570638371 0.1766405473060249 0
4565 -0.2732350066319964 0.0304827343838258 0
4566 -0.2748631518335318 0.03496083870378348 0
4567 -0.2801169773632004 0.03652098096471476 0
4568 0.2492272807538652 -0.1127986143554846 0
4569 0.1782785510099437 -0.2071517166900717 0
4570 0.1759278097264803 -0.2114463253531197 0
4571 0.3429457336308021 0.1047561682293209 0
4572 0.1527355183499281 0.2296710549927746 0
4573 -0.1740743673636521 -0.2132933969566519 0
4574 -0.04123906720566593 -0.269753871395889 0
4575 -0.2700971071535317 0.03437944943462844 0
4576 -0.2714140446314758 0.03896325268840465 0
4577 0.2698714760361948 0.05760632898484664 0
4578 0.2435881608448144 0.1228167027020546 0
4579 0.1176754919417489 0.2587556693740619 0
4580 -0.306132228730473 0.236919129031934 0
4581 0.06273464055647961 0.267738319532121 0
4582 0.06000092161734034 0.2719273759638308 0
4583 -0.1351097705344842 0.6068650486946263 0
4584 0.1350521971998029 0.2388922055365817 0
4585 0.6047709623946962 0.3125554649155285 0
4586 0.1879611617012346 0.2009641338092777 0
4587 0.2928731810982659 -0.2372358237379676 0
4588 0.2998997231898701 -0.2162446940514658 0
4589 -0.3629684671751294 0.6001519643916208 0
4590 -0.331348133727427 -0.1056848329860185 0
4591 -0.3438932166251958 -0.09416845460011622 0
4592 0.5041907422941173 -0.07041197267426723 0
4593 0.5311130901909231 -0.1163097049735362 0
4594 0.581908626678878 -0.1222729253898143 0
4595 0.5523002221835853 -0.1620971296814804 0
4596 0.6021314093045362 -0.1680477937503091 0
4597 0.5722310351871994 -0.2064033270425493 0
4598 0.2375341846678659 0.136025490576573 0
4599 -0.02800819424607358 0.2722841837760031 0
4600 0.262585479063886 0.1192349272386099 0
4601 0.163600307015141 0.2391914088249371 0
4602 0.2677568835758148 0.1060565249056576 0
4603 0.1113407405995623 -0.2504888340307444 0
4604 0.2485482550350577 0.1520276270581532 0
4605 0.2489943106123474 0.1586934139247024 0
4606 -0.0005290669688425332 0.6227580678192032 0
4607 0.2230674334238036 0.1872933531731438 0
4608 0.1802551301825698 0.2066237335489273 0
4609 -0.1694450022357943 -0.2152871946129311 0
4610 0.2741504325782871 -0.01277632901684319 0
4611 0.2768632979479179 -0.01699516324488392 0
4612 -0.1256361833962464 -0.31460733206697 0
4613 -0.2423162562642572 -0.1489210039862293 0
4614 -0.2370019689601563 -0.1470045288502975 0
4615 -0.2479839734725057 -0.1509854402497215 0
4616 -0.4130172449939756 0.6205276215441849 0
4617 0.08440464919619875 0.6064766373918176 0
4618 0.1224408292642798 0.577415135808908 0
4619 0.1316597073792386 0.6235764774631158 0
4620 0.2472899011934397 -0.1174253855213544 0
4621 0.2502982885282257 -0.1214258978027967 0
4622 0.2453358504471263 -0.1220273507704573 0
4623 0.2483347400716745 -0.1260274166101237 0
4624 0.2433708166453393 -0.1266250179193965 0
4625 0.2463698855240217 -0.1306256153485215 0
4626 0.2413165617366067 -0.1314933327119492 0
4627 -0.3658396040406371 0.1470755787737603 0
4628 -0.2689845427209895 0.05675287326990884 0
4629 -0.2706161384524402 0.06139996101782209 0
4630 -0.2669241072366496 0.05217773891218645 0
4631 0.1924897394215794 -0.1996298607220959 0
4632 0.1897053426205774 -0.1952806302272448 0
4633 0.165726386541075 0.216365780390069 0
4634 -0.07209576956509524 0.2625010990001087 0
4635 0.2443189175447043 -0.1357664496344086 0
4636 0.1432056137227199 0.2345783455338613 0
4637 0.1491860020590538 -0.2305819078778265 0
4638 0.6210541388220954 0.004494513324657196 0
4639 0.2287390407191097 0.1521417583839321 0
4640 0.195337716508695 0.2282198476228736 0
4641 -0.2359121856959 -0.2322395053410778 0
4642 -0.2333987233381099 -0.2478951289944441 0
4643 -0.2487846001351623 -0.2415906486993223 0
4644 -0.2467946532148636 -0.258521298216093 0
4645 -0.2633693858853444 -0.2505173142706428 0
4646 -0.2314376048186232 -0.2651698971020405 0
4647 0.190196033671593 0.1960292233685002 0
4648 0.2745590125649079 0.009822808677475604 0
4649 0.2726093128420587 0.004948568908267063 0
4650 -0.2744442726887333 -0.006087745091210564 0
4651 0.2754457434104123 0.04456414305603357 0
4652 -0.06749148859105825 0.2646934825210672 0
4653 -0.2453390165586607 -0.2772831403893846 0
4654 0.1219272981563877 -0.2881628213826835 0
4655 -0.2630483498939938 -0.1150504406805719 0
4656 -0.2620933105075064 -0.1095067940134593 0
4657 -0.257035076541632 -0.1075469882850387 0
4658 -0.2610141150709657 -0.1041222720824805 0
4659 -0.2561216853507852 -0.1024600044973687 0
4660 -0.2599646498164819 -0.09894330604223697 0
4661 -0.2649564396020443 -0.1007057004610828 0
4662 -0.263866150579525 -0.09535143399961049 0
4663 -0.2691698079451926 -0.09708631803769427 0
4664 -0.2678521482636077 -0.09173654360000112 0
4665 -0.2627772915045661 -0.09013620790386062 0
4666 -0.2665738051581784 -0.08658580707674277 0
4667 -0.2617375271986903 -0.0852829941550598 0
4668 -0.2653682006432747 -0.08195160890799727 0
4669 -0.2717284437366884 -0.08797645344636414 0
4670 -0.2705529753562032 -0.1025985569792911 0
4671 0.06540122056307784 0.2634914998250322 0
4672 -0.2692560678551091 0.2385347992383506 0
4673 0.2336210779789747 0.1438299295315508 0
4674 0.05774413863327525 0.2674609187039655 0
4675 0.05495807150985456 0.2716425731712542 0
4676 0.05732134834147389 0.2762299097723815 0
4677 0.05216363894874529 0.27588439946432 0
4678 0.04992088203917911 0.2713130525601459 0
4679 0.04707064785699139 0.2754836284580429 0
4680 0.05435681433366627 0.2808376719676032 0
4681 0.04484961226180403 0.2709055256341094 0
4682 0.04192484982731776 0.275013088977194 0
4683 0.04412969280422976 0.2796318375784546 0
4684 0.03896688213622397 0.2792755784009978 0
4685 0.03689074450012725 0.274505749571754 0
4686 0.03360947796592217 0.2786584663064434 0
4687 0.03574960633508756 0.2837354813482701 0
4688 0.03034874486097748 0.2830176127839357 0
4689 0.0282377196173839 0.2779985307570593 0
4690 -0.04949760441657275 -0.3341701897051226 0
4691 0.4781857071130177 0.3512143912146698 0
4692 -0.2242051521639551 -0.1573722894835531 0
4693 -0.3677547308943705 0.4959159811329455 0
4694 -0.3227182300670517 0.518629310277495 0
4695 -0.211572419083604 -0.1726481790416898 0
4696 -0.02533571900664156 -0.39005289046636 0
4697 -0.03944761330213471 -0.4112351250078268 0
4698 -0.01116702196709382 -0.4151909489853223 0
4699 -0.03108123449899742 -0.4413155852910364 0
4700 0.005342936866158906 -0.4441955509218688 0
4701 -0.01593409889670501 -0.4745588434835636 0
4702 -0.05656880700060744 -0.4702699860235494 0
4703 -0.03986388394232841 -0.5092371816632013 0
4704 -0.08514803624922485 -0.5036664565830886 0
4705 -0.06618641151960801 -0.5479586451730197 0
4706 -0.1155695615814169 -0.5411548347813626 0
4707 -0.09657744100073731 -0.5870773434552347 0
4708 -0.1463523823845836 -0.5800316586809064 0
4709 -0.1647723676048119 -0.5335325897497952 0
4710 -0.195825285227567 -0.5727256067265238 0
4711 -0.2142294625684986 -0.5262126187871401 0
4712 -0.24529506811807 -0.5654011853694264 0
4713 -0.2636913032980422 -0.518890005658494 0
4714 -0.2947629504270724 -0.5580584848216966 0
4715 -0.3131536467482295 -0.5115640631173056 0
4716 -0.3442252448789289 -0.5507319481647011 0
4717 -0.3626150081542338 -0.5042402187054051 0
4718 -0.3936871266832199 -0.543413076262647 0
4719 -0.4120761367533481 -0.4969180018809934 0
4720 -0.4431482164634976 -0.5360911307363332 0
4721 -0.4615370945542751 -0.4895955440888995 0
4722 -0.4926091457656426 -0.5287686327733857 0
4723 -0.5109979971096485 -0.4822729540527587 0
4724 -0.5420700391133529 -0.5214460206967025 0
4725 -0.5604588844649285 -0.4749503229570913 0
4726 -0.5293868461912189 -0.4357772666051887 0
4727 -0.424759379822247 -0.5825868460746895 0
4728 -0.5782080938198848 -0.4289619814239168 0
4729 -0.5476690849111187 -0.3893661261661071 0
4730 -0.5236811962128989 -0.5679417256671456 0
4731 -0.5731420813774138 -0.5606190888404161 0
4732 -0.4982970411330697 -0.3966183059511546 0
4733 -0.2763849083075957 -0.6045687462123902 0
4734 -0.5962007296989645 -0.3807288238271558 0
4735 -0.5659741263241537 -0.3425949408849916 0
4736 -0.6151492069246289 -0.3333902727992034 0
4737 -0.584442275076541 -0.2959128492254819 0
4738 -0.6158153960734691 -0.4726186841796447 0
4739 -0.5547532373795288 -0.6071147907181484 0
4740 0.01669957799814017 0.2948698315514354 0
4741 0.1431253797536295 0.2538410909138771 0
4742 0.249340030429979 0.110241186354721 0
4743 0.1325120333070967 -0.2875801906194796 0
4744 0.2674701765075561 -0.07911081297495653 0
4745 0.263540711398051 -0.0760137599156205 0
4746 0.2681713909407551 -0.07414044296318459 0
4747 0.2642324108921602 -0.07106237087772005 0
4748 0.2688668301008468 -0.06918594857862125 0
4749 0.3187670366559104 -0.2373717697162044 0
4750 0.3227066491520332 -0.2110751085329254 0
4751 -0.12770440079519 -0.6252855086543003 0
4752 -0.6042141198767214 -0.5997921458820231 0
4753 0.1262731761059316 -0.2427682817726107 0
4754 0.1313928765454292 -0.2415553418727097 0
4755 -0.1892453785203646 -0.2986958648600774 0
4756 -0.2031537422074252 -0.1836139400107492 0
4757 0.2632206384874841 0.07572625770327743 0
4758 0.2588493524480002 0.0790824735900232 0
4759 0.3606030307292606 0.5963795517831881 0
4760 -0.5847943835623034 0.5153721673521621 0
4761 -0.5052923552120563 -0.6144374365949675 0
4762 -0.4304650679439664 -0.4504225224708385 0
4763 0.1744529403573453 -0.6197803444014686 0
4764 -0.2895240315622833 0.01938919105670623 0
4765 0.2587433412013688 0.09020953675539208 0
4766 0.2544604129342655 0.09279359670610283 0
4767 -0.2900505163591729 -0.01853334782512957 0
4768 -0.2852910639275822 -0.02316906479793613 0
4769 -0.2795326692185575 -0.02219985541709195 0
4770 -0.2812686011581632 -0.02743095741757851 0
4771 -0.2760725654004575 -0.02631519734071255 0
4772 -0.277645803376039 -0.03137408432510063 0
4773 -0.2828115905072808 -0.03264783254334656 0
4774 -0.2790910485646692 -0.03664018417260193 0
4775 -0.2844047398423979 -0.03793037148739702 0
4776 -0.2804848735110383 -0.04195863371005993 0
4777 -0.2752831896730412 -0.04034149190422219 0
4778 -0.2765007065914921 -0.0456909709067063 0
4779 -0.2819301238445529 -0.04732606413333896 0
4780 -0.2777344698335979 -0.05105612558995407 0
4781 -0.2726503291267873 -0.04933420621841021 0
4782 -0.2736872361421855 -0.0544938260460831 0
4783 -0.2689019475006568 -0.05285713477712997 0
4784 -0.2697906211818288 -0.05784533269893946 0
4785 -0.2743262768343624 -0.02172958248550733 0
4786 -0.271106862021308 -0.02537125414185777 0
4787 -0.2745936290389163 -0.05954260095743417 0
4788 -0.2706348978901825 -0.0628381302998105 0
4789 -0.2754466689961954 -0.06465787906798622 0
4790 -0.2714369149232327 -0.06792350180509649 0
4791 -0.2667378938983426 -0.06608878355535359 0
4792 -0.2673051083155611 -0.07083214359740812 0
4793 -0.2628058949410808 -0.06917662563404656 0
4794 -0.2720517187214666 -0.07344876932795626 0
4795 0.2624764855041111 0.2774637173847673 0
4796 0.257176840468424 0.3005376409921435 0
4797 0.2339466843203975 0.3053261310485293 0
4798 0.1953776317140204 0.3268087415238831 0
4799 0.04303931114421473 0.370544409079628 0
4800 0.2705573469730215 0.04355255145408591 0
4801 -0.1936391612949769 -0.1940420690771765 0
4802 -0.1889013842235842 -0.1961293965163512 0
4803 -0.2713749970832604 -0.01051393153317532 0
4804 -0.04624628333291848 -0.269134224502306 0
4805 -0.04933974453357158 -0.2730558075389048 0
4806 -0.05121984805311487 -0.2684492376956809 0
4807 -0.05423252681623729 -0.2723348931696453 0
4808 -0.05616055767887177 -0.2677210653760901 0
4809 -0.05901399847205245 -0.2719664857634352 0
4810 -0.0610817480372732 -0.2670740930879039 0
4811 -0.06399722955864269 -0.2713594762560821 0
4812 -0.06603331993089975 -0.2664008585764402 0
4813 -0.06911206155907705 -0.2703444642920662 0
4814 -0.07101515990227941 -0.2656507229778325 0
4815 -0.07409618874726046 -0.2695895976980829 0
4816 -0.07597681692326871 -0.2649333109321603 0
4817 -0.0790586528486362 -0.2688763323595129 0
4818 -0.08095911206955375 -0.2642211526343921 0
4819 -0.08405538650322616 -0.2681805912299942 0
4820 -0.08597438973039932 -0.2634901971330946 0
4821 -0.08911982679959263 -0.2675679731408194 0
4822 -0.09109763318673199 -0.2627795713322785 0
4823 -0.09425478140423404 -0.2667779897312504 0
4824 -0.09633047808494918 -0.2620936866043554 0
4825 -0.06716286208884592 -0.2745572210768414 0
4826 -0.09948870225121079 -0.2662796773405879 0
4827 -0.1014983045866415 -0.2614126009899415 0
4828 -0.098323469994228 -0.257395807758235 0
4829 -0.1033969370183729 -0.2566141816136142 0
4830 -0.1066099375204257 -0.2606363100852032 0
4831 -0.1083884771690602 -0.2559594186940573 0
4832 -0.08286317459604456 -0.2595647526498032 0
4833 -0.1002476048356934 -0.2527081179755636 0
4834 -0.2354802321179547 -0.173883692124306 0
4835 -0.01706492491048546 0.2902114259384208 0
4836 -0.2551114955688718 -0.09740517987415304 0
4837 0.0002511788318701765 0.2737736678365348 0
4838 -0.003679842064805149 0.2766043050107608 0
4839 0.004059591991806702 0.2705552731696071 0
4840 0.6078565009186027 0.2259735270419727 0
4841 -0.1987172932756429 -0.1863052634273931 0
4842 -0.2659071898873494 0.06076869218287853 0
4843 -0.267602765483839 0.06544038815219716 0
4844 -0.2628179616897874 0.06470186230357729 0
4845 -0.2646348829147142 0.06933338995159252 0
4846 0.2767077315399062 -0.05145652125845707 0
4847 0.2718693480947381 -0.0509243430841937 0
4848 0.2315004407075979 -0.1668533462227773 0
4849 -0.2410125721466151 -0.1434184074976251 0
4850 -0.2361050070685819 -0.1418813317372185 0
4851 -0.2392343701763501 -0.1384034955117667 0
4852 -0.2321915879796191 -0.1452942695089248 0
4853 -0.2314020227990125 -0.1401607870813192 0
4854 0.1446124825298711 -0.2324684504744021 0
4855 -0.5005950696047103 0.6172271460532206 0
4856 -0.2225329554258579 0.6080825382066075 0
4857 0.224132302702562 0.1545304097557625 0
4858 0.2176264510477161 -0.1656790075429423 0
4859 0.1400742543573092 0.2605282159663088 0
4860 0.1066749499403846 -0.2596543156500933 0
4861 0.1040677730350355 -0.2553353637228047 0
4862 -0.2807364541091416 0.07848048630341839 0
4863 -0.2741048303465932 0.07708064900538895 0
4864 0.2426477689942315 0.1281042689313528 0
4865 -0.09224603561675791 0.2572287488412685 0
4866 -0.09673617226486411 0.2594672721403007 0
4867 -0.09643775010180468 0.2545022563613687 0
4868 -0.1019009504590326 0.2570514404207374 0
4869 0.1741286947031715 0.2297270544454213 0
4870 -0.1785794368901893 -0.2109988114658366 0
4871 -0.3248750399039129 0.2230947260302202 0
4872 -0.3188109363322375 0.20019774825365 0
4873 -0.1203442715026329 -0.3296564775152469 0
4874 0.1213052330078206 -0.2436760231859015 0
4875 0.1259902066542159 0.2519422145979963 0
4876 0.1238723111191961 0.2471557884910373 0
4877 0.1268100518128274 0.2429870283545009 0
4878 0.1216701447979279 0.2425902375353357 0
4879 0.2528754505183727 -0.1032206520635645 0
4880 0.2544139860832618 -0.09843935916458971 0
4881 -0.4928515413164367 0.3189377033510857 0
4882 -0.5368917129594593 0.3416663928671518 0
4883 -0.535811506983533 0.2922309571099103 0
4884 -0.5795616544466099 0.3154799232085685 0
4885 -0.5781854311135098 0.2654794444908907 0
4886 -0.6221332588442851 0.2892016109445699 0
4887 -0.580880293424246 0.3654159186075719 0
4888 -0.6202835024008571 0.2391984023192989 0
4889 -0.5772413625583104 0.2162835481836158 0
4890 -0.6188999044499449 0.1893445265003309 0
4891 -0.07718592971761762 -0.2735305088678783 0
4892 -0.223944806661332 -0.1522095605341636 0
4893 0.264981878969725 -0.06611812354548646 0
4894 -0.2833024653719725 -0.4730926895895698 0
4895 -0.5873885872190014 0.6153372095468784 0
4896 0.2024637832585574 0.2256322562959111 0
4897 -0.06324523306087962 0.2880251419926456 0
4898 0.2672028167433385 0.04732904506279418 0
4899 0.2581632134176524 -0.08297584666841482 0
4900 0.303599328854218 -0.1932464134385622 0
4901 0.331552724207137 -0.1849114505948957 0
4902 0.3116854816249778 -0.171536034199274 0
4903 0.2821722560214039 0.6315570182252992 0
4904 0.02391510355487251 0.2824024176711971 0
4905 0.02302522310357615 0.2771588427956079 0
4906 0.02636247310438898 0.2729591392432157 0
4907 0.02133489284903786 0.2722664984533391 0
4908 0.02686417082188129 0.2875278840053523 0
4909 0.2339413214913661 -0.1390143555649644 0
4910 -0.03796200934212509 0.2696857209729834 0
4911 0.3615913482249795 0.09168631093147792 0
4912 0.3516507804662315 0.07482367755525726 0
4913 -0.2651048328055564 -0.05614471604620467 0
4914 -0.2698026650508698 0.5865024419686147 0
4915 0.5595374476980484 0.6168656007457765 0
4916 0.5097950198986027 0.6117349760361219 0
4917 0.269569075050982 -0.06423492382118111 0
4918 0.2656852579594681 -0.0611676716695532 0
4919 -0.6339163746807771 -0.288559138402395 0
4920 -0.6029331546498271 -0.2497603703672032 0
4921 -0.5534613111767592 -0.2570485369332804 0
4922 -0.5718684157620983 -0.2106151648761409 0
4923 -0.6207335541340655 -0.2037645463695991 0
4924 -0.5901591467526264 -0.1642022894038396 0
4925 -0.6370660863636455 -0.1574525601422246 0
4926 -0.6081889196025159 -0.117751010178752 0
4927 -0.2522426898809794 -0.105694929579928 0
4928 0.1354226336160994 -0.2765625773525922 0
4929 0.2331794660104767 0.6282621911415047 0
4930 0.2493965785512786 -0.1346744669501992 0
4931 -0.1045403163052928 -0.3320837241185801 0
4932 0.2735103375467244 -0.004064799815068285 0
4933 0.2384619917668531 -0.127214615322839 0
4934 -0.1612031690339536 0.3296665874082025 0
4935 0.2413330618226683 -0.1457553634723601 0
4936 0.1867706308305134 0.2269128490485078 0
4937 -0.2719980809035202 0.01733543280522202 0
4938 0.2115645380203397 0.1714807600788746 0
4939 -0.2724059247946978 0.008444050712144609 0
4940 -0.2638290372058811 0.6334353852350763 0
4941 0.2619559878522437 0.1250380081024647 0
4942 -0.2578726160927911 -0.08869338632462917 0
4943 0.6174170086546139 0.6229314770318339 0
4944 -0.5753761213725752 0.1653703657525931 0
4945 -0.6178975757387573 0.1392167326893871 0
4946 -0.1366886497911499 -0.2361065975688885 0
4947 -0.1354032498815861 -0.2409445479934491 0
4948 -0.1389592220742138 -0.2444839192643306 0
4949 -0.1340990957244439 -0.2458059675298951 0
4950 -0.1305667765980968 -0.2422409490080071 0
4951 -0.1292240112076558 -0.2470684349651546 0
4952 -0.1257237749027171 -0.2434974654728367 0
4953 -0.1243764794178483 -0.2483147120676323 0
4954 -0.120897225257907 -0.2448074604684653 0
4955 -0.1195350903167891 -0.2495672667143271 0
4956 -0.1160565590400706 -0.2460604669273502 0
4957 -0.1270059866806721 -0.2387372301144151 0
4958 -0.1721301998377072 -0.3026488730386845 0
4959 -0.5601232965219878 -0.1253927158855239 0
4960 -0.5760832048362228 -0.07994766786132608 0
4961 0.2080256588033324 0.5813905423560659 0
4962 0.273690136178834 0.03980261279315038 0
4963 0.2689187660781558 0.03881046144729224 0
4964 0.2721132568732548 0.03504453395263068 0
4965 0.04769589743434436 0.2670173070616468 0
4966 -0.2697516748129912 0.04769050147386329 0
4967 -0.1025789386040845 0.5291457014765351 0
4968 0.06732947109401674 0.2768167414365843 0
4969 0.4726578766778853 0.1906140225620931 0
4970 -0.2762123256295422 0.08351770845030815 0
4971 -0.2701223397850256 0.08262626937816461 0
4972 -0.2719769217463885 0.08808969048080374 0
4973 -0.2663546408538524 0.08694991789992632 0
4974 -0.2679895633177124 0.09223652854006066 0
4975 -0.2628129632390014 0.09105745292595588 0
4976 -0.2643572227689676 0.09608499942196594 0
4977 -0.264539502901331 0.08205868215985493 0
4978 -0.2593317542818429 0.09489450853091877 0
4979 -0.2607743601153862 0.09978581879902788 0
4980 -0.2699586357529267 0.0971105816812996 0
4981 -0.2558706764559937 0.09861764850485784 0
4982 -0.2572499081340611 0.103460363787077 0
4983 -0.2621422753607041 0.1046863015648307 0
4984 -0.2585832215094026 0.1083413776878917 0
4985 -0.2537094684778662 0.1070418338978456 0
4986 -0.2549525610319322 0.1119503832838738 0
4987 -0.260035315703976 0.1133230919814453 0
4988 -0.2561740778132146 0.1171314823437736 0
4989 -0.261480130578553 0.1186038715117873 0
4990 -0.2574905766467438 0.1226458047481101 0
4991 -0.2522402958951895 0.1209883467012946 0
4992 -0.2533758389561745 0.1263735667567077 0
4993 -0.2482641347160618 0.1247479608123408 0
4994 -0.2493152279847638 0.1298254952743782 0
4995 -0.2632444212186365 0.1243889454109005 0
4996 -0.2444110447750701 0.1282362681729344 0
4997 -0.2453674080573079 0.1332826968306857 0
4998 -0.2502249069255542 0.1348849131729107 0
4999 -0.2462973746443073 0.1384446946809736 0
5000 -0.2413580821668213 0.1366221159451194 0
5001 -0.2421732363665059 0.1418677400918876 0
5002 -0.2474291804648195 0.1437899514531323 0
5003 -0.2429806080189384 0.1472490032299984 0
5004 -0.2380025769507856 0.1452356480751434 0
5005 -0.2385787951795348 0.1505153733218059 0
5006 -0.2341346413920903 0.1484158862774139 0
5007 -0.234687812083346 0.1536195912526644 0
5008 -0.2392242004059086 0.1558476902435097 0
5009 -0.2348825128361642 0.1590180747224518 0
5010 -0.2297101132549513 0.1559790190890739 0
5011 -0.2300610495975481 0.1619879227563198 0
5012 -0.2352810237040392 0.1647412287957562 0
5013 -0.2304533374032652 0.167737207808634 0
5014 -0.2253801010184337 0.1651324502740802 0
5015 -0.2254238477411908 0.1707862481508512 0
5016 -0.23078191223915 0.1736565037206149 0
5017 -0.2255299444067268 0.17663571258582 0
5018 -0.2205012309178345 0.1736609757542886 0
5019 -0.220278347541927 0.1791307205409181 0
5020 -0.2156794002961254 0.176159709342268 0
5021 -0.2154581871742036 0.1814783797618318 0
5022 -0.2110669700877226 0.1786831291842399 0
5023 -0.21072448152812 0.1838567841396266 0
5024 -0.2150610260772669 0.1866934422330036 0
5025 -0.2102973369554413 0.18913251639058 0
5026 -0.2310036650408157 0.180250711515576 0
5027 -0.2059481497790769 0.1861431039088923 0
5028 -0.2054011864573043 0.191396303885772 0
5029 -0.2099956510247754 0.1946211692388744 0
5030 -0.2047832538373428 0.1968062410209323 0
5031 -0.2005006727347415 0.193564657235141 0
5032 -0.1996982371629838 0.1987963499929054 0
5033 -0.209473723036144 0.2006200909169492 0
5034 -0.1956168899823364 0.1955898486268335 0
5035 -0.1947607842130777 0.2007214291344539 0
5036 -0.1988190208137926 0.2039721200259132 0
5037 -0.1938543549762273 0.2059190745058548 0
5038 -0.189810352934971 0.2024957615229469 0
5039 -0.1886848516872637 0.2077503448158242 0
5040 -0.1930231190917266 0.2113630591012325 0
5041 -0.1876388775839253 0.2130623142017818 0
5042 -0.1835948691708612 0.2094737610893467 0
5043 -0.1823795377177213 0.2145976482103348 0
5044 -0.1786324271087951 0.2110187703759597 0
5045 -0.1773283021829165 0.2160353969323739 0
5046 -0.1810670832547886 0.2196333820839648 0
5047 -0.1759589992936973 0.2210996467602785 0
5048 -0.1722863494794245 0.2173770716410189 0
5049 -0.1708421757644157 0.2223988845857047 0
5050 -0.1746649035602353 0.2263941618228607 0
5051 -0.1691269430532208 0.2277339495937379 0
5052 -0.1731648351990893 0.2322051090249901 0
5053 -0.1671986994726272 0.2334378069710317 0
5054 -0.1632974859958252 0.2282817784848772 0
5055 -0.1614244068537709 0.2343210768027386 0
5056 -0.1577738020987079 0.2301950566176049 0
5057 -0.1559838065588485 0.2353131720655041 0
5058 -0.1661301449738792 0.239379197087483 0
5059 -0.1919586083813697 0.2172775457237319 0
5060 -0.1525363571560626 0.2313708955719654 0
5061 -0.1506869196600421 0.2363099412977524 0
5062 -0.1540932918542346 0.2403077960344089 0
5063 -0.148728582655693 0.2413608433109213 0
5064 -0.1454015598267057 0.2371074674795871 0
5065 -0.1432150494814127 0.2421378971103727 0
5066 -0.146683447609386 0.2464249121287296 0
5067 -0.141076243870296 0.2472300407640496 0
5068 -0.1377806236621113 0.2428411016733129 0
5069 -0.1355476924564708 0.2477740935109017 0
5070 -0.1388561175571537 0.2526028043347068 0
5071 -0.132821691942213 0.2530465237480035 0
5072 -0.1325695832806953 0.2433292186108235 0
5073 -0.1362495095851732 0.2584712910113547 0
5074 -0.1673537293932074 0.2186518267458186 0
5075 -0.1963783735917875 0.1904907263849678 0
5076 -0.2158536630726453 0.1710035526139589 0
5077 -0.1541247367158461 0.2265243700045089 0
5078 -0.2433372376675552 0.1232738952974229 0
5079 -0.2484953202529281 0.1497027593216107 0
5080 -0.2501335453383736 0.1105626564509944 0
5081 -0.233280884793867 0.1433233303113127 0
5082 -0.1297330203012849 0.2586863701869078 0
5083 -0.1266030358725066 0.2525852238795694 0
5084 -0.1233462211252563 0.2586805773114839 0
5085 -0.1205777369031748 0.2533306607160249 0
5086 -0.1225957416796704 0.2483735625273849 0
5087 -0.11780082419497 0.248962961867859 0
5088 -0.1152438645980403 0.2532850651099062 0
5089 -0.1127788572981988 0.2489151281497751 0
5090 -0.2369226537680441 0.1768214464059796 0
5091 -0.1431879468132794 0.2578871007455805 0
5092 -0.1346415723396263 0.2386920117585561 0
5093 -0.1296524453279292 0.2392165519599715 0
5094 -0.254399877496772 0.09380540121720526 0
5095 -0.140333036423098 0.2645402052866734 0
5096 -0.1101778426352379 0.2531918479929812 0
5097 -0.112628322543997 0.2576485467940517 0
5098 -0.2151658315447552 0.1980684289874244 0
5099 -0.2153462295828991 0.205981468598357 0
5100 -0.1797650902996254 0.2060857109483534 0
5101 -0.1749616153139047 0.2075917430963817 0
5102 -0.04277146045934109 0.268285518313039 0
5103 0.3465315300153679 -0.2042490083587654 0
5104 0.631533983706131 -0.127945954020168 0
5105 0.2935161538928832 -0.4906882738402799 0
5106 0.3422477746260667 -0.4909146854024564 0
5107 0.3183701132043889 -0.5345010802885977 0
5108 0.3676684830429354 -0.5341200782955866 0
5109 0.3428429297963413 -0.5776247025518394 0
5110 0.3928653358606409 -0.5772531235379744 0
5111 0.4175451331414795 -0.5337655263313109 0
5112 0.4428477383736878 -0.5768861780827081 0
5113 0.4675230613556141 -0.5334002313232643 0
5114 0.4928403594219218 -0.5765180525279969 0
5115 0.5175190683680323 -0.533033578572869 0
5116 0.4921984044281557 -0.4899162716578205 0
5117 0.5421978859374685 -0.4895490960968084 0
5118 0.5168790641841945 -0.4464334047617849 0
5119 0.5428375607426377 -0.5761495555200205 0
5120 0.566877608338946 -0.4460647948187245 0
5121 0.5415586849918792 -0.402949281018171 0
5122 0.5921965138663388 -0.4891804325689429 0
5123 0.5915573076167338 -0.4025803138363624 0
5124 0.5662383804150763 -0.359464770085171 0
5125 0.4681587296773799 -0.6200034402015223 0
5126 0.4915602988682011 -0.4033181910697567 0
5127 0.6157361862014437 -0.3588114924892151 0
5128 0.592194376225287 -0.3167045358679806 0
5129 0.6405451406762458 -0.3154002397499831 0
5130 0.5422712718994672 -0.3184826311076918 0
5131 0.2942058969045045 -0.5775167694304989 0
5132 0.3183862846923958 -0.6210277813019576 0
5133 0.2701438299753325 -0.6202195375720534 0
5134 -0.1852971833349193 -0.488585843931822 0
5135 0.1275385982491671 0.2580933238404237 0
5136 0.2474383745726816 -0.1395091468344497 0
5137 0.2562611937806674 0.1721320767230191 0
5138 -0.1377359134828043 -0.2494222843378334 0
5139 0.1836360336425303 0.3504339605173532 0
5140 -0.004468961534536362 0.2720323295102339 0
5141 -0.008440476627077628 0.2749321938811128 0
5142 -0.009143828754079417 0.270228089508358 0
5143 -0.01301940754690829 0.2732565092478489 0
5144 -0.2569251838020724 -0.08393030216176912 0
5145 -0.06797833267237216 -0.2619739713658819 0
5146 0.2547217131337554 0.1536999345631485 0
5147 -0.1297269019862646 -0.2996422036647709 0
5148 -0.1405650488519348 -0.3114580959609632 0
5149 0.6175052434528181 0.5361915262109869 0
5150 0.2736300211427214 0.09854956391528615 0
5151 -0.61997193957597 -0.5553833687496138 0
5152 -0.1005861976719697 0.2516520652297718 0
5153 -0.3436311578307343 0.01903642760456257 0
5154 -0.3627322446988748 0.01967231884670125 0
5155 -0.1475125979349917 -0.228540676431554 0
5156 0.5782580552951121 0.3549080400544645 0
5157 -0.195965745156472 -0.2141625687083154 0
5158 -0.2377740577178073 0.1850818120351577 0
5159 -0.230555258683693 0.1877466611884663 0
5160 -0.1115559285365672 -0.2598362182111847 0
5161 0.1753078243847857 0.2071781501750605 0
5162 -0.1644589483259931 0.3511258307149354 0
5163 0.2686915952727181 -0.0380944492443249 0
5164 0.270628156449165 -0.03354798735848079 0
5165 0.2443620682019692 -0.1133688253699727 0
5166 -0.2074154558811284 -0.1757811955438325 0
5167 0.1164568870933408 0.3485112115952523 0
5168 -0.04713062940538594 0.6060489966238836 0
5169 -0.03365141714537003 0.2845416195814786 0
5170 -0.1846145547808762 -0.3154033234306195 0
5171 -0.5752282130558343 0.1134013136213878 0
5172 -0.6166961311549179 0.08888242894815288 0
5173 -0.5733434861354321 0.0643091574393988 0
5174 -0.6152638083925859 0.03899066113989073 0
5175 0.6177902080437805 -0.2149254574974491 0
5176 0.2953955469287906 -0.02636231883529003 0
5177 0.3006260179554839 -0.03240974391288622 0
5178 -0.3662114863663112 0.05116807605017094 0
5179 -0.2077221425797677 0.2072446578039268 0
5180 -0.1978684827139166 0.2152501635079485 0
5181 -0.1969484180579165 0.2235432216746611 0
5182 -0.1896463594561127 0.2238418983344516 0
5183 0.2839159865206472 -0.02290010992700797 0
5184 -0.2700243717213031 0.004038121952182438 0
5185 0.2788061827427752 0.08884640114313014 0
5186 -0.1694743824423684 0.2528484520476749 0
5187 -0.178114848773905 0.2468808013335032 0
5188 -0.2657870913632198 0.1143356950684299 0
5189 0.2699771766525858 -0.05903475689056542 0
5190 0.2660808348249836 -0.05614630439331814 0
5191 -0.170072041373424 -0.21047045946362 0
5192 -0.6286272623036725 0.5892562357449331 0
5193 0.2426129020387021 -0.1807244039075251 0
5194 0.5242974916639669 -0.2027123317300067 0
5195 -0.2832138063527986 -0.05291551097853846 0
5196 -0.2879783661148458 -0.04909328935682901 0
5197 -0.6619458163922901 0.1629854335318061 0
5198 0.2507568399073833 -0.1583390395815741 0
5199 0.1968382320810743 -0.2146418385567 0
5200 -0.5710773507278099 0.007846587295024 0
5201 -0.6195130106187983 -0.01436043621370221 0
5202 -0.657814992599011 0.01304232332550853 0
5203 0.3277629726187665 0.1155143204597833 0
5204 0.3456480746121693 0.1236869895548985 0
5205 0.3295491829327606 0.1360554167927238 0
5206 0.3496091310126663 0.1459495978327905 0
5207 0.3308956905692483 0.155796122273744 0
5208 -0.2692837294979986 0.021439627473694 0
5209 0.2720074390686623 -0.01730261363705194 0
5210 0.2745582566759077 -0.02143871403273013 0
5211 0.2697634938121487 -0.02177208183595599 0
5212 -0.2676446027734476 -0.1116427351901891 0
5213 0.1015491461509652 -0.2595869484257229 0
5214 0.09903740514567207 -0.2553608419482618 0
5215 0.0965245404358295 -0.259605919206041 0
5216 0.09403667874405888 -0.2553664366025381 0
5217 0.09185271685688579 -0.2596889466706274 0
5218 -0.2451091754029047 -0.1843647569772058 0
5219 -0.1689320937434884 0.213823288605521 0
5220 0.5844208108486664 0.1823913326134104 0
5221 0.6322451978823631 0.1848788806804092 0
5222 0.2956027817516055 -0.6647021068900513 0
5223 -0.0937407553725893 -0.2724275364890462 0
5224 0.2602559413619621 -0.06808340554588849 0
5225 -0.2252763120561078 -0.1790440420467665 0
5226 -0.2066918151038832 -0.171253267625316 0
5227 0.2320892481649603 0.4864173965038013 0
5228 0.297677855467333 0.327734238123971 0
5229 -0.08062238862532672 0.2879314242368357 0
5230 -0.0871374927919113 0.293968539588398 0
5231 -0.1491700967341302 0.2276050397395399 0
5232 -0.1509370234404659 0.2228603514096831 0
5233 -0.1556960906488363 0.2217764492446221 0
5234 0.1593632199584972 -0.2211650086389468 0
5235 0.1638480103314324 -0.218956651568091 0
5236 0.168021638411097 -0.2217135857867048 0
5237 0.1682937080482745 -0.2167636735376243 0
5238 0.1641291634158016 -0.2140049846756795 0
5239 0.154823543868899 -0.2232852521354489 0
5240 -0.3422287931408119 0.1637372186841085 0
5241 0.2530171671629005 -0.1388920985969387 0
5242 -0.1194092520881624 0.2443754296217773 0
5243 -0.2261894783908667 -0.1936972763271315 0
5244 0.02323794986314201 -0.4757739372166701 0
5245 0.0435971183421012 -0.4437344916266962 0
5246 -0.2678586334179079 -0.04799883421168433 0
5247 -0.06872179884680044 0.2926607249204088 0
5248 -0.04041469433308997 -0.3204051073831319 0
5249 0.2673924345998322 0.034192410947184 0
5250 0.2705858186012901 0.03034255889808677 0
5251 -0.3199410185057226 -0.1149836370189526 0
5252 -0.3348191271321074 -0.122360562853407 0
5253 -0.3199193906485093 -0.1326179248531657 0
5254 -0.3390736351054183 -0.1407536436466362 0
5255 -0.3245185183005772 -0.1535824053287996 0
5256 -0.2529662733900925 -0.1779015397191275 0
5257 0.2069195784947471 0.1733177038013003 0
5258 0.2055049007854012 0.17852059217971 0
5259 0.01797076737878781 0.2756872814539287 0
5260 0.01658809322707206 0.2709070678697001 0
5261 0.01961432887271307 0.2675109227570014 0
5262 -0.1644440847030238 0.2151376774182922 0
5263 0.2241850725733796 0.1601703968414987 0
5264 0.2381865600187543 -0.1610880389450994 0
5265 -0.05295891941767514 0.2845636655075725 0
5266 -0.05309316586082739 -0.2637788089659935 0
5267 0.187151462422887 -0.1992850918915254 0
5268 0.6269138971589201 0.3558726277529931 0
5269 0.6547514370652909 0.314303305335893 0
5270 -0.02121104671923624 -0.5473983576849523 0
5271 -0.2301100850508229 0.1470204682783048 0
5272 0.09357832109043343 -0.2978800774139589 0
5273 0.08901648972795516 -0.3072956906786565 0
5274 0.1020015891182671 -0.3058779900293937 0
5275 0.09533081893447767 -0.3185210030586521 0
5276 0.1117503982568901 -0.3198531625468792 0
5277 0.249535899577383 -0.09935960114059816 0
5278 0.1520623692603522 0.2496522889032595 0
5279 -0.1552297129622921 -0.2512934518121981 0
5280 0.05930227029250001 0.280382374088284 0
5281 -0.2451015310537565 -0.1177258173458246 0
5282 -0.2443149225805943 -0.1128251455985432 0
5283 0.2222912296780197 0.193617101738888 0
5284 0.2289270918163171 0.1917146900324261 0
5285 0.2692457339772693 -0.01301531873623425 0
5286 0.1521115821109444 -0.2898781042363805 0
5287 0.145790985176484 -0.227244722906815 0
5288 -0.2633272320758036 -0.07384070783939195 0
5289 0.2715790462010341 -0.08279331809011062 0
5290 -0.2364582062892987 0.1925034780551351 0
5291 -0.2489913890029712 0.1058301657935438 0
5292 -0.1790825604754405 0.2306623423498292 0
5293 0.2498723282448585 0.1051990553669842 0
5294 0.2457586434468979 0.106926223975748 0
5295 -0.114730445031353 -0.2506782791406112 0
5296 -0.118973650079159 -0.2550594977599114 0
5297 -0.1114872644653353 -0.2471687669825537 0
5298 -0.07788683738082458 -0.6319762486953692 0
5299 -0.3178757069547433 0.09942038959633887 0
5300 -0.1941240682609087 -0.2668903669439372 0
5301 -0.03966286648106788 0.2650901278268988 0
5302 -0.2692998702815987 0.0699807780003785 0
5303 -0.2660748638569039 0.07382583016361492 0
5304 -0.0836554131568798 0.2627432574559456 0
5305 -0.0839296941153026 0.2573565036430017 0
5306 -0.2410564343679116 -0.1700832720957504 0
5307 0.1117438132762044 0.3201719057331067 0
5308 -0.2615570726890645 0.07324024845404586 0
5309 0.01183800601533004 0.3004573884542603 0
5310 0.1822336993930913 0.2969151272850581 0
5311 -0.3273055900145654 0.08921055530811592 0
5312 -0.33325941448984 0.1026704033066292 0
5313 -0.3442531173488352 0.09103796915622411 0
5314 -0.3510857827648247 0.1070007280821922 0
5315 0.2833568321403437 0.03993148147927948 0
5316 0.2885855998162864 0.04253708988988741 0
5317 0.2496871571452919 0.3243151624320326 0
5318 0.2682552005225752 0.1121781752598248 0
5319 0.2852476784351078 -0.2577913369558733 0
5320 0.2599394498031777 -0.259343424619956 0
5321 0.275727420397242 -0.279858457696432 0
5322 0.2519023501024545 -0.2827779734659351 0
5323 0.2668010013031205 -0.3034148943669481 0
5324 0.2381034426135762 -0.3052595809892307 0
5325 0.2557905853762195 -0.3358897316675471 0
5326 0.3126532737376822 -0.08373314085044542 0
5327 0.3049124573708884 -0.09575542096330861 0
5328 0.3112349093713335 -0.1109034958266192 0
5329 0.263942379473366 0.2529770416478219 0
5330 0.1800841557079795 -0.2029719932530117 0
5331 0.1756144351635192 -0.202869340324303 0
5332 0.2715433397501023 -0.02587263876278576 0
5333 0.2672699587865848 -0.02592783728156781 0
5334 0.1157651841624532 -0.2493123559232233 0
5335 -0.1364448854524369 0.3785727938186598 0
5336 -0.1917446916939036 0.1925141743401607 0
5337 -0.1925428278727706 0.1875975074273172 0
5338 -0.1969036055235114 0.1855725973074393 0
5339 0.1483992903600285 -0.2665166804728138 0
5340 0.1571670193842124 -0.2639970079104912 0
5341 0.1587429640899425 -0.254633493314307 0
5342 -0.06832552629686489 0.2595319992381715 0
5343 0.112794100995723 0.2472182562162671 0
5344 0.1078969786741104 0.2475808509488835 0
5345 0.2665029044837626 -0.04238364568992342 0
5346 0.6389803387681647 -0.4018598451382143 0
5347 -0.3380273149167607 -0.01947588456557288 0
5348 -0.3473534285331255 -0.008218351707025064 0
5349 -0.3549872374631689 -0.02165711592344456 0
5350 -0.3644776950559816 -0.009135817762536906 0
5351 0.3386668943447488 0.2656037299807333 0
5352 0.2914736966904173 0.01146677899648023 0
5353 -0.3865201637226484 0.1272543475183963 0
5354 -0.09530612215857161 -0.2535317195332663 0
5355 -0.2070226330627599 -0.2767341612726762 0
5356 0.2290836898906506 -0.3313703261895721 0
5357 0.1816273931953441 -0.2430465239454997 0
5358 0.2293414981464637 -0.1403721301732274 0
5359 0.4074954776894365 0.03400158494410799 0
5360 0.4144326155676181 0.00282663161857393 0
5361 0.4258998106268719 -0.03295245220718539 0
5362 -0.0577518193683057 0.3011739652790237 0
5363 -0.05033854869031271 -0.2835629679929982 0
5364 0.05663878907514193 -0.3287208700219812 0
5365 0.06696006841913787 -0.3155899200970997 0
5366 0.05108273027179383 -0.3142047501640239 0
5367 0.2467207288261517 0.1354712655200083 0
5368 0.2520668059545036 0.137417782505157 0
5369 0.2523771137969874 0.1431108950588803 0
5370 0.2391180724423945 -0.1889118469195285 0
5371 -0.1122716534938343 -0.2431420802523675 0
5372 0.1685208085417337 -0.2122144005009752 0
5373 0.1852575791382302 0.1968645645449608 0
5374 -0.5014928124830842 0.1556745613850642 0
5375 0.190088438286191 -0.204102108067343 0
5376 0.01724205237413186 -0.3263273407435056 0
5377 0.02556660521527298 -0.3139152445726656 0
5378 0.01262160946231216 -0.3129937815908312 0
5379 -0.261651683130554 0.3189105535158768 0
5380 -0.2629976760912796 0.2887293074935368 0
5381 -0.2383135893401947 0.3007436994419381 0
5382 0.2847008897051051 0.2700987880175499 0
5383 0.2894691221116306 0.2462064085139428 0
5384 -0.01740257048919459 -0.2797389617034001 0
5385 -0.02011213688994409 -0.2752907507233747 0
5386 -0.02518315227171578 -0.2750428061131992 0
5387 -0.02257154259562011 -0.2708910111816336 0
5388 -0.02744055235114123 -0.2705734859144725 0
5389 -0.01552860230989625 -0.2752327590289756 0
5390 -0.0248392158266585 -0.2666390895679829 0
5391 0.24437596677779 0.1178127951271293 0
5392 0.2397009630072419 0.1197859770096341 0
5393 -0.07621294275268467 0.2606250781906351 0
5394 -0.019576736447957 -0.3235362524516639 0
5395 -0.01122435981964492 -0.3123449936950116 0
5396 -0.01223665478215968 0.2778658065027801 0
5397 0.1663855577388465 -0.2604556779391589 0
5398 -0.3441556064236165 -0.1611583818688816 0
5399 -0.3281238109582515 -0.1722948697257728 0
5400 -0.1579436881180874 0.2511476931805166 0
5401 0.01957579722778912 0.3026659246609659 0
5402 0.01390921114075064 0.3098108649451131 0
5403 -0.004120528453524883 -0.279612444535816 0
5404 -0.006681208973066823 -0.2753714360757378 0
5405 -0.001950292878076449 -0.2750353521570426 0
5406 0.1872234593395963 0.1924052886630371 0
5407 0.1922960553251777 0.1914468833634528 0
5408 0.1723719287161142 0.2351306391997351 0
5409 0.1154064018888962 -0.3069098306979191 0
5410 -0.2398224986301386 0.1266434091911391 0
5411 -0.2388746553265117 0.1218734659207672 0
5412 0.1231112480419515 -0.2390810234501503 0
5413 0.172504074691232 -0.219464290670478 0
5414 0.1722405481458286 -0.2244778171932414 0
5415 0.6388910134725675 -0.04232677816621495 0
5416 0.6676156799671059 -0.007454356939785257 0
5417 -0.5842696516977125 -0.6476974326603406 0
5418 -0.6271522965977399 -0.6408731096347255 0
5419 0.03032015132635237 -0.2787528850994795 0
5420 0.03285853050607607 -0.2742244164248585 0
5421 0.03804507113049752 -0.2739817717172285 0
5422 0.0350636918487439 -0.269689267310296 0
5423 0.04007341658522071 -0.2693623524001219 0
5424 0.02825569806645507 -0.2743822886878847 0
5425 0.04296129558111856 -0.273298127301788 0
5426 0.04483953572190608 -0.2689553191728756 0
5427 0.02088279079004214 0.3485481437375952 0
5428 0.1769936053351404 0.2027792675946789 0
5429 -0.5276374974364321 -0.08976779435047272 0
5430 0.311832354791486 -0.02382989428975385 0
5431 -0.1077787143788526 0.2488034444013582 0
5432 -0.1104850623257538 0.2447093216936406 0
5433 -0.294513000290878 -0.01259458890252285 0
5434 0.214456614307002 -0.3744178148618448 0
5435 -0.1098884509195801 -0.2647333517356569 0
5436 -0.1165068518892224 0.2693483716553717 0
5437 -0.09732373806246919 -0.2491843631405863 0
5438 0.07181218372902044 0.3324632835373986 0
5439 -0.1631123060670937 0.2197785564363305 0
5440 0.3643904443422196 -0.041473568806034 0
5441 0.2364415881626902 -0.1318198040566963 0
5442 -0.2475749150911012 -0.3119723684181035 0
5443 -0.09546077234623482 0.3141835661341442 0
5444 0.1031104812280093 0.3693909953196431 0
5445 -0.2392322454577266 0.2784690744566244 0
5446 -0.2188140827806048 0.2896692662252035 0
5447 0.1207828288032083 0.2720369119721109 0
5448 -0.1987395760659851 -0.1812120660540413 0
5449 -0.3436920272317684 0.2067459114879553 0
5450 0.2392157391987079 -0.2657077794544392 0
5451 -0.2648934495226758 0.04775839844404254 0
5452 -0.0430386534544247 0.2931797864162034 0
5453 -0.297474138487646 0.01074028930198502 0
5454 -0.2684979145224427 -0.125012860280204 0
5455 0.2806292175313613 0.02856757842256109 0
5456 0.05841629076295196 0.2859815987653535 0
5457 0.05105578318565347 0.2855045760043244 0
5458 -0.2426504938742135 0.1183998060984536 0
5459 0.283348493614167 -0.05790454379718754 0
5460 -0.02311255415979212 -0.3129749562538054 0
5461 -0.3418493311857325 0.1405420190836621 0
5462 -0.3036246309071476 0.04625931255831783 0
5463 -0.2876802063874974 0.2739690949916574 0
5464 0.2965093302314101 0.052982273000174 0
5465 0.1682762486574989 0.2121340784338244 0
5466 0.1636806234632749 0.2120471323753496 0
5467 0.08225309069979106 0.3691479535692159 0
5468 -0.004510078290177217 -0.2711294766535498 0
5469 -0.000552309691957229 -0.271490348246132 0
5470 -0.009191827933894033 -0.2710875120019144 0
5471 -0.2667383756374054 0.03813040863609647 0
5472 -0.265478541579975 0.0335454436416739 0
5473 -0.280112605406156 0.1252919171207421 0
5474 -0.2730644376637705 0.1333123482275345 0
5475 0.00752782094064966 0.3308108077136391 0
5476 -0.6280170198900905 0.6438496878447069 0
5477 -0.2531031604042666 0.1456188476159052 0
5478 -0.2545540298061972 0.1518184168367965 0
5479 -0.2489868351707499 0.1569000375085892 0
5480 0.261833940207629 -0.1246776318524185 0
5481 0.2294542436468266 -0.2834119083027209 0
5482 -0.2455396651365558 0.1095098143403829 0
5483 -0.2921206861917159 -0.02449963503111242 0
5484 0.1850897095660232 -0.1951775752097807 0
5485 -0.2821300875699331 -0.07224728697112023 0
5486 0.08074905473994599 -0.2748352257997354 0
5487 0.0840235482546286 -0.269751624937588 0
5488 0.07814999912706234 -0.2698071918432547 0
5489 0.08085950615088844 -0.2653055136648216 0
5490 0.07541557137545642 -0.2655105090957977 0
5491 0.0779051656424421 -0.2611760591074573 0
5492 0.08287559710403801 -0.26082423112127 0
5493 0.07998731526505125 -0.2563682882592313 0
5494 0.09035363487133696 -0.269027244763444 0
5495 0.0728588255303154 -0.2613911126893884 0
5496 0.07040409526145243 -0.2655942835196901 0
5497 0.0678562984777841 -0.2615454986399772 0
5498 0.06541143565641422 -0.2656840624032663 0
5499 0.06293389417797998 -0.2615088492196913 0
5500 0.06042774422306559 -0.265868724937795 0
5501 0.06267359454540898 -0.2699387210035669 0
5502 0.05739118982335767 -0.2700990020481515 0
5503 0.05532101076957376 -0.2659471380222553 0
5504 0.052340414091207 -0.269852428534693 0
5505 0.05625397148195077 -0.2781544314149269 0
5506 0.07553066027337765 0.2900135153831928 0
5507 0.1919617303694123 -0.1908286612811316 0
5508 -0.1823933099499792 0.3381628275773096 0
5509 0.1227905111618071 -0.252416820105251 0
5510 -0.09594016698947014 0.249122052758387 0
5511 0.2737168525353889 -0.06692886984747831 0
5512 -0.5256661799615757 -0.2172238734098784 0
5513 -0.1480913915732222 0.2638692272846835 0
5514 0.1057337550661603 -0.2684074654656283 0
5515 -0.4090015662141787 0.02391042363417938 0
5516 -0.1864110695809064 -0.2115934720882548 0
5517 0.2094098829277429 -0.1873711037142463 0
5518 0.2117168525734675 -0.1818781019474128 0
5519 0.2087498974198693 -0.1772502531201561 0
5520 0.2104500027162668 -0.172337204013129 0
5521 0.2065974779193207 -0.1824195390262469 0
5522 0.2055805776347741 -0.173608791672688 0
5523 0.4585816781604525 -0.04706674781492395 0
5524 0.4295299929177262 -0.06763467000030318 0
5525 0.002745944762460074 0.35872582431529 0
5526 0.6597991552924687 0.04989491634440317 0
5527 0.1599496369555626 0.2160810297386176 0
5528 -0.228372751699468 0.1416208894791175 0
5529 -0.2326317862967314 0.1385164549577598 0
5530 -0.3445612669619076 -0.232717120324229 0
5531 -0.3295689443467671 -0.261903188364508 0
5532 -0.3110743577579209 -0.2340845763248052 0
5533 0.1128432140579936 -0.245850920793058 0
5534 0.108330378211025 -0.2465621147825591 0
5535 0.3253001789384003 0.1905015582582884 0
5536 0.3105789518554234 0.2102812615305203 0
5537 0.3169165971096832 0.2372913476933803 0
5538 0.2214435413635336 -0.1560501589001946 0
5539 0.2217257879667908 -0.1513407955763567 0
5540 0.1327958599718186 -0.44674037025268 0
5541 -0.127569171440072 0.243754309211725 0
5542 -0.1248944759237624 0.2395201350695597 0
5543 0.2526283293868642 -0.124996115750965 0
5544 0.343167555610364 0.02534586032835182 0
5545 0.3468535649682111 0.0431702788865109 0
5546 0.2754993262532793 -0.03321472099455255 0
5547 0.5447752057846611 -0.2421964473337476 0
5548 -0.6260610780552767 -0.06911478886781494 0
5549 -0.1075862222779736 0.257404542839986 0
5550 0.1505056525412357 0.371829845885255 0
5551 0.2644763445209965 -0.038726022003492 0
5552 0.03718591106531255 -0.2650166204954649 0
5553 0.08723792219072347 0.2634327957518738 0
5554 0.09024196479019707 0.2586744913279256 0
5555 0.0950133405414175 0.2585703365980995 0
5556 0.09254398968542427 0.2542493727987111 0
5557 0.08482684457633984 0.2588100803335086 0
5558 0.07973861769703336 0.2582659904374573 0
5559 0.07563518258385729 0.2613494847663373 0
5560 0.09704694562909696 0.2535516129408188 0
5561 0.1017572667992294 0.2612442526330352 0
5562 -0.2015631521511772 -0.2112518291277004 0
5563 0.1727244714719054 -0.2429713797139257 0
5564 0.1775181940311652 -0.2346162832457087 0
5565 0.08927246073360739 0.2792225827927204 0
5566 0.34944970135952 -0.1646429983685562 0
5567 -0.3848499998052539 -0.09221428462830211 0
5568 -0.388951879858222 -0.04915241812654272 0
5569 -0.2695018603008746 -0.02064512863256742 0
5570 -0.2665768667188698 -0.02416403347494288 0
5571 -0.266913909149985 -0.02963589198721729 0
5572 -0.2169534737964604 0.3117815950281315 0
5573 -0.1657086937977192 -0.2119658929702235 0
5574 -0.1643936587308454 -0.2162639961907736 0
5575 0.5835269408972148 0.6627647389281821 0
5576 -0.09632534003534089 0.2881143411584373 0
5577 0.1919908342265662 -0.209396225121311 0
5578 0.0894190287649598 -0.2557121606694731 0
5579 0.09192698824914497 -0.2514347595156923 0
5580 0.2932248509334562 0.004295088218658078 0
5581 0.2982631071864522 -0.002251190772622826 0
5582 0.293789620782372 -0.008928300212364942 0
5583 0.0167720050627703 -0.2790788158845829 0
5584 0.01927976390974486 -0.274753285175255 0
5585 0.01464064650818641 -0.2743371161962752 0
5586 0.0171181563210249 -0.2704713538569185 0
5587 0.02171540509058006 -0.2705545163147767 0
5588 0.008953644048336793 -0.2794627613909088 0
5589 0.006007830365771561 -0.2743119644811551 0
5590 0.01947210940734013 -0.2667502601886111 0
5591 0.1015162098146796 -0.2514827881909235 0
5592 -0.2591894496567515 -0.07224867293243201 0
5593 -0.2597097264986352 -0.07708635989152163 0
5594 -0.324210179733601 -0.2079572680806734 0
5595 0.06234801778607069 -0.276884783134009 0
5596 0.2710674357512501 0.0631902001590651 0
5597 0.2668831700732675 0.06662580061519496 0
5598 0.2660777473066733 0.06114183152150056 0
5599 0.2621406979807234 0.0645094302131401 0
5600 0.2652010707916052 0.05606385839199088 0
5601 0.2628067455525761 0.06997020932624923 0
5602 0.01214549221234156 -0.2701661798207534 0
5603 -0.0527189535912993 0.3958425187147519 0
5604 -0.06145890753696386 0.3682282603644687 0
5605 -0.02868281337017468 0.3814401125261599 0
5606 0.2659890135557323 0.1353729612691316 0
5607 -0.2077613867043425 -0.2593240158903194 0
5608 -0.1639076753142728 -0.2384861596992937 0
5609 0.2688339906367663 0.009480752164284297 0
5610 0.2714695314219868 0.01375608770408673 0
5611 0.2677425360628931 0.004089212068401384 0
5612 -0.1328119024021894 0.2774502193130304 0
5613 -0.1444473235262568 -0.29625558351971 0
5614 -0.2893100174020965 -0.05526858476165768 0
5615 0.05049763137963602 -0.2656040108189267 0
5616 -0.2760402694977911 -0.09837695951196508 0
5617 -0.2765265776650112 -0.1053883126262024 0
5618 -0.2808755912207384 -0.09337489054132878 0
5619 0.1490947304752206 0.2337068928696575 0
5620 0.144834562935083 0.2298158171729339 0
5621 0.4823804379963642 -0.1108590922173902 0
5622 0.5328060042057439 0.1794710844277209 0
5623 0.2856462836462712 0.100046406943896 0
5624 -0.09652136787683581 0.3010694193738587 0
5625 -0.08047556844126134 0.2670762247233453 0
5626 -0.2768002899542284 -0.01811664535552668 0
5627 -0.06174081829587603 0.2657671138404392 0
5628 -0.05737622252297325 0.2632437657778422 0
5629 -0.05304035988564054 0.2653306270689856 0
5630 -0.2723549979172863 -0.001017807615494013 0
5631 0.211369366765574 -0.2104551785949517 0
5632 -0.5012948875286145 -0.2629973999374278 0
5633 -0.09761741322651447 -0.4650623489311461 0
5634 0.1586462828404941 0.249866195117536 0
5635 0.2080901161737611 -0.2170186052633612 0
5636 0.09443532500645191 0.2505568929238223 0
5637 -0.3150802143288141 0.2801252859894888 0
5638 -0.329715812995321 0.250668106610819 0
5639 0.2742061326363677 0.1178113862711121 0
5640 -0.3090943988108671 0.612683001199301 0
5641 -0.3026801522257119 0.6633600230987202 0
5642 -0.2611920284682474 0.0860711179173263 0
5643 -0.2594186769743259 0.08133626961519569 0
5644 0.2053246270831992 0.2160669483221258 0
5645 -0.043223571008024 -0.2651355699499912 0
5646 -0.03869608871040561 -0.2656248066301424 0
5647 -0.2583877312786313 -0.06737020844812616 0
5648 -0.664590985062089 -0.3270775602518164 0
5649 -0.1378428849242737 -0.2308900116352314 0
5650 0.06349433471381531 -0.4792243503690041 0
5651 -0.04627719328244291 0.6614302678317049 0
5652 0.00814903789005696 0.671181047836757 0
5653 -0.09224748294266512 0.632094403539911 0
5654 0.1156754689607921 -0.4138980636329071 0
5655 0.08656824406125628 -0.4418912505656323 0
5656 -0.2988692291336534 0.0545278837300758 0
5657 -0.06613638414643969 -0.2830848012100576 0
5658 -0.07352118643550803 -0.2808733473529958 0
5659 -0.2204865559028492 0.1682781939256689 0
5660 -0.2159296443730715 0.1658860340603296 0
5661 -0.2116840959078055 0.1685396699674301 0
5662 -0.2117440450688175 0.1637543523438671 0
5663 -0.2155997160976667 0.1607471000460519 0
5664 0.2461781214072712 -0.108662845958705 0
5665 -0.2465658488971979 0.1142216190203169 0
5666 -0.2176423290208171 -0.1911459580311123 0
5667 0.2917418046562523 0.08194555098196206 0
5668 0.1830168571527116 -0.2288852524891045 0
5669 0.2526885786885176 -0.3723801653767658 0
5670 -0.2686489075598571 -0.005269331995059428 0
5671 -0.2669319729438166 -0.01005652759901319 0
5672 0.2633626755086699 0.0872395690692982 0
5673 -0.6812654878081867 -0.2816592245839364 0
5674 0.2623201063816831 -0.1153508521953156 0
5675 0.2735966321124602 0.1090047324469844 0
5676 0.2231117345620039 0.3266331590780709 0
5677 -0.3507058861831927 0.06368524737802944 0
5678 -0.2767205762665028 0.1047798287758192 0
5679 -0.3744334674531262 0.6505969866455912 0
5680 -0.1895105214145336 -0.1903389337897394 0
5681 -0.1850556315230295 -0.1932659070206116 0
5682 -0.1843951314481234 -0.1981651724050231 0
5683 -0.2904294332901478 0.08596610190805606 0
5684 -0.3011916202243248 -0.04606124104339158 0
5685 0.2587554311776032 0.08480528453711975 0
5686 0.1247305289284005 0.2377457919809644 0
5687 0.1196036136421593 0.2376389600764771 0
5688 0.1294825877000814 0.2388283963068852 0
5689 0.2924785154097226 -0.176400420001237 0
5690 0.2978136315219913 -0.159475623963587 0
5691 0.3155303246017829 -0.1532543250254043 0
5692 0.3015140417859635 -0.1419030318588015 0
5693 0.3171024017430794 -0.136540689149848 0
5694 0.3066071407350909 -0.1264877831275429 0
5695 -0.1271251567354441 0.2351602276340344 0
5696 0.17225698968493 0.2036032409820376 0
5697 0.2530787220067665 -0.2401579236123087 0
5698 0.3044239089599451 -0.0432854101277989 0
5699 0.2334748828835326 0.149399218932559 0
5700 0.2286054963449711 0.1471131972058533 0
5701 0.2004002684971808 0.5234412391210239 0
5702 0.1555257402496244 0.5070432469968311 0
5703 -0.21061054828456 -0.1671026675538599 0
5704 0.2258623139659261 0.1650930861285538 0
5705 -0.250267658478966 0.09751698354595469 0
5706 -0.2494623777783998 0.09264412522451554 0
5707 0.1279688073592184 -0.3264769464806458 0
5708 -0.2560925634768324 0.08519862886498733 0
5709 -0.2546141451359262 0.08047125905336522 0
5710 0.2150171393458776 0.2308208955054384 0
5711 0.1856867375338668 0.20592122040833 0
5712 -0.2611944540572636 -0.1500076137342475 0
5713 -0.113694712210769 -0.347774427872747 0
5714 -0.1216315006877614 -0.260757950567081 0
5715 -0.2892610427175528 -0.03389316854884136 0
5716 -0.2906402189537656 -0.03989709630172563 0
5717 -0.02066984703232062 0.3010082542587058 0
5718 0.3746236388812538 0.1621013798236217 0
5719 0.4932733677324819 -0.2432205212714802 0
5720 -0.245429996248576 -0.1335621744253545 0
5721 -0.2411401138830602 -0.1305526809562353 0
5722 -0.2411174578033067 -0.1255757708432105 0
5723 -0.2369934881089754 -0.1280913840048762 0
5724 -0.2369203785056763 -0.1335429092474407 0
5725 -0.2370465747344145 -0.1229821248458942 0
5726 0.2675502261825531 0.07234559308869212 0
5727 -0.1357497429437796 -0.2564907612573051 0
5728 0.1390198516535378 0.2695490880711228 0
5729 -0.1008728746060346 0.2616987369136257 0
5730 0.1947867963159565 0.2375835501631061 0
5731 0.2907100095902084 -0.3297008246072953 0
5732 0.2070007205174535 -0.1688867525338086 0
5733 0.2120180857651226 -0.167425764040509 0
5734 -0.02968417497364368 -0.2790943728382475 0
5735 0.2196928363721913 0.156902860088801 0
5736 0.2195702989946806 0.1619072613491099 0
5737 -0.1944178049640655 -0.1837289669799368 0
5738 -0.05376027262983997 0.2603822652026162 0
5739 -0.0163992872040985 0.2849276533106258 0
5740 -0.1371497179008196 -0.3432275677464692 0
5741 0.3660568737135153 0.0483255033087597 0
5742 0.09400566007332768 -0.2640276174393279 0
5743 -0.2281372936344498 -0.1487777695145735 0
5744 0.2386515202442261 -0.1366155155084493 0
5745 -0.2771704187203438 0.06590990171256325 0
5746 -0.2731740774559117 0.1201605538109068 0
5747 -0.1623726622701797 -0.2237565523902915 0
5748 -0.1582754171169465 -0.2206071642777665 0
5749 -0.1536549504193382 -0.2224384511693235 0
5750 -0.15462956391421 -0.2176708118175117 0
5751 -0.1357269027576685 -0.2880540736199144 0
5752 -0.160328018725644 -0.2897953787267636 0
5753 -0.2739159420599538 -0.03522419080623539 0
5754 -0.2700020221844699 -0.03909661400017723 0
5755 -0.2620048550240156 0.2618917997132835 0
5756 0.1400363206371798 0.2301454991918163 0
5757 -0.2620672745209552 0.05169187018270228 0
5758 -0.1399057377182684 0.2380168320089429 0
5759 -0.1418603797720057 0.2332681612196577 0
5760 -0.2839101741171399 0.04165602584973769 0
5761 -0.2905249189375073 0.0405374457598317 0
5762 -0.286884837766907 0.03540751514539279 0
5763 -0.2779478196639394 0.04242349805310085 0
5764 0.1731043635741246 0.2465580085036206 0
5765 0.6205699883459348 -0.2668497718253911 0
5766 0.6673192237491093 -0.2718080786030424 0
5767 0.6913495455781713 -0.3098630456388491 0
5768 -0.1512804851223343 0.2559832635268702 0
5769 -0.4155362967951909 0.6698121543377497 0
5770 -0.01405719778145853 0.267803702398783 0
5771 -0.01769621717058365 0.2714942217635324 0
5772 0.4019202329229529 -0.05364425214960246 0
5773 -0.09733469309271406 -0.2791957688703592 0
5774 -0.2244983977356961 -0.162953540224042 0
5775 -0.219910465684928 -0.1608266067790797 0
5776 -0.1367214260808286 0.2342409339857934 0
5777 -0.1380470234050393 0.2299394415476961 0
5778 -0.1434408135143063 0.2277691153593481 0
5779 -0.243929903020944 0.1038479910023943 0
5780 -0.2563915493968382 -0.1434785278090827 0
5781 -0.2501460859189263 0.1743106675079227 0
5782 -0.1859322520594598 0.3647849224230969 0
5783 0.02527149936476965 0.2961359948984241 0
5784 0.03306900109873835 0.2942547459381388 0
5785 -0.05267526014157932 -0.2775343981486648 0
5786 -0.2740076984664972 0.5372926746672114 0
5787 0.2841013518155627 -0.2043420222070396 0
5788 0.2135173551461415 -0.1624283331126152 0
5789 0.2162267676437712 0.1696009702006907 0
5790 -0.2189812945576338 -0.1551061497161485 0
5791 -0.2194684993967378 -0.1498661427284763 0
5792 -0.5856476491978994 0.6655073561403305 0
5793 -0.6725949888481162 0.6754763087063425 0
5794 0.0427338448380301 0.2664497781937849 0
5795 0.01171708861852936 0.2823252943108055 0
5796 0.01746944768645416 0.2832237310190888 0
5797 0.2467965496559636 0.1670969715616152 0
5798 0.2121943801183996 0.1667046628022041 0
5799 -0.3235253913626373 0.4630112578767583 0
5800 -0.3666726722797984 0.4416474244642152 0
5801 0.03193732077977098 -0.2657737225687044 0
5802 0.03156327028095655 0.2738254134157621 0
5803 0.03468027168617014 0.2697920202468549 0
5804 0.02965352121452661 0.2689851999849704 0
5805 0.03305680308033882 0.2650710167495988 0
5806 -0.1660446169746767 -0.2073152728416743 0
5807 -0.2530180941971643 -0.1109671328303308 0
5808 -0.2482754527355168 -0.1088985584293465 0
5809 0.2294072232669502 0.1831954567001599 0
5810 -0.6644321229436485 0.2597836962896528 0
5811 -0.6656098670549965 0.3085747940629653 0
5812 -0.3743484261884264 -0.02897553600606805 0
5813 -0.3665863370941665 -0.05295078772719652 0
5814 0.3280007327425642 -0.1131838703910055 0
5815 0.2511507953850601 -0.09448003356269874 0
5816 0.2558703945352376 -0.09359703601965985 0
5817 0.02324569093667789 0.3679868515439713 0
5818 0.0311619477863459 0.3884234848976855 0
5819 -0.1847107235072432 0.2043863527079783 0
5820 -0.1856846355798085 0.1993819137507967 0
5821 0.2616860710183315 -0.05839199290663947 0
5822 0.262177502921053 -0.05373709725965329 0
5823 0.1180350119148512 -0.2398875113179732 0
5824 -0.2795364314549537 -0.06124463666698877 0
5825 -0.2191718573847234 0.2154080420354413 0
5826 -0.2205157116479139 0.1630061156644373 0
5827 -0.219651218179264 0.1576002601518771 0
5828 -0.2193785561421092 0.1522894313835397 0
5829 -0.2240871983184595 0.1544607088658467 0
5830 -0.2232074519264204 0.1502019908040008 0
5831 -0.3013168368840682 -0.2625051553370941 0
5832 0.2546488126498858 0.08215392573115274 0
5833 0.2548319715659493 0.07677788789810991 0
5834 -0.2945353565976295 0.02463604293688349 0
5835 -0.2682332096716427 -0.01569196247823408 0
5836 -0.2249008986694284 0.1596944128002725 0
5837 -0.2272896067396037 0.1508148704529418 0
5838 0.2039296097102664 -0.1783326065621857 0
5839 0.2018154427484922 -0.1826296172731644 0
5840 0.2991244176316667 -0.10619520429556 0
5841 0.407209005228854 -0.08455659820240194 0
5842 0.3128404700256306 0.1460883208121993 0
5843 0.3136025881011033 0.1670637062809999 0
5844 -0.266999820787841 0.01700035802570908 0
5845 -0.006542291043934327 0.2837797151457327 0
5846 -0.1276588385558609 -0.252893542315516 0
5847 -0.02250282314879131 0.2735823352569345 0
5848 -0.02442272512677961 0.2687469412796759 0
5849 -0.02943543814208525 0.2666098833884216 0
5850 -0.05469607028068885 -0.3205791725866666 0
5851 -0.06504766194664398 -0.3312605424969782 0
5852 -0.06782235958827598 -0.3169297494945951 0
5853 -0.07973391613031158 -0.3272612542652331 0
5854 -0.275035070848286 0.04769624136127514 0
5855 0.1356518191714677 -0.245126987097206 0
5856 0.1369437626915848 -0.2397335641142307 0
5857 0.1327680638532161 -0.2365899956009148 0
5858 0.1373327184990382 -0.2349175064472521 0
5859 0.1335105344110563 -0.2319238816779593 0
5860 0.1422484453588911 -0.2375597515164397 0
5861 0.3156245344137982 0.1286013572869826 0
5862 -0.3631382347334571 0.09076601231065884 0
5863 0.2362815028593014 -0.1735912497544367 0
5864 -0.2255274878370142 -0.2833578378351948 0
5865 -0.2096442385069412 -0.29652911909239 0
5866 -0.1810036509398957 0.2012721875864267 0
5867 -0.1816394995871347 0.1967303607278348 0
5868 -0.1864119211766508 0.1937165229574918 0
5869 0.07782280033221257 -0.3067131725030685 0
5870 -0.2589067989748725 -0.09384766219753898 0
5871 -0.2540412732044697 -0.09222122433814989 0
5872 -0.2504098093071625 -0.09583850704914545 0
5873 0.6094166376158838 0.1405706257655661 0
5874 0.6631469514445014 0.1450324604408381 0
5875 0.2209533112141083 0.2084695592973898 0
5876 -0.1348415987666542 -0.4915456879361479 0
5877 -0.01128629550178496 0.5246387437635653 0
5878 -0.1943128761873645 -0.1889235585446174 0
5879 0.202468040266627 0.1886517686816638 0
5880 0.2039150386028014 0.1836273581399292 0
5881 0.1988547734248281 0.1851314700011695 0
5882 0.2000730586932522 0.1793745913455034 0
5883 0.195719557091815 0.1819533689610175 0
5884 -0.009829180324090463 0.2652097672696179 0
5885 -0.006422418487016029 -0.2672660994156445 0
5886 -0.01084034491287342 -0.2670418265650422 0
5887 0.2269808785159287 -0.1904007268571387 0
5888 -0.2154953972463122 -0.164311122198401 0
5889 0.2908186940689249 -0.02153483735967968 0
5890 -0.2714042204403005 -0.04427478370218255 0
5891 -0.2666391769923359 -0.04290211616953241 0
5892 -0.2653638824158402 -0.03813874586948138 0
5893 0.06607238217704604 -0.2566283627439075 0
5894 0.01950941772846586 -0.3056314843685708 0
5895 0.09313476628653168 0.6627559393939416 0
5896 0.1414652715142241 0.6708871816217529 0
5897 0.2756027068627628 0.0006805858570857251 0
5898 -0.06590825331620086 0.2696019371572046 0
5899 0.229996558285221 -0.1361811134791218 0
5900 -0.1268676417046528 0.2646191149845835 0
5901 -0.04672658040224992 0.2716696084213723 0
5902 -0.04785962641625039 0.2669751686985868 0
5903 -0.1098114320258154 0.2622364028296458 0
5904 0.6316779230070968 0.09756769721626815 0
5905 0.08593751581120508 -0.2647821621673269 0
5906 0.1169276083775405 0.2410347653455938 0
5907 -0.2631404689089956 -0.2305226408531371 0
5908 -0.2823606307074427 -0.2409780066703785 0
5909 0.004215944737775372 0.3163991211507008 0
5910 0.4928202867905902 -0.020671195840163 0
5911 0.02460779627412792 0.2677282675084056 0
5912 0.1540665721895947 -0.2284147645003975 0
5913 0.1792392277610867 0.6385840057966062 0
5914 -0.2639361501266391 0.02153173167782778 0
5915 -0.2674346958755202 0.008293644633230717 0
5916 0.2450529855119436 -0.1522833292639017 0
5917 -0.2468081549961678 -0.1457572157160913 0
5918 -0.2748075712987872 0.01297797637015932 0
5919 0.2764055916902007 0.01552155704727815 0
5920 0.2729752214361915 0.01969767909240586 0
5921 0.2680922653071964 0.01793352953957141 0
5922 0.2688896813762012 0.02254750835869371 0
5923 0.2733045023643934 0.02512024417791096 0
5924 0.2638422551018491 0.02182303807835559 0
5925 0.3358052768102877 0.001729226698242309 0
5926 0.2708125008041131 0.0002318066054355266 0
5927 0.2288249984415465 0.1419299090513533 0
5928 0.2333065564626978 0.1391014279856655 0
5929 0.2326626096733016 0.1339444491867317 0
5930 0.2377875833644227 0.1310225454053806 0
5931 0.224578744308321 0.144345278268391 0
5932 0.2185769828528175 -0.1602525917067936 0
5933 -0.2031206386668794 -0.17873602870271 0
5934 -0.02503017769984281 0.263871442020908 0
5935 0.1970280400086142 -0.1905154379253436 0
5936 0.1942725560199189 -0.1863040713207021 0
5937 0.1868102875549548 -0.1910666210358568 0
5938 0.1554630741437544 0.2252681396819973 0
5939 0.15040030704545 0.2248868963761494 0
5940 0.1530553324724176 0.220917392002007 0
5941 0.1456413367794191 0.2251629679693613 0
5942 0.457496277797712 -0.1684001479125827 0
5943 0.1501658611887512 -0.2254388762687755 0
5944 0.1774814781949887 -0.2169258522607637 0
5945 -0.3884885344212134 0.04172431642211714 0
5946 0.2241299518529434 0.1493654099500348 0
5947 0.2159223844762749 -0.1708416912734689 0
5948 -0.1149352139090669 0.2627534083688873 0
5949 0.1541483534224731 0.2558685226016097 0
5950 -0.08792441558650764 -0.2588397002840704 0
5951 -0.08448549785723007 -0.2549181058022641 0
5952 -0.08980105152357866 -0.2534408260295315 0
5953 0.2737677607082392 -0.05581504752923613 0
5954 -0.2064800137855205 0.1810288560105256 0
5955 -0.2067742298243168 0.1760048679230192 0
5956 -0.2012728816767729 0.1781712348686182 0
5957 -0.2030758273003352 0.1738120232586673 0
5958 -0.2675251954725265 0.0432575931266911 0
5959 0.3449730361481985 -0.6641168119872272 0
5960 -0.19274101452269 0.1820750523230991 0
5961 0.2441138014252229 0.1123298785120919 0
5962 0.2541245660529321 0.1028396287872471 0
5963 0.147644202327077 0.2595557445994294 0
5964 -0.1471826877772087 0.2322384367779751 0
5965 -0.04901165627566914 -0.5910544813326781 0
5966 -0.02618453205535861 -0.6295298928000055 0
5967 -0.5275012728461992 0.04181680496305942 0
5968 0.2586680162203895 0.07334435419777231 0
5969 0.01992119073785421 -0.4170028587961017 0
5970 0.05602028812279339 -0.4119053763456503 0
5971 -0.2532108736399157 -0.08707954263271596 0
5972 -0.2522639568688183 -0.0825861841712711 0
5973 -0.09311506013838215 -0.2581158178177739 0
5974 -0.237374506659867 0.1400421129957451 0
5975 -0.2366782786389219 0.1351298669956113 0
5976 -0.1524653928638121 -0.2270958906974176 0
5977 -0.077166233457777 0.2971496351567994 0
5978 -0.2010831286875842 0.1884000919140962 0
5979 -0.2284070813009028 0.5086393704198205 0
5980 -0.2751608981521551 0.4789364519944875 0
5981 0.2777201504288931 -0.09537902437298486 0
5982 0.2865827330551955 -0.09313450749322334 0
5983 0.2758170284219304 -0.08702805344729021 0
5984 -0.1906715459301246 0.1974032750554472 0
5985 -0.2614997391450233 -0.04194206087994402 0
5986 0.1932791203116958 0.1862918730266602 0
5987 0.2685779671282715 0.05235262837761939 0
5988 0.26383896852963 0.05125347591819381 0
5989 0.1321467772040154 0.243304949116849 0
5990 0.1325968812588381 0.23449761987094 0
5991 -0.1076682359317457 0.3091553172469588 0
5992 0.1261271137783428 -0.3003231822725476 0
5993 -0.03292657222854369 0.2708825403966585 0
5994 -0.06286577068279796 -0.2769703463888065 0
5995 -0.3060543950517344 -0.1455477853335545 0
5996 -0.3070971418379407 -0.1652416352917128 0
5997 0.1247004614383481 0.2650388713373499 0
5998 -0.173714837909847 0.2124796915153707 0
5999 -0.2648268399112206 0.003574374645709087 0
6000 0.2709017111630432 0.233300854528249 0
6001 0.2926577033475832 0.225360956260594 0
6002 0.6019186002168855 0.4002705772468227 0
6003 0.6602703419465757 0.3994604260074569 0
6004 0.1956365838781066 0.194948405652442 0
6005 -0.1703019563362818 0.2088947560226992 0
6006 -0.1718720624765066 0.204018763434502 0
6007 0.1922119988524933 -0.1816076370509928 0
6008 -0.2274792526256462 -0.1434299938365594 0
6009 -0.2263636467943387 -0.1382015134219371 0
6010 -0.2314039003883293 -0.1348262845354885 0
6011 -0.1587739490995306 0.2253217930757165 0
6012 -0.1218640443871734 0.2350069630051664 0
6013 -0.03060577714312001 0.3417055910801153 0
6014 0.4790523743760409 0.1198225720202649 0
6015 -0.257792595212297 0.08999601443826143 0
6016 0.04151473951216957 -0.2786512165570798 0
6017 -0.2113432985957105 0.1735841658412027 0
6018 0.2413260078540977 -0.1089200362181506 0
6019 0.07107016992276143 0.2637292812122121 0
6020 0.06801964622380721 0.259384285116818 0
6021 0.0633644618893177 0.2595340016290225 0
6022 -0.277450122248121 -0.001414443968017683 0
6023 0.1280034496633493 -0.2382764780858415 0
6024 -0.2474046524642833 0.1195020358860482 0
6025 -0.265906659704463 -0.0611670089744486 0
6026 -0.3201316493764512 -0.07466237081050169 0
6027 -0.05377584331406327 0.5449497017784144 0
6028 0.07122943482836551 0.2835398112760533 0
6029 -0.1486927858832716 -0.2472343684765399 0
6030 0.2510969965521652 -0.1080061161366863 0
6031 0.6003724001555606 0.0524324036220119 0
6032 -0.2581321270382783 0.0768422773218202 0
6033 -0.1020775805656846 -0.2482801436067344 0
6034 -0.2689654209454354 -0.03444299178721779 0
6035 -0.24059615931001 0.1316447522542548 0
6036 0.1059898329211628 0.2520325538656532 0
6037 0.1029548123696293 0.2480904003467045 0
6038 0.1045506168887543 0.2432780759237896 0
6039 0.2197501813617626 0.1520490916398175 0
6040 0.1672793507201679 -0.2505014020825422 0
6041 -0.2015443251579712 0.183458045249743 0
6042 -0.0779154714740691 -0.2604340295654096 0
6043 0.04818276239980083 -0.272963880503137 0
6044 0.2643068129482569 0.03790309206301915 0
6045 -0.1673435976080751 -0.2207388464346731 0
6046 -0.3061944869856518 -0.1318817156841257 0
6047 0.3024914337891093 0.4587634521405959 0
6048 0.09442204057749404 -0.2470873012588359 0
6049 -0.2157289161607247 -0.1694674198043924 0
6050 0.05272087150922244 0.2671851545501486 0
6051 0.04990431166213277 0.2632008102537301 0
6052 0.2195165092925877 -0.1467017868357814 0
6053 0.2498856676815333 0.1002635287085719 0
6054 0.5281016940960842 0.3529952844351455 0
6055 0.5020476808176864 0.3951252127513104 0
6056 0.4526889514474671 0.3919084762508235 0
6057 -0.1984445678871587 -0.1916008991635839 0
6058 0.3077299612182309 0.2618599473049083 0
6059 -0.07293783602047872 -0.2612244959716117 0
6060 -0.06947978084801833 -0.2571645078309948 0
6061 -0.2325243157678992 -0.1256565876462495 0
6062 -0.1767721968027521 0.6292670191333147 0
6063 0.5031045543712858 -0.1544692446540694 0
6064 -0.2724367504921964 -0.03039393506472357 0
6065 0.0244325920238839 0.3121744484392718 0
6066 0.04689648785945508 0.6393149168025626 0
6067 0.2119541181940076 0.2101246477333245 0
6068 -0.3373546948053829 -0.07735331290163427 0
6069 -0.3566830642229522 -0.08103900088291115 0
6070 -0.3464476894255824 -0.06187705474588591 0
6071 -0.3622667791011808 -0.1015275152458513 0
6072 0.1377276780785328 0.2345283774618681 0
6073 0.1353093706443175 0.2301843810087008 0
6074 -0.177359797560461 -0.6190258955833385 0
6075 -0.1536583863565002 -0.6642364557020608 0
6076 -0.2084334476573872 -0.6584414103964794 0
6077 0.1630380843127892 0.2208725490547679 0
6078 -0.1881686327470791 -0.2011633641281332 0
6079 -0.2454402372646876 -0.1228639130446977 0
6080 0.2488505230547507 0.1153576750967661 0
6081 -0.226890114810592 -0.6118746927351462 0
6082 -0.2564384148703747 -0.6613052851659439 0
6083 -0.3066824024101054 -0.6452021368059352 0
6084 -0.295083868858064 -0.6938986226078756 0
6085 0.3921879936216511 -0.4906508274010015 0
6086 -0.5382377500943044 0.3915841652901027 0
6087 -0.582196001660929 0.4153909948409271 0
6088 -0.6240120294535344 0.3892509107435653 0
6089 -0.6260259039485702 0.439208840206385 0
6090 -0.6673511684394515 0.4098495598480532 0
6091 -0.668442459234337 0.4585848691176223 0
6092 -0.6259785992027564 0.4885007829622628 0
6093 -0.5451452641783466 -0.04022572329462046 0
6094 -0.06348392608050339 0.2619174838623984 0
6095 -0.5832362306659129 0.465249063952741 0
6096 -0.6270850630928839 0.5391477341811168 0
6097 -0.6684561753919027 0.5598983975076497 0
6098 0.4421896526285224 -0.4902779948649493 0
6099 0.416477014495299 -0.4470229802839878 0
6100 0.6115796205570517 -0.08210689420959338 0
6101 0.3898892409611741 0.555937970514766 0
6102 0.4103108291507909 0.6015226386491048 0
6103 0.3822072485793607 0.6398664201590485 0
6104 0.4323755106272705 0.6461440020320401 0
6105 0.3313584624946642 0.6350129060148387 0
6106 0.3038999637524112 0.672138122727557 0
6107 0.6312164517428213 0.2702024904401408 0
6108 0.6793038712909261 0.2732138888394259 0
6109 0.4603220413881661 0.6064777075333034 0
6110 0.4849196139603714 0.6619768080603632 0
6111 0.4511074245414239 0.6927939293692474 0
6112 -0.4092721023608238 0.4190923790186063 0
6113 -0.3671075106454132 0.3909927371795214 0
6114 0.3684486094307075 -0.6203956395538472 0
6115 0.2772546234891449 -0.02564938127390023 0
6116 0.4182106939032917 -0.6200008606009444 0
6117 0.4434789412951229 -0.6634882522364227 0
6118 0.4934776304837029 -0.6631190808674743 0
6119 -0.2344680837106721 -0.4812479048620626 0
6120 -0.6224475814792856 0.338526971387202 0
6121 -0.5344914027995129 0.2445567808339438 0
6122 0.5181561778853688 -0.6194169728372827 0
6123 0.5681543124458787 -0.6190117966039863 0
6124 0.5928355207765681 -0.5757384234588233 0
6125 0.6181546730833585 -0.6188962729519077 0
6126 0.6434474134959114 -0.5753775616402235 0
6127 0.5964480392450201 -0.6628792540918826 0
6128 -0.5408280504708716 0.4914867185996426 0
6129 -0.4577162821560357 0.6433983605252347 0
6130 -0.455697396161861 0.6926717979986036 0
6131 0.6518968362880728 -0.1736604962559215 0
6132 0.6804967340804371 -0.131035730574463 0
6133 0.4893784024796006 0.5661199251457406 0
6134 0.5973908275543776 0.4901914638007033 0
6135 0.6570895589483459 0.4953756497110247 0
6136 0.628040610349519 0.4468121504292973 0
6137 0.6730774541473402 0.4476272733885059 0
6138 -0.3320024631575066 -0.4669140290899956 0
6139 -0.4104348645203434 0.4690031077618774 0
6140 -0.4567961972856452 0.5937165997554784 0
6141 -0.5449922582635999 0.6390415522883297 0
6142 -0.3813046683476527 -0.4595658908812586 0
6143 -0.4004732531286302 -0.4153235208891454 0
6144 0.6312995202968287 0.5775270812849991 0
6145 -0.3753014936452342 -0.5899010076565744 0
6146 -0.4075971378551688 -0.6281087420836687 0
6147 -0.4560358887793077 -0.6215977225980276 0
6148 -0.4399659103217015 -0.6671903480445802 0
6149 -0.4880136383879301 -0.6613441489420187 0
6150 -0.5381910817692512 -0.6571181821720677 0
6151 -0.6605688751335855 0.1130043967890637 0
6152 -0.4492028398472502 -0.4057689128934259 0
6153 0.6164469636521581 -0.4456372952308675 0
6154 0.6674342141009145 -0.4483176008224417 0
6155 0.6390849392392852 -0.4917109407752651 0
6156 0.5164650913469568 -0.3601893429903467 0
6157 0.4634822761932559 -0.3605183227039849 0
6158 0.4415613862846818 -0.4036875151580391 0
6159 0.410109358131622 -0.3615677875436063 0
6160 0.4892559523236166 -0.317528572544246 0
6161 0.1250354256906968 -0.7067191828440782 0
6162 0.1749148149653319 -0.7068174063154873 0
6163 0.198693512924298 -0.6634700786993377 0
6164 -0.699823354302648 -0.02788424350257244 0
6165 0.7078369138434504 0.5756100911454829 0
6166 -0.7060169658579967 -0.5733757318875772 0
6167 -0.474254363709275 -0.5752372490740915 0
6168 0.6747220781624464 -0.7076623489118811 0
6169 0.6556936897779541 -0.6587828237128308 0
6170 0.7080736308896991 0.173175552821852 0
6171 0.707715858905225 0.6748824610284979 0
6172 0.6661453385163199 0.6509449531800096 0
6173 -0.181963751066897 0.7066554387551565 0
6174 -0.1296838597772023 0.7017092810810127 0
6175 -0.2768293318655465 0.7086049946654756 0
6176 -0.7080310028477446 -0.1754811243915126 0
6177 -0.7066987298106581 -0.1249999999977581 0
6178 -0.7068272825655639 -0.4749771422522556 0
6179 -0.6651299489888232 -0.4979591287124148 0
6180 -0.6637232694440036 -0.4491218472305764 0
6181 -0.7054535784953371 -0.4240584076990144 0
6182 -0.6674975110923532 -0.4062454930235175 0
6183 -0.7112321347694338 -0.6742094523794944 0
6184 0.7044460104688488 0.3200789538432965 0
6185 -0.4799811477965714 -0.4434092510103776 0
6186 -0.4666058594110051 -0.3607565505627984 0
6187 -0.5915309248472351 -0.5141233854276986 0
6188 -0.6614764592317628 -0.1096109250614845 0
6189 -0.5426190636696189 -0.1719508980368061 0
6190 0.1992093264295134 -0.576382669066418 0
6191 -0.6524031036089437 -0.2424718110667088 0
6192 -0.5345846444395073 -0.3032662816537771 0
6193 -0.6581182764263328 -0.5989066277055963 0
6194 0.04963655327978987 -0.5795245152831041 0
6195 0.1497310006265409 -0.6634079490700313 0
6196 -0.02526358404026811 -0.7076986117017194 0
6197 -0.7059519041088363 0.02600637800066201 0
6198 -0.5740769609223424 -0.7000705264365213 0
6199 -0.1274757566553236 -0.7080522375981109 0
6200 0.697661508821134 -0.5750661303205797 0
6201 -0.5164603950318625 -0.3505896096734101 0
6202 -0.4850037803463775 -0.312017604644766 0
6203 0.5675169948250018 -0.5326578657891843 0
6204 -0.06299558088633245 -0.2623862549010842 0
6205 0.6175154192589659 -0.5322961085176422 0
6206 -0.05804438772636857 -0.2630826339958399 0
6207 -0.05635302395626107 -0.2583519791760255 0
6208 -0.2354183763437075 0.1296768817995956 0
6209 -0.01704834401577251 0.2759756294802013 0
6210 0.2395565021992721 -0.1220198391738984 0
6211 0.2346045225333303 -0.123810565323778 0
6212 0.4668109701481757 -0.446776059632723 0
6213 0.2598880900236165 -0.07299144232826704 0
6214 0.2552273215299451 -0.07091475845203783 0
6215 -0.2591839260982313 0.06878547237068375 0
6216 -0.2578782279260288 0.06394190048293998 0
6217 0.06792298041567978 -0.2696920425116326 0
6218 -0.2076094080964262 -0.1807488604614599 0
6219 -0.3257150090226487 -0.5974748638709356 0
6220 -0.3576576542417525 -0.6353300714927936 0
6221 0.1579075274892847 0.221040967932047 0
6222 -0.1216255801525886 -0.2393407577956307 0
6223 -0.12371532334297 -0.2349149538172256 0
6224 0.3658722535380063 -0.4471385083467861 0
6225 -0.2969179608013856 0.1942129342584362 0
6226 -0.3117751664567699 0.1826791605052278 0
6227 -0.1334990551791784 0.6534586432642101 0
6228 -0.2686397729997305 0.02997207054972907 0
6229 0.2269191032965369 -0.1499605868239811 0
6230 -0.1741814645235231 -0.1986205762987675 0
6231 -0.1748114584939501 -0.2034557648404569 0
6232 -0.1794636359156891 -0.19977724809872 0
6233 -0.1789043940183059 -0.2057119957062634 0
6234 0.1427568154002461 -0.2229837097851253 0
6235 0.2165873359880954 -0.1506889459271262 0
6236 0.2112188922216625 0.1586891118385013 0
6237 -0.2299973075576689 0.1298250497015609 0
6238 -0.2109244507406459 -0.1587487708580274 0
6239 -0.1339564102325422 -0.2277238404457948 0
6240 -0.1423622315320859 -0.2286800846308388 0
6241 -0.1435204659532262 -0.2233638742284638 0
6242 0.1509028457988913 -0.2166841573365723 0
6243 -0.1585365883735645 0.2109786692184767 0
6244 -0.05171278090058073 0.270139040365944 0
6245 0.2583181238383258 0.1397906538604898 0
6246 0.2581571922196661 0.131831116288844 0
6247 0.2759907935344139 0.03065317039704487 0
6248 0.2422880047025457 -0.1176343583822761 0
6249 -0.105171505502539 -0.2521319271460769 0
6250 0.03975145831162415 0.2703674168885938 0
6251 0.7107532393312199 -0.4743075149730225 0
6252 0.05544938340091073 0.2624232538155736 0
6253 -0.131886993593306 -0.2374307560382437 0
6254 0.536947848547244 0.6603518961109303 0
6255 0.15965081013993 -0.2163401671967776 0
6256 0.1596671564416812 -0.2108295183265183 0
6257 0.2591934852934262 -0.07793181950183184 0
6258 0.2713800538377745 -0.008567390409596382 0
6259 0.2671806278552748 -0.009229700324288884 0
6260 -0.2512451635733651 0.1157260872810502 0
6261 0.08996620623019769 0.2492071334257997 0
6262 0.07509746704780812 0.2569628355520131 0
6263 0.0783386895113259 0.253665840160892 0
6264 0.2283864269003359 -0.1451735840841694 0
6265 0.08023114696499067 -0.2517224056555856 0
6266 0.07581252457268461 -0.2530851062634394 0
6267 0.2143476421048509 -0.3119048374616634 0
6268 0.03804409027808865 0.2657112887368853 0
6269 0.129954541788674 0.2300283102810515 0
6270 -0.2528445930500602 0.08910765326082745 0
6271 -0.1561159064296265 -0.3081590652455443 0
6272 -0.1850387427312977 -0.2257007246156303 0
6273 -0.1892107141932129 -0.2210539622561593 0
6274 -0.2928969646453621 -0.2226247528214468 0
6275 0.3461177698215776 -0.2483059091168083 0
6276 0.1815040242075236 -0.1919830608437456 0
6277 -0.07931686987861637 -0.2560725886704998 0
6278 0.1950777287587829 -0.2040280833605419 0
6279 0.173183576515088 0.2117363624816536 0
6280 -0.1996405110911319 0.2321398270023332 0
6281 -0.05139041972169602 -0.2592126905449403 0
6282 0.2596081959344771 -0.09692661372497009 0
6283 0.2569573951387297 -0.08830118764579441 0
6284 0.2540757362939947 -0.08439422708572827 0
6285 0.06070469438250051 0.2634125417946168 0
6286 -0.2524487794753755 0.1022440645888741 0
6287 0.1739485169967135 0.1988563435934249 0
6288 0.1951560804545625 -0.177906803157093 0
6289 -0.26963441523294 0.01275040541367906 0
6290 -0.1773524795646377 0.2383903454692154 0
6291 0.2541250970291521 0.09773809152232597 0
6292 0.2499862999235802 0.09556754947911797 0
6293 0.2491965988438786 0.0901353573885561 0
6294 -0.130453876675138 0.2479687377175524 0
6295 -0.2328585930470736 -0.1506766093379654 0
6296 0.2077115874674022 0.1684839340007526 0
6297 0.2026617408681065 0.1702875299438109 0
6298 0.2423394664781614 0.133200360443548 0
6299 0.2378983950999146 0.1254751371847321 0
6300 -0.6591248703582016 0.06202745026530078 0
6301 0.3821045967873412 0.03380180853669896 0
6302 0.4372807737709977 -0.1047682901086032 0
6303 -0.0364318170904788 -0.2701068776721026 0
6304 0.6547393021627986 0.2288816072497977 0
6305 -0.09707919262380078 0.2644150358260101 0
6306 0.3575980032433714 -0.06157433261789232 0
6307 -0.2139257374240246 0.6608992878379047 0
6308 -0.2033629950604377 -0.4428673721451341 0
6309 0.1179321562865055 0.2462176053223057 0
6310 0.1208437187989345 0.2511884057153356 0
6311 -0.2619399955781467 0.0370663496920113 0
6312 0.02217039069680099 0.2633741916146964 0
6313 -0.2620666388512217 -0.06419145650559664 0
6314 0.2298895214337835 0.1298081801811669 0
6315 0.2273665541721264 0.1341543152755018 0
6316 0.7053699114264801 -0.1716382510662302 0
6317 0.166629789696391 0.5547433628666667 0
6318 0.7074810427516153 0.1249999999976887 0
6319 0.5519031977428512 0.3974419454276791 0
6320 0.278920457680754 -0.03674316642627694 0
6321 -0.2600512155558204 0.04692182613372032 0
6322 0.1765958659656095 0.6996028809649275 0
6323 0.05308336180945692 -0.2618417905455998 0
6324 0.04828277258033974 -0.2616681385250286 0
6325 -0.3626441426734868 -0.1457196207341943 0
6326 -0.02360849647078426 0.7084009895048509 0
6327 -0.2710285881008844 0.1094058783416257 0
6328 0.2091288739632007 0.181949482809029 0
6329 -0.1052771058478899 0.2529228694538999 0
6330 -0.1440172532866413 -0.2432183064347713 0
6331 0.265746039488556 0.04257443149133595 0
6332 -0.1082232710683763 -0.2407056539934297 0
6333 0.2583562158718425 0.06784548957760875 0
6334 0.2574579517874358 0.06227682065946968 0
6335 -0.131837912713741 0.234813818299739 0
6336 -0.07322313367438517 0.2576969668184833 0
6337 -0.16602457666683 0.223383863619937 0
6338 0.0966497362416516 -0.2515484637298462 0
6339 -0.2714221255161957 0.02592825189117571 0
6340 -0.201637184805302 0.2990020731016482 0
6341 -0.1745940459733255 0.3172273069608383 0
6342 0.2004892096996402 0.2087777175819211 0
6343 -0.2448935749325298 -0.1392103406818318 0
6344 0.5727752255075778 -0.7063001729631854 0
6345 -0.1952949505981615 -0.1782174929757698 0
6346 -0.166613739090268 0.2049659465655165 0
6347 -0.04153041695944633 0.2606137560088553 0
6348 -0.1150264840397016 0.2447311898330345 0
6349 -0.1127790887902719 0.2400778667278905 0
6350 -0.06201980400665325 -0.3478020773067511 0
6351 -0.2253485325202787 0.1829807224463487 0
6352 -0.2228054392757059 0.1898859484869768 0
6353 0.2084284828785933 0.2023692325976217 0
6354 0.2148389219974209 0.2022341329560702 0
6355 -0.2848095071878163 0.02309596528751068 0
6356 -0.2865509777366507 0.02843374338716309 0
6357 0.08259188078292122 0.2847757965201054 0
6358 -0.08510118191534367 -0.2500923748886087 0
6359 0.03838471893906021 -0.315967132722962 0
6360 0.03434737014339107 -0.3054424021634105 0
6361 0.2479451748075008 -0.1036890759519479 0
6362 -0.3249999999984283 0.7079285866308593 0
6363 0.2741039878977121 -0.06118575639605393 0
6364 0.2731464204851018 -0.07225293572607916 0
6365 -0.0007265403037692738 0.2689808916249551 0
6366 0.00301568585493837 0.2649025412097812 0
6367 0.007901658979427562 0.2673227583297839 0
6368 -0.270422148266495 -0.08272792418766826 0
6369 -0.2773384388106828 -0.08294976233303987 0
6370 -0.2687935079640674 -0.07812596534963845 0
6371 -0.2735501608700496 -0.078743253627946 0
6372 -0.1179251754723643 0.258244424101572 0
6373 0.08758298464458381 0.2542698978458111 0
6374 -0.237567253577081 0.1168230325042143 0
6375 -0.7075434433031143 0.1261275610149212 0
6376 -0.2069573507154915 0.1705748659511242 0
6377 0.1788303517566208 0.2351198538548288 0
6378 0.5447804352209755 -0.6624951872224421 0
6379 -0.3013397031832301 -0.4256268722868113 0
6380 0.2959782961631787 0.03914850911796128 0
6381 0.5061440890065894 0.2251669733818515 0
6382 0.181978466286841 0.1927994125400439 0
6383 -0.3019443685094483 -0.01146256793966879 0
6384 0.3661013217955305 0.1309168493120413 0
6385 0.2974842771939128 -0.01945369173420238 0
6386 0.2694073169302214 -0.04662398036876782 0
6387 0.2667185362536098 -0.05091853097602463 0
6388 0.2543956301755523 0.08765654623953067 0
6389 0.2684104638802987 -0.004492349996304795 0
6390 0.1064643120584487 -0.2510726675298169 0
6391 -0.1002369096109303 0.2472072740407278 0
6392 -0.2636134032931655 -0.05078668902372876 0
6393 -0.2604305273231607 -0.05445599200682563 0
6394 0.01580028938893191 0.3211862380303542 0
6395 0.1821388628754791 0.2019252604089795 0
6396 0.017282111226805 0.2635004814212414 0
6397 0.2426015126254826 -0.140932821023671 0
6398 0.2625525674093392 0.04682213673357048 0
6399 -0.2657925702962579 0.1009848981933163 0
6400 0.2326509640047678 -0.1618034688703562 0
6401 -0.2639093943500586 0.0562516777359309 0
6402 0.07292455292228536 -0.2695062982129354 0
6403 -0.4728569010762208 -0.7079141292291071 0
6404 0.2680677517999572 0.1224555293163869 0
6405 0.4731881709086893 -0.7073108135924739 0
6406 0.2394360326863901 -0.1506091562053811 0
6407 -0.2411360530513466 -0.1203321415040125 0
6408 0.00862208893835089 0.272177516940292 0
6409 -0.0473579370301687 -0.278269409496204 0
6410 0.03020899527068514 -0.270055255062004 0
6411 0.2020687126270035 -0.1704462226741275 0
6412 -0.1339727507371272 0.2273912720051589 0
6413 -0.3725021539061187 0.2081608793310014 0
6414 -0.2534235380897507 0.075611715526 0
6415 0.4292697445975611 0.3464586672852644 0
6416 -0.251476559992989 -0.1008510586929326 0
6417 -0.2470703671762823 -0.09933428856732598 0
6418 -0.02226586803640593 0.2869395731669023 0
6419 -0.02852307416222001 0.287557126736787 0
6420 0.6584913502758649 -0.08666296567696243 0
6421 -0.2589384310339463 0.1285639654629406 0
6422 -0.2652902369991476 0.1309464807298135 0
6423 -0.25964226421995 0.1344037338936236 0
6424 -0.1524547106170547 0.2184382844024448 0
6425 0.06244366816945416 0.2766431561801687 0
6426 -0.1597729898328768 0.2159785131028783 0
6427 0.4221591570712 -0.7066671767973008 0
6428 0.2624672193982234 0.03286098026297612 0
6429 0.2251811203529245 -0.1382456499642478 0
6430 -0.3027627428973805 -0.2076594539988028 0
6431 0.1224832401988055 0.2559451593831445 0
6432 0.1736918460608147 -0.2069803678455713 0
6433 0.1972375635665753 0.1900391886647189 0
6434 -0.2739705279249403 -0.01460383331280268 0
6435 -0.2546176046474541 -0.07073553761794815 0
6436 0.2640008488862779 0.00718265463703169 0
6437 0.1209280497527795 -0.2349796453402327 0
6438 0.2347582350287979 0.1210325989382923 0
6439 -0.2107909554844215 0.1590778307931826 0
6440 -0.04829257363249093 -0.2645590342516866 0
6441 0.2818672202278534 -0.01710478572539127 0
6442 -0.1229933928578319 -0.2526324908940829 0
6443 -0.2235821954887489 -0.1471774279015543 0
6444 0.2816036692729788 0.04528242941556839 0
6445 0.06858700440755537 0.3187615626509051 0
6446 0.3950155765486835 -0.6636490343562432 0
6447 -0.1600188360616694 -0.2448992069311572 0
6448 0.2642720092820007 -0.02197016845240204 0
6449 -0.6557460428520561 -0.03454615495970111 0
6450 -0.224958695795984 0.1381285718052088 0
6451 -0.1326841733116395 -0.2507725288970563 0
6452 0.2526459840659496 -0.1297379222985895 0
6453 0.02073840452237477 0.2887068341441222 0
6454 -0.2609506040592165 0.06029306515777653 0
6455 0.05869320849220956 -0.3055492728843468 0
6456 0.0467234186538971 0.2597582381262971 0
6457 -0.707804085894731 0.1769124521494662 0
6458 -0.2613459459023788 -0.0591980624379934 0
6459 0.04920323873684468 0.2801075243819617 0
6460 0.2549717613414179 -0.1209670189859027 0
6461 0.2592270569053196 0.05097746695824988 0
6462 0.0004525480086950261 -0.3141273845422641 0
6463 0.3236189094446086 -0.7078617852044161 0
6464 0.1509455886764476 0.2166987200468486 0
6465 0.2629878806788432 -0.02722638124342461 0
6466 0.1677109282660477 -0.2268618175954589 0
6467 -0.07169526345054544 -0.2746915239932928 0
6468 0.1065092492768218 -0.4865848423866047 0
6469 0.2738566595199375 -0.7079449056202219 0
6470 0.2448619254951095 -0.09875313911186441 0
6471 -0.03472294407595924 0.2660560154182827 0
6472 -0.1105044693649491 0.4785815289525768 0
6473 -0.2218617134516095 0.2015750091395389 0
6474 0.2428596300919644 0.1032135038487197 0
6475 -0.2443967075883961 0.179808171039098 0
6476 -0.00351039964674637 -0.3047994724055156 0
6477 0.1404032051090289 -0.2971356829878595 0
6478 0.1101680082430273 0.5241595236250363 0
6479 0.3825622231025665 0.08611044736966342 0
6480 0.04130764073430417 0.2843995164299281 0
6481 0.2842343914855273 0.07535837595239489 0
6482 0.283106337555212 0.08276324390472538 0
6483 -0.5036248699651641 0.6704677804897335 0
6484 0.01227379574550192 0.2692081130718343 0
6485 -0.1745631143178305 -0.2083415285114878 0
6486 -0.4487638923575013 0.2973409732950421 0
6487 0.164883186069919 -0.2094125919186388 0
6488 0.2473649350810151 -0.1459082916199953 0
6489 -0.04178612145901774 -0.2606713792917864 0
6490 0.2920406730596481 -0.09930066677618382 0
6491 0.2951346846344625 -0.08905828439171892 0
6492 -0.08801928137642133 0.2539196663125556 0
6493 -0.08347680596479332 0.2522979681706663 0
6494 0.170353295724722 0.2079865132132863 0
6495 0.4762838296057857 0.4364119541584923 0
6496 0.1861889245897914 -0.3508703381315821 0
6497 -0.1847300871173288 -0.1885128478036452 0
6498 -0.01804341451823629 -0.2710856807988024 0
6499 0.1376432069772967 -0.2304294218096669 0
6500 0.2212982650525328 0.2868442717727446 0
6501 0.2117764716322156 0.3073101155024716 0
6502 0.227051708443188 -0.2529667923668253 0
6503 0.2721067143735768 -0.07721028027337502 0
6504 0.3341639041336633 0.06960019182734276 0
6505 0.2705145322980165 -0.08714197250667594 0
6506 0.2890636047170684 0.05450878302603516 0
6507 -0.6634537918886407 0.2095926834103963 0
6508 -0.02945288734859558 -0.2663175991343587 0
6509 -0.2438661723014976 -0.1078762809247617 0
6510 -0.1883699709134219 0.1852208810872234 0
6511 0.1740269430788721 -0.1984645903644223 0
6512 0.1705763337791903 -0.202607290027226 0
6513 -0.6742349979187056 -0.7033059352027483 0
6514 0.7082413628252453 -0.6761823007750843 0
6515 0.669380806566009 0.7033862408469992 0
6516 0.0992575952685112 0.31031309115811 0
6517 -0.1524611148857716 0.2457335253836025 0
6518 -0.254259814723025 0.1315037434599831 0
6519 -0.1003493969974778 -0.2729309093506463 0
6520 -0.1068782387223423 -0.2710599551912833 0
6521 0.02544448698138195 -0.5391075572113834 0
6522 0.1097387847243892 0.2432670577190406 0
6523 0.5717852918116951 0.7079131092543979 0
6524 0.7115291305718828 -0.4255690171264295 0
6525 -0.219775018995206 0.1471016955346013 0
6526 -0.1812536210344685 -0.2618386283832911 0
6527 -0.1765260525989524 0.202756722842452 0
6528 -0.1487735162501943 -0.2239729620091455 0
6529 0.2616723330669168 0.05929682964126338 0
6530 -0.2400815110371451 0.1615066882636847 0
6531 -0.2400228500694286 0.1668764600598969 0
6532 -0.2466974228130265 0.1644331006149076 0
6533 0.7072206617273153 0.02308855297939029 0
6534 0.2512202701928049 -0.08039196224845024 0
6535 -0.06038686684913309 0.3477742124536509 0
6536 -0.3228296369542492 0.5680225612337007 0
6537 -0.260764825927227 -0.1241403954142703 0
6538 0.1432048657842538 0.3159523707669933 0
6539 0.1324210005135047 0.3325788064739579 0
6540 -0.03677829142280054 -0.261401837337141 0
6541 0.1278927540352275 -0.270744459935798 0
6542 0.184088021632843 0.2200529435321252 0
6543 -0.06557368711376121 0.2559621065642756 0
6544 0.5596208288521538 0.1384358136580193 0
6545 -0.2048026652458998 -0.1664810101431533 0
6546 -0.2017578614741119 -0.1702551380801232 0
6547 0.3101758327645859 -0.03390932121411 0
6548 -0.2408809971710122 0.1081314163884316 0
6549 0.1588988502730119 0.2108650648308904 0
6550 -0.1750000000021266 -0.7100331337984075 0
6551 -0.1862376003800478 0.2185151883093031 0
6552 0.2845207940613352 -0.1643776261572078 0
6553 0.1174300022192731 0.2649854356657309 0
6554 -0.2686045648530417 -0.117924151532129 0
6555 -0.4912115103086693 0.2714671217977909 0
6556 -0.09242464201022235 0.2526478958317209 0
6557 0.286900065076521 -0.00761524430924462 0
6558 -0.117799878664724 -0.293264752437093 0
6559 -0.3687979207401106 0.07099638540953176 0
6560 0.2608975406403858 -0.0632916629926475 0
6561 -0.13834743785225 0.2248412008257444 0
6562 0.6704761288763793 -0.3581962545890155 0
6563 -0.7086525767255991 0.2777012000040169 0
6564 0.2553904323920964 0.6702220942936044 0
6565 0.07298799816780234 0.2776249683070765 0
6566 0.1726057463858559 -0.2147677415738547 0
6567 -0.3400378465076464 -0.6801460729040201 0
6568 -0.203885999719709 0.2024440498979813 0
6569 -0.5749999999993528 0.7102457762681503 0
6570 0.1404687266104301 -0.2683638662203381 0
6571 0.1476289509427486 -0.2769470291772284 0
6572 0.132539697811714 0.2637243349569853 0
6573 -0.09494800177075904 0.5791622297009762 0
6574 -0.03729424125239084 0.3256040120044804 0
6575 -0.2255760652306822 0.4610112073391067 0
6576 0.2439307376880622 -0.1595037066333068 0
6577 -0.2197903065178765 0.1840338426938158 0
6578 0.3441272700190099 -0.0495153536005223 0
6579 -0.06924838132994965 -0.4327598455706876 0
6580 0.2108552929970127 -0.1586848904033004 0
6581 0.08275487989673803 0.2543368426786963 0
6582 0.2068480546057578 -0.2044068407248053 0
6583 0.2032465629760175 -0.2107448315101101 0
6584 -0.2226563855023904 -0.1878551485740413 0
6585 0.2437145891075814 0.542542137656007 0
6586 -0.2625598097074513 -0.02685713017159601 0
6587 -0.1593436289339741 -0.2159529513430081 0
6588 0.2473948869545728 -0.6636451958608762 0
6589 0.1509230083966688 -0.2513018805427432 0
6590 -0.07967578037574258 -0.2793591095828072 0
6591 -0.1445979207779727 0.2720003080172831 0
6592 -0.04866133891231623 0.2897297776672046 0
6593 -0.05581507766262764 0.2912928806046585 0
6594 0.2220221560091202 -0.6187140309458328 0
6595 -0.2897120681499294 0.009059879741504085 0
6596 -0.08213608677694348 -0.2736055059009748 0
6597 0.247100700693663 0.1303664409720734 0
6598 0.1551856437428602 -0.2187734652194346 0
6599 -0.2476306391419119 -0.1042711919215742 0
6600 -0.4344841133314082 -0.3271567169675538 0
6601 -0.2434804254684163 0.1526534903429262 0
6602 -0.2781914614441376 0.1948001998831566 0
6603 0.2637905561268692 -0.0126688046641175 0
6604 0.7099569314500118 -0.02784279106270347 0
6605 -0.1166223114097296 -0.2414353552407619 0
6606 -0.1476293699355034 0.2192896846721939 0
6607 -0.2287102764936507 0.1955920972431417 0
6608 0.2465460293413659 -0.5758570776008782 0
6609 -0.1588220536620324 -0.2392650696869371 0
6610 0.2296954423198099 -0.1719187630116625 0
6611 0.2465745461674723 -0.09468190787439296 0
6612 0.02439335479410822 -0.2665620298054563 0
6613 0.4256185550163473 0.4309017024850535 0
6614 -0.239680908307872 -0.1115552728062066 0
6615 -0.1834075751523551 -0.2033354733600342 0
6616 -0.7076397634620797 0.3298156668458352 0
6617 0.2607021394633215 -0.04213770024308648 0
6618 -0.2910689280566735 0.05355679912683046 0
6619 0.2959286977335475 0.01788347632228733 0
6620 0.3255333003635661 0.01014301137349941 0
6621 -0.09464394799152825 -0.3196903310129125 0
6622 0.2468534475492078 -0.2277000561825382 0
6623 -0.07995288543763071 0.2548596830978951 0
6624 0.2462880570335457 -0.4909358771445538 0
6625 0.6648678861690525 0.5531704321622164 0
6626 0.2000086009709198 0.2891780758567402 0
6627 0.2703152082842396 -0.5337571244676567 0
6628 -0.1075866563876371 0.2411861059723665 0
6629 -0.3497512167343788 -0.0453495989161144 0
6630 0.0362321434968256 0.2613951860977712 0
6631 0.1400102204676144 0.3504398133264622 0
6632 -0.3270711402573144 0.02346952319719087 0
6633 -0.7110154525336486 -0.3195224097073477 0
6634 -0.02697164906319213 -0.2624780104832027 0
6635 -0.1601628515327658 0.2400506557872696 0
6636 -0.2514528587708995 -0.4373530104001333 0
6637 -0.09452483049672078 -0.3477665471103864 0
6638 0.7087190833383403 0.4772948838981854 0
6639 -0.6669516372795328 -0.1961028321266621 0
6640 -0.2422099012392416 -0.219629710445957 0
6641 -0.4946804076491454 -0.1772218674624707 0
6642 -0.1812449975289342 0.1917938094815397 0
6643 0.2861633769525596 0.2994862784334241 0
6644 0.1851242818904221 0.1883585725798826 0
6645 0.2597248729282572 0.2221264685733251 0
6646 -0.1281751865473657 -0.2342022601058178 0
6647 -0.5333044976024024 0.09179507398612266 0
6648 -0.6244707996042114 -0.4241761282412583 0
6649 -0.1047067980010198 -0.2656290619125374 0
6650 0.1004526014003871 -0.3334742110767302 0
6651 0.2649000398611865 0.2055202792501433 0
6652 -0.2788922534073374 -0.05629296157520634 0
6653 0.0606914310567783 -0.2570541845346312 0
6654 -0.6660246935381978 0.3592328731894225 0
6655 -0.1557331166876899 0.3116191096365569 0
6656 -0.1836110400510483 0.301322432711598 0
6657 -0.2627438093114512 0.07765116243818557 0
6658 0.7130734998276438 -0.2713342248494693 0
6659 -0.03865482305100668 0.2836939787740967 0
6660 -0.1066422610318069 -0.2476146275173876 0
6661 0.1939631861440497 -0.3059066040772384 0
6662 0.1773106259461712 -0.2273484141667117 0
6663 -0.2826353563744833 0.03173753809627606 0
6664 0.2634892160474174 0.154869384513771 0
6665 -0.3085070483341767 -0.0782104933775857 0
6666 0.2788918769722942 -0.0208176308407827 0
6667 -0.278060387358629 0.08984053136010947 0
6668 0.496718066862513 0.1549316900700055 0
6669 -0.66613753353714 -0.5467573894055071 0
6670 0.1338431129029034 -0.2274794917811578 0
6671 -0.5118723691081124 -0.1315856063345733 0
6672 -0.3316967446743613 0.1824954726275658 0
6673 -0.1332000955921539 -0.2327077711136698 0
6674 0.2564793617987616 0.1261005551000724 0
6675 -0.08768625580543644 -0.2731606460884514 0
6676 -0.09863393549147315 -0.2448852090115541 0
6677 0.2157360611429787 0.1595353653207041 0
6678 0.2636891636747339 0.002342317485218689 0
6679 0.0901258645513478 0.3903908038067007 0
6680 0.2878144330892171 -0.08474309343383049 0
6681 0.3025166623569232 -0.08404287007317805 0
6682 0.3047684912978829 -0.07536031322285699 0
6683 -0.2010509954726741 -0.2057566769896061 0
6684 -0.3655136774642341 -0.1709473474129054 0
6685 0.09659472743265855 0.2806270682349299 0
6686 0.2342802581607494 -0.1276655723724277 0
6687 0.2767241281174018 0.2157367464295114 0
6688 -0.2549146978216689 -0.1548938313652582 0
6689 -0.2521418453616502 -0.1626108311092192 0
6690 -0.235073776991105 -0.1375808036947759 0
6691 -0.423779919038775 -0.7111930431192461 0
6692 0.3511049421148674 0.1661620970606296 0
6693 -0.03358207565897454 -0.2982870131978692 0
6694 -0.03854870432938785 -0.3078502121234786 0
6695 0.2366070291740115 0.1165994861585541 0
6696 -0.1985583967625895 0.1740313737608254 0
6697 -0.295001052834475 -0.05065830215530898 0
6698 0.2407249041275576 0.1077174706855958 0
6699 0.08515966875732518 -0.2564453847873783 0
6700 -0.2460680301514521 -0.09460970485368118 0
6701 0.2763720978354069 -0.1734616866317409 0
6702 0.1420899182427954 -0.2856241334759066 0
6703 -0.1133757758706296 -0.2553117606496763 0
6704 -0.1162710341539262 -0.2587787344403503 0
6705 0.3291931218082356 -0.1643970685223531 0
6706 0.2110725283020504 0.2716311452258259 0
6707 -0.2670176848232163 -0.2118350908261094 0
6708 -0.1705708399859298 -0.2374768069732219 0
6709 0.2882682261540042 0.00705455398189341 0
6710 0.06547305497845879 0.2555595151884094 0
6711 -0.02306617160170969 0.2939106161774248 0
6712 -0.06513264452721486 -0.255577547173538 0
6713 0.004944896206367299 -0.3047228351091943 0
6714 0.05634340382532103 -0.3828334435326012 0
6715 0.2108644562251667 -0.2771865225194823 0
6716 0.4034345154135905 0.3859922309823667 0
6717 0.2586164950265892 0.4515615799498371 0
6718 0.1764416944555722 0.2249223652584208 0
6719 -0.1902093694802449 -0.2153936905873224 0
6720 0.2636003464693306 0.01671085099978323 0
6721 -0.07877543154940708 -0.3417753499742268 0
6722 -0.01882749262669796 -0.303467234985513 0
6723 -0.4715860102208471 0.1846092313747795 0
6724 -0.255601950190211 -0.07932591313943053 0
6725 0.2578150566387452 -0.0559648367139391 0
6726 -0.7104315181754561 0.4277159244310589 0
6727 0.2746287487119627 0.5031961731239969 0
6728 0.6626108847302814 -0.5348063317856414 0
6729 -0.2827806840062975 0.08501913583955864 0
6730 0.2628340660105418 0.1139478290079871 0
6731 0.3155657331026577 0.1044960634632068 0
6732 0.2368969630701555 0.1891175377143643 0
6733 -0.02216343278190348 -0.2627587090477787 0
6734 0.1624730447892075 0.207689039315104 0
6735 0.08943479716947615 0.4805356695549409 0
6736 0.2763657236825618 0.03614920140390569 0
6737 -0.0005674548618690156 -0.3923081797057534 0
6738 -0.1348969447496404 -0.3244232445885255 0
6739 -0.231925257190293 0.134096442129002 0
6740 -0.02137595946543558 0.2658169530384591 0
6741 0.2647140296450842 -0.1105580571498556 0
6742 0.265917308039319 -0.03459446619176081 0
6743 -0.2637573506623803 0.1095417056093365 0
6744 0.1372354693915344 0.302033652556543 0
6745 0.255613004156219 0.1621755895993172 0
6746 -0.2731670446135808 0.09295565663864241 0
6747 0.2145646817327898 -0.2489176768134797 0
6748 -0.1428742366171099 -0.2484806068163235 0
6749 -0.1645331348866114 0.3765776896682236 0
6750 -0.1775258553386056 0.1949518439249412 0
6751 -0.4931003247782157 -0.05990761741696034 0
6752 -0.2726338207595351 0.04324723633775639 0
6753 -0.005467792401727425 0.2673842908021741 0
6754 0.2277166477612992 -0.1833010998963202 0
6755 0.2350726888015621 -0.182292741108502 0
6756 -0.05918899314390241 0.2828573624616404 0
6757 -0.1099659548451207 -0.2514774633550605 0
6758 0.2707437019181262 -0.1957908743252889 0
6759 -0.03679710820012765 0.261363593481766 0
6760 -0.08015603238378953 -0.2513065462942962 0
6761 0.183914740929362 0.27085165988455 0
6762 -0.2668143021595351 0.02582154962136457 0
6763 -0.2008325709137307 -0.2180137302744532 0
6764 -0.2078223804430855 -0.2154032955117116 0
6765 -0.2679670051720756 -5.647939636675594e-05 0
6766 -0.2108800367288099 -0.2439416189962789 0
6767 -0.2202696187010256 -0.2535500884816246 0
6768 0.6631944286585113 -0.6143689659148907 0
6769 0.1968049935706872 -0.182485648702919 0
6770 0.1253334493369525 0.3161994283042879 0
6771 -0.2213597465385224 -0.1825263634535198 0
6772 -0.2954800477702561 0.04722882117464786 0
6773 0.2780359071810086 0.7102961865505716 0
6774 -0.2319613013140895 -0.2220147921232642 0
6775 -0.3493460666937999 0.2314717171674895 0
6776 -0.129146911182297 0.3546532596912129 0
6777 -0.1977365904829917 0.3229178840642303 0
6778 -0.07319214041370403 -0.3060994406945146 0
6779 0.2558914902411809 -0.06544257961526527 0
6780 0.0564774110320944 0.3267815194024417 0
6781 -0.1505659695707324 -0.2165205963391535 0
6782 -0.1574093767859644 -0.2772137206426867 0
6783 0.1244011134168443 0.7113431280945088 0
6784 0.1026656510397911 -0.3899932628921967 0
6785 -0.07540504783047951 0.2830493567815517 0
6786 0.2052221169832333 0.2327146666908698 0
6787 -0.5261400930840595 0.1894527585069943 0
6788 0.4538345522361095 0.2281308619624333 0
6789 -0.2649224412365276 -0.2907356992682261 0
6790 0.08358048645871954 0.2779678245013927 0
6791 -0.1493716513341619 -0.2419886193799845 0
6792 -0.0202933876187318 -0.2669201286473576 0
6793 0.04210188800823293 -0.2659079936162815 0
6794 -0.7089916783802948 0.4798289395286951 0
6795 0.1139395731951916 0.2979614503152528 0
6796 -0.08570784018216634 0.3051414936982962 0
6797 -0.1637871609385983 0.2453466603435699 0
6798 -0.2344077294839294 0.1212094969676792 0
6799 -0.3072867993950442 -0.1079680572222955 0
6800 0.05809371267792018 0.314825094438782 0
6801 0.1570981912993904 -0.2429309573784416 0
6802 -0.3164234143491966 -0.2835150479707559 0
6803 -0.1912213998765671 -0.2486050808998488 0
6804 0.02581876715726169 0.7115193210965223 0
6805 -0.03175641245736121 -0.270376558044906 0
6806 0.4311064953767907 -0.3193914383619223 0
6807 0.1953952360690649 0.1774762456000076 0
6808 0.1616359404353444 -0.246864134973285 0
6809 0.1697777617185667 0.286810419705572 0
6810 -0.09268456423190277 -0.3048546157895939 0
6811 0.09699157413887505 -0.2893158845390498 0
6812 0.2823073530107212 -0.0519562900224977 0
6813 0.2675139978742248 0.1007871975435132 0
6814 -0.268082747184519 0.07791997658239619 0
6815 -0.1150644805064189 -0.2637645321572757 0
6816 0.1361185189387453 -0.2621980423624308 0
6817 0.0002542570373810976 -0.3699939584541965 0
6818 -0.2836454908927554 0.1723391768566555 0
6819 -0.4913440400453482 0.07743229373621131 0
6820 -0.3195239485049622 0.07842723605997079 0
6821 0.1216659657170373 0.2339755598001682 0
6822 0.3197793335892098 0.07157043768286241 0
6823 0.3319802677191267 0.05066282550436463 0
6824 -0.3286947992426213 -0.02862602590515178 0
6825 -0.4620840158452446 -0.2439133468922202 0
6826 0.3862168893255829 -0.003324069419000253 0
6827 -0.3270729327714693 0.4117421061998587 0
6828 -0.04612212597516049 -0.3057926393107521 0
6829 -0.2908321867284318 -0.1439969001945156 0
6830 0.3215010603483575 0.02989341896295224 0
6831 -0.01195770520103831 0.4804821832521923 0
6832 0.1515823353713704 0.4623720048466148 0
6833 0.2965434840867576 0.143394139666586 0
6834 -0.3260778957391129 0.003180694311700259 0
6835 -0.2732144748221061 -0.09334766071890728 0
6836 -0.1157039205272272 0.3007653951173243 0
6837 0.2817483024230566 -0.1424188816992921 0
6838 0.2902678242454699 -0.1490436203696456 0
6839 -0.2608206191690766 -0.1705779128622802 0
6840 -0.14477575457859 0.2519260981865714 0
6841 -0.2394578046343728 -0.1642233814207998 0
6842 0.03600668215599997 -0.3750635839170997 0
6843 -0.1204456922597205 0.2399128850000353 0
6844 0.4007618699482745 -0.02292171432728232 0
6845 0.3595664260384259 0.1118738445963929 0
6846 -0.4184206235199242 -0.3710731114770155 0
6847 -0.251497828990361 0.1402255244226324 0
6848 0.3266183928765545 0.7117578909475628 0
6849 0.07321431761976104 0.3504693722152467 0
6850 0.2893967567529122 -0.1073677767207385 0
6851 0.05466724802457699 0.3903686117169842 0
6852 -0.1050908919378875 -0.6672891821690068 0
6853 -0.06376890176991797 -0.3052187944888358 0
6854 -0.66828595852539 0.5092270622760826 0
6855 -0.1956072470131004 0.2741823718202472 0
6856 -0.1640230973491847 -0.4530050008954734 0
6857 -0.2663360054026085 -0.1060819014184611 0
6858 0.2851455020259986 -0.1242758178690097 0
6859 0.2943555625688011 -0.1304812008435117 0
6860 0.1030297543622789 -0.2469342033900554 0
6861 0.1056728122097964 -0.2428286514619302 0
6862 -0.1332710669284806 0.264420201070196 0
6863 -0.2767520843428789 -0.0701923196492929 0
6864 0.4610025664399767 -0.08334198582722249 0
6865 0.1817304372664722 -0.198203057978494 0
6866 -0.2155332826681783 0.192177561030462 0
6867 0.2646511328857561 -0.0465449028638703 0
6868 -0.261203619574415 -0.03666984056877749 0
6869 -0.3707949898368452 0.03406663962336311 0
6870 -0.3832096542921329 0.021245724459543 0
6871 -0.2861609995806176 -0.04347710497774833 0
6872 0.08167320729451572 -0.3180734296585412 0
6873 0.08718021081394023 -0.3292130127812395 0
6874 -0.198130161633437 0.2094255233325474 0
6875 -0.1071361671908615 -0.4305282160454323 0
6876 -0.1798737686976321 0.224952645979548 0
6877 -0.1849770549870797 0.2281963785440134 0
6878 0.2373768331837219 -0.1670124026008969 0
6879 -0.01930729701856446 -0.2959190990945934 0
6880 -0.02952456536386481 -0.2744308488807736 0
6881 -0.2280355612548123 -0.1843753746050455 0
6882 -0.2365665958415971 -0.1808427596989676 0
6883 -0.2989244452597424 -0.01949722199720833 0
6884 -0.1713404336927529 0.2381625830143113 0
6885 -0.1841895846618007 0.2415935351197864 0
6886 0.04343435270262196 -0.3058423424453083 0
6887 0.2161818010180731 0.1954482328260763 0
6888 -0.2152100524616687 -0.1594281692663345 0
6889 -0.3540244301307124 -0.1266474809337808 0
6890 -0.006442130967490846 -0.2972032666907238 0
6891 0.04057257838008622 0.296803027197848 0
6892 0.04564849736346958 0.2898694167142963 0
6893 -0.2034754885816255 0.2121537832650927 0
6894 -0.2043043370509786 0.2190188882438073 0
6895 0.05141141209407193 0.258462623171956 0
6896 0.2115815155363444 0.3504188231193036 0
6897 0.1994375669439744 0.3695524266873977 0
6898 -0.3452703373433246 -0.1100777693238348 0
6899 -0.286342084102957 0.2497271625876442 0
6900 -0.2538410045493417 0.2459243659446876 0
6901 -0.01857190658043676 -0.3694425609156538 0
6902 -0.4571802269990697 -0.1653397230395597 0
6903 0.1723445703640173 -0.2302221535474983 0
6904 0.08736119269346261 -0.2603657364512623 0
6905 0.007477259975580148 -0.2967998763869337 0
6906 0.2393044796119596 -0.1130783785712322 0
6907 -0.2054878870795335 0.2660503768687146 0
6908 0.2662210596295047 0.0296630480223188 0
6909 -0.2856762583478378 -0.08680417426261898 0
6910 0.02199626268445199 -0.262838805965476 0
6911 0.2587379038530412 -0.05122630262432074 0
6912 -0.001157036510297657 -0.6674551188062381 0
6913 0.2873764169288039 -0.01677233208369334 0
6914 0.1296149364099756 -0.2294271855842573 0
6915 0.6571608317671056 -0.2248358891347443 0
6916 0.4811769895159981 -0.201637709537329 0
6917 0.01967768075118925 -0.2974111790263799 0
6918 0.07460663800966755 -0.2574849497888677 0
6919 0.2525615221257126 -0.08923825847766105 0
6920 0.2945047449053871 -0.3000221278281237 0
6921 -0.2134454134364316 -0.1944950164898721 0
6922 0.1662567471008759 0.2347865988185802 0
6923 -0.2625606611865744 -0.0221467277891554 0
6924 0.1340636563400304 0.2578933997598746 0
6925 -0.2257538318155631 0.2489412464534604 0
6926 -0.2358931490525786 0.2586465761812932 0
6927 0.01453932682282939 0.2784998350985031 0
6928 -0.7092756135722496 0.5807218529090616 0
6929 -0.2575106120424293 0.227079353215814 0
6930 0.03683214004339304 -0.2606198205275845 0
6931 0.05790392153790488 -0.2620534343417844 0
6932 -0.2024535689700031 -0.3292976379442558 0
6933 0.2163207233134776 0.1648492492872888 0
6934 0.2241062637141261 -0.146270671454713 0
6935 -0.1953609343985549 -0.4057288330154202 0
6936 -0.7194638760487859 0.674190204589791 0
6937 0.03205245059052625 -0.2966850379801107 0
6938 -0.1467323199955763 0.2239963015076148 0
6939 0.1100593813587553 -0.2426748947998361 0
6940 -0.1826588931863543 -0.2086755623553673 0
6941 -0.1663297902647988 -0.4147076260976369 0
6942 -0.1810019669745754 -0.1914520176618494 0
6943 0.1013808903444193 0.2528390271744584 0
6944 0.2028622719434113 0.1751065487593327 0
6945 0.3176302675501834 -0.1216275070019772 0
6946 -0.2666561980883113 0.1053963227357257 0
6947 0.3054440248414318 -0.2541036525936671 0
6948 -0.2490674058423313 -0.1700971003035176 0
6949 -0.2600233494997248 -0.2676454361483556 0
6950 -0.07464610011557252 0.4934527996642287 0
6951 -0.2414433885400683 -0.1159087256074391 0
6952 0.2477929657526461 0.1461279612159381 0
6953 -0.3396637558172749 0.003742321911276665 0
6954 0.06453035886164421 0.2822309672493333 0
6955 0.04670310397995593 -0.2971126446881389 0
6956 -0.3259690584548557 0.1491700595360093 0
6957 -0.2453305776725136 0.2335532045903456 0
6958 0.3069628600088263 0.1916986489746068 0
6959 0.2433934164723239 0.1608719679879156 0
6960 0.2347564250902235 -0.1961170965752532 0
6961 -0.09300865117481094 0.281528888284959 0
6962 -0.03413854391380328 -0.265981230048664 0
6963 -0.2355999264982724 0.170532160065165 0
6964 0.06174357586382598 -0.2970650341250923 0
6965 -0.3102820722922909 0.1090310595966996 0
6966 -0.07042945370480558 0.2541886428112926 0
6967 0.2965791946641049 -0.03903854275900367 0
6968 0.004496209393599362 0.2987596916638662 0
6969 -0.26597118516646 0.1378623314863853 0
6970 -0.2637897126028108 -0.006708047093863238 0
6971 -0.4193041060867209 0.7127783105024535 0
6972 0.214444087538798 0.6691723929342718 0
6973 0.5142766128074532 -0.280679336870424 0
6974 -0.1497279709896703 -0.3248436874186565 0
6975 -0.2368226241541271 0.3257260331094746 0
6976 0.03812327313016022 0.2895433062558509 0
6977 -0.2771481882612311 -0.222318838678875 0
6978 -0.05729158405863774 -0.2762481429696459 0
6979 -0.2907211150018933 -0.008076123260673163 0
6980 0.6284038595104154 0.6678768153910296 0
6981 0.01710950639616029 -0.263126736858387 0
6982 -0.1705252264316165 -0.2058498345659217 0
6983 0.1256661487309479 0.3703909151017153 0
6984 -0.3563252002504441 0.1262825194147566 0
6985 -0.3746066895121922 0.1062774144673414 0
6986 0.09853325443110579 -0.2639366187007536 0
6987 -0.2873472915183998 -0.02865635737119477 0
6988 -0.6654685549490408 0.6133135714977465 0
6989 0.07516457124868299 -0.2975035434448317 0
6990 -0.0570774472265955 0.2578422980984121 0
6991 0.06485293100750628 -0.2736693637233181 0
6992 -0.3759343943445679 -0.0711210954449135 0
6993 -0.1820895825535604 -0.2136282754628163 0
6994 -0.06392656748592716 -0.404291542776795 0
6995 0.3033061242353008 -0.02435769638046726 0
6996 -0.09393778153818939 -0.2460907848325376 0
6997 -0.03628155309698173 0.2906001662554596 0
6998 0.1975316208283814 -0.2086080714158279 0
6999 0.7095311310541638 0.4212489912294415 0
7000 0.277209150851172 0.0833566289776797 0
7001 0.2852642154208217 0.09049910908043159 0
7002 0.167302225666481 -0.2382498103823463 0
7003 0.1560237731779379 -0.2481494332334141 0
7004 0.1125487706285012 -0.2868787493375499 0
7005 -0.3007129781388622 0.1524353833901362 0
7006 -0.3140665079298579 0.1643907629025586 0
7007 0.2061421355384549 0.2076588499049473 0
7008 0.4823456399268229 0.08366854220650476 0
7009 0.142195213905833 0.222272514364616 0
7010 0.184292024907016 -0.2354039761604095 0
7011 -0.372502749776778 -0.3818084545131036 0
7012 0.1799512065004073 0.2295815414216685 0
7013 0.1460607577015046 0.2490053330956825 0
7014 -0.2485259271876115 -0.1567517551513836 0
7015 -0.3234288568498642 0.1346276501914691 0
7016 0.2790851793165413 0.09569407737832586 0
7017 0.4055542009747488 -0.1150641029073455 0
7018 -0.2862846939746921 0.1840783671620123 0
7019 -0.2300704759786099 -0.1771668914858711 0
7020 0.0327478470296465 -0.2617342391874842 0
7021 -0.2634166445643815 -0.3992004872880684 0
7022 -0.2944651836382654 -0.3871155578819241 0
7023 -0.2075784765050012 0.1625502683916432 0
7024 -0.262798617809514 0.01706325859714678 0
7025 0.2410521938032777 0.3496905740248724 0
7026 0.2232119313935099 0.1819397674296645 0
7027 0.2775217924022162 -0.07039494166780207 0
7028 -0.3345895457808737 0.059705574237134 0
7029 -0.0622977719798567 0.2948395746618091 0
7030 -0.06771156867651852 0.3014172286662649 0
7031 0.181541015186209 0.2245268385780881 0
7032 -0.202964642710888 -0.1745555382636875 0
7033 0.1116888801371037 -0.2963743343974332 0
7034 0.1615990425808657 0.5951419048582726 0
7035 0.2950146820928009 0.1644342107366797 0
7036 0.2676451010787273 -0.03000525603656769 0
7037 -0.3118401819408708 -0.1866216458366901 0
7038 -0.3350498654393657 0.1204343661349149 0
7039 -0.1206380101611305 0.2643652948505487 0
7040 0.01025937140674236 -0.2743683487190746 0
7041 0.007664422016996296 -0.2700177465244491 0
7042 -0.2615208912528492 0.03190016670034752 0
7043 0.1200693351132018 -0.2481004260603468 0
7044 -0.248182730006358 0.1016477876125935 0
7045 -0.3371194524825508 -0.05229061293617897 0
7046 0.2909219292986127 0.1927127805365691 0
7047 -0.1619628392192871 -0.2082707830101129 0
7048 0.1290239682735357 -0.2340019476376558 0
7049 -0.3512762891297126 -0.4276510674146731 0
7050 -0.2915158296439276 -0.1675247203049834 0
7051 0.2113120929166959 -0.3419090618492163 0
7052 0.2456953088046294 0.2480560753175157 0
7053 -0.3418294139309782 0.2801951701452491 0
7054 -0.1913312334804291 -0.1812335933989012 0
7055 0.3006534202023708 -0.008570300544336999 0
7056 -0.02584066585633461 0.3286882549426043 0
7057 0.1811836367759847 0.1979772442831766 0
7058 0.000612313149232045 -0.5082646303726143 0
7059 0.01329472284681565 0.2739314644138469 0
7060 0.1092456050730276 -0.263870183737633 0
7061 0.670599926248141 0.3528408934493976 0
7062 0.3485811243593762 -0.03511689299475184 0
7063 -0.2635008420746901 -0.01310239251681365 0
7064 -0.3926723357872891 -0.6712248770505528 0
7065 0.02358809773968745 -0.2749015623408653 0
7066 0.5714712809194515 -0.2776535865060471 0
7067 -0.1414616045396755 -0.2539001414136028 0
7068 0.3300155456632719 0.02227045017892357 0
7069 0.2785750502187417 0.04005427091274807 0
7070 0.254697577829443 -0.1344736394142928 0
7071 -0.1973124885371187 -0.2560827168003298 0
7072 0.1994791811458672 -0.1864493867103647 0
7073 -0.1125315201017672 -0.2388014002938518 0
7074 -0.2047179189661383 0.225910570114891 0
7075 0.007385204252461314 0.2632187008642818 0
7076 0.03220746262902192 0.2883974232293196 0
7077 0.116982055072427 -0.2448607745461023 0
7078 -0.01289152054362265 0.3704813934798656 0
7079 0.1996944324672594 -0.1784252735097188 0
7080 0.113354485532392 0.3074919833138186 0
7081 -0.04473507569879386 0.3527800544841092 0
7082 0.1508555624836408 -0.2211753491665875 0
7083 -0.3313587943025428 0.01261070036905676 0
7084 0.4028531581363847 0.6811029024408513 0
7085 0.2947089139528598 0.04571344355495764 0
7086 -0.2484406988565539 0.08848207384418799 0
7087 -0.1976481577642766 0.1814193652789535 0
7088 -0.2269451331668157 -0.1335589767175322 0
7089 -0.2805032351896266 -0.06647984006105796 0
7090 -0.2843637490717106 -0.05831659104739902 0
7091 0.1601568211554119 0.2442106939360133 0
7092 -0.2251517592485397 0.1463342450037226 0
7093 0.2043147452743366 0.1660843873705883 0
7094 -0.1677237403541049 -0.3211039452218888 0
7095 -0.1800895174040005 -0.3325200248376153 0
7096 0.005768705933729867 -0.3232534643628213 0
7097 -0.5314516743157103 0.0005521441056185595 0
7098 -0.09395047828556324 0.2454594072128529 0
7099 -0.2919286191309057 0.03154889924702804 0
7100 -0.3049901093090125 0.2582817558423087 0
7101 -0.5365120260901529 0.1338796209471714 0
7102 -0.04461831236021561 0.2639567542144804 0
7103 -0.1015576528437619 0.265924561066729 0
7104 -0.1661076463627052 0.210423805917405 0
7105 -0.07462087070019684 -0.2570383962986116 0
7106 0.2700507014310101 0.3439043588645692 0
7107 -0.2195913043299504 -0.1456947455358098 0
7108 0.2675605759908152 -0.0177664284078349 0
7109 -0.2672264037870281 0.1197918581168333 0
7110 -0.2695296188106191 0.1258435783769259 0
7111 0.1162603003815 -0.2359899936869375 0
7112 0.3487185783576384 0.2393335798733178 0
7113 -0.2703429644831913 0.07384913910968371 0
7114 0.2460683835690794 0.09393561037398884 0
7115 0.05353192517374228 -0.2741071109260507 0
7116 -0.2588814646220246 -0.05064008401041736 0
7117 -0.2975157448423925 0.1768091715460934 0
7118 0.2267530642125634 -0.1337582168004793 0
7119 0.2511410647976609 0.07939288738621003 0
7120 -0.04930878691831216 0.2625302228924101 0
7121 0.198070763815631 0.2137149393506949 0
7122 0.08926683149179815 -0.2480916300279572 0
7123 0.1912698644450617 0.1816987213492369 0
7124 0.3389087372177535 -0.2257147375919406 0
7125 -0.2584418542247494 0.1410453638408914 0
7126 -0.3547979543139423 0.005218051160766572 0
7127 0.1654828222840881 0.2473328833130967 0
7128 -0.2439082492932486 -0.1762373999570037 0
7129 -0.1022695889878703 -0.3617297457465364 0
7130 0.3504029519894943 0.05886750616763325 0
7131 0.2778631403927094 0.1029769721956624 0
7132 0.3540767758671854 0.6757358689390351 0
7133 -0.2723096145214361 0.0657990306957261 0
7134 -0.2738404805122753 0.0706603420492091 0
7135 -0.0285957158187076 0.3614850191036353 0
7136 -0.1049513239594866 0.2618363478217884 0
7137 0.161965146283947 0.3513196405364492 0
7138 0.04569139944042797 -0.2770739015413937 0
7139 -0.1293590141049886 -0.2815369125852855 0
7140 -0.1268590229207174 -0.2904470888697783 0
7141 -0.2633489191432549 0.007746080510329913 0
7142 0.3732560272508236 -0.2007292104522851 0
7143 -0.2494144435083876 -0.08532510707707262 0
7144 -0.2773917042439564 -0.2671327889665159 0
7145 0.05412342397433613 0.291352906375522 0
7146 0.2890404166429475 -0.01239589020680176 0
7147 -0.2604936518072324 -0.08094147535478752 0
7148 0.09758771104956619 0.2632386561081505 0
7149 -0.02869205450039809 -0.3053599922668561 0
7150 0.257829302779695 0.1473971657597897 0
7151 0.2584948513484157 -0.1388551536128234 0
7152 -0.1038900989302376 0.2481959081635016 0
7153 -0.1846431745996203 0.2231773439422808 0
7154 -0.01126347391612209 -0.275151891131981 0
7155 0.2425507044103919 -0.2504947176995218 0
7156 0.2359555577584092 -0.2248402644186695 0
7157 0.2559101593883693 -0.1440025821905501 0
7158 0.08782896552697994 -0.4101357169295133 0
7159 -0.0006610023480486623 -0.5870890783920629 0
7160 -0.07935452475276782 0.2511407340135347 0
7161 0.0944060670649508 0.2463818987844178 0
7162 -0.05222106056196724 -0.6686764723819391 0
7163 -0.0451039016393275 -0.283015189514708 0
7164 0.2984916145536211 0.01153673787201163 0
7165 0.6666937723079968 0.6034643884126634 0
7166 -0.2026088768971228 0.2071346290343178 0
7167 -0.2460861884383831 0.09489977551491774 0
7168 0.1141179542589376 0.2713279749698885 0
7169 0.1182282676026063 0.2545025980045253 0
7170 -0.01350270016133471 -0.2711764449401601 0
7171 -0.2926139996863206 0.01438720137468823 0
7172 -0.2978884221871413 0.01870292178857815 0
7173 0.03203172421316587 0.2611858176889778 0
7174 0.221777270795421 0.2007781153101789 0
7175 0.3685071737189104 0.06926633975698511 0
7176 0.04406848825818598 -0.3256297796047409 0
7177 -0.1576896214658915 0.2445172661458735 0
7178 0.2733667185097244 -0.02963889473571888 0
7179 0.02611513940696593 -0.2705030741995857 0
7180 0.3933049792908265 0.01618020344469036 0
7181 -0.6737768642509834 0.7180591721828065 0
7182 0.1851795004829832 0.2337598084304672 0
7183 0.1417088851502764 -0.2289759337677677 0
7184 0.2497250192224161 -0.08520487430068296 0
7185 -0.0297781207207584 -0.3201241910135328 0
7186 0.278259985084147 -0.05721007621460186 0
7187 -0.2197274621564199 -0.196881372677278 0
7188 0.01922298117397939 0.3338943094510357 0
7189 -0.6745158662897875 -0.6499999999996215 0
7190 0.2161347682496462 0.1501528484611854 0
7191 0.2797521566996528 -0.03252862605734457 0
7192 -0.6448407440253706 -0.3672731713609247 0
7193 0.0681461083375218 -0.303845076556022 0
7194 -0.01257915703229426 -0.2631904240138139 0
7195 0.2960655659221799 -0.1172963333910523 0
7196 -0.2573767493227156 -0.05733169039863178 0
7197 -0.2713343805661884 0.1025297434764542 0
7198 0.1848464656980989 -0.2030344577084652 0
7199 -0.007429123568796006 0.2793668455109084 0
7200 0.2127521716502169 0.1626080509097467 0
7201 -0.1251587508015823 0.2315715991128145 0
7202 0.2474748573664906 -0.1641584379021686 0
7203 -0.2414806064430067 -0.1348873396358668 0
7204 0.1644822061474294 -0.270243691159723 0
7205 0.09944435435457971 0.2577030239824702 0
7206 -0.1550219781555858 -0.2134199361553729 0
7207 0.2699699121878747 -0.05466168635476388 0
7208 0.2673295789879642 0.1285290493967869 0
7209 0.1037964605788072 -0.2638474497819687 0
7210 0.2345029605337833 0.1965244177161453 0
7211 0.001892870685934319 -0.274550383653931 0
7212 0.07444674741420912 0.252986055587308 0
7213 -0.1257513263102027 -0.2312811148057573 0
7214 -0.1843898209113244 0.2347148063738868 0
7215 -0.04353056062234155 0.3709937502996424 0
7216 -0.1958339029348569 -0.2214618607604852 0
7217 0.3145114552743705 -0.07296662721500255 0
7218 0.2285829188773291 0.1616867996774646 0
7219 -0.2551028389814553 0.06681043139145437 0
7220 0.07515440373979435 -0.2735991789926344 0
7221 -0.2639982258031927 -0.04635581108264424 0
7222 0.0983899960817874 0.2492840394782316 0
7223 0.2041571526193793 -0.1659562823347218 0
7224 0.0720527493252778 0.2596067854350267 0
7225 0.1692681248634901 -0.2078043248134581 0
7226 -0.2566201950854398 0.0601295944847335 0
7227 -0.2200010468681868 0.2726807792131444 0
7228 0.05901968415546967 -0.2741757610496413 0
7229 -0.2423324991893303 0.1139730175997826 0
7230 -0.1750149000555153 0.2900504814971447 0
7231 0.3638085159559357 -0.2228450184928326 0
7232 -0.07935902510808032 0.262938033656791 0
7233 -0.2580275651217198 0.05132487368245783 0
7234 -0.244705241245616 0.1913347402628751 0
7235 -0.2979002535812457 0.03900607533973102 0
7236 -0.202036217788739 0.1695461433210784 0
7237 -0.0133276582722698 0.2633503243089254 0
7238 0.06278583140750943 0.3698254930896212 0
7239 0.2759122398009323 -0.08104128069679006 0
7240 0.1157186892340903 0.2369368612886955 0
7241 -0.1119118555246414 0.2668594775187271 0
7242 0.01464345919468507 -0.2667828686514182 0
7243 -0.4831364489139603 -0.09788909765796396 0
7244 -0.01545738549987923 -0.2670934491060064 0
7245 -0.2506872540807056 0.07982743805290334 0
7246 0.4847122352809675 0.7126796648612737 0
7247 0.1625539282441168 0.256117667435263 0
7248 -0.5864263621289474 -0.03963398779081242 0
7249 -0.2244257141453984 0.2088917929253183 0
7250 -0.09328593474032248 -0.250017570179132 0
7251 -0.2954525060731713 -0.05784540252115456 0
7252 0.2512555110248156 0.1327423748391812 0
7253 -0.233701364385546 -0.1207329786592288 0
7254 0.2927109916353506 0.2084491563685507 0
7255 -0.2550371899715506 0.159283874286817 0
7256 -0.09817386449476524 0.6741572093095624 0
7257 -0.2159364226233099 0.1501995255677031 0
7258 -0.1888433034417932 0.1895496578116678 0
7259 0.1252217974015479 0.4868554172267991 0
7260 0.05095020688494293 -0.2581910793379735 0
7261 -0.4001324213149744 0.1050119212452583 0
7262 -0.2102644699617888 0.2140545159236465 0
7263 0.2675113190518816 0.01400996002081808 0
7264 0.1075307176863759 0.2400764052774691 0
7265 -0.2546957752070467 -0.06577737002946714 0
7266 -0.01815161461033658 0.2675931839645763 0
7267 0.254688234603911 0.06606668369984674 0
7268 0.229268280285245 0.1377278984648842 0
7269 0.1285970946087419 0.2348990470090459 0
7270 0.06693338603169832 -0.2782799363906929 0
7271 0.02811886580469556 -0.2669835749238215 0
7272 -0.09134447608393531 -0.2776513825279268 0
7273 -0.1292345977931197 -0.4536541932696319 0
7274 -0.3362844889157516 0.07560259141177537 0
7275 0.1183992386725459 -0.253199873569469 0
7276 0.2820737643830634 -0.35786627928238 0
7277 0.1935151316976438 0.3066683665064697 0
7278 0.06089138836417882 0.2561187488989345 0
7279 0.2672491179405648 -0.1154508237661579 0
7280 -0.3295566708274973 -0.7181361006555576 0
7281 0.009931952085199727 -0.2666359746108721 0
7282 0.005133009605010873 -0.2656491722874314 0
7283 0.001481920753409801 -0.2640666045399689 0
7284 0.6738589909324009 0.09841709623857514 0
7285 0.04979981183916037 0.6782939909881444 0
7286 -0.2014850313106191 -0.3119436276415685 0
7287 0.2407259691966789 0.1158774842263189 0
7288 -0.2158169167495771 -0.1514303202000458 0
7289 0.1735519237144515 -0.2666742502379799 0
7290 -0.2750159834440533 0.06162469349475562 0
7291 0.204751900198434 -0.1868804078423468 0
7292 -0.2772441946324119 0.09763069506489012 0
7293 -0.006442247430905503 0.2633316171997744 0
7294 0.2213497685952786 0.1419871497968363 0
7295 0.1468725012840251 -0.2234134189128677 0
7296 0.3786633042004319 -0.05737097099226926 0
7297 0.2237262350205564 -0.2681219166807174 0
7298 -0.1336839107783891 0.2313629342650299 0
7299 0.2020449494762066 -0.2199792569220018 0
7300 0.7198070754411147 -0.1250000000023115 0
7301 0.04544383275043455 0.2636224162654026 0
7302 0.05094767024260528 -0.3039822069999371 0
7303 -0.3440398219464447 0.6737324631135938 0
7304 -0.264136046877787 -0.07776552490598525 0
7305 0.2341368708857243 0.1291759693788217 0
7306 -0.08092307877089423 -0.314705249555994 0
7307 0.2632004068790799 -0.007318106116906135 0
7308 0.268929430598827 0.0264739841274625 0
7309 0.176076410068088 -0.2221177883451902 0
7310 0.2841633686061513 0.05613656127952554 0
7311 0.2888943436152374 0.04864343452247644 0
7312 -0.007763924710797241 -0.263310499252742 0
7313 -0.7133974596214219 -0.7133974596213229 0
7314 0.7133974596213229 -0.7133974596214219 0
7315 0.7133974596214219 0.7133974596213229 0
7316 0.08111810000133146 0.2508310839833469 0
7317 0.2604622953053246 0.03696904333684195 0
7318 0.7201165290820016 0.2749999999982434 0
7319 0.0155890257399734 0.2670535958446091 0
7320 0.0461344730433835 -0.2654192681356078 0
7321 -0.07180154680590038 -0.2536359987228749 0
7322 0.01270650344094892 -0.2781889996998134 0
7323 0.09520424387075864 -0.2681571224971088 0
7324 -0.2570488510302694 0.674693330415097 0
7325 0.1766577887164359 0.3734532597576748 0
7326 0.1844832009660422 0.2817038417391273 0
7327 0.2467885627773145 0.1026276558499512 0
7328 0.2633530871682357 0.1661960828256251 0
7329 0.1872907014824509 -0.2069992978710782 0
7330 -0.1527794669561722 0.2706994460835527 0
7331 0.3136300472548876 0.1162842518015322 0
7332 0.1335311737177034 0.2265827821944203 0
7333 0.5880356930249656 -0.242126097203581 0
7334 -0.04318855389447038 0.2873162982120862 0
7335 -0.7109726215246166 0.7112876142465208 0
7336 0.1243082269633159 -0.3134767339383966 0
7337 0.2553964071926615 -0.07938595822285416 0
7338 -0.2743830803396619 -0.1131471604053382 0
7339 0.008332666217794342 -0.2631519948482045 0
7340 -0.1127340982554006 -0.2690942185643168 0
7341 0.6720762963783447 0.1922652790945731 0
7342 -0.08493614982283898 0.2679740217698006 0
7343 0.2607045523005174 -0.03673155631319126 0
7344 -0.6685786921996664 -0.07042612599169153 0
7345 -0.01329492939781788 -0.2788186381716986 0
7346 -0.1690863824941319 0.6685132752719044 0
7347 -0.05015824766860186 0.2585356321490622 0
7348 0.2778878223148748 0.02524969664446464 0
7349 0.3849719864261045 -0.09623157740492819 0
7350 -0.1371022689232408 0.2712991808587021 0
7351 -0.002621240035121138 0.2808950134024266 0
7352 0.2614631009331892 0.05446556940820501 0
7353 -0.2437763817396098 0.1580642792120825 0
7354 -0.2208153086867799 0.1954598089775088 0
7355 -0.5507126051993692 0.6790494714266172 0
7356 -0.01155135613528935 0.2821857935235718 0
7357 0.04130308495086673 0.4088698920997959 0
7358 -0.2361968561094246 0.1248876520898226 0
7359 0.1157855738633185 -0.3360245661503474 0
7360 0.1553775542328615 0.2178490151691997 0
7361 -0.2550044711030829 0.136490483566734 0
7362 0.2755513440762196 -0.1617859541698547 0
7363 -0.126411516685434 0.2473474311088878 0
7364 0.4183989385055614 0.7182619795013573 0
7365 0.1889812682381287 0.1888816109388854 0
7366 -0.08004579771257472 0.2591373305743201 0
7367 -0.6775294795720418 -0.1499999999977924 0
7368 -0.1375360665300653 -0.2790922220969018 0
7369 0.1698636615006353 0.2407309653701826 0
7370 -0.1478395574102189 0.3603890343499118 0
7371 -0.1167133444356612 0.2411386441007355 0
7372 0.2339502573785266 -0.1348312386474314 0
7373 0.2148209936796882 -0.1582689322166394 0
7374 -0.131175125442775 -0.2547287926038418 0
7375 -0.08584584886244388 0.2492092174814249 0
7376 0.4576231859023396 -0.2383602030410359 0
7377 -0.2614063782386754 0.153378143150434 0
7378 -0.3964043263839582 0.001841306541883086 0
7379 -0.1815181289051068 -0.1955382080196663 0
7380 -0.2975109400848969 -0.02688240577139506 0
7381 -0.2336778396340535 -0.130526752528712 0
7382 -0.3441474199650011 -0.03164875753271523 0
7383 0.01274672056002005 -0.3030178773099867 0
7384 -0.2119170583517971 -0.1626839517545982 0
7385 0.2775691040022814 -0.02985184633291865 0
7386 0.0703131566800608 -0.2583428166236202 0
7387 0.2226537878181649 0.1637868747551987 0
7388 -0.7211032003048802 -0.2749999999982434 0
7389 0.02608029418359487 -0.2781033356398903 0
7390 -0.1066115929270077 0.2451685902009215 0
7391 0.02955730928839422 -0.3931153163906902 0
7392 -0.2391492490923119 0.1994496956022901 0
7393 0.3043833224566269 0.1226928708024262 0
7394 -0.2639033084555662 -0.1201155701941367 0
7395 0.1777754535987607 -0.1995946966177042 0
7396 -0.2416927712834024 -0.2941230661513394 0
7397 -0.1912299370883832 0.230275171467514 0
7398 -0.2577769676592966 0.07277898642609253 0
7399 0.6799600735474929 -0.4026016974603088 0
7400 -0.0001491340639589495 -0.2785423538858405 0
7401 0.2485921845607571 0.2205767985346659 0
7402 0.09104290333741943 0.2852076982011384 0
7403 -0.1695507500398772 0.2008632057175215 0
7404 0.2586796710297613 0.04644394794270276 0
7405 -0.2400525237393556 -0.1071472761554614 0
7406 -0.123554308346137 0.2438806254232282 0
7407 -0.1670047237541221 -0.2036865738490495 0
7408 -0.6430725935118098 -0.6760986770758317 0
7409 0.06070471745908876 0.3407748732273664 0
7410 -0.1502031407576291 0.2505728028642275 0
7411 0.1663545609000533 0.2088734034494082 0
7412 -0.07413561496751335 0.2889388409390953 0
7413 0.08990214406124362 -0.2635783414983977 0
7414 -0.08398032773536171 0.3163485289249024 0
7415 -0.1308599673649568 0.2700669177815812 0
7416 -0.3818344044435481 -0.010827747822921 0
7417 -0.07475479414106739 0.3627168193427556 0
7418 0.6777902676436685 -0.4943284003285549 0
7419 -0.01665564462684609 0.280317405310833 0
7420 -0.2642831657062675 0.04110141699749214 0
7421 -0.6292441505352923 -0.5161189712094089 0
7422 -0.1198478700019021 -0.2347132069791915 0
7423 -0.001563282863752508 -0.2677788037545248 0
7424 0.117182546459134 0.3329704770588731 0
7425 0.2314066343041359 -0.1258516592237189 0
7426 0.6763637729859976 -0.04930342429348955 0
7427 0.2830104406275462 -0.1879047909311479 0
7428 0.357739837893078 -0.1850696431431816 0
7429 0.3848404089255284 -0.03954378572002155 0
7430 -0.3080602248667043 -0.1200344505608923 0
7431 -0.3968353685404818 -0.07119974881640045 0
7432 -0.2534047183048231 -0.1488866457567123 0
7433 -0.2938555212088392 0.05986149581146485 0
7434 0.2668626032117387 -3.358613584968466e-05 0
7435 0.1407091477030747 -0.2328702128031057 0
7436 -0.1673940119119864 -0.242853989894953 0
7437 -0.2425292263879605 0.1733272512307975 0
7438 0.3345460798044954 0.0359169595814689 0
7439 0.2097182264410265 0.2237069679783752 0
7440 0.3171004044863144 -0.030741374073122 0
7441 -0.2779644551052051 -0.07629274414394702 0
7442 0.1420342050652584 0.2266214951143208 0
7443 0.1720724930186716 -0.2106769976907544 0
7444 0.1841691158905334 -0.1878282472347991 0
7445 -0.2777666413876107 -0.08889058826045182 0
7446 -0.5016143986173637 0.01326708505346499 0
7447 0.1695704288588469 0.2007714257368662 0
7448 0.2658812078296208 0.0251146862478511 0
7449 -0.09827140231683781 0.2436674419432049 0
7450 -0.1862263043839022 -0.2161332731979611 0
7451 0.3043605061486204 0.1344725267804249 0
7452 -0.2287958421825518 0.1377568281887737 0
7453 0.217786505132298 -0.2947219465933789 0
7454 -0.06000794540566132 0.2605541065641911 0
7455 -0.2086995159617177 0.1660791460267795 0
7456 -0.1780639859501024 0.1989245135004682 0
7457 0.0486473318867808 -0.2690088766432131 0
7458 0.3012960793102744 -0.2742171312023097 0
7459 -0.2494184665355605 -0.2283753523944739 0
7460 0.1552266559708093 -0.2716438205258074 0
7461 -0.03208319236664988 -0.3130043125804841 0
7462 -0.05813660860973749 -0.3124674572043067 0
7463 0.04626897056490033 0.283902574221793 0
7464 0.191015487570657 0.231682548239474 0
7465 -0.2928397900760639 -0.02952826032428473 0
7466 0.3372080570682427 0.0138150219152496 0
7467 -0.02149077673274553 0.2622902511374698 0
7468 0.2328036138792686 -0.3529644187320415 0
7469 0.146991681849039 0.2667549759992881 0
7470 0.1488404562942422 0.2286628952072066 0
7471 0.02650716214648469 -0.3031648371574975 0
7472 0.3861607001642874 0.1432929139378136 0
7473 0.07675206677984063 0.2832522993839304 0
7474 0.2259803330394999 -0.1421386802959036 0
7475 -0.3451556425467949 -0.179067389813411 0
7476 -0.1410174370493415 0.2784427691926425 0
7477 -0.1622512091591965 -0.2196284113562413 0
7478 -0.2623231234693381 -0.7140012470169339 0
7479 0.1714604925234775 -0.2356673196496529 0
7480 -0.2710886483073864 -0.1077717333238964 0
7481 0.2720721350195861 0.1034749982014208 0
7482 0.02005033922665361 0.2796420567280233 0
7483 0.2624786581700863 -0.04964270128572443 0
7484 -0.03955608143974379 0.5019087140687356 0
7485 -0.04773804346062787 0.2847325754465078 0
7486 -0.2894935901432464 0.02459248618816683 0
7487 -0.2657549825283284 -0.02029894584293883 0
7488 0.2568439385848988 -0.125234881006336 0
7489 -0.1544350365403319 -0.2455713165864727 0
7490 -0.2982566388244957 -0.1256334286042662 0
7491 -0.1618844880652014 -0.2132075340170712 0
7492 -0.02064189107752204 0.2825435117427313 0
7493 0.009527495520854865 0.3426621370227978 0
7494 0.2721511862929237 0.3191955357692281 0
7495 -0.3378172257527715 0.6394892387242563 0
7496 -0.2743448768136709 -0.1201589304798225 0
7497 0.1078609445789943 -0.2397630383886136 0
7498 -0.04823959861722281 -0.3129761821553432 0
7499 0.1019608670579221 -0.2958313156318992 0
7500 -0.2538653902760371 0.1672037580226751 0
7501 -0.4886676433909528 0.7146988130480992 0
7502 -0.1839331989122041 0.2483687796282358 0
7503 -0.02099068110955787 0.2699167049305269 0
7504 0.1662365894971202 -0.2438112980592839 0
7505 -0.3739093798647396 0.004668972570572668 0
7506 -0.271131417270798 0.1150464070933886 0
7507 0.2078312631304731 -0.2241098816685426 0
7508 -0.6105663775559113 -0.6749996062707098 0
7509 0.1268075992648692 -0.3911887021312088 0
7510 -0.06516703764759427 -0.2592897651152522 0
7511 0.2131650238248312 -0.203971503725821 0
7512 -0.3524415825511874 0.1872857813454842 0
7513 0.2424010636852731 -0.1644913187777973 0
7514 0.2905437624873806 -0.1393820074919671 0
7515 -0.09057049600036933 -0.3345187076213695 0
7516 0.05953264703652334 0.2911797805328612 0
7517 0.2927068992842687 -0.01636112682568 0
7518 -0.150714012400549 -0.2202268565046531 0
7519 -0.2273720882043695 -0.3015799066575824 0
7520 -0.01391032989044792 0.3869343581260081 0
7521 0.2671897260066655 0.1171255694187842 0
7522 -0.2985301050345803 -0.1371495060910701 0
7523 0.2596542659352055 -0.1202307683070923 0
7524 -0.1500466861700342 0.2156447822387426 0
7525 0.2346919501167834 -0.1200279091574902 0
7526 -0.2510309276825375 -0.1416448312431948 0
7527 -0.2809896561811501 -0.110531267370749 0
7528 -0.2007847368831047 0.3490955558940915 0
7529 0.003109010347125967 -0.2694979587307343 0
7530 0.2021830220236226 -0.1750214352956246 0
7531 -0.1593002675207188 0.2207468046883326 0
7532 -0.2183310875154464 -0.268462412384291 0
7533 -0.2974295674145329 -0.04021502549515026 0
7534 -0.3226095904858329 0.1105467546660436 0
7535 -0.2934442160618956 -0.1945210744246245 0
7536 0.02922419072693775 0.2919348472961244 0
7537 -0.1612730388016782 -0.2505911888964388 0
7538 0.08209352973866405 0.2912869262631962 0
7539 -0.1622593733099778 0.2120977729486341 0
7540 -0.1892366111798319 -0.2569837870725265 0
7541 -0.1561884018533788 0.2182175414029127 0
7542 0.2416316306381379 -0.1946304448412154 0
7543 0.07568332911264941 0.265466758347704 0
7544 0.1020752496939441 -0.2427527379638031 0
7545 -0.06850973873058061 -0.278383607052254 0
7546 -0.1995756037387621 -0.1776921609184792 0
7547 0.03867332434452682 -0.5056613863779549 0
7548 -0.2513251925502411 -0.07884521276593309 0
7549 0.2277039687358398 0.197350580141668 0
7550 0.335009885212498 0.1734790953523649 0
7551 0.2818995624891058 -0.08856045987889792 0
7552 0.1249455295886441 -0.2358602419103602 0
7553 -0.07697453736011894 0.2570887339761489 0
7554 0.3284648188879541 -0.1287277718119288 0
7555 0.2524688332206075 0.1485046835178709 0
7556 -0.1085653856136085 -0.2444892797630228 0
7557 -0.1918279303696715 -0.1862185541607057 0
7558 -0.3407844459927473 -0.2873511225147761 0
7559 -0.25862941892436 0.1473257962162202 0
7560 -0.3852420720186587 0.06076105914981822 0
7561 0.07219474389872925 0.3854970203042862 0
7562 0.2513431525499814 -0.1435801467571117 0
7563 0.2651116627081817 -0.120099655762556 0
7564 0.4650873846599248 -0.1376538304165293 0
7565 -0.1712851783291426 0.2438853575180067 0
7566 -0.3525650350938552 0.078848797547211 0
7567 0.006712701589133644 0.3063045672476341 0
7568 0.1339461042093341 -0.2682575949943173 0
7569 0.2992158645671011 0.2821027312606037 0
7570 0.2975054093579489 -0.01326484194851568 0
7571 -0.2671239622777091 -0.07464703209257471 0
7572 -0.2868543956126308 0.07965692377390814 0
7573 0.1777558740288331 0.241451130000169 0
7574 0.3265572265422753 -0.265036135952214 0
7575 -0.2930669708537602 -0.04490034322169229 0
7576 0.2119144994006092 0.2372866838552432 0
7577 0.05935914637086759 0.2598028004379399 0
7578 0.0700074325934041 -0.2738213597438304 0
7579 0.3122005405359349 -0.04212941581411234 0
7580 -0.2434797216705108 -0.09819569448203713 0
7581 0.08754509544624868 -0.2523336289365224 0
7582 0.1220483246681264 0.2605572552534084 0
7583 -0.002906063629917833 0.284446901435169 0
7584 -0.02591260778904811 0.2991592256655216 0
7585 -0.2755325068567678 0.03885696627221092 0
7586 -0.07029082829290279 0.3845409062161949 0
7587 0.1777585708690025 0.1990220366105692 0
7588 -0.2724293617561804 -0.01837948512315734 0
7589 -0.111882862536405 0.2723382857191341 0
7590 -0.2567389791444719 -0.07514119810989926 0
7591 0.1618902978092593 -0.2068287364330469 0
7592 -0.2870484599908071 -0.09300460909685221 0
7593 0.2515718441358546 0.07503097512484345 0
7594 -0.1241015629970625 -0.2563938129583051 0
7595 -0.2648079890645025 0.03000930965285783 0
7596 0.2567217904374486 -0.07505572983115538 0
7597 -0.2849021589036215 -0.06849939469491845 0
7598 0.3895882353851801 -0.07185079344279077 0
7599 -0.2634451998599132 0.04419638068001263 0
7600 0.148682075522839 0.2539585283075787 0
7601 0.04638981973605747 -0.2583781922731385 0
7602 -0.01058725717796848 -0.3032514117618526 0
7603 -0.3327917579982467 -0.188846743762493 0
7604 0.110188947743097 0.3886858650067568 0
7605 0.3791062268789053 0.1079630458112679 0
7606 0.1210903082926833 -0.2557365611816287 0
7607 0.07679788087424186 -0.2781121702179007 0
7608 -0.01606541038234613 0.2961734183210484 0
7609 -0.2605197199705293 -0.1790982415717932 0
7610 0.2176293302828643 -0.1546120932275332 0
7611 -0.07704753314467598 -0.2842537469871897 0
7612 0.1140556073496035 -0.2424006946368379 0
7613 -0.2526667247372353 0.4373585088020818 0
7614 0.2986173014717814 -0.07004368407432789 0
7615 -0.2730775821857064 0.1413321055974756 0
7616 -0.2443864406871901 -0.1661627027532741 0
7617 0.1136342086284294 0.2433243608069968 0
7618 -0.0282512849797033 0.2619173697893666 0
7619 -0.3722160565079068 0.2320308067967351 0
7620 0.715734360911467 -0.3406501721461379 0
7621 0.3038372796256729 0.1561172872863591 0
7622 -0.1621017170699997 0.2235025592610388 0
7623 -0.2784972171068876 -0.01418281593276695 0
7624 0.0833726986440716 -0.2533665752699749 0
7625 -0.3590650927407589 -0.03594009747742704 0
7626 -0.4874839895178307 -0.2190321044301685 0
7627 0.1888946786100911 -0.2400263078161035 0
7628 -0.2046505498394918 0.2831351046862265 0
7629 -0.09715373656285561 -0.2698969517355894 0
7630 -0.2648335462356056 -0.0344543409660829 0
7631 0.09895909491886014 -0.2485586548628261 0
7632 0.2931588397955703 0.05807152900213546 0
7633 0.6795020313843652 -0.1977981267930822 0
7634 0.2327289425222817 -0.1882047022713485 0
7635 -0.2314133026727004 0.1512291555670413 0
7636 0.522320235858449 0.1356948554626151 0
$EndNodes
$Elements
15608
1 1 2 10 1 1 37
2 1 2 10 1 37 38
3 1 2 10 1 38 39
4 1 2 10 1 39 40
5 1 2 10 1 40 41
6 1 2 10 1 41 42
7 1 2 10 1 42 43
8 1 2 10 1 43 44
9 1 2 10 1 44 45
10 1 2 10 1 45 46
11 1 2 10 1 46 47
12 1 2 10 1 47 48
13 1 2 10 1 48 49
14 1 2 10 1 49 50
15 1 2 10 1 50 51
16 1 2 10 1 51 52
17 1 2 10 1 52 53
18 1 2 10 1 53 54
19 1 2 10 1 54 55
20 1 2 10 1 55 56
21 1 2 10 1 56 2
22 1 2 10 2 2 57
23 1 2 10 2 57 58
24 1 2 10 2 58 59
25 1 2 10 2 59 60
26 1 2 10 2 60 61
27 1 2 10 2 61 62
28 1 2 10 2 62 63
29 1 2 10 2 63 64
30 1 2 10 2 64 65
31 1 2 10 2 65 66
32 1 2 10 2 66 67
33 1 2 10 2 67 68
34 1 2 10 2 68 69
35 1 2 10 2 69 70
36 1 2 10 2 70 71
37 1 2 10 2 71 72
38 1 2 10 2 72 73
39 1 2 10 2 73 74
40 1 2 10 2 74 75
41 1 2 10 2 75 76
42 1 2 10 2 76 3
43 1 2 10 3 3 77
44 1 2 10 3 77 78
45 1 2 10 3 78 79
46 1 2 10 3 79 80
47 1 2 10 3 80 81
48 1 2 10 3 81 82
49 1 2 10 3 82 83
50 1 2 10 3 83 84
51 1 2 10 3 84 85
52 1 2 10 3 85 86
53 1 2 10 3 86 87
54 1 2 10 3 87 88
55 1 2 10 3 88 89
56 1 2 10 3 89 90
57 1 2 10 3 90 91
58 1 2 10 3 91 92
59 1 2 10 3 92 93
60 1 2 10 3 93 94
61 1 2 10 3 94 95
62 1 2 10 3 95 96
63 1 2 10 3 96 4
64 1 2 10 4 4 97
65 1 2 10 4 97 98
66 1 2 10 4 98 99
67 1 2 10 4 99 100
68 1 2 10 4 100 101
69 1 2 10 4 101 102
70 1 2 10 4 102 103
71 1 2 10 4 103 104
72 1 2 10 4 104 105
73 1 2 10 4 105 106
74 1 2 10 4 106 107
75 1 2 10 4 107 108
76 1 2 10 4 108 109
77 1 2 10 4 109 110
78 1 2 10 4 110 111
79 1 2 10 4 111 112
80 1 2 10 4 112 113
81 1 2 10 4 113 114
82 1 2 10 4 114 115
83 1 2 10 4 115 116
84 1 2 10 4 116 5
85 1 2 10 5 5 117
86 1 2 10 5 117 118
87 1 2 10 5 118 119
88 1 2 10 5 119 120
89 1 2 10 5 120 121
90 1 2 10 5 121 122
91 1 2 10 5 122 123
92 1 2 10 5 123 124
93 1 2 10 5 124 125
94 1 2 10 5 125 126
95 1 2 10 5 126 127
96 1 2 10 5 127 128
97 1 2 10 5 128 129
98 1 2 10 5 129 130
99 1 2 10 5 130 131
100 1 2 10 5 131 132
101 1 2 10 5 132 133
102 1 2 10 5 133 134
103 1 2 10 5 134 135
104 1 2 10 5 135 136
105 1 2 10 5 136 6
106 1 2 10 6 6 137
107 1 2 10 6 137 138
108 1 2 10 6 138 139
109 1 2 10 6 139 140
110 1 2 10 6 140 141
111 1 2 10 6 141 142
112 1 2 10 6 142 143
113 1 2 10 6 143 144
114 1 2 10 6 144 145
115 1 2 10 6 145 146
116 1 2 10 6 146 147
117 1 2 10 6 147 148
118 1 2 10 6 148 149
119 1 2 10 6 149 150
120 1 2 10 6 150 151
121 1 2 10 6 151 152
122 1 2 10 6 152 153
123 1 2 10 6 153 154
124 1 2 10 6 154 155
125 1 2 10 6 155 156
126 1 2 10 6 156 7
127 1 2 10 7 7 157
128 1 2 10 7 157 158
129 1 2 10 7 158 159
130 1 2 10 7 159 160
131 1 2 10 7 160 161
132 1 2 10 7 161 162
133 1 2 10 7 162 163
134 1 2 10 7 163 164
135 1 2 10 7 164 165
136 1 2 10 7 165 166
137 1 2 10 7 166 167
138 1 2 10 7 167 168
139 1 2 10 7 168 169
140 1 2 10 7 169 170
141 1 2 10 7 170 171
142 1 2 10 7 171 172
143 1 2 10 7 172 173
144 1 2 10 7 173 174
145 1 2 10 7 174 175
146 1 2 10 7 175 176
147 1 2 10 7 176 8
148 1 2 10 8 8 177
149 1 2 10 8 177 178
150 1 2 10 8 178 179
151 1 2 10 8 179 180
152 1 2 10 8 180 181
153 1 2 10 8 181 182
154 1 2 10 8 182 183
155 1 2 10 8 183 184
156 1 2 10 8 184 185
157 1 2 10 8 185 186
158 1 2 10 8 186 187
159 1 2 10 8 187 188
160 1 2 10 8 188 189
161 1 2 10 8 189 190
162 1 2 10 8 190 191
163 1 2 10 8 191 192
164 1 2 10 8 192 193
165 1 2 10 8 193 194
166 1 2 10 8 194 195
167 1 2 10 8 195 196
168 1 2 10 8 196 9
169 1 2 10 9 9 197
170 1 2 10 9 197 198
171 1 2 10 9 198 199
172 1 2 10 9 199 200
173 1 2 10 9 200 201
174 1 2 10 9 201 202
175 1 2 10 9 202 203
176 1 2 10 9 203 204
177 1 2 10 9 204 205
178 1 2 10 9 205 206
179 1 2 10 9 206 207
180 1 2 10 9 207 208
181 1 2 10 9 208 209
182 1 2 10 9 209 210
183 1 2 10 9 210 211
184 1 2 10 9 211 212
185 1 2 10 9 212 213
186 1 2 10 9 213 214
187 1 2 10 9 214 215
188 1 2 10 9 215 216
189 1 2 10 9 216 10
190 1 2 10 10 10 217
191 1 2 10 10 217 218
192 1 2 10 10 218 219
193 1 2 10 10 219 220
194 1 2 10 10 220 221
195 1 2 10 10 221 222
196 1 2 10 10 222 223
197 1 2 10 10 223 224
198 1 2 10 10 224 225
199 1 2 10 10 225 226
200 1 2 10 10 226 227
201 1 2 10 10 227 228
202 1 2 10 10 228 229
203 1 2 10 10 229 230
204 1 2 10 10 230 231
205 1 2 10 10 231 232
206 1 2 10 10 232 233
207 1 2 10 10 233 234
208 1 2 10 10 234 235
209 1 2 10 10 235 236
210 1 2 10 10 236 11
211 1 2 10 11 11 237
212 1 2 10 11 237 238
213 1 2 10 11 238 239
214 1 2 10 11 239 240
215 1 2 10 11 240 241
216 1 2 10 11 241 242
217 1 2 10 11 242 243
218 1 2 10 11 243 244
219 1 2 10 11 244 245
220 1 2 10 11 245 246
221 1 2 10 11 246 247
222 1 2 10 11 247 248
223 1 2 10 11 248 249
224 1 2 10 11 249 250
225 1 2 10 11 250 251
226 1 2 10 11 251 252
227 1 2 10 11 252 253
228 1 2 10 11 253 254
229 1 2 10 11 254 255
230 1 2 10 11 255 256
231 1 2 10 11 256 12
232 1 2 10 12 12 257
233 1 2 10 12 257 258
234 1 2 10 12 258 259
235 1 2 10 12 259 260
236 1 2 10 12 260 261
237 1 2 10 12 261 262
238 1 2 10 12 262 263
239 1 2 10 12 263 264
240 1 2 10 12 264 265
241 1 2 10 12 265 266
242 1 2 10 12 266 267
243 1 2 10 12 267 268
244 1 2 10 12 268 269
245 1 2 10 12 269 270
246 1 2 10 12 270 271
247 1 2 10 12 271 272
248 1 2 10 12 272 273
249 1 2 10 12 273 274
250 1 2 10 12 274 275
251 1 2 10 12 275 276
252 1 2 10 12 276 13
253 1 2 10 13 13 277
254 1 2 10 13 277 278
255 1 2 10 13 278 279
256 1 2 10 13 279 280
257 1 2 10 13 280 281
258 1 2 10 13 281 282
259 1 2 10 13 282 283
260 1 2 10 13 283 284
261 1 2 10 13 284 285
262 1 2 10 13 285 286
263 1 2 10 13 286 287
264 1 2 10 13 287 288
265 1 2 10 13 288 289
266 1 2 10 13 289 290
267 1 2 10 13 290 291
268 1 2 10 13 291 292
269 1 2 10 13 292 293
270 1 2 10 13 293 294
271 1 2 10 13 294 295
272 1 2 10 13 295 296
273 1 2 10 13 296 14
274 1 2 10 14 14 297
275 1 2 10 14 297 298
276 1 2 10 14 298 299
277 1 2 10 14 299 300
278 1 2 10 14 300 301
279 1 2 10 14 301 302
280 1 2 10 14 302 303
281 1 2 10 14 303 304
282 1 2 10 14 304 305
283 1 2 10 14 305 306
284 1 2 10 14 306 307
285 1 2 10 14 307 308
286 1 2 10 14 308 309
287 1 2 10 14 309 310
288 1 2 10 14 310 311
289 1 2 10 14 311 312
290 1 2 10 14 312 313
291 1 2 10 14 313 314
292 1 2 10 14 314 315
293 1 2 10 14 315 316
294 1 2 10 14 316 15
295 1 2 10 15 15 317
296 1 2 10 15 317 318
297 1 2 10 15 318 319
298 1 2 10 15 319 320
299 1 2 10 15 320 321
300 1 2 10 15 321 322
301 1 2 10 15 322 323
302 1 2 10 15 323 324
303 1 2 10 15 324 325
304 1 2 10 15 325 326
305 1 2 10 15 326 327
306 1 2 10 15 327 328
307 1 2 10 15 328 329
308 1 2 10 15 329 330
309 1 2 10 15 330 331
310 1 2 10 15 331 332
311 1 2 10 15 332 333
312 1 2 10 15 333 334
313 1 2 10 15 334 335
314 1 2 10 15 335 336
315 1 2 10 15 336 16
316 1 2 10 16 16 337
317 1 2 10 16 337 338
318 1 2 10 16 338 339
319 1 2 10 16 339 340
320 1 2 10 16 340 341
321 1 2 10 16 341 342
322 1 2 10 16 342 343
323 1 2 10 16 343 344
324 1 2 10 16 344 345
325 1 2 10 16 345 346
326 1 2 10 16 346 347
327 1 2 10 16 347 348
328 1 2 10 16 348 349
329 1 2 10 16 349 350
330 1 2 10 16 350 351
331 1 2 10 16 351 352
332 1 2 10 16 352 353
333 1 2 10 16 353 354
334 1 2 10 16 354 355
335 1 2 10 16 355 356
336 1 2 10 16 356 1
337 1 2 40 17 17 357
338 1 2 40 17 357 358
339 1 2 40 17 358 359
340 1 2 40 17 359 360
341 1 2 40 17 360 361
342 1 2 40 17 361 362
343 1 2 40 17 362 363
344 1 2 40 17 363 364
345 1 2 40 17 364 365
346 1 2 40 17 365 366
347 1 2 40 17 366 367
348 1 2 40 17 367 368
349 1 2 40 17 368 369
350 1 2 40 17 369 370
351 1 2 40 17 370 371
352 1 2 40 17 371 372
353 1 2 40 17 372 373
354 1 2 40 17 373 374
355 1 2 40 17 374 375
356 1 2 40 17 375 376
357 1 2 40 17 376 18
358 1 2 40 18 18 377
359 1 2 40 18 377 378
360 1 2 40 18 378 379
361 1 2 40 18 379 380
362 1 2 40 18 380 381
363 1 2 40 18 381 382
364 1 2 40 18 382 383
365 1 2 40 18 383 384
366 1 2 40 18 384 385
367 1 2 40 18 385 386
368 1 2 40 18 386 387
369 1 2 40 18 387 388
370 1 2 40 18 388 389
371 1 2 40 18 389 390
372 1 2 40 18 390 391
373 1 2 40 18 391 392
374 1 2 40 18 392 393
375 1 2 40 18 393 394
376 1 2 40 18 394 395
377 1 2 40 18 395 396
378 1 2 40 18 396 19
379 1 2 40 19 19 397
380 1 2 40 19 397 398
381 1 2 40 19 398 399
382 1 2 40 19 399 400
383 1 2 40 19 400 401
384 1 2 40 19 401 402
385 1 2 40 19 402 403
386 1 2 40 19 403 404
387 1 2 40 19 404 405
388 1 2 40 19 405 406
389 1 2 40 19 406 407
390 1 2 40 19 407 408
391 1 2 40 19 408 409
392 1 2 40 19 409 410
393 1 2 40 19 410 411
394 1 2 40 19 411 412
395 1 2 40 19 412 413
396 1 2 40 19 413 414
397 1 2 40 19 414 415
398 1 2 40 19 415 416
399 1 2 40 19 416 20
400 1 2 40 20 20 417
401 1 2 40 20 417 418
402 1 2 40 20 418 419
403 1 2 40 20 419 420
404 1 2 40 20 420 421
405 1 2 40 20 421 422
406 1 2 40 20 422 423
407 1 2 40 20 423 424
408 1 2 40 20 424 425
409 1 2 40 20 425 426
410 1 2 40 20 426 427
411 1 2 40 20 427 428
412 1 2 40 20 428 429
413 1 2 40 20 429 430
414 1 2 40 20 430 431
415 1 2 40 20 431 432
416 1 2 40 20 432 433
417 1 2 40 20 433 434
418 1 2 40 20 434 435
419 1 2 40 20 435 436
420 1 2 40 20 436 21
421 1 2 40 21 21 437
422 1 2 40 21 437 438
423 1 2 40 21 438 439
424 1 2 40 21 439 440
425 1 2 40 21 440 441
426 1 2 40 21 441 442
427 1 2 40 21 442 443
428 1 2 40 21 443 444
429 1 2 40 21 444 445
430 1 2 40 21 445 446
431 1 2 40 21 446 447
432 1 2 40 21 447 448
433 1 2 40 21 448 449
434 1 2 40 21 449 450
435 1 2 40 21 450 451
436 1 2 40 21 451 452
437 1 2 40 21 452 453
438 1 2 40 21 453 454
439 1 2 40 21 454 455
440 1 2 40 21 455 456
441 1 2 40 21 456 22
442 1 2 40 22 22 457
443 1 2 40 22 457 458
444 1 2 40 22 458 459
445 1 2 40 22 459 460
446 1 2 40 22 460 461
447 1 2 40 22 461 462
448 1 2 40 22 462 463
449 1 2 40 22 463 464
450 1 2 40 22 464 465
451 1 2 40 22 465 466
452 1 2 40 22 466 467
453 1 2 40 22 467 468
454 1 2 40 22 468 469
455 1 2 40 22 469 470
456 1 2 40 22 470 471
457 1 2 40 22 471 472
458 1 2 40 22 472 473
459 1 2 40 22 473 474
460 1 2 40 22 474 475
461 1 2 40 22 475 476
462 1 2 40 22 476 23
463 1 2 40 23 23 477
464 1 2 40 23 477 478
465 1 2 40 23 478 479
466 1 2 40 23 479 480
467 1 2 40 23 480 481
468 1 2 40 23 481 482
469 1 2 40 23 482 483
470 1 2 40 23 483 484
471 1 2 40 23 484 485
472 1 2 40 23 485 486
473 1 2 40 23 486 487
474 1 2 40 23 487 488
475 1 2 40 23 488 489
476 1 2 40 23 489 490
477 1 2 40 23 490 491
478 1 2 40 23 491 492
479 1 2 40 23 492 493
480 1 2 40 23 493 494
481 1 2 40 23 494 495
482 1 2 40 23 495 496
483 1 2 40 23 496 24
484 1 2 40 24 24 497
485 1 2 40 24 497 498
486 1 2 40 24 498 499
487 1 2 40 24 499 500
488 1 2 40 24 500 501
489 1 2 40 24 501 502
490 1 2 40 24 502 503
491 1 2 40 24 503 504
492 1 2 40 24 504 505
493 1 2 40 24 505 506
494 1 2 40 24 506 507
495 1 2 40 24 507 508
496 1 2 40 24 508 509
497 1 2 40 24 509 510
498 1 2 40 24 510 511
499 1 2 40 24 511 512
500 1 2 40 24 512 513
501 1 2 40 24 513 514
502 1 2 40 24 514 515
503 1 2 40 24 515 516
504 1 2 40 24 516 25
505 1 2 40 25 25 517
506 1 2 40 25 517 518
507 1 2 40 25 518 519
508 1 2 40 25 519 520
509 1 2 40 25 520 521
510 1 2 40 25 521 522
511 1 2 40 25 522 523
512 1 2 40 25 523 524
513 1 2 40 25 524 525
514 1 2 40 25 525 526
515 1 2 40 25 526 527
516 1 2 40 25 527 528
517 1 2 40 25 528 529
518 1 2 40 25 529 530
519 1 2 40 25 530 531
520 1 2 40 25 531 532
521 1 2 40 25 532 533
522 1 2 40 25 533 534
523 1 2 40 25 534 535
524 1 2 40 25 535 536
525 1 2 40 25 536 26
526 1 2 40 26 26 537
527 1 2 40 26 537 538
528 1 2 40 26 538 539
529 1 2 40 26 539 540
530 1 2 40 26 540 541
531 1 2 40 26 541 542
532 1 2 40 26 542 543
533 1 2 40 26 543 544
534 1 2 40 26 544 545
535 1 2 40 26 545 546
536 1 2 40 26 546 547
537 1 2 40 26 547 548
538 1 2 40 26 548 549
539 1 2 40 26 549 550
540 1 2 40 26 550 551
541 1 2 40 26 551 552
542 1 2 40 26 552 553
543 1 2 40 26 553 554
544 1 2 40 26 554 555
545 1 2 40 26 555 556
546 1 2 40 26 556 27
547 1 2 40 27 27 557
548 1 2 40 27 557 558
549 1 2 40 27 558 559
550 1 2 40 27 559 560
551 1 2 40 27 560 561
552 1 2 40 27 561 562
553 1 2 40 27 562 563
554 1 2 40 27 563 564
555 1 2 40 27 564 565
556 1 2 40 27 565 566
557 1 2 40 27 566 567
558 1 2 40 27 567 568
559 1 2 40 27 568 569
560 1 2 40 27 569 570
561 1 2 40 27 570 571
562 1 2 40 27 571 572
563 1 2 40 27 572 573
564 1 2 40 27 573 574
565 1 2 40 27 574 575
566 1 2 40 27 575 576
567 1 2 40 27 576 28
568 1 2 40 28 28 577
569 1 2 40 28 577 578
570 1 2 40 28 578 579
571 1 2 40 28 579 580
572 1 2 40 28 580 581
573 1 2 40 28 581 582
574 1 2 40 28 582 583
575 1 2 40 28 583 584
576 1 2 40 28 584 585
577 1 2 40 28 585 586
578 1 2 40 28 586 587
579 1 2 40 28 587 588
580 1 2 40 28 588 589
581 1 2 40 28 589 590
582 1 2 40 28 590 591
583 1 2 40 28 591 592
584 1 2 40 28 592 593
585 1 2 40 28 593 594
586 1 2 40 28 594 595
587 1 2 40 28 595 596
588 1 2 40 28 596 29
589 1 2 40 29 29 597
590 1 2 40 29 597 598
591 1 2 40 29 598 599
592 1 2 40 29 599 600
593 1 2 40 29 600 601
594 1 2 40 29 601 602
595 1 2 40 29 602 603
596 1 2 40 29 603 604
597 1 2 40 29 604 605
598 1 2 40 29 605 606
599 1 2 40 29 606 607
600 1 2 40 29 607 608
601 1 2 40 29 608 609
602 1 2 40 29 609 610
603 1 2 40 29 610 611
604 1 2 40 29 611 612
605 1 2 40 29 612 613
606 1 2 40 29 613 614
607 1 2 40 29 614 615
608 1 2 40 29 615 616
609 1 2 40 29 616 30
610 1 2 40 30 30 617
611 1 2 40 30 617 618
612 1 2 40 30 618 619
613 1 2 40 30 619 620
614 1 2 40 30 620 621
615 1 2 40 30 621 622
616 1 2 40 30 622 623
617 1 2 40 30 623 624
618 1 2 40 30 624 625
619 1 2 40 30 625 626
620 1 2 40 30 626 627
621 1 2 40 30 627 628
622 1 2 40 30 628 629
623 1 2 40 30 629 630
624 1 2 40 30 630 631
625 1 2 40 30 631 632
626 1 2 40 30 632 633
627 1 2 40 30 633 634
628 1 2 40 30 634 635
629 1 2 40 30 635 636
630 1 2 40 30 636 31
631 1 2 40 31 31 637
632 1 2 40 31 637 638
633 1 2 40 31 638 639
634 1 2 40 31 639 640
635 1 2 40 31 640 641
636 1 2 40 31 641 642
637 1 2 40 31 642 643
638 1 2 40 31 643 644
639 1 2 40 31 644 645
640 1 2 40 31 645 646
641 1 2 40 31 646 647
642 1 2 40 31 647 648
643 1 2 40 31 648 649
644 1 2 40 31 649 650
645 1 2 40 31 650 651
646 1 2 40 31 651 652
647 1 2 40 31 652 653
648 1 2 40 31 653 654
649 1 2 40 31 654 655
650 1 2 40 31 655 656
651 1 2 40 31 656 32
652 1 2 40 32 32 657
653 1 2 40 32 657 658
654 1 2 40 32 658 659
655 1 2 40 32 659 660
656 1 2 40 32 660 661
657 1 2 40 32 661 662
658 1 2 40 32 662 663
659 1 2 40 32 663 664
660 1 2 40 32 664 665
661 1 2 40 32 665 666
662 1 2 40 32 666 667
663 1 2 40 32 667 668
664 1 2 40 32 668 669
665 1 2 40 32 669 670
666 1 2 40 32 670 671
667 1 2 40 32 671 672
668 1 2 40 32 672 673
669 1 2 40 32 673 674
670 1 2 40 32 674 675
671 1 2 40 32 675 676
672 1 2 40 32 676 17
673 1 2 20 33 33 677
674 1 2 20 33 677 678
675 1 2 20 33 678 679
676 1 2 20 33 679 680
677 1 2 20 33 680 681
678 1 2 20 33 681 682
679 1 2 20 33 682 683
680 1 2 20 33 683 684
681 1 2 20 33 684 685
682 1 2 20 33 685 686
683 1 2 20 33 686 687
684 1 2 20 33 687 688
685 1 2 20 33 688 689
686 1 2 20 33 689 690
687 1 2 20 33 690 691
688 1 2 20 33 691 692
689 1 2 20 33 692 693
690 1 2 20 33 693 694
691 1 2 20 33 694 695
692 1 2 20 33 695 696
693 1 2 20 33 696 697
694 1 2 20 33 697 698
695 1 2 20 33 698 699
696 1 2 20 33 699 700
697 1 2 20 33 700 701
698 1 2 20 33 701 702
699 1 2 20 33 702 703
700 1 2 20 33 703 704
701 1 2 20 33 704 705
702 1 2 20 33 705 34
703 1 2 20 34 34 706
704 1 2 20 34 706 707
705 1 2 20 34 707 708
706 1 2 20 34 708 709
707 1 2 20 34 709 710
708 1 2 20 34 710 711
709 1 2 20 34 711 712
710 1 2 20 34 712 713
711 1 2 20 34 713 714
712 1 2 20 34 714 715
713 1 2 20 34 715 716
714 1 2 20 34 716 717
715 1 2 20 34 717 718
716 1 2 20 34 718 719
717 1 2 20 34 719 720
718 1 2 20 34 720 721
719 1 2 20 34 721 722
720 1 2 20 34 722 723
721 1 2 20 34 723 724
722 1 2 20 34 724 725
723 1 2 20 34 725 726
724 1 2 20 34 726 727
725 1 2 20 34 727 728
726 1 2 20 34 728 729
727 1 2 20 34 729 730
728 1 2 20 34 730 731
729 1 2 20 34 731 732
730 1 2 20 34 732 733
731 1 2 20 34 733 734
732 1 2 20 34 734 35
733 1 2 20 35 35 735
734 1 2 20 35 735 736
735 1 2 20 35 736 737
736 1 2 20 35 737 738
737 1 2 20 35 738 739
738 1 2 20 35 739 740
739 1 2 20 35 740 741
740 1 2 20 35 741 742
741 1 2 20 35 742 743
742 1 2 20 35 743 744
743 1 2 20 35 744 745
744 1 2 20 35 745 746
745 1 2 20 35 746 747
746 1 2 20 35 747 748
747 1 2 20 35 748 749
748 1 2 20 35 749 750
749 1 2 20 35 750 751
750 1 2 20 35 751 752
751 1 2 20 35 752 753
752 1 2 20 35 753 754
753 1 2 20 35 754 755
754 1 2 20 35 755 756
755 1 2 20 35 756 757
756 1 2 20 35 757 758
757 1 2 20 35 758 759
758 1 2 20 35 759 760
759 1 2 20 35 760 761
760 1 2 20 35 761 762
761 1 2 20 35 762 763
762 1 2 20 35 763 36
763 1 2 20 36 36 764
764 1 2 20 36 764 765
765 1 2 20 36 765 766
766 1 2 20 36 766 767
767 1 2 20 36 767 768
768 1 2 20 36 768 769
769 1 2 20 36 769 770
770 1 2 20 36 770 771
771 1 2 20 36 771 772
772 1 2 20 36 772 773
773 1 2 20 36 773 774
774 1 2 20 36 774 775
775 1 2 20 36 775 776
776 1 2 20 36 776 777
777 1 2 20 36 777 778
778 1 2 20 36 778 779
779 1 2 20 36 779 780
780 1 2 20 36 780 781
781 1 2 20 36 781 782
782 1 2 20 36 782 783
783 1 2 20 36 783 784
784 1 2 20 36 784 785
785 1 2 20 36 785 786
786 1 2 20 36 786 787
787 1 2 20 36 787 788
788 1 2 20 36 788 789
789 1 2 20 36 789 790
790 1 2 20 36 790 791
791 1 2 20 36 791 792
792 1 2 20 36 792 33
793 2 2 1 1 1 793 905
794 2 2 1 1 905 37 1
795 2 2 1 1 37 905 38
796 2 2 1 1 38 905 906
797 2 2 1 1 38 906 907
798 2 2 1 1 907 39 38
799 2 2 1 1 39 907 40
800 2 2 1 1 40 907 908
801 2 2 1 1 40 908 909
802 2 2 1 1 909 41 40
803 2 2 1 1 41 909 42
804 2 2 1 1 42 909 910
805 2 2 1 1 42 910 911
806 2 2 1 1 911 43 42
807 2 2 1 1 43 911 44
808 2 2 1 1 44 911 912
809 2 2 1 1 44 912 913
810 2 2 1 1 913 45 44
811 2 2 1 1 45 913 46
812 2 2 1 1 46 913 914
813 2 2 1 1 46 914 915
814 2 2 1 1 915 47 46
815 2 2 1 1 47 915 48
816 2 2 1 1 48 915 916
817 2 2 1 1 48 916 917
818 2 2 1 1 917 49 48
819 2 2 1 1 49 917 50
820 2 2 1 1 50 917 918
821 2 2 1 1 50 918 919
822 2 2 1 1 919 51 50
823 2 2 1 1 51 919 52
824 2 2 1 1 52 919 920
825 2 2 1 1 52 920 921
826 2 2 1 1 921 53 52
827 2 2 1 1 53 921 54
828 2 2 1 1 54 921 922
829 2 2 1 1 54 922 923
830 2 2 1 1 923 55 54
831 2 2 1 1 55 923 56
832 2 2 1 1 56 923 924
833 2 2 1 1 56 924 800
834 2 2 1 1 800 2 56
835 2 2 1 1 793 794 905
836 2 2 1 1 905 794 925
837 2 2 1 1 905 925 926
838 2 2 1 1 926 906 905
839 2 2 1 1 906 926 907
840 2 2 1 1 907 926 927
841 2 2 1 1 907 927 928
842 2 2 1 1 928 908 907
843 2 2 1 1 908 928 909
844 2 2 1 1 909 928 929
845 2 2 1 1 909 929 930
846 2 2 1 1 930 910 909
847 2 2 1 1 910 930 911
848 2 2 1 1 911 930 931
849 2 2 1 1 911 931 932
850 2 2 1 1 932 912 911
851 2 2 1 1 912 932 913
852 2 2 1 1 913 932 933
853 2 2 1 1 913 933 934
854 2 2 1 1 934 914 913
855 2 2 1 1 914 934 915
856 2 2 1 1 915 934 935
857 2 2 1 1 915 935 936
858 2 2 1 1 936 916 915
859 2 2 1 1 916 936 917
860 2 2 1 1 917 936 937
861 2 2 1 1 917 937 938
862 2 2 1 1 938 918 917
863 2 2 1 1 918 938 919
864 2 2 1 1 919 938 939
865 2 2 1 1 919 939 940
866 2 2 1 1 940 920 919
867 2 2 1 1 920 940 921
868 2 2 1 1 921 940 941
869 2 2 1 1 921 941 942
870 2 2 1 1 942 922 921
871 2 2 1 1 922 942 923
872 2 2 1 1 923 942 943
873 2 2 1 1 923 943 944
874 2 2 1 1 944 924 923
875 2 2 1 1 924 944 800
876 2 2 1 1 800 944 801
877 2 2 1 1 794 795 945
878 2 2 1 1 945 925 794
879 2 2 1 1 925 945 926
880 2 2 1 1 926 945 946
881 2 2 1 1 926 946 947
882 2 2 1 1 947 927 926
883 2 2 1 1 927 947 928
884 2 2 1 1 928 947 948
885 2 2 1 1 928 948 949
886 2 2 1 1 949 929 928
887 2 2 1 1 929 949 930
888 2 2 1 1 930 949 950
889 2 2 1 1 930 950 951
890 2 2 1 1 951 931 930
891 2 2 1 1 931 951 932
892 2 2 1 1 932 951 952
893 2 2 1 1 932 952 953
894 2 2 1 1 953 933 932
895 2 2 1 1 933 953 934
896 2 2 1 1 934 953 954
897 2 2 1 1 934 954 955
898 2 2 1 1 955 935 934
899 2 2 1 1 935 955 936
900 2 2 1 1 936 955 956
901 2 2 1 1 936 956 957
902 2 2 1 1 957 937 936
903 2 2 1 1 937 957 938
904 2 2 1 1 938 957 958
905 2 2 1 1 938 958 959
906 2 2 1 1 959 939 938
907 2 2 1 1 939 959 940
908 2 2 1 1 940 959 960
909 2 2 1 1 940 960 961
910 2 2 1 1 961 941 940
911 2 2 1 1 941 961 942
912 2 2 1 1 942 961 962
913 2 2 1 1 942 962 963
914 2 2 1 1 963 943 942
915 2 2 1 1 943 963 944
916 2 2 1 1 944 963 964
917 2 2 1 1 944 964 802
918 2 2 1 1 802 801 944
919 2 2 1 1 795 796 945
920 2 2 1 1 945 796 965
921 2 2 1 1 945 965 966
922 2 2 1 1 966 946 945
923 2 2 1 1 946 966 947
924 2 2 1 1 947 966 967
925 2 2 1 1 947 967 968
926 2 2 1 1 968 948 947
927 2 2 1 1 948 968 949
928 2 2 1 1 949 968 969
929 2 2 1 1 949 969 970
930 2 2 1 1 970 950 949
931 2 2 1 1 950 970 951
932 2 2 1 1 951 970 971
933 2 2 1 1 951 971 972
934 2 2 1 1 972 952 951
935 2 2 1 1 952 972 953
936 2 2 1 1 953 972 973
937 2 2 1 1 953 973 974
938 2 2 1 1 974 954 953
939 2 2 1 1 954 974 955
940 2 2 1 1 955 974 975
941 2 2 1 1 955 975 976
942 2 2 1 1 976 956 955
943 2 2 1 1 956 976 957
944 2 2 1 1 957 976 977
945 2 2 1 1 957 977 978
946 2 2 1 1 978 958 957
947 2 2 1 1 958 978 959
948 2 2 1 1 959 978 979
949 2 2 1 1 959 979 980
950 2 2 1 1 980 960 959
951 2 2 1 1 960 980 961
952 2 2 1 1 961 980 981
953 2 2 1 1 961 981 982
954 2 2 1 1 982 962 961
955 2 2 1 1 962 982 963
956 2 2 1 1 963 982 983
957 2 2 1 1 963 983 984
958 2 2 1 1 984 964 963
959 2 2 1 1 964 984 802
960 2 2 1 1 802 984 803
961 2 2 1 1 796 797 985
962 2 2 1 1 985 965 796
963 2 2 1 1 965 985 966
964 2 2 1 1 966 985 986
965 2 2 1 1 966 986 987
966 2 2 1 1 987 967 966
967 2 2 1 1 967 987 968
968 2 2 1 1 968 987 988
969 2 2 1 1 968 988 989
970 2 2 1 1 989 969 968
971 2 2 1 1 969 989 970
972 2 2 1 1 970 989 990
973 2 2 1 1 970 990 991
974 2 2 1 1 991 971 970
975 2 2 1 1 971 991 972
976 2 2 1 1 972 991 992
977 2 2 1 1 972 992 993
978 2 2 1 1 993 973 972
979 2 2 1 1 973 993 974
980 2 2 1 1 974 993 994
981 2 2 1 1 974 994 995
982 2 2 1 1 995 975 974
983 2 2 1 1 975 995 976
984 2 2 1 1 976 995 996
985 2 2 1 1 976 996 997
986 2 2 1 1 997 977 976
987 2 2 1 1 977 997 978
988 2 2 1 1 978 997 998
989 2 2 1 1 978 998 999
990 2 2 1 1 999 979 978
991 2 2 1 1 979 999 980
992 2 2 1 1 980 999 1000
993 2 2 1 1 980 1000 1001
994 2 2 1 1 1001 981 980
995 2 2 1 1 981 1001 982
996 2 2 1 1 982 1001 1002
997 2 2 1 1 982 1002 1003
998 2 2 1 1 1003 983 982
999 2 2 1 1 983 1003 984
1000 2 2 1 1 984 1003 1004
1001 2 2 1 1 984 1004 804
1002 2 2 1 1 804 803 984
1003 2 2 1 1 797 798 985
1004 2 2 1 1 985 798 1005
1005 2 2 1 1 985 1005 1006
1006 2 2 1 1 1006 986 985
1007 2 2 1 1 986 1006 987
1008 2 2 1 1 987 1006 1007
1009 2 2 1 1 987 1007 1008
1010 2 2 1 1 1008 988 987
1011 2 2 1 1 988 1008 989
1012 2 2 1 1 989 1008 1009
1013 2 2 1 1 989 1009 1010
1014 2 2 1 1 1010 990 989
1015 2 2 1 1 990 1010 991
1016 2 2 1 1 991 1010 1011
1017 2 2 1 1 991 1011 1012
1018 2 2 1 1 1012 992 991
1019 2 2 1 1 992 1012 993
1020 2 2 1 1 993 1012 1013
1021 2 2 1 1 993 1013 1014
1022 2 2 1 1 1014 994 993
1023 2 2 1 1 994 1014 995
1024 2 2 1 1 995 1014 1015
1025 2 2 1 1 995 1015 1016
1026 2 2 1 1 1016 996 995
1027 2 2 1 1 996 1016 997
1028 2 2 1 1 997 1016 1017
1029 2 2 1 1 997 1017 1018
1030 2 2 1 1 1018 998 997
1031 2 2 1 1 998 1018 999
1032 2 2 1 1 999 1018 1019
1033 2 2 1 1 999 1019 1020
1034 2 2 1 1 1020 1000 999
1035 2 2 1 1 1000 1020 1001
1036 2 2 1 1 1001 1020 1021
1037 2 2 1 1 1001 1021 1022
1038 2 2 1 1 1022 1002 1001
1039 2 2 1 1 1002 1022 1003
1040 2 2 1 1 1003 1022 1023
1041 2 2 1 1 1003 1023 1024
1042 2 2 1 1 1024 1004 1003
1043 2 2 1 1 1004 1024 804
1044 2 2 1 1 804 1024 805
1045 2 2 1 1 798 799 1025
1046 2 2 1 1 1025 1005 798
1047 2 2 1 1 1005 1025 1006
1048 2 2 1 1 1006 1025 1026
1049 2 2 1 1 1006 1026 1027
1050 2 2 1 1 1027 1007 1006
1051 2 2 1 1 1007 1027 1008
1052 2 2 1 1 1008 1027 1028
1053 2 2 1 1 1008 1028 1029
1054 2 2 1 1 1029 1009 1008
1055 2 2 1 1 1009 1029 1010
1056 2 2 1 1 1010 1029 1030
1057 2 2 1 1 1010 1030 1031
1058 2 2 1 1 1031 1011 1010
1059 2 2 1 1 1011 1031 1012
1060 2 2 1 1 1012 1031 1032
1061 2 2 1 1 1012 1032 1033
1062 2 2 1 1 1033 1013 1012
1063 2 2 1 1 1013 1033 1014
1064 2 2 1 1 1014 1033 1034
1065 2 2 1 1 1014 1034 1035
1066 2 2 1 1 1035 1015 1014
1067 2 2 1 1 1015 1035 1016
1068 2 2 1 1 1016 1035 1036
1069 2 2 1 1 1016 1036 1037
1070 2 2 1 1 1037 1017 1016
1071 2 2 1 1 1017 1037 1018
1072 2 2 1 1 1018 1037 1038
1073 2 2 1 1 1018 1038 1039
1074 2 2 1 1 1039 1019 1018
1075 2 2 1 1 1019 1039 1020
1076 2 2 1 1 1020 1039 1040
1077 2 2 1 1 1020 1040 1041
1078 2 2 1 1 1041 1021 1020
1079 2 2 1 1 1021 1041 1022
1080 2 2 1 1 1022 1041 1042
1081 2 2 1 1 1022 1042 1043
1082 2 2 1 1 1043 1023 1022
1083 2 2 1 1 1023 1043 1024
1084 2 2 1 1 1024 1043 1044
1085 2 2 1 1 1024 1044 806
1086 2 2 1 1 806 805 1024
1087 2 2 1 1 799 17 1025
1088 2 2 1 1 1025 17 357
1089 2 2 1 1 1025 357 358
1090 2 2 1 1 358 1026 1025
1091 2 2 1 1 1026 358 1027
1092 2 2 1 1 1027 358 359
1093 2 2 1 1 1027 359 360
1094 2 2 1 1 360 1028 1027
1095 2 2 1 1 1028 360 1029
1096 2 2 1 1 1029 360 361
1097 2 2 1 1 1029 361 362
1098 2 2 1 1 362 1030 1029
1099 2 2 1 1 1030 362 1031
1100 2 2 1 1 1031 362 363
1101 2 2 1 1 1031 363 364
1102 2 2 1 1 364 1032 1031
1103 2 2 1 1 1032 364 1033
1104 2 2 1 1 1033 364 365
1105 2 2 1 1 1033 365 366
1106 2 2 1 1 366 1034 1033
1107 2 2 1 1 1034 366 1035
1108 2 2 1 1 1035 366 367
1109 2 2 1 1 1035 367 368
1110 2 2 1 1 368 1036 1035
1111 2 2 1 1 1036 368 1037
1112 2 2 1 1 1037 368 369
1113 2 2 1 1 1037 369 370
1114 2 2 1 1 370 1038 1037
1115 2 2 1 1 1038 370 1039
1116 2 2 1 1 1039 370 371
1117 2 2 1 1 1039 371 372
1118 2 2 1 1 372 1040 1039
1119 2 2 1 1 1040 372 1041
1120 2 2 1 1 1041 372 373
1121 2 2 1 1 1041 373 374
1122 2 2 1 1 374 1042 1041
1123 2 2 1 1 1042 374 1043
1124 2 2 1 1 1043 374 375
1125 2 2 1 1 1043 375 376
1126 2 2 1 1 376 1044 1043
1127 2 2 1 1 1044 376 806
1128 2 2 1 1 806 376 18
1129 2 2 1 2 2 800 1045
1130 2 2 1 2 1045 57 2
1131 2 2 1 2 57 1045 58
1132 2 2 1 2 58 1045 1046
1133 2 2 1 2 58 1046 1047
1134 2 2 1 2 1047 59 58
1135 2 2 1 2 59 1047 60
1136 2 2 1 2 60 1047 1048
1137 2 2 1 2 60 1048 1049
1138 2 2 1 2 1049 61 60
1139 2 2 1 2 61 1049 62
1140 2 2 1 2 62 1049 1050
1141 2 2 1 2 62 1050 1051
1142 2 2 1 2 1051 63 62
1143 2 2 1 2 63 1051 64
1144 2 2 1 2 64 1051 1052
1145 2 2 1 2 64 1052 1053
1146 2 2 1 2 1053 65 64
1147 2 2 1 2 65 1053 66
1148 2 2 1 2 66 1053 1054
1149 2 2 1 2 66 1054 1055
1150 2 2 1 2 1055 67 66
1151 2 2 1 2 67 1055 68
1152 2 2 1 2 68 1055 1056
1153 2 2 1 2 68 1056 1057
1154 2 2 1 2 1057 69 68
1155 2 2 1 2 69 1057 70
1156 2 2 1 2 70 1057 1058
1157 2 2 1 2 70 1058 1059
1158 2 2 1 2 1059 71 70
1159 2 2 1 2 71 1059 72
1160 2 2 1 2 72 1059 1060
1161 2 2 1 2 72 1060 1061
1162 2 2 1 2 1061 73 72
1163 2 2 1 2 73 1061 74
1164 2 2 1 2 74 1061 1062
1165 2 2 1 2 74 1062 1063
1166 2 2 1 2 1063 75 74
1167 2 2 1 2 75 1063 76
1168 2 2 1 2 76 1063 1064
1169 2 2 1 2 76 1064 807
1170 2 2 1 2 807 3 76
1171 2 2 1 2 800 801 1045
1172 2 2 1 2 1045 801 1065
1173 2 2 1 2 1045 1065 1066
1174 2 2 1 2 1066 1046 1045
1175 2 2 1 2 1046 1066 1047
1176 2 2 1 2 1047 1066 1067
1177 2 2 1 2 1047 1067 1068
1178 2 2 1 2 1068 1048 1047
1179 2 2 1 2 1048 1068 1049
1180 2 2 1 2 1049 1068 1069
1181 2 2 1 2 1049 1069 1070
1182 2 2 1 2 1070 1050 1049
1183 2 2 1 2 1050 1070 1051
1184 2 2 1 2 1051 1070 1071
1185 2 2 1 2 1051 1071 1072
1186 2 2 1 2 1072 1052 1051
1187 2 2 1 2 1052 1072 1053
1188 2 2 1 2 1053 1072 1073
1189 2 2 1 2 1053 1073 1074
1190 2 2 1 2 1074 1054 1053
1191 2 2 1 2 1054 1074 1055
1192 2 2 1 2 1055 1074 1075
1193 2 2 1 2 1055 1075 1076
1194 2 2 1 2 1076 1056 1055
1195 2 2 1 2 1056 1076 1057
1196 2 2 1 2 1057 1076 1077
1197 2 2 1 2 1057 1077 1078
1198 2 2 1 2 1078 1058 1057
1199 2 2 1 2 1058 1078 1059
1200 2 2 1 2 1059 1078 1079
1201 2 2 1 2 1059 1079 1080
1202 2 2 1 2 1080 1060 1059
1203 2 2 1 2 1060 1080 1061
1204 2 2 1 2 1061 1080 1081
1205 2 2 1 2 1061 1081 1082
1206 2 2 1 2 1082 1062 1061
1207 2 2 1 2 1062 1082 1063
1208 2 2 1 2 1063 1082 1083
1209 2 2 1 2 1063 1083 1084
1210 2 2 1 2 1084 1064 1063
1211 2 2 1 2 1064 1084 807
1212 2 2 1 2 807 1084 808
1213 2 2 1 2 801 802 1085
1214 2 2 1 2 1085 1065 801
1215 2 2 1 2 1065 1085 1066
1216 2 2 1 2 1066 1085 1086
1217 2 2 1 2 1066 1086 1087
1218 2 2 1 2 1087 1067 1066
1219 2 2 1 2 1067 1087 1068
1220 2 2 1 2 1068 1087 1088
1221 2 2 1 2 1068 1088 1089
1222 2 2 1 2 1089 1069 1068
1223 2 2 1 2 1069 1089 1070
1224 2 2 1 2 1070 1089 1090
1225 2 2 1 2 1070 1090 1091
1226 2 2 1 2 1091 1071 1070
1227 2 2 1 2 1071 1091 1072
1228 2 2 1 2 1072 1091 1092
1229 2 2 1 2 1072 1092 1093
1230 2 2 1 2 1093 1073 1072
1231 2 2 1 2 1073 1093 1074
1232 2 2 1 2 1074 1093 1094
1233 2 2 1 2 1074 1094 1095
1234 2 2 1 2 1095 1075 1074
1235 2 2 1 2 1075 1095 1076
1236 2 2 1 2 1076 1095 1096
1237 2 2 1 2 1076 1096 1097
1238 2 2 1 2 1097 1077 1076
1239 2 2 1 2 1077 1097 1078
1240 2 2 1 2 1078 1097 1098
1241 2 2 1 2 1078 1098 1099
1242 2 2 1 2 1099 1079 1078
1243 2 2 1 2 1079 1099 1080
1244 2 2 1 2 1080 1099 1100
1245 2 2 1 2 1080 1100 1101
1246 2 2 1 2 1101 1081 1080
1247 2 2 1 2 1081 1101 1082
1248 2 2 1 2 1082 1101 1102
1249 2 2 1 2 1082 1102 1103
1250 2 2 1 2 1103 1083 1082
1251 2 2 1 2 1083 1103 1084
1252 2 2 1 2 1084 1103 1104
1253 2 2 1 2 1084 1104 809
1254 2 2 1 2 809 808 1084
1255 2 2 1 2 802 803 1085
1256 2 2 1 2 1085 803 1105
1257 2 2 1 2 1085 1105 1106
1258 2 2 1 2 1106 1086 1085
1259 2 2 1 2 1086 1106 1087
1260 2 2 1 2 1087 1106 1107
1261 2 2 1 2 1087 1107 1108
1262 2 2 1 2 1108 1088 1087
1263 2 2 1 2 1088 1108 1089
1264 2 2 1 2 1089 1108 1109
1265 2 2 1 2 1089 1109 1110
1266 2 2 1 2 1110 1090 1089
1267 2 2 1 2 1090 1110 1091
1268 2 2 1 2 1091 1110 1111
1269 2 2 1 2 1091 1111 1112
1270 2 2 1 2 1112 1092 1091
1271 2 2 1 2 1092 1112 1093
1272 2 2 1 2 1093 1112 1113
1273 2 2 1 2 1093 1113 1114
1274 2 2 1 2 1114 1094 1093
1275 2 2 1 2 1094 1114 1095
1276 2 2 1 2 1095 1114 1115
1277 2 2 1 2 1095 1115 1116
1278 2 2 1 2 1116 1096 1095
1279 2 2 1 2 1096 1116 1097
1280 2 2 1 2 1097 1116 1117
1281 2 2 1 2 1097 1117 1118
1282 2 2 1 2 1118 1098 1097
1283 2 2 1 2 1098 1118 1099
1284 2 2 1 2 1099 1118 1119
1285 2 2 1 2 1099 1119 1120
1286 2 2 1 2 1120 1100 1099
1287 2 2 1 2 1100 1120 1101
1288 2 2 1 2 1101 1120 1121
1289 2 2 1 2 1101 1121 1122
1290 2 2 1 2 1122 1102 1101
1291 2 2 1 2 1102 1122 1103
1292 2 2 1 2 1103 1122 1123
1293 2 2 1 2 1103 1123 1124
1294 2 2 1 2 1124 1104 1103
1295 2 2 1 2 1104 1124 809
1296 2 2 1 2 809 1124 810
1297 2 2 1 2 803 804 1125
1298 2 2 1 2 1125 1105 803
1299 2 2 1 2 1105 1125 1106
1300 2 2 1 2 1106 1125 1126
1301 2 2 1 2 1106 1126 1127
1302 2 2 1 2 1127 1107 1106
1303 2 2 1 2 1107 1127 1108
1304 2 2 1 2 1108 1127 1128
1305 2 2 1 2 1108 1128 1129
1306 2 2 1 2 1129 1109 1108
1307 2 2 1 2 1109 1129 1110
1308 2 2 1 2 1110 1129 1130
1309 2 2 1 2 1110 1130 1131
1310 2 2 1 2 1131 1111 1110
1311 2 2 1 2 1111 1131 1112
1312 2 2 1 2 1112 1131 1132
1313 2 2 1 2 1112 1132 1133
1314 2 2 1 2 1133 1113 1112
1315 2 2 1 2 1113 1133 1114
1316 2 2 1 2 1114 1133 1134
1317 2 2 1 2 1114 1134 1135
1318 2 2 1 2 1135 1115 1114
1319 2 2 1 2 1115 1135 1116
1320 2 2 1 2 1116 1135 1136
1321 2 2 1 2 1116 1136 1137
1322 2 2 1 2 1137 1117 1116
1323 2 2 1 2 1117 1137 1118
1324 2 2 1 2 1118 1137 1138
1325 2 2 1 2 1118 1138 1139
1326 2 2 1 2 1139 1119 1118
1327 2 2 1 2 1119 1139 1120
1328 2 2 1 2 1120 1139 1140
1329 2 2 1 2 1120 1140 1141
1330 2 2 1 2 1141 1121 1120
1331 2 2 1 2 1121 1141 1122
1332 2 2 1 2 1122 1141 1142
1333 2 2 1 2 1122 1142 1143
1334 2 2 1 2 1143 1123 1122
1335 2 2 1 2 1123 1143 1124
1336 2 2 1 2 1124 1143 1144
1337 2 2 1 2 1124 1144 811
1338 2 2 1 2 811 810 1124
1339 2 2 1 2 804 805 1125
1340 2 2 1 2 1125 805 1145
1341 2 2 1 2 1125 1145 1146
1342 2 2 1 2 1146 1126 1125
1343 2 2 1 2 1126 1146 1127
1344 2 2 1 2 1127 1146 1147
1345 2 2 1 2 1127 1147 1148
1346 2 2 1 2 1148 1128 1127
1347 2 2 1 2 1128 1148 1129
1348 2 2 1 2 1129 1148 1149
1349 2 2 1 2 1129 1149 1150
1350 2 2 1 2 1150 1130 1129
1351 2 2 1 2 1130 1150 1131
1352 2 2 1 2 1131 1150 1151
1353 2 2 1 2 1131 1151 1152
1354 2 2 1 2 1152 1132 1131
1355 2 2 1 2 1132 1152 1133
1356 2 2 1 2 1133 1152 1153
1357 2 2 1 2 1133 1153 1154
1358 2 2 1 2 1154 1134 1133
1359 2 2 1 2 1134 1154 1135
1360 2 2 1 2 1135 1154 1155
1361 2 2 1 2 1135 1155 1156
1362 2 2 1 2 1156 1136 1135
1363 2 2 1 2 1136 1156 1137
1364 2 2 1 2 1137 1156 1157
1365 2 2 1 2 1137 1157 1158
1366 2 2 1 2 1158 1138 1137
1367 2 2 1 2 1138 1158 1139
1368 2 2 1 2 1139 1158 1159
1369 2 2 1 2 1139 1159 1160
1370 2 2 1 2 1160 1140 1139
1371 2 2 1 2 1140 1160 1141
1372 2 2 1 2 1141 1160 1161
1373 2 2 1 2 1141 1161 1162
1374 2 2 1 2 1162 1142 1141
1375 2 2 1 2 1142 1162 1143
1376 2 2 1 2 1143 1162 1163
1377 2 2 1 2 1143 1163 1164
1378 2 2 1 2 1164 1144 1143
1379 2 2 1 2 1144 1164 811
1380 2 2 1 2 811 1164 812
1381 2 2 1 2 805 806 1165
1382 2 2 1 2 1165 1145 805
1383 2 2 1 2 1145 1165 1146
1384 2 2 1 2 1146 1165 1166
1385 2 2 1 2 1146 1166 1167
1386 2 2 1 2 1167 1147 1146
1387 2 2 1 2 1147 1167 1148
1388 2 2 1 2 1148 1167 1168
1389 2 2 1 2 1148 1168 1169
1390 2 2 1 2 1169 1149 1148
1391 2 2 1 2 1149 1169 1150
1392 2 2 1 2 1150 1169 1170
1393 2 2 1 2 1150 1170 1171
1394 2 2 1 2 1171 1151 1150
1395 2 2 1 2 1151 1171 1152
1396 2 2 1 2 1152 1171 1172
1397 2 2 1 2 1152 1172 1173
1398 2 2 1 2 1173 1153 1152
1399 2 2 1 2 1153 1173 1154
1400 2 2 1 2 1154 1173 1174
1401 2 2 1 2 1154 1174 1175
1402 2 2 1 2 1175 1155 1154
1403 2 2 1 2 1155 1175 1156
1404 2 2 1 2 1156 1175 1176
1405 2 2 1 2 1156 1176 1177
1406 2 2 1 2 1177 1157 1156
1407 2 2 1 2 1157 1177 1158
1408 2 2 1 2 1158 1177 1178
1409 2 2 1 2 1158 1178 1179
1410 2 2 1 2 1179 1159 1158
1411 2 2 1 2 1159 1179 1160
1412 2 2 1 2 1160 1179 1180
1413 2 2 1 2 1160 1180 1181
1414 2 2 1 2 1181 1161 1160
1415 2 2 1 2 1161 1181 1162
1416 2 2 1 2 1162 1181 1182
1417 2 2 1 2 1162 1182 1183
1418 2 2 1 2 1183 1163 1162
1419 2 2 1 2 1163 1183 1164
1420 2 2 1 2 1164 1183 1184
1421 2 2 1 2 1164 1184 813
1422 2 2 1 2 813 812 1164
1423 2 2 1 2 806 18 1165
1424 2 2 1 2 1165 18 377
1425 2 2 1 2 1165 377 378
1426 2 2 1 2 378 1166 1165
1427 2 2 1 2 1166 378 1167
1428 2 2 1 2 1167 378 379
1429 2 2 1 2 1167 379 380
1430 2 2 1 2 380 1168 1167
1431 2 2 1 2 1168 380 1169
1432 2 2 1 2 1169 380 381
1433 2 2 1 2 1169 381 382
1434 2 2 1 2 382 1170 1169
1435 2 2 1 2 1170 382 1171
1436 2 2 1 2 1171 382 383
1437 2 2 1 2 1171 383 384
1438 2 2 1 2 384 1172 1171
1439 2 2 1 2 1172 384 1173
1440 2 2 1 2 1173 384 385
1441 2 2 1 2 1173 385 386
1442 2 2 1 2 386 1174 1173
1443 2 2 1 2 1174 386 1175
1444 2 2 1 2 1175 386 387
1445 2 2 1 2 1175 387 388
1446 2 2 1 2 388 1176 1175
1447 2 2 1 2 1176 388 1177
1448 2 2 1 2 1177 388 389
1449 2 2 1 2 1177 389 390
1450 2 2 1 2 390 1178 1177
1451 2 2 1 2 1178 390 1179
1452 2 2 1 2 1179 390 391
1453 2 2 1 2 1179 391 392
1454 2 2 1 2 392 1180 1179
1455 2 2 1 2 1180 392 1181
1456 2 2 1 2 1181 392 393
1457 2 2 1 2 1181 393 394
1458 2 2 1 2 394 1182 1181
1459 2 2 1 2 1182 394 1183
1460 2 2 1 2 1183 394 395
1461 2 2 1 2 1183 395 396
1462 2 2 1 2 396 1184 1183
1463 2 2 1 2 1184 396 813
1464 2 2 1 2 813 396 19
1465 2 2 1 3 3 807 1185
1466 2 2 1 3 1185 77 3
1467 2 2 1 3 77 1185 78
1468 2 2 1 3 78 1185 1186
1469 2 2 1 3 78 1186 1187
1470 2 2 1 3 1187 79 78
1471 2 2 1 3 79 1187 80
1472 2 2 1 3 80 1187 1188
1473 2 2 1 3 80 1188 1189
1474 2 2 1 3 1189 81 80
1475 2 2 1 3 81 1189 82
1476 2 2 1 3 82 1189 1190
1477 2 2 1 3 82 1190 1191
1478 2 2 1 3 1191 83 82
1479 2 2 1 3 83 1191 84
1480 2 2 1 3 84 1191 1192
1481 2 2 1 3 84 1192 1193
1482 2 2 1 3 1193 85 84
1483 2 2 1 3 85 1193 86
1484 2 2 1 3 86 1193 1194
1485 2 2 1 3 86 1194 1195
1486 2 2 1 3 1195 87 86
1487 2 2 1 3 87 1195 88
1488 2 2 1 3 88 1195 1196
1489 2 2 1 3 88 1196 1197
1490 2 2 1 3 1197 89 88
1491 2 2 1 3 89 1197 90
1492 2 2 1 3 90 1197 1198
1493 2 2 1 3 90 1198 1199
1494 2 2 1 3 1199 91 90
1495 2 2 1 3 91 1199 92
1496 2 2 1 3 92 1199 1200
1497 2 2 1 3 92 1200 1201
1498 2 2 1 3 1201 93 92
1499 2 2 1 3 93 1201 94
1500 2 2 1 3 94 1201 1202
1501 2 2 1 3 94 1202 1203
1502 2 2 1 3 1203 95 94
1503 2 2 1 3 95 1203 96
1504 2 2 1 3 96 1203 1204
1505 2 2 1 3 96 1204 814
1506 2 2 1 3 814 4 96
1507 2 2 1 3 807 808 1185
1508 2 2 1 3 1185 808 1205
1509 2 2 1 3 1185 1205 1206
1510 2 2 1 3 1206 1186 1185
1511 2 2 1 3 1186 1206 1187
1512 2 2 1 3 1187 1206 1207
1513 2 2 1 3 1187 1207 1208
1514 2 2 1 3 1208 1188 1187
1515 2 2 1 3 1188 1208 1189
1516 2 2 1 3 1189 1208 1209
1517 2 2 1 3 1189 1209 1210
1518 2 2 1 3 1210 1190 1189
1519 2 2 1 3 1190 1210 1191
1520 2 2 1 3 1191 1210 1211
1521 2 2 1 3 1191 1211 1212
1522 2 2 1 3 1212 1192 1191
1523 2 2 1 3 1192 1212 1193
1524 2 2 1 3 1193 1212 1213
1525 2 2 1 3 1193 1213 1214
1526 2 2 1 3 1214 1194 1193
1527 2 2 1 3 1194 1214 1195
1528 2 2 1 3 1195 1214 1215
1529 2 2 1 3 1195 1215 1216
1530 2 2 1 3 1216 1196 1195
1531 2 2 1 3 1196 1216 1197
1532 2 2 1 3 1197 1216 1217
1533 2 2 1 3 1197 1217 1218
1534 2 2 1 3 1218 1198 1197
1535 2 2 1 3 1198 1218 1199
1536 2 2 1 3 1199 1218 1219
1537 2 2 1 3 1199 1219 1220
1538 2 2 1 3 1220 1200 1199
1539 2 2 1 3 1200 1220 1201
1540 2 2 1 3 1201 1220 1221
1541 2 2 1 3 1201 1221 1222
1542 2 2 1 3 1222 1202 1201
1543 2 2 1 3 1202 1222 1203
1544 2 2 1 3 1203 1222 1223
1545 2 2 1 3 1203 1223 1224
1546 2 2 1 3 1224 1204 1203
1547 2 2 1 3 1204 1224 814
1548 2 2 1 3 814 1224 815
1549 2 2 1 3 808 809 1225
1550 2 2 1 3 1225 1205 808
1551 2 2 1 3 1205 1225 1206
1552 2 2 1 3 1206 1225 1226
1553 2 2 1 3 1206 1226 1227
1554 2 2 1 3 1227 1207 1206
1555 2 2 1 3 1207 1227 1208
1556 2 2 1 3 1208 1227 1228
1557 2 2 1 3 1208 1228 1229
1558 2 2 1 3 1229 1209 1208
1559 2 2 1 3 1209 1229 1210
1560 2 2 1 3 1210 1229 1230
1561 2 2 1 3 1210 1230 1231
1562 2 2 1 3 1231 1211 1210
1563 2 2 1 3 1211 1231 1212
1564 2 2 1 3 1212 1231 1232
1565 2 2 1 3 1212 1232 1233
1566 2 2 1 3 1233 1213 1212
1567 2 2 1 3 1213 1233 1214
1568 2 2 1 3 1214 1233 1234
1569 2 2 1 3 1214 1234 1235
1570 2 2 1 3 1235 1215 1214
1571 2 2 1 3 1215 1235 1216
1572 2 2 1 3 1216 1235 1236
1573 2 2 1 3 1216 1236 1237
1574 2 2 1 3 1237 1217 1216
1575 2 2 1 3 1217 1237 1218
1576 2 2 1 3 1218 1237 1238
1577 2 2 1 3 1218 1238 1239
1578 2 2 1 3 1239 1219 1218
1579 2 2 1 3 1219 1239 1220
1580 2 2 1 3 1220 1239 1240
1581 2 2 1 3 1220 1240 1241
1582 2 2 1 3 1241 1221 1220
1583 2 2 1 3 1221 1241 1222
1584 2 2 1 3 1222 1241 1242
1585 2 2 1 3 1222 1242 1243
1586 2 2 1 3 1243 1223 1222
1587 2 2 1 3 1223 1243 1224
1588 2 2 1 3 1224 1243 1244
1589 2 2 1 3 1224 1244 816
1590 2 2 1 3 816 815 1224
1591 2 2 1 3 809 810 1225
1592 2 2 1 3 1225 810 1245
1593 2 2 1 3 1225 1245 1246
1594 2 2 1 3 1246 1226 1225
1595 2 2 1 3 1226 1246 1227
1596 2 2 1 3 1227 1246 1247
1597 2 2 1 3 1227 1247 1248
1598 2 2 1 3 1248 1228 1227
1599 2 2 1 3 1228 1248 1229
1600 2 2 1 3 1229 1248 1249
1601 2 2 1 3 1229 1249 1250
1602 2 2 1 3 1250 1230 1229
1603 2 2 1 3 1230 1250 1231
1604 2 2 1 3 1231 1250 1251
1605 2 2 1 3 1231 1251 1252
1606 2 2 1 3 1252 1232 1231
1607 2 2 1 3 1232 1252 1233
1608 2 2 1 3 1233 1252 1253
1609 2 2 1 3 1233 1253 1254
1610 2 2 1 3 1254 1234 1233
1611 2 2 1 3 1234 1254 1235
1612 2 2 1 3 1235 1254 1255
1613 2 2 1 3 1235 1255 1256
1614 2 2 1 3 1256 1236 1235
1615 2 2 1 3 1236 1256 1237
1616 2 2 1 3 1237 1256 1257
1617 2 2 1 3 1237 1257 1258
1618 2 2 1 3 1258 1238 1237
1619 2 2 1 3 1238 1258 1239
1620 2 2 1 3 1239 1258 1259
1621 2 2 1 3 1239 1259 1260
1622 2 2 1 3 1260 1240 1239
1623 2 2 1 3 1240 1260 1241
1624 2 2 1 3 1241 1260 1261
1625 2 2 1 3 1241 1261 1262
1626 2 2 1 3 1262 1242 1241
1627 2 2 1 3 1242 1262 1243
1628 2 2 1 3 1243 1262 1263
1629 2 2 1 3 1243 1263 1264
1630 2 2 1 3 1264 1244 1243
1631 2 2 1 3 1244 1264 816
1632 2 2 1 3 816 1264 817
1633 2 2 1 3 810 811 1265
1634 2 2 1 3 1265 1245 810
1635 2 2 1 3 1245 1265 1246
1636 2 2 1 3 1246 1265 1266
1637 2 2 1 3 1246 1266 1267
1638 2 2 1 3 1267 1247 1246
1639 2 2 1 3 1247 1267 1248
1640 2 2 1 3 1248 1267 1268
1641 2 2 1 3 1248 1268 1269
1642 2 2 1 3 1269 1249 1248
1643 2 2 1 3 1249 1269 1250
1644 2 2 1 3 1250 1269 1270
1645 2 2 1 3 1250 1270 1271
1646 2 2 1 3 1271 1251 1250
1647 2 2 1 3 1251 1271 1252
1648 2 2 1 3 1252 1271 1272
1649 2 2 1 3 1252 1272 1273
1650 2 2 1 3 1273 1253 1252
1651 2 2 1 3 1253 1273 1254
1652 2 2 1 3 1254 1273 1274
1653 2 2 1 3 1254 1274 1275
1654 2 2 1 3 1275 1255 1254
1655 2 2 1 3 1255 1275 1256
1656 2 2 1 3 1256 1275 1276
1657 2 2 1 3 1256 1276 1277
1658 2 2 1 3 1277 1257 1256
1659 2 2 1 3 1257 1277 1258
1660 2 2 1 3 1258 1277 1278
1661 2 2 1 3 1258 1278 1279
1662 2 2 1 3 1279 1259 1258
1663 2 2 1 3 1259 1279 1260
1664 2 2 1 3 1260 1279 1280
1665 2 2 1 3 1260 1280 1281
1666 2 2 1 3 1281 1261 1260
1667 2 2 1 3 1261 1281 1262
1668 2 2 1 3 1262 1281 1282
1669 2 2 1 3 1262 1282 1283
1670 2 2 1 3 1283 1263 1262
1671 2 2 1 3 1263 1283 1264
1672 2 2 1 3 1264 1283 1284
1673 2 2 1 3 1264 1284 818
1674 2 2 1 3 818 817 1264
1675 2 2 1 3 811 812 1265
1676 2 2 1 3 1265 812 1285
1677 2 2 1 3 1265 1285 1286
1678 2 2 1 3 1286 1266 1265
1679 2 2 1 3 1266 1286 1267
1680 2 2 1 3 1267 1286 1287
1681 2 2 1 3 1267 1287 1288
1682 2 2 1 3 1288 1268 1267
1683 2 2 1 3 1268 1288 1269
1684 2 2 1 3 1269 1288 1289
1685 2 2 1 3 1269 1289 1290
1686 2 2 1 3 1290 1270 1269
1687 2 2 1 3 1270 1290 1271
1688 2 2 1 3 1271 1290 1291
1689 2 2 1 3 1271 1291 1292
1690 2 2 1 3 1292 1272 1271
1691 2 2 1 3 1272 1292 1273
1692 2 2 1 3 1273 1292 1293
1693 2 2 1 3 1273 1293 1294
1694 2 2 1 3 1294 1274 1273
1695 2 2 1 3 1274 1294 1275
1696 2 2 1 3 1275 1294 1295
1697 2 2 1 3 1275 1295 1296
1698 2 2 1 3 1296 1276 1275
1699 2 2 1 3 1276 1296 1277
1700 2 2 1 3 1277 1296 1297
1701 2 2 1 3 1277 1297 1298
1702 2 2 1 3 1298 1278 1277
1703 2 2 1 3 1278 1298 1279
1704 2 2 1 3 1279 1298 1299
1705 2 2 1 3 1279 1299 1300
1706 2 2 1 3 1300 1280 1279
1707 2 2 1 3 1280 1300 1281
1708 2 2 1 3 1281 1300 1301
1709 2 2 1 3 1281 1301 1302
1710 2 2 1 3 1302 1282 1281
1711 2 2 1 3 1282 1302 1283
1712 2 2 1 3 1283 1302 1303
1713 2 2 1 3 1283 1303 1304
1714 2 2 1 3 1304 1284 1283
1715 2 2 1 3 1284 1304 818
1716 2 2 1 3 818 1304 819
1717 2 2 1 3 812 813 1305
1718 2 2 1 3 1305 1285 812
1719 2 2 1 3 1285 1305 1286
1720 2 2 1 3 1286 1305 1306
1721 2 2 1 3 1286 1306 1307
1722 2 2 1 3 1307 1287 1286
1723 2 2 1 3 1287 1307 1288
1724 2 2 1 3 1288 1307 1308
1725 2 2 1 3 1288 1308 1309
1726 2 2 1 3 1309 1289 1288
1727 2 2 1 3 1289 1309 1290
1728 2 2 1 3 1290 1309 1310
1729 2 2 1 3 1290 1310 1311
1730 2 2 1 3 1311 1291 1290
1731 2 2 1 3 1291 1311 1292
1732 2 2 1 3 1292 1311 1312
1733 2 2 1 3 1292 1312 1313
1734 2 2 1 3 1313 1293 1292
1735 2 2 1 3 1293 1313 1294
1736 2 2 1 3 1294 1313 1314
1737 2 2 1 3 1294 1314 1315
1738 2 2 1 3 1315 1295 1294
1739 2 2 1 3 1295 1315 1296
1740 2 2 1 3 1296 1315 1316
1741 2 2 1 3 1296 1316 1317
1742 2 2 1 3 1317 1297 1296
1743 2 2 1 3 1297 1317 1298
1744 2 2 1 3 1298 1317 1318
1745 2 2 1 3 1298 1318 1319
1746 2 2 1 3 1319 1299 1298
1747 2 2 1 3 1299 1319 1300
1748 2 2 1 3 1300 1319 1320
1749 2 2 1 3 1300 1320 1321
1750 2 2 1 3 1321 1301 1300
1751 2 2 1 3 1301 1321 1302
1752 2 2 1 3 1302 1321 1322
1753 2 2 1 3 1302 1322 1323
1754 2 2 1 3 1323 1303 1302
1755 2 2 1 3 1303 1323 1304
1756 2 2 1 3 1304 1323 1324
1757 2 2 1 3 1304 1324 820
1758 2 2 1 3 820 819 1304
1759 2 2 1 3 813 19 1305
1760 2 2 1 3 1305 19 397
1761 2 2 1 3 1305 397 398
1762 2 2 1 3 398 1306 1305
1763 2 2 1 3 1306 398 1307
1764 2 2 1 3 1307 398 399
1765 2 2 1 3 1307 399 400
1766 2 2 1 3 400 1308 1307
1767 2 2 1 3 1308 400 1309
1768 2 2 1 3 1309 400 401
1769 2 2 1 3 1309 401 402
1770 2 2 1 3 402 1310 1309
1771 2 2 1 3 1310 402 1311
1772 2 2 1 3 1311 402 403
1773 2 2 1 3 1311 403 404
1774 2 2 1 3 404 1312 1311
1775 2 2 1 3 1312 404 1313
1776 2 2 1 3 1313 404 405
1777 2 2 1 3 1313 405 406
1778 2 2 1 3 406 1314 1313
1779 2 2 1 3 1314 406 1315
1780 2 2 1 3 1315 406 407
1781 2 2 1 3 1315 407 408
1782 2 2 1 3 408 1316 1315
1783 2 2 1 3 1316 408 1317
1784 2 2 1 3 1317 408 409
1785 2 2 1 3 1317 409 410
1786 2 2 1 3 410 1318 1317
1787 2 2 1 3 1318 410 1319
1788 2 2 1 3 1319 410 411
1789 2 2 1 3 1319 411 412
1790 2 2 1 3 412 1320 1319
1791 2 2 1 3 1320 412 1321
1792 2 2 1 3 1321 412 413
1793 2 2 1 3 1321 413 414
1794 2 2 1 3 414 1322 1321
1795 2 2 1 3 1322 414 1323
1796 2 2 1 3 1323 414 415
1797 2 2 1 3 1323 415 416
1798 2 2 1 3 416 1324 1323
1799 2 2 1 3 1324 416 820
1800 2 2 1 3 820 416 20
1801 2 2 1 4 4 814 1325
1802 2 2 1 4 1325 97 4
1803 2 2 1 4 97 1325 98
1804 2 2 1 4 98 1325 1326
1805 2 2 1 4 98 1326 1327
1806 2 2 1 4 1327 99 98
1807 2 2 1 4 99 1327 100
1808 2 2 1 4 100 1327 1328
1809 2 2 1 4 100 1328 1329
1810 2 2 1 4 1329 101 100
1811 2 2 1 4 101 1329 102
1812 2 2 1 4 102 1329 1330
1813 2 2 1 4 102 1330 1331
1814 2 2 1 4 1331 103 102
1815 2 2 1 4 103 1331 104
1816 2 2 1 4 104 1331 1332
1817 2 2 1 4 104 1332 1333
1818 2 2 1 4 1333 105 104
1819 2 2 1 4 105 1333 106
1820 2 2 1 4 106 1333 1334
1821 2 2 1 4 106 1334 1335
1822 2 2 1 4 1335 107 106
1823 2 2 1 4 107 1335 108
1824 2 2 1 4 108 1335 1336
1825 2 2 1 4 108 1336 1337
1826 2 2 1 4 1337 109 108
1827 2 2 1 4 109 1337 110
1828 2 2 1 4 110 1337 1338
1829 2 2 1 4 110 1338 1339
1830 2 2 1 4 1339 111 110
1831 2 2 1 4 111 1339 112
1832 2 2 1 4 112 1339 1340
1833 2 2 1 4 112 1340 1341
1834 2 2 1 4 1341 113 112
1835 2 2 1 4 113 1341 114
1836 2 2 1 4 114 1341 1342
1837 2 2 1 4 114 1342 1343
1838 2 2 1 4 1343 115 114
1839 2 2 1 4 115 1343 116
1840 2 2 1 4 116 1343 1344
1841 2 2 1 4 116 1344 821
1842 2 2 1 4 821 5 116
1843 2 2 1 4 814 815 1325
1844 2 2 1 4 1325 815 1345
1845 2 2 1 4 1325 1345 1346
1846 2 2 1 4 1346 1326 1325
1847 2 2 1 4 1326 1346 1327
1848 2 2 1 4 1327 1346 1347
1849 2 2 1 4 1327 1347 1348
1850 2 2 1 4 1348 1328 1327
1851 2 2 1 4 1328 1348 1329
1852 2 2 1 4 1329 1348 1349
1853 2 2 1 4 1329 1349 1350
1854 2 2 1 4 1350 1330 1329
1855 2 2 1 4 1330 1350 1331
1856 2 2 1 4 1331 1350 1351
1857 2 2 1 4 1331 1351 1352
1858 2 2 1 4 1352 1332 1331
1859 2 2 1 4 1332 1352 1333
1860 2 2 1 4 1333 1352 1353
1861 2 2 1 4 1333 1353 1354
1862 2 2 1 4 1354 1334 1333
1863 2 2 1 4 1334 1354 1335
1864 2 2 1 4 1335 1354 1355
1865 2 2 1 4 1335 1355 1356
1866 2 2 1 4 1356 1336 1335
1867 2 2 1 4 1336 1356 1337
1868 2 2 1 4 1337 1356 1357
1869 2 2 1 4 1337 1357 1358
1870 2 2 1 4 1358 1338 1337
1871 2 2 1 4 1338 1358 1339
1872 2 2 1 4 1339 1358 1359
1873 2 2 1 4 1339 1359 1360
1874 2 2 1 4 1360 1340 1339
1875 2 2 1 4 1340 1360 1341
1876 2 2 1 4 1341 1360 1361
1877 2 2 1 4 1341 1361 1362
1878 2 2 1 4 1362 1342 1341
1879 2 2 1 4 1342 1362 1343
1880 2 2 1 4 1343 1362 1363
1881 2 2 1 4 1343 1363 1364
1882 2 2 1 4 1364 1344 1343
1883 2 2 1 4 1344 1364 821
1884 2 2 1 4 821 1364 822
1885 2 2 1 4 815 816 1365
1886 2 2 1 4 1365 1345 815
1887 2 2 1 4 1345 1365 1346
1888 2 2 1 4 1346 1365 1366
1889 2 2 1 4 1346 1366 1367
1890 2 2 1 4 1367 1347 1346
1891 2 2 1 4 1347 1367 1348
1892 2 2 1 4 1348 1367 1368
1893 2 2 1 4 1348 1368 1369
1894 2 2 1 4 1369 1349 1348
1895 2 2 1 4 1349 1369 1350
1896 2 2 1 4 1350 1369 1370
1897 2 2 1 4 1350 1370 1371
1898 2 2 1 4 1371 1351 1350
1899 2 2 1 4 1351 1371 1352
1900 2 2 1 4 1352 1371 1372
1901 2 2 1 4 1352 1372 1373
1902 2 2 1 4 1373 1353 1352
1903 2 2 1 4 1353 1373 1354
1904 2 2 1 4 1354 1373 1374
1905 2 2 1 4 1354 1374 1375
1906 2 2 1 4 1375 1355 1354
1907 2 2 1 4 1355 1375 1356
1908 2 2 1 4 1356 1375 1376
1909 2 2 1 4 1356 1376 1377
1910 2 2 1 4 1377 1357 1356
1911 2 2 1 4 1357 1377 1358
1912 2 2 1 4 1358 1377 1378
1913 2 2 1 4 1358 1378 1379
1914 2 2 1 4 1379 1359 1358
1915 2 2 1 4 1359 1379 1360
1916 2 2 1 4 1360 1379 1380
1917 2 2 1 4 1360 1380 1381
1918 2 2 1 4 1381 1361 1360
1919 2 2 1 4 1361 1381 1362
1920 2 2 1 4 1362 1381 1382
1921 2 2 1 4 1362 1382 1383
1922 2 2 1 4 1383 1363 1362
1923 2 2 1 4 1363 1383 1364
1924 2 2 1 4 1364 1383 1384
1925 2 2 1 4 1364 1384 823
1926 2 2 1 4 823 822 1364
1927 2 2 1 4 816 817 1365
1928 2 2 1 4 1365 817 1385
1929 2 2 1 4 1365 1385 1386
1930 2 2 1 4 1386 1366 1365
1931 2 2 1 4 1366 1386 1367
1932 2 2 1 4 1367 1386 1387
1933 2 2 1 4 1367 1387 1388
1934 2 2 1 4 1388 1368 1367
1935 2 2 1 4 1368 1388 1369
1936 2 2 1 4 1369 1388 1389
1937 2 2 1 4 1369 1389 1390
1938 2 2 1 4 1390 1370 1369
1939 2 2 1 4 1370 1390 1371
1940 2 2 1 4 1371 1390 1391
1941 2 2 1 4 1371 1391 1392
1942 2 2 1 4 1392 1372 1371
1943 2 2 1 4 1372 1392 1373
1944 2 2 1 4 1373 1392 1393
1945 2 2 1 4 1373 1393 1394
1946 2 2 1 4 1394 1374 1373
1947 2 2 1 4 1374 1394 1375
1948 2 2 1 4 1375 1394 1395
1949 2 2 1 4 1375 1395 1396
1950 2 2 1 4 1396 1376 1375
1951 2 2 1 4 1376 1396 1377
1952 2 2 1 4 1377 1396 1397
1953 2 2 1 4 1377 1397 1398
1954 2 2 1 4 1398 1378 1377
1955 2 2 1 4 1378 1398 1379
1956 2 2 1 4 1379 1398 1399
1957 2 2 1 4 1379 1399 1400
1958 2 2 1 4 1400 1380 1379
1959 2 2 1 4 1380 1400 1381
1960 2 2 1 4 1381 1400 1401
1961 2 2 1 4 1381 1401 1402
1962 2 2 1 4 1402 1382 1381
1963 2 2 1 4 1382 1402 1383
1964 2 2 1 4 1383 1402 1403
1965 2 2 1 4 1383 1403 1404
1966 2 2 1 4 1404 1384 1383
1967 2 2 1 4 1384 1404 823
1968 2 2 1 4 823 1404 824
1969 2 2 1 4 817 818 1405
1970 2 2 1 4 1405 1385 817
1971 2 2 1 4 1385 1405 1386
1972 2 2 1 4 1386 1405 1406
1973 2 2 1 4 1386 1406 1407
1974 2 2 1 4 1407 1387 1386
1975 2 2 1 4 1387 1407 1388
1976 2 2 1 4 1388 1407 1408
1977 2 2 1 4 1388 1408 1409
1978 2 2 1 4 1409 1389 1388
1979 2 2 1 4 1389 1409 1390
1980 2 2 1 4 1390 1409 1410
1981 2 2 1 4 1390 1410 1411
1982 2 2 1 4 1411 1391 1390
1983 2 2 1 4 1391 1411 1392
1984 2 2 1 4 1392 1411 1412
1985 2 2 1 4 1392 1412 1413
1986 2 2 1 4 1413 1393 1392
1987 2 2 1 4 1393 1413 1394
1988 2 2 1 4 1394 1413 1414
1989 2 2 1 4 1394 1414 1415
1990 2 2 1 4 1415 1395 1394
1991 2 2 1 4 1395 1415 1396
1992 2 2 1 4 1396 1415 1416
1993 2 2 1 4 1396 1416 1417
1994 2 2 1 4 1417 1397 1396
1995 2 2 1 4 1397 1417 1398
1996 2 2 1 4 1398 1417 1418
1997 2 2 1 4 1398 1418 1419
1998 2 2 1 4 1419 1399 1398
1999 2 2 1 4 1399 1419 1400
2000 2 2 1 4 1400 1419 1420
2001 2 2 1 4 1400 1420 1421
2002 2 2 1 4 1421 1401 1400
2003 2 2 1 4 1401 1421 1402
2004 2 2 1 4 1402 1421 1422
2005 2 2 1 4 1402 1422 1423
2006 2 2 1 4 1423 1403 1402
2007 2 2 1 4 1403 1423 1404
2008 2 2 1 4 1404 1423 1424
2009 2 2 1 4 1404 1424 825
2010 2 2 1 4 825 824 1404
2011 2 2 1 4 818 819 1405
2012 2 2 1 4 1405 819 1425
2013 2 2 1 4 1405 1425 1426
2014 2 2 1 4 1426 1406 1405
2015 2 2 1 4 1406 1426 1407
2016 2 2 1 4 1407 1426 1427
2017 2 2 1 4 1407 1427 1428
2018 2 2 1 4 1428 1408 1407
2019 2 2 1 4 1408 1428 1409
2020 2 2 1 4 1409 1428 1429
2021 2 2 1 4 1409 1429 1430
2022 2 2 1 4 1430 1410 1409
2023 2 2 1 4 1410 1430 1411
2024 2 2 1 4 1411 1430 1431
2025 2 2 1 4 1411 1431 1432
2026 2 2 1 4 1432 1412 1411
2027 2 2 1 4 1412 1432 1413
2028 2 2 1 4 1413 1432 1433
2029 2 2 1 4 1413 1433 1434
2030 2 2 1 4 1434 1414 1413
2031 2 2 1 4 1414 1434 1415
2032 2 2 1 4 1415 1434 1435
2033 2 2 1 4 1415 1435 1436
2034 2 2 1 4 1436 1416 1415
2035 2 2 1 4 1416 1436 1417
2036 2 2 1 4 1417 1436 1437
2037 2 2 1 4 1417 1437 1438
2038 2 2 1 4 1438 1418 1417
2039 2 2 1 4 1418 1438 1419
2040 2 2 1 4 1419 1438 1439
2041 2 2 1 4 1419 1439 1440
2042 2 2 1 4 1440 1420 1419
2043 2 2 1 4 1420 1440 1421
2044 2 2 1 4 1421 1440 1441
2045 2 2 1 4 1421 1441 1442
2046 2 2 1 4 1442 1422 1421
2047 2 2 1 4 1422 1442 1423
2048 2 2 1 4 1423 1442 1443
2049 2 2 1 4 1423 1443 1444
2050 2 2 1 4 1444 1424 1423
2051 2 2 1 4 1424 1444 825
2052 2 2 1 4 825 1444 826
2053 2 2 1 4 819 820 1445
2054 2 2 1 4 1445 1425 819
2055 2 2 1 4 1425 1445 1426
2056 2 2 1 4 1426 1445 1446
2057 2 2 1 4 1426 1446 1447
2058 2 2 1 4 1447 1427 1426
2059 2 2 1 4 1427 1447 1428
2060 2 2 1 4 1428 1447 1448
2061 2 2 1 4 1428 1448 1449
2062 2 2 1 4 1449 1429 1428
2063 2 2 1 4 1429 1449 1430
2064 2 2 1 4 1430 1449 1450
2065 2 2 1 4 1430 1450 1451
2066 2 2 1 4 1451 1431 1430
2067 2 2 1 4 1431 1451 1432
2068 2 2 1 4 1432 1451 1452
2069 2 2 1 4 1432 1452 1453
2070 2 2 1 4 1453 1433 1432
2071 2 2 1 4 1433 1453 1434
2072 2 2 1 4 1434 1453 1454
2073 2 2 1 4 1434 1454 1455
2074 2 2 1 4 1455 1435 1434
2075 2 2 1 4 1435 1455 1436
2076 2 2 1 4 1436 1455 1456
2077 2 2 1 4 1436 1456 1457
2078 2 2 1 4 1457 1437 1436
2079 2 2 1 4 1437 1457 1438
2080 2 2 1 4 1438 1457 1458
2081 2 2 1 4 1438 1458 1459
2082 2 2 1 4 1459 1439 1438
2083 2 2 1 4 1439 1459 1440
2084 2 2 1 4 1440 1459 1460
2085 2 2 1 4 1440 1460 1461
2086 2 2 1 4 1461 1441 1440
2087 2 2 1 4 1441 1461 1442
2088 2 2 1 4 1442 1461 1462
2089 2 2 1 4 1442 1462 1463
2090 2 2 1 4 1463 1443 1442
2091 2 2 1 4 1443 1463 1444
2092 2 2 1 4 1444 1463 1464
2093 2 2 1 4 1444 1464 827
2094 2 2 1 4 827 826 1444
2095 2 2 1 4 820 20 1445
2096 2 2 1 4 1445 20 417
2097 2 2 1 4 1445 417 418
2098 2 2 1 4 418 1446 1445
2099 2 2 1 4 1446 418 1447
2100 2 2 1 4 1447 418 419
2101 2 2 1 4 1447 419 420
2102 2 2 1 4 420 1448 1447
2103 2 2 1 4 1448 420 1449
2104 2 2 1 4 1449 420 421
2105 2 2 1 4 1449 421 422
2106 2 2 1 4 422 1450 1449
2107 2 2 1 4 1450 422 1451
2108 2 2 1 4 1451 422 423
2109 2 2 1 4 1451 423 424
2110 2 2 1 4 424 1452 1451
2111 2 2 1 4 1452 424 1453
2112 2 2 1 4 1453 424 425
2113 2 2 1 4 1453 425 426
2114 2 2 1 4 426 1454 1453
2115 2 2 1 4 1454 426 1455
2116 2 2 1 4 1455 426 427
2117 2 2 1 4 1455 427 428
2118 2 2 1 4 428 1456 1455
2119 2 2 1 4 1456 428 1457
2120 2 2 1 4 1457 428 429
2121 2 2 1 4 1457 429 430
2122 2 2 1 4 430 1458 1457
2123 2 2 1 4 1458 430 1459
2124 2 2 1 4 1459 430 431
2125 2 2 1 4 1459 431 432
2126 2 2 1 4 432 1460 1459
2127 2 2 1 4 1460 432 1461
2128 2 2 1 4 1461 432 433
2129 2 2 1 4 1461 433 434
2130 2 2 1 4 434 1462 1461
2131 2 2 1 4 1462 434 1463
2132 2 2 1 4 1463 434 435
2133 2 2 1 4 1463 435 436
2134 2 2 1 4 436 1464 1463
2135 2 2 1 4 1464 436 827
2136 2 2 1 4 827 436 21
2137 2 2 1 5 5 821 1465
2138 2 2 1 5 1465 117 5
2139 2 2 1 5 117 1465 118
2140 2 2 1 5 118 1465 1466
2141 2 2 1 5 118 1466 1467
2142 2 2 1 5 1467 119 118
2143 2 2 1 5 119 1467 120
2144 2 2 1 5 120 1467 1468
2145 2 2 1 5 120 1468 1469
2146 2 2 1 5 1469 121 120
2147 2 2 1 5 121 1469 122
2148 2 2 1 5 122 1469 1470
2149 2 2 1 5 122 1470 1471
2150 2 2 1 5 1471 123 122
2151 2 2 1 5 123 1471 124
2152 2 2 1 5 124 1471 1472
2153 2 2 1 5 124 1472 1473
2154 2 2 1 5 1473 125 124
2155 2 2 1 5 125 1473 126
2156 2 2 1 5 126 1473 1474
2157 2 2 1 5 126 1474 1475
2158 2 2 1 5 1475 127 126
2159 2 2 1 5 127 1475 128
2160 2 2 1 5 128 1475 1476
2161 2 2 1 5 128 1476 1477
2162 2 2 1 5 1477 129 128
2163 2 2 1 5 129 1477 130
2164 2 2 1 5 130 1477 1478
2165 2 2 1 5 130 1478 1479
2166 2 2 1 5 1479 131 130
2167 2 2 1 5 131 1479 132
2168 2 2 1 5 132 1479 1480
2169 2 2 1 5 132 1480 1481
2170 2 2 1 5 1481 133 132
2171 2 2 1 5 133 1481 134
2172 2 2 1 5 134 1481 1482
2173 2 2 1 5 134 1482 1483
2174 2 2 1 5 1483 135 134
2175 2 2 1 5 135 1483 136
2176 2 2 1 5 136 1483 1484
2177 2 2 1 5 136 1484 828
2178 2 2 1 5 828 6 136
2179 2 2 1 5 821 822 1465
2180 2 2 1 5 1465 822 1485
2181 2 2 1 5 1465 1485 1486
2182 2 2 1 5 1486 1466 1465
2183 2 2 1 5 1466 1486 1467
2184 2 2 1 5 1467 1486 1487
2185 2 2 1 5 1467 1487 1488
2186 2 2 1 5 1488 1468 1467
2187 2 2 1 5 1468 1488 1469
2188 2 2 1 5 1469 1488 1489
2189 2 2 1 5 1469 1489 1490
2190 2 2 1 5 1490 1470 1469
2191 2 2 1 5 1470 1490 1471
2192 2 2 1 5 1471 1490 1491
2193 2 2 1 5 1471 1491 1492
2194 2 2 1 5 1492 1472 1471
2195 2 2 1 5 1472 1492 1473
2196 2 2 1 5 1473 1492 1493
2197 2 2 1 5 1473 1493 1494
2198 2 2 1 5 1494 1474 1473
2199 2 2 1 5 1474 1494 1475
2200 2 2 1 5 1475 1494 1495
2201 2 2 1 5 1475 1495 1496
2202 2 2 1 5 1496 1476 1475
2203 2 2 1 5 1476 1496 1477
2204 2 2 1 5 1477 1496 1497
2205 2 2 1 5 1477 1497 1498
2206 2 2 1 5 1498 1478 1477
2207 2 2 1 5 1478 1498 1479
2208 2 2 1 5 1479 1498 1499
2209 2 2 1 5 1479 1499 1500
2210 2 2 1 5 1500 1480 1479
2211 2 2 1 5 1480 1500 1481
2212 2 2 1 5 1481 1500 1501
2213 2 2 1 5 1481 1501 1502
2214 2 2 1 5 1502 1482 1481
2215 2 2 1 5 1482 1502 1483
2216 2 2 1 5 1483 1502 1503
2217 2 2 1 5 1483 1503 1504
2218 2 2 1 5 1504 1484 1483
2219 2 2 1 5 1484 1504 828
2220 2 2 1 5 828 1504 829
2221 2 2 1 5 822 823 1505
2222 2 2 1 5 1505 1485 822
2223 2 2 1 5 1485 1505 1486
2224 2 2 1 5 1486 1505 1506
2225 2 2 1 5 1486 1506 1507
2226 2 2 1 5 1507 1487 1486
2227 2 2 1 5 1487 1507 1488
2228 2 2 1 5 1488 1507 1508
2229 2 2 1 5 1488 1508 1509
2230 2 2 1 5 1509 1489 1488
2231 2 2 1 5 1489 1509 1490
2232 2 2 1 5 1490 1509 1510
2233 2 2 1 5 1490 1510 1511
2234 2 2 1 5 1511 1491 1490
2235 2 2 1 5 1491 1511 1492
2236 2 2 1 5 1492 1511 1512
2237 2 2 1 5 1492 1512 1513
2238 2 2 1 5 1513 1493 1492
2239 2 2 1 5 1493 1513 1494
2240 2 2 1 5 1494 1513 1514
2241 2 2 1 5 1494 1514 1515
2242 2 2 1 5 1515 1495 1494
2243 2 2 1 5 1495 1515 1496
2244 2 2 1 5 1496 1515 1516
2245 2 2 1 5 1496 1516 1517
2246 2 2 1 5 1517 1497 1496
2247 2 2 1 5 1497 1517 1498
2248 2 2 1 5 1498 1517 1518
2249 2 2 1 5 1498 1518 1519
2250 2 2 1 5 1519 1499 1498
2251 2 2 1 5 1499 1519 1500
2252 2 2 1 5 1500 1519 1520
2253 2 2 1 5 1500 1520 1521
2254 2 2 1 5 1521 1501 1500
2255 2 2 1 5 1501 1521 1502
2256 2 2 1 5 1502 1521 1522
2257 2 2 1 5 1502 1522 1523
2258 2 2 1 5 1523 1503 1502
2259 2 2 1 5 1503 1523 1504
2260 2 2 1 5 1504 1523 1524
2261 2 2 1 5 1504 1524 830
2262 2 2 1 5 830 829 1504
2263 2 2 1 5 823 824 1505
2264 2 2 1 5 1505 824 1525
2265 2 2 1 5 1505 1525 1526
2266 2 2 1 5 1526 1506 1505
2267 2 2 1 5 1506 1526 1507
2268 2 2 1 5 1507 1526 1527
2269 2 2 1 5 1507 1527 1528
2270 2 2 1 5 1528 1508 1507
2271 2 2 1 5 1508 1528 1509
2272 2 2 1 5 1509 1528 1529
2273 2 2 1 5 1509 1529 1530
2274 2 2 1 5 1530 1510 1509
2275 2 2 1 5 1510 1530 1511
2276 2 2 1 5 1511 1530 1531
2277 2 2 1 5 1511 1531 1532
2278 2 2 1 5 1532 1512 1511
2279 2 2 1 5 1512 1532 1513
2280 2 2 1 5 1513 1532 1533
2281 2 2 1 5 1513 1533 1534
2282 2 2 1 5 1534 1514 1513
2283 2 2 1 5 1514 1534 1515
2284 2 2 1 5 1515 1534 1535
2285 2 2 1 5 1515 1535 1536
2286 2 2 1 5 1536 1516 1515
2287 2 2 1 5 1516 1536 1517
2288 2 2 1 5 1517 1536 1537
2289 2 2 1 5 1517 1537 1538
2290 2 2 1 5 1538 1518 1517
2291 2 2 1 5 1518 1538 1519
2292 2 2 1 5 1519 1538 1539
2293 2 2 1 5 1519 1539 1540
2294 2 2 1 5 1540 1520 1519
2295 2 2 1 5 1520 1540 1521
2296 2 2 1 5 1521 1540 1541
2297 2 2 1 5 1521 1541 1542
2298 2 2 1 5 1542 1522 1521
2299 2 2 1 5 1522 1542 1523
2300 2 2 1 5 1523 1542 1543
2301 2 2 1 5 1523 1543 1544
2302 2 2 1 5 1544 1524 1523
2303 2 2 1 5 1524 1544 830
2304 2 2 1 5 830 1544 831
2305 2 2 1 5 824 825 1545
2306 2 2 1 5 1545 1525 824
2307 2 2 1 5 1525 1545 1526
2308 2 2 1 5 1526 1545 1546
2309 2 2 1 5 1526 1546 1547
2310 2 2 1 5 1547 1527 1526
2311 2 2 1 5 1527 1547 1528
2312 2 2 1 5 1528 1547 1548
2313 2 2 1 5 1528 1548 1549
2314 2 2 1 5 1549 1529 1528
2315 2 2 1 5 1529 1549 1530
2316 2 2 1 5 1530 1549 1550
2317 2 2 1 5 1530 1550 1551
2318 2 2 1 5 1551 1531 1530
2319 2 2 1 5 1531 1551 1532
2320 2 2 1 5 1532 1551 1552
2321 2 2 1 5 1532 1552 1553
2322 2 2 1 5 1553 1533 1532
2323 2 2 1 5 1533 1553 1534
2324 2 2 1 5 1534 1553 1554
2325 2 2 1 5 1534 1554 1555
2326 2 2 1 5 1555 1535 1534
2327 2 2 1 5 1535 1555 1536
2328 2 2 1 5 1536 1555 1556
2329 2 2 1 5 1536 1556 1557
2330 2 2 1 5 1557 1537 1536
2331 2 2 1 5 1537 1557 1538
2332 2 2 1 5 1538 1557 1558
2333 2 2 1 5 1538 1558 1559
2334 2 2 1 5 1559 1539 1538
2335 2 2 1 5 1539 1559 1540
2336 2 2 1 5 1540 1559 1560
2337 2 2 1 5 1540 1560 1561
2338 2 2 1 5 1561 1541 1540
2339 2 2 1 5 1541 1561 1542
2340 2 2 1 5 1542 1561 1562
2341 2 2 1 5 1542 1562 1563
2342 2 2 1 5 1563 1543 1542
2343 2 2 1 5 1543 1563 1544
2344 2 2 1 5 1544 1563 1564
2345 2 2 1 5 1544 1564 832
2346 2 2 1 5 832 831 1544
2347 2 2 1 5 825 826 1545
2348 2 2 1 5 1545 826 1565
2349 2 2 1 5 1545 1565 1566
2350 2 2 1 5 1566 1546 1545
2351 2 2 1 5 1546 1566 1547
2352 2 2 1 5 1547 1566 1567
2353 2 2 1 5 1547 1567 1568
2354 2 2 1 5 1568 1548 1547
2355 2 2 1 5 1548 1568 1549
2356 2 2 1 5 1549 1568 1569
2357 2 2 1 5 1549 1569 1570
2358 2 2 1 5 1570 1550 1549
2359 2 2 1 5 1550 1570 1551
2360 2 2 1 5 1551 1570 1571
2361 2 2 1 5 1551 1571 1572
2362 2 2 1 5 1572 1552 1551
2363 2 2 1 5 1552 1572 1553
2364 2 2 1 5 1553 1572 1573
2365 2 2 1 5 1553 1573 1574
2366 2 2 1 5 1574 1554 1553
2367 2 2 1 5 1554 1574 1555
2368 2 2 1 5 1555 1574 1575
2369 2 2 1 5 1555 1575 1576
2370 2 2 1 5 1576 1556 1555
2371 2 2 1 5 1556 1576 1557
2372 2 2 1 5 1557 1576 1577
2373 2 2 1 5 1557 1577 1578
2374 2 2 1 5 1578 1558 1557
2375 2 2 1 5 1558 1578 1559
2376 2 2 1 5 1559 1578 1579
2377 2 2 1 5 1559 1579 1580
2378 2 2 1 5 1580 1560 1559
2379 2 2 1 5 1560 1580 1561
2380 2 2 1 5 1561 1580 1581
2381 2 2 1 5 1561 1581 1582
2382 2 2 1 5 1582 1562 1561
2383 2 2 1 5 1562 1582 1563
2384 2 2 1 5 1563 1582 1583
2385 2 2 1 5 1563 1583 1584
2386 2 2 1 5 1584 1564 1563
2387 2 2 1 5 1564 1584 832
2388 2 2 1 5 832 1584 833
2389 2 2 1 5 826 827 1585
2390 2 2 1 5 1585 1565 826
2391 2 2 1 5 1565 1585 1566
2392 2 2 1 5 1566 1585 1586
2393 2 2 1 5 1566 1586 1587
2394 2 2 1 5 1587 1567 1566
2395 2 2 1 5 1567 1587 1568
2396 2 2 1 5 1568 1587 1588
2397 2 2 1 5 1568 1588 1589
2398 2 2 1 5 1589 1569 1568
2399 2 2 1 5 1569 1589 1570
2400 2 2 1 5 1570 1589 1590
2401 2 2 1 5 1570 1590 1591
2402 2 2 1 5 1591 1571 1570
2403 2 2 1 5 1571 1591 1572
2404 2 2 1 5 1572 1591 1592
2405 2 2 1 5 1572 1592 1593
2406 2 2 1 5 1593 1573 1572
2407 2 2 1 5 1573 1593 1574
2408 2 2 1 5 1574 1593 1594
2409 2 2 1 5 1574 1594 1595
2410 2 2 1 5 1595 1575 1574
2411 2 2 1 5 1575 1595 1576
2412 2 2 1 5 1576 1595 1596
2413 2 2 1 5 1576 1596 1597
2414 2 2 1 5 1597 1577 1576
2415 2 2 1 5 1577 1597 1578
2416 2 2 1 5 1578 1597 1598
2417 2 2 1 5 1578 1598 1599
2418 2 2 1 5 1599 1579 1578
2419 2 2 1 5 1579 1599 1580
2420 2 2 1 5 1580 1599 1600
2421 2 2 1 5 1580 1600 1601
2422 2 2 1 5 1601 1581 1580
2423 2 2 1 5 1581 1601 1582
2424 2 2 1 5 1582 1601 1602
2425 2 2 1 5 1582 1602 1603
2426 2 2 1 5 1603 1583 1582
2427 2 2 1 5 1583 1603 1584
2428 2 2 1 5 1584 1603 1604
2429 2 2 1 5 1584 1604 834
2430 2 2 1 5 834 833 1584
2431 2 2 1 5 827 21 1585
2432 2 2 1 5 1585 21 437
2433 2 2 1 5 1585 437 438
2434 2 2 1 5 438 1586 1585
2435 2 2 1 5 1586 438 1587
2436 2 2 1 5 1587 438 439
2437 2 2 1 5 1587 439 440
2438 2 2 1 5 440 1588 1587
2439 2 2 1 5 1588 440 1589
2440 2 2 1 5 1589 440 441
2441 2 2 1 5 1589 441 442
2442 2 2 1 5 442 1590 1589
2443 2 2 1 5 1590 442 1591
2444 2 2 1 5 1591 442 443
2445 2 2 1 5 1591 443 444
2446 2 2 1 5 444 1592 1591
2447 2 2 1 5 1592 444 1593
2448 2 2 1 5 1593 444 445
2449 2 2 1 5 1593 445 446
2450 2 2 1 5 446 1594 1593
2451 2 2 1 5 1594 446 1595
2452 2 2 1 5 1595 446 447
2453 2 2 1 5 1595 447 448
2454 2 2 1 5 448 1596 1595
2455 2 2 1 5 1596 448 1597
2456 2 2 1 5 1597 448 449
2457 2 2 1 5 1597 449 450
2458 2 2 1 5 450 1598 1597
2459 2 2 1 5 1598 450 1599
2460 2 2 1 5 1599 450 451
2461 2 2 1 5 1599 451 452
2462 2 2 1 5 452 1600 1599
2463 2 2 1 5 1600 452 1601
2464 2 2 1 5 1601 452 453
2465 2 2 1 5 1601 453 454
2466 2 2 1 5 454 1602 1601
2467 2 2 1 5 1602 454 1603
2468 2 2 1 5 1603 454 455
2469 2 2 1 5 1603 455 456
2470 2 2 1 5 456 1604 1603
2471 2 2 1 5 1604 456 834
2472 2 2 1 5 834 456 22
2473 2 2 1 6 6 828 1605
2474 2 2 1 6 1605 137 6
2475 2 2 1 6 137 1605 138
2476 2 2 1 6 138 1605 1606
2477 2 2 1 6 138 1606 1607
2478 2 2 1 6 1607 139 138
2479 2 2 1 6 139 1607 140
2480 2 2 1 6 140 1607 1608
2481 2 2 1 6 140 1608 1609
2482 2 2 1 6 1609 141 140
2483 2 2 1 6 141 1609 142
2484 2 2 1 6 142 1609 1610
2485 2 2 1 6 142 1610 1611
2486 2 2 1 6 1611 143 142
2487 2 2 1 6 143 1611 144
2488 2 2 1 6 144 1611 1612
2489 2 2 1 6 144 1612 1613
2490 2 2 1 6 1613 145 144
2491 2 2 1 6 145 1613 146
2492 2 2 1 6 146 1613 1614
2493 2 2 1 6 146 1614 1615
2494 2 2 1 6 1615 147 146
2495 2 2 1 6 147 1615 148
2496 2 2 1 6 148 1615 1616
2497 2 2 1 6 148 1616 1617
2498 2 2 1 6 1617 149 148
2499 2 2 1 6 149 1617 150
2500 2 2 1 6 150 1617 1618
2501 2 2 1 6 150 1618 1619
2502 2 2 1 6 1619 151 150
2503 2 2 1 6 151 1619 152
2504 2 2 1 6 152 1619 1620
2505 2 2 1 6 152 1620 1621
2506 2 2 1 6 1621 153 152
2507 2 2 1 6 153 1621 154
2508 2 2 1 6 154 1621 1622
2509 2 2 1 6 154 1622 1623
2510 2 2 1 6 1623 155 154
2511 2 2 1 6 155 1623 156
2512 2 2 1 6 156 1623 1624
2513 2 2 1 6 156 1624 835
2514 2 2 1 6 835 7 156
2515 2 2 1 6 828 829 1605
2516 2 2 1 6 1605 829 1625
2517 2 2 1 6 1605 1625 1626
2518 2 2 1 6 1626 1606 1605
2519 2 2 1 6 1606 1626 1607
2520 2 2 1 6 1607 1626 1627
2521 2 2 1 6 1607 1627 1628
2522 2 2 1 6 1628 1608 1607
2523 2 2 1 6 1608 1628 1609
2524 2 2 1 6 1609 1628 1629
2525 2 2 1 6 1609 1629 1630
2526 2 2 1 6 1630 1610 1609
2527 2 2 1 6 1610 1630 1611
2528 2 2 1 6 1611 1630 1631
2529 2 2 1 6 1611 1631 1632
2530 2 2 1 6 1632 1612 1611
2531 2 2 1 6 1612 1632 1613
2532 2 2 1 6 1613 1632 1633
2533 2 2 1 6 1613 1633 1634
2534 2 2 1 6 1634 1614 1613
2535 2 2 1 6 1614 1634 1615
2536 2 2 1 6 1615 1634 1635
2537 2 2 1 6 1615 1635 1636
2538 2 2 1 6 1636 1616 1615
2539 2 2 1 6 1616 1636 1617
2540 2 2 1 6 1617 1636 1637
2541 2 2 1 6 1617 1637 1638
2542 2 2 1 6 1638 1618 1617
2543 2 2 1 6 1618 1638 1619
2544 2 2 1 6 1619 1638 1639
2545 2 2 1 6 1619 1639 1640
2546 2 2 1 6 1640 1620 1619
2547 2 2 1 6 1620 1640 1621
2548 2 2 1 6 1621 1640 1641
2549 2 2 1 6 1621 1641 1642
2550 2 2 1 6 1642 1622 1621
2551 2 2 1 6 1622 1642 1623
2552 2 2 1 6 1623 1642 1643
2553 2 2 1 6 1623 1643 1644
2554 2 2 1 6 1644 1624 1623
2555 2 2 1 6 1624 1644 835
2556 2 2 1 6 835 1644 836
2557 2 2 1 6 829 830 1645
2558 2 2 1 6 1645 1625 829
2559 2 2 1 6 1625 1645 1626
2560 2 2 1 6 1626 1645 1646
2561 2 2 1 6 1626 1646 1647
2562 2 2 1 6 1647 1627 1626
2563 2 2 1 6 1627 1647 1628
2564 2 2 1 6 1628 1647 1648
2565 2 2 1 6 1628 1648 1649
2566 2 2 1 6 1649 1629 1628
2567 2 2 1 6 1629 1649 1630
2568 2 2 1 6 1630 1649 1650
2569 2 2 1 6 1630 1650 1651
2570 2 2 1 6 1651 1631 1630
2571 2 2 1 6 1631 1651 1632
2572 2 2 1 6 1632 1651 1652
2573 2 2 1 6 1632 1652 1653
2574 2 2 1 6 1653 1633 1632
2575 2 2 1 6 1633 1653 1634
2576 2 2 1 6 1634 1653 1654
2577 2 2 1 6 1634 1654 1655
2578 2 2 1 6 1655 1635 1634
2579 2 2 1 6 1635 1655 1636
2580 2 2 1 6 1636 1655 1656
2581 2 2 1 6 1636 1656 1657
2582 2 2 1 6 1657 1637 1636
2583 2 2 1 6 1637 1657 1638
2584 2 2 1 6 1638 1657 1658
2585 2 2 1 6 1638 1658 1659
2586 2 2 1 6 1659 1639 1638
2587 2 2 1 6 1639 1659 1640
2588 2 2 1 6 1640 1659 1660
2589 2 2 1 6 1640 1660 1661
2590 2 2 1 6 1661 1641 1640
2591 2 2 1 6 1641 1661 1642
2592 2 2 1 6 1642 1661 1662
2593 2 2 1 6 1642 1662 1663
2594 2 2 1 6 1663 1643 1642
2595 2 2 1 6 1643 1663 1644
2596 2 2 1 6 1644 1663 1664
2597 2 2 1 6 1644 1664 837
2598 2 2 1 6 837 836 1644
2599 2 2 1 6 830 831 1645
2600 2 2 1 6 1645 831 1665
2601 2 2 1 6 1645 1665 1666
2602 2 2 1 6 1666 1646 1645
2603 2 2 1 6 1646 1666 1647
2604 2 2 1 6 1647 1666 1667
2605 2 2 1 6 1647 1667 1668
2606 2 2 1 6 1668 1648 1647
2607 2 2 1 6 1648 1668 1649
2608 2 2 1 6 1649 1668 1669
2609 2 2 1 6 1649 1669 1670
2610 2 2 1 6 1670 1650 1649
2611 2 2 1 6 1650 1670 1651
2612 2 2 1 6 1651 1670 1671
2613 2 2 1 6 1651 1671 1672
2614 2 2 1 6 1672 1652 1651
2615 2 2 1 6 1652 1672 1653
2616 2 2 1 6 1653 1672 1673
2617 2 2 1 6 1653 1673 1674
2618 2 2 1 6 1674 1654 1653
2619 2 2 1 6 1654 1674 1655
2620 2 2 1 6 1655 1674 1675
2621 2 2 1 6 1655 1675 1676
2622 2 2 1 6 1676 1656 1655
2623 2 2 1 6 1656 1676 1657
2624 2 2 1 6 1657 1676 1677
2625 2 2 1 6 1657 1677 1678
2626 2 2 1 6 1678 1658 1657
2627 2 2 1 6 1658 1678 1659
2628 2 2 1 6 1659 1678 1679
2629 2 2 1 6 1659 1679 1680
2630 2 2 1 6 1680 1660 1659
2631 2 2 1 6 1660 1680 1661
2632 2 2 1 6 1661 1680 1681
2633 2 2 1 6 1661 1681 1682
2634 2 2 1 6 1682 1662 1661
2635 2 2 1 6 1662 1682 1663
2636 2 2 1 6 1663 1682 1683
2637 2 2 1 6 1663 1683 1684
2638 2 2 1 6 1684 1664 1663
2639 2 2 1 6 1664 1684 837
2640 2 2 1 6 837 1684 838
2641 2 2 1 6 831 832 1685
2642 2 2 1 6 1685 1665 831
2643 2 2 1 6 1665 1685 1666
2644 2 2 1 6 1666 1685 1686
2645 2 2 1 6 1666 1686 1687
2646 2 2 1 6 1687 1667 1666
2647 2 2 1 6 1667 1687 1668
2648 2 2 1 6 1668 1687 1688
2649 2 2 1 6 1668 1688 1689
2650 2 2 1 6 1689 1669 1668
2651 2 2 1 6 1669 1689 1670
2652 2 2 1 6 1670 1689 1690
2653 2 2 1 6 1670 1690 1691
2654 2 2 1 6 1691 1671 1670
2655 2 2 1 6 1671 1691 1672
2656 2 2 1 6 1672 1691 1692
2657 2 2 1 6 1672 1692 1693
2658 2 2 1 6 1693 1673 1672
2659 2 2 1 6 1673 1693 1674
2660 2 2 1 6 1674 1693 1694
2661 2 2 1 6 1674 1694 1695
2662 2 2 1 6 1695 1675 1674
2663 2 2 1 6 1675 1695 1676
2664 2 2 1 6 1676 1695 1696
2665 2 2 1 6 1676 1696 1697
2666 2 2 1 6 1697 1677 1676
2667 2 2 1 6 1677 1697 1678
2668 2 2 1 6 1678 1697 1698
2669 2 2 1 6 1678 1698 1699
2670 2 2 1 6 1699 1679 1678
2671 2 2 1 6 1679 1699 1680
2672 2 2 1 6 1680 1699 1700
2673 2 2 1 6 1680 1700 1701
2674 2 2 1 6 1701 1681 1680
2675 2 2 1 6 1681 1701 1682
2676 2 2 1 6 1682 1701 1702
2677 2 2 1 6 1682 1702 1703
2678 2 2 1 6 1703 1683 1682
2679 2 2 1 6 1683 1703 1684
2680 2 2 1 6 1684 1703 1704
2681 2 2 1 6 1684 1704 839
2682 2 2 1 6 839 838 1684
2683 2 2 1 6 832 833 1685
2684 2 2 1 6 1685 833 1705
2685 2 2 1 6 1685 1705 1706
2686 2 2 1 6 1706 1686 1685
2687 2 2 1 6 1686 1706 1687
2688 2 2 1 6 1687 1706 1707
2689 2 2 1 6 1687 1707 1708
2690 2 2 1 6 1708 1688 1687
2691 2 2 1 6 1688 1708 1689
2692 2 2 1 6 1689 1708 1709
2693 2 2 1 6 1689 1709 1710
2694 2 2 1 6 1710 1690 1689
2695 2 2 1 6 1690 1710 1691
2696 2 2 1 6 1691 1710 1711
2697 2 2 1 6 1691 1711 1712
2698 2 2 1 6 1712 1692 1691
2699 2 2 1 6 1692 1712 1693
2700 2 2 1 6 1693 1712 1713
2701 2 2 1 6 1693 1713 1714
2702 2 2 1 6 1714 1694 1693
2703 2 2 1 6 1694 1714 1695
2704 2 2 1 6 1695 1714 1715
2705 2 2 1 6 1695 1715 1716
2706 2 2 1 6 1716 1696 1695
2707 2 2 1 6 1696 1716 1697
2708 2 2 1 6 1697 1716 1717
2709 2 2 1 6 1697 1717 1718
2710 2 2 1 6 1718 1698 1697
2711 2 2 1 6 1698 1718 1699
2712 2 2 1 6 1699 1718 1719
2713 2 2 1 6 1699 1719 1720
2714 2 2 1 6 1720 1700 1699
2715 2 2 1 6 1700 1720 1701
2716 2 2 1 6 1701 1720 1721
2717 2 2 1 6 1701 1721 1722
2718 2 2 1 6 1722 1702 1701
2719 2 2 1 6 1702 1722 1703
2720 2 2 1 6 1703 1722 1723
2721 2 2 1 6 1703 1723 1724
2722 2 2 1 6 1724 1704 1703
2723 2 2 1 6 1704 1724 839
2724 2 2 1 6 839 1724 840
2725 2 2 1 6 833 834 1725
2726 2 2 1 6 1725 1705 833
2727 2 2 1 6 1705 1725 1706
2728 2 2 1 6 1706 1725 1726
2729 2 2 1 6 1706 1726 1727
2730 2 2 1 6 1727 1707 1706
2731 2 2 1 6 1707 1727 1708
2732 2 2 1 6 1708 1727 1728
2733 2 2 1 6 1708 1728 1729
2734 2 2 1 6 1729 1709 1708
2735 2 2 1 6 1709 1729 1710
2736 2 2 1 6 1710 1729 1730
2737 2 2 1 6 1710 1730 1731
2738 2 2 1 6 1731 1711 1710
2739 2 2 1 6 1711 1731 1712
2740 2 2 1 6 1712 1731 1732
2741 2 2 1 6 1712 1732 1733
2742 2 2 1 6 1733 1713 1712
2743 2 2 1 6 1713 1733 1714
2744 2 2 1 6 1714 1733 1734
2745 2 2 1 6 1714 1734 1735
2746 2 2 1 6 1735 1715 1714
2747 2 2 1 6 1715 1735 1716
2748 2 2 1 6 1716 1735 1736
2749 2 2 1 6 1716 1736 1737
2750 2 2 1 6 1737 1717 1716
2751 2 2 1 6 1717 1737 1718
2752 2 2 1 6 1718 1737 1738
2753 2 2 1 6 1718 1738 1739
2754 2 2 1 6 1739 1719 1718
2755 2 2 1 6 1719 1739 1720
2756 2 2 1 6 1720 1739 1740
2757 2 2 1 6 1720 1740 1741
2758 2 2 1 6 1741 1721 1720
2759 2 2 1 6 1721 1741 1722
2760 2 2 1 6 1722 1741 1742
2761 2 2 1 6 1722 1742 1743
2762 2 2 1 6 1743 1723 1722
2763 2 2 1 6 1723 1743 1724
2764 2 2 1 6 1724 1743 1744
2765 2 2 1 6 1724 1744 841
2766 2 2 1 6 841 840 1724
2767 2 2 1 6 834 22 1725
2768 2 2 1 6 1725 22 457
2769 2 2 1 6 1725 457 458
2770 2 2 1 6 458 1726 1725
2771 2 2 1 6 1726 458 1727
2772 2 2 1 6 1727 458 459
2773 2 2 1 6 1727 459 460
2774 2 2 1 6 460 1728 1727
2775 2 2 1 6 1728 460 1729
2776 2 2 1 6 1729 460 461
2777 2 2 1 6 1729 461 462
2778 2 2 1 6 462 1730 1729
2779 2 2 1 6 1730 462 1731
2780 2 2 1 6 1731 462 463
2781 2 2 1 6 1731 463 464
2782 2 2 1 6 464 1732 1731
2783 2 2 1 6 1732 464 1733
2784 2 2 1 6 1733 464 465
2785 2 2 1 6 1733 465 466
2786 2 2 1 6 466 1734 1733
2787 2 2 1 6 1734 466 1735
2788 2 2 1 6 1735 466 467
2789 2 2 1 6 1735 467 468
2790 2 2 1 6 468 1736 1735
2791 2 2 1 6 1736 468 1737
2792 2 2 1 6 1737 468 469
2793 2 2 1 6 1737 469 470
2794 2 2 1 6 470 1738 1737
2795 2 2 1 6 1738 470 1739
2796 2 2 1 6 1739 470 471
2797 2 2 1 6 1739 471 472
2798 2 2 1 6 472 1740 1739
2799 2 2 1 6 1740 472 1741
2800 2 2 1 6 1741 472 473
2801 2 2 1 6 1741 473 474
2802 2 2 1 6 474 1742 1741
2803 2 2 1 6 1742 474 1743
2804 2 2 1 6 1743 474 475
2805 2 2 1 6 1743 475 476
2806 2 2 1 6 476 1744 1743
2807 2 2 1 6 1744 476 841
2808 2 2 1 6 841 476 23
2809 2 2 1 7 7 835 1745
2810 2 2 1 7 1745 157 7
2811 2 2 1 7 157 1745 158
2812 2 2 1 7 158 1745 1746
2813 2 2 1 7 158 1746 1747
2814 2 2 1 7 1747 159 158
2815 2 2 1 7 159 1747 160
2816 2 2 1 7 160 1747 1748
2817 2 2 1 7 160 1748 1749
2818 2 2 1 7 1749 161 160
2819 2 2 1 7 161 1749 162
2820 2 2 1 7 162 1749 1750
2821 2 2 1 7 162 1750 1751
2822 2 2 1 7 1751 163 162
2823 2 2 1 7 163 1751 164
2824 2 2 1 7 164 1751 1752
2825 2 2 1 7 164 1752 1753
2826 2 2 1 7 1753 165 164
2827 2 2 1 7 165 1753 166
2828 2 2 1 7 166 1753 1754
2829 2 2 1 7 166 1754 1755
2830 2 2 1 7 1755 167 166
2831 2 2 1 7 167 1755 168
2832 2 2 1 7 168 1755 1756
2833 2 2 1 7 168 1756 1757
2834 2 2 1 7 1757 169 168
2835 2 2 1 7 169 1757 170
2836 2 2 1 7 170 1757 1758
2837 2 2 1 7 170 1758 1759
2838 2 2 1 7 1759 171 170
2839 2 2 1 7 171 1759 172
2840 2 2 1 7 172 1759 1760
2841 2 2 1 7 172 1760 1761
2842 2 2 1 7 1761 173 172
2843 2 2 1 7 173 1761 174
2844 2 2 1 7 174 1761 1762
2845 2 2 1 7 174 1762 1763
2846 2 2 1 7 1763 175 174
2847 2 2 1 7 175 1763 176
2848 2 2 1 7 176 1763 1764
2849 2 2 1 7 176 1764 842
2850 2 2 1 7 842 8 176
2851 2 2 1 7 835 836 1745
2852 2 2 1 7 1745 836 1765
2853 2 2 1 7 1745 1765 1766
2854 2 2 1 7 1766 1746 1745
2855 2 2 1 7 1746 1766 1747
2856 2 2 1 7 1747 1766 1767
2857 2 2 1 7 1747 1767 1768
2858 2 2 1 7 1768 1748 1747
2859 2 2 1 7 1748 1768 1749
2860 2 2 1 7 1749 1768 1769
2861 2 2 1 7 1749 1769 1770
2862 2 2 1 7 1770 1750 1749
2863 2 2 1 7 1750 1770 1751
2864 2 2 1 7 1751 1770 1771
2865 2 2 1 7 1751 1771 1772
2866 2 2 1 7 1772 1752 1751
2867 2 2 1 7 1752 1772 1753
2868 2 2 1 7 1753 1772 1773
2869 2 2 1 7 1753 1773 1774
2870 2 2 1 7 1774 1754 1753
2871 2 2 1 7 1754 1774 1755
2872 2 2 1 7 1755 1774 1775
2873 2 2 1 7 1755 1775 1776
2874 2 2 1 7 1776 1756 1755
2875 2 2 1 7 1756 1776 1757
2876 2 2 1 7 1757 1776 1777
2877 2 2 1 7 1757 1777 1778
2878 2 2 1 7 1778 1758 1757
2879 2 2 1 7 1758 1778 1759
2880 2 2 1 7 1759 1778 1779
2881 2 2 1 7 1759 1779 1780
2882 2 2 1 7 1780 1760 1759
2883 2 2 1 7 1760 1780 1761
2884 2 2 1 7 1761 1780 1781
2885 2 2 1 7 1761 1781 1782
2886 2 2 1 7 1782 1762 1761
2887 2 2 1 7 1762 1782 1763
2888 2 2 1 7 1763 1782 1783
2889 2 2 1 7 1763 1783 1784
2890 2 2 1 7 1784 1764 1763
2891 2 2 1 7 1764 1784 842
2892 2 2 1 7 842 1784 843
2893 2 2 1 7 836 837 1785
2894 2 2 1 7 1785 1765 836
2895 2 2 1 7 1765 1785 1766
2896 2 2 1 7 1766 1785 1786
2897 2 2 1 7 1766 1786 1787
2898 2 2 1 7 1787 1767 1766
2899 2 2 1 7 1767 1787 1768
2900 2 2 1 7 1768 1787 1788
2901 2 2 1 7 1768 1788 1789
2902 2 2 1 7 1789 1769 1768
2903 2 2 1 7 1769 1789 1770
2904 2 2 1 7 1770 1789 1790
2905 2 2 1 7 1770 1790 1791
2906 2 2 1 7 1791 1771 1770
2907 2 2 1 7 1771 1791 1772
2908 2 2 1 7 1772 1791 1792
2909 2 2 1 7 1772 1792 1793
2910 2 2 1 7 1793 1773 1772
2911 2 2 1 7 1773 1793 1774
2912 2 2 1 7 1774 1793 1794
2913 2 2 1 7 1774 1794 1795
2914 2 2 1 7 1795 1775 1774
2915 2 2 1 7 1775 1795 1776
2916 2 2 1 7 1776 1795 1796
2917 2 2 1 7 1776 1796 1797
2918 2 2 1 7 1797 1777 1776
2919 2 2 1 7 1777 1797 1778
2920 2 2 1 7 1778 1797 1798
2921 2 2 1 7 1778 1798 1799
2922 2 2 1 7 1799 1779 1778
2923 2 2 1 7 1779 1799 1780
2924 2 2 1 7 1780 1799 1800
2925 2 2 1 7 1780 1800 1801
2926 2 2 1 7 1801 1781 1780
2927 2 2 1 7 1781 1801 1782
2928 2 2 1 7 1782 1801 1802
2929 2 2 1 7 1782 1802 1803
2930 2 2 1 7 1803 1783 1782
2931 2 2 1 7 1783 1803 1784
2932 2 2 1 7 1784 1803 1804
2933 2 2 1 7 1784 1804 844
2934 2 2 1 7 844 843 1784
2935 2 2 1 7 837 838 1785
2936 2 2 1 7 1785 838 1805
2937 2 2 1 7 1785 1805 1806
2938 2 2 1 7 1806 1786 1785
2939 2 2 1 7 1786 1806 1787
2940 2 2 1 7 1787 1806 1807
2941 2 2 1 7 1787 1807 1808
2942 2 2 1 7 1808 1788 1787
2943 2 2 1 7 1788 1808 1789
2944 2 2 1 7 1789 1808 1809
2945 2 2 1 7 1789 1809 1810
2946 2 2 1 7 1810 1790 1789
2947 2 2 1 7 1790 1810 1791
2948 2 2 1 7 1791 1810 1811
2949 2 2 1 7 1791 1811 1812
2950 2 2 1 7 1812 1792 1791
2951 2 2 1 7 1792 1812 1793
2952 2 2 1 7 1793 1812 1813
2953 2 2 1 7 1793 1813 1814
2954 2 2 1 7 1814 1794 1793
2955 2 2 1 7 1794 1814 1795
2956 2 2 1 7 1795 1814 1815
2957 2 2 1 7 1795 1815 1816
2958 2 2 1 7 1816 1796 1795
2959 2 2 1 7 1796 1816 1797
2960 2 2 1 7 1797 1816 1817
2961 2 2 1 7 1797 1817 1818
2962 2 2 1 7 1818 1798 1797
2963 2 2 1 7 1798 1818 1799
2964 2 2 1 7 1799 1818 1819
2965 2 2 1 7 1799 1819 1820
2966 2 2 1 7 1820 1800 1799
2967 2 2 1 7 1800 1820 1801
2968 2 2 1 7 1801 1820 1821
2969 2 2 1 7 1801 1821 1822
2970 2 2 1 7 1822 1802 1801
2971 2 2 1 7 1802 1822 1803
2972 2 2 1 7 1803 1822 1823
2973 2 2 1 7 1803 1823 1824
2974 2 2 1 7 1824 1804 1803
2975 2 2 1 7 1804 1824 844
2976 2 2 1 7 844 1824 845
2977 2 2 1 7 838 839 1825
2978 2 2 1 7 1825 1805 838
2979 2 2 1 7 1805 1825 1806
2980 2 2 1 7 1806 1825 1826
2981 2 2 1 7 1806 1826 1827
2982 2 2 1 7 1827 1807 1806
2983 2 2 1 7 1807 1827 1808
2984 2 2 1 7 1808 1827 1828
2985 2 2 1 7 1808 1828 1829
2986 2 2 1 7 1829 1809 1808
2987 2 2 1 7 1809 1829 1810
2988 2 2 1 7 1810 1829 1830
2989 2 2 1 7 1810 1830 1831
2990 2 2 1 7 1831 1811 1810
2991 2 2 1 7 1811 1831 1812
2992 2 2 1 7 1812 1831 1832
2993 2 2 1 7 1812 1832 1833
2994 2 2 1 7 1833 1813 1812
2995 2 2 1 7 1813 1833 1814
2996 2 2 1 7 1814 1833 1834
2997 2 2 1 7 1814 1834 1835
2998 2 2 1 7 1835 1815 1814
2999 2 2 1 7 1815 1835 1816
3000 2 2 1 7 1816 1835 1836
3001 2 2 1 7 1816 1836 1837
3002 2 2 1 7 1837 1817 1816
3003 2 2 1 7 1817 1837 1818
3004 2 2 1 7 1818 1837 1838
3005 2 2 1 7 1818 1838 1839
3006 2 2 1 7 1839 1819 1818
3007 2 2 1 7 1819 1839 1820
3008 2 2 1 7 1820 1839 1840
3009 2 2 1 7 1820 1840 1841
3010 2 2 1 7 1841 1821 1820
3011 2 2 1 7 1821 1841 1822
3012 2 2 1 7 1822 1841 1842
3013 2 2 1 7 1822 1842 1843
3014 2 2 1 7 1843 1823 1822
3015 2 2 1 7 1823 1843 1824
3016 2 2 1 7 1824 1843 1844
3017 2 2 1 7 1824 1844 846
3018 2 2 1 7 846 845 1824
3019 2 2 1 7 839 840 1825
3020 2 2 1 7 1825 840 1845
3021 2 2 1 7 1825 1845 1846
3022 2 2 1 7 1846 1826 1825
3023 2 2 1 7 1826 1846 1827
3024 2 2 1 7 1827 1846 1847
3025 2 2 1 7 1827 1847 1848
3026 2 2 1 7 1848 1828 1827
3027 2 2 1 7 1828 1848 1829
3028 2 2 1 7 1829 1848 1849
3029 2 2 1 7 1829 1849 1850
3030 2 2 1 7 1850 1830 1829
3031 2 2 1 7 1830 1850 1831
3032 2 2 1 7 1831 1850 1851
3033 2 2 1 7 1831 1851 1852
3034 2 2 1 7 1852 1832 1831
3035 2 2 1 7 1832 1852 1833
3036 2 2 1 7 1833 1852 1853
3037 2 2 1 7 1833 1853 1854
3038 2 2 1 7 1854 1834 1833
3039 2 2 1 7 1834 1854 1835
3040 2 2 1 7 1835 1854 1855
3041 2 2 1 7 1835 1855 1856
3042 2 2 1 7 1856 1836 1835
3043 2 2 1 7 1836 1856 1837
3044 2 2 1 7 1837 1856 1857
3045 2 2 1 7 1837 1857 1858
3046 2 2 1 7 1858 1838 1837
3047 2 2 1 7 1838 1858 1839
3048 2 2 1 7 1839 1858 1859
3049 2 2 1 7 1839 1859 1860
3050 2 2 1 7 1860 1840 1839
3051 2 2 1 7 1840 1860 1841
3052 2 2 1 7 1841 1860 1861
3053 2 2 1 7 1841 1861 1862
3054 2 2 1 7 1862 1842 1841
3055 2 2 1 7 1842 1862 1843
3056 2 2 1 7 1843 1862 1863
3057 2 2 1 7 1843 1863 1864
3058 2 2 1 7 1864 1844 1843
3059 2 2 1 7 1844 1864 846
3060 2 2 1 7 846 1864 847
3061 2 2 1 7 840 841 1865
3062 2 2 1 7 1865 1845 840
3063 2 2 1 7 1845 1865 1846
3064 2 2 1 7 1846 1865 1866
3065 2 2 1 7 1846 1866 1867
3066 2 2 1 7 1867 1847 1846
3067 2 2 1 7 1847 1867 1848
3068 2 2 1 7 1848 1867 1868
3069 2 2 1 7 1848 1868 1869
3070 2 2 1 7 1869 1849 1848
3071 2 2 1 7 1849 1869 1850
3072 2 2 1 7 1850 1869 1870
3073 2 2 1 7 1850 1870 1871
3074 2 2 1 7 1871 1851 1850
3075 2 2 1 7 1851 1871 1852
3076 2 2 1 7 1852 1871 1872
3077 2 2 1 7 1852 1872 1873
3078 2 2 1 7 1873 1853 1852
3079 2 2 1 7 1853 1873 1854
3080 2 2 1 7 1854 1873 1874
3081 2 2 1 7 1854 1874 1875
3082 2 2 1 7 1875 1855 1854
3083 2 2 1 7 1855 1875 1856
3084 2 2 1 7 1856 1875 1876
3085 2 2 1 7 1856 1876 1877
3086 2 2 1 7 1877 1857 1856
3087 2 2 1 7 1857 1877 1858
3088 2 2 1 7 1858 1877 1878
3089 2 2 1 7 1858 1878 1879
3090 2 2 1 7 1879 1859 1858
3091 2 2 1 7 1859 1879 1860
3092 2 2 1 7 1860 1879 1880
3093 2 2 1 7 1860 1880 1881
3094 2 2 1 7 1881 1861 1860
3095 2 2 1 7 1861 1881 1862
3096 2 2 1 7 1862 1881 1882
3097 2 2 1 7 1862 1882 1883
3098 2 2 1 7 1883 1863 1862
3099 2 2 1 7 1863 1883 1864
3100 2 2 1 7 1864 1883 1884
3101 2 2 1 7 1864 1884 848
3102 2 2 1 7 848 847 1864
3103 2 2 1 7 841 23 1865
3104 2 2 1 7 1865 23 477
3105 2 2 1 7 1865 477 478
3106 2 2 1 7 478 1866 1865
3107 2 2 1 7 1866 478 1867
3108 2 2 1 7 1867 478 479
3109 2 2 1 7 1867 479 480
3110 2 2 1 7 480 1868 1867
3111 2 2 1 7 1868 480 1869
3112 2 2 1 7 1869 480 481
3113 2 2 1 7 1869 481 482
3114 2 2 1 7 482 1870 1869
3115 2 2 1 7 1870 482 1871
3116 2 2 1 7 1871 482 483
3117 2 2 1 7 1871 483 484
3118 2 2 1 7 484 1872 1871
3119 2 2 1 7 1872 484 1873
3120 2 2 1 7 1873 484 485
3121 2 2 1 7 1873 485 486
3122 2 2 1 7 486 1874 1873
3123 2 2 1 7 1874 486 1875
3124 2 2 1 7 1875 486 487
3125 2 2 1 7 1875 487 488
3126 2 2 1 7 488 1876 1875
3127 2 2 1 7 1876 488 1877
3128 2 2 1 7 1877 488 489
3129 2 2 1 7 1877 489 490
3130 2 2 1 7 490 1878 1877
3131 2 2 1 7 1878 490 1879
3132 2 2 1 7 1879 490 491
3133 2 2 1 7 1879 491 492
3134 2 2 1 7 492 1880 1879
3135 2 2 1 7 1880 492 1881
3136 2 2 1 7 1881 492 493
3137 2 2 1 7 1881 493 494
3138 2 2 1 7 494 1882 1881
3139 2 2 1 7 1882 494 1883
3140 2 2 1 7 1883 494 495
3141 2 2 1 7 1883 495 496
3142 2 2 1 7 496 1884 1883
3143 2 2 1 7 1884 496 848
3144 2 2 1 7 848 496 24
3145 2 2 1 8 8 842 1885
3146 2 2 1 8 1885 177 8
3147 2 2 1 8 177 1885 178
3148 2 2 1 8 178 1885 1886
3149 2 2 1 8 178 1886 1887
3150 2 2 1 8 1887 179 178
3151 2 2 1 8 179 1887 180
3152 2 2 1 8 180 1887 1888
3153 2 2 1 8 180 1888 1889
3154 2 2 1 8 1889 181 180
3155 2 2 1 8 181 1889 182
3156 2 2 1 8 182 1889 1890
3157 2 2 1 8 182 1890 1891
3158 2 2 1 8 1891 183 182
3159 2 2 1 8 183 1891 184
3160 2 2 1 8 184 1891 1892
3161 2 2 1 8 184 1892 1893
3162 2 2 1 8 1893 185 184
3163 2 2 1 8 185 1893 186
3164 2 2 1 8 186 1893 1894
3165 2 2 1 8 186 1894 1895
3166 2 2 1 8 1895 187 186
3167 2 2 1 8 187 1895 188
3168 2 2 1 8 188 1895 1896
3169 2 2 1 8 188 1896 1897
3170 2 2 1 8 1897 189 188
3171 2 2 1 8 189 1897 190
3172 2 2 1 8 190 1897 1898
3173 2 2 1 8 190 1898 1899
3174 2 2 1 8 1899 191 190
3175 2 2 1 8 191 1899 192
3176 2 2 1 8 192 1899 1900
3177 2 2 1 8 192 1900 1901
3178 2 2 1 8 1901 193 192
3179 2 2 1 8 193 1901 194
3180 2 2 1 8 194 1901 1902
3181 2 2 1 8 194 1902 1903
3182 2 2 1 8 1903 195 194
3183 2 2 1 8 195 1903 196
3184 2 2 1 8 196 1903 1904
3185 2 2 1 8 196 1904 849
3186 2 2 1 8 849 9 196
3187 2 2 1 8 842 843 1885
3188 2 2 1 8 1885 843 1905
3189 2 2 1 8 1885 1905 1906
3190 2 2 1 8 1906 1886 1885
3191 2 2 1 8 1886 1906 1887
3192 2 2 1 8 1887 1906 1907
3193 2 2 1 8 1887 1907 1908
3194 2 2 1 8 1908 1888 1887
3195 2 2 1 8 1888 1908 1889
3196 2 2 1 8 1889 1908 1909
3197 2 2 1 8 1889 1909 1910
3198 2 2 1 8 1910 1890 1889
3199 2 2 1 8 1890 1910 1891
3200 2 2 1 8 1891 1910 1911
3201 2 2 1 8 1891 1911 1912
3202 2 2 1 8 1912 1892 1891
3203 2 2 1 8 1892 1912 1893
3204 2 2 1 8 1893 1912 1913
3205 2 2 1 8 1893 1913 1914
3206 2 2 1 8 1914 1894 1893
3207 2 2 1 8 1894 1914 1895
3208 2 2 1 8 1895 1914 1915
3209 2 2 1 8 1895 1915 1916
3210 2 2 1 8 1916 1896 1895
3211 2 2 1 8 1896 1916 1897
3212 2 2 1 8 1897 1916 1917
3213 2 2 1 8 1897 1917 1918
3214 2 2 1 8 1918 1898 1897
3215 2 2 1 8 1898 1918 1899
3216 2 2 1 8 1899 1918 1919
3217 2 2 1 8 1899 1919 1920
3218 2 2 1 8 1920 1900 1899
3219 2 2 1 8 1900 1920 1901
3220 2 2 1 8 1901 1920 1921
3221 2 2 1 8 1901 1921 1922
3222 2 2 1 8 1922 1902 1901
3223 2 2 1 8 1902 1922 1903
3224 2 2 1 8 1903 1922 1923
3225 2 2 1 8 1903 1923 1924
3226 2 2 1 8 1924 1904 1903
3227 2 2 1 8 1904 1924 849
3228 2 2 1 8 849 1924 850
3229 2 2 1 8 843 844 1925
3230 2 2 1 8 1925 1905 843
3231 2 2 1 8 1905 1925 1906
3232 2 2 1 8 1906 1925 1926
3233 2 2 1 8 1906 1926 1927
3234 2 2 1 8 1927 1907 1906
3235 2 2 1 8 1907 1927 1908
3236 2 2 1 8 1908 1927 1928
3237 2 2 1 8 1908 1928 1929
3238 2 2 1 8 1929 1909 1908
3239 2 2 1 8 1909 1929 1910
3240 2 2 1 8 1910 1929 1930
3241 2 2 1 8 1910 1930 1931
3242 2 2 1 8 1931 1911 1910
3243 2 2 1 8 1911 1931 1912
3244 2 2 1 8 1912 1931 1932
3245 2 2 1 8 1912 1932 1933
3246 2 2 1 8 1933 1913 1912
3247 2 2 1 8 1913 1933 1914
3248 2 2 1 8 1914 1933 1934
3249 2 2 1 8 1914 1934 1935
3250 2 2 1 8 1935 1915 1914
3251 2 2 1 8 1915 1935 1916
3252 2 2 1 8 1916 1935 1936
3253 2 2 1 8 1916 1936 1937
3254 2 2 1 8 1937 1917 1916
3255 2 2 1 8 1917 1937 1918
3256 2 2 1 8 1918 1937 1938
3257 2 2 1 8 1918 1938 1939
3258 2 2 1 8 1939 1919 1918
3259 2 2 1 8 1919 1939 1920
3260 2 2 1 8 1920 1939 1940
3261 2 2 1 8 1920 1940 1941
3262 2 2 1 8 1941 1921 1920
3263 2 2 1 8 1921 1941 1922
3264 2 2 1 8 1922 1941 1942
3265 2 2 1 8 1922 1942 1943
3266 2 2 1 8 1943 1923 1922
3267 2 2 1 8 1923 1943 1924
3268 2 2 1 8 1924 1943 1944
3269 2 2 1 8 1924 1944 851
3270 2 2 1 8 851 850 1924
3271 2 2 1 8 844 845 1925
3272 2 2 1 8 1925 845 1945
3273 2 2 1 8 1925 1945 1946
3274 2 2 1 8 1946 1926 1925
3275 2 2 1 8 1926 1946 1927
3276 2 2 1 8 1927 1946 1947
3277 2 2 1 8 1927 1947 1948
3278 2 2 1 8 1948 1928 1927
3279 2 2 1 8 1928 1948 1929
3280 2 2 1 8 1929 1948 1949
3281 2 2 1 8 1929 1949 1950
3282 2 2 1 8 1950 1930 1929
3283 2 2 1 8 1930 1950 1931
3284 2 2 1 8 1931 1950 1951
3285 2 2 1 8 1931 1951 1952
3286 2 2 1 8 1952 1932 1931
3287 2 2 1 8 1932 1952 1933
3288 2 2 1 8 1933 1952 1953
3289 2 2 1 8 1933 1953 1954
3290 2 2 1 8 1954 1934 1933
3291 2 2 1 8 1934 1954 1935
3292 2 2 1 8 1935 1954 1955
3293 2 2 1 8 1935 1955 1956
3294 2 2 1 8 1956 1936 1935
3295 2 2 1 8 1936 1956 1937
3296 2 2 1 8 1937 1956 1957
3297 2 2 1 8 1937 1957 1958
3298 2 2 1 8 1958 1938 1937
3299 2 2 1 8 1938 1958 1939
3300 2 2 1 8 1939 1958 1959
3301 2 2 1 8 1939 1959 1960
3302 2 2 1 8 1960 1940 1939
3303 2 2 1 8 1940 1960 1941
3304 2 2 1 8 1941 1960 1961
3305 2 2 1 8 1941 1961 1962
3306 2 2 1 8 1962 1942 1941
3307 2 2 1 8 1942 1962 1943
3308 2 2 1 8 1943 1962 1963
3309 2 2 1 8 1943 1963 1964
3310 2 2 1 8 1964 1944 1943
3311 2 2 1 8 1944 1964 851
3312 2 2 1 8 851 1964 852
3313 2 2 1 8 845 846 1965
3314 2 2 1 8 1965 1945 845
3315 2 2 1 8 1945 1965 1946
3316 2 2 1 8 1946 1965 1966
3317 2 2 1 8 1946 1966 1967
3318 2 2 1 8 1967 1947 1946
3319 2 2 1 8 1947 1967 1948
3320 2 2 1 8 1948 1967 1968
3321 2 2 1 8 1948 1968 1969
3322 2 2 1 8 1969 1949 1948
3323 2 2 1 8 1949 1969 1950
3324 2 2 1 8 1950 1969 1970
3325 2 2 1 8 1950 1970 1971
3326 2 2 1 8 1971 1951 1950
3327 2 2 1 8 1951 1971 1952
3328 2 2 1 8 1952 1971 1972
3329 2 2 1 8 1952 1972 1973
3330 2 2 1 8 1973 1953 1952
3331 2 2 1 8 1953 1973 1954
3332 2 2 1 8 1954 1973 1974
3333 2 2 1 8 1954 1974 1975
3334 2 2 1 8 1975 1955 1954
3335 2 2 1 8 1955 1975 1956
3336 2 2 1 8 1956 1975 1976
3337 2 2 1 8 1956 1976 1977
3338 2 2 1 8 1977 1957 1956
3339 2 2 1 8 1957 1977 1958
3340 2 2 1 8 1958 1977 1978
3341 2 2 1 8 1958 1978 1979
3342 2 2 1 8 1979 1959 1958
3343 2 2 1 8 1959 1979 1960
3344 2 2 1 8 1960 1979 1980
3345 2 2 1 8 1960 1980 1981
3346 2 2 1 8 1981 1961 1960
3347 2 2 1 8 1961 1981 1962
3348 2 2 1 8 1962 1981 1982
3349 2 2 1 8 1962 1982 1983
3350 2 2 1 8 1983 1963 1962
3351 2 2 1 8 1963 1983 1964
3352 2 2 1 8 1964 1983 1984
3353 2 2 1 8 1964 1984 853
3354 2 2 1 8 853 852 1964
3355 2 2 1 8 846 847 1965
3356 2 2 1 8 1965 847 1985
3357 2 2 1 8 1965 1985 1986
3358 2 2 1 8 1986 1966 1965
3359 2 2 1 8 1966 1986 1967
3360 2 2 1 8 1967 1986 1987
3361 2 2 1 8 1967 1987 1988
3362 2 2 1 8 1988 1968 1967
3363 2 2 1 8 1968 1988 1969
3364 2 2 1 8 1969 1988 1989
3365 2 2 1 8 1969 1989 1990
3366 2 2 1 8 1990 1970 1969
3367 2 2 1 8 1970 1990 1971
3368 2 2 1 8 1971 1990 1991
3369 2 2 1 8 1971 1991 1992
3370 2 2 1 8 1992 1972 1971
3371 2 2 1 8 1972 1992 1973
3372 2 2 1 8 1973 1992 1993
3373 2 2 1 8 1973 1993 1994
3374 2 2 1 8 1994 1974 1973
3375 2 2 1 8 1974 1994 1975
3376 2 2 1 8 1975 1994 1995
3377 2 2 1 8 1975 1995 1996
3378 2 2 1 8 1996 1976 1975
3379 2 2 1 8 1976 1996 1977
3380 2 2 1 8 1977 1996 1997
3381 2 2 1 8 1977 1997 1998
3382 2 2 1 8 1998 1978 1977
3383 2 2 1 8 1978 1998 1979
3384 2 2 1 8 1979 1998 1999
3385 2 2 1 8 1979 1999 2000
3386 2 2 1 8 2000 1980 1979
3387 2 2 1 8 1980 2000 1981
3388 2 2 1 8 1981 2000 2001
3389 2 2 1 8 1981 2001 2002
3390 2 2 1 8 2002 1982 1981
3391 2 2 1 8 1982 2002 1983
3392 2 2 1 8 1983 2002 2003
3393 2 2 1 8 1983 2003 2004
3394 2 2 1 8 2004 1984 1983
3395 2 2 1 8 1984 2004 853
3396 2 2 1 8 853 2004 854
3397 2 2 1 8 847 848 2005
3398 2 2 1 8 2005 1985 847
3399 2 2 1 8 1985 2005 1986
3400 2 2 1 8 1986 2005 2006
3401 2 2 1 8 1986 2006 2007
3402 2 2 1 8 2007 1987 1986
3403 2 2 1 8 1987 2007 1988
3404 2 2 1 8 1988 2007 2008
3405 2 2 1 8 1988 2008 2009
3406 2 2 1 8 2009 1989 1988
3407 2 2 1 8 1989 2009 1990
3408 2 2 1 8 1990 2009 2010
3409 2 2 1 8 1990 2010 2011
3410 2 2 1 8 2011 1991 1990
3411 2 2 1 8 1991 2011 1992
3412 2 2 1 8 1992 2011 2012
3413 2 2 1 8 1992 2012 2013
3414 2 2 1 8 2013 1993 1992
3415 2 2 1 8 1993 2013 1994
3416 2 2 1 8 1994 2013 2014
3417 2 2 1 8 1994 2014 2015
3418 2 2 1 8 2015 1995 1994
3419 2 2 1 8 1995 2015 1996
3420 2 2 1 8 1996 2015 2016
3421 2 2 1 8 1996 2016 2017
3422 2 2 1 8 2017 1997 1996
3423 2 2 1 8 1997 2017 1998
3424 2 2 1 8 1998 2017 2018
3425 2 2 1 8 1998 2018 2019
3426 2 2 1 8 2019 1999 1998
3427 2 2 1 8 1999 2019 2000
3428 2 2 1 8 2000 2019 2020
3429 2 2 1 8 2000 2020 2021
3430 2 2 1 8 2021 2001 2000
3431 2 2 1 8 2001 2021 2002
3432 2 2 1 8 2002 2021 2022
3433 2 2 1 8 2002 2022 2023
3434 2 2 1 8 2023 2003 2002
3435 2 2 1 8 2003 2023 2004
3436 2 2 1 8 2004 2023 2024
3437 2 2 1 8 2004 2024 855
3438 2 2 1 8 855 854 2004
3439 2 2 1 8 848 24 2005
3440 2 2 1 8 2005 24 497
3441 2 2 1 8 2005 497 498
3442 2 2 1 8 498 2006 2005
3443 2 2 1 8 2006 498 2007
3444 2 2 1 8 2007 498 499
3445 2 2 1 8 2007 499 500
3446 2 2 1 8 500 2008 2007
3447 2 2 1 8 2008 500 2009
3448 2 2 1 8 2009 500 501
3449 2 2 1 8 2009 501 502
3450 2 2 1 8 502 2010 2009
3451 2 2 1 8 2010 502 2011
3452 2 2 1 8 2011 502 503
3453 2 2 1 8 2011 503 504
3454 2 2 1 8 504 2012 2011
3455 2 2 1 8 2012 504 2013
3456 2 2 1 8 2013 504 505
3457 2 2 1 8 2013 505 506
3458 2 2 1 8 506 2014 2013
3459 2 2 1 8 2014 506 2015
3460 2 2 1 8 2015 506 507
3461 2 2 1 8 2015 507 508
3462 2 2 1 8 508 2016 2015
3463 2 2 1 8 2016 508 2017
3464 2 2 1 8 2017 508 509
3465 2 2 1 8 2017 509 510
3466 2 2 1 8 510 2018 2017
3467 2 2 1 8 2018 510 2019
3468 2 2 1 8 2019 510 511
3469 2 2 1 8 2019 511 512
3470 2 2 1 8 512 2020 2019
3471 2 2 1 8 2020 512 2021
3472 2 2 1 8 2021 512 513
3473 2 2 1 8 2021 513 514
3474 2 2 1 8 514 2022 2021
3475 2 2 1 8 2022 514 2023
3476 2 2 1 8 2023 514 515
3477 2 2 1 8 2023 515 516
3478 2 2 1 8 516 2024 2023
3479 2 2 1 8 2024 516 855
3480 2 2 1 8 855 516 25
3481 2 2 1 9 9 849 2025
3482 2 2 1 9 2025 197 9
3483 2 2 1 9 197 2025 198
3484 2 2 1 9 198 2025 2026
3485 2 2 1 9 198 2026 2027
3486 2 2 1 9 2027 199 198
3487 2 2 1 9 199 2027 200
3488 2 2 1 9 200 2027 2028
3489 2 2 1 9 200 2028 2029
3490 2 2 1 9 2029 201 200
3491 2 2 1 9 201 2029 202
3492 2 2 1 9 202 2029 2030
3493 2 2 1 9 202 2030 2031
3494 2 2 1 9 2031 203 202
3495 2 2 1 9 203 2031 204
3496 2 2 1 9 204 2031 2032
3497 2 2 1 9 204 2032 2033
3498 2 2 1 9 2033 205 204
3499 2 2 1 9 205 2033 206
3500 2 2 1 9 206 2033 2034
3501 2 2 1 9 206 2034 2035
3502 2 2 1 9 2035 207 206
3503 2 2 1 9 207 2035 208
3504 2 2 1 9 208 2035 2036
3505 2 2 1 9 208 2036 2037
3506 2 2 1 9 2037 209 208
3507 2 2 1 9 209 2037 210
3508 2 2 1 9 210 2037 2038
3509 2 2 1 9 210 2038 2039
3510 2 2 1 9 2039 211 210
3511 2 2 1 9 211 2039 212
3512 2 2 1 9 212 2039 2040
3513 2 2 1 9 212 2040 2041
3514 2 2 1 9 2041 213 212
3515 2 2 1 9 213 2041 214
3516 2 2 1 9 214 2041 2042
3517 2 2 1 9 214 2042 2043
3518 2 2 1 9 2043 215 214
3519 2 2 1 9 215 2043 216
3520 2 2 1 9 216 2043 2044
3521 2 2 1 9 216 2044 856
3522 2 2 1 9 856 10 216
3523 2 2 1 9 849 850 2025
3524 2 2 1 9 2025 850 2045
3525 2 2 1 9 2025 2045 2046
3526 2 2 1 9 2046 2026 2025
3527 2 2 1 9 2026 2046 2027
3528 2 2 1 9 2027 2046 2047
3529 2 2 1 9 2027 2047 2048
3530 2 2 1 9 2048 2028 2027
3531 2 2 1 9 2028 2048 2029
3532 2 2 1 9 2029 2048 2049
3533 2 2 1 9 2029 2049 2050
3534 2 2 1 9 2050 2030 2029
3535 2 2 1 9 2030 2050 2031
3536 2 2 1 9 2031 2050 2051
3537 2 2 1 9 2031 2051 2052
3538 2 2 1 9 2052 2032 2031
3539 2 2 1 9 2032 2052 2033
3540 2 2 1 9 2033 2052 2053
3541 2 2 1 9 2033 2053 2054
3542 2 2 1 9 2054 2034 2033
3543 2 2 1 9 2034 2054 2035
3544 2 2 1 9 2035 2054 2055
3545 2 2 1 9 2035 2055 2056
3546 2 2 1 9 2056 2036 2035
3547 2 2 1 9 2036 2056 2037
3548 2 2 1 9 2037 2056 2057
3549 2 2 1 9 2037 2057 2058
3550 2 2 1 9 2058 2038 2037
3551 2 2 1 9 2038 2058 2039
3552 2 2 1 9 2039 2058 2059
3553 2 2 1 9 2039 2059 2060
3554 2 2 1 9 2060 2040 2039
3555 2 2 1 9 2040 2060 2041
3556 2 2 1 9 2041 2060 2061
3557 2 2 1 9 2041 2061 2062
3558 2 2 1 9 2062 2042 2041
3559 2 2 1 9 2042 2062 2043
3560 2 2 1 9 2043 2062 2063
3561 2 2 1 9 2043 2063 2064
3562 2 2 1 9 2064 2044 2043
3563 2 2 1 9 2044 2064 856
3564 2 2 1 9 856 2064 857
3565 2 2 1 9 850 851 2065
3566 2 2 1 9 2065 2045 850
3567 2 2 1 9 2045 2065 2046
3568 2 2 1 9 2046 2065 2066
3569 2 2 1 9 2046 2066 2067
3570 2 2 1 9 2067 2047 2046
3571 2 2 1 9 2047 2067 2048
3572 2 2 1 9 2048 2067 2068
3573 2 2 1 9 2048 2068 2069
3574 2 2 1 9 2069 2049 2048
3575 2 2 1 9 2049 2069 2050
3576 2 2 1 9 2050 2069 2070
3577 2 2 1 9 2050 2070 2071
3578 2 2 1 9 2071 2051 2050
3579 2 2 1 9 2051 2071 2052
3580 2 2 1 9 2052 2071 2072
3581 2 2 1 9 2052 2072 2073
3582 2 2 1 9 2073 2053 2052
3583 2 2 1 9 2053 2073 2054
3584 2 2 1 9 2054 2073 2074
3585 2 2 1 9 2054 2074 2075
3586 2 2 1 9 2075 2055 2054
3587 2 2 1 9 2055 2075 2056
3588 2 2 1 9 2056 2075 2076
3589 2 2 1 9 2056 2076 2077
3590 2 2 1 9 2077 2057 2056
3591 2 2 1 9 2057 2077 2058
3592 2 2 1 9 2058 2077 2078
3593 2 2 1 9 2058 2078 2079
3594 2 2 1 9 2079 2059 2058
3595 2 2 1 9 2059 2079 2060
3596 2 2 1 9 2060 2079 2080
3597 2 2 1 9 2060 2080 2081
3598 2 2 1 9 2081 2061 2060
3599 2 2 1 9 2061 2081 2062
3600 2 2 1 9 2062 2081 2082
3601 2 2 1 9 2062 2082 2083
3602 2 2 1 9 2083 2063 2062
3603 2 2 1 9 2063 2083 2064
3604 2 2 1 9 2064 2083 2084
3605 2 2 1 9 2064 2084 858
3606 2 2 1 9 858 857 2064
3607 2 2 1 9 851 852 2065
3608 2 2 1 9 2065 852 2085
3609 2 2 1 9 2065 2085 2086
3610 2 2 1 9 2086 2066 2065
3611 2 2 1 9 2066 2086 2067
3612 2 2 1 9 2067 2086 2087
3613 2 2 1 9 2067 2087 2088
3614 2 2 1 9 2088 2068 2067
3615 2 2 1 9 2068 2088 2069
3616 2 2 1 9 2069 2088 2089
3617 2 2 1 9 2069 2089 2090
3618 2 2 1 9 2090 2070 2069
3619 2 2 1 9 2070 2090 2071
3620 2 2 1 9 2071 2090 2091
3621 2 2 1 9 2071 2091 2092
3622 2 2 1 9 2092 2072 2071
3623 2 2 1 9 2072 2092 2073
3624 2 2 1 9 2073 2092 2093
3625 2 2 1 9 2073 2093 2094
3626 2 2 1 9 2094 2074 2073
3627 2 2 1 9 2074 2094 2075
3628 2 2 1 9 2075 2094 2095
3629 2 2 1 9 2075 2095 2096
3630 2 2 1 9 2096 2076 2075
3631 2 2 1 9 2076 2096 2077
3632 2 2 1 9 2077 2096 2097
3633 2 2 1 9 2077 2097 2098
3634 2 2 1 9 2098 2078 2077
3635 2 2 1 9 2078 2098 2079
3636 2 2 1 9 2079 2098 2099
3637 2 2 1 9 2079 2099 2100
3638 2 2 1 9 2100 2080 2079
3639 2 2 1 9 2080 2100 2081
3640 2 2 1 9 2081 2100 2101
3641 2 2 1 9 2081 2101 2102
3642 2 2 1 9 2102 2082 2081
3643 2 2 1 9 2082 2102 2083
3644 2 2 1 9 2083 2102 2103
3645 2 2 1 9 2083 2103 2104
3646 2 2 1 9 2104 2084 2083
3647 2 2 1 9 2084 2104 858
3648 2 2 1 9 858 2104 859
3649 2 2 1 9 852 853 2105
3650 2 2 1 9 2105 2085 852
3651 2 2 1 9 2085 2105 2086
3652 2 2 1 9 2086 2105 2106
3653 2 2 1 9 2086 2106 2107
3654 2 2 1 9 2107 2087 2086
3655 2 2 1 9 2087 2107 2088
3656 2 2 1 9 2088 2107 2108
3657 2 2 1 9 2088 2108 2109
3658 2 2 1 9 2109 2089 2088
3659 2 2 1 9 2089 2109 2090
3660 2 2 1 9 2090 2109 2110
3661 2 2 1 9 2090 2110 2111
3662 2 2 1 9 2111 2091 2090
3663 2 2 1 9 2091 2111 2092
3664 2 2 1 9 2092 2111 2112
3665 2 2 1 9 2092 2112 2113
3666 2 2 1 9 2113 2093 2092
3667 2 2 1 9 2093 2113 2094
3668 2 2 1 9 2094 2113 2114
3669 2 2 1 9 2094 2114 2115
3670 2 2 1 9 2115 2095 2094
3671 2 2 1 9 2095 2115 2096
3672 2 2 1 9 2096 2115 2116
3673 2 2 1 9 2096 2116 2117
3674 2 2 1 9 2117 2097 2096
3675 2 2 1 9 2097 2117 2098
3676 2 2 1 9 2098 2117 2118
3677 2 2 1 9 2098 2118 2119
3678 2 2 1 9 2119 2099 2098
3679 2 2 1 9 2099 2119 2100
3680 2 2 1 9 2100 2119 2120
3681 2 2 1 9 2100 2120 2121
3682 2 2 1 9 2121 2101 2100
3683 2 2 1 9 2101 2121 2102
3684 2 2 1 9 2102 2121 2122
3685 2 2 1 9 2102 2122 2123
3686 2 2 1 9 2123 2103 2102
3687 2 2 1 9 2103 2123 2104
3688 2 2 1 9 2104 2123 2124
3689 2 2 1 9 2104 2124 860
3690 2 2 1 9 860 859 2104
3691 2 2 1 9 853 854 2105
3692 2 2 1 9 2105 854 2125
3693 2 2 1 9 2105 2125 2126
3694 2 2 1 9 2126 2106 2105
3695 2 2 1 9 2106 2126 2107
3696 2 2 1 9 2107 2126 2127
3697 2 2 1 9 2107 2127 2128
3698 2 2 1 9 2128 2108 2107
3699 2 2 1 9 2108 2128 2109
3700 2 2 1 9 2109 2128 2129
3701 2 2 1 9 2109 2129 2130
3702 2 2 1 9 2130 2110 2109
3703 2 2 1 9 2110 2130 2111
3704 2 2 1 9 2111 2130 2131
3705 2 2 1 9 2111 2131 2132
3706 2 2 1 9 2132 2112 2111
3707 2 2 1 9 2112 2132 2113
3708 2 2 1 9 2113 2132 2133
3709 2 2 1 9 2113 2133 2134
3710 2 2 1 9 2134 2114 2113
3711 2 2 1 9 2114 2134 2115
3712 2 2 1 9 2115 2134 2135
3713 2 2 1 9 2115 2135 2136
3714 2 2 1 9 2136 2116 2115
3715 2 2 1 9 2116 2136 2117
3716 2 2 1 9 2117 2136 2137
3717 2 2 1 9 2117 2137 2138
3718 2 2 1 9 2138 2118 2117
3719 2 2 1 9 2118 2138 2119
3720 2 2 1 9 2119 2138 2139
3721 2 2 1 9 2119 2139 2140
3722 2 2 1 9 2140 2120 2119
3723 2 2 1 9 2120 2140 2121
3724 2 2 1 9 2121 2140 2141
3725 2 2 1 9 2121 2141 2142
3726 2 2 1 9 2142 2122 2121
3727 2 2 1 9 2122 2142 2123
3728 2 2 1 9 2123 2142 2143
3729 2 2 1 9 2123 2143 2144
3730 2 2 1 9 2144 2124 2123
3731 2 2 1 9 2124 2144 860
3732 2 2 1 9 860 2144 861
3733 2 2 1 9 854 855 2145
3734 2 2 1 9 2145 2125 854
3735 2 2 1 9 2125 2145 2126
3736 2 2 1 9 2126 2145 2146
3737 2 2 1 9 2126 2146 2147
3738 2 2 1 9 2147 2127 2126
3739 2 2 1 9 2127 2147 2128
3740 2 2 1 9 2128 2147 2148
3741 2 2 1 9 2128 2148 2149
3742 2 2 1 9 2149 2129 2128
3743 2 2 1 9 2129 2149 2130
3744 2 2 1 9 2130 2149 2150
3745 2 2 1 9 2130 2150 2151
3746 2 2 1 9 2151 2131 2130
3747 2 2 1 9 2131 2151 2132
3748 2 2 1 9 2132 2151 2152
3749 2 2 1 9 2132 2152 2153
3750 2 2 1 9 2153 2133 2132
3751 2 2 1 9 2133 2153 2134
3752 2 2 1 9 2134 2153 2154
3753 2 2 1 9 2134 2154 2155
3754 2 2 1 9 2155 2135 2134
3755 2 2 1 9 2135 2155 2136
3756 2 2 1 9 2136 2155 2156
3757 2 2 1 9 2136 2156 2157
3758 2 2 1 9 2157 2137 2136
3759 2 2 1 9 2137 2157 2138
3760 2 2 1 9 2138 2157 2158
3761 2 2 1 9 2138 2158 2159
3762 2 2 1 9 2159 2139 2138
3763 2 2 1 9 2139 2159 2140
3764 2 2 1 9 2140 2159 2160
3765 2 2 1 9 2140 2160 2161
3766 2 2 1 9 2161 2141 2140
3767 2 2 1 9 2141 2161 2142
3768 2 2 1 9 2142 2161 2162
3769 2 2 1 9 2142 2162 2163
3770 2 2 1 9 2163 2143 2142
3771 2 2 1 9 2143 2163 2144
3772 2 2 1 9 2144 2163 2164
3773 2 2 1 9 2144 2164 862
3774 2 2 1 9 862 861 2144
3775 2 2 1 9 855 25 2145
3776 2 2 1 9 2145 25 517
3777 2 2 1 9 2145 517 518
3778 2 2 1 9 518 2146 2145
3779 2 2 1 9 2146 518 2147
3780 2 2 1 9 2147 518 519
3781 2 2 1 9 2147 519 520
3782 2 2 1 9 520 2148 2147
3783 2 2 1 9 2148 520 2149
3784 2 2 1 9 2149 520 521
3785 2 2 1 9 2149 521 522
3786 2 2 1 9 522 2150 2149
3787 2 2 1 9 2150 522 2151
3788 2 2 1 9 2151 522 523
3789 2 2 1 9 2151 523 524
3790 2 2 1 9 524 2152 2151
3791 2 2 1 9 2152 524 2153
3792 2 2 1 9 2153 524 525
3793 2 2 1 9 2153 525 526
3794 2 2 1 9 526 2154 2153
3795 2 2 1 9 2154 526 2155
3796 2 2 1 9 2155 526 527
3797 2 2 1 9 2155 527 528
3798 2 2 1 9 528 2156 2155
3799 2 2 1 9 2156 528 2157
3800 2 2 1 9 2157 528 529
3801 2 2 1 9 2157 529 530
3802 2 2 1 9 530 2158 2157
3803 2 2 1 9 2158 530 2159
3804 2 2 1 9 2159 530 531
3805 2 2 1 9 2159 531 532
3806 2 2 1 9 532 2160 2159
3807 2 2 1 9 2160 532 2161
3808 2 2 1 9 2161 532 533
3809 2 2 1 9 2161 533 534
3810 2 2 1 9 534 2162 2161
3811 2 2 1 9 2162 534 2163
3812 2 2 1 9 2163 534 535
3813 2 2 1 9 2163 535 536
3814 2 2 1 9 536 2164 2163
3815 2 2 1 9 2164 536 862
3816 2 2 1 9 862 536 26
3817 2 2 1 10 10 856 2165
3818 2 2 1 10 2165 217 10
3819 2 2 1 10 217 2165 218
3820 2 2 1 10 218 2165 2166
3821 2 2 1 10 218 2166 2167
3822 2 2 1 10 2167 219 218
3823 2 2 1 10 219 2167 220
3824 2 2 1 10 220 2167 2168
3825 2 2 1 10 220 2168 2169
3826 2 2 1 10 2169 221 220
3827 2 2 1 10 221 2169 222
3828 2 2 1 10 222 2169 2170
3829 2 2 1 10 222 2170 2171
3830 2 2 1 10 2171 223 222
3831 2 2 1 10 223 2171 224
3832 2 2 1 10 224 2171 2172
3833 2 2 1 10 224 2172 2173
3834 2 2 1 10 2173 225 224
3835 2 2 1 10 225 2173 226
3836 2 2 1 10 226 2173 2174
3837 2 2 1 10 226 2174 2175
3838 2 2 1 10 2175 227 226
3839 2 2 1 10 227 2175 228
3840 2 2 1 10 228 2175 2176
3841 2 2 1 10 228 2176 2177
3842 2 2 1 10 2177 229 228
3843 2 2 1 10 229 2177 230
3844 2 2 1 10 230 2177 2178
3845 2 2 1 10 230 2178 2179
3846 2 2 1 10 2179 231 230
3847 2 2 1 10 231 2179 232
3848 2 2 1 10 232 2179 2180
3849 2 2 1 10 232 2180 2181
3850 2 2 1 10 2181 233 232
3851 2 2 1 10 233 2181 234
3852 2 2 1 10 234 2181 2182
3853 2 2 1 10 234 2182 2183
3854 2 2 1 10 2183 235 234
3855 2 2 1 10 235 2183 236
3856 2 2 1 10 236 2183 2184
3857 2 2 1 10 236 2184 863
3858 2 2 1 10 863 11 236
3859 2 2 1 10 856 857 2165
3860 2 2 1 10 2165 857 2185
3861 2 2 1 10 2165 2185 2186
3862 2 2 1 10 2186 2166 2165
3863 2 2 1 10 2166 2186 2167
3864 2 2 1 10 2167 2186 2187
3865 2 2 1 10 2167 2187 2188
3866 2 2 1 10 2188 2168 2167
3867 2 2 1 10 2168 2188 2169
3868 2 2 1 10 2169 2188 2189
3869 2 2 1 10 2169 2189 2190
3870 2 2 1 10 2190 2170 2169
3871 2 2 1 10 2170 2190 2171
3872 2 2 1 10 2171 2190 2191
3873 2 2 1 10 2171 2191 2192
3874 2 2 1 10 2192 2172 2171
3875 2 2 1 10 2172 2192 2173
3876 2 2 1 10 2173 2192 2193
3877 2 2 1 10 2173 2193 2194
3878 2 2 1 10 2194 2174 2173
3879 2 2 1 10 2174 2194 2175
3880 2 2 1 10 2175 2194 2195
3881 2 2 1 10 2175 2195 2196
3882 2 2 1 10 2196 2176 2175
3883 2 2 1 10 2176 2196 2177
3884 2 2 1 10 2177 2196 2197
3885 2 2 1 10 2177 2197 2198
3886 2 2 1 10 2198 2178 2177
3887 2 2 1 10 2178 2198 2179
3888 2 2 1 10 2179 2198 2199
3889 2 2 1 10 2179 2199 2200
3890 2 2 1 10 2200 2180 2179
3891 2 2 1 10 2180 2200 2181
3892 2 2 1 10 2181 2200 2201
3893 2 2 1 10 2181 2201 2202
3894 2 2 1 10 2202 2182 2181
3895 2 2 1 10 2182 2202 2183
3896 2 2 1 10 2183 2202 2203
3897 2 2 1 10 2183 2203 2204
3898 2 2 1 10 2204 2184 2183
3899 2 2 1 10 2184 2204 863
3900 2 2 1 10 863 2204 864
3901 2 2 1 10 857 858 2205
3902 2 2 1 10 2205 2185 857
3903 2 2 1 10 2185 2205 2186
3904 2 2 1 10 2186 2205 2206
3905 2 2 1 10 2186 2206 2207
3906 2 2 1 10 2207 2187 2186
3907 2 2 1 10 2187 2207 2188
3908 2 2 1 10 2188 2207 2208
3909 2 2 1 10 2188 2208 2209
3910 2 2 1 10 2209 2189 2188
3911 2 2 1 10 2189 2209 2190
3912 2 2 1 10 2190 2209 2210
3913 2 2 1 10 2190 2210 2211
3914 2 2 1 10 2211 2191 2190
3915 2 2 1 10 2191 2211 2192
3916 2 2 1 10 2192 2211 2212
3917 2 2 1 10 2192 2212 2213
3918 2 2 1 10 2213 2193 2192
3919 2 2 1 10 2193 2213 2194
3920 2 2 1 10 2194 2213 2214
3921 2 2 1 10 2194 2214 2215
3922 2 2 1 10 2215 2195 2194
3923 2 2 1 10 2195 2215 2196
3924 2 2 1 10 2196 2215 2216
3925 2 2 1 10 2196 2216 2217
3926 2 2 1 10 2217 2197 2196
3927 2 2 1 10 2197 2217 2198
3928 2 2 1 10 2198 2217 2218
3929 2 2 1 10 2198 2218 2219
3930 2 2 1 10 2219 2199 2198
3931 2 2 1 10 2199 2219 2200
3932 2 2 1 10 2200 2219 2220
3933 2 2 1 10 2200 2220 2221
3934 2 2 1 10 2221 2201 2200
3935 2 2 1 10 2201 2221 2202
3936 2 2 1 10 2202 2221 2222
3937 2 2 1 10 2202 2222 2223
3938 2 2 1 10 2223 2203 2202
3939 2 2 1 10 2203 2223 2204
3940 2 2 1 10 2204 2223 2224
3941 2 2 1 10 2204 2224 865
3942 2 2 1 10 865 864 2204
3943 2 2 1 10 858 859 2205
3944 2 2 1 10 2205 859 2225
3945 2 2 1 10 2205 2225 2226
3946 2 2 1 10 2226 2206 2205
3947 2 2 1 10 2206 2226 2207
3948 2 2 1 10 2207 2226 2227
3949 2 2 1 10 2207 2227 2228
3950 2 2 1 10 2228 2208 2207
3951 2 2 1 10 2208 2228 2209
3952 2 2 1 10 2209 2228 2229
3953 2 2 1 10 2209 2229 2230
3954 2 2 1 10 2230 2210 2209
3955 2 2 1 10 2210 2230 2211
3956 2 2 1 10 2211 2230 2231
3957 2 2 1 10 2211 2231 2232
3958 2 2 1 10 2232 2212 2211
3959 2 2 1 10 2212 2232 2213
3960 2 2 1 10 2213 2232 2233
3961 2 2 1 10 2213 2233 2234
3962 2 2 1 10 2234 2214 2213
3963 2 2 1 10 2214 2234 2215
3964 2 2 1 10 2215 2234 2235
3965 2 2 1 10 2215 2235 2236
3966 2 2 1 10 2236 2216 2215
3967 2 2 1 10 2216 2236 2217
3968 2 2 1 10 2217 2236 2237
3969 2 2 1 10 2217 2237 2238
3970 2 2 1 10 2238 2218 2217
3971 2 2 1 10 2218 2238 2219
3972 2 2 1 10 2219 2238 2239
3973 2 2 1 10 2219 2239 2240
3974 2 2 1 10 2240 2220 2219
3975 2 2 1 10 2220 2240 2221
3976 2 2 1 10 2221 2240 2241
3977 2 2 1 10 2221 2241 2242
3978 2 2 1 10 2242 2222 2221
3979 2 2 1 10 2222 2242 2223
3980 2 2 1 10 2223 2242 2243
3981 2 2 1 10 2223 2243 2244
3982 2 2 1 10 2244 2224 2223
3983 2 2 1 10 2224 2244 865
3984 2 2 1 10 865 2244 866
3985 2 2 1 10 859 860 2245
3986 2 2 1 10 2245 2225 859
3987 2 2 1 10 2225 2245 2226
3988 2 2 1 10 2226 2245 2246
3989 2 2 1 10 2226 2246 2247
3990 2 2 1 10 2247 2227 2226
3991 2 2 1 10 2227 2247 2228
3992 2 2 1 10 2228 2247 2248
3993 2 2 1 10 2228 2248 2249
3994 2 2 1 10 2249 2229 2228
3995 2 2 1 10 2229 2249 2230
3996 2 2 1 10 2230 2249 2250
3997 2 2 1 10 2230 2250 2251
3998 2 2 1 10 2251 2231 2230
3999 2 2 1 10 2231 2251 2232
4000 2 2 1 10 2232 2251 2252
4001 2 2 1 10 2232 2252 2253
4002 2 2 1 10 2253 2233 2232
4003 2 2 1 10 2233 2253 2234
4004 2 2 1 10 2234 2253 2254
4005 2 2 1 10 2234 2254 2255
4006 2 2 1 10 2255 2235 2234
4007 2 2 1 10 2235 2255 2236
4008 2 2 1 10 2236 2255 2256
4009 2 2 1 10 2236 2256 2257
4010 2 2 1 10 2257 2237 2236
4011 2 2 1 10 2237 2257 2238
4012 2 2 1 10 2238 2257 2258
4013 2 2 1 10 2238 2258 2259
4014 2 2 1 10 2259 2239 2238
4015 2 2 1 10 2239 2259 2240
4016 2 2 1 10 2240 2259 2260
4017 2 2 1 10 2240 2260 2261
4018 2 2 1 10 2261 2241 2240
4019 2 2 1 10 2241 2261 2242
4020 2 2 1 10 2242 2261 2262
4021 2 2 1 10 2242 2262 2263
4022 2 2 1 10 2263 2243 2242
4023 2 2 1 10 2243 2263 2244
4024 2 2 1 10 2244 2263 2264
4025 2 2 1 10 2244 2264 867
4026 2 2 1 10 867 866 2244
4027 2 2 1 10 860 861 2245
4028 2 2 1 10 2245 861 2265
4029 2 2 1 10 2245 2265 2266
4030 2 2 1 10 2266 2246 2245
4031 2 2 1 10 2246 2266 2247
4032 2 2 1 10 2247 2266 2267
4033 2 2 1 10 2247 2267 2268
4034 2 2 1 10 2268 2248 2247
4035 2 2 1 10 2248 2268 2249
4036 2 2 1 10 2249 2268 2269
4037 2 2 1 10 2249 2269 2270
4038 2 2 1 10 2270 2250 2249
4039 2 2 1 10 2250 2270 2251
4040 2 2 1 10 2251 2270 2271
4041 2 2 1 10 2251 2271 2272
4042 2 2 1 10 2272 2252 2251
4043 2 2 1 10 2252 2272 2253
4044 2 2 1 10 2253 2272 2273
4045 2 2 1 10 2253 2273 2274
4046 2 2 1 10 2274 2254 2253
4047 2 2 1 10 2254 2274 2255
4048 2 2 1 10 2255 2274 2275
4049 2 2 1 10 2255 2275 2276
4050 2 2 1 10 2276 2256 2255
4051 2 2 1 10 2256 2276 2257
4052 2 2 1 10 2257 2276 2277
4053 2 2 1 10 2257 2277 2278
4054 2 2 1 10 2278 2258 2257
4055 2 2 1 10 2258 2278 2259
4056 2 2 1 10 2259 2278 2279
4057 2 2 1 10 2259 2279 2280
4058 2 2 1 10 2280 2260 2259
4059 2 2 1 10 2260 2280 2261
4060 2 2 1 10 2261 2280 2281
4061 2 2 1 10 2261 2281 2282
4062 2 2 1 10 2282 2262 2261
4063 2 2 1 10 2262 2282 2263
4064 2 2 1 10 2263 2282 2283
4065 2 2 1 10 2263 2283 2284
4066 2 2 1 10 2284 2264 2263
4067 2 2 1 10 2264 2284 867
4068 2 2 1 10 867 2284 868
4069 2 2 1 10 861 862 2285
4070 2 2 1 10 2285 2265 861
4071 2 2 1 10 2265 2285 2266
4072 2 2 1 10 2266 2285 2286
4073 2 2 1 10 2266 2286 2287
4074 2 2 1 10 2287 2267 2266
4075 2 2 1 10 2267 2287 2268
4076 2 2 1 10 2268 2287 2288
4077 2 2 1 10 2268 2288 2289
4078 2 2 1 10 2289 2269 2268
4079 2 2 1 10 2269 2289 2270
4080 2 2 1 10 2270 2289 2290
4081 2 2 1 10 2270 2290 2291
4082 2 2 1 10 2291 2271 2270
4083 2 2 1 10 2271 2291 2272
4084 2 2 1 10 2272 2291 2292
4085 2 2 1 10 2272 2292 2293
4086 2 2 1 10 2293 2273 2272
4087 2 2 1 10 2273 2293 2274
4088 2 2 1 10 2274 2293 2294
4089 2 2 1 10 2274 2294 2295
4090 2 2 1 10 2295 2275 2274
4091 2 2 1 10 2275 2295 2276
4092 2 2 1 10 2276 2295 2296
4093 2 2 1 10 2276 2296 2297
4094 2 2 1 10 2297 2277 2276
4095 2 2 1 10 2277 2297 2278
4096 2 2 1 10 2278 2297 2298
4097 2 2 1 10 2278 2298 2299
4098 2 2 1 10 2299 2279 2278
4099 2 2 1 10 2279 2299 2280
4100 2 2 1 10 2280 2299 2300
4101 2 2 1 10 2280 2300 2301
4102 2 2 1 10 2301 2281 2280
4103 2 2 1 10 2281 2301 2282
4104 2 2 1 10 2282 2301 2302
4105 2 2 1 10 2282 2302 2303
4106 2 2 1 10 2303 2283 2282
4107 2 2 1 10 2283 2303 2284
4108 2 2 1 10 2284 2303 2304
4109 2 2 1 10 2284 2304 869
4110 2 2 1 10 869 868 2284
4111 2 2 1 10 862 26 2285
4112 2 2 1 10 2285 26 537
4113 2 2 1 10 2285 537 538
4114 2 2 1 10 538 2286 2285
4115 2 2 1 10 2286 538 2287
4116 2 2 1 10 2287 538 539
4117 2 2 1 10 2287 539 540
4118 2 2 1 10 540 2288 2287
4119 2 2 1 10 2288 540 2289
4120 2 2 1 10 2289 540 541
4121 2 2 1 10 2289 541 542
4122 2 2 1 10 542 2290 2289
4123 2 2 1 10 2290 542 2291
4124 2 2 1 10 2291 542 543
4125 2 2 1 10 2291 543 544
4126 2 2 1 10 544 2292 2291
4127 2 2 1 10 2292 544 2293
4128 2 2 1 10 2293 544 545
4129 2 2 1 10 2293 545 546
4130 2 2 1 10 546 2294 2293
4131 2 2 1 10 2294 546 2295
4132 2 2 1 10 2295 546 547
4133 2 2 1 10 2295 547 548
4134 2 2 1 10 548 2296 2295
4135 2 2 1 10 2296 548 2297
4136 2 2 1 10 2297 548 549
4137 2 2 1 10 2297 549 550
4138 2 2 1 10 550 2298 2297
4139 2 2 1 10 2298 550 2299
4140 2 2 1 10 2299 550 551
4141 2 2 1 10 2299 551 552
4142 2 2 1 10 552 2300 2299
4143 2 2 1 10 2300 552 2301
4144 2 2 1 10 2301 552 553
4145 2 2 1 10 2301 553 554
4146 2 2 1 10 554 2302 2301
4147 2 2 1 10 2302 554 2303
4148 2 2 1 10 2303 554 555
4149 2 2 1 10 2303 555 556
4150 2 2 1 10 556 2304 2303
4151 2 2 1 10 2304 556 869
4152 2 2 1 10 869 556 27
4153 2 2 1 11 11 863 2305
4154 2 2 1 11 2305 237 11
4155 2 2 1 11 237 2305 238
4156 2 2 1 11 238 2305 2306
4157 2 2 1 11 238 2306 2307
4158 2 2 1 11 2307 239 238
4159 2 2 1 11 239 2307 240
4160 2 2 1 11 240 2307 2308
4161 2 2 1 11 240 2308 2309
4162 2 2 1 11 2309 241 240
4163 2 2 1 11 241 2309 242
4164 2 2 1 11 242 2309 2310
4165 2 2 1 11 242 2310 2311
4166 2 2 1 11 2311 243 242
4167 2 2 1 11 243 2311 244
4168 2 2 1 11 244 2311 2312
4169 2 2 1 11 244 2312 2313
4170 2 2 1 11 2313 245 244
4171 2 2 1 11 245 2313 246
4172 2 2 1 11 246 2313 2314
4173 2 2 1 11 246 2314 2315
4174 2 2 1 11 2315 247 246
4175 2 2 1 11 247 2315 248
4176 2 2 1 11 248 2315 2316
4177 2 2 1 11 248 2316 2317
4178 2 2 1 11 2317 249 248
4179 2 2 1 11 249 2317 250
4180 2 2 1 11 250 2317 2318
4181 2 2 1 11 250 2318 2319
4182 2 2 1 11 2319 251 250
4183 2 2 1 11 251 2319 252
4184 2 2 1 11 252 2319 2320
4185 2 2 1 11 252 2320 2321
4186 2 2 1 11 2321 253 252
4187 2 2 1 11 253 2321 254
4188 2 2 1 11 254 2321 2322
4189 2 2 1 11 254 2322 2323
4190 2 2 1 11 2323 255 254
4191 2 2 1 11 255 2323 256
4192 2 2 1 11 256 2323 2324
4193 2 2 1 11 256 2324 870
4194 2 2 1 11 870 12 256
4195 2 2 1 11 863 864 2305
4196 2 2 1 11 2305 864 2325
4197 2 2 1 11 2305 2325 2326
4198 2 2 1 11 2326 2306 2305
4199 2 2 1 11 2306 2326 2307
4200 2 2 1 11 2307 2326 2327
4201 2 2 1 11 2307 2327 2328
4202 2 2 1 11 2328 2308 2307
4203 2 2 1 11 2308 2328 2309
4204 2 2 1 11 2309 2328 2329
4205 2 2 1 11 2309 2329 2330
4206 2 2 1 11 2330 2310 2309
4207 2 2 1 11 2310 2330 2311
4208 2 2 1 11 2311 2330 2331
4209 2 2 1 11 2311 2331 2332
4210 2 2 1 11 2332 2312 2311
4211 2 2 1 11 2312 2332 2313
4212 2 2 1 11 2313 2332 2333
4213 2 2 1 11 2313 2333 2334
4214 2 2 1 11 2334 2314 2313
4215 2 2 1 11 2314 2334 2315
4216 2 2 1 11 2315 2334 2335
4217 2 2 1 11 2315 2335 2336
4218 2 2 1 11 2336 2316 2315
4219 2 2 1 11 2316 2336 2317
4220 2 2 1 11 2317 2336 2337
4221 2 2 1 11 2317 2337 2338
4222 2 2 1 11 2338 2318 2317
4223 2 2 1 11 2318 2338 2319
4224 2 2 1 11 2319 2338 2339
4225 2 2 1 11 2319 2339 2340
4226 2 2 1 11 2340 2320 2319
4227 2 2 1 11 2320 2340 2321
4228 2 2 1 11 2321 2340 2341
4229 2 2 1 11 2321 2341 2342
4230 2 2 1 11 2342 2322 2321
4231 2 2 1 11 2322 2342 2323
4232 2 2 1 11 2323 2342 2343
4233 2 2 1 11 2323 2343 2344
4234 2 2 1 11 2344 2324 2323
4235 2 2 1 11 2324 2344 870
4236 2 2 1 11 870 2344 871
4237 2 2 1 11 864 865 2345
4238 2 2 1 11 2345 2325 864
4239 2 2 1 11 2325 2345 2326
4240 2 2 1 11 2326 2345 2346
4241 2 2 1 11 2326 2346 2347
4242 2 2 1 11 2347 2327 2326
4243 2 2 1 11 2327 2347 2328
4244 2 2 1 11 2328 2347 2348
4245 2 2 1 11 2328 2348 2349
4246 2 2 1 11 2349 2329 2328
4247 2 2 1 11 2329 2349 2330
4248 2 2 1 11 2330 2349 2350
4249 2 2 1 11 2330 2350 2351
4250 2 2 1 11 2351 2331 2330
4251 2 2 1 11 2331 2351 2332
4252 2 2 1 11 2332 2351 2352
4253 2 2 1 11 2332 2352 2353
4254 2 2 1 11 2353 2333 2332
4255 2 2 1 11 2333 2353 2334
4256 2 2 1 11 2334 2353 2354
4257 2 2 1 11 2334 2354 2355
4258 2 2 1 11 2355 2335 2334
4259 2 2 1 11 2335 2355 2336
4260 2 2 1 11 2336 2355 2356
4261 2 2 1 11 2336 2356 2357
4262 2 2 1 11 2357 2337 2336
4263 2 2 1 11 2337 2357 2338
4264 2 2 1 11 2338 2357 2358
4265 2 2 1 11 2338 2358 2359
4266 2 2 1 11 2359 2339 2338
4267 2 2 1 11 2339 2359 2340
4268 2 2 1 11 2340 2359 2360
4269 2 2 1 11 2340 2360 2361
4270 2 2 1 11 2361 2341 2340
4271 2 2 1 11 2341 2361 2342
4272 2 2 1 11 2342 2361 2362
4273 2 2 1 11 2342 2362 2363
4274 2 2 1 11 2363 2343 2342
4275 2 2 1 11 2343 2363 2344
4276 2 2 1 11 2344 2363 2364
4277 2 2 1 11 2344 2364 872
4278 2 2 1 11 872 871 2344
4279 2 2 1 11 865 866 2345
4280 2 2 1 11 2345 866 2365
4281 2 2 1 11 2345 2365 2366
4282 2 2 1 11 2366 2346 2345
4283 2 2 1 11 2346 2366 2347
4284 2 2 1 11 2347 2366 2367
4285 2 2 1 11 2347 2367 2368
4286 2 2 1 11 2368 2348 2347
4287 2 2 1 11 2348 2368 2349
4288 2 2 1 11 2349 2368 2369
4289 2 2 1 11 2349 2369 2370
4290 2 2 1 11 2370 2350 2349
4291 2 2 1 11 2350 2370 2351
4292 2 2 1 11 2351 2370 2371
4293 2 2 1 11 2351 2371 2372
4294 2 2 1 11 2372 2352 2351
4295 2 2 1 11 2352 2372 2353
4296 2 2 1 11 2353 2372 2373
4297 2 2 1 11 2353 2373 2374
4298 2 2 1 11 2374 2354 2353
4299 2 2 1 11 2354 2374 2355
4300 2 2 1 11 2355 2374 2375
4301 2 2 1 11 2355 2375 2376
4302 2 2 1 11 2376 2356 2355
4303 2 2 1 11 2356 2376 2357
4304 2 2 1 11 2357 2376 2377
4305 2 2 1 11 2357 2377 2378
4306 2 2 1 11 2378 2358 2357
4307 2 2 1 11 2358 2378 2359
4308 2 2 1 11 2359 2378 2379
4309 2 2 1 11 2359 2379 2380
4310 2 2 1 11 2380 2360 2359
4311 2 2 1 11 2360 2380 2361
4312 2 2 1 11 2361 2380 2381
4313 2 2 1 11 2361 2381 2382
4314 2 2 1 11 2382 2362 2361
4315 2 2 1 11 2362 2382 2363
4316 2 2 1 11 2363 2382 2383
4317 2 2 1 11 2363 2383 2384
4318 2 2 1 11 2384 2364 2363
4319 2 2 1 11 2364 2384 872
4320 2 2 1 11 872 2384 873
4321 2 2 1 11 866 867 2385
4322 2 2 1 11 2385 2365 866
4323 2 2 1 11 2365 2385 2366
4324 2 2 1 11 2366 2385 2386
4325 2 2 1 11 2366 2386 2387
4326 2 2 1 11 2387 2367 2366
4327 2 2 1 11 2367 2387 2368
4328 2 2 1 11 2368 2387 2388
4329 2 2 1 11 2368 2388 2389
4330 2 2 1 11 2389 2369 2368
4331 2 2 1 11 2369 2389 2370
4332 2 2 1 11 2370 2389 2390
4333 2 2 1 11 2370 2390 2391
4334 2 2 1 11 2391 2371 2370
4335 2 2 1 11 2371 2391 2372
4336 2 2 1 11 2372 2391 2392
4337 2 2 1 11 2372 2392 2393
4338 2 2 1 11 2393 2373 2372
4339 2 2 1 11 2373 2393 2374
4340 2 2 1 11 2374 2393 2394
4341 2 2 1 11 2374 2394 2395
4342 2 2 1 11 2395 2375 2374
4343 2 2 1 11 2375 2395 2376
4344 2 2 1 11 2376 2395 2396
4345 2 2 1 11 2376 2396 2397
4346 2 2 1 11 2397 2377 2376
4347 2 2 1 11 2377 2397 2378
4348 2 2 1 11 2378 2397 2398
4349 2 2 1 11 2378 2398 2399
4350 2 2 1 11 2399 2379 2378
4351 2 2 1 11 2379 2399 2380
4352 2 2 1 11 2380 2399 2400
4353 2 2 1 11 2380 2400 2401
4354 2 2 1 11 2401 2381 2380
4355 2 2 1 11 2381 2401 2382
4356 2 2 1 11 2382 2401 2402
4357 2 2 1 11 2382 2402 2403
4358 2 2 1 11 2403 2383 2382
4359 2 2 1 11 2383 2403 2384
4360 2 2 1 11 2384 2403 2404
4361 2 2 1 11 2384 2404 874
4362 2 2 1 11 874 873 2384
4363 2 2 1 11 867 868 2385
4364 2 2 1 11 2385 868 2405
4365 2 2 1 11 2385 2405 2406
4366 2 2 1 11 2406 2386 2385
4367 2 2 1 11 2386 2406 2387
4368 2 2 1 11 2387 2406 2407
4369 2 2 1 11 2387 2407 2408
4370 2 2 1 11 2408 2388 2387
4371 2 2 1 11 2388 2408 2389
4372 2 2 1 11 2389 2408 2409
4373 2 2 1 11 2389 2409 2410
4374 2 2 1 11 2410 2390 2389
4375 2 2 1 11 2390 2410 2391
4376 2 2 1 11 2391 2410 2411
4377 2 2 1 11 2391 2411 2412
4378 2 2 1 11 2412 2392 2391
4379 2 2 1 11 2392 2412 2393
4380 2 2 1 11 2393 2412 2413
4381 2 2 1 11 2393 2413 2414
4382 2 2 1 11 2414 2394 2393
4383 2 2 1 11 2394 2414 2395
4384 2 2 1 11 2395 2414 2415
4385 2 2 1 11 2395 2415 2416
4386 2 2 1 11 2416 2396 2395
4387 2 2 1 11 2396 2416 2397
4388 2 2 1 11 2397 2416 2417
4389 2 2 1 11 2397 2417 2418
4390 2 2 1 11 2418 2398 2397
4391 2 2 1 11 2398 2418 2399
4392 2 2 1 11 2399 2418 2419
4393 2 2 1 11 2399 2419 2420
4394 2 2 1 11 2420 2400 2399
4395 2 2 1 11 2400 2420 2401
4396 2 2 1 11 2401 2420 2421
4397 2 2 1 11 2401 2421 2422
4398 2 2 1 11 2422 2402 2401
4399 2 2 1 11 2402 2422 2403
4400 2 2 1 11 2403 2422 2423
4401 2 2 1 11 2403 2423 2424
4402 2 2 1 11 2424 2404 2403
4403 2 2 1 11 2404 2424 874
4404 2 2 1 11 874 2424 875
4405 2 2 1 11 868 869 2425
4406 2 2 1 11 2425 2405 868
4407 2 2 1 11 2405 2425 2406
4408 2 2 1 11 2406 2425 2426
4409 2 2 1 11 2406 2426 2427
4410 2 2 1 11 2427 2407 2406
4411 2 2 1 11 2407 2427 2408
4412 2 2 1 11 2408 2427 2428
4413 2 2 1 11 2408 2428 2429
4414 2 2 1 11 2429 2409 2408
4415 2 2 1 11 2409 2429 2410
4416 2 2 1 11 2410 2429 2430
4417 2 2 1 11 2410 2430 2431
4418 2 2 1 11 2431 2411 2410
4419 2 2 1 11 2411 2431 2412
4420 2 2 1 11 2412 2431 2432
4421 2 2 1 11 2412 2432 2433
4422 2 2 1 11 2433 2413 2412
4423 2 2 1 11 2413 2433 2414
4424 2 2 1 11 2414 2433 2434
4425 2 2 1 11 2414 2434 2435
4426 2 2 1 11 2435 2415 2414
4427 2 2 1 11 2415 2435 2416
4428 2 2 1 11 2416 2435 2436
4429 2 2 1 11 2416 2436 2437
4430 2 2 1 11 2437 2417 2416
4431 2 2 1 11 2417 2437 2418
4432 2 2 1 11 2418 2437 2438
4433 2 2 1 11 2418 2438 2439
4434 2 2 1 11 2439 2419 2418
4435 2 2 1 11 2419 2439 2420
4436 2 2 1 11 2420 2439 2440
4437 2 2 1 11 2420 2440 2441
4438 2 2 1 11 2441 2421 2420
4439 2 2 1 11 2421 2441 2422
4440 2 2 1 11 2422 2441 2442
4441 2 2 1 11 2422 2442 2443
4442 2 2 1 11 2443 2423 2422
4443 2 2 1 11 2423 2443 2424
4444 2 2 1 11 2424 2443 2444
4445 2 2 1 11 2424 2444 876
4446 2 2 1 11 876 875 2424
4447 2 2 1 11 869 27 2425
4448 2 2 1 11 2425 27 557
4449 2 2 1 11 2425 557 558
4450 2 2 1 11 558 2426 2425
4451 2 2 1 11 2426 558 2427
4452 2 2 1 11 2427 558 559
4453 2 2 1 11 2427 559 560
4454 2 2 1 11 560 2428 2427
4455 2 2 1 11 2428 560 2429
4456 2 2 1 11 2429 560 561
4457 2 2 1 11 2429 561 562
4458 2 2 1 11 562 2430 2429
4459 2 2 1 11 2430 562 2431
4460 2 2 1 11 2431 562 563
4461 2 2 1 11 2431 563 564
4462 2 2 1 11 564 2432 2431
4463 2 2 1 11 2432 564 2433
4464 2 2 1 11 2433 564 565
4465 2 2 1 11 2433 565 566
4466 2 2 1 11 566 2434 2433
4467 2 2 1 11 2434 566 2435
4468 2 2 1 11 2435 566 567
4469 2 2 1 11 2435 567 568
4470 2 2 1 11 568 2436 2435
4471 2 2 1 11 2436 568 2437
4472 2 2 1 11 2437 568 569
4473 2 2 1 11 2437 569 570
4474 2 2 1 11 570 2438 2437
4475 2 2 1 11 2438 570 2439
4476 2 2 1 11 2439 570 571
4477 2 2 1 11 2439 571 572
4478 2 2 1 11 572 2440 2439
4479 2 2 1 11 2440 572 2441
4480 2 2 1 11 2441 572 573
4481 2 2 1 11 2441 573 574
4482 2 2 1 11 574 2442 2441
4483 2 2 1 11 2442 574 2443
4484 2 2 1 11 2443 574 575
4485 2 2 1 11 2443 575 576
4486 2 2 1 11 576 2444 2443
4487 2 2 1 11 2444 576 876
4488 2 2 1 11 876 576 28
4489 2 2 1 12 12 870 2445
4490 2 2 1 12 2445 257 12
4491 2 2 1 12 257 2445 258
4492 2 2 1 12 258 2445 2446
4493 2 2 1 12 258 2446 2447
4494 2 2 1 12 2447 259 258
4495 2 2 1 12 259 2447 260
4496 2 2 1 12 260 2447 2448
4497 2 2 1 12 260 2448 2449
4498 2 2 1 12 2449 261 260
4499 2 2 1 12 261 2449 262
4500 2 2 1 12 262 2449 2450
4501 2 2 1 12 262 2450 2451
4502 2 2 1 12 2451 263 262
4503 2 2 1 12 263 2451 264
4504 2 2 1 12 264 2451 2452
4505 2 2 1 12 264 2452 2453
4506 2 2 1 12 2453 265 264
4507 2 2 1 12 265 2453 266
4508 2 2 1 12 266 2453 2454
4509 2 2 1 12 266 2454 2455
4510 2 2 1 12 2455 267 266
4511 2 2 1 12 267 2455 268
4512 2 2 1 12 268 2455 2456
4513 2 2 1 12 268 2456 2457
4514 2 2 1 12 2457 269 268
4515 2 2 1 12 269 2457 270
4516 2 2 1 12 270 2457 2458
4517 2 2 1 12 270 2458 2459
4518 2 2 1 12 2459 271 270
4519 2 2 1 12 271 2459 272
4520 2 2 1 12 272 2459 2460
4521 2 2 1 12 272 2460 2461
4522 2 2 1 12 2461 273 272
4523 2 2 1 12 273 2461 274
4524 2 2 1 12 274 2461 2462
4525 2 2 1 12 274 2462 2463
4526 2 2 1 12 2463 275 274
4527 2 2 1 12 275 2463 276
4528 2 2 1 12 276 2463 2464
4529 2 2 1 12 276 2464 877
4530 2 2 1 12 877 13 276
4531 2 2 1 12 870 871 2445
4532 2 2 1 12 2445 871 2465
4533 2 2 1 12 2445 2465 2466
4534 2 2 1 12 2466 2446 2445
4535 2 2 1 12 2446 2466 2447
4536 2 2 1 12 2447 2466 2467
4537 2 2 1 12 2447 2467 2468
4538 2 2 1 12 2468 2448 2447
4539 2 2 1 12 2448 2468 2449
4540 2 2 1 12 2449 2468 2469
4541 2 2 1 12 2449 2469 2470
4542 2 2 1 12 2470 2450 2449
4543 2 2 1 12 2450 2470 2451
4544 2 2 1 12 2451 2470 2471
4545 2 2 1 12 2451 2471 2472
4546 2 2 1 12 2472 2452 2451
4547 2 2 1 12 2452 2472 2453
4548 2 2 1 12 2453 2472 2473
4549 2 2 1 12 2453 2473 2474
4550 2 2 1 12 2474 2454 2453
4551 2 2 1 12 2454 2474 2455
4552 2 2 1 12 2455 2474 2475
4553 2 2 1 12 2455 2475 2476
4554 2 2 1 12 2476 2456 2455
4555 2 2 1 12 2456 2476 2457
4556 2 2 1 12 2457 2476 2477
4557 2 2 1 12 2457 2477 2478
4558 2 2 1 12 2478 2458 2457
4559 2 2 1 12 2458 2478 2459
4560 2 2 1 12 2459 2478 2479
4561 2 2 1 12 2459 2479 2480
4562 2 2 1 12 2480 2460 2459
4563 2 2 1 12 2460 2480 2461
4564 2 2 1 12 2461 2480 2481
4565 2 2 1 12 2461 2481 2482
4566 2 2 1 12 2482 2462 2461
4567 2 2 1 12 2462 2482 2463
4568 2 2 1 12 2463 2482 2483
4569 2 2 1 12 2463 2483 2484
4570 2 2 1 12 2484 2464 2463
4571 2 2 1 12 2464 2484 877
4572 2 2 1 12 877 2484 878
4573 2 2 1 12 871 872 2485
4574 2 2 1 12 2485 2465 871
4575 2 2 1 12 2465 2485 2466
4576 2 2 1 12 2466 2485 2486
4577 2 2 1 12 2466 2486 2487
4578 2 2 1 12 2487 2467 2466
4579 2 2 1 12 2467 2487 2468
4580 2 2 1 12 2468 2487 2488
4581 2 2 1 12 2468 2488 2489
4582 2 2 1 12 2489 2469 2468
4583 2 2 1 12 2469 2489 2470
4584 2 2 1 12 2470 2489 2490
4585 2 2 1 12 2470 2490 2491
4586 2 2 1 12 2491 2471 2470
4587 2 2 1 12 2471 2491 2472
4588 2 2 1 12 2472 2491 2492
4589 2 2 1 12 2472 2492 2493
4590 2 2 1 12 2493 2473 2472
4591 2 2 1 12 2473 2493 2474
4592 2 2 1 12 2474 2493 2494
4593 2 2 1 12 2474 2494 2495
4594 2 2 1 12 2495 2475 2474
4595 2 2 1 12 2475 2495 2476
4596 2 2 1 12 2476 2495 2496
4597 2 2 1 12 2476 2496 2497
4598 2 2 1 12 2497 2477 2476
4599 2 2 1 12 2477 2497 2478
4600 2 2 1 12 2478 2497 2498
4601 2 2 1 12 2478 2498 2499
4602 2 2 1 12 2499 2479 2478
4603 2 2 1 12 2479 2499 2480
4604 2 2 1 12 2480 2499 2500
4605 2 2 1 12 2480 2500 2501
4606 2 2 1 12 2501 2481 2480
4607 2 2 1 12 2481 2501 2482
4608 2 2 1 12 2482 2501 2502
4609 2 2 1 12 2482 2502 2503
4610 2 2 1 12 2503 2483 2482
4611 2 2 1 12 2483 2503 2484
4612 2 2 1 12 2484 2503 2504
4613 2 2 1 12 2484 2504 879
4614 2 2 1 12 879 878 2484
4615 2 2 1 12 872 873 2485
4616 2 2 1 12 2485 873 2505
4617 2 2 1 12 2485 2505 2506
4618 2 2 1 12 2506 2486 2485
4619 2 2 1 12 2486 2506 2487
4620 2 2 1 12 2487 2506 2507
4621 2 2 1 12 2487 2507 2508
4622 2 2 1 12 2508 2488 2487
4623 2 2 1 12 2488 2508 2489
4624 2 2 1 12 2489 2508 2509
4625 2 2 1 12 2489 2509 2510
4626 2 2 1 12 2510 2490 2489
4627 2 2 1 12 2490 2510 2491
4628 2 2 1 12 2491 2510 2511
4629 2 2 1 12 2491 2511 2512
4630 2 2 1 12 2512 2492 2491
4631 2 2 1 12 2492 2512 2493
4632 2 2 1 12 2493 2512 2513
4633 2 2 1 12 2493 2513 2514
4634 2 2 1 12 2514 2494 2493
4635 2 2 1 12 2494 2514 2495
4636 2 2 1 12 2495 2514 2515
4637 2 2 1 12 2495 2515 2516
4638 2 2 1 12 2516 2496 2495
4639 2 2 1 12 2496 2516 2497
4640 2 2 1 12 2497 2516 2517
4641 2 2 1 12 2497 2517 2518
4642 2 2 1 12 2518 2498 2497
4643 2 2 1 12 2498 2518 2499
4644 2 2 1 12 2499 2518 2519
4645 2 2 1 12 2499 2519 2520
4646 2 2 1 12 2520 2500 2499
4647 2 2 1 12 2500 2520 2501
4648 2 2 1 12 2501 2520 2521
4649 2 2 1 12 2501 2521 2522
4650 2 2 1 12 2522 2502 2501
4651 2 2 1 12 2502 2522 2503
4652 2 2 1 12 2503 2522 2523
4653 2 2 1 12 2503 2523 2524
4654 2 2 1 12 2524 2504 2503
4655 2 2 1 12 2504 2524 879
4656 2 2 1 12 879 2524 880
4657 2 2 1 12 873 874 2525
4658 2 2 1 12 2525 2505 873
4659 2 2 1 12 2505 2525 2506
4660 2 2 1 12 2506 2525 2526
4661 2 2 1 12 2506 2526 2527
4662 2 2 1 12 2527 2507 2506
4663 2 2 1 12 2507 2527 2508
4664 2 2 1 12 2508 2527 2528
4665 2 2 1 12 2508 2528 2529
4666 2 2 1 12 2529 2509 2508
4667 2 2 1 12 2509 2529 2510
4668 2 2 1 12 2510 2529 2530
4669 2 2 1 12 2510 2530 2531
4670 2 2 1 12 2531 2511 2510
4671 2 2 1 12 2511 2531 2512
4672 2 2 1 12 2512 2531 2532
4673 2 2 1 12 2512 2532 2533
4674 2 2 1 12 2533 2513 2512
4675 2 2 1 12 2513 2533 2514
4676 2 2 1 12 2514 2533 2534
4677 2 2 1 12 2514 2534 2535
4678 2 2 1 12 2535 2515 2514
4679 2 2 1 12 2515 2535 2516
4680 2 2 1 12 2516 2535 2536
4681 2 2 1 12 2516 2536 2537
4682 2 2 1 12 2537 2517 2516
4683 2 2 1 12 2517 2537 2518
4684 2 2 1 12 2518 2537 2538
4685 2 2 1 12 2518 2538 2539
4686 2 2 1 12 2539 2519 2518
4687 2 2 1 12 2519 2539 2520
4688 2 2 1 12 2520 2539 2540
4689 2 2 1 12 2520 2540 2541
4690 2 2 1 12 2541 2521 2520
4691 2 2 1 12 2521 2541 2522
4692 2 2 1 12 2522 2541 2542
4693 2 2 1 12 2522 2542 2543
4694 2 2 1 12 2543 2523 2522
4695 2 2 1 12 2523 2543 2524
4696 2 2 1 12 2524 2543 2544
4697 2 2 1 12 2524 2544 881
4698 2 2 1 12 881 880 2524
4699 2 2 1 12 874 875 2525
4700 2 2 1 12 2525 875 2545
4701 2 2 1 12 2525 2545 2546
4702 2 2 1 12 2546 2526 2525
4703 2 2 1 12 2526 2546 2527
4704 2 2 1 12 2527 2546 2547
4705 2 2 1 12 2527 2547 2548
4706 2 2 1 12 2548 2528 2527
4707 2 2 1 12 2528 2548 2529
4708 2 2 1 12 2529 2548 2549
4709 2 2 1 12 2529 2549 2550
4710 2 2 1 12 2550 2530 2529
4711 2 2 1 12 2530 2550 2531
4712 2 2 1 12 2531 2550 2551
4713 2 2 1 12 2531 2551 2552
4714 2 2 1 12 2552 2532 2531
4715 2 2 1 12 2532 2552 2533
4716 2 2 1 12 2533 2552 2553
4717 2 2 1 12 2533 2553 2554
4718 2 2 1 12 2554 2534 2533
4719 2 2 1 12 2534 2554 2535
4720 2 2 1 12 2535 2554 2555
4721 2 2 1 12 2535 2555 2556
4722 2 2 1 12 2556 2536 2535
4723 2 2 1 12 2536 2556 2537
4724 2 2 1 12 2537 2556 2557
4725 2 2 1 12 2537 2557 2558
4726 2 2 1 12 2558 2538 2537
4727 2 2 1 12 2538 2558 2539
4728 2 2 1 12 2539 2558 2559
4729 2 2 1 12 2539 2559 2560
4730 2 2 1 12 2560 2540 2539
4731 2 2 1 12 2540 2560 2541
4732 2 2 1 12 2541 2560 2561
4733 2 2 1 12 2541 2561 2562
4734 2 2 1 12 2562 2542 2541
4735 2 2 1 12 2542 2562 2543
4736 2 2 1 12 2543 2562 2563
4737 2 2 1 12 2543 2563 2564
4738 2 2 1 12 2564 2544 2543
4739 2 2 1 12 2544 2564 881
4740 2 2 1 12 881 2564 882
4741 2 2 1 12 875 876 2565
4742 2 2 1 12 2565 2545 875
4743 2 2 1 12 2545 2565 2546
4744 2 2 1 12 2546 2565 2566
4745 2 2 1 12 2546 2566 2567
4746 2 2 1 12 2567 2547 2546
4747 2 2 1 12 2547 2567 2548
4748 2 2 1 12 2548 2567 2568
4749 2 2 1 12 2548 2568 2569
4750 2 2 1 12 2569 2549 2548
4751 2 2 1 12 2549 2569 2550
4752 2 2 1 12 2550 2569 2570
4753 2 2 1 12 2550 2570 2571
4754 2 2 1 12 2571 2551 2550
4755 2 2 1 12 2551 2571 2552
4756 2 2 1 12 2552 2571 2572
4757 2 2 1 12 2552 2572 2573
4758 2 2 1 12 2573 2553 2552
4759 2 2 1 12 2553 2573 2554
4760 2 2 1 12 2554 2573 2574
4761 2 2 1 12 2554 2574 2575
4762 2 2 1 12 2575 2555 2554
4763 2 2 1 12 2555 2575 2556
4764 2 2 1 12 2556 2575 2576
4765 2 2 1 12 2556 2576 2577
4766 2 2 1 12 2577 2557 2556
4767 2 2 1 12 2557 2577 2558
4768 2 2 1 12 2558 2577 2578
4769 2 2 1 12 2558 2578 2579
4770 2 2 1 12 2579 2559 2558
4771 2 2 1 12 2559 2579 2560
4772 2 2 1 12 2560 2579 2580
4773 2 2 1 12 2560 2580 2581
4774 2 2 1 12 2581 2561 2560
4775 2 2 1 12 2561 2581 2562
4776 2 2 1 12 2562 2581 2582
4777 2 2 1 12 2562 2582 2583
4778 2 2 1 12 2583 2563 2562
4779 2 2 1 12 2563 2583 2564
4780 2 2 1 12 2564 2583 2584
4781 2 2 1 12 2564 2584 883
4782 2 2 1 12 883 882 2564
4783 2 2 1 12 876 28 2565
4784 2 2 1 12 2565 28 577
4785 2 2 1 12 2565 577 578
4786 2 2 1 12 578 2566 2565
4787 2 2 1 12 2566 578 2567
4788 2 2 1 12 2567 578 579
4789 2 2 1 12 2567 579 580
4790 2 2 1 12 580 2568 2567
4791 2 2 1 12 2568 580 2569
4792 2 2 1 12 2569 580 581
4793 2 2 1 12 2569 581 582
4794 2 2 1 12 582 2570 2569
4795 2 2 1 12 2570 582 2571
4796 2 2 1 12 2571 582 583
4797 2 2 1 12 2571 583 584
4798 2 2 1 12 584 2572 2571
4799 2 2 1 12 2572 584 2573
4800 2 2 1 12 2573 584 585
4801 2 2 1 12 2573 585 586
4802 2 2 1 12 586 2574 2573
4803 2 2 1 12 2574 586 2575
4804 2 2 1 12 2575 586 587
4805 2 2 1 12 2575 587 588
4806 2 2 1 12 588 2576 2575
4807 2 2 1 12 2576 588 2577
4808 2 2 1 12 2577 588 589
4809 2 2 1 12 2577 589 590
4810 2 2 1 12 590 2578 2577
4811 2 2 1 12 2578 590 2579
4812 2 2 1 12 2579 590 591
4813 2 2 1 12 2579 591 592
4814 2 2 1 12 592 2580 2579
4815 2 2 1 12 2580 592 2581
4816 2 2 1 12 2581 592 593
4817 2 2 1 12 2581 593 594
4818 2 2 1 12 594 2582 2581
4819 2 2 1 12 2582 594 2583
4820 2 2 1 12 2583 594 595
4821 2 2 1 12 2583 595 596
4822 2 2 1 12 596 2584 2583
4823 2 2 1 12 2584 596 883
4824 2 2 1 12 883 596 29
4825 2 2 1 13 13 877 2585
4826 2 2 1 13 2585 277 13
4827 2 2 1 13 277 2585 278
4828 2 2 1 13 278 2585 2586
4829 2 2 1 13 278 2586 2587
4830 2 2 1 13 2587 279 278
4831 2 2 1 13 279 2587 280
4832 2 2 1 13 280 2587 2588
4833 2 2 1 13 280 2588 2589
4834 2 2 1 13 2589 281 280
4835 2 2 1 13 281 2589 282
4836 2 2 1 13 282 2589 2590
4837 2 2 1 13 282 2590 2591
4838 2 2 1 13 2591 283 282
4839 2 2 1 13 283 2591 284
4840 2 2 1 13 284 2591 2592
4841 2 2 1 13 284 2592 2593
4842 2 2 1 13 2593 285 284
4843 2 2 1 13 285 2593 286
4844 2 2 1 13 286 2593 2594
4845 2 2 1 13 286 2594 2595
4846 2 2 1 13 2595 287 286
4847 2 2 1 13 287 2595 288
4848 2 2 1 13 288 2595 2596
4849 2 2 1 13 288 2596 2597
4850 2 2 1 13 2597 289 288
4851 2 2 1 13 289 2597 290
4852 2 2 1 13 290 2597 2598
4853 2 2 1 13 290 2598 2599
4854 2 2 1 13 2599 291 290
4855 2 2 1 13 291 2599 292
4856 2 2 1 13 292 2599 2600
4857 2 2 1 13 292 2600 2601
4858 2 2 1 13 2601 293 292
4859 2 2 1 13 293 2601 294
4860 2 2 1 13 294 2601 2602
4861 2 2 1 13 294 2602 2603
4862 2 2 1 13 2603 295 294
4863 2 2 1 13 295 2603 296
4864 2 2 1 13 296 2603 2604
4865 2 2 1 13 296 2604 884
4866 2 2 1 13 884 14 296
4867 2 2 1 13 877 878 2585
4868 2 2 1 13 2585 878 2605
4869 2 2 1 13 2585 2605 2606
4870 2 2 1 13 2606 2586 2585
4871 2 2 1 13 2586 2606 2587
4872 2 2 1 13 2587 2606 2607
4873 2 2 1 13 2587 2607 2608
4874 2 2 1 13 2608 2588 2587
4875 2 2 1 13 2588 2608 2589
4876 2 2 1 13 2589 2608 2609
4877 2 2 1 13 2589 2609 2610
4878 2 2 1 13 2610 2590 2589
4879 2 2 1 13 2590 2610 2591
4880 2 2 1 13 2591 2610 2611
4881 2 2 1 13 2591 2611 2612
4882 2 2 1 13 2612 2592 2591
4883 2 2 1 13 2592 2612 2593
4884 2 2 1 13 2593 2612 2613
4885 2 2 1 13 2593 2613 2614
4886 2 2 1 13 2614 2594 2593
4887 2 2 1 13 2594 2614 2595
4888 2 2 1 13 2595 2614 2615
4889 2 2 1 13 2595 2615 2616
4890 2 2 1 13 2616 2596 2595
4891 2 2 1 13 2596 2616 2597
4892 2 2 1 13 2597 2616 2617
4893 2 2 1 13 2597 2617 2618
4894 2 2 1 13 2618 2598 2597
4895 2 2 1 13 2598 2618 2599
4896 2 2 1 13 2599 2618 2619
4897 2 2 1 13 2599 2619 2620
4898 2 2 1 13 2620 2600 2599
4899 2 2 1 13 2600 2620 2601
4900 2 2 1 13 2601 2620 2621
4901 2 2 1 13 2601 2621 2622
4902 2 2 1 13 2622 2602 2601
4903 2 2 1 13 2602 2622 2603
4904 2 2 1 13 2603 2622 2623
4905 2 2 1 13 2603 2623 2624
4906 2 2 1 13 2624 2604 2603
4907 2 2 1 13 2604 2624 884
4908 2 2 1 13 884 2624 885
4909 2 2 1 13 878 879 2625
4910 2 2 1 13 2625 2605 878
4911 2 2 1 13 2605 2625 2606
4912 2 2 1 13 2606 2625 2626
4913 2 2 1 13 2606 2626 2627
4914 2 2 1 13 2627 2607 2606
4915 2 2 1 13 2607 2627 2608
4916 2 2 1 13 2608 2627 2628
4917 2 2 1 13 2608 2628 2629
4918 2 2 1 13 2629 2609 2608
4919 2 2 1 13 2609 2629 2610
4920 2 2 1 13 2610 2629 2630
4921 2 2 1 13 2610 2630 2631
4922 2 2 1 13 2631 2611 2610
4923 2 2 1 13 2611 2631 2612
4924 2 2 1 13 2612 2631 2632
4925 2 2 1 13 2612 2632 2633
4926 2 2 1 13 2633 2613 2612
4927 2 2 1 13 2613 2633 2614
4928 2 2 1 13 2614 2633 2634
4929 2 2 1 13 2614 2634 2635
4930 2 2 1 13 2635 2615 2614
4931 2 2 1 13 2615 2635 2616
4932 2 2 1 13 2616 2635 2636
4933 2 2 1 13 2616 2636 2637
4934 2 2 1 13 2637 2617 2616
4935 2 2 1 13 2617 2637 2618
4936 2 2 1 13 2618 2637 2638
4937 2 2 1 13 2618 2638 2639
4938 2 2 1 13 2639 2619 2618
4939 2 2 1 13 2619 2639 2620
4940 2 2 1 13 2620 2639 2640
4941 2 2 1 13 2620 2640 2641
4942 2 2 1 13 2641 2621 2620
4943 2 2 1 13 2621 2641 2622
4944 2 2 1 13 2622 2641 2642
4945 2 2 1 13 2622 2642 2643
4946 2 2 1 13 2643 2623 2622
4947 2 2 1 13 2623 2643 2624
4948 2 2 1 13 2624 2643 2644
4949 2 2 1 13 2624 2644 886
4950 2 2 1 13 886 885 2624
4951 2 2 1 13 879 880 2625
4952 2 2 1 13 2625 880 2645
4953 2 2 1 13 2625 2645 2646
4954 2 2 1 13 2646 2626 2625
4955 2 2 1 13 2626 2646 2627
4956 2 2 1 13 2627 2646 2647
4957 2 2 1 13 2627 2647 2648
4958 2 2 1 13 2648 2628 2627
4959 2 2 1 13 2628 2648 2629
4960 2 2 1 13 2629 2648 2649
4961 2 2 1 13 2629 2649 2650
4962 2 2 1 13 2650 2630 2629
4963 2 2 1 13 2630 2650 2631
4964 2 2 1 13 2631 2650 2651
4965 2 2 1 13 2631 2651 2652
4966 2 2 1 13 2652 2632 2631
4967 2 2 1 13 2632 2652 2633
4968 2 2 1 13 2633 2652 2653
4969 2 2 1 13 2633 2653 2654
4970 2 2 1 13 2654 2634 2633
4971 2 2 1 13 2634 2654 2635
4972 2 2 1 13 2635 2654 2655
4973 2 2 1 13 2635 2655 2656
4974 2 2 1 13 2656 2636 2635
4975 2 2 1 13 2636 2656 2637
4976 2 2 1 13 2637 2656 2657
4977 2 2 1 13 2637 2657 2658
4978 2 2 1 13 2658 2638 2637
4979 2 2 1 13 2638 2658 2639
4980 2 2 1 13 2639 2658 2659
4981 2 2 1 13 2639 2659 2660
4982 2 2 1 13 2660 2640 2639
4983 2 2 1 13 2640 2660 2641
4984 2 2 1 13 2641 2660 2661
4985 2 2 1 13 2641 2661 2662
4986 2 2 1 13 2662 2642 2641
4987 2 2 1 13 2642 2662 2643
4988 2 2 1 13 2643 2662 2663
4989 2 2 1 13 2643 2663 2664
4990 2 2 1 13 2664 2644 2643
4991 2 2 1 13 2644 2664 886
4992 2 2 1 13 886 2664 887
4993 2 2 1 13 880 881 2665
4994 2 2 1 13 2665 2645 880
4995 2 2 1 13 2645 2665 2646
4996 2 2 1 13 2646 2665 2666
4997 2 2 1 13 2646 2666 2667
4998 2 2 1 13 2667 2647 2646
4999 2 2 1 13 2647 2667 2648
5000 2 2 1 13 2648 2667 2668
5001 2 2 1 13 2648 2668 2669
5002 2 2 1 13 2669 2649 2648
5003 2 2 1 13 2649 2669 2650
5004 2 2 1 13 2650 2669 2670
5005 2 2 1 13 2650 2670 2671
5006 2 2 1 13 2671 2651 2650
5007 2 2 1 13 2651 2671 2652
5008 2 2 1 13 2652 2671 2672
5009 2 2 1 13 2652 2672 2673
5010 2 2 1 13 2673 2653 2652
5011 2 2 1 13 2653 2673 2654
5012 2 2 1 13 2654 2673 2674
5013 2 2 1 13 2654 2674 2675
5014 2 2 1 13 2675 2655 2654
5015 2 2 1 13 2655 2675 2656
5016 2 2 1 13 2656 2675 2676
5017 2 2 1 13 2656 2676 2677
5018 2 2 1 13 2677 2657 2656
5019 2 2 1 13 2657 2677 2658
5020 2 2 1 13 2658 2677 2678
5021 2 2 1 13 2658 2678 2679
5022 2 2 1 13 2679 2659 2658
5023 2 2 1 13 2659 2679 2660
5024 2 2 1 13 2660 2679 2680
5025 2 2 1 13 2660 2680 2681
5026 2 2 1 13 2681 2661 2660
5027 2 2 1 13 2661 2681 2662
5028 2 2 1 13 2662 2681 2682
5029 2 2 1 13 2662 2682 2683
5030 2 2 1 13 2683 2663 2662
5031 2 2 1 13 2663 2683 2664
5032 2 2 1 13 2664 2683 2684
5033 2 2 1 13 2664 2684 888
5034 2 2 1 13 888 887 2664
5035 2 2 1 13 881 882 2665
5036 2 2 1 13 2665 882 2685
5037 2 2 1 13 2665 2685 2686
5038 2 2 1 13 2686 2666 2665
5039 2 2 1 13 2666 2686 2667
5040 2 2 1 13 2667 2686 2687
5041 2 2 1 13 2667 2687 2688
5042 2 2 1 13 2688 2668 2667
5043 2 2 1 13 2668 2688 2669
5044 2 2 1 13 2669 2688 2689
5045 2 2 1 13 2669 2689 2690
5046 2 2 1 13 2690 2670 2669
5047 2 2 1 13 2670 2690 2671
5048 2 2 1 13 2671 2690 2691
5049 2 2 1 13 2671 2691 2692
5050 2 2 1 13 2692 2672 2671
5051 2 2 1 13 2672 2692 2673
5052 2 2 1 13 2673 2692 2693
5053 2 2 1 13 2673 2693 2694
5054 2 2 1 13 2694 2674 2673
5055 2 2 1 13 2674 2694 2675
5056 2 2 1 13 2675 2694 2695
5057 2 2 1 13 2675 2695 2696
5058 2 2 1 13 2696 2676 2675
5059 2 2 1 13 2676 2696 2677
5060 2 2 1 13 2677 2696 2697
5061 2 2 1 13 2677 2697 2698
5062 2 2 1 13 2698 2678 2677
5063 2 2 1 13 2678 2698 2679
5064 2 2 1 13 2679 2698 2699
5065 2 2 1 13 2679 2699 2700
5066 2 2 1 13 2700 2680 2679
5067 2 2 1 13 2680 2700 2681
5068 2 2 1 13 2681 2700 2701
5069 2 2 1 13 2681 2701 2702
5070 2 2 1 13 2702 2682 2681
5071 2 2 1 13 2682 2702 2683
5072 2 2 1 13 2683 2702 2703
5073 2 2 1 13 2683 2703 2704
5074 2 2 1 13 2704 2684 2683
5075 2 2 1 13 2684 2704 888
5076 2 2 1 13 888 2704 889
5077 2 2 1 13 882 883 2705
5078 2 2 1 13 2705 2685 882
5079 2 2 1 13 2685 2705 2686
5080 2 2 1 13 2686 2705 2706
5081 2 2 1 13 2686 2706 2707
5082 2 2 1 13 2707 2687 2686
5083 2 2 1 13 2687 2707 2688
5084 2 2 1 13 2688 2707 2708
5085 2 2 1 13 2688 2708 2709
5086 2 2 1 13 2709 2689 2688
5087 2 2 1 13 2689 2709 2690
5088 2 2 1 13 2690 2709 2710
5089 2 2 1 13 2690 2710 2711
5090 2 2 1 13 2711 2691 2690
5091 2 2 1 13 2691 2711 2692
5092 2 2 1 13 2692 2711 2712
5093 2 2 1 13 2692 2712 2713
5094 2 2 1 13 2713 2693 2692
5095 2 2 1 13 2693 2713 2694
5096 2 2 1 13 2694 2713 2714
5097 2 2 1 13 2694 2714 2715
5098 2 2 1 13 2715 2695 2694
5099 2 2 1 13 2695 2715 2696
5100 2 2 1 13 2696 2715 2716
5101 2 2 1 13 2696 2716 2717
5102 2 2 1 13 2717 2697 2696
5103 2 2 1 13 2697 2717 2698
5104 2 2 1 13 2698 2717 2718
5105 2 2 1 13 2698 2718 2719
5106 2 2 1 13 2719 2699 2698
5107 2 2 1 13 2699 2719 2700
5108 2 2 1 13 2700 2719 2720
5109 2 2 1 13 2700 2720 2721
5110 2 2 1 13 2721 2701 2700
5111 2 2 1 13 2701 2721 2702
5112 2 2 1 13 2702 2721 2722
5113 2 2 1 13 2702 2722 2723
5114 2 2 1 13 2723 2703 2702
5115 2 2 1 13 2703 2723 2704
5116 2 2 1 13 2704 2723 2724
5117 2 2 1 13 2704 2724 890
5118 2 2 1 13 890 889 2704
5119 2 2 1 13 883 29 2705
5120 2 2 1 13 2705 29 597
5121 2 2 1 13 2705 597 598
5122 2 2 1 13 598 2706 2705
5123 2 2 1 13 2706 598 2707
5124 2 2 1 13 2707 598 599
5125 2 2 1 13 2707 599 600
5126 2 2 1 13 600 2708 2707
5127 2 2 1 13 2708 600 2709
5128 2 2 1 13 2709 600 601
5129 2 2 1 13 2709 601 602
5130 2 2 1 13 602 2710 2709
5131 2 2 1 13 2710 602 2711
5132 2 2 1 13 2711 602 603
5133 2 2 1 13 2711 603 604
5134 2 2 1 13 604 2712 2711
5135 2 2 1 13 2712 604 2713
5136 2 2 1 13 2713 604 605
5137 2 2 1 13 2713 605 606
5138 2 2 1 13 606 2714 2713
5139 2 2 1 13 2714 606 2715
5140 2 2 1 13 2715 606 607
5141 2 2 1 13 2715 607 608
5142 2 2 1 13 608 2716 2715
5143 2 2 1 13 2716 608 2717
5144 2 2 1 13 2717 608 609
5145 2 2 1 13 2717 609 610
5146 2 2 1 13 610 2718 2717
5147 2 2 1 13 2718 610 2719
5148 2 2 1 13 2719 610 611
5149 2 2 1 13 2719 611 612
5150 2 2 1 13 612 2720 2719
5151 2 2 1 13 2720 612 2721
5152 2 2 1 13 2721 612 613
5153 2 2 1 13 2721 613 614
5154 2 2 1 13 614 2722 2721
5155 2 2 1 13 2722 614 2723
5156 2 2 1 13 2723 614 615
5157 2 2 1 13 2723 615 616
5158 2 2 1 13 616 2724 2723
5159 2 2 1 13 2724 616 890
5160 2 2 1 13 890 616 30
5161 2 2 1 14 14 884 2725
5162 2 2 1 14 2725 297 14
5163 2 2 1 14 297 2725 298
5164 2 2 1 14 298 2725 2726
5165 2 2 1 14 298 2726 2727
5166 2 2 1 14 2727 299 298
5167 2 2 1 14 299 2727 300
5168 2 2 1 14 300 2727 2728
5169 2 2 1 14 300 2728 2729
5170 2 2 1 14 2729 301 300
5171 2 2 1 14 301 2729 302
5172 2 2 1 14 302 2729 2730
5173 2 2 1 14 302 2730 2731
5174 2 2 1 14 2731 303 302
5175 2 2 1 14 303 2731 304
5176 2 2 1 14 304 2731 2732
5177 2 2 1 14 304 2732 2733
5178 2 2 1 14 2733 305 304
5179 2 2 1 14 305 2733 306
5180 2 2 1 14 306 2733 2734
5181 2 2 1 14 306 2734 2735
5182 2 2 1 14 2735 307 306
5183 2 2 1 14 307 2735 308
5184 2 2 1 14 308 2735 2736
5185 2 2 1 14 308 2736 2737
5186 2 2 1 14 2737 309 308
5187 2 2 1 14 309 2737 310
5188 2 2 1 14 310 2737 2738
5189 2 2 1 14 310 2738 2739
5190 2 2 1 14 2739 311 310
5191 2 2 1 14 311 2739 312
5192 2 2 1 14 312 2739 2740
5193 2 2 1 14 312 2740 2741
5194 2 2 1 14 2741 313 312
5195 2 2 1 14 313 2741 314
5196 2 2 1 14 314 2741 2742
5197 2 2 1 14 314 2742 2743
5198 2 2 1 14 2743 315 314
5199 2 2 1 14 315 2743 316
5200 2 2 1 14 316 2743 2744
5201 2 2 1 14 316 2744 891
5202 2 2 1 14 891 15 316
5203 2 2 1 14 884 885 2725
5204 2 2 1 14 2725 885 2745
5205 2 2 1 14 2725 2745 2746
5206 2 2 1 14 2746 2726 2725
5207 2 2 1 14 2726 2746 2727
5208 2 2 1 14 2727 2746 2747
5209 2 2 1 14 2727 2747 2748
5210 2 2 1 14 2748 2728 2727
5211 2 2 1 14 2728 2748 2729
5212 2 2 1 14 2729 2748 2749
5213 2 2 1 14 2729 2749 2750
5214 2 2 1 14 2750 2730 2729
5215 2 2 1 14 2730 2750 2731
5216 2 2 1 14 2731 2750 2751
5217 2 2 1 14 2731 2751 2752
5218 2 2 1 14 2752 2732 2731
5219 2 2 1 14 2732 2752 2733
5220 2 2 1 14 2733 2752 2753
5221 2 2 1 14 2733 2753 2754
5222 2 2 1 14 2754 2734 2733
5223 2 2 1 14 2734 2754 2735
5224 2 2 1 14 2735 2754 2755
5225 2 2 1 14 2735 2755 2756
5226 2 2 1 14 2756 2736 2735
5227 2 2 1 14 2736 2756 2737
5228 2 2 1 14 2737 2756 2757
5229 2 2 1 14 2737 2757 2758
5230 2 2 1 14 2758 2738 2737
5231 2 2 1 14 2738 2758 2739
5232 2 2 1 14 2739 2758 2759
5233 2 2 1 14 2739 2759 2760
5234 2 2 1 14 2760 2740 2739
5235 2 2 1 14 2740 2760 2741
5236 2 2 1 14 2741 2760 2761
5237 2 2 1 14 2741 2761 2762
5238 2 2 1 14 2762 2742 2741
5239 2 2 1 14 2742 2762 2743
5240 2 2 1 14 2743 2762 2763
5241 2 2 1 14 2743 2763 2764
5242 2 2 1 14 2764 2744 2743
5243 2 2 1 14 2744 2764 891
5244 2 2 1 14 891 2764 892
5245 2 2 1 14 885 886 2765
5246 2 2 1 14 2765 2745 885
5247 2 2 1 14 2745 2765 2746
5248 2 2 1 14 2746 2765 2766
5249 2 2 1 14 2746 2766 2767
5250 2 2 1 14 2767 2747 2746
5251 2 2 1 14 2747 2767 2748
5252 2 2 1 14 2748 2767 2768
5253 2 2 1 14 2748 2768 2769
5254 2 2 1 14 2769 2749 2748
5255 2 2 1 14 2749 2769 2750
5256 2 2 1 14 2750 2769 2770
5257 2 2 1 14 2750 2770 2771
5258 2 2 1 14 2771 2751 2750
5259 2 2 1 14 2751 2771 2752
5260 2 2 1 14 2752 2771 2772
5261 2 2 1 14 2752 2772 2773
5262 2 2 1 14 2773 2753 2752
5263 2 2 1 14 2753 2773 2754
5264 2 2 1 14 2754 2773 2774
5265 2 2 1 14 2754 2774 2775
5266 2 2 1 14 2775 2755 2754
5267 2 2 1 14 2755 2775 2756
5268 2 2 1 14 2756 2775 2776
5269 2 2 1 14 2756 2776 2777
5270 2 2 1 14 2777 2757 2756
5271 2 2 1 14 2757 2777 2758
5272 2 2 1 14 2758 2777 2778
5273 2 2 1 14 2758 2778 2779
5274 2 2 1 14 2779 2759 2758
5275 2 2 1 14 2759 2779 2760
5276 2 2 1 14 2760 2779 2780
5277 2 2 1 14 2760 2780 2781
5278 2 2 1 14 2781 2761 2760
5279 2 2 1 14 2761 2781 2762
5280 2 2 1 14 2762 2781 2782
5281 2 2 1 14 2762 2782 2783
5282 2 2 1 14 2783 2763 2762
5283 2 2 1 14 2763 2783 2764
5284 2 2 1 14 2764 2783 2784
5285 2 2 1 14 2764 2784 893
5286 2 2 1 14 893 892 2764
5287 2 2 1 14 886 887 2765
5288 2 2 1 14 2765 887 2785
5289 2 2 1 14 2765 2785 2786
5290 2 2 1 14 2786 2766 2765
5291 2 2 1 14 2766 2786 2767
5292 2 2 1 14 2767 2786 2787
5293 2 2 1 14 2767 2787 2788
5294 2 2 1 14 2788 2768 2767
5295 2 2 1 14 2768 2788 2769
5296 2 2 1 14 2769 2788 2789
5297 2 2 1 14 2769 2789 2790
5298 2 2 1 14 2790 2770 2769
5299 2 2 1 14 2770 2790 2771
5300 2 2 1 14 2771 2790 2791
5301 2 2 1 14 2771 2791 2792
5302 2 2 1 14 2792 2772 2771
5303 2 2 1 14 2772 2792 2773
5304 2 2 1 14 2773 2792 2793
5305 2 2 1 14 2773 2793 2794
5306 2 2 1 14 2794 2774 2773
5307 2 2 1 14 2774 2794 2775
5308 2 2 1 14 2775 2794 2795
5309 2 2 1 14 2775 2795 2796
5310 2 2 1 14 2796 2776 2775
5311 2 2 1 14 2776 2796 2777
5312 2 2 1 14 2777 2796 2797
5313 2 2 1 14 2777 2797 2798
5314 2 2 1 14 2798 2778 2777
5315 2 2 1 14 2778 2798 2779
5316 2 2 1 14 2779 2798 2799
5317 2 2 1 14 2779 2799 2800
5318 2 2 1 14 2800 2780 2779
5319 2 2 1 14 2780 2800 2781
5320 2 2 1 14 2781 2800 2801
5321 2 2 1 14 2781 2801 2802
5322 2 2 1 14 2802 2782 2781
5323 2 2 1 14 2782 2802 2783
5324 2 2 1 14 2783 2802 2803
5325 2 2 1 14 2783 2803 2804
5326 2 2 1 14 2804 2784 2783
5327 2 2 1 14 2784 2804 893
5328 2 2 1 14 893 2804 894
5329 2 2 1 14 887 888 2805
5330 2 2 1 14 2805 2785 887
5331 2 2 1 14 2785 2805 2786
5332 2 2 1 14 2786 2805 2806
5333 2 2 1 14 2786 2806 2807
5334 2 2 1 14 2807 2787 2786
5335 2 2 1 14 2787 2807 2788
5336 2 2 1 14 2788 2807 2808
5337 2 2 1 14 2788 2808 2809
5338 2 2 1 14 2809 2789 2788
5339 2 2 1 14 2789 2809 2790
5340 2 2 1 14 2790 2809 2810
5341 2 2 1 14 2790 2810 2811
5342 2 2 1 14 2811 2791 2790
5343 2 2 1 14 2791 2811 2792
5344 2 2 1 14 2792 2811 2812
5345 2 2 1 14 2792 2812 2813
5346 2 2 1 14 2813 2793 2792
5347 2 2 1 14 2793 2813 2794
5348 2 2 1 14 2794 2813 2814
5349 2 2 1 14 2794 2814 2815
5350 2 2 1 14 2815 2795 2794
5351 2 2 1 14 2795 2815 2796
5352 2 2 1 14 2796 2815 2816
5353 2 2 1 14 2796 2816 2817
5354 2 2 1 14 2817 2797 2796
5355 2 2 1 14 2797 2817 2798
5356 2 2 1 14 2798 2817 2818
5357 2 2 1 14 2798 2818 2819
5358 2 2 1 14 2819 2799 2798
5359 2 2 1 14 2799 2819 2800
5360 2 2 1 14 2800 2819 2820
5361 2 2 1 14 2800 2820 2821
5362 2 2 1 14 2821 2801 2800
5363 2 2 1 14 2801 2821 2802
5364 2 2 1 14 2802 2821 2822
5365 2 2 1 14 2802 2822 2823
5366 2 2 1 14 2823 2803 2802
5367 2 2 1 14 2803 2823 2804
5368 2 2 1 14 2804 2823 2824
5369 2 2 1 14 2804 2824 895
5370 2 2 1 14 895 894 2804
5371 2 2 1 14 888 889 2805
5372 2 2 1 14 2805 889 2825
5373 2 2 1 14 2805 2825 2826
5374 2 2 1 14 2826 2806 2805
5375 2 2 1 14 2806 2826 2807
5376 2 2 1 14 2807 2826 2827
5377 2 2 1 14 2807 2827 2828
5378 2 2 1 14 2828 2808 2807
5379 2 2 1 14 2808 2828 2809
5380 2 2 1 14 2809 2828 2829
5381 2 2 1 14 2809 2829 2830
5382 2 2 1 14 2830 2810 2809
5383 2 2 1 14 2810 2830 2811
5384 2 2 1 14 2811 2830 2831
5385 2 2 1 14 2811 2831 2832
5386 2 2 1 14 2832 2812 2811
5387 2 2 1 14 2812 2832 2813
5388 2 2 1 14 2813 2832 2833
5389 2 2 1 14 2813 2833 2834
5390 2 2 1 14 2834 2814 2813
5391 2 2 1 14 2814 2834 2815
5392 2 2 1 14 2815 2834 2835
5393 2 2 1 14 2815 2835 2836
5394 2 2 1 14 2836 2816 2815
5395 2 2 1 14 2816 2836 2817
5396 2 2 1 14 2817 2836 2837
5397 2 2 1 14 2817 2837 2838
5398 2 2 1 14 2838 2818 2817
5399 2 2 1 14 2818 2838 2819
5400 2 2 1 14 2819 2838 2839
5401 2 2 1 14 2819 2839 2840
5402 2 2 1 14 2840 2820 2819
5403 2 2 1 14 2820 2840 2821
5404 2 2 1 14 2821 2840 2841
5405 2 2 1 14 2821 2841 2842
5406 2 2 1 14 2842 2822 2821
5407 2 2 1 14 2822 2842 2823
5408 2 2 1 14 2823 2842 2843
5409 2 2 1 14 2823 2843 2844
5410 2 2 1 14 2844 2824 2823
5411 2 2 1 14 2824 2844 895
5412 2 2 1 14 895 2844 896
5413 2 2 1 14 889 890 2845
5414 2 2 1 14 2845 2825 889
5415 2 2 1 14 2825 2845 2826
5416 2 2 1 14 2826 2845 2846
5417 2 2 1 14 2826 2846 2847
5418 2 2 1 14 2847 2827 2826
5419 2 2 1 14 2827 2847 2828
5420 2 2 1 14 2828 2847 2848
5421 2 2 1 14 2828 2848 2849
5422 2 2 1 14 2849 2829 2828
5423 2 2 1 14 2829 2849 2830
5424 2 2 1 14 2830 2849 2850
5425 2 2 1 14 2830 2850 2851
5426 2 2 1 14 2851 2831 2830
5427 2 2 1 14 2831 2851 2832
5428 2 2 1 14 2832 2851 2852
5429 2 2 1 14 2832 2852 2853
5430 2 2 1 14 2853 2833 2832
5431 2 2 1 14 2833 2853 2834
5432 2 2 1 14 2834 2853 2854
5433 2 2 1 14 2834 2854 2855
5434 2 2 1 14 2855 2835 2834
5435 2 2 1 14 2835 2855 2836
5436 2 2 1 14 2836 2855 2856
5437 2 2 1 14 2836 2856 2857
5438 2 2 1 14 2857 2837 2836
5439 2 2 1 14 2837 2857 2838
5440 2 2 1 14 2838 2857 2858
5441 2 2 1 14 2838 2858 2859
5442 2 2 1 14 2859 2839 2838
5443 2 2 1 14 2839 2859 2840
5444 2 2 1 14 2840 2859 2860
5445 2 2 1 14 2840 2860 2861
5446 2 2 1 14 2861 2841 2840
5447 2 2 1 14 2841 2861 2842
5448 2 2 1 14 2842 2861 2862
5449 2 2 1 14 2842 2862 2863
5450 2 2 1 14 2863 2843 2842
5451 2 2 1 14 2843 2863 2844
5452 2 2 1 14 2844 2863 2864
5453 2 2 1 14 2844 2864 897
5454 2 2 1 14 897 896 2844
5455 2 2 1 14 890 30 2845
5456 2 2 1 14 2845 30 617
5457 2 2 1 14 2845 617 618
5458 2 2 1 14 618 2846 2845
5459 2 2 1 14 2846 618 2847
5460 2 2 1 14 2847 618 619
5461 2 2 1 14 2847 619 620
5462 2 2 1 14 620 2848 2847
5463 2 2 1 14 2848 620 2849
5464 2 2 1 14 2849 620 621
5465 2 2 1 14 2849 621 622
5466 2 2 1 14 622 2850 2849
5467 2 2 1 14 2850 622 2851
5468 2 2 1 14 2851 622 623
5469 2 2 1 14 2851 623 624
5470 2 2 1 14 624 2852 2851
5471 2 2 1 14 2852 624 2853
5472 2 2 1 14 2853 624 625
5473 2 2 1 14 2853 625 626
5474 2 2 1 14 626 2854 2853
5475 2 2 1 14 2854 626 2855
5476 2 2 1 14 2855 626 627
5477 2 2 1 14 2855 627 628
5478 2 2 1 14 628 2856 2855
5479 2 2 1 14 2856 628 2857
5480 2 2 1 14 2857 628 629
5481 2 2 1 14 2857 629 630
5482 2 2 1 14 630 2858 2857
5483 2 2 1 14 2858 630 2859
5484 2 2 1 14 2859 630 631
5485 2 2 1 14 2859 631 632
5486 2 2 1 14 632 2860 2859
5487 2 2 1 14 2860 632 2861
5488 2 2 1 14 2861 632 633
5489 2 2 1 14 2861 633 634
5490 2 2 1 14 634 2862 2861
5491 2 2 1 14 2862 634 2863
5492 2 2 1 14 2863 634 635
5493 2 2 1 14 2863 635 636
5494 2 2 1 14 636 2864 2863
5495 2 2 1 14 2864 636 897
5496 2 2 1 14 897 636 31
5497 2 2 1 15 15 891 2865
5498 2 2 1 15 2865 317 15
5499 2 2 1 15 317 2865 318
5500 2 2 1 15 318 2865 2866
5501 2 2 1 15 318 2866 2867
5502 2 2 1 15 2867 319 318
5503 2 2 1 15 319 2867 320
5504 2 2 1 15 320 2867 2868
5505 2 2 1 15 320 2868 2869
5506 2 2 1 15 2869 321 320
5507 2 2 1 15 321 2869 322
5508 2 2 1 15 322 2869 2870
5509 2 2 1 15 322 2870 2871
5510 2 2 1 15 2871 323 322
5511 2 2 1 15 323 2871 324
5512 2 2 1 15 324 2871 2872
5513 2 2 1 15 324 2872 2873
5514 2 2 1 15 2873 325 324
5515 2 2 1 15 325 2873 326
5516 2 2 1 15 326 2873 2874
5517 2 2 1 15 326 2874 2875
5518 2 2 1 15 2875 327 326
5519 2 2 1 15 327 2875 328
5520 2 2 1 15 328 2875 2876
5521 2 2 1 15 328 2876 2877
5522 2 2 1 15 2877 329 328
5523 2 2 1 15 329 2877 330
5524 2 2 1 15 330 2877 2878
5525 2 2 1 15 330 2878 2879
5526 2 2 1 15 2879 331 330
5527 2 2 1 15 331 2879 332
5528 2 2 1 15 332 2879 2880
5529 2 2 1 15 332 2880 2881
5530 2 2 1 15 2881 333 332
5531 2 2 1 15 333 2881 334
5532 2 2 1 15 334 2881 2882
5533 2 2 1 15 334 2882 2883
5534 2 2 1 15 2883 335 334
5535 2 2 1 15 335 2883 336
5536 2 2 1 15 336 2883 2884
5537 2 2 1 15 336 2884 898
5538 2 2 1 15 898 16 336
5539 2 2 1 15 891 892 2865
5540 2 2 1 15 2865 892 2885
5541 2 2 1 15 2865 2885 2886
5542 2 2 1 15 2886 2866 2865
5543 2 2 1 15 2866 2886 2867
5544 2 2 1 15 2867 2886 2887
5545 2 2 1 15 2867 2887 2888
5546 2 2 1 15 2888 2868 2867
5547 2 2 1 15 2868 2888 2869
5548 2 2 1 15 2869 2888 2889
5549 2 2 1 15 2869 2889 2890
5550 2 2 1 15 2890 2870 2869
5551 2 2 1 15 2870 2890 2871
5552 2 2 1 15 2871 2890 2891
5553 2 2 1 15 2871 2891 2892
5554 2 2 1 15 2892 2872 2871
5555 2 2 1 15 2872 2892 2873
5556 2 2 1 15 2873 2892 2893
5557 2 2 1 15 2873 2893 2894
5558 2 2 1 15 2894 2874 2873
5559 2 2 1 15 2874 2894 2875
5560 2 2 1 15 2875 2894 2895
5561 2 2 1 15 2875 2895 2896
5562 2 2 1 15 2896 2876 2875
5563 2 2 1 15 2876 2896 2877
5564 2 2 1 15 2877 2896 2897
5565 2 2 1 15 2877 2897 2898
5566 2 2 1 15 2898 2878 2877
5567 2 2 1 15 2878 2898 2879
5568 2 2 1 15 2879 2898 2899
5569 2 2 1 15 2879 2899 2900
5570 2 2 1 15 2900 2880 2879
5571 2 2 1 15 2880 2900 2881
5572 2 2 1 15 2881 2900 2901
5573 2 2 1 15 2881 2901 2902
5574 2 2 1 15 2902 2882 2881
5575 2 2 1 15 2882 2902 2883
5576 2 2 1 15 2883 2902 2903
5577 2 2 1 15 2883 2903 2904
5578 2 2 1 15 2904 2884 2883
5579 2 2 1 15 2884 2904 898
5580 2 2 1 15 898 2904 899
5581 2 2 1 15 892 893 2905
5582 2 2 1 15 2905 2885 892
5583 2 2 1 15 2885 2905 2886
5584 2 2 1 15 2886 2905 2906
5585 2 2 1 15 2886 2906 2907
5586 2 2 1 15 2907 2887 2886
5587 2 2 1 15 2887 2907 2888
5588 2 2 1 15 2888 2907 2908
5589 2 2 1 15 2888 2908 2909
5590 2 2 1 15 2909 2889 2888
5591 2 2 1 15 2889 2909 2890
5592 2 2 1 15 2890 2909 2910
5593 2 2 1 15 2890 2910 2911
5594 2 2 1 15 2911 2891 2890
5595 2 2 1 15 2891 2911 2892
5596 2 2 1 15 2892 2911 2912
5597 2 2 1 15 2892 2912 2913
5598 2 2 1 15 2913 2893 2892
5599 2 2 1 15 2893 2913 2894
5600 2 2 1 15 2894 2913 2914
5601 2 2 1 15 2894 2914 2915
5602 2 2 1 15 2915 2895 2894
5603 2 2 1 15 2895 2915 2896
5604 2 2 1 15 2896 2915 2916
5605 2 2 1 15 2896 2916 2917
5606 2 2 1 15 2917 2897 2896
5607 2 2 1 15 2897 2917 2898
5608 2 2 1 15 2898 2917 2918
5609 2 2 1 15 2898 2918 2919
5610 2 2 1 15 2919 2899 2898
5611 2 2 1 15 2899 2919 2900
5612 2 2 1 15 2900 2919 2920
5613 2 2 1 15 2900 2920 2921
5614 2 2 1 15 2921 2901 2900
5615 2 2 1 15 2901 2921 2902
5616 2 2 1 15 2902 2921 2922
5617 2 2 1 15 2902 2922 2923
5618 2 2 1 15 2923 2903 2902
5619 2 2 1 15 2903 2923 2904
5620 2 2 1 15 2904 2923 2924
5621 2 2 1 15 2904 2924 900
5622 2 2 1 15 900 899 2904
5623 2 2 1 15 893 894 2905
5624 2 2 1 15 2905 894 2925
5625 2 2 1 15 2905 2925 2926
5626 2 2 1 15 2926 2906 2905
5627 2 2 1 15 2906 2926 2907
5628 2 2 1 15 2907 2926 2927
5629 2 2 1 15 2907 2927 2928
5630 2 2 1 15 2928 2908 2907
5631 2 2 1 15 2908 2928 2909
5632 2 2 1 15 2909 2928 2929
5633 2 2 1 15 2909 2929 2930
5634 2 2 1 15 2930 2910 2909
5635 2 2 1 15 2910 2930 2911
5636 2 2 1 15 2911 2930 2931
5637 2 2 1 15 2911 2931 2932
5638 2 2 1 15 2932 2912 2911
5639 2 2 1 15 2912 2932 2913
5640 2 2 1 15 2913 2932 2933
5641 2 2 1 15 2913 2933 2934
5642 2 2 1 15 2934 2914 2913
5643 2 2 1 15 2914 2934 2915
5644 2 2 1 15 2915 2934 2935
5645 2 2 1 15 2915 2935 2936
5646 2 2 1 15 2936 2916 2915
5647 2 2 1 15 2916 2936 2917
5648 2 2 1 15 2917 2936 2937
5649 2 2 1 15 2917 2937 2938
5650 2 2 1 15 2938 2918 2917
5651 2 2 1 15 2918 2938 2919
5652 2 2 1 15 2919 2938 2939
5653 2 2 1 15 2919 2939 2940
5654 2 2 1 15 2940 2920 2919
5655 2 2 1 15 2920 2940 2921
5656 2 2 1 15 2921 2940 2941
5657 2 2 1 15 2921 2941 2942
5658 2 2 1 15 2942 2922 2921
5659 2 2 1 15 2922 2942 2923
5660 2 2 1 15 2923 2942 2943
5661 2 2 1 15 2923 2943 2944
5662 2 2 1 15 2944 2924 2923
5663 2 2 1 15 2924 2944 900
5664 2 2 1 15 900 2944 901
5665 2 2 1 15 894 895 2945
5666 2 2 1 15 2945 2925 894
5667 2 2 1 15 2925 2945 2926
5668 2 2 1 15 2926 2945 2946
5669 2 2 1 15 2926 2946 2947
5670 2 2 1 15 2947 2927 2926
5671 2 2 1 15 2927 2947 2928
5672 2 2 1 15 2928 2947 2948
5673 2 2 1 15 2928 2948 2949
5674 2 2 1 15 2949 2929 2928
5675 2 2 1 15 2929 2949 2930
5676 2 2 1 15 2930 2949 2950
5677 2 2 1 15 2930 2950 2951
5678 2 2 1 15 2951 2931 2930
5679 2 2 1 15 2931 2951 2932
5680 2 2 1 15 2932 2951 2952
5681 2 2 1 15 2932 2952 2953
5682 2 2 1 15 2953 2933 2932
5683 2 2 1 15 2933 2953 2934
5684 2 2 1 15 2934 2953 2954
5685 2 2 1 15 2934 2954 2955
5686 2 2 1 15 2955 2935 2934
5687 2 2 1 15 2935 2955 2936
5688 2 2 1 15 2936 2955 2956
5689 2 2 1 15 2936 2956 2957
5690 2 2 1 15 2957 2937 2936
5691 2 2 1 15 2937 2957 2938
5692 2 2 1 15 2938 2957 2958
5693 2 2 1 15 2938 2958 2959
5694 2 2 1 15 2959 2939 2938
5695 2 2 1 15 2939 2959 2940
5696 2 2 1 15 2940 2959 2960
5697 2 2 1 15 2940 2960 2961
5698 2 2 1 15 2961 2941 2940
5699 2 2 1 15 2941 2961 2942
5700 2 2 1 15 2942 2961 2962
5701 2 2 1 15 2942 2962 2963
5702 2 2 1 15 2963 2943 2942
5703 2 2 1 15 2943 2963 2944
5704 2 2 1 15 2944 2963 2964
5705 2 2 1 15 2944 2964 902
5706 2 2 1 15 902 901 2944
5707 2 2 1 15 895 896 2945
5708 2 2 1 15 2945 896 2965
5709 2 2 1 15 2945 2965 2966
5710 2 2 1 15 2966 2946 2945
5711 2 2 1 15 2946 2966 2947
5712 2 2 1 15 2947 2966 2967
5713 2 2 1 15 2947 2967 2968
5714 2 2 1 15 2968 2948 2947
5715 2 2 1 15 2948 2968 2949
5716 2 2 1 15 2949 2968 2969
5717 2 2 1 15 2949 2969 2970
5718 2 2 1 15 2970 2950 2949
5719 2 2 1 15 2950 2970 2951
5720 2 2 1 15 2951 2970 2971
5721 2 2 1 15 2951 2971 2972
5722 2 2 1 15 2972 2952 2951
5723 2 2 1 15 2952 2972 2953
5724 2 2 1 15 2953 2972 2973
5725 2 2 1 15 2953 2973 2974
5726 2 2 1 15 2974 2954 2953
5727 2 2 1 15 2954 2974 2955
5728 2 2 1 15 2955 2974 2975
5729 2 2 1 15 2955 2975 2976
5730 2 2 1 15 2976 2956 2955
5731 2 2 1 15 2956 2976 2957
5732 2 2 1 15 2957 2976 2977
5733 2 2 1 15 2957 2977 2978
5734 2 2 1 15 2978 2958 2957
5735 2 2 1 15 2958 2978 2959
5736 2 2 1 15 2959 2978 2979
5737 2 2 1 15 2959 2979 2980
5738 2 2 1 15 2980 2960 2959
5739 2 2 1 15 2960 2980 2961
5740 2 2 1 15 2961 2980 2981
5741 2 2 1 15 2961 2981 2982
5742 2 2 1 15 2982 2962 2961
5743 2 2 1 15 2962 2982 2963
5744 2 2 1 15 2963 2982 2983
5745 2 2 1 15 2963 2983 2984
5746 2 2 1 15 2984 2964 2963
5747 2 2 1 15 2964 2984 902
5748 2 2 1 15 902 2984 903
5749 2 2 1 15 896 897 2985
5750 2 2 1 15 2985 2965 896
5751 2 2 1 15 2965 2985 2966
5752 2 2 1 15 2966 2985 2986
5753 2 2 1 15 2966 2986 2987
5754 2 2 1 15 2987 2967 2966
5755 2 2 1 15 2967 2987 2968
5756 2 2 1 15 2968 2987 2988
5757 2 2 1 15 2968 2988 2989
5758 2 2 1 15 2989 2969 2968
5759 2 2 1 15 2969 2989 2970
5760 2 2 1 15 2970 2989 2990
5761 2 2 1 15 2970 2990 2991
5762 2 2 1 15 2991 2971 2970
5763 2 2 1 15 2971 2991 2972
5764 2 2 1 15 2972 2991 2992
5765 2 2 1 15 2972 2992 2993
5766 2 2 1 15 2993 2973 2972
5767 2 2 1 15 2973 2993 2974
5768 2 2 1 15 2974 2993 2994
5769 2 2 1 15 2974 2994 2995
5770 2 2 1 15 2995 2975 2974
5771 2 2 1 15 2975 2995 2976
5772 2 2 1 15 2976 2995 2996
5773 2 2 1 15 2976 2996 2997
5774 2 2 1 15 2997 2977 2976
5775 2 2 1 15 2977 2997 2978
5776 2 2 1 15 2978 2997 2998
5777 2 2 1 15 2978 2998 2999
5778 2 2 1 15 2999 2979 2978
5779 2 2 1 15 2979 2999 2980
5780 2 2 1 15 2980 2999 3000
5781 2 2 1 15 2980 3000 3001
5782 2 2 1 15 3001 2981 2980
5783 2 2 1 15 2981 3001 2982
5784 2 2 1 15 2982 3001 3002
5785 2 2 1 15 2982 3002 3003
5786 2 2 1 15 3003 2983 2982
5787 2 2 1 15 2983 3003 2984
5788 2 2 1 15 2984 3003 3004
5789 2 2 1 15 2984 3004 904
5790 2 2 1 15 904 903 2984
5791 2 2 1 15 897 31 2985
5792 2 2 1 15 2985 31 637
5793 2 2 1 15 2985 637 638
5794 2 2 1 15 638 2986 2985
5795 2 2 1 15 2986 638 2987
5796 2 2 1 15 2987 638 639
5797 2 2 1 15 2987 639 640
5798 2 2 1 15 640 2988 2987
5799 2 2 1 15 2988 640 2989
5800 2 2 1 15 2989 640 641
5801 2 2 1 15 2989 641 642
5802 2 2 1 15 642 2990 2989
5803 2 2 1 15 2990 642 2991
5804 2 2 1 15 2991 642 643
5805 2 2 1 15 2991 643 644
5806 2 2 1 15 644 2992 2991
5807 2 2 1 15 2992 644 2993
5808 2 2 1 15 2993 644 645
5809 2 2 1 15 2993 645 646
5810 2 2 1 15 646 2994 2993
5811 2 2 1 15 2994 646 2995
5812 2 2 1 15 2995 646 647
5813 2 2 1 15 2995 647 648
5814 2 2 1 15 648 2996 2995
5815 2 2 1 15 2996 648 2997
5816 2 2 1 15 2997 648 649
5817 2 2 1 15 2997 649 650
5818 2 2 1 15 650 2998 2997
5819 2 2 1 15 2998 650 2999
5820 2 2 1 15 2999 650 651
5821 2 2 1 15 2999 651 652
5822 2 2 1 15 652 3000 2999
5823 2 2 1 15 3000 652 3001
5824 2 2 1 15 3001 652 653
5825 2 2 1 15 3001 653 654
5826 2 2 1 15 654 3002 3001
5827 2 2 1 15 3002 654 3003
5828 2 2 1 15 3003 654 655
5829 2 2 1 15 3003 655 656
5830 2 2 1 15 656 3004 3003
5831 2 2 1 15 3004 656 904
5832 2 2 1 15 904 656 32
5833 2 2 1 16 16 898 3005
5834 2 2 1 16 3005 337 16
5835 2 2 1 16 337 3005 338
5836 2 2 1 16 338 3005 3006
5837 2 2 1 16 338 3006 3007
5838 2 2 1 16 3007 339 338
5839 2 2 1 16 339 3007 340
5840 2 2 1 16 340 3007 3008
5841 2 2 1 16 340 3008 3009
5842 2 2 1 16 3009 341 340
5843 2 2 1 16 341 3009 342
5844 2 2 1 16 342 3009 3010
5845 2 2 1 16 342 3010 3011
5846 2 2 1 16 3011 343 342
5847 2 2 1 16 343 3011 344
5848 2 2 1 16 344 3011 3012
5849 2 2 1 16 344 3012 3013
5850 2 2 1 16 3013 345 344
5851 2 2 1 16 345 3013 346
5852 2 2 1 16 346 3013 3014
5853 2 2 1 16 346 3014 3015
5854 2 2 1 16 3015 347 346
5855 2 2 1 16 347 3015 348
5856 2 2 1 16 348 3015 3016
5857 2 2 1 16 348 3016 3017
5858 2 2 1 16 3017 349 348
5859 2 2 1 16 349 3017 350
5860 2 2 1 16 350 3017 3018
5861 2 2 1 16 350 3018 3019
5862 2 2 1 16 3019 351 350
5863 2 2 1 16 351 3019 352
5864 2 2 1 16 352 3019 3020
5865 2 2 1 16 352 3020 3021
5866 2 2 1 16 3021 353 352
5867 2 2 1 16 353 3021 354
5868 2 2 1 16 354 3021 3022
5869 2 2 1 16 354 3022 3023
5870 2 2 1 16 3023 355 354
5871 2 2 1 16 355 3023 356
5872 2 2 1 16 356 3023 3024
5873 2 2 1 16 356 3024 793
5874 2 2 1 16 793 1 356
5875 2 2 1 16 898 899 3005
5876 2 2 1 16 3005 899 3025
5877 2 2 1 16 3005 3025 3026
5878 2 2 1 16 3026 3006 3005
5879 2 2 1 16 3006 3026 3007
5880 2 2 1 16 3007 3026 3027
5881 2 2 1 16 3007 3027 3028
5882 2 2 1 16 3028 3008 3007
5883 2 2 1 16 3008 3028 3009
5884 2 2 1 16 3009 3028 3029
5885 2 2 1 16 3009 3029 3030
5886 2 2 1 16 3030 3010 3009
5887 2 2 1 16 3010 3030 3011
5888 2 2 1 16 3011 3030 3031
5889 2 2 1 16 3011 3031 3032
5890 2 2 1 16 3032 3012 3011
5891 2 2 1 16 3012 3032 3013
5892 2 2 1 16 3013 3032 3033
5893 2 2 1 16 3013 3033 3034
5894 2 2 1 16 3034 3014 3013
5895 2 2 1 16 3014 3034 3015
5896 2 2 1 16 3015 3034 3035
5897 2 2 1 16 3015 3035 3036
5898 2 2 1 16 3036 3016 3015
5899 2 2 1 16 3016 3036 3017
5900 2 2 1 16 3017 3036 3037
5901 2 2 1 16 3017 3037 3038
5902 2 2 1 16 3038 3018 3017
5903 2 2 1 16 3018 3038 3019
5904 2 2 1 16 3019 3038 3039
5905 2 2 1 16 3019 3039 3040
5906 2 2 1 16 3040 3020 3019
5907 2 2 1 16 3020 3040 3021
5908 2 2 1 16 3021 3040 3041
5909 2 2 1 16 3021 3041 3042
5910 2 2 1 16 3042 3022 3021
5911 2 2 1 16 3022 3042 3023
5912 2 2 1 16 3023 3042 3043
5913 2 2 1 16 3023 3043 3044
5914 2 2 1 16 3044 3024 3023
5915 2 2 1 16 3024 3044 793
5916 2 2 1 16 793 3044 794
5917 2 2 1 16 899 900 3045
5918 2 2 1 16 3045 3025 899
5919 2 2 1 16 3025 3045 3026
5920 2 2 1 16 3026 3045 3046
5921 2 2 1 16 3026 3046 3047
5922 2 2 1 16 3047 3027 3026
5923 2 2 1 16 3027 3047 3028
5924 2 2 1 16 3028 3047 3048
5925 2 2 1 16 3028 3048 3049
5926 2 2 1 16 3049 3029 3028
5927 2 2 1 16 3029 3049 3030
5928 2 2 1 16 3030 3049 3050
5929 2 2 1 16 3030 3050 3051
5930 2 2 1 16 3051 3031 3030
5931 2 2 1 16 3031 3051 3032
5932 2 2 1 16 3032 3051 3052
5933 2 2 1 16 3032 3052 3053
5934 2 2 1 16 3053 3033 3032
5935 2 2 1 16 3033 3053 3034
5936 2 2 1 16 3034 3053 3054
5937 2 2 1 16 3034 3054 3055
5938 2 2 1 16 3055 3035 3034
5939 2 2 1 16 3035 3055 3036
5940 2 2 1 16 3036 3055 3056
5941 2 2 1 16 3036 3056 3057
5942 2 2 1 16 3057 3037 3036
5943 2 2 1 16 3037 3057 3038
5944 2 2 1 16 3038 3057 3058
5945 2 2 1 16 3038 3058 3059
5946 2 2 1 16 3059 3039 3038
5947 2 2 1 16 3039 3059 3040
5948 2 2 1 16 3040 3059 3060
5949 2 2 1 16 3040 3060 3061
5950 2 2 1 16 3061 3041 3040
5951 2 2 1 16 3041 3061 3042
5952 2 2 1 16 3042 3061 3062
5953 2 2 1 16 3042 3062 3063
5954 2 2 1 16 3063 3043 3042
5955 2 2 1 16 3043 3063 3044
5956 2 2 1 16 3044 3063 3064
5957 2 2 1 16 3044 3064 795
5958 2 2 1 16 795 794 3044
5959 2 2 1 16 900 901 3045
5960 2 2 1 16 3045 901 3065
5961 2 2 1 16 3045 3065 3066
5962 2 2 1 16 3066 3046 3045
5963 2 2 1 16 3046 3066 3047
5964 2 2 1 16 3047 3066 3067
5965 2 2 1 16 3047 3067 3068
5966 2 2 1 16 3068 3048 3047
5967 2 2 1 16 3048 3068 3049
5968 2 2 1 16 3049 3068 3069
5969 2 2 1 16 3049 3069 3070
5970 2 2 1 16 3070 3050 3049
5971 2 2 1 16 3050 3070 3051
5972 2 2 1 16 3051 3070 3071
5973 2 2 1 16 3051 3071 3072
5974 2 2 1 16 3072 3052 3051
5975 2 2 1 16 3052 3072 3053
5976 2 2 1 16 3053 3072 3073
5977 2 2 1 16 3053 3073 3074
5978 2 2 1 16 3074 3054 3053
5979 2 2 1 16 3054 3074 3055
5980 2 2 1 16 3055 3074 3075
5981 2 2 1 16 3055 3075 3076
5982 2 2 1 16 3076 3056 3055
5983 2 2 1 16 3056 3076 3057
5984 2 2 1 16 3057 3076 3077
5985 2 2 1 16 3057 3077 3078
5986 2 2 1 16 3078 3058 3057
5987 2 2 1 16 3058 3078 3059
5988 2 2 1 16 3059 3078 3079
5989 2 2 1 16 3059 3079 3080
5990 2 2 1 16 3080 3060 3059
5991 2 2 1 16 3060 3080 3061
5992 2 2 1 16 3061 3080 3081
5993 2 2 1 16 3061 3081 3082
5994 2 2 1 16 3082 3062 3061
5995 2 2 1 16 3062 3082 3063
5996 2 2 1 16 3063 3082 3083
5997 2 2 1 16 3063 3083 3084
5998 2 2 1 16 3084 3064 3063
5999 2 2 1 16 3064 3084 795
6000 2 2 1 16 795 3084 796
6001 2 2 1 16 901 902 3085
6002 2 2 1 16 3085 3065 901
6003 2 2 1 16 3065 3085 3066
6004 2 2 1 16 3066 3085 3086
6005 2 2 1 16 3066 3086 3087
6006 2 2 1 16 3087 3067 3066
6007 2 2 1 16 3067 3087 3068
6008 2 2 1 16 3068 3087 3088
6009 2 2 1 16 3068 3088 3089
6010 2 2 1 16 3089 3069 3068
6011 2 2 1 16 3069 3089 3070
6012 2 2 1 16 3070 3089 3090
6013 2 2 1 16 3070 3090 3091
6014 2 2 1 16 3091 3071 3070
6015 2 2 1 16 3071 3091 3072
6016 2 2 1 16 3072 3091 3092
6017 2 2 1 16 3072 3092 3093
6018 2 2 1 16 3093 3073 3072
6019 2 2 1 16 3073 3093 3074
6020 2 2 1 16 3074 3093 3094
6021 2 2 1 16 3074 3094 3095
6022 2 2 1 16 3095 3075 3074
6023 2 2 1 16 3075 3095 3076
6024 2 2 1 16 3076 3095 3096
6025 2 2 1 16 3076 3096 3097
6026 2 2 1 16 3097 3077 3076
6027 2 2 1 16 3077 3097 3078
6028 2 2 1 16 3078 3097 3098
6029 2 2 1 16 3078 3098 3099
6030 2 2 1 16 3099 3079 3078
6031 2 2 1 16 3079 3099 3080
6032 2 2 1 16 3080 3099 3100
6033 2 2 1 16 3080 3100 3101
6034 2 2 1 16 3101 3081 3080
6035 2 2 1 16 3081 3101 3082
6036 2 2 1 16 3082 3101 3102
6037 2 2 1 16 3082 3102 3103
6038 2 2 1 16 3103 3083 3082
6039 2 2 1 16 3083 3103 3084
6040 2 2 1 16 3084 3103 3104
6041 2 2 1 16 3084 3104 797
6042 2 2 1 16 797 796 3084
6043 2 2 1 16 902 903 3085
6044 2 2 1 16 3085 903 3105
6045 2 2 1 16 3085 3105 3106
6046 2 2 1 16 3106 3086 3085
6047 2 2 1 16 3086 3106 3087
6048 2 2 1 16 3087 3106 3107
6049 2 2 1 16 3087 3107 3108
6050 2 2 1 16 3108 3088 3087
6051 2 2 1 16 3088 3108 3089
6052 2 2 1 16 3089 3108 3109
6053 2 2 1 16 3089 3109 3110
6054 2 2 1 16 3110 3090 3089
6055 2 2 1 16 3090 3110 3091
6056 2 2 1 16 3091 3110 3111
6057 2 2 1 16 3091 3111 3112
6058 2 2 1 16 3112 3092 3091
6059 2 2 1 16 3092 3112 3093
6060 2 2 1 16 3093 3112 3113
6061 2 2 1 16 3093 3113 3114
6062 2 2 1 16 3114 3094 3093
6063 2 2 1 16 3094 3114 3095
6064 2 2 1 16 3095 3114 3115
6065 2 2 1 16 3095 3115 3116
6066 2 2 1 16 3116 3096 3095
6067 2 2 1 16 3096 3116 3097
6068 2 2 1 16 3097 3116 3117
6069 2 2 1 16 3097 3117 3118
6070 2 2 1 16 3118 3098 3097
6071 2 2 1 16 3098 3118 3099
6072 2 2 1 16 3099 3118 3119
6073 2 2 1 16 3099 3119 3120
6074 2 2 1 16 3120 3100 3099
6075 2 2 1 16 3100 3120 3101
6076 2 2 1 16 3101 3120 3121
6077 2 2 1 16 3101 3121 3122
6078 2 2 1 16 3122 3102 3101
6079 2 2 1 16 3102 3122 3103
6080 2 2 1 16 3103 3122 3123
6081 2 2 1 16 3103 3123 3124
6082 2 2 1 16 3124 3104 3103
6083 2 2 1 16 3104 3124 797
6084 2 2 1 16 797 3124 798
6085 2 2 1 16 903 904 3125
6086 2 2 1 16 3125 3105 903
6087 2 2 1 16 3105 3125 3106
6088 2 2 1 16 3106 3125 3126
6089 2 2 1 16 3106 3126 3127
6090 2 2 1 16 3127 3107 3106
6091 2 2 1 16 3107 3127 3108
6092 2 2 1 16 3108 3127 3128
6093 2 2 1 16 3108 3128 3129
6094 2 2 1 16 3129 3109 3108
6095 2 2 1 16 3109 3129 3110
6096 2 2 1 16 3110 3129 3130
6097 2 2 1 16 3110 3130 3131
6098 2 2 1 16 3131 3111 3110
6099 2 2 1 16 3111 3131 3112
6100 2 2 1 16 3112 3131 3132
6101 2 2 1 16 3112 3132 3133
6102 2 2 1 16 3133 3113 3112
6103 2 2 1 16 3113 3133 3114
6104 2 2 1 16 3114 3133 3134
6105 2 2 1 16 3114 3134 3135
6106 2 2 1 16 3135 3115 3114
6107 2 2 1 16 3115 3135 3116
6108 2 2 1 16 3116 3135 3136
6109 2 2 1 16 3116 3136 3137
6110 2 2 1 16 3137 3117 3116
6111 2 2 1 16 3117 3137 3118
6112 2 2 1 16 3118 3137 3138
6113 2 2 1 16 3118 3138 3139
6114 2 2 1 16 3139 3119 3118
6115 2 2 1 16 3119 3139 3120
6116 2 2 1 16 3120 3139 3140
6117 2 2 1 16 3120 3140 3141
6118 2 2 1 16 3141 3121 3120
6119 2 2 1 16 3121 3141 3122
6120 2 2 1 16 3122 3141 3142
6121 2 2 1 16 3122 3142 3143
6122 2 2 1 16 3143 3123 3122
6123 2 2 1 16 3123 3143 3124
6124 2 2 1 16 3124 3143 3144
6125 2 2 1 16 3124 3144 799
6126 2 2 1 16 799 798 3124
6127 2 2 1 16 904 32 3125
6128 2 2 1 16 3125 32 657
6129 2 2 1 16 3125 657 658
6130 2 2 1 16 658 3126 3125
6131 2 2 1 16 3126 658 3127
6132 2 2 1 16 3127 658 659
6133 2 2 1 16 3127 659 660
6134 2 2 1 16 660 3128 3127
6135 2 2 1 16 3128 660 3129
6136 2 2 1 16 3129 660 661
6137 2 2 1 16 3129 661 662
6138 2 2 1 16 662 3130 3129
6139 2 2 1 16 3130 662 3131
6140 2 2 1 16 3131 662 663
6141 2 2 1 16 3131 663 664
6142 2 2 1 16 664 3132 3131
6143 2 2 1 16 3132 664 3133
6144 2 2 1 16 3133 664 665
6145 2 2 1 16 3133 665 666
6146 2 2 1 16 666 3134 3133
6147 2 2 1 16 3134 666 3135
6148 2 2 1 16 3135 666 667
6149 2 2 1 16 3135 667 668
6150 2 2 1 16 668 3136 3135
6151 2 2 1 16 3136 668 3137
6152 2 2 1 16 3137 668 669
6153 2 2 1 16 3137 669 670
6154 2 2 1 16 670 3138 3137
6155 2 2 1 16 3138 670 3139
6156 2 2 1 16 3139 670 671
6157 2 2 1 16 3139 671 672
6158 2 2 1 16 672 3140 3139
6159 2 2 1 16 3140 672 3141
6160 2 2 1 16 3141 672 673
6161 2 2 1 16 3141 673 674
6162 2 2 1 16 674 3142 3141
6163 2 2 1 16 3142 674 3143
6164 2 2 1 16 3143 674 675
6165 2 2 1 16 3143 675 676
6166 2 2 1 16 676 3144 3143
6167 2 2 1 16 3144 676 799
6168 2 2 1 16 799 676 17
6169 2 2 2 17 4672 5755 6899
6170 2 2 2 17 4201 5386 5734
6171 2 2 2 17 5553 4443 5557
6172 2 2 2 17 6369 6909 7445
6173 2 2 2 17 5786 4914 6536
6174 2 2 2 17 4008 4010 5576
6175 2 2 2 17 6475 5158 7234
6176 2 2 2 17 5992 4654 7033
6177 2 2 2 17 4086 4218 5518
6178 2 2 2 17 6919 6284 7184
6179 2 2 2 17 5813 6069 6070
6180 2 2 2 17 3238 6919 7184
6181 2 2 2 17 5939 3288 5940
6182 2 2 2 17 4757 5601 5726
6183 2 2 2 17 5745 4225 7290
6184 2 2 2 17 6926 3972 7227
6185 2 2 2 17 6110 3282 7246
6186 2 2 2 17 3376 5442 6789
6187 2 2 2 17 4572 4477 5619
6188 2 2 2 17 3269 5871 5872
6189 2 2 2 17 3225 545 6009
6190 2 2 2 17 5740 6738 6974
6191 2 2 2 17 3591 5397 7289
6192 2 2 2 17 5507 3230 5937
6193 2 2 2 17 3282 6110 6254
6194 2 2 2 17 7001 5623 7016
6195 2 2 2 17 3427 5379 6975
6196 2 2 2 17 5514 4063 7060
6197 2 2 2 17 3998 5363 5785
6198 2 2 2 17 375 374 6293
6199 2 2 2 17 5289 5983 7239
6200 2 2 2 17 4159 5517 7291
6201 2 2 2 17 5804 3255 5805
6202 2 2 2 17 3192 5663 5827
6203 2 2 2 17 3690 5401 5783
6204 2 2 2 17 3613 6504 6822
6205 2 2 2 17 5518 4218 5519
6206 2 2 2 17 3191 5956 6696
6207 2 2 2 17 4626 5441 5744
6208 2 2 2 17 3588 3596 5581
6209 2 2 2 17 3775 5329 7052
6210 2 2 2 17 5956 3191 7087
6211 2 2 2 17 4063 4109 7060
6212 2 2 2 17 4809 4811 5994
6213 2 2 2 17 5630 4650 5670
6214 2 2 2 17 4560 4558 6026
6215 2 2 2 17 3275 25 5999
6216 2 2 2 17 5532 6274 6430
6217 2 2 2 17 3600 5452 6997
6218 2 2 2 17 5476 3297 5793
6219 2 2 2 17 3163 20 6038
6220 2 2 2 17 3852 3845 5683
6221 2 2 2 17 4864 5930 6299
6222 2 2 2 17 5731 3324 6920
6223 2 2 2 17 6519 4826 6649
6224 2 2 2 17 4164 4525 6282
6225 2 2 2 17 5607 4016 6766
6226 2 2 2 17 5473 3846 5746
6227 2 2 2 17 3971 5614 7251
6228 2 2 2 17 3299 6169 6514
6229 2 2 2 17 5250 5923 6247
6230 2 2 2 17 3505 3368 5740
6231 2 2 2 17 4577 4103 5596
6232 2 2 2 17 6247 5923 7348
6233 2 2 2 17 3233 6204 6206
6234 2 2 2 17 3277 6135 6638
6235 2 2 2 17 5329 3775 6000
6236 2 2 2 17 4230 4227 5854
6237 2 2 2 17 3613 3611 6823
6238 2 2 2 17 3505 5740 6974
6239 2 2 2 17 5441 3165 7372
6240 2 2 2 17 4609 4187 6045
6241 2 2 2 17 3230 5507 5936
6242 2 2 2 17 5762 5761 7099
6243 2 2 2 17 3998 5785 6978
6244 2 2 2 17 4369 4125 5855
6245 2 2 2 17 5502 7115 7228
6246 2 2 2 17 5502 5504 7115
6247 2 2 2 17 4635 4626 5744
6248 2 2 2 17 6761 3776 7326
6249 2 2 2 17 5983 5289 6505
6250 2 2 2 17 4560 6026 6068
6251 2 2 2 17 4193 4244 5898
6252 2 2 2 17 5537 5383 6001
6253 2 2 2 17 5482 6548 7229
6254 2 2 2 17 4549 4551 6240
6255 2 2 2 17 6150 5417 6198
6256 2 2 2 17 545 544 6009
6257 2 2 2 17 3987 6810 7306
6258 2 2 2 17 3235 5756 6073
6259 2 2 2 17 4692 5775 5790
6260 2 2 2 17 5930 4864 6298
6261 2 2 2 17 6157 6160 6806
6262 2 2 2 17 6492 3268 7375
6263 2 2 2 17 4434 4443 5553
6264 2 2 2 17 4290 4215 5734
6265 2 2 2 17 21 436 6366
6266 2 2 2 17 3739 5862 6985
6267 2 2 2 17 3776 6626 7326
6268 2 2 2 17 5146 6664 6745
6269 2 2 2 17 3282 6254 6523
6270 2 2 2 17 4451 4461 5774
6271 2 2 2 17 3166 656 6018
6272 2 2 2 17 6882 4834 7128
6273 2 2 2 17 6254 5575 6523
6274 2 2 2 17 6548 3261 7229
6275 2 2 2 17 4159 3769 5517
6276 2 2 2 17 4524 5624 5991
6277 2 2 2 17 3611 3771 6823
6278 2 2 2 17 5549 4868 7136
6279 2 2 2 17 3707 5456 6954
6280 2 2 2 17 3228 539 6614
6281 2 2 2 17 3528 5328 5814
6282 2 2 2 17 3992 4152 5752
6283 2 2 2 17 5245 5655 5970
6284 2 2 2 17 3852 5683 6729
6285 2 2 2 17 4966 4230 5854
6286 2 2 2 17 4091 3997 7526
6287 2 2 2 17 419 418 6261
6288 2 2 2 17 3842 3846 5473
6289 2 2 2 17 5567 3497 6071
6290 2 2 2 17 5010 5829 5836
6291 2 2 2 17 6320 4083 7191
6292 2 2 2 17 6795 3787 7080
6293 2 2 2 17 5664 3166 6018
6294 2 2 2 17 3625 5639 5675
6295 2 2 2 17 3297 5476 5792
6296 2 2 2 17 4519 4155 6022
6297 2 2 2 17 4754 5855 5856
6298 2 2 2 17 5540 3331 5654
6299 2 2 2 17 3403 3376 6789
6300 2 2 2 17 6369 3973 6909
6301 2 2 2 17 6322 5913 6972
6302 2 2 2 17 4525 5816 6282
6303 2 2 2 17 3264 6094 6543
6304 2 2 2 17 5896 5913 6322
6305 2 2 2 17 6246 5368 7252
6306 2 2 2 17 5799 5800 6827
6307 2 2 2 17 5691 3508 5693
6308 2 2 2 17 6234 3253 7183
6309 2 2 2 17 3698 3616 5667
6310 2 2 2 17 5778 3226 6561
6311 2 2 2 17 5624 5443 5991
6312 2 2 2 17 4355 5672 5685
6313 2 2 2 17 5719 3504 6973
6314 2 2 2 17 4859 5728 6572
6315 2 2 2 17 3233 6206 6207
6316 2 2 2 17 6169 3299 6768
6317 2 2 2 17 3993 5613 5751
6318 2 2 2 17 3288 5939 5941
6319 2 2 2 17 3702 3600 6997
6320 2 2 2 17 5847 5771 6209
6321 2 2 2 17 5335 3433 6749
6322 2 2 2 17 5532 5831 5908
6323 2 2 2 17 3322 3324 5731
6324 2 2 2 17 6723 3781 6787
6325 2 2 2 17 673 672 6448
6326 2 2 2 17 5373 4586 6395
6327 2 2 2 17 4640 4896 6786
6328 2 2 2 17 5735 3204 6039
6329 2 2 2 17 3393 3497 5567
6330 2 2 2 17 3192 5827 5828
6331 2 2 2 17 4648 4300 5919
6332 2 2 2 17 4754 5856 5857
6333 2 2 2 17 3445 3562 5818
6334 2 2 2 17 3792 5511 7027
6335 2 2 2 17 4020 4201 5734
6336 2 2 2 17 6027 6950 7484
6337 2 2 2 17 6210 3231 7525
6338 2 2 2 17 6736 4078 7069
6339 2 2 2 17 4180 4348 5860
6340 2 2 2 17 4694 5786 6536
6341 2 2 2 17 5616 3896 5617
6342 2 2 2 17 4754 4369 5855
6343 2 2 2 17 4355 4324 5672
6344 2 2 2 17 3231 6210 6248
6345 2 2 2 17 6317 4618 6478
6346 2 2 2 17 3268 6492 6556
6347 2 2 2 17 3797 3796 5455
6348 2 2 2 17 5287 6234 7183
6349 2 2 2 17 6532 6531 7437
6350 2 2 2 17 5639 5318 5675
6351 2 2 2 17 6539 5167 7424
6352 2 2 2 17 4348 4854 5860
6353 2 2 2 17 4592 5523 6864
6354 2 2 2 17 5397 3591 6040
6355 2 2 2 17 5594 5532 6430
6356 2 2 2 17 5609 3170 6436
6357 2 2 2 17 5834 4764 7486
6358 2 2 2 17 6714 6842 7391
6359 2 2 2 17 3968 3905 5712
6360 2 2 2 17 3698 5667 6481
6361 2 2 2 17 3722 3794 6812
6362 2 2 2 17 4758 4355 5685
6363 2 2 2 17 6094 5342 6543
6364 2 2 2 17 3272 21 6366
6365 2 2 2 17 3797 5455 7348
6366 2 2 2 17 4868 5549 6329
6367 2 2 2 17 3269 5872 6700
6368 2 2 2 17 4586 5711 6395
6369 2 2 2 17 3896 5616 5618
6370 2 2 2 17 5644 6342 7007
6371 2 2 2 17 5702 6317 6478
6372 2 2 2 17 6625 6165 7165
6373 2 2 2 17 368 3266 6334
6374 2 2 2 17 4082 4083 6320
6375 2 2 2 17 5243 3920 7187
6376 2 2 2 17 5286 3530 6571
6377 2 2 2 17 6925 3972 6926
6378 2 2 2 17 478 477 5960
6379 2 2 2 17 6719 5157 7216
6380 2 2 2 17 5637 3423 7053
6381 2 2 2 17 5392 4578 6299
6382 2 2 2 17 4222 4225 5745
6383 2 2 2 17 662 3167 6214
6384 2 2 2 17 4811 4825 5994
6385 2 2 2 17 4034 4208 5583
6386 2 2 2 17 4401 4403 5932
6387 2 2 2 17 6115 5183 6666
6388 2 2 2 17 4586 4382 5711
6389 2 2 2 17 4577 5596 5598
6390 2 2 2 17 3255 5804 5911
6391 2 2 2 17 6991 5501 7228
6392 2 2 2 17 3471 5351 7112
6393 2 2 2 17 4492 5183 6115
6394 2 2 2 17 5755 5463 6899
6395 2 2 2 17 3504 6160 6973
6396 2 2 2 17 512 3250 5914
6397 2 2 2 17 5459 3722 6812
6398 2 2 2 17 5318 5639 7521
6399 2 2 2 17 5583 4208 5584
6400 2 2 2 17 3254 361 5924
6401 2 2 2 17 6504 3613 6823
6402 2 2 2 17 6340 6656 6777
6403 2 2 2 17 5557 4443 5558
6404 2 2 2 17 3858 5656 7433
6405 2 2 2 17 5315 5316 6444
6406 2 2 2 17 5953 5189 6363
6407 2 2 2 17 3918 3920 5243
6408 2 2 2 17 6144 6625 7165
6409 2 2 2 17 5562 3977 6764
6410 2 2 2 17 6352 5024 6866
6411 2 2 2 17 4524 4008 5576
6412 2 2 2 17 3509 5286 6477
6413 2 2 2 17 5284 4607 5809
6414 2 2 2 17 6172 6515 6980
6415 2 2 2 17 5829 5010 5837
6416 2 2 2 17 5698 5177 6967
6417 2 2 2 17 5447 3672 7168
6418 2 2 2 17 5658 5657 7545
6419 2 2 2 17 5245 5650 5655
6420 2 2 2 17 3285 5703 6545
6421 2 2 2 17 5527 3202 6549
6422 2 2 2 17 4215 4018 5734
6423 2 2 2 17 3562 5525 5817
6424 2 2 2 17 5525 3562 7078
6425 2 2 2 17 5630 5670 6765
6426 2 2 2 17 655 654 6906
6427 2 2 2 17 5186 3809 5187
6428 2 2 2 17 3314 3331 5540
6429 2 2 2 17 3670 3672 5447
6430 2 2 2 17 7006 4000 7117
6431 2 2 2 17 3661 3664 7247
6432 2 2 2 17 5793 3301 6988
6433 2 2 2 17 5863 4356 6755
6434 2 2 2 17 5436 4007 7039
6435 2 2 2 17 4135 5843 6958
6436 2 2 2 17 4961 4929 5913
6437 2 2 2 17 4911 4912 7175
6438 2 2 2 17 5786 4694 5980
6439 2 2 2 17 3837 5473 5474
6440 2 2 2 17 5730 4640 6786
6441 2 2 2 17 5285 6603 7108
6442 2 2 2 17 3258 5708 5709
6443 2 2 2 17 3787 6770 7080
6444 2 2 2 17 4246 4570 5944
6445 2 2 2 17 6160 3504 6806
6446 2 2 2 17 5474 5473 7110
6447 2 2 2 17 5907 3931 6707
6448 2 2 2 17 5284 5809 6732
6449 2 2 2 17 3495 3427 6975
6450 2 2 2 17 6198 5417 7508
6451 2 2 2 17 459 458 6349
6452 2 2 2 17 4139 4967 6573
6453 2 2 2 17 5651 3219 7256
6454 2 2 2 17 4396 5847 6209
6455 2 2 2 17 5812 5568 5813
6456 2 2 2 17 5601 4757 5968
6457 2 2 2 17 3280 6150 6198
6458 2 2 2 17 4345 4159 7291
6459 2 2 2 17 5532 5908 6274
6460 2 2 2 17 5483 4767 6883
6461 2 2 2 17 6325 3391 6684
6462 2 2 2 17 3965 5433 6979
6463 2 2 2 17 4650 5630 6022
6464 2 2 2 17 568 567 6241
6465 2 2 2 17 3224 5526 6533
6466 2 2 2 17 4407 6246 7252
6467 2 2 2 17 3324 3337 6920
6468 2 2 2 17 6812 4846 7186
6469 2 2 2 17 3216 6082 7478
6470 2 2 2 17 3222 5895 6783
6471 2 2 2 17 3475 3471 7112
6472 2 2 2 17 5240 6956 7006
6473 2 2 2 17 6027 4967 6950
6474 2 2 2 17 5402 5909 7567
6475 2 2 2 17 24 496 5779
6476 2 2 2 17 5647 3265 6313
6477 2 2 2 17 6789 6949 7144
6478 2 2 2 17 5676 4798 6501
6479 2 2 2 17 5374 6723 6787
6480 2 2 2 17 6745 6664 7328
6481 2 2 2 17 5781 3827 7500
6482 2 2 2 17 3588 5581 7055
6483 2 2 2 17 3182 610 5893
6484 2 2 2 17 5909 4256 7567
6485 2 2 2 17 3434 5799 6827
6486 2 2 2 17 5774 4461 5775
6487 2 2 2 17 4477 4479 5619
6488 2 2 2 17 5784 5783 7536
6489 2 2 2 17 6173 3215 6307
6490 2 2 2 17 3165 5441 6686
6491 2 2 2 17 3386 3388 6825
6492 2 2 2 17 4202 4639 5699
6493 2 2 2 17 5177 6547 6995
6494 2 2 2 17 5155 6241 6528
6495 2 2 2 17 6515 3300 6980
6496 2 2 2 17 398 397 6382
6497 2 2 2 17 20 416 6038
6498 2 2 2 17 3347 3345 5364
6499 2 2 2 17 3368 3366 5740
6500 2 2 2 17 5568 3397 7431
6501 2 2 2 17 4103 3790 5596
6502 2 2 2 17 5155 6240 6241
6503 2 2 2 17 7099 5761 7235
6504 2 2 2 17 5258 5880 5882
6505 2 2 2 17 3284 5732 5733
6506 2 2 2 17 362 3254 6428
6507 2 2 2 17 4323 4757 5726
6508 2 2 2 17 6583 5199 7299
6509 2 2 2 17 6810 6621 7306
6510 2 2 2 17 4852 5743 6008
6511 2 2 2 17 5610 5920 5921
6512 2 2 2 17 5518 5519 5521
6513 2 2 2 17 6881 5225 7019
6514 2 2 2 17 4906 4907 5911
6515 2 2 2 17 6659 6997 7334
6516 2 2 2 17 5513 3850 5768
6517 2 2 2 17 7283 7423 7529
6518 2 2 2 17 5455 6247 7348
6519 2 2 2 17 6126 6200 6728
6520 2 2 2 17 5011 5010 5836
6521 2 2 2 17 6173 6307 7346
6522 2 2 2 17 5175 5765 6915
6523 2 2 2 17 5694 5328 7195
6524 2 2 2 17 5869 5365 6872
6525 2 2 2 17 6200 6126 6768
6526 2 2 2 17 4794 6863 7441
6527 2 2 2 17 4891 5658 6467
6528 2 2 2 17 6135 6137 6638
6529 2 2 2 17 4152 4958 5752
6530 2 2 2 17 6797 6635 7177
6531 2 2 2 17 6273 6719 7216
6532 2 2 2 17 4692 5774 5775
6533 2 2 2 17 4356 5863 6610
6534 2 2 2 17 3868 5453 7172
6535 2 2 2 17 3738 6552 6838
6536 2 2 2 17 3489 5741 6301
6537 2 2 2 17 3347 5364 7176
6538 2 2 2 17 3497 3391 6325
6539 2 2 2 17 5961 3243 6698
6540 2 2 2 17 5796 4904 6453
6541 2 2 2 17 6135 3277 6625
6542 2 2 2 17 3351 5376 7096
6543 2 2 2 17 5617 3896 7527
6544 2 2 2 17 5670 3275 6765
6545 2 2 2 17 3165 5899 7372
6546 2 2 2 17 5648 3185 7192
6547 2 2 2 17 5970 6714 7391
6548 2 2 2 17 6342 5644 7121
6549 2 2 2 17 5799 3434 5980
6550 2 2 2 17 3968 5712 5780
6551 2 2 2 17 7211 5589 7529
6552 2 2 2 17 3772 6833 7621
6553 2 2 2 17 3595 3594 3722
6554 2 2 2 17 4002 4003 4174
6555 2 2 2 17 5228 3463 7106
6556 2 2 2 17 3769 3770 5517
6557 2 2 2 17 3512 3513 3521
6558 2 2 2 17 4961 5913 7034
6559 2 2 2 17 6603 3169 7108
6560 2 2 2 17 3521 3522 5443
6561 2 2 2 17 3339 3338 3501
6562 2 2 2 17 3763 3764 4099
6563 2 2 2 17 3510 3509 6477
6564 2 2 2 17 7255 3832 7377
6565 2 2 2 17 5381 5380 5445
6566 2 2 2 17 4244 4652 5898
6567 2 2 2 17 6397 4935 6488
6568 2 2 2 17 5526 3224 7284
6569 2 2 2 17 5058 6635 6797
6570 2 2 2 17 3494 5568 5812
6571 2 2 2 17 3336 3335 3338
6572 2 2 2 17 4055 6722 6879
6573 2 2 2 17 3427 3425 5379
6574 2 2 2 17 5733 4858 5788
6575 2 2 2 17 3751 3742 3790
6576 2 2 2 17 5574 4609 6045
6577 2 2 2 17 4694 5799 5980
6578 2 2 2 17 5521 5519 5838
6579 2 2 2 17 5364 3523 5365
6580 2 2 2 17 3976 3977 4002
6581 2 2 2 17 3720 3721 3769
6582 2 2 2 17 3749 3750 4080
6583 2 2 2 17 5379 3435 5380
6584 2 2 2 17 3700 3701 3763
6585 2 2 2 17 3985 3986 4142
6586 2 2 2 17 3528 3526 5326
6587 2 2 2 17 4014 3994 4153
6588 2 2 2 17 3492 3493 3512
6589 2 2 2 17 5589 7041 7529
6590 2 2 2 17 4578 4864 6299
6591 2 2 2 17 3997 5780 7526
6592 2 2 2 17 3553 3549 3594
6593 2 2 2 17 3600 3602 5452
6594 2 2 2 17 4006 4007 5436
6595 2 2 2 17 6621 5853 7306
6596 2 2 2 17 6309 5343 7617
6597 2 2 2 17 3366 5713 5740
6598 2 2 2 17 3591 5357 5563
6599 2 2 2 17 3708 3688 6780
6600 2 2 2 17 4526 4899 6283
6601 2 2 2 17 6194 6521 7159
6602 2 2 2 17 3716 3756 3783
6603 2 2 2 17 5376 3541 5377
6604 2 2 2 17 4257 4259 4260
6605 2 2 2 17 5688 4584 5989
6606 2 2 2 17 3783 3756 4118
6607 2 2 2 17 5906 6309 7617
6608 2 2 2 17 3800 3801 3830
6609 2 2 2 17 5240 4627 5461
6610 2 2 2 17 4076 3997 4090
6611 2 2 2 17 5760 4567 5763
6612 2 2 2 17 5024 6352 6577
6613 2 2 2 17 3716 3697 3756
6614 2 2 2 17 3203 393 6297
6615 2 2 2 17 5994 4825 7545
6616 2 2 2 17 3153 24 5779
6617 2 2 2 17 3496 4496 5535
6618 2 2 2 17 3827 3832 7500
6619 2 2 2 17 3786 5360 5361
6620 2 2 2 17 3860 5462 5656
6621 2 2 2 17 3718 3712 3796
6622 2 2 2 17 5352 5580 7164
6623 2 2 2 17 5014 5011 5836
6624 2 2 2 17 4795 5382 6643
6625 2 2 2 17 4221 3967 4222
6626 2 2 2 17 5511 3792 6363
6627 2 2 2 17 6233 4870 6485
6628 2 2 2 17 3403 6789 7144
6629 2 2 2 17 3692 3697 3716
6630 2 2 2 17 3975 3997 4076
6631 2 2 2 17 4207 4323 5726
6632 2 2 2 17 5530 5531 5532
6633 2 2 2 17 6519 5223 7629
6634 2 2 2 17 466 3226 6606
6635 2 2 2 17 3596 5580 5581
6636 2 2 2 17 4170 4082 4191
6637 2 2 2 17 5486 4058 5487
6638 2 2 2 17 4014 4153 4155
6639 2 2 2 17 3699 3698 3742
6640 2 2 2 17 4099 4246 5944
6641 2 2 2 17 3928 6272 6273
6642 2 2 2 17 3850 5186 5400
6643 2 2 2 17 374 3263 6293
6644 2 2 2 17 5830 5837 7092
6645 2 2 2 17 369 368 6334
6646 2 2 2 17 3516 3528 5814
6647 2 2 2 17 7005 4000 7006
6648 2 2 2 17 4068 4069 4162
6649 2 2 2 17 5665 5458 6024
6650 2 2 2 17 5536 5537 6001
6651 2 2 2 17 5563 5357 5564
6652 2 2 2 17 3770 4086 5518
6653 2 2 2 17 3974 3965 3994
6654 2 2 2 17 6179 4738 6180
6655 2 2 2 17 3964 5657 5658
6656 2 2 2 17 3751 3790 4103
6657 2 2 2 17 3351 3349 5376
6658 2 2 2 17 5510 3268 6556
6659 2 2 2 17 5394 3559 5395
6660 2 2 2 17 3247 5952 6358
6661 2 2 2 17 3974 3994 4014
6662 2 2 2 17 3216 6076 6082
6663 2 2 2 17 4017 4018 4215
6664 2 2 2 17 6672 5240 7006
6665 2 2 2 17 3161 5794 6268
6666 2 2 2 17 3691 5644 6067
6667 2 2 2 17 6448 672 6465
6668 2 2 2 17 3336 3338 3339
6669 2 2 2 17 3699 3742 3751
6670 2 2 2 17 3331 3316 3335
6671 2 2 2 17 3508 5691 6705
6672 2 2 2 17 6444 5316 7311
6673 2 2 2 17 3997 3968 5780
6674 2 2 2 17 3887 3971 7251
6675 2 2 2 17 3975 3968 3997
6676 2 2 2 17 5362 3556 7030
6677 2 2 2 17 25 516 5999
6678 2 2 2 17 6781 565 7206
6679 2 2 2 17 3692 3641 3697
6680 2 2 2 17 3858 3860 5656
6681 2 2 2 17 5015 5014 5659
6682 2 2 2 17 5868 3236 6642
6683 2 2 2 17 5136 6397 6488
6684 2 2 2 17 5610 5919 5920
6685 2 2 2 17 5725 3228 6407
6686 2 2 2 17 518 6970 7063
6687 2 2 2 17 5837 5271 7092
6688 2 2 2 17 3950 3952 5714
6689 2 2 2 17 3880 5684 7533
6690 2 2 2 17 4099 3764 4145
6691 2 2 2 17 5345 6617 6867
6692 2 2 2 17 5720 6343 7203
6693 2 2 2 17 5610 4648 5919
6694 2 2 2 17 5158 5290 7234
6695 2 2 2 17 3331 3335 3336
6696 2 2 2 17 4221 4222 4223
6697 2 2 2 17 5375 5577 6278
6698 2 2 2 17 3754 4627 5240
6699 2 2 2 17 5492 5489 5905
6700 2 2 2 17 3433 3431 6749
6701 2 2 2 17 5655 5650 6468
6702 2 2 2 17 4076 4090 4248
6703 2 2 2 17 3763 3701 3764
6704 2 2 2 17 3718 3796 3797
6705 2 2 2 17 361 360 5924
6706 2 2 2 17 480 6696 7236
6707 2 2 2 17 5594 6430 7037
6708 2 2 2 17 6196 6912 7162
6709 2 2 2 17 4155 4153 6022
6710 2 2 2 17 6383 3876 6883
6711 2 2 2 17 3268 5510 7098
6712 2 2 2 17 5630 4519 6022
6713 2 2 2 17 3591 3531 5357
6714 2 2 2 17 4324 4326 5672
6715 2 2 2 17 3556 3558 7030
6716 2 2 2 17 5484 4632 5937
6717 2 2 2 17 4382 4384 5711
6718 2 2 2 17 5409 5992 7033
6719 2 2 2 17 3524 3591 7289
6720 2 2 2 17 4176 4801 6057
6721 2 2 2 17 6166 3294 6193
6722 2 2 2 17 3865 3872 7235
6723 2 2 2 17 5286 6571 6702
6724 2 2 2 17 6912 5966 7162
6725 2 2 2 17 5267 6865 7198
6726 2 2 2 17 4858 5733 5947
6727 2 2 2 17 3170 5609 7263
6728 2 2 2 17 6281 5266 6440
6729 2 2 2 17 5455 4078 6247
6730 2 2 2 17 4576 5471 5958
6731 2 2 2 17 3769 3721 3770
6732 2 2 2 17 3444 5603 5605
6733 2 2 2 17 3980 3989 5363
6734 2 2 2 17 4187 4142 6045
6735 2 2 2 17 5916 4935 6406
6736 2 2 2 17 3621 5623 7001
6737 2 2 2 17 3889 3880 7533
6738 2 2 2 17 3876 3879 6883
6739 2 2 2 17 5665 6024 6260
6740 2 2 2 17 4260 4259 4262
6741 2 2 2 17 6722 4055 7149
6742 2 2 2 17 6932 3370 7095
6743 2 2 2 17 5871 3269 5971
6744 2 2 2 17 5753 6034 6064
6745 2 2 2 17 3214 5673 6191
6746 2 2 2 17 6193 3294 7189
6747 2 2 2 17 5659 5014 5826
6748 2 2 2 17 4002 3977 4003
6749 2 2 2 17 5904 4548 6031
6750 2 2 2 17 4453 4451 5774
6751 2 2 2 17 6648 4734 7192
6752 2 2 2 17 5427 4426 5817
6753 2 2 2 17 5520 4218 5947
6754 2 2 2 17 5598 5597 5599
6755 2 2 2 17 4584 5688 5990
6756 2 2 2 17 6003 3200 6999
6757 2 2 2 17 3476 3475 3496
6758 2 2 2 17 3595 3722 3723
6759 2 2 2 17 4165 4111 4280
6760 2 2 2 17 6389 3270 7307
6761 2 2 2 17 5715 3889 5716
6762 2 2 2 17 5613 3993 5752
6763 2 2 2 17 5155 4549 6240
6764 2 2 2 17 4005 3830 4006
6765 2 2 2 17 610 609 5893
6766 2 2 2 17 5717 3601 7584
6767 2 2 2 17 3553 3594 3595
6768 2 2 2 17 6008 5743 6443
6769 2 2 2 17 3966 3918 5243
6770 2 2 2 17 4778 4781 5890
6771 2 2 2 17 3488 3490 3499
6772 2 2 2 17 5895 5896 6783
6773 2 2 2 17 3700 3542 3701
6774 2 2 2 17 3178 6281 6440
6775 2 2 2 17 3471 3468 5351
6776 2 2 2 17 5953 6363 7186
6777 2 2 2 17 3850 5513 7330
6778 2 2 2 17 3849 7015 7038
6779 2 2 2 17 5523 4592 5910
6780 2 2 2 17 5401 3690 6065
6781 2 2 2 17 3495 5572 6777
6782 2 2 2 17 3499 3500 3506
6783 2 2 2 17 5790 5775 6888
6784 2 2 2 17 4551 5649 6240
6785 2 2 2 17 4080 3750 4081
6786 2 2 2 17 5429 6671 7243
6787 2 2 2 17 6024 4991 6260
6788 2 2 2 17 5596 5597 5598
6789 2 2 2 17 4635 5744 6397
6790 2 2 2 17 629 3198 6256
6791 2 2 2 17 6246 4941 7208
6792 2 2 2 17 4901 5566 6705
6793 2 2 2 17 3284 5733 5788
6794 2 2 2 17 5757 3241 6401
6795 2 2 2 17 5807 4493 5808
6796 2 2 2 17 4162 4164 6282
6797 2 2 2 17 3593 4220 5787
6798 2 2 2 17 4008 4006 4009
6799 2 2 2 17 5649 3291 6240
6800 2 2 2 17 5364 5365 5366
6801 2 2 2 17 513 512 5914
6802 2 2 2 17 3696 3670 5447
6803 2 2 2 17 6371 4794 7441
6804 2 2 2 17 3228 6614 6951
6805 2 2 2 17 4572 5619 7470
6806 2 2 2 17 3498 5632 6202
6807 2 2 2 17 5489 5487 5905
6808 2 2 2 17 4426 4799 5817
6809 2 2 2 17 7171 4764 7172
6810 2 2 2 17 4238 4069 5981
6811 2 2 2 17 395 6807 7123
6812 2 2 2 17 4022 4024 5384
6813 2 2 2 17 3625 5675 7131
6814 2 2 2 17 3807 3809 5186
6815 2 2 2 17 3720 3583 3721
6816 2 2 2 17 3248 5571 7630
6817 2 2 2 17 6520 6519 6649
6818 2 2 2 17 4432 4434 5553
6819 2 2 2 17 3524 3531 3591
6820 2 2 2 17 4010 4009 4072
6821 2 2 2 17 4142 3986 4144
6822 2 2 2 17 3725 3723 3792
6823 2 2 2 17 3514 3519 3530
6824 2 2 2 17 3890 3973 5485
6825 2 2 2 17 3501 3509 3510
6826 2 2 2 17 3887 3890 3971
6827 2 2 2 17 3754 3412 4627
6828 2 2 2 17 4567 5760 5762
6829 2 2 2 17 5258 5882 6944
6830 2 2 2 17 6037 3163 6038
6831 2 2 2 17 3536 3521 3537
6832 2 2 2 17 4058 4059 5494
6833 2 2 2 17 3656 3658 3694
6834 2 2 2 17 3916 3918 3966
6835 2 2 2 17 3539 3542 3700
6836 2 2 2 17 3506 3507 3516
6837 2 2 2 17 375 6293 7114
6838 2 2 2 17 4868 5729 7136
6839 2 2 2 17 3976 3922 3977
6840 2 2 2 17 3639 3641 3692
6841 2 2 2 17 4007 5900 7039
6842 2 2 2 17 5843 4135 7035
6843 2 2 2 17 3904 3968 3975
6844 2 2 2 17 4073 4072 4130
6845 2 2 2 17 663 662 6214
6846 2 2 2 17 5402 6065 6394
6847 2 2 2 17 3781 6121 6787
6848 2 2 2 17 4493 5282 5808
6849 2 2 2 17 3563 3583 3720
6850 2 2 2 17 4764 5834 7172
6851 2 2 2 17 3873 3965 3974
6852 2 2 2 17 5365 3523 6872
6853 2 2 2 17 3796 4078 5455
6854 2 2 2 17 3920 3922 3976
6855 2 2 2 17 3865 3867 3872
6856 2 2 2 17 3668 3670 3696
6857 2 2 2 17 5486 5487 5488
6858 2 2 2 17 3528 5326 5327
6859 2 2 2 17 4203 4202 5699
6860 2 2 2 17 5703 5226 6545
6861 2 2 2 17 4225 4227 4229
6862 2 2 2 17 3615 3698 3699
6863 2 2 2 17 3423 3419 7053
6864 2 2 2 17 4285 4493 5807
6865 2 2 2 17 3219 5651 6326
6866 2 2 2 17 4102 6886 6955
6867 2 2 2 17 3345 3343 3523
6868 2 2 2 17 5363 3989 7163
6869 2 2 2 17 4547 6014 7008
6870 2 2 2 17 583 6060 6712
6871 2 2 2 17 3672 3674 3749
6872 2 2 2 17 3571 3574 3711
6873 2 2 2 17 6261 418 7161
6874 2 2 2 17 3512 3493 3513
6875 2 2 2 17 5380 5463 5755
6876 2 2 2 17 4195 4193 5898
6877 2 2 2 17 5203 5861 7331
6878 2 2 2 17 4300 4298 5919
6879 2 2 2 17 3857 3967 4221
6880 2 2 2 17 3682 3684 3707
6881 2 2 2 17 3607 3712 3718
6882 2 2 2 17 5754 5891 5892
6883 2 2 2 17 5882 3203 6944
6884 2 2 2 17 4652 5627 5898
6885 2 2 2 17 5687 413 6821
6886 2 2 2 17 3521 3513 3522
6887 2 2 2 17 5714 3952 6815
6888 2 2 2 17 3275 5999 6765
6889 2 2 2 17 3934 3936 3985
6890 2 2 2 17 6615 4509 6940
6891 2 2 2 17 6341 3984 6655
6892 2 2 2 17 3749 3674 3750
6893 2 2 2 17 3944 3946 3981
6894 2 2 2 17 4457 4460 6295
6895 2 2 2 17 3389 3387 3481
6896 2 2 2 17 3560 3588 3590
6897 2 2 2 17 3842 3844 3846
6898 2 2 2 17 5530 5532 5594
6899 2 2 2 17 3569 5193 5370
6900 2 2 2 17 3425 3423 3435
6901 2 2 2 17 5379 5380 5381
6902 2 2 2 17 3345 3523 5364
6903 2 2 2 17 3355 3353 5394
6904 2 2 2 17 656 655 6018
6905 2 2 2 17 5765 5766 6915
6906 2 2 2 17 3516 3517 3526
6907 2 2 2 17 5083 5071 6294
6908 2 2 2 17 3576 3578 3730
6909 2 2 2 17 4099 4145 4246
6910 2 2 2 17 5571 3248 6586
6911 2 2 2 17 3941 5279 7537
6912 2 2 2 17 3534 3549 3553
6913 2 2 2 17 4257 4255 4259
6914 2 2 2 17 6578 5440 7062
6915 2 2 2 17 3600 3586 3602
6916 2 2 2 17 3445 5818 7357
6917 2 2 2 17 3948 3950 4015
6918 2 2 2 17 6267 3752 7051
6919 2 2 2 17 3794 4082 4170
6920 2 2 2 17 5530 3385 5531
6921 2 2 2 17 5580 3596 7164
6922 2 2 2 17 4632 5507 5937
6923 2 2 2 17 5476 5793 6988
6924 2 2 2 17 6465 3257 7036
6925 2 2 2 17 6656 6341 6777
6926 2 2 2 17 3538 3537 3556
6927 2 2 2 17 5381 5445 5446
6928 2 2 2 17 6479 4911 7175
6929 2 2 2 17 413 5687 7240
6930 2 2 2 17 3324 3326 3337
6931 2 2 2 17 5773 5223 6519
6932 2 2 2 17 4183 4080 4189
6933 2 2 2 17 5991 3748 6836
6934 2 2 2 17 5606 3695 6245
6935 2 2 2 17 6543 5342 6966
6936 2 2 2 17 4109 4111 4165
6937 2 2 2 17 3960 3962 3983
6938 2 2 2 17 3349 3347 3541
6939 2 2 2 17 6060 583 7321
6940 2 2 2 17 3850 5400 5768
6941 2 2 2 17 6970 5671 7063
6942 2 2 2 17 3546 5635 7507
6943 2 2 2 17 3985 3936 3986
6944 2 2 2 17 6039 3204 7190
6945 2 2 2 17 3748 3799 3800
6946 2 2 2 17 5750 6781 7206
6947 2 2 2 17 5653 5651 7256
6948 2 2 2 17 3722 3793 3794
6949 2 2 2 17 4796 4795 6643
6950 2 2 2 17 3439 3438 3492
6951 2 2 2 17 3580 3582 3768
6952 2 2 2 17 461 460 6012
6953 2 2 2 17 7148 5555 7205
6954 2 2 2 17 4174 4003 4176
6955 2 2 2 17 3556 3537 3558
6956 2 2 2 17 4102 6360 6886
6957 2 2 2 17 5812 5813 7625
6958 2 2 2 17 6067 6353 6354
6959 2 2 2 17 3516 3526 3528
6960 2 2 2 17 3526 3527 3534
6961 2 2 2 17 6172 4943 7165
6962 2 2 2 17 5561 4080 7148
6963 2 2 2 17 3521 5443 7414
6964 2 2 2 17 3291 5649 6239
6965 2 2 2 17 6206 5266 6207
6966 2 2 2 17 3557 3556 3586
6967 2 2 2 17 6432 6512 7225
6968 2 2 2 17 5376 5377 5378
6969 2 2 2 17 6715 5481 7297
6970 2 2 2 17 5517 3770 5518
6971 2 2 2 17 4013 5995 5996
6972 2 2 2 17 3263 5832 6388
6973 2 2 2 17 6259 6389 7307
6974 2 2 2 17 3492 3438 3493
6975 2 2 2 17 3425 3435 5379
6976 2 2 2 17 5777 5778 6561
6977 2 2 2 17 6659 5169 6997
6978 2 2 2 17 4403 5538 5932
6979 2 2 2 17 3970 3980 3998
6980 2 2 2 17 6689 6839 6948
6981 2 2 2 17 5983 4554 7239
6982 2 2 2 17 4078 5315 7069
6983 2 2 2 17 4071 3769 4159
6984 2 2 2 17 5267 5484 6865
6985 2 2 2 17 5663 3192 6439
6986 2 2 2 17 4935 5916 6488
6987 2 2 2 17 4261 4260 4263
6988 2 2 2 17 6302 5621 6864
6989 2 2 2 17 3805 3807 3850
6990 2 2 2 17 3254 5924 7448
6991 2 2 2 17 6787 4944 7101
6992 2 2 2 17 6013 6574 7056
6993 2 2 2 17 3723 3722 5459
6994 2 2 2 17 4072 4009 4074
6995 2 2 2 17 3794 3795 4082
6996 2 2 2 17 6008 3225 6009
6997 2 2 2 17 5835 5569 7487
6998 2 2 2 17 3353 3351 3559
6999 2 2 2 17 4228 5763 5854
7000 2 2 2 17 4026 4028 5403
7001 2 2 2 17 3728 4067 4068
7002 2 2 2 17 3429 3427 3495
7003 2 2 2 17 6132 3217 6420
7004 2 2 2 17 4020 4022 4201
7005 2 2 2 17 3587 3586 3600
7006 2 2 2 17 3534 3535 3549
7007 2 2 2 17 6069 5813 6992
7008 2 2 2 17 5342 6336 6966
7009 2 2 2 17 3393 3391 3497
7010 2 2 2 17 5804 4906 5911
7011 2 2 2 17 3826 3827 5781
7012 2 2 2 17 5940 3288 6464
7013 2 2 2 17 6696 5957 7236
7014 2 2 2 17 5699 4639 5700
7015 2 2 2 17 3882 3885 5684
7016 2 2 2 17 3783 4118 5704
7017 2 2 2 17 3941 3944 5279
7018 2 2 2 17 5561 7148 7205
7019 2 2 2 17 3989 3991 4017
7020 2 2 2 17 3964 3970 5657
7021 2 2 2 17 3431 3429 5782
7022 2 2 2 17 5718 5206 6384
7023 2 2 2 17 5679 3190 5769
7024 2 2 2 17 3574 3576 5198
7025 2 2 2 17 3679 3682 5506
7026 2 2 2 17 5669 3319 7276
7027 2 2 2 17 4006 3830 4007
7028 2 2 2 17 3355 5394 7185
7029 2 2 2 17 3387 3385 5530
7030 2 2 2 17 3499 3506 3508
7031 2 2 2 17 3618 3621 5667
7032 2 2 2 17 4223 4222 5745
7033 2 2 2 17 3862 3865 5462
7034 2 2 2 17 3314 3316 3331
7035 2 2 2 17 5781 6532 7437
7036 2 2 2 17 5462 3865 7235
7037 2 2 2 17 4767 5433 6883
7038 2 2 2 17 4131 4130 4178
7039 2 2 2 17 3612 3615 5464
7040 2 2 2 17 4908 5783 6453
7041 2 2 2 17 4018 4020 5734
7042 2 2 2 17 3569 3571 5193
7043 2 2 2 17 3946 3948 5727
7044 2 2 2 17 3647 3691 5875
7045 2 2 2 17 3630 3695 5606
7046 2 2 2 17 3783 5704 7218
7047 2 2 2 17 3601 3600 3702
7048 2 2 2 17 5595 6991 7228
7049 2 2 2 17 5515 3400 7378
7050 2 2 2 17 5734 5386 6880
7051 2 2 2 17 3202 5527 7360
7052 2 2 2 17 3237 5680 6497
7053 2 2 2 17 4264 4263 4267
7054 2 2 2 17 3349 3541 5376
7055 2 2 2 17 6016 4042 7138
7056 2 2 2 17 4036 4038 5419
7057 2 2 2 17 3468 3466 3472
7058 2 2 2 17 4109 4110 4111
7059 2 2 2 17 6014 4547 7636
7060 2 2 2 17 3665 3668 5728
7061 2 2 2 17 3191 478 5960
7062 2 2 2 17 3768 3582 5480
7063 2 2 2 17 3914 5218 5256
7064 2 2 2 17 4263 4260 7583
7065 2 2 2 17 3914 3916 5218
7066 2 2 2 17 3406 3402 5515
7067 2 2 2 17 6521 5270 7159
7068 2 2 2 17 3839 3842 5473
7069 2 2 2 17 5351 3472 6058
7070 2 2 2 17 3654 3656 5730
7071 2 2 2 17 4967 6027 6573
7072 2 2 2 17 6018 655 6906
7073 2 2 2 17 4298 3797 4302
7074 2 2 2 17 5358 5899 6429
7075 2 2 2 17 3800 3799 3801
7076 2 2 2 17 3796 4077 4078
7077 2 2 2 17 4081 4432 4442
7078 2 2 2 17 6026 3982 6068
7079 2 2 2 17 5505 4046 5595
7080 2 2 2 17 5627 4652 6094
7081 2 2 2 17 5167 6539 6631
7082 2 2 2 17 6369 6371 7441
7083 2 2 2 17 3444 3441 5603
7084 2 2 2 17 4024 4026 4167
7085 2 2 2 17 6004 5407 6433
7086 2 2 2 17 4636 4484 6072
7087 2 2 2 17 6182 6648 7192
7088 2 2 2 17 5880 5258 6328
7089 2 2 2 17 3546 3563 5631
7090 2 2 2 17 3395 3393 5567
7091 2 2 2 17 4222 4224 4225
7092 2 2 2 17 4758 5685 5832
7093 2 2 2 17 5743 4852 6295
7094 2 2 2 17 5640 4589 6536
7095 2 2 2 17 4654 7004 7033
7096 2 2 2 17 5873 4548 5904
7097 2 2 2 17 3402 3400 5515
7098 2 2 2 17 5535 4496 5536
7099 2 2 2 17 4162 4069 4164
7100 2 2 2 17 4256 4255 4257
7101 2 2 2 17 3441 3439 5603
7102 2 2 2 17 4690 3355 5248
7103 2 2 2 17 3907 3933 5712
7104 2 2 2 17 3811 3813 3853
7105 2 2 2 17 6207 5266 6281
7106 2 2 2 17 3166 6361 6470
7107 2 2 2 17 3496 3475 4496
7108 2 2 2 17 5635 5631 6583
7109 2 2 2 17 4052 4058 5486
7110 2 2 2 17 3977 3922 6764
7111 2 2 2 17 3481 5530 5594
7112 2 2 2 17 3252 6605 7073
7113 2 2 2 17 5801 5552 7020
7114 2 2 2 17 5552 6930 7020
7115 2 2 2 17 4846 5953 7186
7116 2 2 2 17 3679 5506 7538
7117 2 2 2 17 3501 3503 3509
7118 2 2 2 17 3837 3839 5473
7119 2 2 2 17 3474 3471 3475
7120 2 2 2 17 4030 4032 5588
7121 2 2 2 17 4525 4526 6283
7122 2 2 2 17 6211 6210 7525
7123 2 2 2 17 6026 4558 6665
7124 2 2 2 17 4143 4142 4187
7125 2 2 2 17 3790 3791 4206
7126 2 2 2 17 5445 6926 7227
7127 2 2 2 17 6226 6672 7006
7128 2 2 2 17 5632 3498 6825
7129 2 2 2 17 4174 4176 6057
7130 2 2 2 17 4699 4697 6579
7131 2 2 2 17 4980 7197 7292
7132 2 2 2 17 3330 3334 3488
7133 2 2 2 17 5588 4032 7322
7134 2 2 2 17 6626 3776 6706
7135 2 2 2 17 5394 5395 5460
7136 2 2 2 17 3983 6596 6675
7137 2 2 2 17 5473 5746 7110
7138 2 2 2 17 3636 3639 5137
7139 2 2 2 17 3901 3904 5454
7140 2 2 2 17 3998 3980 5363
7141 2 2 2 17 3412 3409 5353
7142 2 2 2 17 5650 3311 6468
7143 2 2 2 17 3971 3890 7597
7144 2 2 2 17 5384 4024 7345
7145 2 2 2 17 6452 3768 7488
7146 2 2 2 17 3846 3844 5678
7147 2 2 2 17 3560 3561 3588
7148 2 2 2 17 5528 3232 7092
7149 2 2 2 17 3842 3843 3844
7150 2 2 2 17 6742 3257 7343
7151 2 2 2 17 5083 6294 7363
7152 2 2 2 17 3509 3514 5286
7153 2 2 2 17 3468 3472 5351
7154 2 2 2 17 3445 3444 3562
7155 2 2 2 17 3844 3845 3852
7156 2 2 2 17 3522 3748 5991
7157 2 2 2 17 3610 3612 5464
7158 2 2 2 17 5054 5051 6337
7159 2 2 2 17 3588 3589 3596
7160 2 2 2 17 6231 6233 6485
7161 2 2 2 17 4225 4226 4227
7162 2 2 2 17 6245 5368 6246
7163 2 2 2 17 5488 5487 5489
7164 2 2 2 17 3860 3862 5462
7165 2 2 2 17 3768 5480 7488
7166 2 2 2 17 4969 5622 6381
7167 2 2 2 17 5575 3300 6523
7168 2 2 2 17 3559 3351 7096
7169 2 2 2 17 4227 4228 5854
7170 2 2 2 17 4034 4036 4208
7171 2 2 2 17 3339 3501 5707
7172 2 2 2 17 4267 4263 4268
7173 2 2 2 17 6361 5277 6470
7174 2 2 2 17 5887 6960 7634
7175 2 2 2 17 3867 3868 7172
7176 2 2 2 17 3616 3618 5667
7177 2 2 2 17 4564 4212 6328
7178 2 2 2 17 5833 3172 5968
7179 2 2 2 17 5543 6452 7488
7180 2 2 2 17 5326 3526 7217
7181 2 2 2 17 5720 4091 6343
7182 2 2 2 17 5952 5951 6358
7183 2 2 2 17 3786 3743 5360
7184 2 2 2 17 6490 5327 6491
7185 2 2 2 17 3868 3873 5453
7186 2 2 2 17 3880 3882 5684
7187 2 2 2 17 4028 4030 4217
7188 2 2 2 17 3815 3817 3851
7189 2 2 2 17 3850 3807 5186
7190 2 2 2 17 3407 3406 3739
7191 2 2 2 17 3607 3608 3712
7192 2 2 2 17 3275 5670 6970
7193 2 2 2 17 3494 3397 5568
7194 2 2 2 17 4032 4034 5583
7195 2 2 2 17 4125 4127 5855
7196 2 2 2 17 4068 4067 4069
7197 2 2 2 17 4201 4022 5384
7198 2 2 2 17 3857 3858 3967
7199 2 2 2 17 4287 4285 5807
7200 2 2 2 17 5970 5655 7158
7201 2 2 2 17 3148 6392 7116
7202 2 2 2 17 4038 4040 4115
7203 2 2 2 17 4900 4902 5689
7204 2 2 2 17 4080 4081 7148
7205 2 2 2 17 3739 6985 7261
7206 2 2 2 17 5825 5099 7262
7207 2 2 2 17 3953 3956 6520
7208 2 2 2 17 5434 3317 5669
7209 2 2 2 17 6164 5202 6197
7210 2 2 2 17 5831 3403 7144
7211 2 2 2 17 3889 5715 7465
7212 2 2 2 17 4170 4191 4269
7213 2 2 2 17 3353 3559 5394
7214 2 2 2 17 4914 5640 6536
7215 2 2 2 17 6308 3382 6636
7216 2 2 2 17 3622 3625 5623
7217 2 2 2 17 3537 3521 7414
7218 2 2 2 17 4017 3991 4018
7219 2 2 2 17 4189 4080 5561
7220 2 2 2 17 6082 6084 7478
7221 2 2 2 17 3150 5844 6289
7222 2 2 2 17 6076 3216 6550
7223 2 2 2 17 3463 3461 7106
7224 2 2 2 17 5577 5375 7329
7225 2 2 2 17 4260 4262 5845
7226 2 2 2 17 3953 6520 7340
7227 2 2 2 17 3181 5552 6793
7228 2 2 2 17 4290 5734 6880
7229 2 2 2 17 5607 6766 6767
7230 2 2 2 17 5875 6067 6354
7231 2 2 2 17 4858 4401 5932
7232 2 2 2 17 5548 5201 6449
7233 2 2 2 17 3509 3511 3514
7234 2 2 2 17 3928 3934 6272
7235 2 2 2 17 6360 4102 6937
7236 2 2 2 17 5832 5685 6388
7237 2 2 2 17 3784 3783 4140
7238 2 2 2 17 5606 6245 6246
7239 2 2 2 17 6306 5440 6578
7240 2 2 2 17 3905 3907 5712
7241 2 2 2 17 6382 397 6644
7242 2 2 2 17 4038 4115 5419
7243 2 2 2 17 5433 3965 6383
7244 2 2 2 17 3217 6132 7300
7245 2 2 2 17 630 629 6256
7246 2 2 2 17 4036 5419 7389
7247 2 2 2 17 4907 5261 5911
7248 2 2 2 17 5689 4902 5690
7249 2 2 2 17 6807 5883 7123
7250 2 2 2 17 5754 5890 5891
7251 2 2 2 17 729 6638 6999
7252 2 2 2 17 4118 4119 4209
7253 2 2 2 17 3629 3630 5606
7254 2 2 2 17 6694 5248 7461
7255 2 2 2 17 5332 5333 7036
7256 2 2 2 17 4589 5640 7495
7257 2 2 2 17 4179 4180 5860
7258 2 2 2 17 567 3239 6241
7259 2 2 2 17 4042 4044 4146
7260 2 2 2 17 3496 5535 7550
7261 2 2 2 17 4112 4124 5509
7262 2 2 2 17 6605 5371 7073
7263 2 2 2 17 3615 3616 3698
7264 2 2 2 17 3790 4206 5596
7265 2 2 2 17 3280 6149 6150
7266 2 2 2 17 3626 3629 5639
7267 2 2 2 17 3552 3560 5430
7268 2 2 2 17 6298 4864 6597
7269 2 2 2 17 4781 5246 5890
7270 2 2 2 17 4160 4159 4344
7271 2 2 2 17 5443 5624 6796
7272 2 2 2 17 3166 5664 6361
7273 2 2 2 17 3400 3397 3494
7274 2 2 2 17 6010 5724 6690
7275 2 2 2 17 6617 3168 6867
7276 2 2 2 17 3226 5778 6938
7277 2 2 2 17 5915 3150 6289
7278 2 2 2 17 6324 3181 7320
7279 2 2 2 17 4148 4133 4192
7280 2 2 2 17 3819 3821 3831
7281 2 2 2 17 5595 4046 7270
7282 2 2 2 17 5138 5727 6451
7283 2 2 2 17 4153 4154 4157
7284 2 2 2 17 4016 5607 7071
7285 2 2 2 17 6491 4390 6680
7286 2 2 2 17 6432 5331 6512
7287 2 2 2 17 4576 5958 6752
7288 2 2 2 17 3437 3433 3438
7289 2 2 2 17 5065 5064 5758
7290 2 2 2 17 4140 3783 7218
7291 2 2 2 17 5332 7036 7178
7292 2 2 2 17 3251 419 6261
7293 2 2 2 17 6429 5899 7118
7294 2 2 2 17 6547 5430 6995
7295 2 2 2 17 3370 3368 3505
7296 2 2 2 17 4017 4215 4216
7297 2 2 2 17 3480 3478 3482
7298 2 2 2 17 3602 5362 6593
7299 2 2 2 17 4228 5760 5763
7300 2 2 2 17 5551 6742 7343
7301 2 2 2 17 5224 6560 6779
7302 2 2 2 17 3865 3866 3867
7303 2 2 2 17 5809 3697 6732
7304 2 2 2 17 4302 3797 7348
7305 2 2 2 17 3526 3534 7217
7306 2 2 2 17 6280 3815 7074
7307 2 2 2 17 5231 5778 5964
7308 2 2 2 17 3185 5648 6633
7309 2 2 2 17 3873 3874 3965
7310 2 2 2 17 6013 3706 6574
7311 2 2 2 17 3586 3556 5362
7312 2 2 2 17 5724 6010 7381
7313 2 2 2 17 3343 6650 6873
7314 2 2 2 17 6969 6423 7125
7315 2 2 2 17 4229 4227 4230
7316 2 2 2 17 6567 6220 7064
7317 2 2 2 17 6058 3472 7569
7318 2 2 2 17 6283 4899 6284
7319 2 2 2 17 5552 3181 6930
7320 2 2 2 17 4673 5700 5927
7321 2 2 2 17 4068 4162 4163
7322 2 2 2 17 4163 4162 4252
7323 2 2 2 17 4124 4125 4369
7324 2 2 2 17 5621 6302 7564
7325 2 2 2 17 3514 3515 3519
7326 2 2 2 17 6197 5202 6300
7327 2 2 2 17 5294 5961 6698
7328 2 2 2 17 3992 5752 6782
7329 2 2 2 17 3879 3880 3889
7330 2 2 2 17 4673 5699 5700
7331 2 2 2 17 4130 4072 6305
7332 2 2 2 17 3833 3835 3854
7333 2 2 2 17 3604 3601 5717
7334 2 2 2 17 6233 6615 6940
7335 2 2 2 17 4640 5730 7464
7336 2 2 2 17 4127 4179 5855
7337 2 2 2 17 3203 5882 6807
7338 2 2 2 17 3845 3848 5683
7339 2 2 2 17 5816 4525 6283
7340 2 2 2 17 5177 5698 6547
7341 2 2 2 17 3301 5793 6936
7342 2 2 2 17 3300 5575 6980
7343 2 2 2 17 4141 4140 4202
7344 2 2 2 17 4583 5653 6227
7345 2 2 2 17 4216 4215 4288
7346 2 2 2 17 3485 3483 3489
7347 2 2 2 17 6711 4835 7608
7348 2 2 2 17 3823 7234 7392
7349 2 2 2 17 5494 4059 7323
7350 2 2 2 17 4190 4189 4198
7351 2 2 2 17 4904 5796 7482
7352 2 2 2 17 3827 3829 3832
7353 2 2 2 17 4248 4090 4250
7354 2 2 2 17 4048 4050 4089
7355 2 2 2 17 4167 4026 5403
7356 2 2 2 17 3728 4068 6741
7357 2 2 2 17 3227 459 6349
7358 2 2 2 17 4059 4061 4070
7359 2 2 2 17 3885 3886 3887
7360 2 2 2 17 7091 4601 7127
7361 2 2 2 17 3232 5528 6450
7362 2 2 2 17 5733 5520 5947
7363 2 2 2 17 3621 3622 5623
7364 2 2 2 17 6493 6492 7375
7365 2 2 2 17 3466 3463 5228
7366 2 2 2 17 3597 3607 6619
7367 2 2 2 17 3768 6452 7070
7368 2 2 2 17 5374 6787 7101
7369 2 2 2 17 3625 3626 5639
7370 2 2 2 17 4083 4393 4492
7371 2 2 2 17 3651 3654 7576
7372 2 2 2 17 4127 4129 4179
7373 2 2 2 17 3887 3888 3890
7374 2 2 2 17 3221 6197 6300
7375 2 2 2 17 5714 5296 7594
7376 2 2 2 17 3397 3395 7431
7377 2 2 2 17 5481 6715 7453
7378 2 2 2 17 3213 5766 6658
7379 2 2 2 17 3823 3825 3826
7380 2 2 2 17 3752 6267 6661
7381 2 2 2 17 4112 4114 4124
7382 2 2 2 17 4118 4209 4294
7383 2 2 2 17 3316 3317 5434
7384 2 2 2 17 4758 5833 5968
7385 2 2 2 17 5863 4848 6610
7386 2 2 2 17 5526 5904 6031
7387 2 2 2 17 3904 3905 3968
7388 2 2 2 17 3707 3684 7516
7389 2 2 2 17 6283 6284 6919
7390 2 2 2 17 3826 6475 7234
7391 2 2 2 17 5701 4961 6317
7392 2 2 2 17 3519 3520 3524
7393 2 2 2 17 5403 4028 7400
7394 2 2 2 17 3639 3640 3641
7395 2 2 2 17 3508 3506 7554
7396 2 2 2 17 3245 6252 6895
7397 2 2 2 17 3188 5790 6888
7398 2 2 2 17 5768 5400 7410
7399 2 2 2 17 4192 4133 5625
7400 2 2 2 17 5383 5537 6058
7401 2 2 2 17 5645 5646 6489
7402 2 2 2 17 4096 6476 6713
7403 2 2 2 17 6392 3148 7221
7404 2 2 2 17 5752 4958 6271
7405 2 2 2 17 5645 3178 6440
7406 2 2 2 17 5960 477 6510
7407 2 2 2 17 4069 4067 5981
7408 2 2 2 17 6071 6889 6898
7409 2 2 2 17 3800 3830 4005
7410 2 2 2 17 4052 4054 4058
7411 2 2 2 17 3161 6268 6630
7412 2 2 2 17 3890 3891 3973
7413 2 2 2 17 3646 3647 5875
7414 2 2 2 17 6208 3154 6237
7415 2 2 2 17 5758 5064 5759
7416 2 2 2 17 5540 5655 6468
7417 2 2 2 17 4165 4280 4281
7418 2 2 2 17 5603 3439 7586
7419 2 2 2 17 6470 5277 6611
7420 2 2 2 17 6501 4798 7277
7421 2 2 2 17 3149 5835 7487
7422 2 2 2 17 5724 4851 6690
7423 2 2 2 17 3438 3433 5335
7424 2 2 2 17 4211 4938 5789
7425 2 2 2 17 3413 3412 3754
7426 2 2 2 17 6357 5565 7402
7427 2 2 2 17 3432 3548 6575
7428 2 2 2 17 3610 5464 7085
7429 2 2 2 17 5202 6164 6449
7430 2 2 2 17 5708 3258 6270
7431 2 2 2 17 3362 3358 6350
7432 2 2 2 17 3844 3852 7292
7433 2 2 2 17 5085 5083 5086
7434 2 2 2 17 5785 5363 6409
7435 2 2 2 17 4063 4108 4109
7436 2 2 2 17 5842 6833 7451
7437 2 2 2 17 4202 4140 4293
7438 2 2 2 17 3343 3341 6650
7439 2 2 2 17 4042 4146 7138
7440 2 2 2 17 3593 5787 6758
7441 2 2 2 17 3765 6858 7195
7442 2 2 2 17 6457 5197 6507
7443 2 2 2 17 393 392 6297
7444 2 2 2 17 5099 5179 7262
7445 2 2 2 17 4296 6444 7311
7446 2 2 2 17 5840 5327 6490
7447 2 2 2 17 5783 4740 6453
7448 2 2 2 17 6222 3252 7422
7449 2 2 2 17 5944 4570 6566
7450 2 2 2 17 4584 4485 5989
7451 2 2 2 17 7194 5886 7312
7452 2 2 2 17 5265 6593 6756
7453 2 2 2 17 5886 5885 7312
7454 2 2 2 17 4143 4511 6272
7455 2 2 2 17 4862 4223 4863
7456 2 2 2 17 6349 458 6628
7457 2 2 2 17 3848 3857 5683
7458 2 2 2 17 3725 3792 7027
7459 2 2 2 17 5230 5977 6796
7460 2 2 2 17 3872 3867 5834
7461 2 2 2 17 5296 5714 6704
7462 2 2 2 17 4971 4863 6814
7463 2 2 2 17 3443 3441 3444
7464 2 2 2 17 5458 5665 7229
7465 2 2 2 17 4217 4030 5588
7466 2 2 2 17 4297 3797 4298
7467 2 2 2 17 5823 5412 6437
7468 2 2 2 17 4360 4769 5626
7469 2 2 2 17 4178 4130 4231
7470 2 2 2 17 4254 3604 4255
7471 2 2 2 17 5181 5182 7397
7472 2 2 2 17 6481 5667 6482
7473 2 2 2 17 3524 3525 3531
7474 2 2 2 17 5296 6442 7594
7475 2 2 2 17 6616 5811 6654
7476 2 2 2 17 3830 3801 5612
7477 2 2 2 17 5425 5421 6016
7478 2 2 2 17 5277 5815 6611
7479 2 2 2 17 3474 3475 3476
7480 2 2 2 17 3499 3490 3500
7481 2 2 2 17 3813 3815 6280
7482 2 2 2 17 6489 5646 6540
7483 2 2 2 17 4015 3950 5714
7484 2 2 2 17 3291 568 6241
7485 2 2 2 17 5916 4531 6576
7486 2 2 2 17 5018 5015 5659
7487 2 2 2 17 4942 5871 5971
7488 2 2 2 17 3374 3372 3487
7489 2 2 2 17 5269 6108 6184
7490 2 2 2 17 5728 3696 6572
7491 2 2 2 17 5445 5380 5755
7492 2 2 2 17 3185 6182 7192
7493 2 2 2 17 6276 3196 6865
7494 2 2 2 17 3405 3402 3406
7495 2 2 2 17 3211 6457 6507
7496 2 2 2 17 6928 6097 6988
7497 2 2 2 17 5875 3691 6067
7498 2 2 2 17 6115 5332 7178
7499 2 2 2 17 7113 4863 7134
7500 2 2 2 17 498 5706 7086
7501 2 2 2 17 4834 5306 7128
7502 2 2 2 17 6833 5842 7621
7503 2 2 2 17 3488 3334 3490
7504 2 2 2 17 6794 6091 6854
7505 2 2 2 17 6093 5200 7248
7506 2 2 2 17 4685 4686 5802
7507 2 2 2 17 3455 3454 5550
7508 2 2 2 17 4598 4272 5928
7509 2 2 2 17 3265 5647 7265
7510 2 2 2 17 5565 6357 6790
7511 2 2 2 17 3220 6177 6188
7512 2 2 2 17 6075 6076 6550
7513 2 2 2 17 3552 3555 3560
7514 2 2 2 17 3340 3339 3341
7515 2 2 2 17 4961 5701 6585
7516 2 2 2 17 3839 3841 3842
7517 2 2 2 17 4005 4006 4008
7518 2 2 2 17 4044 4046 5505
7519 2 2 2 17 3488 3499 5566
7520 2 2 2 17 5622 4969 6668
7521 2 2 2 17 5484 6276 6865
7522 2 2 2 17 4660 4836 5870
7523 2 2 2 17 5625 4133 7342
7524 2 2 2 17 5487 5494 5905
7525 2 2 2 17 4479 4482 5619
7526 2 2 2 17 3240 5927 5931
7527 2 2 2 17 3153 5705 7167
7528 2 2 2 17 3193 6006 6527
7529 2 2 2 17 5706 498 7167
7530 2 2 2 17 3977 5562 6683
7531 2 2 2 17 5854 5763 6752
7532 2 2 2 17 3512 3521 3536
7533 2 2 2 17 5658 4891 6590
7534 2 2 2 17 3317 3319 5669
7535 2 2 2 17 3301 6928 6988
7536 2 2 2 17 4086 4172 4218
7537 2 2 2 17 3178 5645 6489
7538 2 2 2 17 6115 7178 7385
7539 2 2 2 17 5653 4583 6573
7540 2 2 2 17 3206 6616 6654
7541 2 2 2 17 3252 6222 6605
7542 2 2 2 17 3970 3998 5657
7543 2 2 2 17 3946 5727 7067
7544 2 2 2 17 3228 5725 7253
7545 2 2 2 17 4851 5724 7203
7546 2 2 2 17 4218 4172 5947
7547 2 2 2 17 3741 5697 6622
7548 2 2 2 17 4738 6179 7421
7549 2 2 2 17 3283 6794 6854
7550 2 2 2 17 5853 6621 7515
7551 2 2 2 17 3658 3660 5764
7552 2 2 2 17 4460 5743 6295
7553 2 2 2 17 4304 4303 5897
7554 2 2 2 17 3597 3599 3607
7555 2 2 2 17 5904 5526 7284
7556 2 2 2 17 3817 3819 5825
7557 2 2 2 17 4515 5343 6309
7558 2 2 2 17 3531 3532 3539
7559 2 2 2 17 5359 3489 6301
7560 2 2 2 17 3258 5709 7245
7561 2 2 2 17 5380 3435 5463
7562 2 2 2 17 5601 5968 6333
7563 2 2 2 17 5968 3172 6333
7564 2 2 2 17 6780 3688 6800
7565 2 2 2 17 5413 5944 6566
7566 2 2 2 17 3654 3655 3656
7567 2 2 2 17 4008 4009 4010
7568 2 2 2 17 3290 5798 6296
7569 2 2 2 17 539 538 6614
7570 2 2 2 17 6447 5608 7436
7571 2 2 2 17 4970 4863 4971
7572 2 2 2 17 5421 4115 6016
7573 2 2 2 17 5766 3213 6915
7574 2 2 2 17 5464 3615 7632
7575 2 2 2 17 3630 3632 3695
7576 2 2 2 17 3506 3500 3507
7577 2 2 2 17 5419 4115 5420
7578 2 2 2 17 7423 5469 7529
7579 2 2 2 17 4040 4042 6016
7580 2 2 2 17 3690 5783 5784
7581 2 2 2 17 3848 3856 3857
7582 2 2 2 17 4973 4971 4977
7583 2 2 2 17 3914 3915 3916
7584 2 2 2 17 4267 4358 5795
7585 2 2 2 17 4255 3604 5717
7586 2 2 2 17 5923 5250 7308
7587 2 2 2 17 3566 3569 7542
7588 2 2 2 17 3169 673 6448
7589 2 2 2 17 5328 5840 7195
7590 2 2 2 17 5485 3973 7441
7591 2 2 2 17 4193 4192 4244
7592 2 2 2 17 4106 6964 7193
7593 2 2 2 17 4409 5355 5865
7594 2 2 2 17 4442 4432 5553
7595 2 2 2 17 5322 5320 5450
7596 2 2 2 17 6067 5644 7007
7597 2 2 2 17 3770 3785 4086
7598 2 2 2 17 4175 4174 4240
7599 2 2 2 17 3626 3628 3629
7600 2 2 2 17 3985 4142 4143
7601 2 2 2 17 4010 4072 4073
7602 2 2 2 17 4201 5384 5385
7603 2 2 2 17 7127 4601 7369
7604 2 2 2 17 5378 5377 5894
7605 2 2 2 17 5487 4058 5494
7606 2 2 2 17 4972 4971 4973
7607 2 2 2 17 3656 3657 3658
7608 2 2 2 17 5532 5531 5831
7609 2 2 2 17 6034 5571 6064
7610 2 2 2 17 4430 4563 5544
7611 2 2 2 17 5686 3164 7269
7612 2 2 2 17 5039 5038 5819
7613 2 2 2 17 4032 5583 7322
7614 2 2 2 17 3983 3962 6590
7615 2 2 2 17 4209 4211 5789
7616 2 2 2 17 3916 3917 3918
7617 2 2 2 17 5480 3582 7563
7618 2 2 2 17 4360 4768 4769
7619 2 2 2 17 3198 6255 6256
7620 2 2 2 17 6053 3173 6292
7621 2 2 2 17 3622 3624 3625
7622 2 2 2 17 4299 4298 4300
7623 2 2 2 17 5566 4901 7428
7624 2 2 2 17 3973 6369 7441
7625 2 2 2 17 4275 4195 4305
7626 2 2 2 17 3539 3540 3542
7627 2 2 2 17 6135 6136 6137
7628 2 2 2 17 4073 4130 4131
7629 2 2 2 17 3430 3432 6575
7630 2 2 2 17 6002 6003 6136
7631 2 2 2 17 5678 3844 7292
7632 2 2 2 17 6428 3254 6908
7633 2 2 2 17 6398 5988 6461
7634 2 2 2 17 5920 4302 5923
7635 2 2 2 17 6137 6003 6999
7636 2 2 2 17 3472 3466 5228
7637 2 2 2 17 3787 6744 6770
7638 2 2 2 17 5203 5205 5861
7639 2 2 2 17 3612 3614 3615
7640 2 2 2 17 6909 5618 7445
7641 2 2 2 17 3155 5695 6335
7642 2 2 2 17 5084 5083 5085
7643 2 2 2 17 3391 3389 6684
7644 2 2 2 17 5407 5986 6433
7645 2 2 2 17 4344 4159 4345
7646 2 2 2 17 3164 5686 6821
7647 2 2 2 17 5304 5625 7342
7648 2 2 2 17 4052 5486 7607
7649 2 2 2 17 5736 4294 6933
7650 2 2 2 17 6125 6127 6169
7651 2 2 2 17 4801 5878 6057
7652 2 2 2 17 5826 5014 5836
7653 2 2 2 17 5537 5351 6058
7654 2 2 2 17 5805 3255 7173
7655 2 2 2 17 4303 4649 5897
7656 2 2 2 17 4096 6713 6905
7657 2 2 2 17 5797 4605 6745
7658 2 2 2 17 3749 4080 4183
7659 2 2 2 17 3868 3870 3873
7660 2 2 2 17 3516 3507 3517
7661 2 2 2 17 4146 4044 5505
7662 2 2 2 17 4973 4977 5642
7663 2 2 2 17 4142 4144 6045
7664 2 2 2 17 3832 3833 7377
7665 2 2 2 17 6752 5763 7585
7666 2 2 2 17 3862 3864 3865
7667 2 2 2 17 5353 3409 7261
7668 2 2 2 17 5628 5627 7454
7669 2 2 2 17 5627 6094 7454
7670 2 2 2 17 5843 5535 6958
7671 2 2 2 17 3618 3620 3621
7672 2 2 2 17 6151 3221 6300
7673 2 2 2 17 363 362 6428
7674 2 2 2 17 3724 3723 3725
7675 2 2 2 17 5450 5320 7155
7676 2 2 2 17 4662 4660 5870
7677 2 2 2 17 3722 3594 3793
7678 2 2 2 17 5914 3250 6762
7679 2 2 2 17 3696 5447 5997
7680 2 2 2 17 4777 4778 5890
7681 2 2 2 17 3658 3659 3660
7682 2 2 2 17 3249 5849 6471
7683 2 2 2 17 3335 5434 6496
7684 2 2 2 17 5517 5518 5521
7685 2 2 2 17 5576 4010 6961
7686 2 2 2 17 4180 4182 4348
7687 2 2 2 17 5635 6583 7299
7688 2 2 2 17 3536 3537 3538
7689 2 2 2 17 4306 4394 6244
7690 2 2 2 17 4100 4099 5944
7691 2 2 2 17 4090 4091 5720
7692 2 2 2 17 3449 3447 3450
7693 2 2 2 17 5248 6694 7498
7694 2 2 2 17 6127 3295 6169
7695 2 2 2 17 3546 3547 3563
7696 2 2 2 17 4104 4103 4171
7697 2 2 2 17 5778 5759 5964
7698 2 2 2 17 4081 4431 4432
7699 2 2 2 17 3918 3919 3920
7700 2 2 2 17 4516 5239 5912
7701 2 2 2 17 4148 4192 4193
7702 2 2 2 17 4086 4097 4172
7703 2 2 2 17 3576 3730 5198
7704 2 2 2 17 5499 6653 6931
7705 2 2 2 17 4002 4174 4175
7706 2 2 2 17 3342 3341 3343
7707 2 2 2 17 5613 5752 6271
7708 2 2 2 17 7098 5510 7449
7709 2 2 2 17 6671 3502 7243
7710 2 2 2 17 3400 3494 7378
7711 2 2 2 17 3876 3878 3879
7712 2 2 2 17 3592 6093 6751
7713 2 2 2 17 3748 3800 6836
7714 2 2 2 17 5201 5548 7248
7715 2 2 2 17 3235 6073 7332
7716 2 2 2 17 5456 3707 7516
7717 2 2 2 17 5756 6072 6073
7718 2 2 2 17 5494 5742 7413
7719 2 2 2 17 6882 6881 7019
7720 2 2 2 17 3312 3314 5540
7721 2 2 2 17 5996 4123 7050
7722 2 2 2 17 6313 3265 6458
7723 2 2 2 17 6045 5747 7477
7724 2 2 2 17 4859 6572 6924
7725 2 2 2 17 6830 7068 7438
7726 2 2 2 17 5027 5954 6041
7727 2 2 2 17 3506 5814 7554
7728 2 2 2 17 5137 3692 5797
7729 2 2 2 17 3481 3387 5530
7730 2 2 2 17 3221 6151 6375
7731 2 2 2 17 381 380 6438
7732 2 2 2 17 6606 3226 6938
7733 2 2 2 17 3668 3669 3670
7734 2 2 2 17 3743 5359 5360
7735 2 2 2 17 4246 4145 4495
7736 2 2 2 17 4241 4756 6218
7737 2 2 2 17 5259 6927 7059
7738 2 2 2 17 5907 6707 6977
7739 2 2 2 17 3882 3884 3885
7740 2 2 2 17 3563 3564 3583
7741 2 2 2 17 3948 4015 5727
7742 2 2 2 17 3411 3409 3412
7743 2 2 2 17 5701 5227 6585
7744 2 2 2 17 5400 6517 7410
7745 2 2 2 17 3985 4143 6272
7746 2 2 2 17 6151 5197 6375
7747 2 2 2 17 3378 3376 3403
7748 2 2 2 17 6334 3266 6529
7749 2 2 2 17 4220 4588 5787
7750 2 2 2 17 4479 4481 4482
7751 2 2 2 17 4685 5802 5803
7752 2 2 2 17 5510 6391 7449
7753 2 2 2 17 4270 4203 5699
7754 2 2 2 17 3314 3315 3316
7755 2 2 2 17 5809 4607 7026
7756 2 2 2 17 3526 3517 3527
7757 2 2 2 17 3720 3769 4071
7758 2 2 2 17 6645 3643 6651
7759 2 2 2 17 4144 4499 5747
7760 2 2 2 17 6496 5434 7051
7761 2 2 2 17 3901 3903 3904
7762 2 2 2 17 5618 5616 6835
7763 2 2 2 17 6302 3491 7564
7764 2 2 2 17 6917 4057 7383
7765 2 2 2 17 4326 4328 4329
7766 2 2 2 17 4124 4369 4370
7767 2 2 2 17 5897 4649 5926
7768 2 2 2 17 3647 3649 3691
7769 2 2 2 17 5680 3237 7557
7770 2 2 2 17 4084 6502 6747
7771 2 2 2 17 4207 4322 4323
7772 2 2 2 17 5977 5247 7030
7773 2 2 2 17 3920 3921 3922
7774 2 2 2 17 4257 4260 4261
7775 2 2 2 17 5997 6553 7582
7776 2 2 2 17 3476 3496 5718
7777 2 2 2 17 5253 6046 7430
7778 2 2 2 17 3506 3516 5814
7779 2 2 2 17 3538 3556 3557
7780 2 2 2 17 3670 3671 3672
7781 2 2 2 17 3636 3638 3639
7782 2 2 2 17 4206 4207 5726
7783 2 2 2 17 460 3227 6012
7784 2 2 2 17 3478 3476 5718
7785 2 2 2 17 4351 4516 5912
7786 2 2 2 17 5392 6299 6438
7787 2 2 2 17 5855 4179 5856
7788 2 2 2 17 3993 5751 7368
7789 2 2 2 17 6585 5227 6727
7790 2 2 2 17 6343 4851 7203
7791 2 2 2 17 4298 4302 5919
7792 2 2 2 17 4757 4758 5968
7793 2 2 2 17 6149 3280 6403
7794 2 2 2 17 6247 4078 6736
7795 2 2 2 17 4755 4409 5865
7796 2 2 2 17 3481 5594 7603
7797 2 2 2 17 3437 3438 3439
7798 2 2 2 17 3665 5728 7469
7799 2 2 2 17 3642 3644 3646
7800 2 2 2 17 3944 3981 5279
7801 2 2 2 17 6626 5310 7326
7802 2 2 2 17 3453 3451 3454
7803 2 2 2 17 4455 4453 4456
7804 2 2 2 17 7369 5408 7573
7805 2 2 2 17 3897 3899 3900
7806 2 2 2 17 4183 4189 4190
7807 2 2 2 17 3569 3570 3571
7808 2 2 2 17 6375 5197 6457
7809 2 2 2 17 3480 3482 3483
7810 2 2 2 17 3907 3909 3933
7811 2 2 2 17 3726 3725 3740
7812 2 2 2 17 5952 5354 5973
7813 2 2 2 17 6214 3167 7596
7814 2 2 2 17 6103 7084 7132
7815 2 2 2 17 4267 4268 4357
7816 2 2 2 17 4164 4239 4525
7817 2 2 2 17 5484 5937 6276
7818 2 2 2 17 5858 5856 5860
7819 2 2 2 17 3386 3385 3387
7820 2 2 2 17 4144 4498 4499
7821 2 2 2 17 4432 4433 4434
7822 2 2 2 17 6401 3241 6454
7823 2 2 2 17 3571 3711 5193
7824 2 2 2 17 4143 4187 4188
7825 2 2 2 17 6365 3272 6366
7826 2 2 2 17 5198 3730 5916
7827 2 2 2 17 4262 4835 5739
7828 2 2 2 17 4613 4459 4614
7829 2 2 2 17 4588 4900 5787
7830 2 2 2 17 6119 6308 6636
7831 2 2 2 17 6358 5951 6760
7832 2 2 2 17 3926 3927 3928
7833 2 2 2 17 3372 3370 6932
7834 2 2 2 17 5839 7072 7291
7835 2 2 2 17 4384 4387 5711
7836 2 2 2 17 5823 6437 7111
7837 2 2 2 17 4774 4777 5753
7838 2 2 2 17 5997 5447 6553
7839 2 2 2 17 3406 5515 5945
7840 2 2 2 17 3682 3707 5506
7841 2 2 2 17 3763 4099 4100
7842 2 2 2 17 5608 6447 6609
7843 2 2 2 17 4205 4203 4270
7844 2 2 2 17 5753 5754 6034
7845 2 2 2 17 5639 3629 6404
7846 2 2 2 17 3201 398 6382
7847 2 2 2 17 5526 5416 6533
7848 2 2 2 17 5828 5830 6525
7849 2 2 2 17 6252 6051 6895
7850 2 2 2 17 5860 4854 7435
7851 2 2 2 17 3794 3793 3795
7852 2 2 2 17 4167 5403 5404
7853 2 2 2 17 5682 6232 7379
7854 2 2 2 17 3344 3343 3345
7855 2 2 2 17 5744 5441 7372
7856 2 2 2 17 5448 5737 6345
7857 2 2 2 17 3534 3527 3535
7858 2 2 2 17 6393 527 7116
7859 2 2 2 17 3893 3895 3896
7860 2 2 2 17 3672 3673 3674
7861 2 2 2 17 3557 3586 3587
7862 2 2 2 17 4991 4988 6260
7863 2 2 2 17 5819 5038 5820
7864 2 2 2 17 3571 3572 3574
7865 2 2 2 17 3311 3309 6468
7866 2 2 2 17 4144 5747 6045
7867 2 2 2 17 5995 4013 6829
7868 2 2 2 17 5684 3885 6697
7869 2 2 2 17 4061 4063 5514
7870 2 2 2 17 6500 6626 6706
7871 2 2 2 17 3236 5868 7258
7872 2 2 2 17 4384 4386 4387
7873 2 2 2 17 5629 5902 6244
7874 2 2 2 17 3957 3960 5773
7875 2 2 2 17 6820 5311 7274
7876 2 2 2 17 3928 3929 3934
7877 2 2 2 17 4198 4189 4343
7878 2 2 2 17 3960 3983 7272
7879 2 2 2 17 3682 3683 3684
7880 2 2 2 17 6164 3220 7344
7881 2 2 2 17 3792 3723 5459
7882 2 2 2 17 3148 525 5985
7883 2 2 2 17 5642 4977 5643
7884 2 2 2 17 6593 5362 7029
7885 2 2 2 17 5737 4841 5878
7886 2 2 2 17 527 6393 7196
7887 2 2 2 17 4627 5353 6984
7888 2 2 2 17 3854 6969 7125
7889 2 2 2 17 3549 3550 7579
7890 2 2 2 17 5336 5868 5984
7891 2 2 2 17 3246 5696 6494
7892 2 2 2 17 4179 4129 4180
7893 2 2 2 17 4070 4061 5514
7894 2 2 2 17 5690 5691 5692
7895 2 2 2 17 4863 4223 7134
7896 2 2 2 17 5258 4564 6328
7897 2 2 2 17 4116 4928 6541
7898 2 2 2 17 3821 3823 7392
7899 2 2 2 17 3832 3829 3833
7900 2 2 2 17 5564 5668 6662
7901 2 2 2 17 6006 3193 7403
7902 2 2 2 17 3641 3642 6732
7903 2 2 2 17 4082 3795 4083
7904 2 2 2 17 3796 3712 4077
7905 2 2 2 17 6419 3702 6997
7906 2 2 2 17 6449 6164 7344
7907 2 2 2 17 5188 6327 6743
7908 2 2 2 17 5673 3214 7388
7909 2 2 2 17 3200 6003 7061
7910 2 2 2 17 4769 4770 4771
7911 2 2 2 17 3716 3784 5797
7912 2 2 2 17 5248 3355 7185
7913 2 2 2 17 5454 3975 6537
7914 2 2 2 17 5260 5259 7059
7915 2 2 2 17 5623 3625 7131
7916 2 2 2 17 5759 5064 5964
7917 2 2 2 17 4492 4393 5183
7918 2 2 2 17 4374 4377 5879
7919 2 2 2 17 4222 3967 4224
7920 2 2 2 17 4686 4689 5802
7921 2 2 2 17 4071 4159 4160
7922 2 2 2 17 5789 4938 5798
7923 2 2 2 17 4649 5611 5926
7924 2 2 2 17 5418 6193 7189
7925 2 2 2 17 4499 4505 5747
7926 2 2 2 17 6638 6137 6999
7927 2 2 2 17 3587 3600 3601
7928 2 2 2 17 3684 3685 3686
7929 2 2 2 17 4326 4329 5672
7930 2 2 2 17 3826 3825 3827
7931 2 2 2 17 4217 5588 5589
7932 2 2 2 17 5767 714 6658
7933 2 2 2 17 3944 3945 3946
7934 2 2 2 17 5660 5659 5826
7935 2 2 2 17 4261 4263 4264
7936 2 2 2 17 5068 5065 5758
7937 2 2 2 17 3651 3653 3654
7938 2 2 2 17 3501 3338 3503
7939 2 2 2 17 5877 6027 7484
7940 2 2 2 17 5756 4636 6072
7941 2 2 2 17 4111 4110 4112
7942 2 2 2 17 3549 3535 3550
7943 2 2 2 17 4124 4114 4125
7944 2 2 2 17 3574 3575 3576
7945 2 2 2 17 4363 4362 5918
7946 2 2 2 17 3362 6350 6721
7947 2 2 2 17 6330 6029 6748
7948 2 2 2 17 3485 3489 5359
7949 2 2 2 17 3934 3935 3936
7950 2 2 2 17 5055 5054 5056
7951 2 2 2 17 4531 5916 6406
7952 2 2 2 17 6640 4641 6774
7953 2 2 2 17 5571 6034 7630
7954 2 2 2 17 5705 3153 7044
7955 2 2 2 17 4381 4647 6004
7956 2 2 2 17 3911 3913 3914
7957 2 2 2 17 5663 5660 5826
7958 2 2 2 17 5223 5773 7272
7959 2 2 2 17 5572 3495 6975
7960 2 2 2 17 5782 3429 7528
7961 2 2 2 17 4171 4103 4577
7962 2 2 2 17 3522 3747 3748
7963 2 2 2 17 5605 5603 7215
7964 2 2 2 17 4156 4155 4362
7965 2 2 2 17 5783 4908 7536
7966 2 2 2 17 3220 6188 7344
7967 2 2 2 17 4900 4901 4902
7968 2 2 2 17 7373 5932 7610
7969 2 2 2 17 3790 3742 3791
7970 2 2 2 17 4456 4453 5774
7971 2 2 2 17 4598 5928 5929
7972 2 2 2 17 4459 4457 6295
7973 2 2 2 17 3946 3947 3948
7974 2 2 2 17 4214 4372 4373
7975 2 2 2 17 4058 4054 4059
7976 2 2 2 17 3690 5784 6891
7977 2 2 2 17 4264 4267 5795
7978 2 2 2 17 4238 5981 5983
7979 2 2 2 17 3999 6820 7274
7980 2 2 2 17 6593 4897 6756
7981 2 2 2 17 3989 4017 7163
7982 2 2 2 17 3578 3580 7151
7983 2 2 2 17 4153 4157 6022
7984 2 2 2 17 5580 5352 6709
7985 2 2 2 17 6398 6461 7404
7986 2 2 2 17 3388 3387 3389
7987 2 2 2 17 5075 5031 5978
7988 2 2 2 17 5657 5994 7545
7989 2 2 2 17 3346 3345 3347
7990 2 2 2 17 6093 5429 6751
7991 2 2 2 17 5594 7037 7603
7992 2 2 2 17 5741 3489 7175
7993 2 2 2 17 4490 4877 5989
7994 2 2 2 17 3424 3423 3425
7995 2 2 2 17 714 5767 7620
7996 2 2 2 17 6441 5183 6913
7997 2 2 2 17 5501 5502 7228
7998 2 2 2 17 5887 3583 6960
7999 2 2 2 17 5466 5527 6549
8000 2 2 2 17 4374 4376 4377
8001 2 2 2 17 3597 6619 7164
8002 2 2 2 17 3916 3966 5218
8003 2 2 2 17 4943 6144 7165
8004 2 2 2 17 6253 6646 6673
8005 2 2 2 17 5596 4206 5597
8006 2 2 2 17 4487 4489 4490
8007 2 2 2 17 3668 3696 5728
8008 2 2 2 17 5081 5004 5974
8009 2 2 2 17 6579 4697 6994
8010 2 2 2 17 5932 5538 7610
8011 2 2 2 17 4209 4210 4211
8012 2 2 2 17 3208 6567 7064
8013 2 2 2 17 4109 4108 4110
8014 2 2 2 17 3576 3577 3578
8015 2 2 2 17 4208 4036 7389
8016 2 2 2 17 494 493 6374
8017 2 2 2 17 3656 3694 5730
8018 2 2 2 17 4434 4436 4443
8019 2 2 2 17 4269 4191 4291
8020 2 2 2 17 5625 5304 7232
8021 2 2 2 17 4153 3994 4154
8022 2 2 2 17 4942 5870 5871
8023 2 2 2 17 4425 6002 6136
8024 2 2 2 17 5054 6337 7622
8025 2 2 2 17 3417 3415 3418
8026 2 2 2 17 3743 3485 5359
8027 2 2 2 17 3388 4094 6825
8028 2 2 2 17 5657 3998 5994
8029 2 2 2 17 4934 6341 6655
8030 2 2 2 17 4275 4305 4306
8031 2 2 2 17 5186 5187 7565
8032 2 2 2 17 4482 4483 4484
8033 2 2 2 17 5611 5609 6436
8034 2 2 2 17 6019 5559 7543
8035 2 2 2 17 3983 6590 6596
8036 2 2 2 17 4190 4198 4199
8037 2 2 2 17 4641 6640 7459
8038 2 2 2 17 5692 5693 5694
8039 2 2 2 17 6172 6171 6515
8040 2 2 2 17 6169 6168 6514
8041 2 2 2 17 3948 3949 3950
8042 2 2 2 17 3429 3495 7528
8043 2 2 2 17 3335 3316 5434
8044 2 2 2 17 4157 4650 6022
8045 2 2 2 17 453 6493 7375
8046 2 2 2 17 5569 5835 7588
8047 2 2 2 17 3543 3545 3546
8048 2 2 2 17 5082 5071 5083
8049 2 2 2 17 3203 6297 6944
8050 2 2 2 17 6692 3496 7550
8051 2 2 2 17 4583 4139 6573
8052 2 2 2 17 4249 4248 4284
8053 2 2 2 17 6084 685 7478
8054 2 2 2 17 5753 4777 5754
8055 2 2 2 17 6973 5130 7066
8056 2 2 2 17 3543 3546 7507
8057 2 2 2 17 5017 5015 5018
8058 2 2 2 17 5316 4077 6380
8059 2 2 2 17 5218 6882 7128
8060 2 2 2 17 4072 4074 7103
8061 2 2 2 17 4160 4344 4346
8062 2 2 2 17 6315 5929 7268
8063 2 2 2 17 5613 5147 5751
8064 2 2 2 17 4434 4435 4436
8065 2 2 2 17 6200 3281 6728
8066 2 2 2 17 6858 6859 7195
8067 2 2 2 17 6552 5690 6838
8068 2 2 2 17 4447 4695 6049
8069 2 2 2 17 3504 5719 7376
8070 2 2 2 17 5479 6532 7255
8071 2 2 2 17 4877 5688 5989
8072 2 2 2 17 4485 4487 5989
8073 2 2 2 17 4484 4584 6072
8074 2 2 2 17 5193 3711 5863
8075 2 2 2 17 5830 5829 5837
8076 2 2 2 17 4348 4182 4349
8077 2 2 2 17 4078 4077 5315
8078 2 2 2 17 4248 4250 6079
8079 2 2 2 17 3459 3457 3460
8080 2 2 2 17 7417 5604 7586
8081 2 2 2 17 4254 4255 4256
8082 2 2 2 17 4524 5576 5624
8083 2 2 2 17 5053 5051 5054
8084 2 2 2 17 3299 6200 6768
8085 2 2 2 17 3665 3667 3668
8086 2 2 2 17 4188 4187 4573
8087 2 2 2 17 3801 3802 3803
8088 2 2 2 17 3181 6324 7601
8089 2 2 2 17 5574 6045 7477
8090 2 2 2 17 5778 5231 6938
8091 2 2 2 17 5279 3981 6029
8092 2 2 2 17 6111 6110 7246
8093 2 2 2 17 4362 4939 5918
8094 2 2 2 17 5747 4505 5748
8095 2 2 2 17 6232 5682 6615
8096 2 2 2 17 5019 5018 5020
8097 2 2 2 17 4157 4158 4361
8098 2 2 2 17 5345 5551 6617
8099 2 2 2 17 6560 3242 6779
8100 2 2 2 17 5443 3522 5991
8101 2 2 2 17 3578 3579 3580
8102 2 2 2 17 5453 3974 6595
8103 2 2 2 17 3844 3843 3845
8104 2 2 2 17 4225 4224 4226
8105 2 2 2 17 5524 5361 5772
8106 2 2 2 17 3960 3961 3962
8107 2 2 2 17 3324 3325 3326
8108 2 2 2 17 3588 3561 3589
8109 2 2 2 17 3661 3663 3664
8110 2 2 2 17 5328 5694 6945
8111 2 2 2 17 6208 6237 6739
8112 2 2 2 17 4639 4857 5946
8113 2 2 2 17 5868 5820 5984
8114 2 2 2 17 4373 5880 6328
8115 2 2 2 17 5102 4313 5901
8116 2 2 2 17 3950 3951 3952
8117 2 2 2 17 3809 3811 7502
8118 2 2 2 17 3981 3946 7067
8119 2 2 2 17 5373 6395 7057
8120 2 2 2 17 5949 3664 5963
8121 2 2 2 17 4077 3712 6380
8122 2 2 2 17 4172 4173 4196
8123 2 2 2 17 5980 3434 7613
8124 2 2 2 17 3348 3347 3349
8125 2 2 2 17 5951 6277 6760
8126 2 2 2 17 5178 5945 6869
8127 2 2 2 17 6493 453 7160
8128 2 2 2 17 4346 4344 4513
8129 2 2 2 17 4657 4287 5807
8130 2 2 2 17 4943 6172 6980
8131 2 2 2 17 3966 5243 6881
8132 2 2 2 17 5488 5489 5490
8133 2 2 2 17 4774 4776 4777
8134 2 2 2 17 3443 3444 3445
8135 2 2 2 17 3384 3380 3385
8136 2 2 2 17 4487 4490 5989
8137 2 2 2 17 4413 4304 5897
8138 2 2 2 17 4378 4380 4381
8139 2 2 2 17 6737 6817 6901
8140 2 2 2 17 4308 4306 6244
8141 2 2 2 17 3560 3555 3561
8142 2 2 2 17 6512 3262 7225
8143 2 2 2 17 3716 3783 3784
8144 2 2 2 17 3190 5679 7303
8145 2 2 2 17 4313 4310 5901
8146 2 2 2 17 4090 3997 4091
8147 2 2 2 17 3225 6008 6443
8148 2 2 2 17 3842 3841 3843
8149 2 2 2 17 3582 3606 7563
8150 2 2 2 17 4378 4381 6004
8151 2 2 2 17 3962 3963 3964
8152 2 2 2 17 4227 4226 4228
8153 2 2 2 17 3374 3487 5442
8154 2 2 2 17 5454 6537 7394
8155 2 2 2 17 4118 3756 4119
8156 2 2 2 17 4656 4287 4657
8157 2 2 2 17 4178 4231 4510
8158 2 2 2 17 3897 3900 7527
8159 2 2 2 17 3566 3568 3569
8160 2 2 2 17 3574 5198 7202
8161 2 2 2 17 7084 3207 7132
8162 2 2 2 17 5529 5081 5974
8163 2 2 2 17 3764 5199 5577
8164 2 2 2 17 4013 5996 7050
8165 2 2 2 17 6786 4896 7439
8166 2 2 2 17 3748 3798 3799
8167 2 2 2 17 3596 3589 3597
8168 2 2 2 17 4848 5863 6878
8169 2 2 2 17 4271 4270 4272
8170 2 2 2 17 3578 7151 7157
8171 2 2 2 17 5402 5401 6065
8172 2 2 2 17 5519 4218 5520
8173 2 2 2 17 5867 5868 6642
8174 2 2 2 17 4206 3791 4207
8175 2 2 2 17 4329 4330 4331
8176 2 2 2 17 3923 3925 3926
8177 2 2 2 17 5870 4836 5871
8178 2 2 2 17 5700 4639 5946
8179 2 2 2 17 4243 4241 6218
8180 2 2 2 17 5704 5263 7218
8181 2 2 2 17 3562 3444 7520
8182 2 2 2 17 3148 5985 7221
8183 2 2 2 17 5459 6812 7186
8184 2 2 2 17 3580 3581 3582
8185 2 2 2 17 6029 3981 6748
8186 2 2 2 17 3896 3897 7527
8187 2 2 2 17 3976 4002 6921
8188 2 2 2 17 3426 3425 3427
8189 2 2 2 17 5042 5039 5819
8190 2 2 2 17 5338 5075 5978
8191 2 2 2 17 5366 5365 6455
8192 2 2 2 17 4323 4324 4355
8193 2 2 2 17 5986 3260 7123
8194 2 2 2 17 4974 4973 4975
8195 2 2 2 17 6664 3634 7328
8196 2 2 2 17 5796 6927 7482
8197 2 2 2 17 5796 5795 6927
8198 2 2 2 17 3405 3406 3407
8199 2 2 2 17 4513 4344 5935
8200 2 2 2 17 4024 4167 7345
8201 2 2 2 17 5320 5697 7155
8202 2 2 2 17 3740 6364 6503
8203 2 2 2 17 4387 4388 4464
8204 2 2 2 17 4272 4673 5928
8205 2 2 2 17 685 6084 7280
8206 2 2 2 17 4457 4456 4460
8207 2 2 2 17 4076 4248 4249
8208 2 2 2 17 3498 6202 6600
8209 2 2 2 17 3390 3389 3391
8210 2 2 2 17 6366 436 7075
8211 2 2 2 17 3325 3323 6159
8212 2 2 2 17 525 524 5985
8213 2 2 2 17 4613 4614 4849
8214 2 2 2 17 3851 3817 5825
8215 2 2 2 17 5603 5604 7215
8216 2 2 2 17 4690 5248 5850
8217 2 2 2 17 3204 5735 6677
8218 2 2 2 17 3679 3681 3682
8219 2 2 2 17 4172 4196 5947
8220 2 2 2 17 5200 6093 7097
8221 2 2 2 17 5031 5028 5978
8222 2 2 2 17 5085 5086 5087
8223 2 2 2 17 3509 3503 3511
8224 2 2 2 17 4164 4238 4239
8225 2 2 2 17 4633 4469 6077
8226 2 2 2 17 4301 4300 4303
8227 2 2 2 17 4256 4257 6968
8228 2 2 2 17 4329 4328 4330
8229 2 2 2 17 5020 5018 5076
8230 2 2 2 17 4294 4209 5789
8231 2 2 2 17 5843 7035 7621
8232 2 2 2 17 3457 3455 7325
8233 2 2 2 17 4647 5407 6004
8234 2 2 2 17 3607 3599 3608
8235 2 2 2 17 3249 6471 6759
8236 2 2 2 17 5606 6246 7208
8237 2 2 2 17 3546 5631 5635
8238 2 2 2 17 4455 4456 4457
8239 2 2 2 17 447 5738 6990
8240 2 2 2 17 3964 3969 3970
8241 2 2 2 17 5945 5178 7560
8242 2 2 2 17 3492 3512 7417
8243 2 2 2 17 5966 3704 7159
8244 2 2 2 17 5251 5253 7430
8245 2 2 2 17 467 466 6606
8246 2 2 2 17 4373 4374 5879
8247 2 2 2 17 4849 4614 4850
8248 2 2 2 17 4163 4252 4253
8249 2 2 2 17 5810 5811 6563
8250 2 2 2 17 3857 3856 3858
8251 2 2 2 17 4312 4310 4313
8252 2 2 2 17 3675 3677 3678
8253 2 2 2 17 4681 4682 6250
8254 2 2 2 17 5056 5054 6011
8255 2 2 2 17 6984 5353 6985
8256 2 2 2 17 3541 3347 7176
8257 2 2 2 17 6170 5874 6318
8258 2 2 2 17 6997 5452 7334
8259 2 2 2 17 5004 5001 5974
8260 2 2 2 17 6986 4070 7209
8261 2 2 2 17 6136 6003 6137
8262 2 2 2 17 4627 3412 5353
8263 2 2 2 17 3582 3605 3606
8264 2 2 2 17 4281 4280 4603
8265 2 2 2 17 5695 3155 7201
8266 2 2 2 17 6641 3502 6671
8267 2 2 2 17 3803 3804 3805
8268 2 2 2 17 5825 3819 7249
8269 2 2 2 17 4700 5245 5969
8270 2 2 2 17 5601 5597 5726
8271 2 2 2 17 5728 4859 7469
8272 2 2 2 17 4323 4322 4324
8273 2 2 2 17 5013 5011 5014
8274 2 2 2 17 5206 5718 6692
8275 2 2 2 17 4396 7419 7492
8276 2 2 2 17 4588 4750 4900
8277 2 2 2 17 4212 4214 6328
8278 2 2 2 17 5303 6657 6814
8279 2 2 2 17 4351 4353 4516
8280 2 2 2 17 6280 5181 7397
8281 2 2 2 17 4046 4048 7270
8282 2 2 2 17 3350 3349 3351
8283 2 2 2 17 4199 4198 4514
8284 2 2 2 17 5820 5038 5984
8285 2 2 2 17 3941 3943 3944
8286 2 2 2 17 4288 4215 4290
8287 2 2 2 17 743 6773 6848
8288 2 2 2 17 5434 5669 7468
8289 2 2 2 17 4202 4293 4639
8290 2 2 2 17 3322 3323 3324
8291 2 2 2 17 4490 4875 4876
8292 2 2 2 17 3639 3692 5137
8293 2 2 2 17 5954 5956 6041
8294 2 2 2 17 720 6533 6604
8295 2 2 2 17 5644 3691 7439
8296 2 2 2 17 4157 4154 4158
8297 2 2 2 17 3904 3975 5454
8298 2 2 2 17 4018 4019 4020
8299 2 2 2 17 4331 4332 6291
8300 2 2 2 17 4014 4155 4156
8301 2 2 2 17 4990 4988 4991
8302 2 2 2 17 5287 4637 5943
8303 2 2 2 17 5367 6298 6597
8304 2 2 2 17 3326 3327 3328
8305 2 2 2 17 5067 5065 5068
8306 2 2 2 17 4305 4195 5898
8307 2 2 2 17 5322 5450 5481
8308 2 2 2 17 3182 5893 7386
8309 2 2 2 17 6989 4106 7193
8310 2 2 2 17 4852 4614 6295
8311 2 2 2 17 3923 3926 6764
8312 2 2 2 17 4769 4768 4770
8313 2 2 2 17 6563 5811 6616
8314 2 2 2 17 6071 3497 6889
8315 2 2 2 17 4348 4349 4637
8316 2 2 2 17 6509 3146 6599
8317 2 2 2 17 4250 5722 6079
8318 2 2 2 17 4216 4288 4289
8319 2 2 2 17 3629 3628 3630
8320 2 2 2 17 3376 3374 5442
8321 2 2 2 17 3970 3979 3980
8322 2 2 2 17 3893 3896 7592
8323 2 2 2 17 3687 3689 3690
8324 2 2 2 17 6274 3932 6430
8325 2 2 2 17 5333 6465 7036
8326 2 2 2 17 4115 4040 6016
8327 2 2 2 17 3230 5936 6007
8328 2 2 2 17 3937 3939 3940
8329 2 2 2 17 5328 5327 5840
8330 2 2 2 17 5507 4513 5935
8331 2 2 2 17 4306 4305 4394
8332 2 2 2 17 6292 3173 7114
8333 2 2 2 17 4176 4177 4233
8334 2 2 2 17 7194 3179 7244
8335 2 2 2 17 5814 5328 6945
8336 2 2 2 17 5544 4563 5545
8337 2 2 2 17 3421 3419 3423
8338 2 2 2 17 3514 3530 5286
8339 2 2 2 17 5828 6525 7257
8340 2 2 2 17 5828 5827 5829
8341 2 2 2 17 4941 6246 6674
8342 2 2 2 17 3687 3690 6891
8343 2 2 2 17 4266 5795 5796
8344 2 2 2 17 5020 5076 6017
8345 2 2 2 17 5857 5856 5858
8346 2 2 2 17 5732 3284 7223
8347 2 2 2 17 3416 6486 6555
8348 2 2 2 17 5755 4672 6900
8349 2 2 2 17 3606 3727 3728
8350 2 2 2 17 4229 4230 4628
8351 2 2 2 17 3435 3423 5637
8352 2 2 2 17 4028 4217 7400
8353 2 2 2 17 5849 3249 7618
8354 2 2 2 17 5912 5239 5943
8355 2 2 2 17 4613 4849 5917
8356 2 2 2 17 6964 6455 7193
8357 2 2 2 17 4499 4500 4501
8358 2 2 2 17 5890 5246 5891
8359 2 2 2 17 5377 3541 6359
8360 2 2 2 17 3849 7038 7534
8361 2 2 2 17 5624 5230 6796
8362 2 2 2 17 5563 5564 7479
8363 2 2 2 17 6069 5567 6071
8364 2 2 2 17 3751 4103 4104
8365 2 2 2 17 4133 4131 7342
8366 2 2 2 17 4405 5391 6080
8367 2 2 2 17 3702 6419 6711
8368 2 2 2 17 3615 3614 3616
8369 2 2 2 17 3625 3624 3626
8370 2 2 2 17 5773 3960 7272
8371 2 2 2 17 4637 5912 5943
8372 2 2 2 17 5946 4857 6039
8373 2 2 2 17 3514 3511 3515
8374 2 2 2 17 5886 7194 7244
8375 2 2 2 17 3867 3866 3868
8376 2 2 2 17 5493 6265 6266
8377 2 2 2 17 6345 5737 7054
8378 2 2 2 17 4070 5514 7209
8379 2 2 2 17 4491 4171 5987
8380 2 2 2 17 4442 5553 5554
8381 2 2 2 17 5929 5928 7268
8382 2 2 2 17 4898 4491 5987
8383 2 2 2 17 6927 5259 7482
8384 2 2 2 17 6159 6157 6806
8385 2 2 2 17 5808 6509 6599
8386 2 2 2 17 3805 3806 3807
8387 2 2 2 17 4474 5938 6221
8388 2 2 2 17 4310 4308 5901
8389 2 2 2 17 5772 6844 7429
8390 2 2 2 17 4394 5629 6244
8391 2 2 2 17 3174 6299 7305
8392 2 2 2 17 4778 4780 4781
8393 2 2 2 17 6226 7006 7117
8394 2 2 2 17 6571 3530 7460
8395 2 2 2 17 5970 3717 6714
8396 2 2 2 17 4904 4908 6453
8397 2 2 2 17 5529 5974 5975
8398 2 2 2 17 4445 4243 4446
8399 2 2 2 17 3784 4140 4141
8400 2 2 2 17 4449 4447 6049
8401 2 2 2 17 4244 4192 4429
8402 2 2 2 17 3879 3889 7380
8403 2 2 2 17 4992 4991 4993
8404 2 2 2 17 6367 3160 6484
8405 2 2 2 17 3980 3988 3989
8406 2 2 2 17 6002 4425 6319
8407 2 2 2 17 4577 5598 5600
8408 2 2 2 17 3319 3322 7276
8409 2 2 2 17 5446 5445 7227
8410 2 2 2 17 4975 4973 5642
8411 2 2 2 17 4295 4171 4491
8412 2 2 2 17 4209 4119 4210
8413 2 2 2 17 4344 4345 5935
8414 2 2 2 17 5327 5326 6681
8415 2 2 2 17 5077 5056 6011
8416 2 2 2 17 6479 3483 7605
8417 2 2 2 17 4499 4501 4505
8418 2 2 2 17 5395 3559 6462
8419 2 2 2 17 5583 5584 5585
8420 2 2 2 17 3865 3864 3866
8421 2 2 2 17 3746 3744 5910
8422 2 2 2 17 5137 5797 6745
8423 2 2 2 17 3621 3620 3622
8424 2 2 2 17 5152 4868 6329
8425 2 2 2 17 4756 5933 6218
8426 2 2 2 17 4362 4155 4519
8427 2 2 2 17 5558 4443 5559
8428 2 2 2 17 3873 3974 5453
8429 2 2 2 17 3483 3482 7605
8430 2 2 2 17 3646 5875 7174
8431 2 2 2 17 6590 3962 7611
8432 2 2 2 17 4317 4395 6419
8433 2 2 2 17 5614 3971 7090
8434 2 2 2 17 4412 4304 4413
8435 2 2 2 17 6418 4835 6711
8436 2 2 2 17 5738 447 7347
8437 2 2 2 17 4254 4256 5909
8438 2 2 2 17 3872 7099 7235
8439 2 2 2 17 4266 4264 5795
8440 2 2 2 17 3873 3870 3874
8441 2 2 2 17 3728 3729 4067
8442 2 2 2 17 3352 3351 3353
8443 2 2 2 17 4658 4657 4659
8444 2 2 2 17 4396 6209 7419
8445 2 2 2 17 4664 4662 4665
8446 2 2 2 17 4020 4021 4022
8447 2 2 2 17 3428 3427 3429
8448 2 2 2 17 5758 5759 5776
8449 2 2 2 17 4191 4082 6320
8450 2 2 2 17 5519 5522 5838
8451 2 2 2 17 6502 4084 7297
8452 2 2 2 17 6732 3642 7210
8453 2 2 2 17 5669 5325 7468
8454 2 2 2 17 4349 4351 5912
8455 2 2 2 17 5788 4858 5932
8456 2 2 2 17 3392 3391 3393
8457 2 2 2 17 3957 3959 3960
8458 2 2 2 17 5069 5068 5072
8459 2 2 2 17 4294 5736 7387
8460 2 2 2 17 5559 6019 7224
8461 2 2 2 17 4769 4771 4785
8462 2 2 2 17 3260 5986 7365
8463 2 2 2 17 5967 3404 6819
8464 2 2 2 17 3323 3332 6159
8465 2 2 2 17 5057 5056 5060
8466 2 2 2 17 5918 4939 6289
8467 2 2 2 17 6744 6538 6770
8468 2 2 2 17 6701 3573 7427
8469 2 2 2 17 4387 4386 4388
8470 2 2 2 17 4050 4052 7607
8471 2 2 2 17 3636 5137 7328
8472 2 2 2 17 3530 3519 7204
8473 2 2 2 17 5144 6724 7147
8474 2 2 2 17 5391 5961 6080
8475 2 2 2 17 3694 3658 7573
8476 2 2 2 17 3567 3565 6622
8477 2 2 2 17 3312 3313 3314
8478 2 2 2 17 6814 4863 7113
8479 2 2 2 17 5689 6701 7427
8480 2 2 2 17 4141 4202 4203
8481 2 2 2 17 6344 6127 6378
8482 2 2 2 17 4381 4382 4586
8483 2 2 2 17 3879 3878 3880
8484 2 2 2 17 5030 5028 5031
8485 2 2 2 17 6227 6174 7346
8486 2 2 2 17 4576 6752 7585
8487 2 2 2 17 4665 4662 5870
8488 2 2 2 17 5452 3602 6592
8489 2 2 2 17 5064 5061 5964
8490 2 2 2 17 4221 4223 4862
8491 2 2 2 17 4370 4369 4753
8492 2 2 2 17 5041 5039 5042
8493 2 2 2 17 3989 3990 3991
8494 2 2 2 17 6653 3259 6931
8495 2 2 2 17 5696 3246 7447
8496 2 2 2 17 6202 6186 6600
8497 2 2 2 17 3439 3492 7586
8498 2 2 2 17 3502 6641 6902
8499 2 2 2 17 3594 3549 5698
8500 2 2 2 17 4303 4300 4648
8501 2 2 2 17 5978 5027 6041
8502 2 2 2 17 3887 3886 3888
8503 2 2 2 17 4377 4378 6004
8504 2 2 2 17 5800 6113 6827
8505 2 2 2 17 5776 5759 5777
8506 2 2 2 17 3279 6344 6378
8507 2 2 2 17 5775 4461 5888
8508 2 2 2 17 4175 4240 4241
8509 2 2 2 17 5713 3366 7129
8510 2 2 2 17 3552 5430 7440
8511 2 2 2 17 3953 3955 3956
8512 2 2 2 17 3718 3797 4297
8513 2 2 2 17 3629 5606 7208
8514 2 2 2 17 4365 4363 4366
8515 2 2 2 17 5738 5628 6990
8516 2 2 2 17 3336 3339 3340
8517 2 2 2 17 4205 4270 4271
8518 2 2 2 17 4859 5963 7469
8519 2 2 2 17 4436 4437 4438
8520 2 2 2 17 3519 3515 3520
8521 2 2 2 17 4022 4023 4024
8522 2 2 2 17 6743 6327 6946
8523 2 2 2 17 3807 3808 3809
8524 2 2 2 17 3590 3588 7055
8525 2 2 2 17 4482 4484 4636
8526 2 2 2 17 5324 5322 5481
8527 2 2 2 17 5878 4841 6057
8528 2 2 2 17 4377 6004 6433
8529 2 2 2 17 3692 3716 5797
8530 2 2 2 17 4390 6491 6681
8531 2 2 2 17 3243 5961 7287
8532 2 2 2 17 4482 4481 4483
8533 2 2 2 17 5631 3563 7511
8534 2 2 2 17 3805 3850 7330
8535 2 2 2 17 5506 3707 6028
8536 2 2 2 17 5233 5077 6011
8537 2 2 2 17 3591 5563 6040
8538 2 2 2 17 5689 5690 6552
8539 2 2 2 17 4754 5857 6023
8540 2 2 2 17 3558 5977 7030
8541 2 2 2 17 5921 5920 5922
8542 2 2 2 17 4777 4776 4778
8543 2 2 2 17 4469 4471 6077
8544 2 2 2 17 5810 3211 6507
8545 2 2 2 17 6427 6117 6446
8546 2 2 2 17 3449 3450 3451
8547 2 2 2 17 3885 3884 3886
8548 2 2 2 17 5471 5472 6311
8549 2 2 2 17 5240 5461 6956
8550 2 2 2 17 4145 3764 5577
8551 2 2 2 17 4185 3746 5910
8552 2 2 2 17 3467 3466 3468
8553 2 2 2 17 4898 5987 5988
8554 2 2 2 17 5136 4635 6397
8555 2 2 2 17 4827 4824 4828
8556 2 2 2 17 5003 5001 5004
8557 2 2 2 17 6028 4968 6565
8558 2 2 2 17 3764 3701 5199
8559 2 2 2 17 6246 4407 6674
8560 2 2 2 17 4451 4449 4461
8561 2 2 2 17 4828 4824 5973
8562 2 2 2 17 4366 4363 5918
8563 2 2 2 17 6299 3174 6438
8564 2 2 2 17 3205 6427 6446
8565 2 2 2 17 4802 4233 6078
8566 2 2 2 17 4682 4685 6250
8567 2 2 2 17 4314 4910 5993
8568 2 2 2 17 4234 4508 4509
8569 2 2 2 17 4337 5293 5962
8570 2 2 2 17 3501 3510 5707
8571 2 2 2 17 3240 5931 7294
8572 2 2 2 17 3791 3742 6481
8573 2 2 2 17 3901 5454 7496
8574 2 2 2 17 4689 4905 4906
8575 2 2 2 17 3503 3338 6496
8576 2 2 2 17 5263 5704 7387
8577 2 2 2 17 4614 4459 6295
8578 2 2 2 17 3328 3329 3330
8579 2 2 2 17 3470 3468 3471
8580 2 2 2 17 5791 547 7107
8581 2 2 2 17 5178 6559 7560
8582 2 2 2 17 4414 4413 4415
8583 2 2 2 17 6184 6108 7318
8584 2 2 2 17 4214 4373 6328
8585 2 2 2 17 3890 3888 3891
8586 2 2 2 17 3563 3720 7511
8587 2 2 2 17 5923 4302 7348
8588 2 2 2 17 6986 5742 7323
8589 2 2 2 17 3672 3749 7168
8590 2 2 2 17 4846 4269 4847
8591 2 2 2 17 5099 5825 7249
8592 2 2 2 17 6121 3781 6555
8593 2 2 2 17 461 6012 7201
8594 2 2 2 17 5790 3188 7288
8595 2 2 2 17 3641 3640 3642
8596 2 2 2 17 4118 4294 5704
8597 2 2 2 17 4024 4025 4026
8598 2 2 2 17 4381 4380 4382
8599 2 2 2 17 3172 5833 7593
8600 2 2 2 17 4321 3791 6481
8601 2 2 2 17 5909 5402 6394
8602 2 2 2 17 5969 5245 5970
8603 2 2 2 17 5589 5588 7040
8604 2 2 2 17 4334 4337 5962
8605 2 2 2 17 5205 5842 5861
8606 2 2 2 17 3354 3353 3355
8607 2 2 2 17 3316 3315 3317
8608 2 2 2 17 4772 4774 5753
8609 2 2 2 17 3904 3903 3905
8610 2 2 2 17 5354 4828 5973
8611 2 2 2 17 5730 3694 7182
8612 2 2 2 17 4340 4405 6080
8613 2 2 2 17 3498 3386 6825
8614 2 2 2 17 3332 6099 6158
8615 2 2 2 17 5205 5207 5842
8616 2 2 2 17 4196 4858 5947
8617 2 2 2 17 5779 496 6548
8618 2 2 2 17 5032 5031 5034
8619 2 2 2 17 3211 5810 6563
8620 2 2 2 17 5021 5020 5022
8621 2 2 2 17 4015 5714 7594
8622 2 2 2 17 5076 5661 6017
8623 2 2 2 17 5802 4906 5804
8624 2 2 2 17 5408 6377 7573
8625 2 2 2 17 3639 3638 3640
8626 2 2 2 17 4377 4376 4378
8627 2 2 2 17 4316 4314 5993
8628 2 2 2 17 4689 4904 4905
8629 2 2 2 17 3691 3649 5710
8630 2 2 2 17 6897 3457 7325
8631 2 2 2 17 4340 4342 4405
8632 2 2 2 17 4196 4197 4401
8633 2 2 2 17 5043 5042 5044
8634 2 2 2 17 5005 5004 5006
8635 2 2 2 17 4471 4473 4474
8636 2 2 2 17 5749 4505 5976
8637 2 2 2 17 6132 6131 6316
8638 2 2 2 17 6368 6370 6371
8639 2 2 2 17 4250 4090 5720
8640 2 2 2 17 3411 3412 3413
8641 2 2 2 17 6241 3239 6528
8642 2 2 2 17 5361 5360 6844
8643 2 2 2 17 5061 5060 5964
8644 2 2 2 17 5063 5061 5064
8645 2 2 2 17 4334 4336 4337
8646 2 2 2 17 4707 5298 5965
8647 2 2 2 17 4145 5577 7329
8648 2 2 2 17 4704 5633 5876
8649 2 2 2 17 3809 3810 3811
8650 2 2 2 17 3871 5153 6632
8651 2 2 2 17 4686 4688 4689
8652 2 2 2 17 5697 3741 7155
8653 2 2 2 17 4695 5703 6049
8654 2 2 2 17 5243 5666 6584
8655 2 2 2 17 3524 3520 3525
8656 2 2 2 17 3241 5757 7233
8657 2 2 2 17 3752 3503 6496
8658 2 2 2 17 6000 3775 6645
8659 2 2 2 17 5985 5891 7221
8660 2 2 2 17 4176 4233 4801
8661 2 2 2 17 4490 4489 4875
8662 2 2 2 17 5504 6043 7115
8663 2 2 2 17 3646 3644 3647
8664 2 2 2 17 4026 4027 4028
8665 2 2 2 17 4246 4495 4569
8666 2 2 2 17 5377 6359 6360
8667 2 2 2 17 3900 3899 3901
8668 2 2 2 17 6065 3709 6394
8669 2 2 2 17 4592 4185 5910
8670 2 2 2 17 547 5791 7288
8671 2 2 2 17 6438 380 6695
8672 2 2 2 17 5997 5135 6572
8673 2 2 2 17 3319 3321 3322
8674 2 2 2 17 3328 3330 7231
8675 2 2 2 17 4666 4665 4667
8676 2 2 2 17 5599 5597 5601
8677 2 2 2 17 7161 3163 7222
8678 2 2 2 17 4525 4239 4526
8679 2 2 2 17 4373 4372 4374
8680 2 2 2 17 5637 5638 7100
8681 2 2 2 17 5533 5334 7077
8682 2 2 2 17 4514 4198 6036
8683 2 2 2 17 3770 3721 3785
8684 2 2 2 17 4262 4259 4835
8685 2 2 2 17 5009 5007 5010
8686 2 2 2 17 4360 5626 7623
8687 2 2 2 17 5102 5901 5902
8688 2 2 2 17 3560 3590 5430
8689 2 2 2 17 3389 3481 6684
8690 2 2 2 17 5445 5755 6926
8691 2 2 2 17 3418 3415 7619
8692 2 2 2 17 4083 4492 7191
8693 2 2 2 17 5621 4592 6864
8694 2 2 2 17 5334 7043 7077
8695 2 2 2 17 4241 4240 4756
8696 2 2 2 17 4993 4991 6024
8697 2 2 2 17 5547 6973 7066
8698 2 2 2 17 5665 5482 7229
8699 2 2 2 17 5703 5888 6049
8700 2 2 2 17 4253 4252 4879
8701 2 2 2 17 5027 5023 5954
8702 2 2 2 17 5354 5952 7250
8703 2 2 2 17 4939 5915 6289
8704 2 2 2 17 5193 5863 6755
8705 2 2 2 17 3920 3976 7187
8706 2 2 2 17 4771 4770 4772
8707 2 2 2 17 5038 5035 5984
8708 2 2 2 17 4656 4657 4658
8709 2 2 2 17 5950 5952 5973
8710 2 2 2 17 3956 3957 5773
8711 2 2 2 17 6717 6047 6727
8712 2 2 2 17 5663 5826 5827
8713 2 2 2 17 5815 3238 6611
8714 2 2 2 17 4976 4975 4978
8715 2 2 2 17 3430 3429 3431
8716 2 2 2 17 3394 3393 3395
8717 2 2 2 17 4966 5854 6752
8718 2 2 2 17 6471 5301 6759
8719 2 2 2 17 3326 3328 6275
8720 2 2 2 17 5460 5395 6722
8721 2 2 2 17 3896 3895 3897
8722 2 2 2 17 5919 4302 5920
8723 2 2 2 17 3289 5931 5946
8724 2 2 2 17 5756 3235 7442
8725 2 2 2 17 7015 5461 7038
8726 2 2 2 17 4860 4281 4861
8727 2 2 2 17 4396 4318 5847
8728 2 2 2 17 3700 3763 5668
8729 2 2 2 17 4028 4029 4030
8730 2 2 2 17 5757 5451 6321
8731 2 2 2 17 4367 4366 4520
8732 2 2 2 17 3453 3454 3455
8733 2 2 2 17 5763 4567 7585
8734 2 2 2 17 5072 5068 5092
8735 2 2 2 17 5770 3159 7237
8736 2 2 2 17 5370 5193 6755
8737 2 2 2 17 5821 3242 6560
8738 2 2 2 17 4211 4212 4564
8739 2 2 2 17 4475 4477 4572
8740 2 2 2 17 3674 3675 6685
8741 2 2 2 17 4234 4509 6078
8742 2 2 2 17 5060 5056 5077
8743 2 2 2 17 4240 4174 6057
8744 2 2 2 17 4184 4638 6031
8745 2 2 2 17 4157 4361 4650
8746 2 2 2 17 5256 5218 7128
8747 2 2 2 17 6955 6886 7302
8748 2 2 2 17 5862 3739 6559
8749 2 2 2 17 4484 4485 4584
8750 2 2 2 17 4389 4936 6542
8751 2 2 2 17 5419 5420 5424
8752 2 2 2 17 5505 5595 7228
8753 2 2 2 17 5902 5901 6244
8754 2 2 2 17 4198 4343 6036
8755 2 2 2 17 4501 4502 4503
8756 2 2 2 17 4373 5879 5880
8757 2 2 2 17 5521 5838 5839
8758 2 2 2 17 5822 5190 6387
8759 2 2 2 17 4272 4270 4673
8760 2 2 2 17 5877 4410 6027
8761 2 2 2 17 4698 5969 6737
8762 2 2 2 17 6645 6651 6687
8763 2 2 2 17 3356 3355 4690
8764 2 2 2 17 5037 5035 5038
8765 2 2 2 17 5535 5536 6958
8766 2 2 2 17 4233 4234 6078
8767 2 2 2 17 5048 5045 5998
8768 2 2 2 17 5819 5820 5866
8769 2 2 2 17 3811 3812 3813
8770 2 2 2 17 5025 5023 5027
8771 2 2 2 17 5851 5850 5852
8772 2 2 2 17 6232 3186 7379
8773 2 2 2 17 4900 5689 7427
8774 2 2 2 17 5827 5826 5836
8775 2 2 2 17 5952 3247 7250
8776 2 2 2 17 3704 5966 6912
8777 2 2 2 17 3531 3525 3532
8778 2 2 2 17 4419 5786 5979
8779 2 2 2 17 4465 4467 4468
8780 2 2 2 17 7037 6430 7535
8781 2 2 2 17 4425 4424 6319
8782 2 2 2 17 3846 5678 6327
8783 2 2 2 17 5047 5045 5048
8784 2 2 2 17 4104 4171 4295
8785 2 2 2 17 4289 4288 4574
8786 2 2 2 17 3465 3463 3466
8787 2 2 2 17 6090 6091 6726
8788 2 2 2 17 5892 5891 5985
8789 2 2 2 17 4250 5720 5721
8790 2 2 2 17 3595 3723 3724
8791 2 2 2 17 6746 4980 7292
8792 2 2 2 17 5847 4599 5848
8793 2 2 2 17 5420 4115 5421
8794 2 2 2 17 3705 4430 5925
8795 2 2 2 17 4211 4210 4212
8796 2 2 2 17 4484 4483 4485
8797 2 2 2 17 4030 4031 4032
8798 2 2 2 17 5365 5869 7193
8799 2 2 2 17 5730 7182 7464
8800 2 2 2 17 4862 4863 4970
8801 2 2 2 17 3519 3524 7289
8802 2 2 2 17 6148 6149 6403
8803 2 2 2 17 654 3231 6906
8804 2 2 2 17 4758 5832 5833
8805 2 2 2 17 5035 5034 5984
8806 2 2 2 17 6299 5930 7305
8807 2 2 2 17 4772 5753 6064
8808 2 2 2 17 4505 4501 5976
8809 2 2 2 17 4318 4599 5847
8810 2 2 2 17 3654 5730 6786
8811 2 2 2 17 5667 3621 7001
8812 2 2 2 17 6664 5146 7150
8813 2 2 2 17 652 6211 7525
8814 2 2 2 17 5965 5298 5966
8815 2 2 2 17 4824 4822 5973
8816 2 2 2 17 4297 4298 4299
8817 2 2 2 17 5060 5231 5964
8818 2 2 2 17 5631 6582 6583
8819 2 2 2 17 5808 5282 6509
8820 2 2 2 17 4994 4993 4996
8821 2 2 2 17 4176 4003 4177
8822 2 2 2 17 5527 4633 6077
8823 2 2 2 17 3473 3471 3474
8824 2 2 2 17 4156 4362 4363
8825 2 2 2 17 5023 5022 5954
8826 2 2 2 17 4009 4006 7589
8827 2 2 2 17 4978 4975 6015
8828 2 2 2 17 5754 5892 6034
8829 2 2 2 17 6118 6117 6405
8830 2 2 2 17 4081 3750 4431
8831 2 2 2 17 3853 3813 6280
8832 2 2 2 17 6770 5307 7080
8833 2 2 2 17 4387 4464 4608
8834 2 2 2 17 3156 6391 7152
8835 2 2 2 17 4399 5341 6589
8836 2 2 2 17 6225 4872 6226
8837 2 2 2 17 3602 3586 5362
8838 2 2 2 17 5385 5384 5389
8839 2 2 2 17 5006 5004 5081
8840 2 2 2 17 3826 5781 6475
8841 2 2 2 17 5866 5820 5867
8842 2 2 2 17 6553 4579 7582
8843 2 2 2 17 3531 3539 7627
8844 2 2 2 17 4664 4665 4666
8845 2 2 2 17 4490 4876 4877
8846 2 2 2 17 3295 6127 6344
8847 2 2 2 17 4196 4401 4858
8848 2 2 2 17 5028 5027 5978
8849 2 2 2 17 4781 4782 4783
8850 2 2 2 17 4766 6292 6293
8851 2 2 2 17 4171 4577 5987
8852 2 2 2 17 6405 6117 6427
8853 2 2 2 17 4165 4281 4860
8854 2 2 2 17 6726 6091 6794
8855 2 2 2 17 5813 5568 6992
8856 2 2 2 17 3330 3333 3334
8857 2 2 2 17 4438 4439 4440
8858 2 2 2 17 4262 5739 7356
8859 2 2 2 17 3656 3655 3657
8860 2 2 2 17 5045 5044 5998
8861 2 2 2 17 3654 3653 3655
8862 2 2 2 17 5522 5732 6411
8863 2 2 2 17 5094 4978 6015
8864 2 2 2 17 5821 5822 6725
8865 2 2 2 17 4032 4033 4034
8866 2 2 2 17 5604 6535 7081
8867 2 2 2 17 5276 5707 7336
8868 2 2 2 17 5344 4514 6036
8869 2 2 2 17 5794 4681 6250
8870 2 2 2 17 4638 5526 6031
8871 2 2 2 17 5049 5048 5074
8872 2 2 2 17 6541 4928 7568
8873 2 2 2 17 3256 5801 7020
8874 2 2 2 17 3936 3937 6708
8875 2 2 2 17 4753 4754 6023
8876 2 2 2 17 4970 4971 4972
8877 2 2 2 17 5933 5166 6218
8878 2 2 2 17 6668 6014 7636
8879 2 2 2 17 3728 6741 7279
8880 2 2 2 17 4999 4997 5000
8881 2 2 2 17 5703 3285 7384
8882 2 2 2 17 4857 5735 6039
8883 2 2 2 17 6689 3933 6839
8884 2 2 2 17 4076 4249 6537
8885 2 2 2 17 4201 5385 5386
8886 2 2 2 17 4391 3708 6780
8887 2 2 2 17 5000 4997 6035
8888 2 2 2 17 3994 3965 6979
8889 2 2 2 17 4797 5676 6501
8890 2 2 2 17 3916 3915 3917
8891 2 2 2 17 3181 6793 7320
8892 2 2 2 17 4249 4284 4285
8893 2 2 2 17 4781 4780 4782
8894 2 2 2 17 5938 5940 6221
8895 2 2 2 17 5303 5308 6657
8896 2 2 2 17 3914 3913 3915
8897 2 2 2 17 3539 3532 3540
8898 2 2 2 17 3813 3814 3815
8899 2 2 2 17 3271 6540 6962
8900 2 2 2 17 4501 4503 5976
8901 2 2 2 17 5956 5957 6696
8902 2 2 2 17 3337 3326 7574
8903 2 2 2 17 5022 5020 6017
8904 2 2 2 17 4343 4189 5561
8905 2 2 2 17 3314 3313 3315
8906 2 2 2 17 5325 5669 7276
8907 2 2 2 17 5641 6175 6362
8908 2 2 2 17 4809 5994 6978
8909 2 2 2 17 5034 5031 5075
8910 2 2 2 17 3967 3858 7433
8911 2 2 2 17 4285 4284 4493
8912 2 2 2 17 4822 5950 5973
8913 2 2 2 17 4299 4300 4301
8914 2 2 2 17 5412 4753 6023
8915 2 2 2 17 5994 3998 6978
8916 2 2 2 17 4568 4535 6030
8917 2 2 2 17 4475 4572 5938
8918 2 2 2 17 4788 4790 4791
8919 2 2 2 17 3911 3914 7609
8920 2 2 2 17 4365 4366 4367
8921 2 2 2 17 3632 3634 6664
8922 2 2 2 17 5749 5976 6528
8923 2 2 2 17 4537 4535 4568
8924 2 2 2 17 7432 5917 7526
8925 2 2 2 17 5490 5489 5491
8926 2 2 2 17 4252 4162 6282
8927 2 2 2 17 6990 5628 7454
8928 2 2 2 17 4415 4413 4932
8929 2 2 2 17 4170 4269 4846
8930 2 2 2 17 5001 5000 5974
8931 2 2 2 17 4584 5990 6072
8932 2 2 2 17 5682 4802 6078
8933 2 2 2 17 5979 5786 5980
8934 2 2 2 17 4059 4070 7323
8935 2 2 2 17 4284 4248 6079
8936 2 2 2 17 6910 600 6981
8937 2 2 2 17 6293 3263 6388
8938 2 2 2 17 4144 3986 4498
8939 2 2 2 17 5969 5970 7391
8940 2 2 2 17 5856 4179 5860
8941 2 2 2 17 4307 4306 4308
8942 2 2 2 17 3477 3476 3478
8943 2 2 2 17 7282 597 7283
8944 2 2 2 17 4357 4268 4837
8945 2 2 2 17 4280 4111 7275
8946 2 2 2 17 6677 5736 6933
8947 2 2 2 17 4972 4973 4974
8948 2 2 2 17 4034 4035 4036
8949 2 2 2 17 6381 3714 6788
8950 2 2 2 17 5712 3933 6688
8951 2 2 2 17 3711 3574 7202
8952 2 2 2 17 4124 4370 5509
8953 2 2 2 17 5044 5042 5100
8954 2 2 2 17 6033 3176 6660
8955 2 2 2 17 6823 3771 7438
8956 2 2 2 17 4318 4316 4599
8957 2 2 2 17 4168 4872 6225
8958 2 2 2 17 5620 5941 7470
8959 2 2 2 17 5941 5939 7470
8960 2 2 2 17 4271 4272 4273
8961 2 2 2 17 6174 6173 7346
8962 2 2 2 17 4771 4772 6064
8963 2 2 2 17 4766 4331 6291
8964 2 2 2 17 3340 3341 3342
8965 2 2 2 17 3649 3651 5710
8966 2 2 2 17 5247 5977 7412
8967 2 2 2 17 3996 6225 6602
8968 2 2 2 17 4294 5789 6933
8969 2 2 2 17 6715 3533 7453
8970 2 2 2 17 3214 6191 6639
8971 2 2 2 17 5765 5175 7333
8972 2 2 2 17 4323 4355 4757
8973 2 2 2 17 5185 7001 7016
8974 2 2 2 17 5664 4568 6030
8975 2 2 2 17 3739 3406 7560
8976 2 2 2 17 4273 4272 4598
8977 2 2 2 17 3658 3657 3659
8978 2 2 2 17 4516 4353 4517
8979 2 2 2 17 5493 6266 6918
8980 2 2 2 17 3885 3887 7251
8981 2 2 2 17 6460 7488 7523
8982 2 2 2 17 3489 3483 6479
8983 2 2 2 17 3297 5792 6569
8984 2 2 2 17 4702 4699 6579
8985 2 2 2 17 3396 3395 3397
8986 2 2 2 17 5135 5997 7582
8987 2 2 2 17 4401 4402 4403
8988 2 2 2 17 4329 4331 4765
8989 2 2 2 17 5729 7103 7136
8990 2 2 2 17 5689 6552 6701
8991 2 2 2 17 3332 6158 6159
8992 2 2 2 17 3210 6108 6304
8993 2 2 2 17 5817 4799 5818
8994 2 2 2 17 4332 4334 5962
8995 2 2 2 17 5507 5935 5936
8996 2 2 2 17 5617 7338 7480
8997 2 2 2 17 3432 3431 3433
8998 2 2 2 17 5959 5222 6463
8999 2 2 2 17 4312 4313 4314
9000 2 2 2 17 3918 3917 3919
9001 2 2 2 17 4464 4388 4465
9002 2 2 2 17 4430 5544 7466
9003 2 2 2 17 6118 3279 6378
9004 2 2 2 17 4267 4357 4358
9005 2 2 2 17 4086 3785 4097
9006 2 2 2 17 6646 3175 6673
9007 2 2 2 17 5219 5998 6005
9008 2 2 2 17 3542 3540 3543
9009 2 2 2 17 3322 5731 7276
9010 2 2 2 17 5567 6069 6992
9011 2 2 2 17 4535 4253 6030
9012 2 2 2 17 4249 4286 6537
9013 2 2 2 17 6943 4343 7205
9014 2 2 2 17 4036 4037 4038
9015 2 2 2 17 6268 5805 6630
9016 2 2 2 17 562 5806 7047
9017 2 2 2 17 6216 504 7219
9018 2 2 2 17 6407 3228 6951
9019 2 2 2 17 5034 5336 5984
9020 2 2 2 17 6463 5222 6469
9021 2 2 2 17 5082 5083 5084
9022 2 2 2 17 6896 5676 7025
9023 2 2 2 17 4460 4456 4692
9024 2 2 2 17 3174 381 6438
9025 2 2 2 17 504 6216 7226
9026 2 2 2 17 3279 6118 6405
9027 2 2 2 17 5219 5048 5998
9028 2 2 2 17 3815 3816 3817
9029 2 2 2 17 6056 6613 6716
9030 2 2 2 17 4749 6947 7574
9031 2 2 2 17 4445 4446 4447
9032 2 2 2 17 6771 5225 6881
9033 2 2 2 17 740 6111 7246
9034 2 2 2 17 4474 4475 5938
9035 2 2 2 17 3833 3854 7377
9036 2 2 2 17 4523 4521 4565
9037 2 2 2 17 638 637 6007
9038 2 2 2 17 5636 7161 7222
9039 2 2 2 17 4593 4592 5621
9040 2 2 2 17 4244 4429 4634
9041 2 2 2 17 4659 4657 4927
9042 2 2 2 17 6314 5929 6315
9043 2 2 2 17 4503 4504 4549
9044 2 2 2 17 4548 5873 6544
9045 2 2 2 17 5651 5652 6326
9046 2 2 2 17 5356 6267 7051
9047 2 2 2 17 6240 3291 6241
9048 2 2 2 17 5975 5000 6035
9049 2 2 2 17 7199 4838 7351
9050 2 2 2 17 5911 5261 6312
9051 2 2 2 17 3528 5327 5328
9052 2 2 2 17 3341 3339 7359
9053 2 2 2 17 4443 4436 7543
9054 2 2 2 17 6041 5956 7087
9055 2 2 2 17 4332 5962 6291
9056 2 2 2 17 3159 5770 7266
9057 2 2 2 17 4447 4446 4695
9058 2 2 2 17 6370 4794 6371
9059 2 2 2 17 4194 4193 4195
9060 2 2 2 17 4295 4491 4651
9061 2 2 2 17 5619 5620 7470
9062 2 2 2 17 5803 5802 5804
9063 2 2 2 17 5868 5336 7258
9064 2 2 2 17 4870 6233 6940
9065 2 2 2 17 4416 4415 4610
9066 2 2 2 17 6020 3162 7224
9067 2 2 2 17 4349 4350 4351
9068 2 2 2 17 5017 5018 5019
9069 2 2 2 17 6540 5646 6962
9070 2 2 2 17 4577 5600 5987
9071 2 2 2 17 4309 4308 4310
9072 2 2 2 17 6077 4474 6221
9073 2 2 2 17 5717 6711 7608
9074 2 2 2 17 5564 6662 6903
9075 2 2 2 17 5053 5054 5055
9076 2 2 2 17 4438 4440 6019
9077 2 2 2 17 586 585 6207
9078 2 2 2 17 3563 3547 3564
9079 2 2 2 17 4651 4491 4800
9080 2 2 2 17 5338 5978 6041
9081 2 2 2 17 4704 4702 5633
9082 2 2 2 17 5078 4993 6024
9083 2 2 2 17 3153 5779 7044
9084 2 2 2 17 5057 5060 5061
9085 2 2 2 17 5962 5293 6053
9086 2 2 2 17 5087 5086 5242
9087 2 2 2 17 3546 3545 3547
9088 2 2 2 17 5727 4015 7374
9089 2 2 2 17 6275 4749 7574
9090 2 2 2 17 4547 4548 6544
9091 2 2 2 17 5147 4004 6558
9092 2 2 2 17 4346 4513 4631
9093 2 2 2 17 3367 3366 3368
9094 2 2 2 17 4331 4330 4332
9095 2 2 2 17 3156 7152 7390
9096 2 2 2 17 5905 5494 7413
9097 2 2 2 17 5803 5805 6268
9098 2 2 2 17 6099 3332 6224
9099 2 2 2 17 4172 4097 4173
9100 2 2 2 17 4474 4473 4475
9101 2 2 2 17 3472 5228 6643
9102 2 2 2 17 5032 5034 5035
9103 2 2 2 17 7356 5739 7419
9104 2 2 2 17 3811 3853 6885
9105 2 2 2 17 4038 4039 4040
9106 2 2 2 17 5404 5403 5405
9107 2 2 2 17 5427 5525 7493
9108 2 2 2 17 5525 5427 5817
9109 2 2 2 17 3660 3659 3661
9110 2 2 2 17 4414 4415 4416
9111 2 2 2 17 5540 5654 5655
9112 2 2 2 17 4233 4177 4234
9113 2 2 2 17 4822 4820 5950
9114 2 2 2 17 6183 6513 7189
9115 2 2 2 17 5044 5101 5998
9116 2 2 2 17 5021 5022 5023
9117 2 2 2 17 4471 4474 6077
9118 2 2 2 17 5982 6680 7551
9119 2 2 2 17 5771 5847 7503
9120 2 2 2 17 3801 3803 7476
9121 2 2 2 17 5642 5643 5708
9122 2 2 2 17 4446 4243 6218
9123 2 2 2 17 5874 6170 7341
9124 2 2 2 17 3417 3418 3419
9125 2 2 2 17 5879 4377 6433
9126 2 2 2 17 5194 4595 6063
9127 2 2 2 17 6476 4096 6890
9128 2 2 2 17 4849 4851 6343
9129 2 2 2 17 3261 494 6374
9130 2 2 2 17 5055 5056 5057
9131 2 2 2 17 5597 4206 5726
9132 2 2 2 17 3976 6921 7187
9133 2 2 2 17 6369 6368 6371
9134 2 2 2 17 4516 4517 5234
9135 2 2 2 17 3608 3610 6380
9136 2 2 2 17 4846 4847 5953
9137 2 2 2 17 3920 3919 3921
9138 2 2 2 17 5043 5044 5045
9139 2 2 2 17 4997 4996 6035
9140 2 2 2 17 6368 4668 6370
9141 2 2 2 17 4850 4614 4852
9142 2 2 2 17 3493 3438 5335
9143 2 2 2 17 4673 5927 5928
9144 2 2 2 17 5927 5700 5931
9145 2 2 2 17 5917 4849 6343
9146 2 2 2 17 4301 4303 4304
9147 2 2 2 17 5169 4317 6419
9148 2 2 2 17 3684 3686 7145
9149 2 2 2 17 4573 4187 4609
9150 2 2 2 17 5005 5006 5007
9151 2 2 2 17 4534 4253 4535
9152 2 2 2 17 3668 3667 3669
9153 2 2 2 17 3670 3669 3671
9154 2 2 2 17 4567 5762 6663
9155 2 2 2 17 5894 6917 7383
9156 2 2 2 17 6725 5822 6911
9157 2 2 2 17 4132 4131 4133
9158 2 2 2 17 4996 4993 5078
9159 2 2 2 17 4682 4684 4685
9160 2 2 2 17 4401 4197 4402
9161 2 2 2 17 6250 5803 6268
9162 2 2 2 17 4598 5929 5930
9163 2 2 2 17 6352 6866 7354
9164 2 2 2 17 5085 5087 5088
9165 2 2 2 17 4429 4192 5625
9166 2 2 2 17 5690 4902 5691
9167 2 2 2 17 5458 5078 6024
9168 2 2 2 17 6704 5714 6815
9169 2 2 2 17 5938 4572 5939
9170 2 2 2 17 4658 4659 4660
9171 2 2 2 17 4188 4573 4870
9172 2 2 2 17 3522 3513 3747
9173 2 2 2 17 3730 3578 7157
9174 2 2 2 17 3744 3786 5910
9175 2 2 2 17 5521 5839 7291
9176 2 2 2 17 3289 5946 6039
9177 2 2 2 17 5333 6448 6465
9178 2 2 2 17 4984 4982 4985
9179 2 2 2 17 4705 4707 5965
9180 2 2 2 17 3242 5821 6725
9181 2 2 2 17 4291 4191 4292
9182 2 2 2 17 4338 4340 6080
9183 2 2 2 17 5271 5528 7092
9184 2 2 2 17 6699 7581 7624
9185 2 2 2 17 4412 4413 4414
9186 2 2 2 17 3724 3725 3726
9187 2 2 2 17 5067 5068 5069
9188 2 2 2 17 5076 5018 5659
9189 2 2 2 17 4913 4784 6025
9190 2 2 2 17 4273 4598 6298
9191 2 2 2 17 3395 5567 7431
9192 2 2 2 17 3817 3818 3819
9193 2 2 2 17 4440 4441 4581
9194 2 2 2 17 6533 5416 6604
9195 2 2 2 17 3664 3663 3665
9196 2 2 2 17 4849 4850 4851
9197 2 2 2 17 5253 5255 5995
9198 2 2 2 17 5754 4777 5890
9199 2 2 2 17 5019 5020 5021
9200 2 2 2 17 6131 5175 6915
9201 2 2 2 17 6211 652 7425
9202 2 2 2 17 4056 6455 6964
9203 2 2 2 17 5954 5022 5955
9204 2 2 2 17 4314 4313 4910
9205 2 2 2 17 3470 3529 6415
9206 2 2 2 17 4766 6291 6292
9207 2 2 2 17 3361 3358 3362
9208 2 2 2 17 4040 4041 4042
9209 2 2 2 17 4784 4788 6025
9210 2 2 2 17 4405 4342 4406
9211 2 2 2 17 4461 4449 6049
9212 2 2 2 17 5950 4832 5951
9213 2 2 2 17 6773 6106 6848
9214 2 2 2 17 5975 6035 6208
9215 2 2 2 17 4432 4431 4433
9216 2 2 2 17 3717 5970 7158
9217 2 2 2 17 6130 758 7501
9218 2 2 2 17 5748 4505 5749
9219 2 2 2 17 6017 5661 6376
9220 2 2 2 17 5047 5048 5049
9221 2 2 2 17 6374 493 6798
9222 2 2 2 17 5574 6587 7491
9223 2 2 2 17 3158 7102 7120
9224 2 2 2 17 6587 5574 7477
9225 2 2 2 17 5772 5361 6844
9226 2 2 2 17 5420 5421 5422
9227 2 2 2 17 5636 6261 7161
9228 2 2 2 17 5325 5356 7468
9229 2 2 2 17 3342 3343 3344
9230 2 2 2 17 4598 5930 6298
9231 2 2 2 17 3459 3460 3461
9232 2 2 2 17 6005 6346 7104
9233 2 2 2 17 4979 4978 4981
9234 2 2 2 17 3934 3985 6272
9235 2 2 2 17 5559 4443 7543
9236 2 2 2 17 4976 4978 4979
9237 2 2 2 17 4820 4832 5950
9238 2 2 2 17 3384 3385 3386
9239 2 2 2 17 4381 4586 4647
9240 2 2 2 17 4536 4535 4537
9241 2 2 2 17 6677 6933 7200
9242 2 2 2 17 5383 5329 6000
9243 2 2 2 17 4178 4510 5304
9244 2 2 2 17 4510 4231 4865
9245 2 2 2 17 5183 6441 6666
9246 2 2 2 17 4465 4468 6279
9247 2 2 2 17 4405 4406 4578
9248 2 2 2 17 5519 5520 5522
9249 2 2 2 17 4974 4975 4976
9250 2 2 2 17 5871 4836 5872
9251 2 2 2 17 4468 5465 6279
9252 2 2 2 17 7040 5588 7322
9253 2 2 2 17 5888 4461 6049
9254 2 2 2 17 5367 4273 6298
9255 2 2 2 17 4274 4195 4275
9256 2 2 2 17 4440 4439 4441
9257 2 2 2 17 5218 3966 6882
9258 2 2 2 17 4785 4771 4786
9259 2 2 2 17 5041 5042 5043
9260 2 2 2 17 4337 4336 4338
9261 2 2 2 17 3756 3697 5809
9262 2 2 2 17 4503 5155 5976
9263 2 2 2 17 3244 5823 7111
9264 2 2 2 17 4014 4156 6595
9265 2 2 2 17 4311 4310 4312
9266 2 2 2 17 3771 6830 7438
9267 2 2 2 17 4696 6737 6901
9268 2 2 2 17 5849 5993 6471
9269 2 2 2 17 5557 5558 6581
9270 2 2 2 17 6613 3469 6716
9271 2 2 2 17 3922 3921 3923
9272 2 2 2 17 6850 3765 7195
9273 2 2 2 17 6267 3533 6661
9274 2 2 2 17 5030 5031 5032
9275 2 2 2 17 4660 4659 4836
9276 2 2 2 17 5010 5007 7635
9277 2 2 2 17 5381 5446 5572
9278 2 2 2 17 3672 3671 3673
9279 2 2 2 17 5013 5014 5015
9280 2 2 2 17 3569 3568 3570
9281 2 2 2 17 4603 4280 5334
9282 2 2 2 17 6699 5578 7581
9283 2 2 2 17 5977 3558 6796
9284 2 2 2 17 4321 6481 6482
9285 2 2 2 17 4528 4530 4540
9286 2 2 2 17 3571 3570 3572
9287 2 2 2 17 4199 4514 4515
9288 2 2 2 17 6660 3176 7556
9289 2 2 2 17 5227 6717 6727
9290 2 2 2 17 4065 4419 5979
9291 2 2 2 17 5072 5541 6294
9292 2 2 2 17 4395 4318 4396
9293 2 2 2 17 4639 4293 4857
9294 2 2 2 17 5037 5038 5039
9295 2 2 2 17 4242 4241 4243
9296 2 2 2 17 5570 5571 6586
9297 2 2 2 17 4628 4230 4630
9298 2 2 2 17 5550 3454 6983
9299 2 2 2 17 4675 4677 4678
9300 2 2 2 17 4994 4996 4997
9301 2 2 2 17 6015 5708 6270
9302 2 2 2 17 6991 7270 7578
9303 2 2 2 17 4769 4785 5626
9304 2 2 2 17 6960 5370 7634
9305 2 2 2 17 6148 6403 6691
9306 2 2 2 17 4637 4349 5912
9307 2 2 2 17 4348 4637 4854
9308 2 2 2 17 4229 4628 4629
9309 2 2 2 17 6005 6006 6346
9310 2 2 2 17 3365 3363 3366
9311 2 2 2 17 4860 4861 5213
9312 2 2 2 17 4042 4043 4044
9313 2 2 2 17 4394 4305 5627
9314 2 2 2 17 3493 5335 6776
9315 2 2 2 17 4827 4828 4829
9316 2 2 2 17 5829 5827 5836
9317 2 2 2 17 5828 5829 5830
9318 2 2 2 17 6624 3719 6627
9319 2 2 2 17 5857 5858 5859
9320 2 2 2 17 4992 4993 4994
9321 2 2 2 17 6486 4881 6555
9322 2 2 2 17 5974 5000 5975
9323 2 2 2 17 3399 3397 3400
9324 2 2 2 17 5523 5361 5524
9325 2 2 2 17 4288 4290 6303
9326 2 2 2 17 5654 3331 7509
9327 2 2 2 17 4362 4519 4939
9328 2 2 2 17 3726 3740 4554
9329 2 2 2 17 5692 5694 6859
9330 2 2 2 17 4526 4239 4556
9331 2 2 2 17 5400 5186 6797
9332 2 2 2 17 4434 4433 4435
9333 2 2 2 17 3928 3927 3929
9334 2 2 2 17 5386 5385 5387
9335 2 2 2 17 5025 5027 5028
9336 2 2 2 17 4605 5797 6959
9337 2 2 2 17 4990 4991 4992
9338 2 2 2 17 4503 4502 4504
9339 2 2 2 17 5200 5201 7248
9340 2 2 2 17 5837 5010 7635
9341 2 2 2 17 5787 4900 7427
9342 2 2 2 17 5554 5553 5557
9343 2 2 2 17 4442 5554 5555
9344 2 2 2 17 3926 3925 3927
9345 2 2 2 17 758 6130 6971
9346 2 2 2 17 5944 5413 7309
9347 2 2 2 17 3819 3831 7249
9348 2 2 2 17 4631 4513 4632
9349 2 2 2 17 5959 3205 6446
9350 2 2 2 17 4337 4338 4742
9351 2 2 2 17 4975 5642 6015
9352 2 2 2 17 5329 4121 7052
9353 2 2 2 17 5716 3889 7533
9354 2 2 2 17 5585 5584 5586
9355 2 2 2 17 5320 4368 5697
9356 2 2 2 17 5707 5276 7359
9357 2 2 2 17 4698 4700 5969
9358 2 2 2 17 6839 5256 6948
9359 2 2 2 17 5998 5101 6005
9360 2 2 2 17 5806 562 7407
9361 2 2 2 17 4967 3755 6472
9362 2 2 2 17 3492 7417 7586
9363 2 2 2 17 5863 3711 6878
9364 2 2 2 17 4685 5803 6250
9365 2 2 2 17 6249 6660 6757
9366 2 2 2 17 3436 3433 3437
9367 2 2 2 17 572 6223 7422
9368 2 2 2 17 5987 5600 5988
9369 2 2 2 17 4424 6055 6319
9370 2 2 2 17 4509 4508 5516
9371 2 2 2 17 4599 4316 5993
9372 2 2 2 17 4468 4467 4469
9373 2 2 2 17 4667 4665 4942
9374 2 2 2 17 4482 4636 5619
9375 2 2 2 17 4196 4173 4197
9376 2 2 2 17 3819 3820 3821
9377 2 2 2 17 6724 5593 7147
9378 2 2 2 17 4499 4498 4500
9379 2 2 2 17 3205 5959 6463
9380 2 2 2 17 4753 4369 4754
9381 2 2 2 17 4370 4753 4874
9382 2 2 2 17 6225 6226 7117
9383 2 2 2 17 4147 4133 4148
9384 2 2 2 17 637 3230 6007
9385 2 2 2 17 4303 4648 4649
9386 2 2 2 17 5157 6763 7216
9387 2 2 2 17 5777 5759 5778
9388 2 2 2 17 5063 5064 5065
9389 2 2 2 17 6180 4738 6648
9390 2 2 2 17 3479 3478 3480
9391 2 2 2 17 4999 5000 5001
9392 2 2 2 17 3369 3368 3370
9393 2 2 2 17 6473 5099 7249
9394 2 2 2 17 5074 5048 5219
9395 2 2 2 17 5213 4861 5214
9396 2 2 2 17 4007 3830 5612
9397 2 2 2 17 4166 4184 6031
9398 2 2 2 17 5922 5920 5923
9399 2 2 2 17 5921 5922 5924
9400 2 2 2 17 5656 5462 6772
9401 2 2 2 17 3421 3424 6113
9402 2 2 2 17 4996 5410 6035
9403 2 2 2 17 4666 4667 4668
9404 2 2 2 17 4675 4678 6050
9405 2 2 2 17 4689 4906 5802
9406 2 2 2 17 4906 4905 4907
9407 2 2 2 17 4826 4824 4827
9408 2 2 2 17 3926 3928 7216
9409 2 2 2 17 4180 4181 4182
9410 2 2 2 17 5872 6417 6700
9411 2 2 2 17 4520 4366 4937
9412 2 2 2 17 5357 3531 7627
9413 2 2 2 17 5088 5087 5089
9414 2 2 2 17 3290 6296 7093
9415 2 2 2 17 6491 5327 6681
9416 2 2 2 17 4044 4045 4046
9417 2 2 2 17 4238 5983 6505
9418 2 2 2 17 4947 4949 4950
9419 2 2 2 17 4351 4352 4353
9420 2 2 2 17 3682 3681 3683
9421 2 2 2 17 5642 5708 6015
9422 2 2 2 17 6860 3183 7631
9423 2 2 2 17 585 3233 6207
9424 2 2 2 17 5524 5772 5841
9425 2 2 2 17 3684 3683 3685
9426 2 2 2 17 7189 6513 7408
9427 2 2 2 17 4503 4549 5155
9428 2 2 2 17 4823 4822 4824
9429 2 2 2 17 3674 3673 3675
9430 2 2 2 17 7154 5470 7170
9431 2 2 2 17 5094 6015 6270
9432 2 2 2 17 4801 4233 4802
9433 2 2 2 17 4367 4520 4521
9434 2 2 2 17 6290 6884 7565
9435 2 2 2 17 4246 4569 4570
9436 2 2 2 17 4569 4495 5330
9437 2 2 2 17 3801 3799 3802
9438 2 2 2 17 3386 3387 3388
9439 2 2 2 17 4786 4771 6064
9440 2 2 2 17 4820 4818 4832
9441 2 2 2 17 5198 5916 6576
9442 2 2 2 17 3574 3572 3575
9443 2 2 2 17 4526 4556 4561
9444 2 2 2 17 4317 4316 4318
9445 2 2 2 17 3499 3508 5566
9446 2 2 2 17 4678 4679 4681
9447 2 2 2 17 5464 6506 7311
9448 2 2 2 17 4464 4465 6279
9449 2 2 2 17 3160 6367 7075
9450 2 2 2 17 4756 4240 4841
9451 2 2 2 17 5680 5681 6497
9452 2 2 2 17 4253 4879 6030
9453 2 2 2 17 4879 4252 4880
9454 2 2 2 17 4794 6370 7571
9455 2 2 2 17 3934 3929 3935
9456 2 2 2 17 3339 5707 7359
9457 2 2 2 17 5003 5004 5005
9458 2 2 2 17 6579 3364 6875
9459 2 2 2 17 5901 4308 6244
9460 2 2 2 17 3231 6248 6906
9461 2 2 2 17 5092 5068 5758
9462 2 2 2 17 5072 5092 5093
9463 2 2 2 17 5076 5659 5660
9464 2 2 2 17 4211 4564 4938
9465 2 2 2 17 5060 5077 5231
9466 2 2 2 17 4650 4361 4803
9467 2 2 2 17 4468 4469 4633
9468 2 2 2 17 5880 5879 5881
9469 2 2 2 17 4673 4270 5699
9470 2 2 2 17 5324 5481 7453
9471 2 2 2 17 4440 4671 6019
9472 2 2 2 17 6243 6426 7539
9473 2 2 2 17 5598 5599 6529
9474 2 2 2 17 4289 4574 4804
9475 2 2 2 17 4178 5304 7342
9476 2 2 2 17 4250 5721 5722
9477 2 2 2 17 5848 4599 5849
9478 2 2 2 17 4111 4112 7606
9479 2 2 2 17 6199 6075 6550
9480 2 2 2 17 3678 3677 3679
9481 2 2 2 17 6073 5990 6269
9482 2 2 2 17 4549 4504 4550
9483 2 2 2 17 5572 6340 6777
9484 2 2 2 17 5105 6624 6627
9485 2 2 2 17 3344 3345 3346
9486 2 2 2 17 6223 6222 7422
9487 2 2 2 17 5471 6311 7420
9488 2 2 2 17 3409 3407 7261
9489 2 2 2 17 4678 4677 4679
9490 2 2 2 17 3454 3451 7604
9491 2 2 2 17 4448 4447 4449
9492 2 2 2 17 4608 4464 5161
9493 2 2 2 17 4387 4608 5711
9494 2 2 2 17 4700 5244 5245
9495 2 2 2 17 5006 5081 5271
9496 2 2 2 17 5867 5820 5868
9497 2 2 2 17 6163 6588 6594
9498 2 2 2 17 4877 4876 4878
9499 2 2 2 17 4783 4782 4784
9500 2 2 2 17 4781 4783 5246
9501 2 2 2 17 3440 3439 3441
9502 2 2 2 17 6131 6915 7633
9503 2 2 2 17 3261 6374 7229
9504 2 2 2 17 6374 5458 7229
9505 2 2 2 17 3833 3834 3835
9506 2 2 2 17 4436 4435 4437
9507 2 2 2 17 4829 4828 4833
9508 2 2 2 17 4403 4402 4404
9509 2 2 2 17 6413 5449 6775
9510 2 2 2 17 4438 4437 4439
9511 2 2 2 17 5009 5010 5011
9512 2 2 2 17 5571 4786 6064
9513 2 2 2 17 4315 4314 4316
9514 2 2 2 17 4831 4829 6249
9515 2 2 2 17 4125 4126 4127
9516 2 2 2 17 5355 5864 5865
9517 2 2 2 17 6272 4511 6273
9518 2 2 2 17 3484 3483 3485
9519 2 2 2 17 5034 5075 5336
9520 2 2 2 17 3946 3945 3947
9521 2 2 2 17 4493 4284 5281
9522 2 2 2 17 4788 4791 6025
9523 2 2 2 17 4791 4790 4792
9524 2 2 2 17 4742 4338 6080
9525 2 2 2 17 4537 4568 4620
9526 2 2 2 17 5491 5489 5492
9527 2 2 2 17 5490 5491 5495
9528 2 2 2 17 4932 4413 5897
9529 2 2 2 17 4046 4047 4048
9530 2 2 2 17 3944 3943 3945
9531 2 2 2 17 5992 5409 7336
9532 2 2 2 17 4984 4985 4986
9533 2 2 2 17 4357 4837 4839
9534 2 2 2 17 4837 4268 4838
9535 2 2 2 17 4674 4675 6050
9536 2 2 2 17 5670 5671 6970
9537 2 2 2 17 5360 5359 7180
9538 2 2 2 17 3703 6500 6706
9539 2 2 2 17 5842 5207 5843
9540 2 2 2 17 5100 5042 5819
9541 2 2 2 17 5044 5100 5101
9542 2 2 2 17 3928 6273 7216
9543 2 2 2 17 6019 4671 6020
9544 2 2 2 17 6488 3730 7562
9545 2 2 2 17 5893 609 6653
9546 2 2 2 17 3482 3478 7472
9547 2 2 2 17 597 7282 7339
9548 2 2 2 17 4549 4550 4551
9549 2 2 2 17 4757 4355 4758
9550 2 2 2 17 4269 4291 6386
9551 2 2 2 17 6921 5666 7187
9552 2 2 2 17 4900 4750 4901
9553 2 2 2 17 4329 4765 5672
9554 2 2 2 17 4765 4331 4766
9555 2 2 2 17 3606 3728 7279
9556 2 2 2 17 5798 4938 6296
9557 2 2 2 17 3821 3822 3823
9558 2 2 2 17 7028 3999 7274
9559 2 2 2 17 5690 5692 6838
9560 2 2 2 17 5844 3150 7024
9561 2 2 2 17 5285 6259 6603
9562 2 2 2 17 3686 3685 3687
9563 2 2 2 17 4123 7037 7535
9564 2 2 2 17 7197 5678 7292
9565 2 2 2 17 3421 3423 3424
9566 2 2 2 17 3740 3725 7027
9567 2 2 2 17 4460 4692 4892
9568 2 2 2 17 4692 4456 5774
9569 2 2 2 17 5453 6595 7171
9570 2 2 2 17 5858 5860 7435
9571 2 2 2 17 6230 3186 6232
9572 2 2 2 17 4523 4565 4566
9573 2 2 2 17 4244 4634 4652
9574 2 2 2 17 4634 4429 5393
9575 2 2 2 17 4927 4657 5807
9576 2 2 2 17 3874 3876 6383
9577 2 2 2 17 3827 3828 3829
9578 2 2 2 17 4986 4985 5080
9579 2 2 2 17 3781 3416 6555
9580 2 2 2 17 4151 5156 6054
9581 2 2 2 17 4695 4446 5166
9582 2 2 2 17 5652 4606 6066
9583 2 2 2 17 5803 5804 5805
9584 2 2 2 17 4416 4610 4611
9585 2 2 2 17 6125 6169 6768
9586 2 2 2 17 3422 3421 6113
9587 2 2 2 17 3642 3646 7210
9588 2 2 2 17 5344 6036 6037
9589 2 2 2 17 4800 4491 4898
9590 2 2 2 17 4651 4800 4962
9591 2 2 2 17 3718 4297 6619
9592 2 2 2 17 4610 4415 6258
9593 2 2 2 17 3936 3935 3937
9594 2 2 2 17 5835 3149 7063
9595 2 2 2 17 6079 5722 6407
9596 2 2 2 17 5404 5405 5468
9597 2 2 2 17 4706 4704 5876
9598 2 2 2 17 5708 5643 5709
9599 2 2 2 17 3909 3911 6839
9600 2 2 2 17 3576 3575 3577
9601 2 2 2 17 5558 5559 6262
9602 2 2 2 17 4516 5234 5239
9603 2 2 2 17 5234 4517 5235
9604 2 2 2 17 3277 6165 6625
9605 2 2 2 17 5961 4742 6080
9606 2 2 2 17 3548 5979 6575
9607 2 2 2 17 4850 4852 4853
9608 2 2 2 17 4818 4816 6042
9609 2 2 2 17 5931 5700 5946
9610 2 2 2 17 5986 5407 7365
9611 2 2 2 17 4685 4684 4686
9612 2 2 2 17 4573 4609 5191
9613 2 2 2 17 4540 4530 4541
9614 2 2 2 17 5692 5691 5693
9615 2 2 2 17 6090 3206 6654
9616 2 2 2 17 6009 544 7088
9617 2 2 2 17 5965 5966 7159
9618 2 2 2 17 4059 4060 4061
9619 2 2 2 17 4996 5078 5410
9620 2 2 2 17 5883 5986 7123
9621 2 2 2 17 4574 4288 6303
9622 2 2 2 17 5938 5939 5940
9623 2 2 2 17 4098 6917 7471
9624 2 2 2 17 5762 6356 6663
9625 2 2 2 17 5509 7043 7275
9626 2 2 2 17 5846 4015 7594
9627 2 2 2 17 6042 4816 6059
9628 2 2 2 17 4291 4292 5163
9629 2 2 2 17 4581 4441 4582
9630 2 2 2 17 4440 4581 4671
9631 2 2 2 17 4814 5145 6059
9632 2 2 2 17 3823 3826 7234
9633 2 2 2 17 4841 4240 6057
9634 2 2 2 17 5255 5399 5996
9635 2 2 2 17 5955 5022 6017
9636 2 2 2 17 5954 5955 5956
9637 2 2 2 17 4910 4313 5102
9638 2 2 2 17 3940 3939 3941
9639 2 2 2 17 5950 5951 5952
9640 2 2 2 17 5748 5749 5750
9641 2 2 2 17 4156 4364 6595
9642 2 2 2 17 3257 6742 7036
9643 2 2 2 17 5422 5421 5423
9644 2 2 2 17 6865 5330 7198
9645 2 2 2 17 4501 4500 4502
9646 2 2 2 17 4981 4978 5094
9647 2 2 2 17 4979 4981 4982
9648 2 2 2 17 4629 4628 4842
9649 2 2 2 17 4647 4586 5373
9650 2 2 2 17 3238 5815 6919
9651 2 2 2 17 4865 4231 4866
9652 2 2 2 17 5304 4510 5305
9653 2 2 2 17 4403 4404 4527
9654 2 2 2 17 4578 4406 4864
9655 2 2 2 17 4405 4578 5391
9656 2 2 2 17 5522 5520 5732
9657 2 2 2 17 4879 5277 6361
9658 2 2 2 17 4821 4820 4822
9659 2 2 2 17 4785 4786 5569
9660 2 2 2 17 5801 3256 7271
9661 2 2 2 17 5633 4702 6579
9662 2 2 2 17 5824 3971 7089
9663 2 2 2 17 5619 4636 5620
9664 2 2 2 17 4603 5334 5533
9665 2 2 2 17 5148 5147 5613
9666 2 2 2 17 5683 3857 7572
9667 2 2 2 17 4515 4514 5343
9668 2 2 2 17 4857 4293 5263
9669 2 2 2 17 6035 5410 6208
9670 2 2 2 17 6532 5781 7500
9671 2 2 2 17 4630 4230 4966
9672 2 2 2 17 6293 6292 7114
9673 2 2 2 17 5725 5723 6061
9674 2 2 2 17 4854 4637 5287
9675 2 2 2 17 6166 6193 6669
9676 2 2 2 17 5627 4305 5898
9677 2 2 2 17 4394 5627 5628
9678 2 2 2 17 4048 4049 4050
9679 2 2 2 17 4939 4519 5184
9680 2 2 2 17 5386 5387 5388
9681 2 2 2 17 4816 4814 6059
9682 2 2 2 17 5555 5554 5556
9683 2 2 2 17 4632 4513 5507
9684 2 2 2 17 4631 4632 5267
9685 2 2 2 17 4337 4742 5293
9686 2 2 2 17 5586 5584 5587
9687 2 2 2 17 5585 5586 5602
9688 2 2 2 17 3212 6322 6972
9689 2 2 2 17 3735 6112 6139
9690 2 2 2 17 3948 3947 3949
9691 2 2 2 17 6005 5101 6006
9692 2 2 2 17 4540 4541 4542
9693 2 2 2 17 4083 4392 4393
9694 2 2 2 17 5166 4446 6218
9695 2 2 2 17 5750 5749 7518
9696 2 2 2 17 4667 4942 5144
9697 2 2 2 17 4942 4665 5870
9698 2 2 2 17 4146 5505 7115
9699 2 2 2 17 4874 4753 5412
9700 2 2 2 17 4649 4648 5609
9701 2 2 2 17 5074 5219 5262
9702 2 2 2 17 5213 5214 5215
9703 2 2 2 17 5214 4861 5591
9704 2 2 2 17 3962 3964 7611
9705 2 2 2 17 4950 4949 4951
9706 2 2 2 17 6059 5145 6060
9707 2 2 2 17 4907 4905 5259
9708 2 2 2 17 4937 4366 5918
9709 2 2 2 17 4520 4937 5208
9710 2 2 2 17 5169 6419 6997
9711 2 2 2 17 5088 5089 5096
9712 2 2 2 17 3330 7142 7231
9713 2 2 2 17 4832 6042 6277
9714 2 2 2 17 5253 5995 6046
9715 2 2 2 17 4801 4802 5680
9716 2 2 2 17 4569 5330 5331
9717 2 2 2 17 3715 4151 6054
9718 2 2 2 17 4606 4400 6066
9719 2 2 2 17 5201 5202 6449
9720 2 2 2 17 4832 4818 6042
9721 2 2 2 17 4561 4556 4744
9722 2 2 2 17 4526 4561 4899
9723 2 2 2 17 4681 4679 4682
9724 2 2 2 17 4678 4681 4965
9725 2 2 2 17 4756 4841 5448
9726 2 2 2 17 4879 4880 5277
9727 2 2 2 17 5775 5888 6888
9728 2 2 2 17 3206 6090 6726
9729 2 2 2 17 5092 5758 5776
9730 2 2 2 17 5072 5093 5541
9731 2 2 2 17 5076 5660 5661
9732 2 2 2 17 4938 4564 5257
9733 2 2 2 17 5231 5077 5232
9734 2 2 2 17 4650 4803 5670
9735 2 2 2 17 4468 4633 5465
9736 2 2 2 17 5880 5881 5882
9737 2 2 2 17 4528 4540 6229
9738 2 2 2 17 4164 4069 4238
9739 2 2 2 17 3401 3400 3402
9740 2 2 2 17 6647 5967 6819
9741 2 2 2 17 4289 4804 4805
9742 2 2 2 17 4804 4574 5645
9743 2 2 2 17 5722 5721 5723
9744 2 2 2 17 4450 4449 4451
9745 2 2 2 17 5848 5849 5934
9746 2 2 2 17 5849 4599 5993
9747 2 2 2 17 4898 5988 6398
9748 2 2 2 17 4798 5676 6896
9749 2 2 2 17 4006 5436 7589
9750 2 2 2 17 4608 5161 5428
9751 2 2 2 17 5271 5081 5528
9752 2 2 2 17 4877 4878 5686
9753 2 2 2 17 4783 4784 4913
9754 2 2 2 17 4332 4333 4334
9755 2 2 2 17 6112 5800 6139
9756 2 2 2 17 4833 4828 5354
9757 2 2 2 17 5539 6052 6235
9758 2 2 2 17 3487 3372 6932
9759 2 2 2 17 4886 4884 6120
9760 2 2 2 17 5336 5075 5337
9761 2 2 2 17 4493 5281 5282
9762 2 2 2 17 4791 4792 4793
9763 2 2 2 17 4112 4113 4114
9764 2 2 2 17 4537 4620 4621
9765 2 2 2 17 4620 4568 5165
9766 2 2 2 17 5491 5492 5493
9767 2 2 2 17 5490 5495 5496
9768 2 2 2 17 4932 5897 5926
9769 2 2 2 17 5069 5072 6294
9770 2 2 2 17 5285 4610 6258
9771 2 2 2 17 3431 5782 6749
9772 2 2 2 17 5281 4284 6079
9773 2 2 2 17 4837 4838 5140
9774 2 2 2 17 5100 5819 5866
9775 2 2 2 17 6020 4671 6021
9776 2 2 2 17 5300 4011 6526
9777 2 2 2 17 4551 4550 4552
9778 2 2 2 17 3371 3370 3372
9779 2 2 2 17 5672 4765 5685
9780 2 2 2 17 4158 4360 7623
9781 2 2 2 17 3183 6860 7544
9782 2 2 2 17 4338 4339 4340
9783 2 2 2 17 3324 3323 3325
9784 2 2 2 17 4460 4892 5743
9785 2 2 2 17 4892 4692 5790
9786 2 2 2 17 4566 4565 4575
9787 2 2 2 17 4652 4634 5342
9788 2 2 2 17 4927 5807 5808
9789 2 2 2 17 6092 4760 6096
9790 2 2 2 17 5080 4985 5291
9791 2 2 2 17 4695 5166 5226
9792 2 2 2 17 4760 6092 6095
9793 2 2 2 17 4611 4610 5209
9794 2 2 2 17 4887 6087 6088
9795 2 2 2 17 5344 6037 6038
9796 2 2 2 17 4962 4800 4963
9797 2 2 2 17 4887 6086 6087
9798 2 2 2 17 6076 6081 6082
9799 2 2 2 17 3735 3732 6112
9800 2 2 2 17 5404 5468 5470
9801 2 2 2 17 5468 5405 5469
9802 2 2 2 17 5709 5643 6032
9803 2 2 2 17 5235 4517 5236
9804 2 2 2 17 5800 6112 6113
9805 2 2 2 17 4853 4852 6008
9806 2 2 2 17 5191 4609 5573
9807 2 2 2 17 5410 5078 5411
9808 2 2 2 17 4712 4733 6081
9809 2 2 2 17 4710 4712 6081
9810 2 2 2 17 4291 5163 5345
9811 2 2 2 17 5163 4292 5164
9812 2 2 2 17 4581 4582 4674
9813 2 2 2 17 4415 4932 6258
9814 2 2 2 17 5956 5955 5957
9815 2 2 2 17 4910 5102 5301
9816 2 2 2 17 5422 5423 5552
9817 2 2 2 17 5423 5421 5425
9818 2 2 2 17 4950 4951 4952
9819 2 2 2 17 4981 5094 5705
9820 2 2 2 17 4629 4842 4843
9821 2 2 2 17 4647 5373 5406
9822 2 2 2 17 4265 4264 4266
9823 2 2 2 17 4865 4866 4867
9824 2 2 2 17 4527 4404 4528
9825 2 2 2 17 4403 4527 5538
9826 2 2 2 17 5217 5578 6904
9827 2 2 2 17 5391 4578 5392
9828 2 2 2 17 5732 5520 5733
9829 2 2 2 17 5569 4786 5570
9830 2 2 2 17 3154 6208 7358
9831 2 2 2 17 4463 5192 6096
9832 2 2 2 17 4127 4128 4129
9833 2 2 2 17 5797 3784 6959
9834 2 2 2 17 5620 4636 5756
9835 2 2 2 17 4603 5533 5534
9836 2 2 2 17 5811 4886 6120
9837 2 2 2 17 4884 4887 6120
9838 2 2 2 17 5343 4514 5344
9839 2 2 2 17 4857 5263 5735
9840 2 2 2 17 4630 4966 5451
9841 2 2 2 17 4394 5628 5629
9842 2 2 2 17 4939 5184 5915
9843 2 2 2 17 5184 4519 5630
9844 2 2 2 17 4545 4594 6100
9845 2 2 2 17 5388 5387 5390
9846 2 2 2 17 4760 4463 6096
9847 2 2 2 17 6380 3610 7085
9848 2 2 2 17 5555 5556 5560
9849 2 2 2 17 4631 5267 5375
9850 2 2 2 17 5267 4632 5484
9851 2 2 2 17 5293 4742 5294
9852 2 2 2 17 6072 5990 6073
9853 2 2 2 17 5586 5587 5590
9854 2 2 2 17 4418 4583 6062
9855 2 2 2 17 6092 6089 6095
9856 2 2 2 17 4542 4541 4543
9857 2 2 2 17 4887 4882 6086
9858 2 2 2 17 4847 4269 6386
9859 2 2 2 17 5144 4942 5971
9860 2 2 2 17 4903 4278 6105
9861 2 2 2 17 4874 5412 5823
9862 2 2 2 17 6074 4710 6081
9863 2 2 2 17 4649 5609 5611
9864 2 2 2 17 5609 4648 5610
9865 2 2 2 17 5074 5262 5439
9866 2 2 2 17 5215 5214 5216
9867 2 2 2 17 4907 5259 5260
9868 2 2 2 17 5208 4937 5844
9869 2 2 2 17 4674 6050 6252
9870 2 2 2 17 5096 5089 5431
9871 2 2 2 17 5341 5397 6040
9872 2 2 2 17 4801 5680 5878
9873 2 2 2 17 5680 4802 5681
9874 2 2 2 17 4561 4744 4745
9875 2 2 2 17 4678 4965 6050
9876 2 2 2 17 4965 4681 5794
9877 2 2 2 17 5448 4841 5737
9878 2 2 2 17 4756 5448 5933
9879 2 2 2 17 5277 4880 5815
9880 2 2 2 17 3704 6194 7159
9881 2 2 2 17 6081 4733 6082
9882 2 2 2 17 4759 6102 6103
9883 2 2 2 17 5541 5093 5542
9884 2 2 2 17 5661 5660 5662
9885 2 2 2 17 5257 4564 5258
9886 2 2 2 17 4594 5104 6100
9887 2 2 2 17 4617 5895 6066
9888 2 2 2 17 5232 5077 5233
9889 2 2 2 17 7183 6499 7435
9890 2 2 2 17 4759 6101 6102
9891 2 2 2 17 3322 3321 3323
9892 2 2 2 17 5670 4803 5671
9893 2 2 2 17 5465 4633 5466
9894 2 2 2 17 5882 5881 5883
9895 2 2 2 17 6096 5192 6097
9896 2 2 2 17 4903 6105 6106
9897 2 2 2 17 3332 3321 6224
9898 2 2 2 17 5645 4574 5646
9899 2 2 2 17 4805 4804 4806
9900 2 2 2 17 5723 5721 5724
9901 2 2 2 17 5722 5723 5725
9902 2 2 2 17 6055 6054 6319
9903 2 2 2 17 4947 4950 6253
9904 2 2 2 17 6089 6087 6095
9905 2 2 2 17 5428 5161 5696
9906 2 2 2 17 5528 5081 5529
9907 2 2 2 17 6109 4916 6110
9908 2 2 2 17 4877 5686 5688
9909 2 2 2 17 5686 4878 5687
9910 2 2 2 17 4833 5354 5437
9911 2 2 2 17 5337 5075 5338
9912 2 2 2 17 3320 5106 6224
9913 2 2 2 17 4793 4792 5288
9914 2 2 2 17 7072 4345 7291
9915 2 2 2 17 5165 4568 5664
9916 2 2 2 17 4621 4620 4622
9917 2 2 2 17 5496 5495 5497
9918 2 2 2 17 5140 4838 5141
9919 2 2 2 17 6109 4161 6133
9920 2 2 2 17 4278 4759 6105
9921 2 2 2 17 3596 3597 7164
9922 2 2 2 17 4551 4552 4946
9923 2 2 2 17 3578 3577 3579
9924 2 2 2 17 4652 5342 6094
9925 2 2 2 17 4892 5790 5791
9926 2 2 2 17 3823 3824 3825
9927 2 2 2 17 4566 4575 4576
9928 2 2 2 17 5483 6883 7380
9929 2 2 2 17 5080 5291 5482
9930 2 2 2 17 4882 3733 6086
9931 2 2 2 17 4695 5226 5703
9932 2 2 2 17 5209 4610 5285
9933 2 2 2 17 4611 5209 5210
9934 2 2 2 17 6088 6087 6089
9935 2 2 2 17 4962 4963 4964
9936 2 2 2 17 4708 4710 6074
9937 2 2 2 17 4759 4236 6101
9938 2 2 2 17 5924 360 6720
9939 2 2 2 17 4544 4545 6100
9940 2 2 2 17 5470 5468 5885
9941 2 2 2 17 5235 5236 5237
9942 2 2 2 17 4853 6008 6009
9943 2 2 2 17 5191 5573 5806
9944 2 2 2 17 5573 4609 5574
9945 2 2 2 17 5411 5078 5458
9946 2 2 2 17 5345 5163 5551
9947 2 2 2 17 5164 4292 5546
9948 2 2 2 17 4674 4582 4675
9949 2 2 2 17 4916 6109 6133
9950 2 2 2 17 5422 5552 5801
9951 2 2 2 17 5423 5425 5426
9952 2 2 2 17 4952 4951 4953
9953 2 2 2 17 4950 4952 4957
9954 2 2 2 17 5705 5094 5706
9955 2 2 2 17 4843 4842 4844
9956 2 2 2 17 4647 5406 5407
9957 2 2 2 17 4867 4866 4868
9958 2 2 2 17 5538 4527 5539
9959 2 2 2 17 3346 3347 3348
9960 2 2 2 17 5570 4786 5571
9961 2 2 2 17 4887 6088 6120
9962 2 2 2 17 5735 5263 5736
9963 2 2 2 17 4630 5451 5757
9964 2 2 2 17 5451 4966 5958
9965 2 2 2 17 4760 6095 6128
9966 2 2 2 17 5629 5628 5738
9967 2 2 2 17 5915 5184 5999
9968 2 2 2 17 6102 4161 6109
9969 2 2 2 17 5560 5556 5636
9970 2 2 2 17 5294 4742 5961
9971 2 2 2 17 5113 5116 6098
9972 2 2 2 17 4542 4543 4909
9973 2 2 2 17 5144 5971 5972
9974 2 2 2 17 5215 5216 5217
9975 2 2 2 17 3603 3601 3604
9976 2 2 2 17 4907 5260 5261
9977 2 2 2 17 5208 5844 5914
9978 2 2 2 17 5051 5049 6337
9979 2 2 2 17 5431 5089 5432
9980 2 2 2 17 3311 5650 7547
9981 2 2 2 17 5681 4802 5682
9982 2 2 2 17 4745 4744 4746
9983 2 2 2 17 6050 4965 6051
9984 2 2 2 17 5815 4880 5816
9985 2 2 2 17 4236 3757 6101
9986 2 2 2 17 6082 4733 6083
9987 2 2 2 17 6085 5111 6098
9988 2 2 2 17 6158 6099 6212
9989 2 2 2 17 4759 6103 6105
9990 2 2 2 17 6103 6102 6104
9991 2 2 2 17 5542 5093 5695
9992 2 2 2 17 5662 5660 5663
9993 2 2 2 17 5671 4803 5835
9994 2 2 2 17 5466 4633 5527
9995 2 2 2 17 5883 5881 5986
9996 2 2 2 17 6086 3789 6087
9997 2 2 2 17 5111 5113 6098
9998 2 2 2 17 4805 4806 4807
9999 2 2 2 17 6099 6098 6212
10000 2 2 2 17 5687 4878 5906
10001 2 2 2 17 4833 5437 6033
10002 2 2 2 17 5337 5338 5960
10003 2 2 2 17 6095 3789 6128
10004 2 2 2 17 4793 5288 5592
10005 2 2 2 17 5165 5664 6018
10006 2 2 2 17 4621 4622 4623
10007 2 2 2 17 5496 5497 5498
10008 2 2 2 17 5140 5141 5142
10009 2 2 2 17 4946 4552 4947
10010 2 2 2 17 4551 4946 5649
10011 2 2 2 17 5269 4585 6107
10012 2 2 2 17 4576 4575 5471
10013 2 2 2 17 5080 5482 5665
10014 2 2 2 17 5482 5291 5779
10015 2 2 2 17 5210 5209 5211
10016 2 2 2 17 6088 6089 6090
10017 2 2 2 17 4964 4963 5249
10018 2 2 2 17 5108 5111 6085
10019 2 2 2 17 5470 5885 5886
10020 2 2 2 17 3734 3789 6086
10021 2 2 2 17 5235 5237 5238
10022 2 2 2 17 5237 5236 5413
10023 2 2 2 17 5269 6107 6108
10024 2 2 2 17 4853 6009 6010
10025 2 2 2 17 6098 5116 6212
10026 2 2 2 17 5426 5425 6043
10027 2 2 2 17 4952 4953 4954
10028 2 2 2 17 4843 4844 4845
10029 2 2 2 17 4867 4868 5152
10030 2 2 2 17 6101 4161 6102
10031 2 2 2 17 4281 4603 6390
10032 2 2 2 17 5132 5959 6114
10033 2 2 2 17 4909 4543 5744
10034 2 2 2 17 4542 4909 5358
10035 2 2 2 17 5217 5216 5578
10036 2 2 2 17 4745 4746 4747
10037 2 2 2 17 6082 6083 6084
10038 2 2 2 17 6085 6098 6099
10039 2 2 2 17 6104 6102 6109
10040 2 2 2 17 5542 5695 6012
10041 2 2 2 17 4585 4420 6107
10042 2 2 2 17 6087 3789 6095
10043 2 2 2 17 3758 4161 6101
10044 2 2 2 17 4807 4806 4808
10045 2 2 2 17 4793 5592 5647
10046 2 2 2 17 5592 5288 5593
10047 2 2 2 17 4623 4622 4624
10048 2 2 2 17 5498 5497 5499
10049 2 2 2 17 5142 5141 5143
10050 2 2 2 17 5471 4575 5472
10051 2 2 2 17 5109 5132 6114
10052 2 2 2 17 5210 5211 5332
10053 2 2 2 17 6090 6089 6091
10054 2 2 2 17 5249 4963 6044
10055 2 2 2 17 4964 5249 5250
10056 2 2 2 17 5274 5409 7033
10057 2 2 2 17 5238 5237 5372
10058 2 2 2 17 4954 4953 4955
10059 2 2 2 17 4843 4845 5302
10060 2 2 2 17 4867 5152 5510
10061 2 2 2 17 5125 5112 6116
10062 2 2 2 17 5358 4909 5899
10063 2 2 2 17 3753 4277 6128
10064 2 2 2 17 4894 4713 6119
10065 2 2 2 17 5578 5216 5579
10066 2 2 2 17 5125 6116 6117
10067 2 2 2 17 4747 4746 4748
10068 2 2 2 17 6104 6109 6110
10069 2 2 2 17 4807 4808 4809
10070 2 2 2 17 4808 4806 5266
10071 2 2 2 17 4623 4624 4625
10072 2 2 2 17 5498 5499 5500
10073 2 2 2 17 5499 5497 5893
10074 2 2 2 17 4277 4760 6128
10075 2 2 2 17 5142 5143 5770
10076 2 2 2 17 5143 5141 5396
10077 2 2 2 17 5112 5110 6116
10078 2 2 2 17 3736 3753 6128
10079 2 2 2 17 5332 5211 5333
10080 2 2 2 17 5210 5332 6115
10081 2 2 2 17 6091 6089 6092
10082 2 2 2 17 4964 5250 6247
10083 2 2 2 17 4713 4711 6119
10084 2 2 2 17 3762 4397 6133
10085 2 2 2 17 4954 4955 4956
10086 2 2 2 17 5302 4845 5303
10087 2 2 2 17 4693 4085 6139
10088 2 2 2 17 4397 4916 6133
10089 2 2 2 17 5125 6117 6118
10090 2 2 2 17 4747 4748 4893
10091 2 2 2 17 3760 3762 6133
10092 2 2 2 17 6104 6110 6111
10093 2 2 2 17 4809 4808 4810
10094 2 2 2 17 5800 4693 6139
10095 2 2 2 17 4625 4624 4626
10096 2 2 2 17 5498 5500 5501
10097 2 2 2 17 5142 5770 5884
10098 2 2 2 17 5770 5143 5771
10099 2 2 2 17 4085 3737 6139
10100 2 2 2 17 5119 5114 6122
10101 2 2 2 17 4956 4955 5295
10102 2 2 2 17 5303 4845 5308
10103 2 2 2 17 5119 6122 6123
10104 2 2 2 17 5114 5125 6122
10105 2 2 2 17 5125 6118 6122
10106 2 2 2 17 4747 4893 5224
10107 2 2 2 17 4893 4748 4917
10108 2 2 2 17 4809 4810 4811
10109 2 2 2 17 4625 4626 4635
10110 2 2 2 17 4626 4624 4933
10111 2 2 2 17 5501 5500 5502
10112 2 2 2 17 4885 4889 6121
10113 2 2 2 17 6129 4855 6140
10114 2 2 2 17 4956 5295 5297
10115 2 2 2 17 4282 4616 6140
10116 2 2 2 17 5119 6123 6124
10117 2 2 2 17 4893 4917 4918
10118 2 2 2 17 4811 4810 4812
10119 2 2 2 17 4626 4933 5441
10120 2 2 2 17 5502 5500 5503
10121 2 2 2 17 4616 6129 6140
10122 2 2 2 17 6134 4425 6136
10123 2 2 2 17 5149 4200 6134
10124 2 2 2 17 4596 5175 6131
10125 2 2 2 17 4075 4282 6140
10126 2 2 2 17 5149 6134 6135
10127 2 2 2 17 4956 5297 5371
10128 2 2 2 17 6124 6123 6125
10129 2 2 2 17 4918 4917 5189
10130 2 2 2 17 4200 3788 6134
10131 2 2 2 17 4811 4812 4813
10132 2 2 2 17 5502 5503 5504
10133 2 2 2 17 4855 4276 6140
10134 2 2 2 17 4715 4894 6138
10135 2 2 2 17 6135 6134 6136
10136 2 2 2 17 6125 6123 6127
10137 2 2 2 17 6124 6125 6126
10138 2 2 2 17 4918 5189 5190
10139 2 2 2 17 4813 4812 4814
10140 2 2 2 17 5504 5503 5615
10141 2 2 2 17 5792 4895 6141
10142 2 2 2 17 4762 4719 6142
10143 2 2 2 17 4918 5190 5821
10144 2 2 2 17 4762 6142 6143
10145 2 2 2 17 4814 4812 5145
10146 2 2 2 17 4813 4814 4815
10147 2 2 2 17 4739 5417 6150
10148 2 2 2 17 4895 4428 6141
10149 2 2 2 17 4719 4717 6142
10150 2 2 2 17 6147 4761 6149
10151 2 2 2 17 6149 4761 6150
10152 2 2 2 17 4761 4739 6150
10153 2 2 2 17 4761 6147 6167
10154 2 2 2 17 5821 5190 5822
10155 2 2 2 17 5119 6124 6203
10156 2 2 2 17 4494 5149 6144
10157 2 2 2 17 4762 6143 6152
10158 2 2 2 17 4815 4814 4816
10159 2 2 2 17 6145 4727 6146
10160 2 2 2 17 6147 4727 6167
10161 2 2 2 17 4718 4727 6145
10162 2 2 2 17 4762 6152 6185
10163 2 2 2 17 6152 4732 6185
10164 2 2 2 17 6146 4727 6147
10165 2 2 2 17 4732 6152 6186
10166 2 2 2 17 4945 5197 6151
10167 2 2 2 17 6153 5122 6155
10168 2 2 2 17 5346 5123 6153
10169 2 2 2 17 5346 6153 6154
10170 2 2 2 17 6146 6147 6148
10171 2 2 2 17 4729 4732 6201
10172 2 2 2 17 5123 5120 6153
10173 2 2 2 17 6156 5130 6160
10174 2 2 2 17 4727 4720 6167
10175 2 2 2 17 4732 6186 6201
10176 2 2 2 17 5124 5130 6156
10177 2 2 2 17 6154 6153 6155
10178 2 2 2 17 6163 4763 6195
10179 2 2 2 17 6148 6147 6149
10180 2 2 2 17 3306 3304 6195
10181 2 2 2 17 695 3209 6162
10182 2 2 2 17 6161 694 6162
10183 2 2 2 17 5121 5124 6156
10184 2 2 2 17 693 694 6161
10185 2 2 2 17 3185 6181 6182
10186 2 2 2 17 4721 4762 6185
10187 2 2 2 17 6162 3209 6163
10188 2 2 2 17 3278 789 6166
10189 2 2 2 17 3185 786 6181
10190 2 2 2 17 3277 731 6165
10191 2 2 2 17 3219 751 6174
10192 2 2 2 17 3220 780 6177
10193 2 2 2 17 3304 6161 6195
10194 2 2 2 17 4763 3306 6195
10195 2 2 2 17 694 695 6162
10196 2 2 2 17 724 3210 6170
10197 2 2 2 17 753 3215 6173
10198 2 2 2 17 782 3214 6176
10199 2 2 2 17 788 3278 6178
10200 2 2 2 17 727 3200 6184
10201 2 2 2 17 4730 4761 6167
10202 2 2 2 17 6162 6163 6195
10203 2 2 2 17 6178 6180 6181
10204 2 2 2 17 3223 693 6161
10205 2 2 2 17 6178 3278 6179
10206 2 2 2 17 6181 6180 6182
10207 2 2 2 17 3302 3223 3303
10208 2 2 2 17 691 692 3302
10209 2 2 2 17 778 779 6164
10210 2 2 2 17 752 6173 6174
10211 2 2 2 17 781 6176 6177
10212 2 2 2 17 787 6178 6181
10213 2 2 2 17 3215 754 6175
10214 2 2 2 17 3295 704 6168
10215 2 2 2 17 732 3296 6165
10216 2 2 2 17 3296 733 6171
10217 2 2 2 17 790 3294 6166
10218 2 2 2 17 3294 791 6183
10219 2 2 2 17 692 3223 3302
10220 2 2 2 17 779 3220 6164
10221 2 2 2 17 692 693 3223
10222 2 2 2 17 721 722 3224
10223 2 2 2 17 750 751 3219
10224 2 2 2 17 779 780 3220
10225 2 2 2 17 695 696 3209
10226 2 2 2 17 724 725 3210
10227 2 2 2 17 753 754 3215
10228 2 2 2 17 782 783 3214
10229 2 2 2 17 698 699 3205
10230 2 2 2 17 727 728 3200
10231 2 2 2 17 756 757 3190
10232 2 2 2 17 785 786 3185
10233 2 2 2 17 701 702 3279
10234 2 2 2 17 730 731 3277
10235 2 2 2 17 759 760 3276
10236 2 2 2 17 788 789 3278
10237 2 2 2 17 703 704 3295
10238 2 2 2 17 723 724 6170
10239 2 2 2 17 732 733 3296
10240 2 2 2 17 752 753 6173
10241 2 2 2 17 761 762 3297
10242 2 2 2 17 781 782 6176
10243 2 2 2 17 787 788 6178
10244 2 2 2 17 790 791 3294
10245 2 2 2 17 726 727 6184
10246 2 2 2 17 3295 6168 6169
10247 2 2 2 17 3296 6171 6172
10248 2 2 2 17 6161 6162 6195
10249 2 2 2 17 4722 4730 6167
10250 2 2 2 17 751 752 6174
10251 2 2 2 17 780 781 6177
10252 2 2 2 17 786 787 6181
10253 2 2 2 17 704 705 6168
10254 2 2 2 17 733 734 6171
10255 2 2 2 17 791 792 6183
10256 2 2 2 17 754 755 6175
10257 2 2 2 17 789 790 6166
10258 2 2 2 17 731 732 6165
10259 2 2 2 17 690 691 6196
10260 2 2 2 17 777 778 6197
10261 2 2 2 17 4732 4726 6185
10262 2 2 2 17 6178 6179 6180
10263 2 2 2 17 3303 3223 3304
10264 2 2 2 17 4726 4723 6185
10265 2 2 2 17 691 3302 6196
10266 2 2 2 17 778 6164 6197
10267 2 2 2 17 5151 4731 6187
10268 2 2 2 17 3303 3304 3305
10269 2 2 2 17 3304 3223 6161
10270 2 2 2 17 4731 4724 6187
10271 2 2 2 17 4725 4738 6187
10272 2 2 2 17 3303 3305 3704
10273 2 2 2 17 3305 3304 3306
10274 2 2 2 17 3305 3306 3307
10275 2 2 2 17 4926 5548 6188
10276 2 2 2 17 4924 4922 6189
10277 2 2 2 17 4729 4726 4732
10278 2 2 2 17 4920 4737 4921
10279 2 2 2 17 5417 4752 5418
10280 2 2 2 17 3307 3308 3309
10281 2 2 2 17 3307 3309 3311
10282 2 2 2 17 4725 4728 4738
10283 2 2 2 17 4920 4921 4922
10284 2 2 2 17 4922 5512 6189
10285 2 2 2 17 4959 4924 6189
10286 2 2 2 17 4926 4959 4960
10287 2 2 2 17 4926 4960 5548
10288 2 2 2 17 3309 3310 3312
10289 2 2 2 17 4736 4919 5648
10290 2 2 2 17 4960 4959 5429
10291 2 2 2 17 3309 3308 3310
10292 2 2 2 17 4734 4735 4736
10293 2 2 2 17 4737 4735 6192
10294 2 2 2 17 3307 3306 3308
10295 2 2 2 17 3308 4763 6190
10296 2 2 2 17 5766 5129 5767
10297 2 2 2 17 4734 4729 4735
10298 2 2 2 17 4739 4731 4752
10299 2 2 2 17 3313 3310 3719
10300 2 2 2 17 4922 4921 5512
10301 2 2 2 17 3312 3310 3313
10302 2 2 2 17 5648 4919 5673
10303 2 2 2 17 4920 4922 4923
10304 2 2 2 17 5512 4921 5632
10305 2 2 2 17 4923 4924 4925
10306 2 2 2 17 4925 4926 6188
10307 2 2 2 17 5765 5129 5766
10308 2 2 2 17 4923 4922 4924
10309 2 2 2 17 4925 4924 4926
10310 2 2 2 17 4919 4737 4920
10311 2 2 2 17 4728 4729 4734
10312 2 2 2 17 4736 4737 4919
10313 2 2 2 17 4926 4924 4959
10314 2 2 2 17 4921 4737 6192
10315 2 2 2 17 3308 3306 4763
10316 2 2 2 17 3310 3308 6190
10317 2 2 2 17 4725 4726 4728
10318 2 2 2 17 4739 4752 5417
10319 2 2 2 17 4752 4731 5151
10320 2 2 2 17 4728 4726 4729
10321 2 2 2 17 5673 4919 6191
10322 2 2 2 17 3719 3310 6190
10323 2 2 2 17 4736 4735 4737
10324 2 2 2 17 5128 5129 5765
10325 2 2 2 17 4730 4739 4761
10326 2 2 2 17 4920 4923 6191
10327 2 2 2 17 4919 4920 6191
10328 2 2 2 17 5632 4921 6192
10329 2 2 2 17 4730 4731 4739
10330 2 2 2 17 5418 4752 6193
10331 2 2 2 17 4752 5151 6193
10332 2 2 2 17 4730 4724 4731
10333 2 2 2 17 5124 5128 5130
10334 2 2 2 17 5201 5174 5202
10335 2 2 2 17 4725 4723 4726
10336 2 2 2 17 4724 4725 6187
10337 2 2 2 17 6158 6157 6159
10338 2 2 2 17 3704 3305 6194
10339 2 2 2 17 3305 3307 6194
10340 2 2 2 17 5128 5127 5129
10341 2 2 2 17 3307 3311 6194
10342 2 2 2 17 4724 4723 4725
10343 2 2 2 17 5124 5127 5128
10344 2 2 2 17 5200 5174 5201
10345 2 2 2 17 5126 6157 6158
10346 2 2 2 17 4722 4724 4730
10347 2 2 2 17 6157 6156 6160
10348 2 2 2 17 5127 5123 5346
10349 2 2 2 17 4723 4721 6185
10350 2 2 2 17 4722 4723 4724
10351 2 2 2 17 5173 5174 5200
10352 2 2 2 17 5124 5123 5127
10353 2 2 2 17 5126 6156 6157
10354 2 2 2 17 3218 690 6196
10355 2 2 2 17 3221 777 6197
10356 2 2 2 17 4720 4722 6167
10357 2 2 2 17 4722 4721 4723
10358 2 2 2 17 6129 5769 6130
10359 2 2 2 17 5173 5172 5174
10360 2 2 2 17 5126 5121 6156
10361 2 2 2 17 5121 5123 5124
10362 2 2 2 17 688 689 6199
10363 2 2 2 17 686 687 3216
10364 2 2 2 17 715 716 3213
10365 2 2 2 17 744 745 3212
10366 2 2 2 17 773 774 3211
10367 2 2 2 17 689 690 3218
10368 2 2 2 17 718 719 3217
10369 2 2 2 17 747 748 3222
10370 2 2 2 17 776 777 3221
10371 2 2 2 17 678 679 3298
10372 2 2 2 17 707 708 3299
10373 2 2 2 17 736 737 3300
10374 2 2 2 17 765 766 3301
10375 2 2 2 17 680 681 3280
10376 2 2 2 17 683 684 3208
10377 2 2 2 17 709 710 3281
10378 2 2 2 17 712 713 3195
10379 2 2 2 17 738 739 3282
10380 2 2 2 17 741 742 3207
10381 2 2 2 17 767 768 3283
10382 2 2 2 17 770 771 3206
10383 2 2 2 17 679 680 6198
10384 2 2 2 17 708 709 6200
10385 2 2 2 17 680 3280 6198
10386 2 2 2 17 709 3281 6200
10387 2 2 2 17 689 3218 6199
10388 2 2 2 17 3298 679 6198
10389 2 2 2 17 3299 708 6200
10390 2 2 2 17 4721 4719 4762
10391 2 2 2 17 4720 4721 4722
10392 2 2 2 17 4616 5769 6129
10393 2 2 2 17 5172 4945 6151
10394 2 2 2 17 5476 4895 5792
10395 2 2 2 17 5171 5172 5173
10396 2 2 2 17 5121 5120 5123
10397 2 2 2 17 5118 5121 5126
10398 2 2 2 17 5120 5122 6153
10399 2 2 2 17 4720 4719 4721
10400 2 2 2 17 4718 4720 4727
10401 2 2 2 17 5799 4693 5800
10402 2 2 2 17 5171 4945 5172
10403 2 2 2 17 4616 5679 5769
10404 2 2 2 17 5192 4895 5476
10405 2 2 2 17 5118 5120 5121
10406 2 2 2 17 5120 5117 5122
10407 2 2 2 17 4943 4494 6144
10408 2 2 2 17 4915 4943 5575
10409 2 2 2 17 4735 4729 6201
10410 2 2 2 17 6192 4735 6201
10411 2 2 2 17 4718 4719 4720
10412 2 2 2 17 4463 4895 5192
10413 2 2 2 17 4945 4890 5197
10414 2 2 2 17 4944 4945 5171
10415 2 2 2 17 4616 4589 5679
10416 2 2 2 17 4694 4693 5799
10417 2 2 2 17 5118 5117 5120
10418 2 2 2 17 6201 6186 6202
10419 2 2 2 17 6192 6201 6202
10420 2 2 2 17 5632 6192 6202
10421 2 2 2 17 4915 4494 4943
10422 2 2 2 17 4397 4915 4916
10423 2 2 2 17 4716 4718 6145
10424 2 2 2 17 4718 4717 4719
10425 2 2 2 17 4717 6138 6142
10426 2 2 2 17 4277 4463 4760
10427 2 2 2 17 4428 4855 6141
10428 2 2 2 17 4944 4890 4945
10429 2 2 2 17 4463 4428 4895
10430 2 2 2 17 4283 4693 4694
10431 2 2 2 17 4282 4589 4616
10432 2 2 2 17 5116 5117 5118
10433 2 2 2 17 4494 4200 5149
10434 2 2 2 17 4397 4494 4915
10435 2 2 2 17 4717 4715 6138
10436 2 2 2 17 4716 4717 4718
10437 2 2 2 17 4283 4085 4693
10438 2 2 2 17 4428 4276 4855
10439 2 2 2 17 4889 4890 4944
10440 2 2 2 17 4277 4428 4463
10441 2 2 2 17 4282 4283 4589
10442 2 2 2 17 5547 5194 5719
10443 2 2 2 17 5116 5115 5117
10444 2 2 2 17 4397 4200 4494
10445 2 2 2 17 3788 4425 6134
10446 2 2 2 17 4716 4715 4717
10447 2 2 2 17 5810 4886 5811
10448 2 2 2 17 4277 4276 4428
10449 2 2 2 17 4282 4085 4283
10450 2 2 2 17 4889 4888 4890
10451 2 2 2 17 4597 5194 5547
10452 2 2 2 17 5104 6131 6132
10453 2 2 2 17 5115 5114 5119
10454 2 2 2 17 5113 5115 5116
10455 2 2 2 17 3762 4200 4397
10456 2 2 2 17 4279 4929 4961
10457 2 2 2 17 3788 4424 4425
10458 2 2 2 17 5874 5873 5904
10459 2 2 2 17 4715 4713 4894
10460 2 2 2 17 4714 4715 4716
10461 2 2 2 17 4276 4075 6140
10462 2 2 2 17 4885 4888 4889
10463 2 2 2 17 4075 4085 4282
10464 2 2 2 17 4888 4886 5810
10465 2 2 2 17 3753 4276 4277
10466 2 2 2 17 4597 4595 5194
10467 2 2 2 17 5104 4596 6131
10468 2 2 2 17 4596 4597 5175
10469 2 2 2 17 5113 5114 5115
10470 2 2 2 17 5114 5112 5125
10471 2 2 2 17 3788 3761 4424
10472 2 2 2 17 4279 4903 4929
10473 2 2 2 17 3762 3788 4200
10474 2 2 2 17 5221 5873 5874
10475 2 2 2 17 5115 5119 6203
10476 2 2 2 17 5122 5117 6203
10477 2 2 2 17 4712 4714 4733
10478 2 2 2 17 4714 4713 4715
10479 2 2 2 17 4812 4810 6204
10480 2 2 2 17 4075 3737 4085
10481 2 2 2 17 3753 4075 4276
10482 2 2 2 17 4885 4886 4888
10483 2 2 2 17 4596 4595 4597
10484 2 2 2 17 4594 4596 5104
10485 2 2 2 17 5132 5222 5959
10486 2 2 2 17 5113 5112 5114
10487 2 2 2 17 5117 5115 6203
10488 2 2 2 17 5145 4812 6204
10489 2 2 2 17 6155 5122 6205
10490 2 2 2 17 4279 4278 4903
10491 2 2 2 17 3762 3761 3788
10492 2 2 2 17 6002 5268 6003
10493 2 2 2 17 5221 5220 5873
10494 2 2 2 17 5122 6203 6205
10495 2 2 2 17 6124 6126 6205
10496 2 2 2 17 6203 6124 6205
10497 2 2 2 17 4712 4713 4714
10498 2 2 2 17 3753 3737 4075
10499 2 2 2 17 4883 4885 6121
10500 2 2 2 17 4885 4884 4886
10501 2 2 2 17 4594 4595 4596
10502 2 2 2 17 5132 5133 5222
10503 2 2 2 17 5111 5112 5113
10504 2 2 2 17 3760 3761 3762
10505 2 2 2 17 4161 3760 6133
10506 2 2 2 17 4237 4278 4279
10507 2 2 2 17 4278 4236 4759
10508 2 2 2 17 5220 4421 5622
10509 2 2 2 17 5156 5268 6002
10510 2 2 2 17 4840 5220 5221
10511 2 2 2 17 5268 4585 5269
10512 2 2 2 17 5640 4940 5641
10513 2 2 2 17 4711 5134 6119
10514 2 2 2 17 4712 4711 4713
10515 2 2 2 17 6076 6074 6081
10516 2 2 2 17 3789 3736 6128
10517 2 2 2 17 4883 4884 4885
10518 2 2 2 17 4884 4882 4887
10519 2 2 2 17 3736 3737 3753
10520 2 2 2 17 3737 3735 6139
10521 2 2 2 17 4594 4593 4595
10522 2 2 2 17 5132 5131 5133
10523 2 2 2 17 5110 6114 6116
10524 2 2 2 17 5111 5110 5112
10525 2 2 2 17 3758 3760 4161
10526 2 2 2 17 3760 3759 3761
10527 2 2 2 17 4237 4236 4278
10528 2 2 2 17 5896 4619 5913
10529 2 2 2 17 4420 4840 6107
10530 2 2 2 17 4840 4421 5220
10531 2 2 2 17 5156 4585 5268
10532 2 2 2 17 4914 4940 5640
10533 2 2 2 17 6075 6074 6076
10534 2 2 2 17 4711 4709 5134
10535 2 2 2 17 4710 4711 4712
10536 2 2 2 17 4883 4882 4884
10537 2 2 2 17 3736 3735 3737
10538 2 2 2 17 3734 3736 3789
10539 2 2 2 17 4638 5416 5526
10540 2 2 2 17 4545 4593 4594
10541 2 2 2 17 5109 5131 5132
10542 2 2 2 17 5108 5110 5111
10543 2 2 2 17 5110 5109 6114
10544 2 2 2 17 4808 5266 6206
10545 2 2 2 17 4810 4808 6206
10546 2 2 2 17 3758 3759 3760
10547 2 2 2 17 4235 4236 4237
10548 2 2 2 17 5651 4606 5652
10549 2 2 2 17 5895 4619 5896
10550 2 2 2 17 5168 5651 5653
10551 2 2 2 17 4151 4585 5156
10552 2 2 2 17 4420 4421 4840
10553 2 2 2 17 4419 4914 5786
10554 2 2 2 17 4914 4856 4940
10555 2 2 2 17 6219 6145 6220
10556 2 2 2 17 6204 4810 6206
10557 2 2 2 17 5116 5118 6212
10558 2 2 2 17 5126 6158 6212
10559 2 2 2 17 4624 4622 6210
10560 2 2 2 17 4933 6210 6211
10561 2 2 2 17 4751 6074 6075
10562 2 2 2 17 4710 4709 4711
10563 2 2 2 17 5143 5396 6209
10564 2 2 2 17 3734 3735 3736
10565 2 2 2 17 4881 4882 4883
10566 2 2 2 17 5771 5143 6209
10567 2 2 2 17 4545 4592 4593
10568 2 2 2 17 4638 5415 5416
10569 2 2 2 17 5415 4544 6100
10570 2 2 2 17 5109 5107 5131
10571 2 2 2 17 5108 5109 5110
10572 2 2 2 17 4933 4624 6210
10573 2 2 2 17 4745 4747 6213
10574 2 2 2 17 6213 5224 6214
10575 2 2 2 17 6062 4583 6227
10576 2 2 2 17 5118 5126 6212
10577 2 2 2 17 4747 5224 6213
10578 2 2 2 17 4829 4833 6249
10579 2 2 2 17 3757 3758 6101
10580 2 2 2 17 3758 3585 3759
10581 2 2 2 17 4235 3757 4236
10582 2 2 2 17 4410 5168 6027
10583 2 2 2 17 4617 4619 5895
10584 2 2 2 17 5168 4606 5651
10585 2 2 2 17 4151 4420 4585
10586 2 2 2 17 4691 6055 6056
10587 2 2 2 17 4420 4066 4421
10588 2 2 2 17 4845 4844 6215
10589 2 2 2 17 6215 4844 6216
10590 2 2 2 17 4856 4418 6062
10591 2 2 2 17 4419 4856 4914
10592 2 2 2 17 5308 4845 6215
10593 2 2 2 17 5496 5498 6217
10594 2 2 2 17 4830 4829 4831
10595 2 2 2 17 4707 4751 5298
10596 2 2 2 17 4751 4708 6074
10597 2 2 2 17 4708 4709 4710
10598 2 2 2 17 3733 3734 6086
10599 2 2 2 17 3734 3732 3735
10600 2 2 2 17 4881 3733 4882
10601 2 2 2 17 4545 4185 4592
10602 2 2 2 17 4638 4544 5415
10603 2 2 2 17 5106 5108 6085
10604 2 2 2 17 5108 5107 5109
10605 2 2 2 17 5498 5501 6217
10606 2 2 2 17 3757 3585 3758
10607 2 2 2 17 3584 3757 4235
10608 2 2 2 17 4410 4606 5168
10609 2 2 2 17 4617 4618 4619
10610 2 2 2 17 4151 4066 4420
10611 2 2 2 17 4691 6054 6055
10612 2 2 2 17 6083 4733 6219
10613 2 2 2 17 4419 4418 4856
10614 2 2 2 17 4733 4714 6219
10615 2 2 2 17 4716 6145 6219
10616 2 2 2 17 5527 6077 6221
10617 2 2 2 17 6083 6219 6220
10618 2 2 2 17 6085 6099 6224
10619 2 2 2 17 4050 4051 4052
10620 2 2 2 17 6231 6232 6233
10621 2 2 2 17 3171 6044 6331
10622 2 2 2 17 4708 4706 4709
10623 2 2 2 17 4707 4708 4751
10624 2 2 2 17 3731 3733 4881
10625 2 2 2 17 3733 3732 3734
10626 2 2 2 17 4184 4544 4638
10627 2 2 2 17 4544 4185 4545
10628 2 2 2 17 5106 5107 5108
10629 2 2 2 17 3533 6267 7453
10630 2 2 2 17 4714 4716 6219
10631 2 2 2 17 6145 6146 6220
10632 2 2 2 17 4749 6275 7124
10633 2 2 2 17 470 469 6243
10634 2 2 2 17 550 549 6238
10635 2 2 2 17 626 625 6234
10636 2 2 2 17 646 645 6235
10637 2 2 2 17 560 559 6230
10638 2 2 2 17 390 389 6236
10639 2 2 2 17 628 627 6242
10640 2 2 2 17 570 569 6239
10641 2 2 2 17 491 490 6237
10642 2 2 2 17 612 611 6266
10643 2 2 2 17 3584 3585 3757
10644 2 2 2 17 4410 4400 4606
10645 2 2 2 17 4617 4088 4618
10646 2 2 2 17 4400 4617 6066
10647 2 2 2 17 4691 3715 6054
10648 2 2 2 17 3715 4066 4151
10649 2 2 2 17 4957 6222 6223
10650 2 2 2 17 4957 4952 6222
10651 2 2 2 17 4666 4668 6368
10652 2 2 2 17 4952 4954 6222
10653 2 2 2 17 4985 4982 6286
10654 2 2 2 17 4418 4139 4583
10655 2 2 2 17 4065 4418 4419
10656 2 2 2 17 5106 6085 6224
10657 2 2 2 17 4575 4565 6228
10658 2 2 2 17 384 383 6315
10659 2 2 2 17 3255 5911 6312
10660 2 2 2 17 3835 3836 3837
10661 2 2 2 17 5798 3290 7200
10662 2 2 2 17 4527 4528 6229
10663 2 2 2 17 3424 3425 3426
10664 2 2 2 17 5793 3297 7181
10665 2 2 2 17 6110 4916 6254
10666 2 2 2 17 4788 4789 4790
10667 2 2 2 17 6231 6230 6232
10668 2 2 2 17 6312 5261 6396
10669 2 2 2 17 3950 3949 3951
10670 2 2 2 17 5539 4527 6229
10671 2 2 2 17 5472 4575 6228
10672 2 2 2 17 4817 4816 4818
10673 2 2 2 17 5646 4574 6303
10674 2 2 2 17 4707 4706 4708
10675 2 2 2 17 4620 5165 6248
10676 2 2 2 17 3731 3732 3733
10677 2 2 2 17 3732 3422 6112
10678 2 2 2 17 4184 4185 4544
10679 2 2 2 17 5106 5105 5107
10680 2 2 2 17 4819 4818 4820
10681 2 2 2 17 4833 6033 6249
10682 2 2 2 17 710 711 6251
10683 2 2 2 17 4444 4243 4445
10684 2 2 2 17 3187 553 6546
10685 2 2 2 17 4622 4620 6248
10686 2 2 2 17 3321 3320 6224
10687 2 2 2 17 3699 3751 7310
10688 2 2 2 17 5406 6382 6644
10689 2 2 2 17 5895 3222 7285
10690 2 2 2 17 4950 4957 6253
10691 2 2 2 17 5727 5138 7067
10692 2 2 2 17 5961 5391 7287
10693 2 2 2 17 5742 5494 7323
10694 2 2 2 17 4899 4561 6257
10695 2 2 2 17 3550 3551 3552
10696 2 2 2 17 4915 5575 6254
10697 2 2 2 17 3748 3747 3798
10698 2 2 2 17 5536 4496 5537
10699 2 2 2 17 3675 3678 7402
10700 2 2 2 17 6630 5805 7173
10701 2 2 2 17 3464 3584 6047
10702 2 2 2 17 4048 4089 7270
10703 2 2 2 17 4561 4745 6257
10704 2 2 2 17 3584 3469 3585
10705 2 2 2 17 4988 4986 6260
10706 2 2 2 17 5375 5267 7198
10707 2 2 2 17 3388 3389 3390
10708 2 2 2 17 4400 4088 4617
10709 2 2 2 17 3779 4400 4410
10710 2 2 2 17 4018 3991 4019
10711 2 2 2 17 3529 3715 4691
10712 2 2 2 17 3715 3714 4066
10713 2 2 2 17 4458 4457 4459
10714 2 2 2 17 4469 4470 4471
10715 2 2 2 17 3460 3457 6897
10716 2 2 2 17 4709 4706 5876
10717 2 2 2 17 4969 6381 6788
10718 2 2 2 17 5071 5069 6294
10719 2 2 2 17 5084 5085 6372
10720 2 2 2 17 4061 4062 4063
10721 2 2 2 17 5442 3487 7519
10722 2 2 2 17 4548 4166 6031
10723 2 2 2 17 5951 4832 6277
10724 2 2 2 17 6050 6051 6252
10725 2 2 2 17 3232 6525 7092
10726 2 2 2 17 4540 4542 6264
10727 2 2 2 17 5975 6208 6739
10728 2 2 2 17 632 3262 6512
10729 2 2 2 17 3926 6763 6764
10730 2 2 2 17 5234 5235 6255
10731 2 2 2 17 5389 7154 7170
10732 2 2 2 17 6255 5238 6256
10733 2 2 2 17 3162 6020 6710
10734 2 2 2 17 6210 4622 6248
10735 2 2 2 17 6356 7099 7486
10736 2 2 2 17 5638 3418 6775
10737 2 2 2 17 3281 710 6251
10738 2 2 2 17 6590 4891 6596
10739 2 2 2 17 4334 4335 4336
10740 2 2 2 17 4986 5080 6260
10741 2 2 2 17 5285 6258 6259
10742 2 2 2 17 4065 4139 4418
10743 2 2 2 17 4139 3755 4967
10744 2 2 2 17 5558 6262 6263
10745 2 2 2 17 3960 3959 3961
10746 2 2 2 17 4442 5555 7148
10747 2 2 2 17 6588 5133 6594
10748 2 2 2 17 3171 6331 6398
10749 2 2 2 17 6030 4879 6361
10750 2 2 2 17 4968 6028 6954
10751 2 2 2 17 4784 4787 4788
10752 2 2 2 17 3962 3961 3963
10753 2 2 2 17 5488 5490 6402
10754 2 2 2 17 4671 4581 6285
10755 2 2 2 17 4946 4947 6253
10756 2 2 2 17 5908 5831 7144
10757 2 2 2 17 6243 3194 6426
10758 2 2 2 17 7255 6532 7500
10759 2 2 2 17 3152 6215 7219
10760 2 2 2 17 4916 4915 6254
10761 2 2 2 17 4839 6366 6367
10762 2 2 2 17 3983 6675 7272
10763 2 2 2 17 5662 5663 6439
10764 2 2 2 17 5235 5238 6255
10765 2 2 2 17 4745 6213 6257
10766 2 2 2 17 6387 5190 7207
10767 2 2 2 17 3450 3447 7357
10768 2 2 2 17 3779 4410 5877
10769 2 2 2 17 4581 4674 6285
10770 2 2 2 17 4465 4466 4467
10771 2 2 2 17 5705 5706 7167
10772 2 2 2 17 3287 6230 6231
10773 2 2 2 17 4982 4981 6286
10774 2 2 2 17 5080 5665 6260
10775 2 2 2 17 6229 4540 6264
10776 2 2 2 17 5636 5556 6261
10777 2 2 2 17 4358 4357 6408
10778 2 2 2 17 4542 5358 6264
10779 2 2 2 17 5172 6151 6300
10780 2 2 2 17 5202 5174 6300
10781 2 2 2 17 633 632 6512
10782 2 2 2 17 6108 6107 6304
10783 2 2 2 17 4815 4816 4817
10784 2 2 2 17 5097 5096 5549
10785 2 2 2 17 4052 4053 4054
10786 2 2 2 17 6266 3182 6918
10787 2 2 2 17 4840 5221 6304
10788 2 2 2 17 3580 3579 3581
10789 2 2 2 17 5215 5217 5742
10790 2 2 2 17 6025 4791 6313
10791 2 2 2 17 4981 5705 6286
10792 2 2 2 17 5161 4464 6279
10793 2 2 2 17 5560 6943 7205
10794 2 2 2 17 5666 5243 7187
10795 2 2 2 17 4705 4706 4707
10796 2 2 2 17 4618 4088 6478
10797 2 2 2 17 5134 4709 5876
10798 2 2 2 17 3331 3336 7509
10799 2 2 2 17 4940 4856 6307
10800 2 2 2 17 553 552 6546
10801 2 2 2 17 3731 3422 3732
10802 2 2 2 17 4184 3746 4185
10803 2 2 2 17 6055 4424 6495
10804 2 2 2 17 6892 6891 6976
10805 2 2 2 17 4880 4252 6282
10806 2 2 2 17 5706 5094 6270
10807 2 2 2 17 4324 4325 4326
10808 2 2 2 17 5490 5496 6402
10809 2 2 2 17 4520 5208 6339
10810 2 2 2 17 3857 4221 7572
10811 2 2 2 17 5270 4705 5965
10812 2 2 2 17 4612 4004 5147
10813 2 2 2 17 3815 3851 7074
10814 2 2 2 17 3320 5105 5106
10815 2 2 2 17 3284 5788 6580
10816 2 2 2 17 6255 3198 6598
10817 2 2 2 17 5291 4985 6286
10818 2 2 2 17 5600 5598 6529
10819 2 2 2 17 3952 3951 3953
10820 2 2 2 17 716 717 6316
10821 2 2 2 17 5709 6032 6414
10822 2 2 2 17 5869 6989 7193
10823 2 2 2 17 4947 4948 4949
10824 2 2 2 17 4791 4793 6313
10825 2 2 2 17 5566 3508 6705
10826 2 2 2 17 3338 3335 6496
10827 2 2 2 17 5156 6002 6319
10828 2 2 2 17 6239 5649 6673
10829 2 2 2 17 4689 4688 4904
10830 2 2 2 17 6331 4898 6398
10831 2 2 2 17 4123 5996 7037
10832 2 2 2 17 6291 6053 6292
10833 2 2 2 17 5307 6770 7424
10834 2 2 2 17 723 6170 6318
10835 2 2 2 17 3224 722 6318
10836 2 2 2 17 3937 3940 7436
10837 2 2 2 17 6400 4848 6878
10838 2 2 2 17 5962 6053 6291
10839 2 2 2 17 6296 5257 6297
10840 2 2 2 17 3956 3955 3957
10841 2 2 2 17 5243 6584 6881
10842 2 2 2 17 4521 4520 6339
10843 2 2 2 17 3451 3450 6679
10844 2 2 2 17 5794 6250 6268
10845 2 2 2 17 745 746 6322
10846 2 2 2 17 4291 5345 6386
10847 2 2 2 17 5355 5300 5607
10848 2 2 2 17 6112 3422 6113
10849 2 2 2 17 4340 4341 4342
10850 2 2 2 17 3584 4235 6047
10851 2 2 2 17 5841 5772 7598
10852 2 2 2 17 3209 6469 6588
10853 2 2 2 17 4163 4253 4534
10854 2 2 2 17 3803 3805 7330
10855 2 2 2 17 6021 4671 6285
10856 2 2 2 17 5307 3773 6516
10857 2 2 2 17 4063 4107 4108
10858 2 2 2 17 5816 4880 6282
10859 2 2 2 17 4861 4281 6390
10860 2 2 2 17 5424 5420 6410
10861 2 2 2 17 3837 3838 3839
10862 2 2 2 17 6685 3675 7402
10863 2 2 2 17 3712 3608 6380
10864 2 2 2 17 3956 5773 6519
10865 2 2 2 17 749 750 6326
10866 2 2 2 17 6584 6771 6881
10867 2 2 2 17 6667 3852 6729
10868 2 2 2 17 6426 5262 7539
10869 2 2 2 17 5549 5096 6329
10870 2 2 2 17 5475 4258 5909
10871 2 2 2 17 6340 4093 6656
10872 2 2 2 17 3442 3441 3443
10873 2 2 2 17 4937 5918 6289
10874 2 2 2 17 5795 4358 6927
10875 2 2 2 17 3326 3325 3327
10876 2 2 2 17 4522 4521 4523
10877 2 2 2 17 3240 384 6315
10878 2 2 2 17 4225 4229 7290
10879 2 2 2 17 3478 5718 7472
10880 2 2 2 17 5844 4937 6289
10881 2 2 2 17 4938 5257 6296
10882 2 2 2 17 3837 5474 7615
10883 2 2 2 17 6473 6607 7354
10884 2 2 2 17 6364 3740 7027
10885 2 2 2 17 4772 4773 4774
10886 2 2 2 17 3486 3485 3743
10887 2 2 2 17 7115 5505 7228
10888 2 2 2 17 645 3199 6235
10889 2 2 2 17 3292 626 6234
10890 2 2 2 17 3287 560 6230
10891 2 2 2 17 389 3204 6236
10892 2 2 2 17 490 3293 6237
10893 2 2 2 17 627 3292 6242
10894 2 2 2 17 569 3291 6239
10895 2 2 2 17 611 3182 6266
10896 2 2 2 17 549 3188 6238
10897 2 2 2 17 3286 470 6243
10898 2 2 2 17 3964 3963 3969
10899 2 2 2 17 6044 4963 6331
10900 2 2 2 17 5096 5431 6329
10901 2 2 2 17 5554 5557 6373
10902 2 2 2 17 5906 4878 6309
10903 2 2 2 17 6056 6055 6495
10904 2 2 2 17 4112 5509 7606
10905 2 2 2 17 3251 6261 6373
10906 2 2 2 17 3803 3802 3804
10907 2 2 2 17 5579 5216 6338
10908 2 2 2 17 5599 5601 6333
10909 2 2 2 17 5087 5242 6348
10910 2 2 2 17 3742 3698 6481
10911 2 2 2 17 4475 4476 4477
10912 2 2 2 17 3562 5817 5818
10913 2 2 2 17 3279 702 6344
10914 2 2 2 17 703 3295 6344
10915 2 2 2 17 5607 6767 7532
10916 2 2 2 17 3348 3349 3350
10917 2 2 2 17 4661 4660 4662
10918 2 2 2 17 5906 3273 7240
10919 2 2 2 17 4674 6252 6285
10920 2 2 2 17 5295 4955 5296
10921 2 2 2 17 5174 5172 6300
10922 2 2 2 17 3464 3469 3584
10923 2 2 2 17 5527 6221 7360
10924 2 2 2 17 5086 5083 7363
10925 2 2 2 17 3779 4088 4400
10926 2 2 2 17 638 6007 6288
10927 2 2 2 17 5375 7198 7329
10928 2 2 2 17 3529 3714 3715
10929 2 2 2 17 5744 4543 6397
10930 2 2 2 17 6054 5156 6319
10931 2 2 2 17 4878 4876 6309
10932 2 2 2 17 6075 6199 6852
10933 2 2 2 17 586 6207 6281
10934 2 2 2 17 4876 4875 6310
10935 2 2 2 17 4399 5340 5341
10936 2 2 2 17 6107 4840 6304
10937 2 2 2 17 6175 755 6362
10938 2 2 2 17 756 3190 6362
10939 2 2 2 17 4452 4451 4453
10940 2 2 2 17 3710 3604 4254
10941 2 2 2 17 5983 5981 7551
10942 2 2 2 17 3582 3581 3605
10943 2 2 2 17 3385 3380 7558
10944 2 2 2 17 4255 5717 7608
10945 2 2 2 17 5093 5092 6335
10946 2 2 2 17 5757 6321 7233
10947 2 2 2 17 5644 4557 7121
10948 2 2 2 17 421 6263 7212
10949 2 2 2 17 3373 3372 3374
10950 2 2 2 17 4868 4866 5729
10951 2 2 2 17 776 3221 6375
10952 2 2 2 17 5049 5074 6337
10953 2 2 2 17 3845 3847 3848
10954 2 2 2 17 6111 740 7364
10955 2 2 2 17 6122 6118 6378
10956 2 2 2 17 6127 6123 6378
10957 2 2 2 17 4066 3714 6381
10958 2 2 2 17 6546 5226 7032
10959 2 2 2 17 5615 6323 6324
10960 2 2 2 17 6305 4072 7103
10961 2 2 2 17 5496 6217 6402
10962 2 2 2 17 4547 4166 4548
10963 2 2 2 17 5556 5554 6373
10964 2 2 2 17 3330 3488 7142
10965 2 2 2 17 5622 4421 6381
10966 2 2 2 17 3467 3470 6415
10967 2 2 2 17 5173 5200 5967
10968 2 2 2 17 3404 3402 3405
10969 2 2 2 17 4856 6062 6307
10970 2 2 2 17 5089 5087 6348
10971 2 2 2 17 7241 4074 7589
10972 2 2 2 17 4528 4529 4530
10973 2 2 2 17 6048 5579 6338
10974 2 2 2 17 3792 5459 7186
10975 2 2 2 17 4408 4273 5367
10976 2 2 2 17 5092 5776 6335
10977 2 2 2 17 4793 5647 6313
10978 2 2 2 17 6694 6828 7498
10979 2 2 2 17 6233 6232 6615
10980 2 2 2 17 3280 681 6403
10981 2 2 2 17 5415 6100 6420
10982 2 2 2 17 3608 3609 3610
10983 2 2 2 17 701 3279 6405
10984 2 2 2 17 4960 5429 6093
10985 2 2 2 17 3523 3343 6873
10986 2 2 2 17 3213 716 6316
10987 2 2 2 17 5941 5620 7442
10988 2 2 2 17 5664 6030 6361
10989 2 2 2 17 4603 5534 6390
10990 2 2 2 17 3782 5701 5702
10991 2 2 2 17 5993 4910 6471
10992 2 2 2 17 3529 4691 6415
10993 2 2 2 17 4228 4532 5760
10994 2 2 2 17 5438 4117 6849
10995 2 2 2 17 5074 5439 6337
10996 2 2 2 17 5356 5324 6267
10997 2 2 2 17 6353 6067 7007
10998 2 2 2 17 6357 4539 6790
10999 2 2 2 17 5428 5696 6287
11000 2 2 2 17 3996 4168 6225
11001 2 2 2 17 5214 5591 6338
11002 2 2 2 17 4565 4521 6339
11003 2 2 2 17 6442 5846 7594
11004 2 2 2 17 4538 4459 4613
11005 2 2 2 17 6175 5641 7324
11006 2 2 2 17 5599 6333 6334
11007 2 2 2 17 722 723 6318
11008 2 2 2 17 3288 5941 7009
11009 2 2 2 17 4629 7133 7290
11010 2 2 2 17 4357 4839 6408
11011 2 2 2 17 5492 5905 6904
11012 2 2 2 17 5882 5883 6807
11013 2 2 2 17 3552 3554 3555
11014 2 2 2 17 4427 6849 7238
11015 2 2 2 17 5823 3244 7612
11016 2 2 2 17 3446 3445 3447
11017 2 2 2 17 3858 3859 3860
11018 2 2 2 17 6029 6330 6791
11019 2 2 2 17 3205 699 6427
11020 2 2 2 17 3548 4065 5979
11021 2 2 2 17 4065 3755 4139
11022 2 2 2 17 6154 6155 7418
11023 2 2 2 17 5104 6132 6420
11024 2 2 2 17 3970 3969 3979
11025 2 2 2 17 6010 3145 7381
11026 2 2 2 17 647 646 6052
11027 2 2 2 17 639 638 6288
11028 2 2 2 17 466 465 3226
11029 2 2 2 17 554 553 3187
11030 2 2 2 17 546 545 3225
11031 2 2 2 17 474 473 3193
11032 2 2 2 17 460 459 3227
11033 2 2 2 17 540 539 3228
11034 2 2 2 17 637 31 3230
11035 2 2 2 17 32 656 3166
11036 2 2 2 17 542 541 6061
11037 2 2 2 17 485 484 3192
11038 2 2 2 17 399 398 3201
11039 2 2 2 17 391 390 3290
11040 2 2 2 17 571 570 3175
11041 2 2 2 17 479 478 3191
11042 2 2 2 17 659 658 3238
11043 2 2 2 17 503 502 3152
11044 2 2 2 17 622 621 3184
11045 2 2 2 17 411 410 6269
11046 2 2 2 17 579 578 3247
11047 2 2 2 17 443 442 3249
11048 2 2 2 17 523 522 3248
11049 2 2 2 17 423 422 3162
11050 2 2 2 17 417 20 3163
11051 2 2 2 17 497 24 3153
11052 2 2 2 17 517 25 3275
11053 2 2 2 17 437 21 3272
11054 2 2 2 17 446 445 3158
11055 2 2 2 17 526 525 3148
11056 2 2 2 17 591 590 3271
11057 2 2 2 17 420 419 3251
11058 2 2 2 17 359 358 3170
11059 2 2 2 17 440 439 3159
11060 2 2 2 17 520 519 3149
11061 2 2 2 17 587 586 6281
11062 2 2 2 17 365 364 3171
11063 2 2 2 17 559 558 3186
11064 2 2 2 17 379 378 3243
11065 2 2 2 17 662 661 3167
11066 2 2 2 17 362 361 3254
11067 2 2 2 17 506 505 3241
11068 2 2 2 17 599 598 3180
11069 2 2 2 17 564 563 3189
11070 2 2 2 17 400 399 6287
11071 2 2 2 17 632 631 3262
11072 2 2 2 17 492 491 3154
11073 2 2 2 17 605 604 3181
11074 2 2 2 17 382 381 3174
11075 2 2 2 17 500 499 3258
11076 2 2 2 17 619 618 3244
11077 2 2 2 17 629 628 3198
11078 2 2 2 17 602 601 3256
11079 2 2 2 17 582 581 3177
11080 2 2 2 17 488 487 3232
11081 2 2 2 17 567 566 3239
11082 2 2 2 17 371 370 3172
11083 2 2 2 17 405 404 3202
11084 2 2 2 17 426 425 3245
11085 2 2 2 17 625 624 3253
11086 2 2 2 17 636 635 6276
11087 2 2 2 17 561 560 3287
11088 2 2 2 17 665 664 3242
11089 2 2 2 17 412 411 3164
11090 2 2 2 17 611 610 3182
11091 2 2 2 17 490 489 3293
11092 2 2 2 17 594 593 3179
11093 2 2 2 17 585 584 3233
11094 2 2 2 17 389 388 3204
11095 2 2 2 17 452 451 3157
11096 2 2 2 17 532 531 3147
11097 2 2 2 17 512 511 3250
11098 2 2 2 17 374 373 3263
11099 2 2 2 17 385 384 3240
11100 2 2 2 17 671 670 3257
11101 2 2 2 17 18 376 3173
11102 2 2 2 17 482 481 3234
11103 2 2 2 17 29 596 3267
11104 2 2 2 17 635 634 3196
11105 2 2 2 17 30 616 3183
11106 2 2 2 17 515 514 3150
11107 2 2 2 17 535 534 3269
11108 2 2 2 17 455 454 3268
11109 2 2 2 17 432 431 3255
11110 2 2 2 17 435 434 3160
11111 2 2 2 17 614 613 3274
11112 2 2 2 17 449 448 3264
11113 2 2 2 17 529 528 3265
11114 2 2 2 17 402 401 3246
11115 2 2 2 17 409 408 3235
11116 2 2 2 17 608 607 3259
11117 2 2 2 17 368 367 3266
11118 2 2 2 17 509 508 3151
11119 2 2 2 17 429 428 3161
11120 2 2 2 17 407 406 3288
11121 2 2 2 17 394 393 3203
11122 2 2 2 17 415 414 3273
11123 2 2 2 17 387 386 3289
11124 2 2 2 17 588 587 3178
11125 2 2 2 17 674 673 3169
11126 2 2 2 17 645 644 3199
11127 2 2 2 17 19 396 3260
11128 2 2 2 17 574 573 3252
11129 2 2 2 17 495 494 3261
11130 2 2 2 17 17 676 3270
11131 2 2 2 17 28 576 3176
11132 2 2 2 17 627 626 3292
11133 2 2 2 17 613 612 6265
11134 2 2 2 17 616 615 6048
11135 2 2 2 17 569 568 3291
11136 2 2 2 17 23 476 3236
11137 2 2 2 17 668 667 3168
11138 2 2 2 17 457 22 3156
11139 2 2 2 17 537 26 3146
11140 2 2 2 17 640 639 3197
11141 2 2 2 17 27 556 3237
11142 2 2 2 17 651 650 3165
11143 2 2 2 17 648 647 3229
11144 2 2 2 17 551 550 3285
11145 2 2 2 17 463 462 3155
11146 2 2 2 17 549 548 3188
11147 2 2 2 17 654 653 3231
11148 2 2 2 17 469 468 3194
11149 2 2 2 17 643 642 3284
11150 2 2 2 17 543 542 3145
11151 2 2 2 17 471 470 3286
11152 2 2 2 17 4207 4321 4322
11153 2 2 2 17 5181 6280 7074
11154 2 2 2 17 3701 3542 7299
11155 2 2 2 17 4766 6293 6388
11156 2 2 2 17 3212 745 6322
11157 2 2 2 17 3839 3840 3841
11158 2 2 2 17 5615 5503 6323
11159 2 2 2 17 3162 6262 7224
11160 2 2 2 17 5432 6348 6349
11161 2 2 2 17 5591 4861 6390
11162 2 2 2 17 6594 5133 6608
11163 2 2 2 17 4778 4779 4780
11164 2 2 2 17 6781 5750 7518
11165 2 2 2 17 4628 4630 6401
11166 2 2 2 17 5271 5837 7635
11167 2 2 2 17 6346 3286 7104
11168 2 2 2 17 4784 4782 4787
11169 2 2 2 17 5266 4806 6440
11170 2 2 2 17 6251 6154 7418
11171 2 2 2 17 6263 421 7316
11172 2 2 2 17 6114 5959 6446
11173 2 2 2 17 6117 6116 6446
11174 2 2 2 17 3597 3598 3599
11175 2 2 2 17 3606 3605 3727
11176 2 2 2 17 4509 5516 6940
11177 2 2 2 17 5420 5422 6410
11178 2 2 2 17 4297 5352 6619
11179 2 2 2 17 6411 5732 7223
11180 2 2 2 17 6935 6308 6941
11181 2 2 2 17 3693 6538 6744
11182 2 2 2 17 5274 7033 7499
11183 2 2 2 17 4168 4871 4872
11184 2 2 2 17 4800 4898 6331
11185 2 2 2 17 4839 6365 6366
11186 2 2 2 17 7282 7283 7529
11187 2 2 2 17 5401 4740 5783
11188 2 2 2 17 5226 5166 7032
11189 2 2 2 17 4515 6309 6310
11190 2 2 2 17 6309 4876 6310
11191 2 2 2 17 4326 4327 4328
11192 2 2 2 17 6025 6313 6458
11193 2 2 2 17 4409 4011 5300
11194 2 2 2 17 5383 6000 6001
11195 2 2 2 17 5133 5131 6608
11196 2 2 2 17 5702 5701 6317
11197 2 2 2 17 750 3219 6326
11198 2 2 2 17 5881 5879 6433
11199 2 2 2 17 5872 4836 6416
11200 2 2 2 17 6216 4844 6454
11201 2 2 2 17 4454 4453 4455
11202 2 2 2 17 3664 3665 7469
11203 2 2 2 17 5647 5592 6435
11204 2 2 2 17 3721 3583 5887
11205 2 2 2 17 3426 3427 3428
11206 2 2 2 17 3211 774 6457
11207 2 2 2 17 4803 4361 6434
11208 2 2 2 17 4836 4659 6416
11209 2 2 2 17 438 5884 7237
11210 2 2 2 17 4312 4314 4315
11211 2 2 2 17 4963 4800 6331
11212 2 2 2 17 510 509 6311
11213 2 2 2 17 433 432 6312
11214 2 2 2 17 698 3205 6463
11215 2 2 2 17 4634 5393 6336
11216 2 2 2 17 5351 5537 7112
11217 2 2 2 17 4593 5621 6063
11218 2 2 2 17 5432 6349 6628
11219 2 2 2 17 4286 4285 4287
11220 2 2 2 17 4826 6519 7629
11221 2 2 2 17 383 382 6314
11222 2 2 2 17 4842 4628 6401
11223 2 2 2 17 4983 4982 4984
11224 2 2 2 17 6336 3157 6966
11225 2 2 2 17 4158 4359 4360
11226 2 2 2 17 3805 3804 3806
11227 2 2 2 17 7011 6143 7049
11228 2 2 2 17 3390 3391 3392
11229 2 2 2 17 559 3186 6230
11230 2 2 2 17 625 3253 6234
11231 2 2 2 17 3290 390 6236
11232 2 2 2 17 3198 628 6242
11233 2 2 2 17 3175 570 6239
11234 2 2 2 17 6052 646 6235
11235 2 2 2 17 3154 491 6237
11236 2 2 2 17 6265 612 6266
11237 2 2 2 17 3285 550 6238
11238 2 2 2 17 469 3194 6243
11239 2 2 2 17 5899 3165 7118
11240 2 2 2 17 4892 5791 6443
11241 2 2 2 17 5710 6786 7439
11242 2 2 2 17 4067 4134 5981
11243 2 2 2 17 5577 5199 6998
11244 2 2 2 17 5957 5955 6376
11245 2 2 2 17 3408 3407 3409
11246 2 2 2 17 3630 3631 3632
11247 2 2 2 17 5342 4634 6336
11248 2 2 2 17 5274 5276 5409
11249 2 2 2 17 5695 5093 6335
11250 2 2 2 17 3465 3466 3467
11251 2 2 2 17 6480 6892 6976
11252 2 2 2 17 4804 5645 6440
11253 2 2 2 17 5216 5214 6338
11254 2 2 2 17 6392 4913 6393
11255 2 2 2 17 5337 5960 6510
11256 2 2 2 17 6937 4098 7471
11257 2 2 2 17 5578 6699 6904
11258 2 2 2 17 6392 6393 7116
11259 2 2 2 17 5210 6115 6666
11260 2 2 2 17 3209 696 6469
11261 2 2 2 17 4382 4383 4384
11262 2 2 2 17 6043 5504 7457
11263 2 2 2 17 5544 5545 7438
11264 2 2 2 17 4084 6715 7297
11265 2 2 2 17 4817 4818 4819
11266 2 2 2 17 3350 3351 3352
11267 2 2 2 17 4703 4705 5270
11268 2 2 2 17 6228 4565 6339
11269 2 2 2 17 3378 6802 7558
11270 2 2 2 17 5668 5564 7010
11271 2 2 2 17 4259 4255 7608
11272 2 2 2 17 4705 4704 4706
11273 2 2 2 17 3462 3464 6047
11274 2 2 2 17 5884 438 7293
11275 2 2 2 17 663 6214 6779
11276 2 2 2 17 702 703 6344
11277 2 2 2 17 508 507 6321
11278 2 2 2 17 3980 3979 3988
11279 2 2 2 17 6751 5429 7243
11280 2 2 2 17 3984 6341 6656
11281 2 2 2 17 3319 3320 3321
11282 2 2 2 17 5937 3230 7444
11283 2 2 2 17 5432 5089 6348
11284 2 2 2 17 5648 5673 6633
11285 2 2 2 17 383 6314 6315
11286 2 2 2 17 4839 4837 6365
11287 2 2 2 17 3932 6274 6977
11288 2 2 2 17 6056 6495 6613
11289 2 2 2 17 399 3201 6287
11290 2 2 2 17 3197 639 6288
11291 2 2 2 17 3164 411 6269
11292 2 2 2 17 3229 647 6052
11293 2 2 2 17 3178 587 6281
11294 2 2 2 17 635 3196 6276
11295 2 2 2 17 3274 613 6265
11296 2 2 2 17 3183 616 6048
11297 2 2 2 17 3145 542 6061
11298 2 2 2 17 4416 4611 6441
11299 2 2 2 17 4765 4766 6388
11300 2 2 2 17 7130 5741 7175
11301 2 2 2 17 6141 4855 6483
11302 2 2 2 17 6129 6130 6483
11303 2 2 2 17 5084 6372 7039
11304 2 2 2 17 5995 5255 5996
11305 2 2 2 17 4245 3773 5307
11306 2 2 2 17 3415 3413 6413
11307 2 2 2 17 7102 5902 7120
11308 2 2 2 17 5718 3496 6692
11309 2 2 2 17 5934 5849 7618
11310 2 2 2 17 3616 3617 3618
11311 2 2 2 17 5238 5372 6487
11312 2 2 2 17 3745 4166 4547
11313 2 2 2 17 4471 4472 4473
11314 2 2 2 17 3891 3893 6909
11315 2 2 2 17 5760 5761 5762
11316 2 2 2 17 5872 6416 6417
11317 2 2 2 17 5088 5096 5097
11318 2 2 2 17 3728 3727 3729
11319 2 2 2 17 6223 572 7213
11320 2 2 2 17 4422 3766 6504
11321 2 2 2 17 3626 3627 3628
11322 2 2 2 17 4837 5140 6365
11323 2 2 2 17 4116 4743 4928
11324 2 2 2 17 4020 4019 4021
11325 2 2 2 17 5794 3161 7301
11326 2 2 2 17 3848 3855 3856
11327 2 2 2 17 4827 4829 4830
11328 2 2 2 17 755 756 6362
11329 2 2 2 17 5955 6017 6376
11330 2 2 2 17 509 3151 6311
11331 2 2 2 17 6360 6937 7471
11332 2 2 2 17 432 3255 6312
11333 2 2 2 17 4424 3761 6495
11334 2 2 2 17 6917 5894 7471
11335 2 2 2 17 382 3174 6314
11336 2 2 2 17 4595 4593 6063
11337 2 2 2 17 6199 3218 6852
11338 2 2 2 17 4219 3567 6622
11339 2 2 2 17 5411 5458 6374
11340 2 2 2 17 5539 6235 7610
11341 2 2 2 17 5693 3508 7554
11342 2 2 2 17 5677 7028 7274
11343 2 2 2 17 3975 4076 6537
11344 2 2 2 17 5321 5320 5322
11345 2 2 2 17 3610 3611 3612
11346 2 2 2 17 4888 5810 6507
11347 2 2 2 17 5197 4890 6507
11348 2 2 2 17 775 776 6375
11349 2 2 2 17 576 575 6332
11350 2 2 2 17 6251 711 6524
11351 2 2 2 17 3744 3743 3786
11352 2 2 2 17 3529 3473 3714
11353 2 2 2 17 5246 4783 6392
11354 2 2 2 17 4659 4927 6416
11355 2 2 2 17 6123 6122 6378
11356 2 2 2 17 6308 6856 6941
11357 2 2 2 17 3151 508 6321
11358 2 2 2 17 677 678 6513
11359 2 2 2 17 706 707 6514
11360 2 2 2 17 735 736 6515
11361 2 2 2 17 3420 3422 3731
11362 2 2 2 17 6138 4894 6379
11363 2 2 2 17 3965 3874 6383
11364 2 2 2 17 6708 3937 7436
11365 2 2 2 17 5406 5373 6382
11366 2 2 2 17 5590 6910 6981
11367 2 2 2 17 5711 4608 6395
11368 2 2 2 17 4166 3746 4184
11369 2 2 2 17 4431 3750 6685
11370 2 2 2 17 661 660 6534
11371 2 2 2 17 4217 5589 7211
11372 2 2 2 17 5722 5725 6407
11373 2 2 2 17 3375 3374 3376
11374 2 2 2 17 6586 521 6923
11375 2 2 2 17 4847 6386 6387
11376 2 2 2 17 5982 6491 6680
11377 2 2 2 17 5685 4765 6388
11378 2 2 2 17 4485 4486 4487
11379 2 2 2 17 5189 4917 6363
11380 2 2 2 17 4932 5926 6389
11381 2 2 2 17 4421 4066 6381
11382 2 2 2 17 6259 6258 6389
11383 2 2 2 17 4947 4552 4948
11384 2 2 2 17 5134 5876 6856
11385 2 2 2 17 4534 4535 4536
11386 2 2 2 17 3622 3623 3624
11387 2 2 2 17 3328 3327 3329
11388 2 2 2 17 5995 6829 7522
11389 2 2 2 17 3320 3318 5105
11390 2 2 2 17 5936 5935 7072
11391 2 2 2 17 4783 4913 6392
11392 2 2 2 17 3860 3861 3862
11393 2 2 2 17 738 3282 6523
11394 2 2 2 17 3300 737 6523
11395 2 2 2 17 4675 4676 4677
11396 2 2 2 17 3176 576 6332
11397 2 2 2 17 712 3195 6524
11398 2 2 2 17 5510 5152 6391
11399 2 2 2 17 6154 6251 6524
11400 2 2 2 17 6261 5556 6373
11401 2 2 2 17 4378 4379 4380
11402 2 2 2 17 4608 5428 6395
11403 2 2 2 17 3874 3875 3876
11404 2 2 2 17 3989 3988 3990
11405 2 2 2 17 6525 5830 7092
11406 2 2 2 17 4430 4562 4563
11407 2 2 2 17 555 554 6345
11408 2 2 2 17 472 471 6346
11409 2 2 2 17 445 444 6347
11410 2 2 2 17 6069 6068 6070
11411 2 2 2 17 720 721 6533
11412 2 2 2 17 3807 3806 3808
11413 2 2 2 17 4223 5745 7134
11414 2 2 2 17 3467 3468 3470
11415 2 2 2 17 5696 5161 6494
11416 2 2 2 17 6393 4913 6458
11417 2 2 2 17 4913 6025 6458
11418 2 2 2 17 554 3187 6345
11419 2 2 2 17 471 3286 6346
11420 2 2 2 17 3158 445 6347
11421 2 2 2 17 4368 4219 5697
11422 2 2 2 17 4589 4283 6536
11423 2 2 2 17 4912 7130 7175
11424 2 2 2 17 5295 5296 6703
11425 2 2 2 17 6499 5858 7435
11426 2 2 2 17 4320 4258 5475
11427 2 2 2 17 6204 3233 7510
11428 2 2 2 17 6258 4932 6389
11429 2 2 2 17 3192 5828 7257
11430 2 2 2 17 4003 3977 6683
11431 2 2 2 17 5310 3774 6809
11432 2 2 2 17 5572 5446 6340
11433 2 2 2 17 4630 5757 6401
11434 2 2 2 17 681 682 6403
11435 2 2 2 17 5331 6511 6512
11436 2 2 2 17 5281 6079 6407
11437 2 2 2 17 579 3247 6358
11438 2 2 2 17 6119 5134 6308
11439 2 2 2 17 5873 5220 6544
11440 2 2 2 17 700 701 6405
11441 2 2 2 17 4067 3729 4134
11442 2 2 2 17 580 579 6358
11443 2 2 2 17 4022 4021 4023
11444 2 2 2 17 5677 4137 7028
11445 2 2 2 17 4774 4775 4776
11446 2 2 2 17 3216 687 6550
11447 2 2 2 17 688 6199 6550
11448 2 2 2 17 4438 6019 7543
11449 2 2 2 17 5422 5801 6410
11450 2 2 2 17 3553 3595 7614
11451 2 2 2 17 4275 4306 4307
11452 2 2 2 17 4883 6121 6555
11453 2 2 2 17 6769 5936 7072
11454 2 2 2 17 4360 4767 4768
11455 2 2 2 17 4839 6367 6408
11456 2 2 2 17 4212 4213 4214
11457 2 2 2 17 3880 3881 3882
11458 2 2 2 17 6214 5224 6779
11459 2 2 2 17 6469 5222 6588
11460 2 2 2 17 3868 3869 3870
11461 2 2 2 17 4918 5821 6560
11462 2 2 2 17 5224 4893 6560
11463 2 2 2 17 5127 5346 6562
11464 2 2 2 17 5767 5129 6562
11465 2 2 2 17 4867 5510 6556
11466 2 2 2 17 773 3211 6563
11467 2 2 2 17 5319 4368 5320
11468 2 2 2 17 4929 4903 6564
11469 2 2 2 17 4691 6056 6415
11470 2 2 2 17 700 6405 6427
11471 2 2 2 17 3794 4170 6812
11472 2 2 2 17 522 521 6586
11473 2 2 2 17 3632 3633 3634
11474 2 2 2 17 3160 434 6396
11475 2 2 2 17 761 3297 6569
11476 2 2 2 17 3276 760 6569
11477 2 2 2 17 5372 5237 6566
11478 2 2 2 17 5168 5653 6573
11479 2 2 2 17 6888 5888 7384
11480 2 2 2 17 5599 6334 6529
11481 2 2 2 17 4570 4569 6432
11482 2 2 2 17 3612 3613 3614
11483 2 2 2 17 6423 6421 6518
11484 2 2 2 17 4292 4191 6320
11485 2 2 2 17 3352 3353 3354
11486 2 2 2 17 4964 6247 6736
11487 2 2 2 17 775 6375 6457
11488 2 2 2 17 6100 5104 6420
11489 2 2 2 17 3802 3799 6655
11490 2 2 2 17 4955 4953 6442
11491 2 2 2 17 577 6676 6996
11492 2 2 2 17 640 3197 6411
11493 2 2 2 17 463 3155 6412
11494 2 2 2 17 6278 5577 6998
11495 2 2 2 17 5688 5686 7269
11496 2 2 2 17 3272 6365 6753
11497 2 2 2 17 3152 502 6414
11498 2 2 2 17 5232 5233 6424
11499 2 2 2 17 6905 6713 7383
11500 2 2 2 17 6083 6220 6567
11501 2 2 2 17 5582 4546 6557
11502 2 2 2 17 5439 5262 6426
11503 2 2 2 17 433 6312 6396
11504 2 2 2 17 699 700 6427
11505 2 2 2 17 4279 4961 6585
11506 2 2 2 17 6657 4977 6814
11507 2 2 2 17 3309 3312 6468
11508 2 2 2 17 6108 3210 7318
11509 2 2 2 17 4910 5301 6471
11510 2 2 2 17 6006 5101 6527
11511 2 2 2 17 3658 5764 7573
11512 2 2 2 17 4524 5991 6836
11513 2 2 2 17 6900 4105 6926
11514 2 2 2 17 4109 4165 7060
11515 2 2 2 17 5755 6900 6926
11516 2 2 2 17 675 674 6603
11517 2 2 2 17 5558 6263 6581
11518 2 2 2 17 3146 6417 6599
11519 2 2 2 17 3705 4232 4430
11520 2 2 2 17 4569 5331 6432
11521 2 2 2 17 4186 3774 5310
11522 2 2 2 17 6379 7021 7022
11523 2 2 2 17 5460 6722 7149
11524 2 2 2 17 434 433 6396
11525 2 2 2 17 7043 5334 7275
11526 2 2 2 17 6487 5372 7225
11527 2 2 2 17 648 3229 6429
11528 2 2 2 17 4024 4023 4025
11529 2 2 2 17 4204 4203 4205
11530 2 2 2 17 5852 5850 7462
11531 2 2 2 17 4763 6163 6594
11532 2 2 2 17 3731 4881 6486
11533 2 2 2 17 3862 3863 3864
11534 2 2 2 17 5986 5881 6433
11535 2 2 2 17 7085 5464 7311
11536 2 2 2 17 3618 3619 3620
11537 2 2 2 17 4477 4478 4479
11538 2 2 2 17 5509 4370 7043
11539 2 2 2 17 5538 5539 7610
11540 2 2 2 17 3448 3447 3449
11541 2 2 2 17 3147 531 6435
11542 2 2 2 17 6379 6636 7021
11543 2 2 2 17 4819 4820 4821
11544 2 2 2 17 4374 4375 4376
11545 2 2 2 17 3170 358 6436
11546 2 2 2 17 3184 621 6437
11547 2 2 2 17 3192 484 6439
11548 2 2 2 17 5835 4803 6434
11549 2 2 2 17 669 668 6617
11550 2 2 2 17 4498 3986 6708
11551 2 2 2 17 4384 4385 4386
11552 2 2 2 17 719 720 6604
11553 2 2 2 17 4806 4804 6440
11554 2 2 2 17 5323 5322 5324
11555 2 2 2 17 4956 5371 6605
11556 2 2 2 17 5743 4892 6443
11557 2 2 2 17 3585 3469 6613
11558 2 2 2 17 6316 6131 7633
11559 2 2 2 17 4792 4790 4794
11560 2 2 2 17 5806 5573 7047
11561 2 2 2 17 3428 3429 3430
11562 2 2 2 17 3809 3808 3810
11563 2 2 2 17 5769 3190 6971
11564 2 2 2 17 641 640 6411
11565 2 2 2 17 464 463 6412
11566 2 2 2 17 488 3232 6450
11567 2 2 2 17 3293 489 6450
11568 2 2 2 17 6700 6417 7580
11569 2 2 2 17 4315 4316 4317
11570 2 2 2 17 6222 4954 6605
11571 2 2 2 17 3474 3476 3477
11572 2 2 2 17 502 501 6414
11573 2 2 2 17 6215 3152 7398
11574 2 2 2 17 5546 4292 6320
11575 2 2 2 17 3392 3393 3394
11576 2 2 2 17 3267 5885 7423
11577 2 2 2 17 3206 771 6616
11578 2 2 2 17 4912 4422 6504
11579 2 2 2 17 3161 428 6456
11580 2 2 2 17 5091 5768 6840
11581 2 2 2 17 6116 6114 6446
11582 2 2 2 17 5194 6063 6916
11583 2 2 2 17 4917 4748 5511
11584 2 2 2 17 5865 3487 7286
11585 2 2 2 17 5430 3590 6995
11586 2 2 2 17 3266 367 6461
11587 2 2 2 17 6839 3911 7609
11588 2 2 2 17 4740 4266 6453
11589 2 2 2 17 405 3202 6464
11590 2 2 2 17 3288 406 6464
11591 2 2 2 17 5091 5513 5768
11592 2 2 2 17 3378 3403 6802
11593 2 2 2 17 6425 4968 6954
11594 2 2 2 17 5149 6135 6625
11595 2 2 2 17 5333 5211 6448
11596 2 2 2 17 3905 3906 3907
11597 2 2 2 17 6918 3182 7386
11598 2 2 2 17 4615 5917 7432
11599 2 2 2 17 6370 4668 7304
11600 2 2 2 17 5290 6607 7392
11601 2 2 2 17 671 3257 6465
11602 2 2 2 17 3490 3334 3491
11603 2 2 2 17 5203 5204 5205
11604 2 2 2 17 4528 4404 4529
11605 2 2 2 17 4364 4363 4365
11606 2 2 2 17 4611 5210 6666
11607 2 2 2 17 3634 3635 3636
11608 2 2 2 17 4844 4842 6454
11609 2 2 2 17 3876 3877 3878
11610 2 2 2 17 4026 4025 4027
11611 2 2 2 17 3590 6385 6995
11612 2 2 2 17 5604 5603 7586
11613 2 2 2 17 785 3185 6633
11614 2 2 2 17 3786 5361 5523
11615 2 2 2 17 3777 3779 5877
11616 2 2 2 17 5305 6492 6493
11617 2 2 2 17 4332 4330 4333
11618 2 2 2 17 3767 5203 6731
11619 2 2 2 17 5916 3730 6488
11620 2 2 2 17 4902 4901 6705
11621 2 2 2 17 729 730 6638
11622 2 2 2 17 4923 4925 6639
11623 2 2 2 17 774 775 6457
11624 2 2 2 17 5182 5059 6551
11625 2 2 2 17 6660 5297 6757
11626 2 2 2 17 4349 4182 4350
11627 2 2 2 17 3413 3754 6413
11628 2 2 2 17 3410 3409 3411
11629 2 2 2 17 5481 5450 7297
11630 2 2 2 17 649 648 6429
11631 2 2 2 17 32 3166 6470
11632 2 2 2 17 669 6617 7343
11633 2 2 2 17 4289 4805 6409
11634 2 2 2 17 5100 5866 6527
11635 2 2 2 17 3974 4014 6595
11636 2 2 2 17 5851 5852 5853
11637 2 2 2 17 5958 4966 6752
11638 2 2 2 17 5811 6120 6654
11639 2 2 2 17 4866 4231 6305
11640 2 2 2 17 18 3173 6474
11641 2 2 2 17 5902 5629 7120
11642 2 2 2 17 3377 3376 3378
11643 2 2 2 17 4663 4662 4664
11644 2 2 2 17 5832 3263 7119
11645 2 2 2 17 3317 3318 3319
11646 2 2 2 17 697 698 6463
11647 2 2 2 17 5179 5033 6568
11648 2 2 2 17 6279 5465 6494
11649 2 2 2 17 6097 3283 6854
11650 2 2 2 17 531 530 6435
11651 2 2 2 17 5888 5703 7384
11652 2 2 2 17 675 6603 7307
11653 2 2 2 17 3901 3902 3903
11654 2 2 2 17 609 608 6653
11655 2 2 2 17 358 357 6436
11656 2 2 2 17 621 620 6437
11657 2 2 2 17 3831 3821 7392
11658 2 2 2 17 5385 5389 6498
11659 2 2 2 17 484 483 6439
11660 2 2 2 17 3882 3883 3884
11661 2 2 2 17 3175 6239 6673
11662 2 2 2 17 3452 3451 3453
11663 2 2 2 17 3647 3648 3649
11664 2 2 2 17 5589 7040 7041
11665 2 2 2 17 3323 3321 3332
11666 2 2 2 17 4655 4287 4656
11667 2 2 2 17 4728 4734 6648
11668 2 2 2 17 5183 5889 6913
11669 2 2 2 17 6322 746 6783
11670 2 2 2 17 588 3178 6489
11671 2 2 2 17 5171 5173 6647
11672 2 2 2 17 5746 3846 7506
11673 2 2 2 17 4870 4573 6485
11674 2 2 2 17 3354 3355 3356
11675 2 2 2 17 4445 4447 4448
11676 2 2 2 17 6852 3218 7162
11677 2 2 2 17 3470 3471 3473
11678 2 2 2 17 4231 4130 6305
11679 2 2 2 17 4805 4807 5785
11680 2 2 2 17 697 6463 6469
11681 2 2 2 17 749 6326 6804
11682 2 2 2 17 5377 6360 7471
11683 2 2 2 17 5382 5329 5383
11684 2 2 2 17 4543 4541 4935
11685 2 2 2 17 3891 3892 3893
11686 2 2 2 17 27 3237 6497
11687 2 2 2 17 5840 6850 7195
11688 2 2 2 17 4028 4027 4029
11689 2 2 2 17 3690 3689 6065
11690 2 2 2 17 4338 4336 4339
11691 2 2 2 17 5296 4955 6442
11692 2 2 2 17 6088 6090 6654
11693 2 2 2 17 6936 5793 7335
11694 2 2 2 17 5086 7363 7406
11695 2 2 2 17 5718 6384 7472
11696 2 2 2 17 5395 6462 6476
11697 2 2 2 17 3313 3719 6624
11698 2 2 2 17 5242 5086 7406
11699 2 2 2 17 5249 6044 6428
11700 2 2 2 17 5529 5975 6739
11701 2 2 2 17 4479 4480 4481
11702 2 2 2 17 3642 3643 3644
11703 2 2 2 17 4642 4646 6767
11704 2 2 2 17 3811 3810 3812
11705 2 2 2 17 4005 4008 4524
11706 2 2 2 17 489 488 6450
11707 2 2 2 17 4175 4241 4242
11708 2 2 2 17 6068 3982 6070
11709 2 2 2 17 4216 4289 6409
11710 2 2 2 17 4675 4582 4676
11711 2 2 2 17 3767 4571 5203
11712 2 2 2 17 23 3236 6510
11713 2 2 2 17 3196 634 6511
11714 2 2 2 17 480 479 6696
11715 2 2 2 17 5976 5155 6528
11716 2 2 2 17 3312 5540 6468
11717 2 2 2 17 696 697 6469
11718 2 2 2 17 3464 3465 3469
11719 2 2 2 17 5441 4933 6686
11720 2 2 2 17 4487 4488 4489
11721 2 2 2 17 4015 5846 7374
11722 2 2 2 17 6376 5661 7455
11723 2 2 2 17 4842 6401 6454
11724 2 2 2 17 4987 4986 4988
11725 2 2 2 17 6078 4509 6615
11726 2 2 2 17 3330 3329 3333
11727 2 2 2 17 683 3208 6691
11728 2 2 2 17 5813 6070 6629
11729 2 2 2 17 3444 5605 7520
11730 2 2 2 17 3897 3898 3899
11731 2 2 2 17 5767 6562 7620
11732 2 2 2 17 6063 5942 6916
11733 2 2 2 17 3835 3837 7615
11734 2 2 2 17 5392 6438 6695
11735 2 2 2 17 3580 3768 7151
11736 2 2 2 17 428 427 6456
11737 2 2 2 17 3283 6097 6928
11738 2 2 2 17 584 583 6712
11739 2 2 2 17 4831 6249 6757
11740 2 2 2 17 5236 4517 6466
11741 2 2 2 17 5697 4219 6622
11742 2 2 2 17 4631 5375 6278
11743 2 2 2 17 3636 3637 3638
11744 2 2 2 17 3730 7157 7562
11745 2 2 2 17 5264 6400 6878
11746 2 2 2 17 3678 6357 7402
11747 2 2 2 17 3232 487 6525
11748 2 2 2 17 3779 3778 4088
11749 2 2 2 17 5017 5019 6351
11750 2 2 2 17 367 366 6461
11751 2 2 2 17 4143 4188 4511
11752 2 2 2 17 5925 4430 7466
11753 2 2 2 17 360 359 6720
11754 2 2 2 17 5687 5906 7240
11755 2 2 2 17 4389 4640 4936
11756 2 2 2 17 7150 5146 7555
11757 2 2 2 17 5842 5843 7621
11758 2 2 2 17 406 405 6464
11759 2 2 2 17 6253 4957 6646
11760 2 2 2 17 4946 6253 6673
11761 2 2 2 17 3940 6447 7436
11762 2 2 2 17 7283 3267 7423
11763 2 2 2 17 4830 4831 5160
11764 2 2 2 17 4795 4121 5329
11765 2 2 2 17 4517 4353 6466
11766 2 2 2 17 5793 7181 7335
11767 2 2 2 17 4853 6010 6690
11768 2 2 2 17 6595 4364 7171
11769 2 2 2 17 4469 4467 4470
11770 2 2 2 17 5205 5206 5207
11771 2 2 2 17 770 3206 6726
11772 2 2 2 17 5234 6255 6598
11773 2 2 2 17 5325 5324 5356
11774 2 2 2 17 3176 6332 7556
11775 2 2 2 17 6155 6205 6728
11776 2 2 2 17 4030 4029 4031
11777 2 2 2 17 4317 4318 4395
11778 2 2 2 17 4268 4263 7351
11779 2 2 2 17 6534 660 7184
11780 2 2 2 17 3414 3413 3415
11781 2 2 2 17 5885 3267 7312
11782 2 2 2 17 3364 6579 6994
11783 2 2 2 17 4406 4342 4407
11784 2 2 2 17 4510 4865 6492
11785 2 2 2 17 6277 6042 7105
11786 2 2 2 17 3271 590 6540
11787 2 2 2 17 4074 4009 7589
11788 2 2 2 17 4214 4371 4372
11789 2 2 2 17 5752 3993 6782
11790 2 2 2 17 449 3264 6543
11791 2 2 2 17 4122 4797 6500
11792 2 2 2 17 4821 4822 4823
11793 2 2 2 17 551 3285 6545
11794 2 2 2 17 4353 4354 6466
11795 2 2 2 17 495 3261 6548
11796 2 2 2 17 4979 4982 4983
11797 2 2 2 17 3907 3908 3909
11798 2 2 2 17 4089 4050 7607
11799 2 2 2 17 4573 5191 6485
11800 2 2 2 17 3202 404 6549
11801 2 2 2 17 672 671 6465
11802 2 2 2 17 3396 3399 6751
11803 2 2 2 17 3370 3505 7095
11804 2 2 2 17 6878 3711 7513
11805 2 2 2 17 5150 7016 7131
11806 2 2 2 17 5409 5276 7336
11807 2 2 2 17 3689 3709 6065
11808 2 2 2 17 5387 5385 6498
11809 2 2 2 17 4190 4199 4579
11810 2 2 2 17 5859 5858 6499
11811 2 2 2 17 3871 4138 5153
11812 2 2 2 17 4258 4254 5909
11813 2 2 2 17 6737 5969 7391
11814 2 2 2 17 4855 6129 6483
11815 2 2 2 17 4748 4746 6364
11816 2 2 2 17 3226 465 6561
11817 2 2 2 17 5142 5884 6753
11818 2 2 2 17 4523 4566 4567
11819 2 2 2 17 3460 6896 7025
11820 2 2 2 17 4148 4193 4194
11821 2 2 2 17 6545 5226 6546
11822 2 2 2 17 6043 4146 7115
11823 2 2 2 17 5791 5790 7288
11824 2 2 2 17 3697 3641 6732
11825 2 2 2 17 3550 3552 7440
11826 2 2 2 17 5222 5133 6588
11827 2 2 2 17 4346 4631 6278
11828 2 2 2 17 4872 5449 6672
11829 2 2 2 17 4536 4537 6460
11830 2 2 2 17 5551 5163 6742
11831 2 2 2 17 664 663 6779
11832 2 2 2 17 6256 5238 6487
11833 2 2 2 17 6504 3766 6822
11834 2 2 2 17 6276 5937 7444
11835 2 2 2 17 566 565 6781
11836 2 2 2 17 5679 4589 7495
11837 2 2 2 17 5305 4510 6492
11838 2 2 2 17 3199 644 6580
11839 2 2 2 17 643 3284 6580
11840 2 2 2 17 5896 6322 6783
11841 2 2 2 17 5046 5045 5047
11842 2 2 2 17 4367 4521 4522
11843 2 2 2 17 6417 6416 6599
11844 2 2 2 17 747 3222 6783
11845 2 2 2 17 5262 5219 7104
11846 2 2 2 17 6451 5727 7374
11847 2 2 2 17 5999 5184 6765
11848 2 2 2 17 4889 4944 6787
11849 2 2 2 17 657 32 6470
11850 2 2 2 17 3813 3812 3814
11851 2 2 2 17 5609 5610 7263
11852 2 2 2 17 5776 5777 7298
11853 2 2 2 17 4032 4031 4033
11854 2 2 2 17 4615 4613 5917
11855 2 2 2 17 5638 5637 7053
11856 2 2 2 17 3283 768 6794
11857 2 2 2 17 6891 5784 6976
11858 2 2 2 17 4019 3991 6693
11859 2 2 2 17 5006 5271 7635
11860 2 2 2 17 4073 4131 4132
11861 2 2 2 17 715 3213 6658
11862 2 2 2 17 3761 3759 6495
11863 2 2 2 17 3922 3923 6764
11864 2 2 2 17 3394 3395 3396
11865 2 2 2 17 6047 4235 6727
11866 2 2 2 17 5107 5105 6627
11867 2 2 2 17 3152 6414 7398
11868 2 2 2 17 6326 5652 6804
11869 2 2 2 17 3649 3650 3651
11870 2 2 2 17 377 18 6474
11871 2 2 2 17 577 28 6676
11872 2 2 2 17 3237 7054 7557
11873 2 2 2 17 3222 748 6804
11874 2 2 2 17 3430 3431 3432
11875 2 2 2 17 395 394 6807
11876 2 2 2 17 3893 3894 3895
11877 2 2 2 17 6511 633 6512
11878 2 2 2 17 5686 5687 6821
11879 2 2 2 17 6691 3208 7064
11880 2 2 2 17 5729 4866 6305
11881 2 2 2 17 3456 3455 3457
11882 2 2 2 17 5429 4959 6671
11883 2 2 2 17 4851 4850 6690
11884 2 2 2 17 4364 4764 7171
11885 2 2 2 17 5552 5423 6793
11886 2 2 2 17 5479 5079 6601
11887 2 2 2 17 4890 4888 6507
11888 2 2 2 17 4894 6119 6636
11889 2 2 2 17 5388 5390 6508
11890 2 2 2 17 4070 6986 7323
11891 2 2 2 17 3366 3363 7129
11892 2 2 2 17 5147 6558 7140
11893 2 2 2 17 4543 4935 6397
11894 2 2 2 17 3379 3378 3380
11895 2 2 2 17 413 412 6821
11896 2 2 2 17 6447 4506 6609
11897 2 2 2 17 3447 3445 7357
11898 2 2 2 17 5036 5035 5037
11899 2 2 2 17 5341 6040 6808
11900 2 2 2 17 5400 6797 7177
11901 2 2 2 17 3510 5992 7336
11902 2 2 2 17 3909 3910 3911
11903 2 2 2 17 6179 3278 6669
11904 2 2 2 17 3573 6758 7427
11905 2 2 2 17 3238 658 6611
11906 2 2 2 17 5251 5252 5253
11907 2 2 2 17 4307 4308 4309
11908 2 2 2 17 4645 4643 5907
11909 2 2 2 17 4537 4621 6460
11910 2 2 2 17 6284 4899 7337
11911 2 2 2 17 441 5934 7618
11912 2 2 2 17 6091 6092 6854
11913 2 2 2 17 5463 3435 5637
11914 2 2 2 17 4953 4951 5846
11915 2 2 2 17 6096 6097 6854
11916 2 2 2 17 6892 6480 7463
11917 2 2 2 17 5931 3289 7294
11918 2 2 2 17 678 3298 6513
11919 2 2 2 17 707 3299 6514
11920 2 2 2 17 736 3300 6515
11921 2 2 2 17 5208 5914 6762
11922 2 2 2 17 5486 5488 7220
11923 2 2 2 17 5310 6626 7277
11924 2 2 2 17 6036 4343 6943
11925 2 2 2 17 5024 5023 5025
11926 2 2 2 17 6697 3885 7251
11927 2 2 2 17 6462 5378 6713
11928 2 2 2 17 5265 6592 6593
11929 2 2 2 17 6186 6152 6846
11930 2 2 2 17 742 743 6848
11931 2 2 2 17 4034 4033 4035
11932 2 2 2 17 4751 6075 6852
11933 2 2 2 17 3782 5227 5701
11934 2 2 2 17 4552 4550 6330
11935 2 2 2 17 3361 3362 3363
11936 2 2 2 17 4088 3778 6478
11937 2 2 2 17 4465 4388 4466
11938 2 2 2 17 4658 4660 4661
11939 2 2 2 17 3607 3718 6619
11940 2 2 2 17 4788 4787 4789
11941 2 2 2 17 457 3156 6628
11942 2 2 2 17 5417 5418 7508
11943 2 2 2 17 589 588 6489
11944 2 2 2 17 3262 6487 7225
11945 2 2 2 17 5835 6434 7588
11946 2 2 2 17 5161 6279 6494
11947 2 2 2 17 3319 3318 3320
11948 2 2 2 17 4093 6340 7628
11949 2 2 2 17 6856 5876 7273
11950 2 2 2 17 3747 3513 6776
11951 2 2 2 17 6500 4797 6501
11952 2 2 2 17 3464 3463 3465
11953 2 2 2 17 429 3161 6630
11954 2 2 2 17 5761 4532 6772
11955 2 2 2 17 5411 6374 6798
11956 2 2 2 17 4682 4683 4684
11957 2 2 2 17 591 3271 6634
11958 2 2 2 17 6012 5695 7201
11959 2 2 2 17 5101 5100 6527
11960 2 2 2 17 5922 5923 7308
11961 2 2 2 17 5050 5049 5051
11962 2 2 2 17 4998 4997 4999
11963 2 2 2 17 6303 4290 6805
11964 2 2 2 17 3517 3507 3518
11965 2 2 2 17 4411 4304 4412
11966 2 2 2 17 6892 5457 7145
11967 2 2 2 17 6234 5287 7295
11968 2 2 2 17 5344 6038 6522
11969 2 2 2 17 6194 3311 6521
11970 2 2 2 17 5343 5344 6522
11971 2 2 2 17 557 27 6497
11972 2 2 2 17 737 738 6523
11973 2 2 2 17 3303 3704 6912
11974 2 2 2 17 6196 3302 6912
11975 2 2 2 17 3542 3543 7507
11976 2 2 2 17 4621 4623 5543
11977 2 2 2 17 5671 5835 7063
11978 2 2 2 17 711 712 6524
11979 2 2 2 17 5440 4101 7062
11980 2 2 2 17 3815 3814 3816
11981 2 2 2 17 3177 6277 7105
11982 2 2 2 17 4547 6544 7636
11983 2 2 2 17 3236 476 6642
11984 2 2 2 17 4559 4590 5251
11985 2 2 2 17 4990 4992 6421
11986 2 2 2 17 552 6545 6546
11987 2 2 2 17 3651 3652 3653
11988 2 2 2 17 3601 3702 7584
11989 2 2 2 17 6269 5990 7269
11990 2 2 2 17 6805 4290 6880
11991 2 2 2 17 7103 4074 7136
11992 2 2 2 17 19 3260 6644
11993 2 2 2 17 767 3283 6928
11994 2 2 2 17 3301 766 6928
11995 2 2 2 17 5040 5039 5041
11996 2 2 2 17 4864 4406 6597
11997 2 2 2 17 5894 5377 7471
11998 2 2 2 17 5535 5843 7550
11999 2 2 2 17 4629 4843 7133
12000 2 2 2 17 4036 4035 4037
12001 2 2 2 17 4131 4178 7342
12002 2 2 2 17 5500 5499 6931
12003 2 2 2 17 6434 4361 7623
12004 2 2 2 17 464 6412 6561
12005 2 2 2 17 3695 3632 6664
12006 2 2 2 17 5062 5061 5063
12007 2 2 2 17 765 3301 6936
12008 2 2 2 17 721 3224 6533
12009 2 2 2 17 6409 5363 7163
12010 2 2 2 17 3358 3356 6350
12011 2 2 2 17 5263 4293 7218
12012 2 2 2 17 6141 6483 7355
12013 2 2 2 17 5070 5069 5071
12014 2 2 2 17 3251 6373 6581
12015 2 2 2 17 3911 3912 3913
12016 2 2 2 17 477 23 6510
12017 2 2 2 17 634 633 6511
12018 2 2 2 17 6441 4611 6666
12019 2 2 2 17 5029 5028 5030
12020 2 2 2 17 6415 6056 6716
12021 2 2 2 17 3437 3439 3440
12022 2 2 2 17 4823 4824 4826
12023 2 2 2 17 3900 3901 7496
12024 2 2 2 17 4475 4473 4476
12025 2 2 2 17 4271 4273 4408
12026 2 2 2 17 4283 4694 6536
12027 2 2 2 17 3403 5831 6802
12028 2 2 2 17 5379 5381 6975
12029 2 2 2 17 4234 4507 4508
12030 2 2 2 17 6632 5153 7083
12031 2 2 2 17 6403 682 6691
12032 2 2 2 17 4239 4238 6505
12033 2 2 2 17 3362 6637 7129
12034 2 2 2 17 5253 5254 5255
12035 2 2 2 17 4772 4770 4773
12036 2 2 2 17 3365 3366 3367
12037 2 2 2 17 3480 3483 3484
12038 2 2 2 17 3253 624 6670
12039 2 2 2 17 5972 533 7548
12040 2 2 2 17 5066 5065 5067
12041 2 2 2 17 3793 3594 5698
12042 2 2 2 17 3145 6010 7088
12043 2 2 2 17 17 3270 6678
12044 2 2 2 17 7338 5617 7527
12045 2 2 2 17 4917 5511 6363
12046 2 2 2 17 6248 5165 6906
12047 2 2 2 17 6011 5054 7622
12048 2 2 2 17 3479 6014 6668
12049 2 2 2 17 4180 4129 4181
12050 2 2 2 17 5565 4431 6685
12051 2 2 2 17 4169 5427 7188
12052 2 2 2 17 3418 5638 7053
12053 2 2 2 17 6097 5192 6988
12054 2 2 2 17 5308 6032 6657
12055 2 2 2 17 5220 5622 6544
12056 2 2 2 17 518 517 6970
12057 2 2 2 17 7046 6958 7254
12058 2 2 2 17 379 3243 6695
12059 2 2 2 17 6297 5257 6944
12060 2 2 2 17 6460 5543 7488
12061 2 2 2 17 6059 6060 7105
12062 2 2 2 17 728 729 6999
12063 2 2 2 17 6416 4927 6599
12064 2 2 2 17 3243 378 6698
12065 2 2 2 17 4160 4346 4347
12066 2 2 2 17 4038 4037 4039
12067 2 2 2 17 5413 5236 5414
12068 2 2 2 17 3527 3517 6306
12069 2 2 2 17 535 3269 6700
12070 2 2 2 17 600 599 6981
12071 2 2 2 17 5185 6482 7001
12072 2 2 2 17 5739 4835 6418
12073 2 2 2 17 448 447 6990
12074 2 2 2 17 4429 5625 7232
12075 2 2 2 17 3564 3566 6960
12076 2 2 2 17 687 688 6550
12077 2 2 2 17 3538 3557 3706
12078 2 2 2 17 3416 3415 3417
12079 2 2 2 17 5845 7199 7351
12080 2 2 2 17 3548 3755 4065
12081 2 2 2 17 423 3162 6710
12082 2 2 2 17 487 486 6525
12083 2 2 2 17 4911 6479 7605
12084 2 2 2 17 5779 5291 7044
12085 2 2 2 17 6365 5140 6753
12086 2 2 2 17 4249 4285 4286
12087 2 2 2 17 5008 5007 5009
12088 2 2 2 17 4746 4744 6503
12089 2 2 2 17 3383 3380 3384
12090 2 2 2 17 4095 4555 6538
12091 2 2 2 17 4319 6013 7056
12092 2 2 2 17 6408 6367 6484
12093 2 2 2 17 6495 3759 6613
12094 2 2 2 17 5469 7211 7529
12095 2 2 2 17 3931 5907 7459
12096 2 2 2 17 4865 4867 6556
12097 2 2 2 17 4881 4883 6555
12098 2 2 2 17 4623 4625 6452
12099 2 2 2 17 3833 3829 3834
12100 2 2 2 17 5167 6631 6983
12101 2 2 2 17 4619 4618 7034
12102 2 2 2 17 4896 4557 5644
12103 2 2 2 17 665 3242 6725
12104 2 2 2 17 3461 3460 7025
12105 2 2 2 17 4266 5796 6453
12106 2 2 2 17 3253 6499 7183
12107 2 2 2 17 5878 5680 7557
12108 2 2 2 17 3817 3816 3818
12109 2 2 2 17 6066 5895 7285
12110 2 2 2 17 5183 4393 5889
12111 2 2 2 17 5366 6359 7176
12112 2 2 2 17 4618 6317 7034
12113 2 2 2 17 3420 3421 3422
12114 2 2 2 17 3179 593 6733
12115 2 2 2 17 4217 7211 7400
12116 2 2 2 17 4811 4813 4825
12117 2 2 2 17 6143 6142 7049
12118 2 2 2 17 402 3246 6734
12119 2 2 2 17 4682 4679 4683
12120 2 2 2 17 6492 4865 6556
12121 2 2 2 17 3543 3544 3545
12122 2 2 2 17 5948 5436 7039
12123 2 2 2 17 4309 4310 4311
12124 2 2 2 17 4905 4904 7482
12125 2 2 2 17 4893 4918 6560
12126 2 2 2 17 5945 5515 6870
12127 2 2 2 17 6003 5268 7061
12128 2 2 2 17 5136 6488 7562
12129 2 2 2 17 6327 5678 7197
12130 2 2 2 17 4395 6418 6419
12131 2 2 2 17 5129 5127 6562
12132 2 2 2 17 4901 5103 7428
12133 2 2 2 17 5141 4838 7199
12134 2 2 2 17 4406 4407 6597
12135 2 2 2 17 4903 6106 6564
12136 2 2 2 17 6500 6501 6626
12137 2 2 2 17 772 773 6563
12138 2 2 2 17 5016 5015 5017
12139 2 2 2 17 3396 3397 3399
12140 2 2 2 17 5178 4137 5677
12141 2 2 2 17 5130 5128 7066
12142 2 2 2 17 5002 5001 5003
12143 2 2 2 17 6414 6032 7398
12144 2 2 2 17 4125 4114 4126
12145 2 2 2 17 6220 6146 7064
12146 2 2 2 17 5191 5806 6982
12147 2 2 2 17 563 562 7047
12148 2 2 2 17 6562 3195 7620
12149 2 2 2 17 474 3193 6750
12150 2 2 2 17 4448 4449 4450
12151 2 2 2 17 4312 4315 6659
12152 2 2 2 17 5499 5893 6653
12153 2 2 2 17 3827 3825 3828
12154 2 2 2 17 4256 6968 7567
12155 2 2 2 17 4040 4039 4041
12156 2 2 2 17 6103 6104 7084
12157 2 2 2 17 4455 4457 4458
12158 2 2 2 17 5237 5413 6566
12159 2 2 2 17 3851 5825 7262
12160 2 2 2 17 3432 3433 3436
12161 2 2 2 17 6084 6083 6567
12162 2 2 2 17 5600 6529 7352
12163 2 2 2 17 443 3249 6759
12164 2 2 2 17 3177 581 6760
12165 2 2 2 17 3477 3478 3479
12166 2 2 2 17 4827 4830 6649
12167 2 2 2 17 760 761 6569
12168 2 2 2 17 519 518 7063
12169 2 2 2 17 5012 5011 5013
12170 2 2 2 17 5461 4627 6984
12171 2 2 2 17 4934 5508 6341
12172 2 2 2 17 589 6489 6540
12173 2 2 2 17 6027 5168 6573
12174 2 2 2 17 3564 3565 3566
12175 2 2 2 17 3665 3666 3667
12176 2 2 2 17 4351 4350 4352
12177 2 2 2 17 590 589 6540
12178 2 2 2 17 3890 5485 7597
12179 2 2 2 17 4962 4964 6736
12180 2 2 2 17 3458 3457 3459
12181 2 2 2 17 4984 4986 4987
12182 2 2 2 17 3380 3378 7558
12183 2 2 2 17 5131 5107 6627
12184 2 2 2 17 450 449 6543
12185 2 2 2 17 6356 5762 7099
12186 2 2 2 17 3198 6242 6598
12187 2 2 2 17 4334 4333 4335
12188 2 2 2 17 4797 5317 5676
12189 2 2 2 17 6372 5948 7039
12190 2 2 2 17 552 551 6545
12191 2 2 2 17 4194 4195 4274
12192 2 2 2 17 3150 5915 7141
12193 2 2 2 17 4559 5251 6799
12194 2 2 2 17 6352 6351 6577
12195 2 2 2 17 5764 3660 7127
12196 2 2 2 17 3382 6308 6935
12197 2 2 2 17 6417 3146 7580
12198 2 2 2 17 499 498 7086
12199 2 2 2 17 3420 3419 3421
12200 2 2 2 17 4295 4651 6444
12201 2 2 2 17 6607 6352 7354
12202 2 2 2 17 496 495 6548
12203 2 2 2 17 5255 5398 5399
12204 2 2 2 17 5209 5285 7108
12205 2 2 2 17 4059 4054 4060
12206 2 2 2 17 404 403 6549
12207 2 2 2 17 5643 4977 6657
12208 2 2 2 17 5073 5071 5082
12209 2 2 2 17 3703 4122 6500
12210 2 2 2 17 4122 4796 4797
12211 2 2 2 17 3978 6621 6810
12212 2 2 2 17 3367 3368 3369
12213 2 2 2 17 3661 3662 3663
12214 2 2 2 17 3259 6323 6931
12215 2 2 2 17 6323 5503 6931
12216 2 2 2 17 6277 3177 6760
12217 2 2 2 17 6316 717 7300
12218 2 2 2 17 5245 5244 5650
12219 2 2 2 17 5626 6434 7623
12220 2 2 2 17 492 3154 6798
12221 2 2 2 17 4083 3795 4392
12222 2 2 2 17 4778 4776 4779
12223 2 2 2 17 5748 5750 6587
12224 2 2 2 17 4485 4483 4486
12225 2 2 2 17 5491 5493 6918
12226 2 2 2 17 6589 5341 7003
12227 2 2 2 17 6360 6359 6886
12228 2 2 2 17 3646 7174 7549
12229 2 2 2 17 6482 5185 7000
12230 2 2 2 17 4911 4422 4912
12231 2 2 2 17 3191 5960 7087
12232 2 2 2 17 4237 4279 6585
12233 2 2 2 17 527 526 7116
12234 2 2 2 17 4324 4322 4325
12235 2 2 2 17 5737 5878 7557
12236 2 2 2 17 4042 4041 4043
12237 2 2 2 17 5641 4940 7324
12238 2 2 2 17 5052 5051 5053
12239 2 2 2 17 6165 3296 7165
12240 2 2 2 17 4340 4339 4341
12241 2 2 2 17 396 395 7123
12242 2 2 2 17 5534 5533 6939
12243 2 2 2 17 4112 4110 4113
12244 2 2 2 17 6791 4506 7489
12245 2 2 2 17 3971 5824 7090
12246 2 2 2 17 465 464 6561
12247 2 2 2 17 6422 5474 7110
12248 2 2 2 17 6163 3209 6588
12249 2 2 2 17 3470 3473 3529
12250 2 2 2 17 3167 661 6534
12251 2 2 2 17 3819 3818 3820
12252 2 2 2 17 6176 3214 6639
12253 2 2 2 17 5850 5248 7498
12254 2 2 2 17 3488 5566 7428
12255 2 2 2 17 3297 762 7181
12256 2 2 2 17 5159 6351 6352
12257 2 2 2 17 4212 4210 4213
12258 2 2 2 17 5221 5874 7341
12259 2 2 2 17 5618 6835 7445
12260 2 2 2 17 3587 3601 3603
12261 2 2 2 17 4261 4264 4265
12262 2 2 2 17 3763 4100 5668
12263 2 2 2 17 772 6563 6616
12264 2 2 2 17 5269 6184 7061
12265 2 2 2 17 3660 3661 7247
12266 2 2 2 17 4989 4988 4990
12267 2 2 2 17 657 6470 6611
12268 2 2 2 17 4734 4736 7192
12269 2 2 2 17 744 3212 6773
12270 2 2 2 17 5845 4262 7356
12271 2 2 2 17 5085 5088 6372
12272 2 2 2 17 4132 4133 4147
12273 2 2 2 17 4625 4635 4930
12274 2 2 2 17 5620 5756 7442
12275 2 2 2 17 5570 6586 6923
12276 2 2 2 17 5604 7081 7215
12277 2 2 2 17 5239 5234 6598
12278 2 2 2 17 4382 4380 4383
12279 2 2 2 17 4242 4243 4444
12280 2 2 2 17 6032 5643 6657
12281 2 2 2 17 5608 4498 6708
12282 2 2 2 17 3550 3535 3551
12283 2 2 2 17 6894 5181 7074
12284 2 2 2 17 5913 4929 6972
12285 2 2 2 17 7270 4089 7578
12286 2 2 2 17 6190 4763 6594
12287 2 2 2 17 5682 6078 6615
12288 2 2 2 17 5612 3801 7476
12289 2 2 2 17 498 497 7167
12290 2 2 2 17 4847 6387 7207
12291 2 2 2 17 5187 6290 7565
12292 2 2 2 17 6347 444 6759
12293 2 2 2 17 4582 4441 6425
12294 2 2 2 17 5707 3510 7336
12295 2 2 2 17 5581 4546 5582
12296 2 2 2 17 6554 5454 7394
12297 2 2 2 17 4404 4402 6400
12298 2 2 2 17 597 29 7283
12299 2 2 2 17 4927 5808 6599
12300 2 2 2 17 6412 5777 6561
12301 2 2 2 17 547 546 7107
12302 2 2 2 17 523 3248 6868
12303 2 2 2 17 6538 4555 6539
12304 2 2 2 17 4541 4530 6406
12305 2 2 2 17 5876 5633 7273
12306 2 2 2 17 580 6358 6760
12307 2 2 2 17 4044 4043 4045
12308 2 2 2 17 3923 3924 3925
12309 2 2 2 17 528 527 7196
12310 2 2 2 17 4787 4782 6652
12311 2 2 2 17 3691 5710 7439
12312 2 2 2 17 644 643 6580
12313 2 2 2 17 3462 3461 3463
12314 2 2 2 17 6190 6594 6608
12315 2 2 2 17 3420 3731 6486
12316 2 2 2 17 426 3245 6895
12317 2 2 2 17 739 740 7246
12318 2 2 2 17 6633 5673 7388
12319 2 2 2 17 6436 357 6678
12320 2 2 2 17 5364 5366 7176
12321 2 2 2 17 3750 3674 6685
12322 2 2 2 17 4414 4416 4417
12323 2 2 2 17 565 564 7206
12324 2 2 2 17 4081 4442 7148
12325 2 2 2 17 5560 5636 7222
12326 2 2 2 17 5536 6001 7254
12327 2 2 2 17 5181 5059 5182
12328 2 2 2 17 3217 719 6604
12329 2 2 2 17 3256 601 6910
12330 2 2 2 17 3168 667 6911
12331 2 2 2 17 6767 4646 7532
12332 2 2 2 17 3480 3484 6014
12333 2 2 2 17 6267 5324 7453
12334 2 2 2 17 4744 4556 5289
12335 2 2 2 17 4994 4997 4998
12336 2 2 2 17 3419 3418 7053
12337 2 2 2 17 4813 4815 6467
12338 2 2 2 17 622 3184 6914
12339 2 2 2 17 4967 6472 6950
12340 2 2 2 17 5043 5045 5046
12341 2 2 2 17 422 421 7212
12342 2 2 2 17 6001 6000 6687
12343 2 2 2 17 3713 5438 6445
12344 2 2 2 17 3566 3567 3568
12345 2 2 2 17 3872 5834 7099
12346 2 2 2 17 4954 4956 6605
12347 2 2 2 17 3208 684 7280
12348 2 2 2 17 6132 6316 7300
12349 2 2 2 17 504 503 7219
12350 2 2 2 17 5548 4960 7248
12351 2 2 2 17 3719 6190 6608
12352 2 2 2 17 3317 3315 3318
12353 2 2 2 17 3745 3746 4166
12354 2 2 2 17 5158 5026 5159
12355 2 2 2 17 520 3149 6923
12356 2 2 2 17 5099 5033 5179
12357 2 2 2 17 4074 5903 7136
12358 2 2 2 17 5709 6414 7245
12359 2 2 2 17 718 3217 7300
12360 2 2 2 17 505 504 7226
12361 2 2 2 17 4664 4666 4669
12362 2 2 2 17 5590 5587 6612
12363 2 2 2 17 3181 604 6930
12364 2 2 2 17 5607 5300 7071
12365 2 2 2 17 6542 4936 7031
12366 2 2 2 17 5418 7408 7508
12367 2 2 2 17 5833 5832 7119
12368 2 2 2 17 7047 5573 7491
12369 2 2 2 17 792 33 7313
12370 2 2 2 17 705 34 7314
12371 2 2 2 17 734 35 7315
12372 2 2 2 17 33 677 7313
12373 2 2 2 17 34 706 7314
12374 2 2 2 17 35 735 7315
12375 2 2 2 17 3210 725 7318
12376 2 2 2 17 726 6184 7318
12377 2 2 2 17 3679 3680 3681
12378 2 2 2 17 3759 3585 6613
12379 2 2 2 17 481 480 7236
12380 2 2 2 17 439 438 7237
12381 2 2 2 17 713 714 7620
12382 2 2 2 17 414 413 7240
12383 2 2 2 17 4807 4809 6978
12384 2 2 2 17 3821 3820 3822
12385 2 2 2 17 4690 5850 5851
12386 2 2 2 17 5957 6376 7236
12387 2 2 2 17 6051 4965 7301
12388 2 2 2 17 3186 558 6942
12389 2 2 2 17 5731 5325 7276
12390 2 2 2 17 3634 3636 7328
12391 2 2 2 17 4156 4363 4364
12392 2 2 2 17 5032 5035 5036
12393 2 2 2 17 4951 4949 6451
12394 2 2 2 17 5021 5023 5024
12395 2 2 2 17 771 772 6616
12396 2 2 2 17 5097 5549 5903
12397 2 2 2 17 4046 4045 4047
12398 2 2 2 17 4471 4470 4472
12399 2 2 2 17 4909 5744 7372
12400 2 2 2 17 5215 5742 6986
12401 2 2 2 17 7378 7416 7505
12402 2 2 2 17 7068 5544 7438
12403 2 2 2 17 3539 3700 7627
12404 2 2 2 17 5482 5779 6548
12405 2 2 2 17 4095 4512 4555
12406 2 2 2 17 3214 783 7388
12407 2 2 2 17 3234 6376 7455
12408 2 2 2 17 4251 4101 5440
12409 2 2 2 17 5893 5497 7386
12410 2 2 2 17 3854 3835 7615
12411 2 2 2 17 4805 5785 6409
12412 2 2 2 17 3399 3400 3401
12413 2 2 2 17 6213 6214 7596
12414 2 2 2 17 6187 4738 7421
12415 2 2 2 17 3693 4095 6538
12416 2 2 2 17 5646 6303 6962
12417 2 2 2 17 4703 4704 4705
12418 2 2 2 17 6288 6007 6769
12419 2 2 2 17 758 759 7501
12420 2 2 2 17 6060 5145 7510
12421 2 2 2 17 533 5972 7143
12422 2 2 2 17 685 686 7478
12423 2 2 2 17 4522 4523 6663
12424 2 2 2 17 4944 5171 7101
12425 2 2 2 17 5921 5924 6720
12426 2 2 2 17 3157 451 6966
12427 2 2 2 17 5655 5654 7158
12428 2 2 2 17 4948 4552 6330
12429 2 2 2 17 3675 3676 3677
12430 2 2 2 17 5439 6426 7531
12431 2 2 2 17 4976 4979 6399
12432 2 2 2 17 4057 6905 7383
12433 2 2 2 17 3561 3555 5925
12434 2 2 2 17 548 547 7288
12435 2 2 2 17 4353 4352 4354
12436 2 2 2 17 6052 5539 6934
12437 2 2 2 17 438 437 7293
12438 2 2 2 17 5315 4077 5316
12439 2 2 2 17 3467 6415 6716
12440 2 2 2 17 3369 3370 3371
12441 2 2 2 17 7082 3292 7295
12442 2 2 2 17 6144 5149 6625
12443 2 2 2 17 5539 6229 6934
12444 2 2 2 17 3984 3802 6655
12445 2 2 2 17 6676 5437 6996
12446 2 2 2 17 3247 578 6996
12447 2 2 2 17 421 420 7316
12448 2 2 2 17 4643 4641 7459
12449 2 2 2 17 5584 4208 7065
12450 2 2 2 17 6182 6180 6648
12451 2 2 2 17 6138 6379 7049
12452 2 2 2 17 6379 3398 7049
12453 2 2 2 17 3700 5668 7010
12454 2 2 2 17 583 582 7321
12455 2 2 2 17 6040 5563 7504
12456 2 2 2 17 4977 4971 6814
12457 2 2 2 17 3986 3936 6708
12458 2 2 2 17 3479 3480 6014
12459 2 2 2 17 5885 5468 7423
12460 2 2 2 17 4319 4533 6013
12461 2 2 2 17 5281 6407 6951
12462 2 2 2 17 6483 3276 7355
12463 2 2 2 17 3941 3942 3943
12464 2 2 2 17 6311 3151 7420
12465 2 2 2 17 3845 3843 3847
12466 2 2 2 17 3443 3445 3446
12467 2 2 2 17 3235 408 7009
12468 2 2 2 17 407 3288 7009
12469 2 2 2 17 447 446 7347
12470 2 2 2 17 6607 3831 7392
12471 2 2 2 17 7227 6907 7628
12472 2 2 2 17 377 6474 6698
12473 2 2 2 17 3495 6777 7528
12474 2 2 2 17 5280 6425 6954
12475 2 2 2 17 6271 4958 7094
12476 2 2 2 17 5511 4748 6364
12477 2 2 2 17 602 3256 7020
12478 2 2 2 17 3248 522 6586
12479 2 2 2 17 3271 6508 6634
12480 2 2 2 17 482 3234 7023
12481 2 2 2 17 3150 514 7024
12482 2 2 2 17 4048 4047 4049
12483 2 2 2 17 4532 6618 6772
12484 2 2 2 17 7531 6426 7541
12485 2 2 2 17 5478 5079 5479
12486 2 2 2 17 454 453 7375
12487 2 2 2 17 4588 4749 4750
12488 2 2 2 17 4667 5144 7147
12489 2 2 2 17 6376 3234 7236
12490 2 2 2 17 3490 3491 7017
12491 2 2 2 17 4686 4687 4688
12492 2 2 2 17 4220 4587 4588
12493 2 2 2 17 784 785 6633
12494 2 2 2 17 6651 3645 6687
12495 2 2 2 17 6617 5551 7343
12496 2 2 2 17 658 657 6611
12497 2 2 2 17 5249 6428 6908
12498 2 2 2 17 6395 5428 7587
12499 2 2 2 17 4612 5147 5148
12500 2 2 2 17 6373 5557 6581
12501 2 2 2 17 4158 4154 4359
12502 2 2 2 17 4646 4653 5864
12503 2 2 2 17 3933 3909 6839
12504 2 2 2 17 562 561 7407
12505 2 2 2 17 3250 511 7042
12506 2 2 2 17 3356 4690 6350
12507 2 2 2 17 4953 5846 6442
12508 2 2 2 17 6359 5366 6886
12509 2 2 2 17 3793 5698 6967
12510 2 2 2 17 6602 6225 7018
12511 2 2 2 17 4669 4666 6368
12512 2 2 2 17 573 572 7422
12513 2 2 2 17 3287 6231 6982
12514 2 2 2 17 3176 6033 6676
12515 2 2 2 17 3237 556 7054
12516 2 2 2 17 442 441 7618
12517 2 2 2 17 3687 3688 3689
12518 2 2 2 17 3289 6039 7190
12519 2 2 2 17 6707 3932 6977
12520 2 2 2 17 6870 7378 7505
12521 2 2 2 17 4642 4644 4646
12522 2 2 2 17 3741 6622 7156
12523 2 2 2 17 4679 4677 6459
12524 2 2 2 17 3608 3599 3609
12525 2 2 2 17 4228 4226 4532
12526 2 2 2 17 3754 5240 7512
12527 2 2 2 17 3937 3938 3939
12528 2 2 2 17 6603 6259 7307
12529 2 2 2 17 4441 4439 4968
12530 2 2 2 17 3823 3822 3824
12531 2 2 2 17 533 532 7548
12532 2 2 2 17 714 715 6658
12533 2 2 2 17 617 30 7544
12534 2 2 2 17 730 3277 6638
12535 2 2 2 17 6191 4923 6639
12536 2 2 2 17 4378 4376 4379
12537 2 2 2 17 653 652 7525
12538 2 2 2 17 5189 5953 7207
12539 2 2 2 17 5159 5026 6351
12540 2 2 2 17 574 3252 7073
12541 2 2 2 17 5777 6412 7298
12542 2 2 2 17 3405 3407 3408
12543 2 2 2 17 4393 5176 5889
12544 2 2 2 17 4328 5150 6813
12545 2 2 2 17 4127 4126 4128
12546 2 2 2 17 435 3160 7075
12547 2 2 2 17 6208 5410 7358
12548 2 2 2 17 510 6311 7042
12549 2 2 2 17 3858 3856 3859
12550 2 2 2 17 6231 6485 6982
12551 2 2 2 17 3325 6159 6806
12552 2 2 2 17 5057 5061 5062
12553 2 2 2 17 5725 6061 7253
12554 2 2 2 17 4790 4789 6863
12555 2 2 2 17 4497 5444 5467
12556 2 2 2 17 3278 6166 6669
12557 2 2 2 17 4207 3791 4321
12558 2 2 2 17 3835 3834 3836
12559 2 2 2 17 543 3145 7088
12560 2 2 2 17 3597 3589 3598
12561 2 2 2 17 6307 6062 7346
12562 2 2 2 17 391 3290 7093
12563 2 2 2 17 5626 4785 7588
12564 2 2 2 17 4554 3740 7239
12565 2 2 2 17 5301 5102 7102
12566 2 2 2 17 5005 5007 5008
12567 2 2 2 17 6422 6421 6423
12568 2 2 2 17 763 36 7335
12569 2 2 2 17 36 764 7335
12570 2 2 2 17 455 3268 7098
12571 2 2 2 17 3158 6347 7102
12572 2 2 2 17 7099 5834 7486
12573 2 2 2 17 5724 5721 7203
12574 2 2 2 17 4237 6585 6727
12575 2 2 2 17 6273 4511 7450
12576 2 2 2 17 6863 5485 7441
12577 2 2 2 17 6499 3253 6670
12578 2 2 2 17 6404 3629 7208
12579 2 2 2 17 4511 4188 6993
12580 2 2 2 17 6722 4092 6879
12581 2 2 2 17 4365 4367 6355
12582 2 2 2 17 4050 4049 4051
12583 2 2 2 17 5435 6520 6649
12584 2 2 2 17 4402 4197 4848
12585 2 2 2 17 4539 6357 7473
12586 2 2 2 17 5105 3318 6624
12587 2 2 2 17 4782 4780 6652
12588 2 2 2 17 3201 6382 7057
12589 2 2 2 17 6382 5373 7057
12590 2 2 2 17 5341 5340 5397
12591 2 2 2 17 4591 4560 6068
12592 2 2 2 17 5148 5613 6271
12593 2 2 2 17 619 3244 7111
12594 2 2 2 17 6284 6534 7184
12595 2 2 2 17 5387 6498 6792
12596 2 2 2 17 458 457 6628
12597 2 2 2 17 3745 4547 7008
12598 2 2 2 17 6476 6462 6713
12599 2 2 2 17 4496 3475 7112
12600 2 2 2 17 674 3169 6603
12601 2 2 2 17 5425 6016 7138
12602 2 2 2 17 5305 6493 6623
12603 2 2 2 17 6612 3256 6910
12604 2 2 2 17 3713 4117 5438
12605 2 2 2 17 3173 376 7114
12606 2 2 2 17 3165 650 7118
12607 2 2 2 17 3218 6196 7162
12608 2 2 2 17 3263 373 7119
12609 2 2 2 17 369 6334 7267
12610 2 2 2 17 614 3274 7122
12611 2 2 2 17 6048 615 7122
12612 2 2 2 17 4275 4307 6756
12613 2 2 2 17 4450 4451 4452
12614 2 2 2 17 3474 3477 6788
12615 2 2 2 17 6044 3171 7317
12616 2 2 2 17 7016 5623 7131
12617 2 2 2 17 4061 4060 4062
12618 2 2 2 17 5047 5049 5050
12619 2 2 2 17 5301 6347 6759
12620 2 2 2 17 3440 3441 3442
12621 2 2 2 17 5647 6435 7265
12622 2 2 2 17 4550 4504 6791
12623 2 2 2 17 430 429 6630
12624 2 2 2 17 5293 5294 7327
12625 2 2 2 17 3630 3628 3631
12626 2 2 2 17 5579 6048 7122
12627 2 2 2 17 5869 4120 6989
12628 2 2 2 17 4234 4177 4507
12629 2 2 2 17 3484 3485 3486
12630 2 2 2 17 6310 4875 6431
12631 2 2 2 17 592 591 6634
12632 2 2 2 17 6621 4931 7515
12633 2 2 2 17 3384 3386 3498
12634 2 2 2 17 6430 3932 7535
12635 2 2 2 17 5564 5357 7010
12636 2 2 2 17 4957 6223 6646
12637 2 2 2 17 4875 4489 5135
12638 2 2 2 17 5273 4120 5869
12639 2 2 2 17 4152 4755 4958
12640 2 2 2 17 3841 3849 6965
12641 2 2 2 17 452 3157 7160
12642 2 2 2 17 417 3163 7161
12643 2 2 2 17 5735 5736 6677
12644 2 2 2 17 4815 4817 4891
12645 2 2 2 17 5611 6436 6678
12646 2 2 2 17 4393 4392 5176
12647 2 2 2 17 6061 5723 7381
12648 2 2 2 17 3511 3503 3752
12649 2 2 2 17 3255 431 7173
12650 2 2 2 17 4738 4728 6648
12651 2 2 2 17 668 3168 6617
12652 2 2 2 17 6332 575 7073
12653 2 2 2 17 5545 4563 5741
12654 2 2 2 17 3513 3493 6776
12655 2 2 2 17 3686 3687 6891
12656 2 2 2 17 4052 4051 4053
12657 2 2 2 17 659 3238 7184
12658 2 2 2 17 3616 3614 3617
12659 2 2 2 17 555 6345 7054
12660 2 2 2 17 3204 388 7190
12661 2 2 2 17 387 3289 7190
12662 2 2 2 17 3626 3624 3627
12663 2 2 2 17 594 3179 7194
12664 2 2 2 17 3164 6269 7269
12665 2 2 2 17 4119 3756 5809
12666 2 2 2 17 4321 6482 7000
12667 2 2 2 17 5992 3510 6477
12668 2 2 2 17 4556 4239 6505
12669 2 2 2 17 3689 3708 3709
12670 2 2 2 17 3155 462 7201
12671 2 2 2 17 4347 4346 6278
12672 2 2 2 17 3401 3402 3404
12673 2 2 2 17 3371 3372 3373
12674 2 2 2 17 743 744 6773
12675 2 2 2 17 6456 427 6895
12676 2 2 2 17 5088 5097 6372
12677 2 2 2 17 6120 6088 6654
12678 2 2 2 17 3957 3958 3959
12679 2 2 2 17 3169 6448 7108
12680 2 2 2 17 6448 5211 7108
12681 2 2 2 17 5985 524 6868
12682 2 2 2 17 4680 5456 5457
12683 2 2 2 17 3837 3836 3838
12684 2 2 2 17 3973 3891 6909
12685 2 2 2 17 7051 5434 7468
12686 2 2 2 17 4504 4502 4506
12687 2 2 2 17 4265 4266 4740
12688 2 2 2 17 5766 5767 6658
12689 2 2 2 17 5864 5355 7532
12690 2 2 2 17 5037 5039 5040
12691 2 2 2 17 571 3175 7213
12692 2 2 2 17 5981 5982 7551
12693 2 2 2 17 4301 4304 4411
12694 2 2 2 17 6237 3293 6739
12695 2 2 2 17 476 475 6642
12696 2 2 2 17 4063 4062 4107
12697 2 2 2 17 3284 642 7223
12698 2 2 2 17 5981 4134 5982
12699 2 2 2 17 5629 5738 7120
12700 2 2 2 17 3622 3620 3623
12701 2 2 2 17 5433 6383 6883
12702 2 2 2 17 6845 4911 7605
12703 2 2 2 17 4409 5300 5355
12704 2 2 2 17 506 3241 7233
12705 2 2 2 17 6020 6021 6710
12706 2 2 2 17 5339 4398 6570
12707 2 2 2 17 4104 4295 4296
12708 2 2 2 17 5025 5028 5029
12709 2 2 2 17 4949 4948 5138
12710 2 2 2 17 3334 3333 5942
12711 2 2 2 17 6900 4672 6929
12712 2 2 2 17 3603 3604 3710
12713 2 2 2 17 4661 4662 4663
12714 2 2 2 17 3416 3417 6486
12715 2 2 2 17 3874 3870 3875
12716 2 2 2 17 6549 403 6734
12717 2 2 2 17 4374 4372 4375
12718 2 2 2 17 4872 4871 5449
12719 2 2 2 17 6758 5787 7427
12720 2 2 2 17 4999 5001 5002
12721 2 2 2 17 500 3258 7245
12722 2 2 2 17 397 19 6644
12723 2 2 2 17 3407 3739 7261
12724 2 2 2 17 6193 5151 6669
12725 2 2 2 17 540 3228 7253
12726 2 2 2 17 6061 541 7253
12727 2 2 2 17 3953 3954 3955
12728 2 2 2 17 3798 4462 4934
12729 2 2 2 17 5649 4946 6673
12730 2 2 2 17 485 3192 7257
12731 2 2 2 17 4150 3995 4672
12732 2 2 2 17 6517 5400 7177
12733 2 2 2 17 3259 607 7260
12734 2 2 2 17 5889 5176 6385
12735 2 2 2 17 415 3273 7264
12736 2 2 2 17 5166 5933 7032
12737 2 2 2 17 529 3265 7265
12738 2 2 2 17 3868 3866 3869
12739 2 2 2 17 3172 370 7267
12740 2 2 2 17 6473 3831 6607
12741 2 2 2 17 6249 6033 6660
12742 2 2 2 17 3145 6061 7381
12743 2 2 2 17 4850 4853 6690
12744 2 2 2 17 3462 3463 3464
12745 2 2 2 17 3245 425 7278
12746 2 2 2 17 5303 6814 7113
12747 2 2 2 17 3880 3878 3881
12748 2 2 2 17 5816 6283 6919
12749 2 2 2 17 7054 5737 7557
12750 2 2 2 17 3552 3551 3554
12751 2 2 2 17 385 3240 7294
12752 2 2 2 17 3289 386 7294
12753 2 2 2 17 4530 4529 4531
12754 2 2 2 17 4933 6211 6686
12755 2 2 2 17 5751 5147 7140
12756 2 2 2 17 3270 676 7307
12757 2 2 2 17 4169 4426 5427
12758 2 2 2 17 3363 3362 7129
12759 2 2 2 17 3267 596 7312
12760 2 2 2 17 6474 5294 6698
12761 2 2 2 17 3171 364 7317
12762 2 2 2 17 6455 4056 7302
12763 2 2 2 17 3615 3699 7632
12764 2 2 2 17 682 683 6691
12765 2 2 2 17 4108 4107 4116
12766 2 2 2 17 4477 4476 4478
12767 2 2 2 17 4458 4459 4538
12768 2 2 2 17 6269 410 7332
12769 2 2 2 17 409 3235 7332
12770 2 2 2 17 6321 507 7233
12771 2 2 2 17 5884 5770 7237
12772 2 2 2 17 3417 3420 6486
12773 2 2 2 17 3257 670 7343
12774 2 2 2 17 3782 5702 6832
12775 2 2 2 17 4117 4497 6849
12776 2 2 2 17 5173 5967 6647
12777 2 2 2 17 4339 4336 6730
12778 2 2 2 17 6439 483 7023
12779 2 2 2 17 4930 4635 5136
12780 2 2 2 17 5493 5492 6699
12781 2 2 2 17 4247 4873 4931
12782 2 2 2 17 3839 3838 3840
12783 2 2 2 17 6538 6539 6770
12784 2 2 2 17 6778 5852 6853
12785 2 2 2 17 4141 4203 4204
12786 2 2 2 17 6367 6366 7075
12787 2 2 2 17 4247 4931 6621
12788 2 2 2 17 6286 5705 7044
12789 2 2 2 17 3886 3884 6026
12790 2 2 2 17 605 3181 7601
12791 2 2 2 17 7488 5480 7523
12792 2 2 2 17 4974 4976 4980
12793 2 2 2 17 371 3172 7593
12794 2 2 2 17 3193 473 7403
12795 2 2 2 17 6189 5512 6641
12796 2 2 2 17 365 3171 7404
12797 2 2 2 17 3262 631 7591
12798 2 2 2 17 537 3146 7405
12799 2 2 2 17 3146 26 7580
12800 2 2 2 17 4686 4684 4687
12801 2 2 2 17 757 758 6971
12802 2 2 2 17 651 3165 7425
12803 2 2 2 17 3517 3518 6306
12804 2 2 2 17 4680 5457 6459
12805 2 2 2 17 3978 4247 6621
12806 2 2 2 17 3157 6336 7553
12807 2 2 2 17 3455 5550 7325
12808 2 2 2 17 4470 4467 6718
12809 2 2 2 17 4417 4416 6441
12810 2 2 2 17 3230 31 7444
12811 2 2 2 17 636 6276 7444
12812 2 2 2 17 400 6287 7447
12813 2 2 2 17 3246 401 7447
12814 2 2 2 17 3156 22 7449
12815 2 2 2 17 4553 6689 7616
12816 2 2 2 17 3194 468 7524
12817 2 2 2 17 440 3159 7467
12818 2 2 2 17 3244 618 7497
12819 2 2 2 17 6236 3204 6677
12820 2 2 2 17 4326 4325 4327
12821 2 2 2 17 28 3176 6676
12822 2 2 2 17 3384 3498 6600
12823 2 2 2 17 3710 4254 4258
12824 2 2 2 17 6311 5472 7042
12825 2 2 2 17 4969 3479 6668
12826 2 2 2 17 5404 5470 7154
12827 2 2 2 17 3777 3778 3779
12828 2 2 2 17 5861 5842 7451
12829 2 2 2 17 6600 6186 6846
12830 2 2 2 17 3465 3467 6716
12831 2 2 2 17 4408 5367 5368
12832 2 2 2 17 3449 3451 3452
12833 2 2 2 17 4452 4453 4454
12834 2 2 2 17 3315 3313 6624
12835 2 2 2 17 741 3207 7364
12836 2 2 2 17 4774 4773 4775
12837 2 2 2 17 4462 3747 6776
12838 2 2 2 17 5378 5894 7383
12839 2 2 2 17 4148 4194 6785
12840 2 2 2 17 6106 6105 7132
12841 2 2 2 17 3486 3743 3744
12842 2 2 2 17 624 623 6670
12843 2 2 2 17 3905 3903 3906
12844 2 2 2 17 3695 6664 7150
12845 2 2 2 17 5063 5065 5066
12846 2 2 2 17 6215 6216 7219
12847 2 2 2 17 5524 5841 6302
12848 2 2 2 17 4538 4613 4615
12849 2 2 2 17 5586 5590 7242
12850 2 2 2 17 3290 6236 7200
12851 2 2 2 17 649 6429 7118
12852 2 2 2 17 6323 3259 7260
12853 2 2 2 17 3520 3515 3533
12854 2 2 2 17 357 17 6678
12855 2 2 2 17 3373 3374 3375
12856 2 2 2 17 7105 6060 7321
12857 2 2 2 17 6776 5335 7370
12858 2 2 2 17 6148 6691 7064
12859 2 2 2 17 557 6497 6942
12860 2 2 2 17 5276 6650 7359
12861 2 2 2 17 3755 3436 6472
12862 2 2 2 17 6437 620 7111
12863 2 2 2 17 6552 3738 7362
12864 2 2 2 17 5144 5972 6724
12865 2 2 2 17 3398 7011 7049
12866 2 2 2 17 630 6256 7591
12867 2 2 2 17 6529 3266 7352
12868 2 2 2 17 769 770 6726
12869 2 2 2 17 3848 3847 3855
12870 2 2 2 17 6370 7304 7571
12871 2 2 2 17 6343 4091 7526
12872 2 2 2 17 5290 5159 6607
12873 2 2 2 17 3235 7009 7442
12874 2 2 2 17 3555 3554 3705
12875 2 2 2 17 4235 4237 6727
12876 2 2 2 17 7018 6225 7117
12877 2 2 2 17 4934 5162 5508
12878 2 2 2 17 6205 6126 6728
12879 2 2 2 17 4055 4019 6693
12880 2 2 2 17 4149 5230 5576
12881 2 2 2 17 6033 5437 6676
12882 2 2 2 17 6252 3245 7577
12883 2 2 2 17 3901 3899 3902
12884 2 2 2 17 3841 3840 3849
12885 2 2 2 17 3647 3644 3648
12886 2 2 2 17 5414 5236 6466
12887 2 2 2 17 3891 3888 3892
12888 2 2 2 17 3952 3953 7340
12889 2 2 2 17 4328 4327 5150
12890 2 2 2 17 5760 4532 5761
12891 2 2 2 17 5232 6424 6606
12892 2 2 2 17 3610 3609 3611
12893 2 2 2 17 3417 3419 3420
12894 2 2 2 17 3642 3640 3643
12895 2 2 2 17 380 379 6695
12896 2 2 2 17 5979 5980 6575
12897 2 2 2 17 5160 4831 6703
12898 2 2 2 17 608 3259 6653
12899 2 2 2 17 4108 4116 6541
12900 2 2 2 17 6333 3172 7267
12901 2 2 2 17 6639 4925 7367
12902 2 2 2 17 3411 3413 3414
12903 2 2 2 17 6012 3227 6843
12904 2 2 2 17 6179 6669 7421
12905 2 2 2 17 5319 5320 5321
12906 2 2 2 17 3798 4934 6655
12907 2 2 2 17 378 377 6698
12908 2 2 2 17 592 6634 6733
12909 2 2 2 17 4100 5944 7309
12910 2 2 2 17 3555 3705 5925
12911 2 2 2 17 5300 6526 7540
12912 2 2 2 17 3799 3798 6655
12913 2 2 2 17 6643 5382 7569
12914 2 2 2 17 6094 3264 7454
12915 2 2 2 17 536 535 6700
12916 2 2 2 17 5371 6332 7073
12917 2 2 2 17 3860 3859 3861
12918 2 2 2 17 4350 4182 6801
12919 2 2 2 17 5848 5934 6740
12920 2 2 2 17 5516 4508 6719
12921 2 2 2 17 4445 4448 6771
12922 2 2 2 17 3273 6522 7264
12923 2 2 2 17 3548 3436 3755
12924 2 2 2 17 5960 5338 7087
12925 2 2 2 17 6483 6130 7501
12926 2 2 2 17 6007 5936 6769
12927 2 2 2 17 5163 5164 6742
12928 2 2 2 17 641 6411 7223
12929 2 2 2 17 6174 6227 7256
12930 2 2 2 17 3270 6389 7434
12931 2 2 2 17 3897 3895 3898
12932 2 2 2 17 6285 6252 7577
12933 2 2 2 17 6467 5658 7545
12934 2 2 2 17 5009 5011 5012
12935 2 2 2 17 6051 6456 6895
12936 2 2 2 17 4286 4287 4655
12937 2 2 2 17 3329 3327 3504
12938 2 2 2 17 6456 6051 7301
12939 2 2 2 17 472 6346 7403
12940 2 2 2 17 6364 4746 6503
12941 2 2 2 17 4983 4984 6743
12942 2 2 2 17 7419 5739 7492
12943 2 2 2 17 5892 5985 6868
12944 2 2 2 17 4430 4232 4562
12945 2 2 2 17 424 423 6710
12946 2 2 2 17 4146 6043 7138
12947 2 2 2 17 3494 5812 7416
12948 2 2 2 17 4367 4522 6355
12949 2 2 2 17 4621 5543 6460
12950 2 2 2 17 4529 4404 6400
12951 2 2 2 17 4677 4676 4680
12952 2 2 2 17 3446 3447 3448
12953 2 2 2 17 6414 501 7245
12954 2 2 2 17 6389 5926 7434
12955 2 2 2 17 4068 4163 6741
12956 2 2 2 17 4356 6754 6755
12957 2 2 2 17 4342 4341 6674
12958 2 2 2 17 513 5914 7024
12959 2 2 2 17 6228 6339 6762
12960 2 2 2 17 6317 4961 7034
12961 2 2 2 17 3212 6564 6773
12962 2 2 2 17 3632 3631 3633
12963 2 2 2 17 3436 3437 6472
12964 2 2 2 17 3453 3455 3456
12965 2 2 2 17 6642 475 6750
12966 2 2 2 17 4360 4359 4767
12967 2 2 2 17 6189 6641 6671
12968 2 2 2 17 5140 5142 6753
12969 2 2 2 17 6855 4093 7628
12970 2 2 2 17 4780 4779 5195
12971 2 2 2 17 6073 6269 7332
12972 2 2 2 17 769 6726 6794
12973 2 2 2 17 5466 6549 6734
12974 2 2 2 17 6043 5425 7138
12975 2 2 2 17 6434 5626 7588
12976 2 2 2 17 6567 3208 7280
12977 2 2 2 17 5297 5295 6757
12978 2 2 2 17 4199 4515 7169
12979 2 2 2 17 3612 3611 3613
12980 2 2 2 17 6431 4579 7169
12981 2 2 2 17 4826 4827 6649
12982 2 2 2 17 5449 6413 7512
12983 2 2 2 17 5067 5069 5070
12984 2 2 2 17 6363 3792 7186
12985 2 2 2 17 666 665 6725
12986 2 2 2 17 4768 5483 6987
12987 2 2 2 17 6347 5301 7102
12988 2 2 2 17 5971 3269 7143
12989 2 2 2 17 6324 6323 7260
12990 2 2 2 17 5184 5630 6765
12991 2 2 2 17 5199 6583 6998
12992 2 2 2 17 6907 6855 7628
12993 2 2 2 17 6608 5131 6627
12994 2 2 2 17 5694 5693 6945
12995 2 2 2 17 6126 6125 6768
12996 2 2 2 17 3179 6733 6792
12997 2 2 2 17 5321 5322 5323
12998 2 2 2 17 4931 5713 6637
12999 2 2 2 17 3469 3465 6716
13000 2 2 2 17 479 3191 6696
13001 2 2 2 17 6861 617 7544
13002 2 2 2 17 3408 3409 3410
13003 2 2 2 17 3618 3617 3619
13004 2 2 2 17 3782 3458 5227
13005 2 2 2 17 450 6543 6966
13006 2 2 2 17 593 592 6733
13007 2 2 2 17 3862 3861 3863
13008 2 2 2 17 3780 3410 5374
13009 2 2 2 17 403 402 6734
13010 2 2 2 17 4935 4541 6406
13011 2 2 2 17 6038 416 7264
13012 2 2 2 17 5789 5798 6933
13013 2 2 2 17 7078 3562 7520
13014 2 2 2 17 6435 530 7265
13015 2 2 2 17 534 533 7143
13016 2 2 2 17 4384 4383 4385
13017 2 2 2 17 3532 3525 4084
13018 2 2 2 17 5943 7082 7295
13019 2 2 2 17 6634 5390 6733
13020 2 2 2 17 5232 6606 6938
13021 2 2 2 17 3375 3376 3377
13022 2 2 2 17 3414 3416 3781
13023 2 2 2 17 3187 6546 7032
13024 2 2 2 17 6391 3156 7449
13025 2 2 2 17 3171 6398 7404
13026 2 2 2 17 4962 6736 7069
13027 2 2 2 17 4768 4767 5483
13028 2 2 2 17 4007 5612 7415
13029 2 2 2 17 5662 6439 7023
13030 2 2 2 17 4297 4299 5352
13031 2 2 2 17 3197 6288 7079
13032 2 2 2 17 4979 4983 6399
13033 2 2 2 17 6565 4539 7473
13034 2 2 2 17 5610 5921 7263
13035 2 2 2 17 4129 4128 6589
13036 2 2 2 17 6287 5696 7447
13037 2 2 2 17 746 747 6783
13038 2 2 2 17 3876 3875 3877
13039 2 2 2 17 3233 584 6712
13040 2 2 2 17 3785 3721 5887
13041 2 2 2 17 3399 3592 6751
13042 2 2 2 17 5982 6490 6491
13043 2 2 2 17 3634 3633 3635
13044 2 2 2 17 4676 4582 6425
13045 2 2 2 17 3190 757 6971
13046 2 2 2 17 6637 3362 6721
13047 2 2 2 17 4390 6681 6682
13048 2 2 2 17 6121 4889 6787
13049 2 2 2 17 6849 4427 7409
13050 2 2 2 17 3359 6737 7391
13051 2 2 2 17 5390 5387 6792
13052 2 2 2 17 3825 3824 6602
13053 2 2 2 17 5203 4571 5204
13054 2 2 2 17 475 474 6750
13055 2 2 2 17 3657 3655 3776
13056 2 2 2 17 5423 5426 6793
13057 2 2 2 17 4970 4972 6667
13058 2 2 2 17 768 769 6794
13059 2 2 2 17 4523 4567 6663
13060 2 2 2 17 6424 3194 7524
13061 2 2 2 17 4487 4486 4488
13062 2 2 2 17 5213 5215 6986
13063 2 2 2 17 5171 6647 7101
13064 2 2 2 17 359 3170 6720
13065 2 2 2 17 3917 3915 3931
13066 2 2 2 17 3882 3881 3883
13067 2 2 2 17 4386 4385 4389
13068 2 2 2 17 5360 6826 6844
13069 2 2 2 17 3864 3863 3871
13070 2 2 2 17 4506 6447 7489
13071 2 2 2 17 5416 5415 7426
13072 2 2 2 17 4467 4466 6718
13073 2 2 2 17 444 443 6759
13074 2 2 2 17 6023 7048 7552
13075 2 2 2 17 6900 6929 6957
13076 2 2 2 17 581 580 6760
13077 2 2 2 17 5573 5574 7491
13078 2 2 2 17 3678 3679 7538
13079 2 2 2 17 6339 5208 6762
13080 2 2 2 17 3487 5865 7519
13081 2 2 2 17 5543 4623 6452
13082 2 2 2 17 5082 5084 5900
13083 2 2 2 17 4701 4699 4702
13084 2 2 2 17 5013 5015 5016
13085 2 2 2 17 6509 5282 6614
13086 2 2 2 17 6598 6242 7082
13087 2 2 2 17 4795 5329 5382
13088 2 2 2 17 6497 5681 6942
13089 2 2 2 17 4792 4794 7571
13090 2 2 2 17 6478 3778 6735
13091 2 2 2 17 4204 4205 4604
13092 2 2 2 17 748 749 6804
13093 2 2 2 17 5523 5524 6864
13094 2 2 2 17 5323 5324 5325
13095 2 2 2 17 4645 5907 5908
13096 2 2 2 17 4479 4478 4480
13097 2 2 2 17 4992 4994 6518
13098 2 2 2 17 5053 5055 5058
13099 2 2 2 17 3991 3990 6693
13100 2 2 2 17 4214 4213 4371
13101 2 2 2 17 3636 3635 3637
13102 2 2 2 17 5153 4138 5154
13103 2 2 2 17 5205 5204 5206
13104 2 2 2 17 4987 4988 4989
13105 2 2 2 17 4959 6189 6671
13106 2 2 2 17 6461 366 7404
13107 2 2 2 17 3383 3384 6600
13108 2 2 2 17 6770 6539 7424
13109 2 2 2 17 3919 3917 6640
13110 2 2 2 17 3800 4005 6836
13111 2 2 2 17 3543 3540 3544
13112 2 2 2 17 6534 6284 7337
13113 2 2 2 17 3834 3829 6818
13114 2 2 2 17 4311 4312 6659
13115 2 2 2 17 3379 3380 3383
13116 2 2 2 17 5999 516 7141
13117 2 2 2 17 6184 3200 7061
13118 2 2 2 17 3357 3356 3358
13119 2 2 2 17 6431 5135 7582
13120 2 2 2 17 3907 3906 3908
13121 2 2 2 17 4515 6310 7169
13122 2 2 2 17 4436 4438 7543
13123 2 2 2 17 5926 5611 7434
13124 2 2 2 17 6445 5438 6780
13125 2 2 2 17 4780 5195 6652
13126 2 2 2 17 6226 4872 6672
13127 2 2 2 17 7040 5602 7041
13128 2 2 2 17 3884 3883 3982
13129 2 2 2 17 6028 6565 7473
13130 2 2 2 17 6242 3292 7082
13131 2 2 2 17 6228 6762 7595
13132 2 2 2 17 4703 4702 4704
13133 2 2 2 17 3440 3442 6950
13134 2 2 2 17 4481 4480 5278
13135 2 2 2 17 4684 4683 6480
13136 2 2 2 17 3564 3547 3565
13137 2 2 2 17 3377 3378 3379
13138 2 2 2 17 5587 7065 7179
13139 2 2 2 17 4437 4435 4539
13140 2 2 2 17 6346 6006 7403
13141 2 2 2 17 4173 4097 4356
13142 2 2 2 17 6652 5195 7090
13143 2 2 2 17 5382 5383 6058
13144 2 2 2 17 6860 5534 6861
13145 2 2 2 17 6028 3707 6954
13146 2 2 2 17 4655 4656 5212
13147 2 2 2 17 6487 3262 7591
13148 2 2 2 17 4060 4054 6811
13149 2 2 2 17 3706 3557 6574
13150 2 2 2 17 3527 6306 6578
13151 2 2 2 17 4126 4114 6816
13152 2 2 2 17 3665 3663 3666
13153 2 2 2 17 3583 3564 6960
13154 2 2 2 17 5294 6474 7327
13155 2 2 2 17 6504 6823 7130
13156 2 2 2 17 6444 4651 7069
13157 2 2 2 17 3661 3659 3662
13158 2 2 2 17 3357 3360 4696
13159 2 2 2 17 3714 3473 6788
13160 2 2 2 17 4794 4790 6863
13161 2 2 2 17 4216 6409 7163
13162 2 2 2 17 6113 3424 6827
13163 2 2 2 17 5187 3809 7502
13164 2 2 2 17 6029 6791 7489
13165 2 2 2 17 3649 3648 3650
13166 2 2 2 17 4672 3995 6929
13167 2 2 2 17 493 492 6798
13168 2 2 2 17 5311 5313 7274
13169 2 2 2 17 5159 6352 6607
13170 2 2 2 17 3491 6302 7017
13171 2 2 2 17 3671 3669 3787
13172 2 2 2 17 7057 6395 7587
13173 2 2 2 17 3638 3637 3645
13174 2 2 2 17 3893 3892 3894
13175 2 2 2 17 3940 3941 7537
13176 2 2 2 17 5867 6642 6750
13177 2 2 2 17 6023 5857 7048
13178 2 2 2 17 5815 5816 6919
13179 2 2 2 17 6508 5390 6634
13180 2 2 2 17 5587 5584 7065
13181 2 2 2 17 4330 4328 6813
13182 2 2 2 17 3536 3538 6535
13183 2 2 2 17 3719 6608 6627
13184 2 2 2 17 4364 4365 4764
13185 2 2 2 17 3459 3461 3462
13186 2 2 2 17 5764 7369 7573
13187 2 2 2 17 4336 4335 6730
13188 2 2 2 17 6956 5461 7015
13189 2 2 2 17 3724 3726 4390
13190 2 2 2 17 6484 3160 7319
13191 2 2 2 17 4563 4562 6301
13192 2 2 2 17 3146 6509 7405
13193 2 2 2 17 5207 5206 6692
13194 2 2 2 17 4433 4431 5565
13195 2 2 2 17 3909 3908 3910
13196 2 2 2 17 3696 5997 6572
13197 2 2 2 17 4534 4536 5674
13198 2 2 2 17 5542 6012 6843
13199 2 2 2 17 6670 623 6914
13200 2 2 2 17 6288 6769 7079
13201 2 2 2 17 6152 6143 6846
13202 2 2 2 17 6687 3645 7254
13203 2 2 2 17 4817 4819 6596
13204 2 2 2 17 4597 5547 7333
13205 2 2 2 17 7275 4111 7606
13206 2 2 2 17 4315 4317 5169
13207 2 2 2 17 3207 742 6848
13208 2 2 2 17 7396 5442 7519
13209 2 2 2 17 6712 6060 7510
13210 2 2 2 17 3342 3344 3717
13211 2 2 2 17 5251 4590 5252
13212 2 2 2 17 4696 4697 4698
13213 2 2 2 17 3923 3921 3924
13214 2 2 2 17 6092 6096 6854
13215 2 2 2 17 4500 4498 5608
13216 2 2 2 17 3360 3358 3361
13217 2 2 2 17 3242 664 6779
13218 2 2 2 17 5298 4751 6852
13219 2 2 2 17 6622 3565 7156
13220 2 2 2 17 6525 486 7257
13221 2 2 2 17 3572 3570 3573
13222 2 2 2 17 6843 5242 7406
13223 2 2 2 17 4789 4787 5824
13224 2 2 2 17 3239 566 6781
13225 2 2 2 17 5388 6805 6880
13226 2 2 2 17 3620 3619 6731
13227 2 2 2 17 3364 3363 3365
13228 2 2 2 17 4651 4962 7069
13229 2 2 2 17 5691 4902 6705
13230 2 2 2 17 4296 6506 7310
13231 2 2 2 17 3448 3449 6735
13232 2 2 2 17 598 597 7339
13233 2 2 2 17 3929 3927 4016
13234 2 2 2 17 4407 4342 6674
13235 2 2 2 17 5990 5688 7269
13236 2 2 2 17 3167 7337 7596
13237 2 2 2 17 6927 4358 7059
13238 2 2 2 17 3683 3681 6445
13239 2 2 2 17 4984 4987 6743
13240 2 2 2 17 5846 4951 6451
13241 2 2 2 17 3489 6479 7175
13242 2 2 2 17 6667 6746 7292
13243 2 2 2 17 3651 3650 3652
13244 2 2 2 17 6797 5186 7565
13245 2 2 2 17 3183 6048 7631
13246 2 2 2 17 3745 3744 3746
13247 2 2 2 17 3414 3415 3416
13248 2 2 2 17 5386 5388 6880
13249 2 2 2 17 4830 5160 5435
13250 2 2 2 17 5545 5741 7130
13251 2 2 2 17 4497 5467 6849
13252 2 2 2 17 5704 4294 7387
13253 2 2 2 17 4875 5135 6431
13254 2 2 2 17 5749 6528 7518
13255 2 2 2 17 3956 6519 6520
13256 2 2 2 17 3854 7125 7559
13257 2 2 2 17 4380 4379 6342
13258 2 2 2 17 4439 4437 6565
13259 2 2 2 17 3679 3677 3680
13260 2 2 2 17 5780 5712 7432
13261 2 2 2 17 6748 3981 7067
13262 2 2 2 17 3911 3910 3912
13263 2 2 2 17 5253 5252 5254
13264 2 2 2 17 4567 4566 7585
13265 2 2 2 17 3318 3315 6624
13266 2 2 2 17 666 6725 6911
13267 2 2 2 17 4904 4688 4908
13268 2 2 2 17 3675 3673 3676
13269 2 2 2 17 6274 5908 6977
13270 2 2 2 17 7048 3184 7552
13271 2 2 2 17 4376 4375 6353
13272 2 2 2 17 4698 4699 4700
13273 2 2 2 17 6275 3328 7231
13274 2 2 2 17 6703 5296 6704
13275 2 2 2 17 6262 5559 7224
13276 2 2 2 17 6330 4550 6791
13277 2 2 2 17 4183 4190 6553
13278 2 2 2 17 3157 6623 7160
13279 2 2 2 17 5339 6570 6571
13280 2 2 2 17 5833 7119 7593
13281 2 2 2 17 4136 6956 7015
13282 2 2 2 17 5444 5167 6983
13283 2 2 2 17 5639 6404 7521
13284 2 2 2 17 5907 4643 7459
13285 2 2 2 17 4901 4750 5103
13286 2 2 2 17 6160 5130 6973
13287 2 2 2 17 6762 3250 7595
13288 2 2 2 17 4625 4930 6452
13289 2 2 2 17 4834 6882 7019
13290 2 2 2 17 3456 3457 3458
13291 2 2 2 17 3947 3945 3993
13292 2 2 2 17 394 3203 6807
13293 2 2 2 17 5058 6797 7565
13294 2 2 2 17 6739 3293 7452
13295 2 2 2 17 3941 3939 3942
13296 2 2 2 17 3500 3490 7017
13297 2 2 2 17 6539 4555 6631
13298 2 2 2 17 6048 6338 7631
13299 2 2 2 17 3726 4554 6680
13300 2 2 2 17 4388 4386 6542
13301 2 2 2 17 5450 6502 7297
13302 2 2 2 17 5178 5677 6559
13303 2 2 2 17 3276 6483 7501
13304 2 2 2 17 3653 3652 3703
13305 2 2 2 17 5824 6652 7090
13306 2 2 2 17 3687 3685 3688
13307 2 2 2 17 4293 4140 7218
13308 2 2 2 17 3884 3982 6026
13309 2 2 2 17 3937 3935 3938
13310 2 2 2 17 4530 4531 6406
13311 2 2 2 17 4481 5278 7013
13312 2 2 2 17 5591 6390 6860
13313 2 2 2 17 5165 6018 6906
13314 2 2 2 17 3326 6275 7574
13315 2 2 2 17 4821 4823 5223
13316 2 2 2 17 4455 4458 6841
13317 2 2 2 17 4656 4658 6857
13318 2 2 2 17 5495 5491 6918
13319 2 2 2 17 3426 3428 3434
13320 2 2 2 17 5041 5043 6551
13321 2 2 2 17 6170 3210 7341
13322 2 2 2 17 3175 6646 7213
13323 2 2 2 17 3913 3912 3932
13324 2 2 2 17 5097 5903 5948
13325 2 2 2 17 6884 5058 7565
13326 2 2 2 17 6675 5223 7272
13327 2 2 2 17 5250 5249 6908
13328 2 2 2 17 6680 4554 7551
13329 2 2 2 17 3777 5877 6831
13330 2 2 2 17 5764 7127 7369
13331 2 2 2 17 5457 6892 7463
13332 2 2 2 17 3302 3303 6912
13333 2 2 2 17 4700 4701 5244
13334 2 2 2 17 6229 6264 6934
13335 2 2 2 17 5255 5254 5398
13336 2 2 2 17 4110 4108 6541
13337 2 2 2 17 5818 4799 6851
13338 2 2 2 17 4797 4796 5317
13339 2 2 2 17 3443 3446 6831
13340 2 2 2 17 3557 3587 6574
13341 2 2 2 17 4744 5289 6503
13342 2 2 2 17 3147 6435 7590
13343 2 2 2 17 5304 5305 7366
13344 2 2 2 17 4412 4414 6557
13345 2 2 2 17 3273 5906 7617
13346 2 2 2 17 6238 3188 6888
13347 2 2 2 17 412 3164 6821
13348 2 2 2 17 6958 5536 7254
13349 2 2 2 17 3534 3553 7217
13350 2 2 2 17 4680 4676 5280
13351 2 2 2 17 4825 4813 6467
13352 2 2 2 17 4423 4274 4897
13353 2 2 2 17 4386 4389 6542
13354 2 2 2 17 515 3150 7141
13355 2 2 2 17 5070 5071 5073
13356 2 2 2 17 3535 3527 6578
13357 2 2 2 17 3473 3474 6788
13358 2 2 2 17 4411 4412 4546
13359 2 2 2 17 5934 441 7467
13360 2 2 2 17 524 523 6868
13361 2 2 2 17 3579 3577 3738
13362 2 2 2 17 5900 4007 7415
13363 2 2 2 17 5050 5051 5052
13364 2 2 2 17 5239 6598 7082
13365 2 2 2 17 6506 3699 7310
13366 2 2 2 17 5295 6703 6757
13367 2 2 2 17 6703 4831 6757
13368 2 2 2 17 5026 5017 6351
13369 2 2 2 17 5545 6823 7438
13370 2 2 2 17 6562 5346 7399
13371 2 2 2 17 3895 3894 6799
13372 2 2 2 17 784 6633 7388
13373 2 2 2 17 430 6630 7173
13374 2 2 2 17 4683 4679 6459
13375 2 2 2 17 4843 5302 7133
13376 2 2 2 17 5307 6516 7080
13377 2 2 2 17 5575 4943 6980
13378 2 2 2 17 5917 6343 7526
13379 2 2 2 17 766 767 6928
13380 2 2 2 17 5040 5041 5059
13381 2 2 2 17 6387 6386 6867
13382 2 2 2 17 6413 3754 7512
13383 2 2 2 17 4476 4473 6922
13384 2 2 2 17 3405 3408 6819
13385 2 2 2 17 5030 5032 6568
13386 2 2 2 17 6217 5501 6991
13387 2 2 2 17 5019 5021 6577
13388 2 2 2 17 5977 5229 7412
13389 2 2 2 17 3458 3459 6717
13390 2 2 2 17 3798 3747 4462
13391 2 2 2 17 5438 6849 7409
13392 2 2 2 17 5190 5189 7207
13393 2 2 2 17 3963 3961 3987
13394 2 2 2 17 5029 5030 5033
13395 2 2 2 17 4402 4848 6400
13396 2 2 2 17 5503 5500 6931
13397 2 2 2 17 4149 4147 5229
13398 2 2 2 17 3957 3955 3958
13399 2 2 2 17 3388 3390 4094
13400 2 2 2 17 3545 3544 3741
13401 2 2 2 17 3462 6047 6717
13402 2 2 2 17 5231 5232 6938
13403 2 2 2 17 764 765 6936
13404 2 2 2 17 7017 5841 7349
13405 2 2 2 17 5016 5017 5026
13406 2 2 2 17 3859 3856 6820
13407 2 2 2 17 427 426 6895
13408 2 2 2 17 4274 4275 6756
13409 2 2 2 17 4071 4160 6582
13410 2 2 2 17 3575 3572 6701
13411 2 2 2 17 4531 4529 5264
13412 2 2 2 17 7037 5399 7603
13413 2 2 2 17 6037 6036 6943
13414 2 2 2 17 4508 4507 5157
13415 2 2 2 17 3953 3951 3954
13416 2 2 2 17 4929 6564 6972
13417 2 2 2 17 516 515 7141
13418 2 2 2 17 3167 6534 7337
13419 2 2 2 17 4188 4870 6993
13420 2 2 2 17 7133 5745 7290
13421 2 2 2 17 4128 4399 6589
13422 2 2 2 17 5710 3651 7576
13423 2 2 2 17 3566 3565 3567
13424 2 2 2 17 3667 3666 3693
13425 2 2 2 17 5158 5159 5290
13426 2 2 2 17 4343 5561 7205
13427 2 2 2 17 5958 5471 7420
13428 2 2 2 17 5859 6670 6914
13429 2 2 2 17 4663 4664 6835
13430 2 2 2 17 4441 4968 6425
13431 2 2 2 17 3609 3599 6830
13432 2 2 2 17 4703 5270 7058
13433 2 2 2 17 4444 4445 6771
13434 2 2 2 17 5257 5258 6944
13435 2 2 2 17 3978 3958 4004
13436 2 2 2 17 3210 6304 7341
13437 2 2 2 17 3804 3802 3984
13438 2 2 2 17 5838 5522 7530
13439 2 2 2 17 5282 5281 6951
13440 2 2 2 17 5921 6720 7263
13441 2 2 2 17 3348 3350 3359
13442 2 2 2 17 601 600 6910
13443 2 2 2 17 3605 3581 4079
13444 2 2 2 17 667 666 6911
13445 2 2 2 17 6570 4398 6816
13446 2 2 2 17 5230 5229 5977
13447 2 2 2 17 6327 5188 7506
13448 2 2 2 17 3864 3871 6632
13449 2 2 2 17 623 622 6914
13450 2 2 2 17 4696 4698 6737
13451 2 2 2 17 5302 5303 7113
13452 2 2 2 17 5002 5003 5079
13453 2 2 2 17 6348 5242 7371
13454 2 2 2 17 5713 4873 5740
13455 2 2 2 17 5564 6903 7479
13456 2 2 2 17 5935 4345 7072
13457 2 2 2 17 6302 5841 7017
13458 2 2 2 17 4169 3708 4391
13459 2 2 2 17 5943 5239 7082
13460 2 2 2 17 6510 3236 7258
13461 2 2 2 17 5908 5907 6977
13462 2 2 2 17 6324 7260 7601
13463 2 2 2 17 4989 4990 4995
13464 2 2 2 17 6985 5353 7261
13465 2 2 2 17 4949 5138 6451
13466 2 2 2 17 4958 5170 7094
13467 2 2 2 17 3568 3567 3593
13468 2 2 2 17 5298 6852 7162
13469 2 2 2 17 3344 3346 6714
13470 2 2 2 17 6592 3602 6593
13471 2 2 2 17 4170 4846 6812
13472 2 2 2 17 5859 6499 6670
13473 2 2 2 17 3964 5658 7611
13474 2 2 2 17 6943 5560 7222
13475 2 2 2 17 4591 6068 6069
13476 2 2 2 17 3925 3924 3930
13477 2 2 2 17 4296 4295 6444
13478 2 2 2 17 4658 4661 6857
13479 2 2 2 17 4372 4371 6887
13480 2 2 2 17 3561 5925 6620
13481 2 2 2 17 3617 3614 6822
13482 2 2 2 17 3824 3996 6602
13483 2 2 2 17 521 520 6923
13484 2 2 2 17 4588 4587 4749
13485 2 2 2 17 3631 3628 6833
13486 2 2 2 17 3432 3436 3548
13487 2 2 2 17 6853 5852 7462
13488 2 2 2 17 5475 5909 6394
13489 2 2 2 17 3538 3706 6535
13490 2 2 2 17 4167 5404 7154
13491 2 2 2 17 3988 3979 4087
13492 2 2 2 17 4646 4644 4653
13493 2 2 2 17 6887 5283 7174
13494 2 2 2 17 4502 4500 6609
13495 2 2 2 17 604 603 6930
13496 2 2 2 17 4147 4148 6785
13497 2 2 2 17 6270 3258 7086
13498 2 2 2 17 6390 5534 6860
13499 2 2 2 17 4335 4333 4602
13500 2 2 2 17 4247 4004 4612
13501 2 2 2 17 3729 3727 3765
13502 2 2 2 17 4128 4398 4399
13503 2 2 2 17 3681 3680 3713
13504 2 2 2 17 3165 6686 7425
13505 2 2 2 17 3992 3942 4011
13506 2 2 2 17 6669 5151 7421
13507 2 2 2 17 3824 3995 3996
13508 2 2 2 17 4021 4019 4055
13509 2 2 2 17 5436 5948 7241
13510 2 2 2 17 4764 4365 6355
13511 2 2 2 17 4604 4205 6952
13512 2 2 2 17 5467 5444 6679
13513 2 2 2 17 6506 4296 7311
13514 2 2 2 17 6130 5769 6971
13515 2 2 2 17 5547 5719 6973
13516 2 2 2 17 5706 6270 7086
13517 2 2 2 17 5852 6778 7306
13518 2 2 2 17 6386 5345 6867
13519 2 2 2 17 4987 4989 5188
13520 2 2 2 17 4779 4776 6871
13521 2 2 2 17 6351 5019 6577
13522 2 2 2 17 5003 5005 6601
13523 2 2 2 17 3558 3537 7414
13524 2 2 2 17 5246 6392 7221
13525 2 2 2 17 6908 3254 7448
13526 2 2 2 17 5633 6579 6875
13527 2 2 2 17 4322 4321 7000
13528 2 2 2 17 3808 3806 4093
13529 2 2 2 17 3677 3676 6516
13530 2 2 2 17 4341 4339 4600
13531 2 2 2 17 3713 3680 3773
13532 2 2 2 17 4315 5169 6659
13533 2 2 2 17 4190 4579 6553
13534 2 2 2 17 6710 6021 7278
13535 2 2 2 17 5062 5063 6517
13536 2 2 2 17 5666 4444 6584
13537 2 2 2 17 4426 4391 4427
13538 2 2 2 17 5529 6739 7452
13539 2 2 2 17 4197 4173 6610
13540 2 2 2 17 6379 4894 6636
13541 2 2 2 17 3943 3942 3992
13542 2 2 2 17 3229 6052 6934
13543 2 2 2 17 5192 5476 6988
13544 2 2 2 17 5212 4656 6857
13545 2 2 2 17 4995 4990 6421
13546 2 2 2 17 4182 4181 6801
13547 2 2 2 17 558 557 6942
13548 2 2 2 17 4002 4175 6921
13549 2 2 2 17 6355 4522 6356
13550 2 2 2 17 6681 5326 6682
13551 2 2 2 17 3930 3924 4641
13552 2 2 2 17 4399 5339 5340
13553 2 2 2 17 6464 3202 7360
13554 2 2 2 17 4466 4388 6542
13555 2 2 2 17 4053 4120 5272
13556 2 2 2 17 5002 5079 5477
13557 2 2 2 17 4958 4755 5170
13558 2 2 2 17 6238 6888 7384
13559 2 2 2 17 6614 5282 6951
13560 2 2 2 17 4025 4023 4092
13561 2 2 2 17 3477 4969 6788
13562 2 2 2 17 3881 3878 6824
13563 2 2 2 17 3996 4150 4168
13564 2 2 2 17 4448 4450 5225
13565 2 2 2 17 5227 3458 6717
13566 2 2 2 17 6849 5467 7238
13567 2 2 2 17 4472 4470 4869
13568 2 2 2 17 3593 3567 4219
13569 2 2 2 17 3689 3688 3708
13570 2 2 2 17 3159 6740 7467
13571 2 2 2 17 3663 3662 6809
13572 2 2 2 17 5376 5378 7096
13573 2 2 2 17 5963 3664 7469
13574 2 2 2 17 5839 5838 7079
13575 2 2 2 17 3200 728 6999
13576 2 2 2 17 6105 6103 7132
13577 2 2 2 17 5309 4740 5401
13578 2 2 2 17 6582 4347 6583
13579 2 2 2 17 3875 3870 6834
13580 2 2 2 17 3939 3938 6526
13581 2 2 2 17 3392 3394 3502
13582 2 2 2 17 5073 5082 6862
13583 2 2 2 17 6329 5431 7152
13584 2 2 2 17 6909 3893 7592
13585 2 2 2 17 5157 4507 5562
13586 2 2 2 17 4998 4999 6847
13587 2 2 2 17 4073 4132 6961
13588 2 2 2 17 5930 5929 7305
13589 2 2 2 17 4168 4580 4871
13590 2 2 2 17 6354 6887 7174
13591 2 2 2 17 5531 3385 7558
13592 2 2 2 17 4335 4602 5318
13593 2 2 2 17 3589 3561 6620
13594 2 2 2 17 4226 4224 6618
13595 2 2 2 17 3777 3448 3778
13596 2 2 2 17 6575 5980 7613
13597 2 2 2 17 3693 3666 3774
13598 2 2 2 17 5029 5033 5098
13599 2 2 2 17 4152 4011 4409
13600 2 2 2 17 3829 3828 6818
13601 2 2 2 17 5016 5026 5090
13602 2 2 2 17 5272 5273 5274
13603 2 2 2 17 3354 3356 3357
13604 2 2 2 17 5040 5059 5180
13605 2 2 2 17 5008 5009 6530
13606 2 2 2 17 4029 4027 4096
13607 2 2 2 17 6010 6009 7088
13608 2 2 2 17 5512 5632 7626
13609 2 2 2 17 4980 4976 6399
13610 2 2 2 17 3741 3544 6502
13611 2 2 2 17 5948 5903 7241
13612 2 2 2 17 3491 3334 5942
13613 2 2 2 17 5388 6508 6805
13614 2 2 2 17 5050 5052 5292
13615 2 2 2 17 4010 4073 6961
13616 2 2 2 17 4307 4309 5265
13617 2 2 2 17 5052 5053 6884
13618 2 2 2 17 4341 4600 4941
13619 2 2 2 17 3795 3793 6967
13620 2 2 2 17 3709 3708 4169
13621 2 2 2 17 4116 4654 4743
13622 2 2 2 17 4411 4546 5580
13623 2 2 2 17 5953 4847 7207
13624 2 2 2 17 3786 5523 5910
13625 2 2 2 17 5274 5275 5276
13626 2 2 2 17 5102 5902 7102
13627 2 2 2 17 4054 4053 6811
13628 2 2 2 17 6953 5153 7126
13629 2 2 2 17 4669 6368 6369
13630 2 2 2 17 4579 4199 7169
13631 2 2 2 17 5602 7242 7281
13632 2 2 2 17 4114 4113 6816
13633 2 2 2 17 5219 6005 7104
13634 2 2 2 17 5857 5859 7048
13635 2 2 2 17 3442 3443 6831
13636 2 2 2 17 3377 3379 3398
13637 2 2 2 17 5070 5073 5091
13638 2 2 2 17 6421 4992 6518
13639 2 2 2 17 6564 6106 6773
13640 2 2 2 17 4370 4874 7043
13641 2 2 2 17 6093 3592 7097
13642 2 2 2 17 3404 3405 6819
13643 2 2 2 17 451 450 6966
13644 2 2 2 17 4117 3773 4245
13645 2 2 2 17 5866 5867 7456
13646 2 2 2 17 6290 5187 6885
13647 2 2 2 17 3452 3453 6832
13648 2 2 2 17 5394 5460 7185
13649 2 2 2 17 6856 3381 6941
13650 2 2 2 17 6472 3440 6950
13651 2 2 2 17 4260 5845 7583
13652 2 2 2 17 3959 3958 3978
13653 2 2 2 17 5668 4100 6662
13654 2 2 2 17 5316 6380 7085
13655 2 2 2 17 4661 4663 4670
13656 2 2 2 17 6413 6775 7619
13657 2 2 2 17 4677 4680 6459
13658 2 2 2 17 4931 4873 5713
13659 2 2 2 17 5555 5560 7205
13660 2 2 2 17 4383 4380 6342
13661 2 2 2 17 3814 3812 3972
13662 2 2 2 17 4033 4031 4057
13663 2 2 2 17 4319 4258 4320
13664 2 2 2 17 4834 4454 5306
13665 2 2 2 17 4830 5435 6649
13666 2 2 2 17 5398 5254 6325
13667 2 2 2 17 4497 4245 5167
13668 2 2 2 17 4257 4261 6968
13669 2 2 2 17 4642 4641 4643
13670 2 2 2 17 6393 6458 7196
13671 2 2 2 17 3160 6396 7319
13672 2 2 2 17 6176 6639 7367
13673 2 2 2 17 6297 392 7093
13674 2 2 2 17 6914 3184 7048
13675 2 2 2 17 7065 5424 7179
13676 2 2 2 17 5308 6215 7398
13677 2 2 2 17 3361 3363 3364
13678 2 2 2 17 4743 5992 6477
13679 2 2 2 17 3456 3458 3782
13680 2 2 2 17 5591 6860 7631
13681 2 2 2 17 3703 3652 4121
13682 2 2 2 17 4504 4506 6791
13683 2 2 2 17 6946 6327 7197
13684 2 2 2 17 4379 4376 6353
13685 2 2 2 17 3638 3645 6651
13686 2 2 2 17 4934 4462 5162
13687 2 2 2 17 3856 3855 6820
13688 2 2 2 17 4149 5576 6961
13689 2 2 2 17 4220 4219 4368
13690 2 2 2 17 4644 4643 4645
13691 2 2 2 17 3955 3954 6558
13692 2 2 2 17 3408 3410 3780
13693 2 2 2 17 5875 6354 7174
13694 2 2 2 17 3878 3877 6824
13695 2 2 2 17 3614 3613 6822
13696 2 2 2 17 3705 4101 4232
13697 2 2 2 17 3855 5299 5311
13698 2 2 2 17 4307 5265 6756
13699 2 2 2 17 4037 4035 4098
13700 2 2 2 17 5913 4619 7034
13701 2 2 2 17 3912 3910 4123
13702 2 2 2 17 5585 5602 7040
13703 2 2 2 17 6778 3987 7306
13704 2 2 2 17 3437 3440 6472
13705 2 2 2 17 6362 3190 7303
13706 2 2 2 17 3903 3902 6829
13707 2 2 2 17 3365 3367 3381
13708 2 2 2 17 3599 3598 6830
13709 2 2 2 17 4478 4476 4601
13710 2 2 2 17 4408 5368 5369
13711 2 2 2 17 3906 3903 6829
13712 2 2 2 17 4333 4330 6813
13713 2 2 2 17 5261 5260 7319
13714 2 2 2 17 4587 4368 5319
13715 2 2 2 17 4930 5136 5241
13716 2 2 2 17 4205 4271 6952
13717 2 2 2 17 3628 3627 6833
13718 2 2 2 17 4533 4320 5525
13719 2 2 2 17 4815 4891 6467
13720 2 2 2 17 3449 3452 6735
13721 2 2 2 17 5862 6559 7566
13722 2 2 2 17 6572 5135 6924
13723 2 2 2 17 424 6710 7278
13724 2 2 2 17 6763 5562 6764
13725 2 2 2 17 4181 4129 6589
13726 2 2 2 17 5055 5057 6635
13727 2 2 2 17 5066 5067 6840
13728 2 2 2 17 3870 3869 6834
13729 2 2 2 17 4473 4472 6922
13730 2 2 2 17 4690 5851 6350
13731 2 2 2 17 5576 5230 5624
13732 2 2 2 17 4472 4869 5408
13733 2 2 2 17 3700 7010 7627
13734 2 2 2 17 3828 3825 6602
13735 2 2 2 17 5338 6041 7087
13736 2 2 2 17 3818 3816 4105
13737 2 2 2 17 6419 6418 6711
13738 2 2 2 17 4242 4444 5666
13739 2 2 2 17 5242 6843 7371
13740 2 2 2 17 3894 3892 4558
13741 2 2 2 17 4371 4213 4607
13742 2 2 2 17 5289 4556 6505
13743 2 2 2 17 3477 3479 4969
13744 2 2 2 17 4095 3774 4186
13745 2 2 2 17 5098 5099 6473
13746 2 2 2 17 4113 4110 6541
13747 2 2 2 17 3650 3648 3775
13748 2 2 2 17 578 577 6996
13749 2 2 2 17 5046 5047 6876
13750 2 2 2 17 6303 6805 6962
13751 2 2 2 17 5090 5158 6475
13752 2 2 2 17 4488 4486 4741
13753 2 2 2 17 4041 4039 4102
13754 2 2 2 17 3623 3620 6731
13755 2 2 2 17 4352 4350 4518
13756 2 2 2 17 5741 4563 6301
13757 2 2 2 17 5748 6587 7477
13758 2 2 2 17 6930 603 7020
13759 2 2 2 17 4655 5212 6554
13760 2 2 2 17 6592 5265 7485
13761 2 2 2 17 4194 4274 4423
13762 2 2 2 17 6408 6484 7059
13763 2 2 2 17 6484 5260 7059
13764 2 2 2 17 6188 6177 7367
13765 2 2 2 17 6142 6138 7049
13766 2 2 2 17 6570 4928 6571
13767 2 2 2 17 3587 3603 6574
13768 2 2 2 17 5311 5312 5313
13769 2 2 2 17 5024 5025 6866
13770 2 2 2 17 4775 5715 5716
13771 2 2 2 17 3908 3906 4013
13772 2 2 2 17 5278 4480 5634
13773 2 2 2 17 4512 4186 4798
13774 2 2 2 17 5508 5162 5782
13775 2 2 2 17 4775 4773 5715
13776 2 2 2 17 5785 4807 6978
13777 2 2 2 17 6435 5592 7590
13778 2 2 2 17 5195 5196 5614
13779 2 2 2 17 5517 5521 7291
13780 2 2 2 17 3843 3841 6965
13781 2 2 2 17 5135 4489 6924
13782 2 2 2 17 4132 4147 4149
13783 2 2 2 17 4163 4534 6741
13784 2 2 2 17 5206 5204 6384
13785 2 2 2 17 5313 5314 5862
13786 2 2 2 17 3215 6175 7324
13787 2 2 2 17 3637 3635 4135
13788 2 2 2 17 4204 4604 4605
13789 2 2 2 17 5323 5325 5731
13790 2 2 2 17 3411 3414 6723
13791 2 2 2 17 5982 4134 6490
13792 2 2 2 17 5036 5037 6874
13793 2 2 2 17 4045 4043 4056
13794 2 2 2 17 6860 6861 7544
13795 2 2 2 17 3866 3864 6632
13796 2 2 2 17 3883 3881 4001
13797 2 2 2 17 3871 3863 4137
13798 2 2 2 17 3399 3401 3592
13799 2 2 2 17 5719 5194 6916
13800 2 2 2 17 3410 3411 6723
13801 2 2 2 17 4389 4385 4557
13802 2 2 2 17 3619 3766 3767
13803 2 2 2 17 5268 5269 7061
13804 2 2 2 17 3877 3875 4012
13805 2 2 2 17 4454 4455 6841
13806 2 2 2 17 4653 6789 7396
13807 2 2 2 17 6353 4375 6354
13808 2 2 2 17 5091 5095 5513
13809 2 2 2 17 5831 5531 6802
13810 2 2 2 17 6604 5416 7426
13811 2 2 2 17 3414 3781 6723
13812 2 2 2 17 5396 5141 7199
13813 2 2 2 17 3551 3535 6578
13814 2 2 2 17 3619 3617 3766
13815 2 2 2 17 5195 4779 5196
13816 2 2 2 17 3446 3448 3777
13817 2 2 2 17 4049 4047 4106
13818 2 2 2 17 4767 4359 5433
13819 2 2 2 17 3633 3631 3772
13820 2 2 2 17 408 407 7009
13821 2 2 2 17 4495 4145 7329
13822 2 2 2 17 3824 3822 3995
13823 2 2 2 17 3836 3834 4000
13824 2 2 2 17 4128 4126 4398
13825 2 2 2 17 6530 6531 6532
13826 2 2 2 17 3861 3859 3999
13827 2 2 2 17 3371 3373 3382
13828 2 2 2 17 3486 3744 3745
13829 2 2 2 17 4062 4060 4064
13830 2 2 2 17 3611 3609 3771
13831 2 2 2 17 3855 3847 5299
13832 2 2 2 17 6482 5667 7001
13833 2 2 2 17 5176 4392 5177
13834 2 2 2 17 3705 3554 4101
13835 2 2 2 17 3877 4012 5347
13836 2 2 2 17 4327 4325 5185
13837 2 2 2 17 6146 6148 7064
13838 2 2 2 17 4458 4538 4553
13839 2 2 2 17 4265 4740 5309
13840 2 2 2 17 4053 4051 4120
13841 2 2 2 17 6684 3481 7475
13842 2 2 2 17 3710 4258 4319
13843 2 2 2 17 5369 5368 6245
13844 2 2 2 17 3840 3838 4136
13845 2 2 2 17 4452 4454 4834
13846 2 2 2 17 4116 4107 4654
13847 2 2 2 17 5128 5765 7066
13848 2 2 2 17 4160 4347 6582
13849 2 2 2 17 4819 4821 6675
13850 2 2 2 17 6476 6890 7602
13851 2 2 2 17 4389 4557 4640
13852 2 2 2 17 5824 4787 6652
13853 2 2 2 17 6662 5414 6903
13854 2 2 2 17 517 3275 6970
13855 2 2 2 17 4492 6115 7385
13856 2 2 2 17 5291 6286 7044
13857 2 2 2 17 3767 4422 4571
13858 2 2 2 17 6939 3244 7497
13859 2 2 2 17 3871 4137 4138
13860 2 2 2 17 3453 3456 6832
13861 2 2 2 17 4670 4663 5616
13862 2 2 2 17 4017 4216 7163
13863 2 2 2 17 4122 4121 4795
13864 2 2 2 17 4591 6069 6071
13865 2 2 2 17 603 602 7020
13866 2 2 2 17 4605 4604 5146
13867 2 2 2 17 3163 6037 7222
13868 2 2 2 17 5770 5771 7266
13869 2 2 2 17 4994 4998 6518
13870 2 2 2 17 483 482 7023
13871 2 2 2 17 514 513 7024
13872 2 2 2 17 5347 5348 5349
13873 2 2 2 17 5152 6329 7152
13874 2 2 2 17 4488 4741 4859
13875 2 2 2 17 5346 6154 7399
13876 2 2 2 17 599 3180 6981
13877 2 2 2 17 5349 5350 5812
13878 2 2 2 17 6445 6780 6800
13879 2 2 2 17 3487 6932 7286
13880 2 2 2 17 4874 5823 7077
13881 2 2 2 17 3161 6456 7301
13882 2 2 2 17 3269 534 7143
13883 2 2 2 17 5262 7104 7539
13884 2 2 2 17 7242 3180 7281
13885 2 2 2 17 536 6700 7580
13886 2 2 2 17 4194 4423 6785
13887 2 2 2 17 5278 5634 5949
13888 2 2 2 17 7041 7281 7282
13889 2 2 2 17 4371 4607 5283
13890 2 2 2 17 3846 6327 7506
13891 2 2 2 17 5341 6808 7003
13892 2 2 2 17 3264 448 6990
13893 2 2 2 17 4701 4702 4703
13894 2 2 2 17 5287 5943 7295
13895 2 2 2 17 6104 6111 7084
13896 2 2 2 17 4119 5809 7026
13897 2 2 2 17 4001 6629 7045
13898 2 2 2 17 4615 6688 7014
13899 2 2 2 17 3518 7349 7598
13900 2 2 2 17 5927 3240 7268
13901 2 2 2 17 4770 4768 6987
13902 2 2 2 17 6216 6454 7226
13903 2 2 2 17 5007 5006 7635
13904 2 2 2 17 7188 5427 7493
13905 2 2 2 17 3894 4558 4559
13906 2 2 2 17 4776 4775 6871
13907 2 2 2 17 5839 6769 7072
13908 2 2 2 17 4559 4558 4560
13909 2 2 2 17 4554 5983 7551
13910 2 2 2 17 511 510 7042
13911 2 2 2 17 6789 4653 6949
13912 2 2 2 17 5012 5013 6963
13913 2 2 2 17 4590 4560 4591
13914 2 2 2 17 4646 5864 7532
13915 2 2 2 17 3357 3358 3360
13916 2 2 2 17 5542 6843 7406
13917 2 2 2 17 5966 5298 7162
13918 2 2 2 17 5283 4607 5284
13919 2 2 2 17 6934 6264 7474
13920 2 2 2 17 4696 3360 4697
13921 2 2 2 17 4559 4560 4590
13922 2 2 2 17 6042 6059 7105
13923 2 2 2 17 3383 6600 6846
13924 2 2 2 17 7043 4874 7077
13925 2 2 2 17 5914 5844 7024
13926 2 2 2 17 4859 4741 5963
13927 2 2 2 17 4670 5616 5617
13928 2 2 2 17 5996 5399 7037
13929 2 2 2 17 556 555 7054
13930 2 2 2 17 3406 5945 7560
13931 2 2 2 17 5430 6547 7440
13932 2 2 2 17 4605 5146 6745
13933 2 2 2 17 4154 3994 6979
13934 2 2 2 17 4698 4697 4699
13935 2 2 2 17 6869 5945 6870
13936 2 2 2 17 3703 4121 4122
13937 2 2 2 17 5097 5948 6372
13938 2 2 2 17 4138 4137 5178
13939 2 2 2 17 4640 4557 4896
13940 2 2 2 17 6992 5568 7431
13941 2 2 2 17 5398 6325 6684
13942 2 2 2 17 5891 5246 7221
13943 2 2 2 17 5347 4012 5348
13944 2 2 2 17 4177 4003 6683
13945 2 2 2 17 4687 4684 6480
13946 2 2 2 17 5349 5348 5350
13947 2 2 2 17 4700 4699 4701
13948 2 2 2 17 4531 5264 6576
13949 2 2 2 17 5408 4869 6377
13950 2 2 2 17 3515 3511 6661
13951 2 2 2 17 5091 5073 5095
13952 2 2 2 17 4122 4795 4796
13953 2 2 2 17 6307 3215 7324
13954 2 2 2 17 3227 6349 7371
13955 2 2 2 17 6987 5483 7465
13956 2 2 2 17 5580 4546 5581
13957 2 2 2 17 3640 3638 6651
13958 2 2 2 17 3767 3766 4422
13959 2 2 2 17 5292 5052 6290
13960 2 2 2 17 4571 4422 4911
13961 2 2 2 17 5614 5196 6697
13962 2 2 2 17 4668 4667 7147
13963 2 2 2 17 5211 5209 7108
13964 2 2 2 17 5180 5059 5181
13965 2 2 2 17 4680 5280 5456
13966 2 2 2 17 6699 5492 6904
13967 2 2 2 17 5090 5026 5158
13968 2 2 2 17 5098 5033 5099
13969 2 2 2 17 4271 4408 6952
13970 2 2 2 17 3511 3752 6661
13971 2 2 2 17 3693 3774 4095
13972 2 2 2 17 3784 4141 6959
13973 2 2 2 17 6982 5806 7407
13974 2 2 2 17 4489 4488 6924
13975 2 2 2 17 5157 5562 6763
13976 2 2 2 17 5513 5095 6591
13977 2 2 2 17 6947 7458 7574
13978 2 2 2 17 6828 4087 7498
13979 2 2 2 17 4508 5157 6719
13980 2 2 2 17 4941 4600 6404
13981 2 2 2 17 5874 5904 7284
13982 2 2 2 17 3404 5967 7446
13983 2 2 2 17 5318 4602 5675
13984 2 2 2 17 4423 4897 5247
13985 2 2 2 17 5311 5299 5312
13986 2 2 2 17 3593 4219 4220
13987 2 2 2 17 4232 4101 4251
13988 2 2 2 17 5477 5079 5478
13989 2 2 2 17 3364 3365 6875
13990 2 2 2 17 3969 3963 6778
13991 2 2 2 17 4056 6955 7302
13992 2 2 2 17 3898 3895 6799
13993 2 2 2 17 3930 4641 4642
13994 2 2 2 17 5280 4676 6425
13995 2 2 2 17 5313 5312 5314
13996 2 2 2 17 4512 4798 5139
13997 2 2 2 17 575 574 7073
13998 2 2 2 17 5590 6612 6910
13999 2 2 2 17 4095 4186 4512
14000 2 2 2 17 5615 6324 7320
14001 2 2 2 17 3713 3773 4117
14002 2 2 2 17 6498 5389 7170
14003 2 2 2 17 4149 5229 5230
14004 2 2 2 17 4319 4320 4533
14005 2 2 2 17 3992 4011 4152
14006 2 2 2 17 3978 4004 4247
14007 2 2 2 17 4169 4391 4426
14008 2 2 2 17 4743 4654 5992
14009 2 2 2 17 5043 5046 6551
14010 2 2 2 17 4220 4368 4587
14011 2 2 2 17 6631 5550 6983
14012 2 2 2 17 5780 7432 7526
14013 2 2 2 17 5903 4074 7241
14014 2 2 2 17 5309 5401 5402
14015 2 2 2 17 4642 4643 4644
14016 2 2 2 17 5848 6740 7503
14017 2 2 2 17 7308 6908 7448
14018 2 2 2 17 3996 3995 4150
14019 2 2 2 17 5272 4120 5273
14020 2 2 2 17 4497 5167 5444
14021 2 2 2 17 436 435 7075
14022 2 2 2 17 4399 4398 5339
14023 2 2 2 17 4117 4245 4497
14024 2 2 2 17 5276 5275 6650
14025 2 2 2 17 4247 4612 4873
14026 2 2 2 17 4152 4409 4755
14027 2 2 2 17 3888 3886 6665
14028 2 2 2 17 5274 5273 5275
14029 2 2 2 17 4871 4580 5638
14030 2 2 2 17 4426 4427 4799
14031 2 2 2 17 4168 4150 4580
14032 2 2 2 17 4414 4417 6557
14033 2 2 2 17 3653 3703 6706
14034 2 2 2 17 5047 5050 6876
14035 2 2 2 17 4483 4481 7013
14036 2 2 2 17 4664 4669 6835
14037 2 2 2 17 6308 5134 6856
14038 2 2 2 17 6720 3170 7263
14039 2 2 2 17 5721 5720 7203
14040 2 2 2 17 4925 6188 7367
14041 2 2 2 17 5524 6302 6864
14042 2 2 2 17 5834 3867 7172
14043 2 2 2 17 5207 6692 7550
14044 2 2 2 17 4518 4350 6801
14045 2 2 2 17 3229 6934 7474
14046 2 2 2 17 7036 5164 7178
14047 2 2 2 17 3913 3932 6707
14048 2 2 2 17 5264 4529 6400
14049 2 2 2 17 544 543 7088
14050 2 2 2 17 5063 5066 6517
14051 2 2 2 17 3666 3663 6809
14052 2 2 2 17 6411 3197 7530
14053 2 2 2 17 4546 4412 6557
14054 2 2 2 17 7234 5290 7392
14055 2 2 2 17 4999 5002 6847
14056 2 2 2 17 6851 3450 7357
14057 2 2 2 17 3189 563 7047
14058 2 2 2 17 392 391 7093
14059 2 2 2 17 4870 6940 6993
14060 2 2 2 17 6334 6333 7267
14061 2 2 2 17 6848 6106 7132
14062 2 2 2 17 5378 6462 7096
14063 2 2 2 17 6296 6297 7093
14064 2 2 2 17 6527 5866 7456
14065 2 2 2 17 6458 3265 7196
14066 2 2 2 17 6628 3156 7390
14067 2 2 2 17 4210 4119 7026
14068 2 2 2 17 6893 6894 7262
14069 2 2 2 17 3357 4696 6901
14070 2 2 2 17 6766 3930 6767
14071 2 2 2 17 456 455 7098
14072 2 2 2 17 6740 7266 7503
14073 2 2 2 17 5495 6918 7386
14074 2 2 2 17 5067 5070 6840
14075 2 2 2 17 4897 4274 6756
14076 2 2 2 17 5059 5041 6551
14077 2 2 2 17 5037 5040 6874
14078 2 2 2 17 5138 6748 7067
14079 2 2 2 17 6647 3780 7101
14080 2 2 2 17 5444 6983 7604
14081 2 2 2 17 3383 6846 7011
14082 2 2 2 17 3886 6026 6665
14083 2 2 2 17 6711 5717 7584
14084 2 2 2 17 5851 5853 6721
14085 2 2 2 17 7002 5563 7479
14086 2 2 2 17 5025 5029 6866
14087 2 2 2 17 6631 4555 7137
14088 2 2 2 17 3168 6911 7483
14089 2 2 2 17 3149 519 7063
14090 2 2 2 17 5032 5036 6568
14091 2 2 2 17 6263 6262 7212
14092 2 2 2 17 3189 6587 7206
14093 2 2 2 17 6587 5750 7206
14094 2 2 2 17 3327 3325 6806
14095 2 2 2 17 3681 3713 6445
14096 2 2 2 17 6356 4522 6663
14097 2 2 2 17 5465 5466 7411
14098 2 2 2 17 3500 7017 7349
14099 2 2 2 17 5949 5963 7600
14100 2 2 2 17 6826 5360 7180
14101 2 2 2 17 3451 6679 7604
14102 2 2 2 17 5033 5030 6568
14103 2 2 2 17 3853 6280 7397
14104 2 2 2 17 4361 4158 7623
14105 2 2 2 17 4860 5213 7209
14106 2 2 2 17 6689 4553 7014
14107 2 2 2 17 4825 6467 7545
14108 2 2 2 17 5021 5024 6577
14109 2 2 2 17 620 619 7111
14110 2 2 2 17 4165 4860 7060
14111 2 2 2 17 4532 4226 6618
14112 2 2 2 17 6733 5390 6792
14113 2 2 2 17 6861 5534 6939
14114 2 2 2 17 4005 4524 6836
14115 2 2 2 17 5940 6464 7360
14116 2 2 2 17 4341 4941 6674
14117 2 2 2 17 3598 3589 6620
14118 2 2 2 17 5240 6672 7512
14119 2 2 2 17 376 375 7114
14120 2 2 2 17 3680 3677 6516
14121 2 2 2 17 6443 5791 7107
14122 2 2 2 17 3525 3520 6715
14123 2 2 2 17 6423 6518 7361
14124 2 2 2 17 4299 4301 6709
14125 2 2 2 17 5009 5012 6530
14126 2 2 2 17 650 649 7118
14127 2 2 2 17 5270 6521 7058
14128 2 2 2 17 3930 4642 6767
14129 2 2 2 17 3296 6172 7165
14130 2 2 2 17 5788 5932 7373
14131 2 2 2 17 3504 3327 6806
14132 2 2 2 17 6262 3162 7212
14133 2 2 2 17 373 372 7119
14134 2 2 2 17 3655 3653 6706
14135 2 2 2 17 4600 4339 6730
14136 2 2 2 17 3258 499 7086
14137 2 2 2 17 6713 5378 7383
14138 2 2 2 17 4601 6922 7369
14139 2 2 2 17 5374 3410 6723
14140 2 2 2 17 4968 4439 6565
14141 2 2 2 17 5470 5886 7170
14142 2 2 2 17 3915 3913 6707
14143 2 2 2 17 3643 6645 7401
14144 2 2 2 17 615 614 7122
14145 2 2 2 17 5270 5965 7159
14146 2 2 2 17 3187 7032 7546
14147 2 2 2 17 3752 6496 7051
14148 2 2 2 17 3195 6562 7399
14149 2 2 2 17 5229 4147 6785
14150 2 2 2 17 4358 6408 7059
14151 2 2 2 17 5330 4495 7198
14152 2 2 2 17 5602 5586 7242
14153 2 2 2 17 6508 3271 6962
14154 2 2 2 17 3197 7079 7530
14155 2 2 2 17 4854 5287 7183
14156 2 2 2 17 5337 6510 7258
14157 2 2 2 17 6318 5874 7284
14158 2 2 2 17 5164 5546 7178
14159 2 2 2 17 3459 3462 6717
14160 2 2 2 17 4000 3834 6818
14161 2 2 2 17 6798 3154 7358
14162 2 2 2 17 6485 5191 6982
14163 2 2 2 17 4869 4470 6718
14164 2 2 2 17 5915 5999 7141
14165 2 2 2 17 762 763 7181
14166 2 2 2 17 6872 3523 6873
14167 2 2 2 17 5929 6314 7305
14168 2 2 2 17 3222 6804 7285
14169 2 2 2 17 5972 5971 7143
14170 2 2 2 17 546 3225 7107
14171 2 2 2 17 7124 6275 7231
14172 2 2 2 17 6769 5839 7079
14173 2 2 2 17 6846 6143 7011
14174 2 2 2 17 3706 6013 7081
14175 2 2 2 17 5463 5637 7100
14176 2 2 2 17 3942 3939 6526
14177 2 2 2 17 4448 5225 6771
14178 2 2 2 17 5254 5252 6889
14179 2 2 2 17 5942 6063 7564
14180 2 2 2 17 5175 4597 7333
14181 2 2 2 17 4862 4970 6729
14182 2 2 2 17 3294 6183 7189
14183 2 2 2 17 3207 7084 7364
14184 2 2 2 17 4736 5648 7192
14185 2 2 2 17 6868 3248 7630
14186 2 2 2 17 7009 5941 7442
14187 2 2 2 17 4398 4126 6816
14188 2 2 2 17 4064 4060 6811
14189 2 2 2 17 6000 6645 6687
14190 2 2 2 17 3173 6053 7327
14191 2 2 2 17 5371 5297 7556
14192 2 2 2 17 3350 3352 6817
14193 2 2 2 17 5736 5263 7387
14194 2 2 2 17 6629 4001 7382
14195 2 2 2 17 5967 5200 7097
14196 2 2 2 17 5583 5585 7322
14197 2 2 2 17 5310 6809 7326
14198 2 2 2 17 3740 6503 7239
14199 2 2 2 17 4688 4687 7076
14200 2 2 2 17 5079 5003 6601
14201 2 2 2 17 6553 5447 7168
14202 2 2 2 17 3684 7145 7516
14203 2 2 2 17 6753 5884 7293
14204 2 2 2 17 4928 4743 6702
14205 2 2 2 17 6535 5604 7417
14206 2 2 2 17 4995 6421 6422
14207 2 2 2 17 3902 7490 7522
14208 2 2 2 17 5615 7320 7457
14209 2 2 2 17 3518 3507 7349
14210 2 2 2 17 5504 5615 7457
14211 2 2 2 17 4891 4817 6596
14212 2 2 2 17 5590 6981 7242
14213 2 2 2 17 3199 7373 7610
14214 2 2 2 17 5478 7255 7377
14215 2 2 2 17 7122 3274 7581
14216 2 2 2 17 3667 3693 6744
14217 2 2 2 17 5302 7113 7134
14218 2 2 2 17 5213 6986 7209
14219 2 2 2 17 526 3148 7116
14220 2 2 2 17 6530 5012 6531
14221 2 2 2 17 3520 3533 6715
14222 2 2 2 17 3540 3532 6747
14223 2 2 2 17 453 452 7160
14224 2 2 2 17 418 417 7161
14225 2 2 2 17 4375 4372 6887
14226 2 2 2 17 6385 5176 6995
14227 2 2 2 17 7204 3519 7289
14228 2 2 2 17 5176 5177 6995
14229 2 2 2 17 4972 4974 6746
14230 2 2 2 17 3424 3426 6827
14231 2 2 2 17 6084 6567 7280
14232 2 2 2 17 3917 3931 6640
14233 2 2 2 17 3669 3667 6744
14234 2 2 2 17 6046 5995 7522
14235 2 2 2 17 4897 6593 7029
14236 2 2 2 17 5747 5748 7477
14237 2 2 2 17 6636 3382 7021
14238 2 2 2 17 5469 5405 7211
14239 2 2 2 17 3869 3866 6632
14240 2 2 2 17 6792 6498 7244
14241 2 2 2 17 6626 6501 7277
14242 2 2 2 17 3260 396 7123
14243 2 2 2 17 5005 5008 6601
14244 2 2 2 17 3545 3741 7156
14245 2 2 2 17 3644 3643 7401
14246 2 2 2 17 6019 6020 7224
14247 2 2 2 17 5511 6364 7027
14248 2 2 2 17 3245 7278 7577
14249 2 2 2 17 431 430 7173
14250 2 2 2 17 6682 3553 7614
14251 2 2 2 17 5273 5869 6872
14252 2 2 2 17 5233 6011 7531
14253 2 2 2 17 5414 6662 7309
14254 2 2 2 17 6695 3243 7287
14255 2 2 2 17 5451 5958 7599
14256 2 2 2 17 3659 3657 6761
14257 2 2 2 17 3749 4183 7168
14258 2 2 2 17 6256 6487 7591
14259 2 2 2 17 4097 3785 6754
14260 2 2 2 17 6341 5508 6777
14261 2 2 2 17 5389 5384 7345
14262 2 2 2 17 5082 5900 6862
14263 2 2 2 17 3568 3593 6758
14264 2 2 2 17 6969 3854 7615
14265 2 2 2 17 5260 6484 7319
14266 2 2 2 17 5928 5927 7268
14267 2 2 2 17 5393 4429 7232
14268 2 2 2 17 6877 7214 7397
14269 2 2 2 17 3570 3568 6758
14270 2 2 2 17 4848 4197 6610
14271 2 2 2 17 3408 3780 6819
14272 2 2 2 17 6265 5493 7624
14273 2 2 2 17 677 6513 7313
14274 2 2 2 17 706 6514 7314
14275 2 2 2 17 735 6515 7315
14276 2 2 2 17 6956 4136 7006
14277 2 2 2 17 660 659 7184
14278 2 2 2 17 3958 3955 6558
14279 2 2 2 17 5437 5354 7250
14280 2 2 2 17 5853 5852 7306
14281 2 2 2 17 5334 4280 7275
14282 2 2 2 17 6294 5541 7363
14283 2 2 2 17 5356 7051 7468
14284 2 2 2 17 3927 3925 6766
14285 2 2 2 17 6564 3212 6972
14286 2 2 2 17 3778 3448 6735
14287 2 2 2 17 388 387 7190
14288 2 2 2 17 3340 3342 6784
14289 2 2 2 17 595 594 7194
14290 2 2 2 17 4175 4242 6921
14291 2 2 2 17 4987 5188 6743
14292 2 2 2 17 5415 6420 7426
14293 2 2 2 17 4506 4502 6609
14294 2 2 2 17 3446 3777 6831
14295 2 2 2 17 6454 3241 7226
14296 2 2 2 17 3196 6511 7395
14297 2 2 2 17 3619 3767 6731
14298 2 2 2 17 3921 3919 6774
14299 2 2 2 17 5053 5058 6884
14300 2 2 2 17 3925 3930 6766
14301 2 2 2 17 5822 6387 7483
14302 2 2 2 17 3482 6384 7605
14303 2 2 2 17 4743 6477 6702
14304 2 2 2 17 462 461 7201
14305 2 2 2 17 4417 6441 6913
14306 2 2 2 17 4458 4553 6841
14307 2 2 2 17 4948 6330 6748
14308 2 2 2 17 6583 4347 6998
14309 2 2 2 17 6644 3260 7365
14310 2 2 2 17 5652 6066 7285
14311 2 2 2 17 3398 6379 7022
14312 2 2 2 17 5593 5288 7304
14313 2 2 2 17 4371 5283 6887
14314 2 2 2 17 6227 5653 7256
14315 2 2 2 17 3627 3624 7393
14316 2 2 2 17 6188 5548 7344
14317 2 2 2 17 3945 3943 6782
14318 2 2 2 17 5057 5062 6635
14319 2 2 2 17 3686 6892 7145
14320 2 2 2 17 3282 739 7246
14321 2 2 2 17 6863 4789 7089
14322 2 2 2 17 3673 3671 6795
14323 2 2 2 17 4435 4433 6790
14324 2 2 2 17 5331 5330 7395
14325 2 2 2 17 4601 4476 6922
14326 2 2 2 17 497 3153 7167
14327 2 2 2 17 7198 4495 7329
14328 2 2 2 17 6688 4615 7432
14329 2 2 2 17 5419 5424 7389
14330 2 2 2 17 3627 7393 7451
14331 2 2 2 17 3999 3859 6820
14332 2 2 2 17 6032 5308 7398
14333 2 2 2 17 6422 6423 6969
14334 2 2 2 17 4150 4672 6899
14335 2 2 2 17 7151 5241 7157
14336 2 2 2 17 5336 5337 7258
14337 2 2 2 17 5321 5323 6920
14338 2 2 2 17 5988 5600 7352
14339 2 2 2 17 5381 5572 6975
14340 2 2 2 17 3247 6996 7250
14341 2 2 2 17 572 571 7213
14342 2 2 2 17 29 3267 7283
14343 2 2 2 17 5740 4873 6738
14344 2 2 2 17 5522 6411 7530
14345 2 2 2 17 3219 6174 7256
14346 2 2 2 17 3694 6377 7182
14347 2 2 2 17 5315 6444 7069
14348 2 2 2 17 3685 3683 6800
14349 2 2 2 17 3771 3609 6830
14350 2 2 2 17 6391 5152 7152
14351 2 2 2 17 3193 6527 7456
14352 2 2 2 17 5474 6422 6969
14353 2 2 2 17 6474 3173 7327
14354 2 2 2 17 6520 5435 7340
14355 2 2 2 17 3935 3929 6803
14356 2 2 2 17 6544 5622 7636
14357 2 2 2 17 6922 5408 7369
14358 2 2 2 17 4437 4539 6565
14359 2 2 2 17 4004 3958 6558
14360 2 2 2 17 5058 5055 6635
14361 2 2 2 17 3225 6443 7107
14362 2 2 2 17 3810 3808 6855
14363 2 2 2 17 6063 5621 7564
14364 2 2 2 17 6418 4395 7492
14365 2 2 2 17 3943 3992 6782
14366 2 2 2 17 642 641 7223
14367 2 2 2 17 5352 4299 6709
14368 2 2 2 17 6494 5465 7411
14369 2 2 2 17 4053 5272 6811
14370 2 2 2 17 6688 3933 6689
14371 2 2 2 17 3643 3640 6651
14372 2 2 2 17 7120 5738 7347
14373 2 2 2 17 3246 6494 7411
14374 2 2 2 17 6840 5768 7410
14375 2 2 2 17 3766 3617 6822
14376 2 2 2 17 3265 528 7196
14377 2 2 2 17 3961 3959 6810
14378 2 2 2 17 5153 5154 7126
14379 2 2 2 17 5139 6896 6897
14380 2 2 2 17 5170 6932 7095
14381 2 2 2 17 5782 5162 6749
14382 2 2 2 17 3532 4084 6747
14383 2 2 2 17 3772 3631 6833
14384 2 2 2 17 3155 6335 7298
14385 2 2 2 17 5314 5312 7038
14386 2 2 2 17 3533 3515 6661
14387 2 2 2 17 4087 7462 7498
14388 2 2 2 17 3896 5618 7592
14389 2 2 2 17 3780 6647 6819
14390 2 2 2 17 4390 3726 6680
14391 2 2 2 17 3686 6891 6892
14392 2 2 2 17 5167 4245 7424
14393 2 2 2 17 507 506 7233
14394 2 2 2 17 684 685 7280
14395 2 2 2 17 3224 6318 7284
14396 2 2 2 17 5391 5392 7287
14397 2 2 2 17 6584 4444 6771
14398 2 2 2 17 7178 5546 7385
14399 2 2 2 17 740 741 7364
14400 2 2 2 17 6896 3460 6897
14401 2 2 2 17 6154 6524 7399
14402 2 2 2 17 6466 4354 6903
14403 2 2 2 17 3180 598 7339
14404 2 2 2 17 564 3189 7206
14405 2 2 2 17 4141 4204 6959
14406 2 2 2 17 4001 3881 6824
14407 2 2 2 17 6336 5393 7553
14408 2 2 2 17 5862 5314 6985
14409 2 2 2 17 4612 5148 6738
14410 2 2 2 17 3892 3888 6665
14411 2 2 2 17 456 7098 7449
14412 2 2 2 17 6667 4972 6746
14413 2 2 2 17 5585 7040 7322
14414 2 2 2 17 3990 3988 6828
14415 2 2 2 17 4773 4770 6987
14416 2 2 2 17 4012 3875 6834
14417 2 2 2 17 717 718 7300
14418 2 2 2 17 5196 4779 6871
14419 2 2 2 17 6693 3990 6694
14420 2 2 2 17 4335 5318 6730
14421 2 2 2 17 4965 5794 7301
14422 2 2 2 17 6053 5293 7327
14423 2 2 2 17 501 500 7245
14424 2 2 2 17 3346 3348 6842
14425 2 2 2 17 6637 6721 7515
14426 2 2 2 17 5424 6410 7179
14427 2 2 2 17 4928 6570 7568
14428 2 2 2 17 3657 3776 6761
14429 2 2 2 17 3581 3579 6837
14430 2 2 2 17 5569 5570 7487
14431 2 2 2 17 3547 3545 7156
14432 2 2 2 17 3914 5256 7609
14433 2 2 2 17 4173 4356 6610
14434 2 2 2 17 3240 6315 7268
14435 2 2 2 17 4229 4629 7290
14436 2 2 2 17 3572 3573 6701
14437 2 2 2 17 4838 4268 7351
14438 2 2 2 17 3162 422 7212
14439 2 2 2 17 5372 6566 7443
14440 2 2 2 17 541 540 7253
14441 2 2 2 17 4132 4149 6961
14442 2 2 2 17 6940 5516 6993
14443 2 2 2 17 5942 3333 6916
14444 2 2 2 17 595 7194 7312
14445 2 2 2 17 4134 3729 6850
14446 2 2 2 17 5745 7133 7134
14447 2 2 2 17 486 485 7257
14448 2 2 2 17 5405 5403 7400
14449 2 2 2 17 6168 705 7314
14450 2 2 2 17 6171 734 7315
14451 2 2 2 17 6183 792 7313
14452 2 2 2 17 3292 6234 7295
14453 2 2 2 17 6737 3359 6817
14454 2 2 2 17 725 726 7318
14455 2 2 2 17 4011 3942 6526
14456 2 2 2 17 6209 5396 7419
14457 2 2 2 17 503 3152 7219
14458 2 2 2 17 607 606 7260
14459 2 2 2 17 3456 3782 6832
14460 2 2 2 17 3979 3969 6853
14461 2 2 2 17 4013 3906 6829
14462 2 2 2 17 3717 3344 6714
14463 2 2 2 17 4940 6307 7324
14464 2 2 2 17 3727 3605 6858
14465 2 2 2 17 3894 4559 6799
14466 2 2 2 17 6478 6735 7259
14467 2 2 2 17 416 415 7264
14468 2 2 2 17 5792 6141 7355
14469 2 2 2 17 4183 6553 7168
14470 2 2 2 17 530 529 7265
14471 2 2 2 17 4507 4177 6683
14472 2 2 2 17 4960 6093 7248
14473 2 2 2 17 5847 5848 7503
14474 2 2 2 17 3415 6413 7619
14475 2 2 2 17 4755 5865 7286
14476 2 2 2 17 3241 505 7226
14477 2 2 2 17 370 369 7267
14478 2 2 2 17 5525 4320 7493
14479 2 2 2 17 6591 7350 7476
14480 2 2 2 17 3497 6325 6889
14481 2 2 2 17 7119 372 7593
14482 2 2 2 17 3276 6569 7355
14483 2 2 2 17 5581 5582 7055
14484 2 2 2 17 3959 3978 6810
14485 2 2 2 17 5582 7146 7517
14486 2 2 2 17 3507 3500 7349
14487 2 2 2 17 4486 4483 7013
14488 2 2 2 17 3369 3371 6935
14489 2 2 2 17 6559 5677 7566
14490 2 2 2 17 6345 3187 7546
14491 2 2 2 17 3773 3680 6516
14492 2 2 2 17 3822 3820 6929
14493 2 2 2 17 4023 4021 6879
14494 2 2 2 17 6155 6728 7418
14495 2 2 2 17 7023 3234 7455
14496 2 2 2 17 6304 5221 7341
14497 2 2 2 17 4500 5608 6609
14498 2 2 2 17 3785 5887 6754
14499 2 2 2 17 5306 4454 6841
14500 2 2 2 17 5103 4750 7124
14501 2 2 2 17 5366 6455 7302
14502 2 2 2 17 3390 3392 6902
14503 2 2 2 17 4027 4025 6890
14504 2 2 2 17 6462 3559 7096
14505 2 2 2 17 4359 4154 6979
14506 2 2 2 17 425 424 7278
14507 2 2 2 17 5616 4663 6835
14508 2 2 2 17 4213 4210 7026
14509 2 2 2 17 3461 7025 7106
14510 2 2 2 17 3352 3354 6901
14511 2 2 2 17 5475 7188 7493
14512 2 2 2 17 5410 5411 7358
14513 2 2 2 17 3847 3843 6965
14514 2 2 2 17 4031 4029 6905
14515 2 2 2 17 3774 3666 6809
14516 2 2 2 17 3234 481 7236
14517 2 2 2 17 7038 5312 7534
14518 2 2 2 17 3159 439 7237
14519 2 2 2 17 7363 5541 7406
14520 2 2 2 17 4798 4186 7277
14521 2 2 2 17 6939 5533 7612
14522 2 2 2 17 5546 6320 7191
14523 2 2 2 17 3919 6640 6774
14524 2 2 2 17 6340 5446 7628
14525 2 2 2 17 5013 5016 6963
14526 2 2 2 17 3812 3810 6907
14527 2 2 2 17 6062 6227 7346
14528 2 2 2 17 5002 5477 6847
14529 2 2 2 17 7211 5405 7400
14530 2 2 2 17 5154 6869 6870
14531 2 2 2 17 3951 3949 7139
14532 2 2 2 17 3273 414 7240
14533 2 2 2 17 6689 6948 7616
14534 2 2 2 17 5279 6029 7489
14535 2 2 2 17 5729 6305 7103
14536 2 2 2 17 4661 4670 6857
14537 2 2 2 17 6013 4533 7135
14538 2 2 2 17 3365 3381 6875
14539 2 2 2 17 4301 4411 6709
14540 2 2 2 17 5407 5406 7365
14541 2 2 2 17 3189 7047 7491
14542 2 2 2 17 6177 6176 7367
14543 2 2 2 17 6221 5940 7360
14544 2 2 2 17 5681 5682 7379
14545 2 2 2 17 6656 4093 7230
14546 2 2 2 17 6965 3849 7534
14547 2 2 2 17 5654 6784 7158
14548 2 2 2 17 386 385 7294
14549 2 2 2 17 6571 4928 6702
14550 2 2 2 17 3855 5311 6820
14551 2 2 2 17 5899 4909 7372
14552 2 2 2 17 6412 3155 7298
14553 2 2 2 17 6672 5449 7512
14554 2 2 2 17 6682 5326 7217
14555 2 2 2 17 4084 3525 6715
14556 2 2 2 17 3776 3655 6706
14557 2 2 2 17 5723 5724 7381
14558 2 2 2 17 4899 6257 7337
14559 2 2 2 17 6332 5371 7556
14560 2 2 2 17 5939 4572 7470
14561 2 2 2 17 5050 5292 6876
14562 2 2 2 17 4796 6643 7494
14563 2 2 2 17 6524 3195 7399
14564 2 2 2 17 5497 5495 7386
14565 2 2 2 17 5412 6023 7552
14566 2 2 2 17 5924 5922 7448
14567 2 2 2 17 6531 6963 7437
14568 2 2 2 17 4261 4265 6968
14569 2 2 2 17 3931 3915 6707
14570 2 2 2 17 676 675 7307
14571 2 2 2 17 783 784 7388
14572 2 2 2 17 5259 4905 7482
14573 2 2 2 17 5431 5432 7390
14574 2 2 2 17 4912 6504 7130
14575 2 2 2 17 5698 3549 7579
14576 2 2 2 17 4392 3795 6967
14577 2 2 2 17 5449 4871 6775
14578 2 2 2 17 3902 3899 7490
14579 2 2 2 17 5070 5091 6840
14580 2 2 2 17 3177 7105 7321
14581 2 2 2 17 5029 5098 6866
14582 2 2 2 17 5040 5180 6874
14583 2 2 2 17 3569 5370 7542
14584 2 2 2 17 6245 3695 7150
14585 2 2 2 17 596 595 7312
14586 2 2 2 17 4854 7183 7435
14587 2 2 2 17 4325 4322 7000
14588 2 2 2 17 5095 5073 6862
14589 2 2 2 17 5739 6418 7492
14590 2 2 2 17 364 363 7317
14591 2 2 2 17 3186 6942 7379
14592 2 2 2 17 6034 5892 7630
14593 2 2 2 17 5676 5317 7025
14594 2 2 2 17 5541 5542 7406
14595 2 2 2 17 3671 3787 6795
14596 2 2 2 17 6314 3174 7305
14597 2 2 2 17 4518 6801 6808
14598 2 2 2 17 6612 5587 7179
14599 2 2 2 17 6290 5052 6884
14600 2 2 2 17 7032 5933 7546
14601 2 2 2 17 6384 6845 7605
14602 2 2 2 17 5314 6984 6985
14603 2 2 2 17 6217 6991 7578
14604 2 2 2 17 6851 4799 7238
14605 2 2 2 17 6719 6273 7450
14606 2 2 2 17 6731 5203 7331
14607 2 2 2 17 5547 7066 7333
14608 2 2 2 17 5435 6815 7340
14609 2 2 2 17 5440 6306 7296
14610 2 2 2 17 5761 6772 7235
14611 2 2 2 17 6823 5545 7130
14612 2 2 2 17 4970 6667 6729
14613 2 2 2 17 3852 6667 7292
14614 2 2 2 17 5468 5469 7423
14615 2 2 2 17 6349 6348 7371
14616 2 2 2 17 4931 6637 7515
14617 2 2 2 17 410 409 7332
14618 2 2 2 17 4035 4033 6917
14619 2 2 2 17 4687 6480 6976
14620 2 2 2 17 5151 6187 7421
14621 2 2 2 17 4433 5565 6790
14622 2 2 2 17 7199 5845 7356
14623 2 2 2 17 6530 6532 7353
14624 2 2 2 17 4105 6900 6957
14625 2 2 2 17 670 669 7343
14626 2 2 2 17 6310 6431 7169
14627 2 2 2 17 5582 6557 7146
14628 2 2 2 17 6325 5254 6889
14629 2 2 2 17 5272 5274 7499
14630 2 2 2 17 3683 6445 6800
14631 2 2 2 17 6597 4407 7252
14632 2 2 2 17 363 6428 7317
14633 2 2 2 17 4974 4980 6746
14634 2 2 2 17 6522 3273 7617
14635 2 2 2 17 3426 3434 6827
14636 2 2 2 17 3188 548 7288
14637 2 2 2 17 3768 7070 7151
14638 2 2 2 17 5640 5641 7495
14639 2 2 2 17 5414 6466 6903
14640 2 2 2 17 5160 6703 6704
14641 2 2 2 17 6420 3217 7426
14642 2 2 2 17 3877 5347 6824
14643 2 2 2 17 4750 4749 7124
14644 2 2 2 17 3780 5374 7101
14645 2 2 2 17 6335 5776 7298
14646 2 2 2 17 6826 4251 6844
14647 2 2 2 17 3816 3814 6925
14648 2 2 2 17 5742 5217 7413
14649 2 2 2 17 5528 5529 7452
14650 2 2 2 17 4821 5223 6675
14651 2 2 2 17 437 3272 7293
14652 2 2 2 17 5661 5662 7455
14653 2 2 2 17 6596 4819 6675
14654 2 2 2 17 3281 6251 7418
14655 2 2 2 17 4775 5716 6871
14656 2 2 2 17 6805 6508 6962
14657 2 2 2 17 7012 4936 7182
14658 2 2 2 17 3929 4016 6803
14659 2 2 2 17 5426 6043 7457
14660 2 2 2 17 4641 3924 6774
14661 2 2 2 17 7081 6013 7135
14662 2 2 2 17 6859 5694 7195
14663 2 2 2 17 6837 3738 6838
14664 2 2 2 17 3194 6424 7541
14665 2 2 2 17 3544 3540 6747
14666 2 2 2 17 6426 3194 7541
14667 2 2 2 17 6357 5506 7473
14668 2 2 2 17 6688 6689 7014
14669 2 2 2 17 3266 6461 7352
14670 2 2 2 17 5138 4948 6748
14671 2 2 2 17 4534 5674 6741
14672 2 2 2 17 4092 6722 7602
14673 2 2 2 17 686 3216 7478
14674 2 2 2 17 3787 3669 6744
14675 2 2 2 17 5098 6473 7354
14676 2 2 2 17 6582 5631 7511
14677 2 2 2 17 3199 6580 7373
14678 2 2 2 17 3293 6450 7452
14679 2 2 2 17 7260 606 7601
14680 2 2 2 17 6640 3931 7459
14681 2 2 2 17 3536 6535 7417
14682 2 2 2 17 7320 5426 7457
14683 2 2 2 17 6477 5286 6702
14684 2 2 2 17 3250 7042 7595
14685 2 2 2 17 3512 3536 7417
14686 2 2 2 17 6410 5801 7271
14687 2 2 2 17 4472 5408 6922
14688 2 2 2 17 420 3251 7316
14689 2 2 2 17 7350 5612 7476
14690 2 2 2 17 5548 6449 7344
14691 2 2 2 17 6619 5352 7164
14692 2 2 2 17 5641 6362 7303
14693 2 2 2 17 6385 3590 7570
14694 2 2 2 17 6350 5851 6721
14695 2 2 2 17 7137 5139 7325
14696 2 2 2 17 3963 3987 6778
14697 2 2 2 17 4408 5369 6952
14698 2 2 2 17 5016 5090 6963
14699 2 2 2 17 4039 4037 6937
14700 2 2 2 17 3662 3659 6761
14701 2 2 2 17 582 3177 7321
14702 2 2 2 17 6734 3246 7411
14703 2 2 2 17 4356 4097 6754
14704 2 2 2 17 759 3276 7501
14705 2 2 2 17 6070 3982 7045
14706 2 2 2 17 4602 4333 6813
14707 2 2 2 17 3298 6198 7508
14708 2 2 2 17 5145 6204 7510
14709 2 2 2 17 5506 6028 7473
14710 2 2 2 17 473 472 7403
14711 2 2 2 17 5715 6987 7465
14712 2 2 2 17 366 365 7404
14713 2 2 2 17 538 537 7405
14714 2 2 2 17 5247 7029 7030
14715 2 2 2 17 4785 5569 7588
14716 2 2 2 17 4579 6431 7582
14717 2 2 2 17 3573 3570 6758
14718 2 2 2 17 5933 5448 7546
14719 2 2 2 17 4566 4576 7585
14720 2 2 2 17 7060 4860 7209
14721 2 2 2 17 7013 5278 7600
14722 2 2 2 17 6502 3544 6747
14723 2 2 2 17 3379 3383 7011
14724 2 2 2 17 4016 3927 6766
14725 2 2 2 17 5288 4792 7571
14726 2 2 2 17 6923 3149 7487
14727 2 2 2 17 4555 4512 7137
14728 2 2 2 17 4936 7012 7031
14729 2 2 2 17 6264 5358 7474
14730 2 2 2 17 5632 6825 7626
14731 2 2 2 17 6742 5164 7036
14732 2 2 2 17 6858 4079 6859
14733 2 2 2 17 5578 5579 7581
14734 2 2 2 17 5537 4496 7112
14735 2 2 2 17 5592 5593 7590
14736 2 2 2 17 446 3158 7347
14737 2 2 2 17 652 651 7425
14738 2 2 2 17 6678 3270 7434
14739 2 2 2 17 6867 3168 7483
14740 2 2 2 17 4488 4859 6924
14741 2 2 2 17 3195 713 7620
14742 2 2 2 17 5306 6948 7128
14743 2 2 2 17 3984 6656 7230
14744 2 2 2 17 5428 6287 7587
14745 2 2 2 17 5182 6551 7153
14746 2 2 2 17 3565 3547 7156
14747 2 2 2 17 4591 6071 6898
14748 2 2 2 17 6014 3484 7008
14749 2 2 2 17 3342 3717 6784
14750 2 2 2 17 6531 5012 6963
14751 2 2 2 17 3924 3921 6774
14752 2 2 2 17 6750 3193 7456
14753 2 2 2 17 3367 3369 6941
14754 2 2 2 17 3329 3504 7376
14755 2 2 2 17 4562 4232 6826
14756 2 2 2 17 6963 5090 7437
14757 2 2 2 17 5472 6228 7595
14758 2 2 2 17 7337 6257 7596
14759 2 2 2 17 5179 6568 7166
14760 2 2 2 17 6354 4375 6887
14761 2 2 2 17 6686 6211 7425
14762 2 2 2 17 4136 7005 7006
14763 2 2 2 17 6623 6493 7160
14764 2 2 2 17 31 636 7444
14765 2 2 2 17 5448 6345 7546
14766 2 2 2 17 5316 7085 7311
14767 2 2 2 17 6932 5170 7286
14768 2 2 2 17 3285 6238 7384
14769 2 2 2 17 5903 5549 7136
14770 2 2 2 17 5488 6402 7220
14771 2 2 2 17 401 400 7447
14772 2 2 2 17 6522 6038 7264
14773 2 2 2 17 22 456 7449
14774 2 2 2 17 7152 5431 7390
14775 2 2 2 17 5562 4507 6683
14776 2 2 2 17 3268 454 7375
14777 2 2 2 17 5452 6592 7334
14778 2 2 2 17 4539 4435 6790
14779 2 2 2 17 5432 6628 7390
14780 2 2 2 17 6359 3541 7176
14781 2 2 2 17 5674 4536 7523
14782 2 2 2 17 3993 3945 6782
14783 2 2 2 17 5622 6668 7636
14784 2 2 2 17 5457 5456 7145
14785 2 2 2 17 3213 6316 7633
14786 2 2 2 17 6428 6044 7317
14787 2 2 2 17 7133 5302 7134
14788 2 2 2 17 4043 4041 6955
14789 2 2 2 17 441 440 7467
14790 2 2 2 17 5350 5348 7126
14791 2 2 2 17 5395 6476 7602
14792 2 2 2 17 5900 5084 7039
14793 2 2 2 17 3676 3673 6795
14794 2 2 2 17 4873 4612 6738
14795 2 2 2 17 3359 3350 6817
14796 2 2 2 17 6429 3229 7474
14797 2 2 2 17 3579 3738 6837
14798 2 2 2 17 3820 3818 6957
14799 2 2 2 17 6960 3566 7542
14800 2 2 2 17 3361 3364 6994
14801 2 2 2 17 6236 6677 7200
14802 2 2 2 17 5461 6984 7038
14803 2 2 2 17 6514 6168 7314
14804 2 2 2 17 6515 6171 7315
14805 2 2 2 17 6513 6183 7313
14806 2 2 2 17 6637 5713 7129
14807 2 2 2 17 6513 3298 7408
14808 2 2 2 17 4411 5580 6709
14809 2 2 2 17 6257 6213 7596
14810 2 2 2 17 7041 5602 7281
14811 2 2 2 17 3751 4104 7310
14812 2 2 2 17 3398 3379 7011
14813 2 2 2 17 3184 6437 7552
14814 2 2 2 17 3286 6243 7539
14815 2 2 2 17 5634 7127 7247
14816 2 2 2 17 5323 5731 6920
14817 2 2 2 17 7299 3542 7507
14818 2 2 2 17 5195 5614 7090
14819 2 2 2 17 6832 5702 7259
14820 2 2 2 17 6984 5314 7038
14821 2 2 2 17 3151 6321 7599
14822 2 2 2 17 3688 3685 6800
14823 2 2 2 17 561 3287 7407
14824 2 2 2 17 4135 6958 7046
14825 2 2 2 17 6714 3346 6842
14826 2 2 2 17 6777 5508 7528
14827 2 2 2 17 4104 4296 7310
14828 2 2 2 17 5204 4571 6845
14829 2 2 2 17 618 617 7497
14830 2 2 2 17 5139 4798 6896
14831 2 2 2 17 3938 3935 6803
14832 2 2 2 17 4533 5525 7078
14833 2 2 2 17 4558 3892 6665
14834 2 2 2 17 6235 3199 7610
14835 2 2 2 17 4645 5908 7144
14836 2 2 2 17 3806 3804 7230
14837 2 2 2 17 6763 3926 7216
14838 2 2 2 17 5396 7356 7419
14839 2 2 2 17 468 467 7524
14840 2 2 2 17 3252 573 7422
14841 2 2 2 17 6721 5853 7515
14842 2 2 2 17 6693 6694 7149
14843 2 2 2 17 7077 5823 7612
14844 2 2 2 17 6021 6285 7577
14845 2 2 2 17 4871 5638 6775
14846 2 2 2 17 3987 3961 6810
14847 2 2 2 17 4121 3652 7052
14848 2 2 2 17 4908 4688 7076
14849 2 2 2 17 7157 5241 7562
14850 2 2 2 17 6591 3803 7330
14851 2 2 2 17 5702 6478 7259
14852 2 2 2 17 5712 6688 7432
14853 2 2 2 17 3360 3361 6994
14854 2 2 2 17 6301 4562 7180
14855 2 2 2 17 4047 4045 6964
14856 2 2 2 17 4094 3390 6902
14857 2 2 2 17 3605 4079 6858
14858 2 2 2 17 6662 4100 7309
14859 2 2 2 17 4105 6925 6926
14860 2 2 2 17 4001 6824 7382
14861 2 2 2 17 3251 6581 7316
14862 2 2 2 17 26 536 7580
14863 2 2 2 17 4204 4605 6959
14864 2 2 2 17 631 630 7591
14865 2 2 2 17 372 371 7593
14866 2 2 2 17 7304 5288 7571
14867 2 2 2 17 606 605 7601
14868 2 2 2 17 4789 5824 7089
14869 2 2 2 17 5154 4138 6869
14870 2 2 2 17 6338 5591 7631
14871 2 2 2 17 5493 6699 7624
14872 2 2 2 17 4123 3910 7050
14873 2 2 2 17 5212 6857 7480
14874 2 2 2 17 6641 4094 6902
14875 2 2 2 17 5275 5273 6872
14876 2 2 2 17 6287 3201 7587
14877 2 2 2 17 3947 3993 7368
14878 2 2 2 17 3233 6712 7510
14879 2 2 2 17 7079 5838 7530
14880 2 2 2 17 3430 6575 7613
14881 2 2 2 17 5435 5160 6815
14882 2 2 2 17 6629 6070 7045
14883 2 2 2 17 3988 4087 6828
14884 2 2 2 17 3966 6881 6882
14885 2 2 2 17 6799 5251 7430
14886 2 2 2 17 6384 5204 6845
14887 2 2 2 17 6650 5275 6873
14888 2 2 2 17 5348 4012 6953
14889 2 2 2 17 3377 3398 7022
14890 2 2 2 17 6532 5479 7353
14891 2 2 2 17 3808 4093 6855
14892 2 2 2 17 5146 4604 7555
14893 2 2 2 17 6890 4092 7602
14894 2 2 2 17 3348 3359 6842
14895 2 2 2 17 3729 3765 6850
14896 2 2 2 17 4079 3581 6837
14897 2 2 2 17 3428 3430 7613
14898 2 2 2 17 3575 6701 7362
14899 2 2 2 17 4512 5139 7137
14900 2 2 2 17 4390 6682 7614
14901 2 2 2 17 3274 6265 7624
14902 2 2 2 17 3484 3486 7008
14903 2 2 2 17 4021 4055 6879
14904 2 2 2 17 5335 6749 7370
14905 2 2 2 17 5867 6750 7456
14906 2 2 2 17 3954 3951 7139
14907 2 2 2 17 4580 4150 6899
14908 2 2 2 17 6337 5439 7622
14909 2 2 2 17 4354 4352 7002
14910 2 2 2 17 7035 3772 7621
14911 2 2 2 17 6521 3311 7547
14912 2 2 2 17 4071 6582 7511
14913 2 2 2 17 4232 4251 6826
14914 2 2 2 17 4051 4049 6989
14915 2 2 2 17 6612 7179 7271
14916 2 2 2 17 4242 5666 6921
14917 2 2 2 17 6916 3333 7376
14918 2 2 2 17 5369 6245 7150
14919 2 2 2 17 4012 6834 6953
14920 2 2 2 17 5305 6623 7366
14921 2 2 2 17 6396 5261 7319
14922 2 2 2 17 5148 6271 6974
14923 2 2 2 17 5252 4590 6898
14924 2 2 2 17 4087 3979 6853
14925 2 2 2 17 7232 5304 7366
14926 2 2 2 17 7004 4064 7033
14927 2 2 2 17 3765 3727 6858
14928 2 2 2 17 4607 4213 7026
14929 2 2 2 17 7296 5772 7429
14930 2 2 2 17 4741 4486 7013
14931 2 2 2 17 6581 6263 7316
14932 2 2 2 17 6399 4983 6946
14933 2 2 2 17 5153 6953 7083
14934 2 2 2 17 4571 4911 6845
14935 2 2 2 17 4395 4396 7492
14936 2 2 2 17 5859 6914 7048
14937 2 2 2 17 3371 3382 6935
14938 2 2 2 17 7581 3274 7624
14939 2 2 2 17 5634 4480 7091
14940 2 2 2 17 4025 4092 6890
14941 2 2 2 17 3804 3984 7230
14942 2 2 2 17 3231 653 7525
14943 2 2 2 17 5715 4773 6987
14944 2 2 2 17 6490 4134 6850
14945 2 2 2 17 5479 6601 7353
14946 2 2 2 17 5433 4359 6979
14947 2 2 2 17 4135 3635 7035
14948 2 2 2 17 5550 7137 7325
14949 2 2 2 17 5478 5479 7255
14950 2 2 2 17 6461 5988 7352
14951 2 2 2 17 4347 6278 6998
14952 2 2 2 17 3995 3822 6929
14953 2 2 2 17 3720 4071 7511
14954 2 2 2 17 5160 6704 6815
14955 2 2 2 17 5299 3847 6965
14956 2 2 2 17 4092 4023 6879
14957 2 2 2 17 5413 5414 7309
14958 2 2 2 17 30 3183 7544
14959 2 2 2 17 4224 3967 7433
14960 2 2 2 17 4186 5310 7277
14961 2 2 2 17 5889 6385 7517
14962 2 2 2 17 4137 3863 7028
14963 2 2 2 17 532 3147 7548
14964 2 2 2 17 3392 3502 6902
14965 2 2 2 17 4138 5178 6869
14966 2 2 2 17 4029 4096 6905
14967 2 2 2 17 3838 3836 7005
14968 2 2 2 17 5180 5181 6894
14969 2 2 2 17 4096 4027 6890
14970 2 2 2 17 3354 3357 6901
14971 2 2 2 17 6824 5347 7382
14972 2 2 2 17 4590 4591 6898
14973 2 2 2 17 4107 4062 7004
14974 2 2 2 17 5684 6697 7575
14975 2 2 2 17 4057 4031 6905
14976 2 2 2 17 3972 3812 6907
14977 2 2 2 17 6447 5279 7489
14978 2 2 2 17 4570 6432 7443
14979 2 2 2 17 4644 4645 6949
14980 2 2 2 17 4687 6976 7076
14981 2 2 2 17 4587 5319 6947
14982 2 2 2 17 3249 442 7618
14983 2 2 2 17 6694 3990 6828
14984 2 2 2 17 4557 4385 7121
14985 2 2 2 17 4055 6693 7149
14986 2 2 2 17 5199 3701 7299
14987 2 2 2 17 3969 6778 6853
14988 2 2 2 17 6808 6040 7504
14989 2 2 2 17 4869 6718 7012
14990 2 2 2 17 6452 4930 7070
14991 2 2 2 17 6377 4869 7012
14992 2 2 2 17 5244 4701 7058
14993 2 2 2 17 3775 3648 7401
14994 2 2 2 17 4265 5309 6968
14995 2 2 2 17 6402 6217 7578
14996 2 2 2 17 6889 5252 6898
14997 2 2 2 17 6618 4224 7433
14998 2 2 2 17 6886 5366 7302
14999 2 2 2 17 7029 5362 7030
15000 2 2 2 17 4098 4035 6917
15001 2 2 2 17 4604 6952 7555
15002 2 2 2 17 5185 4325 7000
15003 2 2 2 17 3486 3745 7008
15004 2 2 2 17 5177 4392 6967
15005 2 2 2 17 6576 5264 7513
15006 2 2 2 17 5264 6878 7513
15007 2 2 2 17 4033 4057 6917
15008 2 2 2 17 4105 3816 6925
15009 2 2 2 17 3709 4169 7188
15010 2 2 2 17 6749 5162 7370
15011 2 2 2 17 4450 4452 7019
15012 2 2 2 17 5840 6490 6850
15013 2 2 2 17 6377 7012 7182
15014 2 2 2 17 7094 5170 7095
15015 2 2 2 17 5278 5949 7600
15016 2 2 2 17 4655 6554 7394
15017 2 2 2 17 6001 6687 7254
15018 2 2 2 17 4102 4039 6937
15019 2 2 2 17 3814 3972 6925
15020 2 2 2 17 3831 6473 7249
15021 2 2 2 17 4136 3838 7005
15022 2 2 2 17 4654 4107 7004
15023 2 2 2 17 4101 3554 7062
15024 2 2 2 17 5367 6597 7252
15025 2 2 2 17 4983 6743 6946
15026 2 2 2 17 6321 5451 7599
15027 2 2 2 17 3373 3375 7021
15028 2 2 2 17 4056 4043 6955
15029 2 2 2 17 4120 4051 6989
15030 2 2 2 17 4538 4615 7014
15031 2 2 2 17 3710 4319 7056
15032 2 2 2 17 4106 4047 6964
15033 2 2 2 17 4093 3806 7230
15034 2 2 2 17 5634 7091 7127
15035 2 2 2 17 3381 6856 7273
15036 2 2 2 17 5692 6859 7514
15037 2 2 2 17 3849 3840 7015
15038 2 2 2 17 5466 6734 7411
15039 2 2 2 17 7282 7281 7339
15040 2 2 2 17 4452 4834 7019
15041 2 2 2 17 7533 5684 7575
15042 2 2 2 17 5150 4327 7016
15043 2 2 2 17 4037 4098 6937
15044 2 2 2 17 3624 3623 7393
15045 2 2 2 17 3256 6612 7271
15046 2 2 2 17 6450 5528 7452
15047 2 2 2 17 3603 3710 7056
15048 2 2 2 17 3381 3367 6941
15049 2 2 2 17 6974 6271 7094
15050 2 2 2 17 5638 4580 7100
15051 2 2 2 17 3207 6848 7132
15052 2 2 2 17 4749 4587 6947
15053 2 2 2 17 3898 6799 7430
15054 2 2 2 17 6475 5781 7437
15055 2 2 2 17 6803 4016 7071
15056 2 2 2 17 5397 5340 7204
15057 2 2 2 17 6342 4379 7007
15058 2 2 2 17 3738 3577 7362
15059 2 2 2 17 6424 5233 7541
15060 2 2 2 17 4653 4644 6949
15061 2 2 2 17 5406 6644 7365
15062 2 2 2 17 5550 6631 7137
15063 2 2 2 17 6903 4354 7479
15064 2 2 2 17 5284 6732 7210
15065 2 2 2 17 5368 5367 7252
15066 2 2 2 17 6875 3381 7273
15067 2 2 2 17 3554 3551 7062
15068 2 2 2 17 5392 6695 7287
15069 2 2 2 17 6566 4570 7443
15070 2 2 2 17 5248 7185 7461
15071 2 2 2 17 6646 6223 7213
15072 2 2 2 17 6377 3694 7573
15073 2 2 2 17 6629 7382 7625
15074 2 2 2 17 3577 3575 7362
15075 2 2 2 17 5398 6684 7475
15076 2 2 2 17 6569 5792 7355
15077 2 2 2 17 3179 6792 7244
15078 2 2 2 17 5719 6916 7376
15079 2 2 2 17 7458 3337 7574
15080 2 2 2 17 5292 6290 7214
15081 2 2 2 17 6893 5180 6894
15082 2 2 2 17 4041 4102 6955
15083 2 2 2 17 6591 5095 7350
15084 2 2 2 17 3818 4105 6957
15085 2 2 2 17 6817 3352 6901
15086 2 2 2 17 7351 4263 7583
15087 2 2 2 17 3863 3861 7028
15088 2 2 2 17 6618 5656 6772
15089 2 2 2 17 5614 6697 7251
15090 2 2 2 17 6876 5292 6877
15091 2 2 2 17 3375 3377 7022
15092 2 2 2 17 5611 6678 7434
15093 2 2 2 17 467 6606 7524
15094 2 2 2 17 6784 3717 7158
15095 2 2 2 17 5411 6798 7358
15096 2 2 2 17 3635 3633 7035
15097 2 2 2 17 5233 7531 7541
15098 2 2 2 17 5275 6872 6873
15099 2 2 2 17 4045 4056 6964
15100 2 2 2 17 6580 5788 7373
15101 2 2 2 17 5440 7296 7429
15102 2 2 2 17 6645 3775 7401
15103 2 2 2 17 4697 3360 6994
15104 2 2 2 17 6789 5442 7396
15105 2 2 2 17 3724 4390 7614
15106 2 2 2 17 6911 5822 7483
15107 2 2 2 17 7179 6410 7271
15108 2 2 2 17 6455 5365 7193
15109 2 2 2 17 3741 6502 7155
15110 2 2 2 17 3502 3394 7243
15111 2 2 2 17 3982 3883 7045
15112 2 2 2 17 5358 6429 7474
15113 2 2 2 17 4427 4391 7409
15114 2 2 2 17 5593 6724 7590
15115 2 2 2 17 4049 4106 6989
15116 2 2 2 17 3645 3637 7046
15117 2 2 2 17 6844 4251 7429
15118 2 2 2 17 617 6861 7497
15119 2 2 2 17 3811 6885 7502
15120 2 2 2 17 4379 6353 7007
15121 2 2 2 17 3910 3908 7050
15122 2 2 2 17 6894 3851 7262
15123 2 2 2 17 6724 3147 7590
15124 2 2 2 17 6874 5180 6893
15125 2 2 2 17 6865 3196 7395
15126 2 2 2 17 4701 4703 7058
15127 2 2 2 17 4352 4518 7002
15128 2 2 2 17 3810 6855 6907
15129 2 2 2 17 6387 6867 7483
15130 2 2 2 17 3836 4000 7005
15131 2 2 2 17 6535 3706 7081
15132 2 2 2 17 3272 6753 7293
15133 2 2 2 17 6437 5412 7552
15134 2 2 2 17 3396 6751 7243
15135 2 2 2 17 4062 4064 7004
15136 2 2 2 17 3652 3650 7052
15137 2 2 2 17 5892 6868 7630
15138 2 2 2 17 3394 3396 7243
15139 2 2 2 17 6037 6943 7222
15140 2 2 2 17 3949 3947 7368
15141 2 2 2 17 3287 6982 7407
15142 2 2 2 17 6718 4466 7031
15143 2 2 2 17 4181 6589 7003
15144 2 2 2 17 5225 4450 7019
15145 2 2 2 17 5247 4897 7029
15146 2 2 2 17 3382 3373 7021
15147 2 2 2 17 6537 4286 7394
15148 2 2 2 17 6801 4181 7003
15149 2 2 2 17 5675 4602 7481
15150 2 2 2 17 3840 4136 7015
15151 2 2 2 17 4553 4538 7014
15152 2 2 2 17 4327 5185 7016
15153 2 2 2 17 6384 3482 7472
15154 2 2 2 17 4930 5241 7070
15155 2 2 2 17 3650 3775 7052
15156 2 2 2 17 6804 5652 7285
15157 2 2 2 17 4245 5307 7424
15158 2 2 2 17 5339 6571 7460
15159 2 2 2 17 3637 4135 7046
15160 2 2 2 17 3553 6682 7217
15161 2 2 2 17 3908 4013 7050
15162 2 2 2 17 3861 3999 7028
15163 2 2 2 17 6813 5150 7481
15164 2 2 2 17 3633 3772 7035
15165 2 2 2 17 3883 4001 7045
15166 2 2 2 17 4480 4478 7091
15167 2 2 2 17 3828 6602 7018
15168 2 2 2 17 5309 5402 7567
15169 2 2 2 17 6502 5450 7155
15170 2 2 2 17 6606 6424 7524
15171 2 2 2 17 6511 5331 7395
15172 2 2 2 17 6949 4645 7144
15173 2 2 2 17 6899 5463 7100
15174 2 2 2 17 4533 7078 7135
15175 2 2 2 17 5674 7523 7563
15176 2 2 2 17 7081 7135 7215
15177 2 2 2 17 4995 6422 7110
15178 2 2 2 17 6818 3828 7018
15179 2 2 2 17 5223 4823 7629
15180 2 2 2 17 4466 6542 7031
15181 2 2 2 17 6574 3603 7056
15182 2 2 2 17 6740 3159 7266
15183 2 2 2 17 4896 5644 7439
15184 2 2 2 17 5188 4989 7109
15185 2 2 2 17 4385 4383 7121
15186 2 2 2 17 3551 6578 7062
15187 2 2 2 17 7041 7282 7529
15188 2 2 2 17 6558 3954 7140
15189 2 2 2 17 5864 4653 7396
15190 2 2 2 17 3369 6935 6941
15191 2 2 2 17 6724 5972 7548
15192 2 2 2 17 3147 6724 7548
15193 2 2 2 17 5198 6576 7202
15194 2 2 2 17 4941 6404 7208
15195 2 2 2 17 6843 3227 7371
15196 2 2 2 17 7089 3971 7597
15197 2 2 2 17 6722 5395 7602
15198 2 2 2 17 3336 3340 7509
15199 2 2 2 17 6933 5798 7200
15200 2 2 2 17 6929 3820 6957
15201 2 2 2 17 4478 4601 7091
15202 2 2 2 17 6528 3239 7518
15203 2 2 2 17 6740 5934 7467
15204 2 2 2 17 6815 3952 7340
15205 2 2 2 17 5265 4309 7485
15206 2 2 2 17 6516 3676 7080
15207 2 2 2 17 7025 5317 7106
15208 2 2 2 17 6614 538 7405
15209 2 2 2 17 6857 4670 7480
15210 2 2 2 17 5321 6920 7458
15211 2 2 2 17 3217 6604 7426
15212 2 2 2 17 3623 6731 7331
15213 2 2 2 17 6877 5292 7214
15214 2 2 2 17 6554 5212 7338
15215 2 2 2 17 6808 6801 7003
15216 2 2 2 17 4320 5475 7493
15217 2 2 2 17 6394 3709 7188
15218 2 2 2 17 4989 4995 7109
15219 2 2 2 17 6738 5148 6974
15220 2 2 2 17 7214 3853 7397
15221 2 2 2 17 4221 4862 7572
15222 2 2 2 17 5582 7517 7570
15223 2 2 2 17 5355 5607 7532
15224 2 2 2 17 5090 6475 7437
15225 2 2 2 17 4562 6826 7180
15226 2 2 2 17 4683 6459 7463
15227 2 2 2 17 6643 5228 7494
15228 2 2 2 17 3899 3898 7490
15229 2 2 2 17 5347 5349 7382
15230 2 2 2 17 6830 3598 7068
15231 2 2 2 17 4536 6460 7523
15232 2 2 2 17 5486 7220 7607
15233 2 2 2 17 5477 5478 7559
15234 2 2 2 17 5949 5634 7247
15235 2 2 2 17 6883 3879 7380
15236 2 2 2 17 4383 6342 7121
15237 2 2 2 17 5343 6522 7617
15238 2 2 2 17 5330 6865 7395
15239 2 2 2 17 4764 6355 7486
15240 2 2 2 17 6809 3662 7326
15241 2 2 2 17 4862 6729 7572
15242 2 2 2 17 3598 6620 7068
15243 2 2 2 17 4741 7013 7600
15244 2 2 2 17 4799 4427 7238
15245 2 2 2 17 6834 3869 7083
15246 2 2 2 17 6587 3189 7491
15247 2 2 2 17 7408 3298 7508
15248 2 2 2 17 4511 6993 7450
15249 2 2 2 17 3932 3912 7535
15250 2 2 2 17 4094 6641 7626
15251 2 2 2 17 7070 5241 7151
15252 2 2 2 17 3592 3401 7446
15253 2 2 2 17 5563 7002 7504
15254 2 2 2 17 4251 5440 7429
15255 2 2 2 17 7382 5349 7625
15256 2 2 2 17 3340 6784 7509
15257 2 2 2 17 3452 6832 7259
15258 2 2 2 17 6503 5289 7239
15259 2 2 2 17 6904 5905 7413
15260 2 2 2 17 5217 6904 7413
15261 2 2 2 17 7145 5456 7516
15262 2 2 2 17 6735 3452 7259
15263 2 2 2 17 5513 6591 7330
15264 2 2 2 17 6509 6614 7405
15265 2 2 2 17 6290 6885 7214
15266 2 2 2 17 3869 6632 7083
15267 2 2 2 17 6793 5426 7320
15268 2 2 2 17 4835 4259 7608
15269 2 2 2 17 3595 3724 7614
15270 2 2 2 17 5313 5862 7566
15271 2 2 2 17 5516 6719 7450
15272 2 2 2 17 3648 3644 7401
15273 2 2 2 17 7349 5841 7598
15274 2 2 2 17 5348 6953 7126
15275 2 2 2 17 5399 5398 7475
15276 2 2 2 17 7139 3949 7368
15277 2 2 2 17 5299 6965 7534
15278 2 2 2 17 3158 7120 7347
15279 2 2 2 17 5818 6851 7357
15280 2 2 2 17 5843 5207 7550
15281 2 2 2 17 7416 5350 7505
15282 2 2 2 17 4311 6659 7334
15283 2 2 2 17 3505 7094 7095
15284 2 2 2 17 4391 6780 7409
15285 2 2 2 17 5565 6685 7402
15286 2 2 2 17 5506 6357 7538
15287 2 2 2 17 5139 6897 7325
15288 2 2 2 17 6728 3281 7418
15289 2 2 2 17 5062 6517 7177
15290 2 2 2 17 6983 3454 7604
15291 2 2 2 17 6991 5595 7270
15292 2 2 2 17 6551 5046 7153
15293 2 2 2 17 4998 6847 7361
15294 2 2 2 17 6557 4417 7146
15295 2 2 2 17 6948 5306 7616
15296 2 2 2 17 6837 6838 7514
15297 2 2 2 17 6981 3180 7242
15298 2 2 2 17 3333 3329 7376
15299 2 2 2 17 6796 3558 7414
15300 2 2 2 17 6547 5698 7579
15301 2 2 2 17 5046 6876 7153
15302 2 2 2 17 5066 6840 7410
15303 2 2 2 17 6952 5369 7555
15304 2 2 2 17 4670 5617 7480
15305 2 2 2 17 6996 5437 7250
15306 2 2 2 17 5250 6908 7308
15307 2 2 2 17 4600 6730 7521
15308 2 2 2 17 3676 6795 7080
15309 2 2 2 17 4936 4640 7464
15310 2 2 2 17 6953 6834 7083
15311 2 2 2 17 5008 6530 7353
15312 2 2 2 17 6623 3157 7553
15313 2 2 2 17 3505 6974 7094
15314 2 2 2 17 5036 6874 7166
15315 2 2 2 17 6568 5036 7166
15316 2 2 2 17 6498 7170 7244
15317 2 2 2 17 7170 5886 7244
15318 2 2 2 17 5812 5350 7416
15319 2 2 2 17 3264 6990 7454
15320 2 2 2 17 4309 4311 7485
15321 2 2 2 17 6835 4669 7445
15322 2 2 2 17 7366 6623 7553
15323 2 2 2 17 5319 5321 7458
15324 2 2 2 17 3900 7338 7527
15325 2 2 2 17 7131 5675 7481
15326 2 2 2 17 3244 6939 7612
15327 2 2 2 17 6518 4998 7361
15328 2 2 2 17 3954 7139 7140
15329 2 2 2 17 7012 6718 7031
15330 2 2 2 17 6306 3518 7296
15331 2 2 2 17 6641 5512 7626
15332 2 2 2 17 5396 7199 7356
15333 2 2 2 17 5865 5864 7519
15334 2 2 2 17 7220 6402 7578
15335 2 2 2 17 7279 5674 7563
15336 2 2 2 17 7204 5340 7460
15337 2 2 2 17 5154 6870 7505
15338 2 2 2 17 7109 4995 7110
15339 2 2 2 17 3972 6907 7227
15340 2 2 2 17 4669 6369 7445
15341 2 2 2 17 4417 6913 7146
15342 2 2 2 17 6947 5319 7458
15343 2 2 2 17 5633 6875 7273
15344 2 2 2 17 3472 6643 7569
15345 2 2 2 17 3851 6894 7074
15346 2 2 2 17 6816 4113 7568
15347 2 2 2 17 5228 7106 7494
15348 2 2 2 17 5349 5812 7625
15349 2 2 2 17 6780 5438 7409
15350 2 2 2 17 5579 7122 7581
15351 2 2 2 17 5103 7124 7231
15352 2 2 2 17 5188 7109 7506
15353 2 2 2 17 6480 4683 7463
15354 2 2 2 17 5279 6447 7537
15355 2 2 2 17 7021 3375 7022
15356 2 2 2 17 4980 6399 7197
15357 2 2 2 17 6459 5457 7463
15358 2 2 2 17 5608 6708 7436
15359 2 2 2 17 7065 4208 7389
15360 2 2 2 17 5424 7065 7389
15361 2 2 2 17 5397 7204 7289
15362 2 2 2 17 5846 6451 7374
15363 2 2 2 17 5170 4755 7286
15364 2 2 2 17 5359 6301 7180
15365 2 2 2 17 6755 6754 7634
15366 2 2 2 17 6517 5066 7410
15367 2 2 2 17 4423 5247 7412
15368 2 2 2 17 5340 5339 7460
15369 2 2 2 17 5179 6893 7262
15370 2 2 2 17 5196 6871 7575
15371 2 2 2 17 5244 7058 7547
15372 2 2 2 17 7490 6046 7522
15373 2 2 2 17 764 6936 7335
15374 2 2 2 17 6635 5062 7177
15375 2 2 2 17 4000 6818 7117
15376 2 2 2 17 7106 5317 7494
15377 2 2 2 17 5443 6796 7414
15378 2 2 2 17 3662 6761 7326
15379 2 2 2 17 4079 6837 7514
15380 2 2 2 17 6870 5515 7378
15381 2 2 2 17 5570 6923 7487
15382 2 2 2 17 5963 4741 7600
15383 2 2 2 17 5656 6618 7433
15384 2 2 2 17 5485 6863 7089
15385 2 2 2 17 6601 5008 7353
15386 2 2 2 17 6847 5477 7125
15387 2 2 2 17 5312 5299 7534
15388 2 2 2 17 7147 5593 7304
15389 2 2 2 17 6355 6356 7486
15390 2 2 2 17 5297 6660 7556
15391 2 2 2 17 3699 6506 7632
15392 2 2 2 17 5813 6629 7625
15393 2 2 2 17 6404 4600 7521
15394 2 2 2 17 6772 5462 7235
15395 2 2 2 17 4064 6811 7499
15396 2 2 2 17 7142 5103 7231
15397 2 2 2 17 5508 5782 7528
15398 2 2 2 17 6697 5196 7575
15399 2 2 2 17 7127 3660 7247
15400 2 2 2 17 3623 7331 7393
15401 2 2 2 17 4580 6899 7100
15402 2 2 2 17 4286 4655 7394
15403 2 2 2 17 5475 6394 7188
15404 2 2 2 17 5478 7377 7559
15405 2 2 2 17 6871 5716 7575
15406 2 2 2 17 5514 7060 7209
15407 2 2 2 17 4823 4826 7629
15408 2 2 2 17 3401 3404 7446
15409 2 2 2 17 6741 5674 7279
15410 2 2 2 17 5284 7210 7549
15411 2 2 2 17 5772 7296 7598
15412 2 2 2 17 5103 7142 7428
15413 2 2 2 17 6876 6877 7153
15414 2 2 2 17 6729 5683 7572
15415 2 2 2 17 6730 5318 7521
15416 2 2 2 17 3434 3428 7613
15417 2 2 2 17 5446 7227 7628
15418 2 2 2 17 6786 5710 7576
15419 2 2 2 17 7066 5765 7333
15420 2 2 2 17 6915 3213 7633
15421 2 2 2 17 6948 5256 7128
15422 2 2 2 17 7210 3646 7549
15423 2 2 2 17 3912 4123 7535
15424 2 2 2 17 5382 6058 7569
15425 2 2 2 17 7281 3180 7339
15426 2 2 2 17 5453 7171 7172
15427 2 2 2 17 5150 7131 7481
15428 2 2 2 17 5612 7350 7415
15429 2 2 2 17 3645 7046 7254
15430 2 2 2 17 7154 5389 7345
15431 2 2 2 17 7338 5212 7480
15432 2 2 2 17 5162 4462 7370
15433 2 2 2 17 6942 5681 7379
15434 2 2 2 17 5467 6679 7561
15435 2 2 2 17 5746 7109 7110
15436 2 2 2 17 6874 6893 7166
15437 2 2 2 17 5958 7420 7599
15438 2 2 2 17 3938 6803 7540
15439 2 2 2 17 4668 7147 7304
15440 2 2 2 17 5137 6745 7328
15441 2 2 2 17 4462 6776 7370
15442 2 2 2 17 6357 3678 7538
15443 2 2 2 17 4518 6808 7504
15444 2 2 2 17 6818 7018 7117
15445 2 2 2 17 6650 3341 7359
15446 2 2 2 17 5662 7023 7455
15447 2 2 2 17 6554 7338 7496
15448 2 2 2 17 3491 5942 7564
15449 2 2 2 17 3239 6781 7518
15450 2 2 2 17 6526 3938 7540
15451 2 2 2 17 7142 3488 7428
15452 2 2 2 17 7084 6111 7364
15453 2 2 2 17 6701 6552 7362
15454 2 2 2 17 6784 5654 7509
15455 2 2 2 17 7266 5771 7503
15456 2 2 2 17 7393 5861 7451
15457 2 2 2 17 6811 5272 7499
15458 2 2 2 17 6559 3739 7560
15459 2 2 2 17 6842 3359 7391
15460 2 2 2 17 6950 3442 7484
15461 2 2 2 17 6831 5877 7484
15462 2 2 2 17 6803 7071 7540
15463 2 2 2 17 5546 7191 7385
15464 2 2 2 17 4167 7154 7345
15465 2 2 2 17 5716 7533 7575
15466 2 2 2 17 5454 6554 7496
15467 2 2 2 17 6447 3940 7537
15468 2 2 2 17 4113 6541 7568
15469 2 2 2 17 7181 763 7335
15470 2 2 2 17 3803 6591 7476
15471 2 2 2 17 5650 5244 7547
15472 2 2 2 17 5658 6590 7611
15473 2 2 2 17 6833 3627 7451
15474 2 2 2 17 6399 6946 7197
15475 2 2 2 17 4311 7334 7485
15476 2 2 2 17 5317 4796 7494
15477 2 2 2 17 5256 6839 7609
15478 2 2 2 17 5393 7366 7553
15479 2 2 2 17 5095 6862 7350
15480 2 2 2 17 7104 3286 7539
15481 2 2 2 17 7462 5850 7498
15482 2 2 2 17 6620 5925 7466
15483 2 2 2 17 5182 6877 7397
15484 2 2 2 17 6920 3337 7458
15485 2 2 2 17 7097 3592 7446
15486 2 2 2 17 7033 4064 7499
15487 2 2 2 17 6862 5900 7415
15488 2 2 2 17 6570 6816 7568
15489 2 2 2 17 5618 6909 7592
15490 2 2 2 17 6679 5444 7604
15491 2 2 2 17 7331 5861 7393
15492 2 2 2 17 6859 4079 7514
15493 2 2 2 17 6432 7225 7443
15494 2 2 2 17 7225 5372 7443
15495 2 2 2 17 6825 4094 7626
15496 2 2 2 17 7278 6021 7577
15497 2 2 2 17 6861 6939 7497
15498 2 2 2 17 7334 6592 7485
15499 2 2 2 17 6829 3902 7522
15500 2 2 2 17 6547 3550 7440
15501 2 2 2 17 5567 6992 7431
15502 2 2 2 17 5393 7232 7366
15503 2 2 2 17 5370 6960 7542
15504 2 2 2 17 6847 7125 7361
15505 2 2 2 17 3442 6831 7484
15506 2 2 2 17 5418 7189 7408
15507 2 2 2 17 6885 3853 7214
15508 2 2 2 17 7109 5746 7506
15509 2 2 2 17 3606 7279 7563
15510 2 2 2 17 3832 7255 7500
15511 2 2 2 17 7058 6521 7547
15512 2 2 2 17 6785 4423 7412
15513 2 2 2 17 7055 5582 7570
15514 2 2 2 17 5283 5284 7549
15515 2 2 2 17 5967 7097 7446
15516 2 2 2 17 7135 5605 7215
15517 2 2 2 17 3590 7055 7570
15518 2 2 2 17 3201 7057 7587
15519 2 2 2 17 3898 7430 7490
15520 2 2 2 17 5241 5136 7562
15521 2 2 2 17 6993 5516 7450
15522 2 2 2 17 7042 5472 7595
15523 2 2 2 17 4354 7002 7479
15524 2 2 2 17 6976 5784 7076
15525 2 2 2 17 6506 5464 7632
15526 2 2 2 17 6913 5889 7517
15527 2 2 2 17 7139 5751 7140
15528 2 2 2 17 7191 4492 7385
15529 2 2 2 17 6885 5187 7502
15530 2 2 2 17 5369 7150 7555
15531 2 2 2 17 6851 7238 7561
15532 2 2 2 17 7078 5605 7135
15533 2 2 2 17 6802 5531 7558
15534 2 2 2 17 5544 7068 7466
15535 2 2 2 17 7149 6694 7461
15536 2 2 2 17 5229 6785 7412
15537 2 2 2 17 5483 7380 7465
15538 2 2 2 17 6866 5098 7354
15539 2 2 2 17 7220 4089 7607
15540 2 2 2 17 7350 6862 7415
15541 2 2 2 17 7185 5460 7461
15542 2 2 2 17 5533 7077 7612
15543 2 2 2 17 7523 5480 7563
15544 2 2 2 17 6945 5693 7554
15545 2 2 2 17 6877 5182 7153
15546 2 2 2 17 6679 3450 7561
15547 2 2 2 17 5922 7308 7448
15548 2 2 2 17 3550 6547 7579
15549 2 2 2 17 7202 6576 7513
15550 2 2 2 17 5641 7303 7495
15551 2 2 2 17 3450 6851 7561
15552 2 2 2 17 4089 7220 7578
15553 2 2 2 17 6838 5692 7514
15554 2 2 2 17 6893 5179 7166
15555 2 2 2 17 6775 3418 7619
15556 2 2 2 17 5751 7139 7368
15557 2 2 2 17 7182 4936 7464
15558 2 2 2 17 4908 7076 7536
15559 2 2 2 17 7146 6913 7517
15560 2 2 2 17 3530 7204 7460
15561 2 2 2 17 7125 5477 7559
15562 2 2 2 17 4602 6813 7481
15563 2 2 2 17 7303 5679 7495
15564 2 2 2 17 5864 7396 7519
15565 2 2 2 17 7002 4518 7504
15566 2 2 2 17 5370 6755 7634
15567 2 2 2 17 7071 5300 7540
15568 2 2 2 17 5350 7126 7505
15569 2 2 2 17 6754 5887 7634
15570 2 2 2 17 7174 5283 7549
15571 2 2 2 17 7068 6620 7466
15572 2 2 2 17 5635 7299 7507
15573 2 2 2 17 3702 6711 7584
15574 2 2 2 17 7338 3900 7496
15575 2 2 2 17 5474 6969 7615
15576 2 2 2 17 7125 6423 7361
15577 2 2 2 17 7377 3854 7559
15578 2 2 2 17 5509 7275 7606
15579 2 2 2 17 6968 5309 7567
15580 2 2 2 17 7010 5357 7627
15581 2 2 2 17 6841 4553 7616
15582 2 2 2 17 3654 6786 7576
15583 2 2 2 17 5605 7078 7520
15584 2 2 2 17 4087 6853 7462
15585 2 2 2 17 7238 5467 7561
15586 2 2 2 17 5306 6841 7616
15587 2 2 2 17 5399 7475 7603
15588 2 2 2 17 7380 3889 7465
15589 2 2 2 17 7378 3494 7416
15590 2 2 2 17 7420 3151 7599
15591 2 2 2 17 5485 7089 7597
15592 2 2 2 17 7296 3518 7598
15593 2 2 2 17 3711 7202 7513
15594 2 2 2 17 7430 6046 7490
15595 2 2 2 17 5814 6945 7554
15596 2 2 2 17 7126 5154 7505
15597 2 2 2 17 5460 7149 7461
15598 2 2 2 17 7274 5313 7566
15599 2 2 2 17 5439 7531 7622
15600 2 2 2 17 7076 5784 7536
15601 2 2 2 17 7475 3481 7603
15602 2 2 2 17 5845 7351 7583
15603 2 2 2 17 7531 6011 7622
15604 2 2 2 17 5677 7274 7566
15605 2 2 2 17 5436 7241 7589
15606 2 2 2 17 7517 6385 7570
15607 2 2 2 17 3664 5949 7247
15608 2 2 2 17 5456 5280 6954
$EndElements
