scenario,initialization,h,dt,t,J_full,Q_outer_full,bulk_balance_residual,bulk_balance_normalized,M_full,mass_bulk_full,energy_bulk_full,mass_coating_full
time_dependent,prepared,0.08,0.0005,0.0,0.7246376811594203,0.7246376811594203,0.0,0.0,0.0,0.36231884057971037,0.08751662815934971,0.07768115942028966
time_dependent,prepared,0.08,0.0005,0.0005,0.7241819889108614,0.724637681160168,-1.7350107895525158e-14,1.1971574447900149e-14,0.0003620909944554307,0.3623186127335849,0.08751646667292143,0.07767020551637346
time_dependent,prepared,0.08,0.0005,0.001,0.7230189924617663,0.7246376811601536,-1.0000680839006293e-14,6.900469778907407e-15,0.0007236004906863139,0.36231780338923614,0.08751589493707897,0.07765438422569648
time_dependent,prepared,0.08,0.0005,0.0015,0.7212906734115787,0.7246376811601588,-1.4647571350279165e-14,1.0106824231682425e-14,0.0010842458273921034,0.36231612988536027,0.08751471696372118,0.07763534900782383
time_dependent,prepared,0.08,0.0005,0.002,0.7191975475983788,0.7246376811601488,-1.2147401140527592e-14,8.381706786955682e-15,0.0014438446011912928,0.3623134098185782,0.08751280920572996,0.07761398659370407
time_dependent,prepared,0.08,0.0005,0.0025,0.7168961122521618,0.7246376811601503,-1.630987012113394e-14,1.125381038357121e-14,0.0018022926573173738,0.3623095390341294,0.0875101040058884,0.07759084979579048
time_dependent,prepared,0.08,0.0005,0.003,0.7144891004512731,0.724637681160155,-1.7850304567801345e-14,1.2316710151770592e-14,0.00215953720754301,0.36230446474377176,0.08750656999661688,0.07756631111101941
time_dependent,prepared,0.08,0.0005,0.0035,0.7120398959217196,0.7246376811601383,-1.2869913468271932e-14,8.880240293098914e-15,0.00251555715550387,0.3622981658511557,0.0875021979072374,0.07754063505951882
time_dependent,prepared,0.08,0.0005,0.004,0.7095867632930486,0.7246376811601482,-2.1154952789537163e-14,1.4596917424766192e-14,0.0028703505371503943,0.36229064039221626,0.08749699157829509,0.07751401702789734
time_dependent,prepared,0.08,0.0005,0.0045000000000000005,0.7071525730204464,0.7246376811601493,-1.4644535584196205e-14,1.0104729553085318e-14,0.0032239268236606174,0.3622818978381502,0.08749096250054779,0.0774866058408435
time_dependent,prepared,0.08,0.0005,0.005,0.7047508112417568,0.7246376811601413,-1.4290651995096937e-14,9.860549876607174e-15,0.0035763022292814957,0.3622719544031905,0.08748412651712534,0.07745851767435784
time_dependent,prepared,0.08,0.0005,0.0055,0.7023891984241765,0.7246376811601284,-1.321859288694327e-15,9.120829091981952e-16,0.003927496828493584,0.3622608301618215,0.08747650181986144,0.07742984505332105
time_dependent,prepared,0.08,0.0005,0.006,0.7000718734236903,0.7246376811601314,-2.6402491304367004e-15,1.821771899999539e-15,0.004277532765205429,0.36224854725795635,0.08746810772152813,0.07740066290646384
time_dependent,prepared,0.08,0.0005,0.006500000000000001,0.6978007295846284,0.7246376811601131,-4.395789288125229e-15,3.033094608803518e-15,0.004626433129997744,0.36223512878216607,0.08745896389928028,0.07737103277853745
time_dependent,prepared,0.08,0.0005,0.007,0.6955762460371677,0.7246376811600902,-7.310124727766265e-15,5.043986062154086e-15,0.0049742212530163275,0.36222059806460766,0.0874490899288892,0.07734100584298989
time_dependent,prepared,0.08,0.0005,0.0075,0.6933980136141458,0.72463768116003,-1.8596235662471372e-15,1.2831402607094468e-15,0.0053209202598234005,0.36220497823083353,0.08743850500117716,0.07731062510771568
time_dependent,prepared,0.08,0.0005,0.008,0.6912650724802499,0.7246376811599036,-4.926614671774132e-15,3.3993641235218957e-15,0.005666552796063525,0.3621882919264912,0.08742722775414653,0.07727992706249633
time_dependent,prepared,0.08,0.0005,0.0085,0.6891761314300174,0.7246376811596283,-3.2682190287403046e-15,2.2550711298301677e-15,0.006011140861778534,0.3621705611516298,0.0874152761792265,0.07724894293073395
time_dependent,prepared,0.08,0.0005,0.009000000000000001,0.6871297114867556,0.7246376811590716,1.186550857568136e-15,8.187200917224071e-16,0.006354705717521912,0.3621518071667927,0.08740266757527464,0.07721769963485046
time_dependent,prepared,0.08,0.0005,0.0095,0.6851242403063759,0.7246376811579842,3.1433189384699745e-15,2.168890067548576e-15,0.0066972678376751,0.36213205044636393,0.0873894185333154,0.07718622055072635
time_dependent,prepared,0.08,0.0005,0.01,0.6831581141769704,0.7246376811559193,3.95516952522712e-16,2.729066972419897e-16,0.007038846894763585,0.3621113106628747,0.08737554494091584,0.07715452610423149
time_dependent,prepared,0.08,0.0005,0.0105,0.6812297384385941,0.7246376811521354,-2.400857290751901e-15,1.6565915306354684e-15,0.007379461763982882,0.36208960669152207,0.08736106199889003,0.0771226342478947
time_dependent,prepared,0.08,0.0005,0.011,0.6793375534071929,0.724637681145385,9.020562075079397e-16,6.224187831925335e-16,0.0077191305406864785,0.36206695662765254,0.08734598424549488,0.07709056084544645
time_dependent,prepared,0.08,0.0005,0.0115,0.6774800505065902,0.7246376811337187,-6.245004513516506e-16,4.309053114479225e-16,0.008057870565939774,0.3620433778123388,0.08733032558487484,0.0770583199847471
time_dependent,prepared,0.08,0.0005,0.012,0.6756557817647079,0.7246376811140908,-4.704570066849101e-15,3.2461533463289524e-15,0.008395698456822129,0.36201888686266115,0.08731409931762694,0.07702592423447663
time_dependent,prepared,0.08,0.0005,0.0125,0.6738633648152095,0.724637681081872,5.3013149425851225e-15,3.657907310775178e-15,0.008732630139229734,0.36199349970452865,0.08729731817206962,0.07699338485624661
time_dependent,prepared,0.08,0.0005,0.013000000000000001,0.6721014848686476,0.7246376810302307,-4.246603069191224e-15,2.9301561182643457e-15,0.009068680881664057,0.3619672316064489,0.08727999433527822,0.07696071198107156
time_dependent,prepared,0.08,0.0005,0.0135,0.6703688946594841,0.7246376809492134,-8.465450562766819e-16,5.841160890003544e-16,0.009403865328993798,0.36194009721330367,0.08726213948331095,0.07692791475712095
time_dependent,prepared,0.08,0.0005,0.014,0.6686644130651249,0.7246376808247119,2.2343238370581275e-15,1.5416834482822055e-15,0.009738197535526362,0.361912110579422,0.08724376481025385,0.07689500147415738
time_dependent,prepared,0.08,0.0005,0.0145,0.6669869228785041,0.7246376806370409,-2.2898349882893854e-15,1.5799861430586644e-15,0.010071690996965614,0.36188328520054475,0.08722488105587162,0.07686197966892044
time_dependent,prepared,0.08,0.0005,0.015,0.6653353680689807,0.7246376803592062,1.1518563880486e-15,7.947809086312063e-16,0.010404358681000104,0.3618536340443988,0.08720549853176958,0.07682885621483941
time_dependent,prepared,0.08,0.0005,0.0155,0.6637087507606217,0.724637679954816,-2.4980018054066022e-15,1.723621248595827e-15,0.010736213056380416,0.3618231695798034,0.08718562714602683,0.07679563739877472
time_dependent,prepared,0.08,0.0005,0.016,0.6621061280876623,0.7246376793755599,-9.71445146547012e-17,6.702971527675272e-17,0.011067266120424246,0.36179190380415827,0.0871652764263114,0.07676232898697097
time_dependent,prepared,0.08,0.0005,0.0165,0.6605266090336779,0.7246376785582288,1.0547118733938987e-15,7.277511952541574e-16,0.011397529424941086,0.3617598482693958,0.08714445554152814,0.07672893628198228
time_dependent,prepared,0.08,0.0005,0.017,0.6589693513266576,0.7246376774212432,-1.5265566588595902e-15,1.053324100046885e-15,0.011727014100604415,0.36172701410634983,0.08712317332204657,0.07669546417200766
time_dependent,prepared,0.08,0.0005,0.0175,0.6574335584366913,0.7246376758606796,4.718447854656915e-16,3.2557290435200145e-16,0.01205573087982276,0.3616934120476354,0.08710143827860325,0.07666191717382002
time_dependent,prepared,0.08,0.0005,0.018000000000000002,0.6559184767043357,0.7246376737456677,2.4147350785597155e-15,1.666167221252722e-15,0.012383690118174927,0.36165905244911645,0.08707925861992986,0.076628299470251
time_dependent,prepared,0.08,0.0005,0.0185,0.6544233926168973,0.7246376709134223,-9.71445146547012e-17,6.702971605950897e-17,0.012710901814483377,0.3616239453099657,0.08705664226920866,0.07659461494304826
time_dependent,prepared,0.08,0.0005,0.019,0.652947630239995,0.7246376671634591,-9.43689570931383e-16,6.511458165191627e-16,0.013037375629603375,0.36158810029150584,0.08703359687941832,0.0765608672017639
time_dependent,prepared,0.08,0.0005,0.0195,0.6514905488065048,0.7246376622514753,1.4432899320127035e-15,9.958700790739666e-16,0.013363120904006627,0.3615515267347823,0.08701012984766007,0.07652705960924006
time_dependent,prepared,0.08,0.0005,0.02,0.650051540459669,0.7246376558826159,1.1657341758564144e-15,8.043566093984846e-16,0.013688146674236462,0.36151423367707325,0.08698624832852077,0.07649319530416002
time_dependent,prepared,0.08,0.0005,0.0205,0.6486300281473917,0.7246376477042271,-1.4016565685892601e-15,9.671430769778131e-16,0.014012461688310157,0.36147622986729355,0.08696195924655982,0.07645927722106104
time_dependent,prepared,0.08,0.0005,0.021,0.647225463659248,0.7246376372980642,-6.106226635438361e-16,4.2132966334777185e-16,0.014336074420139781,0.3614375237804737,0.08693726930797206,0.07642530810814341
time_dependent,prepared,0.08,0.0005,0.021500000000000002,0.6458373258000718,0.7246376241722153,-2.7755575615628914e-16,1.9151348680890883e-16,0.014658993083039817,0.36139812363128887,0.08691218501148912,0.07639129054316203
time_dependent,prepared,0.08,0.0005,0.022,0.6444651186913424,0.7246376077525506,-2.636779683484747e-16,1.8193781659101767e-16,0.014981225642385488,0.36135803738675576,0.08688671265858006,0.07635722694764355
time_dependent,prepared,0.08,0.0005,0.0225,0.6431083701926746,0.7246375873738539,2.636779683484747e-16,1.8193782170758299e-16,0.015302779827481825,0.3613172727781663,0.0868608583630026,0.07632311959963466
time_dependent,prepared,0.08,0.0005,0.023,0.6417666304356112,0.7246375622706499,8.465450562766819e-16,5.8411618466481e-16,0.015623663142699631,0.3612758373122497,0.0868346280597448,0.07628897064516256
time_dependent,prepared,0.08,0.0005,0.0235,0.6404394704604464,0.7246375315679916,1.0824674490095276e-15,7.469026940043062e-16,0.015943882877929853,0.36123373828169514,0.08680802751341693,0.07625478210856163
time_dependent,prepared,0.08,0.0005,0.024,0.6391264809507229,0.7246374942719481,7.216449660063518e-16,4.97935154964205e-16,0.016263446118405214,0.36119098277503275,0.08678106232611708,0.0762205559017935
time_dependent,prepared,0.08,0.0005,0.0245,0.6378272710569125,0.7246374492601265,-9.992007221626409e-16,6.894487189303088e-16,0.01658235975393367,0.3611475776859315,0.08675373794482466,0.07618629383288388
time_dependent,prepared,0.08,0.0005,0.025,0.6365414673025047,0.7246373952722592,1.4849232954361469e-15,1.0245974780795248e-15,0.016900630487584924,0.3611035297219485,0.08672605966834265,0.07615199761357043
time_dependent,prepared,0.08,0.0005,0.025500000000000002,0.6352687125671895,0.7246373309008367,-8.743006318923108e-16,6.032677275992805e-16,0.017218264843868517,0.3610588454127832,0.08669803265383129,0.07611766886624882
time_dependent,prepared,0.08,0.0005,0.026000000000000002,0.6340086651404977,0.7246372545818839,-1.8735013540549517e-15,1.2927166952905048e-15,0.017535269176438766,0.36101353111806117,0.08666966192295851,0.0760833091302954
time_dependent,prepared,0.08,0.0005,0.0265,0.6327609978410493,0.7246371645860544,0.0,0.0,0.01785164967535929,0.3609675930346896,0.08664095236769016,0.07604891986783205
time_dependent,prepared,0.08,0.0005,0.027,0.6315253971957019,0.724637059010017,-1.1518563880486e-15,7.947815901261256e-16,0.01816741237395714,0.36092103720377994,0.08661190875574996,0.0760145024689902
time_dependent,prepared,0.08,0.0005,0.0275,0.6303015626751668,0.7246369357681638,-5.828670879282072e-16,4.0217870436753905e-16,0.018482563155294725,0.3608738695172331,0.08658253573577637,0.07598005825672792
time_dependent,prepared,0.08,0.0005,0.028,0.6290892059804976,0.7246367925848237,-3.5388358909926865e-15,2.441799759000265e-15,0.018797107758284973,0.36082609572393287,0.08655283784218389,0.07594558849124282
time_dependent,prepared,0.08,0.0005,0.0285,0.6278880503775575,0.7246366269868677,7.244205235679146e-15,4.998508884239986e-15,0.01911105178347375,0.36077772143562814,0.08652281949976524,0.07591109437402332
time_dependent,prepared,0.08,0.0005,0.029,0.6266978300754468,0.7246364362969302,2.886579864025407e-15,1.9917435278141213e-15,0.019424400698511476,0.36072875213251815,0.08649248502803451,0.07587657705157184
time_dependent,prepared,0.08,0.0005,0.029500000000000002,0.6255182896455185,0.7246362176271531,-1.249000902703301e-16,8.618123634457568e-17,0.019737159843334236,0.3606791931685255,0.08646183864534732,0.07584203761883203
time_dependent,prepared,0.08,0.0005,0.03,0.6243491834779556,0.7246359678735753,-1.3461454173580023e-15,9.288425340714394e-16,0.020049334435073216,0.3606290497763286,0.08643088447279228,0.07580747712234902
time_dependent,prepared,0.08,0.0005,0.0305,0.6231902752737428,0.7246356837111128,1.7069679003611782e-15,1.1778110978603735e-15,0.020360929572710088,0.3605783270721113,0.08639962653789326,0.07577289656318448
time_dependent,prepared,0.08,0.0005,0.031,0.6220413375678748,0.7246353615892002,-1.5681900222830336e-15,1.0820545790394722e-15,0.020671950241494024,0.36052703006010006,0.08636806877810396,0.0757382968996143
time_dependent,prepared,0.08,0.0005,0.0315,0.6209021512837117,0.7246349977281803,-1.9845236565174673e-15,1.3693263937977018e-15,0.02098240131713588,0.36047516363687643,0.08633621504413752,0.0757036790496222
time_dependent,prepared,0.08,0.0005,0.032,0.6197725053142269,0.7246345881162788,4.038436252074007e-15,2.7865329079668264e-15,0.021292287569792994,0.360422732595476,0.08630406910312509,0.07566904389321322
time_dependent,prepared,0.08,0.0005,0.0325,0.6186521961290342,0.7246341285073606,5.717648576819556e-15,3.945196859963694e-15,0.02160161366785751,0.36036974162928703,0.08627163464161296,0.07563439227455772
time_dependent,prepared,0.08,0.0005,0.033,0.6175410274060646,0.7246336144193212,-8.049116928532385e-16,5.553921849859586e-16,0.021910384181560542,0.36031619533578074,0.08623891526842196,0.07559972500398579
time_dependent,prepared,0.08,0.0005,0.0335,0.6164388096842458,0.7246330411331976,1.6653345369377348e-15,1.1490881883701057e-15,0.022218603586402666,0.3602620982200558,0.08620591451735778,0.07556504285983849
time_dependent,prepared,0.08,0.0005,0.034,0.615345360037848,0.7246324036930031,-3.802513859341161e-15,2.623753671490614e-15,0.02252627626642159,0.36020745469823007,0.08617263584980239,0.07553034659019514
time_dependent,prepared,0.08,0.0005,0.0345,0.6142605017696827,0.7246316969060704,-6.938893903907228e-17,4.787876333269668e-17,0.02283340651730643,0.3601522691006604,0.08613908265717354,0.07549563691447965
time_dependent,prepared,0.08,0.0005,0.035,0.6131840641219982,0.7246309153442986,-1.4016565685892601e-15,9.671520624560184e-16,0.02313999854936743,0.360096545675049,0.0861052582632767,0.07546091452496193
time_dependent,prepared,0.08,0.0005,0.035500000000000004,0.6121158820043032,0.7246300533458324,-8.743006318923108e-16,6.032737862964731e-16,0.02344605649036958,0.36004028858937603,0.08607116592654443,0.07542618008815895
time_dependent,prepared,0.08,0.0005,0.036000000000000004,0.6110557957363919,0.7246291050174505,-8.354428260304303e-15,5.764623724369421e-15,0.023751584388237778,0.359983501934737,0.08603680884217746,0.07539143424614404
time_dependent,prepared,0.08,0.0005,0.0365,0.6100036508063778,0.724628064237447,1.304512053934559e-15,9.001252630943463e-16,0.024056586213640967,0.3599261897280243,0.08600219014418246,0.07535667761777315
time_dependent,prepared,0.08,0.0005,0.037,0.6089592976417035,0.7246269246592514,8.326672684688674e-16,5.7454894383093785e-16,0.02436106586246182,0.3598683559145134,0.08596731290732967,0.07532191079983255
time_dependent,prepared,0.08,0.0005,0.0375,0.6079225913930657,0.72462567971538,1.762479051592436e-15,1.216130687146434e-15,0.02466502715815835,0.35981000437035204,0.0859321801490151,0.07528713436811528
time_dependent,prepared,0.08,0.0005,0.038,0.6068933917303152,0.7246243226219874,-2.6506574712925612e-15,1.8289873721747308e-15,0.024968473854023506,0.3597511389049069,0.08589679483104666,0.07525234887843163
time_dependent,prepared,0.08,0.0005,0.0385,0.6058715626487433,0.7246228463839005,-5.7592819402429996e-15,3.973985894168035e-15,0.025271409635347877,0.3596917632630409,0.08586115986135276,0.07521755486755655
time_dependent,prepared,0.08,0.0005,0.039,0.6048569722865477,0.7246212438000496,6.106226635438361e-16,4.2133919531644983e-16,0.025573838121491152,0.359631881127282,0.08582527809561799,0.07518275285412161
time_dependent,prepared,0.08,0.0005,0.0395,0.6038494927514546,0.7246195074693234,-6.38378239159465e-16,4.4049203242467977e-16,0.02587576286786688,0.3595714961199231,0.08578915233885089,0.07514794333945424
time_dependent,prepared,0.08,0.0005,0.04,0.602848999956444,0.7246176297967658,-2.123301534595612e-15,1.465118599992619e-15,0.026177187367845103,0.35951061180500166,0.08575278534688516,0.07511312680836614
time_dependent,prepared,0.08,0.0005,0.0405,0.601855373464192,0.7246156030001565,-1.1379786002407855e-15,7.852291584180396e-16,0.0264781150545772,0.3594492316902346,0.08571617982782063,0.07507830372989788
time_dependent,prepared,0.08,0.0005,0.041,0.6008684963394367,0.7246134191168788,-1.5681900222830336e-15,1.0820873454112013e-15,0.02677854930274692,0.3593873592288476,0.08567933844340751,0.07504347455802012
time_dependent,prepared,0.08,0.0005,0.0415,0.5998882550087815,0.7246110700109933,1.9012569296705806e-15,1.3119154594489797e-15,0.027078493430251312,0.3593249978213441,0.08564226381036921,0.07500863973229592
time_dependent,prepared,0.08,0.0005,0.042,0.5989145391273978,0.7246085473807331,-5.051514762044462e-15,3.4856853264458173e-15,0.02737795069981501,0.3592621508172182,0.08560495850168065,0.0749737996785046
time_dependent,prepared,0.08,0.0005,0.0425,0.597947241452827,0.7246058427659293,-3.3584246494910985e-15,2.3174148283648217e-15,0.027676924320541422,0.359198821516563,0.08556742504778751,0.07493895480923371
time_dependent,prepared,0.08,0.0005,0.043000000000000003,0.5969862577243631,0.7246029475559268,-1.2212453270876722e-15,8.426996682851709e-16,0.027975417449403604,0.35913501317164637,0.08552966593778899,0.07490410552443669
time_dependent,prepared,0.08,0.0005,0.043500000000000004,0.5960314865489397,0.7245998529974146,5.551115123125783e-16,3.830469396428091e-16,0.028273433192678072,0.35907072898842163,0.08549168362056302,0.07486925221196147
time_dependent,prepared,0.08,0.0005,0.044,0.5950828292921979,0.7245965502024504,3.608224830031759e-16,2.4898164564981915e-16,0.028570974607324173,0.35900597212796526,0.08545348050585723,0.07483439524805059
time_dependent,prepared,0.08,0.0005,0.0445,0.5941401899746444,0.7245930301566188,1.4988010832439613e-15,1.0342364754184829e-15,0.028868044702311496,0.358940745707875,0.0854150589653386,0.07479953499781605
time_dependent,prepared,0.08,0.0005,0.045,0.5932034751728946,0.7245892837272802,-4.163336342344337e-16,2.872893952369939e-16,0.029164646439897943,0.3588750528035985,0.08537642133359612,0.07476467181568827
time_dependent,prepared,0.08,0.0005,0.0455,0.5922725939260101,0.7245853016716833,2.1094237467877974e-15,1.45560760197672e-15,0.02946078273686095,0.3588088964497261,0.0853375699091176,0.0747298060458428
time_dependent,prepared,0.08,0.0005,0.046,0.5913474576450513,0.724581074645358,5.384581669432009e-15,3.715651607425326e-15,0.029756456465683475,0.358742279641227,0.08529850695522151,0.07469493802260466
time_dependent,prepared,0.08,0.0005,0.0465,0.5904279800279644,0.7245765932103045,1.1102230246251565e-16,7.661184718279467e-17,0.030051670455697458,0.35867520533463626,0.08525923470096076,0.07466006807083347
time_dependent,prepared,0.08,0.0005,0.047,0.589514076977517,0.724571847843254,-8.326672684688674e-17,5.745926169691578e-17,0.030346427494186215,0.3586076764492029,0.08521975534199172,0.07462519650628835
time_dependent,prepared,0.08,0.0005,0.0475,0.5886056665235103,0.7245668289438315,2.248201624865942e-15,1.5514108119902763e-15,0.03064073032744797,0.35853969586799245,0.08518007104141267,0.07459032363597547
time_dependent,prepared,0.08,0.0005,0.048,0.5877026687481199,0.7245615268427823,-8.326672684688674e-16,5.746008017408457e-16,0.03093458166182203,0.3584712664389453,0.08514018393057567,0.07455544975847873
time_dependent,prepared,0.08,0.0005,0.0485,0.5868050057146658,0.7245559318099154,4.052314039881821e-15,2.79641216224624e-15,0.031227984164679364,0.35840239097589666,0.08510009610986248,0.07452057516427428
time_dependent,prepared,0.08,0.0005,0.049,0.5859126013993995,0.7245500340621589,2.886579864025407e-15,1.991981042249018e-15,0.031520940465379066,0.35833307225956557,0.085059809649445,0.07448570013603022
time_dependent,prepared,0.08,0.0005,0.0495,0.5850253816265076,0.7245438237714097,-3.941291737419306e-15,2.7198435816511606e-15,0.03181345315619232,0.35826331303849196,0.08501932659000992,0.0744508249488928
time_dependent,prepared,0.08,0.0005,0.05,0.5841432740057533,0.724537291072196,7.494005416219807e-16,5.171580199226121e-16,0.0321055247931952,0.35819311602995996,0.08497864894346589,0.07441594987075745
time_dependent,prepared,0.08,0.0005,0.0505,0.583266207872534,0.724530426069424,-5.273559366969494e-16,3.6392946225726807e-16,0.03239715789713147,0.3581224839208606,0.08493777869362111,0.07438107516252976
time_dependent,prepared,0.08,0.0005,0.051000000000000004,0.5823941142310376,0.7245232188457131,3.885780586188048e-16,2.681612186548518e-16,0.03268835495424699,0.358051419368554,0.08489671779684296,0.07434620107837246
time_dependent,prepared,0.08,0.0005,0.051500000000000004,0.5815269256993245,0.7245156594688011,-3.0531133177191805e-16,2.107002987318215e-16,0.03297911841709665,0.357979925001669,0.08485546818269422,0.07431132786594263
time_dependent,prepared,0.08,0.0005,0.052000000000000005,0.5806645764568243,0.7245077379986203,1.9984014443252818e-15,1.379144306895646e-15,0.03326945070532506,0.3579080034208973,0.08481403175454968,0.07427645576661761
time_dependent,prepared,0.08,0.0005,0.0525,0.579807002194222,0.7244994444943847,3.164135620181696e-15,2.183670149250344e-15,0.03355935420642217,0.3578356571997495,0.08477241039018972,0.0742415850157115
time_dependent,prepared,0.08,0.0005,0.053,0.5789541400647827,0.7244907690212865,-1.304512053934559e-15,9.0029584206906e-16,0.03384883127645456,0.35776288888526897,0.08473060594237959,0.07420671584268047
time_dependent,prepared,0.08,0.0005,0.0535,0.5781059286383993,0.724481701657217,-2.248201624865942e-15,1.5515931042311299e-15,0.03413788424077376,0.3576897009987607,0.08468862023942789,0.07417184847132183
time_dependent,prepared,0.08,0.0005,0.054,0.5772623078571218,0.7244722324991124,1.3322676295501878e-15,9.194745980494283e-16,0.034426515394702324,0.3576160960364385,0.08464645508572505,0.07413698311996232
time_dependent,prepared,0.08,0.0005,0.0545,0.5764232189921814,0.7244623516693213,-2.3869795029440866e-15,1.647414456696033e-15,0.03471472700419841,0.3575420764700997,0.0846041122622709,0.07410212000163925
time_dependent,prepared,0.08,0.0005,0.055,0.5755886046034084,0.7244520493215614,-3.3306690738754696e-15,2.298750536349921e-15,0.03500252130650012,0.3574676447477429,0.0845615935271815,0.07406725932427438
time_dependent,prepared,0.08,0.0005,0.0555,0.5747584084994,0.7244413156468087,-2.220446049250313e-15,1.5325230638370052e-15,0.035289900510749816,0.3573928032941671,0.0845189006161803,0.07403240129083896
time_dependent,prepared,0.08,0.0005,0.056,0.5739325757000897,0.7244301408789827,-1.3877787807814457e-15,9.578416899506657e-16,0.03557686679859986,0.3573175545115767,0.08447603524307927,0.07399754609951473
time_dependent,prepared,0.08,0.0005,0.0565,0.5731110523998862,0.7244185153004195,1.942890293094024e-15,1.3409998861557924e-15,0.035863422324799804,0.3572419007801275,0.0844329991002366,0.07396269394384429
time_dependent,prepared,0.08,0.0005,0.057,0.5722937859331418,0.7244064292470472,-6.9111383282915995e-15,4.770207751658909e-15,0.036149569217766374,0.357165844458472,0.08438979385901361,0.07392784501288023
time_dependent,prepared,0.08,0.0005,0.0575,0.571480724740115,0.7243938731135207,3.191891195797325e-15,2.203146184877459e-15,0.03643530958013643,0.3570893878842844,0.08434642117020527,0.07389299949132322
time_dependent,prepared,0.08,0.0005,0.058,0.5706718183346384,0.7243808373580954,6.38378239159465e-16,4.4063716641629244e-16,0.03672064548930375,0.3570125333747737,0.08430288266446459,0.07385815755965873
time_dependent,prepared,0.08,0.0005,0.0585,0.5698670172729288,0.724367312507231,2.498001805406602e-16,1.7242645839169237e-16,0.03700557899794022,0.35693528322715606,0.08425917995271635,0.07382331939428625
time_dependent,prepared,0.08,0.0005,0.059000000000000004,0.5690662731235436,0.7243532891600484,-6.106226635438361e-16,4.2149505820005824e-16,0.03729011213450199,0.3568576397191383,0.08421531462655392,0.07378848516764301
time_dependent,prepared,0.08,0.0005,0.059500000000000004,0.5682695384383116,0.7243387579926587,4.08006961549745e-15,2.8164098430991252e-15,0.03757424690372115,0.3567796051093598,0.08417128825862852,0.07375365504832468
time_dependent,prepared,0.08,0.0005,0.06,0.5674767667246646,0.7243237097621859,3.608224830031759e-16,2.490754328072756e-16,0.037857985287083486,0.3567011816378398,0.084127102403024,0.07371882920119961
time_dependent,prepared,0.08,0.0005,0.0605,0.5666879124183767,0.7243081353105961,-2.525757381022231e-15,1.7435655199006884e-15,0.03814132924329267,0.35662237152639653,0.08408275859562613,0.07368400778752031
time_dependent,prepared,0.08,0.0005,0.061,0.5659029308579898,0.7242920255685077,-8.326672684688674e-17,5.748146045203896e-17,0.03842428070872167,0.3565431769790402,0.08403825835447752,0.07364919096502924
time_dependent,prepared,0.08,0.0005,0.0615,0.5651217782595329,0.7242753715585666,-1.4432899320127035e-15,9.963682244965008e-16,0.038706841597851434,0.3564636001823895,0.08399360318012317,0.0736143788880615
time_dependent,prepared,0.08,0.0005,0.062,0.56434441169256,0.7242581643988137,-1.1102230246251565e-16,7.664553050269867e-17,0.038989013803697715,0.35638364330603794,0.0839487945559462,0.0735795717076428
time_dependent,prepared,0.08,0.0005,0.0625,0.5635707890568147,0.7242403953058026,2.220446049250313e-15,1.5329482197086994e-15,0.039270799198226125,0.3563033085029118,0.08390383394849943,0.07354476957158652
time_dependent,prepared,0.08,0.0005,0.063,0.5628008690597066,0.7242220555975775,3.0253577421035516e-15,2.0886948407054735e-15,0.039552199632755976,0.3562225979096432,0.08385872280781835,0.0735099726245823
time_dependent,prepared,0.08,0.0005,0.0635,0.5620346111946396,0.724203136696426,-3.524958103184872e-15,2.4336804996900235e-15,0.039833216938353296,0.3561415136468942,0.0838134625677368,0.07347518100828654
time_dependent,prepared,0.08,0.0005,0.064,0.5612719757199824,0.724183630131463,6.522560269672795e-15,4.5033883660755396e-15,0.040113852926213285,0.3560600578196876,0.08376805464618528,0.07344039486140579
time_dependent,prepared,0.08,0.0005,0.0645,0.5605129236389664,0.7241635275411636,2.4980018054066022e-15,1.7247498047080285e-15,0.04039410938803277,0.3559782325177365,0.08372250044548461,0.07340561431977986
time_dependent,prepared,0.08,0.0005,0.065,0.5597574166800959,0.724142820675522,8.604228440844963e-16,5.94097476021266e-16,0.04067398809637282,0.35589603981573825,0.0836768013526357,0.07337083951646019
time_dependent,prepared,0.08,0.0005,0.0655,0.5590054172779991,0.7241215013982937,2.3592239273284576e-15,1.6290249100273527e-15,0.04095349080501182,0.35581348177367655,0.08363095873959343,0.07333607058178603
time_dependent,prepared,0.08,0.0005,0.066,0.5582568885554252,0.7240995616888618,-6.106226635438361e-16,4.21642751805873e-16,0.04123261924928954,0.3557305604371122,0.08358497396354171,0.07330130764345826
time_dependent,prepared,0.08,0.0005,0.0665,0.5575117943054321,0.7240769936441113,-1.1934897514720433e-15,8.241456101688078e-16,0.04151137514644226,0.35564727783744227,0.08353884836715655,0.07326655082661078
time_dependent,prepared,0.08,0.0005,0.067,0.5567700989743412,0.7240537894800668,-6.689093723366568e-15,4.6191966816235755e-15,0.04178976019592943,0.3555636359921888,0.08349258327886351,0.07323180025387792
time_dependent,prepared,0.08,0.0005,0.0675,0.5560317676450698,0.7240299415334959,-1.1934897514720433e-15,8.241991684378634e-16,0.04206777607975196,0.355479636905245,0.08344618001309097,0.0731970560454621
time_dependent,prepared,0.08,0.0005,0.068,0.5552967660213198,0.724005442263174,2.0816681711721685e-15,1.4376053339219825e-15,0.042345424462762626,0.35539528256712516,0.08339963987051156,0.07316231831919634
time_dependent,prepared,0.08,0.0005,0.0685,0.5545650604118009,0.7239802842512679,-1.7763568394002505e-15,1.2267991808902231e-15,0.04262270699296853,0.3553105749552035,0.0833529641382832,0.0731275871906076
time_dependent,prepared,0.08,0.0005,0.069,0.5538366177155519,0.7239544602043888,-2.7755575615628914e-17,1.9169420965921588e-17,0.042899625301826304,0.35522551603396096,0.08330615409028409,0.07309286277297547
time_dependent,prepared,0.08,0.0005,0.0695,0.553111405407138,0.7239279629546259,-1.942890293094024e-16,1.3419085824260389e-16,0.04317618100452987,0.3551401077551864,0.08325921098733323,0.0730581451773901
time_dependent,prepared,0.08,0.0005,0.07,0.5523893915227157,0.7239007854604349,-3.497202527569243e-15,2.4155261313502143e-15,0.04345237570029123,0.3550543520582171,0.08321213607742083,0.07302343451280878
time_dependent,prepared,0.08,0.0005,0.07050000000000001,0.5516705446461816,0.723872920807405,-1.2490009027033011e-15,8.627211122293202e-16,0.04372821097261432,0.35496825087013695,0.08316493059591652,0.07298873088610863
time_dependent,prepared,0.08,0.0005,0.07100000000000001,0.5509548338964024,0.7238443622088827,9.43689570931383e-16,6.518594467266556e-16,0.04400368838956252,0.35488180610598147,0.08311759576578613,0.07295403440214054
time_dependent,prepared,0.08,0.0005,0.07150000000000001,0.5502422289139125,0.7238151030065807,-4.718447854656915e-16,3.2594289861163744e-16,0.044278809504019474,0.354795019668933,0.08307013279779385,0.07291934516377863
time_dependent,prepared,0.08,0.0005,0.07200000000000001,0.5495326998488629,0.7237851366709686,4.0245584642661925e-15,2.7802162964944515e-15,0.04455357585394391,0.3547078934505231,0.08302254289070467,0.0728846632719698
time_dependent,prepared,0.08,0.0005,0.0725,0.5488262173485656,0.7237544568016593,-1.3322676295501878e-15,9.203864770916978e-16,0.04482798896261819,0.35462042933079585,0.08297482723148115,0.07284998882578068
time_dependent,prepared,0.08,0.0005,0.073,0.5481227525463231,0.7237230571276102,2.7755575615628914e-16,1.9175550193044988e-16,0.04510205033889136,0.35453262917850703,0.08292698699547568,0.07281532192244425
time_dependent,prepared,0.08,0.0005,0.0735,0.5474222770498041,0.7236909315073347,1.6930901125533637e-15,1.1697604867225024e-15,0.04537576147741626,0.3544444948512774,0.08287902334661507,0.07278066265740406
time_dependent,prepared,0.08,0.0005,0.074,0.546724762929866,0.7236580739289351,-3.1086244689504383e-15,2.1478544777873362e-15,0.045649123858881195,0.35435602819577683,0.08283093743758638,0.07274601112435683
time_dependent,prepared,0.08,0.0005,0.0745,0.5460301827103812,0.7236244785100736,-2.525757381022231e-15,1.7452127837236192e-15,0.045922138950236384,0.3542672310478784,0.08278273041001312,0.07271136741529535
time_dependent,prepared,0.08,0.0005,0.075,0.5453385093573838,0.7235901394979035,-1.915134717478395e-15,1.3233560084216339e-15,0.046194808204915075,0.3541781052328064,0.08273440339463087,0.07267673162054789
time_dependent,prepared,0.08,0.0005,0.0755,0.5446497162694097,0.7235550512688818,-7.216449660063518e-16,4.986800691535633e-16,0.04646713306304978,0.35408865256530964,0.08268595751146,0.07264210382881864
time_dependent,prepared,0.08,0.0005,0.076,0.5439637772673203,0.7235192083285463,-4.246603069191224e-15,2.9346857832576547e-15,0.04673911495168344,0.3539988748497761,0.08263739386996742,0.0726074841272245
time_dependent,prepared,0.08,0.0005,0.0765,0.5432806665852993,0.7234826053111095,-4.163336342344337e-16,2.877288487505539e-16,0.047010755284976086,0.3539087738804147,0.08258871356923525,0.07257287260133313
time_dependent,prepared,0.08,0.0005,0.077,0.5426003588611881,0.7234452369791509,-6.050715484207103e-15,4.181875264997774e-15,0.04728205546440668,0.3538183514413555,0.0825399176981156,0.07253826933519862
time_dependent,prepared,0.08,0.0005,0.0775,0.5419228291279212,0.7234070982231533,2.1371793224034263e-15,1.4771622559778614e-15,0.04755301687897064,0.3537276093068077,0.08249100733538828,0.0725036744113956
time_dependent,prepared,0.08,0.0005,0.078,0.5412480528043594,0.723368184060964,-1.27675647831893e-15,8.825080411687893e-16,0.047823640905372826,0.3536365492411797,0.08244198354991596,0.07246908791105403
time_dependent,prepared,0.08,0.0005,0.0785,0.5405760056873468,0.7233284896372294,-3.552713678800501e-15,2.455809310498955e-15,0.048093928908216496,0.35354517299920374,0.08239284740078592,0.072434509913891
time_dependent,prepared,0.08,0.0005,0.079,0.5399066639431652,0.7232880102227572,1.3322676295501878e-15,9.209800319653279e-16,0.04836388224018808,0.353453482326064,0.08234359993746539,0.07239994049824326
time_dependent,prepared,0.08,0.0005,0.0795,0.5392400040997088,0.7232467412138482,-5.689893001203927e-15,3.933576659919973e-15,0.04863350224223793,0.35336147895750847,0.0822942421999342,0.07236537974109838
time_dependent,prepared,0.08,0.0005,0.08,0.5385760030384968,0.7232046781315747,-2.1649348980190553e-15,1.496764998542491e-15,0.04890279024375718,0.353269164619961,0.0822447752188323,0.07233082771812373
time_dependent,prepared,0.08,0.0005,0.0805,0.537914637987319,0.7231618166209669,-1.0824674490095276e-15,7.484268556015904e-16,0.04917174756275084,0.35317654103064455,0.08219520001559416,0.07229628450369657
time_dependent,prepared,0.08,0.0005,0.081,0.5372558865128105,0.7231181524502349,9.43689570931383e-16,6.525140931214053e-16,0.049440375506007245,0.35308360989767507,0.08214551760257907,0.07226175017093237
time_dependent,prepared,0.08,0.0005,0.0815,0.5365997265132441,0.7230736815098888,6.38378239159465e-16,4.4143374007641446e-16,0.04970867536926386,0.35299037292017693,0.08209572898320633,0.07222722479171188
time_dependent,prepared,0.08,0.0005,0.082,0.535946136211678,0.723028399811807,6.13398221105399e-15,4.2418681013432826e-15,0.0499766484373697,0.35289683178837705,0.08204583515208243,0.07219270843670841
time_dependent,prepared,0.08,0.0005,0.0825,0.5352950941491473,0.7229823034883051,5.134781488891349e-15,3.5511114615922206e-15,0.05024429598444428,0.3528029881837072,0.08199583709512334,0.07215820117541345
time_dependent,prepared,0.08,0.0005,0.083,0.5346465791778392,0.7229353887912303,-2.55351295663786e-15,1.7660727336279766e-15,0.0505116192740332,0.352708843778902,0.08194573578968155,0.07212370307616259
time_dependent,prepared,0.08,0.0005,0.0835,0.5340005704550691,0.7228876520908217,3.0253577421035516e-15,2.0925504352946446e-15,0.05077861955926073,0.35261440023808255,0.08189553220466436,0.07208921420615944
time_dependent,prepared,0.08,0.0005,0.084,0.5333570474366185,0.7228390898748145,5.190292640122607e-15,3.590213031382595e-15,0.05104529808297904,0.35251965921686407,0.0818452273006513,0.07205473463150061
time_dependent,prepared,0.08,0.0005,0.0845,0.5327159898710959,0.7227896987472519,-2.220446049250313e-16,1.5360249690185252e-16,0.05131165607791459,0.3524246223624262,0.08179482203001065,0.0720202644171977
time_dependent,prepared,0.08,0.0005,0.085,0.5320773777934171,0.7227394754274727,3.552713678800501e-15,2.457810732352206e-15,0.051577694766811295,0.3523292913136125,0.08174431733701087,0.07198580362720118
time_dependent,prepared,0.08,0.0005,0.0855,0.5314411915195142,0.7226884167489492,1.609823385706477e-15,1.1137741718266e-15,0.05184341536257105,0.35223366770099374,0.08169371415793468,0.07195135232442229
time_dependent,prepared,0.08,0.0005,0.08600000000000001,0.5308074116405977,0.722636519658165,-3.497202527569243e-15,2.419752138477283e-15,0.05210881906839135,0.35213775314698553,0.08164301342118319,0.07191691057075343
time_dependent,prepared,0.08,0.0005,0.08650000000000001,0.5301760190174352,0.7225837812134689,5.273559366969494e-16,3.649098903184178e-16,0.052373907077900066,0.3520415492658883,0.08159221604738551,0.07188247842709135
time_dependent,prepared,0.08,0.0005,0.08700000000000001,0.5295469947752224,0.7225301985838388,2.581268532253489e-15,1.7862703436567616e-15,0.05263868057528768,0.35194505766398426,0.08154132294950182,0.07184805595335474
time_dependent,prepared,0.08,0.0005,0.08750000000000001,0.5289203202982882,0.7224757690477589,-1.970645868709653e-15,1.363814506406918e-15,0.052903140735436824,0.3518482799396084,0.08149033503292592,0.07181364320850663
time_dependent,prepared,0.08,0.0005,0.088,0.5282959772250693,0.7224204899919299,1.4710455076283324e-15,1.018136617113922e-15,0.053167288724049355,0.3517512176832258,0.08143925319558537,0.0717792402505723
time_dependent,prepared,0.08,0.0005,0.0885,0.5276739474429589,0.7223643589101201,5.6066262743570405e-15,3.880746748646428e-15,0.05343112569777084,0.35165387247749014,0.08138807832803939,0.07174484713665813
time_dependent,prepared,0.08,0.0005,0.089,0.5270542130836974,0.7223073734018531,-6.8833827526759706e-15,4.764857044347558e-15,0.05369465280431269,0.351556245897332,0.08133681131357536,0.07171046392297073
time_dependent,prepared,0.08,0.0005,0.0895,0.5264367565185715,0.7222495311711787,-5.551115123125783e-17,3.8429343900883235e-17,0.053957871182571976,0.3514583395100056,0.08128545302830358,0.07167609066483446
time_dependent,prepared,0.08,0.0005,0.09,0.525821560353742,0.7221908300254242,-1.609823385706477e-15,1.1145415579770004e-15,0.05422078196274885,0.35136015487517086,0.08123400434124918,0.07164172741670873
time_dependent,prepared,0.08,0.0005,0.0905,0.5252086074257621,0.7221312678739404,-3.247402347028583e-15,2.2484847918228325e-15,0.05448338626646173,0.35126169354494624,0.08118246611444518,0.07160737423220537
time_dependent,prepared,0.08,0.0005,0.091,0.5245978807974149,0.722070842726722,1.6653345369377348e-15,1.1531656164435395e-15,0.054745685206860434,0.3511629570639807,0.08113083920301713,0.07157303116410453
time_dependent,prepared,0.08,0.0005,0.0915,0.5239893637529575,0.7220095526932715,3.524958103184872e-15,2.441074422101419e-15,0.055007679888736914,0.3510639469695105,0.0810791244552761,0.07153869826437168
time_dependent,prepared,0.08,0.0005,0.092,0.5233830397945683,0.721947395981166,-2.248201624865942e-15,1.5570397769843857e-15,0.0552693714086342,0.35096466479141875,0.08102732271279973,0.07150437558417337
time_dependent,prepared,0.08,0.0005,0.0925,0.5227788926376982,0.7218843708948617,4.468647674116255e-15,3.0951270413132925e-15,0.05553076085495305,0.35086511205228993,0.08097543481052014,0.07147006317389142
time_dependent,prepared,0.08,0.0005,0.093,0.5221769062074312,0.7218204758343296,-4.163336342344337e-16,2.8839139936644696e-16,0.055791849308056765,0.3507652902674779,0.08092346157680255,0.0714357610831396
time_dependent,prepared,0.08,0.0005,0.0935,0.521577064634514,0.7217557092937983,-3.524958103184872e-15,2.4419329544575927e-15,0.05605263784037402,0.350665200945146,0.08087140383353147,0.07140146936077697
time_dependent,prepared,0.08,0.0005,0.094,0.5209793522514624,0.7216900698604165,-6.938893903907228e-16,4.807391838749629e-16,0.05631312751649976,0.35056484558634243,0.08081926239618539,0.07136718805492304
time_dependent,prepared,0.08,0.0005,0.0945,0.5203837535890596,0.7216235562129633,-3.247402347028583e-15,2.2500667550757083e-15,0.05657331939329429,0.35046422568503005,0.08076703807391766,0.07133291721297104
time_dependent,prepared,0.08,0.0005,0.095,0.5197902533724579,0.7215561671205567,2.7200464103316335e-15,1.88484731631236e-15,0.05683321451998052,0.3503633427281548,0.08071473166963215,0.071298656881602
time_dependent,prepared,0.08,0.0005,0.0955,0.5191988365179234,0.721487901441326,-3.191891195797325e-15,2.2120199031895394e-15,0.05709281393823948,0.35026219819569493,0.08066234398005981,0.0712644071067978
time_dependent,prepared,0.08,0.0005,0.096,0.5186094881291378,0.721418758121135,-1.887379141862766e-15,1.3081023473649786e-15,0.05735211868230405,0.35016079356070146,0.08060987579583168,0.07123016793385417
time_dependent,prepared,0.08,0.0005,0.0965,0.5180221934941598,0.7213487361922442,7.216449660063518e-16,5.002053305143854e-16,0.057611129779051126,0.3500591302893489,0.0805573279015489,0.07119593940739409
time_dependent,prepared,0.08,0.0005,0.097,0.5174369380815722,0.7212778347720551,-2.220446049250313e-15,1.5392446171259668e-15,0.05786984824809191,0.3499572098410027,0.08050470107586062,0.07116172157137884
time_dependent,prepared,0.08,0.0005,0.0975,0.516853707537856,0.7212060530618409,2.3592239273284576e-15,1.6356101819393346e-15,0.05812827510186084,0.3498550336682427,0.08045199609152705,0.07112751446912098
time_dependent,prepared,0.08,0.0005,0.098,0.5162724876838143,0.7211333903453785,-1.1379786002407855e-15,7.890208770500591e-16,0.05838641134570274,0.3497526032169116,0.08039921371549222,0.07109331814329554
time_dependent,prepared,0.08,0.0005,0.0985,0.5156932645116092,0.7210598459877233,1.6375789613221059e-15,1.1355360934562324e-15,0.058644257977958546,0.34964991992617267,0.08034635470894988,0.0710591326359528
time_dependent,prepared,0.08,0.0005,0.099,0.5151160241819257,0.7209854194339489,3.635980405647388e-15,2.5215353234896307e-15,0.05890181599004951,0.34954698522854766,0.08029341982741205,0.07102495798852809
time_dependent,prepared,0.08,0.0005,0.0995,0.5145407530207169,0.7209101102078157,-1.3877787807814457e-16,9.625186005377236e-17,0.05915908636655987,0.3494438005499533,0.08024040982077112,0.07099079424185359
time_dependent,prepared,0.08,0.0005,0.1,0.5139674375166003,0.7208339179105643,1.7763568394002505e-15,1.2321540338648753e-15,0.05941607008531817,0.34934036730975576,0.08018732543336618,0.07095664143616887
time_dependent,prepared,0.08,0.0005,0.1005,0.5133960643178496,0.7207568422196455,1.1102230246251565e-16,7.701786230749538e-17,0.0596727681174771,0.34923668692080634,0.08013416740404503,0.0709224996111321
time_dependent,prepared,0.08,0.0005,0.101,0.5128266202295905,0.7206788828874731,1.27675647831893e-15,8.858012275893768e-16,0.05992918142759189,0.34913276078947614,0.08008093646622606,0.07088836880582867
time_dependent,prepared,0.08,0.0005,0.1015,0.5122590922114739,0.7206000397401302,-1.887379141862766e-15,1.3095885635417211e-15,0.06018531097369763,0.34902859031571204,0.08002763334796083,0.07085424905878315
time_dependent,prepared,0.08,0.0005,0.10200000000000001,0.5116934673745445,0.7205203126762326,5.051514762044462e-15,3.50546311684231e-15,0.0604411577073849,0.3489241768930601,0.0799742587719901,0.07082014040796819
time_dependent,prepared,0.08,0.0005,0.10250000000000001,0.5111297329789192,0.720439701665641,-9.71445146547012e-16,6.742029515454607e-16,0.06069672257387436,0.34881952190871834,0.0799208134558066,0.07078604289081362
time_dependent,prepared,0.08,0.0005,0.10300000000000001,0.5105678764313519,0.7203582067482536,1.7763568394002505e-15,1.2329677254728902e-15,0.06095200651209003,0.34871462674356046,0.07986729811171109,0.07075195654421705
time_dependent,prepared,0.08,0.0005,0.10350000000000001,0.5100078852825829,0.7202758280328155,1.2212453270876722e-15,8.477622596492518e-16,0.06120701045473132,0.3486094927721846,0.07981371344686698,0.07071788140455258
time_dependent,prepared,0.08,0.0005,0.10400000000000001,0.5094497472248749,0.7201925656957375,-4.496403249731884e-15,3.121667359470849e-15,0.06146173532834376,0.3485041213629478,0.07976006016336061,0.07068381750767921
time_dependent,prepared,0.08,0.0005,0.1045,0.5088934500897897,0.7201084199798536,-2.886579864025407e-15,2.0042675407865458e-15,0.061716182053388656,0.3483985138780057,0.07970633895825208,0.07064976488895042
time_dependent,prepared,0.08,0.0005,0.105,0.5083389818458793,0.7200233911933103,-4.718447854656915e-16,3.27659344985788e-16,0.061970351544311596,0.34829267167333006,0.07965255052363307,0.0706157235832225
time_dependent,prepared,0.08,0.0005,0.1055,0.5077863305962947,0.7199374797083871,-1.8318679906315083e-15,1.2722410224937271e-15,0.062224244709609744,0.34818659609877395,0.07959869554667627,0.07058169362486291
time_dependent,prepared,0.08,0.0005,0.106,0.5072354845766395,0.7198506859603043,-1.6653345369377348e-16,1.1567221990739124e-16,0.06247786245189806,0.34808028849808353,0.07954477470968829,0.07054767504775872
time_dependent,prepared,0.08,0.0005,0.1065,0.5066864321527806,0.7197630104461235,1.0547118733938987e-15,7.326799641594297e-16,0.06273120566797445,0.3479737502089372,0.07949078869016431,0.07051366788532418
time_dependent,prepared,0.08,0.0005,0.107,0.5061391618186585,0.7196744537236006,-1.8041124150158794e-15,1.2534225757781116e-15,0.06298427524888378,0.3478669825629823,0.07943673816083514,0.07047967217050972
time_dependent,prepared,0.08,0.0005,0.1075,0.5055936621943175,0.7195850164100578,4.6629367034256575e-15,3.2400179249761177e-15,0.06323707207998094,0.347759986885877,0.07938262378971706,0.07044568793580833
time_dependent,prepared,0.08,0.0005,0.108,0.5050499220236424,0.7194946991812975,9.71445146547012e-16,6.750884667061512e-16,0.06348959704099276,0.3476527644972976,0.07932844624016369,0.0704117152132639
time_dependent,prepared,0.08,0.0005,0.1085,0.504507930172718,0.719403502770478,-2.220446049250313e-15,1.5432549610192393e-15,0.06374185100607913,0.34754531671099675,0.07927420617090954,0.07037775403447852
time_dependent,prepared,0.08,0.0005,0.109,0.5039676756274873,0.719311427967035,-6.38378239159465e-16,4.437425948894568e-16,0.06399383484389287,0.3474376448348286,0.07921990423612195,0.07034380443062009
time_dependent,prepared,0.08,0.0005,0.1095,0.5034291474920153,0.7192184756155986,-2.3592239273284576e-15,1.640130229767205e-15,0.06424554941763888,0.34732975017076523,0.07916554108544455,0.07030986643242843
time_dependent,prepared,0.08,0.0005,0.11,0.5028923349866754,0.719124646614983,4.135580766728708e-15,2.8754269417655445e-15,0.06449699558513222,0.3472216340149509,0.07911111736404537,0.0702759400702233
time_dependent,prepared,0.08,0.0005,0.1105,0.5023572274460771,0.7190299419170421,2.525757381022231e-15,1.7563645362863312e-15,0.06474817419885526,0.34711329765771565,0.0790566337126591,0.0702420253739106
time_dependent,prepared,0.08,0.0005,0.111,0.5018238143173488,0.7189343625257427,4.440892098500626e-15,3.0885240224844575e-15,0.06499908610601393,0.34700474238361145,0.07900209076763388,0.07020812237298957
time_dependent,prepared,0.08,0.0005,0.1115,0.5012920851585573,0.7188379094960284,2.220446049250313e-15,1.544469218941894e-15,0.06524973214859321,0.34689596947144286,0.07894748916097538,0.07017423109655836
time_dependent,prepared,0.08,0.0005,0.112,0.5007620296367215,0.7187405839328816,1.1102230246251565e-15,7.723391787271275e-16,0.06550011316341157,0.3467869801942961,0.07889282952038729,0.0701403515733219
time_dependent,prepared,0.08,0.0005,0.1125,0.5002336375261984,0.718642386990295,1.9984014443252818e-15,1.3904004832602968e-15,0.06575022998217467,0.3466777758195637,0.07883811246931535,0.07010648383159686
time_dependent,prepared,0.08,0.0005,0.113,0.4997068987070194,0.7185433198702716,-7.244205235679146e-15,5.04089665532419e-15,0.06600008343152818,0.34656835760898125,0.07878333862699026,0.07007262789931798
time_dependent,prepared,0.08,0.0005,0.1135,0.4991818031632322,0.7184433838218418,-3.0808688933348094e-15,2.1441278204454895e-15,0.0662496743331098,0.34645872681865225,0.07872850860846572,0.0700387838040454
time_dependent,prepared,0.08,0.0005,0.114,0.49865834098129835,0.7183425801401583,8.326672684688674e-16,5.795753248445905e-16,0.06649900350360045,0.3463488846990725,0.07867362302466156,0.07000495157296892
time_dependent,prepared,0.08,0.0005,0.1145,0.4981365023485191,0.7182409101654451,-2.192690473634684e-15,1.5264310641464342e-15,0.06674807175477471,0.34623883249516463,0.078618682482402,0.06997113123291458
time_dependent,prepared,0.08,0.0005,0.115,0.49761627755151,0.7181383752821545,1.4710455076283324e-15,1.0242075610082536e-15,0.06699687989355047,0.3461285714462988,0.07856368758445603,0.06993732281035046
time_dependent,prepared,0.08,0.0005,0.1155,0.49709765697476616,0.7180349769179367,-3.469446951953614e-15,2.415931718845878e-15,0.06724542872203784,0.3460181027863271,0.07850863892957494,0.06990352633139196
time_dependent,prepared,0.08,0.0005,0.116,0.4965806310988293,0.7179307165428187,-1.2490009027033011e-15,8.698617247621341e-16,0.06749371903758726,0.3459074277436067,0.07845353711253025,0.0698697418218069
time_dependent,prepared,0.08,0.0005,0.1165,0.4960651904993072,0.7178255956682447,-5.551115123125783e-15,3.866618268158932e-15,0.06774175163283691,0.3457965475410238,0.07839838272415414,0.0698359693070219
time_dependent,prepared,0.08,0.0005,0.117,0.49555132584517886,0.7177196158461728,2.7755575615628914e-15,1.9335946101254146e-15,0.0679895272957595,0.3456854633960226,0.0783431763513707,0.0698022088121269
time_dependent,prepared,0.08,0.0005,0.11750000000000001,0.49503902789742715,0.7176127786682427,6.661338147750939e-16,4.641317954310369e-16,0.06823704680970821,0.34557417652063416,0.07828791857723805,0.06976846036188036
time_dependent,prepared,0.08,0.0005,0.11800000000000001,0.4945282875076316,0.7175050857648593,3.0253577421035516e-15,2.1082482912845967e-15,0.06848431095346202,0.34546268812150654,0.07823260998098175,0.06973472398071412
time_dependent,prepared,0.08,0.0005,0.11850000000000001,0.49401909561661866,0.7173965388043883,-2.4980018054066022e-15,1.741018857973424e-15,0.06873132050127033,0.34535099939991304,0.07817725113802872,0.0697009996927389
time_dependent,prepared,0.08,0.0005,0.11900000000000001,0.4935114432533524,0.7172871394922262,3.0531133177191805e-16,2.1282364827288727e-16,0.068978076222897,0.3452391115517933,0.07812184262004458,0.06966728752174917
time_dependent,prepared,0.08,0.0005,0.11950000000000001,0.49300532153328525,0.7171768895700398,8.049116928532385e-16,5.611667808591803e-16,0.06922457888366365,0.3451270257677748,0.07806638499496547,0.06963358749122707
time_dependent,prepared,0.08,0.0005,0.12,0.49250072165734454,0.7170657908149685,3.0253577421035516e-15,2.1095398643024986e-15,0.06947082924449233,0.3450147432331961,0.07801087882703495,0.06959989962434773
time_dependent,prepared,0.08,0.0005,0.1205,0.49199763491057646,0.7169538450386908,2.498001805406602e-16,1.7420938758420327e-16,0.06971682806194762,0.34490226512813205,0.07795532467683428,0.06956622394398408
time_dependent,prepared,0.08,0.0005,0.121,0.4914960526608798,0.7168410540867683,-7.216449660063518e-16,5.033507511129533e-16,0.06996257608827806,0.344789592627419,0.07789972310131722,0.06953256047271049
time_dependent,prepared,0.08,0.0005,0.1215,0.4909959663579889,0.7167274198377553,8.604228440844963e-16,6.002441236860092e-16,0.07020807407145706,0.34467672690067797,0.07784407465384098,0.06949890923280848
time_dependent,prepared,0.08,0.0005,0.122,0.49049736753211054,0.7166129442024868,0.0,0.0,0.07045332275522312,0.34456366911234343,0.07778837988419886,0.0694652702462695
time_dependent,prepared,0.08,0.0005,0.1225,0.4900002477926401,0.7164976291232724,9.71445146547012e-16,6.779123245220645e-16,0.07069832287911944,0.344450420421679,0.07773263933865268,0.06943164353479997
time_dependent,prepared,0.08,0.0005,0.123,0.4895045988275022,0.7163814765731911,1.6375789613221059e-15,1.1429517756066633e-15,0.07094307517853318,0.34433698198280693,0.07767685355996046,0.06939802911982629
time_dependent,prepared,0.08,0.0005,0.1235,0.48901041240146836,0.7162644885552917,8.049116928532385e-16,5.61881613366557e-16,0.07118758038473391,0.34422335494472917,0.07762102308741112,0.06936442702249726
time_dependent,prepared,0.08,0.0005,0.124,0.48851768035544024,0.7161466671019119,2.886579864025407e-15,2.0153552314267935e-15,0.07143183922491163,0.3441095404513582,0.07756514845685264,0.06933083726368912
time_dependent,prepared,0.08,0.0005,0.1245,0.488026394605199,0.7160280142739229,-2.831068712794149e-15,1.976925941693047e-15,0.07167585242221423,0.3439955396415217,0.07750923020072077,0.06929725986400938
time_dependent,prepared,0.08,0.0005,0.125,0.48753654714040867,0.7159085321600508,6.938893903907228e-16,4.846215397776503e-16,0.07191962069578443,0.34388135364901207,0.07745326884807019,0.06926369484380045
time_dependent,prepared,0.08,0.0005,0.1255,0.4870481300235713,0.7157882228761654,3.802513859341161e-15,2.6561724109276128e-15,0.07216314476079622,0.3437669836025858,0.07739726492460208,0.06923014222314391
time_dependent,prepared,0.08,0.0005,0.126,0.4865611353889207,0.7156670885646033,-5.051514762044462e-15,3.5292350610785983e-15,0.07240642532849068,0.34365243062599854,0.07734121895269418,0.06919660202186352
time_dependent,prepared,0.08,0.0005,0.1265,0.48607555544162245,0.7155451313934469,-6.38378239159465e-16,4.460782494014686e-16,0.07264946310621148,0.3435376958380216,0.07728513145142672,0.06916307425952938
time_dependent,prepared,0.08,0.0005,0.127,0.4855913824564934,0.715422353555954,-1.1934897514720433e-15,8.341155022203958e-16,0.07289225879743973,0.3434227803524714,0.07722900293661221,0.06912955895546162
time_dependent,prepared,0.08,0.0005,0.1275,0.48510860877725787,0.7152987572697945,1.7208456881689926e-15,1.2028859764395807e-15,0.07313481310182836,0.34330768527822636,0.07717283392082092,0.06909605612873322
time_dependent,prepared,0.08,0.0005,0.128,0.48462722681563664,0.7151743447764797,-9.71445146547012e-16,6.791666630957154e-16,0.07337712671523618,0.34319241171924486,0.07711662491340948,0.06906256579817473
time_dependent,prepared,0.08,0.0005,0.1285,0.4841472290502565,0.7150491183407024,-4.746203430272544e-15,3.3187953865926714e-15,0.07361920032976131,0.34307696077460054,0.07706037642054742,0.0690290879823765
time_dependent,prepared,0.08,0.0005,0.129,0.48366860802572736,0.7149230802497092,5.35682609381638e-15,3.746435275208433e-15,0.07386103463377418,0.34296133353848857,0.07700408894524223,0.06899562269969246
time_dependent,prepared,0.08,0.0005,0.1295,0.4831913563517864,0.7147962328127139,1.7208456881689926e-15,1.203731643490541e-15,0.07410263031195007,0.34284553110025745,0.07694776298736535,0.06896216996824334
time_dependent,prepared,0.08,0.0005,0.13,0.4827154667025334,0.7146685783602299,-4.718447854656915e-16,3.3011440530120627e-16,0.07434398804530133,0.34272955454442844,0.07689139904367982,0.06892872980592034
time_dependent,prepared,0.08,0.0005,0.1305,0.4822409318154069,0.7145401192435566,8.049116928532385e-16,5.632375783919263e-16,0.07458510851120903,0.34261340495071557,0.07683499760786215,0.06889530223038733
time_dependent,prepared,0.08,0.0005,0.131,0.4817677444904891,0.7144108578341336,2.4980018054066022e-15,1.7482949608155064e-15,0.07482599238345428,0.34249708339404267,0.0767785591705315,0.06886188725908535
time_dependent,prepared,0.08,0.0005,0.1315,0.4812958975892752,0.714280796523009,1.915134717478395e-15,1.3406035321129484e-15,0.07506664033224891,0.34238059094457757,0.0767220842192694,0.06882848490923411
time_dependent,prepared,0.08,0.0005,0.132,0.4808253840344016,0.7141499377202224,-5.051514762044462e-15,3.5367326210028163e-15,0.07530705302426612,0.34226392866773453,0.07666557323864728,0.06879509519783607
time_dependent,prepared,0.08,0.0005,0.1325,0.48035619680838093,0.7140182838543133,2.581268532253489e-15,1.8075647295189996e-15,0.07554723112267031,0.34214709762421064,0.07660902671025172,0.0687617181416791
time_dependent,prepared,0.08,0.0005,0.133,0.4798883289531389,0.7138858373717182,-1.3600232051658168e-15,9.525495071963853e-16,0.07578717528714687,0.3420300988700023,0.0765524451127028,0.06872835375733913
time_dependent,prepared,0.08,0.0005,0.1335,0.47942177356897453,0.7137526007362451,-2.3869795029440866e-15,1.6721336640188002e-15,0.07602688617393136,0.341912933456417,0.07649582892168279,0.06869500206118372
time_dependent,prepared,0.08,0.0005,0.134,0.47895652381399706,0.7136185764285985,-3.247402347028583e-15,2.275306763509898e-15,0.07626636443583835,0.341795602430109,0.07643917860995654,0.06866166306937391
time_dependent,prepared,0.08,0.0005,0.1345,0.47849257290306424,0.713483766945766,1.3600232051658168e-15,9.530862986467881e-16,0.07650561072228988,0.34167810683308686,0.07638249464739358,0.06862833679786773
time_dependent,prepared,0.08,0.0005,0.135,0.47802991410751383,0.713348174800572,-2.0539125955565396e-15,1.4396284087575795e-15,0.07674462567934363,0.3415604477027414,0.07632577750099376,0.06859502326242248
time_dependent,prepared,0.08,0.0005,0.1355,0.4775685407538956,0.7132118025211962,-1.8318679906315083e-15,1.2842384156823237e-15,0.07698340994972058,0.3414426260718579,0.07626902763490562,0.06856172247859754
time_dependent,prepared,0.08,0.0005,0.136,0.47710844622364246,0.7130746526505821,-4.690692279041286e-15,3.2890611534188238e-15,0.0772219641728324,0.34132464296864323,0.0762122455104514,0.06852843446175672
time_dependent,prepared,0.08,0.0005,0.1365,0.47664962395230553,0.7129367277460555,-4.163336342344337e-16,2.919849812974776e-16,0.07746028898480856,0.34120649941674824,0.07615543158614667,0.06849515922707171
time_dependent,prepared,0.08,0.0005,0.137,0.47619206742871956,0.7127980303788032,-1.5265566588595902e-15,1.070819919387496e-15,0.07769838501852291,0.34108819643527233,0.07609858631772239,0.06846189678952365
time_dependent,prepared,0.08,0.0005,0.1375,0.4757357701942804,0.7126585631333899,-2.3869795029440866e-15,1.67470063956652e-15,0.07793625290362005,0.3409697350388036,0.07604171015814667,0.06842864716390523
time_dependent,prepared,0.08,0.0005,0.138,0.4752807258424937,0.7125183286073373,3.885780586188048e-15,2.7267934242358676e-15,0.0781738932665413,0.34085111623742126,0.07598480355764359,0.06839541036482505
time_dependent,prepared,0.08,0.0005,0.1385,0.4748269280183259,0.7123773294106162,1.1934897514720433e-15,8.376808905888915e-16,0.07841130673055045,0.34073234103672495,0.07592786696371707,0.06836218640670827
time_dependent,prepared,0.08,0.0005,0.139,0.4743743704170927,0.7122355681652861,2.7478019859472624e-15,1.9289980090615075e-15,0.078648493915759,0.34061341043784976,0.0758709008211668,0.06832897530379912
time_dependent,prepared,0.08,0.0005,0.1395,0.47392304678450686,0.712093047504975,-3.0253577421035516e-15,2.124271366434329e-15,0.07888545543915125,0.3404943254374905,0.07581390557211393,0.0682957770701639
time_dependent,prepared,0.08,0.0005,0.14,0.47347295091549835,0.7119497700744708,9.71445146547012e-16,6.822427560060853e-16,0.079122191914609,0.3403750870279115,0.07575688165601493,0.06826259171969364
time_dependent,prepared,0.08,0.0005,0.1405,0.47302407665393914,0.7118057385293531,-3.885780586188048e-16,2.7295232223165117e-16,0.07935870395293597,0.34025569619697393,0.07569982950968554,0.06822941926610443
time_dependent,prepared,0.08,0.0005,0.14100000000000001,0.4725764178917287,0.7116609555355116,2.220446049250313e-16,1.5600448724768585e-16,0.07959499216188183,0.3401361539281511,0.075642749567319,0.06819625972294184
time_dependent,prepared,0.08,0.0005,0.14150000000000001,0.47212996856848616,0.7115154237687699,5.551115123125783e-16,3.9009099013781855e-16,0.07983105714616608,0.3400164612005505,0.0755856422605035,0.06816311310358167
time_dependent,prepared,0.08,0.0005,0.14200000000000002,0.47168472267087574,0.7113691459144881,-1.6653345369377348e-16,1.170513612026913e-16,0.08006689950750151,0.3398966189889281,0.07552850801824447,0.06812997942123256
time_dependent,prepared,0.08,0.0005,0.14250000000000002,0.47124067423183713,0.7112221246671818,8.326672684688674e-16,5.85377788168862e-16,0.08030251984461743,0.33977662826371213,0.07547134726697972,0.06809685868893839
time_dependent,prepared,0.08,0.0005,0.14300000000000002,0.47079781733032533,0.7110743627301047,-2.220446049250313e-16,1.561331813964657e-16,0.0805379187532826,0.3396564899910127,0.07541416043059922,0.06806375091957934
time_dependent,prepared,0.08,0.0005,0.14350000000000002,0.4703561460904421,0.7109258628149169,-4.246603069191224e-15,2.986670826952881e-15,0.08077309682632783,0.3395362051326499,0.07535694793046624,0.06803065612587522
time_dependent,prepared,0.08,0.0005,0.14400000000000002,0.4699156546812662,0.7107766276412308,-4.718447854656915e-16,3.3192199005723246e-16,0.08100805465366846,0.33941577464616973,0.07529971018542975,0.06799757432038675
time_dependent,prepared,0.08,0.0005,0.1445,0.4694763373159134,0.7106266599363747,-8.881784197001252e-16,6.249261882319811e-16,0.08124279282232642,0.33929519948486025,0.07524244761184715,0.0679645055155174
time_dependent,prepared,0.08,0.0005,0.145,0.46903818825126076,0.7104759624349122,1.1379786002407855e-15,8.008565105712753e-16,0.08147731191645205,0.33917448059776606,0.07518516062359953,0.0679314497235157
time_dependent,prepared,0.08,0.0005,0.1455,0.4686012017871563,0.7103245378783772,2.1649348980190553e-15,1.523905470368064e-15,0.08171161251734563,0.3390536189297219,0.07512784963211079,0.06789840695647681
time_dependent,prepared,0.08,0.0005,0.146,0.468165372266383,0.7101723890148716,-8.326672684688674e-16,5.862430596773251e-16,0.08194569520347882,0.3389326154213481,0.07507051504636209,0.06786537722634468
time_dependent,prepared,0.08,0.0005,0.1465,0.46773069407370577,0.7100195185987702,-3.1086244689504383e-15,2.1891119803898793e-15,0.08217956055051567,0.33881147100908554,0.07501315727291144,0.06783236054491394
time_dependent,prepared,0.08,0.0005,0.147,0.46729716163545604,0.7098659293903463,1.8041124150158794e-15,1.2707416572065247e-15,0.0824132091313334,0.3386901866252073,0.07495577671591014,0.06779935692383109
time_dependent,prepared,0.08,0.0005,0.1475,0.4668647694191652,0.7097116241555408,-2.886579864025407e-15,2.0336287062086983e-15,0.08264664151604299,0.3385687631978398,0.07489837377711946,0.06776636637459728
time_dependent,prepared,0.08,0.0005,0.148,0.46643351193309845,0.7095566056654677,-3.7192471324942744e-15,2.620824824121069e-15,0.08287985827200954,0.3384472016509735,0.07484094885592533,0.06773338890856903
time_dependent,prepared,0.08,0.0005,0.1485,0.4660033837255788,0.7094008766963117,-1.3600232051658168e-15,9.585716975001937e-16,0.08311285996387233,0.3383255029044893,0.0747835023493574,0.06770042453696087
time_dependent,prepared,0.08,0.0005,0.149,0.465574379384646,0.7092444400288543,-3.608224830031759e-15,2.5437103390510713e-15,0.08334564715356466,0.3382036678741661,0.0747260346521029,0.06766747327084628
time_dependent,prepared,0.08,0.0005,0.1495,0.4651464935377193,0.7090872984482542,-1.3600232051658168e-15,9.589956047316408e-16,0.08357822040033351,0.33808169747170996,0.07466854615652405,0.06763453512115983
time_dependent,prepared,0.08,0.0005,0.15,0.46471972085093693,0.708929454743739,1.0269562977782698e-15,7.243007685084049e-16,0.08381058026075898,0.3379595926047666,0.07461103725267289,0.06760161009869883
time_dependent,prepared,0.08,0.0005,0.1505,0.46429405602866614,0.7087709117083123,-1.1379786002407855e-15,8.027830864968611e-16,0.08404272728877331,0.3378373541769236,0.07455350832830794,0.06756869821412459
time_dependent,prepared,0.08,0.0005,0.151,0.4638694938134622,0.7086116721384484,8.326672684688674e-16,5.875342597420415e-16,0.08427466203568004,0.33771498308775993,0.07449595976890955,0.06753579947796431
time_dependent,prepared,0.08,0.0005,0.1515,0.4634460289850755,0.7084517388338692,1.942890293094024e-15,1.371222757030755e-15,0.08450638505017258,0.3375924802328367,0.07443839195769264,0.06750291390061253
time_dependent,prepared,0.08,0.0005,0.152,0.4630236563604468,0.7082911145972114,-1.1102230246251565e-16,7.837335537214204e-17,0.0847378968783528,0.33746984650371964,0.07438080527562561,0.06747004149233296
time_dependent,prepared,0.08,0.0005,0.1525,0.46260237079316935,0.7081298022337443,3.3861802251067274e-15,2.390931870417866e-15,0.08496919806374939,0.33734708278799946,0.07432320010144308,0.0674371822632594
time_dependent,prepared,0.08,0.0005,0.153,0.46218216717294897,0.7079678045512499,-5.551115123125783e-17,3.920457319838431e-17,0.08520028914733586,0.33722418996930914,0.07426557681166164,0.06740433622339778
time_dependent,prepared,0.08,0.0005,0.1535,0.4617630404254084,0.707805124359557,1.609823385706477e-15,1.1371939325552997e-15,0.08543117066754857,0.33710116892734254,0.07420793578059195,0.06737150338262751
time_dependent,prepared,0.08,0.0005,0.154,0.46134498551156716,0.7076417644704442,3.802513859341161e-15,2.6867505920786907e-15,0.08566184316030435,0.3369780205378634,0.07415027738035755,0.0673386837507028
time_dependent,prepared,0.08,0.0005,0.1545,0.46092799742741347,0.7074777276973294,-1.0269562977782698e-15,7.257870160243541e-16,0.08589230715901806,0.33685474567272755,0.07409260198090643,0.06730587733725439
time_dependent,prepared,0.08,0.0005,0.155,0.4605120712035853,0.7073130168550433,-3.913536161803677e-15,2.766481083017964e-15,0.08612256319461986,0.3367313451999017,0.07403490995002435,0.06727308415179016
time_dependent,prepared,0.08,0.0005,0.1555,0.46009720190490333,0.707147634759579,2.4424906541753444e-15,1.727001925846613e-15,0.08635261179557231,0.3366078199834752,0.0739772016533516,0.0672403042036975
time_dependent,prepared,0.08,0.0005,0.156,0.4596833846302228,0.7069815842278837,-3.58046925441613e-15,2.5322224328703547e-15,0.08658245348788743,0.3364841708836758,0.07391947745439541,0.06720753750224422
time_dependent,prepared,0.08,0.0005,0.1565,0.4592706145117503,0.7068148680776026,3.0253577421035516e-15,2.140134481276493e-15,0.08681208879514331,0.33636039875689416,0.07386173771454341,0.06717478405657991
time_dependent,prepared,0.08,0.0005,0.157,0.45885888671488534,0.7066474891268781,-5.329070518200751e-15,3.770671091455573e-15,0.08704151823850075,0.3362365044556872,0.07380398279307733,0.06714204387573731
time_dependent,prepared,0.08,0.0005,0.1575,0.4584481964377992,0.7064794501940955,1.3600232051658168e-15,9.625355732514001e-16,0.08727074233671965,0.33611248882880834,0.07374621304718786,0.06710931696863333
time_dependent,prepared,0.08,0.0005,0.158,0.45803853891105084,0.706310754097742,1.1657341758564144e-15,8.252275426172363e-16,0.08749976160617517,0.3359883527212152,0.07368842883198606,0.06707660334407106
time_dependent,prepared,0.08,0.0005,0.1585,0.4576299093973714,0.7061414036561069,-7.494005416219807e-16,5.306306482964293e-16,0.08772857656087386,0.33586409697408626,0.07363063050051805,0.06704390301074029
time_dependent,prepared,0.08,0.0005,0.159,0.45722230319105006,0.7059714016871211,3.774758283725532e-15,2.6734498555498527e-15,0.0879571877124694,0.33573972242483824,0.07357281840377718,0.06701121597721882
time_dependent,prepared,0.08,0.0005,0.1595,0.4568157156179699,0.7058007510081779,8.881784197001252e-16,6.29199117761943e-16,0.08818559557027839,0.33561522990714227,0.07351499289071711,0.06697854225197448
time_dependent,prepared,0.08,0.0005,0.16,0.4564101420348733,0.7056294544358898,-2.4424906541753444e-15,1.7307176158965612e-15,0.08841380064129582,0.33549062025094284,0.07345715430826637,0.06694588184336485
time_dependent,prepared,0.08,0.0005,0.1605,0.45600557782934714,0.705457514785913,-1.1379786002407855e-15,8.06553602725553e-16,0.0886418034302105,0.3353658942824644,0.07339930300133685,0.06691323475964037
time_dependent,prepared,0.08,0.0005,0.161,0.45560201841939896,0.7052849348727828,4.413136522884997e-15,3.1286195866930095e-15,0.0888696044394202,0.3352410528242378,0.0733414393128415,0.06688060100894379
time_dependent,prepared,0.08,0.0005,0.1615,0.45519945925305016,0.7051117175096835,-3.774758283725532e-15,2.6767093710038245e-15,0.08909720416904672,0.3351160966951095,0.07328356358370325,0.06684798059931242
time_dependent,prepared,0.08,0.0005,0.162,0.454797895808164,0.7049378655082982,-2.3869795029440866e-15,1.6930424791573297e-15,0.0893246031169508,0.33499102671025893,0.07322567615286915,0.06681537353867856
time_dependent,prepared,0.08,0.0005,0.1625,0.45439732359195084,0.7047633816786372,2.609024107869118e-15,1.850992954298237e-15,0.08955180177874678,0.3348658436812158,0.07316777735732122,0.06678277983487105
time_dependent,prepared,0.08,0.0005,0.163,0.453997738140921,0.7045882688288202,-1.1102230246251565e-16,7.878523342934663e-17,0.08977880064781724,0.33474054841587114,0.07310986753208935,0.06675019949561639
time_dependent,prepared,0.08,0.0005,0.1635,0.4535991350203494,0.7044125297649747,-4.440892098500626e-15,3.1521955607336594e-15,0.09000560021532741,0.33461514171849954,0.07305194701026355,0.06671763252853982
time_dependent,prepared,0.08,0.0005,0.164,0.4532015098241376,0.7042361672909907,-5.495603971894525e-15,3.901818897653804e-15,0.09023220097023948,0.3344896243897667,0.07299401612300507,0.06668507894116549
time_dependent,prepared,0.08,0.0005,0.1645,0.45280485817438154,0.7040591842084517,-5.10702591327572e-15,3.6268441828632515e-15,0.09045860339932668,0.3343639972267484,0.07293607519955961,0.06665253874091949
time_dependent,prepared,0.08,0.0005,0.165,0.452409175721228,0.7038815833163664,-1.4432899320127035e-15,1.0252363225733131e-15,0.0906848079871873,0.33423826102295223,0.07287812456726651,0.0666200119351288
time_dependent,prepared,0.08,0.0005,0.1655,0.4520144581424688,0.7037033674111285,0.0,0.0,0.09091081521625853,0.3341124165683182,0.07282016455157278,0.06658749853102343
time_dependent,prepared,0.08,0.0005,0.166,0.4516207011434416,0.7035245392862391,-2.7200464103316335e-15,1.933156740411118e-15,0.09113662556683025,0.3339864646492466,0.07276219547604282,0.06655499853573757
time_dependent,prepared,0.08,0.0005,0.1665,0.4512279004563834,0.7033451017323061,-4.718447854656915e-15,3.3542906910388756e-15,0.09136223951705844,0.3338604060486072,0.07270421766237128,0.06652251195630966
time_dependent,prepared,0.08,0.0005,0.167,0.4508360518406939,0.7031650575367321,1.4988010832439613e-15,1.0657533869035188e-15,0.09158765754297878,0.3337342415457605,0.07264623143039266,0.06649003879968476
time_dependent,prepared,0.08,0.0005,0.1675,0.45044515108219085,0.7029844094837411,2.220446049250313e-16,1.579299639718161e-16,0.09181288011851987,0.33360797191655767,0.07258823709809308,0.06645757907271359
time_dependent,prepared,0.08,0.0005,0.168,0.4500551939930286,0.7028031603540981,-8.881784197001252e-16,6.31882773017575e-16,0.09203790771551638,0.3334815979333786,0.07253023498162275,0.0664251327821558
time_dependent,prepared,0.08,0.0005,0.1685,0.4496661764115881,0.7026213129250355,-1.4432899320127035e-15,1.0270752576549678e-15,0.09226274080372218,0.3333551203651237,0.0724722253953043,0.06639269993467883
time_dependent,prepared,0.08,0.0005,0.169,0.44927809420195786,0.7024388699701579,8.881784197001252e-16,6.322104724485546e-16,0.09248737985082316,0.33322853997723867,0.0724142086516468,0.06636028053685993
time_dependent,prepared,0.08,0.0005,0.1695,0.4488909432538394,0.7022558342592291,-1.4432899320127035e-15,1.027609783787095e-15,0.09271182532245008,0.3331018575317356,0.0723561850613518,0.06632787459518731
time_dependent,prepared,0.08,0.0005,0.17,0.44850471948228776,0.7020722085581053,-2.7755575615628914e-16,1.9766895254714956e-16,0.09293607768219123,0.33297507378719743,0.07229815493332875,0.06629548211606008
time_dependent,prepared,0.08,0.0005,0.1705,0.4481194188274335,0.7018879956285847,2.4980018054066022e-15,1.7794874830203363e-15,0.09316013739160495,0.33284818949879885,0.0722401185747045,0.06626310310579007
time_dependent,prepared,0.08,0.0005,0.171,0.44773503725413355,0.7017031982283107,2.7200464103316335e-15,1.9381744426983615e-15,0.09338400491023201,0.33272120541831024,0.07218207629083065,0.06623073757060162
time_dependent,prepared,0.08,0.0005,0.1715,0.4473515707520703,0.701517819110622,2.0539125955565396e-15,1.4639062184909776e-15,0.09360768069560804,0.33259412229413277,0.07212402838529808,0.06619838551663407
time_dependent,prepared,0.08,0.0005,0.17200000000000001,0.44696901533506944,0.7013318610244492,1.5543122344752192e-15,1.1081146607290898e-15,0.09383116520327557,0.33246694087128725,0.07206597515994446,0.06616604694994102
time_dependent,prepared,0.08,0.0005,0.17250000000000001,0.4465873670412676,0.7011453267142307,-3.1086244689504383e-15,2.2168189321879647e-15,0.0940544588867962,0.33233966189144887,0.07200791691486506,0.06613372187649194
time_dependent,prepared,0.08,0.0005,0.17300000000000001,0.44620662193258503,0.7009582189197402,-1.4988010832439613e-15,1.0691087163182088e-15,0.0942775621977625,0.33221228609295783,0.0719498539484239,0.06610141030217306
time_dependent,prepared,0.08,0.0005,0.17350000000000002,0.4458267760947112,0.7007705403760519,3.3306690738754696e-15,2.3764334271872624e-15,0.09450047558580985,0.33208481421081587,0.07189178655726318,0.06606911223278768
time_dependent,prepared,0.08,0.0005,0.17400000000000002,0.44544782563671986,0.7005822938133928,4.3298697960381105e-15,3.090193567746234e-15,0.0947231994986282,0.33195724697672646,0.07183371503631171,0.06603682767405769
time_dependent,prepared,0.08,0.0005,0.17450000000000002,0.44506976669096077,0.7003934819570325,1.1102230246251565e-16,7.925709285036336e-17,0.09494573438197368,0.3318295851190935,0.07177563967879765,0.06600455663162338
time_dependent,prepared,0.08,0.0005,0.17500000000000002,0.4446925954128176,0.7002041075272225,1.2212453270876722e-15,8.720638125078347e-16,0.09516808067968009,0.3317018293630361,0.07171756077625599,0.06597229911104553
time_dependent,prepared,0.08,0.0005,0.17550000000000002,0.44431630798047983,0.7000141732390457,3.83026943495679e-15,2.7358513451475452e-15,0.09539023883367033,0.3315739804304077,0.07165947861853855,0.06594005511780511
time_dependent,prepared,0.08,0.0005,0.176,0.44394090059477614,0.6998236818024117,-5.88418203051333e-15,4.204046092980528e-15,0.09561220928396771,0.3314460390398037,0.07160139349382445,0.06590782465730448
time_dependent,prepared,0.08,0.0005,0.1765,0.44356636947883477,0.6996326359218105,-8.326672684688674e-16,5.95074633255048e-16,0.09583399246870714,0.3313180059065823,0.07154330568862971,0.06587560773486799
time_dependent,prepared,0.08,0.0005,0.177,0.4431927108780348,0.6994410382964114,1.942890293094024e-15,1.3888878309358343e-15,0.09605558882414615,0.3311898817428719,0.0714852154878154,0.06584340435574298
time_dependent,prepared,0.08,0.0005,0.1775,0.442819921059779,0.6992488916198123,1.0547118733938987e-15,7.541748625090091e-16,0.09627699878467604,0.33106166725759223,0.071427123174599,0.06581121452509997
time_dependent,prepared,0.08,0.0005,0.178,0.44244799631319837,0.6990561985800559,1.887379141862766e-15,1.3499480769188984e-15,0.09649822278283264,0.33093336315645977,0.07136902903056058,0.06577903824803397
time_dependent,prepared,0.08,0.0005,0.1785,0.4420769329490173,0.6988629618595311,-3.2751579226442118e-15,2.3432046777308785e-15,0.09671926124930715,0.33080497014200516,0.07131093333565568,0.06574687552956518
time_dependent,prepared,0.08,0.0005,0.179,0.44170672729937793,0.6986691841347872,-5.551115123125783e-17,3.972634867244168e-17,0.09694011461295683,0.3306764889135868,0.07125283636822229,0.0657147263746392
time_dependent,prepared,0.08,0.0005,0.1795,0.44133737571769277,0.6984748680766547,-1.8318679906315083e-15,1.3113342185638032e-15,0.09716078330081568,0.33054792016740714,0.07119473840499022,0.06568259078812828
time_dependent,prepared,0.08,0.0005,0.18,0.4409688745782812,0.6982800163499657,2.886579864025407e-15,2.0669214329761783e-15,0.09738126773810482,0.33041926459652043,0.07113663972109102,0.06565046877483115
time_dependent,prepared,0.08,0.0005,0.1805,0.44060122027628407,0.6980846316136308,9.43689570931383e-16,6.759134410035878e-16,0.09760156834824296,0.3302905228908516,0.07107854059006362,0.06561836033947502
time_dependent,prepared,0.08,0.0005,0.181,0.44023440922763285,0.6978887165204559,-2.4424906541753444e-15,1.7499141312623274e-15,0.09782168555285678,0.33016169573720666,0.07102044128386911,0.06558626548671495
time_dependent,prepared,0.08,0.0005,0.1815,0.4398684378686915,0.6976922737171164,-2.3314683517128287e-15,1.6708428913017753e-15,0.09804161977179113,0.33003278381928225,0.07096234207289487,0.06555418422113551
time_dependent,prepared,0.08,0.0005,0.182,0.4395033026559934,0.6974953058441398,-1.9984014443252818e-15,1.432555479285076e-15,0.09826137142311912,0.3299037878176871,0.07090424322596328,0.06552211654725063
time_dependent,prepared,0.08,0.0005,0.1825,0.4391390000663115,0.6972978155357404,-1.7763568394002505e-15,1.2737432986474087e-15,0.09848094092315228,0.3297747084099531,0.07084614501034431,0.06549006246950485
time_dependent,prepared,0.08,0.0005,0.183,0.43877552659628494,0.6970998054198008,3.608224830031759e-15,2.588025991385006e-15,0.09870032868645043,0.32964554627054043,0.07078804769175874,0.06545802199227332
time_dependent,prepared,0.08,0.0005,0.1835,0.43841287876236756,0.6969012781178696,-2.7755575615628914e-15,1.99135634322474e-15,0.09891953512583161,0.3295163020708635,0.07072995153439175,0.06542599511986333
time_dependent,prepared,0.08,0.0005,0.184,0.43805105310055703,0.6967022362449588,3.774758283725532e-15,2.7090183491232015e-15,0.09913856065238189,0.32938697647929177,0.07067185680089795,0.06539398185651407
time_dependent,prepared,0.08,0.0005,0.1845,0.4376900461664082,0.6965026824096209,-3.2751579226442118e-15,2.3511452327171825e-15,0.09935740567546508,0.32925757016117135,0.0706137637524099,0.06536198220639751
time_dependent,prepared,0.08,0.0005,0.185,0.4373298545345537,0.696302619213811,-1.942890293094024e-15,1.3951479137675273e-15,0.09957607060273235,0.32912808377882985,0.0705556726485504,0.06532999617361933
time_dependent,prepared,0.08,0.0005,0.1855,0.4369704747988708,0.6961020492528479,3.6637359812630166e-15,2.631608386439481e-15,0.09979455584013179,0.32899851799160373,0.07049758374743507,0.065298023762219
time_dependent,prepared,0.08,0.0005,0.186,0.43661190357218366,0.6959009751154032,-5.551115123125783e-17,3.9884375231729107e-17,0.10001286179191789,0.32886887345583193,0.07043949730568445,0.06526606497617084
time_dependent,prepared,0.08,0.0005,0.1865,0.43625413748598035,0.6956993993833629,-1.0547118733938987e-15,7.580226994077825e-16,0.10023098886066088,0.32873915082488225,0.07038141357843115,0.065234119819384
time_dependent,prepared,0.08,0.0005,0.187,0.4358971731904914,0.6954973246318514,-4.6629367034256575e-15,3.3522319484793934e-15,0.10044893744725612,0.32860935074916137,0.0703233328193269,0.06520218829570398
time_dependent,prepared,0.08,0.0005,0.1875,0.4355410073544435,0.6952947534291483,-3.3306690738754696e-15,2.3951490051153382e-15,0.10066670795093334,0.32847947387612536,0.0702652552805524,0.06517027040891207
time_dependent,prepared,0.08,0.0005,0.188,0.43518563666466725,0.6950916883366344,-9.43689570931383e-16,6.788238061007809e-16,0.10088430076926568,0.3283495208502881,0.07020718121282414,0.06513836616272657
time_dependent,prepared,0.08,0.0005,0.1885,0.43483105782642445,0.6948881319087825,2.886579864025407e-15,2.077010479439531e-15,0.10110171629817889,0.32821949231324765,0.07014911086540343,0.06510647556080343
time_dependent,prepared,0.08,0.0005,0.189,0.4344772675628305,0.6946840866930633,-2.609024107869118e-15,1.8778493403303513e-15,0.1013189549319603,0.3280893889036804,0.07009104448610072,0.06507459860673638
time_dependent,prepared,0.08,0.0005,0.1895,0.43412426261495657,0.6944795552299192,-3.4416913763379853e-15,2.4778925098799804e-15,0.10153601706326779,0.327959211257375,0.07003298232128867,0.06504273530405791
time_dependent,prepared,0.08,0.0005,0.19,0.43377203974154627,0.6942745400527336,1.1657341758564144e-15,8.395340089583799e-16,0.10175290308313856,0.3278289600072196,0.06997492461590607,0.06501088565623908
time_dependent,prepared,0.08,0.0005,0.1905,0.4334205957189996,0.694069043687797,1.3877787807814457e-15,9.997411593288755e-16,0.10196961338099805,0.3276986357832342,0.06991687161346735,0.06497904966669091
time_dependent,prepared,0.08,0.0005,0.191,0.4330699273411048,0.6938630686542293,-1.8318679906315083e-15,1.3200500742779696e-15,0.1021861483446686,0.32756823921257816,0.06985882355606873,0.06494722733876461
time_dependent,prepared,0.08,0.0005,0.1915,0.43272003141893917,0.6936566174639881,1.4988010832439613e-15,1.0803624196101404e-15,0.10240250836037808,0.32743777091955434,0.0698007806843976,0.06491541867575178
time_dependent,prepared,0.08,0.0005,0.192,0.4323709047807697,0.6934496926217839,-2.609024107869118e-15,1.8811920573538396e-15,0.10261869381276846,0.32730723152563534,0.06974274323773855,0.06488362368088489
time_dependent,prepared,0.08,0.0005,0.1925,0.43202254427191317,0.6932422966250731,3.885780586188048e-16,2.8026136064585777e-16,0.10283470508490442,0.32717662164945915,0.0696847114539817,0.06485184235733843
time_dependent,prepared,0.08,0.0005,0.193,0.4316749467544821,0.6930344319640518,4.996003610813204e-16,3.6044411218174146e-16,0.10305054255828165,0.3270459419068546,0.06962668556962921,0.06482007470822897
time_dependent,prepared,0.08,0.0005,0.1935,0.4313281091074876,0.6928261011215581,-1.4988010832439613e-15,1.081657490110202e-15,0.10326620661283539,0.32691519291084686,0.0695686658198045,0.06478832073661489
time_dependent,prepared,0.08,0.0005,0.194,0.43098202822644743,0.6926173065730739,-2.4424906541753444e-15,1.763232474120726e-15,0.10348169762694862,0.3267843752716747,0.06951065243825655,0.06475658044549878
time_dependent,prepared,0.08,0.0005,0.1945,0.4306367010234899,0.6924080507867014,-7.771561172376096e-16,5.611980654721009e-16,0.10369701597746037,0.326653489596791,0.06945264565737047,0.06472485383782609
time_dependent,prepared,0.08,0.0005,0.195,0.4302921244270615,0.6921983362231232,-1.6653345369377348e-16,1.2029316236328912e-16,0.10391216203967389,0.3265225364908947,0.06939464570817265,0.06469314091648612
time_dependent,prepared,0.08,0.0005,0.1955,0.4299482953817592,0.691988165335594,2.0539125955565396e-15,1.4840662734170093e-15,0.10412713618736477,0.326391516555917,0.0693366528203378,0.0646614416843131
time_dependent,prepared,0.08,0.0005,0.196,0.42960521084848385,0.6917775405698517,-6.106226635438361e-16,4.413432264950637e-16,0.10434193879278901,0.3262604303910561,0.06927866722219815,0.06462975614408586
time_dependent,prepared,0.08,0.0005,0.1965,0.4292628678039987,0.6915664643641881,2.220446049250313e-16,1.6053742942059408e-16,0.10455657022669101,0.3261292785927764,0.0692206891407471,0.06459808429852906
time_dependent,prepared,0.08,0.0005,0.197,0.4289212632409786,0.6913549391493276,-2.275957200481571e-15,1.6460121072411873e-15,0.1047710308583115,0.3259980617548216,0.06916271880165127,0.06456642615031215
time_dependent,prepared,0.08,0.0005,0.1975,0.42858039416779076,0.6911429673484765,-2.9976021664879227e-15,2.168583280235078e-15,0.1049853210553954,0.3258667804682318,0.0691047564292509,0.06453478170205187
time_dependent,prepared,0.08,0.0005,0.198,0.4282402576085877,0.6909305513772434,1.7208456881689926e-15,1.2453101724469995e-15,0.1051994411841997,0.32573543532134613,0.06904680224657381,0.06450315095631151
time_dependent,prepared,0.08,0.0005,0.1985,0.42790085060285676,0.6907176936436908,2.7200464103316335e-15,1.969000096104946e-15,0.10541339160950113,0.32560402689982554,0.06898885647533504,0.06447153391560075
time_dependent,prepared,0.08,0.0005,0.199,0.42756217020562537,0.6905043965482152,-1.9984014443252818e-15,1.4470591746520069e-15,0.10562717269460394,0.3254725557866577,0.06893091933595052,0.06443993058237785
time_dependent,prepared,0.08,0.0005,0.1995,0.42722421348712486,0.6902906624835916,-1.887379141862766e-15,1.3670901581314901e-15,0.1058407848013475,0.32534102256215774,0.06887299104753988,0.06440834095904799
time_dependent,prepared,0.08,0.0005,0.2,0.42688697753272037,0.6900764938349664,4.884981308350689e-15,3.5394491422272148e-15,0.10605422829011385,0.32520942780400536,0.06881507182793396,0.06437676504796541
time_dependent,prepared,0.08,0.0005,0.2005,0.426550459442917,0.6898618929798197,-6.106226635438361e-16,4.425687733716426e-16,0.10626750351983531,0.32507777208723787,0.06875716189368108,0.0643452028514332
time_dependent,prepared,0.08,0.0005,0.201,0.42621465633320704,0.6896468622879126,1.3877787807814457e-15,1.0061517398755863e-15,0.10648061084800192,0.32494605598426124,0.06869926146005524,0.06431365437170351
time_dependent,prepared,0.08,0.0005,0.2015,0.42587956533377075,0.6894314041213258,1.6653345369377348e-15,1.2077594137593624e-15,0.10669355063066881,0.32481428006486596,0.06864137074106189,0.06428211961097763
time_dependent,prepared,0.08,0.0005,0.202,0.4255451835895705,0.689215520834415,3.219646771412954e-15,2.3357329268463117e-15,0.10690632322246359,0.32468244489624476,0.0685834899494428,0.06425059857140747
time_dependent,prepared,0.08,0.0005,0.2025,0.42521150826029025,0.6889992147738234,-2.4424906541753444e-15,1.7724916094259562e-15,0.10711892897659374,0.32455055104298663,0.06852561929668635,0.06421909125509503
time_dependent,prepared,0.08,0.0005,0.203,0.4248785365199767,0.6887824882784309,3.497202527569243e-15,2.538684263235463e-15,0.10733136824485373,0.32441859906710774,0.06846775899303009,0.0641875976640935
time_dependent,prepared,0.08,0.0005,0.20350000000000001,0.4245462655571897,0.6885653436793512,3.885780586188048e-15,2.8216498418467853e-15,0.10754364137763232,0.324286589528048,0.06840990924747048,0.06415611780040645
time_dependent,prepared,0.08,0.0005,0.20400000000000001,0.4242146925746888,0.688347783299952,-2.609024107869118e-15,1.8951351127778845e-15,0.10775574872391967,0.32415452298268665,0.06835207026776652,0.06412465166598987
time_dependent,prepared,0.08,0.0005,0.20450000000000002,0.4238838147896391,0.6881298094558167,-3.3861802251067274e-15,2.4604225674982584e-15,0.10796769063131449,0.3240223999853511,0.06829424226044796,0.06409319926275113
time_dependent,prepared,0.08,0.0005,0.20500000000000002,0.4235536294330313,0.6879114244547171,-6.050715484207103e-15,4.397888499237614e-15,0.108179467446031,0.3238902210878413,0.06823642543082055,0.06406176059255006
time_dependent,prepared,0.08,0.0005,0.20550000000000002,0.4232241337501053,0.6876926305966613,2.7200464103316335e-15,1.977661450270043e-15,0.10839107951290605,0.32375798683941714,0.06817861998297413,0.06403033565719922
time_dependent,prepared,0.08,0.0005,0.20600000000000002,0.42289532499980137,0.6874734301738411,1.3322676295501878e-15,9.689593597917644e-16,0.10860252717540596,0.3236256977868305,0.0681208261197858,0.06399892445846392
time_dependent,prepared,0.08,0.0005,0.20650000000000002,0.4225672004550705,0.6872538254706019,1.3322676295501878e-15,9.692689805239767e-16,0.1088138107756335,0.32349335447432315,0.06806304404292925,0.0639675269980632
time_dependent,prepared,0.08,0.0005,0.20700000000000002,0.42223975740225883,0.6870338187635133,-1.5543122344752192e-15,1.1311759276076023e-15,0.10902493065433463,0.3233609574436433,0.06800527395287861,0.06393614327766954
time_dependent,prepared,0.08,0.0005,0.20750000000000002,0.42191299314165537,0.6868134123212828,7.216449660063518e-16,5.253573627568989e-16,0.10923588715090546,0.3232285072340518,0.06794751604891669,0.06390477329890977
time_dependent,prepared,0.08,0.0005,0.20800000000000002,0.4215869049869452,0.686592608404793,1.2212453270876722e-15,8.893522244035464e-16,0.10944668060339893,0.323096004382345,0.06788977052913867,0.06387341706336515
time_dependent,prepared,0.08,0.0005,0.2085,0.4212614902651748,0.6863714092671149,3.552713678800501e-15,2.5880402584032194e-15,0.10965731134853152,0.32296344942284105,0.06783203759046029,0.06384207457257164
time_dependent,prepared,0.08,0.0005,0.209,0.42093674631675027,0.6861498171534341,0.0,0.0,0.10986777972168989,0.3228308428874248,0.06777431742862293,0.06381074582802003
time_dependent,prepared,0.08,0.0005,0.2095,0.42061267049531287,0.6859278343011095,2.942091015256665e-15,2.144606814399323e-15,0.11007808605693754,0.32269818530552147,0.06771661023819922,0.06377943083115707
time_dependent,prepared,0.08,0.0005,0.21,0.4202892601676844,0.6857054629396638,-2.7200464103316335e-15,1.983392693614124e-15,0.11028823068702139,0.32256547720413614,0.06765891621259995,0.0637481295833852
time_dependent,prepared,0.08,0.0005,0.2105,0.4199665127137615,0.6854827052907594,3.0531133177191805e-15,2.2269805599428968e-15,0.11049821394337826,0.32243271910784804,0.06760123554407944,0.0637168420860626
time_dependent,prepared,0.08,0.0005,0.211,0.4196444255262792,0.6852595635681925,-1.3877787807814457e-15,1.0125935153354082e-15,0.1107080361561414,0.3222999115388264,0.06754356842374089,0.0636855683405043
time_dependent,prepared,0.08,0.0005,0.2115,0.4193229960110227,0.6850360399779332,-3.3306690738754696e-16,2.431017406020536e-16,0.11091769765414691,0.32216705501684334,0.06748591504154317,0.0636543083479821
time_dependent,prepared,0.08,0.0005,0.212,0.41900222158637257,0.6848121367180738,3.774758283725532e-15,2.7560538732679683e-15,0.1111271987649401,0.32203415005927566,0.06742827558630707,0.06362306210972442
time_dependent,prepared,0.08,0.0005,0.2125,0.4186820996836527,0.6845878559788651,-1.5543122344752192e-15,1.1352175041527513e-15,0.11133653981478192,0.3219011971811274,0.06737065024571834,0.0635918296269179
time_dependent,prepared,0.08,0.0005,0.213,0.4183626277466799,0.6843631999426998,1.4432899320127035e-15,1.0544765792005951e-15,0.11154572112865527,0.3217681968950312,0.06731303920633747,0.06356061090070603
time_dependent,prepared,0.08,0.0005,0.2135,0.4180438032317,0.6841381707841245,2.220446049250313e-15,1.622805263668702e-15,0.11175474303027112,0.32163514971125434,0.06725544265360069,0.06352940593219085
time_dependent,prepared,0.08,0.0005,0.214,0.4177256236076132,0.6839127706698358,-8.881784197001252e-16,6.493360394705225e-16,0.11196360584207493,0.32150205613772415,0.067197860771832,0.06349821472243264
time_dependent,prepared,0.08,0.0005,0.2145,0.41740808635562643,0.6836870017586749,4.107825191113079e-15,3.0041709002411535e-15,0.11217230988525274,0.3213689166800207,0.06714029374424085,0.06346703727245029
time_dependent,prepared,0.08,0.0005,0.215,0.41709118896915875,0.6834608662016689,-3.3861802251067274e-15,2.4772305135226096e-15,0.11238085547973732,0.3212357318414059,0.06708274175293466,0.06343587358322172
time_dependent,prepared,0.08,0.0005,0.2155,0.4167749289539293,0.6832343661419549,5.551115123125783e-17,4.062379908135676e-17,0.11258924294421428,0.3211025021228114,0.06702520497892045,0.06340472365568382
time_dependent,prepared,0.08,0.0005,0.216,0.4164593038277966,0.6830075037148499,-5.551115123125783e-17,4.0637292364531105e-17,0.11279747259612818,0.3209692280228675,0.0669676836021125,0.06337358749073335
time_dependent,prepared,0.08,0.0005,0.2165,0.4161443111204824,0.6827802810478828,-2.55351295663786e-15,1.8699375388513813e-15,0.11300554475168842,0.3208359100379031,0.06691017780133565,0.06334246508922639
time_dependent,prepared,0.08,0.0005,0.217,0.4158299483739637,0.6825527002607072,-2.3869795029440866e-15,1.748567914266812e-15,0.1132134597258754,0.3207025486619608,0.0668526877543339,0.06331135645197977
time_dependent,prepared,0.08,0.0005,0.2175,0.4155162131419559,0.6823247634651713,7.216449660063518e-16,5.288134072267092e-16,0.11342121783244638,0.3205691443867997,0.06679521363777191,0.06328026157977043
time_dependent,prepared,0.08,0.0005,0.218,0.415203102989925,0.6820964727652926,3.7192471324942744e-15,2.726335116069458e-15,0.11362881938394134,0.32043569770191355,0.06673775562724345,0.0632491804733356
time_dependent,prepared,0.08,0.0005,0.2185,0.41489061549526823,0.6818678302573131,2.9976021664879227e-15,2.1980815294928383e-15,0.11383626469168898,0.3203022090945302,0.06668031389727716,0.0632181131333741
time_dependent,prepared,0.08,0.0005,0.219,0.4145787482468644,0.681638838029631,1.9984014443252818e-15,1.465879973991746e-15,0.1140435540658124,0.32016867904963947,0.06662288862133793,0.06318705956054577
time_dependent,prepared,0.08,0.0005,0.2195,0.4142674988452619,0.6814094981628905,1.5543122344752192e-15,1.1405125982729257e-15,0.11425068781523504,0.32003510804998103,0.06656547997183733,0.0631560197554714
time_dependent,prepared,0.08,0.0005,0.22,0.41395686490259415,0.6811798127299173,-3.219646771412954e-15,2.3632869847608998e-15,0.11445766624768633,0.31990149657606654,0.06650808812013449,0.06312499371873444
time_dependent,prepared,0.08,0.0005,0.2205,0.41364684404233404,0.6809497837957632,1.3322676295501878e-15,9.782422002719753e-16,0.11466448966970749,0.3197678451061901,0.06645071323654513,0.06309398145087981
time_dependent,prepared,0.08,0.0005,0.221,0.41333743389941624,0.6807194134177158,-2.7755575615628914e-15,2.038694289345695e-15,0.11487115838665721,0.31963415411642965,0.06639335549034404,0.06306298295241511
time_dependent,prepared,0.08,0.0005,0.2215,0.41302863211997753,0.6804887036452942,-7.771561172376096e-16,5.710279340968339e-16,0.1150776727027172,0.31950042408066753,0.06633601504977088,0.06303199822380999
time_dependent,prepared,0.08,0.0005,0.222,0.4127204363614744,0.6802576565202673,2.831068712794149e-15,2.0808797120167332e-15,0.11528403292089794,0.31936665547058946,0.06627869208203689,0.06300102726549743
time_dependent,prepared,0.08,0.0005,0.2225,0.41241284429243996,0.6800262740766642,1.887379141862766e-15,1.3877251613736808e-15,0.11549023934304416,0.3192328487556958,0.06622138675332707,0.06297007007787316
time_dependent,prepared,0.08,0.0005,0.223,0.41210585359259666,0.6797945583407736,3.885780586188048e-15,2.8580550833419124e-15,0.11569629226984046,0.31909900440332334,0.06616409922880956,0.06293912666129639
time_dependent,prepared,0.08,0.0005,0.2235,0.4117994619526127,0.6795625113311772,-1.0547118733938987e-15,7.760227027001917e-16,0.11590219200081676,0.3189651228786344,0.06610682967263574,0.06290819701608995
time_dependent,prepared,0.08,0.0005,0.224,0.4114936670741717,0.6793301350587084,5.773159728050814e-15,4.249156212944879e-15,0.11610793883435384,0.3188312046446415,0.0660495782479497,0.06287728114254056
time_dependent,prepared,0.08,0.0005,0.2245,0.4111884666697486,0.6790974315265393,2.0539125955565396e-15,1.5122370518612903e-15,0.11631353306768871,0.3186972501622135,0.06599234511688948,0.0628463790408989
time_dependent,prepared,0.08,0.0005,0.225,0.41088385846280384,0.6788644027301374,-4.107825191113079e-15,3.0255122927295665e-15,0.11651897499692011,0.31856325989007905,0.06593513044059608,0.0628154907113803
time_dependent,prepared,0.08,0.0005,0.2255,0.41057984018737287,0.678631050657258,2.220446049250313e-16,1.635974398091421e-16,0.1167242649170138,0.3184292342848434,0.06587793437921473,0.06278461615416418
time_dependent,prepared,0.08,0.0005,0.226,0.41027640958831463,0.6783973772880338,2.609024107869118e-15,1.9229320419095415e-15,0.11692940312180797,0.31829517380099415,0.06582075709190242,0.06275375536939523
time_dependent,prepared,0.08,0.0005,0.2265,0.40997356442103183,0.6781633845949409,7.16093850883226e-15,5.279655811194649e-15,0.11713438990401849,0.3181610788909066,0.06576359873683109,0.06272290835718293
time_dependent,prepared,0.08,0.0005,0.227,0.40967130245150357,0.6779290745428034,-2.4424906541753444e-15,1.80143524292904e-15,0.11733922555524424,0.3180269500048632,0.0657064594711941,0.06269207511760212
time_dependent,prepared,0.08,0.0005,0.2275,0.409369621456224,0.6776944490887896,3.1086244689504383e-15,2.2935295346820438e-15,0.11754391036597235,0.3178927875910461,0.06564933945120885,0.06266125565069337
time_dependent,prepared,0.08,0.0005,0.228,0.40906851922205506,0.6774595101825112,1.2212453270876722e-15,9.013419316813937e-16,0.11774844462558338,0.3177585920955654,0.06559223883212502,0.06263044995646284
time_dependent,prepared,0.08,0.0005,0.2285,0.40876799354639076,0.6772242597659119,1.6653345369377348e-15,1.229529592983991e-15,0.11795282862235658,0.31762436396245625,0.06553515776822617,0.06259965803488268
time_dependent,prepared,0.08,0.0005,0.229,0.4084680422367796,0.6769886997733872,2.3869795029440866e-15,1.7629389558076017e-15,0.11815706264347497,0.31749010363368674,0.06547809641283539,0.06256887988589133
time_dependent,prepared,0.08,0.0005,0.2295,0.40816866311106714,0.6767528321317537,-1.887379141862766e-15,1.3944375643893308e-15,0.11836114697503052,0.31735581154917686,0.06542105491832183,0.06253811550939377
time_dependent,prepared,0.08,0.0005,0.23,0.40786985399724796,0.6765166587602747,5.2735593669694936e-15,3.897582785790772e-15,0.11856508190202913,0.31722148814679463,0.06536403343610268,0.06250736490526157
time_dependent,prepared,0.08,0.0005,0.2305,0.4075716127334741,0.6762801815706424,-2.4424906541753444e-15,1.805827466733337e-15,0.11876886770839587,0.3170871338623765,0.06530703211665041,0.062476628073333
time_dependent,prepared,0.08,0.0005,0.231,0.4072739371680249,0.676043402467038,-1.942890293094024e-15,1.4369567737840299e-15,0.11897250467697988,0.3169527491297263,0.06525005110949517,0.062445905013413926
time_dependent,prepared,0.08,0.0005,0.2315,0.4069768251591093,0.6758063233461183,1.6653345369377348e-16,1.2321093184598862e-16,0.11917599308955944,0.3168183343806349,0.06519309056323204,0.06241519572527716
time_dependent,prepared,0.08,0.0005,0.232,0.4066802745748611,0.6755689460970317,2.0539125955565396e-15,1.5201354409661794e-15,0.11937933322684686,0.3166838900448718,0.06513615062552264,0.0623845002086632
time_dependent,prepared,0.08,0.0005,0.2325,0.4063842832934396,0.6753312726014747,5.551115123125783e-16,4.109920085399032e-16,0.11958252536849358,0.3165494165502187,0.06507923144310271,0.062353818463280364
time_dependent,prepared,0.08,0.0005,0.233,0.4060888492026003,0.675093304733637,7.216449660063518e-16,5.344779461937351e-16,0.11978556979309488,0.3164149143224534,0.06502233316178418,0.06232315048880489
time_dependent,prepared,0.08,0.0005,0.2335,0.40579397020016833,0.6748550443602729,-2.9976021664879227e-15,2.2209229904545638e-15,0.11998846677819495,0.316280383785374,0.06496545592646202,0.06229249628488109
time_dependent,prepared,0.08,0.0005,0.234,0.40549964419346224,0.6746164933406853,-6.106226635438361e-16,4.525702155012895e-16,0.12019121660029168,0.3161458253608007,0.0649085998811165,0.06226185585112215
time_dependent,prepared,0.08,0.0005,0.23450000000000001,0.4052058690995385,0.6743776535267767,-2.7755575615628914e-16,2.0578659057336973e-16,0.12039381953484145,0.3160112394685855,0.06485176516882059,0.062231229187109355
time_dependent,prepared,0.08,0.0005,0.23500000000000001,0.40491264284508915,0.6741385267630433,-8.881784197001252e-16,6.587506754470929e-16,0.12059627585626399,0.31587662652662735,0.06479495193174076,0.062200616292392936
time_dependent,prepared,0.08,0.0005,0.23550000000000001,0.40461996336638384,0.6738991148865594,7.771561172376096e-16,5.766116174291395e-16,0.12079858583794718,0.3157419869508671,0.06473816031114474,0.06217001716649245
time_dependent,prepared,0.08,0.0005,0.23600000000000002,0.4043278286090155,0.6736594197270738,3.497202527569243e-15,2.595675518785212e-15,0.1210007497522517,0.31560732115530726,0.06468139044740327,0.06213943180889605
time_dependent,prepared,0.08,0.0005,0.23650000000000002,0.404036236528133,0.6734194431069532,-9.992007221626409e-16,7.418858576109953e-16,0.12120276787051576,0.3154726295520177,0.06462464247999798,0.06210886021906194
time_dependent,prepared,0.08,0.0005,0.23700000000000002,0.40374518508846546,0.6731791868412248,-1.3322676295501878e-15,9.895341801947423e-16,0.12140464046305999,0.3153379125511431,0.064567916547522,0.06207830239641783
time_dependent,prepared,0.08,0.0005,0.23750000000000002,0.4034546722637663,0.6729386527376136,2.220446049250313e-15,1.6498131294860296e-15,0.12160636779919187,0.3152031705609041,0.06451121278768668,0.06204775834036079
time_dependent,prepared,0.08,0.0005,0.23800000000000002,0.40316469603720284,0.6726978425965475,-6.106226635438361e-16,4.538610241314978e-16,0.12180795014721048,0.3150684039876236,0.0644545313373259,0.06201722805025837
time_dependent,prepared,0.08,0.0005,0.23850000000000002,0.4028752544012095,0.6724567582111403,1.1657341758564144e-15,8.667725929006071e-16,0.12200938777441109,0.31493361323571945,0.0643978723323985,0.06198671152544823
time_dependent,prepared,0.08,0.0005,0.23900000000000002,0.40258634535739635,0.6722154013672738,1.3877787807814457e-15,1.0322426248779243e-15,0.12221068094708978,0.314798798707715,0.06434123590799533,0.0619562087652384
time_dependent,prepared,0.08,0.0005,0.23950000000000002,0.402297966916409,0.6719737738435664,-2.7755575615628914e-16,2.0652275948860423e-16,0.12241182993054799,0.314663960804253,0.06428462219834127,0.06192571976890741
time_dependent,prepared,0.08,0.0005,0.24,0.4020101170980857,0.6717318774113928,-4.274358644806853e-15,3.1815958037295098e-15,0.12261283498909703,0.31452909992409545,0.06422803133680072,0.06189524453570471
time_dependent,prepared,0.08,0.0005,0.2405,0.40172279393118177,0.6714897138349292,6.661338147750939e-15,4.9601192769636735e-15,0.12281369638606263,0.31439421646414273,0.06417146345588133,0.0618647830648504
time_dependent,prepared,0.08,0.0005,0.241,0.40143599545355335,0.6712472848711829,-1.2212453270876722e-15,9.096836252544685e-16,0.1230144143837894,0.31425931081943426,0.0641149186872387,0.06183433535553629
time_dependent,prepared,0.08,0.0005,0.2415,0.401149719711818,0.6710045922699434,-1.3322676295501878e-15,9.927410668258298e-16,0.12321498924364531,0.3141243833831573,0.06405839716168,0.06180390140692505
time_dependent,prepared,0.08,0.0005,0.242,0.4008639647616854,0.6707616377738713,-9.992007221626409e-16,7.448254833705133e-16,0.12341542122602615,0.31398943454664735,0.06400189900916857,0.06177348121815078
time_dependent,prepared,0.08,0.0005,0.2425,0.40057872866750077,0.670518423118496,-4.9960036108132044e-15,3.725478255748325e-15,0.1236157105903599,0.3138544646994244,0.06394542435882807,0.06174307478831975
time_dependent,prepared,0.08,0.0005,0.243,0.4002940095025515,0.6702749500321962,2.1094237467877974e-15,1.5735510827955526e-15,0.12381585759511118,0.3137194742291599,0.06388897333894608,0.06171268211651005
time_dependent,prepared,0.08,0.0005,0.2435,0.400009805348695,0.6700312202362925,4.163336342344337e-15,3.1068226499028555e-15,0.12401586249778553,0.3135844635217149,0.06383254607697969,0.06168230320177126
time_dependent,prepared,0.08,0.0005,0.244,0.3997261142965526,0.6697872354450061,-8.881784197001252e-16,6.630302674475581e-16,0.1242157255549338,0.31344943296114114,0.06377614269955649,0.061651938043125756
time_dependent,prepared,0.08,0.0005,0.2445,0.3994429344453603,0.6695429973655023,1.1102230246251565e-16,8.290901622402362e-17,0.12441544702215648,0.3133143829296826,0.06371976333248382,0.0616215866395681
time_dependent,prepared,0.08,0.0005,0.245,0.3991602639030372,0.6692985076979091,3.2751579226442118e-15,2.4467094166318242e-15,0.12461502715410801,0.31317931380778385,0.06366340810074635,0.061591248990065225
time_dependent,prepared,0.08,0.0005,0.2455,0.39887810078593244,0.6690537681353217,-8.326672684688674e-16,6.222723106317325e-16,0.12481446620450097,0.31304422597410886,0.06360707712851624,0.06156092509355732
time_dependent,prepared,0.08,0.0005,0.246,0.39859644321888427,0.6688087803638516,-5.162537064506978e-15,3.859501561641001e-15,0.12501376442611042,0.31290911980553576,0.06355077053915274,0.06153061494895717
time_dependent,prepared,0.08,0.0005,0.2465,0.39831528933531035,0.6685635460626084,-9.43689570931383e-16,7.057590684453883e-16,0.12521292207077808,0.31277399567717284,0.06349448845520858,0.06150031855515062
time_dependent,prepared,0.08,0.0005,0.247,0.3980346372768687,0.6683180669037722,3.608224830031759e-15,2.6994817353570656e-15,0.12541193938941653,0.3126388539623606,0.06343823099843306,0.06147003591099689
time_dependent,prepared,0.08,0.0005,0.2475,0.39775448519367657,0.6680723445525543,1.3322676295501878e-15,9.970983235673985e-16,0.12561081663201337,0.3125036950326792,0.06338199828977614,0.061439767015328474
time_dependent,prepared,0.08,0.0005,0.248,0.3974748312442122,0.6678263806672508,1.4432899320127035e-15,1.0805876900000985e-15,0.12580955404763547,0.3123685192579678,0.06332579044939268,0.06140951186695177
time_dependent,prepared,0.08,0.0005,0.2485,0.3971956735951205,0.6675801768992571,9.992007221626409e-16,7.483750691966901e-16,0.12600815188443304,0.3122333270063163,0.06326960759664556,0.06137927046464647
time_dependent,prepared,0.08,0.0005,0.249,0.39691701042128674,0.6673337348931018,2.4980018054066022e-15,1.8716285981007277e-15,0.12620661038964368,0.3120981186440797,0.06321344985011099,0.061349042807166645
time_dependent,prepared,0.08,0.0005,0.2495,0.3966388399058798,0.6670870562864324,1.6653345369377348e-16,1.2482137985170835e-16,0.1264049298095966,0.31196289453589143,0.06315731732758079,0.06131882889324031
time_dependent,prepared,0.08,0.0005,0.25,0.39636116024000756,0.6668401427100742,-3.885780586188048e-16,2.913577285851469e-16,0.1266031103897166,0.3118276550446547,0.06310121014606683,0.061288628721569254
time_dependent,prepared,0.08,0.0005,0.2505,0.3960839696230914,0.6665929957880173,-1.942890293094024e-15,1.4573287638562915e-15,0.12680115237452816,0.31169240053157177,0.06304512842180572,0.06125844229083024
time_dependent,prepared,0.08,0.0005,0.251,0.3958072662625057,0.6663456171374812,2.831068712794149e-15,2.1243245546927893e-15,0.1269990560076594,0.31155713135613505,0.0629890722702616,0.06122826959967475
time_dependent,prepared,0.08,0.0005,0.2515,0.39553104837369835,0.6660980083688384,3.1086244689504383e-15,2.333458762744936e-15,0.12719682153184625,0.31142184787613786,0.06293304180613019,0.06119811064672824
time_dependent,prepared,0.08,0.0005,0.252,0.3952553141798846,0.6658501710858068,-4.9404924595819466e-15,3.709913036085481e-15,0.1273944491889362,0.3112865504476844,0.0628770371433433,0.06116796543059144
time_dependent,prepared,0.08,0.0005,0.2525,0.3949800619124782,0.6656021068852876,4.440892098500626e-16,3.3359961248334696e-16,0.12759193921989243,0.31115123942519807,0.06282105839507031,0.061137833949840445
time_dependent,prepared,0.08,0.0005,0.253,0.39470528981063824,0.6653538173574802,1.5543122344752192e-15,1.1680343555015023e-15,0.12778929186479773,0.3110159151614249,0.0627651056737257,0.061107716203025825
time_dependent,prepared,0.08,0.0005,0.2535,0.3944309961214303,0.6651053040859048,-1.0547118733938987e-15,7.928908902955262e-16,0.12798650736285844,0.31088057800744273,0.06270917909096937,0.06107761218867409
time_dependent,prepared,0.08,0.0005,0.254,0.39415717909957815,0.6648565686474117,6.106226635438361e-16,4.592138307259942e-16,0.12818358595240822,0.3107452283126671,0.06265327875771182,0.06104752190528676
time_dependent,prepared,0.08,0.0005,0.2545,0.39388383700770124,0.6646076126121799,-5.551115123125783e-17,4.176234982704779e-17,0.1283805278709121,0.3106098664248644,0.0625974047841181,0.0610174453513414
time_dependent,prepared,0.08,0.0005,0.255,0.39361096811616386,0.6643584375437488,3.3306690738754696e-16,2.506680795828788e-16,0.12857733335497018,0.31047449269015287,0.06254155727961093,0.06098738252529099
time_dependent,prepared,0.08,0.0005,0.2555,0.3933385707029303,0.6641090449990684,3.497202527569243e-15,2.63300323486344e-15,0.12877400264032166,0.3103391074530043,0.06248573635287365,0.06095733342556495
time_dependent,prepared,0.08,0.0005,0.256,0.393066643053629,0.6638594365284921,-3.0531133177191805e-15,2.2995179022269957e-15,0.12897053596184846,0.31020371105626826,0.06242994211185556,0.060927298050568214
time_dependent,prepared,0.08,0.0005,0.2565,0.3927951834614321,0.6636096136758105,-2.55351295663786e-15,1.9239571760373248e-15,0.12916693355357917,0.3100683038411595,0.06237417466377451,0.060897276398681824
time_dependent,prepared,0.08,0.0005,0.257,0.3925241902272962,0.6633595779782205,2.9976021664879227e-15,2.2594097273939816e-15,0.1293631956486928,0.309932886147284,0.062318434115120794,0.06086726846826413
time_dependent,prepared,0.08,0.0005,0.2575,0.39225366165941333,0.6631093309664702,-1.3877787807814457e-15,1.046417774546155e-15,0.1295593224795225,0.30979745831263134,0.062262720571660116,0.060837274257649065
time_dependent,prepared,0.08,0.0005,0.258,0.3919835960736962,0.6628588741647216,4.107825191113079e-15,3.09856694329498e-15,0.12975531427755935,0.30966202067358556,0.06220703413843849,0.06080729376514751
time_dependent,prepared,0.08,0.0005,0.2585,0.39171399179338146,0.6626082090907076,-6.661338147750939e-16,5.026603999437502e-16,0.12995117127345604,0.30952657356493785,0.06215137491978413,0.0607773269890473
time_dependent,prepared,0.08,0.0005,0.259,0.391444847149169,0.6623573372556584,3.885780586188048e-16,2.9332962493387486e-16,0.1301468936970306,0.30939111731988256,0.06209574301931156,0.06074737392761302
time_dependent,prepared,0.08,0.0005,0.2595,0.3911761604790512,0.6621062601644015,-6.661338147750939e-16,5.03041471477473e-16,0.13034248177727015,0.30925565227004104,0.062040138539927146,0.06071743457908644
time_dependent,prepared,0.08,0.0005,0.26,0.390907930128388,0.6618549793153169,1.7208456881689926e-15,1.3000171804623954e-15,0.13053793574233435,0.309120178745446,0.06198456158382907,0.060687508941686175
time_dependent,prepared,0.08,0.0005,0.2605,0.39064015444995875,0.661603496200384,-4.496403249731884e-15,3.3981102545217253e-15,0.13073325581955933,0.30898469707457077,0.061929012252513314,0.060657597013608844
time_dependent,prepared,0.08,0.0005,0.261,0.390372831803671,0.6613518123052119,-3.2751579226442118e-15,2.476108677489149e-15,0.13092844223546116,0.30884920758432,0.061873490646776,0.06062769879302817
time_dependent,prepared,0.08,0.0005,0.2615,0.3901059605566709,0.6610999291090502,-6.106226635438361e-16,4.61823271080031e-16,0.1311234952157395,0.308713710600045,0.061817996866717684,0.06059781427809521
time_dependent,prepared,0.08,0.0005,0.262,0.38983953908335767,0.6608478480848186,1.4988010832439613e-15,1.1339986107146945e-15,0.13131841498528116,0.3085782064455448,0.06176253101174684,0.06056794346693952
time_dependent,prepared,0.08,0.0005,0.2625,0.38957356576522195,0.6605955706990961,4.163336342344337e-15,3.15119910502756e-15,0.13151320176816378,0.3084426954430774,0.06170709318058135,0.06053808635766782
time_dependent,prepared,0.08,0.0005,0.263,0.3893080389909021,0.6603430984122153,2.831068712794149e-15,2.1436346647685147e-15,0.13170785578765923,0.30830717791336537,0.061651683471254534,0.0605082429483653
time_dependent,prepared,0.08,0.0005,0.2635,0.3890429571560218,0.6600904326782088,-5.551115123125783e-16,4.2048141044879606e-16,0.13190237726623724,0.308171654175606,0.061596301981116916,0.060478413237094936
time_dependent,prepared,0.08,0.0005,0.264,0.38877831866341667,0.6598375749448314,-1.0547118733938987e-15,7.992208336135475e-16,0.13209676642556895,0.30803612454746504,0.06154094880684037,0.06044859722189848
time_dependent,prepared,0.08,0.0005,0.2645,0.3885141219228335,0.6595845266536615,1.942890293094024e-15,1.4728137293874127e-15,0.13229102348653035,0.30790058934509784,0.0614856240444208,0.060418794900795644
time_dependent,prepared,0.08,0.0005,0.265,0.3882503653509824,0.6593312892400464,-2.1094237467877974e-15,1.5996690747220182e-15,0.13248514866920585,0.30776504888315565,0.06143032778918151,0.06038900627178494
time_dependent,prepared,0.08,0.0005,0.2655,0.38798704737155354,0.6590778641331387,-7.771561172376096e-16,5.895783787699921e-16,0.13267914219289162,0.30762950347477247,0.061375060135777294,0.06035923133284338
time_dependent,prepared,0.08,0.0005,0.266,0.38772416641514573,0.6588242527559423,-3.4416913763379853e-15,2.611995051746334e-15,0.1328730042760992,0.30749395343160335,0.06131982117819793,0.06032947008192713
time_dependent,prepared,0.08,0.0005,0.2665,0.38746172091918274,0.658570456525302,-4.107825191113079e-15,3.1187439023506146e-15,0.13306673513655878,0.30735839906380036,0.0612646110097697,0.06029972251697067
time_dependent,prepared,0.08,0.0005,0.267,0.387199709327937,0.6583164768519497,5.551115123125783e-16,4.216144755840725e-16,0.13326033499122275,0.30722284068003924,0.06120942972315942,0.060269988635888165
time_dependent,prepared,0.08,0.0005,0.2675,0.3869381300925443,0.6580623151405179,7.216449660063518e-16,5.483105090528216e-16,0.13345380405626903,0.3070872785875146,0.06115427741038024,0.06024026843657238
time_dependent,prepared,0.08,0.0005,0.268,0.38667698167079634,0.6578079727895629,-1.7208456881689926e-15,1.3080152258351426e-15,0.13364714254710441,0.30695171309195485,0.06109915416279053,0.06021056191689597
time_dependent,prepared,0.08,0.0005,0.2685,0.3864162625274106,0.6575534511915828,-1.7208456881689926e-15,1.308521524030154e-15,0.1338403506783681,0.30681614449762445,0.061044060071099665,0.060180869074710645
time_dependent,prepared,0.08,0.0005,0.269,0.3861559711335595,0.6572987517330126,-1.6653345369377348e-15,1.2668018405230269e-15,0.1340334286639349,0.30668057310732266,0.06098899522537261,0.0601511899078477
time_dependent,prepared,0.08,0.0005,0.2695,0.38589610596727075,0.657043875794305,-5.551115123125783e-16,4.2243108319174295e-16,0.13422637671691853,0.30654499922240963,0.060933959715028393,0.06012152441411811
time_dependent,prepared,0.08,0.0005,0.27,0.3856366655131019,0.6567888247499264,2.886579864025407e-15,2.19749465524514e-15,0.1344191950496751,0.30640942314279096,0.060878953628849125,0.060091872591312455
time_dependent,prepared,0.08,0.0005,0.2705,0.38537764826235793,0.6565335999683314,1.6653345369377348e-15,1.2682782244641113e-15,0.13461188387380627,0.3062738451669393,0.06082397705497863,0.060062234437201885
time_dependent,prepared,0.08,0.0005,0.271,0.3851190527127781,0.6562782028120472,1.7208456881689926e-15,1.3110641804005085e-15,0.13480444340016265,0.30613826559188856,0.06076903008092813,0.06003260994953697
time_dependent,prepared,0.08,0.0005,0.2715,0.38486087736867775,0.6560226346376763,2.220446049250313e-16,1.6923547542507227e-16,0.13499687383884698,0.30600268471325454,0.06071411279357759,0.06000299912604838
time_dependent,prepared,0.08,0.0005,0.272,0.3846031207408409,0.6557668967959072,1.4432899320127035e-15,1.100459583324998e-15,0.1351891753992174,0.3058671028252268,0.060659225279180634,0.059973401964447275
time_dependent,prepared,0.08,0.0005,0.2725,0.3843457813467252,0.6555109906315383,-3.885780586188048e-16,2.9639324448583045e-16,0.13538134828989076,0.305731520220586,0.06060436762336719,0.05994381846242546
time_dependent,prepared,0.08,0.0005,0.273,0.3840888577098868,0.6552549174834994,-2.9976021664879227e-15,2.287355719511571e-15,0.13557339271874572,0.3055959371906965,0.06054953991114425,0.05991424861765449
time_dependent,prepared,0.08,0.0005,0.2735,0.3838323483605895,0.6549986786848793,1.0547118733938987e-15,8.051251916351736e-16,0.135765308892926,0.3054603540255349,0.060494742226903535,0.05988469242778726
time_dependent,prepared,0.08,0.0005,0.274,0.3835762518354744,0.6547422755629482,-1.4988010832439613e-15,1.1445733223467908e-15,0.13595709701884376,0.30532477101367256,0.0604399746544196,0.05985514989045712
time_dependent,prepared,0.08,0.0005,0.2745,0.38332056667732534,0.6544857094391755,-1.1102230246251565e-16,8.48164450814747e-17,0.13614875730218243,0.30518918844229026,0.06038523727685688,0.059825621003278165
time_dependent,prepared,0.08,0.0005,0.275,0.38306529143536516,0.6542289816292406,1.1102230246251565e-16,8.484972813802471e-17,0.13634028994790012,0.30505360659719544,0.060330530176769606,0.05979610576384542
time_dependent,prepared,0.08,0.0005,0.2755,0.38281042466520854,0.6539720934430636,3.164135620181696e-15,2.4191671570594054e-15,0.13653169516023272,0.30491802576280413,0.06027585343610793,0.059766604169735275
time_dependent,prepared,0.08,0.0005,0.276,0.38255596492852356,0.6537150461848352,1.3877787807814457e-15,1.0614554375646536e-15,0.136722973142697,0.30478244622217837,0.06022120713621791,0.05973711621850476
time_dependent,prepared,0.08,0.0005,0.2765,0.38230191079339937,0.6534578411530187,3.552713678800501e-15,2.718395476387405e-15,0.1369141240980937,0.3046468682569959,0.06016659135784615,0.059707641907692996
time_dependent,prepared,0.08,0.0005,0.277,0.3820482608340498,0.6532004796403852,-1.27675647831893e-15,9.773082829193882e-16,0.13710514822851072,0.30451129214759287,0.0601120061811434,0.059678181234819896
time_dependent,prepared,0.08,0.0005,0.2775,0.3817950136307976,0.6529429629340463,3.3306690738754696e-16,2.550505375621836e-16,0.1372960457353261,0.3043757181729429,0.060057451685665196,0.059648734197386866
time_dependent,prepared,0.08,0.0005,0.278,0.38154216777021505,0.6526852923154112,1.27675647831893e-15,9.780797065225841e-16,0.1374868168192112,0.3042401466106694,0.06000292795037746,0.059619300792877125
time_dependent,prepared,0.08,0.0005,0.2785,0.38128972184485593,0.6524274690603211,-2.7200464103316335e-15,2.084558467663287e-15,0.13767746168013364,0.30410457773706284,0.05994843505365766,0.05958988101875561
time_dependent,prepared,0.08,0.0005,0.279,0.3810376744534817,0.6521694944389529,-3.3306690738754696e-16,2.5535302572997317e-16,0.13786798051736038,0.3039690118270685,0.059893973073298495,0.05956047487246906
time_dependent,prepared,0.08,0.0005,0.2795,0.380786024200872,0.6519113697159096,1.1102230246251565e-15,8.515137764117915e-16,0.13805837352946082,0.30383344915431104,0.05983954208650989,0.059531082351446114
time_dependent,prepared,0.08,0.0005,0.28,0.38053476969782113,0.6516530961502394,3.941291737419306e-15,3.0240719799408614e-15,0.13824864091430972,0.3036978899910856,0.05978514216992369,0.05950170345309759
time_dependent,prepared,0.08,0.0005,0.2805,0.38028390956111,0.651394674995401,-3.885780586188048e-16,2.9826622287137077e-16,0.13843878286909028,0.30356233460836823,0.05973077339959509,0.05947233817481608
time_dependent,prepared,0.08,0.0005,0.281,0.38003344241345555,0.6511361074993803,9.992007221626409e-16,7.672748528721324e-16,0.138628799590297,0.3034267832758253,0.059676435851005474,0.059442986513976746
time_dependent,prepared,0.08,0.0005,0.28150000000000003,0.3797833668836332,0.6508773949046013,1.9984014443252818e-15,1.5351596629179166e-15,0.13881869127373883,0.30329123626181564,0.059622129599065765,0.05941364846793731
time_dependent,prepared,0.08,0.0005,0.28200000000000003,0.37953368160620343,0.6506185384480412,-2.831068712794149e-15,2.1756747967459326e-15,0.13900845811454193,0.30315569383339463,0.05956785471811993,0.0593843240340376
time_dependent,prepared,0.08,0.0005,0.28250000000000003,0.3792843852216647,0.6503595393611652,5.551115123125783e-15,4.267727915991288e-15,0.13919810030715277,0.30302015625632384,0.059513611281945614,0.059355013209600134
time_dependent,prepared,0.08,0.0005,0.28300000000000003,0.37903547637632434,0.6501003988700662,-2.609024107869118e-15,2.006631677510001e-15,0.13938761804534092,0.3028846237950766,0.05945939936376065,0.059325715991929893
time_dependent,prepared,0.08,0.0005,0.28350000000000003,0.3787869537223862,0.6498411181953243,-7.216449660063518e-16,5.552472333625445e-16,0.13957701152220212,0.3027490967128398,0.059405219036220536,0.059296432378314855
time_dependent,prepared,0.08,0.0005,0.28400000000000003,0.37853881591783867,0.6495816985521721,-2.7755575615628914e-16,2.136419150777513e-16,0.13976628093016102,0.30261357527152305,0.059351070371427304,0.05926716236602585
time_dependent,prepared,0.08,0.0005,0.28450000000000003,0.37829106162643644,0.6493221411504303,2.275957200481571e-15,1.7525639865361446e-15,0.13995542646097425,0.30247805973176317,0.05929695344092743,0.059237905952316816
time_dependent,prepared,0.08,0.0005,0.28500000000000003,0.37804368951757567,0.6490624471945893,3.941291737419306e-15,3.0361421728021287e-15,0.14014444830573303,0.3023425503529232,0.059242868315716964,0.05920866313442434
time_dependent,prepared,0.08,0.0005,0.28550000000000003,0.37779669826660484,0.6488026178837705,-1.4432899320127035e-15,1.1122719701103785e-15,0.14033334665486633,0.3022070473931142,0.05918881506624385,0.059179433909568556
time_dependent,prepared,0.08,0.0005,0.28600000000000003,0.37755008655429334,0.6485426544117678,-3.164135620181696e-15,2.4394198274064132e-15,0.14052212169814346,0.30207155110918743,0.05913479376241073,0.059150218274952725
time_dependent,prepared,0.08,0.0005,0.28650000000000003,0.37730385306732306,0.6482825579670826,4.773959005888173e-15,3.68200481967198e-15,0.14071077362467713,0.3019360617567344,0.05908080447357735,0.05912101622776343
time_dependent,prepared,0.08,0.0005,0.28700000000000003,0.37705799649782484,0.6480223297329498,1.1657341758564144e-15,8.994552520565246e-16,0.14089930262292605,0.3018005795901182,0.05902684726856346,0.05909182776517087
time_dependent,prepared,0.08,0.0005,0.28750000000000003,0.37681251554365186,0.6477619708873047,-1.6653345369377348e-16,1.2854525364128422e-16,0.14108770888069788,0.3016651048624471,0.058972922215651126,0.059062652884328555
time_dependent,prepared,0.08,0.0005,0.28800000000000003,0.37656740890815577,0.6475014826028866,1.6653345369377348e-16,1.285969670867214e-16,0.14127599258515197,0.30152963782559855,0.058919029382588965,0.05903349158237399
time_dependent,prepared,0.08,0.0005,0.2885,0.3763226753003663,0.6472408660471753,-6.050715484207103e-15,4.6742378313965374e-15,0.14146415392280215,0.3013941787302264,0.058865168836592326,0.0590043438564282
time_dependent,prepared,0.08,0.0005,0.289,0.37607831343475073,0.6469801223824715,5.551115123125783e-17,4.2900198407055244e-17,0.1416521930795195,0.3012587278257523,0.05881134064434804,0.05897520970359597
time_dependent,prepared,0.08,0.0005,0.2895,0.3758343220312952,0.6467192527658935,4.107825191113079e-15,3.1758952385789427e-15,0.14184011024053517,0.30112328536038396,0.058757544872016156,0.05894608912096628
time_dependent,prepared,0.08,0.0005,0.29,0.3755906998154869,0.6464582583493884,-1.1102230246251565e-15,8.5869660591846e-16,0.1420279055904429,0.300987851581118,0.05870378158523281,0.05891698210561205
time_dependent,prepared,0.08,0.0005,0.2905,0.3753474455182827,0.6461971402797702,-5.10702591327572e-15,3.951600521680319e-15,0.14221557931320203,0.3008524267337375,0.058650050849112144,0.05888788865459012
time_dependent,prepared,0.08,0.0005,0.291,0.37510455787606767,0.645935899698735,3.608224830031759e-15,2.7930208180986902e-15,0.14240313159214008,0.3007170110628243,0.058596352728250964,0.05885880876494174
time_dependent,prepared,0.08,0.0005,0.2915,0.37486203563057713,0.6456745377428651,1.9984014443252818e-15,1.5475300073867298e-15,0.14259056260995537,0.30058160481177026,0.058542687286728616,0.05882974243369257
time_dependent,prepared,0.08,0.0005,0.292,0.3746198775290023,0.6454130555436897,3.885780586188048e-16,3.010305224547017e-16,0.14277787254871988,0.3004462082227622,0.05848905458811123,0.05880068965785253
time_dependent,prepared,0.08,0.0005,0.2925,0.37437808232386915,0.6451514542276373,-3.885780586188048e-16,3.0115258678599973e-16,0.14296506158988181,0.3003108215368092,0.05843545469545474,0.058771650434416144
time_dependent,prepared,0.08,0.0005,0.293,0.37413664877302244,0.6448897349161322,-7.216449660063518e-16,5.595103526498231e-16,0.14315212991426832,0.30017544499373966,0.05838188767130547,0.05874262476036224
time_dependent,prepared,0.08,0.0005,0.2935,0.3738955756396112,0.6446278987255657,-1.0547118733938987e-15,8.180780536175002e-16,0.14333907770208812,0.30004007883219497,0.05832835357770463,0.05871361263265475
time_dependent,prepared,0.08,0.0005,0.294,0.37365486169206524,0.6443659467673049,6.106226635438361e-16,4.73816677159342e-16,0.14352590513293415,0.2999047232896569,0.058274852476190055,0.058684614048242024
time_dependent,prepared,0.08,0.0005,0.2945,0.37341450570410456,0.6441038801477669,-3.0531133177191805e-15,2.3700472950254222e-15,0.1437126123857862,0.299769378602436,0.05822138442779856,0.05865562900405748
time_dependent,prepared,0.08,0.0005,0.295,0.37317450645460404,0.6438416999683962,-9.992007221626409e-16,7.759676968823925e-16,0.1438991996390135,0.2996340450056791,0.058167949493068825,0.058626657497019403
time_dependent,prepared,0.08,0.0005,0.2955,0.3729348627277718,0.6435794073256889,-2.3869795029440866e-15,1.8544560902460166e-15,0.14408566707037737,0.29949872273337963,0.05811454773204407,0.05859769952403103
time_dependent,prepared,0.08,0.0005,0.296,0.3726955733129154,0.6433170033112066,4.052314039881821e-15,3.1495468167514683e-15,0.14427201485703384,0.299363412018381,0.058061179204273554,0.0585687550819809
time_dependent,prepared,0.08,0.0005,0.2965,0.372456637004454,0.6430544890116544,1.6653345369377348e-16,1.2948626946818133e-16,0.14445824317553607,0.2992281130923771,0.05800784396881677,0.05853982416774241
time_dependent,prepared,0.08,0.0005,0.297,0.37221805260210866,0.64279186550879,2.220446049250313e-16,1.727188977020392e-16,0.14464435220183713,0.299092826185924,0.057954542084243846,0.05851090677817474
time_dependent,prepared,0.08,0.0005,0.2975,0.37197981891052545,0.6425291338795518,2.7755575615628914e-16,2.1598690356686577e-16,0.1448303421112924,0.29895755152843995,0.05790127360863974,0.058482002910122115
time_dependent,prepared,0.08,0.0005,0.298,0.3717419347395992,0.6422662951960086,1.27675647831893e-15,9.93946348943381e-16,0.1450162130786622,0.29882228934821087,0.05784803859960625,0.0584531125604146
time_dependent,prepared,0.08,0.0005,0.2985,0.37150439890422615,0.6420033505254287,2.7755575615628914e-16,2.1616379099044559e-16,0.1452019652781143,0.298687039872401,0.05779483711426314,0.058424235725867184
time_dependent,prepared,0.08,0.0005,0.299,0.37126721022430953,0.6417403009302232,-4.996003610813204e-16,3.892543139001352e-16,0.14538759888322644,0.298551803327048,0.05774166920925258,0.05839537240328071
time_dependent,prepared,0.08,0.0005,0.2995,0.371030367524819,0.6414771474680789,6.106226635438361e-16,4.759504418465831e-16,0.14557311406698886,0.2984165799370769,0.057688534940740874,0.0583665225894422
time_dependent,prepared,0.08,0.0005,0.3,0.3707938696357383,0.6412138911918559,1.8318679906315083e-15,1.4284375430689145e-15,0.14575851100180673,0.2982813699262964,0.05763543436441949,0.058337686281124096
time_dependent,prepared,0.08,0.0005,0.3005,0.370557715391972,0.6409505331497244,-1.2212453270876722e-15,9.526829793605878e-16,0.1459437898595027,0.2981461735174189,0.057582367535509674,0.058308863475084606
time_dependent,prepared,0.08,0.0005,0.301,0.3703219036334026,0.6406870743850603,-2.4980018054066022e-15,1.9494710485647156e-15,0.1461289508113194,0.298010990932043,0.057529334508762804,0.05828005416806815
time_dependent,prepared,0.08,0.0005,0.3015,0.37008643320489004,0.6404235159365569,1.27675647831893e-15,9.968063684012268e-16,0.14631399402792186,0.2978758223906773,0.057476335338464885,0.058251258356805086
time_dependent,prepared,0.08,0.0005,0.302,0.36985130295614693,0.6401598588382418,-2.609024107869118e-15,2.0377910859671554e-15,0.14649891967939993,0.2977406681127371,0.05742337007843652,0.05822247603801211
time_dependent,prepared,0.08,0.0005,0.3025,0.3696165117418109,0.6398961041194051,3.3306690738754696e-16,2.6025076980730943e-16,0.14668372793527085,0.29760552831654863,0.05737043878203715,0.05819370720839184
time_dependent,prepared,0.08,0.0005,0.303,0.36938205842127225,0.6396322528047453,3.164135620181696e-15,2.473402182509686e-15,0.1468684189644815,0.29747040321935625,0.0573175415021667,0.05816495186463332
time_dependent,prepared,0.08,0.0005,0.3035,0.36914794185892685,0.6393683059142694,3.552713678800501e-15,2.778299804617514e-15,0.14705299293541096,0.29733529303732814,0.05726467829126744,0.058136210003412056
time_dependent,prepared,0.08,0.0005,0.304,0.36891416092385626,0.6391042644634234,-6.38378239159465e-15,4.994319977628653e-15,0.1472374500158729,0.29720019798555936,0.05721184920132758,0.058107481621389796
time_dependent,prepared,0.08,0.0005,0.3045,0.36868071449002965,0.6388401294629983,1.3877787807814457e-15,1.08617063704811e-15,0.14742179037311792,0.2970651182780719,0.057159054283881974,0.058078766715214954
time_dependent,prepared,0.08,0.0005,0.305,0.3684476014361621,0.6385759019192345,3.2751579226442118e-15,2.5644233620472863e-15,0.147606014173836,0.2969300541278295,0.05710629359001544,0.05805006528152285
time_dependent,prepared,0.08,0.0005,0.3055,0.3682148206456763,0.6383115828338092,-2.1649348980190553e-15,1.6958292440877742e-15,0.14779012158415886,0.29679500574673573,0.05705356717036501,0.05802137731693481
time_dependent,prepared,0.08,0.0005,0.306,0.3679823710068191,0.6380471732038326,2.220446049250313e-15,1.7400328239844409e-15,0.14797411276966227,0.29665997334563843,0.05700087507512243,0.057992702818059495
time_dependent,prepared,0.08,0.0005,0.3065,0.3677502514124194,0.6377826740219277,-2.220446049250313e-15,1.7407544448079312e-15,0.1481579878953685,0.2965249571343336,0.05694821735403475,0.057964041781492254
time_dependent,prepared,0.08,0.0005,0.307,0.3675184607601148,0.63751808627618,-3.941291737419306e-15,3.091121508756621e-15,0.14834174712574855,0.2963899573215745,0.05689559405640877,0.05793539420381531
time_dependent,prepared,0.08,0.0005,0.3075,0.3672869979521993,0.6372534109501834,-7.216449660063518e-16,5.662150673547088e-16,0.14852539062472464,0.2962549741150759,0.056843005231112444,0.05790676008159801
time_dependent,prepared,0.08,0.0005,0.308,0.3670558618955355,0.6369886490230844,2.7200464103316335e-15,2.135082324075333e-15,0.14870891855567242,0.2961200077215108,0.05679045092657655,0.05787813941139666
time_dependent,prepared,0.08,0.0005,0.3085,0.36682505150164035,0.6367238014695652,2.831068712794149e-15,2.2231528853327034e-15,0.14889233108142325,0.2959850583465283,0.05673793119079774,0.05784953218975475
time_dependent,prepared,0.08,0.0005,0.309,0.3665945656867483,0.636458869259863,-1.3877787807814457e-15,1.0902344580375578e-15,0.14907562836426663,0.2958501261947418,0.056685446071339865,0.05782093841320315
time_dependent,prepared,0.08,0.0005,0.3095,0.3663644033714854,0.6361938533598046,-9.992007221626409e-16,7.852958000818153e-16,0.1492588105659524,0.29571521146974944,0.056632995615338,0.05779235807825976
time_dependent,prepared,0.08,0.0005,0.31,0.3661345634811394,0.6359287547308276,-1.1102230246251565e-15,8.729146279091332e-16,0.14944187784769294,0.29558031437412324,0.05658057986949693,0.05776379118143005
time_dependent,prepared,0.08,0.0005,0.3105,0.3659050449456789,0.6356635743299744,-5.551115123125783e-16,4.366393912831152e-16,0.14962483037016577,0.2954454351094306,0.056528198880098565,0.05773523771920701
time_dependent,prepared,0.08,0.0005,0.311,0.3656758466992761,0.6353983131099418,7.216449660063518e-16,5.678681789964766e-16,0.1498076682935154,0.2953105738762248,0.056475852692999,0.05770669768807094
time_dependent,prepared,0.08,0.0005,0.3115,0.3654469676809311,0.6351329720190639,-1.942890293094024e-15,1.5295145888251175e-15,0.14999039177735587,0.29517573087405546,0.05642354135363445,0.05767817108448985
time_dependent,prepared,0.08,0.0005,0.312,0.36521840683389933,0.6348675520013524,-8.881784197001252e-16,6.994989875449123e-16,0.15017300098077282,0.29504090630147206,0.05637126490702127,0.05764965790491969
time_dependent,prepared,0.08,0.0005,0.3125,0.36499016310602816,0.6346020539965107,1.27675647831893e-15,1.005950477372666e-15,0.15035549606232584,0.2949061003560274,0.05631902339775868,0.05762115814580356
time_dependent,prepared,0.08,0.0005,0.313,0.3647622354495676,0.6343364789399664,-1.4988010832439613e-15,1.1813927883736052e-15,0.15053787718005063,0.2947713132342835,0.056266816870031364,0.057592671803573164
time_dependent,prepared,0.08,0.0005,0.3135,0.36453462282113525,0.6340708277628267,-3.885780586188048e-16,3.064153416344774e-16,0.1507201444914612,0.2946365451318121,0.05621464536761074,0.05756419887464725
time_dependent,prepared,0.08,0.0005,0.314,0.3643073241818662,0.6338051013920037,-1.1657341758564144e-15,9.196314239946592e-16,0.15090229815355213,0.29450179624320555,0.05616250893385768,0.0575357393554333
time_dependent,prepared,0.08,0.0005,0.3145,0.3640803384971821,0.6335393007501067,-2.1649348980190553e-15,1.7086034721569675e-15,0.15108433832280072,0.29436706676208024,0.05611040761172502,0.0575072932423264
time_dependent,prepared,0.08,0.0005,0.315,0.3638536647368976,0.6332734267555737,8.326672684688674e-16,6.574310821273838e-16,0.15126626515516917,0.29423235688107247,0.05605834144375768,0.057478860531709766
time_dependent,prepared,0.08,0.0005,0.3155,0.36362730187516884,0.6330074803226229,-3.6637359812630166e-15,2.8939120746217267e-15,0.15144807880610675,0.29409766679184773,0.05600631047209749,0.057450441219955024
time_dependent,prepared,0.08,0.0005,0.316,0.3634012488904465,0.6327414623612554,1.7208456881689926e-15,1.3598331945461291e-15,0.15162977943055198,0.29396299668511156,0.05595431473848381,0.057422035303421805
time_dependent,prepared,0.08,0.0005,0.3165,0.36317550476556487,0.6324753737773693,-4.996003610813204e-16,3.949563744257176e-16,0.15181136718293475,0.2938283467506056,0.055902354284254954,0.05739364277845815
time_dependent,prepared,0.08,0.0005,0.317,0.3629500684876417,0.6322092154726201,-4.9960036108132044e-15,3.951226499504888e-15,0.15199284221717857,0.29369371717711296,0.05585042915035105,0.05736526364140048
time_dependent,prepared,0.08,0.0005,0.3175,0.36272493904790604,0.6319429883446009,1.3322676295501878e-15,1.05410428956583e-15,0.15217420468670254,0.29355910815246555,0.05579853937731689,0.05733689788857376
time_dependent,prepared,0.08,0.0005,0.318,0.36250011544201965,0.631676693286762,-2.1094237467877974e-15,1.6697020558190726e-15,0.15235545474442355,0.2934245198635431,0.05574668500530241,0.0573085455162915
time_dependent,prepared,0.08,0.0005,0.3185,0.3622755966698217,0.6314103311884246,2.942091015256665e-15,2.329777380835002e-15,0.15253659254275848,0.2932899524962833,0.055694866074066166,0.057280206520855505
time_dependent,prepared,0.08,0.0005,0.319,0.3620513817352947,0.6311439029348739,1.1102230246251565e-16,8.795324009806028e-17,0.15271761823362612,0.29315540623568204,0.05564308262297492,0.05725188089855676
time_dependent,prepared,0.08,0.0005,0.3195,0.3618274696466576,0.6308774094072909,6.106226635438361e-16,4.83947161872158e-16,0.15289853196844944,0.2930208812658039,0.055591334691008965,0.05722356864567451
time_dependent,prepared,0.08,0.0005,0.32,0.3616038594162513,0.6306108514828154,-4.440892098500626e-16,3.521103457114903e-16,0.15307933389815756,0.2928863777697695,0.055539622316762356,0.05719526975847692
time_dependent,prepared,0.08,0.0005,0.3205,0.36138055006071274,0.6303442300345622,1.4432899320127035e-15,1.1448426615514234e-15,0.1532600241731879,0.2927518959297837,0.05548794553844421,0.0571669842332212
time_dependent,prepared,0.08,0.0005,0.321,0.36115754060068067,0.6300775459316161,-4.884981308350689e-15,3.8764921396523526e-15,0.15344060294348824,0.2926174359271173,0.05543630439388168,0.057138712066153306
time_dependent,prepared,0.08,0.0005,0.3215,0.3609348300609857,0.6298108000390532,2.3314683517128287e-15,1.850927573461947e-15,0.15362107035851874,0.2924829979421289,0.05538469892052218,0.05711045325350832
time_dependent,prepared,0.08,0.0005,0.322,0.3607124174703949,0.6295439932179958,4.773959005888173e-15,3.791600791459738e-15,0.15380142656725393,0.2923485821542533,0.05533312915543467,0.057082207791510374
time_dependent,prepared,0.08,0.0005,0.3225,0.3604903018620036,0.6292771263255674,1.2212453270876722e-15,9.70355727228387e-16,0.15398167171818494,0.2922141887420223,0.055281595135311896,0.05705397567637251
time_dependent,prepared,0.08,0.0005,0.323,0.3602684822728631,0.6290102002149534,-3.1086244689504383e-15,2.4710445616685765e-15,0.15416180595932139,0.2920798178830523,0.05523009689647239,0.057025756904297314
time_dependent,prepared,0.08,0.0005,0.3235,0.3600469577439412,0.6287432157353928,3.1086244689504383e-15,2.472093846225053e-15,0.15434182943819336,0.2919454697540558,0.05517863447486138,0.056997551471476345
time_dependent,prepared,0.08,0.0005,0.324,0.3598257273204213,0.6284761737322333,3.83026943495679e-15,3.047267020649769e-15,0.15452174230185356,0.2918111445308503,0.05512720790605559,0.05696935937409087
time_dependent,prepared,0.08,0.0005,0.3245,0.3596047900514413,0.6282090750468828,-4.163336342344337e-15,3.3136550455225785e-15,0.15470154469687927,0.2916768423883528,0.05507581722526094,0.056941180608310916
time_dependent,prepared,0.08,0.0005,0.325,0.3593841449900302,0.6279419205168888,-9.992007221626409e-16,7.956155573593112e-16,0.1548812367693743,0.2915425635005889,0.055024462467318486,0.056913015170296524
time_dependent,prepared,0.08,0.0005,0.3255,0.35916379119330155,0.627674710975919,-1.4432899320127035e-15,1.1497117111574037e-15,0.15506081866497096,0.2914083080406976,0.05497314366670352,0.05688486305619698
time_dependent,prepared,0.08,0.0005,0.326,0.35894372772224376,0.6274074472537923,1.9984014443252818e-15,1.5925866461040796e-15,0.15524029052883206,0.2912740761809324,0.054921860857528836,0.056856724262151485
time_dependent,prepared,0.08,0.0005,0.3265,0.35872395364191617,0.6271401301764923,3.497202527569243e-15,2.7882145945476624e-15,0.155419652505653,0.29113986809266407,0.054870614073545924,0.05682859878428816
time_dependent,prepared,0.08,0.0005,0.327,0.35850446802115254,0.6268727605661784,2.7755575615628914e-16,2.2138125439172578e-16,0.1555989047396636,0.2910056839463918,0.05481940334814816,0.056800486618725776
time_dependent,prepared,0.08,0.0005,0.3275,0.35828526993276877,0.6266053392411748,-2.831068712794149e-15,2.2590524972406137e-15,0.15577804737462997,0.2908715239117387,0.05476822871437016,0.05677238776157206
time_dependent,prepared,0.08,0.0005,0.328,0.35806635845342777,0.6263378670160644,9.992007221626409e-16,7.976531316260114e-16,0.15595708055385668,0.2907373881574555,0.05471709020489224,0.05674430220892505
time_dependent,prepared,0.08,0.0005,0.3285,0.35784773266366215,0.6260703447016301,-1.6653345369377348e-15,1.3299899532307305e-15,0.15613600442018852,0.29060327685143705,0.05466598785204123,0.05671622995687252
time_dependent,prepared,0.08,0.0005,0.329,0.35762939164788726,0.6258027731048903,-2.275957200481571e-15,1.818430101539438e-15,0.15631481911601247,0.2904691901607118,0.05461492168779155,0.05668817100149231
time_dependent,prepared,0.08,0.0005,0.3295,0.35741133449438095,0.6255351530291352,-5.551115123125783e-16,4.4370928606047774e-16,0.15649352478325967,0.2903351282514425,0.05456389174376867,0.056660125338851924
time_dependent,prepared,0.08,0.0005,0.33,0.35719356029509564,0.6252674852739382,1.5543122344752192e-15,1.2429178480264746e-15,0.15667212156340724,0.29020109128895283,0.05451289805124896,0.056632092965009415
time_dependent,prepared,0.08,0.0005,0.3305,0.3569760681458978,0.6249997706351226,1.6653345369377348e-15,1.332268118471008e-15,0.15685060959748018,0.29006707943770865,0.05446194064116289,0.05660407387601238
time_dependent,prepared,0.08,0.0005,0.331,0.35675885714653194,0.6247320099048449,-3.3861802251067274e-15,2.7101062306880173e-15,0.15702898902605344,0.2899330928613289,0.054411019544097466,0.05657606806789933
time_dependent,prepared,0.08,0.0005,0.3315,0.35654192640032906,0.6244642038715837,2.6645352591003757e-15,2.1334571642222674e-15,0.1572072599892536,0.2897991317225936,0.05436013479029529,0.05654807553669878
time_dependent,prepared,0.08,0.0005,0.332,0.35632527501439976,0.6241963533201468,-1.1657341758564144e-15,9.337880377350722e-16,0.1573854226267608,0.289665196183438,0.054309286409660165,0.05652009627842915
time_dependent,prepared,0.08,0.0005,0.3325,0.3561089020996926,0.6239284590316788,3.885780586188048e-16,3.1139632516672507e-16,0.15756347707781065,0.2895312864049737,0.0542584744317548,0.05649213028909957
time_dependent,prepared,0.08,0.0005,0.333,0.3558928067707806,0.6236605217836975,-4.218847493575595e-15,3.382326879942243e-15,0.15774142348119605,0.289397402547467,0.054207698885805594,0.05646417756470972
time_dependent,prepared,0.08,0.0005,0.3335,0.3556769881459841,0.6233925423501202,2.1094237467877974e-15,1.6918904249604129e-15,0.15791926197526904,0.2892635447703641,0.0541569598007041,0.0564362381012496
time_dependent,prepared,0.08,0.0005,0.334,0.3554614453472923,0.623124521501229,1.1657341758564144e-15,9.353942395397403e-16,0.1580969926979427,0.2891297132322886,0.054106257205006295,0.056408311894699595
time_dependent,prepared,0.08,0.0005,0.3345,0.35524617750037696,0.6228564600037542,1.9984014443252818e-15,1.6042231016703539e-15,0.15827461578669288,0.2889959080910379,0.054055591126938196,0.05638039894103094
time_dependent,prepared,0.08,0.0005,0.335,0.3550311837345296,0.6225883586208253,-3.885780586188048e-16,3.1206659523765715e-16,0.15845213137856015,0.28886212950359325,0.05400496159439358,0.056352499236205694
time_dependent,prepared,0.08,0.0005,0.3355,0.3548164631826855,0.6223202181120122,3.885780586188048e-16,3.122010560717987e-16,0.1586295396101515,0.28872837762612863,0.05395436863493915,0.056324612776176196
time_dependent,prepared,0.08,0.0005,0.336,0.3546020149814701,0.6220520392333551,-7.771561172376096e-16,6.24671304184946e-16,0.15880684061764225,0.2885946526140032,0.053903812275813395,0.056296739556885814
time_dependent,prepared,0.08,0.0005,0.3365,0.35438783827094666,0.6217838227373672,1.1102230246251565e-16,8.927725232038555e-17,0.15898403453677773,0.2884609546217696,0.05385329254393077,0.05626887957426867
time_dependent,prepared,0.08,0.0005,0.337,0.35417393219505,0.6215155693730366,-1.887379141862766e-15,1.5183683521932457e-15,0.15916112150287526,0.2883272838031809,0.05380280946588237,0.056241032824250164
time_dependent,prepared,0.08,0.0005,0.3375,0.353960295900957,0.6212472798858437,-7.771561172376096e-16,6.254804989894001e-16,0.15933810165082574,0.28819364031118844,0.05375236306793599,0.056213199302745945
time_dependent,prepared,0.08,0.0005,0.338,0.35374692853963197,0.6209789550178271,-1.27675647831893e-15,1.0280191204565687e-15,0.15951497511509555,0.2880600242979492,0.05370195337604154,0.05618537900566302
time_dependent,prepared,0.08,0.0005,0.3385,0.35353382926542565,0.6207105955075076,-5.440092820663267e-15,4.382149152952144e-15,0.15969174202972827,0.2879264359148284,0.05365158041582899,0.05615757192889959
time_dependent,prepared,0.08,0.0005,0.339,0.3533209972364481,0.6204422020899694,1.5543122344752192e-15,1.2525842288286417e-15,0.1598684025283465,0.28779287531240116,0.05360124421261255,0.056129778068344856
time_dependent,prepared,0.08,0.0005,0.3395,0.35310843161408517,0.620173775496856,4.440892098500626e-16,3.5803610810073164e-16,0.16004495674415353,0.28765934264045984,0.05355094479139018,0.05610199741987921
time_dependent,prepared,0.08,0.0005,0.34,0.3528961315632432,0.6199053164564113,3.1086244689504383e-15,2.5073381260225193e-15,0.16022140480993516,0.287525838048014,0.05350068217684788,0.05607422997937406
time_dependent,prepared,0.08,0.0005,0.3405,0.35268409625245994,0.6196368256934326,-7.771561172376096e-16,6.271061410592394e-16,0.16039774685806138,0.2873923616832937,0.05345045639335886,0.056046475742692344
time_dependent,prepared,0.08,0.0005,0.341,0.3524723248536593,0.6193683039293152,1.0547118733938987e-15,8.514415951726404e-16,0.1605739830204882,0.2872589136937565,0.05340026746498705,0.05601873470568848
time_dependent,prepared,0.08,0.0005,0.3415,0.35226081654210367,0.6190997518821013,-1.1102230246251565e-16,8.966430863927907e-17,0.16075011342875925,0.28712549422608563,0.05335011541548749,0.055991006864207764
time_dependent,prepared,0.08,0.0005,0.342,0.35204957049669733,0.6188311702664662,1.8318679906315083e-15,1.4801031999104948e-15,0.16092613821400759,0.2869921034262003,0.053300000268308126,0.05596329221408719
time_dependent,prepared,0.08,0.0005,0.3425,0.3518385858995525,0.6185625597937024,1.4432899320127035e-15,1.1666483116065537e-15,0.16110205750695736,0.2868587414392534,0.05324992204659285,0.05593559075115551
time_dependent,prepared,0.08,0.0005,0.343,0.3516278619363627,0.6182939211717883,8.881784197001252e-16,7.182493546247813e-16,0.16127787143792555,0.2867254084096353,0.053199880773180434,0.055907902471232736
time_dependent,prepared,0.08,0.0005,0.3435,0.35141739779608705,0.6180252551053613,-1.27675647831893e-15,1.0329322853491394e-15,0.1614535801368236,0.2865921044809808,0.05314987647060875,0.05588022737013037
time_dependent,prepared,0.08,0.0005,0.34400000000000003,0.3512071926711568,0.6177565622957609,-1.5543122344752192e-15,1.2580297234714513e-15,0.16162918373315918,0.2864588297961682,0.05309990916111546,0.0558525654436518
time_dependent,prepared,0.08,0.0005,0.34450000000000003,0.35099724575727087,0.6174878434410048,2.4424906541753444e-15,1.9777641617722767e-15,0.16180468235603782,0.2863255844973274,0.05304997886663811,0.055824916687592104
time_dependent,prepared,0.08,0.0005,0.34500000000000003,0.3507875562535261,0.6172190992358734,5.551115123125783e-17,4.4968756880645356e-17,0.16198007613416457,0.28619236872583487,0.05300008560881776,0.055797281097737836
time_dependent,prepared,0.08,0.0005,0.34550000000000003,0.35057812336235095,0.6169503303718396,1.8318679906315083e-15,1.484615454802843e-15,0.16215536519584575,0.2860591826223319,0.052950229409001015,0.05576965866986797
time_dependent,prepared,0.08,0.0005,0.34600000000000003,0.35036894628950793,0.6166815375371106,-7.771561172376096e-16,6.301113864551543e-16,0.1623305496689905,0.2859260263267065,0.05290041028823879,0.05574204939975277
time_dependent,prepared,0.08,0.0005,0.34650000000000003,0.35016002424395126,0.616412721416691,2.1649348980190553e-15,1.7560757774786168e-15,0.16250562968111246,0.2857928999781209,0.05285062826729029,0.05571445328315435
time_dependent,prepared,0.08,0.0005,0.34700000000000003,0.34995135643810416,0.6161438826923443,1.7763568394002505e-15,1.4415113817556363e-15,0.16268060535933151,0.28565980371499244,0.05280088336662278,0.05568687031582738
time_dependent,prepared,0.08,0.0005,0.34750000000000003,0.34974294208753565,0.6158750220425951,2.7755575615628914e-15,2.2533448039161765e-15,0.1628554768303753,0.28552673767501613,0.05275117560641546,0.05565930049351806
time_dependent,prepared,0.08,0.0005,0.34800000000000003,0.34953478041105446,0.6156061401428218,-3.9968028886505635e-15,3.2462337751563937e-15,0.16303024422058082,0.2853937019951509,0.052701505006559464,0.05563174381196495
time_dependent,prepared,0.08,0.0005,0.34850000000000003,0.34932687063078754,0.6153372376651568,2.7755575615628914e-16,2.2553141526868265e-16,0.1632049076558962,0.2852606968116333,0.05265187158665827,0.05560420026689817
time_dependent,prepared,0.08,0.0005,0.34900000000000003,0.3491192119720722,0.6150683152785744,-1.0547118733938987e-15,8.573940871236421e-16,0.16337946726188224,0.2851277222599796,0.05260227536603189,0.05557666985404073
time_dependent,prepared,0.08,0.0005,0.34950000000000003,0.3489118036634445,0.614799373648921,-7.216449660063518e-16,5.868946821816745e-16,0.16355392316371395,0.2849947784749864,0.05255271636371717,0.05554915256910739
time_dependent,prepared,0.08,0.0005,0.35000000000000003,0.34870464493662656,0.614530413438865,-7.216449660063518e-16,5.871515471204121e-16,0.16372827548618227,0.28486186559073634,0.052503194598468104,0.0555216484078053
time_dependent,prepared,0.08,0.0005,0.35050000000000003,0.3484977350266111,0.6142614353079519,2.3869795029440866e-15,1.94296708676445e-15,0.16390252435369557,0.2847289837405955,0.05245371008875864,0.055494157365833914
time_dependent,prepared,0.08,0.0005,0.35100000000000003,0.3482910731714757,0.6139924399126081,3.6637359812630166e-15,2.983535091885235e-15,0.1640766698902813,0.28459613305722437,0.05240426285278469,0.055466679438885134
time_dependent,prepared,0.08,0.0005,0.35150000000000003,0.34808465861248705,0.6137234279061662,-9.43689570931383e-16,7.688231604184965e-16,0.16425071221958754,0.28446331367257777,0.052354852908464714,0.05543921462264308
time_dependent,prepared,0.08,0.0005,0.352,0.34787849059404635,0.6134543999388403,-1.4432899320127035e-15,1.1763628495912633e-15,0.16442465146488455,0.2843305257179061,0.05230548027344045,0.05541176291278468
time_dependent,prepared,0.08,0.0005,0.3525,0.3476725683637589,0.6131853566577751,1.1657341758564144e-15,9.505561109697383e-16,0.16459848774906644,0.2841977693237573,0.05225614496508016,0.05538432430497896
time_dependent,prepared,0.08,0.0005,0.353,0.34746689117222435,0.6129162987070572,-8.881784197001252e-16,7.245511512532235e-16,0.16477222119465254,0.28406504461999005,0.052206847000478965,0.05535689879488769
time_dependent,prepared,0.08,0.0005,0.3535,0.34726145827322935,0.6126472267277118,3.0531133177191805e-15,2.491738462627625e-15,0.16494585192378916,0.2839323517357629,0.05215758639646056,0.055329486378165135
time_dependent,prepared,0.08,0.0005,0.354,0.3470562689236829,0.6123781413577291,3.9968028886505635e-15,3.2633454876337294e-15,0.165119380058251,0.28379969079954637,0.05210836316957895,0.05530208705045835
time_dependent,prepared,0.08,0.0005,0.3545,0.3468513223834953,0.612109043232079,1.887379141862766e-15,1.541701730052018e-15,0.16529280571944274,0.28366706193912117,0.05205917733611887,0.05527470080740729
time_dependent,prepared,0.08,0.0005,0.355,0.3466466179157157,0.6118399329826867,-5.051514762044462e-15,4.128134246990566e-15,0.1654661290284006,0.2835344652815879,0.05201002891209874,0.055247327644644253
time_dependent,prepared,0.08,0.0005,0.3555,0.34644215478635676,0.6115708112385002,4.163336342344337e-15,3.4038056312016387e-15,0.16563935010579378,0.2834019009533643,0.05196091791327169,0.0552199675577943
time_dependent,prepared,0.08,0.0005,0.356,0.3462379322645342,0.6113016786254886,-1.4432899320127035e-15,1.1805054545719076e-15,0.16581246907192604,0.28326936908018213,0.05191184435512558,0.05519262054247577
time_dependent,prepared,0.08,0.0005,0.3565,0.3460339496223569,0.6110325357666164,1.27675647831893e-15,1.0447532689213338e-15,0.1659854860467372,0.28313686978711045,0.05186280825288574,0.055165286594299465
time_dependent,prepared,0.08,0.0005,0.357,0.34583020613500237,0.6107633832819052,-1.1102230246251565e-16,9.088814547619336e-17,0.1661584011498047,0.2830044031985362,0.051813809621516854,0.05513796570886955
time_dependent,prepared,0.08,0.0005,0.3575,0.3456267010805878,0.6104942217884111,8.881784197001252e-16,7.27425738034221e-16,0.166331214500345,0.2828719694381827,0.05176484847572309,0.0551106578817826
time_dependent,prepared,0.08,0.0005,0.358,0.34542343374027595,0.6102250519002687,3.3306690738754696e-16,2.729049769018507e-16,0.16650392621721513,0.28273956862910377,0.051715924829949904,0.05508336310862867
time_dependent,prepared,0.08,0.0005,0.3585,0.3452204033980624,0.6099558742286915,-7.771561172376096e-16,6.3705929401889e-16,0.16667653641891417,0.28260720089368735,0.0516670386983857,0.05505608138499079
time_dependent,prepared,0.08,0.0005,0.359,0.3450176093411223,0.6096866893819403,1.5543122344752192e-15,1.2746811284750822e-15,0.16684904522358474,0.2824748663536686,0.05161819009496368,0.05502881270644499
time_dependent,prepared,0.08,0.0005,0.3595,0.34481505085934244,0.6094174979654348,9.992007221626409e-16,8.197998297542429e-16,0.1670214527490144,0.2823425651301144,0.05156937903336188,0.05500155706856042
time_dependent,prepared,0.08,0.0005,0.36,0.3446127272457702,0.6091483005816446,-3.4416913763379853e-15,2.825002854848072e-15,0.16719375911263729,0.28221029734344577,0.0515206055270053,0.05497431446689973
time_dependent,prepared,0.08,0.0005,0.3605,0.34441063779615516,0.6088790978302236,-1.6653345369377348e-16,1.3675412268808803e-16,0.16736596443153537,0.2820780631134292,0.051471869589068096,0.05494708489701832
time_dependent,prepared,0.08,0.0005,0.361,0.34420878180939,0.6086098903079165,2.7755575615628914e-15,2.2802435564747694e-15,0.16753806882244007,0.28194586255917903,0.051423171232474044,0.054919868354465495
time_dependent,prepared,0.08,0.0005,0.3615,0.34400715858703723,0.6083406786086482,-5.051514762044462e-15,4.151879809844325e-15,0.16771007240173358,0.2818136957991692,0.05137451046989617,0.05489266483478365
time_dependent,prepared,0.08,0.0005,0.362,0.3438057674337375,0.6080714633234702,3.3306690738754696e-16,2.738715163240347e-16,0.16788197528545046,0.2816815629512232,0.05132588731376223,0.05486547433350802
time_dependent,prepared,0.08,0.0005,0.3625,0.3436046076568014,0.6078022450406454,1.27675647831893e-15,1.050305826226052e-15,0.16805377758927886,0.2815494641325328,0.05127730177625269,0.05483829684616825
time_dependent,prepared,0.08,0.0005,0.363,0.34340367856658294,0.6075330243456002,-2.55351295663786e-15,2.101542512350142e-15,0.16822547942856214,0.2814173994596431,0.05122875386930292,0.054811132368286525
time_dependent,prepared,0.08,0.0005,0.3635,0.34320297947621947,0.6072638018209584,1.6653345369377348e-15,1.3711788286606358e-15,0.16839708091830025,0.28128536904847057,0.051180243604605366,0.05478398089537934
time_dependent,prepared,0.08,0.0005,0.364,0.3430025097016177,0.6069945780465661,-1.942890293094024e-15,1.6004181613505094e-15,0.16856858217315104,0.2811533730142976,0.051131770993609604,0.054756842422956004
time_dependent,prepared,0.08,0.0005,0.3645,0.34280226856158114,0.6067253535994759,9.992007221626409e-16,8.234374220846004e-16,0.16873998330743184,0.2810214114717785,0.051083336047524505,0.05472971694651998
time_dependent,prepared,0.08,0.0005,0.365,0.34260225537770844,0.606456129054002,3.3306690738754696e-16,2.746009904352775e-16,0.16891128443512068,0.2808894845349416,0.05103493877731948,0.05470260446156834
time_dependent,prepared,0.08,0.0005,0.3655,0.3424024694743884,0.6061869049816637,1.8318679906315083e-15,1.5109762150725749e-15,0.16908248566985787,0.2807575923171887,0.050986579193725,0.05467550496359133
time_dependent,prepared,0.08,0.0005,0.366,0.3422029101788464,0.6059176819512613,-7.216449660063518e-16,5.954975300294997e-16,0.16925358712494729,0.2806257349313001,0.050938257307235446,0.05464841844807373
time_dependent,prepared,0.08,0.0005,0.3665,0.3420035768208694,0.6056484605288663,4.107825191113079e-15,3.3912619768949936e-15,0.1694245889133577,0.28049391248944683,0.05088997312810857,0.0546213449104931
time_dependent,prepared,0.08,0.0005,0.367,0.34180446873334996,0.6053792412778283,1.5543122344752192e-15,1.2837508527665987e-15,0.16959549114772438,0.2803621251031758,0.050841726666368325,0.054594284346321624
time_dependent,prepared,0.08,0.0005,0.3675,0.341605585251668,0.6051100247587827,-5.551115123125783e-17,4.586864285828553e-17,0.1697662939403502,0.28023037288342206,0.05079351793180503,0.05456723675102502
time_dependent,prepared,0.08,0.0005,0.368,0.34140692571396325,0.6048408115296742,-9.992007221626409e-16,8.260030599089458e-16,0.16993699740320717,0.2800986559405145,0.05074534693397758,0.054540202120062754
time_dependent,prepared,0.08,0.0005,0.3685,0.3412084894612641,0.6045716021457715,-2.9976021664879227e-15,2.479112611185103e-15,0.1701076016479378,0.2799669743841716,0.05069721368221386,0.05451318044888873
time_dependent,prepared,0.08,0.0005,0.369,0.34101027583716553,0.6043023971596438,1.3877787807814457e-15,1.1482486146872113e-15,0.1702781067858564,0.2798353283235088,0.0506491181856123,0.054486171732950235
time_dependent,prepared,0.08,0.0005,0.3695,0.3408122841879862,0.6040331971212347,-1.3877787807814457e-15,1.1487603557184193e-15,0.17044851292795038,0.2797037178670427,0.05060106045304404,0.05445917596768907
time_dependent,prepared,0.08,0.0005,0.37,0.34061451386270925,0.6037640025778253,-7.771561172376096e-16,6.435926238724663e-16,0.17061882018488173,0.27957214312268586,0.050553040493151714,0.05443219314854051
time_dependent,prepared,0.08,0.0005,0.3705,0.34041696421313283,0.6034948140740328,1.2212453270876722e-15,1.0118109539694043e-15,0.17078902866698828,0.2794406041977568,0.050505058314354444,0.05440522327093458
time_dependent,prepared,0.08,0.0005,0.371,0.3402196345935811,0.6032256321518895,4.218847493575595e-15,3.4969066869105565e-15,0.17095913848428507,0.279309101198975,0.05045711392484524,0.05437826633029505
time_dependent,prepared,0.08,0.0005,0.3715,0.3400225243610855,0.6029564573507885,-2.220446049250313e-15,1.8412988385648088e-15,0.17112914974646562,0.2791776342324805,0.050409207332595296,0.0543513223220398
time_dependent,prepared,0.08,0.0005,0.372,0.3398256328753168,0.602687290207514,4.496403249731884e-15,3.730295397621286e-15,0.17129906256290328,0.2790462034038138,0.050361338545352526,0.05432439124158103
time_dependent,prepared,0.08,0.0005,0.3725,0.33962895949854854,0.6024181312562755,2.1094237467877974e-15,1.7507970272979888e-15,0.17146887704265257,0.27891480881793485,0.050313507570645455,0.05429747308432569
time_dependent,prepared,0.08,0.0005,0.373,0.3394325035957778,0.6021489810286846,2.4424906541753444e-15,2.0281448039675303e-15,0.17163859329445047,0.27878345057922055,0.05026571441578217,0.05427056784567412
time_dependent,prepared,0.08,0.0005,0.3735,0.3392362645344677,0.601879840053801,-5.88418203051333e-15,4.888170062306274e-15,0.1718082114267177,0.2786521287914596,0.05021795908785334,0.054243675521021564
time_dependent,prepared,0.08,0.0005,0.374,0.3390402416847941,0.601610708858095,1.3877787807814457e-15,1.1533860354776252e-15,0.1719777315475601,0.27852084355787465,0.050170241593731485,0.05421679610575766
time_dependent,prepared,0.08,0.0005,0.3745,0.3388444344194615,0.6013415879655158,1.7208456881689926e-15,1.4308387467354686e-15,0.17214715376476983,0.27838959498109955,0.05012256194007438,0.05418992959526625
time_dependent,prepared,0.08,0.0005,0.375,0.3386488421137941,0.6010724778974593,2.9976021664879227e-15,2.493544686136249e-15,0.17231647818582674,0.2782583831632086,0.050074920133324714,0.05416307598492558
time_dependent,prepared,0.08,0.0005,0.3755,0.338453464145586,0.6008033791728138,-3.3306690738754696e-16,2.7718461557765677e-16,0.17248570491789952,0.278127208205695,0.05002731617971136,0.05413623527010884
time_dependent,prepared,0.08,0.0005,0.376,0.3382582998953258,0.6005342923079335,9.43689570931383e-16,7.857083125966522e-16,0.17265483406784718,0.27799607020948935,0.04997975008525082,0.054109407446183116
time_dependent,prepared,0.08,0.0005,0.3765,0.3380633487459044,0.600265217816672,1.0547118733938987e-15,8.785382211801077e-16,0.17282386574222014,0.2778649692749532,0.04993222185574971,0.054082592508510406
time_dependent,prepared,0.08,0.0005,0.377,0.3378686100828623,0.5999961562103916,1.3322676295501878e-15,1.110230137110262e-15,0.17299280004726156,0.2777339055018885,0.04988473149680282,0.05405579045244745
time_dependent,prepared,0.08,0.0005,0.3775,0.3376740832941761,0.599727107997968,-3.0531133177191805e-15,2.5454188054890568e-15,0.17316163708890864,0.2776028789895379,0.049837279013797656,0.054029001273345346
time_dependent,prepared,0.08,0.0005,0.378,0.337479767770403,0.5994580736858078,-2.3869795029440866e-15,1.9909478308195844e-15,0.17333037697279383,0.27747188983657944,0.04978986441191333,0.05400222496654981
time_dependent,prepared,0.08,0.0005,0.3785,0.3372856629045474,0.5991890537778507,2.942091015256665e-15,2.455060716402404e-15,0.1734990198042461,0.2773409381411431,0.04974248769612264,0.05397546152740173
time_dependent,prepared,0.08,0.0005,0.379,0.3370917680921063,0.5989200487756096,7.216449660063518e-16,6.024551753457177e-16,0.17366756568829214,0.27721002400080097,0.04969514887119341,0.05394871095123632
time_dependent,prepared,0.08,0.0005,0.3795,0.3368980827310595,0.5986510591781092,-2.609024107869118e-15,2.1790858529934487e-15,0.17383601472965768,0.27707914751257773,0.04964784794168888,0.05392197323338377
time_dependent,prepared,0.08,0.0005,0.38,0.336704606221864,0.5983820854819955,-2.220446049250313e-16,1.8553747706716096e-16,0.17400436703276861,0.27694830877294885,0.049600584911968885,0.05389524836916909
time_dependent,prepared,0.08,0.0005,0.3805,0.33651133796742844,0.5981131281814612,-4.440892098500626e-16,3.7124181774800536e-16,0.17417262270175232,0.27681750787784054,0.04955335978619247,0.053868536353912026
time_dependent,prepared,0.08,0.0005,0.381,0.3363182773731239,0.5978441877683074,5.551115123125783e-17,4.6426102625899405e-17,0.17434078184043889,0.2766867449226432,0.04950617256831628,0.05384183718292729
time_dependent,prepared,0.08,0.0005,0.3815,0.33612542384667404,0.5975752647319231,1.6653345369377348e-16,1.393409864182394e-16,0.17450884455236224,0.27655602000219914,0.049459023262099014,0.05381515085152477
time_dependent,prepared,0.08,0.0005,0.382,0.33593277679838485,0.5973063595593249,-1.5543122344752192e-15,1.3011013608008018e-15,0.17467681094076143,0.27642533321081986,0.04941191187109937,0.05378847735500905
time_dependent,prepared,0.08,0.0005,0.3825,0.3357403356408322,0.5970374727351344,-1.8318679906315083e-15,1.5341315028681528e-15,0.17484468110858184,0.2762946846422749,0.04936483839867998,0.053761816688679694
time_dependent,prepared,0.08,0.0005,0.383,0.3355480997890654,0.5967686047416122,2.3314683517128287e-15,1.9534106965314462e-15,0.17501245515847638,0.2761640743897957,0.0493178028480055,0.05373516884783154
time_dependent,prepared,0.08,0.0005,0.3835,0.33535606866047685,0.5964997560586752,-9.43689570931383e-16,7.910225958571533e-16,0.17518013319280662,0.2760335025460985,0.049270805222046736,0.053708533827754264
time_dependent,prepared,0.08,0.0005,0.384,0.33516424167489556,0.5962309271638715,1.4988010832439613e-15,1.256896459877886e-15,0.17534771531364407,0.27590296920335317,0.049223845523580015,0.053681911623732884
time_dependent,prepared,0.08,0.0005,0.3845,0.3349726182544823,0.5959621185324293,-1.9984014443252818e-15,1.6766178438038944e-15,0.17551520162277132,0.2757724744532136,0.04917692375518771,0.05365530223104744
time_dependent,prepared,0.08,0.0005,0.385,0.33478119782377874,0.5956933306372556,1.7763568394002505e-15,1.4909994354813007e-15,0.1756825922216832,0.27564201838680763,0.04913003991926151,0.05362870564497325
time_dependent,prepared,0.08,0.0005,0.3855,0.3345899798097326,0.5954245639489059,2.220446049250313e-15,1.8645905658679277e-15,0.17584988721158806,0.2755116010947372,0.04908319401800143,0.05360212186078065
time_dependent,prepared,0.08,0.0005,0.386,0.33439896364149624,0.5951558189356693,-5.551115123125783e-17,4.663581323167578e-17,0.17601708669340882,0.2753812226670904,0.049036386053417924,0.053575550873735465
time_dependent,prepared,0.08,0.0005,0.3865,0.33420814875070026,0.5948870960635103,8.326672684688674e-16,6.998531939747867e-16,0.17618419076778416,0.27525088319343544,0.04898961602733242,0.053548992679098704
time_dependent,prepared,0.08,0.0005,0.387,0.33401753457113625,0.5946183957961307,1.3877787807814457e-15,1.166949080782605e-15,0.17635119953506972,0.2751205827628222,0.04894288394137945,0.05352244727212665
time_dependent,prepared,0.08,0.0005,0.3875,0.33382712053915925,0.5943497185949356,-1.4432899320127035e-15,1.214175667000142e-15,0.1765181130953393,0.27499032146379354,0.04889618979700556,0.05349591464807126
time_dependent,prepared,0.08,0.0005,0.388,0.33363690609314994,0.5940810649190668,-1.4988010832439613e-15,1.2614449203562387e-15,0.17668493154838588,0.27486009938438133,0.04884953359547266,0.053469394802179375
time_dependent,prepared,0.08,0.0005,0.3885,0.3334468906739569,0.5938124352254209,-2.220446049250313e-15,1.8696527030521007e-15,0.17685165499372285,0.2747299166121051,0.04880291533785863,0.05344288772969369
time_dependent,prepared,0.08,0.0005,0.389,0.333257073724622,0.593543829968639,1.6653345369377348e-16,1.4028741036914877e-16,0.17701828353058516,0.2745997732339828,0.0487563350250565,0.05341639342585221
time_dependent,prepared,0.08,0.0005,0.3895,0.33306745469051807,0.5932752496011165,-1.7208456881689926e-15,1.4502928356829234e-15,0.17718481725793042,0.27446966933652867,0.04870979265777773,0.053389911885888305
time_dependent,prepared,0.08,0.0005,0.39,0.332878033019246,0.593006694573034,2.609024107869118e-15,2.1998268584030192e-15,0.17735125627444004,0.2743396050057506,0.04866328823655225,0.053363443105031036
time_dependent,prepared,0.08,0.0005,0.3905,0.3326888081607128,0.5927381653323578,-2.6645352591003757e-15,2.247649480784095e-15,0.1775176006785204,0.2742095803271652,0.04861682176172957,0.05333698707850513
time_dependent,prepared,0.08,0.0005,0.391,0.3324997795669287,0.5924696623248411,-9.992007221626409e-16,8.432505372864111e-16,0.17768385056830388,0.27407959538578636,0.04857039323347994,0.053310543801530594
time_dependent,prepared,0.08,0.0005,0.3915,0.33231094669230316,0.5922011859940258,-2.220446049250313e-15,1.8747396170131255e-15,0.17785000604165002,0.2739496502661371,0.04852400265179473,0.05328411326932346
time_dependent,prepared,0.08,0.0005,0.392,0.3321223089934064,0.5919327367812748,-1.27675647831893e-15,1.0784641556247514e-15,0.17801606719614674,0.2738197450522412,0.04847765001648867,0.05325769547709494
time_dependent,prepared,0.08,0.0005,0.3925,0.3319338659289766,0.5916643151257726,7.771561172376096e-16,6.567542585971284e-16,0.17818203412911124,0.2736898798276441,0.04843133532719983,0.05323129042005241
time_dependent,prepared,0.08,0.0005,0.393,0.3317456169600021,0.5913959214645391,4.996003610813204e-16,4.223907732100219e-16,0.17834790693759123,0.273560054675392,0.04838505858339082,0.05320489809339874
time_dependent,prepared,0.08,0.0005,0.3935,0.33155756154970945,0.5911275562324101,2.7755575615628914e-16,2.3476807436055657e-16,0.1785136857183661,0.2734302696780502,0.04833881978435066,0.05317851849233252
time_dependent,prepared,0.08,0.0005,0.394,0.3313696991633788,0.5908592198621079,-1.3322676295501878e-15,1.1273985280800968e-15,0.17867937056794778,0.2733005249176994,0.04829261892919425,0.0531521516120484
time_dependent,prepared,0.08,0.0005,0.3945,0.33118202926861706,0.5905909127841714,-2.7755575615628914e-16,2.3498139756996276e-16,0.1788449615825821,0.2731708204759432,0.04824645601686455,0.053125797447736336
time_dependent,prepared,0.08,0.0005,0.395,0.33099455133511857,0.5903226354270268,-2.0539125955565396e-15,1.7396525834307426e-15,0.17901045885824965,0.27304115643389526,0.04820033104613242,0.05309945599458266
time_dependent,prepared,0.08,0.0005,0.3955,0.3308072648346641,0.5900543882170038,-3.4416913763379853e-15,2.916418761614435e-15,0.17917586249066697,0.27291153287220477,0.04815424401559997,0.05307312724776947
time_dependent,prepared,0.08,0.0005,0.396,0.33062016924135873,0.5897861715782607,4.996003610813204e-16,4.2354363764107556e-16,0.17934117257528764,0.2727819498710363,0.048108194923698375,0.053046811202474405
time_dependent,prepared,0.08,0.0005,0.3965,0.33043326403131823,0.5895179859328892,7.216449660063518e-16,6.120635699217695e-16,0.1795063892073033,0.27265240751008624,0.048062183768690585,0.05302050785387153
time_dependent,prepared,0.08,0.0005,0.397,0.3302465486828048,0.5892498317008869,2.55351295663786e-15,2.1667489910578886e-15,0.1796715124816447,0.27252290586857747,0.048016210548673645,0.05299421719713063
time_dependent,prepared,0.08,0.0005,0.3975,0.3300600226762626,0.5889817093001432,1.27675647831893e-15,1.0838676805736747e-15,0.17983654249298284,0.2723934450252655,0.04797027526157614,0.052967939227417875
time_dependent,prepared,0.08,0.0005,0.398,0.3298736854941387,0.5887136191464933,-7.216449660063518e-16,6.128998400381669e-16,0.1800014793357299,0.27226402505843744,0.04792437790516187,0.052941673939894796
time_dependent,prepared,0.08,0.0005,0.3985,0.32968753662112216,0.5884455616536798,-1.9984014443252818e-15,1.6980342571615932e-15,0.18016632310404046,0.27213464604592263,0.04787851847703012,0.05291542132971961
time_dependent,prepared,0.08,0.0005,0.399,0.3295015755438528,0.5881775372334018,7.216449660063518e-16,6.134584545686133e-16,0.18033107389181238,0.2720053080650766,0.04783269697461672,0.05288918139204651
time_dependent,prepared,0.08,0.0005,0.3995,0.32931580175114444,0.5879095462953111,-2.1094237467877974e-15,1.794003652500841e-15,0.18049573179268796,0.27187601119280685,0.04778691339519475,0.05286295412202543
time_dependent,prepared,0.08,0.0005,0.4,0.32913021473384496,0.5876415892469969,-7.771561172376096e-16,6.612500982388403e-16,0.1806602969000549,0.27174675550555005,0.04774116773587492,0.05283673951480305
time_dependent,prepared,0.08,0.0005,0.4005,0.32894481398493725,0.587373666494039,5.828670879282072e-15,4.961637890640094e-15,0.18082476930704736,0.2716175410792956,0.04769545999360798,0.05281053756552184
time_dependent,prepared,0.08,0.0005,0.401,0.3287595989993309,0.5871057784399907,-4.218847493575595e-15,3.5929194095019686e-15,0.180989149106547,0.27148836798957393,0.047649790165184086,0.05278434826932057
time_dependent,prepared,0.08,0.0005,0.4015,0.32857456927412454,0.586837925486367,2.1649348980190553e-15,1.8445765040021646e-15,0.18115343639118406,0.27135923631146763,0.047604158247234886,0.05275817162133444
time_dependent,prepared,0.08,0.0005,0.402,0.3283897243083783,0.5865701080327088,-5.551115123125783e-16,4.731842832686795e-16,0.18131763125333825,0.271230146119606,0.047558564236234245,0.05273200761669489
time_dependent,prepared,0.08,0.0005,0.4025,0.32820506360321217,0.5863023264765294,-1.2212453270876722e-15,1.0414808810557925e-15,0.18148173378513985,0.2711010974881694,0.04751300812849819,0.05270585625052938
time_dependent,prepared,0.08,0.0005,0.403,0.3280205866617173,0.5860345812133783,7.771561172376096e-16,6.630633602103443e-16,0.1816457440784707,0.2709720904908935,0.04746748992018664,0.05267971751796214
time_dependent,prepared,0.08,0.0005,0.4035,0.32783629298903694,0.5857668726368235,2.220446049250313e-16,1.8953325571784198e-16,0.18180966222496522,0.2708431252010698,0.04742200960730484,0.052653591414113486
time_dependent,prepared,0.08,0.0005,0.404,0.3276521820923691,0.5854992011384258,-1.1102230246251565e-15,9.480995212858325e-16,0.1819734883160114,0.27071420169154686,0.047376567185702996,0.05262747793410007
time_dependent,prepared,0.08,0.0005,0.4045,0.3274682534807801,0.5852315671078365,4.718447854656915e-15,4.0312656731548635e-15,0.1821372224427518,0.2705853200347322,0.04733116265107793,0.05260137707303536
time_dependent,prepared,0.08,0.0005,0.405,0.32728450666548325,0.5849639709327061,5.551115123125783e-17,4.74483506588851e-17,0.18230086469608453,0.2704564803025994,0.04728579599897393,0.052575288826028826
time_dependent,prepared,0.08,0.0005,0.4055,0.32710094115957256,0.5846964129987743,6.661338147750939e-16,5.696407571226968e-16,0.1824644151666643,0.27032768256667894,0.04724046722478376,0.05254921318818712
time_dependent,prepared,0.08,0.0005,0.406,0.3269175564780971,0.5844288936898102,2.275957200481571e-15,1.9471634830648418e-15,0.18262787394490337,0.2701989268980746,0.04719517632374935,0.05252315015461237
time_dependent,prepared,0.08,0.0005,0.40650000000000003,0.32673435213805746,0.5841614133876918,-1.6653345369377348e-16,1.4254061452639107e-16,0.1827912411209724,0.27007021336744885,0.04714992329096225,0.05249709972040397
time_dependent,prepared,0.08,0.0005,0.40700000000000003,0.32655132765850303,0.5838939724723485,-3.2751579226442118e-15,2.804582747083695e-15,0.18295451678480165,0.26994154204504306,0.0471047081213649,0.052471061880658004
time_dependent,prepared,0.08,0.0005,0.40750000000000003,0.3263684825604335,0.5836265713218048,-1.5543122344752192e-15,1.3315982435095401e-15,0.18311770102608188,0.26981291300066296,0.04705953080975241,0.052445036630466756
time_dependent,prepared,0.08,0.0005,0.40800000000000003,0.32618581636663413,0.5833592103121809,1.5543122344752192e-15,1.3322085320667494e-15,0.1832807939342652,0.2696843263036881,0.047014391350771845,0.052419023964919466
time_dependent,prepared,0.08,0.0005,0.40850000000000003,0.32600332860194803,0.5830918898177073,2.942091015256665e-15,2.522836508818916e-15,0.18344379559856616,0.26955578202308206,0.046969289738923545,0.052393023879101455
time_dependent,prepared,0.08,0.0005,0.40900000000000003,0.32582101879306985,0.5828246102107303,-3.3306690738754696e-16,2.8573510928709834e-16,0.1836067061079627,0.2694272802273714,0.046924225968563035,0.05236703636809531
time_dependent,prepared,0.08,0.0005,0.40950000000000003,0.32563888646869427,0.5825573718616959,5.551115123125783e-17,4.7644364239919575e-17,0.18376952555119705,0.26929882098467495,0.046879200033900205,0.052341061426980424
time_dependent,prepared,0.08,0.0005,0.41000000000000003,0.32545693115933844,0.5822901751392189,-1.1102230246251565e-16,9.533245381992879e-17,0.1839322540167767,0.26917040436268563,0.04683421192900229,0.05231509905083242
time_dependent,prepared,0.08,0.0005,0.41050000000000003,0.32527515239742066,0.5820230204099982,8.326672684688674e-16,7.153215931925732e-16,0.18409489159297543,0.26904203042867897,0.046789261647791944,0.05228914923472393
time_dependent,prepared,0.08,0.0005,0.41100000000000003,0.3250935497172373,0.5817559080389244,8.326672684688674e-16,7.156500320518914e-16,0.18425743836783404,0.2689136992495197,0.046744349184050966,0.05226321197372445
time_dependent,prepared,0.08,0.0005,0.41150000000000003,0.32491212265508707,0.5814888383890175,-9.43689570931383e-16,8.114425493925414e-16,0.18441989442916157,0.2687854108916511,0.046699474531418726,0.052237287262900264
time_dependent,prepared,0.08,0.0005,0.41200000000000003,0.32473087074896556,0.5812218118214831,2.3869795029440866e-15,2.0534152834556906e-15,0.18458225986453605,0.268657165421116,0.046654637683394805,0.052211375097314446
time_dependent,prepared,0.08,0.0005,0.41250000000000003,0.3245497935388348,0.5809548286956608,-3.3306690738754696e-16,2.866547371121237e-16,0.18474453476130548,0.26852896290353656,0.04660983863333896,0.05218547547202701
time_dependent,prepared,0.08,0.0005,0.41300000000000003,0.32436889056648116,0.5806878893690955,-5.551115123125783e-15,4.779775181084775e-15,0.18490671920658872,0.2684008034041365,0.04656507737447142,0.05215958838209487
time_dependent,prepared,0.08,0.0005,0.41350000000000003,0.3241881613755758,0.5804209941975044,1.1102230246251565e-16,9.563946133273154e-17,0.1850688132872765,0.2682726869877251,0.04652035389987559,0.05213371382257187
time_dependent,prepared,0.08,0.0005,0.41400000000000003,0.3240076055115762,0.5801541435348165,-6.661338147750939e-16,5.741007128867622e-16,0.1852308170900323,0.26814461371871373,0.046475668202496094,0.05210785178850868
time_dependent,prepared,0.08,0.0005,0.41450000000000004,0.32382722252172874,0.5798873377331452,1.0547118733938987e-15,9.094110224210992e-16,0.18539273070129317,0.26801658366110803,0.046431020275142544,0.05208200227495316
time_dependent,prepared,0.08,0.0005,0.41500000000000004,0.3236470119552741,0.5796205771428201,-1.4988010832439613e-15,1.292915695498725e-15,0.1855545542072708,0.2678885968785132,0.046386410110488614,0.0520561652769501
time_dependent,prepared,0.08,0.0005,0.41550000000000004,0.32346697336309305,0.5793538621123792,-1.4988010832439613e-15,1.2935109103952396e-15,0.18571628769395235,0.2677606534341398,0.04634183770107233,0.05203034078954124
time_dependent,prepared,0.08,0.0005,0.41600000000000004,0.3232871062979755,0.5790871929886034,8.881784197001252e-16,7.668779679933312e-16,0.18587793124710134,0.2676327533907934,0.046297303039298306,0.052004528807765724
time_dependent,prepared,0.08,0.0005,0.4165,0.32310741031445095,0.5788205701164929,9.992007221626409e-16,8.631351179878953e-16,0.18603948495225855,0.2675048968108917,0.046252806117438816,0.05197872932665927
time_dependent,prepared,0.08,0.0005,0.417,0.3229278849689272,0.5785539938392926,-2.7755575615628914e-16,2.398702274220122e-16,0.186200948894743,0.26737708375645797,0.046208346927632434,0.051952942341255005
time_dependent,prepared,0.08,0.0005,0.4175,0.3227485298194614,0.5782874644984934,-5.162537064506978e-15,4.463642549284803e-15,0.18636232315965273,0.26724931428911886,0.04616392546188664,0.0519271678465832
time_dependent,prepared,0.08,0.0005,0.418,0.3225693444259627,0.5780209824338532,-1.942890293094024e-15,1.6806399353472994e-15,0.18652360783186572,0.2671215884701137,0.046119541712078174,0.0519014058376713
time_dependent,prepared,0.08,0.0005,0.4185,0.32239032835017195,0.5777545479833722,1.3322676295501878e-15,1.1529702658338303e-15,0.18668480299604082,0.26699390636029713,0.046075195669953814,0.05187565630954372
time_dependent,prepared,0.08,0.0005,0.419,0.32221148115546033,0.5774881614833478,8.881784197001252e-16,7.690014089801698e-16,0.18684590873661855,0.26686626802013313,0.04603088732713089,0.05184991925722249
time_dependent,prepared,0.08,0.0005,0.4195,0.3220328024071211,0.5772218232683324,-7.771561172376096e-16,6.731867073538682e-16,0.1870069251378221,0.2667386735097041,0.045986616675097916,0.05182419467572653
time_dependent,prepared,0.08,0.0005,0.42,0.3218542916719963,0.5769555336711886,-9.992007221626409e-16,8.659252436705929e-16,0.1871678522836581,0.26661112288870364,0.04594238370521679,0.051798482560072176
time_dependent,prepared,0.08,0.0005,0.4205,0.321675948518852,0.5766892930230462,-8.326672684688674e-16,7.219375134433024e-16,0.1873286902579175,0.2664836162164515,0.0458981884087218,0.05177278290527296
time_dependent,prepared,0.08,0.0005,0.421,0.3214977725180103,0.5764231016533644,3.4416913763379853e-15,2.9853863997349447e-15,0.1874894391441765,0.26635615355188286,0.045854030776720185,0.051747095706340056
time_dependent,prepared,0.08,0.0005,0.4215,0.3213197632416588,0.576156959889897,-2.220446049250313e-15,1.926945436599987e-15,0.18765009902579735,0.26622873495355953,0.045809910800195724,0.05172142095828149
time_dependent,prepared,0.08,0.0005,0.422,0.32114192026363275,0.57589086805869,-2.220446049250313e-16,1.9278357866095074e-16,0.18781066998592916,0.26610136047966093,0.04576582847000603,0.051695758656102826
time_dependent,prepared,0.08,0.0005,0.4225,0.3209642431594952,0.5756248264841682,1.4988010832439613e-15,1.3018905841834653e-15,0.1879711521075089,0.2659740301879997,0.04572178377688542,0.051670108794807254
time_dependent,prepared,0.08,0.0005,0.423,0.32078673150654197,0.5753588354890483,-9.992007221626409e-16,8.683283027307062e-16,0.18813154547326216,0.2658467441360078,0.045677776711444934,0.05164447136939514
time_dependent,prepared,0.08,0.0005,0.4235,0.32060938488368074,0.5750928953943903,-2.831068712794149e-15,2.4614012235820185e-15,0.18829185016570402,0.2657195023807524,0.045633807264173626,0.05161884637486427
time_dependent,prepared,0.08,0.0005,0.424,0.3204322028715989,0.5748270065196032,5.10702591327572e-15,4.442228579513978e-15,0.1884520662671398,0.2655923049789288,0.04558987542543767,0.05159323380621025
time_dependent,prepared,0.08,0.0005,0.4245,0.32025518505259704,0.5745611691824601,9.992007221626409e-16,8.695338075007724e-16,0.1886121938596661,0.26546515198686316,0.045545981185483884,0.05156763365842556
time_dependent,prepared,0.08,0.0005,0.425,0.32007833101068756,0.5742953836990755,8.881784197001252e-16,7.732766490123141e-16,0.18877223302517143,0.26533804346051965,0.045502124534438436,0.05154204592650074
time_dependent,prepared,0.08,0.0005,0.4255,0.31990164033150204,0.5740296503839328,1.942890293094024e-15,1.6923257289885129e-15,0.1889321838453372,0.26521097945549493,0.045458305462307294,0.051516470605423505
time_dependent,prepared,0.08,0.0005,0.426,0.3197251126023883,0.573763969549921,-1.7763568394002505e-15,1.5479856994102337e-15,0.18909204640163838,0.26508396002701856,0.0454145239589786,0.05149090769017945
time_dependent,prepared,0.08,0.0005,0.4265,0.3195487474122957,0.5734983415082555,5.551115123125783e-16,4.839695881706287e-16,0.18925182077534453,0.26495698522997235,0.045370780014222345,0.051465357175751444
time_dependent,prepared,0.08,0.0005,0.427,0.31937254435188556,0.5732327665685918,-1.9984014443252818e-15,1.7430977090579146e-15,0.18941150704752047,0.26483005511886315,0.04532707361769057,0.05143981905712008
time_dependent,prepared,0.08,0.0005,0.4275,0.3191965030133951,0.5729672450389581,1.8318679906315083e-15,1.5985800292187293e-15,0.18957110529902715,0.2647031697478511,0.0452834047589199,0.05141429332926357
time_dependent,prepared,0.08,0.0005,0.428,0.3190206229907226,0.5727017772257891,0.0,0.0,0.1897306156105225,0.26457632917073437,0.04523977342733029,0.05138877998715801
time_dependent,prepared,0.08,0.0005,0.4285,0.31884490387931785,0.5724363634339258,-2.4424906541753444e-15,2.1334167517969684e-15,0.18989003806246219,0.264449533440955,0.045196179612227126,0.05136327902577666
time_dependent,prepared,0.08,0.0005,0.429,0.3186693452763925,0.5721710039666218,1.4988010832439613e-15,1.3097492470375111e-15,0.1900493727351004,0.2643227826116112,0.045152623302800406,0.051337790440091076
time_dependent,prepared,0.08,0.0005,0.4295,0.3184939467806094,0.5719056991255826,-2.886579864025407e-15,2.52365020005821e-15,0.1902086197084907,0.26419607673543943,0.04510910448812789,0.05131231422506995
time_dependent,prepared,0.08,0.0005,0.43,0.3183187079923522,0.5716404492109046,-4.440892098500626e-16,3.8843403267131095e-16,0.1903677790624869,0.2640694158648293,0.04506562315717338,0.051286850375680045
time_dependent,prepared,0.08,0.0005,0.4305,0.31814362851349826,0.5713752545211548,-3.219646771412954e-15,2.8174538063528942e-15,0.19052685087674365,0.2639428000518249,0.045022179298788226,0.05126139888688607
time_dependent,prepared,0.08,0.0005,0.431,0.3179687079476094,0.5711101153533212,3.885780586188048e-16,3.401953915475724e-16,0.19068583523071744,0.26381622934812293,0.04497877290171299,0.05123595975364997
time_dependent,prepared,0.08,0.0005,0.4315,0.3177939458998118,0.5708450320028526,-1.6653345369377348e-16,1.4586572918877686e-16,0.19084473220366735,0.2636897038050706,0.04493540395457659,0.05121053297093205
time_dependent,prepared,0.08,0.0005,0.432,0.31761934197669656,0.5705800047636598,-1.942890293094024e-15,1.7025572898394791e-15,0.1910035418746557,0.2635632234736784,0.04489207244589796,0.051185118533690066
time_dependent,prepared,0.08,0.0005,0.4325,0.31744489578657986,0.5703150339281234,7.216449660063518e-16,6.326722276948603e-16,0.19116226432254899,0.2634367884046068,0.044848778364086635,0.051159716436879894
time_dependent,prepared,0.08,0.0005,0.433,0.31727060693928777,0.5700501197870705,1.7763568394002505e-15,1.5580707535538858e-15,0.19132089962601864,0.2633103986481829,0.04480552169744299,0.051134326675455116
time_dependent,prepared,0.08,0.0005,0.4335,0.3170964750461159,0.5697852626298381,7.771561172376096e-16,6.819728134513807e-16,0.1914794478635417,0.2631840542543918,0.04476230243415938,0.051108949244367236
time_dependent,prepared,0.08,0.0005,0.434,0.3169224997200076,0.5695204627442333,-2.275957200481571e-15,1.9981347022325418e-15,0.1916379091134017,0.26305775527287867,0.044719120562320476,0.05108358413856583
time_dependent,prepared,0.08,0.0005,0.4345,0.3167486805754052,0.5692557204165495,-1.2212453270876722e-15,1.0726684715561877e-15,0.1917962834536894,0.26293150175295726,0.04467597606990475,0.0510582313529981
time_dependent,prepared,0.08,0.0005,0.435,0.31657501722828213,0.5689910359315917,2.0539125955565396e-15,1.8048725426699625e-15,0.19195457096230353,0.2628052937436058,0.044632868944783355,0.051032890882609316
time_dependent,prepared,0.08,0.0005,0.4355,0.3164015092962048,0.5687264095726421,-2.220446049250313e-16,1.952121452315554e-16,0.19211277171695162,0.2626791312934684,0.04458979917472344,0.051007562722343254
time_dependent,prepared,0.08,0.0005,0.436,0.31622815639817364,0.5684618416215435,-1.2212453270876722e-15,1.0741664942751992e-15,0.1922708857951507,0.2625530144508569,0.04454676674738529,0.0509822468671409
time_dependent,prepared,0.08,0.0005,0.4365,0.31605495815473644,0.5681973323586224,7.216449660063518e-16,6.350302306161473e-16,0.19242891327422806,0.26242694326375454,0.04450377165032719,0.05095694331194171
time_dependent,prepared,0.08,0.0005,0.437,0.31588191418793665,0.5679328820627252,1.609823385706477e-15,1.417265522520563e-15,0.19258685423132202,0.26230091777981773,0.04446081387100213,0.05093165205168311
time_dependent,prepared,0.08,0.0005,0.4375,0.315709024121354,0.5676684910112482,-5.551115123125783e-17,4.889398664031002e-17,0.1927447087433827,0.26217493804637265,0.04441789339676142,0.0509063730813006
time_dependent,prepared,0.08,0.0005,0.438,0.3155362875801157,0.5674041594801094,2.609024107869118e-15,2.299087929016647e-15,0.19290247688717277,0.26204900411042326,0.04437501021485358,0.050881106395727745
time_dependent,prepared,0.08,0.0005,0.4385,0.31536370419064097,0.5671398877437991,7.771561172376096e-16,6.85153816573631e-16,0.1930601587392681,0.26192311601864554,0.04433216431242505,0.050855851989896235
time_dependent,prepared,0.08,0.0005,0.439,0.31519127358105836,0.5668756760753213,-1.609823385706477e-15,1.419908679846567e-15,0.19321775437605862,0.26179727381739826,0.0442893556765224,0.050830609858735776
time_dependent,prepared,0.08,0.0005,0.4395,0.31501899538083783,0.5666115247462522,1.942890293094024e-15,1.7144817994693211e-15,0.19337526387374904,0.26167147755271547,0.04424658429409126,0.05080537999717458
time_dependent,prepared,0.08,0.0005,0.44,0.31484686922091665,0.5663474340267588,-1.8318679906315083e-15,1.6172651985079528e-15,0.19353268730835949,0.26154572727031317,0.044203850151977704,0.05078016240013867
time_dependent,prepared,0.08,0.0005,0.4405,0.31467489473384275,0.5660834041855204,2.220446049250313e-15,1.961235776241384e-15,0.19369002475572641,0.2614200230155874,0.04416115323692846,0.050754957062552446
time_dependent,prepared,0.08,0.0005,0.441,0.314503071553447,0.5658194354898357,-2.0539125955565396e-15,1.81498943543575e-15,0.19384727629150314,0.26129436483362,0.04411849353559212,0.05072976397933834
time_dependent,prepared,0.08,0.0005,0.4415,0.31433139931506315,0.5655555282055786,3.1086244689504383e-15,2.748292885416239e-15,0.19400444199116068,0.2611687527691746,0.04407587103451955,0.05070458314541729
time_dependent,prepared,0.08,0.0005,0.442,0.3141598776554764,0.5652916825971993,6.661338147750939e-16,5.891947779194106e-16,0.19416152192998842,0.2610431868667018,0.044033285720164426,0.05067941455570803
time_dependent,prepared,0.08,0.0005,0.4425,0.313988506212968,0.5650278989277555,2.609024107869118e-15,2.308756888660025e-15,0.1943185161830949,0.2609176671703464,0.04399073757888375,0.05065425820512815
time_dependent,prepared,0.08,0.0005,0.443,0.31381728462722086,0.5647641774589062,-2.1649348980190553e-15,1.9166715811898197e-15,0.1944754248254085,0.2607921937239287,0.04394822659693878,0.05062911408859331
time_dependent,prepared,0.08,0.0005,0.4435,0.3136462125392692,0.5645005184508983,2.3869795029440866e-15,2.1142403106151503e-15,0.19463224793167813,0.26066676657097426,0.04390575276049498,0.05060398220101733
time_dependent,prepared,0.08,0.0005,0.444,0.31347528959164983,0.5642369221626112,9.43689570931383e-16,8.362529407987005e-16,0.19478898557647395,0.2605413857546886,0.043863316055623644,0.05057886253731246
time_dependent,prepared,0.08,0.0005,0.4445,0.3133045154283149,0.5639733888515365,-1.4432899320127035e-15,1.2795727250108296e-15,0.1949456378341881,0.26041605131797624,0.043820916468301704,0.05055375509238928
time_dependent,prepared,0.08,0.0005,0.445,0.313133889694588,0.5637099187737828,3.608224830031759e-15,3.200426948208206e-15,0.1951022047790354,0.26029076330343676,0.04377855398441254,0.0505286598611569
time_dependent,prepared,0.08,0.0005,0.4455,0.31296341203715966,0.5634465121841183,-2.831068712794149e-15,2.512278141380209e-15,0.19525868648505398,0.26016552175336366,0.04373622858974687,0.05050357683852242
time_dependent,prepared,0.08,0.0005,0.446,0.3127930821042532,0.5631831693359151,2.4424906541753444e-15,2.1684691474848535e-15,0.1954150830261061,0.2600403267097486,0.043693940270002785,0.05047850601939196
time_dependent,prepared,0.08,0.0005,0.4465,0.3126228995453611,0.5629198904812124,2.3869795029440866e-15,2.120176905548293e-15,0.1955713944758788,0.25991517821428084,0.04365168901078749,0.050453447398669735
time_dependent,prepared,0.08,0.0005,0.447,0.31245286401137484,0.5626566758706887,2.220446049250313e-16,1.9731802220370543e-16,0.19572762090788448,0.2597900763083496,0.04360947479761562,0.05042840097125814
time_dependent,prepared,0.08,0.0005,0.4475,0.31228297515456777,0.5623935257536687,9.43689570931383e-16,8.389939852763554e-16,0.19588376239546176,0.2596650210330514,0.0435672976159128,0.05040336673205845
time_dependent,prepared,0.08,0.0005,0.448,0.31211323262863183,0.5621304403781658,-1.2212453270876722e-15,1.0862650724501743e-15,0.19603981901177608,0.259540012429176,0.04352515745101351,0.05037834467597038
time_dependent,prepared,0.08,0.0005,0.4485,0.3119436360885927,0.5618674199908227,0.0,0.0,0.1961957908298204,0.259415050537225,0.04348305428816405,0.05035333479789195
time_dependent,prepared,0.08,0.0005,0.449,0.3117741851908459,0.5616044648369957,-3.802513859341161e-15,3.385402091171804e-15,0.1963516779224158,0.25929013539740053,0.04344098811252098,0.050328337092720006
time_dependent,prepared,0.08,0.0005,0.4495,0.31160487959312577,0.5613415751606877,-1.2490009027033011e-15,1.1125141606924158e-15,0.19650748036221238,0.259165267049618,0.04339895890915297,0.05030335155534942
time_dependent,prepared,0.08,0.0005,0.45,0.31143571895450173,0.5610787512046113,-1.2212453270876722e-15,1.088301173824275e-15,0.19666319822168962,0.259040445533492,0.04335696666304122,0.050278378180674196
time_dependent,prepared,0.08,0.0005,0.4505,0.31126670293547354,0.5608159932101415,3.83026943495679e-15,3.4149074574639934e-15,0.19681883157315735,0.2589156708883552,0.043315011359079565,0.05025341696358683
time_dependent,prepared,0.08,0.0005,0.451,0.31109783119776374,0.5605533014173872,1.0547118733938987e-15,9.407775056600377e-16,0.19697438048875623,0.25879094315324547,0.04327309298207603,0.05022846789897807
time_dependent,prepared,0.08,0.0005,0.4515,0.31092910340445484,0.5602906760651268,-2.1094237467877974e-15,1.8824369536203087e-15,0.19712984504045847,0.2586662623669136,0.043231211516752265,0.0502035309817376
time_dependent,prepared,0.08,0.0005,0.452,0.31076051922005377,0.5600281173908481,2.3037127760972e-15,2.056783136916513e-15,0.1972852253000685,0.2585416285678293,0.043189366947744355,0.05017860620675358
time_dependent,prepared,0.08,0.0005,0.4525,0.31059207831025004,0.5597656256307867,3.2751579226442118e-15,2.9254725305376727e-15,0.19744052133922363,0.2584170417941677,0.043147559259603854,0.050153693568912854
time_dependent,prepared,0.08,0.0005,0.453,0.31042378034210905,0.5595032010198536,-1.1379786002407855e-15,1.0169545037155259e-15,0.1975957332293947,0.25829250208382976,0.04310578843679835,0.050128793063101
time_dependent,prepared,0.08,0.0005,0.4535,0.3102556249840703,0.5592408437917132,8.881784197001252e-16,7.940929472158892e-16,0.19775086104188672,0.2581680094744274,0.04306405446371145,0.0501039046842022
time_dependent,prepared,0.08,0.0005,0.454,0.3100876119057515,0.5589785541787445,-1.582067810090848e-15,1.4151417780376531e-15,0.1979059048478396,0.2580435640032904,0.04302235732464362,0.05007902842709951
time_dependent,prepared,0.08,0.0005,0.4545,0.3099197407781524,0.5587163324120822,-3.3306690738754696e-16,2.980644094916962e-16,0.19806086471822867,0.2579191657074738,0.04298069700381319,0.05005416428667459
time_dependent,prepared,0.08,0.0005,0.455,0.3097520112735017,0.5584541787215932,1.1657341758564144e-15,1.0437151518187206e-15,0.1982157407238654,0.25779481462375,0.042939073485355764,0.050029312257807726
time_dependent,prepared,0.08,0.0005,0.4555,0.3095844230654251,0.5581920933358735,8.881784197001252e-16,7.955849162894652e-16,0.19837053293539814,0.2576705107886143,0.042897486753326136,0.0500044723353782
time_dependent,prepared,0.08,0.0005,0.456,0.30941697582872485,0.5579300764822998,4.440892098500626e-16,3.9797927067313343e-16,0.1985252414233125,0.2575462542382874,0.0428559367916977,0.049979644514264066
time_dependent,prepared,0.08,0.0005,0.4565,0.30924966923948854,0.5576681283869902,1.3877787807814457e-15,1.2442694051706715e-15,0.19867986625793224,0.2574220450087135,0.04281442358436377,0.04995482878934184
time_dependent,prepared,0.08,0.0005,0.457,0.3090825029751851,0.5574062492748385,3.1363800445660672e-15,2.8133700049527194e-15,0.19883440750941983,0.2572978831355642,0.04277294711513784,0.04993002515548735
time_dependent,prepared,0.08,0.0005,0.4575,0.3089154767143951,0.5571444393694971,1.3877787807814457e-15,1.2454389586585031e-15,0.19898886524777704,0.25717376865423625,0.042731507367753975,0.04990523360757491
time_dependent,prepared,0.08,0.0005,0.458,0.30874859013701583,0.556882698893403,-8.049116928532385e-16,7.22694109955922e-16,0.19914323954284555,0.2570497015998588,0.04269010432586645,0.04988045414047788
time_dependent,prepared,0.08,0.0005,0.4585,0.30858184292425495,0.5566210280677631,3.885780586188048e-16,3.490508254491413e-16,0.19929753046430768,0.25692568200728677,0.042648737973053796,0.049855686749068095
time_dependent,prepared,0.08,0.0005,0.459,0.3084152347584853,0.5563594271125716,1.1102230246251565e-15,9.977569989126087e-16,0.19945173808168692,0.25680170991110857,0.04260740829281413,0.04983093142821689
time_dependent,prepared,0.08,0.0005,0.4595,0.30824876532337225,0.5560978962466203,1.1657341758564144e-15,1.0481375525105648e-15,0.1996058624643486,0.2566777853456479,0.04256611526857017,0.04980618817279395
time_dependent,prepared,0.08,0.0005,0.46,0.30808243430384674,0.5558364356875057,-5.384581669432009e-15,4.8436746169508736e-15,0.19975990368150054,0.2565539083449551,0.04252485888366683,0.049781456977668274
time_dependent,prepared,0.08,0.0005,0.4605,0.3079162413860001,0.5555750456515911,4.0245584642661925e-15,3.6219755510671684e-15,0.19991386180219353,0.2564300789428232,0.04248363912137345,0.04975673783770756
time_dependent,prepared,0.08,0.0005,0.461,0.3077501862571605,0.5553137263541086,-4.996003610813204e-16,4.498361352972743e-16,0.20006773689532212,0.2563062971727755,0.0424424559648835,0.04973203074777866
time_dependent,prepared,0.08,0.0005,0.4615,0.3075842686059438,0.5550524780090293,2.3592239273284576e-15,2.125226010872862e-15,0.2002215290296251,0.25618256306807313,0.04240130939731543,0.049707335702747026
time_dependent,prepared,0.08,0.0005,0.462,0.30741848812210915,0.5547913008291838,1.1934897514720433e-15,1.0756204627652486e-15,0.20037523827368614,0.25605887666171967,0.042360199401712866,0.04968265269747751
time_dependent,prepared,0.08,0.0005,0.4625,0.30725284449668966,0.5545301950262331,2.192690473634684e-15,1.9770704041922825e-15,0.20052886469593448,0.2559352379864536,0.042319125961045735,0.04965798172683364
time_dependent,prepared,0.08,0.0005,0.463,0.3070873374218478,0.5542691608106466,-2.248201624865942e-15,2.028077497201755e-15,0.2006824083646454,0.25581164707476056,0.04227808905820981,0.04963332278567815
time_dependent,prepared,0.08,0.0005,0.4635,0.3069219665910482,0.5540081983917285,2.7755575615628914e-17,2.504978779754761e-17,0.20083586934794093,0.25568810395885966,0.04223708867602798,0.049608675868872784
time_dependent,prepared,0.08,0.0005,0.464,0.3067567316988898,0.5537473079776143,-2.7755575615628914e-17,2.506158965990942e-17,0.20098924771379037,0.25556460867072023,0.04219612479725038,0.04958404097127847
time_dependent,prepared,0.08,0.0005,0.4645,0.30659163244112525,0.5534864897753227,9.992007221626409e-16,9.02642377565753e-16,0.20114254353001093,0.25544116124205346,0.042155197404555214,0.049559418087754825
time_dependent,prepared,0.08,0.0005,0.465,0.3064266685147816,0.5532257439906719,2.858824288409778e-15,2.583777345381431e-15,0.20129575686426832,0.2553177617043155,0.042114306480549354,0.04953480721316077
time_dependent,prepared,0.08,0.0005,0.4655,0.306261839618028,0.5529650708283709,4.440892098500626e-16,4.0155267780729204e-16,0.20144888778407732,0.25519441008870936,0.04207345200776784,0.04951020834235459
time_dependent,prepared,0.08,0.0005,0.466,0.30609714545020983,0.5527044704919529,-9.159339953157541e-16,8.285928956757826e-16,0.20160193635680243,0.2550711064261901,0.042032633968675515,0.04948562147019334
time_dependent,prepared,0.08,0.0005,0.4665,0.30593258571178006,0.5524439431838449,-2.248201624865942e-15,2.034778055406953e-15,0.2017549026496583,0.2549478507474528,0.041991852345666984,0.0494610465915331
time_dependent,prepared,0.08,0.0005,0.467,0.30576816010447866,0.5521834891053203,2.7478019859472624e-15,2.4881240024030813e-15,0.20190778672971055,0.2548246430829528,0.041951107121067206,0.04943648370122946
time_dependent,prepared,0.08,0.0005,0.4675,0.30560386833112474,0.5519231084565521,-3.0531133177191805e-16,2.7658864712669714e-16,0.2020605886638761,0.2547014834628899,0.04191039827713171,0.04941193279413695
time_dependent,prepared,0.08,0.0005,0.468,0.30543971009572213,0.5516628014365723,1.0824674490095276e-15,9.810951963687764e-16,0.20221330851892397,0.25457837191722044,0.04186972579604771,0.049387393865109326
time_dependent,prepared,0.08,0.0005,0.4685,0.3052756851033492,0.5514025682433067,1.3600232051658168e-15,1.2332398174156709e-15,0.20236594636147565,0.2544553084756489,0.041829089659934274,0.049362866908999464
time_dependent,prepared,0.08,0.0005,0.46900000000000003,0.30511179306040004,0.551142409073558,-3.164135620181696e-15,2.870524539656143e-15,0.20251850225800586,0.25433229316764366,0.04178848985084211,0.04933835192065973
time_dependent,prepared,0.08,0.0005,0.46950000000000003,0.30494803367425805,0.5508823241230405,3.0531133177191805e-15,2.7711120724189854e-15,0.20267097627484298,0.2542093260224194,0.0417479263507548,0.04931384889494133
time_dependent,prepared,0.08,0.0005,0.47000000000000003,0.30478440665344086,0.5506223135863411,0.0,0.0,0.2028233684781697,0.2540864070689528,0.04170739914158984,0.049289357826694906
time_dependent,prepared,0.08,0.0005,0.47050000000000003,0.30462091170774974,0.5503623776569845,1.4432899320127035e-15,1.3112178362891636e-15,0.20297567893402357,0.2539635363359778,0.041666908205197584,0.049264878710770434
time_dependent,prepared,0.08,0.0005,0.47100000000000003,0.3044575485479706,0.5501025165273848,-1.7208456881689926e-15,1.5641136301576336e-15,0.20312790770829756,0.2538407138519883,0.041626453523362736,0.04924041154201693
time_dependent,prepared,0.08,0.0005,0.47150000000000003,0.3042943168859716,0.54984273038886,-1.1102230246251565e-16,1.0095823435184677e-16,0.20328005486674053,0.2537179396452363,0.04158603507780448,0.049215956315282944
time_dependent,prepared,0.08,0.0005,0.47200000000000003,0.30413121643490953,0.5495830194316684,1.7486012637846216e-15,1.5908436050233794e-15,0.20343212047495798,0.25359521374373817,0.04154565285017789,0.0491915130254162
time_dependent,prepared,0.08,0.0005,0.47250000000000003,0.3039682469089474,0.5493233838449695,3.3306690738754696e-15,3.0316104974109785e-15,0.20358410459841245,0.2534725361752698,0.04150530682207259,0.04916708166726365
time_dependent,prepared,0.08,0.0005,0.47300000000000003,0.3038054080233629,0.5490638238168692,-1.582067810090848e-15,1.4406957274046538e-15,0.20373600730242414,0.25334990696737303,0.04146499697501367,0.04914266223567176
time_dependent,prepared,0.08,0.0005,0.47350000000000003,0.30364269949448547,0.5488043395343998,1.1102230246251565e-16,1.0114925708924412e-16,0.2038878286521714,0.25322732614735183,0.04142472329046463,0.04911825472548619
time_dependent,prepared,0.08,0.0005,0.47400000000000003,0.30348012103989214,0.5485449311835113,3.2751579226442118e-15,2.9853141798046473e-15,0.20403956871269133,0.2531047937422822,0.041384485749824056,0.049093859131552
time_dependent,prepared,0.08,0.0005,0.47450000000000003,0.30331767237809476,0.5482855989491465,-2.1094237467877974e-15,1.9236541601956703e-15,0.20419122754888036,0.2529823097789948,0.04134428433442794,0.04906947544871381
time_dependent,prepared,0.08,0.0005,0.47500000000000003,0.3031553532287656,0.5480263430151425,-2.55351295663786e-15,2.3297355949979484e-15,0.20434280522549475,0.2528598742841031,0.041304119025551866,0.04904510367181531
time_dependent,prepared,0.08,0.0005,0.47550000000000003,0.302993163312654,0.5477671635642972,1.970645868709653e-15,1.7987988325977247e-15,0.20449430180715109,0.2527374872839766,0.041263989804407264,0.049020743795699734
time_dependent,prepared,0.08,0.0005,0.47600000000000003,0.30283110235162325,0.5475080607783998,1.942890293094024e-15,1.7743029119350193e-15,0.2046457173583269,0.25261514880476366,0.041223896652145625,0.048996395815209745
time_dependent,prepared,0.08,0.0005,0.47650000000000003,0.30266917006853766,0.5472490348381547,-3.608224830031759e-16,3.296693644328554e-16,0.20479705194336117,0.25249285887237977,0.041183839549857104,0.04897205972518758
time_dependent,prepared,0.08,0.0005,0.47700000000000004,0.302507366187346,0.5469900859232705,-1.2490009027033011e-15,1.1417034191717572e-15,0.20494830562645486,0.2523706175125121,0.04114381847857158,0.048947735520474656
time_dependent,prepared,0.08,0.0005,0.47750000000000004,0.3023456904331496,0.5467312142123878,2.886579864025407e-15,2.639852809742864e-15,0.20509947847167143,0.25224842475062226,0.04110383341925918,0.048923423195912
time_dependent,prepared,0.08,0.0005,0.47800000000000004,0.30218414253204706,0.5464724198831461,8.326672684688674e-17,7.618566264029566e-17,0.20525057054293744,0.25212628061194603,0.04106388435282942,0.04889912274634008
time_dependent,prepared,0.08,0.0005,0.47850000000000004,0.3020227222111664,0.5462137031121662,5.551115123125783e-17,5.081449889939732e-17,0.20540158190404303,0.25200418512149525,0.04102397126013398,0.04887483416659887
time_dependent,prepared,0.08,0.0005,0.47900000000000004,0.30186142919865033,0.5459550640750616,-6.2450045135165055e-15,5.719339305054908e-15,0.20555251261864235,0.25188213830405665,0.040984094121964305,0.048850557451527894
time_dependent,prepared,0.08,0.0005,0.47950000000000004,0.30170026322387605,0.5456965029463854,2.220446049250313e-16,2.0345063943615478e-16,0.2057033627502543,0.25176014018419623,0.04094425291905516,0.048826292595966096
time_dependent,prepared,0.08,0.0005,0.48,0.30153922401700695,0.5454380198997332,-6.938893903907228e-16,6.360845458832147e-16,0.2058541323622628,0.2516381907862542,0.04090444763208257,0.04880203959475191
time_dependent,prepared,0.08,0.0005,0.4805,0.3013783113094714,0.5451796151076859,1.4432899320127035e-15,1.3236829588058035e-15,0.20600482151791755,0.25151629013435645,0.04086467824166498,0.04877779844272344
time_dependent,prepared,0.08,0.0005,0.481,0.3012175248335946,0.5449212887418116,-3.0531133177191805e-16,2.801425986465518e-16,0.20615543028033434,0.2513944382524007,0.0408249447283643,0.048753569134718226
time_dependent,prepared,0.08,0.0005,0.4815,0.30105686432283724,0.5446630409726858,-5.551115123125783e-16,5.095916838062238e-16,0.20630595871249577,0.25127263516407644,0.04078524707268518,0.048729351665573704
time_dependent,prepared,0.08,0.0005,0.482,0.30089632951151785,0.5444048719699254,-8.326672684688674e-17,7.647500154213047e-17,0.20645640687725153,0.25115088089284754,0.04074558525507662,0.04870514603012641
time_dependent,prepared,0.08,0.0005,0.4825,0.3007359201351321,0.5441467819021292,-1.7486012637846216e-15,1.6067367500292685e-15,0.2066067748373191,0.2510291754619631,0.0407059592559322,0.0486809522232128
time_dependent,prepared,0.08,0.0005,0.483,0.30057563593014774,0.5438887709369167,-5.273559366969494e-16,4.848012726834871e-16,0.20675706265528418,0.2509075188944596,0.04066636905558906,0.048656770239668815
time_dependent,prepared,0.08,0.0005,0.4835,0.3004154766340518,0.5436308392409464,-2.248201624865942e-15,2.067764981844146e-15,0.2069072703936012,0.25078591121315774,0.040626814634329926,0.04863260007433005
time_dependent,prepared,0.08,0.0005,0.484,0.3002554419852423,0.5433729869799101,-1.1934897514720433e-15,1.0982233015534234e-15,0.20705739811459384,0.25066435244065954,0.04058729597238313,0.04860844172203191
time_dependent,prepared,0.08,0.0005,0.4845,0.30009553172328435,0.5431152143184942,1.3877787807814457e-16,1.2776099289750543e-16,0.20720744588045548,0.2505428425993612,0.04054781304992288,0.048584295177608976
time_dependent,prepared,0.08,0.0005,0.485,0.29993574558861047,0.5428575214204677,-1.6930901125533637e-15,1.5594240161977891e-15,0.2073574137532498,0.25042138171144557,0.040508365847069475,0.04856016043589606
time_dependent,prepared,0.08,0.0005,0.4855,0.2997760833227179,0.5425999084486175,1.1102230246251565e-15,1.0230586177202517e-15,0.20750730179491114,0.25029996979888375,0.04046895434388955,0.04853603749172736
time_dependent,prepared,0.08,0.0005,0.486,0.2996165446681072,0.5423423755647746,-4.135580766728708e-15,3.812702965006274e-15,0.2076571100672452,0.2501786068834338,0.040429578520397705,0.04851192633993676
time_dependent,prepared,0.08,0.0005,0.4865,0.2994571293681598,0.5420849229298181,-4.996003610813204e-16,4.608137396453675e-16,0.20780683863192928,0.2500572929866537,0.04039023835655494,0.04848782697535811
time_dependent,prepared,0.08,0.0005,0.487,0.29929783716734726,0.5418275507037081,-9.992007221626409e-16,9.2206525938457e-16,0.20795648755051296,0.2499360281298859,0.04035093383227113,0.048463739392824445
time_dependent,prepared,0.08,0.0005,0.4875,0.2991386678110481,0.5415702590454198,7.771561172376096e-16,7.175025809277605e-16,0.2081060568844185,0.2498148123342696,0.040311664927403665,0.048439663587168856
time_dependent,prepared,0.08,0.0005,0.488,0.29897962104568454,0.5413130481130106,2.248201624865942e-15,2.0766187261724544e-15,0.20825554669494134,0.24969364562073543,0.0402724316217587,0.04841559955322444
time_dependent,prepared,0.08,0.0005,0.4885,0.2988206966185491,0.5410559180636231,-9.159339953157541e-16,8.464319164955975e-16,0.20840495704325063,0.2495725280100119,0.04023323389509178,0.048391547285823566
time_dependent,prepared,0.08,0.0005,0.489,0.2986618942780513,0.540798869053447,-6.38378239159465e-16,5.902178015616141e-16,0.20855428799038966,0.24945145952262415,0.04019407172710798,0.04836750677979862
time_dependent,prepared,0.08,0.0005,0.4895,0.29850321377336303,0.5405419012377478,-3.219646771412954e-15,2.978165766650585e-15,0.20870353959727633,0.24933044017889217,0.040154945097461,0.04834347802998178
time_dependent,prepared,0.08,0.0005,0.49,0.2983446548548437,0.5402850147708689,-1.0547118733938987e-15,9.760698932592048e-16,0.20885271192470375,0.2492094699989345,0.04011585398575631,0.04831946103120491
time_dependent,prepared,0.08,0.0005,0.4905,0.298186217273585,0.5400282098062477,2.831068712794149e-15,2.6212229855639187e-15,0.20900180503334054,0.24908854900266836,0.040076798371549274,0.04829545577829966
time_dependent,prepared,0.08,0.0005,0.491,0.29802790078179586,0.5397714864964088,2.914335439641036e-15,2.6996011391391063e-15,0.20915081898373145,0.24896767720981094,0.04003777823434555,0.04827146226609785
time_dependent,prepared,0.08,0.0005,0.4915,0.2978697051324749,0.5395148449929659,6.38378239159465e-16,5.916224966597422e-16,0.20929975383629768,0.24884685463988113,0.039998793553603425,0.04824748048943054
time_dependent,prepared,0.08,0.0005,0.492,0.2977116300797279,0.5392582854465995,1.6653345369377348e-16,1.5440973109560555e-16,0.20944860965133755,0.24872608131219748,0.03995984430873232,0.048223510443129225
time_dependent,prepared,0.08,0.0005,0.4925,0.29755367537846816,0.5390018080071417,-6.661338147750939e-16,6.179328203350555e-16,0.2095973864890268,0.2486053572458828,0.039920930479092995,0.04819955212202476
time_dependent,prepared,0.08,0.0005,0.493,0.2973958407846164,0.5387454128234804,8.326672684688674e-16,7.727836271542323e-16,0.2097460844094191,0.2484846824598632,0.03988205204399989,0.04817560552094817
time_dependent,prepared,0.08,0.0005,0.4935,0.29723812605494826,0.5384891000436525,-1.609823385706477e-15,1.4947594905597713e-15,0.20989470347244657,0.24836405697286848,0.03984320898271958,0.04815167063473018
time_dependent,prepared,0.08,0.0005,0.494,0.2970805309472611,0.5382328698147589,2.220446049250313e-16,2.062718735493164e-16,0.2100432437379202,0.2482434808034353,0.039804401274472066,0.04812774745820179
time_dependent,prepared,0.08,0.0005,0.4945,0.29692305522019025,0.5379767222830597,-1.4155343563970746e-15,1.3156092984747067e-15,0.21019170526553027,0.24812295396990255,0.03976562889843114,0.04810383598619328
time_dependent,prepared,0.08,0.0005,0.495,0.2967656986333313,0.5377206575939024,4.440892098500626e-16,4.129367205615593e-16,0.21034008811484695,0.24800247649042337,0.039726891833723556,0.04807993621353542
time_dependent,prepared,0.08,0.0005,0.4955,0.2966084609471955,0.5374646758917684,2.858824288409778e-15,2.659546214517607e-15,0.21048839234532055,0.24788204838295014,0.03968819005943169,0.048056048135058496
time_dependent,prepared,0.08,0.0005,0.496,0.29645134192316835,0.5372087773202899,-8.326672684688674e-17,7.749941024999503e-17,0.21063661801628214,0.24776166966525234,0.03964952355459161,0.04803217174559301
time_dependent,prepared,0.08,0.0005,0.4965,0.29629434132355653,0.5369529620221948,2.7755575615628914e-16,2.5845444181087915e-16,0.21078476518694392,0.2476413403549025,0.03961089229819476,0.0480083070399692
time_dependent,prepared,0.08,0.0005,0.497,0.29613745891155097,0.5366972301393477,1.8318679906315083e-15,1.706612115508664e-15,0.2109328339163997,0.2475210604692896,0.03957229626918808,0.047984454013017354
time_dependent,prepared,0.08,0.0005,0.4975,0.2959806944513433,0.5364415818127809,-1.0824674490095276e-15,1.0089332051325878e-15,0.21108082426362537,0.24740083002560867,0.03953373544647395,0.047960612659568115
time_dependent,prepared,0.08,0.0005,0.498,0.29582404770786824,0.53618601718264,-1.4710455076283324e-15,1.371767875781116e-15,0.21122873628747932,0.24728064904087205,0.03949520980891103,0.04793678297445127
time_dependent,prepared,0.08,0.0005,0.4985,0.29566751844705597,0.5359305363882405,4.440892098500626e-16,4.1431601644019207e-16,0.21137657004670285,0.24716051753189966,0.039456719335314215,0.0479129649524974
time_dependent,prepared,0.08,0.0005,0.499,0.29551110643561834,0.53567513956803,1.1102230246251565e-16,1.0362838804881288e-16,0.21152432559992065,0.24704043551533472,0.03941826400445568,0.047889158588536734
time_dependent,prepared,0.08,0.0005,0.4995,0.2953548114412867,0.5354198268596063,-1.5265566588595902e-15,1.4255697886771332e-15,0.2116720030056413,0.24692040300762588,0.039379843795064026,0.04786536387739941
time_dependent,prepared,0.08,0.0005,0.5,0.29519863323257456,0.5351645983997474,1.8318679906315083e-15,1.711499598543297e-15,0.21181960232225758,0.2468004200250413,0.039341458685826024,0.04784158081391574
time_dependent,prepared,0.08,0.0005,0.5005000000000001,0.29504257157888025,0.534909454324383,7.494005416219807e-16,7.0049289236111e-16,0.211967123608047,0.24668048658366898,0.03930310865538552,0.047817809392916355
time_dependent,prepared,0.08,0.0005,0.501,0.29488662625050455,0.534654394768601,-3.4139358007223564e-15,3.1926566340111375e-15,0.21211456692117225,0.24656060269940952,0.039264793682345124,0.04779404960923142
time_dependent,prepared,0.08,0.0005,0.5015000000000001,0.29473079701861066,0.5343994198666586,1.7763568394002505e-15,1.6620123201513557e-15,0.21226193231968155,0.24644076838798665,0.03922651374526585,0.047770301457691566
time_dependent,prepared,0.08,0.0005,0.502,0.2945750836552207,0.5341445297519941,3.3029134982598407e-15,3.0917788297798247e-15,0.21240921986150915,0.24632098366493596,0.03918826882266786,0.04774656493312728
time_dependent,prepared,0.08,0.0005,0.5025000000000001,0.2944194859332102,0.5338897245572268,-2.1094237467877974e-15,1.9755238298856746e-15,0.21255642960447577,0.2462012485456256,0.03915005889302953,0.047722840030369335
time_dependent,prepared,0.08,0.0005,0.503,0.29426400362623134,0.5336350044141229,4.135580766728708e-15,3.8749151878343705e-15,0.2127035616062889,0.24608156304523152,0.03911188393478975,0.04769912674424834
time_dependent,prepared,0.08,0.0005,0.5035000000000001,0.2941086365089706,0.5333803694536876,-3.608224830031759e-15,3.382412473979384e-15,0.21285061592454338,0.24596192717875948,0.039073743926346625,0.04767542506959529
time_dependent,prepared,0.08,0.0005,0.504,0.29395338435680163,0.533125819806063,-3.3306690738754696e-16,3.123717657388156e-16,0.21299759261672177,0.24584234096103508,0.03903563884605905,0.04765173500124092
time_dependent,prepared,0.08,0.0005,0.5045000000000001,0.29379824694599116,0.532871355600603,7.494005416219807e-16,7.031721012450798e-16,0.21314449174019476,0.24572280440670688,0.038997568672246054,0.04762805653401642
time_dependent,prepared,0.08,0.0005,0.505,0.2936432240536795,0.5326169769658704,-1.5543122344752192e-15,1.4591275735610098e-15,0.2132913133522216,0.24560331753025136,0.03895953338318723,0.047604389662753085
time_dependent,prepared,0.08,0.0005,0.5055000000000001,0.2934883154578465,0.5323626840295941,2.0816681711721685e-15,1.9551221691718385e-15,0.2134380575099505,0.24548388034596516,0.038921532957123924,0.04758073438228234
time_dependent,prepared,0.08,0.0005,0.506,0.2933335209372534,0.5321084769187381,2.220446049250313e-15,2.086459947141011e-15,0.21358472427041914,0.24536449286797374,0.03888356737225896,0.04755709068743589
time_dependent,prepared,0.08,0.0005,0.5065000000000001,0.29317884027156127,0.5318543557594543,-4.440892098500626e-16,4.1749137244155084e-16,0.21373131369055492,0.2452451551102301,0.03884563660675659,0.0475334585730452
time_dependent,prepared,0.08,0.0005,0.507,0.29302427324114916,0.53160032067709,1.582067810090848e-15,1.4880237544587953e-15,0.2138778258271755,0.24512586708651252,0.0388077406387435,0.04750983803394223
time_dependent,prepared,0.08,0.0005,0.5075000000000001,0.2928698196273213,0.5313463717962486,2.7755575615628914e-17,2.6118156713670135e-17,0.21402426073698916,0.24500662881042748,0.03876987944630884,0.04748622906495911
time_dependent,prepared,0.08,0.0005,0.508,0.2927154792122237,0.5310925092406891,1.3600232051658168e-15,1.2804014192463953e-15,0.21417061847659527,0.2448874402954126,0.03873205300750396,0.04746263166092832
time_dependent,prepared,0.08,0.0005,0.5085000000000001,0.2925612517786661,0.5308387331334548,1.27675647831893e-15,1.2025841358470985e-15,0.2143168991024846,0.2447683015547365,0.0386942613003448,0.047439045816682096
time_dependent,prepared,0.08,0.0005,0.509,0.292407137110459,0.5305850435967553,-1.3877787807814457e-16,1.3077816624587688e-16,0.21446310267103985,0.24464921260149355,0.0386565043028089,0.04741547152705357
time_dependent,prepared,0.08,0.0005,0.5095000000000001,0.2922531349921188,0.5303314407520706,2.9698465908722937e-15,2.799991064701636e-15,0.2146092292385359,0.2445301734486133,0.038618781992839024,0.04739190878687552
time_dependent,prepared,0.08,0.0005,0.51,0.29209924520892033,0.5300779247200841,2.0816681711721685e-15,1.963549201064562e-15,0.21475527886114035,0.24441118410885793,0.03858109434834096,0.04736835759098111
time_dependent,prepared,0.08,0.0005,0.5105000000000001,0.29194546754707135,0.5298244956207224,1.942890293094024e-16,1.8335225241122596e-16,0.21490125159491388,0.24429224459482005,0.038543441347185466,0.047344817934203906
time_dependent,prepared,0.08,0.0005,0.511,0.2917918017934851,0.529571153573147,3.7192471324942744e-15,3.511565072417167e-15,0.21504714749581064,0.24417335491893102,0.03850582296720762,0.04732128981137779
time_dependent,prepared,0.08,0.0005,0.5115000000000001,0.2916382477359109,0.5293178986957666,-8.326672684688674e-17,7.865474325736485e-17,0.2151929666196786,0.24405451509345216,0.03846823918620795,0.04729777321733663
time_dependent,prepared,0.08,0.0005,0.512,0.2914848051628427,0.5290647311062288,-1.0824674490095276e-15,1.0230009537265719e-15,0.21533870902226002,0.24393572513047934,0.038430689981951593,0.04727426814691472
time_dependent,prepared,0.08,0.0005,0.5125,0.2913314738636788,0.5288116509214216,-3.3306690738754696e-16,3.1492016751824455e-16,0.21548437475919185,0.24381698504195007,0.03839317533217003,0.04725077459494701
time_dependent,prepared,0.08,0.0005,0.513,0.29117825362845984,0.528558658257483,-6.38378239159465e-16,6.038858972285387e-16,0.21562996388600608,0.24369829483963668,0.038355695214560136,0.047227292556268084
time_dependent,prepared,0.08,0.0005,0.5135,0.29102514424807957,0.5283057532298335,1.3877787807814457e-16,1.313423876512005e-16,0.2157754764581301,0.24357965453514524,0.03831824960678483,0.04720382202571332
time_dependent,prepared,0.08,0.0005,0.514,0.2908721455142137,0.5280529359531165,-3.858025010572419e-15,3.6530665278934935e-15,0.21592091253088722,0.24346106413992522,0.03828083848647413,0.04718036299811829
time_dependent,prepared,0.08,0.0005,0.5145,0.2907192572192989,0.5278002065412507,1.4710455076283324e-15,1.3935628381696733e-15,0.21606627215949686,0.24334252366526476,0.038243461831224575,0.04715691546831885
time_dependent,prepared,0.08,0.0005,0.515,0.2905664791565544,0.5275475651074176,-3.219646771412954e-15,3.0515227292892437e-15,0.21621155539907513,0.24322403312229002,0.03820611961859932,0.04713347943115137
time_dependent,prepared,0.08,0.0005,0.5155,0.29041381111995607,0.5272950117640739,-4.163336342344337e-16,3.9478245094864737e-16,0.2163567623046351,0.24310559252196806,0.038168811826129544,0.047110054881452264
time_dependent,prepared,0.08,0.0005,0.516,0.2902612529042724,0.5270425466229279,3.885780586188048e-16,3.686401231823249e-16,0.21650189293108724,0.2429872018751092,0.03813153843131404,0.04708664181405873
time_dependent,prepared,0.08,0.0005,0.5165,0.29010880430500297,0.5267901697949811,-1.4432899320127035e-15,1.3698907219305291e-15,0.21664694733323975,0.24286886119236403,0.03809429941161924,0.04706324022380807
time_dependent,prepared,0.08,0.0005,0.517,0.28995646511840445,0.5265378813904973,-1.3600232051658168e-15,1.2914770743315066e-15,0.21679192556579896,0.24275057048422652,0.03805709474447977,0.04703985010553787
time_dependent,prepared,0.08,0.0005,0.5175,0.28980423514153064,0.5262856815190387,1.0824674490095276e-15,1.0284029064643741e-15,0.21693682768336972,0.24263232976103824,0.03801992440729979,0.04701647145408625
time_dependent,prepared,0.08,0.0005,0.518,0.28965211417210346,0.5260335702894346,8.326672684688674e-17,7.914582980043615e-17,0.21708165374045577,0.2425141390329796,0.03798278837745059,0.046993104264291805
time_dependent,prepared,0.08,0.0005,0.5185,0.289500102008748,0.5257815478098036,3.219646771412954e-15,3.0617723128785235e-15,0.21722640379146013,0.24239599831007844,0.03794568663227444,0.046969748530993546
time_dependent,prepared,0.08,0.0005,0.519,0.2893481984506599,0.5255296141875689,6.106226635438361e-16,5.80959328512642e-16,0.21737107789068547,0.24227790760221107,0.03790861914908133,0.0469464042490308
time_dependent,prepared,0.08,0.0005,0.5195,0.2891964032978977,0.5252777695294247,1.3322676295501878e-15,1.2681553521137123e-15,0.2175156760923344,0.2421598669190958,0.03787158590515253,0.046923071413243214
time_dependent,prepared,0.08,0.0005,0.52,0.28904471635120216,0.5250260139413802,-1.1379786002407855e-15,1.0837354436001752e-15,0.21766019845051002,0.24204187627030033,0.037834586877737754,0.046899750018471326
time_dependent,prepared,0.08,0.0005,0.5205,0.2888931374120909,0.5247743475287419,5.551115123125783e-17,5.289049616532321e-17,0.21780464501921606,0.24192393566524223,0.03779762204405843,0.04687644005955561
time_dependent,prepared,0.08,0.0005,0.521,0.2887416662828063,0.5245227703960958,-5.551115123125783e-17,5.2915864061857914e-17,0.21794901585235746,0.2418060451131847,0.0377606913813052,0.04685314153133705
time_dependent,prepared,0.08,0.0005,0.5215,0.288590302766283,0.524271282647373,-1.582067810090848e-15,1.5088255474360549e-15,0.2180933110037406,0.24168820462324425,0.03772379486664067,0.04682985442865761
time_dependent,prepared,0.08,0.0005,0.522,0.28843904666620634,0.524019884385794,-4.996003610813204e-16,4.766998123238247e-16,0.2182375305270737,0.2415704142043854,0.03768693247719731,0.046806578746359115
time_dependent,prepared,0.08,0.0005,0.5225,0.28828789778696434,0.5237685757138789,-9.43689570931383e-16,9.008650143292455e-16,0.21838167447596718,0.24145267386542194,0.037650104190080025,0.04678331447928422
time_dependent,prepared,0.08,0.0005,0.523,0.2881368559337821,0.5235173567334886,3.0531133177191805e-16,2.9159618859336633e-16,0.21852574290393406,0.24133498361502223,0.0376133099823651,0.04676006162227595
time_dependent,prepared,0.08,0.0005,0.5235,0.28798592091244396,0.5232662275457753,-2.498001805406602e-16,2.3869319993406967e-16,0.21866973586439029,0.2412173434617051,0.037576549831099954,0.046736820170178044
time_dependent,prepared,0.08,0.0005,0.524,0.2878350925295052,0.5230151882512457,1.942890293094024e-16,1.857393759051505e-16,0.21881365341065503,0.24109975341384438,0.03753982371330525,0.046713590117834256
time_dependent,prepared,0.08,0.0005,0.5245,0.28768437059226937,0.522764238949694,-7.771561172376096e-16,7.433141551524496e-16,0.21895749559595118,0.2409822134796646,0.03750313160597374,0.04669037146008942
time_dependent,prepared,0.08,0.0005,0.525,0.2875337549087925,0.5225133797402676,-2.7755575615628914e-17,2.6559679322877562e-17,0.21910126247340558,0.24086472366725015,0.037466473486070795,0.04666716419178884
time_dependent,prepared,0.08,0.0005,0.5255,0.28738324528764614,0.5222626107214493,-1.4155343563970746e-15,1.355194041596879e-15,0.2192449540960494,0.2407472839845319,0.03742984933053421,0.04664396830777767
time_dependent,prepared,0.08,0.0005,0.526,0.2872328415383263,0.5220119319910232,-2.498001805406602e-16,2.39266734371271e-16,0.21938857051681857,0.24062989443930557,0.037393259116275966,0.046620783802902535
time_dependent,prepared,0.08,0.0005,0.5265,0.2870825434708559,0.5217613436461418,4.718447854656915e-16,4.521653349866564e-16,0.219532111788554,0.24051255503921865,0.03735670282018118,0.04659761067201009
time_dependent,prepared,0.08,0.0005,0.527,0.2869323508960897,0.521510845783287,1.1657341758564144e-15,1.1176509417608854e-15,0.21967557796400206,0.24039526579177503,0.03732018041910856,0.04657444890994762
time_dependent,prepared,0.08,0.0005,0.5275,0.2867822636254938,0.5212604384982906,1.4988010832439613e-15,1.4376700901778431e-15,0.2198189690958148,0.24027802670433754,0.03728369188989081,0.04655129851156302
time_dependent,prepared,0.08,0.0005,0.528,0.2866322814712522,0.5210101218863082,-3.0253577421035516e-15,2.903357933959425e-15,0.21996228523655043,0.24016083778413083,0.037247237209335454,0.04652815947170492
time_dependent,prepared,0.08,0.0005,0.5285,0.2864824042462484,0.5207598960418562,5.551115123125783e-16,5.329822020971837e-16,0.22010552643867354,0.2400436990382334,0.03721081635422378,0.04650503178522226
time_dependent,prepared,0.08,0.0005,0.529,0.28633263176402435,0.5205097610588214,1.6653345369377348e-16,1.5997149924240704e-16,0.22024869275455555,0.23992661047358652,0.037174429301312505,0.04648191544696501
time_dependent,prepared,0.08,0.0005,0.5295,0.2861829638388354,0.5202597170304156,6.106226635438361e-16,5.868440737918378e-16,0.22039178423647496,0.23980957209698942,0.03713807602733312,0.046458810451782996
time_dependent,prepared,0.08,0.0005,0.53,0.28603340028561647,0.5200097640492293,2.275957200481571e-15,2.1883792938415873e-15,0.22053480093661776,0.23969258391510873,0.0371017565089925,0.046435716794527494
time_dependent,prepared,0.08,0.0005,0.5305,0.28588394091985064,0.5197599022072046,-1.6653345369377348e-15,1.602022905062273e-15,0.22067774290707767,0.2395756459344641,0.03706547072297288,0.04641263447004968
time_dependent,prepared,0.08,0.0005,0.531,0.28573458555796766,0.5195101315956316,-1.4432899320127035e-15,1.3890873769677618e-15,0.22082061019985666,0.23945875816144555,0.037029218645932574,0.046389563473202125
time_dependent,prepared,0.08,0.0005,0.5315,0.28558533401679176,0.519260452305199,5.273559366969494e-16,5.077952060048199e-16,0.22096340286686506,0.23934192060230242,0.036993000254505796,0.04636650379883739
time_dependent,prepared,0.08,0.0005,0.532,0.2854361861139323,0.5190108644259457,-4.163336342344337e-16,4.0108373713421355e-16,0.22110612095992202,0.23922513326314546,0.03695681552530285,0.04634345544180892
time_dependent,prepared,0.08,0.0005,0.5325,0.28528714166772323,0.5187613680472706,1.1102230246251565e-16,1.0700710317002542e-16,0.22124876453075587,0.2391083961499554,0.036920664434911356,0.04632041839697076
time_dependent,prepared,0.08,0.0005,0.533,0.28513820049703914,0.5185119632579778,3.0531133177191805e-16,2.944110776668955e-16,0.22139133363100438,0.2389917092685755,0.03688454695989481,0.0462973926591778
time_dependent,prepared,0.08,0.0005,0.5335,0.28498936242152345,0.518262650146225,3.0808688933348094e-15,2.9723045761309924e-15,0.22153382831221516,0.23887507262471305,0.03684846307679451,0.04627437822328545
time_dependent,prepared,0.08,0.0005,0.534,0.2848406272613535,0.5180134287995596,-2.1094237467877974e-15,2.036070523959354e-15,0.22167624862584584,0.2387584862239438,0.03681241276212814,0.046251375084149775
time_dependent,prepared,0.08,0.0005,0.5345,0.2846919948375275,0.5177642993049005,-1.5265566588595902e-15,1.4741810712992354e-15,0.22181859462326461,0.2386419500717102,0.03677639599239205,0.046228383236627604
time_dependent,prepared,0.08,0.0005,0.535,0.2845434649715505,0.5175152617485776,-1.1934897514720433e-15,1.1530961883515168e-15,0.22196086635575038,0.23852546417332093,0.03674041274405967,0.0462054026755765
time_dependent,prepared,0.08,0.0005,0.5355,0.28439503748560574,0.5172663162162818,8.604228440844963e-16,8.317019851382818e-16,0.2221030638744932,0.23840902853395635,0.03670446299358204,0.04618243339585455
time_dependent,prepared,0.08,0.0005,0.536,0.2842467122026093,0.5170174627931119,1.0269562977782698e-15,9.931543629399733e-16,0.2222451872305945,0.23829264315866083,0.0366685467173892,0.04615947539232071
time_dependent,prepared,0.08,0.0005,0.5365,0.28409848894596323,0.5167687015635613,8.326672684688674e-17,8.056479290923652e-17,0.22238723647506747,0.23817630805235285,0.03663266389188951,0.046136528659834655
time_dependent,prepared,0.08,0.0005,0.537,0.2839503675398754,0.5165200326115076,-1.3600232051658168e-15,1.3165251290347713e-15,0.2225292116588374,0.23806002321981612,0.03659681449347002,0.04611359319325672
time_dependent,prepared,0.08,0.0005,0.5375,0.28380234780906316,0.5162714560202384,2.6922908347160046e-15,2.6074372341538644e-15,0.22267111283274194,0.23794378866571017,0.036560998498496276,0.046090668987448055
time_dependent,prepared,0.08,0.0005,0.538,0.28365442957895265,0.5160229718724478,-4.163336342344337e-16,4.034061048907572e-16,0.2228129400475314,0.23782760439456307,0.03652521588331334,0.0460677560372704
time_dependent,prepared,0.08,0.0005,0.5385,0.283506612675597,0.5157745802502142,3.635980405647388e-15,3.5247766610400578e-15,0.22295469335386922,0.23771147041077634,0.03648946662424634,0.04604485433758652
time_dependent,prepared,0.08,0.0005,0.539,0.28335889692560995,0.5155262812350635,-1.4155343563970746e-15,1.3729022243112746e-15,0.22309637280233202,0.23759538671862215,0.03645375069759847,0.04602196388325941
time_dependent,prepared,0.08,0.0005,0.5395,0.2832112821563441,0.5152780749078831,-7.494005416219807e-16,7.271806992330816e-16,0.2232379784434102,0.23747935332224546,0.03641806807965443,0.04599908466915358
time_dependent,prepared,0.08,0.0005,0.54,0.2830637681956417,0.5150299613490131,6.938893903907228e-16,6.736398291986979e-16,0.22337951032750802,0.23736337022566936,0.036382418746678524,0.04597621669013358
time_dependent,prepared,0.08,0.0005,0.5405,0.28291635487210076,0.514781940638183,8.326672684688674e-17,8.087572647134795e-17,0.22352096850494407,0.23724743743278592,0.03634680267491411,0.04595335994106533
time_dependent,prepared,0.08,0.0005,0.541,0.2827690420149064,0.514534012854558,1.1102230246251565e-15,1.0788626182998121e-15,0.22366235302595153,0.2371315549473669,0.03631121984058749,0.04593051441681512
time_dependent,prepared,0.08,0.0005,0.5415,0.2826218294537319,0.5142861780767203,-5.828670879282072e-16,5.666758244485198e-16,0.22380366394067838,0.23701572277305477,0.036275670219903376,0.045907680112250264
time_dependent,prepared,0.08,0.0005,0.542,0.28247471701900606,0.5140384363826705,-2.55351295663786e-15,2.4837762858815972e-15,0.2239449012991879,0.23689994091337274,0.03624015378904907,0.04588485702223883
time_dependent,prepared,0.08,0.0005,0.5425,0.2823277045417525,0.5137907878498428,1.942890293094024e-16,1.8907406857417618e-16,0.22408606515145876,0.2367842093717195,0.036204670524192226,0.04586204514164977
time_dependent,prepared,0.08,0.0005,0.543,0.28218079185352507,0.5135432325550873,1.4155343563970746e-15,1.3782036902270246e-15,0.22422715554738554,0.23666852815136863,0.03616922040148254,0.045839244465352404
time_dependent,prepared,0.08,0.0005,0.5435,0.2820339787865587,0.5132957705747178,-7.216449660063518e-16,7.029523788968238e-16,0.22436817253677882,0.23655289725547504,0.036133803397051176,0.04581645498821764
time_dependent,prepared,0.08,0.0005,0.544,0.28188726517365315,0.5130484019844349,2.3592239273284576e-15,2.2992215921569398e-15,0.22450911616936564,0.2364373166870696,0.03609841948701069,0.045793676705116526
time_dependent,prepared,0.08,0.0005,0.5445,0.2817406508482729,0.5128011268594105,-2.220446049250313e-15,2.16501674133321e-15,0.2246499864947898,0.23632178644906293,0.0360630686474563,0.04577090961092143
time_dependent,prepared,0.08,0.0005,0.545,0.2815941356443798,0.5125539452742462,1.3877787807814457e-16,1.3537880193653597e-16,0.22479078356261198,0.23620630654424832,0.03602775085446522,0.04574815370050523
time_dependent,prepared,0.08,0.0005,0.5455,0.2814477193965714,0.5123068573029965,2.0816681711721685e-15,2.0316614364005978e-15,0.22493150742231027,0.23609087697529568,0.0359924660840977,0.04572540896874186
time_dependent,prepared,0.08,0.0005,0.546,0.2813014019400649,0.5120598630191311,-2.7755575615628914e-16,2.7101885560782514e-16,0.2250721581232803,0.23597549774475504,0.03595721431239608,0.04570267541050598
time_dependent,prepared,0.08,0.0005,0.5465,0.281155183110612,0.5118129624955954,-7.494005416219807e-16,7.321039095687525e-16,0.2252127357148356,0.23586016885506347,0.03592199551538585,0.04567995302067336
time_dependent,prepared,0.08,0.0005,0.547,0.28100906274463205,0.5115661558047784,-5.551115123125783e-17,5.4256082621346975e-17,0.22535324024620793,0.23574489030853318,0.03588680966907593,0.04565724179412007
time_dependent,prepared,0.08,0.0005,0.5475,0.28086304067908713,0.5113194430185102,-4.996003610813204e-16,4.885403517339304e-16,0.22549367176654747,0.23562966210736305,0.035851656749458824,0.04563454172572387
time_dependent,prepared,0.08,0.0005,0.548,0.28071711675150074,0.5110728242080768,-1.6653345369377348e-15,1.6292536582415872e-15,0.2256340303249232,0.23551448425363528,0.0358165367325091,0.04561185281036294
time_dependent,prepared,0.08,0.0005,0.5485,0.280571290799997,0.510826299444232,1.1934897514720433e-15,1.1681952874886564e-15,0.2257743159703232,0.2353993567493139,0.035781449594187234,0.04558917504291621
time_dependent,prepared,0.08,0.0005,0.549,0.28042556266328333,0.5105798687971844,5.551115123125783e-17,5.4360889082867745e-17,0.22591452875165485,0.23528427959624634,0.03574639531043623,0.045566508418263686
time_dependent,prepared,0.08,0.0005,0.5495,0.2802799321806682,0.5103335323366094,2.7755575615628914e-17,2.7193564460233916e-17,0.22605466871774518,0.23516925279616802,0.035711373857183794,0.0455438529312866
time_dependent,prepared,0.08,0.0005,0.55,0.28013439919192423,0.51008729013163,2.9976021664879227e-15,2.938322738559483e-15,0.22619473591734116,0.23505427635069664,0.03567638521034221,0.04552120857686664
time_dependent,prepared,0.08,0.0005,0.5505,0.27998896353755337,0.50984114225085,9.992007221626409e-16,9.799137803506425e-16,0.22633473039910992,0.2349393502613412,0.03564142934580804,0.04549857534988652
time_dependent,prepared,0.08,0.0005,0.551,0.2798436250584756,0.5095950887623475,1.0824674490095276e-15,1.062085833321621e-15,0.22647465221163915,0.23482447452948965,0.03560650623946278,0.04547595324522994
time_dependent,prepared,0.08,0.0005,0.5515,0.27969838359630345,0.5093491297336451,-2.4980018054066022e-15,2.4521508525133764e-15,0.2266145014034373,0.23470964915642045,0.03557161586717296,0.04545334225778148
time_dependent,prepared,0.08,0.0005,0.552,0.27955323899310935,0.5091032652317795,-2.0539125955565396e-15,2.017186625803174e-15,0.22675427802293385,0.23459487414330113,0.03553675820479015,0.04543074238242696
time_dependent,prepared,0.08,0.0005,0.5525,0.2794081910915803,0.5088574953232342,-9.992007221626409e-16,9.818080025803041e-16,0.22689398211847964,0.23448014949118517,0.035501933228151726,0.04540815361405262
time_dependent,prepared,0.08,0.0005,0.553,0.27926323973498096,0.5086118200739804,1.887379141862766e-15,1.855422020656375e-15,0.22703361373834713,0.23436547520101583,0.03546714091308025,0.045385575947546115
time_dependent,prepared,0.08,0.0005,0.5535,0.27911838476711953,0.5083662395494559,-2.8033131371785203e-15,2.757178702172462e-15,0.2271731729307307,0.23425085127362466,0.03543238123538427,0.04536300937779585
time_dependent,prepared,0.08,0.0005,0.554,0.2789736260322687,0.5081207538146187,1.1102230246251565e-16,1.0924795103234523e-16,0.22731265974374681,0.23413627770973391,0.03539765417085842,0.04534045389969118
time_dependent,prepared,0.08,0.0005,0.5545,0.27882896337537943,0.507875362933882,-5.273559366969494e-16,5.19178498490784e-16,0.2274520742254345,0.23402175450995458,0.03536295969528344,0.04531790950812261
time_dependent,prepared,0.08,0.0005,0.555,0.2786843966418981,0.5076300669711615,3.0531133177191805e-16,3.00722269657505e-16,0.22759141642375547,0.2339072816747903,0.03532829778442643,0.04529537619798132
time_dependent,prepared,0.08,0.0005,0.5555,0.2785399256777756,0.5073848659898414,7.494005416219807e-16,7.384931950620932e-16,0.22773068638659436,0.2337928592046344,0.03529366841404135,0.04527285396415976
time_dependent,prepared,0.08,0.0005,0.556,0.27839555032958907,0.5071397600528402,-1.6653345369377348e-16,1.6418891478398573e-16,0.22786988416175916,0.23367848709977235,0.03525907155986836,0.04525034280155128
time_dependent,prepared,0.08,0.0005,0.5565,0.2782512704444072,0.5068947492225298,-3.608224830031759e-16,3.5591459919105697e-16,0.22800900979698135,0.2335641653603838,0.03522450719763527,0.045227842705050064
time_dependent,prepared,0.08,0.0005,0.557,0.27810708586981675,0.5066498335607961,2.7478019859472624e-15,2.7117367893278202e-15,0.22814806333991627,0.23344989398653734,0.03518997530305639,0.04520535366955159
time_dependent,prepared,0.08,0.0005,0.5575,0.27796299645405825,0.5064050131290331,1.4155343563970746e-15,1.397630670804982e-15,0.2282870448381433,0.23333567297820085,0.0351554758518337,0.04518287568995212
time_dependent,prepared,0.08,0.0005,0.558,0.27781900204577864,0.5061602879881266,1.5265566588595902e-15,1.5079775074090735e-15,0.22842595433916618,0.23322150233522854,0.03512100881965697,0.04516040876114927
time_dependent,prepared,0.08,0.0005,0.5585,0.2776751024941697,0.5059156581984648,-8.604228440844963e-16,8.503619428863014e-16,0.22856479189041326,0.23310738205737797,0.03508657418220316,0.045137952878041065
time_dependent,prepared,0.08,0.0005,0.559,0.27753129764905415,0.5056711238199535,-7.494005416219807e-16,7.409959816973933e-16,0.2287035575392378,0.23299331214429078,0.03505217191513755,0.04511550803552714
time_dependent,prepared,0.08,0.0005,0.5595,0.2773875873606489,0.5054266849120044,-1.3877787807814457e-15,1.3728784235275014e-15,0.2288422513329181,0.23287929259551587,0.035017801994113314,0.04509307422850799
time_dependent,prepared,0.08,0.0005,0.56,0.2772439714797562,0.5051823415335328,2.3314683517128287e-15,2.3075513136854828e-15,0.228980873318658,0.23276532341048933,0.034983464394772075,0.04507065145188491
time_dependent,prepared,0.08,0.0005,0.5605,0.27710044985778487,0.5049380937429707,8.604228440844963e-16,8.520082508594387e-16,0.2291194235435869,0.23265140458854588,0.034949159092743334,0.045048239700560606
time_dependent,prepared,0.08,0.0005,0.561,0.27695702234656705,0.504693941598268,3.3306690738754696e-16,3.29969195125256e-16,0.22925790205476018,0.23253753612892084,0.034914886063646226,0.04502583896943867
time_dependent,prepared,0.08,0.0005,0.5615,0.27681368879841695,0.5044498851568971,-3.3306690738754696e-16,3.3012883656813056e-16,0.22939630889915938,0.2324237180307412,0.03488064528308763,0.04500344925342366
time_dependent,prepared,0.08,0.0005,0.562,0.2766704490662744,0.5042059244758468,1.4710455076283324e-15,1.4587745167389427e-15,0.2295346441236925,0.23230995029303733,0.03484643672666425,0.044981070547421384
time_dependent,prepared,0.08,0.0005,0.5625,0.2765273030035921,0.5039620596116192,-1.6930901125533637e-15,1.679779340788228e-15,0.2296729077751943,0.23219623291473232,0.034812260369961524,0.04495870284633889
time_dependent,prepared,0.08,0.0005,0.5630000000000001,0.2763842504642079,0.5037182906202449,2.9976021664879227e-15,2.9754748063613764e-15,0.22981109990042642,0.232082565894655,0.0347781161885543,0.044936346145083496
time_dependent,prepared,0.08,0.0005,0.5635,0.27624129130259595,0.503474617557298,3.1363800445660672e-15,3.1147350186021254e-15,0.22994922054607772,0.23196894923152703,0.034744004158007054,0.04491400043856456
time_dependent,prepared,0.08,0.0005,0.5640000000000001,0.27609842537366214,0.5032310404778569,-2.3037127760972e-15,2.28892157954888e-15,0.23008726975876456,0.2318553829239746,0.034709924253874154,0.044891665721691995
time_dependent,prepared,0.08,0.0005,0.5645,0.27595565253288873,0.5029875594365524,-1.1657341758564144e-15,1.1588101474738991e-15,0.23022524758503102,0.23174186697052324,0.03467587645169935,0.04486934198937695
time_dependent,prepared,0.08,0.0005,0.5650000000000001,0.27581297263624704,0.5027441744875233,-1.1102230246251565e-16,1.104162992795364e-16,0.23036315407134914,0.23162840136959845,0.03464186072701678,0.044847029236531666
time_dependent,prepared,0.08,0.0005,0.5655,0.2756703855400994,0.5025008856844749,-3.969047313034935e-15,3.949293848137765e-15,0.2305009892641192,0.2315149861195251,0.03460787705535066,0.04482472745806949
time_dependent,prepared,0.08,0.0005,0.5660000000000001,0.2755278911014802,0.5022576930806248,-1.0824674490095276e-15,1.077601661380392e-15,0.23063875320966992,0.23140162121853586,0.03457392541221576,0.04480243664890498
time_dependent,prepared,0.08,0.0005,0.5665,0.2753854891778055,0.502014596728746,-1.6375789613221059e-15,1.6310073173100809e-15,0.23077644595425884,0.23128830666476033,0.034540005773117576,0.04478015680395363
time_dependent,prepared,0.08,0.0005,0.5670000000000001,0.2752431796270238,0.5017715966811392,-5.551115123125783e-17,5.5315158927313203e-17,0.23091406754407234,0.23117504245623247,0.03450611811355133,0.04475788791813207
time_dependent,prepared,0.08,0.0005,0.5675,0.27510096230754644,0.5015286929896604,1.3600232051658168e-15,1.355877763502011e-15,0.2310516180252261,0.2310618285908936,0.03447226240900497,0.04473562998635807
time_dependent,prepared,0.08,0.0005,0.5680000000000001,0.2749588370783819,0.5012858857057058,1.5543122344752192e-15,1.5503251525694464e-15,0.2311890974437653,0.2309486650665785,0.03443843863495565,0.04471338300355084
time_dependent,prepared,0.08,0.0005,0.5685,0.27481680379889956,0.5010431748802229,-8.326672684688674e-17,8.309336502467288e-17,0.23132650584566475,0.2308355518810384,0.03440464676687281,0.04469114696463039
time_dependent,prepared,0.08,0.0005,0.5690000000000001,0.27467486232896915,0.5008005605637084,1.942890293094024e-15,1.939784463207344e-15,0.23146384327682923,0.23072248903192033,0.03437088678021723,0.04466892186451777
time_dependent,prepared,0.08,0.0005,0.5695,0.2745330125290824,0.5005580428061998,-1.1934897514720433e-15,1.1921591997415236e-15,0.23160110978309378,0.23060947651678249,0.03433715865044078,0.04464670769813573
time_dependent,prepared,0.08,0.0005,0.5700000000000001,0.2743912542600001,0.5003156216573096,-2.7755575615628914e-17,2.7738066146813273e-17,0.23173830541022378,0.2304965143330838,0.03430346235298787,0.04462450446040743
time_dependent,prepared,0.08,0.0005,0.5705,0.27424958738317984,0.5000732971661916,-2.220446049250313e-16,2.2201205921542964e-16,0.23187543020391538,0.23038360247819276,0.03426979786329385,0.04460231214625789
time_dependent,prepared,0.08,0.0005,0.5710000000000001,0.2741080117603922,0.4998310693815694,6.38378239159465e-16,6.385939953165744e-16,0.23201248420979556,0.23027074094938166,0.03423616515678671,0.04458013075061287
time_dependent,prepared,0.08,0.0005,0.5715,0.2739665272539686,0.499588938351714,-1.6375789613221059e-15,1.6389263608647415e-15,0.23214946747342255,0.23015792974383245,0.034202564208886635,0.04455796026839949
time_dependent,prepared,0.08,0.0005,0.5720000000000001,0.27382513372669764,0.49934690412445787,2.0261570199409107e-15,2.0288070309492743e-15,0.2322863800402859,0.2300451688586333,0.03416899499500619,0.04453580069454579
time_dependent,prepared,0.08,0.0005,0.5725,0.273683831041848,0.49910496674721605,-1.8041124150158794e-15,1.807347687575327e-15,0.23242322195580684,0.2299324582907813,0.034135457490550226,0.04451365202398139
time_dependent,prepared,0.08,0.0005,0.5730000000000001,0.27354261906313865,0.4988631262669507,1.942890293094024e-16,1.9473180024678232e-16,0.2325599932653384,0.22981979803717917,0.03410195167091648,0.04449151425163684
time_dependent,prepared,0.08,0.0005,0.5735,0.2734014976548069,0.4986213827302056,-1.582067810090848e-15,1.5864420027759588e-15,0.23269669401416582,0.22970718809464083,0.03406847751149578,0.04446938737244378
time_dependent,prepared,0.08,0.0005,0.5740000000000001,0.2732604666814683,0.49837973618308185,8.604228440844963e-16,8.632201327788492e-16,0.23283332424750655,0.2295946284598907,0.03403503498767158,0.04444727138133547
time_dependent,prepared,0.08,0.0005,0.5745,0.27311952600831113,0.4981381866712672,-1.9984014443252818e-15,2.0058705574042618e-15,0.23296988401051072,0.22948211912956007,0.0340016240748206,0.044425166273245956
time_dependent,prepared,0.08,0.0005,0.5750000000000001,0.2729786755008864,0.4978967342400142,-1.6930901125533637e-15,1.7002422351069309e-15,0.23310637334826118,0.2293696601001892,0.033968244748313094,0.044403072043110614
time_dependent,prepared,0.08,0.0005,0.5755,0.27283791502527366,0.4976553789341522,3.0531133177191805e-16,3.0674975564999925e-16,0.2332427923057738,0.22925725136823438,0.03393489698351256,0.04438098868586609
time_dependent,prepared,0.08,0.0005,0.5760000000000001,0.27269724444798116,0.4974141207980923,1.3322676295501878e-15,1.3391936153848889e-15,0.2333791409279978,0.22914489293005982,0.03390158075577642,0.04435891619645021
time_dependent,prepared,0.08,0.0005,0.5765,0.27255666363596476,0.49717295987582694,1.7486012637846216e-15,1.7585442138902187e-15,0.23351541925981578,0.22903258478193997,0.03386829604045538,0.04433685456980199
time_dependent,prepared,0.08,0.0005,0.577,0.2724161724567011,0.49693189621093015,3.3306690738754696e-16,3.351232934806137e-16,0.23365162734604414,0.22892032692006284,0.0338350428128947,0.044314803800861904
time_dependent,prepared,0.08,0.0005,0.5775,0.27227577077809983,0.49669092984653773,-1.2490009027033011e-15,1.2573220363508607e-15,0.2337877652314332,0.22880811934052903,0.03380182104843324,0.044292763884571325
time_dependent,prepared,0.08,0.0005,0.578,0.2721354584683817,0.4964500608254191,-1.1379786002407855e-15,1.1461158835883057e-15,0.23392383296066738,0.22869596203934964,0.03376863072240451,0.044270734815872875
time_dependent,prepared,0.08,0.0005,0.5785,0.2719952353964142,0.4962092891898865,3.913536161803677e-15,3.9434329899314446e-15,0.23405983057836557,0.22858385501245362,0.033735471810136114,0.044248716589710996
time_dependent,prepared,0.08,0.0005,0.579,0.2718551014314195,0.4959686149818598,-2.0261570199409107e-15,2.0426262456294965e-15,0.23419575812908128,0.22847179825567815,0.03370234428695019,0.044226709201030424
time_dependent,prepared,0.08,0.0005,0.5795,0.271715056443072,0.49572803824285916,-1.8318679906315083e-15,1.847654206855728e-15,0.23433161565730282,0.22835979176477847,0.033669248128163874,0.04420471264477793
time_dependent,prepared,0.08,0.0005,0.58,0.2715751003014625,0.49548755901398284,1.5265566588595902e-15,1.5404591206057992e-15,0.23446740320745355,0.22824783553542255,0.033636183309088755,0.044182726915901235
time_dependent,prepared,0.08,0.0005,0.5805,0.27143523287721694,0.4952471773359264,-1.4710455076283324e-15,1.4851629397884722e-15,0.23460312082389215,0.22813592956319378,0.03360314980503177,0.04416075200934938
time_dependent,prepared,0.08,0.0005,0.581,0.2712954540412861,0.4950068932489966,5.551115123125783e-16,5.60710890982833e-16,0.2347387685509128,0.22802407384358941,0.03357014759129469,0.04413878792007271
time_dependent,prepared,0.08,0.0005,0.5815,0.2711557636651212,0.49476670679307766,-3.608224830031759e-16,3.6463900869756774e-16,0.23487434643274535,0.22791226837202544,0.03353717664317444,0.04411683464302269
time_dependent,prepared,0.08,0.0005,0.582,0.27101616162063025,0.49452661800768044,1.7486012637846216e-15,1.767954646030258e-15,0.23500985451355566,0.22780051314383148,0.03350423693596389,0.044094892173152184
time_dependent,prepared,0.08,0.0005,0.5825,0.2708766477801174,0.49428662693189623,1.3877787807814457e-15,1.4038198741037905e-15,0.23514529283744573,0.22768880815425524,0.03347132844495116,0.0440729605054154
time_dependent,prepared,0.08,0.0005,0.583,0.27073722201629363,0.49404673360443657,-2.0261570199409107e-15,2.0505722253830118e-15,0.2352806614484539,0.22757715339846038,0.03343845114542014,0.04405103963476772
time_dependent,prepared,0.08,0.0005,0.5835,0.27059788420239184,0.4938069380636003,1.6653345369377348e-15,1.6862202700797652e-15,0.2354159603905551,0.2274655488715309,0.0334056050126502,0.04402912955616579
time_dependent,prepared,0.08,0.0005,0.584,0.2704586342119447,0.4935672403473153,1.5265566588595902e-15,1.5464525743092013e-15,0.23555118970766106,0.22735399456846328,0.03337279002191708,0.04400723026456759
time_dependent,prepared,0.08,0.0005,0.5845,0.2703194719190426,0.4933276404931215,-1.2212453270876722e-15,1.2377629255345786e-15,0.23568634944362057,0.22724249048417597,0.033340006148492765,0.04398534175493247
time_dependent,prepared,0.08,0.0005,0.585,0.27018039719813375,0.49308813853814354,-1.6653345369377348e-15,1.6886783586753359e-15,0.23582143964221963,0.2271310366135061,0.033307253367645055,0.04396346402222106
time_dependent,prepared,0.08,0.0005,0.5855,0.2700414099241095,0.492848734519144,-1.609823385706477e-15,1.6331820221443098e-15,0.23595646034718168,0.22701963295120792,0.03327453165463841,0.04394159706139523
time_dependent,prepared,0.08,0.0005,0.586,0.2699025099722614,0.49260942847249,-3.1363800445660672e-15,3.1834348504976186e-15,0.23609141160216782,0.22690827949195835,0.033241840984734046,0.04391974086741829
time_dependent,prepared,0.08,0.0005,0.5865,0.26976369721830196,0.4923702204341783,-1.1657341758564144e-15,1.183798417812979e-15,0.23622629345077698,0.22679697623035097,0.03320918133318948,0.04389789543525477
time_dependent,prepared,0.08,0.0005,0.587,0.26962497153842474,0.4921311104398017,-4.163336342344337e-16,4.2299056633746435e-16,0.2363611059365462,0.22668572316089974,0.03317655267525881,0.04387606075987039
time_dependent,prepared,0.08,0.0005,0.5875,0.2694863328090964,0.4918920985246038,2.1649348980190553e-15,2.2006197136654788e-15,0.23649584910295074,0.22657452027804198,0.03314395498619395,0.04385423683623251
time_dependent,prepared,0.08,0.0005,0.588,0.26934778090740175,0.4916531847234271,-3.164135620181696e-15,3.2178532739106003e-15,0.23663052299340445,0.2264633675761339,0.03311138824124297,0.04383242365930961
time_dependent,prepared,0.08,0.0005,0.5885,0.2692093157106597,0.49141436907074315,5.551115123125783e-16,5.6481001294517e-16,0.2367651276512598,0.2263522650494542,0.03307885241565211,0.04381062122407158
time_dependent,prepared,0.08,0.0005,0.589,0.26907093709664354,0.4911756516006692,3.191891195797325e-15,3.2492359763716e-15,0.23689966311980812,0.2262412126922026,0.03304634748466376,0.0437888295254896
time_dependent,prepared,0.08,0.0005,0.5895,0.26893264494365665,0.49093703234691627,-8.326672684688674e-17,8.480387642467259e-17,0.23703412944227994,0.22613021049849974,0.033013873423518726,0.04376704855853624
time_dependent,prepared,0.08,0.0005,0.59,0.26879443913021533,0.4906985113428565,2.220446049250313e-16,2.2625359542805523e-16,0.23716852666184504,0.22601925846239446,0.03298143020745512,0.043745278318185234
time_dependent,prepared,0.08,0.0005,0.5905,0.2686563195353819,0.4904600886214731,-2.220446049250313e-16,2.2636358194723643e-16,0.23730285482161273,0.225908356577851,0.032949017811708815,0.04372351879941208
time_dependent,prepared,0.08,0.0005,0.591,0.2685182860386027,0.49022176421539204,-3.747002708109903e-15,3.8217425067887965e-15,0.23743711396463202,0.2257975048387625,0.03291663621151337,0.043701769997193315
time_dependent,prepared,0.08,0.0005,0.5915,0.2683803385197107,0.48998353815686374,-5.828670879282072e-16,5.9478231668837e-16,0.23757130413389188,0.2256867032389434,0.032884285382100746,0.04368003190650691
time_dependent,prepared,0.08,0.0005,0.592,0.268242476858906,0.4897454104777852,4.163336342344337e-16,4.250510829986822e-16,0.23770542537232134,0.2255759517721349,0.03285196529870049,0.04365830452233226
time_dependent,prepared,0.08,0.0005,0.5925,0.2681047009368258,0.48950738120969717,8.326672684688674e-16,8.5051553912336745e-16,0.23783947772278974,0.22546525043199747,0.03281967593654077,0.04363658783964993
time_dependent,prepared,0.08,0.0005,0.593,0.2679670106345319,0.4892694503837674,1.4155343563970746e-15,1.4465795435283895e-15,0.237973461228107,0.22535459921212336,0.03278741727084816,0.043614881853442214
time_dependent,prepared,0.08,0.0005,0.5935,0.267829405833416,0.48903161803081113,-1.3322676295501878e-15,1.3621487654671962e-15,0.2381073759310237,0.2252439981060249,0.03275518927684783,0.04359318655869243
time_dependent,prepared,0.08,0.0005,0.594,0.26769188641529507,0.4887938841812707,1.609823385706477e-15,1.6467302863280779e-15,0.23824122187423136,0.22513344710714175,0.032722991929762885,0.04357150195038557
time_dependent,prepared,0.08,0.0005,0.5945,0.2675544522623231,0.4885562488652751,4.718447854656915e-16,4.828970937958546e-16,0.23837499910036253,0.22502294620883925,0.032690825204816185,0.043549828023507535
time_dependent,prepared,0.08,0.0005,0.595,0.26741710325721996,0.48831871211254274,-9.43689570931383e-16,9.66263986535388e-16,0.23850870765199114,0.22491249540441322,0.03265868907722836,0.043528164773046364
time_dependent,prepared,0.08,0.0005,0.5955,0.2672798392828909,0.48808127395248935,1.942890293094024e-15,1.9903348036285697e-15,0.23864234757163258,0.2248020946870777,0.032626583522220254,0.043506512193990855
time_dependent,prepared,0.08,0.0005,0.596,0.26714266022277283,0.48784393441415547,2.0261570199409107e-15,2.0766446777431886e-15,0.23877591890174396,0.22469174404998263,0.03259450851501102,0.043484870281331515
time_dependent,prepared,0.08,0.0005,0.5965,0.26700556596056446,0.48760669352623576,2.4702462297909733e-15,2.533031501194984e-15,0.23890942168472423,0.22458144348619935,0.03256246403081908,0.04346323903006014
time_dependent,prepared,0.08,0.0005,0.597,0.26686855638045115,0.48736955131708265,1.582067810090848e-15,1.6230679633303066e-15,0.23904285596291447,0.2244711929887304,0.0325304500448628,0.04344161843516996
time_dependent,prepared,0.08,0.0005,0.5975,0.26673163136696637,0.487132507814707,7.216449660063518e-16,7.407070503708272e-16,0.23917622177859796,0.22436099255050784,0.03249846653235932,0.043420008491655525
time_dependent,prepared,0.08,0.0005,0.598,0.26659479080504334,0.48689556304675047,-3.247402347028583e-15,3.3348037993075594e-15,0.23930951917400048,0.22425084216438662,0.032466513468525686,0.04339840919451325
time_dependent,prepared,0.08,0.0005,0.5985,0.2664580345799244,0.48665871704056013,-2.886579864025407e-15,2.9657126883281905e-15,0.23944274819129044,0.2241407418231557,0.032434590828578684,0.043376820538740146
time_dependent,prepared,0.08,0.0005,0.599,0.2663213625773474,0.48642196982308683,0.0,0.0,0.23957590887257912,0.22403069151953284,0.03240269858773551,0.04335524251933569
time_dependent,prepared,0.08,0.0005,0.5995,0.2661847746832738,0.4861853214209868,-4.996003610813204e-16,5.137962203600938e-16,0.23970900125992076,0.2239206912461649,0.03237083672121213,0.04333367513129963
time_dependent,prepared,0.08,0.0005,0.6,0.26604827078415516,0.48594877186055196,1.5543122344752192e-15,1.5992552347896896e-15,0.23984202539531282,0.2238107409956267,0.032339005204225425,0.04331211836963396
time_dependent,prepared,0.08,0.0005,0.6005,0.2659118507667955,0.4857123211677686,-1.8041124150158794e-15,1.857182056529228e-15,0.23997498132069622,0.2237008407604259,0.032307204011992274,0.043290572229341844
time_dependent,prepared,0.08,0.0005,0.601,0.26577551451839915,0.4854759693682417,6.938893903907228e-16,7.146485451109892e-16,0.24010786907795542,0.22359099053300055,0.03227543311972979,0.043269036705428136
time_dependent,prepared,0.08,0.0005,0.6015,0.2656392619264333,0.4852397164872845,1.7763568394002505e-15,1.8303910201946506e-15,0.24024068870891863,0.22348119030572064,0.032243692502655665,0.04324751179289858
time_dependent,prepared,0.08,0.0005,0.602,0.26550309287886914,0.4850035625498588,1.8596235662471372e-15,1.917123615000212e-15,0.24037344025535806,0.22337144007088447,0.03221198213598827,0.04322599748676095
time_dependent,prepared,0.08,0.0005,0.6025,0.2653670072639468,0.4847675075806163,-7.771561172376096e-16,8.015761216301919e-16,0.24050612375899003,0.22326173982072695,0.03218030199494605,0.043204493782024234
time_dependent,prepared,0.08,0.0005,0.603,0.2652310049702686,0.4845315516038644,8.326672684688674e-17,8.592497905581453e-17,0.24063873926147517,0.22315208954740953,0.03214865205474877,0.04318300067369863
time_dependent,prepared,0.08,0.0005,0.6035,0.2650950858868733,0.4842956946435663,5.551115123125783e-17,5.731121693339966e-17,0.2407712868044186,0.22304248924303144,0.03211703229061676,0.04316151815679613
time_dependent,prepared,0.08,0.0005,0.604,0.26495924990313485,0.48405993672340536,1.5543122344752192e-15,1.6054956386148515e-15,0.24090376642937014,0.22293293889962074,0.03208544267777174,0.043140046226330185
time_dependent,prepared,0.08,0.0005,0.6045,0.2648234969087522,0.48382427786670346,1.7486012637846216e-15,1.8070623403755366e-15,0.24103617817782452,0.2228234385091424,0.03205388319143611,0.04311858487731548
time_dependent,prepared,0.08,0.0005,0.605,0.2646878267938233,0.4835887180964853,-1.3600232051658168e-15,1.4061775577800677e-15,0.24116852209122144,0.22271398806349027,0.03202235380683327,0.04309713410476843
time_dependent,prepared,0.08,0.0005,0.6055,0.26455223944880574,0.4833532574354359,-8.881784197001252e-16,9.1876738807203e-16,0.24130079821094585,0.22260458755449786,0.03199085449918885,0.04307569390370652
time_dependent,prepared,0.08,0.0005,0.606,0.26441673476445576,0.4831178959059305,3.969047313034935e-15,4.107741968026522e-15,0.24143300657832809,0.22249523697392717,0.0319593852437292,0.04305426426914922
time_dependent,prepared,0.08,0.0005,0.6065,0.26428131263195304,0.48288263353002625,-1.7763568394002505e-15,1.839325662236513e-15,0.24156514723464406,0.222385936313478,0.0319279460156821,0.04303284519611727
time_dependent,prepared,0.08,0.0005,0.607,0.264145972942781,0.48264747032946315,-9.43689570931383e-16,9.776178566596504e-16,0.24169722022111545,0.2222766855647841,0.03189653679027753,0.043011436679632614
time_dependent,prepared,0.08,0.0005,0.6075,0.2640107155888443,0.4824124063256729,-3.497202527569243e-15,3.624702103129911e-15,0.24182922557890987,0.2221674847194159,0.03186515754274697,0.04299003871471922
time_dependent,prepared,0.08,0.0005,0.608,0.26387554046231176,0.4821774415397609,-2.7755575615628914e-17,2.878149538372811e-17,0.24196116334914103,0.22205833376887696,0.0318338082483236,0.04296865129640208
time_dependent,prepared,0.08,0.0005,0.6085,0.26374044745575137,0.4819425759925409,-2.275957200481571e-15,2.3612327628393654e-15,0.2420930335728689,0.22194923270460992,0.031802488882242456,0.042947274419707825
time_dependent,prepared,0.08,0.0005,0.609,0.2636054364620657,0.48170780970449095,2.1371793224034263e-15,2.2183357622066562e-15,0.24222483629109995,0.2218401815179874,0.031771199419741054,0.0429259080796647
time_dependent,prepared,0.08,0.0005,0.6095,0.26347050737450123,0.4814731426957975,1.1102230246251565e-15,1.152943878041617e-15,0.2423565715447872,0.22173118020032717,0.03173993983605938,0.04290455227130236
time_dependent,prepared,0.08,0.0005,0.61,0.2633356600866699,0.48123857498634715,-3.3306690738754696e-15,3.4605175551128388e-15,0.24248823937483055,0.22162222874287776,0.031708710106438755,0.04288320698965174
time_dependent,prepared,0.08,0.0005,0.6105,0.2632008944924593,0.4810041065957046,2.1094237467877974e-15,2.1927294568410137e-15,0.24261983982207677,0.22151332713682578,0.03167751020612351,0.04286187222974579
time_dependent,prepared,0.08,0.0005,0.611,0.2630662104861938,0.48076973754313285,1.0547118733938987e-15,1.0968991920994952e-15,0.24275137292731988,0.22140447537329713,0.03164634011036009,0.0428405479866186
time_dependent,prepared,0.08,0.0005,0.6115,0.2629316079625054,0.48053546784759427,-1.4432899320127035e-15,1.5017517213427177e-15,0.24288283873130112,0.22129567344335435,0.031615199794397905,0.04281923425530569
time_dependent,prepared,0.08,0.0005,0.612,0.26279708681628156,0.48030129752776113,6.38378239159465e-16,6.645601859138917e-16,0.24301423727470925,0.2211869213379986,0.03158408923348922,0.042797931030844484
time_dependent,prepared,0.08,0.0005,0.6125,0.26266264694288954,0.48006722660198303,2.1094237467877974e-15,2.197008699925986e-15,0.2431455685981807,0.22107821904816977,0.03155300840288827,0.04277663830827355
time_dependent,prepared,0.08,0.0005,0.613,0.2625282882379668,0.47983325508833047,7.771561172376096e-16,8.098189412638205e-16,0.2432768327422997,0.22096956656474379,0.03152195727785312,0.042755356082633304
time_dependent,prepared,0.08,0.0005,0.6135,0.26239401059737855,0.47959938300457705,-9.992007221626409e-16,1.0417035108582553e-15,0.24340802974759837,0.22086096387853993,0.0314909358336441,0.042734084348965314
time_dependent,prepared,0.08,0.0005,0.614,0.2622598139175807,0.47936561036817915,-1.609823385706477e-15,1.6791185588699684e-15,0.24353915965455716,0.22075241098031548,0.0314599440455248,0.04271282310231311
time_dependent,prepared,0.08,0.0005,0.6145,0.26212569809506664,0.4791319371963159,-1.6653345369377348e-16,1.737866345001537e-16,0.2436702225036047,0.2206439078607643,0.0314289818887626,0.04269157233772127
time_dependent,prepared,0.08,0.0005,0.615,0.26199166302684285,0.47889836350587095,-1.6375789613221059e-15,1.7097353907558647e-15,0.24380121833511811,0.2205354545105248,0.031398049338627526,0.042670332050236445
time_dependent,prepared,0.08,0.0005,0.6155,0.2618577086102417,0.4786648893134402,-1.582067810090848e-15,1.6525839323206326e-15,0.24393214718942324,0.22042705092017356,0.03136714637039288,0.04264910223490629
time_dependent,prepared,0.08,0.0005,0.616,0.2617238347428228,0.4784315146353258,7.494005416219807e-16,7.831847596757862e-16,0.24406300910679465,0.22031869708022694,0.03133627295933602,0.04262788288678041
time_dependent,prepared,0.08,0.0005,0.6165,0.2615900413225649,0.4781982394875409,-3.608224830031759e-16,3.7727291027864286e-16,0.24419380412745595,0.220210392981144,0.031305429080737454,0.04260667400090982
time_dependent,prepared,0.08,0.0005,0.617,0.26145632824766935,0.4779650638858026,5.551115123125783e-16,5.807030202161465e-16,0.24432453229157977,0.22010213861332437,0.031274614709881535,0.04258547557234701
time_dependent,prepared,0.08,0.0005,0.6175,0.2613226954168043,0.477731987845561,-1.2212453270876722e-15,1.2781699343549844e-15,0.24445519363928817,0.21999393396711187,0.03124382982205616,0.04256428759614596
time_dependent,prepared,0.08,0.0005,0.618,0.26118914272885396,0.47749901138195866,-9.159339953157541e-16,9.590951745270586e-16,0.2445857882106526,0.21988577903278508,0.031213074392553667,0.04254311006736247
time_dependent,prepared,0.08,0.0005,0.6185,0.26105567008306163,0.47726613450987115,-3.2751579226442118e-15,3.431165219807235e-15,0.24471631604569413,0.2197776738005705,0.031182348396669703,0.04252194298105386
time_dependent,prepared,0.08,0.0005,0.619,0.26092227737896584,0.4770333572438878,2.3037127760972e-15,2.41462440845557e-15,0.2448467771843836,0.21966961826063908,0.0311516518097042,0.0425007863322786
time_dependent,prepared,0.08,0.0005,0.6195,0.2607889645164277,0.47680067959832584,-1.304512053934559e-15,1.3679846839076749e-15,0.24497717166664182,0.21956161240309746,0.031120984606961364,0.0424796401160974
time_dependent,prepared,0.08,0.0005,0.62,0.2606557313956854,0.4765681015871892,1.0547118733938987e-15,1.1065699423453077e-15,0.24510749953233965,0.2194536562180018,0.03109034676374933,0.04245850432757185
time_dependent,prepared,0.08,0.0005,0.6205,0.2605225779172063,0.47633562322425643,-2.7755575615628914e-17,2.9134473953212745e-17,0.24523776082129825,0.2193457496953487,0.031059738255380942,0.042437378961765644
time_dependent,prepared,0.08,0.0005,0.621,0.26038950398181676,0.47610324452298797,2.4147350785597155e-15,2.5359363818020752e-15,0.24536795557328916,0.2192378928250776,0.031029159057173412,0.04241626401374381
time_dependent,prepared,0.08,0.0005,0.6215,0.260256509490637,0.47587096549658,-2.0261570199409107e-15,2.1288932997063433e-15,0.24549808382803448,0.21913008559707514,0.030998609144447863,0.04239515947857287
time_dependent,prepared,0.08,0.0005,0.622,0.26012359434512655,0.47563878615795663,-6.938893903907228e-16,7.294289391280709e-16,0.24562814562520704,0.21902232800116836,0.03096808849253083,0.04237406535132103
time_dependent,prepared,0.08,0.0005,0.6225,0.25999075844700686,0.4754067065197775,1.5265566588595902e-15,1.6055270549660212e-15,0.24575814100443055,0.2189146200271334,0.030937597076752924,0.04235298162705829
time_dependent,prepared,0.08,0.0005,0.623,0.25985800169837997,0.47517472659440857,1.0269562977782698e-15,1.0806091320749475e-15,0.24588807000527974,0.21880696166468303,0.030907134872450323,0.04233190830085569
time_dependent,prepared,0.08,0.0005,0.6235,0.2597253240015769,0.4749428463939735,6.938893903907228e-16,7.304977805846651e-16,0.24601793266728053,0.21869935290348821,0.03087670185496318,0.042310845367786475
time_dependent,prepared,0.08,0.0005,0.624,0.25959272525927024,0.47471106593030826,6.661338147750939e-16,7.016202723962703e-16,0.24614772902991017,0.2185917937331517,0.030846297999636865,0.042289792822925096
time_dependent,prepared,0.08,0.0005,0.6245,0.2594602053744964,0.47447938521497346,-3.608224830031759e-16,3.8022988379115496e-16,0.2462774591325974,0.21848428414323226,0.030815923281822068,0.04226875066134772
time_dependent,prepared,0.08,0.0005,0.625,0.2593277642504572,0.47424780425929763,-2.3592239273284576e-15,2.4873324727493566e-15,0.24640712301472265,0.21837682412322706,0.03078557767687446,0.04224771887813196
time_dependent,prepared,0.08,0.0005,0.6255000000000001,0.2591954017908088,0.4740163230742951,3.858025010572419e-15,4.06950649457668e-15,0.24653672071561805,0.21826941366258526,0.03075526116015502,0.04222669746835736
time_dependent,prepared,0.08,0.0005,0.626,0.2590631178994145,0.4737849416707606,-1.3877787807814457e-15,1.4645661551500232e-15,0.24666625227456776,0.21816205275070008,0.03072497370702942,0.04220568642710491
time_dependent,prepared,0.08,0.0005,0.6265000000000001,0.25893091248041444,0.47355366005921185,3.608224830031759e-16,3.809731752026365e-16,0.24679571773080797,0.21805474137691178,0.030694715292869695,0.04218468574945685
time_dependent,prepared,0.08,0.0005,0.627,0.2587987854383353,0.4733224782498921,2.6367796834847468e-15,2.785394529786776e-15,0.24692511712352713,0.21794747953050533,0.03066448589305287,0.042163695430497576
time_dependent,prepared,0.08,0.0005,0.6275000000000001,0.2586667366779919,0.473091396252791,-8.326672684688674e-16,8.800279132786657e-16,0.24705445049186614,0.21784026720071736,0.0306342854829612,0.04214271546531277
time_dependent,prepared,0.08,0.0005,0.628,0.25853476610442316,0.4728604140776486,0.0,0.0,0.24718371787491836,0.21773310437673088,0.03060411403798314,0.042121745848989936
time_dependent,prepared,0.08,0.0005,0.6285000000000001,0.25840287362297576,0.4726295317339381,1.970645868709653e-15,2.084768022725888e-15,0.24731291931172986,0.2176259910476767,0.030573971533512646,0.04210078657661803
time_dependent,prepared,0.08,0.0005,0.629,0.25827105913937565,0.4723987492308864,-7.216449660063518e-16,7.638091413041042e-16,0.24744205484129955,0.21751892720262997,0.030543857944949356,0.04207983764328751
time_dependent,prepared,0.08,0.0005,0.6295000000000001,0.25813932255953537,0.4721680665774504,1.8041124150158794e-15,1.9104557706465996e-15,0.24757112450257932,0.21741191283062108,0.03051377324769888,0.04205889904409089
time_dependent,prepared,0.08,0.0005,0.63,0.2580076637897217,0.4719374837823451,-3.1086244689504383e-15,3.2934706139851018e-15,0.24770012833447416,0.2173049479206244,0.030483717417173057,0.0420379707741217
time_dependent,prepared,0.08,0.0005,0.6305000000000001,0.25787608273649476,0.4717070008540162,5.273559366969494e-16,5.589867605761432e-16,0.2478290663758424,0.2171980324615661,0.030453690428789086,0.04201705282847568
time_dependent,prepared,0.08,0.0005,0.631,0.2577445793066827,0.4714766178006811,-2.7755575615628914e-16,2.943473182731908e-16,0.24795793866549573,0.21709116644231896,0.0304236922579714,0.041996145202249986
time_dependent,prepared,0.08,0.0005,0.6315000000000001,0.2576131534073556,0.4712463346302996,-2.7755575615628914e-16,2.94491156492534e-16,0.2480867452421994,0.21698434985170673,0.030393722880149573,0.041975247890543146
time_dependent,prepared,0.08,0.0005,0.632,0.2574818049459731,0.47101615135056696,-2.6922908347160046e-15,2.857960206880676e-15,0.24821548614467237,0.2168775826785058,0.0303637822707599,0.04195436088845575
time_dependent,prepared,0.08,0.0005,0.6325000000000001,0.257350533830202,0.47078606796894373,2.7755575615628914e-17,2.9477906743684545e-17,0.24834416141158747,0.2167708649114357,0.03033387040524517,0.04193348419108981
time_dependent,prepared,0.08,0.0005,0.633,0.2572193399679789,0.4705560844926381,7.494005416219807e-16,7.962924785363226e-16,0.24847277108157145,0.21666419653917385,0.030303987259054605,0.04191261779354876
time_dependent,prepared,0.08,0.0005,0.6335000000000001,0.2570882232676178,0.47032620092862126,1.1934897514720433e-15,1.268789352066281e-15,0.24860131519320527,0.21655757755034277,0.030274132807643624,0.041891761690938084
time_dependent,prepared,0.08,0.0005,0.634,0.25695718363760617,0.4700964172836223,1.942890293094024e-16,2.066480642759104e-16,0.24872979378502408,0.21645100793352068,0.03024430702647462,0.04187091587836486
time_dependent,prepared,0.08,0.0005,0.6345000000000001,0.2568262209868342,0.46986673356409864,-4.163336342344337e-16,4.4303374179780926e-16,0.2488582068955175,0.21634448767723216,0.030214509891016414,0.04185008035093749
time_dependent,prepared,0.08,0.0005,0.635,0.25669533522430515,0.469637149776299,-3.0531133177191805e-16,3.250502349711328e-16,0.24898655456312965,0.21623801676995666,0.030184741376744782,0.041829255103766325
time_dependent,prepared,0.08,0.0005,0.6355000000000001,0.2565645262594549,0.4694076659262218,2.0816681711721685e-15,2.217335082358184e-15,0.24911483682625937,0.21613159520012237,0.030155001459142097,0.0418084401319632
time_dependent,prepared,0.08,0.0005,0.636,0.25643379400190014,0.469178282019611,-5.551115123125783e-17,5.915784399941337e-17,0.24924305372326033,0.21602522295611254,0.030125290113698213,0.0417876354306416
time_dependent,prepared,0.08,0.0005,0.6365000000000001,0.2563031383616082,0.46894899806198925,1.4155343563970746e-15,1.5092625874530138e-15,0.24937120529244114,0.21591890002626285,0.03009560731590914,0.04176684099491691
time_dependent,prepared,0.08,0.0005,0.637,0.2561725592487482,0.4687198140586321,1.304512053934559e-15,1.3915691366221783e-15,0.24949929157206552,0.21581262639885818,0.03006595304127871,0.041746056819905966
time_dependent,prepared,0.08,0.0005,0.6375000000000001,0.25604205657380413,0.4684907300145824,-2.3037127760972e-15,2.4586535319765016e-15,0.24962731260035242,0.21570640206213787,0.03003632726531723,0.04172528290072716
time_dependent,prepared,0.08,0.0005,0.638,0.25591163024753827,0.4682617459346422,-8.604228440844963e-16,9.18741335967033e-16,0.24975526841547618,0.21560022700429388,0.030006729963542884,0.04170451923250083
time_dependent,prepared,0.08,0.0005,0.6385000000000001,0.25578128018094753,0.4680328618233911,5.828670879282072e-16,6.226775248830152e-16,0.24988315905556666,0.21549410121347318,0.02997716111148034,0.04168376581034889
time_dependent,prepared,0.08,0.0005,0.639,0.25565100628533827,0.4678040776851703,-2.8033131371785203e-15,2.9962470090578645e-15,0.25001098455870935,0.21538802467777274,0.029947620684662536,0.04166302262939465
time_dependent,prepared,0.08,0.0005,0.6395000000000001,0.2555208084722544,0.46757539352407734,3.608224830031759e-16,3.8584417400976377e-16,0.25013874496294547,0.21528199738524714,0.029918108658629202,0.041642289684763564
time_dependent,prepared,0.08,0.0005,0.64,0.2553906866535458,0.4673468093439983,3.3306690738754696e-16,3.5633805637302157e-16,0.25026644030627226,0.2151760193239017,0.029888625008927583,0.0416215669715824
time_dependent,prepared,0.08,0.0005,0.6405,0.25526064074126265,0.4671183251485791,-2.1649348980190553e-15,2.3173303009793575e-15,0.2503940706266429,0.21507009048169884,0.029859169711113076,0.041600854484979716
time_dependent,prepared,0.08,0.0005,0.641,0.25513067064779815,0.4668899409412281,-1.6375789613221059e-15,1.7537098336503318e-15,0.25052163596196675,0.21496421084655157,0.029829742740748084,0.04158015222008572
time_dependent,prepared,0.08,0.0005,0.6415,0.2550007762857439,0.46666165672515186,6.38378239159465e-16,6.839840277850898e-16,0.2506491363501096,0.21485838040633096,0.029800344073402898,0.041559460172032284
time_dependent,prepared,0.08,0.0005,0.642,0.25487095756804734,0.46643347250330797,-1.3600232051658168e-15,1.4578962331612827e-15,0.2507765718288936,0.21475259914886394,0.029770973684655963,0.04153877833595319
time_dependent,prepared,0.08,0.0005,0.6425,0.2547412144078075,0.4662053882784301,3.469446951953614e-15,3.720942570789805e-15,0.25090394243609754,0.21464686706192737,0.02974163155009293,0.04151810670698362
time_dependent,prepared,0.08,0.0005,0.643,0.25461154671843295,0.4659774040530379,1.6930901125533637e-15,1.8167083830964603e-15,0.25103124820945677,0.21454118413326081,0.029712317645307896,0.04149744528026052
time_dependent,prepared,0.08,0.0005,0.6435,0.254481954413649,0.46574951982942875,3.0531133177191805e-16,3.277634423367006e-16,0.2511584891866636,0.21443555035055367,0.029683031945902938,0.04147679405092267
time_dependent,prepared,0.08,0.0005,0.644,0.25435243740727137,0.46552173560966714,-4.163336342344337e-16,4.47168845606302e-16,0.25128566540536723,0.21432996570145293,0.029653774427487574,0.04145615301411025
time_dependent,prepared,0.08,0.0005,0.6445,0.25422299561359696,0.46529405139560065,1.1102230246251565e-15,1.1930337614409188e-15,0.25141277690317404,0.2142244301735613,0.029624545065680605,0.04143552216496548
time_dependent,prepared,0.08,0.0005,0.645,0.25409362894700793,0.46506646718885875,-2.0261570199409107e-15,2.1783520882382965e-15,0.25153982371764755,0.21411894375443996,0.029595343836107946,0.041414901498631904
time_dependent,prepared,0.08,0.0005,0.6455,0.25396433732224144,0.46483898299085447,2.220446049250313e-16,2.38840343699616e-16,0.2516668058863087,0.21401350643160613,0.02956617071440396,0.04139429101025512
time_dependent,prepared,0.08,0.0005,0.646,0.25383512065422287,0.46461159880278113,1.7208456881689926e-15,1.8519185623037533e-15,0.2517937234466358,0.21390811819253217,0.02953702567621203,0.04137369069498231
time_dependent,prepared,0.08,0.0005,0.6465,0.2537059788581709,0.4643843146256079,2.0261570199409107e-15,2.1815519561361776e-15,0.2519205764360649,0.2138027790246483,0.02950790869718349,0.041353100547962235
time_dependent,prepared,0.08,0.0005,0.647,0.2535769118495719,0.4641571304600993,7.494005416219807e-16,8.072703104648322e-16,0.2520473648919897,0.21369748891534282,0.029478819752977645,0.04133252056434547
time_dependent,prepared,0.08,0.0005,0.6475,0.25344791954413287,0.4639300463067981,-8.049116928532385e-16,8.674925231302534e-16,0.2521740888517618,0.21359224785196157,0.029449758819263254,0.04131195073928433
time_dependent,prepared,0.08,0.0005,0.648,0.25331900185774603,0.46370306216603524,-2.3592239273284576e-15,2.5438951344294886e-15,0.2523007483526907,0.2134870558218067,0.029420725871717044,0.041291391067932705
time_dependent,prepared,0.08,0.0005,0.6485,0.25319015870667994,0.4634761780379385,1.582067810090848e-15,1.7067412361820925e-15,0.25242734343204404,0.21338191281214222,0.029391720886024778,0.041270841545446246
time_dependent,prepared,0.08,0.0005,0.649,0.25306139000742106,0.463249393922402,2.0816681711721685e-15,2.2468115430722614e-15,0.2525538741270478,0.21327681881018448,0.029362743837880564,0.04125030216698253
time_dependent,prepared,0.08,0.0005,0.6495,0.2529326956766339,0.46302270981913835,6.38378239159465e-16,6.893595342319409e-16,0.2526803404748861,0.21317177380311317,0.02933379470298774,0.041229772927700456
time_dependent,prepared,0.08,0.0005,0.65,0.25280407563128793,0.46279612572761347,2.4702462297909733e-15,2.6688276894142282e-15,0.25280674251270174,0.21306677777806474,0.029304873457058123,0.04120925382276101
time_dependent,prepared,0.08,0.0005,0.6505,0.2526755297886036,0.462569641647131,-2.9976021664879227e-15,3.24016309826774e-15,0.25293308027759603,0.21296183072213482,0.029275980075812516,0.04118874484732661
time_dependent,prepared,0.08,0.0005,0.651,0.2525470580659493,0.46234325757673955,4.996003610813204e-16,5.402916046617125e-16,0.25305935380662903,0.21285693262238067,0.029247114534981054,0.041168245996561666
time_dependent,prepared,0.08,0.0005,0.6515,0.2524186603811179,0.4621169735153157,-1.1934897514720433e-15,1.2913286244315907e-15,0.2531855631368196,0.2127520834658132,0.02921827681030231,0.04114775726563199
time_dependent,prepared,0.08,0.0005,0.652,0.25229033665196043,0.4618907894615191,5.551115123125783e-17,6.009120824424076e-17,0.2533117083051456,0.21264728323940893,0.029189466877524644,0.041127278649705515
time_dependent,prepared,0.08,0.0005,0.6525,0.25216208679668645,0.4616647054137981,-2.7755575615628914e-17,3.0060317899709387e-17,0.25343778934854394,0.21254253193009912,0.029160684712404718,0.04110681014395162
time_dependent,prepared,0.08,0.0005,0.653,0.25203391073368614,0.4614387213704143,-3.3584246494910985e-15,3.639079788879677e-15,0.2535638063039108,0.21243782952478127,0.029131930290709308,0.041086351743541354
time_dependent,prepared,0.08,0.0005,0.6535,0.2519058083816565,0.4612128373294044,-5.551115123125783e-16,6.017953831542101e-16,0.2536897592081016,0.21233317601030816,0.02910320358821418,0.041065903443647724
time_dependent,prepared,0.08,0.0005,0.654,0.25177777965945314,0.460987053288623,5.551115123125783e-17,6.020901328491585e-17,0.25381564809793133,0.212228571373493,0.02907450458070404,0.04104546523944547
time_dependent,prepared,0.08,0.0005,0.6545,0.2516498244862068,0.46076136924572164,8.326672684688674e-17,9.035775610181528e-17,0.25394147301017445,0.21212401560111344,0.029045833243973612,0.04102503712611086
time_dependent,prepared,0.08,0.0005,0.655,0.25152194278127404,0.460535785198134,9.159339953157541e-16,9.94422176033178e-16,0.25406723398156505,0.21201950867990463,0.029017189553826636,0.041004619098821964
time_dependent,prepared,0.08,0.0005,0.6555,0.2513941344642097,0.4603103011431145,-1.1102230246251565e-16,1.2059506618340686e-16,0.25419293104879714,0.2119150505965653,0.02898857348607679,0.0409842111527587
time_dependent,prepared,0.08,0.0005,0.656,0.25126639945494456,0.4600849170777242,-3.3306690738754696e-16,3.6196242804812553e-16,0.2543185642485246,0.21181064133775374,0.028959985016546903,0.04096381328310275
time_dependent,prepared,0.08,0.0005,0.6565,0.25113873767350403,0.4598596329988041,8.326672684688674e-16,9.053493813307071e-16,0.25444413361736135,0.21170628089009064,0.028931424121069742,0.04094342548503731
time_dependent,prepared,0.08,0.0005,0.657,0.25101114904013305,0.4596344489030167,8.881784197001252e-16,9.661791254113884e-16,0.2545696391918814,0.21160196924015967,0.028902890775487362,0.04092304775374744
time_dependent,prepared,0.08,0.0005,0.6575,0.2508836334754276,0.45940936478683714,-8.604228440844963e-16,9.364446069615141e-16,0.25469508100861915,0.21149770637450363,0.02887438495565235,0.04090268008442011
time_dependent,prepared,0.08,0.0005,0.658,0.2507561909001543,0.4591843806465117,3.608224830031759e-16,3.928949875158573e-16,0.25482045910406925,0.21139349227963108,0.02884590663742635,0.04088232247224383
time_dependent,prepared,0.08,0.0005,0.6585,0.2506288212352614,0.4589594964781323,-1.0269562977782698e-15,1.1187875026649564e-15,0.2549457735146869,0.2112893269420098,0.028817455796681216,0.04086197491240894
time_dependent,prepared,0.08,0.0005,0.659,0.2505015244019873,0.45873471227759066,7.494005416219807e-16,8.168125515303286e-16,0.2550710242768879,0.21118521034807186,0.028789032409298976,0.04084163740010749
time_dependent,prepared,0.08,0.0005,0.6595,0.2503743003217846,0.4585100280405667,-1.6653345369377348e-15,1.816028478215091e-15,0.2551962114270488,0.21108114248421136,0.02876063645117082,0.040821309930533484
time_dependent,prepared,0.08,0.0005,0.66,0.25024714891628447,0.45828544376257874,-3.635980405647388e-15,3.966938569765128e-15,0.25532133500150694,0.21097712333678964,0.028732267898199285,0.04080099249888215
time_dependent,prepared,0.08,0.0005,0.6605,0.25012007010748843,0.45806095943892444,6.38378239159465e-16,6.968267279767844e-16,0.2554463950365607,0.21087315289212444,0.02870392672629548,0.040780685100351155
time_dependent,prepared,0.08,0.0005,0.661,0.24999306381739597,0.4578365750647449,-1.609823385706477e-15,1.758076433145197e-15,0.25557139156846936,0.21076923113649965,0.028675612911381678,0.04076038773013948
time_dependent,prepared,0.08,0.0005,0.6615,0.2498661299684323,0.4576122906349814,2.0816681711721685e-15,2.2744889219252038e-15,0.2556963246334536,0.21066535805616698,0.02864732642939039,0.04074010038344808
time_dependent,prepared,0.08,0.0005,0.662,0.24973926848317995,0.4573881061443773,9.159339953157541e-16,1.0012656461891394e-15,0.2558211942676952,0.2105615336373359,0.028619067256263918,0.04071982305547947
time_dependent,prepared,0.08,0.0005,0.6625,0.24961247928440622,0.45716402158750613,-1.915134717478395e-15,2.094581623930156e-15,0.2559460005073374,0.21045775786618373,0.028590835367955116,0.04069955574143824
time_dependent,prepared,0.08,0.0005,0.663,0.24948576229510355,0.45694003695875185,-1.1102230246251565e-15,1.21484542262312e-15,0.25607074338848496,0.21035403072885245,0.028562630740427093,0.040679298436530335
time_dependent,prepared,0.08,0.0005,0.6635,0.24935911743858433,0.456716152252307,-1.7208456881689926e-15,1.8839334668618604e-15,0.25619542294720427,0.21025035221144603,0.028534453349653467,0.040659051135963756
time_dependent,prepared,0.08,0.0005,0.664,0.24923254463820052,0.4564923674622,7.494005416219807e-16,8.208248319551962e-16,0.25632003921952334,0.2101467223000321,0.028506303171618282,0.04063881383494821
time_dependent,prepared,0.08,0.0005,0.6645,0.2491060438176981,0.45626868258225417,-4.718447854656915e-16,5.170690028463981e-16,0.2564445922414322,0.21004314098065227,0.028478180182316275,0.040618586528695294
time_dependent,prepared,0.08,0.0005,0.665,0.24897961490092058,0.456045097606138,-1.4432899320127035e-15,1.58239825358149e-15,0.2565690820488826,0.20993960823929814,0.028450084357752474,0.040598369212417974
time_dependent,prepared,0.08,0.0005,0.6655,0.2488532578119942,0.45582161252731546,-6.938893903907228e-16,7.611413887808375e-16,0.2566935086777886,0.20983612406194121,0.028422015673942827,0.04057816188133139
time_dependent,prepared,0.08,0.0005,0.666,0.24872697247526082,0.45559822733908306,-2.7755575615628914e-16,3.046058341549646e-16,0.25681787216402624,0.2097326884345096,0.02839397410691369,0.04055796453065245
time_dependent,prepared,0.08,0.0005,0.6665,0.24860075881525062,0.4553749420345632,-1.7763568394002505e-15,1.9504332314199092e-15,0.2569421725434339,0.209629301342899,0.028365959632702453,0.04053777715559954
time_dependent,prepared,0.08,0.0005,0.667,0.24847461675675755,0.45515175660668167,2.3592239273284576e-15,2.5916893575423124e-15,0.2570664098518123,0.20952596277297456,0.028337972227356942,0.04051759975139339
time_dependent,prepared,0.08,0.0005,0.6675,0.24834854622464195,0.4549286710482159,6.938893903907228e-16,7.626353696194937e-16,0.2571905841249246,0.20942267271056342,0.02831001186693611,0.040497432313255664
time_dependent,prepared,0.08,0.0005,0.668,0.24822254714415087,0.4547056853517445,1.4432899320127035e-15,1.5870594744116982e-15,0.2573146953984967,0.20931943114145882,0.028282078527509646,0.04047727483641046
time_dependent,prepared,0.08,0.0005,0.6685,0.24809661944067019,0.4544827995096918,-1.8596235662471372e-15,2.0458679275138167e-15,0.25743874370821707,0.20921623805142509,0.02825417218515828,0.04045712731608352
time_dependent,prepared,0.08,0.0005,0.669,0.24797076303979537,0.45426001351428136,2.858824288409778e-15,3.1466827404564097e-15,0.257562729089737,0.20911309342618747,0.02822629281597356,0.04043698974750224
time_dependent,prepared,0.08,0.0005,0.6695,0.2478449778673116,0.4540373273575882,-4.718447854656915e-16,5.196101256825509e-16,0.25768665157867066,0.20900999725144215,0.02819844039605843,0.040416862125896014
time_dependent,prepared,0.08,0.0005,0.67,0.2477192638492881,0.4538147410315059,-1.5543122344752192e-15,1.712496415323929e-15,0.2578105112105953,0.20890694951285033,0.028170614901526076,0.04039674444649574
time_dependent,prepared,0.08,0.0005,0.6705,0.24759362091191117,0.453592254527753,-2.192690473634684e-15,2.4170281257531153e-15,0.2579343080210512,0.20880395019604375,0.028142816308502024,0.040376636704534334
time_dependent,prepared,0.08,0.0005,0.671,0.2474680489816549,0.4533698678378777,1.0547118733938987e-15,1.163191411930199e-15,0.25805804204554206,0.20870099928661465,0.028115044593122106,0.04035653889524666
time_dependent,prepared,0.08,0.0005,0.6715,0.2473425479850882,0.45314758095326674,4.996003610813204e-16,5.512556858742716e-16,0.2581817133195346,0.2085980967701307,0.028087299731533334,0.04033645101386874
time_dependent,prepared,0.08,0.0005,0.672,0.24721711784914174,0.4529253938651357,6.938893903907228e-16,7.660084859332668e-16,0.25830532187845917,0.20849524263212257,0.02805958169989476,0.04031637305563922
time_dependent,prepared,0.08,0.0005,0.6725,0.24709175850078327,0.45270330656452223,2.7200464103316335e-15,3.00422635630114e-15,0.25842886775770957,0.20839243685809114,0.028031890474375726,0.04029630501579776
time_dependent,prepared,0.08,0.0005,0.673,0.24696646986729076,0.45248131904231453,-8.326672684688674e-16,9.201123156103157e-16,0.25855235099264323,0.20828967943350346,0.02800422603115806,0.04027624688958632
time_dependent,prepared,0.08,0.0005,0.6735,0.24684125187615044,0.45225943128921375,2.886579864025407e-15,3.1912876374925936e-15,0.2586757716185813,0.20818697034379705,0.027976588346433996,0.040256198672248604
time_dependent,prepared,0.08,0.0005,0.674,0.24671610445501077,0.45203764329576773,1.0269562977782698e-15,1.135919002553436e-15,0.2587991296708088,0.20808430957437649,0.027948977396407886,0.04023616035902999
time_dependent,prepared,0.08,0.0005,0.6745,0.24659102753169185,0.4518159550523689,-1.942890293094024e-16,2.1500903978355838e-16,0.25892242518457464,0.20798169711061612,0.027921393157295193,0.0402161319451776
time_dependent,prepared,0.08,0.0005,0.675,0.2464660210342553,0.4515943665492237,-1.2212453270876722e-15,1.352148540314617e-15,0.2590456581950918,0.2078791329378578,0.02789383560532323,0.04019611342594056
time_dependent,prepared,0.08,0.0005,0.6755,0.24634108489104656,0.4513728777763833,7.771561172376096e-16,8.608803890323949e-16,0.2591688287375373,0.20777661704141617,0.02786630471673059,0.04017610479656972
time_dependent,prepared,0.08,0.0005,0.676,0.2462162190304511,0.4511514887237481,-1.4432899320127035e-15,1.5995624175990141e-15,0.25929193684705254,0.20767414940656992,0.027838800467767856,0.04015610605231768
time_dependent,prepared,0.08,0.0005,0.6765,0.2460914233810801,0.4509301993810522,-1.0269562977782698e-15,1.1387087172115256e-15,0.25941498255874307,0.2075717300185684,0.02781132283469691,0.04013611718843878
time_dependent,prepared,0.08,0.0005,0.677,0.24596669787190772,0.45070900973785266,4.440892098500626e-16,4.926562374561355e-16,0.259537965907679,0.2074693588626358,0.02778387179379193,0.040116138200189506
time_dependent,prepared,0.08,0.0005,0.6775,0.24584204243190033,0.45048791978357366,1.0824674490095276e-15,1.201438930404141e-15,0.259660886928895,0.20736703592396055,0.02775644732133811,0.04009616908282786
time_dependent,prepared,0.08,0.0005,0.678,0.24571745699030378,0.45026692950746205,-1.582067810090848e-15,1.7568110229874565e-15,0.25978374565739015,0.207264761187703,0.027729049393633062,0.04007620983161352
time_dependent,prepared,0.08,0.0005,0.6785,0.24559294147659613,0.4500460388986001,2.1371793224034263e-15,2.374400769789854e-15,0.25990654212812847,0.2071625346389911,0.027701677986986126,0.04005626044180841
time_dependent,prepared,0.08,0.0005,0.679,0.24546849582035327,0.4498252479459423,8.326672684688674e-17,9.255452781620352e-17,0.2600292763760386,0.20706035626292846,0.027674333077718178,0.040036320908675774
time_dependent,prepared,0.08,0.0005,0.6795,0.24534411995143857,0.4496045566382509,8.881784197001252e-16,9.877328939247688e-16,0.26015194843601436,0.2069582260445845,0.027647014642162654,0.040016391227481206
time_dependent,prepared,0.08,0.0005,0.68,0.24521981379988023,0.4493839649641618,-4.163336342344337e-16,4.632270693811208e-16,0.2602745583429143,0.20685614396900295,0.02761972265666436,0.0399964713934917
time_dependent,prepared,0.08,0.0005,0.6805,0.24509557729586126,0.44916347291213227,1.0269562977782698e-15,1.1431876807791618e-15,0.26039710613156225,0.20675411002119404,0.027592457097580434,0.03997656140197625
time_dependent,prepared,0.08,0.0005,0.681,0.2449714103698004,0.4489430804704848,9.71445146547012e-16,1.081924623416573e-15,0.26051959183674717,0.20665212418614437,0.027565217941280428,0.03995666124820567
time_dependent,prepared,0.08,0.0005,0.6815,0.2448473129522685,0.4487227876273794,-9.159339953157541e-16,1.020601160193751e-15,0.2606420154932233,0.20655018644880657,0.027538005164145167,0.03993677092745241
time_dependent,prepared,0.08,0.0005,0.682,0.24472328497407006,0.4485025943708162,-1.609823385706477e-15,1.7946645191259455e-15,0.2607643771357103,0.20644829679410814,0.027510818742568593,0.03991689043499096
time_dependent,prepared,0.08,0.0005,0.6825,0.24459932636613393,0.44828250068865244,-1.2212453270876722e-15,1.3621380772298657e-15,0.2608866767988934,0.20634645520694647,0.027483658652955854,0.03989701976609757
time_dependent,prepared,0.08,0.0005,0.683,0.2444754370596466,0.4480625065685975,-1.3322676295501878e-15,1.4866984070516312e-15,0.2610089145174232,0.20624466167219302,0.02745652487172521,0.03987715891605037
time_dependent,prepared,0.08,0.0005,0.6835,0.24435161698595734,0.44784261199820496,-9.159339953157541e-16,1.0226070172610398e-15,0.2611310903259162,0.20614291617468633,0.027429417375306568,0.039857307880129214
time_dependent,prepared,0.08,0.0005,0.684,0.24422786607657157,0.4476228169648741,-1.942890293094024e-15,2.1702315202203942e-15,0.2612532042589545,0.2060412186992429,0.02740233614014252,0.03983746665361561
time_dependent,prepared,0.08,0.0005,0.6845,0.2441041842632148,0.44740312145585126,8.326672684688674e-16,9.305559444459891e-16,0.2613752563510861,0.20593956923064693,0.027375281142687884,0.039817635231793505
time_dependent,prepared,0.08,0.0005,0.685,0.24398057147778388,0.4471835254582638,-2.3037127760972e-15,2.5758023774874217e-15,0.261497246636825,0.20583796775365587,0.027348252359410016,0.03979781360994797
time_dependent,prepared,0.08,0.0005,0.6855,0.24385702765237985,0.4469640289590475,1.4710455076283324e-15,1.6455971983408899e-15,0.2616191751506512,0.20573641425300268,0.027321249766788114,0.039778001783366254
time_dependent,prepared,0.08,0.0005,0.686,0.2437335527192195,0.44674463194504016,-2.192690473634684e-15,2.454075904715561e-15,0.2617410419270108,0.2056349087133897,0.027294273341314804,0.03975819974733746
time_dependent,prepared,0.08,0.0005,0.6865,0.24361014661081037,0.44652533440288544,-3.885780586188048e-16,4.3511311529325625e-16,0.2618628470003162,0.20553345111949395,0.027267323059494423,0.03973840749715249
time_dependent,prepared,0.08,0.0005,0.687,0.2434868092597073,0.44630613631912125,-1.7486012637846216e-15,1.958970672245392e-15,0.26198459040494604,0.20543204145596367,0.02724039889784418,0.039718625028103846
time_dependent,prepared,0.08,0.0005,0.6875,0.24336354059875784,0.44608703768012187,2.7755575615628914e-16,3.1110044981324643e-16,0.2621062721752454,0.2053306797074221,0.027213500832893985,0.039698852335486284
time_dependent,prepared,0.08,0.0005,0.6880000000000001,0.24324034056096083,0.4458680384721034,2.1094237467877974e-15,2.3655247346460927e-15,0.2622278923455259,0.20522936585846718,0.027186628841186018,0.03967908941459604
time_dependent,prepared,0.08,0.0005,0.6885,0.24311720907947257,0.4456491386811744,6.38378239159465e-16,7.162341220367219e-16,0.2623494509500656,0.2051280998936668,0.027159782899275252,0.03965933626073143
time_dependent,prepared,0.08,0.0005,0.6890000000000001,0.24299414608766426,0.44543033829326967,-9.71445146547012e-16,1.0904568717403093e-15,0.26247094802310944,0.2050268817975644,0.027132962983729653,0.03963959286919257
time_dependent,prepared,0.08,0.0005,0.6895,0.24287115151905594,0.4452116372942066,2.220446049250313e-16,2.493697225374848e-16,0.262592383598869,0.20492571155467607,0.02710616907112962,0.03961985923528109
time_dependent,prepared,0.08,0.0005,0.6900000000000001,0.24274822530734202,0.4449930356696363,5.551115123125783e-16,6.237305618471451e-16,0.26271375771152267,0.2048245891494961,0.02707940113806835,0.039600135354301055
time_dependent,prepared,0.08,0.0005,0.6905,0.24262536738635054,0.44477453340509643,-1.4710455076283324e-15,1.6536979943144816e-15,0.26283507039521586,0.2047235145664866,0.027052659161151883,0.03958042122155764
time_dependent,prepared,0.08,0.0005,0.6910000000000001,0.24250257769023423,0.44455613048596176,-1.5543122344752192e-15,1.7481619618833534e-15,0.26295632168406097,0.20462248779008826,0.02702594311699924,0.03956071683235868
time_dependent,prepared,0.08,0.0005,0.6915,0.24237985615309476,0.4443378268974834,-2.525757381022231e-15,2.8421588576623427e-15,0.2630775116121375,0.20452150880471603,0.026999252982241893,0.039541022182013115
time_dependent,prepared,0.08,0.0005,0.6920000000000001,0.24225720270949105,0.44411962262477156,-3.0531133177191805e-16,3.437264604156773e-16,0.26319864021349226,0.20442057759475807,0.026972588733524892,0.03952133726583226
time_dependent,prepared,0.08,0.0005,0.6925,0.24213461729388094,0.4439015176527868,-6.106226635438361e-16,6.877906914720851e-16,0.2633197075221392,0.20431969414457873,0.026945950347505535,0.03950166207912889
time_dependent,prepared,0.08,0.0005,0.6930000000000001,0.2420120998410809,0.44368351196636724,1.1379786002407855e-15,1.282421556750397e-15,0.2634407135720597,0.20421885843851562,0.026919337800854672,0.039481996617217976
time_dependent,prepared,0.08,0.0005,0.6935,0.2418896502859519,0.44346560555022174,3.219646771412954e-15,3.630097499239231e-15,0.2635616583972027,0.2041180704608836,0.026892751070255665,0.03946234087541607
time_dependent,prepared,0.08,0.0005,0.6940000000000001,0.24176726856365305,0.4432477983889039,-2.7755575615628914e-17,3.1309321463652576e-17,0.2636825420314845,0.20401733019597093,0.026866190132405817,0.03944269484904163
time_dependent,prepared,0.08,0.0005,0.6945,0.24164495460941565,0.4430300904668387,-4.440892098500626e-16,5.011953131469107e-16,0.2638033645087892,0.20391663762804343,0.026839654964014,0.039423058533415226
time_dependent,prepared,0.08,0.0005,0.6950000000000001,0.24152270835865297,0.4428124817683239,7.494005416219807e-16,8.461827212156823e-16,0.26392412586296854,0.2038159927413367,0.02681314554180387,0.039403431923858756
time_dependent,prepared,0.08,0.0005,0.6955,0.24140052974700038,0.4425949722775234,5.551115123125783e-16,6.271100521726018e-16,0.264044826127842,0.20371539552007245,0.02678666184251092,0.03938381501569639
time_dependent,prepared,0.08,0.0005,0.6960000000000001,0.24127841871023675,0.4423775619784548,-4.996003610813204e-16,5.646764257741138e-16,0.26416546533719715,0.20361484594843743,0.026760203842884668,0.039364207804254175
time_dependent,prepared,0.08,0.0005,0.6965,0.24115637518428795,0.4421602508550226,1.3877787807814457e-15,1.5693165295815729e-15,0.2642860435247893,0.2035143440106033,0.02673377151968769,0.03934461028485973
time_dependent,prepared,0.08,0.0005,0.6970000000000001,0.24103439910527144,0.4419430388909931,-1.1102230246251565e-16,1.2560702702899652e-16,0.26440656072434193,0.20341388969071023,0.026707364849695367,0.03932502245284263
time_dependent,prepared,0.08,0.0005,0.6975,0.240912490409443,0.44172592607000166,-1.3322676295501878e-15,1.5080251700452164e-15,0.26452701696954667,0.20331348297287993,0.026680983809696978,0.03930544430353444
time_dependent,prepared,0.08,0.0005,0.6980000000000001,0.24079064903325675,0.44150891237555073,-4.440892098500626e-16,5.029221352074511e-16,0.2646474122940633,0.20321312384120813,0.02665462837649478,0.039285875832268564
time_dependent,prepared,0.08,0.0005,0.6985,0.24066887491334565,0.4412919977909994,-5.828670879282072e-16,6.604097636552426e-16,0.26476774673152,0.20311281227976996,0.026628298526904293,0.03926631703437998
time_dependent,prepared,0.08,0.0005,0.6990000000000001,0.24054716798642048,0.44107518229961556,-2.0539125955565396e-15,2.3283021557097646e-15,0.2648880203155132,0.20301254827261264,0.026601994237754733,0.0392467679052059
time_dependent,prepared,0.08,0.0005,0.6995,0.24042552818945057,0.4408584658845116,-5.273559366969494e-16,5.9810117929673285e-16,0.2650082330796079,0.20291233180376633,0.026575715485888305,0.03922722844008516
time_dependent,prepared,0.08,0.0005,0.7000000000000001,0.24030395545952543,0.4406418485286787,1.4432899320127035e-15,1.6377131868340532e-15,0.26512838505733766,0.20281216285723053,0.026549462248161144,0.03920769863435847
time_dependent,prepared,0.08,0.0005,0.7005,0.2401824497339171,0.4404253302149868,-9.159339953157541e-16,1.039828924994682e-15,0.2652484762822046,0.20271204141698984,0.026523234501442824,0.03918817848336866
time_dependent,prepared,0.08,0.0005,0.7010000000000001,0.24006101095007104,0.44020891092616166,-1.5543122344752192e-15,1.7654256830070553e-15,0.26536850678767965,0.2026119674670025,0.026497032222615652,0.039168667982460124
time_dependent,prepared,0.08,0.0005,0.7015,0.23993963904549687,0.43999259064483315,3.0531133177191805e-16,3.469505376493585e-16,0.2654884766072024,0.20251194099120293,0.026470855388576745,0.03914916712697909
time_dependent,prepared,0.08,0.0005,0.7020000000000001,0.23981833395799904,0.43977636935347403,-1.887379141862766e-15,2.1458396509997256e-15,0.2656083857741814,0.2024119619735038,0.02644470397623557,0.03912967591227402
time_dependent,prepared,0.08,0.0005,0.7025,0.23969709562544733,0.43956024703445906,6.938893903907228e-16,7.892995272799604e-16,0.2657282343219941,0.20231203039780019,0.026418577962515986,0.03911019433369467
time_dependent,prepared,0.08,0.0005,0.7030000000000001,0.23957592398592206,0.43934422367002457,-1.3322676295501878e-15,1.5162002340911707e-15,0.2658480222839871,0.2022121462479589,0.026392477324355082,0.03909072238659331
time_dependent,prepared,0.08,0.0005,0.7035,0.23945481897765833,0.43912829924229474,-1.1934897514720433e-15,1.3589305830794584e-15,0.2659677496934759,0.20211230950782672,0.026366402038703773,0.03907126006632364
time_dependent,prepared,0.08,0.0005,0.704,0.23933378053904195,0.4389124737332611,1.1102230246251565e-16,1.2647430764292528e-16,0.26608741658374546,0.20201252016122861,0.02634035208252653,0.039051807368241355
time_dependent,prepared,0.08,0.0005,0.7045,0.23921280860853963,0.43869674712480844,-3.0531133177191805e-16,3.4797537680973234e-16,0.2662070229880497,0.2019127781919708,0.026314327432801998,0.03903236428770384
time_dependent,prepared,0.08,0.0005,0.705,0.2390919031249623,0.43848111939868006,-5.551115123125783e-17,6.329936316001949e-17,0.2663265689396122,0.2018130835838339,0.02628832806652179,0.039012930820070915
time_dependent,prepared,0.08,0.0005,0.7055,0.23897106402707755,0.438265590536511,2.0539125955565396e-15,2.3432282158430453e-15,0.2664460544716257,0.20171343632057978,0.026262353960692097,0.03899350696070364
time_dependent,prepared,0.08,0.0005,0.706,0.2388502912539318,0.4380501605198233,5.551115123125783e-17,6.336163781492981e-17,0.2665654796172527,0.20161383638594685,0.02623640509233219,0.03897409270496526
time_dependent,prepared,0.08,0.0005,0.7065,0.23872958474463873,0.4378348293300076,-1.1657341758564144e-15,1.3312487926557475e-15,0.26668484440962503,0.20151428376365316,0.026210481438475812,0.03895468804822069
time_dependent,prepared,0.08,0.0005,0.707,0.23860894443852548,0.43761959694834,-1.6653345369377348e-15,1.9027193349551103e-15,0.2668041488818443,0.20141477843739886,0.026184582976170028,0.03893529298583693
time_dependent,prepared,0.08,0.0005,0.7075,0.23848837027507952,0.437404463355978,-1.4432899320127035e-15,1.6498344814992164e-15,0.2669233930669818,0.20131532039085837,0.026158709682476092,0.038915907513182704
time_dependent,prepared,0.08,0.0005,0.708,0.23836786219396408,0.43718942853396026,3.0531133177191805e-16,3.491751079111486e-16,0.2670425769980788,0.20121590960768831,0.02613286153446933,0.03889653162562888
time_dependent,prepared,0.08,0.0005,0.7085,0.2382474201348648,0.4369744924632252,2.4424906541753444e-15,2.794774862494854e-15,0.26716170070814627,0.20111654607152352,0.026107038509238192,0.03887716531854773
time_dependent,prepared,0.08,0.0005,0.709,0.23812704403774146,0.4367596551245746,-1.1102230246251565e-16,1.27097708270295e-16,0.2672807642301651,0.2010172297659805,0.026081240583886292,0.03885780858731375
time_dependent,prepared,0.08,0.0005,0.7095,0.23800673384272125,0.4365449164986973,1.887379141862766e-15,2.1617238805578833e-15,0.26739976759708645,0.20091796067465295,0.026055467735530347,0.03883846142730338
time_dependent,prepared,0.08,0.0005,0.71,0.23788648948997548,0.43633027656618417,-2.7755575615628914e-17,3.1805695256880534e-17,0.26751871084183143,0.20081873878111403,0.026029719941301654,0.0388191238338948
time_dependent,prepared,0.08,0.0005,0.7105,0.23776631091989409,0.43611573530749137,-8.881784197001252e-16,1.018282932481099e-15,0.26763759399729137,0.2007195640689218,0.026003997178344847,0.038799795802467785
time_dependent,prepared,0.08,0.0005,0.711,0.23764619807301102,0.4359012927029729,-2.0816681711721685e-15,2.3877747164547195e-15,0.26775641709632786,0.20062043652160572,0.025978299423819514,0.03878047732840442
time_dependent,prepared,0.08,0.0005,0.7115,0.23752615089000004,0.4356869487328705,-7.216449660063518e-16,8.281691339448512e-16,0.26787518017177286,0.20052135612268493,0.025952626654898697,0.0387611684070886
time_dependent,prepared,0.08,0.0005,0.712,0.237406169311697,0.4354727033773054,6.661338147750939e-16,7.648399194816315e-16,0.2679938832564287,0.20042232285565212,0.025926978848769832,0.03874186903390592
time_dependent,prepared,0.08,0.0005,0.7125,0.23728625327902417,0.43525855661629487,1.4710455076283324e-15,1.6898524856860425e-15,0.2681125263830682,0.20032333670398383,0.02590135598263455,0.038722579204244094
time_dependent,prepared,0.08,0.0005,0.713,0.23716640273319664,0.43504450842974773,-1.9984014443252818e-15,2.296778152123249e-15,0.2682311095844348,0.2002243976511345,0.02587575803370836,0.03870329891349238
time_dependent,prepared,0.08,0.0005,0.7135,0.23704661761538662,0.43483055879744315,1.1102230246251565e-15,1.2766156864590669e-15,0.2683496328932425,0.20012550568054369,0.02585018497922123,0.03868402815704215
time_dependent,prepared,0.08,0.0005,0.714,0.23692689786702467,0.43461670769907274,-1.970645868709653e-15,2.267107814541412e-15,0.268468096342176,0.2000266607756283,0.025824636796417458,0.03866476693028664
time_dependent,prepared,0.08,0.0005,0.7145,0.23680724342970322,0.4344029551142146,-1.2212453270876722e-15,1.4056595526227258e-15,0.26858649996389083,0.19992786291978545,0.025799113462555322,0.038645515228621065
time_dependent,prepared,0.08,0.0005,0.715,0.23668765424509894,0.4341893010223247,-1.0824674490095276e-15,1.2465386024722333e-15,0.2687048437910134,0.1998291120963974,0.02577361495490751,0.03862627304744228
time_dependent,prepared,0.08,0.0005,0.7155,0.2365681302550456,0.4339757454027516,2.248201624865942e-15,2.5902387963865243e-15,0.26882312785614093,0.19973040828882335,0.025748141250761015,0.03860704038214924
time_dependent,prepared,0.08,0.0005,0.716,0.23644867140155362,0.4337622882347638,-5.551115123125783e-16,6.39879868961934e-16,0.26894135219184173,0.19963175148040602,0.02572269232741715,0.03858781722814275
time_dependent,prepared,0.08,0.0005,0.7165,0.2363292776267254,0.4335489294974835,-1.6653345369377348e-15,1.9205843027544646e-15,0.2690595168306551,0.19953314165447084,0.025697268162191728,0.038568603580825256
time_dependent,prepared,0.08,0.0005,0.717,0.23620994887283145,0.4333356691699595,2.7755575615628914e-17,3.2025491541919246e-17,0.2691776218050915,0.19943457879432222,0.025671868732414494,0.03854939943560146
time_dependent,prepared,0.08,0.0005,0.7175,0.2360906850823344,0.4331225072311075,4.163336342344337e-16,4.806187940866859e-16,0.2692956671476327,0.19933606288324807,0.025646494015429785,0.03853020478787784
time_dependent,prepared,0.08,0.0005,0.718,0.2359714861977484,0.4329094436597582,-1.7208456881689926e-15,1.987535399575946e-15,0.26941365289073155,0.19923759390451712,0.025621143988596936,0.03851101963306258
time_dependent,prepared,0.08,0.0005,0.7185,0.2358523521617882,0.4326964784346205,1.0547118733938987e-15,1.2187664170616335e-15,0.26953157906681247,0.19913917184138166,0.02559581862928877,0.03849184396656598
time_dependent,prepared,0.08,0.0005,0.719,0.23573328291728252,0.4324836115343175,1.1102230246251565e-15,1.2835434627065158e-15,0.2696494457082711,0.19904079667707214,0.025570517914893166,0.03847267778379993
time_dependent,prepared,0.08,0.0005,0.7195,0.23561427840721522,0.4322708429373576,-3.0531133177191805e-16,3.5314819026107925e-16,0.2697672528474747,0.19894246839480775,0.025545241822812582,0.0384535210801787
time_dependent,prepared,0.08,0.0005,0.72,0.2354953385746804,0.43205817262214274,-6.38378239159465e-16,7.387642215921701e-16,0.26988500051676206,0.19884418697778256,0.02551999033046349,0.03843437385111794
time_dependent,prepared,0.08,0.0005,0.7205,0.23537646336295615,0.4318456005669748,-2.1371793224034263e-15,2.4744715699285874e-15,0.2700026887484435,0.1987459524091823,0.025494763415277233,0.038415236092035544
time_dependent,prepared,0.08,0.0005,0.721,0.23525765271542226,0.4316331267500589,-9.43689570931383e-16,1.0931616602701538e-15,0.2701203175748012,0.1986477646721642,0.025469561054699906,0.03839610779835109
time_dependent,prepared,0.08,0.0005,0.7215,0.23513890657561923,0.4314207511494937,-9.43689570931383e-16,1.093699791232784e-15,0.27023788702808904,0.1985496237498764,0.025444383226191653,0.03837698896548633
time_dependent,prepared,0.08,0.0005,0.722,0.2350202248871798,0.43120847374327903,-5.828670879282072e-16,6.758530077904022e-16,0.27035539714053264,0.1984515296254489,0.025419229907227482,0.03835787958886444
time_dependent,prepared,0.08,0.0005,0.7225,0.23490160759392079,0.430996294509306,-8.326672684688674e-17,9.659796140670634e-17,0.2704728479443296,0.19835348228199057,0.0253941010752972,0.03833877966391082
time_dependent,prepared,0.08,0.0005,0.723,0.234783054639817,0.43078421342537926,9.159339953157541e-16,1.0631006972524676e-15,0.2705902394716495,0.1982554817025986,0.025368996707905055,0.03831968918605286
time_dependent,prepared,0.08,0.0005,0.7235,0.23466456596889643,0.43057223046919246,2.220446049250313e-16,2.5784826471864004e-16,0.27070757175463395,0.19815752787034813,0.025343916782569694,0.03830060815071969
time_dependent,prepared,0.08,0.0005,0.724,0.23454614152536843,0.4303603456183442,1.3877787807814457e-16,1.6123450904700306e-16,0.27082484482539665,0.19805962076830236,0.025318861276825318,0.038281536553342016
time_dependent,prepared,0.08,0.0005,0.7245,0.23442778125358077,0.4301485588503348,1.304512053934559e-15,1.516350603871774e-15,0.27094205871602345,0.1979617603795035,0.025293830168219823,0.038262474389353165
time_dependent,prepared,0.08,0.0005,0.725,0.2343094850979951,0.42993687014258697,-4.385380947269368e-15,5.1000289249616996e-15,0.2710592134585724,0.19786394668698062,0.025268823434316398,0.03824342165418771
time_dependent,prepared,0.08,0.0005,0.7255,0.23419125300323268,0.42972527947236705,6.106226635438361e-16,7.104802681070813e-16,0.27117630908507406,0.19776617967374654,0.025243841052692683,0.038224378343282496
time_dependent,prepared,0.08,0.0005,0.726,0.23407308491402162,0.42951378681692143,1.304512053934559e-15,1.518591595862556e-15,0.2712933456275311,0.19766845932279467,0.02521888300094156,0.038205344452076004
time_dependent,prepared,0.08,0.0005,0.7265,0.2339549807752531,0.42930239215332916,3.885780586188048e-16,4.525691746902968e-16,0.27141032311791874,0.19757078561710642,0.025193949256670015,0.03818631997600884
time_dependent,prepared,0.08,0.0005,0.727,0.23383694053189916,0.42909109545863233,-2.192690473634684e-15,2.555040755729318e-15,0.2715272415881847,0.19747315853964229,0.025169039797500615,0.03816730491052349
time_dependent,prepared,0.08,0.0005,0.7275,0.23371896412912846,0.4288798967097348,-1.1102230246251565e-15,1.2943285907576068e-15,0.2716441010702493,0.19737557807335201,0.025144154601069824,0.03814829925106406
time_dependent,prepared,0.08,0.0005,0.728,0.23360105151217878,0.42866879588346724,-6.38378239159465e-16,7.446054451476884e-16,0.27176090159600536,0.19727804420116635,0.025119293645030027,0.03812930299307696
time_dependent,prepared,0.08,0.0005,0.7285,0.23348320262645425,0.4284577929565701,-4.718447854656915e-15,5.506315828797656e-15,0.2718776431973186,0.19718055690600117,0.025094456907047834,0.03811031613201031
time_dependent,prepared,0.08,0.0005,0.729,0.23336541741746006,0.42824688790566606,-1.3877787807814457e-15,1.6203022368339394e-15,0.27199432590602735,0.1970831161707583,0.025069644364804203,0.03809133866331392
time_dependent,prepared,0.08,0.0005,0.7295,0.23324769583087773,0.4280360807073092,1.0547118733938987e-15,1.2320361774771843e-15,0.2721109497539428,0.19698572197831957,0.025044855995996314,0.038072370582439986
time_dependent,prepared,0.08,0.0005,0.73,0.23313003781245703,0.42782537133794823,-2.831068712794149e-15,3.30867323733103e-15,0.272227514772849,0.19688837431155665,0.025020091778335293,0.03805341188484209
time_dependent,prepared,0.08,0.0005,0.7305,0.23301244330810783,0.42761475977393903,-1.4432899320127035e-15,1.6876053726205678e-15,0.27234402099450306,0.19679107315332328,0.024995351689547474,0.038034462565976083
time_dependent,prepared,0.08,0.0005,0.731,0.23289491226384632,0.42740424599154897,-3.608224830031759e-16,4.221091465365444e-16,0.272460468450635,0.1966938184864604,0.024970635707374116,0.03801552262129946
time_dependent,prepared,0.08,0.0005,0.7315,0.2327774446258995,0.4271938299669541,1.7486012637846216e-15,2.046613435310948e-15,0.27257685717294794,0.19659661029378886,0.02494594380957154,0.037996592046271885
time_dependent,prepared,0.08,0.0005,0.732,0.2326600403404919,0.42698351167625104,-1.27675647831893e-15,1.4950887369241073e-15,0.2726931871931182,0.19649944855812163,0.024921275973910903,0.03797767083635477
time_dependent,prepared,0.08,0.0005,0.7325,0.23254269935405053,0.4267732910954214,-1.942890293094024e-16,2.27625572362683e-16,0.2728094585427952,0.1964023332622512,0.02489663217817873,0.03795875898701136
time_dependent,prepared,0.08,0.0005,0.733,0.23242542161312732,0.4265631682003678,-1.4988010832439613e-15,1.75683368253203e-15,0.2729256712536018,0.19630526438895765,0.02487201240017598,0.037939856493707055
time_dependent,prepared,0.08,0.0005,0.7335,0.23230820706435687,0.42635314296691545,-3.885780586188048e-16,4.556997702828688e-16,0.27304182535713395,0.19620824192100567,0.02484741661771916,0.037920963351908886
time_dependent,prepared,0.08,0.0005,0.734,0.23219105565455597,0.4261432153707818,-8.881784197001252e-16,1.0421125899274652e-15,0.2731579208849612,0.19611126584114746,0.02482284480863976,0.037902079557085855
time_dependent,prepared,0.08,0.0005,0.7345,0.23207396733064842,0.42593338538760545,-1.6653345369377348e-15,1.954923697073264e-15,0.2732739578686265,0.19601433613212008,0.02479829695078418,0.037883205104709175
time_dependent,prepared,0.08,0.0005,0.735,0.23195694203958206,0.42572365299294795,-1.1102230246251565e-15,1.3039245257105184e-15,0.2733899363396463,0.1959174527766424,0.024773773022013987,0.037864339990251315
time_dependent,prepared,0.08,0.0005,0.7355,0.23183997972862538,0.4255140181622593,-5.828670879282072e-16,6.848976332736769e-16,0.27350585632951063,0.19582061575742601,0.0247492730002059,0.03784548420918737
time_dependent,prepared,0.08,0.0005,0.736,0.23172308034496986,0.42530448087091743,5.273559366969494e-16,6.199745834055824e-16,0.2736217178696831,0.19572382505716276,0.024724796863251717,0.03782663775699382
time_dependent,prepared,0.08,0.0005,0.7365,0.23160624383608036,0.4250950410942131,-9.992007221626409e-16,1.175267440888814e-15,0.27373752099160115,0.1956270806585345,0.02470034458905856,0.037807800629149416
time_dependent,prepared,0.08,0.0005,0.737,0.23148947014943375,0.424885698807344,1.6653345369377348e-15,1.9597441636801767e-15,0.27385326572667584,0.19553038254420457,0.024675916155548375,0.0377889728211345
time_dependent,prepared,0.08,0.0005,0.7375,0.23137275923266895,0.4246764539854406,-9.71445146547012e-16,1.1437473604085402e-15,0.2739689521062922,0.1954337306968288,0.02465151154065842,0.03777015432843163
time_dependent,prepared,0.08,0.0005,0.738,0.23125611103358312,0.42446730660352194,1.942890293094024e-16,2.2886218359672165e-16,0.274084580161809,0.19533712509904455,0.02462713072234168,0.03775134514652495
time_dependent,prepared,0.08,0.0005,0.7385,0.231139525500024,0.4242582566365404,-5.551115123125783e-17,6.542141533242323e-17,0.274200149924559,0.19524056573347584,0.02460277367856534,0.03773254527090083
time_dependent,prepared,0.08,0.0005,0.739,0.23102300258002156,0.4240493040593598,-3.3584246494910985e-15,3.959945951262531e-15,0.274315661425849,0.19514405258273562,0.024578440387312564,0.037713754697047366
time_dependent,prepared,0.08,0.0005,0.7395,0.23090654222169335,0.42384044884675304,-9.71445146547012e-16,1.1460033477105157e-15,0.27443111469695985,0.19504758562942331,0.024554130826581613,0.03769497342045443
time_dependent,prepared,0.08,0.0005,0.74,0.23079014437323345,0.423631690973429,-2.525757381022231e-15,2.981077000186772e-15,0.27454650976914646,0.19495116485612315,0.024529844974385772,0.03767620143661418
time_dependent,prepared,0.08,0.0005,0.7405,0.2306738089830422,0.4234230304139876,1.27675647831893e-15,1.5076606450417004e-15,0.27466184667363797,0.19485479024540758,0.024505582808753923,0.037657438741020344
time_dependent,prepared,0.08,0.0005,0.741,0.2305575359996116,0.423214467142967,-1.915134717478395e-15,2.2626054473126545e-15,0.2747771254416378,0.19475846177983544,0.02448134430772998,0.037638685329168635
time_dependent,prepared,0.08,0.0005,0.7415,0.23044132537147258,0.4230060011348259,3.885780586188048e-16,4.593056098215401e-16,0.2748923461043235,0.1946621794419535,0.02445712944937324,0.037619941196557004
time_dependent,prepared,0.08,0.0005,0.742,0.23032517704739516,0.4227976323639084,-7.494005416219807e-16,8.862402296720537e-16,0.2750075086928472,0.1945659432142953,0.024432938211758667,0.03760120633868485
time_dependent,prepared,0.08,0.0005,0.7425,0.23020909097618183,0.4225893608045221,-5.828670879282072e-16,6.896376742880489e-16,0.27512261323833526,0.1944697530793822,0.02440877057297568,0.037582480751053776
time_dependent,prepared,0.08,0.0005,0.743,0.23009306710672026,0.422381186430865,3.247402347028583e-15,3.844160738395131e-15,0.27523765977188863,0.1943736090197204,0.0243846265111298,0.0375637644291671
time_dependent,prepared,0.08,0.0005,0.7435,0.22997710538814145,0.4221731092170672,-5.551115123125783e-17,6.574453703861544e-17,0.2753526483245827,0.19427751101780485,0.02436050600434187,0.03754505736853004
time_dependent,prepared,0.08,0.0005,0.744,0.2298612057695561,0.4219651291371666,-2.220446049250313e-16,2.6310776601264147e-16,0.2754675789274675,0.19418145905612053,0.024336409030747793,0.03752635956465012
time_dependent,prepared,0.08,0.0005,0.7445,0.22974536820030175,0.4217572461651397,8.049116928532385e-16,9.542357602293255e-16,0.27558245161156764,0.19408545311713948,0.024312335568498895,0.03750767101303633
time_dependent,prepared,0.08,0.0005,0.745,0.2296295926297167,0.42154946027486806,3.0531133177191805e-16,3.6212990472439704e-16,0.2756972664078825,0.19398949318331654,0.024288285595762262,0.037488991709199705
time_dependent,prepared,0.08,0.0005,0.7455,0.22951387900736447,0.4213417714401663,1.27675647831893e-15,1.5151078825568535e-15,0.2758120233473862,0.19389357923710002,0.02426425909071999,0.03747032164865337
time_dependent,prepared,0.08,0.0005,0.746,0.2293982272828681,0.4211341796347609,1.970645868709653e-15,2.3396888260396486e-15,0.2759267224610276,0.1937977112609247,0.024240256031569558,0.037451660826912106
time_dependent,prepared,0.08,0.0005,0.7465,0.2292826374059096,0.4209266848323093,2.7755575615628914e-15,3.2969608028873505e-15,0.2760413637797306,0.19370188923721088,0.024216276396524548,0.037433009239492686
time_dependent,prepared,0.08,0.0005,0.747,0.2291671093263783,0.4207192870063965,-2.6645352591003757e-15,3.166642630124862e-15,0.2761559473343938,0.19360611314837026,0.024192320163813015,0.03741436688191386
time_dependent,prepared,0.08,0.0005,0.7475,0.2290516429941978,0.42051198613051016,2.220446049250313e-16,2.6401697484089962e-16,0.2762704731558909,0.193510382976803,0.02416838731167937,0.03739573374969634
time_dependent,prepared,0.08,0.0005,0.748,0.22893623835952154,0.420304782178081,-7.771561172376096e-16,9.24514959370999e-16,0.2763849412750707,0.19341469870489317,0.02414447781838301,0.03737710983836265
time_dependent,prepared,0.08,0.0005,0.7485,0.22882089537245423,0.42009767512246265,-1.0824674490095276e-15,1.2883521060833996e-15,0.2764993517227569,0.19331906031501864,0.02412059166219883,0.03735849514343733
time_dependent,prepared,0.08,0.0005,0.749,0.22870561398331715,0.41989066493691873,1.942890293094024e-16,2.3135669060252967e-16,0.2766137045297486,0.19322346778954141,0.02409672882141755,0.037339889660446546
time_dependent,prepared,0.08,0.0005,0.7495,0.22859039414249135,0.4196837515946485,-4.996003610813204e-16,5.952105117043698e-16,0.27672799972681983,0.19312792111081473,0.024072889274345075,0.03732129338491882
time_dependent,prepared,0.08,0.0005,0.75,0.2284752358005076,0.4194769350687876,1.0547118733938987e-15,1.257175049709159e-15,0.2768422373447201,0.19303242026118123,0.024049072999303103,0.03730270631238422
time_dependent,prepared,0.08,0.0005,0.7505000000000001,0.2283601389079763,0.4192702153323799,7.216449660063518e-16,8.605965074746141e-16,0.27695641741417404,0.19293696522296908,0.024025279974628607,0.03728412843837502
time_dependent,prepared,0.08,0.0005,0.751,0.22824510341566762,0.41906359235839286,5.551115123125783e-17,6.623237170145696e-17,0.2770705399658819,0.1928415559784971,0.024001510178674426,0.03726555975842502
time_dependent,prepared,0.08,0.0005,0.7515000000000001,0.2281301292743062,0.4188570661197508,-1.0269562977782698e-15,1.2259030357203826e-15,0.277184605030519,0.19274619251007513,0.023977763589808257,0.03724700026807039
time_dependent,prepared,0.08,0.0005,0.752,0.2280152164349744,0.41865063658925317,4.718447854656915e-16,5.635304765207225e-16,0.2772986126387365,0.1926508747999978,0.02395404018641473,0.037228449962849075
time_dependent,prepared,0.08,0.0005,0.7525000000000001,0.22790036484863568,0.4184443037396806,-1.0269562977782698e-15,1.227112292604123e-15,0.27741256282116084,0.192555602830553,0.02393033994689274,0.03720990883830064
time_dependent,prepared,0.08,0.0005,0.753,0.22778557446645636,0.41823806754371723,-3.3306690738754696e-16,3.9817861313249846e-16,0.27752645560839406,0.19246037658401338,0.02390666284965732,0.037191376889966946
time_dependent,prepared,0.08,0.0005,0.7535000000000001,0.22767084523975883,0.41803192797396166,1.3600232051658168e-15,1.6266977641604057e-15,0.27764029103101395,0.19236519604264676,0.023883008873139076,0.037172854113391586
time_dependent,prepared,0.08,0.0005,0.754,0.2275561771198651,0.4178258850029762,5.551115123125783e-17,6.642856896104273e-17,0.2777540691195739,0.19227006118870504,0.02385937799578427,0.03715434050412013
time_dependent,prepared,0.08,0.0005,0.7545000000000001,0.2274415700582779,0.4176199386032196,-8.326672684688674e-16,9.9691991629258e-16,0.27786778990460304,0.19217497200443387,0.023835770196054887,0.03713583605770008
time_dependent,prepared,0.08,0.0005,0.755,0.22732702400652752,0.4174140887471004,1.4432899320127035e-15,1.728846690758383e-15,0.2779814534166063,0.19207992847206257,0.023812185452428383,0.03711734076968068
time_dependent,prepared,0.08,0.0005,0.7555000000000001,0.22721253891633975,0.41720833540694185,2.220446049250313e-16,2.6610758472556716e-16,0.27809505968606446,0.19198493057381763,0.023788623743397744,0.037098854635613326
time_dependent,prepared,0.08,0.0005,0.756,0.22709811473952635,0.41700267855501055,1.5543122344752192e-15,1.8636717632860157e-15,0.2782086087434342,0.19188997829190932,0.023765085047471934,0.03708037765105127
time_dependent,prepared,0.08,0.0005,0.7565000000000001,0.22698375142797833,0.4167971181635015,-3.608224830031759e-15,4.3285146091345294e-15,0.2783221006191482,0.19179507160854192,0.023741569343175534,0.03706190981154968
time_dependent,prepared,0.08,0.0005,0.757,0.22686944893362607,0.41659165420453714,1.7208456881689926e-15,2.0653866571749566e-15,0.278435535343615,0.19170021050590622,0.023718076609048858,0.037043451112665444
time_dependent,prepared,0.08,0.0005,0.7575000000000001,0.22675520720864778,0.4163862866501636,4.718447854656915e-16,5.665950111634228e-16,0.2785489129472193,0.19160539496618484,0.023694606823647393,0.037025001549957665
time_dependent,prepared,0.08,0.0005,0.758,0.2266410262052438,0.4161810154723854,-4.996003610813204e-16,6.002200274732022e-16,0.27866223346032193,0.19151062497155197,0.023671159965542914,0.03700656111898731
time_dependent,prepared,0.08,0.0005,0.7585000000000001,0.22652690587567065,0.4159758406431116,-3.2751579226442118e-15,3.936716514089771e-15,0.27877549691325976,0.19141590050416718,0.02364773601332295,0.03698812981531706
time_dependent,prepared,0.08,0.0005,0.759,0.22641284617235896,0.4157707621341864,2.55351295663786e-15,3.0708183321146185e-15,0.2788887033363459,0.1913212215461874,0.023624334945590342,0.036969707634511496
time_dependent,prepared,0.08,0.0005,0.7595000000000001,0.22629884704782216,0.41556577991741267,-3.969047313034935e-15,4.775474190660911e-15,0.27900185275986983,0.19122658807975174,0.02360095674096382,0.03695129457213768
time_dependent,prepared,0.08,0.0005,0.76,0.2261849084546966,0.4153608939644959,-5.551115123125783e-16,6.682279439142727e-16,0.2791149452140972,0.191132000086997,0.023577601378078166,0.0369328906237638
time_dependent,prepared,0.08,0.0005,0.7605000000000001,0.22607103034566747,0.4151561042470937,5.828670879282072e-16,7.019854483234268e-16,0.27922798072927,0.19103745755004675,0.023554268835583276,0.036914495784960616
time_dependent,prepared,0.08,0.0005,0.761,0.22595721267355492,0.41495141073679254,-3.219646771412954e-15,3.879546722947783e-15,0.2793409593356068,0.19094296045101478,0.023530959092145615,0.03689611005130047
time_dependent,prepared,0.08,0.0005,0.7615000000000001,0.2258434553912911,0.4147468134051074,5.551115123125783e-16,6.692173325637684e-16,0.2794538810633025,0.19084850877200799,0.023507672126446583,0.036877733418357574
time_dependent,prepared,0.08,0.0005,0.762,0.22572975845186224,0.41454231222351157,6.661338147750939e-16,8.034569634184044e-16,0.2795667459425284,0.19075410249512204,0.023484407917184306,0.03685936588170829
time_dependent,prepared,0.08,0.0005,0.7625000000000001,0.2256161218083677,0.4143379071633798,5.828670879282072e-16,7.033716657964068e-16,0.2796795540034326,0.19065974160244484,0.023461166443071627,0.03684100743693059
time_dependent,prepared,0.08,0.0005,0.763,0.2255025454140675,0.4141335981960455,2.7478019859472624e-15,3.317530861920649e-15,0.27979230527613963,0.1905654260760543,0.02343794768283806,0.036822658079605
time_dependent,prepared,0.08,0.0005,0.7635000000000001,0.22538902922224796,0.4139293852927773,0.0,0.0,0.27990499979075073,0.19047115589801822,0.02341475161522862,0.03680431780531325
time_dependent,prepared,0.08,0.0005,0.764,0.22527557318630895,0.4137252684247696,-1.6653345369377348e-15,2.01260916849288e-15,0.2800176375773439,0.19037693105039893,0.02339157821900381,0.03678598660963917
time_dependent,prepared,0.08,0.0005,0.7645000000000001,0.2251621772597357,0.4135212475631589,-8.326672684688674e-16,1.0068010693231567e-15,0.28013021866597376,0.19028275151524798,0.023368427472940653,0.036767664488168726
time_dependent,prepared,0.08,0.0005,0.765,0.22504884139616385,0.41331732267902355,1.2212453270876722e-15,1.4773701222729449e-15,0.28024274308667185,0.19018861727460623,0.023345299355831378,0.03674935143648966
time_dependent,prepared,0.08,0.0005,0.7655000000000001,0.22493556554927494,0.4131134937433762,-2.1371793224034263e-15,2.5866733413107e-15,0.2803552108694465,0.19009452831051,0.02332219384648447,0.03673104745019179
time_dependent,prepared,0.08,0.0005,0.766,0.22482234967287504,0.41290976072715757,2.7755575615628914e-17,3.360973541379812e-17,0.28046762204428294,0.19000048460498262,0.023299110923723835,0.03671275252486656
time_dependent,prepared,0.08,0.0005,0.7665000000000001,0.2247091937208381,0.4127061236012665,-4.718447854656915e-16,5.716474247442495e-16,0.28057997664114337,0.18990648614004219,0.023276050566389705,0.03669446665610755
time_dependent,prepared,0.08,0.0005,0.767,0.22459609764717567,0.4125025823365168,1.0824674490095276e-15,1.3120735425196158e-15,0.28069227468996694,0.1898125328976972,0.023253012753338083,0.03667618983951022
time_dependent,prepared,0.08,0.0005,0.7675000000000001,0.22448306140596486,0.4122991369036962,-1.3877787807814457e-15,1.6829756074721084e-15,0.28080451622066993,0.18971862485994828,0.023229997463440434,0.036657922070671985
time_dependent,prepared,0.08,0.0005,0.768,0.22437008495136596,0.41209578727348706,9.992007221626409e-16,1.2123403745201608e-15,0.2809167012631456,0.18962476200878706,0.023207004675584585,0.0366396633451921
time_dependent,prepared,0.08,0.0005,0.7685,0.22425716823771163,0.41189253341654375,3.885780586188048e-16,4.716983522323753e-16,0.28102882984726446,0.18953094432619766,0.023184034368674125,0.036621413658671914
time_dependent,prepared,0.08,0.0005,0.769,0.22414431121930614,0.41168937530344824,-3.3306690738754696e-16,4.045123913412266e-16,0.2811409020028741,0.18943717179415523,0.023161086521628276,0.03660317300671435
time_dependent,prepared,0.08,0.0005,0.7695,0.22403151385061335,0.411486312904736,-1.1379786002407855e-15,1.382766041727666e-15,0.28125291775979944,0.1893434443946284,0.023138161113382683,0.036584941384924595
time_dependent,prepared,0.08,0.0005,0.77,0.22391877608619662,0.4112833461908582,-9.992007221626409e-16,1.2147352079981349e-15,0.28136487714784253,0.18924976210957598,0.02311525812288813,0.03656671878890945
time_dependent,prepared,0.08,0.0005,0.7705,0.22380609788072917,0.4110804751322339,2.3314683517128287e-15,2.835780939197914e-15,0.2814767801967829,0.18915612492095008,0.023092377529111963,0.03654850521427813
time_dependent,prepared,0.08,0.0005,0.771,0.22369347918895233,0.4108776996992054,-4.718447854656915e-16,5.741912810200202e-16,0.2815886269363774,0.18906253281069552,0.02306951931103747,0.03653030065664121
time_dependent,prepared,0.08,0.0005,0.7715,0.2235809199656504,0.41067501986206856,-1.887379141862766e-15,2.2978986431858885e-15,0.2817004173963602,0.1889689857607473,0.023046683447663346,0.03651210511161152
time_dependent,prepared,0.08,0.0005,0.772,0.22346842016582988,0.4104724355910506,-3.0531133177191805e-16,3.7190235604041465e-16,0.28181215160644313,0.1888754837530356,0.02302386991800475,0.03649391857480373
time_dependent,prepared,0.08,0.0005,0.7725,0.22335597974442403,0.41026994685633084,0.0,0.0,0.28192382959631535,0.1887820267694793,0.023001078701092564,0.03647574104183437
time_dependent,prepared,0.08,0.0005,0.773,0.22324359865660268,0.410067553628031,-5.273559366969494e-16,6.430110502906432e-16,0.2820354513956436,0.18868861479199386,0.022978309775973347,0.03645757250832212
time_dependent,prepared,0.08,0.0005,0.7735,0.2231312768575101,0.40986525587619604,8.326672684688674e-16,1.015781719151601e-15,0.28214701703407236,0.18859524780248377,0.022955563121710435,0.036439412969887196
time_dependent,prepared,0.08,0.0005,0.774,0.22301901430249818,0.4096630535708513,1.3322676295501878e-15,1.6260529451428425e-15,0.28225852654122363,0.18850192578285002,0.02293283871738202,0.036421262422152025
time_dependent,prepared,0.08,0.0005,0.7745,0.22290681094692844,0.40946094668193533,-3.3306690738754696e-16,4.067138882066203e-16,0.2823699799466971,0.18840864871498186,0.022910136542082928,0.036403120860740865
time_dependent,prepared,0.08,0.0005,0.775,0.22279466674621468,0.40925893517934475,-6.938893903907228e-16,8.47738840554145e-16,0.2824813772800702,0.18831541658076578,0.022887456574924157,0.036384988281279874
time_dependent,prepared,0.08,0.0005,0.7755,0.2226825816559993,0.40905701903290986,-5.551115123125783e-17,6.785258368441759e-17,0.28259271857089824,0.1882222293620768,0.02286479879503203,0.0363668646793972
time_dependent,prepared,0.08,0.0005,0.776,0.22257055563193628,0.4088551982124151,2.609024107869118e-15,3.1906456360053743e-15,0.2827040038487142,0.18812908704078726,0.022842163181549337,0.0363487500507229
time_dependent,prepared,0.08,0.0005,0.7765,0.22245858862970075,0.4086534726875994,8.326672684688674e-16,1.0187938242548722e-15,0.28281523314302903,0.18803598959875753,0.02281954971363474,0.03633064439088901
time_dependent,prepared,0.08,0.0005,0.777,0.22234668060515586,0.40845184242812504,1.609823385706477e-15,1.970640377255433e-15,0.2829264064833316,0.18794293701784615,0.022796958370462844,0.03631254769552914
time_dependent,prepared,0.08,0.0005,0.7775,0.22223483151422516,0.4082503074036203,-1.942890293094024e-16,2.3795331661234595e-16,0.2830375238990887,0.1878499292799019,0.022774389131224336,0.03629445996027945
time_dependent,prepared,0.08,0.0005,0.778,0.22212304131288782,0.4080488675836351,2.3592239273284576e-15,2.890859544959889e-15,0.28314858541974514,0.1877569663667658,0.022751841975125774,0.03627638118077733
time_dependent,prepared,0.08,0.0005,0.7785,0.22201130995727067,0.4078475229376941,-1.1102230246251565e-15,1.3610760911679781e-15,0.28325959107472376,0.18766404826027594,0.022729316881389856,0.03625831135266257
time_dependent,prepared,0.08,0.0005,0.779,0.22189963740351573,0.4076462734352512,-7.771561172376096e-16,9.532236253363548e-16,0.2833705408934255,0.18757117494226017,0.0227068138292554,0.036240250471576634
time_dependent,prepared,0.08,0.0005,0.7795,0.22178802360790817,0.40744511904571373,4.996003610813204e-16,6.130891471364845e-16,0.2834814349052295,0.1874783463945409,0.022684332797976887,0.03622219853316318
time_dependent,prepared,0.08,0.0005,0.78,0.22167646852682596,0.4072440597384326,-4.718447854656915e-16,5.793145095458868e-16,0.28359227313949287,0.18738556259893518,0.022661873766825182,0.036204155533067404
time_dependent,prepared,0.08,0.0005,0.7805,0.2215649721166838,0.4070430954827066,2.498001805406602e-16,3.0684733792674415e-16,0.2837030556255512,0.18729282353725235,0.022639436715086936,0.03618612146693676
time_dependent,prepared,0.08,0.0005,0.781,0.22145353433400433,0.40684222624779326,-5.551115123125783e-16,6.822196376126403e-16,0.2838137823927182,0.18720012919129556,0.022617021622064887,0.03616809633042047
time_dependent,prepared,0.08,0.0005,0.7815,0.22134215513542307,0.4066414520028854,-2.858824288409778e-15,3.5151658473685354e-15,0.28392445347028594,0.18710747954286144,0.022594628467077927,0.03615008011916972
time_dependent,prepared,0.08,0.0005,0.782,0.22123083447761657,0.40644077271712425,-5.828670879282072e-16,7.170381603593114e-16,0.2840350688875248,0.18701487457374127,0.02257225722946125,0.03613207282883759
time_dependent,prepared,0.08,0.0005,0.7825,0.22111957231736676,0.40624018835961706,-3.608224830031759e-16,4.440999356318782e-16,0.2841456286736835,0.1869223142657205,0.02254990788856519,0.03611407445507892
time_dependent,prepared,0.08,0.0005,0.783,0.2210083686115296,0.4060396988993963,7.494005416219807e-16,9.22816837433989e-16,0.28425613285798923,0.18682979860057672,0.02252758042375714,0.03609608499355095
time_dependent,prepared,0.08,0.0005,0.7835,0.22089722331711642,0.4058393043054603,-2.914335439641036e-15,3.590504183211804e-15,0.2843665814696478,0.18673732756008335,0.02250527481441993,0.03607810443991215
time_dependent,prepared,0.08,0.0005,0.784,0.22078613639109873,0.4056390045467586,7.771561172376096e-16,9.579405684938575e-16,0.2844769745378433,0.18664490112600546,0.0224829910399528,0.03606013278982361
time_dependent,prepared,0.08,0.0005,0.7845,0.22067510779060923,0.4054387995921759,-1.609823385706477e-15,1.985285309799869e-15,0.2845873120917386,0.1865525192801035,0.02246072907977089,0.03604217003894788
time_dependent,prepared,0.08,0.0005,0.785,0.22056413747287695,0.4052386894105633,7.771561172376096e-16,9.588868703134133e-16,0.284697594160475,0.18646018200413564,0.022438488913305243,0.036024216182949556
time_dependent,prepared,0.08,0.0005,0.7855,0.2204532253951675,0.4050386739707196,1.6653345369377348e-16,2.0557722557847923e-16,0.2848078207731726,0.18636788927984754,0.022416270520003403,0.03600627121749526
time_dependent,prepared,0.08,0.0005,0.786,0.22034237151486685,0.40483875324139457,-1.1934897514720433e-15,1.4740310085388478e-15,0.2849179919589301,0.18627564108898428,0.022394073879328662,0.03598833513825335
time_dependent,prepared,0.08,0.0005,0.7865,0.22023157578935434,0.40463892719127714,-5.551115123125783e-17,6.859343911444427e-17,0.28502810774682474,0.1861834374132839,0.02237189897076032,0.03597040794089412
time_dependent,prepared,0.08,0.0005,0.787,0.22012083817628528,0.40443919578901755,5.273559366969494e-16,6.519594814099732e-16,0.28513816816591286,0.18609127823447696,0.02234974577379418,0.03595248962109008
time_dependent,prepared,0.08,0.0005,0.7875,0.22001015863318588,0.404239559003227,5.273559366969494e-16,6.522814565666236e-16,0.28524817324522944,0.18599916353429252,0.022327614267941755,0.03593458017451516
time_dependent,prepared,0.08,0.0005,0.788,0.21989953711780658,0.40404001680245805,9.71445146547012e-16,1.2021645210231324e-15,0.2853581230137883,0.1859070932944505,0.02230550443273067,0.035916679596845684
time_dependent,prepared,0.08,0.0005,0.7885,0.21978897358787977,0.403840569155217,3.608224830031759e-16,4.467387758465802e-16,0.28546801750058226,0.1858150674966658,0.02228341624770472,0.03589878788375971
time_dependent,prepared,0.08,0.0005,0.789,0.2196784680012874,0.40364121602996356,3.608224830031759e-16,4.469594142937954e-16,0.2855778567345829,0.18572308612265173,0.022261349692424024,0.035880905030937105
time_dependent,prepared,0.08,0.0005,0.7895,0.21956802031593525,0.40344195739511735,7.216449660063518e-16,8.943603321104212e-16,0.2856876407447409,0.18563114915411252,0.022239304746464517,0.03586303103405983
time_dependent,prepared,0.08,0.0005,0.79,0.21945763048988925,0.40324279321904044,-2.7755575615628914e-17,3.4415463936824976e-17,0.28579736955998586,0.18553925657274717,0.022217281389418038,0.035845165888811543
time_dependent,prepared,0.08,0.0005,0.7905,0.2193472984812577,0.4030437234700512,9.992007221626409e-16,1.2395686422801804e-15,0.2859070432092265,0.18544740836025295,0.022195279600893226,0.035827309590878244
time_dependent,prepared,0.08,0.0005,0.791,0.21923702424816405,0.40284474811643783,-1.3322676295501878e-15,1.653574529368213e-15,0.2860166617213506,0.1853556044983193,0.022173299360514084,0.03580946213594725
time_dependent,prepared,0.08,0.0005,0.7915,0.2191268077489222,0.4026458671264182,-5.551115123125783e-17,6.893297033870843e-17,0.28612622512522506,0.1852638449686297,0.022151340647921337,0.03579162351970834
time_dependent,prepared,0.08,0.0005,0.792,0.21901664894183873,0.40244708046818717,-6.661338147750939e-16,8.276042330834492e-16,0.286235733449696,0.18517212975286704,0.022129403442771044,0.035773793737852805
time_dependent,prepared,0.08,0.0005,0.7925,0.2189065477853212,0.4022483881098718,3.608224830031759e-16,4.485070589078647e-16,0.28634518672358866,0.18508045883270463,0.022107487724736242,0.03575597278607425
time_dependent,prepared,0.08,0.0005,0.793,0.21879650423791708,0.4020497900195785,1.2490009027033011e-15,1.5532913257366419e-15,0.28645458497570764,0.18498883218981457,0.02208559347350568,0.035738160660068
time_dependent,prepared,0.08,0.0005,0.7935,0.21868651825816487,0.40185128616535354,-3.885780586188048e-16,4.834849010025479e-16,0.28656392823483673,0.1848972498058598,0.022063720668784176,0.03572035735553114
time_dependent,prepared,0.08,0.0005,0.794,0.21857658980475128,0.4016528765152023,-5.551115123125783e-16,6.910339061042029e-16,0.2866732165297391,0.18480571166250484,0.022041869290292674,0.03570256286816295
time_dependent,prepared,0.08,0.0005,0.7945,0.2184667188363141,0.40145456103709376,1.942890293094024e-15,2.4198134504623292e-15,0.28678244988915724,0.18471421774140528,0.022020039317768525,0.03568477719366434
time_dependent,prepared,0.08,0.0005,0.795,0.21835690531174323,0.4012563396989408,1.7763568394002505e-15,2.2134937989179583e-15,0.2868916283418131,0.18462276802421132,0.021998230730964644,0.03566700032773839
time_dependent,prepared,0.08,0.0005,0.7955,0.2182471491899235,0.40105821246862594,0.0,0.0,0.28700075191640806,0.18453136249257154,0.021976443509650754,0.0356492322660901
time_dependent,prepared,0.08,0.0005,0.796,0.21813745042978464,0.40086017931397544,-1.970645868709653e-15,2.458021487794303e-15,0.28710982064162294,0.18444000112813036,0.02195467763361226,0.03563147300442613
time_dependent,prepared,0.08,0.0005,0.7965,0.2180278089904073,0.4006622402027749,4.996003610813204e-16,6.234682370223765e-16,0.28721883454611813,0.18434868391252343,0.021932933082650777,0.035613722538455385
time_dependent,prepared,0.08,0.0005,0.797,0.21791822483084305,0.40046439510278803,0.0,0.0,0.28732779365853356,0.18425741082738828,0.021911209836584275,0.03559598086388849
time_dependent,prepared,0.08,0.0005,0.7975,0.2178086979102937,0.4002666439817084,6.938893903907228e-16,8.667839311916683e-16,0.2874366980074887,0.18416618185435202,0.021889507875246305,0.03557824797643771
time_dependent,prepared,0.08,0.0005,0.798,0.21769922818807078,0.4000689868072015,2.7755575615628914e-16,3.468848689964149e-16,0.28754554762158274,0.18407499697504134,0.021867827178487245,0.03556052387181808
time_dependent,prepared,0.08,0.0005,0.7985,0.2175898156234686,0.39987142354688937,9.992007221626409e-16,1.2494025120620707e-15,0.2876543425293945,0.18398385617108048,0.021846167726173205,0.035542808545745666
time_dependent,prepared,0.08,0.0005,0.799,0.2174804601759212,0.3996739541683583,2.498001805406602e-16,3.125049530190733e-16,0.2877630827594824,0.18389275942408462,0.02182452949818634,0.03552510199393873
time_dependent,prepared,0.08,0.0005,0.7995,0.21737116180493563,0.3994765786391431,-7.494005416219807e-16,9.379780714239735e-16,0.2878717683403849,0.18380170671566612,0.02180291247442537,0.035507404212117746
time_dependent,prepared,0.08,0.0005,0.8,0.21726192047006332,0.3992792969267388,8.326672684688674e-17,1.0427128013873057e-16,0.28798039930061997,0.18371069802743903,0.021781316634804797,0.03548971519600471
time_dependent,prepared,0.08,0.0005,0.8005,0.21715273613092176,0.39908210899861085,2.220446049250313e-16,2.7819413589122353e-16,0.2880889756686854,0.18361973334100462,0.02175974195925548,0.03547203494132386
time_dependent,prepared,0.08,0.0005,0.801,0.2170436087472471,0.39888501482217,-2.0539125955565396e-15,2.574567255268057e-15,0.288197497473059,0.1835288126379673,0.021738188427724073,0.03545436344380094
time_dependent,prepared,0.08,0.0005,0.8015,0.216934538278826,0.39868801436479645,0.0,0.0,0.28830596474219844,0.18343793589992452,0.02171665602017372,0.03543670069916406
time_dependent,prepared,0.08,0.0005,0.802,0.2168255246855346,0.3984911075938295,-7.771561172376096e-16,9.751235378001749e-16,0.2884143775045412,0.18334710310847016,0.021695144716583615,0.03541904670314297
time_dependent,prepared,0.08,0.0005,0.8025,0.2167165679272557,0.39829429447656534,-3.608224830031759e-16,4.529596431670778e-16,0.2885227357885048,0.18325631424519526,0.021673654496949125,0.03540140145146939
time_dependent,prepared,0.08,0.0005,0.803,0.21660766796405548,0.3980975749802653,-3.0531133177191805e-16,3.8346293843544915e-16,0.2886310396224868,0.1831655692916875,0.02165218534128172,0.03538376493987705
time_dependent,prepared,0.08,0.0005,0.8035,0.21649882475600088,0.39790094907215345,-2.220446049250313e-15,2.7901994886265955e-15,0.28873928903486484,0.18307486822952856,0.02163073722960891,0.03536613716410152
time_dependent,prepared,0.08,0.0005,0.804,0.2163900382631734,0.3977044167194006,-2.192690473634684e-15,2.7566835839061574e-15,0.2888474840539964,0.18298421104030096,0.021609310141974716,0.03534851811988001
time_dependent,prepared,0.08,0.0005,0.8045,0.2162813084458948,0.3975079778891616,-1.6653345369377348e-15,2.0947183824850035e-15,0.28895562470821934,0.18289359770558078,0.021587904058438787,0.03533090780295228
time_dependent,prepared,0.08,0.0005,0.805,0.21617263526441013,0.3973116325485281,4.996003610813204e-16,6.287260680950468e-16,0.28906371102585154,0.1828030282069378,0.021566518959077144,0.03531330620905949
time_dependent,prepared,0.08,0.0005,0.8055,0.21606401867909555,0.3971153806645768,1.887379141862766e-15,2.3763611707814145e-15,0.2891717430351911,0.18271250252594587,0.021545154823982362,0.035295713333944885
time_dependent,prepared,0.08,0.0005,0.806,0.2159554586503792,0.39691922220432424,2.6645352591003757e-15,3.3565208108373366e-15,0.2892797207645163,0.1826220206441678,0.021523811633262255,0.035278129173353524
time_dependent,prepared,0.08,0.0005,0.8065,0.21584695513876184,0.39672315713478085,6.38378239159465e-16,8.045638724116436e-16,0.2893876442420857,0.18253158254316987,0.021502489367041817,0.0352605537230325
time_dependent,prepared,0.08,0.0005,0.807,0.21573850810486053,0.3965271854228917,2.220446049250313e-16,2.79986610108741e-16,0.2894955134961381,0.18244118820451113,0.02148118800546152,0.03524298697873075
time_dependent,prepared,0.08,0.0005,0.8075,0.21563011750930686,0.39633130703557023,-9.992007221626409e-16,1.2605624441282973e-15,0.2896033285548928,0.18235083760974782,0.021459907528678122,0.0352254289361993
time_dependent,prepared,0.08,0.0005,0.808,0.21552178331281638,0.3961355219396967,-2.0539125955565396e-15,2.592436782113685e-15,0.2897110894465492,0.18226053074043494,0.021438647916864364,0.03520787959119072
time_dependent,prepared,0.08,0.0005,0.8085,0.2154135054761614,0.3959398301021151,1.1379786002407855e-15,1.4370600198864722e-15,0.2898187961992873,0.18217026757812035,0.021417409150209853,0.035190338939459775
time_dependent,prepared,0.08,0.0005,0.809,0.21530528396026513,0.39574423148963717,-7.494005416219807e-16,9.46824340055611e-16,0.28992644884126745,0.18208004810435693,0.02139619120891932,0.035172806976763206
time_dependent,prepared,0.08,0.0005,0.8095,0.21519711872596511,0.39554872606904434,-3.58046925441613e-15,4.525952200628708e-15,0.29003404740063043,0.18198987230068545,0.02137499407321451,0.035155283698859424
time_dependent,prepared,0.08,0.0005,0.81,0.2150890097343168,0.395353313807049,5.273559366969494e-16,6.66942603337231e-16,0.2901415919054976,0.18189974014864826,0.02135381772333267,0.03513776910150879
time_dependent,prepared,0.08,0.0005,0.8105,0.21498095694640107,0.3951579946703663,1.0547118733938987e-15,1.3345445209500557e-15,0.2902490823839708,0.1818096516297865,0.021332662139527614,0.035120263180473885
time_dependent,prepared,0.08,0.0005,0.811,0.2148729603233289,0.39496276862565893,2.4424906541753444e-15,3.0920517681633692e-15,0.29035651886413244,0.1817196067256364,0.02131152730206929,0.035102765931518835
time_dependent,prepared,0.08,0.0005,0.8115,0.2147650198263036,0.3947676356395593,-7.216449660063518e-16,9.14012321244651e-16,0.2904639013740456,0.18162960541772885,0.02129041319124347,0.0350852773504097
time_dependent,prepared,0.08,0.0005,0.812,0.21465713541656758,0.3945725956786621,9.43689570931383e-16,1.1958377004214428e-15,0.2905712299417539,0.18153964768759737,0.02126931978735232,0.03506779743291468
time_dependent,prepared,0.08,0.0005,0.8125,0.21454930705560105,0.3943776487095225,1.7763568394002505e-15,2.252101311031214e-15,0.29067850459528166,0.18144973351677107,0.0212482470707142,0.03505032617480395
time_dependent,prepared,0.08,0.0005,0.8130000000000001,0.21444153470460653,0.39418279469867556,3.885780586188048e-16,4.92890689097484e-16,0.290785725362634,0.18135986288677394,0.02122719502166337,0.03503286357184904
time_dependent,prepared,0.08,0.0005,0.8135,0.21433381832520787,0.39398803361260765,-1.5265566588595902e-15,1.9373134824198668e-15,0.2908928922717966,0.18127003577913037,0.021206163620550285,0.035015409619824016
time_dependent,prepared,0.08,0.0005,0.8140000000000001,0.21422615787887778,0.3937933654177801,-3.3306690738754696e-16,4.2289552927611214e-16,0.29100000535073606,0.18118025217536007,0.021185152847741924,0.03499796431450445
time_dependent,prepared,0.08,0.0005,0.8145,0.21411855332724777,0.3935987900806118,-1.6653345369377348e-16,2.1155229371978797e-16,0.29110706462739966,0.1810905120569843,0.021164162683620827,0.03498052765166794
time_dependent,prepared,0.08,0.0005,0.8150000000000001,0.21401100463204753,0.39340430756750155,9.992007221626409e-16,1.2699412575587948e-15,0.2912140701297157,0.18100081540551624,0.021143193108586082,0.034963099627094346
time_dependent,prepared,0.08,0.0005,0.8155,0.21390351175489414,0.39320991784481035,-3.885780586188048e-16,4.941101953234132e-16,0.2913210218855931,0.1809111622024713,0.021122244103052586,0.034945680236564754
time_dependent,prepared,0.08,0.0005,0.8160000000000001,0.2137960746577281,0.3930156208788548,5.551115123125783e-16,7.06220672693934e-16,0.291427919922922,0.1808215524293611,0.02110131564745204,0.034928269475862694
time_dependent,prepared,0.08,0.0005,0.8165,0.2136886933023786,0.3928214166359287,4.163336342344337e-16,5.299273621584338e-16,0.2915347642695732,0.18073198606769406,0.021080407722231156,0.034910867340773505
time_dependent,prepared,0.08,0.0005,0.8170000000000001,0.21358136765075394,0.3926273050822961,9.43689570931383e-16,1.2017625349994203e-15,0.29164155495339855,0.18064246309897883,0.021059520307853772,0.03489347382708426
time_dependent,prepared,0.08,0.0005,0.8175,0.2134740976648763,0.39243328618418455,-2.7755575615628914e-17,3.5363431942164716e-17,0.291748292002231,0.1805529835047186,0.02103865338479973,0.03487608893058386
time_dependent,prepared,0.08,0.0005,0.8180000000000001,0.21336688330680506,0.39223935990779407,-1.1379786002407855e-15,1.450617552134873e-15,0.2918549754438844,0.18046354726641783,0.02101780693356424,0.03485871264706357
time_dependent,prepared,0.08,0.0005,0.8185,0.21325972453872746,0.39204552621928207,9.992007221626409e-16,1.2743427170289384e-15,0.2919616053061537,0.1803741543655783,0.020996980934659595,0.034841344972316286
time_dependent,prepared,0.08,0.0005,0.8190000000000001,0.2131526213228197,0.39185178508478385,-1.9984014443252818e-15,2.5499455666546195e-15,0.29206818161681514,0.18028480478369804,0.020976175368613906,0.03482398590213665
time_dependent,prepared,0.08,0.0005,0.8195,0.2130455736213229,0.3916581364704011,5.551115123125783e-17,7.086684286903992e-17,0.2921747044036258,0.18019549850227215,0.020955390215970926,0.034806635432321376
time_dependent,prepared,0.08,0.0005,0.8200000000000001,0.21293858139660313,0.3914645803421924,3.219646771412954e-15,4.1123091757095095e-15,0.2922811736943241,0.18010623550279992,0.02093462545729097,0.03478929355866913
time_dependent,prepared,0.08,0.0005,0.8205,0.21283164461100224,0.39127111666623415,-3.4139358007223564e-15,4.362621792544119e-15,0.29238758951662963,0.18001701576677137,0.02091388107315059,0.03477196027698051
time_dependent,prepared,0.08,0.0005,0.8210000000000001,0.2127247632270506,0.39107774540849044,1.6653345369377348e-16,2.12916045017884e-16,0.2924939518982432,0.17992783927568115,0.020893157044142067,0.034754635583057844
time_dependent,prepared,0.08,0.0005,0.8215,0.21261793720723657,0.3908844665349634,8.326672684688674e-17,1.0651066232563987e-16,0.2926002608668468,0.17983870601101803,0.020872453350874346,0.03473731947270552
time_dependent,prepared,0.08,0.0005,0.8220000000000001,0.21251116651410956,0.3906912800115999,2.3037127760972e-15,2.9482521033343693e-15,0.29270651645010387,0.17974961595426767,0.020851769973971784,0.03472001194172961
time_dependent,prepared,0.08,0.0005,0.8225,0.21240445111036985,0.3904981858043161,-1.0547118733938987e-15,1.3504696202640368e-15,0.29281271867565906,0.17966056908692124,0.020831106894075538,0.034702712985938564
time_dependent,prepared,0.08,0.0005,0.8230000000000001,0.21229779095869575,0.3903051838789933,1.582067810090848e-15,2.0267061205384024e-15,0.2929188675711384,0.17957156539046215,0.020810464091842222,0.03468542260114217
time_dependent,prepared,0.08,0.0005,0.8235,0.2121911860218591,0.39011227420150224,1.3877787807814457e-16,1.7786915108246823e-16,0.29302496316414933,0.17948260484637085,0.020789841547944925,0.03466814078315246
time_dependent,prepared,0.08,0.0005,0.8240000000000001,0.21208463626272142,0.3899194567376687,2.220446049250313e-16,2.8473137347749633e-16,0.2931310054822807,0.17939368743613543,0.020769239243073032,0.03465086752778327
time_dependent,prepared,0.08,0.0005,0.8245,0.2119781416441744,0.38972673145327985,1.3322676295501878e-15,1.7092330625900329e-15,0.2932369945531028,0.17930481314122942,0.02074865715793186,0.03463360283085038
time_dependent,prepared,0.08,0.0005,0.8250000000000001,0.2118717021291197,0.38953409831412733,-1.2490009027033011e-15,1.6031984210225495e-15,0.29334293040416737,0.17921598194313718,0.020728095273242503,0.03461634668817144
time_dependent,prepared,0.08,0.0005,0.8255,0.21176531768066614,0.3893415572859365,-1.6653345369377348e-16,2.1386550006973645e-16,0.2934488130630077,0.17912719382333478,0.020707553569742344,0.03459909909556601
time_dependent,prepared,0.08,0.0005,0.8260000000000001,0.21165898826189888,0.389149108334432,-1.1657341758564144e-15,1.497798852534685e-15,0.29355464255713865,0.17903844876329794,0.020687032028185413,0.03458186004885555
time_dependent,prepared,0.08,0.0005,0.8265,0.211552713835929,0.3889567514252962,-6.38378239159465e-16,8.206288190398898e-16,0.2936604189140566,0.17894974674450412,0.020666530629341016,0.034564629543863454
time_dependent,prepared,0.08,0.0005,0.8270000000000001,0.21144649436588808,0.3887644865241904,5.828670879282072e-16,7.496403454176345e-16,0.29376614216123953,0.17886108774842524,0.020646049353994844,0.03454740757641497
time_dependent,prepared,0.08,0.0005,0.8275,0.2113403298151595,0.3885723135967394,-4.718447854656915e-16,6.071518337193893e-16,0.2938718123261471,0.17877247175653327,0.020625588182948833,0.03453019414233725
time_dependent,prepared,0.08,0.0005,0.8280000000000001,0.2112342201469952,0.3883802326085482,9.43689570931383e-16,1.2149042249049461e-15,0.2939774294362206,0.1786838987503033,0.020605147097020816,0.0345129892374594
time_dependent,prepared,0.08,0.0005,0.8285,0.2111281653248057,0.3881882435251853,-2.1371793224034263e-15,2.7527615249182246e-15,0.294082993518883,0.17859536871120268,0.020584726077044962,0.03449579285761229
time_dependent,prepared,0.08,0.0005,0.8290000000000001,0.21102216531204893,0.38799634631220853,-6.38378239159465e-16,8.226601168117476e-16,0.29418850460153906,0.17850688162070236,0.020564325103871257,0.034478604998628856
time_dependent,prepared,0.08,0.0005,0.8295,0.21091622007225216,0.38780454093512956,1.1379786002407855e-15,1.4672063889410985e-15,0.2942939627115752,0.1784184374602708,0.020543944158365558,0.03446142565634394
time_dependent,prepared,0.08,0.0005,0.8300000000000001,0.2108103295689612,0.3876128273594451,-8.326672684688674e-17,1.0740966367667575e-16,0.2943993678763597,0.17833003621137525,0.020523583221410478,0.03444425482659422
time_dependent,prepared,0.08,0.0005,0.8305,0.21070449376577177,0.38742120555062165,-2.220446049250313e-16,2.8656743841557525e-16,0.2945047201232426,0.17824167785548314,0.020503242273904272,0.03442709250521802
time_dependent,prepared,0.08,0.0005,0.8310000000000001,0.2105987126263962,0.3872296754740957,2.1371793224034263e-15,2.7595758509298317e-15,0.2946100194795558,0.17815336237406057,0.020482921296761023,0.034409938688056085
time_dependent,prepared,0.08,0.0005,0.8315,0.21049298611460787,0.38703823709528845,-1.1102230246251565e-16,1.434254962710339e-16,0.2947152659726131,0.17806508974856913,0.020462620270911412,0.03439279337095065
time_dependent,prepared,0.08,0.0005,0.8320000000000001,0.21038731419422027,0.386846890379581,-1.3877787807814457e-16,1.793705488261432e-16,0.2948204596297102,0.1779768599604766,0.02044233917730184,0.034375656549746184
time_dependent,prepared,0.08,0.0005,0.8325,0.21028169682899747,0.3866556352923451,-6.661338147750939e-16,8.614045082666903e-16,0.2949256004781247,0.17788867299124514,0.020422077996894827,0.03435852822028847
time_dependent,prepared,0.08,0.0005,0.833,0.21017613398297358,0.38646447179890625,-5.551115123125783e-16,7.181921661888581e-16,0.2950306885451162,0.17780052882233718,0.02040183671066874,0.0343414083784259
time_dependent,prepared,0.08,0.0005,0.8335,0.2100706256200734,0.3862733998645802,6.938893903907228e-16,8.981842791064387e-16,0.29513572385792625,0.17771242743521531,0.02038161529961855,0.034324297020008256
time_dependent,prepared,0.08,0.0005,0.834,0.2099651717043463,0.3860824194546525,-1.1102230246251565e-16,1.437805723183879e-16,0.2952407064437784,0.1776243688113394,0.02036141374475497,0.034307194140887454
time_dependent,prepared,0.08,0.0005,0.8345,0.2098597721998632,0.38589153053438463,1.1102230246251565e-16,1.4385169623802233e-16,0.29534563632987837,0.17753635293217213,0.020341232027104326,0.03429009973691727
time_dependent,prepared,0.08,0.0005,0.835,0.2097544270707965,0.38570073306900865,-3.0531133177191805e-16,3.957878551883548e-16,0.2954505135434138,0.17744837977917347,0.020321070127709725,0.0342730138039532
time_dependent,prepared,0.08,0.0005,0.8355,0.20964913628136875,0.3855100270237437,-8.326672684688674e-17,1.0799553968768538e-16,0.2955553381115545,0.17736044933380185,0.020300928027629887,0.03425593633785302
time_dependent,prepared,0.08,0.0005,0.836,0.2095438997958347,0.3853194123637662,-1.1102230246251565e-15,1.4406528570860536e-15,0.29566011006145243,0.17727256157751767,0.02028080570793956,0.03423886733447588
time_dependent,prepared,0.08,0.0005,0.8365,0.20943871757857474,0.385128889054242,-2.192690473634684e-15,2.8466969577629755e-15,0.29576482942024174,0.17718471649178086,0.020260703149729532,0.034221806789683465
time_dependent,prepared,0.08,0.0005,0.837,0.20933358959389303,0.38493845706031,2.1371793224034263e-15,2.7760013103452784e-15,0.29586949621503866,0.17709691405804695,0.020240620334106993,0.03420475469933873
time_dependent,prepared,0.08,0.0005,0.8375,0.20922851580622723,0.3847481163470836,-1.6375789613221059e-15,2.128118230791856e-15,0.29597411047294175,0.17700915425777597,0.020220557242194535,0.03418771105930684
time_dependent,prepared,0.08,0.0005,0.838,0.20912349618013037,0.3845578668796563,-6.38378239159465e-16,8.300158365493013e-16,0.29607867222103185,0.17692143707242766,0.020200513855131216,0.034170675865454865
time_dependent,prepared,0.08,0.0005,0.8385,0.20901853068013418,0.3843677086230869,1.27675647831893e-15,1.6608529406549632e-15,0.2961831814863719,0.17683376248345561,0.020180490154071886,0.03415364911365169
time_dependent,prepared,0.08,0.0005,0.839,0.2089136192708405,0.3841776415424351,2.3869795029440866e-15,3.1066090850063444e-15,0.29628763829600735,0.17674613047231957,0.0201604861201876,0.034136630799768156
time_dependent,prepared,0.08,0.0005,0.8395,0.20880876191689016,0.3839876656027053,4.440892098500626e-16,5.782597328393634e-16,0.2963920426769658,0.176658541020476,0.020140501734665233,0.034119620919676845
time_dependent,prepared,0.08,0.0005,0.84,0.20870395858305602,0.3837977807688985,1.1379786002407855e-15,1.4825236846874979e-15,0.2964963946562573,0.17657099410938362,0.02012053697870776,0.03410261946925249
time_dependent,prepared,0.08,0.0005,0.8405,0.20859920923405742,0.3836079870059965,4.163336342344337e-16,5.426550649842509e-16,0.2966006942608744,0.17648348972049774,0.02010059183353403,0.034085626444371436
time_dependent,prepared,0.08,0.0005,0.841,0.2084945138347556,0.38341828427893765,1.915134717478395e-15,2.4974483429761603e-15,0.29670494151779175,0.17639602783527553,0.020080666280379047,0.03406864184091206
time_dependent,prepared,0.08,0.0005,0.8415,0.20838987234999773,0.3832286725526687,-5.273559366969494e-16,6.880434248098609e-16,0.2968091364539667,0.17630860843517526,0.020060760300493426,0.0340516656547547
time_dependent,prepared,0.08,0.0005,0.842,0.2082852847448196,0.38303915179207815,1.609823385706477e-15,2.101382297572965e-15,0.29691327909633913,0.17622123150165125,0.020040873875144558,0.034034697881781456
time_dependent,prepared,0.08,0.0005,0.8425,0.20818075098412567,0.38284972196206124,1.3600232051658168e-15,1.7761841359004394e-15,0.2970173694718312,0.17613389701616125,0.02002100698561507,0.034017738517876435
time_dependent,prepared,0.08,0.0005,0.843,0.20807627103297893,0.3826603830274865,-1.6375789613221059e-15,2.139728900554205e-15,0.29712140760734773,0.17604660496016475,0.02000115961320396,0.0340007875589255
time_dependent,prepared,0.08,0.0005,0.8435,0.20797184485649062,0.3824711349531843,-6.106226635438361e-16,7.982598002050257e-16,0.29722539352977595,0.17595935531511692,0.01998133173922573,0.03398384500081644
time_dependent,prepared,0.08,0.0005,0.844,0.20786747241982156,0.3822819777039818,-9.159339953157541e-16,1.1979821816567617e-15,0.2973293272659859,0.1758721480624737,0.019961523345011292,0.03396691083943894
time_dependent,prepared,0.08,0.0005,0.8445,0.20776315368819678,0.3820929112446686,2.7755575615628914e-17,3.632045347977676e-17,0.29743320884283,0.1757849831836959,0.01994173441190746,0.03394998507068474
time_dependent,prepared,0.08,0.0005,0.845,0.20765888862684181,0.3819039355400327,1.304512053934559e-15,1.707906010565074e-15,0.2975370382871434,0.17569786066023926,0.019921964921276826,0.03393306769044715
time_dependent,prepared,0.08,0.0005,0.8455,0.20755467720110915,0.3817150505548258,7.494005416219807e-16,9.816229940799038e-16,0.29764081562574396,0.1756107804735626,0.019902214854498317,0.033916158694621695
time_dependent,prepared,0.08,0.0005,0.846,0.2074505193763619,0.38152625625378506,9.992007221626409e-16,1.309478320016313e-15,0.2977445408854321,0.17552374260512318,0.019882484192966177,0.03389925807910534
time_dependent,prepared,0.08,0.0005,0.8465,0.2073464151179991,0.3813375526016257,-1.2212453270876722e-15,1.601265491368326e-15,0.2978482140929911,0.1754367470363816,0.019862772918091024,0.033882365839797604
time_dependent,prepared,0.08,0.0005,0.847,0.20724236439158358,0.3811489395630393,-6.38378239159465e-16,8.374393483703795e-16,0.2979518352751869,0.17534979374879672,0.019843081011299512,0.03386548197259937
time_dependent,prepared,0.08,0.0005,0.8475,0.20713836716254974,0.3809604171026967,7.494005416219807e-16,9.835674626269133e-16,0.2980554044587682,0.17526288272382665,0.01982340845403385,0.03384860647341346
time_dependent,prepared,0.08,0.0005,0.848,0.20703442339651315,0.38077198518525807,-3.0531133177191805e-16,4.00910969885789e-16,0.2981589216704665,0.17517601394293156,0.01980375522775241,0.03383173933814479
time_dependent,prepared,0.08,0.0005,0.8485,0.20693053305911865,0.3805836437753517,6.938893903907228e-16,9.116122063305307e-16,0.298262386936996,0.17508918738757334,0.01978412131392941,0.03381488056270006
time_dependent,prepared,0.08,0.0005,0.849,0.20682669611606358,0.380395392837604,5.273559366969494e-16,6.931681437609898e-16,0.29836580028505405,0.17500240303921313,0.01976450669405502,0.033798030142987684
time_dependent,prepared,0.08,0.0005,0.8495,0.20672291253307382,0.3802072323365933,-1.3877787807814457e-16,1.8250294349383398e-16,0.2984691617413206,0.17491566087931026,0.019744911349635373,0.033781188074918256
time_dependent,prepared,0.08,0.0005,0.85,0.2066191822759343,0.3800191622368997,-2.1371793224034263e-15,2.811936258455223e-15,0.29857247133245857,0.17482896088933028,0.019725335262192452,0.033764354354403996
time_dependent,prepared,0.08,0.0005,0.8505,0.20651550531049065,0.3798311825030878,3.885780586188048e-16,5.11514162763145e-16,0.2986757290851138,0.17474230305073388,0.019705778413264055,0.03374752897735931
time_dependent,prepared,0.08,0.0005,0.851,0.20641188160263096,0.37964329309968636,9.71445146547012e-16,1.2794182910692559e-15,0.2987789350259151,0.17465568734498524,0.019686240784404053,0.033730711939700155
time_dependent,prepared,0.08,0.0005,0.8515,0.20630831111832837,0.3794554939912125,-4.440892098500626e-16,5.85166398803475e-16,0.2988820891814743,0.17456911375354983,0.019666722357181945,0.033713903237344515
time_dependent,prepared,0.08,0.0005,0.852,0.2062047938235714,0.3792677851421668,-2.275957200481571e-15,3.0004620609003817e-15,0.2989851915783861,0.17448258225789098,0.019647223113183607,0.033697102866212365
time_dependent,prepared,0.08,0.0005,0.8525,0.20610132968442013,0.37908016651702503,4.163336342344337e-16,5.491366615928392e-16,0.29908824224322833,0.17439609283947438,0.019627743034010173,0.03368031082222532
time_dependent,prepared,0.08,0.0005,0.853,0.20599791866691913,0.3788926380802586,8.049116928532385e-16,1.0621896705772599e-15,0.2991912412025618,0.17430964547976718,0.01960828210127908,0.03366352710130707
time_dependent,prepared,0.08,0.0005,0.8535,0.20589456073728302,0.37870519979630024,-1.7486012637846216e-15,2.3086575847455643e-15,0.29929418848293043,0.17422324016023794,0.0195888402966234,0.03364675169938321
time_dependent,prepared,0.08,0.0005,0.854,0.20579125586171199,0.3785178516295827,9.43689570931383e-16,1.246558870167735e-15,0.2993970841108613,0.17413687686235382,0.019569417601692347,0.03362998461238112
time_dependent,prepared,0.08,0.0005,0.8545,0.20568800400640885,0.37833059354450926,-5.551115123125783e-16,7.336328620847731e-16,0.2994999281128645,0.1740505555675851,0.019550013998150574,0.033613225836229915
time_dependent,prepared,0.08,0.0005,0.855,0.2055848051376823,0.3781434255054652,2.1649348980190553e-15,2.862584342336741e-15,0.29960272051543335,0.17396427625740182,0.01953062946767917,0.033596475366860765
time_dependent,prepared,0.08,0.0005,0.8555,0.20548165922186898,0.37795634747683854,9.71445146547012e-16,1.2851287629274986e-15,0.2997054613450443,0.1738780389132731,0.01951126399197444,0.03357973320020675
time_dependent,prepared,0.08,0.0005,0.856,0.2053785662254606,0.37776935942297146,-3.3306690738754696e-16,4.408336714977286e-16,0.299808150628157,0.17379184351667493,0.019491917552748955,0.033562999332202983
time_dependent,prepared,0.08,0.0005,0.8565,0.20527552611479827,0.3775824613081947,2.4980018054066022e-15,3.307889085673985e-15,0.29991078839121443,0.1737056900490777,0.019472590131730846,0.03354627375878594
time_dependent,prepared,0.08,0.0005,0.857,0.20517253885644607,0.37739565309683737,-1.0824674490095276e-15,1.434128135985412e-15,0.30001337466064265,0.17361957849195775,0.01945328171066441,0.03352955647589443
time_dependent,prepared,0.08,0.0005,0.8575,0.20506960441692984,0.3772089347532031,-1.1379786002407855e-15,1.5084194665024754e-15,0.3001159094628511,0.173533508826789,0.019433992271309482,0.03351284747946891
time_dependent,prepared,0.08,0.0005,0.858,0.20496672276286534,0.3770223062415651,2.7755575615628914e-15,3.680893034196935e-15,0.3002183928242325,0.17344748103505014,0.01941472179544172,0.033496146765451935
time_dependent,prepared,0.08,0.0005,0.8585,0.20486389386084558,0.376835767526218,-1.6653345369377348e-16,2.2096290751140958e-16,0.30032082477116295,0.17336149509821763,0.019395470264853002,0.033479454329787633
time_dependent,prepared,0.08,0.0005,0.859,0.2047611176776359,0.37664931857139344,-1.6930901125533637e-15,2.2475682671817237e-15,0.3004232053300018,0.17327555099777195,0.01937623766135024,0.03346277016842229
time_dependent,prepared,0.08,0.0005,0.8595,0.20465839417996287,0.37646295934132334,-1.1102230246251565e-15,1.4745448351248881e-15,0.30052553452709174,0.17318964871518958,0.019357023966756887,0.033446094277303905
time_dependent,prepared,0.08,0.0005,0.86,0.20455572333458374,0.3762766898002435,1.3600232051658168e-15,1.8072116105409276e-15,0.300627812388759,0.1731037882319568,0.019337829162911876,0.033429426652382424
time_dependent,prepared,0.08,0.0005,0.8605,0.20445310510836645,0.3760905099123507,2.1371793224034263e-15,2.8413098257936604e-15,0.3007300389413132,0.17301796952955406,0.019318653231669952,0.03341276728960959
time_dependent,prepared,0.08,0.0005,0.861,0.20435053946816506,0.37590441964183274,-6.938893903907228e-16,9.229598724216536e-16,0.30083221421104733,0.17293219258946835,0.01929949615490155,0.03339611618493901
time_dependent,prepared,0.08,0.0005,0.8615,0.20424802638097378,0.3757184189528637,-1.1102230246251565e-16,1.4774668589836174e-16,0.3009343382242378,0.1728464573931824,0.01928035791449299,0.033379473334326344
time_dependent,prepared,0.08,0.0005,0.862,0.20414556581372126,0.3755325078095985,2.220446049250313e-15,2.956396587610614e-15,0.3010364110071447,0.17276076392218356,0.019261238492346625,0.03336283873372901
time_dependent,prepared,0.08,0.0005,0.8625,0.20404315773349102,0.3753466861761708,-1.6653345369377348e-15,2.2183951507648393e-15,0.3011384325860114,0.1726751121579626,0.019242137870379785,0.033346212379106094
time_dependent,prepared,0.08,0.0005,0.863,0.20394080210733692,0.3751609540167209,1.1102230246251565e-15,1.4796622792675705e-15,0.30124040298706506,0.1725895020820082,0.019223056030526545,0.033329594266419044
time_dependent,prepared,0.08,0.0005,0.8635,0.20383849890237515,0.3749753112953494,7.494005416219807e-16,9.992665104179545e-16,0.30134232223651625,0.17250393367581174,0.019203992954736102,0.03331298439163068
time_dependent,prepared,0.08,0.0005,0.864,0.20373624808578705,0.374789757976155,-8.326672684688674e-17,1.1108458152181466e-16,0.30144419036055914,0.17241840692086655,0.019184948624973303,0.03329638275070586
time_dependent,prepared,0.08,0.0005,0.8645,0.20363404962477313,0.3746042940232147,1.1657341758564144e-15,1.5559541020426352e-15,0.3015460073853715,0.17233292179866783,0.019165923023219355,0.03327978933961144
time_dependent,prepared,0.08,0.0005,0.865,0.20353190348662478,0.37441891940060046,-1.1379786002407855e-15,1.51965958619633e-15,0.30164777333711484,0.17224747829071027,0.019146916131470584,0.03326320415431608
time_dependent,prepared,0.08,0.0005,0.8655,0.20342980963871157,0.3742336340723522,-1.0547118733938987e-15,1.4091623218318056e-15,0.3017494882419342,0.17216207637849387,0.019127927931739525,0.0332466271907903
time_dependent,prepared,0.08,0.0005,0.866,0.2033277680482723,0.37404843800252285,7.771561172376096e-16,1.0388442221383733e-15,0.30185115212595837,0.1720767160435169,0.019108958406053977,0.03323005844500638
time_dependent,prepared,0.08,0.0005,0.8665,0.20322577868283428,0.3738633311551141,-7.494005416219807e-16,1.0022386246152859e-15,0.3019527650152998,0.17199139726727986,0.019090007536457784,0.03321349791293867
time_dependent,prepared,0.08,0.0005,0.867,0.20312384150975368,0.37367831349415487,-2.498001805406602e-16,3.3424495283771365e-16,0.30205432693605466,0.1719061200312884,0.01907107530501023,0.0331969455905632
time_dependent,prepared,0.08,0.0005,0.8675,0.203021956496577,0.37349338498362705,-8.604228440844963e-16,1.1518582104502547e-15,0.30215583791430295,0.17182088431704384,0.01905216169378655,0.03318040147385789
time_dependent,prepared,0.08,0.0005,0.868,0.20292012361082262,0.37330854558751214,1.887379141862766e-15,2.5279077644638543e-15,0.30225729797610834,0.17173569010605602,0.019033266684877575,0.03316386555880262
time_dependent,prepared,0.08,0.0005,0.8685,0.20281834282009714,0.3731237952697813,1.8596235662471372e-15,2.4919659236722774e-15,0.3023587071475184,0.17165053737983138,0.019014390260389955,0.03314733784137928
time_dependent,prepared,0.08,0.0005,0.869,0.20271661409203567,0.3729391339943835,1.0547118733938987e-15,1.4140536313491053e-15,0.3024600654545644,0.17156542611988007,0.01899553240244576,0.033130818317571184
time_dependent,prepared,0.08,0.0005,0.8695,0.20261493739434613,0.37275456172525623,-3.885780586188048e-16,5.212250881924977e-16,0.3025613729232616,0.17148035630771444,0.018976693093182787,0.03311430698336397
time_dependent,prepared,0.08,0.0005,0.87,0.20251331269469677,0.37257007842633405,8.604228440844963e-16,1.1547127559448139e-15,0.30266262957960893,0.17139532792484866,0.01895787231475463,0.03309780383474475
time_dependent,prepared,0.08,0.0005,0.8705,0.2024117399609037,0.3723856840615194,-1.9984014443252818e-15,2.6832415018338144e-15,0.3027638354495894,0.17131034095279868,0.018939070049330434,0.03308130886770285
time_dependent,prepared,0.08,0.0005,0.871,0.202310219160783,0.37220137859471836,-8.604228440844963e-16,1.15585660554658e-15,0.30286499055916977,0.17122539537308157,0.018920286279095314,0.033064822078229326
time_dependent,prepared,0.08,0.0005,0.8715,0.20220875026214843,0.3720171619898194,-2.220446049250313e-15,2.98433281595633e-15,0.3029660949343008,0.1711404911672178,0.0189015209862495,0.03304834346231687
time_dependent,prepared,0.08,0.0005,0.872,0.2021073332329597,0.37183303421069047,4.440892098500626e-16,5.971621251898098e-16,0.3030671486009173,0.17105562831672874,0.018882774153009152,0.03303187301596045
time_dependent,prepared,0.08,0.0005,0.8725,0.2020059680411328,0.3716489952211983,-1.6930901125533637e-15,2.2778080047622257e-15,0.3031681515849379,0.17097080680313834,0.018864045761606198,0.03301541073515664
time_dependent,prepared,0.08,0.0005,0.873,0.201904654654687,0.37146504498518795,-7.216449660063518e-16,9.7134976190711e-16,0.3032691039122652,0.17088602660797458,0.018845335794287887,0.0329989566159038
time_dependent,prepared,0.08,0.0005,0.8735,0.20180339304161565,0.37128118346649897,1.0269562977782698e-15,1.3829899595099352e-15,0.303370005608786,0.17080128771276137,0.018826644233317376,0.03298251065420233
time_dependent,prepared,0.08,0.0005,0.874,0.20170218317004593,0.37109741062895685,-5.273559366969494e-16,7.105357267289431e-16,0.30347085670037105,0.1707165900990317,0.01880797106097312,0.03296607284605451
time_dependent,prepared,0.08,0.0005,0.8745,0.20160102500810334,0.3709137264363761,-1.3877787807814457e-16,1.8707568389484981e-16,0.3035716572128751,0.17063193374831856,0.01878931625954955,0.03294964318746436
time_dependent,prepared,0.08,0.0005,0.875,0.20149991852396593,0.3707301308525497,2.7755575615628914e-16,3.743366576625534e-16,0.30367240717213706,0.1705473186421533,0.018770679811356356,0.03293322167443785
time_dependent,prepared,0.08,0.0005,0.8755000000000001,0.20139886368577736,0.37054662384126674,2.831068712794149e-15,3.820124824571199e-15,0.30377310660397994,0.17046274476207557,0.018752061698719045,0.03291680830298266
time_dependent,prepared,0.08,0.0005,0.876,0.2012978604618843,0.37036320536631306,-7.216449660063518e-16,9.742395512704874e-16,0.30387375553421087,0.17037821208962348,0.01873346190397847,0.032900403069108554
time_dependent,prepared,0.08,0.0005,0.8765000000000001,0.20119690882054495,0.37017987539144404,3.608224830031759e-16,4.87361019587608e-16,0.30397435398862116,0.17029372060633877,0.018714880409491493,0.03288400596882688
time_dependent,prepared,0.08,0.0005,0.877,0.2010960087300848,0.36999663388042514,2.7755575615628914e-17,3.7507875848133947e-17,0.3040749019929862,0.1702092702937627,0.018696317197630093,0.03286761699815112
time_dependent,prepared,0.08,0.0005,0.8775000000000001,0.20099516015891158,0.36981348079698684,2.7755575615628914e-17,3.7526451923565273e-17,0.30417539957306566,0.17012486113344327,0.01867777225078202,0.03285123615309649
time_dependent,prepared,0.08,0.0005,0.878,0.20089436307543482,0.36963041610487196,-4.440892098500626e-16,6.007205988752632e-16,0.3042758467546034,0.17004049310692856,0.018659245551350505,0.032834863429679936
time_dependent,prepared,0.08,0.0005,0.8785000000000001,0.20079361744818547,0.3694474397677893,-8.326672684688674e-17,1.1269089711275683e-16,0.3043762435633275,0.16995616619576973,0.018640737081754514,0.032818498823920586
time_dependent,prepared,0.08,0.0005,0.879,0.20069292324560692,0.36926455174945544,0.0,0.0,0.3044765900249503,0.16987188038151718,0.01862224682442825,0.03280214233183902
time_dependent,prepared,0.08,0.0005,0.8795000000000001,0.200592280436258,0.36908175201357285,-2.7755575615628914e-17,3.760085057606453e-17,0.3045768861651684,0.16978763564572935,0.01860377476182173,0.032785793949457916
time_dependent,prepared,0.08,0.0005,0.88,0.20049168898878705,0.36889904052382416,-9.992007221626409e-16,1.3543010585549517e-15,0.30467713200966284,0.16970343196996077,0.018585320876400187,0.03276945367280186
time_dependent,prepared,0.08,0.0005,0.8805000000000001,0.20039114887184512,0.36871641724388216,-1.27675647831893e-15,1.7313529024047228e-15,0.30477732758409876,0.1696192693357752,0.018566885150644703,0.03275312149789711
time_dependent,prepared,0.08,0.0005,0.881,0.20029066005405297,0.36853388213742455,2.0261570199409107e-15,2.7489426592062446e-15,0.30487747291412576,0.16953514772473335,0.018548467567051845,0.03273679742077198
time_dependent,prepared,0.08,0.0005,0.8815000000000001,0.20019022250415977,0.36835143516809793,-1.1934897514720433e-15,1.6200422171932e-15,0.30497756802537784,0.16945106711840177,0.01853006810813356,0.032720481437456324
time_dependent,prepared,0.08,0.0005,0.882,0.20008983619094609,0.36816907629955586,9.71445146547012e-16,1.3192921528213945e-15,0.3050776129434733,0.16936702749834687,0.018511686756416967,0.03270417354398225
time_dependent,prepared,0.08,0.0005,0.8825000000000001,0.19998950108319527,0.367986805495445,-6.106226635438361e-16,8.296801059506941e-16,0.3051776076940149,0.16928302884614144,0.018493323494445258,0.03268787373638334
time_dependent,prepared,0.08,0.0005,0.883,0.19988921714978403,0.36780462271937114,1.1102230246251565e-15,1.5092564857079524e-15,0.3052775523025898,0.16919907114335592,0.018474978304776905,0.03267158201069534
time_dependent,prepared,0.08,0.0005,0.8835000000000001,0.19978898435960185,0.36762252793495986,-1.4988010832439613e-15,2.0385054904866085e-15,0.3053774467947696,0.16911515437156852,0.018456651169985655,0.03265529836295564
time_dependent,prepared,0.08,0.0005,0.884,0.19968880268155384,0.3674405211058264,-8.326672684688674e-16,1.133064020760318e-15,0.30547729119611033,0.16903127851235578,0.01843834207266096,0.032639022789203505
time_dependent,prepared,0.08,0.0005,0.8845000000000001,0.19958867208457978,0.36725860219556383,3.3306690738754696e-16,4.534501103532899e-16,0.3055770855321526,0.16894744354730026,0.018420050995407663,0.03262275528548008
time_dependent,prepared,0.08,0.0005,0.885,0.1994885925378298,0.36707677116775467,-1.6653345369377348e-15,2.2683736315429752e-15,0.30567682982842154,0.16886364945798632,0.018401777920845967,0.032606495847828564
time_dependent,prepared,0.08,0.0005,0.8855000000000001,0.1993885640102097,0.3668950279859832,4.996003610813204e-16,6.80849184334554e-16,0.30577652411042666,0.16877989622599818,0.018383522831611643,0.03259024447229353
time_dependent,prepared,0.08,0.0005,0.886,0.19928858647093892,0.3667133726138185,-1.3877787807814457e-15,1.892184583956939e-15,0.3058761684036621,0.16869618383292664,0.01836528571035589,0.03257400115492192
time_dependent,prepared,0.08,0.0005,0.8865000000000001,0.19918865988905493,0.3665318050148263,9.71445146547012e-16,1.3251853362462166e-15,0.30597576273360666,0.1686125122603638,0.018347066539745147,0.032557765891762167
time_dependent,prepared,0.08,0.0005,0.887,0.1990887842337578,0.3663503251525572,-1.4988010832439613e-15,2.0455844861333572e-15,0.30607530712572356,0.16852888148990475,0.018328865302461358,0.03254153867886461
time_dependent,prepared,0.08,0.0005,0.8875000000000001,0.1989889594742904,0.3661689329905504,2.220446049250313e-16,3.031996776891521e-16,0.30617480160546073,0.16844529150314635,0.018310681981202143,0.03252531951228159
time_dependent,prepared,0.08,0.0005,0.888,0.19888918557990715,0.3659876284923372,1.1657341758564144e-15,1.592586859641377e-15,0.30627424619825067,0.1683617422816897,0.01829251655868036,0.03250910838806722
time_dependent,prepared,0.08,0.0005,0.8885000000000001,0.1987894625198743,0.36580641162145255,-9.71445146547012e-16,1.3278131761565375e-15,0.3063736409295106,0.1682782338071384,0.018274369017623894,0.032492905302277296
time_dependent,prepared,0.08,0.0005,0.889,0.19868979026354128,0.3656252823414119,1.7763568394002505e-15,2.429204058352737e-15,0.30647298582464233,0.16819476606110004,0.018256239340776734,0.03247671025096966
time_dependent,prepared,0.08,0.0005,0.8895000000000001,0.19859016878032654,0.36544424061572156,-4.440892098500626e-16,6.076018725891476e-16,0.3065722809090325,0.16811133902518238,0.018238127510897525,0.032460523230203944
time_dependent,prepared,0.08,0.0005,0.89,0.1984905980396164,0.3652632864078825,-2.7755575615628914e-16,3.7993930198386817e-16,0.3066715262080523,0.16802795268099793,0.01822003351076073,0.03244434423604169
time_dependent,prepared,0.08,0.0005,0.8905000000000001,0.1983910780108084,0.3650824196813977,2.220446049250313e-16,3.041020232072616e-16,0.3067707217470577,0.1679446070101637,0.018201957323156152,0.03242817326454605
time_dependent,prepared,0.08,0.0005,0.891,0.19829160866348539,0.36490164039973316,2.1371793224034263e-15,2.9284320564608006e-15,0.30686986755138945,0.1678613019942943,0.01818389893088889,0.03241201031178235
time_dependent,prepared,0.08,0.0005,0.8915000000000001,0.19819218996715424,0.3647209485263824,1.2490009027033011e-15,1.7122692125990555e-15,0.30696896364637305,0.1677780376150154,0.018165858316779335,0.0323958553738173
time_dependent,prepared,0.08,0.0005,0.892,0.19809282189137095,0.3645403440248077,2.498001805406602e-16,3.4262350468904577e-16,0.3070680100573187,0.16769481385394827,0.018147835463663112,0.03237970844672006
time_dependent,prepared,0.08,0.0005,0.8925000000000001,0.1979935044056908,0.36435982685847446,1.0269562977782698e-15,1.4092611507595777e-15,0.3071670068095215,0.16761163069272242,0.018129830354391325,0.03236356952656109
time_dependent,prepared,0.08,0.0005,0.893,0.1978942374799043,0.3641793969908291,-7.216449660063518e-16,9.907822517819773e-16,0.3072659539282615,0.1675284881129666,0.018111842971830612,0.03234743860941294
time_dependent,prepared,0.08,0.0005,0.8935000000000001,0.19779502108359354,0.36399905438532826,2.609024107869118e-15,3.583833634231373e-15,0.3073648514388033,0.16744538609631632,0.01809387329886253,0.03233131569134991
time_dependent,prepared,0.08,0.0005,0.894,0.19769585518650923,0.3638187990054091,-4.440892098500626e-16,6.1031646944041e-16,0.30746369936639656,0.16736232462440628,0.018075921318384057,0.03231520076844838
time_dependent,prepared,0.08,0.0005,0.8945000000000001,0.19759673975845687,0.36363863081449843,1.1934897514720433e-15,1.6410381768279064e-15,0.3075624977362758,0.16727930367887814,0.018057987013307797,0.03229909383678622
time_dependent,prepared,0.08,0.0005,0.895,0.19749767476917382,0.36345854977602665,-1.915134717478395e-15,2.6345985239012257e-15,0.3076612465736604,0.1671963232413744,0.01804007036656123,0.03228299489244332
time_dependent,prepared,0.08,0.0005,0.8955000000000001,0.19739866018854166,0.363278555853407,-1.6653345369377348e-15,2.2920903396369856e-15,0.30775994590375466,0.1671133832935421,0.018022171361087497,0.03226690393150143
time_dependent,prepared,0.08,0.0005,0.896,0.1972996959864524,0.3630986490100549,-1.3600232051658168e-15,1.8728012468151016e-15,0.3078585957517479,0.16703048381703015,0.018004289979844344,0.03225082095004399
time_dependent,prepared,0.08,0.0005,0.8965,0.1972007821328172,0.3629188292093721,1.304512053934559e-15,1.7972504440958184e-15,0.3079571961428143,0.16694762479349304,0.017986426205805532,0.03223474594415653
time_dependent,prepared,0.08,0.0005,0.897,0.19710191859757065,0.3627390964147587,-1.7763568394002505e-15,2.4485323707279056e-15,0.3080557471021131,0.1668648062045852,0.017968580021959803,0.03221867890992611
time_dependent,prepared,0.08,0.0005,0.8975,0.1970031053507426,0.36255945058960454,3.3029134982598407e-15,4.5549957295121306e-15,0.30815424865478847,0.16678202803196435,0.01795075141131107,0.03220261984344186
time_dependent,prepared,0.08,0.0005,0.898,0.19690434236232815,0.36237989169729967,1.3600232051658168e-15,1.8765158281766063e-15,0.3082527008259696,0.16669929025729782,0.017932940356878466,0.032186568740794626
time_dependent,prepared,0.08,0.0005,0.8985,0.19680562960237358,0.36220041970122097,-7.216449660063518e-16,9.961956512938846e-16,0.3083511036407708,0.16661659286224748,0.017915146841696622,0.03217052559807707
time_dependent,prepared,0.08,0.0005,0.899,0.1967069670410522,0.3620210345647317,-8.881784197001252e-16,1.2266944941030963e-15,0.30844945712429134,0.1665339358284851,0.017897370848815087,0.03215449041138383
time_dependent,prepared,0.08,0.0005,0.8995,0.19660835464849424,0.3618417362512107,-1.6653345369377348e-16,2.301191888739953e-16,0.3085477613016156,0.16645131913768446,0.017879612361298855,0.03213846317681127
time_dependent,prepared,0.08,0.0005,0.9,0.19650979239486308,0.3616625247240049,1.5265566588595902e-15,2.110471163724451e-15,0.308646016197813,0.16636874277152064,0.01786187136222795,0.03212244389045757
time_dependent,prepared,0.08,0.0005,0.9005,0.19641128025040305,0.36148339994648226,-7.494005416219807e-16,1.0365628708440422e-15,0.3087442218379382,0.16628620671167196,0.01784414783469769,0.032106432548422895
time_dependent,prepared,0.08,0.0005,0.901,0.19631281818534485,0.36130436188198384,-2.0261570199409107e-15,2.8039476321112598e-15,0.30884237824703087,0.16620371093982286,0.017826441761818673,0.03209042914680896
time_dependent,prepared,0.08,0.0005,0.9015,0.19621440616997765,0.3611254104938543,-2.581268532253489e-15,3.573922600355793e-15,0.3089404854501159,0.1661212554376622,0.017808753126716283,0.03207443368171956
time_dependent,prepared,0.08,0.0005,0.902,0.19611604417462009,0.36094654574542845,-6.106226635438361e-16,8.458630103839557e-16,0.30903854347220316,0.16603884018687604,0.0177910819125317,0.032058446149260234
time_dependent,prepared,0.08,0.0005,0.9025,0.1960177321696581,0.3607677676000388,4.163336342344337e-16,5.770105752573732e-16,0.309136552338288,0.165956465169161,0.01777342810242095,0.03204246654553822
time_dependent,prepared,0.08,0.0005,0.903,0.19591947012548871,0.3605890760210175,2.220446049250313e-16,3.078914749376504e-16,0.3092345120733508,0.16587413036621337,0.01775579167955488,0.03202649486666281
time_dependent,prepared,0.08,0.0005,0.9035,0.19582125801253092,0.360410470971678,1.942890293094024e-16,2.6953854695951674e-16,0.30933242270235706,0.165791835759733,0.017738172627120092,0.03201053110874501
time_dependent,prepared,0.08,0.0005,0.904,0.19572309580130506,0.360231952415342,-2.498001805406602e-16,3.4672129841031487e-16,0.3094302842502577,0.1657095813314275,0.0177205709283181,0.03199457526789765
time_dependent,prepared,0.08,0.0005,0.9045,0.1956249834622877,0.36005352031531246,1.1102230246251565e-16,1.5417472153207835e-16,0.30952809674198883,0.16562736706299971,0.01770298656636536,0.03197862734023552
time_dependent,prepared,0.08,0.0005,0.905,0.19552692096602517,0.3598751746349078,-8.326672684688674e-16,1.1568834517601924e-15,0.30962586020247185,0.16554519293616599,0.01768541952449354,0.03196268732187491
time_dependent,prepared,0.08,0.0005,0.9055,0.19542890828308346,0.35969691533741865,-8.049116928532385e-16,1.1188748895694321e-15,0.3097235746566134,0.1654630589326387,0.017667869785949683,0.031946755208934294
time_dependent,prepared,0.08,0.0005,0.906,0.19533094538409188,0.3595187423861475,-1.3600232051658168e-15,1.891449658701051e-15,0.3098212401293054,0.16538096503413668,0.01765033733399555,0.03193083099753369
time_dependent,prepared,0.08,0.0005,0.9065,0.19523303223975172,0.3593406557443752,4.996003610813204e-16,6.951625888899163e-16,0.3099188566454253,0.1652989112223852,0.017632822151908395,0.03191491468379528
time_dependent,prepared,0.08,0.0005,0.907,0.1951351688206573,0.3591626553754025,2.498001805406602e-16,3.477535551121887e-16,0.3100164242298356,0.16521689747910817,0.01761532422298006,0.031899006263842636
time_dependent,prepared,0.08,0.0005,0.9075,0.19503735509764186,0.35898474124250396,9.159339953157541e-16,1.2757283111053103e-15,0.3101139429073844,0.16513492378603545,0.01759784353051806,0.03188310573380159
time_dependent,prepared,0.08,0.0005,0.908,0.19493959104137082,0.35880691330896425,7.771561172376096e-16,1.0829726078443883e-15,0.3102114127029051,0.1650529901249018,0.017580380057844597,0.03186721308979937
time_dependent,prepared,0.08,0.0005,0.9085,0.19484187662271518,0.35862917153804513,1.3322676295501878e-15,1.8574445907962786e-15,0.3103088336412164,0.16497109647744454,0.0175629337882968,0.031851328327965535
time_dependent,prepared,0.08,0.0005,0.909,0.19474421181241877,0.35845151589303115,8.881784197001252e-16,1.2389101179937173e-15,0.31040620574712263,0.16488924282540382,0.017545504705227373,0.03183545144443087
time_dependent,prepared,0.08,0.0005,0.9095,0.19464659658143826,0.35827394633717446,8.049116928532385e-16,1.1233187635917696e-15,0.31050352904541334,0.16480742915052557,0.01752809279200352,0.03181958243532839
time_dependent,prepared,0.08,0.0005,0.91,0.19454903090059364,0.35809646283374724,5.551115123125783e-17,7.75086561760174e-17,0.3106008035608636,0.1647256554345594,0.017510698032007815,0.031803721296792944
time_dependent,prepared,0.08,0.0005,0.9105,0.19445151474086542,0.3579190653459977,2.55351295663786e-15,3.567165322933257e-15,0.31069802931823404,0.16464392165925643,0.017493320408637797,0.03178786802496084
time_dependent,prepared,0.08,0.0005,0.911,0.19435404807321496,0.3577417538371874,6.938893903907228e-16,9.69818846902785e-16,0.31079520634227065,0.16456222780637456,0.017475959905306197,0.03177202261597063
time_dependent,prepared,0.08,0.0005,0.9115,0.1942566308686109,0.3575645282705583,1.2212453270876722e-15,1.7077271800344673e-15,0.31089233465770494,0.1644805738576737,0.017458616505440148,0.031756185065962415
time_dependent,prepared,0.08,0.0005,0.912,0.19415926309812895,0.3573873886093722,-1.915134717478395e-15,2.6793540825969945e-15,0.31098941428925403,0.16439895979491861,0.017441290192482323,0.03174035537107821
time_dependent,prepared,0.08,0.0005,0.9125,0.19406194473285576,0.35721033481685666,3.0531133177191805e-16,4.2735512107796713e-16,0.31108644526162044,0.1643173855998762,0.017423980949890467,0.03172453352746191
time_dependent,prepared,0.08,0.0005,0.913,0.19396467574384846,0.3570333668562577,-3.885780586188048e-16,5.44176111661921e-16,0.31118342759949236,0.16423585125432022,0.01740668876113686,0.031708719531259075
time_dependent,prepared,0.08,0.0005,0.9135,0.1938674561023037,0.3568564846908064,-1.8318679906315083e-15,2.5666732555227503e-15,0.3112803613275435,0.16415435674002474,0.017389413609709123,0.03169291337861715
time_dependent,prepared,0.08,0.0005,0.914,0.19377028577933764,0.356679688283741,-1.5265566588595902e-15,2.1399545712919983e-15,0.3113772464704332,0.16407290203877356,0.017372155479109475,0.03167711506568543
time_dependent,prepared,0.08,0.0005,0.9145,0.1936731647461908,0.3565029775982925,-1.942890293094024e-16,2.7249285632661293e-16,0.31147408305280627,0.16399148713234732,0.017354914352855588,0.03166132458861497
time_dependent,prepared,0.08,0.0005,0.915,0.19357609297411776,0.3563263525976838,1.8596235662471372e-15,2.6094387247675324e-15,0.3115708710992933,0.16391011200253539,0.017337690214479742,0.03164554194355868
time_dependent,prepared,0.08,0.0005,0.9155,0.19347907043434492,0.3561498132451374,-6.106226635438361e-16,8.572553470967932e-16,0.3116676106345105,0.1638287766311301,0.017320483047529246,0.03162976712667136
time_dependent,prepared,0.08,0.0005,0.916,0.193382097098233,0.35597335950387893,3.885780586188048e-16,5.457965438205361e-16,0.3117643016830596,0.16374748099992703,0.01730329283556622,0.031614000134109366
time_dependent,prepared,0.08,0.0005,0.9165,0.19328517293707329,0.35579699133712467,3.3306690738754696e-16,4.680575096150255e-16,0.3118609442695281,0.16366622509072742,0.017286119562167898,0.03159824096203106
time_dependent,prepared,0.08,0.0005,0.917,0.19318829792232647,0.3556207087080942,5.828670879282072e-16,8.195066733397748e-16,0.3119575384184893,0.16358500888533423,0.017268963210926302,0.03158248960659674
time_dependent,prepared,0.08,0.0005,0.9175,0.19309147202531676,0.3554445115799926,2.498001805406602e-16,3.513912473008361e-16,0.3120540841545019,0.16350383236555735,0.01725182376544841,0.03156674606396829
time_dependent,prepared,0.08,0.0005,0.918,0.19299469521750043,0.35526839991603265,1.1934897514720433e-15,1.679701532354301e-15,0.31215058150211067,0.16342269551320787,0.01723470120935603,0.031551010330309354
time_dependent,prepared,0.08,0.0005,0.9185,0.1928979674703825,0.35509237367942365,-2.220446049250313e-16,3.126575243284338e-16,0.31224703048584584,0.16334159831010345,0.017217595526285774,0.031535282401785616
time_dependent,prepared,0.08,0.0005,0.919,0.19280128875546396,0.3549164328333662,4.440892098500626e-16,6.256250327785793e-16,0.31234343113022356,0.1632605407380648,0.017200506699889557,0.03151956227456446
time_dependent,prepared,0.08,0.0005,0.9195,0.19270465904426468,0.35474057734107833,-2.7755575615628914e-16,3.9120948361289814e-16,0.3124397834597457,0.16317952277891629,0.017183434713833465,0.03150384994481514
time_dependent,prepared,0.08,0.0005,0.92,0.1926080783083907,0.35456480716574795,-1.9984014443252818e-15,2.8181046228187804e-15,0.3125360874988999,0.16309854441448726,0.017166379551799248,0.03148814540870854
time_dependent,prepared,0.08,0.0005,0.9205,0.19251154651944868,0.3543891222705726,-6.938893903907228e-16,9.78993635505756e-16,0.3126323432721596,0.16301760562661102,0.017149341197482636,0.0314724486624176
time_dependent,prepared,0.08,0.0005,0.921,0.19241506364904207,0.35421352261876005,-1.7486012637846216e-15,2.4682869965789606e-15,0.31272855080398415,0.16293670639712696,0.01713231963459491,0.0314567597021168
time_dependent,prepared,0.08,0.0005,0.9215,0.1923186296688561,0.3540380081734907,1.3877787807814457e-16,1.9599290877568526e-16,0.31282471011881857,0.16285584670787384,0.017115314846861778,0.03144107852398267
time_dependent,prepared,0.08,0.0005,0.922,0.1922222445505969,0.353862578897973,-5.551115123125783e-16,7.843602932547306e-16,0.3129208212410939,0.16277502654070033,0.017098326818024034,0.031425405124193284
time_dependent,prepared,0.08,0.0005,0.9225,0.1921259082659907,0.3536872347553886,1.7763568394002505e-15,2.5111972738128093e-15,0.3130168841952269,0.16269424587745668,0.017081355531837015,0.031409739498928876
time_dependent,prepared,0.08,0.0005,0.923,0.19202962078682984,0.35351197570893217,-9.71445146547012e-16,1.3739918493551446e-15,0.3131128990056203,0.16261350469999505,0.017064400972070955,0.03139408164437111
time_dependent,prepared,0.08,0.0005,0.9235,0.19193338208494107,0.35333680172178916,-7.216449660063518e-16,1.0211856824562564e-15,0.31320886569666273,0.16253280299017694,0.01704746312251087,0.03137843155670375
time_dependent,prepared,0.08,0.0005,0.924,0.19183719213209302,0.3531617127571425,3.552713678800501e-15,5.029868117730482e-15,0.3133047842927288,0.1624521407298645,0.0170305419669569,0.03136278923211224
time_dependent,prepared,0.08,0.0005,0.9245,0.1917410509001904,0.3529867087781939,-2.3592239273284576e-15,3.3418027770713175e-15,0.31340065481817886,0.1623715179009246,0.01701363748922332,0.03134715466678378
time_dependent,prepared,0.08,0.0005,0.925,0.19164495836110812,0.3528117897481091,-5.551115123125783e-17,7.866963752953119e-17,0.3134964772973594,0.16229093448523213,0.016996749673139695,0.031331527856907425
time_dependent,prepared,0.08,0.0005,0.9255,0.19154891448677502,0.35263695563008085,-1.2212453270876722e-15,1.731590106467416e-15,0.3135922517546028,0.1622103904646603,0.016979878502549988,0.031315908798674
time_dependent,prepared,0.08,0.0005,0.926,0.1914529192491688,0.3524622063872885,-2.0816681711721685e-15,2.9530374228050143e-15,0.3136879782142274,0.16212988582109125,0.016963023961313137,0.03130029748827613
time_dependent,prepared,0.08,0.0005,0.9265,0.19135697262026508,0.3522875419829091,6.661338147750939e-16,9.454404930495812e-16,0.31378365670053754,0.1620494205364097,0.016946186033302783,0.03128469392190842
time_dependent,prepared,0.08,0.0005,0.927,0.19126107457209193,0.35211296238012685,-9.159339953157541e-16,1.3006252157325442e-15,0.3138792872378236,0.1619689945925057,0.016929364702407197,0.031269098095766924
time_dependent,prepared,0.08,0.0005,0.9275,0.19116522507669115,0.35193846754212227,1.1379786002407855e-15,1.6167294927835401e-15,0.31397486985036194,0.16188860797127252,0.016912559952529445,0.031253510006049826
time_dependent,prepared,0.08,0.0005,0.928,0.19106942410619265,0.35176405743206934,-6.661338147750939e-16,9.468474687805966e-16,0.31407040456241503,0.16180826065460946,0.016895771767587314,0.03123792964895685
time_dependent,prepared,0.08,0.0005,0.9285,0.19097367163264664,0.3515897320131433,-1.4432899320127035e-15,2.0525200263225443e-15,0.31416589139823137,0.16172795262442013,0.016879000131513153,0.031222357020689855
time_dependent,prepared,0.08,0.0005,0.929,0.19087796762824158,0.3514154912485293,3.0808688933348094e-15,4.3835132059615626e-15,0.3142613303820455,0.16164768386260908,0.016862245028254147,0.031206792117452014
time_dependent,prepared,0.08,0.0005,0.9295,0.19078231206510693,0.3512413351013942,-2.858824288409778e-15,4.069601158395156e-15,0.3143567215380781,0.1615674543510911,0.016845506441772094,0.031191234935448665
time_dependent,prepared,0.08,0.0005,0.93,0.19068670491553977,0.3510672635349145,2.498001805406602e-16,3.557725349060022e-16,0.31445206489053584,0.16148726407178185,0.016828784356043507,0.031175685470886873
time_dependent,prepared,0.08,0.0005,0.9305,0.1905911461517167,0.35089327651227165,5.273559366969494e-16,7.51447764885438e-16,0.3145473604636117,0.16140711300660182,0.01681207875505951,0.03116014371997543
time_dependent,prepared,0.08,0.0005,0.931,0.1904956357459203,0.35071937399663494,6.106226635438361e-16,8.70528845591653e-16,0.31464260828148466,0.16132700113747575,0.016795389622825892,0.031144609678925038
time_dependent,prepared,0.08,0.0005,0.9315,0.19040017367046477,0.35054555595118064,3.0531133177191805e-15,4.354802486990256e-15,0.3147378083683199,0.16124692844633562,0.016778716943363133,0.031129083343948056
time_dependent,prepared,0.08,0.0005,0.932,0.1903047598976762,0.3503718223390831,2.220446049250313e-16,3.168699518167028e-16,0.3148329607482687,0.16116689491511557,0.01676206070070611,0.031113564711258732
time_dependent,prepared,0.08,0.0005,0.9325,0.19020939439988035,0.35019817312351165,7.771561172376096e-16,1.1095947621684379e-15,0.31492806544546864,0.16108690052575309,0.016745420878904592,0.031098053777072903
time_dependent,prepared,0.08,0.0005,0.933,0.1901140771494988,0.3500246082676475,-2.0261570199409107e-15,2.8943065317162057e-15,0.3150231224840434,0.16100694526019374,0.016728797462023007,0.031082550537608535
time_dependent,prepared,0.08,0.0005,0.9335,0.19001880811896857,0.3498511277346607,-1.582067810090848e-15,2.2610586113227383e-15,0.3151181318881029,0.1609270291003862,0.01671219043414004,0.031067054989085074
time_dependent,prepared,0.08,0.0005,0.934,0.18992358728075587,0.34967773148772585,-4.163336342344337e-16,5.953104769684881e-16,0.3152130936817433,0.16084715202828315,0.016695599779349268,0.03105156712772408
time_dependent,prepared,0.08,0.0005,0.9345,0.18982841460726013,0.34950441949001826,2.4702462297909733e-15,3.5339270292997163e-15,0.3153080078890469,0.16076731402584132,0.01667902548175877,0.03103608694974852
time_dependent,prepared,0.08,0.0005,0.935,0.18973329007107173,0.34933119170471316,0.0,0.0,0.31540287453408244,0.16068751507502438,0.016662467525491283,0.031020614451383398
time_dependent,prepared,0.08,0.0005,0.9355,0.1896382136446938,0.3491580480949789,-3.0531133177191805e-16,4.3721078955176565e-16,0.3154976936409048,0.16060775515779974,0.016645925894683722,0.031005149628855488
time_dependent,prepared,0.08,0.0005,0.936,0.18954318530072506,0.3489849886240025,1.8318679906315083e-15,2.6245655978704057e-15,0.31559246523355516,0.16052803425613835,0.016629400573488096,0.030989692478393317
time_dependent,prepared,0.08,0.0005,0.9365,0.18944820501173848,0.3488120132549503,3.0531133177191805e-15,4.376445193542711e-15,0.31568718933606105,0.16044835235201543,0.016612891546070582,0.03097424299622716
time_dependent,prepared,0.08,0.0005,0.937,0.18935327275038277,0.3486391219510048,0.0,0.0,0.31578186597243624,0.16036870942741535,0.01659639879661209,0.030958801178589162
time_dependent,prepared,0.08,0.0005,0.9375,0.18925838848934898,0.34846631467533246,3.524958103184872e-15,5.0578175776747215e-15,0.3158764951666809,0.16028910546432373,0.016579922309307916,0.030943367021713165
time_dependent,prepared,0.08,0.0005,0.9380000000000001,0.18916355220129674,0.3482935913911328,-6.661338147750939e-16,9.562820437126964e-16,0.3159710769427816,0.16020954044472788,0.01656346206836796,0.030927940521834913
time_dependent,prepared,0.08,0.0005,0.9385,0.18906876385890817,0.34812095206155624,-1.3322676295501878e-15,1.9135125617412035e-15,0.31606561132471106,0.16013001435062624,0.016547018058016554,0.030912521675191717
time_dependent,prepared,0.08,0.0005,0.9390000000000001,0.18897402343499203,0.3479483966498077,4.718447854656915e-16,6.780384534155203e-16,0.31616009833642855,0.16005052716401916,0.016530590262492727,0.030897110478023033
time_dependent,prepared,0.08,0.0005,0.9395,0.18887933090228903,0.3477759251190479,1.0824674490095276e-15,1.556271396070594e-15,0.3162545380018797,0.15997107886691112,0.01651417866604965,0.03088170692656967
time_dependent,prepared,0.08,0.0005,0.9400000000000001,0.18878468623363576,0.34760353743246775,1.6653345369377348e-16,2.395451078027758e-16,0.3163489303449965,0.15989166944131086,0.016497783252955273,0.030866311017074592
time_dependent,prepared,0.08,0.0005,0.9405,0.18869008940185417,0.34743123355324973,-1.1102230246251565e-16,1.5977593799939638e-16,0.3164432753896974,0.15981229886923579,0.016481404007491762,0.030850922745782314
time_dependent,prepared,0.08,0.0005,0.9410000000000001,0.18859554037978898,0.34725901344457166,-9.43689570931383e-16,1.3587690087157563e-15,0.3165375731598873,0.1597329671327032,0.016465040913955994,0.030835542108939167
time_dependent,prepared,0.08,0.0005,0.9415,0.18850103914036992,0.3470868770696246,6.106226635438361e-16,8.79639513742472e-16,0.31663182367945747,0.15965367421373808,0.016448693956659245,0.030820169102793404
time_dependent,prepared,0.08,0.0005,0.9420000000000001,0.18840658565651464,0.3469148243915936,-5.551115123125783e-16,8.000688833146764e-16,0.31672602697228575,0.1595744200943711,0.016432363119926907,0.030804803723594898
time_dependent,prepared,0.08,0.0005,0.9425,0.18831217990113686,0.3467428553736627,9.159339953157541e-16,1.320768375066747e-15,0.3168201830622363,0.15949520475663503,0.01641604838809921,0.030789445967595263
time_dependent,prepared,0.08,0.0005,0.9430000000000001,0.1882178218472177,0.34657096997902753,-4.163336342344337e-16,6.006470107112953e-16,0.3169142919731599,0.1594160281825698,0.01639974974553074,0.030774095831048114
time_dependent,prepared,0.08,0.0005,0.9435,0.18812351146782574,0.34639916817087074,-1.0824674490095276e-15,1.5624567673262612e-15,0.3170083537288938,0.15933689035421786,0.0163834671765902,0.030758753310208713
time_dependent,prepared,0.08,0.0005,0.9440000000000001,0.18802924873595533,0.3462274499123834,1.1102230246251565e-15,1.603314562300171e-15,0.3171023683532618,0.1592577912536299,0.016367200665660914,0.03074341840133409
time_dependent,prepared,0.08,0.0005,0.9445,0.18793503362465128,0.34605581516677003,3.3306690738754696e-16,4.812329294727157e-16,0.3171963358700741,0.15917873086285889,0.016350950197140585,0.030728091100682975
time_dependent,prepared,0.08,0.0005,0.9450000000000001,0.18784086610708922,0.345884263897212,-1.609823385706477e-15,2.3271127856005606e-15,0.3172902563031277,0.1590997091639629,0.016334715755441324,0.03071277140451614
time_dependent,prepared,0.08,0.0005,0.9455,0.18774674615629933,0.34571279606691707,7.494005416219807e-16,1.0838484287358052e-15,0.31738412967620583,0.15902072613900753,0.016318497324989516,0.030697459309095794
time_dependent,prepared,0.08,0.0005,0.9460000000000001,0.18765267374543904,0.34554141163907715,-1.5265566588595902e-15,2.208934453931825e-15,0.31747795601307854,0.15894178177006169,0.01630229489022581,0.030682154810686077
time_dependent,prepared,0.08,0.0005,0.9465,0.1875586488477355,0.34537011057689315,-2.0539125955565396e-15,2.9734950023986842e-15,0.31757173533750244,0.15886287603919655,0.016286108435605497,0.030666857905552965
time_dependent,prepared,0.08,0.0005,0.9470000000000001,0.1874646714363596,0.3451988928435712,8.326672684688674e-17,1.2060688573039472e-16,0.3176654676732206,0.1587840089284931,0.016269937945598098,0.03065156858996422
time_dependent,prepared,0.08,0.0005,0.9475,0.1873707414845797,0.3450277584023136,1.1102230246251565e-16,1.6088894264133383e-16,0.3177591530439629,0.15870518042003443,0.016253783404687208,0.030636286860189196
time_dependent,prepared,0.08,0.0005,0.9480000000000001,0.1872768589656398,0.3448567072163315,-7.494005416219807e-16,1.0865390261235029e-15,0.31785279147344575,0.15862639049590846,0.01623764479737116,0.030621012712499257
time_dependent,prepared,0.08,0.0005,0.9485,0.1871830238527896,0.3446857392488309,-1.4432899320127035e-15,2.093631629724585e-15,0.31794638298537214,0.15854763913821024,0.016221522108162134,0.030605746143167342
time_dependent,prepared,0.08,0.0005,0.9490000000000001,0.18708923611940664,0.34451485446301644,-1.1657341758564144e-15,1.6918489301040536e-15,0.31803992760343186,0.15846892632903864,0.016205415321586977,0.030590487148468223
time_dependent,prepared,0.08,0.0005,0.9495,0.18699549573877178,0.34434405282211317,7.216449660063518e-16,1.0478545514174308e-15,0.31813342535130124,0.15839025205049703,0.016189324422186804,0.030575235724678317
time_dependent,prepared,0.08,0.0005,0.9500000000000001,0.18690180268434514,0.34417333428932656,-7.216449660063518e-16,1.0483743133332165e-15,0.3182268762526434,0.15831161628469548,0.01617324939451667,0.030559991868076286
time_dependent,prepared,0.08,0.0005,0.9505,0.1868081569294118,0.3440026988278839,-2.3037127760972e-15,3.3483934631132535e-15,0.3183202803311081,0.15823301901374573,0.016157190223146354,0.030544755574941917
time_dependent,prepared,0.08,0.0005,0.9510000000000001,0.18671455844750928,0.3438321464009961,3.885780586188048e-16,5.650694135004226e-16,0.31841363761033187,0.15815446021976862,0.0161411468926595,0.030529526841557277
time_dependent,prepared,0.08,0.0005,0.9515,0.18662100721201416,0.34366167697189554,-1.0547118733938987e-15,1.5345206406010673e-15,0.31850694811393787,0.15807593988488922,0.01612511938765429,0.030514305664205696
time_dependent,prepared,0.08,0.0005,0.9520000000000001,0.18652750319641204,0.34349129050380667,1.915134717478395e-15,2.7877485840607738e-15,0.31860021186553605,0.15799745799123396,0.016109107692743055,0.030499092039172903
time_dependent,prepared,0.08,0.0005,0.9525,0.18643404637427774,0.34332098695994956,5.273559366969494e-16,7.68021700867457e-16,0.3186934288887232,0.15791901452094284,0.01609311179255207,0.03048388596274589
time_dependent,prepared,0.08,0.0005,0.9530000000000001,0.18634063671906154,0.34315076630356806,-3.0531133177191805e-16,4.448647092657587e-16,0.31878659920708274,0.1578406094561501,0.016077131671722474,0.03046868743121362
time_dependent,prepared,0.08,0.0005,0.9535,0.18624727420437662,0.3429806284978921,1.1379786002407855e-15,1.6589546255493221e-15,0.3188797228441849,0.1577622427790029,0.016061167314908836,0.030453496440866718
time_dependent,prepared,0.08,0.0005,0.9540000000000001,0.1861539588037799,0.3428105735061509,6.106226635438361e-16,8.906123537827218e-16,0.3189727998235868,0.15768391447165156,0.016045218706780575,0.030438312987997686
time_dependent,prepared,0.08,0.0005,0.9545,0.18606069049090326,0.3426406012915928,-6.938893903907228e-16,1.0125615408318354e-15,0.3190658301688322,0.15760562451625132,0.01602928583202108,0.030423137068900735
time_dependent,prepared,0.08,0.0005,0.9550000000000001,0.1859674692394109,0.3424707118174601,-5.551115123125783e-16,8.104510738548324e-16,0.3191588139034519,0.1575273728949616,0.016013368675327672,0.03040796867987189
time_dependent,prepared,0.08,0.0005,0.9555,0.18587429502292852,0.3423009050470002,-3.524958103184872e-15,5.148917299387347e-15,0.3192517510509634,0.15744915958995112,0.01599746722141208,0.030392807817208718
time_dependent,prepared,0.08,0.0005,0.9560000000000001,0.18578116781520784,0.3421311809434503,8.881784197001252e-16,1.2980085843840817e-15,0.319344641634871,0.1573709845833867,0.015981581455000237,0.030377654477211132
time_dependent,prepared,0.08,0.0005,0.9565,0.18568808758990962,0.3419615394700732,-1.942890293094024e-16,2.840802354710502e-16,0.3194374856786659,0.15729284785744713,0.015965711360832264,0.03036250865617994
time_dependent,prepared,0.08,0.0005,0.9570000000000001,0.18559505432079798,0.3417919805901298,-2.7755575615628914e-16,4.0603023464311274e-16,0.3195302832058263,0.15721474939431135,0.015949856923662027,0.03034737035041837
time_dependent,prepared,0.08,0.0005,0.9575,0.18550206798168162,0.341622504266862,2.6367796834847468e-15,3.8592007999346964e-15,0.3196230342398172,0.1571366891761685,0.015934018128257968,0.030332239556231266
time_dependent,prepared,0.08,0.0005,0.9580000000000001,0.1854091285463045,0.3414531104635504,-4.440892098500626e-16,6.502931094216357e-16,0.3197157388040903,0.15705866718521053,0.015918194959402363,0.0303171162699251
time_dependent,prepared,0.08,0.0005,0.9585,0.18531623598855623,0.34128379914344936,1.7763568394002505e-15,2.6024628825899857e-15,0.3198083969220846,0.1569806834036334,0.01590238740189178,0.030302000487808102
time_dependent,prepared,0.08,0.0005,0.9590000000000001,0.18522339028221999,0.34111457026983394,5.273559366969494e-16,7.729894625723424e-16,0.31990100861722576,0.1569027378136389,0.015886595440536933,0.03028689220619042
time_dependent,prepared,0.08,0.0005,0.9595,0.1851305914012334,0.34094542380596904,1.942890293094024e-15,2.8492687647858137e-15,0.3199935739129264,0.15682483039743764,0.015870819060162272,0.030271791421383847
time_dependent,prepared,0.08,0.0005,0.96,0.1850378393194687,0.3407763597151428,-1.8318679906315083e-15,2.6877861952671597e-15,0.3200860928325861,0.15674696113723874,0.015855058245606717,0.03025669812970199
time_dependent,prepared,0.08,0.0005,0.9605,0.1849451340108737,0.3406073779606187,-4.163336342344337e-16,6.111635583574628e-16,0.32017856539959155,0.15666913001526345,0.015839312981722992,0.03024161232746014
time_dependent,prepared,0.08,0.0005,0.961,0.1848524754493768,0.34043847850569464,8.604228440844963e-16,1.263697993042967e-15,0.32027099163731626,0.15659133701373618,0.0158235832533781,0.03022653401097535
time_dependent,prepared,0.08,0.0005,0.9615,0.18475986360900076,0.34026966131365943,-1.4710455076283324e-15,2.1615878153067703e-15,0.32036337156912076,0.15651358211488406,0.015807869045452772,0.030211463176566564
time_dependent,prepared,0.08,0.0005,0.962,0.18466729846377614,0.34010092634778794,9.992007221626409e-16,1.468976772413808e-15,0.32045570521835265,0.1564358653009406,0.015792170342842155,0.03019639982055434
time_dependent,prepared,0.08,0.0005,0.9625,0.18457477998767496,0.3399322735713848,-9.159339953157541e-16,1.3472301198306373e-15,0.3205479926083465,0.1563581865541504,0.01577648713045526,0.03018134393926094
time_dependent,prepared,0.08,0.0005,0.963,0.1844823081547589,0.3397637029477592,8.604228440844963e-16,1.2662077152732097e-15,0.32064023376242384,0.15628054585675424,0.015760819393214952,0.030166295529010588
time_dependent,prepared,0.08,0.0005,0.9635,0.18438988293913045,0.33959521444019936,-2.498001805406602e-16,3.677910787883741e-16,0.3207324287038934,0.1562029431910024,0.015745167116058407,0.030151254586128995
time_dependent,prepared,0.08,0.0005,0.964,0.1842975043149246,0.3394268080120214,-3.0531133177191805e-16,4.497454599418457e-16,0.32082457745605086,0.15612537853915437,0.015729530283936546,0.030136221106943875
time_dependent,prepared,0.08,0.0005,0.9645,0.18420517225621583,0.33925848362652733,6.38378239159465e-16,9.408434423444265e-16,0.320916680042179,0.1560478518834693,0.015713908881814412,0.030121195087784488
time_dependent,prepared,0.08,0.0005,0.965,0.1841128867372334,0.33909024124704107,3.885780586188048e-16,5.729714561966849e-16,0.3210087364855476,0.15597036320621363,0.01569830289467094,0.030106176524982053
time_dependent,prepared,0.08,0.0005,0.9655,0.18402064773209628,0.338922080836882,2.192690473634684e-15,3.2348002647398845e-15,0.32110074680941364,0.15589291248966225,0.01568271230749912,0.030091165414869225
time_dependent,prepared,0.08,0.0005,0.966,0.18392845521507672,0.3387540023593752,-1.970645868709653e-15,2.9086680230851592e-15,0.3211927110370212,0.15581549971608896,0.015667137105305796,0.030076161753780833
time_dependent,prepared,0.08,0.0005,0.9665,0.18383630916040034,0.3385860057778393,-1.2212453270876722e-15,1.8034492067710936e-15,0.3212846291916014,0.155738124867781,0.015651577273111866,0.03006116553805308
time_dependent,prepared,0.08,0.0005,0.967,0.18374420954228585,0.3384180910556131,-1.3877787807814457e-15,2.0503909475592892e-15,0.3213765012963725,0.1556607879270246,0.01563603279595218,0.030046176764024043
time_dependent,prepared,0.08,0.0005,0.9675,0.18365215633504303,0.338250258156039,1.0547118733938987e-15,1.5590703154871587e-15,0.32146832737454006,0.15558348887611326,0.015620503658875278,0.03003119542803362
time_dependent,prepared,0.08,0.0005,0.968,0.1835601495129955,0.33808250704245,8.326672684688674e-17,1.2314557114372034e-16,0.3215601074492966,0.15550622769734906,0.015604989846943912,0.030016221526423345
time_dependent,prepared,0.08,0.0005,0.9685,0.18346818905045859,0.33791483767819525,1.1102230246251565e-15,1.6427556603513929e-15,0.3216518415438218,0.1554290043730346,0.015589491345234506,0.030001255055536614
time_dependent,prepared,0.08,0.0005,0.969,0.18337627492181893,0.33774725002663286,-2.220446049250313e-16,3.2871415667710424e-16,0.3217435296812827,0.1553518188854833,0.015574008138837556,0.029986296011718483
time_dependent,prepared,0.08,0.0005,0.9695,0.18328440710145102,0.337579744051105,-3.608224830031759e-16,5.344255533124529e-16,0.32183517188483346,0.15527467121700783,0.015558540212857458,0.02997134439131571
time_dependent,prepared,0.08,0.0005,0.97,0.1831925855637251,0.3374123197149846,1.27675647831893e-15,1.891982603654508e-15,0.32192676817761534,0.15519756134993262,0.015543087552412148,0.02995640019067691
time_dependent,prepared,0.08,0.0005,0.9705,0.18310081028315248,0.33724497698162575,2.0539125955565396e-15,3.0451344508363683e-15,0.3220183185827569,0.15512048926658303,0.015527650142633898,0.02994146340615237
time_dependent,prepared,0.08,0.0005,0.971,0.18300908123410892,0.33707771581440915,-1.5543122344752192e-15,2.3055695490279875e-15,0.322109823123374,0.15504345494929234,0.015512227968668524,0.02992653403409411
time_dependent,prepared,0.08,0.0005,0.9715,0.18291739839113091,0.33691053617669725,-1.1379786002407855e-15,1.6888438888773122e-15,0.3222012818225696,0.1549664583803995,0.015496821015675727,0.02991161207085587
time_dependent,prepared,0.08,0.0005,0.972,0.1828257617287449,0.33674343803187756,4.163336342344337e-16,6.181763134980845e-16,0.32229269470343397,0.15488949954224893,0.015481429268829188,0.02989669751279334
time_dependent,prepared,0.08,0.0005,0.9725,0.1827341712214285,0.33657642134333815,-8.326672684688674e-16,1.2369661326030218e-15,0.32238406178904466,0.15481257841718787,0.015466052713316168,0.029881790356263725
time_dependent,prepared,0.08,0.0005,0.973,0.1826426268437746,0.3364094860744576,-1.887379141862766e-15,2.8051812151412362e-15,0.32247538310246654,0.15473569498757245,0.01545069133433793,0.029866890597625952
time_dependent,prepared,0.08,0.0005,0.9735,0.1825511285703226,0.3362426321886386,4.163336342344337e-16,6.190970364532214e-16,0.3225666586667517,0.15465884923576237,0.015435345117109527,0.029851998233240733
time_dependent,prepared,0.08,0.0005,0.974,0.18245967637569882,0.3360758596492832,-1.0824674490095276e-15,1.6104510602742396e-15,0.32265788850493954,0.15458204114412633,0.015420014046859698,0.029837113259470607
time_dependent,prepared,0.08,0.0005,0.9745,0.18236827023454266,0.3359091684197893,-1.1379786002407855e-15,1.6938784457628191e-15,0.3227490726400568,0.15450527069503323,0.015404698108831055,0.029822235672679796
time_dependent,prepared,0.08,0.0005,0.975,0.18227691012150338,0.3357425584635719,-4.440892098500626e-16,6.613537644472418e-16,0.32284021109511757,0.15442853787086208,0.015389397288279996,0.029807365469234265
time_dependent,prepared,0.08,0.0005,0.9755,0.18218559601127304,0.3355760297440487,-1.0547118733938987e-15,1.5714946538320279e-15,0.3229313038931232,0.15435184265399665,0.015374111570476573,0.029792502645501633
time_dependent,prepared,0.08,0.0005,0.976,0.18209432787851057,0.3354095822246335,-1.7763568394002505e-15,2.6480412807803705e-15,0.32302235105706245,0.15427518502682275,0.015358840940704749,0.029777647197851427
time_dependent,prepared,0.08,0.0005,0.9765,0.18200310569797043,0.33524321586875444,5.551115123125783e-16,8.27923558235255e-16,0.3231133526099114,0.15419856497173787,0.015343585384262032,0.029762799122654712
time_dependent,prepared,0.08,0.0005,0.977,0.18191192944439002,0.3350769306398476,-1.1657341758564144e-15,1.7395022892659063e-15,0.3232043085746336,0.1541219824711401,0.015328344886459795,0.02974795841628443
time_dependent,prepared,0.08,0.0005,0.9775,0.1818207990925123,0.3349107265013494,-9.992007221626409e-16,1.4917418928333674e-15,0.32329521897417984,0.15404543750743588,0.01531311943262305,0.029733125075115076
time_dependent,prepared,0.08,0.0005,0.978,0.18172971461718174,0.33474460341669404,1.609823385706477e-15,2.40455465043382e-15,0.3233860838314884,0.15396893006303594,0.01529790900809063,0.029718299095523124
time_dependent,prepared,0.08,0.0005,0.9785,0.18163867599317068,0.3345785613493451,-8.326672684688674e-17,1.2443523953100072e-16,0.323476903169485,0.15389246012035754,0.015282713598215,0.029703480473886608
time_dependent,prepared,0.08,0.0005,0.979,0.1815476831953681,0.33441260026274783,2.6367796834847468e-15,3.942404803845639e-15,0.3235676770110827,0.1538160276618237,0.015267533188362182,0.029688669206585385
time_dependent,prepared,0.08,0.0005,0.9795,0.1814567361986372,0.3342467201203564,1.1934897514720433e-15,1.785342502451911e-15,0.323658405379182,0.15373963266986418,0.015252367763912315,0.029673865290001038
time_dependent,prepared,0.08,0.0005,0.98,0.1813658349778177,0.33408092088565466,-6.106226635438361e-16,9.138843695788804e-16,0.32374908829667093,0.15366327512690856,0.015237217310258587,0.02965906872051682
time_dependent,prepared,0.08,0.0005,0.9805,0.18127497950785024,0.33391520252209095,-2.3314683517128287e-15,3.4911084222926226e-15,0.32383972578642484,0.15358695501540165,0.015222081812808267,0.02964427949451764
time_dependent,prepared,0.08,0.0005,0.981,0.18118416976368337,0.33374956499315883,4.163336342344337e-16,6.237216133045259e-16,0.32393031787130666,0.15351067231778803,0.015206961256982178,0.029629497608390287
time_dependent,prepared,0.08,0.0005,0.9815,0.18109340572023178,0.33358400826232654,1.0824674490095276e-15,1.6224810275651559e-15,0.3240208645741668,0.15343442701651733,0.015191855628214774,0.02961472305852324
time_dependent,prepared,0.08,0.0005,0.982,0.18100268735246358,0.3334185322931048,4.163336342344337e-16,6.243408717731965e-16,0.324111365917843,0.15335821909404618,0.015176764911954108,0.02959995584130657
time_dependent,prepared,0.08,0.0005,0.9825,0.18091201463550288,0.3332531370489639,9.43689570931383e-16,1.4158750001395007e-15,0.3242018219251608,0.15328204853283894,0.015161689093661892,0.029585195953132377
time_dependent,prepared,0.08,0.0005,0.983,0.18082138754426935,0.33308782249342567,-1.1102230246251565e-16,1.6665620140572232e-16,0.3242922326189329,0.15320591531536476,0.01514662815881334,0.029570443390394163
time_dependent,prepared,0.08,0.0005,0.9835,0.18073080605382477,0.3329225885899813,4.163336342344337e-16,6.252709315966227e-16,0.32438259802195984,0.15312981942409737,0.01513158209289745,0.029555698149487306
time_dependent,prepared,0.08,0.0005,0.984,0.18064027013926393,0.3327574353021528,-4.163336342344337e-16,6.255812644071975e-16,0.3244729181570295,0.15305376084151573,0.015116550881416477,0.029540960226808848
time_dependent,prepared,0.08,0.0005,0.9845,0.18054977977567088,0.33259236259345665,1.6653345369377348e-15,2.5035670151171627e-15,0.32456319304691733,0.1529777395501067,0.015101534509886817,0.02952622961875777
time_dependent,prepared,0.08,0.0005,0.985,0.18045933493819982,0.33242737042741616,2.3037127760972e-15,3.4649866121661542e-15,0.3246534227143864,0.15290175553236163,0.015086532963837763,0.029511506321734444
time_dependent,prepared,0.08,0.0005,0.9855,0.1803689356019398,0.3322624587675665,1.609823385706477e-15,2.42251771638249e-15,0.32474360718218737,0.1528258087707781,0.01507154622881269,0.029496790332141122
time_dependent,prepared,0.08,0.0005,0.986,0.18027858174205288,0.3320976275774453,9.992007221626409e-16,1.504377988863569e-15,0.3248337464730584,0.15274989924786145,0.015056574290368135,0.02948208164638186
time_dependent,prepared,0.08,0.0005,0.9865,0.1801882733337731,0.3319328768205912,1.1102230246251565e-15,1.672360742417852e-15,0.3249238406097253,0.15267402694611804,0.015041617134074436,0.02946738026086227
time_dependent,prepared,0.08,0.0005,0.987,0.18009801035227727,0.33176820646056393,-1.0824674490095276e-15,1.6313610344971352e-15,0.3250138896149014,0.15259819184806353,0.015026674745515441,0.029452686171989737
time_dependent,prepared,0.08,0.0005,0.9875,0.18000779277282328,0.331603616460914,2.4702462297909733e-15,3.724697360292707e-15,0.3251038935112878,0.15252239393621939,0.015011747110288241,0.029437999376173626
time_dependent,prepared,0.08,0.0005,0.988,0.17991762057062288,0.3314391067852067,-7.771561172376096e-16,1.1723965297511743e-15,0.3251938523215731,0.1524466331931125,0.014996834214003702,0.029423319869824487
time_dependent,prepared,0.08,0.0005,0.9885,0.17982749372098572,0.33127467739700744,1.8318679906315083e-15,2.7648777821254193e-15,0.3252837660684336,0.15237090960127503,0.014981936042286237,0.029408647649355087
time_dependent,prepared,0.08,0.0005,0.989,0.17973741219919256,0.3311103282599038,-1.304512053934559e-15,1.9699054100640884e-15,0.32537363477453324,0.15229522314324379,0.014967052580773282,0.029393982711179566
time_dependent,prepared,0.08,0.0005,0.9895,0.1796473759805769,0.3309460593374696,1.7208456881689926e-15,2.599888470667997e-15,0.3254634584625235,0.1522195738015653,0.0149521838151164,0.029379325051714
time_dependent,prepared,0.08,0.0005,0.99,0.17955738504044544,0.3307818705933022,-9.159339953157541e-16,1.3844984818437953e-15,0.32555323715504375,0.1521439615587893,0.014937329730980041,0.02936467466737609
time_dependent,prepared,0.08,0.0005,0.9905,0.17946743935424253,0.33061776199099296,-1.5543122344752192e-15,2.3506181656954762e-15,0.3256429708747209,0.1520683863974709,0.014922490314042405,0.029350031554585338
time_dependent,prepared,0.08,0.0005,0.991,0.17937753889726485,0.33045373349413837,8.326672684688674e-17,1.2598847948613618e-16,0.32573265964416953,0.1519928483001725,0.01490766554999511,0.02933539570976276
time_dependent,prepared,0.08,0.0005,0.9915,0.17928768364496256,0.33028978506636386,4.163336342344337e-16,6.302550866821102e-16,0.325822303485992,0.1519173472494607,0.0148928554245431,0.029320767129331255
time_dependent,prepared,0.08,0.0005,0.992,0.17919787357278089,0.33012591667127644,-3.885780586188048e-16,5.885300713995934e-16,0.3259119024227784,0.1518418832279122,0.014878059923404754,0.02930614580971548
time_dependent,prepared,0.08,0.0005,0.9925,0.17910810865615406,0.32996212827249616,2.7755575615628914e-17,4.205872922589957e-17,0.3260014564771065,0.15176645621810453,0.01486327903231209,0.02929153174734165
time_dependent,prepared,0.08,0.0005,0.993,0.1790183888705304,0.329798419833663,2.0261570199409107e-15,3.0718112915198568e-15,0.3260909656715418,0.15169106620262307,0.014848512737010013,0.02927692493863764
time_dependent,prepared,0.08,0.0005,0.9935,0.1789287141914426,0.3296347913184123,-3.608224830031759e-16,5.473064320061985e-16,0.3261804300286375,0.15161571316405964,0.01483376102325747,0.02926232538003333
time_dependent,prepared,0.08,0.0005,0.994,0.17883908459442843,0.32947124269038597,-1.3600232051658168e-15,2.0639482736948216e-15,0.3262698495709347,0.1515403970850114,0.014819023876826308,0.029247733067960066
time_dependent,prepared,0.08,0.0005,0.9945,0.1787495000549978,0.3293077739132347,-4.440892098500626e-16,6.742768392207325e-16,0.3263592243209622,0.1514651179480821,0.014804301283501863,0.029233147998851034
time_dependent,prepared,0.08,0.0005,0.995,0.1786599605487153,0.3291443849506239,-3.3306690738754696e-16,5.059586652792385e-16,0.32644855430123654,0.1513898757358807,0.014789593229082918,0.029218570169141134
time_dependent,prepared,0.08,0.0005,0.9955,0.1785704660511576,0.3289810757662105,1.3877787807814457e-16,2.109207615588908e-16,0.32653783953426213,0.15131467043102295,0.01477489969938136,0.02920399957526667
time_dependent,prepared,0.08,0.0005,0.996,0.17848101653794038,0.3288178463236729,6.106226635438361e-16,9.285120475832798e-16,0.3266270800425311,0.15123950201613134,0.014760220680222692,0.029189436213666074
time_dependent,prepared,0.08,0.0005,0.9965,0.17839161198465822,0.32865469658669066,-5.273559366969494e-16,8.022948434541036e-16,0.3267162758485234,0.1511643704738295,0.014745556157445758,0.029174880080779193
time_dependent,prepared,0.08,0.0005,0.997,0.17830225236699254,0.3284916265189493,1.0269562977782698e-15,1.5631392322857694e-15,0.32680542697470694,0.15108927578675316,0.014730906116902453,0.029160331173047758
time_dependent,prepared,0.08,0.0005,0.9975,0.17821293766062837,0.32832863608413987,-4.996003610813204e-16,7.608236172145667e-16,0.32689453344353725,0.15101421793754194,0.01471627054445817,0.029145789486915128
time_dependent,prepared,0.08,0.0005,0.998,0.1781236678412028,0.3281657252459776,-6.38378239159465e-16,9.726461206162943e-16,0.32698359527745785,0.15093919690883853,0.01470164942599148,0.029131255018826286
time_dependent,prepared,0.08,0.0005,0.9985,0.1780344428844508,0.32800289396815996,-2.0261570199409107e-15,3.0886267426311198e-15,0.3270726124989001,0.15086421268329744,0.014687042747394382,0.029116727765228098
time_dependent,prepared,0.08,0.0005,0.999,0.1779452627661162,0.3278401422144026,3.885780586188048e-16,5.926334340787959e-16,0.32716158513028315,0.1507892652435736,0.014672450494571904,0.029102207722569058
time_dependent,prepared,0.08,0.0005,0.9995,0.17785612746197893,0.3276774699484337,8.604228440844963e-16,1.3129112053689548e-15,0.32725051319401416,0.15071435457233054,0.014657872653442608,0.02908769488729927
time_dependent,prepared,0.08,0.0005,1.0,0.17776703694774382,0.3275148771339926,2.498001805406602e-16,3.813569977745806e-16,0.327339396712488,0.15063948065223703,0.014643309209938222,0.029073189255870678
