scenario,initialization,h,dt,t,J_red,Q_outer_red,bulk_balance_residual,bulk_balance_normalized,robin_flux_mismatch,M_red,mass_red,energy_red
constant,prepared,0.01,0.001,0.0,0.7633587786259431,0.7633587786259542,0.0,0.0,0.0,0.0,0.38167938931297923,0.09711943748421717
constant,prepared,0.01,0.001,0.001,0.7436440680432661,0.7633587786259839,1.3865297798787424e-13,9.081770058204586e-14,-1.3278267374516872e-13,0.0007436440680432661,0.38165967460240247,0.09710486233030446
constant,prepared,0.01,0.001,0.002,0.7320196322671573,0.7633587786259807,9.992007221626409e-14,6.544764730164643e-14,-9.603429163007604e-14,0.0014756637003104233,0.3816283354560385,0.09708194253344848
constant,prepared,0.01,0.001,0.003,0.7231189103026657,0.7633587786259127,1.4959561367433594e-13,9.798512695668578e-14,-1.4155343563970746e-13,0.002198782610613089,0.3815880955877141,0.09705277814503444
constant,prepared,0.01,0.001,0.004,0.7156600764943523,0.7633587786254493,9.620776397767372e-14,6.3016085405414e-14,-1.0302869668521453e-13,0.0029144426871074414,0.3815403968855771,0.09701848201760675
constant,prepared,0.01,0.001,0.005,0.709122797412948,0.7633587786233507,1.254690795704505e-13,8.218224711891863e-14,-1.255662240851052e-13,0.0036235654845203896,0.3814861609043709,0.0969797660880041
constant,prepared,0.01,0.001,0.006,0.7032384122379507,0.7633587786153545,1.3700846013264822e-13,8.974054138812263e-14,-1.412203687323199e-13,0.00432680389675834,0.3814260405379952,0.09693713519745854
constant,prepared,0.01,0.001,0.007,0.6978475611846151,0.763358778589386,1.1898815266420115e-13,7.793723999877922e-14,-1.1501910535116622e-13,0.005024651457942955,0.38136052932058623,0.09689097128944031
constant,prepared,0.01,0.001,0.008,0.6928467443578263,0.7633587785149848,1.199873533863638e-13,7.859171647948698e-14,-1.2467804566540508e-13,0.005717498202300782,0.38129001728643047,0.09684157645155736
constant,prepared,0.01,0.001,0.009000000000000001,0.688164306288019,0.7633587783229796,1.1832201884942606e-13,7.750092237712793e-14,-1.2012613126444194e-13,0.006405662508588801,0.38121482281439545,0.09678919745931387
constant,prepared,0.01,0.001,0.01,0.6837482286002246,0.7633587778698493,1.2909118218829008e-13,8.455472441707409e-14,-1.297850715786808e-13,0.007089410737189025,0.38113521226512515,0.09673404091527105
constant,prepared,0.01,0.001,0.011,0.6795593407981732,0.7633587768796415,1.2737033650012108e-13,8.342757059842707e-14,-1.291189377639057e-13,0.007768970077987198,0.38105141282904414,0.0966762831567866
constant,prepared,0.01,0.001,0.012,0.6755672760850714,0.7633587748559989,1.23262511309008e-13,8.073694530612455e-14,-1.2156942119645464e-13,0.00844453735407227,0.38096362133027184,0.09661607704690336
constant,prepared,0.01,0.001,0.013000000000000001,0.671747928312104,0.7633587709567846,1.1887713036173864e-13,7.786452116920738e-14,-1.199040866595169e-13,0.009116285282384375,0.380872010487627,0.0965535568049485
constant,prepared,0.01,0.001,0.014,0.6680817812291333,0.7633587638248547,1.3318512959159534e-13,8.723626157394962e-14,-1.3133938381315602e-13,0.009784367063613507,0.3807767335050321,0.09648884154899232
constant,prepared,0.01,0.001,0.015,0.6645527703520259,0.7633587513708607,1.331434962281719e-13,8.720899314316992e-14,-1.3511414209688155e-13,0.010448919833965533,0.38067792752401475,0.09642203796064057
constant,prepared,0.01,0.001,0.016,0.6611474836985506,0.7633587305064169,1.2188861031603437e-13,7.983704478965151e-14,-1.2290168882600483e-13,0.011110067317664084,0.38057571627720505,0.09635324233336268
constant,prepared,0.01,0.001,0.017,0.657854585747588,0.7633586968297674,1.289107709467885e-13,8.443656401777088e-14,-1.2523315717771766e-13,0.011767921903411672,0.3804702121661216,0.09628254217643228
constant,prepared,0.01,0.001,0.018000000000000002,0.6546643928834955,0.7633586442692719,1.2957690476156358e-13,8.487288755706079e-14,-1.2823075934420558e-13,0.012422586296295168,0.38036151791473805,0.09621001749128864
constant,prepared,0.01,0.001,0.019,0.6515685543253584,0.7633585646929981,1.2534417948018017e-13,8.210046056834372e-14,-1.2945200467129325e-13,0.013074154850620526,0.3802497279043689,0.09613574180165432
constant,prepared,0.01,0.001,0.02,0.6485598081832934,0.7633584474958841,1.2752299216600704e-13,8.3527596101361e-14,-1.3078427230084344e-13,0.01372271465880382,0.38013492926505793,0.09605978299534895
constant,prepared,0.01,0.001,0.021,0.645631792095122,0.7633582791770634,1.2503886814840826e-13,8.190051222290788e-14,-1.2567724638756772e-13,0.014368346450898942,0.3800172027779742,0.09598220401991274
constant,prepared,0.01,0.001,0.022,0.6427788942230588,0.763358042921294,1.0114131754335176e-13,6.624762683857201e-14,-1.006972283335017e-13,0.015011125345122,0.3798966236292747,0.09590306346316084
constant,prepared,0.01,0.001,0.023,0.6399961345701615,0.7633577181982918,1.1700362900768368e-13,7.663748346177169e-14,-1.155742168634788e-13,0.01565112147969216,0.3797732620456476,0.09582241604207986
constant,prepared,0.01,0.001,0.024,0.6372790694009257,0.7633572803926689,1.103006574965093e-13,7.22470724584974e-14,-1.1191048088221578e-13,0.01628840054909309,0.3796471838346561,0.09574031301788098
constant,prepared,0.01,0.001,0.025,0.6346237134953471,0.7633567004764098,1.1887713036173864e-13,7.786473236400384e-14,-1.1934897514720433e-13,0.016923024262588435,0.37951845084767444,0.09565680255098752
constant,prepared,0.01,0.001,0.026000000000000002,0.6320264763304084,0.7633559447328583,1.2256862191861728e-13,8.028274539834833e-14,-1.2090328738167955e-13,0.017555050738918845,0.3793871213792716,0.09557193000669952
constant,prepared,0.01,0.001,0.027,0.6294841092555277,0.763354974539818,1.2112533198660458e-13,7.93374878179148e-14,-1.1879386363489175e-13,0.018184534848174373,0.37925325051398695,0.09548573822002702
constant,prepared,0.01,0.001,0.028,0.6269936614316456,0.7633537462164229,1.1632361740510078e-13,7.619247169588941e-14,-1.1646239528317892e-13,0.018811528509606018,0.37911689042920343,0.09539826772645982
constant,prepared,0.01,0.001,0.029,0.6245524428194921,0.7633522109363311,1.30367938666609e-13,8.539173450921691e-14,-1.3422596367718143e-13,0.01943608095242551,0.37897809066108634,0.0953095569641121
constant,prepared,0.01,0.001,0.03,0.6221579928854503,0.763350314707395,1.233457780358549e-13,8.079238041784618e-14,-1.2034817586936697e-13,0.02005823894531096,0.3788368983392636,0.0952196424516703
constant,prepared,0.01,0.001,0.031,0.6198080539809157,0.7633479984163977,1.245947789385582e-13,8.161073271759795e-14,-1.241229341530925e-13,0.020678046999291877,0.37869335839482937,0.09512855894574271
constant,prepared,0.01,0.001,0.032,0.617500548568916,0.7633451979352333,1.0375034165122088e-13,6.79576827966216e-14,-1.0691447727140257e-13,0.021295547547860793,0.3785475137454645,0.09503633958058795
constant,prepared,0.01,0.001,0.033,0.6152335596394853,0.7633418442841416,1.2839729279789935e-13,8.410209250240887e-14,-1.2811973704174306e-13,0.021910781107500277,0.3783994054608189,0.09494301599268846
constant,prepared,0.01,0.001,0.034,0.6130053137840156,0.7633378638462635,1.0749734435933078e-13,7.041268974767719e-14,-1.056932319443149e-13,0.022523786421284293,0.37824907291075444,0.09484861843222349
constant,prepared,0.01,0.001,0.035,0.6108141665003121,0.7633331786272611,1.2445600106048005e-13,8.152141459662812e-14,-1.2068124277675452e-13,0.023134600587784604,0.37809655389862823,0.09475317586315823
constant,prepared,0.01,0.001,0.036000000000000004,0.6086585893787183,0.763327706553284,1.1068923555512811e-13,7.250440053782683e-14,-1.1157741397482823e-13,0.02374325917716332,0.3779418847814534,0.09465671605342008
constant,prepared,0.01,0.001,0.037,0.6065371588833501,0.7633213618004541,1.2292944440162046e-13,8.052273298866916e-14,-1.234568003383174e-13,0.024349796336046673,0.3777851005785367,0.0945592656563773
constant,prepared,0.01,0.001,0.038,0.6044485464917801,0.7633140551492806,1.3936074516607277e-13,9.128663636280443e-14,-1.3722356584366935e-13,0.024954244882538452,0.3776262350698773,0.09446085028468129
constant,prepared,0.01,0.001,0.039,0.6023915099974501,0.7633056943572429,1.1038392422335619e-13,7.230649858854992e-14,-1.0946799022804043e-13,0.025556636392535904,0.3774653208855186,0.09436149457737236
constant,prepared,0.01,0.001,0.04,0.6003648858114587,0.7632961845436751,1.151023720780131e-13,7.539823623435023e-14,-1.213473765915296e-13,0.02615700127834736,0.37730238958678636,0.09426122226101012
constant,prepared,0.01,0.001,0.041,0.5983675821265163,0.763285428581061,1.1973755320582313e-13,7.843563411684964e-14,-1.177946629127291e-13,0.026755368860473878,0.3771374717403334,0.09416005620551614
constant,prepared,0.01,0.001,0.042,0.5963985728280963,0.7632733274879324,1.1785017406396037e-13,7.72005059130109e-14,-1.1812772982011666e-13,0.027351767433301973,0.3769705969856712,0.09405801847528708
constant,prepared,0.01,0.001,0.043000000000000003,0.5944568920551216,0.7632597808183901,1.3047896096907152e-13,8.547480441662791e-14,-1.291189377639057e-13,0.027946224325357094,0.37680179409690745,0.09395513037608944
constant,prepared,0.01,0.001,0.044,0.5925416293273568,0.7632446870447656,1.1193823645783141e-13,7.333050485502943e-14,-1.1179945857975326e-13,0.02853876595468445,0.37663109103919074,0.09385141249817959
constant,prepared,0.01,0.001,0.045,0.5906519251690526,0.7632279439295614,1.141309269314661e-13,7.476857198377864e-14,-1.13464793116691e-13,0.029129417879853504,0.37645851502042876,0.09374688475602314
constant,prepared,0.01,0.001,0.046,0.5887869671681857,0.7632094488842099,1.153799278341694e-13,7.558863952932107e-14,-1.1313172620930345e-13,0.02971820484702169,0.3762840925387144,0.09364156642495663
constant,prepared,0.01,0.001,0.047,0.5869459864196386,0.7631890993120549,1.2218004385999848e-13,8.004572128331159e-14,-1.234568003383174e-13,0.03030515083344133,0.3761078494258212,0.09353547617508967
constant,prepared,0.01,0.001,0.048,0.5851282543072386,0.7631667929339229,1.292022044907526e-13,8.464873320420294e-14,-1.305622276959184e-13,0.03089027908774857,0.3759298108871945,0.0934286321027068
constant,prepared,0.01,0.001,0.049,0.5833330795862707,0.7631424280947992,1.0938472350119355e-13,7.166730578344788e-14,-1.1213252548714081e-13,0.03147361216733484,0.37575000153868504,0.0933210517594019
constant,prepared,0.01,0.001,0.05,0.5815598057326072,0.7631159040506801,1.2487233469471448e-13,8.181741071826178e-14,-1.2967404927621828e-13,0.032055171973067446,0.3755684454403667,0.09321275217915861
constant,prepared,0.01,0.001,0.051000000000000004,0.579807808529319,0.7630871212348912,1.0855205623272468e-13,7.112690884957472e-14,-1.0613732115416497e-13,0.03263497978159677,0.3753851661276612,0.09310374990354642
constant,prepared,0.01,0.001,0.052000000000000005,0.5780764938652779,0.763055981503769,1.0544343176377424e-13,6.90928544691882e-14,-1.0591527654923993e-13,0.03321305627546205,0.3752001866400255,0.09299406100521444
constant,prepared,0.01,0.001,0.053,0.576365295723341,0.7630223883614023,1.2975731600306517e-13,8.502851160220159e-14,-1.2534417948018017e-13,0.03378942157118539,0.37501352954738454,0.09288370110981449
constant,prepared,0.01,0.001,0.054,0.5746736743384387,0.7629862471638212,1.224020884649235e-13,8.021251295151632e-14,-1.226796442210798e-13,0.03436409524552383,0.3748252169745619,0.09277268541649165
constant,prepared,0.01,0.001,0.055,0.573001114508577,0.7629474653029544,1.2140288774276087e-13,7.956176097560271e-14,-1.1890488593735427e-13,0.03493709636003241,0.3746352706237663,0.09266102871706938
constant,prepared,0.01,0.001,0.056,0.5713471240431494,0.762905952370929,1.0982881271104361e-13,7.198057137299432e-14,-1.1235457009206584e-13,0.03550844348407556,0.3744437117954373,0.09254874541401246
constant,prepared,0.01,0.001,0.057,0.5697112323354198,0.7628616203053277,1.353639422774222e-13,8.872116428090338e-14,-1.3655743202889425e-13,0.03607815471641098,0.37425056140746843,0.09243584953729206
constant,prepared,0.01,0.001,0.058,0.5680929890470439,0.7628143835161607,1.2909118218829008e-13,8.461506821177046e-14,-1.2823075934420558e-13,0.036646247705458025,0.3740558400129982,0.09232235476021912
constant,prepared,0.01,0.001,0.059000000000000004,0.5664919628941935,0.7627641589955844,1.189326415129699e-13,7.796160851971096e-14,-1.1823875212257917e-13,0.037212739668352215,0.3738595678168976,0.09220827441433271
constant,prepared,0.01,0.001,0.06,0.564907740525628,0.7627108664110256,1.325606291402437e-13,8.690097058928955e-14,-1.3278267374516872e-13,0.037777647408877846,0.37366176469101087,0.0920936215034183
constant,prepared,0.01,0.001,0.061,0.5633399254844953,0.7626544281827559,1.254552017826427e-13,8.224904828885972e-14,-1.268984917146554e-13,0.03834098733436234,0.37346245018831253,0.0919784087167109
constant,prepared,0.01,0.001,0.062,0.5617881372463656,0.7625947695469266,1.277589145587399e-13,8.37659263219399e-14,-1.2390088954816747e-13,0.03890277547160871,0.37326164355601293,0.09186264844135357
constant,prepared,0.01,0.001,0.063,0.5602520103265143,0.7625318186049415,1.1646239528317892e-13,7.636559710796003e-14,-1.191269305422793e-13,0.039463027481935226,0.3730593637477329,0.09174635277415612
constant,prepared,0.01,0.001,0.064,0.5587311934506198,0.7624655063601554,1.1876610805927612e-13,7.788293835496274e-14,-1.2012613126444194e-13,0.04002175867538584,0.37285562943482337,0.09162953353270831
constant,prepared,0.01,0.001,0.065,0.5572253487834864,0.762395766742842,1.285360706759775e-13,8.429747139409432e-14,-1.2778667013435552e-13,0.04057898402416933,0.37265045901686367,0.09151220226589077
constant,prepared,0.01,0.001,0.066,0.5557341512107079,0.7623225366243602,1.3472556403826275e-13,8.836519817112386e-14,-1.3178347302300608e-13,0.04113471817538004,0.37244387063144946,0.09139437026382771
constant,prepared,0.01,0.001,0.067,0.5542572876690277,0.7622457558213795,1.1482481632185682e-13,7.532007587114435e-14,-1.1501910535116622e-13,0.04168897546304907,0.3722358821632978,0.09127604856731024
constant,prepared,0.01,0.001,0.068,0.5527944565213366,0.762165367091091,1.2831402607105247e-13,8.417728724723468e-14,-1.2989609388114332e-13,0.042241769919570404,0.3720265112527285,0.09115724797673853
constant,prepared,0.01,0.001,0.069,0.5513453669727283,0.7620813161180909,1.247890679678676e-13,8.187385343831225e-14,-1.3000711618360583e-13,0.042793115286543136,0.37181577530358095,0.09103797906060647
constant,prepared,0.01,0.001,0.07,0.549909738524394,0.7619935514939142,1.2065348720113889e-13,7.916962483775884e-14,-1.2156942119645464e-13,0.04334302502506753,0.37160369149061245,0.09091825216355334
constant,prepared,0.01,0.001,0.07100000000000001,0.5484873004622598,0.761902024689838,1.2476131239225197e-13,8.187490540075064e-14,-1.2179146580137967e-13,0.04389151232552979,0.37139027676638436,0.0907980774140253
constant,prepared,0.01,0.001,0.07200000000000001,0.5470777913778863,0.7618066900235774,1.081912337497215e-13,7.10096374622054e-14,-1.1302070390684094e-13,0.04443859011690768,0.3711755478677403,0.090677464731558
constant,prepared,0.01,0.001,0.073,0.5456809587189866,0.7617075046207691,1.3014589406168398e-13,8.543036091423868e-14,-1.3100631690576847e-13,0.044984271075626664,0.3709595213218374,0.09055642383370248
constant,prepared,0.01,0.001,0.074,0.5442965583673806,0.761604428371665,1.2406742300186124e-13,8.145135347171715e-14,-1.2279066652354231e-13,0.045528567633994044,0.3707422134518324,0.09043496424263055
constant,prepared,0.01,0.001,0.075,0.5429243542425507,0.7614974238836536,1.3866685577568205e-13,9.104880162855012e-14,-1.3777867735598193e-13,0.046071491988236596,0.3705236403821923,0.09031309529142294
constant,prepared,0.01,0.001,0.076,0.541564117928531,0.7613864564302344,1.272870697732742e-13,8.358900312598799e-14,-1.2512213487525514e-13,0.046613056106165125,0.37030381804369045,0.09019082613007076
constant,prepared,0.01,0.001,0.077,0.5402156283229103,0.761271493896839,1.202926647181357e-13,7.900772962242773e-14,-1.2023715356690445e-13,0.047153271734488036,0.3700827621781171,0.09006816573119697
constant,prepared,0.01,0.001,0.078,0.5388786713059759,0.761152506724011,1.2087553180606392e-13,7.94029650682626e-14,-1.2922996006636822e-13,0.04769215040579401,0.36986048834269925,0.08994512289552196
constant,prepared,0.01,0.001,0.079,0.5375530394288587,0.7610294678483314,1.199040866595169e-13,7.877755837662493e-14,-1.192379528447418e-13,0.04822970344522287,0.36963701191427895,0.08982170625708837
constant,prepared,0.01,0.001,0.08,0.536238531619224,0.760902352641643,1.1746159600534156e-13,7.718572271299875e-14,-1.177946629127291e-13,0.048765941976842093,0.3694123480932561,0.08969792428824551
constant,prepared,0.01,0.001,0.081,0.5349349529033657,0.7607711388486352,1.1962653090336062e-13,7.862189086483759e-14,-1.192379528447418e-13,0.04930087692974546,0.3691865119073104,0.0895737853044272
constant,prepared,0.01,0.001,0.082,0.5336421141435074,0.7606358065234039,1.1282641487753153e-13,7.416585829242816e-14,-1.1479706074624119e-13,0.04983451904388897,0.3689595182149294,0.08944929746871992
constant,prepared,0.01,0.001,0.083,0.5323598317895231,0.7604963379651192,1.1535217225855376e-13,7.584005767022888e-14,-1.192379528447418e-13,0.05036687887567849,0.36873138170875464,0.0893244687962337
constant,prepared,0.01,0.001,0.084,0.5310879276437697,0.7603527176531613,1.2329026688462363e-13,8.107439088608158e-14,-1.2789769243681803e-13,0.05089796680332226,0.36850211691874757,0.08919930715829286
constant,prepared,0.01,0.001,0.085,0.5298262286385538,0.7602049321819064,1.251776460264864e-13,8.233151399530964e-14,-1.249000902703301e-13,0.051427793031960815,0.3682717382152022,0.08907382028645029
constant,prepared,0.01,0.001,0.08600000000000001,0.528574566625121,0.76005297019548,1.1829426327381043e-13,7.78197493546909e-14,-1.1857181902996672e-13,0.051956367598585934,0.3680402598116307,0.08894801577633811
constant,prepared,0.01,0.001,0.08700000000000001,0.5273327781736745,0.7598968223224566,1.0302869668521453e-13,6.779124063864559e-14,-1.056932319443149e-13,0.05248370037675961,0.367807695767482,0.08882190109136107
constant,prepared,0.01,0.001,0.088,0.5261007043835508,0.759736481111076,1.1235457009206584e-13,7.394311901920564e-14,-1.1368683772161603e-13,0.053009801081143164,0.367574059990754,0.08869548356624216
constant,prepared,0.01,0.001,0.089,0.5248781907029881,0.7595719409646802,1.2778667013435552e-13,8.411755571964104e-14,-1.3078427230084344e-13,0.05353467927184615,0.36733936624049246,0.0885687704104242
constant,prepared,0.01,0.001,0.09,0.5236650867579322,0.7594031980778906,1.1476930517062556e-13,7.5565460786251e-14,-1.1513012765362873e-13,0.054058344358604085,0.3671036281291715,0.08844176871134324
constant,prepared,0.01,0.001,0.091,0.5224612461893692,0.7592302503734266,1.1898815266420115e-13,7.836104568124599e-14,-1.1723955140041653e-13,0.054580805604793454,0.36686685912498884,0.08831448543756908
constant,prepared,0.01,0.001,0.092,0.5212665264984658,0.7590530974397822,1.1618483952702263e-13,7.6532748445988e-14,-1.1013412404281553e-13,0.055102072131291924,0.3666290725540471,0.08818692744182711
constant,prepared,0.01,0.001,0.093,0.5200807888993713,0.7588717404697916,1.2395640069939873e-13,8.16715092214736e-14,-1.2645440250480533e-13,0.05562215292019129,0.3663902816024766,0.08805910146390589
constant,prepared,0.01,0.001,0.094,0.518903898178919,0.7586861822002049,1.1229905894083458e-13,7.400889957897796e-14,-1.1068923555512811e-13,0.056141056818370214,0.36615049931845484,0.08793101413345508
constant,prepared,0.01,0.001,0.095,0.5177357225631068,0.7584964268523965,1.1107781361374691e-13,7.322237104971526e-14,-1.1168843627729075e-13,0.05665879254093332,0.36590973861416504,0.08780267197267638
constant,prepared,0.01,0.001,0.096,0.5165761335897727,0.7583024800741376,1.2165268792330153e-13,8.021382701491234e-14,-1.2223555501122974e-13,0.057175368674523094,0.3656680122676815,0.08767408139891714
constant,prepared,0.01,0.001,0.097,0.5154250059871359,0.7581043488826105,1.1390888232654106e-13,7.512744287407515e-14,-1.1080025785759062e-13,0.05769079368051023,0.3654253329247864,0.08754524872717015
constant,prepared,0.01,0.001,0.098,0.5142822175580813,0.7579020416086264,1.2001510896197942e-13,7.917587126908982e-14,-1.1812772982011666e-13,0.05820507589806831,0.36518171310073627,0.08741618017248028
constant,prepared,0.01,0.001,0.099,0.5131476490695422,0.7576955678421452,1.3555823130673161e-13,8.945428550729035e-14,-1.3666845433135677e-13,0.05871822354713785,0.36493716518196184,0.08728688185226917
constant,prepared,0.01,0.001,0.1,0.512021184146956,0.7574849383790158,1.363076318483536e-13,8.997382320236864e-14,-1.3777867735598193e-13,0.059230244731284805,0.36469170142773205,0.08715735978857121
constant,prepared,0.01,0.001,0.101,0.5109027091734559,0.7572701651691666,1.308397834520747e-13,8.638910488625622e-14,-1.3022916078853086e-13,0.05974114744045826,0.3644453339717354,0.08702761991019671
constant,prepared,0.01,0.001,0.10200000000000001,0.5097921131934884,0.757051261265969,1.2781442570997115e-13,8.441596510665894e-14,-1.2756462552943049e-13,0.06025093955365175,0.36419807482366223,0.08689766805481809
constant,prepared,0.01,0.001,0.10300000000000001,0.5086892878206406,0.7568282407770884,1.1171619185290638e-13,7.380551215834078e-14,-1.1035616864774056e-13,0.060759628841472395,0.3639499358707058,0.08676750997098516
constant,prepared,0.01,0.001,0.10400000000000001,0.5075941271495676,0.7566011188165278,1.1254885912137524e-13,7.43779359574668e-14,-1.1812772982011666e-13,0.061267222968621964,0.36370092887903754,0.08663715132006736
constant,prepared,0.01,0.001,0.105,0.5065065276716045,0.7563699114581184,1.1460277171693178e-13,7.575841528121711e-14,-1.1057821325266559e-13,0.06177372949629357,0.3634510654952499,0.08650659767813579
constant,prepared,0.01,0.001,0.106,0.5054263881940628,0.7561346356903821,1.326716514427062e-13,8.773017739199308e-14,-1.312283615106935e-13,0.06227915588448763,0.36320035724775557,0.08637585453778404
constant,prepared,0.01,0.001,0.107,0.5043536097628989,0.7558953093725469,1.172950625516478e-13,7.758684377139667e-14,-1.20570220474292e-13,0.06278350949425053,0.3629488155481439,0.0862449273098782
constant,prepared,0.01,0.001,0.108,0.5032880955887048,0.7556519511920821,1.1046719095020308e-13,7.309396262123521e-14,-1.1157741397482823e-13,0.06328679758983924,0.3626964516925405,0.0861138213252631
constant,prepared,0.01,0.001,0.109,0.5022297509757148,0.7554045806234532,1.3167245072054357e-13,8.715359563471254e-14,-1.3300471835009375e-13,0.06378902734081496,0.3624432768628931,0.08598254183640483
constant,prepared,0.01,0.001,0.11,0.5011784832537355,0.7551532178880899,1.1785017406396037e-13,7.803063753971581e-14,-1.1957101975212936e-13,0.06429020582406869,0.36218930212825956,0.08585109401898115
constant,prepared,0.01,0.001,0.111,0.5001342017129902,0.7548978839158009,1.1995959781074816e-13,7.945418868343163e-14,-1.2156942119645464e-13,0.06479034002578168,0.3619345384460546,0.08571948297342623
constant,prepared,0.01,0.001,0.112,0.4990968175414532,0.7546386003072751,1.0652589921278377e-13,7.058073836231067e-14,-1.0402789740737717e-13,0.06528943684332314,0.3616789966632914,0.08558771372642018
constant,prepared,0.01,0.001,0.113,0.4980662437648851,0.7543753892979239,1.2523315717771766e-13,8.300453524488534e-14,-1.265099136560366e-13,0.06578750308708803,0.36142268751775614,0.08545579123233843
constant,prepared,0.01,0.001,0.114,0.4970423951890737,0.7541082737228308,1.1013412404281553e-13,7.302275275346388e-14,-1.1007861289158427e-13,0.06628454548227711,0.3611656216392237,0.0853237203746498
constant,prepared,0.01,0.001,0.115,0.4960251883445925,0.7538372769830236,1.0813572259849025e-13,7.172351772736606e-14,-1.0763612223740893e-13,0.0667805706706217,0.3609078095505848,0.08519150596728302
constant,prepared,0.01,0.001,0.116,0.4950145414336146,0.7535624230127731,1.1113332476497817e-13,7.37386322427374e-14,-1.0935696792557792e-13,0.0672755852120553,0.36064926166900785,0.08505915275593483
constant,prepared,0.01,0.001,0.117,0.4940103742788045,0.7532837362480954,1.0208500711428314e-13,6.775999679930322e-14,-1.0286216323152075e-13,0.06776959558633411,0.3603899883070352,0.08492666541935659
constant,prepared,0.01,0.001,0.11800000000000001,0.49301260827428006,0.7530012415963212,1.0225154056797692e-13,6.789599732345882e-14,-1.0369483049998962e-13,0.06826260819460839,0.3601299996737138,0.08479404857059207
constant,prepared,0.01,0.001,0.11900000000000001,0.4920211663384124,0.7527149644068372,1.180722186688854e-13,7.843089632336506e-14,-1.155742168634788e-13,0.0687546293609468,0.3598693058756454,0.08466130675818088
constant,prepared,0.01,0.001,0.12,0.4910359728684542,0.7524249304427574,1.0652589921278377e-13,7.078839024518504e-14,-1.0708101072509635e-13,0.06924566533381525,0.3596079169180718,0.08452844446732995
constant,prepared,0.01,0.001,0.121,0.490056953696952,0.7521311658537204,1.3039569424222464e-13,8.668414510799143e-14,-1.2778667013435552e-13,0.06973572228751221,0.35934584270591513,0.0843954661210486
constant,prepared,0.01,0.001,0.122,0.48908403604969297,0.7518336971496408,1.1446399383885364e-13,7.612321333348183e-14,-1.1823875212257917e-13,0.0702248063235619,0.35908309304481417,0.08426237608125087
constant,prepared,0.01,0.001,0.123,0.4881171485053784,0.7515325511754605,1.1862733018119798e-13,7.892361415060828e-14,-1.219024881038422e-13,0.07071292347206729,0.3588196776421452,0.08412917864983105
constant,prepared,0.01,0.001,0.124,0.48715622095672406,0.7512277550868315,1.1790568521519162e-13,7.847532550335158e-14,-1.1857181902996672e-13,0.07120007969302401,0.35855560610801324,0.08399587806970253
constant,prepared,0.01,0.001,0.125,0.4862011845730167,0.7509193363267319,1.031952301389083e-13,6.871259344825288e-14,-1.0147438445073931e-13,0.07168628087759703,0.35829088795625946,0.08386247852581584
constant,prepared,0.01,0.001,0.126,0.48525197176408535,0.7506073226029741,1.1252110354575962e-13,7.495337452580918e-14,-1.1091128016005314e-13,0.07217153284936112,0.3580255326054211,0.08372898414614117
constant,prepared,0.01,0.001,0.127,0.48430851614554177,0.7502917418665588,1.270095140171179e-13,8.464008526945517e-14,-1.2739809207573671e-13,0.07265584136550667,0.35775954937969856,0.08359539900262973
constant,prepared,0.01,0.001,0.128,0.48337075250536266,0.7499726222909182,1.2245759961615477e-13,8.164137994936222e-14,-1.2295719997723609e-13,0.07313921211801203,0.3574929475099138,0.08346172711214865
constant,prepared,0.01,0.001,0.129,0.4824386167716186,0.7496499922519608,1.1246559239452836e-13,7.501206800300995e-14,-1.1474154959500993e-13,0.07362165073478365,0.3572257361344317,0.08332797243738842
constant,prepared,0.01,0.001,0.13,0.4815120459814619,0.7493238803088642,1.1868284133242923e-13,7.919328640874217e-14,-1.1785017406396037e-13,0.0741031627807651,0.3569579243001066,0.08319413888774989
constant,prepared,0.01,0.001,0.131,0.48059097825106056,0.7489943151856916,1.180722186688854e-13,7.882050389100984e-14,-1.159627949220976e-13,0.07458375375901617,0.35668952096317064,0.0830602303202051
constant,prepared,0.01,0.001,0.132,0.47967535274682027,0.7486613257537613,1.1862733018119798e-13,7.922629772664772e-14,-1.1984857550828565e-13,0.07506342911176299,0.35642053499016474,0.08292625054014052
constant,prepared,0.01,0.001,0.133,0.4787651096574056,0.7483249410146577,1.2317924458216112e-13,8.230331359471434e-14,-1.22291066162461e-13,0.07554219422142039,0.3561509751588059,0.08279220330217409
constant,prepared,0.01,0.001,0.134,0.4778601901669567,0.747985190083998,1.167399510393352e-13,7.803627169825135e-14,-1.1829426327381043e-13,0.07602005441158735,0.35588085015889004,0.0826580923109546
constant,prepared,0.01,0.001,0.135,0.4769605364290703,0.7476421021759031,1.1296519275560968e-13,7.554763999167011e-14,-1.0902390101819037e-13,0.07649701494801642,0.3556101685931437,0.08252392122193951
constant,prepared,0.01,0.001,0.136,0.4760660915418118,0.7472957065880296,1.172950625516478e-13,7.847968449275542e-14,-1.1762812945903534e-13,0.07697308103955823,0.3553389389780968,0.08238969364215802
constant,prepared,0.01,0.001,0.137,0.4751767995234869,0.7469460326873095,1.268984917146554e-13,8.49448863514933e-14,-1.2151391004522338e-13,0.07744825783908171,0.35506716974493185,0.08225541313094879
constant,prepared,0.01,0.001,0.138,0.4742926052893484,0.7465931098962638,1.0752509993494641e-13,7.201050914458536e-14,-1.074140776324839e-13,0.07792255044437106,0.3547948692403253,0.08212108320068502
constant,prepared,0.01,0.001,0.139,0.4734134546290626,0.7462369676799063,1.1440848268762238e-13,7.665693850796227e-14,-1.1551870571224754e-13,0.07839596389900012,0.354522045727275,0.08198670731748091
constant,prepared,0.01,0.001,0.14,0.47253929418489177,0.7458776355332003,1.0641487691032125e-13,7.133534499545734e-14,-1.0591527654923993e-13,0.07886850319318502,0.3542487073859258,0.08185228890188169
constant,prepared,0.01,0.001,0.14100000000000001,0.47167007143067674,0.7455151429691376,1.1340928196545974e-13,7.606101836763493e-14,-1.1485257189747244e-13,0.07934017326461569,0.35397486231438785,0.08171783132953721
constant,prepared,0.01,0.001,0.14200000000000002,0.47080573465151204,0.7451495195072225,1.0980105713542798e-13,7.367719783811497e-14,-1.1124434706744069e-13,0.0798109789992672,0.35370051852953055,0.08158333793185904
constant,prepared,0.01,0.001,0.14300000000000002,0.4699462329241122,0.7447807946625679,8.881784197001252e-14,5.962683423533178e-14,-9.103828801926284e-14,0.08028092523219131,0.3534256839677935,0.08144881199666666
constant,prepared,0.01,0.001,0.14400000000000002,0.4690915160978104,0.7444089979354558,1.1801670751765414e-13,7.926872716809736e-14,-1.1390888232654106e-13,0.08075001674828912,0.35315036648595477,0.08131425676881376
constant,prepared,0.01,0.001,0.145,0.46824153477613306,0.7440341588013447,1.0980105713542798e-13,7.378764525563704e-14,-1.1296519275560968e-13,0.08121825828306525,0.35287457386193016,0.08117967545080455
constant,prepared,0.01,0.001,0.146,0.46739624029913973,0.7436563067013463,1.13464793116691e-13,7.628846289220674e-14,-1.1102230246251565e-13,0.08168565452336439,0.35259831379552525,0.08104507120339446
constant,prepared,0.01,0.001,0.147,0.46655558472617165,0.7432754710331922,1.272870697732742e-13,8.562577048071258e-14,-1.3000711618360583e-13,0.08215221010809057,0.35232159390922047,0.08091044714617993
constant,prepared,0.01,0.001,0.148,0.46571952081923274,0.7428916811425326,1.1379786002407855e-13,7.659115246051353e-14,-1.184607967275042e-13,0.0826179296289098,0.3520444217488983,0.08077580635817254
constant,prepared,0.01,0.001,0.149,0.464888002026934,0.7425049663147485,1.0685896612017132e-13,7.195841844030578e-14,-1.067479438177088e-13,0.08308281763093674,0.35176680478460987,0.08064115187836282
constant,prepared,0.01,0.001,0.15,0.46406098246892513,0.7421153557670598,1.099120794378905e-13,7.40532307974384e-14,-1.1296519275560968e-13,0.08354687861340566,0.35148875041131133,0.08050648670627361
constant,prepared,0.01,0.001,0.151,0.4632384169207486,0.741722878641094,1.0191847366058937e-13,6.870387620192234e-14,-9.81992265280951e-14,0.08401011703032642,0.35121026594959126,0.08037181380249878
constant,prepared,0.01,0.001,0.152,0.4624202607993611,0.7413275639957662,1.0597078770047119e-13,7.147365945040513e-14,-1.056932319443149e-13,0.08447253729112578,0.3509313586463934,0.080237136089232
constant,prepared,0.01,0.001,0.153,0.4616064701489051,0.7409294408005318,1.0208500711428314e-13,6.888983045671603e-14,-1.0302869668521453e-13,0.08493414376127469,0.3506520356757425,0.0801024564507878
constant,prepared,0.01,0.001,0.154,0.4607970016270759,0.7405285379289928,1.1612932837579137e-13,7.840975899494477e-14,-1.1657341758564144e-13,0.08539494076290176,0.3503723041394403,0.07996777773410448
constant,prepared,0.01,0.001,0.155,0.4599918124918232,0.7401248841527841,1.0075273948473296e-13,6.806468856945479e-14,-1.0103029524088925e-13,0.08585493257539357,0.35009217106777946,0.07983310274924911
constant,prepared,0.01,0.001,0.156,0.45919086058851916,0.7397185081358518,1.1679546219056647e-13,7.894588340427691e-14,-1.1840528557627295e-13,0.08631412343598209,0.34981164342023097,0.07969843426989835
constant,prepared,0.01,0.001,0.157,0.45839410433748934,0.7393094384289267,1.0430545316353346e-13,7.054248717910387e-14,-1.0919043447188415e-13,0.08677251754031957,0.3495307280861397,0.07956377503382389
constant,prepared,0.01,0.001,0.158,0.4576015027219819,0.7388977034643887,1.187383524836605e-13,8.034830256403251e-14,-1.2495560142156137e-13,0.08723011904304155,0.34924943188539764,0.07942912774335627
constant,prepared,0.01,0.001,0.159,0.456813015276361,0.7384833315513437,1.1013412404281553e-13,7.456777921544066e-14,-1.0813572259849025e-13,0.08768693205831792,0.3489677615691225,0.07929449506584917
constant,prepared,0.01,0.001,0.16,0.4560286020748787,0.7380663508710269,1.254552017826427e-13,8.498910811648331e-14,-1.244004899092488e-13,0.08814296066039279,0.3486857238203279,0.07915987963412914
constant,prepared,0.01,0.001,0.161,0.4552482237205359,0.7376467894723733,9.370282327836321e-14,6.351469606841329e-14,-9.25370891025068e-14,0.08859820888411332,0.3484033252545773,0.07902528404694194
constant,prepared,0.01,0.001,0.162,0.4544718413345292,0.7372246752679421,1.0352829704629585e-13,7.021488870313621e-14,-1.0536016503692736e-13,0.08905268072544785,0.34812057242064026,0.07889071086938346
constant,prepared,0.01,0.001,0.163,0.45369941654576207,0.7368000360300074,9.692247004977617e-14,6.577257417901541e-14,-9.631184738623233e-14,0.08950638014199361,0.3478374718011564,0.07875616263333172
constant,prepared,0.01,0.001,0.164,0.45293091148086545,0.7363728993868915,1.0441647546599597e-13,7.089918406348626e-14,-1.0397238625614591e-13,0.08995931105347447,0.34755402981325023,0.07862164183786409
constant,prepared,0.01,0.001,0.165,0.4521662887543697,0.7359432928195447,1.1068923555512811e-13,7.520228571623185e-14,-1.1102230246251565e-13,0.09041147734222885,0.3472702528091844,0.07848715094967047
constant,prepared,0.01,0.001,0.166,0.451405511459272,0.7355112436583046,1.1329825966299722e-13,7.702007320748947e-14,-1.1102230246251565e-13,0.09086288285368811,0.34698614707698694,0.07835269240345845
constant,prepared,0.01,0.001,0.167,0.4506485431578072,0.7350767790798576,1.3183898417423734e-13,8.967701601134562e-14,-1.300626273348371e-13,0.09131353139684592,0.3467017188410642,0.07821826860235095
constant,prepared,0.01,0.001,0.168,0.44989534787247093,0.7346399261044434,1.088573675644966e-13,7.408892689900735e-14,-1.0863532295957157e-13,0.0917634267447184,0.3464169742628325,0.0780838819182774
constant,prepared,0.01,0.001,0.169,0.4491458900773964,0.7342007115931688,1.1479706074624119e-13,7.817825489240531e-14,-1.1646239528317892e-13,0.09221257263479579,0.34613191944131577,0.07794953469235864
constant,prepared,0.01,0.001,0.17,0.4484001346898265,0.7337591622455512,1.1196599203344704e-13,7.629614578902476e-14,-1.1196599203344704e-13,0.09266097276948562,0.3458465604137603,0.07781522923528471
constant,prepared,0.01,0.001,0.171,0.44765804706197543,0.7333153045972505,1.1368683772161603e-13,7.751565868657685e-14,-1.113553693699032e-13,0.09310863081654759,0.3455609031562236,0.07768096782768745
constant,prepared,0.01,0.001,0.17200000000000001,0.4469195929729997,0.7328691650178945,1.0941247907680918e-13,7.4646665666531e-14,-1.0602629885170245e-13,0.09355555040952059,0.34527495358418037,0.0775467527205048
constant,prepared,0.01,0.001,0.17300000000000001,0.4461847386212698,0.7324207697091526,1.1324274851176597e-13,7.730716631419832e-14,-1.120215031846783e-13,0.09400173514814185,0.34498871755309135,0.07741258613534016
constant,prepared,0.01,0.001,0.17400000000000002,0.44545345061681657,0.7319701447028538,1.1679546219056647e-13,7.978157513375817e-14,-1.1757261830780408e-13,0.09444718859875867,0.34470220085900666,0.07727847026481814
constant,prepared,0.01,0.001,0.17500000000000002,0.44472569597395556,0.7315173158593838,1.109667913112844e-13,7.584700246016228e-14,-1.0719203302755886e-13,0.09489191429473262,0.34441540923911973,0.07714440727293247
constant,prepared,0.01,0.001,0.176,0.44400144210423026,0.7310623088660756,1.1429746038515987e-13,7.81721742449242e-14,-1.152966611073225e-13,0.09533591573683685,0.3441283483723567,0.07701039929538671
constant,prepared,0.01,0.001,0.177,0.44328065680935236,0.7306051492358596,1.170175067954915e-13,8.00825910670564e-14,-1.1496359419993496e-13,0.0957791963936462,0.34384102387993015,0.07687644843993174
constant,prepared,0.01,0.001,0.178,0.44256330827453,0.7301458623059586,1.1862733018119798e-13,8.123536426443447e-14,-1.1707301794672276e-13,0.09622175970192072,0.3435534413258995,0.07674255678670087
constant,prepared,0.01,0.001,0.179,0.4418493650618363,0.7296844732367356,1.1146639167236572e-13,7.637985715792636e-14,-1.174060848541103e-13,0.09666360906698256,0.3432656062177242,0.07660872638853303
constant,prepared,0.01,0.001,0.18,0.44113879610380224,0.7292210070106544,1.177946629127291e-13,8.076746403371135e-14,-1.2151391004522338e-13,0.09710474786308636,0.3429775240068191,0.07647495927129758
constant,prepared,0.01,0.001,0.181,0.4404315706971795,0.7287554884313843,1.0419443086107094e-13,7.148792188538961e-14,-1.0758061108617767e-13,0.09754517943378353,0.34268920008908416,0.07634125743420943
constant,prepared,0.01,0.001,0.182,0.4397276584968451,0.7282879421229215,1.0702549957386509e-13,7.347746226711063e-14,-1.1085576900882188e-13,0.09798490709228037,0.3424006398054571,0.07620762285014124
constant,prepared,0.01,0.001,0.183,0.43902702950990263,0.7278183925289213,9.39803790345195e-14,6.456306957836252e-14,-9.425793479067579e-14,0.09842393412179028,0.3421118484424363,0.07607405746593433
constant,prepared,0.01,0.001,0.184,0.4383296540898625,0.7273468639120755,1.0513812043200232e-13,7.227509022758653e-14,-1.0447198661722723e-13,0.09886226377588014,0.341822831232614,0.07594056320269701
constant,prepared,0.01,0.001,0.185,0.4376355029310441,0.7268733803535559,1.1612932837579137e-13,7.988277705210229e-14,-1.141309269314661e-13,0.0992998992788112,0.34153359335519445,0.07580714195610766
constant,prepared,0.01,0.001,0.186,0.43694454706305935,0.7263979657526161,1.1207701433590955e-13,7.714573802514621e-14,-1.088573675644966e-13,0.09973684382587425,0.34124413993650426,0.07567379559670634
constant,prepared,0.01,0.001,0.187,0.4362567578454768,0.7259206438262142,1.0808021144725899e-13,7.444354446071201e-14,-1.0313971898767704e-13,0.10017310058371973,0.34095447605052326,0.07554052597018793
constant,prepared,0.01,0.001,0.188,0.4355721069626059,0.7254414381087806,1.1041167979897182e-13,7.609965050163505e-14,-1.1146639167236572e-13,0.10060867269068233,0.34066460671937504,0.07540733489768468
constant,prepared,0.01,0.001,0.189,0.4348905664183664,0.7249603719519757,1.103006574965093e-13,7.607357709740283e-14,-1.0941247907680918e-13,0.10104356325710069,0.34037453691384273,0.07527422417605102
constant,prepared,0.01,0.001,0.19,0.4342121085313749,0.7244774685246155,1.0247358517290195e-13,7.072241002993524e-14,-1.0474954237338352e-13,0.10147777536563207,0.340084271553851,0.075141195578141
constant,prepared,0.01,0.001,0.191,0.43353670593003696,0.723992750812617,1.0608181000293371e-13,7.326165205650098e-14,-1.0536016503692736e-13,0.10191131207156211,0.3397938155089658,0.07500825085308284
constant,prepared,0.01,0.001,0.192,0.4328643315478205,0.7235062416190183,9.847678228425139e-14,6.805524031408444e-14,-9.57012247226885e-14,0.10234417640310993,0.3395031735988953,0.07487539172654971
constant,prepared,0.01,0.001,0.193,0.4321949586186744,0.7230179635640864,9.686695889854491e-14,6.698793375826849e-14,-9.903189379656396e-14,0.10277637136172861,0.3392123505939507,0.07474261990102468
constant,prepared,0.01,0.001,0.194,0.43152856067247003,0.7225279390854165,1.1252110354575962e-13,7.786626472062883e-14,-1.0791367799356522e-13,0.10320789992240108,0.33892135121553674,0.07460993705606757
constant,prepared,0.01,0.001,0.195,0.43086511153058193,0.7220361904382249,1.0513812043200232e-13,7.280668325515877e-14,-1.0957901253050295e-13,0.10363876503393166,0.33863018013662777,0.07447734484857291
constant,prepared,0.01,0.001,0.196,0.4302045853016028,0.7215427396955011,9.642286968869485e-14,6.681715744889894e-14,-9.575673587391975e-14,0.10406896961923326,0.33833884198223474,0.07434484491302458
constant,prepared,0.01,0.001,0.197,0.42954695637715345,0.721047608748445,1.1052270210143433e-13,7.664036379876852e-14,-1.1296519275560968e-13,0.1044985165756104,0.3380473413298643,0.07421243886175191
constant,prepared,0.01,0.001,0.198,0.42889219942768525,0.7205508193067531,1.1124434706744069e-13,7.719396334491788e-14,-1.092459456231154e-13,0.10492740877503809,0.337755682709985,0.07408012828517757
constant,prepared,0.01,0.001,0.199,0.42824028939853354,0.7200523928990794,9.814371537686384e-14,6.815039873814621e-14,-9.675593659608239e-14,0.10535564906443662,0.33746387060648597,0.0739479147520651
constant,prepared,0.01,0.001,0.2,0.42759120150594837,0.7195523508734756,1.0036416142611415e-13,6.974069454729289e-14,-1.000310945187266e-13,0.10578324026594256,0.33717190945711517,0.07381579980975961
constant,prepared,0.01,0.001,0.201,0.4269449112332637,0.7190507143979028,1.0735856648125264e-13,7.465298645252117e-14,-1.0752509993494641e-13,0.10621018517717583,0.3368798036539529,0.07368378498443114
constant,prepared,0.01,0.001,0.202,0.4263013943270856,0.7185475044607724,8.72635297355373e-14,6.072217159881318e-14,-8.781864124784988e-14,0.10663648657150292,0.3365875575438172,0.07355187178131048
constant,prepared,0.01,0.001,0.203,0.4256606267936882,0.7180427418715745,1.0313971898767704e-13,7.182004146357397e-14,-1.0502709812953981e-13,0.10706214719829661,0.3362951754287387,0.07342006168492228
constant,prepared,0.01,0.001,0.20400000000000001,0.4250225848953117,0.7175364472614291,1.1157741397482823e-13,7.77503459236595e-14,-1.1368683772161603e-13,0.10748716978319192,0.33600266156637404,0.07328835615931759
constant,prepared,0.01,0.001,0.20500000000000002,0.4243872451466803,0.7170286410838206,9.742207041085749e-14,6.793457389902381e-14,-9.664491429361988e-14,0.1079115570283386,0.3357100201704355,0.07315675664830104
constant,prepared,0.01,0.001,0.20600000000000002,0.42375458431160085,0.7165193436152456,9.975353876257032e-14,6.960980164139764e-14,-1.0014211682118912e-13,0.1083353116126502,0.33541725541113215,0.07302526457565739
constant,prepared,0.01,0.001,0.20700000000000002,0.42312457939949377,0.7160085749559287,1.0658141036401503e-13,7.442746783484214e-14,-1.071365218763276e-13,0.1087584361920497,0.3351243714155775,0.07289388134537284
constant,prepared,0.01,0.001,0.20800000000000002,0.42249720766210364,0.7154963550306414,1.149080830487037e-13,8.029955864958495e-14,-1.167399510393352e-13,0.1091809333997118,0.3348313722682054,0.07276260834185576
constant,prepared,0.01,0.001,0.209,0.4218724465902731,0.7149827035893992,9.969802761133906e-14,6.972058702316997e-14,-9.9253938401489e-14,0.10960280584630207,0.334538262011209,0.07263144693015446
constant,prepared,0.01,0.001,0.21,0.4212502739107644,0.7144676402083454,1.1457501614131615e-13,8.018208921813158e-14,-1.1485257189747244e-13,0.11002405612021283,0.3342450446449094,0.07250039845617075
constant,prepared,0.01,0.001,0.211,0.4206306675831091,0.7139511842905153,9.742207041085749e-14,6.822740304553415e-14,-9.686695889854491e-14,0.11044468678779594,0.333951724128202,0.07236946424687225
constant,prepared,0.01,0.001,0.212,0.42001360579659724,0.7134333550667766,1.0169642905566434e-13,7.127255008012515e-14,-1.0452749776845849e-13,0.11086470039359253,0.3336583043789326,0.07223864561050139
constant,prepared,0.01,0.001,0.213,0.41939906696723567,0.7129141715966282,9.831024883055761e-14,6.894956836836135e-14,-9.936496070395151e-14,0.11128409946055977,0.3333647892743029,0.07210794383678391
constant,prepared,0.01,0.001,0.214,0.4187870297348609,0.7123936527691415,9.309220061481938e-14,6.53376123249801e-14,-9.470202400052585e-14,0.11170288649029463,0.33307118265126856,0.07197736019713276
constant,prepared,0.01,0.001,0.215,0.4181774729602244,0.7118718173038914,9.708900350346994e-14,6.819275685837198e-14,-1.0019762797242038e-13,0.11212106396325484,0.3327774883069246,0.07184689594484783
constant,prepared,0.01,0.001,0.216,0.41757037572217176,0.7113486837518732,1.010858063921205e-13,7.105222003009515e-14,-1.028066520802895e-13,0.11253863433897701,0.33248370999889537,0.07171655231532018
constant,prepared,0.01,0.001,0.217,0.4169657173148954,0.7108242704964614,9.892087149410145e-14,6.958180495511585e-14,-9.930944955272025e-14,0.1129556000562919,0.33218985144571234,0.0715863305262254
constant,prepared,0.01,0.001,0.218,0.4163634772451744,0.710298595754385,9.303668946358812e-14,6.549125256595135e-14,-9.298117831235686e-14,0.11337196353353708,0.33189591632720444,0.07145623177772183
constant,prepared,0.01,0.001,0.219,0.4157636352297532,0.7097716775767274,1.021405182655144e-13,7.195308117550626e-14,-1.0053069487980792e-13,0.11378772716876684,0.331601908284858,0.07132625725263995
constant,prepared,0.01,0.001,0.22,0.41516617119270394,0.7092435338498886,1.0480505352461478e-13,7.38850962487513e-14,-1.0902390101819037e-13,0.11420289333995955,0.3313078309221997,0.07119640811667649
constant,prepared,0.01,0.001,0.221,0.4145710652628155,0.708714182296634,1.1185496973098452e-13,7.891401959002886e-14,-1.0802470029602773e-13,0.11461746440522236,0.33101368780516494,0.07106668551858034
constant,prepared,0.01,0.001,0.222,0.4139782977711239,0.7081836404771352,9.198197759019422e-14,6.494217907110635e-14,-9.076073226310655e-14,0.11503144270299348,0.3307194824624595,0.07093709059034126
constant,prepared,0.01,0.001,0.223,0.413387849248443,0.7076519257899472,1.0352829704629585e-13,7.314916647101633e-14,-1.0275114092905824e-13,0.11544483055224192,0.33042521838591815,0.07080762444737124
constant,prepared,0.01,0.001,0.224,0.4127997004228239,0.7071190554731016,9.71445146547012e-14,6.869035270849794e-14,-9.50350909079134e-14,0.11585763025266474,0.3301308990308675,0.07067828818868832
constant,prepared,0.01,0.001,0.225,0.41221383221731334,0.7065850466051454,9.792167077193881e-14,6.929220427350249e-14,-9.947598300641403e-14,0.11626984408488206,0.32983652781648054,0.07054908289709631
constant,prepared,0.01,0.001,0.226,0.4116302257474715,0.7060499161062139,1.1496359419993496e-13,8.141321992780406e-14,-1.156852391659413e-13,0.11668147431062953,0.3295421081261202,0.07042000963936348
constant,prepared,0.01,0.001,0.227,0.41104886231912297,0.7055136807390837,1.0896838986695911e-13,7.722627699635628e-14,-1.1052270210143433e-13,0.11709252317294865,0.32924764330770245,0.07029106946639677
constant,prepared,0.01,0.001,0.228,0.41046972342608407,0.7049763571102646,1.0152989560197057e-13,7.200943306676246e-14,-1.0169642905566434e-13,0.11750299289637472,0.3289531366740169,0.0701622634134168
constant,prepared,0.01,0.001,0.229,0.409892790747929,0.70443796167111,1.0874634526203408e-13,7.718660207071401e-14,-1.1329825966299722e-13,0.11791288568712266,0.3286585915030931,0.07003359250013083
constant,prepared,0.01,0.001,0.23,0.4093180461477626,0.7038985107188332,9.892087149410145e-14,7.026643044966441e-14,-9.980904991380157e-14,0.11832220373327042,0.3283640110385228,0.06990505773090198
constant,prepared,0.01,0.001,0.231,0.4087454716701033,0.7033580203976948,9.89763826453327e-14,7.035988769230372e-14,-1.0114131754335176e-13,0.11873094920494053,0.3280693984897944,0.06977666009491644
constant,prepared,0.01,0.001,0.232,0.4081750495387451,0.7028165067000232,1.0036416142611415e-13,7.140139742687099e-14,-1.0119682869458302e-13,0.11913912425447927,0.3277747570326329,0.0696484005663526
constant,prepared,0.01,0.001,0.233,0.4076067621546673,0.7022739854673595,1.152966611073225e-13,8.208809061223002e-14,-1.1407541578023483e-13,0.11954673101663393,0.3274800898093205,0.06952028010454411
constant,prepared,0.01,0.001,0.234,0.4070405920939265,0.7017304723915778,1.1085576900882188e-13,7.898742706085142e-14,-1.0869083411080283e-13,0.11995377160872786,0.3271853999290209,0.06939229965414122
constant,prepared,0.01,0.001,0.23500000000000001,0.40647652210576707,0.7011859830159215,9.497957975668214e-14,6.772780835417745e-14,-9.636735853746359e-14,0.12036024813083362,0.32689069046811114,0.069264460145275
constant,prepared,0.01,0.001,0.23600000000000002,0.4059145351105016,0.7006405327362096,1.0663692151524629e-13,7.609959496547343e-14,-1.0719203302755886e-13,0.12076616266594413,0.326595964470487,0.06913676249371445
constant,prepared,0.01,0.001,0.23700000000000002,0.4053546141976149,0.7000941368018643,1.0441647546599597e-13,7.457316807635215e-14,-1.0252909632413321e-13,0.12117151728014175,0.326301224947882,0.06900920760102398
constant,prepared,0.01,0.001,0.23800000000000002,0.40479674262382254,0.6995468103170807,9.586775817638227e-14,6.852133178401752e-14,-9.409140133698202e-14,0.12157631402276557,0.3260064748801893,0.06888179635472105
constant,prepared,0.01,0.001,0.23900000000000002,0.40424090381116623,0.6989985682419205,9.908740494779522e-14,7.087811724493722e-14,-9.697798120100742e-14,0.12198055492657674,0.325711717215757,0.06875452962842672
constant,prepared,0.01,0.001,0.24,0.40368708134515646,0.6984494253934235,9.303668946358812e-14,6.660230940212751e-14,-9.697798120100742e-14,0.12238424200792189,0.3254169548717098,0.06862740828202439
constant,prepared,0.01,0.001,0.241,0.4031352589729311,0.6978993964467055,9.831024883055761e-14,7.043296593397904e-14,-9.658940314238862e-14,0.12278737726689481,0.32512219073423515,0.06850043316180192
constant,prepared,0.01,0.001,0.242,0.4025854206014569,0.6973484959361163,1.113553693699032e-13,7.984198002779912e-14,-1.1246559239452836e-13,0.12318996268749627,0.324827427658901,0.06837360510060853
constant,prepared,0.01,0.001,0.243,0.4020375502956761,0.6967967382562924,9.370282327836321e-14,6.723827633926982e-14,-9.392486788328824e-14,0.12359200023779195,0.3245326684709397,0.06824692491799918
constant,prepared,0.01,0.001,0.244,0.4014916322768648,0.6962441376633385,9.603429163007604e-14,6.89659606703258e-14,-9.725553695716371e-14,0.1239934918700688,0.3242379159655541,0.06812039342038055
constant,prepared,0.01,0.001,0.245,0.40094765092079426,0.6956907082758529,9.264811140496931e-14,6.658714160102497e-14,-9.29256671611256e-14,0.1243944395209896,0.32394317290820007,0.06799401140115555
constant,prepared,0.01,0.001,0.246,0.4004055907560747,0.6951364640761156,9.831024883055761e-14,7.071291315526928e-14,-9.681144774731365e-14,0.12479484511174567,0.3236484420348773,0.06786777964086682
constant,prepared,0.01,0.001,0.247,0.39986543646246486,0.6945814189111281,9.29256671611256e-14,6.689328610805328e-14,-9.35918009759007e-14,0.12519471054820813,0.3233537260524306,0.06774169890733785
constant,prepared,0.01,0.001,0.248,0.3993271728692105,0.6940255864937647,1.0597078770047119e-13,7.634501505616694e-14,-1.0874634526203408e-13,0.12559403772107736,0.3230590276388054,0.06761576995581267
constant,prepared,0.01,0.001,0.249,0.39879078495340337,0.6934689804038244,1.0613732115416497e-13,7.652636538432506e-14,-1.0758061108617767e-13,0.12599282850603075,0.322764349443354,0.06748999352909466
constant,prepared,0.01,0.001,0.25,0.39825625783837976,0.6929116140891693,9.18709552877317e-14,6.629341565337288e-14,-9.320322291728189e-14,0.12639108476386912,0.32246969408710274,0.0673643703576836
constant,prepared,0.01,0.001,0.251,0.39772357679214787,0.6923535008667846,9.597878047884478e-14,6.931342179874769e-14,-9.320322291728189e-14,0.12678880834066128,0.32217506416302816,0.06723890115991082
constant,prepared,0.01,0.001,0.252,0.3971927272257914,0.6917946539239124,1.13464793116691e-13,8.200756718276202e-14,-1.1224354778960333e-13,0.12718600106788708,0.3218804622363308,0.0671135866420717
constant,prepared,0.01,0.001,0.253,0.3966636946919015,0.6912350863190637,1.0397238625614591e-13,7.520768860982413e-14,-1.0341727474383333e-13,0.12758266476257898,0.32158589084470335,0.06698842749856268
constant,prepared,0.01,0.001,0.254,0.39613646488314497,0.6906748109831661,1.0647038806155251e-13,7.707707474519389e-14,-1.0624834345662748e-13,0.12797880122746214,0.32129135249860336,0.06686342441200739
constant,prepared,0.01,0.001,0.255,0.3956110236306809,0.6901138407206077,1.0658141036401503e-13,7.722016577200937e-14,-1.0497158697830855e-13,0.1283744122510928,0.3209968496815148,0.06673857805339044
constant,prepared,0.01,0.001,0.256,0.3950873569026611,0.6895521882103369,8.021361352916756e-14,5.816355520337716e-14,-8.354428260304303e-14,0.12876949960799547,0.3207023848502064,0.06661388908218292
constant,prepared,0.01,0.001,0.257,0.39456545080288885,0.6889898660068797,9.298117831235686e-14,6.7476448420957e-14,-9.453549054683208e-14,0.12916406505879835,0.32040796043500136,0.06648935814647325
constant,prepared,0.01,0.001,0.258,0.39404529156923507,0.6884268865414497,1.0241807402167069e-13,7.438558547313256e-14,-9.786615962070755e-14,0.12955811035036757,0.3201135788400289,0.06636498588308834
constant,prepared,0.01,0.001,0.259,0.3935268655722979,0.6878632621229998,1.1707301794672276e-13,8.5099048308949e-14,-1.1607381722456012e-13,0.12995163721593986,0.31981924244347826,0.06624077291772246
constant,prepared,0.01,0.001,0.26,0.3930101593139398,0.6872990049392375,1.0830225605218402e-13,7.878831140003633e-14,-1.0763612223740893e-13,0.1303446473752538,0.3195249535978537,0.06611671986505649
constant,prepared,0.01,0.001,0.261,0.392495159426,0.6867341270577224,1.1302070390684094e-13,8.228854476117499e-14,-1.1429746038515987e-13,0.1307371425346798,0.319230714630221,0.0659928273288845
constant,prepared,0.01,0.001,0.262,0.3919818526687952,0.6861686404268774,9.336975637097567e-14,6.803703264031592e-14,-9.692247004977617e-14,0.13112912438734858,0.3189365278424617,0.06586909590223024
constant,prepared,0.01,0.001,0.263,0.3914702259298726,0.685602556877013,9.575673587391975e-14,6.98339985122681e-14,-9.531264666406969e-14,0.13152059461327845,0.31864239551151535,0.06574552616746744
constant,prepared,0.01,0.001,0.264,0.39096026622266605,0.6850358881214289,1.0891287871572786e-13,7.949428679889352e-14,-1.1118883591620943e-13,0.13191155487950113,0.31834831988961687,0.06562211869643965
constant,prepared,0.01,0.001,0.265,0.39045196068508553,0.6844686457573237,1.1363132657038477e-13,8.300696260867366e-14,-1.1418643808269735e-13,0.1323020068401862,0.31805430320454325,0.06549887405057676
constant,prepared,0.01,0.001,0.266,0.38994529657832155,0.6839008412669366,9.636735853746359e-14,7.045418920594893e-14,-9.886536034287019e-14,0.13269195213676452,0.31776034765985595,0.06537579278100808
constant,prepared,0.01,0.001,0.267,0.38944026128554193,0.6833324860184501,1.0452749776845849e-13,7.648362979016062e-14,-1.0286216323152075e-13,0.13308139239805006,0.31746645543512364,0.06525287542868026
constant,prepared,0.01,0.001,0.268,0.38893684231056913,0.6827635912671097,9.164891068280667e-14,6.711613789533907e-14,-8.89843754237063e-14,0.13347032924036062,0.31717262868616564,0.06513012252446865
constant,prepared,0.01,0.001,0.269,0.38843502727672796,0.6821941681561146,1.0558220964185239e-13,7.738428043677044e-14,-1.0913492332065289e-13,0.13385876426763735,0.31687886954528666,0.06500753458928957
constant,prepared,0.01,0.001,0.27,0.38793480392546065,0.681624227717681,1.1207701433590955e-13,8.22131973735542e-14,-1.1080025785759062e-13,0.1342466990715628,0.3165851801214951,0.06488511213421261
constant,prepared,0.01,0.001,0.271,0.3874361601152784,0.6810537808740131,9.797718192317006e-14,7.193057631764887e-14,-9.325873406851315e-14,0.13463413523167808,0.3162915625007349,0.06476285566056811
constant,prepared,0.01,0.001,0.272,0.38693908382043035,0.6804828384383047,9.775513731824503e-14,7.182777565896019e-14,-9.392486788328824e-14,0.1350210743154985,0.31599801874611755,0.06464076566005818
constant,prepared,0.01,0.001,0.273,0.38644356312977524,0.6799114111156733,9.375833442959447e-14,6.894893429993991e-14,-9.642286968869485e-14,0.1354075178786283,0.31570455089813226,0.06451884261486267
constant,prepared,0.01,0.001,0.274,0.38594958624555914,0.6793395095041548,9.564571357145724e-14,7.0396106978425e-14,-9.525713551283843e-14,0.13579346746487383,0.31541116097487254,0.06439708699774627
constant,prepared,0.01,0.001,0.275,0.38545714148230914,0.6787671440956717,9.425793479067579e-14,6.9433188988729e-14,-9.342526752220692e-14,0.13617892460635614,0.3151178509722596,0.06427549927216411
constant,prepared,0.01,0.001,0.276,0.38496621726562263,0.6781943252769949,1.0197398481182063e-13,7.518050580131567e-14,-1.0225154056797692e-13,0.13656389082362175,0.3148246228642479,0.06415407989236448
constant,prepared,0.01,0.001,0.277,0.38447680213110536,0.6776210633306639,9.470202400052585e-14,6.98783059775599e-14,-9.370282327836321e-14,0.13694836762575285,0.3145314786030494,0.06403282930349469
constant,prepared,0.01,0.001,0.278,0.3839888847231602,0.6770473684359636,9.336975637097567e-14,6.895363657247588e-14,-9.431344594190705e-14,0.137332356510476,0.3142384201193354,0.06391174794170046
constant,prepared,0.01,0.001,0.279,0.3835024537939768,0.6764732506698286,1.0696998842263383e-13,7.906446287174408e-14,-1.0830225605218402e-13,0.13771585896427,0.31394544932245916,0.0637908362342279
constant,prepared,0.01,0.001,0.28,0.3830174982023472,0.6758987200078137,9.892087149410145e-14,7.317728867200003e-14,-1.0413891970983968e-13,0.13809887646247235,0.3136525681006549,0.06367009459952477
constant,prepared,0.01,0.001,0.281,0.38253400691265466,0.6753237863249753,9.903189379656396e-14,7.332178712042372e-14,-9.720002580593246e-14,0.138481410469385,0.3133597783212413,0.06354952344733818
constant,prepared,0.01,0.001,0.28200000000000003,0.3820519689937618,0.6747484593968331,9.409140133698202e-14,6.972331690915236e-14,-9.447997939560082e-14,0.13886346243837877,0.31306708183083837,0.0634291231788117
constant,prepared,0.01,0.001,0.28300000000000003,0.3815713736179591,0.6741727489002253,8.79296635503124e-14,6.521300637985287e-14,-9.114931032172535e-14,0.13924503381199674,0.3127744804555544,0.06330889418658407
constant,prepared,0.01,0.001,0.28400000000000003,0.38109221005995947,0.6735966644142646,9.475753515175711e-14,7.033699850202509e-14,-9.636735853746359e-14,0.1396261260220567,0.3124819760012008,0.06318883685488376
constant,prepared,0.01,0.001,0.28500000000000003,0.3806144676957785,0.6730202154212129,9.0427665355719e-14,6.718049717059268e-14,-9.259260025373806e-14,0.14000674048975248,0.3121895702534761,0.06306895155962612
constant,prepared,0.01,0.001,0.28600000000000003,0.3801381360018138,0.6724434113073562,9.325873406851315e-14,6.934318375370368e-14,-9.536815781530095e-14,0.1403868786257543,0.3118972649781706,0.06294923866850317
constant,prepared,0.01,0.001,0.28700000000000003,0.3796632045537736,0.6718662613639156,1.067479438177088e-13,7.9441363524489e-14,-1.0774714453987144e-13,0.14076654183030807,0.3116050619213593,0.06282969854108145
constant,prepared,0.01,0.001,0.28800000000000003,0.37918966302569623,0.6712887747879003,1.0524914273446484e-13,7.83933432878503e-14,-1.0497158697830855e-13,0.14114573149333376,0.3113129628095985,0.06271033152889029
constant,prepared,0.01,0.001,0.289,0.37871750118896014,0.6707109606829985,1.0447198661722723e-13,7.788152627685789e-14,-1.0275114092905824e-13,0.1415244489945227,0.311020969350103,0.06259113797551467
constant,prepared,0.01,0.001,0.29,0.3782467089113056,0.6701328280604316,9.475753515175711e-14,7.070056202589534e-14,-9.386935673205699e-14,0.14190269570343403,0.31072908323095483,0.06247211821668527
constant,prepared,0.01,0.001,0.291,0.3777772761558949,0.6695543858397958,1.0402789740737717e-13,7.76844268422579e-14,-1.0208500711428314e-13,0.14228047297958993,0.31043730612126946,0.06235327258036667
constant,prepared,0.01,0.001,0.292,0.3773091929803176,0.668975642849935,1.0652589921278377e-13,7.96186679973573e-14,-1.0813572259849025e-13,0.14265778217257025,0.31014563967139996,0.06223460138684748
constant,prepared,0.01,0.001,0.293,0.37684244953567236,0.6683966078297486,9.603429163007604e-14,7.183930207387484e-14,-9.697798120100742e-14,0.14303462462210592,0.30985408551310467,0.06211610494882547
constant,prepared,0.01,0.001,0.294,0.376377036065641,0.6678172894291005,1.038613639536834e-13,7.77618112002339e-14,-1.0652589921278377e-13,0.14341100165817156,0.3095626452597434,0.06199778357149599
constant,prepared,0.01,0.001,0.295,0.37591294290553673,0.6672376962095453,9.287015600989434e-14,6.959300751251477e-14,-9.57012247226885e-14,0.1437869146010771,0.3092713205064384,0.061879637552635564
constant,prepared,0.01,0.001,0.296,0.37545016048143715,0.6666578366452363,1.0186296250935811e-13,7.639823377907502e-14,-1.0041967257734541e-13,0.14416236476155853,0.3089801128302752,0.061761667182689044
constant,prepared,0.01,0.001,0.297,0.3749886793092312,0.6660777191237118,1.0330625244137082e-13,7.754819706120177e-14,-1.0769163338864018e-13,0.14453735344086777,0.30868902379046015,0.06164387274485068
constant,prepared,0.01,0.001,0.298,0.37452848999375915,0.6654973519466723,1.0352829704629585e-13,7.778265138355031e-14,-1.0402789740737717e-13,0.14491188193086152,0.30839805492850614,0.06152625451515002
constant,prepared,0.01,0.001,0.299,0.374069583227912,0.6649167433308594,1.0119682869458302e-13,7.609736836196667e-14,-1.0258460747536446e-13,0.14528595151408943,0.3081072077684049,0.06140881276253152
constant,prepared,0.01,0.001,0.3,0.3736119497917831,0.6643359014087583,8.387734951043058e-14,6.312871947200134e-14,-8.68749516769185e-14,0.14565956346388123,0.30781648381678683,0.06129154774893625
constant,prepared,0.01,0.001,0.301,0.3731555805517998,0.663754834229457,9.553469126899472e-14,7.196534499058876e-14,-9.447997939560082e-14,0.14603271904443302,0.3075258845631081,0.06117445972938388
constant,prepared,0.01,0.001,0.302,0.3727004664598289,0.6631735497594118,9.076073226310655e-14,6.842909544268375e-14,-8.970602038971265e-14,0.14640541951089284,0.3072354114798081,0.06105754895205024
constant,prepared,0.01,0.001,0.303,0.3722465985523749,0.6625920558832068,8.809619700400617e-14,6.647845851892373e-14,-9.009459844833145e-14,0.1467776661094452,0.3069450660224776,0.06094081565834774
constant,prepared,0.01,0.001,0.304,0.371793967949746,0.6620103604043327,9.492406860545088e-14,7.169379384596624e-14,-9.559020242022598e-14,0.14714946007739496,0.3066548496300241,0.060824260083001826
constant,prepared,0.01,0.001,0.305,0.37134256585518816,0.6614284710459609,1.0336176359260207e-13,7.813525431490813e-14,-1.0602629885170245e-13,0.14752080264325015,0.30636476372483257,0.06070788245412867
constant,prepared,0.01,0.001,0.306,0.37089238355408755,0.6608463954516746,8.659739592076221e-14,6.552006375215911e-14,-8.981704269217516e-14,0.14789169502680424,0.3060748097129354,0.060591682993312614
constant,prepared,0.01,0.001,0.307,0.37044341241321493,0.6602641411862543,1.067479438177088e-13,8.08373021938712e-14,-1.0913492332065289e-13,0.14826213843921746,0.3057849889841626,0.060475661915680046
constant,prepared,0.01,0.001,0.308,0.369995643879794,0.6596817157363885,9.037215420448774e-14,6.849678568368465e-14,-8.848477506262498e-14,0.14863213408309725,0.3054953029123056,0.06035981942997538
constant,prepared,0.01,0.001,0.309,0.3695490694808558,0.6590991265114321,9.54236689665322e-14,7.238946702265897e-14,-9.264811140496931e-14,0.1490016831525781,0.3052057528552753,0.060244155738632864
constant,prepared,0.01,0.001,0.31,0.36910368082235323,0.6585163808441385,9.314771176605063e-14,7.072543255996146e-14,-9.497957975668214e-14,0.14937078683340047,0.3049163401552538,0.060128671037853514
constant,prepared,0.01,0.001,0.311,0.3686594695884512,0.6579334859913463,9.281464485866309e-14,7.053497567372436e-14,-9.442446824436956e-14,0.1497394463029889,0.3046270661388499,0.060013365517674694
constant,prepared,0.01,0.001,0.312,0.36821642754070033,0.6573504491347499,9.842127113302013e-14,7.486210077331022e-14,-9.71445146547012e-14,0.1501076627305296,0.30433793211725785,0.05989823936204235
constant,prepared,0.01,0.001,0.313,0.3677745465172994,0.6567672773815993,9.18709552877317e-14,6.994178794503627e-14,-9.392486788328824e-14,0.1504754372770469,0.30404893938639216,0.059783292748882354
constant,prepared,0.01,0.001,0.314,0.36733381843238105,0.656183977765369,8.487655023259322e-14,6.467435437972317e-14,-8.770761894538737e-14,0.15084277109547928,0.30376008922705844,0.05966852585017059
constant,prepared,0.01,0.001,0.315,0.3668942352752114,0.6556005572465055,9.026113190202523e-14,6.883851066349907e-14,-9.381384558082573e-14,0.1512096653307545,0.3034713829050872,0.05955393883200346
constant,prepared,0.01,0.001,0.316,0.3664557891094995,0.6550170227130817,9.942047185518277e-14,7.589151763062238e-14,-9.825473767932635e-14,0.151576121119864,0.30318282167148314,0.05943953185466415
constant,prepared,0.01,0.001,0.317,0.3660184720726243,0.6544333809815281,9.547918011776346e-14,7.294797521984248e-14,-9.64783808399261e-14,0.15194213959193661,0.30289440676257495,0.059325305072692944
constant,prepared,0.01,0.001,0.318,0.36558227637494706,0.6538496387972729,7.960299086562372e-14,6.087255092168056e-14,-8.126832540256146e-14,0.15230772186831157,0.30260613940015146,0.05921125863495452
constant,prepared,0.01,0.001,0.319,0.3651471942991281,0.6532658028354236,9.470202400052585e-14,7.248353089161866e-14,-9.586775817638227e-14,0.15267286906261068,0.3023180207916165,0.05909739268470266
constant,prepared,0.01,0.001,0.32,0.3647132181993179,0.6526818797014613,9.969802761133906e-14,7.637566685391483e-14,-9.497957975668214e-14,0.15303758228081,0.3020300521301146,0.05898370735964909
constant,prepared,0.01,0.001,0.321,0.36428034050056113,0.6520978759318934,8.631984016460592e-14,6.618626079807662e-14,-8.43769498715119e-14,0.15340186262131056,0.3017422345946817,0.05887020279202577
constant,prepared,0.01,0.001,0.322,0.363848553698084,0.6515137979949092,8.970602038971265e-14,6.884429820656494e-14,-9.342526752220692e-14,0.15376571117500865,0.3014545693503844,0.05875687910865167
constant,prepared,0.01,0.001,0.323,0.36341785035654695,0.6509296522909971,1.0919043447188415e-13,8.387268431202268e-14,-1.0869083411080283e-13,0.15412912902536519,0.3011670575484503,0.05864373643099582
constant,prepared,0.01,0.001,0.324,0.36298822310943657,0.6503454451536629,9.170442183403793e-14,7.050439310170278e-14,-9.364731212713195e-14,0.15449211724847461,0.3008797003264065,0.05853077487524062
constant,prepared,0.01,0.001,0.325,0.3625596646583922,0.6497611828499958,9.264811140496931e-14,7.129397219343549e-14,-9.237055564881302e-14,0.154854676913133,0.3005924988082156,0.058417994552344574
constant,prepared,0.01,0.001,0.326,0.36213216777250157,0.6491768715813702,9.364731212713195e-14,7.212773300056417e-14,-9.153788838034416e-14,0.15521680908090552,0.30030545410440496,0.058305395568104844
constant,prepared,0.01,0.001,0.327,0.36170572528766903,0.6485925174840056,7.954747971439247e-14,6.132315557922639e-14,-7.854827899222983e-14,0.1555785148061932,0.300018567312208,0.05819297802321686
constant,prepared,0.01,0.001,0.328,0.36128033010596733,0.648008126629672,9.725553695716371e-14,7.504191148264461e-14,-9.953149415764528e-14,0.15593979513629916,0.2997318395156841,0.05808074201333648
constant,prepared,0.01,0.001,0.329,0.3608559751949759,0.6474237050261997,9.64783808399261e-14,7.45094596405106e-14,-9.459100169806334e-14,0.15630065111149413,0.2994452717858545,0.057968687629139655
constant,prepared,0.01,0.001,0.33,0.36043265358717624,0.6468392586181986,9.420242363944453e-14,7.281749088689848e-14,-9.54236689665322e-14,0.1566610837650813,0.2991588651808232,0.05785681495638242
constant,prepared,0.01,0.001,0.331,0.3600103583792884,0.6462547932875915,9.96425164601078e-14,7.709228426237602e-14,-9.825473767932635e-14,0.1570210941234606,0.2988726207459152,0.0577451240759581
constant,prepared,0.01,0.001,0.332,0.359589082731657,0.6456703148542551,8.043565813409259e-14,6.228849018112598e-14,-8.043565813409259e-14,0.15738068320619225,0.2985865395137905,0.05763361506395651
constant,prepared,0.01,0.001,0.333,0.35916881986767785,0.6450858290765871,9.39803790345195e-14,7.284331386494847e-14,-9.442446824436956e-14,0.15773985202605992,0.29830062250458234,0.05752228799172196
constant,prepared,0.01,0.001,0.334,0.35874956307308764,0.6445013416521143,9.114931032172535e-14,7.071304932280423e-14,-9.131584377541913e-14,0.158098601589133,0.29801487072600463,0.05741114292590942
constant,prepared,0.01,0.001,0.335,0.358331305695463,0.6439168582180755,1.0336176359260207e-13,8.026017821511068e-14,-1.0180745135812685e-13,0.15845693289482846,0.2977292851734799,0.057300179928541604
constant,prepared,0.01,0.001,0.336,0.3579140411435586,0.6433323843519856,9.992007221626409e-14,7.76582017683624e-14,-9.708900350346994e-14,0.158814846935972,0.29744386683027274,0.05718939905706343
constant,prepared,0.01,0.001,0.337,0.3574977628867285,0.642747925572234,1.0608181000293371e-13,8.25220944186487e-14,-1.0524914273446484e-13,0.15917234469885874,0.2971586166675883,0.05707880036439952
constant,prepared,0.01,0.001,0.338,0.357082464454336,0.6421634873386252,8.482103908136196e-14,6.604318117874287e-14,-8.842926391139372e-14,0.1595294271633131,0.2968735356447027,0.056968383899005784
constant,prepared,0.01,0.001,0.339,0.35666813943522546,0.6415790750529522,9.758860386455126e-14,7.605344972986333e-14,-9.592326932761353e-14,0.1598860953027483,0.2965886247090849,0.056858149704926274
constant,prepared,0.01,0.001,0.34,0.3562547814770417,0.6409946940595859,1.1046719095020308e-13,8.61685689241639e-14,-1.0952350137927169e-13,0.16024235008422535,0.29630388479650127,0.056748097821845964
constant,prepared,0.01,0.001,0.341,0.355842384285737,0.6404103496459705,9.048317650695026e-14,7.064468629915527e-14,-9.420242363944453e-14,0.1605981924685111,0.2960193168311426,0.05663822828514123
constant,prepared,0.01,0.001,0.342,0.3554309416250137,0.6398260470431997,9.381384558082573e-14,7.331199316935962e-14,-9.592326932761353e-14,0.1609536234101361,0.29573492172572274,0.056528541125936665
constant,prepared,0.01,0.001,0.343,0.35502044731570304,0.6392417914265829,9.842127113302013e-14,7.698281968812444e-14,-9.769962616701378e-14,0.1613086438574518,0.29545070038161203,0.05641903637115208
constant,prepared,0.01,0.001,0.34400000000000003,0.35461089523528716,0.6386575879161404,9.958700530887654e-14,7.796588280882145e-14,-9.831024883055761e-14,0.16166325475268709,0.29516665368893036,0.05630971404355782
constant,prepared,0.01,0.001,0.34500000000000003,0.354202279317306,0.6380734415771723,1.0264011862659572e-13,8.042970600130642e-14,-1.0336176359260207e-13,0.1620174570320044,0.2948827825266714,0.05620057416182356
constant,prepared,0.01,0.001,0.34600000000000003,0.3537945935507967,0.6374893574207411,8.593126210598712e-14,6.739819348016735e-14,-8.737455203799982e-14,0.1623712516255552,0.2945990877628017,0.05609161674056788
constant,prepared,0.01,0.001,0.34700000000000003,0.3533878319798174,0.6369053404042561,9.314771176605063e-14,7.312524001362682e-14,-9.126033262418787e-14,0.16272463945753504,0.2943155702543779,0.055982841790410166
constant,prepared,0.01,0.001,0.34800000000000003,0.35298198870289343,0.6363213954319301,1.038613639536834e-13,8.161077460170472e-14,-1.0375034165122088e-13,0.16307762144623794,0.29403223084764757,0.05587424931801712
constant,prepared,0.01,0.001,0.34900000000000003,0.35257705787243016,0.6357375273553442,8.359979375427429e-14,6.575024295171178e-14,-8.526512829121202e-14,0.16343019850411036,0.29374907037816445,0.055765839326153914
constant,prepared,0.01,0.001,0.35000000000000003,0.352173033694314,0.6351537409739092,9.08162434143378e-14,7.149154413786398e-14,-8.981704269217516e-14,0.16378237153780467,0.2934660896708837,0.05565761181372964
constant,prepared,0.01,0.001,0.35100000000000003,0.35176991042728123,0.634570041035415,9.642286968869485e-14,7.597496214236356e-14,-9.586775817638227e-14,0.16413414144823196,0.2931832895402777,0.05554956677584746
constant,prepared,0.01,0.001,0.352,0.351367682382462,0.6339864322364883,9.264811140496931e-14,7.306789758743854e-14,-9.636735853746359e-14,0.16448550913061444,0.2929006707904224,0.05544170420385106
constant,prepared,0.01,0.001,0.353,0.3509663439228896,0.6334029192231126,9.470202400052585e-14,7.475654210488452e-14,-9.675593659608239e-14,0.16483647547453734,0.29261823421512295,0.055334024085369526
constant,prepared,0.01,0.001,0.354,0.3505658894629484,0.6328195065911001,8.892886427247504e-14,7.02640036742188e-14,-8.565370634983083e-14,0.16518704136400028,0.29233598059799387,0.05522652640436569
constant,prepared,0.01,0.001,0.355,0.3501663134679436,0.6322361988866169,8.748557434046234e-14,6.918741325988648e-14,-9.08162434143378e-14,0.1655372076774682,0.29205391071257525,0.055119211141180166
constant,prepared,0.01,0.001,0.356,0.3497676104535514,0.6316530006065944,9.137135492665038e-14,7.232717555279342e-14,-9.39803790345195e-14,0.16588697528792176,0.29177202532242186,0.055012078272578285
constant,prepared,0.01,0.001,0.357,0.34936977498536165,0.6310699161992636,9.325873406851315e-14,7.388938346972266e-14,-9.381384558082573e-14,0.16623634506290713,0.29149032518120815,0.05490512777179326
constant,prepared,0.01,0.001,0.358,0.34897280167839945,0.6304869500646214,1.021405182655144e-13,8.100129451928964e-14,-1.0130785099704553e-13,0.16658531786458552,0.29120881103282176,0.05479835960856999
constant,prepared,0.01,0.001,0.359,0.34857668519664814,0.6299041065548503,1.0286216323152075e-13,8.164906543799092e-14,-1.0103029524088925e-13,0.16693389454978216,0.29092748361146387,0.05469177374921076
constant,prepared,0.01,0.001,0.36,0.34818142025255105,0.6293213899748367,7.116529587847253e-14,5.6541297508824584e-14,-7.333023077649159e-14,0.16728207597003472,0.290646343641741,0.05458537015661718
constant,prepared,0.01,0.001,0.361,0.34778700160661213,0.628738804582607,7.843725668976731e-14,6.237666270800129e-14,-8.010259122670504e-14,0.16762986297164134,0.29036539183876536,0.054479148790333005
constant,prepared,0.01,0.001,0.362,0.3473934240668525,0.6281563545897787,7.893685705084863e-14,6.283217265420635e-14,-7.893685705084863e-14,0.1679772563957082,0.2900846289082431,0.05437310960658626
constant,prepared,0.01,0.001,0.363,0.3470006824884087,0.6275740441619932,8.493206138382448e-14,6.766696469834845e-14,-8.643086246706844e-14,0.16832425707819662,0.28980405554656885,0.054267252558332174
constant,prepared,0.01,0.001,0.364,0.34660877177304755,0.6269918774194123,9.586775817638227e-14,7.645055831580281e-14,-9.264811140496931e-14,0.16867086584996968,0.28952367244092264,0.0541615775952948
constant,prepared,0.01,0.001,0.365,0.3462176868687391,0.6264098584371043,9.259260025373806e-14,7.390736193452495e-14,-9.259260025373806e-14,0.16901708353683842,0.2892434802693539,0.054056084664005986
constant,prepared,0.01,0.001,0.366,0.34582742276918804,0.6258279912455201,9.231504449758177e-14,7.375432689887358e-14,-8.959499808725013e-14,0.16936291095960762,0.28896347970087766,0.053950773707847906
constant,prepared,0.01,0.001,0.367,0.34543797451344493,0.6252462798309044,9.525713551283843e-14,7.617569155196982e-14,-9.875433804040767e-14,0.16970834893412107,0.28868367139555934,0.053845644667093163
constant,prepared,0.01,0.001,0.368,0.34504933718541053,0.6246647281357279,9.309220061481938e-14,7.451373226453828e-14,-9.259260025373806e-14,0.17005339827130647,0.2884040560046118,0.05374069747894332
constant,prepared,0.01,0.001,0.369,0.3446615059134364,0.6240833400591133,8.965050923848139e-14,7.182575105272257e-14,-9.103828801926284e-14,0.17039805977721992,0.2881246341704626,0.05363593207756846
constant,prepared,0.01,0.001,0.37,0.34427447586989984,0.623502119457265,8.465450562766819e-14,6.788630141414033e-14,-8.948397578478762e-14,0.17074233425308982,0.28784540652687585,0.053531348394148276
constant,prepared,0.01,0.001,0.371,0.3438882422707604,0.62292107014388,8.509859483751825e-14,6.830608155368439e-14,-8.626432901337466e-14,0.1710862224953606,0.28756637369900206,0.05342694635690712
constant,prepared,0.01,0.001,0.372,0.34350280037516656,0.6223401958905623,9.842127113302013e-14,7.907352906248691e-14,-9.96425164601078e-14,0.17142972529573577,0.2872875363034869,0.05332272589115436
constant,prepared,0.01,0.001,0.373,0.3431181454850242,0.6217595004272093,9.769962616701378e-14,7.856705534847232e-14,-9.875433804040767e-14,0.1717728434412208,0.2870088949485455,0.05321868691932171
constant,prepared,0.01,0.001,0.374,0.3427342729445734,0.6211789874424565,8.448797217397441e-14,6.800614145193965e-14,-8.47655279301307e-14,0.17211557771416536,0.2867304502340463,0.05311482936099973
constant,prepared,0.01,0.001,0.375,0.3423511781400389,0.6205986605840587,8.987255384340642e-14,7.240795021924389e-14,-8.787415239908114e-14,0.1724579288923054,0.28645220275160255,0.0530111531329759
constant,prepared,0.01,0.001,0.376,0.34196885649916187,0.6200185234592696,8.537615059367454e-14,6.884967735909685e-14,-8.698597397938101e-14,0.17279989774880458,0.2861741530846439,0.05290765814926948
constant,prepared,0.01,0.001,0.377,0.3415873034908235,0.6194385796352758,7.799316747991725e-14,6.29547222630487e-14,-7.943645741192995e-14,0.1731414850522954,0.2858963018084983,0.05280434432116922
constant,prepared,0.01,0.001,0.378,0.341206514624677,0.6188588326395534,9.486855745421963e-14,7.664797886908997e-14,-9.35918009759007e-14,0.1734826915669201,0.2856186494904824,0.05270121155726829
constant,prepared,0.01,0.001,0.379,0.34082648545070315,0.6182792859602719,9.386935673205699e-14,7.591177552249544e-14,-9.348077867343818e-14,0.17382351805237078,0.2853411966899729,0.05259825976349938
constant,prepared,0.01,0.001,0.38,0.34044721155888147,0.6176999430466532,8.665290707199347e-14,7.014158577107294e-14,-8.709699628184353e-14,0.17416396526392966,0.2850639439584856,0.05249548884316974
constant,prepared,0.01,0.001,0.381,0.3400686885787756,0.6171208073093909,1.0486056467584604e-13,8.495951152013718e-14,-1.0141887329950805e-13,0.17450403395250844,0.28478689183975603,0.05239289869699639
constant,prepared,0.01,0.001,0.382,0.3396909121791338,0.6165418821209898,8.97615315409439e-14,7.279435034660194e-14,-8.765210779415611e-14,0.17484372486468758,0.28451004086981396,0.05229048922314026
constant,prepared,0.01,0.001,0.383,0.3393138780675685,0.6159631708161486,7.971401316808624e-14,6.47068014329983e-14,-7.854827899222983e-14,0.17518303874275515,0.2842333915770648,0.05218826031723798
constant,prepared,0.01,0.001,0.384,0.33893758199015095,0.6153846766921307,7.571721027943568e-14,6.152022722310275e-14,-7.593925488436071e-14,0.1755219763247453,0.28395694448236225,0.05208621187243888
constant,prepared,0.01,0.001,0.385,0.3385620197310381,0.6148064030091315,9.475753515175711e-14,7.70629052397348e-14,-9.070522111187529e-14,0.17586053834447635,0.28368070009908375,0.05198434377943511
constant,prepared,0.01,0.001,0.386,0.3381871871120849,0.6142283529906436,8.049116928532385e-14,6.552218640951006e-14,-8.310019339319297e-14,0.17619872553158844,0.2834046589332059,0.051882655926495776
constant,prepared,0.01,0.001,0.387,0.3378130799925726,0.6136505298237809,9.225953334635051e-14,7.517269916872499e-14,-9.414691248821327e-14,0.176536538611581,0.28312882148337404,0.051781148199498736
constant,prepared,0.01,0.001,0.388,0.3374396942687363,0.613072936659686,8.965050923848139e-14,7.311569625543546e-14,-8.798517470154366e-14,0.17687397830584975,0.28285318824098366,0.05167982048196339
constant,prepared,0.01,0.001,0.389,0.33706702587350523,0.6124955766138367,9.753309271332e-14,7.961942619448862e-14,-9.636735853746359e-14,0.17721104533172324,0.282577759690243,0.051578672655081946
constant,prepared,0.01,0.001,0.39,0.33669507077606825,0.6119184527664241,8.58202398035246e-14,7.012391881265681e-14,-8.704148513061227e-14,0.17754774040249932,0.2823025363082536,0.051477704597750244
constant,prepared,0.01,0.001,0.391,0.3363238249816177,0.6113415681626688,6.944445019030354e-14,5.679676780282464e-14,-6.816769371198461e-14,0.17788406422748093,0.2820275185650712,0.05137691618660014
constant,prepared,0.01,0.001,0.392,0.33595328453094425,0.6107649258131955,8.903988657493755e-14,7.289210857710926e-14,-9.059419880941277e-14,0.17822001751201189,0.28175270692378906,0.05127630729602811
constant,prepared,0.01,0.001,0.393,0.3355834455000786,0.6101885286943358,8.743006318923108e-14,7.164184434629178e-14,-8.759659664292485e-14,0.17855560095751197,0.2814781018405946,0.05117587779822912
constant,prepared,0.01,0.001,0.394,0.3352143040000063,0.6096123797484825,7.510658761589184e-14,6.160192124614919e-14,-7.333023077649159e-14,0.178890815261512,0.28120370376484605,0.05107562756322206
constant,prepared,0.01,0.001,0.395,0.33484585617632956,0.6090364818844307,8.198997036856781e-14,6.731121435851893e-14,-8.493206138382448e-14,0.1792256611176883,0.28092951313913733,0.05097555645888287
constant,prepared,0.01,0.001,0.396,0.3344780982088975,0.6084608379776717,9.670042544485113e-14,7.946314652414163e-14,-9.181544413650045e-14,0.1795601392158972,0.2806555303993692,0.050875664350973064
constant,prepared,0.01,0.001,0.397,0.3341110263114844,0.6078854508707593,7.915890165577366e-14,6.511004790654074e-14,-7.87148124459236e-14,0.17989425024220868,0.28038175597481,0.050775951103169056
constant,prepared,0.01,0.001,0.398,0.3337446367315227,0.6073103233736,8.926193117986259e-14,7.34895552935831e-14,-9.092726571680032e-14,0.1802279948789402,0.2801081902881664,0.05067641657708885
constant,prepared,0.01,0.001,0.399,0.3333789257497084,0.6067354582637828,8.404388296412435e-14,6.925908303152097e-14,-8.709699628184353e-14,0.18056137380468992,0.27983483375565305,0.05057706063232338
constant,prepared,0.01,0.001,0.4,0.33301388967971507,0.6061608582868907,7.083222897108499e-14,5.842692414292821e-14,-7.249756350802272e-14,0.18089438769436963,0.27956168678704685,0.05047788312646413
constant,prepared,0.01,0.001,0.401,0.3326495248678886,0.6055865261568404,8.848477506262498e-14,7.305708700634292e-14,-8.754108549169359e-14,0.18122703721923752,0.27928874978575874,0.050378883915128056
constant,prepared,0.01,0.001,0.402,0.33228582769291015,0.6050124645561533,7.771561172376096e-14,6.422645505392138e-14,-7.793765632868599e-14,0.18155932304693043,0.27901602314889346,0.05028006285198977
constant,prepared,0.01,0.001,0.403,0.3319227945655189,0.6044386761362772,7.882583474838611e-14,6.520581645457846e-14,-7.999156892424253e-14,0.18189124584149594,0.27874350726732294,0.05018141978880423
constant,prepared,0.01,0.001,0.404,0.3315604219281712,0.603865163517903,8.970602038971265e-14,7.427653208798362e-14,-9.275913370743183e-14,0.1822228062634241,0.27847120252573304,0.050082954575436656
constant,prepared,0.01,0.001,0.405,0.33119870625474845,0.6032919292912361,9.08162434143378e-14,7.526724542877972e-14,-9.192646643896296e-14,0.18255400496967886,0.2781991093026969,0.04998466705988891
constant,prepared,0.01,0.001,0.406,0.3308376440502726,0.6027189760163347,8.176792576364278e-14,6.783254635857125e-14,-8.398837181289309e-14,0.18288484261372914,0.27792722797073005,0.04988655708832415
constant,prepared,0.01,0.001,0.40700000000000003,0.3304772318506084,0.6021463062233722,8.459899447643693e-14,7.024787298541374e-14,-8.554268404736831e-14,0.18321531984557976,0.2776555588963572,0.04978862450509451
constant,prepared,0.01,0.001,0.40800000000000003,0.33011746622213844,0.6015739224129449,8.337774914934926e-14,6.929967045023403e-14,-8.165690346118026e-14,0.1835454373118019,0.2773841024401664,0.04969086915276613
constant,prepared,0.01,0.001,0.40900000000000003,0.3297583437614972,0.601001827056357,8.454348332520567e-14,7.033546282153976e-14,-8.731904088676856e-14,0.1838751956555634,0.27711285895687154,0.049593290872145514
constant,prepared,0.01,0.001,0.41000000000000003,0.32939986109529135,0.6004300225958917,9.425793479067579e-14,7.849202341944428e-14,-8.920642002863133e-14,0.1842045955166587,0.27684182879537117,0.04949588950230344
constant,prepared,0.01,0.001,0.41100000000000003,0.32904201487976004,0.59985851144515,8.143485885625523e-14,6.787838907216703e-14,-8.210099267103033e-14,0.18453363753153845,0.2765710122988046,0.049398664880600296
constant,prepared,0.01,0.001,0.41200000000000003,0.3286848018005808,0.599287295989251,7.527312106958561e-14,6.280219985752126e-14,-7.605027718682322e-14,0.18486232233333905,0.27630040980461573,0.04930161684271199
constant,prepared,0.01,0.001,0.41300000000000003,0.328328218572523,0.5987163785851775,9.131584377541913e-14,7.625968408547634e-14,-9.10937991704941e-14,0.18519065055191156,0.27603002164460433,0.0492047452226532
constant,prepared,0.01,0.001,0.41400000000000003,0.3279722619391434,0.5981457615620225,8.587575095475586e-14,7.178496987965794e-14,-8.504308368628699e-14,0.1855186228138507,0.27575984814498183,0.04910804985280168
constant,prepared,0.01,0.001,0.41500000000000004,0.3276169286726214,0.5975754472212587,9.242606680004428e-14,7.733422384555854e-14,-8.892886427247504e-14,0.18584623974252332,0.2754898896264328,0.04901153056392185
constant,prepared,0.01,0.001,0.41600000000000004,0.32726221557337243,0.5970054378370452,9.414691248821327e-14,7.884929225209469e-14,-9.375833442959447e-14,0.18617350195809668,0.2752201464041687,0.04891518718518912
constant,prepared,0.01,0.001,0.417,0.32690811946981724,0.5964357356564295,7.97695243193175e-14,6.687185186139028e-14,-7.771561172376096e-14,0.1865004100775665,0.2749506187879825,0.048819019544212895
constant,prepared,0.01,0.001,0.418,0.3265546372181788,0.5958663428996849,9.25370891025068e-14,7.764919952701405e-14,-9.209299989265674e-14,0.18682696471478466,0.2746813070823004,0.04872302746706011
constant,prepared,0.01,0.001,0.419,0.32620176570209414,0.5952972617605172,8.670841822322473e-14,7.28278322386274e-14,-8.43769498715119e-14,0.18715316648048674,0.2744122115862417,0.048627210778276836
constant,prepared,0.01,0.001,0.42,0.3258495018324616,0.594728494406371,8.804068585277491e-14,7.401754471226935e-14,-8.626432901337466e-14,0.1874790159823192,0.27414333259366835,0.04853156930091262
constant,prepared,0.01,0.001,0.421,0.3254978425471237,0.5941600429786476,9.914291609902648e-14,8.343115400523588e-14,-9.992007221626409e-14,0.18780451382486632,0.27387467039323654,0.048436102856541284
constant,prepared,0.01,0.001,0.422,0.32514678481062975,0.5935919095929739,9.348077867343818e-14,7.87416212743959e-14,-9.386935673205699e-14,0.18812966060967695,0.27360622526845396,0.04834081126528393
constant,prepared,0.01,0.001,0.423,0.32479632561395766,0.5930240963394714,8.465450562766819e-14,7.137526632577374e-14,-8.260059303211165e-14,0.18845445693529092,0.27333799749772747,0.048245694345830516
constant,prepared,0.01,0.001,0.424,0.3244464619743098,0.5924566052830056,7.988054662178001e-14,6.741468143782207e-14,-8.08242361927114e-14,0.18877890339726522,0.27306998735442023,0.048150751915461906
constant,prepared,0.01,0.001,0.425,0.3240971909348135,0.5918894384634041,8.099076964640517e-14,6.841714379687076e-14,-7.921441280700492e-14,0.18910300058820004,0.2728021951068905,0.04805598379007056
constant,prepared,0.01,0.001,0.426,0.32374850956431833,0.5913225978957228,8.554268404736831e-14,7.233165479534675e-14,-8.409939411535561e-14,0.18942674909776436,0.27253462101855896,0.04796138978418239
constant,prepared,0.01,0.001,0.427,0.32340041495709226,0.5907560855704996,9.364731212713195e-14,7.926055644157122e-14,-9.314771176605063e-14,0.18975014951272146,0.2722672653479454,0.047866969710976204
constant,prepared,0.01,0.001,0.428,0.32305290423263633,0.5901899034539689,9.29256671611256e-14,7.87252260817148e-14,-8.737455203799982e-14,0.19007320241695408,0.2720001283487256,0.04777272338230709
constant,prepared,0.01,0.001,0.429,0.32270597453541916,0.5896240534883364,9.930944955272025e-14,8.421421155156145e-14,-9.708900350346994e-14,0.1903959083914895,0.27173321026977043,0.04767865060872389
constant,prepared,0.01,0.001,0.43,0.3223596230346305,0.5890585375919736,7.854827899222983e-14,6.66727277337529e-14,-7.904787935331115e-14,0.19071826801452413,0.27146651135521577,0.0475847511994926
constant,prepared,0.01,0.001,0.431,0.322013846923983,0.5884933576596941,8.359979375427429e-14,7.102866384654361e-14,-8.454348332520567e-14,0.1910402818614481,0.27120003184447716,0.047491024962612205
constant,prepared,0.01,0.001,0.432,0.3216686434214469,0.587928515562939,8.3322237998118e-14,7.086085790406969e-14,-8.62088178621434e-14,0.19136195050486957,0.2709337719723363,0.04739747170483872
constant,prepared,0.01,0.001,0.433,0.32132400976899717,0.5873640131500509,9.459100169806334e-14,8.052161826425262e-14,-9.364731212713195e-14,0.19168327451463857,0.2706677319689549,0.0473040912317029
constant,prepared,0.01,0.001,0.434,0.3209799432324471,0.5867998522464787,9.159339953157541e-14,7.804483861142443e-14,-9.064970996064403e-14,0.192004254457871,0.2704019120599406,0.0472108833475284
constant,prepared,0.01,0.001,0.435,0.3206364411011593,0.5862360346550083,8.032463583163008e-14,6.850878407610555e-14,-7.97695243193175e-14,0.19232489089897217,0.27013631246638803,0.0471178478554531
constant,prepared,0.01,0.001,0.436,0.320293500687891,0.5856725621559845,9.403589018575076e-14,8.028025919429896e-14,-9.675593659608239e-14,0.19264518439966005,0.26987093340491863,0.047024984557446824
constant,prepared,0.01,0.001,0.437,0.31995111932847964,0.5851094365075254,9.087175456556906e-14,7.765363955499396e-14,-9.35918009759007e-14,0.19296513551898853,0.26960577508774103,0.04693229325433072
constant,prepared,0.01,0.001,0.438,0.31960929438170327,0.5845466594457513,8.326672684688674e-14,7.122333649621031e-14,-8.693046282814976e-14,0.19328474481337024,0.26934083772267514,0.04683977374579424
constant,prepared,0.01,0.001,0.439,0.31926802322902625,0.5839842326849998,7.616129948928574e-14,6.520835257752761e-14,-7.666089985036706e-14,0.19360401283659925,0.26907612151322,0.04674742583041573
constant,prepared,0.01,0.001,0.44,0.3189273032744067,0.5834221579180376,8.126832540256146e-14,6.964795928608939e-14,-8.087974734394265e-14,0.19392294013987366,0.2688116266585765,0.046655249305678985
constant,prepared,0.01,0.001,0.441,0.3185871319440379,0.5828604368162797,8.720801858430605e-14,7.481037747273613e-14,-8.715250743307479e-14,0.1942415272718177,0.26854735335370283,0.046563243967991594
constant,prepared,0.01,0.001,0.442,0.31824750668618695,0.582299071029979,9.076073226310655e-14,7.79330903813401e-14,-8.89843754237063e-14,0.1945597747785039,0.2682833017893602,0.04647140961270202
constant,prepared,0.01,0.001,0.443,0.31790842497094035,0.5817380621884622,8.465450562766819e-14,7.275998523218256e-14,-8.443246102274315e-14,0.19487768320347484,0.2680194721521418,0.04637974603411885
constant,prepared,0.01,0.001,0.444,0.31756988429003274,0.5811774119003291,8.104628079763643e-14,6.972593836073766e-14,-7.80486786311485e-14,0.19519525308776486,0.26775586462453055,0.04628825302552518
constant,prepared,0.01,0.001,0.445,0.3172318821566359,0.5806171217536404,8.743006318923108e-14,7.52906346657149e-14,-8.54316617449058e-14,0.1955124849699215,0.26749247938493453,0.04619693037919925
constant,prepared,0.01,0.001,0.446,0.3168944161051345,0.5800571933161338,7.843725668976731e-14,6.761165760340234e-14,-8.054668043655511e-14,0.19582937938602663,0.26722931660772503,0.046105777886428584
constant,prepared,0.01,0.001,0.447,0.31655748369093867,0.5794976281354283,8.260059303211165e-14,7.1269138148053e-14,-8.176792576364278e-14,0.19614593686971757,0.266966376463279,0.04601479533752796
constant,prepared,0.01,0.001,0.448,0.3162210824902833,0.5789384277392132,8.765210779415611e-14,7.570071668625957e-14,-8.626432901337466e-14,0.19646215795220784,0.2667036591180308,0.0459239825218556
constant,prepared,0.01,0.001,0.449,0.315885210100015,0.5783795936354581,7.921441280700492e-14,6.847960550361918e-14,-7.932543510946743e-14,0.19677804316230785,0.2664411647344937,0.045833339227830325
constant,prepared,0.01,0.001,0.45,0.3155498641374399,0.5778211273125907,9.459100169806334e-14,8.185145646888365e-14,-9.459100169806334e-14,0.19709359302644527,0.26617889347131823,0.04574286524294581
constant,prepared,0.01,0.001,0.451,0.3152150422400673,0.577263030239688,8.920642002863133e-14,7.726670110121606e-14,-8.854028621385623e-14,0.19740880806868535,0.26591684548331956,0.04565256035378881
constant,prepared,0.01,0.001,0.452,0.3148807420654704,0.5767053038667017,8.765210779415611e-14,7.599384573581895e-14,-8.565370634983083e-14,0.19772368881075084,0.2656550209215174,0.04556242434605405
constant,prepared,0.01,0.001,0.453,0.31454696129106546,0.5761479496246101,8.448797217397441e-14,7.332142050407056e-14,-8.526512829121202e-14,0.1980382357720419,0.26539341993318366,0.04547245700455935
constant,prepared,0.01,0.001,0.454,0.3142136976139413,0.5755909689256118,8.087974734394265e-14,7.025800586734858e-14,-8.054668043655511e-14,0.19835244946965586,0.2651320426618729,0.04538265811326166
constant,prepared,0.01,0.001,0.455,0.3138809487506628,0.5750343631633269,8.459899447643693e-14,7.355994693172978e-14,-8.382183835919932e-14,0.1986663304184065,0.2648708892474594,0.04529302745527266
constant,prepared,0.01,0.001,0.456,0.3135487124370706,0.5744781337129825,8.343326030058051e-14,7.261656745864839e-14,-8.3322237998118e-14,0.19897987913084358,0.26460995982618507,0.045203564812872805
constant,prepared,0.01,0.001,0.457,0.3132169864281452,0.573922281931555,7.926992395823618e-14,6.905980692319966e-14,-7.926992395823618e-14,0.19929309611727172,0.2643492545306803,0.04511426996752788
constant,prepared,0.01,0.001,0.458,0.31288576849776983,0.5733668091580078,8.64863736182997e-14,7.541975942529606e-14,-8.343326030058051e-14,0.1996059818857695,0.2640887734900196,0.045025142699901974
constant,prepared,0.01,0.001,0.459,0.31255505643857984,0.5728117167134374,8.387734951043058e-14,7.321546248362274e-14,-8.487655023259322e-14,0.19991853694220807,0.26382851682974534,0.04493618278987331
constant,prepared,0.01,0.001,0.46,0.3122248480617954,0.5722570059012395,8.676392937445598e-14,7.580853399759267e-14,-8.487655023259322e-14,0.20023076179026986,0.2635684846719055,0.04484739001654856
constant,prepared,0.01,0.001,0.461,0.31189514119701506,0.5717026780073241,7.760458942129844e-14,6.787145872027819e-14,-7.954747971439247e-14,0.20054265693146686,0.26330867713509476,0.0447587641582767
constant,prepared,0.01,0.001,0.462,0.31156593369207364,0.5711487343002327,8.365530490550555e-14,7.323425570398338e-14,-8.676392937445598e-14,0.20085422286515894,0.2630490943344877,0.04467030499266306
constant,prepared,0.01,0.001,0.463,0.3112372234128431,0.5705951760313691,8.670841822322473e-14,7.598067935510485e-14,-8.770761894538737e-14,0.20116546008857178,0.2627897363818684,0.04458201229658428
constant,prepared,0.01,0.001,0.464,0.31090900824305717,0.5700420044351285,7.360778653264788e-14,6.456347598944332e-14,-7.421840919619171e-14,0.20147636909681485,0.26253060338567724,0.044493885846201016
constant,prepared,0.01,0.001,0.465,0.3105812860841935,0.569489220729091,8.448797217397441e-14,7.417872814677866e-14,-8.143485885625523e-14,0.20178695038289904,0.2622716954510322,0.044405925416971935
constant,prepared,0.01,0.001,0.466,0.31025405485523594,0.568936826114171,8.204548151979907e-14,7.210421065565611e-14,-8.47655279301307e-14,0.20209720443775428,0.26201301267977267,0.04431813078366777
constant,prepared,0.01,0.001,0.467,0.30992731249255007,0.5683848217747774,7.388534228880417e-14,6.499587907545888e-14,-7.66053886991358e-14,0.20240713175024683,0.2617545551704905,0.0442305017203833
constant,prepared,0.01,0.001,0.468,0.30960105694971873,0.5678332088790109,7.688294445529209e-14,6.769852771297535e-14,-7.599476603559197e-14,0.20271673280719654,0.2614963230185594,0.04414303800055268
constant,prepared,0.01,0.001,0.46900000000000003,0.3092752861973571,0.5672819885787967,8.504308368628699e-14,7.495662245450257e-14,-8.670841822322473e-14,0.2030260080933939,0.2612383163161787,0.04405573939695923
constant,prepared,0.01,0.001,0.47000000000000003,0.3089499982229643,0.5667311620100334,7.988054662178001e-14,7.047481414155959e-14,-8.126832540256146e-14,0.20333495809161686,0.26098053515239206,0.04396860568175269
constant,prepared,0.01,0.001,0.47100000000000003,0.30862519103077524,0.5661807302927984,9.098277686803158e-14,8.03478218174017e-14,-9.175993298526919e-14,0.20364358328264764,0.26072297961313046,0.043881636626457686
constant,prepared,0.01,0.001,0.47200000000000003,0.30830086264157325,0.5656306945314616,7.788214517745473e-14,6.884540207101278e-14,-8.115730310009894e-14,0.20395188414528923,0.2604656497812399,0.04379483200198929
constant,prepared,0.01,0.001,0.47300000000000003,0.30797701109256637,0.5650810558148633,9.026113190202523e-14,7.986565022239052e-14,-8.970602038971265e-14,0.20425986115638178,0.2602085457365184,0.043708191578663985
constant,prepared,0.01,0.001,0.47400000000000003,0.30765363443719906,0.5645318152164606,9.564571357145724e-14,8.471242097735035e-14,-9.270362255620057e-14,0.20456751479081897,0.25995166755573856,0.04362171512621246
constant,prepared,0.01,0.001,0.47500000000000003,0.3073307307450238,0.5639829737944854,8.271161533457416e-14,7.332811377095586e-14,-8.232303727595536e-14,0.204874845521564,0.2596950153126886,0.0435354024137917
constant,prepared,0.01,0.001,0.47600000000000003,0.30700829810154545,0.5634345325920875,8.432143872028064e-14,7.482807126885932e-14,-8.487655023259322e-14,0.20518185381966553,0.25943858907819783,0.04344925320999701
constant,prepared,0.01,0.001,0.47700000000000004,0.306686334608055,0.5628864926375012,8.981704269217516e-14,7.978255284765748e-14,-8.948397578478762e-14,0.2054885401542736,0.2591823889201685,0.043363267282873943
constant,prepared,0.01,0.001,0.47800000000000004,0.30636483838148254,0.5623388549441617,8.126832540256146e-14,7.225921229524967e-14,-8.099076964640517e-14,0.20579490499265507,0.2589264149036059,0.043277444399930545
constant,prepared,0.01,0.001,0.47900000000000004,0.3060438075542787,0.5617916205109056,7.682743330406083e-14,6.837716201087784e-14,-7.91033905045424e-14,0.20610094880020935,0.25867066709064945,0.04319178432814772
constant,prepared,0.01,0.001,0.48,0.30572324027422765,0.5612447903220504,8.126832540256146e-14,7.240007105983346e-14,-8.165690346118026e-14,0.20640667204048357,0.2584151455406023,0.04310628683399203
constant,prepared,0.01,0.001,0.481,0.30540313470432623,0.560698365347598,8.465450562766819e-14,7.549023758539164e-14,-8.260059303211165e-14,0.2067120751751879,0.25815985030995725,0.04302095168342597
constant,prepared,0.01,0.001,0.482,0.30508348902262156,0.560152346543346,7.682743330406083e-14,6.857726632598375e-14,-7.915890165577366e-14,0.2070171586642105,0.25790478145243656,0.04293577864192035
constant,prepared,0.01,0.001,0.483,0.30476430142210487,0.559606734851027,8.087974734394265e-14,7.226480875490878e-14,-8.143485885625523e-14,0.2073219229656326,0.25764993901900807,0.04285076747446436
constant,prepared,0.01,0.001,0.484,0.3044455701105326,0.5590615311984612,8.64863736182997e-14,7.734960178076642e-14,-8.676392937445598e-14,0.20762636853574312,0.2573953230579203,0.042765917945577075
constant,prepared,0.01,0.001,0.485,0.304127293310287,0.5585167364997015,7.505107646466058e-14,6.718784913681423e-14,-7.704947790898586e-14,0.2079304958290534,0.257140933614731,0.042681229819318385
constant,prepared,0.01,0.001,0.486,0.30380946925827595,0.5579723516551475,7.827072323607354e-14,7.013853195762193e-14,-7.882583474838611e-14,0.2082343052983117,0.2568867707323329,0.04259670285929923
constant,prepared,0.01,0.001,0.487,0.3034920962057617,0.5574283775517019,7.76601005725297e-14,6.965926359330464e-14,-7.782663402622347e-14,0.20853779739451744,0.25663283445098695,0.042512336828692515
constant,prepared,0.01,0.001,0.488,0.3031751724182292,0.5568848150628998,8.565370634983083e-14,7.690432925536827e-14,-8.443246102274315e-14,0.20884097256693568,0.256379124808343,0.04242813149024383
constant,prepared,0.01,0.001,0.489,0.30285869617526345,0.5563416650490357,7.55506768257419e-14,6.789953150379072e-14,-7.716050021144838e-14,0.20914383126311095,0.256125641839469,0.042344086606280584
constant,prepared,0.01,0.001,0.49,0.3025426657704055,0.5557989283573058,8.443246102274315e-14,7.595594082223358e-14,-8.232303727595536e-14,0.20944637392888135,0.2558723855768833,0.04226020193872462
constant,prepared,0.01,0.001,0.491,0.30222707951102507,0.5552566058219269,7.460698725481052e-14,6.718244003992298e-14,-7.482903185973555e-14,0.20974860100839238,0.25561935605057134,0.04217647724909946
constant,prepared,0.01,0.001,0.492,0.3019119357182086,0.5547146982642839,7.904787935331115e-14,7.125093277737934e-14,-8.193445921733655e-14,0.2100505129441106,0.25536655328802477,0.04209291229854262
constant,prepared,0.01,0.001,0.493,0.30159723272656924,0.5541732064930471,8.260059303211165e-14,7.452597136085271e-14,-8.010259122670504e-14,0.21035211017683716,0.25511397731425806,0.042009506847814126
constant,prepared,0.01,0.001,0.494,0.301282968884213,0.5536321313042762,8.165690346118026e-14,7.374653569040739e-14,-8.215650382226158e-14,0.21065339314572137,0.2548616281518381,0.041926260657306536
constant,prepared,0.01,0.001,0.495,0.30096914255251733,0.5530914734816083,8.038014698286133e-14,7.266442427405125e-14,-8.237854842718662e-14,0.21095436228827388,0.25460950582090924,0.0418431734870553
constant,prepared,0.01,0.001,0.496,0.30065575210607026,0.5525512337963143,7.244205235679146e-14,6.55523396980513e-14,-7.432943149865423e-14,0.21125501804037997,0.254357610339218,0.04176024509674731
constant,prepared,0.01,0.001,0.497,0.30034279593253044,0.5520114130074679,8.443246102274315e-14,7.647709724218549e-14,-8.593126210598712e-14,0.2115553608363125,0.2541059417221438,0.041677475245731316
constant,prepared,0.01,0.001,0.498,0.3000302724324702,0.5514720118620462,8.271161533457416e-14,7.499167097827146e-14,-8.248957072964913e-14,0.21185539110874496,0.2538544999827144,0.04159486369302621
constant,prepared,0.01,0.001,0.499,0.2997181800192994,0.5509330310950512,7.277511926417901e-14,6.604715560394354e-14,-7.288614156664153e-14,0.21215510928876427,0.25360328513163893,0.04151241019733004
constant,prepared,0.01,0.001,0.5,0.29940651711912825,0.5503944714296553,8.1601392309949e-14,7.412991640157878e-14,-7.91033905045424e-14,0.2124545158058834,0.25335229717732693,0.04143011451703145
constant,prepared,0.01,0.001,0.501,0.2990952821706362,0.549856333577282,8.110179194886769e-14,7.374816565376789e-14,-7.943645741192995e-14,0.21275361108805405,0.2531015361259207,0.04134797641021579
constant,prepared,0.01,0.001,0.502,0.29878447362497423,0.5493186182377445,7.627232179174825e-14,6.942448267676627e-14,-7.616129948928574e-14,0.21305239556167901,0.2528510019813086,0.04126599563467544
constant,prepared,0.01,0.001,0.503,0.29847408994561325,0.5487813260993734,7.122080702970379e-14,6.488996950381152e-14,-7.288614156664153e-14,0.21335086965162461,0.2526006947451534,0.041184171947917986
constant,prepared,0.01,0.001,0.504,0.29816412960828165,0.5482444578391016,8.359979375427429e-14,7.624317269323196e-14,-8.137934770502397e-14,0.2136490337812329,0.2523506144169229,0.041102505107176106
constant,prepared,0.01,0.001,0.505,0.2978545911007935,0.5477080141226142,9.320322291728189e-14,8.508477191681988e-14,-9.287015600989434e-14,0.2139468883723337,0.2521007609939012,0.04102099486941468
constant,prepared,0.01,0.001,0.506,0.29754547292295846,0.5471719956044135,6.98885394001536e-14,6.386341037332266e-14,-7.188694084447889e-14,0.21424443384525665,0.2518511344712208,0.04093964099134016
constant,prepared,0.01,0.001,0.507,0.29723677358649797,0.5466364029279986,8.965050923848139e-14,8.200195665553081e-14,-8.859579736508749e-14,0.21454167061884316,0.2516017348418782,0.04085844322940813
constant,prepared,0.01,0.001,0.508,0.29692849161487384,0.54610123672591,8.135159212940835e-14,7.448398452376414e-14,-7.97695243193175e-14,0.21483859911045802,0.25135256209676715,0.040777401339833
constant,prepared,0.01,0.001,0.509,0.2966206255432239,0.5455664976198891,8.198997036856781e-14,7.514205025991743e-14,-8.520961713998076e-14,0.21513521973600125,0.25110361622469085,0.04069651507859426
constant,prepared,0.01,0.001,0.51,0.29631317391824036,0.5450321862209316,6.802891583390647e-14,6.240816373211979e-14,-6.711298183859071e-14,0.21543153290991948,0.2508548972123883,0.04061578420144602
constant,prepared,0.01,0.001,0.511,0.29600613529806014,0.5444983031294793,8.368306048112117e-14,7.684418849439028e-14,-8.282263763703668e-14,0.21572753904521755,0.25060640504455656,0.0405352084639248
constant,prepared,0.01,0.001,0.512,0.2956995082521322,0.5439648489354445,7.821521208484228e-14,7.18936271690222e-14,-8.071321389024888e-14,0.2160232385534697,0.25035813970387377,0.040454787621357256
constant,prepared,0.01,0.001,0.513,0.29539329136117265,0.5434318242183468,8.446021659835878e-14,7.771003908340923e-14,-8.526512829121202e-14,0.21631863184483086,0.2501101011710156,0.04037452142886704
constant,prepared,0.01,0.001,0.514,0.29508748321697736,0.5428992295474364,7.643885524544203e-14,7.039875089632791e-14,-7.238654120556021e-14,0.21661371932804782,0.24986228942468525,0.04029440964138387
constant,prepared,0.01,0.001,0.515,0.2947820824224028,0.5423670654817743,7.446820937673237e-14,6.865111666632871e-14,-7.527312106958561e-14,0.21690850141047022,0.24961470444162484,0.04021445201365048
constant,prepared,0.01,0.001,0.516,0.29447708759118907,0.5418353325703478,8.229528170033973e-14,7.594122859240533e-14,-8.43769498715119e-14,0.21720297849806142,0.24936734619664652,0.040134648300230745
constant,prepared,0.01,0.001,0.517,0.29417249734789747,0.5413040313521467,7.588374373312945e-14,7.009345888628508e-14,-7.538414337204813e-14,0.2174971509954093,0.24912021466264214,0.04005499825551601
constant,prepared,0.01,0.001,0.518,0.2938683103278114,0.5407731623563051,8.804068585277491e-14,8.140260277446924e-14,-8.920642002863133e-14,0.21779101930573713,0.2488733098106131,0.039975501633732945
constant,prepared,0.01,0.001,0.519,0.2935645251768082,0.5402427261021682,6.897260540483785e-14,6.383483022757965e-14,-6.98885394001536e-14,0.21808458383091395,0.2486266316096868,0.039896158188951654
constant,prepared,0.01,0.001,0.52,0.2932611405512912,0.5397127230994152,8.029688025601445e-14,7.438853747497978e-14,-8.049116928532385e-14,0.21837784497146523,0.2483801800271394,0.03981696767509081
constant,prepared,0.01,0.001,0.521,0.2929581551180505,0.5391831538481267,7.172040739078511e-14,6.650839040399808e-14,-7.09432512735475e-14,0.21867080312658327,0.24813395502841018,0.03973792984592738
constant,prepared,0.01,0.001,0.522,0.29265556755422834,0.5386540188389208,7.657763312352017e-14,7.108239282107214e-14,-7.80486786311485e-14,0.2189634586941375,0.2478879565771243,0.039659044455101065
constant,prepared,0.01,0.001,0.523,0.2923533765471577,0.5381253185530056,7.74658115432203e-14,7.197748263500847e-14,-7.80486786311485e-14,0.21925581207068465,0.24764218463511914,0.03958031125612279
constant,prepared,0.01,0.001,0.524,0.2920515807942924,0.5375970534623079,7.349676423018536e-14,6.835674019866383e-14,-7.460698725481052e-14,0.21954786365147894,0.24739663916245028,0.03950173000238155
constant,prepared,0.01,0.001,0.525,0.29175017900312805,0.5370692240295614,8.41826608422025e-14,7.837226289991467e-14,-8.459899447643693e-14,0.21983961383048206,0.2471513201174238,0.039423300447149964
constant,prepared,0.01,0.001,0.526,0.2914491698910677,0.5365418307083863,6.84452494681409e-14,6.378370292002165e-14,-7.083222897108499e-14,0.22013106300037313,0.2469062274566072,0.039345022343591926
constant,prepared,0.01,0.001,0.527,0.2911485521853859,0.5360148739433908,7.063793994177558e-14,6.5891772202231e-14,-7.249756350802272e-14,0.22042221155255853,0.2466613611348493,0.03926689544476905
constant,prepared,0.01,0.001,0.528,0.290848324623091,0.5354883541702636,9.367506770274758e-14,8.746695140353557e-14,-9.29256671611256e-14,0.22071305987718162,0.2464167211053013,0.039188919503646356
constant,prepared,0.01,0.001,0.529,0.29054848595082877,0.5349622718158523,7.624456621613263e-14,7.12616293082931e-14,-7.444045380111675e-14,0.22100360836313246,0.24617230731943654,0.03911109427310022
constant,prepared,0.01,0.001,0.53,0.29024903492484927,0.5344366272982889,7.743805596760467e-14,7.244830538568046e-14,-8.010259122670504e-14,0.22129385739805732,0.2459281197270624,0.03903341950592353
constant,prepared,0.01,0.001,0.531,0.28994997031083725,0.5339114210270224,8.22675261247241e-14,7.704229848321042e-14,-8.232303727595536e-14,0.22158380736836816,0.2456841582763465,0.038955894954832336
constant,prepared,0.01,0.001,0.532,0.2896512908838812,0.5333866534029514,7.899236820207989e-14,7.404794223675352e-14,-7.91033905045424e-14,0.22187345865925204,0.2454404229138281,0.03887852037247117
constant,prepared,0.01,0.001,0.533,0.2893529954283887,0.5328623248185013,7.943645741192995e-14,7.453750594863407e-14,-7.721601136267964e-14,0.22216281165468044,0.24519691358443682,0.03880129551142156
constant,prepared,0.01,0.001,0.534,0.2890550827379553,0.5323384356577011,8.523737271559639e-14,8.005938234600633e-14,-8.221201497349284e-14,0.2224518667374184,0.24495363023151742,0.03872422012420454
constant,prepared,0.01,0.001,0.535,0.2887575516152921,0.5318149862962762,8.051892486093948e-14,7.57020081567201e-14,-8.215650382226158e-14,0.22274062428903368,0.24471057279683658,0.038647293963290114
constant,prepared,0.01,0.001,0.536,0.2884604008721776,0.5312919771017142,7.319145289841344e-14,6.888063066346298e-14,-7.488454301096681e-14,0.22302908468990587,0.24446774122060602,0.03857051678110012
constant,prepared,0.01,0.001,0.537,0.2881636293293487,0.5307694084333883,7.308043059595093e-14,6.884386085065556e-14,-7.51620987671231e-14,0.22331724831923522,0.24422513544150215,0.03849388833001706
constant,prepared,0.01,0.001,0.538,0.28786723581638796,0.5302472806426106,7.57449658550513e-14,7.142419076930486e-14,-7.627232179174825e-14,0.2236051155550516,0.24398275539667527,0.03841740836238712
constant,prepared,0.01,0.001,0.539,0.28757121917167694,0.5297255940727064,7.419065362057609e-14,7.002743915974353e-14,-7.338574192772285e-14,0.22389268677422328,0.24374060102177483,0.03834107663052692
constant,prepared,0.01,0.001,0.54,0.2872755782423306,0.5292043490591293,7.346900865456973e-14,6.941459266650487e-14,-7.682743330406083e-14,0.2241799623524656,0.24349867225095803,0.038264892886730226
constant,prepared,0.01,0.001,0.541,0.286980311884043,0.5286835459295155,7.155387393709134e-14,6.767174284881765e-14,-7.349676423018536e-14,0.22446694266434963,0.24325696901691315,0.03818885688327069
constant,prepared,0.01,0.001,0.542,0.28668541896109156,0.5281631850037589,8.157363673433338e-14,7.722389504840868e-14,-8.099076964640517e-14,0.22475362808331073,0.24301549125087077,0.03811296837241066
constant,prepared,0.01,0.001,0.543,0.2863908983462053,0.5276432665941131,8.243405957841787e-14,7.811533359509676e-14,-8.354428260304303e-14,0.22504001898165693,0.242774238882623,0.03803722710640436
constant,prepared,0.01,0.001,0.544,0.28609674892048786,0.5271237910052619,7.865930129469234e-14,7.461179198976931e-14,-7.482903185973555e-14,0.22532611573057743,0.24253321184053733,0.03796163283750317
constant,prepared,0.01,0.001,0.545,0.28580296957337303,0.5266047585343869,7.57449658550513e-14,7.191823148907205e-14,-7.671641100159832e-14,0.2256119187001508,0.24229241005157695,0.037886185317962666
constant,prepared,0.01,0.001,0.546,0.28550955920252136,0.5260861694712418,8.040790255847696e-14,7.642084816569795e-14,-7.849276784099857e-14,0.22589742825935333,0.24205183344130726,0.03781088430004625
constant,prepared,0.01,0.001,0.547,0.2852165167137274,0.5255680240982494,6.913913885853162e-14,6.577563292321056e-14,-7.049916206369744e-14,0.22618264477606706,0.24181148193392327,0.03773572953602992
constant,prepared,0.01,0.001,0.548,0.28492384102088775,0.5250503226905573,7.316369732279782e-14,6.967303338456603e-14,-7.011058400507864e-14,0.22646756861708794,0.24157135545225358,0.037660720778209256
constant,prepared,0.01,0.001,0.549,0.2846315310458877,0.5245330655161313,7.774336729937659e-14,7.410721307232817e-14,-7.76601005725297e-14,0.22675220014813383,0.24133145391778157,0.03758585777890258
constant,prepared,0.01,0.001,0.55,0.2843395857185377,0.5240162528358016,7.491229858658244e-14,7.147898388759572e-14,-7.388534228880417e-14,0.22703653973385235,0.24109177725066558,0.03751114029045683
constant,prepared,0.01,0.001,0.551,0.2840480039765152,0.5234998849033515,6.933342788784103e-14,6.622105361172787e-14,-6.855627177060342e-14,0.22732058773782887,0.2408523253697392,0.03743656806525216
constant,prepared,0.01,0.001,0.552,0.28375678476527044,0.5229839619656098,7.877032359715486e-14,7.530854607959151e-14,-7.80486786311485e-14,0.22760434452259415,0.24061309819253776,0.03736214085570692
constant,prepared,0.01,0.001,0.553,0.2834659270379602,0.5224684842624698,6.783462680459706e-14,6.491743411121705e-14,-6.45039577307216e-14,0.2278878104496321,0.24037409563531364,0.03728785841428169
constant,prepared,0.01,0.001,0.554,0.2831754297553789,0.5219534520270399,7.241429678117584e-14,6.936853899513953e-14,-7.271960811294775e-14,0.22817098587938747,0.24013531761304138,0.03721372049348536
constant,prepared,0.01,0.001,0.555,0.28288529188588835,0.521438865485615,6.875056079991282e-14,6.592389381627797e-14,-6.98885394001536e-14,0.22845387117127336,0.23989676403944185,0.037139726845878775
constant,prepared,0.01,0.001,0.556,0.2825955124053523,0.5209247248578381,7.788214517745473e-14,7.475374220210335e-14,-7.610578833805448e-14,0.22873646668367872,0.23965843482698865,0.037065877224078884
constant,prepared,0.01,0.001,0.557,0.2823060902970415,0.5204110303567044,7.763234499691407e-14,7.458752838472396e-14,-7.654987754790454e-14,0.22901877277397575,0.23942032988693,0.03699217138076472
constant,prepared,0.01,0.001,0.558,0.2820170245515993,0.5198977821886586,6.941669461468791e-14,6.675994492845674e-14,-7.044365091246618e-14,0.22930078979852736,0.2391824491292927,0.0369186090686805
constant,prepared,0.01,0.001,0.559,0.28172831416695543,0.5193849805536769,7.768785614814533e-14,7.478831604383553e-14,-7.627232179174825e-14,0.2295825181126943,0.238944792462906,0.0368451900406404
constant,prepared,0.01,0.001,0.56,0.28143995814824785,0.5188726256452972,6.497580251618729e-14,6.261247877104318e-14,-6.733502644351574e-14,0.22986395807084256,0.2387073597954076,0.036771914049533734
constant,prepared,0.01,0.001,0.561,0.2811519555077738,0.518360717650706,7.091549569793187e-14,6.840361671243863e-14,-7.027711745877241e-14,0.23014511002635032,0.2384701510332662,0.03669878084832738
constant,prepared,0.01,0.001,0.562,0.28086430526492867,0.5178492567508054,6.780687122898144e-14,6.546970025063335e-14,-6.755707104844078e-14,0.23042597433161524,0.23823316608177936,0.03662579019007236
constant,prepared,0.01,0.001,0.5630000000000001,0.28057700644611794,0.5173382431202677,7.654987754790454e-14,7.398435990948288e-14,-7.421840919619171e-14,0.23070655133806137,0.23799640484510542,0.036552941827906256
constant,prepared,0.01,0.001,0.5640000000000001,0.2802900580847036,0.5168276769276263,8.579248422790897e-14,8.299911949173318e-14,-8.626432901337466e-14,0.23098684139614606,0.23775986722626208,0.03648023551505785
constant,prepared,0.01,0.001,0.5650000000000001,0.28000345922092307,0.5163175583352879,7.571721027943568e-14,7.332426435734406e-14,-7.666089985036706e-14,0.23126684485536697,0.23752355312714896,0.03640767100485126
constant,prepared,0.01,0.001,0.5660000000000001,0.27971720890187135,0.5158078874996507,6.894484982922222e-14,6.683190728569878e-14,-6.977751709769109e-14,0.23154656206426885,0.23728746244854987,0.036335248050710194
constant,prepared,0.01,0.001,0.5670000000000001,0.27943130618139755,0.5152986645711366,7.249756350802272e-14,7.034518861828856e-14,-7.288614156664153e-14,0.23182599337045026,0.2370515950901613,0.03626296640616164
constant,prepared,0.01,0.001,0.5680000000000001,0.2791457501200304,0.5147898896942703,7.027711745877241e-14,6.82580591282636e-14,-7.405187574249794e-14,0.2321051391205703,0.23681595095058597,0.036190825824839325
constant,prepared,0.01,0.001,0.5690000000000001,0.2788605397849634,0.5142815630077012,7.43016759230386e-14,7.223832358337974e-14,-7.605027718682322e-14,0.23238399966035525,0.23658052992736295,0.03611882606048859
constant,prepared,0.01,0.001,0.5700000000000001,0.2785756742499582,0.5137736846443353,8.210099267103033e-14,7.989995899445391e-14,-8.137934770502397e-14,0.23266257533460522,0.23634533191696866,0.03604696686696945
constant,prepared,0.01,0.001,0.5710000000000001,0.2782911525952946,0.5132662547313147,8.013034680232067e-14,7.805923929702056e-14,-7.793765632868599e-14,0.2329408664872005,0.23611035681483267,0.035975247998260726
constant,prepared,0.01,0.001,0.5720000000000001,0.2780069739076954,0.512759273390137,6.761258219967203e-14,6.593014081699892e-14,-6.661338147750939e-14,0.2332188734611082,0.23587560451535033,0.035903669208463204
constant,prepared,0.01,0.001,0.5730000000000001,0.2777231372803093,0.5122527407367,7.091549569793187e-14,6.92192447774309e-14,-7.099876242477876e-14,0.2334965965983885,0.2356410749118932,0.035832230251803834
constant,prepared,0.01,0.001,0.5740000000000001,0.27743964181258873,0.511746656881331,7.313594174718219e-14,7.145717589332144e-14,-7.405187574249794e-14,0.2337740362402011,0.23540676789682424,0.03576093088263951
constant,prepared,0.01,0.001,0.5750000000000001,0.27715648661028863,0.5112410219288759,6.93056723122254e-14,6.778179893578898e-14,-7.066569551739121e-14,0.23405119272681138,0.23517268336150626,0.035689770855459976
constant,prepared,0.01,0.001,0.5760000000000001,0.2768736707853747,0.5107358359787574,6.755707104844078e-14,6.613699909951701e-14,-6.98885394001536e-14,0.23432806639759676,0.23493882119631262,0.03561874992489215
constant,prepared,0.01,0.001,0.577,0.27659119345597766,0.5102310991250141,7.224776332748206e-14,7.079905894738021e-14,-7.460698725481052e-14,0.23460465759105273,0.23470518129064424,0.035547867845702595
constant,prepared,0.01,0.001,0.578,0.2763090537463269,0.5097268114563562,6.905587213168474e-14,6.773812028288093e-14,-7.116529587847253e-14,0.23488096664479904,0.2344717635329331,0.03547712437280163
constant,prepared,0.01,0.001,0.579,0.2760272507867218,0.5092229730562436,7.438494264988549e-14,7.303769329517685e-14,-7.532863222081687e-14,0.23515699389558575,0.23423856781066446,0.0354065192612466
constant,prepared,0.01,0.001,0.58,0.27574578371343134,0.5087195840029257,7.704947790898586e-14,7.572883011767137e-14,-7.421840919619171e-14,0.23543273967929917,0.23400559401037477,0.03533605226624532
constant,prepared,0.01,0.001,0.581,0.2754646516686777,0.5082166443694881,7.502332088904495e-14,7.381037370599703e-14,-7.588374373312945e-14,0.23570820433096784,0.23377284201767343,0.0352657231431594
constant,prepared,0.01,0.001,0.582,0.2751838538005664,0.5077141542239206,7.654987754790454e-14,7.538678694600412e-14,-7.843725668976731e-14,0.2359833881847684,0.23354031171725032,0.03519553164750653
constant,prepared,0.01,0.001,0.583,0.2749033892630211,0.5072121136291586,6.664113705312502e-14,6.569355823966422e-14,-6.811218256075335e-14,0.23625829157403144,0.23330800299288337,0.03512547753496488
constant,prepared,0.01,0.001,0.584,0.2746232572157589,0.5067105226431593,7.321920847402907e-14,7.224954407112929e-14,-7.444045380111675e-14,0.2365329148312472,0.2330759157274563,0.035055560561376264
constant,prepared,0.01,0.001,0.585,0.27434345682419414,0.5062093813189216,7.51620987671231e-14,7.424012823634728e-14,-7.482903185973555e-14,0.2368072582880714,0.23284404980296072,0.03498578048274836
constant,prepared,0.01,0.001,0.586,0.27406398725944825,0.50570868970457,8.26561041833429e-14,8.172304121531216e-14,-8.287814878826794e-14,0.23708132227533085,0.23261240510051587,0.034916137055258256
constant,prepared,0.01,0.001,0.587,0.27378484769821737,0.5052084478433697,6.833422716567839e-14,6.762973526806454e-14,-6.766809335090329e-14,0.23735510712302907,0.23238098150037068,0.03484663003525516
constant,prepared,0.01,0.001,0.588,0.27350603732279977,0.5047086557738173,7.968625759247061e-14,7.894282838312894e-14,-8.032463583163008e-14,0.23762861316035186,0.2321497788819197,0.03477725917926466
constant,prepared,0.01,0.001,0.589,0.2732275553209779,0.5042093135296596,7.194245199571014e-14,7.134185155375265e-14,-6.94999613415348e-14,0.23790184071567283,0.23191879712371083,0.03470802424398954
constant,prepared,0.01,0.001,0.59,0.2729494008860275,0.5037104211399716,6.672440377997191e-14,6.623289987624262e-14,-6.600275881396556e-14,0.23817479011655887,0.23168803610345787,0.0346389249863146
constant,prepared,0.01,0.001,0.591,0.27267157321661323,0.503211978629186,7.649436639667329e-14,7.600610641766512e-14,-7.688294445529209e-14,0.2384474616897755,0.2314574956980455,0.03456996116330864
constant,prepared,0.01,0.001,0.592,0.27239407151677913,0.5027139860171199,7.252531908363835e-14,7.213377894877515e-14,-7.244205235679146e-14,0.23871985576129226,0.2312271757835452,0.03450113253222724
constant,prepared,0.01,0.001,0.593,0.2721168949958737,0.5022164433190972,7.235878562994458e-14,7.20394429458816e-14,-7.355227538141662e-14,0.23899197265628813,0.23099707623522187,0.03443243885051596
constant,prepared,0.01,0.001,0.594,0.2718400428685191,0.5017193505459103,6.705747068735946e-14,6.682767030451501e-14,-6.822320486321587e-14,0.23926381269915664,0.23076719692754338,0.034363879875812325
constant,prepared,0.01,0.001,0.595,0.2715635143545535,0.5012227077039284,7.940870183631432e-14,7.921498828342654e-14,-8.054668043655511e-14,0.2395353762135112,0.23053753773419483,0.03429545536594952
constant,prepared,0.01,0.001,0.596,0.2712873086789752,0.5007265147951119,7.671641100159832e-14,7.66051015223184e-14,-7.416289804496046e-14,0.23980666352219018,0.23030809852807818,0.03422716507895886
constant,prepared,0.01,0.001,0.597,0.2710114250719149,0.5002307718170823,7.338574192772285e-14,7.335188683129651e-14,-7.299716386910404e-14,0.2400776749472621,0.2300788791813329,0.03415900877307113
constant,prepared,0.01,0.001,0.598,0.27073586276857775,0.49973547876315033,7.582823258189819e-14,7.586837017212383e-14,-7.577272143066693e-14,0.24034841081003067,0.22984987956533762,0.03409098620672109
constant,prepared,0.01,0.001,0.599,0.27046062100918505,0.4992406356223599,6.550315845288424e-14,6.560279129845154e-14,-6.605826996519681e-14,0.24061887143103985,0.22962109955072424,0.03402309713854917
constant,prepared,0.01,0.001,0.6,0.2701856990389576,0.49874624237956516,7.233103005432895e-14,7.251285714878329e-14,-7.166489623955385e-14,0.2408890571300788,0.22939253900738535,0.033955341327403264
constant,prepared,0.01,0.001,0.601,0.26991109610805525,0.49825229901542545,7.682743330406083e-14,7.709691802312829e-14,-7.599476603559197e-14,0.24115896822618685,0.22916419780447683,0.033887718532342806
constant,prepared,0.01,0.001,0.602,0.26963681147150487,0.4977588055064871,6.852851619498779e-14,6.883707072268957e-14,-6.872280522429719e-14,0.24142860503765837,0.22893607581044176,0.033820228512639286
constant,prepared,0.01,0.001,0.603,0.2693628443891967,0.49726576182522236,7.455147610357926e-14,7.496140075070847e-14,-7.382983113757291e-14,0.24169796788204756,0.2287081728930058,0.03375287102778078
constant,prepared,0.01,0.001,0.604,0.26908919412582605,0.49677316794005966,7.099876242477876e-14,7.145994088124779e-14,-7.072120666862247e-14,0.2419670570761734,0.22848048891919073,0.03368564583747243
constant,prepared,0.01,0.001,0.605,0.26881585995083573,0.4962810238154348,6.93056723122254e-14,6.982502754124555e-14,-6.994405055138486e-14,0.24223587293612422,0.2282530237553271,0.033618552701640395
constant,prepared,0.01,0.001,0.606,0.2685428411384039,0.49578932941183534,6.925016116099414e-14,6.983829325566783e-14,-7.083222897108499e-14,0.24250441577726262,0.22802577726705267,0.033551591380432684
constant,prepared,0.01,0.001,0.607,0.26827013696735813,0.49529808468584163,7.538414337204813e-14,7.609977274579727e-14,-7.704947790898586e-14,0.24277268591422999,0.22779874931933425,0.03348476163422257
constant,prepared,0.01,0.001,0.608,0.2679977467211559,0.49480728959016124,6.902811655606911e-14,6.975252589067441e-14,-6.794564910705958e-14,0.24304068366095113,0.22757193977646445,0.033418063223610135
constant,prepared,0.01,0.001,0.609,0.2677256696878708,0.49431694407369137,7.568945470382005e-14,7.655964013700761e-14,-7.710498906021712e-14,0.243308409330639,0.22734534850207927,0.03335149590942484
constant,prepared,0.01,0.001,0.61,0.267453905160079,0.49382704808152067,6.439293542825908e-14,6.51978619624182e-14,-6.34492458573277e-14,0.24357586323579908,0.2271189753591582,0.033285059452728145
constant,prepared,0.01,0.001,0.611,0.2671824524348958,0.4933376015550238,7.127631818093505e-14,7.223888667340937e-14,-7.271960811294775e-14,0.24384304568823398,0.22689282021003754,0.03321875361481401
constant,prepared,0.01,0.001,0.612,0.26691131081388647,0.49284860443185546,7.085998454670062e-14,7.188818625993806e-14,-7.149836278586008e-14,0.24410995699904786,0.22666688291642018,0.033152578157213106
constant,prepared,0.01,0.001,0.613,0.2666404796030339,0.4923600566460115,7.943645741192995e-14,8.066907168815624e-14,-7.849276784099857e-14,0.2443765974786509,0.22644116333937625,0.0330865328416938
constant,prepared,0.01,0.001,0.614,0.2663699581127045,0.49187195812786283,7.471800955727304e-14,7.595270305879513e-14,-7.671641100159832e-14,0.24464296743676361,0.22621566133936105,0.03302061743026351
constant,prepared,0.01,0.001,0.615,0.2660997456576055,0.491384308804195,6.919465000976288e-14,7.040787502774172e-14,-6.683542608243442e-14,0.24490906718242123,0.22599037677621453,0.032954831685172735
constant,prepared,0.01,0.001,0.616,0.26582984155676,0.49089710859825647,6.966649479522857e-14,7.095834704970502e-14,-6.783462680459706e-14,0.245174897023978,0.22576530950917373,0.03288917536891508
constant,prepared,0.01,0.001,0.617,0.2655602451334384,0.4904103574297886,6.941669461468791e-14,7.077409108821819e-14,-6.977751709769109e-14,0.24544045726911143,0.2255404593968764,0.03282364824422999
constant,prepared,0.01,0.001,0.618,0.26529095571514105,0.4899240552150469,7.241429678117584e-14,7.390359384311617e-14,-7.09432512735475e-14,0.24570574822482658,0.22531582629737712,0.032758250074105134
constant,prepared,0.01,0.001,0.619,0.2650219726335538,0.48943820186687426,7.288614156664153e-14,7.445898306326006e-14,-7.133182933216631e-14,0.24597077019746014,0.225091410068144,0.03269298062177759
constant,prepared,0.01,0.001,0.62,0.26475329522450897,0.48895279729471547,6.894484982922222e-14,7.05025620169026e-14,-6.800116025829084e-14,0.24623552349268465,0.22486721056607312,0.03262783965073594
constant,prepared,0.01,0.001,0.621,0.2644849228279607,0.4884678414046506,6.813993813636898e-14,6.974864296124314e-14,-6.622480341889059e-14,0.24650000841551262,0.22464322764749675,0.032562826924722045
constant,prepared,0.01,0.001,0.622,0.2642168547879168,0.487983334099446,6.908362770730037e-14,7.078482284111873e-14,-7.061018436615996e-14,0.24676422527030054,0.22441946116818398,0.032497942207733645
constant,prepared,0.01,0.001,0.623,0.2639490904524357,0.48749927527858333,7.091549569793187e-14,7.273394986833753e-14,-6.966649479522857e-14,0.24702817436075297,0.22419591098335823,0.03243318526402431
constant,prepared,0.01,0.001,0.624,0.26368162917357063,0.48701566483829706,6.453171330633722e-14,6.625219470893129e-14,-6.694644838489694e-14,0.24729185598992653,0.2239725769476928,0.03236855585810778
constant,prepared,0.01,0.001,0.625,0.26341447030734655,0.4865325026715983,7.380207556195728e-14,7.58449591308876e-14,-7.405187574249794e-14,0.24755527046023387,0.22374945891532919,0.03230405375475667
constant,prepared,0.01,0.001,0.626,0.2631476132136925,0.4860497886683372,6.947220576591917e-14,7.146614131471162e-14,-7.310818617156656e-14,0.24781841807344757,0.22352655673987493,0.032239678719007535
constant,prepared,0.01,0.001,0.627,0.2628810572564571,0.48556752271519904,6.658562590189376e-14,6.85647441261674e-14,-6.544764730165298e-14,0.24808129913070404,0.22330387027441492,0.03217543051615947
constant,prepared,0.01,0.001,0.628,0.2626148018033326,0.48508570469578655,6.702971511174383e-14,6.909059003684284e-14,-6.716849298982197e-14,0.24834391393250738,0.22308139937152321,0.0321113089117776
constant,prepared,0.01,0.001,0.629,0.26234884622583277,0.48460433449061074,7.080447339546936e-14,7.305390021933041e-14,-7.116529587847253e-14,0.2486062627787332,0.22285914388325875,0.03204731367169406
constant,prepared,0.01,0.001,0.63,0.2620831898992557,0.4841234119771401,6.71962485654376e-14,6.939991632609362e-14,-6.433742427702782e-14,0.24886834596863247,0.22263710366118003,0.031983444562009904
constant,prepared,0.01,0.001,0.631,0.26181783220267285,0.48364293702985695,8.260059303211165e-14,8.539418929527898e-14,-8.271161533457416e-14,0.24913016380083514,0.22241527855635362,0.03191970134909625
constant,prepared,0.01,0.001,0.632,0.26155277251883924,0.48316290952023117,6.747380432159389e-14,6.982510763149121e-14,-6.694644838489694e-14,0.249391716573354,0.22219366841935292,0.03185608379959643
constant,prepared,0.01,0.001,0.633,0.2612880102342316,0.48268332931683106,6.850076061937216e-14,7.095828305933031e-14,-6.750155989720952e-14,0.24965300458358822,0.22197227310026926,0.03179259168042705
constant,prepared,0.01,0.001,0.634,0.2610235447389569,0.4822041962852986,7.049916206369744e-14,7.31009420975477e-14,-6.955547249276606e-14,0.24991402812832716,0.22175109244872296,0.031729224758779186
constant,prepared,0.01,0.001,0.635,0.2607593754267442,0.4817255102883932,6.569744748219364e-14,6.818971185775304e-14,-6.750155989720952e-14,0.2501747875037539,0.22153012631386054,0.031665982802120816
constant,prepared,0.01,0.001,0.636,0.2604955016949183,0.48124727118604727,7.241429678117584e-14,7.523605962762484e-14,-7.255307465925398e-14,0.2504352830054488,0.22130937454436891,0.0316028655781973
constant,prepared,0.01,0.001,0.637,0.2602319229443592,0.4807694788353561,7.14150960590132e-14,7.427166157885893e-14,-6.966649479522857e-14,0.25069551492839315,0.22108883698847953,0.03153987285503359
constant,prepared,0.01,0.001,0.638,0.2599686385794614,0.48029213309065677,7.671641100159832e-14,7.98643218533747e-14,-7.893685705084863e-14,0.2509554835669726,0.2208685134939678,0.03147700440093525
constant,prepared,0.01,0.001,0.639,0.2597056480081057,0.4798152338035113,6.93056723122254e-14,7.222120873782187e-14,-6.872280522429719e-14,0.2512151892149807,0.2206484039081724,0.031414259984489226
constant,prepared,0.01,0.001,0.64,0.2594429506416431,0.47933878082279247,6.88338275267597e-14,7.180081216107784e-14,-6.661338147750939e-14,0.2514746321656223,0.22042850807799086,0.031351639374566684
constant,prepared,0.01,0.001,0.641,0.25918054589486134,0.4788627739946566,7.246980793240709e-14,7.566865902715824e-14,-7.210898544940392e-14,0.2517338127115172,0.2202088258498914,0.03128914234032286
constant,prepared,0.01,0.001,0.642,0.25891843318592184,0.47838721316261046,6.716849298982197e-14,7.020306055607903e-14,-6.639133687258436e-14,0.2519927311447031,0.21998935706991418,0.031226768651199558
constant,prepared,0.01,0.001,0.643,0.25865661193637174,0.4779120981675259,5.306866057708248e-14,5.552136133460782e-14,-5.467848396278896e-14,0.25225138775663947,0.21977010158368357,0.03116451807692515
constant,prepared,0.01,0.001,0.644,0.25839508157109703,0.47743742884768553,7.19979631469414e-14,7.540041772668091e-14,-7.283063041541027e-14,0.2525097828382106,0.21955105923640647,0.03110239038751726
constant,prepared,0.01,0.001,0.645,0.2581338415182751,0.476963205038782,6.966649479522857e-14,7.303130939582529e-14,-6.944445019030354e-14,0.25276791667972887,0.21933222987288584,0.03104038535328268
constant,prepared,0.01,0.001,0.646,0.2578728912093759,0.476489426573978,7.041589533685055e-14,7.389030208198422e-14,-6.955547249276606e-14,0.25302578957093824,0.21911361333751986,0.030978502744819603
constant,prepared,0.01,0.001,0.647,0.2576122300791078,0.4760160932839235,6.913913885853162e-14,7.26226905287507e-14,-6.772360450213455e-14,0.2532834018010173,0.21889520947431654,0.030916742333018398
constant,prepared,0.01,0.001,0.648,0.257351857565409,0.47554320499677766,7.521760991835436e-14,7.908598958832573e-14,-7.321920847402907e-14,0.25354075365858275,0.21867701812688412,0.030855103889062648
constant,prepared,0.01,0.001,0.649,0.2570917731093901,0.47507076153823713,6.530886942357483e-14,6.873593863375847e-14,-6.472600233564663e-14,0.25379784543169215,0.21845903913845569,0.030793587184430753
constant,prepared,0.01,0.001,0.65,0.2568319761553497,0.47459876273158236,7.119305145408816e-14,7.500341029581161e-14,-6.822320486321587e-14,0.2540546774078475,0.2182412723518798,0.030732191990896197
constant,prepared,0.01,0.001,0.651,0.25657246615070234,0.47412720839767963,7.771561172376096e-14,8.195649853801443e-14,-7.849276784099857e-14,0.25431124987399817,0.21802371760963254,0.030670918080530036
constant,prepared,0.01,0.001,0.652,0.2563132425459649,0.47365609835502165,7.482903185973555e-14,7.899088824107432e-14,-7.299716386910404e-14,0.25456756311654416,0.21780637475382325,0.03060976522570079
constant,prepared,0.01,0.001,0.653,0.25605430479474384,0.473185432419761,7.28583859910259e-14,7.698713971226811e-14,-7.294165271787278e-14,0.2548236174213389,0.2175892436261978,0.03054873319907584
constant,prepared,0.01,0.001,0.654,0.25579565235369267,0.4727152104057162,6.791789353144395e-14,7.183806659526286e-14,-6.938893903907228e-14,0.2550794130736926,0.21737232406814538,0.03048782177362286
constant,prepared,0.01,0.001,0.655,0.25553728468248826,0.4722454321244182,6.483702463810914e-14,6.864759320850633e-14,-6.428191312579656e-14,0.25533495035837506,0.21715561592070473,0.030427030722610337
constant,prepared,0.01,0.001,0.656,0.25527920124380526,0.47177609738513065,6.791789353144395e-14,7.198106676862312e-14,-6.783462680459706e-14,0.25559022955961885,0.21693911902456242,0.030366359819608942
constant,prepared,0.01,0.001,0.657,0.25502140150327834,0.4713072059948695,5.939693181744587e-14,6.301296804073127e-14,-6.06736882957648e-14,0.25584525096112215,0.2167228332200718,0.03030580883849243
constant,prepared,0.01,0.001,0.658,0.2547638849295117,0.47083875775843154,6.50868248186498e-14,6.911795571854637e-14,-6.52811138479592e-14,0.25610001484605166,0.21650675834724195,0.03024537755343841
constant,prepared,0.01,0.001,0.659,0.25450665099399883,0.47037075247843835,6.702971511174383e-14,7.12520014887742e-14,-6.80566714095221e-14,0.2563545214970457,0.2162908942457578,0.030185065738929744
constant,prepared,0.01,0.001,0.66,0.25424969917112533,0.46990318995532276,6.65301147506625e-14,7.079129932804172e-14,-6.900036098045348e-14,0.25660877119621683,0.21607524075497409,0.030124873169755307
constant,prepared,0.01,0.001,0.661,0.25399302893816855,0.4694360699873792,6.808442698513772e-14,7.251725137670316e-14,-6.777911565336581e-14,0.256862764225155,0.21585979771392422,0.030064799621009993
constant,prepared,0.01,0.001,0.662,0.25373663977523464,0.4689693923708007,7.904787935331115e-14,8.427829261275498e-14,-7.716050021144838e-14,0.25711650086493026,0.2156445649613289,0.0300048448680977
constant,prepared,0.01,0.001,0.663,0.25348053116522573,0.46850315689967004,7.066569551739121e-14,7.541645608646235e-14,-6.933342788784103e-14,0.2573699813960955,0.2154295423355939,0.02994500868673012
constant,prepared,0.01,0.001,0.664,0.25322470259385294,0.468037363366017,6.50868248186498e-14,6.953165485609505e-14,-6.455946888195285e-14,0.2576232060986894,0.21521472967482208,0.029885290852928608
constant,prepared,0.01,0.001,0.665,0.2529691535495985,0.46757201155981204,7.116529587847253e-14,7.610089367952215e-14,-6.966649479522857e-14,0.257876175252239,0.21500012681681155,0.029825691143025142
constant,prepared,0.01,0.001,0.666,0.25271388352367347,0.4671071012690123,7.202571872255703e-14,7.709764904759075e-14,-7.133182933216631e-14,0.25812888913576265,0.21478573359906558,0.029766209333662776
constant,prepared,0.01,0.001,0.667,0.25245889201001653,0.4666426322795824,7.210898544940392e-14,7.72636065174123e-14,-7.216449660063518e-14,0.2583813480277727,0.21457154985879592,0.029706845201796443
constant,prepared,0.01,0.001,0.668,0.25220417850524207,0.4661786043755017,6.727951529228449e-14,7.21606640253343e-14,-6.833422716567839e-14,0.25863355220627793,0.21435757543292697,0.029647598524694115
constant,prepared,0.01,0.001,0.669,0.25194974250864216,0.46571501733880744,5.750955267558311e-14,6.174328777736341e-14,-5.77871084317394e-14,0.25888550194878657,0.21414381015809525,0.029588469079937178
constant,prepared,0.01,0.001,0.67,0.2516955835221768,0.4652518709496016,6.500355809180292e-14,6.985845963297575e-14,-6.59472476627343e-14,0.25913719753230874,0.21393025387066816,0.02952945664542137
constant,prepared,0.01,0.001,0.671,0.2514417010503981,0.4647891649860914,6.27831120425526e-14,6.753934554867165e-14,-6.283862319378386e-14,0.25938863923335914,0.2137169064067319,0.02947056099935801
constant,prepared,0.01,0.001,0.672,0.2511880946004711,0.4643268992245854,6.75848266240564e-14,7.277720366504342e-14,-6.317169010117141e-14,0.2596398273279596,0.213503767602109,0.02941178192027343
constant,prepared,0.01,0.001,0.673,0.2509347636821301,0.46386507343955186,6.714073741420634e-14,7.237097731497009e-14,-6.722400414105323e-14,0.25989076209164175,0.21329083729235065,0.029353119187011147
constant,prepared,0.01,0.001,0.674,0.2506817078076727,0.463403687403594,5.848099782213012e-14,6.30994092319267e-14,-5.789813073420191e-14,0.2601414437994494,0.2130781153127551,0.029294572578732015
constant,prepared,0.01,0.001,0.675,0.25042892649192877,0.4629427408875228,6.492029136495603e-14,7.01169773614882e-14,-6.578071420904053e-14,0.26039187272594133,0.2128656014983583,0.029236141874914284
constant,prepared,0.01,0.001,0.676,0.2501764192522316,0.4624822336603334,7.366329768387914e-14,7.963905672750094e-14,-7.444045380111675e-14,0.26064204914519357,0.2126532956839514,0.029177826855355554
constant,prepared,0.01,0.001,0.677,0.2499241856083929,0.4620221654892528,6.464273560879974e-14,6.995631426074826e-14,-6.439293542825908e-14,0.26089197333080194,0.21244119770407105,0.02911962730017205
constant,prepared,0.01,0.001,0.678,0.24967222508270986,0.46156253613976417,6.958322806838169e-14,7.537789857288827e-14,-6.70019595361282e-14,0.26114164555588465,0.21222930739301377,0.029061542989800453
constant,prepared,0.01,0.001,0.679,0.24942053719991117,0.4611033453756111,7.283063041541027e-14,7.897430277379279e-14,-7.330247520087596e-14,0.26139106609308455,0.21201762458483725,0.029003573704997652
constant,prepared,0.01,0.001,0.68,0.24916912148715148,0.460644592958819,6.272760089132134e-14,6.80867656433393e-14,-6.394884621840902e-14,0.2616402352145717,0.21180614911336565,0.028945719226841648
constant,prepared,0.01,0.001,0.681,0.248917977473986,0.46018627864972683,6.65301147506625e-14,7.228606961714459e-14,-6.483702463810914e-14,0.2618891531920457,0.21159488081218922,0.028887979336732834
constant,prepared,0.01,0.001,0.682,0.24866710469235262,0.45972840220701056,6.417089082333405e-14,6.979217567945056e-14,-6.369904603786836e-14,0.26213782029673804,0.21138381951467503,0.028830353816393046
constant,prepared,0.01,0.001,0.683,0.24841650267654616,0.459270963387675,7.299716386910404e-14,7.947069343406394e-14,-7.238654120556021e-14,0.2623862367994146,0.21117296505396413,0.02877284244786784
constant,prepared,0.01,0.001,0.684,0.2481661709631947,0.45881396194711027,6.328271240363392e-14,6.896336821908273e-14,-6.317169010117141e-14,0.26263440297037777,0.21096231726298031,0.028715445013525846
constant,prepared,0.01,0.001,0.685,0.24791610909126813,0.45835739763909217,6.419864639894968e-14,7.00312100662274e-14,-6.361577931102147e-14,0.262882319079469,0.21075187597443215,0.028658161296059602
constant,prepared,0.01,0.001,0.686,0.24766631660200178,0.4579012702158054,6.525335827234358e-14,7.125265042569713e-14,-6.675215935558754e-14,0.263129985396071,0.21054164102081896,0.028600991078486387
constant,prepared,0.01,0.001,0.687,0.24741679303893419,0.45744557942784836,6.197820034969936e-14,6.774379635192301e-14,-6.245004513516506e-14,0.26337740218910993,0.21033161223442934,0.028543934144148672
constant,prepared,0.01,0.001,0.6880000000000001,0.2471675379478599,0.456990325024283,7.299716386910404e-14,7.986729682430299e-14,-7.321920847402907e-14,0.2636245697270578,0.21012178944735208,0.028486990276714048
constant,prepared,0.01,0.001,0.6890000000000001,0.2469185508767936,0.45653550675262916,6.150635556423367e-14,6.736207223149934e-14,-6.175615574477433e-14,0.26387148827793455,0.2099121724914763,0.028430159260176828
constant,prepared,0.01,0.001,0.6900000000000001,0.24666983137600235,0.45608112435888887,7.194245199571014e-14,7.887023618532081e-14,-7.105427357601002e-14,0.26411815810931055,0.2097027611984929,0.028373440878857077
constant,prepared,0.01,0.001,0.6910000000000001,0.246421378997924,0.45562717758756843,7.666089985036706e-14,8.412678569379997e-14,-7.646661082105766e-14,0.2643645794883085,0.2094935553999032,0.028316834917402247
constant,prepared,0.01,0.001,0.6920000000000001,0.2461731932971858,0.45517366618169464,7.258083023486961e-14,7.972872293307414e-14,-7.246980793240709e-14,0.26461075268160567,0.2092845549270196,0.028260341160787374
constant,prepared,0.01,0.001,0.6930000000000001,0.2459252738305841,0.4547205898828323,7.116529587847253e-14,7.825167527250536e-14,-7.11375403028569e-14,0.26485667795543627,0.20907575961096653,0.02820395939431504
constant,prepared,0.01,0.001,0.6940000000000001,0.2456776201570552,0.4542679484311039,6.608602554081244e-14,7.27390362549764e-14,-6.52811138479592e-14,0.2651023555755933,0.20886716928269283,0.02814768940361632
constant,prepared,0.01,0.001,0.6950000000000001,0.24543023183765925,0.4538157415652142,5.911937606128959e-14,6.51358807622919e-14,-5.848099782213012e-14,0.26534778580743096,0.2086587837729646,0.02809153097465068
constant,prepared,0.01,0.001,0.6960000000000001,0.24518310843558547,0.45336396902244497,6.86395384974503e-14,7.570025761580418e-14,-6.75848266240564e-14,0.26559296891586653,0.20845060291237782,0.02803548389370728
constant,prepared,0.01,0.001,0.6970000000000001,0.24493624951605983,0.4529126305387013,5.967448757360216e-14,6.587858623264765e-14,-6.036837696399289e-14,0.2658379051653826,0.20824262653135656,0.027979547947404138
constant,prepared,0.01,0.001,0.6980000000000001,0.2446896546464385,0.45246172584850664,6.694644838489694e-14,7.398023364224515e-14,-6.741829317036263e-14,0.266082594820029,0.2080348544601537,0.027923722922689583
constant,prepared,0.01,0.001,0.6990000000000001,0.24444332339608632,0.4520112546850359,7.088774012231625e-14,7.841368924730169e-14,-7.041589533685055e-14,0.26632703814342507,0.2078272865288657,0.02786800860684191
constant,prepared,0.01,0.001,0.7000000000000001,0.2441972553364314,0.4515612167801119,7.097100684916313e-14,7.858403712703802e-14,-7.03603841856193e-14,0.2665712353987615,0.20761992256742084,0.027812404787470057
constant,prepared,0.01,0.001,0.7010000000000001,0.24395145004088942,0.4511116118642556,5.44286837822483e-14,6.032729190600307e-14,-5.5011550870176507e-14,0.2668151868488024,0.20741276240559794,0.02775691125251392
constant,prepared,0.01,0.001,0.7020000000000001,0.2437059070849322,0.45066243966666836,6.94999613415348e-14,7.710866851133074e-14,-6.894484982922222e-14,0.26705889275588734,0.2072058058730148,0.027701527790244904
constant,prepared,0.01,0.001,0.7030000000000001,0.24346062604593632,0.4502136999152696,5.684341886080802e-14,6.312937486298437e-14,-5.667688540711424e-14,0.26730235338193326,0.20699905279914574,0.0276462541892654
constant,prepared,0.01,0.001,0.704,0.24321560650332316,0.44976539233670243,6.425415755018093e-14,7.143074883591147e-14,-6.447620215510597e-14,0.26754556898843657,0.20679250301331278,0.02759109023851013
constant,prepared,0.01,0.001,0.705,0.24297084803840832,0.44931751665634984,6.147859998861804e-14,6.841331320233654e-14,-5.959122084675528e-14,0.267788539836475,0.20658615634469582,0.027536035727246003
constant,prepared,0.01,0.001,0.706,0.24272635023446554,0.44887007259836625,5.892508703198018e-14,6.563713046280597e-14,-6.084022174945858e-14,0.26803126618670947,0.20638001262233127,0.027481090445072156
constant,prepared,0.01,0.001,0.707,0.24248211267668748,0.44842305988566805,7.860379014346108e-14,8.764467884802286e-14,-7.729927808952652e-14,0.26827374829938616,0.20617407167512086,0.027426254181920316
constant,prepared,0.01,0.001,0.708,0.24223813495213647,0.447976478239969,7.066569551739121e-14,7.887210484244658e-14,-6.802891583390647e-14,0.26851598643433827,0.20596833333183376,0.027371526728055803
constant,prepared,0.01,0.001,0.709,0.2419944166497951,0.44753032738179294,5.781486400735503e-14,6.459323588815558e-14,-5.820344206597383e-14,0.26875798085098807,0.20576279742110165,0.027316907874076753
constant,prepared,0.01,0.001,0.71,0.2417509573604982,0.4470846070304819,5.5067062021407764e-14,6.158460966388173e-14,-5.720424134381119e-14,0.2689997318083486,0.20555746377143091,0.02726239741091491
constant,prepared,0.01,0.001,0.711,0.2415077566769343,0.446639316904217,6.070144387138043e-14,6.795353831825099e-14,-6.036837696399289e-14,0.2692412395650255,0.20535233221120425,0.027207995129835745
constant,prepared,0.01,0.001,0.712,0.24126481419363438,0.4461944567200237,6.247780071078068e-14,7.001185219786317e-14,-6.147859998861804e-14,0.2694825043792191,0.20514740256867758,0.02715370082243848
constant,prepared,0.01,0.001,0.713,0.24102212950693283,0.4457500261938031,6.097899962753672e-14,6.840044424475268e-14,-5.995204332975845e-14,0.26972352650872605,0.20494267467199026,0.027099514280657086
constant,prepared,0.01,0.001,0.714,0.240779702214986,0.4453060250403373,6.752931547282515e-14,7.582349179612267e-14,-6.694644838489694e-14,0.26996430621094103,0.20473814834916557,0.02704543529675928
constant,prepared,0.01,0.001,0.715,0.24053753191772018,0.4448624529733039,6.25888230132432e-14,7.034626387877552e-14,-6.109002192999924e-14,0.27020484374285875,0.20453382342811022,0.026991463663347644
constant,prepared,0.01,0.001,0.716,0.24029561821687126,0.44441930970529114,6.372680161348399e-14,7.169670649069988e-14,-6.342149028171207e-14,0.2704451393610756,0.20432969973662174,0.026937599173359406
constant,prepared,0.01,0.001,0.717,0.24005396071589397,0.4439765949478082,6.264433416447446e-14,7.054914028951707e-14,-6.319944567678704e-14,0.27068519332179153,0.20412577710238924,0.026883841620066982
constant,prepared,0.01,0.001,0.718,0.23981255902002185,0.4435343084113092,6.272760089132134e-14,7.071335824730249e-14,-6.397660179402465e-14,0.27092500588081153,0.20392205535299787,0.026830190797077692
constant,prepared,0.01,0.001,0.719,0.23957141273620022,0.4430924498052086,7.052691763931307e-14,7.958487858494582e-14,-7.227551890309769e-14,0.2711645772935477,0.2037185343159296,0.026776646498333837
constant,prepared,0.01,0.001,0.72,0.23933052147307704,0.44265101883786606,6.505906924303417e-14,7.348799220414671e-14,-6.500355809180292e-14,0.2714039078150208,0.20351521381856458,0.026723208518113765
constant,prepared,0.01,0.001,0.721,0.239089884841038,0.44221001521664943,6.733502644351574e-14,7.61346691916527e-14,-6.780687122898144e-14,0.27164299769986183,0.20331209368818823,0.026669876651030655
constant,prepared,0.01,0.001,0.722,0.23884950245212805,0.4417694386479009,5.975775430044905e-14,6.763454991742098e-14,-6.22002449546244e-14,0.27188184720231395,0.20310917375199275,0.026616650692034234
constant,prepared,0.01,0.001,0.723,0.2386093739200743,0.44132928883698636,7.208122987378829e-14,8.166377317006829e-14,-7.210898544940392e-14,0.272120456576234,0.2029064538370749,0.026563530436409
constant,prepared,0.01,0.001,0.724,0.2383694988602474,0.44088956548827873,6.586398093588741e-14,7.469442020354813e-14,-6.428191312579656e-14,0.27235882607509426,0.20270393377044815,0.026510515679776015
constant,prepared,0.01,0.001,0.725,0.2381298768897006,0.4404502683051961,6.919465000976288e-14,7.85499010773802e-14,-7.202571872255703e-14,0.27259695595198397,0.2025016133790317,0.026457606218092372
constant,prepared,0.01,0.001,0.726,0.23789050762706143,0.4400113969901981,6.034062138837726e-14,6.856711189882804e-14,-6.014633235906786e-14,0.27283484645961104,0.20229949248966891,0.026404801847651097
constant,prepared,0.01,0.001,0.727,0.23765139069262806,0.4395729512448182,7.027711745877241e-14,7.99379457491076e-14,-6.994405055138486e-14,0.2730724978503037,0.2020975709291164,0.026352102365081207
constant,prepared,0.01,0.001,0.728,0.2374125257082773,0.43913493076964444,6.725175971666886e-14,7.657300183202888e-14,-6.722400414105323e-14,0.273309910376012,0.20189584852405576,0.026299507567348078
constant,prepared,0.01,0.001,0.729,0.23717391229746457,0.4386973352643623,6.669664820435628e-14,7.601670085841678e-14,-6.702971511174383e-14,0.27354708428830943,0.20169432510108776,0.026247017251754007
constant,prepared,0.01,0.001,0.73,0.23693555008524236,0.4382601644277601,5.56776846849516e-14,6.352127024554795e-14,-5.645484080218921e-14,0.2737840198383947,0.2014930004867454,0.026194631215937007
constant,prepared,0.01,0.001,0.731,0.23669743869823606,0.4378234179577299,5.88418203051333e-14,6.719811902661895e-14,-5.861977570020827e-14,0.27402071727709293,0.20129187450748506,0.02614234925787195
constant,prepared,0.01,0.001,0.732,0.23645957776458998,0.43738709555129396,5.978550987606468e-14,6.834393433659194e-14,-5.997979890537408e-14,0.2742571768548575,0.2010909469896995,0.02609017117586997
constant,prepared,0.01,0.001,0.733,0.23622196691401906,0.436951196904608,7.979727989493313e-14,9.131143301610706e-14,-7.926992395823618e-14,0.27449339882177154,0.200890217759709,0.0260380967685787
constant,prepared,0.01,0.001,0.734,0.2359846057777205,0.43651572171297315,6.661338147750939e-14,7.630123975386311e-14,-6.869504964868156e-14,0.27472938342754927,0.20068968664377387,0.02598612583498264
constant,prepared,0.01,0.001,0.735,0.23574749398845013,0.4360806696708476,5.3040905001466854e-14,6.081547370753529e-14,-5.523359547510154e-14,0.27496513092153774,0.20048935346809132,0.025934258174403063
constant,prepared,0.01,0.001,0.736,0.2355106311804481,0.43564604047188166,6.838973831690964e-14,7.84923217055136e-14,-6.816769371198461e-14,0.2752006415527182,0.20028921805879923,0.02588249358649714
constant,prepared,0.01,0.001,0.737,0.23527401698943437,0.43521183380888184,6.078471059822732e-14,6.98334763398414e-14,-6.147859998861804e-14,0.2754359155697076,0.2000892802419806,0.025830831871259362
constant,prepared,0.01,0.001,0.738,0.23503765105260396,0.4347780493738718,6.203371150093062e-14,7.133951632362944e-14,-6.214473380339314e-14,0.2756709532207602,0.19988953984365884,0.025779272829020674
constant,prepared,0.01,0.001,0.739,0.23480153300862677,0.4343446868580712,6.222800053024002e-14,7.163435217819243e-14,-6.453171330633722e-14,0.27590575475376883,0.19968999668980866,0.02572781626044848
constant,prepared,0.01,0.001,0.74,0.23456566249761407,0.4339117459519241,6.070144387138043e-14,6.994676272038703e-14,-6.131206653492427e-14,0.27614032041626646,0.19949065060635507,0.025676461966546642
constant,prepared,0.01,0.001,0.741,0.2343300391611127,0.43347922634509245,5.359601651377943e-14,6.182074394391898e-14,-5.2458037913538647e-14,0.2763746504554276,0.19929150141917046,0.02562520974865667
constant,prepared,0.01,0.001,0.742,0.23409466264212156,0.4330471277264978,6.894484982922222e-14,7.960432642883231e-14,-6.661338147750939e-14,0.2766087451180697,0.1990925489540878,0.025574059408455425
constant,prepared,0.01,0.001,0.743,0.23385953258501982,0.4326154497842983,6.644684802381562e-14,7.67966655570679e-14,-6.603051438958119e-14,0.27684260465065474,0.1988937930368861,0.02552301074795667
constant,prepared,0.01,0.001,0.744,0.2336246486356193,0.4321841922059156,6.855627177060342e-14,7.931371971367028e-14,-6.905587213168474e-14,0.2770762292992904,0.1986952334933166,0.025472063569510976
constant,prepared,0.01,0.001,0.745,0.23339001044109475,0.43175335467805304,6.039613253960852e-14,6.994286423627221e-14,-5.881406472951767e-14,0.27730961930973147,0.1984968701490801,0.025421217675805116
constant,prepared,0.01,0.001,0.746,0.23315561765004222,0.43132293688670054,6.369904603786836e-14,7.38414776844989e-14,-6.408762409648716e-14,0.2775427749273815,0.1982987028298427,0.02537047286986248
constant,prepared,0.01,0.001,0.747,0.23292146991238674,0.43089293851713395,6.605826996519681e-14,7.665276459684315e-14,-6.689093723366568e-14,0.2777756963972939,0.19810073136123682,0.025319828955042638
constant,prepared,0.01,0.001,0.748,0.23268756687944647,0.4304633592539272,6.669664820435628e-14,7.74707611815658e-14,-6.530886942357483e-14,0.2780083839641733,0.1979029555688633,0.025269285735041506
constant,prepared,0.01,0.001,0.749,0.23245390820385162,0.43003419878099747,5.390132784555135e-14,6.267097825979902e-14,-5.420663917732327e-14,0.2782408378723772,0.1977053752782861,0.025218843013891098
constant,prepared,0.01,0.001,0.75,0.23222049353961888,0.42960545678155904,6.955547249276606e-14,8.095273395017328e-14,-6.847300504375653e-14,0.2784730583659168,0.19750799031504396,0.025168500595959726
constant,prepared,0.01,0.001,0.751,0.2319873225420268,0.4291771329381828,5.948019854429276e-14,6.929562875016451e-14,-6.036837696399289e-14,0.27870504568845883,0.19731080050464822,0.025118258285951756
constant,prepared,0.01,0.001,0.752,0.2317543948677236,0.42874922693276646,6.122879980807738e-14,7.140397691921028e-14,-6.059042156891792e-14,0.27893680008332655,0.19711380567258222,0.02506811588890732
constant,prepared,0.01,0.001,0.753,0.23152171017463172,0.42832173844658955,6.250555628639631e-14,7.29656595449521e-14,-5.981326545168031e-14,0.2791683217935012,0.19691700564431058,0.02501807321020261
constant,prepared,0.01,0.001,0.754,0.23128926812199485,0.42789466716028024,6.367129046225273e-14,7.44006590276084e-14,-6.519784712111232e-14,0.2793996110616232,0.19672040024527232,0.02496813005554953
constant,prepared,0.01,0.001,0.755,0.2310570683702961,0.4274680127538457,6.52811138479592e-14,7.635789333966593e-14,-6.550315845288424e-14,0.2796306681299935,0.1965239893008888,0.024918286230995842
constant,prepared,0.01,0.001,0.756,0.23082511058132493,0.42704177490668493,6.641909244819999e-14,7.776650476725421e-14,-6.858402734621905e-14,0.2798614932405748,0.19632777263656406,0.02486854154292432
constant,prepared,0.01,0.001,0.757,0.23059339441812537,0.4266159532975771,5.992428775414282e-14,7.02321224639479e-14,-5.964673199798654e-14,0.2800920866349929,0.19613175007768424,0.02481889579805382
constant,prepared,0.01,0.001,0.758,0.23036191954500043,0.42619054760472597,5.839773109528323e-14,6.851129315688237e-14,-5.925815393936773e-14,0.2803224485545379,0.195935921449624,0.02476934880343779
constant,prepared,0.01,0.001,0.759,0.23013068562749014,0.4257655575057417,5.5788706987414116e-14,6.551575861870663e-14,-5.620504062164855e-14,0.2805525792401654,0.19574028657774561,0.024719900366465753
constant,prepared,0.01,0.001,0.76,0.22989969233235735,0.4253409826776617,6.056266599330229e-14,7.119307621386028e-14,-6.158962229108056e-14,0.28078247893249775,0.19554484528740051,0.024670550294861038
constant,prepared,0.01,0.001,0.761,0.22966893932760934,0.42491682279693943,5.889733145636455e-14,6.930454184971928e-14,-5.984102102729594e-14,0.2810121478718254,0.1953495974039307,0.024621298396683394
constant,prepared,0.01,0.001,0.762,0.22943842628244587,0.4244930775394937,6.353251258417458e-14,7.483339063198143e-14,-6.453171330633722e-14,0.2812415862981078,0.19515454275267394,0.0245721444803258
constant,prepared,0.01,0.001,0.763,0.22920815286726073,0.42406974658068247,5.4817261840867104e-14,6.463236564605318e-14,-5.698219673888616e-14,0.28147079445097506,0.1949596811589607,0.024523088354517095
constant,prepared,0.01,0.001,0.764,0.228978118753691,0.42364682959532673,5.750955267558311e-14,6.787440464326515e-14,-5.875855357828641e-14,0.2816997725697287,0.19476501244811853,0.02447412982831974
constant,prepared,0.01,0.001,0.765,0.2287483236144953,0.42322432625770867,6.447620215510597e-14,7.617260889186267e-14,-6.247780071078068e-14,0.2819285208933432,0.19457053644547556,0.024425268711130748
constant,prepared,0.01,0.001,0.766,0.22851876712365826,0.42280223624160274,6.414313524771842e-14,7.585477292870811e-14,-6.511458039426543e-14,0.28215703966046685,0.19437625297635794,0.024376504812681322
constant,prepared,0.01,0.001,0.767,0.22828944895629447,0.42238055922025886,6.19226891984681e-14,7.330201147606882e-14,-6.461498003318411e-14,0.28238532910942316,0.194182161866093,0.02432783794303636
constant,prepared,0.01,0.001,0.768,0.22806036878868322,0.4219592948664287,5.895284260759581e-14,6.985607773642388e-14,-5.970224314921779e-14,0.28261338947821185,0.1939882629400151,0.02427926791259487
constant,prepared,0.01,0.001,0.769,0.22783152629826856,0.42153844285235825,6.197820034969936e-14,7.351429199471893e-14,-6.392109064279339e-14,0.28284122100451015,0.1937945560234612,0.02423079453208906
constant,prepared,0.01,0.001,0.77,0.22760292116361694,0.42111800284981155,7.255307465925398e-14,8.614340181168082e-14,-7.033262861000367e-14,0.2830688239256738,0.19360104094177463,0.024182417612584797
constant,prepared,0.01,0.001,0.771,0.22737455306440787,0.42069797453007424,5.589972928987663e-14,6.643688902034022e-14,-5.495603971894525e-14,0.2832961984787382,0.19340771752031027,0.02413413696548109
constant,prepared,0.01,0.001,0.772,0.22714642168148472,0.4202783575639657,6.059042156891792e-14,7.208368034950715e-14,-5.953570969552402e-14,0.2835233449004197,0.1932145855844265,0.024085952402509984
constant,prepared,0.01,0.001,0.773,0.22691852669675627,0.4198591516218274,5.911937606128959e-14,7.040381974874162e-14,-6.00908212078366e-14,0.28375026342711646,0.19302164495950158,0.02403786373573637
constant,prepared,0.01,0.001,0.774,0.22669086779325892,0.41944035637355304,6.109002192999924e-14,7.282325246213087e-14,-5.96189764223709e-14,0.2839769542949097,0.19282889547092175,0.02398987077755747
constant,prepared,0.01,0.001,0.775,0.22646344465512114,0.41902197148859593,6.142308883738679e-14,7.329339869598458e-14,-6.142308883738679e-14,0.2842034177395648,0.19263633694408758,0.023941973340703176
constant,prepared,0.01,0.001,0.776,0.22623625696755031,0.4186039966359595,6.836198274129401e-14,8.165471817119281e-14,-6.744604874597826e-14,0.28442965399653236,0.19244396920441934,0.02389417123823539
constant,prepared,0.01,0.001,0.777,0.22600930441681716,0.4181864314842195,5.2485793489154275e-14,6.275406079397337e-14,-5.459521723594207e-14,0.28465566330094916,0.19225179207735194,0.023846464283548353
constant,prepared,0.01,0.001,0.778,0.2257825866902949,0.41776927570153144,5.906386491005833e-14,7.068957477889229e-14,-5.992428775414282e-14,0.2848814458876395,0.19205980538834064,0.023798852290367385
constant,prepared,0.01,0.001,0.779,0.22555610347640087,0.41735252895563146,6.850076061937216e-14,8.206582668946618e-14,-6.927791673660977e-14,0.2851070019911159,0.19186800896286188,0.023751335072749943
constant,prepared,0.01,0.001,0.78,0.22532985446457787,0.41693619091384354,5.825895321720509e-14,6.98655507567101e-14,-5.781486400735503e-14,0.28533233184558043,0.19167640262641134,0.023703912445084328
constant,prepared,0.01,0.001,0.781,0.22510383934534847,0.41652026124310204,5.448419493347956e-14,6.540401512626092e-14,-5.512257317263902e-14,0.2855574356849258,0.19148498620451462,0.02365658422209036
constant,prepared,0.01,0.001,0.782,0.22487805781026027,0.4161047396099398,5.3235194030776256e-14,6.396850235433029e-14,-5.392908342116698e-14,0.28578231374273605,0.1912937595227138,0.02360935021881797
constant,prepared,0.01,0.001,0.783,0.22465250955188487,0.41568962568050183,5.545564008002657e-14,6.670318027451322e-14,-5.417888360170764e-14,0.28600696625228794,0.19110272240658624,0.023562210250648457
constant,prepared,0.01,0.001,0.784,0.22442719426380428,0.41527491912057,6.358802373540584e-14,7.656135828051172e-14,-6.342149028171207e-14,0.28623139344655174,0.1909118746817289,0.023515164133292698
constant,prepared,0.01,0.001,0.785,0.2242021116406236,0.4148606195955293,5.5067062021407764e-14,6.636814802413887e-14,-5.639932965095795e-14,0.2864555955581924,0.19072121617377458,0.023468211682792155
constant,prepared,0.01,0.001,0.786,0.22397726137795754,0.4144467267704193,6.919465000976288e-14,8.34783405685903e-14,-6.858402734621905e-14,0.28667957281957035,0.19053074670838208,0.02342135271551795
constant,prepared,0.01,0.001,0.787,0.22375264317240517,0.4140332403099156,7.166489623955385e-14,8.654485831367602e-14,-7.033262861000367e-14,0.2869033254627428,0.19034046611124422,0.023374587048170598
constant,prepared,0.01,0.001,0.788,0.22352825672154092,0.41362015987834966,6.500355809180292e-14,7.857880780148153e-14,-6.625255899450622e-14,0.28712685371946434,0.19015037420808695,0.02332791449778021
constant,prepared,0.01,0.001,0.789,0.22330410172394569,0.41320748513970557,6.084022174945858e-14,7.361945746080084e-14,-6.250555628639631e-14,0.2873501578211883,0.18996047082467085,0.023281334881705498
constant,prepared,0.01,0.001,0.79,0.22308017787917392,0.41279521575762324,5.465072838717333e-14,6.619593239091515e-14,-5.420663917732327e-14,0.2875732379990675,0.18977075578679245,0.023234848017634598
constant,prepared,0.01,0.001,0.791,0.22285648488773113,0.4123833513954283,5.96189764223709e-14,7.228586728904926e-14,-5.806466418789569e-14,0.2877960944839552,0.18958122892028484,0.023188453723583115
constant,prepared,0.01,0.001,0.792,0.22263302245107136,0.41197189171612,5.448419493347956e-14,6.612610717992832e-14,-5.3179682879545e-14,0.2880187275064063,0.18939189005101933,0.02314215181789595
constant,prepared,0.01,0.001,0.793,0.2224097902716386,0.4115608363823672,6.378231276471524e-14,7.748831658201355e-14,-6.22002449546244e-14,0.28824113729667794,0.18920273900490917,0.02309594211924544
constant,prepared,0.01,0.001,0.794,0.2221867880527857,0.41115018505655027,6.497580251618729e-14,7.901711452135826e-14,-6.7390537594747e-14,0.28846332408473074,0.18901377560790547,0.023049824446631208
constant,prepared,0.01,0.001,0.795,0.2219640154987943,0.4107399374007251,6.156186671546493e-14,7.494020073265907e-14,-6.006306563222097e-14,0.28868528810022953,0.18882499968600355,0.023003798619380754
constant,prepared,0.01,0.001,0.796,0.22174147231491045,0.41033009307667234,4.932165786897258e-14,6.009997645938389e-14,-5.057065877167588e-14,0.28890702957254444,0.18863641106524218,0.022957864457148626
constant,prepared,0.01,0.001,0.797,0.2215191582072977,0.4099206517458701,6.022959908591474e-14,7.346494843500786e-14,-5.964673199798654e-14,0.2891285487307517,0.18844800957170266,0.022912021779915786
constant,prepared,0.01,0.001,0.798,0.22129707288300693,0.40951161306951184,5.331846075762314e-14,6.510005950499042e-14,-5.268008251846368e-14,0.2893498458036347,0.18825979503151702,0.02286627040799005
constant,prepared,0.01,0.001,0.799,0.22107521605003047,0.40910297670852486,6.003531005660534e-14,7.337432562776794e-14,-6.031286581276163e-14,0.28957092101968473,0.18807176727085803,0.02282061016200496
constant,prepared,0.01,0.001,0.8,0.22085358741723107,0.40869474232355,6.697420396051257e-14,8.193670853182378e-14,-6.800116025829084e-14,0.289791774607102,0.1878839261159511,0.022775040862920645
constant,prepared,0.01,0.001,0.801,0.2206321866943738,0.4082869095749774,6.858402734621905e-14,8.3989990540731e-14,-6.736278201913137e-14,0.29001240679379636,0.18769627139306957,0.0227295623320219
constant,prepared,0.01,0.001,0.802,0.22041101359214435,0.4078794781229223,6.336597913048081e-14,7.767733182126331e-14,-6.453171330633722e-14,0.2902328178073885,0.18750880292854014,0.02268417439091961
constant,prepared,0.01,0.001,0.803,0.22019006782207376,0.4074724476272596,6.231126725708691e-14,7.646071239899163e-14,-6.283862319378386e-14,0.2904530078752106,0.18732152054873444,0.022638876861548803
constant,prepared,0.01,0.001,0.804,0.21996934909658483,0.40706581774761746,6.994405055138486e-14,8.591245874978437e-14,-6.963873921961294e-14,0.2906729772243072,0.1871344240800836,0.022593669566169886
constant,prepared,0.01,0.001,0.805,0.21974885712895195,0.40665958814337755,6.203371150093062e-14,7.627228437443657e-14,-6.164513344231182e-14,0.2908927260814361,0.18694751334906848,0.02254855232736731
constant,prepared,0.01,0.001,0.806,0.2195285916333368,0.40625375847368295,5.465072838717333e-14,6.726181265681745e-14,-5.6094018319186034e-14,0.29111225467306945,0.18676078818222844,0.022503524968049332
constant,prepared,0.01,0.001,0.807,0.2193085523247446,0.40584832839745943,5.2735593669694936e-14,6.496958343764072e-14,-5.2263748884229244e-14,0.2913315632253942,0.18657424840615625,0.022458587311447863
constant,prepared,0.01,0.001,0.808,0.21908873891903702,0.4054432975733922,5.3484994211316916e-14,6.595866121283173e-14,-5.3512749786932545e-14,0.29155065196431323,0.18638789384750162,0.022413739181118577
constant,prepared,0.01,0.001,0.809,0.2188691511328984,0.4050386656599654,5.5094817597023393e-14,6.801180019103704e-14,-5.520583989948591e-14,0.29176952111544613,0.18620172433297474,0.022368980400939622
constant,prepared,0.01,0.001,0.81,0.21864978868385973,0.40463443231544355,5.3484994211316916e-14,6.609051274412769e-14,-5.33739719088544e-14,0.29198817090413,0.1860157396893426,0.022324310795112327
constant,prepared,0.01,0.001,0.811,0.21843065129029887,0.4042305971978801,5.750955267558311e-14,7.113458638984071e-14,-5.720424134381119e-14,0.2922066015554203,0.1858299397434353,0.022279730188159836
constant,prepared,0.01,0.001,0.812,0.21821173867140975,0.40382715996512514,6.086797732507421e-14,7.536389742869972e-14,-6.253331186201194e-14,0.2924248132940917,0.18564432432214106,0.022235238404927738
constant,prepared,0.01,0.001,0.8130000000000001,0.21799305054717313,0.4034241202748481,5.345723863570129e-14,6.625439078763803e-14,-5.5039306445792135e-14,0.29264280634463885,0.18545889325241383,0.022190835270583187
constant,prepared,0.01,0.001,0.8140000000000001,0.21777458663843996,0.4030214777845098,5.6288307348495437e-14,6.983288788716629e-14,-5.6593618680267355e-14,0.2928605809312773,0.18527364636126703,0.022146520610614458
constant,prepared,0.01,0.001,0.8150000000000001,0.21755634666681772,0.40261923215140216,5.706546346573305e-14,7.086778140328619e-14,-5.914713163690521e-14,0.29307813727794413,0.18508858347578241,0.022102294250831052
constant,prepared,0.01,0.001,0.8160000000000001,0.21733833035474087,0.4022173830326183,4.6157522248790883e-14,5.737882572450261e-14,-4.718447854656915e-14,0.2932954756082989,0.18490370442310486,0.02205815601736294
constant,prepared,0.01,0.001,0.8170000000000001,0.2171205374254474,0.4018159300850951,6.020184351029911e-14,7.491221602083481e-14,-5.920264278813647e-14,0.29351259614572434,0.18471900903044455,0.022014105736660378
constant,prepared,0.01,0.001,0.8180000000000001,0.21690296760293562,0.401414872965582,6.253331186201194e-14,7.7891124710978e-14,-6.311617894994015e-14,0.2937294991133273,0.1845344971250818,0.02197014323549403
constant,prepared,0.01,0.001,0.8190000000000001,0.21668562061199215,0.401014211330681,5.642708522657358e-14,7.035546825052439e-14,-5.6565863104651726e-14,0.2939461847339393,0.18435016853436395,0.021926268340953063
constant,prepared,0.01,0.001,0.8200000000000001,0.21646849617820157,0.40061394483682455,5.2735593669694936e-14,6.581846981284111e-14,-5.320743845516063e-14,0.2941626532301175,0.18416602308570454,0.021882480880446743
constant,prepared,0.01,0.001,0.8210000000000001,0.2162515940279161,0.4002140731402931,6.117328865684613e-14,7.642570909219058e-14,-6.053491041768666e-14,0.2943789048241454,0.18398206060659253,0.02183878068170334
constant,prepared,0.01,0.001,0.8220000000000001,0.21603491388824078,0.39981459589720747,6.269984531570572e-14,7.841115101738426e-14,-6.433742427702782e-14,0.29459493973803363,0.18379828092458356,0.021795167572768784
constant,prepared,0.01,0.001,0.8230000000000001,0.21581845548704148,0.3994155127635676,6.025735466153037e-14,7.543191580692926e-14,-6.06736882957648e-14,0.29481075819352065,0.18361468386730725,0.021751641382007737
constant,prepared,0.01,0.001,0.8240000000000001,0.21560221855294479,0.3990168233952136,5.906386491005833e-14,7.401174768457452e-14,-6.056266599330229e-14,0.2950263604120736,0.18343126926246467,0.021708201938102637
constant,prepared,0.01,0.001,0.8250000000000001,0.21538620281534399,0.3986185274478503,5.032085859113522e-14,6.311906638322943e-14,-5.1458837191376006e-14,0.29524174661488894,0.1832480369378316,0.021664849070052984
constant,prepared,0.01,0.001,0.8260000000000001,0.21517040800436066,0.39822062457706553,6.34492458573277e-14,7.966594638927804e-14,-6.361577931102147e-14,0.2954569170228933,0.18306498672125918,0.021621582607175633
constant,prepared,0.01,0.001,0.8270000000000001,0.21495483385085246,0.3978231144383056,5.859202012459264e-14,7.364079410935633e-14,-5.939693181744587e-14,0.29567187185674415,0.18288211844067206,0.02157840237910386
constant,prepared,0.01,0.001,0.8280000000000001,0.21473948008641427,0.3974259966869079,5.5788706987414116e-14,7.018754114286153e-14,-5.3762549967473205e-14,0.2958866113368306,0.18269943192407095,0.021535308215787554
constant,prepared,0.01,0.001,0.8290000000000001,0.2145243464433835,0.3970292709780971,5.695444116327053e-14,7.172574584105217e-14,-5.614952947041729e-14,0.29610113568327395,0.1825169269995365,0.021492299947492063
constant,prepared,0.01,0.001,0.8300000000000001,0.2143094326548004,0.39663293696697066,5.825895321720509e-14,7.344190029035875e-14,-5.839773109528323e-14,0.2963154451159288,0.18233460349522368,0.02144937740479864
constant,prepared,0.01,0.001,0.8310000000000001,0.21409473845442933,0.39623699430852233,5.4012350148013866e-14,6.815662207698168e-14,-5.262457136723242e-14,0.2965295398543832,0.18215246123936996,0.021406540418603258
constant,prepared,0.01,0.001,0.8320000000000001,0.21388026357677795,0.3958414426576599,5.978550987606468e-14,7.551699169579516e-14,-6.250555628639631e-14,0.29674342011795996,0.1819705000602895,0.021363788820117496
constant,prepared,0.01,0.001,0.833,0.21366600775699843,0.39544628166917006,5.617728504603292e-14,7.103023552137833e-14,-5.6343818499726694e-14,0.296957086125717,0.18178871978637723,0.021321122440865984
constant,prepared,0.01,0.001,0.834,0.21345197073102093,0.3950515109977547,5.723199691942682e-14,7.243611950106925e-14,-5.834221994405198e-14,0.297170538096448,0.18160712024610942,0.02127854111268903
constant,prepared,0.01,0.001,0.835,0.21323815223541603,0.3946571302980363,5.709321904134868e-14,7.233268406709011e-14,-5.739853037312059e-14,0.2973837762486834,0.18142570126804716,0.021236044667739137
constant,prepared,0.01,0.001,0.836,0.21302455200747883,0.3942631392245321,5.004330283497893e-14,6.346434380526275e-14,-5.029310301551959e-14,0.2975968008006909,0.18124446268083017,0.021193632938482476
constant,prepared,0.01,0.001,0.837,0.21281116978519116,0.3938695374316966,5.920264278813647e-14,7.51551429620255e-14,-5.775935285612377e-14,0.29780961197047606,0.18106340431318402,0.021151305757698448
constant,prepared,0.01,0.001,0.838,0.21259800530722447,0.3934763245738904,6.902811655606911e-14,8.771571787809098e-14,-6.891709425360659e-14,0.29802220997578327,0.1808825259939168,0.02110906295847836
constant,prepared,0.01,0.001,0.839,0.2123850583128873,0.3930835003054109,6.331046797924955e-14,8.053055893983674e-14,-6.253331186201194e-14,0.29823459503409616,0.18070182755192404,0.02106690437422588
constant,prepared,0.01,0.001,0.84,0.21217232854220147,0.3926910642804965,5.5289106626332796e-14,7.039771420267954e-14,-5.420663917732327e-14,0.29844676736263837,0.18052130881618594,0.02102482983865596
constant,prepared,0.01,0.001,0.841,0.2119598157358728,0.392299016153295,5.204170427930421e-14,6.6329129231062e-14,-5.0931481254679056e-14,0.2986587271783742,0.1803409696157684,0.020982839185795427
constant,prepared,0.01,0.001,0.842,0.21174751963525137,0.3919073555779126,5.90361093344427e-14,7.531896058365976e-14,-5.770384170489251e-14,0.2988704746980095,0.18016080977982551,0.02094093224998143
constant,prepared,0.01,0.001,0.843,0.21153543998232688,0.391516082208404,5.6343818499726694e-14,7.195594390645085e-14,-5.745404152435185e-14,0.2990820101379918,0.17998082913760002,0.020899108865861677
constant,prepared,0.01,0.001,0.844,0.21132357651978378,0.3911251956987483,6.558642517973112e-14,8.384326284906671e-14,-6.381006834033087e-14,0.29929333371451156,0.1798010275184205,0.020857368868394382
constant,prepared,0.01,0.001,0.845,0.21111192899092276,0.3907346957028939,4.9404924595819466e-14,6.322054982466001e-14,-4.884981308350689e-14,0.2995044456435025,0.17962140475170887,0.02081571209284628
constant,prepared,0.01,0.001,0.846,0.21090049713973236,0.39034458187474014,4.6074255521943996e-14,5.901741392266372e-14,-4.6351811278100286e-14,0.2997153461406422,0.17944196066697427,0.02077413837479471
constant,prepared,0.01,0.001,0.847,0.21068928071081866,0.389954853868142,4.682365606356598e-14,6.003727816066108e-14,-4.757305660518796e-14,0.29992603542135304,0.17926269509381643,0.020732647550124963
constant,prepared,0.01,0.001,0.848,0.21047827944942737,0.38956551133692024,5.467848396278896e-14,7.017880481146572e-14,-5.3262949606391885e-14,0.30013651370080247,0.17908360786192895,0.02069123945503101
constant,prepared,0.01,0.001,0.849,0.21026749310143947,0.38917655393486134,5.850875339774575e-14,7.516993612047642e-14,-5.775935285612377e-14,0.3003467811939039,0.17890469880109525,0.020649913926014812
constant,prepared,0.01,0.001,0.85,0.21005692141337048,0.38878798131571674,5.878630915390204e-14,7.560201443850698e-14,-5.959122084675528e-14,0.30055683811531725,0.17872596774119276,0.020608670799886205
constant,prepared,0.01,0.001,0.851,0.20984656413235242,0.3883997931332182,5.723199691942682e-14,7.367665731453217e-14,-5.6565863104651726e-14,0.3007666846794496,0.17854741451219266,0.020567509913761495
constant,prepared,0.01,0.001,0.852,0.20963642100614904,0.388011989041069,4.7933879088191134e-14,6.176855411948964e-14,-4.9182879990894435e-14,0.30097632110045575,0.1783690389441564,0.020526431105064837
constant,prepared,0.01,0.001,0.853,0.2094264917831481,0.38762456869296247,5.387357226993572e-14,6.94919473907306e-14,-5.4567461660326444e-14,0.3011857475922389,0.17819084086724718,0.020485434211525648
constant,prepared,0.01,0.001,0.854,0.20921677621232931,0.3872375317425622,6.19226891984681e-14,7.995440023570562e-14,-6.092348847630547e-14,0.3013949643684512,0.17801282011171657,0.020444519071179987
constant,prepared,0.01,0.001,0.855,0.20900727404329233,0.3868508778435299,4.7656323332034844e-14,6.159521156794109e-14,-4.618527782440651e-14,0.3016039716424945,0.17783497650791585,0.02040368552236922
constant,prepared,0.01,0.001,0.856,0.20879798502625901,0.3864646066495201,5.892508703198018e-14,7.623607183958001e-14,-6.053491041768666e-14,0.30181276962752074,0.17765730988629438,0.020362933403739982
constant,prepared,0.01,0.001,0.857,0.20858890891201412,0.38607871781417413,5.925815393936773e-14,7.674361626931878e-14,-5.997979890537408e-14,0.30202135853643275,0.17747982007739066,0.020322262554243523
constant,prepared,0.01,0.001,0.858,0.2083800454519666,0.3856932109911275,5.234701561107613e-14,6.786095025701239e-14,-5.218048215738236e-14,0.30222973858188473,0.17730250691185226,0.02028167281313497
constant,prepared,0.01,0.001,0.859,0.20817139439812282,0.385308085834037,5.4789506265251475e-14,7.109830844407319e-14,-5.473399511402022e-14,0.30243790997628284,0.17712537022041577,0.020241164019974035
constant,prepared,0.01,0.001,0.86,0.20796295550306543,0.38492334199654565,6.111777750561487e-14,7.938954440720627e-14,-6.247780071078068e-14,0.3026458729317859,0.1769484098339223,0.02020073601462332
constant,prepared,0.01,0.001,0.861,0.2077547285199533,0.3845389791323068,5.367928324062632e-14,6.979693367073896e-14,-5.2735593669694936e-14,0.3028536276603059,0.17677162558330956,0.020160388637248564
constant,prepared,0.01,0.001,0.862,0.2075467132025624,0.3841549968949985,5.936917624183025e-14,7.727242483071631e-14,-5.964673199798654e-14,0.30306117437350844,0.1765950172996176,0.020120121728318167
constant,prepared,0.01,0.001,0.863,0.20733890930519905,0.3837713949382966,5.6815663285192386e-14,7.402279590734361e-14,-5.620504062164855e-14,0.3032685132828136,0.17641858481398487,0.020079935128602632
constant,prepared,0.01,0.001,0.864,0.20713131658277772,0.3833881729158984,5.1431081615760377e-14,6.707442384645374e-14,-5.162537064506978e-14,0.3034756445993964,0.17624232795765124,0.020039828679174084
constant,prepared,0.01,0.001,0.865,0.20692393479078355,0.3830053304815315,5.81756864903582e-14,7.594631439882664e-14,-5.750955267558311e-14,0.3036825685341872,0.17606624656195946,0.019999802221406134
constant,prepared,0.01,0.001,0.866,0.20671676368524644,0.38262286728893996,5.978550987606468e-14,7.812589757071761e-14,-6.128431095930864e-14,0.3038892852978724,0.17589034045835664,0.01995985559697301
constant,prepared,0.01,0.001,0.867,0.20650980302275765,0.3822407829918929,5.2208237732997986e-14,6.829234353847288e-14,-5.084821452783217e-14,0.3040957951008952,0.17571460947838755,0.019919988647849534
constant,prepared,0.01,0.001,0.868,0.20630305256051967,0.3818590772441947,6.955547249276606e-14,9.107479255793592e-14,-6.936118346345665e-14,0.3043020981534557,0.17553905345370374,0.019880201216310806
constant,prepared,0.01,0.001,0.869,0.20609651205619633,0.38147774969968484,5.67323965583455e-14,7.435872289144437e-14,-5.750955267558311e-14,0.30450819466551193,0.17536367221606033,0.01984049314493072
constant,prepared,0.01,0.001,0.87,0.20589018126810785,0.38109680001221957,5.284661597215745e-14,6.933489860116813e-14,-5.284661597215745e-14,0.30471408484678003,0.17518846559731524,0.01980086427658312
constant,prepared,0.01,0.001,0.871,0.20568405995504824,0.3807162278357222,5.306866057708248e-14,6.969582158181309e-14,-5.240252676230739e-14,0.30491976890673506,0.17501343342943487,0.019761314454440165
constant,prepared,0.01,0.001,0.872,0.20547814787639154,0.3803360328241438,5.720424134381119e-14,7.52022375043498e-14,-5.723199691942682e-14,0.30512524705461147,0.17483857554448703,0.019721843521972194
constant,prepared,0.01,0.001,0.873,0.20527244479203946,0.3799562146314748,5.6316062924111066e-14,7.410862193519941e-14,-5.617728504603292e-14,0.3053305194994035,0.17466389177464675,0.019682451322947683
constant,prepared,0.01,0.001,0.874,0.20506695046242893,0.3795767729117731,5.362377208939506e-14,7.06362663843176e-14,-5.320743845516063e-14,0.3055355864498659,0.17448938195219924,0.019643137701432202
constant,prepared,0.01,0.001,0.875,0.20486166464855526,0.37919770731911473,4.679590048795035e-14,6.170382835221925e-14,-4.746203430272544e-14,0.30574044811451445,0.17431504590952782,0.01960390250178862
constant,prepared,0.01,0.001,0.876,0.20465658711192566,0.3788190175076604,6.328271240363392e-14,8.352631399022747e-14,-6.317169010117141e-14,0.3059451047016264,0.1741408834791326,0.019564745568675948
constant,prepared,0.01,0.001,0.877,0.20445171761456,0.3784407031316067,5.1764148523147924e-14,6.839135972266553e-14,-5.2707838094079307e-14,0.30614955641924096,0.17396689449361513,0.019525666747049475
constant,prepared,0.01,0.001,0.878,0.20424705591903877,0.3780627638452248,5.639932965095795e-14,7.458990284751115e-14,-5.748179709996748e-14,0.30635380347516,0.17379307878568925,0.019486665882160137
constant,prepared,0.01,0.001,0.879,0.20404260178843506,0.3776851993028336,5.306866057708248e-14,7.025514989075268e-14,-5.2707838094079307e-14,0.3065578460769484,0.17361943618817366,0.019447742819554005
constant,prepared,0.01,0.001,0.88,0.20383835498635722,0.3773080091588218,5.009881398621019e-14,6.638980987694668e-14,-4.951594689828198e-14,0.30676168443193474,0.17344596653400116,0.01940889740507193
constant,prepared,0.01,0.001,0.881,0.20363431527691822,0.3769311930676487,5.1736392947532295e-14,6.862843126151607e-14,-5.204170427930421e-14,0.30696531874721167,0.1732726696562104,0.019370129484849063
constant,prepared,0.01,0.001,0.882,0.20343048242475825,0.37655475068383376,5.4012350148013866e-14,7.171911926475775e-14,-5.459521723594207e-14,0.30716874922963644,0.17309954538795153,0.019331438905314535
constant,prepared,0.01,0.001,0.883,0.20322685619499772,0.37617868166197194,5.412337245047638e-14,7.193838339184101e-14,-5.140332604014475e-14,0.30737197608583144,0.172926593562484,0.019292825513190854
constant,prepared,0.01,0.001,0.884,0.20302343635329473,0.37580298565673925,5.084821452783217e-14,6.765275485899651e-14,-5.059841434729151e-14,0.30757499952218476,0.17275381401318093,0.019254289155493383
constant,prepared,0.01,0.001,0.885,0.2028202226657753,0.37542766232288277,5.037636974236648e-14,6.709197909214987e-14,-4.904410211281629e-14,0.3077778197448505,0.1725812065735237,0.01921582967953001
constant,prepared,0.01,0.001,0.886,0.20261721489910284,0.3750527113152291,5.026534743990396e-14,6.701104394583743e-14,-5.132005931329786e-14,0.30798043695974964,0.1724087710771078,0.019177446932901306
constant,prepared,0.01,0.001,0.887,0.20241441282041225,0.3746781322886888,5.4289905904170155e-14,7.244872495298971e-14,-5.312417172831374e-14,0.30818285137257007,0.1722365073576391,0.019139140763498513
constant,prepared,0.01,0.001,0.888,0.20221181619733888,0.37430392489825653,6.261657858885883e-14,8.364403152581696e-14,-6.289413434501512e-14,0.3083850631887674,0.17206441524893884,0.019100911019504768
constant,prepared,0.01,0.001,0.889,0.2020094247979899,0.37393008879900697,5.950795411990839e-14,7.957096246390869e-14,-5.984102102729594e-14,0.3085870726135654,0.17189249458493722,0.019062757549393804
constant,prepared,0.01,0.001,0.89,0.20180723839098205,0.37355662364611947,5.034861416675085e-14,6.739087327018473e-14,-5.076494780098528e-14,0.30878887985195635,0.17172074519968297,0.019024680201929656
constant,prepared,0.01,0.001,0.891,0.2016052567454186,0.3731835290948504,4.5324854980322016e-14,6.072729829509604e-14,-4.657385588302532e-14,0.30899048510870175,0.17154916692733296,0.018986678826166104
constant,prepared,0.01,0.001,0.892,0.2014034796308722,0.37281080480055945,5.090372567906343e-14,6.82701856056608e-14,-5.1431081615760377e-14,0.30919188858833263,0.17137775960216264,0.018948753271446635
constant,prepared,0.01,0.001,0.893,0.20120190681740552,0.3724384504186946,5.523359547510154e-14,7.415130662932887e-14,-5.5871973714261e-14,0.30939309049515,0.17120652305856177,0.018910903387403477
constant,prepared,0.01,0.001,0.894,0.20100053807552898,0.37206646560481177,5.2763349245310565e-14,7.090581135757221e-14,-5.1958437552457326e-14,0.30959409103322555,0.17103545713103296,0.01887312902395715
constant,prepared,0.01,0.001,0.895,0.20079937317624935,0.3716948500145621,4.1272540940440194e-14,5.551938766278434e-14,-4.318767565791859e-14,0.3097948904064018,0.17086456165419467,0.01883543003131686
constant,prepared,0.01,0.001,0.896,0.20059841189105773,0.37132360330369607,4.8905324234738146e-14,6.58527007165991e-14,-4.954370247389761e-14,0.30999548881829286,0.17069383646278116,0.018797806259978643
constant,prepared,0.01,0.001,0.897,0.20039765399187764,0.37095272512807587,4.8655524054197485e-14,6.558183935351249e-14,-4.959921362512887e-14,0.31019588647228474,0.17052328139164658,0.018760257560726572
constant,prepared,0.01,0.001,0.898,0.20019709925111057,0.3705822151436729,4.929390229335695e-14,6.650872637566089e-14,-4.948819132266635e-14,0.31039608357153586,0.17035289627575248,0.01872278378463078
constant,prepared,0.01,0.001,0.899,0.19999674744162454,0.37021207300656134,4.5102810375396984e-14,6.091482918034776e-14,-4.4020342926387457e-14,0.3105960803189775,0.17018268095018776,0.01868538478304763
constant,prepared,0.01,0.001,0.9,0.19979659833676094,0.3698422983729358,6.42264019745653e-14,8.682944359949347e-14,-6.200595592531499e-14,0.31079587691731425,0.1700126352501514,0.018648060407619828
constant,prepared,0.01,0.001,0.901,0.1995966517102732,0.3694728908990912,5.109801470837283e-14,6.914988347862978e-14,-5.23192600354605e-14,0.3109954735690245,0.1698427590109625,0.01861081051027515
constant,prepared,0.01,0.001,0.902,0.1993969073364009,0.3691038502414583,4.926614671774132e-14,6.673751396186924e-14,-5.059841434729151e-14,0.3111948704763609,0.16967305206805663,0.01857363494322609
constant,prepared,0.01,0.001,0.903,0.1991973649898431,0.36873517605656303,5.465072838717333e-14,7.410566164534572e-14,-5.4567461660326444e-14,0.31139406784135076,0.16950351425699092,0.018536533558969684
constant,prepared,0.01,0.001,0.904,0.1989980244457267,0.3683668680010736,6.181166689600559e-14,8.389960154589724e-14,-6.122879980807738e-14,0.3115930658657965,0.16933414541343525,0.01849950621028732
constant,prepared,0.01,0.001,0.905,0.19879888547961783,0.3679989257317612,5.498379529456088e-14,7.47064616903734e-14,-5.5067062021407764e-14,0.3117918647512761,0.169164945373183,0.01846255275024342
constant,prepared,0.01,0.001,0.906,0.1985999478675476,0.36763134890553784,5.3040905001466854e-14,7.213871335968656e-14,-5.33739719088544e-14,0.31199046469914365,0.16899591397214486,0.01842567303218598
constant,prepared,0.01,0.001,0.907,0.19840121138597946,0.367264137179426,4.9432680171435095e-14,6.72985396165724e-14,-4.8405723873656825e-14,0.31218886591052963,0.16882705104635132,0.018388866909744932
constant,prepared,0.01,0.001,0.908,0.19820267581180454,0.36689729021059553,4.543587728278453e-14,6.191906903523594e-14,-4.590772206825022e-14,0.31238706858634147,0.16865835643195282,0.01835213423683343
constant,prepared,0.01,0.001,0.909,0.19800434092237457,0.3665308076563246,4.829470157119431e-14,6.588082169681404e-14,-4.829470157119431e-14,0.31258507292726384,0.1684898299652185,0.018315474867645187
constant,prepared,0.01,0.001,0.91,0.19780620649545538,0.36616468917404316,5.997979890537408e-14,8.19027621705761e-14,-5.900835375882707e-14,0.3127828791337593,0.16832147148253956,0.018278888656656177
constant,prepared,0.01,0.001,0.911,0.19760827230921169,0.3657989344213029,5.10702591327572e-14,6.98064624129472e-14,-5.057065877167588e-14,0.3129804874060685,0.16815328082042838,0.018242375458622433
constant,prepared,0.01,0.001,0.912,0.19741053814231835,0.3654335430557935,5.2235993308613615e-14,7.147126242408816e-14,-5.215272658176673e-14,0.3131778979442108,0.16798525781551482,0.018205935128581062
constant,prepared,0.01,0.001,0.913,0.1972130037738003,0.36506851473534113,4.723998969780041e-14,6.470016968190793e-14,-4.821143484434742e-14,0.3133751109479846,0.16781740230455366,0.018169567521848277
constant,prepared,0.01,0.001,0.914,0.19701566898314285,0.3647038491179115,4.973799150320701e-14,6.818956205631238e-14,-4.776734563449736e-14,0.31357212661696776,0.16764971412441776,0.01813327249402069
constant,prepared,0.01,0.001,0.915,0.19681853355023787,0.3643395458616296,4.912736883966318e-14,6.741975911985911e-14,-5.054290319606025e-14,0.313768945150518,0.16748219311210608,0.018097049900972773
constant,prepared,0.01,0.001,0.916,0.19662159725541337,0.36397560462473294,6.09512440519211e-14,8.37298479313718e-14,-6.100675520315235e-14,0.31396556674777343,0.1673148391047369,0.01806089959885859
constant,prepared,0.01,0.001,0.917,0.19642485987937267,0.363612025065623,5.345723863570129e-14,7.350862313485045e-14,-5.384581669432009e-14,0.3141619916076528,0.16714765193955075,0.01802482144410966
constant,prepared,0.01,0.001,0.918,0.19622832120328793,0.3632488068428368,4.8905324234738146e-14,6.731656555157555e-14,-4.9460435747050724e-14,0.3143582199288561,0.16698063145391165,0.017988815293435337
constant,prepared,0.01,0.001,0.919,0.19603198100871533,0.36288594961508064,5.98965321785272e-14,8.252803979053961e-14,-5.875855357828641e-14,0.3145542519098648,0.1668137774853045,0.017952881003822096
constant,prepared,0.01,0.001,0.92,0.1958358390775935,0.3625234530411833,4.093947403305265e-14,5.6464586897222816e-14,-4.191091917959966e-14,0.3147500877489424,0.16664708987134116,0.01791701843253302
constant,prepared,0.01,0.001,0.921,0.1956398951923414,0.36216131678014696,5.839773109528323e-14,8.062392142605523e-14,-5.570544026056723e-14,0.31494572764413475,0.16648056844975379,0.01788122743710771
constant,prepared,0.01,0.001,0.922,0.1954441491356914,0.3617995404911138,4.704570066849101e-14,6.501625265281874e-14,-4.64628335805628e-14,0.31514117179327045,0.16631421305839744,0.017845507875361415
constant,prepared,0.01,0.001,0.923,0.19524860069086253,0.36143812383339,4.934941344458821e-14,6.826813524980164e-14,-4.96269692007445e-14,0.3153364203939613,0.1661480235352556,0.0178098596053846
constant,prepared,0.01,0.001,0.924,0.19505324964142062,0.36107706646643095,5.331846075762314e-14,7.38325217929289e-14,-5.3179682879545e-14,0.31553147364360273,0.16598199971842975,0.01777428248554279
constant,prepared,0.01,0.001,0.925,0.19485809577132973,0.36071636804986146,5.290212712338871e-14,7.332925784514472e-14,-5.076494780098528e-14,0.3157263317393741,0.1658161414461508,0.017738776374475664
constant,prepared,0.01,0.001,0.926,0.19466313886499062,0.3603560282434492,4.590772206825022e-14,6.369773011988158e-14,-4.5324854980322016e-14,0.3159209948782391,0.16565044855677208,0.01770334113109745
constant,prepared,0.01,0.001,0.927,0.1944683787071763,0.35999604670713614,5.134781488891349e-14,7.131719272834444e-14,-5.229150445984487e-14,0.3161154632569463,0.16548492088877276,0.017667976614595217
constant,prepared,0.01,0.001,0.928,0.194273815083025,0.35963642310102906,5.1458837191376006e-14,7.15428609088859e-14,-5.256906021600116e-14,0.3163097370720293,0.16531955828075556,0.01763268268442941
constant,prepared,0.01,0.001,0.929,0.19407944777811464,0.3592771570853837,5.981326545168031e-14,8.324111938664173e-14,-6.04793992664554e-14,0.3165038165198074,0.1651543605714476,0.01759745920033316
constant,prepared,0.01,0.001,0.93,0.1938852765783565,0.3589182483206418,5.076494780098528e-14,7.071937417296003e-14,-5.1458837191376006e-14,0.3166977017963858,0.16498932759970583,0.017562306022311555
constant,prepared,0.01,0.001,0.931,0.19369130127010067,0.35855969646740155,5.512257317263902e-14,7.686666085970185e-14,-5.2513549064769904e-14,0.3168913930976559,0.1648244592045081,0.017527223010641173
constant,prepared,0.01,0.001,0.932,0.1934975216400493,0.35820150118642896,5.6621374255882984e-14,7.903564623310923e-14,-5.664912983149861e-14,0.31708489061929596,0.16465975522496126,0.01749221002587044
constant,prepared,0.01,0.001,0.933,0.19330393747528726,0.35784366213866364,5.434541705540141e-14,7.593458094325359e-14,-5.3040905001466854e-14,0.31727819455677125,0.16449521550029805,0.017457266928817935
constant,prepared,0.01,0.001,0.934,0.1931105485632927,0.3574861789852247,5.3179682879545e-14,7.43800543988849e-14,-5.409561687486075e-14,0.31747130510533456,0.16433083986987632,0.01742239358057276
constant,prepared,0.01,0.001,0.935,0.19291735469191384,0.3571290513873896,6.161737786669619e-14,8.626766378612599e-14,-6.233902283270254e-14,0.31766422246002646,0.16416662817318128,0.01738758984249386
constant,prepared,0.01,0.001,0.936,0.19272435564936216,0.35677227900661757,5.295763827461997e-14,7.421770326729022e-14,-5.2707838094079307e-14,0.31785694681567583,0.16400258024982334,0.01735285557620981
constant,prepared,0.01,0.001,0.937,0.19253155122425572,0.3564158615045476,5.806466418789569e-14,8.145634139679006e-14,-5.934142066621462e-14,0.31804947836690006,0.16383869593954267,0.01731819064361745
constant,prepared,0.01,0.001,0.9380000000000001,0.19233894120553965,0.35605979854299646,4.8905324234738146e-14,6.867571744248622e-14,-5.007105841059456e-14,0.3182418173081056,0.16367497508220552,0.01728359490688292
constant,prepared,0.01,0.001,0.9390000000000001,0.19214652538257326,0.35570408978395146,4.321543123353422e-14,6.074632324269859e-14,-4.5879966492634594e-14,0.31843396383348815,0.163511417517804,0.017249068228439905
constant,prepared,0.01,0.001,0.9400000000000001,0.19195430354505968,0.3553487348895905,5.262457136723242e-14,7.404637501183079e-14,-5.1708637371916666e-14,0.3186259181370332,0.1633480230864599,0.017214610470989586
constant,prepared,0.01,0.001,0.9410000000000001,0.19176227548307018,0.35499373352226604,5.495603971894525e-14,7.74042391870757e-14,-5.4761750689635846e-14,0.3188176804125163,0.16318479162842045,0.017180221497500522
constant,prepared,0.01,0.001,0.9420000000000001,0.19157044098704054,0.3546390853445163,5.706546346573305e-14,8.045568836595078e-14,-5.56776846849516e-14,0.31900925085350335,0.1630217229840627,0.017145901171207806
constant,prepared,0.01,0.001,0.9430000000000001,0.19137879984776063,0.3542847900190613,4.543587728278453e-14,6.412338119332906e-14,-4.6657122609872204e-14,0.3192006296533511,0.16285881699389057,0.017111649355612702
constant,prepared,0.01,0.001,0.9440000000000001,0.19118735185641708,0.35393084720881124,4.693467836602849e-14,6.630487104495723e-14,-4.746203430272544e-14,0.3193918170052075,0.16269607349853893,0.017077465914482285
constant,prepared,0.01,0.001,0.9450000000000001,0.19099609680451612,0.35357725657686184,5.6565863104651726e-14,7.999081113458258e-14,-5.5261351050717167e-14,0.31958281310201203,0.1625334923387667,0.017043350711848766
constant,prepared,0.01,0.001,0.9460000000000001,0.19080503448391894,0.35322401778649704,4.7351012000262926e-14,6.702688607783268e-14,-4.7628567756419216e-14,0.31977361813649596,0.16237107335546372,0.017009303612009235
constant,prepared,0.01,0.001,0.9470000000000001,0.1906141646868871,0.35287113050118313,5.387357226993572e-14,7.633604397363839e-14,-5.4067861299245124e-14,0.31996423230118287,0.16220881638964915,0.016975324479525156
constant,prepared,0.01,0.001,0.9480000000000001,0.19042348720597718,0.35251859438458694,4.618527782440651e-14,6.550757684858003e-14,-4.593547764386585e-14,0.32015465578838886,0.16204672128247122,0.016941413179221956
constant,prepared,0.01,0.001,0.9490000000000001,0.1902330018341458,0.3521664091005648,5.595524044110789e-14,7.944431807680562e-14,-5.392908342116698e-14,0.320344888790223,0.16188478787520386,0.016907569576188563
constant,prepared,0.01,0.001,0.9500000000000001,0.1900427083646626,0.35181457431316415,5.490052856771399e-14,7.802480706617992e-14,-5.465072838717333e-14,0.32053493149858764,0.16172301600925504,0.016873793535776567
constant,prepared,0.01,0.001,0.9510000000000001,0.1898526065911739,0.3514630896866214,5.162537064506978e-14,7.344351677312295e-14,-5.0237591864288333e-14,0.3207247841051788,0.1615614055261608,0.016840084923600597
constant,prepared,0.01,0.001,0.9520000000000001,0.1896626963076479,0.3511119548853802,4.6379566853715914e-14,6.604669281177477e-14,-4.54081217071689e-14,0.32091444680148645,0.1613999562675822,0.016806443605536882
constant,prepared,0.01,0.001,0.9530000000000001,0.18947297730843668,0.350761169574076,6.061817714453355e-14,8.640947516815509e-14,-6.053491041768666e-14,0.3211039197787949,0.16123866807531675,0.01677286944772372
constant,prepared,0.01,0.001,0.9540000000000001,0.18928344938818253,0.3504107334175329,6.161737786669619e-14,8.792164735614763e-14,-6.150635556423367e-14,0.32129320322818306,0.1610775407912877,0.016739362316560126
constant,prepared,0.01,0.001,0.9550000000000001,0.189094112341891,0.350060646080787,5.0709436649754025e-14,7.242950216981492e-14,-5.109801470837283e-14,0.32148229734052497,0.16091657425754852,0.016705922078706224
constant,prepared,0.01,0.001,0.9560000000000001,0.1889049659649379,0.34971090722906334,5.309641615269811e-14,7.591472707186041e-14,-5.3540505362548174e-14,0.32167120230648993,0.16075576831628421,0.016672548601082225
constant,prepared,0.01,0.001,0.9570000000000001,0.18871601005299365,0.34936151652779635,5.1236792586450974e-14,7.332918790780817e-14,-5.112577028398846e-14,0.3218599183165429,0.16059512280980895,0.01663924175086817
constant,prepared,0.01,0.001,0.9580000000000001,0.1885272444020928,0.3490124736426205,5.3262949606391885e-14,7.630522349314035e-14,-5.334621633323877e-14,0.32204844556094503,0.1604346375805689,0.016606001395503514
constant,prepared,0.01,0.001,0.9590000000000001,0.1883386688085797,0.3486637782393686,4.7600812180803587e-14,6.826176843084757e-14,-4.835021272242557e-14,0.3222367842297536,0.16027431247113777,0.01657282740268636
constant,prepared,0.01,0.001,0.96,0.1881502830691642,0.348315429984089,5.5816462563029745e-14,8.012344237172461e-14,-5.6538107529036097e-14,0.3224249345128228,0.16011414732422305,0.016539719640373637
constant,prepared,0.01,0.001,0.961,0.1879620869808621,0.34796742854301865,6.103451077876798e-14,8.770147113240088e-14,-6.142308883738679e-14,0.32261289659980363,0.15995414198266086,0.016506677976779904
constant,prepared,0.01,0.001,0.962,0.18777408034101886,0.3476197735826177,6.175615574477433e-14,8.882716179850949e-14,-6.261657858885883e-14,0.3228006706801447,0.15979429628941977,0.016473702280377648
constant,prepared,0.01,0.001,0.963,0.18758626294732567,0.347272464769533,4.851674617611934e-14,6.985400672108288e-14,-4.860001290296623e-14,0.322988256943092,0.1596346100875967,0.016440792419896117
constant,prepared,0.01,0.001,0.964,0.1873986345978004,0.3469255017706491,5.564992910933597e-14,8.020443701213039e-14,-5.467848396278896e-14,0.32317565557768985,0.15947508322042395,0.016407948264321157
constant,prepared,0.01,0.001,0.965,0.18721119509076767,0.34657888425303623,5.997979890537408e-14,8.653123665430495e-14,-6.11455330812305e-14,0.3233628667727806,0.1593157155312616,0.01637516968289515
constant,prepared,0.01,0.001,0.966,0.1870239442248928,0.34623261188397425,5.881406472951767e-14,8.49343226357051e-14,-5.825895321720509e-14,0.32354989071700546,0.15915650686360222,0.016342456545116055
constant,prepared,0.01,0.001,0.967,0.18683688179914743,0.34588668433097186,5.756506382681437e-14,8.321376108790407e-14,-5.742628594873622e-14,0.3237367275988046,0.1589974570610706,0.016309808720736684
constant,prepared,0.01,0.001,0.968,0.18665000761284317,0.34554110126174037,5.56776846849516e-14,8.056593626871092e-14,-5.3984594572398237e-14,0.3239233776064175,0.158838565967422,0.016277226079765405
constant,prepared,0.01,0.001,0.969,0.18646332146560177,0.34519586234420024,5.4539706084710815e-14,7.899820367824123e-14,-5.6094018319186034e-14,0.3241098409278831,0.15867983342654204,0.016244708492464306
constant,prepared,0.01,0.001,0.97,0.18627682315735564,0.34485096724648745,4.268807529683727e-14,6.189351248987898e-14,-4.235500838944972e-14,0.32429611775104045,0.15852125928245359,0.01621225582934994
constant,prepared,0.01,0.001,0.971,0.1860905124883862,0.34450641563695816,5.6066262743570405e-14,8.137187030306081e-14,-5.551115123125783e-14,0.32448220826352886,0.1583628433793055,0.01617986796119171
constant,prepared,0.01,0.001,0.972,0.1859043892592343,0.34416220718418483,5.2485793489154275e-14,7.625153545848443e-14,-5.1736392947532295e-14,0.3246681126527881,0.15820458556137929,0.01614754475901261
constant,prepared,0.01,0.001,0.973,0.18571845327080808,0.3438183415569509,5.5011550870176507e-14,8.000089614337787e-14,-5.562217353372034e-14,0.3248538311060589,0.15804648567309382,0.016115286094088015
constant,prepared,0.01,0.001,0.974,0.18553270432429012,0.3434748184242591,5.612177389480166e-14,8.169707193130476e-14,-5.6538107529036097e-14,0.32503936381038323,0.1578885435589943,0.01608309183794519
constant,prepared,0.01,0.001,0.975,0.18534714222118812,0.34313163745533104,3.325117958752344e-14,4.8452512036070223e-14,-3.377853552422039e-14,0.3252247109526044,0.15773075906375994,0.016050961862363322
constant,prepared,0.01,0.001,0.976,0.1851617667633551,0.342788798319615,5.898059818321144e-14,8.6030521522779e-14,-5.959122084675528e-14,0.3254098727193678,0.15757313203220433,0.01601889603937283
constant,prepared,0.01,0.001,0.977,0.18497657775286017,0.34244630068676396,3.985700658404312e-14,5.819453517837539e-14,-3.960720640350246e-14,0.3255948492971206,0.15741566230926957,0.015986894241254688
constant,prepared,0.01,0.001,0.978,0.1847915749921906,0.3421041442266693,4.984901380566953e-14,7.285648924006784e-14,-5.029310301551959e-14,0.3257796408721128,0.15725834974003464,0.01595495634054041
constant,prepared,0.01,0.001,0.979,0.1846067582840652,0.34176232860943223,5.384581669432009e-14,7.877669975126359e-14,-5.598299601672352e-14,0.3259642476303969,0.15710119416970905,0.015923082210011288
constant,prepared,0.01,0.001,0.98,0.18442212743152103,0.34142085350537726,5.748179709996748e-14,8.41802668316763e-14,-5.598299601672352e-14,0.3261486697578284,0.1569441954436364,0.015891271722697966
constant,prepared,0.01,0.001,0.981,0.18423768223789172,0.34107971858506503,4.5324854980322016e-14,6.64431986286734e-14,-4.5047299224165727e-14,0.3263329074400663,0.15678735340728858,0.015859524751880044
constant,prepared,0.01,0.001,0.982,0.1840534225068583,0.34073892351926666,4.923839114212569e-14,7.2252372334765e-14,-4.901634653720066e-14,0.3265169608625732,0.15663066790627647,0.015827841171086023
constant,prepared,0.01,0.001,0.983,0.18386934804233943,0.3403984679789829,4.807265696626928e-14,7.061232862134094e-14,-4.576894419017208e-14,0.3267008302106155,0.1564741387863396,0.015796220854091953
constant,prepared,0.01,0.001,0.984,0.18368545864860547,0.3400583516354416,4.823919041996305e-14,7.092781310613758e-14,-4.959921362512887e-14,0.32688451566926413,0.1563177658933527,0.01576466367492187
constant,prepared,0.01,0.001,0.985,0.18350175413017414,0.3397185741600963,4.318767565791859e-14,6.356390103880978e-14,-4.196643033083092e-14,0.3270680174233943,0.15616154907332302,0.01573316950784684
constant,prepared,0.01,0.001,0.986,0.18331823429190702,0.3393791352246295,4.210520820890906e-14,6.203270006719432e-14,-4.321543123353422e-14,0.3272513356576862,0.15600548817239004,0.01570173822738478
constant,prepared,0.01,0.001,0.987,0.1831348989389285,0.33904003450095216,4.9432680171435095e-14,7.290094847381906e-14,-4.873879078104437e-14,0.32743447055662517,0.1558495830368273,0.01567036970829973
constant,prepared,0.01,0.001,0.988,0.18295174787666763,0.33870127166120023,5.517808432387028e-14,8.145538405161336e-14,-5.440092820663267e-14,0.32761742230450186,0.15569383351304317,0.015639063825601745
constant,prepared,0.01,0.001,0.989,0.18276878091084564,0.3383628463777418,5.0209836288672705e-14,7.419525640326313e-14,-5.1736392947532295e-14,0.3278001910854127,0.15553823944757578,0.015607820454546398
constant,prepared,0.01,0.001,0.99,0.18258599784746707,0.3380247583231749,4.313216450668733e-14,6.380030374202245e-14,-4.2521541843143495e-14,0.3279827770832602,0.15538280068710045,0.015576639470633761
constant,prepared,0.01,0.001,0.991,0.18240339849286163,0.33768700717033284,6.075695502261169e-14,8.996045706899198e-14,-6.034062138837726e-14,0.328165180481753,0.1552275170784224,0.015545520749608981
constant,prepared,0.01,0.001,0.992,0.1822209826535852,0.33734959259227876,5.109801470837283e-14,7.573451373650552e-14,-5.33739719088544e-14,0.3283474014644066,0.15507238846848428,0.01551446416746086
constant,prepared,0.01,0.001,0.993,0.18203875013652585,0.33701251426229406,4.138356324290271e-14,6.139766550433152e-14,-4.0967229608668276e-14,0.3285294402145431,0.1549174147043584,0.015483469600421991
constant,prepared,0.01,0.001,0.994,0.1818567007488747,0.3366757718539227,4.873879078104437e-14,7.238238515450362e-14,-5.104250355714157e-14,0.328711296915292,0.1547625956332533,0.01545253692496825
constant,prepared,0.01,0.001,0.995,0.1816748342980473,0.3363393650409143,4.5630166312093934e-14,6.783352032929616e-14,-4.4853010194856324e-14,0.32889297174959004,0.15460793110250995,0.015421666017818048
constant,prepared,0.01,0.001,0.996,0.1814931505917976,0.3360032934972643,3.824718319833664e-14,5.691489330393405e-14,-3.7664316110408436e-14,0.32907446490018183,0.15445342095960482,0.015390856755932388
constant,prepared,0.01,0.001,0.997,0.18131164943814504,0.3356675568972173,4.832245714680994e-14,7.197963603256866e-14,-4.854450175173497e-14,0.32925577654961996,0.15429906505214633,0.015360109016513844
constant,prepared,0.01,0.001,0.998,0.18113033064537537,0.3353321549152208,4.776734563449736e-14,7.122392668631878e-14,-4.835021272242557e-14,0.32943690688026533,0.15414486322787502,0.015329422677006448
constant,prepared,0.01,0.001,0.999,0.18094919402207207,0.3349970872259879,4.157785227221211e-14,6.20570355051494e-14,-4.193867475521529e-14,0.3296178560742874,0.1539908153346719,0.015298797615095486
constant,prepared,0.01,0.001,1.0,0.18076823937709818,0.3346623535044532,4.41591208044656e-14,6.597563236803551e-14,-4.27158308724529e-14,0.32979862431366447,0.15383692122054468,0.015268233708706325
